Time(s),BytesReceived
0.500560092,58
0.5015600920000001,116
0.502560092,58
0.5035600920000001,58
0.504560092,0
0.5055600920000001,58
0.506560092,58
0.5075600920000001,58
0.508560092,58
0.5095600920000001,58
0.510560092,58
0.5115600920000001,58
0.512560092,58
0.5135600920000001,58
0.514560092,58
0.5155600920000001,0
0.516560092,0
0.5175600920000001,0
0.518560092,0
0.5195600920000001,0
0.520560092,0
0.5215600920000001,0
0.522560092,0
0.5235600920000001,0
0.524560092,0
0.5255600920000001,0
0.526560092,0
0.5275600920000001,0
0.528560092,0
0.5295600920000001,0
0.530560092,0
0.5315600920000001,0
0.532560092,0
0.5335600920000001,0
0.534560092,0
0.5355600920000001,0
0.536560092,0
0.5375600920000001,0
0.538560092,0
0.5395600920000001,0
0.540560092,0
0.5415600920000001,0
0.542560092,0
0.5435600920000001,0
0.544560092,0
0.5455600920000001,0
0.546560092,0
0.5475600920000001,0
0.548560092,0
0.5495600920000001,0
0.550560092,0
0.5515600920000001,0
0.552560092,0
0.5535600920000001,0
0.554560092,0
0.5555600920000001,0
0.556560092,0
0.5575600920000001,0
0.558560092,0
0.5595600920000001,0
0.560560092,0
0.5615600920000001,0
0.562560092,0
0.5635600920000001,0
0.564560092,0
0.5655600920000001,0
0.566560092,0
0.5675600920000001,0
0.568560092,0
0.5695600920000001,0
0.570560092,0
0.5715600920000001,0
0.572560092,0
0.5735600920000001,0
0.574560092,0
0.5755600920000001,0
0.576560092,0
0.5775600920000001,0
0.578560092,0
0.5795600920000001,0
0.580560092,0
0.5815600920000001,0
0.582560092,0
0.5835600920000001,0
0.584560092,0
0.5855600920000001,0
0.586560092,0
0.5875600920000001,0
0.588560092,0
0.5895600920000001,0
0.590560092,0
0.5915600920000001,0
0.592560092,0
0.5935600920000002,0
0.594560092,0
0.5955600920000002,0
0.596560092,255452
0.5975600920000002,509178
0.598560092,323262
0.5995600920000002,0
0.600560092,0
0.6015600920000002,0
0.602560092,0
0.6035600920000002,0
0.604560092,0
0.6055600920000002,0
0.606560092,0
0.6075600920000002,0
0.608560092,0
0.6095600920000002,0
0.610560092,0
0.6115600920000002,0
0.6125600920000001,0
0.6135600920000002,0
0.6145600920000001,0
0.6155600920000002,0
0.6165600920000001,851600
0.6175600920000002,553540
0.6185600920000001,596120
0.6195600920000002,425800
0.6205600920000001,1027982
0.6215600920000002,36518
0.6225600920000001,0
0.6235600920000002,420462
0.6245600920000001,90498
0.6255600920000002,553540
0.6265600920000001,553540
0.6275600920000002,851600
0.6285600920000001,0
0.6295600920000002,0
0.6305600920000001,600788
0.6315600920000002,548872
0.6325600920000001,510960
0.6335600920000002,468380
0.6345600920000001,0
0.6355600920000002,0
0.6365600920000001,0
0.6375600920000002,245420
0.6385600920000001,222960
0.6395600920000002,468380
0.6405600920000001,468380
0.6415600920000002,510960
0.6425600920000001,468380
0.6435600920000002,630898
0.6445600920000001,518762
0.6455600920000002,0
0.6465600920000001,0
0.6475600920000002,54
0.6485600920000001,1107026
0.6495600920000002,425800
0.6505600920000001,0
0.6515600920000002,0
0.6525600920000001,524078
0.6535600920000002,412682
0.6545600920000001,0
0.6555600920000002,468434
0.6565600920000001,638646
0.6575600920000002,468380
0.6585600920000001,553540
0.6595600920000002,0
0.6605600920000001,0
0.6615600920000002,0
0.6625600920000001,0
0.6635600920000002,360166
0.6645600920000001,278534
0.6655600920000002,553540
0.6665600920000001,0
0.6675600920000002,54
0.6685600920000001,468326
0.6695600920000002,0
0.6705600920000001,973008
0.6715600920000002,474712
0.6725600920000001,551584
0.6735600920000002,385176
0.6745600920000001,508664
0.6755600920000002,44876
0.6765600920000001,0
0.6775600920000002,0
0.6785600920000001,0
0.6795600920000002,308898
0.6805600920000001,244642
0.6815600920000002,425800
0.6825600920000001,425800
0.6835600920000002,0
0.6845600920000001,0
0.6855600920000002,1021920
0.6865600920000001,392286
0.6875600920000002,33514
0.6885600920000001,0
0.6895600920000002,427356
0.6905600920000001,139410
0.6915600920000002,1136434
0.6925600920000001,248532
0.6935600920000002,305008
0.6945600920000001,425800
0.6955600920000002,468380
0.6965600920000001,468380
0.6975600920000002,501964
0.6985600920000001,945756
0.6995600920000002,0
0.7005600920000001,304284
0.7015600920000002,675056
0.7025600920000001,0
0.7035600920000002,553540
0.7045600920000001,596120
0.7055600920000002,848018
0.7065600920000001,684862
0.7075600920000003,1049010
0.7085600920000001,654190
0.7095600920000003,0
0.7105600920000001,0
0.7115600920000003,468380
0.7125600920000001,0
0.7135600920000003,468380
0.7145600920000001,468380
0.7155600920000003,1021920
0.7165600920000001,553540
0.7175600920000003,530632
0.7185600920000002,22908
0.7195600920000003,348350
0.7205600920000002,77450
0.7215600920000003,0
0.7225600920000002,0
0.7235600920000003,0
0.7245600920000002,320844
0.7255600920000003,658496
0.7265600920000002,638700
0.7275600920000003,1004458
0.7285600920000002,17462
0.7295600920000003,0
0.7305600920000002,0
0.7315600920000003,0
0.7325600920000002,553540
0.7335600920000003,0
0.7345600920000002,0
0.7355600920000003,0
0.7365600920000002,936760
0.7375600920000003,0
0.7385600920000002,557084
0.7395600920000003,890636
0.7405600920000002,425854
0.7415600920000003,425746
0.7425600920000002,450756
0.7435600920000003,574276
0.7445600920000002,82048
0.7455600920000003,425800
0.7465600920000002,0
0.7475600920000003,1064500
0.7485600920000002,0
0.7495600920000003,0
0.7505600920000002,553594
0.7515600920000003,894126
0.7525600920000002,1484854
0.7535600920000003,5446
0.7545600920000002,425800
0.7555600920000003,352964
0.7565600920000002,157996
0.7575600920000003,894180
0.7585600920000002,0
0.7595600920000003,0
0.7605600920000002,158358
0.7615600920000003,352602
0.7625600920000002,0
0.7635600920000003,0
0.7645600920000002,227396
0.7655600920000003,240984
0.7665600920000002,0
0.7675600920000003,894180
0.7685600920000002,132716
0.7695600920000003,761464
0.7705600920000002,0
0.7715600920000003,0
0.7725600920000002,468380
0.7735600920000003,234036
0.7745600920000002,362084
0.7755600920000003,0
0.7765600920000002,0
0.7775600920000003,1021920
0.7785600920000002,468380
0.7795600920000003,6602
0.7805600920000002,930158
0.7815600920000003,510960
0.7825600920000002,510960
0.7835600920000003,0
0.7845600920000002,270030
0.7855600920000003,966362
0.7865600920000002,892608
0.7875600920000003,936760
0.7885600920000002,504482
0.7895600920000003,354882
0.7905600920000002,119976
0.7915600920000003,425800
0.7925600920000002,638700
0.7935600920000003,738880
0.7945600920000002,708840
0.7955600920000003,468380
0.7965600920000002,425800
0.7975600920000003,553540
0.7985600920000002,425854
0.7995600920000003,1044542
0.8005600920000002,445704
0.8015600920000003,468380
0.8025600920000002,553540
0.8035600920000003,553540
0.8045600920000002,0
0.8055600920000003,0
0.8065600920000002,0
0.8075600920000003,0
0.8085600920000002,33746
0.8095600920000003,519794
0.8105600920000002,408808
0.8115600920000003,17046
0.8125600920000002,638646
0.8135600920000003,0
0.8145600920000002,252838
0.8155600920000003,641342
0.8165600920000002,1064500
0.8175600920000003,468380
0.8185600920000002,0
0.8195600920000004,0
0.8205600920000002,425800
0.8215600920000004,894180
0.8225600920000002,169034
0.8235600920000004,469666
0.8245600920000002,0
0.8255600920000004,930282
0.8265600920000002,6478
0.8275600920000004,468380
0.8285600920000002,425800
0.8295600920000004,0
0.8305600920000002,0
0.8315600920000004,510960
0.8325600920000003,0
0.8335600920000004,979340
0.8345600920000003,851600
0.8355600920000004,0
0.8365600920000003,553540
0.8375600920000004,510960
0.8385600920000003,596120
0.8395600920000004,442376
0.8405600920000003,153290
0.8415600920000004,383674
0.8425600920000003,474550
0.8435600920000004,547370
0.8445600920000003,468380
0.8455600920000004,979340
0.8465600920000003,58
0.8475600920000004,740518
0.8485600920000003,1109966
0.8495600920000004,518190
0.8505600920000003,986570
0.8515600920000004,519692
0.8525600920000003,1114310
0.8535600920000004,943990
0.8545600920000003,943990
0.8555600920000004,677942
0.8565600920000003,1108810
0.8575600920000004,813840
0.8585600920000003,893884
0.8595600920000004,547198
0.8605600920000003,518190
0.8615600920000004,945492
0.8625600920000003,957400
0.8635600920000004,717680
0.8645600920000003,518190
0.8655600920000004,663446
0.8665600920000003,842816
0.8675600920000004,518190
0.8685600920000003,411264
0.8695600920000004,635588
0.8705600920000003,510960
0.8715600920000004,640310
0.8725600920000003,424190
0.8735600920000004,0
0.8745600920000003,0
0.8755600920000004,596120
0.8765600920000003,0
0.8775600920000004,468380
0.8785600920000003,779072
0.8795600920000004,883104
0.8805600920000003,466824
0.8815600920000004,0
0.8825600920000003,0
0.8835600920000004,206314
0.8845600920000003,1215602
0.8855600920000004,749664
0.8865600920000003,596120
0.8875600920000004,0
0.8885600920000003,0
0.8895600920000004,468380
0.8905600920000003,0
0.8915600920000004,425800
0.8925600920000003,0
0.8935600920000004,468380
0.8945600920000003,0
0.8955600920000004,0
0.8965600920000003,0
0.8975600920000004,0
0.8985600920000003,425800
0.8995600920000004,580776
0.9005600920000003,57978
0.9015600920000004,387310
0.9025600920000003,424768
0.9035600920000004,82048
0.9045600920000003,506038
0.9055600920000004,47502
0.9065600920000003,425800
0.9075600920000004,468380
0.9085600920000003,0
0.9095600920000004,510960
0.9105600920000003,0
0.9115600920000004,979340
0.9125600920000003,305840
0.9135600920000004,205120
0.9145600920000003,0
0.9155600920000004,0
0.9165600920000003,556652
0.9175600920000004,82048
0.9185600920000003,0
0.9195600920000004,0
0.9205600920000003,553540
0.9215600920000004,553702
0.9225600920000003,894018
0.9235600920000004,0
0.9245600920000003,0
0.9255600920000004,6764
0.9265600920000003,1599660
0.9275600920000004,566712
0.9285600920000003,466824
0.9295600920000004,425800
0.9305600920000003,0
0.9315600920000005,468380
0.9325600920000003,0
0.9335600920000005,0
0.9345600920000003,268420
0.9355600920000005,1329770
0.9365600920000003,615970
0.9375600920000005,708154
0.9385600920000003,216244
0.9395600920000005,480742
0.9405600920000003,553540
0.9415600920000005,0
0.9425600920000003,468380
0.9435600920000005,468380
0.9445600920000004,0
0.9455600920000005,425800
0.9465600920000004,0
0.9475600920000005,6170
0.9485600920000004,589950
0.9495600920000005,553540
0.9505600920000004,553540
0.9515600920000005,425800
0.9525600920000004,0
0.9535600920000005,893710
0.9545600920000004,470
0.9555600920000005,0
0.9565600920000004,450032
0.9575600920000005,614468
0.9585600920000004,974364
0.9595600920000005,473356
0.9605600920000004,0
0.9615600920000005,638700
0.9625600920000004,99834
0.9635600920000005,1049826
0.9645600920000004,0
0.9655600920000005,0
0.9665600920000004,0
0.9675600920000005,166500
0.9685600920000004,1110900
0.9695600920000005,263260
0.9705600920000004,205120
0.9715600920000005,425800
0.9725600920000004,452890
0.9735600920000005,15490
0.9745600920000004,0
0.9755600920000005,468380
0.9765600920000004,65126
0.9775600920000005,412282
0.9785600920000004,374192
0.9795600920000005,0
0.9805600920000004,0
0.9815600920000005,583596
0.9825600920000004,991864
0.9835600920000005,0
0.9845600920000004,488084
0.9855600920000005,491256
0.9865600920000004,0
0.9875600920000005,468380
0.9885600920000004,0
0.9895600920000005,3760
0.9905600920000004,1080860
0.9915600920000005,448260
0.9925600920000004,0
0.9935600920000005,638700
0.9945600920000004,0
0.9955600920000005,137276
0.9965600920000004,756904
0.9975600920000005,468380
0.9985600920000004,425800
0.9995600920000005,77142
1.0005600920000004,348658
1.0015600920000005,425800
1.0025600920000004,0
1.0035600920000005,0
1.0045600920000004,638700
1.0055600920000005,0
1.0065600920000004,0
1.0075600920000005,0
1.0085600920000004,0
1.0095600920000005,369016
1.0105600920000004,610324
1.0115600920000005,702378
1.0125600920000004,404702
1.0135600920000005,0
1.0145600920000004,0
1.0155600920000005,1149660
1.0165600920000004,179656
1.0175600920000005,246144
1.0185600920000004,443986
1.0195600920000005,243880
1.0205600920000004,376634
1.0215600920000005,425800
1.0225600920000004,597676
1.0235600920000005,220680
1.0245600920000004,246144
1.0255600920000005,430468
1.0265600920000004,123072
1.0275600920000005,0
1.0285600920000004,468380
1.0295600920000005,425800
1.0305600920000004,596120
1.0315600920000005,97608
1.0325600920000004,328192
1.0335600920000005,0
1.0345600920000004,0
1.0355600920000005,430468
1.0365600920000004,123072
1.0375600920000005,512516
1.0385600920000004,41024
1.0395600920000005,0
1.0405600920000004,735406
1.0415600920000005,797474
1.0425600920000004,553540
1.0435600920000005,757828
1.0445600920000004,1243486
1.0455600920000006,527482
1.0465600920000004,26004
1.0475600920000006,596120
1.0485600920000004,0
1.0495600920000006,553540
1.0505600920000004,0
1.0515600920000006,1018230
1.0525600920000004,569408
1.0535600920000006,670658
1.0545600920000004,466824
1.0555600920000006,0
1.0565600920000005,512516
1.0575600920000006,41024
1.0585600920000005,0
1.0595600920000006,979340
1.0605600920000005,0
1.0615600920000006,0
1.0625600920000005,468380
1.0635600920000006,553540
1.0645600920000005,553540
1.0655600920000006,585190
1.0665600920000005,712330
1.0675600920000006,448260
1.0685600920000005,468380
1.0695600920000006,0
1.0705600920000005,0
1.0715600920000006,553540
1.0725600920000005,0
1.0735600920000006,425800
1.0745600920000005,510976
1.0755600920000006,383204
1.0765600920000005,432402
1.0775600920000006,461778
1.0785600920000005,553540
1.0795600920000006,0
1.0805600920000005,638700
1.0815600920000006,894180
1.0825600920000005,1004928
1.0835600920000006,16992
1.0845600920000005,553540
1.0855600920000006,0
1.0865600920000005,746228
1.0875600920000006,931476
1.0885600920000005,583704
1.0895600920000006,635588
1.0905600920000005,41024
1.0915600920000006,0
1.0925600920000005,0
1.0935600920000006,0
1.0945600920000005,0
1.0955600920000006,638700
1.0965600920000005,0
1.0975600920000006,0
1.0985600920000005,979340
1.0995600920000006,425800
1.1005600920000005,0
1.1015600920000006,1204418
1.1025600920000005,1009742
1.1035600920000006,0
1.1045600920000005,56584
1.1055600920000006,604176
1.1065600920000005,276000
1.1075600920000006,0
1.1085600920000005,446882
1.1095600920000006,21498
1.1105600920000005,425800
1.1115600920000006,54
1.1125600920000005,754478
1.1135600920000006,863508
1.1145600920000005,261850
1.1155600920000006,1056158
1.1165600920000005,1972
1.1175600920000006,467910
1.1185600920000005,470
1.1195600920000006,425800
1.1205600920000005,0
1.1215600920000006,1192240
1.1225600920000005,0
1.1235600920000006,468380
1.1245600920000005,0
1.1255600920000006,0
1.1265600920000005,0
1.1275600920000006,0
1.1285600920000005,936760
1.1295600920000006,596120
1.1305600920000005,510960
1.1315600920000006,39646
1.1325600920000005,854534
1.1335600920000006,468380
1.1345600920000005,0
1.1355600920000006,0
1.1365600920000005,596120
1.1375600920000006,510960
1.1385600920000005,468380
1.1395600920000006,425800
1.1405600920000005,0
1.1415600920000006,0
1.1425600920000005,0
1.1435600920000006,0
1.1445600920000005,0
1.1455600920000006,553540
1.1465600920000005,510960
1.1475600920000006,719808
1.1485600920000005,216952
1.1495600920000006,574780
1.1505600920000005,0
1.1515600920000006,0
1.1525600920000005,0
1.1535600920000006,468380
1.1545600920000005,0
1.1555600920000006,468380
1.1565600920000005,425800
1.1575600920000007,468380
1.1585600920000005,425800
1.1595600920000007,734936
1.1605600920000005,883104
1.1615600920000007,553540
1.1625600920000005,0
1.1635600920000007,510960
1.1645600920000005,425800
1.1655600920000007,0
1.1665600920000005,596120
1.1675600920000007,0
1.1685600920000005,0
1.1695600920000007,468380
1.1705600920000006,9606
1.1715600920000007,458774
1.1725600920000006,417242
1.1735600920000007,762566
1.1745600920000006,565972
1.1755600920000007,964142
1.1765600920000006,100358
1.1775600920000007,512100
1.1785600920000006,639116
1.1795600920000007,549072
1.1805600920000006,449324
1.1815600920000007,21968
1.1825600920000006,1258614
1.1835600920000007,529746
1.1845600920000006,468380
1.1855600920000007,0
1.1865600920000006,468380
1.1875600920000007,0
1.1885600920000006,0
1.1895600920000007,0
1.1905600920000006,553540
1.1915600920000007,0
1.1925600920000006,686310
1.1935600920000007,335610
1.1945600920000006,468380
1.1955600920000007,979340
1.1965600920000006,0
1.1975600920000007,0
1.1985600920000006,0
1.1995600920000007,0
1.2005600920000006,212284
1.2015600920000007,685008
1.2025600920000006,591382
1.2035600920000007,146482
1.2045600920000006,451264
1.2055600920000007,515628
1.2065600920000006,123072
1.2075600920000007,425800
1.2085600920000006,553540
1.2095600920000007,0
1.2105600920000006,428912
1.2115600920000007,82102
1.2125600920000006,430306
1.2135600920000007,38020
1.2145600920000006,553540
1.2155600920000007,0
1.2165600920000006,417820
1.2175600920000007,646680
1.2185600920000006,468380
1.2195600920000007,468380
1.2205600920000006,0
1.2215600920000007,0
1.2225600920000006,0
1.2235600920000007,113660
1.2245600920000006,312140
1.2255600920000007,0
1.2265600920000006,468380
1.2275600920000007,54
1.2285600920000006,1021866
1.2295600920000007,553540
1.2305600920000006,553540
1.2315600920000007,594
1.2325600920000006,1063906
1.2335600920000007,596120
1.2345600920000006,425800
1.2355600920000007,0
1.2365600920000006,0
1.2375600920000007,0
1.2385600920000006,0
1.2395600920000007,1064500
1.2405600920000006,432024
1.2415600920000007,164096
1.2425600920000006,553540
1.2435600920000007,0
1.2445600920000006,0
1.2455600920000007,0
1.2465600920000006,0
1.2475600920000007,182336
1.2485600920000006,286044
1.2495600920000007,936760
1.2505600920000006,638700
1.2515600920000007,553540
1.2525600920000006,425800
1.2535600920000007,468380
1.2545600920000006,425800
1.2555600920000007,0
1.2565600920000006,0
1.2575600920000007,0
1.2585600920000006,425800
1.2595600920000007,640094
1.2605600920000006,314182
1.2615600920000007,323124
1.2625600920000006,425800
1.2635600920000007,960630
1.2645600920000006,146450
1.2655600920000007,517022
1.2665600920000006,465430
1.2675600920000007,82048
1.2685600920000006,436460
1.2695600920000008,185772
1.2705600920000006,372722
1.2715600920000008,452766
1.2725600920000006,596120
1.2735600920000008,195870
1.2745600920000006,357670
1.2755600920000008,514072
1.2765600920000006,82048
1.2775600920000008,386332
1.2785600920000006,82048
1.2795600920000008,553540
1.2805600920000006,510960
1.2815600920000008,638700
1.2825600920000007,424602
1.2835600920000008,641142
1.2845600920000007,429620
1.2855600920000008,634880
1.2865600920000007,0
1.2875600920000008,0
1.2885600920000007,884428
1.2895600920000008,105750
1.2905600920000007,0
1.2915600920000008,0
1.2925600920000007,936760
1.2935600920000008,596120
1.2945600920000007,0
1.2955600920000008,425800
1.2965600920000007,596120
1.2975600920000008,54
1.2985600920000007,510906
1.2995600920000008,468488
1.3005600920000007,596012
1.3015600920000008,468380
1.3025600920000007,0
1.3035600920000008,416518
1.3045600920000007,94442
1.3055600920000008,553540
1.3065600920000007,0
1.3075600920000008,638700
1.3085600920000007,638700
1.3095600920000008,77250
1.3105600920000007,461340
1.3115600920000008,905440
1.3125600920000007,131430
1.3135600920000008,0
1.3145600920000007,108230
1.3155600920000008,872666
1.3165600920000007,41024
1.3175600920000008,162
1.3185600920000007,1032472
1.3195600920000008,60458
1.3205600920000007,13988
1.3215600920000008,306818
1.3225600920000007,588918
1.3235600920000008,41024
1.3245600920000007,555096
1.3255600920000008,41024
1.3265600920000007,468380
1.3275600920000008,15182
1.3285600920000007,580938
1.3295600920000008,0
1.3305600920000007,0
1.3315600920000008,0
1.3325600920000007,468380
1.3335600920000008,468380
1.3345600920000007,54
1.3355600920000008,510906
1.3365600920000007,468380
1.3375600920000008,553540
1.3385600920000007,0
1.3395600920000008,553540
1.3405600920000007,0
1.3415600920000008,304938
1.3425600920000007,163442
1.3435600920000008,468380
1.3445600920000007,425800
1.3455600920000008,0
1.3465600920000007,0
1.3475600920000008,511500
1.3485600920000007,851060
1.3495600920000008,54
1.3505600920000007,1192186
1.3515600920000008,0
1.3525600920000007,279366
1.3535600920000008,231594
1.3545600920000007,425800
1.3555600920000008,0
1.3565600920000007,384776
1.3575600920000008,41024
1.3585600920000007,0
1.3595600920000008,597784
1.3605600920000007,599016
1.3615600920000008,38020
1.3625600920000007,29078
1.3635600920000008,865102
1.3645600920000007,0
1.3655600920000008,510960
1.3665600920000007,520788
1.3675600920000008,258100
1.3685600920000007,328192
1.3695600920000008,512516
1.3705600920000007,41024
1.3715600920000008,596120
1.3725600920000007,0
1.3735600920000008,14058
1.3745600920000007,1297472
1.3755600920000008,1200690
1.3765600920000007,225240
1.3775600920000008,243140
1.3785600920000007,0
1.3795600920000008,427356
1.3805600920000007,504266
1.3815600920000009,175458
1.3825600920000007,0
1.3835600920000009,0
1.3845600920000007,0
1.3855600920000009,117134
1.3865600920000007,597660
1.3875600920000009,264546
1.3885600920000007,155408
1.3895600920000009,398132
1.3905600920000007,0
1.3915600920000009,0
1.3925600920000007,310438
1.3935600920000009,621400
1.3945600920000008,453560
1.3955600920000009,701022
1.3965600920000008,510960
1.3975600920000009,0
1.3985600920000008,596120
1.3995600920000009,391978
1.4005600920000008,715102
1.4015600920000009,0
1.4025600920000008,308536
1.4035600920000009,330164
1.4045600920000008,0
1.4055600920000009,138832
1.4065600920000008,797928
1.4075600920000009,1064500
1.4085600920000008,288940
1.4095600920000009,222020
1.4105600920000008,0
1.4115600920000009,468380
1.4125600920000008,0
1.4135600920000009,0
1.4145600920000008,510960
1.4155600920000009,0
1.4165600920000008,425800
1.4175600920000009,0
1.4185600920000008,468380
1.4195600920000009,0
1.4205600920000008,0
1.4215600920000009,638700
1.4225600920000008,701276
1.4235600920000009,278064
1.4245600920000008,0
1.425560092000001,638700
1.4265600920000008,0
1.427560092000001,47318
1.4285600920000008,548802
1.429560092000001,0
1.4305600920000008,668848
1.431560092000001,834278
1.4325600920000008,625874
1.433560092000001,0
1.4345600920000008,0
1.435560092000001,384506
1.4365600920000008,126454
1.437560092000001,0
1.4385600920000008,241854
1.439560092000001,226526
1.4405600920000008,468380
1.441560092000001,0
1.4425600920000008,425800
1.443560092000001,0
1.4445600920000008,484102
1.445560092000001,963618
1.4465600920000008,786852
1.447560092000001,235068
1.4485600920000008,425800
1.449560092000001,7618
1.4505600920000008,971722
1.451560092000001,0
1.4525600920000008,0
1.453560092000001,468380
1.4545600920000008,468380
1.455560092000001,0
1.4565600920000008,912096
1.457560092000001,663364
1.4585600920000008,979340
1.459560092000001,553540
1.4605600920000008,425800
1.461560092000001,1149660
1.4625600920000008,0
1.463560092000001,510960
1.4645600920000008,936760
1.465560092000001,468380
1.4665600920000008,553540
1.467560092000001,462934
1.4685600920000008,431246
1.469560092000001,0
1.4705600920000008,1021920
1.471560092000001,425800
1.4725600920000008,466408
1.473560092000001,1109052
1.4745600920000008,553540
1.475560092000001,468380
1.4765600920000008,598216
1.477560092000001,467948
1.4785600920000008,1105416
1.479560092000001,0
1.4805600920000008,596120
1.481560092000001,0
1.4825600920000008,0
1.483560092000001,0
1.4845600920000008,0
1.485560092000001,468380
1.4865600920000008,0
1.487560092000001,0
1.4885600920000008,425800
1.489560092000001,0
1.4905600920000008,510960
1.491560092000001,468380
1.4925600920000008,408338
1.493560092000001,17462
1.4945600920000008,0
1.495560092000001,553540
1.4965600920000008,510960
1.497560092000001,712768
1.4985600920000008,783216
1.499560092000001,36896
1.5005600920000008,95220
1.501560092000001,350160
1.5025600920000008,450356
1.503560092000001,41024
1.5045600920000008,0
1.505560092000001,384776
1.5065600920000009,41024
1.507560092000001,596120
1.5085600920000009,553540
1.509560092000001,0
1.5105600920000009,0
1.511560092000001,557084
1.5125600920000009,1386360
1.513560092000001,142976
1.5145600920000009,0
1.515560092000001,540
1.5165600920000009,425260
1.517560092000001,915608
1.5185600920000009,463220
1.519560092000001,154052
1.5205600920000009,430468
1.521560092000001,123072
1.5225600920000009,425800
1.523560092000001,425800
1.5245600920000009,0
1.525560092000001,553702
1.5265600920000009,553378
1.527560092000001,425800
1.5285600920000009,54
1.529560092000001,1021866
1.5305600920000009,553540
1.531560092000001,0
1.5325600920000009,468380
1.533560092000001,750534
1.5345600920000009,356546
1.535560092000001,108
1.5365600920000009,425692
1.537560092000001,510960
1.5385600920000009,936760
1.539560092000001,0
1.5405600920000009,0
1.541560092000001,553540
1.5425600920000009,425800
1.543560092000001,0
1.5445600920000009,1147418
1.545560092000001,87402
1.5465600920000009,0
1.547560092000001,0
1.5485600920000009,0
1.549560092000001,259732
1.550560092000001,166068
1.551560092000001,304230
1.552560092000001,121570
1.553560092000001,615700
1.554560092000001,23000
1.555560092000001,0
1.556560092000001,0
1.557560092000001,0
1.558560092000001,606218
1.559560092000001,289372
1.560560092000001,296650
1.561560092000001,0
1.562560092000001,0
1.563560092000001,384776
1.564560092000001,41024
1.565560092000001,0
1.566560092000001,468380
1.567560092000001,8104
1.568560092000001,1098976
1.569560092000001,0
1.570560092000001,0
1.571560092000001,553540
1.572560092000001,0
1.573560092000001,553540
1.574560092000001,9660
1.575560092000001,1395480
1.576560092000001,425800
1.577560092000001,171822
1.578560092000001,807518
1.579560092000001,21622
1.580560092000001,905656
1.581560092000001,9482
1.582560092000001,0
1.583560092000001,468380
1.584560092000001,0
1.585560092000001,468380
1.586560092000001,510960
1.587560092000001,1064500
1.588560092000001,510960
1.589560092000001,250088
1.590560092000001,346032
1.591560092000001,859310
1.592560092000001,545830
1.593560092000001,553540
1.594560092000001,0
1.595560092000001,0
1.596560092000001,510960
1.597560092000001,425800
1.598560092000001,510960
1.599560092000001,468380
1.600560092000001,468380
1.601560092000001,0
1.602560092000001,0
1.603560092000001,553540
1.604560092000001,425800
1.605560092000001,553540
1.606560092000001,553540
1.607560092000001,979340
1.608560092000001,468380
1.609560092000001,638700
1.610560092000001,468380
1.611560092000001,548580
1.612560092000001,388180
1.613560092000001,468380
1.614560092000001,979340
1.615560092000001,503704
1.616560092000001,645956
1.617560092000001,0
1.618560092000001,0
1.619560092000001,553540
1.620560092000001,0
1.621560092000001,0
1.622560092000001,512516
1.623560092000001,41024
1.624560092000001,596120
1.625560092000001,510960
1.626560092000001,0
1.627560092000001,0
1.628560092000001,1021920
1.629560092000001,0
1.630560092000001,812894
1.631560092000001,166446
1.632560092000001,426502
1.633560092000001,1021218
1.634560092000001,420824
1.635560092000001,515936
1.636560092000001,0
1.637560092000001,0
1.638560092000001,0
1.639560092000001,553540
1.640560092000001,979340
1.641560092000001,0
1.642560092000001,0
1.643560092000001,678800
1.644560092000001,928218
1.645560092000001,820042
1.646560092000001,281376
1.647560092000001,783232
1.648560092000001,510852
1.649560092000001,386332
1.650560092000001,82048
1.651560092000001,0
1.652560092000001,553540
1.653560092000001,297066
1.654560092000001,620006
1.655560092000001,559294
1.656560092000001,986580
1.657560092000001,473210
1.658560092000001,87024
1.659560092000001,0
1.660560092000001,0
1.661560092000001,468380
1.662560092000001,468380
1.663560092000001,828962
1.664560092000001,235538
1.665560092000001,507832
1.666560092000001,472810
1.667560092000001,211598
1.668560092000001,457396
1.669560092000001,10984
1.670560092000001,468380
1.671560092000001,0
1.672560092000001,0
1.673560092000001,596120
1.674560092000001,854064
1.6755600920000011,326230
1.676560092000001,437746
1.6775600920000011,597676
1.678560092000001,41024
1.6795600920000011,262844
1.680560092000001,248116
1.6815600920000011,268420
1.682560092000001,625760
1.6835600920000011,384776
1.684560092000001,509404
1.6855600920000011,553540
1.686560092000001,425800
1.6875600920000011,0
1.688560092000001,0
1.6895600920000011,468380
1.690560092000001,0
1.6915600920000011,0
1.692560092000001,510960
1.6935600920000011,468380
1.694560092000001,0
1.6955600920000011,322400
1.696560092000001,145980
1.6975600920000011,450448
1.698560092000001,131176
1.6995600920000011,866096
1.700560092000001,0
1.7015600920000011,596120
1.702560092000001,510960
1.7035600920000011,425800
1.704560092000001,0
1.7055600920000011,468380
1.706560092000001,510960
1.7075600920000011,0
1.708560092000001,361830
1.7095600920000011,391962
1.710560092000001,156964
1.7115600920000011,418852
1.712560092000001,60582
1.7135600920000011,440750
1.714560092000001,605710
1.7155600920000011,373630
1.716560092000001,233404
1.7175600920000011,234976
1.718560092000001,1064500
1.7195600920000012,442376
1.720560092000001,26004
1.7215600920000012,524532
1.722560092000001,497388
1.7235600920000012,425800
1.724560092000001,0
1.7255600920000012,638700
1.726560092000001,0
1.7275600920000012,0
1.728560092000001,468380
1.7295600920000012,551568
1.730560092000001,795032
1.7315600920000012,314020
1.732560092000001,162
1.7335600920000012,1277238
1.734560092000001,425854
1.7355600920000012,425746
1.736560092000001,468380
1.7375600920000012,802796
1.738560092000001,133964
1.7395600920000012,528022
1.740560092000001,408738
1.7415600920000012,596120
1.742560092000001,510960
1.7435600920000012,468380
1.744560092000001,425800
1.7455600920000012,638700
1.746560092000001,596120
1.7475600920000012,468380
1.748560092000001,0
1.7495600920000012,0
1.750560092000001,0
1.7515600920000012,425908
1.752560092000001,894072
1.7535600920000012,638700
1.754560092000001,510960
1.7555600920000012,0
1.756560092000001,1247522
1.7575600920000012,455678
1.758560092000001,553540
1.7595600920000012,0
1.760560092000001,638700
1.7615600920000012,0
1.762560092000001,0
1.7635600920000012,511014
1.764560092000001,510906
1.7655600920000012,425800
1.766560092000001,0
1.7675600920000012,851600
1.768560092000001,596120
1.7695600920000012,0
1.770560092000001,553540
1.7715600920000012,196178
1.772560092000001,229622
1.7735600920000012,0
1.774560092000001,344838
1.7755600920000012,373992
1.776560092000001,260510
1.7775600920000012,0
1.778560092000001,0
1.7795600920000012,468380
1.780560092000001,0
1.7815600920000012,0
1.782560092000001,0
1.7835600920000012,553540
1.784560092000001,425800
1.7855600920000012,635242
1.786560092000001,386678
1.7875600920000012,0
1.788560092000001,0
1.7895600920000012,0
1.790560092000001,0
1.7915600920000012,1424720
1.792560092000001,86196
1.7935600920000012,787096
1.794560092000001,745748
1.7955600920000012,988072
1.796560092000001,1381860
1.7975600920000012,548754
1.798560092000001,1115758
1.7995600920000012,518190
1.8005600920000011,518190
1.8015600920000012,865724
1.8025600920000011,768278
1.8035600920000012,1071730
1.8045600920000011,691514
1.8055600920000012,913080
1.8065600920000011,1073702
1.8075600920000012,971426
1.8085600920000011,945492
1.8095600920000012,518190
1.8105600920000011,1156890
1.8115600920000012,1412370
1.8125600920000011,610406
1.8135600920000012,1301474
1.8145600920000011,553594
1.8155600920000012,0
1.8165600920000011,596120
1.8175600920000012,1064500
1.8185600920000011,273396
1.8195600920000012,791104
1.8205600920000011,553540
1.8215600920000012,638700
1.8225600920000011,468380
1.8235600920000012,638700
1.8245600920000011,211344
1.8255600920000012,257036
1.8265600920000011,0
1.8275600920000012,0
1.8285600920000011,468380
1.8295600920000012,0
1.8305600920000011,425800
1.8315600920000012,468380
1.8325600920000011,510960
1.8335600920000013,298314
1.8345600920000011,553286
1.8355600920000013,775452
1.8365600920000011,289048
1.8375600920000013,425800
1.8385600920000011,425800
1.8395600920000013,425800
1.8405600920000011,0
1.8415600920000013,0
1.8425600920000011,553540
1.8435600920000013,468380
1.8445600920000012,1660620
1.8455600920000013,116826
1.8465600920000012,436714
1.8475600920000013,0
1.8485600920000012,54
1.8495600920000013,425746
1.8505600920000012,0
1.8515600920000013,54
1.8525600920000012,468326
1.8535600920000013,468380
1.8545600920000012,0
1.8555600920000013,510960
1.8565600920000012,638700
1.8575600920000013,437076
1.8585600920000012,1095804
1.8595600920000013,0
1.8605600920000012,377720
1.8615600920000013,773496
1.8625600920000012,214348
1.8635600920000013,933756
1.8645600920000012,125476
1.8655600920000013,513224
1.8665600920000012,0
1.8675600920000013,425800
1.8685600920000012,740782
1.8695600920000013,1090158
1.8705600920000012,596120
1.8715600920000013,1064500
1.8725600920000012,0
1.8735600920000013,425800
1.8745600920000012,468380
1.8755600920000013,0
1.8765600920000012,1021920
1.8775600920000013,0
1.8785600920000012,323340
1.8795600920000013,169666
1.8805600920000012,443754
1.8815600920000013,384776
1.8825600920000012,41024
1.8835600920000013,553540
1.8845600920000012,425800
1.8855600920000013,928872
1.8865600920000012,7888
1.8875600920000013,638700
1.8885600920000012,0
1.8895600920000013,468380
1.8905600920000012,0
1.8915600920000013,0
1.8925600920000012,0
1.8935600920000013,600626
1.8945600920000012,643968
1.8955600920000013,75386
1.8965600920000012,425800
1.8975600920000013,0
1.8985600920000012,562594
1.8995600920000013,967044
1.9005600920000012,518190
1.9015600920000013,986624
1.9025600920000012,1711878
1.9035600920000013,518190
1.9045600920000012,789068
1.9055600920000013,802354
1.9065600920000012,945546
1.9075600920000013,752696
1.9085600920000012,1111722
1.9095600920000013,1521038
1.9105600920000012,1071730
1.9115600920000013,551936
1.9125600920000012,1039486
1.9135600920000013,986570
1.9145600920000012,518190
1.9155600920000013,519692
1.9165600920000012,986570
1.9175600920000013,518190
1.9185600920000012,699348
1.9195600920000013,976810
1.9205600920000012,82048
1.9215600920000013,162
1.9225600920000012,457234
1.9235600920000013,10984
1.9245600920000012,615192
1.9255600920000013,364148
1.9265600920000012,510960
1.9275600920000013,510960
1.9285600920000012,638700
1.9295600920000013,0
1.9305600920000012,1021920
1.9315600920000013,1064500
1.9325600920000012,0
1.9335600920000013,270878
1.9345600920000012,754154
1.9355600920000013,262828
1.9365600920000012,798560
1.9375600920000013,0
1.9385600920000012,27738
1.9395600920000013,525802
1.9405600920000012,468380
1.9415600920000013,468380
1.9425600920000012,0
1.9435600920000013,596120
1.9445600920000012,0
1.9455600920000014,510960
1.9465600920000012,553540
1.9475600920000014,936760
1.9485600920000012,553540
1.9495600920000014,261018
1.9505600920000012,292522
1.9515600920000014,351262
1.9525600920000012,74538
1.9535600920000014,0
1.9545600920000012,0
1.9555600920000014,17062
1.9565600920000012,877118
1.9575600920000014,596120
1.9585600920000013,132878
1.9595600920000014,420662
1.9605600920000013,0
1.9615600920000014,425800
1.9625600920000013,553540
1.9635600920000014,0
1.9645600920000013,553540
1.9655600920000014,1064500
1.9665600920000013,638700
1.9675600920000014,0
1.9685600920000013,425800
1.9695600920000014,425800
1.9705600920000013,3112
1.9715600920000014,593008
1.9725600920000013,468380
1.9735600920000014,68184
1.9745600920000013,427826
1.9755600920000014,1292134
1.9765600920000013,596336
1.9775600920000014,468380
1.9785600920000013,385954
1.9795600920000014,82426
1.9805600920000013,638700
1.9815600920000014,553540
1.9825600920000013,425800
1.9835600920000014,0
1.9845600920000013,851600
1.9855600920000014,510960
1.9865600920000013,0
1.9875600920000014,0
1.9885600920000013,510960
1.9895600920000014,553540
1.9905600920000013,510960
1.9915600920000014,979340
1.9925600920000013,394512
1.9935600920000014,627408
1.9945600920000013,468380
1.9955600920000014,425800
1.9965600920000013,455624
1.9975600920000014,531496
1.9985600920000013,716080
1.9995600920000014,0
2.0005600920000015,543312
2.0015600920000014,1159888
2.0025600920000013,0
2.0035600920000016,578728
2.004560092000001,443192
2.0055600920000014,90714
2.0065600920000013,377666
2.007560092000001,425800
2.0085600920000015,638700
2.0095600920000014,404356
2.0105600920000013,64024
2.0115600920000016,468380
2.012560092000001,638700
2.0135600920000014,553540
2.0145600920000013,0
2.015560092000001,468380
2.0165600920000015,468380
2.0175600920000014,553540
2.0185600920000013,0
2.0195600920000016,0
2.020560092000001,221966
2.0215600920000014,331574
2.0225600920000013,638700
2.023560092000001,0
2.0245600920000015,104702
2.0255600920000014,363678
2.0265600920000013,638700
2.0275600920000016,468380
2.028560092000001,638700
2.0295600920000014,553540
2.0305600920000013,389444
2.031560092000001,632476
2.0325600920000015,74354
2.0335600920000014,1075306
2.0345600920000013,588140
2.0355600920000017,476360
2.036560092000001,0
2.0375600920000014,553540
2.0385600920000013,176274
2.039560092000001,249526
2.0405600920000015,438410
2.0415600920000014,1206450
2.0425600920000013,328316
2.0435600920000017,879684
2.044560092000001,468380
2.0455600920000014,0
2.0465600920000013,0
2.047560092000001,0
2.0485600920000016,425800
2.0495600920000014,0
2.0505600920000013,553540
2.0515600920000017,0
2.052560092000001,1107080
2.0535600920000014,0
2.0545600920000013,553540
2.0555600920000012,0
2.0565600920000016,596120
2.0575600920000015,45654
2.0585600920000013,982436
2.0595600920000017,1058330
2.060560092000001,0
2.0615600920000015,468380
2.0625600920000013,468380
2.0635600920000012,553540
2.0645600920000016,0
2.0655600920000015,510960
2.0665600920000013,0
2.0675600920000017,468380
2.068560092000001,425800
2.0695600920000015,0
2.0705600920000014,741722
2.0715600920000012,1197432
2.0725600920000016,743386
2.0735600920000015,553540
2.0745600920000014,936760
2.0755600920000017,425800
2.076560092000001,468380
2.0775600920000015,0
2.0785600920000014,485102
2.0795600920000012,68438
2.0805600920000016,102276
2.0815600920000015,451264
2.0825600920000014,577156
2.0835600920000017,444764
2.084560092000001,553540
2.0855600920000015,0
2.0865600920000014,0
2.0875600920000013,510960
2.0885600920000016,0
2.0895600920000015,468380
2.0905600920000014,553540
2.0915600920000017,936760
2.092560092000001,0
2.0935600920000015,425800
2.0945600920000014,0
2.0955600920000013,596120
2.0965600920000016,468380
2.0975600920000015,0
2.0985600920000014,425800
2.0995600920000017,0
2.100560092000001,0
2.1015600920000015,0
2.1025600920000014,1064500
2.1035600920000013,468380
2.1045600920000016,0
2.1055600920000015,468380
2.1065600920000014,468380
2.1075600920000017,425800
2.108560092000001,837196
2.1095600920000015,355044
2.1105600920000014,597676
2.1115600920000013,41024
2.1125600920000016,444910
2.1135600920000015,378914
2.1145600920000014,369448
2.1155600920000017,297028
2.116560092000001,0
2.1175600920000015,425800
2.1185600920000014,510960
2.1195600920000013,183276
2.1205600920000016,285104
2.1215600920000015,0
2.1225600920000014,0
2.1235600920000017,0
2.124560092000001,554188
2.1255600920000015,1080498
2.1265600920000014,451734
2.1275600920000013,428950
2.1285600920000016,39430
2.1295600920000015,209372
2.1305600920000014,1366088
2.1315600920000017,596120
2.132560092000001,1277400
2.1335600920000015,310508
2.1345600920000014,328192
2.1355600920000013,54
2.1365600920000016,553486
2.1375600920000015,936760
2.1385600920000014,478094
2.1395600920000017,543826
2.140560092000001,1011174
2.1415600920000015,53326
2.1425600920000014,468380
2.1435600920000013,323486
2.1445600920000016,613436
2.1455600920000015,595958
2.1465600920000014,376888
2.1475600920000018,48912
2.148560092000001,678276
2.1495600920000015,854604
2.1505600920000014,0
2.1515600920000013,0
2.1525600920000016,113622
2.1535600920000015,1004350
2.1545600920000014,471384
2.1555600920000018,1054078
2.156560092000001,49944
2.1575600920000015,320806
2.1585600920000014,147574
2.1595600920000013,515628
2.1605600920000017,123072
2.1615600920000015,510960
2.1625600920000014,0
2.1635600920000018,0
2.164560092000001,30580
2.1655600920000015,406328
2.1665600920000014,457272
2.1675600920000013,425800
2.1685600920000017,298676
2.1695600920000015,907136
2.1705600920000014,47842
2.1715600920000018,619866
2.172560092000001,0
2.1735600920000016,425800
2.1745600920000014,596120
2.1755600920000013,596120
2.1765600920000017,936760
2.1775600920000016,468380
2.1785600920000014,468434
2.179560092000002,425746
2.1805600920000012,719300
2.1815600920000016,260040
2.1825600920000015,0
2.1835600920000013,468380
2.1845600920000017,54
2.1855600920000016,1064446
2.1865600920000015,0
2.187560092000002,511068
2.1885600920000012,1290340
2.1895600920000016,459838
2.1905600920000015,293554
2.1915600920000013,425800
2.1925600920000017,554784
2.1935600920000016,0
2.1945600920000015,181212
2.195560092000002,287168
2.1965600920000012,594
2.1975600920000016,431268
2.1985600920000015,427356
2.1995600920000014,597244
2.2005600920000017,468974
2.2015600920000016,246144
2.2025600920000015,468380
2.203560092000002,553702
2.2045600920000012,638538
2.2055600920000016,0
2.2065600920000015,0
2.2075600920000014,638700
2.2085600920000017,0
2.2095600920000016,553540
2.2105600920000015,425800
2.211560092000002,106400
2.2125600920000013,553540
2.2135600920000016,596120
2.2145600920000015,553540
2.2155600920000014,596120
2.2165600920000017,0
2.2175600920000016,0
2.2185600920000015,0
2.219560092000002,468380
2.2205600920000013,0
2.2215600920000016,638700
2.2225600920000015,0
2.2235600920000014,0
2.2245600920000017,468380
2.2255600920000016,468380
2.2265600920000015,587578
2.227560092000002,668524
2.2285600920000013,653520
2.2295600920000016,560018
2.2305600920000015,0
2.2315600920000014,0
2.2325600920000017,0
2.2335600920000016,0
2.2345600920000015,510960
2.235560092000002,0
2.2365600920000013,0
2.2375600920000016,218800
2.2385600920000015,803120
2.2395600920000014,0
2.2405600920000017,0
2.2415600920000016,0
2.2425600920000015,894180
2.243560092000002,553540
2.2445600920000013,756
2.2455600920000016,595364
2.2465600920000015,510960
2.2475600920000014,911788
2.2485600920000017,24972
2.2495600920000016,0
2.2505600920000015,638700
2.251560092000002,425800
2.2525600920000013,510960
2.2535600920000016,425800
2.2545600920000015,0
2.2555600920000014,540
2.2565600920000017,1362020
2.2575600920000016,576772
2.2585600920000015,530308
2.259560092000002,0
2.2605600920000013,425800
2.2615600920000016,425800
2.2625600920000015,0
2.2635600920000014,324680
2.2645600920000017,314020
2.2655600920000016,280868
2.2665600920000015,257830
2.267560092000002,1377402
2.2685600920000013,510960
2.2695600920000016,0
2.2705600920000015,553540
2.2715600920000014,553540
2.2725600920000018,0
2.2735600920000016,0
2.2745600920000015,477462
2.275560092000002,970258
2.2765600920000013,468380
2.2775600920000016,468380
2.2785600920000015,980896
2.2795600920000014,637144
2.2805600920000018,0
2.2815600920000016,267874
2.2825600920000015,285828
2.283560092000002,384614
2.2845600920000013,594564
2.2855600920000017,0
2.2865600920000015,378082
2.2875600920000014,658912
2.2885600920000018,412282
2.2895600920000017,41024
2.2905600920000015,0
2.291560092000002,851600
2.2925600920000013,825434
2.2935600920000017,1175826
2.2945600920000015,0
2.2955600920000014,553540
2.2965600920000018,468380
2.2975600920000017,460184
2.2985600920000016,135936
2.299560092000002,433364
2.3005600920000013,419792
2.3015600920000017,169504
2.3025600920000016,510220
2.3035600920000014,0
2.304560092000002,468380
2.3055600920000017,472140
2.3065600920000016,935480
2.307560092000002,849120
2.3085600920000013,425800
2.3095600920000017,0
2.3105600920000016,0
2.3115600920000015,0
2.312560092000002,0
2.3135600920000017,0
2.3145600920000016,497226
2.315560092000002,780174
2.3165600920000013,596282
2.3175600920000017,557846
2.3185600920000016,336172
2.3195600920000015,979340
2.320560092000002,468380
2.3215600920000017,553594
2.3225600920000016,468326
2.323560092000002,468380
2.3245600920000014,208248
2.3255600920000017,260132
2.3265600920000016,416318
2.3275600920000015,9482
2.328560092000002,469936
2.3295600920000017,702848
2.3305600920000016,445256
2.331560092000002,638700
2.3325600920000014,0
2.3335600920000017,953682
2.3345600920000016,1155970
2.3355600920000015,1041268
2.336560092000002,851600
2.3375600920000017,510960
2.3385600920000016,468380
2.339560092000002,468380
2.3405600920000014,0
2.3415600920000017,0
2.3425600920000016,553540
2.3435600920000015,468380
2.344560092000002,1149660
2.3455600920000017,510960
2.3465600920000016,553540
2.347560092000002,162
2.3485600920000014,1422894
2.3495600920000017,194984
2.3505600920000016,253870
2.3515600920000015,682890
2.352560092000002,0
2.3535600920000017,571764
2.3545600920000016,84160
2.355560092000002,515850
2.3565600920000014,20466
2.3575600920000017,177830
2.3585600920000016,290550
2.3595600920000015,596120
2.360560092000002,427356
2.3615600920000017,41024
2.3625600920000016,425800
2.363560092000002,795956
2.3645600920000014,225964
2.3655600920000017,0
2.3665600920000016,979394
2.3675600920000015,851546
2.368560092000002,425800
2.3695600920000017,212484
2.3705600920000016,937176
2.371560092000002,553540
2.3725600920000014,0
2.3735600920000017,425800
2.3745600920000016,425800
2.3755600920000015,0
2.376560092000002,2204
2.3775600920000017,551336
2.3785600920000016,425800
2.379560092000002,553540
2.3805600920000014,596120
2.3815600920000017,0
2.3825600920000016,468380
2.3835600920000015,0
2.384560092000002,0
2.3855600920000017,553540
2.3865600920000016,468380
2.387560092000002,0
2.3885600920000014,54
2.3895600920000017,979286
2.3905600920000016,203688
2.3915600920000015,693604
2.392560092000002,82048
2.3935600920000017,1064500
2.3945600920000016,468380
2.395560092000002,0
2.3965600920000014,1447720
2.3975600920000018,1149660
2.3985600920000016,553594
2.3995600920000015,469882
2.400560092000002,466824
2.4015600920000018,596120
2.4025600920000016,553540
2.403560092000002,0
2.4045600920000014,54
2.4055600920000018,510906
2.4065600920000016,14112
2.4075600920000015,540422
2.408560092000002,893186
2.4095600920000018,468380
2.4105600920000017,0
2.411560092000002,0
2.4125600920000014,358610
2.4135600920000018,998288
2.4145600920000017,133402
2.4155600920000015,553540
2.416560092000002,472000
2.4175600920000018,38960
2.4185600920000017,172508
2.419560092000002,466192
2.4205600920000014,638700
2.4215600920000018,0
2.4225600920000017,0
2.4235600920000016,0
2.424560092000002,0
2.4255600920000018,0
2.4265600920000017,23070
2.427560092000002,402730
2.4285600920000014,510960
2.429560092000002,510960
2.4305600920000017,0
2.4315600920000016,425800
2.432560092000002,638700
2.433560092000002,510960
2.4345600920000017,562660
2.435560092000002,459260
2.4365600920000015,0
2.437560092000002,0
2.4385600920000017,553540
2.4395600920000016,0
2.440560092000002,553540
2.441560092000002,485496
2.4425600920000017,456364
2.443560092000002,1059400
2.4445600920000015,0
2.445560092000002,0
2.4465600920000017,0
2.4475600920000016,77412
2.448560092000002,561288
2.449560092000002,0
2.4505600920000017,0
2.451560092000002,425800
2.4525600920000015,468380
2.453560092000002,425800
2.4545600920000017,0
2.4555600920000016,0
2.456560092000002,619352
2.457560092000002,530308
2.4585600920000017,510960
2.459560092000002,468380
2.4605600920000015,0
2.461560092000002,894180
2.4625600920000017,0
2.4635600920000016,0
2.464560092000002,553540
2.465560092000002,0
2.4665600920000017,1021920
2.467560092000002,0
2.4685600920000015,425800
2.469560092000002,510960
2.4705600920000017,0
2.4715600920000016,0
2.472560092000002,0
2.473560092000002,468380
2.4745600920000017,1191424
2.475560092000002,894996
2.4765600920000015,638700
2.477560092000002,915910
2.4785600920000017,531810
2.4795600920000016,425800
2.480560092000002,0
2.481560092000002,510960
2.4825600920000017,468380
2.483560092000002,510960
2.4845600920000015,382858
2.485560092000002,553902
2.4865600920000017,296396
2.4875600920000016,725524
2.488560092000002,979340
2.489560092000002,468380
2.4905600920000017,553540
2.491560092000002,0
2.4925600920000015,0
2.493560092000002,0
2.4945600920000017,553540
2.4955600920000016,936760
2.496560092000002,468380
2.497560092000002,564594
2.4985600920000017,840546
2.499560092000002,0
2.5005600920000015,0
2.501560092000002,638700
2.5025600920000017,301026
2.5035600920000016,337674
2.504560092000002,849304
2.505560092000002,44876
2.5065600920000017,11054
2.507560092000002,414746
2.5085600920000015,468380
2.509560092000002,553540
2.5105600920000017,553540
2.5115600920000016,592608
2.512560092000002,344152
2.513560092000002,0
2.5145600920000017,929920
2.515560092000002,602960
2.5165600920000015,383728
2.517560092000002,254972
2.5185600920000017,317856
2.5195600920000016,193104
2.520560092000002,425800
2.521560092000002,455894
2.5225600920000018,608606
2.523560092000002,0
2.5245600920000015,13626
2.525560092000002,454754
2.5265600920000018,936760
2.5275600920000016,468380
2.528560092000002,638700
2.529560092000002,0
2.5305600920000018,425800
2.531560092000002,638700
2.5325600920000015,0
2.533560092000002,0
2.5345600920000018,638700
2.5355600920000017,596120
2.536560092000002,126708
2.537560092000002,767472
2.5385600920000018,523678
2.539560092000002,1094362
2.5405600920000015,738880
2.541560092000002,283040
2.5425600920000018,687412
2.5435600920000017,462248
2.544560092000002,425800
2.545560092000002,553540
2.5465600920000018,0
2.547560092000002,553540
2.5485600920000016,558802
2.549560092000002,1059238
2.5505600920000018,553540
2.5515600920000017,425800
2.552560092000002,553540
2.553560092000002,0
2.554560092000002,493498
2.555560092000002,613582
2.5565600920000016,510960
2.557560092000002,553540
2.558560092000002,468380
2.5595600920000017,0
2.560560092000002,0
2.561560092000002,0
2.562560092000002,0
2.563560092000002,531572
2.5645600920000016,21968
2.565560092000002,124698
2.566560092000002,314674
2.5675600920000017,502056
2.568560092000002,123072
2.569560092000002,638700
2.570560092000002,510960
2.571560092000002,425800
2.5725600920000016,0
2.573560092000002,969858
2.574560092000002,563022
2.5755600920000017,0
2.576560092000002,0
2.577560092000002,0
2.578560092000002,510960
2.579560092000002,1192240
2.5805600920000016,1021920
2.581560092000002,0
2.582560092000002,164312
2.5835600920000017,772448
2.584560092000002,0
2.585560092000002,1021920
2.586560092000002,0
2.587560092000002,0
2.5885600920000016,0
2.589560092000002,143230
2.590560092000002,282570
2.5915600920000017,0
2.592560092000002,553540
2.593560092000002,468380
2.594560092000002,510960
2.595560092000002,0
2.5965600920000016,0
2.597560092000002,936760
2.598560092000002,42596
2.5995600920000017,851584
2.600560092000002,553540
2.601560092000002,462934
2.602560092000002,601566
2.603560092000002,1021920
2.6045600920000016,468380
2.605560092000002,0
2.606560092000002,186788
2.6075600920000017,239012
2.608560092000002,0
2.609560092000002,638700
2.610560092000002,361398
2.611560092000002,532782
2.6125600920000016,0
2.613560092000002,553540
2.614560092000002,0
2.6155600920000017,435012
2.616560092000002,75948
2.617560092000002,1192294
2.618560092000002,1107026
2.619560092000002,427044
2.6205600920000016,608298
2.621560092000002,1137482
2.622560092000002,425800
2.6235600920000017,1606116
2.624560092000002,11924
2.625560092000002,0
2.626560092000002,0
2.627560092000002,739884
2.6285600920000016,1023088
2.629560092000002,261680
2.630560092000002,714972
2.6315600920000017,477268
2.632560092000002,0
2.633560092000002,553540
2.634560092000002,510960
2.635560092000002,468380
2.6365600920000016,0
2.637560092000002,553540
2.638560092000002,468380
2.6395600920000017,596120
2.640560092000002,1107080
2.641560092000002,0
2.642560092000002,638700
2.643560092000002,425854
2.6445600920000016,425746
2.645560092000002,510960
2.646560092000002,0
2.6475600920000018,468380
2.648560092000002,1107080
2.649560092000002,702520
2.650560092000002,0
2.651560092000002,553540
2.6525600920000016,0
2.653560092000002,510960
2.654560092000002,510960
2.6555600920000018,553540
2.656560092000002,510960
2.657560092000002,0
2.658560092000002,0
2.659560092000002,0
2.6605600920000017,596120
2.661560092000002,468380
2.662560092000002,510960
2.6635600920000018,596120
2.664560092000002,0
2.665560092000002,0
2.666560092000002,81918
2.667560092000002,556782
2.6685600920000017,0
2.669560092000002,596120
2.670560092000002,594
2.6715600920000018,468488
2.672560092000002,965050
2.673560092000002,183908
2.674560092000002,572720
2.675560092000002,718036
2.6765600920000017,405496
2.677560092000002,815968
2.678560092000002,468380
2.679560092000002,468380
2.680560092000002,991972
2.681560092000002,29948
2.682560092000002,0
2.6835600920000022,0
2.6845600920000017,0
2.685560092000002,553540
2.686560092000002,607320
2.687560092000002,457180
2.688560092000002,553540
2.689560092000002,23070
2.690560092000002,402730
2.6915600920000022,0
2.6925600920000017,0
2.693560092000002,0
2.694560092000002,1021920
2.695560092000002,0
2.696560092000002,0
2.697560092000002,0
2.698560092000002,1021920
2.6995600920000022,660360
2.7005600920000017,404140
2.701560092000002,638700
2.702560092000002,0
2.703560092000002,1021920
2.704560092000002,1021920
2.705560092000002,1192240
2.706560092000002,8266
2.7075600920000022,587854
2.7085600920000017,559726
2.709560092000002,504774
2.710560092000002,425800
2.711560092000002,0
2.712560092000002,553540
2.713560092000002,425800
2.714560092000002,239882
2.7155600920000023,696878
2.7165600920000017,0
2.717560092000002,0
2.718560092000002,0
2.719560092000002,0
2.720560092000002,596120
2.721560092000002,0
2.722560092000002,550066
2.7235600920000023,218346
2.7245600920000017,1303226
2.725560092000002,238574
2.726560092000002,287168
2.727560092000002,430468
2.728560092000002,123072
2.729560092000002,979340
2.730560092000002,0
2.7315600920000023,510960
2.7325600920000017,553540
2.733560092000002,639240
2.734560092000002,425260
2.735560092000002,0
2.736560092000002,0
2.737560092000002,487052
2.738560092000002,492288
2.7395600920000023,510960
2.7405600920000017,0
2.741560092000002,510960
2.742560092000002,0
2.743560092000002,0
2.744560092000002,415216
2.745560092000002,626500
2.746560092000002,193104
2.7475600920000023,217352
2.7485600920000017,251028
2.749560092000002,0
2.750560092000002,0
2.751560092000002,933286
2.752560092000002,429274
2.753560092000002,0
2.754560092000002,468380
2.7555600920000023,0
2.7565600920000017,234906
2.757560092000002,829594
2.758560092000002,0
2.759560092000002,405588
2.760560092000002,701492
2.761560092000002,452620
2.762560092000002,100920
2.7635600920000023,479072
2.7645600920000017,968648
2.765560092000002,0
2.766560092000002,510960
2.767560092000002,0
2.768560092000002,0
2.769560092000002,468380
2.770560092000002,0
2.7715600920000023,894180
2.7725600920000018,510960
2.773560092000002,425800
2.774560092000002,0
2.775560092000002,338922
2.776560092000002,597838
2.777560092000002,0
2.778560092000002,0
2.7795600920000023,596120
2.7805600920000018,0
2.781560092000002,370534
2.782560092000002,225586
2.783560092000002,0
2.784560092000002,553540
2.785560092000002,553540
2.786560092000002,553540
2.7875600920000023,425800
2.7885600920000018,510960
2.789560092000002,145202
2.790560092000002,280598
2.791560092000002,596120
2.792560092000002,224932
2.793560092000002,349690
2.794560092000002,489878
2.7955600920000023,0
2.7965600920000018,425800
2.797560092000002,0
2.798560092000002,468380
2.799560092000002,0
2.800560092000002,468380
2.801560092000002,1065132
2.802560092000002,425168
2.8035600920000023,1149660
2.804560092000002,638700
2.805560092000002,425800
2.806560092000002,0
2.807560092000002,0
2.8085600920000022,510960
2.809560092000002,12178
2.810560092000002,1199188
2.8115600920000023,406674
2.812560092000002,425800
2.813560092000002,0
2.814560092000002,468380
2.815560092000002,0
2.8165600920000022,0
2.817560092000002,638700
2.818560092000002,468380
2.8195600920000023,0
2.820560092000002,553540
2.821560092000002,425800
2.822560092000002,468380
2.823560092000002,806470
2.8245600920000022,215450
2.825560092000002,936760
2.826560092000002,425800
2.8275600920000024,0
2.828560092000002,468380
2.829560092000002,596120
2.830560092000002,181212
2.831560092000002,287168
2.8325600920000022,44152
2.833560092000002,424228
2.834560092000002,0
2.8355600920000024,0
2.836560092000002,141890
2.837560092000002,837450
2.838560092000002,0
2.839560092000002,7672
2.8405600920000023,545868
2.841560092000002,425800
2.842560092000002,0
2.8435600920000024,0
2.844560092000002,468380
2.845560092000002,0
2.846560092000002,596120
2.847560092000002,641774
2.8485600920000023,1061426
2.849560092000002,596120
2.850560092000002,1322622
2.8515600920000024,848488
2.852560092000002,470
2.853560092000002,553540
2.854560092000002,0
2.855560092000002,137492
2.8565600920000023,501208
2.857560092000002,468380
2.858560092000002,0
2.8595600920000024,596120
2.860560092000002,0
2.861560092000002,0
2.862560092000002,0
2.863560092000002,0
2.8645600920000023,0
2.865560092000002,0
2.866560092000002,0
2.8675600920000024,0
2.868560092000002,553540
2.869560092000002,638700
2.870560092000002,0
2.871560092000002,0
2.8725600920000023,510960
2.873560092000002,304884
2.874560092000002,589296
2.8755600920000024,425800
2.876560092000002,0
2.877560092000002,0
2.878560092000002,851600
2.879560092000002,681858
2.8805600920000023,382642
2.881560092000002,468380
2.882560092000002,1064500
2.8835600920000024,0
2.884560092000002,611356
2.885560092000002,453144
2.886560092000002,468380
2.887560092000002,0
2.8885600920000023,895412
2.889560092000002,83928
2.890560092000002,425800
2.8915600920000024,341510
2.892560092000002,169450
2.893560092000002,468380
2.894560092000002,425800
2.895560092000002,0
2.8965600920000023,638700
2.897560092000002,842372
2.898560092000002,605402
2.8995600920000024,1184746
2.900560092000002,859040
2.901560092000002,554784
2.902560092000002,162
2.903560092000002,1064338
2.9045600920000023,0
2.905560092000002,0
2.906560092000002,0
2.9075600920000024,553540
2.908560092000002,176274
2.909560092000002,675326
2.910560092000002,468380
2.911560092000002,0
2.9125600920000023,1149660
2.913560092000002,596120
2.914560092000002,553540
2.9155600920000024,425800
2.916560092000002,0
2.917560092000002,956686
2.918560092000002,150394
2.919560092000002,512516
2.9205600920000023,637144
2.921560092000002,0
2.922560092000002,425800
2.9235600920000024,0
2.924560092000002,516174
2.925560092000002,590906
2.926560092000002,1021920
2.927560092000002,0
2.9285600920000023,0
2.9295600920000022,0
2.930560092000002,0
2.9315600920000024,222998
2.932560092000002,884082
2.9335600920000022,0
2.934560092000002,15560
2.935560092000002,414800
2.9365600920000023,421240
2.9375600920000022,0
2.938560092000002,638700
2.9395600920000025,632222
2.940560092000002,6478
2.9415600920000022,553540
2.942560092000002,218800
2.943560092000002,632800
2.9445600920000023,0
2.9455600920000022,388812
2.946560092000002,36988
2.9475600920000025,0
2.948560092000002,468450
2.9495600920000022,1063090
2.950560092000002,895520
2.951560092000002,425800
2.9525600920000024,0
2.9535600920000022,553540
2.954560092000002,83620
2.9555600920000025,342180
2.956560092000002,1192240
2.9575600920000022,596120
2.958560092000002,0
2.959560092000002,596120
2.9605600920000024,0
2.9615600920000023,1064500
2.962560092000002,894180
2.9635600920000025,0
2.964560092000002,468380
2.9655600920000023,327014
2.966560092000002,865226
2.967560092000002,468380
2.9685600920000024,553540
2.9695600920000023,8104
2.970560092000002,1013816
2.9715600920000025,553540
2.972560092000002,425800
2.9735600920000023,596282
2.974560092000002,1064338
2.975560092000002,468688
2.9765600920000024,291706
2.9775600920000023,338706
2.978560092000002,1112618
2.9795600920000025,330904
2.980560092000002,182498
2.9815600920000023,0
2.982560092000002,425800
2.983560092000002,979340
2.9845600920000024,425800
2.9855600920000023,0
2.986560092000002,638700
2.9875600920000025,638700
2.988560092000002,0
2.9895600920000023,0
2.990560092000002,510960
2.991560092000002,468380
2.9925600920000024,425800
2.9935600920000023,638700
2.994560092000002,425800
2.9955600920000025,861206
2.996560092000002,1097474
2.9975600920000023,553540
2.998560092000002,7618
2.999560092000002,625182
3.0005600920000024,814920
3.0015600920000023,553540
3.002560092000002,468380
3.0035600920000025,17062
3.004560092000002,408738
3.0055600920000023,979340
3.006560092000002,278934
3.007560092000002,615246
3.0085600920000024,1098630
3.0095600920000023,1267356
3.010560092000002,487468
3.0115600920000025,467786
3.012560092000002,320066
3.0135600920000023,701854
3.014560092000002,0
3.015560092000002,425800
3.0165600920000024,0
3.0175600920000023,0
3.018560092000002,401228
3.0195600920000025,194892
3.020560092000002,0
3.0215600920000023,366552
3.022560092000002,783108
3.023560092000002,231340
3.0245600920000024,237040
3.0255600920000023,0
3.026560092000002,0
3.0275600920000025,0
3.028560092000002,1024654
3.0295600920000023,82426
3.030560092000002,638700
3.031560092000002,510960
3.0325600920000024,0
3.0335600920000023,582618
3.034560092000002,1035422
3.0355600920000025,553540
3.036560092000002,0
3.0375600920000023,468380
3.038560092000002,425800
3.039560092000002,0
3.0405600920000024,979340
3.0415600920000023,0
3.042560092000002,0
3.0435600920000025,196016
3.044560092000002,400104
3.0455600920000023,0
3.046560092000002,425800
3.047560092000002,553540
3.0485600920000024,939024
3.0495600920000023,824618
3.050560092000002,152458
3.0515600920000026,0
3.052560092000002,0
3.0535600920000023,468380
3.0545600920000022,0
3.055560092000002,0
3.0565600920000024,979340
3.0575600920000023,0
3.0585600920000022,0
3.0595600920000026,0
3.060560092000002,784572
3.0615600920000023,790888
3.0625600920000022,894180
3.063560092000002,0
3.0645600920000025,0
3.0655600920000023,0
3.0665600920000022,218492
3.0675600920000026,335048
3.068560092000002,0
3.0695600920000023,0
3.0705600920000022,0
3.071560092000002,395344
3.0725600920000025,73036
3.0735600920000024,561790
3.0745600920000022,502710
3.0755600920000026,0
3.076560092000002,638700
3.0775600920000024,0
3.0785600920000022,596120
3.079560092000002,0
3.0805600920000025,555204
3.0815600920000024,551876
3.0825600920000022,1007932
3.0835600920000026,633270
3.084560092000002,871018
3.0855600920000024,0
3.0865600920000023,425800
3.087560092000002,638700
3.0885600920000025,0
3.0895600920000024,0
3.0905600920000023,0
3.0915600920000026,140750
3.092560092000002,755332
3.0935600920000024,168418
3.0945600920000023,0
3.095560092000002,0
3.0965600920000025,515628
3.0975600920000024,123072
3.0985600920000023,0
3.0995600920000026,1021920
3.100560092000002,494114
3.1015600920000024,59426
3.1025600920000023,596120
3.103560092000002,0
3.1045600920000025,0
3.1055600920000024,0
3.1065600920000023,699320
3.1075600920000026,365180
3.108560092000002,0
3.1095600920000024,596120
3.1105600920000023,1064500
3.111560092000002,0
3.1125600920000025,468380
3.1135600920000024,0
3.1145600920000023,1021920
3.1155600920000026,468380
3.116560092000002,0
3.1175600920000024,1021920
3.1185600920000023,468380
3.119560092000002,54666
3.1205600920000025,839514
3.1215600920000024,0
3.1225600920000023,510960
3.1235600920000026,1149660
3.124560092000002,0
3.1255600920000024,0
3.1265600920000023,427918
3.127560092000002,378352
3.1285600920000025,641450
3.1295600920000024,468380
3.1305600920000023,553702
3.1315600920000026,553378
3.132560092000002,510960
3.1335600920000024,425800
3.1345600920000023,1514224
3.135560092000002,188976
3.1365600920000025,425800
3.1375600920000024,329078
3.1385600920000023,863162
3.1395600920000026,468488
3.140560092000002,1532772
3.1415600920000024,440874
3.1425600920000023,540022
3.143560092000002,41024
3.1445600920000025,0
3.1455600920000024,468380
3.1465600920000023,87818
3.1475600920000026,1019262
3.148560092000002,979340
3.1495600920000024,425800
3.1505600920000023,425800
3.151560092000002,0
3.1525600920000025,0
3.1535600920000024,0
3.1545600920000023,1064500
3.1555600920000026,0
3.156560092000002,0
3.1575600920000024,0
3.1585600920000023,468380
3.159560092000002,0
3.1605600920000025,0
3.1615600920000024,0
3.1625600920000023,0
3.1635600920000027,0
3.164560092000002,0
3.1655600920000024,0
3.1665600920000023,887486
3.167560092000002,134434
3.1685600920000025,530124
3.1695600920000024,66050
3.1705600920000023,596066
3.1715600920000027,510960
3.172560092000002,638700
3.1735600920000024,468380
3.1745600920000023,111742
3.175560092000002,867598
3.1765600920000026,638700
3.1775600920000024,0
3.1785600920000023,0
3.1795600920000027,553540
3.180560092000002,1107080
3.1815600920000024,0
3.1825600920000023,0
3.1835600920000022,405334
3.1845600920000026,445942
3.1855600920000025,42904
3.1865600920000023,0
3.1875600920000027,936760
3.188560092000002,429474
3.1895600920000025,81486
3.1905600920000023,0
3.1915600920000022,72690
3.1925600920000026,1034390
3.1935600920000025,0
3.1945600920000023,468380
3.1955600920000027,425800
3.196560092000002,526126
3.1975600920000025,323718
3.1985600920000024,172076
3.1995600920000022,393842
3.2005600920000026,500338
3.2015600920000025,427356
3.2025600920000024,41078
3.2035600920000027,1107026
3.204560092000002,0
3.2055600920000025,894180
3.2065600920000024,510960
3.2075600920000022,0
3.2085600920000026,804968
3.2095600920000025,296120
3.2105600920000024,389212
3.2115600920000027,0
3.212560092000002,462658
3.2135600920000025,1240542
3.2145600920000024,638700
3.2155600920000023,0
3.2165600920000026,0
3.2175600920000025,0
3.2185600920000024,0
3.2195600920000027,0
3.220560092000002,0
3.2215600920000025,468380
3.2225600920000024,425800
3.2235600920000023,35248
3.2245600920000026,539914
3.2255600920000025,446758
3.2265600920000024,425800
3.2275600920000027,0
3.228560092000002,30580
3.2295600920000025,395220
3.2305600920000024,468380
3.2315600920000023,1004998
3.2325600920000026,442722
3.2335600920000025,1028598
3.2345600920000024,546862
3.2355600920000027,0
3.236560092000002,468380
3.2375600920000025,0
3.2385600920000024,0
3.2395600920000023,0
3.2405600920000026,512570
3.2415600920000025,551930
3.2425600920000024,596120
3.2435600920000027,553540
3.244560092000002,0
3.2455600920000025,456040
3.2465600920000024,469736
3.2475600920000023,436784
3.2485600920000026,0
3.2495600920000025,0
3.2505600920000024,425800
3.2515600920000027,0
3.252560092000002,105896
3.2535600920000025,958604
3.2545600920000024,638700
3.2555600920000023,425800
3.2565600920000026,105680
3.2575600920000025,916240
3.2585600920000024,0
3.2595600920000027,421094
3.260560092000002,643406
3.2615600920000025,468380
3.2625600920000024,0
3.2635600920000023,553540
3.2645600920000026,468434
3.2655600920000025,979286
3.2665600920000024,0
3.2675600920000027,0
3.268560092000002,468380
3.2695600920000025,26344
3.2705600920000024,1251056
3.2715600920000023,0
3.2725600920000026,0
3.2735600920000025,638700
3.2745600920000024,500030
3.2755600920000028,53510
3.276560092000002,6170
3.2775600920000025,419630
3.2785600920000024,468380
3.2795600920000023,0
3.2805600920000026,0
3.2815600920000025,0
3.2825600920000024,638700
3.2835600920000028,468380
3.284560092000002,0
3.2855600920000025,1064500
3.2865600920000024,0
3.2875600920000023,305262
3.2885600920000027,120592
3.2895600920000025,585784
3.2905600920000024,563822
3.2915600920000028,0
3.292560092000002,702
3.2935600920000025,552838
3.2945600920000024,853156
3.2955600920000023,41024
3.2965600920000027,145202
3.2975600920000026,280598
3.2985600920000024,596120
3.2995600920000028,468380
3.300560092000002,553540
3.3015600920000026,936760
3.3025600920000024,120862
3.3035600920000023,432678
3.3045600920000027,0
3.3055600920000026,0
3.3065600920000024,0
3.307560092000003,0
3.3085600920000022,673300
3.3095600920000026,731840
3.3105600920000025,425800
3.3115600920000023,801056
3.3125600920000027,859564
3.3135600920000026,425800
3.3145600920000025,553540
3.315560092000003,638700
3.3165600920000022,425800
3.3175600920000026,0
3.3185600920000025,0
3.3195600920000023,681280
3.3205600920000027,723860
3.3215600920000026,553540
3.3225600920000025,0
3.323560092000003,0
3.3245600920000022,330380
3.3255600920000026,364472
3.3265600920000025,327068
3.3275600920000024,0
3.3285600920000027,646788
3.3295600920000026,375132
3.3305600920000025,380724
3.331560092000003,501240
3.3325600920000022,225116
3.3335600920000026,0
3.3345600920000025,360274
3.3355600920000024,65526
3.3365600920000027,468380
3.3375600920000026,468380
3.3385600920000025,367876
3.339560092000003,526304
3.3405600920000023,633724
3.3415600920000026,4976
3.3425600920000025,0
3.3435600920000024,77412
3.3445600920000027,561288
3.3455600920000026,54
3.3465600920000025,1088710
3.347560092000003,588918
3.3485600920000023,408738
3.3495600920000026,1149660
3.3505600920000025,894180
3.3515600920000024,596120
3.3525600920000027,638700
3.3535600920000026,638700
3.3545600920000025,0
3.355560092000003,425800
3.3565600920000023,468380
3.3575600920000026,0
3.3585600920000025,0
3.3595600920000024,18726
3.3605600920000027,534814
3.3615600920000026,308520
3.3625600920000025,245020
3.363560092000003,638700
3.3645600920000023,0
3.3655600920000026,0
3.3665600920000025,0
3.3675600920000024,596120
3.3685600920000027,317424
3.3695600920000026,150956
3.3705600920000025,141728
3.371560092000003,299794
3.3725600920000023,537818
3.3735600920000026,0
3.3745600920000025,0
3.3755600920000024,0
3.3765600920000027,468380
3.3775600920000026,553540
3.3785600920000025,0
3.379560092000003,0
3.3805600920000023,0
3.3815600920000026,0
3.3825600920000025,222236
3.3835600920000024,246144
3.3845600920000027,0
3.3855600920000026,512516
3.3865600920000025,594564
3.387560092000003,0
3.3885600920000023,554784
3.3895600920000026,0
3.3905600920000025,0
3.3915600920000024,410926
3.3925600920000027,57454
3.3935600920000026,0
3.3945600920000025,425800
3.395560092000003,596120
3.3965600920000023,0
3.3975600920000026,0
3.3985600920000025,425800
3.3995600920000024,264492
3.4005600920000028,1310968
3.4015600920000026,468380
3.4025600920000025,553540
3.403560092000003,0
3.4045600920000023,231248
3.4055600920000026,237132
3.4065600920000025,468380
3.4075600920000024,468380
3.4085600920000028,0
3.4095600920000027,108
3.4105600920000025,936652
3.411560092000003,288886
3.4125600920000023,174518
3.4135600920000027,473356
3.4145600920000025,468380
3.4155600920000024,425800
3.4165600920000028,1149660
3.4175600920000027,425800
3.4185600920000025,0
3.419560092000003,0
3.4205600920000023,468380
3.4215600920000027,979340
3.4225600920000026,638700
3.4235600920000024,553540
3.4245600920000028,0
3.4255600920000027,0
3.4265600920000026,171930
3.427560092000003,807410
3.4285600920000023,0
3.4295600920000027,0
3.4305600920000026,468380
3.4315600920000024,638700
3.432560092000003,468380
3.4335600920000027,0
3.4345600920000026,553540
3.435560092000003,0
3.4365600920000023,468380
3.4375600920000027,0
3.4385600920000026,510960
3.4395600920000025,596120
3.440560092000003,423358
3.4415600920000027,470822
3.4425600920000026,638700
3.443560092000003,0
3.4445600920000023,468380
3.4455600920000027,147844
3.4465600920000026,363116
3.4475600920000025,425476
3.448560092000003,42904
3.4495600920000027,0
3.4505600920000026,468380
3.451560092000003,553540
3.4525600920000024,0
3.4535600920000027,468380
3.4545600920000026,698310
3.4555600920000025,664250
3.456560092000003,0
3.4575600920000027,553540
3.4585600920000026,468434
3.459560092000003,787360
3.4605600920000024,234506
3.4615600920000027,553540
3.4625600920000026,425800
3.4635600920000025,0
3.464560092000003,0
3.4655600920000027,0
3.4665600920000026,425330
3.467560092000003,531210
3.4685600920000024,107960
3.4695600920000027,0
3.4705600920000026,0
3.4715600920000025,0
3.472560092000003,992912
3.4735600920000027,695446
3.4745600920000026,826758
3.475560092000003,210004
3.4765600920000024,258900
3.4775600920000027,1110592
3.4785600920000026,205968
3.4795600920000025,555096
3.480560092000003,344314
3.4815600920000027,122510
3.4825600920000026,553540
3.483560092000003,553540
3.4845600920000024,979340
3.4855600920000027,553540
3.4865600920000026,0
3.4875600920000025,553540
3.488560092000003,468380
3.4895600920000027,63624
3.4905600920000026,362176
3.491560092000003,0
3.4925600920000024,425800
3.4935600920000027,1021920
3.4945600920000026,428912
3.4955600920000025,82048
3.496560092000003,0
3.4975600920000027,515520
3.4985600920000026,506400
3.499560092000003,332752
3.5005600920000024,379162
3.5015600920000027,437746
3.5025600920000026,0
3.5035600920000025,0
3.504560092000003,597676
3.5055600920000027,41024
3.5065600920000026,0
3.507560092000003,425800
3.5085600920000024,0
3.5095600920000027,510960
3.5105600920000026,596120
3.5115600920000025,468380
3.512560092000003,510960
3.5135600920000027,979340
3.5145600920000026,1149660
3.515560092000003,589696
3.5165600920000024,460492
3.5175600920000027,610432
3.5185600920000026,468380
3.5195600920000025,1021920
3.520560092000003,638700
3.5215600920000028,510960
3.5225600920000026,553540
3.523560092000003,468380
3.5245600920000024,740166
3.5255600920000028,579814
3.5265600920000026,933016
3.5275600920000025,88904
3.528560092000003,766964
3.5295600920000028,340116
3.5305600920000026,894180
3.531560092000003,0
3.5325600920000024,1149806
3.5335600920000028,1149514
3.5345600920000027,425800
3.5355600920000025,3652
3.536560092000003,507308
3.5375600920000028,1046476
3.5385600920000027,707484
3.539560092000003,785242
3.5405600920000024,228498
3.5415600920000028,0
3.5425600920000027,0
3.5435600920000025,596120
3.544560092000003,468380
3.5455600920000028,473048
3.5465600920000027,463712
3.547560092000003,596120
3.5485600920000024,596120
3.5495600920000028,295980
3.5505600920000027,214980
3.5515600920000026,128210
3.552560092000003,851130
3.553560092000003,341456
3.5545600920000027,126924
3.555560092000003,722974
3.5565600920000024,809906
3.557560092000003,0
3.5585600920000027,207308
3.5595600920000026,430522
3.560560092000003,426670
3.561560092000003,1149660
3.5625600920000027,0
3.563560092000003,494222
3.5645600920000025,148184
3.565560092000003,549834
3.5665600920000027,468380
3.5675600920000026,646912
3.568560092000003,545328
3.569560092000003,425800
3.5705600920000027,468380
3.571560092000003,5208
3.5725600920000025,548332
3.573560092000003,44368
3.5745600920000027,594332
3.5755600920000026,53110
3.576560092000003,841070
3.577560092000003,0
3.5785600920000027,0
3.579560092000003,739804
3.5805600920000025,1261456
3.581560092000003,332930
3.5825600920000027,220610
3.5835600920000026,427356
3.584560092000003,536494
3.585560092000003,1079990
3.5865600920000027,468380
3.587560092000003,0
3.5885600920000025,0
3.589560092000003,638700
3.5905600920000027,596120
3.5915600920000026,23124
3.592560092000003,956216
3.593560092000003,0
3.5945600920000027,425800
3.595560092000003,553540
3.5965600920000025,638700
3.597560092000003,344568
3.5985600920000027,208972
3.5995600920000026,0
3.600560092000003,596120
3.601560092000003,468380
3.6025600920000027,425800
3.603560092000003,425800
3.6045600920000025,0
3.605560092000003,553540
3.6065600920000027,1107080
3.6075600920000026,1162200
3.608560092000003,328100
3.609560092000003,462604
3.6105600920000027,1112856
3.611560092000003,0
3.6125600920000025,0
3.613560092000003,553540
3.6145600920000027,436044
3.6155600920000026,74916
3.616560092000003,0
3.617560092000003,0
3.6185600920000027,222236
3.619560092000003,246144
3.6205600920000025,346016
3.621560092000003,149454
3.6225600920000027,528006
3.6235600920000026,41024
3.624560092000003,425800
3.625560092000003,468380
3.6265600920000027,1179808
3.627560092000003,413746
3.6285600920000025,876086
3.629560092000003,0
3.6305600920000027,0
3.6315600920000026,553540
3.632560092000003,553540
3.633560092000003,264238
3.6345600920000027,161562
3.635560092000003,310292
3.6365600920000025,711628
3.637560092000003,23286
3.6385600920000027,572834
3.6395600920000026,731478
3.640560092000003,843982
3.641560092000003,468380
3.6425600920000027,1021920
3.643560092000003,491726
3.6445600920000025,261266
3.645560092000003,439248
3.6465600920000028,980896
3.6475600920000026,41024
3.648560092000003,405966
3.649560092000003,572488
3.6505600920000028,43466
3.651560092000003,449886
3.6525600920000025,486874
3.653560092000003,390314
3.6545600920000028,461286
3.6555600920000026,510960
3.656560092000003,553540
3.657560092000003,459044
3.6585600920000028,51916
3.659560092000003,0
3.6605600920000025,790942
3.661560092000003,1167738
3.6625600920000028,425800
3.6635600920000027,0
3.664560092000003,0
3.665560092000003,894180
3.6665600920000028,0
3.667560092000003,553540
3.6685600920000025,0
3.669560092000003,468380
3.6705600920000028,493228
3.6715600920000027,102892
3.672560092000003,152258
3.673560092000003,358702
3.6745600920000028,474496
3.675560092000003,504844
3.6765600920000026,468380
3.677560092000003,811084
3.678560092000003,665282
3.6795600920000027,56514
3.680560092000003,0
3.681560092000003,596120
3.682560092000003,539044
3.683560092000003,865626
3.6845600920000026,470
3.685560092000003,287800
3.686560092000003,881386
3.6875600920000027,789494
3.688560092000003,894180
3.689560092000003,0
3.690560092000003,0
3.691560092000003,0
3.6925600920000026,1021920
3.693560092000003,468380
3.694560092000003,1119312
3.6955600920000027,457758
3.696560092000003,1020310
3.697560092000003,0
3.698560092000003,0
3.699560092000003,936760
3.7005600920000026,0
3.701560092000003,235592
3.702560092000003,871488
3.7035600920000027,422326
3.704560092000003,514434
3.705560092000003,425800
3.706560092000003,596120
3.707560092000003,468380
3.7085600920000026,425800
3.709560092000003,596120
3.710560092000003,851600
3.7115600920000027,830864
3.712560092000003,105896
3.713560092000003,510960
3.714560092000003,510960
3.715560092000003,468380
3.7165600920000026,1192240
3.717560092000003,0
3.718560092000003,468380
3.7195600920000027,632184
3.720560092000003,347156
3.721560092000003,468380
3.722560092000003,418852
3.723560092000003,440874
3.7245600920000026,34454
3.725560092000003,425800
3.726560092000003,553540
3.7275600920000027,553540
3.728560092000003,510960
3.729560092000003,0
3.730560092000003,638700
3.731560092000003,425800
3.7325600920000026,425800
3.733560092000003,846462
3.734560092000003,175458
3.7355600920000027,0
3.736560092000003,451388
3.737560092000003,16992
3.738560092000003,545560
3.739560092000003,449448
3.7405600920000026,495292
3.741560092000003,0
3.742560092000003,0
3.7435600920000027,0
3.744560092000003,0
3.745560092000003,54
3.746560092000003,1160660
3.747560092000003,414746
3.7485600920000026,544058
3.749560092000003,346810
3.750560092000003,643568
3.7515600920000027,61144
3.752560092000003,448260
3.753560092000003,414908
3.754560092000003,598232
3.755560092000003,562320
3.7565600920000026,468380
3.757560092000003,0
3.758560092000003,0
3.7595600920000027,894180
3.760560092000003,0
3.761560092000003,11054
3.762560092000003,414746
3.763560092000003,1149660
3.7645600920000026,29078
3.765560092000003,396722
3.766560092000003,0
3.7675600920000027,476430
3.768560092000003,968070
3.769560092000003,223754
3.770560092000003,460746
3.771560092000003,0
3.7725600920000026,0
3.773560092000003,555096
3.774560092000003,466824
3.7755600920000028,596120
3.776560092000003,372344
3.777560092000003,96036
3.778560092000003,0
3.779560092000003,553540
3.7805600920000026,553540
3.781560092000003,146234
3.782560092000003,410834
3.7835600920000028,337112
3.784560092000003,162
3.785560092000003,914160
3.786560092000003,444764
3.787560092000003,588156
3.7885600920000027,394658
3.789560092000003,0
3.790560092000003,936760
3.7915600920000028,0
3.792560092000003,0
3.793560092000003,468380
3.794560092000003,0
3.795560092000003,979340
3.7965600920000027,0
3.797560092000003,0
3.798560092000003,553540
3.7995600920000028,979340
3.800560092000003,180834
3.801560092000003,287546
3.802560092000003,373938
3.8035600920000032,647982
3.8045600920000027,376110
3.805560092000003,177430
3.806560092000003,323810
3.807560092000003,144570
3.808560092000003,0
3.809560092000003,0
3.810560092000003,0
3.8115600920000032,783940
3.8125600920000027,706360
3.813560092000003,468380
3.814560092000003,977098
3.815560092000003,87402
3.816560092000003,267766
3.817560092000003,670550
3.818560092000003,41024
3.8195600920000032,368870
3.8205600920000027,99510
3.821560092000003,831080
3.822560092000003,276000
3.823560092000003,468380
3.824560092000003,1107080
3.825560092000003,638808
3.826560092000003,1142512
3.8275600920000032,305100
3.8285600920000027,0
3.829560092000003,304576
3.830560092000003,248964
3.831560092000003,425800
3.832560092000003,0
3.833560092000003,0
3.834560092000003,638700
3.8355600920000033,0
3.8365600920000027,0
3.837560092000003,784572
3.838560092000003,1003788
3.839560092000003,425800
3.840560092000003,0
3.841560092000003,553594
3.842560092000003,979286
3.8435600920000033,3058
3.8445600920000027,550482
3.845560092000003,425800
3.846560092000003,162
3.847560092000003,1171120
3.848560092000003,446758
3.849560092000003,553540
3.850560092000003,0
3.8515600920000033,0
3.8525600920000027,638192
3.853560092000003,341148
3.854560092000003,468380
3.855560092000003,0
3.856560092000003,936760
3.857560092000003,0
3.858560092000003,425800
3.8595600920000033,523122
3.8605600920000027,498798
3.861560092000003,0
3.862560092000003,425800
3.863560092000003,919136
3.864560092000003,187944
3.865560092000003,345308
3.866560092000003,123072
3.8675600920000033,401298
3.8685600920000027,578042
3.869560092000003,553540
3.870560092000003,510960
3.871560092000003,0
3.872560092000003,0
3.873560092000003,0
3.874560092000003,596120
3.8755600920000033,0
3.8765600920000027,468380
3.877560092000003,0
3.878560092000003,0
3.879560092000003,0
3.880560092000003,0
3.881560092000003,510960
3.882560092000003,108
3.8835600920000033,425692
3.8845600920000027,0
3.885560092000003,596120
3.886560092000003,0
3.887560092000003,0
3.888560092000003,0
3.889560092000003,1149660
3.890560092000003,553540
3.8915600920000033,0
3.8925600920000027,694274
3.893560092000003,710866
3.894560092000003,425800
3.895560092000003,468380
3.896560092000003,468380
3.897560092000003,0
3.898560092000003,553540
3.8995600920000033,894180
3.9005600920000028,638700
3.901560092000003,638700
3.902560092000003,853194
3.903560092000003,296466
3.904560092000003,523084
3.905560092000003,73036
3.906560092000003,936760
3.9075600920000033,494222
3.9085600920000028,783178
3.909560092000003,27630
3.910560092000003,1036870
3.911560092000003,35140
3.912560092000003,433240
3.913560092000003,1100618
3.914560092000003,569230
3.9155600920000033,884952
3.9165600920000028,1064500
3.917560092000003,468380
3.918560092000003,596660
3.919560092000003,425260
3.920560092000003,468380
3.921560092000003,1064500
3.922560092000003,0
3.9235600920000033,427356
3.9245600920000028,41024
3.925560092000003,0
3.926560092000003,742570
3.927560092000003,449670
3.9285600920000032,468380
3.929560092000003,0
3.930560092000003,596120
3.9315600920000033,638700
3.932560092000003,483470
3.933560092000003,1049410
3.934560092000003,979340
3.935560092000003,0
3.9365600920000032,0
3.937560092000003,596120
3.938560092000003,268744
3.9395600920000033,157056
3.940560092000003,0
3.941560092000003,44152
3.942560092000003,407236
3.943560092000003,16992
3.9445600920000032,427356
3.945560092000003,510960
3.946560092000003,41132
3.9475600920000034,936652
3.948560092000003,93826
3.949560092000003,459714
3.950560092000003,425800
3.951560092000003,0
3.9525600920000032,587216
3.953560092000003,817924
3.954560092000003,409840
3.9555600920000034,484340
3.956560092000003,1021920
3.957560092000003,408808
3.958560092000003,16992
3.959560092000003,468380
3.9605600920000033,425800
3.961560092000003,0
3.962560092000003,0
3.9635600920000034,936760
3.964560092000003,451388
3.965560092000003,16992
3.966560092000003,451388
3.967560092000003,496210
3.9685600920000033,425800
3.969560092000003,0
3.970560092000003,468380
3.9715600920000034,0
3.972560092000003,0
3.973560092000003,988082
3.974560092000003,281824
3.975560092000003,390714
3.9765600920000033,602182
3.977560092000003,293500
3.978560092000003,296558
3.9795600920000034,468380
3.980560092000003,1064500
3.981560092000003,425800
3.982560092000003,0
3.983560092000003,0
3.9845600920000033,408954
3.985560092000003,570386
3.986560092000003,468434
3.9875600920000034,1064446
3.988560092000003,0
3.989560092000003,468380
3.990560092000003,587178
3.991560092000003,860542
3.9925600920000033,0
3.993560092000003,0
3.994560092000003,510960
3.9955600920000034,1064500
3.996560092000003,425800
3.997560092000003,596120
3.998560092000003,468380
3.9995600920000034,0
4.000560092000003,126870
4.001560092000004,426670
4.002560092000003,468380
4.003560092000003,0
4.004560092000003,0
4.005560092000003,468380
4.006560092000003,468380
4.007560092000003,468380
4.008560092000003,1556
4.009560092000003,551984
4.010560092000003,0
4.011560092000003,737032
4.012560092000003,455208
4.013560092000003,638700
4.0145600920000035,510960
4.015560092000003,138940
4.016560092000003,457180
4.017560092000004,0
4.018560092000003,0
4.019560092000003,468380
4.020560092000003,129874
4.021560092000003,423666
4.022560092000003,553540
4.023560092000003,979340
4.024560092000003,425800
4.025560092000003,425800
4.026560092000003,553540
4.027560092000003,0
4.028560092000003,468380
4.029560092000003,510960
4.0305600920000035,425800
4.031560092000003,0
4.032560092000003,510960
4.033560092000004,553540
4.034560092000003,594
4.035560092000003,467786
4.036560092000003,1021920
4.037560092000003,0
4.038560092000003,878566
4.039560092000003,143354
4.040560092000003,244712
4.041560092000003,181088
4.042560092000003,386332
4.043560092000003,82048
4.044560092000003,474442
4.045560092000003,462318
4.0465600920000036,468380
4.047560092000003,0
4.048560092000003,468380
4.049560092000004,0
4.050560092000003,0
4.051560092000003,425800
4.052560092000003,0
4.053560092000003,1199820
4.054560092000003,1482720
4.055560092000003,466046
4.056560092000003,583018
4.057560092000003,58016
4.058560092000003,571618
4.0595600920000035,463874
4.060560092000003,29008
4.061560092000003,596120
4.062560092000004,224046
4.063560092000003,414654
4.064560092000003,596120
4.065560092000004,468380
4.066560092000003,0
4.0675600920000035,0
4.068560092000003,0
4.069560092000003,0
4.070560092000003,0
4.071560092000003,468380
4.072560092000003,0
4.073560092000003,468380
4.074560092000003,0
4.0755600920000035,425800
4.076560092000003,0
4.077560092000003,596174
4.078560092000004,510906
4.079560092000003,425800
4.080560092000003,0
4.081560092000004,3112
4.082560092000003,465268
4.0835600920000035,1023962
4.084560092000003,791380
4.085560092000003,228498
4.086560092000003,54
4.087560092000003,638646
4.088560092000003,596120
4.089560092000003,0
4.090560092000003,425800
4.0915600920000035,0
4.092560092000003,0
4.093560092000003,894180
4.094560092000004,553540
4.095560092000003,0
4.096560092000003,443986
4.097560092000004,109554
4.098560092000003,526034
4.0995600920000035,454862
4.100560092000003,41024
4.101560092000003,512516
4.102560092000003,94296
4.103560092000003,1011282
4.104560092000003,1021866
4.105560092000003,596120
4.106560092000003,553540
4.1075600920000035,425800
4.108560092000003,307942
4.109560092000003,628818
4.110560092000004,689768
4.111560092000003,466824
4.112560092000003,205968
4.113560092000004,638700
4.114560092000003,0
4.1155600920000035,0
4.116560092000003,0
4.117560092000003,0
4.118560092000003,622070
4.119560092000003,229530
4.120560092000003,979340
4.121560092000003,468380
4.122560092000003,468380
4.1235600920000035,0
4.124560092000003,0
4.125560092000003,203780
4.126560092000004,296212
4.127560092000003,642212
4.128560092000003,348096
4.129560092000004,0
4.130560092000003,936760
4.1315600920000035,0
4.132560092000003,638700
4.133560092000003,0
4.134560092000003,510960
4.135560092000003,0
4.136560092000003,553540
4.137560092000003,468380
4.138560092000003,510960
4.1395600920000035,596282
4.140560092000003,1021758
4.141560092000003,373468
4.142560092000004,563292
4.143560092000003,553540
4.144560092000003,553540
4.145560092000004,638700
4.146560092000003,596120
4.1475600920000035,0
4.148560092000003,0
4.149560092000003,468380
4.150560092000003,0
4.151560092000003,0
4.152560092000003,0
4.153560092000003,936760
4.154560092000003,0
4.1555600920000035,510960
4.156560092000003,0
4.157560092000003,0
4.158560092000004,596120
4.159560092000003,800878
4.160560092000003,178462
4.161560092000004,0
4.162560092000003,268474
4.1635600920000035,710866
4.164560092000003,510960
4.165560092000003,0
4.166560092000003,891630
4.167560092000003,811624
4.168560092000003,425746
4.169560092000003,170320
4.170560092000003,298060
4.1715600920000036,0
4.172560092000003,0
4.173560092000003,54
4.174560092000004,468326
4.175560092000003,0
4.176560092000003,162
4.177560092000004,510798
4.178560092000003,468380
4.179560092000004,166030
4.180560092000003,472670
4.181560092000003,0
4.182560092000003,0
4.183560092000003,0
4.1845600920000035,53164
4.185560092000003,415216
4.186560092000003,0
4.187560092000004,0
4.188560092000003,468380
4.189560092000003,986904
4.190560092000004,418236
4.191560092000003,468380
4.1925600920000035,553702
4.193560092000004,552908
4.194560092000003,470
4.195560092000004,333800
4.196560092000003,92000
4.197560092000003,0
4.198560092000003,468380
4.199560092000003,569030
4.2005600920000035,921270
4.201560092000003,158428
4.202560092000003,480272
4.203560092000004,0
4.204560092000003,534106
4.205560092000003,19434
4.206560092000004,0
4.207560092000003,309822
4.2085600920000035,164728
4.209560092000004,547370
4.210560092000003,468380
4.211560092000004,425800
4.212560092000003,425800
4.213560092000003,746390
4.214560092000003,511954
4.215560092000003,317116
4.2165600920000035,1021920
4.217560092000003,559694
4.218560092000003,493568
4.219560092000004,181558
4.220560092000003,0
4.221560092000003,832166
4.222560092000004,467094
4.223560092000003,191040
4.2245600920000035,0
4.225560092000004,0
4.226560092000003,0
4.227560092000004,307396
4.228560092000003,687018
4.229560092000003,27506
4.230560092000003,596120
4.231560092000003,1107080
4.2325600920000035,0
4.233560092000003,0
4.234560092000003,0
4.235560092000004,638700
4.236560092000003,0
4.237560092000003,304284
4.238560092000004,164096
4.239560092000003,0
4.2405600920000035,0
4.241560092000004,596120
4.242560092000003,468380
4.243560092000004,468380
4.244560092000003,638700
4.245560092000003,0
4.246560092000003,0
4.247560092000003,0
4.2485600920000035,348420
4.249560092000003,205120
4.250560092000003,0
4.251560092000004,468380
4.252560092000003,324464
4.253560092000003,143916
4.254560092000004,468380
4.255560092000003,425800
4.2565600920000035,0
4.257560092000004,0
4.258560092000003,0
4.259560092000004,0
4.260560092000003,0
4.261560092000003,0
4.262560092000003,0
4.263560092000003,0
4.2645600920000035,512516
4.265560092000003,41024
4.266560092000003,0
4.267560092000004,468380
4.268560092000003,638700
4.269560092000003,468380
4.270560092000004,302350
4.271560092000003,1315690
4.2725600920000035,170536
4.273560092000004,933070
4.274560092000003,735152
4.275560092000004,588302
4.276560092000003,553540
4.277560092000003,0
4.278560092000003,414546
4.279560092000003,96414
4.2805600920000035,1149660
4.281560092000003,425800
4.282560092000003,0
4.283560092000004,0
4.284560092000003,553540
4.285560092000003,468380
4.286560092000004,0
4.287560092000003,1192240
4.2885600920000035,0
4.289560092000004,425800
4.290560092000003,413930
4.291560092000004,54450
4.292560092000003,553540
4.293560092000003,0
4.294560092000003,0
4.295560092000003,408808
4.2965600920000036,16992
4.297560092000003,510960
4.298560092000003,1234820
4.299560092000004,532604
4.300560092000003,20936
4.301560092000003,0
4.302560092000004,572034
4.303560092000003,875686
4.304560092000004,0
4.305560092000004,510960
4.306560092000003,0
4.307560092000004,746806
4.308560092000003,232534
4.3095600920000035,468380
4.310560092000003,556706
4.311560092000003,550374
4.312560092000004,553540
4.313560092000003,0
4.314560092000003,0
4.315560092000004,510960
4.316560092000003,0
4.3175600920000035,0
4.318560092000004,425800
4.319560092000003,553540
4.320560092000004,250990
4.321560092000004,683274
4.322560092000003,813072
4.323560092000004,41024
4.324560092000003,425800
4.3255600920000035,425800
4.326560092000003,0
4.327560092000003,638700
4.328560092000004,0
4.329560092000003,0
4.330560092000003,468380
4.331560092000004,510960
4.332560092000003,425800
4.3335600920000035,468380
4.334560092000004,510960
4.335560092000003,0
4.336560092000004,0
4.337560092000004,468380
4.338560092000003,468380
4.339560092000004,0
4.340560092000003,23124
4.3415600920000035,956216
4.342560092000003,425800
4.343560092000003,894180
4.344560092000004,510960
4.345560092000003,0
4.346560092000003,0
4.347560092000004,0
4.348560092000003,510960
4.3495600920000035,0
4.350560092000004,0
4.351560092000003,308898
4.352560092000004,244642
4.353560092000004,553540
4.354560092000003,0
4.355560092000004,553540
4.356560092000003,510960
4.3575600920000035,425800
4.358560092000003,553540
4.359560092000003,0
4.360560092000004,54
4.361560092000003,425746
4.362560092000003,0
4.363560092000004,0
4.364560092000003,510960
4.3655600920000035,0
4.366560092000004,0
4.367560092000003,0
4.368560092000004,512516
4.369560092000004,43066
4.370560092000003,423758
4.371560092000004,468380
4.372560092000003,0
4.3735600920000035,0
4.374560092000003,422472
4.375560092000003,299254
4.376560092000004,725994
4.377560092000003,468380
4.378560092000003,0
4.379560092000004,702
4.380560092000003,552838
4.3815600920000035,553540
4.382560092000004,0
4.383560092000003,0
4.384560092000004,0
4.385560092000004,425800
4.386560092000003,530724
4.387560092000004,22816
4.388560092000003,154268
4.3895600920000035,694582
4.390560092000003,121008
4.391560092000003,9482
4.392560092000004,412898
4.393560092000003,55482
4.394560092000003,370934
4.395560092000004,991880
4.396560092000003,557468
4.3975600920000035,506940
4.398560092000004,553378
4.399560092000003,468380
4.400560092000004,735044
4.401560092000004,396824
4.402560092000003,571332
4.403560092000004,0
4.404560092000003,0
4.4055600920000035,0
4.406560092000003,425800
4.407560092000003,510960
4.408560092000004,488554
4.409560092000003,490786
4.410560092000003,0
4.411560092000004,468380
4.412560092000003,0
4.4135600920000035,468380
4.414560092000004,553540
4.415560092000003,0
4.416560092000004,297844
4.417560092000004,681496
4.418560092000003,468380
4.419560092000004,638700
4.420560092000003,468380
4.4215600920000036,1106610
4.422560092000003,632
4.423560092000003,1660458
4.424560092000004,0
4.425560092000003,0
4.426560092000003,342866
4.427560092000004,528314
4.428560092000003,576540
4.429560092000004,0
4.430560092000004,108684
4.431560092000003,317116
4.432560092000004,54774
4.433560092000004,839660
4.4345600920000035,932308
4.435560092000004,642898
4.436560092000003,0
4.437560092000004,241800
4.438560092000003,737540
4.439560092000003,560758
4.440560092000004,503742
4.441560092000003,0
4.4425600920000035,596120
4.443560092000004,0
4.444560092000003,0
4.445560092000004,661230
4.446560092000004,275530
4.447560092000003,1064500
4.448560092000004,553540
4.449560092000004,0
4.4505600920000035,553540
4.451560092000004,468380
4.452560092000003,458898
4.453560092000004,477862
4.454560092000003,752452
4.455560092000003,312048
4.456560092000004,3544
4.457560092000003,422256
4.4585600920000035,659782
4.459560092000004,319558
4.460560092000003,0
4.461560092000004,0
4.462560092000004,0
4.463560092000003,1021920
4.464560092000004,638700
4.465560092000004,353958
4.4665600920000035,199582
4.467560092000004,509042
4.468560092000003,44498
4.469560092000004,468380
4.470560092000003,0
4.471560092000003,813672
4.472560092000004,634048
4.473560092000003,510960
4.4745600920000035,936760
4.475560092000004,0
4.476560092000003,0
4.477560092000004,979340
4.478560092000004,0
4.479560092000003,9714
4.480560092000004,424790
4.481560092000004,119036
4.4825600920000035,0
4.483560092000004,1149660
4.484560092000003,596120
4.485560092000004,596120
4.486560092000003,1556
4.487560092000003,977784
4.488560092000004,553540
4.489560092000003,425800
4.4905600920000035,468380
4.491560092000004,468380
4.492560092000003,0
4.493560092000004,0
4.494560092000004,468434
4.495560092000003,1021866
4.496560092000004,425800
4.497560092000004,0
4.4985600920000035,638700
4.499560092000004,442938
4.500560092000004,578982
4.501560092000004,0
4.502560092000003,27792
4.503560092000003,1036708
4.504560092000004,0
4.505560092000003,468380
4.5065600920000035,0
4.507560092000004,0
4.508560092000003,894180
4.509560092000004,1319980
4.510560092000004,0
4.511560092000003,0
4.512560092000004,0
4.513560092000004,425800
4.5145600920000035,596120
4.515560092000003,15614
4.516560092000004,452766
4.517560092000004,387888
4.518560092000003,577086
4.519560092000003,525326
4.520560092000004,356006
4.521560092000003,751074
4.5225600920000035,596120
4.523560092000004,979340
4.524560092000003,425962
4.525560092000004,1185254
4.526560092000004,475204
4.527560092000003,632816
4.528560092000004,474264
4.529560092000004,0
4.5305600920000035,933594
4.531560092000003,580792
4.532560092000004,572142
4.533560092000004,894072
4.534560092000003,0
4.535560092000003,599880
4.536560092000004,593970
4.537560092000003,424190
4.5385600920000035,425854
4.539560092000004,596066
4.540560092000003,123812
4.541560092000004,387148
4.542560092000004,0
4.543560092000003,29186
4.544560092000004,524354
4.545560092000004,468380
4.5465600920000036,638700
4.547560092000003,0
4.548560092000004,267458
4.549560092000004,328662
4.550560092000003,469936
4.551560092000003,41024
4.552560092000004,0
4.553560092000003,370842
4.554560092000004,97538
4.555560092000004,447914
4.556560092000003,488846
4.557560092000004,0
4.558560092000004,553540
4.5595600920000035,627716
4.560560092000004,10984
4.561560092000004,0
4.562560092000004,0
4.563560092000003,0
4.564560092000004,364672
4.565560092000004,274028
4.566560092000003,510960
4.5675600920000035,0
4.568560092000004,1021920
4.569560092000003,0
4.570560092000004,0
4.571560092000004,425800
4.572560092000003,198858
4.573560092000004,269522
4.574560092000004,510960
4.5755600920000035,0
4.576560092000004,1016820
4.577560092000004,388844
4.578560092000004,808026
4.579560092000003,639170
4.580560092000004,468380
4.581560092000004,0
4.582560092000003,0
4.5835600920000035,553540
4.584560092000004,425800
4.585560092000003,0
4.586560092000004,468380
4.587560092000004,0
4.588560092000003,510960
4.589560092000004,515590
4.590560092000004,463750
4.5915600920000035,468380
4.592560092000004,596120
4.593560092000004,851600
4.594560092000004,468380
4.595560092000003,468380
4.596560092000004,0
4.597560092000004,510960
4.598560092000003,638700
4.5995600920000035,425800
4.600560092000004,0
4.601560092000003,140334
4.602560092000004,370626
4.603560092000004,0
4.604560092000003,425800
4.605560092000004,0
4.606560092000004,553540
4.6075600920000035,1064500
4.608560092000004,0
4.609560092000004,345308
4.610560092000004,123072
4.611560092000003,0
4.612560092000004,0
4.613560092000004,0
4.614560092000003,0
4.6155600920000035,463512
4.616560092000004,90190
4.617560092000003,702324
4.618560092000004,489754
4.619560092000004,0
4.620560092000003,510960
4.621560092000004,0
4.622560092000004,1190176
4.6235600920000035,725924
4.624560092000004,553540
4.625560092000004,69632
4.626560092000004,356762
4.627560092000003,467786
4.628560092000004,596120
4.629560092000004,162
4.630560092000003,588032
4.6315600920000035,343282
4.632560092000004,329040
4.633560092000003,868484
4.634560092000004,0
4.635560092000004,894180
4.636560092000003,1023568
4.637560092000004,650062
4.638560092000004,327630
4.6395600920000035,0
4.640560092000004,143284
4.641560092000004,1449044
4.642560092000004,419662
4.643560092000003,524370
4.644560092000004,61020
4.645560092000004,48874
4.646560092000003,572834
4.6475600920000035,16992
4.648560092000004,936760
4.649560092000003,596120
4.650560092000004,638700
4.651560092000004,468380
4.652560092000003,464436
4.653560092000004,472324
4.654560092000004,510960
4.6555600920000035,0
4.656560092000004,425800
4.657560092000004,512570
4.658560092000004,935150
4.659560092000003,123812
4.660560092000004,714108
4.661560092000004,184000
4.662560092000003,468380
4.6635600920000035,425800
4.664560092000004,304106
4.665560092000003,249434
4.666560092000004,0
4.667560092000004,186388
4.668560092000003,367152
4.669560092000004,0
4.670560092000004,899826
4.6715600920000036,1147326
4.672560092000004,805708
4.673560092000004,468380
4.674560092000004,0
4.675560092000003,0
4.676560092000004,1021920
4.677560092000004,0
4.678560092000003,0
4.679560092000004,0
4.680560092000004,468380
4.681560092000003,553540
4.682560092000004,1021920
4.683560092000004,425800
4.6845600920000035,425800
4.685560092000004,0
4.686560092000004,468380
4.687560092000004,4614
4.688560092000004,1052938
4.689560092000004,473356
4.690560092000004,1972
4.691560092000003,162
4.692560092000004,468218
4.693560092000004,0
4.694560092000003,468380
4.695560092000004,0
4.696560092000004,468380
4.697560092000003,0
4.698560092000004,108
4.699560092000004,748400
4.7005600920000035,315992
4.701560092000004,0
4.702560092000004,0
4.703560092000004,597676
4.704560092000004,594564
4.705560092000004,1064500
4.706560092000004,0
4.707560092000003,0
4.708560092000004,221766
4.709560092000004,244642
4.710560092000003,475020
4.711560092000004,123072
4.712560092000004,0
4.713560092000003,573736
4.714560092000004,64964
4.715560092000004,468380
4.7165600920000035,0
4.717560092000004,425800
4.718560092000004,425800
4.719560092000004,0
4.720560092000004,0
4.721560092000004,425800
4.722560092000004,0
4.723560092000003,425800
4.724560092000004,468380
4.725560092000004,553540
4.726560092000003,0
4.727560092000004,596120
4.728560092000004,3112
4.729560092000003,422688
4.730560092000004,0
4.731560092000004,596120
4.7325600920000035,428388
4.733560092000004,397354
4.734560092000004,536818
4.735560092000004,510960
4.736560092000004,0
4.737560092000004,0
4.738560092000004,510960
4.739560092000003,638700
4.740560092000004,0
4.741560092000004,468380
4.742560092000003,638700
4.743560092000004,702940
4.744560092000004,915100
4.745560092000003,0
4.746560092000004,361506
4.747560092000004,149454
4.7485600920000035,638700
4.749560092000004,797420
4.750560092000004,267080
4.751560092000004,0
4.752560092000004,510960
4.753560092000004,378
4.754560092000004,723882
4.755560092000003,638300
4.756560092000004,425800
4.757560092000004,0
4.758560092000003,0
4.759560092000004,1021920
4.760560092000004,0
4.761560092000003,510960
4.762560092000004,596120
4.763560092000004,425800
4.7645600920000035,0
4.765560092000004,141728
4.766560092000004,837612
4.767560092000004,468380
4.768560092000004,425800
4.769560092000004,468380
4.770560092000004,425800
4.771560092000003,0
4.772560092000004,592084
4.773560092000004,770476
4.774560092000003,468488
4.775560092000004,425692
4.776560092000004,936760
4.777560092000003,0
4.778560092000004,468380
4.779560092000004,0
4.7805600920000035,553540
4.781560092000004,553540
4.782560092000004,468380
4.783560092000004,468380
4.784560092000004,0
4.785560092000004,468380
4.786560092000004,1107080
4.787560092000003,468380
4.788560092000004,1021920
4.789560092000004,0
4.790560092000003,596120
4.791560092000004,553540
4.792560092000004,468380
4.793560092000003,0
4.794560092000004,602668
4.795560092000004,419252
4.7965600920000036,421548
4.797560092000004,685532
4.798560092000004,596120
4.799560092000004,54
4.800560092000004,1064446
4.801560092000004,0
4.802560092000004,208340
4.803560092000003,898740
4.8045600920000044,468380
4.805560092000004,0
4.806560092000003,0
4.807560092000004,702
4.808560092000004,552838
4.8095600920000035,425800
4.810560092000004,1021920
4.811560092000004,362030
4.812560092000004,659890
4.813560092000004,553540
4.814560092000004,468380
4.815560092000004,0
4.816560092000004,444418
4.817560092000004,1045882
4.818560092000004,0
4.819560092000003,596120
4.8205600920000045,596174
4.821560092000004,638646
4.822560092000003,0
4.823560092000004,468380
4.824560092000004,0
4.8255600920000035,0
4.826560092000004,0
4.827560092000004,553540
4.828560092000004,468380
4.829560092000004,468380
4.830560092000004,595650
4.831560092000004,406382
4.832560092000004,105048
4.833560092000004,469936
4.834560092000004,466824
4.835560092000003,0
4.8365600920000045,468380
4.837560092000004,140442
4.838560092000003,455678
4.839560092000004,425800
4.840560092000004,0
4.8415600920000035,0
4.842560092000004,0
4.843560092000004,0
4.844560092000004,596120
4.845560092000004,0
4.846560092000004,41202
4.847560092000004,469758
4.848560092000004,0
4.849560092000004,0
4.850560092000004,0
4.851560092000003,1023946
4.8525600920000045,338614
4.853560092000004,979340
4.854560092000003,0
4.855560092000004,0
4.856560092000004,553540
4.8575600920000035,0
4.858560092000004,425800
4.859560092000004,425800
4.860560092000004,0
4.861560092000004,596120
4.862560092000004,468380
4.863560092000004,638700
4.864560092000004,529130
4.865560092000004,664898
4.866560092000004,594332
4.867560092000003,425800
4.8685600920000045,0
4.869560092000004,851600
4.870560092000003,0
4.871560092000004,0
4.872560092000004,412374
4.8735600920000035,13426
4.874560092000004,0
4.875560092000004,468380
4.876560092000004,0
4.877560092000004,517038
4.878560092000004,888102
4.879560092000004,0
4.880560092000004,468380
4.881560092000004,205390
4.882560092000004,855236
4.883560092000003,429674
4.8845600920000045,0
4.885560092000004,0
4.886560092000003,0
4.887560092000004,979340
4.888560092000004,0
4.8895600920000035,596120
4.890560092000004,402330
4.891560092000004,619590
4.892560092000004,244442
4.893560092000004,266518
4.894560092000004,553540
4.895560092000004,510960
4.896560092000004,0
4.897560092000004,0
4.898560092000004,638700
4.899560092000003,0
4.9005600920000045,894238
4.901560092000004,1064798
4.902560092000003,1158392
4.903560092000004,99464
4.904560092000004,425546
4.9055600920000035,475150
4.906560092000004,802504
4.907560092000004,0
4.908560092000004,851600
4.909560092000004,468380
4.910560092000004,638700
4.911560092000004,0
4.912560092000004,425800
4.913560092000004,0
4.914560092000004,425800
4.915560092000003,553540
4.9165600920000045,54
4.917560092000004,1021866
4.918560092000003,468380
4.919560092000004,0
4.920560092000004,86208
4.9215600920000036,382172
4.922560092000004,0
4.923560092000004,468380
4.924560092000004,652812
4.925560092000004,965228
4.926560092000004,425800
4.927560092000004,0
4.928560092000004,898212
4.9295600920000044,655908
4.930560092000004,17116
4.931560092000003,451264
4.932560092000005,617726
4.933560092000004,361614
4.9345600920000035,0
4.935560092000004,638700
4.936560092000004,0
4.937560092000004,168672
4.938560092000004,257128
4.939560092000004,297752
4.940560092000004,152836
4.941560092000004,571332
4.942560092000004,0
4.943560092000004,0
4.944560092000004,384776
4.9455600920000045,41024
4.946560092000004,625252
4.947560092000003,439248
4.948560092000005,0
4.949560092000004,553540
4.9505600920000035,553540
4.951560092000004,0
4.952560092000004,553540
4.953560092000004,480088
4.954560092000004,116032
4.955560092000004,638700
4.956560092000004,0
4.957560092000004,0
4.958560092000004,553540
4.959560092000004,0
4.960560092000004,0
4.9615600920000045,553540
4.962560092000004,310022
4.963560092000003,797058
4.964560092000005,521204
4.965560092000004,74916
4.9665600920000035,53272
4.967560092000004,463280
4.968560092000004,543080
4.969560092000004,90028
4.970560092000004,0
4.971560092000004,0
4.972560092000004,0
4.973560092000004,0
4.974560092000004,596120
4.975560092000004,1192240
4.976560092000004,0
4.9775600920000045,0
4.978560092000004,0
4.979560092000003,0
4.980560092000005,356692
4.981560092000004,835548
4.9825600920000035,0
4.983560092000004,0
4.984560092000004,0
4.985560092000004,425800
4.986560092000004,596120
4.987560092000004,69794
4.988560092000004,1458110
4.989560092000004,4976
4.990560092000004,0
4.991560092000004,553540
4.992560092000004,1021920
4.9935600920000045,596120
4.994560092000004,553540
4.995560092000003,468380
4.996560092000005,936760
4.997560092000004,553540
4.9985600920000035,425800
4.999560092000004,45600
5.000560092000004,848580
5.001560092000004,92378
5.002560092000004,1321974
5.003560092000004,75948
5.004560092000004,468380
5.005560092000004,358918
5.006560092000004,663002
5.007560092000004,425800
5.008560092000004,402800
5.0095600920000045,533960
5.010560092000004,1064500
5.011560092000003,0
5.012560092000005,0
5.013560092000004,0
5.0145600920000035,1040144
5.015560092000004,289172
5.016560092000004,246144
5.017560092000004,253400
5.018560092000004,214980
5.019560092000004,0
5.020560092000004,0
5.021560092000004,411396
5.022560092000004,56984
5.023560092000004,54
5.024560092000004,757882
5.0255600920000045,263984
5.026560092000004,461902
5.027560092000003,1137590
5.028560092000005,742408
5.029560092000004,510960
5.0305600920000035,588680
5.031560092000004,433240
5.032560092000004,979340
5.033560092000004,1149660
5.034560092000004,929504
5.035560092000004,688536
5.036560092000004,553540
5.037560092000004,511554
5.038560092000004,1532286
5.039560092000004,0
5.040560092000004,638700
5.0415600920000045,794454
5.042560092000004,227466
5.043560092000003,596120
5.044560092000005,0
5.045560092000004,638700
5.0465600920000036,2312
5.047560092000004,1104768
5.048560092000004,596120
5.049560092000004,638700
5.050560092000004,0
5.051560092000004,349998
5.052560092000004,118382
5.053560092000004,824656
5.0545600920000044,495324
5.055560092000004,0
5.056560092000004,0
5.057560092000005,468380
5.058560092000004,425800
5.0595600920000035,0
5.060560092000005,0
5.061560092000004,0
5.062560092000004,425800
5.063560092000004,341456
5.064560092000004,532928
5.065560092000004,104956
5.066560092000004,425800
5.067560092000004,553540
5.068560092000004,15560
5.069560092000004,410240
5.0705600920000045,1064500
5.071560092000004,596120
5.072560092000004,0
5.073560092000005,0
5.074560092000004,0
5.0755600920000035,553540
5.076560092000005,0
5.077560092000004,0
5.078560092000004,404302
5.079560092000004,660198
5.080560092000004,54
5.081560092000004,1149606
5.082560092000004,0
5.083560092000004,0
5.084560092000004,294856
5.085560092000004,216104
5.0865600920000045,425800
5.087560092000004,384776
5.088560092000004,352024
5.089560092000005,733034
5.090560092000004,20466
5.0915600920000035,0
5.092560092000005,0
5.093560092000004,187220
5.094560092000004,281160
5.095560092000004,0
5.096560092000004,471022
5.097560092000004,82518
5.098560092000004,638700
5.099560092000004,468380
5.100560092000004,468380
5.101560092000004,62338
5.1025600920000045,1513122
5.103560092000004,979340
5.104560092000004,0
5.105560092000005,0
5.106560092000004,0
5.1075600920000035,0
5.108560092000005,0
5.109560092000004,936760
5.110560092000004,468380
5.111560092000004,464906
5.112560092000004,642174
5.113560092000004,0
5.114560092000004,553540
5.115560092000004,291744
5.116560092000004,489554
5.117560092000004,155462
5.1185600920000045,436622
5.119560092000004,159498
5.120560092000004,487544
5.121560092000005,576956
5.122560092000004,468380
5.1235600920000035,0
5.124560092000005,424860
5.125560092000004,940
5.126560092000004,468380
5.127560092000004,0
5.128560092000004,0
5.129560092000004,894180
5.130560092000004,468380
5.131560092000004,818502
5.132560092000004,1225338
5.133560092000004,432688
5.1345600920000045,694518
5.135560092000004,429066
5.136560092000004,0
5.137560092000005,0
5.138560092000004,425800
5.1395600920000035,44152
5.140560092000005,892608
5.141560092000004,0
5.142560092000004,855782
5.143560092000004,654514
5.144560092000004,831604
5.145560092000004,0
5.146560092000004,0
5.147560092000004,553540
5.148560092000004,425800
5.149560092000004,510960
5.1505600920000045,0
5.151560092000004,0
5.152560092000004,425800
5.153560092000005,0
5.154560092000004,638700
5.1555600920000035,515612
5.156560092000005,37928
5.157560092000004,936760
5.158560092000004,936760
5.159560092000004,452890
5.160560092000004,569030
5.161560092000004,0
5.162560092000004,1107080
5.163560092000004,0
5.164560092000004,0
5.165560092000004,979340
5.1665600920000045,944670
5.167560092000004,162410
5.168560092000004,638700
5.169560092000005,425800
5.170560092000004,20120
5.1715600920000036,1044380
5.172560092000005,0
5.173560092000004,894180
5.174560092000004,0
5.175560092000004,6602
5.176560092000004,461778
5.177560092000004,0
5.178560092000004,0
5.1795600920000044,553540
5.180560092000004,1107242
5.181560092000004,979178
5.182560092000005,596120
5.183560092000004,425800
5.184560092000004,425800
5.185560092000005,425800
5.186560092000004,638700
5.187560092000004,425330
5.188560092000005,468850
5.189560092000004,638754
5.190560092000004,468326
5.191560092000004,0
5.192560092000004,0
5.193560092000004,1152372
5.194560092000004,1059524
5.1955600920000045,1062782
5.196560092000004,1451702
5.197560092000004,0
5.198560092000005,553540
5.199560092000004,0
5.200560092000004,468380
5.201560092000005,0
5.202560092000004,688806
5.203560092000004,801494
5.204560092000005,638700
5.205560092000004,511500
5.206560092000004,425260
5.207560092000004,105896
5.208560092000004,958604
5.209560092000004,425800
5.210560092000004,1107080
5.2115600920000045,0
5.212560092000004,0
5.213560092000004,0
5.214560092000005,553540
5.215560092000004,0
5.216560092000004,468380
5.217560092000005,425800
5.218560092000004,0
5.219560092000004,553540
5.220560092000005,1021920
5.221560092000004,0
5.222560092000004,425800
5.223560092000004,0
5.224560092000004,468380
5.225560092000004,0
5.226560092000004,26236
5.2275600920000045,527304
5.228560092000004,1021920
5.229560092000004,185448
5.230560092000005,964212
5.231560092000004,1222642
5.232560092000004,608298
5.233560092000005,0
5.234560092000004,894180
5.235560092000004,425800
5.236560092000005,468380
5.237560092000004,0
5.238560092000004,80146
5.239560092000004,814034
5.240560092000004,224970
5.241560092000004,328570
5.242560092000004,553540
5.2435600920000045,851330
5.244560092000004,638970
5.245560092000004,468380
5.246560092000005,42866
5.247560092000004,595834
5.248560092000004,0
5.249560092000005,0
5.250560092000004,0
5.251560092000004,54
5.252560092000005,1350008
5.253560092000004,497162
5.254560092000004,432908
5.255560092000004,378406
5.256560092000004,132554
5.257560092000004,434012
5.258560092000004,971128
5.2595600920000045,0
5.260560092000004,510960
5.261560092000004,300432
5.262560092000005,764068
5.263560092000004,894180
5.264560092000004,553540
5.265560092000005,0
5.266560092000004,0
5.267560092000004,0
5.268560092000005,782276
5.269560092000004,111904
5.270560092000004,0
5.271560092000004,0
5.272560092000004,0
5.273560092000004,553540
5.274560092000004,585136
5.2755600920000045,368524
5.276560092000004,281160
5.277560092000004,613728
5.278560092000005,24972
5.279560092000004,343752
5.280560092000004,82156
5.281560092000005,510852
5.282560092000004,427356
5.283560092000004,41024
5.284560092000005,510960
5.285560092000004,0
5.286560092000004,0
5.287560092000004,0
5.288560092000004,0
5.289560092000004,0
5.290560092000004,638700
5.2915600920000045,769860
5.292560092000004,252060
5.293560092000004,1021920
5.294560092000005,553540
5.295560092000004,0
5.296560092000004,553540
5.297560092000005,468380
5.298560092000004,0
5.299560092000004,0
5.300560092000005,0
5.301560092000004,553540
5.302560092000004,468380
5.303560092000004,553540
5.3045600920000044,553540
5.305560092000004,0
5.306560092000004,0
5.307560092000005,18564
5.308560092000004,875616
5.309560092000004,468380
5.310560092000005,457936
5.311560092000004,1074944
5.3125600920000045,913128
5.313560092000005,193952
5.314560092000004,425800
5.315560092000004,638700
5.316560092000005,851600
5.317560092000004,921616
5.318560092000004,240492
5.319560092000004,321714
5.3205600920000045,424406
5.321560092000004,93032
5.322560092000004,427356
5.323560092000005,41024
5.324560092000004,427356
5.325560092000004,41186
5.326560092000005,425638
5.327560092000004,0
5.3285600920000045,553540
5.329560092000005,468380
5.330560092000004,0
5.331560092000004,425800
5.332560092000005,0
5.333560092000004,0
5.334560092000004,0
5.335560092000004,425800
5.3365600920000045,0
5.337560092000004,0
5.338560092000004,1021920
5.339560092000005,0
5.340560092000004,0
5.341560092000004,425800
5.342560092000005,0
5.343560092000004,553540
5.3445600920000045,468380
5.345560092000005,468380
5.346560092000004,0
5.347560092000004,680518
5.348560092000005,511722
5.349560092000004,411542
5.350560092000004,99526
5.351560092000004,1106972
5.3525600920000045,510960
5.353560092000004,657810
5.354560092000004,542826
5.355560092000005,885784
5.356560092000004,596120
5.357560092000004,12772
5.358560092000005,1009148
5.359560092000004,0
5.3605600920000045,434396
5.361560092000005,804298
5.362560092000004,805146
5.363560092000004,0
5.364560092000005,0
5.365560092000004,0
5.366560092000004,0
5.367560092000004,0
5.3685600920000045,0
5.369560092000004,0
5.370560092000004,553540
5.371560092000005,638700
5.372560092000004,356692
5.373560092000004,705998
5.374560092000005,138724
5.375560092000004,586946
5.3765600920000045,273342
5.377560092000005,791158
5.378560092000004,553540
5.379560092000004,638700
5.380560092000005,0
5.381560092000004,0
5.382560092000004,353218
5.383560092000004,723460
5.3845600920000045,754262
5.385560092000004,851600
5.386560092000004,468380
5.387560092000005,609222
5.388560092000004,455278
5.389560092000004,1277400
5.390560092000005,334232
5.391560092000004,572342
5.3925600920000045,319450
5.393560092000005,232534
5.394560092000004,553540
5.395560092000004,468380
5.396560092000005,468380
5.397560092000004,553540
5.398560092000004,20228
5.399560092000004,1044272
5.4005600920000045,638700
5.401560092000004,510960
5.402560092000004,196486
5.403560092000005,399634
5.404560092000004,468380
5.405560092000004,638700
5.406560092000005,291166
5.407560092000004,901074
5.4085600920000045,0
5.409560092000005,800824
5.410560092000004,135936
5.411560092000004,419322
5.412560092000005,722666
5.413560092000004,688952
5.414560092000004,582132
5.415560092000004,359296
5.4165600920000045,700698
5.417560092000004,18494
5.418560092000004,894180
5.419560092000005,951002
5.420560092000004,113498
5.421560092000004,0
5.422560092000005,425800
5.423560092000004,0
5.4245600920000046,0
5.425560092000005,0
5.426560092000004,468380
5.427560092000004,0
5.428560092000005,0
5.4295600920000044,0
5.430560092000004,0
5.431560092000004,446504
5.432560092000005,21930
5.433560092000004,638646
5.434560092000004,422326
5.435560092000005,316392
5.436560092000004,687504
5.4375600920000045,21498
5.438560092000005,174826
5.439560092000004,293554
5.440560092000005,630666
5.441560092000005,658118
5.442560092000004,158936
5.443560092000004,1610
5.444560092000005,422272
5.4455600920000045,168256
5.446560092000004,344622
5.447560092000004,0
5.448560092000005,577118
5.449560092000004,359642
5.450560092000004,1107080
5.451560092000005,891992
5.452560092000004,129928
5.4535600920000045,18726
5.454560092000005,534814
5.455560092000004,510960
5.456560092000005,0
5.457560092000005,0
5.458560092000004,425800
5.459560092000004,0
5.460560092000005,26074
5.4615600920000045,399726
5.462560092000004,0
5.463560092000004,425800
5.464560092000005,0
5.465560092000004,180834
5.466560092000004,713454
5.467560092000005,468272
5.468560092000004,510960
5.4695600920000045,0
5.470560092000005,445920
5.471560092000004,448260
5.472560092000005,0
5.473560092000005,0
5.474560092000004,553540
5.475560092000004,0
5.476560092000005,0
5.4775600920000045,0
5.478560092000004,0
5.479560092000004,596120
5.480560092000005,425800
5.481560092000004,468380
5.482560092000004,793476
5.483560092000005,271024
5.484560092000004,1107080
5.4855600920000045,638700
5.486560092000005,0
5.487560092000004,0
5.488560092000005,220680
5.489560092000005,205120
5.490560092000004,0
5.491560092000004,407306
5.492560092000005,18494
5.4935600920000045,510960
5.494560092000004,933286
5.495560092000004,471854
5.496560092000005,0
5.497560092000004,250342
5.498560092000004,609470
5.499560092000005,1013708
5.500560092000004,0
5.5015600920000045,0
5.502560092000005,156748
5.503560092000004,269052
5.504560092000005,0
5.505560092000005,596120
5.506560092000004,596120
5.507560092000004,425800
5.508560092000005,0
5.5095600920000045,723806
5.510560092000004,255534
5.511560092000004,468380
5.512560092000005,333692
5.513560092000004,305008
5.514560092000004,425800
5.515560092000005,171876
5.516560092000004,339084
5.5175600920000045,0
5.518560092000005,425800
5.519560092000004,468380
5.520560092000005,596120
5.521560092000005,936814
5.522560092000004,1056104
5.523560092000004,732202
5.524560092000005,510960
5.5255600920000045,0
5.526560092000004,0
5.527560092000004,755348
5.528560092000005,223992
5.529560092000004,869100
5.530560092000004,237980
5.531560092000005,0
5.532560092000004,469936
5.5335600920000045,419376
5.534560092000005,941628
5.535560092000004,0
5.536560092000005,463404
5.537560092000005,473356
5.538560092000004,614430
5.539560092000004,1131350
5.540560092000005,468380
5.5415600920000045,611318
5.542560092000004,1006722
5.543560092000004,979340
5.544560092000005,0
5.545560092000004,0
5.546560092000004,0
5.547560092000005,0
5.548560092000004,261396
5.5495600920000046,292144
5.550560092000005,468380
5.551560092000004,0
5.552560092000005,555096
5.553560092000005,41024
5.5545600920000044,596120
5.555560092000004,468380
5.556560092000005,638700
5.557560092000005,623680
5.558560092000004,781460
5.559560092000004,468380
5.560560092000005,425800
5.561560092000004,468380
5.5625600920000045,596120
5.563560092000005,0
5.564560092000004,553540
5.565560092000005,0
5.566560092000005,1021920
5.567560092000004,0
5.568560092000005,0
5.569560092000005,0
5.5705600920000045,0
5.571560092000004,425800
5.572560092000005,0
5.573560092000005,0
5.574560092000004,0
5.575560092000004,596120
5.576560092000005,432986
5.577560092000004,546354
5.5785600920000045,425800
5.579560092000005,451874
5.580560092000004,399726
5.581560092000005,0
5.582560092000005,1064500
5.583560092000004,0
5.584560092000005,0
5.585560092000005,638700
5.5865600920000045,510960
5.587560092000004,638700
5.588560092000005,0
5.589560092000005,0
5.590560092000004,0
5.591560092000004,0
5.592560092000005,468380
5.593560092000004,638700
5.5945600920000045,0
5.595560092000005,0
5.596560092000004,707738
5.597560092000005,275870
5.598560092000005,1060232
5.599560092000004,894180
5.600560092000005,596120
5.601560092000005,468396
5.6025600920000045,894164
5.603560092000004,9552
5.604560092000005,1005420
5.605560092000005,6948
5.606560092000004,0
5.607560092000004,468380
5.608560092000005,1040868
5.609560092000004,193952
5.6105600920000045,512516
5.611560092000005,41024
5.612560092000004,553540
5.613560092000005,510960
5.614560092000005,155300
5.615560092000004,1077964
5.616560092000005,257036
5.617560092000005,894180
5.6185600920000045,425800
5.619560092000004,0
5.620560092000005,0
5.621560092000005,0
5.622560092000004,510960
5.623560092000004,578166
5.624560092000005,471384
5.625560092000004,866550
5.6265600920000045,553540
5.627560092000005,0
5.628560092000004,0
5.629560092000005,553540
5.630560092000005,0
5.631560092000004,357994
5.632560092000005,313242
5.633560092000005,308104
5.6345600920000045,425800
5.635560092000004,0
5.636560092000005,0
5.637560092000005,468380
5.638560092000004,553540
5.639560092000004,104178
5.640560092000005,832582
5.641560092000004,638700
5.6425600920000045,596120
5.643560092000005,131268
5.644560092000004,975812
5.645560092000005,0
5.646560092000005,510960
5.647560092000004,0
5.648560092000005,553540
5.649560092000005,468380
5.6505600920000045,1405140
5.651560092000004,468380
5.652560092000005,2258
5.653560092000005,1615782
5.654560092000004,276832
5.655560092000004,234128
5.656560092000005,0
5.657560092000004,596120
5.6585600920000045,0
5.659560092000005,0
5.660560092000004,553540
5.661560092000005,673354
5.662560092000005,348620
5.663560092000004,468326
5.664560092000005,0
5.665560092000005,0
5.6665600920000045,0
5.667560092000004,425800
5.668560092000005,0
5.669560092000005,553540
5.670560092000004,0
5.671560092000004,553540
5.672560092000005,87926
5.673560092000004,1104314
5.6745600920000046,0
5.675560092000005,0
5.676560092000004,1063760
5.677560092000005,409710
5.678560092000005,144570
5.6795600920000044,0
5.680560092000005,425800
5.681560092000005,1021920
5.682560092000005,468380
5.683560092000004,0
5.684560092000005,0
5.685560092000005,553540
5.686560092000004,0
5.6875600920000045,468380
5.688560092000005,425800
5.689560092000004,267388
5.690560092000005,200992
5.691560092000005,596120
5.692560092000004,0
5.693560092000005,595708
5.694560092000005,1022164
5.6955600920000045,988072
5.696560092000005,986570
5.697560092000005,1156890
5.698560092000005,519692
5.699560092000004,943990
5.700560092000005,518190
5.701560092000005,652462
5.702560092000004,853962
5.7035600920000045,1562062
5.704560092000005,1092196
5.705560092000004,988072
5.706560092000005,944044
5.707560092000005,1156836
5.708560092000004,519692
5.709560092000005,518190
5.710560092000005,1029150
5.7115600920000045,1135878
5.712560092000005,1352782
5.713560092000005,1591702
5.714560092000005,542036
5.715560092000004,54
5.716560092000005,0
5.717560092000005,936760
5.718560092000004,553540
5.7195600920000045,596120
5.720560092000005,0
5.721560092000004,0
5.722560092000005,426000
5.723560092000005,85014
5.724560092000004,468326
5.725560092000005,936760
5.726560092000005,596120
5.7275600920000045,0
5.728560092000005,0
5.729560092000005,0
5.730560092000005,0
5.731560092000004,0
5.732560092000005,1021920
5.733560092000005,272272
5.734560092000004,196108
5.7355600920000045,425800
5.736560092000005,468380
5.737560092000004,468380
5.738560092000005,493082
5.739560092000005,60458
5.740560092000004,468380
5.741560092000005,510960
5.742560092000005,0
5.7435600920000045,0
5.744560092000005,981382
5.745560092000005,1019878
5.746560092000005,468380
5.747560092000004,0
5.748560092000005,425800
5.749560092000005,418436
5.750560092000004,122796
5.7515600920000045,1161968
5.752560092000005,425800
5.753560092000004,164258
5.754560092000005,729922
5.755560092000005,42758
5.756560092000004,510782
5.757560092000005,0
5.758560092000005,0
5.7595600920000045,0
5.760560092000005,468380
5.761560092000005,596282
5.762560092000005,979178
5.763560092000004,510960
5.764560092000005,0
5.765560092000005,1021920
5.766560092000004,0
5.7675600920000045,0
5.768560092000005,0
5.769560092000004,0
5.770560092000005,510960
5.771560092000005,638700
5.772560092000004,0
5.773560092000005,675450
5.774560092000005,985170
5.7755600920000045,0
5.776560092000005,468380
5.777560092000005,0
5.778560092000005,0
5.779560092000004,582786
5.780560092000005,13334
5.781560092000005,282732
5.782560092000004,143068
5.7835600920000045,0
5.784560092000005,261704
5.785560092000004,164096
5.786560092000005,0
5.787560092000005,417820
5.788560092000004,7980
5.789560092000005,1362560
5.790560092000005,0
5.7915600920000045,96884
5.792560092000005,967616
5.793560092000005,553540
5.794560092000005,468380
5.795560092000004,1021920
5.796560092000005,851130
5.797560092000005,298530
5.798560092000004,0
5.7995600920000046,425800
5.800560092000005,510960
5.801560092000004,0
5.802560092000005,553540
5.803560092000005,349490
5.8045600920000044,161470
5.805560092000005,397824
5.806560092000005,27976
5.807560092000005,218908
5.808560092000005,564978
5.809560092000005,205114
5.810560092000005,501300
5.811560092000004,921054
5.812560092000005,705020
5.813560092000005,758406
5.814560092000004,468380
5.815560092000005,425800
5.816560092000005,468380
5.817560092000004,468380
5.818560092000005,894180
5.819560092000005,0
5.8205600920000045,468380
5.821560092000005,4668
5.822560092000005,865934
5.823560092000005,1130658
5.824560092000005,425800
5.825560092000005,92378
5.826560092000005,1057282
5.827560092000004,468380
5.828560092000005,0
5.829560092000005,0
5.830560092000004,0
5.831560092000005,425800
5.832560092000005,526688
5.833560092000004,26852
5.834560092000005,332514
5.835560092000005,274444
5.8365600920000045,427356
5.837560092000005,780412
5.838560092000005,239952
5.839560092000005,425800
5.840560092000005,979340
5.841560092000005,0
5.842560092000005,0
5.843560092000004,510960
5.844560092000005,797566
5.845560092000005,309514
5.846560092000004,425800
5.847560092000005,468380
5.848560092000005,0
5.849560092000004,218384
5.850560092000005,605440
5.851560092000005,870526
5.8525600920000045,434650
5.853560092000005,553540
5.854560092000005,0
5.855560092000005,519232
5.856560092000005,355114
5.857560092000005,564978
5.858560092000005,1115476
5.859560092000004,0
5.860560092000005,382118
5.861560092000005,639802
5.862560092000004,638700
5.863560092000005,425800
5.864560092000005,425800
5.865560092000004,936760
5.866560092000005,468380
5.867560092000005,553540
5.8685600920000045,72690
5.869560092000005,949230
5.870560092000005,425800
5.871560092000005,399542
5.872560092000005,676088
5.873560092000005,584990
5.874560092000005,0
5.875560092000004,425800
5.876560092000005,390660
5.877560092000005,162880
5.878560092000004,0
5.879560092000005,229746
5.880560092000005,238634
5.881560092000004,0
5.882560092000005,457450
5.883560092000005,607050
5.8845600920000045,162
5.885560092000005,1021758
5.886560092000005,468380
5.887560092000005,581170
5.888560092000005,625058
5.889560092000005,922772
5.890560092000005,0
5.891560092000004,0
5.892560092000005,425800
5.893560092000005,42650
5.894560092000004,894110
5.895560092000005,553540
5.896560092000005,1064500
5.897560092000004,0
5.898560092000005,510960
5.899560092000005,979340
5.9005600920000045,0
5.901560092000005,936760
5.902560092000005,442916
5.903560092000005,1534966
5.904560092000005,449178
5.905560092000005,0
5.906560092000005,468380
5.907560092000004,0
5.908560092000005,0
5.909560092000005,0
5.910560092000004,0
5.911560092000005,0
5.912560092000005,936760
5.913560092000004,0
5.914560092000005,0
5.915560092000005,936760
5.9165600920000045,96722
5.917560092000005,371658
5.918560092000005,0
5.919560092000005,0
5.920560092000005,851600
5.921560092000005,553540
5.922560092000005,32082
5.923560092000004,819518
5.924560092000005,0
5.925560092000005,311616
5.926560092000004,241924
5.927560092000005,0
5.928560092000005,0
5.9295600920000044,382496
5.930560092000005,171044
5.931560092000005,0
5.932560092000005,468380
5.933560092000005,54
5.934560092000005,983938
5.935560092000005,37928
5.936560092000005,510960
5.937560092000005,894180
5.938560092000005,0
5.939560092000004,936760
5.9405600920000055,0
5.941560092000005,553540
5.942560092000004,936760
5.943560092000005,0
5.944560092000005,596120
5.9455600920000045,850044
5.946560092000005,257036
5.947560092000005,894180
5.948560092000005,421910
5.949560092000005,46470
5.950560092000005,468380
5.951560092000005,0
5.952560092000005,0
5.953560092000005,393572
5.954560092000005,713508
5.955560092000004,515628
5.9565600920000055,591452
5.957560092000005,468380
5.958560092000004,553540
5.959560092000005,0
5.960560092000005,0
5.9615600920000045,0
5.962560092000005,394820
5.963560092000005,456780
5.964560092000005,0
5.965560092000005,425800
5.966560092000005,553540
5.967560092000005,0
5.968560092000005,0
5.969560092000005,701276
5.970560092000005,278064
5.971560092000004,979340
5.9725600920000055,553540
5.973560092000005,0
5.974560092000004,555096
5.975560092000005,779450
5.976560092000005,368654
5.9775600920000045,553540
5.978560092000005,0
5.979560092000005,596120
5.980560092000005,0
5.981560092000005,425800
5.982560092000005,553540
5.983560092000005,0
5.984560092000005,512516
5.985560092000005,41024
5.986560092000005,468380
5.987560092000004,0
5.9885600920000055,0
5.989560092000005,0
5.990560092000004,425800
5.991560092000005,425800
5.992560092000005,553540
5.9935600920000045,510960
5.994560092000005,1107080
5.995560092000005,1579804
5.996560092000005,804676
5.997560092000005,691340
5.998560092000005,1480240
5.999560092000005,468380
6.000560092000005,510960
6.001560092000005,0
6.002560092000005,596120
6.003560092000004,468380
6.0045600920000055,0
6.005560092000005,468380
6.006560092000004,894180
6.007560092000005,0
6.008560092000005,596120
6.0095600920000045,936760
6.010560092000005,0
6.011560092000005,553540
6.012560092000005,0
6.013560092000005,519064
6.014560092000005,971236
6.015560092000005,510960
6.016560092000005,0
6.017560092000005,0
6.018560092000005,0
6.019560092000004,0
6.0205600920000055,0
6.021560092000005,510960
6.022560092000004,591630
6.023560092000005,387710
6.024560092000005,1155360
6.0255600920000045,888480
6.026560092000005,0
6.027560092000005,425800
6.028560092000005,0
6.029560092000005,425800
6.030560092000005,0
6.031560092000005,979340
6.032560092000005,122202
6.033560092000005,771978
6.034560092000005,425800
6.035560092000004,1160498
6.0365600920000055,1012330
6.037560092000005,222490
6.038560092000004,0
6.039560092000005,0
6.040560092000005,468380
6.0415600920000045,510960
6.042560092000005,0
6.043560092000005,0
6.044560092000005,0
6.045560092000005,0
6.046560092000005,0
6.047560092000005,510960
6.048560092000005,0
6.049560092000005,1664
6.050560092000005,697926
6.051560092000004,1046190
6.0525600920000056,0
6.053560092000005,719770
6.0545600920000044,685370
6.055560092000005,410564
6.056560092000005,352818
6.057560092000005,258538
6.058560092000005,510960
6.059560092000005,0
6.060560092000005,468380
6.061560092000005,1064500
6.062560092000005,0
6.063560092000005,0
6.064560092000005,367460
6.0655600920000055,100920
6.066560092000005,468380
6.067560092000004,553540
6.068560092000006,0
6.069560092000005,1107080
6.0705600920000045,0
6.071560092000005,936760
6.072560092000005,0
6.073560092000005,468380
6.074560092000005,425800
6.075560092000005,468380
6.076560092000005,429684
6.077560092000005,1610666
6.078560092000005,1048802
6.079560092000005,0
6.080560092000005,553540
6.0815600920000055,0
6.082560092000005,0
6.083560092000004,936760
6.084560092000006,0
6.085560092000005,0
6.0865600920000045,425800
6.087560092000005,0
6.088560092000005,0
6.089560092000005,510960
6.090560092000005,0
6.091560092000005,0
6.092560092000005,0
6.093560092000005,553540
6.094560092000005,0
6.095560092000005,425800
6.096560092000005,0
6.0975600920000055,22692
6.098560092000005,445688
6.099560092000004,0
6.100560092000006,468380
6.101560092000005,0
6.1025600920000045,0
6.103560092000005,0
6.104560092000005,553540
6.105560092000005,187420
6.106560092000005,1473200
6.107560092000005,594
6.108560092000005,1021326
6.109560092000005,425800
6.110560092000005,510960
6.111560092000005,425800
6.112560092000005,596120
6.1135600920000055,0
6.114560092000005,0
6.115560092000004,468380
6.116560092000006,54
6.117560092000005,468326
6.1185600920000045,0
6.119560092000005,0
6.120560092000005,553594
6.121560092000005,979394
6.122560092000005,510852
6.123560092000005,468380
6.124560092000005,1474232
6.125560092000005,739928
6.126560092000005,979340
6.127560092000005,638700
6.128560092000005,108
6.1295600920000055,555096
6.130560092000005,1105416
6.131560092000004,553540
6.132560092000006,0
6.133560092000005,425800
6.1345600920000045,468380
6.135560092000005,468380
6.136560092000005,468380
6.137560092000005,638700
6.138560092000005,430090
6.139560092000005,123450
6.140560092000005,468380
6.141560092000005,0
6.142560092000005,0
6.143560092000005,894180
6.144560092000005,553540
6.1455600920000055,1107080
6.146560092000005,556652
6.147560092000004,82048
6.148560092000006,0
6.149560092000005,304938
6.1505600920000045,716982
6.151560092000005,0
6.152560092000005,0
6.153560092000005,0
6.154560092000005,0
6.155560092000005,6602
6.156560092000005,461778
6.157560092000005,0
6.158560092000005,425800
6.159560092000005,468380
6.160560092000005,342342
6.1615600920000055,83458
6.162560092000005,510960
6.163560092000004,596136
6.164560092000006,809004
6.165560092000005,553540
6.1665600920000045,594
6.167560092000005,467786
6.168560092000005,0
6.169560092000005,545684
6.170560092000005,515936
6.171560092000005,897060
6.172560092000005,468380
6.173560092000005,0
6.174560092000005,637144
6.175560092000005,257036
6.176560092000005,638230
6.1775600920000056,468850
6.178560092000005,0
6.1795600920000044,468380
6.180560092000006,510960
6.181560092000005,0
6.182560092000005,0
6.183560092000005,936760
6.184560092000005,1149660
6.185560092000005,29186
6.186560092000005,1375954
6.187560092000005,151372
6.188560092000005,1253768
6.189560092000005,0
6.1905600920000055,0
6.191560092000005,0
6.192560092000005,425800
6.193560092000006,0
6.194560092000005,1021920
6.1955600920000045,358826
6.196560092000006,109554
6.197560092000005,514072
6.198560092000005,82048
6.199560092000005,553540
6.200560092000005,0
6.201560092000005,1021920
6.202560092000005,0
6.203560092000005,92432
6.204560092000005,1089586
6.205560092000005,95382
6.2065600920000055,236478
6.207560092000005,872158
6.208560092000005,446196
6.209560092000006,190948
6.210560092000005,265902
6.2115600920000045,537618
6.212560092000006,773496
6.213560092000005,41024
6.214560092000005,1064500
6.215560092000005,0
6.216560092000005,298838
6.217560092000005,169542
6.218560092000005,302728
6.219560092000005,123072
6.220560092000005,427356
6.221560092000005,44568
6.2225600920000055,422256
6.223560092000005,553540
6.224560092000005,0
6.225560092000006,0
6.226560092000005,468380
6.2275600920000045,0
6.228560092000006,0
6.229560092000005,0
6.230560092000005,425800
6.231560092000005,553540
6.232560092000005,510960
6.233560092000005,675342
6.234560092000005,880938
6.235560092000005,702016
6.236560092000005,696246
6.237560092000005,749918
6.2385600920000055,1021920
6.239560092000005,0
6.240560092000005,425800
6.241560092000006,0
6.242560092000005,638700
6.2435600920000045,0
6.244560092000006,468380
6.245560092000005,553540
6.246560092000005,553540
6.247560092000005,425800
6.248560092000005,0
6.249560092000005,0
6.250560092000005,979340
6.251560092000005,0
6.252560092000005,0
6.253560092000005,553540
6.2545600920000055,468380
6.255560092000005,468380
6.256560092000005,468380
6.257560092000006,979340
6.258560092000005,9606
6.2595600920000045,884574
6.260560092000006,468380
6.261560092000005,0
6.262560092000005,0
6.263560092000005,0
6.264560092000005,510960
6.265560092000005,510960
6.266560092000005,0
6.267560092000005,0
6.268560092000005,0
6.269560092000005,0
6.2705600920000055,0
6.271560092000005,4560
6.272560092000005,1059940
6.273560092000006,553540
6.274560092000005,1021920
6.2755600920000045,23070
6.276560092000006,402730
6.277560092000005,469936
6.278560092000005,41024
6.279560092000005,510960
6.280560092000005,701546
6.281560092000005,490694
6.282560092000005,0
6.283560092000005,584574
6.284560092000005,309606
6.285560092000005,1064500
6.2865600920000055,14220
6.287560092000005,1135440
6.288560092000005,437070
6.289560092000006,1034104
6.290560092000005,528276
6.2915600920000045,129550
6.292560092000006,0
6.293560092000005,428858
6.294560092000005,39522
6.295560092000005,0
6.296560092000005,165814
6.297560092000005,302566
6.298560092000005,638700
6.299560092000005,0
6.300560092000005,553540
6.301560092000005,0
6.3025600920000056,572158
6.303560092000005,1003302
6.304560092000005,468434
6.305560092000006,1573434
6.306560092000005,463874
6.307560092000005,645178
6.308560092000006,468380
6.309560092000005,0
6.310560092000005,0
6.311560092000005,0
6.312560092000005,1064500
6.313560092000005,468380
6.314560092000005,468380
6.3155600920000055,553540
6.316560092000005,36642
6.317560092000005,1027858
6.318560092000006,425800
6.319560092000005,0
6.320560092000005,425800
6.321560092000006,0
6.322560092000005,638700
6.323560092000005,0
6.324560092000006,76218
6.325560092000005,860542
6.326560092000005,425800
6.327560092000005,425800
6.328560092000005,553540
6.329560092000005,0
6.330560092000005,0
6.3315600920000055,596120
6.332560092000005,148260
6.333560092000005,873660
6.334560092000006,754008
6.335560092000005,353072
6.336560092000005,0
6.337560092000006,596120
6.338560092000005,0
6.339560092000005,0
6.340560092000006,0
6.341560092000005,0
6.342560092000005,425800
6.343560092000005,0
6.344560092000005,0
6.345560092000005,0
6.346560092000005,587162
6.3475600920000055,903138
6.348560092000005,81810
6.349560092000005,471730
6.350560092000006,425854
6.351560092000005,1149606
6.352560092000005,596120
6.353560092000006,0
6.354560092000005,510960
6.355560092000005,510960
6.356560092000006,553540
6.357560092000005,468380
6.358560092000005,596120
6.359560092000005,0
6.360560092000005,425800
6.361560092000005,936760
6.362560092000005,343482
6.3635600920000055,167586
6.364560092000005,425692
6.365560092000005,162
6.366560092000006,553378
6.367560092000005,468380
6.368560092000005,0
6.369560092000006,979340
6.370560092000005,425800
6.371560092000005,425800
6.372560092000006,1149660
6.373560092000005,0
6.374560092000005,425800
6.375560092000005,510960
6.376560092000005,0
6.377560092000005,1064500
6.378560092000005,23178
6.3795600920000055,1378488
6.380560092000005,557014
6.381560092000005,463188
6.382560092000006,132932
6.383560092000005,304284
6.384560092000005,172308
6.385560092000006,545328
6.386560092000005,425800
6.387560092000005,553540
6.388560092000006,468380
6.389560092000005,0
6.390560092000005,0
6.391560092000005,468380
6.392560092000005,229314
6.393560092000005,792606
6.394560092000005,1064500
6.3955600920000055,275622
6.396560092000005,320498
6.397560092000005,0
6.398560092000006,0
6.399560092000005,0
6.400560092000005,468380
6.401560092000006,0
6.402560092000005,851600
6.403560092000005,1021920
6.404560092000006,0
6.405560092000005,0
6.406560092000005,24572
6.407560092000005,615106
6.408560092000005,254502
6.409560092000005,625344
6.410560092000005,439156
6.4115600920000055,553540
6.412560092000005,1107080
6.413560092000005,0
6.414560092000006,468380
6.415560092000005,45654
6.416560092000005,891106
6.417560092000006,0
6.418560092000005,425800
6.419560092000005,1064500
6.420560092000006,0
6.421560092000005,894180
6.422560092000005,510960
6.423560092000005,0
6.424560092000005,553540
6.425560092000005,425800
6.426560092000005,952650
6.4275600920000056,154430
6.428560092000005,354012
6.429560092000005,242108
6.430560092000006,0
6.431560092000005,0
6.4325600920000054,586638
6.433560092000006,250396
6.434560092000005,227466
6.435560092000005,468380
6.436560092000006,553540
6.437560092000005,894180
6.438560092000005,468380
6.439560092000005,417874
6.4405600920000055,646626
6.441560092000005,510960
6.442560092000005,0
6.443560092000006,0
6.444560092000005,596120
6.445560092000005,571726
6.446560092000006,407614
6.447560092000005,0
6.4485600920000055,0
6.449560092000006,1064500
6.450560092000005,0
6.451560092000005,638700
6.452560092000006,638700
6.453560092000005,425800
6.454560092000005,274590
6.455560092000005,321530
6.4565600920000055,0
6.457560092000005,468380
6.458560092000005,0
6.459560092000006,425800
6.460560092000005,638700
6.461560092000005,979340
6.462560092000006,147844
6.463560092000005,363116
6.4645600920000055,1107080
6.465560092000006,0
6.466560092000005,452890
6.467560092000005,100304
6.468560092000006,468726
6.469560092000005,597676
6.470560092000005,41024
6.471560092000005,468380
6.4725600920000055,27576
6.473560092000005,951764
6.474560092000005,894180
6.475560092000006,0
6.476560092000005,0
6.477560092000005,425800
6.478560092000006,694744
6.479560092000005,1221356
6.4805600920000055,468380
6.481560092000006,468380
6.482560092000005,0
6.483560092000005,398116
6.484560092000006,418214
6.485560092000005,711628
6.486560092000005,47502
6.487560092000005,0
6.4885600920000055,510960
6.489560092000005,346432
6.490560092000005,590328
6.491560092000006,894180
6.492560092000005,1239780
6.493560092000005,207940
6.494560092000006,0
6.495560092000005,510960
6.4965600920000055,0
6.497560092000006,426340
6.498560092000005,425260
6.499560092000005,638700
6.500560092000006,468380
6.501560092000005,0
6.502560092000005,425800
6.503560092000005,216936
6.5045600920000055,294024
6.505560092000005,0
6.506560092000005,596120
6.507560092000006,614430
6.508560092000005,981626
6.509560092000005,234884
6.510560092000006,378460
6.511560092000005,513142
6.5125600920000055,513684
6.513560092000006,715148
6.514560092000005,74538
6.515560092000005,0
6.516560092000006,553540
6.517560092000005,596120
6.518560092000005,894180
6.519560092000005,384922
6.5205600920000055,551838
6.521560092000005,553540
6.522560092000005,468380
6.523560092000006,24788
6.524560092000005,571332
6.525560092000005,0
6.526560092000006,936760
6.527560092000005,0
6.5285600920000055,0
6.529560092000006,553540
6.530560092000005,887702
6.531560092000005,645178
6.532560092000006,0
6.533560092000005,0
6.534560092000005,646750
6.535560092000005,1609990
6.5365600920000055,979340
6.537560092000005,596120
6.538560092000005,425800
6.539560092000006,425800
6.540560092000005,437978
6.541560092000005,882002
6.542560092000006,425800
6.543560092000005,0
6.5445600920000055,0
6.545560092000006,0
6.546560092000005,639294
6.547560092000005,936166
6.548560092000006,468380
6.549560092000005,0
6.550560092000005,468380
6.551560092000005,468380
6.5525600920000056,0
6.553560092000005,468380
6.554560092000005,0
6.555560092000006,0
6.556560092000005,0
6.5575600920000054,0
6.558560092000006,894180
6.559560092000005,536224
6.560560092000006,59896
6.561560092000006,0
6.562560092000005,1017176
6.563560092000005,1026664
6.564560092000006,0
6.5655600920000055,643854
6.566560092000005,505806
6.567560092000005,0
6.568560092000006,0
6.569560092000005,0
6.570560092000005,554696
6.571560092000006,467224
6.572560092000005,0
6.5735600920000055,0
6.574560092000006,468380
6.575560092000005,0
6.576560092000006,0
6.577560092000006,596120
6.578560092000005,553540
6.579560092000005,394658
6.580560092000006,201462
6.5815600920000055,0
6.582560092000005,0
6.583560092000005,327900
6.584560092000006,183060
6.585560092000005,427356
6.586560092000005,206946
6.587560092000006,941158
6.588560092000005,0
6.5895600920000055,979340
6.590560092000006,564762
6.591560092000005,31358
6.592560092000006,0
6.593560092000006,229800
6.594560092000005,281160
6.595560092000005,0
6.596560092000006,493114
6.5975600920000055,528806
6.598560092000005,0
6.599560092000005,468380
6.600560092000006,401352
6.601560092000005,67028
6.602560092000005,0
6.603560092000006,553540
6.604560092000005,185340
6.6055600920000055,283040
6.606560092000006,0
6.607560092000005,106400
6.608560092000006,894180
6.609560092000006,0
6.610560092000005,468380
6.611560092000005,0
6.612560092000006,962078
6.6135600920000055,344130
6.614560092000005,293300
6.615560092000005,359172
6.616560092000006,271948
6.617560092000005,401984
6.618560092000005,433148
6.619560092000006,468380
6.620560092000005,0
6.6215600920000055,0
6.622560092000006,0
6.623560092000005,623226
6.624560092000006,867074
6.625560092000006,285412
6.626560092000005,651348
6.627560092000005,851600
6.628560092000006,553540
6.6295600920000055,510960
6.630560092000005,1021920
6.631560092000005,468380
6.632560092000006,651472
6.633560092000005,583402
6.634560092000005,799846
6.635560092000006,222020
6.636560092000005,420824
6.6375600920000055,13080
6.638560092000006,1056396
6.639560092000005,1064500
6.640560092000006,658928
6.641560092000006,533312
6.642560092000005,562260
6.643560092000005,970620
6.644560092000006,0
6.6455600920000055,468380
6.646560092000005,1107080
6.647560092000005,450448
6.648560092000006,571472
6.649560092000005,468380
6.650560092000005,0
6.651560092000006,510960
6.652560092000005,510960
6.6535600920000055,468380
6.654560092000006,0
6.655560092000005,12124
6.656560092000006,456256
6.657560092000006,936760
6.658560092000005,45762
6.659560092000005,507778
6.660560092000006,0
6.6615600920000055,857754
6.662560092000005,36426
6.663560092000005,468380
6.664560092000006,596120
6.665560092000005,468380
6.666560092000005,0
6.667560092000006,824240
6.668560092000005,69940
6.6695600920000055,0
6.670560092000006,638700
6.671560092000005,0
6.672560092000006,1107080
6.673560092000006,425800
6.674560092000005,468380
6.675560092000005,0
6.676560092000006,468380
6.6775600920000056,0
6.678560092000005,113244
6.679560092000005,355136
6.680560092000006,425800
6.681560092000005,425800
6.6825600920000054,0
6.683560092000006,425800
6.684560092000005,0
6.685560092000006,596282
6.686560092000006,1149498
6.687560092000005,0
6.688560092000006,468380
6.689560092000006,502072
6.6905600920000055,477268
6.691560092000005,553540
6.692560092000006,0
6.693560092000006,0
6.694560092000005,0
6.695560092000005,990556
6.696560092000006,784594
6.697560092000005,183530
6.6985600920000055,0
6.699560092000006,555150
6.700560092000005,1331834
6.701560092000006,242016
6.702560092000006,666368
6.703560092000005,866512
6.704560092000006,638700
6.705560092000006,199344
6.7065600920000055,740528
6.707560092000005,82048
6.708560092000006,0
6.709560092000006,577156
6.710560092000005,626300
6.711560092000005,562606
6.712560092000006,1171958
6.713560092000005,0
6.7145600920000055,0
6.715560092000006,0
6.716560092000005,0
6.717560092000006,425800
6.718560092000006,0
6.719560092000005,0
6.720560092000006,0
6.721560092000006,0
6.7225600920000055,553540
6.723560092000005,0
6.724560092000006,1352402
6.725560092000006,1071730
6.726560092000005,518190
6.727560092000005,518190
6.728560092000006,1029150
6.729560092000005,1073232
6.7305600920000055,986570
6.731560092000006,518190
6.732560092000005,988072
6.733560092000006,980632
6.734560092000006,1700770
6.735560092000005,982588
6.736560092000006,794752
6.737560092000006,518190
6.7385600920000055,519692
6.739560092000005,518190
6.740560092000006,986570
6.741560092000006,518190
6.742560092000005,519692
6.743560092000005,1071730
6.744560092000006,1114310
6.745560092000005,473262
6.7465600920000055,425800
6.747560092000006,0
6.748560092000005,0
6.749560092000006,0
6.750560092000006,375856
6.751560092000005,531010
6.752560092000006,267712
6.753560092000006,656362
6.7545600920000055,425800
6.755560092000005,0
6.756560092000006,468380
6.757560092000006,0
6.758560092000005,0
6.759560092000005,638700
6.760560092000006,638700
6.761560092000005,553540
6.7625600920000055,0
6.763560092000006,0
6.764560092000005,468380
6.765560092000006,468380
6.766560092000006,682852
6.767560092000005,892608
6.768560092000006,553540
6.769560092000006,140280
6.7705600920000055,328100
6.771560092000005,0
6.772560092000006,0
6.773560092000006,0
6.774560092000005,425800
6.775560092000005,0
6.776560092000006,0
6.777560092000005,0
6.7785600920000055,553540
6.779560092000006,425800
6.780560092000005,0
6.781560092000006,0
6.782560092000006,553540
6.783560092000005,553540
6.784560092000006,155208
6.785560092000006,313172
6.7865600920000055,304284
6.787560092000005,164096
6.788560092000006,468380
6.789560092000006,296250
6.790560092000005,515882
6.791560092000005,90152
6.792560092000006,460384
6.793560092000005,521420
6.7945600920000055,32012
6.795560092000006,0
6.796560092000005,553540
6.797560092000006,54
6.798560092000006,1012384
6.799560092000005,406166
6.800560092000006,975704
6.801560092000006,117912
6.8025600920000056,0
6.803560092000005,0
6.804560092000006,0
6.805560092000006,553540
6.806560092000005,468380
6.8075600920000054,892354
6.808560092000006,480304
6.809560092000005,458282
6.810560092000006,596120
6.811560092000006,425800
6.812560092000005,510960
6.813560092000006,1020980
6.814560092000006,469320
6.8155600920000055,425800
6.816560092000006,0
6.817560092000006,0
6.818560092000006,0
6.819560092000005,468380
6.820560092000006,510960
6.821560092000006,180996
6.822560092000005,883504
6.8235600920000055,894180
6.824560092000006,468380
6.825560092000005,644254
6.826560092000006,377666
6.827560092000006,468380
6.828560092000005,0
6.829560092000006,1021920
6.830560092000006,0
6.8315600920000055,0
6.832560092000006,468380
6.833560092000006,553540
6.834560092000006,468380
6.835560092000005,670890
6.836560092000006,904570
6.837560092000006,876406
6.838560092000005,720294
6.8395600920000055,425800
6.840560092000006,638700
6.841560092000005,308466
6.842560092000006,754062
6.843560092000006,245382
6.844560092000005,267550
6.845560092000006,468380
6.846560092000006,0
6.8475600920000055,0
6.848560092000006,510960
6.849560092000006,0
6.850560092000006,510960
6.851560092000005,239012
6.852560092000006,879814
6.853560092000006,73468
6.854560092000005,522560
6.8555600920000055,73506
6.856560092000006,512516
6.857560092000005,594564
6.858560092000006,0
6.859560092000006,596120
6.860560092000005,553540
6.861560092000006,936760
6.862560092000006,0
6.8635600920000055,0
6.864560092000006,554172
6.865560092000006,425168
6.866560092000006,1192240
6.867560092000005,387780
6.868560092000006,463820
6.869560092000006,0
6.870560092000005,0
6.8715600920000055,165922
6.872560092000006,813418
6.873560092000005,0
6.874560092000006,0
6.875560092000006,468380
6.876560092000005,900350
6.877560092000006,1058330
6.878560092000006,468380
6.8795600920000055,0
6.880560092000006,0
6.881560092000006,425800
6.882560092000006,894180
6.883560092000005,638700
6.884560092000006,553540
6.885560092000006,108
6.886560092000005,1192132
6.8875600920000055,0
6.888560092000006,510960
6.889560092000005,0
6.890560092000006,553540
6.891560092000006,0
6.892560092000005,0
6.893560092000006,596120
6.894560092000006,0
6.8955600920000055,468380
6.896560092000006,0
6.897560092000006,553540
6.898560092000006,553540
6.899560092000005,0
6.900560092000006,979340
6.901560092000006,0
6.902560092000005,0
6.9035600920000055,1064500
6.904560092000006,425800
6.905560092000005,0
6.906560092000006,1021920
6.907560092000006,261704
6.908560092000005,164096
6.909560092000006,471492
6.910560092000006,82048
6.9115600920000055,425800
6.912560092000006,0
6.913560092000006,0
6.914560092000006,0
6.915560092000005,0
6.916560092000006,510960
6.917560092000006,0
6.918560092000005,626214
6.9195600920000055,12486
6.920560092000006,139302
6.921560092000005,1265838
6.922560092000006,0
6.923560092000006,626338
6.924560092000005,481282
6.925560092000006,425260
6.926560092000006,425800
6.9275600920000056,729414
6.928560092000006,377666
6.929560092000006,0
6.930560092000006,425800
6.931560092000005,0
6.932560092000006,108
6.933560092000006,894234
6.934560092000005,1021758
6.935560092000006,894180
6.936560092000006,425800
6.937560092000005,894342
6.938560092000006,1106918
6.939560092000006,411342
6.9405600920000055,210782
6.941560092000006,307412
6.942560092000006,1156884
6.943560092000006,0
6.944560092000006,0
6.945560092000006,0
6.946560092000006,596120
6.947560092000005,425800
6.948560092000006,200360
6.949560092000006,821560
6.950560092000005,0
6.951560092000006,0
6.952560092000006,468380
6.953560092000005,936760
6.954560092000006,108
6.955560092000006,894072
6.9565600920000055,0
6.957560092000006,0
6.958560092000006,1021920
6.959560092000006,0
6.960560092000006,638700
6.961560092000006,468380
6.962560092000006,468380
6.963560092000005,0
6.964560092000006,1107080
6.965560092000006,425800
6.966560092000005,0
6.967560092000006,425800
6.968560092000006,894180
6.969560092000005,1003426
6.970560092000006,614614
6.971560092000006,517362
6.9725600920000055,898616
6.973560092000006,425800
6.974560092000006,60620
6.975560092000006,365180
6.976560092000006,8050
6.977560092000006,886130
6.978560092000006,0
6.979560092000005,0
6.980560092000006,0
6.981560092000006,0
6.982560092000005,0
6.983560092000006,490164
6.984560092000006,574336
6.985560092000005,894180
6.986560092000006,468380
6.987560092000006,439010
6.9885600920000055,668070
6.989560092000006,985132
6.990560092000006,562352
6.991560092000006,27976
6.992560092000006,468380
6.993560092000006,468380
6.994560092000006,1234820
6.995560092000005,510960
6.996560092000006,0
6.997560092000006,553540
6.998560092000005,0
6.999560092000006,0
7.000560092000006,936760
7.001560092000005,425800
7.002560092000006,54
7.003560092000006,1277346
7.0045600920000055,553540
7.005560092000006,468380
7.006560092000006,419322
7.007560092000006,432278
7.008560092000006,117670
7.009560092000006,1053230
7.010560092000006,75748
7.011560092000005,435374
7.012560092000006,1021758
7.013560092000006,0
7.014560092000005,0
7.015560092000006,425800
7.016560092000006,979340
7.017560092000005,468380
7.018560092000006,0
7.019560092000006,0
7.0205600920000055,54
7.021560092000006,553486
7.022560092000006,468380
7.023560092000006,0
7.024560092000006,936760
7.025560092000006,277540
7.026560092000006,276000
7.027560092000005,0
7.028560092000006,162
7.029560092000006,553432
7.030560092000005,425746
7.031560092000006,641812
7.032560092000006,398888
7.033560092000005,577340
7.034560092000006,553540
7.035560092000006,559710
7.0365600920000055,632530
7.037560092000006,468380
7.038560092000006,367784
7.039560092000006,58016
7.040560092000006,468380
7.041560092000006,532200
7.042560092000006,0
7.043560092000005,510960
7.044560092000006,425800
7.045560092000006,894180
7.046560092000005,662910
7.047560092000006,486750
7.048560092000006,0
7.049560092000005,979340
7.050560092000006,553540
7.051560092000006,468380
7.0525600920000056,0
7.053560092000006,425800
7.054560092000006,0
7.055560092000006,425800
7.056560092000006,425800
7.057560092000006,1064500
7.058560092000006,478532
7.059560092000005,544944
7.0605600920000064,41024
7.061560092000006,0
7.062560092000005,425800
7.063560092000006,425800
7.064560092000006,700822
7.0655600920000055,363678
7.066560092000006,0
7.067560092000006,0
7.068560092000006,425800
7.069560092000006,0
7.070560092000006,0
7.071560092000006,851600
7.072560092000006,979340
7.073560092000006,0
7.074560092000006,0
7.075560092000005,0
7.0765600920000065,0
7.077560092000006,0
7.078560092000005,468380
7.079560092000006,0
7.080560092000006,510960
7.0815600920000055,0
7.082560092000006,0
7.083560092000006,468380
7.084560092000006,0
7.085560092000006,0
7.086560092000006,861012
7.087560092000006,160908
7.088560092000006,654698
7.089560092000006,239482
7.090560092000006,0
7.091560092000005,0
7.0925600920000065,0
7.093560092000006,690924
7.094560092000005,1486340
7.095560092000006,375202
7.096560092000006,87494
7.0975600920000055,0
7.098560092000006,0
7.099560092000006,0
7.100560092000006,345308
7.101560092000006,538758
7.102560092000006,172454
7.103560092000006,55352
7.104560092000006,562320
7.105560092000006,29008
7.106560092000006,30796
7.107560092000005,699542
7.1085600920000065,717382
7.109560092000006,0
7.110560092000005,927532
7.111560092000006,559294
7.112560092000006,429274
7.1135600920000055,510960
7.114560092000006,0
7.115560092000006,0
7.116560092000006,0
7.117560092000006,281630
7.118560092000006,314490
7.119560092000006,97408
7.120560092000006,1179992
7.121560092000006,0
7.122560092000006,0
7.123560092000005,0
7.1245600920000065,0
7.125560092000006,1064500
7.126560092000005,0
7.127560092000006,54
7.128560092000006,468326
7.1295600920000055,468380
7.130560092000006,638862
7.131560092000006,979178
7.132560092000006,553540
7.133560092000006,468380
7.134560092000006,0
7.135560092000006,894180
7.136560092000006,468380
7.137560092000006,510960
7.138560092000006,425800
7.139560092000005,0
7.1405600920000065,0
7.141560092000006,468380
7.142560092000005,553540
7.143560092000006,425800
7.144560092000006,596120
7.1455600920000055,496032
7.146560092000006,14928
7.147560092000006,468380
7.148560092000006,0
7.149560092000006,596120
7.150560092000006,725886
7.151560092000006,338614
7.152560092000006,425800
7.153560092000006,0
7.154560092000006,0
7.155560092000005,0
7.1565600920000065,0
7.157560092000006,638700
7.158560092000005,638700
7.159560092000006,425800
7.160560092000006,596120
7.1615600920000055,553540
7.162560092000006,425800
7.163560092000006,553594
7.164560092000006,468326
7.165560092000006,425800
7.166560092000006,596120
7.167560092000006,0
7.168560092000006,95436
7.169560092000006,1011644
7.170560092000006,0
7.171560092000005,0
7.1725600920000065,455894
7.173560092000006,566026
7.174560092000005,0
7.175560092000006,553540
7.176560092000006,0
7.1775600920000056,596120
7.178560092000006,0
7.179560092000006,1021920
7.180560092000006,468542
7.181560092000006,1150492
7.182560092000006,339646
7.183560092000006,0
7.184560092000006,510960
7.1855600920000064,468380
7.186560092000006,894180
7.187560092000005,510960
7.188560092000007,0
7.189560092000006,1021920
7.1905600920000055,553540
7.191560092000006,0
7.192560092000006,0
7.193560092000006,425800
7.194560092000006,0
7.195560092000006,638700
7.196560092000006,0
7.197560092000006,0
7.198560092000006,510960
7.199560092000006,0
7.200560092000006,0
7.2015600920000065,4668
7.202560092000006,657264
7.203560092000005,956108
7.204560092000007,596120
7.205560092000006,0
7.2065600920000055,0
7.207560092000006,894180
7.208560092000006,491612
7.209560092000006,998688
7.210560092000006,0
7.211560092000006,483654
7.212560092000006,580846
7.213560092000006,638700
7.214560092000006,430452
7.215560092000006,1068114
7.216560092000006,587854
7.2175600920000065,0
7.218560092000006,0
7.219560092000005,0
7.220560092000007,425800
7.221560092000006,0
7.2225600920000055,456040
7.223560092000006,608460
7.224560092000006,0
7.225560092000006,980426
7.226560092000006,41494
7.227560092000006,0
7.228560092000006,339808
7.229560092000006,194784
7.230560092000006,1017868
7.231560092000006,207216
7.232560092000006,284164
7.2335600920000065,158774
7.234560092000006,309606
7.235560092000005,596120
7.236560092000007,0
7.237560092000006,0
7.2385600920000055,468380
7.239560092000006,553540
7.240560092000006,425800
7.241560092000006,468380
7.242560092000006,510960
7.243560092000006,361036
7.244560092000006,149924
7.245560092000006,74138
7.246560092000006,947782
7.247560092000006,1021920
7.248560092000006,0
7.2495600920000065,6710
7.250560092000006,546830
7.251560092000005,1064500
7.252560092000007,384036
7.253560092000006,126924
7.2545600920000055,468434
7.255560092000006,530594
7.256560092000006,956664
7.257560092000006,386208
7.258560092000006,54
7.259560092000006,1103552
7.260560092000006,330796
7.261560092000006,525672
7.262560092000006,211506
7.263560092000006,389374
7.264560092000006,398348
7.2655600920000065,702578
7.266560092000006,0
7.267560092000005,574622
7.268560092000007,59642
7.269560092000006,430398
7.2705600920000055,1149498
7.271560092000006,54
7.272560092000006,469570
7.273560092000006,322038
7.274560092000006,703534
7.275560092000006,507308
7.276560092000006,54
7.277560092000006,425800
7.278560092000006,1021866
7.279560092000006,0
7.280560092000006,596120
7.2815600920000065,0
7.282560092000006,468380
7.283560092000005,468380
7.284560092000007,468380
7.285560092000006,0
7.2865600920000055,0
7.287560092000006,0
7.288560092000006,1128778
7.289560092000006,489262
7.290560092000006,0
7.291560092000006,510960
7.292560092000006,35356
7.293560092000006,603344
7.294560092000006,0
7.295560092000006,553540
7.296560092000006,0
7.2975600920000065,0
7.298560092000006,894180
7.299560092000005,468380
7.300560092000007,596120
7.301560092000006,468380
7.3025600920000056,0
7.303560092000006,0
7.304560092000006,510960
7.305560092000006,468380
7.306560092000006,0
7.307560092000006,1064500
7.308560092000006,596120
7.309560092000006,0
7.3105600920000064,468380
7.311560092000006,0
7.312560092000006,54
7.313560092000007,1064446
7.314560092000006,463042
7.3155600920000055,90498
7.316560092000007,397554
7.317560092000006,279166
7.318560092000006,260040
7.319560092000006,425800
7.320560092000006,54
7.321560092000006,1405086
7.322560092000006,471692
7.323560092000006,167008
7.324560092000006,0
7.325560092000006,110456
7.3265600920000065,1104784
7.327560092000006,700860
7.328560092000006,596120
7.329560092000007,468380
7.330560092000006,425800
7.3315600920000055,0
7.332560092000007,0
7.333560092000006,638700
7.334560092000006,1021920
7.335560092000006,425800
7.336560092000006,936760
7.337560092000006,780158
7.338560092000006,71442
7.339560092000006,0
7.340560092000006,425800
7.341560092000006,638700
7.3425600920000065,0
7.343560092000006,318536
7.344560092000006,1620294
7.345560092000007,523166
7.346560092000006,1115812
7.3475600920000055,1071730
7.348560092000007,1156890
7.349560092000006,988072
7.350560092000006,908704
7.351560092000006,776798
7.352560092000006,807330
7.353560092000006,518190
7.354560092000006,518190
7.355560092000006,863444
7.356560092000006,600238
7.357560092000006,518190
7.3585600920000065,986570
7.359560092000006,585342
7.360560092000006,920920
7.361560092000007,1073286
7.362560092000006,521194
7.3635600920000055,557712
7.364560092000007,185646
7.365560092000006,553540
7.366560092000006,415162
7.367560092000006,524710
7.368560092000006,82048
7.369560092000006,489462
7.370560092000006,406004
7.371560092000006,126454
7.372560092000006,553540
7.373560092000006,0
7.3745600920000065,903338
7.375560092000006,33422
7.376560092000006,0
7.377560092000007,979340
7.378560092000006,638700
7.3795600920000055,0
7.380560092000007,0
7.381560092000006,849158
7.382560092000006,2442
7.383560092000006,0
7.384560092000006,468488
7.385560092000006,553432
7.386560092000006,894180
7.387560092000006,368346
7.388560092000006,57454
7.389560092000006,548564
7.3905600920000065,430830
7.391560092000006,553486
7.392560092000006,553540
7.393560092000007,468380
7.394560092000006,693188
7.3955600920000055,669372
7.396560092000007,596120
7.397560092000006,54
7.398560092000006,1064446
7.399560092000006,425800
7.400560092000006,0
7.401560092000006,553540
7.402560092000006,36696
7.403560092000006,480434
7.404560092000006,547370
7.405560092000006,0
7.4065600920000065,425962
7.407560092000006,510798
7.408560092000006,596120
7.409560092000007,348420
7.410560092000006,205120
7.4115600920000055,434866
7.412560092000007,482714
7.413560092000006,287108
7.414560092000006,335864
7.415560092000006,588448
7.416560092000006,0
7.417560092000006,0
7.418560092000006,0
7.419560092000006,392286
7.420560092000006,501894
7.421560092000006,54
7.4225600920000065,871796
7.423560092000006,575870
7.424560092000006,0
7.425560092000007,0
7.426560092000006,0
7.4275600920000056,0
7.428560092000007,468380
7.429560092000006,54
7.430560092000006,596066
7.431560092000006,0
7.432560092000006,979340
7.433560092000006,1107080
7.434560092000006,0
7.4355600920000064,0
7.436560092000006,0
7.437560092000006,272580
7.438560092000007,366120
7.439560092000006,113244
7.440560092000006,355136
7.441560092000007,0
7.442560092000006,202332
7.443560092000006,795210
7.444560092000007,492758
7.445560092000006,797566
7.446560092000006,309514
7.447560092000006,553540
7.448560092000006,0
7.449560092000006,0
7.450560092000006,0
7.4515600920000065,468380
7.452560092000006,1192240
7.453560092000006,0
7.454560092000007,553540
7.455560092000006,468380
7.456560092000006,1064500
7.457560092000007,11108
7.458560092000006,457272
7.459560092000006,0
7.460560092000007,0
7.461560092000006,622356
7.462560092000006,527304
7.463560092000006,468380
7.464560092000006,468380
7.465560092000006,0
7.466560092000006,0
7.4675600920000065,0
7.468560092000006,468380
7.469560092000006,255372
7.470560092000007,213008
7.471560092000006,596120
7.472560092000006,553540
7.473560092000007,354374
7.474560092000006,156586
7.475560092000006,108
7.476560092000007,554988
7.477560092000006,41024
7.478560092000006,0
7.479560092000006,596120
7.480560092000006,639294
7.481560092000006,467786
7.482560092000006,0
7.4835600920000065,553540
7.484560092000006,0
7.485560092000006,510960
7.486560092000007,1068120
7.487560092000006,507340
7.488560092000006,510960
7.489560092000007,566242
7.490560092000006,478964
7.491560092000006,572834
7.492560092000007,525288
7.493560092000006,624372
7.494560092000006,553540
7.495560092000006,425800
7.496560092000006,980896
7.497560092000006,1062944
7.498560092000006,553540
7.4995600920000065,468380
7.500560092000006,0
7.501560092000006,0
7.502560092000007,0
7.503560092000006,979340
7.504560092000006,468380
7.505560092000007,425800
7.506560092000006,35140
7.507560092000006,1339582
7.508560092000007,30418
7.509560092000006,1021920
7.510560092000006,1021920
7.511560092000006,0
7.512560092000006,468380
7.513560092000006,0
7.514560092000006,0
7.5155600920000065,468380
7.516560092000006,0
7.517560092000006,468380
7.518560092000007,553540
7.519560092000006,425800
7.520560092000006,468380
7.521560092000007,0
7.522560092000006,468380
7.523560092000006,0
7.524560092000007,0
7.525560092000006,425800
7.526560092000006,0
7.527560092000006,0
7.528560092000006,1030024
7.529560092000006,928656
7.530560092000006,468380
7.5315600920000065,1031472
7.532560092000006,859494
7.533560092000006,195454
7.534560092000007,307396
7.535560092000006,246144
7.536560092000006,596120
7.537560092000007,468380
7.538560092000006,571688
7.539560092000006,997294
7.540560092000007,6478
7.541560092000006,425800
7.542560092000006,214456
7.543560092000006,892624
7.544560092000006,553540
7.545560092000006,0
7.546560092000006,0
7.5475600920000065,425908
7.548560092000006,1102104
7.549560092000006,388088
7.550560092000007,0
7.551560092000006,0
7.552560092000006,197356
7.553560092000007,696824
7.554560092000006,553540
7.555560092000006,468380
7.556560092000007,975072
7.557560092000006,153522
7.558560092000006,705458
7.559560092000006,82048
7.5605600920000064,0
7.561560092000006,0
7.562560092000006,427356
7.563560092000007,41024
7.564560092000006,553540
7.565560092000006,579128
7.566560092000007,191672
7.567560092000006,251120
7.5685600920000065,471492
7.569560092000007,550428
7.570560092000006,553540
7.571560092000006,0
7.572560092000007,611842
7.573560092000006,1415006
7.574560092000006,485372
7.575560092000006,0
7.5765600920000065,638700
7.577560092000006,0
7.578560092000006,725000
7.579560092000007,850460
7.580560092000006,399796
7.581560092000006,494384
7.582560092000007,58
7.583560092000006,479160
7.5845600920000065,510960
7.585560092000007,596120
7.586560092000006,0
7.587560092000006,0
7.588560092000007,510960
7.589560092000006,638700
7.590560092000006,15560
7.591560092000006,921200
7.5925600920000065,638700
7.593560092000006,639224
7.594560092000006,765916
7.595560092000007,0
7.596560092000006,0
7.597560092000006,0
7.598560092000007,0
7.599560092000006,0
7.6005600920000065,0
7.601560092000007,0
7.602560092000006,225894
7.603560092000006,668286
7.604560092000007,553540
7.605560092000006,0
7.606560092000006,0
7.607560092000006,0
7.6085600920000065,0
7.609560092000006,553540
7.610560092000006,638700
7.611560092000007,1149660
7.612560092000006,0
7.613560092000006,0
7.614560092000007,635226
7.615560092000006,3474
7.6165600920000065,638700
7.617560092000007,553540
7.618560092000006,0
7.619560092000006,468380
7.620560092000007,0
7.621560092000006,0
7.622560092000006,0
7.623560092000006,0
7.6245600920000065,638862
7.625560092000006,1021866
7.626560092000006,468272
7.627560092000007,553540
7.628560092000006,510960
7.629560092000006,0
7.630560092000007,425800
7.631560092000006,638700
7.6325600920000065,0
7.633560092000007,150902
7.634560092000006,916202
7.635560092000006,423250
7.636560092000007,553486
7.637560092000006,468380
7.638560092000006,851600
7.639560092000006,553540
7.6405600920000065,468380
7.641560092000006,422326
7.642560092000006,3474
7.643560092000007,468380
7.644560092000006,851600
7.645560092000006,1021920
7.646560092000007,355768
7.647560092000006,70032
7.6485600920000065,0
7.649560092000007,384776
7.650560092000006,509134
7.651560092000006,78952
7.652560092000007,6478
7.653560092000006,0
7.654560092000006,468380
7.655560092000006,636328
7.6565600920000065,1364932
7.657560092000006,0
7.658560092000006,425800
7.659560092000007,0
7.660560092000006,638700
7.661560092000006,425800
7.662560092000007,301934
7.663560092000006,719986
7.6645600920000065,0
7.665560092000007,468380
7.666560092000006,425800
7.667560092000006,1192240
7.668560092000007,0
7.669560092000006,0
7.670560092000006,553540
7.671560092000006,425800
7.6725600920000065,468380
7.673560092000006,0
7.674560092000006,0
7.675560092000007,0
7.676560092000006,361922
7.677560092000006,106458
7.678560092000007,468380
7.679560092000006,425800
7.6805600920000066,596120
7.681560092000007,0
7.682560092000006,0
7.683560092000006,0
7.684560092000007,894180
7.6855600920000064,1064500
7.686560092000006,758044
7.687560092000006,349036
7.688560092000007,0
7.689560092000006,0
7.690560092000006,0
7.691560092000007,468380
7.692560092000006,0
7.6935600920000065,0
7.694560092000007,0
7.695560092000006,638700
7.696560092000007,894180
7.697560092000007,510960
7.698560092000006,596120
7.699560092000006,386424
7.700560092000007,82496
7.7015600920000065,425260
7.702560092000006,0
7.703560092000006,0
7.704560092000007,935820
7.705560092000006,940
7.706560092000006,0
7.707560092000007,468380
7.708560092000006,411866
7.7095600920000065,610054
7.710560092000007,0
7.711560092000006,553540
7.712560092000007,638700
7.713560092000007,468380
7.714560092000006,0
7.715560092000006,553540
7.716560092000007,345654
7.7175600920000065,641920
7.718560092000006,545306
7.719560092000006,553540
7.720560092000007,2042
7.721560092000006,423758
7.722560092000006,0
7.723560092000007,468380
7.724560092000006,0
7.7255600920000065,596120
7.726560092000007,0
7.727560092000006,0
7.728560092000007,553540
7.729560092000007,0
7.730560092000006,517676
7.731560092000006,35864
7.732560092000007,553540
7.7335600920000065,1192240
7.734560092000006,0
7.735560092000006,0
7.736560092000007,41148
7.737560092000006,979340
7.738560092000006,853032
7.739560092000007,146234
7.740560092000006,279566
7.7415600920000065,596120
7.742560092000007,596120
7.743560092000006,0
7.744560092000007,468380
7.745560092000007,0
7.746560092000006,411596
7.747560092000006,695484
7.748560092000007,6710
7.7495600920000065,546830
7.750560092000006,0
7.751560092000006,546046
7.752560092000007,986834
7.753560092000006,0
7.754560092000006,9822
7.755560092000007,1054678
7.756560092000006,553540
7.7575600920000065,0
7.758560092000007,468380
7.759560092000006,0
7.760560092000007,0
7.761560092000007,858478
7.762560092000006,619336
7.763560092000006,56692
7.764560092000007,466754
7.7655600920000065,0
7.766560092000006,26290
7.767560092000006,569830
7.768560092000007,596120
7.769560092000006,638700
7.770560092000006,0
7.771560092000007,0
7.772560092000006,1012438
7.7735600920000065,10184
7.774560092000007,552838
7.775560092000006,0
7.776560092000007,0
7.777560092000007,452890
7.778560092000006,15490
7.779560092000006,560164
7.780560092000007,42774
7.7815600920000065,590388
7.782560092000006,467294
7.783560092000006,596120
7.784560092000007,0
7.785560092000006,0
7.786560092000006,304322
7.787560092000007,453306
7.788560092000006,180288
7.7895600920000065,467224
7.790560092000007,468380
7.791560092000006,0
7.792560092000007,553540
7.793560092000007,0
7.794560092000006,510960
7.795560092000006,0
7.796560092000007,778186
7.7975600920000065,73414
7.798560092000006,510960
7.799560092000006,229314
7.800560092000007,196486
7.801560092000006,0
7.802560092000006,0
7.803560092000007,0
7.804560092000006,468380
7.8055600920000066,0
7.806560092000007,0
7.807560092000006,454932
7.808560092000007,439248
7.809560092000007,0
7.8105600920000064,596120
7.811560092000006,606958
7.812560092000007,0
7.813560092000007,1021920
7.814560092000006,510960
7.815560092000006,553540
7.816560092000007,1107080
7.817560092000006,0
7.8185600920000065,0
7.819560092000007,425800
7.820560092000006,425800
7.821560092000007,0
7.822560092000007,553540
7.823560092000006,0
7.824560092000007,0
7.825560092000007,1021920
7.8265600920000065,468380
7.827560092000006,0
7.828560092000007,553540
7.829560092000007,162
7.830560092000006,1290124
7.831560092000006,173264
7.832560092000007,581846
7.833560092000006,41024
7.8345600920000065,638700
7.835560092000007,0
7.836560092000006,468380
7.837560092000007,553540
7.838560092000007,425800
7.839560092000006,596120
7.840560092000007,54
7.841560092000007,510906
7.8425600920000065,638700
7.843560092000006,0
7.844560092000007,425800
7.845560092000007,553540
7.846560092000006,468380
7.847560092000006,894180
7.848560092000007,0
7.849560092000006,0
7.8505600920000065,648760
7.851560092000007,884790
7.852560092000006,267258
7.853560092000007,328192
7.854560092000007,561104
7.855560092000006,673716
7.856560092000007,425800
7.857560092000007,398024
7.8585600920000065,112936
7.859560092000006,466408
7.860560092000007,470352
7.861560092000007,0
7.862560092000006,0
7.863560092000006,0
7.864560092000007,596120
7.865560092000006,894180
7.8665600920000065,468380
7.867560092000007,0
7.868560092000006,617326
7.869560092000007,1085874
7.870560092000007,894180
7.871560092000006,0
7.872560092000007,0
7.873560092000007,1064500
7.8745600920000065,698888
7.875560092000006,467980
7.876560092000007,1004712
7.877560092000007,0
7.878560092000006,468380
7.879560092000006,557138
7.880560092000007,464782
7.881560092000006,0
7.8825600920000065,553540
7.883560092000007,468380
7.884560092000006,1064500
7.885560092000007,553540
7.886560092000007,553540
7.887560092000006,0
7.888560092000007,638700
7.889560092000007,960992
7.8905600920000065,150248
7.891560092000006,892062
7.892560092000007,423758
7.893560092000007,638700
7.894560092000006,311902
7.895560092000006,494060
7.896560092000007,258538
7.897560092000006,0
7.8985600920000065,0
7.899560092000007,468380
7.900560092000006,979340
7.901560092000007,0
7.902560092000007,0
7.903560092000006,782454
7.904560092000007,324626
7.905560092000007,0
7.9065600920000065,0
7.907560092000006,0
7.908560092000007,979340
7.909560092000007,0
7.910560092000006,0
7.911560092000006,54
7.912560092000007,510906
7.913560092000006,610816
7.9145600920000065,121602
7.915560092000007,321152
7.916560092000006,398818
7.917560092000007,123072
7.918560092000007,931568
7.919560092000006,132932
7.920560092000007,425800
7.921560092000007,553540
7.9225600920000065,0
7.923560092000006,553540
7.924560092000007,0
7.925560092000007,0
7.926560092000006,162
7.927560092000006,410202
7.928560092000007,570532
7.929560092000006,509404
7.9305600920000066,638700
7.931560092000007,0
7.932560092000006,0
7.933560092000007,573028
7.934560092000007,342940
7.9355600920000064,1346306
7.936560092000007,149508
7.937560092000007,462318
7.938560092000007,1192240
7.939560092000006,0
7.940560092000007,0
7.941560092000007,332444
7.942560092000006,561736
7.9435600920000065,596120
7.944560092000007,0
7.945560092000006,1021920
7.946560092000007,553540
7.947560092000007,468380
7.948560092000006,0
7.949560092000007,0
7.950560092000007,0
7.9515600920000065,0
7.952560092000007,197302
7.953560092000007,228498
7.954560092000007,806524
7.955560092000006,726356
7.956560092000007,0
7.957560092000007,468380
7.958560092000006,0
7.9595600920000065,553540
7.960560092000007,468380
7.961560092000006,106400
7.962560092000007,468380
7.963560092000007,1021920
7.964560092000006,425800
7.965560092000007,425800
7.966560092000007,0
7.9675600920000065,936760
7.968560092000007,425800
7.969560092000007,0
7.970560092000007,425800
7.971560092000006,0
7.972560092000007,0
7.973560092000007,0
7.974560092000006,468380
7.9755600920000065,0
7.976560092000007,425800
7.977560092000006,0
7.978560092000007,0
7.979560092000007,0
7.980560092000006,0
7.981560092000007,8050
7.982560092000007,886130
7.9835600920000065,553540
7.984560092000007,0
7.985560092000007,425800
7.986560092000007,638700
7.987560092000006,0
7.988560092000007,870910
7.989560092000007,108430
7.990560092000006,0
7.9915600920000065,0
7.992560092000007,0
7.993560092000006,18564
7.994560092000007,407236
7.995560092000007,638700
7.996560092000006,0
7.997560092000007,3544
7.998560092000007,422256
7.9995600920000065,0
8.000560092000008,427464
8.001560092000007,514558
8.002560092000007,590858
8.003560092000006,459930
8.004560092000007,8450
8.005560092000007,0
8.006560092000006,45654
8.007560092000006,994402
8.008560092000007,556644
8.009560092000006,425800
8.010560092000006,468380
8.011560092000007,979340
8.012560092000006,425800
8.013560092000006,521058
8.014560092000007,848596
8.015560092000007,333546
8.016560092000006,390784
8.017560092000007,35016
8.018560092000007,596120
8.019560092000006,0
8.020560092000007,596120
8.021560092000007,524548
8.022560092000006,923172
8.023560092000007,108
8.024560092000007,894072
8.025560092000006,468380
8.026560092000008,273342
8.027560092000007,152458
8.028560092000006,638700
8.029560092000008,0
8.030560092000007,0
8.031560092000007,553540
8.032560092000008,0
8.033560092000007,0
8.034560092000007,581570
8.035560092000006,736692
8.036560092000007,354790
8.037560092000007,243048
8.038560092000006,397408
8.039560092000006,70972
8.040560092000007,0
8.041560092000006,0
8.042560092000006,596120
8.043560092000007,1021920
8.044560092000006,0
8.045560092000006,0
8.046560092000007,596120
8.047560092000007,596120
8.048560092000006,557700
8.049560092000007,464220
8.050560092000007,936760
8.051560092000006,979340
8.052560092000007,1192240
8.053560092000007,0
8.054560092000006,181520
8.055560092000007,457180
8.056560092000007,553540
8.057560092000006,0
8.058560092000008,789278
8.059560092000007,658442
8.060560092000006,647150
8.061560092000008,885730
8.062560092000007,0
8.063560092000007,638700
8.064560092000008,596120
8.065560092000007,0
8.066560092000007,0
8.067560092000006,596120
8.068560092000007,0
8.069560092000007,397824
8.070560092000006,540492
8.071560092000006,510960
8.072560092000007,41024
8.073560092000006,0
8.074560092000006,553540
8.075560092000007,0
8.076560092000006,0
8.077560092000006,468380
8.078560092000007,468380
8.079560092000007,513132
8.080560092000006,1104908
8.081560092000007,553540
8.082560092000007,1016112
8.083560092000006,90968
8.084560092000007,291328
8.085560092000007,177052
8.086560092000006,489570
8.087560092000007,106550
8.088560092000007,553540
8.089560092000006,468380
8.090560092000008,553540
8.091560092000007,553540
8.092560092000006,468380
8.093560092000008,0
8.094560092000007,468380
8.095560092000007,1021920
8.096560092000008,0
8.097560092000007,0
8.098560092000007,0
8.099560092000006,84706
8.100560092000007,852054
8.101560092000007,655692
8.102560092000006,281068
8.103560092000006,0
8.104560092000007,0
8.105560092000006,510960
8.106560092000006,425800
8.107560092000007,0
8.108560092000006,553540
8.109560092000006,244550
8.110560092000007,351570
8.111560092000007,383420
8.112560092000006,84960
8.113560092000007,468380
8.114560092000007,0
8.115560092000006,425800
8.116560092000007,0
8.117560092000007,0
8.118560092000006,0
8.119560092000008,0
8.120560092000007,510960
8.121560092000006,0
8.122560092000008,468380
8.123560092000007,0
8.124560092000007,553648
8.125560092000008,510852
8.126560092000007,979340
8.127560092000007,999952
8.128560092000008,21968
8.129560092000007,0
8.130560092000007,0
8.131560092000006,332460
8.132560092000007,221080
8.133560092000007,596120
8.134560092000006,0
8.135560092000006,553540
8.136560092000007,306926
8.137560092000006,246614
8.138560092000006,553540
8.139560092000007,468542
8.140560092000007,425638
8.141560092000006,0
8.142560092000007,596120
8.143560092000007,425800
8.144560092000006,553540
8.145560092000007,0
8.146560092000007,0
8.147560092000006,0
8.148560092000007,0
8.149560092000007,425800
8.150560092000006,744942
8.151560092000008,319558
8.152560092000007,510960
8.153560092000006,135936
8.154560092000008,1098884
8.155560092000007,0
8.156560092000007,425800
8.157560092000008,0
8.158560092000007,425800
8.159560092000007,425800
8.160560092000008,845014
8.161560092000007,219486
8.162560092000007,468380
8.163560092000006,0
8.164560092000007,0
8.165560092000007,1069476
8.166560092000006,492520
8.167560092000006,354104
8.168560092000007,0
8.169560092000006,0
8.170560092000006,354504
8.171560092000007,539676
8.172560092000007,584120
8.173560092000006,395220
8.174560092000007,0
8.175560092000007,0
8.176560092000006,468380
8.177560092000007,638700
8.178560092000007,0
8.179560092000006,0
8.180560092000007,0
8.181560092000007,0
8.182560092000006,553540
8.183560092000008,468380
8.184560092000007,0
8.185560092000006,0
8.186560092000008,468380
8.187560092000007,0
8.188560092000007,596120
8.189560092000008,0
8.190560092000007,1036778
8.191560092000007,574368
8.192560092000008,49474
8.193560092000007,416318
8.194560092000007,435282
8.195560092000006,0
8.196560092000007,468380
8.197560092000007,553540
8.198560092000006,453922
8.199560092000006,14458
8.200560092000007,423828
8.201560092000006,664666
8.202560092000006,583094
8.203560092000007,670312
8.204560092000007,704372
8.205560092000006,332638
8.206560092000007,412266
8.207560092000007,637144
8.208560092000006,0
8.209560092000007,638700
8.210560092000007,476484
8.211560092000006,1013816
8.212560092000007,310508
8.213560092000007,328192
8.214560092000006,0
8.215560092000008,0
8.216560092000007,0
8.217560092000006,0
8.218560092000008,54
8.219560092000007,553486
8.220560092000007,284942
8.221560092000008,651818
8.222560092000007,0
8.223560092000007,425800
8.224560092000008,0
8.225560092000007,638700
8.226560092000007,0
8.227560092000006,0
8.228560092000007,386332
8.229560092000007,82048
8.230560092000006,345308
8.231560092000006,123072
8.232560092000007,1107080
8.233560092000006,638700
8.234560092000006,0
8.235560092000007,553540
8.236560092000007,1021920
8.237560092000006,347896
8.238560092000007,163064
8.239560092000007,134380
8.240560092000006,419160
8.241560092000007,553540
8.242560092000007,54
8.243560092000006,651364
8.244560092000008,840330
8.245560092000007,679832
8.246560092000006,0
8.247560092000008,468380
8.248560092000007,510960
8.249560092000007,425854
8.250560092000008,1192186
8.251560092000007,468380
8.252560092000007,541702
8.253560092000008,522798
8.254560092000007,468380
8.255560092000007,0
8.256560092000008,596120
8.257560092000007,0
8.258560092000007,0
8.259560092000006,0
8.260560092000008,184324
8.261560092000007,369216
8.262560092000006,0
8.263560092000006,766964
8.264560092000007,978816
8.265560092000007,0
8.266560092000006,60782
8.267560092000007,492758
8.268560092000007,0
8.269560092000006,358086
8.270560092000007,919260
8.271560092000007,255534
8.272560092000006,238326
8.273560092000007,187474
8.274560092000007,553540
8.275560092000006,1064500
8.276560092000008,0
8.277560092000007,468380
8.278560092000006,638700
8.279560092000008,0
8.280560092000007,21730
8.281560092000007,1085350
8.282560092000008,0
8.283560092000007,950332
8.284560092000007,493914
8.285560092000008,1153134
8.286560092000007,0
8.287560092000007,0
8.288560092000008,0
8.289560092000007,0
8.290560092000007,0
8.291560092000006,596120
8.292560092000008,359950
8.293560092000007,703194
8.294560092000006,685186
8.295560092000006,380670
8.296560092000007,0
8.297560092000007,0
8.298560092000006,1405140
8.299560092000007,0
8.300560092000007,162
8.301560092000006,468218
8.302560092000007,388234
8.303560092000007,250466
8.304560092000006,404356
8.305560092000007,64024
8.306560092000007,0
8.307560092000006,0
8.308560092000008,0
8.309560092000007,410564
8.310560092000006,142976
8.311560092000008,0
8.312560092000007,0
8.313560092000007,0
8.314560092000008,0
8.315560092000007,0
8.316560092000007,427356
8.317560092000008,41024
8.318560092000007,0
8.319560092000007,427356
8.320560092000008,41024
8.321560092000007,0
8.322560092000007,0
8.323560092000006,491996
8.324560092000008,18964
8.325560092000007,638700
8.326560092000006,596120
8.327560092000006,0
8.328560092000007,6548
8.329560092000007,419252
8.330560092000006,0
8.331560092000007,468380
8.332560092000007,1021920
8.333560092000006,0
8.334560092000007,0
8.335560092000007,425800
8.336560092000006,0
8.337560092000007,0
8.338560092000007,596120
8.339560092000006,596120
8.340560092000008,439934
8.341560092000007,496826
8.342560092000006,0
8.343560092000008,0
8.344560092000007,388904
8.345560092000007,245236
8.346560092000008,260040
8.347560092000007,0
8.348560092000007,0
8.349560092000008,638700
8.350560092000007,854658
8.351560092000007,337582
8.352560092000008,0
8.353560092000007,553540
8.354560092000007,468380
8.355560092000006,510960
8.356560092000008,0
8.357560092000007,468380
8.358560092000006,0
8.359560092000006,468380
8.360560092000007,0
8.361560092000007,0
8.362560092000006,425800
8.363560092000007,553540
8.364560092000007,493028
8.365560092000006,486312
8.366560092000007,436638
8.367560092000007,596120
8.368560092000006,510960
8.369560092000008,0
8.370560092000007,596120
8.371560092000006,0
8.372560092000008,468380
8.373560092000007,0
8.374560092000007,979340
8.375560092000008,468380
8.376560092000007,54
8.377560092000007,1107026
8.378560092000008,0
8.379560092000007,1283970
8.380560092000007,802450
8.381560092000008,553540
8.382560092000007,0
8.383560092000007,468434
8.384560092000008,979394
8.385560092000008,894072
8.386560092000007,162
8.387560092000006,425638
8.388560092000008,0
8.389560092000007,638700
8.390560092000007,0
8.391560092000006,596120
8.392560092000007,510960
8.393560092000007,0
8.394560092000006,480034
8.395560092000007,73506
8.396560092000007,0
8.397560092000006,0
8.398560092000007,0
8.399560092000007,0
8.400560092000006,523030
8.401560092000008,1222750
8.402560092000007,553540
8.403560092000006,0
8.404560092000008,1107080
8.405560092000007,0
8.406560092000007,510960
8.407560092000008,0
8.408560092000007,596120
8.409560092000007,0
8.410560092000008,0
8.411560092000007,1060556
8.412560092000007,3944
8.413560092000008,44152
8.414560092000007,424228
8.415560092000007,553540
8.416560092000008,1021920
8.417560092000008,0
8.418560092000007,1234820
8.419560092000006,0
8.420560092000008,0
8.421560092000007,425800
8.422560092000007,425800
8.423560092000006,0
8.424560092000007,0
8.425560092000007,510960
8.426560092000006,1149660
8.427560092000007,113298
8.428560092000007,866096
8.429560092000006,468326
8.430560092000007,936760
8.431560092000007,0
8.432560092000006,0
8.433560092000008,510960
8.434560092000007,414870
8.435560092000006,521890
8.436560092000008,0
8.437560092000007,0
8.438560092000007,894180
8.439560092000008,0
8.440560092000007,0
8.441560092000007,69686
8.442560092000008,846608
8.443560092000007,488846
8.444560092000007,941558
8.445560092000008,80362
8.446560092000007,345308
8.447560092000007,123666
8.448560092000008,467786
8.449560092000008,427356
8.450560092000007,509404
8.451560092000006,0
8.452560092000008,128264
8.453560092000007,340116
8.454560092000007,936760
8.455560092000006,1021920
8.456560092000007,425800
8.457560092000007,425800
8.458560092000006,468380
8.459560092000007,468380
8.460560092000007,294586
8.461560092000006,371166
8.462560092000007,1010358
8.463560092000007,282570
8.464560092000006,1018030
8.465560092000008,427102
8.466560092000007,258068
8.467560092000006,0
8.468560092000008,419468
8.469560092000007,48912
8.470560092000007,553540
8.471560092000008,553702
8.472560092000007,612534
8.473560092000007,26004
8.474560092000008,0
8.475560092000007,1021920
8.476560092000007,0
8.477560092000008,0
8.478560092000007,0
8.479560092000007,225348
8.480560092000008,884844
8.481560092000008,82048
8.482560092000007,0
8.483560092000006,0
8.484560092000008,215704
8.485560092000007,196108
8.486560092000007,209842
8.487560092000006,272526
8.488560092000007,370518
8.489560092000007,140442
8.490560092000006,553540
8.491560092000007,468380
8.492560092000007,384144
8.493560092000006,610324
8.494560092000008,538412
8.495560092000007,553540
8.496560092000006,0
8.497560092000008,425800
8.498560092000007,425800
8.499560092000007,638700
8.500560092000008,567112
8.501560092000007,698288
8.502560092000007,395220
8.503560092000008,531242
8.504560092000007,1129378
8.505560092000007,638700
8.506560092000008,0
8.507560092000006,468380
8.508560092000007,0
8.509560092000008,777316
8.510560092000006,202024
8.511560092000007,553540
8.512560092000008,0
8.513560092000006,894180
8.514560092000007,541054
8.515560092000008,12486
8.516560092000006,0
8.517560092000007,0
8.518560092000008,553540
8.519560092000006,0
8.520560092000007,0
8.521560092000009,425800
8.522560092000006,0
8.523560092000007,1107080
8.524560092000009,0
8.525560092000006,386332
8.526560092000008,82048
8.527560092000007,167732
8.528560092000006,258230
8.529560092000008,980734
8.530560092000007,41024
8.531560092000007,65288
8.532560092000008,1041792
8.533560092000007,0
8.534560092000007,553540
8.535560092000008,553540
8.536560092000007,0
8.537560092000007,510960
8.538560092000008,1032580
8.539560092000006,31920
8.540560092000007,1021920
8.541560092000008,441690
8.542560092000006,539206
8.543560092000007,221804
8.544560092000008,833862
8.545560092000006,560818
8.546560092000007,54
8.547560092000008,894180
8.548560092000006,1107026
8.549560092000007,510960
8.550560092000008,0
8.551560092000006,0
8.552560092000007,9120
8.553560092000009,416680
8.554560092000006,0
8.555560092000007,0
8.556560092000009,894180
8.557560092000006,425800
8.558560092000008,0
8.559560092000007,0
8.560560092000006,317278
8.561560092000008,108522
8.562560092000007,468380
8.563560092000007,468380
8.564560092000008,0
8.565560092000007,108
8.566560092000007,1021812
8.567560092000008,29240
8.568560092000007,1546220
8.569560092000007,1234820
8.570560092000008,0
8.571560092000006,0
8.572560092000007,0
8.573560092000008,0
8.574560092000006,425800
8.575560092000007,746806
8.576560092000008,734304
8.577560092000006,94350
8.578560092000007,979340
8.579560092000008,0
8.580560092000006,0
8.581560092000007,979340
8.582560092000008,0
8.583560092000006,0
8.584560092000007,851600
8.585560092000009,0
8.586560092000006,468380
8.587560092000007,14220
8.588560092000009,539320
8.589560092000006,638700
8.590560092000008,0
8.591560092000007,0
8.592560092000006,0
8.593560092000008,553540
8.594560092000007,510960
8.595560092000007,566204
8.596560092000008,498296
8.597560092000007,661878
8.598560092000007,1467122
8.599560092000008,1021920
8.600560092000007,425800
8.601560092000007,54
8.602560092000008,1490246
8.603560092000006,468380
8.604560092000007,553540
8.605560092000008,972392
8.606560092000006,344368
8.607560092000007,130960
8.608560092000008,425800
8.609560092000006,510960
8.610560092000007,0
8.611560092000008,0
8.612560092000006,638700
8.613560092000007,0
8.614560092000008,0
8.615560092000006,0
8.616560092000007,392432
8.617560092000009,501748
8.618560092000006,468380
8.619560092000008,979340
8.620560092000009,822014
8.621560092000006,242486
8.622560092000008,510960
8.623560092000007,378552
8.624560092000007,640980
8.625560092000008,44968
8.626560092000007,468380
8.627560092000007,638700
8.628560092000008,553540
8.629560092000007,425800
8.630560092000007,468380
8.631560092000008,0
8.632560092000007,0
8.633560092000007,0
8.634560092000008,553540
8.635560092000006,0
8.636560092000007,0
8.637560092000008,0
8.638560092000006,596120
8.639560092000007,0
8.640560092000008,553540
8.641560092000006,44260
8.642560092000007,509280
8.643560092000008,468380
8.644560092000006,425800
8.645560092000007,510960
8.646560092000009,468380
8.647560092000006,0
8.648560092000007,0
8.649560092000009,246576
8.650560092000006,392124
8.651560092000008,0
8.652560092000009,468380
8.653560092000006,468380
8.654560092000008,0
8.655560092000007,638700
8.656560092000007,0
8.657560092000008,401860
8.658560092000007,534900
8.659560092000007,874130
8.660560092000008,701330
8.661560092000007,0
8.662560092000007,731948
8.663560092000008,375132
8.664560092000007,0
8.665560092000007,425800
8.666560092000008,0
8.667560092000006,638700
8.668560092000007,105788
8.669560092000008,405172
8.670560092000006,553540
8.671560092000007,596120
8.672560092000008,0
8.673560092000006,468380
8.674560092000007,553540
8.675560092000008,137330
8.676560092000006,1438130
8.677560092000007,0
8.678560092000009,366174
8.679560092000006,740906
8.680560092000007,0
8.681560092000009,0
8.682560092000006,894180
8.683560092000008,468380
8.684560092000009,0
8.685560092000006,0
8.686560092000008,468380
8.687560092000007,0
8.688560092000007,314166
8.689560092000008,804984
8.690560092000007,541594
8.691560092000007,936636
8.692560092000008,0
8.693560092000007,468380
8.694560092000007,510960
8.695560092000008,659328
8.696560092000007,405172
8.697560092000007,613728
8.698560092000008,24972
8.699560092000006,375510
8.700560092000007,647966
8.701560092000008,41024
8.702560092000006,0
8.703560092000007,0
8.704560092000008,638700
8.705560092000006,164258
8.706560092000007,687342
8.707560092000008,553540
8.708560092000006,1192240
8.709560092000007,0
8.710560092000009,425800
8.711560092000006,418998
8.712560092000007,602922
8.713560092000009,510960
8.714560092000006,638700
8.715560092000008,0
8.716560092000009,0
8.717560092000006,0
8.718560092000008,1234820
8.719560092000007,0
8.720560092000007,0
8.721560092000008,1149660
8.722560092000007,979340
8.723560092000007,468380
8.724560092000008,0
8.725560092000007,539644
8.726560092000007,195108
8.727560092000008,308736
8.728560092000007,404232
8.729560092000007,54
8.730560092000008,536494
8.731560092000006,444348
8.732560092000007,41024
8.733560092000008,0
8.734560092000006,510960
8.735560092000007,0
8.736560092000008,468380
8.737560092000006,468380
8.738560092000007,0
8.739560092000008,596120
8.740560092000006,0
8.741560092000007,894180
8.742560092000009,468380
8.743560092000006,0
8.744560092000008,894180
8.745560092000009,1516450
8.746560092000006,202202
8.747560092000008,781390
8.748560092000009,182498
8.749560092000007,553540
8.750560092000008,0
8.751560092000007,0
8.752560092000007,468380
8.753560092000008,0
8.754560092000007,0
8.755560092000007,553540
8.756560092000008,224554
8.757560092000007,371566
8.758560092000007,510960
8.759560092000008,0
8.760560092000008,0
8.761560092000007,0
8.762560092000008,1125250
8.763560092000006,577950
8.764560092000007,0
8.765560092000008,161254
8.766560092000006,818086
8.767560092000007,0
8.768560092000008,1556
8.769560092000006,424244
8.770560092000007,638700
8.771560092000009,483508
8.772560092000006,666152
8.773560092000007,468380
8.774560092000009,510960
8.775560092000006,425800
8.776560092000008,425800
8.777560092000009,0
8.778560092000006,54
8.779560092000008,622140
8.780560092000009,953266
8.781560092000007,54
8.782560092000008,468326
8.783560092000007,236408
8.784560092000007,231972
8.785560092000008,510960
8.786560092000007,638700
8.787560092000007,468380
8.788560092000008,555096
8.789560092000007,466824
8.790560092000007,0
8.791560092000008,0
8.792560092000008,424860
8.793560092000007,450826
8.794560092000008,614614
8.795560092000006,0
8.796560092000007,327884
8.797560092000008,288232
8.798560092000006,831604
8.799560092000007,145256
8.800560092000008,291112
8.801560092000006,503504
8.802560092000007,507848
8.803560092000009,561104
8.804560092000006,35016
8.805560092000007,0
8.806560092000009,510960
8.807560092000006,468380
8.808560092000008,0
8.809560092000009,822738
8.810560092000006,71442
8.811560092000008,553540
8.812560092000009,638700
8.813560092000007,510960
8.814560092000008,57616
8.815560092000007,836564
8.816560092000007,553540
8.817560092000008,0
8.818560092000007,468380
8.819560092000007,510960
8.820560092000008,425800
8.821560092000007,425800
8.822560092000007,468380
8.823560092000008,468380
8.824560092000008,468380
8.825560092000007,1005052
8.826560092000008,485248
8.827560092000006,364294
8.828560092000007,274406
8.829560092000008,0
8.830560092000006,0
8.831560092000007,302728
8.832560092000008,313026
8.833560092000006,363586
8.834560092000007,0
8.835560092000009,425800
8.836560092000006,0
8.837560092000007,1064500
8.838560092000009,425800
8.839560092000006,0
8.840560092000008,894180
8.841560092000009,468380
8.842560092000006,1107080
8.843560092000008,0
8.844560092000009,468380
8.845560092000007,0
8.846560092000008,77250
8.847560092000007,859510
8.848560092000007,553540
8.849560092000008,468380
8.850560092000007,979340
8.851560092000007,468380
8.852560092000008,0
8.853560092000007,553540
8.854560092000007,425800
8.855560092000008,425800
8.856560092000008,468380
8.857560092000007,0
8.858560092000008,468380
8.859560092000006,0
8.860560092000007,468380
8.861560092000008,553540
8.862560092000006,553540
8.863560092000007,553540
8.864560092000008,936760
8.865560092000006,468380
8.866560092000007,553540
8.867560092000009,0
8.868560092000006,510960
8.869560092000008,425800
8.870560092000009,0
8.871560092000006,0
8.872560092000008,769282
8.873560092000009,1146818
8.874560092000007,468380
8.875560092000008,596120
8.876560092000009,0
8.877560092000007,54
8.878560092000008,936706
8.879560092000007,639694
8.880560092000007,339754
8.881560092000008,903192
8.882560092000007,1055380
8.883560092000007,979340
8.884560092000008,2096
8.885560092000008,934664
8.886560092000007,0
8.887560092000008,553540
8.888560092000008,0
8.889560092000007,425800
8.890560092000008,167478
8.891560092000006,1067342
8.892560092000007,468380
8.893560092000008,454392
8.894560092000006,610108
8.895560092000007,1028522
8.896560092000009,461778
8.897560092000006,0
8.898560092000007,979340
8.899560092000009,0
8.900560092000006,468380
8.901560092000008,425854
8.902560092000009,638646
8.903560092000006,0
8.904560092000008,0
8.905560092000009,0
8.906560092000007,468380
8.907560092000008,0
8.908560092000009,0
8.909560092000007,0
8.910560092000008,457958
8.911560092000007,606542
8.912560092000007,0
8.913560092000008,468380
8.914560092000007,553540
8.915560092000007,652796
8.916560092000008,1375338
8.917560092000008,696986
8.918560092000007,468380
8.919560092000008,0
8.920560092000008,477678
8.921560092000007,1055202
8.922560092000008,0
8.923560092000006,0
8.924560092000007,638700
8.925560092000008,510960
8.926560092000006,468380
8.927560092000007,596120
8.928560092000009,553540
8.929560092000006,493968
8.930560092000007,494638
8.931560092000009,714594
8.932560092000006,553540
8.933560092000008,596120
8.934560092000009,0
8.935560092000006,0
8.936560092000008,0
8.937560092000009,0
8.938560092000007,0
8.939560092000008,553540
8.940560092000009,0
8.941560092000007,894180
8.942560092000008,0
8.943560092000007,596120
8.944560092000007,0
8.945560092000008,468380
8.946560092000007,596120
8.947560092000007,0
8.948560092000008,0
8.949560092000008,140226
8.950560092000007,285574
8.951560092000008,510960
8.952560092000008,468434
8.953560092000007,468326
8.954560092000008,0
8.955560092000006,468434
8.956560092000007,468326
8.957560092000008,511106
8.958560092000006,190186
8.959560092000007,370772
8.960560092000009,460816
8.961560092000006,502018
8.962560092000007,860542
8.963560092000009,282354
8.964560092000006,701038
8.965560092000008,847548
8.966560092000009,185286
8.967560092000006,836634
8.968560092000008,29132
8.969560092000009,439248
8.970560092000007,0
8.971560092000008,468380
8.972560092000009,0
8.973560092000007,0
8.974560092000008,538228
8.975560092000007,526272
8.976560092000007,442916
8.977560092000008,451264
8.978560092000007,468380
8.979560092000007,0
8.980560092000008,0
8.981560092000008,11216
8.982560092000007,542324
8.983560092000008,894180
8.984560092000008,553540
8.985560092000007,0
8.986560092000008,468380
8.987560092000006,425800
8.988560092000007,561644
8.989560092000008,1013816
8.990560092000006,468380
8.991560092000007,0
8.992560092000009,510960
8.993560092000006,54
8.994560092000008,1087570
8.995560092000009,445256
8.996560092000006,463404
8.997560092000008,473356
8.998560092000009,0
8.999560092000007,468380
9.000560092000008,0
9.001560092000009,0
9.002560092000007,18726
9.003560092000008,1039296
9.004560092000009,474858
9.005560092000007,1107080
9.006560092000008,0
9.007560092000007,455894
9.008560092000007,82226
9.009560092000008,441220
9.010560092000008,0
9.011560092000007,468380
9.012560092000008,0
9.013560092000008,0
9.014560092000007,0
9.015560092000008,553540
9.016560092000008,422326
9.017560092000007,3474
9.018560092000008,0
9.019560092000006,553540
9.020560092000007,510960
9.021560092000009,0
9.022560092000006,0
9.023560092000007,0
9.024560092000009,0
9.025560092000006,0
9.026560092000008,468380
9.027560092000009,0
9.028560092000006,510960
9.029560092000008,553540
9.030560092000009,840092
9.031560092000007,514434
9.032560092000008,731894
9.033560092000009,468380
9.034560092000007,894180
9.035560092000008,1107080
9.036560092000009,419376
9.037560092000007,295472
9.038560092000008,307072
9.039560092000007,0
9.040560092000007,0
9.041560092000008,905148
9.042560092000008,201932
9.043560092000007,0
9.044560092000008,251444
9.045560092000008,302096
9.046560092000007,553540
9.047560092000008,1244
9.048560092000008,468380
9.049560092000007,0
9.050560092000008,0
9.051560092000006,106400
9.052560092000007,553540
9.053560092000009,468380
9.054560092000006,0
9.055560092000007,553540
9.056560092000009,468380
9.057560092000006,0
9.058560092000008,298098
9.059560092000009,255442
9.060560092000006,0
9.061560092000008,0
9.062560092000009,510960
9.063560092000007,0
9.064560092000008,0
9.065560092000009,0
9.066560092000007,50268
9.067560092000008,503272
9.06856009200001,0
9.069560092000007,0
9.070560092000008,233004
9.071560092000007,788916
9.072560092000007,716820
9.073560092000008,860196
9.074560092000008,466824
9.075560092000007,0
9.076560092000008,0
9.077560092000008,425800
9.078560092000007,638700
9.079560092000008,468380
9.080560092000008,468380
9.081560092000007,468380
9.082560092000008,87818
9.083560092000006,1019262
9.084560092000007,0
9.085560092000009,815028
9.086560092000006,764398
9.087560092000007,251530
9.088560092000009,767980
9.089560092000006,183276
9.090560092000008,295618
9.091560092000009,1095010
9.092560092000006,0
9.093560092000008,1174956
9.094560092000009,528244
9.095560092000007,1021920
9.096560092000008,425800
9.097560092000009,0
9.098560092000007,0
9.099560092000008,0
9.10056009200001,853194
9.101560092000007,532998
9.102560092000008,402168
9.103560092000007,409424
9.104560092000007,58956
9.105560092000008,1107080
9.106560092000008,425800
9.107560092000007,0
9.108560092000008,0
9.109560092000008,468380
9.110560092000007,0
9.111560092000008,0
9.112560092000008,553540
9.113560092000007,0
9.114560092000008,0
9.115560092000006,1456462
9.116560092000007,544798
9.117560092000009,0
9.118560092000006,0
9.119560092000008,0
9.120560092000009,0
9.121560092000006,468380
9.122560092000008,0
9.123560092000009,0
9.124560092000007,425800
9.125560092000008,425800
9.126560092000009,0
9.127560092000007,0
9.128560092000008,425800
9.129560092000009,0
9.130560092000007,468380
9.131560092000008,468380
9.13256009200001,638700
9.133560092000007,510960
9.134560092000008,596120
9.135560092000008,979340
9.136560092000007,425800
9.137560092000008,645756
9.138560092000008,844544
9.139560092000007,0
9.140560092000008,0
9.141560092000008,0
9.142560092000007,1064500
9.143560092000008,468380
9.144560092000008,468380
9.145560092000007,0
9.146560092000009,0
9.147560092000006,0
9.148560092000007,875524
9.149560092000009,699936
9.150560092000006,553540
9.151560092000008,553540
9.152560092000009,0
9.153560092000006,553540
9.154560092000008,0
9.155560092000009,0
9.156560092000007,0
9.157560092000008,621200
9.158560092000009,358140
9.159560092000007,0
9.160560092000008,0
9.161560092000009,596120
9.162560092000007,553540
9.163560092000008,0
9.16456009200001,510960
9.165560092000007,468380
9.166560092000008,0
9.167560092000008,0
9.168560092000007,1107080
9.169560092000008,0
9.170560092000008,0
9.171560092000007,881008
9.172560092000008,140912
9.173560092000008,596120
9.174560092000007,425800
9.175560092000008,553540
9.176560092000008,0
9.177560092000007,0
9.178560092000009,891792
9.179560092000006,44968
9.180560092000007,0
9.181560092000009,0
9.182560092000006,541054
9.183560092000008,12486
9.184560092000009,894180
9.185560092000006,596406
9.186560092000008,595834
9.187560092000009,0
9.188560092000007,468380
9.189560092000008,553540
9.190560092000009,0
9.191560092000007,0
9.192560092000008,510960
9.19356009200001,851600
9.194560092000007,0
9.195560092000008,425800
9.19656009200001,1021920
9.197560092000007,468380
9.198560092000008,468380
9.199560092000008,0
9.200560092000007,0
9.201560092000008,0
9.202560092000008,596136
9.203560092000007,1072064
9.204560092000008,418220
9.205560092000008,596120
9.206560092000007,0
9.207560092000008,0
9.208560092000008,0
9.209560092000007,0
9.210560092000009,0
9.211560092000006,553540
9.212560092000007,425800
9.213560092000009,553540
9.214560092000006,304884
9.215560092000008,631876
9.216560092000009,0
9.217560092000006,0
9.218560092000008,0
9.219560092000009,0
9.220560092000007,0
9.221560092000008,468380
9.222560092000009,351662
9.223560092000007,642752
9.224560092000008,537996
9.22556009200001,426270
9.226560092000007,264892
9.227560092000008,362770
9.22856009200001,820058
9.229560092000007,486512
9.230560092000008,67136
9.231560092000008,468272
9.232560092000007,0
9.233560092000008,425800
9.234560092000008,0
9.235560092000007,553540
9.236560092000008,0
9.237560092000008,638700
9.238560092000007,425800
9.239560092000008,0
9.240560092000008,510960
9.241560092000007,0
9.242560092000009,0
9.243560092000006,511014
9.244560092000008,468326
9.245560092000009,0
9.246560092000006,0
9.247560092000008,0
9.248560092000009,0
9.249560092000007,869878
9.250560092000008,109462
9.251560092000009,403416
9.252560092000007,640526
9.253560092000008,318618
9.254560092000009,0
9.255560092000007,0
9.256560092000008,0
9.25756009200001,553540
9.258560092000007,468380
9.259560092000008,0
9.26056009200001,0
9.261560092000007,425800
9.262560092000008,425800
9.263560092000008,0
9.264560092000007,0
9.265560092000008,427044
9.266560092000008,979340
9.267560092000007,0
9.268560092000008,553540
9.269560092000008,0
9.270560092000007,0
9.271560092000009,0
9.272560092000008,0
9.273560092000007,1107080
9.274560092000009,0
9.275560092000006,510960
9.276560092000008,828854
9.277560092000009,150486
9.278560092000006,452890
9.279560092000008,15490
9.280560092000009,358394
9.281560092000007,69610
9.282560092000008,1207606
9.283560092000009,961824
9.284560092000007,979286
9.285560092000008,979340
9.286560092000009,596120
9.287560092000007,425800
9.288560092000008,553540
9.28956009200001,553540
9.290560092000007,553540
9.291560092000008,553540
9.29256009200001,425800
9.293560092000007,468380
9.294560092000008,0
9.295560092000008,468380
9.296560092000007,109370
9.297560092000008,1082870
9.298560092000008,0
9.299560092000007,504552
9.300560092000008,432208
9.301560092000008,306024
9.302560092000007,762658
9.303560092000009,506308
9.304560092000008,649392
9.305560092000007,926538
9.306560092000009,468380
9.307560092000006,0
9.308560092000008,555852
9.309560092000009,636388
9.310560092000006,425800
9.311560092000008,0
9.312560092000009,0
9.313560092000007,0
9.314560092000008,468380
9.315560092000009,383366
9.316560092000007,595974
9.317560092000008,269452
9.31856009200001,795048
9.319560092000007,468380
9.320560092000008,596120
9.32156009200001,429674
9.322560092000007,616332
9.323560092000008,18494
9.32456009200001,468380
9.325560092000007,384776
9.326560092000008,41024
9.327560092000008,682204
9.328560092000007,765516
9.329560092000008,119722
9.330560092000008,817038
9.331560092000007,0
9.332560092000008,468380
9.333560092000008,0
9.334560092000007,655854
9.335560092000009,834446
9.336560092000008,635696
9.337560092000007,769444
9.338560092000009,0
9.339560092000006,510960
9.340560092000008,84706
9.341560092000009,383674
9.342560092000006,0
9.343560092000008,0
9.344560092000009,1192240
9.345560092000007,468380
9.346560092000008,596120
9.347560092000009,413460
9.348560092000007,608460
9.349560092000008,0
9.35056009200001,0
9.351560092000007,1107080
9.352560092000008,553540
9.35356009200001,0
9.354560092000007,596120
9.355560092000008,0
9.35656009200001,0
9.357560092000007,468380
9.358560092000008,0
9.359560092000008,1234820
9.360560092000007,0
9.361560092000008,638700
9.362560092000008,0
9.363560092000007,553540
9.364560092000008,0
9.365560092000008,638700
9.366560092000007,205498
9.367560092000009,1029322
9.368560092000008,0
9.369560092000008,468380
9.370560092000009,108
9.371560092000006,510852
9.372560092000008,674170
9.373560092000009,688390
9.374560092000007,0
9.375560092000008,0
9.376560092000009,553702
9.377560092000007,638538
9.378560092000008,468380
9.379560092000009,0
9.380560092000007,0
9.381560092000008,468380
9.38256009200001,596120
9.383560092000007,638700
9.384560092000008,638700
9.38556009200001,0
9.386560092000007,936760
9.387560092000008,0
9.38856009200001,0
9.389560092000007,468380
9.390560092000008,264384
9.391560092000008,203996
9.392560092000007,0
9.393560092000008,1134710
9.394560092000008,909130
9.395560092000007,0
9.396560092000009,413314
9.397560092000008,468380
9.398560092000007,12486
9.399560092000009,425800
9.400560092000008,510960
9.401560092000008,0
9.402560092000009,596120
9.403560092000006,0
9.404560092000008,468380
9.405560092000009,207816
9.406560092000007,217984
9.407560092000008,0
9.408560092000009,0
9.409560092000007,0
9.410560092000008,0
9.411560092000009,1213214
9.412560092000007,660306
9.413560092000008,936760
9.41456009200001,638700
9.415560092000007,0
9.416560092000008,270770
9.41756009200001,197610
9.418560092000007,0
9.419560092000008,526088
9.42056009200001,70032
9.421560092000007,0
9.422560092000008,468380
9.423560092000008,468380
9.424560092000007,510960
9.425560092000008,596120
9.426560092000008,553540
9.427560092000007,0
9.428560092000009,0
9.429560092000008,191926
9.430560092000007,361614
9.431560092000009,979340
9.432560092000008,0
9.433560092000008,376942
9.434560092000009,559818
9.435560092000006,596120
9.436560092000008,553540
9.437560092000009,0
9.438560092000007,0
9.439560092000008,468380
9.440560092000009,54
9.441560092000007,636620
9.442560092000008,257506
9.44356009200001,0
9.444560092000007,0
9.445560092000008,717852
9.44656009200001,1283408
9.447560092000007,422326
9.448560092000008,1067974
9.44956009200001,0
9.450560092000007,553540
9.451560092000008,101174
9.45256009200001,324626
9.453560092000007,425800
9.454560092000008,553540
9.455560092000008,1073982
9.456560092000007,288578
9.457560092000008,867906
9.458560092000008,579814
9.459560092000007,0
9.460560092000009,510960
9.461560092000008,468380
9.462560092000007,894180
9.463560092000009,638700
9.464560092000008,6710
9.465560092000008,505806
9.466560092000009,41024
9.467560092000006,0
9.468560092000008,512516
9.469560092000009,41024
9.470560092000007,459438
9.471560092000008,860542
9.472560092000009,0
9.473560092000007,0
9.474560092000008,0
9.47556009200001,425800
9.476560092000007,0
9.477560092000008,638862
9.47856009200001,1234658
9.479560092000007,0
9.480560092000008,0
9.48156009200001,553540
9.482560092000007,1064500
9.483560092000008,553540
9.48456009200001,553540
9.485560092000007,553540
9.486560092000008,0
9.487560092000008,568668
9.488560092000007,70032
9.489560092000008,0
9.490560092000008,1100132
9.491560092000007,432748
9.492560092000009,638700
9.493560092000008,596120
9.494560092000008,425800
9.495560092000009,0
9.496560092000008,54
9.497560092000008,425746
9.498560092000009,0
9.499560092000007,945248
9.500560092000008,885692
9.501560092000009,0
9.502560092000007,0
9.503560092000008,468380
9.504560092000009,468380
9.505560092000007,1026626
9.506560092000008,183346
9.50756009200001,488252
9.508560092000007,430776
9.509560092000008,0
9.51056009200001,0
9.511560092000007,384776
9.512560092000008,41024
9.51356009200001,638700
9.514560092000007,553540
9.515560092000008,0
9.51656009200001,0
9.517560092000007,77196
9.518560092000008,1327944
9.519560092000008,643746
9.520560092000007,974294
9.521560092000009,0
9.522560092000008,553540
9.523560092000007,0
9.524560092000009,468380
9.525560092000008,936760
9.526560092000008,0
9.527560092000009,468380
9.528560092000008,9066
9.529560092000008,501894
9.530560092000009,0
9.531560092000007,0
9.532560092000008,553540
9.533560092000009,759384
9.534560092000007,1342066
9.535560092000008,950868
9.536560092000009,547794
9.537560092000007,425800
9.538560092000008,0
9.53956009200001,553540
9.540560092000007,553540
9.541560092000008,468380
9.54256009200001,425800
9.543560092000007,468380
9.544560092000008,510960
9.54556009200001,638700
9.546560092000007,11108
9.547560092000008,457272
9.54856009200001,427702
9.549560092000007,192990
9.550560092000008,373722
9.551560092000008,27506
9.552560092000007,512516
9.553560092000009,41024
9.554560092000008,553540
9.555560092000007,596120
9.556560092000009,425800
9.557560092000008,553594
9.558560092000008,553486
9.559560092000009,748924
9.560560092000008,1239850
9.561560092000008,12486
9.562560092000009,468380
9.563560092000007,21838
9.564560092000008,616862
9.565560092000009,425800
9.566560092000007,553540
9.567560092000008,468380
9.56856009200001,0
9.569560092000007,553540
9.570560092000008,0
9.57156009200001,352348
9.572560092000007,116032
9.573560092000008,553540
9.57456009200001,0
9.575560092000007,0
9.576560092000008,0
9.57756009200001,674764
9.578560092000007,347318
9.579560092000008,638538
9.58056009200001,425800
9.581560092000007,0
9.582560092000008,962348
9.583560092000008,16992
9.584560092000007,0
9.585560092000009,0
9.586560092000008,0
9.587560092000007,553540
9.588560092000009,0
9.589560092000008,0
9.590560092000008,596120
9.591560092000009,0
9.592560092000008,553540
9.593560092000008,468380
9.594560092000009,0
9.595560092000007,345308
9.596560092000008,411126
9.597560092000009,637306
9.598560092000007,462788
9.599560092000008,485372
9.60056009200001,553540
9.601560092000007,0
9.602560092000008,556614
9.60356009200001,422726
9.604560092000007,988028
9.605560092000008,981566
9.60656009200001,175020
9.607560092000007,452766
9.608560092000008,0
9.60956009200001,553540
9.610560092000007,272926
9.611560092000008,706414
9.61256009200001,0
9.613560092000007,906072
9.614560092000008,382674
9.615560092000008,201554
9.616560092000007,515628
9.617560092000009,123072
9.618560092000008,425800
9.619560092000008,468380
9.620560092000009,0
9.621560092000008,449886
9.622560092000008,614614
9.623560092000009,350884
9.624560092000008,1139416
9.625560092000008,0
9.626560092000009,553540
9.627560092000007,596120
9.628560092000008,313296
9.629560092000009,155084
9.630560092000007,480504
9.631560092000008,73090
9.63256009200001,468326
9.633560092000007,0
9.634560092000008,0
9.63556009200001,553540
9.636560092000007,579690
9.637560092000008,299778
9.63856009200001,555292
9.639560092000007,161940
9.640560092000008,0
9.64156009200001,431862
9.642560092000007,36518
9.643560092000008,875146
9.64456009200001,189354
9.645560092000007,315468
9.646560092000009,624404
9.647560092000008,82750
9.648560092000007,722072
9.649560092000009,724946
9.650560092000008,698272
9.651560092000008,792028
9.652560092000009,851600
9.653560092000008,0
9.654560092000008,596120
9.655560092000009,0
9.656560092000008,0
9.657560092000008,463944
9.658560092000009,983776
9.659560092000007,496442
9.660560092000008,962116
9.661560092000009,0
9.662560092000007,821852
9.663560092000008,114908
9.66456009200001,170428
9.665560092000007,1021812
9.666560092000008,0
9.66756009200001,638700
9.668560092000007,0
9.669560092000008,251898
9.67056009200001,941320
9.671560092000007,254502
9.672560092000008,0
9.67356009200001,553540
9.674560092000007,0
9.675560092000008,468380
9.67656009200001,638700
9.677560092000007,0
9.678560092000009,0
9.679560092000008,553540
9.680560092000007,936760
9.681560092000009,468380
9.682560092000008,0
9.683560092000008,468380
9.684560092000009,638700
9.685560092000008,0
9.686560092000008,0
9.687560092000009,596120
9.688560092000008,0
9.689560092000008,553540
9.690560092000009,0
9.691560092000007,420824
9.692560092000008,473356
9.69356009200001,0
9.694560092000007,0
9.695560092000008,553540
9.69656009200001,106346
9.697560092000007,596174
9.698560092000008,553540
9.69956009200001,0
9.700560092000007,0
9.701560092000008,0
9.70256009200001,0
9.703560092000007,809998
9.704560092000008,808042
9.70556009200001,425800
9.706560092000007,0
9.707560092000008,0
9.70856009200001,0
9.709560092000007,0
9.710560092000009,0
9.711560092000008,0
9.712560092000007,0
9.713560092000009,425800
9.714560092000008,0
9.715560092000008,0
9.716560092000009,468380
9.717560092000008,1107080
9.718560092000008,0
9.719560092000009,232010
9.720560092000008,789910
9.721560092000008,0
9.722560092000009,468380
9.723560092000007,596120
9.724560092000008,510960
9.72556009200001,596120
9.726560092000007,0
9.727560092000008,425800
9.72856009200001,936760
9.729560092000007,32298
9.730560092000008,563822
9.73156009200001,596120
9.732560092000007,0
9.733560092000008,0
9.73456009200001,0
9.735560092000007,468380
9.736560092000008,0
9.73756009200001,0
9.738560092000007,553594
9.739560092000008,468326
9.74056009200001,0
9.741560092000007,0
9.742560092000009,0
9.743560092000008,0
9.744560092000008,0
9.745560092000009,468380
9.746560092000008,0
9.747560092000008,468380
9.748560092000009,638700
9.749560092000008,553540
9.750560092000008,553540
9.751560092000009,1064500
9.752560092000008,0
9.753560092000008,0
9.754560092000009,0
9.755560092000007,468380
9.756560092000008,553540
9.75756009200001,0
9.758560092000007,0
9.759560092000008,425800
9.76056009200001,596120
9.761560092000007,77142
9.762560092000008,944778
9.76356009200001,425800
9.764560092000007,433618
9.765560092000008,630882
9.76656009200001,425800
9.767560092000007,668394
9.768560092000008,438686
9.76956009200001,0
9.770560092000007,468380
9.771560092000009,0
9.77256009200001,553540
9.773560092000007,0
9.774560092000009,1149660
9.775560092000008,638700
9.776560092000008,0
9.777560092000009,1664
9.778560092000008,594456
9.779560092000008,555096
9.780560092000009,509404
9.781560092000008,979340
9.782560092000008,638700
9.783560092000009,0
9.784560092000008,0
9.785560092000008,1435796
9.786560092000009,376488
9.787560092000007,188976
9.788560092000008,0
9.78956009200001,0
9.790560092000007,0
9.791560092000008,0
9.79256009200001,41148
9.793560092000007,427232
9.794560092000008,0
9.79556009200001,44206
9.796560092000007,466754
9.797560092000008,0
9.79856009200001,0
9.799560092000007,146342
9.800560092000008,832998
9.80156009200001,0
9.802560092000007,510960
9.803560092000009,0
9.80456009200001,0
9.805560092000007,510960
9.806560092000009,510960
9.807560092000008,664812
9.808560092000008,910648
9.809560092000009,425800
9.810560092000008,0
9.811560092000008,0
9.812560092000009,596120
9.813560092000008,510960
9.814560092000008,425800
9.815560092000009,720802
9.816560092000008,1152718
9.817560092000008,425800
9.81856009200001,0
9.819560092000007,638862
9.820560092000008,1192078
9.82156009200001,0
9.822560092000007,242270
9.823560092000008,183530
9.82456009200001,0
9.825560092000007,510960
9.826560092000008,979340
9.82756009200001,0
9.828560092000007,0
9.829560092000008,468380
9.83056009200001,0
9.831560092000007,553540
9.832560092000008,0
9.83356009200001,1021920
9.834560092000007,468380
9.835560092000009,468380
9.83656009200001,0
9.837560092000007,379946
9.838560092000009,663672
9.839560092000008,659582
9.840560092000008,638700
9.841560092000009,0
9.842560092000008,0
9.843560092000008,54
9.844560092000009,1107026
9.845560092000008,468380
9.846560092000008,596120
9.847560092000009,0
9.848560092000008,468380
9.849560092000008,638700
9.85056009200001,553540
9.851560092000007,63624
9.852560092000008,362176
9.85356009200001,1064500
9.854560092000007,0
9.855560092000008,1021920
9.85656009200001,0
9.857560092000007,0
9.858560092000008,425800
9.85956009200001,510960
9.860560092000007,0
9.861560092000008,0
9.86256009200001,425800
9.863560092000007,596120
9.864560092000008,425800
9.86556009200001,0
9.866560092000007,0
9.867560092000009,210928
9.86856009200001,377228
9.869560092000008,944724
9.870560092000009,393588
9.871560092000008,245112
9.872560092000008,638700
9.873560092000009,468380
9.874560092000008,24572
9.875560092000008,401228
9.876560092000009,510960
9.877560092000008,0
9.878560092000008,777008
9.879560092000009,330072
9.880560092000009,0
9.881560092000008,1234820
9.88256009200001,266318
9.883560092000007,244642
9.884560092000008,0
9.88556009200001,0
9.886560092000007,0
9.887560092000008,332768
9.88856009200001,93032
9.889560092000007,468380
9.890560092000008,415016
9.89156009200001,564324
9.892560092000007,638700
9.893560092000008,0
9.89456009200001,596120
9.895560092000007,280344
9.896560092000009,503650
9.89756009200001,280506
9.898560092000007,0
9.899560092000009,596120
9.90056009200001,1107080
9.901560092000008,517254
9.902560092000009,1185946
9.903560092000008,0
9.904560092000008,336534
9.905560092000009,813126
9.906560092000008,425800
9.907560092000008,553540
9.908560092000009,1655790
9.909560092000008,600950
9.910560092000008,778348
9.911560092000009,1180332
9.912560092000009,1168278
9.913560092000008,449762
9.91456009200001,468380
9.915560092000007,0
9.916560092000008,0
9.91756009200001,130236
9.918560092000007,338144
9.919560092000008,0
9.92056009200001,425800
9.921560092000007,468380
9.922560092000008,0
9.92356009200001,425800
9.924560092000007,1021920
9.925560092000008,0
9.92656009200001,0
9.927560092000007,0
9.928560092000009,581386
9.92956009200001,1206974
9.930560092000007,0
9.931560092000009,553540
9.93256009200001,0
9.933560092000008,698380
9.934560092000009,1473200
9.935560092000008,0
9.936560092000008,445164
9.937560092000009,356400
9.938560092000008,506508
9.939560092000008,395128
9.940560092000009,553540
9.941560092000008,0
9.942560092000008,0
9.94356009200001,27738
9.944560092000009,525802
9.945560092000008,20282
9.94656009200001,967184
9.947560092000007,963542
9.948560092000008,321276
9.94956009200001,325096
9.950560092000007,0
9.951560092000008,0
9.95256009200001,519086
9.953560092000007,34454
9.954560092000008,425546
9.95556009200001,809274
9.956560092000007,425800
9.957560092000008,0
9.95856009200001,0
9.959560092000007,894180
9.960560092000009,425800
9.96156009200001,425800
9.962560092000007,425800
9.963560092000009,0
9.96456009200001,468380
9.965560092000008,0
9.966560092000009,553540
9.967560092000008,99164
9.968560092000008,369216
9.969560092000009,512516
9.970560092000008,41024
9.971560092000008,0
9.972560092000009,0
9.973560092000008,468380
9.974560092000008,0
9.97556009200001,0
9.976560092000009,0
9.977560092000008,0
9.97856009200001,384776
9.979560092000007,41024
9.980560092000008,0
9.98156009200001,638700
9.982560092000007,425800
9.983560092000008,0
9.98456009200001,425800
9.985560092000007,553540
9.986560092000008,559618
9.98756009200001,888102
9.988560092000007,1021920
9.989560092000008,0
9.99056009200001,0
9.991560092000007,936760
9.992560092000009,894180
9.99356009200001,612230
9.994560092000008,47710
9.995560092000009,0
9.99656009200001,851600
9.997560092000008,0
9.998560092000009,116356
9.999560092000008,437184
