FlowId,Type,Size,StartTime,EndTime,FCT,RxBytes,FinReceived
0,Background,1024,0.500493,0.500644,0.00015100000000001224,1244,True
0,Background,102400,0.503868,0.504282,0.00041400000000002546,106400,True
0,Background,1048576,0.503951,0.506368,0.0024170000000000025,1087892,True
0,Background,10240,0.505355,0.50551,0.00015500000000001624,10838,True
0,Background,102400,0.510198,0.510587,0.0003889999999999727,106400,True
0,Background,102400,0.514297,0.514686,0.0003889999999999727,106400,True
0,Background,1024,0.514465,0.514616,0.00015100000000001224,1244,True
0,Background,1024,0.515742,0.515894,0.00015199999999992997,1244,True
0,Background,10240,0.51576,0.515915,0.00015500000000001624,10838,True
1,Background,102400,0.520397,0.520786,0.0003889999999999727,106400,True
0,Background,1048576,0.521254,0.523545,0.002291000000000043,1087892,True
0,Background,10240,0.521935,0.522089,0.00015399999999998748,10838,True
0,Background,10240,0.523229,0.523384,0.00015499999999990521,10838,True
0,Background,10485760,0.523718,0.544946,0.021228000000000025,10876994,True
0,Background,10240,0.52409,0.524244,0.0001540000000000985,10838,True
0,Background,10240,0.524157,0.524312,0.00015500000000001624,10838,True
0,Background,102400,0.524975,0.525498,0.0005230000000000512,106400,True
0,Background,1048576,0.526102,0.528387,0.0022850000000000925,1087892,True
0,Background,10240,0.529842,0.529997,0.00015500000000001624,10838,True
1,Background,10240,0.530134,0.530289,0.00015500000000001624,10838,True
0,Background,102400,0.530157,0.530546,0.0003889999999999727,106400,True
0,Background,1024,0.531467,0.531619,0.00015199999999992997,1244,True
0,Background,10240,0.531606,0.531761,0.00015500000000001624,10838,True
1,Background,1024,0.532866,0.533018,0.000152000000000041,1244,True
0,Background,10240,0.533322,0.533477,0.00015500000000001624,10838,True
2,Background,102400,0.533365,0.533754,0.0003889999999999727,106400,True
0,Background,1024,0.535517,0.535668,0.00015100000000001224,1244,True
0,Background,10240,0.537181,0.537336,0.00015500000000001624,10838,True
0,Background,102400,0.537479,0.537869,0.00039000000000000146,106400,True
1,Background,1048576,0.538673,0.541009,0.0023360000000000047,1087892,True
0,Background,102400,0.539376,0.539766,0.00039000000000000146,106400,True
0,Background,1048576,0.540058,0.542341,0.002282999999999924,1087892,True
3,Background,10240,0.544245,0.544399,0.00015399999999998748,10838,True
1,Background,10485760,0.544451,0.56563,0.021178999999999948,10876994,True
1,Background,10485760,0.545074,0.566233,0.02115900000000004,10876994,True
0,Background,102400,0.547975,0.548499,0.0005239999999999689,106400,True
0,Background,104857600,0.548972,0.760264,0.21129200000000004,108768230,True
0,Background,1024,0.54924,0.549391,0.00015100000000001224,1244,True
1,Background,102400,0.552553,0.552944,0.0003910000000000302,106400,True
0,Background,1048576,0.553442,0.555747,0.0023050000000000015,1087892,True
0,Background,102400,0.553725,0.554158,0.0004330000000000167,106400,True
0,Background,1024,0.555406,0.555557,0.00015100000000001224,1244,True
2,Background,102400,0.555694,0.556084,0.00039000000000000146,106400,True
1,Background,1024,0.558604,0.558756,0.000152000000000041,1244,True
0,Background,1024,0.56002,0.560172,0.000152000000000041,1244,True
0,Background,102400,0.560211,0.560602,0.0003910000000000302,106400,True
1,Background,1048576,0.560357,0.56266,0.002303000000000055,1087892,True
1,Background,102400,0.56071,0.561102,0.00039199999999994795,106400,True
0,Background,10485760,0.561632,0.582832,0.021199999999999997,10876994,True
2,Background,10485760,0.562522,0.583709,0.021187000000000067,10876994,True
3,Background,1024,0.562724,0.562875,0.00015100000000001224,1244,True
1,Background,1024,0.562918,0.56307,0.00015199999999992997,1244,True
1,Background,1048576,0.565591,0.567924,0.0023330000000000295,1087892,True
1,Background,1048576,0.566194,0.568484,0.0022900000000000142,1087892,True
1,Background,1048576,0.566383,0.568685,0.0023020000000000262,1087892,True
1,Background,1024,0.567596,0.567748,0.000152000000000041,1244,True
1,Background,1048576,0.56769,0.57005,0.0023599999999999177,1087892,True
0,Background,102400,0.568676,0.569066,0.00039000000000000146,106400,True
1,Background,10240,0.571773,0.571929,0.000156000000000045,10838,True
1,Background,10240,0.572174,0.57233,0.000156000000000045,10838,True
1,Background,102400,0.572537,0.572927,0.00039000000000000146,106400,True
0,Background,10485760,0.57596,0.597252,0.021291999999999978,10876994,True
2,Background,10240,0.577342,0.577499,0.00015699999999996272,10838,True
4,Background,1024,0.578596,0.578748,0.000152000000000041,1244,True
0,Background,102400,0.580808,0.581342,0.0005340000000000344,106400,True
0,Background,102400,0.587225,0.587614,0.0003889999999999727,106400,True
2,Background,10240,0.589822,0.589977,0.00015500000000001624,10838,True
1,Background,10240,0.593712,0.593868,0.00015599999999993397,10838,True
2,Background,1048576,0.594787,0.597192,0.0024049999999999905,1087892,True
1,Background,102400,0.594927,0.595558,0.0006310000000000482,106400,True
4,Background,1024,0.596721,0.596872,0.00015100000000001224,1244,True
0,Background,1024,0.597144,0.597296,0.000152000000000041,1244,True
0,Background,102400,0.597912,0.598542,0.0006300000000000194,106400,True
1,Background,10240,0.598601,0.598757,0.00015599999999993397,10838,True
1,Background,1048576,0.599815,0.602255,0.0024399999999999977,1087892,True
1,Background,10240,0.601391,0.601547,0.000156000000000045,10838,True
0,Background,1024,0.601678,0.60183,0.00015199999999992997,1244,True
0,Background,10240,0.602804,0.602959,0.00015500000000001624,10838,True
1,Background,10485760,0.603118,0.624277,0.021158999999999928,10876994,True
0,Background,10240,0.604745,0.6049,0.00015500000000001624,10838,True
1,Background,1024,0.605266,0.605417,0.00015100000000001224,1244,True
2,Background,10485760,0.606156,0.627317,0.021160999999999985,10876994,True
5,Background,1048576,0.608548,0.610865,0.0023170000000000135,1087892,True
2,Background,102400,0.608702,0.609093,0.0003910000000000302,106400,True
2,Background,1024,0.608809,0.608961,0.00015199999999992997,1244,True
2,Background,102400,0.609661,0.610051,0.00039000000000000146,106400,True
3,Background,10485760,0.610311,0.631481,0.02116999999999991,10876994,True
2,Background,1024,0.613571,0.613723,0.000152000000000041,1244,True
3,Background,102400,0.617639,0.61803,0.0003909999999999192,106400,True
2,Background,1024,0.626276,0.626428,0.00015199999999992997,1244,True
2,Background,102400,0.627567,0.627957,0.00039000000000000146,106400,True
1,Background,102400,0.629317,0.629707,0.00039000000000000146,106400,True
1,Background,1024,0.629513,0.629664,0.00015100000000001224,1244,True
2,Background,102400,0.629981,0.630504,0.0005229999999999402,106400,True
1,Background,1048576,0.63093,0.633459,0.0025290000000000035,1087892,True
1,Background,102400,0.632796,0.633315,0.0005189999999999362,106400,True
1,Background,102400,0.63464,0.635029,0.0003889999999999727,106400,True
2,Background,10240,0.635282,0.635436,0.00015399999999998748,10838,True
3,Background,1024,0.636655,0.636807,0.000152000000000041,1244,True
1,Background,102400,0.639318,0.639707,0.0003889999999999727,106400,True
3,Background,1024,0.639322,0.639474,0.000152000000000041,1244,True
2,Background,10485760,0.639744,0.660983,0.021239000000000008,10876994,True
2,Background,102400,0.641851,0.642292,0.0004410000000000247,106400,True
2,Background,1048576,0.642968,0.645387,0.00241900000000006,1087892,True
1,Background,10485760,0.64424,0.665406,0.021166000000000018,10876994,True
3,Background,1048576,0.644727,0.647085,0.0023579999999999712,1087892,True
1,Background,1048576,0.648061,0.650346,0.0022849999999999815,1087892,True
2,Background,10240,0.648529,0.648686,0.00015699999999996272,10838,True
0,Background,10240,0.649204,0.649361,0.00015699999999996272,10838,True
3,Background,1048576,0.649291,0.651586,0.002295000000000047,1087892,True
2,Background,104857600,0.650841,0.908826,0.257985,108768230,True
1,Background,102400,0.651251,0.651643,0.00039199999999994795,106400,True
4,Background,1048576,0.652408,0.654755,0.002346999999999988,1087892,True
2,Background,1048576,0.652502,0.654869,0.002367000000000008,1087892,True
3,Background,10240,0.653158,0.653321,0.00016300000000002424,10838,True
2,Background,1048576,0.65445,0.65679,0.0023400000000000087,1087892,True
0,Background,1048576,0.654502,0.656858,0.0023560000000000247,1087892,True
0,Background,1024,0.655491,0.655674,0.00018299999999993322,1244,True
3,Background,10240,0.658086,0.658243,0.00015700000000007375,10838,True
1,Background,10240,0.658507,0.658664,0.00015700000000007375,10838,True
3,Background,10240,0.65983,0.659987,0.00015699999999996272,10838,True
1,Background,102400,0.659938,0.660572,0.0006340000000000234,106400,True
3,Background,10485760,0.660031,0.681395,0.02136399999999994,10876994,True
2,Background,10240,0.660427,0.660586,0.00015900000000002024,10838,True
1,Background,102400,0.661816,0.662362,0.0005460000000000464,106400,True
1,Background,10485760,0.661926,0.683408,0.021482,10876994,True
2,Background,102400,0.663307,0.663725,0.00041800000000002946,106400,True
0,Background,102400,0.663419,0.663831,0.00041199999999996795,106400,True
2,Background,102400,0.665775,0.666278,0.0005030000000000312,106400,True
0,Background,10485760,0.66601,0.687243,0.021233000000000057,10876994,True
2,Background,1024,0.66639,0.666544,0.00015399999999998748,1244,True
1,Background,102400,0.667076,0.667501,0.0004250000000000087,106400,True
1,Background,1048576,0.667161,0.669529,0.0023680000000000367,1087892,True
2,Background,102400,0.668206,0.668734,0.000528000000000084,106400,True
6,Background,10240,0.670603,0.670761,0.0001580000000001025,10838,True
4,Background,1048576,0.671377,0.673934,0.0025570000000000315,1087892,True
5,Background,102400,0.671526,0.671992,0.00046600000000007746,106400,True
0,Background,1048576,0.672506,0.675873,0.003366999999999898,1087892,True
2,Background,102400,0.674786,0.67547,0.0006840000000000179,106400,True
3,Background,1048576,0.675055,0.677517,0.0024620000000000752,1087892,True
2,Background,10240,0.677221,0.677551,0.0003300000000000525,10838,True
1,Background,102400,0.677509,0.677979,0.00046999999999997044,106400,True
1,Background,102400,0.678321,0.678712,0.0003910000000000302,106400,True
4,Background,1024,0.678509,0.678661,0.00015199999999992997,1244,True
3,Background,1048576,0.678844,0.681352,0.0025079999999999547,1087892,True
2,Background,104857600,0.680389,0.955636,0.275247,108768230,True
2,Background,10240,0.681684,0.681843,0.00015900000000002024,10838,True
3,Background,1048576,0.682751,0.685123,0.0023720000000000407,1087892,True
4,Background,102400,0.683392,0.683782,0.00039000000000000146,106400,True
2,Background,1024,0.684558,0.68471,0.000152000000000041,1244,True
3,Background,102400,0.684666,0.685057,0.0003910000000000302,106400,True
5,Background,1024,0.685466,0.685619,0.00015299999999995872,1244,True
3,Background,1048576,0.689477,0.691785,0.0023079999999999767,1087892,True
5,Background,1024,0.689926,0.690078,0.00015199999999992997,1244,True
3,Background,102400,0.691006,0.691396,0.00039000000000000146,106400,True
3,Background,10240,0.692653,0.692809,0.000156000000000045,10838,True
4,Background,1048576,0.692873,0.695225,0.0023520000000000207,1087892,True
4,Background,1048576,0.696097,0.698381,0.0022840000000000638,1087892,True
6,Background,102400,0.696909,0.69754,0.0006310000000000482,106400,True
0,Background,10240,0.698625,0.698781,0.00015599999999993397,10838,True
5,Background,1048576,0.700931,0.703486,0.002554999999999974,1087892,True
0,Background,102400,0.700983,0.701507,0.0005239999999999689,106400,True
1,Background,102400,0.701383,0.701773,0.00039000000000000146,106400,True
4,Background,10485760,0.701445,0.722627,0.021182000000000034,10876994,True
4,Background,1048576,0.702292,0.704601,0.0023090000000000055,1087892,True
2,Background,102400,0.702555,0.70302,0.0004649999999999377,106400,True
4,Background,1024,0.704859,0.705012,0.00015299999999995872,1244,True
3,Background,1024,0.705131,0.705284,0.00015300000000006975,1244,True
3,Background,10240,0.707426,0.707583,0.00015699999999996272,10838,True
3,Background,10240,0.708474,0.708632,0.00015799999999999148,10838,True
0,Background,10240,0.708912,0.709069,0.00015699999999996272,10838,True
3,Background,102400,0.709611,0.710002,0.0003910000000000302,106400,True
3,Background,102400,0.710209,0.710599,0.00039000000000000146,106400,True
2,Background,102400,0.711869,0.712284,0.0004150000000000542,106400,True
3,Background,102400,0.713294,0.713685,0.0003910000000000302,106400,True
0,Background,1048576,0.713472,0.715782,0.0023100000000000342,1087892,True
5,Background,10240,0.713673,0.713831,0.00015799999999999148,10838,True
3,Background,102400,0.715929,0.716559,0.0006299999999999084,106400,True
6,Background,10240,0.716051,0.716208,0.00015699999999996272,10838,True
7,Background,102400,0.716446,0.716837,0.0003909999999999192,106400,True
5,Background,1024,0.717994,0.718145,0.00015100000000001224,1244,True
5,Background,1024,0.720763,0.720915,0.00015199999999992997,1244,True
4,Background,10240,0.722439,0.722596,0.00015699999999996272,10838,True
3,Background,102400,0.724807,0.725341,0.0005340000000000344,106400,True
1,Background,10485760,0.725375,0.746646,0.02127100000000004,10876994,True
2,Background,10240,0.725448,0.725604,0.000156000000000045,10838,True
7,Background,102400,0.726671,0.727062,0.0003910000000000302,106400,True
1,Background,102400,0.726956,0.727481,0.0005249999999999977,106400,True
8,Background,102400,0.727264,0.727656,0.00039199999999994795,106400,True
1,Background,1048576,0.727276,0.729577,0.0023009999999999975,1087892,True
3,Background,1024,0.727337,0.727492,0.00015500000000001624,1244,True
3,Background,10240,0.728635,0.728794,0.00015900000000002024,10838,True
2,Background,1048576,0.728962,0.73138,0.0024180000000000312,1087892,True
3,Background,10240,0.729292,0.729453,0.00016099999999996673,10838,True
7,Background,10240,0.731611,0.731768,0.00015699999999996272,10838,True
2,Background,1024,0.731665,0.731818,0.00015299999999995872,1244,True
6,Background,10240,0.734349,0.734505,0.00015599999999993397,10838,True
5,Background,104857600,0.739597,1.0144,0.274803,108768230,True
4,Background,1024,0.740266,0.740417,0.00015100000000001224,1244,True
7,Background,1048576,0.74178,0.744179,0.00239900000000004,1087892,True
3,Background,1024,0.742253,0.742406,0.00015299999999995872,1244,True
3,Background,1048576,0.744405,0.746741,0.0023360000000000047,1087892,True
4,Background,102400,0.745119,0.745597,0.00047799999999997844,106400,True
4,Background,102400,0.745316,0.745922,0.0006059999999999954,106400,True
4,Background,1024,0.747506,0.747658,0.000152000000000041,1244,True
2,Background,1024,0.747673,0.747826,0.00015299999999995872,1244,True
0,Background,104857600,0.748492,1.02768,0.2791879999999999,108768230,True
3,Background,1024,0.748498,0.748654,0.000156000000000045,1244,True
4,Background,10240,0.749445,0.749605,0.00015999999999993797,10838,True
5,Background,1048576,0.749898,0.753125,0.003227000000000091,1087892,True
4,Background,1048576,0.750307,0.753428,0.0031210000000000404,1087892,True
4,Background,10240,0.750483,0.750722,0.00023899999999998922,10838,True
4,Background,102400,0.750609,0.751793,0.0011840000000000739,106400,True
8,Background,104857600,0.750793,1.04448,0.29368700000000003,108768230,True
1,Background,10240,0.751776,0.752175,0.0003990000000000382,10838,True
5,Background,10240,0.752366,0.752599,0.00023300000000003873,10838,True
1,Background,1048576,0.755676,0.758583,0.002906999999999993,1087892,True
1,Background,10240,0.755782,0.755989,0.00020700000000006824,10838,True
4,Background,1048576,0.759708,0.762099,0.002390999999999921,1087892,True
5,Background,10485760,0.76249,0.788558,0.02606799999999998,10876994,True
0,Background,102400,0.762628,0.76309,0.00046200000000007346,106400,True
4,Background,10240,0.76412,0.764282,0.00016199999999999548,10838,True
2,Background,102400,0.765093,0.765557,0.00046400000000001995,106400,True
2,Background,10240,0.765539,0.7658,0.00026100000000006673,10838,True
6,Background,102400,0.765891,0.766741,0.0008500000000000174,106400,True
4,Background,10240,0.766085,0.766317,0.00023200000000000998,10838,True
4,Background,10240,0.76614,0.766371,0.00023099999999998122,10838,True
3,Background,10485760,0.766715,0.816012,0.049296999999999924,10876994,True
2,Background,1048576,0.767235,0.781196,0.013961000000000001,1087892,True
4,Background,10240,0.767906,0.768244,0.0003380000000000605,10838,True
2,Background,102400,0.768491,0.769123,0.0006319999999999659,106400,True
5,Background,10240,0.770307,0.770626,0.00031900000000006923,10838,True
2,Background,10240,0.771588,0.771758,0.00017000000000000348,10838,True
2,Background,102400,0.771916,0.772727,0.0008110000000000062,106400,True
9,Background,10240,0.77306,0.773286,0.0002260000000000595,10838,True
3,Background,1024,0.77403,0.774276,0.00024599999999996847,1244,True
5,Background,102400,0.774292,0.774836,0.0005439999999999889,106400,True
3,Background,10240,0.775239,0.775396,0.00015699999999996272,10838,True
5,Background,10240,0.778739,0.779165,0.00042600000000003746,10838,True
4,Background,1024,0.778837,0.779194,0.0003570000000000517,1244,True
4,Background,1048576,0.779124,0.786951,0.007826999999999917,1087892,True
5,Background,102400,0.779679,0.786006,0.0063269999999999715,106400,True
6,Background,10485760,0.781178,0.81189,0.03071199999999996,10876994,True
6,Background,10240,0.781257,0.781412,0.00015500000000001624,10838,True
6,Background,1048576,0.783473,0.797472,0.013998999999999984,1087892,True
2,Background,10240,0.784494,0.784723,0.0002289999999999237,10838,True
6,Background,10240,0.784873,0.785225,0.00035199999999990794,10838,True
1,Background,1048576,0.785838,0.794131,0.008292999999999995,1087892,True
5,Background,102400,0.785903,0.78682,0.0009169999999999456,106400,True
4,Background,102400,0.786501,0.789038,0.0025370000000000115,106400,True
3,Background,102400,0.788379,0.789125,0.0007459999999999134,106400,True
7,Background,10240,0.789282,0.789439,0.00015699999999996272,10838,True
5,Background,10240,0.789877,0.790113,0.00023599999999990295,10838,True
4,Background,102400,0.790328,0.790998,0.0006699999999999484,106400,True
4,Background,10485760,0.791564,0.847123,0.055558999999999914,10876994,True
2,Background,10240,0.793592,0.794008,0.00041600000000008297,10838,True
1,Background,102400,0.79406,0.794565,0.0005049999999999777,106400,True
3,Background,1024,0.794359,0.794576,0.0002169999999999117,1244,True
5,Background,1048576,0.794635,0.810508,0.015873000000000026,1087892,True
1,Background,102400,0.794673,0.799063,0.004390000000000005,106400,True
2,Background,10240,0.795411,0.795621,0.00021000000000004349,10838,True
4,Background,10485760,0.796774,0.845628,0.048854000000000064,10876994,True
6,Background,102400,0.797199,0.797601,0.00040200000000001346,106400,True
10,Background,10240,0.798057,0.79827,0.00021300000000001873,10838,True
5,Background,102400,0.799469,0.800467,0.0009980000000000544,106400,True
4,Background,10240,0.800316,0.800471,0.00015500000000001624,10838,True
5,Background,10485760,0.800584,0.844548,0.043964,10876994,True
5,Background,102400,0.800764,0.801637,0.0008730000000000127,106400,True
8,Background,1024,0.802129,0.802295,0.00016599999999999948,1244,True
4,Background,10240,0.803455,0.803871,0.00041599999999997195,10838,True
7,Background,10240,0.803666,0.804136,0.00046999999999997044,10838,True
5,Background,102400,0.806559,0.807096,0.0005370000000000097,106400,True
2,Background,1024,0.810994,0.811236,0.00024199999999996447,1244,True
3,Background,10240,0.812299,0.812545,0.00024599999999996847,10838,True
8,Background,1048576,0.813641,0.816572,0.002931000000000017,1087892,True
6,Background,102400,0.816223,0.816765,0.0005419999999999314,106400,True
5,Background,10240,0.818971,0.819219,0.000248000000000026,10838,True
4,Background,10240,0.821511,0.821947,0.00043599999999999195,10838,True
8,Background,102400,0.824047,0.824568,0.0005209999999999937,106400,True
6,Background,102400,0.824407,0.826153,0.0017460000000000253,106400,True
3,Background,10240,0.826479,0.82688,0.0004009999999999847,10838,True
3,Background,1048576,0.826924,0.830113,0.0031889999999999974,1087892,True
9,Background,10240,0.82758,0.82802,0.00043999999999999595,10838,True
6,Background,1048576,0.82955,0.845023,0.015472999999999959,1087892,True
6,Background,10485760,0.830537,0.873977,0.043440000000000034,10876994,True
11,Background,10240,0.830947,0.831218,0.0002710000000000212,10838,True
4,Background,1048576,0.832473,0.846042,0.013568999999999942,1087892,True
6,Background,102400,0.833993,0.8348,0.0008070000000000022,106400,True
5,Background,102400,0.833999,0.834811,0.0008119999999999239,106400,True
5,Background,1024,0.834806,0.835136,0.00032999999999994145,1244,True
6,Background,10240,0.836772,0.837149,0.0003770000000000717,10838,True
6,Background,102400,0.838042,0.838545,0.0005030000000000312,106400,True
7,Background,10240,0.838946,0.839214,0.000268000000000046,10838,True
2,Background,102400,0.839854,0.84498,0.005125999999999964,106400,True
5,Background,1024,0.839885,0.840198,0.0003130000000000077,1244,True
6,Background,1048576,0.840102,0.846988,0.006885999999999948,1087892,True
8,Background,10485760,0.841358,0.878954,0.03759599999999996,10876994,True
7,Background,1048576,0.841505,0.846657,0.005152000000000045,1087892,True
8,Background,10485760,0.841573,0.884121,0.04254800000000003,10876994,True
5,Background,102400,0.842017,0.842593,0.0005760000000000209,106400,True
1,Background,102400,0.842096,0.842648,0.0005519999999999969,106400,True
4,Background,1024,0.842258,0.842411,0.00015300000000006975,1244,True
9,Background,10240,0.844415,0.844776,0.0003609999999999447,10838,True
5,Background,102400,0.845103,0.845603,0.0004999999999999449,106400,True
6,Background,10240,0.845771,0.846137,0.00036599999999997745,10838,True
7,Background,1048576,0.847872,0.858724,0.010852000000000084,1087892,True
5,Background,10240,0.848553,0.849058,0.0005049999999999777,10838,True
2,Background,1048576,0.849314,0.853005,0.003691,1087892,True
3,Background,102400,0.849338,0.849869,0.0005309999999999482,106400,True
5,Background,102400,0.851118,0.851517,0.0003989999999999272,106400,True
7,Background,1048576,0.852199,0.861903,0.009703999999999935,1087892,True
5,Background,102400,0.852409,0.855154,0.0027449999999999974,106400,True
9,Background,10240,0.85263,0.853076,0.00044599999999994644,10838,True
3,Background,1024,0.853248,0.853412,0.00016399999999994197,1244,True
7,Background,1048576,0.855258,0.858191,0.0029330000000000744,1087892,True
7,Background,102400,0.857359,0.857938,0.0005789999999999962,106400,True
4,Background,1048576,0.857454,0.868066,0.010611999999999955,1087892,True
3,Background,10240,0.859964,0.860212,0.000248000000000026,10838,True
4,Background,102400,0.860579,0.863154,0.002574999999999994,106400,True
6,Background,10240,0.862177,0.86234,0.00016300000000002424,10838,True
8,Background,1048576,0.863269,0.866101,0.0028320000000000567,1087892,True
3,Background,10485760,0.868444,0.911696,0.04325199999999996,10876994,True
10,Background,1048576,0.86933,0.876693,0.007362999999999897,1087892,True
6,Background,1024,0.869774,0.87015,0.00037599999999993194,1244,True
2,Background,1048576,0.871263,0.880688,0.009425000000000017,1087892,True
10,Background,102400,0.873856,0.874828,0.0009720000000000839,106400,True
4,Background,102400,0.873939,0.874696,0.0007570000000000077,106400,True
8,Background,102400,0.875323,0.876019,0.0006960000000000299,106400,True
8,Background,10485760,0.876709,0.915366,0.03865700000000005,10876994,True
3,Background,1024,0.878764,0.879128,0.00036400000000003097,1244,True
7,Background,10240,0.878894,0.879184,0.00029000000000001247,10838,True
4,Background,10240,0.878994,0.879222,0.00022799999999989495,10838,True
4,Background,1024,0.881094,0.881245,0.0001509999999999012,1244,True
6,Background,10240,0.881405,0.881687,0.00028200000000000447,10838,True
1,Background,102400,0.881927,0.882669,0.0007420000000000204,106400,True
6,Background,102400,0.883794,0.885941,0.00214700000000001,106400,True
5,Background,10240,0.88504,0.885229,0.00018899999999999473,10838,True
4,Background,10240,0.886303,0.886479,0.000176000000000065,10838,True
8,Background,102400,0.887857,0.89214,0.004283000000000037,106400,True
5,Background,1048576,0.888574,0.895882,0.007307999999999981,1087892,True
9,Background,102400,0.8914,0.892096,0.0006960000000000299,106400,True
10,Background,10240,0.896121,0.896277,0.000156000000000045,10838,True
1,Background,1048576,0.896791,0.910778,0.013986999999999972,1087892,True
7,Background,102400,0.896921,0.897615,0.0006940000000000834,106400,True
11,Background,102400,0.897297,0.897713,0.00041599999999997195,106400,True
8,Background,10240,0.898559,0.898977,0.00041800000000002946,10838,True
6,Background,10485760,0.898832,0.933764,0.034932000000000074,10876994,True
12,Background,1024,0.899782,0.900136,0.0003540000000000765,1244,True
3,Background,1048576,0.900441,0.910912,0.010471000000000008,1087892,True
6,Background,1048576,0.902797,0.914765,0.01196800000000009,1087892,True
2,Background,10240,0.904147,0.904301,0.00015399999999998748,10838,True
3,Background,102400,0.905633,0.90884,0.00320699999999996,106400,True
7,Background,10240,0.906007,0.906269,0.00026199999999998447,10838,True
12,Background,1048576,0.908601,0.912139,0.003538000000000041,1087892,True
7,Background,1024,0.911226,0.911394,0.000168000000000057,1244,True
4,Background,1024,0.913808,0.914132,0.00032399999999999096,1244,True
9,Background,1048576,0.914545,0.917133,0.0025879999999999237,1087892,True
10,Background,10240,0.915445,0.915627,0.00018200000000001548,10838,True
5,Background,10240,0.916131,0.916294,0.00016300000000002424,10838,True
7,Background,102400,0.916678,0.917115,0.0004370000000000207,106400,True
6,Background,1024,0.917439,0.917591,0.000152000000000041,1244,True
8,Background,102400,0.917966,0.918491,0.0005249999999999977,106400,True
4,Background,102400,0.918906,0.919539,0.0006329999999999947,106400,True
6,Background,10240,0.920176,0.920335,0.00015900000000002024,10838,True
9,Background,102400,0.921269,0.92166,0.0003910000000000302,106400,True
9,Background,10240,0.922684,0.922841,0.00015700000000007375,10838,True
13,Background,10240,0.923744,0.923902,0.00015799999999999148,10838,True
7,Background,102400,0.924349,0.92474,0.0003910000000000302,106400,True
7,Background,104857600,0.92484,1.15837,0.2335299999999999,108768230,True
9,Background,10240,0.924924,0.925084,0.000160000000000049,10838,True
6,Background,10240,0.925936,0.926094,0.00015799999999999148,10838,True
2,Background,10240,0.927119,0.927281,0.00016199999999999548,10838,True
4,Background,1024,0.927903,0.928059,0.00015599999999993397,1244,True
9,Background,102400,0.92895,0.929654,0.0007039999999999269,106400,True
6,Background,1048576,0.929028,0.93282,0.0037920000000000176,1087892,True
7,Background,10240,0.929354,0.929769,0.0004149999999999432,10838,True
3,Background,10240,0.934659,0.934817,0.00015799999999999148,10838,True
11,Background,1048576,0.938518,0.941035,0.0025169999999999915,1087892,True
4,Background,102400,0.93874,0.939228,0.00048799999999993293,106400,True
12,Background,1048576,0.939827,0.942847,0.0030200000000000227,1087892,True
7,Background,10485760,0.94078,0.972791,0.03201100000000001,10876994,True
4,Background,1024,0.942294,0.942456,0.00016199999999999548,1244,True
7,Background,102400,0.942556,0.943061,0.0005050000000000887,106400,True
5,Background,1048576,0.942875,0.945922,0.003047000000000022,1087892,True
8,Background,10240,0.942963,0.943157,0.00019400000000002748,10838,True
7,Background,10240,0.943723,0.944018,0.0002950000000000452,10838,True
14,Background,102400,0.944299,0.944985,0.0006859999999999644,106400,True
9,Background,1048576,0.944432,0.956716,0.012283999999999962,1087892,True
6,Background,1048576,0.945225,0.948882,0.0036570000000000213,1087892,True
2,Background,10240,0.94565,0.946095,0.0004450000000000287,10838,True
5,Background,10240,0.946775,0.9471,0.0003250000000000197,10838,True
10,Background,1048576,0.948382,0.951398,0.0030160000000000187,1087892,True
6,Background,102400,0.948531,0.949176,0.0006450000000000067,106400,True
5,Background,10240,0.948982,0.949256,0.00027399999999999647,10838,True
8,Background,10485760,0.951944,0.978543,0.02659900000000004,10876994,True
13,Background,102400,0.953725,0.956184,0.002458999999999989,106400,True
8,Background,102400,0.957426,0.957888,0.00046199999999996244,106400,True
6,Background,1048576,0.958121,0.961038,0.0029169999999999474,1087892,True
3,Background,10240,0.959138,0.959303,0.00016499999999997073,10838,True
10,Background,1024,0.961178,0.961332,0.00015399999999998748,1244,True
5,Background,1048576,0.96142,0.964156,0.0027359999999999607,1087892,True
8,Background,10240,0.961977,0.962239,0.00026199999999998447,10838,True
3,Background,1048576,0.96501,0.968177,0.00316699999999992,1087892,True
5,Background,1024,0.965371,0.965682,0.00031100000000006123,1244,True
2,Background,1048576,0.967045,0.970169,0.0031239999999999046,1087892,True
7,Background,10240,0.969485,0.96969,0.00020500000000001073,10838,True
5,Background,10240,0.971426,0.971588,0.00016199999999999548,10838,True
3,Background,1024,0.973406,0.973558,0.000152000000000041,1244,True
13,Background,1024,0.973698,0.97385,0.000152000000000041,1244,True
9,Background,102400,0.973852,0.97429,0.00043799999999993844,106400,True
3,Background,10240,0.975612,0.97577,0.00015799999999999148,10838,True
4,Background,10240,0.97768,0.977839,0.00015900000000002024,10838,True
8,Background,1048576,0.977754,0.980174,0.0024199999999999777,1087892,True
9,Background,10485760,0.978422,1.00115,0.02272799999999997,10876994,True
9,Background,10240,0.978947,0.979105,0.00015799999999999148,10838,True
5,Background,10485760,0.979654,1.00247,0.022815999999999947,10876994,True
7,Background,10240,0.981706,0.981867,0.00016100000000007775,10838,True
15,Background,1024,0.985881,0.986034,0.00015299999999995872,1244,True
8,Background,10240,0.988428,0.988589,0.00016100000000007775,10838,True
8,Background,102400,0.989008,0.989464,0.00045600000000001195,106400,True
9,Background,102400,0.989673,0.990341,0.0006680000000000019,106400,True
10,Background,10240,0.991925,0.992083,0.0001580000000001025,10838,True
8,Background,102400,0.994303,0.994781,0.00047799999999997844,106400,True
5,Background,10485760,0.994495,1.02347,0.028975000000000084,10876994,True
9,Background,102400,0.995063,0.995732,0.0006689999999999197,106400,True
11,Background,1048576,0.997008,1.00022,0.0032120000000001037,1087892,True
4,Background,10240,0.998579,0.999037,0.00045799999999995844,10838,True
4,Background,1048576,0.998893,1.00253,0.0036369999999998903,1087892,True
14,Background,1048576,0.99972,1.00572,0.005999999999999894,1087892,True
9,Background,102400,0.999835,1.00262,0.0027850000000000374,106400,True
3,Background,10240,1.00341,1.00357,0.00016000000000016001,10838,True
5,Background,1048576,1.00517,1.00748,0.0023100000000000342,1087892,True
6,Background,1024,1.00624,1.00639,0.00014999999999987246,1244,True
11,Background,1048576,1.00972,1.0122,0.0024800000000000377,1087892,True
7,Background,1048576,1.01091,1.01373,0.0028200000000000447,1087892,True
8,Background,102400,1.01233,1.01279,0.000460000000000127,106400,True
7,Background,1024,1.01355,1.0137,0.0001500000000000945,1244,True
12,Background,1024,1.01481,1.01497,0.00015999999999993797,1244,True
11,Background,102400,1.01541,1.0158,0.0003900000000001125,106400,True
6,Background,10485760,1.01617,1.03976,0.02359,10876994,True
16,Background,102400,1.01809,1.01853,0.00043999999999999595,106400,True
6,Background,102400,1.01809,1.01852,0.0004300000000001525,106400,True
6,Background,104857600,1.01991,1.37077,0.35085999999999995,108768230,True
12,Background,10240,1.02009,1.02025,0.00016000000000016001,10838,True
10,Background,10485760,1.02016,1.0455,0.02534000000000014,10876994,True
10,Background,1024,1.02037,1.02058,0.00021000000000004349,1244,True
6,Background,104857600,1.02785,1.37854,0.35069000000000017,108768230,True
7,Background,1048576,1.03,1.03298,0.0029799999999999827,1087892,True
7,Background,10240,1.03095,1.03124,0.00028999999999990145,10838,True
10,Background,10240,1.0314,1.03166,0.00025999999999992696,10838,True
8,Background,102400,1.03182,1.03512,0.0033000000000000806,106400,True
10,Background,10485760,1.03304,1.0588,0.025760000000000005,10876994,True
1,Background,102400,1.03328,1.03406,0.0007800000000000029,106400,True
10,Background,10240,1.03488,1.03522,0.00034000000000000696,10838,True
9,Background,102400,1.03807,1.03864,0.0005699999999999594,106400,True
7,Background,10240,1.03896,1.03923,0.00026999999999999247,10838,True
8,Background,1048576,1.03958,1.04266,0.0030799999999999716,1087892,True
4,Background,10240,1.0399,1.04018,0.000280000000000058,10838,True
9,Background,1024,1.04026,1.04047,0.00021000000000004349,1244,True
8,Background,102400,1.04089,1.04174,0.0008500000000000174,106400,True
10,Background,10240,1.04392,1.04408,0.00015999999999993797,10838,True
7,Background,102400,1.04489,1.04552,0.0006299999999999084,106400,True
10,Background,1048576,1.04652,1.04883,0.0023100000000000342,1087892,True
6,Background,102400,1.04713,1.04753,0.000400000000000178,106400,True
4,Background,1048576,1.04755,1.04986,0.0023100000000000342,1087892,True
8,Background,1024,1.04775,1.04791,0.00015999999999993797,1244,True
7,Background,1024,1.04839,1.04854,0.0001500000000000945,1244,True
9,Background,1024,1.04937,1.04952,0.0001500000000000945,1244,True
13,Background,102400,1.05031,1.0507,0.00038999999999989043,106400,True
8,Background,1024,1.05061,1.05077,0.00015999999999993797,1244,True
11,Background,102400,1.05219,1.05258,0.0003900000000001125,106400,True
7,Background,102400,1.0529,1.05353,0.0006300000000001305,106400,True
4,Background,10240,1.05313,1.05328,0.0001500000000000945,10838,True
6,Background,10240,1.05574,1.0559,0.00016000000000016001,10838,True
9,Background,10240,1.05822,1.05838,0.00016000000000016001,10838,True
11,Background,10240,1.06012,1.06027,0.0001500000000000945,10838,True
3,Background,10240,1.06123,1.06138,0.0001500000000000945,10838,True
6,Background,10485760,1.06311,1.08575,0.022639999999999993,10876994,True
14,Background,10485760,1.06414,1.08683,0.022689999999999877,10876994,True
8,Background,102400,1.06641,1.06686,0.0004499999999998394,106400,True
9,Background,102400,1.06641,1.06687,0.00045999999999990493,106400,True
2,Background,102400,1.06656,1.06705,0.0004900000000001015,106400,True
7,Background,1048576,1.06783,1.07023,0.0023999999999999577,1087892,True
11,Background,10240,1.07064,1.0708,0.00015999999999993797,10838,True
11,Background,1024,1.07539,1.07554,0.00014999999999987246,1244,True
8,Background,1024,1.07622,1.07637,0.0001500000000000945,1244,True
7,Background,10485760,1.07651,1.09982,0.023309999999999942,10876994,True
8,Background,1048576,1.07735,1.08023,0.0028799999999999937,1087892,True
12,Background,10240,1.07747,1.07769,0.000220000000000109,10838,True
9,Background,10240,1.07785,1.07824,0.0003900000000001125,10838,True
7,Background,102400,1.07932,1.07999,0.0006699999999999484,106400,True
5,Background,1024,1.0797,1.08016,0.00045999999999990493,1244,True
13,Background,10240,1.08001,1.08028,0.00026999999999999247,10838,True
8,Background,102400,1.08162,1.08214,0.000520000000000076,106400,True
5,Background,10485760,1.08167,1.10641,0.024739999999999984,10876994,True
6,Background,10240,1.0823,1.08272,0.0004199999999998649,10838,True
11,Background,1048576,1.08247,1.09081,0.008340000000000014,1087892,True
5,Background,10240,1.08307,1.08329,0.000220000000000109,10838,True
5,Background,102400,1.08418,1.08467,0.0004900000000001015,106400,True
9,Background,1048576,1.0854,1.0878,0.0024000000000001798,1087892,True
14,Background,10240,1.08714,1.0873,0.00015999999999993797,10838,True
12,Background,1048576,1.0877,1.09021,0.0025100000000000122,1087892,True
15,Background,10240,1.0895,1.08981,0.00031000000000003247,10838,True
10,Background,10240,1.09116,1.09131,0.0001500000000000945,10838,True
12,Background,102400,1.09215,1.09254,0.0003900000000001125,106400,True
6,Background,1024,1.09233,1.09248,0.00014999999999987246,1244,True
7,Background,102400,1.09259,1.09298,0.0003900000000001125,106400,True
15,Background,102400,1.09337,1.09376,0.0003900000000001125,106400,True
13,Background,10240,1.0943,1.09446,0.00015999999999993797,10838,True
12,Background,10240,1.09552,1.09568,0.00015999999999993797,10838,True
10,Background,1048576,1.09716,1.0995,0.0023400000000000087,1087892,True
9,Background,102400,1.09915,1.09961,0.00045999999999990493,106400,True
10,Background,102400,1.09924,1.09971,0.00046999999999997044,106400,True
9,Background,102400,1.09972,1.10016,0.00043999999999999595,106400,True
8,Background,10240,1.10043,1.10059,0.00015999999999993797,10838,True
13,Background,10240,1.10342,1.10358,0.00015999999999993797,10838,True
12,Background,102400,1.10516,1.10555,0.0003900000000001125,106400,True
5,Background,1024,1.10539,1.10554,0.00014999999999987246,1244,True
5,Background,104857600,1.10567,1.55216,0.44649000000000005,108768230,True
6,Background,10240,1.10579,1.10595,0.00015999999999993797,10838,True
7,Background,10240,1.10632,1.10648,0.00015999999999993797,10838,True
15,Background,102400,1.10683,1.10733,0.0004999999999999449,106400,True
7,Background,1048576,1.10721,1.1095,0.0022899999999999032,1087892,True
10,Background,102400,1.10914,1.10953,0.00038999999999989043,106400,True
13,Background,1048576,1.1116,1.11392,0.0023200000000000998,1087892,True
6,Background,10485760,1.11274,1.13522,0.022479999999999833,10876994,True
11,Background,1048576,1.11511,1.11742,0.0023100000000000342,1087892,True
7,Background,102400,1.11679,1.11736,0.0005699999999999594,106400,True
9,Background,10485760,1.11882,1.14217,0.023349999999999982,10876994,True
8,Background,1024,1.12026,1.12041,0.00014999999999987246,1244,True
7,Background,102400,1.12101,1.12148,0.00046999999999997044,106400,True
11,Background,10240,1.12137,1.12163,0.00025999999999992696,10838,True
4,Background,102400,1.12501,1.12547,0.00045999999999990493,106400,True
8,Background,10240,1.12553,1.12579,0.000260000000000149,10838,True
9,Background,102400,1.12711,1.12761,0.0004999999999999449,106400,True
14,Background,1024,1.12734,1.1276,0.00025999999999992696,1244,True
11,Background,1048576,1.12738,1.13095,0.003569999999999851,1087892,True
11,Background,1024,1.12781,1.1282,0.0003900000000001125,1244,True
10,Background,102400,1.12791,1.13102,0.003109999999999946,106400,True
8,Background,1024,1.12898,1.12925,0.00026999999999999247,1244,True
9,Background,1048576,1.13173,1.13774,0.006010000000000071,1087892,True
6,Background,10485760,1.13187,1.1722,0.04032999999999998,10876994,True
14,Background,102400,1.13363,1.13425,0.0006200000000000649,106400,True
10,Background,102400,1.13374,1.13465,0.0009099999999999664,106400,True
6,Background,102400,1.13391,1.13644,0.002529999999999921,106400,True
9,Background,10240,1.13409,1.13435,0.00025999999999992696,10838,True
14,Background,10485760,1.1344,1.16475,0.030349999999999877,10876994,True
11,Background,1024,1.1356,1.13576,0.00016000000000016001,1244,True
10,Background,10240,1.13722,1.13738,0.00016000000000016001,10838,True
6,Background,102400,1.13792,1.13871,0.0007900000000000684,106400,True
5,Background,10240,1.1382,1.1384,0.00019999999999997797,10838,True
8,Background,10485760,1.14282,1.17575,0.032930000000000126,10876994,True
16,Background,1048576,1.14327,1.15686,0.013589999999999991,1087892,True
10,Background,102400,1.14563,1.14912,0.003489999999999993,106400,True
15,Background,1048576,1.14682,1.16286,0.016040000000000054,1087892,True
7,Background,1048576,1.14687,1.16555,0.01868000000000003,1087892,True
10,Background,1024,1.14845,1.14868,0.00022999999999995246,1244,True
10,Background,10240,1.1503,1.15046,0.00015999999999993797,10838,True
6,Background,1048576,1.15134,1.1612,0.00985999999999998,1087892,True
5,Background,1048576,1.15162,1.16625,0.01462999999999992,1087892,True
11,Background,1048576,1.15573,1.1654,0.009670000000000067,1087892,True
6,Background,102400,1.15582,1.15674,0.0009200000000000319,106400,True
5,Background,102400,1.15692,1.15774,0.0008200000000000429,106400,True
14,Background,102400,1.15723,1.15777,0.0005399999999999849,106400,True
11,Background,10240,1.16041,1.16065,0.00024000000000001798,10838,True
15,Background,104857600,1.16172,1.98703,0.82531,108768230,True
12,Background,104857600,1.16407,1.98902,0.8249500000000001,108768230,True
12,Background,10240,1.16548,1.16565,0.00017000000000000348,10838,True
15,Background,1048576,1.16652,1.17094,0.0044200000000000905,1087892,True
12,Background,10240,1.16735,1.16758,0.00022999999999995246,10838,True
13,Background,102400,1.16901,1.16959,0.0005799999999998029,106400,True
6,Background,102400,1.16915,1.16967,0.000520000000000076,106400,True
11,Background,1048576,1.17432,1.17751,0.003190000000000026,1087892,True
5,Background,10485760,1.17448,1.21113,0.03665000000000007,10876994,True
6,Background,10240,1.17491,1.17526,0.0003500000000000725,10838,True
6,Background,102400,1.17499,1.17583,0.0008399999999999519,106400,True
11,Background,10240,1.17671,1.17692,0.00021000000000004349,10838,True
16,Background,1048576,1.1799,1.18413,0.004229999999999956,1087892,True
9,Background,102400,1.18026,1.18086,0.0005999999999999339,106400,True
12,Background,10485760,1.18121,1.24622,0.06501000000000001,10876994,True
10,Background,1024,1.18285,1.18321,0.000360000000000138,1244,True
7,Background,1024,1.18336,1.18351,0.0001500000000000945,1244,True
7,Background,102400,1.18496,1.18574,0.0007800000000000029,106400,True
12,Background,10485760,1.18508,1.23219,0.047109999999999985,10876994,True
7,Background,10240,1.1854,1.18583,0.00042999999999993044,10838,True
7,Background,10240,1.18638,1.18654,0.00015999999999993797,10838,True
13,Background,10240,1.18686,1.18715,0.00028999999999990145,10838,True
13,Background,10240,1.18706,1.18726,0.00019999999999997797,10838,True
8,Background,1048576,1.18735,1.20098,0.013630000000000031,1087892,True
3,Background,102400,1.18874,1.19318,0.0044399999999999995,106400,True
7,Background,1024,1.18905,1.18928,0.00022999999999995246,1244,True
8,Background,1048576,1.18992,1.19815,0.00822999999999996,1087892,True
12,Background,1024,1.19005,1.19026,0.00021000000000004349,1244,True
15,Background,102400,1.19199,1.19278,0.0007899999999998464,106400,True
4,Background,102400,1.19215,1.19269,0.0005399999999999849,106400,True
17,Background,10240,1.19423,1.19441,0.000180000000000069,10838,True
8,Background,10240,1.19469,1.19514,0.00045000000000006146,10838,True
8,Background,10485760,1.19485,1.28713,0.09228000000000014,10876994,True
13,Background,102400,1.19573,1.19646,0.0007300000000001194,106400,True
14,Background,102400,1.1963,1.19693,0.0006300000000001305,106400,True
9,Background,1048576,1.19676,1.20847,0.011709999999999887,1087892,True
8,Background,1024,1.19777,1.19814,0.00036999999999998145,1244,True
11,Background,1024,1.19779,1.19814,0.0003500000000000725,1244,True
16,Background,102400,1.19824,1.19877,0.0005299999999999194,106400,True
10,Background,10485760,1.19857,1.28915,0.0905800000000001,10876994,True
14,Background,1024,1.20011,1.20026,0.0001500000000000945,1244,True
9,Background,1048576,1.20012,1.21016,0.010039999999999827,1087892,True
9,Background,1024,1.20065,1.20112,0.00046999999999997044,1244,True
10,Background,10240,1.20215,1.20231,0.00015999999999993797,10838,True
15,Background,1024,1.20288,1.2032,0.000320000000000098,1244,True
16,Background,10240,1.20355,1.20392,0.0003700000000002035,10838,True
11,Background,10240,1.20442,1.20483,0.00041000000000002146,10838,True
12,Background,102400,1.20459,1.20732,0.002729999999999899,106400,True
10,Background,1024,1.20509,1.20528,0.00018999999999991246,1244,True
10,Background,10240,1.2058,1.20614,0.00034000000000000696,10838,True
12,Background,10240,1.20627,1.2065,0.00022999999999995246,10838,True
7,Background,1048576,1.21026,1.22384,0.013580000000000148,1087892,True
13,Background,10485760,1.21114,1.27671,0.0655699999999999,10876994,True
14,Background,102400,1.21206,1.21251,0.00045000000000006146,106400,True
14,Background,10485760,1.213,1.28991,0.07690999999999981,10876994,True
9,Background,10485760,1.21436,1.27563,0.061269999999999936,10876994,True
15,Background,102400,1.21617,1.21675,0.0005800000000000249,106400,True
5,Background,102400,1.21629,1.21719,0.0008999999999999009,106400,True
18,Background,102400,1.21715,1.21771,0.000560000000000116,106400,True
8,Background,104857600,1.21882,2.19862,0.9798,108768230,True
8,Background,102400,1.22065,1.22382,0.003169999999999895,106400,True
7,Background,1048576,1.22154,1.23765,0.016109999999999847,1087892,True
19,Background,1024,1.2223,1.22245,0.0001500000000000945,1244,True
9,Background,1024,1.22259,1.22274,0.00014999999999987246,1244,True
11,Background,10485760,1.22514,1.30822,0.08308000000000004,10876994,True
13,Background,1048576,1.22553,1.24679,0.021260000000000057,1087892,True
15,Background,102400,1.22592,1.22674,0.0008200000000000429,106400,True
12,Background,102400,1.22707,1.22751,0.00043999999999999595,106400,True
6,Background,1048576,1.22845,1.24402,0.015569999999999862,1087892,True
17,Background,1048576,1.22889,1.23217,0.0032799999999999496,1087892,True
16,Background,10485760,1.22919,1.30055,0.07136000000000009,10876994,True
11,Background,10240,1.23208,1.23229,0.00021000000000004349,10838,True
16,Background,102400,1.23278,1.23344,0.000660000000000105,106400,True
10,Background,10485760,1.23348,1.33596,0.10248000000000013,10876994,True
8,Background,1048576,1.23753,1.25386,0.016329999999999956,1087892,True
17,Background,10240,1.23939,1.2396,0.00021000000000004349,10838,True
13,Background,1048576,1.23951,1.25676,0.01725000000000021,1087892,True
10,Background,1048576,1.23993,1.24346,0.003530000000000033,1087892,True
12,Background,1048576,1.24039,1.25184,0.01144999999999996,1087892,True
11,Background,102400,1.24243,1.24514,0.00270999999999999,106400,True
15,Background,102400,1.24342,1.24381,0.0003900000000001125,106400,True
8,Background,10240,1.24367,1.24383,0.00015999999999993797,10838,True
17,Background,10485760,1.24493,1.31213,0.06719999999999993,10876994,True
7,Background,1024,1.24657,1.24681,0.00024000000000001798,1244,True
7,Background,102400,1.24787,1.24979,0.0019199999999999218,106400,True
13,Background,10240,1.24855,1.24883,0.000280000000000058,10838,True
11,Background,10485760,1.24867,1.33941,0.09074000000000004,10876994,True
9,Background,1024,1.25044,1.25071,0.00026999999999999247,1244,True
10,Background,10240,1.25095,1.25124,0.00028999999999990145,10838,True
11,Background,1048576,1.25184,1.26902,0.017179999999999973,1087892,True
17,Background,102400,1.25189,1.25265,0.0007600000000000939,106400,True
10,Background,102400,1.2524,1.25297,0.0005699999999999594,106400,True
10,Background,1048576,1.25262,1.27107,0.018449999999999855,1087892,True
8,Background,1048576,1.25373,1.27392,0.02018999999999993,1087892,True
11,Background,102400,1.25433,1.25489,0.000560000000000116,106400,True
8,Background,10240,1.25617,1.25632,0.0001500000000000945,10838,True
7,Background,102400,1.25757,1.25931,0.0017399999999998528,106400,True
12,Background,102400,1.26109,1.26152,0.00042999999999993044,106400,True
14,Background,1048576,1.26256,1.28105,0.018490000000000117,1087892,True
9,Background,10485760,1.26418,1.3302,0.06601999999999997,10876994,True
7,Background,102400,1.26428,1.26485,0.0005699999999999594,106400,True
6,Background,102400,1.26572,1.27279,0.007070000000000132,106400,True
6,Background,102400,1.26579,1.26996,0.004170000000000007,106400,True
9,Background,102400,1.26867,1.27131,0.0026399999999999757,106400,True
8,Background,1048576,1.26894,1.27183,0.002890000000000059,1087892,True
12,Background,102400,1.26933,1.26972,0.00038999999999989043,106400,True
18,Background,102400,1.26934,1.26973,0.0003900000000001125,106400,True
2,Background,1024,1.27326,1.27341,0.00014999999999987246,1244,True
18,Background,10240,1.27338,1.27353,0.0001500000000000945,10838,True
12,Background,102400,1.27349,1.27407,0.0005800000000000249,106400,True
9,Background,1024,1.27354,1.27375,0.00021000000000004349,1244,True
16,Background,10240,1.27386,1.27417,0.00031000000000003247,10838,True
17,Background,1024,1.27397,1.27422,0.00024999999999986144,1244,True
11,Background,104857600,1.27521,2.57024,1.2950300000000001,108768230,True
9,Background,1048576,1.27597,1.27918,0.003209999999999935,1087892,True
15,Background,1048576,1.27768,1.29184,0.014160000000000172,1087892,True
14,Background,10240,1.27846,1.27862,0.00016000000000016001,10838,True
13,Background,102400,1.28036,1.28077,0.00041000000000002146,106400,True
13,Background,102400,1.28067,1.2812,0.0005299999999999194,106400,True
10,Background,10240,1.28178,1.28216,0.00038000000000004697,10838,True
16,Background,1048576,1.28205,1.28506,0.003010000000000179,1087892,True
19,Background,102400,1.28212,1.28253,0.00041000000000002146,106400,True
4,Background,1048576,1.28336,1.28658,0.0032200000000000006,1087892,True
10,Background,1048576,1.28505,1.2882,0.003149999999999986,1087892,True
12,Background,104857600,1.28544,2.61825,1.3328100000000003,108768230,True
20,Background,10240,1.28569,1.2862,0.0005100000000000104,10838,True
9,Background,102400,1.28573,1.28855,0.0028200000000000447,106400,True
11,Background,10240,1.28681,1.28711,0.00029999999999996696,10838,True
12,Background,10485760,1.28774,1.37031,0.08256999999999981,10876994,True
15,Background,102400,1.28807,1.28852,0.00045000000000006146,106400,True
11,Background,102400,1.29226,1.29298,0.0007200000000000539,106400,True
14,Background,102400,1.29229,1.29332,0.0010300000000000864,106400,True
7,Background,1048576,1.29395,1.30512,0.011170000000000124,1087892,True
13,Background,1048576,1.29464,1.32282,0.028180000000000094,1087892,True
9,Background,10485760,1.29473,1.37084,0.07611000000000012,10876994,True
9,Background,1048576,1.29584,1.31722,0.021379999999999955,1087892,True
11,Background,10240,1.29652,1.29693,0.00041000000000002146,10838,True
11,Background,10240,1.29773,1.29815,0.0004199999999998649,10838,True
16,Background,10240,1.29984,1.30018,0.0003399999999997849,10838,True
16,Background,10240,1.30169,1.30208,0.00038999999999989043,10838,True
14,Background,1048576,1.30319,1.30907,0.005879999999999885,1087892,True
16,Background,102400,1.3056,1.30614,0.0005399999999999849,106400,True
9,Background,1048576,1.30617,1.31713,0.010959999999999859,1087892,True
8,Background,1048576,1.30699,1.31018,0.003189999999999804,1087892,True
13,Background,10240,1.30768,1.30811,0.0004300000000001525,10838,True
12,Background,10240,1.30884,1.30917,0.00032999999999994145,10838,True
9,Background,1048576,1.30922,1.31212,0.0028999999999999027,1087892,True
14,Background,10240,1.31102,1.31127,0.00024999999999986144,10838,True
12,Background,102400,1.31144,1.31211,0.0006700000000001705,106400,True
10,Background,102400,1.31248,1.31315,0.0006699999999999484,106400,True
10,Background,102400,1.31318,1.31357,0.00038999999999989043,106400,True
13,Background,1048576,1.31363,1.32239,0.008759999999999879,1087892,True
3,Background,1048576,1.31446,1.32882,0.014359999999999928,1087892,True
11,Background,10240,1.31483,1.31522,0.0003900000000001125,10838,True
9,Background,1048576,1.31712,1.31999,0.002869999999999928,1087892,True
18,Background,10240,1.32029,1.32045,0.00015999999999993797,10838,True
12,Background,102400,1.32122,1.32161,0.00038999999999989043,106400,True
5,Background,1048576,1.32252,1.33644,0.013920000000000154,1087892,True
8,Background,1048576,1.32435,1.333,0.008650000000000047,1087892,True
17,Background,10240,1.32505,1.32528,0.00022999999999995246,10838,True
12,Background,1048576,1.32539,1.32817,0.0027800000000000047,1087892,True
16,Background,10240,1.32972,1.33014,0.00042000000000008697,10838,True
18,Background,102400,1.33295,1.33374,0.0007899999999998464,106400,True
13,Background,10240,1.33565,1.33602,0.00036999999999998145,10838,True
10,Background,10240,1.33851,1.33891,0.00039999999999995595,10838,True
13,Background,102400,1.33966,1.34097,0.0013099999999999223,106400,True
16,Background,102400,1.34004,1.3406,0.000560000000000116,106400,True
12,Background,10240,1.34033,1.34056,0.00022999999999995246,10838,True
8,Background,10485760,1.34178,1.40538,0.0636000000000001,10876994,True
17,Background,104857600,1.3427,2.74613,1.40343,108768230,True
11,Background,102400,1.34386,1.34472,0.0008599999999998609,106400,True
21,Background,10485760,1.34462,1.43143,0.08681000000000005,10876994,True
15,Background,102400,1.34545,1.34816,0.00270999999999999,106400,True
13,Background,10240,1.34774,1.34816,0.00042000000000008697,10838,True
17,Background,10485760,1.34781,1.42722,0.07940999999999998,10876994,True
12,Background,102400,1.34782,1.35149,0.003670000000000062,106400,True
14,Background,1024,1.3512,1.35135,0.0001500000000000945,1244,True
11,Background,102400,1.35215,1.35255,0.00039999999999995595,106400,True
13,Background,1048576,1.35395,1.35756,0.003610000000000113,1087892,True
14,Background,10240,1.35427,1.35442,0.00014999999999987246,10838,True
19,Background,10485760,1.35609,1.4042,0.048109999999999875,10876994,True
11,Background,1024,1.35685,1.35721,0.000360000000000138,1244,True
18,Background,1048576,1.35985,1.37722,0.017370000000000108,1087892,True
8,Background,10240,1.36097,1.36123,0.00025999999999992696,10838,True
10,Background,102400,1.36126,1.36181,0.0005500000000000504,106400,True
10,Background,102400,1.36217,1.36261,0.00043999999999999595,106400,True
17,Background,1024,1.36429,1.36444,0.0001500000000000945,1244,True
14,Background,1048576,1.36656,1.37049,0.003929999999999989,1087892,True
13,Background,102400,1.36691,1.3677,0.0007899999999998464,106400,True
14,Background,102400,1.36704,1.36754,0.0004999999999999449,106400,True
8,Background,102400,1.3707,1.37163,0.0009299999999998754,106400,True
14,Background,10240,1.37283,1.37313,0.00029999999999996696,10838,True
18,Background,102400,1.37426,1.37478,0.0005199999999998539,106400,True
9,Background,102400,1.37481,1.37922,0.004409999999999803,106400,True
12,Background,1024,1.37485,1.37517,0.000320000000000098,1244,True
17,Background,10240,1.37699,1.37724,0.0002500000000000835,10838,True
19,Background,10240,1.37736,1.37756,0.00019999999999997797,10838,True
10,Background,1048576,1.3786,1.38513,0.006529999999999925,1087892,True
17,Background,102400,1.37873,1.38019,0.0014600000000000168,106400,True
9,Background,10240,1.37892,1.37922,0.00029999999999996696,10838,True
15,Background,1024,1.37895,1.37923,0.000280000000000058,1244,True
11,Background,10485760,1.37939,1.46563,0.0862400000000001,10876994,True
18,Background,1048576,1.38012,1.38302,0.0028999999999999027,1087892,True
15,Background,10240,1.38055,1.38092,0.00036999999999998145,10838,True
10,Background,102400,1.38098,1.3816,0.0006199999999998429,106400,True
20,Background,10240,1.38109,1.38128,0.0001900000000001345,10838,True
15,Background,1024,1.3811,1.38128,0.000180000000000069,1244,True
14,Background,1024,1.38151,1.38169,0.000180000000000069,1244,True
13,Background,104857600,1.3823,2.97022,1.5879199999999998,108768230,True
13,Background,1048576,1.3831,1.38611,0.003009999999999957,1087892,True
16,Background,1048576,1.38373,1.39592,0.012190000000000145,1087892,True
13,Background,102400,1.38413,1.38455,0.0004199999999998649,106400,True
4,Background,10240,1.39009,1.39029,0.00019999999999997797,10838,True
21,Background,10240,1.39171,1.39212,0.00041000000000002146,10838,True
18,Background,10485760,1.39947,1.48212,0.08265000000000011,10876994,True
11,Background,102400,1.3998,1.40317,0.003370000000000095,106400,True
11,Background,1048576,1.40057,1.41616,0.015589999999999993,1087892,True
16,Background,1048576,1.4012,1.4044,0.0032000000000000917,1087892,True
14,Background,10485760,1.40287,1.46965,0.06677999999999984,10876994,True
19,Background,10240,1.40496,1.4052,0.00024000000000001798,10838,True
15,Background,1048576,1.40696,1.41212,0.005160000000000053,1087892,True
7,Background,1048576,1.40742,1.42216,0.014740000000000197,1087892,True
14,Background,1024,1.40744,1.40787,0.00042999999999993044,1244,True
15,Background,102400,1.40762,1.41117,0.003549999999999942,106400,True
9,Background,1048576,1.40845,1.41171,0.0032600000000000406,1087892,True
14,Background,1024,1.41149,1.41176,0.00026999999999999247,1244,True
10,Background,10240,1.41181,1.41215,0.00034000000000000696,10838,True
10,Background,102400,1.41209,1.41266,0.0005699999999999594,106400,True
12,Background,102400,1.4134,1.41396,0.000560000000000116,106400,True
12,Background,10240,1.41394,1.41421,0.00026999999999999247,10838,True
15,Background,1048576,1.41483,1.43321,0.018380000000000063,1087892,True
11,Background,1048576,1.41569,1.4285,0.01281000000000021,1087892,True
16,Background,1024,1.41608,1.41628,0.00019999999999997797,1244,True
15,Background,10485760,1.41684,1.50681,0.08996999999999988,10876994,True
17,Background,10240,1.41705,1.41728,0.0002300000000001745,10838,True
15,Background,10485760,1.41732,1.49215,0.07483000000000017,10876994,True
19,Background,10485760,1.41748,1.47968,0.06220000000000003,10876994,True
5,Background,102400,1.41788,1.41874,0.0008599999999998609,106400,True
18,Background,1024,1.41913,1.41929,0.00015999999999993797,1244,True
12,Background,10240,1.42011,1.42029,0.000180000000000069,10838,True
10,Background,1024,1.42151,1.42166,0.00014999999999987246,1244,True
20,Background,1024,1.42372,1.4239,0.00017999999999984695,1244,True
6,Background,10240,1.4239,1.42416,0.000260000000000149,10838,True
17,Background,102400,1.42549,1.42614,0.0006500000000000394,106400,True
16,Background,102400,1.42686,1.42916,0.0022999999999999687,106400,True
17,Background,10240,1.42689,1.42722,0.00032999999999994145,10838,True
20,Background,10240,1.42701,1.42725,0.00024000000000001798,10838,True
11,Background,1024,1.42788,1.42819,0.00031000000000003247,1244,True
13,Background,10240,1.43034,1.43049,0.0001500000000000945,10838,True
14,Background,10240,1.43125,1.43141,0.00016000000000016001,10838,True
19,Background,102400,1.4364,1.43698,0.0005800000000000249,106400,True
16,Background,10240,1.43693,1.43719,0.00025999999999992696,10838,True
15,Background,1048576,1.43861,1.45404,0.015430000000000055,1087892,True
11,Background,102400,1.44081,1.44389,0.0030799999999999716,106400,True
12,Background,1024,1.44118,1.44133,0.0001500000000000945,1244,True
12,Background,10240,1.44426,1.44444,0.00017999999999984695,10838,True
17,Background,1048576,1.44631,1.45601,0.009700000000000042,1087892,True
19,Background,102400,1.45029,1.45082,0.0005299999999999194,106400,True
22,Background,10240,1.45045,1.45067,0.00021999999999988695,10838,True
16,Background,1024,1.45094,1.45122,0.000280000000000058,1244,True
15,Background,10240,1.45172,1.45214,0.00042000000000008697,10838,True
16,Background,10485760,1.45222,1.54325,0.09102999999999994,10876994,True
23,Background,1024,1.45248,1.45276,0.000280000000000058,1244,True
13,Background,1024,1.45302,1.45328,0.00025999999999992696,1244,True
16,Background,10240,1.45309,1.45331,0.000220000000000109,10838,True
18,Background,10240,1.45414,1.45429,0.0001500000000000945,10838,True
13,Background,102400,1.45498,1.4556,0.0006200000000000649,106400,True
10,Background,10240,1.45659,1.45705,0.00045999999999990493,10838,True
14,Background,10240,1.45677,1.45716,0.0003900000000001125,10838,True
16,Background,1048576,1.46157,1.47685,0.01527999999999996,1087892,True
11,Background,1024,1.46216,1.46232,0.00016000000000016001,1244,True
8,Background,1024,1.46595,1.46622,0.00026999999999999247,1244,True
10,Background,1024,1.46701,1.46726,0.0002500000000000835,1244,True
19,Background,10240,1.46886,1.46916,0.00029999999999996696,10838,True
16,Background,10240,1.47007,1.47027,0.00019999999999997797,10838,True
7,Background,102400,1.47008,1.47054,0.00045999999999990493,106400,True
15,Background,10240,1.47014,1.4703,0.00015999999999993797,10838,True
14,Background,10485760,1.4705,1.60174,0.13124000000000002,10876994,True
14,Background,10240,1.47202,1.47226,0.00023999999999979593,10838,True
14,Background,10485760,1.47549,1.6039,0.12841000000000014,10876994,True
11,Background,10240,1.47558,1.47603,0.00045000000000006146,10838,True
15,Background,102400,1.47777,1.47842,0.0006500000000000394,106400,True
17,Background,10240,1.47808,1.47828,0.00019999999999997797,10838,True
20,Background,10485760,1.47854,1.6016,0.12305999999999995,10876994,True
17,Background,10240,1.47873,1.47915,0.0004199999999998649,10838,True
18,Background,102400,1.47903,1.47951,0.00048000000000003595,106400,True
12,Background,102400,1.48165,1.48508,0.003430000000000044,106400,True
13,Background,10240,1.48247,1.48274,0.00026999999999999247,10838,True
20,Background,102400,1.483,1.48349,0.0004899999999998794,106400,True
14,Background,1048576,1.48405,1.4882,0.004149999999999876,1087892,True
13,Background,10485760,1.48526,1.60979,0.12453000000000003,10876994,True
19,Background,10485760,1.48619,1.5449,0.05871000000000004,10876994,True
9,Background,10240,1.48642,1.48657,0.00014999999999987246,10838,True
21,Background,10485760,1.4892,1.61713,0.12792999999999988,10876994,True
15,Background,10240,1.48929,1.48951,0.00021999999999988695,10838,True
15,Background,1048576,1.48933,1.51023,0.02089999999999992,1087892,True
24,Background,10485760,1.48983,1.6416,0.15176999999999996,10876994,True
9,Background,102400,1.48989,1.49063,0.0007399999999999629,106400,True
16,Background,10240,1.49062,1.4909,0.00027999999999983594,10838,True
16,Background,10485760,1.49083,1.59092,0.10008999999999979,10876994,True
17,Background,1048576,1.49088,1.51406,0.02317999999999998,1087892,True
18,Background,1048576,1.49157,1.51745,0.025879999999999903,1087892,True
17,Background,102400,1.49243,1.49301,0.0005800000000000249,106400,True
12,Background,1048576,1.49308,1.49609,0.003009999999999957,1087892,True
12,Background,102400,1.49394,1.49464,0.0006999999999999229,106400,True
9,Background,10240,1.49677,1.49699,0.000220000000000109,10838,True
19,Background,1048576,1.497,1.50415,0.00714999999999999,1087892,True
13,Background,104857600,1.49754,3.22098,1.7234399999999999,108768230,True
22,Background,1048576,1.49933,1.51964,0.02031000000000005,1087892,True
10,Background,102400,1.49939,1.50315,0.0037599999999999856,106400,True
16,Background,1048576,1.50164,1.52417,0.02252999999999994,1087892,True
11,Background,102400,1.50235,1.50275,0.00039999999999995595,106400,True
22,Background,10485760,1.50308,1.60028,0.09719999999999995,10876994,True
16,Background,102400,1.50371,1.5078,0.004089999999999927,106400,True
15,Background,102400,1.50379,1.50717,0.0033799999999999386,106400,True
19,Background,10485760,1.50546,1.62621,0.12074999999999991,10876994,True
20,Background,102400,1.50563,1.51204,0.006410000000000027,106400,True
11,Background,10240,1.50613,1.50634,0.00021000000000004349,10838,True
10,Background,10240,1.50736,1.50764,0.000280000000000058,10838,True
13,Background,1024,1.51121,1.51137,0.00016000000000016001,1244,True
17,Background,10485760,1.51128,1.61216,0.10088000000000008,10876994,True
20,Background,1024,1.51645,1.51692,0.00046999999999997044,1244,True
12,Background,10240,1.51744,1.5176,0.00016000000000016001,10838,True
15,Background,10240,1.51839,1.51878,0.0003900000000001125,10838,True
19,Background,1048576,1.51851,1.54015,0.02163999999999988,1087892,True
18,Background,10240,1.51878,1.5192,0.00042000000000008697,10838,True
20,Background,1048576,1.51946,1.52276,0.0032999999999998586,1087892,True
18,Background,10240,1.51988,1.52021,0.0003300000000001635,10838,True
13,Background,10240,1.52056,1.52101,0.00045000000000006146,10838,True
12,Background,102400,1.52204,1.52252,0.00048000000000003595,106400,True
18,Background,1024,1.52258,1.52281,0.00022999999999995246,1244,True
19,Background,102400,1.52293,1.52377,0.0008400000000001739,106400,True
14,Background,10240,1.52465,1.52506,0.00041000000000002146,10838,True
14,Background,102400,1.52538,1.52599,0.0006099999999999994,106400,True
16,Background,104857600,1.52784,3.28912,1.76128,108768230,True
10,Background,1048576,1.52854,1.5451,0.016559999999999908,1087892,True
17,Background,1048576,1.52923,1.53217,0.0029399999999999427,1087892,True
20,Background,1024,1.52974,1.52992,0.00017999999999984695,1244,True
12,Background,1048576,1.53066,1.55205,0.02139000000000002,1087892,True
17,Background,102400,1.53134,1.53173,0.0003900000000001125,106400,True
11,Background,1024,1.53265,1.53313,0.00048000000000003595,1244,True
14,Background,1024,1.53302,1.53326,0.00024000000000001798,1244,True
20,Background,102400,1.53309,1.53354,0.0004499999999998394,106400,True
15,Background,10240,1.53494,1.53526,0.000320000000000098,10838,True
11,Background,102400,1.53499,1.53563,0.0006399999999999739,106400,True
12,Background,1024,1.53803,1.53828,0.0002500000000000835,1244,True
13,Background,102400,1.53844,1.53892,0.00048000000000003595,106400,True
9,Background,1048576,1.54001,1.54318,0.003169999999999895,1087892,True
17,Background,1024,1.54018,1.54033,0.00014999999999987246,1244,True
15,Background,10240,1.54069,1.54118,0.0004900000000001015,10838,True
17,Background,102400,1.54142,1.54188,0.00045999999999990493,106400,True
16,Background,1024,1.54185,1.54218,0.0003300000000001635,1244,True
11,Background,1048576,1.54202,1.54591,0.003889999999999949,1087892,True
19,Background,10240,1.54212,1.54231,0.0001900000000001345,10838,True
13,Background,102400,1.54269,1.54743,0.0047400000000001885,106400,True
21,Background,10485760,1.54274,1.66674,0.12400000000000011,10876994,True
25,Background,1048576,1.54334,1.54713,0.00378999999999996,1087892,True
16,Background,102400,1.54391,1.54464,0.0007300000000001194,106400,True
18,Background,102400,1.54598,1.54664,0.000660000000000105,106400,True
10,Background,1024,1.54656,1.54692,0.000360000000000138,1244,True
21,Background,10240,1.5476,1.54799,0.00038999999999989043,10838,True
17,Background,10240,1.54779,1.54817,0.00038000000000004697,10838,True
11,Background,1048576,1.54916,1.56173,0.01256999999999997,1087892,True
20,Background,102400,1.5493,1.55192,0.0026200000000000667,106400,True
18,Background,102400,1.54939,1.55262,0.003229999999999844,106400,True
15,Background,1048576,1.5518,1.57121,0.019409999999999927,1087892,True
23,Background,1024,1.5523,1.55245,0.0001500000000000945,1244,True
17,Background,10240,1.55314,1.5533,0.00015999999999993797,10838,True
20,Background,1048576,1.55339,1.5732,0.019809999999999883,1087892,True
22,Background,10240,1.5544,1.55455,0.0001500000000000945,10838,True
8,Background,10240,1.55449,1.55465,0.00016000000000016001,10838,True
20,Background,102400,1.55529,1.55605,0.0007599999999998719,106400,True
21,Background,104857600,1.55665,3.09946,1.54281,108768230,True
18,Background,1048576,1.55748,1.58004,0.022559999999999913,1087892,True
11,Background,1024,1.5577,1.55819,0.0004899999999998794,1244,True
16,Background,102400,1.55918,1.5596,0.00042000000000008697,106400,True
8,Background,1024,1.55963,1.56005,0.0004199999999998649,1244,True
14,Background,10240,1.56198,1.56225,0.00026999999999999247,10838,True
24,Background,1048576,1.56335,1.58197,0.01862000000000008,1087892,True
21,Background,1024,1.5649,1.56523,0.00032999999999994145,1244,True
22,Background,10240,1.56548,1.56564,0.00015999999999993797,10838,True
23,Background,102400,1.56632,1.56915,0.00283000000000011,106400,True
23,Background,1048576,1.56652,1.58896,0.022440000000000015,1087892,True
21,Background,1048576,1.56776,1.59265,0.024889999999999857,1087892,True
18,Background,1024,1.56784,1.56819,0.0003500000000000725,1244,True
12,Background,102400,1.57086,1.57394,0.0030799999999999716,106400,True
17,Background,1048576,1.57586,1.59682,0.020959999999999868,1087892,True
18,Background,1048576,1.57599,1.58174,0.005749999999999922,1087892,True
25,Background,10240,1.5776,1.57803,0.0004300000000001525,10838,True
9,Background,10240,1.57765,1.57814,0.0004900000000001015,10838,True
22,Background,10485760,1.57766,1.7312,0.15354,10876994,True
21,Background,10240,1.57848,1.57863,0.00014999999999987246,10838,True
14,Background,1048576,1.5792,1.59261,0.013410000000000144,1087892,True
26,Background,102400,1.58356,1.58646,0.0028999999999999027,106400,True
14,Background,102400,1.58566,1.59255,0.006889999999999841,106400,True
13,Background,1024,1.59396,1.59422,0.00025999999999992696,1244,True
19,Background,102400,1.594,1.59457,0.0005699999999999594,106400,True
24,Background,10485760,1.59495,1.70429,0.10933999999999999,10876994,True
15,Background,10485760,1.5951,1.68601,0.09091000000000005,10876994,True
16,Background,102400,1.59705,1.59758,0.0005299999999999194,106400,True
25,Background,102400,1.59706,1.59759,0.0005300000000001415,106400,True
15,Background,1048576,1.59816,1.60118,0.0030200000000000227,1087892,True
21,Background,102400,1.59848,1.599,0.000520000000000076,106400,True
13,Background,10485760,1.59855,1.68348,0.08493000000000017,10876994,True
13,Background,10485760,1.59919,1.65515,0.05596000000000001,10876994,True
9,Background,102400,1.60065,1.60525,0.0046000000000001595,106400,True
19,Background,102400,1.60127,1.60174,0.00046999999999997044,106400,True
17,Background,102400,1.60155,1.60282,0.0012699999999998823,106400,True
18,Background,1024,1.60346,1.60365,0.00018999999999991246,1244,True
18,Background,10240,1.60529,1.60544,0.00014999999999987246,10838,True
11,Background,1024,1.60621,1.60636,0.0001500000000000945,1244,True
22,Background,1024,1.60895,1.60923,0.00027999999999983594,1244,True
12,Background,102400,1.60923,1.60978,0.0005500000000000504,106400,True
23,Background,1024,1.61049,1.61074,0.0002500000000000835,1244,True
22,Background,10240,1.61134,1.6115,0.00015999999999993797,10838,True
12,Background,10240,1.61238,1.61253,0.0001500000000000945,10838,True
21,Background,1048576,1.6142,1.61704,0.0028399999999999537,1087892,True
23,Background,10240,1.61477,1.61519,0.0004199999999998649,10838,True
20,Background,1048576,1.61953,1.64022,0.020690000000000097,1087892,True
6,Background,1024,1.6228,1.62317,0.00036999999999998145,1244,True
20,Background,104857600,1.62473,3.51423,1.8895,108768230,True
16,Background,1048576,1.62621,1.62942,0.003210000000000157,1087892,True
18,Background,10240,1.62634,1.6265,0.00016000000000016001,10838,True
23,Background,1024,1.62653,1.6268,0.00026999999999999247,1244,True
17,Background,1048576,1.62695,1.63064,0.003690000000000193,1087892,True
7,Background,10240,1.62796,1.62827,0.00031000000000003247,10838,True
18,Background,10240,1.62806,1.62831,0.00024999999999986144,10838,True
21,Background,10240,1.63167,1.63211,0.00043999999999999595,10838,True
10,Background,10485760,1.63318,1.67404,0.040859999999999896,10876994,True
10,Background,10240,1.63383,1.63421,0.00038000000000004697,10838,True
17,Background,102400,1.63407,1.63456,0.0004900000000001015,106400,True
19,Background,10240,1.63502,1.63529,0.00026999999999999247,10838,True
14,Background,1024,1.63601,1.63628,0.00026999999999999247,1244,True
20,Background,102400,1.63741,1.63787,0.00045999999999990493,106400,True
17,Background,104857600,1.63783,3.6851,2.04727,108768230,True
11,Background,10485760,1.63906,1.77386,0.13480000000000003,10876994,True
12,Background,1048576,1.64049,1.6617,0.02120999999999995,1087892,True
19,Background,10240,1.64123,1.64138,0.0001500000000000945,10838,True
13,Background,10485760,1.64142,1.70089,0.05946999999999991,10876994,True
12,Background,1024,1.64153,1.64169,0.00016000000000016001,1244,True
15,Background,1048576,1.64162,1.64664,0.0050200000000000244,1087892,True
16,Background,102400,1.64263,1.64617,0.0035399999999998766,106400,True
11,Background,102400,1.64558,1.64719,0.0016099999999998893,106400,True
10,Background,1048576,1.64815,1.65809,0.00994000000000006,1087892,True
21,Background,1048576,1.64834,1.66913,0.020790000000000086,1087892,True
18,Background,1024,1.64841,1.64893,0.000520000000000076,1244,True
19,Background,102400,1.64842,1.65279,0.004369999999999985,106400,True
22,Background,1024,1.65152,1.65179,0.00026999999999999247,1244,True
15,Background,10240,1.65265,1.6528,0.0001500000000000945,10838,True
18,Background,102400,1.65271,1.65321,0.000500000000000167,106400,True
14,Background,102400,1.65363,1.65683,0.0032000000000000917,106400,True
24,Background,102400,1.65571,1.65874,0.003030000000000088,106400,True
8,Background,10240,1.65607,1.6563,0.0002300000000001745,10838,True
14,Background,102400,1.65616,1.65656,0.00039999999999995595,106400,True
13,Background,102400,1.65629,1.65668,0.00038999999999989043,106400,True
15,Background,10485760,1.65691,1.80306,0.14615,10876994,True
12,Background,102400,1.66088,1.66503,0.004150000000000098,106400,True
26,Background,1048576,1.66206,1.6656,0.0035399999999998766,1087892,True
19,Background,1048576,1.66289,1.68415,0.021260000000000057,1087892,True
23,Background,1024,1.66433,1.66449,0.00015999999999993797,1244,True
17,Background,10240,1.66585,1.6662,0.00034999999999985043,10838,True
15,Background,1048576,1.6661,1.66921,0.003110000000000168,1087892,True
20,Background,102400,1.66688,1.67016,0.0032800000000001717,106400,True
17,Background,10485760,1.66815,1.82602,0.15786999999999995,10876994,True
12,Background,102400,1.66876,1.67326,0.0044999999999999485,106400,True
18,Background,10485760,1.66925,1.82912,0.15987000000000018,10876994,True
24,Background,10485760,1.66951,1.82383,0.15432,10876994,True
16,Background,1024,1.67018,1.67034,0.00015999999999993797,1244,True
22,Background,10240,1.67088,1.67117,0.0002900000000001235,10838,True
16,Background,102400,1.67181,1.67518,0.003369999999999873,106400,True
12,Background,10485760,1.67248,1.80922,0.13674000000000008,10876994,True
24,Background,102400,1.67338,1.67414,0.0007599999999998719,106400,True
14,Background,1024,1.67652,1.67701,0.0004899999999998794,1244,True
19,Background,1048576,1.67746,1.68086,0.0034000000000000696,1087892,True
9,Background,1048576,1.67783,1.7022,0.024370000000000003,1087892,True
25,Background,102400,1.68039,1.68098,0.0005899999999998684,106400,True
19,Background,1048576,1.68456,1.70915,0.02458999999999989,1087892,True
24,Background,102400,1.6871,1.68754,0.00043999999999999595,106400,True
19,Background,102400,1.68913,1.68955,0.00042000000000008697,106400,True
22,Background,10485760,1.68935,1.83301,0.14366000000000012,10876994,True
21,Background,10240,1.68941,1.68958,0.00017000000000000348,10838,True
12,Background,1024,1.68973,1.6902,0.00046999999999997044,1244,True
20,Background,1048576,1.68985,1.70688,0.01702999999999988,1087892,True
17,Background,102400,1.69129,1.69189,0.0005999999999999339,106400,True
13,Background,1048576,1.69428,1.7152,0.02092000000000005,1087892,True
13,Background,102400,1.69449,1.69719,0.0026999999999999247,106400,True
18,Background,10240,1.69504,1.6953,0.00025999999999992696,10838,True
27,Background,102400,1.69512,1.69555,0.00042999999999993044,106400,True
13,Background,10240,1.6964,1.69682,0.00042000000000008697,10838,True
24,Background,102400,1.69665,1.70109,0.0044399999999999995,106400,True
19,Background,1048576,1.69673,1.72101,0.024279999999999857,1087892,True
23,Background,10240,1.69769,1.6979,0.00021000000000004349,10838,True
18,Background,1048576,1.69781,1.71513,0.017320000000000002,1087892,True
14,Background,10240,1.69788,1.69819,0.00031000000000003247,10838,True
18,Background,1048576,1.69983,1.72187,0.02204000000000006,1087892,True
23,Background,102400,1.70079,1.70144,0.0006500000000000394,106400,True
14,Background,1024,1.70136,1.70165,0.0002900000000001235,1244,True
13,Background,1048576,1.70222,1.70524,0.0030200000000000227,1087892,True
25,Background,10240,1.70278,1.70301,0.00022999999999995246,10838,True
14,Background,1024,1.70312,1.70331,0.0001900000000001345,1244,True
15,Background,104857600,1.70397,3.55799,1.8540200000000002,108768230,True
18,Background,102400,1.705,1.70554,0.0005399999999999849,106400,True
19,Background,10240,1.70528,1.70544,0.00016000000000016001,10838,True
19,Background,1048576,1.70887,1.74023,0.031360000000000054,1087892,True
18,Background,104857600,1.70998,3.6142,1.9042199999999998,108768230,True
18,Background,10240,1.71094,1.71124,0.000300000000000189,10838,True
27,Background,102400,1.71101,1.71152,0.0005100000000000104,106400,True
23,Background,10485760,1.71381,1.92434,0.21052999999999988,10876994,True
19,Background,1048576,1.71473,1.73526,0.020529999999999937,1087892,True
16,Background,10240,1.71483,1.71517,0.00034000000000000696,10838,True
16,Background,1024,1.71485,1.71519,0.00034000000000000696,1244,True
20,Background,1048576,1.71541,1.73707,0.02165999999999979,1087892,True
19,Background,10240,1.71567,1.71639,0.0007200000000000539,10838,True
43,Incast,1048576,1.71591,1.74998,0.034070000000000045,1087780,False
42,Incast,1024,1.71591,1.71614,0.00022999999999995246,1132,False
22,Incast,10485760,1.71591,1.88098,0.16507000000000005,10876882,False
0,Incast,1048576,1.71591,1.73709,0.021179999999999977,1087780,False
1,Incast,1024,1.71591,1.71614,0.00022999999999995246,1132,False
2,Incast,1048576,1.71591,1.74281,0.026899999999999924,1087780,False
3,Incast,102400,1.71591,1.71936,0.003449999999999953,106288,False
4,Incast,10240,1.71591,1.71636,0.00045000000000006146,10726,False
5,Incast,1048576,1.71591,1.73702,0.021109999999999962,1087780,False
6,Incast,10240,1.71591,1.71634,0.00042999999999993044,10726,False
28,Incast,102400,1.71591,1.72258,0.006669999999999954,106288,False
27,Incast,1048576,1.71591,1.73579,0.019879999999999898,1087780,False
26,Incast,1024,1.71591,1.71637,0.00045999999999990493,1132,False
25,Incast,10240,1.71591,1.71625,0.00034000000000000696,10726,False
24,Incast,10240,1.71591,1.71623,0.00031999999999987594,10726,False
23,Incast,1024,1.71591,1.71637,0.00045999999999990493,1132,False
10,Incast,102400,1.71591,1.72186,0.0059499999999999,106288,False
48,Incast,102400,1.71591,1.72187,0.005959999999999965,106288,False
20,Incast,102400,1.71591,1.72008,0.004170000000000007,106288,False
19,Incast,10240,1.71591,1.71623,0.00031999999999987594,10726,False
18,Incast,102400,1.71591,1.72347,0.007560000000000011,106288,False
55,Incast,1048576,1.71591,1.74699,0.031079999999999997,1087780,False
17,Incast,102400,1.71591,1.72297,0.007059999999999844,106288,False
16,Incast,1024,1.71591,1.71629,0.00038000000000004697,1132,False
15,Incast,1024,1.71591,1.71631,0.00039999999999995595,1132,False
14,Incast,10240,1.71591,1.71628,0.00036999999999998145,10726,False
13,Incast,102400,1.71591,1.72255,0.006639999999999979,106288,False
12,Incast,1024,1.71591,1.71637,0.00045999999999990493,1132,False
7,Incast,10240,1.71591,1.71613,0.00021999999999988695,10726,False
8,Incast,1048576,1.71591,1.73087,0.014959999999999862,1087780,False
11,Incast,1024,1.71591,1.71628,0.00036999999999998145,1132,False
21,Incast,1024,1.71591,1.71618,0.00026999999999999247,1132,False
54,Incast,102400,1.71591,1.72003,0.0041199999999999015,106288,False
9,Incast,102400,1.71591,1.72285,0.006939999999999946,106288,False
39,Incast,102400,1.71591,1.72015,0.0042400000000000215,106288,False
36,Incast,10240,1.71591,1.71626,0.00034999999999985043,10726,False
35,Incast,1024,1.71591,1.71636,0.00045000000000006146,1132,False
34,Incast,102400,1.71591,1.72002,0.004110000000000058,106288,False
33,Incast,1024,1.71591,1.71612,0.00021000000000004349,1132,False
32,Incast,102400,1.71591,1.71808,0.0021700000000000053,106288,False
31,Incast,1048576,1.71591,1.74429,0.02837999999999985,1087780,False
30,Incast,1024,1.71591,1.71629,0.00038000000000004697,1132,False
29,Incast,10240,1.71591,1.71633,0.0004199999999998649,10726,False
44,Incast,102400,1.71591,1.72071,0.0047999999999999154,106288,False
45,Incast,10240,1.71591,1.71636,0.00045000000000006146,10726,False
49,Incast,1048576,1.71591,1.7346,0.018689999999999873,1087780,False
47,Incast,1048576,1.71591,1.74412,0.028209999999999846,1087780,False
53,Incast,1024,1.71591,1.71619,0.000280000000000058,1132,False
46,Incast,10485760,1.71591,2.26825,0.55234,11964662,False
37,Incast,102400,1.71591,1.72022,0.004310000000000036,106288,False
38,Incast,102400,1.71591,1.72003,0.0041199999999999015,106288,False
52,Incast,10240,1.71591,1.71621,0.00029999999999996696,10726,False
40,Incast,1048576,1.71591,1.73786,0.021949999999999914,1087780,False
50,Incast,1024,1.71591,1.71622,0.00031000000000003247,1132,False
51,Incast,102400,1.71591,1.72218,0.006269999999999998,106288,False
41,Incast,10485760,1.71591,2.26201,0.5461,11964662,False
21,Background,10485760,1.71635,1.89878,0.18242999999999987,10876994,True
28,Background,10240,1.71697,1.71734,0.00036999999999998145,10838,True
29,Background,10240,1.71783,1.71827,0.00043999999999999595,10838,True
19,Background,102400,1.71821,1.71865,0.00043999999999999595,106400,True
24,Background,10240,1.71914,1.71938,0.00024000000000001798,10838,True
20,Background,102400,1.72,1.72068,0.0006800000000000139,106400,True
12,Background,10240,1.72189,1.72226,0.00036999999999998145,10838,True
18,Background,10240,1.72222,1.72237,0.00014999999999987246,10838,True
19,Background,1024,1.72296,1.72328,0.00031999999999987594,1244,True
11,Background,10240,1.72432,1.72448,0.00015999999999993797,10838,True
20,Background,1048576,1.72675,1.74429,0.01753999999999989,1087892,True
15,Background,1048576,1.72858,1.75518,0.026599999999999957,1087892,True
16,Background,1048576,1.72875,1.75452,0.02577000000000007,1087892,True
25,Background,104857600,1.73139,3.67369,1.9423000000000001,108768230,True
25,Background,1048576,1.73207,1.73557,0.0035000000000000586,1087892,True
21,Background,10240,1.73448,1.73464,0.00015999999999993797,10838,True
26,Background,1048576,1.73449,1.73902,0.004529999999999923,1087892,True
19,Background,102400,1.7347,1.73821,0.003510000000000124,106400,True
13,Background,1024,1.73474,1.73515,0.00041000000000002146,1244,True
13,Background,1024,1.73483,1.73529,0.00045999999999990493,1244,True
20,Background,10240,1.73758,1.73774,0.00016000000000016001,10838,True
21,Background,1024,1.73883,1.73923,0.00039999999999995595,1244,True
25,Background,1024,1.73914,1.73935,0.00021000000000004349,1244,True
14,Background,1048576,1.74188,1.76838,0.026499999999999968,1087892,True
22,Background,102400,1.7419,1.74616,0.0042599999999999305,106400,True
19,Background,1048576,1.74217,1.74557,0.0034000000000000696,1087892,True
20,Background,1048576,1.7432,1.74782,0.0046199999999998465,1087892,True
21,Background,10485760,1.74322,1.84623,0.10301000000000005,10876994,True
13,Background,1048576,1.7457,1.7712,0.025500000000000078,1087892,True
26,Background,102400,1.74584,1.74933,0.003489999999999993,106400,True
27,Background,10485760,1.74874,1.89503,0.14629000000000003,10876994,True
12,Background,1048576,1.74894,1.77525,0.026310000000000056,1087892,True
22,Background,1024,1.75005,1.75031,0.00025999999999992696,1244,True
14,Background,102400,1.75067,1.75127,0.000600000000000156,106400,True
17,Background,1048576,1.75144,1.76113,0.009689999999999976,1087892,True
23,Background,1048576,1.75427,1.76621,0.011940000000000062,1087892,True
13,Background,1024,1.75432,1.75448,0.00015999999999993797,1244,True
26,Background,10240,1.75565,1.75607,0.00042000000000008697,10838,True
19,Background,1048576,1.75753,1.79024,0.03271000000000002,1087892,True
24,Background,1048576,1.76151,1.76466,0.003149999999999986,1087892,True
28,Background,102400,1.7621,1.76263,0.0005299999999999194,106400,True
20,Background,10240,1.76329,1.76345,0.00015999999999993797,10838,True
16,Background,102400,1.7634,1.76391,0.0005100000000000104,106400,True
19,Background,102400,1.76413,1.76457,0.00043999999999999595,106400,True
14,Background,102400,1.76523,1.76572,0.0004899999999998794,106400,True
14,Background,10485760,1.76605,1.86522,0.0991700000000002,10876994,True
26,Background,1048576,1.76668,1.78677,0.02008999999999994,1087892,True
21,Background,102400,1.76693,1.76774,0.0008100000000001994,106400,True
30,Background,102400,1.76779,1.77223,0.0044399999999999995,106400,True
21,Background,10240,1.76889,1.76926,0.00036999999999998145,10838,True
31,Background,10240,1.76914,1.76936,0.000220000000000109,10838,True
15,Background,10240,1.77038,1.77054,0.00015999999999993797,10838,True
15,Background,10240,1.7706,1.77079,0.0001900000000001345,10838,True
22,Background,1048576,1.77081,1.79483,0.02401999999999993,1087892,True
22,Background,10240,1.77292,1.77327,0.00034999999999985043,10838,True
26,Background,102400,1.77322,1.77361,0.00038999999999989043,106400,True
26,Background,10240,1.77345,1.77361,0.00015999999999993797,10838,True
16,Background,102400,1.77348,1.77402,0.0005399999999999849,106400,True
17,Background,10240,1.77365,1.77387,0.000220000000000109,10838,True
22,Background,102400,1.77443,1.77494,0.0005100000000000104,106400,True
23,Background,1024,1.775,1.7753,0.000300000000000189,1244,True
25,Background,1024,1.77673,1.77699,0.000260000000000149,1244,True
14,Background,1048576,1.77705,1.78403,0.006979999999999986,1087892,True
13,Background,102400,1.77736,1.77815,0.0007899999999998464,106400,True
17,Background,102400,1.77762,1.78308,0.00546000000000002,106400,True
21,Background,102400,1.77919,1.77958,0.00038999999999989043,106400,True
27,Background,1024,1.78019,1.78034,0.0001500000000000945,1244,True
24,Background,1024,1.78113,1.78133,0.00019999999999997797,1244,True
22,Background,102400,1.78138,1.78198,0.0005999999999999339,106400,True
28,Background,1024,1.78205,1.78228,0.0002300000000001745,1244,True
23,Background,1048576,1.783,1.79304,0.010040000000000049,1087892,True
21,Background,104857600,1.78403,3.71395,1.92992,108768230,True
25,Background,1048576,1.78523,1.79181,0.006579999999999808,1087892,True
22,Background,10485760,1.78546,1.96782,0.18235999999999986,10876994,True
18,Background,10240,1.78555,1.78604,0.0004900000000001015,10838,True
15,Background,1024,1.78612,1.78638,0.000260000000000149,1244,True
23,Background,10485760,1.78632,1.92011,0.13379000000000008,10876994,True
20,Background,1048576,1.78659,1.80369,0.017100000000000115,1087892,True
24,Background,102400,1.78663,1.78735,0.0007200000000000539,106400,True
12,Background,1048576,1.7876,1.81415,0.02654999999999985,1087892,True
21,Background,1048576,1.7881,1.79218,0.0040800000000000836,1087892,True
17,Background,10240,1.78838,1.78853,0.00014999999999987246,10838,True
28,Background,104857600,1.78856,3.90736,2.1188000000000002,108768230,True
29,Background,10240,1.79167,1.79185,0.00017999999999984695,10838,True
14,Background,102400,1.792,1.7925,0.0004999999999999449,106400,True
20,Background,102400,1.79314,1.79356,0.00042000000000008697,106400,True
22,Background,102400,1.79373,1.79809,0.0043599999999999195,106400,True
15,Background,102400,1.79432,1.79474,0.00042000000000008697,106400,True
14,Background,10240,1.79597,1.79629,0.00031999999999987594,10838,True
22,Background,10240,1.79679,1.79714,0.00034999999999985043,10838,True
24,Background,10485760,1.79784,1.98038,0.18253999999999992,10876994,True
17,Background,1048576,1.79975,1.8189,0.01915,1087892,True
18,Background,102400,1.80049,1.80097,0.00048000000000003595,106400,True
18,Background,102400,1.80171,1.80712,0.005410000000000137,106400,True
20,Background,10240,1.80363,1.80379,0.00015999999999993797,10838,True
29,Background,10240,1.80376,1.80396,0.00019999999999997797,10838,True
19,Background,102400,1.80513,1.80559,0.000460000000000127,106400,True
15,Background,1024,1.80533,1.80548,0.00014999999999987246,1244,True
19,Background,10240,1.80805,1.80831,0.000260000000000149,10838,True
20,Background,102400,1.80905,1.80955,0.0004999999999999449,106400,True
23,Background,1024,1.81363,1.81402,0.00038999999999989043,1244,True
21,Background,102400,1.81408,1.81455,0.0004700000000001925,106400,True
27,Background,1048576,1.81617,1.81911,0.0029399999999999427,1087892,True
30,Background,1048576,1.81694,1.837,0.020059999999999967,1087892,True
15,Background,10240,1.81916,1.81932,0.00015999999999993797,10838,True
28,Background,10240,1.82007,1.8203,0.00022999999999995246,10838,True
25,Background,10240,1.82175,1.8222,0.00045000000000006146,10838,True
32,Background,1048576,1.82673,1.84784,0.021109999999999962,1087892,True
20,Background,10485760,1.82702,1.92189,0.09487000000000001,10876994,True
23,Background,10240,1.83,1.83029,0.00028999999999990145,10838,True
16,Background,102400,1.83192,1.83269,0.0007699999999999374,106400,True
23,Background,102400,1.83384,1.83621,0.0023699999999999832,106400,True
25,Background,102400,1.83442,1.83481,0.0003900000000001125,106400,True
13,Background,1048576,1.83473,1.8521,0.017370000000000108,1087892,True
13,Background,104857600,1.83683,4.00463,2.1677999999999997,108768230,True
22,Background,1048576,1.83869,1.85867,0.01998000000000011,1087892,True
24,Background,10240,1.83902,1.8393,0.00027999999999983594,10838,True
20,Background,102400,1.83997,1.84093,0.0009599999999998499,106400,True
21,Background,10240,1.84035,1.84067,0.000320000000000098,10838,True
16,Background,10240,1.84059,1.84118,0.0005900000000000905,10838,True
26,Background,102400,1.84559,1.84769,0.0020999999999999908,106400,True
16,Background,102400,1.84589,1.84803,0.0021400000000000308,106400,True
21,Background,1024,1.84823,1.84838,0.00014999999999987246,1244,True
31,Background,1024,1.85159,1.85208,0.0004899999999998794,1244,True
22,Background,1048576,1.85203,1.85521,0.0031799999999999606,1087892,True
10,Background,10240,1.85339,1.85354,0.00014999999999987246,10838,True
16,Background,1024,1.85462,1.85513,0.0005100000000000104,1244,True
16,Background,1024,1.85587,1.85622,0.0003500000000000725,1244,True
20,Background,10485760,1.8562,1.99144,0.13524000000000003,10876994,True
25,Background,102400,1.85758,1.85815,0.0005699999999999594,106400,True
21,Background,10240,1.85843,1.85862,0.00018999999999991246,10838,True
17,Background,1024,1.85927,1.85942,0.0001500000000000945,1244,True
23,Background,1048576,1.86141,1.86499,0.0035799999999999166,1087892,True
24,Background,10240,1.86252,1.86276,0.00024000000000001798,10838,True
25,Background,10240,1.86297,1.8633,0.00032999999999994145,10838,True
29,Background,102400,1.86309,1.86357,0.00048000000000003595,106400,True
27,Background,1048576,1.86472,1.88237,0.017650000000000166,1087892,True
16,Background,10240,1.86627,1.86642,0.00014999999999987246,10838,True
22,Background,10240,1.86634,1.8665,0.00015999999999993797,10838,True
18,Background,1048576,1.86666,1.88398,0.017320000000000002,1087892,True
19,Background,10240,1.86923,1.86938,0.0001500000000000945,10838,True
21,Background,10240,1.87062,1.87116,0.0005399999999999849,10838,True
27,Background,10485760,1.87108,1.95722,0.08613999999999988,10876994,True
22,Background,102400,1.87251,1.87623,0.0037200000000001676,106400,True
23,Background,10240,1.87264,1.87319,0.0005499999999998284,10838,True
14,Background,10240,1.8735,1.87367,0.00017000000000000348,10838,True
26,Background,102400,1.87374,1.88029,0.006550000000000056,106400,True
18,Background,10240,1.87442,1.87459,0.00017000000000000348,10838,True
15,Background,10240,1.87572,1.87589,0.00017000000000000348,10838,True
22,Background,102400,1.87682,1.8804,0.0035800000000001386,106400,True
17,Background,1024,1.87805,1.8783,0.0002500000000000835,1244,True
28,Background,102400,1.88033,1.88316,0.002829999999999888,106400,True
33,Background,1048576,1.88382,1.90826,0.024440000000000017,1087892,True
11,Background,1024,1.88388,1.88423,0.0003500000000000725,1244,True
17,Background,10485760,1.88758,2.05922,0.1716399999999998,10876994,True
22,Background,1024,1.8886,1.88877,0.00017000000000000348,1244,True
24,Background,10485760,1.88891,2.00422,0.11531000000000002,10876994,True
23,Background,1024,1.8909,1.89125,0.0003500000000000725,1244,True
27,Background,102400,1.89096,1.89166,0.0006999999999999229,106400,True
29,Background,102400,1.89114,1.89157,0.00042999999999993044,106400,True
19,Background,1024,1.89173,1.89197,0.00024000000000001798,1244,True
20,Background,102400,1.89225,1.8928,0.0005500000000000504,106400,True
20,Background,1024,1.89253,1.89294,0.00041000000000002146,1244,True
30,Background,102400,1.89328,1.89378,0.0004999999999999449,106400,True
14,Background,10485760,1.89352,2.02593,0.1324099999999997,10876994,True
20,Background,1024,1.89536,1.89566,0.00029999999999996696,1244,True
22,Background,102400,1.89556,1.89985,0.004290000000000127,106400,True
23,Background,10240,1.89689,1.89719,0.00029999999999996696,10838,True
17,Background,102400,1.89826,1.8987,0.00043999999999999595,106400,True
27,Background,1048576,1.89881,1.92598,0.027169999999999916,1087892,True
32,Background,1048576,1.89985,1.9192,0.01934999999999998,1087892,True
17,Background,102400,1.90032,1.90071,0.00038999999999989043,106400,True
34,Background,102400,1.90111,1.90174,0.0006299999999999084,106400,True
26,Background,10485760,1.90295,2.01365,0.11070000000000024,10876994,True
24,Background,10240,1.90313,1.90333,0.00019999999999997797,10838,True
25,Background,1024,1.90374,1.90424,0.0004999999999999449,1244,True
20,Background,1048576,1.90568,1.92974,0.02405999999999997,1087892,True
24,Background,102400,1.90589,1.91126,0.005369999999999875,106400,True
21,Background,1048576,1.90641,1.92218,0.015770000000000062,1087892,True
23,Background,102400,1.90732,1.90771,0.0003900000000001125,106400,True
15,Background,102400,1.90748,1.90797,0.0004899999999998794,106400,True
21,Background,102400,1.91265,1.91563,0.0029799999999999827,106400,True
24,Background,104857600,1.91289,4.07064,2.15775,108768230,True
15,Background,10240,1.91368,1.91385,0.00017000000000000348,10838,True
25,Background,102400,1.91539,1.91581,0.00042000000000008697,106400,True
35,Background,10240,1.91557,1.91574,0.00017000000000000348,10838,True
13,Background,102400,1.91781,1.92237,0.0045599999999998975,106400,True
26,Background,102400,1.91931,1.91994,0.0006299999999999084,106400,True
22,Background,10240,1.92127,1.92142,0.00014999999999987246,10838,True
15,Background,102400,1.92339,1.92379,0.00039999999999995595,106400,True
28,Background,1048576,1.92444,1.94403,0.019589999999999996,1087892,True
23,Background,102400,1.92643,1.92953,0.0030999999999998806,106400,True
23,Background,10240,1.92681,1.92722,0.00041000000000002146,10838,True
21,Background,10240,1.92705,1.92731,0.000260000000000149,10838,True
24,Background,1048576,1.93155,1.9572,0.02564999999999995,1087892,True
24,Background,1048576,1.93213,1.93559,0.0034600000000000186,1087892,True
36,Background,1048576,1.9325,1.95654,0.02403999999999984,1087892,True
16,Background,102400,1.93252,1.93536,0.0028399999999999537,106400,True
27,Background,1024,1.93556,1.93578,0.000220000000000109,1244,True
28,Background,10240,1.93586,1.93621,0.0003500000000000725,10838,True
17,Background,102400,1.93663,1.93921,0.0025800000000000267,106400,True
26,Background,1024,1.93848,1.93895,0.00046999999999997044,1244,True
17,Background,1048576,1.93921,1.94219,0.0029799999999999827,1087892,True
21,Background,1048576,1.94547,1.96919,0.023719999999999963,1087892,True
16,Background,1048576,1.94612,1.94921,0.003090000000000037,1087892,True
30,Background,102400,1.94707,1.94756,0.0004899999999998794,106400,True
18,Background,102400,1.94738,1.94783,0.0004499999999998394,106400,True
21,Background,102400,1.94919,1.94966,0.00046999999999997044,106400,True
18,Background,1048576,1.94951,1.96983,0.020319999999999894,1087892,True
22,Background,1048576,1.94958,1.97268,0.0230999999999999,1087892,True
17,Background,10240,1.95033,1.95049,0.00016000000000016001,10838,True
23,Background,102400,1.9515,1.9522,0.0006999999999999229,106400,True
18,Background,102400,1.95164,1.9549,0.0032600000000000406,106400,True
22,Background,10485760,1.95432,2.05578,0.10145999999999988,10876994,True
28,Background,104857600,1.95496,4.2367,2.28174,108768230,True
19,Background,102400,1.95594,1.9567,0.0007600000000000939,106400,True
22,Background,102400,1.9565,1.95707,0.0005700000000001815,106400,True
25,Background,1048576,1.95679,1.97893,0.02214000000000005,1087892,True
14,Background,1024,1.95889,1.9593,0.00041000000000002146,1244,True
26,Background,102400,1.96035,1.96101,0.0006599999999998829,106400,True
23,Background,102400,1.96198,1.96262,0.0006399999999999739,106400,True
30,Background,102400,1.9632,1.9636,0.00039999999999995595,106400,True
29,Background,1048576,1.96383,1.9682,0.004369999999999985,1087892,True
26,Background,10485760,1.96398,2.04483,0.08085000000000009,10876994,True
15,Background,10240,1.96409,1.96432,0.0002300000000001745,10838,True
24,Background,10240,1.96489,1.96533,0.00043999999999999595,10838,True
26,Background,1048576,1.96672,1.99179,0.025069999999999926,1087892,True
12,Background,10240,1.9668,1.96723,0.00042999999999993044,10838,True
25,Background,10240,1.96687,1.96725,0.00038000000000004697,10838,True
19,Background,10240,1.96769,1.96812,0.0004300000000001525,10838,True
22,Background,10240,1.96813,1.96832,0.0001900000000001345,10838,True
29,Background,102400,1.97017,1.97077,0.0005999999999999339,106400,True
29,Background,1024,1.97103,1.97129,0.00025999999999992696,1244,True
33,Background,1024,1.97218,1.97234,0.00015999999999993797,1244,True
25,Background,10240,1.97426,1.97441,0.0001500000000000945,10838,True
26,Background,1048576,1.97631,1.97923,0.0029200000000000337,1087892,True
25,Background,1048576,1.97817,1.98184,0.003670000000000062,1087892,True
27,Background,102400,1.9818,1.98696,0.005160000000000053,106400,True
30,Background,1024,1.98275,1.98318,0.00042999999999993044,1244,True
34,Background,1024,1.98325,1.9834,0.0001500000000000945,1244,True
30,Background,10240,1.98497,1.98529,0.000320000000000098,10838,True
20,Background,102400,1.98888,1.98992,0.0010399999999999299,106400,True
21,Background,1024,1.98924,1.98939,0.0001500000000000945,1244,True
27,Background,102400,1.98934,1.99167,0.0023299999999999432,106400,True
13,Background,10240,1.98984,1.99023,0.00038999999999989043,10838,True
23,Background,102400,1.99059,1.99111,0.0005199999999998539,106400,True
31,Background,1024,1.99493,1.99521,0.00027999999999983594,1244,True
22,Background,10240,1.99699,1.99723,0.00024000000000001798,10838,True
28,Background,10485760,1.99817,2.08591,0.08774000000000015,10876994,True
15,Background,10240,1.99905,1.99931,0.00025999999999992696,10838,True
14,Background,102400,2.00068,2.00118,0.000500000000000167,106400,True
20,Background,10240,2.00137,2.00155,0.00017999999999984695,10838,True
18,Background,1048576,2.00299,2.00619,0.0032000000000000917,1087892,True
18,Background,1048576,2.00312,2.00615,0.003029999999999866,1087892,True
19,Background,102400,2.00415,2.00459,0.0004399999999997739,106400,True
26,Background,102400,2.00678,2.01214,0.005360000000000031,106400,True
27,Background,1048576,2.00688,2.02721,0.02032999999999996,1087892,True
17,Background,102400,2.00764,2.01111,0.003470000000000084,106400,True
22,Background,102400,2.00822,2.0087,0.00048000000000003595,106400,True
23,Background,1024,2.00839,2.00857,0.00018000000000029104,1244,True
21,Background,10240,2.00918,2.00933,0.0001499999999996504,10838,True
29,Background,1024,2.01213,2.01229,0.00016000000000016001,1244,True
23,Background,1024,2.01286,2.01322,0.000360000000000138,1244,True
24,Background,102400,2.0172,2.01759,0.0003900000000003345,106400,True
18,Background,10240,2.018,2.01828,0.000280000000000058,10838,True
25,Background,10240,2.01847,2.01884,0.0003699999999997594,10838,True
16,Background,102400,2.01858,2.02545,0.006870000000000154,106400,True
20,Background,10240,2.01981,2.02022,0.00041000000000002146,10838,True
21,Background,102400,2.01995,2.02068,0.0007299999999998974,106400,True
20,Background,1048576,2.0202,2.02318,0.0029799999999999827,1087892,True
23,Background,1024,2.02101,2.02127,0.00025999999999992696,1244,True
31,Background,1048576,2.02131,2.02451,0.0031999999999996476,1087892,True
35,Background,1024,2.02768,2.02813,0.0004499999999998394,1244,True
20,Background,1048576,2.03039,2.05529,0.0248999999999997,1087892,True
36,Background,102400,2.03214,2.03273,0.0005899999999998684,106400,True
26,Background,10485760,2.03302,2.10268,0.06965999999999983,10876994,True
22,Background,102400,2.03311,2.03355,0.0004399999999997739,106400,True
27,Background,102400,2.03352,2.03431,0.0007899999999998464,106400,True
21,Background,1024,2.03392,2.03426,0.00034000000000000696,1244,True
21,Background,102400,2.03475,2.04141,0.00666000000000011,106400,True
20,Background,104857600,2.03654,4.26366,2.2271199999999998,108768230,True
16,Background,1024,2.03859,2.03875,0.00015999999999971593,1244,True
29,Background,102400,2.03974,2.04514,0.005399999999999849,106400,True
23,Background,10240,2.04131,2.04147,0.00015999999999971593,10838,True
21,Background,10485760,2.0437,2.20917,0.16547,10876994,True
21,Background,1048576,2.0487,2.06023,0.011529999999999596,1087892,True
27,Background,102400,2.04993,2.0507,0.0007700000000001594,106400,True
30,Background,102400,2.05084,2.05412,0.0032800000000001717,106400,True
27,Background,1024,2.05543,2.05585,0.00042000000000008697,1244,True
17,Background,10240,2.05857,2.05873,0.00016000000000016001,10838,True
22,Background,10240,2.05949,2.05987,0.000380000000000269,10838,True
15,Background,1024,2.05981,2.0602,0.00038999999999989043,1244,True
24,Background,10240,2.06016,2.06032,0.00015999999999971593,10838,True
26,Background,1048576,2.06083,2.08527,0.024439999999999795,1087892,True
32,Background,1048576,2.06111,2.06433,0.0032199999999997786,1087892,True
37,Background,10485760,2.06236,2.18509,0.12273000000000023,10876994,True
28,Background,102400,2.06347,2.06395,0.00048000000000003595,106400,True
17,Background,102400,2.06416,2.06476,0.0005999999999999339,106400,True
27,Background,1048576,2.06433,2.0862,0.021869999999999834,1087892,True
19,Background,1048576,2.06517,2.06842,0.003249999999999975,1087892,True
29,Background,10485760,2.06523,2.16921,0.10397999999999996,10876994,True
19,Background,1048576,2.06547,2.07485,0.009380000000000166,1087892,True
28,Background,10240,2.06557,2.0658,0.00022999999999973042,10838,True
28,Background,1048576,2.06661,2.08785,0.021240000000000148,1087892,True
28,Background,10240,2.0668,2.06723,0.0004299999999997084,10838,True
27,Background,10240,2.06744,2.0676,0.00016000000000016001,10838,True
20,Background,10240,2.06866,2.06912,0.00045999999999990493,10838,True
19,Background,1048576,2.0724,2.07536,0.0029599999999998516,1087892,True
22,Background,10240,2.07348,2.0738,0.00031999999999987594,10838,True
24,Background,10240,2.07354,2.07397,0.0004300000000001525,10838,True
28,Background,10240,2.07429,2.07444,0.0001500000000000945,10838,True
29,Background,102400,2.07713,2.07755,0.00042000000000008697,106400,True
15,Background,102400,2.08006,2.08066,0.0005999999999999339,106400,True
31,Background,10485760,2.08043,2.29242,0.21199000000000012,10876994,True
20,Background,1048576,2.08216,2.08745,0.005290000000000017,1087892,True
21,Background,102400,2.08229,2.08295,0.0006599999999998829,106400,True
30,Background,1024,2.08283,2.08324,0.00041000000000002146,1244,True
29,Background,1048576,2.08369,2.11116,0.027470000000000105,1087892,True
32,Background,1024,2.08371,2.08418,0.00046999999999997044,1244,True
24,Background,1024,2.08492,2.0852,0.000280000000000058,1244,True
21,Background,10240,2.08597,2.08626,0.0002899999999996794,10838,True
28,Background,10485760,2.08634,2.19962,0.11328000000000005,10876994,True
30,Background,10240,2.08641,2.08657,0.00016000000000016001,10838,True
24,Background,102400,2.08707,2.08755,0.00047999999999959186,106400,True
24,Background,10485760,2.08806,2.19801,0.10994999999999999,10876994,True
29,Background,10240,2.08922,2.08937,0.0001500000000000945,10838,True
27,Background,10240,2.08949,2.08978,0.0002900000000001235,10838,True
23,Background,10240,2.08977,2.09024,0.00046999999999997044,10838,True
24,Background,10240,2.09034,2.0905,0.00016000000000016001,10838,True
25,Background,1024,2.09079,2.09119,0.00039999999999995595,1244,True
18,Background,102400,2.09297,2.09371,0.0007399999999999629,106400,True
32,Background,1048576,2.09323,2.09797,0.0047399999999999665,1087892,True
18,Background,10240,2.09366,2.0942,0.0005399999999999849,10838,True
29,Background,104857600,2.09478,4.35152,2.2567399999999997,108768230,True
24,Background,1048576,2.0953,2.09825,0.00295000000000023,1087892,True
31,Background,10240,2.09908,2.09928,0.00019999999999997797,10838,True
19,Background,102400,2.101,2.10162,0.0006200000000000649,106400,True
21,Background,10485760,2.10167,2.33906,0.23739,10876994,True
17,Background,1024,2.10313,2.1033,0.00016999999999978144,1244,True
22,Background,102400,2.10374,2.10685,0.003109999999999946,106400,True
20,Background,1024,2.10458,2.10474,0.00016000000000016001,1244,True
33,Background,102400,2.10831,2.1087,0.00038999999999989043,106400,True
25,Background,10485760,2.10835,2.21487,0.10651999999999973,10876994,True
31,Background,102400,2.11002,2.11054,0.0005199999999998539,106400,True
27,Background,10240,2.11099,2.11128,0.0002899999999996794,10838,True
25,Background,10240,2.11174,2.11222,0.00048000000000003595,10838,True
22,Background,1048576,2.11243,2.11584,0.003410000000000135,1087892,True
24,Background,1024,2.11276,2.11312,0.0003599999999996939,1244,True
33,Background,102400,2.11316,2.11358,0.0004199999999996429,106400,True
24,Background,1048576,2.11407,2.11723,0.0031600000000002737,1087892,True
23,Background,102400,2.11507,2.11558,0.0005100000000002325,106400,True
14,Background,10240,2.11507,2.11534,0.00027000000000043656,10838,True
16,Background,104857600,2.11606,4.32169,2.20563,108768230,True
34,Background,102400,2.11676,2.12204,0.005279999999999951,106400,True
25,Background,102400,2.11829,2.11884,0.0005500000000000504,106400,True
30,Background,1024,2.11891,2.11926,0.0003500000000000725,1244,True
37,Background,104857600,2.1223,4.62846,2.5061599999999995,108768230,True
35,Background,1024,2.12399,2.12426,0.00026999999999999247,1244,True
22,Background,1024,2.12539,2.12579,0.00039999999999995595,1244,True
18,Background,10485760,2.1266,2.26524,0.1386400000000001,10876994,True
25,Background,10240,2.12843,2.12861,0.00018000000000029104,10838,True
23,Background,102400,2.12844,2.12915,0.0007100000000002105,106400,True
22,Background,1024,2.13063,2.13116,0.0005299999999999194,1244,True
18,Background,1024,2.13276,2.13323,0.00046999999999997044,1244,True
32,Background,102400,2.13292,2.13367,0.0007500000000000284,106400,True
26,Background,10240,2.13577,2.1361,0.00032999999999994145,10838,True
33,Background,1048576,2.13981,2.16185,0.022039999999999615,1087892,True
19,Background,102400,2.14055,2.14104,0.0004899999999996574,106400,True
24,Background,1048576,2.14232,2.14526,0.0029400000000001647,1087892,True
29,Background,1024,2.14249,2.14264,0.0001500000000000945,1244,True
38,Background,10240,2.14631,2.14646,0.0001499999999996504,10838,True
30,Background,10240,2.14767,2.14813,0.00045999999999990493,10838,True
31,Background,102400,2.14793,2.14872,0.0007899999999998464,106400,True
28,Background,1024,2.14807,2.14832,0.00024999999999986144,1244,True
25,Background,1048576,2.14832,2.15774,0.009419999999999984,1087892,True
23,Background,1048576,2.15019,2.15399,0.0038000000000000256,1087892,True
22,Background,102400,2.153,2.15356,0.000560000000000116,106400,True
31,Background,10240,2.15382,2.15414,0.00031999999999987594,10838,True
32,Background,102400,2.15418,2.15463,0.0004499999999998394,106400,True
16,Background,102400,2.15485,2.16023,0.005379999999999718,106400,True
38,Background,1048576,2.15625,2.15926,0.003010000000000179,1087892,True
26,Background,102400,2.15633,2.15673,0.00039999999999995595,106400,True
25,Background,102400,2.15638,2.1568,0.00042000000000008697,106400,True
24,Background,1048576,2.15645,2.15967,0.0032200000000002227,1087892,True
25,Background,104857600,2.15648,4.29734,2.14086,108768230,True
39,Background,102400,2.15696,2.16067,0.00370999999999988,106400,True
30,Background,102400,2.15732,2.15773,0.00041000000000002146,106400,True
15,Background,1024,2.16005,2.16029,0.00023999999999979593,1244,True
39,Background,10485760,2.16094,2.2877,0.12675999999999998,10876994,True
25,Background,102400,2.16195,2.16268,0.0007299999999998974,106400,True
31,Background,10485760,2.16364,2.36424,0.2006000000000001,10876994,True
26,Background,1048576,2.16401,2.16723,0.0032199999999997786,1087892,True
32,Background,10485760,2.1647,2.39397,0.22927000000000008,10876994,True
18,Background,10240,2.16485,2.16526,0.00041000000000002146,10838,True
16,Background,102400,2.16491,2.16871,0.0038000000000000256,106400,True
25,Background,10240,2.16788,2.16823,0.0003500000000000725,10838,True
33,Background,102400,2.17059,2.17523,0.0046400000000001995,106400,True
19,Background,10240,2.17073,2.17123,0.000500000000000167,10838,True
26,Background,1024,2.17101,2.17131,0.000300000000000189,1244,True
25,Background,102400,2.1719,2.17268,0.000780000000000225,106400,True
34,Background,102400,2.17442,2.17488,0.00045999999999990493,106400,True
26,Background,10240,2.17462,2.17481,0.00018999999999991246,10838,True
22,Background,102400,2.1757,2.17902,0.0033199999999999896,106400,True
31,Background,102400,2.17719,2.17762,0.0004300000000001525,106400,True
27,Background,1048576,2.17766,2.20059,0.022930000000000117,1087892,True
25,Background,10485760,2.17887,2.39919,0.22032000000000007,10876994,True
32,Background,10485760,2.17946,2.43742,0.25795999999999975,10876994,True
26,Background,10240,2.1811,2.18134,0.00024000000000024002,10838,True
29,Background,10240,2.18183,2.18214,0.00030999999999981043,10838,True
34,Background,1048576,2.18285,2.2047,0.021849999999999703,1087892,True
26,Background,1024,2.18339,2.18354,0.0001499999999996504,1244,True
40,Background,102400,2.1855,2.19049,0.004989999999999828,106400,True
23,Background,102400,2.18894,2.18967,0.0007299999999998974,106400,True
18,Background,10240,2.1903,2.19046,0.00015999999999971593,10838,True
27,Background,102400,2.19144,2.19185,0.00041000000000002146,106400,True
35,Background,10485760,2.19303,2.35423,0.1612,10876994,True
19,Background,102400,2.19347,2.19424,0.0007700000000001594,106400,True
26,Background,102400,2.19723,2.19762,0.0003900000000003345,106400,True
33,Background,102400,2.19724,2.19763,0.0003900000000003345,106400,True
24,Background,102400,2.19928,2.1997,0.00042000000000008697,106400,True
30,Background,1048576,2.19945,2.20519,0.005739999999999856,1087892,True
24,Background,102400,2.2007,2.20601,0.005310000000000148,106400,True
31,Background,102400,2.20166,2.20476,0.0030999999999998806,106400,True
21,Background,1048576,2.20309,2.21593,0.012840000000000185,1087892,True
25,Background,10240,2.20356,2.20422,0.0006599999999998829,10838,True
24,Background,102400,2.20362,2.21028,0.00666000000000011,106400,True
40,Background,102400,2.2052,2.20561,0.00041000000000002146,106400,True
26,Background,102400,2.20548,2.20622,0.0007399999999999629,106400,True
25,Background,10240,2.2082,2.20837,0.00016999999999978144,10838,True
36,Background,1048576,2.21009,2.21364,0.00354999999999972,1087892,True
30,Background,10240,2.21138,2.21154,0.00015999999999971593,10838,True
23,Background,10240,2.21246,2.2127,0.00023999999999979593,10838,True
16,Background,1048576,2.21387,2.24315,0.029279999999999973,1087892,True
34,Background,1048576,2.21394,2.21875,0.004809999999999981,1087892,True
37,Background,1024,2.21525,2.2154,0.0001499999999996504,1244,True
31,Background,102400,2.21581,2.22117,0.005360000000000031,106400,True
41,Background,102400,2.21717,2.21757,0.00039999999999995595,106400,True
26,Background,102400,2.21749,2.2182,0.0007099999999997664,106400,True
17,Background,10240,2.2184,2.21855,0.0001500000000000945,10838,True
16,Background,102400,2.22165,2.23094,0.00929000000000002,106400,True
23,Background,10240,2.22209,2.22233,0.00023999999999979593,10838,True
20,Background,104857600,2.22269,4.89344,2.67075,108768230,True
31,Background,102400,2.22286,2.22525,0.0023900000000001143,106400,True
20,Background,102400,2.22324,2.22363,0.00038999999999989043,106400,True
32,Background,1024,2.22396,2.22424,0.000280000000000058,1244,True
33,Background,1048576,2.22424,2.23682,0.012579999999999814,1087892,True
32,Background,10240,2.22619,2.22635,0.00016000000000016001,10838,True
42,Background,1024,2.22718,2.22734,0.00015999999999971593,1244,True
27,Background,10240,2.22732,2.22747,0.0001499999999996504,10838,True
24,Background,1024,2.23005,2.2303,0.00025000000000030553,1244,True
34,Background,1024,2.23144,2.23159,0.0001500000000000945,1244,True
33,Background,1048576,2.23163,2.24831,0.016680000000000028,1087892,True
32,Background,1048576,2.23301,2.23625,0.0032399999999999096,1087892,True
23,Background,102400,2.23332,2.23373,0.00041000000000002146,106400,True
24,Background,1024,2.23332,2.23347,0.0001500000000000945,1244,True
17,Background,10240,2.23421,2.2344,0.00018999999999991246,10838,True
28,Background,1024,2.23473,2.2352,0.00046999999999997044,1244,True
30,Background,102400,2.2352,2.23565,0.0004500000000002835,106400,True
27,Background,1024,2.23668,2.23685,0.00017000000000022553,1244,True
22,Background,10240,2.24181,2.24221,0.00039999999999995595,10838,True
21,Background,1048576,2.24289,2.27421,0.031320000000000014,1087892,True
20,Background,10485760,2.24425,2.41573,0.17147999999999985,10876994,True
26,Background,1048576,2.24491,2.2807,0.03578999999999999,1087892,True
28,Background,1048576,2.24501,2.24859,0.0035799999999999166,1087892,True
31,Background,1048576,2.24659,2.28094,0.034350000000000325,1087892,True
27,Background,104857600,2.24703,4.6924,2.44537,108768230,True
27,Background,1048576,2.24716,2.25077,0.003610000000000113,1087892,True
27,Background,10240,2.25018,2.25037,0.00019000000000035655,10838,True
26,Background,102400,2.25066,2.25161,0.0009500000000000064,106400,True
29,Background,10240,2.25237,2.25254,0.00017000000000022553,10838,True
17,Background,102400,2.25245,2.25426,0.0018099999999998673,106400,True
23,Background,10485760,2.25337,2.4703,0.21693000000000007,10876994,True
32,Background,10485760,2.25433,2.49126,0.23693000000000008,10876994,True
65,Incast,1024,2.25629,2.25649,0.00019999999999997797,1132,False
83,Incast,10240,2.25629,2.25636,7.00000000000145e-05,10726,False
84,Incast,10240,2.25629,2.25642,0.00012999999999996348,10726,False
85,Incast,10240,2.25629,2.25674,0.0004500000000002835,10726,False
95,Incast,102400,2.25629,2.26198,0.005689999999999973,106288,False
66,Incast,1024,2.25629,2.25637,8.000000000008001e-05,1132,False
114,Incast,1048576,2.25629,2.29528,0.03899000000000008,1087780,False
86,Incast,1024,2.25629,2.2565,0.00021000000000004349,1132,False
64,Incast,10485760,2.25629,2.51631,0.2600199999999999,10876882,False
87,Incast,1024,2.25629,2.25649,0.00019999999999997797,1132,False
75,Incast,10240,2.25629,2.25698,0.0006900000000000794,10726,False
89,Incast,1048576,2.25629,2.28914,0.03285000000000027,1087780,False
106,Incast,10240,2.25629,2.25643,0.000140000000000029,10726,False
113,Incast,1024,2.25629,2.25635,5.999999999994898e-05,1132,False
79,Incast,10240,2.25629,2.25733,0.001040000000000152,10726,False
81,Incast,10485760,2.25629,2.53296,0.2766700000000002,10876882,False
108,Incast,10240,2.25629,2.25637,8.000000000008001e-05,10726,False
78,Incast,10240,2.25629,2.25635,5.999999999994898e-05,10726,False
116,Incast,1024,2.25629,2.2565,0.00021000000000004349,1132,False
117,Incast,10240,2.25629,2.25658,0.0002900000000001235,10726,False
102,Incast,10485760,2.25629,2.51681,0.2605200000000001,10876882,False
103,Incast,10485760,2.25629,2.44569,0.1894,10876882,False
104,Incast,1024,2.25629,2.25644,0.0001500000000000945,1132,False
77,Incast,1048576,2.25629,2.28165,0.02536000000000005,1087780,False
70,Incast,102400,2.25629,2.26405,0.007760000000000211,106288,False
82,Incast,102400,2.25629,2.26316,0.006870000000000154,106288,False
69,Incast,10240,2.25629,2.25712,0.0008300000000001084,10726,False
109,Incast,10240,2.25629,2.25637,8.000000000008001e-05,10726,False
110,Incast,10240,2.25629,2.25636,7.00000000000145e-05,10726,False
68,Incast,10485760,2.25629,2.44373,0.18744000000000005,10876882,False
67,Incast,1048576,2.25629,2.27016,0.013870000000000271,1087780,False
62,Incast,1024,2.25629,2.2564,0.00011000000000027654,1132,False
63,Incast,102400,2.25629,2.25972,0.003430000000000266,106288,False
90,Incast,10240,2.25629,2.25693,0.000640000000000196,10726,False
57,Incast,1048576,2.25629,2.2788,0.02251000000000003,1087780,False
93,Incast,102400,2.25629,2.25929,0.0030000000000001137,106288,False
94,Incast,10485760,2.25629,2.44297,0.18667999999999996,10876882,False
91,Incast,1024,2.25629,2.25652,0.0002300000000001745,1132,False
101,Incast,102400,2.25629,2.25992,0.003630000000000244,106288,False
96,Incast,102400,2.25629,2.26153,0.0052400000000001334,106288,False
112,Incast,102400,2.25629,2.25688,0.0005900000000003125,106288,False
100,Incast,104857600,2.25629,3.96732,1.71103,108778844,False
61,Incast,10485760,2.25629,2.46419,0.20789999999999997,10876882,False
98,Incast,10240,2.25629,2.25674,0.0004500000000002835,10726,False
99,Incast,1024,2.25629,2.2564,0.00011000000000027654,1132,False
105,Incast,102400,2.25629,2.25824,0.0019499999999998963,106288,False
107,Incast,102400,2.25629,2.25726,0.0009700000000001374,106288,False
73,Incast,1024,2.25629,2.2565,0.00021000000000004349,1132,False
74,Incast,10240,2.25629,2.25732,0.0010300000000000864,10726,False
80,Incast,102400,2.25629,2.25754,0.0012500000000001954,106288,False
97,Incast,10240,2.25629,2.25712,0.0008300000000001084,10726,False
56,Incast,102400,2.25629,2.26298,0.006690000000000307,106288,False
92,Incast,1024,2.25629,2.25636,7.00000000000145e-05,1132,False
58,Incast,1024,2.25629,2.25638,9.000000000014552e-05,1132,False
71,Incast,102400,2.25629,2.25994,0.003649999999999931,106288,False
72,Incast,10240,2.25629,2.25734,0.0010500000000002174,10726,False
115,Incast,1048576,2.25629,2.28091,0.024620000000000086,1087780,False
76,Incast,102400,2.25629,2.25888,0.0025900000000000922,106288,False
59,Incast,1048576,2.25629,2.29022,0.03393000000000024,1087780,False
60,Incast,102400,2.25629,2.25847,0.0021800000000000708,106288,False
17,Background,10240,2.25738,2.25753,0.0001500000000000945,10838,True
28,Background,10240,2.25942,2.25957,0.0001500000000000945,10838,True
34,Background,10485760,2.26062,2.51228,0.2516600000000002,10876994,True
28,Background,1024,2.26088,2.2613,0.00042000000000008697,1244,True
18,Background,10240,2.26542,2.26558,0.00015999999999971593,10838,True
24,Background,102400,2.26778,2.27513,0.007349999999999746,106400,True
33,Background,102400,2.26883,2.27528,0.006450000000000067,106400,True
21,Background,10240,2.26895,2.26932,0.0003700000000002035,10838,True
20,Background,1024,2.27248,2.27264,0.00016000000000016001,1244,True
22,Background,1024,2.27382,2.27426,0.0004399999999997739,1244,True
34,Background,10240,2.27529,2.27544,0.0001500000000000945,10838,True
31,Background,102400,2.2763,2.27671,0.00041000000000002146,106400,True
26,Background,10240,2.2802,2.28039,0.00019000000000035655,10838,True
34,Background,10240,2.28168,2.28188,0.00019999999999997797,10838,True
25,Background,1048576,2.28399,2.28801,0.0040199999999996905,1087892,True
35,Background,102400,2.28492,2.2913,0.006380000000000052,106400,True
27,Background,1024,2.28677,2.28726,0.0004899999999996574,1244,True
25,Background,10485760,2.28832,2.48356,0.19524000000000008,10876994,True
28,Background,102400,2.28913,2.28962,0.0004900000000001015,106400,True
27,Background,10485760,2.29037,2.47996,0.18959000000000037,10876994,True
26,Background,10240,2.29039,2.29055,0.00016000000000016001,10838,True
17,Background,10485760,2.29081,2.52175,0.23093999999999992,10876994,True
35,Background,102400,2.29321,2.29364,0.0004299999999997084,106400,True
18,Background,102400,2.29353,2.29414,0.0006099999999999994,106400,True
18,Background,10240,2.29376,2.29419,0.0004300000000001525,10838,True
19,Background,10240,2.29425,2.29441,0.00016000000000016001,10838,True
24,Background,1048576,2.29485,2.31521,0.020360000000000156,1087892,True
28,Background,1048576,2.29543,2.31455,0.019120000000000026,1087892,True
19,Background,102400,2.29772,2.30297,0.005250000000000199,106400,True
28,Background,102400,2.29785,2.30208,0.004230000000000178,106400,True
19,Background,102400,2.30042,2.30091,0.0004900000000001015,106400,True
21,Background,1024,2.30114,2.30137,0.00022999999999973042,1244,True
18,Background,102400,2.30256,2.30529,0.002729999999999677,106400,True
25,Background,1048576,2.30473,2.33418,0.029449999999999754,1087892,True
32,Background,102400,2.30636,2.3069,0.0005399999999999849,106400,True
23,Background,102400,2.30704,2.30758,0.0005399999999999849,106400,True
27,Background,10240,2.31391,2.3143,0.00038999999999989043,10838,True
23,Background,1048576,2.31469,2.35222,0.03752999999999984,1087892,True
36,Background,10240,2.31552,2.31569,0.00017000000000022553,10838,True
19,Background,102400,2.31665,2.322,0.005349999999999966,106400,True
36,Background,102400,2.31734,2.31777,0.0004299999999997084,106400,True
33,Background,10240,2.31764,2.31791,0.00026999999999999247,10838,True
26,Background,10240,2.3188,2.31925,0.0004499999999998394,10838,True
21,Background,102400,2.32173,2.32642,0.004690000000000083,106400,True
21,Background,102400,2.32218,2.32265,0.00046999999999997044,106400,True
20,Background,1048576,2.32474,2.34391,0.019170000000000353,1087892,True
22,Background,1024,2.32497,2.32531,0.00034000000000000696,1244,True
28,Background,1048576,2.32528,2.32871,0.003430000000000266,1087892,True
22,Background,102400,2.3256,2.32707,0.0014699999999998603,106400,True
27,Background,102400,2.32575,2.33228,0.006529999999999703,106400,True
28,Background,10485760,2.32754,2.54798,0.22043999999999997,10876994,True
32,Background,1024,2.32832,2.32847,0.0001499999999996504,1244,True
28,Background,10485760,2.32936,2.5691,0.2397400000000003,10876994,True
23,Background,1048576,2.33014,2.33363,0.003489999999999771,1087892,True
19,Background,102400,2.33085,2.33526,0.004410000000000025,106400,True
29,Background,10240,2.33331,2.33347,0.00016000000000016001,10838,True
28,Background,102400,2.33723,2.33766,0.0004300000000001525,106400,True
33,Background,102400,2.33743,2.3379,0.00046999999999997044,106400,True
29,Background,10240,2.33763,2.33782,0.00018999999999991246,10838,True
43,Background,102400,2.33934,2.33977,0.0004300000000001525,106400,True
35,Background,102400,2.33941,2.33991,0.000500000000000167,106400,True
20,Background,1048576,2.33944,2.3447,0.00525999999999982,1087892,True
29,Background,1048576,2.34054,2.36327,0.02273000000000014,1087892,True
29,Background,1048576,2.34119,2.3443,0.003109999999999946,1087892,True
30,Background,1024,2.34315,2.34339,0.00023999999999979593,1244,True
36,Background,1024,2.34446,2.34461,0.0001499999999996504,1244,True
27,Background,1024,2.34481,2.34525,0.000440000000000218,1244,True
27,Background,1048576,2.34602,2.34923,0.003209999999999713,1087892,True
33,Background,1048576,2.34946,2.35904,0.0095799999999997,1087892,True
18,Background,102400,2.34967,2.35518,0.005509999999999682,106400,True
35,Background,102400,2.35038,2.35085,0.00046999999999997044,106400,True
33,Background,1048576,2.35274,2.36186,0.009120000000000239,1087892,True
21,Background,102400,2.35308,2.35359,0.0005100000000002325,106400,True
37,Background,1024,2.35675,2.35724,0.0004900000000001015,1244,True
29,Background,1048576,2.35752,2.37716,0.01963999999999988,1087892,True
27,Background,10485760,2.35816,2.54507,0.18691000000000013,10876994,True
19,Background,1048576,2.35939,2.36528,0.005889999999999951,1087892,True
29,Background,1024,2.36035,2.3605,0.0001500000000000945,1244,True
34,Background,102400,2.36081,2.36872,0.007910000000000306,106400,True
26,Background,10485760,2.36122,2.56035,0.19913000000000025,10876994,True
26,Background,104857600,2.36235,5.18595,2.8236,108768230,True
23,Background,10240,2.36266,2.36311,0.0004499999999998394,10838,True
26,Background,10240,2.36418,2.36439,0.00021000000000004349,10838,True
28,Background,10240,2.36446,2.36463,0.00017000000000022553,10838,True
34,Background,102400,2.36512,2.36559,0.00046999999999997044,106400,True
28,Background,102400,2.36573,2.37066,0.004929999999999879,106400,True
35,Background,1048576,2.36682,2.39928,0.03245999999999993,1087892,True
28,Background,102400,2.36712,2.36761,0.0004900000000001015,106400,True
29,Background,1048576,2.37147,2.3886,0.017129999999999868,1087892,True
38,Background,102400,2.3722,2.37266,0.000460000000000349,106400,True
24,Background,10240,2.37255,2.37271,0.00016000000000016001,10838,True
24,Background,102400,2.37285,2.37424,0.0013899999999997803,106400,True
27,Background,1048576,2.37452,2.39635,0.021830000000000016,1087892,True
29,Background,1024,2.3807,2.38108,0.0003799999999998249,1244,True
28,Background,102400,2.38152,2.38227,0.0007500000000000284,106400,True
39,Background,10240,2.38278,2.38304,0.00025999999999992696,10838,True
29,Background,102400,2.38374,2.38941,0.005669999999999842,106400,True
23,Background,1048576,2.38476,2.41529,0.030530000000000168,1087892,True
20,Background,10240,2.38484,2.38527,0.0004299999999997084,10838,True
22,Background,102400,2.38683,2.39332,0.006490000000000329,106400,True
25,Background,1024,2.38952,2.38967,0.0001500000000000945,1244,True
29,Background,1048576,2.3904,2.39407,0.003670000000000062,1087892,True
28,Background,10240,2.39042,2.39058,0.00015999999999971593,10838,True
38,Background,102400,2.39072,2.39427,0.003550000000000164,106400,True
35,Background,10240,2.39173,2.39222,0.0004900000000001015,10838,True
32,Background,1048576,2.39248,2.41226,0.01977999999999991,1087892,True
35,Background,10240,2.39343,2.39358,0.0001500000000000945,10838,True
33,Background,10240,2.39672,2.39711,0.00038999999999989043,10838,True
25,Background,10240,2.3991,2.39936,0.00026000000000037105,10838,True
27,Background,1048576,2.3997,2.43128,0.03157999999999994,1087892,True
30,Background,102400,2.40057,2.40122,0.0006499999999998174,106400,True
36,Background,1024,2.40189,2.40229,0.00039999999999995595,1244,True
44,Background,10485760,2.40321,2.60524,0.2020299999999997,10876994,True
37,Background,10485760,2.40451,2.61722,0.21270999999999995,10876994,True
19,Background,102400,2.40638,2.40685,0.00046999999999997044,106400,True
21,Background,1024,2.40679,2.40725,0.00045999999999990493,1244,True
25,Background,10240,2.4083,2.40845,0.0001500000000000945,10838,True
22,Background,10485760,2.41094,2.67217,0.26122999999999985,10876994,True
40,Background,1048576,2.41188,2.44436,0.032480000000000064,1087892,True
26,Background,102400,2.41302,2.41358,0.000560000000000116,106400,True
26,Background,10240,2.4139,2.41431,0.00041000000000002146,10838,True
38,Background,102400,2.41441,2.41487,0.00045999999999990493,106400,True
23,Background,104857600,2.41508,4.9912,2.57612,108768230,True
29,Background,102400,2.41528,2.41567,0.00038999999999989043,106400,True
30,Background,1024,2.41552,2.41568,0.00016000000000016001,1244,True
24,Background,102400,2.4161,2.41662,0.0005199999999998539,106400,True
28,Background,10240,2.41682,2.4173,0.00048000000000003595,10838,True
36,Background,1048576,2.41746,2.42581,0.008349999999999635,1087892,True
34,Background,1048576,2.41793,2.45276,0.03482999999999992,1087892,True
30,Background,1024,2.41883,2.4193,0.00046999999999997044,1244,True
37,Background,102400,2.4189,2.42395,0.005050000000000221,106400,True
23,Background,1048576,2.42016,2.42387,0.00370999999999988,1087892,True
38,Background,10240,2.42135,2.4215,0.0001500000000000945,10838,True
30,Background,1048576,2.42236,2.43108,0.008720000000000283,1087892,True
41,Background,1048576,2.42436,2.43816,0.013799999999999812,1087892,True
22,Background,10485760,2.42577,2.66661,0.24083999999999994,10876994,True
23,Background,102400,2.42587,2.66661,0.24073999999999973,10876994,True
31,Background,10240,2.42672,2.42707,0.0003500000000000725,10838,True
35,Background,1048576,2.42786,2.458,0.030140000000000278,1087892,True
30,Background,102400,2.42866,2.43425,0.005590000000000206,106400,True
39,Background,1048576,2.4297,2.44229,0.012589999999999879,1087892,True
36,Background,1048576,2.43039,2.43581,0.00541999999999998,1087892,True
27,Background,102400,2.43043,2.43095,0.000520000000000298,106400,True
39,Background,102400,2.43205,2.43262,0.0005700000000001815,106400,True
37,Background,10240,2.43441,2.43456,0.0001499999999996504,10838,True
36,Background,1024,2.43548,2.43563,0.0001500000000000945,1244,True
32,Background,1048576,2.43748,2.45377,0.016290000000000138,1087892,True
19,Background,1024,2.43829,2.43844,0.0001500000000000945,1244,True
30,Background,102400,2.43865,2.44211,0.0034600000000000186,106400,True
31,Background,102400,2.43975,2.44549,0.005739999999999856,106400,True
33,Background,102400,2.44215,2.44263,0.00048000000000003595,106400,True
37,Background,1048576,2.44268,2.47258,0.029899999999999594,1087892,True
34,Background,1024,2.44272,2.44318,0.00045999999999990493,1244,True
29,Background,102400,2.44272,2.44615,0.003429999999999822,106400,True
29,Background,1048576,2.4433,2.44737,0.004070000000000018,1087892,True
29,Background,1048576,2.4447,2.46518,0.020480000000000054,1087892,True
37,Background,10485760,2.44602,2.63626,0.1902400000000002,10876994,True
30,Background,1048576,2.44749,2.45108,0.003589999999999982,1087892,True
36,Background,102400,2.45119,2.45162,0.0004300000000001525,106400,True
23,Background,1048576,2.45221,2.45558,0.003369999999999873,1087892,True
25,Background,10240,2.45317,2.45341,0.00023999999999979593,10838,True
20,Background,102400,2.45544,2.45608,0.000640000000000196,106400,True
27,Background,1024,2.45547,2.45564,0.00016999999999978144,1244,True
24,Background,102400,2.45677,2.45766,0.0008900000000000574,106400,True
30,Background,1048576,2.45703,2.46058,0.003550000000000164,1087892,True
27,Background,1048576,2.4572,2.46063,0.003430000000000266,1087892,True
32,Background,10485760,2.45774,2.66931,0.21157000000000004,10876994,True
31,Background,102400,2.45784,2.46514,0.007299999999999862,106400,True
30,Background,1024,2.4601,2.4604,0.0002999999999997449,1244,True
26,Background,10485760,2.46091,2.66833,0.20741999999999994,10876994,True
30,Background,102400,2.46205,2.46261,0.000560000000000116,106400,True
30,Background,1024,2.46216,2.4624,0.00024000000000024002,1244,True
37,Background,102400,2.46803,2.46858,0.0005500000000000504,106400,True
27,Background,10240,2.46981,2.47026,0.0004500000000002835,10838,True
39,Background,1048576,2.47181,2.50521,0.033399999999999874,1087892,True
31,Background,10485760,2.47345,2.6828,0.2093499999999997,10876994,True
40,Background,102400,2.47465,2.47524,0.0005899999999998684,106400,True
28,Background,1048576,2.47535,2.47868,0.003330000000000055,1087892,True
40,Background,10240,2.47673,2.47711,0.000380000000000269,10838,True
41,Background,1048576,2.48086,2.51727,0.03641000000000005,1087892,True
20,Background,10240,2.48168,2.48211,0.0004300000000001525,10838,True
33,Background,10240,2.48185,2.48228,0.0004299999999997084,10838,True
24,Background,1024,2.48212,2.48237,0.00024999999999986144,1244,True
40,Background,1048576,2.48257,2.49261,0.010040000000000049,1087892,True
25,Background,1048576,2.48328,2.48722,0.003940000000000055,1087892,True
41,Background,102400,2.48419,2.48465,0.00045999999999990493,106400,True
30,Background,102400,2.48716,2.48761,0.0004500000000002835,106400,True
31,Background,1024,2.48752,2.48767,0.0001500000000000945,1244,True
28,Background,10240,2.48967,2.48987,0.00019999999999997797,10838,True
31,Background,102400,2.49095,2.49503,0.0040799999999996395,106400,True
34,Background,1048576,2.49213,2.49633,0.0041999999999999815,1087892,True
42,Background,1048576,2.4935,2.49746,0.0039599999999997415,1087892,True
28,Background,1048576,2.49358,2.50135,0.007769999999999833,1087892,True
21,Background,10240,2.49509,2.49537,0.000280000000000058,10838,True
30,Background,1048576,2.49629,2.50416,0.007870000000000044,1087892,True
21,Background,102400,2.4964,2.49697,0.0005700000000001815,106400,True
42,Background,1048576,2.4974,2.50319,0.005790000000000184,1087892,True
29,Background,1024,2.49972,2.4999,0.00017999999999984695,1244,True
42,Background,102400,2.50049,2.50328,0.00279000000000007,106400,True
38,Background,10240,2.50079,2.5013,0.0005100000000002325,10838,True
35,Background,102400,2.50146,2.50194,0.00048000000000003595,106400,True
41,Background,102400,2.505,2.50573,0.0007299999999998974,106400,True
22,Background,1024,2.50522,2.50541,0.00018999999999991246,1244,True
30,Background,102400,2.50714,2.50761,0.00046999999999997044,106400,True
38,Background,10240,2.50746,2.50761,0.0001500000000000945,10838,True
32,Background,1048576,2.50794,2.51381,0.00586999999999982,1087892,True
25,Background,102400,2.5093,2.50969,0.00038999999999989043,106400,True
25,Background,104857600,2.51306,4.9521,2.43904,108768230,True
20,Background,1048576,2.51563,2.54113,0.025500000000000078,1087892,True
36,Background,10485760,2.51625,2.66029,0.14403999999999995,10876994,True
35,Background,1048576,2.51698,2.52172,0.0047399999999999665,1087892,True
23,Background,10240,2.51725,2.51742,0.00016999999999978144,10838,True
21,Background,102400,2.5178,2.52231,0.004510000000000236,106400,True
28,Background,1048576,2.51781,2.54173,0.02391999999999994,1087892,True
22,Background,10240,2.51817,2.51842,0.00024999999999986144,10838,True
30,Background,102400,2.52035,2.52074,0.00038999999999989043,106400,True
38,Background,1048576,2.52221,2.52552,0.003310000000000368,1087892,True
20,Background,10240,2.52231,2.52246,0.0001500000000000945,10838,True
21,Background,102400,2.52278,2.52923,0.006450000000000067,106400,True
43,Background,10240,2.52284,2.5233,0.00045999999999990493,10838,True
28,Background,102400,2.52325,2.52368,0.0004300000000001525,106400,True
23,Background,1024,2.5234,2.52355,0.0001500000000000945,1244,True
31,Background,1024,2.52569,2.52587,0.00017999999999984695,1244,True
32,Background,1024,2.52916,2.52938,0.000220000000000109,1244,True
25,Background,102400,2.53005,2.53055,0.0004999999999997229,106400,True
34,Background,10240,2.53239,2.53254,0.0001500000000000945,10838,True
29,Background,102400,2.53392,2.53892,0.004999999999999893,106400,True
43,Background,102400,2.53602,2.53657,0.0005500000000000504,106400,True
22,Background,102400,2.53633,2.53672,0.00038999999999989043,106400,True
29,Background,10485760,2.53649,2.7468,0.21030999999999977,10876994,True
31,Background,10240,2.53663,2.53685,0.0002199999999996649,10838,True
24,Background,102400,2.53664,2.53749,0.0008500000000002395,106400,True
35,Background,10240,2.53745,2.53761,0.00015999999999971593,10838,True
43,Background,1048576,2.53978,2.56522,0.02544000000000013,1087892,True
39,Background,10240,2.54175,2.54215,0.00039999999999995595,10838,True
29,Background,1048576,2.54266,2.56947,0.02680999999999978,1087892,True
31,Background,10485760,2.54326,2.75345,0.21018999999999988,10876994,True
32,Background,102400,2.54413,2.54463,0.000500000000000167,106400,True
31,Background,10240,2.54435,2.5445,0.0001500000000000945,10838,True
25,Background,10240,2.54462,2.54478,0.00015999999999971593,10838,True
24,Background,102400,2.54669,2.54759,0.0009000000000001229,106400,True
40,Background,102400,2.54716,2.54761,0.0004500000000002835,106400,True
27,Background,1048576,2.54804,2.55186,0.0038200000000001566,1087892,True
31,Background,1048576,2.55008,2.55412,0.004040000000000266,1087892,True
22,Background,102400,2.55043,2.55113,0.000700000000000145,106400,True
35,Background,10485760,2.5506,2.73527,0.18466999999999967,10876994,True
29,Background,102400,2.55094,2.55173,0.0007899999999998464,106400,True
45,Background,1048576,2.55258,2.57461,0.022029999999999994,1087892,True
31,Background,102400,2.55343,2.55384,0.00041000000000002146,106400,True
32,Background,10240,2.55482,2.55527,0.0004500000000002835,10838,True
23,Background,102400,2.55655,2.55717,0.0006200000000000649,106400,True
33,Background,10240,2.55744,2.5576,0.00015999999999971593,10838,True
42,Background,1048576,2.55825,2.56295,0.004699999999999704,1087892,True
30,Background,1024,2.56177,2.56216,0.00038999999999989043,1244,True
22,Background,102400,2.562,2.56256,0.000560000000000116,106400,True
21,Background,10240,2.56251,2.56267,0.00015999999999971593,10838,True
32,Background,102400,2.5628,2.56782,0.0050200000000000244,106400,True
33,Background,1024,2.56337,2.56353,0.00016000000000016001,1244,True
44,Background,102400,2.5635,2.56401,0.0005100000000002325,106400,True
29,Background,1024,2.56376,2.56408,0.00032000000000032003,1244,True
41,Background,102400,2.56377,2.56459,0.0008200000000000429,106400,True
43,Background,1024,2.56449,2.56464,0.0001499999999996504,1244,True
32,Background,102400,2.56538,2.56579,0.00040999999999957737,106400,True
32,Background,102400,2.56542,2.56584,0.00042000000000008697,106400,True
33,Background,102400,2.56594,2.5692,0.0032600000000000406,106400,True
44,Background,1024,2.56607,2.56637,0.000300000000000189,1244,True
39,Background,1024,2.56706,2.56735,0.0002899999999996794,1244,True
32,Background,10240,2.56816,2.56837,0.0002099999999995994,10838,True
33,Background,102400,2.56925,2.56966,0.00041000000000002146,106400,True
39,Background,10240,2.57204,2.57232,0.000280000000000058,10838,True
34,Background,10240,2.57222,2.57238,0.00015999999999971593,10838,True
24,Background,102400,2.57268,2.57726,0.0045799999999998064,106400,True
25,Background,10485760,2.57364,2.75958,0.18594,10876994,True
28,Background,10240,2.57412,2.57436,0.00023999999999979593,10838,True
31,Background,10485760,2.57575,2.77922,0.20346999999999982,10876994,True
37,Background,102400,2.58001,2.58056,0.0005500000000000504,106400,True
33,Background,102400,2.58043,2.58091,0.00048000000000003595,106400,True
32,Background,102400,2.58315,2.5836,0.0004500000000002835,106400,True
24,Background,10240,2.58422,2.58438,0.00015999999999971593,10838,True
29,Background,1048576,2.58604,2.58961,0.003569999999999851,1087892,True
23,Background,1024,2.58811,2.58834,0.0002300000000001745,1244,True
31,Background,1048576,2.58811,2.59846,0.010350000000000303,1087892,True
36,Background,1048576,2.59203,2.59532,0.003290000000000237,1087892,True
34,Background,1024,2.5933,2.59345,0.0001499999999996504,1244,True
29,Background,10240,2.59364,2.59387,0.00022999999999973042,10838,True
24,Background,102400,2.59396,2.5948,0.0008400000000001739,106400,True
24,Background,10485760,2.59425,2.78899,0.1947399999999999,10876994,True
34,Background,104857600,2.5945,5.11875,2.5242500000000003,108768230,True
34,Background,1048576,2.59456,2.61323,0.018670000000000186,1087892,True
32,Background,102400,2.5947,2.60125,0.006549999999999834,106400,True
30,Background,10240,2.59516,2.59543,0.00026999999999999247,10838,True
44,Background,1024,2.59657,2.59683,0.00026000000000037105,1244,True
20,Background,10240,2.59761,2.59777,0.00016000000000016001,10838,True
30,Background,10240,2.60186,2.60228,0.00042000000000008697,10838,True
33,Background,1048576,2.60499,2.60903,0.004040000000000266,1087892,True
24,Background,102400,2.60606,2.60659,0.0005300000000003635,106400,True
22,Background,1024,2.60697,2.60729,0.00031999999999987594,1244,True
37,Background,102400,2.607,2.60796,0.0009599999999996278,106400,True
25,Background,1024,2.60761,2.60816,0.0005499999999996064,1244,True
33,Background,102400,2.60802,2.60856,0.000540000000000429,106400,True
23,Background,102400,2.61321,2.61383,0.0006200000000000649,106400,True
31,Background,1048576,2.61396,2.61988,0.005920000000000147,1087892,True
38,Background,1024,2.61439,2.61454,0.0001499999999996504,1244,True
45,Background,10240,2.61528,2.61544,0.00016000000000016001,10838,True
40,Background,1048576,2.61541,2.6186,0.003190000000000026,1087892,True
30,Background,102400,2.61678,2.62145,0.004669999999999952,106400,True
32,Background,1024,2.617,2.61733,0.00032999999999994145,1244,True
24,Background,10240,2.62126,2.62142,0.00016000000000016001,10838,True
45,Background,10240,2.6228,2.62324,0.000440000000000218,10838,True
42,Background,102400,2.62286,2.62555,0.002689999999999859,106400,True
30,Background,10485760,2.62356,2.82528,0.2017199999999999,10876994,True
25,Background,10240,2.62478,2.62526,0.00048000000000003595,10838,True
26,Background,10240,2.62614,2.62637,0.0002300000000001745,10838,True
41,Background,10485760,2.62635,2.78419,0.1578400000000002,10876994,True
28,Background,102400,2.62699,2.62778,0.0007899999999998464,106400,True
26,Background,1048576,2.62961,2.65806,0.028449999999999864,1087892,True
21,Background,102400,2.62965,2.63261,0.0029600000000002957,106400,True
33,Background,1048576,2.63222,2.63689,0.004670000000000396,1087892,True
26,Background,102400,2.63274,2.63929,0.006549999999999834,106400,True
25,Background,1048576,2.63316,2.63646,0.0032999999999998586,1087892,True
24,Background,1024,2.63354,2.63369,0.0001500000000000945,1244,True
35,Background,102400,2.63412,2.63462,0.000500000000000167,106400,True
26,Background,1024,2.63435,2.63451,0.00016000000000016001,1244,True
35,Background,1048576,2.63668,2.66316,0.026479999999999837,1087892,True
27,Background,102400,2.63771,2.64406,0.006349999999999856,106400,True
25,Background,10240,2.6395,2.63987,0.0003700000000002035,10838,True
23,Background,1048576,2.64107,2.64478,0.00370999999999988,1087892,True
28,Background,102400,2.64403,2.64457,0.0005399999999999849,106400,True
26,Background,10240,2.64483,2.64512,0.0002900000000001235,10838,True
33,Background,10240,2.64499,2.64528,0.0002900000000001235,10838,True
33,Background,102400,2.64889,2.65231,0.0034199999999997566,106400,True
36,Background,10240,2.64904,2.64932,0.000280000000000058,10838,True
24,Background,10240,2.64912,2.64935,0.0002300000000001745,10838,True
37,Background,1048576,2.64998,2.6538,0.0038200000000001566,1087892,True
27,Background,10240,2.65011,2.65037,0.00025999999999992696,10838,True
31,Background,1024,2.65077,2.65121,0.0004399999999997739,1244,True
32,Background,1024,2.65211,2.65237,0.00025999999999992696,1244,True
26,Background,10485760,2.65285,2.86925,0.21640000000000015,10876994,True
45,Background,10240,2.65425,2.6544,0.0001499999999996504,10838,True
25,Background,1024,2.65446,2.65471,0.00025000000000030553,1244,True
46,Background,1048576,2.65482,2.68853,0.03371000000000013,1087892,True
26,Background,102400,2.65509,2.65559,0.000500000000000167,106400,True
36,Background,10240,2.65894,2.65929,0.0003500000000000725,10838,True
37,Background,10240,2.66005,2.66037,0.00031999999999987594,10838,True
47,Background,102400,2.66139,2.66186,0.00046999999999997044,106400,True
36,Background,102400,2.66268,2.66901,0.006330000000000169,106400,True
33,Background,102400,2.66276,2.66713,0.004369999999999763,106400,True
34,Background,102400,2.66308,2.66359,0.0005100000000002325,106400,True
31,Background,1048576,2.66491,2.69393,0.029020000000000046,1087892,True
38,Background,1024,2.66538,2.66553,0.0001500000000000945,1244,True
27,Background,10485760,2.66563,2.85471,0.1890799999999997,10876994,True
25,Background,10240,2.66622,2.6664,0.00017999999999984695,10838,True
30,Background,102400,2.66625,2.66667,0.00042000000000008697,106400,True
36,Background,102400,2.66654,2.66747,0.0009299999999998754,106400,True
27,Background,102400,2.66683,2.6693,0.00246999999999975,106400,True
48,Background,102400,2.66716,2.66762,0.00045999999999990493,106400,True
38,Background,10240,2.66723,2.66741,0.00017999999999984695,10838,True
46,Background,1048576,2.66726,2.67026,0.0029999999999996696,1087892,True
42,Background,1048576,2.66817,2.67148,0.003309999999999924,1087892,True
34,Background,10240,2.66988,2.67028,0.00039999999999995595,10838,True
39,Background,102400,2.67084,2.67413,0.003289999999999793,106400,True
32,Background,1048576,2.67379,2.69313,0.019340000000000135,1087892,True
26,Background,102400,2.67422,2.67461,0.00038999999999989043,106400,True
39,Background,1024,2.67476,2.67523,0.00046999999999997044,1244,True
26,Background,102400,2.67575,2.67818,0.002429999999999932,106400,True
25,Background,1024,2.67611,2.67635,0.00023999999999979593,1244,True
33,Background,10240,2.67641,2.67657,0.00015999999999971593,10838,True
30,Background,10485760,2.67989,2.90294,0.2230500000000002,10876994,True
34,Background,1024,2.68089,2.68129,0.00039999999999995595,1244,True
31,Background,1024,2.6823,2.68246,0.00015999999999971593,1244,True
38,Background,102400,2.683,2.68365,0.0006500000000002615,106400,True
25,Background,102400,2.68311,2.68358,0.00046999999999997044,106400,True
39,Background,1048576,2.68366,2.70575,0.022089999999999943,1087892,True
44,Background,1024,2.68394,2.68428,0.00034000000000000696,1244,True
26,Background,10240,2.68807,2.68833,0.00025999999999992696,10838,True
26,Background,10240,2.68831,2.68846,0.0001500000000000945,10838,True
40,Background,102400,2.6886,2.68925,0.0006499999999998174,106400,True
34,Background,102400,2.6894,2.68986,0.00045999999999990493,106400,True
22,Background,10485760,2.69455,2.86598,0.17142999999999997,10876994,True
35,Background,102400,2.69475,2.69994,0.005189999999999806,106400,True
34,Background,102400,2.69491,2.69902,0.004109999999999836,106400,True
46,Background,10485760,2.69702,2.81332,0.11629999999999985,10876994,True
35,Background,102400,2.69773,2.69957,0.0018400000000000638,106400,True
29,Background,102400,2.69905,2.69959,0.0005399999999999849,106400,True
31,Background,10240,2.69997,2.70032,0.0003500000000000725,10838,True
28,Background,102400,2.70056,2.70117,0.0006099999999999994,106400,True
41,Background,1048576,2.7038,2.73133,0.02752999999999961,1087892,True
40,Background,102400,2.70638,2.70712,0.000740000000000407,106400,True
40,Background,1048576,2.70704,2.71038,0.0033399999999996766,1087892,True
27,Background,1024,2.70762,2.70792,0.000300000000000189,1244,True
35,Background,1048576,2.71135,2.72293,0.011579999999999924,1087892,True
49,Background,102400,2.71245,2.7129,0.0004499999999998394,106400,True
33,Background,10240,2.71567,2.71587,0.00019999999999997797,10838,True
31,Background,1048576,2.71749,2.72391,0.00641999999999987,1087892,True
39,Background,10240,2.71857,2.71878,0.00021000000000004349,10838,True
32,Background,1024,2.71896,2.71933,0.0003699999999997594,1244,True
34,Background,10240,2.71953,2.71978,0.00025000000000030553,10838,True
28,Background,1048576,2.72038,2.72355,0.003169999999999895,1087892,True
27,Background,10240,2.72115,2.72138,0.00022999999999973042,10838,True
29,Background,10240,2.72299,2.72334,0.0003500000000000725,10838,True
36,Background,1024,2.72715,2.72739,0.00024000000000024002,1244,True
29,Background,10240,2.73014,2.73036,0.000220000000000109,10838,True
46,Background,1024,2.73019,2.73037,0.00018000000000029104,1244,True
34,Background,102400,2.73258,2.73321,0.0006300000000001305,106400,True
33,Background,1048576,2.73427,2.74718,0.012910000000000199,1087892,True
28,Background,10240,2.73444,2.73461,0.00016999999999978144,10838,True
36,Background,1024,2.73459,2.73501,0.00042000000000008697,1244,True
26,Background,102400,2.73721,2.73761,0.00039999999999995595,106400,True
32,Background,10240,2.73793,2.73829,0.000360000000000138,10838,True
27,Background,102400,2.74481,2.74994,0.005129999999999857,106400,True
35,Background,10485760,2.74671,2.99879,0.25207999999999986,10876994,True
31,Background,10485760,2.74672,3.01534,0.2686200000000003,10876994,True
27,Background,10485760,2.7518,2.98622,0.23442000000000007,10876994,True
37,Background,102400,2.75258,2.75316,0.0005799999999998029,106400,True
27,Background,1024,2.75291,2.75324,0.00032999999999994145,1244,True
36,Background,102400,2.75322,2.75367,0.0004500000000002835,106400,True
50,Background,102400,2.75443,2.75486,0.0004299999999997084,106400,True
30,Background,10240,2.75514,2.75534,0.00019999999999997797,10838,True
51,Background,1048576,2.75527,2.76923,0.013959999999999972,1087892,True
52,Background,1048576,2.75649,2.76782,0.011330000000000062,1087892,True
41,Background,102400,2.75776,2.7627,0.0049399999999999444,106400,True
28,Background,10240,2.76158,2.76189,0.0003100000000002545,10838,True
43,Background,1048576,2.76217,2.76516,0.002990000000000048,1087892,True
29,Background,102400,2.76359,2.76729,0.0036999999999998145,106400,True
35,Background,10240,2.76934,2.76949,0.0001499999999996504,10838,True
47,Background,102400,2.76949,2.77408,0.004590000000000316,106400,True
53,Background,1048576,2.77318,2.79576,0.022580000000000044,1087892,True
28,Background,10485760,2.77644,2.87692,0.10048000000000012,10876994,True
40,Background,102400,2.77729,2.77768,0.0003900000000003345,106400,True
41,Background,102400,2.78143,2.78194,0.0005100000000002325,106400,True
27,Background,102400,2.78155,2.7822,0.0006499999999998174,106400,True
34,Background,1048576,2.78159,2.80186,0.02027000000000001,1087892,True
31,Background,102400,2.78354,2.78645,0.002909999999999968,106400,True
26,Background,10240,2.78913,2.78935,0.000220000000000109,10838,True
32,Background,10485760,2.78957,3.04411,0.25454,10876994,True
28,Background,1024,2.79103,2.7913,0.00026999999999999247,1244,True
36,Background,10240,2.79207,2.79233,0.00026000000000037105,10838,True
29,Background,102400,2.79248,2.79305,0.0005700000000001815,106400,True
26,Background,1048576,2.79323,2.79647,0.0032399999999999096,1087892,True
35,Background,10485760,2.79364,3.0353,0.24165999999999999,10876994,True
33,Background,102400,2.79442,2.79505,0.0006299999999996864,106400,True
27,Background,102400,2.79443,2.79506,0.0006299999999996864,106400,True
37,Background,1048576,2.79454,2.81061,0.01607000000000003,1087892,True
38,Background,102400,2.7946,2.79722,0.0026199999999998447,106400,True
41,Background,1048576,2.79482,2.81823,0.02340999999999971,1087892,True
35,Background,10240,2.79526,2.79542,0.00016000000000016001,10838,True
36,Background,102400,2.79711,2.79759,0.00048000000000003595,106400,True
35,Background,1024,2.79721,2.79736,0.0001499999999996504,1244,True
27,Background,102400,2.80112,2.80165,0.0005299999999999194,106400,True
34,Background,1048576,2.8014,2.8348,0.033399999999999874,1087892,True
28,Background,1024,2.80618,2.80636,0.00018000000000029104,1244,True
40,Background,10240,2.80733,2.80749,0.00016000000000016001,10838,True
32,Background,102400,2.80811,2.80857,0.00045999999999990493,106400,True
37,Background,10240,2.80838,2.80853,0.0001500000000000945,10838,True
23,Background,1024,2.80888,2.80926,0.000380000000000269,1244,True
44,Background,102400,2.81086,2.81407,0.003210000000000157,106400,True
35,Background,102400,2.81107,2.81157,0.000500000000000167,106400,True
35,Background,1048576,2.81111,2.81501,0.0038999999999997925,1087892,True
35,Background,10485760,2.81862,3.04717,0.2285499999999998,10876994,True
24,Background,1048576,2.81947,2.84395,0.024480000000000057,1087892,True
34,Background,10240,2.82061,2.82077,0.00016000000000016001,10838,True
30,Background,1048576,2.82124,2.82563,0.004389999999999894,1087892,True
38,Background,1048576,2.82129,2.83627,0.014979999999999993,1087892,True
27,Background,102400,2.82368,2.82432,0.000640000000000196,106400,True
42,Background,1048576,2.82461,2.83602,0.011410000000000142,1087892,True
42,Background,10240,2.82477,2.82521,0.000440000000000218,10838,True
36,Background,102400,2.82511,2.82561,0.000500000000000167,106400,True
33,Background,104857600,2.82632,5.65227,2.8259499999999997,108768230,True
28,Background,104857600,2.82713,5.62094,2.79381,108768230,True
37,Background,10240,2.82735,2.82751,0.00016000000000016001,10838,True
36,Background,10240,2.82771,2.82816,0.0004499999999998394,10838,True
29,Background,1024,2.82805,2.82837,0.00031999999999987594,1244,True
37,Background,10485760,2.8283,3.03781,0.20950999999999986,10876994,True
29,Background,102400,2.83215,2.83263,0.00048000000000003595,106400,True
37,Background,1048576,2.83218,2.83662,0.0044399999999997775,1087892,True
33,Background,104857600,2.83235,5.8014,2.96905,108768230,True
32,Background,102400,2.83426,2.83466,0.00039999999999995595,106400,True
47,Background,10240,2.83466,2.83486,0.00019999999999997797,10838,True
43,Background,104857600,2.83767,5.6213,2.7836299999999996,108768230,True
48,Background,102400,2.83771,2.84105,0.0033400000000001207,106400,True
48,Background,102400,2.83834,2.83876,0.00042000000000008697,106400,True
49,Background,10485760,2.84065,3.09015,0.24949999999999983,10876994,True
30,Background,10240,2.84312,2.84337,0.00025000000000030553,10838,True
29,Background,10240,2.8432,2.84339,0.00018999999999991246,10838,True
44,Background,102400,2.84375,2.84728,0.003530000000000033,106400,True
32,Background,102400,2.84505,2.84558,0.0005299999999999194,106400,True
32,Background,10240,2.84695,2.84732,0.0003699999999997594,10838,True
43,Background,1024,2.84712,2.84737,0.00025000000000030553,1244,True
31,Background,10485760,2.84908,3.04225,0.19317000000000029,10876994,True
31,Background,1024,2.84921,2.84938,0.00017000000000022553,1244,True
39,Background,1048576,2.84949,2.87383,0.02434000000000003,1087892,True
38,Background,102400,2.85407,2.85459,0.0005199999999998539,106400,True
30,Background,102400,2.85547,2.85617,0.000700000000000145,106400,True
38,Background,102400,2.85703,2.85756,0.0005299999999999194,106400,True
36,Background,102400,2.85729,2.85773,0.000440000000000218,106400,True
47,Background,10240,2.85914,2.85938,0.00023999999999979593,10838,True
45,Background,10240,2.85978,2.8602,0.0004199999999996429,10838,True
34,Background,10240,2.86392,2.8643,0.000380000000000269,10838,True
37,Background,1024,2.86623,2.86638,0.0001500000000000945,1244,True
37,Background,102400,2.86709,2.86761,0.0005199999999998539,106400,True
36,Background,1048576,2.86857,2.87295,0.0043799999999998285,1087892,True
32,Background,102400,2.87316,2.87361,0.0004500000000002835,106400,True
37,Background,102400,2.87321,2.87362,0.00041000000000002146,106400,True
37,Background,1048576,2.87339,2.87743,0.0040399999999998215,1087892,True
34,Background,10240,2.87543,2.8756,0.00016999999999978144,10838,True
35,Background,102400,2.87612,2.87661,0.0004900000000001015,106400,True
36,Background,1048576,2.87756,2.90554,0.027979999999999894,1087892,True
28,Background,1024,2.87806,2.87831,0.00024999999999986144,1244,True
27,Background,1048576,2.87816,2.88177,0.003610000000000113,1087892,True
33,Background,10240,2.87896,2.87932,0.0003599999999996939,10838,True
54,Background,1024,2.88007,2.88032,0.00025000000000030553,1244,True
31,Background,10240,2.88133,2.88149,0.00015999999999971593,10838,True
37,Background,102400,2.88183,2.88525,0.0034200000000002007,106400,True
38,Background,1024,2.88447,2.88465,0.00018000000000029104,1244,True
36,Background,102400,2.88594,2.89027,0.004329999999999945,106400,True
43,Background,102400,2.88622,2.88665,0.0004300000000001525,106400,True
30,Background,1024,2.88721,2.88738,0.00016999999999978144,1244,True
33,Background,10485760,2.88928,3.09425,0.20497000000000032,10876994,True
30,Background,102400,2.88933,2.88973,0.00039999999999995595,106400,True
42,Background,102400,2.89031,2.89074,0.0004300000000001525,106400,True
43,Background,1048576,2.89351,2.92816,0.03465000000000007,1087892,True
41,Background,102400,2.89386,2.89627,0.002409999999999801,106400,True
38,Background,102400,2.89479,2.89607,0.0012799999999999478,106400,True
39,Background,1024,2.89509,2.89534,0.00024999999999986144,1244,True
30,Background,104857600,2.89899,5.66536,2.7663699999999998,108768230,True
38,Background,10240,2.9002,2.90042,0.000220000000000109,10838,True
37,Background,10240,2.90028,2.90044,0.00016000000000016001,10838,True
29,Background,10240,2.90106,2.90134,0.0002799999999996139,10838,True
42,Background,102400,2.9054,2.90602,0.0006199999999996209,106400,True
29,Background,10485760,2.90829,3.16135,0.25306000000000006,10876994,True
46,Background,102400,2.90985,2.91616,0.006310000000000038,106400,True
31,Background,1048576,2.91101,2.91487,0.0038599999999999746,1087892,True
35,Background,10240,2.91137,2.91153,0.00016000000000016001,10838,True
55,Background,1048576,2.9118,2.93181,0.020010000000000083,1087892,True
38,Background,1024,2.91197,2.91234,0.0003699999999997594,1244,True
34,Background,1048576,2.91284,2.94027,0.027429999999999843,1087892,True
48,Background,1048576,2.91358,2.94059,0.027009999999999756,1087892,True
50,Background,1024,2.91514,2.91535,0.00021000000000004349,1244,True
36,Background,102400,2.91628,2.91667,0.00038999999999989043,106400,True
36,Background,1048576,2.91656,2.92299,0.006429999999999936,1087892,True
44,Background,102400,2.91666,2.91779,0.0011300000000002974,106400,True
43,Background,1024,2.91749,2.91764,0.0001500000000000945,1244,True
49,Background,1048576,2.91973,2.94926,0.029530000000000278,1087892,True
28,Background,10240,2.92187,2.92229,0.0004199999999996429,10838,True
33,Background,1048576,2.92216,2.9256,0.0034400000000003317,1087892,True
39,Background,10240,2.92375,2.92425,0.0004999999999997229,10838,True
39,Background,1048576,2.92438,2.92827,0.003889999999999727,1087892,True
32,Background,1048576,2.92582,2.9593,0.033479999999999954,1087892,True
30,Background,1048576,2.92698,2.93206,0.005079999999999973,1087892,True
50,Background,104857600,2.92732,5.91129,2.9839700000000002,108768230,True
34,Background,10240,2.9277,2.92809,0.00038999999999989043,10838,True
30,Background,102400,2.92827,2.92871,0.000440000000000218,106400,True
42,Background,10240,2.92851,2.92872,0.00021000000000004349,10838,True
34,Background,1048576,2.92922,2.93293,0.00370999999999988,1087892,True
44,Background,10240,2.9293,2.92946,0.00016000000000016001,10838,True
28,Background,1048576,2.9317,2.95924,0.027539999999999676,1087892,True
32,Background,102400,2.93184,2.93567,0.003830000000000222,106400,True
28,Background,10240,2.93333,2.93348,0.0001499999999996504,10838,True
44,Background,102400,2.93375,2.93896,0.005209999999999937,106400,True
45,Background,10485760,2.93537,3.13098,0.19561000000000028,10876994,True
40,Background,1024,2.93576,2.93622,0.00045999999999990493,1244,True
38,Background,1024,2.93674,2.93721,0.00046999999999997044,1244,True
45,Background,104857600,2.93954,5.82041,2.88087,108768230,True
33,Background,1048576,2.94088,2.96863,0.027750000000000163,1087892,True
51,Background,102400,2.94102,2.94157,0.0005500000000000504,106400,True
39,Background,10240,2.94143,2.94159,0.00016000000000016001,10838,True
38,Background,10240,2.94183,2.94227,0.000440000000000218,10838,True
56,Background,102400,2.94398,2.94471,0.0007300000000003415,106400,True
30,Background,10240,2.94414,2.94438,0.00024000000000024002,10838,True
26,Background,10240,2.94429,2.94445,0.00015999999999971593,10838,True
31,Background,10240,2.94554,2.94589,0.0003500000000000725,10838,True
43,Background,1024,2.9459,2.94631,0.00041000000000002146,1244,True
35,Background,102400,2.94639,2.94679,0.00039999999999995595,106400,True
31,Background,102400,2.9468,2.94806,0.0012599999999998168,106400,True
34,Background,10485760,2.94816,3.13091,0.18274999999999997,10876994,True
34,Background,10240,2.94915,2.94939,0.00024000000000024002,10838,True
45,Background,1048576,2.94923,2.95513,0.005900000000000016,1087892,True
29,Background,104857600,2.94979,6.01405,3.06426,108768230,True
35,Background,102400,2.95037,2.95076,0.00038999999999989043,106400,True
37,Background,1048576,2.95146,2.96222,0.01075999999999988,1087892,True
31,Background,102400,2.95168,2.9553,0.0036199999999997345,106400,True
46,Background,10240,2.95169,2.95207,0.0003799999999998249,10838,True
49,Background,10240,2.95259,2.95295,0.000360000000000138,10838,True
32,Background,102400,2.95678,2.96229,0.005509999999999682,106400,True
37,Background,102400,2.95775,2.96138,0.003630000000000244,106400,True
35,Background,10240,2.96007,2.96034,0.00026999999999999247,10838,True
46,Background,102400,2.96016,2.96061,0.0004499999999998394,106400,True
39,Background,102400,2.96024,2.96063,0.00038999999999989043,106400,True
32,Background,102400,2.96118,2.96162,0.0004399999999997739,106400,True
37,Background,1048576,2.96284,2.98612,0.02328000000000019,1087892,True
35,Background,10240,2.96529,2.96544,0.0001500000000000945,10838,True
33,Background,1048576,2.9653,2.96898,0.0036800000000001276,1087892,True
47,Background,10485760,2.96535,3.14783,0.18247999999999998,10876994,True
35,Background,102400,2.96699,2.96787,0.0008799999999999919,106400,True
52,Background,10240,2.97092,2.97129,0.0003700000000002035,10838,True
38,Background,10240,2.97172,2.97197,0.00024999999999986144,10838,True
40,Background,1048576,2.97278,2.9962,0.023419999999999774,1087892,True
39,Background,1048576,2.97615,2.97985,0.0036999999999998145,1087892,True
30,Background,10240,2.9765,2.97666,0.00015999999999971593,10838,True
25,Background,10240,2.97731,2.97746,0.0001500000000000945,10838,True
39,Background,1048576,2.97813,2.98227,0.0041400000000000325,1087892,True
31,Background,10485760,2.97826,3.17828,0.20001999999999986,10876994,True
33,Background,10240,2.98311,2.98336,0.00024999999999986144,10838,True
31,Background,102400,2.98329,2.98369,0.00039999999999995595,106400,True
38,Background,10240,2.98375,2.9842,0.0004499999999998394,10838,True
48,Background,1024,2.98912,2.98938,0.00025999999999992696,1244,True
39,Background,102400,2.98913,2.98962,0.0004900000000001015,106400,True
41,Background,10240,2.99008,2.99036,0.000280000000000058,10838,True
33,Background,1048576,2.99087,3.01503,0.024159999999999737,1087892,True
36,Background,1048576,2.99365,3.00127,0.007619999999999738,1087892,True
41,Background,10485760,2.99484,3.25085,0.25600999999999985,10876994,True
27,Background,104857600,2.99637,5.96295,2.96658,108768230,True
34,Background,1024,2.99699,2.99736,0.0003700000000002035,1244,True
40,Background,1024,2.99732,2.99748,0.00015999999999971593,1244,True
40,Background,10240,3.00429,3.00445,0.00015999999999971593,10838,True
38,Background,102400,3.00501,3.00558,0.0005700000000001815,106400,True
33,Background,10485760,3.00512,3.19961,0.19449000000000005,10876994,True
36,Background,1024,3.00646,3.00661,0.0001499999999996504,1244,True
41,Background,1048576,3.00669,3.03818,0.03149000000000024,1087892,True
28,Background,1048576,3.00784,3.03581,0.027970000000000272,1087892,True
47,Background,1048576,3.01043,3.01689,0.006460000000000132,1087892,True
31,Background,10240,3.01099,3.01136,0.0003699999999997594,10838,True
47,Background,1048576,3.01108,3.01495,0.003869999999999596,1087892,True
31,Background,10240,3.01136,3.01152,0.00016000000000016001,10838,True
48,Background,102400,3.0129,3.01625,0.003349999999999742,106400,True
50,Background,102400,3.01516,3.01562,0.000460000000000349,106400,True
36,Background,1048576,3.01527,3.02102,0.005749999999999922,1087892,True
29,Background,1048576,3.0155,3.03909,0.02359,1087892,True
29,Background,102400,3.01565,3.02007,0.0044200000000000905,106400,True
45,Background,1024,3.01612,3.0164,0.000280000000000058,1244,True
40,Background,102400,3.01654,3.01709,0.0005500000000000504,106400,True
29,Background,102400,3.01654,3.01708,0.0005399999999999849,106400,True
44,Background,1048576,3.01974,3.06054,0.04079999999999995,1087892,True
39,Background,1048576,3.02147,3.02595,0.0044800000000000395,1087892,True
40,Background,102400,3.02218,3.02265,0.00046999999999997044,106400,True
51,Background,10240,3.02265,3.02297,0.00031999999999987594,10838,True
37,Background,1048576,3.02362,3.05627,0.032649999999999846,1087892,True
30,Background,102400,3.02445,3.02489,0.000440000000000218,106400,True
34,Background,102400,3.02459,3.02516,0.0005700000000001815,106400,True
46,Background,1024,3.02772,3.02799,0.00026999999999999247,1244,True
32,Background,10240,3.03073,3.03109,0.0003599999999996939,10838,True
32,Background,10240,3.03181,3.03226,0.0004499999999998394,10838,True
32,Background,1048576,3.03207,3.03565,0.0035799999999999166,1087892,True
57,Background,10240,3.03247,3.03263,0.00016000000000016001,10838,True
40,Background,102400,3.03293,3.03723,0.0043000000000001926,106400,True
42,Background,10240,3.03351,3.03368,0.00016999999999978144,10838,True
30,Background,1024,3.03883,3.03923,0.00039999999999995595,1244,True
32,Background,102400,3.04152,3.04216,0.000640000000000196,106400,True
47,Background,102400,3.04355,3.04414,0.0005899999999998684,106400,True
39,Background,1024,3.04545,3.0456,0.0001499999999996504,1244,True
51,Background,10240,3.04547,3.04563,0.00016000000000016001,10838,True
38,Background,10240,3.04585,3.04628,0.0004299999999997084,10838,True
39,Background,10240,3.04637,3.04652,0.0001500000000000945,10838,True
35,Background,1024,3.04669,3.04696,0.00026999999999999247,1244,True
49,Background,102400,3.04728,3.04768,0.00039999999999995595,106400,True
42,Background,10485760,3.04732,3.22916,0.18183999999999978,10876994,True
34,Background,10240,3.0481,3.04838,0.000280000000000058,10838,True
41,Background,10240,3.04825,3.04842,0.00017000000000022553,10838,True
48,Background,102400,3.04984,3.05524,0.005399999999999849,106400,True
35,Background,1024,3.05194,3.0523,0.0003599999999996939,1244,True
48,Background,10240,3.05201,3.05234,0.00032999999999994145,10838,True
31,Background,10240,3.05257,3.05273,0.00016000000000016001,10838,True
46,Background,1024,3.05462,3.05499,0.0003700000000002035,1244,True
33,Background,1024,3.05596,3.05631,0.0003500000000000725,1244,True
49,Background,1048576,3.05633,3.05951,0.0031799999999999606,1087892,True
30,Background,10240,3.05734,3.05749,0.0001500000000000945,10838,True
26,Background,10240,3.05954,3.05972,0.00017999999999984695,10838,True
41,Background,10485760,3.06053,3.28455,0.22401999999999989,10876994,True
34,Background,1024,3.0625,3.06269,0.00018999999999991246,1244,True
35,Background,102400,3.06283,3.0655,0.0026700000000001722,106400,True
31,Background,1048576,3.063,3.0662,0.0031999999999996476,1087892,True
37,Background,102400,3.06323,3.06364,0.00041000000000002146,106400,True
40,Background,10240,3.07162,3.07179,0.00017000000000022553,10838,True
42,Background,102400,3.07269,3.07355,0.0008599999999998609,106400,True
40,Background,1024,3.07463,3.07481,0.00017999999999984695,1244,True
32,Background,1048576,3.07499,3.07901,0.0040199999999996905,1087892,True
36,Background,1048576,3.07593,3.11527,0.03934000000000015,1087892,True
52,Background,10240,3.07729,3.07745,0.00015999999999971593,10838,True
33,Background,10240,3.07835,3.07851,0.00016000000000016001,10838,True
38,Background,102400,3.07966,3.0803,0.0006399999999997519,106400,True
50,Background,1048576,3.0806,3.0973,0.01670000000000016,1087892,True
41,Background,10240,3.08142,3.08157,0.0001500000000000945,10838,True
42,Background,1048576,3.0832,3.08663,0.003429999999999822,1087892,True
41,Background,102400,3.08358,3.08587,0.0022899999999999032,106400,True
42,Background,102400,3.08481,3.09116,0.006349999999999856,106400,True
33,Background,1024,3.08508,3.08537,0.0002900000000001235,1244,True
39,Background,102400,3.08919,3.08965,0.00045999999999990493,106400,True
40,Background,1024,3.08927,3.08943,0.00016000000000016001,1244,True
29,Background,102400,3.09141,3.09181,0.00039999999999995595,106400,True
39,Background,10485760,3.09241,3.30377,0.21136,10876994,True
38,Background,10240,3.09475,3.0951,0.0003500000000000725,10838,True
35,Background,102400,3.09703,3.09759,0.0005599999999996719,106400,True
33,Background,10240,3.09725,3.09742,0.00017000000000022553,10838,True
43,Background,102400,3.09981,3.10422,0.004410000000000025,106400,True
35,Background,10240,3.09992,3.1003,0.0003799999999998249,10838,True
37,Background,10240,3.1001,3.10036,0.00025999999999992696,10838,True
41,Background,10240,3.10204,3.10233,0.0002899999999996794,10838,True
43,Background,102400,3.10801,3.10856,0.0005500000000000504,106400,True
42,Background,10240,3.10863,3.1088,0.00017000000000022553,10838,True
44,Background,102400,3.10977,3.1106,0.0008299999999996643,106400,True
37,Background,1048576,3.11049,3.12125,0.01075999999999988,1087892,True
39,Background,10240,3.11056,3.11073,0.00017000000000022553,10838,True
36,Background,1024,3.11089,3.11131,0.00042000000000008697,1244,True
38,Background,1024,3.11431,3.11446,0.0001499999999996504,1244,True
34,Background,10240,3.11456,3.11472,0.00016000000000016001,10838,True
32,Background,1024,3.11562,3.11578,0.00016000000000016001,1244,True
34,Background,102400,3.11576,3.11924,0.0034800000000001496,106400,True
36,Background,1048576,3.11824,3.12251,0.004269999999999996,1087892,True
51,Background,10240,3.12331,3.12346,0.0001500000000000945,10838,True
35,Background,1048576,3.12469,3.13586,0.011169999999999902,1087892,True
36,Background,10485760,3.12695,3.40518,0.2782300000000002,10876994,True
40,Background,10240,3.1275,3.12765,0.0001500000000000945,10838,True
39,Background,10240,3.12794,3.12832,0.0003799999999998249,10838,True
40,Background,102400,3.12832,3.12873,0.00041000000000002146,106400,True
34,Background,1024,3.13004,3.13033,0.0002899999999996794,1244,True
40,Background,1048576,3.13018,3.1332,0.0030199999999998006,1087892,True
41,Background,1024,3.13127,3.13142,0.0001499999999996504,1244,True
58,Background,1024,3.13248,3.13263,0.0001499999999996504,1244,True
27,Background,1048576,3.13403,3.13722,0.003190000000000026,1087892,True
30,Background,10240,3.1342,3.13437,0.00017000000000022553,10838,True
34,Background,102400,3.13674,3.1416,0.004859999999999864,106400,True
38,Background,10240,3.14058,3.14074,0.00016000000000016001,10838,True
37,Background,102400,3.14077,3.1416,0.0008300000000001084,106400,True
42,Background,10240,3.14175,3.14219,0.0004399999999997739,10838,True
32,Background,1048576,3.14239,3.15827,0.015880000000000116,1087892,True
36,Background,1048576,3.14246,3.16128,0.01882000000000028,1087892,True
33,Background,102400,3.1427,3.14826,0.005560000000000009,106400,True
41,Background,102400,3.14349,3.14425,0.0007600000000000939,106400,True
40,Background,10240,3.1439,3.14432,0.00042000000000008697,10838,True
52,Background,102400,3.14455,3.14509,0.0005399999999999849,106400,True
36,Background,10485760,3.14461,3.36199,0.2173799999999999,10876994,True
32,Background,10485760,3.14777,3.39707,0.24929999999999986,10876994,True
37,Background,1048576,3.14908,3.15278,0.0036999999999998145,1087892,True
44,Background,104857600,3.14942,6.28185,3.1324300000000003,108768230,True
36,Background,1024,3.15053,3.15069,0.00016000000000016001,1244,True
31,Background,10240,3.15058,3.15079,0.00021000000000004349,10838,True
41,Background,1048576,3.15117,3.15478,0.003610000000000113,1087892,True
30,Background,1024,3.15139,3.15155,0.00015999999999971593,1244,True
34,Background,10485760,3.15249,3.34316,0.19067000000000034,10876994,True
38,Background,102400,3.15323,3.15365,0.0004199999999996429,106400,True
40,Background,102400,3.15522,3.15563,0.00041000000000002146,106400,True
35,Background,1024,3.15623,3.15641,0.00018000000000029104,1244,True
37,Background,10485760,3.15647,3.38697,0.2304999999999997,10876994,True
36,Background,1024,3.16084,3.16128,0.000440000000000218,1244,True
41,Background,1048576,3.16113,3.16448,0.003350000000000186,1087892,True
40,Background,1024,3.16357,3.16372,0.0001500000000000945,1244,True
52,Background,1024,3.1638,3.1642,0.00039999999999995595,1244,True
42,Background,1024,3.16412,3.16438,0.00025999999999992696,1244,True
39,Background,102400,3.1648,3.17025,0.005449999999999733,106400,True
36,Background,1048576,3.16737,3.17323,0.005860000000000198,1087892,True
43,Background,10485760,3.16979,3.42058,0.2507900000000003,10876994,True
39,Background,10240,3.16998,3.17034,0.000360000000000138,10838,True
31,Background,102400,3.17189,3.17525,0.0033600000000002517,106400,True
49,Background,1024,3.17689,3.17729,0.00039999999999995595,1244,True
43,Background,102400,3.17792,3.18107,0.003150000000000208,106400,True
41,Background,1024,3.17806,3.17832,0.00025999999999992696,1244,True
33,Background,10240,3.17947,3.17964,0.00017000000000022553,10838,True
44,Background,1024,3.18159,3.18213,0.0005399999999999849,1244,True
45,Background,1024,3.18354,3.18376,0.000220000000000109,1244,True
47,Background,102400,3.18564,3.18981,0.004170000000000229,106400,True
44,Background,1048576,3.18664,3.19919,0.012550000000000061,1087892,True
46,Background,102400,3.19005,3.19057,0.000520000000000298,106400,True
38,Background,1024,3.1908,3.19122,0.00042000000000008697,1244,True
45,Background,102400,3.19154,3.19215,0.0006099999999999994,106400,True
37,Background,1048576,3.19316,3.19664,0.0034799999999997056,1087892,True
34,Background,10240,3.19339,3.19355,0.00016000000000016001,10838,True
35,Background,102400,3.19615,3.19664,0.0004900000000001015,106400,True
43,Background,10485760,3.1963,3.36326,0.16696,10876994,True
35,Background,1048576,3.19813,3.2025,0.004370000000000207,1087892,True
35,Background,102400,3.19911,3.19962,0.0005099999999997884,106400,True
35,Background,1024,3.19951,3.19966,0.0001500000000000945,1244,True
43,Background,1048576,3.19969,3.22696,0.027270000000000127,1087892,True
59,Background,102400,3.20017,3.20069,0.0005199999999998539,106400,True
39,Background,1048576,3.20561,3.22402,0.018409999999999815,1087892,True
33,Background,1024,3.20623,3.2064,0.00016999999999978144,1244,True
38,Background,102400,3.20758,3.20816,0.0005799999999998029,106400,True
60,Background,102400,3.20871,3.21727,0.008560000000000123,106400,True
33,Background,102400,3.20946,3.2101,0.000640000000000196,106400,True
49,Background,1024,3.20998,3.21031,0.00033000000000038554,1244,True
53,Background,10485760,3.2106,3.47285,0.2622500000000003,10876994,True
39,Background,10485760,3.2107,3.45009,0.23938999999999977,10876994,True
41,Background,102400,3.21189,3.21925,0.007360000000000255,106400,True
37,Background,10240,3.21412,3.21436,0.00024000000000024002,10838,True
45,Background,1048576,3.21545,3.21896,0.003509999999999902,1087892,True
34,Background,1024,3.21572,3.21605,0.00032999999999994145,1244,True
50,Background,10240,3.21834,3.2185,0.00016000000000016001,10838,True
31,Background,10240,3.21963,3.21997,0.00034000000000000696,10838,True
43,Background,104857600,3.21997,6.12133,2.9013600000000004,108768230,True
31,Background,1024,3.22195,3.22231,0.0003599999999996939,1244,True
47,Background,1048576,3.22303,3.22731,0.0042800000000000615,1087892,True
41,Background,1024,3.22536,3.22552,0.00016000000000016001,1244,True
36,Background,102400,3.22555,3.22921,0.0036599999999999966,106400,True
38,Background,1024,3.2266,3.22676,0.00016000000000016001,1244,True
42,Background,1048576,3.22758,3.25528,0.027699999999999836,1087892,True
50,Background,10240,3.22802,3.22833,0.0003100000000002545,10838,True
46,Background,1024,3.23047,3.23062,0.0001500000000000945,1244,True
48,Background,102400,3.23054,3.23121,0.0006699999999999484,106400,True
48,Background,1024,3.23441,3.23456,0.0001500000000000945,1244,True
44,Background,1024,3.23601,3.23633,0.00032000000000032003,1244,True
37,Background,102400,3.23627,3.23666,0.00038999999999989043,106400,True
45,Background,1048576,3.23729,3.24063,0.0033400000000001207,1087892,True
32,Background,102400,3.24013,3.24063,0.0004999999999997229,106400,True
42,Background,1048576,3.24144,3.26329,0.021850000000000147,1087892,True
45,Background,10240,3.24149,3.24179,0.0002999999999997449,10838,True
38,Background,10240,3.2424,3.24256,0.00016000000000016001,10838,True
40,Background,10240,3.24586,3.24626,0.00039999999999995595,10838,True
34,Background,1048576,3.24595,3.25091,0.0049600000000000755,1087892,True
44,Background,1024,3.24626,3.24641,0.0001500000000000945,1244,True
50,Background,10485760,3.24686,3.50924,0.2623800000000003,10876994,True
44,Background,1048576,3.24745,3.25169,0.0042399999999997995,1087892,True
37,Background,1048576,3.24771,3.26907,0.021360000000000046,1087892,True
38,Background,10240,3.24814,3.24843,0.0002900000000001235,10838,True
39,Background,10240,3.25008,3.25037,0.0002900000000001235,10838,True
39,Background,10485760,3.25085,3.50777,0.25692000000000004,10876994,True
37,Background,102400,3.25136,3.25175,0.00038999999999989043,106400,True
45,Background,10240,3.25231,3.25247,0.00016000000000016001,10838,True
41,Background,1048576,3.25301,3.25696,0.003949999999999676,1087892,True
53,Background,10240,3.25437,3.25453,0.00015999999999971593,10838,True
40,Background,1048576,3.25693,3.28884,0.03190999999999988,1087892,True
46,Background,1048576,3.25757,3.27971,0.02214000000000027,1087892,True
46,Background,102400,3.25773,3.2622,0.004469999999999974,106400,True
45,Background,10240,3.2591,3.25938,0.000280000000000058,10838,True
42,Background,10485760,3.26003,3.50456,0.24453000000000014,10876994,True
32,Background,1024,3.26155,3.2617,0.0001499999999996504,1244,True
37,Background,102400,3.26193,3.26529,0.0033599999999998076,106400,True
53,Background,102400,3.26319,3.26365,0.000460000000000349,106400,True
49,Background,10240,3.26368,3.26418,0.000500000000000167,10838,True
36,Background,102400,3.26749,3.2681,0.0006099999999999994,106400,True
43,Background,1024,3.2683,3.26845,0.0001500000000000945,1244,True
40,Background,10240,3.26997,3.27033,0.000360000000000138,10838,True
45,Background,1048576,3.27256,3.30687,0.03431000000000006,1087892,True
40,Background,102400,3.27444,3.27528,0.0008400000000001739,106400,True
40,Background,10240,3.27802,3.27837,0.0003499999999996284,10838,True
41,Background,10240,3.27808,3.27838,0.0002999999999997449,10838,True
45,Background,102400,3.27831,3.27871,0.00039999999999995595,106400,True
54,Background,102400,3.279,3.27977,0.0007700000000001594,106400,True
32,Background,10240,3.28294,3.28334,0.00039999999999995595,10838,True
41,Background,1024,3.28315,3.2834,0.00024999999999986144,1244,True
36,Background,10240,3.28351,3.28367,0.00015999999999971593,10838,True
35,Background,102400,3.28361,3.28427,0.0006599999999998829,106400,True
40,Background,10240,3.28445,3.28461,0.00015999999999971593,10838,True
46,Background,10240,3.28699,3.28734,0.0003500000000000725,10838,True
50,Background,10240,3.28786,3.28829,0.0004300000000001525,10838,True
43,Background,102400,3.28858,3.28922,0.0006399999999997519,106400,True
38,Background,1024,3.29146,3.29161,0.0001500000000000945,1244,True
32,Background,1048576,3.29167,3.32269,0.03102000000000027,1087892,True
42,Background,1048576,3.29234,3.29729,0.00495000000000001,1087892,True
47,Background,102400,3.29269,3.29734,0.004650000000000265,106400,True
51,Background,10240,3.29348,3.29364,0.00015999999999971593,10838,True
33,Background,1024,3.29501,3.29533,0.00031999999999987594,1244,True
28,Background,1048576,3.29614,3.29995,0.003810000000000091,1087892,True
43,Background,10240,3.29884,3.29927,0.0004299999999997084,10838,True
46,Background,1024,3.30087,3.30128,0.00041000000000002146,1244,True
41,Background,1048576,3.30109,3.30453,0.0034400000000003317,1087892,True
38,Background,102400,3.30225,3.30269,0.000440000000000218,106400,True
43,Background,1024,3.30383,3.30425,0.00042000000000008697,1244,True
36,Background,10240,3.30387,3.30429,0.00042000000000008697,10838,True
42,Background,10485760,3.30495,3.53321,0.22826000000000013,10876994,True
52,Background,102400,3.3054,3.30582,0.00042000000000008697,106400,True
47,Background,102400,3.30557,3.3062,0.0006300000000001305,106400,True
44,Background,1024,3.30678,3.30713,0.0003500000000000725,1244,True
44,Background,10485760,3.30854,3.52289,0.21435000000000004,10876994,True
28,Background,1024,3.30941,3.30956,0.0001499999999996504,1244,True
39,Background,1024,3.31335,3.31351,0.00016000000000016001,1244,True
42,Background,1048576,3.31458,3.32425,0.00967000000000029,1087892,True
46,Background,10240,3.315,3.31538,0.000380000000000269,10838,True
29,Background,102400,3.31501,3.31563,0.0006200000000000649,106400,True
46,Background,102400,3.31593,3.32086,0.004930000000000323,106400,True
41,Background,1024,3.31664,3.31691,0.00026999999999999247,1244,True
33,Background,102400,3.31681,3.32202,0.005210000000000381,106400,True
47,Background,1048576,3.31692,3.34283,0.0259100000000001,1087892,True
37,Background,10240,3.3179,3.31832,0.00042000000000008697,10838,True
33,Background,102400,3.31857,3.31921,0.000640000000000196,106400,True
42,Background,10240,3.3186,3.31879,0.00018999999999991246,10838,True
37,Background,10485760,3.32132,3.50319,0.18186999999999998,10876994,True
46,Background,10240,3.32232,3.32247,0.0001500000000000945,10838,True
43,Background,10240,3.3242,3.3244,0.00019999999999997797,10838,True
47,Background,1048576,3.33032,3.33404,0.0037199999999999456,1087892,True
45,Background,10240,3.33134,3.3315,0.00016000000000016001,10838,True
42,Background,10240,3.33144,3.3316,0.00015999999999971593,10838,True
42,Background,1024,3.33298,3.33333,0.0003500000000000725,1244,True
43,Background,102400,3.3341,3.33459,0.0004900000000001015,106400,True
37,Background,10240,3.33738,3.33753,0.0001500000000000945,10838,True
40,Background,10240,3.33794,3.33829,0.0003500000000000725,10838,True
53,Background,1024,3.33799,3.33833,0.00034000000000000696,1244,True
34,Background,1048576,3.33884,3.36006,0.021220000000000017,1087892,True
47,Background,102400,3.34183,3.34627,0.0044400000000002215,106400,True
39,Background,1024,3.3423,3.34245,0.0001500000000000945,1244,True
49,Background,1024,3.34336,3.34351,0.0001500000000000945,1244,True
47,Background,1024,3.34658,3.34676,0.00018000000000029104,1244,True
34,Background,10240,3.34784,3.34828,0.0004399999999997739,10838,True
48,Background,1048576,3.3494,3.35257,0.003169999999999895,1087892,True
39,Background,10240,3.35042,3.35057,0.0001499999999996504,10838,True
50,Background,1048576,3.35805,3.36157,0.0035199999999999676,1087892,True
38,Background,102400,3.36025,3.36067,0.0004199999999996429,106400,True
38,Background,102400,3.36196,3.36626,0.0043000000000001926,106400,True
47,Background,1048576,3.36422,3.36755,0.003330000000000055,1087892,True
54,Background,102400,3.36507,3.36563,0.000560000000000116,106400,True
54,Background,10240,3.36792,3.36825,0.00033000000000038554,10838,True
35,Background,10240,3.37055,3.37072,0.00016999999999978144,10838,True
48,Background,1048576,3.3706,3.38325,0.012649999999999828,1087892,True
42,Background,102400,3.37148,3.37208,0.0005999999999999339,106400,True
40,Background,1024,3.37302,3.37333,0.0003100000000002545,1244,True
41,Background,102400,3.37493,3.38069,0.005759999999999987,106400,True
43,Background,10485760,3.37528,3.53273,0.15744999999999987,10876994,True
33,Background,10240,3.37749,3.37765,0.00016000000000016001,10838,True
41,Background,10240,3.37785,3.37829,0.0004399999999997739,10838,True
48,Background,10240,3.37838,3.37854,0.00016000000000016001,10838,True
34,Background,10240,3.38398,3.38433,0.0003499999999996284,10838,True
35,Background,102400,3.38464,3.3853,0.0006599999999998829,106400,True
38,Background,1048576,3.38739,3.39107,0.0036800000000001276,1087892,True
39,Background,102400,3.38796,3.39261,0.004649999999999821,106400,True
43,Background,1048576,3.38798,3.39199,0.004009999999999625,1087892,True
42,Background,10240,3.39038,3.39054,0.00016000000000016001,10838,True
61,Background,10240,3.39095,3.3913,0.0003500000000000725,10838,True
35,Background,102400,3.39311,3.3936,0.0004900000000001015,106400,True
48,Background,10240,3.39556,3.39573,0.00016999999999978144,10838,True
53,Background,102400,3.39771,3.40145,0.0037400000000000766,106400,True
33,Background,10240,3.3997,3.39991,0.00021000000000004349,10838,True
41,Background,1024,3.40014,3.40038,0.00024000000000024002,1244,True
40,Background,102400,3.40056,3.4012,0.0006399999999997519,106400,True
49,Background,10485760,3.40243,3.62776,0.22533000000000003,10876994,True
44,Background,102400,3.40887,3.41124,0.0023699999999999832,106400,True
45,Background,1024,3.41096,3.41131,0.0003499999999996284,1244,True
46,Background,102400,3.41157,3.41423,0.0026599999999996626,106400,True
48,Background,10485760,3.41159,3.58525,0.17365999999999993,10876994,True
41,Background,10240,3.4123,3.41245,0.0001500000000000945,10838,True
51,Background,1024,3.41375,3.41403,0.000280000000000058,1244,True
50,Background,10240,3.41387,3.41427,0.00039999999999995595,10838,True
39,Background,102400,3.41426,3.41465,0.00038999999999989043,106400,True
44,Background,102400,3.41431,3.4147,0.00038999999999989043,106400,True
46,Background,1024,3.41459,3.41474,0.0001500000000000945,1244,True
47,Background,1048576,3.41521,3.41874,0.003530000000000033,1087892,True
36,Background,1024,3.41661,3.41684,0.0002300000000001745,1244,True
51,Background,1024,3.41669,3.41712,0.0004300000000001525,1244,True
40,Background,1024,3.41785,3.41829,0.0004399999999997739,1244,True
44,Background,1024,3.41823,3.41841,0.00018000000000029104,1244,True
55,Background,10240,3.41976,3.42015,0.00038999999999989043,10838,True
39,Background,104857600,3.42217,6.68682,3.26465,108768230,True
38,Background,102400,3.42235,3.42275,0.00040000000000040004,106400,True
47,Background,102400,3.42248,3.423,0.0005199999999998539,106400,True
54,Background,10240,3.42286,3.42327,0.00041000000000002146,10838,True
42,Background,10240,3.42294,3.42331,0.0003699999999997594,10838,True
37,Background,102400,3.42527,3.42568,0.00041000000000002146,106400,True
47,Background,1048576,3.42596,3.42989,0.003929999999999989,1087892,True
49,Background,10240,3.42682,3.42729,0.00046999999999997044,10838,True
43,Background,1048576,3.42697,3.43226,0.005290000000000017,1087892,True
54,Background,10240,3.42937,3.42953,0.00016000000000016001,10838,True
45,Background,1048576,3.4316,3.44615,0.01454999999999984,1087892,True
49,Background,1048576,3.43355,3.45409,0.020540000000000003,1087892,True
62,Background,1048576,3.43467,3.4648,0.030129999999999768,1087892,True
42,Background,1024,3.43608,3.43634,0.00025999999999992696,1244,True
43,Background,10240,3.43611,3.43636,0.00024999999999986144,10838,True
42,Background,102400,3.43616,3.43664,0.00048000000000003595,106400,True
51,Background,102400,3.43653,3.43985,0.0033199999999999896,106400,True
36,Background,1048576,3.43679,3.47126,0.03447000000000022,1087892,True
44,Background,10485760,3.43712,3.5692,0.13207999999999975,10876994,True
49,Background,10240,3.44004,3.44037,0.00032999999999994145,10838,True
44,Background,102400,3.44045,3.44101,0.000560000000000116,106400,True
41,Background,102400,3.44288,3.44725,0.004369999999999763,106400,True
48,Background,1048576,3.44355,3.46404,0.020489999999999675,1087892,True
55,Background,10485760,3.44399,3.64829,0.20429999999999993,10876994,True
52,Background,1024,3.44483,3.44532,0.0004900000000001015,1244,True
52,Background,102400,3.44794,3.44877,0.0008300000000001084,106400,True
53,Background,102400,3.44878,3.45421,0.005429999999999602,106400,True
40,Background,10485760,3.44999,3.61478,0.16479,10876994,True
35,Background,1024,3.45007,3.45035,0.0002799999999996139,1244,True
43,Background,104857600,3.45089,6.56619,3.1153,108768230,True
37,Background,10240,3.45289,3.45333,0.0004399999999997739,10838,True
48,Background,102400,3.45415,3.45466,0.0005100000000002325,106400,True
38,Background,1024,3.45437,3.45452,0.0001500000000000945,1244,True
43,Background,10485760,3.45441,3.70011,0.2456999999999998,10876994,True
55,Background,1024,3.45476,3.45531,0.0005500000000000504,1244,True
43,Background,102400,3.45619,3.45663,0.000440000000000218,106400,True
30,Background,10485760,3.45647,3.65804,0.20157000000000025,10876994,True
31,Background,102400,3.45908,3.45961,0.0005299999999999194,106400,True
50,Background,102400,3.46089,3.4644,0.003509999999999902,106400,True
29,Background,10240,3.46256,3.46272,0.00016000000000016001,10838,True
40,Background,1048576,3.46394,3.49851,0.03456999999999999,1087892,True
52,Background,1048576,3.46445,3.47029,0.005840000000000067,1087892,True
42,Background,102400,3.46479,3.47202,0.007230000000000292,106400,True
36,Background,10240,3.46527,3.46545,0.00018000000000029104,10838,True
42,Background,102400,3.46597,3.46831,0.0023399999999997867,106400,True
37,Background,1024,3.46656,3.46671,0.0001500000000000945,1244,True
53,Background,102400,3.46767,3.47199,0.0043199999999998795,106400,True
34,Background,104857600,3.4698,6.78636,3.31656,108768230,True
44,Background,102400,3.47145,3.47194,0.0004900000000001015,106400,True
51,Background,10240,3.47175,3.47213,0.0003799999999998249,10838,True
45,Background,1048576,3.47346,3.48809,0.01462999999999992,1087892,True
55,Background,1048576,3.47449,3.4978,0.023309999999999942,1087892,True
38,Background,102400,3.47613,3.47662,0.0004900000000001015,106400,True
36,Background,102400,3.47646,3.47691,0.0004500000000002835,106400,True
36,Background,102400,3.47856,3.47921,0.0006500000000002615,106400,True
48,Background,10240,3.47871,3.47907,0.000360000000000138,10838,True
39,Background,10240,3.48009,3.48037,0.000280000000000058,10838,True
39,Background,102400,3.48548,3.48609,0.0006099999999999994,106400,True
46,Background,1048576,3.48634,3.49616,0.00981999999999994,1087892,True
38,Background,1024,3.48795,3.48832,0.0003699999999997594,1244,True
50,Background,1024,3.48863,3.48883,0.00019999999999997797,1244,True
37,Background,102400,3.48979,3.49902,0.009229999999999627,106400,True
52,Background,10485760,3.49037,3.68515,0.19478000000000018,10876994,True
45,Background,102400,3.49454,3.49525,0.0007099999999997664,106400,True
37,Background,1048576,3.49696,3.50061,0.003649999999999931,1087892,True
43,Background,1048576,3.49783,3.52827,0.030440000000000023,1087892,True
56,Background,1048576,3.49846,3.50623,0.007769999999999833,1087892,True
43,Background,1048576,3.50165,3.51813,0.01648000000000005,1087892,True
49,Background,1048576,3.50192,3.53328,0.03135999999999983,1087892,True
38,Background,10485760,3.50211,3.72178,0.2196699999999998,10876994,True
41,Background,1048576,3.50314,3.50705,0.003909999999999858,1087892,True
47,Background,10240,3.504,3.50441,0.00041000000000002146,10838,True
49,Background,1024,3.50572,3.50612,0.00039999999999995595,1244,True
54,Background,102400,3.50659,3.50732,0.0007299999999998974,106400,True
44,Background,1048576,3.50774,3.5423,0.034559999999999924,1087892,True
32,Background,102400,3.5111,3.51161,0.0005100000000002325,106400,True
49,Background,102400,3.51244,3.51306,0.0006200000000000649,106400,True
44,Background,10240,3.51343,3.51359,0.00016000000000016001,10838,True
41,Background,102400,3.52088,3.52371,0.002829999999999888,106400,True
55,Background,10240,3.52112,3.52139,0.00026999999999999247,10838,True
44,Background,102400,3.5222,3.52265,0.0004499999999998394,106400,True
44,Background,1048576,3.52263,3.55316,0.030530000000000168,1087892,True
56,Background,10240,3.52395,3.52432,0.0003699999999997594,10838,True
44,Background,102400,3.52521,3.52565,0.000440000000000218,106400,True
45,Background,1048576,3.52529,3.52863,0.0033400000000001207,1087892,True
45,Background,10240,3.52596,3.52635,0.00038999999999989043,10838,True
37,Background,102400,3.52637,3.5268,0.0004300000000001525,106400,True
42,Background,102400,3.52673,3.53438,0.007649999999999935,106400,True
56,Background,10240,3.52677,3.52726,0.0004900000000001015,10838,True
38,Background,10485760,3.5301,3.70984,0.1797399999999998,10876994,True
50,Background,102400,3.53081,3.53922,0.008410000000000029,106400,True
40,Background,10240,3.53149,3.53165,0.00016000000000016001,10838,True
43,Background,102400,3.53329,3.53374,0.0004499999999998394,106400,True
43,Background,102400,3.53404,3.53458,0.0005399999999999849,106400,True
38,Background,102400,3.53487,3.54125,0.006379999999999608,106400,True
33,Background,1048576,3.53517,3.53922,0.004049999999999887,1087892,True
46,Background,1024,3.53567,3.53596,0.0002900000000001235,1244,True
46,Background,1048576,3.53789,3.57027,0.03237999999999985,1087892,True
42,Background,10240,3.53803,3.53836,0.00032999999999994145,10838,True
39,Background,102400,3.5409,3.5472,0.006299999999999972,106400,True
45,Background,1048576,3.54327,3.54695,0.0036799999999996835,1087892,True
45,Background,102400,3.54699,3.5477,0.0007099999999997664,106400,True
53,Background,10240,3.54841,3.5486,0.00018999999999991246,10838,True
45,Background,102400,3.54977,3.55816,0.008389999999999898,106400,True
34,Background,1048576,3.55026,3.55379,0.003529999999999589,1087892,True
57,Background,1048576,3.55187,3.57923,0.02735999999999983,1087892,True
50,Background,10240,3.55275,3.55326,0.0005099999999997884,10838,True
57,Background,1048576,3.5535,3.55757,0.004070000000000018,1087892,True
54,Background,1024,3.55465,3.55484,0.00018999999999991246,1244,True
48,Background,10485760,3.55556,3.77087,0.2153100000000001,10876994,True
44,Background,10240,3.55585,3.55631,0.00045999999999990493,10838,True
34,Background,10240,3.55703,3.55733,0.0002999999999997449,10838,True
53,Background,1024,3.55726,3.55741,0.0001500000000000945,1244,True
46,Background,102400,3.55862,3.56224,0.0036200000000001786,106400,True
50,Background,102400,3.55993,3.56072,0.0007899999999998464,106400,True
42,Background,10240,3.56439,3.56457,0.00017999999999984695,10838,True
34,Background,10240,3.56788,3.56827,0.00038999999999989043,10838,True
56,Background,10240,3.56824,3.56839,0.0001500000000000945,10838,True
35,Background,10240,3.56847,3.56862,0.0001500000000000945,10838,True
49,Background,102400,3.56885,3.57331,0.004460000000000353,106400,True
51,Background,102400,3.57137,3.57181,0.000440000000000218,106400,True
41,Background,10240,3.57166,3.57194,0.000280000000000058,10838,True
54,Background,10240,3.572,3.5723,0.0002999999999997449,10838,True
45,Background,10240,3.57374,3.57402,0.000280000000000058,10838,True
55,Background,102400,3.57419,3.57463,0.0004399999999997739,106400,True
49,Background,102400,3.57447,3.575,0.0005300000000003635,106400,True
46,Background,10485760,3.57461,3.78106,0.20645000000000024,10876994,True
51,Background,102400,3.57541,3.57593,0.0005199999999998539,106400,True
44,Background,1024,3.57549,3.57564,0.0001500000000000945,1244,True
50,Background,10240,3.57615,3.57637,0.0002199999999996649,10838,True
30,Background,10240,3.57622,3.57639,0.00016999999999978144,10838,True
58,Background,102400,3.57628,3.57673,0.0004499999999998394,106400,True
50,Background,1048576,3.57696,3.58075,0.00378999999999996,1087892,True
55,Background,1048576,3.57761,3.58983,0.01222000000000012,1087892,True
54,Background,10240,3.57877,3.57924,0.00046999999999997044,10838,True
38,Background,102400,3.57978,3.58529,0.005510000000000126,106400,True
57,Background,1048576,3.5812,3.58466,0.0034600000000000186,1087892,True
51,Background,10240,3.58567,3.58586,0.00018999999999991246,10838,True
55,Background,1048576,3.58585,3.61772,0.03186999999999962,1087892,True
56,Background,10240,3.58618,3.5864,0.0002199999999996649,10838,True
63,Background,10240,3.58639,3.58655,0.00015999999999971593,10838,True
45,Background,1048576,3.58802,3.59146,0.0034399999999998876,1087892,True
43,Background,10240,3.58804,3.58835,0.0003100000000002545,10838,True
39,Background,10485760,3.59075,3.81425,0.22350000000000003,10876994,True
47,Background,102400,3.59108,3.59161,0.0005300000000003635,106400,True
59,Background,10240,3.59166,3.59182,0.00015999999999971593,10838,True
46,Background,1024,3.59332,3.59347,0.0001500000000000945,1244,True
50,Background,102400,3.59348,3.59404,0.000560000000000116,106400,True
40,Background,10485760,3.59708,3.78091,0.18382999999999994,10876994,True
45,Background,102400,3.59747,3.59811,0.000640000000000196,106400,True
35,Background,10240,3.59901,3.59935,0.00034000000000000696,10838,True
60,Background,1048576,3.60086,3.64122,0.040360000000000174,1087892,True
44,Background,10240,3.60218,3.6024,0.0002199999999996649,10838,True
40,Background,10240,3.60238,3.60253,0.0001499999999996504,10838,True
35,Background,10485760,3.60262,3.84293,0.24031000000000002,10876994,True
39,Background,1048576,3.60556,3.61529,0.009729999999999794,1087892,True
47,Background,1048576,3.60562,3.61679,0.011169999999999902,1087892,True
52,Background,10240,3.60574,3.6061,0.000360000000000138,10838,True
47,Background,102400,3.60586,3.60921,0.003350000000000186,106400,True
40,Background,102400,3.6084,3.609,0.0005999999999999339,106400,True
46,Background,102400,3.61131,3.6117,0.00038999999999989043,106400,True
47,Background,1048576,3.61283,3.64528,0.03244999999999987,1087892,True
45,Background,104857600,3.61608,6.85371,3.2376300000000002,108768230,True
52,Background,10240,3.61797,3.61835,0.0003799999999998249,10838,True
44,Background,10240,3.62085,3.62128,0.0004300000000001525,10838,True
58,Background,10240,3.62182,3.62225,0.0004300000000001525,10838,True
35,Background,10240,3.62361,3.62379,0.00017999999999984695,10838,True
59,Background,1048576,3.62473,3.65459,0.029859999999999776,1087892,True
44,Background,102400,3.62656,3.62715,0.0005899999999998684,106400,True
57,Background,10485760,3.6268,3.84212,0.21532000000000018,10876994,True
51,Background,10240,3.62706,3.62735,0.0002899999999996794,10838,True
55,Background,1048576,3.62725,3.63075,0.0034999999999998366,1087892,True
41,Background,1048576,3.62749,3.63531,0.00782000000000016,1087892,True
39,Background,1048576,3.62997,3.63371,0.0037400000000000766,1087892,True
36,Background,10240,3.6302,3.6304,0.00019999999999997797,10838,True
42,Background,10240,3.63035,3.6305,0.0001500000000000945,10838,True
56,Background,102400,3.63075,3.63916,0.008410000000000029,106400,True
39,Background,10240,3.63194,3.63231,0.0003699999999997594,10838,True
36,Background,1048576,3.63206,3.63567,0.003610000000000113,1087892,True
48,Background,1024,3.63234,3.63249,0.0001500000000000945,1244,True
46,Background,102400,3.63373,3.63707,0.0033400000000001207,106400,True
64,Background,1024,3.63387,3.63432,0.0004500000000002835,1244,True
44,Background,10240,3.63399,3.63437,0.000380000000000269,10838,True
42,Background,10240,3.63432,3.63448,0.00015999999999971593,10838,True
47,Background,102400,3.63568,3.63927,0.003589999999999982,106400,True
48,Background,10240,3.63645,3.63661,0.00016000000000016001,10838,True
56,Background,102400,3.63739,3.63778,0.00038999999999989043,106400,True
39,Background,1048576,3.64014,3.64362,0.0034799999999997056,1087892,True
41,Background,1024,3.64066,3.64099,0.00032999999999994145,1244,True
36,Background,10240,3.64095,3.64134,0.00038999999999989043,10838,True
57,Background,10485760,3.64128,3.82073,0.1794500000000001,10876994,True
45,Background,10240,3.64169,3.64227,0.0005799999999998029,10838,True
49,Background,1048576,3.64303,3.64628,0.003249999999999975,1087892,True
45,Background,10240,3.64505,3.64536,0.0003100000000002545,10838,True
41,Background,1024,3.64699,3.64732,0.00032999999999994145,1244,True
52,Background,1048576,3.64714,3.65072,0.0035800000000003607,1087892,True
41,Background,102400,3.64717,3.64762,0.0004499999999998394,106400,True
53,Background,1048576,3.64811,3.65222,0.004109999999999836,1087892,True
45,Background,1024,3.64897,3.64937,0.00039999999999995595,1244,True
40,Background,1048576,3.65143,3.6552,0.003769999999999829,1087892,True
40,Background,102400,3.65609,3.65658,0.0004900000000001015,106400,True
36,Background,10240,3.65625,3.65641,0.00016000000000016001,10838,True
46,Background,10485760,3.65826,3.79521,0.13695000000000013,10876994,True
48,Background,102400,3.65868,3.65932,0.000640000000000196,106400,True
56,Background,102400,3.65893,3.66221,0.0032800000000001717,106400,True
42,Background,1024,3.65934,3.65949,0.0001500000000000945,1244,True
46,Background,1048576,3.66036,3.66499,0.004630000000000134,1087892,True
61,Background,102400,3.66225,3.66267,0.00042000000000008697,106400,True
41,Background,102400,3.66612,3.66661,0.0004900000000001015,106400,True
39,Background,1048576,3.67566,3.70113,0.02546999999999988,1087892,True
46,Background,102400,3.6769,3.68122,0.004320000000000324,106400,True
47,Background,102400,3.67803,3.67856,0.0005299999999999194,106400,True
38,Background,10240,3.67848,3.67863,0.0001500000000000945,10838,True
51,Background,1048576,3.67871,3.70579,0.02707999999999977,1087892,True
58,Background,10485760,3.67934,3.86326,0.18392000000000008,10876994,True
43,Background,102400,3.68054,3.6811,0.0005599999999996719,106400,True
41,Background,102400,3.68078,3.6819,0.001120000000000232,106400,True
31,Background,10240,3.68137,3.68153,0.00016000000000016001,10838,True
47,Background,10240,3.68193,3.68228,0.0003500000000000725,10838,True
60,Background,1024,3.68303,3.68334,0.00030999999999981043,1244,True
45,Background,102400,3.68346,3.68394,0.00048000000000003595,106400,True
32,Background,102400,3.68557,3.68617,0.000600000000000378,106400,True
43,Background,102400,3.68857,3.68922,0.0006500000000002615,106400,True
49,Background,102400,3.69132,3.69171,0.00038999999999989043,106400,True
40,Background,102400,3.69189,3.69625,0.0043600000000001415,106400,True
57,Background,10240,3.69305,3.69335,0.000300000000000189,10838,True
48,Background,10240,3.69586,3.69621,0.0003500000000000725,10838,True
33,Background,1048576,3.69738,3.70067,0.003290000000000237,1087892,True
52,Background,1024,3.69814,3.69838,0.00023999999999979593,1244,True
50,Background,10240,3.69874,3.69906,0.00031999999999987594,10838,True
42,Background,10240,3.69945,3.6996,0.0001500000000000945,10838,True
62,Background,102400,3.69974,3.70298,0.0032400000000003537,106400,True
53,Background,102400,3.70134,3.70174,0.00039999999999995595,106400,True
47,Background,10240,3.70207,3.70234,0.00026999999999999247,10838,True
49,Background,104857600,3.70363,6.99026,3.28663,108768230,True
51,Background,102400,3.70424,3.70465,0.00041000000000002146,106400,True
53,Background,1048576,3.70585,3.73432,0.028469999999999995,1087892,True
48,Background,1024,3.70701,3.70732,0.0003100000000002545,1244,True
37,Background,10240,3.70872,3.70923,0.0005099999999997884,10838,True
42,Background,10240,3.70895,3.70931,0.0003599999999996939,10838,True
42,Background,10240,3.70935,3.70951,0.00015999999999971593,10838,True
43,Background,1024,3.70936,3.70952,0.00015999999999971593,1244,True
48,Background,104857600,3.71248,7.27929,3.56681,108768230,True
43,Background,1048576,3.71499,3.71833,0.0033400000000001207,1087892,True
50,Background,102400,3.71859,3.71923,0.000640000000000196,106400,True
54,Background,1048576,3.71862,3.72602,0.007400000000000073,1087892,True
50,Background,1048576,3.72071,3.74891,0.028200000000000003,1087892,True
42,Background,1024,3.7215,3.72166,0.00016000000000016001,1244,True
41,Background,102400,3.72163,3.72426,0.00262999999999991,106400,True
36,Background,102400,3.72306,3.72357,0.0005100000000002325,106400,True
48,Background,102400,3.72398,3.72489,0.0009099999999997443,106400,True
43,Background,1024,3.72423,3.72439,0.00016000000000016001,1244,True
52,Background,1048576,3.72481,3.75207,0.027259999999999618,1087892,True
51,Background,1024,3.72594,3.72629,0.0003500000000000725,1244,True
59,Background,1024,3.72642,3.72657,0.0001500000000000945,1244,True
41,Background,102400,3.72655,3.72709,0.0005399999999999849,106400,True
40,Background,102400,3.72785,3.73133,0.0034799999999997056,106400,True
38,Background,102400,3.72865,3.72992,0.0012699999999998823,106400,True
46,Background,10240,3.72884,3.72928,0.000440000000000218,10838,True
49,Background,1048576,3.73006,3.73369,0.003630000000000244,1087892,True
40,Background,10240,3.73052,3.73079,0.00026999999999999247,10838,True
46,Background,102400,3.73119,3.73165,0.000460000000000349,106400,True
61,Background,102400,3.7314,3.73179,0.0003900000000003345,106400,True
43,Background,102400,3.7319,3.73629,0.004389999999999894,106400,True
51,Background,1048576,3.73483,3.75903,0.0242,1087892,True
42,Background,1024,3.73513,3.73538,0.00025000000000030553,1244,True
43,Background,1024,3.73572,3.736,0.000280000000000058,1244,True
37,Background,10240,3.73619,3.73637,0.00017999999999984695,10838,True
56,Background,10240,3.73689,3.73728,0.0003900000000003345,10838,True
37,Background,1048576,3.73692,3.76914,0.03222000000000014,1087892,True
39,Background,10240,3.73784,3.73828,0.000440000000000218,10838,True
40,Background,10240,3.73988,3.74028,0.00039999999999995595,10838,True
51,Background,1048576,3.74168,3.77525,0.0335700000000001,1087892,True
55,Background,1024,3.74176,3.74227,0.0005099999999997884,1244,True
57,Background,102400,3.74298,3.74391,0.0009299999999998754,106400,True
43,Background,1048576,3.74433,3.74916,0.004829999999999668,1087892,True
54,Background,10240,3.74444,3.74461,0.00017000000000022553,10838,True
49,Background,1024,3.74461,3.745,0.00038999999999989043,1244,True
46,Background,102400,3.74515,3.74562,0.00046999999999997044,106400,True
47,Background,10240,3.74705,3.74735,0.0002999999999997449,10838,True
44,Background,1024,3.74773,3.74806,0.00033000000000038554,1244,True
46,Background,1024,3.74775,3.7481,0.0003500000000000725,1244,True
52,Background,102400,3.74876,3.75524,0.006480000000000263,106400,True
49,Background,102400,3.7521,3.75261,0.0005099999999997884,106400,True
57,Background,1048576,3.75303,3.75679,0.0037600000000002076,1087892,True
47,Background,10240,3.7539,3.75434,0.000440000000000218,10838,True
55,Background,10240,3.75473,3.75501,0.000280000000000058,10838,True
37,Background,1048576,3.75679,3.77205,0.015260000000000051,1087892,True
44,Background,1048576,3.75694,3.78003,0.023089999999999833,1087892,True
53,Background,10240,3.75735,3.7575,0.0001499999999996504,10838,True
41,Background,102400,3.76228,3.76267,0.00038999999999989043,106400,True
49,Background,10240,3.76278,3.76319,0.00041000000000002146,10838,True
58,Background,1024,3.76317,3.76339,0.0002199999999996649,1244,True
50,Background,10240,3.7637,3.76405,0.0003500000000000725,10838,True
58,Background,102400,3.76502,3.76556,0.0005399999999999849,106400,True
60,Background,102400,3.7652,3.76562,0.00042000000000008697,106400,True
45,Background,1048576,3.76653,3.78993,0.023400000000000087,1087892,True
50,Background,10485760,3.76896,3.94978,0.1808200000000002,10876994,True
44,Background,1048576,3.77099,3.77935,0.008360000000000145,1087892,True
51,Background,102400,3.77154,3.77514,0.0036000000000000476,106400,True
52,Background,10240,3.77233,3.77248,0.0001499999999996504,10838,True
43,Background,10240,3.77266,3.77284,0.00017999999999984695,10838,True
53,Background,10485760,3.77336,3.92426,0.15090000000000003,10876994,True
47,Background,104857600,3.77362,7.20567,3.4320499999999994,108768230,True
44,Background,102400,3.77597,3.77671,0.0007399999999999629,106400,True
43,Background,102400,3.77621,3.77663,0.00042000000000008697,106400,True
38,Background,102400,3.77622,3.77664,0.00042000000000008697,106400,True
52,Background,102400,3.77735,3.77781,0.00045999999999990493,106400,True
51,Background,1048576,3.77753,3.79171,0.014180000000000081,1087892,True
47,Background,10240,3.77934,3.7795,0.00016000000000016001,10838,True
61,Background,10240,3.7805,3.78087,0.0003700000000002035,10838,True
44,Background,1048576,3.78135,3.78997,0.008619999999999628,1087892,True
54,Background,10240,3.78262,3.78294,0.00031999999999987594,10838,True
41,Background,104857600,3.78344,7.12273,3.3392899999999996,108768230,True
47,Background,102400,3.7844,3.7848,0.00039999999999995595,106400,True
58,Background,104857600,3.78477,7.34919,3.56442,108768230,True
56,Background,1048576,3.78562,3.81807,0.03244999999999987,1087892,True
48,Background,10240,3.7859,3.78631,0.00041000000000002146,10838,True
41,Background,102400,3.78724,3.78763,0.00038999999999989043,106400,True
58,Background,1024,3.78831,3.78847,0.00015999999999971593,1244,True
48,Background,1024,3.78906,3.78934,0.000280000000000058,1244,True
45,Background,1024,3.79165,3.79181,0.00015999999999971593,1244,True
50,Background,10240,3.79415,3.79436,0.00021000000000004349,10838,True
55,Background,102400,3.79486,3.80226,0.007400000000000073,106400,True
45,Background,1024,3.79531,3.79546,0.0001499999999996504,1244,True
56,Background,102400,3.79679,3.80271,0.005919999999999703,106400,True
49,Background,102400,3.79971,3.80466,0.00495000000000001,106400,True
59,Background,10240,3.80217,3.80238,0.00021000000000004349,10838,True
65,Background,10240,3.80225,3.8024,0.0001500000000000945,10838,True
44,Background,102400,3.80229,3.80268,0.00038999999999989043,106400,True
38,Background,102400,3.80565,3.81032,0.004669999999999952,106400,True
51,Background,10240,3.8068,3.80724,0.000440000000000218,10838,True
48,Background,10240,3.80721,3.8074,0.00018999999999991246,10838,True
48,Background,10240,3.80764,3.80783,0.00018999999999991246,10838,True
57,Background,10485760,3.80928,4.03366,0.22438000000000002,10876994,True
56,Background,1048576,3.80987,3.83425,0.024379999999999846,1087892,True
47,Background,1024,3.81004,3.81039,0.0003500000000000725,1244,True
44,Background,10240,3.81034,3.81049,0.0001500000000000945,10838,True
59,Background,102400,3.81159,3.81232,0.0007300000000003415,106400,True
39,Background,102400,3.81172,3.81778,0.006059999999999732,106400,True
52,Background,10240,3.81294,3.81331,0.0003699999999997594,10838,True
54,Background,102400,3.81422,3.81463,0.00041000000000002146,106400,True
53,Background,10240,3.81476,3.81522,0.00045999999999990493,10838,True
49,Background,10240,3.81571,3.81622,0.0005099999999997884,10838,True
37,Background,10240,3.81632,3.81647,0.0001499999999996504,10838,True
46,Background,1048576,3.8177,3.84892,0.031220000000000248,1087892,True
44,Background,102400,3.81845,3.81909,0.000640000000000196,106400,True
46,Background,1048576,3.81883,3.84926,0.030429999999999957,1087892,True
46,Background,1024,3.81923,3.81939,0.00015999999999971593,1244,True
53,Background,102400,3.81924,3.81963,0.00038999999999989043,106400,True
50,Background,1048576,3.81928,3.82225,0.002969999999999917,1087892,True
58,Background,10240,3.81977,3.82,0.00022999999999973042,10838,True
39,Background,10240,3.82013,3.82038,0.00025000000000030553,10838,True
48,Background,1048576,3.82263,3.84789,0.025259999999999838,1087892,True
59,Background,104857600,3.82486,7.37144,3.5465799999999996,108768230,True
49,Background,102400,3.82535,3.82574,0.0003900000000003345,106400,True
57,Background,102400,3.82647,3.83059,0.0041199999999999015,106400,True
45,Background,102400,3.82662,3.83435,0.007730000000000015,106400,True
39,Background,10240,3.82776,3.82816,0.00039999999999995595,10838,True
57,Background,1048576,3.82819,3.83162,0.003429999999999822,1087892,True
62,Background,102400,3.82851,3.82914,0.0006300000000001305,106400,True
46,Background,10485760,3.82885,4.07947,0.2506199999999996,10876994,True
63,Background,104857600,3.83223,7.10825,3.27602,108768230,True
53,Background,1024,3.83327,3.83343,0.00015999999999971593,1244,True
59,Background,10485760,3.83635,4.11034,0.27398999999999996,10876994,True
51,Background,104857600,3.83646,7.42942,3.59296,108768230,True
48,Background,10485760,3.83895,4.06811,0.2291599999999998,10876994,True
50,Background,102400,3.84021,3.84065,0.000440000000000218,106400,True
46,Background,1048576,3.84051,3.85726,0.016750000000000043,1087892,True
38,Background,1048576,3.84077,3.86549,0.024719999999999853,1087892,True
39,Background,102400,3.84233,3.84283,0.000500000000000167,106400,True
52,Background,10240,3.84368,3.84401,0.00032999999999994145,10838,True
48,Background,1048576,3.84389,3.87726,0.03337000000000012,1087892,True
58,Background,10240,3.84467,3.84503,0.000360000000000138,10838,True
59,Background,1024,3.84472,3.84515,0.0004299999999997084,1244,True
52,Background,104857600,3.84933,7.2198,3.37047,108768230,True
50,Background,10240,3.85004,3.85038,0.00034000000000000696,10838,True
49,Background,1024,3.85026,3.85044,0.00017999999999984695,1244,True
60,Background,1048576,3.85195,3.85616,0.004210000000000047,1087892,True
59,Background,1048576,3.85251,3.87846,0.025949999999999918,1087892,True
51,Background,102400,3.85408,3.8546,0.0005199999999998539,106400,True
66,Background,1024,3.8546,3.85477,0.00016999999999978144,1244,True
53,Background,102400,3.85689,3.86225,0.005360000000000031,106400,True
51,Background,102400,3.85847,3.85901,0.0005399999999999849,106400,True
45,Background,1048576,3.85954,3.8773,0.017759999999999998,1087892,True
40,Background,10240,3.86139,3.86155,0.00015999999999971593,10838,True
52,Background,1024,3.86264,3.8629,0.00025999999999992696,1244,True
54,Background,1024,3.86434,3.8645,0.00016000000000016001,1244,True
34,Background,102400,3.86438,3.86477,0.00038999999999989043,106400,True
35,Background,102400,3.86704,3.86758,0.0005399999999999849,106400,True
50,Background,1048576,3.86911,3.87265,0.0035400000000000986,1087892,True
45,Background,10485760,3.87025,4.10326,0.23300999999999972,10876994,True
54,Background,102400,3.871,3.87163,0.0006300000000001305,106400,True
60,Background,1048576,3.87234,3.87569,0.003350000000000186,1087892,True
67,Background,10485760,3.87334,4.10554,0.23220000000000063,10876994,True
54,Background,10485760,3.87421,4.07121,0.19699999999999962,10876994,True
38,Background,10240,3.87542,3.87557,0.0001500000000000945,10838,True
54,Background,102400,3.88029,3.88069,0.00039999999999995595,106400,True
41,Background,1048576,3.88041,3.90098,0.0205700000000002,1087892,True
42,Background,1048576,3.88118,3.88573,0.004550000000000054,1087892,True
57,Background,102400,3.88192,3.88478,0.0028600000000000847,106400,True
60,Background,1024,3.88212,3.88239,0.00026999999999999247,1244,True
45,Background,102400,3.88242,3.88283,0.00040999999999957737,106400,True
47,Background,102400,3.88242,3.88283,0.00040999999999957737,106400,True
58,Background,1024,3.88323,3.88341,0.00017999999999984695,1244,True
49,Background,102400,3.88388,3.88728,0.0034000000000000696,106400,True
40,Background,102400,3.88422,3.88466,0.0004399999999997739,106400,True
52,Background,102400,3.88496,3.88572,0.0007600000000000939,106400,True
47,Background,1024,3.88585,3.88625,0.00039999999999995595,1244,True
48,Background,102400,3.89043,3.89095,0.000520000000000298,106400,True
40,Background,102400,3.89142,3.89202,0.0005999999999999339,106400,True
48,Background,102400,3.89293,3.89385,0.000920000000000254,106400,True
46,Background,102400,3.89297,3.89388,0.0009099999999997443,106400,True
49,Background,10485760,3.89387,4.19551,0.30163999999999946,10876994,True
51,Background,102400,3.89427,3.89466,0.00038999999999989043,106400,True
60,Background,1048576,3.89477,3.92309,0.028320000000000345,1087892,True
42,Background,102400,3.89692,3.90129,0.004369999999999763,106400,True
55,Background,1048576,3.90079,3.94371,0.042919999999999625,1087892,True
40,Background,102400,3.90111,3.90162,0.0005099999999997884,106400,True
50,Background,102400,3.90208,3.90259,0.0005099999999997884,106400,True
49,Background,1024,3.90257,3.9028,0.0002300000000001745,1244,True
50,Background,1024,3.90406,3.90434,0.000280000000000058,1244,True
53,Background,1048576,3.90494,3.90885,0.003910000000000302,1087892,True
55,Background,10240,3.90511,3.90537,0.00025999999999992696,10838,True
45,Background,10240,3.90711,3.90739,0.000280000000000058,10838,True
49,Background,1024,3.90879,3.90915,0.0003599999999996939,1244,True
53,Background,1048576,3.90895,3.94107,0.032119999999999926,1087892,True
55,Background,1048576,3.90954,3.9281,0.018560000000000354,1087892,True
48,Background,10240,3.90991,3.91034,0.0004300000000001525,10838,True
56,Background,1048576,3.91078,3.94233,0.03155000000000019,1087892,True
48,Background,1048576,3.91088,3.93578,0.0248999999999997,1087892,True
58,Background,102400,3.9109,3.91508,0.004180000000000295,106400,True
39,Background,10485760,3.91199,4.21074,0.2987500000000005,10876994,True
55,Background,102400,3.912,3.91291,0.0009100000000001884,106400,True
41,Background,102400,3.91281,3.9158,0.002990000000000048,106400,True
43,Background,102400,3.91475,3.9213,0.006549999999999834,106400,True
51,Background,1048576,3.91587,3.94525,0.029380000000000184,1087892,True
52,Background,1024,3.91727,3.91743,0.00016000000000016001,1244,True
63,Background,1048576,3.91839,3.92304,0.004649999999999821,1087892,True
49,Background,10240,3.91882,3.91932,0.0004999999999997229,10838,True
59,Background,104857600,3.92081,7.47291,3.5521,108768230,True
47,Background,102400,3.92146,3.92212,0.0006599999999998829,106400,True
44,Background,102400,3.92765,3.93225,0.0045999999999999375,106400,True
61,Background,102400,3.92809,3.92862,0.0005299999999999194,106400,True
42,Background,1048576,3.92829,3.93254,0.004249999999999865,1087892,True
45,Background,1048576,3.93027,3.93393,0.0036599999999999966,1087892,True
46,Background,10240,3.93058,3.93075,0.00017000000000022553,10838,True
60,Background,1048576,3.93238,3.94413,0.011749999999999705,1087892,True
51,Background,102400,3.93271,3.93821,0.00550000000000006,106400,True
43,Background,10485760,3.93287,4.25226,0.31938999999999984,10876994,True
58,Background,10240,3.93338,3.93354,0.00015999999999971593,10838,True
56,Background,10240,3.9343,3.93446,0.00016000000000016001,10838,True
44,Background,102400,3.9344,3.93501,0.0006099999999999994,106400,True
46,Background,1048576,3.93573,3.96279,0.027060000000000084,1087892,True
46,Background,10240,3.93587,3.93626,0.00038999999999989043,10838,True
52,Background,1024,3.936,3.93634,0.00034000000000000696,1244,True
42,Background,102400,3.93839,3.93879,0.00039999999999995595,106400,True
53,Background,10240,3.93846,3.93862,0.00015999999999971593,10838,True
56,Background,1024,3.93961,3.93978,0.00016999999999978144,1244,True
54,Background,10240,3.94097,3.94135,0.0003799999999998249,10838,True
64,Background,1024,3.94424,3.94441,0.00016999999999978144,1244,True
60,Background,102400,3.94629,3.94668,0.0003900000000003345,106400,True
53,Background,1024,3.94734,3.94749,0.0001500000000000945,1244,True
47,Background,1048576,3.94796,3.98294,0.03498000000000001,1087892,True
41,Background,1024,3.94994,3.95032,0.000380000000000269,1244,True
61,Background,102400,3.95314,3.95362,0.00048000000000003595,106400,True
48,Background,1024,3.95452,3.95471,0.00018999999999991246,1244,True
50,Background,102400,3.95512,3.95562,0.000500000000000167,106400,True
40,Background,10240,3.95748,3.95764,0.00016000000000016001,10838,True
54,Background,10240,3.95796,3.95835,0.00038999999999989043,10838,True
44,Background,10240,3.95885,3.9593,0.0004499999999998394,10838,True
55,Background,1048576,3.95921,3.96486,0.005649999999999711,1087892,True
61,Background,104857600,3.96149,7.47233,3.5108400000000004,108768230,True
57,Background,10240,3.96176,3.96227,0.0005100000000002325,10838,True
43,Background,102400,3.96187,3.96564,0.003770000000000273,106400,True
47,Background,1048576,3.9624,3.97427,0.011870000000000047,1087892,True
45,Background,10240,3.96282,3.96333,0.0005100000000002325,10838,True
45,Background,102400,3.96289,3.96636,0.003470000000000084,106400,True
62,Background,102400,3.96333,3.96372,0.00038999999999989043,106400,True
50,Background,1024,3.96527,3.96543,0.00016000000000016001,1244,True
61,Background,10240,3.96533,3.96549,0.00016000000000016001,10838,True
58,Background,1048576,3.96578,4.00801,0.042229999999999546,1087892,True
59,Background,10240,3.96632,3.96647,0.0001500000000000945,10838,True
68,Background,1048576,3.96687,4.00731,0.040440000000000254,1087892,True
121,Incast,1024,3.96707,3.96726,0.00018999999999991246,1132,False
120,Incast,10240,3.96707,3.96745,0.0003799999999998249,10726,False
151,Incast,1024,3.96707,3.96737,0.0002999999999997449,1132,False
186,Incast,10240,3.96707,3.96778,0.0007099999999997664,10726,False
150,Incast,10240,3.96707,3.96744,0.0003699999999997594,10726,False
119,Incast,10240,3.96707,3.9673,0.00022999999999973042,10726,False
163,Incast,10485760,3.96707,4.29392,0.32684999999999986,10876882,False
164,Incast,102400,3.96707,3.97292,0.005849999999999689,106288,False
165,Incast,10240,3.96707,3.96803,0.0009600000000000719,10726,False
166,Incast,102400,3.96707,3.96799,0.0009199999999998099,106288,False
167,Incast,102400,3.96707,3.96988,0.002809999999999757,106288,False
149,Incast,1024,3.96707,3.96739,0.00031999999999987594,1132,False
148,Incast,1024,3.96707,3.96727,0.00019999999999997797,1132,False
152,Incast,1048576,3.96707,3.98397,0.016899999999999693,1087780,False
153,Incast,102400,3.96707,3.97337,0.006299999999999972,106288,False
155,Incast,102400,3.96707,3.97077,0.0036999999999998145,106288,False
134,Incast,10240,3.96707,3.96799,0.0009199999999998099,10726,False
129,Incast,1048576,3.96707,3.99155,0.024480000000000057,1087780,False
126,Incast,10240,3.96707,3.9675,0.0004299999999997084,10726,False
125,Incast,102400,3.96707,3.96924,0.0021700000000000053,106288,False
124,Incast,1024,3.96707,3.96735,0.000280000000000058,1132,False
162,Incast,1048576,3.96707,4.01025,0.043179999999999996,1087780,False
161,Incast,102400,3.96707,3.976,0.008929999999999882,106288,False
154,Incast,1024,3.96707,3.96727,0.00019999999999997797,1132,False
123,Incast,1048576,3.96707,4.00742,0.040349999999999664,1087780,False
160,Incast,1048576,3.96707,4.00878,0.04170999999999969,1087780,False
159,Incast,1048576,3.96707,3.99586,0.02878999999999987,1087780,False
158,Incast,1024,3.96707,3.9673,0.00022999999999973042,1132,False
157,Incast,104857600,3.96707,7.3583,3.3912299999999997,108768118,False
156,Incast,10240,3.96707,3.96732,0.00024999999999986144,10726,False
128,Incast,102400,3.96707,3.9702,0.003130000000000077,106288,False
122,Incast,10240,3.96707,3.96725,0.00017999999999984695,10726,False
118,Incast,102400,3.96707,3.97226,0.005189999999999806,106288,False
147,Incast,1048576,3.96707,4.00733,0.04025999999999952,1087780,False
130,Incast,102400,3.96707,3.97104,0.003969999999999807,106288,False
136,Incast,1048576,3.96707,4.01111,0.0440400000000003,1087780,False
135,Incast,102400,3.96707,3.97334,0.006269999999999776,106288,False
171,Incast,1024,3.96707,3.96731,0.00023999999999979593,1132,False
172,Incast,1024,3.96707,3.96731,0.00023999999999979593,1132,False
173,Incast,1048576,3.96707,4.00306,0.03598999999999952,1087780,False
174,Incast,10240,3.96707,3.96782,0.0007500000000000284,10726,False
175,Incast,1048576,3.96707,3.99704,0.029970000000000052,1087780,False
176,Incast,10240,3.96707,3.9676,0.0005299999999999194,10726,False
177,Incast,10240,3.96707,3.96758,0.0005099999999997884,10726,False
178,Incast,10240,3.96707,3.96786,0.0007899999999998464,10726,False
179,Incast,10240,3.96707,3.96744,0.0003699999999997594,10726,False
180,Incast,10240,3.96707,3.96745,0.0003799999999998249,10726,False
181,Incast,10485760,3.96707,4.19201,0.2249399999999997,10876882,False
182,Incast,1048576,3.96707,4.00116,0.03408999999999951,1087780,False
183,Incast,10240,3.96707,3.96767,0.0005999999999999339,10726,False
146,Incast,1024,3.96707,3.96727,0.00019999999999997797,1132,False
184,Incast,1024,3.96707,3.96733,0.00025999999999992696,1132,False
137,Incast,10240,3.96707,3.96729,0.000220000000000109,10726,False
139,Incast,10240,3.96707,3.9676,0.0005299999999999194,10726,False
131,Incast,1048576,3.96707,3.99826,0.03119000000000005,1087780,False
168,Incast,10240,3.96707,3.96739,0.00031999999999987594,10726,False
169,Incast,10485760,3.96707,4.22801,0.26094000000000017,10876882,False
170,Incast,10485760,3.96707,4.20812,0.24105,10876882,False
145,Incast,102400,3.96707,3.96807,0.0009999999999998899,106288,False
144,Incast,102400,3.96707,3.96964,0.002569999999999961,106288,False
143,Incast,102400,3.96707,3.9703,0.003229999999999844,106288,False
138,Incast,1048576,3.96707,3.99813,0.031060000000000088,1087780,False
142,Incast,102400,3.96707,3.97015,0.0030799999999997496,106288,False
132,Incast,10240,3.96707,3.96788,0.0008099999999999774,10726,False
185,Incast,10240,3.96707,3.96747,0.00039999999999995595,10726,False
141,Incast,10240,3.96707,3.96739,0.00031999999999987594,10726,False
140,Incast,1048576,3.96707,4.0032,0.03612999999999955,1087780,False
127,Incast,1024,3.96707,3.96728,0.00021000000000004349,1132,False
69,Background,102400,3.97092,3.97701,0.006089999999999929,106400,True
64,Background,104857600,3.9722,7.5739,3.6017,108768230,True
48,Background,10240,3.9765,3.97665,0.0001499999999996504,10838,True
62,Background,102400,3.97767,3.98142,0.003750000000000142,106400,True
42,Background,1048576,3.9794,3.98388,0.0044800000000000395,1087892,True
53,Background,1024,3.98374,3.98421,0.00046999999999997044,1244,True
51,Background,1048576,3.98383,4.01191,0.028080000000000105,1087892,True
63,Background,10240,3.98514,3.98543,0.0002900000000001235,10838,True
50,Background,102400,3.98813,3.98868,0.0005500000000000504,106400,True
52,Background,1024,3.98841,3.98856,0.0001500000000000945,1244,True
54,Background,1048576,3.98942,3.99892,0.009500000000000064,1087892,True
47,Background,102400,3.99128,3.99176,0.00048000000000003595,106400,True
47,Background,1048576,3.99156,4.0262,0.034640000000000004,1087892,True
47,Background,1048576,3.99246,3.9973,0.0048400000000001775,1087892,True
48,Background,10240,3.99361,3.99382,0.00021000000000004349,10838,True
63,Background,104857600,3.99395,7.62613,3.63218,108768230,True
52,Background,102400,3.99801,3.99863,0.0006200000000000649,106400,True
51,Background,1024,3.99887,3.99935,0.00048000000000003595,1244,True
55,Background,1048576,3.99904,4.00415,0.00511000000000017,1087892,True
49,Background,1024,3.99982,4.00036,0.0005399999999995408,1244,True
60,Background,10240,4.00176,4.00226,0.0004999999999997229,10838,True
53,Background,102400,4.00177,4.00731,0.0055400000000007665,106400,True
48,Background,1048576,4.00259,4.03888,0.036290000000000155,1087892,True
55,Background,1024,4.00513,4.00541,0.000280000000000058,1244,True
50,Background,10240,4.00514,4.00542,0.000280000000000058,10838,True
62,Background,1024,4.00583,4.00632,0.0004900000000001015,1244,True
54,Background,102400,4.00605,4.00664,0.0005899999999998684,106400,True
46,Background,10240,4.00993,4.01034,0.00041000000000046555,10838,True
62,Background,10240,4.01003,4.01037,0.0003399999999995629,10838,True
48,Background,1048576,4.01239,4.01767,0.005279999999999951,1087892,True
41,Background,10240,4.01298,4.01338,0.00039999999999995595,10838,True
46,Background,10240,4.01428,4.01447,0.00018999999999991246,10838,True
56,Background,10485760,4.01428,4.25428,0.23999999999999932,10876994,True
65,Background,104857600,4.01632,7.50439,3.4880699999999996,108768230,True
49,Background,10240,4.01779,4.0183,0.0005100000000002325,10838,True
43,Background,102400,4.01834,4.01887,0.0005299999999994753,106400,True
56,Background,102400,4.01841,4.01903,0.0006199999999996209,106400,True
56,Background,1024,4.01866,4.01911,0.0004500000000007276,1244,True
62,Background,10485760,4.02285,4.3384,0.31555,10876994,True
65,Background,104857600,4.02347,7.70319,3.6797200000000005,108768230,True
51,Background,102400,4.02394,4.02788,0.003940000000000055,106400,True
63,Background,1024,4.02489,4.02533,0.000440000000000218,1244,True
42,Background,1024,4.02526,4.02545,0.00018999999999991246,1244,True
48,Background,102400,4.02709,4.02762,0.0005299999999994753,106400,True
43,Background,104857600,4.02731,7.5997,3.5723900000000004,108768230,True
42,Background,1048576,4.02892,4.06461,0.03568999999999978,1087892,True
49,Background,10485760,4.03094,4.37137,0.34042999999999957,10876994,True
53,Background,10240,4.03556,4.03572,0.00016000000000016001,10838,True
54,Background,1024,4.03677,4.03723,0.000460000000000349,1244,True
49,Background,1024,4.03679,4.03727,0.00048000000000048004,1244,True
45,Background,104857600,4.03765,7.59874,3.56109,108768230,True
61,Background,102400,4.03959,4.04035,0.000760000000000538,106400,True
64,Background,1048576,4.03974,4.07065,0.03090999999999955,1087892,True
50,Background,1024,4.04069,4.04091,0.0002200000000005531,1244,True
44,Background,10240,4.04071,4.04097,0.00025999999999992696,10838,True
54,Background,10240,4.04326,4.04344,0.00018000000000029104,10838,True
51,Background,1024,4.04425,4.04444,0.00018999999999991246,1244,True
44,Background,10485760,4.04563,4.35556,0.3099299999999996,10876994,True
60,Background,10240,4.05225,4.05245,0.00020000000000042206,10838,True
50,Background,102400,4.05401,4.05462,0.0006099999999999994,106400,True
36,Background,1048576,4.05404,4.05781,0.003770000000000273,1087892,True
41,Background,10485760,4.05435,4.26732,0.21296999999999944,10876994,True
42,Background,10240,4.05556,4.05572,0.00016000000000016001,10838,True
57,Background,102400,4.05762,4.05859,0.0009699999999996933,106400,True
54,Background,1024,4.06446,4.06461,0.0001499999999996504,1244,True
52,Background,1024,4.06446,4.06461,0.0001499999999996504,1244,True
63,Background,10240,4.06503,4.0654,0.0003700000000002035,10838,True
49,Background,10240,4.06741,4.06756,0.0001500000000005386,10838,True
50,Background,102400,4.06802,4.06862,0.000600000000000378,106400,True
42,Background,1048576,4.06955,4.08806,0.018510000000000026,1087892,True
51,Background,1048576,4.07228,4.07604,0.0037599999999997635,1087892,True
61,Background,10240,4.07302,4.07339,0.0003700000000002035,10838,True
47,Background,102400,4.0755,4.07605,0.0005500000000004945,106400,True
66,Background,102400,4.08073,4.0821,0.0013699999999996493,106400,True
43,Background,1024,4.08081,4.08121,0.00039999999999995595,1244,True
48,Background,10485760,4.08348,4.31268,0.22920000000000051,10876994,True
51,Background,1048576,4.08381,4.13474,0.05093000000000014,1087892,True
46,Background,10485760,4.08547,4.37515,0.2896799999999997,10876994,True
49,Background,1024,4.08662,4.08677,0.0001499999999996504,1244,True
49,Background,102400,4.08727,4.08768,0.00040999999999957737,106400,True
53,Background,10240,4.08743,4.08759,0.00015999999999927184,10838,True
55,Background,10240,4.08909,4.08939,0.000300000000000189,10838,True
52,Background,10240,4.08994,4.09035,0.00040999999999957737,10838,True
51,Background,10240,4.09048,4.09064,0.00015999999999927184,10838,True
51,Background,102400,4.09208,4.09263,0.0005499999999996064,106400,True
49,Background,1048576,4.09365,4.12594,0.03228999999999971,1087892,True
53,Background,1048576,4.09648,4.13231,0.035830000000000695,1087892,True
65,Background,10485760,4.09738,4.33836,0.24097999999999953,10876994,True
57,Background,10240,4.09888,4.09936,0.00047999999999959186,10838,True
55,Background,1024,4.10268,4.10298,0.0002999999999993008,1244,True
50,Background,1024,4.10304,4.10341,0.0003700000000002035,1244,True
52,Background,1048576,4.10381,4.13611,0.03230000000000022,1087892,True
52,Background,1048576,4.10565,4.13334,0.02768999999999977,1087892,True
56,Background,10240,4.10613,4.10642,0.0002899999999996794,10838,True
58,Background,10240,4.10689,4.10733,0.000440000000000218,10838,True
52,Background,10240,4.10692,4.10735,0.00043000000000059657,10838,True
57,Background,102400,4.10849,4.10913,0.0006400000000006401,106400,True
59,Background,10485760,4.10974,4.45033,0.3405899999999997,10876994,True
47,Background,1024,4.10993,4.11036,0.0004299999999997084,1244,True
63,Background,1024,4.11067,4.11089,0.0002200000000005531,1244,True
50,Background,10240,4.11202,4.11239,0.0003700000000002035,10838,True
50,Background,1048576,4.11418,4.11776,0.0035799999999994725,1087892,True
64,Background,102400,4.11471,4.11634,0.0016300000000004644,106400,True
51,Background,10240,4.11542,4.11558,0.00015999999999927184,10838,True
57,Background,10240,4.11593,4.11638,0.0004500000000007276,10838,True
64,Background,10240,4.11862,4.11881,0.00018999999999991246,10838,True
50,Background,10485760,4.11971,4.40625,0.2865399999999996,10876994,True
51,Background,1048576,4.12097,4.12773,0.006759999999999877,1087892,True
45,Background,1024,4.12279,4.12315,0.0003599999999996939,1244,True
56,Background,1024,4.12328,4.12346,0.00017999999999940286,1244,True
58,Background,10240,4.12352,4.12368,0.00016000000000016001,10838,True
52,Background,102400,4.12544,4.12584,0.00039999999999995595,106400,True
57,Background,10240,4.12927,4.12947,0.00020000000000042206,10838,True
44,Background,10240,4.13263,4.13285,0.0002200000000005531,10838,True
62,Background,1024,4.13343,4.13358,0.0001500000000005386,1244,True
53,Background,10240,4.13383,4.13433,0.0005000000000006111,10838,True
55,Background,1048576,4.13396,4.16803,0.03406999999999982,1087892,True
59,Background,10485760,4.13942,4.40042,0.2610000000000001,10876994,True
55,Background,1024,4.14051,4.14066,0.0001499999999996504,1244,True
44,Background,10240,4.14144,4.1416,0.00016000000000016001,10838,True
43,Background,102400,4.14201,4.14263,0.0006199999999996209,106400,True
54,Background,102400,4.14264,4.14333,0.0006899999999996353,106400,True
64,Background,102400,4.14563,4.1473,0.0016700000000007265,106400,True
55,Background,10240,4.14574,4.14621,0.00046999999999997044,10838,True
54,Background,10485760,4.14828,4.3858,0.23751999999999995,10876994,True
51,Background,102400,4.14971,4.15486,0.005150000000000432,106400,True
66,Background,10240,4.14992,4.15037,0.0004499999999998394,10838,True
67,Background,1024,4.15116,4.15143,0.00027000000000043656,1244,True
50,Background,102400,4.15127,4.15172,0.0004499999999998394,106400,True
60,Background,10240,4.15194,4.15239,0.0004499999999998394,10838,True
57,Background,1048576,4.154,4.15771,0.00370999999999988,1087892,True
54,Background,10240,4.15405,4.15441,0.0003600000000005821,10838,True
58,Background,1048576,4.15748,4.16628,0.008800000000000807,1087892,True
70,Background,10240,4.15772,4.15817,0.0004499999999998394,10838,True
45,Background,102400,4.15893,4.16736,0.008430000000000604,106400,True
47,Background,102400,4.16357,4.16434,0.0007700000000001594,106400,True
60,Background,1048576,4.16431,4.16784,0.003529999999999589,1087892,True
46,Background,10485760,4.1648,4.50567,0.3408700000000007,10876994,True
66,Background,10240,4.16594,4.16637,0.0004299999999997084,10838,True
58,Background,102400,4.16712,4.16768,0.000560000000000116,106400,True
44,Background,102400,4.17222,4.17268,0.00045999999999946084,106400,True
53,Background,10485760,4.17266,4.50632,0.33366000000000007,10876994,True
52,Background,102400,4.17359,4.17436,0.0007700000000001594,106400,True
37,Background,10485760,4.17362,4.51141,0.33779000000000003,10876994,True
59,Background,10240,4.17513,4.17541,0.000280000000000058,10838,True
58,Background,10240,4.17534,4.1755,0.00016000000000016001,10838,True
53,Background,1048576,4.17573,4.22018,0.04445000000000032,1087892,True
54,Background,10240,4.17715,4.17741,0.00025999999999992696,10838,True
62,Background,102400,4.17716,4.17766,0.0005000000000006111,106400,True
44,Background,10240,4.1779,4.17836,0.00045999999999946084,10838,True
51,Background,1024,4.1782,4.17845,0.00024999999999941735,1244,True
59,Background,10240,4.17825,4.17847,0.0002199999999996649,10838,True
61,Background,102400,4.17875,4.18132,0.0025700000000004053,106400,True
61,Background,102400,4.17949,4.18012,0.0006299999999992423,106400,True
45,Background,1048576,4.1845,4.20515,0.020649999999999835,1087892,True
52,Background,10240,4.18558,4.18574,0.00016000000000016001,10838,True
45,Background,102400,4.18567,4.18636,0.0006899999999996353,106400,True
53,Background,102400,4.18616,4.18668,0.0005199999999998539,106400,True
52,Background,1048576,4.18678,4.22769,0.040910000000000224,1087892,True
46,Background,10240,4.19017,4.19044,0.0002699999999995484,10838,True
38,Background,1048576,4.19166,4.2199,0.028240000000000265,1087892,True
46,Background,102400,4.19188,4.19537,0.003489999999999327,106400,True
65,Background,102400,4.19264,4.19335,0.0007099999999997664,106400,True
45,Background,10240,4.19329,4.19349,0.00019999999999953388,10838,True
48,Background,10240,4.1942,4.19444,0.00023999999999979593,10838,True
49,Background,102400,4.19591,4.20334,0.00743000000000027,106400,True
52,Background,1048576,4.19625,4.20078,0.004529999999999923,1087892,True
71,Background,102400,4.19699,4.20226,0.005269999999999442,106400,True
53,Background,1048576,4.19723,4.20118,0.003949999999999676,1087892,True
64,Background,1024,4.19724,4.19748,0.00023999999999979593,1244,True
51,Background,10240,4.19726,4.1975,0.00023999999999979593,10838,True
51,Background,1024,4.199,4.1994,0.00039999999999995595,1244,True
62,Background,10240,4.20044,4.20061,0.00016999999999978144,10838,True
52,Background,102400,4.20044,4.20099,0.0005499999999996064,106400,True
39,Background,102400,4.20337,4.2038,0.00043000000000059657,106400,True
52,Background,1024,4.20483,4.20535,0.0005199999999998539,1244,True
52,Background,102400,4.20518,4.20568,0.0004999999999997229,106400,True
55,Background,102400,4.20729,4.20772,0.0004299999999997084,106400,True
55,Background,1024,4.20857,4.20875,0.00018000000000029104,1244,True
56,Background,10240,4.20865,4.20899,0.00034000000000045105,10838,True
54,Background,10240,4.20985,4.21033,0.00047999999999959186,10838,True
72,Background,10240,4.21318,4.21344,0.00025999999999992696,10838,True
53,Background,10240,4.21379,4.2143,0.0005099999999993443,10838,True
46,Background,10240,4.21436,4.21452,0.00016000000000016001,10838,True
47,Background,1024,4.21548,4.21563,0.0001499999999996504,1244,True
45,Background,10485760,4.21585,4.63166,0.41581000000000046,10876994,True
55,Background,10240,4.21619,4.21643,0.00023999999999979593,10838,True
63,Background,104857600,4.2173,7.74318,3.52588,108768230,True
68,Background,102400,4.21812,4.21866,0.0005399999999999849,106400,True
53,Background,10240,4.21864,4.21884,0.00020000000000042206,10838,True
54,Background,102400,4.21896,4.22709,0.008129999999999526,106400,True
61,Background,102400,4.21908,4.21967,0.0005899999999998684,106400,True
56,Background,104857600,4.2195,8.0019,3.782399999999999,108768230,True
73,Background,1048576,4.22005,4.22729,0.007240000000000357,1087892,True
62,Background,102400,4.2209,4.22634,0.005440000000000111,106400,True
57,Background,1048576,4.22452,4.24519,0.020669999999999966,1087892,True
65,Background,1048576,4.22483,4.2667,0.041870000000000296,1087892,True
40,Background,10240,4.22603,4.22641,0.0003799999999998249,10838,True
56,Background,1048576,4.22696,4.26973,0.042769999999999975,1087892,True
65,Background,1048576,4.22993,4.27663,0.04669999999999952,1087892,True
53,Background,10240,4.23364,4.23384,0.00019999999999953388,10838,True
56,Background,10240,4.23466,4.23496,0.000300000000000189,10838,True
64,Background,1024,4.23531,4.23547,0.00016000000000016001,1244,True
58,Background,1024,4.23557,4.23578,0.00021000000000004349,1244,True
60,Background,102400,4.23836,4.23888,0.0005199999999998539,106400,True
46,Background,1048576,4.23845,4.26229,0.02383999999999986,1087892,True
67,Background,1048576,4.24114,4.24455,0.0034100000000005792,1087892,True
65,Background,102400,4.24238,4.24294,0.000560000000000116,106400,True
66,Background,1048576,4.24333,4.24663,0.0032999999999994145,1087892,True
47,Background,1048576,4.24378,4.29028,0.046499999999999986,1087892,True
59,Background,1024,4.24688,4.24734,0.000460000000000349,1244,True
66,Background,1048576,4.24709,4.25132,0.004229999999999734,1087892,True
47,Background,102400,4.24833,4.24876,0.0004299999999997084,106400,True
54,Background,1048576,4.24921,4.25332,0.004110000000000724,1087892,True
66,Background,1048576,4.2529,4.27835,0.025449999999999307,1087892,True
53,Background,1048576,4.25477,4.30034,0.045570000000000555,1087892,True
51,Background,1048576,4.25615,4.26004,0.003890000000000171,1087892,True
47,Background,102400,4.25725,4.25773,0.00047999999999959186,106400,True
63,Background,10240,4.25753,4.25771,0.00018000000000029104,10838,True
50,Background,1024,4.2595,4.25966,0.00016000000000016001,1244,True
56,Background,102400,4.26055,4.26128,0.0007299999999998974,106400,True
46,Background,102400,4.26166,4.26253,0.0008699999999999264,106400,True
67,Background,1024,4.26392,4.26434,0.00042000000000008697,1244,True
49,Background,1048576,4.26439,4.2702,0.005810000000000315,1087892,True
69,Background,10485760,4.26681,4.58444,0.3176299999999994,10876994,True
53,Background,102400,4.26814,4.26864,0.0005000000000006111,106400,True
50,Background,1024,4.26914,4.2694,0.00025999999999992696,1244,True
66,Background,102400,4.26926,4.26969,0.0004299999999997084,106400,True
46,Background,1024,4.26932,4.26947,0.0001500000000005386,1244,True
48,Background,10485760,4.27038,4.59829,0.32791000000000015,10876994,True
47,Background,102400,4.27167,4.27575,0.0040800000000000836,106400,True
54,Background,10240,4.27198,4.27241,0.0004299999999997084,10838,True
67,Background,10485760,4.27285,4.55299,0.2801400000000003,10876994,True
67,Background,1048576,4.27563,4.29734,0.021710000000000562,1087892,True
48,Background,104857600,4.2762,7.94584,3.6696399999999993,108768230,True
74,Background,10240,4.27682,4.27736,0.0005399999999999849,10838,True
68,Background,10485760,4.27694,4.65946,0.3825200000000004,10876994,True
62,Background,10240,4.27716,4.27745,0.0002899999999996794,10838,True
54,Background,1024,4.27752,4.27768,0.00016000000000016001,1244,True
55,Background,1048576,4.27791,4.29842,0.020509999999999806,1087892,True
51,Background,104857600,4.27955,7.97242,3.692869999999999,108768230,True
67,Background,102400,4.28039,4.28087,0.00048000000000048004,106400,True
55,Background,102400,4.28228,4.2827,0.00042000000000008697,106400,True
49,Background,1048576,4.28273,4.31628,0.03354999999999997,1087892,True
52,Background,104857600,4.2847,8.08241,3.7977099999999995,108768230,True
56,Background,102400,4.28527,4.28572,0.0004500000000007276,106400,True
63,Background,10485760,4.28572,4.60377,0.3180499999999995,10876994,True
57,Background,10240,4.28761,4.28786,0.00025000000000030553,10838,True
57,Background,102400,4.28844,4.28898,0.0005399999999999849,106400,True
58,Background,102400,4.29008,4.29065,0.0005700000000006256,106400,True
55,Background,10240,4.29043,4.29058,0.0001500000000005386,10838,True
43,Background,10240,4.29252,4.29268,0.00016000000000016001,10838,True
67,Background,10240,4.29274,4.29321,0.00046999999999997044,10838,True
57,Background,1048576,4.29379,4.32991,0.036119999999999486,1087892,True
61,Background,1024,4.29523,4.29545,0.0002199999999996649,1244,True
48,Background,102400,4.29539,4.29583,0.0004399999999993298,106400,True
54,Background,10240,4.29614,4.29642,0.000280000000000058,10838,True
48,Background,102400,4.29618,4.29669,0.0005100000000002325,106400,True
55,Background,1048576,4.29714,4.30187,0.004730000000000345,1087892,True
55,Background,10485760,4.29719,4.58092,0.28373000000000026,10876994,True
63,Background,10240,4.29741,4.29756,0.0001499999999996504,10838,True
49,Background,1048576,4.29775,4.34511,0.04736000000000029,1087892,True
53,Background,1048576,4.29826,4.30325,0.004990000000000272,1087892,True
58,Background,10240,4.29827,4.29851,0.0002400000000006841,10838,True
47,Background,10485760,4.29843,4.58981,0.2913800000000002,10876994,True
68,Background,10240,4.29901,4.29947,0.000460000000000349,10838,True
48,Background,10485760,4.30053,4.62742,0.3268899999999997,10876994,True
57,Background,102400,4.30057,4.30131,0.000740000000000407,106400,True
64,Background,10240,4.3006,4.30086,0.00025999999999992696,10838,True
49,Background,1024,4.30148,4.30164,0.00016000000000016001,1244,True
51,Background,1048576,4.30369,4.34272,0.03903000000000034,1087892,True
60,Background,10240,4.3064,4.30656,0.00016000000000016001,10838,True
59,Background,102400,4.30703,4.30765,0.0006199999999996209,106400,True
55,Background,10485760,4.30752,4.65381,0.34628999999999976,10876994,True
52,Background,1048576,4.3107,4.35028,0.03957999999999995,1087892,True
68,Background,10240,4.31233,4.31249,0.00016000000000016001,10838,True
49,Background,1024,4.31538,4.31553,0.0001499999999996504,1244,True
70,Background,10240,4.31618,4.31644,0.00025999999999992696,10838,True
59,Background,10240,4.31658,4.31679,0.00021000000000004349,10838,True
56,Background,10240,4.31812,4.31842,0.0002999999999993008,10838,True
61,Background,10240,4.32149,4.32165,0.00016000000000016001,10838,True
50,Background,10240,4.32303,4.32341,0.0003799999999998249,10838,True
68,Background,1048576,4.32319,4.32765,0.0044599999999999085,1087892,True
58,Background,1024,4.3241,4.32444,0.00034000000000045105,1244,True
61,Background,102400,4.32425,4.32473,0.00047999999999959186,106400,True
47,Background,1024,4.32458,4.32474,0.00016000000000016001,1244,True
59,Background,10240,4.32496,4.3254,0.000440000000000218,10838,True
54,Background,102400,4.32519,4.32571,0.0005199999999998539,106400,True
59,Background,10485760,4.32545,4.61641,0.2909600000000001,10876994,True
57,Background,10240,4.32737,4.32753,0.00016000000000016001,10838,True
56,Background,1048576,4.32827,4.33341,0.005139999999999922,1087892,True
56,Background,10240,4.32878,4.32932,0.0005399999999999849,10838,True
62,Background,10485760,4.32909,4.64337,0.3142800000000001,10876994,True
53,Background,1048576,4.33071,4.37487,0.044159999999999755,1087892,True
48,Background,1024,4.33162,4.33181,0.00018999999999991246,1244,True
63,Background,102400,4.33194,4.33933,0.007390000000000008,106400,True
53,Background,1048576,4.33221,4.33631,0.004100000000000215,1087892,True
52,Background,1024,4.33368,4.33386,0.00017999999999940286,1244,True
49,Background,10240,4.33628,4.33648,0.00019999999999953388,10838,True
69,Background,10485760,4.34192,4.69933,0.3574099999999998,10876994,True
69,Background,1024,4.34222,4.34247,0.00024999999999941735,1244,True
60,Background,102400,4.34274,4.34628,0.0035400000000000986,106400,True
53,Background,102400,4.343,4.34394,0.0009399999999999409,106400,True
50,Background,10240,4.34324,4.34349,0.00025000000000030553,10838,True
43,Background,104857600,4.3436,8.08132,3.7377199999999995,108768230,True
52,Background,1048576,4.344,4.38777,0.04376999999999942,1087892,True
58,Background,102400,4.34412,4.34471,0.0005899999999998684,106400,True
50,Background,102400,4.34577,4.3524,0.006630000000000358,106400,True
69,Background,102400,4.34583,4.35329,0.007460000000000022,106400,True
57,Background,102400,4.34741,4.34793,0.0005199999999998539,106400,True
48,Background,102400,4.34754,4.34826,0.0007199999999993878,106400,True
75,Background,10240,4.34856,4.34872,0.00016000000000016001,10838,True
49,Background,104857600,4.34868,8.12393,3.7752499999999998,108768230,True
50,Background,102400,4.3493,4.34973,0.0004299999999997084,106400,True
62,Background,102400,4.35088,4.35365,0.002769999999999939,106400,True
59,Background,102400,4.35249,4.3531,0.0006099999999999994,106400,True
54,Background,10240,4.35342,4.35357,0.0001500000000005386,10838,True
48,Background,1048576,4.35348,4.37275,0.019269999999999676,1087892,True
69,Background,102400,4.35624,4.35669,0.0004500000000007276,106400,True
57,Background,1048576,4.35683,4.3931,0.036269999999999136,1087892,True
60,Background,102400,4.35849,4.35914,0.0006500000000002615,106400,True
56,Background,10240,4.36032,4.36049,0.00017000000000066962,10838,True
41,Background,102400,4.36097,4.3673,0.006330000000000169,106400,True
62,Background,102400,4.36112,4.36168,0.000560000000000116,106400,True
54,Background,102400,4.36146,4.36202,0.000560000000000116,106400,True
70,Background,1048576,4.3618,4.40725,0.04545000000000066,1087892,True
44,Background,1048576,4.36194,4.39885,0.036910000000000664,1087892,True
50,Background,102400,4.36531,4.36574,0.0004299999999997084,106400,True
57,Background,104857600,4.36729,8.09741,3.7301200000000003,108768230,True
60,Background,10240,4.36768,4.3681,0.00042000000000008697,10838,True
51,Background,1024,4.36827,4.36851,0.00023999999999979593,1244,True
50,Background,102400,4.37078,4.37833,0.007550000000000168,106400,True
55,Background,10240,4.37147,4.37163,0.00015999999999927184,10838,True
60,Background,10485760,4.37209,4.69062,0.31853,10876994,True
54,Background,10240,4.37232,4.3725,0.00017999999999940286,10838,True
53,Background,10485760,4.37237,4.68819,0.31581999999999955,10876994,True
54,Background,102400,4.37246,4.37319,0.0007299999999998974,106400,True
54,Background,1048576,4.37271,4.41405,0.04133999999999993,1087892,True
53,Background,1024,4.37374,4.37393,0.00018999999999991246,1244,True
55,Background,10485760,4.37431,4.69291,0.3186,10876994,True
60,Background,102400,4.37565,4.37631,0.0006599999999998829,106400,True
51,Background,10240,4.37604,4.37641,0.0003700000000002035,10838,True
58,Background,1024,4.37632,4.37649,0.00017000000000066962,1244,True
63,Background,1048576,4.37641,4.38739,0.01097999999999999,1087892,True
54,Background,102400,4.37753,4.37818,0.0006500000000002615,106400,True
65,Background,102400,4.37787,4.38223,0.0043600000000001415,106400,True
58,Background,10485760,4.37954,4.75136,0.3718199999999996,10876994,True
42,Background,102400,4.38173,4.38896,0.007229999999999848,106400,True
56,Background,1048576,4.3844,4.39869,0.014289999999999914,1087892,True
56,Background,10485760,4.38443,4.72008,0.3356500000000002,10876994,True
51,Background,10240,4.38563,4.38579,0.00016000000000016001,10838,True
61,Background,1048576,4.38882,4.43034,0.04152000000000022,1087892,True
57,Background,10240,4.38915,4.38945,0.000300000000000189,10838,True
59,Background,10485760,4.3902,4.74231,0.3521099999999997,10876994,True
59,Background,1048576,4.39056,4.41639,0.02583000000000002,1087892,True
55,Background,1048576,4.39232,4.39872,0.006400000000000183,1087892,True
61,Background,1024,4.39343,4.39358,0.0001499999999996504,1244,True
60,Background,10240,4.39361,4.39377,0.00016000000000016001,10838,True
71,Background,102400,4.39619,4.3967,0.0005100000000002325,106400,True
58,Background,10240,4.39639,4.39654,0.0001499999999996504,10838,True
57,Background,1024,4.39664,4.39683,0.00018999999999991246,1244,True
47,Background,1024,4.39754,4.39769,0.0001499999999996504,1244,True
59,Background,10240,4.39788,4.3984,0.0005199999999998539,10838,True
59,Background,10240,4.39873,4.39898,0.00025000000000030553,10838,True
71,Background,1024,4.39903,4.39943,0.00039999999999995595,1244,True
56,Background,1048576,4.40065,4.43245,0.031800000000000495,1087892,True
55,Background,1048576,4.40211,4.40812,0.006009999999999849,1087892,True
60,Background,10240,4.40372,4.40407,0.0003500000000000725,10838,True
49,Background,10240,4.40544,4.40559,0.0001500000000005386,10838,True
57,Background,10485760,4.40618,4.74492,0.3387399999999996,10876994,True
61,Background,1048576,4.40648,4.43237,0.025889999999999525,1087892,True
56,Background,10240,4.40655,4.40677,0.0002199999999996649,10838,True
58,Background,102400,4.40658,4.40915,0.0025700000000004053,106400,True
63,Background,10240,4.40716,4.4075,0.0003399999999995629,10838,True
49,Background,102400,4.40749,4.40795,0.00045999999999946084,106400,True
68,Background,10485760,4.40865,4.78995,0.3813000000000004,10876994,True
72,Background,10485760,4.40962,4.73539,0.32576999999999945,10876994,True
62,Background,102400,4.41051,4.41117,0.0006599999999998829,106400,True
61,Background,1024,4.41279,4.4133,0.0005099999999993443,1244,True
72,Background,1048576,4.41297,4.44829,0.03532000000000046,1087892,True
54,Background,1024,4.41397,4.41442,0.0004499999999998394,1244,True
64,Background,102400,4.41518,4.41571,0.0005299999999994753,106400,True
58,Background,1024,4.41547,4.41562,0.0001499999999996504,1244,True
62,Background,102400,4.41603,4.41666,0.0006300000000001305,106400,True
69,Background,1024,4.41743,4.41758,0.0001499999999996504,1244,True
62,Background,10240,4.41812,4.41844,0.00032000000000032003,10838,True
51,Background,102400,4.41962,4.42033,0.0007099999999997664,106400,True
56,Background,10240,4.42098,4.42143,0.0004499999999998394,10838,True
64,Background,102400,4.42164,4.4224,0.0007599999999996498,106400,True
65,Background,1048576,4.42306,4.42763,0.004569999999999297,1087892,True
61,Background,102400,4.42354,4.42431,0.0007700000000001594,106400,True
63,Background,1024,4.42393,4.42444,0.0005099999999993443,1244,True
65,Background,10240,4.42409,4.42448,0.0003900000000003345,10838,True
62,Background,1024,4.42466,4.42482,0.00016000000000016001,1244,True
63,Background,1048576,4.42523,4.43025,0.0050200000000000244,1087892,True
70,Background,1048576,4.42565,4.45807,0.032420000000000115,1087892,True
55,Background,10485760,4.43098,4.79044,0.35946000000000033,10876994,True
58,Background,102400,4.43342,4.43391,0.0004900000000001015,106400,True
45,Background,10485760,4.43344,4.7609,0.3274600000000003,10876994,True
63,Background,1024,4.43414,4.43449,0.0003500000000000725,1244,True
58,Background,102400,4.43882,4.44536,0.006540000000000212,106400,True
55,Background,10485760,4.44064,4.84673,0.40608999999999984,10876994,True
56,Background,1048576,4.44223,4.44726,0.005029999999999646,1087892,True
43,Background,10240,4.4442,4.44447,0.0002699999999995484,10838,True
68,Background,10240,4.44475,4.4452,0.0004499999999998394,10838,True
57,Background,10240,4.44532,4.4455,0.00018000000000029104,10838,True
70,Background,1024,4.44635,4.44651,0.00016000000000016001,1244,True
59,Background,102400,4.44885,4.45188,0.003029999999999866,106400,True
54,Background,1024,4.45226,4.45249,0.0002300000000001745,1244,True
61,Background,1048576,4.45274,4.48539,0.0326499999999994,1087892,True
52,Background,1048576,4.45436,4.45935,0.004989999999999384,1087892,True
53,Background,102400,4.45768,4.46125,0.003569999999999851,106400,True
59,Background,1024,4.45879,4.4593,0.0005100000000002325,1244,True
55,Background,1048576,4.45909,4.46376,0.004669999999999952,1087892,True
50,Background,10485760,4.45967,4.82436,0.3646900000000004,10876994,True
56,Background,10240,4.46046,4.46062,0.00015999999999927184,10838,True
57,Background,10240,4.4606,4.46078,0.00017999999999940286,10838,True
62,Background,102400,4.46217,4.4627,0.0005299999999994753,106400,True
55,Background,10240,4.46636,4.46653,0.00016999999999978144,10838,True
64,Background,1048576,4.46728,4.47279,0.005510000000000126,1087892,True
58,Background,102400,4.46779,4.47636,0.008569999999999744,106400,True
64,Background,1048576,4.46842,4.47289,0.00446999999999953,1087892,True
63,Background,1048576,4.46927,4.47474,0.005469999999999864,1087892,True
52,Background,102400,4.46963,4.47492,0.005289999999999573,106400,True
57,Background,10240,4.47128,4.47149,0.00021000000000004349,10838,True
56,Background,1048576,4.47715,4.48195,0.0048000000000003595,1087892,True
65,Background,10240,4.47753,4.47769,0.00016000000000016001,10838,True
70,Background,10485760,4.4809,4.82868,0.3477800000000002,10876994,True
60,Background,10240,4.48132,4.48152,0.00019999999999953388,10838,True
64,Background,1024,4.48202,4.48243,0.00040999999999957737,1244,True
53,Background,102400,4.48283,4.48939,0.006560000000000343,106400,True
66,Background,102400,4.48297,4.49102,0.00804999999999989,106400,True
64,Background,102400,4.48305,4.48369,0.0006399999999997519,106400,True
52,Background,10240,4.48665,4.48689,0.00023999999999979593,10838,True
64,Background,102400,4.48784,4.49025,0.002409999999999357,106400,True
52,Background,10240,4.48801,4.48845,0.000440000000000218,10838,True
51,Background,10240,4.49335,4.49352,0.00016999999999978144,10838,True
56,Background,102400,4.49466,4.49844,0.0037800000000007827,106400,True
65,Background,10240,4.49623,4.49645,0.0002200000000005531,10838,True
59,Background,10240,4.49947,4.49963,0.00016000000000016001,10838,True
67,Background,102400,4.50269,4.5054,0.002709999999999546,106400,True
52,Background,102400,4.50314,4.5037,0.000560000000000116,106400,True
60,Background,102400,4.50509,4.50568,0.0005899999999998684,106400,True
69,Background,1024,4.50553,4.50568,0.0001499999999996504,1244,True
65,Background,1048576,4.5061,4.51032,0.0042200000000001125,1087892,True
66,Background,1024,4.50643,4.50658,0.0001499999999996504,1244,True
60,Background,102400,4.50692,4.51056,0.0036399999999998656,106400,True
70,Background,1048576,4.50814,4.51387,0.005729999999999791,1087892,True
66,Background,102400,4.50945,4.51,0.0005499999999996064,106400,True
59,Background,10485760,4.51019,4.84834,0.3381500000000006,10876994,True
56,Background,10485760,4.51028,4.84442,0.33414000000000055,10876994,True
59,Background,102400,4.51043,4.5111,0.0006699999999995043,106400,True
66,Background,102400,4.51114,4.51169,0.0005499999999996064,106400,True
54,Background,1048576,4.51199,4.5593,0.04731000000000041,1087892,True
63,Background,10240,4.51308,4.5134,0.00031999999999943185,10838,True
50,Background,102400,4.51573,4.52099,0.0052600000000007086,106400,True
71,Background,10240,4.51605,4.51643,0.0003799999999998249,10838,True
71,Background,1048576,4.51807,4.52174,0.003670000000000506,1087892,True
52,Background,10240,4.51939,4.51955,0.00016000000000016001,10838,True
44,Background,1048576,4.52084,4.57735,0.05651000000000028,1087892,True
57,Background,1048576,4.52548,4.53705,0.011569999999999858,1087892,True
66,Background,10240,4.52576,4.52631,0.0005499999999996064,10838,True
68,Background,1048576,4.52755,4.56047,0.03291999999999984,1087892,True
71,Background,10485760,4.528,4.91011,0.38211000000000084,10876994,True
67,Background,1024,4.53007,4.53043,0.0003599999999996939,1244,True
72,Background,10240,4.53124,4.53149,0.00024999999999941735,10838,True
70,Background,10240,4.53137,4.53153,0.00016000000000016001,10838,True
44,Background,10240,4.53304,4.53345,0.00041000000000046555,10838,True
64,Background,10240,4.53344,4.5336,0.00016000000000016001,10838,True
62,Background,10240,4.5336,4.53378,0.00018000000000029104,10838,True
67,Background,1024,4.53399,4.53443,0.000440000000000218,1244,True
60,Background,102400,4.53594,4.54086,0.0049200000000002575,106400,True
73,Background,10485760,4.53721,4.91429,0.3770800000000003,10876994,True
53,Background,1024,4.53781,4.53839,0.0005799999999993588,1244,True
45,Background,10485760,4.54023,4.87139,0.3311599999999997,10876994,True
59,Background,104857600,4.54223,8.21013,3.6678999999999995,108768230,True
60,Background,102400,4.54446,4.54497,0.0005100000000002325,106400,True
61,Background,10240,4.54687,4.54739,0.0005199999999998539,10838,True
51,Background,10240,4.54716,4.54747,0.00030999999999981043,10838,True
62,Background,102400,4.54738,4.54778,0.00039999999999995595,106400,True
58,Background,10240,4.54926,4.5495,0.00023999999999979593,10838,True
61,Background,1048576,4.55113,4.5569,0.005770000000000053,1087892,True
61,Background,10485760,4.55116,4.84466,0.29349999999999987,10876994,True
52,Background,102400,4.55158,4.55243,0.0008499999999997954,106400,True
65,Background,10240,4.5519,4.5525,0.000600000000000378,10838,True
66,Background,10485760,4.55217,4.82471,0.27253999999999934,10876994,True
55,Background,102400,4.55324,4.55401,0.0007700000000001594,106400,True
56,Background,1024,4.55347,4.55364,0.00016999999999978144,1244,True
72,Background,10240,4.55764,4.55784,0.00019999999999953388,10838,True
67,Background,10485760,4.55925,4.82625,0.26700000000000035,10876994,True
61,Background,10240,4.55938,4.55954,0.00016000000000016001,10838,True
60,Background,1024,4.55949,4.55964,0.0001499999999996504,1244,True
55,Background,10485760,4.56063,4.89228,0.33165000000000067,10876994,True
61,Background,104857600,4.56143,8.40383,3.8423999999999996,108768230,True
62,Background,102400,4.56184,4.56508,0.0032399999999999096,106400,True
64,Background,1048576,4.56363,4.59685,0.03322000000000003,1087892,True
68,Background,1048576,4.56373,4.61144,0.04771000000000036,1087892,True
53,Background,1048576,4.56658,4.58939,0.022809999999999775,1087892,True
73,Background,1048576,4.56712,4.57767,0.010550000000000281,1087892,True
56,Background,102400,4.56872,4.5695,0.0007799999999997809,106400,True
63,Background,10240,4.57035,4.57053,0.00017999999999940286,10838,True
57,Background,102400,4.57122,4.57178,0.000560000000000116,106400,True
58,Background,1048576,4.57123,4.57178,0.0005500000000004945,106400,True
69,Background,102400,4.57186,4.57508,0.0032199999999997786,106400,True
69,Background,102400,4.57293,4.58037,0.007439999999999891,106400,True
63,Background,10485760,4.57373,4.89779,0.32405999999999935,10876994,True
57,Background,102400,4.5753,4.57575,0.0004499999999998394,106400,True
70,Background,10240,4.5754,4.57556,0.00016000000000016001,10838,True
74,Background,104857600,4.5766,8.29735,3.72075,108768230,True
53,Background,10485760,4.57757,4.93071,0.3531400000000007,10876994,True
56,Background,1024,4.57796,4.57846,0.0004999999999997229,1244,True
57,Background,102400,4.57828,4.57877,0.0004899999999992133,106400,True
53,Background,10240,4.58055,4.58071,0.00016000000000016001,10838,True
45,Background,102400,4.58139,4.5819,0.0005100000000002325,106400,True
67,Background,10240,4.58191,4.5824,0.0004900000000001015,10838,True
57,Background,10240,4.58241,4.58257,0.00015999999999927184,10838,True
51,Background,102400,4.58265,4.58333,0.0006800000000000139,106400,True
67,Background,1048576,4.5835,4.61031,0.026810000000000223,1087892,True
54,Background,102400,4.5842,4.58475,0.0005499999999996064,106400,True
46,Background,102400,4.58474,4.58567,0.0009300000000003195,106400,True
61,Background,10240,4.58712,4.58747,0.0003500000000000725,10838,True
70,Background,10240,4.58743,4.58758,0.0001499999999996504,10838,True
71,Background,1024,4.58792,4.58842,0.0004999999999997229,1244,True
64,Background,102400,4.58926,4.58977,0.0005099999999993443,106400,True
73,Background,10240,4.58946,4.58963,0.00016999999999978144,10838,True
72,Background,1048576,4.59079,4.63445,0.04366000000000003,1087892,True
58,Background,1024,4.59127,4.5915,0.0002300000000001745,1244,True
54,Background,1048576,4.59286,4.63935,0.046490000000000364,1087892,True
68,Background,1048576,4.59353,4.62985,0.03631999999999991,1087892,True
68,Background,10240,4.59455,4.5947,0.0001499999999996504,10838,True
59,Background,10485760,4.60027,4.92864,0.3283699999999996,10876994,True
73,Background,102400,4.60099,4.60636,0.005369999999999209,106400,True
65,Background,1024,4.60192,4.60245,0.0005300000000003635,1244,True
73,Background,1024,4.60236,4.60256,0.00020000000000042206,1244,True
71,Background,102400,4.60372,4.60929,0.005569999999999631,106400,True
51,Background,10240,4.60394,4.60442,0.00048000000000048004,10838,True
59,Background,1048576,4.6051,4.61135,0.006249999999999645,1087892,True
66,Background,1048576,4.60534,4.61329,0.007950000000000124,1087892,True
69,Background,1048576,4.607,4.65147,0.044469999999999565,1087892,True
48,Background,102400,4.60705,4.60771,0.0006599999999998829,106400,True
70,Background,10240,4.60732,4.60753,0.00021000000000004349,10838,True
57,Background,102400,4.60771,4.61728,0.009570000000000078,106400,True
64,Background,1024,4.60792,4.6084,0.00047999999999959186,1244,True
71,Background,102400,4.60808,4.60868,0.0005999999999994898,106400,True
52,Background,1048576,4.60901,4.64841,0.039400000000000546,1087892,True
64,Background,10240,4.61087,4.61138,0.0005099999999993443,10838,True
65,Background,102400,4.61373,4.61946,0.005729999999999791,106400,True
62,Background,10240,4.6145,4.61466,0.00016000000000016001,10838,True
60,Background,102400,4.61595,4.62032,0.004370000000000651,106400,True
46,Background,10240,4.6161,4.61648,0.0003799999999998249,10838,True
68,Background,1048576,4.61632,4.62071,0.004389999999999894,1087892,True
62,Background,10240,4.61836,4.61856,0.00020000000000042206,10838,True
53,Background,10240,4.61884,4.61929,0.0004500000000007276,10838,True
58,Background,1048576,4.62022,4.62375,0.003530000000000477,1087892,True
75,Background,10240,4.62121,4.6215,0.0002900000000005676,10838,True
47,Background,1024,4.62287,4.62338,0.0005100000000002325,1244,True
63,Background,10240,4.62306,4.62346,0.00039999999999995595,10838,True
49,Background,1048576,4.6273,4.6342,0.006899999999999906,1087892,True
55,Background,1024,4.62756,4.62773,0.00016999999999978144,1244,True
72,Background,102400,4.63055,4.63112,0.0005699999999997374,106400,True
74,Background,102400,4.63284,4.63634,0.0034999999999998366,106400,True
74,Background,1048576,4.63285,4.66741,0.034559999999999924,1087892,True
71,Background,10240,4.63573,4.63602,0.0002900000000005676,10838,True
76,Background,102400,4.63615,4.6367,0.0005500000000004945,106400,True
68,Background,1024,4.63695,4.6374,0.0004500000000007276,1244,True
58,Background,102400,4.63829,4.63877,0.00048000000000048004,106400,True
71,Background,10485760,4.63858,4.96727,0.3286899999999999,10876994,True
61,Background,102400,4.63931,4.63981,0.0004999999999997229,106400,True
58,Background,1024,4.63959,4.63975,0.00016000000000016001,1244,True
46,Background,1024,4.64019,4.64049,0.000300000000000189,1244,True
54,Background,102400,4.64062,4.64141,0.0007899999999994023,106400,True
56,Background,10240,4.64484,4.64537,0.0005299999999994753,10838,True
76,Background,1048576,4.64662,4.68437,0.03774999999999995,1087892,True
54,Background,10240,4.64707,4.64748,0.00040999999999957737,10838,True
55,Background,1048576,4.64908,4.65493,0.005850000000000577,1087892,True
61,Background,1048576,4.64964,4.6762,0.026559999999999917,1087892,True
69,Background,10240,4.65041,4.65059,0.00018000000000029104,10838,True
54,Background,102400,4.65045,4.65114,0.0006899999999996353,106400,True
65,Background,1048576,4.65095,4.69771,0.04675999999999991,1087892,True
65,Background,10240,4.65262,4.65286,0.0002400000000006841,10838,True
53,Background,1048576,4.65579,4.7033,0.04750999999999994,1087892,True
55,Background,102400,4.6573,4.65782,0.0005199999999998539,106400,True
63,Background,102400,4.65789,4.66175,0.0038599999999995305,106400,True
74,Background,102400,4.65827,4.65875,0.00048000000000048004,106400,True
77,Background,1048576,4.65833,4.66324,0.004909999999999748,1087892,True
66,Background,1048576,4.65953,4.68424,0.024709999999999788,1087892,True
52,Background,1024,4.65971,4.66024,0.0005300000000003635,1244,True
58,Background,10485760,4.66008,4.9769,0.3168199999999999,10876994,True
55,Background,102400,4.6629,4.66572,0.002820000000000711,106400,True
65,Background,102400,4.66474,4.66827,0.003529999999999589,106400,True
60,Background,10240,4.66524,4.6655,0.00025999999999992696,10838,True
75,Background,1048576,4.66764,4.69641,0.02877000000000063,1087892,True
61,Background,102400,4.66888,4.67333,0.004450000000000287,106400,True
59,Background,1024,4.66916,4.66948,0.00032000000000032003,1244,True
64,Background,1048576,4.67035,4.67436,0.004010000000000069,1087892,True
72,Background,10240,4.67337,4.67354,0.00016999999999978144,10838,True
57,Background,102400,4.67381,4.6844,0.010590000000000543,106400,True
63,Background,1024,4.67506,4.67542,0.0003599999999996939,1244,True
72,Background,10240,4.67644,4.6766,0.00015999999999927184,10838,True
65,Background,1048576,4.68044,4.69257,0.012129999999999974,1087892,True
67,Background,102400,4.68092,4.68532,0.004399999999999515,106400,True
73,Background,102400,4.68154,4.68224,0.000700000000000145,106400,True
77,Background,1048576,4.68395,4.73376,0.04980999999999991,1087892,True
67,Background,1024,4.68429,4.68451,0.0002200000000005531,1244,True
57,Background,102400,4.68532,4.68579,0.00046999999999997044,106400,True
66,Background,10485760,4.68603,4.92539,0.23936000000000046,10876994,True
73,Background,10240,4.69098,4.69143,0.0004500000000007276,10838,True
66,Background,1024,4.69162,4.6918,0.00017999999999940286,1244,True
58,Background,102400,4.69282,4.70081,0.007989999999999498,106400,True
55,Background,102400,4.69319,4.69372,0.0005299999999994753,106400,True
68,Background,1024,4.69477,4.69526,0.0004900000000001015,1244,True
59,Background,10240,4.69531,4.69553,0.0002199999999996649,10838,True
62,Background,10485760,4.69545,4.96571,0.2702599999999995,10876994,True
47,Background,1024,4.69729,4.69751,0.0002200000000005531,1244,True
69,Background,102400,4.69765,4.69846,0.0008099999999995333,106400,True
69,Background,10485760,4.69787,5.04528,0.34741,10876994,True
75,Background,102400,4.69989,4.70398,0.004089999999999705,106400,True
53,Background,102400,4.70196,4.70957,0.007610000000000561,106400,True
64,Background,10485760,4.70231,5.00092,0.29861000000000004,10876994,True
62,Background,102400,4.70299,4.70731,0.0043199999999998795,106400,True
54,Background,1048576,4.70303,4.73501,0.0319799999999999,1087892,True
67,Background,10485760,4.70337,5.00418,0.30081000000000024,10876994,True
70,Background,10485760,4.70341,5.03791,0.33450000000000024,10876994,True
60,Background,102400,4.7047,4.71213,0.00743000000000027,106400,True
78,Background,102400,4.70563,4.70628,0.0006499999999993733,106400,True
55,Background,1048576,4.70661,4.7414,0.03478999999999921,1087892,True
64,Background,1048576,4.70739,4.71118,0.003789999999999516,1087892,True
76,Background,10240,4.71189,4.7124,0.0005099999999993443,10838,True
61,Background,10240,4.71421,4.71448,0.00027000000000043656,10838,True
56,Background,1048576,4.71504,4.72178,0.006739999999999746,1087892,True
58,Background,10485760,4.71552,5.02626,0.31074,10876994,True
54,Background,10240,4.71562,4.71594,0.00031999999999943185,10838,True
72,Background,1024,4.71629,4.71655,0.00025999999999992696,1244,True
72,Background,104857600,4.71675,8.50221,3.7854599999999996,108768230,True
63,Background,10240,4.71702,4.71744,0.00042000000000008697,10838,True
77,Background,10240,4.71786,4.71838,0.0005199999999998539,10838,True
60,Background,1024,4.71832,4.7185,0.00017999999999940286,1244,True
66,Background,1048576,4.71867,4.73297,0.014299999999999535,1087892,True
59,Background,10240,4.72008,4.72043,0.0003500000000000725,10838,True
67,Background,1024,4.72038,4.72053,0.0001500000000005386,1244,True
55,Background,1048576,4.72323,4.73029,0.007060000000000066,1087892,True
75,Background,102400,4.7239,4.72837,0.00446999999999953,106400,True
58,Background,1048576,4.72669,4.76124,0.0345500000000003,1087892,True
74,Background,1024,4.73256,4.73271,0.0001499999999996504,1244,True
56,Background,10240,4.73261,4.73277,0.00016000000000016001,10838,True
73,Background,1048576,4.73345,4.74535,0.0118999999999998,1087892,True
73,Background,102400,4.73394,4.73875,0.004809999999999981,106400,True
62,Background,102400,4.73465,4.7353,0.0006499999999993733,106400,True
74,Background,10240,4.73533,4.73551,0.00017999999999940286,10838,True
57,Background,1048576,4.73662,4.75623,0.019610000000000127,1087892,True
56,Background,10240,4.73716,4.73747,0.00030999999999981043,10838,True
66,Background,102400,4.73786,4.74065,0.002789999999999182,106400,True
60,Background,1048576,4.74127,4.7481,0.006829999999999892,1087892,True
59,Background,1048576,4.74504,4.74986,0.004819999999999602,1087892,True
59,Background,10240,4.74591,4.74642,0.0005099999999993443,10838,True
67,Background,1048576,4.74621,4.74995,0.0037400000000005207,1087892,True
79,Background,1024,4.74635,4.74654,0.00019000000000080064,1244,True
54,Background,10240,4.74829,4.74852,0.0002300000000001745,10838,True
60,Background,102400,4.74854,4.74926,0.0007199999999993878,106400,True
62,Background,102400,4.74876,4.75529,0.006529999999999703,106400,True
60,Background,10485760,4.74984,5.04734,0.2975000000000003,10876994,True
63,Background,10240,4.75068,4.75103,0.0003500000000000725,10838,True
68,Background,1024,4.75213,4.75244,0.00030999999999981043,1244,True
65,Background,102400,4.75337,4.75376,0.00038999999999944635,106400,True
65,Background,10240,4.75825,4.75848,0.00022999999999928633,10838,True
74,Background,102400,4.76062,4.76141,0.0007899999999994023,106400,True
47,Background,102400,4.76232,4.76276,0.000440000000000218,106400,True
61,Background,102400,4.76256,4.76324,0.0006800000000000139,106400,True
68,Background,102400,4.76358,4.76433,0.0007500000000000284,106400,True
59,Background,102400,4.76412,4.7647,0.000580000000000247,106400,True
66,Background,1048576,4.76448,4.77383,0.009350000000000414,1087892,True
55,Background,1024,4.76497,4.76543,0.000460000000000349,1244,True
69,Background,10240,4.77078,4.77133,0.0005499999999996064,10838,True
58,Background,10240,4.77078,4.77133,0.0005499999999996064,10838,True
62,Background,10240,4.77107,4.77146,0.0003900000000003345,10838,True
48,Background,10240,4.77108,4.77147,0.00038999999999944635,10838,True
75,Background,10485760,4.77118,5.15165,0.38046999999999986,10876994,True
70,Background,102400,4.77253,4.77321,0.0006800000000000139,106400,True
57,Background,1048576,4.77314,4.77721,0.004070000000000462,1087892,True
74,Background,10485760,4.77469,5.11518,0.34048999999999996,10876994,True
56,Background,10240,4.77543,4.77558,0.0001499999999996504,10838,True
56,Background,10240,4.7787,4.77906,0.0003600000000005821,10838,True
66,Background,1048576,4.77897,4.8208,0.041830000000000034,1087892,True
60,Background,1024,4.7804,4.78055,0.0001499999999996504,1244,True
56,Background,1024,4.78051,4.78067,0.00016000000000016001,1244,True
57,Background,102400,4.78055,4.7813,0.0007500000000000284,106400,True
71,Background,102400,4.78058,4.78136,0.000780000000000669,106400,True
66,Background,10240,4.78144,4.7816,0.00016000000000016001,10838,True
63,Background,102400,4.78355,4.78426,0.0007099999999997664,106400,True
56,Background,10485760,4.78361,5.1363,0.35268999999999995,10876994,True
50,Background,102400,4.78396,4.78973,0.005769999999999165,106400,True
61,Background,1024,4.78434,4.78453,0.00018999999999991246,1244,True
51,Background,10240,4.78439,4.78455,0.00016000000000016001,10838,True
55,Background,1024,4.7845,4.78465,0.0001499999999996504,1244,True
62,Background,102400,4.78514,4.7857,0.000560000000000116,106400,True
57,Background,102400,4.78607,4.78669,0.000620000000000509,106400,True
48,Background,1048576,4.78945,4.79842,0.0089699999999997,1087892,True
58,Background,102400,4.79058,4.79125,0.0006699999999995043,106400,True
65,Background,10240,4.79099,4.79141,0.00042000000000008697,10838,True
57,Background,102400,4.79184,4.79459,0.0027500000000006963,106400,True
71,Background,1048576,4.79221,4.79589,0.0036800000000001276,1087892,True
49,Background,102400,4.79316,4.79371,0.0005499999999996064,106400,True
70,Background,102400,4.7954,4.79582,0.00042000000000008697,106400,True
72,Background,1048576,4.7955,4.80039,0.004890000000000505,1087892,True
61,Background,10240,4.7969,4.79739,0.0004900000000001015,10838,True
59,Background,10240,4.79805,4.79844,0.0003900000000003345,10838,True
63,Background,1048576,4.79905,4.80318,0.004129999999999967,1087892,True
60,Background,1024,4.80585,4.80638,0.0005299999999994753,1244,True
59,Background,10240,4.80704,4.80744,0.00039999999999995595,10838,True
75,Background,10485760,4.80737,5.0853,0.27793000000000045,10876994,True
49,Background,10240,4.80893,4.80941,0.00047999999999959186,10838,True
60,Background,102400,4.8099,4.81339,0.003490000000000215,106400,True
67,Background,102400,4.81088,4.81353,0.002650000000000041,106400,True
62,Background,10240,4.812,4.81243,0.0004299999999997084,10838,True
69,Background,10240,4.81303,4.81343,0.00039999999999995595,10838,True
65,Background,10485760,4.81355,5.14602,0.3324699999999998,10876994,True
68,Background,102400,4.8138,4.82182,0.008020000000000138,106400,True
63,Background,1048576,4.81398,4.85512,0.0411400000000004,1087892,True
48,Background,102400,4.81893,4.82276,0.003829999999999778,106400,True
61,Background,102400,4.8192,4.81974,0.0005399999999999849,106400,True
56,Background,102400,4.81965,4.82045,0.0007999999999999119,106400,True
67,Background,1024,4.82013,4.8205,0.0003700000000002035,1244,True
62,Background,1048576,4.82107,4.82666,0.00559000000000065,1087892,True
57,Background,102400,4.82192,4.82534,0.0034199999999993125,106400,True
62,Background,1048576,4.82219,4.82614,0.003949999999999676,1087892,True
68,Background,10240,4.82275,4.82304,0.0002899999999996794,10838,True
62,Background,102400,4.82313,4.82381,0.0006800000000000139,106400,True
61,Background,102400,4.82358,4.8255,0.0019200000000001438,106400,True
68,Background,102400,4.82431,4.82475,0.000440000000000218,106400,True
63,Background,102400,4.82565,4.82977,0.004119999999999457,106400,True
64,Background,104857600,4.82569,8.71941,3.89372,108768230,True
58,Background,1048576,4.82685,4.87878,0.05192999999999959,1087892,True
71,Background,10485760,4.82712,5.06722,0.24009999999999998,10876994,True
69,Background,1024,4.82721,4.82746,0.00025000000000030553,1244,True
64,Background,10240,4.8285,4.82866,0.00016000000000016001,10838,True
64,Background,102400,4.83037,4.83079,0.00042000000000008697,106400,True
50,Background,10240,4.8305,4.83066,0.00016000000000016001,10838,True
59,Background,1024,4.83114,4.83145,0.00030999999999981043,1244,True
76,Background,102400,4.8318,4.83831,0.006509999999999572,106400,True
61,Background,1048576,4.83244,4.84233,0.00988999999999951,1087892,True
61,Background,102400,4.83453,4.83522,0.0006899999999996353,106400,True
70,Background,10240,4.8377,4.83799,0.0002899999999996794,10838,True
78,Background,1024,4.83854,4.8387,0.00016000000000016001,1244,True
64,Background,10240,4.8391,4.83946,0.0003599999999996939,10838,True
72,Background,1024,4.83926,4.8395,0.00023999999999979593,1244,True
70,Background,1024,4.83991,4.84038,0.00046999999999997044,1244,True
49,Background,1048576,4.84169,4.89516,0.053469999999999906,1087892,True
58,Background,102400,4.84452,4.84514,0.0006199999999996209,106400,True
50,Background,1024,4.84776,4.84827,0.0005100000000002325,1244,True
57,Background,10485760,4.8485,5.16931,0.3208100000000007,10876994,True
66,Background,1048576,4.84877,4.90019,0.05142000000000024,1087892,True
59,Background,10240,4.84886,4.84941,0.0005499999999996064,10838,True
76,Background,10240,4.85319,4.85346,0.00027000000000043656,10838,True
73,Background,102400,4.85536,4.85579,0.0004299999999997084,106400,True
65,Background,10240,4.85698,4.85741,0.0004299999999997084,10838,True
69,Background,10240,4.85732,4.8575,0.00018000000000029104,10838,True
62,Background,10240,4.8584,4.85856,0.00016000000000016001,10838,True
73,Background,102400,4.86017,4.8607,0.0005299999999994753,106400,True
64,Background,1024,4.86143,4.86158,0.0001499999999996504,1244,True
52,Background,102400,4.8619,4.86603,0.004129999999999967,106400,True
57,Background,102400,4.86347,4.86409,0.0006199999999996209,106400,True
68,Background,10240,4.8665,4.86666,0.00016000000000016001,10838,True
70,Background,102400,4.86675,4.87218,0.00543000000000049,106400,True
59,Background,10240,4.86943,4.86959,0.00015999999999927184,10838,True
58,Background,1024,4.86991,4.87039,0.00048000000000048004,1244,True
71,Background,1024,4.87177,4.87226,0.0004900000000001015,1244,True
53,Background,10240,4.87241,4.87257,0.00015999999999927184,10838,True
64,Background,102400,4.87355,4.87426,0.0007099999999997664,106400,True
58,Background,102400,4.8742,4.87471,0.0005100000000002325,106400,True
67,Background,1048576,4.87443,4.88231,0.00788000000000011,1087892,True
59,Background,10240,4.87622,4.87647,0.00025000000000030553,10838,True
76,Background,1024,4.87653,4.87669,0.00016000000000016001,1244,True
65,Background,10240,4.87722,4.87747,0.00024999999999941735,10838,True
63,Background,10240,4.87775,4.87821,0.000460000000000349,10838,True
60,Background,10485760,4.87799,5.1423,0.26431000000000004,10876994,True
72,Background,102400,4.88264,4.88336,0.0007199999999993878,106400,True
65,Background,102400,4.88293,4.88816,0.005230000000000068,106400,True
70,Background,10240,4.88294,4.8834,0.000460000000000349,10838,True
75,Background,10485760,4.88501,5.20912,0.3241100000000001,10876994,True
76,Background,102400,4.88705,4.8877,0.0006499999999993733,106400,True
60,Background,10240,4.88722,4.88748,0.00025999999999992696,10838,True
61,Background,1048576,4.88759,4.92287,0.03527999999999931,1087892,True
76,Background,10485760,4.88964,5.18134,0.2916999999999996,10876994,True
60,Background,102400,4.89176,4.89931,0.007550000000000168,106400,True
71,Background,102400,4.89244,4.89296,0.0005200000000007421,106400,True
60,Background,102400,4.89434,4.89477,0.00043000000000059657,106400,True
59,Background,102400,4.8946,4.89537,0.0007700000000001594,106400,True
57,Background,10240,4.89572,4.89606,0.00034000000000045105,10838,True
77,Background,1048576,4.89652,4.90939,0.012870000000000381,1087892,True
62,Background,10240,4.897,4.89746,0.00045999999999946084,10838,True
67,Background,10240,4.89733,4.89754,0.00021000000000004349,10838,True
68,Background,102400,4.89758,4.89824,0.0006600000000007711,106400,True
60,Background,10485760,4.89793,5.21126,0.31333000000000055,10876994,True
61,Background,10240,4.89899,4.89941,0.0004199999999991988,10838,True
74,Background,1024,4.90068,4.90096,0.000280000000000058,1244,True
58,Background,1048576,4.90069,4.92735,0.026659999999999684,1087892,True
62,Background,102400,4.901,4.90661,0.005609999999999893,106400,True
60,Background,10240,4.9022,4.90248,0.000280000000000058,10838,True
54,Background,10240,4.90373,4.90416,0.0004299999999997084,10838,True
63,Background,10240,4.90789,4.90839,0.0004999999999997229,10838,True
51,Background,1024,4.90872,4.90911,0.0003900000000003345,1244,True
52,Background,1048576,4.91072,4.96236,0.05163999999999991,1087892,True
57,Background,1024,4.91154,4.9117,0.00016000000000016001,1244,True
77,Background,1024,4.9144,4.91455,0.0001500000000005386,1244,True
66,Background,102400,4.91795,4.92337,0.00541999999999998,106400,True
62,Background,102400,4.91937,4.91977,0.00039999999999995595,106400,True
66,Background,10240,4.92025,4.92048,0.0002300000000001745,10838,True
74,Background,1048576,4.92082,4.95515,0.03432999999999975,1087892,True
69,Background,10240,4.92161,4.92178,0.00016999999999978144,10838,True
69,Background,104857600,4.92236,8.69329,3.770929999999999,108768230,True
58,Background,102400,4.92545,4.92604,0.0005900000000007566,106400,True
58,Background,102400,4.92696,4.93536,0.008399999999999963,106400,True
51,Background,102400,4.93001,4.93066,0.0006499999999993733,106400,True
60,Background,1048576,4.93076,4.96569,0.03493000000000013,1087892,True
75,Background,10240,4.93086,4.93136,0.0004999999999997229,10838,True
68,Background,102400,4.93169,4.93733,0.0056400000000005335,106400,True
71,Background,1024,4.93262,4.93279,0.00016999999999978144,1244,True
55,Background,102400,4.93593,4.94328,0.007349999999999746,106400,True
64,Background,1024,4.93695,4.9374,0.0004499999999998394,1244,True
61,Background,1048576,4.93713,4.94124,0.004109999999999836,1087892,True
59,Background,102400,4.93852,4.93921,0.0006900000000005235,106400,True
61,Background,1048576,4.94011,4.94825,0.008140000000000036,1087892,True
69,Background,104857600,4.94022,8.81248,3.8722600000000007,108768230,True
67,Background,1048576,4.94042,4.95641,0.015990000000000393,1087892,True
61,Background,1048576,4.94072,4.98033,0.03961000000000059,1087892,True
62,Background,102400,4.94169,4.94237,0.0006800000000000139,106400,True
63,Background,1048576,4.94248,4.95797,0.01549000000000067,1087892,True
78,Background,10240,4.94443,4.94459,0.00016000000000016001,10838,True
79,Background,102400,4.94512,4.94566,0.0005399999999999849,106400,True
67,Background,1048576,4.94646,4.96023,0.01377000000000006,1087892,True
67,Background,1048576,4.94925,4.95432,0.005069999999999908,1087892,True
77,Background,102400,4.95065,4.95145,0.0007999999999999119,106400,True
62,Background,1024,4.95074,4.95119,0.0004500000000007276,1244,True
69,Background,10240,4.95526,4.95548,0.0002199999999996649,10838,True
78,Background,1048576,4.95556,4.98516,0.029599999999999405,1087892,True
50,Background,102400,4.95559,4.95638,0.0007900000000002905,106400,True
59,Background,10240,4.95561,4.95582,0.00021000000000004349,10838,True
68,Background,102400,4.95615,4.95672,0.0005699999999997374,106400,True
66,Background,102400,4.95827,4.95873,0.000460000000000349,106400,True
60,Background,1024,4.95879,4.95933,0.0005399999999999849,1244,True
64,Background,10240,4.95962,4.95979,0.00016999999999978144,10838,True
63,Background,102400,4.96099,4.97009,0.009100000000000108,106400,True
63,Background,10240,4.96171,4.96209,0.0003799999999998249,10838,True
63,Background,102400,4.96188,4.96532,0.0034400000000003317,106400,True
79,Background,10240,4.96226,4.9625,0.0002400000000006841,10838,True
69,Background,10240,4.96405,4.96444,0.00038999999999944635,10838,True
58,Background,1024,4.96495,4.9654,0.0004499999999998394,1244,True
52,Background,1024,4.96504,4.96543,0.00038999999999944635,1244,True
73,Background,102400,4.9658,4.97313,0.007330000000000503,106400,True
77,Background,1048576,4.96642,4.97318,0.006759999999999877,1087892,True
62,Background,10240,4.96692,4.96742,0.0004999999999997229,10838,True
51,Background,10240,4.96699,4.96744,0.0004499999999998394,10838,True
64,Background,102400,4.96709,4.96771,0.000620000000000509,106400,True
61,Background,10240,4.96867,4.96899,0.00031999999999943185,10838,True
78,Background,10240,4.97072,4.97115,0.0004299999999997084,10838,True
74,Background,1048576,4.97211,4.97656,0.004450000000000287,1087892,True
59,Background,102400,4.97355,4.97424,0.0006899999999996353,106400,True
80,Background,1048576,4.97485,5.01987,0.04502000000000006,1087892,True
75,Background,102400,4.97595,4.98098,0.005029999999999646,106400,True
81,Background,10240,4.97611,4.97642,0.00030999999999981043,10838,True
67,Background,10240,4.97621,4.97645,0.00023999999999979593,10838,True
65,Background,10485760,4.97654,5.22334,0.24680000000000035,10876994,True
70,Background,1024,4.97779,4.9783,0.0005100000000002325,1244,True
70,Background,10240,4.9787,4.97916,0.000460000000000349,10838,True
71,Background,10240,4.97911,4.97942,0.00030999999999981043,10838,True
61,Background,1048576,4.97975,5.02973,0.04997999999999969,1087892,True
68,Background,10240,4.98065,4.98094,0.0002900000000005676,10838,True
60,Background,102400,4.98341,4.98387,0.00045999999999946084,106400,True
64,Background,10240,4.98368,4.98397,0.0002900000000005676,10838,True
69,Background,10240,4.98441,4.98456,0.0001500000000005386,10838,True
70,Background,1048576,4.98496,5.01867,0.03371000000000013,1087892,True
66,Background,10240,4.98606,4.98644,0.0003799999999998249,10838,True
72,Background,1048576,4.9872,4.99091,0.0037100000000007682,1087892,True
63,Background,10240,4.98772,4.98816,0.0004399999999993298,10838,True
60,Background,102400,4.98843,4.98893,0.0004999999999997229,106400,True
72,Background,10240,4.98854,4.98871,0.00016999999999978144,10838,True
69,Background,1024,4.98899,4.98941,0.00042000000000008697,1244,True
75,Background,10240,4.99056,4.99074,0.00017999999999940286,10838,True
70,Background,1024,4.99198,4.99239,0.00041000000000046555,1244,True
65,Background,10240,4.99219,4.99244,0.00025000000000030553,10838,True
72,Background,1048576,4.99387,5.03467,0.04079999999999995,1087892,True
76,Background,1048576,4.99388,5.0242,0.03032000000000057,1087892,True
70,Background,102400,4.99871,5.00535,0.006639999999999979,106400,True
58,Background,102400,4.99892,5.00237,0.003449999999999953,106400,True
82,Background,1024,4.99896,4.99941,0.0004499999999998394,1244,True
71,Background,1024,5.00472,5.00516,0.000440000000000218,1244,True
76,Background,102400,5.00648,5.00705,0.0005699999999997374,106400,True
80,Background,1048576,5.0084,5.01489,0.006490000000000329,1087892,True
83,Background,102400,5.01137,5.01182,0.0004499999999998394,106400,True
65,Background,10240,5.01156,5.01173,0.00016999999999978144,10838,True
60,Background,102400,5.01599,5.02335,0.007359999999999367,106400,True
65,Background,1048576,5.01663,5.04929,0.03265999999999991,1087892,True
56,Background,10240,5.0179,5.01836,0.000460000000000349,10838,True
63,Background,10240,5.01819,5.01845,0.00025999999999992696,10838,True
66,Background,1048576,5.01878,5.05909,0.040310000000000734,1087892,True
75,Background,1024,5.02002,5.0204,0.0003800000000007131,1244,True
61,Background,104857600,5.02041,8.90625,3.88584,108768230,True
73,Background,102400,5.02238,5.02282,0.000440000000000218,106400,True
64,Background,102400,5.02353,5.02427,0.0007399999999995188,106400,True
63,Background,102400,5.02358,5.02437,0.0007900000000002905,106400,True
53,Background,1024,5.02486,5.02531,0.0004499999999998394,1244,True
67,Background,1048576,5.02735,5.03702,0.009669999999999845,1087892,True
59,Background,102400,5.02951,5.03018,0.0006699999999995043,106400,True
77,Background,1024,5.03084,5.03133,0.0004899999999992133,1244,True
61,Background,10485760,5.03165,5.39044,0.35878999999999994,10876994,True
68,Background,1024,5.03175,5.03221,0.000460000000000349,1244,True
66,Background,1048576,5.03232,5.03724,0.004919999999999369,1087892,True
78,Background,1024,5.03278,5.03334,0.000560000000000116,1244,True
70,Background,10240,5.03334,5.03352,0.00018000000000029104,10838,True
67,Background,102400,5.03551,5.03618,0.0006699999999995043,106400,True
59,Background,10485760,5.03745,5.25371,0.21626000000000012,10876994,True
67,Background,1024,5.03837,5.03853,0.00016000000000016001,1244,True
78,Background,1048576,5.0384,5.04261,0.004209999999999603,1087892,True
62,Background,10485760,5.03865,5.3234,0.2847500000000007,10876994,True
64,Background,10240,5.03935,5.03951,0.00016000000000016001,10838,True
60,Background,1024,5.04018,5.04044,0.00025999999999992696,1244,True
72,Background,102400,5.04068,5.04641,0.005729999999999791,106400,True
79,Background,10240,5.04271,5.04307,0.0003600000000005821,10838,True
59,Background,1024,5.04317,5.04342,0.00025000000000030553,1244,True
66,Background,1048576,5.04322,5.04735,0.004129999999999967,1087892,True
69,Background,1024,5.04431,5.04449,0.00017999999999940286,1244,True
68,Background,102400,5.04658,5.04832,0.001740000000000741,106400,True
62,Background,1048576,5.04693,5.07962,0.03269000000000055,1087892,True
60,Background,1024,5.04777,5.04807,0.000300000000000189,1244,True
80,Background,1048576,5.0488,5.08825,0.03945000000000043,1087892,True
71,Background,102400,5.05019,5.05071,0.0005199999999998539,106400,True
79,Background,1048576,5.05023,5.05506,0.004830000000000112,1087892,True
72,Background,10240,5.05117,5.05146,0.0002899999999996794,10838,True
73,Background,10240,5.05134,5.05151,0.00017000000000066962,10838,True
74,Background,10240,5.05221,5.05244,0.0002300000000001745,10838,True
63,Background,104857600,5.05375,8.83935,3.7855999999999996,108768230,True
69,Background,10240,5.05589,5.05635,0.000460000000000349,10838,True
61,Background,102400,5.05797,5.06217,0.0041999999999999815,106400,True
81,Background,1024,5.06216,5.06241,0.00024999999999941735,1244,True
68,Background,10240,5.06506,5.06539,0.00032999999999994145,10838,True
73,Background,1024,5.0667,5.06689,0.00018999999999991246,1244,True
79,Background,10240,5.06825,5.06845,0.00020000000000042206,10838,True
77,Background,102400,5.07041,5.07084,0.0004299999999997084,106400,True
64,Background,102400,5.07679,5.0864,0.00961000000000034,106400,True
65,Background,1048576,5.07721,5.08569,0.008479999999999599,1087892,True
75,Background,102400,5.07747,5.0781,0.0006300000000001305,106400,True
52,Background,10240,5.07777,5.0783,0.0005299999999994753,10838,True
70,Background,1048576,5.07826,5.08214,0.0038799999999996615,1087892,True
80,Background,1024,5.07992,5.08038,0.00045999999999946084,1244,True
66,Background,102400,5.08192,5.08684,0.004919999999999369,106400,True
71,Background,1024,5.08566,5.08595,0.0002900000000005676,1244,True
71,Background,10240,5.08592,5.08635,0.00043000000000059657,10838,True
62,Background,102400,5.08778,5.09643,0.00864999999999938,106400,True
53,Background,1024,5.08833,5.08848,0.0001499999999996504,1244,True
62,Background,10240,5.09066,5.0909,0.0002400000000006841,10838,True
79,Background,102400,5.09176,5.09933,0.007570000000000299,106400,True
65,Background,1024,5.09182,5.09232,0.0004999999999997229,1244,True
54,Background,102400,5.09303,5.09362,0.0005899999999998684,106400,True
76,Background,102400,5.09397,5.10137,0.007400000000000517,106400,True
76,Background,1048576,5.09452,5.10705,0.01252999999999993,1087892,True
62,Background,1024,5.0955,5.09565,0.0001499999999996504,1244,True
77,Background,1048576,5.09748,5.11079,0.013309999999999711,1087892,True
68,Background,1024,5.09787,5.09837,0.0004999999999997229,1244,True
80,Background,1048576,5.09856,5.10932,0.010760000000000325,1087892,True
73,Background,1048576,5.10511,5.10933,0.0042200000000001125,1087892,True
73,Background,10240,5.10558,5.10576,0.00018000000000029104,10838,True
70,Background,1048576,5.10576,5.13332,0.02756000000000025,1087892,True
72,Background,10240,5.1072,5.10746,0.00025999999999992696,10838,True
61,Background,10240,5.10787,5.10836,0.0004900000000001015,10838,True
77,Background,1048576,5.10859,5.13022,0.02162999999999915,1087892,True
78,Background,10485760,5.10883,5.45874,0.3499099999999995,10876994,True
72,Background,1048576,5.10905,5.11285,0.0038000000000000256,1087892,True
55,Background,1024,5.11001,5.11041,0.00039999999999995595,1244,True
81,Background,1024,5.11369,5.11415,0.000460000000000349,1244,True
67,Background,1024,5.11532,5.11547,0.0001500000000005386,1244,True
64,Background,10240,5.11638,5.11654,0.00015999999999927184,10838,True
69,Background,1048576,5.11728,5.12131,0.0040300000000002,1087892,True
65,Background,1024,5.1187,5.11894,0.0002400000000006841,1244,True
66,Background,10240,5.11903,5.11941,0.0003799999999998249,10838,True
60,Background,102400,5.11916,5.11967,0.0005100000000002325,106400,True
67,Background,10240,5.11936,5.11952,0.00015999999999927184,10838,True
65,Background,10240,5.12171,5.12219,0.00047999999999959186,10838,True
71,Background,10240,5.12283,5.12333,0.0004999999999997229,10838,True
62,Background,1048576,5.12297,5.16385,0.04088000000000047,1087892,True
63,Background,102400,5.12382,5.13114,0.007319999999999993,106400,True
62,Background,102400,5.12447,5.12511,0.0006400000000006401,106400,True
68,Background,10240,5.12645,5.1266,0.0001499999999996504,10838,True
57,Background,102400,5.12686,5.13071,0.003849999999999909,106400,True
80,Background,1024,5.13029,5.13045,0.00016000000000016001,1244,True
64,Background,10240,5.13174,5.13223,0.0004900000000001015,10838,True
82,Background,1048576,5.13258,5.15181,0.019230000000000302,1087892,True
61,Background,104857600,5.1366,9.13871,4.00211,108768230,True
65,Background,1048576,5.13731,5.14126,0.003949999999999676,1087892,True
71,Background,102400,5.1376,5.13835,0.0007500000000000284,106400,True
81,Background,1024,5.13792,5.13839,0.00046999999999997044,1244,True
83,Background,10485760,5.13948,5.49935,0.3598699999999999,10876994,True
66,Background,102400,5.13973,5.1471,0.007369999999999877,106400,True
74,Background,1048576,5.14156,5.15129,0.009730000000000238,1087892,True
74,Background,1024,5.14199,5.1424,0.00041000000000046555,1244,True
73,Background,1048576,5.14257,5.16038,0.01780999999999988,1087892,True
65,Background,1048576,5.14265,5.17189,0.0292400000000006,1087892,True
63,Background,10240,5.14265,5.14295,0.000300000000000189,10838,True
61,Background,102400,5.14398,5.15028,0.006300000000000416,106400,True
75,Background,102400,5.14459,5.14533,0.000740000000000407,106400,True
66,Background,1024,5.14492,5.14539,0.00046999999999997044,1244,True
74,Background,102400,5.14512,5.14568,0.0005599999999992278,106400,True
63,Background,10240,5.1454,5.14556,0.00015999999999927184,10838,True
71,Background,10240,5.14612,5.14641,0.0002900000000005676,10838,True
81,Background,10240,5.14632,5.14648,0.00016000000000016001,10838,True
72,Background,10240,5.14669,5.1471,0.00040999999999957737,10838,True
64,Background,1024,5.14964,5.1499,0.00025999999999992696,1244,True
67,Background,10240,5.15084,5.15133,0.0004900000000001015,10838,True
72,Background,10240,5.15164,5.15183,0.00018999999999991246,10838,True
73,Background,1024,5.15216,5.15241,0.00024999999999941735,1244,True
70,Background,10240,5.15239,5.15255,0.00016000000000016001,10838,True
68,Background,1024,5.153,5.15338,0.0003800000000007131,1244,True
56,Background,10240,5.15543,5.15559,0.00016000000000016001,10838,True
53,Background,1024,5.1565,5.15665,0.0001499999999996504,1244,True
69,Background,10485760,5.15731,5.43332,0.2760100000000003,10876994,True
72,Background,102400,5.15898,5.15986,0.000880000000000436,106400,True
74,Background,1048576,5.16008,5.16402,0.003940000000000055,1087892,True
69,Background,10240,5.16394,5.16434,0.00039999999999995595,10838,True
78,Background,102400,5.16454,5.16523,0.0006900000000005235,106400,True
74,Background,10240,5.16598,5.16636,0.0003799999999998249,10838,True
76,Background,10485760,5.16655,5.52833,0.36178000000000043,10876994,True
57,Background,102400,5.16713,5.16765,0.0005199999999998539,106400,True
77,Background,10240,5.1685,5.16865,0.0001500000000005386,10838,True
79,Background,102400,5.17413,5.17465,0.0005199999999998539,106400,True
68,Background,1024,5.17415,5.17441,0.00025999999999992696,1244,True
70,Background,102400,5.17584,5.18278,0.006940000000000168,106400,True
73,Background,102400,5.17735,5.17777,0.00042000000000008697,106400,True
63,Background,102400,5.18054,5.18119,0.0006500000000002615,106400,True
58,Background,1024,5.18396,5.18436,0.00039999999999995595,1244,True
72,Background,10240,5.18438,5.18453,0.0001499999999996504,10838,True
78,Background,102400,5.18588,5.18926,0.0033799999999999386,106400,True
59,Background,102400,5.18644,5.18698,0.0005399999999999849,106400,True
75,Background,10485760,5.18767,5.55824,0.37056999999999984,10876994,True
62,Background,1024,5.18871,5.18904,0.00032999999999994145,1244,True
63,Background,1048576,5.19076,5.23491,0.044150000000000134,1087892,True
84,Background,1024,5.19147,5.19162,0.0001500000000005386,1244,True
68,Background,1048576,5.19252,5.20235,0.009830000000000005,1087892,True
73,Background,1048576,5.19299,5.19829,0.005300000000000082,1087892,True
75,Background,1024,5.19566,5.19596,0.000300000000000189,1244,True
64,Background,1024,5.19671,5.19717,0.00045999999999946084,1244,True
79,Background,10240,5.20003,5.20039,0.0003599999999996939,10838,True
70,Background,1024,5.20019,5.20043,0.00023999999999979593,1244,True
75,Background,102400,5.20028,5.2007,0.00042000000000008697,106400,True
73,Background,102400,5.20215,5.20264,0.0004900000000001015,106400,True
69,Background,10240,5.20361,5.2038,0.00018999999999991246,10838,True
77,Background,10240,5.20392,5.20436,0.000440000000000218,10838,True
85,Background,102400,5.204,5.20499,0.0009899999999998244,106400,True
76,Background,102400,5.20451,5.20526,0.0007500000000000284,106400,True
74,Background,10240,5.20568,5.20587,0.00018999999999991246,10838,True
78,Background,10240,5.20572,5.20594,0.0002199999999996649,10838,True
64,Background,1048576,5.2069,5.23521,0.02831000000000028,1087892,True
60,Background,10240,5.20918,5.20943,0.00025000000000030553,10838,True
75,Background,104857600,5.20936,9.10718,3.8978199999999994,108768230,True
79,Background,10485760,5.20952,5.51062,0.3010999999999999,10876994,True
80,Background,10485760,5.21016,5.51328,0.30311999999999983,10876994,True
75,Background,10485760,5.21043,5.47442,0.2639900000000006,10876994,True
65,Background,1024,5.21047,5.21062,0.0001499999999996504,1244,True
82,Background,10485760,5.2108,5.577,0.3662000000000001,10876994,True
76,Background,10240,5.21122,5.21147,0.00025000000000030553,10838,True
81,Background,102400,5.21284,5.21679,0.003949999999999676,106400,True
61,Background,1024,5.21294,5.21338,0.000440000000000218,1244,True
54,Background,10485760,5.21327,5.48662,0.27335000000000065,10876994,True
73,Background,10240,5.21554,5.2157,0.00016000000000016001,10838,True
64,Background,102400,5.21571,5.22234,0.006630000000000358,106400,True
86,Background,102400,5.21626,5.21671,0.0004499999999998394,106400,True
66,Background,102400,5.21733,5.21778,0.0004500000000007276,106400,True
54,Background,10240,5.21927,5.21945,0.00018000000000029104,10838,True
81,Background,10485760,5.21976,5.5982,0.37844000000000033,10876994,True
76,Background,10485760,5.21991,5.56724,0.34733000000000036,10876994,True
77,Background,10240,5.22114,5.22142,0.000280000000000058,10838,True
78,Background,102400,5.22191,5.22729,0.005379999999999718,106400,True
80,Background,102400,5.22248,5.22314,0.0006599999999998829,106400,True
77,Background,1048576,5.22378,5.25563,0.03185000000000038,1087892,True
74,Background,10485760,5.22587,5.57631,0.35044000000000075,10876994,True
71,Background,102400,5.22725,5.2277,0.0004499999999998394,106400,True
70,Background,1048576,5.22906,5.23326,0.0041999999999999815,1087892,True
66,Background,1024,5.2292,5.22944,0.0002400000000006841,1244,True
67,Background,102400,5.23194,5.23838,0.006440000000000445,106400,True
82,Background,1024,5.23198,5.23239,0.00040999999999957737,1244,True
76,Background,102400,5.23242,5.23287,0.0004499999999998394,106400,True
67,Background,10240,5.23369,5.23394,0.00024999999999941735,10838,True
80,Background,1024,5.23539,5.23554,0.0001500000000005386,1244,True
82,Background,1048576,5.23638,5.24517,0.008790000000000298,1087892,True
64,Background,102400,5.23673,5.24369,0.006960000000000299,106400,True
71,Background,10240,5.23934,5.2395,0.00015999999999927184,10838,True
82,Background,10485760,5.24013,5.57815,0.3380200000000002,10876994,True
62,Background,10485760,5.24227,5.57766,0.3353899999999994,10876994,True
61,Background,102400,5.2456,5.24635,0.0007500000000000284,106400,True
74,Background,1048576,5.24619,5.25084,0.004649999999999821,1087892,True
63,Background,10240,5.24645,5.24662,0.00016999999999978144,10838,True
76,Background,1024,5.24646,5.24662,0.00016000000000016001,1244,True
79,Background,10240,5.2466,5.24688,0.000280000000000058,10838,True
64,Background,10240,5.2483,5.24848,0.00017999999999940286,10838,True
63,Background,10240,5.25055,5.2507,0.0001500000000005386,10838,True
77,Background,10485760,5.25228,5.54899,0.29671000000000003,10876994,True
71,Background,1048576,5.25281,5.29648,0.043669999999999654,1087892,True
78,Background,10240,5.25464,5.25489,0.00024999999999941735,10838,True
55,Background,102400,5.25492,5.25986,0.0049399999999995,106400,True
67,Background,1024,5.25613,5.25642,0.0002900000000005676,1244,True
65,Background,1024,5.2578,5.25832,0.0005200000000007421,1244,True
67,Background,10240,5.25848,5.25864,0.00016000000000016001,10838,True
66,Background,10485760,5.25849,5.6393,0.3808100000000003,10876994,True
81,Background,1048576,5.26112,5.26632,0.0052000000000003155,1087892,True
76,Background,102400,5.26123,5.26169,0.00045999999999946084,106400,True
77,Background,10485760,5.26209,5.5453,0.2832100000000004,10876994,True
83,Background,10485760,5.2636,5.67727,0.41366999999999976,10876994,True
62,Background,1024,5.2643,5.26452,0.0002199999999996649,1244,True
84,Background,102400,5.26485,5.26751,0.0026599999999996626,106400,True
79,Background,10240,5.26493,5.26538,0.0004500000000007276,10838,True
66,Background,1048576,5.26521,5.26918,0.003970000000000695,1087892,True
82,Background,102400,5.26546,5.26609,0.0006300000000001305,106400,True
63,Background,10240,5.2658,5.26634,0.0005399999999999849,10838,True
69,Background,102400,5.26876,5.27621,0.007449999999999513,106400,True
78,Background,102400,5.26932,5.26972,0.0004000000000008441,106400,True
78,Background,1048576,5.26932,5.27704,0.007720000000000837,1087892,True
79,Background,1048576,5.26998,5.31873,0.04875000000000007,1087892,True
69,Background,1024,5.27115,5.27145,0.000300000000000189,1244,True
74,Background,102400,5.27145,5.27203,0.000580000000000247,106400,True
83,Background,10485760,5.27232,5.60136,0.32904,10876994,True
67,Background,1048576,5.27302,5.27675,0.003730000000000011,1087892,True
84,Background,10240,5.27466,5.27506,0.00039999999999995595,10838,True
77,Background,10485760,5.27596,5.63533,0.3593699999999993,10876994,True
58,Background,1024,5.27661,5.27677,0.00016000000000016001,1244,True
74,Background,10240,5.27698,5.27738,0.00039999999999995595,10838,True
80,Background,10240,5.27791,5.27836,0.0004499999999998394,10838,True
79,Background,1048576,5.27858,5.30442,0.02584000000000053,1087892,True
63,Background,1048576,5.2786,5.31382,0.03521999999999981,1087892,True
81,Background,102400,5.27868,5.2811,0.002420000000000755,106400,True
70,Background,10240,5.28042,5.28058,0.00015999999999927184,10838,True
71,Background,1048576,5.28256,5.30239,0.019829999999999792,1087892,True
64,Background,1048576,5.28335,5.2872,0.003849999999999909,1087892,True
63,Background,102400,5.2837,5.28815,0.004450000000000287,106400,True
59,Background,1048576,5.28708,5.29161,0.004530000000000811,1087892,True
65,Background,102400,5.29207,5.29269,0.000620000000000509,106400,True
75,Background,102400,5.29334,5.29378,0.000440000000000218,106400,True
79,Background,10485760,5.29346,5.64563,0.3521700000000001,10876994,True
73,Background,1048576,5.2942,5.30147,0.00727000000000011,1087892,True
65,Background,1024,5.29485,5.29542,0.0005699999999997374,1244,True
82,Background,104857600,5.29521,9.22833,3.9331199999999997,108768230,True
65,Background,10240,5.29767,5.29787,0.00019999999999953388,10838,True
87,Background,102400,5.29844,5.29895,0.0005099999999993443,106400,True
70,Background,1048576,5.30012,5.30433,0.004210000000000491,1087892,True
82,Background,10240,5.3007,5.30115,0.0004499999999998394,10838,True
71,Background,1024,5.30122,5.3015,0.000280000000000058,1244,True
75,Background,1024,5.30172,5.30193,0.0002099999999991553,1244,True
72,Background,10485760,5.30354,5.62367,0.3201299999999998,10876994,True
80,Background,10485760,5.30355,5.67111,0.3675599999999992,10876994,True
85,Background,10240,5.30602,5.30642,0.00039999999999995595,10838,True
66,Background,102400,5.30603,5.30666,0.0006300000000001305,106400,True
81,Background,1048576,5.30607,5.31043,0.0043600000000001415,1087892,True
68,Background,102400,5.30637,5.30678,0.00040999999999957737,106400,True
80,Background,10240,5.30774,5.30813,0.0003900000000003345,10838,True
81,Background,1024,5.30859,5.30875,0.00016000000000016001,1244,True
66,Background,1048576,5.31035,5.31934,0.00899000000000072,1087892,True
84,Background,102400,5.31079,5.32131,0.010520000000000529,106400,True
74,Background,1048576,5.31147,5.32267,0.011199999999999655,1087892,True
67,Background,1024,5.31181,5.31232,0.0005099999999993443,1244,True
63,Background,10485760,5.31191,5.65738,0.3454699999999997,10876994,True
78,Background,102400,5.31222,5.31287,0.0006500000000002615,106400,True
83,Background,102400,5.31272,5.32036,0.007640000000000313,106400,True
67,Background,10240,5.31639,5.31654,0.0001499999999996504,10838,True
85,Background,1024,5.31927,5.31951,0.00023999999999979593,1244,True
79,Background,1024,5.32163,5.32181,0.00018000000000029104,1244,True
65,Background,102400,5.32172,5.32682,0.00509999999999966,106400,True
62,Background,102400,5.32311,5.32369,0.000580000000000247,106400,True
64,Background,102400,5.32436,5.32478,0.0004199999999991988,106400,True
84,Background,102400,5.3259,5.32991,0.004010000000000069,106400,True
77,Background,10240,5.32614,5.32647,0.00032999999999994145,10838,True
65,Background,10240,5.32642,5.32658,0.00016000000000016001,10838,True
71,Background,1024,5.32912,5.32945,0.00032999999999994145,1244,True
68,Background,1048576,5.33037,5.33637,0.005999999999999339,1087892,True
76,Background,10240,5.33365,5.33383,0.00018000000000029104,10838,True
85,Background,1048576,5.33385,5.38022,0.04636999999999958,1087892,True
69,Background,10240,5.33402,5.33442,0.00039999999999995595,10838,True
60,Background,10485760,5.33518,5.6174,0.2822199999999997,10876994,True
78,Background,102400,5.33732,5.3378,0.00047999999999959186,106400,True
68,Background,1024,5.34041,5.34056,0.0001499999999996504,1244,True
86,Background,10240,5.34105,5.34146,0.00040999999999957737,10838,True
75,Background,102400,5.34208,5.34269,0.0006099999999999994,106400,True
87,Background,10240,5.34335,5.34353,0.00018000000000029104,10838,True
65,Background,1048576,5.34358,5.36638,0.022800000000000153,1087892,True
79,Background,10240,5.34784,5.34837,0.0005300000000003635,10838,True
63,Background,102400,5.3482,5.34872,0.0005199999999998539,106400,True
72,Background,1048576,5.34932,5.35435,0.005030000000000534,1087892,True
65,Background,1024,5.35046,5.35061,0.0001499999999996504,1244,True
74,Background,102400,5.35472,5.36012,0.005399999999999849,106400,True
78,Background,102400,5.35598,5.36333,0.007350000000000634,106400,True
75,Background,1048576,5.3571,5.36135,0.004249999999999865,1087892,True
69,Background,10485760,5.35976,5.74048,0.38072000000000017,10876994,True
64,Background,102400,5.35998,5.36518,0.005199999999999427,106400,True
75,Background,10240,5.36128,5.3615,0.0002200000000005531,10838,True
67,Background,102400,5.36143,5.36199,0.0005599999999992278,106400,True
68,Background,1024,5.3641,5.36446,0.0003600000000005821,1244,True
71,Background,1024,5.36515,5.36548,0.00032999999999994145,1244,True
80,Background,10240,5.36611,5.36647,0.0003599999999996939,10838,True
70,Background,102400,5.36809,5.36869,0.000600000000000378,106400,True
69,Background,1024,5.36814,5.36846,0.00031999999999943185,1244,True
76,Background,10240,5.36971,5.37004,0.00032999999999994145,10838,True
83,Background,102400,5.37648,5.3771,0.000620000000000509,106400,True
83,Background,102400,5.37871,5.38326,0.004550000000000054,106400,True
70,Background,1048576,5.38181,5.41848,0.03666999999999998,1087892,True
66,Background,1024,5.38211,5.38247,0.0003599999999996939,1244,True
80,Background,1048576,5.3846,5.40623,0.021630000000000038,1087892,True
64,Background,10240,5.38552,5.38568,0.00016000000000016001,10838,True
81,Background,102400,5.38738,5.38778,0.00039999999999995595,106400,True
66,Background,10240,5.38801,5.38844,0.0004299999999997084,10838,True
64,Background,1048576,5.38895,5.42434,0.03538999999999959,1087892,True
86,Background,102400,5.39032,5.39079,0.00046999999999997044,106400,True
78,Background,102400,5.39476,5.40003,0.00527000000000033,106400,True
81,Background,10485760,5.39548,5.7578,0.36231999999999953,10876994,True
72,Background,102400,5.39676,5.40066,0.0039000000000006807,106400,True
56,Background,102400,5.39715,5.39781,0.0006599999999998829,106400,True
69,Background,102400,5.39725,5.39784,0.0005900000000007566,106400,True
70,Background,1024,5.39858,5.39873,0.0001499999999996504,1244,True
66,Background,10240,5.39891,5.3994,0.0004900000000001015,10838,True
67,Background,102400,5.39893,5.40275,0.0038200000000001566,106400,True
61,Background,10240,5.39981,5.40037,0.0005599999999992278,10838,True
77,Background,10240,5.39982,5.40038,0.000560000000000116,10838,True
88,Background,1048576,5.40348,5.42337,0.019890000000000185,1087892,True
64,Background,10240,5.40382,5.40441,0.0005900000000007566,10838,True
73,Background,10240,5.40703,5.40744,0.00041000000000046555,10838,True
84,Background,1048576,5.4072,5.41167,0.004470000000000418,1087892,True
63,Background,102400,5.40812,5.40872,0.0005999999999994898,106400,True
82,Background,10240,5.40912,5.4095,0.0003800000000007131,10838,True
72,Background,1024,5.40934,5.40954,0.00019999999999953388,1244,True
68,Background,10240,5.41073,5.41099,0.00025999999999992696,10838,True
66,Background,10240,5.41195,5.41241,0.000460000000000349,10838,True
76,Background,102400,5.41232,5.41276,0.0004399999999993298,106400,True
80,Background,1024,5.41295,5.4134,0.0004499999999998394,1244,True
55,Background,1024,5.41559,5.41575,0.00016000000000016001,1244,True
87,Background,10485760,5.41723,5.76734,0.3501099999999999,10876994,True
83,Background,102400,5.42086,5.42904,0.00817999999999941,106400,True
76,Background,10240,5.42197,5.42241,0.000440000000000218,10838,True
75,Background,1048576,5.42261,5.44038,0.017770000000000508,1087892,True
81,Background,10240,5.42325,5.42351,0.00025999999999992696,10838,True
71,Background,10240,5.42456,5.42473,0.00017000000000066962,10838,True
76,Background,1048576,5.42461,5.44313,0.018519999999999648,1087892,True
82,Background,10485760,5.42596,5.80786,0.3818999999999999,10876994,True
80,Background,10485760,5.42641,5.78585,0.3594400000000002,10876994,True
67,Background,1048576,5.42805,5.43321,0.005160000000000053,1087892,True
64,Background,10240,5.42833,5.42852,0.00018999999999991246,10838,True
66,Background,10485760,5.42894,5.83734,0.4084000000000003,10876994,True
78,Background,1048576,5.43166,5.45838,0.026720000000000077,1087892,True
67,Background,10485760,5.43336,5.78715,0.35378999999999916,10876994,True
64,Background,102400,5.43343,5.43399,0.0005599999999992278,106400,True
77,Background,1048576,5.43746,5.45077,0.013310000000000599,1087892,True
72,Background,102400,5.43821,5.43875,0.0005399999999999849,106400,True
84,Background,102400,5.43876,5.44037,0.0016099999999994452,106400,True
67,Background,10240,5.44016,5.44047,0.0003100000000006986,10838,True
88,Background,1024,5.44087,5.44132,0.0004499999999998394,1244,True
74,Background,102400,5.44229,5.44275,0.000460000000000349,106400,True
83,Background,1024,5.44369,5.44398,0.0002899999999996794,1244,True
84,Background,102400,5.44442,5.44486,0.000440000000000218,106400,True
71,Background,1048576,5.44573,5.49529,0.049559999999999604,1087892,True
65,Background,102400,5.44888,5.45551,0.006630000000000358,106400,True
67,Background,10485760,5.44989,5.81638,0.36648999999999976,10876994,True
79,Background,10240,5.45145,5.45161,0.00015999999999927184,10838,True
68,Background,10485760,5.45306,5.78338,0.3303200000000004,10876994,True
85,Background,102400,5.45322,5.45376,0.0005399999999999849,106400,True
68,Background,10485760,5.45388,5.82403,0.37014999999999976,10876994,True
66,Background,1048576,5.45472,5.49064,0.03591999999999995,1087892,True
86,Background,102400,5.45752,5.45821,0.0006900000000005235,106400,True
76,Background,102400,5.45935,5.45983,0.00048000000000048004,106400,True
72,Background,102400,5.46051,5.46108,0.0005699999999997374,106400,True
68,Background,10240,5.46109,5.46145,0.0003599999999996939,10838,True
68,Background,102400,5.46238,5.4628,0.00042000000000008697,106400,True
69,Background,102400,5.4626,5.46334,0.0007399999999995188,106400,True
72,Background,1024,5.46304,5.46347,0.0004299999999997084,1244,True
72,Background,1048576,5.46372,5.49837,0.03465000000000007,1087892,True
68,Background,102400,5.4641,5.46481,0.0007099999999997664,106400,True
81,Background,10240,5.46429,5.46455,0.00025999999999992696,10838,True
65,Background,1048576,5.46531,5.46973,0.004420000000000535,1087892,True
77,Background,1024,5.46533,5.46554,0.00021000000000004349,1244,True
78,Background,102400,5.46592,5.47044,0.0045200000000003016,106400,True
69,Background,10240,5.46607,5.4665,0.0004299999999997084,10838,True
81,Background,1024,5.46729,5.46754,0.00024999999999941735,1244,True
69,Background,102400,5.46791,5.47271,0.0048000000000003595,106400,True
73,Background,104857600,5.46904,9.48644,4.0174,108768230,True
70,Background,1048576,5.46949,5.47891,0.00941999999999954,1087892,True
74,Background,1024,5.47173,5.47192,0.00018999999999991246,1244,True
73,Background,102400,5.47194,5.47939,0.007450000000000401,106400,True
89,Background,10485760,5.47259,5.86237,0.38978,10876994,True
71,Background,1048576,5.47372,5.50867,0.03495000000000026,1087892,True
82,Background,102400,5.47456,5.47536,0.0007999999999999119,106400,True
79,Background,1024,5.47477,5.47535,0.0005799999999993588,1244,True
84,Background,1048576,5.4753,5.47936,0.0040599999999999525,1087892,True
69,Background,10485760,5.476,5.81218,0.3361799999999997,10876994,True
82,Background,10485760,5.47614,5.83932,0.36317999999999984,10876994,True
70,Background,1048576,5.47804,5.5234,0.04535999999999962,1087892,True
70,Background,1048576,5.47919,5.4828,0.003610000000000113,1087892,True
85,Background,10485760,5.47995,5.85085,0.3709000000000007,10876994,True
71,Background,10240,5.48175,5.48197,0.0002199999999996649,10838,True
73,Background,1024,5.48359,5.48374,0.0001499999999996504,1244,True
72,Background,1024,5.48552,5.48567,0.0001499999999996504,1244,True
73,Background,10240,5.48597,5.48642,0.0004499999999998394,10838,True
83,Background,1048576,5.4889,5.52337,0.03446999999999978,1087892,True
74,Background,10240,5.48951,5.48966,0.0001499999999996504,10838,True
77,Background,1048576,5.48989,5.53019,0.040300000000000225,1087892,True
73,Background,1024,5.49112,5.49148,0.0003600000000005821,1244,True
73,Background,1024,5.49192,5.49238,0.00045999999999946084,1244,True
79,Background,10240,5.49314,5.49349,0.0003500000000000725,10838,True
74,Background,102400,5.49466,5.49811,0.003449999999999953,106400,True
89,Background,10240,5.495,5.49546,0.00045999999999946084,10838,True
68,Background,102400,5.49504,5.49629,0.0012499999999997513,106400,True
70,Background,1048576,5.49619,5.5104,0.01420999999999939,1087892,True
70,Background,1048576,5.4987,5.55236,0.05365999999999982,1087892,True
77,Background,102400,5.49891,5.50267,0.0037599999999997635,106400,True
78,Background,1048576,5.50128,5.50516,0.0038799999999996615,1087892,True
72,Background,102400,5.50476,5.51335,0.008589999999999876,106400,True
74,Background,10240,5.50479,5.50535,0.000560000000000116,10838,True
86,Background,102400,5.50499,5.51037,0.005379999999999718,106400,True
79,Background,102400,5.50606,5.50901,0.00295000000000023,106400,True
65,Background,1024,5.50642,5.50659,0.00016999999999978144,1244,True
67,Background,1024,5.50817,5.50849,0.00032000000000032003,1244,True
68,Background,10240,5.50851,5.50868,0.00016999999999978144,10838,True
80,Background,1024,5.50862,5.50893,0.0003100000000006986,1244,True
71,Background,104857600,5.50954,9.59524,4.0857,108768230,True
66,Background,1048576,5.51072,5.55816,0.04743999999999993,1087892,True
79,Background,102400,5.51116,5.51173,0.0005699999999997374,106400,True
85,Background,102400,5.51166,5.51233,0.0006700000000003925,106400,True
72,Background,1048576,5.51402,5.5497,0.03567999999999927,1087892,True
80,Background,102400,5.51467,5.51829,0.0036200000000006227,106400,True
69,Background,10485760,5.51523,5.82715,0.31191999999999975,10876994,True
90,Background,10240,5.51691,5.51746,0.0005499999999996064,10838,True
81,Background,1048576,5.51712,5.52099,0.00387000000000004,1087892,True
78,Background,102400,5.51803,5.52224,0.004209999999999603,106400,True
86,Background,102400,5.51933,5.51978,0.0004499999999998394,106400,True
81,Background,10240,5.52127,5.52149,0.0002199999999996649,10838,True
68,Background,102400,5.52138,5.52178,0.00039999999999995595,106400,True
56,Background,102400,5.52191,5.52542,0.003510000000000346,106400,True
62,Background,102400,5.52371,5.52644,0.002729999999999677,106400,True
82,Background,102400,5.52373,5.52842,0.004690000000000083,106400,True
83,Background,1024,5.52387,5.52444,0.0005700000000006256,1244,True
69,Background,10485760,5.5281,5.82945,0.30134999999999934,10876994,True
75,Background,1048576,5.52913,5.54145,0.012319999999999887,1087892,True
75,Background,102400,5.53073,5.53194,0.0012099999999994893,106400,True
65,Background,102400,5.53153,5.53232,0.0007900000000002905,106400,True
84,Background,102400,5.53475,5.53882,0.004070000000000462,106400,True
80,Background,102400,5.53677,5.54119,0.004420000000000535,106400,True
71,Background,1048576,5.53794,5.58735,0.049409999999999954,1087892,True
71,Background,10485760,5.53826,5.88341,0.3451499999999994,10876994,True
57,Background,1048576,5.53847,5.55171,0.013239999999999696,1087892,True
77,Background,1048576,5.539,5.57456,0.03556000000000026,1087892,True
71,Background,10240,5.53957,5.53981,0.00023999999999979593,10838,True
70,Background,10240,5.53963,5.53999,0.0003600000000005821,10838,True
86,Background,102400,5.54114,5.54173,0.0005899999999998684,106400,True
71,Background,1024,5.54396,5.54444,0.00047999999999959186,1244,True
79,Background,1048576,5.54552,5.57252,0.027000000000000135,1087892,True
73,Background,104857600,5.54581,9.59049,4.0446800000000005,108768230,True
87,Background,102400,5.55077,5.55469,0.0039199999999999235,106400,True
80,Background,102400,5.55252,5.55307,0.0005499999999996064,106400,True
69,Background,102400,5.55302,5.55509,0.0020699999999997942,106400,True
84,Background,10240,5.55377,5.55433,0.000560000000000116,10838,True
85,Background,10240,5.55478,5.55509,0.00030999999999981043,10838,True
57,Background,1048576,5.55548,5.59188,0.036399999999999544,1087892,True
82,Background,102400,5.55593,5.56027,0.0043400000000000105,106400,True
65,Background,102400,5.55663,5.55724,0.0006099999999999994,106400,True
66,Background,1048576,5.55764,5.60005,0.04241000000000028,1087892,True
75,Background,1024,5.55931,5.55952,0.00021000000000004349,1244,True
66,Background,1024,5.55968,5.56009,0.00040999999999957737,1244,True
72,Background,10240,5.56049,5.56065,0.00016000000000016001,10838,True
82,Background,10485760,5.56085,5.93481,0.3739599999999994,10876994,True
76,Background,1024,5.56098,5.5614,0.00042000000000008697,1244,True
67,Background,10240,5.56127,5.56149,0.0002199999999996649,10838,True
70,Background,1048576,5.56418,5.56915,0.004969999999999253,1087892,True
90,Background,102400,5.56611,5.56675,0.0006399999999997519,106400,True
75,Background,102400,5.5674,5.56795,0.0005499999999996064,106400,True
67,Background,10240,5.56767,5.56809,0.00042000000000008697,10838,True
72,Background,102400,5.56818,5.56873,0.0005500000000004945,106400,True
80,Background,102400,5.5695,5.57019,0.0006900000000005235,106400,True
91,Background,1048576,5.57135,5.58435,0.0129999999999999,1087892,True
71,Background,10240,5.57215,5.57251,0.0003600000000005821,10838,True
92,Background,1024,5.57279,5.57303,0.00023999999999979593,1244,True
81,Background,102400,5.57284,5.57472,0.0018799999999998818,106400,True
76,Background,102400,5.57321,5.57386,0.0006499999999993733,106400,True
58,Background,1024,5.57502,5.57541,0.00038999999999944635,1244,True
87,Background,1024,5.57702,5.57743,0.00040999999999957737,1244,True
69,Background,1048576,5.57733,5.58292,0.005589999999999762,1087892,True
69,Background,102400,5.58114,5.58173,0.0005899999999998684,106400,True
74,Background,1024,5.58334,5.58353,0.00018999999999991246,1244,True
73,Background,104857600,5.58675,9.73848,4.151729999999999,108768230,True
74,Background,1048576,5.58719,5.59541,0.00822000000000056,1087892,True
74,Background,1048576,5.58752,5.62642,0.03890000000000082,1087892,True
78,Background,102400,5.5878,5.59035,0.0025500000000002743,106400,True
76,Background,102400,5.58829,5.58878,0.0004900000000001015,106400,True
70,Background,10240,5.59039,5.59055,0.00016000000000016001,10838,True
68,Background,1048576,5.59218,5.59773,0.005550000000000388,1087892,True
77,Background,102400,5.59275,5.59695,0.0041999999999999815,106400,True
77,Background,1024,5.59298,5.59345,0.00046999999999997044,1244,True
68,Background,102400,5.59416,5.59475,0.0005900000000007566,106400,True
81,Background,102400,5.5947,5.59546,0.000760000000000538,106400,True
74,Background,10485760,5.5958,5.93855,0.34275000000000055,10876994,True
70,Background,10240,5.59695,5.59743,0.00048000000000048004,10838,True
87,Background,1048576,5.59723,5.60236,0.005130000000000301,1087892,True
59,Background,1048576,5.59786,5.6383,0.040440000000000254,1087892,True
83,Background,10240,5.5979,5.59844,0.0005399999999999849,10838,True
65,Background,102400,5.59935,5.59992,0.0005699999999997374,106400,True
73,Background,10485760,5.60193,5.97029,0.36836,10876994,True
75,Background,1048576,5.6026,5.62222,0.019620000000000637,1087892,True
75,Background,10240,5.60353,5.6037,0.00016999999999978144,10838,True
75,Background,1048576,5.60414,5.60792,0.0037799999999998946,1087892,True
67,Background,1024,5.60456,5.60472,0.00016000000000016001,1244,True
76,Background,1048576,5.60585,5.6518,0.04594999999999949,1087892,True
78,Background,10485760,5.60694,5.95839,0.3514499999999998,10876994,True
79,Background,1024,5.60924,5.60952,0.000280000000000058,1244,True
80,Background,102400,5.61037,5.61079,0.00042000000000008697,106400,True
83,Background,10240,5.61063,5.61079,0.00016000000000016001,10838,True
83,Background,102400,5.61112,5.61171,0.0005900000000007566,106400,True
82,Background,102400,5.61124,5.61175,0.0005100000000002325,106400,True
93,Background,1024,5.61245,5.6126,0.0001499999999996504,1244,True
80,Background,1024,5.61615,5.61649,0.0003399999999995629,1244,True
81,Background,1024,5.61671,5.61688,0.00016999999999978144,1244,True
65,Background,104857600,5.61679,9.75443,4.137639999999999,108768230,True
88,Background,1048576,5.61722,5.62514,0.007920000000000371,1087892,True
70,Background,10240,5.61834,5.61855,0.00021000000000004349,10838,True
82,Background,10240,5.61908,5.61946,0.0003799999999998249,10838,True
69,Background,10240,5.61959,5.61979,0.00020000000000042206,10838,True
71,Background,102400,5.6198,5.62706,0.007260000000000488,106400,True
73,Background,10240,5.62076,5.621,0.0002400000000006841,10838,True
89,Background,102400,5.62108,5.62167,0.0005899999999998684,106400,True
91,Background,102400,5.62323,5.62374,0.0005099999999993443,106400,True
63,Background,102400,5.62389,5.62743,0.0035400000000000986,106400,True
68,Background,102400,5.62414,5.62471,0.0005700000000006256,106400,True
81,Background,10240,5.62604,5.62645,0.00041000000000046555,10838,True
71,Background,102400,5.62689,5.62933,0.0024399999999999977,106400,True
84,Background,10240,5.62965,5.6299,0.00025000000000030553,10838,True
81,Background,10240,5.6299,5.6304,0.0004999999999997229,10838,True
78,Background,1048576,5.63088,5.66944,0.038559999999999484,1087892,True
90,Background,10240,5.6382,5.63848,0.000280000000000058,10838,True
60,Background,102400,5.63949,5.64012,0.0006299999999992423,106400,True
76,Background,102400,5.63988,5.64342,0.0035400000000000986,106400,True
78,Background,1048576,5.64204,5.64601,0.003970000000000695,1087892,True
79,Background,1024,5.64307,5.64348,0.00041000000000046555,1244,True
83,Background,102400,5.64562,5.64735,0.0017300000000002314,106400,True
80,Background,102400,5.64633,5.64675,0.00042000000000008697,106400,True
84,Background,10485760,5.64852,5.94533,0.2968099999999998,10876994,True
74,Background,1024,5.64985,5.65038,0.0005300000000003635,1244,True
79,Background,10485760,5.65094,6.03242,0.3814799999999998,10876994,True
75,Background,102400,5.65111,5.65171,0.0005999999999994898,106400,True
88,Background,102400,5.65125,5.65174,0.0004900000000001015,106400,True
83,Background,10485760,5.65225,5.93538,0.2831299999999999,10876994,True
80,Background,102400,5.65306,5.65371,0.0006500000000002615,106400,True
92,Background,1024,5.65455,5.65471,0.00015999999999927184,1244,True
70,Background,10240,5.65492,5.6554,0.00048000000000048004,10838,True
77,Background,1048576,5.65533,5.66071,0.005379999999999718,1087892,True
81,Background,1048576,5.66073,5.69436,0.033629999999999605,1087892,True
82,Background,1048576,5.6612,5.66636,0.005160000000000053,1087892,True
70,Background,1048576,5.66487,5.71336,0.048490000000000144,1087892,True
82,Background,1048576,5.66576,5.70724,0.04147999999999996,1087892,True
72,Background,10240,5.66596,5.66641,0.0004499999999998394,10838,True
66,Background,1024,5.66619,5.66646,0.0002699999999995484,1244,True
76,Background,1048576,5.66678,5.70585,0.039069999999999716,1087892,True
85,Background,102400,5.66696,5.67107,0.004109999999999836,106400,True
66,Background,102400,5.66752,5.66822,0.000700000000000145,106400,True
66,Background,10240,5.66928,5.66951,0.0002300000000001745,10838,True
84,Background,102400,5.67026,5.67074,0.00048000000000048004,106400,True
71,Background,1048576,5.67162,5.70166,0.03004000000000051,1087892,True
73,Background,102400,5.67226,5.67277,0.0005100000000002325,106400,True
74,Background,102400,5.67269,5.67382,0.0011299999999998533,106400,True
80,Background,1024,5.67289,5.67342,0.0005300000000003635,1244,True
71,Background,10485760,5.67534,5.98209,0.3067500000000001,10876994,True
81,Background,1048576,5.67591,5.71934,0.04342999999999986,1087892,True
77,Background,104857600,5.6762,9.74756,4.07136,108768230,True
88,Background,1048576,5.67963,5.70536,0.025729999999999364,1087892,True
61,Background,102400,5.68036,5.68083,0.00046999999999997044,106400,True
72,Background,10240,5.68078,5.68131,0.0005299999999994753,10838,True
84,Background,10485760,5.68295,6.07206,0.3891099999999996,10876994,True
84,Background,102400,5.68625,5.68675,0.0004999999999997229,106400,True
67,Background,10240,5.68924,5.6895,0.00025999999999992696,10838,True
88,Background,1024,5.69027,5.6905,0.0002300000000001745,1244,True
78,Background,1024,5.69114,5.69149,0.0003500000000000725,1244,True
75,Background,102400,5.693,5.69442,0.001420000000000421,106400,True
83,Background,102400,5.69565,5.69633,0.0006800000000000139,106400,True
75,Background,10240,5.69677,5.69731,0.0005399999999999849,10838,True
85,Background,1048576,5.69859,5.73138,0.03278999999999943,1087892,True
85,Background,10240,5.69958,5.69975,0.00016999999999978144,10838,True
89,Background,10240,5.69973,5.7001,0.0003700000000002035,10838,True
77,Background,1048576,5.70009,5.70526,0.005169999999999675,1087892,True
86,Background,10240,5.70283,5.70341,0.000580000000000247,10838,True
85,Background,10240,5.70512,5.70544,0.00032000000000032003,10838,True
69,Background,102400,5.70725,5.70772,0.00046999999999997044,106400,True
72,Background,1048576,5.70894,5.75641,0.04746999999999968,1087892,True
87,Background,102400,5.70914,5.70972,0.000580000000000247,106400,True
72,Background,104857600,5.71004,9.77243,4.06239,108768230,True
68,Background,102400,5.71072,5.71634,0.005619999999999514,106400,True
83,Background,10240,5.71121,5.71153,0.00031999999999943185,10838,True
67,Background,102400,5.71252,5.71333,0.0008100000000004215,106400,True
86,Background,102400,5.7133,5.71374,0.0004399999999993298,106400,True
83,Background,1024,5.71598,5.71641,0.0004299999999997084,1244,True
72,Background,102400,5.72016,5.72074,0.000580000000000247,106400,True
87,Background,102400,5.72054,5.72126,0.000720000000000276,106400,True
78,Background,102400,5.72088,5.72435,0.003470000000000084,106400,True
90,Background,1024,5.72179,5.72218,0.00038999999999944635,1244,True
94,Background,102400,5.72206,5.72268,0.000620000000000509,106400,True
69,Background,1024,5.72238,5.72254,0.00016000000000016001,1244,True
73,Background,10485760,5.72263,6.11974,0.3971100000000005,10876994,True
85,Background,1048576,5.72332,5.72734,0.0040199999999996905,1087892,True
70,Background,102400,5.72406,5.72477,0.0007100000000006546,106400,True
86,Background,1048576,5.72413,5.73532,0.011190000000000033,1087892,True
79,Background,10240,5.72457,5.72484,0.00027000000000043656,10838,True
78,Background,10240,5.7256,5.72576,0.00016000000000016001,10838,True
74,Background,10240,5.72659,5.72688,0.0002900000000005676,10838,True
69,Background,102400,5.72659,5.73048,0.003890000000000171,106400,True
67,Background,1048576,5.72693,5.77137,0.04443999999999981,1087892,True
85,Background,1048576,5.7282,5.73273,0.004529999999999923,1087892,True
79,Background,10485760,5.73115,6.02037,0.28921999999999937,10876994,True
85,Background,102400,5.73182,5.73639,0.004570000000000185,106400,True
70,Background,10240,5.73338,5.73355,0.00016999999999978144,10838,True
86,Background,10240,5.73342,5.73358,0.00016000000000016001,10838,True
75,Background,102400,5.73417,5.73474,0.0005700000000006256,106400,True
73,Background,10240,5.73432,5.73452,0.00019999999999953388,10838,True
76,Background,102400,5.73509,5.73568,0.0005900000000007566,106400,True
87,Background,1048576,5.73663,5.77749,0.04086000000000034,1087892,True
84,Background,1024,5.73684,5.73738,0.0005399999999999849,1244,True
86,Background,1024,5.73729,5.73751,0.0002200000000005531,1244,True
79,Background,1048576,5.73743,5.74138,0.003950000000000564,1087892,True
87,Background,10240,5.73743,5.7376,0.00016999999999978144,10838,True
76,Background,10240,5.73743,5.73758,0.0001500000000005386,10838,True
82,Background,10240,5.74313,5.74348,0.0003500000000000725,10838,True
84,Background,10240,5.74572,5.74595,0.00022999999999928633,10838,True
82,Background,10240,5.74603,5.74644,0.00040999999999957737,10838,True
77,Background,102400,5.74664,5.74983,0.003190000000000026,106400,True
70,Background,1024,5.74739,5.74755,0.00016000000000016001,1244,True
68,Background,10240,5.75045,5.75061,0.00016000000000016001,10838,True
77,Background,1024,5.75106,5.75146,0.00039999999999995595,1244,True
72,Background,1048576,5.75119,5.75582,0.00462999999999969,1087892,True
88,Background,1048576,5.75493,5.79438,0.03945000000000043,1087892,True
85,Background,102400,5.75637,5.75683,0.00045999999999946084,106400,True
86,Background,102400,5.75785,5.76142,0.003569999999999851,106400,True
86,Background,10240,5.75836,5.75853,0.00017000000000066962,10838,True
77,Background,1048576,5.76095,5.7975,0.03655000000000008,1087892,True
71,Background,102400,5.76157,5.76236,0.0007900000000002905,106400,True
80,Background,10485760,5.76274,6.11835,0.3556100000000004,10876994,True
74,Background,10240,5.76306,5.76345,0.00038999999999944635,10838,True
83,Background,104857600,5.76389,9.89398,4.130090000000001,108768230,True
85,Background,1048576,5.76671,5.80537,0.03866000000000014,1087892,True
74,Background,1024,5.76684,5.76732,0.00047999999999959186,1244,True
76,Background,1048576,5.76801,5.77273,0.0047199999999998354,1087892,True
86,Background,1024,5.76887,5.76943,0.000560000000000116,1244,True
85,Background,10240,5.76985,5.7704,0.0005500000000004945,10838,True
73,Background,10240,5.76985,5.7704,0.0005500000000004945,10838,True
73,Background,1048576,5.77074,5.81431,0.04356999999999989,1087892,True
78,Background,10240,5.7735,5.77365,0.0001499999999996504,10838,True
86,Background,10485760,5.77626,6.08717,0.3109100000000007,10876994,True
86,Background,102400,5.77699,5.7834,0.006410000000000693,106400,True
66,Background,1024,5.77907,5.77945,0.0003799999999998249,1244,True
87,Background,10240,5.77951,5.77967,0.00016000000000016001,10838,True
88,Background,10240,5.77972,5.77995,0.0002300000000001745,10838,True
87,Background,1048576,5.77987,5.83444,0.05457000000000001,1087892,True
72,Background,1024,5.78007,5.78045,0.0003799999999998249,1244,True
64,Background,1048576,5.78128,5.78657,0.005290000000000461,1087892,True
82,Background,1024,5.78297,5.78345,0.00048000000000048004,1244,True
86,Background,1048576,5.7846,5.81265,0.028049999999999464,1087892,True
72,Background,1024,5.78658,5.78676,0.00018000000000029104,1244,True
80,Background,102400,5.78738,5.78782,0.000440000000000218,106400,True
87,Background,102400,5.78758,5.78829,0.0007099999999997664,106400,True
72,Background,10240,5.78779,5.78833,0.0005399999999999849,10838,True
91,Background,104857600,5.78915,9.87546,4.08631,108768230,True
88,Background,1048576,5.79079,5.84129,0.050499999999999545,1087892,True
73,Background,1048576,5.79224,5.79937,0.007130000000000081,1087892,True
76,Background,1048576,5.79502,5.79914,0.004120000000000346,1087892,True
62,Background,10240,5.79563,5.79583,0.00019999999999953388,10838,True
87,Background,102400,5.79604,5.79672,0.0006800000000000139,106400,True
67,Background,102400,5.79674,5.80038,0.0036399999999998656,106400,True
73,Background,102400,5.79733,5.79791,0.000580000000000247,106400,True
79,Background,102400,5.79813,5.79871,0.000580000000000247,106400,True
65,Background,1024,5.79879,5.79914,0.0003500000000000725,1244,True
77,Background,10240,5.79933,5.7995,0.00016999999999978144,10838,True
81,Background,102400,5.79965,5.80044,0.0007900000000002905,106400,True
74,Background,102400,5.80036,5.80077,0.00040999999999957737,106400,True
81,Background,1048576,5.80218,5.81141,0.009230000000000516,1087892,True
63,Background,1048576,5.80232,5.81243,0.010110000000000063,1087892,True
82,Background,1048576,5.80317,5.81258,0.009409999999999918,1087892,True
74,Background,102400,5.80329,5.80394,0.0006500000000002615,106400,True
68,Background,10240,5.80376,5.80435,0.0005900000000007566,10838,True
93,Background,10240,5.80436,5.80457,0.00021000000000004349,10838,True
68,Background,102400,5.80861,5.80931,0.000700000000000145,106400,True
73,Background,102400,5.8092,5.80972,0.0005200000000007421,106400,True
88,Background,102400,5.81057,5.81126,0.0006899999999996353,106400,True
94,Background,1024,5.81062,5.81079,0.00016999999999978144,1244,True
75,Background,1048576,5.81107,5.81514,0.004070000000000462,1087892,True
88,Background,1024,5.81269,5.81287,0.00018000000000029104,1244,True
88,Background,10485760,5.81289,6.19642,0.3835299999999995,10876994,True
83,Background,1024,5.81441,5.81456,0.0001500000000005386,1244,True
64,Background,10240,5.81451,5.81467,0.00015999999999927184,10838,True
83,Background,1048576,5.81512,5.81976,0.004639999999999311,1087892,True
82,Background,10485760,5.81575,6.14991,0.3341599999999998,10876994,True
89,Background,102400,5.8166,5.8173,0.000700000000000145,106400,True
84,Background,102400,5.81734,5.8178,0.000460000000000349,106400,True
89,Background,10240,5.81734,5.81753,0.00018999999999991246,10838,True
89,Background,1048576,5.8181,5.82176,0.0036599999999999966,1087892,True
95,Background,1024,5.81834,5.81851,0.00016999999999978144,1244,True
87,Background,10240,5.81893,5.81942,0.0004900000000001015,10838,True
76,Background,102400,5.81933,5.81981,0.00048000000000048004,106400,True
89,Background,102400,5.8198,5.82546,0.005659999999999776,106400,True
81,Background,1024,5.81991,5.82041,0.0004999999999997229,1244,True
89,Background,102400,5.82058,5.8213,0.000720000000000276,106400,True
80,Background,102400,5.8209,5.82447,0.003569999999999851,106400,True
73,Background,102400,5.8214,5.82181,0.00041000000000046555,106400,True
82,Background,1048576,5.82295,5.85538,0.032430000000000625,1087892,True
73,Background,10240,5.82309,5.82347,0.0003800000000007131,10838,True
92,Background,10240,5.82323,5.8235,0.00027000000000043656,10838,True
75,Background,10240,5.82325,5.82351,0.00025999999999992696,10838,True
87,Background,10240,5.82333,5.82354,0.00021000000000004349,10838,True
88,Background,10240,5.82392,5.82441,0.0004900000000001015,10838,True
89,Background,10240,5.8251,5.82545,0.0003500000000000725,10838,True
81,Background,102400,5.8255,5.82612,0.000620000000000509,106400,True
84,Background,1024,5.82606,5.82643,0.0003700000000002035,1244,True
78,Background,10240,5.82712,5.82746,0.00034000000000045105,10838,True
85,Background,102400,5.82734,5.82776,0.0004199999999991988,106400,True
87,Background,10240,5.8275,5.82766,0.00016000000000016001,10838,True
74,Background,102400,5.82836,5.82882,0.000460000000000349,106400,True
89,Background,102400,5.82864,5.83029,0.0016499999999997073,106400,True
66,Background,1024,5.82902,5.82945,0.0004299999999997084,1244,True
88,Background,10485760,5.82942,6.145,0.31557999999999975,10876994,True
85,Background,102400,5.83106,5.83168,0.000620000000000509,106400,True
75,Background,1024,5.83164,5.8318,0.00016000000000016001,1244,True
83,Background,1024,5.83172,5.832,0.000280000000000058,1244,True
58,Background,102400,5.83204,5.83267,0.0006300000000001305,106400,True
74,Background,102400,5.83232,5.83275,0.0004299999999997084,106400,True
93,Background,102400,5.83454,5.83523,0.0006900000000005235,106400,True
83,Background,10485760,5.83812,6.18688,0.3487600000000004,10876994,True
77,Background,1024,5.83927,5.83949,0.0002199999999996649,1244,True
76,Background,102400,5.83936,5.83977,0.00040999999999957737,106400,True
75,Background,1048576,5.84142,5.84795,0.006529999999999703,1087892,True
90,Background,1048576,5.84226,5.84619,0.003930000000000433,1087892,True
90,Background,104857600,5.84273,9.99654,4.153809999999999,108768230,True
82,Background,102400,5.84331,5.8438,0.0004900000000001015,106400,True
86,Background,102400,5.84561,5.84639,0.000780000000000669,106400,True
94,Background,10240,5.84717,5.84745,0.000280000000000058,10838,True
75,Background,102400,5.84791,5.85141,0.0034999999999998366,106400,True
71,Background,102400,5.84812,5.84867,0.0005500000000004945,106400,True
86,Background,102400,5.84891,5.8529,0.003989999999999938,106400,True
83,Background,102400,5.84897,5.85447,0.0055000000000005045,106400,True
69,Background,102400,5.84904,5.84968,0.0006400000000006401,106400,True
74,Background,102400,5.84977,5.85876,0.008989999999999831,106400,True
96,Background,102400,5.85053,5.85117,0.0006399999999997519,106400,True
68,Background,1024,5.85188,5.85239,0.0005099999999993443,1244,True
76,Background,1048576,5.85227,5.8568,0.004529999999999923,1087892,True
84,Background,10485760,5.85288,6.1943,0.3414200000000003,10876994,True
76,Background,102400,5.85442,5.85494,0.0005199999999998539,106400,True
75,Background,102400,5.85577,5.86234,0.006569999999999965,106400,True
77,Background,102400,5.85968,5.8643,0.0046200000000000685,106400,True
79,Background,10240,5.86051,5.86066,0.0001500000000005386,10838,True
85,Background,102400,5.86152,5.86219,0.0006700000000003925,106400,True
75,Background,10240,5.86421,5.86448,0.00027000000000043656,10838,True
89,Background,102400,5.86454,5.86525,0.0007099999999997664,106400,True
97,Background,1048576,5.86471,5.89776,0.033050000000000246,1087892,True
80,Background,102400,5.86763,5.86838,0.0007500000000000284,106400,True
86,Background,1048576,5.86918,5.87298,0.0038000000000000256,1087892,True
83,Background,10240,5.8733,5.87348,0.00017999999999940286,10838,True
69,Background,104857600,5.8734,9.99251,4.119109999999999,108768230,True
87,Background,1048576,5.87486,5.91039,0.03552999999999962,1087892,True
79,Background,10240,5.87536,5.87552,0.00016000000000016001,10838,True
80,Background,10240,5.87691,5.8774,0.0004900000000001015,10838,True
77,Background,10240,5.87859,5.8788,0.00021000000000004349,10838,True
90,Background,1024,5.87886,5.87936,0.0004999999999997229,1244,True
73,Background,1024,5.87921,5.87946,0.00025000000000030553,1244,True
70,Background,1048576,5.88156,5.90232,0.020759999999999224,1087892,True
78,Background,1048576,5.88165,5.92217,0.04052000000000078,1087892,True
59,Background,1048576,5.88275,5.92982,0.04707000000000061,1087892,True
90,Background,102400,5.88321,5.88376,0.0005499999999996064,106400,True
89,Background,10240,5.88327,5.88352,0.00024999999999941735,10838,True
77,Background,10485760,5.88572,6.24025,0.35452999999999957,10876994,True
80,Background,102400,5.88604,5.88669,0.0006499999999993733,106400,True
65,Background,102400,5.89071,5.89437,0.0036599999999999966,106400,True
91,Background,1048576,5.89199,5.92848,0.03649000000000058,1087892,True
91,Background,1024,5.89263,5.8928,0.00017000000000066962,1244,True
88,Background,1048576,5.89273,5.92904,0.0363099999999994,1087892,True
87,Background,102400,5.8941,5.89476,0.0006599999999998829,106400,True
76,Background,1024,5.89441,5.89457,0.00016000000000016001,1244,True
92,Background,102400,5.89444,5.89499,0.0005499999999996064,106400,True
60,Background,1048576,5.89481,5.93235,0.03753999999999991,1087892,True
89,Background,10240,5.89599,5.89643,0.0004399999999993298,10838,True
93,Background,10240,5.89616,5.89648,0.00032000000000032003,10838,True
78,Background,102400,5.89645,5.89709,0.0006400000000006401,106400,True
76,Background,10240,5.89708,5.89744,0.0003599999999996939,10838,True
87,Background,102400,5.89722,5.89771,0.0004900000000001015,106400,True
90,Background,1024,5.89878,5.89929,0.0005099999999993443,1244,True
81,Background,10240,5.90017,5.90047,0.000300000000000189,10838,True
89,Background,1024,5.90022,5.90048,0.00025999999999992696,1244,True
78,Background,102400,5.90119,5.90173,0.0005399999999999849,106400,True
84,Background,102400,5.90315,5.90372,0.0005699999999997374,106400,True
77,Background,10240,5.90342,5.90358,0.00016000000000016001,10838,True
82,Background,1048576,5.90345,5.92013,0.016680000000000028,1087892,True
79,Background,10485760,5.90356,6.27526,0.3717000000000006,10876994,True
80,Background,102400,5.9043,5.9048,0.0004999999999997229,106400,True
95,Background,102400,5.90461,5.90523,0.000620000000000509,106400,True
81,Background,102400,5.90693,5.91041,0.0034799999999997056,106400,True
88,Background,10485760,5.90901,6.27327,0.3642599999999998,10876994,True
78,Background,1048576,5.90983,5.94882,0.03899000000000008,1087892,True
78,Background,102400,5.91695,5.9223,0.005349999999999966,106400,True
83,Background,10240,5.91778,5.91834,0.000560000000000116,10838,True
70,Background,102400,5.91882,5.92836,0.009539999999999438,106400,True
71,Background,1048576,5.92102,5.96511,0.04408999999999974,1087892,True
79,Background,10240,5.92169,5.92211,0.00042000000000008697,10838,True
74,Background,102400,5.92398,5.93022,0.006240000000000023,106400,True
76,Background,102400,5.92495,5.93044,0.005489999999999995,106400,True
87,Background,10240,5.92499,5.92543,0.000440000000000218,10838,True
77,Background,10485760,5.92756,6.32038,0.3928200000000004,10876994,True
84,Background,1024,5.92778,5.92832,0.0005399999999999849,1244,True
75,Background,102400,5.93099,5.93579,0.004799999999999471,106400,True
77,Background,1024,5.9328,5.93328,0.00047999999999959186,1244,True
71,Background,1024,5.93336,5.93351,0.0001499999999996504,1244,True
81,Background,10240,5.93366,5.93387,0.00021000000000004349,10838,True
90,Background,1024,5.93667,5.9369,0.00022999999999928633,1244,True
78,Background,102400,5.93796,5.94242,0.0044599999999999085,106400,True
78,Background,10240,5.93881,5.9393,0.0004900000000001015,10838,True
88,Background,102400,5.94303,5.94368,0.0006499999999993733,106400,True
88,Background,102400,5.94372,5.94904,0.0053200000000002134,106400,True
76,Background,1048576,5.94587,5.97828,0.032409999999999606,1087892,True
89,Background,102400,5.94854,5.94921,0.0006699999999995043,106400,True
83,Background,10485760,5.95102,6.28941,0.3383900000000004,10876994,True
79,Background,1048576,5.95185,5.99406,0.04220999999999986,1087892,True
85,Background,102400,5.95232,5.95277,0.0004499999999998394,106400,True
85,Background,10240,5.95657,5.95674,0.00016999999999978144,10838,True
84,Background,10485760,5.95672,6.32493,0.36821000000000037,10876994,True
94,Background,1024,5.95737,5.95752,0.0001499999999996504,1244,True
71,Background,10485760,5.95748,6.30142,0.3439399999999999,10876994,True
72,Background,1048576,5.95859,5.97004,0.01144999999999996,1087892,True
84,Background,102400,5.96005,5.96067,0.000620000000000509,106400,True
88,Background,10485760,5.96099,6.31542,0.3544299999999998,10876994,True
91,Background,10240,5.96109,5.96144,0.0003499999999991843,10838,True
88,Background,10240,5.96396,5.96441,0.0004499999999998394,10838,True
79,Background,1024,5.96456,5.96472,0.00016000000000016001,1244,True
84,Background,10485760,5.96567,6.39029,0.42462,10876994,True
84,Background,102400,5.96602,5.96668,0.0006599999999998829,106400,True
77,Background,104857600,5.96795,9.99996,4.03201,105176160,False
89,Background,1024,5.96798,5.96843,0.0004499999999998394,1244,True
79,Background,10485760,5.96846,6.31561,0.34715000000000007,10876994,True
85,Background,102400,5.96938,5.96982,0.000440000000000218,106400,True
85,Background,102400,5.97308,5.97369,0.0006099999999999994,106400,True
95,Background,102400,5.9742,5.97472,0.0005199999999998539,106400,True
79,Background,10485760,5.9776,6.35024,0.3726400000000005,10876994,True
76,Background,10240,5.97765,5.97785,0.00020000000000042206,10838,True
82,Background,10240,5.98024,5.98049,0.00024999999999941735,10838,True
77,Background,1048576,5.98095,6.0224,0.04145000000000021,1087892,True
86,Background,1048576,5.98109,5.98523,0.0041399999999995885,1087892,True
78,Background,1024,5.98124,5.9815,0.00025999999999992696,1244,True
82,Background,102400,5.98124,5.98174,0.0005000000000006111,106400,True
92,Background,10240,5.98146,5.98162,0.00016000000000016001,10838,True
72,Background,1048576,5.98175,6.02315,0.041400000000000325,1087892,True
79,Background,1024,5.98251,5.98266,0.0001499999999996504,1244,True
90,Background,10240,5.98329,5.98353,0.00023999999999979593,10838,True
90,Background,1048576,5.98388,6.0253,0.04141999999999957,1087892,True
78,Background,104857600,5.98456,9.99995,4.01539,104365080,False
91,Background,10240,5.98538,5.98553,0.0001499999999996504,10838,True
80,Background,10240,5.98795,5.98841,0.000460000000000349,10838,True
95,Background,102400,5.98801,5.98868,0.0006699999999995043,106400,True
86,Background,102400,5.9887,5.99117,0.0024700000000006384,106400,True
74,Background,10240,5.98988,5.99041,0.0005299999999994753,10838,True
75,Background,10240,5.99145,5.9916,0.0001499999999996504,10838,True
77,Background,104857600,5.99154,9.99999,4.008450000000001,105426994,False
91,Background,102400,5.99267,5.99335,0.0006800000000000139,106400,True
69,Background,1024,5.99272,5.99292,0.00019999999999953388,1244,True
93,Background,102400,5.99273,5.99394,0.0012100000000003774,106400,True
73,Background,102400,5.9939,5.99729,0.00338999999999956,106400,True
81,Background,10485760,5.99416,6.31074,0.3165800000000001,10876994,True
90,Background,10240,5.99508,5.99547,0.0003900000000003345,10838,True
91,Background,1048576,5.99631,6.00535,0.009039999999999715,1087892,True
96,Background,10485760,5.99754,6.38043,0.38288999999999973,10876994,True
80,Background,10240,5.99759,5.99782,0.0002300000000001745,10838,True
92,Background,10485760,5.99843,6.34632,0.3478900000000005,10876994,True
88,Background,10240,5.9998,6.00035,0.0005500000000004945,10838,True
71,Background,1048576,5.99996,6.05386,0.0539000000000005,1087892,True
90,Background,10240,6.00033,6.00053,0.00020000000000042206,10838,True
89,Background,102400,6.0005,6.00098,0.00048000000000048004,106400,True
72,Background,102400,6.00194,6.00841,0.00646999999999931,106400,True
72,Background,10240,6.00328,6.00351,0.0002300000000001745,10838,True
85,Background,10240,6.00333,6.00353,0.00019999999999953388,10838,True
61,Background,10240,6.00358,6.00376,0.00017999999999940286,10838,True
86,Background,1024,6.00476,6.0051,0.0003399999999995629,1244,True
73,Background,102400,6.00512,6.00571,0.0005899999999998684,106400,True
85,Background,10240,6.00649,6.00664,0.0001499999999996504,10838,True
93,Background,1048576,6.00733,6.0281,0.02077000000000062,1087892,True
66,Background,10485760,6.00825,6.37623,0.3679799999999993,10876994,True
80,Background,102400,6.0085,6.00898,0.00048000000000048004,106400,True
78,Background,102400,6.0085,6.009,0.0005000000000006111,106400,True
74,Background,1048576,6.0095,6.03976,0.030260000000000176,1087892,True
83,Background,102400,6.01016,6.01074,0.000580000000000247,106400,True
70,Background,102400,6.01099,6.01448,0.003490000000000215,106400,True
92,Background,104857600,6.01368,9.99991,3.98623,103544988,False
82,Background,1048576,6.01484,6.05565,0.04080999999999957,1087892,True
91,Background,10240,6.01618,6.01648,0.0002999999999993008,10838,True
84,Background,1024,6.01838,6.01855,0.00017000000000066962,1244,True
91,Background,102400,6.0191,6.01973,0.0006300000000001305,106400,True
92,Background,102400,6.02047,6.02089,0.0004199999999991988,106400,True
83,Background,1024,6.02113,6.02146,0.00032999999999994145,1244,True
81,Background,10240,6.0222,6.02249,0.0002900000000005676,10838,True
73,Background,102400,6.0223,6.02276,0.00045999999999946084,106400,True
76,Background,10240,6.02267,6.02283,0.00016000000000016001,10838,True
90,Background,102400,6.0241,6.02471,0.0006099999999999994,106400,True
90,Background,1048576,6.02489,6.06429,0.03939999999999966,1087892,True
89,Background,10485760,6.0254,6.39832,0.3729199999999997,10876994,True
90,Background,10240,6.02545,6.0256,0.0001499999999996504,10838,True
75,Background,104857600,6.02545,9.99997,3.974519999999999,105665812,False
86,Background,10240,6.02727,6.0275,0.0002300000000001745,10838,True
74,Background,1048576,6.02729,6.03721,0.009920000000000151,1087892,True
93,Background,1048576,6.02735,6.04032,0.012970000000000148,1087892,True
91,Background,10240,6.02828,6.02854,0.00025999999999992696,10838,True
81,Background,1048576,6.02879,6.0651,0.036310000000000286,1087892,True
82,Background,1024,6.02903,6.02943,0.00039999999999995595,1244,True
74,Background,10240,6.02935,6.02953,0.00018000000000029104,10838,True
91,Background,1024,6.03306,6.03348,0.00042000000000008697,1244,True
83,Background,1048576,6.03381,6.08326,0.049450000000000216,1087892,True
91,Background,10240,6.03524,6.03551,0.00027000000000043656,10838,True
87,Background,102400,6.03684,6.03841,0.0015700000000000713,106400,True
78,Background,10485760,6.0376,6.42233,0.38472999999999935,10876994,True
85,Background,1024,6.03768,6.03815,0.00046999999999997044,1244,True
78,Background,1048576,6.03815,6.04201,0.0038600000000004187,1087892,True
93,Background,10240,6.04088,6.04134,0.000460000000000349,10838,True
73,Background,10240,6.042,6.04241,0.00041000000000046555,10838,True
92,Background,1024,6.04326,6.04351,0.00025000000000030553,1244,True
86,Background,10240,6.04364,6.04381,0.00016999999999978144,10838,True
62,Background,10240,6.04767,6.04782,0.0001499999999996504,10838,True
71,Background,1048576,6.05057,6.08398,0.03341000000000083,1087892,True
82,Background,102400,6.05183,6.05539,0.0035600000000002296,106400,True
75,Background,102400,6.05208,6.05275,0.0006699999999995043,106400,True
96,Background,10485760,6.05234,6.43139,0.37905000000000033,10876994,True
63,Background,102400,6.05401,6.05743,0.0034200000000002007,106400,True
91,Background,102400,6.05551,6.05598,0.00046999999999997044,106400,True
94,Background,102400,6.0559,6.06051,0.004609999999999559,106400,True
75,Background,1024,6.05591,6.05638,0.00046999999999997044,1244,True
92,Background,1024,6.05712,6.05747,0.0003500000000000725,1244,True
81,Background,1048576,6.05799,6.09874,0.040750000000000064,1087892,True
89,Background,102400,6.06035,6.06088,0.0005300000000003635,106400,True
92,Background,102400,6.06104,6.06237,0.0013299999999993872,106400,True
94,Background,1024,6.06107,6.06148,0.00041000000000046555,1244,True
91,Background,102400,6.06159,6.06221,0.000620000000000509,106400,True
92,Background,10240,6.06286,6.0634,0.0005399999999999849,10838,True
75,Background,1024,6.0629,6.06341,0.0005100000000002325,1244,True
91,Background,102400,6.06499,6.07033,0.0053400000000003445,106400,True
82,Background,102400,6.06838,6.06894,0.0005599999999992278,106400,True
67,Background,102400,6.06851,6.06922,0.0007099999999997664,106400,True
97,Background,10240,6.06901,6.06942,0.00041000000000046555,10838,True
93,Background,1024,6.06973,6.06993,0.00020000000000042206,1244,True
84,Background,10240,6.07232,6.07252,0.00019999999999953388,10838,True
79,Background,1048576,6.07391,6.12041,0.046499999999999986,1087892,True
80,Background,10240,6.07414,6.07448,0.00034000000000045105,10838,True
74,Background,102400,6.07443,6.07506,0.0006299999999992423,106400,True
92,Background,10240,6.07584,6.07619,0.0003500000000000725,10838,True
90,Background,10240,6.07652,6.07671,0.00018999999999991246,10838,True
92,Background,102400,6.07807,6.07868,0.0006099999999999994,106400,True
72,Background,1024,6.0804,6.08057,0.00016999999999978144,1244,True
80,Background,102400,6.08281,6.09047,0.007659999999999556,106400,True
76,Background,1048576,6.08652,6.11941,0.032890000000000086,1087892,True
73,Background,1048576,6.08875,6.13404,0.04528999999999961,1087892,True
90,Background,10240,6.0895,6.08966,0.00016000000000016001,10838,True
97,Background,102400,6.09006,6.0907,0.0006399999999997519,106400,True
84,Background,1048576,6.09062,6.13523,0.044609999999999594,1087892,True
82,Background,102400,6.09227,6.09279,0.0005199999999998539,106400,True
83,Background,10240,6.093,6.09344,0.000440000000000218,10838,True
79,Background,1048576,6.09307,6.09682,0.003750000000000142,1087892,True
98,Background,10240,6.09496,6.09545,0.0004899999999992133,10838,True
69,Background,1048576,6.09508,6.09986,0.00477999999999934,1087892,True
79,Background,102400,6.09546,6.09596,0.0004999999999997229,106400,True
68,Background,102400,6.09564,6.09642,0.0007799999999997809,106400,True
83,Background,102400,6.09601,6.09795,0.0019400000000002748,106400,True
93,Background,1024,6.09646,6.09661,0.0001499999999996504,1244,True
92,Background,1024,6.09669,6.09696,0.00027000000000043656,1244,True
80,Background,1024,6.09779,6.0983,0.0005100000000002325,1244,True
81,Background,102400,6.09797,6.1027,0.004729999999999457,106400,True
80,Background,102400,6.09871,6.10052,0.0018100000000007554,106400,True
96,Background,102400,6.10078,6.1073,0.006520000000000081,106400,True
91,Background,1024,6.101,6.10147,0.00046999999999997044,1244,True
86,Background,10240,6.10105,6.10149,0.000440000000000218,10838,True
82,Background,10240,6.10223,6.10254,0.0003100000000006986,10838,True
89,Background,102400,6.10379,6.10624,0.002449999999999619,106400,True
81,Background,1048576,6.10674,6.14521,0.03846999999999934,1087892,True
77,Background,102400,6.1069,6.111,0.004099999999999326,106400,True
70,Background,10485760,6.10936,6.417,0.30764000000000014,10876994,True
64,Background,1048576,6.11095,6.15535,0.04440000000000044,1087892,True
71,Background,10240,6.11401,6.11444,0.0004299999999997084,10838,True
86,Background,102400,6.11487,6.11794,0.003070000000000128,106400,True
65,Background,1024,6.1155,6.11565,0.0001499999999996504,1244,True
80,Background,1024,6.11676,6.11731,0.0005499999999996064,1244,True
75,Background,1024,6.11935,6.11953,0.00018000000000029104,1244,True
74,Background,1024,6.12011,6.12046,0.0003499999999991843,1244,True
74,Background,1024,6.12053,6.12069,0.00016000000000016001,1244,True
93,Background,1024,6.12222,6.12248,0.00025999999999992696,1244,True
87,Background,102400,6.12241,6.1229,0.0004899999999992133,106400,True
81,Background,102400,6.12568,6.12633,0.0006500000000002615,106400,True
95,Background,10240,6.12609,6.12645,0.0003600000000005821,10838,True
87,Background,1048576,6.12654,6.15672,0.03017999999999965,1087892,True
72,Background,10240,6.12655,6.12674,0.00018999999999991246,10838,True
83,Background,102400,6.12687,6.13035,0.0034799999999997056,106400,True
73,Background,10240,6.12791,6.12839,0.00047999999999959186,10838,True
96,Background,10240,6.12842,6.12857,0.0001499999999996504,10838,True
94,Background,1024,6.13038,6.13054,0.00016000000000016001,1244,True
90,Background,1024,6.13114,6.13147,0.00032999999999994145,1244,True
94,Background,102400,6.13156,6.13218,0.0006199999999996209,106400,True
92,Background,102400,6.13317,6.13371,0.0005399999999999849,106400,True
76,Background,102400,6.13338,6.13378,0.00039999999999995595,106400,True
85,Background,1024,6.1344,6.13455,0.0001499999999996504,1244,True
82,Background,102400,6.13595,6.13966,0.00370999999999988,106400,True
87,Background,10240,6.13732,6.13752,0.00020000000000042206,10838,True
88,Background,102400,6.13758,6.1382,0.000620000000000509,106400,True
87,Background,10240,6.14048,6.14064,0.00016000000000016001,10838,True
79,Background,10240,6.14121,6.14149,0.000280000000000058,10838,True
66,Background,1048576,6.14137,6.15041,0.009039999999999715,1087892,True
86,Background,102400,6.14214,6.14275,0.0006099999999999994,106400,True
74,Background,102400,6.14264,6.14331,0.0006699999999995043,106400,True
76,Background,10485760,6.14881,6.51446,0.3656499999999996,10876994,True
75,Background,10240,6.14919,6.1495,0.00030999999999981043,10838,True
81,Background,10240,6.15119,6.15148,0.0002900000000005676,10838,True
87,Background,1048576,6.15129,6.15735,0.006059999999999732,1087892,True
82,Background,102400,6.15374,6.15839,0.004649999999999821,106400,True
83,Background,10240,6.15484,6.15536,0.0005199999999998539,10838,True
92,Background,102400,6.15558,6.15631,0.0007300000000007856,106400,True
95,Background,1048576,6.15842,6.16888,0.010460000000000136,1087892,True
69,Background,10240,6.1589,6.15943,0.0005300000000003635,10838,True
85,Background,102400,6.16326,6.16374,0.00047999999999959186,106400,True
78,Background,102400,6.16515,6.1657,0.0005500000000004945,106400,True
95,Background,102400,6.16532,6.16576,0.0004399999999993298,106400,True
87,Background,1024,6.16685,6.16739,0.0005399999999999849,1244,True
93,Background,102400,6.16786,6.17134,0.0034799999999997056,106400,True
70,Background,102400,6.169,6.17038,0.0013800000000001589,106400,True
88,Background,10240,6.16944,6.16959,0.0001500000000005386,10838,True
75,Background,102400,6.17422,6.17474,0.0005199999999998539,106400,True
94,Background,10485760,6.17452,6.5258,0.35128000000000004,10876994,True
76,Background,10240,6.17495,6.17544,0.0004900000000001015,10838,True
93,Background,102400,6.17667,6.17936,0.0026900000000003033,106400,True
83,Background,10240,6.17771,6.17801,0.0002999999999993008,10838,True
94,Background,10240,6.17788,6.17839,0.0005100000000002325,10838,True
93,Background,1024,6.17964,6.17983,0.00018999999999991246,1244,True
93,Background,102400,6.17974,6.18334,0.0036000000000004917,106400,True
99,Background,10485760,6.18021,6.51489,0.33468000000000053,10876994,True
91,Background,10485760,6.18034,6.54622,0.36587999999999976,10876994,True
94,Background,10240,6.18037,6.18055,0.00018000000000029104,10838,True
87,Background,10485760,6.18087,6.60342,0.4225500000000002,10876994,True
76,Background,1024,6.18114,6.18153,0.0003900000000003345,1244,True
88,Background,102400,6.18169,6.18245,0.000760000000000538,106400,True
93,Background,1048576,6.18257,6.2267,0.04413,1087892,True
94,Background,1024,6.18403,6.18441,0.0003799999999998249,1244,True
76,Background,1024,6.18619,6.18647,0.000280000000000058,1244,True
77,Background,102400,6.18684,6.18961,0.002769999999999939,106400,True
84,Background,102400,6.18755,6.18823,0.0006800000000000139,106400,True
84,Background,102400,6.18828,6.18876,0.00048000000000048004,106400,True
77,Background,1048576,6.18867,6.23326,0.04458999999999946,1087892,True
76,Background,102400,6.19175,6.19729,0.005539999999999878,106400,True
97,Background,102400,6.19205,6.19271,0.0006599999999998829,106400,True
94,Background,102400,6.1945,6.19513,0.0006300000000001305,106400,True
77,Background,1024,6.1946,6.19477,0.00016999999999978144,1244,True
80,Background,1048576,6.1951,6.19942,0.0043199999999998795,1087892,True
77,Background,1024,6.19529,6.19552,0.0002300000000001745,1244,True
94,Background,1024,6.19573,6.1961,0.0003700000000002035,1244,True
77,Background,1024,6.1964,6.19657,0.00017000000000066962,1244,True
67,Background,102400,6.19652,6.19719,0.0006700000000003925,106400,True
84,Background,102400,6.19698,6.2017,0.0047199999999998354,106400,True
88,Background,102400,6.19727,6.19778,0.0005100000000002325,106400,True
89,Background,1048576,6.19834,6.21275,0.014409999999999812,1087892,True
90,Background,10240,6.19846,6.19863,0.00016999999999978144,10838,True
95,Background,10240,6.19872,6.19928,0.000560000000000116,10838,True
82,Background,1048576,6.19876,6.23975,0.04098999999999986,1087892,True
95,Background,10485760,6.19944,6.52535,0.32591000000000037,10876994,True
80,Background,10240,6.20039,6.20057,0.00018000000000029104,10838,True
84,Background,102400,6.20047,6.20118,0.0007099999999997664,106400,True
77,Background,102400,6.20122,6.20172,0.0004999999999997229,106400,True
68,Background,10240,6.20122,6.20149,0.0002699999999995484,10838,True
96,Background,1048576,6.20137,6.20534,0.003969999999999807,1087892,True
84,Background,1024,6.20163,6.2018,0.00017000000000066962,1244,True
95,Background,1024,6.20178,6.20211,0.00032999999999994145,1244,True
78,Background,10240,6.20273,6.20323,0.0004999999999997229,10838,True
88,Background,1024,6.20434,6.20453,0.00018999999999991246,1244,True
95,Background,1048576,6.20596,6.24642,0.040459999999999496,1087892,True
89,Background,1024,6.2062,6.20649,0.0002899999999996794,1244,True
85,Background,10485760,6.20627,6.56848,0.36221000000000014,10876994,True
98,Background,10240,6.20765,6.20783,0.00018000000000029104,10838,True
88,Background,1048576,6.20844,6.22543,0.01698999999999984,1087892,True
97,Background,102400,6.20973,6.21061,0.0008799999999995478,106400,True
72,Background,10485760,6.2119,6.59979,0.3878899999999996,10876994,True
82,Background,1048576,6.21356,6.24082,0.027260000000000062,1087892,True
100,Background,1024,6.21453,6.21468,0.0001500000000005386,1244,True
97,Background,10240,6.21625,6.2165,0.00025000000000030553,10838,True
101,Background,1024,6.21716,6.21746,0.000300000000000189,1244,True
91,Background,1024,6.21734,6.21752,0.00018000000000029104,1244,True
93,Background,102400,6.21841,6.21881,0.00039999999999995595,106400,True
79,Background,102400,6.22117,6.22175,0.000580000000000247,106400,True
89,Background,104857600,6.22167,9.99999,3.778320000000001,97422836,False
83,Background,102400,6.2219,6.22572,0.0038200000000001566,106400,True
95,Background,1024,6.22229,6.22253,0.00023999999999979593,1244,True
96,Background,1048576,6.22277,6.26948,0.04671000000000003,1087892,True
97,Background,102400,6.22379,6.23039,0.006599999999999717,106400,True
94,Background,102400,6.22495,6.22863,0.0036800000000001276,106400,True
98,Background,10485760,6.22554,6.63518,0.40964000000000045,10876994,True
89,Background,10240,6.22563,6.22591,0.000280000000000058,10838,True
98,Background,10240,6.22568,6.22613,0.0004500000000007276,10838,True
86,Background,10240,6.22602,6.22647,0.0004499999999998394,10838,True
78,Background,1048576,6.22633,6.2303,0.003969999999999807,1087892,True
96,Background,102400,6.22858,6.22918,0.000600000000000378,106400,True
87,Background,104857600,6.22946,10.0,3.7705399999999996,97678176,False
81,Background,102400,6.23409,6.23471,0.0006199999999996209,106400,True
86,Background,10240,6.23468,6.23485,0.00016999999999978144,10838,True
92,Background,10240,6.23636,6.23654,0.00017999999999940286,10838,True
98,Background,10485760,6.23775,6.62582,0.3880699999999999,10876994,True
81,Background,10240,6.23936,6.23956,0.00020000000000042206,10838,True
71,Background,10240,6.24104,6.24142,0.0003799999999998249,10838,True
90,Background,1048576,6.24123,6.24741,0.006180000000000518,1087892,True
90,Background,1048576,6.24302,6.2805,0.0374800000000004,1087892,True
91,Background,102400,6.24504,6.24569,0.0006499999999993733,106400,True
67,Background,102400,6.24615,6.24672,0.0005699999999997374,106400,True
98,Background,102400,6.24674,6.24781,0.0010700000000003485,106400,True
79,Background,1048576,6.24675,6.28566,0.038910000000000444,1087892,True
97,Background,10485760,6.24706,6.60868,0.3616199999999994,10876994,True
96,Background,10240,6.2478,6.24839,0.0005899999999998684,10838,True
90,Background,10485760,6.24783,6.60441,0.35657999999999923,10876994,True
82,Background,102400,6.24879,6.25387,0.0050800000000004175,106400,True
80,Background,1048576,6.25021,6.25539,0.0051800000000001845,1087892,True
79,Background,1048576,6.25099,6.29439,0.043400000000000105,1087892,True
90,Background,10240,6.25359,6.25382,0.0002300000000001745,10838,True
69,Background,102400,6.25378,6.26099,0.007209999999999717,106400,True
83,Background,102400,6.25436,6.25477,0.00040999999999957737,106400,True
85,Background,10240,6.25483,6.25526,0.0004299999999997084,10838,True
73,Background,10485760,6.25566,6.63142,0.37576000000000054,10876994,True
88,Background,104857600,6.25763,9.99995,3.7423200000000003,96813024,False
87,Background,10485760,6.26013,6.60433,0.34419999999999984,10876994,True
88,Background,10240,6.26018,6.26051,0.00032999999999994145,10838,True
78,Background,10485760,6.26054,6.62237,0.3618300000000003,10876994,True
95,Background,10240,6.26112,6.26153,0.00040999999999957737,10838,True
81,Background,1024,6.26177,6.26235,0.0005799999999993588,1244,True
97,Background,102400,6.26228,6.26277,0.0004900000000001015,106400,True
91,Background,1048576,6.26456,6.28164,0.017079999999999984,1087892,True
91,Background,102400,6.2649,6.26895,0.004050000000000331,106400,True
72,Background,1048576,6.26549,6.29296,0.027470000000000105,1087892,True
70,Background,102400,6.27242,6.27283,0.00040999999999957737,106400,True
89,Background,102400,6.27266,6.2733,0.0006399999999997519,106400,True
102,Background,10240,6.27763,6.27791,0.000280000000000058,10838,True
81,Background,102400,6.27877,6.28038,0.0016100000000003334,106400,True
99,Background,1024,6.281,6.28143,0.00043000000000059657,1244,True
83,Background,10240,6.28109,6.28146,0.0003700000000002035,10838,True
78,Background,1024,6.28284,6.28328,0.000440000000000218,1244,True
94,Background,102400,6.28351,6.28421,0.000700000000000145,106400,True
96,Background,1024,6.2844,6.28455,0.0001500000000005386,1244,True
86,Background,1024,6.28541,6.28557,0.00016000000000016001,1244,True
98,Background,102400,6.28584,6.28889,0.003049999999999997,106400,True
75,Background,102400,6.28687,6.2954,0.008529999999999482,106400,True
95,Background,10240,6.29059,6.29074,0.0001500000000005386,10838,True
103,Background,102400,6.29157,6.29234,0.0007700000000001594,106400,True
89,Background,102400,6.2926,6.29318,0.000580000000000247,106400,True
85,Background,102400,6.2936,6.29536,0.0017599999999999838,106400,True
99,Background,1024,6.29406,6.29447,0.00040999999999957737,1244,True
94,Background,10240,6.29419,6.29451,0.00031999999999943185,10838,True
92,Background,102400,6.29671,6.29741,0.000700000000000145,106400,True
82,Background,10240,6.29704,6.29746,0.00042000000000008697,10838,True
83,Background,1048576,6.29732,6.31323,0.01590999999999987,1087892,True
92,Background,102400,6.29753,6.29832,0.0007900000000002905,106400,True
91,Background,10240,6.29886,6.29923,0.0003699999999993153,10838,True
80,Background,1024,6.3007,6.30086,0.00016000000000016001,1244,True
83,Background,10240,6.30255,6.3027,0.0001499999999996504,10838,True
99,Background,10240,6.30259,6.30275,0.00015999999999927184,10838,True
74,Background,10240,6.30378,6.30436,0.000580000000000247,10838,True
92,Background,10485760,6.30514,6.65429,0.34914999999999985,10876994,True
97,Background,102400,6.30636,6.3068,0.000440000000000218,106400,True
92,Background,102400,6.30668,6.30735,0.0006699999999995043,106400,True
82,Background,102400,6.30721,6.30779,0.0005799999999993588,106400,True
96,Background,10240,6.30797,6.30841,0.000440000000000218,10838,True
79,Background,10240,6.31123,6.3115,0.0002699999999995484,10838,True
95,Background,10240,6.31414,6.31447,0.00032999999999994145,10838,True
98,Background,10485760,6.31482,6.72328,0.4084599999999998,10876994,True
91,Background,1048576,6.31495,6.35723,0.04228000000000076,1087892,True
85,Background,102400,6.31529,6.31581,0.0005199999999998539,106400,True
73,Background,10240,6.31596,6.31643,0.0004700000000008586,10838,True
92,Background,10240,6.31608,6.31646,0.0003799999999998249,10838,True
96,Background,10240,6.32035,6.32054,0.00018999999999991246,10838,True
80,Background,1048576,6.32229,6.32935,0.007060000000000066,1087892,True
104,Background,102400,6.32323,6.32378,0.0005500000000004945,106400,True
75,Background,102400,6.32452,6.32533,0.0008100000000004215,106400,True
90,Background,102400,6.32487,6.32871,0.0038400000000002876,106400,True
76,Background,102400,6.32564,6.32627,0.0006300000000001305,106400,True
83,Background,1048576,6.32661,6.38418,0.05757000000000012,1087892,True
92,Background,10240,6.32693,6.32741,0.00048000000000048004,10838,True
82,Background,1024,6.32712,6.32746,0.00034000000000045105,1244,True
86,Background,1048576,6.32985,6.37068,0.0408299999999997,1087892,True
98,Background,102400,6.33194,6.33718,0.005239999999999689,106400,True
78,Background,102400,6.3326,6.33643,0.003829999999999778,106400,True
92,Background,1048576,6.33375,6.37244,0.03868999999999989,1087892,True
90,Background,102400,6.33416,6.33484,0.0006800000000000139,106400,True
79,Background,1048576,6.33511,6.33894,0.003829999999999778,1087892,True
93,Background,10240,6.33764,6.3378,0.00015999999999927184,10838,True
68,Background,1048576,6.33815,6.34461,0.006460000000000576,1087892,True
81,Background,1048576,6.33863,6.37343,0.03479999999999972,1087892,True
96,Background,102400,6.34246,6.3431,0.0006399999999997519,106400,True
74,Background,10240,6.34467,6.345,0.00032999999999994145,10838,True
93,Background,1024,6.34486,6.34541,0.0005500000000004945,1244,True
100,Background,10485760,6.34498,6.72781,0.3828300000000002,10876994,True
71,Background,1048576,6.34602,6.38921,0.04319000000000006,1087892,True
80,Background,10485760,6.3472,6.66593,0.3187300000000004,10876994,True
97,Background,10240,6.34865,6.34893,0.000280000000000058,10838,True
93,Background,102400,6.34935,6.3498,0.0004499999999998394,106400,True
87,Background,102400,6.35014,6.35081,0.0006700000000003925,106400,True
84,Background,1048576,6.35259,6.39947,0.04687999999999981,1087892,True
85,Background,102400,6.35801,6.35995,0.0019400000000002748,106400,True
99,Background,10240,6.35823,6.35851,0.000280000000000058,10838,True
78,Background,10240,6.35885,6.35942,0.0005699999999997374,10838,True
88,Background,10485760,6.35973,6.71041,0.35068000000000055,10876994,True
79,Background,102400,6.36167,6.36234,0.0006699999999995043,106400,True
80,Background,10240,6.36249,6.36264,0.0001499999999996504,10838,True
101,Background,10485760,6.36275,6.75837,0.3956200000000001,10876994,True
94,Background,102400,6.36283,6.36537,0.002540000000000653,106400,True
96,Background,102400,6.36442,6.36504,0.0006199999999996209,106400,True
84,Background,10240,6.36443,6.3646,0.00017000000000066962,10838,True
79,Background,10240,6.36545,6.3656,0.0001499999999996504,10838,True
75,Background,1048576,6.36562,6.38304,0.017420000000000435,1087892,True
84,Background,10240,6.36593,6.3664,0.00046999999999997044,10838,True
88,Background,1048576,6.36598,6.40866,0.04267999999999983,1087892,True
84,Background,102400,6.36805,6.3687,0.0006499999999993733,106400,True
91,Background,10240,6.36857,6.36877,0.00019999999999953388,10838,True
100,Background,102400,6.36897,6.37713,0.008160000000000167,106400,True
98,Background,104857600,6.36918,9.99995,3.63077,93639298,False
86,Background,10240,6.37097,6.37146,0.0004900000000001015,10838,True
93,Background,10240,6.37121,6.37152,0.0003100000000006986,10838,True
69,Background,102400,6.37238,6.37303,0.0006500000000002615,106400,True
93,Background,102400,6.37255,6.37337,0.0008200000000000429,106400,True
80,Background,10240,6.37281,6.37338,0.0005699999999997374,10838,True
98,Background,102400,6.37309,6.3737,0.0006099999999999994,106400,True
99,Background,10240,6.37487,6.37541,0.0005399999999999849,10838,True
84,Background,1048576,6.37529,6.37925,0.003960000000000186,1087892,True
81,Background,1024,6.37556,6.37571,0.0001499999999996504,1244,True
97,Background,1048576,6.37744,6.38179,0.004349999999999632,1087892,True
88,Background,1048576,6.37912,6.38291,0.003789999999999516,1087892,True
97,Background,10240,6.37951,6.37967,0.00016000000000016001,10838,True
85,Background,10240,6.38095,6.38144,0.0004899999999992133,10838,True
79,Background,1024,6.38156,6.38171,0.0001499999999996504,1244,True
80,Background,102400,6.38352,6.38402,0.0004999999999997229,106400,True
81,Background,10240,6.38539,6.38555,0.00016000000000016001,10838,True
85,Background,102400,6.3861,6.38672,0.000620000000000509,106400,True
87,Background,102400,6.38677,6.39328,0.006509999999999572,106400,True
89,Background,1024,6.38754,6.38769,0.0001499999999996504,1244,True
88,Background,102400,6.38812,6.38874,0.000620000000000509,106400,True
76,Background,1048576,6.39007,6.39832,0.008250000000000313,1087892,True
94,Background,10485760,6.39135,6.74136,0.35001000000000015,10876994,True
100,Background,10485760,6.39147,6.78234,0.3908699999999996,10876994,True
86,Background,102400,6.39304,6.39368,0.0006399999999997519,106400,True
72,Background,1024,6.39581,6.39619,0.0003799999999998249,1244,True
77,Background,10485760,6.39609,6.74036,0.34426999999999985,10876994,True
101,Background,102400,6.39806,6.39869,0.0006300000000001305,106400,True
94,Background,1048576,6.39853,6.4433,0.044769999999999754,1087892,True
70,Background,10240,6.3989,6.39941,0.0005099999999993443,10838,True
102,Background,102400,6.39937,6.39978,0.00040999999999957737,106400,True
97,Background,1024,6.40196,6.40242,0.000460000000000349,1244,True
85,Background,102400,6.40346,6.40386,0.00039999999999995595,106400,True
99,Background,10240,6.40395,6.40441,0.000460000000000349,10838,True
96,Background,1024,6.40427,6.4045,0.00022999999999928633,1244,True
86,Background,102400,6.40607,6.40671,0.0006400000000006401,106400,True
85,Background,10485760,6.40806,6.76731,0.3592500000000003,10876994,True
82,Background,1024,6.40995,6.4104,0.0004499999999998394,1244,True
86,Background,102400,6.41022,6.41082,0.000600000000000378,106400,True
85,Background,1048576,6.41112,6.41498,0.0038599999999995305,1087892,True
80,Background,10240,6.4118,6.4122,0.00039999999999995595,10838,True
84,Background,1048576,6.412,6.46406,0.052059999999999995,1087892,True
93,Background,10240,6.41288,6.41342,0.0005399999999999849,10838,True
81,Background,1048576,6.41353,6.43262,0.019090000000000273,1087892,True
99,Background,1048576,6.41418,6.42388,0.009699999999999598,1087892,True
87,Background,1048576,6.41452,6.45218,0.037659999999999805,1087892,True
99,Background,102400,6.41469,6.42205,0.007359999999999367,106400,True
71,Background,1048576,6.41629,6.42467,0.008379999999999832,1087892,True
89,Background,102400,6.41734,6.41777,0.0004299999999997084,106400,True
98,Background,102400,6.42005,6.42074,0.0006900000000005235,106400,True
102,Background,102400,6.42017,6.42079,0.000620000000000509,106400,True
99,Background,1024,6.42329,6.42353,0.0002400000000006841,1244,True
100,Background,102400,6.42373,6.4245,0.0007700000000001594,106400,True
99,Background,10485760,6.42431,6.78331,0.359,10876994,True
89,Background,10240,6.42508,6.42548,0.00039999999999995595,10838,True
86,Background,1024,6.42691,6.42741,0.0004999999999997229,1244,True
81,Background,1024,6.42776,6.42814,0.0003799999999998249,1244,True
98,Background,1048576,6.42847,6.45535,0.026880000000000237,1087892,True
81,Background,102400,6.42859,6.42938,0.0007900000000002905,106400,True
101,Background,102400,6.43539,6.4358,0.00041000000000046555,106400,True
89,Background,1048576,6.43559,6.45422,0.018629999999999924,1087892,True
95,Background,1024,6.43881,6.43923,0.00042000000000008697,1244,True
100,Background,102400,6.43889,6.44329,0.004400000000000404,106400,True
77,Background,10240,6.44056,6.44072,0.00016000000000016001,10838,True
103,Background,102400,6.44091,6.44635,0.005440000000000111,106400,True
81,Background,10485760,6.44212,6.78031,0.33819,10876994,True
87,Background,1048576,6.44379,6.48434,0.04055000000000053,1087892,True
87,Background,10240,6.44444,6.4446,0.00016000000000016001,10838,True
85,Background,102400,6.44524,6.44578,0.0005399999999999849,106400,True
90,Background,10240,6.44712,6.44747,0.0003500000000000725,10838,True
95,Background,102400,6.44733,6.44782,0.0004900000000001015,106400,True
99,Background,102400,6.44821,6.44872,0.0005099999999993443,106400,True
102,Background,10240,6.45,6.45046,0.00045999999999946084,10838,True
91,Background,10240,6.45319,6.45348,0.0002899999999996794,10838,True
72,Background,10485760,6.45474,6.84515,0.39041000000000015,10876994,True
94,Background,1048576,6.45507,6.4613,0.006229999999999514,1087892,True
95,Background,10240,6.45652,6.45667,0.0001499999999996504,10838,True
73,Background,1024,6.45738,6.45754,0.00016000000000016001,1244,True
78,Background,10240,6.45834,6.45852,0.00018000000000029104,10838,True
77,Background,102400,6.45921,6.45973,0.0005200000000007421,106400,True
103,Background,10240,6.46002,6.46046,0.000440000000000218,10838,True
73,Background,10240,6.46023,6.4605,0.0002699999999995484,10838,True
87,Background,10240,6.46197,6.46243,0.000460000000000349,10838,True
88,Background,1024,6.4625,6.46265,0.0001499999999996504,1244,True
99,Background,1024,6.46482,6.46514,0.00032000000000032003,1244,True
100,Background,1024,6.46487,6.4653,0.0004299999999997084,1244,True
89,Background,10240,6.46655,6.4667,0.0001500000000005386,10838,True
90,Background,10240,6.46729,6.46752,0.0002300000000001745,10838,True
95,Background,102400,6.4673,6.46783,0.0005300000000003635,106400,True
95,Background,102400,6.46837,6.46878,0.00040999999999957737,106400,True
88,Background,1024,6.4687,6.46887,0.00016999999999978144,1244,True
74,Background,102400,6.46938,6.46988,0.0004999999999997229,106400,True
96,Background,10240,6.47081,6.47119,0.0003799999999998249,10838,True
86,Background,1048576,6.4772,6.48565,0.008449999999999847,1087892,True
105,Background,10240,6.4791,6.47945,0.0003500000000000725,10838,True
89,Background,102400,6.47967,6.48466,0.004990000000000272,106400,True
93,Background,102400,6.48117,6.48172,0.0005500000000004945,106400,True
101,Background,10485760,6.4822,6.83725,0.3550500000000003,10876994,True
103,Background,102400,6.48257,6.48322,0.0006500000000002615,106400,True
84,Background,10485760,6.48283,6.89649,0.41366000000000014,10876994,True
100,Background,102400,6.48511,6.48576,0.0006500000000002615,106400,True
83,Background,10240,6.48648,6.48663,0.0001499999999996504,10838,True
90,Background,102400,6.48824,6.48874,0.0004999999999997229,106400,True
93,Background,1048576,6.49002,6.52953,0.039509999999999934,1087892,True
92,Background,1024,6.49052,6.49068,0.00016000000000016001,1244,True
84,Background,1024,6.49073,6.49092,0.00018999999999991246,1244,True
94,Background,102400,6.49106,6.49175,0.0006899999999996353,106400,True
94,Background,1048576,6.49314,6.49922,0.006079999999999863,1087892,True
83,Background,1048576,6.49363,6.52867,0.035040000000000404,1087892,True
91,Background,10240,6.49389,6.49446,0.0005699999999997374,10838,True
100,Background,102400,6.49435,6.49481,0.000460000000000349,106400,True
89,Background,102400,6.4965,6.49697,0.00046999999999997044,106400,True
102,Background,1048576,6.49906,6.50472,0.005659999999999776,1087892,True
101,Background,10485760,6.49979,6.91257,0.4127799999999997,10876994,True
86,Background,104857600,6.50043,9.99992,3.4994899999999998,90783996,False
100,Background,102400,6.50067,6.50139,0.0007199999999993878,106400,True
83,Background,102400,6.5023,6.50277,0.00046999999999997044,106400,True
88,Background,1048576,6.50323,6.51293,0.009699999999999598,1087892,True
96,Background,102400,6.50573,6.51511,0.009380000000000166,106400,True
90,Background,102400,6.50893,6.51335,0.0044199999999996464,106400,True
91,Background,10240,6.50905,6.50948,0.0004299999999997084,10838,True
102,Background,102400,6.5118,6.5143,0.002500000000000391,106400,True
78,Background,10240,6.51341,6.51357,0.00015999999999927184,10838,True
92,Background,102400,6.51409,6.5147,0.0006099999999999994,106400,True
75,Background,1024,6.51478,6.51506,0.000280000000000058,1244,True
100,Background,1024,6.51486,6.51533,0.00046999999999997044,1244,True
85,Background,102400,6.52229,6.52275,0.000460000000000349,106400,True
96,Background,10240,6.52282,6.52316,0.0003399999999995629,10838,True
94,Background,10240,6.52366,6.52405,0.0003900000000003345,10838,True
84,Background,102400,6.52483,6.53143,0.006600000000000605,106400,True
87,Background,1048576,6.52573,6.56665,0.040919999999999845,1087892,True
79,Background,10485760,6.52576,6.94414,0.41838,10876994,True
85,Background,1048576,6.52688,6.56042,0.03353999999999946,1087892,True
82,Background,1048576,6.52784,6.57698,0.04913999999999952,1087892,True
101,Background,1048576,6.52837,6.53239,0.004020000000000579,1087892,True
96,Background,1024,6.52996,6.53046,0.0004999999999997229,1244,True
74,Background,10240,6.53004,6.53048,0.000440000000000218,10838,True
86,Background,10240,6.53503,6.53546,0.0004299999999997084,10838,True
104,Background,1048576,6.53694,6.57999,0.043049999999999145,1087892,True
86,Background,1048576,6.53718,6.55131,0.014129999999999754,1087892,True
106,Background,1048576,6.53803,6.58133,0.04330000000000034,1087892,True
83,Background,102400,6.53823,6.53878,0.0005499999999996064,106400,True
86,Background,1048576,6.53973,6.58763,0.047900000000000276,1087892,True
104,Background,10240,6.53991,6.54042,0.0005100000000002325,10838,True
87,Background,1048576,6.54134,6.55761,0.01627000000000045,1087892,True
98,Background,102400,6.54203,6.54336,0.0013300000000002754,106400,True
100,Background,102400,6.54315,6.54376,0.0006099999999999994,106400,True
87,Background,102400,6.54364,6.54647,0.0028300000000003322,106400,True
82,Background,102400,6.54502,6.54827,0.003249999999999531,106400,True
84,Background,10240,6.54753,6.54773,0.00019999999999953388,10838,True
79,Background,1024,6.5477,6.54823,0.0005300000000003635,1244,True
105,Background,10240,6.54861,6.54877,0.00016000000000016001,10838,True
90,Background,10485760,6.55083,6.95681,0.40597999999999956,10876994,True
101,Background,1024,6.55151,6.55168,0.00016999999999978144,1244,True
103,Background,102400,6.55378,6.56012,0.006340000000000678,106400,True
85,Background,1024,6.55407,6.55448,0.00040999999999957737,1244,True
87,Background,1048576,6.55556,6.59451,0.03894999999999982,1087892,True
95,Background,102400,6.55654,6.557,0.000460000000000349,106400,True
86,Background,102400,6.55712,6.55775,0.0006300000000001305,106400,True
82,Background,102400,6.55829,6.55875,0.00045999999999946084,106400,True
101,Background,102400,6.56201,6.56322,0.0012100000000003774,106400,True
105,Background,10240,6.5624,6.56257,0.00016999999999978144,10838,True
92,Background,102400,6.56265,6.56327,0.000620000000000509,106400,True
90,Background,10240,6.56399,6.56444,0.0004499999999998394,10838,True
104,Background,10240,6.56516,6.56548,0.00032000000000032003,10838,True
80,Background,104857600,6.56641,9.99998,3.4335700000000005,89181362,False
101,Background,1024,6.56698,6.56748,0.0004999999999997229,1244,True
82,Background,10240,6.56714,6.56752,0.0003799999999998249,10838,True
83,Background,102400,6.56833,6.5688,0.0004700000000008586,106400,True
84,Background,102400,6.57142,6.57197,0.0005500000000004945,106400,True
104,Background,1048576,6.57154,6.59589,0.024350000000000094,1087892,True
88,Background,10240,6.57396,6.57444,0.00048000000000048004,10838,True
76,Background,102400,6.57493,6.58145,0.006520000000000081,106400,True
88,Background,1048576,6.57499,6.61127,0.036280000000000534,1087892,True
96,Background,1024,6.5786,6.57875,0.0001500000000005386,1244,True
100,Background,10485760,6.58334,6.95323,0.36988999999999983,10876994,True
87,Background,102400,6.58361,6.58601,0.0023999999999997357,106400,True
87,Background,1024,6.58368,6.58418,0.0004999999999997229,1244,True
85,Background,102400,6.58401,6.58539,0.0013800000000001589,106400,True
105,Background,1048576,6.58466,6.61726,0.03259999999999952,1087892,True
95,Background,10240,6.58556,6.58575,0.00018999999999991246,10838,True
88,Background,10240,6.58766,6.58797,0.0003100000000006986,10838,True
89,Background,10240,6.59103,6.59147,0.000440000000000218,10838,True
88,Background,1024,6.59117,6.59151,0.00034000000000045105,1244,True
83,Background,10240,6.59174,6.59227,0.0005300000000003635,10838,True
75,Background,10240,6.59486,6.59534,0.00048000000000048004,10838,True
88,Background,102400,6.5971,6.5977,0.0005999999999994898,106400,True
97,Background,10240,6.59794,6.59842,0.00047999999999959186,10838,True
97,Background,102400,6.59893,6.60377,0.004839999999999733,106400,True
93,Background,10240,6.59993,6.60042,0.0004900000000001015,10838,True
84,Background,1024,6.60021,6.60049,0.000280000000000058,1244,True
103,Background,10485760,6.60049,6.9595,0.3590100000000005,10876994,True
97,Background,102400,6.60192,6.60744,0.0055200000000006355,106400,True
102,Background,102400,6.60437,6.60479,0.00042000000000008697,106400,True
96,Background,102400,6.60491,6.6084,0.003489999999999327,106400,True
90,Background,1048576,6.60657,6.62638,0.01981000000000055,1087892,True
105,Background,1024,6.60658,6.60673,0.0001499999999996504,1244,True
80,Background,1048576,6.60703,6.64627,0.039240000000000386,1087892,True
85,Background,1048576,6.61144,6.62466,0.013220000000000454,1087892,True
106,Background,102400,6.61182,6.61655,0.004730000000000345,106400,True
98,Background,102400,6.61287,6.61911,0.006240000000000023,106400,True
86,Background,10240,6.61502,6.61542,0.00039999999999995595,10838,True
96,Background,10485760,6.61604,6.97241,0.3563700000000001,10876994,True
95,Background,10485760,6.6174,6.99034,0.3729399999999998,10876994,True
90,Background,1048576,6.61814,6.62234,0.0041999999999999815,1087892,True
89,Background,102400,6.61858,6.61921,0.0006300000000001305,106400,True
101,Background,102400,6.61973,6.62924,0.009510000000000574,106400,True
102,Background,102400,6.62031,6.62077,0.000460000000000349,106400,True
98,Background,10240,6.62105,6.62145,0.00039999999999995595,10838,True
99,Background,10240,6.62542,6.62558,0.00016000000000016001,10838,True
103,Background,10485760,6.62564,6.99514,0.3695000000000004,10876994,True
99,Background,10240,6.62814,6.62848,0.0003399999999995629,10838,True
94,Background,1024,6.63001,6.63044,0.0004299999999997084,1244,True
107,Background,10240,6.63019,6.63048,0.0002900000000005676,10838,True
90,Background,1048576,6.63109,6.63659,0.005499999999999616,1087892,True
91,Background,102400,6.63121,6.63179,0.0005799999999993588,106400,True
84,Background,1048576,6.63666,6.65745,0.020789999999999864,1087892,True
99,Background,10485760,6.63721,7.01142,0.3742100000000006,10876994,True
102,Background,102400,6.63741,6.63801,0.000600000000000378,106400,True
91,Background,10240,6.63783,6.63842,0.0005899999999998684,10838,True
86,Background,10485760,6.63789,7.0624,0.4245100000000006,10876994,True
89,Background,10240,6.64039,6.64054,0.0001499999999996504,10838,True
88,Background,1024,6.64253,6.64268,0.0001500000000005386,1244,True
100,Background,1024,6.65396,6.65439,0.00043000000000059657,1244,True
101,Background,102400,6.6563,6.65675,0.0004499999999998394,106400,True
91,Background,104857600,6.65779,9.99995,3.34216,87366946,False
94,Background,1048576,6.65812,6.66264,0.004519999999999413,1087892,True
101,Background,10240,6.65906,6.65949,0.0004299999999997084,10838,True
91,Background,102400,6.65921,6.65976,0.0005500000000004945,106400,True
89,Background,10240,6.66033,6.66055,0.0002199999999996649,10838,True
103,Background,1048576,6.66105,6.66479,0.0037399999999996325,1087892,True
96,Background,102400,6.66181,6.66336,0.0015499999999999403,106400,True
85,Background,10240,6.66229,6.66253,0.0002400000000006841,10838,True
92,Background,10240,6.66461,6.6648,0.00018999999999991246,10838,True
88,Background,102400,6.66528,6.66573,0.0004499999999998394,106400,True
87,Background,102400,6.66593,6.66986,0.003929999999999545,106400,True
97,Background,10240,6.6668,6.66732,0.0005199999999998539,10838,True
89,Background,1048576,6.66682,6.70737,0.04054999999999964,1087892,True
98,Background,10240,6.66686,6.66732,0.000460000000000349,10838,True
100,Background,102400,6.66695,6.67147,0.0045200000000003016,106400,True
81,Background,104857600,6.66735,9.99998,3.332630000000001,87105598,False
102,Background,1048576,6.66932,6.67843,0.00910999999999973,1087892,True
85,Background,1024,6.66946,6.66961,0.0001499999999996504,1244,True
91,Background,102400,6.66975,6.67344,0.003690000000000637,106400,True
95,Background,102400,6.67028,6.67085,0.0005699999999997374,106400,True
92,Background,102400,6.67183,6.68128,0.00945000000000018,106400,True
90,Background,102400,6.67289,6.67689,0.004000000000000448,106400,True
92,Background,102400,6.67462,6.67544,0.0008200000000000429,106400,True
82,Background,10240,6.67545,6.67561,0.00016000000000016001,10838,True
106,Background,1048576,6.67568,6.71055,0.034869999999999735,1087892,True
89,Background,10240,6.6771,6.67747,0.0003699999999993153,10838,True
101,Background,102400,6.67761,6.67826,0.0006500000000002615,106400,True
87,Background,10485760,6.67871,7.08533,0.4066200000000002,10876994,True
86,Background,1024,6.67879,6.67934,0.0005499999999996064,1244,True
87,Background,10485760,6.68029,7.04137,0.3610799999999994,10876994,True
104,Background,1048576,6.68047,6.70396,0.023490000000000677,1087892,True
96,Background,1048576,6.68117,6.68536,0.00419000000000036,1087892,True
93,Background,10240,6.6849,6.68541,0.0005100000000002325,10838,True
93,Background,102400,6.68521,6.68572,0.0005100000000002325,106400,True
91,Background,10485760,6.6874,7.04325,0.35584999999999933,10876994,True
101,Background,10240,6.68802,6.68848,0.000460000000000349,10838,True
87,Background,1048576,6.68845,6.71227,0.02382000000000062,1087892,True
93,Background,102400,6.68858,6.6906,0.0020199999999999108,106400,True
98,Background,102400,6.68988,6.69487,0.004990000000000272,106400,True
92,Background,104857600,6.69032,9.99999,3.3096700000000006,85381302,False
92,Background,1024,6.69226,6.69249,0.0002300000000001745,1244,True
102,Background,102400,6.69418,6.69479,0.0006099999999999994,106400,True
77,Background,1048576,6.69434,6.7064,0.01205999999999996,1087892,True
102,Background,102400,6.69517,6.69575,0.000580000000000247,106400,True
82,Background,10240,6.69737,6.69756,0.00018999999999991246,10838,True
91,Background,10240,6.69824,6.69852,0.000280000000000058,10838,True
104,Background,10240,6.69881,6.6994,0.0005899999999998684,10838,True
88,Background,1048576,6.69914,6.70307,0.003930000000000433,1087892,True
102,Background,102400,6.69952,6.7,0.00048000000000048004,106400,True
97,Background,10240,6.70006,6.70048,0.00042000000000008697,10838,True
88,Background,10485760,6.70144,7.03012,0.3286800000000003,10876994,True
103,Background,102400,6.70231,6.70295,0.0006400000000006401,106400,True
97,Background,1024,6.70382,6.70423,0.00040999999999957737,1244,True
106,Background,10240,6.7073,6.70753,0.0002300000000001745,10838,True
90,Background,102400,6.70757,6.70829,0.000720000000000276,106400,True
99,Background,102400,6.70776,6.71443,0.006669999999999732,106400,True
89,Background,1024,6.70857,6.70872,0.0001499999999996504,1244,True
82,Background,1048576,6.71164,6.75999,0.048350000000000115,1087892,True
93,Background,1048576,6.71824,6.72228,0.0040399999999998215,1087892,True
90,Background,10240,6.71874,6.71911,0.0003699999999993153,10838,True
108,Background,1048576,6.7198,6.75888,0.039080000000000226,1087892,True
103,Background,102400,6.72034,6.72099,0.0006499999999993733,106400,True
89,Background,10485760,6.72334,7.11391,0.3905699999999994,10876994,True
90,Background,102400,6.72498,6.72989,0.004909999999999748,106400,True
88,Background,10240,6.72651,6.72668,0.00016999999999978144,10838,True
109,Background,10240,6.72691,6.72744,0.0005299999999994753,10838,True
103,Background,10485760,6.72783,7.13314,0.40531000000000006,10876994,True
93,Background,10240,6.72869,6.72914,0.0004499999999998394,10838,True
103,Background,10240,6.72923,6.72949,0.00025999999999992696,10838,True
102,Background,10240,6.73013,6.73047,0.00034000000000045105,10838,True
89,Background,10240,6.73218,6.7325,0.00032000000000032003,10838,True
94,Background,102400,6.73247,6.73316,0.0006899999999996353,106400,True
100,Background,10240,6.73269,6.73317,0.00048000000000048004,10838,True
97,Background,102400,6.73365,6.73432,0.0006700000000003925,106400,True
93,Background,10240,6.73616,6.73648,0.00032000000000032003,10838,True
83,Background,10240,6.73698,6.73745,0.00046999999999997044,10838,True
98,Background,10240,6.73791,6.73832,0.00040999999999957737,10838,True
104,Background,1024,6.73802,6.73841,0.0003900000000003345,1244,True
84,Background,1024,6.73834,6.73851,0.00016999999999978144,1244,True
86,Background,10240,6.7388,6.73938,0.0005799999999993588,10838,True
97,Background,1048576,6.74402,6.7799,0.03587999999999969,1087892,True
107,Background,10240,6.74471,6.74522,0.0005099999999993443,10838,True
76,Background,10240,6.74553,6.74568,0.0001500000000005386,10838,True
90,Background,1048576,6.7461,6.75261,0.006509999999999572,1087892,True
95,Background,102400,6.74667,6.75121,0.004540000000000433,106400,True
94,Background,1048576,6.74761,6.76746,0.019849999999999923,1087892,True
77,Background,1024,6.74864,6.74896,0.00032000000000032003,1244,True
78,Background,102400,6.74876,6.7565,0.00774000000000008,106400,True
93,Background,1048576,6.75235,6.76096,0.008610000000000007,1087892,True
97,Background,102400,6.75392,6.75828,0.0043600000000001415,106400,True
101,Background,1024,6.75542,6.75557,0.0001499999999996504,1244,True
98,Background,1024,6.75567,6.75583,0.00015999999999927184,1244,True
104,Background,102400,6.75639,6.75703,0.0006400000000006401,106400,True
91,Background,1024,6.75689,6.7574,0.0005099999999993443,1244,True
92,Background,1048576,6.75831,6.7638,0.005489999999999995,1087892,True
105,Background,1024,6.75839,6.75854,0.0001499999999996504,1244,True
99,Background,102400,6.76015,6.76078,0.0006299999999992423,106400,True
106,Background,102400,6.76211,6.76271,0.000600000000000378,106400,True
83,Background,10240,6.76438,6.76455,0.00016999999999978144,10838,True
100,Background,1048576,6.76612,6.77327,0.007150000000000212,1087892,True
96,Background,1048576,6.76792,6.82095,0.05302999999999969,1087892,True
99,Background,10240,6.76997,6.77042,0.0004499999999998394,10838,True
84,Background,10485760,6.77016,7.15344,0.38328000000000007,10876994,True
106,Background,1024,6.7722,6.77248,0.000280000000000058,1244,True
88,Background,1024,6.77228,6.7725,0.0002199999999996649,1244,True
102,Background,10240,6.77293,6.77341,0.00048000000000048004,10838,True
104,Background,102400,6.77404,6.77466,0.0006199999999996209,106400,True
108,Background,102400,6.77445,6.77506,0.0006099999999999994,106400,True
90,Background,1024,6.77449,6.77464,0.0001499999999996504,1244,True
94,Background,10240,6.77501,6.77543,0.00042000000000008697,10838,True
92,Background,102400,6.77533,6.77575,0.00042000000000008697,106400,True
92,Background,104857600,6.77535,9.99992,3.224569999999999,84383974,False
98,Background,102400,6.7769,6.7808,0.0038999999999997925,106400,True
100,Background,1048576,6.77755,6.79239,0.014840000000000408,1087892,True
89,Background,102400,6.78024,6.78073,0.0004900000000001015,106400,True
105,Background,1048576,6.78058,6.81992,0.03934000000000015,1087892,True
95,Background,102400,6.78071,6.78509,0.0043800000000002726,106400,True
104,Background,1024,6.78092,6.78143,0.0005100000000002325,1244,True
91,Background,10240,6.78094,6.78144,0.0004999999999997229,10838,True
91,Background,10240,6.78191,6.78236,0.0004499999999998394,10838,True
79,Background,10240,6.78242,6.78258,0.00016000000000016001,10838,True
89,Background,10485760,6.7829,7.21924,0.4363400000000004,10876994,True
92,Background,102400,6.7829,6.78609,0.003190000000000026,106400,True
103,Background,10485760,6.78595,7.22689,0.44094000000000033,10876994,True
107,Background,10240,6.78636,6.78656,0.00019999999999953388,10838,True
78,Background,102400,6.78647,6.78716,0.0006900000000005235,106400,True
92,Background,1048576,6.78687,6.83611,0.049239999999999284,1087892,True
90,Background,10485760,6.78702,7.17345,0.38642999999999983,10876994,True
104,Background,102400,6.79057,6.7914,0.0008300000000005525,106400,True
105,Background,102400,6.79082,6.7933,0.0024800000000002598,106400,True
107,Background,102400,6.79176,6.79335,0.0015900000000002024,106400,True
110,Background,102400,6.79324,6.79372,0.00048000000000048004,106400,True
93,Background,1024,6.79387,6.79435,0.00047999999999959186,1244,True
98,Background,10485760,6.79457,7.21001,0.41543999999999937,10876994,True
83,Background,1048576,6.79458,6.83161,0.03703000000000056,1087892,True
99,Background,10240,6.79587,6.79627,0.00039999999999995595,10838,True
91,Background,10240,6.79619,6.79647,0.000280000000000058,10838,True
98,Background,10485760,6.79681,7.20625,0.40944,10876994,True
103,Background,1048576,6.79727,6.80121,0.003940000000000055,1087892,True
85,Background,104857600,6.79823,9.99995,3.20172,81141156,False
106,Background,10240,6.79889,6.79948,0.0005899999999998684,10838,True
95,Background,102400,6.799,6.80041,0.0014099999999999113,106400,True
94,Background,1024,6.80152,6.80168,0.00016000000000016001,1244,True
84,Background,1024,6.80503,6.80543,0.00039999999999995595,1244,True
100,Background,1048576,6.80535,6.82574,0.020389999999999908,1087892,True
97,Background,102400,6.80597,6.81033,0.0043600000000001415,106400,True
102,Background,1024,6.80649,6.80664,0.0001499999999996504,1244,True
105,Background,1048576,6.80684,6.85141,0.04456999999999933,1087892,True
92,Background,102400,6.80821,6.80872,0.0005100000000002325,106400,True
101,Background,102400,6.80924,6.80982,0.000580000000000247,106400,True
91,Background,10240,6.81141,6.81157,0.00015999999999927184,10838,True
104,Background,1024,6.81432,6.81453,0.00021000000000004349,1244,True
86,Background,1024,6.81444,6.81459,0.0001499999999996504,1244,True
93,Background,10240,6.81458,6.81474,0.00015999999999927184,10838,True
111,Background,1048576,6.81604,6.85449,0.038450000000000095,1087892,True
96,Background,102400,6.81653,6.81705,0.0005199999999998539,106400,True
105,Background,102400,6.81655,6.8171,0.0005499999999996064,106400,True
101,Background,1024,6.81696,6.8174,0.000440000000000218,1244,True
102,Background,1024,6.81718,6.81746,0.000280000000000058,1244,True
93,Background,102400,6.81777,6.82435,0.006579999999999586,106400,True
99,Background,102400,6.81974,6.82687,0.007130000000000081,106400,True
94,Background,102400,6.82134,6.82197,0.0006300000000001305,106400,True
95,Background,1024,6.82188,6.82239,0.0005100000000002325,1244,True
94,Background,102400,6.82214,6.8227,0.000560000000000116,106400,True
89,Background,102400,6.82222,6.82272,0.0005000000000006111,106400,True
95,Background,102400,6.82312,6.82374,0.0006199999999996209,106400,True
87,Background,10240,6.82415,6.8245,0.0003499999999991843,10838,True
79,Background,10240,6.82588,6.82643,0.0005500000000004945,10838,True
102,Background,102400,6.82737,6.82793,0.000560000000000116,106400,True
112,Background,102400,6.82832,6.82877,0.0004499999999998394,106400,True
103,Background,102400,6.82862,6.82924,0.000620000000000509,106400,True
90,Background,102400,6.83108,6.83168,0.000600000000000378,106400,True
80,Background,1048576,6.83359,6.87102,0.03742999999999963,1087892,True
108,Background,102400,6.83493,6.84029,0.0053600000000004755,106400,True
105,Background,1048576,6.83971,6.89033,0.05061999999999944,1087892,True
83,Background,102400,6.84241,6.8428,0.0003900000000003345,106400,True
95,Background,1048576,6.84423,6.85033,0.006099999999999994,1087892,True
113,Background,1048576,6.84445,6.85598,0.011529999999999596,1087892,True
96,Background,1048576,6.84513,6.8531,0.007970000000000255,1087892,True
106,Background,10485760,6.84627,7.21382,0.3675500000000005,10876994,True
78,Background,10240,6.84669,6.84694,0.00025000000000030553,10838,True
96,Background,10240,6.84938,6.84956,0.00018000000000029104,10838,True
107,Background,102400,6.85031,6.85078,0.00046999999999997044,106400,True
101,Background,104857600,6.85178,9.99993,3.148150000000001,79760818,False
97,Background,10485760,6.85297,7.24833,0.39536000000000016,10876994,True
99,Background,10240,6.85356,6.85374,0.00018000000000029104,10838,True
88,Background,10240,6.85389,6.85444,0.0005500000000004945,10838,True
105,Background,10240,6.85405,6.85448,0.0004299999999997084,10838,True
94,Background,102400,6.85623,6.85673,0.0004999999999997229,106400,True
96,Background,10485760,6.85639,7.23642,0.38002999999999965,10876994,True
89,Background,10240,6.85817,6.8585,0.00032999999999994145,10838,True
105,Background,1024,6.85873,6.85896,0.00022999999999928633,1244,True
87,Background,102400,6.85894,6.86335,0.004410000000000025,106400,True
106,Background,1024,6.8591,6.85948,0.0003799999999998249,1244,True
95,Background,102400,6.85929,6.85984,0.0005500000000004945,106400,True
97,Background,1048576,6.8612,6.86927,0.008070000000000022,1087892,True
97,Background,102400,6.86697,6.87212,0.005149999999999544,106400,True
91,Background,1048576,6.86772,6.92251,0.05478999999999967,1087892,True
99,Background,10485760,6.86894,7.27622,0.4072800000000001,10876994,True
81,Background,1024,6.86906,6.86946,0.00039999999999995595,1244,True
76,Background,1048576,6.87278,6.91546,0.04268000000000072,1087892,True
89,Background,10485760,6.87393,7.27212,0.3981900000000005,10876994,True
80,Background,1024,6.87451,6.87466,0.0001500000000005386,1244,True
97,Background,102400,6.87683,6.87791,0.0010799999999999699,106400,True
95,Background,10240,6.87808,6.87846,0.0003799999999998249,10838,True
109,Background,1048576,6.87865,6.90421,0.025559999999999583,1087892,True
107,Background,102400,6.88069,6.88141,0.0007199999999993878,106400,True
90,Background,1024,6.8807,6.88089,0.00018999999999991246,1244,True
77,Background,102400,6.88229,6.88277,0.00047999999999959186,106400,True
93,Background,102400,6.88491,6.88865,0.0037400000000005207,106400,True
98,Background,102400,6.89151,6.89223,0.0007199999999993878,106400,True
97,Background,10485760,6.89167,7.3255,0.4338299999999995,10876994,True
98,Background,1024,6.89208,6.89247,0.0003900000000003345,1244,True
98,Background,1048576,6.89529,6.90818,0.012889999999999624,1087892,True
79,Background,10485760,6.89658,7.28594,0.38935999999999993,10876994,True
85,Background,1024,6.89685,6.89733,0.00048000000000048004,1244,True
91,Background,1048576,6.89846,6.90504,0.006579999999999586,1087892,True
96,Background,102400,6.89852,6.89906,0.0005399999999999849,106400,True
108,Background,1048576,6.89965,6.94468,0.04502999999999968,1087892,True
94,Background,10240,6.90089,6.90131,0.0004199999999991988,10838,True
81,Background,10240,6.90133,6.90152,0.00018999999999991246,10838,True
91,Background,1048576,6.90165,6.94443,0.042779999999999596,1087892,True
90,Background,10485760,6.90239,7.27385,0.3714600000000008,10876994,True
92,Background,10240,6.90273,6.90296,0.0002300000000001745,10838,True
78,Background,102400,6.9035,6.90424,0.0007399999999995188,106400,True
94,Background,1048576,6.90423,6.90834,0.004109999999999836,1087892,True
88,Background,102400,6.9061,6.90673,0.0006299999999992423,106400,True
107,Background,1048576,6.91069,6.94141,0.030720000000000525,1087892,True
93,Background,102400,6.91087,6.91641,0.005539999999999878,106400,True
99,Background,102400,6.91111,6.91188,0.0007700000000001594,106400,True
82,Background,102400,6.91207,6.91271,0.0006399999999997519,106400,True
108,Background,102400,6.91433,6.91478,0.0004500000000007276,106400,True
106,Background,1048576,6.91463,6.94664,0.03201000000000054,1087892,True
103,Background,10240,6.91688,6.91734,0.000460000000000349,10838,True
104,Background,1048576,6.9178,6.96337,0.045570000000000555,1087892,True
95,Background,102400,6.91988,6.92338,0.0034999999999998366,106400,True
81,Background,102400,6.92178,6.92789,0.006109999999999616,106400,True
93,Background,10240,6.92228,6.92254,0.00025999999999992696,10838,True
114,Background,10485760,6.9225,7.2813,0.35879999999999956,10876994,True
104,Background,1024,6.92435,6.92456,0.00021000000000004349,1244,True
100,Background,1048576,6.92452,6.94927,0.02475000000000005,1087892,True
96,Background,1048576,6.92469,6.95645,0.03176000000000023,1087892,True
109,Background,1048576,6.92623,6.93016,0.003929999999999545,1087892,True
89,Background,102400,6.92663,6.92732,0.0006899999999996353,106400,True
101,Background,102400,6.92804,6.92944,0.0013999999999994017,106400,True
110,Background,10240,6.92851,6.92867,0.00016000000000016001,10838,True
100,Background,10485760,6.92857,7.31737,0.3888000000000007,10876994,True
108,Background,102400,6.92968,6.93329,0.003610000000000113,106400,True
79,Background,10240,6.93203,6.93248,0.0004499999999998394,10838,True
98,Background,102400,6.93331,6.93392,0.0006099999999999994,106400,True
109,Background,1048576,6.93455,6.95325,0.01869999999999994,1087892,True
94,Background,10240,6.93826,6.93852,0.00025999999999992696,10838,True
105,Background,10240,6.93874,6.93896,0.0002199999999996649,10838,True
90,Background,102400,6.9393,6.93985,0.0005499999999996064,106400,True
84,Background,1048576,6.9401,6.94647,0.006369999999999543,1087892,True
92,Background,1048576,6.94048,6.95739,0.016910000000000203,1087892,True
103,Background,10240,6.9409,6.94144,0.0005399999999999849,10838,True
95,Background,1048576,6.9412,6.96022,0.01901999999999937,1087892,True
107,Background,102400,6.94131,6.94217,0.000860000000000305,106400,True
99,Background,10240,6.94147,6.94167,0.00020000000000042206,10838,True
93,Background,104857600,6.94483,9.99999,3.0551600000000008,78671868,False
106,Background,1024,6.9449,6.94537,0.00046999999999997044,1244,True
85,Background,1048576,6.94767,6.9914,0.04373000000000005,1087892,True
106,Background,1048576,6.94772,6.99366,0.04593999999999987,1087892,True
92,Background,102400,6.94865,6.9493,0.0006500000000002615,106400,True
111,Background,102400,6.95084,6.95639,0.0055499999999995,106400,True
82,Background,1024,6.95157,6.95176,0.00018999999999991246,1244,True
101,Background,10240,6.95186,6.95244,0.000580000000000247,10838,True
100,Background,10240,6.95268,6.95284,0.00016000000000016001,10838,True
94,Background,102400,6.95437,6.9548,0.0004299999999997084,106400,True
97,Background,1048576,6.95462,6.98445,0.02982999999999958,1087892,True
93,Background,10240,6.95539,6.95558,0.00018999999999991246,10838,True
102,Background,104857600,6.9561,9.99997,3.043869999999999,79060886,False
98,Background,102400,6.95721,6.95794,0.0007299999999998974,106400,True
107,Background,10240,6.95789,6.95846,0.0005699999999997374,10838,True
109,Background,1024,6.9585,6.95865,0.0001499999999996504,1244,True
107,Background,102400,6.96048,6.96091,0.00043000000000059657,106400,True
92,Background,10240,6.96158,6.96177,0.00018999999999991246,10838,True
108,Background,10240,6.96312,6.9635,0.0003799999999998249,10838,True
97,Background,1024,6.96323,6.96352,0.0002899999999996794,1244,True
80,Background,102400,6.9652,6.96577,0.0005699999999997374,106400,True
83,Background,1048576,6.9659,7.01645,0.05054999999999943,1087892,True
94,Background,10240,6.96818,6.96851,0.00032999999999994145,10838,True
95,Background,102400,6.96982,6.97099,0.0011699999999992272,106400,True
95,Background,10240,6.97139,6.97156,0.00016999999999978144,10838,True
98,Background,1048576,6.9722,6.98337,0.011169999999999902,1087892,True
110,Background,1024,6.97221,6.97249,0.000280000000000058,1244,True
104,Background,10240,6.97362,6.97377,0.0001499999999996504,10838,True
85,Background,1024,6.97519,6.97549,0.000300000000000189,1244,True
107,Background,104857600,6.9755,9.99996,3.0244599999999995,77835254,False
109,Background,1048576,6.97597,7.02277,0.046800000000000175,1087892,True
106,Background,102400,6.97601,6.98036,0.00435000000000052,106400,True
96,Background,1048576,6.97601,7.01539,0.039380000000000415,1087892,True
97,Background,102400,6.97617,7.01539,0.039220000000000255,1087892,True
84,Background,10240,6.97705,6.97746,0.00040999999999957737,10838,True
86,Background,102400,6.97873,6.98493,0.0062000000000006494,106400,True
110,Background,1048576,6.97953,6.99003,0.010500000000000398,1087892,True
100,Background,10485760,6.98138,7.36992,0.3885399999999999,10876994,True
108,Background,102400,6.98546,6.98586,0.00039999999999995595,106400,True
81,Background,102400,6.98633,6.98687,0.0005399999999999849,106400,True
86,Background,1024,6.98701,6.98745,0.000440000000000218,1244,True
87,Background,10240,6.99056,6.99079,0.00022999999999928633,10838,True
102,Background,10240,6.99086,6.99142,0.000560000000000116,10838,True
108,Background,102400,6.99139,6.9918,0.00040999999999957737,106400,True
92,Background,102400,6.99154,6.99205,0.0005100000000002325,106400,True
94,Background,102400,6.99395,6.99778,0.003829999999999778,106400,True
98,Background,10240,6.995,6.99547,0.00046999999999997044,10838,True
99,Background,10240,6.99509,6.9955,0.00040999999999957737,10838,True
100,Background,102400,6.99581,6.99956,0.003750000000000142,106400,True
99,Background,1048576,6.99696,7.05641,0.05945,1087892,True
99,Background,102400,6.99783,7.00138,0.00354999999999972,106400,True
111,Background,1048576,7.00042,7.01828,0.017859999999999765,1087892,True
105,Background,102400,7.00119,7.00176,0.0005699999999997374,106400,True
100,Background,10240,7.00267,7.00316,0.0004900000000001015,10838,True
101,Background,10240,7.00304,7.00345,0.00040999999999957737,10838,True
82,Background,1048576,7.0036,7.02388,0.02028000000000052,1087892,True
86,Background,10240,7.00426,7.00453,0.0002699999999995484,10838,True
91,Background,1024,7.00447,7.00463,0.00015999999999927184,1244,True
112,Background,1048576,7.00502,7.03942,0.034399999999999764,1087892,True
103,Background,1024,7.00548,7.00563,0.0001499999999996504,1244,True
102,Background,10240,7.00588,7.00633,0.0004499999999998394,10838,True
108,Background,102400,7.0096,7.01026,0.0006599999999998829,106400,True
109,Background,102400,7.01162,7.01228,0.0006599999999998829,106400,True
94,Background,10485760,7.01325,7.34679,0.33354000000000017,10876994,True
106,Background,10485760,7.01392,7.43539,0.42147000000000023,10876994,True
96,Background,102400,7.01521,7.01575,0.0005399999999999849,106400,True
109,Background,1024,7.0166,7.01692,0.00031999999999943185,1244,True
107,Background,1048576,7.01827,7.02987,0.01159999999999961,1087892,True
96,Background,1048576,7.01937,7.0254,0.00602999999999998,1087892,True
83,Background,102400,7.02038,7.02097,0.0005899999999998684,106400,True
90,Background,102400,7.02156,7.02227,0.0007099999999997664,106400,True
87,Background,1048576,7.0216,7.04486,0.023259999999999614,1087892,True
88,Background,1048576,7.02265,7.05953,0.036880000000000024,1087892,True
93,Background,1024,7.02294,7.02344,0.0004999999999997229,1244,True
83,Background,102400,7.02356,7.02427,0.0007099999999997664,106400,True
109,Background,1048576,7.02418,7.03144,0.0072599999999996,1087892,True
107,Background,1024,7.02455,7.0247,0.0001500000000005386,1244,True
103,Background,104857600,7.0247,9.99997,2.975269999999999,74431722,False
85,Background,10240,7.0251,7.02554,0.000440000000000218,10838,True
108,Background,102400,7.02567,7.02891,0.0032399999999999096,106400,True
96,Background,1024,7.0292,7.0295,0.0002999999999993008,1244,True
115,Background,1048576,7.03046,7.04423,0.01377000000000006,1087892,True
95,Background,1024,7.03067,7.03085,0.00018000000000029104,1244,True
110,Background,102400,7.03284,7.0404,0.007559999999999789,106400,True
107,Background,1048576,7.03305,7.07066,0.03760999999999992,1087892,True
94,Background,102400,7.03594,7.03975,0.003809999999999647,106400,True
101,Background,10240,7.03627,7.03652,0.00025000000000030553,10838,True
110,Background,1024,7.03675,7.03695,0.00020000000000042206,1244,True
97,Background,1048576,7.03731,7.05434,0.0170300000000001,1087892,True
103,Background,1024,7.03762,7.03794,0.00031999999999943185,1244,True
82,Background,10240,7.03863,7.03878,0.0001499999999996504,10838,True
94,Background,1024,7.04039,7.04055,0.00015999999999927184,1244,True
99,Background,102400,7.04184,7.04429,0.0024500000000005073,106400,True
110,Background,10240,7.04246,7.04262,0.00016000000000016001,10838,True
108,Background,102400,7.0431,7.04378,0.0006800000000000139,106400,True
84,Background,102400,7.04345,7.04405,0.000600000000000378,106400,True
113,Background,1048576,7.04427,7.0483,0.0040300000000002,1087892,True
90,Background,102400,7.04638,7.04682,0.000440000000000218,106400,True
80,Background,1024,7.04798,7.04841,0.0004299999999997084,1244,True
104,Background,102400,7.04817,7.0487,0.0005300000000003635,106400,True
83,Background,10485760,7.05251,7.41614,0.36363000000000056,10876994,True
89,Background,102400,7.05335,7.05406,0.0007099999999997664,106400,True
104,Background,10485760,7.05707,7.40544,0.3483699999999992,10876994,True
106,Background,10240,7.05828,7.05854,0.00025999999999992696,10838,True
98,Background,10240,7.05959,7.05991,0.00032000000000032003,10838,True
97,Background,1024,7.05982,7.06039,0.0005699999999997374,1244,True
111,Background,1024,7.05988,7.06042,0.0005399999999999849,1244,True
97,Background,10240,7.05991,7.06042,0.0005099999999993443,10838,True
95,Background,10240,7.0603,7.06052,0.0002200000000005531,10838,True
91,Background,1024,7.06096,7.06141,0.0004500000000007276,1244,True
96,Background,1048576,7.06228,7.0664,0.004119999999999457,1087892,True
108,Background,10240,7.06281,7.06326,0.0004499999999998394,10838,True
91,Background,10240,7.0632,7.06352,0.00031999999999943185,10838,True
105,Background,10240,7.06331,7.06354,0.00022999999999928633,10838,True
112,Background,1048576,7.0642,7.06821,0.004010000000000069,1087892,True
95,Background,10240,7.06432,7.06455,0.00022999999999928633,10838,True
112,Background,10485760,7.06512,7.42415,0.35902999999999974,10876994,True
102,Background,10240,7.06671,7.0669,0.00019000000000080064,10838,True
113,Background,10240,7.06693,7.06739,0.00045999999999946084,10838,True
110,Background,10240,7.06813,7.06843,0.000300000000000189,10838,True
111,Background,10240,7.06881,7.06933,0.0005199999999998539,10838,True
107,Background,1024,7.0692,7.06949,0.0002899999999996794,1244,True
103,Background,10240,7.07038,7.07056,0.00018000000000029104,10838,True
81,Background,1024,7.07062,7.07081,0.00018999999999991246,1244,True
96,Background,102400,7.07065,7.07274,0.0020899999999999253,106400,True
98,Background,10240,7.07086,7.07145,0.0005899999999998684,10838,True
112,Background,102400,7.07102,7.07239,0.0013700000000005375,106400,True
109,Background,102400,7.0716,7.07221,0.0006099999999999994,106400,True
99,Background,102400,7.0746,7.08038,0.005779999999999674,106400,True
95,Background,10485760,7.07545,7.46323,0.38778000000000024,10876994,True
108,Background,102400,7.07829,7.07893,0.0006399999999997519,106400,True
85,Background,10240,7.07975,7.08,0.00025000000000030553,10838,True
105,Background,102400,7.08183,7.08827,0.006439999999999557,106400,True
96,Background,1024,7.08379,7.08411,0.00032000000000032003,1244,True
99,Background,1024,7.08432,7.08454,0.0002199999999996649,1244,True
82,Background,102400,7.08439,7.08508,0.0006899999999996353,106400,True
91,Background,1024,7.08748,7.08764,0.00016000000000016001,1244,True
99,Background,10240,7.08795,7.08843,0.00047999999999959186,10838,True
93,Background,10240,7.0881,7.08848,0.0003799999999998249,10838,True
111,Background,102400,7.08898,7.09325,0.004269999999999996,106400,True
104,Background,102400,7.08919,7.08974,0.0005499999999996064,106400,True
109,Background,10240,7.09113,7.09148,0.0003500000000000725,10838,True
111,Background,10240,7.09132,7.09153,0.00021000000000004349,10838,True
90,Background,10240,7.0919,7.09235,0.0004499999999998394,10838,True
110,Background,102400,7.09262,7.09722,0.0045999999999999375,106400,True
100,Background,102400,7.0929,7.09618,0.0032800000000001717,106400,True
100,Background,1024,7.09295,7.09346,0.0005100000000002325,1244,True
109,Background,1024,7.09342,7.09358,0.00016000000000016001,1244,True
100,Background,102400,7.09566,7.09632,0.0006600000000007711,106400,True
98,Background,1024,7.09681,7.09736,0.0005500000000004945,1244,True
110,Background,1024,7.09904,7.09946,0.00042000000000008697,1244,True
110,Background,10485760,7.10009,7.47885,0.37876000000000065,10876994,True
87,Background,1024,7.10055,7.10075,0.00019999999999953388,1244,True
106,Background,10240,7.10068,7.1012,0.0005200000000007421,10838,True
101,Background,10240,7.10461,7.10483,0.0002199999999996649,10838,True
93,Background,104857600,7.10473,9.99996,2.8952299999999997,72579756,False
111,Background,1048576,7.10611,7.11186,0.005749999999999922,1087892,True
105,Background,1024,7.10639,7.10656,0.00016999999999978144,1244,True
110,Background,10240,7.10685,7.10746,0.0006099999999999994,10838,True
108,Background,1048576,7.10689,7.14826,0.041369999999999685,1087892,True
100,Background,102400,7.10837,7.10896,0.0005899999999998684,106400,True
101,Background,102400,7.11043,7.11105,0.0006199999999996209,106400,True
114,Background,10240,7.11136,7.11154,0.00017999999999940286,10838,True
102,Background,102400,7.112,7.11407,0.0020699999999997942,106400,True
100,Background,1024,7.11316,7.11349,0.00032999999999994145,1244,True
104,Background,10240,7.1147,7.11525,0.0005499999999996064,10838,True
113,Background,10240,7.11562,7.11578,0.00016000000000016001,10838,True
101,Background,10485760,7.11581,7.48418,0.36837000000000053,10876994,True
102,Background,104857600,7.11622,9.99998,2.8837600000000005,75247308,False
101,Background,10240,7.11637,7.11655,0.00018000000000029104,10838,True
84,Background,10485760,7.11718,7.46227,0.3450899999999999,10876994,True
96,Background,10240,7.11775,7.11799,0.00023999999999979593,10838,True
106,Background,1024,7.11852,7.11869,0.00016999999999978144,1244,True
99,Background,10240,7.12106,7.12146,0.00039999999999995595,10838,True
92,Background,1048576,7.12146,7.12727,0.005810000000000315,1087892,True
100,Background,1048576,7.12228,7.1328,0.01051999999999964,1087892,True
114,Background,10240,7.12346,7.12362,0.00016000000000016001,10838,True
106,Background,10240,7.12372,7.12392,0.00020000000000042206,10838,True
86,Background,1048576,7.12683,7.17108,0.0442499999999999,1087892,True
91,Background,102400,7.12844,7.12912,0.0006800000000000139,106400,True
84,Background,1048576,7.1305,7.15725,0.026750000000000718,1087892,True
102,Background,104857600,7.13129,9.99996,2.86867,75388496,False
107,Background,10240,7.13381,7.13416,0.0003499999999991843,10838,True
93,Background,102400,7.13679,7.14351,0.006719999999999615,106400,True
83,Background,1024,7.1381,7.13847,0.0003700000000002035,1244,True
94,Background,1048576,7.1413,7.14602,0.0047199999999998354,1087892,True
92,Background,1048576,7.14209,7.15791,0.01582000000000061,1087892,True
105,Background,1048576,7.14353,7.16109,0.017559999999999576,1087892,True
98,Background,1024,7.14442,7.14459,0.00016999999999978144,1244,True
94,Background,1048576,7.14627,7.15249,0.006219999999999892,1087892,True
103,Background,1048576,7.14806,7.16219,0.014129999999999754,1087892,True
113,Background,10240,7.14833,7.14855,0.0002200000000005531,10838,True
97,Background,1048576,7.14903,7.19546,0.04642999999999997,1087892,True
114,Background,102400,7.14924,7.14978,0.0005399999999999849,106400,True
86,Background,10240,7.15015,7.15049,0.0003399999999995629,10838,True
103,Background,10240,7.15101,7.15145,0.0004399999999993298,10838,True
112,Background,10240,7.15197,7.15242,0.0004499999999998394,10838,True
109,Background,1048576,7.1537,7.1833,0.029600000000000293,1087892,True
111,Background,10240,7.15744,7.1576,0.00016000000000016001,10838,True
101,Background,1048576,7.16152,7.17491,0.013389999999999347,1087892,True
95,Background,1024,7.16153,7.16168,0.0001499999999996504,1244,True
115,Background,102400,7.16161,7.16231,0.000700000000000145,106400,True
96,Background,104857600,7.16486,10.0,2.83514,72355958,False
103,Background,10240,7.16503,7.16547,0.000440000000000218,10838,True
104,Background,10240,7.16531,7.16547,0.00016000000000016001,10838,True
104,Background,102400,7.16959,7.17016,0.0005699999999997374,106400,True
100,Background,10485760,7.17077,7.60867,0.43789999999999996,10876994,True
116,Background,102400,7.17284,7.17526,0.0024199999999998667,106400,True
107,Background,102400,7.17359,7.17413,0.0005399999999999849,106400,True
105,Background,1024,7.17484,7.17539,0.0005500000000004945,1244,True
109,Background,1048576,7.17526,7.17908,0.0038200000000001566,1087892,True
114,Background,10240,7.17609,7.17649,0.00039999999999995595,10838,True
92,Background,1024,7.17659,7.17682,0.0002300000000001745,1244,True
102,Background,10240,7.1769,7.17745,0.0005500000000004945,10838,True
101,Background,1048576,7.17775,7.22708,0.04933000000000032,1087892,True
101,Background,10240,7.17788,7.17837,0.0004900000000001015,10838,True
104,Background,10240,7.18025,7.1805,0.00025000000000030553,10838,True
95,Background,102400,7.18053,7.18125,0.000720000000000276,106400,True
103,Background,10240,7.18071,7.1812,0.0004899999999992133,10838,True
97,Background,102400,7.18075,7.18721,0.006460000000000576,106400,True
102,Background,102400,7.18163,7.18235,0.0007199999999993878,106400,True
99,Background,1048576,7.18228,7.19514,0.012859999999999872,1087892,True
111,Background,10240,7.18257,7.18278,0.00021000000000004349,10838,True
88,Background,1048576,7.18375,7.22136,0.03760999999999992,1087892,True
93,Background,102400,7.18478,7.19145,0.006669999999999732,106400,True
112,Background,10240,7.1865,7.18666,0.00016000000000016001,10838,True
108,Background,102400,7.18683,7.18946,0.0026300000000007984,106400,True
102,Background,1048576,7.18721,7.19248,0.005269999999999442,1087892,True
94,Background,10240,7.1898,7.19003,0.0002300000000001745,10838,True
115,Background,10240,7.1919,7.19239,0.0004899999999992133,10838,True
116,Background,1048576,7.19295,7.23518,0.04222999999999999,1087892,True
91,Background,102400,7.19463,7.19773,0.0030999999999998806,106400,True
104,Background,10485760,7.19603,7.62081,0.42477999999999927,10876994,True
117,Background,102400,7.19695,7.20238,0.005429999999999602,106400,True
113,Background,10240,7.19855,7.19874,0.00018999999999991246,10838,True
95,Background,102400,7.19883,7.20145,0.0026200000000002888,106400,True
87,Background,1048576,7.19894,7.24121,0.042269999999999364,1087892,True
94,Background,10240,7.19921,7.19953,0.00032000000000032003,10838,True
96,Background,1048576,7.19992,7.23283,0.03291000000000022,1087892,True
97,Background,10240,7.20042,7.20059,0.00016999999999978144,10838,True
114,Background,10240,7.20144,7.20159,0.0001500000000005386,10838,True
85,Background,102400,7.20145,7.20185,0.00039999999999995595,106400,True
105,Background,1024,7.20215,7.20251,0.0003600000000005821,1244,True
95,Background,102400,7.20368,7.20436,0.0006800000000000139,106400,True
109,Background,102400,7.20381,7.20524,0.0014300000000000423,106400,True
88,Background,10240,7.20525,7.20551,0.00025999999999992696,10838,True
109,Background,10240,7.20767,7.20782,0.0001499999999996504,10838,True
112,Background,1048576,7.20818,7.22636,0.018180000000000085,1087892,True
100,Background,102400,7.21124,7.21174,0.0004999999999997229,106400,True
113,Background,10485760,7.21219,7.57133,0.35914,10876994,True
105,Background,10240,7.2148,7.21538,0.0005799999999993588,10838,True
97,Background,1048576,7.21533,7.21937,0.0040399999999998215,1087892,True
115,Background,1024,7.21817,7.2185,0.00032999999999994145,1244,True
98,Background,10240,7.22244,7.2226,0.00016000000000016001,10838,True
89,Background,1048576,7.22462,7.25928,0.03466000000000058,1087892,True
98,Background,10240,7.22617,7.22646,0.0002900000000005676,10838,True
101,Background,102400,7.22721,7.22771,0.0004999999999997229,106400,True
106,Background,102400,7.22761,7.22824,0.0006300000000001305,106400,True
102,Background,1024,7.2291,7.22945,0.0003500000000000725,1244,True
103,Background,102400,7.23364,7.23433,0.0006899999999996353,106400,True
96,Background,102400,7.2338,7.23493,0.0011300000000007415,106400,True
112,Background,102400,7.23515,7.23571,0.000560000000000116,106400,True
98,Background,1024,7.23772,7.23791,0.00018999999999991246,1244,True
88,Background,10240,7.23868,7.23902,0.00034000000000045105,10838,True
107,Background,10240,7.24065,7.24088,0.0002300000000001745,10838,True
106,Background,1048576,7.24107,7.24637,0.005300000000000082,1087892,True
114,Background,10240,7.24142,7.24158,0.00016000000000016001,10838,True
108,Background,1048576,7.24195,7.27912,0.0371699999999997,1087892,True
116,Background,10240,7.2443,7.24453,0.0002300000000001745,10838,True
103,Background,102400,7.24457,7.24521,0.0006399999999997519,106400,True
101,Background,102400,7.24506,7.2457,0.0006400000000006401,106400,True
106,Background,102400,7.24656,7.24714,0.000580000000000247,106400,True
99,Background,10240,7.24817,7.24849,0.00032000000000032003,10838,True
96,Background,1048576,7.24964,7.2915,0.041859999999999786,1087892,True
118,Background,102400,7.25035,7.25079,0.000440000000000218,106400,True
102,Background,1048576,7.2508,7.29641,0.04560999999999993,1087892,True
89,Background,102400,7.25087,7.25729,0.006420000000000314,106400,True
113,Background,1024,7.25088,7.25134,0.00045999999999946084,1244,True
110,Background,1048576,7.25118,7.26616,0.014980000000000437,1087892,True
92,Background,102400,7.25223,7.25275,0.0005199999999998539,106400,True
105,Background,102400,7.25439,7.25479,0.00039999999999995595,106400,True
90,Background,1024,7.25465,7.25481,0.00016000000000016001,1244,True
106,Background,10240,7.25715,7.25749,0.0003399999999995629,10838,True
111,Background,1024,7.25747,7.25762,0.0001500000000005386,1244,True
110,Background,102400,7.25882,7.26004,0.0012199999999999989,106400,True
85,Background,102400,7.25983,7.2623,0.00246999999999975,106400,True
96,Background,1024,7.26032,7.26052,0.00019999999999953388,1244,True
87,Background,1048576,7.26121,7.26941,0.008199999999999541,1087892,True
119,Background,102400,7.26175,7.26636,0.004609999999999559,106400,True
115,Background,1048576,7.26208,7.26611,0.0040300000000002,1087892,True
111,Background,102400,7.26223,7.26276,0.0005300000000003635,106400,True
92,Background,10240,7.26458,7.26474,0.00016000000000016001,10838,True
95,Background,1048576,7.26594,7.29937,0.03343000000000007,1087892,True
117,Background,10240,7.26919,7.26949,0.000300000000000189,10838,True
84,Background,102400,7.26922,7.26977,0.0005500000000004945,106400,True
108,Background,10485760,7.27062,7.63627,0.3656499999999996,10876994,True
120,Background,102400,7.27069,7.27172,0.0010300000000000864,106400,True
89,Background,1048576,7.27373,7.31432,0.04059000000000079,1087892,True
106,Background,1024,7.2739,7.27445,0.0005499999999996064,1244,True
105,Background,102400,7.27669,7.27735,0.0006599999999998829,106400,True
109,Background,10240,7.27679,7.27706,0.0002699999999995484,10838,True
86,Background,102400,7.27681,7.27912,0.00230999999999959,106400,True
117,Background,1048576,7.27854,7.29438,0.015840000000000742,1087892,True
115,Background,10240,7.27972,7.28008,0.0003599999999996939,10838,True
95,Background,102400,7.2818,7.29038,0.008580000000000254,106400,True
107,Background,102400,7.2829,7.28824,0.0053400000000003445,106400,True
93,Background,1048576,7.28346,7.30938,0.025920000000000165,1087892,True
100,Background,102400,7.28458,7.28511,0.0005300000000003635,106400,True
96,Background,102400,7.28496,7.29166,0.006700000000000372,106400,True
97,Background,10240,7.28516,7.29166,0.00649999999999995,106400,True
110,Background,102400,7.28583,7.28839,0.0025599999999998957,106400,True
103,Background,10485760,7.29025,7.64879,0.35853999999999964,10876994,True
104,Background,102400,7.29123,7.29181,0.000580000000000247,106400,True
86,Background,1024,7.29203,7.29246,0.00043000000000059657,1244,True
101,Background,102400,7.29205,7.29271,0.0006599999999998829,106400,True
112,Background,102400,7.29305,7.29376,0.0007099999999997664,106400,True
110,Background,102400,7.29405,7.29469,0.0006399999999997519,106400,True
90,Background,10240,7.29422,7.29449,0.0002699999999995484,10838,True
100,Background,102400,7.29509,7.29566,0.0005699999999997374,106400,True
98,Background,10240,7.29523,7.29547,0.00023999999999979593,10838,True
85,Background,10240,7.29757,7.29773,0.00015999999999927184,10838,True
110,Background,102400,7.29944,7.29995,0.0005100000000002325,106400,True
107,Background,1048576,7.29945,7.31445,0.01499999999999968,1087892,True
118,Background,1048576,7.29998,7.33889,0.038910000000000444,1087892,True
93,Background,102400,7.30152,7.30226,0.000740000000000407,106400,True
116,Background,1048576,7.30202,7.34663,0.04461000000000048,1087892,True
107,Background,10240,7.30808,7.30847,0.00038999999999944635,10838,True
97,Background,102400,7.30815,7.30872,0.0005699999999997374,106400,True
106,Background,1024,7.30997,7.31042,0.0004499999999998394,1244,True
104,Background,1024,7.31047,7.31062,0.0001500000000005386,1244,True
96,Background,1024,7.31213,7.31247,0.00034000000000045105,1244,True
97,Background,10485760,7.31305,7.65906,0.3460100000000006,10876994,True
99,Background,10485760,7.31446,7.67333,0.3588699999999996,10876994,True
112,Background,10485760,7.3151,7.67936,0.3642599999999998,10876994,True
99,Background,1048576,7.31529,7.34127,0.02597999999999967,1087892,True
98,Background,102400,7.31541,7.31622,0.0008100000000004215,106400,True
116,Background,1048576,7.31554,7.35216,0.03661999999999921,1087892,True
108,Background,1048576,7.31587,7.35847,0.042599999999999305,1087892,True
111,Background,102400,7.31598,7.32041,0.004430000000000156,106400,True
99,Background,1048576,7.31653,7.33284,0.016309999999999825,1087892,True
111,Background,1048576,7.31658,7.33508,0.018499999999999517,1087892,True
111,Background,10240,7.31719,7.31747,0.000280000000000058,10838,True
91,Background,1048576,7.31865,7.37064,0.05198999999999998,1087892,True
99,Background,102400,7.31877,7.32555,0.006780000000000008,106400,True
113,Background,102400,7.32015,7.32075,0.000600000000000378,106400,True
105,Background,1024,7.32255,7.32271,0.00016000000000016001,1244,True
111,Background,10240,7.32288,7.32344,0.000560000000000116,10838,True
100,Background,1048576,7.32302,7.36516,0.04214000000000073,1087892,True
121,Background,10240,7.32331,7.32354,0.0002300000000001745,10838,True
90,Background,10485760,7.32566,7.7054,0.37973999999999997,10876994,True
97,Background,10240,7.32607,7.32647,0.00039999999999995595,10838,True
113,Background,10240,7.32634,7.32655,0.00021000000000004349,10838,True
113,Background,1024,7.32811,7.32848,0.0003700000000002035,1244,True
103,Background,102400,7.33178,7.33541,0.003630000000000244,106400,True
102,Background,10485760,7.33369,7.74852,0.41483000000000025,10876994,True
102,Background,1024,7.33537,7.33555,0.00017999999999940286,1244,True
118,Background,102400,7.3366,7.33745,0.0008499999999997954,106400,True
103,Background,1048576,7.33661,7.37369,0.03707999999999956,1087892,True
92,Background,10240,7.33884,7.3394,0.000560000000000116,10838,True
119,Background,10240,7.34169,7.34188,0.00018999999999991246,10838,True
104,Background,1024,7.34546,7.34562,0.00016000000000016001,1244,True
122,Background,102400,7.34635,7.3469,0.0005499999999996064,106400,True
117,Background,10240,7.34667,7.34708,0.00041000000000046555,10838,True
109,Background,10485760,7.34735,7.71537,0.36802000000000046,10876994,True
97,Background,104857600,7.34781,9.99997,2.6521599999999994,66810574,False
112,Background,1048576,7.34947,7.3543,0.004830000000000112,1087892,True
92,Background,1048576,7.35001,7.40332,0.053309999999999746,1087892,True
87,Background,10240,7.35531,7.35553,0.0002199999999996649,10838,True
104,Background,1048576,7.35754,7.37642,0.01888000000000023,1087892,True
108,Background,10240,7.3578,7.35831,0.0005100000000002325,10838,True
98,Background,10485760,7.35808,7.77225,0.4141699999999995,10876994,True
113,Background,1048576,7.35842,7.38348,0.02505999999999986,1087892,True
104,Background,102400,7.35883,7.36342,0.004589999999999428,106400,True
109,Background,10485760,7.35903,7.76077,0.4017400000000002,10876994,True
88,Background,1048576,7.35997,7.4028,0.04283000000000037,1087892,True
93,Background,10485760,7.3607,7.77847,0.41777000000000086,10876994,True
105,Background,10240,7.36432,7.36453,0.00021000000000004349,10838,True
115,Background,102400,7.36651,7.36723,0.000720000000000276,106400,True
112,Background,10240,7.36901,7.36945,0.0004399999999993298,10838,True
118,Background,104857600,7.36981,9.99986,2.6300499999999998,67800392,False
117,Background,102400,7.37078,7.37752,0.006739999999999746,106400,True
87,Background,1048576,7.37178,7.41088,0.03909999999999947,1087892,True
104,Background,10240,7.3728,7.37337,0.0005700000000006256,10838,True
109,Background,1024,7.37458,7.37478,0.00020000000000042206,1244,True
116,Background,102400,7.37686,7.38029,0.003429999999999822,106400,True
110,Background,10240,7.3782,7.37849,0.0002900000000005676,10838,True
107,Background,1048576,7.37907,7.3838,0.004730000000000345,1087892,True
105,Background,102400,7.37936,7.37979,0.0004299999999997084,106400,True
116,Background,102400,7.37974,7.38439,0.004649999999999821,106400,True
114,Background,1024,7.38143,7.38158,0.0001499999999996504,1244,True
91,Background,1048576,7.38234,7.40213,0.01978999999999953,1087892,True
91,Background,102400,7.38239,7.38307,0.0006800000000000139,106400,True
114,Background,102400,7.38595,7.39118,0.005230000000000068,106400,True
94,Background,1048576,7.38722,7.39219,0.004970000000000141,1087892,True
105,Background,10240,7.38739,7.38756,0.00016999999999978144,10838,True
106,Background,10240,7.38826,7.38857,0.00030999999999981043,10838,True
114,Background,10240,7.38882,7.38944,0.0006199999999996209,10838,True
106,Background,102400,7.39442,7.39496,0.0005399999999999849,106400,True
107,Background,1048576,7.3952,7.40073,0.005530000000000257,1087892,True
101,Background,1048576,7.39549,7.41273,0.017240000000000144,1087892,True
94,Background,102400,7.39596,7.40144,0.0054800000000003735,106400,True
101,Background,1024,7.39818,7.3985,0.00032000000000032003,1244,True
110,Background,1048576,7.39901,7.44843,0.049420000000000464,1087892,True
123,Background,102400,7.39914,7.39976,0.0006199999999996209,106400,True
111,Background,1024,7.39927,7.39951,0.0002400000000006841,1244,True
111,Background,102400,7.39966,7.40308,0.0034200000000002007,106400,True
117,Background,10240,7.40049,7.40064,0.0001500000000005386,10838,True
114,Background,10240,7.40094,7.40138,0.0004399999999993298,10838,True
106,Background,10240,7.40164,7.402,0.0003599999999996939,10838,True
119,Background,10240,7.40213,7.40245,0.00032000000000032003,10838,True
102,Background,10240,7.40318,7.40347,0.0002900000000005676,10838,True
103,Background,10240,7.40339,7.40355,0.00016000000000016001,10838,True
102,Background,1024,7.40415,7.40448,0.00033000000000082963,1244,True
93,Background,1048576,7.40519,7.41768,0.012489999999999668,1087892,True
120,Background,10485760,7.4114,7.80943,0.39802999999999944,10876994,True
112,Background,102400,7.41197,7.41637,0.004399999999999515,106400,True
118,Background,1048576,7.41256,7.41949,0.006929999999999659,1087892,True
105,Background,1024,7.41323,7.41352,0.0002899999999996794,1244,True
105,Background,1048576,7.41875,7.46104,0.042289999999999495,1087892,True
94,Background,10240,7.41908,7.41949,0.00040999999999957737,10838,True
92,Background,10485760,7.41925,7.7847,0.36545000000000005,10876994,True
106,Background,1024,7.41964,7.41981,0.00016999999999978144,1244,True
117,Background,104857600,7.42084,9.99997,2.5791299999999993,64099464,False
113,Background,102400,7.42089,7.42531,0.0044199999999996464,106400,True
86,Background,102400,7.42096,7.42518,0.0042200000000001125,106400,True
110,Background,102400,7.4244,7.42491,0.0005099999999993443,106400,True
115,Background,10240,7.42586,7.42639,0.0005299999999994753,10838,True
100,Background,10240,7.42606,7.42647,0.00041000000000046555,10838,True
103,Background,102400,7.42812,7.42881,0.0006900000000005235,106400,True
118,Background,10240,7.42818,7.42852,0.0003399999999995629,10838,True
107,Background,10485760,7.42822,7.82073,0.3925100000000006,10876994,True
92,Background,1024,7.43192,7.43238,0.000460000000000349,1244,True
118,Background,1048576,7.43613,7.44078,0.004649999999999821,1087892,True
108,Background,1024,7.43812,7.43844,0.00032000000000032003,1244,True
115,Background,1024,7.43874,7.43932,0.000580000000000247,1244,True
108,Background,1048576,7.43891,7.47977,0.04086000000000034,1087892,True
119,Background,102400,7.43899,7.44326,0.004269999999999996,106400,True
98,Background,10485760,7.44149,7.8359,0.3944099999999997,10876994,True
99,Background,1048576,7.4415,7.8359,0.3944000000000001,10876994,True
120,Background,10240,7.44258,7.44278,0.00019999999999953388,10838,True
99,Background,1048576,7.44295,7.48042,0.03746999999999989,1087892,True
116,Background,10485760,7.44315,7.80245,0.3593000000000002,10876994,True
100,Background,1024,7.44342,7.44357,0.0001500000000005386,1244,True
103,Background,10240,7.44354,7.4437,0.00016000000000016001,10838,True
107,Background,102400,7.44471,7.44934,0.004630000000000578,106400,True
121,Background,10240,7.44827,7.44851,0.00023999999999979593,10838,True
102,Background,10240,7.4519,7.45238,0.00047999999999959186,10838,True
93,Background,10240,7.45231,7.45252,0.00021000000000004349,10838,True
108,Background,1024,7.45393,7.45442,0.0004900000000001015,1244,True
89,Background,1024,7.45869,7.45915,0.000460000000000349,1244,True
90,Background,10240,7.45897,7.45943,0.000460000000000349,10838,True
98,Background,102400,7.45975,7.46207,0.0023200000000000998,106400,True
115,Background,102400,7.4611,7.46171,0.0006099999999999994,106400,True
112,Background,1048576,7.46187,7.51632,0.05445000000000011,1087892,True
112,Background,10240,7.46262,7.46288,0.00025999999999992696,10838,True
100,Background,1048576,7.46298,7.50241,0.0394300000000003,1087892,True
107,Background,102400,7.46317,7.46374,0.0005699999999997374,106400,True
103,Background,102400,7.46434,7.46495,0.0006099999999999994,106400,True
101,Background,1024,7.46865,7.46893,0.000280000000000058,1244,True
112,Background,1024,7.47099,7.47145,0.000460000000000349,1244,True
109,Background,10240,7.4725,7.47266,0.00016000000000016001,10838,True
103,Background,102400,7.4731,7.47371,0.0006099999999999994,106400,True
108,Background,10240,7.47423,7.47451,0.000280000000000058,10838,True
113,Background,1024,7.475,7.47545,0.0004500000000007276,1244,True
104,Background,1048576,7.47571,7.51178,0.0360699999999996,1087892,True
121,Background,102400,7.47582,7.47927,0.003449999999999953,106400,True
117,Background,102400,7.47643,7.47715,0.000720000000000276,106400,True
122,Background,1048576,7.47647,7.50647,0.03000000000000025,1087892,True
110,Background,102400,7.47668,7.48252,0.005840000000000067,106400,True
88,Background,102400,7.47904,7.47967,0.0006299999999992423,106400,True
97,Background,102400,7.48016,7.48073,0.0005700000000006256,106400,True
111,Background,104857600,7.48069,9.99998,2.5192900000000007,63527202,False
112,Background,104857600,7.48112,9.99992,2.5187999999999997,65455770,False
106,Background,102400,7.48313,7.48373,0.000600000000000378,106400,True
108,Background,10485760,7.48327,7.82057,0.33729999999999993,10876994,True
107,Background,1048576,7.48437,7.50043,0.01605999999999952,1087892,True
101,Background,102400,7.48598,7.49141,0.00543000000000049,106400,True
87,Background,1048576,7.48766,7.52896,0.04129999999999967,1087892,True
115,Background,1048576,7.48969,7.53231,0.042619999999999436,1087892,True
97,Background,10485760,7.48977,7.88,0.39022999999999985,10876994,True
123,Background,1048576,7.49106,7.49629,0.005230000000000068,1087892,True
104,Background,10485760,7.49204,7.91072,0.41868000000000016,10876994,True
113,Background,1048576,7.4924,7.51348,0.02108000000000043,1087892,True
112,Background,1024,7.49279,7.49343,0.0006399999999997519,1244,True
120,Background,1048576,7.49361,7.51245,0.018839999999999968,1087892,True
94,Background,10485760,7.49535,7.83825,0.3429000000000002,10876994,True
121,Background,102400,7.49751,7.49798,0.00046999999999997044,106400,True
113,Background,102400,7.49839,7.49895,0.000560000000000116,106400,True
93,Background,1048576,7.49916,7.50316,0.004000000000000448,1087892,True
109,Background,102400,7.50045,7.50107,0.000620000000000509,106400,True
98,Background,1048576,7.50201,7.54297,0.04096000000000011,1087892,True
98,Background,102400,7.50236,7.50302,0.0006599999999998829,106400,True
108,Background,1024,7.50269,7.50318,0.0004900000000001015,1244,True
93,Background,102400,7.50341,7.50381,0.00039999999999995595,106400,True
109,Background,10485760,7.50515,7.8636,0.3584499999999995,10876994,True
122,Background,102400,7.506,7.50827,0.0022700000000002163,106400,True
102,Background,102400,7.50731,7.50787,0.0005599999999992278,106400,True
119,Background,102400,7.50934,7.50985,0.0005100000000002325,106400,True
108,Background,102400,7.5099,7.51309,0.003190000000000026,106400,True
114,Background,1024,7.51013,7.5105,0.0003700000000002035,1244,True
109,Background,102400,7.51115,7.5118,0.0006500000000002615,106400,True
95,Background,10240,7.5125,7.51266,0.00016000000000016001,10838,True
109,Background,1048576,7.51445,7.51925,0.0048000000000003595,1087892,True
113,Background,102400,7.51563,7.51925,0.0036200000000006227,106400,True
95,Background,1048576,7.51668,7.54275,0.026069999999999816,1087892,True
98,Background,10240,7.51705,7.51746,0.00040999999999957737,10838,True
110,Background,102400,7.51824,7.51872,0.00048000000000048004,106400,True
99,Background,102400,7.51891,7.52248,0.003569999999999851,106400,True
99,Background,10240,7.51949,7.51965,0.00016000000000016001,10838,True
120,Background,102400,7.51995,7.52399,0.00404000000000071,106400,True
95,Background,10485760,7.52051,7.90037,0.37985999999999986,10876994,True
119,Background,1048576,7.52078,7.56343,0.04265000000000008,1087892,True
89,Background,1048576,7.52154,7.55751,0.035969999999999835,1087892,True
105,Background,102400,7.52296,7.52678,0.0038199999999992684,106400,True
119,Background,1024,7.52393,7.52444,0.0005100000000002325,1244,True
102,Background,10240,7.52398,7.52445,0.00046999999999997044,10838,True
109,Background,102400,7.52433,7.52478,0.0004499999999998394,106400,True
114,Background,10240,7.52437,7.52455,0.00017999999999940286,10838,True
110,Background,10240,7.52471,7.5249,0.00018999999999991246,10838,True
106,Background,1024,7.52541,7.52556,0.0001499999999996504,1244,True
105,Background,10485760,7.52582,7.95686,0.4310399999999994,10876994,True
116,Background,102400,7.52618,7.52674,0.000560000000000116,106400,True
99,Background,1048576,7.5265,7.5353,0.008799999999999919,1087892,True
101,Background,1024,7.52714,7.52751,0.0003700000000002035,1244,True
104,Background,10240,7.52888,7.52931,0.0004299999999997084,10838,True
106,Background,1048576,7.52904,7.57432,0.04527999999999999,1087892,True
107,Background,1048576,7.52978,7.58636,0.0565800000000003,1087892,True
107,Background,1024,7.5298,7.53038,0.000580000000000247,1244,True
107,Background,1048576,7.53262,7.5597,0.02708000000000066,1087892,True
111,Background,1048576,7.53306,7.53951,0.006450000000000067,1087892,True
104,Background,1048576,7.53505,7.58009,0.04504000000000019,1087892,True
111,Background,102400,7.53925,7.53988,0.0006300000000001305,106400,True
114,Background,10485760,7.5398,7.96501,0.42521000000000075,10876994,True
114,Background,102400,7.54254,7.54306,0.0005199999999998539,106400,True
111,Background,1024,7.5431,7.54346,0.0003599999999996939,1244,True
91,Background,1048576,7.54338,7.5624,0.01902000000000026,1087892,True
107,Background,1048576,7.54364,7.59651,0.05287000000000042,1087892,True
117,Background,1024,7.5441,7.54451,0.00040999999999957737,1244,True
102,Background,10485760,7.54453,7.92124,0.3767100000000001,10876994,True
106,Background,102400,7.54591,7.54976,0.003849999999999909,106400,True
100,Background,10485760,7.54659,7.92722,0.38063,10876994,True
114,Background,1048576,7.55004,7.59548,0.04544000000000015,1087892,True
115,Background,102400,7.5504,7.55082,0.00042000000000008697,106400,True
88,Background,1024,7.55092,7.5514,0.00048000000000048004,1244,True
115,Background,1048576,7.5516,7.60149,0.049890000000000434,1087892,True
110,Background,102400,7.55221,7.55276,0.0005500000000004945,106400,True
113,Background,102400,7.55333,7.55398,0.0006500000000002615,106400,True
108,Background,1048576,7.55459,7.57415,0.019560000000000244,1087892,True
111,Background,10485760,7.55521,7.93445,0.37924000000000024,10876994,True
95,Background,102400,7.55557,7.55889,0.0033199999999995455,106400,True
109,Background,102400,7.55594,7.56074,0.0048000000000003595,106400,True
121,Background,1048576,7.55712,7.57534,0.01821999999999946,1087892,True
123,Background,1024,7.55784,7.55843,0.0005900000000007566,1244,True
100,Background,10240,7.55946,7.55961,0.0001500000000005386,10838,True
120,Background,102400,7.55957,7.56039,0.0008200000000000429,106400,True
112,Background,1048576,7.55958,7.60236,0.042779999999999596,1087892,True
105,Background,10240,7.55997,7.56047,0.0004999999999997229,10838,True
110,Background,10240,7.56128,7.56152,0.00023999999999979593,10838,True
103,Background,102400,7.56572,7.57342,0.007699999999999818,106400,True
90,Background,10240,7.5668,7.56706,0.00025999999999992696,10838,True
110,Background,1048576,7.56701,7.60887,0.041859999999999786,1087892,True
99,Background,1048576,7.5672,7.58038,0.013180000000000192,1087892,True
101,Background,1048576,7.5684,7.57334,0.0049400000000003885,1087892,True
112,Background,1024,7.56884,7.56935,0.0005100000000002325,1244,True
116,Background,1048576,7.57084,7.61527,0.04443000000000019,1087892,True
100,Background,1024,7.57338,7.57358,0.00019999999999953388,1244,True
98,Background,102400,7.57453,7.57505,0.0005199999999998539,106400,True
96,Background,10240,7.57456,7.57471,0.0001499999999996504,10838,True
118,Background,10485760,7.57457,7.95934,0.3847700000000005,10876994,True
102,Background,10485760,7.57623,7.91541,0.3391799999999998,10876994,True
110,Background,102400,7.57801,7.57937,0.0013600000000000279,106400,True
115,Background,102400,7.57883,7.58241,0.0035800000000003607,106400,True
103,Background,1048576,7.57891,7.61634,0.03743000000000052,1087892,True
113,Background,1048576,7.57947,7.61211,0.03264000000000067,1087892,True
121,Background,1048576,7.58181,7.63212,0.05030999999999963,1087892,True
107,Background,102400,7.58396,7.58944,0.005479999999999485,106400,True
116,Background,1048576,7.58503,7.62878,0.04375000000000018,1087892,True
122,Background,102400,7.58667,7.58735,0.0006800000000000139,106400,True
101,Background,1048576,7.58678,7.62539,0.038610000000000255,1087892,True
111,Background,1048576,7.5871,7.60447,0.017369999999999663,1087892,True
111,Background,10240,7.58759,7.58786,0.00027000000000043656,10838,True
116,Background,1048576,7.58783,7.63085,0.04301999999999939,1087892,True
113,Background,1048576,7.58989,7.6231,0.033210000000000406,1087892,True
117,Background,10485760,7.59144,7.9776,0.3861599999999994,10876994,True
111,Background,102400,7.59165,7.59438,0.0027300000000005653,106400,True
94,Background,10240,7.5936,7.59382,0.0002199999999996649,10838,True
118,Background,10240,7.59411,7.5945,0.0003900000000003345,10838,True
108,Background,102400,7.59535,7.596,0.0006500000000002615,106400,True
105,Background,1024,7.59649,7.59665,0.00016000000000016001,1244,True
114,Background,10240,7.59803,7.59847,0.000440000000000218,10838,True
100,Background,1024,7.59884,7.59928,0.000440000000000218,1244,True
112,Background,102400,7.60016,7.60075,0.0005899999999998684,106400,True
94,Background,10240,7.60098,7.60144,0.000460000000000349,10838,True
103,Background,10240,7.6046,7.60475,0.0001500000000005386,10838,True
104,Background,1048576,7.6073,7.62142,0.014119999999999244,1087892,True
101,Background,102400,7.60735,7.6081,0.0007500000000000284,106400,True
97,Background,102400,7.60752,7.60842,0.0008999999999996788,106400,True
96,Background,10240,7.60793,7.60847,0.0005399999999999849,10838,True
88,Background,102400,7.60798,7.61281,0.004829999999999224,106400,True
109,Background,1048576,7.60906,7.61619,0.0071299999999991925,1087892,True
100,Background,1024,7.61169,7.61215,0.00045999999999946084,1244,True
113,Background,1024,7.61275,7.61298,0.0002300000000001745,1244,True
116,Background,102400,7.6132,7.6138,0.000600000000000378,106400,True
114,Background,10240,7.61479,7.61511,0.00031999999999943185,10838,True
112,Background,102400,7.6156,7.61763,0.0020300000000004204,106400,True
103,Background,10485760,7.62053,7.98494,0.36441000000000034,10876994,True
108,Background,1048576,7.62206,7.6261,0.0040399999999998215,1087892,True
115,Background,102400,7.62592,7.63029,0.004369999999999763,106400,True
89,Background,102400,7.62691,7.63111,0.0041999999999999815,106400,True
113,Background,10240,7.62692,7.62741,0.0004900000000001015,10838,True
112,Background,102400,7.62809,7.62871,0.0006199999999996209,106400,True
109,Background,1024,7.63064,7.63079,0.0001500000000005386,1244,True
102,Background,1048576,7.63259,7.65276,0.020169999999999355,1087892,True
119,Background,1024,7.63275,7.63296,0.00021000000000004349,1244,True
104,Background,1048576,7.63657,7.64883,0.012260000000000382,1087892,True
99,Background,102400,7.63693,7.64124,0.00430999999999937,106400,True
114,Background,102400,7.63808,7.63871,0.0006299999999992423,106400,True
89,Background,102400,7.63816,7.63874,0.000580000000000247,106400,True
117,Background,102400,7.63999,7.64544,0.005449999999999733,106400,True
101,Background,102400,7.64095,7.64537,0.0044199999999996464,106400,True
109,Background,102400,7.6411,7.64178,0.0006800000000000139,106400,True
113,Background,1048576,7.64137,7.66123,0.019859999999999545,1087892,True
96,Background,10240,7.64659,7.64675,0.00016000000000016001,10838,True
110,Background,10240,7.64705,7.64746,0.00040999999999957737,10838,True
108,Background,10485760,7.64848,8.00643,0.35794999999999977,10876994,True
124,Background,102400,7.64978,7.65891,0.00912999999999986,106400,True
104,Background,102400,7.64997,7.65593,0.005959999999999965,106400,True
90,Background,1048576,7.65055,7.66383,0.013279999999999959,1087892,True
95,Background,10240,7.65085,7.65138,0.0005299999999994753,10838,True
105,Background,102400,7.65222,7.65275,0.0005300000000003635,106400,True
117,Background,10485760,7.65238,8.01304,0.3606600000000002,10876994,True
112,Background,10240,7.65428,7.65454,0.00025999999999992696,10838,True
111,Background,1024,7.65707,7.65745,0.0003799999999998249,1244,True
90,Background,102400,7.65943,7.66005,0.0006199999999996209,106400,True
111,Background,102400,7.65966,7.66515,0.005489999999999995,106400,True
94,Background,1024,7.65985,7.66039,0.0005399999999999849,1244,True
120,Background,10240,7.66247,7.66263,0.00016000000000016001,10838,True
102,Background,1048576,7.66254,7.66928,0.006739999999999746,1087892,True
91,Background,10240,7.66336,7.66357,0.00021000000000004349,10838,True
91,Background,102400,7.66592,7.66894,0.0030200000000002447,106400,True
122,Background,102400,7.66817,7.66873,0.000560000000000116,106400,True
124,Background,1048576,7.67022,7.67394,0.0037200000000003897,1087892,True
123,Background,1024,7.67033,7.67053,0.00020000000000042206,1244,True
114,Background,102400,7.67467,7.67703,0.002360000000000362,106400,True
114,Background,102400,7.67564,7.67637,0.0007300000000007856,106400,True
106,Background,102400,7.6757,7.67675,0.0010500000000002174,106400,True
118,Background,104857600,7.67829,9.99999,2.3217000000000008,59790226,False
115,Background,10485760,7.67911,8.04488,0.3657699999999995,10876994,True
112,Background,1024,7.67917,7.67953,0.0003599999999996939,1244,True
103,Background,10240,7.6826,7.68281,0.00021000000000004349,10838,True
115,Background,102400,7.68334,7.68377,0.0004299999999997084,106400,True
92,Background,1048576,7.684,7.73144,0.04743999999999993,1087892,True
95,Background,102400,7.68494,7.68987,0.004929999999999879,106400,True
97,Background,10240,7.68698,7.68745,0.00046999999999997044,10838,True
106,Background,10485760,7.68743,8.04466,0.3572300000000004,10876994,True
106,Background,1048576,7.6875,7.70489,0.017389999999999795,1087892,True
119,Background,10240,7.6878,7.68823,0.0004299999999997084,10838,True
124,Background,102400,7.68785,7.69235,0.0045000000000001705,106400,True
105,Background,102400,7.6899,7.69347,0.003569999999999851,106400,True
113,Background,10485760,7.6919,8.09296,0.4010599999999993,10876994,True
102,Background,102400,7.69355,7.69403,0.00047999999999959186,106400,True
112,Background,10240,7.69384,7.69423,0.0003900000000003345,10838,True
114,Background,10485760,7.69423,8.08787,0.39364000000000043,10876994,True
124,Background,102400,7.69459,7.69993,0.0053400000000003445,106400,True
101,Background,102400,7.69482,7.69806,0.0032399999999999096,106400,True
104,Background,10485760,7.69534,8.07542,0.38007999999999953,10876994,True
92,Background,1024,7.69772,7.6979,0.00017999999999940286,1244,True
110,Background,102400,7.69779,7.70024,0.002449999999999619,106400,True
116,Background,102400,7.69843,7.69899,0.000560000000000116,106400,True
121,Background,10240,7.69903,7.69944,0.00041000000000046555,10838,True
100,Background,10240,7.69951,7.69966,0.0001499999999996504,10838,True
108,Background,104857600,7.70026,9.99992,2.2996599999999994,60676406,False
107,Background,10485760,7.70299,8.08539,0.3824000000000005,10876994,True
117,Background,102400,7.70341,7.70381,0.00039999999999995595,106400,True
123,Background,10240,7.70524,7.7055,0.00025999999999992696,10838,True
101,Background,10240,7.70574,7.70599,0.00025000000000030553,10838,True
120,Background,1048576,7.706,7.74542,0.03941999999999979,1087892,True
96,Background,1024,7.7061,7.70648,0.0003799999999998249,1244,True
117,Background,10240,7.7104,7.71058,0.00018000000000029104,10838,True
122,Background,102400,7.71105,7.71229,0.0012400000000001299,106400,True
107,Background,1024,7.71248,7.71263,0.0001499999999996504,1244,True
116,Background,1024,7.71309,7.71346,0.0003700000000002035,1244,True
124,Background,1024,7.71328,7.71351,0.0002300000000001745,1244,True
113,Background,102400,7.71387,7.72051,0.006639999999999979,106400,True
125,Background,102400,7.71494,7.71996,0.0050200000000000244,106400,True
118,Background,102400,7.7157,7.71637,0.0006700000000003925,106400,True
125,Background,1048576,7.71723,7.72331,0.006079999999999863,1087892,True
109,Background,1048576,7.71769,7.75107,0.03338000000000019,1087892,True
103,Background,10240,7.719,7.71949,0.0004900000000001015,10838,True
121,Background,10240,7.71968,7.71985,0.00016999999999978144,10838,True
98,Background,102400,7.72217,7.72285,0.0006800000000000139,106400,True
122,Background,102400,7.72217,7.72287,0.000700000000000145,106400,True
115,Background,102400,7.72236,7.72301,0.0006500000000002615,106400,True
95,Background,1048576,7.73015,7.74091,0.010760000000000325,1087892,True
116,Background,10240,7.73043,7.7306,0.00016999999999978144,10838,True
113,Background,102400,7.7305,7.73137,0.0008699999999999264,106400,True
114,Background,10240,7.73069,7.7313,0.0006099999999999994,10838,True
119,Background,1048576,7.73213,7.75118,0.01905000000000001,1087892,True
102,Background,1048576,7.73223,7.75243,0.020199999999999996,1087892,True
125,Background,10240,7.73265,7.73322,0.0005700000000006256,10838,True
120,Background,10240,7.7333,7.73354,0.00023999999999979593,10838,True
108,Background,10485760,7.73359,8.13931,0.40571999999999964,10876994,True
126,Background,10240,7.7347,7.73514,0.000440000000000218,10838,True
91,Background,10240,7.73604,7.73649,0.0004499999999998394,10838,True
115,Background,104857600,7.73624,9.99993,2.2636900000000013,58139528,False
104,Background,10485760,7.73806,8.13467,0.3966099999999999,10876994,True
114,Background,10240,7.73808,7.73848,0.00039999999999995595,10838,True
102,Background,102400,7.73934,7.73978,0.0004399999999993298,106400,True
105,Background,10240,7.74056,7.74074,0.00017999999999940286,10838,True
100,Background,1024,7.74244,7.74261,0.00016999999999978144,1244,True
96,Background,102400,7.74259,7.74439,0.0018000000000002458,106400,True
115,Background,10240,7.743,7.7435,0.0004999999999997229,10838,True
97,Background,1024,7.74378,7.74399,0.00021000000000004349,1244,True
101,Background,10240,7.74606,7.74644,0.0003799999999998249,10838,True
112,Background,10240,7.7462,7.74649,0.0002899999999996794,10838,True
127,Background,1048576,7.74802,7.78505,0.037029999999999674,1087892,True
116,Background,1048576,7.7495,7.75384,0.0043400000000000105,1087892,True
106,Background,104857600,7.75162,9.99994,2.2483200000000005,57320938,False
116,Background,10240,7.75165,7.75182,0.00017000000000066962,10838,True
99,Background,1024,7.75288,7.7534,0.0005199999999998539,1244,True
117,Background,1024,7.75296,7.75342,0.000460000000000349,1244,True
110,Background,102400,7.75326,7.75374,0.00047999999999959186,106400,True
104,Background,1048576,7.7553,7.75984,0.004539999999999544,1087892,True
93,Background,102400,7.75648,7.75723,0.0007500000000000284,106400,True
113,Background,102400,7.75661,7.75944,0.002829999999999444,106400,True
114,Background,1048576,7.7577,7.78739,0.029690000000000438,1087892,True
104,Background,102400,7.76012,7.76074,0.000620000000000509,106400,True
109,Background,102400,7.76116,7.76171,0.0005499999999996064,106400,True
123,Background,1024,7.76156,7.76171,0.0001499999999996504,1244,True
94,Background,10240,7.76187,7.76231,0.000440000000000218,10838,True
114,Background,10240,7.76214,7.76249,0.0003500000000000725,10838,True
118,Background,10240,7.7626,7.76284,0.00023999999999979593,10838,True
124,Background,1048576,7.76536,7.76937,0.004010000000000069,1087892,True
96,Background,1024,7.76655,7.76674,0.00019000000000080064,1244,True
125,Background,1024,7.77319,7.77351,0.00032000000000032003,1244,True
107,Background,1048576,7.77331,7.77736,0.004049999999999443,1087892,True
117,Background,1048576,7.77656,7.81327,0.03671000000000024,1087892,True
97,Background,10240,7.77661,7.77694,0.00032999999999994145,10838,True
115,Background,102400,7.77668,7.7824,0.005720000000000169,106400,True
105,Background,1048576,7.77704,7.81736,0.04031999999999947,1087892,True
92,Background,10240,7.77761,7.77777,0.00016000000000016001,10838,True
117,Background,1024,7.7786,7.7788,0.00020000000000042206,1244,True
128,Background,10240,7.77894,7.77944,0.0004999999999997229,10838,True
126,Background,1048576,7.77943,7.78814,0.008710000000000662,1087892,True
120,Background,10240,7.77983,7.78027,0.000440000000000218,10838,True
106,Background,1048576,7.77993,7.82572,0.04578999999999933,1087892,True
121,Background,102400,7.78026,7.78104,0.0007799999999997809,106400,True
98,Background,10240,7.7879,7.78837,0.00046999999999997044,10838,True
110,Background,1024,7.78871,7.7892,0.0004900000000001015,1244,True
119,Background,102400,7.79061,7.79546,0.004850000000000243,106400,True
122,Background,1024,7.7913,7.79154,0.0002400000000006841,1244,True
111,Background,10240,7.79316,7.79349,0.00032999999999994145,10838,True
98,Background,10485760,7.79518,8.16139,0.3662100000000006,10876994,True
103,Background,10240,7.7986,7.79882,0.0002199999999996649,10838,True
111,Background,1048576,7.79898,7.83731,0.0383300000000002,1087892,True
125,Background,102400,7.79946,7.79986,0.00039999999999995595,106400,True
115,Background,10240,7.80006,7.80044,0.0003799999999998249,10838,True
103,Background,1024,7.80132,7.80153,0.00021000000000004349,1244,True
98,Background,10240,7.80665,7.80695,0.0002999999999993008,10838,True
113,Background,1024,7.808,7.80843,0.00043000000000059657,1244,True
129,Background,1048576,7.81249,7.83413,0.02163999999999966,1087892,True
123,Background,10240,7.81262,7.81291,0.0002899999999996794,10838,True
122,Background,1048576,7.81488,7.84995,0.03507000000000016,1087892,True
118,Background,1024,7.81536,7.81555,0.00018999999999991246,1244,True
97,Background,10240,7.81681,7.81739,0.0005799999999993588,10838,True
105,Background,10240,7.81843,7.81859,0.00016000000000016001,10838,True
104,Background,10485760,7.8191,8.16057,0.34147000000000016,10876994,True
119,Background,102400,7.81978,7.82532,0.005539999999999878,106400,True
105,Background,102400,7.81998,7.82657,0.006590000000000096,106400,True
108,Background,10240,7.82153,7.82169,0.00016000000000016001,10838,True
115,Background,104857600,7.82188,9.99995,2.17807,55001850,False
130,Background,102400,7.82552,7.82603,0.0005100000000002325,106400,True
97,Background,10240,7.82567,7.82584,0.00017000000000066962,10838,True
92,Background,1048576,7.82855,7.86525,0.03669999999999973,1087892,True
125,Background,102400,7.82987,7.83433,0.0044599999999999085,106400,True
110,Background,1024,7.83006,7.83045,0.0003900000000003345,1244,True
109,Background,1048576,7.8317,7.86482,0.03312000000000026,1087892,True
110,Background,10240,7.83546,7.83562,0.00015999999999927184,10838,True
115,Background,1024,7.83784,7.83826,0.00042000000000008697,1244,True
99,Background,10240,7.84418,7.84449,0.0003100000000006986,10838,True
118,Background,10240,7.84488,7.84543,0.0005500000000004945,10838,True
116,Background,1048576,7.84536,7.84977,0.004410000000000025,1087892,True
105,Background,10485760,7.84621,8.2683,0.42208999999999985,10876994,True
119,Background,10240,7.84841,7.84857,0.00015999999999927184,10838,True
106,Background,10240,7.84906,7.84945,0.0003900000000003345,10838,True
106,Background,102400,7.85441,7.85502,0.0006099999999999994,106400,True
105,Background,102400,7.85534,7.85579,0.0004499999999998394,106400,True
93,Background,10485760,7.8599,8.26241,0.4025099999999995,10876994,True
126,Background,10240,7.86022,7.86051,0.0002899999999996794,10838,True
93,Background,1048576,7.86225,7.87323,0.01097999999999999,1087892,True
123,Background,1048576,7.86567,7.90505,0.039380000000000415,1087892,True
114,Background,102400,7.86776,7.87147,0.0037100000000007682,106400,True
107,Background,10485760,7.86806,8.24327,0.37521000000000093,10876994,True
120,Background,1048576,7.8695,7.87711,0.007609999999999673,1087892,True
119,Background,10240,7.87016,7.87053,0.0003699999999993153,10838,True
123,Background,1048576,7.87051,7.90428,0.033769999999999634,1087892,True
103,Background,102400,7.8711,7.87174,0.0006399999999997519,106400,True
116,Background,10240,7.8717,7.87189,0.00018999999999991246,10838,True
115,Background,10240,7.87376,7.87407,0.00030999999999981043,10838,True
102,Background,102400,7.8753,7.87578,0.00047999999999959186,106400,True
96,Background,10240,7.87668,7.87719,0.0005099999999993443,10838,True
111,Background,1048576,7.87722,7.881,0.0037799999999998946,1087892,True
94,Background,10485760,7.87773,8.2968,0.4190699999999996,10876994,True
127,Background,10240,7.87826,7.87855,0.0002899999999996794,10838,True
111,Background,102400,7.87872,7.88569,0.006969999999999921,106400,True
108,Background,102400,7.88205,7.88269,0.0006400000000006401,106400,True
98,Background,1024,7.88258,7.88274,0.00016000000000016001,1244,True
118,Background,10240,7.88413,7.88452,0.0003900000000003345,10838,True
106,Background,1048576,7.88467,7.9376,0.05292999999999992,1087892,True
126,Background,1048576,7.88519,7.89094,0.005749999999999922,1087892,True
112,Background,1024,7.88639,7.8866,0.00021000000000004349,1244,True
119,Background,102400,7.88748,7.88788,0.00039999999999995595,106400,True
112,Background,102400,7.88832,7.88894,0.0006199999999996209,106400,True
95,Background,10485760,7.88859,8.29245,0.4038600000000008,10876994,True
116,Background,10485760,7.88991,8.29047,0.4005599999999987,10876994,True
98,Background,1048576,7.89147,7.89734,0.00586999999999982,1087892,True
117,Background,1048576,7.89514,7.89909,0.003950000000000564,1087892,True
94,Background,1024,7.89718,7.8975,0.00032000000000032003,1244,True
99,Background,102400,7.90015,7.90073,0.000580000000000247,106400,True
99,Background,10240,7.90025,7.90051,0.00025999999999992696,10838,True
118,Background,1024,7.90035,7.90053,0.00017999999999940286,1244,True
99,Background,1048576,7.90079,7.94057,0.03978000000000037,1087892,True
109,Background,10485760,7.90113,8.23226,0.3311299999999999,10876994,True
104,Background,1024,7.90158,7.90173,0.0001499999999996504,1244,True
120,Background,10240,7.90279,7.90341,0.0006199999999996209,10838,True
120,Background,10240,7.90328,7.90355,0.00027000000000043656,10838,True
110,Background,1048576,7.90395,7.9416,0.03765000000000018,1087892,True
126,Background,1024,7.90567,7.90583,0.00016000000000016001,1244,True
113,Background,10240,7.90782,7.90809,0.0002699999999995484,10838,True
121,Background,102400,7.90792,7.91187,0.003950000000000564,106400,True
111,Background,1048576,7.91022,7.92241,0.012190000000000367,1087892,True
97,Background,102400,7.91175,7.91319,0.001440000000000552,106400,True
100,Background,1048576,7.9128,7.96588,0.05308000000000046,1087892,True
108,Background,102400,7.91348,7.91389,0.00041000000000046555,106400,True
118,Background,1024,7.91846,7.91861,0.0001500000000005386,1244,True
127,Background,10240,7.91971,7.91992,0.00021000000000004349,10838,True
120,Background,102400,7.92024,7.92087,0.0006300000000001305,106400,True
120,Background,102400,7.92045,7.92111,0.0006599999999998829,106400,True
100,Background,10240,7.92147,7.92162,0.0001499999999996504,10838,True
93,Background,1048576,7.92248,7.95442,0.031939999999999635,1087892,True
113,Background,102400,7.92416,7.92473,0.0005700000000006256,106400,True
115,Background,10485760,7.92497,8.33721,0.4122400000000006,10876994,True
131,Background,102400,7.92722,7.92773,0.0005100000000002325,106400,True
101,Background,1048576,7.92725,7.9321,0.004850000000000243,1087892,True
106,Background,10485760,7.92754,8.30907,0.3815300000000006,10876994,True
127,Background,10485760,7.92763,8.33071,0.4030800000000001,10876994,True
128,Background,102400,7.92912,7.92974,0.0006199999999996209,106400,True
112,Background,1024,7.93092,7.93144,0.0005199999999998539,1244,True
107,Background,104857600,7.93245,9.99998,2.0675300000000005,52026388,False
122,Background,10240,7.93258,7.93282,0.0002400000000006841,10838,True
121,Background,102400,7.93318,7.93377,0.0005899999999998684,106400,True
117,Background,10485760,7.93417,8.32351,0.3893400000000007,10876994,True
121,Background,102400,7.93489,7.93888,0.003989999999999938,106400,True
118,Background,102400,7.93498,7.94039,0.005409999999999471,106400,True
114,Background,1048576,7.93609,7.95506,0.018969999999999487,1087892,True
124,Background,102400,7.93651,7.93737,0.0008599999999994168,106400,True
119,Background,1048576,7.93659,7.9742,0.03760999999999992,1087892,True
122,Background,102400,7.9366,7.93945,0.002849999999999575,106400,True
107,Background,104857600,7.93672,9.99995,2.06323,51087638,False
129,Background,102400,7.94411,7.94477,0.0006599999999998829,106400,True
98,Background,1024,7.94457,7.94478,0.00021000000000004349,1244,True
116,Background,102400,7.94535,7.94578,0.0004299999999997084,106400,True
107,Background,1024,7.94602,7.94642,0.00039999999999995595,1244,True
121,Background,10240,7.95217,7.95247,0.000300000000000189,10838,True
132,Background,1024,7.95222,7.95248,0.00026000000000081513,1244,True
95,Background,1024,7.9529,7.95343,0.0005300000000003635,1244,True
100,Background,102400,7.95496,7.95988,0.0049200000000002575,106400,True
123,Background,102400,7.95605,7.95734,0.0012900000000000134,106400,True
112,Background,10240,7.9566,7.95684,0.00023999999999979593,10838,True
100,Background,102400,7.95685,7.96006,0.003210000000000157,106400,True
101,Background,102400,7.96185,7.96374,0.0018899999999995032,106400,True
103,Background,102400,7.96641,7.96697,0.000560000000000116,106400,True
120,Background,10240,7.97112,7.97149,0.0003700000000002035,10838,True
119,Background,1024,7.97161,7.97176,0.0001499999999996504,1244,True
104,Background,1024,7.97391,7.97438,0.00046999999999997044,1244,True
99,Background,1024,7.97392,7.97439,0.00046999999999997044,1244,True
96,Background,102400,7.97469,7.97933,0.0046400000000001995,106400,True
107,Background,1048576,7.97581,8.01178,0.035969999999999835,1087892,True
128,Background,1048576,7.97793,8.02234,0.04441000000000006,1087892,True
116,Background,1024,7.97961,7.97977,0.00016000000000016001,1244,True
125,Background,104857600,7.98085,10.0,2.01915,50217980,False
105,Background,1024,7.98097,7.98143,0.00045999999999946084,1244,True
94,Background,10240,7.98131,7.98153,0.0002200000000005531,10838,True
102,Background,102400,7.98202,7.9844,0.0023799999999996047,106400,True
96,Background,102400,7.98403,7.98677,0.0027400000000001867,106400,True
124,Background,102400,7.98434,7.98494,0.0005999999999994898,106400,True
126,Background,1048576,7.98448,8.01142,0.026939999999999742,1087892,True
116,Background,102400,7.98723,7.98771,0.00047999999999959186,106400,True
122,Background,1024,7.98897,7.98945,0.00047999999999959186,1244,True
99,Background,1048576,7.98898,8.02186,0.032880000000000464,1087892,True
117,Background,10485760,7.99152,8.38819,0.3966699999999994,10876994,True
100,Background,1048576,7.99281,8.0314,0.038589999999999236,1087892,True
95,Background,1024,7.99357,7.99372,0.0001499999999996504,1244,True
124,Background,102400,7.99377,7.9953,0.0015300000000006975,106400,True
108,Background,102400,7.99384,7.99585,0.0020100000000002893,106400,True
118,Background,1024,7.99417,7.99448,0.00030999999999981043,1244,True
101,Background,102400,7.99417,7.99479,0.0006199999999996209,106400,True
102,Background,1048576,7.99717,8.00334,0.006170000000000009,1087892,True
116,Background,1048576,7.99719,8.00341,0.0062200000000007805,1087892,True
95,Background,10240,7.99782,7.9983,0.00048000000000048004,10838,True
115,Background,104857600,7.99846,10.0,2.0015400000000003,51020048,False
117,Background,1024,7.99907,7.99953,0.000460000000000349,1244,True
117,Background,102400,7.99973,8.00068,0.0009499999999995623,106400,True
129,Background,10240,7.99995,8.00041,0.000460000000000349,10838,True
117,Background,102400,8.00205,8.00273,0.0006799999999991257,106400,True
116,Background,10240,8.00356,8.00372,0.00015999999999927184,10838,True
103,Background,102400,8.00437,8.00492,0.0005500000000004945,106400,True
109,Background,10240,8.00539,8.00555,0.00015999999999927184,10838,True
112,Background,10240,8.00741,8.00757,0.00015999999999927184,10838,True
117,Background,10485760,8.00804,8.41533,0.4072900000000015,10876994,True
101,Background,102400,8.0081,8.00878,0.0006799999999991257,106400,True
102,Background,1048576,8.00894,8.04997,0.041029999999999234,1087892,True
97,Background,1024,8.0092,8.0095,0.0002999999999993008,1244,True
128,Background,10485760,8.00934,8.34159,0.33225000000000016,10876994,True
110,Background,102400,8.00984,8.01595,0.006109999999999616,106400,True
104,Background,10240,8.01456,8.01472,0.0001600000000010482,10838,True
118,Background,102400,8.01585,8.02026,0.004410000000000025,106400,True
119,Background,102400,8.01696,8.02238,0.005420000000000869,106400,True
133,Background,1024,8.01705,8.01749,0.0004400000000011062,1244,True
108,Background,10485760,8.01743,8.3822,0.36477000000000004,10876994,True
108,Background,1048576,8.01764,8.05804,0.04039999999999999,1087892,True
100,Background,10240,8.01803,8.01851,0.00047999999999959186,10838,True
101,Background,1048576,8.01823,8.01851,0.0002799999999982816,10838,True
113,Background,102400,8.01948,8.02024,0.0007599999999996498,106400,True
105,Background,102400,8.02023,8.02073,0.0005000000000006111,106400,True
125,Background,10240,8.02142,8.02158,0.00015999999999927184,10838,True
102,Background,102400,8.02699,8.03138,0.004390000000000782,106400,True
109,Background,102400,8.02986,8.03682,0.0069600000000011875,106400,True
109,Background,10240,8.03167,8.03184,0.00017000000000066962,10838,True
103,Background,1048576,8.03234,8.04594,0.013600000000000279,1087892,True
100,Background,1024,8.03283,8.03343,0.0005999999999986017,1244,True
123,Background,102400,8.03308,8.03374,0.0006599999999998829,106400,True
121,Background,102400,8.03707,8.0377,0.0006299999999992423,106400,True
127,Background,104857600,8.03792,9.99998,1.962060000000001,48975826,False
121,Background,104857600,8.04027,9.99997,1.9596999999999998,51194280,False
110,Background,102400,8.04092,8.04629,0.005370000000000985,106400,True
108,Background,1024,8.04127,8.04153,0.0002599999999990388,1244,True
101,Background,10240,8.04136,8.04156,0.00020000000000131024,10838,True
127,Background,1048576,8.04246,8.07036,0.027900000000000702,1087892,True
118,Background,10240,8.04268,8.04324,0.000560000000000116,10838,True
113,Background,1048576,8.04372,8.07301,0.029289999999999594,1087892,True
111,Background,1048576,8.04402,8.09435,0.05033000000000065,1087892,True
98,Background,10240,8.04412,8.0445,0.0003799999999998249,10838,True
134,Background,10240,8.04437,8.04457,0.00019999999999953388,10838,True
103,Background,1024,8.04563,8.04578,0.00015000000000142677,1244,True
125,Background,102400,8.04805,8.04872,0.0006699999999995043,106400,True
135,Background,10240,8.04975,8.04995,0.00020000000000131024,10838,True
128,Background,1048576,8.05067,8.08877,0.03810000000000002,1087892,True
109,Background,102400,8.05186,8.05815,0.006289999999999907,106400,True
97,Background,10240,8.05188,8.05235,0.00046999999999997044,10838,True
117,Background,10485760,8.05251,8.44791,0.3954000000000004,10876994,True
122,Background,10240,8.05463,8.05491,0.000280000000000058,10838,True
119,Background,102400,8.05481,8.05736,0.002549999999999386,106400,True
96,Background,1024,8.05618,8.0565,0.00032000000000032003,1244,True
114,Background,1024,8.05992,8.06035,0.0004299999999997084,1244,True
96,Background,10240,8.06069,8.06127,0.0005800000000011352,10838,True
97,Background,102400,8.0625,8.06321,0.0007099999999997664,106400,True
136,Background,102400,8.06307,8.0637,0.0006300000000010186,106400,True
105,Background,1048576,8.06695,8.10535,0.038399999999999324,1087892,True
118,Background,102400,8.0673,8.06778,0.0004800000000013682,106400,True
120,Background,1048576,8.06843,8.08622,0.017790000000001527,1087892,True
129,Background,102400,8.06858,8.07345,0.004869999999998598,106400,True
117,Background,1048576,8.0714,8.0758,0.004399999999998627,1087892,True
102,Background,10485760,8.07337,8.44592,0.3725499999999986,10876994,True
130,Background,1024,8.07362,8.07377,0.0001499999999996504,1244,True
106,Background,102400,8.07426,8.07493,0.0006699999999995043,106400,True
126,Background,1048576,8.07466,8.11829,0.04363000000000028,1087892,True
116,Background,1024,8.07619,8.07648,0.0002899999999996794,1244,True
118,Background,1048576,8.07657,8.11138,0.03481000000000023,1087892,True
112,Background,1024,8.07668,8.07713,0.0004500000000007276,1244,True
114,Background,1024,8.07732,8.07754,0.0002200000000005531,1244,True
113,Background,102400,8.07759,8.07823,0.0006399999999988637,106400,True
103,Background,102400,8.08043,8.08101,0.0005799999999993588,106400,True
99,Background,10240,8.0807,8.08118,0.00047999999999959186,10838,True
118,Background,102400,8.08073,8.08801,0.007279999999999731,106400,True
117,Background,10240,8.08239,8.08256,0.00017000000000066962,10838,True
128,Background,10240,8.0829,8.08343,0.0005299999999994753,10838,True
127,Background,10240,8.08353,8.08369,0.0001600000000010482,10838,True
109,Background,10240,8.08382,8.08418,0.0003600000000005821,10838,True
129,Background,10240,8.08651,8.08667,0.00015999999999927184,10838,True
97,Background,10240,8.08681,8.08739,0.0005799999999993588,10838,True
118,Background,102400,8.08738,8.08779,0.00041000000000046555,106400,True
110,Background,1048576,8.08836,8.11138,0.023020000000000707,1087892,True
101,Background,10485760,8.08842,8.47133,0.38291000000000075,10876994,True
104,Background,1048576,8.08853,8.12879,0.04025999999999996,1087892,True
123,Background,1048576,8.08924,8.09334,0.004099999999999326,1087892,True
104,Background,1048576,8.08987,8.13539,0.04551999999999978,1087892,True
110,Background,102400,8.09008,8.09074,0.0006599999999998829,106400,True
115,Background,102400,8.09084,8.09327,0.0024300000000003763,106400,True
121,Background,102400,8.09385,8.09937,0.0055200000000006355,106400,True
106,Background,10240,8.09411,8.09448,0.0003700000000002035,10838,True
111,Background,1048576,8.09419,8.09943,0.0052400000000005775,1087892,True
111,Background,102400,8.09507,8.09574,0.0006699999999995043,106400,True
131,Background,1048576,8.09791,8.14023,0.042320000000000135,1087892,True
109,Background,1024,8.0985,8.09866,0.0001600000000010482,1244,True
120,Background,1024,8.09892,8.09942,0.0005000000000006111,1244,True
137,Background,102400,8.09959,8.10021,0.0006200000000013972,106400,True
122,Background,102400,8.09968,8.10035,0.0006700000000012807,106400,True
121,Background,1024,8.09972,8.09991,0.00018999999999991246,1244,True
126,Background,10240,8.10011,8.10046,0.0003499999999991843,10838,True
124,Background,102400,8.10054,8.10125,0.0007099999999997664,106400,True
121,Background,102400,8.10135,8.10177,0.00042000000000008697,106400,True
110,Background,1024,8.10149,8.10164,0.0001499999999996504,1244,True
128,Background,1024,8.1016,8.10176,0.0001600000000010482,1244,True
104,Background,102400,8.10398,8.10873,0.004749999999999588,106400,True
114,Background,10240,8.10471,8.10523,0.0005199999999998539,10838,True
120,Background,10240,8.10471,8.10523,0.0005199999999998539,10838,True
118,Background,1024,8.10479,8.10539,0.000600000000000378,1244,True
130,Background,10240,8.10705,8.10746,0.00041000000000046555,10838,True
119,Background,10240,8.10725,8.10751,0.0002599999999990388,10838,True
112,Background,1048576,8.10903,8.14296,0.033929999999999794,1087892,True
119,Background,1048576,8.10941,8.12064,0.011229999999999407,1087892,True
105,Background,1048576,8.1104,8.12614,0.0157399999999992,1087892,True
119,Background,1048576,8.11271,8.16443,0.051719999999999544,1087892,True
107,Background,10485760,8.11344,8.46936,0.35591999999999935,10876994,True
129,Background,10485760,8.11383,8.51921,0.4053799999999992,10876994,True
131,Background,1048576,8.11475,8.16182,0.04706999999999972,1087892,True
98,Background,10240,8.11503,8.11549,0.00045999999999857266,10838,True
114,Background,10485760,8.11571,8.51273,0.3970199999999995,10876994,True
103,Background,102400,8.11586,8.12143,0.005570000000000519,106400,True
119,Background,102400,8.11916,8.11972,0.0005599999999983396,106400,True
130,Background,102400,8.12582,8.13045,0.004630000000000578,106400,True
111,Background,10240,8.12653,8.12669,0.00015999999999927184,10838,True
115,Background,1024,8.12828,8.12851,0.0002300000000001745,1244,True
123,Background,1048576,8.12855,8.17638,0.04782999999999937,1087892,True
120,Background,102400,8.12872,8.13436,0.005639999999999645,106400,True
113,Background,10240,8.12888,8.12944,0.000560000000000116,10838,True
118,Background,104857600,8.13035,10.0,1.86965,46554602,False
99,Background,1024,8.13508,8.13546,0.0003799999999998249,1244,True
105,Background,1048576,8.13797,8.18644,0.04847000000000001,1087892,True
104,Background,1024,8.14024,8.14049,0.00024999999999941735,1244,True
102,Background,10240,8.14199,8.14243,0.0004399999999993298,10838,True
112,Background,10240,8.14214,8.14247,0.00032999999999994145,10838,True
122,Background,1024,8.14284,8.14339,0.0005500000000004945,1244,True
124,Background,10240,8.1445,8.14465,0.0001499999999996504,10838,True
122,Background,1048576,8.14559,8.17838,0.03279000000000032,1087892,True
111,Background,102400,8.14587,8.15241,0.006539999999999324,106400,True
120,Background,1048576,8.14652,8.18176,0.03523999999999994,1087892,True
113,Background,10240,8.14697,8.14747,0.0005000000000006111,10838,True
100,Background,102400,8.14789,8.15433,0.006439999999999557,106400,True
110,Background,102400,8.14825,8.14881,0.0005599999999983396,106400,True
114,Background,104857600,8.15151,9.99998,1.8484700000000007,47365682,False
125,Background,102400,8.15442,8.15487,0.0004500000000007276,106400,True
98,Background,10240,8.15506,8.15549,0.0004299999999997084,10838,True
100,Background,104857600,8.15721,9.99987,1.8426600000000004,46308274,False
108,Background,1048576,8.15757,8.20419,0.04662000000000077,1087892,True
114,Background,10240,8.15827,8.15859,0.00032000000000032003,10838,True
130,Background,1048576,8.15887,8.20346,0.04458999999999946,1087892,True
106,Background,10240,8.15979,8.16038,0.0005900000000007566,10838,True
122,Background,10485760,8.16009,8.50645,0.3463599999999989,10876994,True
112,Background,102400,8.16091,8.16444,0.0035300000000013654,106400,True
107,Background,1024,8.16132,8.16154,0.0002200000000005531,1244,True
109,Background,1024,8.16334,8.16355,0.00021000000000093166,1244,True
115,Background,102400,8.1684,8.16901,0.0006099999999999994,106400,True
101,Background,102400,8.16993,8.17394,0.004009999999999181,106400,True
120,Background,10485760,8.17027,8.55925,0.3889800000000001,10876994,True
130,Background,1024,8.17053,8.1707,0.00017000000000066962,1244,True
110,Background,102400,8.17164,8.17228,0.0006400000000006401,106400,True
116,Background,10485760,8.1722,8.52491,0.3527100000000001,10876994,True
119,Background,102400,8.17946,8.17985,0.00038999999999944635,106400,True
115,Background,1048576,8.18286,8.21829,0.03542999999999985,1087892,True
113,Background,1048576,8.18349,8.19197,0.00847999999999871,1087892,True
116,Background,1048576,8.18457,8.23465,0.05007999999999946,1087892,True
123,Background,1024,8.18649,8.18665,0.0001600000000010482,1244,True
131,Background,102400,8.18659,8.19102,0.004429999999999268,106400,True
107,Background,1048576,8.18665,8.22882,0.042170000000000485,1087892,True
124,Background,10240,8.18899,8.18945,0.000460000000000349,10838,True
121,Background,10240,8.19015,8.19049,0.00034000000000133923,10838,True
108,Background,102400,8.19055,8.19138,0.0008300000000005525,106400,True
120,Background,1024,8.19067,8.19118,0.0005099999999984561,1244,True
106,Background,102400,8.19109,8.19172,0.0006299999999992423,106400,True
131,Background,102400,8.19294,8.19795,0.005010000000000403,106400,True
121,Background,10240,8.19906,8.19946,0.0004000000000008441,10838,True
129,Background,1048576,8.20015,8.20693,0.00677999999999912,1087892,True
115,Background,1024,8.2004,8.20056,0.00015999999999927184,1244,True
115,Background,10485760,8.20078,8.64755,0.4467700000000008,10876994,True
112,Background,10240,8.20125,8.20155,0.0002999999999993008,10838,True
132,Background,1048576,8.20206,8.21022,0.008160000000000167,1087892,True
130,Background,1024,8.20251,8.20271,0.00019999999999953388,1244,True
109,Background,1048576,8.20296,8.24194,0.03898000000000046,1087892,True
116,Background,10240,8.20664,8.20692,0.000280000000000058,10838,True
114,Background,102400,8.20672,8.21342,0.006699999999998596,106400,True
108,Background,1048576,8.20736,8.21248,0.005119999999999791,1087892,True
115,Background,102400,8.20842,8.20896,0.0005399999999990968,106400,True
120,Background,10485760,8.20929,8.55347,0.3441800000000015,10876994,True
106,Background,1024,8.21099,8.21147,0.00047999999999959186,1244,True
98,Background,10485760,8.21279,8.62641,0.4136199999999999,10876994,True
113,Background,102400,8.21568,8.21637,0.0006899999999987472,106400,True
103,Background,1048576,8.21575,8.25953,0.04377999999999993,1087892,True
110,Background,102400,8.21872,8.22741,0.008690000000001419,106400,True
123,Background,102400,8.21983,8.22434,0.004509999999999792,106400,True
138,Background,1048576,8.21995,8.27119,0.05123999999999995,1087892,True
121,Background,1048576,8.22341,8.23441,0.011000000000001009,1087892,True
123,Background,10240,8.22442,8.2246,0.00018000000000029104,10838,True
121,Background,10240,8.22828,8.2285,0.0002200000000005531,10838,True
101,Background,1048576,8.23043,8.24588,0.01544999999999952,1087892,True
102,Background,1024,8.23077,8.23139,0.0006199999999996209,1244,True
104,Background,102400,8.23343,8.23382,0.00038999999999944635,106400,True
111,Background,10240,8.23513,8.23547,0.0003399999999995629,10838,True
122,Background,1048576,8.23562,8.26147,0.025849999999998374,1087892,True
99,Background,1024,8.23565,8.23581,0.0001600000000010482,1244,True
101,Background,10240,8.23569,8.23587,0.00018000000000029104,10838,True
117,Background,1048576,8.23858,8.28639,0.04781000000000013,1087892,True
119,Background,102400,8.24108,8.24171,0.0006299999999992423,106400,True
131,Background,1048576,8.24196,8.28007,0.038109999999999644,1087892,True
132,Background,1024,8.24201,8.28007,0.03805999999999976,1087892,True
132,Background,104857600,8.24255,9.99994,1.757390000000001,43986182,False
105,Background,1024,8.24397,8.24441,0.0004400000000011062,1244,True
139,Background,102400,8.24429,8.24486,0.0005699999999997374,106400,True
122,Background,102400,8.24477,8.25226,0.0074899999999988864,106400,True
104,Background,102400,8.245,8.24629,0.0012900000000009015,106400,True
102,Background,102400,8.24614,8.24673,0.0005899999999989802,106400,True
133,Background,1048576,8.24803,8.29128,0.043250000000000455,1087892,True
102,Background,102400,8.24971,8.25038,0.0006699999999995043,106400,True
103,Background,102400,8.2509,8.25446,0.0035600000000002296,106400,True
123,Background,102400,8.2523,8.25285,0.0005500000000004945,106400,True
122,Background,10485760,8.25313,8.60827,0.3551399999999987,10876994,True
125,Background,102400,8.25468,8.26288,0.008199999999998653,106400,True
111,Background,10240,8.25573,8.25592,0.00018999999999991246,10838,True
124,Background,1048576,8.25823,8.26784,0.00961000000000034,1087892,True
133,Background,1048576,8.25976,8.30674,0.04697999999999958,1087892,True
103,Background,102400,8.25984,8.26553,0.005689999999999529,106400,True
123,Background,102400,8.26129,8.26175,0.00045999999999857266,106400,True
117,Background,10240,8.2614,8.26156,0.00015999999999927184,10838,True
99,Background,10240,8.26148,8.26164,0.00015999999999927184,10838,True
100,Background,102400,8.2618,8.26542,0.003620000000001511,106400,True
115,Background,1024,8.26221,8.26249,0.000280000000000058,1244,True
120,Background,10485760,8.26231,8.61591,0.35360000000000014,10876994,True
121,Background,102400,8.26604,8.26796,0.0019200000000001438,106400,True
116,Background,10485760,8.26677,8.68632,0.419550000000001,10876994,True
107,Background,1048576,8.26685,8.30539,0.03853999999999935,1087892,True
100,Background,10240,8.2673,8.26754,0.00023999999999979593,10838,True
117,Background,1024,8.26823,8.26848,0.00024999999999941735,1244,True
107,Background,1048576,8.27113,8.27603,0.004900000000001015,1087892,True
116,Background,10485760,8.27184,8.68305,0.4112100000000005,10876994,True
106,Background,1024,8.274,8.27445,0.0004500000000007276,1244,True
127,Background,10240,8.27516,8.27549,0.00032999999999994145,10838,True
104,Background,1048576,8.27533,8.27964,0.004310000000000258,1087892,True
121,Background,1048576,8.27573,8.31529,0.03955999999999982,1087892,True
124,Background,102400,8.2761,8.27678,0.0006800000000009021,106400,True
117,Background,102400,8.2785,8.27926,0.0007600000000014262,106400,True
108,Background,1048576,8.27857,8.32718,0.04861000000000004,1087892,True
117,Background,1048576,8.27914,8.28296,0.0038199999999992684,1087892,True
131,Background,1048576,8.28043,8.29962,0.01919000000000004,1087892,True
125,Background,10240,8.2825,8.28267,0.00016999999999889326,10838,True
124,Background,1024,8.28523,8.28551,0.000280000000000058,1244,True
109,Background,10240,8.28665,8.28715,0.0005000000000006111,10838,True
134,Background,102400,8.28768,8.28837,0.0006900000000005235,106400,True
112,Background,102400,8.28789,8.29255,0.004659999999999442,106400,True
126,Background,102400,8.28828,8.28887,0.0005899999999989802,106400,True
105,Background,10240,8.28873,8.28927,0.0005400000000008731,10838,True
114,Background,1048576,8.28943,8.2934,0.003970000000000695,1087892,True
124,Background,102400,8.29101,8.29232,0.0013100000000001444,106400,True
118,Background,1048576,8.29231,8.30333,0.011020000000000252,1087892,True
112,Background,10240,8.29288,8.29343,0.0005500000000004945,10838,True
126,Background,10240,8.29378,8.29402,0.00023999999999979593,10838,True
116,Background,1048576,8.29419,8.30643,0.01224000000000025,1087892,True
119,Background,10240,8.29513,8.29549,0.0003599999999988057,10838,True
123,Background,1048576,8.29592,8.33864,0.0427199999999992,1087892,True
101,Background,1048576,8.29771,8.32539,0.02768000000000015,1087892,True
118,Background,10485760,8.29834,8.70341,0.40507000000000026,10876994,True
123,Background,1024,8.29999,8.30042,0.00043000000000148475,1244,True
132,Background,102400,8.3026,8.3034,0.0007999999999999119,106400,True
128,Background,1024,8.30278,8.30337,0.0005899999999989802,1244,True
122,Background,10240,8.30339,8.30357,0.00018000000000029104,10838,True
101,Background,10240,8.30421,8.30451,0.0003000000000010772,10838,True
135,Background,1048576,8.30437,8.32233,0.017959999999998644,1087892,True
123,Background,10240,8.30675,8.30735,0.000600000000000378,10838,True
124,Background,10240,8.30712,8.30748,0.0003600000000005821,10838,True
134,Background,10485760,8.30786,8.71326,0.4054000000000002,10876994,True
120,Background,1024,8.30789,8.30834,0.00044999999999895124,1244,True
107,Background,102400,8.30865,8.31196,0.003309999999999036,106400,True
106,Background,104857600,8.30953,9.99997,1.6904399999999988,42282914,False
115,Background,102400,8.31115,8.31174,0.0005900000000007566,106400,True
121,Background,1024,8.3121,8.31243,0.0003300000000017178,1244,True
125,Background,104857600,8.31306,9.99997,1.6869099999999992,41184952,False
106,Background,10240,8.31352,8.31367,0.0001499999999996504,10838,True
119,Background,10240,8.3138,8.31423,0.0004299999999997084,10838,True
136,Background,10240,8.31831,8.31853,0.0002200000000005531,10838,True
107,Background,102400,8.31877,8.32566,0.006889999999998508,106400,True
140,Background,102400,8.31893,8.32338,0.004450000000000287,106400,True
132,Background,102400,8.31968,8.32035,0.0006699999999995043,106400,True
124,Background,1024,8.32114,8.32148,0.0003399999999995629,1244,True
102,Background,10485760,8.32295,8.7433,0.4203499999999991,10876994,True
127,Background,1048576,8.3246,8.36238,0.0377799999999997,1087892,True
113,Background,102400,8.32515,8.32574,0.0005899999999989802,106400,True
137,Background,1024,8.32536,8.32555,0.00018999999999991246,1244,True
125,Background,10240,8.32668,8.32711,0.0004299999999997084,10838,True
125,Background,10240,8.32751,8.32767,0.00015999999999927184,10838,True
135,Background,1024,8.33132,8.33154,0.0002200000000005531,1244,True
125,Background,1048576,8.33451,8.36745,0.03293999999999997,1087892,True
105,Background,1048576,8.33475,8.39225,0.057500000000000995,1087892,True
103,Background,10240,8.33532,8.33556,0.00023999999999979593,10838,True
120,Background,1024,8.33624,8.3365,0.0002599999999990388,1244,True
141,Background,1048576,8.33708,8.34099,0.003909999999999414,1087892,True
118,Background,102400,8.34356,8.34417,0.0006099999999999994,106400,True
116,Background,102400,8.34477,8.35327,0.00849999999999973,106400,True
125,Background,10240,8.34549,8.34565,0.00015999999999927184,10838,True
113,Background,1048576,8.34551,8.35676,0.01124999999999865,1087892,True
106,Background,1048576,8.34642,8.37035,0.023930000000000007,1087892,True
118,Background,1048576,8.34787,8.38542,0.03754999999999953,1087892,True
122,Background,10240,8.34932,8.34952,0.00019999999999953388,10838,True
108,Background,1048576,8.34948,8.36464,0.01515999999999984,1087892,True
123,Background,1024,8.35321,8.3535,0.0002899999999996794,1244,True
126,Background,1048576,8.35492,8.40145,0.046530000000000626,1087892,True
114,Background,102400,8.35734,8.35778,0.0004399999999993298,106400,True
115,Background,102400,8.35788,8.36331,0.00543000000000049,106400,True
107,Background,1024,8.35859,8.35879,0.00020000000000131024,1244,True
116,Background,10240,8.35871,8.35922,0.0005100000000002325,10838,True
102,Background,1024,8.35882,8.3594,0.0005800000000011352,1244,True
127,Background,1024,8.35922,8.35951,0.0002899999999996794,1244,True
132,Background,102400,8.35922,8.35975,0.0005299999999994753,106400,True
124,Background,1024,8.36357,8.36372,0.00015000000000142677,1244,True
110,Background,10240,8.36377,8.364,0.0002300000000001745,10838,True
103,Background,102400,8.36407,8.36472,0.0006500000000002615,106400,True
126,Background,10240,8.36517,8.36548,0.00030999999999892225,10838,True
138,Background,1048576,8.36741,8.37226,0.004850000000001131,1087892,True
124,Background,102400,8.36752,8.36806,0.0005399999999990968,106400,True
108,Background,102400,8.36769,8.36843,0.000740000000000407,106400,True
119,Background,102400,8.36816,8.36881,0.0006500000000002615,106400,True
111,Background,102400,8.36869,8.37444,0.005749999999999034,106400,True
104,Background,10240,8.36902,8.36947,0.00044999999999895124,10838,True
121,Background,102400,8.36954,8.37007,0.0005299999999994753,106400,True
133,Background,102400,8.37027,8.37084,0.0005699999999997374,106400,True
116,Background,10485760,8.37114,8.74114,0.3699999999999992,10876994,True
105,Background,1048576,8.37222,8.37797,0.005749999999999034,1087892,True
119,Background,1048576,8.37287,8.43478,0.06190999999999924,1087892,True
126,Background,104857600,8.37326,9.99998,1.6267200000000006,39822638,False
125,Background,10240,8.37456,8.37472,0.00015999999999927184,10838,True
107,Background,1024,8.37558,8.37582,0.00023999999999979593,1244,True
105,Background,1048576,8.37652,8.39021,0.013690000000000424,1087892,True
139,Background,1048576,8.37801,8.41789,0.03988000000000014,1087892,True
112,Background,10240,8.3785,8.37866,0.00015999999999927184,10838,True
117,Background,102400,8.38051,8.38097,0.000460000000000349,106400,True
133,Background,1048576,8.38095,8.42839,0.04743999999999993,1087892,True
127,Background,102400,8.38188,8.38537,0.003489999999999327,106400,True
108,Background,104857600,8.38303,9.99999,1.6169600000000006,40755380,False
106,Background,102400,8.38484,8.38815,0.003309999999999036,106400,True
129,Background,102400,8.38565,8.38909,0.0034399999999994435,106400,True
126,Background,1048576,8.3859,8.43219,0.04629000000000083,1087892,True
142,Background,102400,8.38717,8.38776,0.0005900000000007566,106400,True
106,Background,10240,8.38816,8.38848,0.00032000000000032003,10838,True
114,Background,1048576,8.38887,8.43042,0.04154999999999909,1087892,True
126,Background,1024,8.39113,8.39149,0.0003599999999988057,1244,True
113,Background,10240,8.39328,8.39352,0.00023999999999979593,10838,True
122,Background,10240,8.39378,8.39436,0.0005800000000011352,10838,True
118,Background,10240,8.39396,8.39445,0.0004900000000009896,10838,True
122,Background,10485760,8.39515,8.76195,0.36680000000000135,10876994,True
117,Background,1024,8.39541,8.39557,0.00015999999999927184,1244,True
136,Background,10240,8.39752,8.39769,0.00017000000000066962,10838,True
128,Background,102400,8.39776,8.40743,0.009669999999999845,106400,True
129,Background,1024,8.39822,8.39851,0.0002899999999996794,1244,True
102,Background,10240,8.3992,8.3995,0.0002999999999993008,10838,True
128,Background,10485760,8.39974,8.84046,0.44072000000000067,10876994,True
134,Background,10240,8.39982,8.40041,0.0005900000000007566,10838,True
124,Background,10485760,8.40057,8.80436,0.40379000000000076,10876994,True
137,Background,10240,8.40088,8.4014,0.0005199999999998539,10838,True
103,Background,10240,8.40169,8.40222,0.0005299999999994753,10838,True
104,Background,10240,8.4035,8.40366,0.0001600000000010482,10838,True
119,Background,10240,8.40503,8.40545,0.00042000000000008697,10838,True
113,Background,10240,8.40538,8.40557,0.00019000000000168882,10838,True
115,Background,1024,8.40621,8.40651,0.0003000000000010772,1244,True
116,Background,10240,8.40797,8.40844,0.00046999999999997044,10838,True
122,Background,102400,8.40942,8.40998,0.0005599999999983396,106400,True
133,Background,10240,8.40996,8.41044,0.00047999999999959186,10838,True
114,Background,10240,8.41079,8.41104,0.00024999999999941735,10838,True
125,Background,10240,8.41143,8.41159,0.0001600000000010482,10838,True
134,Background,10240,8.41282,8.41322,0.0004000000000008441,10838,True
126,Background,10485760,8.41288,8.8149,0.40202000000000027,10876994,True
117,Background,1024,8.4129,8.41338,0.00047999999999959186,1244,True
117,Background,1048576,8.41404,8.45446,0.040419999999999234,1087892,True
108,Background,102400,8.41426,8.41475,0.0004899999999992133,106400,True
135,Background,102400,8.41573,8.42089,0.005160000000000053,106400,True
125,Background,10240,8.41664,8.4168,0.0001600000000010482,10838,True
109,Background,102400,8.41846,8.41887,0.00041000000000046555,106400,True
127,Background,102400,8.41888,8.42542,0.0065400000000011005,106400,True
110,Background,102400,8.41929,8.41989,0.000600000000000378,106400,True
103,Background,1048576,8.42226,8.42619,0.003930000000000433,1087892,True
104,Background,10240,8.4242,8.42453,0.00032999999999994145,10838,True
118,Background,1048576,8.42717,8.43234,0.005169999999999675,1087892,True
109,Background,102400,8.42997,8.43564,0.0056699999999985096,106400,True
123,Background,10485760,8.43152,8.82219,0.3906700000000001,10876994,True
126,Background,1048576,8.43185,8.46423,0.03237999999999985,1087892,True
118,Background,10240,8.43253,8.43269,0.00015999999999927184,10838,True
109,Background,102400,8.4326,8.43321,0.0006099999999999994,106400,True
135,Background,1024,8.43328,8.4335,0.0002200000000005531,1244,True
128,Background,10240,8.43545,8.43561,0.0001600000000010482,10838,True
127,Background,10240,8.43589,8.43643,0.0005399999999990968,10838,True
123,Background,10240,8.4378,8.43838,0.0005800000000011352,10838,True
127,Background,1024,8.43797,8.43845,0.00047999999999959186,1244,True
109,Background,10240,8.43925,8.43951,0.00026000000000081513,10838,True
127,Background,10240,8.44139,8.44157,0.00018000000000029104,10838,True
123,Background,1048576,8.4426,8.4669,0.02430000000000021,1087892,True
119,Background,102400,8.4431,8.44382,0.0007200000000011642,106400,True
129,Background,10240,8.4464,8.44656,0.00015999999999927184,10838,True
127,Background,1048576,8.44749,8.47521,0.02772000000000041,1087892,True
124,Background,10240,8.44757,8.44779,0.00021999999999877673,10838,True
128,Background,102400,8.44817,8.44875,0.0005800000000011352,106400,True
114,Background,102400,8.44881,8.45017,0.0013600000000000279,106400,True
128,Background,102400,8.45209,8.45271,0.0006199999999996209,106400,True
129,Background,10240,8.45216,8.45249,0.00032999999999994145,10838,True
119,Background,1024,8.45238,8.45256,0.00018000000000029104,1244,True
118,Background,1024,8.45257,8.45272,0.0001499999999996504,1244,True
120,Background,1048576,8.45446,8.45914,0.004680000000000462,1087892,True
114,Background,102400,8.4545,8.45493,0.0004299999999997084,106400,True
130,Background,10240,8.45579,8.4564,0.0006099999999999994,10838,True
124,Background,1024,8.45638,8.45657,0.00018999999999991246,1244,True
110,Background,1048576,8.45766,8.48725,0.029589999999998895,1087892,True
130,Background,10240,8.45809,8.45848,0.00038999999999944635,10838,True
131,Background,1048576,8.46185,8.49988,0.03802999999999912,1087892,True
127,Background,102400,8.46224,8.46275,0.0005100000000002325,106400,True
126,Background,102400,8.46232,8.46278,0.000460000000000349,106400,True
133,Background,1048576,8.46333,8.489,0.025670000000001636,1087892,True
136,Background,10240,8.46348,8.46364,0.00015999999999927184,10838,True
120,Background,102400,8.46371,8.47202,0.008309999999999818,106400,True
119,Background,1048576,8.46565,8.51004,0.04438999999999993,1087892,True
111,Background,102400,8.46809,8.46871,0.0006199999999996209,106400,True
138,Background,10485760,8.46914,8.85779,0.38865000000000016,10876994,True
139,Background,10240,8.46923,8.85779,0.38856,10876994,True
115,Background,102400,8.46929,8.46997,0.0006799999999991257,106400,True
119,Background,102400,8.46959,8.47388,0.004289999999999239,106400,True
125,Background,1024,8.47133,8.47153,0.00019999999999953388,1244,True
128,Background,10485760,8.47265,8.89828,0.42562999999999995,10876994,True
128,Background,102400,8.47407,8.47471,0.0006400000000006401,106400,True
110,Background,102400,8.47527,8.47576,0.0004899999999992133,106400,True
126,Background,1048576,8.47585,8.51968,0.043829999999999814,1087892,True
127,Background,1048576,8.47699,8.51195,0.03495999999999988,1087892,True
111,Background,1024,8.47735,8.47755,0.00020000000000131024,1244,True
128,Background,10485760,8.47862,8.89352,0.41490000000000116,10876994,True
119,Background,10240,8.47976,8.48037,0.0006099999999999994,10838,True
140,Background,1024,8.47986,8.48042,0.000560000000000116,1244,True
116,Background,10240,8.48046,8.48062,0.00015999999999927184,10838,True
140,Background,10240,8.48644,8.4866,0.00015999999999927184,10838,True
129,Background,102400,8.48675,8.48769,0.0009399999999999409,106400,True
118,Background,10240,8.48706,8.48746,0.0004000000000008441,10838,True
136,Background,1048576,8.48828,8.4923,0.004020000000000579,1087892,True
115,Background,1048576,8.48926,8.50167,0.01241000000000092,1087892,True
129,Background,1024,8.48977,8.4904,0.0006299999999992423,1244,True
119,Background,1024,8.49148,8.49163,0.00015000000000142677,1244,True
137,Background,102400,8.49195,8.49729,0.0053400000000003445,106400,True
105,Background,1048576,8.49378,8.54127,0.047490000000001586,1087892,True
120,Background,1048576,8.49688,8.54323,0.04634999999999856,1087892,True
137,Background,102400,8.49762,8.50246,0.004839999999999733,106400,True
130,Background,10240,8.49946,8.49962,0.0001600000000010482,10838,True
112,Background,1048576,8.50193,8.54389,0.04195999999999955,1087892,True
124,Background,1024,8.50259,8.50274,0.0001499999999996504,1244,True
111,Background,1048576,8.50363,8.544,0.04037000000000113,1087892,True
116,Background,1048576,8.50407,8.50813,0.004059999999999064,1087892,True
125,Background,10240,8.50476,8.50502,0.00026000000000081513,10838,True
107,Background,102400,8.50554,8.50638,0.0008400000000001739,106400,True
141,Background,10240,8.50647,8.50663,0.00015999999999927184,10838,True
130,Background,10240,8.50671,8.50688,0.00017000000000066962,10838,True
142,Background,10240,8.50845,8.5086,0.0001499999999996504,10838,True
125,Background,102400,8.50895,8.51297,0.004019999999998802,106400,True
122,Background,10240,8.5095,8.50966,0.0001600000000010482,10838,True
120,Background,102400,8.5097,8.51524,0.005539999999999878,106400,True
105,Background,102400,8.5107,8.51142,0.0007199999999993878,106400,True
124,Background,1024,8.51072,8.51092,0.00020000000000131024,1244,True
104,Background,1048576,8.51238,8.51642,0.0040399999999998215,1087892,True
129,Background,102400,8.51342,8.51416,0.000740000000000407,106400,True
113,Background,10240,8.51465,8.51481,0.0001600000000010482,10838,True
143,Background,1048576,8.51526,8.52308,0.007820000000000604,1087892,True
106,Background,102400,8.51545,8.51615,0.000700000000000145,106400,True
125,Background,1048576,8.51822,8.52225,0.0040300000000002,1087892,True
107,Background,1048576,8.51853,8.53207,0.013539999999998997,1087892,True
128,Background,10485760,8.51913,8.92611,0.406979999999999,10876994,True
109,Background,10240,8.51921,8.51953,0.00032000000000032003,10838,True
120,Background,10240,8.51972,8.52029,0.0005699999999997374,10838,True
125,Background,102400,8.51981,8.52656,0.006750000000000256,106400,True
106,Background,1024,8.52024,8.52054,0.0003000000000010772,1244,True
143,Background,102400,8.52249,8.52301,0.0005199999999998539,106400,True
134,Background,1024,8.52423,8.52449,0.00026000000000081513,1244,True
105,Background,1048576,8.52475,8.57298,0.04823000000000022,1087892,True
121,Background,1048576,8.52486,8.5704,0.045539999999999026,1087892,True
144,Background,10485760,8.52689,8.96398,0.43708999999999953,10876994,True
110,Background,10485760,8.5279,8.95142,0.4235199999999999,10876994,True
121,Background,102400,8.52888,8.5357,0.0068200000000011585,106400,True
138,Background,102400,8.52985,8.53332,0.003470000000000084,106400,True
111,Background,10485760,8.53048,8.93216,0.4016799999999989,10876994,True
144,Background,102400,8.53216,8.53274,0.0005800000000011352,106400,True
120,Background,102400,8.53295,8.53921,0.0062600000000010425,106400,True
135,Background,102400,8.53403,8.53537,0.001340000000000785,106400,True
114,Background,1048576,8.53437,8.53883,0.004460000000001685,1087892,True
122,Background,102400,8.53741,8.5381,0.0006900000000005235,106400,True
123,Background,1024,8.53904,8.53944,0.0004000000000008441,1244,True
121,Background,102400,8.53977,8.54508,0.005309999999999704,106400,True
145,Background,102400,8.54042,8.54082,0.0004000000000008441,106400,True
108,Background,102400,8.54083,8.54245,0.001620000000000843,106400,True
121,Background,102400,8.54414,8.54471,0.0005699999999997374,106400,True
122,Background,102400,8.54473,8.54595,0.0012199999999999989,106400,True
131,Background,1024,8.54586,8.5464,0.0005400000000008731,1244,True
130,Background,102400,8.54712,8.54782,0.000700000000000145,106400,True
107,Background,10485760,8.54719,8.95357,0.40637999999999863,10876994,True
126,Background,1024,8.54972,8.55021,0.0004899999999992133,1244,True
134,Background,1048576,8.55053,8.57032,0.01979000000000042,1087892,True
117,Background,10240,8.55149,8.55164,0.00015000000000142677,10838,True
121,Background,10240,8.55171,8.55218,0.00046999999999997044,10838,True
107,Background,10485760,8.55217,8.92044,0.368269999999999,10876994,True
120,Background,102400,8.55389,8.55792,0.004029999999998424,106400,True
122,Background,1024,8.55433,8.55456,0.0002300000000001745,1244,True
136,Background,102400,8.55461,8.55526,0.0006500000000002615,106400,True
126,Background,102400,8.55621,8.55673,0.0005199999999998539,106400,True
127,Background,1048576,8.56044,8.56564,0.0052000000000003155,1087892,True
132,Background,102400,8.56053,8.56106,0.0005299999999994753,106400,True
115,Background,104857600,8.56217,9.99996,1.4377899999999997,35243040,False
129,Background,1048576,8.56258,8.58782,0.02524000000000015,1087892,True
137,Background,102400,8.56314,8.56389,0.0007500000000000284,106400,True
131,Background,1048576,8.56619,8.57037,0.0041799999999998505,1087892,True
130,Background,102400,8.5665,8.56701,0.0005100000000002325,106400,True
111,Background,10485760,8.56717,8.97438,0.4072099999999992,10876994,True
129,Background,10240,8.56784,8.56845,0.0006099999999999994,10838,True
132,Background,10485760,8.56823,8.94535,0.3771199999999997,10876994,True
112,Background,102400,8.56835,8.56884,0.0004899999999992133,106400,True
110,Background,102400,8.57019,8.57071,0.0005199999999998539,106400,True
116,Background,10240,8.57062,8.57078,0.00015999999999927184,10838,True
109,Background,1024,8.57376,8.57431,0.0005500000000004945,1244,True
133,Background,10240,8.575,8.57545,0.0004500000000007276,10838,True
117,Background,10240,8.57553,8.57569,0.00015999999999927184,10838,True
122,Background,102400,8.57588,8.57932,0.0034399999999994435,106400,True
141,Background,10240,8.57635,8.57656,0.00021000000000093166,10838,True
115,Background,1048576,8.57775,8.61749,0.03974000000000011,1087892,True
130,Background,102400,8.57862,8.57927,0.0006499999999984851,106400,True
121,Background,1048576,8.58277,8.62103,0.038259999999999295,1087892,True
134,Background,10240,8.58467,8.58483,0.0001600000000010482,10838,True
131,Background,1048576,8.5859,8.63051,0.044609999999998706,1087892,True
126,Background,1048576,8.58716,8.60434,0.01717999999999975,1087892,True
122,Background,1048576,8.58904,8.63441,0.04537000000000013,1087892,True
108,Background,1024,8.59201,8.59245,0.0004399999999993298,1244,True
123,Background,10240,8.59203,8.59246,0.00043000000000148475,10838,True
120,Background,1048576,8.59318,8.6083,0.015119999999999578,1087892,True
117,Background,10240,8.59515,8.59549,0.0003399999999995629,10838,True
118,Background,10240,8.59598,8.59643,0.00044999999999895124,10838,True
111,Background,102400,8.59703,8.60028,0.003249999999999531,106400,True
108,Background,10485760,8.59737,8.99061,0.3932400000000005,10876994,True
145,Background,10485760,8.5975,9.0233,0.4258000000000006,10876994,True
108,Background,102400,8.59961,8.60405,0.004440000000000666,106400,True
123,Background,1048576,8.60048,8.60641,0.005930000000001101,1087892,True
121,Background,10485760,8.6044,9.01529,0.4108900000000002,10876994,True
118,Background,10485760,8.60501,9.02249,0.4174799999999994,10876994,True
130,Background,102400,8.60625,8.60677,0.0005199999999998539,106400,True
107,Background,102400,8.607,8.60936,0.00236000000000125,106400,True
106,Background,1048576,8.60721,8.62738,0.020170000000000243,1087892,True
123,Background,102400,8.60792,8.61356,0.005639999999999645,106400,True
127,Background,102400,8.60894,8.61293,0.003989999999999938,106400,True
126,Background,10240,8.60926,8.60953,0.0002699999999986602,10838,True
109,Background,102400,8.60947,8.61015,0.0006800000000009021,106400,True
131,Background,1048576,8.61209,8.61616,0.004070000000000462,1087892,True
112,Background,10240,8.6135,8.6137,0.00019999999999953388,10838,True
104,Background,10240,8.61353,8.61373,0.00019999999999953388,10838,True
116,Background,10240,8.61409,8.6145,0.00041000000000046555,10838,True
110,Background,102400,8.61437,8.61481,0.0004400000000011062,106400,True
111,Background,1024,8.61506,8.61548,0.00042000000000008697,1244,True
135,Background,102400,8.61854,8.61907,0.0005300000000012517,106400,True
126,Background,102400,8.62014,8.62074,0.000600000000000378,106400,True
123,Background,1024,8.6235,8.62366,0.00015999999999927184,1244,True
130,Background,102400,8.62401,8.62522,0.0012100000000003774,106400,True
131,Background,10485760,8.62597,9.0618,0.4358299999999993,10876994,True
105,Background,102400,8.62639,8.6268,0.0004099999999986892,106400,True
112,Background,10240,8.62764,8.62795,0.0003100000000006986,10838,True
131,Background,102400,8.62796,8.63487,0.006909999999999528,106400,True
128,Background,1024,8.62979,8.63037,0.0005799999999993588,1244,True
132,Background,10240,8.63019,8.6305,0.00030999999999892225,10838,True
133,Background,102400,8.63021,8.6305,0.0002899999999996794,10838,True
105,Background,1048576,8.63037,8.6348,0.004430000000001044,1087892,True
113,Background,102400,8.6317,8.63828,0.006579999999999586,106400,True
122,Background,1048576,8.63173,8.67627,0.044540000000001356,1087892,True
129,Background,1048576,8.63402,8.66981,0.03579000000000043,1087892,True
109,Background,10240,8.63527,8.63551,0.00023999999999979593,10838,True
127,Background,10240,8.6362,8.6365,0.0002999999999993008,10838,True
112,Background,1024,8.63656,8.63671,0.00015000000000142677,1244,True
146,Background,102400,8.63691,8.64233,0.005419999999999092,106400,True
108,Background,102400,8.63701,8.6401,0.003090000000000259,106400,True
119,Background,102400,8.63789,8.64209,0.004199999999999093,106400,True
134,Background,102400,8.63882,8.64009,0.0012699999999998823,106400,True
123,Background,10240,8.63913,8.63949,0.0003600000000005821,10838,True
124,Background,102400,8.64038,8.64079,0.00041000000000046555,106400,True
128,Background,1024,8.64089,8.64135,0.00045999999999857266,1244,True
118,Background,10485760,8.64112,9.02253,0.3814099999999989,10876994,True
113,Background,1024,8.64522,8.64552,0.0002999999999993008,1244,True
146,Background,1048576,8.64982,8.68988,0.04006000000000043,1087892,True
147,Background,10240,8.65039,8.65057,0.00018000000000029104,10838,True
120,Background,10240,8.65044,8.6506,0.0001600000000010482,10838,True
125,Background,10240,8.65214,8.65249,0.00035000000000096065,10838,True
106,Background,102400,8.65215,8.65273,0.0005799999999993588,106400,True
123,Background,10240,8.65277,8.65302,0.00024999999999941735,10838,True
131,Background,1024,8.657,8.65746,0.000460000000000349,1244,True
135,Background,1048576,8.65813,8.66222,0.004089999999999705,1087892,True
135,Background,10240,8.66006,8.66049,0.0004299999999997084,10838,True
117,Background,102400,8.66039,8.66083,0.0004400000000011062,106400,True
136,Background,102400,8.66118,8.66194,0.0007599999999996498,106400,True
138,Background,102400,8.66138,8.66208,0.000700000000000145,106400,True
132,Background,1048576,8.66161,8.70693,0.04532000000000025,1087892,True
132,Background,10240,8.66473,8.66493,0.00019999999999953388,10838,True
127,Background,10240,8.66576,8.66637,0.0006099999999999994,10838,True
128,Background,102400,8.66643,8.66683,0.00039999999999906777,106400,True
132,Background,102400,8.6673,8.66784,0.0005400000000008731,106400,True
132,Background,1048576,8.66851,8.69023,0.021720000000000184,1087892,True
148,Background,102400,8.67144,8.67213,0.0006899999999987472,106400,True
111,Background,10240,8.67355,8.67376,0.0002099999999991553,10838,True
133,Background,10240,8.67524,8.67552,0.000280000000000058,10838,True
109,Background,10240,8.67526,8.67552,0.00026000000000081513,10838,True
119,Background,1024,8.67674,8.67692,0.00018000000000029104,1244,True
116,Background,102400,8.67727,8.67791,0.0006400000000006401,106400,True
127,Background,104857600,8.67738,9.9999,1.3225200000000008,31252226,False
108,Background,10240,8.67839,8.67858,0.00018999999999991246,10838,True
128,Background,10485760,8.67885,9.0994,0.42054999999999865,10876994,True
133,Background,1024,8.68025,8.68051,0.00026000000000081513,1244,True
119,Background,10240,8.6804,8.68057,0.00016999999999889326,10838,True
134,Background,102400,8.68097,8.68555,0.004579999999998918,106400,True
129,Background,10240,8.6826,8.68275,0.0001499999999996504,10838,True
107,Background,1024,8.68358,8.68376,0.00018000000000029104,1244,True
139,Background,10240,8.68406,8.68448,0.00042000000000008697,10838,True
112,Background,10485760,8.6846,9.10197,0.41737,10876994,True
124,Background,10240,8.68674,8.68695,0.0002099999999991553,10838,True
138,Background,10240,8.68706,8.68747,0.0004099999999986892,10838,True
120,Background,10485760,8.68877,9.09838,0.4096100000000007,10876994,True
137,Background,102400,8.68923,8.68991,0.0006799999999991257,106400,True
133,Background,10485760,8.69083,9.14002,0.44918999999999976,10876994,True
109,Background,10240,8.69302,8.69346,0.0004399999999993298,10838,True
110,Background,10240,8.69337,8.69357,0.00019999999999953388,10838,True
126,Background,102400,8.69443,8.69483,0.00039999999999906777,106400,True
130,Background,10240,8.69584,8.69643,0.0005899999999989802,10838,True
139,Background,1048576,8.69627,8.70069,0.0044199999999996464,1087892,True
128,Background,104857600,8.69893,9.99995,1.3010199999999994,31537606,False
124,Background,1048576,8.69922,8.71576,0.01653999999999911,1087892,True
112,Background,10240,8.69938,8.69958,0.00019999999999953388,10838,True
130,Background,1048576,8.69988,8.73552,0.035639999999999006,1087892,True
128,Background,10240,8.70047,8.70062,0.00015000000000142677,10838,True
106,Background,102400,8.70051,8.70097,0.000460000000000349,106400,True
131,Background,102400,8.70263,8.70331,0.0006800000000009021,106400,True
125,Background,102400,8.70308,8.70372,0.0006400000000006401,106400,True
129,Background,1048576,8.7071,8.72032,0.013219999999998677,1087892,True
111,Background,1024,8.709,8.70945,0.0004500000000007276,1244,True
127,Background,1048576,8.70944,8.73178,0.022339999999999804,1087892,True
120,Background,102400,8.71432,8.71479,0.00046999999999997044,106400,True
124,Background,102400,8.71581,8.71846,0.0026500000000009294,106400,True
147,Background,104857600,8.71624,9.99997,1.2837299999999985,31768914,False
124,Background,10240,8.7164,8.71658,0.00018000000000029104,10838,True
112,Background,10485760,8.71703,9.16543,0.44840000000000124,10876994,True
129,Background,10240,8.71737,8.7176,0.00022999999999839815,10838,True
121,Background,104857600,8.71878,9.99998,1.2812000000000001,30975858,False
134,Background,102400,8.71943,8.72015,0.0007200000000011642,106400,True
149,Background,102400,8.71967,8.7255,0.005829999999999558,106400,True
126,Background,10240,8.72165,8.72193,0.000280000000000058,10838,True
107,Background,102400,8.72228,8.72277,0.0004900000000009896,106400,True
128,Background,10240,8.72302,8.72349,0.00046999999999997044,10838,True
124,Background,102400,8.72443,8.72484,0.00041000000000046555,106400,True
125,Background,1048576,8.72553,8.76797,0.04244000000000092,1087892,True
138,Background,102400,8.72904,8.73346,0.0044199999999996464,106400,True
126,Background,1048576,8.7294,8.75238,0.022980000000000445,1087892,True
126,Background,10240,8.72944,8.72962,0.00018000000000029104,10838,True
130,Background,10240,8.73184,8.73241,0.0005699999999997374,10838,True
136,Background,10485760,8.73338,9.13045,0.39706999999999937,10876994,True
121,Background,10240,8.73396,8.73448,0.0005199999999998539,10838,True
113,Background,10240,8.73446,8.73462,0.00015999999999927184,10838,True
112,Background,102400,8.73454,8.73514,0.0005999999999986017,106400,True
140,Background,102400,8.73466,8.73538,0.0007199999999993878,106400,True
121,Background,102400,8.73469,8.73543,0.0007399999999986306,106400,True
127,Background,10240,8.73562,8.73581,0.00018999999999991246,10838,True
129,Background,102400,8.74576,8.75343,0.0076699999999991775,106400,True
130,Background,102400,8.74587,8.74939,0.0035199999999999676,106400,True
137,Background,10240,8.74808,8.74848,0.0004000000000008441,10838,True
133,Background,1048576,8.74896,8.79379,0.04482999999999926,1087892,True
125,Background,1024,8.75073,8.75091,0.00017999999999851468,1244,True
121,Background,1024,8.75078,8.75102,0.00023999999999979593,1244,True
131,Background,102400,8.75208,8.75272,0.0006400000000006401,106400,True
124,Background,10240,8.75498,8.75543,0.0004500000000007276,10838,True
122,Background,1048576,8.75865,8.78689,0.028240000000000265,1087892,True
131,Background,1048576,8.75982,8.80753,0.04771000000000036,1087892,True
110,Background,102400,8.76205,8.7627,0.0006500000000002615,106400,True
125,Background,102400,8.76222,8.76274,0.0005200000000016303,106400,True
121,Background,10485760,8.76303,9.18966,0.4266299999999994,10876994,True
108,Background,102400,8.76366,8.76898,0.005320000000001102,106400,True
110,Background,10485760,8.76488,9.20724,0.44236000000000075,10876994,True
122,Background,1048576,8.76608,8.77124,0.005160000000000053,1087892,True
136,Background,10485760,8.76624,9.17429,0.40804999999999936,10876994,True
127,Background,1048576,8.76653,8.79223,0.0257000000000005,1087892,True
108,Background,102400,8.76785,8.77141,0.0035600000000002296,106400,True
123,Background,10485760,8.7679,9.19345,0.4255500000000012,10876994,True
126,Background,102400,8.76883,8.77408,0.005250000000000199,106400,True
122,Background,102400,8.76975,8.77736,0.007609999999999673,106400,True
140,Background,102400,8.7723,8.77278,0.00047999999999959186,106400,True
113,Background,102400,8.77378,8.78044,0.00666000000000011,106400,True
131,Background,10485760,8.77416,9.15741,0.3832500000000003,10876994,True
122,Background,10240,8.77468,8.77486,0.00018000000000029104,10838,True
110,Background,1048576,8.7775,8.81143,0.033929999999999794,1087892,True
123,Background,102400,8.78066,8.78133,0.0006700000000012807,106400,True
127,Background,1048576,8.78087,8.82336,0.04248999999999903,1087892,True
130,Background,10240,8.78197,8.78245,0.0004800000000013682,10838,True
111,Background,102400,8.78447,8.78488,0.0004099999999986892,106400,True
142,Background,1048576,8.78464,8.80947,0.024829999999999686,1087892,True
111,Background,1024,8.7853,8.78558,0.000280000000000058,1244,True
111,Background,102400,8.78558,8.78958,0.004000000000001336,106400,True
114,Background,10240,8.78569,8.78626,0.0005699999999997374,10838,True
112,Background,102400,8.78765,8.79349,0.0058400000000009555,106400,True
137,Background,1048576,8.78768,8.83822,0.05053999999999981,1087892,True
113,Background,1048576,8.78841,8.8086,0.020189999999999486,1087892,True
113,Background,10240,8.78854,8.7887,0.0001600000000010482,10838,True
109,Background,102400,8.78885,8.79438,0.005530000000000257,106400,True
128,Background,1048576,8.78889,8.83634,0.04744999999999955,1087892,True
150,Background,10240,8.79184,8.79243,0.0005899999999989802,10838,True
133,Background,1024,8.79204,8.79248,0.0004399999999993298,1244,True
118,Background,10485760,8.79234,9.17935,0.3870100000000001,10876994,True
141,Background,1048576,8.79261,8.82144,0.02883000000000102,1087892,True
117,Background,10240,8.79298,8.79353,0.0005500000000004945,10838,True
124,Background,10485760,8.79558,9.21525,0.41967,10876994,True
114,Background,102400,8.79718,8.79807,0.0008899999999982811,106400,True
138,Background,102400,8.79766,8.80329,0.005630000000000024,106400,True
125,Background,1048576,8.79788,8.84941,0.05153000000000141,1087892,True
132,Background,102400,8.7988,8.80015,0.0013500000000004064,106400,True
122,Background,1024,8.8009,8.8013,0.00039999999999906777,1244,True
120,Background,1024,8.80228,8.80252,0.00023999999999979593,1244,True
139,Background,102400,8.80403,8.80536,0.0013300000000011636,106400,True
132,Background,10240,8.80561,8.80601,0.0004000000000008441,10838,True
133,Background,1048576,8.80742,8.8333,0.025879999999999015,1087892,True
107,Background,1024,8.80811,8.80853,0.00042000000000008697,1244,True
108,Background,1024,8.80816,8.80853,0.00036999999999842714,1244,True
135,Background,1048576,8.81173,8.85221,0.04047999999999874,1087892,True
123,Background,1048576,8.81435,8.82706,0.012710000000000221,1087892,True
143,Background,102400,8.81502,8.81984,0.004819999999998714,106400,True
123,Background,102400,8.81517,8.81607,0.0008999999999996788,106400,True
114,Background,1048576,8.81803,8.85743,0.039400000000000546,1087892,True
142,Background,1024,8.81807,8.81848,0.0004099999999986892,1244,True
125,Background,1024,8.81808,8.81848,0.00039999999999906777,1244,True
134,Background,10485760,8.81817,9.21842,0.4002499999999998,10876994,True
132,Background,1048576,8.81836,8.8295,0.011139999999999262,1087892,True
126,Background,102400,8.81941,8.82015,0.000740000000000407,106400,True
127,Background,10240,8.82474,8.82495,0.0002099999999991553,10838,True
132,Background,102400,8.82507,8.82742,0.002349999999999852,106400,True
127,Background,1024,8.82579,8.82639,0.000600000000000378,1244,True
144,Background,1048576,8.82838,8.83574,0.007360000000000255,1087892,True
131,Background,10240,8.83021,8.83052,0.0003100000000006986,10838,True
114,Background,10240,8.83075,8.83098,0.0002300000000001745,10838,True
117,Background,102400,8.83293,8.83831,0.0053800000000006065,106400,True
141,Background,1024,8.8335,8.83366,0.00015999999999927184,1244,True
134,Background,10485760,8.83409,9.25537,0.42127999999999943,10876994,True
124,Background,10240,8.83579,8.83639,0.000600000000000378,10838,True
145,Background,1024,8.83887,8.83934,0.00046999999999997044,1244,True
138,Background,1048576,8.83899,8.88845,0.04945999999999984,1087892,True
121,Background,10240,8.8412,8.84153,0.00032999999999994145,10838,True
151,Background,1024,8.84253,8.84268,0.0001499999999996504,1244,True
113,Background,10240,8.84261,8.84277,0.00015999999999927184,10838,True
133,Background,102400,8.8436,8.84776,0.004159999999998831,106400,True
119,Background,1048576,8.84794,8.8994,0.051460000000000505,1087892,True
127,Background,10240,8.85017,8.85052,0.0003499999999991843,10838,True
135,Background,1048576,8.85256,8.86487,0.012309999999999377,1087892,True
124,Background,10240,8.85324,8.85356,0.00032000000000032003,10838,True
122,Background,102400,8.85369,8.85947,0.005779999999999674,106400,True
110,Background,102400,8.85478,8.85817,0.00338999999999956,106400,True
133,Background,1048576,8.85541,8.87914,0.023730000000000473,1087892,True
112,Background,10240,8.85675,8.85694,0.00018999999999991246,10838,True
114,Background,10485760,8.85826,9.22829,0.37002999999999986,10876994,True
125,Background,1048576,8.86111,8.87738,0.01627000000000045,1087892,True
134,Background,1048576,8.86174,8.90754,0.04579999999999984,1087892,True
118,Background,10240,8.86195,8.86248,0.0005299999999994753,10838,True
136,Background,10240,8.8627,8.86291,0.0002099999999991553,10838,True
131,Background,1024,8.8629,8.86339,0.0004900000000009896,1244,True
135,Background,104857600,8.86723,9.99999,1.132760000000001,28419454,False
109,Background,102400,8.86758,8.87188,0.004300000000000637,106400,True
128,Background,102400,8.86873,8.86965,0.000920000000000698,106400,True
126,Background,10240,8.86896,8.86946,0.0005000000000006111,10838,True
115,Background,102400,8.86896,8.87422,0.00525999999999982,106400,True
123,Background,10485760,8.86955,9.28736,0.41780999999999935,10876994,True
113,Background,10240,8.87001,8.87049,0.00047999999999959186,10838,True
146,Background,1048576,8.87012,8.87427,0.00414999999999921,1087892,True
115,Background,10240,8.87041,8.8706,0.00018999999999991246,10838,True
152,Background,102400,8.87062,8.87128,0.0006599999999998829,106400,True
128,Background,10240,8.87268,8.87286,0.00017999999999851468,10838,True
143,Background,10240,8.87586,8.87645,0.0005900000000007566,10838,True
153,Background,102400,8.87906,8.88455,0.005489999999999995,106400,True
114,Background,1048576,8.87945,8.90728,0.0278299999999998,1087892,True
109,Background,1024,8.88002,8.88049,0.00046999999999997044,1244,True
119,Background,102400,8.88109,8.8818,0.0007099999999997664,106400,True
109,Background,1048576,8.882,8.92637,0.04437000000000069,1087892,True
122,Background,1048576,8.88242,8.88719,0.004770000000000607,1087892,True
132,Background,10240,8.88333,8.88359,0.0002599999999990388,10838,True
129,Background,102400,8.88544,8.88615,0.0007100000000015427,106400,True
126,Background,102400,8.88565,8.8908,0.005150000000000432,106400,True
134,Background,102400,8.8869,8.89044,0.0035399999999992104,106400,True
123,Background,102400,8.8881,8.88874,0.0006400000000006401,106400,True
135,Background,10240,8.89006,8.89049,0.0004299999999997084,10838,True
110,Background,10485760,8.89149,9.34389,0.4524000000000008,10876994,True
115,Background,1048576,8.89154,8.93232,0.040779999999999816,1087892,True
134,Background,10240,8.89159,8.89194,0.0003499999999991843,10838,True
125,Background,102400,8.89251,8.89295,0.0004400000000011062,106400,True
142,Background,1024,8.89453,8.89469,0.0001600000000010482,1244,True
125,Background,102400,8.89956,8.90122,0.001660000000001105,106400,True
132,Background,10240,8.90031,8.90054,0.0002300000000001745,10838,True
136,Background,102400,8.90043,8.90083,0.00039999999999906777,106400,True
115,Background,102400,8.90092,8.90535,0.004430000000001044,106400,True
110,Background,10240,8.90182,8.90241,0.0005899999999989802,10838,True
114,Background,10240,8.9023,8.90255,0.00024999999999941735,10838,True
110,Background,1048576,8.90332,8.92543,0.02210999999999963,1087892,True
128,Background,10240,8.90482,8.9053,0.00047999999999959186,10838,True
137,Background,1048576,8.90587,8.95607,0.050200000000000244,1087892,True
137,Background,102400,8.90755,8.9085,0.0009499999999995623,106400,True
140,Background,102400,8.908,8.91265,0.004649999999999821,106400,True
147,Background,1048576,8.90864,8.93428,0.02563999999999922,1087892,True
120,Background,1048576,8.9093,8.93122,0.021919999999999717,1087892,True
139,Background,102400,8.91178,8.91953,0.007749999999999702,106400,True
129,Background,10240,8.91362,8.91389,0.00027000000000043656,10838,True
116,Background,1048576,8.91507,8.9582,0.04312999999999967,1087892,True
129,Background,1024,8.91603,8.91649,0.000460000000000349,1244,True
116,Background,10485760,8.91786,9.35954,0.4416800000000016,10876994,True
148,Background,10485760,8.91789,9.34044,0.4225499999999993,10876994,True
129,Background,1048576,8.91854,8.94723,0.028689999999999216,1087892,True
130,Background,1024,8.91976,8.92033,0.0005699999999997374,1244,True
129,Background,1024,8.92278,8.92304,0.00026000000000081513,1244,True
115,Background,10240,8.92298,8.92347,0.0004899999999992133,10838,True
124,Background,1024,8.92347,8.92363,0.00015999999999927184,1244,True
135,Background,102400,8.9248,8.93044,0.005640000000001422,106400,True
116,Background,10240,8.92537,8.9256,0.0002300000000001745,10838,True
131,Background,10240,8.92907,8.92949,0.00042000000000008697,10838,True
117,Background,102400,8.93189,8.93683,0.004940000000001277,106400,True
139,Background,1024,8.93573,8.93624,0.0005100000000002325,1244,True
112,Background,10240,8.93789,8.93844,0.0005500000000004945,10838,True
133,Background,1048576,8.93878,8.97823,0.03945000000000043,1087892,True
117,Background,102400,8.93883,8.9425,0.0036700000000013944,106400,True
130,Background,1048576,8.93892,8.98374,0.04481999999999964,1087892,True
130,Background,10485760,8.94104,9.386,0.44496,10876994,True
111,Background,10240,8.94113,8.94154,0.00041000000000046555,10838,True
115,Background,1024,8.94186,8.94243,0.0005699999999997374,1244,True
113,Background,1024,8.94198,8.94246,0.0004800000000013682,1244,True
154,Background,10240,8.94253,8.94268,0.0001499999999996504,10838,True
116,Background,1048576,8.94373,8.98942,0.04569000000000045,1087892,True
116,Background,102400,8.94816,8.94874,0.0005800000000011352,106400,True
124,Background,10485760,8.94849,9.35978,0.41129000000000104,10876994,True
113,Background,102400,8.94864,8.94937,0.0007300000000007856,106400,True
128,Background,102400,8.94867,8.94942,0.0007500000000000284,106400,True
113,Background,1024,8.94964,8.94983,0.00018999999999991246,1244,True
118,Background,1048576,8.95076,8.98806,0.03730000000000011,1087892,True
138,Background,10240,8.95133,8.95158,0.00024999999999941735,10838,True
141,Background,102400,8.95217,8.95278,0.0006099999999999994,106400,True
115,Background,1048576,8.95244,8.97128,0.018840000000000856,1087892,True
135,Background,1048576,8.9532,8.97152,0.018319999999999226,1087892,True
136,Background,1024,8.95352,8.95369,0.00017000000000066962,1244,True
114,Background,1024,8.9544,8.95461,0.00021000000000093166,1244,True
148,Background,102400,8.95725,8.95789,0.0006400000000006401,106400,True
124,Background,1024,8.95799,8.95846,0.00046999999999997044,1244,True
142,Background,1048576,8.95814,8.96277,0.004630000000000578,1087892,True
133,Background,10240,8.95981,8.96042,0.0006099999999999994,10838,True
134,Background,10240,8.96245,8.96261,0.00015999999999927184,10838,True
114,Background,102400,8.96533,8.96597,0.0006400000000006401,106400,True
117,Background,1048576,8.96654,8.98343,0.01689000000000007,1087892,True
111,Background,1048576,8.96734,8.99119,0.023849999999999483,1087892,True
136,Background,1048576,8.96774,9.01737,0.04963000000000051,1087892,True
111,Background,102400,8.9701,8.97072,0.0006199999999996209,106400,True
131,Background,1024,8.9717,8.97219,0.0004899999999992133,1244,True
140,Background,102400,8.9749,8.9834,0.00849999999999973,106400,True
118,Background,102400,8.97699,8.98223,0.005239999999998801,106400,True
130,Background,1048576,8.97826,8.98335,0.005089999999999151,1087892,True
132,Background,1024,8.98107,8.98147,0.00039999999999906777,1244,True
129,Background,1048576,8.98455,8.99635,0.011799999999999145,1087892,True
130,Background,1024,8.9847,8.98486,0.00015999999999927184,1244,True
127,Background,102400,8.98545,8.98619,0.000740000000000407,106400,True
112,Background,102400,8.98575,8.99444,0.008690000000001419,106400,True
115,Background,10240,8.98598,8.98646,0.00047999999999959186,10838,True
129,Background,102400,8.98641,8.98682,0.00041000000000046555,106400,True
117,Background,1048576,8.98691,9.03792,0.05100999999999978,1087892,True
126,Background,1048576,8.98807,8.99414,0.006069999999999354,1087892,True
144,Background,10485760,8.98814,9.38402,0.39588,10876994,True
118,Background,1024,8.9896,8.98985,0.0002500000000011937,1244,True
111,Background,1048576,8.98971,9.04016,0.05044999999999966,1087892,True
113,Background,1048576,8.98989,9.03375,0.04385999999999868,1087892,True
136,Background,10240,8.99046,8.99062,0.00015999999999927184,10838,True
127,Background,10485760,8.99211,9.41793,0.42581999999999987,10876994,True
134,Background,1024,8.99273,8.99296,0.0002300000000001745,1244,True
128,Background,10240,8.99461,8.99476,0.0001499999999996504,10838,True
137,Background,102400,8.9954,8.99608,0.0006799999999991257,106400,True
121,Background,10240,8.99787,8.99842,0.0005499999999987182,10838,True
131,Background,1048576,8.99875,9.03833,0.03958000000000084,1087892,True
122,Background,10240,8.99931,8.99955,0.00023999999999979593,10838,True
125,Background,10240,9.00036,9.00056,0.00019999999999953388,10838,True
133,Background,1024,9.0026,9.00275,0.00015000000000142677,1244,True
129,Background,10240,9.00363,9.00391,0.000280000000000058,10838,True
130,Background,10240,9.00463,9.00479,0.00015999999999927184,10838,True
131,Background,10485760,9.00727,9.42436,0.41708999999999996,10876994,True
119,Background,10485760,9.00775,9.46331,0.4555600000000002,10876994,True
130,Background,10240,9.00873,9.00895,0.0002200000000005531,10838,True
130,Background,102400,9.00874,9.01038,0.0016400000000000858,106400,True
127,Background,10485760,9.00879,9.4362,0.42741000000000007,10876994,True
123,Background,10485760,9.01055,9.45028,0.43972999999999907,10876994,True
114,Background,1048576,9.01144,9.03678,0.025339999999999918,1087892,True
140,Background,1024,9.01223,9.01255,0.00031999999999854367,1244,True
125,Background,1048576,9.01326,9.03331,0.020049999999999457,1087892,True
137,Background,10240,9.01347,9.01364,0.00017000000000066962,10838,True
126,Background,102400,9.01692,9.02027,0.003349999999999298,106400,True
112,Background,10240,9.01948,9.01965,0.00017000000000066962,10838,True
141,Background,1048576,9.01958,9.06555,0.04597000000000051,1087892,True
134,Background,10485760,9.02158,9.45592,0.4343400000000006,10876994,True
119,Background,10240,9.02277,9.02302,0.0002500000000011937,10838,True
113,Background,1024,9.02363,9.02393,0.0002999999999993008,1244,True
114,Background,10240,9.02611,9.0265,0.0003900000000012227,10838,True
149,Background,10240,9.02651,9.02667,0.00015999999999927184,10838,True
135,Background,10485760,9.02757,9.46114,0.43356999999999957,10876994,True
131,Background,102400,9.02766,9.03065,0.0029900000000004923,106400,True
128,Background,10240,9.02779,9.02843,0.0006400000000006401,10838,True
116,Background,10240,9.03004,9.03048,0.0004400000000011062,10838,True
115,Background,10240,9.03095,9.03145,0.0004999999999988347,10838,True
135,Background,102400,9.03155,9.03238,0.0008300000000005525,106400,True
138,Background,1048576,9.03361,9.0804,0.046789999999999665,1087892,True
119,Background,10485760,9.0337,9.47354,0.43984000000000023,10876994,True
141,Background,102400,9.0342,9.03477,0.0005699999999997374,106400,True
115,Background,1024,9.03539,9.03559,0.00019999999999953388,1244,True
116,Background,1048576,9.03599,9.08336,0.0473700000000008,1087892,True
114,Background,102400,9.03745,9.03814,0.0006900000000005235,106400,True
145,Background,102400,9.0383,9.03876,0.000460000000000349,106400,True
114,Background,102400,9.03856,9.03913,0.0005699999999997374,106400,True
125,Background,102400,9.03967,9.04345,0.0037800000000007827,106400,True
117,Background,102400,9.04004,9.04146,0.001420000000001309,106400,True
129,Background,1048576,9.04039,9.05338,0.012990000000000279,1087892,True
112,Background,10485760,9.04069,9.49035,0.4496599999999997,10876994,True
118,Background,102400,9.04106,9.04443,0.003370000000000317,106400,True
119,Background,102400,9.04161,9.04738,0.005770000000000053,106400,True
120,Background,1048576,9.04222,9.04624,0.004019999999998802,1087892,True
134,Background,102400,9.04228,9.04278,0.0005000000000006111,106400,True
117,Background,1024,9.04281,9.04317,0.0003600000000005821,1244,True
115,Background,1048576,9.04527,9.06125,0.015979999999998995,1087892,True
120,Background,10240,9.04596,9.04645,0.0004900000000009896,10838,True
128,Background,102400,9.04749,9.04822,0.0007300000000007856,106400,True
117,Background,1048576,9.04759,9.0956,0.048009999999999664,1087892,True
150,Background,10240,9.04852,9.04867,0.0001499999999996504,10838,True
132,Background,10240,9.05059,9.05074,0.0001499999999996504,10838,True
123,Background,102400,9.05112,9.05185,0.0007300000000007856,106400,True
126,Background,102400,9.05252,9.05296,0.0004400000000011062,106400,True
116,Background,1024,9.05306,9.05346,0.00039999999999906777,1244,True
132,Background,1048576,9.05372,9.10045,0.04673000000000016,1087892,True
133,Background,10240,9.0549,9.05534,0.0004399999999993298,10838,True
139,Background,1024,9.05505,9.05547,0.00042000000000008697,1244,True
115,Background,102400,9.05537,9.05611,0.000740000000000407,106400,True
131,Background,10240,9.05741,9.05759,0.00017999999999851468,10838,True
116,Background,10485760,9.0594,9.46498,0.4055800000000005,10876994,True
118,Background,102400,9.06501,9.06864,0.0036300000000011323,106400,True
142,Background,10240,9.06545,9.06563,0.00018000000000029104,10838,True
135,Background,1048576,9.06654,9.08929,0.02275000000000027,1087892,True
155,Background,10485760,9.06696,9.51284,0.4458800000000007,10876994,True
136,Background,10240,9.06805,9.06849,0.0004400000000011062,10838,True
120,Background,1048576,9.07214,9.07734,0.0052000000000003155,1087892,True
118,Background,1048576,9.07301,9.12424,0.05123000000000033,1087892,True
121,Background,1048576,9.07313,9.12619,0.05305999999999855,1087892,True
137,Background,102400,9.07616,9.07675,0.0005900000000007566,106400,True
124,Background,1024,9.07642,9.0766,0.00017999999999851468,1244,True
118,Background,10240,9.08028,9.08053,0.00024999999999941735,10838,True
132,Background,10240,9.0868,9.08705,0.00024999999999941735,10838,True
151,Background,102400,9.08692,9.09025,0.003330000000000055,106400,True
119,Background,10240,9.08735,9.08757,0.00021999999999877673,10838,True
124,Background,10240,9.0884,9.0886,0.00019999999999953388,10838,True
143,Background,1024,9.08889,9.08935,0.000460000000000349,1244,True
135,Background,10240,9.08966,9.09009,0.0004299999999997084,10838,True
126,Background,102400,9.08998,9.09394,0.003959999999999297,106400,True
115,Background,102400,9.09146,9.0922,0.000740000000000407,106400,True
113,Background,102400,9.09302,9.09742,0.004400000000000404,106400,True
132,Background,1048576,9.09359,9.13614,0.04254999999999853,1087892,True
136,Background,10485760,9.09392,9.54121,0.44728999999999886,10876994,True
114,Background,102400,9.09407,9.09534,0.0012699999999998823,106400,True
120,Background,1048576,9.097,9.14135,0.04434999999999967,1087892,True
137,Background,1024,9.09754,9.09772,0.00018000000000029104,1244,True
121,Background,10240,9.0987,9.09886,0.0001600000000010482,10838,True
117,Background,10485760,9.10198,9.53816,0.43618000000000023,10876994,True
116,Background,10240,9.1043,9.10455,0.00024999999999941735,10838,True
131,Background,102400,9.10512,9.1059,0.000780000000000669,106400,True
122,Background,102400,9.10519,9.10596,0.0007699999999992713,106400,True
143,Background,1024,9.10547,9.10565,0.00018000000000029104,1244,True
117,Background,10240,9.10549,9.10568,0.00018999999999991246,10838,True
133,Background,1048576,9.10551,9.14696,0.04144999999999932,1087892,True
119,Background,1048576,9.10728,9.13163,0.024350000000000094,1087892,True
130,Background,104857600,9.10763,9.99994,0.8923100000000002,21026610,False
116,Background,10485760,9.10764,9.54768,0.44003999999999976,10876994,True
112,Background,10240,9.10866,9.10882,0.00015999999999927184,10838,True
132,Background,1024,9.1097,9.11013,0.0004299999999997084,1244,True
131,Background,10240,9.11072,9.1109,0.00018000000000029104,10838,True
127,Background,104857600,9.11119,9.99997,0.8887799999999988,20781784,False
134,Background,1048576,9.11142,9.13915,0.027730000000000032,1087892,True
117,Background,1024,9.1115,9.11167,0.00017000000000066962,1244,True
119,Background,102400,9.11161,9.11554,0.003929999999998657,106400,True
133,Background,10485760,9.11259,9.52635,0.4137599999999999,10876994,True
122,Background,1048576,9.1148,9.1669,0.05209999999999937,1087892,True
127,Background,10485760,9.11488,9.57953,0.4646500000000007,10876994,True
156,Background,102400,9.11772,9.12338,0.005659999999998888,106400,True
118,Background,10485760,9.11851,9.5515,0.4329900000000002,10876994,True
128,Background,1024,9.11935,9.1196,0.00024999999999941735,1244,True
116,Background,102400,9.11937,9.12012,0.0007500000000000284,106400,True
120,Background,10485760,9.12185,9.61044,0.4885900000000003,10876994,True
136,Background,102400,9.12263,9.12329,0.0006600000000016593,106400,True
136,Background,102400,9.12284,9.12849,0.005649999999999267,106400,True
140,Background,1024,9.12337,9.12357,0.00020000000000131024,1244,True
138,Background,1048576,9.12531,9.15371,0.028399999999999537,1087892,True
117,Background,10240,9.12746,9.12763,0.00017000000000066962,10838,True
134,Background,10240,9.12874,9.12891,0.00016999999999889326,10838,True
132,Background,1048576,9.13579,9.18934,0.05354999999999954,1087892,True
125,Background,10240,9.13606,9.13648,0.00042000000000008697,10838,True
144,Background,10240,9.13821,9.13854,0.00032999999999994145,10838,True
131,Background,102400,9.13986,9.14352,0.0036599999999999966,106400,True
129,Background,102400,9.14055,9.14107,0.0005199999999998539,106400,True
149,Background,104857600,9.14125,9.99995,0.8587000000000007,20965028,False
146,Background,102400,9.14286,9.14731,0.004449999999998511,106400,True
121,Background,1048576,9.14814,9.15317,0.005029999999999646,1087892,True
130,Background,1024,9.14917,9.14957,0.0004000000000008441,1244,True
127,Background,10240,9.15175,9.15237,0.0006199999999996209,10838,True
121,Background,102400,9.1523,9.15278,0.00047999999999959186,106400,True
152,Background,1024,9.15235,9.15256,0.0002099999999991553,1244,True
145,Background,10485760,9.15533,9.56974,0.41441000000000017,10876994,True
132,Background,1024,9.15684,9.15726,0.00042000000000008697,1244,True
136,Background,10240,9.15715,9.1575,0.00035000000000096065,10838,True
137,Background,102400,9.15796,9.16289,0.004930000000001655,106400,True
121,Background,102400,9.15968,9.16653,0.006850000000000023,106400,True
116,Background,1048576,9.16116,9.188,0.026839999999999975,1087892,True
117,Background,10485760,9.16127,9.188,0.026730000000000587,1087892,True
122,Background,102400,9.16212,9.16277,0.0006500000000002615,106400,True
123,Background,1024,9.16553,9.16574,0.0002099999999991553,1244,True
142,Background,102400,9.16597,9.16979,0.0038200000000010448,106400,True
137,Background,1048576,9.16617,9.17384,0.007670000000000954,1087892,True
157,Background,10240,9.16851,9.16867,0.0001600000000010482,10838,True
126,Background,1048576,9.16852,9.18797,0.019450000000000855,1087892,True
129,Background,1048576,9.17014,9.17569,0.0055499999999995,1087892,True
158,Background,10240,9.17251,9.17267,0.00015999999999927184,10838,True
141,Background,1048576,9.17284,9.2209,0.04805999999999955,1087892,True
142,Background,102400,9.17331,9.17401,0.000700000000000145,106400,True
133,Background,10485760,9.17439,9.58487,0.41047999999999973,10876994,True
135,Background,10240,9.17512,9.17551,0.00038999999999944635,10838,True
128,Background,102400,9.17548,9.17611,0.0006299999999992423,106400,True
139,Background,102400,9.17591,9.17946,0.0035500000000006082,106400,True
115,Background,104857600,9.17665,9.99997,0.8233199999999989,19837026,False
133,Background,102400,9.17897,9.18257,0.0036000000000004917,106400,True
133,Background,102400,9.17903,9.18297,0.003940000000000055,106400,True
129,Background,10240,9.17947,9.17963,0.00015999999999927184,10838,True
138,Background,102400,9.17976,9.18811,0.00835000000000008,106400,True
143,Background,1048576,9.18173,9.2252,0.04346999999999923,1087892,True
137,Background,1048576,9.18182,9.22927,0.04744999999999955,1087892,True
118,Background,1048576,9.18242,9.19549,0.013069999999999027,1087892,True
144,Background,102400,9.1829,9.18656,0.0036599999999999966,106400,True
153,Background,10240,9.1839,9.18448,0.0005800000000011352,10838,True
118,Background,1048576,9.18485,9.22823,0.043379999999999086,1087892,True
140,Background,10485760,9.18532,9.62538,0.440059999999999,10876994,True
134,Background,1048576,9.18571,9.22752,0.0418099999999999,1087892,True
143,Background,1024,9.18792,9.18846,0.0005399999999990968,1244,True
154,Background,10240,9.1888,9.18909,0.0002899999999996794,10838,True
138,Background,102400,9.18994,9.194,0.004060000000000841,106400,True
126,Background,1024,9.19213,9.1925,0.0003700000000002035,1244,True
128,Background,102400,9.19366,9.19747,0.003809999999999647,106400,True
134,Background,10240,9.19398,9.1945,0.0005199999999998539,10838,True
138,Background,102400,9.19411,9.19476,0.0006500000000002615,106400,True
133,Background,104857600,9.19436,9.99999,0.8056300000000007,19557654,False
141,Background,10240,9.19665,9.19681,0.00015999999999927184,10838,True
129,Background,10485760,9.19883,9.64447,0.4456400000000009,10876994,True
147,Background,10485760,9.19974,9.64752,0.44777999999999984,10876994,True
120,Background,102400,9.20087,9.2035,0.00262999999999991,106400,True
118,Background,1048576,9.20395,9.24848,0.04452999999999996,1087892,True
131,Background,10485760,9.20578,9.65942,0.45364000000000004,10876994,True
143,Background,1048576,9.20602,9.25104,0.04501999999999917,1087892,True
139,Background,1024,9.20644,9.20661,0.00016999999999889326,1244,True
128,Background,102400,9.20669,9.20745,0.0007599999999996498,106400,True
134,Background,1048576,9.20709,9.21441,0.007319999999999993,1087892,True
144,Background,1024,9.2076,9.20778,0.00018000000000029104,1244,True
126,Background,10240,9.20762,9.20784,0.00021999999999877673,10838,True
135,Background,102400,9.20928,9.21009,0.0008099999999995333,106400,True
144,Background,10240,9.21212,9.21253,0.0004099999999986892,10838,True
139,Background,10485760,9.21511,9.64231,0.4272000000000009,10876994,True
121,Background,1024,9.21543,9.21561,0.00018000000000029104,1244,True
136,Background,10240,9.21606,9.21652,0.00045999999999857266,10838,True
130,Background,10485760,9.21773,9.64926,0.4315300000000004,10876994,True
139,Background,1024,9.21901,9.21947,0.00045999999999857266,1244,True
135,Background,1048576,9.22043,9.23418,0.013749999999999929,1087892,True
146,Background,10240,9.22107,9.22154,0.00046999999999997044,10838,True
119,Background,102400,9.22188,9.22536,0.0034799999999997056,106400,True
124,Background,1024,9.22318,9.22354,0.0003600000000005821,1244,True
122,Background,1048576,9.22963,9.28415,0.054520000000000124,1087892,True
136,Background,102400,9.23134,9.23209,0.0007500000000000284,106400,True
123,Background,1024,9.23318,9.23353,0.0003499999999991843,1244,True
118,Background,102400,9.23342,9.23411,0.0006899999999987472,106400,True
124,Background,10240,9.23352,9.2337,0.00018000000000029104,10838,True
127,Background,102400,9.23429,9.23476,0.00046999999999997044,106400,True
137,Background,10240,9.23522,9.23554,0.00032000000000032003,10838,True
125,Background,1024,9.23997,9.24047,0.0005000000000006111,1244,True
120,Background,102400,9.24077,9.24202,0.0012500000000006395,106400,True
116,Background,10240,9.24144,9.24164,0.00019999999999953388,10838,True
155,Background,1048576,9.24204,9.24636,0.0043199999999998795,1087892,True
129,Background,1024,9.24389,9.24447,0.0005799999999993588,1244,True
119,Background,10240,9.24422,9.24456,0.0003399999999995629,10838,True
125,Background,102400,9.24472,9.2464,0.0016800000000003479,106400,True
140,Background,1024,9.24553,9.24568,0.0001499999999996504,1244,True
145,Background,1048576,9.24732,9.26237,0.015050000000000452,1087892,True
138,Background,10240,9.24748,9.24764,0.0001600000000010482,10838,True
159,Background,10240,9.24817,9.24856,0.00038999999999944635,10838,True
118,Background,10240,9.24923,9.24958,0.0003499999999991843,10838,True
120,Background,1048576,9.24964,9.2964,0.0467600000000008,1087892,True
130,Background,1024,9.25099,9.25144,0.0004500000000007276,1244,True
130,Background,1048576,9.25121,9.26503,0.013819999999999055,1087892,True
128,Background,102400,9.25233,9.25281,0.00047999999999959186,106400,True
142,Background,1024,9.2526,9.25276,0.0001600000000010482,1244,True
134,Background,1024,9.25319,9.25351,0.00032000000000032003,1244,True
121,Background,102400,9.25343,9.25407,0.0006400000000006401,106400,True
146,Background,1048576,9.25439,9.25905,0.004659999999999442,1087892,True
125,Background,1048576,9.25853,9.27056,0.012029999999999319,1087892,True
126,Background,10240,9.25871,9.25897,0.0002599999999990388,10838,True
134,Background,10485760,9.25987,9.71133,0.45146000000000086,10876994,True
132,Background,102400,9.26053,9.2611,0.0005700000000015137,106400,True
132,Background,1048576,9.26118,9.27104,0.009859999999999758,1087892,True
147,Background,102400,9.26289,9.26594,0.003049999999999997,106400,True
147,Background,1024,9.26338,9.26357,0.00018999999999991246,1244,True
122,Background,10485760,9.26469,9.71947,0.4547799999999995,10876994,True
129,Background,1024,9.26491,9.26545,0.0005399999999990968,1244,True
119,Background,102400,9.26528,9.26582,0.0005399999999990968,106400,True
113,Background,1048576,9.26531,9.28036,0.015050000000000452,1087892,True
148,Background,10240,9.26675,9.26706,0.0003100000000006986,10838,True
137,Background,102400,9.26718,9.2679,0.0007199999999993878,106400,True
119,Background,1048576,9.26825,9.27353,0.005279999999999063,1087892,True
133,Background,1024,9.27292,9.27343,0.0005100000000002325,1244,True
135,Background,1048576,9.27424,9.28085,0.0066099999999984504,1087892,True
123,Background,102400,9.27546,9.27624,0.0007799999999988927,106400,True
119,Background,102400,9.27606,9.27731,0.0012500000000006395,106400,True
130,Background,102400,9.2782,9.27876,0.000560000000000116,106400,True
138,Background,10240,9.28061,9.28076,0.00015000000000142677,10838,True
120,Background,102400,9.28207,9.28339,0.0013200000000015422,106400,True
148,Background,10240,9.28307,9.28349,0.00042000000000008697,10838,True
130,Background,102400,9.28315,9.28388,0.0007300000000007856,106400,True
123,Background,10485760,9.28356,9.72402,0.44045999999999985,10876994,True
131,Background,102400,9.28394,9.29051,0.006569999999999965,106400,True
126,Background,102400,9.28685,9.29276,0.005910000000000082,106400,True
149,Background,10240,9.28952,9.28972,0.00020000000000131024,10838,True
127,Background,1024,9.29145,9.29162,0.00017000000000066962,1244,True
126,Background,10240,9.29212,9.2925,0.0003799999999998249,10838,True
131,Background,102400,9.29499,9.29947,0.004479999999999151,106400,True
120,Background,102400,9.29533,9.29592,0.0005900000000007566,106400,True
129,Background,10240,9.29727,9.29755,0.000280000000000058,10838,True
121,Background,102400,9.2977,9.3034,0.00569999999999915,106400,True
114,Background,1048576,9.29777,9.34552,0.047750000000000625,1087892,True
156,Background,1048576,9.29834,9.30337,0.005029999999999646,1087892,True
130,Background,102400,9.29914,9.29998,0.0008400000000001739,106400,True
115,Background,1048576,9.3036,9.3495,0.045900000000001384,1087892,True
127,Background,1048576,9.30433,9.31309,0.008760000000000545,1087892,True
138,Background,102400,9.30472,9.30554,0.0008200000000009311,106400,True
121,Background,10485760,9.30531,9.75036,0.44505000000000017,10876994,True
119,Background,10240,9.30531,9.30562,0.00030999999999892225,10838,True
117,Background,1048576,9.30623,9.31087,0.0046400000000001995,1087892,True
120,Background,10240,9.30628,9.30656,0.000280000000000058,10838,True
136,Background,102400,9.30782,9.31041,0.002589999999999648,106400,True
133,Background,102400,9.3083,9.30879,0.0004900000000009896,106400,True
131,Background,102400,9.31131,9.31194,0.0006299999999992423,106400,True
140,Background,1024,9.31186,9.31242,0.000560000000000116,1244,True
121,Background,102400,9.31412,9.31474,0.0006199999999996209,106400,True
122,Background,10240,9.31428,9.31474,0.000460000000000349,106400,True
123,Background,102400,9.31446,9.31485,0.00038999999999944635,106400,True
139,Background,10240,9.31487,9.31522,0.0003499999999991843,10838,True
116,Background,104857600,9.31999,9.99994,0.6799499999999998,16000918,False
145,Background,10240,9.3203,9.32056,0.00026000000000081513,10838,True
127,Background,1048576,9.32049,9.34152,0.02102999999999966,1087892,True
117,Background,1024,9.32057,9.32072,0.0001499999999996504,1244,True
150,Background,10240,9.32229,9.32255,0.0002599999999990388,10838,True
120,Background,1048576,9.32326,9.34536,0.02210000000000001,1087892,True
144,Background,1048576,9.32394,9.36635,0.04241000000000028,1087892,True
132,Background,102400,9.32514,9.32588,0.000740000000000407,106400,True
137,Background,102400,9.32528,9.32599,0.0007099999999997664,106400,True
138,Background,10240,9.32628,9.32652,0.00023999999999979593,10838,True
135,Background,104857600,9.32715,9.99989,0.672740000000001,15517274,False
122,Background,102400,9.32902,9.33148,0.002460000000001017,106400,True
128,Background,10240,9.3305,9.33065,0.0001499999999996504,10838,True
143,Background,1024,9.33379,9.3344,0.0006099999999999994,1244,True
129,Background,1024,9.33433,9.33456,0.0002300000000001745,1244,True
123,Background,1048576,9.33511,9.35234,0.017229999999999634,1087892,True
124,Background,1048576,9.33829,9.34437,0.006079999999998975,1087892,True
139,Background,102400,9.33972,9.34622,0.0065000000000008384,106400,True
123,Background,1024,9.34131,9.34156,0.00024999999999941735,1244,True
157,Background,102400,9.34195,9.34647,0.004519999999999413,106400,True
149,Background,1048576,9.34349,9.37148,0.027990000000000848,1087892,True
136,Background,10240,9.34563,9.34588,0.00024999999999941735,10838,True
145,Background,1024,9.34579,9.34638,0.0005900000000007566,1244,True
133,Background,10240,9.34682,9.34713,0.0003100000000006986,10838,True
134,Background,102400,9.34706,9.35235,0.005289999999998685,106400,True
120,Background,10240,9.34741,9.34761,0.00019999999999953388,10838,True
146,Background,10240,9.34823,9.34853,0.0003000000000010772,10838,True
144,Background,102400,9.34892,9.35385,0.004929999999999879,106400,True
139,Background,102400,9.35003,9.35141,0.0013799999999992707,106400,True
131,Background,102400,9.35069,9.3514,0.0007099999999997664,106400,True
150,Background,10240,9.35211,9.3525,0.00038999999999944635,10838,True
120,Background,10240,9.35271,9.35289,0.00018000000000029104,10838,True
118,Background,10485760,9.35485,9.80161,0.4467599999999994,10876994,True
122,Background,1024,9.35489,9.35527,0.0003800000000016013,1244,True
132,Background,1048576,9.35582,9.39453,0.03871000000000002,1087892,True
123,Background,1048576,9.35593,9.39789,0.04195999999999955,1087892,True
121,Background,10240,9.35688,9.3574,0.0005199999999998539,10838,True
124,Background,10240,9.35701,9.35751,0.0004999999999988347,10838,True
124,Background,102400,9.36126,9.36206,0.0007999999999999119,106400,True
125,Background,1048576,9.36129,9.36206,0.0007699999999992713,106400,True
151,Background,1024,9.36149,9.36167,0.00018000000000029104,1244,True
138,Background,1024,9.36175,9.36238,0.0006299999999992423,1244,True
140,Background,10240,9.36485,9.36531,0.00045999999999857266,10838,True
121,Background,102400,9.36581,9.36948,0.003669999999999618,106400,True
132,Background,10240,9.36841,9.3686,0.00018999999999991246,10838,True
160,Background,102400,9.37056,9.37113,0.0005700000000015137,106400,True
139,Background,10240,9.37157,9.37175,0.00018000000000029104,10838,True
140,Background,102400,9.37248,9.37288,0.0004000000000008441,106400,True
140,Background,102400,9.37834,9.37879,0.0004500000000007276,106400,True
133,Background,102400,9.37919,9.37993,0.000740000000000407,106400,True
122,Background,10240,9.37933,9.37958,0.0002500000000011937,10838,True
121,Background,10240,9.37956,9.37978,0.0002200000000005531,10838,True
124,Background,102400,9.38026,9.38076,0.0005000000000006111,106400,True
151,Background,10485760,9.3809,9.8413,0.4603999999999999,10876994,True
146,Background,1048576,9.38144,9.40828,0.026839999999999975,1087892,True
128,Background,102400,9.38191,9.38944,0.007530000000000925,106400,True
139,Background,102400,9.38239,9.38286,0.0004700000000017468,106400,True
137,Background,102400,9.38241,9.38287,0.000460000000000349,106400,True
123,Background,1024,9.38336,9.38357,0.00021000000000093166,1244,True
141,Background,102400,9.3867,9.38738,0.0006800000000009021,106400,True
124,Background,1048576,9.38798,9.43891,0.050929999999999254,1087892,True
141,Background,10240,9.38821,9.38853,0.00031999999999854367,10838,True
142,Background,102400,9.38836,9.38881,0.00044999999999895124,106400,True
132,Background,10240,9.39158,9.39185,0.00027000000000043656,10838,True
142,Background,10485760,9.3916,9.86733,0.47573000000000043,10876994,True
140,Background,10240,9.39255,9.39271,0.00015999999999927184,10838,True
141,Background,10240,9.39369,9.39423,0.0005400000000008731,10838,True
141,Background,10240,9.39434,9.39456,0.0002200000000005531,10838,True
137,Background,10240,9.39591,9.39646,0.0005499999999987182,10838,True
122,Background,10240,9.39646,9.39661,0.00015000000000142677,10838,True
138,Background,1048576,9.39918,9.42013,0.020950000000000912,1087892,True
123,Background,10240,9.39972,9.40033,0.0006099999999999994,10838,True
143,Background,102400,9.40097,9.40735,0.006380000000000052,106400,True
128,Background,102400,9.40136,9.40207,0.0007099999999997664,106400,True
141,Background,102400,9.40325,9.40399,0.000740000000000407,106400,True
129,Background,1024,9.40327,9.40355,0.000280000000000058,1244,True
118,Background,102400,9.40475,9.40642,0.0016700000000007265,106400,True
150,Background,1048576,9.40527,9.4194,0.014129999999999754,1087892,True
140,Background,102400,9.40586,9.40972,0.0038599999999995305,106400,True
122,Background,102400,9.40719,9.40789,0.000700000000000145,106400,True
152,Background,1024,9.40959,9.40978,0.00018999999999991246,1244,True
139,Background,1048576,9.41325,9.43401,0.020760000000001,1087892,True
141,Background,10240,9.41369,9.41417,0.00047999999999959186,10838,True
124,Background,10240,9.41451,9.41467,0.00015999999999927184,10838,True
134,Background,102400,9.41511,9.41582,0.0007099999999997664,106400,True
135,Background,102400,9.41542,9.41614,0.0007200000000011642,106400,True
133,Background,1024,9.41682,9.41724,0.00042000000000008697,1244,True
136,Background,102400,9.41696,9.42256,0.00560000000000116,106400,True
127,Background,10240,9.41826,9.41855,0.0002899999999996794,10838,True
131,Background,10240,9.41978,9.42039,0.0006099999999999994,10838,True
125,Background,1048576,9.4201,9.42494,0.004839999999999733,1087892,True
151,Background,10240,9.42033,9.42055,0.0002200000000005531,10838,True
153,Background,10240,9.42113,9.42154,0.00041000000000046555,10838,True
138,Background,10240,9.42113,9.42154,0.00041000000000046555,10838,True
145,Background,1024,9.42142,9.42162,0.00020000000000131024,1244,True
124,Background,10240,9.42175,9.42228,0.0005300000000012517,10838,True
143,Background,102400,9.42287,9.42792,0.005050000000000665,106400,True
134,Background,102400,9.42307,9.42773,0.004660000000001219,106400,True
152,Background,10240,9.42353,9.42376,0.0002300000000001745,10838,True
138,Background,102400,9.42382,9.42712,0.003300000000001191,106400,True
131,Background,1024,9.42466,9.42482,0.0001600000000010482,1244,True
144,Background,1048576,9.42506,9.4733,0.04823999999999984,1087892,True
127,Background,102400,9.42901,9.43148,0.0024700000000006384,106400,True
135,Background,10240,9.42986,9.43045,0.0005900000000007566,10838,True
135,Background,102400,9.43227,9.43277,0.0004999999999988347,106400,True
117,Background,10240,9.43483,9.43524,0.00041000000000046555,10838,True
122,Background,1024,9.43536,9.43558,0.0002200000000005531,1244,True
161,Background,102400,9.43696,9.44242,0.005460000000001131,106400,True
125,Background,1048576,9.43723,9.44952,0.012290000000000134,1087892,True
154,Background,102400,9.43921,9.43989,0.0006800000000009021,106400,True
134,Background,10240,9.43923,9.43952,0.0002899999999996794,10838,True
125,Background,102400,9.44027,9.44075,0.00047999999999959186,106400,True
125,Background,102400,9.44057,9.44127,0.000700000000000145,106400,True
118,Background,1048576,9.44058,9.4635,0.022919999999999163,1087892,True
136,Background,10240,9.44296,9.44348,0.0005199999999998539,10838,True
132,Background,102400,9.44451,9.44498,0.00046999999999997044,106400,True
147,Background,1024,9.44534,9.44558,0.00023999999999979593,1244,True
126,Background,10485760,9.44552,9.90991,0.46438999999999986,10876994,True
132,Background,1024,9.44775,9.44833,0.0005800000000011352,1244,True
140,Background,102400,9.44865,9.44936,0.0007099999999997664,106400,True
135,Background,1048576,9.44934,9.46941,0.020070000000000476,1087892,True
126,Background,102400,9.44989,9.45551,0.0056200000000004025,106400,True
139,Background,10485760,9.45037,9.88545,0.435080000000001,10876994,True
153,Background,1048576,9.45068,9.48301,0.03232999999999997,1087892,True
125,Background,1048576,9.452,9.49015,0.038149999999999906,1087892,True
136,Background,10240,9.45251,9.45266,0.0001499999999996504,10838,True
139,Background,102400,9.45468,9.45538,0.000700000000000145,106400,True
126,Background,1048576,9.45542,9.47317,0.01774999999999949,1087892,True
121,Background,10240,9.45544,9.45562,0.00018000000000029104,10838,True
140,Background,10485760,9.45578,9.91506,0.4592799999999997,10876994,True
141,Background,10240,9.45719,9.45751,0.00031999999999854367,10838,True
126,Background,1048576,9.45722,9.47617,0.018950000000000244,1087892,True
119,Background,10240,9.45842,9.45861,0.00018999999999991246,10838,True
148,Background,102400,9.45915,9.45984,0.0006900000000005235,106400,True
142,Background,102400,9.45976,9.46651,0.006750000000000256,106400,True
142,Background,10240,9.4628,9.46308,0.000280000000000058,10838,True
140,Background,10240,9.46343,9.46362,0.00018999999999991246,10838,True
137,Background,10240,9.46359,9.46383,0.00023999999999979593,10838,True
137,Background,10485760,9.46549,9.91449,0.44899999999999984,10876994,True
128,Background,10240,9.46786,9.46844,0.0005799999999993588,10838,True
134,Background,1024,9.47315,9.47349,0.0003399999999995629,1244,True
143,Background,1048576,9.47415,9.47816,0.004010000000000957,1087892,True
133,Background,102400,9.47438,9.47481,0.0004299999999997084,106400,True
136,Background,10240,9.47462,9.47478,0.0001600000000010482,10838,True
122,Background,10240,9.47747,9.47763,0.00015999999999927184,10838,True
122,Background,1024,9.48467,9.48482,0.0001499999999996504,1244,True
125,Background,102400,9.48506,9.48934,0.0042799999999996174,106400,True
126,Background,1048576,9.48607,9.49099,0.0049200000000002575,1087892,True
120,Background,102400,9.48689,9.49146,0.004569999999999297,106400,True
137,Background,102400,9.48725,9.48809,0.0008400000000001739,106400,True
140,Background,10485760,9.48844,9.9128,0.42436000000000007,10876994,True
141,Background,102400,9.48904,9.49244,0.003400000000000958,106400,True
138,Background,102400,9.49041,9.49083,0.00042000000000008697,106400,True
127,Background,1048576,9.49053,9.4973,0.006769999999999499,1087892,True
119,Background,102400,9.49118,9.49186,0.0006800000000009021,106400,True
142,Background,102400,9.49148,9.49219,0.0007100000000015427,106400,True
120,Background,102400,9.49246,9.49293,0.00046999999999997044,106400,True
142,Background,10485760,9.49254,9.92678,0.43424000000000085,10876994,True
136,Background,10240,9.49385,9.49441,0.000560000000000116,10838,True
149,Background,102400,9.49495,9.49849,0.003540000000000987,106400,True
143,Background,1024,9.49652,9.49667,0.0001499999999996504,1244,True
126,Background,10485760,9.49926,9.9475,0.4482400000000002,10876994,True
127,Background,1048576,9.50403,9.54094,0.036910000000000664,1087892,True
158,Background,1024,9.5056,9.50593,0.00032999999999994145,1244,True
155,Background,10485760,9.5062,9.96719,0.4609900000000007,10876994,True
144,Background,10485760,9.50678,9.98046,0.47368000000000166,10876994,True
126,Background,10240,9.50679,9.50716,0.0003700000000002035,10838,True
128,Background,1024,9.51134,9.51156,0.00021999999999877673,1244,True
144,Background,102400,9.51269,9.51339,0.000700000000000145,106400,True
127,Background,10240,9.51542,9.51558,0.00015999999999927184,10838,True
143,Background,1024,9.51603,9.51647,0.0004399999999993298,1244,True
144,Background,102400,9.51663,9.51722,0.0005900000000007566,106400,True
156,Background,102400,9.51767,9.52321,0.005539999999999878,106400,True
135,Background,10485760,9.51822,9.95813,0.43991000000000113,10876994,True
133,Background,1048576,9.5237,9.56968,0.04598000000000013,1087892,True
127,Background,10240,9.5264,9.52658,0.00017999999999851468,10838,True
123,Background,10485760,9.52676,9.99997,0.4732099999999999,10640280,False
129,Background,102400,9.52871,9.52941,0.000700000000000145,106400,True
134,Background,1024,9.53015,9.5305,0.0003499999999991843,1244,True
142,Background,102400,9.53066,9.53135,0.0006900000000005235,106400,True
144,Background,10240,9.53397,9.53449,0.0005199999999998539,10838,True
119,Background,10240,9.53786,9.53842,0.000560000000000116,10838,True
136,Background,10485760,9.54016,9.9999,0.45974000000000004,10436008,False
139,Background,104857600,9.54112,10.0,0.4588800000000006,10885106,False
138,Background,10240,9.54149,9.54166,0.00017000000000066962,10838,True
124,Background,10485760,9.54169,9.99075,0.4490600000000011,10876994,True
189,Incast,10240,9.54365,9.54444,0.0007900000000002905,10726,False
187,Incast,1024,9.54365,9.54377,0.00012000000000078614,1132,False
241,Incast,1048576,9.54365,9.59384,0.05019000000000062,1087780,False
242,Incast,102400,9.54365,9.5508,0.0071500000000011,106288,False
191,Incast,10485760,9.54365,9.99993,0.45628000000000135,9845664,False
190,Incast,1048576,9.54365,9.59276,0.04911000000000065,1087780,False
218,Incast,1048576,9.54365,9.59176,0.04811000000000121,1087780,False
219,Incast,10240,9.54365,9.54534,0.0016899999999999693,10726,False
220,Incast,1024,9.54365,9.54389,0.00023999999999979593,1132,False
221,Incast,1024,9.54365,9.54378,0.00013000000000040757,1132,False
222,Incast,1048576,9.54365,9.58875,0.045099999999999696,1087780,False
223,Incast,10485760,9.54365,9.88663,0.34298000000000073,10876882,False
224,Incast,1024,9.54365,9.54379,0.000140000000000029,1132,False
225,Incast,102400,9.54365,9.5467,0.003049999999999997,106288,False
226,Incast,1048576,9.54365,9.59153,0.04788000000000103,1087780,False
227,Incast,10240,9.54365,9.54484,0.0011900000000011346,10726,False
216,Incast,102400,9.54365,9.54687,0.0032200000000006668,106288,False
228,Incast,10240,9.54365,9.54449,0.0008400000000001739,10726,False
230,Incast,104857600,9.54365,9.99999,0.45634000000000086,13462480,False
231,Incast,10240,9.54365,9.544,0.00035000000000096065,10726,False
232,Incast,1024,9.54365,9.5438,0.0001499999999996504,1132,False
233,Incast,10240,9.54365,9.5455,0.0018500000000010175,10726,False
234,Incast,10240,9.54365,9.54397,0.00032000000000032003,10726,False
235,Incast,102400,9.54365,9.54903,0.0053800000000006065,106288,False
236,Incast,1024,9.54365,9.54382,0.00017000000000066962,1132,False
237,Incast,10485760,9.54365,10.0,0.4563500000000005,10458480,False
238,Incast,1048576,9.54365,9.58492,0.041270000000000806,1087780,False
239,Incast,102400,9.54365,9.54835,0.004699999999999704,106288,False
240,Incast,102400,9.54365,9.54678,0.0031300000000005213,106288,False
229,Incast,10240,9.54365,9.54469,0.0010399999999997078,10726,False
215,Incast,10240,9.54365,9.54474,0.0010899999999995913,10726,False
217,Incast,102400,9.54365,9.55044,0.006790000000000518,106288,False
203,Incast,10240,9.54365,9.54482,0.0011700000000001154,10726,False
192,Incast,102400,9.54365,9.5492,0.005550000000001276,106288,False
193,Incast,10240,9.54365,9.54448,0.0008300000000005525,10726,False
194,Incast,102400,9.54365,9.54778,0.004129999999999967,106288,False
195,Incast,102400,9.54365,9.54781,0.004160000000000608,106288,False
196,Incast,102400,9.54365,9.54654,0.0028900000000007253,106288,False
197,Incast,10485760,9.54365,9.99998,0.45633000000000123,10152072,False
198,Incast,10485760,9.54365,10.0,0.4563500000000005,10207646,False
199,Incast,1048576,9.54365,9.59098,0.04733000000000054,1087780,False
200,Incast,10240,9.54365,9.5449,0.0012500000000006395,10726,False
201,Incast,102400,9.54365,9.55004,0.006389999999999674,106288,False
202,Incast,102400,9.54365,9.55065,0.006999999999999673,106288,False
214,Incast,102400,9.54365,9.54998,0.006330000000000169,106288,False
204,Incast,10240,9.54365,9.54639,0.002740000000001075,10726,False
188,Incast,10485760,9.54365,9.99998,0.45633000000000123,10791924,False
205,Incast,10240,9.54365,9.54519,0.001540000000000319,10726,False
213,Incast,1048576,9.54365,9.59207,0.04842000000000013,1087780,False
212,Incast,10240,9.54365,9.54432,0.0006700000000012807,10726,False
211,Incast,10485760,9.54365,9.84684,0.30319000000000074,10876882,False
206,Incast,1048576,9.54365,9.59381,0.05015999999999998,1087780,False
207,Incast,102400,9.54365,9.54941,0.0057600000000004314,106288,False
208,Incast,10240,9.54365,9.54489,0.001240000000001018,10726,False
210,Incast,10240,9.54365,9.54434,0.0006900000000005235,10726,False
209,Incast,1048576,9.54365,9.59606,0.05241000000000007,1087780,False
139,Background,1048576,9.54393,9.59624,0.0523100000000003,1087892,True
123,Background,1024,9.54476,9.54496,0.00019999999999953388,1244,True
128,Background,10240,9.54615,9.54646,0.00030999999999892225,10838,True
139,Background,102400,9.54792,9.55313,0.005209999999999937,106400,True
143,Background,102400,9.54815,9.54886,0.0007099999999997664,106400,True
132,Background,1048576,9.54823,9.56631,0.01807999999999943,1087892,True
145,Background,10240,9.54976,9.5503,0.0005400000000008731,10838,True
130,Background,10240,9.55058,9.55074,0.00015999999999927184,10838,True
150,Background,10240,9.5514,9.55163,0.0002300000000001745,10838,True
144,Background,1048576,9.55345,9.60163,0.048180000000000334,1087892,True
127,Background,1024,9.55385,9.55446,0.0006099999999999994,1244,True
120,Background,10485760,9.55592,9.99992,0.44399999999999906,10107070,False
151,Background,102400,9.55596,9.56048,0.004519999999999413,106400,True
146,Background,10240,9.55636,9.5566,0.00023999999999979593,10838,True
147,Background,10240,9.56032,9.56062,0.0002999999999993008,10838,True
148,Background,102400,9.56054,9.56118,0.0006400000000006401,106400,True
131,Background,10240,9.5626,9.56276,0.0001600000000010482,10838,True
124,Background,1024,9.56569,9.56627,0.0005799999999993588,1244,True
128,Background,102400,9.56745,9.56821,0.0007600000000014262,106400,True
127,Background,1048576,9.56812,9.57599,0.007869999999998711,1087892,True
159,Background,10240,9.56846,9.56862,0.00015999999999927184,10838,True
154,Background,104857600,9.56848,9.99999,0.43151000000000117,10470554,False
145,Background,102400,9.57272,9.57362,0.0008999999999996788,106400,True
155,Background,102400,9.57294,9.5775,0.004560000000001452,106400,True
124,Background,102400,9.57319,9.57393,0.000740000000000407,106400,True
128,Background,1024,9.5767,9.5769,0.00019999999999953388,1244,True
152,Background,10240,9.57802,9.57856,0.0005399999999990968,10838,True
137,Background,1024,9.5812,9.58155,0.0003499999999991843,1244,True
133,Background,104857600,9.58195,9.99998,0.4180299999999999,9638446,False
156,Background,1048576,9.58213,9.58895,0.0068200000000011585,1087892,True
132,Background,102400,9.58741,9.58813,0.0007199999999993878,106400,True
135,Background,1024,9.58808,9.58849,0.00041000000000046555,1244,True
145,Background,1024,9.5882,9.58853,0.00032999999999994145,1244,True
128,Background,10240,9.58996,9.59048,0.0005199999999998539,10838,True
138,Background,102400,9.59286,9.5971,0.004239999999999355,106400,True
129,Background,1048576,9.59358,9.64539,0.051810000000001466,1087892,True
152,Background,102400,9.59649,9.59693,0.0004400000000011062,106400,True
153,Background,10485760,9.59732,9.99996,0.4026399999999999,10150628,False
162,Background,10240,9.59821,9.59856,0.00035000000000096065,10838,True
153,Background,1024,9.59947,9.59962,0.0001499999999996504,1244,True
128,Background,102400,9.60104,9.60348,0.0024399999999999977,106400,True
135,Background,1024,9.60167,9.60215,0.00047999999999959186,1244,True
157,Background,102400,9.60218,9.60275,0.0005699999999997374,106400,True
121,Background,10240,9.60224,9.60254,0.0002999999999993008,10838,True
129,Background,102400,9.60315,9.60398,0.0008300000000005525,106400,True
140,Background,1048576,9.6032,9.62323,0.020030000000000214,1087892,True
146,Background,10240,9.60347,9.60366,0.00018999999999991246,10838,True
143,Background,10485760,9.60422,9.99997,0.3957499999999996,10494586,False
148,Background,10240,9.60713,9.60756,0.0004299999999997084,10838,True
144,Background,102400,9.60716,9.60815,0.0009899999999998244,106400,True
130,Background,10485760,9.60724,9.99999,0.39275000000000126,9434174,False
146,Background,102400,9.60742,9.60835,0.0009300000000003195,106400,True
134,Background,1024,9.60808,9.60847,0.0003900000000012227,1244,True
135,Background,10240,9.60938,9.60958,0.00019999999999953388,10838,True
128,Background,10240,9.60974,9.6103,0.000560000000000116,10838,True
129,Background,10240,9.61036,9.61057,0.0002099999999991553,10838,True
133,Background,104857600,9.61116,9.99988,0.3887199999999993,9916316,False
129,Background,10240,9.61204,9.61252,0.00047999999999959186,10838,True
141,Background,102400,9.61438,9.61481,0.0004299999999997084,106400,True
137,Background,102400,9.61444,9.61485,0.00041000000000046555,106400,True
138,Background,10240,9.61607,9.61649,0.00042000000000008697,10838,True
138,Background,10485760,9.61746,9.99996,0.3825000000000003,9183340,False
145,Background,1024,9.61768,9.61823,0.0005500000000004945,1244,True
154,Background,1024,9.6189,9.61941,0.0005100000000002325,1244,True
142,Background,1048576,9.62079,9.66856,0.04776999999999987,1087892,True
145,Background,102400,9.62319,9.62407,0.000880000000000436,106400,True
129,Background,102400,9.62329,9.62411,0.0008199999999991547,106400,True
125,Background,1024,9.62412,9.62445,0.00032999999999994145,1244,True
134,Background,102400,9.62543,9.62618,0.0007500000000000284,106400,True
140,Background,10240,9.6262,9.6265,0.0002999999999993008,10838,True
129,Background,1048576,9.62627,9.63331,0.007039999999999935,1087892,True
139,Background,1048576,9.62643,9.64139,0.014960000000000306,1087892,True
121,Background,10240,9.62699,9.62752,0.0005300000000012517,10838,True
160,Background,102400,9.62742,9.62814,0.0007199999999993878,106400,True
141,Background,102400,9.62786,9.63156,0.0037000000000002586,106400,True
147,Background,102400,9.62806,9.62871,0.0006500000000002615,106400,True
129,Background,102400,9.62877,9.63209,0.0033200000000004337,106400,True
122,Background,10240,9.62954,9.6297,0.00015999999999927184,10838,True
125,Background,102400,9.63014,9.63077,0.0006299999999992423,106400,True
136,Background,10240,9.63087,9.63137,0.0005000000000006111,10838,True
147,Background,10240,9.63381,9.63442,0.0006099999999999994,10838,True
133,Background,102400,9.63407,9.63541,0.001340000000000785,106400,True
126,Background,102400,9.63602,9.63737,0.0013500000000004064,106400,True
163,Background,102400,9.63714,9.6379,0.0007599999999996498,106400,True
141,Background,10485760,9.63759,9.99993,0.36234000000000144,8423328,False
130,Background,10240,9.64017,9.64054,0.0003700000000002035,10838,True
139,Background,102400,9.64093,9.64845,0.007519999999999527,106400,True
136,Background,1048576,9.64205,9.68113,0.039080000000000226,1087892,True
158,Background,1048576,9.64255,9.6755,0.03294999999999959,1087892,True
145,Background,102400,9.64522,9.64607,0.0008499999999997954,106400,True
130,Background,10240,9.64582,9.64642,0.000600000000000378,10838,True
130,Background,10485760,9.64676,9.99999,0.35322999999999993,7936680,False
123,Background,104857600,9.64815,9.99996,0.3518100000000004,9220890,False
146,Background,1024,9.64866,9.64882,0.0001600000000010482,1244,True
159,Background,1024,9.64878,9.64906,0.000280000000000058,1244,True
142,Background,10485760,9.64906,9.99999,0.35092999999999996,8080872,False
135,Background,1024,9.6516,9.65181,0.0002099999999991553,1244,True
149,Background,10485760,9.65222,9.99995,0.3477300000000003,9268954,False
141,Background,102400,9.65229,9.65278,0.0004899999999992133,106400,True
143,Background,1024,9.65249,9.65264,0.0001499999999996504,1244,True
136,Background,10240,9.6535,9.65366,0.0001600000000010482,10838,True
123,Background,10240,9.65479,9.65501,0.0002200000000005531,10838,True
134,Background,10240,9.65597,9.65647,0.0005000000000006111,10838,True
140,Background,10240,9.65632,9.65656,0.0002400000000015723,10838,True
149,Background,1024,9.6568,9.65721,0.0004099999999986892,1244,True
124,Background,102400,9.65707,9.65779,0.0007200000000011642,106400,True
164,Background,10240,9.65709,9.65752,0.0004299999999997084,10838,True
125,Background,102400,9.65774,9.66387,0.006129999999998859,106400,True
135,Background,1048576,9.66203,9.71057,0.048540000000000916,1087892,True
142,Background,102400,9.66265,9.66325,0.000600000000000378,106400,True
143,Background,1024,9.66608,9.66651,0.00043000000000148475,1244,True
143,Background,1048576,9.66723,9.69643,0.02919999999999945,1087892,True
146,Background,10240,9.669,9.66948,0.00047999999999959186,10838,True
139,Background,1048576,9.6703,9.6768,0.0065000000000008384,1087892,True
134,Background,102400,9.67075,9.67182,0.0010700000000003485,106400,True
141,Background,102400,9.67103,9.67437,0.0033399999999996766,106400,True
127,Background,1048576,9.67155,9.71582,0.04427000000000092,1087892,True
161,Background,10240,9.67491,9.6754,0.0004899999999992133,10838,True
124,Background,102400,9.675,9.68208,0.007079999999998421,106400,True
135,Background,1048576,9.67608,9.6823,0.006219999999999004,1087892,True
150,Background,1048576,9.6763,9.68536,0.009059999999999846,1087892,True
142,Background,102400,9.67653,9.67712,0.0005900000000007566,106400,True
154,Background,102400,9.67969,9.68838,0.008689999999999642,106400,True
150,Background,102400,9.67974,9.6881,0.008359999999999701,106400,True
122,Background,1048576,9.68036,9.68511,0.004749999999999588,1087892,True
131,Background,102400,9.68057,9.68125,0.0006800000000009021,106400,True
165,Background,1024,9.68128,9.68154,0.00026000000000081513,1244,True
123,Background,10240,9.68222,9.68253,0.0003100000000006986,10838,True
135,Background,102400,9.68405,9.68545,0.00140000000000029,106400,True
130,Background,1024,9.68462,9.68478,0.00015999999999927184,1244,True
137,Background,1024,9.68513,9.68554,0.00041000000000046555,1244,True
148,Background,1048576,9.68556,9.72452,0.03895999999999944,1087892,True
144,Background,10240,9.68657,9.68672,0.0001499999999996504,10838,True
131,Background,102400,9.68817,9.68874,0.0005699999999997374,106400,True
137,Background,1048576,9.68831,9.69377,0.005460000000001131,1087892,True
143,Background,1048576,9.68887,9.73323,0.044360000000001065,1087892,True
124,Background,1024,9.68942,9.68962,0.00019999999999953388,1244,True
132,Background,102400,9.69318,9.69384,0.0006599999999998829,106400,True
151,Background,102400,9.69429,9.69479,0.0004999999999988347,106400,True
133,Background,102400,9.6952,9.69614,0.0009399999999999409,106400,True
140,Background,10240,9.69554,9.69577,0.0002300000000001745,10838,True
166,Background,1024,9.69831,9.69855,0.00023999999999979593,1244,True
135,Background,102400,9.69976,9.70702,0.007260000000000488,106400,True
137,Background,102400,9.70095,9.70543,0.004479999999999151,106400,True
130,Background,10240,9.70134,9.70158,0.00023999999999979593,10838,True
131,Background,1024,9.70195,9.70251,0.000560000000000116,1244,True
147,Background,102400,9.70211,9.70276,0.0006500000000002615,106400,True
142,Background,1048576,9.70221,9.7116,0.009390000000001564,1087892,True
145,Background,10240,9.70267,9.70283,0.0001600000000010482,10838,True
136,Background,102400,9.7031,9.70737,0.004269999999999996,106400,True
142,Background,102400,9.70407,9.70542,0.0013500000000004064,106400,True
131,Background,1024,9.70693,9.70743,0.0005000000000006111,1244,True
155,Background,1048576,9.70792,9.7545,0.04658000000000051,1087892,True
145,Background,1024,9.70964,9.70999,0.0003499999999991843,1244,True
149,Background,1048576,9.71029,9.71664,0.006349999999999412,1087892,True
132,Background,1024,9.71256,9.71271,0.0001499999999996504,1244,True
151,Background,10485760,9.71487,9.99998,0.2851100000000013,6191356,False
123,Background,10240,9.7151,9.71551,0.00041000000000046555,10838,True
136,Background,102400,9.71515,9.7158,0.0006500000000002615,106400,True
125,Background,102400,9.71614,9.71676,0.0006200000000013972,106400,True
127,Background,1024,9.71787,9.71846,0.0005900000000007566,1244,True
136,Background,10240,9.71963,9.7201,0.00046999999999997044,10838,True
124,Background,10240,9.72101,9.72149,0.00047999999999959186,10838,True
146,Background,1048576,9.72132,9.73651,0.015190000000000481,1087892,True
150,Background,10240,9.72163,9.72194,0.0003100000000006986,10838,True
133,Background,1048576,9.72577,9.78147,0.05569999999999986,1087892,True
143,Background,1024,9.72689,9.72736,0.00046999999999997044,1244,True
146,Background,1024,9.73081,9.73107,0.00026000000000081513,1244,True
147,Background,10240,9.73278,9.73306,0.000280000000000058,10838,True
134,Background,10240,9.7348,9.73512,0.00032000000000032003,10838,True
139,Background,1024,9.73518,9.73553,0.00035000000000096065,1244,True
140,Background,10485760,9.73542,9.99999,0.26457000000000086,6565354,False
144,Background,102400,9.73566,9.74239,0.006730000000001013,106400,True
138,Background,102400,9.73575,9.74397,0.008219999999999672,106400,True
144,Background,10240,9.73729,9.73755,0.00026000000000081513,10838,True
140,Background,1024,9.73795,9.73847,0.0005199999999998539,1244,True
131,Background,1024,9.74012,9.74051,0.0003900000000012227,1244,True
138,Background,10485760,9.74038,9.99998,0.2596000000000007,6407644,False
141,Background,1048576,9.74196,9.7888,0.04683999999999955,1087892,True
141,Background,102400,9.74314,9.7439,0.0007599999999996498,106400,True
156,Background,1048576,9.74339,9.78358,0.040190000000000836,1087892,True
144,Background,102400,9.7434,9.7442,0.0007999999999999119,106400,True
133,Background,102400,9.7438,9.74719,0.00338999999999956,106400,True
145,Background,1024,9.74599,9.7465,0.0005099999999984561,1244,True
132,Background,10240,9.74715,9.74754,0.0003900000000012227,10838,True
126,Background,10240,9.74819,9.74853,0.00034000000000133923,10838,True
152,Background,102400,9.7489,9.75335,0.004449999999998511,106400,True
136,Background,1048576,9.75131,9.78753,0.03622000000000014,1087892,True
130,Background,102400,9.75238,9.75283,0.00044999999999895124,106400,True
137,Background,10240,9.7524,9.75258,0.00018000000000029104,10838,True
137,Background,102400,9.75297,9.75738,0.004410000000000025,106400,True
138,Background,1048576,9.75408,9.75877,0.004690000000000083,1087892,True
125,Background,10485760,9.75577,9.99997,0.2441999999999993,5341224,False
130,Background,1024,9.75633,9.75657,0.00023999999999979593,1244,True
153,Background,1024,9.75636,9.75658,0.00021999999999877673,1244,True
141,Background,102400,9.7565,9.75697,0.00046999999999997044,106400,True
129,Background,10240,9.75655,9.7567,0.0001499999999996504,10838,True
160,Background,102400,9.75758,9.75848,0.0008999999999996788,106400,True
157,Background,10485760,9.76146,10.0,0.23854000000000042,5255610,False
131,Background,102400,9.76215,9.76279,0.0006400000000006401,106400,True
140,Background,10240,9.76243,9.76263,0.00019999999999953388,10838,True
136,Background,1048576,9.7653,9.79054,0.02524000000000015,1087892,True
144,Background,1048576,9.76608,9.81426,0.048180000000000334,1087892,True
145,Background,102400,9.76867,9.76934,0.0006699999999995043,106400,True
154,Background,10240,9.76891,9.7694,0.0004899999999992133,10838,True
155,Background,10485760,9.76935,9.99999,0.23064000000000107,5281144,False
131,Background,1048576,9.76983,9.81407,0.0442399999999985,1087892,True
139,Background,10485760,9.77214,9.99998,0.2278400000000005,6278472,False
146,Background,10240,9.77238,9.77259,0.0002099999999991553,10838,True
139,Background,102400,9.77247,9.77287,0.00039999999999906777,106400,True
145,Background,10240,9.77363,9.774,0.00036999999999842714,10838,True
137,Background,102400,9.77581,9.77847,0.002660000000000551,106400,True
137,Background,1048576,9.77633,9.78513,0.008800000000000807,1087892,True
139,Background,10240,9.77752,9.7777,0.00017999999999851468,10838,True
132,Background,1048576,9.77833,9.79118,0.01285000000000025,1087892,True
138,Background,10240,9.783,9.78348,0.0004800000000013682,10838,True
156,Background,1048576,9.78355,9.82878,0.0452300000000001,1087892,True
132,Background,10240,9.78413,9.78452,0.0003900000000012227,10838,True
132,Background,1048576,9.78698,9.83979,0.05281000000000091,1087892,True
145,Background,1024,9.78709,9.78752,0.00043000000000148475,1244,True
128,Background,102400,9.7872,9.78804,0.0008400000000001739,106400,True
138,Background,102400,9.78779,9.79541,0.00762000000000107,106400,True
146,Background,102400,9.78891,9.79442,0.005510000000001014,106400,True
146,Background,102400,9.78905,9.79449,0.005440000000000111,106400,True
139,Background,1024,9.78921,9.78957,0.0003599999999988057,1244,True
142,Background,1048576,9.79122,9.80842,0.01720000000000077,1087892,True
130,Background,1024,9.79324,9.79355,0.00030999999999892225,1244,True
140,Background,1048576,9.79461,9.83178,0.0371699999999997,1087892,True
128,Background,10240,9.79556,9.79577,0.0002099999999991553,10838,True
133,Background,102400,9.79649,9.79691,0.00042000000000008697,106400,True
138,Background,1024,9.79656,9.79671,0.0001499999999996504,1244,True
161,Background,1048576,9.79772,9.84126,0.043540000000000134,1087892,True
137,Background,102400,9.79791,9.80335,0.005440000000000111,106400,True
155,Background,10485760,9.80007,9.99996,0.1998899999999999,4516626,False
129,Background,1024,9.80226,9.80255,0.0002899999999996794,1244,True
133,Background,1024,9.80377,9.80438,0.0006099999999999994,1244,True
148,Background,10240,9.80471,9.80491,0.00019999999999953388,10838,True
148,Background,10485760,9.80474,9.99996,0.19521999999999906,4998768,False
132,Background,1048576,9.80571,9.85224,0.046530000000000626,1087892,True
147,Background,102400,9.80594,9.81048,0.004540000000000433,106400,True
145,Background,1048576,9.80694,9.85229,0.04534999999999911,1087892,True
137,Background,102400,9.80817,9.80877,0.000600000000000378,106400,True
156,Background,1024,9.80934,9.80958,0.00023999999999979593,1244,True
140,Background,10240,9.81243,9.81258,0.0001499999999996504,10838,True
125,Background,1048576,9.81403,9.87031,0.05627999999999922,1087892,True
134,Background,10485760,9.81433,9.99998,0.18565000000000076,5733246,False
139,Background,102400,9.81455,9.81504,0.0004899999999992133,106400,True
146,Background,102400,9.81627,9.81678,0.0005100000000002325,106400,True
131,Background,1048576,9.81735,9.83779,0.02044000000000068,1087892,True
133,Background,10240,9.81741,9.8176,0.00018999999999991246,10838,True
134,Background,10240,9.8175,9.81766,0.00015999999999927184,10838,True
126,Background,102400,9.81792,9.82334,0.005419999999999092,106400,True
133,Background,1048576,9.81959,9.8693,0.04971000000000103,1087892,True
126,Background,10240,9.82148,9.82166,0.00018000000000029104,10838,True
135,Background,102400,9.82212,9.82276,0.0006400000000006401,106400,True
147,Background,102400,9.82248,9.82289,0.0004099999999986892,106400,True
130,Background,102400,9.82354,9.82438,0.0008400000000001739,106400,True
135,Background,1024,9.82407,9.82453,0.00045999999999857266,1244,True
157,Background,10240,9.82411,9.82454,0.00043000000000148475,10838,True
139,Background,1024,9.82524,9.82557,0.00032999999999994145,1244,True
140,Background,102400,9.82538,9.82616,0.000780000000000669,106400,True
134,Background,10240,9.82577,9.82639,0.0006199999999996209,10838,True
125,Background,102400,9.82589,9.83075,0.004860000000000753,106400,True
138,Background,1024,9.82625,9.82654,0.0002899999999996794,1244,True
157,Background,10240,9.82874,9.82892,0.00018000000000029104,10838,True
127,Background,10240,9.82936,9.82958,0.0002200000000005531,10838,True
167,Background,10240,9.83,9.83048,0.00047999999999959186,10838,True
146,Background,10485760,9.83144,9.99999,0.16854999999999976,4123102,False
136,Background,102400,9.83224,9.83281,0.0005699999999997374,106400,True
129,Background,10485760,9.83252,9.99996,0.16743999999999915,5015290,False
143,Background,1048576,9.83379,9.89323,0.05944000000000038,1087892,True
142,Background,104857600,9.83677,9.99994,0.16317000000000093,3780646,False
138,Background,10240,9.83886,9.83938,0.0005199999999998539,10838,True
134,Background,10485760,9.83962,9.99999,0.16037000000000035,3499772,False
135,Background,10240,9.83969,9.84008,0.0003900000000012227,10838,True
135,Background,104857600,9.83985,9.99997,0.16011999999999915,3741594,False
148,Background,102400,9.84207,9.84273,0.0006599999999998829,106400,True
136,Background,1024,9.84224,9.84253,0.0002899999999996794,1244,True
126,Background,102400,9.84451,9.84497,0.000460000000000349,106400,True
136,Background,1024,9.8447,9.84488,0.00018000000000029104,1244,True
127,Background,102400,9.84676,9.84793,0.0011700000000001154,106400,True
146,Background,102400,9.84696,9.85072,0.00376000000000154,106400,True
137,Background,1024,9.84744,9.84764,0.00019999999999953388,1244,True
147,Background,1048576,9.84767,9.89726,0.04958999999999847,1087892,True
137,Background,102400,9.85065,9.8513,0.0006500000000002615,106400,True
140,Background,10240,9.85285,9.85332,0.00046999999999997044,10838,True
142,Background,102400,9.85288,9.85941,0.006529999999999703,106400,True
157,Background,10240,9.85311,9.85356,0.0004500000000007276,10838,True
138,Background,10240,9.85324,9.85358,0.0003399999999995629,10838,True
130,Background,1048576,9.85385,9.90016,0.04631000000000007,1087892,True
162,Background,102400,9.85591,9.86151,0.00560000000000116,106400,True
148,Background,1048576,9.85684,9.90995,0.05311000000000021,1087892,True
158,Background,1048576,9.85688,9.91131,0.05442999999999998,1087892,True
141,Background,1048576,9.8571,9.91049,0.053389999999998494,1087892,True
141,Background,102400,9.85869,9.85934,0.0006500000000002615,106400,True
134,Background,102400,9.85952,9.86038,0.0008599999999994168,106400,True
141,Background,102400,9.86142,9.86217,0.0007500000000000284,106400,True
126,Background,10240,9.86191,9.86247,0.000560000000000116,10838,True
128,Background,102400,9.86234,9.86281,0.00046999999999997044,106400,True
148,Background,102400,9.86369,9.86949,0.0058000000000006935,106400,True
126,Background,102400,9.86422,9.86479,0.0005699999999997374,106400,True
149,Background,10485760,9.86573,9.99998,0.13425000000000153,2864426,False
149,Background,102400,9.86608,9.86752,0.001440000000000552,106400,True
140,Background,1024,9.86625,9.86656,0.00030999999999892225,1244,True
141,Background,10240,9.86711,9.86753,0.00042000000000008697,10838,True
135,Background,102400,9.8688,9.87086,0.002060000000000173,106400,True
133,Background,102400,9.87016,9.87076,0.000600000000000378,106400,True
158,Background,1048576,9.87214,9.8767,0.004559999999999675,1087892,True
139,Background,1024,9.8723,9.87258,0.000280000000000058,1244,True
131,Background,1048576,9.87479,9.92144,0.046649999999999636,1087892,True
140,Background,1048576,9.87665,9.90277,0.026120000000000587,1087892,True
158,Background,102400,9.87719,9.87815,0.0009599999999991837,106400,True
146,Background,102400,9.8775,9.88143,0.003930000000000433,106400,True
131,Background,1048576,9.87799,9.92825,0.05025999999999975,1087892,True
127,Background,1048576,9.87874,9.92594,0.04720000000000013,1087892,True
131,Background,10240,9.87914,9.87954,0.0004000000000008441,10838,True
149,Background,102400,9.87963,9.88054,0.0009099999999993003,106400,True
147,Background,10485760,9.87975,9.99998,0.12023000000000117,3127276,False
148,Background,10485760,9.88257,9.99999,0.11742000000000097,3355580,False
159,Background,102400,9.88373,9.88466,0.0009300000000003195,106400,True
134,Background,102400,9.88377,9.88665,0.0028799999999993275,106400,True
149,Background,102400,9.88405,9.88965,0.005599999999999383,106400,True
136,Background,102400,9.8861,9.89243,0.0063299999999983925,106400,True
137,Background,10240,9.88752,9.88768,0.00015999999999927184,10838,True
139,Background,10485760,9.88836,9.99999,0.1116299999999999,3230914,False
159,Background,1024,9.88839,9.8886,0.00021000000000093166,1244,True
141,Background,1048576,9.89018,9.9216,0.03141999999999889,1087892,True
128,Background,10240,9.89083,9.89149,0.0006599999999998829,10838,True
143,Background,10485760,9.8916,9.99999,0.10838999999999999,2798338,False
162,Background,102400,9.89202,9.8945,0.0024800000000002598,106400,True
159,Background,10240,9.89236,9.89261,0.00024999999999941735,10838,True
160,Background,102400,9.89378,9.89947,0.005690000000001305,106400,True
139,Background,102400,9.89531,9.89631,0.0009999999999994458,106400,True
143,Background,1024,9.89695,9.89747,0.0005199999999998539,1244,True
149,Background,1048576,9.89824,9.90584,0.007600000000000051,1087892,True
160,Background,1048576,9.89925,9.93466,0.03540999999999883,1087892,True
132,Background,1024,9.89941,9.89971,0.0003000000000010772,1244,True
140,Background,1048576,9.89978,9.95246,0.052680000000000504,1087892,True
144,Background,1024,9.90158,9.90176,0.00018000000000029104,1244,True
127,Background,1048576,9.90264,9.9323,0.029659999999999798,1087892,True
163,Background,1024,9.90573,9.90624,0.0005100000000002325,1244,True
121,Background,104857600,9.9058,9.99993,0.0941300000000016,2212558,False
164,Background,102400,9.90744,9.90835,0.0009100000000010766,106400,True
147,Background,1048576,9.90758,9.95027,0.04269000000000034,1087892,True
147,Background,102400,9.90791,9.91228,0.004370000000001539,106400,True
133,Background,1024,9.90793,9.90849,0.000560000000000116,1244,True
150,Background,1048576,9.91048,9.93638,0.025900000000000034,1087892,True
132,Background,104857600,9.91206,9.99998,0.08792000000000044,3113758,False
133,Background,1048576,9.91337,9.9295,0.016130000000000422,1087892,True
132,Background,10240,9.91435,9.91462,0.0002699999999986602,10838,True
161,Background,102400,9.91557,9.9215,0.005929999999999325,106400,True
138,Background,102400,9.91649,9.91702,0.0005300000000012517,106400,True
139,Background,1024,9.91724,9.91754,0.0003000000000010772,1244,True
134,Background,102400,9.91907,9.92149,0.002420000000000755,106400,True
134,Background,10240,9.92004,9.92059,0.0005500000000004945,10838,True
122,Background,10240,9.92086,9.92145,0.0005900000000007566,10838,True
144,Background,1048576,9.92144,9.93921,0.01776999999999873,1087892,True
127,Background,10240,9.92434,9.92459,0.00024999999999941735,10838,True
147,Background,102400,9.92443,9.92518,0.0007500000000000284,106400,True
136,Background,1048576,9.92595,9.97027,0.04431999999999903,1087892,True
148,Background,102400,9.92624,9.92708,0.0008400000000001739,106400,True
142,Background,1024,9.9266,9.92687,0.0002699999999986602,1244,True
149,Background,10240,9.93294,9.93349,0.0005500000000004945,10838,True
150,Background,10240,9.93695,9.93747,0.0005199999999998539,10838,True
142,Background,10240,9.94099,9.94149,0.0005000000000006111,10838,True
141,Background,102400,9.94159,9.94223,0.0006400000000006401,106400,True
150,Background,1048576,9.94453,9.99437,0.04983999999999966,1087892,True
168,Background,1024,9.94463,9.94516,0.0005299999999994753,1244,True
130,Background,102400,9.94532,9.9458,0.00047999999999959186,106400,True
129,Background,1024,9.94629,9.94658,0.00029000000000145576,1244,True
147,Background,102400,9.94704,9.94828,0.001240000000001018,106400,True
137,Background,10240,9.94725,9.94756,0.00030999999999892225,10838,True
151,Background,102400,9.94824,9.94894,0.000700000000000145,106400,True
148,Background,102400,9.94889,9.95315,0.004260000000000375,106400,True
144,Background,1024,9.94952,9.94967,0.0001499999999996504,1244,True
138,Background,10240,9.95024,9.95055,0.00030999999999892225,10838,True
132,Background,102400,9.95463,9.96114,0.00651000000000046,106400,True
150,Background,102400,9.95583,9.9594,0.003569999999999851,106400,True
150,Background,10240,9.95607,9.95653,0.000460000000000349,10838,True
138,Background,102400,9.95674,9.96348,0.006740000000000634,106400,True
129,Background,102400,9.96135,9.96182,0.00046999999999997044,106400,True
160,Background,102400,9.96179,9.96333,0.0015399999999985425,106400,True
145,Background,1048576,9.96225,9.9899,0.027650000000001285,1087892,True
148,Background,10485760,9.96402,9.99997,0.035949999999999704,663996,False
152,Background,1048576,9.9653,9.97204,0.006740000000000634,1087892,True
143,Background,102400,9.96684,9.97027,0.003429999999999822,106400,True
128,Background,1048576,9.96788,9.99996,0.03208000000000055,763128,False
128,Background,10485760,9.96795,9.99997,0.03201999999999927,641466,False
165,Background,1024,9.96854,9.96872,0.00017999999999851468,1244,True
140,Background,1048576,9.9704,9.9991,0.028700000000000614,1087892,True
135,Background,102400,9.97109,9.97258,0.0014900000000004354,106400,True
137,Background,1024,9.97182,9.97226,0.0004400000000011062,1244,True
153,Background,10485760,9.97184,10.0,0.02815999999999974,594904,False
163,Background,1048576,9.9724,9.9944,0.02200000000000024,1087892,True
128,Background,10240,9.97362,9.97378,0.00015999999999927184,10838,True
147,Background,10240,9.97372,9.97388,0.00015999999999927184,10838,True
133,Background,102400,9.97582,9.97948,0.0036599999999999966,106400,True
162,Background,1024,9.98036,9.98058,0.0002200000000005531,1244,True
151,Background,1048576,9.98115,9.98813,0.00698000000000043,1087892,True
144,Background,102400,9.98195,9.98824,0.006289999999999907,106400,True
139,Background,102400,9.98203,9.98648,0.004450000000000287,106400,True
151,Background,102400,9.98216,9.98318,0.001020000000000465,106400,True
139,Background,10485760,9.98259,9.99998,0.017390000000000683,377114,False
169,Background,10485760,9.98309,9.99996,0.016869999999999052,1481084,False
151,Background,102400,9.98394,9.98787,0.003929999999998657,106400,True
134,Background,1048576,9.98552,9.99997,0.014450000000000074,947874,False
151,Background,1048576,9.98581,9.99994,0.014129999999999754,365098,False
141,Background,104857600,9.98589,9.99996,0.014070000000000249,226914,False
163,Background,1024,9.98721,9.98752,0.0003100000000006986,1244,True
130,Background,10240,9.98802,9.98848,0.00045999999999857266,10838,True
161,Background,1024,9.98842,9.9886,0.00018000000000029104,1244,True
142,Background,1024,9.98969,9.98985,0.0001600000000010482,1244,True
151,Background,102400,9.98981,9.99255,0.0027399999999992986,106400,True
140,Background,1048576,9.98999,9.99995,0.009959999999999525,117268,False
149,Background,1048576,9.99032,9.99999,0.009669999999999845,746606,False
138,Background,10240,9.99154,9.9917,0.00015999999999927184,10838,True
152,Background,102400,9.99391,9.99984,0.005930000000001101,72208,False
164,Background,1048576,9.99657,9.99998,0.0034100000000005792,384624,False
