FlowId,Type,Size,StartTime,EndTime,FCT,RxBytes,FinReceived
0,Background,1024,0.500739,0.50089,0.0001509999999999012,1244,True
0,Background,102400,0.505802,0.506328,0.0005260000000000264,106400,True
0,Background,1048576,0.505926,0.508453,0.002527000000000057,1087892,True
0,Background,10240,0.508033,0.508188,0.00015500000000001624,10838,True
0,Background,102400,0.515297,0.515686,0.0003889999999999727,106400,True
0,Background,102400,0.521446,0.521835,0.0003890000000000837,106400,True
0,Background,1024,0.521697,0.521848,0.00015100000000001224,1244,True
0,Background,1024,0.523614,0.523765,0.00015100000000001224,1244,True
0,Background,10240,0.523641,0.523795,0.00015399999999998748,10838,True
1,Background,102400,0.530595,0.530985,0.00039000000000000146,106400,True
0,Background,1048576,0.53188,0.534406,0.0025260000000000282,1087892,True
0,Background,10240,0.532902,0.533057,0.00015500000000001624,10838,True
0,Background,10240,0.534843,0.534998,0.00015500000000001624,10838,True
0,Background,10485760,0.535577,0.556771,0.021194000000000046,10876994,True
0,Background,10240,0.536134,0.536289,0.00015500000000001624,10838,True
0,Background,10240,0.536235,0.53639,0.00015500000000001624,10838,True
0,Background,102400,0.537462,0.537852,0.00039000000000000146,106400,True
0,Background,1048576,0.539152,0.541439,0.002287000000000039,1087892,True
0,Background,10240,0.544763,0.544918,0.00015500000000001624,10838,True
1,Background,10240,0.545201,0.545355,0.00015399999999998748,10838,True
0,Background,102400,0.545235,0.545624,0.0003889999999999727,106400,True
0,Background,1024,0.547201,0.547352,0.0001509999999999012,1244,True
0,Background,10240,0.547408,0.547564,0.000156000000000045,10838,True
1,Background,1024,0.549299,0.54945,0.00015100000000001224,1244,True
0,Background,10240,0.549983,0.550138,0.00015500000000001624,10838,True
2,Background,102400,0.550047,0.550437,0.00039000000000000146,106400,True
0,Background,1024,0.553275,0.553426,0.00015100000000001224,1244,True
0,Background,10240,0.555772,0.555927,0.00015499999999990521,10838,True
0,Background,102400,0.556218,0.556608,0.00039000000000000146,106400,True
1,Background,1048576,0.558009,0.560292,0.002283000000000035,1087892,True
0,Background,102400,0.559065,0.559454,0.0003889999999999727,106400,True
0,Background,1048576,0.560087,0.562371,0.0022839999999999527,1087892,True
3,Background,10240,0.566367,0.566521,0.0001540000000000985,10838,True
1,Background,10485760,0.566676,0.587889,0.021213000000000037,10876994,True
1,Background,10485760,0.567612,0.588813,0.021201000000000025,10876994,True
0,Background,102400,0.571963,0.572486,0.0005230000000000512,106400,True
0,Background,104857600,0.573459,0.783383,0.209924,108768230,True
0,Background,1024,0.57386,0.574012,0.00015199999999992997,1244,True
1,Background,102400,0.57883,0.579341,0.0005110000000000392,106400,True
0,Background,1048576,0.580163,0.582451,0.0022880000000000678,1087892,True
0,Background,102400,0.580587,0.580977,0.00039000000000000146,106400,True
0,Background,1024,0.583108,0.583259,0.00015100000000001224,1244,True
2,Background,102400,0.583541,0.583931,0.00039000000000000146,106400,True
1,Background,1024,0.587907,0.588058,0.00015100000000001224,1244,True
0,Background,1024,0.59003,0.590181,0.0001509999999999012,1244,True
0,Background,102400,0.590317,0.590707,0.00039000000000000146,106400,True
1,Background,1048576,0.590536,0.59285,0.0023140000000000382,1087892,True
1,Background,102400,0.591065,0.591455,0.00039000000000000146,106400,True
0,Background,10485760,0.592448,0.613627,0.02117900000000006,10876994,True
2,Background,10485760,0.593783,0.615053,0.02127000000000001,10876994,True
3,Background,1024,0.594085,0.594237,0.000152000000000041,1244,True
1,Background,1024,0.594377,0.59453,0.00015299999999995872,1244,True
1,Background,1048576,0.598387,0.600688,0.0023009999999999975,1087892,True
1,Background,1048576,0.599291,0.601585,0.0022940000000000182,1087892,True
1,Background,1048576,0.599575,0.601898,0.002323000000000075,1087892,True
1,Background,1024,0.601394,0.601547,0.00015300000000006975,1244,True
1,Background,1048576,0.601535,0.603849,0.0023139999999999272,1087892,True
0,Background,102400,0.603014,0.603404,0.00039000000000000146,106400,True
1,Background,10240,0.607659,0.607815,0.000156000000000045,10838,True
1,Background,10240,0.608261,0.608417,0.00015599999999993397,10838,True
1,Background,102400,0.608805,0.60934,0.0005349999999999522,106400,True
0,Background,10485760,0.61394,0.635231,0.02129099999999995,10876994,True
2,Background,10240,0.616013,0.616169,0.00015599999999993397,10838,True
4,Background,1024,0.617894,0.618045,0.0001509999999999012,1244,True
0,Background,102400,0.621211,0.621602,0.0003910000000000302,106400,True
0,Background,102400,0.630837,0.631327,0.0004899999999999904,106400,True
2,Background,10240,0.634733,0.634888,0.00015500000000001624,10838,True
1,Background,10240,0.640568,0.640723,0.00015500000000001624,10838,True
2,Background,1048576,0.642181,0.644469,0.0022879999999999567,1087892,True
1,Background,102400,0.64239,0.64278,0.00039000000000000146,106400,True
4,Background,1024,0.645081,0.645232,0.00015100000000001224,1244,True
0,Background,1024,0.645717,0.645868,0.00015100000000001224,1244,True
0,Background,102400,0.646868,0.647282,0.00041400000000002546,106400,True
1,Background,10240,0.647902,0.648057,0.00015500000000001624,10838,True
1,Background,1048576,0.649723,0.652079,0.0023559999999999137,1087892,True
1,Background,10240,0.652087,0.652242,0.00015500000000001624,10838,True
0,Background,1024,0.652518,0.652669,0.00015100000000001224,1244,True
0,Background,10240,0.654206,0.654361,0.00015500000000001624,10838,True
1,Background,10485760,0.654677,0.675891,0.021214000000000066,10876994,True
0,Background,10240,0.657117,0.657273,0.000156000000000045,10838,True
1,Background,1024,0.657899,0.65805,0.00015100000000001224,1244,True
2,Background,10485760,0.659234,0.680399,0.02116499999999999,10876994,True
5,Background,1048576,0.662822,0.665267,0.0024450000000000305,1087892,True
2,Background,102400,0.663053,0.663444,0.0003910000000000302,106400,True
2,Background,1024,0.663213,0.663365,0.00015199999999992997,1244,True
2,Background,102400,0.664491,0.664882,0.0003909999999999192,106400,True
3,Background,10485760,0.665466,0.686649,0.021182999999999952,10876994,True
2,Background,1024,0.670357,0.670509,0.000152000000000041,1244,True
3,Background,102400,0.676459,0.676849,0.00039000000000000146,106400,True
2,Background,1024,0.689414,0.689565,0.00015100000000001224,1244,True
2,Background,102400,0.69135,0.69174,0.00039000000000000146,106400,True
1,Background,102400,0.693975,0.694498,0.0005229999999999402,106400,True
1,Background,1024,0.69427,0.694422,0.00015199999999992997,1244,True
2,Background,102400,0.694972,0.695495,0.0005229999999999402,106400,True
1,Background,1048576,0.696395,0.698696,0.0023009999999999975,1087892,True
1,Background,102400,0.699194,0.699583,0.0003889999999999727,106400,True
1,Background,102400,0.70196,0.702483,0.0005229999999999402,106400,True
2,Background,10240,0.702922,0.703077,0.00015499999999990521,10838,True
3,Background,1024,0.704983,0.705134,0.00015100000000001224,1244,True
1,Background,102400,0.708977,0.709499,0.0005220000000000224,106400,True
3,Background,1024,0.708983,0.709134,0.00015100000000001224,1244,True
2,Background,10485760,0.709616,0.730814,0.02119799999999994,10876994,True
2,Background,102400,0.712776,0.713275,0.0004990000000000272,106400,True
2,Background,1048576,0.714452,0.716757,0.0023050000000000015,1087892,True
1,Background,10485760,0.71636,0.737532,0.02117199999999997,10876994,True
3,Background,1048576,0.71709,0.719376,0.0022860000000000102,1087892,True
1,Background,1048576,0.722092,0.724378,0.0022860000000000102,1087892,True
2,Background,10240,0.722794,0.722951,0.00015699999999996272,10838,True
0,Background,10240,0.723805,0.723964,0.00015900000000002024,10838,True
3,Background,1048576,0.723936,0.726466,0.002529999999999921,1087892,True
2,Background,104857600,0.726262,0.943285,0.21702300000000008,108768230,True
1,Background,102400,0.726876,0.727474,0.0005979999999999874,106400,True
4,Background,1048576,0.728612,0.730936,0.0023239999999999927,1087892,True
2,Background,1048576,0.728753,0.731137,0.0023840000000000527,1087892,True
3,Background,10240,0.729737,0.729899,0.00016199999999999548,10838,True
2,Background,1048576,0.731675,0.734019,0.0023440000000000127,1087892,True
0,Background,1048576,0.731752,0.734123,0.002371000000000012,1087892,True
0,Background,1024,0.733237,0.733391,0.00015399999999998748,1244,True
3,Background,10240,0.737129,0.737285,0.00015599999999993397,10838,True
1,Background,10240,0.73776,0.737916,0.000156000000000045,10838,True
3,Background,10240,0.739744,0.7399,0.000156000000000045,10838,True
1,Background,102400,0.739908,0.740538,0.0006300000000000194,106400,True
3,Background,10485760,0.740047,0.761262,0.021214999999999984,10876994,True
2,Background,10240,0.74064,0.740796,0.000156000000000045,10838,True
1,Background,102400,0.742723,0.743144,0.0004210000000000047,106400,True
1,Background,10485760,0.742889,0.764291,0.021402000000000032,10876994,True
2,Background,102400,0.74496,0.745484,0.00052400000000008,106400,True
0,Background,102400,0.745129,0.745519,0.00039000000000000146,106400,True
2,Background,102400,0.748663,0.749052,0.0003890000000000837,106400,True
0,Background,10485760,0.749015,0.770173,0.02115800000000001,10876994,True
2,Background,1024,0.749586,0.749739,0.00015300000000006975,1244,True
1,Background,102400,0.750613,0.751031,0.00041800000000002946,106400,True
1,Background,1048576,0.750741,0.753169,0.0024279999999999857,1087892,True
2,Background,102400,0.752308,0.752772,0.00046400000000001995,106400,True
6,Background,10240,0.755904,0.756064,0.00015999999999993797,10838,True
4,Background,1048576,0.757065,0.75945,0.0023849999999999705,1087892,True
5,Background,102400,0.757289,0.757753,0.00046400000000001995,106400,True
0,Background,1048576,0.758758,0.761366,0.0026079999999999437,1087892,True
2,Background,102400,0.762179,0.76257,0.0003909999999999192,106400,True
3,Background,1048576,0.762582,0.764904,0.0023220000000000462,1087892,True
2,Background,10240,0.765832,0.765989,0.00015700000000007375,10838,True
1,Background,102400,0.766263,0.766654,0.0003909999999999192,106400,True
1,Background,102400,0.767482,0.767872,0.00039000000000000146,106400,True
4,Background,1024,0.767763,0.767915,0.000152000000000041,1244,True
3,Background,1048576,0.768267,0.77056,0.0022929999999999895,1087892,True
2,Background,104857600,0.770584,0.994228,0.22364399999999995,108768230,True
2,Background,10240,0.772526,0.772683,0.00015699999999996272,10838,True
3,Background,1048576,0.774127,0.776413,0.0022860000000000102,1087892,True
4,Background,102400,0.775089,0.775478,0.0003889999999999727,106400,True
2,Background,1024,0.776837,0.77699,0.00015299999999995872,1244,True
3,Background,102400,0.776998,0.777522,0.00052400000000008,106400,True
5,Background,1024,0.7782,0.778351,0.00015100000000001224,1244,True
3,Background,1048576,0.784215,0.786505,0.0022900000000000142,1087892,True
5,Background,1024,0.784889,0.785041,0.000152000000000041,1244,True
3,Background,102400,0.786509,0.786899,0.00039000000000000146,106400,True
3,Background,10240,0.78898,0.789136,0.00015599999999993397,10838,True
4,Background,1048576,0.789309,0.791603,0.0022939999999999072,1087892,True
4,Background,1048576,0.794145,0.796433,0.0022879999999999567,1087892,True
6,Background,102400,0.795363,0.795753,0.00039000000000000146,106400,True
0,Background,10240,0.797937,0.798093,0.000156000000000045,10838,True
5,Background,1048576,0.801396,0.803697,0.0023009999999999975,1087892,True
0,Background,102400,0.801475,0.801866,0.0003909999999999192,106400,True
1,Background,102400,0.802074,0.802464,0.00039000000000000146,106400,True
4,Background,10485760,0.802168,0.823331,0.021163000000000043,10876994,True
4,Background,1048576,0.803438,0.805743,0.0023050000000000015,1087892,True
2,Background,102400,0.803833,0.804337,0.0005039999999999489,106400,True
4,Background,1024,0.807289,0.807441,0.00015199999999992997,1244,True
3,Background,1024,0.807696,0.807849,0.00015300000000006975,1244,True
3,Background,10240,0.811139,0.811296,0.00015699999999996272,10838,True
3,Background,10240,0.812711,0.812868,0.00015700000000007375,10838,True
0,Background,10240,0.813368,0.813525,0.00015700000000007375,10838,True
3,Background,102400,0.814417,0.814808,0.0003910000000000302,106400,True
3,Background,102400,0.815314,0.815704,0.00039000000000000146,106400,True
2,Background,102400,0.817803,0.818336,0.0005330000000000057,106400,True
3,Background,102400,0.819942,0.820465,0.0005230000000000512,106400,True
0,Background,1048576,0.820208,0.822498,0.0022899999999999032,1087892,True
5,Background,10240,0.82051,0.820667,0.00015700000000007375,10838,True
3,Background,102400,0.823893,0.824524,0.0006310000000000482,106400,True
6,Background,10240,0.824077,0.824232,0.00015500000000001624,10838,True
7,Background,102400,0.824669,0.82506,0.0003910000000000302,106400,True
5,Background,1024,0.826991,0.827142,0.00015100000000001224,1244,True
5,Background,1024,0.831144,0.831295,0.00015100000000001224,1244,True
4,Background,10240,0.833659,0.833814,0.00015500000000001624,10838,True
3,Background,102400,0.837211,0.8376,0.0003889999999999727,106400,True
1,Background,10485760,0.838063,0.859221,0.02115800000000001,10876994,True
2,Background,10240,0.838171,0.838328,0.00015699999999996272,10838,True
7,Background,102400,0.840007,0.840397,0.00039000000000000146,106400,True
1,Background,102400,0.840434,0.840823,0.0003889999999999727,106400,True
8,Background,102400,0.840897,0.841528,0.0006310000000000482,106400,True
1,Background,1048576,0.840914,0.843441,0.002526999999999946,1087892,True
3,Background,1024,0.841006,0.841159,0.00015299999999995872,1244,True
3,Background,10240,0.842953,0.843112,0.00015900000000002024,10838,True
2,Background,1048576,0.843443,0.845749,0.0023059999999999192,1087892,True
3,Background,10240,0.843939,0.844096,0.00015699999999996272,10838,True
7,Background,10240,0.847416,0.847572,0.000156000000000045,10838,True
2,Background,1024,0.847498,0.847649,0.00015100000000001224,1244,True
6,Background,10240,0.851523,0.85168,0.00015699999999996272,10838,True
5,Background,104857600,0.859395,1.08655,0.22715499999999988,108768230,True
4,Background,1024,0.860399,0.860551,0.00015199999999992997,1244,True
7,Background,1048576,0.862669,0.865011,0.0023419999999999552,1087892,True
3,Background,1024,0.86338,0.863531,0.00015100000000001224,1244,True
3,Background,1048576,0.866608,0.868932,0.0023239999999999927,1087892,True
4,Background,102400,0.867679,0.868073,0.00039400000000000546,106400,True
4,Background,102400,0.867974,0.868498,0.0005239999999999689,106400,True
4,Background,1024,0.871258,0.87141,0.000152000000000041,1244,True
2,Background,1024,0.87151,0.871662,0.000152000000000041,1244,True
0,Background,104857600,0.872738,1.10164,0.22890199999999994,108768230,True
3,Background,1024,0.872747,0.872899,0.00015199999999992997,1244,True
4,Background,10240,0.874167,0.874324,0.00015699999999996272,10838,True
5,Background,1048576,0.874847,0.87745,0.002602999999999911,1087892,True
4,Background,1048576,0.875461,0.878033,0.0025719999999999077,1087892,True
4,Background,10240,0.875724,0.875886,0.0001620000000001065,10838,True
4,Background,102400,0.875913,0.876698,0.0007849999999999246,106400,True
8,Background,104857600,0.876189,1.11148,0.23529100000000003,108768230,True
1,Background,10240,0.877665,0.877828,0.00016300000000002424,10838,True
5,Background,10240,0.878548,0.878706,0.00015799999999999148,10838,True
1,Background,1048576,0.883514,0.885829,0.002314999999999956,1087892,True
1,Background,10240,0.883673,0.883835,0.00016199999999999548,10838,True
4,Background,1048576,0.889561,0.891882,0.0023209999999999065,1087892,True
5,Background,10485760,0.893735,0.917237,0.023502000000000023,10876994,True
0,Background,102400,0.893942,0.894521,0.0005789999999999962,106400,True
4,Background,10240,0.89618,0.896351,0.00017100000000003224,10838,True
2,Background,102400,0.897639,0.898101,0.00046200000000007346,106400,True
2,Background,10240,0.898308,0.898538,0.00022999999999995246,10838,True
6,Background,102400,0.898836,0.899672,0.0008360000000000589,106400,True
4,Background,10240,0.899128,0.899367,0.00023899999999998922,10838,True
4,Background,10240,0.89921,0.899466,0.000256000000000034,10838,True
3,Background,10485760,0.900073,0.939623,0.039549999999999974,10876994,True
2,Background,1048576,0.900852,0.914595,0.01374300000000006,1087892,True
4,Background,10240,0.901859,0.902248,0.0003890000000000837,10838,True
2,Background,102400,0.902737,0.903998,0.0012609999999999566,106400,True
5,Background,10240,0.905461,0.905685,0.00022400000000000198,10838,True
2,Background,10240,0.907383,0.907546,0.00016299999999991321,10838,True
2,Background,102400,0.907873,0.909028,0.001154999999999906,106400,True
9,Background,10240,0.90959,0.909861,0.0002710000000000212,10838,True
3,Background,1024,0.911046,0.911282,0.00023600000000001398,1244,True
5,Background,102400,0.911437,0.912058,0.0006209999999999827,106400,True
3,Background,10240,0.912858,0.913229,0.0003710000000000102,10838,True
5,Background,10240,0.918108,0.918267,0.00015900000000002024,10838,True
4,Background,1024,0.918256,0.918411,0.00015500000000001624,1244,True
4,Background,1048576,0.918687,0.921819,0.0031320000000000237,1087892,True
5,Background,102400,0.919519,0.921697,0.0021780000000000133,106400,True
6,Background,10485760,0.921767,0.954016,0.03224899999999997,10876994,True
6,Background,10240,0.921886,0.922186,0.00029999999999996696,10838,True
6,Background,1048576,0.92521,0.930972,0.005762000000000045,1087892,True
2,Background,10240,0.926741,0.92716,0.0004189999999999472,10838,True
6,Background,10240,0.927309,0.927466,0.00015699999999996272,10838,True
1,Background,1048576,0.928757,0.94219,0.013432999999999917,1087892,True
5,Background,102400,0.928854,0.932132,0.003278000000000003,106400,True
4,Background,102400,0.929752,0.933228,0.0034759999999999236,106400,True
3,Background,102400,0.932569,0.933162,0.0005930000000000657,106400,True
7,Background,10240,0.933923,0.934223,0.000300000000000078,10838,True
5,Background,10240,0.934816,0.935106,0.00029000000000001247,10838,True
4,Background,102400,0.935492,0.937612,0.0021200000000000108,106400,True
4,Background,10485760,0.937346,0.96942,0.032073999999999936,10876994,True
2,Background,10240,0.940388,0.940644,0.000256000000000034,10838,True
1,Background,102400,0.941091,0.941604,0.0005129999999999857,106400,True
3,Background,1024,0.941539,0.941921,0.00038199999999999346,1244,True
5,Background,1048576,0.941952,0.944622,0.00266999999999995,1087892,True
1,Background,102400,0.942009,0.942499,0.0004899999999999904,106400,True
2,Background,10240,0.943116,0.943319,0.00020300000000006424,10838,True
4,Background,10485760,0.945161,0.973668,0.02850699999999995,10876994,True
6,Background,102400,0.945799,0.948708,0.0029090000000000504,106400,True
10,Background,10240,0.947085,0.947291,0.00020600000000003948,10838,True
5,Background,102400,0.949204,0.949719,0.0005149999999999322,106400,True
4,Background,10240,0.950474,0.950639,0.00016499999999997073,10838,True
5,Background,10485760,0.950876,0.980786,0.029909999999999992,10876994,True
5,Background,102400,0.951146,0.95172,0.0005739999999999634,106400,True
8,Background,1024,0.953194,0.953356,0.00016199999999999548,1244,True
4,Background,10240,0.955183,0.955348,0.00016499999999997073,10838,True
7,Background,10240,0.955499,0.955778,0.0002790000000000292,10838,True
5,Background,102400,0.959838,0.962807,0.0029689999999999994,106400,True
2,Background,1024,0.966491,0.966656,0.00016499999999997073,1244,True
3,Background,10240,0.968449,0.96871,0.0002609999999999557,10838,True
8,Background,1048576,0.970461,0.97314,0.002678999999999987,1087892,True
6,Background,102400,0.974335,0.974726,0.0003910000000000302,106400,True
5,Background,10240,0.978456,0.978613,0.00015699999999996272,10838,True
4,Background,10240,0.982266,0.982423,0.00015700000000007375,10838,True
8,Background,102400,0.986071,0.986462,0.0003909999999999192,106400,True
6,Background,102400,0.986611,0.987001,0.00039000000000000146,106400,True
3,Background,10240,0.989718,0.989876,0.00015799999999999148,10838,True
3,Background,1048576,0.990385,0.992687,0.0023020000000000262,1087892,True
9,Background,10240,0.99137,0.991529,0.00015900000000002024,10838,True
6,Background,1048576,0.994326,0.996623,0.0022969999999999935,1087892,True
6,Background,10485760,0.995806,1.01758,0.02177399999999996,10876994,True
11,Background,10240,0.996421,0.996579,0.00015799999999999148,10838,True
4,Background,1048576,0.998709,1.00107,0.0023609999999999465,1087892,True
6,Background,102400,1.00099,1.00151,0.0005199999999998539,106400,True
5,Background,102400,1.001,1.00152,0.000520000000000076,106400,True
5,Background,1024,1.00221,1.00236,0.00014999999999987246,1244,True
6,Background,10240,1.00516,1.00532,0.00015999999999993797,10838,True
6,Background,102400,1.00706,1.00745,0.00038999999999989043,106400,True
7,Background,10240,1.00842,1.00858,0.00015999999999993797,10838,True
2,Background,102400,1.00978,1.01029,0.0005100000000000104,106400,True
5,Background,1024,1.00983,1.00998,0.0001500000000000945,1244,True
6,Background,1048576,1.01015,1.01245,0.0022999999999999687,1087892,True
8,Background,10485760,1.01204,1.03452,0.022480000000000055,10876994,True
7,Background,1048576,1.01226,1.01515,0.002890000000000059,1087892,True
8,Background,10485760,1.01236,1.03571,0.023349999999999982,10876994,True
5,Background,102400,1.01303,1.01384,0.0008099999999999774,106400,True
1,Background,102400,1.01314,1.01399,0.0008500000000000174,106400,True
4,Background,1024,1.01339,1.01385,0.00045999999999990493,1244,True
9,Background,10240,1.01662,1.01679,0.00017000000000000348,10838,True
5,Background,102400,1.01765,1.01805,0.00039999999999995595,106400,True
6,Background,10240,1.01866,1.01881,0.0001500000000000945,10838,True
7,Background,1048576,1.02181,1.02426,0.002449999999999841,1087892,True
5,Background,10240,1.02283,1.02299,0.00016000000000016001,10838,True
2,Background,1048576,1.02397,1.0264,0.002429999999999932,1087892,True
3,Background,102400,1.02401,1.02443,0.0004199999999998649,106400,True
5,Background,102400,1.02668,1.02707,0.00038999999999989043,106400,True
7,Background,1048576,1.0283,1.03061,0.0023100000000000342,1087892,True
5,Background,102400,1.02861,1.02907,0.00045999999999990493,106400,True
9,Background,10240,1.02895,1.02916,0.00021000000000004349,10838,True
3,Background,1024,1.02987,1.03003,0.00015999999999993797,1244,True
7,Background,1048576,1.03289,1.03541,0.0025199999999998557,1087892,True
7,Background,102400,1.03604,1.03643,0.00038999999999989043,106400,True
4,Background,1048576,1.03618,1.03847,0.0022899999999999032,1087892,True
3,Background,10240,1.03995,1.0401,0.0001500000000000945,10838,True
4,Background,102400,1.04087,1.04128,0.00041000000000002146,106400,True
6,Background,10240,1.04327,1.04342,0.0001500000000000945,10838,True
8,Background,1048576,1.0449,1.04743,0.0025300000000001432,1087892,True
3,Background,10485760,1.05267,1.07388,0.02120999999999995,10876994,True
10,Background,1048576,1.05399,1.05642,0.002429999999999932,1087892,True
6,Background,1024,1.05466,1.05481,0.0001500000000000945,1244,True
2,Background,1048576,1.05689,1.05942,0.002529999999999921,1087892,True
10,Background,102400,1.06078,1.0613,0.0005199999999998539,106400,True
4,Background,102400,1.06091,1.06154,0.0006299999999999084,106400,True
8,Background,102400,1.06298,1.06351,0.0005299999999999194,106400,True
8,Background,10485760,1.06506,1.08622,0.021160000000000068,10876994,True
3,Background,1024,1.06815,1.0683,0.0001500000000000945,1244,True
7,Background,10240,1.06834,1.0685,0.00015999999999993797,10838,True
4,Background,10240,1.06849,1.06865,0.00016000000000016001,10838,True
4,Background,1024,1.07164,1.07179,0.0001500000000000945,1244,True
6,Background,10240,1.07211,1.07227,0.00016000000000016001,10838,True
1,Background,102400,1.07289,1.07352,0.0006300000000001305,106400,True
6,Background,102400,1.07569,1.07608,0.00038999999999989043,106400,True
5,Background,10240,1.07756,1.07772,0.00015999999999993797,10838,True
4,Background,10240,1.07945,1.07961,0.00015999999999993797,10838,True
8,Background,102400,1.08179,1.0823,0.0005100000000000104,106400,True
5,Background,1048576,1.08286,1.08518,0.0023200000000000998,1087892,True
9,Background,102400,1.0871,1.08749,0.0003900000000001125,106400,True
10,Background,10240,1.09418,1.09434,0.00016000000000016001,10838,True
1,Background,1048576,1.09519,1.09748,0.0022899999999999032,1087892,True
7,Background,102400,1.09538,1.09577,0.00038999999999989043,106400,True
11,Background,102400,1.09595,1.09647,0.000520000000000076,106400,True
8,Background,10240,1.09784,1.09799,0.0001500000000000945,10838,True
6,Background,10485760,1.09825,1.11941,0.021160000000000068,10876994,True
12,Background,1024,1.09967,1.09982,0.0001500000000000945,1244,True
3,Background,1048576,1.10066,1.103,0.0023400000000000087,1087892,True
6,Background,1048576,1.1042,1.10648,0.0022799999999998377,1087892,True
2,Background,10240,1.10622,1.10638,0.00015999999999993797,10838,True
3,Background,102400,1.10845,1.10884,0.0003900000000001125,106400,True
7,Background,10240,1.10901,1.10917,0.00015999999999993797,10838,True
12,Background,1048576,1.1129,1.11543,0.002529999999999921,1087892,True
7,Background,1024,1.11684,1.11699,0.00014999999999987246,1244,True
4,Background,1024,1.12071,1.12086,0.00014999999999987246,1244,True
9,Background,1048576,1.12182,1.12426,0.0024399999999999977,1087892,True
10,Background,10240,1.12317,1.12332,0.0001500000000000945,10838,True
5,Background,10240,1.1242,1.12435,0.00014999999999987246,10838,True
7,Background,102400,1.12502,1.12541,0.0003900000000001125,106400,True
6,Background,1024,1.12616,1.12631,0.00014999999999987246,1244,True
8,Background,102400,1.12695,1.12747,0.000520000000000076,106400,True
4,Background,102400,1.12836,1.12875,0.00038999999999989043,106400,True
6,Background,10240,1.13026,1.13042,0.00015999999999993797,10838,True
9,Background,102400,1.1319,1.13253,0.0006300000000001305,106400,True
9,Background,10240,1.13403,1.13418,0.00014999999999987246,10838,True
13,Background,10240,1.13562,1.13577,0.00014999999999987246,10838,True
7,Background,102400,1.13652,1.13691,0.0003900000000001125,106400,True
7,Background,104857600,1.13726,1.34717,0.20991000000000004,108768230,True
9,Background,10240,1.13739,1.13754,0.0001500000000000945,10838,True
6,Background,10240,1.1389,1.13906,0.00015999999999993797,10838,True
2,Background,10240,1.14068,1.14083,0.0001500000000000945,10838,True
4,Background,1024,1.14185,1.14201,0.00015999999999993797,1244,True
9,Background,102400,1.14342,1.14381,0.00038999999999989043,106400,True
6,Background,1048576,1.14354,1.14586,0.0023200000000000998,1087892,True
7,Background,10240,1.14403,1.14419,0.00015999999999993797,10838,True
3,Background,10240,1.15199,1.15214,0.00014999999999987246,10838,True
11,Background,1048576,1.15778,1.16017,0.002389999999999892,1087892,True
4,Background,102400,1.15811,1.1585,0.0003900000000001125,106400,True
12,Background,1048576,1.15974,1.16212,0.0023800000000000487,1087892,True
7,Background,10485760,1.16117,1.18233,0.021160000000000068,10876994,True
4,Background,1024,1.16344,1.16359,0.00014999999999987246,1244,True
7,Background,102400,1.16383,1.16433,0.000500000000000167,106400,True
5,Background,1048576,1.16431,1.16661,0.0022999999999999687,1087892,True
8,Background,10240,1.16444,1.1646,0.00016000000000016001,10838,True
7,Background,10240,1.16558,1.16574,0.00015999999999993797,10838,True
14,Background,102400,1.16645,1.16684,0.0003900000000001125,106400,True
9,Background,1048576,1.16665,1.16898,0.0023299999999999432,1087892,True
6,Background,1048576,1.16784,1.17022,0.0023800000000000487,1087892,True
2,Background,10240,1.16847,1.16863,0.00016000000000016001,10838,True
5,Background,10240,1.17016,1.17032,0.00015999999999993797,10838,True
10,Background,1048576,1.17257,1.17489,0.0023200000000000998,1087892,True
6,Background,102400,1.1728,1.17332,0.0005199999999998539,106400,True
5,Background,10240,1.17347,1.17363,0.00015999999999993797,10838,True
8,Background,10485760,1.17792,1.19932,0.021399999999999864,10876994,True
13,Background,102400,1.18059,1.18098,0.00038999999999989043,106400,True
8,Background,102400,1.18614,1.18653,0.0003900000000001125,106400,True
6,Background,1048576,1.18718,1.18947,0.0022900000000001253,1087892,True
3,Background,10240,1.18871,1.18886,0.0001500000000000945,10838,True
10,Background,1024,1.19177,1.19192,0.0001500000000000945,1244,True
5,Background,1048576,1.19213,1.19442,0.0022900000000001253,1087892,True
8,Background,10240,1.19297,1.19312,0.00014999999999987246,10838,True
3,Background,1048576,1.19752,1.19983,0.0023100000000000342,1087892,True
5,Background,1024,1.19806,1.19821,0.0001500000000000945,1244,True
2,Background,1048576,1.20057,1.20288,0.0023100000000000342,1087892,True
7,Background,10240,1.20423,1.20438,0.0001500000000000945,10838,True
5,Background,10240,1.20714,1.20729,0.00014999999999987246,10838,True
3,Background,1024,1.21011,1.21026,0.00014999999999987246,1244,True
13,Background,1024,1.21055,1.2107,0.0001500000000000945,1244,True
9,Background,102400,1.21078,1.21128,0.0004999999999999449,106400,True
3,Background,10240,1.21342,1.21357,0.0001500000000000945,10838,True
4,Background,10240,1.21652,1.21667,0.00014999999999987246,10838,True
8,Background,1048576,1.21663,1.21896,0.0023299999999999432,1087892,True
9,Background,10485760,1.21763,1.23883,0.021200000000000108,10876994,True
9,Background,10240,1.21842,1.21858,0.00015999999999993797,10838,True
5,Background,10485760,1.21948,1.24066,0.0211800000000002,10876994,True
7,Background,10240,1.22256,1.22271,0.00014999999999987246,10838,True
15,Background,1024,1.22882,1.22897,0.00014999999999987246,1244,True
8,Background,10240,1.23264,1.2328,0.00015999999999993797,10838,True
8,Background,102400,1.23351,1.2339,0.00038999999999989043,106400,True
9,Background,102400,1.23451,1.2349,0.0003900000000001125,106400,True
10,Background,10240,1.23789,1.23804,0.0001500000000000945,10838,True
8,Background,102400,1.24145,1.24184,0.0003900000000001125,106400,True
5,Background,10485760,1.24174,1.26298,0.021239999999999926,10876994,True
9,Background,102400,1.24259,1.24298,0.00038999999999989043,106400,True
11,Background,1048576,1.24551,1.24782,0.0023100000000000342,1087892,True
4,Background,10240,1.24787,1.24802,0.00014999999999987246,10838,True
4,Background,1048576,1.24834,1.25064,0.0022999999999999687,1087892,True
14,Background,1048576,1.24958,1.2519,0.0023200000000000998,1087892,True
9,Background,102400,1.24975,1.25022,0.0004700000000001925,106400,True
3,Background,10240,1.25512,1.25527,0.0001500000000000945,10838,True
5,Background,1048576,1.25776,1.26013,0.0023699999999999832,1087892,True
6,Background,1024,1.25936,1.25951,0.00014999999999987246,1244,True
11,Background,1048576,1.26458,1.2669,0.0023199999999998777,1087892,True
7,Background,1048576,1.26637,1.26866,0.0022899999999999032,1087892,True
8,Background,102400,1.26849,1.26888,0.0003900000000001125,106400,True
7,Background,1024,1.27032,1.27047,0.0001500000000000945,1244,True
12,Background,1024,1.27222,1.27237,0.0001500000000000945,1244,True
11,Background,102400,1.27311,1.2735,0.0003900000000001125,106400,True
6,Background,10485760,1.27425,1.29541,0.021159999999999846,10876994,True
6,Background,102400,1.27713,1.27752,0.00038999999999989043,106400,True
16,Background,102400,1.27714,1.27753,0.0003900000000001125,106400,True
6,Background,104857600,1.27986,1.49094,0.21107999999999993,108768230,True
12,Background,10240,1.28013,1.28029,0.00015999999999993797,10838,True
10,Background,10485760,1.28024,1.3014,0.021159999999999846,10876994,True
10,Background,1024,1.28055,1.28071,0.00015999999999993797,1244,True
6,Background,104857600,1.29178,1.50292,0.2111400000000001,108768230,True
7,Background,1048576,1.29501,1.29729,0.0022800000000000598,1087892,True
7,Background,10240,1.29643,1.29659,0.00015999999999993797,10838,True
10,Background,10240,1.2971,1.29725,0.0001500000000000945,10838,True
8,Background,102400,1.29773,1.29818,0.0004499999999998394,106400,True
10,Background,10485760,1.29956,1.32076,0.021199999999999886,10876994,True
1,Background,102400,1.29992,1.30055,0.0006300000000001305,106400,True
10,Background,10240,1.30232,1.30248,0.00016000000000016001,10838,True
9,Background,102400,1.3071,1.30749,0.0003900000000001125,106400,True
7,Background,10240,1.30843,1.30859,0.00015999999999993797,10838,True
8,Background,1048576,1.30937,1.31167,0.0022999999999999687,1087892,True
4,Background,10240,1.30984,1.31,0.00016000000000016001,10838,True
9,Background,1024,1.31039,1.31055,0.00016000000000016001,1244,True
8,Background,102400,1.31133,1.31172,0.00038999999999989043,106400,True
10,Background,10240,1.31587,1.31603,0.00015999999999993797,10838,True
7,Background,102400,1.31733,1.31772,0.0003900000000001125,106400,True
10,Background,1048576,1.31978,1.32218,0.0023999999999999577,1087892,True
6,Background,102400,1.3207,1.32109,0.0003900000000001125,106400,True
4,Background,1048576,1.32132,1.32362,0.0022999999999999687,1087892,True
8,Background,1024,1.32163,1.32178,0.00014999999999987246,1244,True
7,Background,1024,1.32258,1.32273,0.00014999999999987246,1244,True
9,Background,1024,1.32405,1.3242,0.0001500000000000945,1244,True
13,Background,102400,1.32547,1.32586,0.0003900000000001125,106400,True
8,Background,1024,1.32592,1.32607,0.0001500000000000945,1244,True
11,Background,102400,1.32828,1.32867,0.0003900000000001125,106400,True
7,Background,102400,1.32934,1.32973,0.0003900000000001125,106400,True
4,Background,10240,1.32969,1.32985,0.00015999999999993797,10838,True
6,Background,10240,1.33361,1.33377,0.00015999999999993797,10838,True
9,Background,10240,1.33733,1.33749,0.00016000000000016001,10838,True
11,Background,10240,1.34017,1.34033,0.00015999999999993797,10838,True
3,Background,10240,1.34184,1.342,0.00016000000000016001,10838,True
6,Background,10485760,1.34467,1.36588,0.02120999999999995,10876994,True
14,Background,10485760,1.34621,1.36738,0.021170000000000133,10876994,True
8,Background,102400,1.34961,1.35,0.0003900000000001125,106400,True
9,Background,102400,1.34962,1.35002,0.00039999999999995595,106400,True
2,Background,102400,1.34985,1.3503,0.00045000000000006146,106400,True
7,Background,1048576,1.35175,1.35412,0.0023699999999999832,1087892,True
11,Background,10240,1.35596,1.35612,0.00015999999999993797,10838,True
11,Background,1024,1.36309,1.36324,0.0001500000000000945,1244,True
8,Background,1024,1.36433,1.36448,0.00014999999999987246,1244,True
7,Background,10485760,1.36476,1.386,0.021239999999999926,10876994,True
8,Background,1048576,1.36602,1.3683,0.0022800000000000598,1087892,True
12,Background,10240,1.36621,1.36637,0.00016000000000016001,10838,True
9,Background,10240,1.36677,1.36693,0.00015999999999993797,10838,True
7,Background,102400,1.36898,1.36951,0.0005299999999999194,106400,True
5,Background,1024,1.36955,1.3697,0.00014999999999987246,1244,True
13,Background,10240,1.37002,1.37017,0.0001500000000000945,10838,True
8,Background,102400,1.37243,1.37282,0.00038999999999989043,106400,True
5,Background,10485760,1.37251,1.39369,0.0211800000000002,10876994,True
6,Background,10240,1.37345,1.3736,0.00014999999999987246,10838,True
11,Background,1048576,1.37371,1.37606,0.0023500000000000743,1087892,True
5,Background,10240,1.37461,1.37477,0.00015999999999993797,10838,True
5,Background,102400,1.37627,1.37666,0.00038999999999989043,106400,True
9,Background,1048576,1.3781,1.38039,0.0022899999999999032,1087892,True
14,Background,10240,1.38071,1.38087,0.00015999999999993797,10838,True
12,Background,1048576,1.38155,1.38387,0.0023199999999998777,1087892,True
15,Background,10240,1.38426,1.38441,0.00014999999999987246,10838,True
10,Background,10240,1.38673,1.38689,0.00015999999999993797,10838,True
12,Background,102400,1.38823,1.38862,0.00038999999999989043,106400,True
6,Background,1024,1.3885,1.38865,0.00014999999999987246,1244,True
7,Background,102400,1.38889,1.38952,0.0006300000000001305,106400,True
15,Background,102400,1.39006,1.39045,0.00038999999999989043,106400,True
13,Background,10240,1.39145,1.39161,0.00015999999999993797,10838,True
12,Background,10240,1.39329,1.39344,0.0001500000000000945,10838,True
10,Background,1048576,1.39574,1.3981,0.0023599999999999177,1087892,True
9,Background,102400,1.39872,1.39916,0.00043999999999999595,106400,True
10,Background,102400,1.39885,1.39929,0.00043999999999999595,106400,True
9,Background,102400,1.39958,1.39997,0.00038999999999989043,106400,True
8,Background,10240,1.40065,1.40081,0.00016000000000016001,10838,True
13,Background,10240,1.40513,1.40529,0.00015999999999993797,10838,True
12,Background,102400,1.40775,1.40821,0.00045999999999990493,106400,True
5,Background,1024,1.40809,1.40824,0.00014999999999987246,1244,True
5,Background,104857600,1.40851,1.63288,0.22437000000000018,108768230,True
6,Background,10240,1.40869,1.40884,0.0001500000000000945,10838,True
7,Background,10240,1.40948,1.40963,0.00014999999999987246,10838,True
15,Background,102400,1.41025,1.41064,0.00038999999999989043,106400,True
7,Background,1048576,1.41082,1.41326,0.0024399999999999977,1087892,True
10,Background,102400,1.4137,1.4141,0.00039999999999995595,106400,True
13,Background,1048576,1.4174,1.4197,0.0022999999999999687,1087892,True
6,Background,10485760,1.41911,1.44027,0.021159999999999846,10876994,True
11,Background,1048576,1.42266,1.42499,0.0023299999999999432,1087892,True
7,Background,102400,1.42518,1.42557,0.0003900000000001125,106400,True
9,Background,10485760,1.42822,1.44939,0.02116999999999991,10876994,True
8,Background,1024,1.43039,1.43054,0.00014999999999987246,1244,True
7,Background,102400,1.43152,1.43192,0.000400000000000178,106400,True
11,Background,10240,1.43206,1.43222,0.00015999999999993797,10838,True
4,Background,102400,1.43751,1.4379,0.00038999999999989043,106400,True
8,Background,10240,1.4383,1.43845,0.0001500000000000945,10838,True
9,Background,102400,1.44067,1.44106,0.0003900000000001125,106400,True
14,Background,1024,1.44101,1.44117,0.00016000000000016001,1244,True
11,Background,1048576,1.44107,1.44336,0.0022899999999999032,1087892,True
11,Background,1024,1.44172,1.44187,0.0001500000000000945,1244,True
10,Background,102400,1.44186,1.44229,0.0004300000000001525,106400,True
8,Background,1024,1.44347,1.44363,0.00015999999999993797,1244,True
9,Background,1048576,1.44759,1.44991,0.0023200000000000998,1087892,True
6,Background,10485760,1.4478,1.46985,0.022050000000000125,10876994,True
14,Background,102400,1.45044,1.45083,0.0003900000000001125,106400,True
10,Background,102400,1.45062,1.45101,0.00038999999999989043,106400,True
6,Background,102400,1.45087,1.45129,0.0004199999999998649,106400,True
9,Background,10240,1.45113,1.45129,0.00015999999999993797,10838,True
14,Background,10485760,1.4516,1.47392,0.022319999999999895,10876994,True
11,Background,1024,1.45339,1.45355,0.00015999999999993797,1244,True
10,Background,10240,1.45583,1.45599,0.00015999999999993797,10838,True
6,Background,102400,1.45687,1.4574,0.0005299999999999194,106400,True
5,Background,10240,1.4573,1.45745,0.00014999999999987246,10838,True
8,Background,10485760,1.46423,1.48665,0.022420000000000107,10876994,True
16,Background,1048576,1.4649,1.46809,0.003189999999999804,1087892,True
10,Background,102400,1.46844,1.4689,0.000460000000000127,106400,True
15,Background,1048576,1.47023,1.47309,0.0028600000000000847,1087892,True
7,Background,1048576,1.4703,1.47312,0.0028200000000000447,1087892,True
10,Background,1024,1.47268,1.47306,0.00038000000000004697,1244,True
10,Background,10240,1.47544,1.4756,0.00015999999999993797,10838,True
6,Background,1048576,1.47701,1.47929,0.0022800000000000598,1087892,True
5,Background,1048576,1.47743,1.47974,0.0023100000000000342,1087892,True
11,Background,1048576,1.48359,1.48592,0.0023299999999999432,1087892,True
6,Background,102400,1.48373,1.48417,0.00043999999999999595,106400,True
5,Background,102400,1.48538,1.48577,0.0003900000000001125,106400,True
14,Background,102400,1.48585,1.48629,0.00043999999999999595,106400,True
11,Background,10240,1.49061,1.49077,0.00015999999999993797,10838,True
15,Background,104857600,1.49259,1.72565,0.23305999999999982,108768230,True
12,Background,104857600,1.49611,1.72928,0.23316999999999988,108768230,True
12,Background,10240,1.49822,1.49837,0.00014999999999987246,10838,True
15,Background,1048576,1.49978,1.50218,0.0024000000000001798,1087892,True
12,Background,10240,1.50102,1.50118,0.00015999999999993797,10838,True
13,Background,102400,1.50352,1.50391,0.0003900000000001125,106400,True
6,Background,102400,1.50373,1.50417,0.00043999999999999595,106400,True
11,Background,1048576,1.51149,1.5138,0.0023100000000000342,1087892,True
5,Background,10485760,1.51173,1.53351,0.02177999999999991,10876994,True
6,Background,10240,1.51236,1.51252,0.00016000000000016001,10838,True
6,Background,102400,1.51248,1.51287,0.00038999999999989043,106400,True
11,Background,10240,1.51506,1.51522,0.00015999999999993797,10838,True
16,Background,1048576,1.51985,1.52218,0.0023300000000001653,1087892,True
9,Background,102400,1.52039,1.52078,0.0003900000000001125,106400,True
12,Background,10485760,1.52181,1.54362,0.021809999999999885,10876994,True
10,Background,1024,1.52428,1.52443,0.00014999999999987246,1244,True
7,Background,1024,1.52503,1.52518,0.00014999999999987246,1244,True
7,Background,102400,1.52743,1.52783,0.00039999999999995595,106400,True
12,Background,10485760,1.52762,1.54933,0.021710000000000118,10876994,True
7,Background,10240,1.5281,1.52826,0.00015999999999993797,10838,True
7,Background,10240,1.52957,1.52974,0.00017000000000000348,10838,True
13,Background,10240,1.53029,1.53045,0.00016000000000016001,10838,True
13,Background,10240,1.53059,1.53076,0.00017000000000000348,10838,True
8,Background,1048576,1.53102,1.53395,0.002929999999999877,1087892,True
3,Background,102400,1.5331,1.5336,0.000500000000000167,106400,True
7,Background,1024,1.53357,1.53383,0.00025999999999992696,1244,True
8,Background,1048576,1.53488,1.53741,0.002529999999999921,1087892,True
12,Background,1024,1.53508,1.53523,0.0001500000000000945,1244,True
15,Background,102400,1.53799,1.53854,0.0005500000000000504,106400,True
4,Background,102400,1.53823,1.53864,0.00041000000000002146,106400,True
17,Background,10240,1.54135,1.5415,0.0001500000000000945,10838,True
8,Background,10240,1.54203,1.54219,0.00015999999999993797,10838,True
8,Background,10485760,1.54227,1.56344,0.02116999999999991,10876994,True
13,Background,102400,1.54359,1.54398,0.00038999999999989043,106400,True
14,Background,102400,1.54445,1.54484,0.00038999999999989043,106400,True
9,Background,1048576,1.54514,1.54742,0.0022800000000000598,1087892,True
8,Background,1024,1.54666,1.54681,0.0001500000000000945,1244,True
11,Background,1024,1.54668,1.54684,0.00015999999999993797,1244,True
16,Background,102400,1.54736,1.54775,0.00038999999999989043,106400,True
10,Background,10485760,1.54786,1.56906,0.021199999999999886,10876994,True
14,Background,1024,1.55016,1.55031,0.0001500000000000945,1244,True
9,Background,1048576,1.55018,1.55247,0.0022900000000001253,1087892,True
9,Background,1024,1.55097,1.55112,0.0001500000000000945,1244,True
10,Background,10240,1.55323,1.55339,0.00015999999999993797,10838,True
15,Background,1024,1.55432,1.55448,0.00016000000000016001,1244,True
16,Background,10240,1.55533,1.55549,0.00015999999999993797,10838,True
11,Background,10240,1.55663,1.55679,0.00015999999999993797,10838,True
12,Background,102400,1.55688,1.55752,0.0006399999999999739,106400,True
10,Background,1024,1.55763,1.55778,0.00014999999999987246,1244,True
10,Background,10240,1.5587,1.55886,0.00015999999999993797,10838,True
12,Background,10240,1.55941,1.55957,0.00015999999999993797,10838,True
7,Background,1048576,1.56538,1.56768,0.0022999999999999687,1087892,True
13,Background,10485760,1.56671,1.59103,0.024319999999999897,10876994,True
14,Background,102400,1.56809,1.56848,0.0003900000000001125,106400,True
14,Background,10485760,1.5695,1.59433,0.02483000000000013,10876994,True
9,Background,10485760,1.57154,1.59644,0.024900000000000144,10876994,True
15,Background,102400,1.57426,1.57474,0.00048000000000003595,106400,True
5,Background,102400,1.57443,1.57504,0.0006099999999999994,106400,True
18,Background,102400,1.57572,1.57661,0.0008900000000000574,106400,True
8,Background,104857600,1.57822,1.833,0.25478,108768230,True
8,Background,102400,1.58097,1.58176,0.0007900000000000684,106400,True
7,Background,1048576,1.5823,1.58802,0.005719999999999947,1087892,True
19,Background,1024,1.58345,1.58361,0.00015999999999993797,1244,True
9,Background,1024,1.58388,1.58427,0.0003900000000001125,1244,True
11,Background,10485760,1.58772,1.62779,0.04007000000000005,10876994,True
13,Background,1048576,1.58829,1.59177,0.0034799999999999276,1087892,True
15,Background,102400,1.58889,1.59242,0.003530000000000033,106400,True
12,Background,102400,1.59061,1.59269,0.0020799999999998597,106400,True
6,Background,1048576,1.59268,1.59548,0.0027999999999999137,1087892,True
17,Background,1048576,1.59333,1.59883,0.00550000000000006,1087892,True
16,Background,10485760,1.59379,1.63476,0.04096999999999995,10876994,True
11,Background,10240,1.59813,1.59831,0.00017999999999984695,10838,True
16,Background,102400,1.59918,1.59963,0.00045000000000006146,106400,True
10,Background,10485760,1.60023,1.63447,0.03424000000000005,10876994,True
8,Background,1048576,1.6063,1.6125,0.006199999999999983,1087892,True
17,Background,10240,1.60909,1.60928,0.0001900000000001345,10838,True
13,Background,1048576,1.60927,1.61797,0.00869999999999993,1087892,True
10,Background,1048576,1.6099,1.61313,0.003229999999999844,1087892,True
12,Background,1048576,1.61059,1.62143,0.01083999999999996,1087892,True
11,Background,102400,1.61364,1.61461,0.0009700000000001374,106400,True
15,Background,102400,1.61513,1.61552,0.0003900000000001125,106400,True
8,Background,10240,1.6155,1.61569,0.0001900000000001345,10838,True
17,Background,10485760,1.6174,1.65309,0.03569,10876994,True
7,Background,1024,1.61985,1.62014,0.00028999999999990145,1244,True
7,Background,102400,1.62181,1.62278,0.0009699999999999154,106400,True
13,Background,10240,1.62283,1.62318,0.0003500000000000725,10838,True
11,Background,10485760,1.62301,1.64748,0.024469999999999992,10876994,True
9,Background,1024,1.62566,1.626,0.0003399999999997849,1244,True
10,Background,10240,1.62643,1.62683,0.00039999999999995595,10838,True
11,Background,1048576,1.62776,1.63302,0.00525999999999982,1087892,True
17,Background,102400,1.62783,1.62857,0.0007399999999999629,106400,True
10,Background,102400,1.6286,1.63332,0.0047200000000000575,106400,True
10,Background,1048576,1.62893,1.63215,0.0032200000000000006,1087892,True
8,Background,1048576,1.6306,1.63484,0.0042400000000000215,1087892,True
11,Background,102400,1.63149,1.63204,0.0005499999999998284,106400,True
8,Background,10240,1.63425,1.63443,0.000180000000000069,10838,True
7,Background,102400,1.63636,1.63675,0.00038999999999989043,106400,True
12,Background,102400,1.64163,1.64202,0.0003900000000001125,106400,True
14,Background,1048576,1.64385,1.64619,0.0023400000000000087,1087892,True
9,Background,10485760,1.64626,1.66744,0.021179999999999977,10876994,True
7,Background,102400,1.64642,1.64688,0.00045999999999990493,106400,True
6,Background,102400,1.64858,1.649,0.00042000000000008697,106400,True
6,Background,102400,1.64868,1.64909,0.00041000000000002146,106400,True
9,Background,102400,1.653,1.65352,0.000520000000000076,106400,True
8,Background,1048576,1.65341,1.65572,0.0023100000000000342,1087892,True
12,Background,102400,1.65399,1.65452,0.0005299999999999194,106400,True
18,Background,102400,1.65401,1.65441,0.00039999999999995595,106400,True
2,Background,1024,1.65989,1.66004,0.00014999999999987246,1244,True
18,Background,10240,1.66007,1.66023,0.00016000000000016001,10838,True
12,Background,102400,1.66024,1.66063,0.0003900000000001125,106400,True
9,Background,1024,1.6603,1.66046,0.00015999999999993797,1244,True
16,Background,10240,1.66078,1.66094,0.00016000000000016001,10838,True
17,Background,1024,1.66096,1.66111,0.0001500000000000945,1244,True
11,Background,104857600,1.66281,1.8912,0.2283900000000001,108768230,True
9,Background,1048576,1.66395,1.66637,0.0024199999999998667,1087892,True
15,Background,1048576,1.66652,1.66884,0.0023200000000000998,1087892,True
14,Background,10240,1.66769,1.66785,0.00016000000000016001,10838,True
13,Background,102400,1.67054,1.67093,0.0003900000000001125,106400,True
13,Background,102400,1.67101,1.6714,0.00038999999999989043,106400,True
10,Background,10240,1.67268,1.67283,0.0001500000000000945,10838,True
16,Background,1048576,1.67308,1.67537,0.0022900000000001253,1087892,True
19,Background,102400,1.67318,1.67357,0.0003900000000001125,106400,True
4,Background,1048576,1.67504,1.67732,0.0022799999999998377,1087892,True
10,Background,1048576,1.67758,1.67991,0.0023299999999999432,1087892,True
12,Background,104857600,1.67816,1.9083,0.23014,108768230,True
20,Background,10240,1.67854,1.6787,0.00016000000000016001,10838,True
9,Background,102400,1.67859,1.67907,0.00048000000000003595,106400,True
11,Background,10240,1.68022,1.68038,0.00015999999999993797,10838,True
12,Background,10485760,1.68161,1.70546,0.023849999999999927,10876994,True
15,Background,102400,1.68211,1.68257,0.00045999999999990493,106400,True
11,Background,102400,1.68839,1.68892,0.0005299999999999194,106400,True
14,Background,102400,1.68843,1.68898,0.0005499999999998284,106400,True
7,Background,1048576,1.69093,1.69763,0.006699999999999928,1087892,True
13,Background,1048576,1.69196,1.70082,0.00886000000000009,1087892,True
9,Background,10485760,1.69209,1.72793,0.03583999999999987,10876994,True
9,Background,1048576,1.69376,1.70416,0.010399999999999965,1087892,True
11,Background,10240,1.69477,1.6951,0.00032999999999994145,10838,True
11,Background,10240,1.69659,1.69676,0.00017000000000000348,10838,True
16,Background,10240,1.69976,1.70018,0.00042000000000008697,10838,True
16,Background,10240,1.70254,1.70296,0.00042000000000008697,10838,True
14,Background,1048576,1.70478,1.71104,0.006259999999999932,1087892,True
16,Background,102400,1.7084,1.70909,0.0006900000000000794,106400,True
9,Background,1048576,1.70925,1.71443,0.005179999999999962,1087892,True
8,Background,1048576,1.71048,1.71957,0.009090000000000042,1087892,True
13,Background,10240,1.71152,1.71168,0.00016000000000016001,10838,True
12,Background,10240,1.71326,1.71344,0.000180000000000069,10838,True
9,Background,1048576,1.71384,1.72211,0.00827,1087892,True
14,Background,10240,1.71654,1.71684,0.00029999999999996696,10838,True
12,Background,102400,1.71716,1.71755,0.00038999999999989043,106400,True
10,Background,102400,1.71872,1.72123,0.0025100000000000122,106400,True
10,Background,102400,1.71977,1.72045,0.0006800000000000139,106400,True
13,Background,1048576,1.72045,1.72813,0.007679999999999909,1087892,True
3,Background,1048576,1.72169,1.72464,0.002950000000000008,1087892,True
11,Background,10240,1.72225,1.72249,0.00024000000000001798,10838,True
9,Background,1048576,1.72568,1.72811,0.002429999999999932,1087892,True
18,Background,10240,1.73044,1.73059,0.0001500000000000945,10838,True
12,Background,102400,1.73183,1.73234,0.0005100000000000104,106400,True
5,Background,1048576,1.73378,1.73618,0.0023999999999999577,1087892,True
8,Background,1048576,1.73653,1.73884,0.0023100000000000342,1087892,True
17,Background,10240,1.73758,1.73773,0.0001500000000000945,10838,True
12,Background,1048576,1.73809,1.74038,0.0022900000000001253,1087892,True
16,Background,10240,1.74457,1.74473,0.00015999999999993797,10838,True
18,Background,102400,1.74942,1.74981,0.0003900000000001125,106400,True
13,Background,10240,1.75348,1.75363,0.0001500000000000945,10838,True
10,Background,10240,1.75777,1.75792,0.00014999999999987246,10838,True
13,Background,102400,1.75949,1.75988,0.0003900000000001125,106400,True
16,Background,102400,1.76006,1.76045,0.0003900000000001125,106400,True
12,Background,10240,1.76049,1.76065,0.00015999999999993797,10838,True
8,Background,10485760,1.76267,1.78671,0.02404000000000006,10876994,True
17,Background,104857600,1.76405,1.98638,0.22233000000000014,108768230,True
11,Background,102400,1.7658,1.76632,0.0005199999999998539,106400,True
21,Background,10485760,1.76692,1.79141,0.0244899999999999,10876994,True
15,Background,102400,1.76818,1.76864,0.00045999999999990493,106400,True
13,Background,10240,1.77162,1.7718,0.000180000000000069,10838,True
17,Background,10485760,1.77172,1.8054,0.03367999999999993,10876994,True
12,Background,102400,1.77174,1.77254,0.0007999999999999119,106400,True
14,Background,1024,1.7768,1.77713,0.0003300000000001635,1244,True
11,Background,102400,1.77823,1.77875,0.000520000000000076,106400,True
13,Background,1048576,1.78092,1.78582,0.004899999999999904,1087892,True
14,Background,10240,1.7814,1.78169,0.00028999999999990145,10838,True
19,Background,10485760,1.78414,1.81161,0.027469999999999883,10876994,True
11,Background,1024,1.78527,1.78542,0.0001500000000000945,1244,True
18,Background,1048576,1.78977,1.79596,0.006189999999999918,1087892,True
8,Background,10240,1.79145,1.79166,0.00021000000000004349,10838,True
10,Background,102400,1.7919,1.79269,0.0007899999999998464,106400,True
10,Background,102400,1.79326,1.7938,0.0005399999999999849,106400,True
17,Background,1024,1.79644,1.79659,0.00014999999999987246,1244,True
14,Background,1048576,1.79984,1.80284,0.0029999999999998916,1087892,True
13,Background,102400,1.80037,1.80193,0.0015600000000000058,106400,True
14,Background,102400,1.80056,1.80367,0.003110000000000168,106400,True
8,Background,102400,1.80605,1.80644,0.0003900000000001125,106400,True
14,Background,10240,1.80925,1.80941,0.00015999999999993797,10838,True
18,Background,102400,1.81139,1.81178,0.00038999999999989043,106400,True
9,Background,102400,1.81221,1.8126,0.00038999999999989043,106400,True
12,Background,1024,1.81227,1.81243,0.00015999999999993797,1244,True
17,Background,10240,1.81549,1.81564,0.00014999999999987246,10838,True
19,Background,10240,1.81604,1.8162,0.00015999999999993797,10838,True
10,Background,1048576,1.8179,1.82045,0.00254999999999983,1087892,True
17,Background,102400,1.81809,1.81848,0.0003900000000001125,106400,True
9,Background,10240,1.81838,1.81853,0.00014999999999987246,10838,True
15,Background,1024,1.81843,1.81858,0.0001500000000000945,1244,True
11,Background,10485760,1.81908,1.84104,0.02195999999999998,10876994,True
18,Background,1048576,1.82018,1.82249,0.0023100000000000342,1087892,True
15,Background,10240,1.82082,1.82101,0.00018999999999991246,10838,True
10,Background,102400,1.82147,1.82194,0.00046999999999997044,106400,True
20,Background,10240,1.82164,1.82187,0.0002300000000001745,10838,True
15,Background,1024,1.82165,1.82188,0.00022999999999995246,1244,True
14,Background,1024,1.82227,1.82245,0.00017999999999984695,1244,True
13,Background,104857600,1.82345,2.04571,0.22226000000000012,108768230,True
13,Background,1048576,1.82465,1.82795,0.0032999999999998586,1087892,True
16,Background,1048576,1.82559,1.83346,0.007870000000000044,1087892,True
13,Background,102400,1.82619,1.82659,0.00039999999999995595,106400,True
4,Background,10240,1.83513,1.83529,0.00016000000000016001,10838,True
21,Background,10240,1.83756,1.83772,0.00015999999999993797,10838,True
18,Background,10485760,1.8492,1.87207,0.022869999999999946,10876994,True
11,Background,102400,1.8497,1.85009,0.0003900000000001125,106400,True
11,Background,1048576,1.85086,1.85347,0.002610000000000001,1087892,True
16,Background,1048576,1.8518,1.8546,0.0028000000000001357,1087892,True
14,Background,10485760,1.85431,1.87717,0.022860000000000102,10876994,True
19,Background,10240,1.85744,1.8576,0.00015999999999993797,10838,True
15,Background,1048576,1.86044,1.86371,0.003269999999999884,1087892,True
7,Background,1048576,1.86114,1.87018,0.009039999999999937,1087892,True
14,Background,1024,1.86117,1.86161,0.00043999999999999595,1244,True
15,Background,102400,1.86143,1.86413,0.0027000000000001467,106400,True
9,Background,1048576,1.86267,1.87111,0.008440000000000003,1087892,True
14,Background,1024,1.86724,1.8674,0.00015999999999993797,1244,True
10,Background,10240,1.86771,1.86808,0.00036999999999998145,10838,True
10,Background,102400,1.86814,1.86865,0.0005100000000000104,106400,True
12,Background,102400,1.8701,1.87061,0.0005100000000000104,106400,True
12,Background,10240,1.87091,1.87123,0.00031999999999987594,10838,True
15,Background,1048576,1.87224,1.87468,0.0024399999999999977,1087892,True
11,Background,1048576,1.87353,1.87606,0.0025300000000001432,1087892,True
16,Background,1024,1.87412,1.87439,0.00026999999999999247,1244,True
15,Background,10485760,1.87525,1.90006,0.02481,10876994,True
17,Background,10240,1.87557,1.87592,0.0003500000000000725,10838,True
15,Background,10485760,1.87598,1.90217,0.026189999999999936,10876994,True
19,Background,10485760,1.87622,1.90375,0.027530000000000054,10876994,True
5,Background,102400,1.87682,1.8788,0.001980000000000093,106400,True
18,Background,1024,1.8787,1.87906,0.00035999999999991594,1244,True
12,Background,10240,1.88017,1.88032,0.0001500000000000945,10838,True
10,Background,1024,1.88227,1.88242,0.00014999999999987246,1244,True
20,Background,1024,1.88558,1.88578,0.00019999999999997797,1244,True
6,Background,10240,1.88585,1.88615,0.00029999999999996696,10838,True
17,Background,102400,1.88823,1.8887,0.00046999999999997044,106400,True
16,Background,102400,1.89029,1.89102,0.0007299999999998974,106400,True
17,Background,10240,1.89034,1.89063,0.0002900000000001235,10838,True
20,Background,10240,1.89051,1.89095,0.00043999999999999595,10838,True
11,Background,1024,1.89181,1.89197,0.00015999999999993797,1244,True
13,Background,10240,1.89551,1.89567,0.00015999999999993797,10838,True
14,Background,10240,1.89687,1.89704,0.00017000000000000348,10838,True
19,Background,102400,1.90459,1.90498,0.00038999999999989043,106400,True
16,Background,10240,1.90539,1.90555,0.00016000000000016001,10838,True
15,Background,1048576,1.90792,1.91044,0.0025199999999998557,1087892,True
11,Background,102400,1.91122,1.91161,0.0003900000000001125,106400,True
12,Background,1024,1.91177,1.91193,0.00015999999999993797,1244,True
12,Background,10240,1.91639,1.91654,0.00014999999999987246,10838,True
17,Background,1048576,1.91946,1.92177,0.0023100000000000342,1087892,True
19,Background,102400,1.92544,1.92583,0.00038999999999989043,106400,True
22,Background,10240,1.92567,1.92582,0.0001500000000000945,10838,True
16,Background,1024,1.92642,1.92657,0.00014999999999987246,1244,True
15,Background,10240,1.92759,1.92774,0.0001500000000000945,10838,True
16,Background,10485760,1.92833,1.9495,0.02116999999999991,10876994,True
23,Background,1024,1.92871,1.92886,0.0001500000000000945,1244,True
13,Background,1024,1.92953,1.92968,0.0001500000000000945,1244,True
16,Background,10240,1.92964,1.9298,0.00015999999999993797,10838,True
18,Background,10240,1.9312,1.93136,0.00015999999999993797,10838,True
13,Background,102400,1.93247,1.93286,0.0003900000000001125,106400,True
10,Background,10240,1.93489,1.93505,0.00015999999999993797,10838,True
14,Background,10240,1.93516,1.93532,0.00015999999999993797,10838,True
16,Background,1048576,1.94235,1.94465,0.0022999999999999687,1087892,True
11,Background,1024,1.94325,1.9434,0.0001500000000000945,1244,True
8,Background,1024,1.94893,1.94908,0.00014999999999987246,1244,True
10,Background,1024,1.95051,1.95067,0.00015999999999993797,1244,True
19,Background,10240,1.95329,1.95345,0.00015999999999993797,10838,True
16,Background,10240,1.9551,1.95526,0.00015999999999993797,10838,True
7,Background,102400,1.95512,1.95551,0.0003900000000001125,106400,True
15,Background,10240,1.95521,1.95537,0.00016000000000016001,10838,True
14,Background,10485760,1.95575,1.97699,0.021239999999999926,10876994,True
14,Background,10240,1.95802,1.95818,0.00015999999999993797,10838,True
14,Background,10485760,1.96323,1.98451,0.021279999999999966,10876994,True
11,Background,10240,1.96337,1.96353,0.00015999999999993797,10838,True
15,Background,102400,1.96665,1.96704,0.00038999999999989043,106400,True
17,Background,10240,1.96712,1.96728,0.00015999999999993797,10838,True
20,Background,10485760,1.96782,1.99044,0.022620000000000084,10876994,True
17,Background,10240,1.9681,1.96826,0.00015999999999993797,10838,True
18,Background,102400,1.96854,1.96893,0.0003900000000001125,106400,True
12,Background,102400,1.97248,1.97287,0.00038999999999989043,106400,True
13,Background,10240,1.97371,1.97387,0.00015999999999993797,10838,True
20,Background,102400,1.9745,1.97489,0.0003900000000001125,106400,True
14,Background,1048576,1.97607,1.97836,0.0022899999999999032,1087892,True
13,Background,10485760,1.97789,2.0014,0.02350999999999992,10876994,True
19,Background,10485760,1.97928,2.00304,0.023760000000000003,10876994,True
9,Background,10240,1.97963,1.97979,0.00015999999999993797,10838,True
21,Background,10485760,1.9838,2.01153,0.027730000000000032,10876994,True
15,Background,10240,1.98393,1.98414,0.00021000000000004349,10838,True
15,Background,1048576,1.98399,1.98958,0.005589999999999984,1087892,True
24,Background,10485760,1.98474,2.01595,0.031210000000000182,10876994,True
9,Background,102400,1.98484,1.98688,0.0020400000000000418,106400,True
16,Background,10240,1.98593,1.98623,0.00029999999999996696,10838,True
16,Background,10485760,1.98625,2.01418,0.02793000000000001,10876994,True
17,Background,1048576,1.98633,1.99386,0.007530000000000037,1087892,True
18,Background,1048576,1.98736,1.99034,0.0029799999999999827,1087892,True
17,Background,102400,1.98865,1.98924,0.0005899999999998684,106400,True
12,Background,1048576,1.98962,1.99279,0.003170000000000117,1087892,True
12,Background,102400,1.99092,1.99155,0.0006299999999999084,106400,True
9,Background,10240,1.99515,1.99532,0.00017000000000000348,10838,True
19,Background,1048576,1.99551,1.99839,0.0028800000000002157,1087892,True
13,Background,104857600,1.99631,2.22445,0.22814,108768230,True
22,Background,1048576,1.99899,2.00285,0.0038599999999999746,1087892,True
10,Background,102400,1.99909,1.99963,0.0005399999999999849,106400,True
16,Background,1048576,2.00246,2.00495,0.002489999999999881,1087892,True
11,Background,102400,2.00353,2.00399,0.00045999999999990493,106400,True
22,Background,10485760,2.00462,2.02656,0.02193999999999985,10876994,True
16,Background,102400,2.00556,2.00606,0.000500000000000167,106400,True
15,Background,102400,2.00568,2.00618,0.000500000000000167,106400,True
19,Background,10485760,2.00818,2.03167,0.023490000000000233,10876994,True
20,Background,102400,2.00845,2.00919,0.0007399999999999629,106400,True
11,Background,10240,2.00919,2.00935,0.00016000000000016001,10838,True
10,Background,10240,2.01103,2.01128,0.00025000000000030553,10838,True
13,Background,1024,2.01682,2.01697,0.0001500000000000945,1244,True
17,Background,10485760,2.01691,2.03832,0.02140999999999993,10876994,True
20,Background,1024,2.02468,2.02483,0.0001500000000000945,1244,True
12,Background,10240,2.02617,2.02633,0.00016000000000016001,10838,True
15,Background,10240,2.02759,2.02775,0.00016000000000016001,10838,True
19,Background,1048576,2.02777,2.03016,0.0023900000000001143,1087892,True
18,Background,10240,2.02817,2.02833,0.00016000000000016001,10838,True
20,Background,1048576,2.02919,2.03148,0.0022900000000003473,1087892,True
18,Background,10240,2.02982,2.02998,0.00016000000000016001,10838,True
13,Background,10240,2.03084,2.031,0.00016000000000016001,10838,True
12,Background,102400,2.03306,2.03345,0.0003900000000003345,106400,True
18,Background,1024,2.03387,2.03402,0.0001500000000000945,1244,True
19,Background,102400,2.03439,2.03478,0.00038999999999989043,106400,True
14,Background,10240,2.03698,2.03714,0.00016000000000016001,10838,True
14,Background,102400,2.03806,2.03845,0.00038999999999989043,106400,True
16,Background,104857600,2.04176,2.26185,0.2200899999999999,108768230,True
10,Background,1048576,2.04281,2.04526,0.0024500000000000632,1087892,True
17,Background,1048576,2.04384,2.0462,0.0023599999999999177,1087892,True
20,Background,1024,2.04461,2.04476,0.0001500000000000945,1244,True
12,Background,1048576,2.04599,2.04841,0.0024199999999998667,1087892,True
17,Background,102400,2.04701,2.0474,0.00038999999999989043,106400,True
11,Background,1024,2.04897,2.04912,0.0001499999999996504,1244,True
14,Background,1024,2.04953,2.04968,0.0001500000000000945,1244,True
20,Background,102400,2.04964,2.05003,0.00038999999999989043,106400,True
15,Background,10240,2.05241,2.05257,0.00015999999999971593,10838,True
11,Background,102400,2.05249,2.05288,0.00038999999999989043,106400,True
12,Background,1024,2.05705,2.0572,0.0001500000000000945,1244,True
13,Background,102400,2.05767,2.05806,0.00038999999999989043,106400,True
9,Background,1048576,2.06002,2.0623,0.0022799999999998377,1087892,True
17,Background,1024,2.06027,2.06042,0.0001500000000000945,1244,True
15,Background,10240,2.06104,2.0612,0.00015999999999971593,10838,True
17,Background,102400,2.06214,2.06253,0.0003900000000003345,106400,True
16,Background,1024,2.06277,2.06292,0.0001500000000000945,1244,True
11,Background,1048576,2.06303,2.06531,0.002280000000000282,1087892,True
19,Background,10240,2.06318,2.06333,0.0001500000000000945,10838,True
13,Background,102400,2.06404,2.06443,0.0003900000000003345,106400,True
21,Background,10485760,2.06411,2.08527,0.021160000000000068,10876994,True
25,Background,1048576,2.06501,2.06729,0.0022799999999998377,1087892,True
16,Background,102400,2.06586,2.06629,0.0004300000000001525,106400,True
18,Background,102400,2.06897,2.06949,0.0005199999999998539,106400,True
10,Background,1024,2.06983,2.06999,0.00016000000000016001,1244,True
21,Background,10240,2.07139,2.07155,0.00015999999999971593,10838,True
17,Background,10240,2.07168,2.07184,0.00015999999999971593,10838,True
11,Background,1048576,2.07374,2.07611,0.0023699999999999832,1087892,True
20,Background,102400,2.07395,2.07447,0.0005199999999998539,106400,True
18,Background,102400,2.07409,2.07448,0.00038999999999989043,106400,True
15,Background,1048576,2.0777,2.08005,0.002349999999999852,1087892,True
23,Background,1024,2.07845,2.07861,0.00015999999999971593,1244,True
17,Background,10240,2.07971,2.07987,0.00016000000000016001,10838,True
20,Background,1048576,2.08008,2.08237,0.0022899999999999032,1087892,True
22,Background,10240,2.08159,2.08175,0.00016000000000016001,10838,True
8,Background,10240,2.08174,2.0819,0.00016000000000016001,10838,True
20,Background,102400,2.08294,2.08357,0.0006300000000001305,106400,True
21,Background,104857600,2.08498,2.31223,0.22725000000000017,108768230,True
18,Background,1048576,2.08622,2.08851,0.0022899999999999032,1087892,True
11,Background,1024,2.08655,2.0867,0.0001500000000000945,1244,True
16,Background,102400,2.08877,2.08927,0.000500000000000167,106400,True
8,Background,1024,2.08944,2.08959,0.0001499999999996504,1244,True
14,Background,10240,2.09298,2.09313,0.0001500000000000945,10838,True
24,Background,1048576,2.09503,2.09731,0.0022799999999998377,1087892,True
21,Background,1024,2.09734,2.0975,0.00016000000000016001,1244,True
22,Background,10240,2.09823,2.09838,0.0001500000000000945,10838,True
23,Background,102400,2.09948,2.09987,0.0003900000000003345,106400,True
23,Background,1048576,2.09978,2.10217,0.0023900000000001143,1087892,True
21,Background,1048576,2.10163,2.10397,0.0023399999999997867,1087892,True
18,Background,1024,2.10177,2.10192,0.0001499999999996504,1244,True
12,Background,102400,2.1063,2.10668,0.0003799999999998249,106400,True
17,Background,1048576,2.1138,2.11621,0.0024100000000002453,1087892,True
18,Background,1048576,2.11399,2.11641,0.002420000000000311,1087892,True
25,Background,10240,2.11639,2.11655,0.00016000000000016001,10838,True
9,Background,10240,2.11648,2.11664,0.00015999999999971593,10838,True
22,Background,10485760,2.11649,2.13768,0.02118999999999982,10876994,True
21,Background,10240,2.11772,2.11788,0.00016000000000016001,10838,True
14,Background,1048576,2.11881,2.12123,0.002420000000000311,1087892,True
26,Background,102400,2.12534,2.12574,0.00039999999999995595,106400,True
14,Background,102400,2.12848,2.12887,0.00038999999999989043,106400,True
13,Background,1024,2.14094,2.1411,0.00015999999999971593,1244,True
19,Background,102400,2.141,2.14139,0.00038999999999989043,106400,True
24,Background,10485760,2.14242,2.16556,0.02314000000000016,10876994,True
15,Background,10485760,2.14264,2.16589,0.023249999999999993,10876994,True
16,Background,102400,2.14557,2.146,0.0004299999999997084,106400,True
25,Background,102400,2.14559,2.14602,0.0004300000000001525,106400,True
15,Background,1048576,2.14723,2.14993,0.0026999999999999247,1087892,True
21,Background,102400,2.14772,2.1483,0.0005799999999998029,106400,True
13,Background,10485760,2.14783,2.17505,0.027220000000000244,10876994,True
13,Background,10485760,2.14878,2.18039,0.03161000000000014,10876994,True
9,Background,102400,2.15097,2.15164,0.0006699999999999484,106400,True
19,Background,102400,2.1519,2.15285,0.0009500000000000064,106400,True
17,Background,102400,2.15233,2.15411,0.0017800000000001148,106400,True
18,Background,1024,2.1552,2.15549,0.0002900000000001235,1244,True
18,Background,10240,2.15793,2.15823,0.000300000000000189,10838,True
11,Background,1024,2.15931,2.15949,0.00017999999999984695,1244,True
22,Background,1024,2.16343,2.16383,0.00039999999999995595,1244,True
12,Background,102400,2.16385,2.16595,0.0020999999999999908,106400,True
23,Background,1024,2.16573,2.16589,0.00016000000000016001,1244,True
22,Background,10240,2.16701,2.16717,0.00016000000000016001,10838,True
12,Background,10240,2.16857,2.16872,0.0001500000000000945,10838,True
21,Background,1048576,2.17129,2.17359,0.0022999999999999687,1087892,True
23,Background,10240,2.17216,2.17232,0.00016000000000016001,10838,True
20,Background,1048576,2.1793,2.18159,0.0022899999999999032,1087892,True
6,Background,1024,2.1842,2.18435,0.0001499999999996504,1244,True
20,Background,104857600,2.18709,2.43211,0.24502000000000024,108768230,True
16,Background,1048576,2.18932,2.19162,0.0022999999999999687,1087892,True
18,Background,10240,2.18951,2.18967,0.00016000000000016001,10838,True
23,Background,1024,2.1898,2.18995,0.0001500000000000945,1244,True
17,Background,1048576,2.19043,2.19273,0.0022999999999999687,1087892,True
7,Background,10240,2.19194,2.19209,0.0001499999999996504,10838,True
18,Background,10240,2.19209,2.19224,0.0001500000000000945,10838,True
21,Background,10240,2.19751,2.19767,0.00016000000000016001,10838,True
10,Background,10485760,2.19977,2.22472,0.024950000000000028,10876994,True
10,Background,10240,2.20074,2.2009,0.00015999999999971593,10838,True
17,Background,102400,2.20111,2.2015,0.00038999999999989043,106400,True
19,Background,10240,2.20252,2.20268,0.00016000000000016001,10838,True
14,Background,1024,2.20401,2.20416,0.0001500000000000945,1244,True
20,Background,102400,2.20611,2.2065,0.0003900000000003345,106400,True
17,Background,104857600,2.20675,2.46696,0.26020999999999983,108768230,True
11,Background,10485760,2.2086,2.24814,0.039539999999999687,10876994,True
12,Background,1048576,2.21073,2.22784,0.01711000000000018,1087892,True
19,Background,10240,2.21184,2.21221,0.0003699999999997594,10838,True
13,Background,10485760,2.21212,2.24317,0.031050000000000022,10876994,True
12,Background,1024,2.2123,2.21249,0.00018999999999991246,1244,True
15,Background,1048576,2.21243,2.22615,0.013720000000000176,1087892,True
16,Background,102400,2.21394,2.21479,0.0008499999999997954,106400,True
11,Background,102400,2.21838,2.2222,0.0038200000000001566,106400,True
10,Background,1048576,2.22223,2.22613,0.0038999999999997925,1087892,True
21,Background,1048576,2.2225,2.23014,0.007639999999999869,1087892,True
18,Background,1024,2.22262,2.22315,0.0005299999999999194,1244,True
19,Background,102400,2.22263,2.22595,0.0033199999999999896,106400,True
22,Background,1024,2.22728,2.22744,0.00016000000000016001,1244,True
15,Background,10240,2.22897,2.22925,0.000280000000000058,10838,True
18,Background,102400,2.22907,2.22965,0.0005799999999998029,106400,True
14,Background,102400,2.23044,2.2309,0.00045999999999990493,106400,True
24,Background,102400,2.23357,2.23403,0.000460000000000349,106400,True
8,Background,10240,2.23411,2.23427,0.00016000000000016001,10838,True
14,Background,102400,2.23424,2.23474,0.000500000000000167,106400,True
13,Background,102400,2.23444,2.23505,0.0006099999999999994,106400,True
15,Background,10485760,2.23536,2.26214,0.026780000000000026,10876994,True
12,Background,102400,2.24132,2.24207,0.0007500000000000284,106400,True
26,Background,1048576,2.24309,2.24582,0.0027300000000001212,1087892,True
19,Background,1048576,2.24433,2.2494,0.005069999999999908,1087892,True
23,Background,1024,2.2465,2.24669,0.00018999999999991246,1244,True
17,Background,10240,2.24878,2.24894,0.00016000000000016001,10838,True
15,Background,1048576,2.24914,2.25143,0.0022899999999999032,1087892,True
20,Background,102400,2.25032,2.25078,0.00045999999999990493,106400,True
17,Background,10485760,2.25222,2.27816,0.025940000000000296,10876994,True
12,Background,102400,2.25313,2.2536,0.00046999999999997044,106400,True
18,Background,10485760,2.25387,2.28348,0.029609999999999914,10876994,True
24,Background,10485760,2.25427,2.29038,0.036109999999999864,10876994,True
16,Background,1024,2.25528,2.25548,0.00019999999999997797,1244,True
22,Background,10240,2.25631,2.2565,0.00018999999999991246,10838,True
16,Background,102400,2.25772,2.2613,0.0035799999999999166,106400,True
12,Background,10485760,2.25872,2.29228,0.033560000000000034,10876994,True
24,Background,102400,2.26007,2.26054,0.00047000000000041453,106400,True
14,Background,1024,2.26478,2.26511,0.00032999999999994145,1244,True
19,Background,1048576,2.26619,2.27203,0.005840000000000067,1087892,True
9,Background,1048576,2.26674,2.28159,0.01485000000000003,1087892,True
25,Background,102400,2.27059,2.27387,0.0032800000000001717,106400,True
19,Background,1048576,2.27683,2.28433,0.007500000000000284,1087892,True
24,Background,102400,2.28064,2.28115,0.0005099999999997884,106400,True
19,Background,102400,2.28369,2.2842,0.0005099999999997884,106400,True
22,Background,10485760,2.28403,2.30591,0.0218799999999999,10876994,True
21,Background,10240,2.28412,2.28428,0.00015999999999971593,10838,True
12,Background,1024,2.28459,2.28475,0.00015999999999971593,1244,True
20,Background,1048576,2.28478,2.28799,0.003210000000000157,1087892,True
17,Background,102400,2.28693,2.28782,0.0008900000000000574,106400,True
13,Background,1048576,2.29143,2.29375,0.0023200000000000998,1087892,True
13,Background,102400,2.29173,2.29222,0.0004900000000001015,106400,True
18,Background,10240,2.29257,2.29272,0.0001500000000000945,10838,True
27,Background,102400,2.29267,2.29307,0.00039999999999995595,106400,True
13,Background,10240,2.29461,2.29476,0.0001500000000000945,10838,True
24,Background,102400,2.29498,2.2955,0.000520000000000298,106400,True
19,Background,1048576,2.29509,2.29738,0.0022899999999999032,1087892,True
23,Background,10240,2.29654,2.29669,0.0001500000000000945,10838,True
18,Background,1048576,2.29671,2.29906,0.002349999999999852,1087892,True
14,Background,10240,2.29682,2.29698,0.00016000000000016001,10838,True
18,Background,1048576,2.29974,2.30212,0.0023800000000000487,1087892,True
23,Background,102400,2.30119,2.30158,0.00038999999999989043,106400,True
14,Background,1024,2.30204,2.3022,0.00016000000000016001,1244,True
13,Background,1048576,2.30333,2.30563,0.0022999999999999687,1087892,True
25,Background,10240,2.30416,2.30432,0.00016000000000016001,10838,True
14,Background,1024,2.30468,2.30483,0.0001500000000000945,1244,True
15,Background,104857600,2.30595,2.56062,0.25466999999999995,108768230,True
18,Background,102400,2.3075,2.30789,0.00038999999999989043,106400,True
19,Background,10240,2.30792,2.30808,0.00015999999999971593,10838,True
19,Background,1048576,2.3133,2.3156,0.0022999999999999687,1087892,True
18,Background,104857600,2.31496,2.57191,0.2569499999999998,108768230,True
18,Background,10240,2.31641,2.31657,0.00016000000000016001,10838,True
27,Background,102400,2.31651,2.3169,0.00038999999999989043,106400,True
23,Background,10485760,2.32072,2.34337,0.02265000000000006,10876994,True
19,Background,1048576,2.32209,2.32464,0.00254999999999983,1087892,True
16,Background,10240,2.32225,2.32241,0.00016000000000016001,10838,True
16,Background,1024,2.32228,2.32244,0.00015999999999971593,1244,True
20,Background,1048576,2.32311,2.32597,0.0028600000000000847,1087892,True
19,Background,10240,2.32351,2.32388,0.0003699999999997594,10838,True
21,Background,10485760,2.32453,2.34819,0.023660000000000014,10876994,True
28,Background,10240,2.32546,2.32592,0.00045999999999990493,10838,True
29,Background,10240,2.32675,2.32691,0.00015999999999971593,10838,True
19,Background,102400,2.32731,2.32778,0.00046999999999997044,106400,True
24,Background,10240,2.32871,2.32887,0.00016000000000016001,10838,True
20,Background,102400,2.32999,2.33058,0.0005899999999998684,106400,True
12,Background,10240,2.33284,2.333,0.00016000000000016001,10838,True
18,Background,10240,2.33333,2.33349,0.00015999999999971593,10838,True
19,Background,1024,2.33444,2.33459,0.0001500000000000945,1244,True
11,Background,10240,2.33648,2.33665,0.00017000000000022553,10838,True
20,Background,1048576,2.34013,2.34309,0.0029600000000002957,1087892,True
15,Background,1048576,2.34288,2.34609,0.003209999999999713,1087892,True
16,Background,1048576,2.34312,2.34602,0.0029000000000003467,1087892,True
25,Background,104857600,2.34708,2.60367,0.2565900000000001,108768230,True
25,Background,1048576,2.34811,2.35039,0.0022799999999998377,1087892,True
21,Background,10240,2.35173,2.35188,0.0001500000000000945,10838,True
26,Background,1048576,2.35173,2.35411,0.0023800000000000487,1087892,True
19,Background,102400,2.35205,2.35251,0.00045999999999990493,106400,True
13,Background,1024,2.3521,2.35227,0.00016999999999978144,1244,True
13,Background,1024,2.35225,2.35248,0.00022999999999973042,1244,True
20,Background,10240,2.35637,2.35652,0.0001500000000000945,10838,True
21,Background,1024,2.35825,2.3584,0.0001500000000000945,1244,True
25,Background,1024,2.3587,2.35886,0.00016000000000016001,1244,True
14,Background,1048576,2.36282,2.36592,0.0030999999999998806,1087892,True
22,Background,102400,2.36285,2.3633,0.0004500000000002835,106400,True
19,Background,1048576,2.36325,2.36626,0.003010000000000179,1087892,True
20,Background,1048576,2.3648,2.37117,0.006370000000000431,1087892,True
21,Background,10485760,2.36483,2.39996,0.035130000000000106,10876994,True
13,Background,1048576,2.36855,2.37412,0.005570000000000075,1087892,True
26,Background,102400,2.36876,2.36998,0.0012199999999999989,106400,True
27,Background,10485760,2.37312,2.41281,0.03968999999999978,10876994,True
12,Background,1048576,2.37341,2.38803,0.0146200000000003,1087892,True
22,Background,1024,2.37507,2.37532,0.00024999999999986144,1244,True
14,Background,102400,2.37601,2.37657,0.000560000000000116,106400,True
17,Background,1048576,2.37716,2.38017,0.003010000000000179,1087892,True
23,Background,1048576,2.38141,2.39216,0.01075000000000026,1087892,True
13,Background,1024,2.38148,2.38178,0.000300000000000189,1244,True
26,Background,10240,2.38347,2.38374,0.00026999999999999247,10838,True
19,Background,1048576,2.3863,2.3934,0.007100000000000328,1087892,True
24,Background,1048576,2.39227,2.39668,0.004410000000000025,1087892,True
28,Background,102400,2.39315,2.39361,0.00045999999999990493,106400,True
20,Background,10240,2.39494,2.39522,0.000280000000000058,10838,True
16,Background,102400,2.3951,2.39556,0.000460000000000349,106400,True
19,Background,102400,2.3962,2.3967,0.000500000000000167,106400,True
14,Background,102400,2.39784,2.40155,0.00370999999999988,106400,True
14,Background,10485760,2.39907,2.43386,0.0347900000000001,10876994,True
26,Background,1048576,2.40002,2.40298,0.0029599999999998516,1087892,True
21,Background,102400,2.40039,2.40089,0.000500000000000167,106400,True
30,Background,102400,2.40169,2.40271,0.0010200000000000209,106400,True
21,Background,10240,2.40333,2.40351,0.00017999999999984695,10838,True
31,Background,10240,2.40371,2.40401,0.000300000000000189,10838,True
15,Background,10240,2.40558,2.40593,0.0003500000000000725,10838,True
15,Background,10240,2.40589,2.40622,0.00032999999999994145,10838,True
22,Background,1048576,2.40622,2.41216,0.005940000000000278,1087892,True
22,Background,10240,2.40938,2.40966,0.000280000000000058,10838,True
26,Background,102400,2.40983,2.4131,0.003270000000000106,106400,True
26,Background,10240,2.41017,2.41033,0.00016000000000016001,10838,True
16,Background,102400,2.41021,2.41066,0.0004499999999998394,106400,True
17,Background,10240,2.41047,2.41071,0.00023999999999979593,10838,True
22,Background,102400,2.41165,2.41382,0.0021700000000000053,106400,True
23,Background,1024,2.4125,2.41274,0.00023999999999979593,1244,True
25,Background,1024,2.41509,2.41524,0.0001499999999996504,1244,True
14,Background,1048576,2.41558,2.41865,0.003070000000000128,1087892,True
13,Background,102400,2.41604,2.41662,0.0005799999999998029,106400,True
17,Background,102400,2.41643,2.41908,0.002650000000000041,106400,True
21,Background,102400,2.41878,2.4196,0.0008200000000000429,106400,True
27,Background,1024,2.42028,2.42043,0.0001500000000000945,1244,True
24,Background,1024,2.4217,2.42185,0.0001500000000000945,1244,True
22,Background,102400,2.42207,2.42253,0.00045999999999990493,106400,True
28,Background,1024,2.42307,2.42322,0.0001500000000000945,1244,True
23,Background,1048576,2.4245,2.42775,0.003249999999999975,1087892,True
21,Background,104857600,2.42604,2.67925,0.25321000000000016,108768230,True
25,Background,1048576,2.42784,2.4391,0.011259999999999604,1087892,True
22,Background,10485760,2.42819,2.46007,0.03188000000000013,10876994,True
18,Background,10240,2.42833,2.42848,0.0001500000000000945,10838,True
15,Background,1024,2.42918,2.42934,0.00015999999999971593,1244,True
23,Background,10485760,2.42948,2.47396,0.044480000000000075,10876994,True
20,Background,1048576,2.42988,2.43335,0.003470000000000084,1087892,True
24,Background,102400,2.42995,2.4306,0.0006500000000002615,106400,True
12,Background,1048576,2.43139,2.43786,0.006470000000000198,1087892,True
21,Background,1048576,2.43216,2.43468,0.0025200000000000777,1087892,True
17,Background,10240,2.43256,2.4328,0.00023999999999979593,10838,True
28,Background,104857600,2.43284,2.68552,0.2526799999999998,108768230,True
29,Background,10240,2.4375,2.43785,0.0003500000000000725,10838,True
14,Background,102400,2.438,2.43858,0.0005799999999998029,106400,True
20,Background,102400,2.4397,2.44065,0.0009500000000000064,106400,True
22,Background,102400,2.44059,2.44317,0.0025800000000000267,106400,True
15,Background,102400,2.44148,2.44196,0.00048000000000003595,106400,True
14,Background,10240,2.44395,2.44421,0.00025999999999992696,10838,True
22,Background,10240,2.44519,2.44534,0.0001499999999996504,10838,True
24,Background,10485760,2.44676,2.48458,0.037819999999999965,10876994,True
17,Background,1048576,2.44963,2.45944,0.009809999999999874,1087892,True
18,Background,102400,2.45074,2.4532,0.0024599999999996847,106400,True
18,Background,102400,2.45257,2.45385,0.0012799999999999478,106400,True
20,Background,10240,2.45545,2.45581,0.000360000000000138,10838,True
29,Background,10240,2.45564,2.45605,0.00041000000000002146,10838,True
19,Background,102400,2.4577,2.46015,0.0024500000000000632,106400,True
15,Background,1024,2.45799,2.45823,0.00023999999999979593,1244,True
19,Background,10240,2.46208,2.46228,0.00019999999999997797,10838,True
20,Background,102400,2.46358,2.46709,0.003509999999999902,106400,True
23,Background,1024,2.47044,2.47061,0.00017000000000022553,1244,True
21,Background,102400,2.47112,2.47166,0.0005399999999999849,106400,True
27,Background,1048576,2.47426,2.47746,0.0032000000000000917,1087892,True
30,Background,1048576,2.47541,2.48014,0.004729999999999901,1087892,True
15,Background,10240,2.47875,2.4791,0.0003500000000000725,10838,True
28,Background,10240,2.48011,2.48028,0.00017000000000022553,10838,True
25,Background,10240,2.48262,2.48278,0.00016000000000016001,10838,True
32,Background,1048576,2.49009,2.49273,0.0026399999999999757,1087892,True
20,Background,10485760,2.49053,2.51518,0.02464999999999984,10876994,True
23,Background,10240,2.495,2.49516,0.00015999999999971593,10838,True
16,Background,102400,2.49787,2.49852,0.0006500000000002615,106400,True
23,Background,102400,2.50076,2.50128,0.0005199999999998539,106400,True
25,Background,102400,2.50162,2.5021,0.00048000000000003595,106400,True
13,Background,1048576,2.5021,2.50506,0.0029599999999998516,1087892,True
13,Background,104857600,2.50525,2.73773,0.2324799999999998,108768230,True
22,Background,1048576,2.50804,2.51514,0.007100000000000328,1087892,True
24,Background,10240,2.50853,2.50904,0.0005100000000002325,10838,True
20,Background,102400,2.50996,2.5107,0.0007399999999999629,106400,True
21,Background,10240,2.51053,2.51087,0.00034000000000000696,10838,True
16,Background,10240,2.51089,2.51122,0.00032999999999994145,10838,True
26,Background,102400,2.51838,2.51885,0.00046999999999997044,106400,True
16,Background,102400,2.51884,2.5196,0.0007600000000000939,106400,True
21,Background,1024,2.52234,2.5225,0.00016000000000016001,1244,True
31,Background,1024,2.52739,2.52754,0.0001500000000000945,1244,True
22,Background,1048576,2.52804,2.53112,0.0030800000000001937,1087892,True
10,Background,10240,2.53008,2.53029,0.00021000000000004349,10838,True
16,Background,1024,2.53192,2.53208,0.00016000000000016001,1244,True
16,Background,1024,2.53381,2.53396,0.0001500000000000945,1244,True
20,Background,10485760,2.5343,2.56575,0.03144999999999998,10876994,True
25,Background,102400,2.53636,2.5371,0.0007399999999999629,106400,True
21,Background,10240,2.53765,2.53792,0.00026999999999999247,10838,True
17,Background,1024,2.5389,2.53923,0.00032999999999994145,1244,True
23,Background,1048576,2.54212,2.54996,0.007839999999999847,1087892,True
24,Background,10240,2.54377,2.54415,0.000380000000000269,10838,True
25,Background,10240,2.54445,2.54474,0.0002900000000001235,10838,True
29,Background,102400,2.54463,2.55077,0.006139999999999812,106400,True
27,Background,1048576,2.54708,2.55005,0.0029700000000003612,1087892,True
16,Background,10240,2.5494,2.54972,0.00032000000000032003,10838,True
22,Background,10240,2.54951,2.54991,0.00039999999999995595,10838,True
18,Background,1048576,2.54999,2.55304,0.003049999999999997,1087892,True
19,Background,10240,2.55384,2.55418,0.00034000000000000696,10838,True
21,Background,10240,2.55593,2.55623,0.0002999999999997449,10838,True
27,Background,10485760,2.55662,2.58374,0.027120000000000033,10876994,True
22,Background,102400,2.55877,2.56182,0.003049999999999997,106400,True
23,Background,10240,2.55896,2.55922,0.00025999999999992696,10838,True
14,Background,10240,2.56025,2.56042,0.00017000000000022553,10838,True
26,Background,102400,2.56061,2.56137,0.0007600000000000939,106400,True
18,Background,10240,2.56163,2.56192,0.0002900000000001235,10838,True
15,Background,10240,2.56357,2.56388,0.0003100000000002545,10838,True
22,Background,102400,2.56523,2.56577,0.0005399999999999849,106400,True
17,Background,1024,2.56707,2.56722,0.0001499999999996504,1244,True
28,Background,102400,2.5705,2.57096,0.00045999999999990493,106400,True
33,Background,1048576,2.57573,2.5781,0.0023699999999999832,1087892,True
11,Background,1024,2.57582,2.57598,0.00015999999999971593,1244,True
17,Background,10485760,2.58137,2.60519,0.02381999999999973,10876994,True
22,Background,1024,2.5829,2.58306,0.00016000000000016001,1244,True
24,Background,10485760,2.58337,2.60753,0.02416000000000018,10876994,True
23,Background,1024,2.58636,2.58651,0.0001500000000000945,1244,True
27,Background,102400,2.58644,2.58691,0.00046999999999997044,106400,True
29,Background,102400,2.58671,2.58742,0.0007099999999997664,106400,True
19,Background,1024,2.5876,2.58783,0.00022999999999973042,1244,True
20,Background,102400,2.58837,2.58884,0.00046999999999997044,106400,True
20,Background,1024,2.58879,2.58904,0.00024999999999986144,1244,True
30,Background,102400,2.58992,2.59064,0.0007199999999998319,106400,True
14,Background,10485760,2.59028,2.62013,0.029850000000000154,10876994,True
20,Background,1024,2.59304,2.59328,0.00024000000000024002,1244,True
22,Background,102400,2.59334,2.59383,0.0004900000000001015,106400,True
23,Background,10240,2.59534,2.5955,0.00015999999999971593,10838,True
17,Background,102400,2.5974,2.59807,0.0006699999999999484,106400,True
27,Background,1048576,2.59821,2.60481,0.006600000000000161,1087892,True
32,Background,1048576,2.59977,2.60764,0.007870000000000044,1087892,True
17,Background,102400,2.60048,2.60106,0.0005799999999998029,106400,True
34,Background,102400,2.60166,2.60219,0.0005299999999999194,106400,True
26,Background,10485760,2.60443,2.62814,0.023710000000000342,10876994,True
24,Background,10240,2.6047,2.60513,0.0004300000000001525,10838,True
25,Background,1024,2.6056,2.60577,0.00017000000000022553,1244,True
20,Background,1048576,2.60851,2.61102,0.0025100000000000122,1087892,True
24,Background,102400,2.60884,2.60934,0.000500000000000167,106400,True
21,Background,1048576,2.60962,2.61219,0.002569999999999961,1087892,True
23,Background,102400,2.61098,2.6117,0.0007199999999998319,106400,True
15,Background,102400,2.61122,2.61173,0.0005100000000002325,106400,True
21,Background,102400,2.61898,2.61951,0.0005299999999999194,106400,True
24,Background,104857600,2.61933,2.8293,0.20996999999999977,108768230,True
15,Background,10240,2.62052,2.62068,0.00016000000000016001,10838,True
25,Background,102400,2.62308,2.62347,0.0003900000000003345,106400,True
35,Background,10240,2.62335,2.62351,0.00016000000000016001,10838,True
13,Background,102400,2.62672,2.62712,0.00039999999999995595,106400,True
26,Background,102400,2.62896,2.62948,0.0005199999999998539,106400,True
22,Background,10240,2.6319,2.63206,0.00016000000000016001,10838,True
15,Background,102400,2.63508,2.63548,0.00039999999999995595,106400,True
28,Background,1048576,2.63665,2.63899,0.002340000000000231,1087892,True
23,Background,102400,2.63965,2.64004,0.00038999999999989043,106400,True
23,Background,10240,2.64021,2.64037,0.00015999999999971593,10838,True
21,Background,10240,2.64057,2.64073,0.00016000000000016001,10838,True
24,Background,1048576,2.64732,2.64981,0.002489999999999881,1087892,True
24,Background,1048576,2.6482,2.65058,0.0023800000000000487,1087892,True
36,Background,1048576,2.64876,2.65145,0.0026900000000003033,1087892,True
16,Background,102400,2.64878,2.64949,0.0007100000000002105,106400,True
27,Background,1024,2.65334,2.65349,0.0001500000000000945,1244,True
28,Background,10240,2.65378,2.65394,0.00016000000000016001,10838,True
17,Background,102400,2.65495,2.65547,0.000520000000000298,106400,True
26,Background,1024,2.65772,2.65787,0.0001500000000000945,1244,True
17,Background,1048576,2.65882,2.66127,0.0024500000000000632,1087892,True
21,Background,1048576,2.66821,2.6705,0.0022899999999999032,1087892,True
16,Background,1048576,2.66917,2.67146,0.0022900000000003473,1087892,True
30,Background,102400,2.6706,2.671,0.00039999999999995595,106400,True
18,Background,102400,2.67107,2.67146,0.0003900000000003345,106400,True
21,Background,102400,2.67378,2.67429,0.0005100000000002325,106400,True
18,Background,1048576,2.67426,2.67656,0.0022999999999999687,1087892,True
22,Background,1048576,2.67437,2.67667,0.0022999999999999687,1087892,True
17,Background,10240,2.6755,2.67566,0.00016000000000016001,10838,True
23,Background,102400,2.67724,2.67763,0.0003900000000003345,106400,True
18,Background,102400,2.67746,2.67785,0.00038999999999989043,106400,True
22,Background,10485760,2.68147,2.70266,0.02118999999999982,10876994,True
28,Background,104857600,2.68244,2.89236,0.20991999999999988,108768230,True
19,Background,102400,2.68392,2.68455,0.0006300000000001305,106400,True
22,Background,102400,2.68475,2.68524,0.0004899999999996574,106400,True
25,Background,1048576,2.68518,2.68747,0.0022899999999999032,1087892,True
14,Background,1024,2.68834,2.68849,0.0001499999999996504,1244,True
26,Background,102400,2.69053,2.69092,0.0003900000000003345,106400,True
23,Background,102400,2.69297,2.69349,0.000520000000000298,106400,True
30,Background,102400,2.69481,2.69534,0.0005299999999999194,106400,True
29,Background,1048576,2.69574,2.69811,0.0023699999999999832,1087892,True
26,Background,10485760,2.69598,2.71727,0.02129000000000003,10876994,True
15,Background,10240,2.69613,2.69629,0.00015999999999971593,10838,True
24,Background,10240,2.69734,2.6975,0.00015999999999971593,10838,True
26,Background,1048576,2.70007,2.70237,0.0022999999999999687,1087892,True
12,Background,10240,2.70021,2.70037,0.00015999999999971593,10838,True
25,Background,10240,2.7003,2.70047,0.00017000000000022553,10838,True
19,Background,10240,2.70154,2.70171,0.00016999999999978144,10838,True
22,Background,10240,2.70219,2.70235,0.00016000000000016001,10838,True
29,Background,102400,2.70525,2.70564,0.00038999999999989043,106400,True
29,Background,1024,2.70654,2.70669,0.0001500000000000945,1244,True
33,Background,1024,2.70828,2.70843,0.0001500000000000945,1244,True
25,Background,10240,2.71139,2.71155,0.00015999999999971593,10838,True
26,Background,1048576,2.71446,2.71677,0.0023100000000000342,1087892,True
25,Background,1048576,2.71726,2.71955,0.0022899999999999032,1087892,True
27,Background,102400,2.7227,2.72309,0.00038999999999989043,106400,True
30,Background,1024,2.72413,2.72428,0.0001499999999996504,1244,True
34,Background,1024,2.72487,2.72502,0.0001500000000000945,1244,True
30,Background,10240,2.72746,2.72761,0.0001499999999996504,10838,True
20,Background,102400,2.73332,2.73372,0.00039999999999995595,106400,True
21,Background,1024,2.73386,2.73401,0.0001500000000000945,1244,True
27,Background,102400,2.73401,2.7344,0.00038999999999989043,106400,True
13,Background,10240,2.73476,2.73492,0.00015999999999971593,10838,True
23,Background,102400,2.73589,2.73652,0.0006300000000001305,106400,True
31,Background,1024,2.74239,2.74255,0.00016000000000016001,1244,True
22,Background,10240,2.74549,2.74564,0.0001499999999996504,10838,True
28,Background,10485760,2.74725,2.76842,0.02116999999999969,10876994,True
15,Background,10240,2.74858,2.74874,0.00016000000000016001,10838,True
14,Background,102400,2.75101,2.75141,0.00039999999999995595,106400,True
20,Background,10240,2.75206,2.75222,0.00015999999999971593,10838,True
18,Background,1048576,2.75449,2.7568,0.0023100000000000342,1087892,True
18,Background,1048576,2.75468,2.75703,0.002349999999999852,1087892,True
19,Background,102400,2.75622,2.75662,0.00039999999999995595,106400,True
26,Background,102400,2.76017,2.76056,0.00038999999999989043,106400,True
27,Background,1048576,2.76032,2.76262,0.0022999999999999687,1087892,True
17,Background,102400,2.76146,2.76185,0.00038999999999989043,106400,True
22,Background,102400,2.76233,2.76272,0.00038999999999989043,106400,True
23,Background,1024,2.76259,2.76274,0.0001500000000000945,1244,True
21,Background,10240,2.76377,2.76393,0.00016000000000016001,10838,True
29,Background,1024,2.7682,2.76835,0.0001499999999996504,1244,True
23,Background,1024,2.76929,2.76944,0.0001500000000000945,1244,True
24,Background,102400,2.77581,2.77634,0.0005299999999999194,106400,True
18,Background,10240,2.777,2.77715,0.0001499999999996504,10838,True
25,Background,10240,2.7777,2.77786,0.00016000000000016001,10838,True
16,Background,102400,2.77787,2.77829,0.00042000000000008697,106400,True
20,Background,10240,2.77972,2.77988,0.00015999999999971593,10838,True
21,Background,102400,2.77993,2.78056,0.0006300000000001305,106400,True
20,Background,1048576,2.78029,2.78259,0.0022999999999999687,1087892,True
23,Background,1024,2.78152,2.78167,0.0001500000000000945,1244,True
31,Background,1048576,2.78197,2.78439,0.002420000000000311,1087892,True
35,Background,1024,2.79152,2.79167,0.0001500000000000945,1244,True
20,Background,1048576,2.79558,2.7979,0.0023199999999996557,1087892,True
36,Background,102400,2.79821,2.7986,0.00038999999999989043,106400,True
26,Background,10485760,2.79953,2.82072,0.021190000000000264,10876994,True
22,Background,102400,2.79967,2.80006,0.0003900000000003345,106400,True
27,Background,102400,2.80028,2.80067,0.0003900000000003345,106400,True
21,Background,1024,2.80088,2.80104,0.00016000000000016001,1244,True
21,Background,102400,2.80213,2.80252,0.00038999999999989043,106400,True
20,Background,104857600,2.8048,3.02001,0.2152099999999999,108768230,True
16,Background,1024,2.80789,2.80804,0.0001500000000000945,1244,True
29,Background,102400,2.80962,2.81001,0.0003900000000003345,106400,True
23,Background,10240,2.81196,2.81212,0.00016000000000016001,10838,True
21,Background,10485760,2.81555,2.83674,0.02118999999999982,10876994,True
21,Background,1048576,2.82305,2.82533,0.002280000000000282,1087892,True
27,Background,102400,2.82489,2.82553,0.000640000000000196,106400,True
30,Background,102400,2.82625,2.82664,0.00038999999999989043,106400,True
27,Background,1024,2.83314,2.83329,0.0001499999999996504,1244,True
17,Background,10240,2.83785,2.83801,0.00016000000000016001,10838,True
22,Background,10240,2.83923,2.83939,0.00015999999999971593,10838,True
15,Background,1024,2.83971,2.83987,0.00015999999999971593,1244,True
24,Background,10240,2.84024,2.84039,0.0001500000000000945,10838,True
26,Background,1048576,2.84125,2.84354,0.0022899999999999032,1087892,True
32,Background,1048576,2.84166,2.844,0.0023399999999997867,1087892,True
37,Background,10485760,2.84355,2.86473,0.0211800000000002,10876994,True
28,Background,102400,2.84521,2.8456,0.0003900000000003345,106400,True
17,Background,102400,2.84625,2.84664,0.00038999999999989043,106400,True
27,Background,1048576,2.84649,2.84894,0.002449999999999619,1087892,True
19,Background,1048576,2.84775,2.85022,0.0024700000000001943,1087892,True
29,Background,10485760,2.84784,2.86907,0.021229999999999638,10876994,True
19,Background,1048576,2.8482,2.85054,0.002340000000000231,1087892,True
28,Background,10240,2.84836,2.84859,0.0002300000000001745,10838,True
28,Background,1048576,2.84991,2.8525,0.0025900000000000922,1087892,True
28,Background,10240,2.85019,2.85043,0.00023999999999979593,10838,True
27,Background,10240,2.85116,2.85132,0.00015999999999971593,10838,True
20,Background,10240,2.85298,2.85314,0.00015999999999971593,10838,True
19,Background,1048576,2.85861,2.86093,0.0023200000000000998,1087892,True
22,Background,10240,2.86022,2.86038,0.00016000000000016001,10838,True
24,Background,10240,2.86032,2.86047,0.0001499999999996504,10838,True
28,Background,10240,2.86143,2.86159,0.00016000000000016001,10838,True
29,Background,102400,2.86569,2.86608,0.0003900000000003345,106400,True
15,Background,102400,2.8701,2.87049,0.0003900000000003345,106400,True
31,Background,10485760,2.87064,2.89185,0.02120999999999995,10876994,True
20,Background,1048576,2.87324,2.87554,0.0022999999999999687,1087892,True
21,Background,102400,2.87344,2.87383,0.00038999999999989043,106400,True
30,Background,1024,2.87424,2.8744,0.00016000000000016001,1244,True
29,Background,1048576,2.87553,2.87784,0.0023100000000000342,1087892,True
32,Background,1024,2.87557,2.87572,0.0001499999999996504,1244,True
24,Background,1024,2.87737,2.87753,0.00016000000000016001,1244,True
21,Background,10240,2.87896,2.87912,0.00015999999999971593,10838,True
28,Background,10485760,2.87951,2.90069,0.0211800000000002,10876994,True
30,Background,10240,2.87962,2.87978,0.00015999999999971593,10838,True
24,Background,102400,2.8806,2.88099,0.0003900000000003345,106400,True
24,Background,10485760,2.88209,2.90325,0.021160000000000068,10876994,True
29,Background,10240,2.88382,2.88398,0.00016000000000016001,10838,True
27,Background,10240,2.88424,2.8844,0.00015999999999971593,10838,True
23,Background,10240,2.88466,2.88482,0.00016000000000016001,10838,True
24,Background,10240,2.88552,2.88568,0.00015999999999971593,10838,True
25,Background,1024,2.88619,2.88634,0.0001500000000000945,1244,True
18,Background,102400,2.88946,2.88985,0.00038999999999989043,106400,True
32,Background,1048576,2.88985,2.8922,0.002349999999999852,1087892,True
18,Background,10240,2.89049,2.89066,0.00017000000000022553,10838,True
29,Background,104857600,2.89217,3.12655,0.2343799999999998,108768230,True
24,Background,1048576,2.89294,2.89536,0.002420000000000311,1087892,True
31,Background,10240,2.89862,2.89878,0.00015999999999971593,10838,True
19,Background,102400,2.9015,2.90189,0.00038999999999989043,106400,True
21,Background,10485760,2.90251,2.9237,0.021190000000000264,10876994,True
17,Background,1024,2.9047,2.90485,0.0001500000000000945,1244,True
22,Background,102400,2.90561,2.906,0.0003900000000003345,106400,True
20,Background,1024,2.90688,2.90703,0.0001499999999996504,1244,True
33,Background,102400,2.91247,2.91286,0.00038999999999989043,106400,True
25,Background,10485760,2.91252,2.93371,0.02118999999999982,10876994,True
31,Background,102400,2.91503,2.91542,0.0003900000000003345,106400,True
27,Background,10240,2.91649,2.91665,0.00016000000000016001,10838,True
25,Background,10240,2.9176,2.91776,0.00015999999999971593,10838,True
22,Background,1048576,2.91865,2.92098,0.0023300000000001653,1087892,True
24,Background,1024,2.91914,2.91929,0.0001500000000000945,1244,True
33,Background,102400,2.91973,2.92019,0.00045999999999990493,106400,True
24,Background,1048576,2.9211,2.92338,0.0022799999999998377,1087892,True
14,Background,10240,2.9226,2.92276,0.00015999999999971593,10838,True
23,Background,102400,2.92261,2.923,0.00038999999999989043,106400,True
16,Background,104857600,2.92409,3.17204,0.2479499999999999,108768230,True
34,Background,102400,2.92513,2.92552,0.0003900000000003345,106400,True
25,Background,102400,2.92744,2.92783,0.0003900000000003345,106400,True
30,Background,1024,2.92837,2.92852,0.0001499999999996504,1244,True
37,Background,104857600,2.93345,3.18252,0.24906999999999968,108768230,True
35,Background,1024,2.93598,2.93613,0.0001500000000000945,1244,True
22,Background,1024,2.93808,2.93824,0.00016000000000016001,1244,True
18,Background,10485760,2.9399,2.96135,0.021449999999999747,10876994,True
25,Background,10240,2.94264,2.9428,0.00016000000000016001,10838,True
23,Background,102400,2.94267,2.94306,0.00038999999999989043,106400,True
22,Background,1024,2.94594,2.94609,0.0001500000000000945,1244,True
18,Background,1024,2.94914,2.94929,0.0001500000000000945,1244,True
32,Background,102400,2.94938,2.94977,0.00038999999999989043,106400,True
26,Background,10240,2.95366,2.95381,0.0001499999999996504,10838,True
33,Background,1048576,2.95971,2.96207,0.002360000000000362,1087892,True
19,Background,102400,2.96083,2.9614,0.0005699999999997374,106400,True
24,Background,1048576,2.96347,2.96578,0.0023100000000000342,1087892,True
29,Background,1024,2.96373,2.96388,0.0001500000000000945,1244,True
38,Background,10240,2.96946,2.96962,0.00015999999999971593,10838,True
30,Background,10240,2.9715,2.97166,0.00016000000000016001,10838,True
31,Background,102400,2.97189,2.97252,0.0006299999999996864,106400,True
28,Background,1024,2.97211,2.97226,0.0001500000000000945,1244,True
25,Background,1048576,2.97249,2.9748,0.0023100000000000342,1087892,True
23,Background,1048576,2.97529,2.97758,0.0022899999999999032,1087892,True
22,Background,102400,2.97951,2.9799,0.0003900000000003345,106400,True
31,Background,10240,2.98072,2.98088,0.00016000000000016001,10838,True
32,Background,102400,2.98127,2.98166,0.0003900000000003345,106400,True
16,Background,102400,2.98228,2.98267,0.0003900000000003345,106400,True
38,Background,1048576,2.98437,2.98713,0.0027599999999998737,1087892,True
26,Background,102400,2.98449,2.98495,0.00045999999999990493,106400,True
25,Background,102400,2.98458,2.98506,0.00048000000000003595,106400,True
24,Background,1048576,2.98468,2.9877,0.0030199999999998006,1087892,True
25,Background,104857600,2.98472,3.25552,0.2708000000000004,108768230,True
39,Background,102400,2.98543,2.98805,0.0026199999999998447,106400,True
30,Background,102400,2.98598,2.98679,0.0008099999999999774,106400,True
15,Background,1024,2.99007,2.99023,0.00016000000000016001,1244,True
39,Background,10485760,2.99141,3.0172,0.025789999999999758,10876994,True
25,Background,102400,2.99293,2.99362,0.0006900000000000794,106400,True
31,Background,10485760,2.99546,3.05496,0.059499999999999886,10876994,True
26,Background,1048576,2.99602,3.01451,0.018489999999999895,1087892,True
32,Background,10485760,2.99706,3.04618,0.049120000000000275,10876994,True
18,Background,10240,2.99727,2.9975,0.0002300000000001745,10838,True
16,Background,102400,2.99737,3.00035,0.0029799999999999827,106400,True
25,Background,10240,3.00182,3.0022,0.000380000000000269,10838,True
33,Background,102400,3.00588,3.00666,0.000780000000000225,106400,True
19,Background,10240,3.0061,3.0063,0.00019999999999997797,10838,True
26,Background,1024,3.00651,3.00674,0.0002300000000001745,1244,True
25,Background,102400,3.00786,3.01412,0.006260000000000154,106400,True
34,Background,102400,3.01162,3.01569,0.004070000000000018,106400,True
26,Background,10240,3.01192,3.01224,0.00031999999999987594,10838,True
22,Background,102400,3.01355,3.01881,0.0052600000000002645,106400,True
31,Background,102400,3.01579,3.0197,0.003909999999999858,106400,True
27,Background,1048576,3.01649,3.02058,0.004089999999999705,1087892,True
25,Background,10485760,3.0183,3.07073,0.0524300000000002,10876994,True
32,Background,10485760,3.01919,3.0469,0.0277099999999999,10876994,True
26,Background,10240,3.02165,3.02185,0.00019999999999997797,10838,True
29,Background,10240,3.02274,3.02317,0.0004299999999997084,10838,True
34,Background,1048576,3.02428,3.02799,0.00370999999999988,1087892,True
26,Background,1024,3.02508,3.02531,0.0002300000000001745,1244,True
40,Background,102400,3.02826,3.02885,0.0005899999999998684,106400,True
23,Background,102400,3.03342,3.034,0.0005799999999998029,106400,True
18,Background,10240,3.03545,3.03581,0.000360000000000138,10838,True
27,Background,102400,3.03715,3.03754,0.00038999999999989043,106400,True
35,Background,10485760,3.03955,3.07883,0.03927999999999976,10876994,True
19,Background,102400,3.04021,3.0406,0.00038999999999989043,106400,True
26,Background,102400,3.04584,3.04681,0.0009699999999996933,106400,True
33,Background,102400,3.04586,3.04683,0.0009700000000001374,106400,True
24,Background,102400,3.04892,3.04983,0.0009100000000001884,106400,True
30,Background,1048576,3.04918,3.06105,0.011870000000000047,1087892,True
24,Background,102400,3.05104,3.05159,0.0005500000000000504,106400,True
31,Background,102400,3.05249,3.05361,0.0011199999999997878,106400,True
21,Background,1048576,3.05463,3.05843,0.0038000000000000256,1087892,True
25,Background,10240,3.05535,3.05567,0.00032000000000032003,10838,True
24,Background,102400,3.05544,3.05821,0.002769999999999939,106400,True
40,Background,102400,3.05781,3.06021,0.0024000000000001798,106400,True
26,Background,102400,3.05821,3.05868,0.00046999999999997044,106400,True
25,Background,10240,3.0623,3.06246,0.00016000000000016001,10838,True
36,Background,1048576,3.06513,3.0682,0.003070000000000128,1087892,True
30,Background,10240,3.06707,3.06729,0.0002199999999996649,10838,True
23,Background,10240,3.06869,3.06914,0.0004499999999998394,10838,True
16,Background,1048576,3.0708,3.07528,0.004479999999999595,1087892,True
34,Background,1048576,3.07091,3.07655,0.005640000000000089,1087892,True
37,Background,1024,3.07287,3.07319,0.00031999999999987594,1244,True
31,Background,102400,3.07372,3.07614,0.002420000000000311,106400,True
41,Background,102400,3.07576,3.07664,0.0008799999999999919,106400,True
26,Background,102400,3.07623,3.07671,0.00048000000000003595,106400,True
17,Background,10240,3.07759,3.07778,0.00019000000000035655,10838,True
16,Background,102400,3.08247,3.08286,0.0003900000000003345,106400,True
23,Background,10240,3.08313,3.08329,0.00015999999999971593,10838,True
20,Background,104857600,3.08404,3.3073,0.22326000000000024,108768230,True
31,Background,102400,3.08429,3.08468,0.00038999999999989043,106400,True
20,Background,102400,3.08487,3.08529,0.00042000000000008697,106400,True
32,Background,1024,3.08595,3.0861,0.0001500000000000945,1244,True
33,Background,1048576,3.08636,3.08866,0.0022999999999999687,1087892,True
32,Background,10240,3.08929,3.08945,0.00015999999999971593,10838,True
42,Background,1024,3.09077,3.09092,0.0001500000000000945,1244,True
27,Background,10240,3.09098,3.09113,0.0001500000000000945,10838,True
24,Background,1024,3.09507,3.09522,0.0001499999999996504,1244,True
34,Background,1024,3.09715,3.0973,0.0001500000000000945,1244,True
33,Background,1048576,3.09744,3.09976,0.0023199999999996557,1087892,True
32,Background,1048576,3.09951,3.10184,0.0023300000000001653,1087892,True
24,Background,1024,3.09998,3.10014,0.00016000000000016001,1244,True
23,Background,102400,3.09998,3.10056,0.000580000000000247,106400,True
17,Background,10240,3.10131,3.10147,0.00016000000000016001,10838,True
28,Background,1024,3.10209,3.10225,0.00016000000000016001,1244,True
30,Background,102400,3.10281,3.10334,0.0005300000000003635,106400,True
27,Background,1024,3.10501,3.10517,0.00016000000000016001,1244,True
22,Background,10240,3.11272,3.11287,0.0001500000000000945,10838,True
21,Background,1048576,3.11433,3.11666,0.0023300000000001653,1087892,True
20,Background,10485760,3.11637,3.14319,0.026820000000000288,10876994,True
26,Background,1048576,3.11736,3.12185,0.004489999999999661,1087892,True
28,Background,1048576,3.11752,3.12663,0.009110000000000174,1087892,True
31,Background,1048576,3.11989,3.12381,0.003920000000000368,1087892,True
27,Background,104857600,3.12055,3.35533,0.23477999999999977,108768230,True
27,Background,1048576,3.12074,3.12991,0.009170000000000122,1087892,True
27,Background,10240,3.12528,3.12545,0.00016999999999978144,10838,True
26,Background,102400,3.12599,3.1267,0.0007100000000002105,106400,True
29,Background,10240,3.12855,3.12886,0.00030999999999981043,10838,True
17,Background,102400,3.12867,3.13001,0.0013399999999998968,106400,True
23,Background,10485760,3.13005,3.16247,0.03241999999999967,10876994,True
32,Background,10485760,3.1315,3.17554,0.04403999999999986,10876994,True
17,Background,10240,3.13606,3.13629,0.00022999999999973042,10838,True
28,Background,10240,3.13913,3.1393,0.00016999999999978144,10838,True
34,Background,10485760,3.14093,3.17507,0.03413999999999984,10876994,True
28,Background,1024,3.14132,3.14149,0.00017000000000022553,1244,True
18,Background,10240,3.14813,3.14829,0.00015999999999971593,10838,True
24,Background,102400,3.15167,3.1528,0.0011299999999998533,106400,True
33,Background,102400,3.15325,3.15381,0.000560000000000116,106400,True
21,Background,10240,3.15342,3.15373,0.00030999999999981043,10838,True
20,Background,1024,3.15872,3.15914,0.0004199999999996429,1244,True
22,Background,1024,3.16073,3.16114,0.00041000000000002146,1244,True
34,Background,10240,3.16293,3.16321,0.000280000000000058,10838,True
31,Background,102400,3.16444,3.16507,0.0006300000000001305,106400,True
26,Background,10240,3.17029,3.17046,0.00016999999999978144,10838,True
34,Background,10240,3.17252,3.17268,0.00016000000000016001,10838,True
25,Background,1048576,3.17598,3.1784,0.0024199999999998667,1087892,True
35,Background,102400,3.17739,3.17778,0.00038999999999989043,106400,True
27,Background,1024,3.18016,3.18031,0.0001500000000000945,1244,True
25,Background,10485760,3.18248,3.20461,0.022130000000000205,10876994,True
28,Background,102400,3.1837,3.18409,0.00038999999999989043,106400,True
27,Background,10485760,3.18556,3.20772,0.022159999999999958,10876994,True
26,Background,10240,3.18559,3.18575,0.00016000000000016001,10838,True
17,Background,10485760,3.18621,3.20833,0.02212000000000014,10876994,True
35,Background,102400,3.18981,3.1904,0.0005899999999998684,106400,True
18,Background,102400,3.19029,3.19084,0.0005500000000000504,106400,True
18,Background,10240,3.19064,3.19095,0.00030999999999981043,10838,True
19,Background,10240,3.19138,3.1916,0.000220000000000109,10838,True
24,Background,1048576,3.19228,3.19566,0.0033800000000003827,1087892,True
28,Background,1048576,3.19315,3.19856,0.005409999999999915,1087892,True
19,Background,102400,3.19659,3.19725,0.0006599999999998829,106400,True
28,Background,102400,3.19678,3.19974,0.0029599999999998516,106400,True
19,Background,102400,3.20063,3.20109,0.000460000000000349,106400,True
21,Background,1024,3.20171,3.20186,0.0001500000000000945,1244,True
18,Background,102400,3.20384,3.20436,0.0005199999999998539,106400,True
25,Background,1048576,3.2071,3.20939,0.0022899999999999032,1087892,True
32,Background,102400,3.20955,3.20994,0.00038999999999989043,106400,True
23,Background,102400,3.21055,3.21094,0.00038999999999989043,106400,True
27,Background,10240,3.22086,3.22102,0.00016000000000016001,10838,True
23,Background,1048576,3.22204,3.22433,0.0022900000000003473,1087892,True
36,Background,10240,3.22327,3.22343,0.00016000000000016001,10838,True
19,Background,102400,3.22497,3.2255,0.0005299999999999194,106400,True
36,Background,102400,3.22601,3.2264,0.00038999999999989043,106400,True
33,Background,10240,3.22645,3.22661,0.00016000000000016001,10838,True
26,Background,10240,3.2282,3.22836,0.00015999999999971593,10838,True
21,Background,102400,3.23259,3.23298,0.00038999999999989043,106400,True
21,Background,102400,3.23328,3.23367,0.00038999999999989043,106400,True
20,Background,1048576,3.2371,3.23939,0.0022900000000003473,1087892,True
22,Background,1024,3.23745,3.2376,0.0001500000000000945,1244,True
28,Background,1048576,3.23792,3.24045,0.0025300000000001432,1087892,True
22,Background,102400,3.2384,3.2388,0.00039999999999995595,106400,True
27,Background,102400,3.23863,3.23902,0.00038999999999989043,106400,True
28,Background,10485760,3.24131,3.26248,0.021170000000000133,10876994,True
32,Background,1024,3.24248,3.24263,0.0001500000000000945,1244,True
28,Background,10485760,3.24404,3.2652,0.021160000000000068,10876994,True
23,Background,1048576,3.24521,3.24752,0.0023100000000000342,1087892,True
19,Background,102400,3.24628,3.24674,0.00045999999999990493,106400,True
29,Background,10240,3.24997,3.25013,0.00016000000000016001,10838,True
28,Background,102400,3.25584,3.25632,0.00048000000000003595,106400,True
33,Background,102400,3.25615,3.25654,0.0003900000000003345,106400,True
29,Background,10240,3.25644,3.2566,0.00016000000000016001,10838,True
43,Background,102400,3.25901,3.25941,0.00039999999999995595,106400,True
35,Background,102400,3.25911,3.25951,0.00039999999999995595,106400,True
20,Background,1048576,3.25916,3.26145,0.0022899999999999032,1087892,True
29,Background,1048576,3.26081,3.26326,0.002449999999999619,1087892,True
29,Background,1048576,3.26179,3.2642,0.0024100000000002453,1087892,True
30,Background,1024,3.26472,3.26488,0.00015999999999971593,1244,True
36,Background,1024,3.26669,3.26684,0.0001500000000000945,1244,True
27,Background,1024,3.26722,3.26737,0.0001500000000000945,1244,True
27,Background,1048576,3.26903,3.27131,0.002280000000000282,1087892,True
33,Background,1048576,3.27418,3.27647,0.0022900000000003473,1087892,True
18,Background,102400,3.27451,3.2749,0.0003900000000003345,106400,True
35,Background,102400,3.27556,3.27595,0.00038999999999989043,106400,True
33,Background,1048576,3.27911,3.28139,0.0022799999999998377,1087892,True
21,Background,102400,3.27962,3.28001,0.00038999999999989043,106400,True
37,Background,1024,3.28513,3.28528,0.0001500000000000945,1244,True
29,Background,1048576,3.28628,3.28857,0.0022899999999999032,1087892,True
27,Background,10485760,3.28723,3.3084,0.02116999999999969,10876994,True
19,Background,1048576,3.28909,3.29138,0.0022900000000003473,1087892,True
29,Background,1024,3.29052,3.29068,0.00016000000000016001,1244,True
34,Background,102400,3.29122,3.29161,0.00038999999999989043,106400,True
26,Background,10485760,3.29183,3.3131,0.0212699999999999,10876994,True
26,Background,104857600,3.29353,3.51167,0.21814,108768230,True
23,Background,10240,3.29399,3.29415,0.00016000000000016001,10838,True
26,Background,10240,3.29627,3.29643,0.00016000000000016001,10838,True
28,Background,10240,3.29669,3.29684,0.0001500000000000945,10838,True
34,Background,102400,3.29768,3.29807,0.00038999999999989043,106400,True
28,Background,102400,3.2986,3.29899,0.00038999999999989043,106400,True
35,Background,1048576,3.30023,3.30256,0.0023300000000001653,1087892,True
28,Background,102400,3.30068,3.30115,0.00046999999999997044,106400,True
29,Background,1048576,3.30721,3.3095,0.0022899999999999032,1087892,True
38,Background,102400,3.3083,3.30869,0.00038999999999989043,106400,True
24,Background,10240,3.30883,3.30898,0.0001500000000000945,10838,True
24,Background,102400,3.30928,3.30967,0.00038999999999989043,106400,True
27,Background,1048576,3.31178,3.31417,0.00238999999999967,1087892,True
29,Background,1024,3.32105,3.3212,0.0001500000000000945,1244,True
28,Background,102400,3.32228,3.32267,0.00038999999999989043,106400,True
39,Background,10240,3.32417,3.32433,0.00015999999999971593,10838,True
29,Background,102400,3.32561,3.326,0.00038999999999989043,106400,True
23,Background,1048576,3.32714,3.32943,0.0022899999999999032,1087892,True
20,Background,10240,3.32726,3.32742,0.00016000000000016001,10838,True
22,Background,102400,3.33024,3.33063,0.0003900000000003345,106400,True
25,Background,1024,3.33427,3.33443,0.00015999999999971593,1244,True
29,Background,1048576,3.3356,3.33793,0.0023300000000001653,1087892,True
28,Background,10240,3.33563,3.33579,0.00015999999999971593,10838,True
38,Background,102400,3.33608,3.33647,0.00038999999999989043,106400,True
35,Background,10240,3.33759,3.33775,0.00016000000000016001,10838,True
32,Background,1048576,3.33872,3.34107,0.0023500000000002963,1087892,True
35,Background,10240,3.34014,3.34029,0.0001500000000000945,10838,True
33,Background,10240,3.34508,3.34523,0.0001500000000000945,10838,True
25,Background,10240,3.34865,3.3488,0.0001500000000000945,10838,True
27,Background,1048576,3.34955,3.35186,0.0023100000000000342,1087892,True
30,Background,102400,3.35085,3.35129,0.000440000000000218,106400,True
36,Background,1024,3.35283,3.35298,0.0001500000000000945,1244,True
44,Background,10485760,3.35481,3.37612,0.021309999999999718,10876994,True
37,Background,10485760,3.35676,3.37801,0.021250000000000213,10876994,True
19,Background,102400,3.35957,3.35996,0.00038999999999989043,106400,True
21,Background,1024,3.36019,3.36034,0.0001500000000000945,1244,True
25,Background,10240,3.36245,3.36261,0.00016000000000016001,10838,True
22,Background,10485760,3.36641,3.38759,0.021179999999999755,10876994,True
40,Background,1048576,3.36782,3.37026,0.0024399999999999977,1087892,True
26,Background,102400,3.36952,3.36992,0.00039999999999995595,106400,True
26,Background,10240,3.37085,3.37101,0.00016000000000016001,10838,True
38,Background,102400,3.37162,3.37201,0.00038999999999989043,106400,True
23,Background,104857600,3.37262,3.59064,0.2180200000000001,108768230,True
29,Background,102400,3.37292,3.37355,0.0006299999999996864,106400,True
30,Background,1024,3.37328,3.37343,0.0001500000000000945,1244,True
24,Background,102400,3.37415,3.37454,0.00038999999999989043,106400,True
28,Background,10240,3.37523,3.37539,0.00015999999999971593,10838,True
36,Background,1048576,3.37619,3.37848,0.0022900000000003473,1087892,True
34,Background,1048576,3.37689,3.37942,0.0025300000000001432,1087892,True
30,Background,1024,3.37825,3.3784,0.0001500000000000945,1244,True
37,Background,102400,3.37834,3.37873,0.00038999999999989043,106400,True
23,Background,1048576,3.38024,3.38253,0.0022899999999999032,1087892,True
38,Background,10240,3.38202,3.38218,0.00016000000000016001,10838,True
30,Background,1048576,3.38354,3.38586,0.0023200000000000998,1087892,True
41,Background,1048576,3.38654,3.38885,0.0023100000000000342,1087892,True
22,Background,10485760,3.38865,3.40985,0.021199999999999886,10876994,True
23,Background,102400,3.3888,3.38933,0.0005300000000003635,106400,True
31,Background,10240,3.39007,3.39023,0.00015999999999971593,10838,True
35,Background,1048576,3.39178,3.39419,0.0024100000000002453,1087892,True
30,Background,102400,3.393,3.39352,0.000520000000000298,106400,True
39,Background,1048576,3.39455,3.39687,0.0023199999999996557,1087892,True
36,Background,1048576,3.39558,3.39791,0.0023300000000001653,1087892,True
27,Background,102400,3.39564,3.39603,0.00038999999999989043,106400,True
39,Background,102400,3.39807,3.39846,0.00038999999999989043,106400,True
37,Background,10240,3.40161,3.40177,0.00016000000000016001,10838,True
36,Background,1024,3.40322,3.40338,0.00015999999999971593,1244,True
32,Background,1048576,3.40622,3.40851,0.0022900000000003473,1087892,True
19,Background,1024,3.40743,3.40758,0.0001499999999996504,1244,True
30,Background,102400,3.40797,3.40849,0.0005199999999998539,106400,True
31,Background,102400,3.40962,3.41001,0.0003900000000003345,106400,True
33,Background,102400,3.41323,3.41362,0.00038999999999989043,106400,True
37,Background,1048576,3.41402,3.41631,0.0022900000000003473,1087892,True
29,Background,102400,3.41407,3.41447,0.00039999999999995595,106400,True
34,Background,1024,3.41409,3.41424,0.0001500000000000945,1244,True
29,Background,1048576,3.41495,3.41737,0.0024199999999998667,1087892,True
29,Background,1048576,3.41705,3.41934,0.0022899999999999032,1087892,True
37,Background,10485760,3.41903,3.44665,0.0276200000000002,10876994,True
30,Background,1048576,3.42123,3.42352,0.0022899999999999032,1087892,True
36,Background,102400,3.42679,3.4273,0.0005099999999997884,106400,True
23,Background,1048576,3.42832,3.43062,0.0022999999999999687,1087892,True
25,Background,10240,3.42976,3.42992,0.00016000000000016001,10838,True
20,Background,102400,3.43316,3.43355,0.00038999999999989043,106400,True
27,Background,1024,3.43321,3.43336,0.0001500000000000945,1244,True
24,Background,102400,3.43516,3.43555,0.00038999999999989043,106400,True
30,Background,1048576,3.43555,3.44494,0.009389999999999787,1087892,True
27,Background,1048576,3.4358,3.44909,0.013290000000000024,1087892,True
32,Background,10485760,3.43661,3.4773,0.040690000000000115,10876994,True
31,Background,102400,3.43677,3.45021,0.013440000000000119,106400,True
30,Background,1024,3.44015,3.44164,0.0014899999999999913,1244,True
26,Background,10485760,3.44136,3.47522,0.03386000000000022,10876994,True
30,Background,102400,3.44308,3.44359,0.0005099999999997884,106400,True
30,Background,1024,3.44324,3.44339,0.0001500000000000945,1244,True
37,Background,102400,3.45205,3.45253,0.00048000000000003595,106400,True
27,Background,10240,3.45471,3.45495,0.00024000000000024002,10838,True
39,Background,1048576,3.45772,3.46008,0.0023599999999999177,1087892,True
31,Background,10485760,3.46018,3.48134,0.021160000000000068,10876994,True
40,Background,102400,3.46198,3.4625,0.0005199999999998539,106400,True
28,Background,1048576,3.46302,3.46531,0.0022899999999999032,1087892,True
40,Background,10240,3.4651,3.46526,0.00015999999999971593,10838,True
41,Background,1048576,3.47129,3.47358,0.0022899999999999032,1087892,True
20,Background,10240,3.47251,3.47267,0.00015999999999971593,10838,True
33,Background,10240,3.47278,3.47295,0.00016999999999978144,10838,True
24,Background,1024,3.47318,3.47334,0.00015999999999971593,1244,True
40,Background,1048576,3.47386,3.47618,0.0023199999999996557,1087892,True
25,Background,1048576,3.47493,3.47746,0.0025300000000001432,1087892,True
41,Background,102400,3.47628,3.47667,0.00038999999999989043,106400,True
30,Background,102400,3.48074,3.48119,0.0004499999999998394,106400,True
31,Background,1024,3.48128,3.48143,0.0001500000000000945,1244,True
28,Background,10240,3.48451,3.48467,0.00015999999999971593,10838,True
31,Background,102400,3.48643,3.48682,0.00038999999999989043,106400,True
34,Background,1048576,3.4882,3.49049,0.0022899999999999032,1087892,True
42,Background,1048576,3.49025,3.49254,0.0022899999999999032,1087892,True
28,Background,1048576,3.49037,3.49266,0.0022899999999999032,1087892,True
21,Background,10240,3.49263,3.49278,0.0001500000000000945,10838,True
30,Background,1048576,3.49443,3.49674,0.0023100000000000342,1087892,True
21,Background,102400,3.4946,3.49499,0.00038999999999989043,106400,True
42,Background,1048576,3.4961,3.49839,0.0022899999999999032,1087892,True
29,Background,1024,3.49958,3.49974,0.00016000000000016001,1244,True
42,Background,102400,3.50073,3.50117,0.000440000000000218,106400,True
38,Background,10240,3.50119,3.50134,0.0001500000000000945,10838,True
35,Background,102400,3.50219,3.50258,0.00038999999999989043,106400,True
41,Background,102400,3.5075,3.50789,0.0003900000000003345,106400,True
22,Background,1024,3.50784,3.50799,0.0001500000000000945,1244,True
30,Background,102400,3.51071,3.5111,0.00038999999999989043,106400,True
38,Background,10240,3.51119,3.51134,0.0001500000000000945,10838,True
32,Background,1048576,3.5119,3.51443,0.0025300000000001432,1087892,True
25,Background,102400,3.51395,3.51448,0.0005299999999999194,106400,True
25,Background,104857600,3.51959,3.72952,0.20992999999999995,108768230,True
20,Background,1048576,3.52345,3.52575,0.0022999999999999687,1087892,True
36,Background,10485760,3.52438,3.54555,0.021170000000000133,10876994,True
35,Background,1048576,3.52548,3.52779,0.0023100000000000342,1087892,True
23,Background,10240,3.52587,3.52603,0.00016000000000016001,10838,True
21,Background,102400,3.5267,3.5271,0.00039999999999995595,106400,True
28,Background,1048576,3.52672,3.52908,0.0023599999999999177,1087892,True
22,Background,10240,3.52725,3.52741,0.00016000000000016001,10838,True
30,Background,102400,3.53052,3.53091,0.00038999999999989043,106400,True
38,Background,1048576,3.53332,3.53562,0.002300000000000413,1087892,True
20,Background,10240,3.53346,3.53362,0.00016000000000016001,10838,True
21,Background,102400,3.53417,3.53456,0.00038999999999989043,106400,True
43,Background,10240,3.53426,3.53442,0.00015999999999971593,10838,True
28,Background,102400,3.53488,3.53548,0.000600000000000378,106400,True
23,Background,1024,3.5351,3.53525,0.0001500000000000945,1244,True
31,Background,1024,3.53854,3.53869,0.0001500000000000945,1244,True
32,Background,1024,3.54374,3.54389,0.0001500000000000945,1244,True
25,Background,102400,3.54508,3.54547,0.00038999999999989043,106400,True
34,Background,10240,3.54858,3.54874,0.00016000000000016001,10838,True
29,Background,102400,3.55088,3.5515,0.0006200000000000649,106400,True
43,Background,102400,3.55403,3.55442,0.00038999999999989043,106400,True
22,Background,102400,3.55449,3.55488,0.00038999999999989043,106400,True
29,Background,10485760,3.55473,3.57597,0.021239999999999704,10876994,True
24,Background,102400,3.55495,3.55548,0.0005300000000003635,106400,True
31,Background,10240,3.55495,3.55511,0.00016000000000016001,10838,True
35,Background,10240,3.55618,3.55633,0.0001500000000000945,10838,True
43,Background,1048576,3.55966,3.562,0.0023399999999997867,1087892,True
39,Background,10240,3.56262,3.56278,0.00016000000000016001,10838,True
29,Background,1048576,3.564,3.56642,0.0024199999999998667,1087892,True
31,Background,10485760,3.56488,3.58629,0.02140999999999993,10876994,True
32,Background,102400,3.56619,3.56658,0.00038999999999989043,106400,True
31,Background,10240,3.56652,3.56668,0.00015999999999971593,10838,True
25,Background,10240,3.56693,3.56709,0.00015999999999971593,10838,True
24,Background,102400,3.57003,3.57042,0.00038999999999989043,106400,True
40,Background,102400,3.57074,3.5712,0.000460000000000349,106400,True
27,Background,1048576,3.57206,3.57435,0.0022899999999999032,1087892,True
31,Background,1048576,3.57512,3.57741,0.0022899999999999032,1087892,True
22,Background,102400,3.57565,3.57604,0.00038999999999989043,106400,True
35,Background,10485760,3.57589,3.59729,0.021400000000000308,10876994,True
29,Background,102400,3.57642,3.57681,0.00038999999999989043,106400,True
45,Background,1048576,3.57887,3.58135,0.0024799999999998157,1087892,True
31,Background,102400,3.58014,3.58054,0.00039999999999995595,106400,True
32,Background,10240,3.58223,3.58239,0.00016000000000016001,10838,True
23,Background,102400,3.58483,3.58535,0.0005199999999998539,106400,True
33,Background,10240,3.58616,3.58632,0.00016000000000016001,10838,True
42,Background,1048576,3.58737,3.58967,0.0022999999999999687,1087892,True
30,Background,1024,3.59266,3.59281,0.0001500000000000945,1244,True
22,Background,102400,3.593,3.59339,0.00038999999999989043,106400,True
21,Background,10240,3.59377,3.59392,0.0001499999999996504,10838,True
32,Background,102400,3.5942,3.59459,0.0003900000000003345,106400,True
33,Background,1024,3.59506,3.59521,0.0001499999999996504,1244,True
44,Background,102400,3.59525,3.59564,0.00038999999999989043,106400,True
29,Background,1024,3.59563,3.59578,0.0001500000000000945,1244,True
41,Background,102400,3.59566,3.59605,0.00038999999999989043,106400,True
43,Background,1024,3.59674,3.59689,0.0001500000000000945,1244,True
32,Background,102400,3.59808,3.59847,0.00038999999999989043,106400,True
32,Background,102400,3.59813,3.59852,0.0003900000000003345,106400,True
33,Background,102400,3.5989,3.59953,0.0006300000000001305,106400,True
44,Background,1024,3.5991,3.59925,0.0001500000000000945,1244,True
39,Background,1024,3.60059,3.60074,0.0001500000000000945,1244,True
32,Background,10240,3.60224,3.6024,0.00015999999999971593,10838,True
33,Background,102400,3.60387,3.60428,0.00041000000000002146,106400,True
39,Background,10240,3.60807,3.60822,0.0001500000000000945,10838,True
34,Background,10240,3.60832,3.60848,0.00016000000000016001,10838,True
24,Background,102400,3.60902,3.60941,0.00038999999999989043,106400,True
25,Background,10485760,3.61045,3.63163,0.021179999999999755,10876994,True
28,Background,10240,3.61118,3.61134,0.00016000000000016001,10838,True
31,Background,10485760,3.61362,3.63482,0.021199999999999886,10876994,True
37,Background,102400,3.62001,3.62041,0.00039999999999995595,106400,True
33,Background,102400,3.62065,3.62104,0.00038999999999989043,106400,True
32,Background,102400,3.62472,3.62514,0.00042000000000008697,106400,True
24,Background,10240,3.62632,3.62648,0.00015999999999971593,10838,True
29,Background,1048576,3.62906,3.63135,0.0022899999999999032,1087892,True
23,Background,1024,3.63216,3.63232,0.00016000000000016001,1244,True
31,Background,1048576,3.63216,3.63444,0.002280000000000282,1087892,True
36,Background,1048576,3.63805,3.64033,0.002280000000000282,1087892,True
34,Background,1024,3.63995,3.6401,0.0001500000000000945,1244,True
29,Background,10240,3.64046,3.64062,0.00016000000000016001,10838,True
24,Background,102400,3.64095,3.64147,0.0005199999999998539,106400,True
24,Background,10485760,3.64138,3.66256,0.0211800000000002,10876994,True
34,Background,104857600,3.64175,3.85746,0.21571000000000007,108768230,True
34,Background,1048576,3.64183,3.64423,0.0023999999999997357,1087892,True
32,Background,102400,3.64205,3.64244,0.0003900000000003345,106400,True
30,Background,10240,3.64274,3.64289,0.0001500000000000945,10838,True
44,Background,1024,3.64486,3.64501,0.0001500000000000945,1244,True
20,Background,10240,3.64641,3.64657,0.00016000000000016001,10838,True
30,Background,10240,3.65279,3.65294,0.0001500000000000945,10838,True
33,Background,1048576,3.65749,3.6598,0.0023100000000000342,1087892,True
24,Background,102400,3.65909,3.65948,0.00038999999999989043,106400,True
22,Background,1024,3.66046,3.66061,0.0001500000000000945,1244,True
37,Background,102400,3.6605,3.66089,0.0003900000000003345,106400,True
25,Background,1024,3.66142,3.66157,0.0001500000000000945,1244,True
33,Background,102400,3.66202,3.66241,0.00038999999999989043,106400,True
23,Background,102400,3.66981,3.67035,0.0005399999999999849,106400,True
31,Background,1048576,3.67094,3.67346,0.0025200000000000777,1087892,True
38,Background,1024,3.67158,3.67174,0.00015999999999971593,1244,True
45,Background,10240,3.67292,3.67308,0.00016000000000016001,10838,True
40,Background,1048576,3.67312,3.6754,0.0022799999999998377,1087892,True
30,Background,102400,3.67517,3.67556,0.00038999999999989043,106400,True
32,Background,1024,3.67551,3.67566,0.0001500000000000945,1244,True
24,Background,10240,3.68189,3.68205,0.00015999999999971593,10838,True
45,Background,10240,3.6842,3.68436,0.00015999999999971593,10838,True
42,Background,102400,3.68429,3.68468,0.0003900000000003345,106400,True
30,Background,10485760,3.68535,3.70652,0.02116999999999969,10876994,True
25,Background,10240,3.68717,3.68733,0.00016000000000016001,10838,True
26,Background,10240,3.68921,3.68937,0.00015999999999971593,10838,True
41,Background,10485760,3.68953,3.71072,0.02118999999999982,10876994,True
28,Background,102400,3.69048,3.69087,0.00038999999999989043,106400,True
26,Background,1048576,3.69442,3.69673,0.0023100000000000342,1087892,True
21,Background,102400,3.69447,3.69486,0.00038999999999989043,106400,True
33,Background,1048576,3.69834,3.70064,0.0022999999999999687,1087892,True
26,Background,102400,3.69911,3.6995,0.00038999999999989043,106400,True
25,Background,1048576,3.69974,3.70212,0.0023800000000000487,1087892,True
24,Background,1024,3.70031,3.70047,0.00016000000000016001,1244,True
35,Background,102400,3.70119,3.70158,0.00038999999999989043,106400,True
26,Background,1024,3.70153,3.70169,0.00016000000000016001,1244,True
35,Background,1048576,3.70502,3.70731,0.0022899999999999032,1087892,True
27,Background,102400,3.70656,3.70695,0.00038999999999989043,106400,True
25,Background,10240,3.70924,3.7094,0.00016000000000016001,10838,True
23,Background,1048576,3.7116,3.71392,0.0023200000000000998,1087892,True
28,Background,102400,3.71605,3.71644,0.00038999999999989043,106400,True
26,Background,10240,3.71724,3.71739,0.0001500000000000945,10838,True
33,Background,10240,3.71748,3.71764,0.00015999999999971593,10838,True
33,Background,102400,3.72334,3.72373,0.0003900000000003345,106400,True
36,Background,10240,3.72356,3.72372,0.00016000000000016001,10838,True
24,Background,10240,3.72368,3.72384,0.00016000000000016001,10838,True
37,Background,1048576,3.72497,3.72739,0.002420000000000311,1087892,True
27,Background,10240,3.72517,3.72532,0.0001500000000000945,10838,True
31,Background,1024,3.72615,3.7263,0.0001500000000000945,1244,True
32,Background,1024,3.72817,3.72832,0.0001500000000000945,1244,True
26,Background,10485760,3.72928,3.75328,0.02400000000000002,10876994,True
45,Background,10240,3.73137,3.73152,0.0001500000000000945,10838,True
25,Background,1024,3.73169,3.73184,0.0001500000000000945,1244,True
46,Background,1048576,3.73223,3.73452,0.0022899999999999032,1087892,True
26,Background,102400,3.73264,3.73303,0.00038999999999989043,106400,True
36,Background,10240,3.73841,3.73856,0.0001500000000000945,10838,True
37,Background,10240,3.74008,3.74024,0.00016000000000016001,10838,True
47,Background,102400,3.74209,3.74248,0.00038999999999989043,106400,True
36,Background,102400,3.74401,3.7444,0.0003900000000003345,106400,True
33,Background,102400,3.74414,3.74452,0.000380000000000269,106400,True
34,Background,102400,3.74463,3.74502,0.00038999999999989043,106400,True
31,Background,1048576,3.74736,3.76647,0.01910999999999996,1087892,True
38,Background,1024,3.74807,3.74891,0.0008400000000001739,1244,True
27,Background,10485760,3.74844,3.78667,0.038229999999999986,10876994,True
25,Background,10240,3.74933,3.7495,0.00016999999999978144,10838,True
30,Background,102400,3.74938,3.75017,0.0007899999999998464,106400,True
36,Background,102400,3.74981,3.75302,0.003209999999999713,106400,True
27,Background,102400,3.75024,3.7507,0.000460000000000349,106400,True
48,Background,102400,3.75073,3.75587,0.005139999999999922,106400,True
38,Background,10240,3.75085,3.75131,0.000460000000000349,10838,True
46,Background,1048576,3.7509,3.76501,0.014110000000000067,1087892,True
42,Background,1048576,3.75225,3.75872,0.006469999999999754,1087892,True
34,Background,10240,3.75481,3.7553,0.0004900000000001015,10838,True
39,Background,102400,3.75626,3.75668,0.0004199999999996429,106400,True
32,Background,1048576,3.76068,3.76554,0.0048600000000003085,1087892,True
26,Background,102400,3.76133,3.76172,0.00038999999999989043,106400,True
39,Background,1024,3.76215,3.76236,0.00021000000000004349,1244,True
26,Background,102400,3.76363,3.76434,0.0007099999999997664,106400,True
25,Background,1024,3.76416,3.76431,0.0001500000000000945,1244,True
33,Background,10240,3.76461,3.76482,0.00021000000000004349,10838,True
30,Background,10485760,3.76984,3.79109,0.021250000000000213,10876994,True
34,Background,1024,3.77133,3.77148,0.0001500000000000945,1244,True
31,Background,1024,3.77346,3.77361,0.0001500000000000945,1244,True
38,Background,102400,3.77449,3.77488,0.00038999999999989043,106400,True
25,Background,102400,3.77466,3.77505,0.00038999999999989043,106400,True
39,Background,1048576,3.77549,3.7778,0.0023100000000000342,1087892,True
44,Background,1024,3.77591,3.77606,0.0001500000000000945,1244,True
26,Background,10240,3.7821,3.78226,0.00016000000000016001,10838,True
26,Background,10240,3.78246,3.78262,0.00016000000000016001,10838,True
40,Background,102400,3.7829,3.78353,0.0006299999999996864,106400,True
34,Background,102400,3.78409,3.78448,0.00038999999999989043,106400,True
22,Background,10485760,3.79182,3.81313,0.021310000000000162,10876994,True
35,Background,102400,3.79213,3.79252,0.0003900000000003345,106400,True
34,Background,102400,3.79236,3.79275,0.00038999999999989043,106400,True
46,Background,10485760,3.79553,3.81672,0.021190000000000264,10876994,True
35,Background,102400,3.79659,3.79698,0.00038999999999989043,106400,True
29,Background,102400,3.79858,3.79897,0.0003900000000003345,106400,True
31,Background,10240,3.79996,3.80012,0.00016000000000016001,10838,True
28,Background,102400,3.80084,3.80132,0.00048000000000003595,106400,True
41,Background,1048576,3.8057,3.80806,0.0023599999999999177,1087892,True
40,Background,102400,3.80957,3.80996,0.00038999999999989043,106400,True
40,Background,1048576,3.81057,3.81289,0.0023200000000000998,1087892,True
27,Background,1024,3.81143,3.81158,0.0001500000000000945,1244,True
35,Background,1048576,3.81703,3.81931,0.002280000000000282,1087892,True
49,Background,102400,3.81867,3.81906,0.00038999999999989043,106400,True
33,Background,10240,3.8235,3.82366,0.00015999999999971593,10838,True
31,Background,1048576,3.82623,3.82852,0.0022900000000003473,1087892,True
39,Background,10240,3.82785,3.82801,0.00015999999999971593,10838,True
32,Background,1024,3.82844,3.82859,0.0001500000000000945,1244,True
34,Background,10240,3.8293,3.82945,0.0001500000000000945,10838,True
28,Background,1048576,3.83057,3.83288,0.0023100000000000342,1087892,True
27,Background,10240,3.83172,3.83188,0.00016000000000016001,10838,True
29,Background,10240,3.83449,3.83465,0.00015999999999971593,10838,True
36,Background,1024,3.84073,3.84088,0.0001499999999996504,1244,True
29,Background,10240,3.8452,3.84536,0.00015999999999971593,10838,True
46,Background,1024,3.84529,3.84544,0.0001500000000000945,1244,True
34,Background,102400,3.84887,3.84929,0.00042000000000008697,106400,True
33,Background,1048576,3.85141,3.85371,0.0022999999999999687,1087892,True
28,Background,10240,3.85166,3.85181,0.0001500000000000945,10838,True
36,Background,1024,3.85189,3.85204,0.0001500000000000945,1244,True
26,Background,102400,3.85582,3.85637,0.0005500000000000504,106400,True
32,Background,10240,3.8569,3.85706,0.00016000000000016001,10838,True
27,Background,102400,3.86722,3.86761,0.00038999999999989043,106400,True
35,Background,10485760,3.87006,3.89121,0.021150000000000002,10876994,True
31,Background,10485760,3.87007,3.89123,0.021160000000000068,10876994,True
27,Background,10485760,3.8777,3.89892,0.021220000000000017,10876994,True
37,Background,102400,3.87888,3.87947,0.0005899999999998684,106400,True
27,Background,1024,3.87936,3.87951,0.0001499999999996504,1244,True
36,Background,102400,3.87983,3.88034,0.0005099999999997884,106400,True
50,Background,102400,3.88164,3.88203,0.00038999999999989043,106400,True
30,Background,10240,3.88271,3.88286,0.0001500000000000945,10838,True
51,Background,1048576,3.88291,3.88544,0.0025300000000001432,1087892,True
52,Background,1048576,3.88473,3.88709,0.002360000000000362,1087892,True
41,Background,102400,3.88664,3.88703,0.0003900000000003345,106400,True
28,Background,10240,3.89236,3.89252,0.00016000000000016001,10838,True
43,Background,1048576,3.89326,3.89555,0.0022899999999999032,1087892,True
29,Background,102400,3.89539,3.89578,0.00038999999999989043,106400,True
35,Background,10240,3.904,3.90416,0.00016000000000016001,10838,True
47,Background,102400,3.90423,3.90462,0.00038999999999989043,106400,True
53,Background,1048576,3.90978,3.91217,0.0023900000000001143,1087892,True
28,Background,10485760,3.91466,3.93586,0.021199999999999886,10876994,True
40,Background,102400,3.91594,3.91646,0.0005199999999998539,106400,True
41,Background,102400,3.92214,3.92253,0.00038999999999989043,106400,True
27,Background,102400,3.92233,3.92272,0.00038999999999989043,106400,True
34,Background,1048576,3.92239,3.92469,0.0022999999999999687,1087892,True
31,Background,102400,3.92531,3.9257,0.00038999999999989043,106400,True
26,Background,10240,3.93369,3.93385,0.00016000000000016001,10838,True
32,Background,10485760,3.93435,3.95553,0.0211800000000002,10876994,True
28,Background,1024,3.93654,3.93669,0.0001500000000000945,1244,True
36,Background,10240,3.93811,3.93826,0.0001500000000000945,10838,True
29,Background,102400,3.93873,3.93916,0.0004300000000001525,106400,True
26,Background,1048576,3.93984,3.94221,0.0023700000000004273,1087892,True
35,Background,10485760,3.94046,3.96165,0.021190000000000264,10876994,True
33,Background,102400,3.94164,3.94203,0.00038999999999989043,106400,True
27,Background,102400,3.94165,3.94204,0.00038999999999989043,106400,True
37,Background,1048576,3.94182,3.94426,0.0024399999999999977,1087892,True
38,Background,102400,3.9419,3.94253,0.0006300000000001305,106400,True
41,Background,1048576,3.94223,3.94452,0.0022899999999999032,1087892,True
35,Background,10240,3.94289,3.94305,0.00016000000000016001,10838,True
36,Background,102400,3.94567,3.94606,0.0003900000000003345,106400,True
35,Background,1024,3.94581,3.94596,0.0001500000000000945,1244,True
27,Background,102400,3.95168,3.95207,0.00038999999999989043,106400,True
34,Background,1048576,3.95209,3.95438,0.0022899999999999032,1087892,True
28,Background,1024,3.95928,3.95943,0.0001499999999996504,1244,True
40,Background,10240,3.961,3.96116,0.00016000000000016001,10838,True
32,Background,102400,3.96216,3.96255,0.00038999999999989043,106400,True
37,Background,10240,3.96257,3.96272,0.0001500000000000945,10838,True
23,Background,1024,3.96333,3.96348,0.0001500000000000945,1244,True
44,Background,102400,3.96629,3.96668,0.0003900000000003345,106400,True
35,Background,102400,3.9666,3.96699,0.00038999999999989043,106400,True
35,Background,1048576,3.96666,3.969,0.0023399999999997867,1087892,True
35,Background,10485760,3.97792,3.99933,0.02140999999999993,10876994,True
24,Background,1048576,3.97921,3.9815,0.0022899999999999032,1087892,True
34,Background,10240,3.98091,3.98107,0.00015999999999971593,10838,True
30,Background,1048576,3.98186,3.98418,0.0023199999999996557,1087892,True
38,Background,1048576,3.98194,3.98446,0.0025200000000000777,1087892,True
27,Background,102400,3.98552,3.98591,0.00038999999999989043,106400,True
42,Background,1048576,3.98692,3.98945,0.0025300000000001432,1087892,True
42,Background,10240,3.98715,3.98731,0.00015999999999971593,10838,True
36,Background,102400,3.98766,3.98805,0.00038999999999989043,106400,True
33,Background,104857600,3.98947,4.24184,0.25237,108768230,True
28,Background,104857600,3.9907,4.25613,0.26542999999999983,108768230,True
37,Background,10240,3.99102,3.99118,0.00016000000000016001,10838,True
36,Background,10240,3.99156,3.99171,0.0001499999999996504,10838,True
29,Background,1024,3.99207,3.99223,0.00016000000000016001,1244,True
37,Background,10485760,3.99244,4.01362,0.0211800000000002,10876994,True
29,Background,102400,3.99822,3.99861,0.0003900000000003345,106400,True
37,Background,1048576,3.99826,4.00056,0.0022999999999999687,1087892,True
33,Background,104857600,3.99852,4.27322,0.27470000000000017,108768230,True
32,Background,102400,4.0014,4.00179,0.00038999999999944635,106400,True
47,Background,10240,4.00199,4.00215,0.00016000000000016001,10838,True
43,Background,104857600,4.00651,4.28915,0.28264000000000067,108768230,True
48,Background,102400,4.00657,4.00696,0.0003900000000003345,106400,True
48,Background,102400,4.00752,4.00791,0.00038999999999944635,106400,True
49,Background,10485760,4.01097,4.03283,0.021859999999999324,10876994,True
30,Background,10240,4.01468,4.01484,0.00016000000000016001,10838,True
29,Background,10240,4.0148,4.01495,0.0001499999999996504,10838,True
44,Background,102400,4.01562,4.01601,0.00038999999999944635,106400,True
32,Background,102400,4.01757,4.01796,0.0003900000000003345,106400,True
32,Background,10240,4.02042,4.02058,0.00016000000000016001,10838,True
43,Background,1024,4.02068,4.02083,0.0001500000000005386,1244,True
31,Background,10485760,4.02363,4.04588,0.022250000000000547,10876994,True
31,Background,1024,4.02382,4.02397,0.0001500000000005386,1244,True
39,Background,1048576,4.02423,4.02721,0.0029799999999999827,1087892,True
38,Background,102400,4.0311,4.03156,0.00045999999999946084,106400,True
30,Background,102400,4.0332,4.03359,0.0003900000000003345,106400,True
38,Background,102400,4.03555,4.03594,0.0003900000000003345,106400,True
36,Background,102400,4.03593,4.03656,0.0006300000000001305,106400,True
47,Background,10240,4.03872,4.03887,0.0001500000000005386,10838,True
45,Background,10240,4.03967,4.03983,0.00016000000000016001,10838,True
34,Background,10240,4.04588,4.04603,0.0001499999999996504,10838,True
37,Background,1024,4.04934,4.04949,0.0001499999999996504,1244,True
37,Background,102400,4.05063,4.05102,0.0003900000000003345,106400,True
36,Background,1048576,4.05286,4.05518,0.0023200000000000998,1087892,True
32,Background,102400,4.05973,4.06019,0.000460000000000349,106400,True
37,Background,102400,4.05981,4.06036,0.0005500000000004945,106400,True
37,Background,1048576,4.06008,4.06237,0.002289999999999459,1087892,True
34,Background,10240,4.06315,4.06331,0.00016000000000016001,10838,True
35,Background,102400,4.06418,4.06457,0.00038999999999944635,106400,True
36,Background,1048576,4.06634,4.06864,0.0022999999999999687,1087892,True
28,Background,1024,4.06709,4.06724,0.0001499999999996504,1244,True
27,Background,1048576,4.06724,4.06953,0.0022900000000003473,1087892,True
33,Background,10240,4.06843,4.06859,0.00016000000000016001,10838,True
54,Background,1024,4.0701,4.07025,0.0001499999999996504,1244,True
31,Background,10240,4.072,4.07216,0.00016000000000016001,10838,True
37,Background,102400,4.07275,4.07322,0.00046999999999997044,106400,True
38,Background,1024,4.07671,4.07686,0.0001499999999996504,1244,True
36,Background,102400,4.07891,4.07954,0.0006300000000001305,106400,True
43,Background,102400,4.07932,4.07972,0.00039999999999995595,106400,True
30,Background,1024,4.08082,4.08097,0.0001499999999996504,1244,True
33,Background,10485760,4.08391,4.10532,0.021409999999999485,10876994,True
30,Background,102400,4.084,4.08439,0.0003900000000003345,106400,True
42,Background,102400,4.08546,4.08585,0.00038999999999944635,106400,True
43,Background,1048576,4.09026,4.09265,0.0023900000000001143,1087892,True
41,Background,102400,4.0908,4.09142,0.000620000000000509,106400,True
38,Background,102400,4.09218,4.09273,0.0005500000000004945,106400,True
39,Background,1024,4.09264,4.09284,0.00019999999999953388,1244,True
30,Background,104857600,4.09848,4.38239,0.28390999999999966,108768230,True
38,Background,10240,4.1003,4.10046,0.00016000000000016001,10838,True
37,Background,10240,4.10042,4.10059,0.00017000000000066962,10838,True
29,Background,10240,4.10159,4.10176,0.00016999999999978144,10838,True
42,Background,102400,4.1081,4.10849,0.00038999999999944635,106400,True
29,Background,10485760,4.11243,4.13859,0.02615999999999996,10876994,True
46,Background,102400,4.11477,4.11538,0.0006099999999999994,106400,True
31,Background,1048576,4.11652,4.13162,0.015099999999999447,1087892,True
35,Background,10240,4.11706,4.11751,0.0004499999999998394,10838,True
55,Background,1048576,4.1177,4.13494,0.017240000000000144,1087892,True
38,Background,1024,4.11795,4.11823,0.0002799999999991698,1244,True
34,Background,1048576,4.11926,4.1302,0.010940000000000616,1087892,True
48,Background,1048576,4.12037,4.12514,0.004769999999999719,1087892,True
50,Background,1024,4.1227,4.12304,0.0003399999999995629,1244,True
36,Background,102400,4.12442,4.12815,0.003730000000000011,106400,True
36,Background,1048576,4.12484,4.13984,0.015000000000000568,1087892,True
44,Background,102400,4.125,4.12565,0.0006500000000002615,106400,True
43,Background,1024,4.12623,4.12666,0.00043000000000059657,1244,True
49,Background,1048576,4.12959,4.13814,0.008549999999999613,1087892,True
28,Background,10240,4.1328,4.13305,0.00025000000000030553,10838,True
33,Background,1048576,4.13325,4.14176,0.008509999999999351,1087892,True
39,Background,10240,4.13562,4.13579,0.00016999999999978144,10838,True
39,Background,1048576,4.13657,4.14705,0.010480000000000267,1087892,True
32,Background,1048576,4.13873,4.14204,0.003309999999999924,1087892,True
30,Background,1048576,4.14047,4.14367,0.0032000000000005357,1087892,True
50,Background,104857600,4.14098,4.42153,0.28054999999999986,108768230,True
34,Background,10240,4.14155,4.14203,0.00048000000000048004,10838,True
30,Background,102400,4.14241,4.14301,0.000600000000000378,106400,True
42,Background,10240,4.14277,4.14316,0.0003900000000003345,10838,True
34,Background,1048576,4.14383,4.14681,0.0029799999999999827,1087892,True
44,Background,10240,4.14395,4.14416,0.00021000000000004349,10838,True
28,Background,1048576,4.14755,4.15033,0.0027800000000004488,1087892,True
32,Background,102400,4.14776,4.14852,0.000760000000000538,106400,True
28,Background,10240,4.14999,4.15025,0.00025999999999992696,10838,True
44,Background,102400,4.15063,4.15108,0.0004500000000007276,106400,True
45,Background,10485760,4.15306,4.18613,0.03307000000000038,10876994,True
40,Background,1024,4.15364,4.15408,0.000440000000000218,1244,True
38,Background,1024,4.15511,4.15529,0.00018000000000029104,1244,True
45,Background,104857600,4.15932,4.44055,0.28122999999999987,108768230,True
33,Background,1048576,4.16133,4.16502,0.003689999999999749,1087892,True
51,Background,102400,4.16153,4.16247,0.0009399999999999409,106400,True
39,Background,10240,4.16214,4.16234,0.00020000000000042206,10838,True
38,Background,10240,4.16275,4.16317,0.00042000000000008697,10838,True
56,Background,102400,4.16597,4.16672,0.0007500000000000284,106400,True
30,Background,10240,4.16621,4.16637,0.00015999999999927184,10838,True
26,Background,10240,4.16644,4.16678,0.00034000000000045105,10838,True
31,Background,10240,4.16831,4.16849,0.00018000000000029104,10838,True
43,Background,1024,4.16885,4.16919,0.00034000000000045105,1244,True
35,Background,102400,4.16959,4.17014,0.0005499999999996064,106400,True
31,Background,102400,4.17021,4.17072,0.0005100000000002325,106400,True
34,Background,10485760,4.17224,4.22516,0.05291999999999941,10876994,True
34,Background,10240,4.17373,4.17411,0.0003799999999998249,10838,True
45,Background,1048576,4.17385,4.1851,0.011250000000000426,1087892,True
29,Background,104857600,4.17469,4.44858,0.27388999999999974,108768230,True
35,Background,102400,4.17555,4.17617,0.0006199999999996209,106400,True
37,Background,1048576,4.1772,4.18317,0.005969999999999587,1087892,True
46,Background,10240,4.17753,4.17803,0.0004999999999997229,10838,True
31,Background,102400,4.17753,4.1808,0.003269999999999662,106400,True
49,Background,10240,4.17888,4.17921,0.00032999999999994145,10838,True
32,Background,102400,4.18517,4.18576,0.0005899999999998684,106400,True
37,Background,102400,4.18662,4.1873,0.0006800000000000139,106400,True
35,Background,10240,4.1901,4.19028,0.00017999999999940286,10838,True
46,Background,102400,4.19024,4.19081,0.0005699999999997374,106400,True
39,Background,102400,4.19036,4.19105,0.0006899999999996353,106400,True
32,Background,102400,4.19176,4.19273,0.0009699999999996933,106400,True
37,Background,1048576,4.19426,4.19783,0.003569999999999851,1087892,True
35,Background,10240,4.19793,4.19819,0.00025999999999992696,10838,True
33,Background,1048576,4.19795,4.208,0.010050000000000558,1087892,True
47,Background,10485760,4.19803,4.24852,0.050489999999999924,10876994,True
35,Background,102400,4.20049,4.20314,0.002650000000000041,106400,True
52,Background,10240,4.20638,4.20675,0.0003700000000002035,10838,True
38,Background,10240,4.20759,4.20793,0.00034000000000045105,10838,True
40,Background,1048576,4.20917,4.21268,0.003509999999999458,1087892,True
39,Background,1048576,4.21422,4.2207,0.006479999999999819,1087892,True
30,Background,10240,4.21475,4.21516,0.00040999999999957737,10838,True
25,Background,10240,4.21596,4.21622,0.00025999999999992696,10838,True
39,Background,1048576,4.21719,4.22059,0.0033999999999991815,1087892,True
31,Background,10485760,4.21739,4.26865,0.05126000000000008,10876994,True
33,Background,10240,4.22466,4.2251,0.000440000000000218,10838,True
31,Background,102400,4.22494,4.22556,0.0006199999999996209,106400,True
38,Background,10240,4.22563,4.22594,0.00030999999999981043,10838,True
48,Background,1024,4.23367,4.23406,0.0003900000000003345,1244,True
39,Background,102400,4.23369,4.23721,0.0035199999999999676,106400,True
41,Background,10240,4.23512,4.23528,0.00016000000000016001,10838,True
33,Background,1048576,4.2363,4.24504,0.008740000000000414,1087892,True
36,Background,1048576,4.24048,4.25291,0.012430000000000163,1087892,True
41,Background,10485760,4.24226,4.29311,0.050850000000000506,10876994,True
27,Background,104857600,4.24456,4.48804,0.24347999999999992,108768230,True
34,Background,1024,4.24549,4.24577,0.000280000000000058,1244,True
40,Background,1024,4.24599,4.24622,0.0002300000000001745,1244,True
40,Background,10240,4.25644,4.25668,0.0002400000000006841,10838,True
38,Background,102400,4.25752,4.26083,0.003309999999999924,106400,True
33,Background,10485760,4.25767,4.30886,0.05119000000000007,10876994,True
36,Background,1024,4.25968,4.26011,0.0004299999999997084,1244,True
41,Background,1048576,4.26003,4.263,0.002969999999999473,1087892,True
28,Background,1048576,4.26176,4.27724,0.01548000000000016,1087892,True
47,Background,1048576,4.26565,4.28193,0.016280000000000072,1087892,True
31,Background,10240,4.26649,4.26676,0.0002699999999995484,10838,True
47,Background,1048576,4.26662,4.28006,0.013440000000000119,1087892,True
31,Background,10240,4.26704,4.26727,0.0002300000000001745,10838,True
48,Background,102400,4.26935,4.27123,0.0018799999999998818,106400,True
50,Background,102400,4.27274,4.27337,0.0006300000000001305,106400,True
36,Background,1048576,4.27291,4.28284,0.009929999999999772,1087892,True
29,Background,1048576,4.27325,4.28344,0.0101899999999997,1087892,True
29,Background,102400,4.27347,4.27614,0.0026700000000001722,106400,True
45,Background,1024,4.27418,4.27433,0.0001499999999996504,1244,True
40,Background,102400,4.27482,4.27576,0.0009399999999999409,106400,True
29,Background,102400,4.27482,4.27576,0.0009399999999999409,106400,True
44,Background,1048576,4.27961,4.28374,0.004129999999999967,1087892,True
39,Background,1048576,4.28221,4.29093,0.008720000000000283,1087892,True
40,Background,102400,4.28327,4.28375,0.00048000000000048004,106400,True
51,Background,10240,4.28398,4.28418,0.00020000000000042206,10838,True
37,Background,1048576,4.28543,4.29561,0.010180000000000078,1087892,True
30,Background,102400,4.28668,4.28721,0.0005300000000003635,106400,True
34,Background,102400,4.28688,4.28985,0.0029700000000003612,106400,True
46,Background,1024,4.29158,4.29197,0.0003900000000003345,1244,True
32,Background,10240,4.2961,4.29626,0.00016000000000016001,10838,True
32,Background,10240,4.29772,4.29788,0.00016000000000016001,10838,True
32,Background,1048576,4.2981,4.30104,0.002940000000000609,1087892,True
57,Background,10240,4.2987,4.29916,0.00045999999999946084,10838,True
40,Background,102400,4.2994,4.30016,0.0007599999999996498,106400,True
42,Background,10240,4.30026,4.30043,0.00017000000000066962,10838,True
30,Background,1024,4.30824,4.30839,0.0001500000000005386,1244,True
32,Background,102400,4.31228,4.31267,0.00038999999999944635,106400,True
47,Background,102400,4.31532,4.31571,0.0003900000000003345,106400,True
39,Background,1024,4.31818,4.31833,0.0001499999999996504,1244,True
51,Background,10240,4.3182,4.31836,0.00016000000000016001,10838,True
38,Background,10240,4.31878,4.31894,0.00015999999999927184,10838,True
39,Background,10240,4.31955,4.3197,0.0001500000000005386,10838,True
35,Background,1024,4.32003,4.32018,0.0001499999999996504,1244,True
49,Background,102400,4.32092,4.3216,0.0006800000000000139,106400,True
42,Background,10485760,4.32097,4.34333,0.022359999999999935,10876994,True
34,Background,10240,4.32215,4.32231,0.00016000000000016001,10838,True
41,Background,10240,4.32237,4.32254,0.00016999999999978144,10838,True
48,Background,102400,4.32477,4.3253,0.0005300000000003635,106400,True
35,Background,1024,4.3279,4.32806,0.00016000000000016001,1244,True
48,Background,10240,4.32801,4.32818,0.00016999999999978144,10838,True
31,Background,10240,4.32886,4.32902,0.00016000000000016001,10838,True
46,Background,1024,4.33194,4.33209,0.0001499999999996504,1244,True
33,Background,1024,4.33395,4.3341,0.0001500000000005386,1244,True
49,Background,1048576,4.3345,4.33739,0.002889999999999837,1087892,True
30,Background,10240,4.33601,4.33628,0.00027000000000043656,10838,True
26,Background,10240,4.33931,4.33947,0.00016000000000016001,10838,True
41,Background,10485760,4.3408,4.36422,0.023420000000000663,10876994,True
34,Background,1024,4.34374,4.34397,0.00022999999999928633,1244,True
35,Background,102400,4.34425,4.34471,0.000460000000000349,106400,True
31,Background,1048576,4.3445,4.34796,0.0034599999999995745,1087892,True
37,Background,102400,4.34485,4.34583,0.000980000000000203,106400,True
40,Background,10240,4.35743,4.35759,0.00016000000000016001,10838,True
42,Background,102400,4.35903,4.3595,0.00046999999999997044,106400,True
40,Background,1024,4.36195,4.3621,0.0001499999999996504,1244,True
32,Background,1048576,4.36249,4.36523,0.0027400000000001867,1087892,True
36,Background,1048576,4.3639,4.36676,0.0028600000000000847,1087892,True
52,Background,10240,4.36593,4.36609,0.00016000000000016001,10838,True
33,Background,10240,4.36753,4.36769,0.00015999999999927184,10838,True
38,Background,102400,4.36948,4.36988,0.00039999999999995595,106400,True
50,Background,1048576,4.37091,4.37344,0.0025300000000001432,1087892,True
41,Background,10240,4.37212,4.37229,0.00016999999999978144,10838,True
42,Background,1048576,4.37479,4.37721,0.0024199999999998667,1087892,True
41,Background,102400,4.37536,4.37583,0.00046999999999997044,106400,True
42,Background,102400,4.37721,4.3776,0.0003900000000003345,106400,True
33,Background,1024,4.37761,4.37777,0.00016000000000016001,1244,True
39,Background,102400,4.38378,4.38429,0.0005100000000002325,106400,True
40,Background,1024,4.38391,4.38406,0.0001499999999996504,1244,True
29,Background,102400,4.38712,4.38751,0.00038999999999944635,106400,True
39,Background,10485760,4.38861,4.40981,0.02120000000000033,10876994,True
38,Background,10240,4.39213,4.39228,0.0001500000000005386,10838,True
35,Background,102400,4.39554,4.39593,0.0003900000000003345,106400,True
33,Background,10240,4.39587,4.39603,0.00015999999999927184,10838,True
43,Background,102400,4.39972,4.40014,0.00042000000000008697,106400,True
35,Background,10240,4.39988,4.40005,0.00017000000000066962,10838,True
37,Background,10240,4.40016,4.40031,0.0001500000000005386,10838,True
41,Background,10240,4.40306,4.40322,0.00016000000000016001,10838,True
43,Background,102400,4.41202,4.41241,0.0003900000000003345,106400,True
42,Background,10240,4.41294,4.4131,0.00016000000000016001,10838,True
44,Background,102400,4.41466,4.41505,0.0003900000000003345,106400,True
37,Background,1048576,4.41573,4.4181,0.0023699999999999832,1087892,True
39,Background,10240,4.41585,4.416,0.0001500000000005386,10838,True
36,Background,1024,4.41633,4.41648,0.0001499999999996504,1244,True
38,Background,1024,4.42146,4.42162,0.00016000000000016001,1244,True
34,Background,10240,4.42184,4.422,0.00015999999999927184,10838,True
32,Background,1024,4.42343,4.42359,0.00016000000000016001,1244,True
34,Background,102400,4.42363,4.42403,0.00039999999999995595,106400,True
36,Background,1048576,4.42737,4.42967,0.0022999999999999687,1087892,True
51,Background,10240,4.43496,4.43511,0.0001499999999996504,10838,True
35,Background,1048576,4.43704,4.43933,0.0022900000000003473,1087892,True
36,Background,10485760,4.44043,4.46161,0.0211800000000002,10876994,True
40,Background,10240,4.44124,4.4414,0.00016000000000016001,10838,True
39,Background,10240,4.44191,4.44206,0.0001499999999996504,10838,True
40,Background,102400,4.44248,4.44287,0.0003900000000003345,106400,True
34,Background,1024,4.44507,4.44522,0.0001499999999996504,1244,True
40,Background,1048576,4.44526,4.44756,0.0022999999999999687,1087892,True
41,Background,1024,4.44691,4.44706,0.0001499999999996504,1244,True
58,Background,1024,4.44872,4.44887,0.0001500000000005386,1244,True
27,Background,1048576,4.45105,4.45333,0.0022799999999998377,1087892,True
30,Background,10240,4.4513,4.45146,0.00016000000000016001,10838,True
34,Background,102400,4.45511,4.4555,0.00038999999999944635,106400,True
38,Background,10240,4.46086,4.46102,0.00016000000000016001,10838,True
37,Background,102400,4.46116,4.46155,0.0003900000000003345,106400,True
42,Background,10240,4.46262,4.46278,0.00016000000000016001,10838,True
32,Background,1048576,4.46359,4.46591,0.0023200000000000998,1087892,True
36,Background,1048576,4.46369,4.46604,0.002349999999999852,1087892,True
33,Background,102400,4.46405,4.46444,0.00038999999999944635,106400,True
41,Background,102400,4.46524,4.46563,0.0003900000000003345,106400,True
40,Background,10240,4.46585,4.466,0.0001500000000005386,10838,True
52,Background,102400,4.46682,4.46737,0.0005499999999996064,106400,True
36,Background,10485760,4.46692,4.48832,0.021399999999999864,10876994,True
32,Background,10485760,4.47165,4.49286,0.02120999999999995,10876994,True
37,Background,1048576,4.47362,4.47594,0.0023199999999992116,1087892,True
44,Background,104857600,4.47413,4.68403,0.2099000000000002,108768230,True
36,Background,1024,4.4758,4.47595,0.0001500000000005386,1244,True
31,Background,10240,4.47588,4.47603,0.0001499999999996504,10838,True
41,Background,1048576,4.47676,4.47913,0.0023699999999999832,1087892,True
30,Background,1024,4.47709,4.47724,0.0001500000000005386,1244,True
34,Background,10485760,4.47874,4.49999,0.021250000000000213,10876994,True
38,Background,102400,4.47985,4.48029,0.000440000000000218,106400,True
40,Background,102400,4.48283,4.48335,0.0005199999999998539,106400,True
35,Background,1024,4.48435,4.4845,0.0001499999999996504,1244,True
37,Background,10485760,4.48471,4.50593,0.02122000000000046,10876994,True
36,Background,1024,4.49126,4.49141,0.0001500000000005386,1244,True
41,Background,1048576,4.4917,4.49406,0.002360000000000362,1087892,True
40,Background,1024,4.49535,4.4955,0.0001499999999996504,1244,True
52,Background,1024,4.4957,4.49585,0.0001499999999996504,1244,True
42,Background,1024,4.49618,4.49633,0.0001500000000005386,1244,True
39,Background,102400,4.4972,4.49759,0.00038999999999944635,106400,True
36,Background,1048576,4.50106,4.50334,0.0022799999999998377,1087892,True
43,Background,10485760,4.50468,4.5259,0.02122000000000046,10876994,True
39,Background,10240,4.50497,4.50513,0.00016000000000016001,10838,True
31,Background,102400,4.50783,4.50834,0.0005099999999993443,106400,True
49,Background,1024,4.51534,4.51549,0.0001499999999996504,1244,True
43,Background,102400,4.51688,4.51751,0.0006300000000001305,106400,True
41,Background,1024,4.51708,4.51724,0.00016000000000016001,1244,True
33,Background,10240,4.5192,4.51936,0.00016000000000016001,10838,True
44,Background,1024,4.52239,4.52254,0.0001500000000005386,1244,True
45,Background,1024,4.52531,4.52546,0.0001499999999996504,1244,True
47,Background,102400,4.52845,4.52884,0.00038999999999944635,106400,True
44,Background,1048576,4.52997,4.53238,0.0024100000000002453,1087892,True
46,Background,102400,4.53508,4.53547,0.0003900000000003345,106400,True
38,Background,1024,4.53619,4.53634,0.0001499999999996504,1244,True
45,Background,102400,4.53731,4.5377,0.0003900000000003345,106400,True
37,Background,1048576,4.53973,4.5421,0.0023699999999999832,1087892,True
34,Background,10240,4.54008,4.54024,0.00016000000000016001,10838,True
35,Background,102400,4.54423,4.54462,0.0003900000000003345,106400,True
43,Background,10485760,4.54445,4.56563,0.02117999999999931,10876994,True
35,Background,1048576,4.54719,4.54948,0.0022900000000003473,1087892,True
35,Background,102400,4.54867,4.54906,0.00038999999999944635,106400,True
35,Background,1024,4.54926,4.54941,0.0001499999999996504,1244,True
43,Background,1048576,4.54953,4.55185,0.0023200000000000998,1087892,True
59,Background,102400,4.55025,4.55064,0.00038999999999944635,106400,True
39,Background,1048576,4.55842,4.56072,0.0022999999999999687,1087892,True
33,Background,1024,4.55935,4.5595,0.0001499999999996504,1244,True
38,Background,102400,4.56138,4.56177,0.0003900000000003345,106400,True
60,Background,102400,4.56307,4.56346,0.0003900000000003345,106400,True
33,Background,102400,4.56419,4.56458,0.0003900000000003345,106400,True
49,Background,1024,4.56496,4.56512,0.00016000000000016001,1244,True
53,Background,10485760,4.5659,4.5873,0.021399999999999864,10876994,True
39,Background,10485760,4.56604,4.5872,0.021160000000000068,10876994,True
41,Background,102400,4.56784,4.56833,0.0004899999999992133,106400,True
37,Background,10240,4.57118,4.57134,0.00016000000000016001,10838,True
45,Background,1048576,4.57318,4.57547,0.0022900000000003473,1087892,True
34,Background,1024,4.57359,4.57374,0.0001499999999996504,1244,True
50,Background,10240,4.57751,4.57767,0.00016000000000016001,10838,True
31,Background,10240,4.57944,4.5796,0.00016000000000016001,10838,True
43,Background,104857600,4.57995,4.78999,0.21004000000000023,108768230,True
31,Background,1024,4.58292,4.58307,0.0001500000000005386,1244,True
47,Background,1048576,4.58455,4.58686,0.00230999999999959,1087892,True
41,Background,1024,4.58804,4.5882,0.00015999999999927184,1244,True
36,Background,102400,4.58833,4.58872,0.0003900000000003345,106400,True
38,Background,1024,4.5899,4.59005,0.0001499999999996504,1244,True
42,Background,1048576,4.59137,4.59367,0.0022999999999999687,1087892,True
50,Background,10240,4.59203,4.59219,0.00016000000000016001,10838,True
46,Background,1024,4.59571,4.59586,0.0001499999999996504,1244,True
48,Background,102400,4.59582,4.59636,0.0005399999999999849,106400,True
48,Background,1024,4.60162,4.60177,0.0001500000000005386,1244,True
44,Background,1024,4.60402,4.60417,0.0001499999999996504,1244,True
37,Background,102400,4.6044,4.60479,0.0003900000000003345,106400,True
45,Background,1048576,4.60594,4.60847,0.002529999999999255,1087892,True
32,Background,102400,4.6102,4.61059,0.0003900000000003345,106400,True
42,Background,1048576,4.61216,4.61445,0.002289999999999459,1087892,True
45,Background,10240,4.61223,4.61239,0.00016000000000016001,10838,True
38,Background,10240,4.6136,4.61376,0.00016000000000016001,10838,True
40,Background,10240,4.61879,4.61895,0.00016000000000016001,10838,True
34,Background,1048576,4.61893,4.62146,0.0025300000000001432,1087892,True
44,Background,1024,4.61939,4.61954,0.0001499999999996504,1244,True
50,Background,10485760,4.62029,4.64146,0.021170000000000577,10876994,True
44,Background,1048576,4.62117,4.62346,0.002289999999999459,1087892,True
37,Background,1048576,4.62156,4.62387,0.0023100000000004783,1087892,True
38,Background,10240,4.62221,4.62237,0.00016000000000016001,10838,True
39,Background,10240,4.62512,4.62527,0.0001500000000005386,10838,True
39,Background,10485760,4.62628,4.64745,0.02116999999999969,10876994,True
37,Background,102400,4.62704,4.62743,0.0003900000000003345,106400,True
45,Background,10240,4.62847,4.62863,0.00016000000000016001,10838,True
41,Background,1048576,4.62952,4.63184,0.0023200000000000998,1087892,True
53,Background,10240,4.63156,4.63172,0.00015999999999927184,10838,True
40,Background,1048576,4.63539,4.63773,0.002340000000000231,1087892,True
46,Background,1048576,4.63636,4.63868,0.0023200000000000998,1087892,True
46,Background,102400,4.6366,4.63706,0.000460000000000349,106400,True
45,Background,10240,4.63865,4.6388,0.0001499999999996504,10838,True
42,Background,10485760,4.64004,4.6612,0.021160000000000068,10876994,True
32,Background,1024,4.64233,4.64248,0.0001499999999996504,1244,True
37,Background,102400,4.6429,4.64353,0.0006300000000001305,106400,True
53,Background,102400,4.64479,4.6453,0.0005099999999993443,106400,True
49,Background,10240,4.64553,4.64568,0.0001499999999996504,10838,True
36,Background,102400,4.65123,4.65162,0.0003900000000003345,106400,True
43,Background,1024,4.65244,4.6526,0.00015999999999927184,1244,True
40,Background,10240,4.65495,4.65511,0.00015999999999927184,10838,True
45,Background,1048576,4.65885,4.6612,0.002349999999999852,1087892,True
40,Background,102400,4.66166,4.66205,0.00038999999999944635,106400,True
40,Background,10240,4.66703,4.66718,0.0001500000000005386,10838,True
41,Background,10240,4.66711,4.66727,0.00016000000000016001,10838,True
45,Background,102400,4.66747,4.66786,0.0003900000000003345,106400,True
54,Background,102400,4.6685,4.66889,0.0003900000000003345,106400,True
32,Background,10240,4.67441,4.67457,0.00016000000000016001,10838,True
41,Background,1024,4.67472,4.67487,0.0001500000000005386,1244,True
36,Background,10240,4.67527,4.67542,0.0001499999999996504,10838,True
35,Background,102400,4.67541,4.6758,0.00038999999999944635,106400,True
40,Background,10240,4.67668,4.67683,0.0001499999999996504,10838,True
46,Background,10240,4.68049,4.68064,0.0001500000000005386,10838,True
50,Background,10240,4.68179,4.68194,0.0001499999999996504,10838,True
43,Background,102400,4.68287,4.68333,0.00045999999999946084,106400,True
38,Background,1024,4.68719,4.68734,0.0001499999999996504,1244,True
32,Background,1048576,4.68751,4.68982,0.0023100000000004783,1087892,True
42,Background,1048576,4.68851,4.69082,0.0023100000000004783,1087892,True
47,Background,102400,4.68904,4.68943,0.00038999999999944635,106400,True
51,Background,10240,4.69022,4.69038,0.00016000000000016001,10838,True
33,Background,1024,4.69251,4.69266,0.0001499999999996504,1244,True
28,Background,1048576,4.6942,4.69649,0.002289999999999459,1087892,True
43,Background,10240,4.69827,4.69842,0.0001499999999996504,10838,True
46,Background,1024,4.7013,4.70145,0.0001500000000005386,1244,True
41,Background,1048576,4.70163,4.70396,0.0023300000000006094,1087892,True
38,Background,102400,4.70337,4.70376,0.0003900000000003345,106400,True
43,Background,1024,4.70574,4.7059,0.00016000000000016001,1244,True
36,Background,10240,4.70581,4.70597,0.00016000000000016001,10838,True
42,Background,10485760,4.70742,4.7286,0.0211800000000002,10876994,True
52,Background,102400,4.70809,4.70848,0.00038999999999944635,106400,True
47,Background,102400,4.70835,4.70874,0.00038999999999944635,106400,True
44,Background,1024,4.71017,4.71032,0.0001500000000005386,1244,True
44,Background,10485760,4.71281,4.73412,0.021309999999999718,10876994,True
28,Background,1024,4.71411,4.71426,0.0001500000000005386,1244,True
39,Background,1024,4.72003,4.72018,0.0001499999999996504,1244,True
42,Background,1048576,4.72188,4.72441,0.0025300000000001432,1087892,True
46,Background,10240,4.72249,4.72265,0.00016000000000016001,10838,True
29,Background,102400,4.72251,4.7229,0.0003900000000003345,106400,True
46,Background,102400,4.7239,4.72453,0.0006299999999992423,106400,True
41,Background,1024,4.72496,4.72512,0.00016000000000016001,1244,True
33,Background,102400,4.72521,4.7256,0.0003900000000003345,106400,True
47,Background,1048576,4.72538,4.72768,0.0022999999999999687,1087892,True
37,Background,10240,4.72685,4.72701,0.00016000000000016001,10838,True
33,Background,102400,4.72786,4.72828,0.00042000000000008697,106400,True
42,Background,10240,4.7279,4.72806,0.00016000000000016001,10838,True
37,Background,10485760,4.73197,4.75327,0.021300000000000097,10876994,True
46,Background,10240,4.73348,4.73364,0.00016000000000016001,10838,True
43,Background,10240,4.7363,4.73645,0.0001499999999996504,10838,True
47,Background,1048576,4.74549,4.7478,0.00230999999999959,1087892,True
45,Background,10240,4.74702,4.74717,0.0001499999999996504,10838,True
42,Background,10240,4.74716,4.74732,0.00016000000000016001,10838,True
42,Background,1024,4.74947,4.74963,0.00016000000000016001,1244,True
43,Background,102400,4.75114,4.75153,0.00038999999999944635,106400,True
37,Background,10240,4.75607,4.75622,0.0001499999999996504,10838,True
40,Background,10240,4.75691,4.75707,0.00015999999999927184,10838,True
53,Background,1024,4.75698,4.75713,0.0001499999999996504,1244,True
34,Background,1048576,4.75827,4.76056,0.002289999999999459,1087892,True
47,Background,102400,4.76274,4.7632,0.000460000000000349,106400,True
39,Background,1024,4.76345,4.7636,0.0001500000000005386,1244,True
49,Background,1024,4.76504,4.7652,0.00016000000000016001,1244,True
47,Background,1024,4.76987,4.77002,0.0001499999999996504,1244,True
34,Background,10240,4.77176,4.77191,0.0001500000000005386,10838,True
48,Background,1048576,4.7741,4.77638,0.0022799999999998377,1087892,True
39,Background,10240,4.77563,4.77578,0.0001500000000005386,10838,True
50,Background,1048576,4.78708,4.78937,0.0022900000000003473,1087892,True
38,Background,102400,4.79038,4.79077,0.0003900000000003345,106400,True
38,Background,102400,4.79294,4.79346,0.0005199999999998539,106400,True
47,Background,1048576,4.79633,4.79862,0.002289999999999459,1087892,True
54,Background,102400,4.7976,4.79799,0.0003900000000003345,106400,True
54,Background,10240,4.80188,4.80203,0.0001500000000005386,10838,True
35,Background,10240,4.80583,4.80599,0.00016000000000016001,10838,True
48,Background,1048576,4.8059,4.80843,0.0025300000000001432,1087892,True
42,Background,102400,4.80722,4.80761,0.0003900000000003345,106400,True
40,Background,1024,4.80953,4.80968,0.0001500000000005386,1244,True
41,Background,102400,4.8124,4.81279,0.00038999999999944635,106400,True
43,Background,10485760,4.81293,4.83433,0.021399999999999864,10876994,True
33,Background,10240,4.81624,4.81639,0.0001500000000005386,10838,True
41,Background,10240,4.81678,4.81693,0.0001500000000005386,10838,True
48,Background,10240,4.81757,4.81773,0.00016000000000016001,10838,True
34,Background,10240,4.82597,4.82613,0.00016000000000016001,10838,True
35,Background,102400,4.82696,4.82748,0.0005200000000007421,106400,True
38,Background,1048576,4.83108,4.83336,0.0022799999999998377,1087892,True
39,Background,102400,4.83193,4.83256,0.0006300000000001305,106400,True
43,Background,1048576,4.83196,4.83438,0.002420000000000755,1087892,True
42,Background,10240,4.83557,4.83573,0.00016000000000016001,10838,True
61,Background,10240,4.83642,4.83657,0.0001499999999996504,10838,True
35,Background,102400,4.83966,4.84005,0.00038999999999944635,106400,True
48,Background,10240,4.84334,4.8435,0.00015999999999927184,10838,True
53,Background,102400,4.84656,4.84695,0.00038999999999944635,106400,True
33,Background,10240,4.84954,4.8497,0.00016000000000016001,10838,True
41,Background,1024,4.85021,4.85036,0.0001500000000005386,1244,True
40,Background,102400,4.85084,4.8513,0.000460000000000349,106400,True
49,Background,10485760,4.85365,4.87485,0.02120000000000033,10876994,True
44,Background,102400,4.8633,4.86369,0.0003900000000003345,106400,True
45,Background,1024,4.86643,4.86659,0.00016000000000016001,1244,True
46,Background,102400,4.86735,4.86774,0.0003900000000003345,106400,True
48,Background,10485760,4.86738,4.88856,0.0211800000000002,10876994,True
41,Background,10240,4.86845,4.8686,0.0001499999999996504,10838,True
51,Background,1024,4.87062,4.87078,0.00016000000000016001,1244,True
50,Background,10240,4.87081,4.87096,0.0001500000000005386,10838,True
39,Background,102400,4.87138,4.87177,0.00038999999999944635,106400,True
44,Background,102400,4.87146,4.87185,0.0003900000000003345,106400,True
46,Background,1024,4.87188,4.87203,0.0001499999999996504,1244,True
47,Background,1048576,4.87282,4.87526,0.0024399999999999977,1087892,True
36,Background,1024,4.87491,4.87506,0.0001500000000005386,1244,True
51,Background,1024,4.87503,4.87518,0.0001500000000005386,1244,True
40,Background,1024,4.87677,4.87692,0.0001500000000005386,1244,True
44,Background,1024,4.87734,4.8775,0.00016000000000016001,1244,True
55,Background,10240,4.87963,4.87979,0.00016000000000016001,10838,True
39,Background,104857600,4.88325,5.09368,0.21042999999999967,108768230,True
38,Background,102400,4.88352,4.88391,0.0003900000000003345,106400,True
47,Background,102400,4.88373,4.88416,0.0004299999999997084,106400,True
54,Background,10240,4.88429,4.88444,0.0001499999999996504,10838,True
42,Background,10240,4.88441,4.88457,0.00016000000000016001,10838,True
37,Background,102400,4.8879,4.88853,0.0006300000000001305,106400,True
47,Background,1048576,4.88893,4.89146,0.0025300000000001432,1087892,True
49,Background,10240,4.89022,4.89038,0.00016000000000016001,10838,True
43,Background,1048576,4.89045,4.89276,0.00230999999999959,1087892,True
54,Background,10240,4.89406,4.89421,0.0001500000000005386,10838,True
45,Background,1048576,4.89741,4.89971,0.0022999999999999687,1087892,True
49,Background,1048576,4.90033,4.90263,0.0022999999999999687,1087892,True
62,Background,1048576,4.90201,4.90429,0.0022799999999998377,1087892,True
42,Background,1024,4.90412,4.90427,0.0001500000000005386,1244,True
43,Background,10240,4.90416,4.90431,0.0001499999999996504,10838,True
42,Background,102400,4.90424,4.90463,0.0003900000000003345,106400,True
51,Background,102400,4.9048,4.90532,0.0005199999999998539,106400,True
36,Background,1048576,4.90518,4.90747,0.0022900000000003473,1087892,True
44,Background,10485760,4.90567,4.92688,0.02120999999999995,10876994,True
49,Background,10240,4.91006,4.91021,0.0001500000000005386,10838,True
44,Background,102400,4.91067,4.91106,0.0003900000000003345,106400,True
41,Background,102400,4.91433,4.91472,0.0003900000000003345,106400,True
48,Background,1048576,4.91533,4.91762,0.0022900000000003473,1087892,True
55,Background,10485760,4.91599,4.93729,0.021300000000000097,10876994,True
52,Background,1024,4.91724,4.9174,0.00016000000000016001,1244,True
52,Background,102400,4.92191,4.92254,0.0006300000000001305,106400,True
53,Background,102400,4.92317,4.92356,0.0003900000000003345,106400,True
40,Background,10485760,4.92499,4.94628,0.021289999999999587,10876994,True
35,Background,1024,4.92511,4.92526,0.0001499999999996504,1244,True
43,Background,104857600,4.92633,5.13676,0.21042999999999967,108768230,True
37,Background,10240,4.92933,4.92949,0.00016000000000016001,10838,True
48,Background,102400,4.93123,4.93162,0.00038999999999944635,106400,True
38,Background,1024,4.93156,4.93171,0.0001499999999996504,1244,True
43,Background,10485760,4.93162,4.95282,0.02120000000000033,10876994,True
55,Background,1024,4.93214,4.93229,0.0001499999999996504,1244,True
43,Background,102400,4.93428,4.93467,0.00038999999999944635,106400,True
30,Background,10485760,4.9347,4.95593,0.021230000000000082,10876994,True
31,Background,102400,4.93863,4.93902,0.0003900000000003345,106400,True
50,Background,102400,4.94134,4.94173,0.00038999999999944635,106400,True
29,Background,10240,4.94384,4.944,0.00016000000000016001,10838,True
40,Background,1048576,4.94592,4.9485,0.0025800000000000267,1087892,True
52,Background,1048576,4.94668,4.94902,0.002340000000000231,1087892,True
42,Background,102400,4.94718,4.94765,0.00046999999999997044,106400,True
36,Background,10240,4.94791,4.94816,0.00024999999999941735,10838,True
42,Background,102400,4.94895,4.94947,0.0005199999999998539,106400,True
37,Background,1024,4.94983,4.94999,0.00015999999999927184,1244,True
53,Background,102400,4.9515,4.95189,0.00038999999999944635,106400,True
34,Background,104857600,4.9547,5.16518,0.21048000000000044,108768230,True
44,Background,102400,4.95718,4.95757,0.00038999999999944635,106400,True
51,Background,10240,4.95762,4.95778,0.00015999999999927184,10838,True
45,Background,1048576,4.96019,4.96248,0.0022900000000003473,1087892,True
55,Background,1048576,4.96174,4.96411,0.0023699999999999832,1087892,True
38,Background,102400,4.9642,4.96459,0.0003900000000003345,106400,True
36,Background,102400,4.96468,4.96507,0.00038999999999944635,106400,True
36,Background,102400,4.96784,4.96831,0.00046999999999997044,106400,True
48,Background,10240,4.96806,4.96822,0.00015999999999927184,10838,True
39,Background,10240,4.97014,4.97029,0.0001500000000005386,10838,True
39,Background,102400,4.97821,4.9786,0.0003900000000003345,106400,True
46,Background,1048576,4.97951,4.98182,0.00230999999999959,1087892,True
38,Background,1024,4.98193,4.98208,0.0001499999999996504,1244,True
50,Background,1024,4.98295,4.9831,0.0001500000000005386,1244,True
37,Background,102400,4.98468,4.98507,0.0003900000000003345,106400,True
52,Background,10485760,4.98556,5.00727,0.021709999999999674,10876994,True
45,Background,102400,4.9918,4.99233,0.0005300000000003635,106400,True
37,Background,1048576,4.99545,4.99775,0.0022999999999999687,1087892,True
43,Background,1048576,4.99675,4.99913,0.002380000000000493,1087892,True
56,Background,1048576,4.99769,5.00003,0.0023399999999993426,1087892,True
43,Background,1048576,5.00247,5.00516,0.0026900000000003033,1087892,True
49,Background,1048576,5.00288,5.00592,0.0030399999999994876,1087892,True
38,Background,10485760,5.00316,5.02574,0.0225799999999996,10876994,True
41,Background,1048576,5.00471,5.00953,0.004819999999999602,1087892,True
47,Background,10240,5.006,5.00615,0.0001499999999996504,10838,True
49,Background,1024,5.00858,5.00873,0.0001499999999996504,1244,True
54,Background,102400,5.00989,5.01052,0.0006299999999992423,106400,True
44,Background,1048576,5.01162,5.01395,0.0023300000000006094,1087892,True
32,Background,102400,5.01664,5.01704,0.00039999999999995595,106400,True
49,Background,102400,5.01866,5.01906,0.00039999999999995595,106400,True
44,Background,10240,5.02015,5.0203,0.0001499999999996504,10838,True
41,Background,102400,5.03132,5.03171,0.0003900000000003345,106400,True
55,Background,10240,5.03168,5.03184,0.00016000000000016001,10838,True
44,Background,102400,5.0333,5.03368,0.0003800000000007131,106400,True
44,Background,1048576,5.03395,5.03637,0.0024199999999998667,1087892,True
56,Background,10240,5.03592,5.03608,0.00016000000000016001,10838,True
44,Background,102400,5.03781,5.03836,0.0005499999999996064,106400,True
45,Background,1048576,5.03794,5.04036,0.0024199999999998667,1087892,True
45,Background,10240,5.03893,5.03909,0.00016000000000016001,10838,True
37,Background,102400,5.03955,5.03994,0.00038999999999944635,106400,True
42,Background,102400,5.0401,5.04049,0.0003900000000003345,106400,True
56,Background,10240,5.04015,5.04031,0.00016000000000016001,10838,True
38,Background,10485760,5.04514,5.06631,0.02116999999999969,10876994,True
50,Background,102400,5.04622,5.04661,0.0003900000000003345,106400,True
40,Background,10240,5.04724,5.04739,0.0001499999999996504,10838,True
43,Background,102400,5.04994,5.05047,0.0005299999999994753,106400,True
43,Background,102400,5.05105,5.05144,0.0003900000000003345,106400,True
38,Background,102400,5.0523,5.05269,0.0003900000000003345,106400,True
33,Background,1048576,5.05276,5.05513,0.0023699999999999832,1087892,True
46,Background,1024,5.0535,5.05366,0.00016000000000016001,1244,True
46,Background,1048576,5.05683,5.05923,0.002400000000000624,1087892,True
42,Background,10240,5.05704,5.0572,0.00016000000000016001,10838,True
39,Background,102400,5.06136,5.06175,0.0003900000000003345,106400,True
45,Background,1048576,5.0649,5.06743,0.0025300000000001432,1087892,True
45,Background,102400,5.07048,5.07087,0.0003900000000003345,106400,True
53,Background,10240,5.07262,5.07277,0.0001500000000005386,10838,True
45,Background,102400,5.07465,5.07504,0.0003900000000003345,106400,True
34,Background,1048576,5.07539,5.0777,0.0023100000000004783,1087892,True
57,Background,1048576,5.07781,5.08024,0.002429999999999488,1087892,True
50,Background,10240,5.07912,5.07927,0.0001500000000005386,10838,True
57,Background,1048576,5.08026,5.08255,0.0022900000000003473,1087892,True
54,Background,1024,5.08198,5.08213,0.0001500000000005386,1244,True
48,Background,10485760,5.08334,5.10452,0.0211800000000002,10876994,True
44,Background,10240,5.08378,5.08394,0.00016000000000016001,10838,True
34,Background,10240,5.08554,5.0857,0.00016000000000016001,10838,True
53,Background,1024,5.08588,5.08604,0.00015999999999927184,1244,True
46,Background,102400,5.08793,5.08856,0.0006300000000001305,106400,True
50,Background,102400,5.0899,5.09053,0.0006300000000001305,106400,True
42,Background,10240,5.09659,5.09674,0.0001499999999996504,10838,True
34,Background,10240,5.10182,5.10198,0.00016000000000016001,10838,True
56,Background,10240,5.10236,5.10251,0.0001499999999996504,10838,True
35,Background,10240,5.1027,5.10286,0.00016000000000016001,10838,True
49,Background,102400,5.10327,5.10366,0.00038999999999944635,106400,True
51,Background,102400,5.10705,5.10744,0.0003900000000003345,106400,True
41,Background,10240,5.10748,5.10764,0.00016000000000016001,10838,True
54,Background,10240,5.108,5.10816,0.00016000000000016001,10838,True
45,Background,10240,5.11061,5.11077,0.00015999999999927184,10838,True
55,Background,102400,5.11129,5.11168,0.00038999999999944635,106400,True
49,Background,102400,5.1117,5.11209,0.0003900000000003345,106400,True
46,Background,10485760,5.11191,5.13331,0.021399999999999864,10876994,True
51,Background,102400,5.11312,5.11351,0.00038999999999944635,106400,True
44,Background,1024,5.11323,5.11339,0.00016000000000016001,1244,True
50,Background,10240,5.11422,5.11437,0.0001499999999996504,10838,True
30,Background,10240,5.11434,5.11449,0.0001499999999996504,10838,True
58,Background,102400,5.11442,5.11481,0.0003900000000003345,106400,True
50,Background,1048576,5.11544,5.11775,0.00230999999999959,1087892,True
55,Background,1048576,5.11642,5.11872,0.0022999999999999687,1087892,True
54,Background,10240,5.11816,5.11831,0.0001500000000005386,10838,True
38,Background,102400,5.11967,5.12006,0.00038999999999944635,106400,True
57,Background,1048576,5.1218,5.12421,0.002409999999999357,1087892,True
51,Background,10240,5.12851,5.12866,0.0001499999999996504,10838,True
55,Background,1048576,5.12878,5.13117,0.0023900000000001143,1087892,True
56,Background,10240,5.12928,5.12943,0.0001500000000005386,10838,True
63,Background,10240,5.12959,5.12975,0.00015999999999927184,10838,True
45,Background,1048576,5.13204,5.13432,0.0022799999999998377,1087892,True
43,Background,10240,5.13206,5.13222,0.00016000000000016001,10838,True
39,Background,10485760,5.13612,5.15728,0.021160000000000068,10876994,True
47,Background,102400,5.13663,5.13702,0.00038999999999944635,106400,True
59,Background,10240,5.13749,5.13764,0.0001500000000005386,10838,True
46,Background,1024,5.13998,5.14014,0.00015999999999927184,1244,True
50,Background,102400,5.14022,5.14061,0.00038999999999944635,106400,True
40,Background,10485760,5.14562,5.16682,0.02120000000000033,10876994,True
45,Background,102400,5.1462,5.14659,0.00038999999999944635,106400,True
35,Background,10240,5.14852,5.14868,0.00015999999999927184,10838,True
60,Background,1048576,5.15129,5.15358,0.002289999999999459,1087892,True
44,Background,10240,5.15327,5.15343,0.00016000000000016001,10838,True
40,Background,10240,5.15357,5.15372,0.0001499999999996504,10838,True
35,Background,10485760,5.15393,5.17533,0.021399999999999864,10876994,True
39,Background,1048576,5.15833,5.16063,0.0022999999999999687,1087892,True
47,Background,1048576,5.15843,5.16073,0.0022999999999999687,1087892,True
52,Background,10240,5.15861,5.15877,0.00015999999999927184,10838,True
47,Background,102400,5.15879,5.15931,0.0005199999999998539,106400,True
40,Background,102400,5.1626,5.16299,0.00038999999999944635,106400,True
46,Background,102400,5.16696,5.16749,0.0005299999999994753,106400,True
47,Background,1048576,5.16925,5.17154,0.0022900000000003473,1087892,True
45,Background,104857600,5.17412,5.38402,0.2098999999999993,108768230,True
52,Background,10240,5.17696,5.17711,0.0001499999999996504,10838,True
44,Background,10240,5.18127,5.18142,0.0001500000000005386,10838,True
58,Background,10240,5.18273,5.18288,0.0001499999999996504,10838,True
35,Background,10240,5.18541,5.18557,0.00016000000000016001,10838,True
59,Background,1048576,5.1871,5.18938,0.0022799999999998377,1087892,True
44,Background,102400,5.18984,5.19032,0.00047999999999959186,106400,True
57,Background,10485760,5.19019,5.21135,0.021160000000000068,10876994,True
51,Background,10240,5.19059,5.19075,0.00016000000000016001,10838,True
55,Background,1048576,5.19088,5.1934,0.0025199999999996336,1087892,True
41,Background,1048576,5.19124,5.19353,0.0022900000000003473,1087892,True
39,Background,1048576,5.19496,5.19738,0.0024199999999998667,1087892,True
36,Background,10240,5.1953,5.19546,0.00016000000000016001,10838,True
42,Background,10240,5.19552,5.19568,0.00016000000000016001,10838,True
56,Background,102400,5.19613,5.19652,0.00038999999999944635,106400,True
39,Background,10240,5.19791,5.19807,0.00016000000000016001,10838,True
36,Background,1048576,5.19809,5.20037,0.002280000000000726,1087892,True
48,Background,1024,5.19851,5.19866,0.0001500000000005386,1244,True
46,Background,102400,5.20059,5.20098,0.0003900000000003345,106400,True
64,Background,1024,5.20081,5.20096,0.0001500000000005386,1244,True
44,Background,10240,5.20099,5.20115,0.00016000000000016001,10838,True
42,Background,10240,5.20148,5.20164,0.00016000000000016001,10838,True
47,Background,102400,5.20351,5.20391,0.00039999999999995595,106400,True
48,Background,10240,5.20468,5.20483,0.0001500000000005386,10838,True
56,Background,102400,5.20609,5.20648,0.0003900000000003345,106400,True
39,Background,1048576,5.21022,5.2125,0.002280000000000726,1087892,True
41,Background,1024,5.21099,5.21115,0.00016000000000016001,1244,True
36,Background,10240,5.21142,5.21157,0.0001499999999996504,10838,True
57,Background,10485760,5.21192,5.23332,0.021399999999999864,10876994,True
45,Background,10240,5.21254,5.21269,0.0001500000000005386,10838,True
49,Background,1048576,5.21454,5.21686,0.0023199999999992116,1087892,True
45,Background,10240,5.21757,5.21773,0.00016000000000016001,10838,True
41,Background,1024,5.22048,5.22063,0.0001499999999996504,1244,True
52,Background,1048576,5.22072,5.22308,0.002360000000000362,1087892,True
41,Background,102400,5.22076,5.22123,0.00046999999999997044,106400,True
53,Background,1048576,5.22216,5.22445,0.0022900000000003473,1087892,True
45,Background,1024,5.22345,5.2236,0.0001500000000005386,1244,True
40,Background,1048576,5.22715,5.22944,0.0022900000000003473,1087892,True
40,Background,102400,5.23413,5.23452,0.00038999999999944635,106400,True
36,Background,10240,5.23438,5.23453,0.0001500000000005386,10838,True
46,Background,10485760,5.23739,5.25857,0.02117999999999931,10876994,True
48,Background,102400,5.23802,5.23841,0.0003900000000003345,106400,True
56,Background,102400,5.2384,5.23879,0.00038999999999944635,106400,True
42,Background,1024,5.23901,5.23916,0.0001499999999996504,1244,True
46,Background,1048576,5.24053,5.24285,0.0023200000000000998,1087892,True
61,Background,102400,5.24338,5.24377,0.00038999999999944635,106400,True
41,Background,102400,5.24918,5.24957,0.0003900000000003345,106400,True
39,Background,1048576,5.26349,5.2658,0.00230999999999959,1087892,True
46,Background,102400,5.26535,5.26574,0.0003900000000003345,106400,True
47,Background,102400,5.26704,5.26743,0.0003900000000003345,106400,True
38,Background,10240,5.26771,5.26787,0.00016000000000016001,10838,True
51,Background,1048576,5.26806,5.27035,0.002289999999999459,1087892,True
58,Background,10485760,5.26901,5.29017,0.021160000000000068,10876994,True
43,Background,102400,5.2708,5.27133,0.0005299999999994753,106400,True
41,Background,102400,5.27117,5.27156,0.0003900000000003345,106400,True
31,Background,10240,5.27206,5.27221,0.0001500000000005386,10838,True
47,Background,10240,5.2729,5.27305,0.0001499999999996504,10838,True
60,Background,1024,5.27455,5.2747,0.0001500000000005386,1244,True
45,Background,102400,5.27519,5.27558,0.00038999999999944635,106400,True
32,Background,102400,5.27835,5.27874,0.0003900000000003345,106400,True
43,Background,102400,5.28286,5.28328,0.00042000000000008697,106400,True
49,Background,102400,5.28699,5.28751,0.0005199999999998539,106400,True
40,Background,102400,5.28783,5.28833,0.0005000000000006111,106400,True
57,Background,10240,5.28958,5.28973,0.0001499999999996504,10838,True
48,Background,10240,5.29379,5.29394,0.0001499999999996504,10838,True
33,Background,1048576,5.29607,5.29836,0.002289999999999459,1087892,True
52,Background,1024,5.29721,5.29736,0.0001500000000005386,1244,True
50,Background,10240,5.29811,5.29826,0.0001499999999996504,10838,True
42,Background,10240,5.29917,5.29933,0.00016000000000016001,10838,True
62,Background,102400,5.29961,5.3,0.00038999999999944635,106400,True
53,Background,102400,5.30201,5.3024,0.00038999999999944635,106400,True
47,Background,10240,5.3031,5.30326,0.00016000000000016001,10838,True
49,Background,104857600,5.30545,5.52799,0.22253999999999952,108768230,True
51,Background,102400,5.30636,5.30675,0.0003900000000003345,106400,True
53,Background,1048576,5.30878,5.31117,0.0023900000000001143,1087892,True
48,Background,1024,5.31052,5.31067,0.0001499999999996504,1244,True
37,Background,10240,5.31308,5.31323,0.0001499999999996504,10838,True
42,Background,10240,5.31342,5.31357,0.0001500000000005386,10838,True
42,Background,10240,5.31403,5.31419,0.00016000000000016001,10838,True
43,Background,1024,5.31405,5.3142,0.0001499999999996504,1244,True
48,Background,104857600,5.31871,5.55268,0.23396999999999935,108768230,True
43,Background,1048576,5.32248,5.32479,0.0023100000000004783,1087892,True
50,Background,102400,5.32788,5.32851,0.0006299999999992423,106400,True
54,Background,1048576,5.32794,5.33047,0.0025300000000001432,1087892,True
50,Background,1048576,5.33107,5.33335,0.0022799999999998377,1087892,True
42,Background,1024,5.33225,5.3324,0.0001499999999996504,1244,True
41,Background,102400,5.33244,5.33283,0.0003900000000003345,106400,True
36,Background,102400,5.33459,5.33498,0.00038999999999944635,106400,True
48,Background,102400,5.33597,5.3365,0.0005300000000003635,106400,True
43,Background,1024,5.33634,5.33649,0.0001500000000005386,1244,True
52,Background,1048576,5.33721,5.3395,0.0022900000000003473,1087892,True
51,Background,1024,5.33891,5.33906,0.0001499999999996504,1244,True
59,Background,1024,5.33963,5.33979,0.00016000000000016001,1244,True
41,Background,102400,5.33983,5.34035,0.0005199999999998539,106400,True
40,Background,102400,5.34178,5.34228,0.0004999999999997229,106400,True
38,Background,102400,5.34298,5.3435,0.0005199999999998539,106400,True
46,Background,10240,5.34326,5.34342,0.00016000000000016001,10838,True
49,Background,1048576,5.34509,5.34737,0.0022799999999998377,1087892,True
40,Background,10240,5.34578,5.34593,0.0001499999999996504,10838,True
46,Background,102400,5.34678,5.34728,0.0004999999999997229,106400,True
61,Background,102400,5.3471,5.34749,0.00038999999999944635,106400,True
43,Background,102400,5.34785,5.34829,0.000440000000000218,106400,True
51,Background,1048576,5.35224,5.35453,0.002289999999999459,1087892,True
42,Background,1024,5.3527,5.35285,0.0001500000000005386,1244,True
43,Background,1024,5.35358,5.35373,0.0001499999999996504,1244,True
37,Background,10240,5.35428,5.35444,0.00016000000000016001,10838,True
56,Background,10240,5.35533,5.35549,0.00015999999999927184,10838,True
37,Background,1048576,5.35538,5.35768,0.0022999999999999687,1087892,True
39,Background,10240,5.35677,5.35692,0.0001499999999996504,10838,True
40,Background,10240,5.35982,5.35997,0.0001499999999996504,10838,True
51,Background,1048576,5.36251,5.36483,0.0023200000000000998,1087892,True
55,Background,1024,5.36264,5.36279,0.0001500000000005386,1244,True
57,Background,102400,5.36447,5.36486,0.0003900000000003345,106400,True
43,Background,1048576,5.36649,5.3688,0.0023100000000004783,1087892,True
54,Background,10240,5.36667,5.36682,0.0001499999999996504,10838,True
49,Background,1024,5.36692,5.36707,0.0001499999999996504,1244,True
46,Background,102400,5.36772,5.36816,0.0004399999999993298,106400,True
47,Background,10240,5.37057,5.37073,0.00016000000000016001,10838,True
44,Background,1024,5.3716,5.37175,0.0001499999999996504,1244,True
46,Background,1024,5.37162,5.37177,0.0001499999999996504,1244,True
52,Background,102400,5.37314,5.37353,0.00038999999999944635,106400,True
49,Background,102400,5.37814,5.37853,0.00038999999999944635,106400,True
57,Background,1048576,5.37954,5.38186,0.0023199999999992116,1087892,True
47,Background,10240,5.38085,5.38101,0.00016000000000016001,10838,True
55,Background,10240,5.38209,5.38225,0.00016000000000016001,10838,True
37,Background,1048576,5.38519,5.38748,0.0022900000000003473,1087892,True
44,Background,1048576,5.38541,5.38771,0.0022999999999999687,1087892,True
53,Background,10240,5.38602,5.38618,0.00016000000000016001,10838,True
41,Background,102400,5.39342,5.39381,0.0003900000000003345,106400,True
49,Background,10240,5.39417,5.39432,0.0001499999999996504,10838,True
58,Background,1024,5.39475,5.3949,0.0001499999999996504,1244,True
50,Background,10240,5.39556,5.39571,0.0001500000000005386,10838,True
58,Background,102400,5.39754,5.39793,0.00038999999999944635,106400,True
60,Background,102400,5.39781,5.39834,0.0005300000000003635,106400,True
45,Background,1048576,5.39979,5.4022,0.002409999999999357,1087892,True
50,Background,10485760,5.40344,5.42462,0.0211800000000002,10876994,True
44,Background,1048576,5.40648,5.40879,0.00230999999999959,1087892,True
51,Background,102400,5.40731,5.4077,0.0003900000000003345,106400,True
52,Background,10240,5.40849,5.40865,0.00016000000000016001,10838,True
43,Background,10240,5.40899,5.40915,0.00016000000000016001,10838,True
53,Background,10485760,5.41003,5.43156,0.02153000000000027,10876994,True
47,Background,104857600,5.41042,5.73788,0.3274599999999994,108768230,True
44,Background,102400,5.41395,5.41449,0.0005399999999999849,106400,True
43,Background,102400,5.41431,5.41475,0.0004399999999993298,106400,True
38,Background,102400,5.41432,5.41476,0.000440000000000218,106400,True
52,Background,102400,5.41602,5.41641,0.0003900000000003345,106400,True
51,Background,1048576,5.4163,5.4186,0.0022999999999999687,1087892,True
47,Background,10240,5.41902,5.41917,0.0001500000000005386,10838,True
61,Background,10240,5.42075,5.42091,0.00016000000000016001,10838,True
44,Background,1048576,5.42202,5.42431,0.0022900000000003473,1087892,True
54,Background,10240,5.42394,5.4241,0.00016000000000016001,10838,True
41,Background,104857600,5.42517,5.77716,0.3519900000000007,108768230,True
47,Background,102400,5.42661,5.427,0.00038999999999944635,106400,True
58,Background,104857600,5.42716,5.78359,0.35643000000000047,108768230,True
56,Background,1048576,5.42843,5.43258,0.004150000000000098,1087892,True
48,Background,10240,5.42885,5.42922,0.0003700000000002035,10838,True
41,Background,102400,5.43086,5.43182,0.0009600000000000719,106400,True
58,Background,1024,5.43247,5.43262,0.0001499999999996504,1244,True
48,Background,1024,5.43359,5.43375,0.00016000000000016001,1244,True
45,Background,1024,5.43748,5.43763,0.0001500000000005386,1244,True
50,Background,10240,5.44123,5.44139,0.00016000000000016001,10838,True
55,Background,102400,5.44228,5.44268,0.00039999999999995595,106400,True
45,Background,1024,5.44296,5.44311,0.0001499999999996504,1244,True
56,Background,102400,5.44519,5.44558,0.00038999999999944635,106400,True
49,Background,102400,5.44956,5.44995,0.0003900000000003345,106400,True
59,Background,10240,5.45326,5.45341,0.0001499999999996504,10838,True
65,Background,10240,5.45337,5.45353,0.00016000000000016001,10838,True
44,Background,102400,5.45343,5.45382,0.0003900000000003345,106400,True
38,Background,102400,5.45847,5.45887,0.00039999999999995595,106400,True
51,Background,10240,5.4602,5.46036,0.00015999999999927184,10838,True
48,Background,10240,5.46082,5.46098,0.00016000000000016001,10838,True
48,Background,10240,5.46146,5.46162,0.00016000000000016001,10838,True
57,Background,10485760,5.46392,5.48998,0.026060000000000194,10876994,True
56,Background,1048576,5.46481,5.46801,0.0031999999999996476,1087892,True
47,Background,1024,5.46506,5.46527,0.00021000000000004349,1244,True
44,Background,10240,5.46551,5.46593,0.00042000000000008697,10838,True
59,Background,102400,5.46739,5.4681,0.0007099999999997664,106400,True
39,Background,102400,5.46758,5.46976,0.0021800000000000708,106400,True
52,Background,10240,5.46941,5.46959,0.00018000000000029104,10838,True
54,Background,102400,5.47134,5.47182,0.00048000000000048004,106400,True
53,Background,10240,5.47214,5.47238,0.0002400000000006841,10838,True
49,Background,10240,5.47356,5.47378,0.0002199999999996649,10838,True
37,Background,10240,5.47448,5.47469,0.00021000000000004349,10838,True
46,Background,1048576,5.47655,5.48211,0.005560000000000009,1087892,True
44,Background,102400,5.47768,5.48405,0.006369999999999543,106400,True
46,Background,1048576,5.47825,5.48893,0.0106799999999998,1087892,True
46,Background,1024,5.47885,5.47924,0.00038999999999944635,1244,True
53,Background,102400,5.47886,5.48321,0.004349999999999632,106400,True
50,Background,1048576,5.47892,5.48417,0.005250000000000199,1087892,True
58,Background,10240,5.47965,5.48018,0.0005299999999994753,10838,True
39,Background,10240,5.48019,5.48035,0.00015999999999927184,10838,True
48,Background,1048576,5.48395,5.48715,0.0031999999999996476,1087892,True
59,Background,104857600,5.48729,5.98522,0.4979300000000002,108768230,True
49,Background,102400,5.48802,5.48853,0.0005100000000002325,106400,True
57,Background,102400,5.48971,5.49191,0.002200000000000202,106400,True
45,Background,102400,5.48992,5.49066,0.000740000000000407,106400,True
39,Background,10240,5.49165,5.49186,0.00021000000000004349,10838,True
57,Background,1048576,5.49228,5.49579,0.003510000000000346,1087892,True
62,Background,102400,5.49276,5.49773,0.004970000000000141,106400,True
46,Background,10485760,5.49327,5.55215,0.058880000000000265,10876994,True
63,Background,104857600,5.49835,6.08683,0.5884799999999997,108768230,True
53,Background,1024,5.4999,5.50022,0.00031999999999943185,1244,True
59,Background,10485760,5.50452,5.56515,0.06062999999999974,10876994,True
51,Background,104857600,5.50469,6.04001,0.5353199999999996,108768230,True
48,Background,10485760,5.50842,5.56384,0.0554199999999998,10876994,True
50,Background,102400,5.51032,5.5109,0.000580000000000247,106400,True
46,Background,1048576,5.51076,5.53088,0.02011999999999947,1087892,True
38,Background,1048576,5.51116,5.51466,0.0034999999999998366,1087892,True
39,Background,102400,5.5135,5.51401,0.0005100000000002325,106400,True
52,Background,10240,5.51553,5.51583,0.000300000000000189,10838,True
48,Background,1048576,5.51584,5.5331,0.017260000000000275,1087892,True
58,Background,10240,5.51701,5.51725,0.00023999999999979593,10838,True
59,Background,1024,5.51708,5.51729,0.00021000000000004349,1244,True
52,Background,104857600,5.524,6.09616,0.5721600000000002,108768230,True
50,Background,10240,5.52506,5.52529,0.0002300000000001745,10838,True
49,Background,1024,5.52539,5.52554,0.0001500000000005386,1244,True
60,Background,1048576,5.52792,5.53415,0.006230000000000402,1087892,True
59,Background,1048576,5.52877,5.54137,0.012599999999999945,1087892,True
51,Background,102400,5.53113,5.53152,0.0003900000000003345,106400,True
66,Background,1024,5.53191,5.53218,0.00027000000000043656,1244,True
53,Background,102400,5.53534,5.53596,0.000620000000000509,106400,True
51,Background,102400,5.5377,5.54357,0.00586999999999982,106400,True
45,Background,1048576,5.5393,5.55402,0.01472000000000051,1087892,True
40,Background,10240,5.54209,5.54227,0.00018000000000029104,10838,True
52,Background,1024,5.54396,5.54421,0.00024999999999941735,1244,True
54,Background,1024,5.54651,5.54667,0.00016000000000016001,1244,True
34,Background,102400,5.54657,5.54715,0.000580000000000247,106400,True
35,Background,102400,5.55055,5.5531,0.002549999999999386,106400,True
50,Background,1048576,5.55366,5.56711,0.01344999999999974,1087892,True
45,Background,10485760,5.55537,5.61444,0.05907000000000018,10876994,True
54,Background,102400,5.5565,5.55715,0.0006500000000002615,106400,True
60,Background,1048576,5.5585,5.57106,0.012559999999999683,1087892,True
67,Background,10485760,5.56001,5.60206,0.0420499999999997,10876994,True
54,Background,10485760,5.56131,5.60511,0.04380000000000006,10876994,True
38,Background,10240,5.56312,5.56328,0.00016000000000016001,10838,True
54,Background,102400,5.57044,5.57109,0.0006500000000002615,106400,True
41,Background,1048576,5.57061,5.58269,0.01208000000000009,1087892,True
42,Background,1048576,5.57177,5.58507,0.01330000000000009,1087892,True
57,Background,102400,5.57288,5.5737,0.0008200000000000429,106400,True
60,Background,1024,5.57318,5.57333,0.0001500000000005386,1244,True
45,Background,102400,5.57363,5.57682,0.003190000000000026,106400,True
47,Background,102400,5.57363,5.57701,0.0033799999999999386,106400,True
58,Background,1024,5.57484,5.57517,0.00032999999999994145,1244,True
49,Background,102400,5.57581,5.57903,0.0032200000000006668,106400,True
40,Background,102400,5.57632,5.57689,0.0005699999999997374,106400,True
52,Background,102400,5.57745,5.58249,0.0050400000000001555,106400,True
47,Background,1024,5.57877,5.57915,0.0003800000000007131,1244,True
48,Background,102400,5.58564,5.5882,0.0025599999999998957,106400,True
40,Background,102400,5.58713,5.58771,0.000580000000000247,106400,True
48,Background,102400,5.5894,5.5912,0.0017999999999993577,106400,True
46,Background,102400,5.58946,5.59258,0.0031200000000000117,106400,True
49,Background,10485760,5.5908,5.64716,0.05636000000000063,10876994,True
51,Background,102400,5.5914,5.5947,0.0032999999999994145,106400,True
60,Background,1048576,5.59215,5.59514,0.002989999999999604,1087892,True
42,Background,102400,5.59537,5.59593,0.000560000000000116,106400,True
55,Background,1048576,5.60119,5.60396,0.002769999999999939,1087892,True
40,Background,102400,5.60166,5.60221,0.0005500000000004945,106400,True
50,Background,102400,5.60312,5.6037,0.000580000000000247,106400,True
49,Background,1024,5.60386,5.60415,0.0002899999999996794,1244,True
50,Background,1024,5.60608,5.60627,0.00018999999999991246,1244,True
53,Background,1048576,5.60742,5.6141,0.006679999999999353,1087892,True
55,Background,10240,5.60767,5.60811,0.000440000000000218,10838,True
45,Background,10240,5.61067,5.61105,0.0003799999999998249,10838,True
49,Background,1024,5.61318,5.61333,0.0001500000000005386,1244,True
53,Background,1048576,5.61342,5.62908,0.01566000000000045,1087892,True
55,Background,1048576,5.61432,5.61784,0.0035199999999999676,1087892,True
48,Background,10240,5.61487,5.6152,0.00032999999999994145,10838,True
56,Background,1048576,5.61618,5.61914,0.0029599999999998516,1087892,True
48,Background,1048576,5.61632,5.621,0.004680000000000462,1087892,True
58,Background,102400,5.61634,5.61688,0.0005399999999999849,106400,True
39,Background,10485760,5.61799,5.65172,0.03373000000000026,10876994,True
55,Background,102400,5.61799,5.61873,0.000740000000000407,106400,True
41,Background,102400,5.61922,5.6197,0.00047999999999959186,106400,True
43,Background,102400,5.62213,5.62255,0.00042000000000008697,106400,True
51,Background,1048576,5.6238,5.63814,0.014339999999999797,1087892,True
52,Background,1024,5.62591,5.6262,0.0002899999999996794,1244,True
63,Background,1048576,5.62759,5.64113,0.013540000000000774,1087892,True
49,Background,10240,5.62824,5.62839,0.0001499999999996504,10838,True
59,Background,104857600,5.63122,6.22945,0.59823,108768230,True
47,Background,102400,5.6322,5.63261,0.00040999999999957737,106400,True
44,Background,102400,5.64148,5.64493,0.003449999999999953,106400,True
61,Background,102400,5.64214,5.6426,0.00045999999999946084,106400,True
42,Background,1048576,5.64243,5.65152,0.009089999999999598,1087892,True
45,Background,1048576,5.64541,5.66506,0.01965000000000039,1087892,True
46,Background,10240,5.64586,5.64619,0.00032999999999994145,10838,True
60,Background,1048576,5.64858,5.66514,0.01656000000000013,1087892,True
51,Background,102400,5.64906,5.64953,0.00046999999999997044,106400,True
43,Background,10485760,5.64931,5.68512,0.035810000000000564,10876994,True
58,Background,10240,5.65007,5.6503,0.00022999999999928633,10838,True
56,Background,10240,5.65145,5.65171,0.00025999999999992696,10838,True
44,Background,102400,5.6516,5.65231,0.0007099999999997664,106400,True
46,Background,1048576,5.6536,5.66201,0.008410000000000473,1087892,True
46,Background,10240,5.6538,5.65416,0.0003599999999996939,10838,True
52,Background,1024,5.65399,5.65424,0.00024999999999941735,1244,True
42,Background,102400,5.65759,5.65858,0.0009899999999998244,106400,True
53,Background,10240,5.65768,5.65807,0.0003900000000003345,10838,True
56,Background,1024,5.65942,5.65975,0.00032999999999994145,1244,True
54,Background,10240,5.66145,5.66187,0.00042000000000008697,10838,True
64,Background,1024,5.66637,5.66659,0.0002200000000005531,1244,True
60,Background,102400,5.66943,5.67214,0.002709999999999546,106400,True
53,Background,1024,5.67101,5.67123,0.0002200000000005531,1244,True
47,Background,1048576,5.67194,5.67645,0.004509999999999792,1087892,True
41,Background,1024,5.6749,5.67519,0.0002899999999996794,1244,True
61,Background,102400,5.67971,5.68289,0.0031800000000004047,106400,True
48,Background,1024,5.68179,5.68214,0.0003500000000000725,1244,True
50,Background,102400,5.68268,5.68356,0.0008799999999995478,106400,True
40,Background,10240,5.68623,5.68638,0.0001499999999996504,10838,True
54,Background,10240,5.68695,5.68721,0.00025999999999992696,10838,True
44,Background,10240,5.68828,5.68851,0.0002300000000001745,10838,True
55,Background,1048576,5.68881,5.70347,0.014660000000000117,1087892,True
61,Background,104857600,5.69223,6.50311,0.81088,108768230,True
57,Background,10240,5.69264,5.69313,0.0004900000000001015,10838,True
43,Background,102400,5.69281,5.69655,0.0037400000000005207,106400,True
47,Background,1048576,5.6936,5.70204,0.008440000000000225,1087892,True
45,Background,10240,5.69422,5.69438,0.00016000000000016001,10838,True
45,Background,102400,5.69434,5.69498,0.0006399999999997519,106400,True
62,Background,102400,5.695,5.69548,0.00047999999999959186,106400,True
50,Background,1024,5.6979,5.69818,0.000280000000000058,1244,True
61,Background,10240,5.698,5.69822,0.0002199999999996649,10838,True
58,Background,1048576,5.69867,5.71171,0.013040000000000163,1087892,True
59,Background,10240,5.69947,5.69965,0.00018000000000029104,10838,True
68,Background,1048576,5.7003,5.71506,0.014759999999999884,1087892,True
69,Background,102400,5.70639,5.70928,0.002889999999999837,106400,True
64,Background,104857600,5.7083,6.41222,0.7039199999999992,108768230,True
48,Background,10240,5.71474,5.71513,0.0003900000000003345,10838,True
62,Background,102400,5.71651,5.71905,0.0025399999999997647,106400,True
42,Background,1048576,5.7191,5.72814,0.009039999999999715,1087892,True
53,Background,1024,5.72561,5.72604,0.00043000000000059657,1244,True
51,Background,1048576,5.72574,5.74079,0.015049999999999564,1087892,True
63,Background,10240,5.72771,5.72813,0.00042000000000008697,10838,True
50,Background,102400,5.73219,5.73258,0.00038999999999944635,106400,True
52,Background,1024,5.73262,5.7328,0.00018000000000029104,1244,True
54,Background,1048576,5.73413,5.73697,0.0028399999999999537,1087892,True
47,Background,102400,5.73693,5.73768,0.0007500000000000284,106400,True
47,Background,1048576,5.73733,5.74612,0.008790000000000298,1087892,True
47,Background,1048576,5.73869,5.74999,0.01130000000000031,1087892,True
48,Background,10240,5.74042,5.74081,0.00038999999999944635,10838,True
63,Background,104857600,5.74092,6.49817,0.75725,108768230,True
52,Background,102400,5.74701,5.74749,0.00047999999999959186,106400,True
51,Background,1024,5.74831,5.7486,0.0002899999999996794,1244,True
55,Background,1048576,5.74856,5.76115,0.012589999999999435,1087892,True
49,Background,1024,5.74973,5.7501,0.0003700000000002035,1244,True
60,Background,10240,5.75263,5.75281,0.00018000000000029104,10838,True
53,Background,102400,5.75265,5.75319,0.0005399999999999849,106400,True
48,Background,1048576,5.75389,5.75714,0.003249999999999531,1087892,True
55,Background,1024,5.75769,5.75808,0.00038999999999944635,1244,True
50,Background,10240,5.75771,5.7581,0.00038999999999944635,10838,True
62,Background,1024,5.75874,5.75914,0.00039999999999995595,1244,True
54,Background,102400,5.75907,5.75954,0.00046999999999997044,106400,True
46,Background,10240,5.7649,5.76521,0.00030999999999981043,10838,True
62,Background,10240,5.76505,5.76527,0.0002200000000005531,10838,True
48,Background,1048576,5.76859,5.78416,0.015570000000000306,1087892,True
41,Background,10240,5.76947,5.76977,0.000300000000000189,10838,True
56,Background,10485760,5.77141,5.84513,0.07371999999999979,10876994,True
46,Background,10240,5.77142,5.77166,0.00023999999999979593,10838,True
65,Background,104857600,5.77448,6.58555,0.81107,108768230,True
49,Background,10240,5.77669,5.77712,0.0004299999999997084,10838,True
43,Background,102400,5.77751,5.77949,0.0019799999999996487,106400,True
56,Background,102400,5.77762,5.78078,0.0031600000000002737,106400,True
56,Background,1024,5.77799,5.77823,0.00023999999999979593,1244,True
62,Background,10485760,5.78428,5.86268,0.07840000000000025,10876994,True
65,Background,104857600,5.78521,6.58863,0.80342,108768230,True
51,Background,102400,5.78591,5.78661,0.0006999999999992568,106400,True
63,Background,1024,5.78734,5.78761,0.0002699999999995484,1244,True
42,Background,1024,5.7879,5.7882,0.000300000000000189,1244,True
48,Background,102400,5.79063,5.79386,0.0032299999999994,106400,True
43,Background,104857600,5.79097,6.6371,0.8461300000000005,108768230,True
42,Background,1048576,5.79338,5.80797,0.014590000000000103,1087892,True
49,Background,10485760,5.79641,5.87224,0.07582999999999984,10876994,True
53,Background,10240,5.80334,5.80351,0.00016999999999978144,10838,True
54,Background,1024,5.80516,5.80531,0.0001500000000005386,1244,True
49,Background,1024,5.80519,5.80534,0.0001500000000005386,1244,True
45,Background,104857600,5.80648,6.66303,0.8565500000000004,108768230,True
61,Background,102400,5.80938,5.80998,0.000600000000000378,106400,True
64,Background,1048576,5.80961,5.82338,0.01377000000000006,1087892,True
50,Background,1024,5.81104,5.81126,0.0002199999999996649,1244,True
44,Background,10240,5.81107,5.81128,0.00021000000000004349,10838,True
54,Background,10240,5.8149,5.81521,0.0003100000000006986,10838,True
51,Background,1024,5.81638,5.81653,0.0001500000000005386,1244,True
44,Background,10485760,5.81845,5.90516,0.08671000000000006,10876994,True
60,Background,10240,5.82838,5.82879,0.00040999999999957737,10838,True
50,Background,102400,5.83101,5.83149,0.00047999999999959186,106400,True
36,Background,1048576,5.83106,5.83414,0.0030799999999997496,1087892,True
41,Background,10485760,5.83153,5.92414,0.09261000000000053,10876994,True
42,Background,10240,5.83335,5.83351,0.00016000000000016001,10838,True
57,Background,102400,5.83642,5.83698,0.0005599999999992278,106400,True
54,Background,1024,5.84668,5.8471,0.00042000000000008697,1244,True
52,Background,1024,5.84669,5.84711,0.00042000000000008697,1244,True
63,Background,10240,5.84754,5.84787,0.00032999999999994145,10838,True
49,Background,10240,5.85111,5.85129,0.00017999999999940286,10838,True
50,Background,102400,5.85204,5.8525,0.000460000000000349,106400,True
42,Background,1048576,5.85432,5.86683,0.012509999999999799,1087892,True
51,Background,1048576,5.85841,5.86605,0.007640000000000313,1087892,True
61,Background,10240,5.85953,5.85968,0.0001499999999996504,10838,True
47,Background,102400,5.86325,5.86387,0.000620000000000509,106400,True
66,Background,102400,5.8711,5.87157,0.00046999999999997044,106400,True
43,Background,1024,5.87121,5.87136,0.0001500000000005386,1244,True
48,Background,10485760,5.87522,5.97598,0.10076000000000018,10876994,True
51,Background,1048576,5.87572,5.89499,0.019269999999999676,1087892,True
46,Background,10485760,5.8782,5.92902,0.05082000000000075,10876994,True
49,Background,1024,5.87993,5.88023,0.000300000000000189,1244,True
49,Background,102400,5.88091,5.88161,0.000700000000000145,106400,True
53,Background,10240,5.88115,5.88131,0.00016000000000016001,10838,True
55,Background,10240,5.88363,5.88394,0.00030999999999981043,10838,True
52,Background,10240,5.88491,5.88522,0.0003100000000006986,10838,True
51,Background,10240,5.88573,5.88615,0.00042000000000008697,10838,True
51,Background,102400,5.88813,5.88853,0.00039999999999995595,106400,True
49,Background,1048576,5.89048,5.91418,0.023699999999999832,1087892,True
53,Background,1048576,5.89472,5.91216,0.017439999999999678,1087892,True
65,Background,10485760,5.89607,5.96983,0.07376000000000005,10876994,True
57,Background,10240,5.89832,5.89847,0.0001499999999996504,10838,True
55,Background,1024,5.90402,5.90426,0.00023999999999979593,1244,True
50,Background,1024,5.90456,5.90471,0.0001499999999996504,1244,True
52,Background,1048576,5.90571,5.92283,0.017120000000000246,1087892,True
52,Background,1048576,5.90847,5.92413,0.015659999999999563,1087892,True
56,Background,10240,5.9092,5.90935,0.0001499999999996504,10838,True
58,Background,10240,5.91033,5.91049,0.00016000000000016001,10838,True
52,Background,10240,5.91039,5.91056,0.00017000000000066962,10838,True
57,Background,102400,5.91274,5.91677,0.004029999999999312,106400,True
59,Background,10485760,5.91462,5.99954,0.08491999999999944,10876994,True
47,Background,1024,5.9149,5.91523,0.00032999999999994145,1244,True
63,Background,1024,5.91601,5.91626,0.00025000000000030553,1244,True
50,Background,10240,5.91802,5.91827,0.00024999999999941735,10838,True
50,Background,1048576,5.92127,5.93486,0.013589999999999769,1087892,True
64,Background,102400,5.92207,5.92252,0.0004499999999998394,106400,True
51,Background,10240,5.92312,5.92329,0.00016999999999978144,10838,True
57,Background,10240,5.92389,5.92421,0.00032000000000032003,10838,True
64,Background,10240,5.92793,5.92821,0.000280000000000058,10838,True
50,Background,10485760,5.92957,6.03444,0.10487000000000002,10876994,True
51,Background,1048576,5.93146,5.95065,0.01919000000000004,1087892,True
45,Background,1024,5.93419,5.93434,0.0001499999999996504,1244,True
56,Background,1024,5.93492,5.9352,0.000280000000000058,1244,True
58,Background,10240,5.93528,5.93545,0.00017000000000066962,10838,True
52,Background,102400,5.93815,5.93865,0.0004999999999997229,106400,True
227,Incast,500000,5.94365,8.52471,2.581060000000001,4668642,False
204,Incast,500000,5.94365,8.52415,2.5805000000000007,4668642,False
228,Incast,500000,5.94365,5.95749,0.013840000000000074,518738,False
205,Incast,500000,5.94365,8.53107,2.58742,4668642,False
203,Incast,500000,5.94365,5.95137,0.007719999999999949,518738,False
202,Incast,500000,5.94365,8.53052,2.5868699999999993,4668642,False
229,Incast,500000,5.94365,8.52981,2.5861599999999996,4149904,False
213,Incast,500000,5.94365,8.5289,2.5852500000000003,4668642,False
231,Incast,500000,5.94365,8.52508,2.581430000000001,4668642,False
232,Incast,500000,5.94365,5.9659,0.022250000000000547,518738,False
192,Incast,500000,5.94365,5.9567,0.013049999999999784,518738,False
206,Incast,500000,5.94365,8.52615,2.5824999999999996,4668642,False
233,Incast,500000,5.94365,5.95803,0.01438000000000006,518738,False
234,Incast,500000,5.94365,8.52971,2.58606,4149904,False
235,Incast,500000,5.94365,8.5309,2.587250000000001,4668642,False
236,Incast,500000,5.94365,6.52326,0.5796099999999997,1556214,False
237,Incast,500000,5.94365,8.52877,2.58512,4668642,False
238,Incast,500000,5.94365,8.53105,2.5874000000000006,3631166,False
239,Incast,500000,5.94365,8.52742,2.5837699999999995,4668642,False
240,Incast,500000,5.94365,8.52867,2.58502,4149904,False
230,Incast,500000,5.94365,8.52912,2.585470000000001,4149904,False
226,Incast,500000,5.94365,5.95894,0.015290000000000248,518738,False
224,Incast,500000,5.94365,8.52747,2.5838199999999993,4149904,False
200,Incast,500000,5.94365,8.52968,2.586030000000001,4668642,False
212,Incast,500000,5.94365,8.52418,2.5805299999999995,4149904,False
214,Incast,500000,5.94365,8.52707,2.5834200000000003,4668642,False
215,Incast,500000,5.94365,7.72633,1.78268,3112428,False
216,Incast,500000,5.94365,5.96156,0.017910000000000537,518738,False
217,Incast,500000,5.94365,5.9578,0.014149999999999885,518738,False
211,Incast,500000,5.94365,8.53004,2.5863899999999997,4668642,False
210,Incast,500000,5.94365,8.52798,2.5843299999999996,4149904,False
209,Incast,500000,5.94365,5.95284,0.009190000000000254,518738,False
193,Incast,500000,5.94365,8.52562,2.58197,4668642,False
194,Incast,500000,5.94365,8.52963,2.5859799999999993,4668642,False
195,Incast,500000,5.94365,8.53102,2.58737,4668642,False
218,Incast,500000,5.94365,8.52317,2.5795200000000005,4149904,False
196,Incast,500000,5.94365,8.53013,2.58648,4149904,False
241,Incast,500000,5.94365,5.95967,0.016020000000000145,518738,False
219,Incast,500000,5.94365,5.96173,0.018080000000000318,518738,False
220,Incast,500000,5.94365,8.52277,2.5791199999999996,4149904,False
221,Incast,500000,5.94365,8.5241,2.580450000000001,4668642,False
222,Incast,500000,5.94365,8.52605,2.5824,4149904,False
197,Incast,500000,5.94365,8.5301,2.5864499999999992,4149904,False
198,Incast,500000,5.94365,5.96096,0.01731000000000016,518738,False
223,Incast,500000,5.94365,5.95186,0.00821000000000005,518738,False
199,Incast,500000,5.94365,8.5299,2.5862499999999997,4668642,False
225,Incast,500000,5.94365,8.52813,2.584480000000001,3631166,False
201,Incast,500000,5.94365,8.52981,2.5861599999999996,4668642,False
242,Incast,500000,5.94365,8.53059,2.5869400000000002,3631166,False
208,Incast,500000,5.94365,5.95322,0.009570000000000078,518738,False
244,Incast,500000,5.94365,8.53045,2.5868,4668642,False
243,Incast,500000,5.94365,8.52904,2.5853900000000003,4668642,False
246,Incast,500000,5.94365,8.52968,2.586030000000001,4668642,False
207,Incast,500000,5.94365,5.95713,0.01348000000000038,518738,False
245,Incast,500000,5.94365,8.5271,2.583450000000001,4149904,False
57,Background,10240,5.94391,5.94456,0.0006500000000002615,10838,True
44,Background,10240,5.94894,5.94937,0.0004299999999997084,10838,True
62,Background,1024,5.95014,5.95042,0.000280000000000058,1244,True
53,Background,10240,5.95075,5.95124,0.0004900000000001015,10838,True
55,Background,1048576,5.95093,5.97297,0.022040000000000504,1087892,True
59,Background,10485760,5.95913,6.00196,0.04283000000000037,10876994,True
55,Background,1024,5.96076,5.96116,0.00039999999999995595,1244,True
44,Background,10240,5.96217,5.96233,0.00015999999999927184,10838,True
43,Background,102400,5.96301,5.9635,0.0004900000000001015,106400,True
54,Background,102400,5.96396,5.96463,0.0006699999999995043,106400,True
64,Background,102400,5.96844,5.96911,0.0006699999999995043,106400,True
55,Background,10240,5.9686,5.96902,0.00042000000000008697,10838,True
54,Background,10485760,5.97243,6.03368,0.06125000000000025,10876994,True
51,Background,102400,5.97457,5.97781,0.0032399999999999096,106400,True
66,Background,10240,5.97489,5.97522,0.00032999999999994145,10838,True
67,Background,1024,5.97675,5.97715,0.00039999999999995595,1244,True
50,Background,102400,5.97691,5.97769,0.0007799999999997809,106400,True
60,Background,10240,5.97792,5.97822,0.000300000000000189,10838,True
57,Background,1048576,5.981,5.98401,0.003009999999999735,1087892,True
54,Background,10240,5.98107,5.98128,0.00021000000000004349,10838,True
58,Background,1048576,5.98622,6.00315,0.016929999999999445,1087892,True
70,Background,10240,5.98657,5.98709,0.0005199999999998539,10838,True
45,Background,102400,5.9884,5.98879,0.00038999999999944635,106400,True
47,Background,102400,5.99535,5.99915,0.0038000000000000256,106400,True
60,Background,1048576,5.99646,6.00208,0.0056200000000004025,1087892,True
46,Background,10485760,5.9972,6.04812,0.05091999999999963,10876994,True
66,Background,10240,5.99891,5.99919,0.0002799999999991698,10838,True
58,Background,102400,6.00067,6.00113,0.00045999999999946084,106400,True
44,Background,102400,6.00833,6.00886,0.0005300000000003635,106400,True
53,Background,10485760,6.009,6.08905,0.08004999999999995,10876994,True
52,Background,102400,6.01038,6.01097,0.0005900000000007566,106400,True
37,Background,10485760,6.01043,6.08007,0.0696399999999997,10876994,True
59,Background,10240,6.01269,6.01304,0.0003500000000000725,10838,True
58,Background,10240,6.01301,6.01325,0.00023999999999979593,10838,True
53,Background,1048576,6.0136,6.02918,0.015579999999999927,1087892,True
54,Background,10240,6.01572,6.01602,0.000300000000000189,10838,True
62,Background,102400,6.01574,6.01724,0.0015000000000000568,106400,True
44,Background,10240,6.01685,6.01722,0.0003700000000002035,10838,True
51,Background,1024,6.01731,6.01746,0.0001499999999996504,1244,True
59,Background,10240,6.01738,6.01757,0.00018999999999991246,10838,True
61,Background,102400,6.01813,6.01854,0.00040999999999957737,106400,True
61,Background,102400,6.01923,6.01981,0.0005799999999993588,106400,True
45,Background,1048576,6.02675,6.04207,0.01532,1087892,True
52,Background,10240,6.02838,6.02853,0.0001499999999996504,10838,True
45,Background,102400,6.02851,6.02906,0.0005500000000004945,106400,True
53,Background,102400,6.02923,6.02982,0.0005899999999998684,106400,True
52,Background,1048576,6.03017,6.03286,0.0026900000000003033,1087892,True
46,Background,10240,6.03525,6.03541,0.00016000000000016001,10838,True
38,Background,1048576,6.03748,6.04078,0.0032999999999994145,1087892,True
46,Background,102400,6.03782,6.03879,0.0009699999999996933,106400,True
65,Background,102400,6.03896,6.03958,0.0006199999999996209,106400,True
45,Background,10240,6.03994,6.04016,0.0002200000000005531,10838,True
48,Background,10240,6.0413,6.04154,0.0002400000000006841,10838,True
49,Background,102400,6.04386,6.04683,0.0029700000000003612,106400,True
52,Background,1048576,6.04437,6.05462,0.010250000000000092,1087892,True
71,Background,102400,6.04548,6.046,0.0005199999999998539,106400,True
53,Background,1048576,6.04584,6.05342,0.00757999999999992,1087892,True
64,Background,1024,6.04586,6.04615,0.0002899999999996794,1244,True
51,Background,10240,6.0459,6.04619,0.0002900000000005676,10838,True
51,Background,1024,6.04849,6.04891,0.00042000000000008697,1244,True
62,Background,10240,6.05067,6.05109,0.00042000000000008697,10838,True
52,Background,102400,6.05067,6.05388,0.003210000000000157,106400,True
39,Background,102400,6.05505,6.05551,0.000460000000000349,106400,True
52,Background,1024,6.05724,6.0574,0.00016000000000016001,1244,True
52,Background,102400,6.05778,6.06173,0.003949999999999676,106400,True
55,Background,102400,6.06094,6.06161,0.0006699999999995043,106400,True
55,Background,1024,6.06286,6.06318,0.00032000000000032003,1244,True
56,Background,10240,6.06297,6.06321,0.00023999999999979593,10838,True
54,Background,10240,6.06478,6.06515,0.0003700000000002035,10838,True
72,Background,10240,6.06977,6.07014,0.0003700000000002035,10838,True
53,Background,10240,6.07068,6.07111,0.0004299999999997084,10838,True
46,Background,10240,6.07154,6.07186,0.00032000000000032003,10838,True
47,Background,1024,6.07322,6.07337,0.0001499999999996504,1244,True
45,Background,10485760,6.07377,6.13239,0.05862000000000034,10876994,True
55,Background,10240,6.07428,6.07455,0.00027000000000043656,10838,True
63,Background,104857600,6.07595,6.88111,0.8051599999999999,108768230,True
68,Background,102400,6.07717,6.0776,0.00043000000000059657,106400,True
53,Background,10240,6.07795,6.07822,0.0002699999999995484,10838,True
54,Background,102400,6.07844,6.08108,0.00264000000000042,106400,True
61,Background,102400,6.07862,6.08184,0.0032199999999997786,106400,True
56,Background,104857600,6.07925,6.91916,0.8399099999999997,108768230,True
73,Background,1048576,6.08007,6.08271,0.0026399999999995316,1087892,True
62,Background,102400,6.08135,6.08376,0.0024100000000002453,106400,True
57,Background,1048576,6.08678,6.09534,0.008560000000000123,1087892,True
65,Background,1048576,6.08725,6.10289,0.01564000000000032,1087892,True
40,Background,10240,6.08904,6.08925,0.00021000000000004349,10838,True
56,Background,1048576,6.09043,6.10417,0.013740000000000308,1087892,True
65,Background,1048576,6.0949,6.09802,0.0031200000000000117,1087892,True
53,Background,10240,6.10046,6.10074,0.000280000000000058,10838,True
56,Background,10240,6.10199,6.10224,0.00025000000000030553,10838,True
64,Background,1024,6.10297,6.10322,0.00025000000000030553,1244,True
58,Background,1024,6.10336,6.1036,0.00023999999999979593,1244,True
60,Background,102400,6.10754,6.11014,0.0026000000000001577,106400,True
46,Background,1048576,6.10767,6.12212,0.014450000000000074,1087892,True
67,Background,1048576,6.11171,6.12762,0.01590999999999987,1087892,True
65,Background,102400,6.11356,6.11624,0.002680000000000682,106400,True
66,Background,1048576,6.115,6.12213,0.007130000000000081,1087892,True
47,Background,1048576,6.11567,6.13276,0.017090000000000494,1087892,True
59,Background,1024,6.12031,6.12046,0.0001499999999996504,1244,True
66,Background,1048576,6.12064,6.13711,0.016469999999999985,1087892,True
47,Background,102400,6.12249,6.12314,0.0006500000000002615,106400,True
54,Background,1048576,6.12382,6.13919,0.015369999999999884,1087892,True
66,Background,1048576,6.12935,6.14314,0.013790000000000191,1087892,True
53,Background,1048576,6.13215,6.13504,0.002889999999999837,1087892,True
51,Background,1048576,6.13422,6.14059,0.006370000000000431,1087892,True
47,Background,102400,6.13588,6.13672,0.0008400000000001739,106400,True
63,Background,10240,6.1363,6.13646,0.00015999999999927184,10838,True
50,Background,1024,6.13926,6.13944,0.00017999999999940286,1244,True
56,Background,102400,6.14082,6.1418,0.000980000000000203,106400,True
46,Background,102400,6.14249,6.14539,0.0029000000000003467,106400,True
67,Background,1024,6.14588,6.14617,0.0002899999999996794,1244,True
49,Background,1048576,6.14659,6.15877,0.012179999999999858,1087892,True
69,Background,10485760,6.15021,6.24081,0.09059999999999935,10876994,True
53,Background,102400,6.15221,6.15283,0.0006199999999996209,106400,True
50,Background,1024,6.15371,6.15409,0.0003799999999998249,1244,True
66,Background,102400,6.1539,6.15479,0.0008900000000000574,106400,True
46,Background,1024,6.15398,6.15422,0.00023999999999979593,1244,True
48,Background,10485760,6.15557,6.29353,0.13795999999999964,10876994,True
47,Background,102400,6.1575,6.15821,0.0007100000000006546,106400,True
54,Background,10240,6.15797,6.15823,0.00025999999999992696,10838,True
67,Background,10485760,6.15928,6.24299,0.08370999999999995,10876994,True
67,Background,1048576,6.16344,6.18018,0.01674000000000042,1087892,True
48,Background,104857600,6.1643,7.04714,0.8828399999999998,108768230,True
74,Background,10240,6.16522,6.16538,0.00016000000000016001,10838,True
68,Background,10485760,6.16541,6.24576,0.08035000000000014,10876994,True
62,Background,10240,6.16574,6.16601,0.0002699999999995484,10838,True
54,Background,1024,6.16629,6.16644,0.0001499999999996504,1244,True
55,Background,1048576,6.16686,6.18218,0.01532,1087892,True
51,Background,104857600,6.16932,7.08251,0.9131900000000002,108768230,True
67,Background,102400,6.17058,6.17115,0.0005699999999997374,106400,True
55,Background,102400,6.17342,6.17623,0.0028100000000002012,106400,True
49,Background,1048576,6.1741,6.17748,0.0033799999999999386,1087892,True
52,Background,104857600,6.17706,7.01771,0.8406500000000001,108768230,True
56,Background,102400,6.17791,6.17865,0.000740000000000407,106400,True
63,Background,10485760,6.17858,6.24285,0.0642699999999996,10876994,True
57,Background,10240,6.18142,6.18161,0.00018999999999991246,10838,True
57,Background,102400,6.18266,6.18317,0.0005099999999993443,106400,True
58,Background,102400,6.18511,6.18552,0.00041000000000046555,106400,True
55,Background,10240,6.18564,6.18601,0.0003699999999993153,10838,True
43,Background,10240,6.18879,6.18914,0.0003500000000000725,10838,True
67,Background,10240,6.18911,6.18929,0.00017999999999940286,10838,True
57,Background,1048576,6.19068,6.21273,0.022049999999999237,1087892,True
61,Background,1024,6.19284,6.19318,0.0003399999999995629,1244,True
48,Background,102400,6.19308,6.19352,0.000440000000000218,106400,True
54,Background,10240,6.1942,6.19436,0.00015999999999927184,10838,True
48,Background,102400,6.19427,6.19485,0.0005799999999993588,106400,True
55,Background,1048576,6.19571,6.22119,0.025479999999999947,1087892,True
55,Background,10485760,6.19578,6.34633,0.15054999999999996,10876994,True
63,Background,10240,6.19611,6.1963,0.00018999999999991246,10838,True
49,Background,1048576,6.19663,6.22217,0.02554000000000034,1087892,True
53,Background,1048576,6.19739,6.2021,0.004709999999999326,1087892,True
58,Background,10240,6.19741,6.19756,0.0001500000000005386,10838,True
47,Background,10485760,6.19764,6.32484,0.1272000000000002,10876994,True
68,Background,10240,6.19852,6.19882,0.000300000000000189,10838,True
48,Background,10485760,6.2008,6.34158,0.14078000000000035,10876994,True
57,Background,102400,6.20085,6.20304,0.002189999999999692,106400,True
64,Background,10240,6.2009,6.20125,0.0003500000000000725,10838,True
49,Background,1024,6.20223,6.20238,0.0001499999999996504,1244,True
51,Background,1048576,6.20553,6.23043,0.0248999999999997,1087892,True
60,Background,10240,6.2096,6.21012,0.0005199999999998539,10838,True
59,Background,102400,6.21055,6.21107,0.0005200000000007421,106400,True
55,Background,10485760,6.21128,6.297,0.08571999999999935,10876994,True
52,Background,1048576,6.21605,6.21921,0.0031600000000002737,1087892,True
68,Background,10240,6.2185,6.21902,0.0005200000000007421,10838,True
49,Background,1024,6.22306,6.22329,0.0002300000000001745,1244,True
70,Background,10240,6.22427,6.22445,0.00018000000000029104,10838,True
59,Background,10240,6.22487,6.22523,0.0003599999999996939,10838,True
56,Background,10240,6.22718,6.22734,0.00016000000000016001,10838,True
61,Background,10240,6.23223,6.23238,0.0001499999999996504,10838,True
50,Background,10240,6.23455,6.23471,0.00016000000000016001,10838,True
68,Background,1048576,6.23479,6.23823,0.0034399999999994435,1087892,True
58,Background,1024,6.23615,6.23633,0.00017999999999940286,1244,True
61,Background,102400,6.23637,6.23678,0.00041000000000046555,106400,True
47,Background,1024,6.23686,6.23717,0.00030999999999981043,1244,True
59,Background,10240,6.23744,6.23792,0.00047999999999959186,10838,True
54,Background,102400,6.23778,6.24119,0.003409999999999691,106400,True
59,Background,10485760,6.23818,6.2829,0.04471999999999987,10876994,True
57,Background,10240,6.24106,6.2413,0.00023999999999979593,10838,True
56,Background,1048576,6.2424,6.25917,0.016770000000000174,1087892,True
56,Background,10240,6.24317,6.24333,0.00016000000000016001,10838,True
62,Background,10485760,6.24364,6.39418,0.15054000000000034,10876994,True
53,Background,1048576,6.24606,6.25214,0.006079999999999863,1087892,True
48,Background,1024,6.24742,6.24758,0.00016000000000016001,1244,True
63,Background,102400,6.24791,6.24883,0.0009199999999998099,106400,True
53,Background,1048576,6.24832,6.27043,0.022110000000000518,1087892,True
52,Background,1024,6.25052,6.25101,0.0004900000000001015,1244,True
49,Background,10240,6.25441,6.25457,0.00016000000000016001,10838,True
69,Background,10485760,6.26288,6.37192,0.10904000000000025,10876994,True
69,Background,1024,6.26334,6.26349,0.0001499999999996504,1244,True
60,Background,102400,6.2641,6.26472,0.0006199999999996209,106400,True
53,Background,102400,6.2645,6.26916,0.0046600000000003305,106400,True
50,Background,10240,6.26486,6.26523,0.0003700000000002035,10838,True
43,Background,104857600,6.2654,7.06071,0.7953100000000006,108768230,True
52,Background,1048576,6.266,6.26902,0.0030200000000002447,1087892,True
58,Background,102400,6.26618,6.26657,0.00038999999999944635,106400,True
50,Background,102400,6.26866,6.271,0.002340000000000231,106400,True
69,Background,102400,6.26874,6.27219,0.003449999999999953,106400,True
57,Background,102400,6.27111,6.27153,0.00042000000000008697,106400,True
48,Background,102400,6.27132,6.27171,0.00038999999999944635,106400,True
75,Background,10240,6.27284,6.27319,0.0003499999999991843,10838,True
49,Background,104857600,6.27302,7.05473,0.7817100000000003,108768230,True
50,Background,102400,6.27395,6.27464,0.0006899999999996353,106400,True
62,Background,102400,6.27632,6.27672,0.00039999999999995595,106400,True
59,Background,102400,6.27873,6.2794,0.0006699999999995043,106400,True
54,Background,10240,6.28012,6.2803,0.00018000000000029104,10838,True
48,Background,1048576,6.28023,6.28409,0.0038599999999995305,1087892,True
69,Background,102400,6.28436,6.28491,0.0005499999999996064,106400,True
57,Background,1048576,6.28525,6.29139,0.006140000000000256,1087892,True
60,Background,102400,6.28774,6.28823,0.0004900000000001015,106400,True
56,Background,10240,6.29048,6.2908,0.00032000000000032003,10838,True
41,Background,102400,6.29146,6.29212,0.0006599999999998829,106400,True
62,Background,102400,6.29168,6.29664,0.004959999999999631,106400,True
54,Background,102400,6.29218,6.29257,0.0003900000000003345,106400,True
70,Background,1048576,6.29271,6.29611,0.0034000000000000696,1087892,True
44,Background,1048576,6.29291,6.3018,0.008890000000000065,1087892,True
50,Background,102400,6.29796,6.29861,0.0006500000000002615,106400,True
57,Background,104857600,6.30093,7.08579,0.7848600000000001,108768230,True
60,Background,10240,6.30152,6.30178,0.00025999999999992696,10838,True
51,Background,1024,6.3024,6.30256,0.00016000000000016001,1244,True
50,Background,102400,6.30617,6.30658,0.00041000000000046555,106400,True
55,Background,10240,6.30721,6.30736,0.0001499999999996504,10838,True
60,Background,10485760,6.30813,6.42763,0.1194999999999995,10876994,True
54,Background,10240,6.30847,6.30882,0.0003500000000000725,10838,True
53,Background,10485760,6.30856,6.46674,0.15817999999999977,10876994,True
54,Background,102400,6.30869,6.46674,0.15804999999999936,10876994,True
54,Background,1048576,6.30906,6.31281,0.003750000000000142,1087892,True
53,Background,1024,6.31061,6.31089,0.000280000000000058,1244,True
55,Background,10485760,6.31146,6.42949,0.11803000000000008,10876994,True
60,Background,102400,6.31347,6.31414,0.0006700000000003925,106400,True
51,Background,10240,6.31407,6.31429,0.0002199999999996649,10838,True
58,Background,1024,6.31448,6.31468,0.00020000000000042206,1244,True
63,Background,1048576,6.31462,6.3332,0.01858000000000004,1087892,True
54,Background,102400,6.3163,6.31688,0.000580000000000247,106400,True
65,Background,102400,6.31681,6.3216,0.00478999999999985,106400,True
58,Background,10485760,6.3193,6.4205,0.10119999999999951,10876994,True
42,Background,102400,6.3226,6.32614,0.0035399999999992104,106400,True
56,Background,1048576,6.32659,6.33439,0.007799999999999585,1087892,True
56,Background,10485760,6.32664,6.45617,0.12952999999999992,10876994,True
51,Background,10240,6.32844,6.3286,0.00016000000000016001,10838,True
61,Background,1048576,6.33324,6.33614,0.0029000000000003467,1087892,True
57,Background,10240,6.33372,6.33395,0.0002300000000001745,10838,True
59,Background,10485760,6.3353,6.45204,0.11674000000000007,10876994,True
59,Background,1048576,6.33584,6.36633,0.030489999999999462,1087892,True
55,Background,1048576,6.33848,6.35623,0.017750000000000377,1087892,True
61,Background,1024,6.34014,6.34032,0.00018000000000029104,1244,True
60,Background,10240,6.34041,6.34057,0.00015999999999927184,10838,True
71,Background,102400,6.34429,6.34482,0.0005300000000003635,106400,True
58,Background,10240,6.34458,6.34498,0.00039999999999995595,10838,True
57,Background,1024,6.34496,6.34525,0.0002899999999996794,1244,True
47,Background,1024,6.34631,6.34653,0.0002199999999996649,1244,True
59,Background,10240,6.34681,6.34719,0.0003800000000007131,10838,True
59,Background,10240,6.34809,6.3483,0.00021000000000004349,10838,True
71,Background,1024,6.34855,6.34894,0.00038999999999944635,1244,True
56,Background,1048576,6.35098,6.35705,0.006070000000000242,1087892,True
55,Background,1048576,6.35317,6.35614,0.002969999999999473,1087892,True
60,Background,10240,6.35559,6.35598,0.00038999999999944635,10838,True
286,Incast,500000,6.35754,7.72901,1.3714699999999995,2593690,False
273,Incast,500000,6.35754,8.52591,2.1683699999999995,4149904,False
274,Incast,500000,6.35754,7.72809,1.3705499999999997,2593690,False
259,Incast,500000,6.35754,8.52623,2.16869,4149904,False
278,Incast,500000,6.35754,8.52301,2.165469999999999,4149904,False
282,Incast,500000,6.35754,8.52774,2.1701999999999995,4149904,False
285,Incast,500000,6.35754,8.52597,2.168429999999999,4149904,False
262,Incast,500000,6.35754,8.5287,2.1711600000000004,4149904,False
295,Incast,500000,6.35754,8.52944,2.171899999999999,4149904,False
294,Incast,500000,6.35754,8.52183,2.1642899999999994,2593690,False
247,Incast,500000,6.35754,8.52401,2.1664700000000003,4149904,False
290,Incast,500000,6.35754,7.72821,1.3706699999999996,2593690,False
49,Background,10240,6.35816,6.35865,0.0004900000000001015,10838,True
57,Background,10485760,6.35926,6.45055,0.09128999999999987,10876994,True
61,Background,1048576,6.35972,6.38205,0.022329999999999295,1087892,True
56,Background,10240,6.35983,6.36041,0.000580000000000247,10838,True
58,Background,102400,6.35987,6.36333,0.0034600000000004627,106400,True
63,Background,10240,6.36075,6.36122,0.00046999999999997044,10838,True
49,Background,102400,6.36124,6.36173,0.0004900000000001015,106400,True
68,Background,10485760,6.36298,6.50139,0.13840999999999948,10876994,True
72,Background,10485760,6.36443,6.47516,0.11073000000000022,10876994,True
62,Background,102400,6.36577,6.36942,0.003649999999999487,106400,True
61,Background,1024,6.36918,6.36944,0.00025999999999992696,1244,True
72,Background,1048576,6.36945,6.37326,0.003810000000000535,1087892,True
54,Background,1024,6.37096,6.37136,0.00039999999999995595,1244,True
64,Background,102400,6.37277,6.37786,0.005090000000000039,106400,True
58,Background,1024,6.3732,6.37338,0.00018000000000029104,1244,True
62,Background,102400,6.37404,6.37454,0.0004999999999997229,106400,True
69,Background,1024,6.37614,6.37634,0.00019999999999953388,1244,True
62,Background,10240,6.37717,6.37733,0.00016000000000016001,10838,True
51,Background,102400,6.37943,6.38008,0.0006500000000002615,106400,True
56,Background,10240,6.38148,6.38197,0.0004900000000001015,10838,True
64,Background,102400,6.38246,6.38295,0.0004900000000001015,106400,True
65,Background,1048576,6.38458,6.39005,0.005469999999999864,1087892,True
61,Background,102400,6.38532,6.38586,0.0005399999999999849,106400,True
63,Background,1024,6.38589,6.38623,0.00034000000000045105,1244,True
65,Background,10240,6.38613,6.38631,0.00018000000000029104,10838,True
62,Background,1024,6.38698,6.38724,0.00025999999999992696,1244,True
63,Background,1048576,6.38784,6.40845,0.02061000000000046,1087892,True
70,Background,1048576,6.38848,6.40415,0.015669999999999185,1087892,True
55,Background,10485760,6.39647,6.47913,0.08265999999999973,10876994,True
58,Background,102400,6.40013,6.40077,0.0006399999999997519,106400,True
45,Background,10485760,6.40016,6.49858,0.09841999999999995,10876994,True
63,Background,1024,6.40121,6.40136,0.0001500000000005386,1244,True
58,Background,102400,6.40823,6.40881,0.000580000000000247,106400,True
55,Background,10485760,6.41095,6.52589,0.11494000000000071,10876994,True
56,Background,1048576,6.41334,6.42784,0.014499999999999957,1087892,True
43,Background,10240,6.4163,6.41645,0.0001500000000005386,10838,True
68,Background,10240,6.41713,6.41731,0.00017999999999940286,10838,True
57,Background,10240,6.41799,6.41826,0.00027000000000043656,10838,True
70,Background,1024,6.41953,6.41968,0.0001499999999996504,1244,True
59,Background,102400,6.42327,6.42369,0.00042000000000008697,106400,True
54,Background,1024,6.42839,6.42854,0.0001499999999996504,1244,True
61,Background,1048576,6.42911,6.43291,0.0038000000000000256,1087892,True
52,Background,1048576,6.43154,6.45117,0.01963000000000026,1087892,True
53,Background,102400,6.43652,6.43712,0.000600000000000378,106400,True
59,Background,1024,6.43818,6.43833,0.0001499999999996504,1244,True
55,Background,1048576,6.43864,6.45875,0.02010999999999985,1087892,True
50,Background,10485760,6.43951,6.55016,0.11064999999999969,10876994,True
56,Background,10240,6.44069,6.44092,0.0002300000000001745,10838,True
57,Background,10240,6.4409,6.4412,0.000300000000000189,10838,True
62,Background,102400,6.44325,6.44382,0.0005699999999997374,106400,True
55,Background,10240,6.44954,6.4497,0.00016000000000016001,10838,True
64,Background,1048576,6.45092,6.45454,0.0036199999999997345,1087892,True
58,Background,102400,6.45168,6.45761,0.005930000000000213,106400,True
64,Background,1048576,6.45263,6.45687,0.004240000000000244,1087892,True
63,Background,1048576,6.4539,6.45812,0.0042200000000001125,1087892,True
52,Background,102400,6.45444,6.45512,0.0006800000000000139,106400,True
57,Background,10240,6.45692,6.45722,0.000300000000000189,10838,True
56,Background,1048576,6.46573,6.48615,0.02042000000000055,1087892,True
65,Background,10240,6.4663,6.46645,0.0001499999999996504,10838,True
70,Background,10485760,6.47136,6.54457,0.07321000000000044,10876994,True
60,Background,10240,6.47199,6.47225,0.00025999999999992696,10838,True
64,Background,1024,6.47303,6.47327,0.0002400000000006841,1244,True
53,Background,102400,6.47425,6.4749,0.0006500000000002615,106400,True
66,Background,102400,6.47446,6.47817,0.0037100000000007682,106400,True
64,Background,102400,6.47458,6.47782,0.003240000000000798,106400,True
52,Background,10240,6.47997,6.48024,0.00027000000000043656,10838,True
64,Background,102400,6.48176,6.48488,0.0031200000000000117,106400,True
52,Background,10240,6.48201,6.48226,0.00025000000000030553,10838,True
51,Background,10240,6.49003,6.49027,0.00023999999999979593,10838,True
56,Background,102400,6.49199,6.49285,0.0008599999999994168,106400,True
65,Background,10240,6.49434,6.49449,0.0001499999999996504,10838,True
59,Background,10240,6.49921,6.49937,0.00016000000000016001,10838,True
67,Background,102400,6.50403,6.5045,0.00046999999999997044,106400,True
52,Background,102400,6.50471,6.5061,0.0013899999999997803,106400,True
304,Incast,500000,6.50534,8.52741,2.0220699999999994,3631166,False
298,Incast,500000,6.50534,8.52183,2.0164899999999992,2593690,False
305,Incast,500000,6.50534,8.52628,2.0209399999999995,3631166,False
348,Incast,500000,6.50534,8.52379,2.0184499999999996,3112428,False
345,Incast,500000,6.50534,8.52936,2.02402,3631166,False
344,Incast,500000,6.50534,8.5308,2.025459999999999,3631166,False
338,Incast,500000,6.50534,8.52688,2.02154,3631166,False
332,Incast,500000,6.50534,8.52868,2.0233399999999993,3631166,False
327,Incast,500000,6.50534,8.53021,2.02487,3631166,False
329,Incast,500000,6.50534,8.5272,2.02186,3631166,False
330,Incast,500000,6.50534,7.26952,0.7641799999999996,1556214,False
312,Incast,500000,6.50534,8.29503,1.7896900000000002,3112428,False
315,Incast,500000,6.50534,8.52796,2.02262,3631166,False
316,Incast,500000,6.50534,8.5316,2.026259999999999,3631166,False
360,Incast,500000,6.50534,8.52999,2.0246499999999994,3631166,False
357,Incast,500000,6.50534,8.52885,2.02351,3631166,False
355,Incast,500000,6.50534,8.52821,2.0228699999999993,3631166,False
353,Incast,500000,6.50534,8.52757,2.0222300000000004,3112428,False
320,Incast,500000,6.50534,8.52816,2.0228199999999994,3631166,False
60,Background,102400,6.50763,6.51433,0.006700000000000372,106400,True
69,Background,1024,6.50829,6.50851,0.0002200000000005531,1244,True
65,Background,1048576,6.50915,6.51381,0.0046600000000003305,1087892,True
66,Background,1024,6.50964,6.50992,0.000280000000000058,1244,True
60,Background,102400,6.51038,6.51078,0.00039999999999995595,106400,True
70,Background,1048576,6.51221,6.51616,0.003950000000000564,1087892,True
66,Background,102400,6.51418,6.51469,0.0005100000000002325,106400,True
59,Background,10485760,6.51529,6.5739,0.05860999999999983,10876994,True
56,Background,10485760,6.51541,6.57558,0.06017000000000028,10876994,True
59,Background,102400,6.51564,6.51932,0.0036799999999992394,106400,True
66,Background,102400,6.51671,6.51761,0.000900000000000567,106400,True
54,Background,1048576,6.51799,6.52284,0.004850000000000243,1087892,True
63,Background,10240,6.51962,6.5198,0.00018000000000029104,10838,True
50,Background,102400,6.5236,6.52548,0.0018799999999998818,106400,True
71,Background,10240,6.52407,6.5243,0.0002300000000001745,10838,True
71,Background,1048576,6.5271,6.53085,0.003750000000000142,1087892,True
52,Background,10240,6.52909,6.52928,0.00018999999999991246,10838,True
44,Background,1048576,6.53126,6.54704,0.01578000000000035,1087892,True
57,Background,1048576,6.53822,6.54103,0.0028100000000002012,1087892,True
66,Background,10240,6.53864,6.53889,0.00025000000000030553,10838,True
68,Background,1048576,6.54132,6.561,0.019680000000000142,1087892,True
71,Background,10485760,6.542,6.59867,0.05667000000000044,10876994,True
67,Background,1024,6.5451,6.54529,0.00018999999999991246,1244,True
72,Background,10240,6.54687,6.54721,0.0003399999999995629,10838,True
70,Background,10240,6.54706,6.54728,0.0002199999999996649,10838,True
44,Background,10240,6.54956,6.54988,0.00032000000000032003,10838,True
64,Background,10240,6.55016,6.55032,0.00016000000000016001,10838,True
62,Background,10240,6.5504,6.55059,0.00018999999999991246,10838,True
67,Background,1024,6.55099,6.55123,0.0002400000000006841,1244,True
60,Background,102400,6.55391,6.55475,0.0008400000000001739,106400,True
73,Background,10485760,6.55581,6.65477,0.09895999999999994,10876994,True
53,Background,1024,6.55671,6.55714,0.00043000000000059657,1244,True
45,Background,10485760,6.56035,6.6566,0.09625000000000039,10876994,True
59,Background,104857600,6.56334,7.14039,0.5770499999999998,108768230,True
60,Background,102400,6.56669,6.56727,0.0005799999999993588,106400,True
61,Background,10240,6.57031,6.57046,0.0001499999999996504,10838,True
51,Background,10240,6.57074,6.57114,0.00039999999999995595,10838,True
62,Background,102400,6.57107,6.57152,0.0004499999999998394,106400,True
58,Background,10240,6.57389,6.57419,0.000300000000000189,10838,True
61,Background,1048576,6.57669,6.59283,0.016140000000000043,1087892,True
61,Background,10485760,6.57673,6.65465,0.07791999999999977,10876994,True
52,Background,102400,6.57737,6.57795,0.000580000000000247,106400,True
65,Background,10240,6.57785,6.57818,0.00032999999999994145,10838,True
66,Background,10485760,6.57825,6.64281,0.06456000000000017,10876994,True
55,Background,102400,6.57987,6.58075,0.000880000000000436,106400,True
56,Background,1024,6.5802,6.58035,0.0001500000000005386,1244,True
72,Background,10240,6.58646,6.58679,0.00032999999999994145,10838,True
67,Background,10485760,6.58887,6.69186,0.10299000000000014,10876994,True
61,Background,10240,6.58907,6.58928,0.0002099999999991553,10838,True
60,Background,1024,6.58923,6.58938,0.0001500000000005386,1244,True
55,Background,10485760,6.59094,6.67222,0.08128000000000046,10876994,True
61,Background,104857600,6.59214,7.12929,0.5371500000000005,108768230,True
62,Background,102400,6.59276,6.59991,0.007150000000000212,106400,True
64,Background,1048576,6.59544,6.60848,0.013040000000000163,1087892,True
68,Background,1048576,6.59559,6.61338,0.01779000000000064,1087892,True
53,Background,1048576,6.59988,6.60356,0.0036800000000001276,1087892,True
73,Background,1048576,6.60067,6.63054,0.02986999999999984,1087892,True
56,Background,102400,6.60307,6.60353,0.000460000000000349,106400,True
63,Background,10240,6.60552,6.60577,0.00024999999999941735,10838,True
57,Background,102400,6.60682,6.60981,0.0029900000000004923,106400,True
58,Background,1048576,6.60685,6.60981,0.00296000000000074,106400,True
69,Background,102400,6.60779,6.61417,0.006380000000000052,106400,True
69,Background,102400,6.6094,6.61006,0.0006599999999998829,106400,True
63,Background,10485760,6.6106,6.70164,0.09104000000000045,10876994,True
57,Background,102400,6.61294,6.61366,0.000720000000000276,106400,True
70,Background,10240,6.6131,6.6133,0.00019999999999953388,10838,True
74,Background,104857600,6.61489,7.1423,0.5274099999999997,108768230,True
53,Background,10485760,6.61635,6.71104,0.09468999999999994,10876994,True
56,Background,1024,6.61695,6.61726,0.00030999999999981043,1244,True
57,Background,102400,6.61742,6.61786,0.000440000000000218,106400,True
53,Background,10240,6.62083,6.62118,0.0003500000000000725,10838,True
45,Background,102400,6.62209,6.62253,0.000440000000000218,106400,True
67,Background,10240,6.62287,6.62321,0.00034000000000045105,10838,True
57,Background,10240,6.62362,6.62405,0.00043000000000059657,10838,True
51,Background,102400,6.62398,6.6246,0.0006199999999996209,106400,True
67,Background,1048576,6.62525,6.64748,0.022229999999999528,1087892,True
54,Background,102400,6.6263,6.62669,0.0003900000000003345,106400,True
46,Background,102400,6.62711,6.62772,0.0006099999999999994,106400,True
61,Background,10240,6.63068,6.63109,0.00041000000000046555,10838,True
70,Background,10240,6.63114,6.6313,0.00016000000000016001,10838,True
71,Background,1024,6.63188,6.63221,0.00032999999999994145,1244,True
64,Background,102400,6.63389,6.63482,0.0009300000000003195,106400,True
73,Background,10240,6.6342,6.63435,0.0001500000000005386,10838,True
72,Background,1048576,6.63618,6.64084,0.004659999999999442,1087892,True
58,Background,1024,6.6369,6.63725,0.0003500000000000725,1244,True
54,Background,1048576,6.63929,6.65615,0.01686000000000032,1087892,True
68,Background,1048576,6.6403,6.64314,0.0028399999999999537,1087892,True
68,Background,10240,6.64182,6.6422,0.0003799999999998249,10838,True
59,Background,10485760,6.65041,6.73513,0.0847199999999999,10876994,True
73,Background,102400,6.65148,6.65212,0.0006399999999997519,106400,True
65,Background,1024,6.65289,6.65321,0.00031999999999943185,1244,True
73,Background,1024,6.65354,6.65379,0.00025000000000030553,1244,True
71,Background,102400,6.65557,6.65969,0.004120000000000346,106400,True
51,Background,10240,6.65591,6.65623,0.00031999999999943185,10838,True
59,Background,1048576,6.65766,6.67819,0.020529999999999937,1087892,True
66,Background,1048576,6.658,6.66108,0.0030799999999997496,1087892,True
69,Background,1048576,6.66049,6.67909,0.018600000000000172,1087892,True
48,Background,102400,6.66058,6.66397,0.00338999999999956,106400,True
70,Background,10240,6.66099,6.66123,0.00023999999999979593,10838,True
57,Background,102400,6.66156,6.66217,0.0006099999999999994,106400,True
64,Background,1024,6.66188,6.66221,0.00032999999999994145,1244,True
71,Background,102400,6.66212,6.66257,0.0004499999999998394,106400,True
52,Background,1048576,6.66352,6.6833,0.01977999999999991,1087892,True
64,Background,10240,6.66631,6.66647,0.00016000000000016001,10838,True
65,Background,102400,6.6706,6.67558,0.004979999999999762,106400,True
62,Background,10240,6.67176,6.67216,0.00039999999999995595,10838,True
60,Background,102400,6.67393,6.6747,0.0007699999999992713,106400,True
46,Background,10240,6.67415,6.6743,0.0001499999999996504,10838,True
68,Background,1048576,6.67449,6.68884,0.014350000000000307,1087892,True
62,Background,10240,6.67754,6.67783,0.0002900000000005676,10838,True
53,Background,10240,6.67826,6.67842,0.00016000000000016001,10838,True
58,Background,1048576,6.68034,6.69249,0.012150000000000105,1087892,True
75,Background,10240,6.68181,6.68217,0.0003600000000005821,10838,True
47,Background,1024,6.68431,6.68446,0.0001499999999996504,1244,True
63,Background,10240,6.68459,6.68489,0.000300000000000189,10838,True
49,Background,1048576,6.69094,6.69413,0.003190000000000026,1087892,True
55,Background,1024,6.69134,6.6915,0.00015999999999927184,1244,True
72,Background,102400,6.69583,6.70005,0.0042200000000001125,106400,True
74,Background,102400,6.69926,6.69987,0.0006099999999999994,106400,True
74,Background,1048576,6.69928,6.71061,0.011330000000000062,1087892,True
71,Background,10240,6.70359,6.70395,0.0003599999999996939,10838,True
76,Background,102400,6.70422,6.70484,0.0006199999999996209,106400,True
68,Background,1024,6.70542,6.70559,0.00016999999999978144,1244,True
58,Background,102400,6.70744,6.70807,0.0006300000000001305,106400,True
71,Background,10485760,6.70787,6.77274,0.06486999999999998,10876994,True
61,Background,102400,6.70896,6.70958,0.0006199999999996209,106400,True
58,Background,1024,6.70938,6.70953,0.0001499999999996504,1244,True
46,Background,1024,6.71029,6.71049,0.00020000000000042206,1244,True
54,Background,102400,6.71093,6.7117,0.0007700000000001594,106400,True
56,Background,10240,6.71726,6.71743,0.00017000000000066962,10838,True
76,Background,1048576,6.71993,6.72351,0.0035800000000003607,1087892,True
54,Background,10240,6.72061,6.72102,0.00041000000000046555,10838,True
55,Background,1048576,6.72362,6.72722,0.0035999999999996035,1087892,True
61,Background,1048576,6.72446,6.74181,0.01735000000000042,1087892,True
69,Background,10240,6.72561,6.72596,0.0003500000000000725,10838,True
54,Background,102400,6.72568,6.72744,0.0017599999999999838,106400,True
65,Background,1048576,6.72642,6.73056,0.0041399999999995885,1087892,True
65,Background,10240,6.72893,6.72922,0.0002899999999996794,10838,True
53,Background,1048576,6.73369,6.75216,0.018469999999999764,1087892,True
55,Background,102400,6.73595,6.73665,0.000700000000000145,106400,True
63,Background,102400,6.73684,6.74245,0.005609999999999893,106400,True
74,Background,102400,6.73741,6.73789,0.00048000000000048004,106400,True
77,Background,1048576,6.73749,6.74408,0.006590000000000096,1087892,True
66,Background,1048576,6.73929,6.74274,0.0034500000000008413,1087892,True
52,Background,1024,6.73957,6.7398,0.0002300000000001745,1244,True
58,Background,10485760,6.74013,6.81369,0.07356000000000051,10876994,True
55,Background,102400,6.74435,6.74496,0.0006099999999999994,106400,True
65,Background,102400,6.74711,6.74771,0.0005999999999994898,106400,True
60,Background,10240,6.74786,6.7482,0.0003399999999995629,10838,True
75,Background,1048576,6.75146,6.76814,0.016680000000000028,1087892,True
61,Background,102400,6.75333,6.75397,0.0006399999999997519,106400,True
59,Background,1024,6.75374,6.75414,0.00039999999999995595,1244,True
64,Background,1048576,6.75553,6.76212,0.006590000000000096,1087892,True
72,Background,10240,6.76006,6.76028,0.0002199999999996649,10838,True
57,Background,102400,6.76071,6.76589,0.005179999999999296,106400,True
63,Background,1024,6.76259,6.76298,0.00038999999999944635,1244,True
72,Background,10240,6.76467,6.76513,0.000460000000000349,10838,True
65,Background,1048576,6.77066,6.78386,0.013199999999999434,1087892,True
67,Background,102400,6.77139,6.77207,0.0006800000000000139,106400,True
73,Background,102400,6.7723,6.77284,0.0005399999999999849,106400,True
77,Background,1048576,6.77592,6.77962,0.0037000000000002586,1087892,True
67,Background,1024,6.77643,6.77664,0.00021000000000004349,1244,True
57,Background,102400,6.77798,6.77877,0.0007899999999994023,106400,True
66,Background,10485760,6.77904,6.84889,0.06984999999999975,10876994,True
73,Background,10240,6.78647,6.78681,0.00034000000000045105,10838,True
66,Background,1024,6.78743,6.78767,0.0002400000000006841,1244,True
58,Background,102400,6.78924,6.78976,0.0005199999999998539,106400,True
55,Background,102400,6.78979,6.79621,0.006420000000000314,106400,True
68,Background,1024,6.79215,6.7923,0.0001499999999996504,1244,True
367,Incast,500000,6.79282,8.52682,1.7340000000000009,3112428,False
59,Background,10240,6.79297,6.79354,0.0005699999999997374,10838,True
62,Background,10485760,6.79317,6.90489,0.11172000000000004,10876994,True
47,Background,1024,6.79593,6.79638,0.0004499999999998394,1244,True
69,Background,102400,6.79648,6.79714,0.0006599999999998829,106400,True
69,Background,10485760,6.7968,6.87578,0.0789799999999996,10876994,True
75,Background,102400,6.79984,6.80782,0.007980000000000764,106400,True
53,Background,102400,6.80294,6.81017,0.007229999999999848,106400,True
64,Background,10485760,6.80346,6.89529,0.09182999999999986,10876994,True
62,Background,102400,6.80448,6.80507,0.0005899999999998684,106400,True
54,Background,1048576,6.80455,6.81662,0.01207000000000047,1087892,True
67,Background,10485760,6.80506,6.86515,0.060089999999999755,10876994,True
70,Background,10485760,6.80511,6.86361,0.05850000000000044,10876994,True
60,Background,102400,6.80705,6.80765,0.0005999999999994898,106400,True
78,Background,102400,6.80845,6.80897,0.0005200000000007421,106400,True
55,Background,1048576,6.80991,6.82456,0.014649999999999608,1087892,True
64,Background,1048576,6.81109,6.81406,0.002969999999999473,1087892,True
76,Background,10240,6.81784,6.81819,0.0003500000000000725,10838,True
61,Background,10240,6.82132,6.82147,0.0001499999999996504,10838,True
56,Background,1048576,6.82255,6.8399,0.01735000000000042,1087892,True
58,Background,10485760,6.82328,6.87311,0.04983000000000004,10876994,True
54,Background,10240,6.82343,6.82359,0.00016000000000016001,10838,True
72,Background,1024,6.82444,6.8246,0.00016000000000016001,1244,True
72,Background,104857600,6.82512,7.22517,0.40005000000000024,108768230,True
63,Background,10240,6.82553,6.82588,0.0003500000000000725,10838,True
77,Background,10240,6.82678,6.82717,0.00038999999999944635,10838,True
60,Background,1024,6.82748,6.82778,0.0002999999999993008,1244,True
66,Background,1048576,6.828,6.83119,0.003190000000000026,1087892,True
59,Background,10240,6.83011,6.83029,0.00017999999999940286,10838,True
67,Background,1024,6.83057,6.83108,0.0005100000000002325,1244,True
55,Background,1048576,6.83484,6.8553,0.020459999999999923,1087892,True
75,Background,102400,6.83585,6.83964,0.003790000000000404,106400,True
58,Background,1048576,6.84004,6.84314,0.0030999999999998806,1087892,True
74,Background,1024,6.84884,6.84917,0.00032999999999994145,1244,True
56,Background,10240,6.84891,6.84922,0.00030999999999981043,10838,True
73,Background,1048576,6.85017,6.85319,0.0030199999999993565,1087892,True
73,Background,102400,6.85091,6.85165,0.000740000000000407,106400,True
62,Background,102400,6.85197,6.85265,0.0006800000000000139,106400,True
74,Background,10240,6.853,6.85326,0.00025999999999992696,10838,True
57,Background,1048576,6.85493,6.85904,0.004109999999999836,1087892,True
56,Background,10240,6.85574,6.85618,0.000440000000000218,10838,True
66,Background,102400,6.85679,6.86117,0.0043800000000002726,106400,True
60,Background,1048576,6.86191,6.86508,0.003169999999999895,1087892,True
59,Background,1048576,6.86756,6.88103,0.013469999999999871,1087892,True
59,Background,10240,6.86886,6.86919,0.00032999999999994145,10838,True
67,Background,1048576,6.86931,6.87918,0.009870000000000267,1087892,True
79,Background,1024,6.86953,6.87001,0.00047999999999959186,1244,True
54,Background,10240,6.87244,6.87285,0.00040999999999957737,10838,True
60,Background,102400,6.87281,6.87517,0.0023599999999994736,106400,True
62,Background,102400,6.87314,6.87353,0.00038999999999944635,106400,True
60,Background,10485760,6.87476,6.94261,0.06784999999999997,10876994,True
63,Background,10240,6.87602,6.87626,0.0002400000000006841,10838,True
68,Background,1024,6.8782,6.87835,0.0001500000000005386,1244,True
65,Background,102400,6.88005,6.88054,0.0004900000000001015,106400,True
65,Background,10240,6.88737,6.88755,0.00018000000000029104,10838,True
74,Background,102400,6.89094,6.89176,0.0008200000000000429,106400,True
47,Background,102400,6.89349,6.8959,0.0024100000000002453,106400,True
61,Background,102400,6.89383,6.89654,0.002709999999999546,106400,True
68,Background,102400,6.89537,6.89599,0.000620000000000509,106400,True
59,Background,102400,6.89618,6.89675,0.0005699999999997374,106400,True
66,Background,1048576,6.89672,6.90398,0.0072599999999996,1087892,True
55,Background,1024,6.89746,6.89793,0.00046999999999997044,1244,True
58,Background,10240,6.90617,6.90633,0.00015999999999927184,10838,True
69,Background,10240,6.90617,6.90633,0.00015999999999927184,10838,True
62,Background,10240,6.9066,6.90702,0.00042000000000008697,10838,True
48,Background,10240,6.90661,6.90703,0.00042000000000008697,10838,True
75,Background,10485760,6.90677,6.98715,0.0803799999999999,10876994,True
70,Background,102400,6.90879,6.91317,0.0043800000000002726,106400,True
57,Background,1048576,6.90972,6.93015,0.02043000000000017,1087892,True
74,Background,10485760,6.91204,6.94872,0.0366799999999996,10876994,True
56,Background,10240,6.91314,6.91332,0.00017999999999940286,10838,True
56,Background,10240,6.91805,6.91826,0.00021000000000004349,10838,True
66,Background,1048576,6.91846,6.93644,0.01798000000000055,1087892,True
60,Background,1024,6.9206,6.92105,0.0004499999999998394,1244,True
56,Background,1024,6.92077,6.92117,0.00039999999999995595,1244,True
57,Background,102400,6.92083,6.92423,0.0034000000000000696,106400,True
71,Background,102400,6.92087,6.92302,0.0021500000000003183,106400,True
66,Background,10240,6.92216,6.92232,0.00016000000000016001,10838,True
63,Background,102400,6.92532,6.92583,0.0005100000000002325,106400,True
56,Background,10485760,6.92541,6.96596,0.04054999999999964,10876994,True
50,Background,102400,6.92594,6.9268,0.000860000000000305,106400,True
61,Background,1024,6.92651,6.92693,0.0004199999999991988,1244,True
51,Background,10240,6.92659,6.92705,0.000460000000000349,10838,True
55,Background,1024,6.92675,6.92717,0.00042000000000008697,1244,True
62,Background,102400,6.92771,6.93105,0.0033399999999996766,106400,True
57,Background,102400,6.9291,6.92959,0.0004900000000001015,106400,True
48,Background,1048576,6.93418,6.937,0.002820000000000711,1087892,True
58,Background,102400,6.93588,6.93813,0.0022500000000000853,106400,True
65,Background,10240,6.93648,6.93671,0.00022999999999928633,10838,True
57,Background,102400,6.93776,6.94204,0.004280000000000506,106400,True
71,Background,1048576,6.93831,6.94116,0.002849999999999575,1087892,True
49,Background,102400,6.93974,6.94322,0.0034800000000005937,106400,True
70,Background,102400,6.9431,6.94361,0.0005099999999993443,106400,True
72,Background,1048576,6.94325,6.9539,0.010650000000000048,1087892,True
61,Background,10240,6.94535,6.94551,0.00015999999999927184,10838,True
59,Background,10240,6.94707,6.94727,0.00019999999999953388,10838,True
63,Background,1048576,6.94858,6.9617,0.013120000000000687,1087892,True
60,Background,1024,6.95878,6.9591,0.00032000000000032003,1244,True
59,Background,10240,6.96056,6.9609,0.0003399999999995629,10838,True
75,Background,10485760,6.96105,7.03299,0.07193999999999967,10876994,True
49,Background,10240,6.96339,6.96379,0.00039999999999995595,10838,True
60,Background,102400,6.96485,6.96585,0.0009999999999994458,106400,True
67,Background,102400,6.96633,6.96697,0.0006399999999997519,106400,True
62,Background,10240,6.968,6.96824,0.00023999999999979593,10838,True
69,Background,10240,6.96954,6.96997,0.0004299999999997084,10838,True
65,Background,10485760,6.97032,7.01416,0.04384000000000032,10876994,True
68,Background,102400,6.9707,6.97154,0.0008400000000001739,106400,True
63,Background,1048576,6.97097,6.9742,0.0032299999999994,1087892,True
48,Background,102400,6.97839,6.97898,0.0005899999999998684,106400,True
61,Background,102400,6.9788,6.97978,0.000980000000000203,106400,True
56,Background,102400,6.97947,6.98262,0.003149999999999764,106400,True
67,Background,1024,6.98019,6.98034,0.0001499999999996504,1244,True
62,Background,1048576,6.9816,6.99802,0.0164200000000001,1087892,True
57,Background,102400,6.98288,6.9861,0.0032200000000006668,106400,True
62,Background,1048576,6.98328,6.98644,0.0031600000000002737,1087892,True
68,Background,10240,6.98412,6.98432,0.00020000000000042206,10838,True
62,Background,102400,6.9847,6.99264,0.007939999999999614,106400,True
61,Background,102400,6.98537,6.98593,0.000560000000000116,106400,True
68,Background,102400,6.98646,6.98724,0.0007799999999997809,106400,True
63,Background,102400,6.98848,6.9926,0.004120000000000346,106400,True
64,Background,104857600,6.98854,7.2858,0.29725999999999964,108768230,True
58,Background,1048576,6.99027,6.9992,0.008930000000000327,1087892,True
71,Background,10485760,6.99068,7.05811,0.06742999999999988,10876994,True
69,Background,1024,6.99082,6.99118,0.0003599999999996939,1244,True
64,Background,10240,6.99274,6.99314,0.00039999999999995595,10838,True
64,Background,102400,6.99556,6.99886,0.0032999999999994145,106400,True
50,Background,10240,6.99575,6.99616,0.00040999999999957737,10838,True
59,Background,1024,6.99671,6.99713,0.00042000000000008697,1244,True
76,Background,102400,6.9977,7.00234,0.0046400000000001995,106400,True
61,Background,1048576,6.99866,7.01514,0.016479999999999606,1087892,True
61,Background,102400,7.0018,7.00716,0.005359999999999587,106400,True
70,Background,10240,7.00654,7.0067,0.00016000000000016001,10838,True
78,Background,1024,7.0078,7.00815,0.0003500000000000725,1244,True
64,Background,10240,7.00864,7.00907,0.00043000000000059657,10838,True
72,Background,1024,7.00888,7.0092,0.00031999999999943185,1244,True
70,Background,1024,7.00986,7.01019,0.00032999999999994145,1244,True
49,Background,1048576,7.01253,7.02416,0.011630000000000251,1087892,True
58,Background,102400,7.01678,7.02075,0.003969999999999807,106400,True
50,Background,1024,7.02164,7.022,0.0003600000000005821,1244,True
57,Background,10485760,7.02274,7.0796,0.056860000000000355,10876994,True
66,Background,1048576,7.02315,7.02641,0.0032600000000000406,1087892,True
59,Background,10240,7.02329,7.02345,0.00016000000000016001,10838,True
76,Background,10240,7.02978,7.03015,0.0003700000000002035,10838,True
73,Background,102400,7.03304,7.03363,0.0005899999999998684,106400,True
65,Background,10240,7.03547,7.03563,0.00016000000000016001,10838,True
69,Background,10240,7.03598,7.0362,0.0002199999999996649,10838,True
62,Background,10240,7.0376,7.03794,0.0003399999999995629,10838,True
73,Background,102400,7.04026,7.04096,0.000700000000000145,106400,True
64,Background,1024,7.04215,7.0423,0.0001499999999996504,1244,True
52,Background,102400,7.04286,7.04497,0.0021100000000000563,106400,True
57,Background,102400,7.04521,7.04579,0.000580000000000247,106400,True
68,Background,10240,7.04975,7.05014,0.00038999999999944635,10838,True
70,Background,102400,7.05013,7.05053,0.00039999999999995595,106400,True
59,Background,10240,7.05414,7.0543,0.00015999999999927184,10838,True
58,Background,1024,7.05486,7.05514,0.000280000000000058,1244,True
71,Background,1024,7.05765,7.05803,0.0003799999999998249,1244,True
53,Background,10240,7.05862,7.05904,0.00042000000000008697,10838,True
64,Background,102400,7.06032,7.06086,0.0005399999999999849,106400,True
58,Background,102400,7.0613,7.06198,0.0006800000000000139,106400,True
67,Background,1048576,7.06165,7.07379,0.012139999999999596,1087892,True
59,Background,10240,7.06433,7.06463,0.000300000000000189,10838,True
76,Background,1024,7.0648,7.06515,0.0003500000000000725,1244,True
65,Background,10240,7.06583,7.06613,0.000300000000000189,10838,True
63,Background,10240,7.06663,7.06705,0.00042000000000008697,10838,True
60,Background,10485760,7.06699,7.10318,0.03619000000000039,10876994,True
72,Background,102400,7.07396,7.07473,0.0007700000000001594,106400,True
65,Background,102400,7.07439,7.07613,0.0017399999999998528,106400,True
70,Background,10240,7.07441,7.07479,0.0003799999999998249,10838,True
75,Background,10485760,7.07752,7.12083,0.04330999999999996,10876994,True
76,Background,102400,7.08057,7.08388,0.003309999999999924,106400,True
60,Background,10240,7.08082,7.08117,0.0003500000000000725,10838,True
61,Background,1048576,7.08139,7.08414,0.002749999999999808,1087892,True
76,Background,10485760,7.08446,7.11714,0.03268000000000004,10876994,True
60,Background,102400,7.08765,7.0907,0.003049999999999997,106400,True
71,Background,102400,7.08866,7.08921,0.0005499999999996064,106400,True
60,Background,102400,7.09152,7.09298,0.0014599999999997948,106400,True
59,Background,102400,7.09189,7.09273,0.0008400000000001739,106400,True
57,Background,10240,7.09358,7.09402,0.000440000000000218,10838,True
77,Background,1048576,7.09478,7.11186,0.017079999999999984,1087892,True
62,Background,10240,7.0955,7.09587,0.0003699999999993153,10838,True
67,Background,10240,7.09599,7.09624,0.00025000000000030553,10838,True
68,Background,102400,7.09637,7.09698,0.0006099999999999994,106400,True
60,Background,10485760,7.0969,7.13179,0.034889999999999866,10876994,True
61,Background,10240,7.09848,7.09886,0.0003799999999998249,10838,True
74,Background,1024,7.10102,7.10125,0.0002300000000001745,1244,True
58,Background,1048576,7.10103,7.10813,0.007100000000000328,1087892,True
62,Background,102400,7.1015,7.10413,0.00262999999999991,106400,True
60,Background,10240,7.10331,7.10355,0.0002400000000006841,10838,True
54,Background,10240,7.10559,7.10604,0.0004499999999998394,10838,True
63,Background,10240,7.11184,7.11216,0.00032000000000032003,10838,True
51,Background,1024,7.11308,7.11326,0.00018000000000029104,1244,True
52,Background,1048576,7.11608,7.11908,0.0030000000000001137,1087892,True
57,Background,1024,7.11732,7.11748,0.00015999999999927184,1244,True
77,Background,1024,7.12161,7.12176,0.0001499999999996504,1244,True
66,Background,102400,7.12693,7.12761,0.0006800000000000139,106400,True
62,Background,102400,7.12905,7.12945,0.00039999999999995595,106400,True
66,Background,10240,7.13037,7.13053,0.00016000000000016001,10838,True
74,Background,1048576,7.13123,7.13352,0.002289999999999459,1087892,True
69,Background,10240,7.13242,7.13257,0.0001500000000005386,10838,True
69,Background,104857600,7.13354,7.35316,0.21961999999999993,108768230,True
58,Background,102400,7.13817,7.13856,0.0003900000000003345,106400,True
58,Background,102400,7.14044,7.14083,0.0003900000000003345,106400,True
51,Background,102400,7.14501,7.1454,0.0003900000000003345,106400,True
60,Background,1048576,7.14615,7.14844,0.0022900000000003473,1087892,True
75,Background,10240,7.14629,7.14645,0.00016000000000016001,10838,True
68,Background,102400,7.14754,7.14793,0.00038999999999944635,106400,True
71,Background,1024,7.14892,7.14908,0.00015999999999927184,1244,True
55,Background,102400,7.1539,7.15453,0.0006300000000001305,106400,True
64,Background,1024,7.15543,7.15558,0.0001499999999996504,1244,True
61,Background,1048576,7.1557,7.15805,0.002349999999999852,1087892,True
59,Background,102400,7.15778,7.15828,0.0005000000000006111,106400,True
61,Background,1048576,7.16016,7.1631,0.0029399999999997206,1087892,True
69,Background,104857600,7.16033,7.38612,0.22578999999999994,108768230,True
67,Background,1048576,7.16063,7.16358,0.002949999999999342,1087892,True
61,Background,1048576,7.16108,7.16406,0.0029799999999999827,1087892,True
62,Background,102400,7.16253,7.16314,0.0006099999999999994,106400,True
63,Background,1048576,7.16371,7.16607,0.002360000000000362,1087892,True
78,Background,10240,7.16665,7.1668,0.0001500000000005386,10838,True
79,Background,102400,7.16767,7.16806,0.00038999999999944635,106400,True
67,Background,1048576,7.16969,7.17204,0.002349999999999852,1087892,True
67,Background,1048576,7.17388,7.17641,0.0025300000000001432,1087892,True
77,Background,102400,7.17597,7.1765,0.0005299999999994753,106400,True
62,Background,1024,7.1761,7.17625,0.0001499999999996504,1244,True
69,Background,10240,7.18289,7.18305,0.00015999999999927184,10838,True
78,Background,1048576,7.18333,7.18563,0.0022999999999999687,1087892,True
50,Background,102400,7.18338,7.18377,0.0003900000000003345,106400,True
59,Background,10240,7.18342,7.18358,0.00016000000000016001,10838,True
68,Background,102400,7.18423,7.18462,0.00038999999999944635,106400,True
66,Background,102400,7.18741,7.1878,0.0003900000000003345,106400,True
60,Background,1024,7.18819,7.18834,0.0001500000000005386,1244,True
64,Background,10240,7.18942,7.18958,0.00016000000000016001,10838,True
63,Background,102400,7.19149,7.19188,0.0003900000000003345,106400,True
63,Background,10240,7.19256,7.19272,0.00015999999999927184,10838,True
63,Background,102400,7.19282,7.19337,0.0005499999999996064,106400,True
79,Background,10240,7.1934,7.19355,0.0001500000000005386,10838,True
69,Background,10240,7.19608,7.19624,0.00016000000000016001,10838,True
58,Background,1024,7.19742,7.19757,0.0001499999999996504,1244,True
52,Background,1024,7.19756,7.19771,0.0001499999999996504,1244,True
73,Background,102400,7.19871,7.1991,0.00038999999999944635,106400,True
77,Background,1048576,7.19963,7.20195,0.0023200000000000998,1087892,True
62,Background,10240,7.20038,7.20054,0.00016000000000016001,10838,True
51,Background,10240,7.20049,7.20065,0.00016000000000016001,10838,True
64,Background,102400,7.20064,7.20103,0.0003900000000003345,106400,True
61,Background,10240,7.203,7.20316,0.00015999999999927184,10838,True
78,Background,10240,7.20607,7.20623,0.00015999999999927184,10838,True
74,Background,1048576,7.20817,7.21046,0.0022900000000003473,1087892,True
59,Background,102400,7.21032,7.21071,0.00038999999999944635,106400,True
80,Background,1048576,7.21227,7.21457,0.0022999999999999687,1087892,True
75,Background,102400,7.21393,7.21457,0.0006399999999997519,106400,True
81,Background,10240,7.21417,7.21433,0.00016000000000016001,10838,True
67,Background,10240,7.21432,7.21448,0.00016000000000016001,10838,True
65,Background,10485760,7.21482,7.23613,0.021310000000000606,10876994,True
70,Background,1024,7.21669,7.21684,0.0001500000000005386,1244,True
70,Background,10240,7.21805,7.21821,0.00016000000000016001,10838,True
71,Background,10240,7.21867,7.21883,0.00015999999999927184,10838,True
61,Background,1048576,7.21963,7.22196,0.002329999999999721,1087892,True
68,Background,10240,7.22098,7.22114,0.00016000000000016001,10838,True
60,Background,102400,7.22512,7.22551,0.00038999999999944635,106400,True
64,Background,10240,7.22552,7.22568,0.00015999999999927184,10838,True
69,Background,10240,7.22661,7.22677,0.00016000000000016001,10838,True
70,Background,1048576,7.22745,7.22975,0.0022999999999999687,1087892,True
66,Background,10240,7.22909,7.22925,0.00016000000000016001,10838,True
72,Background,1048576,7.2308,7.23322,0.0024199999999998667,1087892,True
63,Background,10240,7.23159,7.23175,0.00016000000000016001,10838,True
60,Background,102400,7.23265,7.23304,0.0003900000000003345,106400,True
72,Background,10240,7.23281,7.23298,0.00017000000000066962,10838,True
69,Background,1024,7.23348,7.23364,0.00016000000000016001,1244,True
75,Background,10240,7.23585,7.236,0.0001499999999996504,10838,True
70,Background,1024,7.23796,7.23812,0.00016000000000016001,1244,True
65,Background,10240,7.23829,7.23844,0.0001499999999996504,10838,True
72,Background,1048576,7.24081,7.24325,0.0024399999999999977,1087892,True
76,Background,1048576,7.24082,7.24327,0.002449999999999619,1087892,True
70,Background,102400,7.24806,7.24845,0.0003900000000003345,106400,True
58,Background,102400,7.24837,7.24876,0.00038999999999944635,106400,True
82,Background,1024,7.24843,7.24859,0.00016000000000016001,1244,True
452,Incast,500000,7.25323,8.52761,1.274379999999999,1556214,False
457,Incast,500000,7.25323,8.52183,1.2685999999999993,2593690,False
71,Background,1024,7.25709,7.25745,0.0003600000000005821,1244,True
76,Background,102400,7.25972,7.26611,0.006390000000000562,106400,True
80,Background,1048576,7.2626,7.27428,0.011680000000000135,1087892,True
83,Background,102400,7.26706,7.2676,0.0005399999999999849,106400,True
65,Background,10240,7.26733,7.26749,0.00015999999999927184,10838,True
60,Background,102400,7.27398,7.27451,0.0005300000000003635,106400,True
65,Background,1048576,7.27495,7.27737,0.002420000000000755,1087892,True
56,Background,10240,7.27684,7.277,0.00016000000000016001,10838,True
63,Background,10240,7.27729,7.27744,0.0001500000000005386,10838,True
66,Background,1048576,7.27816,7.28045,0.0022900000000003473,1087892,True
75,Background,1024,7.28003,7.28018,0.0001499999999996504,1244,True
61,Background,104857600,7.28061,7.4918,0.21118999999999932,108768230,True
73,Background,102400,7.28357,7.28396,0.0003900000000003345,106400,True
64,Background,102400,7.2853,7.28569,0.00038999999999944635,106400,True
63,Background,102400,7.28537,7.28576,0.00038999999999944635,106400,True
53,Background,1024,7.2873,7.28745,0.0001499999999996504,1244,True
67,Background,1048576,7.29103,7.29331,0.0022799999999998377,1087892,True
59,Background,102400,7.29427,7.29466,0.0003900000000003345,106400,True
77,Background,1024,7.29626,7.29641,0.0001499999999996504,1244,True
61,Background,10485760,7.29748,7.31991,0.02242999999999995,10876994,True
68,Background,1024,7.29762,7.29777,0.0001499999999996504,1244,True
66,Background,1048576,7.29848,7.30078,0.0022999999999999687,1087892,True
78,Background,1024,7.29917,7.29932,0.0001499999999996504,1244,True
70,Background,10240,7.30001,7.30017,0.00015999999999927184,10838,True
67,Background,102400,7.30326,7.30365,0.0003900000000003345,106400,True
59,Background,10485760,7.30617,7.32858,0.02240999999999982,10876994,True
67,Background,1024,7.30756,7.30772,0.00016000000000016001,1244,True
78,Background,1048576,7.30761,7.31043,0.0028199999999998226,1087892,True
62,Background,10485760,7.30797,7.33166,0.02369000000000021,10876994,True
64,Background,10240,7.30903,7.30929,0.00025999999999992696,10838,True
60,Background,1024,7.31026,7.31043,0.00016999999999978144,1244,True
72,Background,102400,7.31103,7.31149,0.000460000000000349,106400,True
79,Background,10240,7.31407,7.31423,0.00016000000000016001,10838,True
59,Background,1024,7.31475,7.31491,0.00016000000000016001,1244,True
66,Background,1048576,7.31482,7.31808,0.0032600000000000406,1087892,True
69,Background,1024,7.31646,7.31663,0.00016999999999978144,1244,True
68,Background,102400,7.31987,7.32042,0.0005500000000004945,106400,True
62,Background,1048576,7.3204,7.3227,0.0022999999999999687,1087892,True
60,Background,1024,7.32166,7.32181,0.0001500000000005386,1244,True
80,Background,1048576,7.3232,7.3255,0.0022999999999999687,1087892,True
71,Background,102400,7.32528,7.32573,0.0004499999999998394,106400,True
79,Background,1048576,7.32534,7.32767,0.0023300000000006094,1087892,True
72,Background,10240,7.32676,7.32692,0.00016000000000016001,10838,True
73,Background,10240,7.327,7.32717,0.00016999999999978144,10838,True
74,Background,10240,7.32832,7.32848,0.00016000000000016001,10838,True
63,Background,104857600,7.33063,7.54057,0.20993999999999957,108768230,True
69,Background,10240,7.33384,7.334,0.00015999999999927184,10838,True
61,Background,102400,7.33695,7.33748,0.0005300000000003635,106400,True
81,Background,1024,7.34325,7.3434,0.0001499999999996504,1244,True
68,Background,10240,7.34759,7.34775,0.00015999999999927184,10838,True
73,Background,1024,7.35006,7.35021,0.0001499999999996504,1244,True
79,Background,10240,7.35238,7.35254,0.00016000000000016001,10838,True
77,Background,102400,7.35561,7.356,0.00038999999999944635,106400,True
64,Background,102400,7.36518,7.36558,0.00039999999999995595,106400,True
65,Background,1048576,7.36581,7.36825,0.0024399999999999977,1087892,True
75,Background,102400,7.3662,7.36659,0.0003900000000003345,106400,True
52,Background,10240,7.36666,7.36681,0.0001499999999996504,10838,True
70,Background,1048576,7.36738,7.36968,0.0022999999999999687,1087892,True
80,Background,1024,7.36988,7.37004,0.00016000000000016001,1244,True
66,Background,102400,7.37288,7.37351,0.0006299999999992423,106400,True
71,Background,1024,7.37849,7.37864,0.0001499999999996504,1244,True
71,Background,10240,7.37889,7.37904,0.0001499999999996504,10838,True
62,Background,102400,7.38167,7.38207,0.00039999999999995595,106400,True
53,Background,1024,7.38249,7.38264,0.0001500000000005386,1244,True
62,Background,10240,7.38599,7.38614,0.0001500000000005386,10838,True
79,Background,102400,7.38764,7.38803,0.00038999999999944635,106400,True
65,Background,1024,7.38772,7.38788,0.00016000000000016001,1244,True
54,Background,102400,7.38955,7.38994,0.0003900000000003345,106400,True
76,Background,102400,7.39096,7.39148,0.0005199999999998539,106400,True
76,Background,1048576,7.39178,7.39418,0.002400000000000624,1087892,True
62,Background,1024,7.39325,7.3934,0.0001499999999996504,1244,True
77,Background,1048576,7.39623,7.39852,0.0022900000000003473,1087892,True
68,Background,1024,7.3968,7.39695,0.0001500000000005386,1244,True
80,Background,1048576,7.39784,7.40021,0.0023699999999999832,1087892,True
73,Background,1048576,7.40767,7.41,0.002329999999999721,1087892,True
73,Background,10240,7.40837,7.40853,0.00016000000000016001,10838,True
70,Background,1048576,7.40863,7.41096,0.0023300000000006094,1087892,True
72,Background,10240,7.41079,7.41095,0.00015999999999927184,10838,True
61,Background,10240,7.41181,7.41196,0.0001499999999996504,10838,True
77,Background,1048576,7.41289,7.41541,0.0025199999999996336,1087892,True
78,Background,10485760,7.41324,7.43441,0.02116999999999969,10876994,True
72,Background,1048576,7.41357,7.41589,0.0023200000000000998,1087892,True
55,Background,1024,7.41501,7.41516,0.0001500000000005386,1244,True
81,Background,1024,7.42053,7.42069,0.00015999999999927184,1244,True
67,Background,1024,7.42298,7.42313,0.0001499999999996504,1244,True
64,Background,10240,7.42457,7.42473,0.00016000000000016001,10838,True
69,Background,1048576,7.42592,7.42844,0.002520000000000522,1087892,True
65,Background,1024,7.42805,7.42821,0.00016000000000016001,1244,True
66,Background,10240,7.42855,7.4287,0.0001499999999996504,10838,True
60,Background,102400,7.42874,7.4292,0.00045999999999946084,106400,True
67,Background,10240,7.42904,7.4292,0.00016000000000016001,10838,True
65,Background,10240,7.43257,7.43273,0.00016000000000016001,10838,True
71,Background,10240,7.43425,7.43441,0.00016000000000016001,10838,True
62,Background,1048576,7.43446,7.43676,0.0022999999999999687,1087892,True
63,Background,102400,7.43574,7.43619,0.0004499999999998394,106400,True
62,Background,102400,7.43671,7.4371,0.0003900000000003345,106400,True
68,Background,10240,7.43967,7.43982,0.0001500000000005386,10838,True
57,Background,102400,7.44029,7.44068,0.0003900000000003345,106400,True
80,Background,1024,7.44543,7.44558,0.0001499999999996504,1244,True
64,Background,10240,7.44761,7.44777,0.00016000000000016001,10838,True
82,Background,1048576,7.44886,7.45118,0.0023200000000000998,1087892,True
61,Background,104857600,7.4549,7.66967,0.21476999999999968,108768230,True
65,Background,1048576,7.45597,7.45839,0.0024199999999998667,1087892,True
71,Background,102400,7.4564,7.45679,0.00038999999999944635,106400,True
81,Background,1024,7.45688,7.45703,0.0001499999999996504,1244,True
83,Background,10485760,7.45923,7.48039,0.021160000000000068,10876994,True
66,Background,102400,7.45959,7.45998,0.00038999999999944635,106400,True
74,Background,1048576,7.46234,7.46474,0.0023999999999997357,1087892,True
74,Background,1024,7.46299,7.46315,0.00016000000000016001,1244,True
73,Background,1048576,7.46385,7.46626,0.0024100000000002453,1087892,True
65,Background,1048576,7.46397,7.46642,0.0024500000000005073,1087892,True
63,Background,10240,7.46398,7.46414,0.00016000000000016001,10838,True
61,Background,102400,7.46597,7.46662,0.0006499999999993733,106400,True
75,Background,102400,7.46688,7.46751,0.0006300000000001305,106400,True
66,Background,1024,7.46738,7.46753,0.0001499999999996504,1244,True
74,Background,102400,7.46768,7.46807,0.0003900000000003345,106400,True
63,Background,10240,7.4681,7.46826,0.00016000000000016001,10838,True
71,Background,10240,7.46919,7.46934,0.0001499999999996504,10838,True
81,Background,10240,7.46948,7.46963,0.0001500000000005386,10838,True
72,Background,10240,7.47003,7.47019,0.00015999999999927184,10838,True
64,Background,1024,7.47446,7.47461,0.0001500000000005386,1244,True
67,Background,10240,7.47626,7.47642,0.00016000000000016001,10838,True
72,Background,10240,7.47746,7.47762,0.00016000000000016001,10838,True
73,Background,1024,7.47824,7.4784,0.00015999999999927184,1244,True
70,Background,10240,7.47859,7.47875,0.00016000000000016001,10838,True
68,Background,1024,7.4795,7.47965,0.0001500000000005386,1244,True
56,Background,10240,7.48315,7.4833,0.0001499999999996504,10838,True
53,Background,1024,7.48475,7.4849,0.0001499999999996504,1244,True
69,Background,10485760,7.48596,7.50726,0.02129999999999921,10876994,True
72,Background,102400,7.48847,7.48886,0.00038999999999944635,106400,True
74,Background,1048576,7.49012,7.4924,0.0022799999999998377,1087892,True
69,Background,10240,7.49592,7.49607,0.0001499999999996504,10838,True
78,Background,102400,7.49681,7.49735,0.0005399999999999849,106400,True
74,Background,10240,7.49897,7.49913,0.00016000000000016001,10838,True
76,Background,10485760,7.49982,7.52113,0.021310000000000606,10876994,True
57,Background,102400,7.50069,7.50108,0.0003900000000003345,106400,True
77,Background,10240,7.50275,7.50291,0.00016000000000016001,10838,True
79,Background,102400,7.51119,7.51158,0.0003900000000003345,106400,True
68,Background,1024,7.51123,7.51138,0.0001499999999996504,1244,True
70,Background,102400,7.51376,7.51424,0.00047999999999959186,106400,True
73,Background,102400,7.51603,7.51642,0.0003900000000003345,106400,True
63,Background,102400,7.52081,7.52134,0.0005300000000003635,106400,True
58,Background,1024,7.52595,7.5261,0.0001499999999996504,1244,True
72,Background,10240,7.52657,7.52672,0.0001499999999996504,10838,True
78,Background,102400,7.52883,7.52936,0.0005299999999994753,106400,True
59,Background,102400,7.52966,7.53005,0.0003900000000003345,106400,True
75,Background,10485760,7.53151,7.55269,0.0211800000000002,10876994,True
62,Background,1024,7.53307,7.53322,0.0001499999999996504,1244,True
63,Background,1048576,7.53614,7.53842,0.002280000000000726,1087892,True
84,Background,1024,7.5372,7.53735,0.0001499999999996504,1244,True
68,Background,1048576,7.53877,7.54116,0.002389999999999226,1087892,True
73,Background,1048576,7.53948,7.54179,0.00230999999999959,1087892,True
75,Background,1024,7.54349,7.54364,0.0001499999999996504,1244,True
64,Background,1024,7.54506,7.54521,0.0001499999999996504,1244,True
79,Background,10240,7.55005,7.5502,0.0001500000000005386,10838,True
70,Background,1024,7.55028,7.55043,0.0001500000000005386,1244,True
75,Background,102400,7.55042,7.55081,0.0003900000000003345,106400,True
73,Background,102400,7.55322,7.55361,0.0003900000000003345,106400,True
69,Background,10240,7.55541,7.55556,0.0001499999999996504,10838,True
77,Background,10240,7.55589,7.55604,0.0001500000000005386,10838,True
85,Background,102400,7.556,7.55652,0.0005199999999998539,106400,True
76,Background,102400,7.55677,7.55726,0.0004900000000001015,106400,True
74,Background,10240,7.55852,7.55868,0.00016000000000016001,10838,True
78,Background,10240,7.55858,7.55873,0.0001499999999996504,10838,True
64,Background,1048576,7.56036,7.56265,0.002289999999999459,1087892,True
60,Background,10240,7.56377,7.56392,0.0001500000000005386,10838,True
75,Background,104857600,7.56404,7.7984,0.23435999999999968,108768230,True
79,Background,10485760,7.56428,7.58872,0.02444000000000024,10876994,True
80,Background,10485760,7.56524,7.58969,0.02444999999999986,10876994,True
75,Background,10485760,7.56565,7.59028,0.024630000000000152,10876994,True
65,Background,1024,7.5657,7.56585,0.0001500000000005386,1244,True
82,Background,10485760,7.5662,7.59098,0.024779999999999802,10876994,True
76,Background,10240,7.56683,7.567,0.00016999999999978144,10838,True
81,Background,102400,7.56926,7.56973,0.00046999999999997044,106400,True
61,Background,1024,7.56941,7.56962,0.0002099999999991553,1244,True
54,Background,10485760,7.56991,7.60646,0.03655000000000008,10876994,True
73,Background,10240,7.57331,7.57375,0.000440000000000218,10838,True
64,Background,102400,7.57356,7.57615,0.0025900000000005363,106400,True
86,Background,102400,7.57439,7.57485,0.00045999999999946084,106400,True
66,Background,102400,7.57599,7.5767,0.0007099999999997664,106400,True
54,Background,10240,7.57891,7.57922,0.0003100000000006986,10838,True
81,Background,10485760,7.57964,7.61233,0.032689999999999664,10876994,True
76,Background,10485760,7.57987,7.61212,0.032250000000000334,10876994,True
77,Background,10240,7.58172,7.58217,0.0004499999999998394,10838,True
78,Background,102400,7.58287,7.58405,0.001180000000000625,106400,True
80,Background,102400,7.58372,7.58666,0.002940000000000609,106400,True
77,Background,1048576,7.58567,7.59337,0.007699999999999818,1087892,True
74,Background,10485760,7.5888,7.61579,0.026989999999999625,10876994,True
71,Background,102400,7.59088,7.59163,0.0007500000000000284,106400,True
70,Background,1048576,7.59358,7.59639,0.0028100000000002012,1087892,True
66,Background,1024,7.5938,7.59405,0.00025000000000030553,1244,True
67,Background,102400,7.59791,7.5986,0.0006900000000005235,106400,True
82,Background,1024,7.59797,7.59812,0.0001499999999996504,1244,True
76,Background,102400,7.59863,7.59916,0.0005300000000003635,106400,True
67,Background,10240,7.60054,7.6007,0.00016000000000016001,10838,True
80,Background,1024,7.60308,7.60323,0.0001499999999996504,1244,True
82,Background,1048576,7.60457,7.60729,0.0027200000000000557,1087892,True
64,Background,102400,7.6051,7.60572,0.0006199999999996209,106400,True
71,Background,10240,7.60901,7.60917,0.00016000000000016001,10838,True
82,Background,10485760,7.6102,7.63136,0.021160000000000068,10876994,True
62,Background,10485760,7.6134,7.63458,0.02117999999999931,10876994,True
61,Background,102400,7.6184,7.61879,0.00038999999999944635,106400,True
74,Background,1048576,7.61929,7.62158,0.002289999999999459,1087892,True
63,Background,10240,7.61968,7.61984,0.00016000000000016001,10838,True
76,Background,1024,7.61969,7.61984,0.0001499999999996504,1244,True
79,Background,10240,7.6199,7.62006,0.00015999999999927184,10838,True
64,Background,10240,7.62244,7.6226,0.00016000000000016001,10838,True
63,Background,10240,7.62582,7.62598,0.00016000000000016001,10838,True
77,Background,10485760,7.62843,7.64995,0.02151999999999976,10876994,True
71,Background,1048576,7.62922,7.63151,0.002289999999999459,1087892,True
78,Background,10240,7.63196,7.63212,0.00015999999999927184,10838,True
55,Background,102400,7.63237,7.63276,0.0003900000000003345,106400,True
67,Background,1024,7.63419,7.63434,0.0001499999999996504,1244,True
65,Background,1024,7.63669,7.63685,0.00016000000000016001,1244,True
67,Background,10240,7.63772,7.63788,0.00016000000000016001,10838,True
66,Background,10485760,7.63773,7.65951,0.02177999999999969,10876994,True
81,Background,1048576,7.64168,7.64402,0.002340000000000231,1087892,True
76,Background,102400,7.64184,7.64231,0.00046999999999997044,106400,True
77,Background,10485760,7.64314,7.66485,0.021710000000000562,10876994,True
83,Background,10485760,7.6454,7.66712,0.021719999999999295,10876994,True
62,Background,1024,7.64644,7.6466,0.00016000000000016001,1244,True
84,Background,102400,7.64728,7.64775,0.00046999999999997044,106400,True
79,Background,10240,7.6474,7.6476,0.00019999999999953388,10838,True
66,Background,1048576,7.64781,7.65166,0.003849999999999909,1087892,True
82,Background,102400,7.6482,7.649,0.0007999999999999119,106400,True
63,Background,10240,7.64871,7.64917,0.00045999999999946084,10838,True
69,Background,102400,7.65314,7.65353,0.0003900000000003345,106400,True
78,Background,1048576,7.65398,7.65675,0.002769999999999939,1087892,True
78,Background,102400,7.65398,7.65454,0.000560000000000116,106400,True
79,Background,1048576,7.65497,7.65792,0.00295000000000023,1087892,True
69,Background,1024,7.65672,7.65701,0.0002899999999996794,1244,True
74,Background,102400,7.65718,7.65772,0.0005399999999999849,106400,True
83,Background,10485760,7.65847,7.67966,0.02118999999999982,10876994,True
67,Background,1048576,7.65953,7.66185,0.0023200000000000998,1087892,True
84,Background,10240,7.66199,7.66215,0.00015999999999927184,10838,True
77,Background,10485760,7.66395,7.68524,0.021290000000000475,10876994,True
58,Background,1024,7.66491,7.66507,0.00016000000000016001,1244,True
74,Background,10240,7.66547,7.66563,0.00016000000000016001,10838,True
80,Background,10240,7.66686,7.66702,0.00016000000000016001,10838,True
79,Background,1048576,7.66786,7.67018,0.0023200000000000998,1087892,True
63,Background,1048576,7.6679,7.67043,0.002529999999999255,1087892,True
81,Background,102400,7.66802,7.66843,0.00040999999999957737,106400,True
70,Background,10240,7.67064,7.67079,0.0001500000000005386,10838,True
71,Background,1048576,7.67385,7.6762,0.002349999999999852,1087892,True
64,Background,1048576,7.67503,7.67732,0.0022900000000003473,1087892,True
63,Background,102400,7.67556,7.67595,0.0003900000000003345,106400,True
59,Background,1048576,7.68061,7.68294,0.0023300000000006094,1087892,True
65,Background,102400,7.6881,7.68849,0.00038999999999944635,106400,True
75,Background,102400,7.69001,7.6904,0.0003900000000003345,106400,True
79,Background,10485760,7.69019,7.71369,0.02349999999999941,10876994,True
73,Background,1048576,7.6913,7.69359,0.0022900000000003473,1087892,True
65,Background,1024,7.69228,7.69243,0.0001499999999996504,1244,True
82,Background,104857600,7.69282,7.91446,0.22163999999999984,108768230,True
65,Background,10240,7.69651,7.69667,0.00016000000000016001,10838,True
87,Background,102400,7.69766,7.69805,0.0003900000000003345,106400,True
70,Background,1048576,7.70019,7.70248,0.0022900000000003473,1087892,True
82,Background,10240,7.70106,7.70121,0.0001499999999996504,10838,True
71,Background,1024,7.70183,7.70198,0.0001499999999996504,1244,True
75,Background,1024,7.70257,7.70273,0.00016000000000016001,1244,True
72,Background,10485760,7.70531,7.73946,0.03415000000000035,10876994,True
80,Background,10485760,7.70532,7.73801,0.032689999999999664,10876994,True
85,Background,10240,7.70903,7.70919,0.00016000000000016001,10838,True
66,Background,102400,7.70904,7.70947,0.0004299999999997084,106400,True
81,Background,1048576,7.70911,7.73177,0.022660000000000124,1087892,True
531,Incast,500000,7.70944,8.52536,0.8159199999999993,1037476,False
517,Incast,500000,7.70944,8.52896,0.8195199999999998,1037476,False
527,Incast,500000,7.70944,8.52967,0.8202299999999996,1037476,False
550,Incast,500000,7.70944,8.52774,0.8182999999999998,1037476,False
68,Background,102400,7.70955,7.71615,0.006599999999999717,106400,True
80,Background,10240,7.71161,7.71204,0.0004299999999997084,10838,True
81,Background,1024,7.71288,7.71338,0.0004999999999997229,1244,True
66,Background,1048576,7.71552,7.73265,0.017129999999999868,1087892,True
84,Background,102400,7.71618,7.71675,0.0005700000000006256,106400,True
74,Background,1048576,7.7172,7.72335,0.006149999999999878,1087892,True
67,Background,1024,7.71771,7.71827,0.000560000000000116,1244,True
63,Background,10485760,7.71787,7.7538,0.03593000000000046,10876994,True
78,Background,102400,7.71834,7.71884,0.0004999999999997229,106400,True
83,Background,102400,7.71908,7.71965,0.0005699999999997374,106400,True
67,Background,10240,7.72458,7.72477,0.00019000000000080064,10838,True
85,Background,1024,7.7289,7.72924,0.0003399999999995629,1244,True
79,Background,1024,7.73244,7.73262,0.00017999999999940286,1244,True
65,Background,102400,7.73259,7.733,0.00040999999999957737,106400,True
62,Background,102400,7.73467,7.73506,0.00038999999999944635,106400,True
64,Background,102400,7.73653,7.73693,0.00039999999999995595,106400,True
84,Background,102400,7.73885,7.73929,0.0004399999999993298,106400,True
77,Background,10240,7.73921,7.73937,0.00016000000000016001,10838,True
65,Background,10240,7.73963,7.73979,0.00016000000000016001,10838,True
71,Background,1024,7.74367,7.74383,0.00016000000000016001,1244,True
68,Background,1048576,7.74555,7.74787,0.0023200000000000998,1087892,True
76,Background,10240,7.75047,7.75063,0.00016000000000016001,10838,True
85,Background,1048576,7.75077,7.75317,0.0023999999999997357,1087892,True
69,Background,10240,7.75104,7.75119,0.0001500000000005386,10838,True
60,Background,10485760,7.75277,7.77402,0.021250000000000213,10876994,True
78,Background,102400,7.75598,7.75651,0.0005299999999994753,106400,True
68,Background,1024,7.76062,7.76077,0.0001499999999996504,1244,True
86,Background,10240,7.76158,7.76173,0.0001499999999996504,10838,True
75,Background,102400,7.76312,7.76351,0.0003900000000003345,106400,True
87,Background,10240,7.76503,7.76518,0.0001499999999996504,10838,True
65,Background,1048576,7.76538,7.76768,0.0022999999999999687,1087892,True
79,Background,10240,7.77176,7.77192,0.00016000000000016001,10838,True
63,Background,102400,7.7723,7.77269,0.00038999999999944635,106400,True
72,Background,1048576,7.77399,7.7764,0.002409999999999357,1087892,True
65,Background,1024,7.77569,7.77584,0.0001499999999996504,1244,True
74,Background,102400,7.78208,7.78247,0.0003900000000003345,106400,True
78,Background,102400,7.78397,7.78449,0.0005199999999998539,106400,True
75,Background,1048576,7.78565,7.78798,0.002329999999999721,1087892,True
69,Background,10485760,7.78964,7.81084,0.02119999999999944,10876994,True
64,Background,102400,7.78997,7.7905,0.0005299999999994753,106400,True
75,Background,10240,7.79193,7.79208,0.0001500000000005386,10838,True
67,Background,102400,7.79214,7.79253,0.0003900000000003345,106400,True
68,Background,1024,7.79615,7.7963,0.0001499999999996504,1244,True
71,Background,1024,7.79773,7.79788,0.0001500000000005386,1244,True
80,Background,10240,7.79917,7.79932,0.0001499999999996504,10838,True
70,Background,102400,7.80213,7.80252,0.0003900000000003345,106400,True
69,Background,1024,7.80221,7.80236,0.0001500000000005386,1244,True
76,Background,10240,7.80457,7.80472,0.0001499999999996504,10838,True
83,Background,102400,7.81472,7.81513,0.00040999999999957737,106400,True
83,Background,102400,7.81807,7.81845,0.0003800000000007131,106400,True
70,Background,1048576,7.82271,7.82506,0.002349999999999852,1087892,True
66,Background,1024,7.82316,7.82332,0.00016000000000016001,1244,True
80,Background,1048576,7.8269,7.82942,0.0025199999999996336,1087892,True
64,Background,10240,7.82829,7.82844,0.0001499999999996504,10838,True
81,Background,102400,7.83107,7.83146,0.00038999999999944635,106400,True
66,Background,10240,7.83202,7.83217,0.0001499999999996504,10838,True
64,Background,1048576,7.83343,7.83573,0.0022999999999999687,1087892,True
86,Background,102400,7.83549,7.83588,0.0003900000000003345,106400,True
78,Background,102400,7.84214,7.84253,0.0003900000000003345,106400,True
81,Background,10485760,7.84323,7.86439,0.021160000000000068,10876994,True
72,Background,102400,7.84515,7.84554,0.00038999999999944635,106400,True
56,Background,102400,7.84573,7.84618,0.0004500000000007276,106400,True
69,Background,102400,7.84587,7.84628,0.00041000000000046555,106400,True
70,Background,1024,7.84787,7.84802,0.0001499999999996504,1244,True
66,Background,10240,7.84836,7.84852,0.00016000000000016001,10838,True
67,Background,102400,7.8484,7.84879,0.0003900000000003345,106400,True
61,Background,10240,7.84971,7.84987,0.00016000000000016001,10838,True
77,Background,10240,7.84972,7.84988,0.00016000000000016001,10838,True
88,Background,1048576,7.85521,7.8575,0.0022900000000003473,1087892,True
64,Background,10240,7.85574,7.85589,0.0001499999999996504,10838,True
73,Background,10240,7.86054,7.86069,0.0001499999999996504,10838,True
84,Background,1048576,7.8608,7.86321,0.002409999999999357,1087892,True
63,Background,102400,7.86218,7.86257,0.00038999999999944635,106400,True
82,Background,10240,7.86368,7.86383,0.0001500000000005386,10838,True
72,Background,1024,7.86401,7.86416,0.0001499999999996504,1244,True
68,Background,10240,7.8661,7.86626,0.00015999999999927184,10838,True
66,Background,10240,7.86793,7.86808,0.0001499999999996504,10838,True
76,Background,102400,7.86848,7.86887,0.0003900000000003345,106400,True
80,Background,1024,7.86943,7.86958,0.0001499999999996504,1244,True
55,Background,1024,7.87339,7.87354,0.0001500000000005386,1244,True
87,Background,10485760,7.87585,7.89707,0.02122000000000046,10876994,True
83,Background,102400,7.88129,7.88168,0.0003900000000003345,106400,True
76,Background,10240,7.88295,7.88311,0.00016000000000016001,10838,True
75,Background,1048576,7.88392,7.88645,0.0025300000000001432,1087892,True
81,Background,10240,7.88487,7.88503,0.00016000000000016001,10838,True
71,Background,10240,7.88685,7.887,0.0001499999999996504,10838,True
76,Background,1048576,7.88692,7.88945,0.0025300000000001432,1087892,True
82,Background,10485760,7.88893,7.91034,0.021409999999999485,10876994,True
80,Background,10485760,7.88961,7.91081,0.02119999999999944,10876994,True
67,Background,1048576,7.89207,7.89436,0.002289999999999459,1087892,True
64,Background,10240,7.8925,7.89266,0.00016000000000016001,10838,True
66,Background,10485760,7.89341,7.91459,0.02117999999999931,10876994,True
78,Background,1048576,7.89748,7.89979,0.0023100000000004783,1087892,True
67,Background,10485760,7.90005,7.9212,0.021149999999999558,10876994,True
64,Background,102400,7.90015,7.90054,0.0003900000000003345,106400,True
77,Background,1048576,7.9062,7.90857,0.0023699999999999832,1087892,True
72,Background,102400,7.90731,7.90777,0.000460000000000349,106400,True
84,Background,102400,7.90814,7.9087,0.0005599999999992278,106400,True
67,Background,10240,7.91024,7.9104,0.00016000000000016001,10838,True
88,Background,1024,7.91131,7.91146,0.0001499999999996504,1244,True
74,Background,102400,7.91344,7.91383,0.0003900000000003345,106400,True
83,Background,1024,7.91554,7.91569,0.0001499999999996504,1244,True
84,Background,102400,7.91664,7.91703,0.00038999999999944635,106400,True
71,Background,1048576,7.91859,7.92091,0.0023200000000000998,1087892,True
65,Background,102400,7.92333,7.92371,0.0003799999999998249,106400,True
67,Background,10485760,7.92484,7.94608,0.021240000000000592,10876994,True
79,Background,10240,7.92717,7.92733,0.00016000000000016001,10838,True
68,Background,10485760,7.92959,7.95078,0.02118999999999982,10876994,True
85,Background,102400,7.92983,7.93035,0.0005199999999998539,106400,True
68,Background,10485760,7.93082,7.95213,0.021310000000000606,10876994,True
66,Background,1048576,7.93208,7.93436,0.0022799999999998377,1087892,True
86,Background,102400,7.93628,7.93667,0.0003900000000003345,106400,True
76,Background,102400,7.93903,7.93942,0.0003900000000003345,106400,True
72,Background,102400,7.94077,7.94127,0.0005000000000006111,106400,True
68,Background,10240,7.94163,7.94179,0.00016000000000016001,10838,True
68,Background,102400,7.94357,7.94395,0.0003799999999998249,106400,True
69,Background,102400,7.94391,7.94454,0.0006300000000001305,106400,True
72,Background,1024,7.94455,7.94471,0.00016000000000016001,1244,True
72,Background,1048576,7.94558,7.9479,0.0023200000000000998,1087892,True
68,Background,102400,7.94615,7.94654,0.00038999999999944635,106400,True
81,Background,10240,7.94644,7.94659,0.0001499999999996504,10838,True
65,Background,1048576,7.94797,7.95038,0.0024100000000002453,1087892,True
77,Background,1024,7.94799,7.94815,0.00016000000000016001,1244,True
78,Background,102400,7.94888,7.94951,0.0006300000000001305,106400,True
69,Background,10240,7.94911,7.94927,0.00016000000000016001,10838,True
81,Background,1024,7.95094,7.95109,0.0001499999999996504,1244,True
69,Background,102400,7.95186,7.95229,0.0004299999999997084,106400,True
73,Background,104857600,7.95356,8.17411,0.22055000000000025,108768230,True
70,Background,1048576,7.95423,7.95652,0.0022900000000003473,1087892,True
74,Background,1024,7.9576,7.95775,0.0001499999999996504,1244,True
73,Background,102400,7.95791,7.95854,0.0006300000000001305,106400,True
89,Background,10485760,7.95888,7.98028,0.021399999999999864,10876994,True
71,Background,1048576,7.96058,7.9629,0.0023200000000000998,1087892,True
82,Background,102400,7.96184,7.96231,0.0004700000000008586,106400,True
79,Background,1024,7.96216,7.96231,0.0001500000000005386,1244,True
84,Background,1048576,7.96295,7.96537,0.0024199999999998667,1087892,True
69,Background,10485760,7.964,7.98516,0.02115999999999918,10876994,True
82,Background,10485760,7.96422,7.98538,0.021160000000000068,10876994,True
70,Background,1048576,7.96705,7.96934,0.002289999999999459,1087892,True
70,Background,1048576,7.96878,7.97118,0.002400000000000624,1087892,True
85,Background,10485760,7.96993,7.99133,0.021399999999999864,10876994,True
71,Background,10240,7.97263,7.97279,0.00016000000000016001,10838,True
73,Background,1024,7.97539,7.97554,0.0001499999999996504,1244,True
72,Background,1024,7.97828,7.97844,0.00016000000000016001,1244,True
73,Background,10240,7.97895,7.97911,0.00016000000000016001,10838,True
83,Background,1048576,7.98334,7.98564,0.0022999999999999687,1087892,True
74,Background,10240,7.98426,7.98442,0.00016000000000016001,10838,True
77,Background,1048576,7.98484,7.98721,0.0023699999999999832,1087892,True
73,Background,1024,7.98669,7.98684,0.0001499999999996504,1244,True
73,Background,1024,7.98788,7.98803,0.0001500000000005386,1244,True
79,Background,10240,7.98972,7.98987,0.0001499999999996504,10838,True
74,Background,102400,7.992,7.99252,0.0005199999999998539,106400,True
89,Background,10240,7.9925,7.99265,0.0001500000000005386,10838,True
68,Background,102400,7.99256,7.99295,0.0003900000000003345,106400,True
70,Background,1048576,7.99428,7.99658,0.0022999999999999687,1087892,True
70,Background,1048576,7.99806,8.00034,0.0022799999999998377,1087892,True
77,Background,102400,7.99837,7.99876,0.00038999999999944635,106400,True
78,Background,1048576,8.00192,8.00445,0.0025300000000001432,1087892,True
72,Background,102400,8.00714,8.00753,0.00038999999999944635,106400,True
74,Background,10240,8.00719,8.00734,0.0001499999999996504,10838,True
86,Background,102400,8.00749,8.00788,0.00038999999999944635,106400,True
79,Background,102400,8.00909,8.00948,0.00038999999999944635,106400,True
65,Background,1024,8.00962,8.00978,0.00015999999999927184,1244,True
67,Background,1024,8.01225,8.01241,0.00015999999999927184,1244,True
68,Background,10240,8.01277,8.01293,0.0001600000000010482,10838,True
80,Background,1024,8.01293,8.01308,0.0001499999999996504,1244,True
71,Background,104857600,8.01431,8.24102,0.22671000000000063,108768230,True
66,Background,1048576,8.01608,8.01837,0.0022900000000003473,1087892,True
79,Background,102400,8.01674,8.0172,0.000460000000000349,106400,True
85,Background,102400,8.01749,8.01788,0.00038999999999944635,106400,True
72,Background,1048576,8.02103,8.02331,0.002280000000000726,1087892,True
80,Background,102400,8.022,8.02252,0.0005199999999998539,106400,True
69,Background,10485760,8.02284,8.05197,0.029130000000000322,10876994,True
90,Background,10240,8.02536,8.02552,0.0001600000000010482,10838,True
81,Background,1048576,8.02569,8.02876,0.00306999999999924,1087892,True
78,Background,102400,8.02705,8.0276,0.0005500000000004945,106400,True
616,Incast,500000,8.02729,8.52761,0.5003199999999985,1556214,False
86,Background,102400,8.029,8.03461,0.005610000000000781,106400,True
81,Background,10240,8.03191,8.03238,0.00046999999999997044,10838,True
68,Background,102400,8.03207,8.03268,0.0006099999999999994,106400,True
56,Background,102400,8.03286,8.03567,0.0028100000000002012,106400,True
62,Background,102400,8.03557,8.03636,0.0007900000000002905,106400,True
82,Background,102400,8.0356,8.03669,0.0010899999999995913,106400,True
83,Background,1024,8.03581,8.03637,0.000560000000000116,1244,True
69,Background,10485760,8.04215,8.066,0.02385000000000126,10876994,True
75,Background,1048576,8.04369,8.05119,0.007500000000000284,1087892,True
75,Background,102400,8.0461,8.04661,0.0005100000000002325,106400,True
65,Background,102400,8.0473,8.04769,0.00038999999999944635,106400,True
84,Background,102400,8.05213,8.05252,0.00038999999999944635,106400,True
80,Background,102400,8.05515,8.05554,0.0003900000000012227,106400,True
71,Background,1048576,8.05691,8.05961,0.0026999999999990365,1087892,True
71,Background,10485760,8.0574,8.07868,0.021280000000000854,10876994,True
57,Background,1048576,8.0577,8.06014,0.0024399999999999977,1087892,True
77,Background,1048576,8.05849,8.06105,0.0025599999999990075,1087892,True
71,Background,10240,8.05936,8.05978,0.00042000000000008697,10838,True
70,Background,10240,8.05944,8.05986,0.00042000000000008697,10838,True
86,Background,102400,8.06172,8.06212,0.0004000000000008441,106400,True
71,Background,1024,8.06594,8.06609,0.00015000000000142677,1244,True
79,Background,1048576,8.06828,8.07057,0.0022900000000003473,1087892,True
73,Background,104857600,8.06871,8.28985,0.22114000000000011,108768230,True
87,Background,102400,8.07616,8.07655,0.00038999999999944635,106400,True
80,Background,102400,8.07878,8.07929,0.0005100000000002325,106400,True
69,Background,102400,8.07953,8.07992,0.00038999999999944635,106400,True
84,Background,10240,8.08066,8.08082,0.00015999999999927184,10838,True
85,Background,10240,8.08217,8.08233,0.0001600000000010482,10838,True
57,Background,1048576,8.08322,8.08551,0.002289999999998571,1087892,True
82,Background,102400,8.08389,8.08452,0.0006299999999992423,106400,True
65,Background,102400,8.08494,8.08557,0.0006300000000010186,106400,True
66,Background,1048576,8.08646,8.08877,0.00230999999999959,1087892,True
75,Background,1024,8.08897,8.08912,0.0001499999999996504,1244,True
66,Background,1024,8.08952,8.08968,0.00015999999999927184,1244,True
72,Background,10240,8.09074,8.0909,0.00015999999999927184,10838,True
82,Background,10485760,8.09128,8.11244,0.021160000000000068,10876994,True
76,Background,1024,8.09147,8.09162,0.00015000000000142677,1244,True
67,Background,10240,8.09191,8.09207,0.00015999999999927184,10838,True
70,Background,1048576,8.09627,8.09857,0.0022999999999999687,1087892,True
90,Background,102400,8.09916,8.09955,0.0003900000000012227,106400,True
75,Background,102400,8.1011,8.10149,0.00038999999999944635,106400,True
67,Background,10240,8.1015,8.10166,0.0001600000000010482,10838,True
72,Background,102400,8.10227,8.10266,0.00038999999999944635,106400,True
80,Background,102400,8.10425,8.10464,0.00038999999999944635,106400,True
91,Background,1048576,8.10702,8.1093,0.0022799999999989495,1087892,True
71,Background,10240,8.10823,8.10839,0.00015999999999927184,10838,True
92,Background,1024,8.10919,8.10934,0.0001499999999996504,1244,True
81,Background,102400,8.10926,8.10965,0.00038999999999944635,106400,True
76,Background,102400,8.10982,8.11036,0.0005400000000008731,106400,True
58,Background,1024,8.11253,8.11268,0.0001499999999996504,1244,True
87,Background,1024,8.11553,8.11568,0.0001499999999996504,1244,True
69,Background,1048576,8.11599,8.11841,0.002420000000000755,1087892,True
69,Background,102400,8.12171,8.12211,0.00039999999999906777,106400,True
74,Background,1024,8.12502,8.12517,0.00015000000000142677,1244,True
73,Background,104857600,8.13013,8.36133,0.23120000000000118,108768230,True
74,Background,1048576,8.13079,8.13329,0.002500000000001279,1087892,True
74,Background,1048576,8.13128,8.13359,0.00230999999999959,1087892,True
78,Background,102400,8.1317,8.13215,0.00044999999999895124,106400,True
76,Background,102400,8.13244,8.13303,0.0005899999999989802,106400,True
70,Background,10240,8.13559,8.13575,0.00015999999999927184,10838,True
68,Background,1048576,8.13827,8.14056,0.0022900000000003473,1087892,True
77,Background,102400,8.13913,8.13952,0.00038999999999944635,106400,True
77,Background,1024,8.13946,8.13962,0.0001600000000010482,1244,True
68,Background,102400,8.14124,8.14163,0.00038999999999944635,106400,True
81,Background,102400,8.14205,8.14244,0.0003900000000012227,106400,True
74,Background,10485760,8.1437,8.16791,0.02420999999999829,10876994,True
70,Background,10240,8.14543,8.14559,0.0001600000000010482,10838,True
87,Background,1048576,8.14584,8.14851,0.0026700000000001722,1087892,True
59,Background,1048576,8.14679,8.14967,0.002880000000001104,1087892,True
83,Background,10240,8.14684,8.14702,0.00018000000000029104,10838,True
65,Background,102400,8.14902,8.1495,0.00047999999999959186,106400,True
73,Background,10485760,8.15289,8.17751,0.02462000000000053,10876994,True
75,Background,1048576,8.15389,8.15717,0.0032800000000001717,1087892,True
75,Background,10240,8.15529,8.1555,0.0002099999999991553,10838,True
75,Background,1048576,8.15621,8.16181,0.005599999999999383,1087892,True
67,Background,1024,8.15685,8.15723,0.0003799999999998249,1244,True
76,Background,1048576,8.15878,8.16911,0.010329999999999728,1087892,True
78,Background,10485760,8.16042,8.18831,0.027889999999999304,10876994,True
79,Background,1024,8.16385,8.16421,0.0003600000000005821,1244,True
80,Background,102400,8.16556,8.16788,0.002320000000000988,106400,True
83,Background,10240,8.16594,8.16624,0.0002999999999993008,10838,True
83,Background,102400,8.16668,8.16919,0.0025100000000009004,106400,True
82,Background,102400,8.16686,8.16898,0.0021199999999996777,106400,True
93,Background,1024,8.16868,8.16905,0.0003700000000002035,1244,True
80,Background,1024,8.17422,8.17437,0.0001499999999996504,1244,True
81,Background,1024,8.17507,8.17522,0.0001499999999996504,1244,True
65,Background,104857600,8.17518,8.40754,0.2323599999999999,108768230,True
88,Background,1048576,8.17584,8.17876,0.0029199999999995896,1087892,True
70,Background,10240,8.17751,8.17767,0.0001600000000010482,10838,True
82,Background,10240,8.17861,8.17877,0.00015999999999927184,10838,True
69,Background,10240,8.17938,8.17954,0.00015999999999927184,10838,True
71,Background,102400,8.1797,8.18009,0.00038999999999944635,106400,True
73,Background,10240,8.18114,8.1813,0.0001600000000010482,10838,True
89,Background,102400,8.18162,8.18201,0.00038999999999944635,106400,True
91,Background,102400,8.18485,8.18529,0.0004399999999993298,106400,True
63,Background,102400,8.18583,8.18634,0.0005100000000002325,106400,True
68,Background,102400,8.1862,8.1866,0.0004000000000008441,106400,True
81,Background,10240,8.18906,8.18922,0.0001600000000010482,10838,True
71,Background,102400,8.19033,8.19072,0.0003900000000012227,106400,True
84,Background,10240,8.19447,8.19463,0.00015999999999927184,10838,True
81,Background,10240,8.19485,8.19501,0.00015999999999927184,10838,True
78,Background,1048576,8.19632,8.19862,0.0022999999999999687,1087892,True
90,Background,10240,8.2073,8.20746,0.00015999999999927184,10838,True
60,Background,102400,8.20924,8.20963,0.0003900000000012227,106400,True
76,Background,102400,8.20982,8.21036,0.0005399999999990968,106400,True
78,Background,1048576,8.21307,8.21535,0.002280000000000726,1087892,True
79,Background,1024,8.21461,8.21476,0.0001499999999996504,1244,True
83,Background,102400,8.21842,8.21882,0.00039999999999906777,106400,True
80,Background,102400,8.2195,8.21989,0.00038999999999944635,106400,True
84,Background,10485760,8.22278,8.2469,0.02411999999999992,10876994,True
74,Background,1024,8.22477,8.22493,0.0001600000000010482,1244,True
79,Background,10485760,8.22641,8.25106,0.02465000000000117,10876994,True
75,Background,102400,8.22666,8.22713,0.00046999999999997044,106400,True
88,Background,102400,8.22688,8.22772,0.0008400000000001739,106400,True
83,Background,10485760,8.22837,8.25939,0.031019999999999825,10876994,True
80,Background,102400,8.22959,8.23022,0.0006299999999992423,106400,True
92,Background,1024,8.23183,8.23219,0.0003599999999988057,1244,True
70,Background,10240,8.23239,8.23259,0.00019999999999953388,10838,True
77,Background,1048576,8.23299,8.24515,0.012160000000001503,1087892,True
81,Background,1048576,8.24109,8.24408,0.0029900000000004923,1087892,True
82,Background,1048576,8.2418,8.24952,0.007720000000000837,1087892,True
70,Background,1048576,8.2473,8.24989,0.0025900000000014245,1087892,True
82,Background,1048576,8.24865,8.25386,0.005209999999999937,1087892,True
72,Background,10240,8.24894,8.24923,0.00029000000000145576,10838,True
66,Background,1024,8.24929,8.24944,0.0001499999999996504,1244,True
76,Background,1048576,8.25016,8.25247,0.0023100000000013665,1087892,True
85,Background,102400,8.25044,8.25095,0.0005100000000002325,106400,True
66,Background,102400,8.25127,8.25169,0.00042000000000008697,106400,True
66,Background,10240,8.25392,8.25407,0.0001499999999996504,10838,True
84,Background,102400,8.25539,8.25578,0.00038999999999944635,106400,True
71,Background,1048576,8.25743,8.25973,0.0022999999999999687,1087892,True
73,Background,102400,8.25839,8.25878,0.00038999999999944635,106400,True
74,Background,102400,8.25904,8.25943,0.00038999999999944635,106400,True
80,Background,1024,8.25933,8.25949,0.00015999999999927184,1244,True
71,Background,10485760,8.26301,8.28882,0.02580999999999989,10876994,True
81,Background,1048576,8.26386,8.26618,0.002320000000000988,1087892,True
77,Background,104857600,8.2643,8.48547,0.22116999999999898,108768230,True
88,Background,1048576,8.26945,8.27179,0.0023399999999984544,1087892,True
61,Background,102400,8.27054,8.27101,0.00046999999999997044,106400,True
72,Background,10240,8.27117,8.2714,0.0002300000000001745,10838,True
84,Background,10485760,8.27443,8.30465,0.030219999999999914,10876994,True
663,Incast,500000,8.27713,8.52896,0.25183,1037476,False
686,Incast,500000,8.27713,8.52967,0.25253999999999976,1037476,False
685,Incast,500000,8.27713,8.52536,0.2482299999999995,1037476,False
680,Incast,500000,8.27713,8.52774,0.25061,1037476,False
84,Background,102400,8.27938,8.28009,0.0007099999999997664,106400,True
67,Background,10240,8.28386,8.28431,0.00044999999999895124,10838,True
88,Background,1024,8.28541,8.28556,0.0001499999999996504,1244,True
78,Background,1024,8.28671,8.28721,0.0005000000000006111,1244,True
75,Background,102400,8.28951,8.29015,0.0006400000000006401,106400,True
83,Background,102400,8.29347,8.29408,0.0006099999999999994,106400,True
75,Background,10240,8.29516,8.29532,0.0001600000000010482,10838,True
85,Background,1048576,8.29789,8.30047,0.0025800000000000267,1087892,True
85,Background,10240,8.29937,8.29953,0.0001600000000010482,10838,True
89,Background,10240,8.2996,8.29976,0.00015999999999927184,10838,True
77,Background,1048576,8.30014,8.30242,0.0022799999999989495,1087892,True
86,Background,10240,8.30424,8.3044,0.00015999999999927184,10838,True
85,Background,10240,8.30768,8.30784,0.0001600000000010482,10838,True
69,Background,102400,8.31087,8.31128,0.00041000000000046555,106400,True
72,Background,1048576,8.31341,8.31572,0.0023100000000013665,1087892,True
87,Background,102400,8.31371,8.31411,0.00039999999999906777,106400,True
72,Background,104857600,8.31506,8.54164,0.22657999999999845,108768230,True
68,Background,102400,8.31608,8.31647,0.0003900000000012227,106400,True
83,Background,10240,8.31681,8.31697,0.00015999999999927184,10838,True
67,Background,102400,8.31879,8.3193,0.0005100000000002325,106400,True
86,Background,102400,8.31995,8.32047,0.0005199999999998539,106400,True
83,Background,1024,8.32397,8.32413,0.0001600000000010482,1244,True
72,Background,102400,8.33024,8.33063,0.00038999999999944635,106400,True
87,Background,102400,8.33081,8.33136,0.0005500000000004945,106400,True
78,Background,102400,8.33132,8.33171,0.00038999999999944635,106400,True
90,Background,1024,8.33269,8.33284,0.0001499999999996504,1244,True
94,Background,102400,8.33309,8.33348,0.00038999999999944635,106400,True
69,Background,1024,8.33357,8.33372,0.0001499999999996504,1244,True
73,Background,10485760,8.33394,8.3557,0.021760000000000446,10876994,True
85,Background,1048576,8.33498,8.33767,0.002689999999999415,1087892,True
70,Background,102400,8.3361,8.3366,0.0005000000000006111,106400,True
86,Background,1048576,8.3362,8.33938,0.0031800000000004047,1087892,True
79,Background,10240,8.33686,8.33723,0.0003700000000002035,10838,True
78,Background,10240,8.3384,8.33857,0.00017000000000066962,10838,True
74,Background,10240,8.33989,8.34005,0.00015999999999927184,10838,True
69,Background,102400,8.33989,8.34052,0.0006299999999992423,106400,True
67,Background,1048576,8.3404,8.34276,0.0023599999999994736,1087892,True
85,Background,1048576,8.3423,8.34462,0.002320000000000988,1087892,True
79,Background,10485760,8.34673,8.36822,0.02149000000000001,10876994,True
85,Background,102400,8.34774,8.34826,0.0005199999999998539,106400,True
70,Background,10240,8.35007,8.35024,0.00016999999999889326,10838,True
86,Background,10240,8.35014,8.35031,0.00017000000000066962,10838,True
75,Background,102400,8.35126,8.35173,0.00046999999999997044,106400,True
73,Background,10240,8.35148,8.35173,0.00024999999999941735,10838,True
76,Background,102400,8.35263,8.35316,0.0005300000000012517,106400,True
87,Background,1048576,8.35495,8.35772,0.002769999999999939,1087892,True
84,Background,1024,8.35525,8.35547,0.0002200000000005531,1244,True
86,Background,1024,8.35594,8.35621,0.00027000000000043656,1244,True
76,Background,10240,8.35614,8.3564,0.00026000000000081513,10838,True
87,Background,10240,8.35615,8.35641,0.00026000000000081513,10838,True
79,Background,1048576,8.35615,8.35906,0.002909999999999968,1087892,True
82,Background,10240,8.3647,8.36486,0.0001600000000010482,10838,True
84,Background,10240,8.36858,8.36874,0.0001600000000010482,10838,True
82,Background,10240,8.36904,8.3692,0.00015999999999927184,10838,True
77,Background,102400,8.36996,8.37048,0.0005199999999998539,106400,True
70,Background,1024,8.37108,8.37123,0.00015000000000142677,1244,True
68,Background,10240,8.37568,8.37584,0.0001600000000010482,10838,True
77,Background,1024,8.37659,8.37674,0.0001499999999996504,1244,True
72,Background,1048576,8.37679,8.3792,0.0024100000000011335,1087892,True
88,Background,1048576,8.3824,8.3847,0.0022999999999999687,1087892,True
85,Background,102400,8.38456,8.38495,0.00038999999999944635,106400,True
86,Background,102400,8.38677,8.38727,0.0004999999999988347,106400,True
86,Background,10240,8.38754,8.3877,0.0001600000000010482,10838,True
77,Background,1048576,8.39143,8.39373,0.0022999999999999687,1087892,True
71,Background,102400,8.39236,8.39275,0.00038999999999944635,106400,True
80,Background,10485760,8.39411,8.41527,0.021160000000000068,10876994,True
74,Background,10240,8.39459,8.39475,0.00015999999999927184,10838,True
83,Background,104857600,8.39584,8.62269,0.22685000000000066,108768230,True
85,Background,1048576,8.40007,8.4024,0.0023300000000006094,1087892,True
74,Background,1024,8.40025,8.40041,0.0001600000000010482,1244,True
76,Background,1048576,8.40202,8.40432,0.0022999999999999687,1087892,True
86,Background,1024,8.40331,8.40351,0.00020000000000131024,1244,True
73,Background,10240,8.40477,8.40493,0.0001600000000010482,10838,True
85,Background,10240,8.40478,8.40494,0.00015999999999927184,10838,True
73,Background,1048576,8.40612,8.4084,0.002280000000000726,1087892,True
78,Background,10240,8.41024,8.4104,0.00015999999999927184,10838,True
86,Background,10485760,8.41439,8.43557,0.021180000000001087,10876994,True
86,Background,102400,8.41548,8.41587,0.00038999999999944635,106400,True
66,Background,1024,8.41861,8.41876,0.00015000000000142677,1244,True
87,Background,10240,8.41927,8.41942,0.00015000000000142677,10838,True
88,Background,10240,8.41957,8.41973,0.00015999999999927184,10838,True
87,Background,1048576,8.4198,8.42222,0.0024199999999989785,1087892,True
72,Background,1024,8.42011,8.42026,0.00015000000000142677,1244,True
64,Background,1048576,8.42192,8.42445,0.0025300000000001432,1087892,True
82,Background,1024,8.42446,8.42461,0.0001499999999996504,1244,True
86,Background,1048576,8.42689,8.42942,0.0025300000000001432,1087892,True
72,Background,1024,8.42986,8.43002,0.0001600000000010482,1244,True
80,Background,102400,8.43107,8.43147,0.00039999999999906777,106400,True
87,Background,102400,8.43137,8.43176,0.0003900000000012227,106400,True
72,Background,10240,8.43169,8.43185,0.0001600000000010482,10838,True
91,Background,104857600,8.43372,8.66367,0.22995000000000054,108768230,True
88,Background,1048576,8.43618,8.43847,0.0022900000000003473,1087892,True
73,Background,1048576,8.43836,8.44066,0.0022999999999999687,1087892,True
76,Background,1048576,8.44253,8.44485,0.002320000000000988,1087892,True
62,Background,10240,8.44345,8.44361,0.00015999999999927184,10838,True
87,Background,102400,8.44406,8.44445,0.00038999999999944635,106400,True
67,Background,102400,8.44511,8.4455,0.00038999999999944635,106400,True
73,Background,102400,8.446,8.44652,0.0005199999999998539,106400,True
79,Background,102400,8.44719,8.44758,0.00038999999999944635,106400,True
65,Background,1024,8.44819,8.44834,0.0001499999999996504,1244,True
77,Background,10240,8.449,8.44915,0.0001499999999996504,10838,True
81,Background,102400,8.44947,8.44986,0.00038999999999944635,106400,True
74,Background,102400,8.45053,8.45092,0.00038999999999944635,106400,True
81,Background,1048576,8.45326,8.45576,0.0024999999999995026,1087892,True
63,Background,1048576,8.45348,8.45597,0.002489999999999881,1087892,True
82,Background,1048576,8.45476,8.45749,0.002729999999999677,1087892,True
74,Background,102400,8.45494,8.45571,0.0007699999999992713,106400,True
68,Background,10240,8.45564,8.45602,0.0003799999999998249,10838,True
93,Background,10240,8.45654,8.4567,0.00015999999999927184,10838,True
68,Background,102400,8.46291,8.46354,0.0006299999999992423,106400,True
73,Background,102400,8.46379,8.46432,0.0005300000000012517,106400,True
88,Background,102400,8.46586,8.46629,0.00043000000000148475,106400,True
94,Background,1024,8.46593,8.46608,0.0001499999999996504,1244,True
75,Background,1048576,8.4666,8.46892,0.002320000000000988,1087892,True
88,Background,1024,8.46903,8.46918,0.0001499999999996504,1244,True
88,Background,10485760,8.46934,8.49186,0.022520000000000095,10876994,True
83,Background,1024,8.47161,8.47177,0.00015999999999927184,1244,True
64,Background,10240,8.47176,8.47192,0.0001600000000010482,10838,True
83,Background,1048576,8.47268,8.47521,0.0025300000000001432,1087892,True
82,Background,10485760,8.47363,8.49857,0.02494000000000085,10876994,True
89,Background,102400,8.4749,8.47562,0.0007199999999993878,106400,True
84,Background,102400,8.476,8.47643,0.0004299999999997084,106400,True
89,Background,10240,8.476,8.47616,0.00015999999999927184,10838,True
89,Background,1048576,8.47716,8.48015,0.0029900000000004923,1087892,True
95,Background,1024,8.47751,8.47783,0.00032000000000032003,1244,True
87,Background,10240,8.47839,8.47862,0.0002300000000001745,10838,True
76,Background,102400,8.47899,8.47979,0.0007999999999999119,106400,True
89,Background,102400,8.4797,8.48195,0.0022500000000000853,106400,True
81,Background,1024,8.47986,8.4802,0.0003399999999995629,1244,True
89,Background,102400,8.48087,8.48148,0.0006099999999999994,106400,True
80,Background,102400,8.48135,8.48196,0.0006099999999999994,106400,True
73,Background,102400,8.4821,8.48273,0.0006299999999992423,106400,True
82,Background,1048576,8.48443,8.48693,0.0024999999999995026,1087892,True
73,Background,10240,8.48463,8.48489,0.00026000000000081513,10838,True
92,Background,10240,8.48484,8.48521,0.0003700000000002035,10838,True
75,Background,10240,8.48488,8.48526,0.0003799999999998249,10838,True
87,Background,10240,8.48499,8.48535,0.0003600000000005821,10838,True
88,Background,10240,8.48589,8.48613,0.00023999999999979593,10838,True
89,Background,10240,8.48764,8.4878,0.00015999999999927184,10838,True
81,Background,102400,8.48825,8.48864,0.00038999999999944635,106400,True
84,Background,1024,8.4891,8.48925,0.0001499999999996504,1244,True
78,Background,10240,8.49068,8.49084,0.0001600000000010482,10838,True
85,Background,102400,8.49101,8.49141,0.0004000000000008441,106400,True
87,Background,10240,8.49125,8.49141,0.00015999999999927184,10838,True
74,Background,102400,8.49253,8.49292,0.00038999999999944635,106400,True
89,Background,102400,8.49295,8.49348,0.0005299999999994753,106400,True
66,Background,1024,8.49353,8.49368,0.0001499999999996504,1244,True
88,Background,10485760,8.49413,8.5213,0.027169999999999916,10876994,True
85,Background,102400,8.49659,8.49698,0.0003900000000012227,106400,True
75,Background,1024,8.49746,8.49761,0.0001499999999996504,1244,True
83,Background,1024,8.49758,8.49773,0.00015000000000142677,1244,True
58,Background,102400,8.49806,8.49846,0.00039999999999906777,106400,True
74,Background,102400,8.49849,8.49888,0.00038999999999944635,106400,True
93,Background,102400,8.50181,8.50234,0.0005299999999994753,106400,True
83,Background,10485760,8.50718,8.55193,0.04475000000000051,10876994,True
77,Background,1024,8.5089,8.50941,0.0005100000000002325,1244,True
76,Background,102400,8.50904,8.51249,0.003449999999999065,106400,True
75,Background,1048576,8.51212,8.51607,0.003949999999999676,1087892,True
90,Background,1048576,8.51339,8.52964,0.016250000000001208,1087892,True
90,Background,104857600,8.5141,8.74562,0.2315200000000015,108768230,True
82,Background,102400,8.51496,8.51597,0.0010099999999990672,106400,True
86,Background,102400,8.51841,8.51898,0.0005700000000015137,106400,True
94,Background,10240,8.52076,8.52126,0.0005000000000006111,10838,True
75,Background,102400,8.52187,8.52518,0.0033100000000008123,106400,True
71,Background,102400,8.52218,8.52265,0.00046999999999997044,106400,True
86,Background,102400,8.52336,8.52392,0.000560000000000116,106400,True
83,Background,102400,8.52345,8.52411,0.0006599999999998829,106400,True
69,Background,102400,8.52355,8.52629,0.0027399999999992986,106400,True
74,Background,102400,8.52465,8.5253,0.0006500000000002615,106400,True
96,Background,102400,8.52579,8.53084,0.005049999999998889,106400,True
68,Background,1024,8.52782,8.52823,0.00041000000000046555,1244,True
76,Background,1048576,8.5284,8.53114,0.002740000000001075,1087892,True
84,Background,10485760,8.52932,8.55252,0.02319999999999922,10876994,True
76,Background,102400,8.53163,8.53207,0.0004399999999993298,106400,True
75,Background,102400,8.53366,8.53409,0.00043000000000148475,106400,True
77,Background,102400,8.53952,8.53998,0.000460000000000349,106400,True
79,Background,10240,8.54076,8.54092,0.00015999999999927184,10838,True
85,Background,102400,8.54228,8.54267,0.00038999999999944635,106400,True
75,Background,10240,8.54631,8.54647,0.00015999999999927184,10838,True
89,Background,102400,8.54681,8.54738,0.0005699999999997374,106400,True
97,Background,1048576,8.54706,8.54935,0.0022900000000003473,1087892,True
80,Background,102400,8.55144,8.55183,0.0003900000000012227,106400,True
86,Background,1048576,8.55377,8.55613,0.0023599999999994736,1087892,True
83,Background,10240,8.55995,8.5601,0.0001499999999996504,10838,True
69,Background,104857600,8.56011,8.77914,0.21903000000000006,108768230,True
87,Background,1048576,8.56229,8.56458,0.002289999999998571,1087892,True
79,Background,10240,8.56304,8.5632,0.00015999999999927184,10838,True
80,Background,10240,8.56537,8.56553,0.0001600000000010482,10838,True
77,Background,10240,8.56789,8.56805,0.00015999999999927184,10838,True
90,Background,1024,8.5683,8.56845,0.0001499999999996504,1244,True
73,Background,1024,8.56881,8.56897,0.0001600000000010482,1244,True
70,Background,1048576,8.57234,8.57474,0.0023999999999997357,1087892,True
78,Background,1048576,8.57247,8.57486,0.0023900000000001143,1087892,True
59,Background,1048576,8.57412,8.57642,0.0022999999999999687,1087892,True
90,Background,102400,8.57482,8.5753,0.00047999999999959186,106400,True
89,Background,10240,8.5749,8.57508,0.00018000000000029104,10838,True
77,Background,10485760,8.57858,8.60002,0.021440000000000126,10876994,True
80,Background,102400,8.57906,8.57945,0.00038999999999944635,106400,True
65,Background,102400,8.58607,8.58646,0.0003900000000012227,106400,True
91,Background,1048576,8.58799,8.59075,0.0027600000000003178,1087892,True
91,Background,1024,8.58894,8.5891,0.0001600000000010482,1244,True
88,Background,1048576,8.5891,8.5918,0.0026999999999990365,1087892,True
87,Background,102400,8.59115,8.59169,0.0005399999999990968,106400,True
76,Background,1024,8.59161,8.59187,0.00026000000000081513,1244,True
92,Background,102400,8.59166,8.59221,0.0005500000000004945,106400,True
60,Background,1048576,8.59222,8.59452,0.0022999999999999687,1087892,True
89,Background,10240,8.59398,8.59414,0.00015999999999927184,10838,True
93,Background,10240,8.59424,8.5944,0.0001600000000010482,10838,True
78,Background,102400,8.59468,8.59507,0.00038999999999944635,106400,True
76,Background,10240,8.59562,8.59577,0.0001499999999996504,10838,True
87,Background,102400,8.59582,8.59636,0.0005400000000008731,106400,True
90,Background,1024,8.59816,8.59832,0.00015999999999927184,1244,True
81,Background,10240,8.60026,8.60042,0.00015999999999927184,10838,True
89,Background,1024,8.60033,8.60048,0.0001499999999996504,1244,True
78,Background,102400,8.60178,8.60229,0.0005100000000002325,106400,True
84,Background,102400,8.60473,8.60518,0.0004500000000007276,106400,True
77,Background,10240,8.60513,8.60529,0.00015999999999927184,10838,True
82,Background,1048576,8.60517,8.60754,0.0023700000000008714,1087892,True
79,Background,10485760,8.60533,8.6273,0.0219699999999996,10876994,True
80,Background,102400,8.60645,8.60691,0.00045999999999857266,106400,True
95,Background,102400,8.60692,8.60758,0.0006599999999998829,106400,True
81,Background,102400,8.6104,8.61079,0.00038999999999944635,106400,True
88,Background,10485760,8.61352,8.63554,0.02202000000000126,10876994,True
78,Background,1048576,8.61474,8.61809,0.0033500000000010743,1087892,True
78,Background,102400,8.62543,8.62582,0.00038999999999944635,106400,True
83,Background,10240,8.62666,8.62682,0.0001600000000010482,10838,True
70,Background,102400,8.62823,8.62862,0.00038999999999944635,106400,True
71,Background,1048576,8.63152,8.63384,0.0023199999999992116,1087892,True
79,Background,10240,8.63254,8.63269,0.0001499999999996504,10838,True
74,Background,102400,8.63597,8.63649,0.0005199999999998539,106400,True
76,Background,102400,8.63743,8.63782,0.00038999999999944635,106400,True
87,Background,10240,8.63748,8.63764,0.00015999999999927184,10838,True
77,Background,10485760,8.64133,8.6625,0.02116999999999969,10876994,True
84,Background,1024,8.64167,8.64182,0.0001499999999996504,1244,True
75,Background,102400,8.64649,8.64688,0.00038999999999944635,106400,True
77,Background,1024,8.6492,8.64935,0.0001499999999996504,1244,True
71,Background,1024,8.65004,8.6502,0.00015999999999927184,1244,True
81,Background,10240,8.65049,8.65065,0.0001600000000010482,10838,True
90,Background,1024,8.65501,8.65516,0.0001499999999996504,1244,True
78,Background,102400,8.65694,8.65757,0.0006299999999992423,106400,True
78,Background,10240,8.65821,8.65837,0.00015999999999927184,10838,True
88,Background,102400,8.66454,8.66493,0.00038999999999944635,106400,True
88,Background,102400,8.66559,8.66598,0.00038999999999944635,106400,True
76,Background,1048576,8.6688,8.67123,0.0024300000000003763,1087892,True
89,Background,102400,8.67282,8.67337,0.0005500000000004945,106400,True
83,Background,10485760,8.67653,8.69772,0.02119000000000071,10876994,True
79,Background,1048576,8.67778,8.68018,0.0023999999999997357,1087892,True
85,Background,102400,8.67848,8.67887,0.00038999999999944635,106400,True
85,Background,10240,8.68486,8.68502,0.00015999999999927184,10838,True
84,Background,10485760,8.68509,8.7071,0.022009999999999863,10876994,True
94,Background,1024,8.68605,8.6862,0.0001499999999996504,1244,True
71,Background,10485760,8.68622,8.70828,0.022059999999999746,10876994,True
72,Background,1048576,8.68788,8.69045,0.0025700000000004053,1087892,True
84,Background,102400,8.69008,8.69051,0.0004299999999997084,106400,True
88,Background,10485760,8.69148,8.71357,0.022090000000000387,10876994,True
91,Background,10240,8.69164,8.6918,0.0001600000000010482,10838,True
88,Background,10240,8.69593,8.6961,0.00016999999999889326,10838,True
79,Background,1024,8.69684,8.69699,0.0001499999999996504,1244,True
84,Background,10485760,8.6985,8.72058,0.022080000000000766,10876994,True
84,Background,102400,8.69903,8.6995,0.00046999999999997044,106400,True
77,Background,104857600,8.70193,8.93886,0.2369299999999992,108768230,True
89,Background,1024,8.70198,8.7022,0.00021999999999877673,1244,True
79,Background,10485760,8.70269,8.73235,0.029659999999999798,10876994,True
85,Background,102400,8.70407,8.70463,0.000560000000000116,106400,True
85,Background,102400,8.70962,8.71008,0.000460000000000349,106400,True
95,Background,102400,8.7113,8.71176,0.000460000000000349,106400,True
79,Background,10485760,8.7164,8.73843,0.022029999999999106,10876994,True
76,Background,10240,8.71648,8.71664,0.00015999999999927184,10838,True
82,Background,10240,8.72035,8.72052,0.00017000000000066962,10838,True
77,Background,1048576,8.72143,8.72418,0.0027500000000006963,1087892,True
86,Background,1048576,8.72164,8.72464,0.0030000000000001137,1087892,True
78,Background,1024,8.72186,8.72211,0.0002500000000011937,1244,True
82,Background,102400,8.72186,8.72282,0.0009600000000009601,106400,True
92,Background,10240,8.7222,8.7225,0.0002999999999993008,10838,True
72,Background,1048576,8.72263,8.73002,0.0073899999999991195,1087892,True
79,Background,1024,8.72376,8.72416,0.00039999999999906777,1244,True
90,Background,10240,8.72494,8.7251,0.00015999999999927184,10838,True
90,Background,1048576,8.72583,8.72857,0.0027399999999992986,1087892,True
78,Background,104857600,8.72684,8.9602,0.23336000000000112,108768230,True
91,Background,10240,8.72806,8.72831,0.0002500000000011937,10838,True
80,Background,10240,8.73192,8.73208,0.00015999999999927184,10838,True
95,Background,102400,8.73202,8.73242,0.00039999999999906777,106400,True
86,Background,102400,8.73305,8.73345,0.00039999999999906777,106400,True
74,Background,10240,8.73483,8.73498,0.0001499999999996504,10838,True
75,Background,10240,8.73717,8.73733,0.00015999999999927184,10838,True
77,Background,104857600,8.73731,8.96512,0.22780999999999985,108768230,True
91,Background,102400,8.739,8.73955,0.0005499999999987182,106400,True
69,Background,1024,8.73908,8.73923,0.0001499999999996504,1244,True
93,Background,102400,8.73909,8.73952,0.00043000000000148475,106400,True
73,Background,102400,8.74084,8.7413,0.000460000000000349,106400,True
81,Background,10485760,8.74124,8.76683,0.025590000000001112,10876994,True
90,Background,10240,8.74262,8.74278,0.00015999999999927184,10838,True
91,Background,1048576,8.74446,8.74698,0.002520000000000522,1087892,True
96,Background,10485760,8.74631,8.77539,0.02908000000000044,10876994,True
80,Background,10240,8.74639,8.74672,0.00032999999999994145,10838,True
92,Background,10485760,8.74764,8.78408,0.03643999999999892,10876994,True
88,Background,10240,8.7497,8.7501,0.00039999999999906777,10838,True
71,Background,1048576,8.74994,8.75435,0.004410000000000025,1087892,True
90,Background,10240,8.75049,8.75089,0.0004000000000008441,10838,True
89,Background,102400,8.75075,8.75521,0.0044599999999999085,106400,True
72,Background,102400,8.75291,8.75374,0.0008300000000005525,106400,True
72,Background,10240,8.75491,8.75519,0.000280000000000058,10838,True
85,Background,10240,8.75499,8.75523,0.00023999999999979593,10838,True
61,Background,10240,8.75538,8.7556,0.00021999999999877673,10838,True
86,Background,1024,8.75715,8.7573,0.00015000000000142677,1244,True
73,Background,102400,8.75767,8.75824,0.0005700000000015137,106400,True
85,Background,10240,8.75973,8.76015,0.00042000000000008697,10838,True
93,Background,1048576,8.76099,8.76914,0.008150000000000546,1087892,True
66,Background,10485760,8.76237,8.79353,0.031159999999999854,10876994,True
80,Background,102400,8.76274,8.76622,0.0034799999999997056,106400,True
78,Background,102400,8.76275,8.76792,0.005169999999999675,106400,True
74,Background,1048576,8.76426,8.76748,0.0032200000000006668,1087892,True
83,Background,102400,8.76524,8.76582,0.0005799999999993588,106400,True
70,Background,102400,8.76648,8.76713,0.0006500000000002615,106400,True
92,Background,104857600,8.77052,9.0001,0.22958000000000034,108768230,True
82,Background,1048576,8.77226,8.77677,0.004510000000001568,1087892,True
91,Background,10240,8.77427,8.77442,0.0001499999999996504,10838,True
84,Background,1024,8.77756,8.77786,0.0003000000000010772,1244,True
91,Background,102400,8.77866,8.78002,0.0013600000000000279,106400,True
92,Background,102400,8.78071,8.78114,0.00043000000000148475,106400,True
83,Background,1024,8.78169,8.78184,0.00015000000000142677,1244,True
81,Background,10240,8.78329,8.78346,0.00017000000000066962,10838,True
73,Background,102400,8.78344,8.78392,0.00047999999999959186,106400,True
76,Background,10240,8.784,8.78418,0.00017999999999851468,10838,True
90,Background,102400,8.78616,8.78655,0.00038999999999944635,106400,True
90,Background,1048576,8.78734,8.79014,0.0027999999999988034,1087892,True
89,Background,10485760,8.7881,8.81913,0.031029999999999447,10876994,True
90,Background,10240,8.78817,8.78837,0.00020000000000131024,10838,True
75,Background,104857600,8.78818,9.01511,0.2269299999999994,108768230,True
86,Background,10240,8.7909,8.79111,0.0002099999999991553,10838,True
74,Background,1048576,8.79093,8.79511,0.0041799999999998505,1087892,True
93,Background,1048576,8.79103,8.79514,0.004110000000000724,1087892,True
91,Background,10240,8.79241,8.7926,0.00018999999999991246,10838,True
81,Background,1048576,8.79318,8.79588,0.002700000000000813,1087892,True
82,Background,1024,8.79355,8.79391,0.0003600000000005821,1244,True
74,Background,10240,8.79403,8.79428,0.0002500000000011937,10838,True
91,Background,1024,8.7996,8.79975,0.0001499999999996504,1244,True
83,Background,1048576,8.80071,8.80378,0.00306999999999924,1087892,True
91,Background,10240,8.80287,8.80317,0.0002999999999993008,10838,True
87,Background,102400,8.80525,8.80571,0.000460000000000349,106400,True
78,Background,10485760,8.80639,8.83266,0.026270000000000238,10876994,True
85,Background,1024,8.80653,8.80673,0.00019999999999953388,1244,True
78,Background,1048576,8.80723,8.81949,0.012259999999999494,1087892,True
93,Background,10240,8.81131,8.81151,0.00019999999999953388,10838,True
73,Background,10240,8.81299,8.81326,0.00027000000000043656,10838,True
92,Background,1024,8.81489,8.81523,0.0003399999999995629,1244,True
86,Background,10240,8.81546,8.81574,0.000280000000000058,10838,True
62,Background,10240,8.8215,8.82166,0.00015999999999927184,10838,True
71,Background,1048576,8.82585,8.82882,0.002969999999999473,1087892,True
82,Background,102400,8.82774,8.83173,0.003989999999999938,106400,True
75,Background,102400,8.82812,8.82866,0.0005399999999990968,106400,True
96,Background,10485760,8.82851,8.85444,0.025930000000000675,10876994,True
63,Background,102400,8.83101,8.83158,0.0005700000000015137,106400,True
91,Background,102400,8.83326,8.83372,0.000460000000000349,106400,True
94,Background,102400,8.83385,8.8346,0.0007500000000000284,106400,True
75,Background,1024,8.83387,8.8341,0.0002300000000001745,1244,True
92,Background,1024,8.83569,8.83584,0.0001499999999996504,1244,True
81,Background,1048576,8.83699,8.84006,0.00306999999999924,1087892,True
89,Background,102400,8.84053,8.84099,0.000460000000000349,106400,True
92,Background,102400,8.84155,8.84202,0.00046999999999997044,106400,True
94,Background,1024,8.8416,8.84177,0.00017000000000066962,1244,True
91,Background,102400,8.84238,8.84284,0.000460000000000349,106400,True
92,Background,10240,8.84429,8.84445,0.00015999999999927184,10838,True
75,Background,1024,8.84434,8.8445,0.00015999999999927184,1244,True
91,Background,102400,8.84748,8.84794,0.000460000000000349,106400,True
82,Background,102400,8.85256,8.85304,0.00047999999999959186,106400,True
67,Background,102400,8.85276,8.85344,0.0006800000000009021,106400,True
97,Background,10240,8.85351,8.85372,0.0002099999999991553,10838,True
93,Background,1024,8.85459,8.85474,0.0001499999999996504,1244,True
84,Background,10240,8.85848,8.85864,0.00015999999999927184,10838,True
79,Background,1048576,8.86087,8.86317,0.0022999999999999687,1087892,True
80,Background,10240,8.8612,8.86136,0.00015999999999927184,10838,True
74,Background,102400,8.86164,8.86211,0.00046999999999997044,106400,True
92,Background,10240,8.86376,8.86391,0.00015000000000142677,10838,True
90,Background,10240,8.86478,8.86494,0.0001600000000010482,10838,True
92,Background,102400,8.86711,8.8675,0.00038999999999944635,106400,True
72,Background,1024,8.8706,8.87075,0.0001499999999996504,1244,True
80,Background,102400,8.87421,8.8746,0.00038999999999944635,106400,True
76,Background,1048576,8.87978,8.88218,0.0023999999999997357,1087892,True
73,Background,1048576,8.88313,8.88546,0.0023300000000006094,1087892,True
90,Background,10240,8.88425,8.88442,0.00017000000000066962,10838,True
97,Background,102400,8.8851,8.88552,0.00042000000000008697,106400,True
84,Background,1048576,8.88594,8.88847,0.0025300000000001432,1087892,True
82,Background,102400,8.88841,8.8888,0.00038999999999944635,106400,True
83,Background,10240,8.8895,8.88966,0.00015999999999927184,10838,True
79,Background,1048576,8.88961,8.89194,0.0023300000000006094,1087892,True
98,Background,10240,8.89244,8.8926,0.00015999999999927184,10838,True
69,Background,1048576,8.89262,8.89506,0.0024399999999999977,1087892,True
79,Background,102400,8.89318,8.89365,0.00046999999999997044,106400,True
68,Background,102400,8.89346,8.89408,0.0006200000000013972,106400,True
83,Background,102400,8.89402,8.89468,0.0006599999999998829,106400,True
93,Background,1024,8.89469,8.89503,0.0003399999999995629,1244,True
92,Background,1024,8.89504,8.89522,0.00018000000000029104,1244,True
80,Background,1024,8.89668,8.89683,0.0001499999999996504,1244,True
81,Background,102400,8.89695,8.89748,0.0005299999999994753,106400,True
80,Background,102400,8.89807,8.89846,0.00038999999999944635,106400,True
96,Background,102400,8.90116,8.90155,0.00038999999999944635,106400,True
91,Background,1024,8.9015,8.90165,0.0001499999999996504,1244,True
86,Background,10240,8.90158,8.90174,0.0001600000000010482,10838,True
82,Background,10240,8.90335,8.90351,0.0001600000000010482,10838,True
89,Background,102400,8.90568,8.90607,0.00038999999999944635,106400,True
81,Background,1048576,8.91011,8.91241,0.0022999999999999687,1087892,True
77,Background,102400,8.91034,8.91081,0.00046999999999997044,106400,True
70,Background,10485760,8.91404,8.93574,0.021699999999999164,10876994,True
64,Background,1048576,8.91643,8.91951,0.003080000000000638,1087892,True
71,Background,10240,8.92102,8.92118,0.00015999999999927184,10838,True
86,Background,102400,8.9223,8.92276,0.000460000000000349,106400,True
65,Background,1024,8.92325,8.92341,0.0001600000000010482,1244,True
80,Background,1024,8.92514,8.92529,0.0001499999999996504,1244,True
75,Background,1024,8.92902,8.92917,0.0001499999999996504,1244,True
74,Background,1024,8.93016,8.93032,0.00015999999999927184,1244,True
74,Background,1024,8.9308,8.93095,0.0001499999999996504,1244,True
93,Background,1024,8.93333,8.93349,0.0001600000000010482,1244,True
87,Background,102400,8.93362,8.93408,0.000460000000000349,106400,True
81,Background,102400,8.93852,8.93891,0.00038999999999944635,106400,True
95,Background,10240,8.93913,8.93929,0.00015999999999927184,10838,True
87,Background,1048576,8.93981,8.94225,0.0024399999999999977,1087892,True
72,Background,10240,8.93982,8.93998,0.0001600000000010482,10838,True
83,Background,102400,8.94031,8.9407,0.00038999999999944635,106400,True
73,Background,10240,8.94187,8.94203,0.0001600000000010482,10838,True
96,Background,10240,8.94262,8.94278,0.0001600000000010482,10838,True
94,Background,1024,8.94558,8.94573,0.0001499999999996504,1244,True
90,Background,1024,8.94671,8.94686,0.0001499999999996504,1244,True
94,Background,102400,8.94734,8.94773,0.00038999999999944635,106400,True
92,Background,102400,8.94976,8.95024,0.0004800000000013682,106400,True
76,Background,102400,8.95007,8.95046,0.00038999999999944635,106400,True
85,Background,1024,8.9516,8.95175,0.00015000000000142677,1244,True
82,Background,102400,8.95392,8.95455,0.0006299999999992423,106400,True
87,Background,10240,8.95598,8.95614,0.00015999999999927184,10838,True
88,Background,102400,8.95636,8.95675,0.00038999999999944635,106400,True
87,Background,10240,8.96072,8.96088,0.00015999999999927184,10838,True
79,Background,10240,8.96182,8.96197,0.00015000000000142677,10838,True
66,Background,1048576,8.96206,8.96434,0.002280000000000726,1087892,True
86,Background,102400,8.96321,8.9636,0.00038999999999944635,106400,True
74,Background,102400,8.96396,8.96449,0.0005299999999994753,106400,True
76,Background,10485760,8.97321,8.99437,0.021160000000000068,10876994,True
75,Background,10240,8.97379,8.97394,0.00015000000000142677,10838,True
81,Background,10240,8.97679,8.97694,0.00015000000000142677,10838,True
87,Background,1048576,8.97693,8.97946,0.0025300000000001432,1087892,True
82,Background,102400,8.98061,8.981,0.00038999999999944635,106400,True
83,Background,10240,8.98226,8.98241,0.0001499999999996504,10838,True
92,Background,102400,8.98337,8.98376,0.00038999999999944635,106400,True
95,Background,1048576,8.98763,8.98996,0.0023300000000006094,1087892,True
69,Background,10240,8.98835,8.98851,0.00015999999999927184,10838,True
85,Background,102400,8.99489,8.99552,0.0006300000000010186,106400,True
78,Background,102400,8.99772,8.99813,0.00041000000000046555,106400,True
95,Background,102400,8.99798,8.99851,0.0005299999999994753,106400,True
87,Background,1024,9.00028,9.00043,0.0001499999999996504,1244,True
93,Background,102400,9.0018,9.00232,0.0005199999999998539,106400,True
70,Background,102400,9.0035,9.00389,0.00038999999999944635,106400,True
88,Background,10240,9.00415,9.00431,0.0001600000000010482,10838,True
75,Background,102400,9.01133,9.01172,0.0003900000000012227,106400,True
94,Background,10485760,9.01177,9.03304,0.021269999999999456,10876994,True
76,Background,10240,9.01243,9.01258,0.0001499999999996504,10838,True
93,Background,102400,9.01501,9.0154,0.00038999999999944635,106400,True
83,Background,10240,9.01656,9.01672,0.00015999999999927184,10838,True
94,Background,10240,9.01682,9.01697,0.00015000000000142677,10838,True
93,Background,1024,9.01946,9.01961,0.0001499999999996504,1244,True
93,Background,102400,9.01961,9.02,0.00038999999999944635,106400,True
99,Background,10485760,9.02031,9.04148,0.02116999999999969,10876994,True
91,Background,10485760,9.02051,9.0417,0.02119000000000071,10876994,True
94,Background,10240,9.02055,9.02071,0.00015999999999927184,10838,True
87,Background,10485760,9.02131,9.04248,0.02116999999999969,10876994,True
76,Background,1024,9.0217,9.02186,0.0001600000000010482,1244,True
88,Background,102400,9.02254,9.02293,0.0003900000000012227,106400,True
93,Background,1048576,9.02386,9.02618,0.0023199999999992116,1087892,True
94,Background,1024,9.02604,9.02619,0.0001499999999996504,1244,True
76,Background,1024,9.02929,9.02944,0.0001499999999996504,1244,True
77,Background,102400,9.03026,9.03065,0.00038999999999944635,106400,True
84,Background,102400,9.03132,9.03171,0.0003900000000012227,106400,True
84,Background,102400,9.03242,9.03281,0.00038999999999944635,106400,True
77,Background,1048576,9.033,9.03529,0.0022900000000003473,1087892,True
76,Background,102400,9.03762,9.03801,0.00038999999999944635,106400,True
97,Background,102400,9.03808,9.03847,0.00038999999999944635,106400,True
94,Background,102400,9.04175,9.04222,0.00046999999999997044,106400,True
77,Background,1024,9.04189,9.04205,0.00015999999999927184,1244,True
80,Background,1048576,9.04265,9.04498,0.0023300000000006094,1087892,True
77,Background,1024,9.04294,9.04309,0.0001499999999996504,1244,True
94,Background,1024,9.0436,9.04375,0.0001499999999996504,1244,True
77,Background,1024,9.0446,9.04475,0.0001499999999996504,1244,True
67,Background,102400,9.04478,9.04528,0.0005000000000006111,106400,True
84,Background,102400,9.04546,9.04585,0.00038999999999944635,106400,True
88,Background,102400,9.04591,9.04654,0.0006300000000010186,106400,True
89,Background,1048576,9.04751,9.04982,0.00230999999999959,1087892,True
90,Background,10240,9.0477,9.04785,0.0001499999999996504,10838,True
95,Background,10240,9.04809,9.04824,0.0001499999999996504,10838,True
82,Background,1048576,9.04813,9.05042,0.0022900000000003473,1087892,True
95,Background,10485760,9.04917,9.07033,0.021160000000000068,10876994,True
80,Background,10240,9.05059,9.05074,0.0001499999999996504,10838,True
84,Background,102400,9.0507,9.05109,0.00038999999999944635,106400,True
68,Background,10240,9.05182,9.05198,0.0001600000000010482,10838,True
77,Background,102400,9.05182,9.05237,0.0005500000000004945,106400,True
96,Background,1048576,9.05206,9.05434,0.0022799999999989495,1087892,True
84,Background,1024,9.05245,9.0526,0.0001499999999996504,1244,True
95,Background,1024,9.05267,9.05282,0.0001499999999996504,1244,True
78,Background,10240,9.05409,9.05424,0.0001499999999996504,10838,True
88,Background,1024,9.05652,9.05667,0.0001499999999996504,1244,True
95,Background,1048576,9.05894,9.06147,0.0025300000000001432,1087892,True
89,Background,1024,9.0593,9.05945,0.0001499999999996504,1244,True
85,Background,10485760,9.05941,9.08058,0.02116999999999969,10876994,True
98,Background,10240,9.06147,9.06163,0.00015999999999927184,10838,True
88,Background,1048576,9.06267,9.065,0.002329999999998833,1087892,True
97,Background,102400,9.0646,9.06499,0.00038999999999944635,106400,True
72,Background,10485760,9.06784,9.08907,0.021229999999999194,10876994,True
82,Background,1048576,9.07034,9.07264,0.0022999999999999687,1087892,True
100,Background,1024,9.0718,9.07195,0.0001499999999996504,1244,True
97,Background,10240,9.07437,9.07453,0.00015999999999927184,10838,True
101,Background,1024,9.07574,9.0759,0.0001600000000010482,1244,True
91,Background,1024,9.07601,9.07616,0.0001499999999996504,1244,True
93,Background,102400,9.07762,9.07801,0.0003900000000012227,106400,True
79,Background,102400,9.08175,9.08222,0.00046999999999997044,106400,True
89,Background,104857600,9.08251,9.29378,0.21127000000000073,108768230,True
83,Background,102400,9.08286,9.08329,0.0004299999999997084,106400,True
95,Background,1024,9.08344,9.08359,0.0001499999999996504,1244,True
96,Background,1048576,9.08415,9.08644,0.0022900000000003473,1087892,True
97,Background,102400,9.08569,9.08608,0.0003900000000012227,106400,True
94,Background,102400,9.08743,9.08782,0.0003900000000012227,106400,True
98,Background,10485760,9.08831,9.10948,0.02116999999999969,10876994,True
89,Background,10240,9.08845,9.0886,0.0001499999999996504,10838,True
98,Background,10240,9.08852,9.08868,0.00015999999999927184,10838,True
86,Background,10240,9.08902,9.08918,0.0001600000000010482,10838,True
78,Background,1048576,9.0895,9.09181,0.0023100000000013665,1087892,True
96,Background,102400,9.09288,9.09345,0.0005700000000015137,106400,True
87,Background,104857600,9.09418,9.30542,0.2112400000000001,108768230,True
81,Background,102400,9.10113,9.10152,0.0003900000000012227,106400,True
86,Background,10240,9.10202,9.10218,0.0001600000000010482,10838,True
92,Background,10240,9.10454,9.1047,0.00015999999999927184,10838,True
98,Background,10485760,9.10662,9.12802,0.021399999999999864,10876994,True
81,Background,10240,9.10903,9.10919,0.00015999999999927184,10838,True
71,Background,10240,9.11156,9.11172,0.00015999999999927184,10838,True
90,Background,1048576,9.11185,9.11419,0.002340000000000231,1087892,True
90,Background,1048576,9.11454,9.11685,0.00230999999999959,1087892,True
91,Background,102400,9.11756,9.11795,0.0003900000000012227,106400,True
67,Background,102400,9.11922,9.11961,0.00038999999999944635,106400,True
98,Background,102400,9.12011,9.1205,0.00038999999999944635,106400,True
79,Background,1048576,9.12012,9.12241,0.0022900000000003473,1087892,True
97,Background,10485760,9.12058,9.14219,0.02160999999999902,10876994,True
96,Background,10240,9.1217,9.12186,0.00015999999999927184,10838,True
90,Background,10485760,9.12174,9.14354,0.02179999999999893,10876994,True
82,Background,102400,9.12319,9.12358,0.0003900000000012227,106400,True
80,Background,1048576,9.12532,9.12784,0.002520000000000522,1087892,True
79,Background,1048576,9.12649,9.12909,0.0025999999999992696,1087892,True
90,Background,10240,9.13038,9.13053,0.0001499999999996504,10838,True
69,Background,102400,9.13067,9.13106,0.00038999999999944635,106400,True
83,Background,102400,9.13154,9.13193,0.0003900000000012227,106400,True
85,Background,10240,9.13224,9.1324,0.0001600000000010482,10838,True
73,Background,10485760,9.13349,9.15595,0.02246000000000059,10876994,True
88,Background,104857600,9.13644,9.34766,0.21121999999999908,108768230,True
87,Background,10485760,9.14019,9.16419,0.023999999999999133,10876994,True
88,Background,10240,9.14027,9.14046,0.00018999999999991246,10838,True
78,Background,10485760,9.14082,9.16862,0.027800000000000935,10876994,True
95,Background,10240,9.14168,9.14212,0.0004400000000011062,10838,True
81,Background,1024,9.14266,9.14282,0.0001600000000010482,1244,True
97,Background,102400,9.14342,9.14383,0.0004099999999986892,106400,True
91,Background,1048576,9.14685,9.14998,0.003129999999998745,1087892,True
91,Background,102400,9.14735,9.14814,0.0007900000000002905,106400,True
72,Background,1048576,9.14824,9.15358,0.0053400000000003445,1087892,True
70,Background,102400,9.15863,9.15902,0.00038999999999944635,106400,True
89,Background,102400,9.15899,9.15952,0.0005300000000012517,106400,True
102,Background,10240,9.16644,9.1666,0.0001600000000010482,10838,True
81,Background,102400,9.16815,9.16854,0.00038999999999944635,106400,True
99,Background,1024,9.1715,9.17165,0.0001499999999996504,1244,True
83,Background,10240,9.17164,9.17179,0.0001499999999996504,10838,True
78,Background,1024,9.17426,9.17441,0.0001499999999996504,1244,True
94,Background,102400,9.17526,9.17565,0.00038999999999944635,106400,True
96,Background,1024,9.1766,9.17675,0.0001499999999996504,1244,True
86,Background,1024,9.17811,9.17826,0.0001499999999996504,1244,True
98,Background,102400,9.17876,9.17924,0.00047999999999959186,106400,True
75,Background,102400,9.1803,9.18069,0.00038999999999944635,106400,True
95,Background,10240,9.18588,9.18604,0.0001600000000010482,10838,True
103,Background,102400,9.18735,9.18774,0.00038999999999944635,106400,True
89,Background,102400,9.1889,9.18954,0.0006399999999988637,106400,True
85,Background,102400,9.19041,9.1908,0.00038999999999944635,106400,True
99,Background,1024,9.19109,9.19125,0.00015999999999927184,1244,True
94,Background,10240,9.19129,9.19145,0.00015999999999927184,10838,True
92,Background,102400,9.19506,9.19545,0.00038999999999944635,106400,True
82,Background,10240,9.19555,9.19571,0.00015999999999927184,10838,True
83,Background,1048576,9.19598,9.1984,0.0024199999999989785,1087892,True
92,Background,102400,9.1963,9.19669,0.00038999999999944635,106400,True
91,Background,10240,9.19829,9.19845,0.00015999999999927184,10838,True
80,Background,1024,9.20104,9.2012,0.00015999999999927184,1244,True
83,Background,10240,9.20382,9.20397,0.0001499999999996504,10838,True
99,Background,10240,9.20389,9.20404,0.00015000000000142677,10838,True
74,Background,10240,9.20568,9.20583,0.00015000000000142677,10838,True
92,Background,10485760,9.20772,9.22894,0.021219999999999573,10876994,True
97,Background,102400,9.20954,9.20993,0.00038999999999944635,106400,True
92,Background,102400,9.21002,9.21041,0.00038999999999944635,106400,True
82,Background,102400,9.21082,9.21137,0.0005500000000004945,106400,True
96,Background,10240,9.21196,9.21211,0.0001499999999996504,10838,True
79,Background,10240,9.21684,9.217,0.0001600000000010482,10838,True
95,Background,10240,9.22122,9.22137,0.0001499999999996504,10838,True
98,Background,10485760,9.22223,9.24339,0.021160000000000068,10876994,True
91,Background,1048576,9.22243,9.22478,0.0023500000000016286,1087892,True
85,Background,102400,9.22294,9.22363,0.0006900000000005235,106400,True
73,Background,10240,9.22393,9.22417,0.0002400000000015723,10838,True
92,Background,10240,9.22412,9.22437,0.0002500000000011937,10838,True
96,Background,10240,9.23052,9.23068,0.00015999999999927184,10838,True
80,Background,1048576,9.23344,9.23575,0.00230999999999959,1087892,True
104,Background,102400,9.23484,9.23532,0.00047999999999959186,106400,True
75,Background,102400,9.23678,9.23729,0.0005100000000002325,106400,True
90,Background,102400,9.2373,9.23769,0.0003900000000012227,106400,True
76,Background,102400,9.23845,9.23884,0.00038999999999944635,106400,True
83,Background,1048576,9.23991,9.24244,0.0025300000000001432,1087892,True
92,Background,10240,9.2404,9.24056,0.0001600000000010482,10838,True
82,Background,1024,9.24068,9.24083,0.00015000000000142677,1244,True
86,Background,1048576,9.24477,9.24716,0.002389999999998338,1087892,True
98,Background,102400,9.24792,9.24855,0.0006299999999992423,106400,True
78,Background,102400,9.2489,9.24954,0.0006399999999988637,106400,True
92,Background,1048576,9.25062,9.25294,0.002320000000000988,1087892,True
90,Background,102400,9.25124,9.25163,0.0003900000000012227,106400,True
79,Background,1048576,9.25266,9.255,0.002340000000000231,1087892,True
93,Background,10240,9.25646,9.25662,0.00015999999999927184,10838,True
68,Background,1048576,9.25723,9.25952,0.0022900000000003473,1087892,True
81,Background,1048576,9.25794,9.26036,0.002420000000000755,1087892,True
96,Background,102400,9.2637,9.26409,0.00038999999999944635,106400,True
74,Background,10240,9.267,9.26715,0.00015000000000142677,10838,True
93,Background,1024,9.26728,9.26744,0.0001600000000010482,1244,True
100,Background,10485760,9.26747,9.28865,0.021180000000001087,10876994,True
71,Background,1048576,9.26903,9.27131,0.0022799999999989495,1087892,True
80,Background,10485760,9.2708,9.2921,0.021300000000000097,10876994,True
97,Background,10240,9.27297,9.27313,0.00015999999999927184,10838,True
93,Background,102400,9.27402,9.27441,0.00038999999999944635,106400,True
87,Background,102400,9.27521,9.2756,0.0003900000000012227,106400,True
84,Background,1048576,9.27889,9.28142,0.0025300000000001432,1087892,True
85,Background,102400,9.28701,9.2874,0.00038999999999944635,106400,True
99,Background,10240,9.28735,9.28751,0.00015999999999927184,10838,True
78,Background,10240,9.28827,9.28843,0.00015999999999927184,10838,True
88,Background,10485760,9.28959,9.31078,0.021189999999998932,10876994,True
79,Background,102400,9.2925,9.29289,0.00038999999999944635,106400,True
80,Background,10240,9.29373,9.29388,0.0001499999999996504,10838,True
101,Background,10485760,9.29412,9.31528,0.021160000000000068,10876994,True
94,Background,102400,9.29424,9.29463,0.00038999999999944635,106400,True
96,Background,102400,9.29662,9.29702,0.00039999999999906777,106400,True
84,Background,10240,9.29665,9.29681,0.0001600000000010482,10838,True
79,Background,10240,9.29817,9.29833,0.00015999999999927184,10838,True
75,Background,1048576,9.29843,9.30073,0.0022999999999999687,1087892,True
84,Background,10240,9.2989,9.29906,0.0001600000000010482,10838,True
88,Background,1048576,9.29897,9.30139,0.0024199999999989785,1087892,True
84,Background,102400,9.30208,9.30247,0.00038999999999944635,106400,True
91,Background,10240,9.30286,9.30302,0.00015999999999927184,10838,True
100,Background,102400,9.30345,9.30384,0.00038999999999944635,106400,True
98,Background,104857600,9.30378,9.51379,0.21001000000000047,108768230,True
86,Background,10240,9.30646,9.30662,0.0001600000000010482,10838,True
93,Background,10240,9.30682,9.30698,0.00015999999999927184,10838,True
69,Background,102400,9.30857,9.30896,0.0003900000000012227,106400,True
93,Background,102400,9.30882,9.30938,0.000560000000000116,106400,True
80,Background,10240,9.30921,9.30937,0.00015999999999927184,10838,True
98,Background,102400,9.30963,9.31002,0.00038999999999944635,106400,True
99,Background,10240,9.3123,9.31246,0.00015999999999927184,10838,True
84,Background,1048576,9.31294,9.31547,0.0025300000000001432,1087892,True
81,Background,1024,9.31334,9.3135,0.00015999999999927184,1244,True
97,Background,1048576,9.31615,9.31844,0.0022900000000003473,1087892,True
88,Background,1048576,9.31869,9.32103,0.002340000000000231,1087892,True
97,Background,10240,9.31927,9.31943,0.0001600000000010482,10838,True
85,Background,10240,9.32143,9.32159,0.0001600000000010482,10838,True
79,Background,1024,9.32234,9.32249,0.0001499999999996504,1244,True
80,Background,102400,9.32528,9.32567,0.0003900000000012227,106400,True
81,Background,10240,9.32809,9.32824,0.0001499999999996504,10838,True
85,Background,102400,9.32915,9.32954,0.00038999999999944635,106400,True
87,Background,102400,9.33015,9.33054,0.00038999999999944635,106400,True
89,Background,1024,9.33131,9.33146,0.0001499999999996504,1244,True
88,Background,102400,9.33218,9.33257,0.0003900000000012227,106400,True
76,Background,1048576,9.33511,9.3374,0.0022900000000003473,1087892,True
94,Background,10485760,9.33702,9.35818,0.021160000000000068,10876994,True
100,Background,10485760,9.3372,9.35836,0.021160000000000068,10876994,True
86,Background,102400,9.33956,9.33995,0.00038999999999944635,106400,True
72,Background,1024,9.34372,9.34387,0.00015000000000142677,1244,True
77,Background,10485760,9.34413,9.36529,0.021160000000000068,10876994,True
101,Background,102400,9.34709,9.34748,0.00038999999999944635,106400,True
94,Background,1048576,9.34779,9.35021,0.002420000000000755,1087892,True
70,Background,10240,9.34835,9.34851,0.00015999999999927184,10838,True
102,Background,102400,9.34905,9.34944,0.00038999999999944635,106400,True
97,Background,1024,9.35295,9.3531,0.0001499999999996504,1244,True
85,Background,102400,9.35519,9.35558,0.00038999999999944635,106400,True
99,Background,10240,9.35593,9.35608,0.0001499999999996504,10838,True
96,Background,1024,9.3564,9.35655,0.0001499999999996504,1244,True
86,Background,102400,9.3591,9.35949,0.00038999999999944635,106400,True
85,Background,10485760,9.36209,9.38325,0.021160000000000068,10876994,True
82,Background,1024,9.36493,9.36508,0.00015000000000142677,1244,True
86,Background,102400,9.36533,9.36572,0.00038999999999944635,106400,True
85,Background,1048576,9.36669,9.36903,0.002340000000000231,1087892,True
80,Background,10240,9.3677,9.36786,0.0001600000000010482,10838,True
84,Background,1048576,9.36801,9.37029,0.002280000000000726,1087892,True
93,Background,10240,9.36932,9.36947,0.0001499999999996504,10838,True
81,Background,1048576,9.3703,9.37259,0.0022900000000003473,1087892,True
99,Background,1048576,9.37128,9.37357,0.0022900000000003473,1087892,True
87,Background,1048576,9.37178,9.37418,0.002400000000001512,1087892,True
99,Background,102400,9.37203,9.37242,0.00038999999999944635,106400,True
71,Background,1048576,9.37444,9.37675,0.00230999999999959,1087892,True
89,Background,102400,9.37601,9.3764,0.00038999999999944635,106400,True
98,Background,102400,9.38007,9.38046,0.00038999999999944635,106400,True
102,Background,102400,9.38026,9.38065,0.00038999999999944635,106400,True
99,Background,1024,9.38494,9.38509,0.0001499999999996504,1244,True
100,Background,102400,9.38559,9.38598,0.00038999999999944635,106400,True
99,Background,10485760,9.38647,9.40765,0.021180000000001087,10876994,True
89,Background,10240,9.38763,9.38778,0.0001499999999996504,10838,True
86,Background,1024,9.39036,9.39052,0.0001600000000010482,1244,True
81,Background,1024,9.39164,9.39179,0.0001499999999996504,1244,True
98,Background,1048576,9.3927,9.39505,0.002349999999999852,1087892,True
81,Background,102400,9.39288,9.39351,0.0006299999999992423,106400,True
101,Background,102400,9.40308,9.40347,0.0003900000000012227,106400,True
89,Background,1048576,9.40338,9.40568,0.0022999999999999687,1087892,True
95,Background,1024,9.40821,9.40836,0.0001499999999996504,1244,True
100,Background,102400,9.40834,9.40873,0.00038999999999944635,106400,True
77,Background,10240,9.41084,9.41099,0.0001499999999996504,10838,True
103,Background,102400,9.41137,9.41176,0.00038999999999944635,106400,True
81,Background,10485760,9.41318,9.43434,0.021160000000000068,10876994,True
87,Background,1048576,9.41568,9.41803,0.002349999999999852,1087892,True
87,Background,10240,9.41666,9.41681,0.0001499999999996504,10838,True
85,Background,102400,9.41785,9.41829,0.0004400000000011062,106400,True
90,Background,10240,9.42068,9.42084,0.00015999999999927184,10838,True
95,Background,102400,9.421,9.42152,0.0005199999999998539,106400,True
99,Background,102400,9.42232,9.42271,0.0003900000000012227,106400,True
102,Background,10240,9.425,9.42516,0.00015999999999927184,10838,True
91,Background,10240,9.42979,9.42995,0.00015999999999927184,10838,True
72,Background,10485760,9.4321,9.45326,0.021160000000000068,10876994,True
94,Background,1048576,9.43261,9.43493,0.0023199999999992116,1087892,True
95,Background,10240,9.43477,9.43493,0.00015999999999927184,10838,True
73,Background,1024,9.43607,9.43623,0.00015999999999927184,1244,True
78,Background,10240,9.43751,9.43767,0.0001600000000010482,10838,True
77,Background,102400,9.43881,9.43934,0.0005299999999994753,106400,True
103,Background,10240,9.44003,9.44019,0.00015999999999927184,10838,True
73,Background,10240,9.44035,9.4405,0.0001499999999996504,10838,True
87,Background,10240,9.44296,9.44311,0.00015000000000142677,10838,True
88,Background,1024,9.44375,9.4439,0.0001499999999996504,1244,True
99,Background,1024,9.44723,9.44738,0.00015000000000142677,1244,True
100,Background,1024,9.44731,9.44746,0.0001499999999996504,1244,True
89,Background,10240,9.44982,9.44998,0.00015999999999927184,10838,True
95,Background,102400,9.45094,9.45147,0.0005300000000012517,106400,True
90,Background,10240,9.45094,9.4511,0.0001600000000010482,10838,True
95,Background,102400,9.45256,9.45295,0.00038999999999944635,106400,True
88,Background,1024,9.45306,9.45321,0.0001499999999996504,1244,True
74,Background,102400,9.45407,9.45446,0.00038999999999944635,106400,True
96,Background,10240,9.45622,9.45637,0.0001499999999996504,10838,True
86,Background,1048576,9.46579,9.46821,0.0024199999999989785,1087892,True
105,Background,10240,9.46865,9.4688,0.0001499999999996504,10838,True
89,Background,102400,9.4695,9.46989,0.00038999999999944635,106400,True
93,Background,102400,9.47176,9.47223,0.00046999999999997044,106400,True
101,Background,10485760,9.4733,9.49447,0.02116999999999969,10876994,True
103,Background,102400,9.47386,9.47428,0.00042000000000008697,106400,True
84,Background,10485760,9.47424,9.4954,0.021160000000000068,10876994,True
100,Background,102400,9.47767,9.47806,0.00038999999999944635,106400,True
83,Background,10240,9.47971,9.47987,0.00015999999999927184,10838,True
90,Background,102400,9.48236,9.48275,0.00038999999999944635,106400,True
93,Background,1048576,9.48503,9.48731,0.002280000000000726,1087892,True
92,Background,1024,9.48579,9.48594,0.0001499999999996504,1244,True
84,Background,1024,9.48609,9.48624,0.0001499999999996504,1244,True
94,Background,102400,9.48659,9.48698,0.0003900000000012227,106400,True
94,Background,1048576,9.48971,9.49206,0.002349999999999852,1087892,True
83,Background,1048576,9.49045,9.49276,0.0023100000000013665,1087892,True
91,Background,10240,9.49084,9.491,0.00015999999999927184,10838,True
100,Background,102400,9.49153,9.49192,0.0003900000000012227,106400,True
89,Background,102400,9.49475,9.49522,0.00046999999999997044,106400,True
102,Background,1048576,9.49859,9.50091,0.0023199999999992116,1087892,True
101,Background,10485760,9.49968,9.52089,0.02120999999999995,10876994,True
86,Background,104857600,9.50064,9.71059,0.2099499999999992,108768230,True
100,Background,102400,9.50101,9.5014,0.00038999999999944635,106400,True
83,Background,102400,9.50344,9.50383,0.0003900000000012227,106400,True
88,Background,1048576,9.50485,9.5072,0.002349999999999852,1087892,True
96,Background,102400,9.50859,9.50899,0.0004000000000008441,106400,True
90,Background,102400,9.51339,9.51378,0.0003900000000012227,106400,True
91,Background,10240,9.51358,9.51374,0.0001600000000010482,10838,True
102,Background,102400,9.51769,9.51808,0.00038999999999944635,106400,True
78,Background,10240,9.52011,9.52026,0.0001499999999996504,10838,True
92,Background,102400,9.52114,9.52153,0.00038999999999944635,106400,True
75,Background,1024,9.52217,9.52232,0.00015000000000142677,1244,True
100,Background,1024,9.52229,9.52245,0.00015999999999927184,1244,True
85,Background,102400,9.53343,9.53382,0.0003900000000012227,106400,True
96,Background,10240,9.53423,9.53439,0.00015999999999927184,10838,True
94,Background,10240,9.53549,9.53564,0.00015000000000142677,10838,True
84,Background,102400,9.53724,9.53763,0.00038999999999944635,106400,True
87,Background,1048576,9.53859,9.54092,0.0023300000000006094,1087892,True
79,Background,10485760,9.53864,9.55984,0.02120000000000033,10876994,True
85,Background,1048576,9.54033,9.54262,0.002289999999998571,1087892,True
82,Background,1048576,9.54176,9.54413,0.002369999999999095,1087892,True
101,Background,1048576,9.54256,9.54488,0.0023199999999992116,1087892,True
96,Background,1024,9.54494,9.54509,0.0001499999999996504,1244,True
74,Background,10240,9.54506,9.54521,0.00015000000000142677,10838,True
86,Background,10240,9.55255,9.5527,0.0001499999999996504,10838,True
104,Background,1048576,9.55541,9.55772,0.00230999999999959,1087892,True
86,Background,1048576,9.55576,9.55814,0.002380000000000493,1087892,True
106,Background,1048576,9.55704,9.55933,0.002289999999998571,1087892,True
83,Background,102400,9.55735,9.55774,0.0003900000000012227,106400,True
86,Background,1048576,9.55959,9.56191,0.0023199999999992116,1087892,True
104,Background,10240,9.55987,9.56003,0.00015999999999927184,10838,True
87,Background,1048576,9.562,9.56429,0.0022900000000003473,1087892,True
98,Background,102400,9.56304,9.56343,0.00038999999999944635,106400,True
100,Background,102400,9.56472,9.56514,0.00042000000000008697,106400,True
87,Background,102400,9.56546,9.56585,0.00038999999999944635,106400,True
82,Background,102400,9.56753,9.56792,0.0003900000000012227,106400,True
84,Background,10240,9.5713,9.57146,0.00015999999999927184,10838,True
79,Background,1024,9.57154,9.5717,0.00015999999999927184,1244,True
105,Background,10240,9.57292,9.57308,0.00015999999999927184,10838,True
90,Background,10485760,9.57625,9.59742,0.02116999999999969,10876994,True
101,Background,1024,9.57727,9.57742,0.0001499999999996504,1244,True
103,Background,102400,9.58068,9.58107,0.0003900000000012227,106400,True
85,Background,1024,9.58111,9.58126,0.0001499999999996504,1244,True
87,Background,1048576,9.58335,9.58564,0.0022900000000003473,1087892,True
95,Background,102400,9.58481,9.58534,0.0005300000000012517,106400,True
86,Background,102400,9.58568,9.58607,0.00038999999999944635,106400,True
82,Background,102400,9.58743,9.58782,0.0003900000000012227,106400,True
101,Background,102400,9.59302,9.59341,0.0003900000000012227,106400,True
105,Background,10240,9.5936,9.59375,0.0001499999999996504,10838,True
92,Background,102400,9.59397,9.59449,0.0005199999999998539,106400,True
90,Background,10240,9.59598,9.59614,0.00015999999999927184,10838,True
104,Background,10240,9.59774,9.5979,0.00015999999999927184,10838,True
80,Background,104857600,9.59962,9.81102,0.21139999999999937,108768230,True
101,Background,1024,9.60047,9.60062,0.0001499999999996504,1244,True
82,Background,10240,9.60071,9.60087,0.0001600000000010482,10838,True
83,Background,102400,9.6025,9.60289,0.0003900000000012227,106400,True
84,Background,102400,9.60712,9.60751,0.00038999999999944635,106400,True
104,Background,1048576,9.6073,9.6096,0.0022999999999999687,1087892,True
88,Background,10240,9.61094,9.61109,0.00015000000000142677,10838,True
76,Background,102400,9.6124,9.61279,0.0003900000000012227,106400,True
88,Background,1048576,9.61249,9.6148,0.0023100000000013665,1087892,True
96,Background,1024,9.6179,9.61805,0.0001499999999996504,1244,True
100,Background,10485760,9.62501,9.64616,0.021150000000000446,10876994,True
87,Background,102400,9.62541,9.6258,0.00038999999999944635,106400,True
87,Background,1024,9.62552,9.62567,0.0001499999999996504,1244,True
85,Background,102400,9.62602,9.62641,0.00038999999999944635,106400,True
105,Background,1048576,9.62699,9.62941,0.002420000000000755,1087892,True
95,Background,10240,9.62833,9.62849,0.00015999999999927184,10838,True
88,Background,10240,9.63149,9.63164,0.00015000000000142677,10838,True
89,Background,10240,9.63655,9.6367,0.0001499999999996504,10838,True
88,Background,1024,9.63675,9.6369,0.00015000000000142677,1244,True
83,Background,10240,9.63761,9.63777,0.00015999999999927184,10838,True
75,Background,10240,9.64229,9.64245,0.0001600000000010482,10838,True
88,Background,102400,9.64565,9.64604,0.00038999999999944635,106400,True
97,Background,10240,9.6469,9.64706,0.00015999999999927184,10838,True
97,Background,102400,9.6484,9.64879,0.00038999999999944635,106400,True
93,Background,10240,9.64989,9.65005,0.0001600000000010482,10838,True
84,Background,1024,9.65032,9.65047,0.0001499999999996504,1244,True
103,Background,10485760,9.65074,9.67198,0.021239999999998815,10876994,True
97,Background,102400,9.65287,9.65344,0.0005699999999997374,106400,True
102,Background,102400,9.65656,9.65695,0.00038999999999944635,106400,True
96,Background,102400,9.65737,9.65776,0.00038999999999944635,106400,True
90,Background,1048576,9.65985,9.66218,0.002329999999998833,1087892,True
105,Background,1024,9.65986,9.66002,0.00015999999999927184,1244,True
80,Background,1048576,9.66054,9.66286,0.002320000000000988,1087892,True
85,Background,1048576,9.66716,9.66945,0.002289999999998571,1087892,True
106,Background,102400,9.66773,9.66817,0.0004399999999993298,106400,True
98,Background,102400,9.66931,9.6697,0.0003900000000012227,106400,True
86,Background,10240,9.67253,9.67268,0.0001499999999996504,10838,True
96,Background,10485760,9.67406,9.69521,0.02114999999999867,10876994,True
95,Background,10485760,9.6761,9.69726,0.021160000000000068,10876994,True
90,Background,1048576,9.67721,9.6795,0.0022900000000003473,1087892,True
89,Background,102400,9.67787,9.67828,0.00041000000000046555,106400,True
101,Background,102400,9.6796,9.67999,0.00038999999999944635,106400,True
102,Background,102400,9.68046,9.68085,0.00038999999999944635,106400,True
98,Background,10240,9.68158,9.68174,0.00015999999999927184,10838,True
99,Background,10240,9.68814,9.68829,0.0001499999999996504,10838,True
103,Background,10485760,9.68846,9.70964,0.021180000000001087,10876994,True
99,Background,10240,9.69221,9.69237,0.0001600000000010482,10838,True
94,Background,1024,9.69502,9.69517,0.0001499999999996504,1244,True
107,Background,10240,9.69528,9.69544,0.00015999999999927184,10838,True
90,Background,1048576,9.69664,9.69897,0.002329999999998833,1087892,True
91,Background,102400,9.69681,9.69736,0.0005500000000004945,106400,True
84,Background,1048576,9.70499,9.70741,0.0024199999999989785,1087892,True
99,Background,10485760,9.70581,9.72712,0.021309999999999718,10876994,True
102,Background,102400,9.70611,9.7065,0.00038999999999944635,106400,True
91,Background,10240,9.70675,9.70691,0.0001600000000010482,10838,True
86,Background,10485760,9.70683,9.72811,0.021279999999999077,10876994,True
89,Background,10240,9.71058,9.71074,0.00015999999999927184,10838,True
88,Background,1024,9.71379,9.71395,0.0001600000000010482,1244,True
100,Background,1024,9.73093,9.73109,0.00015999999999927184,1244,True
101,Background,102400,9.73444,9.73483,0.0003900000000012227,106400,True
91,Background,104857600,9.73669,9.9521,0.21541000000000032,108768230,True
94,Background,1048576,9.73718,9.73947,0.0022900000000003473,1087892,True
101,Background,10240,9.73859,9.73875,0.00015999999999927184,10838,True
91,Background,102400,9.73882,9.73937,0.0005499999999987182,106400,True
89,Background,10240,9.74049,9.74065,0.0001600000000010482,10838,True
103,Background,1048576,9.74157,9.74389,0.002320000000000988,1087892,True
96,Background,102400,9.74271,9.7431,0.00038999999999944635,106400,True
85,Background,10240,9.74343,9.74359,0.00015999999999927184,10838,True
92,Background,10240,9.74691,9.74707,0.0001600000000010482,10838,True
88,Background,102400,9.74791,9.74854,0.0006300000000010186,106400,True
87,Background,102400,9.7489,9.74953,0.0006299999999992423,106400,True
97,Background,10240,9.7502,9.75036,0.0001600000000010482,10838,True
89,Background,1048576,9.75023,9.75252,0.0022900000000003473,1087892,True
98,Background,10240,9.7503,9.75045,0.00015000000000142677,10838,True
100,Background,102400,9.75042,9.75081,0.00038999999999944635,106400,True
81,Background,104857600,9.75103,9.97002,0.2189899999999998,108768230,True
102,Background,1048576,9.75398,9.7564,0.0024199999999989785,1087892,True
85,Background,1024,9.75419,9.75434,0.0001499999999996504,1244,True
91,Background,102400,9.75463,9.75502,0.00038999999999944635,106400,True
95,Background,102400,9.75542,9.75581,0.00038999999999944635,106400,True
92,Background,102400,9.75774,9.7582,0.000460000000000349,106400,True
90,Background,102400,9.75934,9.75973,0.00038999999999944635,106400,True
92,Background,102400,9.76193,9.76256,0.0006300000000010186,106400,True
82,Background,10240,9.76318,9.76334,0.00015999999999927184,10838,True
106,Background,1048576,9.76353,9.76584,0.0023100000000013665,1087892,True
89,Background,10240,9.76565,9.7658,0.0001499999999996504,10838,True
101,Background,102400,9.76642,9.76681,0.00038999999999944635,106400,True
87,Background,10485760,9.76807,9.7905,0.02242999999999995,10876994,True
86,Background,1024,9.76818,9.76834,0.0001600000000010482,1244,True
87,Background,10485760,9.77043,9.79316,0.022730000000001027,10876994,True
104,Background,1048576,9.7707,9.77321,0.0025100000000009004,1087892,True
96,Background,1048576,9.77175,9.77458,0.002829999999999444,1087892,True
93,Background,10240,9.77735,9.77751,0.00015999999999927184,10838,True
93,Background,102400,9.77782,9.77837,0.0005500000000004945,106400,True
91,Background,10485760,9.7811,9.80369,0.022589999999999222,10876994,True
101,Background,10240,9.78203,9.7822,0.00016999999999889326,10838,True
87,Background,1048576,9.78267,9.78717,0.0045000000000001705,1087892,True
93,Background,102400,9.78287,9.78406,0.0011899999999993582,106400,True
98,Background,102400,9.78481,9.78594,0.0011299999999998533,106400,True
92,Background,104857600,9.78547,10.0,0.2145299999999999,101092222,False
92,Background,1024,9.78839,9.78872,0.00032999999999994145,1244,True
102,Background,102400,9.79127,9.79174,0.00046999999999997044,106400,True
77,Background,1048576,9.79151,9.79421,0.0026999999999990365,1087892,True
102,Background,102400,9.79275,9.79477,0.0020199999999999108,106400,True
82,Background,10240,9.79606,9.79622,0.00015999999999927184,10838,True
91,Background,10240,9.79736,9.79752,0.0001600000000010482,10838,True
104,Background,10240,9.79822,9.79837,0.0001499999999996504,10838,True
88,Background,1048576,9.79872,9.80108,0.00236000000000125,1087892,True
102,Background,102400,9.79928,9.79975,0.00046999999999997044,106400,True
97,Background,10240,9.80009,9.8003,0.0002099999999991553,10838,True
88,Background,10485760,9.80215,9.82332,0.021170000000001465,10876994,True
103,Background,102400,9.80347,9.80387,0.00039999999999906777,106400,True
97,Background,1024,9.80572,9.80588,0.00015999999999927184,1244,True
106,Background,10240,9.81095,9.81111,0.00015999999999927184,10838,True
90,Background,102400,9.81135,9.81175,0.0004000000000008441,106400,True
99,Background,102400,9.81165,9.81204,0.00038999999999944635,106400,True
89,Background,1024,9.81286,9.81301,0.0001499999999996504,1244,True
82,Background,1048576,9.81745,9.81976,0.0023100000000013665,1087892,True
93,Background,1048576,9.82736,9.82966,0.0022999999999999687,1087892,True
90,Background,10240,9.82811,9.82826,0.0001499999999996504,10838,True
108,Background,1048576,9.8297,9.83206,0.0023599999999994736,1087892,True
103,Background,102400,9.83051,9.8309,0.00038999999999944635,106400,True
89,Background,10485760,9.835,9.85616,0.02115999999999829,10876994,True
90,Background,102400,9.83747,9.83786,0.00038999999999944635,106400,True
88,Background,10240,9.83976,9.83992,0.00015999999999927184,10838,True
109,Background,10240,9.84037,9.84053,0.00015999999999927184,10838,True
103,Background,10485760,9.84174,9.86298,0.021240000000000592,10876994,True
93,Background,10240,9.84303,9.84319,0.00015999999999927184,10838,True
103,Background,10240,9.84385,9.84401,0.0001600000000010482,10838,True
102,Background,10240,9.84519,9.84535,0.00015999999999927184,10838,True
89,Background,10240,9.84828,9.84843,0.0001499999999996504,10838,True
94,Background,102400,9.8487,9.84909,0.0003900000000012227,106400,True
100,Background,10240,9.84903,9.84919,0.00015999999999927184,10838,True
97,Background,102400,9.85048,9.85087,0.0003900000000012227,106400,True
93,Background,10240,9.85424,9.8544,0.00015999999999927184,10838,True
83,Background,10240,9.85547,9.85563,0.00015999999999927184,10838,True
98,Background,10240,9.85686,9.85702,0.0001600000000010482,10838,True
104,Background,1024,9.85704,9.85719,0.0001499999999996504,1244,True
84,Background,1024,9.8575,9.85766,0.00015999999999927184,1244,True
86,Background,10240,9.8582,9.85836,0.00015999999999927184,10838,True
97,Background,1048576,9.86604,9.86832,0.002280000000000726,1087892,True
107,Background,10240,9.86707,9.86723,0.00015999999999927184,10838,True
76,Background,10240,9.8683,9.86845,0.0001499999999996504,10838,True
90,Background,1048576,9.86915,9.87144,0.0022900000000003473,1087892,True
95,Background,102400,9.87,9.87039,0.0003900000000012227,106400,True
94,Background,1048576,9.87141,9.87371,0.002300000000001745,1087892,True
77,Background,1024,9.87296,9.87311,0.0001499999999996504,1244,True
78,Background,102400,9.87314,9.87353,0.0003900000000012227,106400,True
93,Background,1048576,9.87853,9.88084,0.00230999999999959,1087892,True
97,Background,102400,9.88088,9.88149,0.0006099999999999994,106400,True
101,Background,1024,9.88313,9.88328,0.0001499999999996504,1244,True
98,Background,1024,9.88351,9.88366,0.00015000000000142677,1244,True
104,Background,102400,9.88459,9.88498,0.0003900000000012227,106400,True
91,Background,1024,9.88534,9.88549,0.00015000000000142677,1244,True
92,Background,1048576,9.88746,9.88977,0.00230999999999959,1087892,True
105,Background,1024,9.88758,9.88773,0.0001499999999996504,1244,True
99,Background,102400,9.89022,9.89061,0.0003900000000012227,106400,True
106,Background,102400,9.89316,9.89355,0.00038999999999944635,106400,True
83,Background,10240,9.89657,9.89672,0.0001499999999996504,10838,True
100,Background,1048576,9.89917,9.90146,0.0022900000000003473,1087892,True
96,Background,1048576,9.90187,9.90426,0.0023900000000001143,1087892,True
99,Background,10240,9.90495,9.90511,0.0001600000000010482,10838,True
84,Background,10485760,9.90525,9.92643,0.02117999999999931,10876994,True
106,Background,1024,9.90831,9.90846,0.0001499999999996504,1244,True
88,Background,1024,9.90842,9.90858,0.0001600000000010482,1244,True
102,Background,10240,9.9094,9.90955,0.0001499999999996504,10838,True
104,Background,102400,9.91106,9.91145,0.00038999999999944635,106400,True
108,Background,102400,9.91168,9.91207,0.00038999999999944635,106400,True
90,Background,1024,9.91173,9.91188,0.0001499999999996504,1244,True
94,Background,10240,9.91252,9.91268,0.00015999999999927184,10838,True
92,Background,102400,9.91299,9.91352,0.0005299999999994753,106400,True
92,Background,104857600,9.91302,10.0,0.0869800000000005,40669766,False
98,Background,102400,9.91535,9.91574,0.00038999999999944635,106400,True
100,Background,1048576,9.91633,9.91863,0.0022999999999999687,1087892,True
89,Background,102400,9.92037,9.92076,0.00038999999999944635,106400,True
105,Background,1048576,9.92088,9.9234,0.002520000000000522,1087892,True
95,Background,102400,9.92107,9.9215,0.0004299999999997084,106400,True
104,Background,1024,9.92139,9.9216,0.0002099999999991553,1244,True
91,Background,10240,9.92141,9.92164,0.0002300000000001745,10838,True
91,Background,10240,9.92287,9.92309,0.0002200000000005531,10838,True
79,Background,10240,9.92364,9.92379,0.0001499999999996504,10838,True
89,Background,10485760,9.92435,9.94916,0.024809999999998666,10876994,True
92,Background,102400,9.92435,9.9248,0.00044999999999895124,106400,True
103,Background,10485760,9.92893,9.95593,0.027000000000001023,10876994,True
107,Background,10240,9.92954,9.9297,0.0001600000000010482,10838,True
78,Background,102400,9.92971,9.93024,0.0005299999999994753,106400,True
92,Background,1048576,9.93031,9.93415,0.0038400000000002876,1087892,True
90,Background,10485760,9.93053,9.97564,0.045110000000001094,10876994,True
104,Background,102400,9.93586,9.93694,0.0010799999999999699,106400,True
105,Background,102400,9.93622,9.93889,0.0026700000000001722,106400,True
107,Background,102400,9.93764,9.93811,0.00046999999999997044,106400,True
110,Background,102400,9.93985,9.94091,0.001060000000000727,106400,True
93,Background,1024,9.94081,9.94116,0.0003499999999991843,1244,True
98,Background,10485760,9.94185,9.98162,0.03976999999999897,10876994,True
83,Background,1048576,9.94187,9.95658,0.014710000000000889,1087892,True
99,Background,10240,9.9438,9.94414,0.00034000000000133923,10838,True
91,Background,10240,9.94428,9.94467,0.0003900000000012227,10838,True
98,Background,10485760,9.94521,9.97639,0.031180000000000874,10876994,True
103,Background,1048576,9.94591,9.95361,0.007699999999999818,1087892,True
85,Background,104857600,9.94735,10.0,0.052649999999999864,20446838,False
106,Background,10240,9.94834,9.94851,0.00017000000000066962,10838,True
95,Background,102400,9.9485,9.94916,0.0006599999999998829,106400,True
94,Background,1024,9.95229,9.95244,0.0001499999999996504,1244,True
84,Background,1024,9.95755,9.95786,0.0003100000000006986,1244,True
100,Background,1048576,9.95802,9.96414,0.0061200000000010135,1087892,True
97,Background,102400,9.95895,9.95979,0.0008400000000001739,106400,True
102,Background,1024,9.95973,9.96015,0.00042000000000008697,1244,True
105,Background,1048576,9.96026,9.96294,0.0026799999999997937,1087892,True
92,Background,102400,9.96231,9.96289,0.0005799999999993588,106400,True
101,Background,102400,9.96385,9.96479,0.0009399999999999409,106400,True
91,Background,10240,9.96712,9.96729,0.00017000000000066962,10838,True
104,Background,1024,9.97148,9.97163,0.0001499999999996504,1244,True
86,Background,1024,9.97166,9.97181,0.0001499999999996504,1244,True
93,Background,10240,9.97187,9.97203,0.0001600000000010482,10838,True
111,Background,1048576,9.97405,9.9769,0.0028500000000004633,1087892,True
96,Background,102400,9.97479,9.97683,0.0020399999999991536,106400,True
105,Background,102400,9.97483,9.97679,0.0019599999999986295,106400,True
101,Background,1024,9.97544,9.97559,0.0001499999999996504,1244,True
102,Background,1024,9.97577,9.97595,0.00017999999999851468,1244,True
93,Background,102400,9.97666,9.97706,0.00039999999999906777,106400,True
99,Background,102400,9.97962,9.98001,0.00038999999999944635,106400,True
94,Background,102400,9.98201,9.9824,0.00038999999999944635,106400,True
95,Background,1024,9.98281,9.98296,0.0001499999999996504,1244,True
94,Background,102400,9.98321,9.9836,0.00038999999999944635,106400,True
89,Background,102400,9.98333,9.98372,0.00038999999999944635,106400,True
95,Background,102400,9.98469,9.98508,0.00038999999999944635,106400,True
87,Background,10240,9.98622,9.98638,0.0001600000000010482,10838,True
79,Background,10240,9.98882,9.98898,0.00015999999999927184,10838,True
102,Background,102400,9.99106,9.99145,0.0003900000000012227,106400,True
112,Background,102400,9.99248,9.99287,0.00038999999999944635,106400,True
103,Background,102400,9.99293,9.99356,0.0006300000000010186,106400,True
90,Background,102400,9.99662,9.99701,0.00038999999999944635,106400,True
