FlowId,Type,Size,StartTime,EndTime,FCT,RxBytes,FinReceived
0,Background,1024,0.00116542,0.002481904,0.0013164840000000001,1244,True
0,Background,102400,0.00120352,0.00279646,0.0015929400000000002,106400,True
0,Background,102400,0.00194196,0.004513544,0.0025715840000000005,106400,True
0,Background,1024,0.00405939,0.008269846,0.0042104560000000004,1244,True
0,Background,1048576,0.0056152,0.013520116,0.007904916000000001,1087892,True
0,Background,10240,0.00731239,0.014779131,0.007466740999999999,10838,True
0,Background,10240,0.0080353,0.016224959,0.008189659,10838,True
0,Background,1048576,0.0161569,0.034608718,0.018451818,1087892,True
0,Background,102400,0.0174839,0.03549071,0.01800681,106400,True
0,Background,102400,0.0175665,0.035522436,0.017955936,106400,True
0,Background,10485760,0.0177041,0.056583126,0.038879026,10876994,True
0,Background,1024,0.0190117,0.03817451,0.019162810000000002,1244,True
1,Background,10240,0.0239604,0.048076205,0.024115804999999997,10838,True
0,Background,1024,0.0240453,0.048241658,0.024196358,1244,True
2,Background,1048576,0.0241702,0.048076205,0.023906004999999998,10838,True
0,Background,1024,0.0327264,0.065603834,0.032877434,1244,True
0,Background,102400,0.035131,0.070651492,0.035520491999999994,106400,True
0,Background,10240,0.0361243,0.072402959,0.036278659000000005,10838,True
0,Background,102400,0.0376712,0.075731736,0.03806053599999999,106400,True
1,Background,10485760,0.0385418,0.098242246,0.059700446000000004,10876994,True
0,Background,10485760,0.0400219,0.101200702,0.061178802000000004,10876994,True
0,Background,1048576,0.0405467,0.083377954,0.042831254000000006,1087892,True
0,Background,10240,0.0413306,0.082817158,0.041486558,10838,True
1,Background,1024,0.0435665,0.087284263,0.043717763,1244,True
0,Background,1048576,0.0464814,0.095381479,0.048900079000000006,1087892,True
0,Background,10240,0.0466608,0.093477408,0.046816607999999996,10838,True
0,Background,102400,0.0535914,0.107572248,0.053980848,106400,True
0,Background,1024,0.0544888,0.109128758,0.05463995800000001,1244,True
0,Background,10485760,0.0587675,0.138721864,0.079954364,10876994,True
0,Background,1024,0.0588472,0.11784547,0.05899826999999999,1244,True
0,Background,102400,0.059377,0.119228705,0.059851705000000005,106400,True
0,Background,1048576,0.0595489,0.121382228,0.06183332799999999,1087892,True
0,Background,1024,0.0595722,0.119297107,0.059724907,1244,True
1,Background,1024,0.0620248,0.124200576,0.062175775999999995,1244,True
1,Background,10485760,0.0622254,0.095381479,0.033156079000000005,1087892,True
0,Background,102400,0.0626946,0.125778824,0.06308422400000001,106400,True
1,Background,1024,0.0652306,0.130612192,0.06538159199999999,1244,True
0,Background,102400,0.0654726,0.13146864,0.06599603999999999,106400,True
1,Background,1024,0.0657687,0.109128758,0.04336005800000001,1244,True
0,Background,102400,0.070679,0.141747386,0.071068386,106400,True
1,Background,10240,0.0709137,0.141982188,0.07106848800000001,10838,True
0,Background,102400,0.0747293,0.149848044,0.07511874400000002,106400,True
0,Background,102400,0.0749491,0.150527746,0.07557864599999999,106400,True
1,Background,1048576,0.0763794,0.155132729,0.078753329,1087892,True
0,Background,1048576,0.0772935,0.156905971,0.079612471,1087892,True
0,Background,10240,0.0785203,0.157194967,0.07867466699999999,10838,True
1,Background,1024,0.0786286,0.107572248,0.02894364799999999,106400,True
1,Background,102400,0.0793027,0.121382228,0.04207952799999999,1087892,True
2,Background,1048576,0.0814018,0.095381479,0.013979679000000009,1087892,True
1,Background,1048576,0.0845644,0.149848044,0.06528364400000002,106400,True
1,Background,1048576,0.0858388,0.141747386,0.055908585999999996,106400,True
1,Background,1024,0.086212,0.172575596,0.086363596,1244,True
0,Background,1024,0.0871528,0.174456592,0.08730379199999999,1244,True
1,Background,1024,0.0890616,0.178274232,0.089212632,1244,True
2,Background,102400,0.0902544,0.124200576,0.033946175999999995,1244,True
0,Background,102400,0.0910086,0.182406522,0.09139792199999999,106400,True
1,Background,10240,0.0942076,0.188569455,0.094361855,10838,True
2,Background,102400,0.0961224,0.192634252,0.09651185200000001,106400,True
1,Background,10240,0.0974571,0.138721864,0.041264763999999995,10876994,True
2,Background,1048576,0.0977069,0.107572248,0.009865347999999996,106400,True
0,Background,102400,0.0978488,0.196087022,0.098238222,106400,True
1,Background,10240,0.0983437,0.11784547,0.019501769999999988,1244,True
1,Background,1048576,0.101672,0.205640468,0.103968468,1087892,True
0,Background,102400,0.103446,0.207521462,0.104075462,106400,True
2,Background,102400,0.103884,0.172575596,0.068691596,1244,True
1,Background,102400,0.105261,0.210910568,0.105649568,106400,True
0,Background,102400,0.105739,0.211868356,0.10612935600000001,106400,True
1,Background,1048576,0.107876,0.196087022,0.088211022,106400,True
3,Background,102400,0.109651,0.124200576,0.014549575999999995,1244,True
2,Background,10240,0.110245,0.141982188,0.03173718800000001,10838,True
0,Background,102400,0.117668,0.235725558,0.118057558,106400,True
1,Background,1048576,0.118023,0.207521462,0.08949846199999999,106400,True
0,Background,10485760,0.118084,0.257328713,0.139244713,10876994,True
2,Background,1024,0.119148,0.207521462,0.08837346199999999,106400,True
1,Background,10240,0.119293,0.238741682,0.11944868200000001,10838,True
1,Background,10240,0.121179,0.150527746,0.029348745999999995,106400,True
0,Background,1048576,0.122921,0.24820403,0.12528303,1087892,True
0,Background,1024,0.123886,0.247924466,0.12403846600000001,1244,True
0,Background,1048576,0.123888,0.25016894,0.12628094,1087892,True
4,Background,10240,0.125104,0.180898146,0.05579414600000002,106400,True
0,Background,1048576,0.126397,0.255207282,0.12881028199999997,1087892,True
1,Background,102400,0.127592,0.13146864,0.0038766399999999868,106400,True
1,Background,1024,0.131871,0.263893814,0.13202281400000002,1244,True
1,Background,102400,0.134306,0.269001322,0.13469532199999998,106400,True
1,Background,1048576,0.13601,0.247924466,0.11191446600000002,1244,True
3,Background,10485760,0.136757,0.207521462,0.070764462,106400,True
0,Background,1024,0.137074,0.274298998,0.13722499800000001,1244,True
1,Background,102400,0.137662,0.24820403,0.11054202999999999,1087892,True
0,Background,102400,0.137886,0.276270111,0.13838411099999998,106400,True
2,Background,102400,0.138045,0.196842748,0.05879774800000001,10838,True
2,Background,10240,0.140893,0.24820403,0.10731103,1087892,True
2,Background,1048576,0.142615,0.149848044,0.007233044000000022,106400,True
3,Background,102400,0.145228,0.16522731,0.019999309999999992,1087892,True
1,Background,102400,0.145456,0.174456592,0.02900059199999999,1244,True
1,Background,10485760,0.146052,0.313261673,0.16720967300000003,10876994,True
2,Background,10240,0.146262,0.263893814,0.117631814,1244,True
2,Background,1048576,0.148536,0.255574993,0.10703899299999997,106400,True
2,Background,104857600,0.151952,0.238741682,0.086789682,10838,True
2,Background,1024,0.152175,0.15899482,0.006819820000000004,106400,True
2,Background,1024,0.152196,0.304543554,0.152347554,1244,True
1,Background,10240,0.152832,0.305818931,0.15298693100000002,10838,True
1,Background,102400,0.154377,0.274298998,0.11992199800000003,1244,True
1,Background,102400,0.154438,0.255207282,0.10076928199999999,1087892,True
0,Background,10485760,0.160892,0.343058145,0.18216614499999997,10876994,True
0,Background,10240,0.163373,0.326901811,0.163528811,10838,True
2,Background,102400,0.163789,0.195068519,0.031279519000000006,10838,True
2,Background,1024,0.164883,0.242513134,0.07763013399999999,10838,True
2,Background,10240,0.16777,0.178274232,0.010504232000000002,1244,True
5,Background,1024,0.168712,0.180898146,0.012186146000000009,106400,True
1,Background,1048576,0.16873,0.339768179,0.171038179,1087892,True
0,Background,10240,0.17054,0.341236281,0.17069628099999998,10838,True
1,Background,10240,0.171174,0.342504707,0.17133070700000003,10838,True
1,Background,10240,0.171828,0.276270111,0.10444211099999998,106400,True
0,Background,1024,0.172476,0.345102419,0.172626419,1244,True
0,Background,102400,0.175473,0.351469584,0.175996584,106400,True
1,Background,1048576,0.176918,0.182406522,0.005488521999999996,106400,True
1,Background,1048576,0.179518,0.3613205,0.18180249999999998,1087892,True
2,Background,1048576,0.180183,0.3613205,0.18113749999999998,1087892,True
2,Background,10485760,0.182093,0.182406522,0.00031352199999998276,106400,True
1,Background,102400,0.186022,0.326901811,0.140879811,10838,True
0,Background,10240,0.186699,0.373552773,0.186853773,10838,True
6,Background,10240,0.189145,0.21969147,0.030546469999999992,106400,True
1,Background,102400,0.195301,0.373552773,0.178251773,10838,True
2,Background,1024,0.196452,0.342504707,0.14605270700000003,10838,True
2,Background,102400,0.198254,0.247924466,0.049670465999999996,1244,True
0,Background,1024,0.198659,0.39746928,0.19881027999999998,1244,True
1,Background,102400,0.199517,0.39942306,0.19990606,106400,True
1,Background,10240,0.201,0.345102419,0.14410241899999998,1244,True
0,Background,10240,0.201485,0.403124052,0.201639052,10838,True
3,Background,10240,0.204128,0.304500868,0.10037286799999998,1244,True
2,Background,1048576,0.204504,0.411291408,0.20678740800000003,1087892,True
1,Background,102400,0.205518,0.403124052,0.197606052,10838,True
3,Background,1024,0.208331,0.247924466,0.03959346600000002,1244,True
3,Background,1024,0.208566,0.3613205,0.1527545,1087892,True
2,Background,102400,0.209606,0.419602334,0.20999633400000003,106400,True
1,Background,102400,0.210329,0.341236281,0.130907281,10838,True
3,Background,10240,0.212025,0.276479374,0.06445437400000001,106400,True
2,Background,1048576,0.215873,0.276270111,0.060397110999999976,106400,True
3,Background,10240,0.216128,0.255574993,0.039446992999999986,106400,True
1,Background,102400,0.216778,0.343058145,0.12628014499999998,10876994,True
3,Background,1048576,0.216969,0.335696211,0.11872721100000003,10838,True
3,Background,10485760,0.220801,0.276270111,0.05546911099999999,106400,True
0,Background,1048576,0.222682,0.447662401,0.224980401,1087892,True
0,Background,102400,0.224174,0.448737754,0.22456375399999998,106400,True
2,Background,102400,0.224577,0.343058145,0.11848114499999998,10876994,True
1,Background,10240,0.22642,0.452994787,0.226574787,10838,True
2,Background,10240,0.226852,0.453860053,0.227008053,10838,True
2,Background,10240,0.227556,0.339768179,0.112212179,1087892,True
4,Background,102400,0.232112,0.3613205,0.12920849999999998,1087892,True
1,Background,10240,0.235676,0.25016894,0.01449294000000001,1087892,True
4,Background,1048576,0.236308,0.290845958,0.054537958000000025,106400,True
3,Background,1024,0.237513,0.327967316,0.090454316,106400,True
0,Background,102400,0.238673,0.477735178,0.239062178,106400,True
0,Background,102400,0.239598,0.479584622,0.239986622,106400,True
4,Background,102400,0.240704,0.276270111,0.035566110999999984,106400,True
1,Background,1024,0.242164,0.477735178,0.235571178,106400,True
1,Background,102400,0.244069,0.48852717,0.24445817,106400,True
1,Background,102400,0.245306,0.479584622,0.23427862200000002,106400,True
1,Background,102400,0.24551,0.491408618,0.245898618,106400,True
3,Background,102400,0.245762,0.343058145,0.09729614499999997,10876994,True
3,Background,102400,0.246395,0.411291408,0.16489640800000002,1087892,True
3,Background,1024,0.249746,0.342504707,0.09275870700000002,10838,True
2,Background,102400,0.252201,0.305818931,0.05361793100000001,10838,True
2,Background,1024,0.252762,0.505674558,0.25291255800000007,1244,True
1,Background,10240,0.254046,0.508246604,0.254200604,10838,True
3,Background,102400,0.257247,0.514047919,0.256800919,108768230,True
2,Background,102400,0.259323,0.313261673,0.05393867299999999,10876994,True
0,Background,10240,0.259861,0.519875713,0.260014713,10838,True
4,Background,10485760,0.261213,0.304500868,0.04328786800000001,1244,True
0,Background,102400,0.261465,0.523559248,0.262094248,106400,True
2,Background,10485760,0.262717,0.477735178,0.215018178,106400,True
3,Background,10240,0.263,0.275713116,0.012713115999999969,106400,True
3,Background,10485760,0.264572,0.550305547,0.28573354700000003,10876994,True
3,Background,102400,0.265363,0.531157856,0.26579485599999997,106400,True
3,Background,1048576,0.271884,0.304543554,0.03265955399999998,1244,True
2,Background,104857600,0.275675,0.76158123,0.48590623,108768230,True
2,Background,1048576,0.276689,0.508246604,0.23155760399999997,10838,True
2,Background,102400,0.277546,0.39942306,0.12187705999999998,106400,True
7,Background,102400,0.277829,0.337575715,0.059746715000000006,1244,True
2,Background,1048576,0.278283,0.373552773,0.095269773,10838,True
0,Background,104857600,0.278413,0.767186667,0.488773667,108768230,True
4,Background,10240,0.27888,0.411291408,0.132411408,1087892,True
2,Background,102400,0.278882,0.341236281,0.062354280999999956,10838,True
1,Background,102400,0.280116,0.39746928,0.11735328,1244,True
4,Background,1024,0.282024,0.343058145,0.061034144999999984,10876994,True
4,Background,10240,0.283086,0.335696211,0.05261021100000002,10838,True
2,Background,1024,0.283441,0.479584622,0.19614362200000002,106400,True
1,Background,102400,0.285049,0.570487584,0.285438584,106400,True
0,Background,1048576,0.285956,0.574439774,0.288483774,1087892,True
2,Background,1048576,0.286558,0.575401246,0.288843246,1087892,True
2,Background,1048576,0.287568,0.577423596,0.28985559600000005,1087892,True
3,Background,1048576,0.288423,0.313261673,0.024838673000000033,10876994,True
1,Background,1024,0.29658,0.523559248,0.22697924799999997,106400,True
5,Background,102400,0.297433,0.304500868,0.007067867999999977,1244,True
3,Background,1048576,0.29799,0.598399372,0.30040937200000006,1087892,True
3,Background,102400,0.29923,0.39942306,0.10019306,106400,True
5,Background,1048576,0.299472,0.335696211,0.036224211000000006,10838,True
4,Background,10240,0.300556,0.327967316,0.02741131600000002,106400,True
3,Background,1048576,0.304732,0.61177211,0.30704011,1087892,True
3,Background,1024,0.305365,0.610881214,0.30551621399999995,1244,True
8,Background,102400,0.308503,0.337575715,0.02907271499999997,1244,True
1,Background,102400,0.310883,0.448737754,0.13785475399999997,106400,True
3,Background,10240,0.311812,0.419602334,0.10779033400000004,106400,True
4,Background,1048576,0.312384,0.396897926,0.08451392600000002,106400,True
3,Background,1024,0.312759,0.577423596,0.26466459600000003,1087892,True
5,Background,104857600,0.314447,0.343811074,0.029364074000000018,10838,True
4,Background,102400,0.315794,0.514883974,0.19908997399999995,106400,True
4,Background,1048576,0.315844,0.39942306,0.08357905999999998,106400,True
3,Background,102400,0.316449,0.76158123,0.44513223,108768230,True
5,Background,10485760,0.31846,0.474938787,0.15647878699999995,1087892,True
5,Background,1048576,0.31964,0.3613205,0.04168050000000001,1087892,True
5,Background,1048576,0.321002,0.514883974,0.19388197399999996,106400,True
1,Background,1048576,0.322038,0.646362896,0.324324896,1087892,True
2,Background,102400,0.323385,0.48852717,0.16514217000000003,106400,True
3,Background,1048576,0.323735,0.505674558,0.18193955800000006,1244,True
2,Background,102400,0.325928,0.491408618,0.16548061800000002,106400,True
2,Background,10240,0.326693,0.570487584,0.24379458399999998,106400,True
6,Background,10240,0.327979,0.514883974,0.18690497399999995,106400,True
5,Background,102400,0.329309,0.433944868,0.10463586799999997,106400,True
6,Background,10485760,0.330146,0.474938787,0.14479278699999998,1087892,True
1,Background,10240,0.332041,0.664239423,0.3321984230000001,10838,True
4,Background,1048576,0.333318,0.505674558,0.17235655800000005,1244,True
6,Background,1048576,0.333734,0.335696211,0.001962211000000047,10838,True
4,Background,1048576,0.333754,0.610881214,0.27712721399999996,1244,True
5,Background,102400,0.335534,0.610881214,0.27534721399999995,1244,True
3,Background,10485760,0.33841,0.69813952,0.35972952,10876994,True
5,Background,10240,0.338876,0.475179155,0.136303155,1244,True
4,Background,1024,0.338906,0.419602334,0.08069633400000004,106400,True
2,Background,1048576,0.341595,0.448737754,0.107142754,106400,True
6,Background,102400,0.341995,0.408410764,0.06641576399999999,10838,True
4,Background,10240,0.342607,0.546149617,0.20354261699999998,1087892,True
1,Background,1024,0.34289,0.574439774,0.23154977400000004,1087892,True
1,Background,10240,0.345513,0.767186667,0.42167366700000003,108768230,True
1,Background,102400,0.346028,0.519875713,0.17384771300000001,10838,True
5,Background,10240,0.347794,0.396897926,0.04910392600000002,106400,True
6,Background,10240,0.351282,0.610881214,0.25959921399999997,1244,True
6,Background,10240,0.351559,0.433944868,0.08238586799999997,106400,True
5,Background,10240,0.351824,0.411291408,0.059467408,1087892,True
6,Background,10240,0.354753,0.3613205,0.006567500000000004,1087892,True
2,Background,10485760,0.356948,0.646362896,0.289414896,1087892,True
7,Background,102400,0.357905,0.408410764,0.05050576400000001,10838,True
2,Background,102400,0.359783,0.519875713,0.160092713,10838,True
2,Background,1024,0.36018,0.372434867,0.012254867000000003,106400,True
0,Background,102400,0.361602,0.723594398,0.36199239800000005,106400,True
3,Background,1048576,0.361988,0.726396273,0.364408273,1087892,True
2,Background,10240,0.367105,0.402154672,0.035049671999999976,10838,True
5,Background,102400,0.369904,0.419602334,0.04969833400000001,106400,True
4,Background,102400,0.373922,0.76158123,0.38765923,108768230,True
6,Background,10240,0.374041,0.434113875,0.06007287499999997,1087892,True
4,Background,102400,0.374701,0.526155503,0.15145450300000002,10838,True
5,Background,102400,0.37547,0.546149617,0.17067961699999995,1087892,True
2,Background,10485760,0.383248,0.787680944,0.404432944,10876994,True
7,Background,1048576,0.384323,0.610881214,0.22655821399999992,1244,True
6,Background,1024,0.385498,0.546149617,0.16065161699999997,1087892,True
2,Background,1024,0.388585,0.523559248,0.13497424799999996,106400,True
3,Background,102400,0.388604,0.421047123,0.03244312300000002,106400,True
3,Background,1048576,0.39194,0.508246604,0.11630660399999998,10838,True
3,Background,102400,0.393508,0.558885358,0.16537735800000003,1087892,True
4,Background,102400,0.393666,0.531157856,0.13749185599999997,106400,True
2,Background,10485760,0.396219,0.574439774,0.17822077400000003,1087892,True
4,Background,10240,0.397685,0.558885358,0.16120035800000004,1087892,True
3,Background,10240,0.398786,0.48852717,0.08974117000000004,106400,True
7,Background,1048576,0.399767,0.546149617,0.146382617,1087892,True
1,Background,1048576,0.400606,0.447662401,0.04705640099999997,1087892,True
3,Background,1048576,0.400795,0.575401246,0.17460624599999996,1087892,True
3,Background,1048576,0.412946,0.828417716,0.41547171600000005,1087892,True
3,Background,1024,0.415275,0.504791034,0.08951603400000002,106400,True
8,Background,10240,0.416944,0.610881214,0.19393721399999997,1244,True
3,Background,102400,0.418084,0.448737754,0.030653753999999978,106400,True
7,Background,10485760,0.418249,0.474938787,0.05668978699999999,1087892,True
4,Background,102400,0.418374,0.519035888,0.10066188799999998,106400,True
2,Background,10240,0.421809,0.843772641,0.42196364100000006,10838,True
4,Background,10240,0.424448,0.577423596,0.15297559600000005,1087892,True
3,Background,102400,0.424663,0.455267739,0.030604738999999992,10838,True
2,Background,102400,0.425731,0.452994787,0.027263786999999984,10838,True
3,Background,10240,0.426631,0.519875713,0.09324471300000003,10838,True
3,Background,10485760,0.427309,0.574439774,0.14713077400000002,1087892,True
3,Background,10240,0.428171,0.787680944,0.35950994399999997,10876994,True
4,Background,10240,0.430279,0.86071359,0.43043459,10838,True
4,Background,102400,0.432895,0.866306801,0.43341180100000004,106400,True
4,Background,1048576,0.434229,0.455267739,0.02103873900000003,10838,True
9,Background,10240,0.435729,0.610881214,0.17515221399999997,1244,True
7,Background,10240,0.43739,0.449542834,0.012152834000000001,106400,True
4,Background,1048576,0.440676,0.499644563,0.058968562999999974,1244,True
8,Background,102400,0.441239,0.474938787,0.03369978699999998,1087892,True
9,Background,1024,0.441571,0.556047154,0.11447615400000005,106400,True
3,Background,102400,0.44206,0.479584622,0.03752462200000001,106400,True
2,Background,1048576,0.442279,0.886874597,0.44459559700000006,1087892,True
3,Background,10240,0.442522,0.570487584,0.12796558399999997,106400,True
5,Background,10240,0.442777,0.531157856,0.08838085600000001,106400,True
4,Background,102400,0.444387,0.519875713,0.07548871300000004,10838,True
2,Background,102400,0.446872,0.894215953,0.447343953,106400,True
7,Background,102400,0.447561,0.464612886,0.017051886000000016,106400,True
10,Background,1048576,0.447713,0.610881214,0.16316821399999992,1244,True
4,Background,102400,0.449289,0.550305547,0.10101654700000001,10876994,True
4,Background,10485760,0.45189,0.69813952,0.24624952,10876994,True
5,Background,102400,0.453993,0.76158123,0.30758823,108768230,True
11,Background,102400,0.457743,0.610881214,0.15313821399999994,1244,True
5,Background,10240,0.45884,0.69813952,0.23929952,10876994,True
3,Background,10240,0.459092,0.894215953,0.435123953,106400,True
9,Background,10240,0.459903,0.474938787,0.015035786999999967,1087892,True
1,Background,102400,0.460346,0.921082374,0.46073637400000006,106400,True
3,Background,1024,0.462249,0.720511601,0.258262601,1244,True
6,Background,102400,0.466154,0.76158123,0.29542723,108768230,True
5,Background,1048576,0.466889,0.555482155,0.08859315499999998,106400,True
6,Background,102400,0.467355,0.627156176,0.15980117599999993,1087892,True
2,Background,1024,0.469369,0.938888846,0.469519846,1244,True
5,Background,1024,0.469531,0.849715512,0.380184512,106400,True
4,Background,10240,0.469825,0.622246942,0.15242194199999998,106400,True
6,Background,10240,0.470648,0.555482155,0.08483415499999997,106400,True
6,Background,1048576,0.471537,0.475179155,0.0036421550000000358,1244,True
5,Background,1048576,0.473901,0.866306801,0.392405801,106400,True
2,Background,102400,0.475077,0.921082374,0.446005374,106400,True
7,Background,1048576,0.480185,0.76158123,0.28139623,108768230,True
2,Background,10485760,0.480282,0.803500361,0.323218361,1087892,True
4,Background,1048576,0.481623,0.894215953,0.412592953,106400,True
4,Background,1024,0.481961,0.964073378,0.48211237800000006,1244,True
4,Background,102400,0.482484,0.598399372,0.11591537200000002,1087892,True
5,Background,1024,0.482723,0.598399372,0.11567637200000003,1087892,True
5,Background,102400,0.482861,0.894215953,0.411354953,106400,True
4,Background,102400,0.483926,0.570487584,0.08656158399999997,106400,True
7,Background,1048576,0.486443,0.627156176,0.14071317599999994,1087892,True
3,Background,102400,0.488561,0.938888846,0.450327846,1244,True
0,Background,102400,0.490008,0.980405695,0.49039769499999997,106400,True
2,Background,10240,0.490274,0.664239423,0.17396542300000006,10838,True
3,Background,1048576,0.490702,0.983704589,0.493002589,1087892,True
3,Background,1024,0.491502,0.491408618,-9.338199999997521e-05,106400,True
5,Background,1048576,0.492581,0.550305547,0.057724547000000015,10876994,True
3,Background,102400,0.493045,0.523559248,0.030514247999999966,106400,True
2,Background,102400,0.493495,0.560621174,0.06712617399999998,106400,True
4,Background,1048576,0.493821,0.652285216,0.158464216,106400,True
7,Background,102400,0.495857,0.555482155,0.059625154999999985,106400,True
2,Background,102400,0.496723,0.767186667,0.270463667,108768230,True
5,Background,102400,0.498765,0.526155503,0.02739050300000001,10838,True
4,Background,1048576,0.499135,0.787680944,0.288545944,10876994,True
8,Background,104857600,0.499216,0.555482155,0.056266154999999984,106400,True
3,Background,102400,0.501972,0.851851304,0.349879304,106400,True
4,Background,10485760,0.50391,0.720511601,0.21660160100000003,1244,True
5,Background,1048576,0.504306,0.652285216,0.14797921599999997,106400,True
3,Background,102400,0.508415,0.886874597,0.3784595970000001,1087892,True
3,Background,10240,0.512879,0.734367999,0.22148899900000008,10838,True
6,Background,1048576,0.518854,0.550305547,0.03145154699999997,10876994,True
2,Background,1048576,0.519039,1.040361992,0.521322992,1087892,True
3,Background,1048576,0.523232,0.546611507,0.02337950700000002,10876994,True
4,Background,102400,0.524232,0.983704589,0.459472589,1087892,True
8,Background,10240,0.524501,0.595282286,0.070781286,106400,True
6,Background,1024,0.52557,0.598399372,0.07282937200000006,1087892,True
5,Background,1048576,0.526596,0.649779695,0.12318369500000004,1087892,True
6,Background,1048576,0.526745,0.849715512,0.32297051199999993,106400,True
5,Background,1048576,0.528869,0.57919211,0.050323110000000004,1087892,True
1,Background,102400,0.528909,1.058369693,0.529460693,106400,True
5,Background,1048576,0.529579,0.570487584,0.04090858399999997,106400,True
4,Background,1024,0.534512,0.593313006,0.058801006000000045,1244,True
6,Background,10240,0.534612,0.623778926,0.08916692599999998,10838,True
7,Background,102400,0.534792,0.839353345,0.304561345,108768230,True
4,Background,1024,0.536167,0.851851304,0.315684304,106400,True
6,Background,102400,0.53724,0.652285216,0.11504521599999995,106400,True
6,Background,10485760,0.537318,0.557916946,0.020598946000000007,10838,True
3,Background,102400,0.539442,0.843772641,0.30433064100000007,10838,True
8,Background,102400,0.541003,0.76158123,0.22057823,108768230,True
7,Background,1024,0.542028,0.598399372,0.056371372000000086,1087892,True
5,Background,10240,0.542091,0.851851304,0.309760304,106400,True
8,Background,10485760,0.543351,0.839353345,0.296002345,108768230,True
6,Background,102400,0.546621,0.69813952,0.15151852,10876994,True
5,Background,1024,0.552459,0.883650233,0.331191233,1087892,True
4,Background,1048576,0.555314,1.048770934,0.493456934,1087892,True
4,Background,102400,0.558588,0.886874597,0.32828659700000007,1087892,True
7,Background,10240,0.561794,0.849715512,0.28792151199999994,106400,True
10,Background,1024,0.562148,0.617396438,0.05524843800000001,106400,True
7,Background,102400,0.56234,0.601268799,0.038928799000000014,10838,True
3,Background,102400,0.56284,0.664239423,0.10139942300000004,10838,True
10,Background,1048576,0.562931,0.658322414,0.09539141400000006,10876994,True
4,Background,10485760,0.568654,0.61177211,0.04311810999999999,1087892,True
6,Background,1048576,0.568762,0.57919211,0.010430110000000048,1087892,True
1,Background,102400,0.572653,0.980405695,0.407752695,106400,True
4,Background,102400,0.578422,0.830701732,0.252279732,1244,True
6,Background,102400,0.578616,0.653544495,0.07492849499999998,10838,True
7,Background,10240,0.579621,0.601362092,0.021741091999999962,1087892,True
3,Background,102400,0.584509,0.646362896,0.06185389600000002,1087892,True
7,Background,1048576,0.587298,0.837222816,0.24992481600000005,106400,True
5,Background,10240,0.59211,0.61177211,0.019662109999999955,1087892,True
7,Background,102400,0.597851,0.623778926,0.025927925999999935,10838,True
9,Background,10240,0.598659,0.839353345,0.24069434499999998,108768230,True
7,Background,1048576,0.602043,0.653544495,0.05150149500000001,10838,True
3,Background,1048576,0.603469,0.803500361,0.20003136099999996,1087892,True
10,Background,10240,0.603738,0.839353345,0.23561534500000003,108768230,True
6,Background,1024,0.603843,0.851851304,0.24800830399999996,106400,True
6,Background,102400,0.605147,0.883650233,0.278503233,1087892,True
6,Background,10240,0.605469,0.649779695,0.044310694999999956,1087892,True
9,Background,1048576,0.606621,0.633527995,0.026906995000000045,106400,True
4,Background,10240,0.607745,0.68593288,0.07818787999999999,1244,True
8,Background,1048576,0.607923,0.653544495,0.04562149500000001,10838,True
8,Background,102400,0.611805,0.849715512,0.2379105119999999,106400,True
9,Background,1048576,0.614303,0.849715512,0.2354125119999999,106400,True
11,Background,102400,0.616416,0.839353345,0.22293734500000006,108768230,True
2,Background,10240,0.620015,1.058369693,0.43835469299999996,106400,True
6,Background,10240,0.620104,0.866306801,0.24620280100000003,106400,True
12,Background,10240,0.622829,0.839353345,0.21652434500000006,108768230,True
4,Background,1048576,0.623788,0.803910128,0.18012212799999994,1087892,True
5,Background,10240,0.623939,0.685480142,0.06154114199999994,1087892,True
5,Background,1048576,0.625387,0.720511601,0.09512460099999998,1244,True
4,Background,10240,0.626829,0.938888846,0.31205984600000003,1244,True
4,Background,1024,0.627821,0.726396273,0.09857527300000002,1087892,True
5,Background,102400,0.630206,0.726396273,0.09619027299999994,1087892,True
4,Background,102400,0.630723,0.734367999,0.10364499900000002,10838,True
3,Background,1048576,0.630923,1.058369693,0.42744669299999993,106400,True
5,Background,1024,0.631897,0.692446465,0.060549464999999913,106400,True
11,Background,1048576,0.632137,0.88329308,0.25115608,1244,True
6,Background,1048576,0.633614,0.726396273,0.09278227299999997,1087892,True
4,Background,1024,0.637143,0.843772641,0.20662964100000003,10838,True
2,Background,10240,0.637856,0.980405695,0.342549695,106400,True
1,Background,10485760,0.638383,0.723594398,0.085211398,106400,True
7,Background,10240,0.638597,0.652285216,0.01368821600000003,106400,True
4,Background,10240,0.640621,0.786406776,0.14578577599999998,1087892,True
6,Background,10240,0.641387,0.749792576,0.108405576,106400,True
5,Background,102400,0.642371,0.787406539,0.145035539,106400,True
8,Background,10240,0.642796,0.709662975,0.06686697499999994,10838,True
3,Background,10240,0.645038,0.980405695,0.33536769499999997,106400,True
6,Background,10240,0.648047,0.787406539,0.13935953899999998,106400,True
7,Background,102400,0.649499,0.787406539,0.13790753899999997,106400,True
5,Background,10240,0.649776,0.68593288,0.03615687999999995,1244,True
7,Background,1048576,0.650361,0.703803134,0.053442134000000086,10838,True
7,Background,1048576,0.650734,0.89896825,0.24823425,106400,True
5,Background,102400,0.652339,0.886874597,0.23453559700000004,1087892,True
4,Background,102400,0.655065,0.828417716,0.17335271600000002,1087892,True
8,Background,102400,0.655595,0.69574528,0.04015027999999998,10838,True
7,Background,102400,0.66054,0.69813952,0.03759952,10876994,True
9,Background,102400,0.661902,0.709662975,0.04776097499999998,10838,True
6,Background,1024,0.661982,0.685480142,0.023498142,1087892,True
9,Background,1048576,0.663331,0.684514802,0.02118380200000003,106400,True
8,Background,102400,0.664153,0.89896825,0.23481525000000003,106400,True
4,Background,1048576,0.664338,0.797728261,0.13339026100000007,10838,True
8,Background,1024,0.665635,0.983154122,0.317519122,1244,True
6,Background,10240,0.667589,0.894215953,0.22662695300000002,106400,True
5,Background,102400,0.66837,0.86071359,0.19234359,10838,True
8,Background,1024,0.668405,0.96549157,0.29708656999999994,106400,True
3,Background,1024,0.671161,0.921082374,0.24992137400000003,106400,True
6,Background,10240,0.672919,0.787721488,0.11480248799999992,106400,True
9,Background,1048576,0.673767,0.93617279,0.26240578999999997,1087892,True
4,Background,102400,0.674208,1.058369693,0.3841616929999999,106400,True
5,Background,10485760,0.675365,0.786406776,0.11104177599999998,1087892,True
5,Background,1024,0.676205,0.828417716,0.15221271600000008,1087892,True
7,Background,10240,0.676307,1.352769192,0.676462192,10838,True
5,Background,102400,0.676659,0.734367999,0.05770899900000004,10838,True
5,Background,102400,0.677826,0.938888846,0.26106284599999996,1244,True
7,Background,102400,0.677886,0.883650233,0.20576423300000002,1087892,True
4,Background,102400,0.684465,0.921082374,0.23661737400000005,106400,True
7,Background,10240,0.685073,1.055480872,0.3704078719999999,1087892,True
8,Background,10240,0.687781,0.925050877,0.23726987700000002,10876994,True
5,Background,1048576,0.688262,1.058369693,0.3701076929999999,106400,True
7,Background,102400,0.688836,0.749792576,0.06095657600000004,106400,True
4,Background,1048576,0.690307,0.735297615,0.04499061500000001,10876994,True
7,Background,10240,0.69219,0.851851304,0.159661304,106400,True
6,Background,1024,0.693686,0.828417716,0.134731716,1087892,True
9,Background,1048576,0.694935,0.925050877,0.23011587700000002,10876994,True
7,Background,102400,0.695035,0.726396273,0.03136127300000002,1087892,True
5,Background,1048576,0.695273,0.983704589,0.288431589,1087892,True
11,Background,102400,0.696888,0.857683769,0.16079576900000003,10876994,True
8,Background,10240,0.69771,0.787406539,0.08969653899999996,106400,True
3,Background,1024,0.698525,1.040361992,0.34183699200000006,1087892,True
12,Background,102400,0.701797,0.70272003,0.0009230300000000469,10838,True
5,Background,1024,0.706205,1.048770934,0.342565934,1087892,True
8,Background,10240,0.706841,0.851851304,0.14501030399999992,106400,True
4,Background,1024,0.715505,1.040361992,0.32485699200000007,1087892,True
10,Background,1048576,0.716774,0.925050877,0.20827687699999997,10876994,True
6,Background,1024,0.717395,1.158477728,0.44108272800000003,10876994,True
9,Background,1024,0.719434,0.89896825,0.17953425,106400,True
5,Background,1048576,0.721073,0.777322667,0.056249667,1244,True
5,Background,1024,0.722346,1.040361992,0.31801599199999997,1087892,True
6,Background,1024,0.724107,0.81361752,0.08951052000000004,10876994,True
9,Background,102400,0.725172,0.96549157,0.24031956999999993,106400,True
8,Background,10485760,0.725342,1.352769192,0.627427192,10838,True
6,Background,1024,0.726574,0.924649589,0.198075589,1244,True
13,Background,1024,0.727119,0.770974869,0.04385586900000005,1087892,True
8,Background,102400,0.727642,0.751463568,0.023821568000000015,106400,True
7,Background,1024,0.728905,0.787721488,0.058816487999999945,106400,True
7,Background,10485760,0.729508,1.158477728,0.428969728,10876994,True
10,Background,102400,0.729846,0.849715512,0.11986951199999996,106400,True
8,Background,10240,0.732482,0.749792576,0.017310576000000077,106400,True
12,Background,10240,0.732533,0.88329308,0.15076007999999996,1244,True
5,Background,10240,0.73404,0.787680944,0.05364094399999997,10876994,True
10,Background,102400,0.73419,0.96549157,0.23130156999999996,106400,True
10,Background,102400,0.734313,0.89896825,0.16465525000000003,106400,True
9,Background,104857600,0.734661,0.787406539,0.05274553900000001,106400,True
2,Background,102400,0.734684,1.298021249,0.563337249,10876994,True
3,Background,104857600,0.734866,0.987512498,0.25264649799999994,106400,True
6,Background,10240,0.735291,0.787680944,0.052389943999999966,10876994,True
9,Background,102400,0.736136,0.88519839,0.14906239,10838,True
7,Background,102400,0.738396,0.787680944,0.04928494399999994,10876994,True
8,Background,102400,0.738575,1.158477728,0.41990272800000006,10876994,True
7,Background,1048576,0.738601,0.866306801,0.12770580100000006,106400,True
3,Background,10240,0.74182,1.298021249,0.556201249,10876994,True
10,Background,10240,0.741905,0.895510968,0.15360596799999993,106400,True
8,Background,1024,0.74268,0.837222816,0.09454281600000003,106400,True
10,Background,10240,0.742869,0.88519839,0.14232939,10838,True
9,Background,1024,0.743483,0.851851304,0.10836830399999997,106400,True
6,Background,1048576,0.744115,0.777322667,0.033207666999999996,1244,True
11,Background,10485760,0.744456,0.96549157,0.22103556999999996,106400,True
12,Background,102400,0.746916,0.96549157,0.21857556999999994,106400,True
13,Background,10240,0.747557,0.88329308,0.13573607999999993,1244,True
7,Background,10240,0.749084,0.894215953,0.14513195300000004,106400,True
5,Background,102400,0.749406,0.849050092,0.09964409200000002,10838,True
8,Background,10240,0.754414,0.866306801,0.11189280099999999,106400,True
4,Background,102400,0.756126,0.980703975,0.22457797499999999,10838,True
9,Background,10485760,0.758208,0.77114768,0.012939680000000009,1244,True
6,Background,102400,0.758241,0.849050092,0.09080909199999998,10838,True
6,Background,10240,0.758291,0.786406776,0.028115775999999926,1087892,True
9,Background,10240,0.758307,0.837222816,0.07891581600000008,106400,True
8,Background,10240,0.759063,0.787721488,0.028658487999999926,106400,True
8,Background,102400,0.759643,0.883650233,0.12400723300000005,1087892,True
3,Background,10485760,0.760957,0.993834852,0.232877852,106400,True
8,Background,10240,0.762303,0.945358326,0.18305532600000007,1087892,True
8,Background,102400,0.762705,1.055480872,0.292775872,1087892,True
9,Background,1048576,0.766028,1.055480872,0.2894528719999999,1087892,True
4,Background,102400,0.76612,0.777597787,0.011477787000000017,106400,True
7,Background,10240,0.768021,0.786406776,0.01838577600000002,1087892,True
4,Background,102400,0.768069,0.980405695,0.21233669499999996,106400,True
13,Background,10240,0.768803,0.96549157,0.19668856999999995,106400,True
6,Background,104857600,0.77026,1.040361992,0.27010199200000007,1087892,True
9,Background,10240,0.771644,0.883650233,0.11200623300000001,1087892,True
13,Background,10485760,0.773472,1.06997421,0.29650221,106400,True
5,Background,1024,0.77787,0.843772641,0.0659026410000001,10838,True
10,Background,102400,0.780235,0.908510181,0.12827518100000002,106400,True
9,Background,10485760,0.781337,0.787721488,0.0063844880000000215,106400,True
9,Background,10240,0.784105,1.158477728,0.374372728,10876994,True
11,Background,10240,0.784312,0.895510968,0.11119896799999995,106400,True
5,Background,10240,0.784446,1.169407538,0.384961538,106400,True
10,Background,102400,0.784456,0.93617279,0.15171678999999993,1087892,True
6,Background,102400,0.786901,0.983704589,0.19680358900000006,1087892,True
6,Background,10240,0.787419,0.843772641,0.056353641000000065,10838,True
7,Background,102400,0.789361,1.040361992,0.25100099200000003,1087892,True
10,Background,10485760,0.791417,0.885708042,0.09429104199999994,10838,True
11,Background,102400,0.794428,0.885708042,0.09128004199999995,10838,True
6,Background,102400,0.798204,0.853416592,0.05521259199999995,10838,True
14,Background,1024,0.799551,0.8340435,0.03449250000000004,10838,True
10,Background,1048576,0.799663,0.851851304,0.05218830399999996,106400,True
12,Background,102400,0.8013,0.895510968,0.09421096799999995,106400,True
7,Background,1048576,0.803174,0.849050092,0.04587609199999998,10838,True
7,Background,1048576,0.805828,0.828417716,0.022589716000000037,1087892,True
10,Background,102400,0.807915,1.049155868,0.2412408679999999,10838,True
11,Background,10240,0.810423,0.908510181,0.09808718100000002,106400,True
6,Background,1048576,0.811176,0.86071359,0.04953759000000002,10838,True
13,Background,1048576,0.812055,0.895510968,0.08345596799999999,106400,True
8,Background,10240,0.813567,0.849050092,0.035483091999999994,10838,True
7,Background,1048576,0.816013,0.875818905,0.05980590500000005,10876994,True
8,Background,10485760,0.817693,0.856498898,0.038805898000000005,10838,True
5,Background,1048576,0.822555,0.921082374,0.098527374,106400,True
11,Background,104857600,0.826241,0.93617279,0.10993178999999997,1087892,True
4,Background,102400,0.828089,0.981753696,0.153664696,10876994,True
8,Background,102400,0.828551,0.875818905,0.047267905,10876994,True
9,Background,102400,0.828961,0.945358326,0.11639732600000008,1087892,True
10,Background,1024,0.831128,0.945358326,0.11423032600000005,1087892,True
11,Background,10240,0.832486,0.945358326,0.11287232600000008,1087892,True
7,Background,10240,0.832562,0.853416592,0.02085459199999995,10838,True
5,Background,10240,0.834399,0.964073378,0.12967437800000003,1244,True
6,Background,1048576,0.835298,0.886874597,0.05157659700000006,1087892,True
10,Background,102400,0.83533,0.837222816,0.0018928160000000194,106400,True
11,Background,10240,0.838595,1.060101144,0.22150614400000013,1087892,True
12,Background,102400,0.84084,0.885708042,0.04486804199999994,10838,True
5,Background,102400,0.843172,0.980405695,0.13723369499999993,106400,True
8,Background,10240,0.843454,1.159397246,0.3159432459999999,10838,True
15,Background,102400,0.843762,0.871612544,0.027850543999999977,10838,True
5,Background,102400,0.847366,0.980703975,0.133337975,10838,True
9,Background,102400,0.847586,1.159397246,0.311811246,10838,True
5,Background,10485760,0.849302,1.249897655,0.40059565500000005,1087892,True
6,Background,1024,0.850644,0.921082374,0.07043837400000008,106400,True
8,Background,102400,0.852548,1.255793442,0.4032454420000001,1244,True
7,Background,1024,0.852944,0.886874597,0.03393059700000001,1087892,True
12,Background,1048576,0.853055,0.93617279,0.08311778999999997,1087892,True
9,Background,102400,0.853415,1.352769192,0.499354192,10838,True
11,Background,10485760,0.853885,1.004468569,0.15058356899999992,106400,True
8,Background,1024,0.856881,1.040361992,0.183480992,1087892,True
14,Background,102400,0.856984,0.96549157,0.10850757,106400,True
8,Background,102400,0.858903,0.894215953,0.035312953000000036,106400,True
14,Background,102400,0.861353,0.88329308,0.021940079999999917,1244,True
5,Background,102400,0.86201,0.981753696,0.1197436959999999,10876994,True
14,Background,1048576,0.864063,1.06997421,0.20591121,106400,True
12,Background,10240,0.866772,1.060101144,0.19332914400000012,1087892,True
5,Background,1048576,0.867609,1.331014042,0.4634050420000001,1087892,True
8,Background,10240,0.867654,1.310518462,0.44286446200000007,106400,True
3,Background,10240,0.869805,1.739766069,0.869961069,10838,True
10,Background,1024,0.869898,0.883650233,0.013752233000000058,1087892,True
6,Background,102400,0.87052,1.058369693,0.18784969299999998,106400,True
11,Background,10240,0.873278,0.93921326,0.06593526000000005,1244,True
10,Background,10240,0.873852,1.352769192,0.47891719200000005,10838,True
7,Background,102400,0.875675,0.983704589,0.10802958900000004,1087892,True
9,Background,1048576,0.8758,1.215643925,0.33984392499999994,10838,True
10,Background,102400,0.876864,1.285208122,0.40834412200000003,106400,True
7,Background,1024,0.878315,1.337197116,0.45888211600000006,106400,True
4,Background,10240,0.879149,0.993834852,0.11468585200000003,106400,True
8,Background,10240,0.880702,1.337197116,0.45649511600000003,106400,True
8,Background,1048576,0.882358,0.983704589,0.10134658900000004,1087892,True
6,Background,1048576,0.882857,1.025913451,0.14305645100000008,10838,True
9,Background,102400,0.883593,1.040361992,0.15676899200000005,1087892,True
8,Background,10485760,0.887922,1.28139684,0.39347484,10838,True
6,Background,1048576,0.888545,1.249897655,0.361352655,1087892,True
9,Background,10240,0.889149,0.950220972,0.06107197200000003,1087892,True
8,Background,1048576,0.889469,1.100860189,0.2113911890000001,10876994,True
8,Background,10485760,0.890567,1.80229384,0.9117268399999999,10876994,True
4,Background,1048576,0.892812,0.987512498,0.09470049799999991,106400,True
7,Background,1048576,0.895981,1.058369693,0.16238869299999992,106400,True
12,Background,1048576,0.896343,0.93921326,0.04287026000000005,1244,True
4,Background,1048576,0.896723,1.739766069,0.843043069,10838,True
10,Background,102400,0.902906,1.055480872,0.15257487199999997,1087892,True
10,Background,10240,0.905157,1.040361992,0.13520499200000002,1087892,True
8,Background,10240,0.90653,1.058369693,0.151839693,106400,True
9,Background,102400,0.906689,1.255793442,0.3491044420000001,1244,True
9,Background,10485760,0.906917,1.28139684,0.37447984,10838,True
4,Background,10240,0.907944,1.298021249,0.39007724900000007,10876994,True
11,Background,102400,0.908001,0.968288552,0.06028755200000002,106400,True
9,Background,1024,0.910869,0.935101523,0.024232523000000006,106400,True
12,Background,1024,0.911221,0.919961592,0.008740592000000103,10838,True
10,Background,102400,0.912487,0.950220972,0.03773397199999995,1087892,True
9,Background,1024,0.914427,1.80229384,0.8878668399999999,10876994,True
9,Background,1024,0.91449,1.058369693,0.14387969299999992,106400,True
4,Background,1048576,0.91589,1.834178161,0.9182881610000001,1087892,True
6,Background,1024,0.917498,0.964073378,0.046575378,1244,True
10,Background,10485760,0.919941,1.28139684,0.36145584,10838,True
9,Background,102400,0.921552,1.000562784,0.07901078399999995,1087892,True
9,Background,1048576,0.922851,0.983704589,0.06085358900000004,1087892,True
9,Background,102400,0.924691,0.997920048,0.07322904799999996,106400,True
15,Background,102400,0.925811,1.124446832,0.198635832,1244,True
13,Background,1048576,0.926549,1.345991431,0.4194424310000001,10838,True
7,Background,102400,0.926861,1.025913451,0.09905245100000004,10838,True
13,Background,1048576,0.92845,0.93921326,0.010763260000000052,1244,True
13,Background,1048576,0.929677,1.128177927,0.1985009270000001,1087892,True
10,Background,102400,0.933483,1.159397246,0.22591424599999999,10838,True
5,Background,102400,0.933972,0.987512498,0.053540497999999936,106400,True
12,Background,102400,0.93434,0.968288552,0.03394855200000002,106400,True
11,Background,1048576,0.934612,1.040361992,0.10574999200000001,1087892,True
14,Background,10485760,0.936231,0.93921326,0.0029822600000000143,1244,True
6,Background,1048576,0.936772,0.980405695,0.04363369499999992,106400,True
10,Background,102400,0.937852,1.058369693,0.12051769299999993,106400,True
8,Background,102400,0.937887,1.017353495,0.07946649500000003,106400,True
9,Background,1024,0.938063,0.965536728,0.02747372800000003,1087892,True
12,Background,1048576,0.941492,1.004468569,0.06297656899999993,106400,True
11,Background,1024,0.941667,1.28139684,0.33972983999999995,10838,True
6,Background,102400,0.941801,1.169407538,0.22760653799999997,106400,True
7,Background,10240,0.94269,1.029139593,0.08644959299999999,10876994,True
8,Background,102400,0.943249,1.029139593,0.08589059300000002,10876994,True
11,Background,1024,0.945221,1.093641097,0.14842009699999992,106400,True
7,Background,102400,0.947061,0.964073378,0.017012377999999995,1244,True
13,Background,1048576,0.947286,1.060101144,0.11281514400000014,1087892,True
9,Background,10485760,0.948015,1.310518462,0.36250346200000005,106400,True
10,Background,10240,0.952436,1.80229384,0.84985784,10876994,True
9,Background,10240,0.952984,1.029139593,0.07615559299999997,10876994,True
10,Background,10240,0.953017,1.158477728,0.20546072800000004,10876994,True
7,Background,102400,0.953337,0.986479325,0.03314232500000003,106400,True
12,Background,10240,0.959407,1.093641097,0.13423409699999989,106400,True
14,Background,10240,0.959718,1.285747228,0.326029228,10838,True
6,Background,1024,0.959759,1.331014042,0.37125504200000004,1087892,True
6,Background,102400,0.961479,1.048770934,0.08729193400000002,1087892,True
8,Background,102400,0.969619,0.986479325,0.01686032500000001,106400,True
12,Background,1024,0.973466,1.040361992,0.06689599199999996,1087892,True
11,Background,10240,0.974171,1.352769192,0.378598192,10838,True
7,Background,1048576,0.975333,0.980405695,0.00507269499999996,106400,True
6,Background,1024,0.977714,0.987512498,0.009798497999999989,106400,True
11,Background,1048576,0.981164,1.80229384,0.8211298399999999,10876994,True
10,Background,10485760,0.982403,1.45567349,0.4732704899999999,106400,True
12,Background,1048576,0.984034,1.28139684,0.29736284,10838,True
5,Background,10240,0.984072,1.157303241,0.17323124099999998,106400,True
5,Background,10240,0.984845,1.298021249,0.3131762490000001,10876994,True
10,Background,10240,0.985235,0.997920048,0.012685048000000032,106400,True
15,Background,1048576,0.986264,1.285747228,0.29948322799999993,10838,True
2,Background,10240,0.987803,1.975761014,0.9879580139999999,10838,True
10,Background,102400,0.988157,1.311578806,0.32342180600000003,106400,True
6,Background,10240,0.988252,1.209465097,0.22121309700000003,1087892,True
6,Background,1024,0.993307,1.253811905,0.260504905,10838,True
8,Background,10240,0.997287,1.668954473,0.6716674730000001,10838,True
10,Background,10240,0.998942,1.255793442,0.2568514420000001,1244,True
13,Background,1048576,0.999672,1.349847796,0.35017579599999993,1087892,True
3,Background,1048576,1.00299,1.975761014,0.9727710139999999,10838,True
10,Background,10240,1.0043,1.310518462,0.30621846200000014,106400,True
7,Background,10240,1.00488,1.248032158,0.243152158,10838,True
8,Background,10240,1.00508,1.248032158,0.24295215800000003,10838,True
11,Background,1048576,1.00666,1.158477728,0.15181772799999993,10876994,True
7,Background,1048576,1.00815,1.342473188,0.33432318799999994,1244,True
13,Background,102400,1.00872,1.28139684,0.2726768399999999,10838,True
12,Background,102400,1.01838,1.125069472,0.10668947200000001,106400,True
9,Background,102400,1.02246,1.1175668,0.09510680000000016,106400,True
9,Background,10240,1.02671,1.248032158,0.221322158,10838,True
9,Background,102400,1.02773,1.069175498,0.04144549799999986,1244,True
5,Background,102400,1.03012,1.543315009,0.5131950090000001,10876994,True
14,Background,102400,1.03109,1.345991431,0.314901431,10838,True
11,Background,10240,1.03119,1.310518462,0.27932846200000006,106400,True
10,Background,102400,1.03153,1.215643925,0.1841139249999999,10838,True
6,Background,1024,1.03438,1.298021249,0.26364124899999997,10876994,True
8,Background,102400,1.03446,1.145695544,0.11123554400000013,106400,True
15,Background,1048576,1.03514,1.05579772,0.02065771999999999,1087892,True
13,Background,102400,1.03764,1.093641097,0.056001097,106400,True
7,Background,102400,1.03845,1.249897655,0.21144765499999996,1087892,True
5,Background,10240,1.0398,1.834178161,0.794378161,1087892,True
8,Background,1048576,1.03995,1.249897655,0.20994765500000012,1087892,True
6,Background,10240,1.04007,1.834178161,0.794108161,1087892,True
16,Background,10240,1.04138,1.403982772,0.362602772,106400,True
14,Background,1048576,1.04345,1.349847796,0.30639779599999994,1087892,True
11,Background,102400,1.04472,1.255793442,0.211073442,1244,True
9,Background,1024,1.04579,1.337197116,0.291407116,106400,True
6,Background,10240,1.05288,1.157303241,0.10442324099999989,106400,True
11,Background,102400,1.05417,1.055480872,0.0013108719999999074,1087892,True
8,Background,1048576,1.0556,1.342473188,0.28687318799999995,1244,True
7,Background,10240,1.05587,1.331014042,0.275144042,1087892,True
11,Background,102400,1.05716,1.303774516,0.24661451599999995,1087892,True
7,Background,10240,1.05811,1.112959826,0.05484982599999988,1087892,True
15,Background,1048576,1.05847,1.084381735,0.02591173499999999,1244,True
13,Background,10485760,1.059,1.061444542,0.002444542000000105,1087892,True
7,Background,102400,1.06154,1.209465097,0.14792509700000012,1087892,True
9,Background,102400,1.06381,1.100860189,0.03705018900000012,10876994,True
14,Background,102400,1.06434,1.093641097,0.02930109699999983,106400,True
16,Background,10240,1.06765,1.12374189,0.05609189000000003,10838,True
8,Background,10240,1.07113,1.261835984,0.19070598400000005,106400,True
7,Background,1048576,1.07353,1.169407538,0.09587753799999987,106400,True
9,Background,104857600,1.07781,1.277348336,0.19953833600000004,10838,True
5,Background,102400,1.08064,1.532631949,0.45199194899999995,106400,True
17,Background,10240,1.08104,1.12374189,0.04270189000000002,10838,True
11,Background,10485760,1.08119,1.311578806,0.2303888059999999,106400,True
8,Background,1024,1.08366,1.169407538,0.0857475379999999,106400,True
15,Background,10240,1.0871,1.093641097,0.00654109699999994,106400,True
9,Background,102400,1.08834,1.145695544,0.05735554399999998,106400,True
10,Background,102400,1.08959,1.303078551,0.21348855099999997,1087892,True
5,Background,102400,1.09156,1.739766069,0.648206069,10838,True
11,Background,1024,1.09642,1.328994871,0.23257487099999996,1087892,True
10,Background,10240,1.09818,1.468235567,0.3700555670000001,10838,True
12,Background,102400,1.09853,1.352769192,0.254239192,10838,True
7,Background,102400,1.09913,1.834178161,0.7350481610000001,1087892,True
11,Background,10240,1.09998,1.468235567,0.36825556700000006,10838,True
12,Background,1048576,1.10073,1.468235567,0.36750556700000003,10838,True
14,Background,102400,1.10413,1.28139684,0.17726683999999993,10838,True
8,Background,10240,1.10454,1.209465097,0.10492509699999997,1087892,True
10,Background,10240,1.10606,1.444432125,0.338372125,1087892,True
11,Background,10485760,1.10617,1.210684199,0.10451419899999981,106400,True
10,Background,1024,1.10787,1.145695544,0.037825544000000155,106400,True
6,Background,1048576,1.10802,1.543315009,0.43529500900000007,10876994,True
12,Background,1048576,1.10993,1.211093042,0.10116304199999981,10838,True
11,Background,102400,1.11188,1.240185261,0.12830526099999995,10838,True
7,Background,10485760,1.11599,1.253811905,0.13782190500000002,10838,True
11,Background,102400,1.11769,1.240361487,0.12267148699999986,10838,True
13,Background,10240,1.12406,1.468235567,0.34417556699999996,10838,True
12,Background,1024,1.12493,1.310518462,0.18558846200000012,106400,True
12,Background,1048576,1.12568,1.215533496,0.08985349599999992,1087892,True
11,Background,1024,1.1303,1.303078551,0.17277855099999995,1087892,True
14,Background,10240,1.13203,1.468235567,0.3362055669999999,10838,True
16,Background,102400,1.1326,1.285747228,0.1531472279999999,10838,True
13,Background,10240,1.13474,1.524762555,0.3900225549999998,10838,True
14,Background,102400,1.14045,1.157621289,0.01717128899999998,106400,True
9,Background,10485760,1.14202,1.342473188,0.200453188,1244,True
10,Background,102400,1.14295,1.392861323,0.24991132300000007,1087892,True
8,Background,1048576,1.14366,1.263944698,0.12028469800000008,1244,True
12,Background,1048576,1.14392,1.80229384,0.6583738399999999,10876994,True
18,Background,1048576,1.14463,1.223998714,0.0793687139999999,106400,True
7,Background,1048576,1.14665,1.679710803,0.5330608030000001,108768230,True
17,Background,1024,1.14719,1.403982772,0.25679277200000006,106400,True
10,Background,1048576,1.14875,1.337197116,0.18844711600000008,106400,True
10,Background,102400,1.15091,1.305066516,0.1541565159999998,106400,True
11,Background,102400,1.15162,1.45567349,0.3040534899999998,106400,True
7,Background,1048576,1.1559,1.157303241,0.0014032409999999995,106400,True
15,Background,102400,1.15639,1.157621289,0.0012312889999999133,106400,True
8,Background,1048576,1.16053,1.679710803,0.519180803,108768230,True
14,Background,1048576,1.16095,1.176916828,0.015966828000000044,1087892,True
9,Background,10240,1.16425,1.249897655,0.08564765500000004,1087892,True
16,Background,102400,1.16539,1.336961144,0.17157114400000006,1244,True
11,Background,10485760,1.16618,1.275866965,0.10968696500000008,10838,True
16,Background,104857600,1.16678,1.3214693,0.15468930000000003,106400,True
10,Background,10485760,1.17608,1.277348336,0.10126833599999996,10838,True
18,Background,1024,1.17635,1.403982772,0.22763277199999998,106400,True
10,Background,1024,1.17666,1.248032158,0.07137215799999996,10838,True
17,Background,10240,1.17716,1.285747228,0.10858722799999998,10838,True
18,Background,10485760,1.17757,1.285747228,0.10817722799999996,10838,True
13,Background,10240,1.18203,1.397200624,0.21517062399999998,1244,True
8,Background,10485760,1.18208,1.968299359,0.786219359,10838,True
6,Background,10240,1.18317,1.512640518,0.32947051799999993,106400,True
11,Background,1048576,1.18324,1.305066516,0.12182651599999983,106400,True
12,Background,1024,1.18436,1.255793442,0.07143344200000001,1244,True
13,Background,1024,1.18917,1.207837633,0.01866763299999996,1244,True
10,Background,10485760,1.18932,1.335332955,0.146012955,10838,True
11,Background,102400,1.18939,1.248032158,0.058642158000000055,10838,True
15,Background,1024,1.19024,1.28139684,0.09115684000000002,10838,True
12,Background,1048576,1.19056,1.240185261,0.049625260999999865,10838,True
14,Background,1048576,1.19121,1.207837633,0.01662763299999992,1244,True
16,Background,102400,1.19195,1.28139684,0.08944683999999992,10838,True
16,Background,10240,1.20006,1.206369931,0.006309931000000102,1087892,True
12,Background,1024,1.20019,1.311578806,0.1113888059999999,106400,True
9,Background,10240,1.20327,1.679710803,0.476440803,108768230,True
11,Background,102400,1.20572,1.215643925,0.009923925000000056,10838,True
7,Background,1024,1.2066,1.543315009,0.3367150090000002,10876994,True
12,Background,10240,1.20666,1.275866965,0.06920696500000001,10838,True
14,Background,102400,1.208,1.397200624,0.18920062399999993,1244,True
13,Background,102400,1.20833,1.275866965,0.06753696500000017,10838,True
12,Background,102400,1.21013,1.45567349,0.24554348999999998,106400,True
12,Background,1048576,1.21036,1.303774516,0.09341451599999995,1087892,True
19,Background,102400,1.2109,1.223998714,0.013098713999999845,106400,True
6,Background,102400,1.21091,1.739766069,0.5288560690000002,10838,True
13,Background,1048576,1.21219,1.370301257,0.15811125699999984,10838,True
13,Background,102400,1.22333,1.352769192,0.12943919199999998,10838,True
4,Background,10240,1.22397,1.975761014,0.7517910139999999,10838,True
12,Background,1048576,1.22527,1.43494174,0.20967173999999988,1244,True
8,Background,1024,1.22867,1.543315009,0.31464500900000014,10876994,True
15,Background,1024,1.2287,1.384535335,0.15583533500000013,10838,True
9,Background,10240,1.2301,1.668954473,0.43885447300000013,10838,True
10,Background,102400,1.23207,1.249897655,0.017827655000000053,1087892,True
11,Background,1024,1.23306,1.335332955,0.10227295499999989,10838,True
9,Background,10240,1.237,1.382937022,0.1459370219999998,1087892,True
17,Background,1048576,1.23716,1.28139684,0.044236839999999944,10838,True
17,Background,102400,1.24013,1.336961144,0.09683114400000004,1244,True
19,Background,102400,1.24167,1.285747228,0.04407722799999991,10838,True
13,Background,1024,1.24227,1.311578806,0.069308806,106400,True
13,Background,10240,1.24487,1.45567349,0.21080348999999998,106400,True
15,Background,102400,1.24578,1.468235567,0.2224555669999999,10838,True
13,Background,10240,1.24889,1.560859072,0.3119690719999999,106400,True
11,Background,10240,1.25016,1.392861323,0.14270132300000005,1087892,True
6,Background,10240,1.25218,1.532631949,0.2804519489999999,106400,True
5,Background,1024,1.25285,1.975761014,0.7229110139999999,10838,True
9,Background,10240,1.25298,1.656571177,0.403591177,106400,True
14,Background,102400,1.25343,1.560859072,0.3074290719999999,106400,True
18,Background,102400,1.25374,1.336961144,0.08322114399999991,1244,True
10,Background,102400,1.255,1.679710803,0.4247108030000002,108768230,True
7,Background,104857600,1.25634,1.739766069,0.48342606900000007,10838,True
9,Background,10485760,1.25648,1.499355544,0.2428755439999999,106400,True
11,Background,10240,1.25763,1.719801969,0.4621719689999999,10876994,True
19,Background,102400,1.25812,1.403982772,0.14586277200000008,106400,True
14,Background,10240,1.25935,1.311578806,0.052228806000000016,106400,True
9,Background,102400,1.25957,1.543315009,0.283745009,10876994,True
16,Background,10240,1.26133,1.468235567,0.20690556699999996,10838,True
10,Background,10240,1.26223,1.342473188,0.08024318800000008,1244,True
16,Background,102400,1.26246,1.384535335,0.12207533500000012,10838,True
11,Background,1048576,1.26427,1.277348336,0.013078335999999968,10838,True
20,Background,102400,1.26609,1.403982772,0.13789277200000005,106400,True
11,Background,10240,1.26784,1.444432125,0.176592125,1087892,True
13,Background,1048576,1.27103,1.310518462,0.039488462,106400,True
8,Background,102400,1.27181,1.356042088,0.08423208799999982,106400,True
11,Background,102400,1.27807,1.687063945,0.40899394499999997,10838,True
15,Background,1048576,1.27855,1.560859072,0.2823090719999999,106400,True
11,Background,10240,1.28152,1.285208122,0.003688122000000016,106400,True
12,Background,10485760,1.28157,1.335332955,0.053762954999999835,10838,True
13,Background,1024,1.28192,1.335332955,0.053412954999999984,10838,True
11,Background,102400,1.28265,1.342473188,0.05982318799999997,1244,True
13,Background,1048576,1.28515,1.43494174,0.14979173999999995,1244,True
12,Background,102400,1.28585,1.296250153,0.010400152999999968,10838,True
12,Background,104857600,1.28765,1.719801969,0.43215196899999997,10876994,True
13,Background,10240,1.288,1.80229384,0.5142938399999999,10876994,True
9,Background,1048576,1.28831,1.356042088,0.06773208799999986,106400,True
13,Background,1048576,1.28936,1.390458508,0.10109850799999998,106400,True
12,Background,10240,1.28983,1.392861323,0.10303132299999995,1087892,True
14,Background,10240,1.29143,1.394275712,0.10284571199999992,106400,True
9,Background,1048576,1.29202,1.596798514,0.3047785140000001,106400,True
9,Background,102400,1.29204,1.353708066,0.061668065999999966,106400,True
20,Background,10485760,1.29293,1.324333714,0.03140371400000008,106400,True
12,Background,10240,1.29385,1.303078551,0.009228551000000085,1087892,True
14,Background,1048576,1.29438,1.43494174,0.14056173999999988,1244,True
8,Background,1048576,1.29519,1.739766069,0.444576069,10838,True
13,Background,10240,1.29571,1.303774516,0.008064516000000133,1087892,True
16,Background,1024,1.29686,1.560859072,0.26399907200000006,106400,True
12,Background,102400,1.29759,1.444432125,0.14684212500000005,1087892,True
12,Background,1048576,1.30035,1.47949188,0.1791418800000002,1087892,True
10,Background,1024,1.30133,1.596798514,0.29546851399999996,106400,True
20,Background,1048576,1.30435,1.460081692,0.15573169200000003,106400,True
12,Background,102400,1.30463,1.687063945,0.38243394500000005,10838,True
17,Background,10240,1.30481,1.560859072,0.25604907199999993,106400,True
14,Background,102400,1.30516,1.352769192,0.04760919199999991,10838,True
12,Background,102400,1.3089,1.331421366,0.022521366000000098,1244,True
21,Background,102400,1.30918,1.324333714,0.015153713999999985,106400,True
10,Background,1024,1.31006,1.353708066,0.04364806600000004,106400,True
18,Background,102400,1.31352,1.560859072,0.24733907199999994,106400,True
17,Background,1048576,1.31524,1.3214693,0.006229299999999993,106400,True
14,Background,1048576,1.31586,1.45567349,0.13981348999999987,106400,True
13,Background,1024,1.31691,1.34880562,0.03189562000000001,106400,True
13,Background,102400,1.3175,1.395574481,0.07807448100000003,10838,True
7,Background,1048576,1.31793,1.512640518,0.19471051799999994,106400,True
15,Background,1048576,1.31821,1.43494174,0.11673173999999986,1244,True
17,Background,1024,1.31886,1.468235567,0.1493755670000001,10838,True
8,Background,1024,1.31949,1.412560314,0.09307031399999999,1244,True
18,Background,10240,1.32187,1.468235567,0.14636556699999992,10838,True
13,Background,102400,1.32415,1.47949188,0.15534188000000015,1087892,True
13,Background,102400,1.32798,1.781467669,0.45348766900000004,1087892,True
10,Background,10485760,1.33151,1.543315009,0.2118050090000001,10876994,True
14,Background,104857600,1.33307,1.524762555,0.19169255499999993,10838,True
18,Background,102400,1.33367,1.375716471,0.04204647100000014,10838,True
11,Background,10240,1.33762,1.543315009,0.20569500900000004,10876994,True
12,Background,10240,1.33874,1.616342841,0.277602841,106400,True
11,Background,10485760,1.34128,1.37806232,0.036782319999999924,106400,True
11,Background,10240,1.34157,1.624651847,0.28308184700000005,1087892,True
12,Background,1048576,1.34244,1.672919732,0.3304797319999999,1087892,True
12,Background,102400,1.34292,1.37806232,0.03514232000000006,106400,True
14,Background,10240,1.34302,1.80229384,0.4592738399999998,10876994,True
9,Background,10240,1.34782,1.412560314,0.06474031400000002,1244,True
15,Background,1048576,1.34869,1.80229384,0.45360384,10876994,True
21,Background,102400,1.35008,1.460081692,0.11000169199999998,106400,True
6,Background,1048576,1.35069,1.975761014,0.625071014,10838,True
14,Background,1024,1.35646,1.37883849,0.022378489999999918,1087892,True
19,Background,102400,1.35649,1.560859072,0.20436907199999998,106400,True
15,Background,10485760,1.35862,1.37883849,0.020218489999999978,1087892,True
15,Background,102400,1.35862,1.471900415,0.11328041499999997,10876994,True
14,Background,1048576,1.36084,1.439018306,0.07817830599999986,1244,True
15,Background,10240,1.36116,1.457961306,0.09680130600000014,1244,True
7,Background,102400,1.36285,1.532631949,0.1697819490000001,106400,True
14,Background,10240,1.3655,1.536529564,0.17102956400000013,106400,True
13,Background,1048576,1.3668,1.444432125,0.07763212500000005,1087892,True
13,Background,102400,1.36886,1.616342841,0.24748284100000006,106400,True
16,Background,1024,1.36992,1.80229384,0.4323738399999999,10876994,True
8,Background,102400,1.37049,1.834178161,0.4636881610000001,1087892,True
7,Background,102400,1.37315,1.975761014,0.6026110139999998,10838,True
19,Background,10240,1.37579,1.375716471,-7.352900000001661e-05,10838,True
19,Background,1048576,1.37591,1.45073344,0.07482344000000007,106400,True
7,Background,1024,1.37744,1.555892136,0.17845213599999998,1244,True
13,Background,10485760,1.3805,1.465118735,0.08461873499999983,10838,True
14,Background,102400,1.38083,1.781467669,0.400637669,1087892,True
10,Background,1024,1.38164,1.98676471,0.6051247100000001,1244,True
17,Background,1048576,1.38224,1.80229384,0.42005384,10876994,True
11,Background,10240,1.38328,1.679710803,0.296430803,108768230,True
19,Background,1024,1.38369,1.468235567,0.08454556699999993,10838,True
15,Background,102400,1.38544,1.569543481,0.18410348099999996,106400,True
10,Background,102400,1.38631,1.668954473,0.2826444730000002,10838,True
9,Background,10240,1.3865,1.968299359,0.5817993589999999,10838,True
12,Background,10240,1.38919,1.519676776,0.13048677600000014,106400,True
17,Background,10485760,1.39124,1.413835771,0.022595770999999987,10838,True
16,Background,102400,1.39149,1.471900415,0.08041041500000001,10876994,True
11,Background,10240,1.39168,1.768067209,0.376387209,1087892,True
10,Background,1024,1.39401,1.453298142,0.05928814199999999,1244,True
15,Background,1024,1.39541,1.397200624,0.0017906239999998519,1244,True
9,Background,10485760,1.39727,1.834178161,0.4369081610000001,1087892,True
15,Background,10485760,1.39866,1.524762555,0.1261025549999999,10838,True
15,Background,10485760,1.39955,1.568235085,0.1686850849999999,10876994,True
10,Background,1048576,1.39981,1.569048265,0.16923826499999994,10838,True
15,Background,102400,1.39982,1.45567349,0.05585348999999984,106400,True
20,Background,1048576,1.39984,1.468235567,0.06839556700000005,10838,True
13,Background,10240,1.40164,2.365551473,0.963911473,108768230,True
15,Background,102400,1.40189,1.439018306,0.03712830599999983,1244,True
12,Background,1024,1.40436,1.768067209,0.363707209,1087892,True
13,Background,10240,1.4055,1.672919732,0.267419732,1087892,True
11,Background,10240,1.40594,1.668954473,0.26301447300000014,10838,True
20,Background,1024,1.40673,1.435863471,0.029133470999999966,1087892,True
14,Background,102400,1.40708,2.365551473,0.9584714729999999,108768230,True
20,Background,102400,1.40806,1.45073344,0.04267343999999995,106400,True
17,Background,102400,1.40829,1.472663112,0.06437311199999995,106400,True
16,Background,102400,1.41018,1.45567349,0.045493489999999914,106400,True
12,Background,1024,1.41049,2.009914961,0.5994249610000002,10838,True
20,Background,102400,1.41346,1.560859072,0.14739907200000002,106400,True
14,Background,104857600,1.41457,1.705485418,0.290915418,106400,True
13,Background,10240,1.42069,1.687063945,0.266373945,10838,True
14,Background,1048576,1.42614,1.672919732,0.24677973200000003,1087892,True
18,Background,10240,1.42642,1.51673793,0.09031792999999988,10838,True
12,Background,10240,1.42734,1.543315009,0.11597500900000002,10876994,True
10,Background,102400,1.42736,1.499355544,0.07199554399999997,106400,True
15,Background,1048576,1.42914,1.705485418,0.276345418,106400,True
11,Background,10240,1.43046,1.453298142,0.022838141999999895,1244,True
14,Background,1048576,1.43633,1.47949188,0.043161879999999986,1087892,True
16,Background,1048576,1.43834,1.44484257,0.006502570000000096,1244,True
15,Background,1048576,1.43848,1.822594036,0.38411403599999994,1244,True
15,Background,102400,1.43913,1.781467669,0.34233766899999996,1087892,True
16,Background,10240,1.44099,1.469015999,0.028025999000000024,106400,True
15,Background,102400,1.44153,1.821889369,0.380359369,1244,True
9,Background,102400,1.44281,1.739766069,0.29695606900000016,10838,True
16,Background,1048576,1.44486,1.822594036,0.3777340359999999,1244,True
12,Background,102400,1.44594,1.64739713,0.2014571300000001,1087892,True
16,Background,10240,1.44929,1.465220925,0.01593092499999993,10838,True
16,Background,102400,1.45,1.569543481,0.11954348100000001,106400,True
13,Background,102400,1.45017,1.768067209,0.31789720900000007,1087892,True
16,Background,1024,1.4526,1.524762555,0.07216255500000002,10838,True
10,Background,10240,1.45389,1.834178161,0.3802881610000002,1087892,True
14,Background,10240,1.45494,1.768067209,0.31312720900000013,1087892,True
15,Background,102400,1.45586,1.47949188,0.02363188000000016,1087892,True
15,Background,1048576,1.45764,2.365551473,0.907911473,108768230,True
8,Background,1048576,1.4582,1.512640518,0.05444051800000005,106400,True
13,Background,1048576,1.45829,2.009914961,0.5516249610000001,10838,True
15,Background,1048576,1.45915,1.536529564,0.07737956400000012,106400,True
10,Background,10240,1.46015,1.968299359,0.5081493589999999,10838,True
12,Background,1048576,1.46214,1.63430969,0.17216969000000004,1087892,True
16,Background,10240,1.46575,1.705485418,0.23973541799999998,106400,True
17,Background,10240,1.46586,1.705485418,0.23962541800000015,106400,True
16,Background,102400,1.466,1.741429801,0.27542980100000003,106400,True
14,Background,102400,1.46693,1.525799884,0.05886988399999993,106400,True
15,Background,102400,1.46703,1.525799884,0.05876988399999994,106400,True
13,Background,102400,1.46704,1.64739713,0.1803571300000002,1087892,True
17,Background,10485760,1.46716,1.750448989,0.2832889889999999,108768230,True
13,Background,1048576,1.46819,1.63430969,0.16611968999999993,1087892,True
8,Background,1024,1.46841,1.532631949,0.064221949,106400,True
21,Background,1048576,1.47015,1.470740649,0.0005906489999998321,10838,True
12,Background,102400,1.47262,1.668954473,0.19633447300000006,10838,True
12,Background,10240,1.47502,1.885534856,0.41051485600000004,10838,True
17,Background,1024,1.47703,1.537591835,0.0605618349999999,10876994,True
8,Background,1048576,1.47816,1.975761014,0.497601014,10838,True
13,Background,10240,1.47953,1.574333946,0.09480394600000008,106400,True
14,Background,102400,1.4806,1.498326151,0.01772615100000019,10838,True
9,Background,1048576,1.48235,1.512640518,0.030290517999999933,106400,True
17,Background,1024,1.48278,2.11470746,0.63192746,106400,True
18,Background,102400,1.48323,1.80229384,0.3190638399999999,10876994,True
14,Background,102400,1.48367,1.754168085,0.27049808500000005,106400,True
8,Background,1048576,1.48415,1.555892136,0.0717421359999999,1244,True
11,Background,10485760,1.48486,1.569048265,0.08418826499999987,10838,True
16,Background,102400,1.48836,1.536529564,0.048169564000000165,106400,True
14,Background,102400,1.49012,1.64739713,0.1572771300000002,1087892,True
17,Background,104857600,1.49133,1.822594036,0.3312640359999999,1244,True
9,Background,102400,1.49321,1.532631949,0.03942194900000007,106400,True
16,Background,10240,1.49399,1.568235085,0.07424508500000004,10876994,True
14,Background,1024,1.49738,1.63430969,0.1369296900000001,1087892,True
9,Background,1048576,1.49819,1.555892136,0.05770213600000007,1244,True
14,Background,102400,1.50051,1.613988549,0.1134785490000001,1087892,True
18,Background,102400,1.50191,1.816392761,0.31448276099999983,106400,True
10,Background,102400,1.50233,1.656571177,0.15424117700000006,106400,True
15,Background,1048576,1.50292,1.64739713,0.14447713000000006,1087892,True
10,Background,1024,1.50398,1.532631949,0.0286519489999999,106400,True
8,Background,10240,1.50918,1.737508113,0.2283281130000001,1087892,True
19,Background,102400,1.51056,1.816392761,0.305832761,106400,True
15,Background,1024,1.51472,1.613988549,0.09926854900000004,1087892,True
18,Background,102400,1.51489,2.11470746,0.5998174599999999,106400,True
18,Background,1048576,1.51832,1.750448989,0.232128989,108768230,True
21,Background,1024,1.51975,1.560859072,0.041109072000000024,106400,True
11,Background,10240,1.52324,1.596798514,0.07355851400000013,106400,True
11,Background,102400,1.52358,1.656571177,0.13299117700000007,106400,True
9,Background,1024,1.52412,1.737508113,0.21338811300000016,1087892,True
17,Background,102400,1.5258,1.70734482,0.18154482000000005,106400,True
15,Background,102400,1.52602,1.671055035,0.14503503500000003,106400,True
16,Background,10240,1.527,1.583890746,0.0568907460000001,10876994,True
18,Background,102400,1.52754,1.822594036,0.295054036,1244,True
22,Background,1024,1.5289,1.560859072,0.03195907200000003,106400,True
11,Background,102400,1.52894,1.968299359,0.439359359,10838,True
16,Background,10240,1.53105,1.781467669,0.25041766899999995,1087892,True
17,Background,10240,1.53158,1.781467669,0.24988766900000003,1087892,True
14,Background,10485760,1.53185,1.616342841,0.0844928410000001,106400,True
19,Background,10240,1.53236,2.11470746,0.58234746,106400,True
7,Background,104857600,1.53654,1.816042467,0.2795024669999999,10838,True
14,Background,1048576,1.54444,1.907063617,0.3626236169999999,106400,True
15,Background,1024,1.54527,1.907063617,0.361793617,106400,True
15,Background,1048576,1.5493,1.754168085,0.2048680850000002,106400,True
17,Background,102400,1.55143,1.583890746,0.03246074599999993,10876994,True
20,Background,10240,1.55319,2.11470746,0.5615174599999999,106400,True
19,Background,1048576,1.55436,1.80229384,0.24793383999999996,10876994,True
16,Background,10485760,1.5546,1.778454561,0.223854561,10838,True
19,Background,10240,1.55465,1.79707113,0.24242112999999987,10876994,True
16,Background,10240,1.55639,1.64739713,0.09100713000000016,1087892,True
10,Background,102400,1.56176,1.739766069,0.17800606900000004,10838,True
18,Background,1048576,1.56256,1.781467669,0.21890766900000003,1087892,True
18,Background,10240,1.5626,1.60162585,0.03902585000000003,1087892,True
19,Background,1048576,1.56389,1.579144202,0.015254201999999939,106400,True
15,Background,10240,1.56504,1.768067209,0.20302720900000004,1087892,True
13,Background,1024,1.56655,1.739947049,0.17339704899999986,1244,True
21,Background,10240,1.56672,1.890593904,0.32387390400000005,1244,True
19,Background,10240,1.56946,1.781467669,0.2120076689999999,1087892,True
19,Background,1024,1.56952,1.822594036,0.2530740359999999,1244,True
9,Background,1024,1.56971,1.975761014,0.406051014,10838,True
21,Background,1024,1.57007,2.11470746,0.5446374599999999,106400,True
13,Background,10240,1.57238,1.668954473,0.096574473,10838,True
20,Background,10240,1.57336,1.822594036,0.24923403599999983,1244,True
12,Background,1024,1.57443,1.787951626,0.2135216259999999,1087892,True
18,Background,10485760,1.57507,1.986107166,0.41103716600000006,10876994,True
19,Background,102400,1.58373,1.60162585,0.017895849999999935,1087892,True
10,Background,10485760,1.5845,1.923480638,0.338980638,106400,True
11,Background,102400,1.58568,1.98676471,0.4010847100000001,1244,True
16,Background,102400,1.58613,1.806355225,0.22022522499999986,106400,True
17,Background,10240,1.58637,1.730411151,0.14404115099999992,1087892,True
12,Background,102400,1.5872,1.596798514,0.009598514000000113,106400,True
12,Background,104857600,1.58886,1.883991806,0.2951318060000001,106400,True
11,Background,102400,1.58899,1.608645273,0.01965527300000014,1087892,True
21,Background,10240,1.58983,1.822594036,0.23276403599999984,1244,True
13,Background,1024,1.59084,1.596798514,0.005958514000000026,106400,True
17,Background,102400,1.59186,1.686733328,0.09487332800000003,106400,True
14,Background,102400,1.59198,1.849770817,0.25779081700000006,106400,True
22,Background,102400,1.59388,1.746710933,0.15283093299999995,10838,True
12,Background,1024,1.59444,1.968299359,0.3738593589999999,10838,True
8,Background,1048576,1.59466,1.816042467,0.22138246699999997,10838,True
12,Background,104857600,1.59679,1.608645273,0.01185527300000011,1087892,True
15,Background,10240,1.59812,1.672919732,0.07479973200000001,1087892,True
16,Background,102400,1.59885,1.907063617,0.30821361699999983,106400,True
16,Background,102400,1.59894,1.613988549,0.015048549000000078,1087892,True
17,Background,102400,1.6019,1.806355225,0.2044552249999998,106400,True
14,Background,1048576,1.60205,1.75173984,0.14968983999999996,106400,True
11,Background,10240,1.60625,2.442092066,0.8358420659999999,10838,True
22,Background,10240,1.60735,2.11470746,0.5073574599999999,106400,True
22,Background,102400,1.60786,1.890593904,0.28273390399999987,1244,True
11,Background,10485760,1.60851,1.923480638,0.3149706379999999,106400,True
10,Background,102400,1.60941,1.737508113,0.12809811300000007,1087892,True
13,Background,1048576,1.61071,1.787951626,0.17724162599999982,1087892,True
15,Background,10485760,1.61142,1.718340947,0.10692094699999988,106400,True
16,Background,1048576,1.61222,1.672919732,0.060699732000000006,1087892,True
20,Background,10485760,1.61443,1.80229384,0.1878638399999999,10876994,True
13,Background,10240,1.61572,1.968299359,0.3525793589999999,10838,True
16,Background,10240,1.61633,2.365551473,0.749221473,108768230,True
20,Background,1048576,1.61641,1.729032025,0.11262202500000007,10876994,True
13,Background,1024,1.61741,1.883991806,0.26658180600000003,106400,True
17,Background,102400,1.61853,1.735465083,0.116935083,10838,True
18,Background,10240,1.61919,1.735465083,0.11627508300000011,10838,True
20,Background,102400,1.61965,1.816392761,0.19674276099999988,106400,True
14,Background,102400,1.62467,1.787951626,0.16328162599999985,1087892,True
21,Background,1048576,1.62588,1.714492163,0.08861216300000008,106400,True
12,Background,10240,1.62625,2.442092066,0.8158420659999999,10838,True
10,Background,10240,1.62714,1.695177785,0.06803778500000002,106400,True
13,Background,102400,1.62764,2.442092066,0.8144520659999999,10838,True
17,Background,102400,1.63006,1.907063617,0.27700361699999987,106400,True
19,Background,10240,1.63026,1.986107166,0.355847166,10876994,True
15,Background,102400,1.63164,1.75173984,0.12009983999999996,106400,True
14,Background,1048576,1.63279,2.009914961,0.37712496100000026,10838,True
11,Background,102400,1.63448,1.737508113,0.10302811300000014,1087892,True
16,Background,1048576,1.63602,1.768067209,0.132047209,1087892,True
13,Background,102400,1.63806,1.719801969,0.08174196899999986,10876994,True
14,Background,10240,1.63842,1.668954473,0.030534473000000117,10838,True
17,Background,1024,1.63897,1.862408853,0.223438853,108768230,True
14,Background,10240,1.64234,1.719801969,0.07746196900000002,10876994,True
20,Background,102400,1.64278,1.986107166,0.34332716600000013,10876994,True
15,Background,10240,1.6437,2.192995212,0.5492952120000001,1244,True
11,Background,10240,1.64439,1.695177785,0.05078778500000003,106400,True
23,Background,10240,1.64639,1.746710933,0.10032093299999989,10838,True
16,Background,102400,1.64871,1.754168085,0.1054580850000002,106400,True
18,Background,102400,1.65217,1.806355225,0.15418522499999998,106400,True
15,Background,10485760,1.6527,1.787951626,0.13525162599999985,1087892,True
21,Background,10240,1.65406,1.687914896,0.03385489600000002,106400,True
21,Background,10240,1.65478,1.986107166,0.3313271660000001,10876994,True
19,Background,1024,1.65582,1.806355225,0.15053522499999983,106400,True
23,Background,10240,1.65797,2.11470746,0.45673746000000004,106400,True
20,Background,102400,1.661,1.806355225,0.14535522499999987,106400,True
15,Background,1048576,1.6614,1.849770817,0.18837081700000002,106400,True
12,Background,1048576,1.66147,1.724410009,0.06294000900000007,106400,True
21,Background,104857600,1.66203,1.729032025,0.06700202500000008,10876994,True
16,Background,1048576,1.66402,1.849770817,0.18575081699999996,106400,True
20,Background,1048576,1.66501,1.79707113,0.13206112999999986,10876994,True
22,Background,1024,1.66545,1.843494906,0.178044906,106400,True
17,Background,102400,1.66846,1.672919732,0.0044597319999999385,1087892,True
20,Background,102400,1.67162,1.713914401,0.042294400999999926,1244,True
13,Background,10240,1.67259,2.534261738,0.8616717380000001,10876994,True
15,Background,10240,1.67688,1.753923145,0.07704314499999998,1087892,True
18,Background,10240,1.68041,1.706041154,0.025631154000000045,1244,True
17,Background,10240,1.68045,1.72309604,0.04264603999999994,106400,True
24,Background,10240,1.68143,2.11470746,0.43327746,106400,True
21,Background,10485760,1.68281,1.80229384,0.11948384000000001,10876994,True
14,Background,1024,1.68459,2.442092066,0.7575020659999998,10838,True
19,Background,1048576,1.68491,1.706041154,0.021131154000000096,1244,True
18,Background,1048576,1.68733,1.705485418,0.01815541800000009,106400,True
13,Background,102400,1.69238,1.758452489,0.06607248899999996,10838,True
12,Background,10240,1.6966,2.366500316,0.6699003160000001,10838,True
15,Background,1048576,1.69715,2.009914961,0.3127649610000003,10838,True
16,Background,102400,1.69873,1.718340947,0.01961094699999988,106400,True
11,Background,102400,1.69891,1.739766069,0.04085606900000016,10838,True
21,Background,1024,1.69941,1.806355225,0.10694522499999981,106400,True
25,Background,1048576,1.70345,2.11470746,0.4112574600000001,106400,True
11,Background,10240,1.70641,2.161678576,0.4552685759999999,106400,True
17,Background,10240,1.70703,2.365551473,0.658521473,108768230,True
18,Background,10485760,1.70716,1.907063617,0.19990361699999992,106400,True
12,Background,10240,1.70886,1.923480638,0.21462063799999997,106400,True
22,Background,10485760,1.70889,1.986107166,0.277217166,10876994,True
15,Background,102400,1.70968,1.779376039,0.06969603899999988,1087892,True
14,Background,10240,1.71086,1.867489284,0.15662928399999987,106400,True
21,Background,1048576,1.71141,1.713914401,0.002504400999999934,1244,True
18,Background,102400,1.71229,1.747859673,0.03556967299999991,10838,True
13,Background,102400,1.71378,1.923480638,0.20970063799999994,106400,True
15,Background,1048576,1.71516,1.867489284,0.1523292839999999,106400,True
12,Background,1048576,1.71564,2.161678576,0.44603857599999985,106400,True
22,Background,10485760,1.71741,1.806355225,0.0889452249999998,106400,True
19,Background,102400,1.71842,1.813767666,0.09534766599999989,106400,True
13,Background,10240,1.71958,2.366500316,0.6469203160000001,10838,True
16,Background,102400,1.7207,1.779376039,0.05867603900000007,1087892,True
22,Background,10240,1.72104,1.88540311,0.16436311000000003,1087892,True
20,Background,102400,1.72297,1.876273522,0.15330352200000008,106400,True
18,Background,1048576,1.72458,2.001640934,0.2770609340000001,1087892,True
24,Background,1048576,1.72708,1.746710933,0.01963093299999996,10838,True
18,Background,1024,1.72754,1.87586008,0.14832007999999997,1087892,True
12,Background,10240,1.72757,1.756781904,0.029211903999999844,1244,True
22,Background,10240,1.72856,1.80229384,0.07373383999999983,10876994,True
20,Background,102400,1.73385,1.813767666,0.07991766600000005,106400,True
21,Background,102400,1.73432,1.813767666,0.07944766599999986,106400,True
23,Background,1024,1.73653,1.88540311,0.14887311000000003,1087892,True
9,Background,1048576,1.74254,1.816042467,0.07350246699999996,10838,True
12,Background,102400,1.74387,1.919669704,0.1757997039999999,1244,True
22,Background,10485760,1.74391,1.813767666,0.06985766599999987,106400,True
25,Background,102400,1.74434,1.746710933,0.0023709329999999085,10838,True
23,Background,1048576,1.74484,1.806355225,0.06151522499999995,106400,True
12,Background,10240,1.74707,1.98676471,0.2396947100000002,1244,True
15,Background,10240,1.74711,1.835147896,0.08803789600000012,1244,True
23,Background,1024,1.74713,1.890593904,0.14346390399999986,1244,True
21,Background,102400,1.74716,1.79707113,0.049911129999999915,10876994,True
13,Background,102400,1.74838,1.976659526,0.2282795259999999,10838,True
21,Background,1048576,1.74892,1.816392761,0.06747276099999988,106400,True
23,Background,102400,1.749,1.986107166,0.23710716599999992,10876994,True
14,Background,10240,1.74906,2.233503357,0.48444335699999996,10876994,True
16,Background,102400,1.74927,1.75173984,0.0024698399999998344,106400,True
13,Background,102400,1.74993,1.919669704,0.16973970399999994,1244,True
21,Background,102400,1.75134,1.876273522,0.12493352200000007,106400,True
14,Background,1048576,1.75237,1.758452489,0.006082488999999969,10838,True
24,Background,1024,1.75237,1.986107166,0.23373716600000005,10876994,True
22,Background,1048576,1.75597,1.876273522,0.12030352199999994,106400,True
14,Background,1048576,1.75603,1.923480638,0.16745063800000004,106400,True
17,Background,10240,1.75969,1.767070342,0.00738034200000004,1087892,True
17,Background,102400,1.76027,1.768067209,0.007797209000000027,1087892,True
17,Background,102400,1.76163,2.018593433,0.2569634329999999,1087892,True
22,Background,10240,1.7625,1.816392761,0.053892760999999956,106400,True
17,Background,10240,1.76387,1.8762763,0.11240629999999996,1244,True
16,Background,102400,1.76483,1.896888975,0.13205897500000008,1087892,True
16,Background,1048576,1.76644,1.867489284,0.1010492839999999,106400,True
18,Background,102400,1.76928,1.8762763,0.10699630000000004,1244,True
23,Background,102400,1.77129,1.80229384,0.031003839999999894,10876994,True
10,Background,102400,1.77454,1.975761014,0.20122101399999992,10838,True
16,Background,104857600,1.77531,1.787951626,0.012641625999999961,1087892,True
26,Background,102400,1.77653,1.795029931,0.018499931000000025,1087892,True
16,Background,102400,1.77836,2.009914961,0.23155496100000028,10838,True
18,Background,1048576,1.77887,2.018593433,0.23972343299999999,1087892,True
17,Background,1048576,1.78192,1.867489284,0.08556928399999997,106400,True
19,Background,1048576,1.78376,1.8762763,0.0925163,1244,True
17,Background,10240,1.78499,2.56320436,0.7782143599999998,10838,True
15,Background,1048576,1.78658,1.923480638,0.13690063799999996,106400,True
17,Background,1024,1.7866,1.794382189,0.00778218900000005,1087892,True
17,Background,104857600,1.79405,1.868467134,0.07441713400000016,106400,True
13,Background,10485760,1.7959,2.091722192,0.29582219200000015,1244,True
14,Background,10240,1.79708,2.534261738,0.7371817380000001,10876994,True
24,Background,102400,1.79792,1.88540311,0.08748310999999998,1087892,True
23,Background,102400,1.79936,2.253653898,0.454293898,1087892,True
16,Background,10240,1.80339,1.821889369,0.018499368999999932,1244,True
14,Background,102400,1.80729,2.289615082,0.482325082,1087892,True
22,Background,102400,1.80895,2.119465428,0.31051542799999976,1087892,True
18,Background,1048576,1.81109,1.813214988,0.002124987999999828,10838,True
17,Background,102400,1.81166,1.821889369,0.010229368999999933,1244,True
17,Background,102400,1.81235,2.03722922,0.22487922000000005,106400,True
19,Background,1048576,1.81708,1.948495829,0.13141582900000004,10838,True
19,Background,10485760,1.81976,1.907063617,0.08730361699999989,106400,True
16,Background,10485760,1.82549,2.063455352,0.23796535200000002,106400,True
18,Background,1024,1.82802,1.867489284,0.03946928399999994,106400,True
16,Background,10485760,1.82954,1.923480638,0.09394063800000008,106400,True
18,Background,102400,1.83398,2.56320436,0.7292243599999999,10838,True
18,Background,10240,1.83498,1.976702526,0.1417225259999999,106400,True
23,Background,1048576,1.83686,1.843494906,0.0066349060000001625,106400,True
14,Background,10240,1.83713,2.091722192,0.2545921920000003,1244,True
23,Background,10240,1.84521,2.119465428,0.2742554279999998,1087892,True
17,Background,10240,1.84759,1.849770817,0.002180816999999946,106400,True
20,Background,10240,1.84876,1.948495829,0.09973582900000011,10838,True
20,Background,102400,1.84901,2.128005732,0.27899573200000005,106400,True
21,Background,10485760,1.85015,1.948495829,0.0983458290000001,10838,True
19,Background,102400,1.85132,2.56320436,0.7118843599999998,10838,True
24,Background,102400,1.85464,2.108823683,0.2541836829999997,106400,True
19,Background,102400,1.85891,1.867489284,0.008579283999999854,106400,True
19,Background,10240,1.85956,1.976702526,0.11714252599999986,106400,True
20,Background,102400,1.86011,1.907063617,0.046953617,106400,True
22,Background,1048576,1.86051,1.883485958,0.022975957999999963,1244,True
25,Background,1024,1.86541,1.88540311,0.019993109999999925,1087892,True
26,Background,1048576,1.86725,2.11470746,0.2474574599999999,106400,True
18,Background,102400,1.86925,2.820916131,0.9516661310000001,10876994,True
26,Background,1024,1.87053,1.88540311,0.014873109999999912,1087892,True
14,Background,102400,1.87195,1.919669704,0.04771970399999992,1244,True
13,Background,1048576,1.8739,1.98676471,0.1128647100000002,1244,True
14,Background,10240,1.87678,1.883991806,0.007211806000000154,106400,True
17,Background,10240,1.87727,2.077536198,0.20026619799999978,106400,True
16,Background,102400,1.87854,2.192995212,0.31445521199999993,1244,True
22,Background,1048576,1.87934,2.58301604,0.70367604,10838,True
19,Background,1048576,1.8795,1.953006584,0.07350658399999999,1087892,True
19,Background,10240,1.8806,2.820916131,0.9403161310000001,10876994,True
11,Background,102400,1.88364,1.975761014,0.09212101399999995,10838,True
24,Background,1048576,1.88419,1.905027729,0.020837728999999916,10838,True
15,Background,10240,1.88491,1.919669704,0.034759703999999836,1244,True
24,Background,10240,1.88588,2.196509791,0.310629791,10838,True
22,Background,102400,1.88988,2.082917057,0.19303705699999996,10838,True
19,Background,1048576,1.89019,1.917186777,0.026996776999999916,10876994,True
27,Background,10240,1.89109,2.072580159,0.1814901590000002,1087892,True
17,Background,102400,1.89131,2.009914961,0.11860496100000018,10838,True
15,Background,1048576,1.89201,2.060624616,0.16861461600000016,106400,True
20,Background,102400,1.89356,2.56320436,0.6696443599999999,10838,True
24,Background,1048576,1.89559,2.119465428,0.2238754279999997,1087892,True
23,Background,102400,1.89626,1.998037471,0.1017774709999999,10838,True
18,Background,1048576,1.89696,1.970626406,0.07366640600000007,10838,True
20,Background,1048576,1.89974,2.820916131,0.9211761310000002,10876994,True
21,Background,1048576,1.90199,2.820916131,0.9189261310000001,10876994,True
14,Background,102400,1.90592,1.976659526,0.07073952599999989,10838,True
15,Background,1024,1.90808,2.233503357,0.325423357,10876994,True
24,Background,102400,1.91574,2.253653898,0.33791389800000005,1087892,True
18,Background,1048576,1.91684,2.286533387,0.3696933869999999,106400,True
25,Background,1048576,1.91711,2.108823683,0.1917136829999997,106400,True
23,Background,10240,1.91946,2.139156972,0.21969697199999993,10876994,True
26,Background,102400,1.92075,2.108823683,0.18807368299999982,106400,True
25,Background,102400,1.921,2.253653898,0.332653898,1087892,True
13,Background,10240,1.92552,2.788177311,0.8626573110000002,1244,True
18,Background,1024,1.93193,2.365551473,0.4336214730000001,108768230,True
15,Background,1048576,1.93231,2.289615082,0.3573050820000001,1087892,True
19,Background,10240,1.93457,1.970626406,0.03605640600000015,10838,True
18,Background,10240,1.93481,2.142414587,0.20760458700000028,10838,True
15,Background,1048576,1.93519,2.534261738,0.5990717380000001,10876994,True
18,Background,1024,1.93707,1.955578662,0.018508661999999898,1244,True
17,Background,102400,1.93879,2.063455352,0.12466535200000006,106400,True
18,Background,102400,1.9406,2.009914961,0.06931496100000012,10838,True
17,Background,10240,1.94065,2.116369065,0.17571906500000023,10838,True
19,Background,10485760,1.94146,2.001640934,0.06018093400000013,1087892,True
19,Background,1024,1.94255,2.286533387,0.343983387,106400,True
13,Background,10240,1.94293,2.755027355,0.8120973550000001,1244,True
20,Background,1024,1.94761,2.556526044,0.6089160439999999,106400,True
21,Background,10240,1.94767,2.05585606,0.10818605999999997,106400,True
12,Background,10240,1.95344,1.975761014,0.02232101399999986,10838,True
20,Background,1048576,1.95377,2.06955713,0.11578713000000018,106400,True
11,Background,1024,1.95494,2.079764017,0.12482401700000012,10838,True
19,Background,102400,1.95791,2.018593433,0.0606834329999999,1087892,True
20,Background,10485760,1.96023,1.976702526,0.016472526000000043,106400,True
22,Background,102400,1.96152,2.197459679,0.23593967900000012,106400,True
13,Background,102400,1.96277,1.975761014,0.012991014000000023,10838,True
21,Background,1048576,1.96411,2.556526044,0.5924160439999999,106400,True
18,Background,1024,1.96566,2.077536198,0.11187619799999982,106400,True
24,Background,102400,1.96611,2.139156972,0.17304697199999985,10876994,True
17,Background,10240,1.96682,2.192995212,0.22617521200000001,1244,True
12,Background,10240,1.96785,2.079764017,0.11191401699999992,10838,True
20,Background,102400,1.96828,2.286533387,0.31825338699999994,106400,True
21,Background,102400,1.96961,1.976702526,0.007092525999999877,106400,True
14,Background,1048576,1.97273,2.788177311,0.815447311,1244,True
16,Background,1048576,1.97658,2.534261738,0.5576817380000001,10876994,True
15,Background,10485760,1.97957,2.123471756,0.14390175599999977,106400,True
27,Background,1024,1.9797,2.108823683,0.12912368299999977,106400,True
20,Background,10240,1.98302,2.703759948,0.7207399480000001,10876994,True
28,Background,10240,1.98455,2.072580159,0.08803015900000011,1087892,True
25,Background,102400,1.98686,2.196509791,0.20964979099999992,10838,True
14,Background,104857600,1.98735,2.106188077,0.11883807700000015,10838,True
20,Background,1024,1.98757,2.399842268,0.41227226799999994,10876994,True
12,Background,10240,1.99067,2.183515439,0.19284543899999984,106400,True
25,Background,1024,1.99163,2.290198686,0.2985686860000001,1087892,True
24,Background,1048576,1.99254,2.075669064,0.08312906399999997,106400,True
19,Background,102400,1.99432,2.365551473,0.3712314729999999,108768230,True
16,Background,1024,1.99459,2.233503357,0.23891335699999994,10876994,True
18,Background,1024,1.99742,2.116369065,0.11894906500000024,10838,True
20,Background,1024,2.00005,2.008754403,0.008704403000000305,10838,True
21,Background,10240,2.00084,2.703759948,0.7029199479999999,10876994,True
25,Background,10485760,2.00234,2.139156972,0.1368169720000001,10876994,True
24,Background,10240,2.00628,2.089823362,0.08354336200000034,106400,True
25,Background,10485760,2.00976,2.303624143,0.29386414299999997,106400,True
22,Background,1048576,2.01012,2.820916131,0.810796131,10876994,True
10,Background,10240,2.0107,2.068917398,0.05821739800000003,1244,True
14,Background,10240,2.01266,2.253267546,0.24060754600000012,10876994,True
26,Background,10240,2.01461,2.253653898,0.23904389800000025,1087892,True
15,Background,10240,2.01556,2.149337198,0.1337771980000002,1087892,True
22,Background,10485760,2.01995,2.183557224,0.16360722399999972,10876994,True
14,Background,10240,2.02117,2.366500316,0.3453303160000001,10838,True
22,Background,102400,2.02164,2.05585606,0.03421605999999988,106400,True
23,Background,102400,2.02187,2.045544392,0.02367439200000021,106400,True
23,Background,1024,2.02366,2.183557224,0.15989722399999984,10876994,True
21,Background,1024,2.02466,2.128005732,0.10334573200000019,106400,True
15,Background,10485760,2.02471,2.366500316,0.3417903160000004,10838,True
22,Background,1024,2.02472,2.26558119,0.24086118999999995,106400,True
18,Background,102400,2.02594,2.898725306,0.8727853059999999,10838,True
26,Background,102400,2.02729,2.139156972,0.11186697200000006,10876994,True
21,Background,1048576,2.02754,2.399842268,0.3723022679999999,10876994,True
20,Background,1048576,2.02798,2.365551473,0.3375714730000001,108768230,True
20,Background,10240,2.02895,2.113498769,0.08454876899999997,1087892,True
18,Background,10240,2.02934,2.03722922,0.00788922000000003,106400,True
13,Background,1024,2.02977,2.079764017,0.049994016999999946,10838,True
23,Background,1048576,2.03577,2.820916131,0.7851461310000003,10876994,True
24,Background,102400,2.03884,2.820916131,0.7820761310000002,10876994,True
20,Background,1024,2.0394,2.089431938,0.050031938000000054,1087892,True
18,Background,10240,2.04313,2.062565296,0.019435295999999713,106400,True
16,Background,102400,2.04332,2.366500316,0.3231803160000002,10838,True
21,Background,102400,2.04495,2.365551473,0.32060147299999997,108768230,True
19,Background,10240,2.04798,2.053569439,0.005589438999999974,10838,True
19,Background,1048576,2.04857,2.295593596,0.247023596,1087892,True
13,Background,102400,2.04917,2.183515439,0.13434543899999962,106400,True
15,Background,1048576,2.04943,2.091722192,0.04229219200000012,1244,True
21,Background,1024,2.05091,2.062538846,0.011628845999999804,10838,True
16,Background,10240,2.0511,2.123471756,0.0723717559999999,106400,True
19,Background,102400,2.05128,2.116369065,0.065089065,10838,True
23,Background,10485760,2.05421,2.58301604,0.5288060400000001,10838,True
19,Background,1048576,2.0598,2.269626008,0.20982600799999984,10838,True
17,Background,102400,2.06139,2.123471756,0.06208175599999999,106400,True
19,Background,1048576,2.0621,2.898725306,0.8366253059999997,10838,True
25,Background,1048576,2.06237,2.089823362,0.027453362000000148,106400,True
20,Background,102400,2.06275,2.295593596,0.23284359599999993,1087892,True
20,Background,10240,2.06352,2.898725306,0.8352053059999998,10838,True
23,Background,104857600,2.06411,2.26558119,0.2014711899999999,106400,True
17,Background,10485760,2.06623,2.235779892,0.16954989200000004,106400,True
21,Background,102400,2.06747,2.295593596,0.22812359599999965,1087892,True
20,Background,102400,2.07265,2.116369065,0.043719065000000334,10838,True
29,Background,102400,2.07421,2.135461176,0.061251176000000296,10838,True
21,Background,10240,2.07458,2.286533387,0.21195338699999988,106400,True
25,Background,1048576,2.0747,2.119465428,0.04476542799999983,1087892,True
19,Background,10485760,2.07649,2.077536198,0.0010461979999996096,106400,True
14,Background,102400,2.07659,2.183515439,0.10692543899999984,106400,True
15,Background,10240,2.07772,2.788177311,0.7104573110000003,1244,True
21,Background,1048576,2.07894,2.898725306,0.819785306,10838,True
16,Background,1024,2.07898,2.788177311,0.709197311,1244,True
22,Background,10485760,2.07982,2.128005732,0.048185732000000314,106400,True
16,Background,10240,2.07998,2.111904585,0.03192458500000006,10838,True
27,Background,102400,2.08179,2.378499489,0.2967094890000004,1244,True
24,Background,1048576,2.08247,2.183557224,0.10108722400000003,10876994,True
18,Background,1024,2.08339,2.192995212,0.10960521199999995,1244,True
18,Background,10240,2.0843,2.235779892,0.15147989200000023,106400,True
26,Background,102400,2.08475,2.089823362,0.005073362000000081,106400,True
17,Background,1024,2.08867,2.788177311,0.6995073110000001,1244,True
16,Background,1048576,2.09205,2.460355186,0.3683051860000002,10838,True
21,Background,1048576,2.09248,2.56320436,0.47072435999999973,10838,True
16,Background,104857600,2.09249,2.218326042,0.12583604199999998,1087892,True
19,Background,10485760,2.09256,2.142414587,0.049854587000000006,10838,True
15,Background,10240,2.09352,2.106188077,0.012668077000000277,10838,True
17,Background,10240,2.0947,2.218326042,0.12362604200000016,1087892,True
17,Background,102400,2.09599,2.366500316,0.2705103160000002,10838,True
101,Incast,500000,2.096482008,2.109544448,0.013062439999999675,518738,False
69,Incast,500000,2.096482008,2.108659467,0.012177458999999669,518738,False
68,Incast,500000,2.096482008,2.1066872,0.010205191999999919,518738,False
66,Incast,500000,2.096482008,2.108341142,0.011859133999999827,518738,False
65,Incast,500000,2.096482008,2.101699263,0.00521725499999981,518738,False
64,Incast,500000,2.096482008,2.102782288,0.006300280000000047,518738,False
63,Incast,500000,2.096482008,2.106157276,0.009675267999999626,518738,False
62,Incast,500000,2.096482008,2.109440422,0.012958413999999863,518738,False
61,Incast,500000,2.096482008,2.106072462,0.009590454000000026,518738,False
60,Incast,500000,2.096482008,2.107864661,0.011382652999999632,518738,False
102,Incast,500000,2.096482008,2.106948376,0.010466367999999893,518738,False
119,Incast,500000,2.096482008,2.105018874,0.008536866000000032,518738,False
103,Incast,500000,2.096482008,2.104061427,0.00757941899999981,518738,False
104,Incast,500000,2.096482008,2.104502881,0.008020872999999984,518738,False
105,Incast,500000,2.096482008,2.107134351,0.010652342999999842,518738,False
118,Incast,500000,2.096482008,2.10796743,0.0114854219999998,518738,False
117,Incast,500000,2.096482008,2.108726642,0.012244633999999976,518738,False
116,Incast,500000,2.096482008,2.105145693,0.008663684999999699,518738,False
106,Incast,500000,2.096482008,2.103231858,0.006749849999999835,518738,False
115,Incast,500000,2.096482008,2.107648541,0.011166532999999923,518738,False
114,Incast,500000,2.096482008,2.108954996,0.012472987999999852,518738,False
113,Incast,500000,2.096482008,2.107783537,0.01130152899999981,518738,False
107,Incast,500000,2.096482008,2.107043126,0.010561118000000036,518738,False
112,Incast,500000,2.096482008,2.101646533,0.005164524999999642,518738,False
108,Incast,500000,2.096482008,2.108855587,0.01237357899999969,518738,False
111,Incast,500000,2.096482008,2.104040586,0.007558577999999816,518738,False
110,Incast,500000,2.096482008,2.108731129,0.012249120999999974,518738,False
70,Incast,500000,2.096482008,2.108608323,0.012126314999999721,518738,False
71,Incast,500000,2.096482008,2.107974322,0.011492313999999837,518738,False
67,Incast,500000,2.096482008,2.10499659,0.00851458199999966,518738,False
73,Incast,500000,2.096482008,2.107860655,0.011378646999999908,518738,False
100,Incast,500000,2.096482008,2.105959201,0.00947719299999994,518738,False
99,Incast,500000,2.096482008,2.104213581,0.007731573000000047,518738,False
98,Incast,500000,2.096482008,2.104668713,0.00818670499999996,518738,False
97,Incast,500000,2.096482008,2.107877806,0.01139579799999968,518738,False
96,Incast,500000,2.096482008,2.107031424,0.010549415999999923,518738,False
95,Incast,500000,2.096482008,2.106990862,0.01050885399999979,518738,False
94,Incast,500000,2.096482008,2.107520009,0.011038000999999742,518738,False
93,Incast,500000,2.096482008,2.108513889,0.012031880999999967,518738,False
92,Incast,500000,2.096482008,2.107640206,0.011158197999999953,518738,False
91,Incast,500000,2.096482008,2.10577913,0.009297121999999991,518738,False
72,Incast,500000,2.096482008,2.107073587,0.01059157899999974,518738,False
89,Incast,500000,2.096482008,2.106941484,0.010459475999999857,518738,False
88,Incast,500000,2.096482008,2.103119146,0.006637137999999876,518738,False
87,Incast,500000,2.096482008,2.108937192,0.012455183999999786,518738,False
86,Incast,500000,2.096482008,2.107467408,0.010985400000000034,518738,False
90,Incast,500000,2.096482008,2.10727645,0.010794441999999904,518738,False
84,Incast,500000,2.096482008,2.109677424,0.013195415999999849,518738,False
74,Incast,500000,2.096482008,2.104944965,0.008462956999999882,518738,False
75,Incast,500000,2.096482008,2.108945859,0.012463850999999693,518738,False
76,Incast,500000,2.096482008,2.108768193,0.012286184999999783,518738,False
77,Incast,500000,2.096482008,2.105024323,0.00854231499999969,518738,False
85,Incast,500000,2.096482008,2.108821742,0.012339733999999769,518738,False
78,Incast,500000,2.096482008,2.105595306,0.009113297999999936,518738,False
109,Incast,500000,2.096482008,2.108698586,0.012216577999999867,518738,False
80,Incast,500000,2.096482008,2.109498168,0.013016159999999832,518738,False
81,Incast,500000,2.096482008,2.101199155,0.004717147000000033,518738,False
83,Incast,500000,2.096482008,2.106920162,0.010438154000000033,518738,False
82,Incast,500000,2.096482008,2.108908655,0.012426646999999846,518738,False
79,Incast,500000,2.096482008,2.107736722,0.011254713999999666,518738,False
24,Background,10240,2.10503,2.302351831,0.197321831,106400,True
22,Background,10240,2.10628,2.556526044,0.450246044,106400,True
19,Background,102400,2.10684,2.722484842,0.615644842,10838,True
16,Background,102400,2.10857,2.299814316,0.19124431600000014,1087892,True
21,Background,10485760,2.10883,2.116369065,0.0075390650000000115,10838,True
23,Background,1024,2.11489,2.294522016,0.17963201600000023,1244,True
28,Background,1048576,2.11558,2.378499489,0.2629194890000002,1244,True
18,Background,102400,2.11777,2.411823044,0.294053044,106400,True
21,Background,1024,2.12334,2.771368927,0.6480289270000004,106400,True
17,Background,10240,2.12409,2.324430542,0.20034054200000018,1087892,True
23,Background,1048576,2.12453,2.208658511,0.08412851099999985,106400,True
16,Background,10240,2.12727,2.149337198,0.022067197999999788,1087892,True
25,Background,10485760,2.12826,2.820916131,0.6926561310000001,10876994,True
22,Background,10485760,2.12982,2.250008732,0.12018873199999991,1244,True
24,Background,10485760,2.13102,2.58301604,0.45199604000000004,10838,True
20,Background,1024,2.13438,2.269626008,0.13524600799999975,10838,True
28,Background,102400,2.13446,2.222179935,0.08771993500000042,1087892,True
18,Background,1048576,2.13534,2.788177311,0.6528373110000003,1244,True
16,Background,10240,2.13548,2.314235412,0.1787554120000001,1087892,True
17,Background,102400,2.13657,2.233503357,0.09693335700000016,10876994,True
22,Background,10240,2.13703,2.295593596,0.15856359599999958,1087892,True
19,Background,10240,2.13769,2.192995212,0.05530521199999994,1244,True
19,Background,102400,2.13867,2.224236095,0.08556609500000034,106400,True
25,Background,10240,2.13924,2.58301604,0.4437760399999999,10838,True
27,Background,102400,2.14289,2.423069818,0.28017981800000014,1087892,True
20,Background,102400,2.14353,2.584469253,0.4409392529999998,106400,True
26,Background,102400,2.14423,2.331281688,0.18705168799999994,106400,True
15,Background,102400,2.14469,2.442092066,0.29740206599999963,10838,True
27,Background,1048576,2.14507,2.368864497,0.2237944970000001,1244,True
21,Background,10240,2.14618,2.269626008,0.12344600799999972,10838,True
26,Background,102400,2.14677,2.303624143,0.1568541429999999,106400,True
27,Background,102400,2.14776,2.331281688,0.1835216879999999,106400,True
16,Background,102400,2.15058,2.452845847,0.3022658469999997,1087892,True
17,Background,102400,2.15287,2.534261738,0.38139173800000004,10876994,True
18,Background,102400,2.15874,2.209229724,0.05048972400000018,10838,True
29,Background,1048576,2.16278,2.222179935,0.05939993500000007,1087892,True
25,Background,1024,2.16312,2.174356609,0.011236609000000009,10838,True
26,Background,10240,2.16461,2.196509791,0.031899790999999844,10838,True
17,Background,10240,2.16546,3.018510115,0.8530501150000003,10838,True
19,Background,102400,2.16656,2.788177311,0.6216173110000001,1244,True
30,Background,10240,2.16897,2.291552028,0.12258202800000007,1087892,True
22,Background,1024,2.16904,2.771368927,0.6023289270000003,106400,True
24,Background,10240,2.16981,2.208658511,0.03884851099999986,106400,True
18,Background,102400,2.17038,2.534261738,0.3638817379999999,10876994,True
15,Background,10240,2.17048,2.183515439,0.013035438999999815,106400,True
29,Background,10240,2.17069,2.378499489,0.20780948900000018,1244,True
22,Background,1048576,2.17315,2.37332233,0.20017233,10876994,True
23,Background,10240,2.17348,2.295593596,0.12211359599999971,1087892,True
22,Background,102400,2.17381,2.286533387,0.11272338699999995,106400,True
23,Background,1048576,2.1742,2.556526044,0.38232604400000003,106400,True
24,Background,10485760,2.17537,2.295593596,0.12022359599999977,1087892,True
24,Background,1048576,2.17613,2.26558119,0.08945118999999968,106400,True
19,Background,102400,2.17929,2.235779892,0.0564898920000001,106400,True
24,Background,10485760,2.18284,2.294522016,0.11168201600000005,1244,True
11,Background,1024,2.18509,3.291813878,1.106723878,108768230,True
25,Background,1048576,2.18526,2.26558119,0.08032118999999982,106400,True
28,Background,102400,2.18603,2.331281688,0.14525168799999966,106400,True
22,Background,1048576,2.19015,2.399842268,0.20969226799999996,10876994,True
26,Background,10240,2.19037,2.26558119,0.07521118999999965,106400,True
19,Background,1024,2.19233,2.534261738,0.341931738,10876994,True
14,Background,10240,2.19512,2.755027355,0.559907355,1244,True
26,Background,102400,2.1957,2.290198686,0.09449868600000011,1087892,True
17,Background,1024,2.19751,2.314235412,0.11672541200000008,1087892,True
16,Background,10240,2.19798,2.422354506,0.2243745060000002,106400,True
27,Background,102400,2.19875,2.303624143,0.10487414299999998,106400,True
21,Background,1048576,2.1994,2.215884512,0.01648451200000034,1244,True
22,Background,10240,2.19974,2.269626008,0.06988600800000011,10838,True
20,Background,102400,2.20141,2.353468642,0.15205864200000008,1244,True
18,Background,10485760,2.2036,2.324430542,0.12083054200000021,1087892,True
19,Background,1048576,2.20616,2.209229724,0.0030697239999999404,10838,True
13,Background,102400,2.20705,2.504524728,0.29747472799999963,10838,True
15,Background,102400,2.21041,2.755027355,0.5446173550000002,1244,True
28,Background,102400,2.21243,2.303624143,0.09119414300000006,106400,True
21,Background,102400,2.21415,2.305190932,0.09104093199999985,10876994,True
16,Background,1048576,2.21503,2.289615082,0.07458508200000002,1087892,True
27,Background,10240,2.21633,2.253653898,0.03732389799999991,1087892,True
25,Background,1024,2.21779,2.294522016,0.07673201600000024,1244,True
20,Background,10485760,2.21849,2.235779892,0.017289891999999973,106400,True
17,Background,1048576,2.21887,2.474163144,0.2552931439999999,10838,True
28,Background,10240,2.21936,2.368864497,0.14950449700000012,1244,True
22,Background,10240,2.22026,2.364224386,0.14396438599999994,10838,True
23,Background,1048576,2.2206,2.447045802,0.22644580199999975,106400,True
14,Background,102400,2.22147,2.504524728,0.28305472799999976,10838,True
20,Background,10240,2.22337,2.722484842,0.499114842,10838,True
20,Background,10240,2.22457,2.224236095,-0.00033390499999974566,106400,True
22,Background,10240,2.22481,2.353534769,0.12872476899999974,10876994,True
16,Background,10240,2.22707,2.442092066,0.21502206599999996,10838,True
29,Background,10485760,2.22734,2.368864497,0.14152449700000025,1244,True
17,Background,1048576,2.22763,2.460355186,0.23272518600000014,10838,True
15,Background,1024,2.22944,2.504524728,0.27508472799999995,10838,True
16,Background,10485760,2.22976,2.504524728,0.2747647279999996,10838,True
26,Background,102400,2.23172,2.58301604,0.3512960399999998,10838,True
30,Background,10240,2.23322,2.378499489,0.14527948899999998,1244,True
31,Background,10485760,2.23339,2.291552028,0.05816202799999992,1087892,True
19,Background,1048576,2.23508,2.411823044,0.17674304400000018,106400,True
21,Background,102400,2.2356,2.235779892,0.00017989200000023686,106400,True
17,Background,1048576,2.23839,2.504524728,0.26613472799999993,10838,True
29,Background,1024,2.24001,2.331281688,0.09127168799999996,106400,True
25,Background,1024,2.24111,2.40053025,0.15942025000000015,1244,True
14,Background,102400,2.24427,2.741510092,0.49724009199999974,106400,True
23,Background,102400,2.24529,2.37332233,0.12803233000000036,10876994,True
17,Background,102400,2.24741,2.452845847,0.20543584699999995,1087892,True
22,Background,102400,2.24758,2.639130164,0.39155016399999987,1244,True
18,Background,1048576,2.24839,3.018510115,0.7701201150000001,10838,True
23,Background,10485760,2.24936,2.399842268,0.1504822680000002,10876994,True
23,Background,102400,2.25228,2.269626008,0.01734600800000008,10838,True
23,Background,1048576,2.25354,2.353534769,0.09999476899999982,10876994,True
32,Background,10240,2.25386,2.291552028,0.03769202799999993,1087892,True
15,Background,102400,2.25587,2.544008738,0.2881387380000002,106400,True
28,Background,1048576,2.25793,2.423069818,0.1651398180000001,1087892,True
17,Background,1048576,2.26121,2.289615082,0.028405081999999915,1087892,True
16,Background,102400,2.26238,2.755027355,0.49264735500000034,1244,True
26,Background,10240,2.26249,2.294522016,0.03203201600000005,1244,True
22,Background,102400,2.26275,2.703759948,0.44100994800000004,10876994,True
23,Background,102400,2.26536,2.771368927,0.5060089270000003,106400,True
23,Background,1024,2.26731,2.364224386,0.09691438599999991,10838,True
17,Background,10240,2.2722,2.422354506,0.1501545059999998,106400,True
20,Background,10240,2.27297,2.411823044,0.1388530440000002,106400,True
24,Background,102400,2.274,2.37332233,0.09932233000000013,10876994,True
18,Background,102400,2.27412,2.778541212,0.504421212,10838,True
18,Background,102400,2.27454,2.474163144,0.1996231439999998,10838,True
18,Background,102400,2.2749,2.413356908,0.13845690799999977,1244,True
27,Background,102400,2.27769,2.491944226,0.214254226,106400,True
18,Background,10240,2.27972,2.314235412,0.034515411999999746,1087892,True
25,Background,102400,2.2799,2.295593596,0.015693595999999754,1087892,True
19,Background,102400,2.28168,2.324430542,0.042750541999999836,1087892,True
21,Background,102400,2.28204,2.584469253,0.3024292530000001,106400,True
20,Background,102400,2.2821,2.324430542,0.04233054200000019,1087892,True
24,Background,102400,2.28293,2.447045802,0.16411580199999998,106400,True
24,Background,10240,2.28398,2.556526044,0.2725460439999998,106400,True
15,Background,10240,2.284,2.741510092,0.45751009200000015,106400,True
26,Background,1024,2.28604,2.820916131,0.5348761310000003,10876994,True
22,Background,1024,2.28639,2.584469253,0.29807925300000004,106400,True
18,Background,10485760,2.28675,2.289615082,0.0028650820000000188,1087892,True
21,Background,10240,2.28884,2.324430542,0.035590542,1087892,True
23,Background,102400,2.29003,2.544350545,0.2543205450000001,1087892,True
27,Background,10240,2.29151,2.820916131,0.529406131,10876994,True
22,Background,102400,2.29342,2.603058272,0.3096382720000004,1087892,True
25,Background,1048576,2.29558,2.37332233,0.07774232999999997,10876994,True
24,Background,1024,2.29603,2.771368927,0.47533892700000013,106400,True
23,Background,104857600,2.29876,2.587856236,0.2890962359999998,10838,True
23,Background,102400,2.30019,2.584469253,0.2842792529999998,106400,True
24,Background,10240,2.30417,2.364224386,0.060054386000000015,10838,True
19,Background,10485760,2.30504,2.413356908,0.10831690799999993,1244,True
31,Background,10240,2.30603,2.378499489,0.07246948900000039,1244,True
21,Background,102400,2.30729,2.353468642,0.0461786420000001,1244,True
29,Background,102400,2.30776,2.423069818,0.11530981800000006,1087892,True
24,Background,1048576,2.30832,2.587856236,0.27953623599999977,10838,True
16,Background,1024,2.31022,2.741510092,0.4312900919999998,106400,True
25,Background,10240,2.31064,2.380629045,0.06998904500000025,1244,True
17,Background,102400,2.31208,2.683302694,0.3712226940000001,10838,True
23,Background,104857600,2.31274,2.535835202,0.2230952020000001,10838,True
20,Background,10240,2.31331,2.677628949,0.36431894899999984,10838,True
29,Background,1048576,2.31362,2.420656432,0.10703643200000013,106400,True
25,Background,10240,2.31378,2.556526044,0.242746044,106400,True
22,Background,102400,2.31516,2.56320436,0.24804435999999974,10838,True
20,Background,1024,2.3152,2.788177311,0.4729773110000002,1244,True
18,Background,1024,2.31829,2.452845847,0.13455584699999967,1087892,True
27,Background,102400,2.31993,2.400278569,0.08034856900000031,10838,True
28,Background,1048576,2.3205,2.400278569,0.07977856900000013,10838,True
19,Background,102400,2.32061,2.586327908,0.26571790800000006,1087892,True
22,Background,1048576,2.32159,2.524610544,0.20302054400000014,10838,True
23,Background,10485760,2.32355,2.500476032,0.1769260319999999,10838,True
23,Background,10240,2.32379,2.56320436,0.23941436000000005,10838,True
17,Background,10240,2.32431,2.442092066,0.11778206599999974,10838,True
20,Background,10240,2.3261,2.586327908,0.26022790800000006,1087892,True
24,Background,1048576,2.32677,2.500476032,0.17370603200000012,10838,True
18,Background,10240,2.32757,2.504524728,0.17695472799999967,10838,True
18,Background,1024,2.32784,2.422354506,0.09451450599999989,106400,True
27,Background,1024,2.32796,2.576154702,0.24819470200000016,10838,True
12,Background,1048576,2.33243,3.291813878,0.9593838780000001,108768230,True
30,Background,102400,2.3361,2.423069818,0.08696981800000003,1087892,True
21,Background,1024,2.33781,2.722484842,0.3846748419999999,10838,True
16,Background,10485760,2.33893,2.544008738,0.2050787380000001,106400,True
19,Background,10240,2.34073,3.018510115,0.677780115,10838,True
20,Background,1024,2.34224,3.018510115,0.6762701150000003,10838,True
31,Background,1024,2.34269,2.423069818,0.08037981799999994,1087892,True
27,Background,1048576,2.34319,2.58301604,0.23982604000000007,10838,True
25,Background,1048576,2.34447,2.771368927,0.4268989270000003,106400,True
19,Background,1048576,2.3448,2.385332793,0.04053279299999968,10876994,True
30,Background,10240,2.34677,2.480640452,0.13387045200000003,106400,True
21,Background,1048576,2.34989,3.018510115,0.6686201150000004,10838,True
26,Background,10485760,2.3519,2.632798136,0.2808981359999998,1087892,True
26,Background,102400,2.35704,2.530848723,0.17380872300000005,1087892,True
21,Background,104857600,2.35998,2.788177311,0.4281973109999999,1244,True
28,Background,1048576,2.36006,2.576154702,0.21609470200000036,10838,True
18,Background,102400,2.36139,2.366500316,0.005110316000000115,10838,True
18,Background,1024,2.36154,2.442092066,0.08055206599999964,10838,True
28,Background,1024,2.36211,2.58301604,0.22090604000000003,10838,True
23,Background,104857600,2.36315,2.524610544,0.1614605440000001,10838,True
22,Background,1048576,2.36336,2.722484842,0.35912484199999994,10838,True
19,Background,10240,2.36429,2.452845847,0.08855584699999985,1087892,True
19,Background,1048576,2.3647,2.778541212,0.4138412119999999,10838,True
24,Background,1048576,2.36548,2.535835202,0.1703552020000001,10838,True
20,Background,10485760,2.36698,2.506112618,0.1391326180000001,10838,True
26,Background,1048576,2.36704,2.771368927,0.40432892700000034,106400,True
26,Background,1048576,2.36737,2.556526044,0.18915604399999975,106400,True
27,Background,102400,2.36899,2.632798136,0.26380813599999975,1087892,True
27,Background,1024,2.37069,2.556526044,0.18583604399999976,106400,True
29,Background,1048576,2.37175,2.576154702,0.20440470200000016,10838,True
24,Background,1024,2.37284,2.399842268,0.02700226799999994,10876994,True
18,Background,10485760,2.37433,2.460355186,0.08602518600000009,10838,True
32,Background,10240,2.37457,2.378499489,0.003929489000000341,1244,True
21,Background,102400,2.37679,2.506112618,0.12932261799999978,10838,True
26,Background,1024,2.37942,2.406688388,0.027268387999999977,10838,True
25,Background,10240,2.37956,2.687174556,0.3076145559999999,1087892,True
27,Background,10240,2.38027,2.406688388,0.02641838800000018,10838,True
17,Background,10240,2.38122,2.544008738,0.16278873800000015,106400,True
19,Background,102400,2.38188,2.460355186,0.07847518599999992,10838,True
21,Background,10240,2.38281,2.411823044,0.029013044000000043,106400,True
22,Background,102400,2.38324,2.898725306,0.515485306,10838,True
23,Background,1024,2.38343,2.898725306,0.5152953059999996,10838,True
27,Background,102400,2.38448,2.530848723,0.14636872300000014,1087892,True
28,Background,102400,2.38529,2.530848723,0.14555872300000017,1087892,True
20,Background,102400,2.38588,2.464538382,0.07865838200000042,106400,True
26,Background,102400,2.38775,2.476611066,0.08886106599999977,1087892,True
22,Background,1024,2.38777,2.821131872,0.43336187199999987,1244,True
17,Background,1048576,2.38918,2.755027355,0.3658473550000001,1244,True
14,Background,10240,2.39085,2.448101452,0.057251452000000036,10838,True
27,Background,1048576,2.39086,2.771368927,0.38050892700000016,106400,True
25,Background,102400,2.39194,2.587856236,0.19591623599999997,10838,True
23,Background,102400,2.39418,2.639130164,0.24495016400000003,1244,True
25,Background,10240,2.39552,2.416393248,0.02087324800000001,106400,True
21,Background,10240,2.39564,2.464538382,0.06889838199999998,106400,True
22,Background,1048576,2.39778,2.464538382,0.06675838200000017,106400,True
26,Background,1024,2.39807,2.687174556,0.28910455599999985,1087892,True
28,Background,1024,2.39882,2.771368927,0.372548927,106400,True
22,Background,102400,2.39924,2.788177311,0.3889373110000003,1244,True
29,Background,1048576,2.40128,2.530848723,0.12956872300000022,1087892,True
19,Background,104857600,2.40414,2.638177674,0.23403767400000008,1087892,True
28,Background,102400,2.40774,2.510396186,0.10265618599999993,106400,True
18,Background,1024,2.40802,2.683302694,0.27528269399999994,10838,True
28,Background,102400,2.41415,2.491944226,0.07779422600000041,106400,True
17,Background,1048576,2.41449,2.741510092,0.32702009200000015,106400,True
21,Background,104857600,2.41675,2.633963933,0.21721393300000003,1244,True
19,Background,10240,2.41744,2.504524728,0.08708472799999978,10838,True
28,Background,10240,2.4194,2.632798136,0.2133981359999999,1087892,True
24,Background,104857600,2.42047,2.731161258,0.3106912580000003,10838,True
24,Background,1048576,2.42055,2.544350545,0.12380054499999993,1087892,True
27,Background,102400,2.42127,2.476611066,0.055341065999999994,1087892,True
28,Background,10240,2.42417,2.820916131,0.396746131,10876994,True
19,Background,10240,2.42449,2.722641226,0.2981512259999999,108768230,True
20,Background,1024,2.42487,2.534261738,0.10939173800000024,10876994,True
29,Background,102400,2.42587,2.771368927,0.34549892699999996,106400,True
32,Background,1048576,2.42947,2.591567726,0.16209772600000028,10838,True
23,Background,1048576,2.43178,2.722484842,0.29070484200000024,10838,True
28,Background,1048576,2.43204,2.556526044,0.12448604399999974,106400,True
29,Background,102400,2.43548,2.510396186,0.07491618599999983,106400,True
24,Background,10485760,2.43642,2.56320436,0.12678435999999982,10838,True
25,Background,1048576,2.4366,2.56320436,0.12660435999999997,10838,True
28,Background,10485760,2.43686,2.476611066,0.039751066,1087892,True
25,Background,1048576,2.43906,2.447045802,0.007985801999999875,106400,True
30,Background,102400,2.43998,2.934293662,0.49431366200000015,106400,True
24,Background,10240,2.44064,2.524610544,0.08397054400000004,10838,True
21,Background,10240,2.44388,2.677628949,0.23374894899999976,10838,True
23,Background,10240,2.44444,2.788177311,0.34373731099999993,1244,True
20,Background,10240,2.44451,2.452845847,0.008335846999999674,1087892,True
24,Background,1024,2.4471,2.722484842,0.27538484200000024,10838,True
21,Background,102400,2.45053,2.534261738,0.083731738,10876994,True
25,Background,102400,2.45198,2.46626142,0.0142814200000001,1244,True
28,Background,102400,2.45529,2.49794341,0.04265340999999978,10838,True
24,Background,1024,2.45544,2.584469253,0.12902925300000012,106400,True
29,Background,10485760,2.45942,2.816964349,0.3575443489999999,106400,True
25,Background,10240,2.46008,2.524610544,0.06453054400000013,10838,True
30,Background,1048576,2.46219,2.581085388,0.11889538799999988,1087892,True
27,Background,10240,2.4664,2.516629447,0.05022944699999998,106400,True
26,Background,1024,2.46782,2.584307077,0.11648707699999994,10876994,True
26,Background,10240,2.46895,2.610708802,0.14175880200000002,106400,True
15,Background,10240,2.46909,2.505844964,0.036754964,1244,True
29,Background,102400,2.47112,2.632798136,0.16167813599999992,1087892,True
20,Background,10240,2.47132,2.519538474,0.04821847400000001,106400,True
27,Background,10240,2.472,2.48373662,0.011736620000000197,106400,True
30,Background,102400,2.47211,2.816964349,0.3448543490000002,106400,True
22,Background,102400,2.47269,3.052429401,0.5797394009999999,106400,True
33,Background,102400,2.47303,2.525551888,0.052521887999999795,106400,True
26,Background,1024,2.47315,2.484699594,0.011549593999999885,1244,True
18,Background,102400,2.47475,2.741510092,0.26676009200000017,106400,True
26,Background,10240,2.4763,2.587856236,0.11155623599999975,10838,True
20,Background,102400,2.4801,2.722641226,0.24254122599999972,108768230,True
23,Background,1048576,2.48076,3.052429401,0.5716694009999999,106400,True
30,Background,1024,2.48094,2.632798136,0.15185813599999998,1087892,True
33,Background,10240,2.48155,2.591567726,0.11001772600000015,10838,True
28,Background,1048576,2.4847,2.607056716,0.12235671600000009,10876994,True
27,Background,102400,2.49111,2.610708802,0.11959880200000006,106400,True
22,Background,102400,2.49126,2.677628949,0.18636894899999978,10838,True
22,Background,10240,2.49302,2.506112618,0.013092617999999945,10838,True
30,Background,10240,2.49663,2.510396186,0.013766185999999792,106400,True
18,Background,10240,2.50396,2.755027355,0.251067355,1244,True
30,Background,10240,2.5059,2.771368927,0.26546892700000013,106400,True
31,Background,10240,2.50885,2.934293662,0.42544366200000017,106400,True
18,Background,1048576,2.50981,2.544008738,0.03419873800000017,106400,True
31,Background,102400,2.51194,2.771368927,0.2594289270000001,106400,True
32,Background,102400,2.51195,2.934293662,0.42234366199999984,106400,True
24,Background,1024,2.5127,2.87657059,0.3638705899999999,108768230,True
27,Background,10240,2.51298,2.687174556,0.17419455599999978,1087892,True
25,Background,10240,2.51326,2.87657059,0.3633105900000002,108768230,True
19,Background,102400,2.51351,2.803005157,0.2894951569999997,1087892,True
20,Background,102400,2.51553,2.803005157,0.2874751569999998,1087892,True
31,Background,1024,2.51662,2.632798136,0.11617813599999982,1087892,True
24,Background,104857600,2.51909,3.052429401,0.5333394010000001,106400,True
29,Background,10485760,2.51937,2.607056716,0.08768671600000033,10876994,True
23,Background,1048576,2.51975,2.703759948,0.18400994799999992,10876994,True
28,Background,1024,2.52007,2.532569048,0.012499048000000013,106400,True
27,Background,10240,2.5207,2.587856236,0.06715623599999976,10838,True
34,Background,10240,2.52268,2.591567726,0.06888772600000026,10838,True
24,Background,10485760,2.52327,2.703759948,0.18048994799999996,10876994,True
33,Background,10240,2.52433,2.934293662,0.409963662,106400,True
32,Background,102400,2.52461,2.771368927,0.24675892700000013,106400,True
31,Background,10240,2.52521,2.754245435,0.22903543500000012,1087892,True
26,Background,102400,2.52651,2.565681378,0.03917137799999981,106400,True
28,Background,1048576,2.52673,2.587856236,0.06112623599999978,10838,True
22,Background,1048576,2.52963,2.855102542,0.325472542,106400,True
19,Background,1024,2.53016,2.755027355,0.2248673550000002,1244,True
19,Background,10240,2.53068,2.741510092,0.21083009200000014,106400,True
35,Background,102400,2.53297,2.591567726,0.058597725999999906,10838,True
25,Background,1024,2.53682,2.595562011,0.058742011000000094,106400,True
21,Background,10240,2.53732,2.572603081,0.035283081000000216,1087892,True
26,Background,1024,2.53746,2.595562011,0.05810201100000034,106400,True
20,Background,10485760,2.53783,2.773157548,0.2353275479999999,10838,True
27,Background,10240,2.53865,2.883443077,0.34479307699999984,106400,True
20,Background,1024,2.53983,2.755027355,0.21519735500000037,1244,True
30,Background,1048576,2.54514,2.607056716,0.06191671600000026,10876994,True
23,Background,1048576,2.54773,2.677628949,0.12989894899999976,10838,True
20,Background,1024,2.54848,2.778541212,0.23006121199999985,10838,True
29,Background,10240,2.54873,2.637873594,0.08914359400000027,1244,True
21,Background,10240,2.55193,2.773157548,0.22122754799999989,10838,True
21,Background,102400,2.55274,2.803005157,0.25026515699999985,1087892,True
27,Background,1048576,2.55893,2.595562011,0.03663201100000002,106400,True
26,Background,10240,2.55978,2.790967576,0.23118757599999995,1244,True
21,Background,1048576,2.56187,2.586327908,0.024457908000000028,1087892,True
28,Background,1024,2.56333,2.687174556,0.12384455599999988,1087892,True
22,Background,102400,2.56479,2.803005157,0.23821515699999996,1087892,True
26,Background,102400,2.56816,2.572087667,0.0039276669999996905,106400,True
36,Background,1024,2.56851,2.591567726,0.023057726000000223,10838,True
30,Background,10485760,2.56896,2.576154702,0.007194702000000053,10838,True
20,Background,102400,2.57361,2.741510092,0.167900092,106400,True
22,Background,1048576,2.57572,2.633963933,0.05824393299999997,1244,True
30,Background,1048576,2.57838,2.618307676,0.03992767600000002,106400,True
21,Background,10240,2.5787,2.684169529,0.10546952900000006,10876994,True
22,Background,10485760,2.57876,2.586327908,0.0075679079999999566,1087892,True
27,Background,10240,2.57912,2.635397251,0.05627725100000003,106400,True
25,Background,1024,2.58244,2.731161258,0.14872125800000013,10838,True
29,Background,10240,2.58267,2.593871228,0.011201228000000008,1244,True
31,Background,1048576,2.58422,3.039035122,0.45481512199999985,108768230,True
24,Background,10240,2.58431,2.898725306,0.3144153059999999,10838,True
19,Background,1024,2.5867,2.683302694,0.09660269399999999,10838,True
26,Background,1048576,2.58676,2.731161258,0.14440125800000025,10838,True
28,Background,10485760,2.58752,2.610708802,0.023188801999999953,106400,True
23,Background,1024,2.58785,2.633963933,0.046113932999999996,1244,True
25,Background,102400,2.58838,2.722484842,0.13410484200000017,10838,True
31,Background,10240,2.58881,2.618307676,0.029497676000000084,106400,True
26,Background,102400,2.5902,2.87657059,0.2863705900000002,108768230,True
30,Background,1024,2.59141,2.593871228,0.0024612279999995934,1244,True
20,Background,1024,2.59142,2.772999931,0.18157993100000036,106400,True
22,Background,1048576,2.59172,2.926573912,0.3348539119999998,1087892,True
32,Background,1024,2.59604,2.754245435,0.15820543500000017,1087892,True
31,Background,1024,2.5983,2.609783332,0.011483332000000068,10838,True
29,Background,102400,2.59936,2.656482748,0.05712274800000028,106400,True
19,Background,102400,2.59971,2.763423926,0.16371392600000023,1244,True
37,Background,102400,2.5998,2.724028891,0.12422889100000001,1087892,True
23,Background,10485760,2.60279,2.926573912,0.3237839119999997,1087892,True
23,Background,102400,2.60387,3.27650465,0.67263465,106400,True
20,Background,10240,2.60582,2.726096931,0.12027693099999981,106400,True
24,Background,10485760,2.60789,2.633963933,0.02607393300000016,1244,True
33,Background,10240,2.60875,2.754245435,0.14549543499999995,1087892,True
25,Background,104857600,2.6101,2.898725306,0.2886253059999997,10838,True
34,Background,1048576,2.61277,2.934293662,0.32152366200000015,106400,True
34,Background,1048576,2.61462,2.754245435,0.13962543500000013,1087892,True
16,Background,102400,2.61466,2.703687548,0.08902754799999979,1087892,True
24,Background,1048576,2.61614,3.27650465,0.66036465,106400,True
25,Background,1048576,2.61649,2.959221088,0.34273108799999985,10838,True
29,Background,1024,2.61779,2.687174556,0.06938455600000015,1087892,True
25,Background,1048576,2.61869,3.001420046,0.3827300459999998,106400,True
21,Background,104857600,2.62041,2.726096931,0.1056869309999997,106400,True
29,Background,10485760,2.62245,2.879381963,0.256931963,1087892,True
26,Background,1024,2.62304,2.898725306,0.27568530599999974,10838,True
25,Background,1024,2.62333,2.633963933,0.010633932999999818,1244,True
32,Background,102400,2.6234,3.039035122,0.41563512199999986,108768230,True
32,Background,1048576,2.62409,2.803450836,0.1793608360000003,10838,True
28,Background,1048576,2.62646,2.635397251,0.008937251000000312,106400,True
20,Background,102400,2.62746,2.763423926,0.13596392600000007,1244,True
22,Background,1024,2.628,2.726096931,0.09809693099999972,106400,True
21,Background,10240,2.6283,2.755027355,0.12672735500000032,1244,True
35,Background,1024,2.62861,2.934293662,0.30568366199999986,106400,True
26,Background,10240,2.63079,2.722484842,0.09169484199999989,10838,True
23,Background,102400,2.63513,2.803005157,0.16787515699999966,1087892,True
32,Background,102400,2.63601,2.667728302,0.03171830199999981,106400,True
29,Background,102400,2.6379,2.717635165,0.07973516499999977,106400,True
21,Background,102400,2.63873,2.778541212,0.13981121200000013,10838,True
27,Background,1024,2.64301,2.790967576,0.14795757600000004,1244,True
23,Background,10240,2.64385,2.855102542,0.211252542,106400,True
23,Background,1048576,2.64462,2.821131872,0.17651187199999985,1244,True
31,Background,10240,2.64606,2.766715689,0.12065568900000034,10838,True
22,Background,10240,2.64884,2.778541212,0.12970121200000007,10838,True
31,Background,10240,2.65042,2.686198172,0.03577817200000011,10838,True
22,Background,10485760,2.65202,2.684169529,0.03214952900000023,10876994,True
33,Background,10485760,2.65273,2.700553595,0.04782359500000011,106400,True
27,Background,102400,2.65406,2.87657059,0.22251059000000017,108768230,True
21,Background,1048576,2.65452,2.886000998,0.23148099799999988,106400,True
30,Background,102400,2.65528,2.687174556,0.03189455600000013,1087892,True
36,Background,10240,2.65684,2.934293662,0.2774536620000001,106400,True
30,Background,10240,2.6572,2.76753045,0.11033045000000019,1244,True
24,Background,10240,2.65786,2.677628949,0.019768948999999925,10838,True
28,Background,102400,2.65882,2.735922763,0.07710276300000007,1087892,True
31,Background,102400,2.65958,2.76753045,0.10795045000000014,1244,True
32,Background,1048576,2.65977,2.686198172,0.02642817200000014,10838,True
33,Background,1024,2.66265,3.039035122,0.37638512199999985,108768230,True
31,Background,102400,2.66511,2.687174556,0.022064556000000124,1087892,True
27,Background,1048576,2.66574,2.898725306,0.23298530599999978,10838,True
33,Background,1048576,2.66933,2.803450836,0.13412083600000013,10838,True
29,Background,1024,2.67008,2.841525381,0.17144538099999984,10838,True
24,Background,1048576,2.67119,2.803005157,0.13181515699999968,1087892,True
23,Background,102400,2.67335,2.726096931,0.05274693099999972,106400,True
22,Background,10240,2.67419,2.755027355,0.08083735500000033,1244,True
25,Background,102400,2.67481,3.052429401,0.377619401,106400,True
29,Background,102400,2.67506,2.735922763,0.06086276299999982,1087892,True
32,Background,10240,2.67634,2.713511334,0.037171333999999945,106400,True
24,Background,1048576,2.67857,2.788177311,0.10960731099999999,1244,True
26,Background,1048576,2.67893,3.001420046,0.322490046,106400,True
30,Background,1048576,2.67908,2.879381963,0.20030196300000025,1087892,True
37,Background,102400,2.68151,2.934293662,0.25278366200000013,106400,True
30,Background,102400,2.68249,2.717635165,0.03514516499999987,106400,True
33,Background,102400,2.68352,2.713511334,0.02999133399999998,106400,True
24,Background,1048576,2.68356,2.695798844,0.012238844000000082,10838,True
27,Background,102400,2.68406,2.731161258,0.04710125800000009,10838,True
28,Background,1024,2.68432,2.898725306,0.21440530599999974,10838,True
25,Background,102400,2.68476,2.695798844,0.011038844000000214,10838,True
32,Background,1048576,2.68508,2.766715689,0.08163568900000007,10838,True
30,Background,102400,2.68657,2.735922763,0.04935276299999991,1087892,True
34,Background,10240,2.69166,2.700553595,0.008893594999999976,106400,True
33,Background,1024,2.69353,2.751735559,0.05820555900000013,10838,True
21,Background,10240,2.69496,2.741510092,0.04655009199999993,106400,True
23,Background,102400,2.69664,2.755027355,0.05838735500000025,1244,True
38,Background,10240,2.69727,2.724028891,0.026758891000000062,1087892,True
33,Background,1024,2.69732,2.771368927,0.07404892700000021,106400,True
23,Background,1024,2.69748,2.854837731,0.15735773099999983,10838,True
19,Background,10240,2.69772,2.817462197,0.11974219699999988,1087892,True
22,Background,102400,2.69954,2.886000998,0.18646099800000027,106400,True
33,Background,102400,2.70191,2.766715689,0.06480568900000039,10838,True
25,Background,10485760,2.70297,2.803005157,0.10003515699999976,1087892,True
31,Background,1024,2.70496,2.717635165,0.0126751650000001,106400,True
17,Background,102400,2.70538,2.746696746,0.041316746000000126,106400,True
22,Background,102400,2.70784,2.773157548,0.06531754799999989,10838,True
34,Background,10485760,2.70849,2.803450836,0.09496083600000027,10838,True
31,Background,10240,2.70885,2.735922763,0.027072763000000055,1087892,True
29,Background,10240,2.71526,2.898725306,0.183465306,10838,True
18,Background,10240,2.71603,2.746696746,0.030666746000000078,106400,True
20,Background,10485760,2.71814,2.918707073,0.2005670730000002,1087892,True
27,Background,1024,2.71854,2.89251028,0.17397028000000025,106400,True
24,Background,102400,2.71855,2.821131872,0.10258187200000002,1244,True
24,Background,102400,2.72221,2.855102542,0.132892542,106400,True
25,Background,1048576,2.72303,3.27650465,0.5534746500000001,106400,True
20,Background,10240,2.72372,2.817462197,0.09374219699999964,1087892,True
32,Background,1048576,2.7242,2.811167206,0.08696720599999974,10838,True
23,Background,102400,2.72537,3.0466394,0.32126940000000026,10838,True
25,Background,10240,2.72694,2.855102542,0.1281625420000001,106400,True
23,Background,10240,2.72769,2.773157548,0.04546754799999997,10838,True
32,Background,1024,2.7284,2.783513371,0.05511337100000002,106400,True
26,Background,1024,2.72978,3.052429401,0.32264940100000006,106400,True
34,Background,102400,2.73333,2.771368927,0.03803892700000011,106400,True
29,Background,102400,2.73451,2.820916131,0.08640613099999994,10876994,True
29,Background,10240,2.73492,2.853001824,0.11808182400000033,10838,True
21,Background,10240,2.73521,2.772999931,0.037789931000000276,106400,True
27,Background,102400,2.73781,3.054158034,0.3163480339999998,10838,True
25,Background,102400,2.7397,2.821131872,0.08143187200000002,1244,True
24,Background,10240,2.74045,2.854837731,0.11438773099999988,10838,True
34,Background,1024,2.74233,2.827556824,0.08522682400000026,106400,True
26,Background,10240,2.74274,2.932393886,0.18965388599999988,106400,True
27,Background,1048576,2.74372,3.001420046,0.2577000459999996,106400,True
32,Background,10485760,2.74482,3.091375117,0.3465551170000003,1087892,True
24,Background,1024,2.74564,2.755027355,0.00938735500000032,1244,True
26,Background,10240,2.74688,3.27650465,0.5296246500000001,106400,True
27,Background,102400,2.74706,3.052429401,0.3053694010000001,106400,True
24,Background,102400,2.7472,3.0466394,0.29943940000000024,10838,True
25,Background,10240,2.74857,2.854837731,0.10626773099999998,10838,True
35,Background,1048576,2.74944,2.754245435,0.004805435000000191,1087892,True
31,Background,102400,2.75422,2.879381963,0.12516196300000004,1087892,True
30,Background,102400,2.75422,2.841525381,0.08730538099999974,10838,True
23,Background,10485760,2.75488,3.005057422,0.25017742200000015,106400,True
26,Background,10240,2.75602,2.854837731,0.09881773100000002,10838,True
28,Background,10240,2.75655,3.052429401,0.2958794010000001,106400,True
29,Background,1048576,2.75672,3.052429401,0.29570940099999987,106400,True
25,Background,1048576,2.75694,2.783522332,0.02658233199999982,10838,True
24,Background,102400,2.75918,3.005057422,0.24587742199999996,106400,True
32,Background,102400,2.76074,2.76753045,0.006790450000000003,1244,True
25,Background,102400,2.76285,3.0466394,0.2837894000000003,10838,True
20,Background,1024,2.76549,3.45528703,0.6897970300000003,10838,True
28,Background,10240,2.76797,3.001420046,0.23345004599999974,106400,True
31,Background,102400,2.76931,2.816964349,0.047654349000000096,106400,True
27,Background,102400,2.76947,2.854837731,0.08536773099999984,10838,True
25,Background,102400,2.77002,3.005057422,0.235037422,106400,True
31,Background,10240,2.77421,2.841525381,0.06731538099999979,10838,True
13,Background,1024,2.77531,3.291813878,0.516503878,108768230,True
34,Background,1048576,2.77629,3.039035122,0.2627451220000001,108768230,True
30,Background,10240,2.77721,2.878647103,0.10143710299999986,106400,True
35,Background,10240,2.77728,2.900397434,0.12311743399999964,106400,True
29,Background,1048576,2.77748,3.001420046,0.22394004599999962,106400,True
14,Background,1048576,2.77923,3.291813878,0.512583878,108768230,True
26,Background,102400,2.78044,2.855102542,0.074662542,106400,True
33,Background,1048576,2.7839,2.811167206,0.027267205999999877,10838,True
33,Background,1048576,2.78671,3.091375117,0.3046651170000003,1087892,True
38,Background,1024,2.78897,2.934293662,0.14532366200000002,106400,True
19,Background,1024,2.78955,2.958613627,0.16906362699999988,1087892,True
22,Background,10240,2.792,3.018510115,0.2265101150000004,10838,True
36,Background,10240,2.79254,2.900397434,0.10785743400000003,106400,True
26,Background,10240,2.79477,2.808868771,0.01409877100000001,1244,True
26,Background,10240,2.79484,3.0466394,0.2517993999999999,10838,True
24,Background,1024,2.79525,2.926573912,0.13132391200000004,1087892,True
30,Background,10240,2.79831,3.052429401,0.2541194010000001,106400,True
32,Background,102400,2.79984,2.816964349,0.017124348999999928,106400,True
26,Background,102400,2.80109,2.990961522,0.18987152200000024,10876994,True
27,Background,102400,2.80128,3.27650465,0.4752246499999999,106400,True
27,Background,104857600,2.80298,2.990961522,0.1879815220000003,10876994,True
34,Background,10240,2.80336,3.149013245,0.34565324499999983,1244,True
37,Background,1024,2.80367,2.900397434,0.09672743399999995,106400,True
28,Background,10240,2.80387,3.054158034,0.250288034,10838,True
28,Background,10240,2.80502,2.854837731,0.04981773100000009,10838,True
21,Background,1048576,2.80534,3.45528703,0.6499470299999999,10838,True
28,Background,1048576,2.80655,2.990961522,0.184411522,10876994,True
22,Background,10485760,2.80684,2.812038902,0.005198902000000061,10838,True
31,Background,10485760,2.80736,3.052429401,0.24506940099999985,106400,True
35,Background,102400,2.80771,3.149013245,0.34130324499999976,1244,True
39,Background,10240,2.80927,2.934293662,0.1250236619999998,106400,True
21,Background,10485760,2.81162,2.817462197,0.005842196999999771,1087892,True
30,Background,10240,2.81211,2.988135507,0.17602550699999986,10838,True
35,Background,102400,2.81326,2.827556824,0.014296824000000097,106400,True
34,Background,1024,2.8134,2.854567806,0.04116780599999981,1087892,True
27,Background,102400,2.81381,2.855102542,0.04129254199999988,106400,True
24,Background,1024,2.81411,2.92045947,0.10634947000000006,10838,True
26,Background,10485760,2.81581,2.821131872,0.005321872000000116,1244,True
21,Background,102400,2.82475,2.918707073,0.09395707300000034,1087892,True
34,Background,10240,2.82696,3.091375117,0.264415117,1087892,True
29,Background,10240,2.82741,2.854837731,0.027427730999999955,10838,True
22,Background,10240,2.82786,2.918707073,0.09084707300000039,1087892,True
25,Background,10485760,2.83652,2.861070429,0.02455042900000004,10838,True
39,Background,102400,2.83728,2.882132916,0.04485291600000041,10838,True
29,Background,10240,2.83892,3.054158034,0.21523803399999997,10838,True
35,Background,10485760,2.8404,3.188236669,0.3478366690000003,106400,True
33,Background,10240,2.84071,2.966839906,0.12612990600000007,106400,True
35,Background,1048576,2.8444,2.854567806,0.010167806000000112,1087892,True
23,Background,1048576,2.84703,2.945635473,0.09860547299999967,106400,True
26,Background,102400,2.84733,3.005057422,0.15772742200000023,106400,True
29,Background,1048576,2.84775,2.990961522,0.1432115220000001,10876994,True
33,Background,10485760,2.84796,3.051986034,0.20402603399999997,106400,True
23,Background,10240,2.84852,3.133244794,0.2847247939999997,1244,True
25,Background,10240,2.84913,2.926573912,0.07744391199999967,1087892,True
32,Background,10240,2.85262,2.879381963,0.026761963000000222,1087892,True
32,Background,1024,2.85276,3.052429401,0.19966940099999997,106400,True
36,Background,10485760,2.85284,3.188236669,0.3353966690000001,106400,True
28,Background,102400,2.85342,2.883443077,0.030023077000000065,106400,True
28,Background,102400,2.85418,3.27650465,0.4223246500000002,106400,True
30,Background,10240,2.85476,3.109453213,0.2546932129999999,10838,True
33,Background,1024,2.85544,2.942591578,0.08715157799999984,1087892,True
30,Background,10240,2.856,3.054158034,0.19815803399999998,10838,True
27,Background,1048576,2.86047,2.918905073,0.05843507300000006,1087892,True
29,Background,10240,2.86257,2.883443077,0.020873077000000073,106400,True
15,Background,1048576,2.86565,3.291813878,0.4261638780000001,108768230,True
38,Background,102400,2.86817,2.900397434,0.03222743399999972,106400,True
31,Background,102400,2.86829,2.988135507,0.11984550699999996,10838,True
16,Background,1048576,2.86951,3.291813878,0.42230387800000013,108768230,True
24,Background,1048576,2.86958,3.133244794,0.26366479399999987,1244,True
28,Background,1024,2.87067,2.89251028,0.021840280000000156,106400,True
34,Background,1024,2.87117,2.942591578,0.07142157799999982,1087892,True
22,Background,10240,2.87265,3.45528703,0.5826370299999999,10838,True
26,Background,102400,2.87329,2.959221088,0.08593108800000016,10838,True
26,Background,102400,2.87551,2.95018691,0.07467691000000043,10838,True
34,Background,10240,2.87563,3.051986034,0.17635603399999988,106400,True
27,Background,102400,2.87563,2.961591637,0.08596163700000004,106400,True
31,Background,10485760,2.87607,2.878647103,0.002577103000000136,106400,True
30,Background,10240,2.87671,3.001420046,0.12471004599999969,106400,True
30,Background,1048576,2.87735,2.990961522,0.11361152200000024,10876994,True
39,Background,102400,2.87954,2.900397434,0.02085743399999984,106400,True
28,Background,102400,2.8823,2.961591637,0.0792916370000003,106400,True
29,Background,1024,2.88271,2.967729042,0.08501904200000032,106400,True
32,Background,1048576,2.88347,3.062249458,0.17877945800000017,10838,True
17,Background,10240,2.88399,3.291813878,0.4078238780000003,108768230,True
29,Background,1048576,2.88417,3.308284189,0.424114189,10838,True
25,Background,10240,2.88432,2.92045947,0.03613946999999973,10838,True
35,Background,102400,2.88437,3.051986034,0.1676160339999999,106400,True
34,Background,102400,2.88751,3.125348628,0.237838628,10838,True
36,Background,102400,2.89013,3.19638939,0.30625939000000013,10838,True
33,Background,102400,2.89266,3.197685725,0.30502572500000014,108768230,True
31,Background,1048576,2.89661,2.990961522,0.09435152200000019,10876994,True
36,Background,10485760,2.8967,3.149013245,0.25231324499999985,1244,True
31,Background,1048576,2.9019,3.001420046,0.09952004599999986,106400,True
27,Background,10240,2.90302,3.005057422,0.10203742199999999,106400,True
32,Background,10240,2.90391,2.988135507,0.08422550699999976,10838,True
28,Background,1024,2.90422,2.955489486,0.05126948599999981,10876994,True
34,Background,102400,2.90479,3.197685725,0.2928957249999997,108768230,True
35,Background,10485760,2.90621,3.091375117,0.18516511699999993,1087892,True
31,Background,10240,2.90826,3.054158034,0.145898034,10838,True
35,Background,10240,2.90842,2.931655406,0.02323540599999996,10838,True
28,Background,10240,2.90947,2.918905073,0.009435073000000127,1087892,True
28,Background,10240,2.91228,3.625095438,0.7128154379999998,106400,True
22,Background,102400,2.91228,3.910030962,0.997750962,1244,True
35,Background,102400,2.91398,3.197685725,0.2837057249999999,108768230,True
27,Background,10240,2.91673,2.959221088,0.04249108800000023,10838,True
23,Background,10240,2.92098,3.018510115,0.09753011500000008,10838,True
23,Background,1024,2.92341,3.126069454,0.20265945399999996,106400,True
35,Background,10240,2.92484,3.125348628,0.2005086279999997,10838,True
32,Background,10240,2.92526,3.054158034,0.12889803399999966,10838,True
40,Background,10240,2.92536,3.278087139,0.3527271390000002,1244,True
28,Background,1024,2.92596,3.178501792,0.25254179200000015,106400,True
30,Background,1024,2.92867,2.954210528,0.025540528000000062,1244,True
27,Background,1024,2.93075,2.95018691,0.01943691000000003,10838,True
31,Background,1024,2.93523,2.954210528,0.018980528000000163,1244,True
32,Background,10485760,2.93531,2.990961522,0.05565152200000023,10876994,True
21,Background,10240,2.93632,3.171745996,0.23542599600000003,106400,True
40,Background,10240,2.93688,2.965718639,0.028838638999999944,1244,True
35,Background,1048576,2.93747,3.233049899,0.29557989900000026,10838,True
37,Background,10240,2.93819,3.188236669,0.25004666900000005,106400,True
27,Background,102400,2.93867,3.0466394,0.1079694,10838,True
25,Background,10240,2.94036,3.184478215,0.24411821499999986,106400,True
31,Background,10485760,2.94096,3.109453213,0.16849321300000009,10838,True
33,Background,1024,2.94138,3.052429401,0.11104940099999983,106400,True
26,Background,102400,2.94171,3.190285616,0.2485756160000001,10876994,True
23,Background,102400,2.94176,3.910030962,0.9682709620000001,1244,True
26,Background,102400,2.94359,3.058513898,0.11492389800000025,106400,True
22,Background,1048576,2.94583,3.171745996,0.2259159959999999,106400,True
34,Background,10485760,2.94821,3.133605546,0.18539554600000008,10838,True
24,Background,10240,2.9502,3.126069454,0.17586945399999987,106400,True
29,Background,102400,2.95063,3.178501792,0.22787179200000018,106400,True
33,Background,102400,2.9518,2.990961522,0.039161522000000115,10876994,True
27,Background,1048576,2.95296,3.058513898,0.10555389800000015,106400,True
28,Background,10240,2.95302,3.058513898,0.1054938980000002,106400,True
24,Background,1048576,2.95333,3.144925775,0.19159577500000013,10838,True
36,Background,10240,2.95598,3.233049899,0.27706989900000023,10838,True
25,Background,10240,2.9593,2.970600814,0.011300814000000159,1087892,True
25,Background,1024,2.96317,3.133244794,0.17007479400000003,1244,True
33,Background,10485760,2.96473,3.062249458,0.09751945800000028,10838,True
41,Background,10240,2.96548,3.278087139,0.31260713900000026,1244,True
29,Background,102400,2.96665,3.27650465,0.3098546500000001,106400,True
33,Background,10240,2.96822,3.054158034,0.08593803399999977,10838,True
36,Background,10240,2.97067,3.03965503,0.06898502999999989,1244,True
36,Background,10485760,2.97228,3.197685725,0.2254057249999999,108768230,True
27,Background,1024,2.97305,3.190285616,0.21723561599999996,10876994,True
36,Background,1024,2.97616,3.254131126,0.27797112599999974,1087892,True
36,Background,102400,2.97777,3.376985709,0.3992157089999999,1087892,True
28,Background,1024,2.97837,3.0466394,0.06826940000000015,10838,True
33,Background,10240,2.98143,2.988135507,0.006705506999999944,10838,True
22,Background,104857600,2.98226,3.212651424,0.230391424,10838,True
29,Background,1048576,2.98318,3.008190902,0.025010902,1087892,True
30,Background,102400,2.98349,3.308284189,0.3247941889999999,10838,True
32,Background,10240,2.98383,3.171292173,0.18746217299999968,10876994,True
27,Background,10240,2.98533,3.573357725,0.5880277250000003,1244,True
25,Background,102400,2.98627,3.084925138,0.09865513799999981,10876994,True
23,Background,1048576,2.9876,3.145304944,0.1577049439999998,10876994,True
30,Background,1024,2.99045,3.606941868,0.6164918679999998,10838,True
32,Background,10485760,2.99127,3.421876025,0.4306060249999999,10838,True
34,Background,102400,2.99301,3.389964619,0.3969546190000002,108768230,True
26,Background,10485760,2.99359,3.184478215,0.19088821499999975,106400,True
23,Background,1048576,2.99723,3.25444321,0.25721320999999975,10838,True
29,Background,10485760,2.99808,3.0466394,0.04855940000000025,10838,True
24,Background,1024,2.99858,3.008103319,0.009523318999999919,1244,True
25,Background,10485760,3.002,3.008103319,0.0061033190000001625,1244,True
27,Background,10485760,3.00214,3.184478215,0.18233821500000014,106400,True
25,Background,102400,3.00309,3.126069454,0.12297945400000021,106400,True
30,Background,1048576,3.0035,3.178501792,0.1750017920000002,106400,True
28,Background,1048576,3.00381,3.005057422,0.0012474220000000535,106400,True
35,Background,102400,3.00942,3.389964619,0.38054461900000014,108768230,True
29,Background,1024,3.01247,3.03897829,0.026508290000000212,1087892,True
30,Background,10240,3.01295,3.100911058,0.08796105799999987,1087892,True
29,Background,1048576,3.01437,3.246360469,0.23199046899999987,10876994,True
35,Background,102400,3.01443,3.331052164,0.316622164,1244,True
20,Background,10240,3.01484,3.139565072,0.12472507199999994,1244,True
28,Background,102400,3.01529,3.573357725,0.5580677250000003,1244,True
37,Background,10240,3.01535,3.03965503,0.02430502999999984,1244,True
28,Background,1048576,3.0164,3.190285616,0.1738856160000002,10876994,True
34,Background,10485760,3.02253,3.062249458,0.039719457999999985,10838,True
26,Background,10485760,3.02319,3.412984072,0.38979407199999994,10838,True
33,Background,1048576,3.02394,3.421876025,0.3979360249999999,10838,True
35,Background,1048576,3.02562,3.062249458,0.03662945800000017,10838,True
23,Background,104857600,3.0263,3.171745996,0.14544599599999986,106400,True
26,Background,104857600,3.02916,3.084925138,0.055765137999999936,10876994,True
26,Background,10240,3.03072,3.353916942,0.32319694200000004,10838,True
18,Background,1024,3.03109,3.291813878,0.2607238780000003,108768230,True
36,Background,10240,3.03451,3.051986034,0.017476033999999974,106400,True
34,Background,10240,3.04044,3.112860876,0.07242087600000024,1087892,True
29,Background,10240,3.04129,3.573357725,0.5320677250000001,1244,True
25,Background,1048576,3.04172,3.144925775,0.10320577499999972,10838,True
27,Background,10240,3.04909,3.130233098,0.08114309800000008,10838,True
37,Background,1048576,3.04988,3.376985709,0.327105709,1087892,True
29,Background,1048576,3.05357,3.190285616,0.13671561600000004,10876994,True
36,Background,1024,3.05472,3.062249458,0.007529458000000044,10838,True
24,Background,1048576,3.05657,3.145304944,0.08873494400000004,10876994,True
32,Background,1048576,3.05689,3.109453213,0.052563213,10838,True
34,Background,1024,3.05743,3.530045916,0.4726159160000001,106400,True
26,Background,10240,3.05765,3.133244794,0.07559479399999969,1244,True
30,Background,1024,3.05818,3.27650465,0.21832465,106400,True
24,Background,1048576,3.05901,3.910030962,0.8510209620000002,1244,True
37,Background,10240,3.05993,3.149013245,0.08908324499999987,1244,True
24,Background,102400,3.0642,3.171745996,0.10754599599999981,106400,True
26,Background,1048576,3.06466,3.25015723,0.18549723000000018,10876994,True
30,Background,1024,3.06494,3.174793437,0.10985343699999994,106400,True
25,Background,102400,3.06548,3.171745996,0.10626599599999986,106400,True
30,Background,1048576,3.06593,3.361048059,0.295118059,10838,True
35,Background,102400,3.06695,3.112860876,0.04591087600000021,1087892,True
40,Background,10240,3.07056,3.172644884,0.10208488399999993,106400,True
27,Background,10240,3.07167,3.133244794,0.061574793999999766,1244,True
31,Background,10240,3.07268,3.27650465,0.20382465000000005,106400,True
30,Background,10240,3.07357,3.246360469,0.17279046899999972,10876994,True
30,Background,102400,3.0757,3.190285616,0.11458561600000028,10876994,True
37,Background,1024,3.08001,3.424963457,0.3449534569999999,106400,True
37,Background,1048576,3.08138,3.19638939,0.11500939000000043,10838,True
27,Background,1024,3.08205,3.25015723,0.16810722999999994,10876994,True
23,Background,102400,3.08515,3.45528703,0.37013703,10838,True
32,Background,102400,3.08669,3.27650465,0.1898146500000002,106400,True
36,Background,10240,3.0867,3.331052164,0.24435216399999993,1244,True
28,Background,1024,3.09022,3.133244794,0.04302479399999992,1244,True
34,Background,102400,3.09033,3.103285778,0.012955778000000251,106400,True
31,Background,10240,3.09234,3.100911058,0.008571057999999798,1087892,True
24,Background,10485760,3.09309,3.45528703,0.3621970299999999,10838,True
32,Background,10485760,3.09904,3.100911058,0.00187105799999987,1087892,True
27,Background,1048576,3.10247,3.287546407,0.18507640699999994,10838,True
30,Background,1048576,3.10445,3.385254316,0.2808043160000002,106400,True
35,Background,1024,3.10508,3.133605546,0.028525546000000013,10838,True
179,Incast,500000,3.109677424,3.122065932,0.01238850799999991,518738,False
169,Incast,500000,3.109677424,3.126021337,0.016343913000000043,518738,False
168,Incast,500000,3.109677424,3.123618348,0.01394092399999991,518738,False
167,Incast,500000,3.109677424,3.122726366,0.013048942000000174,518738,False
166,Incast,500000,3.109677424,3.121232078,0.011554653999999775,518738,False
165,Incast,500000,3.109677424,3.125612474,0.01593504999999995,518738,False
164,Incast,500000,3.109677424,3.125551071,0.015873646999999824,518738,False
162,Incast,500000,3.109677424,3.121731809,0.01205438499999989,518738,False
170,Incast,500000,3.109677424,3.120973307,0.01129588299999984,518738,False
161,Incast,500000,3.109677424,3.116806743,0.007129319000000134,518738,False
160,Incast,500000,3.109677424,3.12601685,0.016339426000000046,518738,False
159,Incast,500000,3.109677424,3.124714676,0.015037251999999945,518738,False
158,Incast,500000,3.109677424,3.123560451,0.013883026999999881,518738,False
163,Incast,500000,3.109677424,3.125733521,0.01605609699999988,518738,False
171,Incast,500000,3.109677424,3.124740004,0.015062579999999937,518738,False
172,Incast,500000,3.109677424,3.125713642,0.01603621799999999,518738,False
124,Incast,500000,3.109677424,3.125456637,0.01577921300000007,518738,False
178,Incast,500000,3.109677424,3.11989948,0.010222055999999924,518738,False
152,Incast,500000,3.109677424,3.122212472,0.01253504800000016,518738,False
153,Incast,500000,3.109677424,3.122866653,0.013189228999999969,518738,False
154,Incast,500000,3.109677424,3.117276838,0.007599413999999971,518738,False
156,Incast,500000,3.109677424,3.125290016,0.015612592000000092,518738,False
157,Incast,500000,3.109677424,3.121057159,0.01137973499999978,518738,False
177,Incast,500000,3.109677424,3.124989959,0.015312535000000072,518738,False
146,Incast,500000,3.109677424,3.121824319,0.01214689499999988,518738,False
176,Incast,500000,3.109677424,3.12298401,0.01330658600000012,518738,False
174,Incast,500000,3.109677424,3.125059539,0.015382114999999974,518738,False
151,Incast,500000,3.109677424,3.116002416,0.00632499200000014,518738,False
150,Incast,500000,3.109677424,3.120776901,0.011099477000000135,518738,False
149,Incast,500000,3.109677424,3.116784459,0.007107034999999762,518738,False
148,Incast,500000,3.109677424,3.121975346,0.012297922000000128,518738,False
147,Incast,500000,3.109677424,3.123540572,0.013863147999999992,518738,False
173,Incast,500000,3.109677424,3.121133315,0.011455890999999774,518738,False
175,Incast,500000,3.109677424,3.125276499,0.015599074999999907,518738,False
155,Incast,500000,3.109677424,3.124137522,0.01446009799999981,518738,False
123,Incast,500000,3.109677424,3.121698943,0.012021519000000147,518738,False
136,Incast,500000,3.109677424,3.113796374,0.004118950000000066,518738,False
125,Incast,500000,3.109677424,3.125809196,0.016131772000000044,518738,False
126,Incast,500000,3.109677424,3.125176099,0.015498674999999906,518738,False
127,Incast,500000,3.109677424,3.124716758,0.015039333999999904,518738,False
121,Incast,500000,3.109677424,3.125605582,0.015928157999999915,518738,False
128,Incast,500000,3.109677424,3.125877656,0.016200232000000092,518738,False
129,Incast,500000,3.109677424,3.121881393,0.01220396899999976,518738,False
145,Incast,500000,3.109677424,3.118302767,0.008625342999999841,518738,False
130,Incast,500000,3.109677424,3.123487504,0.013810079999999836,518738,False
131,Incast,500000,3.109677424,3.126442057,0.016764633000000195,518738,False
144,Incast,500000,3.109677424,3.124459176,0.01478175199999976,518738,False
132,Incast,500000,3.109677424,3.122948739,0.013271314999999895,518738,False
133,Incast,500000,3.109677424,3.12293848,0.01326105600000016,518738,False
122,Incast,500000,3.109677424,3.120264394,0.010586969999999862,518738,False
143,Incast,500000,3.109677424,3.121546794,0.01186936999999988,518738,False
135,Incast,500000,3.109677424,3.12503485,0.015357426000000007,518738,False
134,Incast,500000,3.109677424,3.120732491,0.01105506700000003,518738,False
137,Incast,500000,3.109677424,3.124852235,0.015174811000000066,518738,False
138,Incast,500000,3.109677424,3.121881235,0.012203811000000009,518738,False
139,Incast,500000,3.109677424,3.122844369,0.013166945000000041,518738,False
140,Incast,500000,3.109677424,3.119913106,0.010235681999999802,518738,False
141,Incast,500000,3.109677424,3.125969204,0.016291779999999978,518738,False
142,Incast,500000,3.109677424,3.122184416,0.01250699200000005,518738,False
120,Incast,500000,3.109677424,3.123144822,0.013467397999999964,518738,False
30,Background,10240,3.11149,3.130163181,0.01867318100000004,1087892,True
28,Background,10240,3.11257,3.287546407,0.17497640699999994,10838,True
36,Background,102400,3.1126,3.198082477,0.08548247699999978,106400,True
26,Background,10240,3.11335,3.171745996,0.058395995999999784,106400,True
41,Background,1048576,3.11439,3.172644884,0.058254883999999674,106400,True
29,Background,1048576,3.11653,3.267904011,0.15137401100000014,1087892,True
31,Background,10240,3.11781,3.308284189,0.19047418900000013,10838,True
28,Background,102400,3.11973,3.184168355,0.06443835500000006,106400,True
19,Background,1048576,3.12022,3.191623568,0.07140356799999958,1087892,True
27,Background,102400,3.12261,3.171745996,0.04913599599999996,106400,True
37,Background,10240,3.1247,3.254131126,0.12943112600000006,1087892,True
36,Background,1024,3.12525,3.125348628,9.862799999993399e-05,10838,True
31,Background,10240,3.12692,3.385254316,0.258334316,106400,True
20,Background,10240,3.12789,3.191623568,0.06373356799999996,1087892,True
25,Background,102400,3.12848,3.45528703,0.3268070299999999,10838,True
35,Background,10240,3.13086,3.530045916,0.399185916,106400,True
35,Background,102400,3.13133,4.086412542,0.9550825419999995,10838,True
36,Background,1024,3.13167,3.133605546,0.0019355459999998992,10838,True
25,Background,102400,3.13592,4.160536874,1.024616874,10876994,True
27,Background,1024,3.13664,3.353916942,0.21727694200000025,10838,True
29,Background,10485760,3.13688,3.625095438,0.48821543799999967,106400,True
28,Background,102400,3.14017,3.851197451,0.7110274510000001,10838,True
30,Background,1024,3.14112,3.573357725,0.43223772500000024,1244,True
37,Background,1024,3.14268,3.698404388,0.5557243880000002,106400,True
36,Background,10240,3.14399,3.258020454,0.11403045399999989,10876994,True
37,Background,10240,3.14523,3.216167997,0.0709379969999997,106400,True
37,Background,102400,3.14768,3.258020454,0.11034045400000014,10876994,True
32,Background,1024,3.1479,3.308284189,0.16038418900000018,10838,True
42,Background,1048576,3.15063,3.278087139,0.1274571390000001,1244,True
30,Background,10485760,3.15353,3.267904011,0.11437401100000022,1087892,True
41,Background,1024,3.15461,3.214854446,0.06024444600000001,10838,True
38,Background,10240,3.15669,3.216167997,0.05947799699999967,106400,True
34,Background,1024,3.15832,3.421876025,0.2635560250000002,10838,True
36,Background,10485760,3.15929,4.086412542,0.9271225419999998,10838,True
29,Background,104857600,3.16086,3.325465388,0.16460538800000002,1087892,True
37,Background,10485760,3.16131,3.233049899,0.07173989900000022,10838,True
33,Background,1048576,3.16169,3.308284189,0.14659418899999999,10838,True
26,Background,1024,3.16308,3.398369733,0.2352897330000001,106400,True
31,Background,102400,3.16572,3.190285616,0.02456561600000029,10876994,True
29,Background,104857600,3.16599,3.189035965,0.023045965000000113,1244,True
36,Background,10485760,3.16653,4.049588716,0.8830587159999999,1244,True
29,Background,102400,3.16866,3.287546407,0.11888640699999975,10838,True
33,Background,102400,3.16902,3.260680906,0.09166090599999999,10838,True
30,Background,10240,3.16987,3.287546407,0.11767640699999982,10838,True
26,Background,1048576,3.17199,3.27699697,0.10500696999999981,10838,True
24,Background,1048576,3.17405,3.219373869,0.04532386900000018,106400,True
31,Background,102400,3.17536,3.174793437,-0.0005665630000000199,106400,True
33,Background,102400,3.17548,3.27650465,0.10102465000000027,106400,True
27,Background,1024,3.17567,3.27699697,0.10132696999999968,10838,True
29,Background,1048576,3.17742,3.49828457,0.3208645699999999,10838,True
28,Background,102400,3.18184,3.25015723,0.06831723000000034,10876994,True
29,Background,1048576,3.18223,3.25015723,0.06792723,10876994,True
30,Background,1024,3.18256,3.49828457,0.31572457,10838,True
38,Background,10240,3.18282,3.698404388,0.5155843880000002,106400,True
38,Background,10240,3.18309,3.223734822,0.04064482199999997,1087892,True
33,Background,1048576,3.18487,3.29781439,0.11294439,106400,True
34,Background,102400,3.18574,3.260680906,0.07494090600000014,10838,True
38,Background,102400,3.18659,3.258020454,0.07143045400000014,10876994,True
28,Background,102400,3.19232,3.325217294,0.13289729400000017,1087892,True
39,Background,10485760,3.19479,3.216167997,0.021377997000000093,106400,True
28,Background,10240,3.19577,3.27699697,0.0812269699999999,10838,True
38,Background,1024,3.19727,3.233049899,0.035779899000000004,10838,True
31,Background,10240,3.19885,3.34532809,0.14647809,10838,True
34,Background,10240,3.19936,3.27650465,0.07714465000000015,106400,True
32,Background,10485760,3.20096,3.238194642,0.03723464200000004,106400,True
37,Background,1048576,3.20174,3.331052164,0.1293121639999999,1244,True
31,Background,1048576,3.20421,3.287546407,0.083336407,10838,True
33,Background,10240,3.2083,3.332309028,0.12400902800000013,1087892,True
31,Background,102400,3.20945,3.246360469,0.036910468999999946,10876994,True
31,Background,102400,3.21171,3.573357725,0.3616477250000001,1244,True
27,Background,10240,3.21439,3.412984072,0.19859407200000012,10838,True
32,Background,10240,3.21477,3.240205235,0.02543523499999978,10876994,True
38,Background,102400,3.21568,3.376985709,0.16130570900000007,1087892,True
30,Background,10240,3.2172,3.625095438,0.4078954379999997,106400,True
31,Background,1048576,3.21752,3.361048059,0.14352805899999987,10838,True
32,Background,1048576,3.21953,3.287546407,0.068016407,10838,True
42,Background,10240,3.2201,3.316087659,0.09598765899999995,10838,True
23,Background,10485760,3.22414,3.252665259,0.028525259000000247,10838,True
34,Background,10240,3.22532,3.332309028,0.1069890280000001,1087892,True
37,Background,10240,3.22596,4.049588716,0.8236287159999995,1244,True
30,Background,102400,3.22633,3.325465388,0.0991353880000001,1087892,True
37,Background,10240,3.22664,3.26051391,0.03387390999999962,106400,True
25,Background,1048576,3.22771,3.910030962,0.6823209619999999,1244,True
32,Background,1048576,3.22817,3.397849946,0.16967994600000003,106400,True
38,Background,10240,3.22878,3.424963457,0.19618345700000006,106400,True
43,Background,10240,3.23081,3.278087139,0.04727713900000019,1244,True
34,Background,102400,3.23733,3.308284189,0.07095418900000006,10838,True
38,Background,102400,3.2421,3.292926694,0.05082669399999995,10838,True
35,Background,1048576,3.24422,3.332309028,0.08808902800000018,1087892,True
39,Background,102400,3.24685,3.249722054,0.0028720540000000128,106400,True
35,Background,1024,3.24736,3.27650465,0.029144650000000105,106400,True
31,Background,10240,3.24771,3.343632292,0.09592229200000002,106400,True
38,Background,102400,3.25056,3.331052164,0.08049216399999981,1244,True
33,Background,104857600,3.25072,3.417866447,0.16714644700000036,10838,True
36,Background,10240,3.25085,3.332309028,0.08145902800000027,1087892,True
27,Background,102400,3.25265,3.398369733,0.14571973299999996,106400,True
37,Background,1048576,3.25323,4.086412542,0.8331825419999999,10838,True
38,Background,1048576,3.25593,3.26051391,0.00458390999999958,106400,True
28,Background,1024,3.25623,3.263672666,0.007442666000000209,106400,True
44,Background,10240,3.25627,3.278087139,0.02181713899999993,1244,True
28,Background,1048576,3.25834,3.353916942,0.09557694200000011,10838,True
36,Background,10240,3.25959,3.27650465,0.01691464999999992,106400,True
32,Background,102400,3.26033,3.573357725,0.313027725,1244,True
29,Background,1048576,3.26086,3.851197451,0.5903374509999999,10838,True
31,Background,1024,3.26106,3.625095438,0.3640354379999997,106400,True
31,Background,1048576,3.26142,3.267904011,0.006484010999999956,1087892,True
33,Background,1048576,3.26194,3.573357725,0.3114177250000001,1244,True
33,Background,102400,3.26378,3.78268025,0.5189002499999997,1087892,True
29,Background,10240,3.26408,3.325217294,0.06113729400000034,1087892,True
34,Background,102400,3.26445,3.417866447,0.15341644700000012,10838,True
35,Background,102400,3.26494,3.421876025,0.1569360249999998,10838,True
37,Background,1048576,3.2652,3.27650465,0.011304650000000027,106400,True
35,Background,102400,3.2654,3.285944332,0.020544332000000054,106400,True
31,Background,10485760,3.267,3.49828457,0.23128457000000013,10838,True
37,Background,102400,3.26734,3.533969668,0.2666296680000002,108768230,True
28,Background,10240,3.26923,3.494305737,0.22507573700000005,10838,True
21,Background,102400,3.2742,3.549479106,0.27527910600000016,106400,True
24,Background,1048576,3.27652,3.369340269,0.09282026899999973,1244,True
32,Background,1024,3.27858,3.385254316,0.10667431600000032,106400,True
21,Background,1024,3.28196,3.487363694,0.2054036939999997,1087892,True
39,Background,102400,3.28351,3.292926694,0.009416694000000003,10838,True
29,Background,102400,3.28561,3.494378154,0.20876815399999993,10838,True
40,Background,102400,3.28748,3.292926694,0.005446694000000196,10838,True
32,Background,10485760,3.28775,3.343632292,0.05588229200000017,106400,True
26,Background,1024,3.28966,3.45528703,0.16562703,10838,True
27,Background,102400,3.29001,3.45528703,0.16527702999999994,10838,True
28,Background,1024,3.29005,3.398369733,0.10831973300000008,106400,True
30,Background,102400,3.29012,3.400546603,0.11042660300000007,1087892,True
33,Background,10240,3.29291,3.385254316,0.09234431600000015,106400,True
33,Background,10240,3.29369,3.500196237,0.20650623700000015,1087892,True
35,Background,102400,3.29479,3.417866447,0.12307644700000031,10838,True
45,Background,10240,3.29518,3.451444786,0.15626478599999993,1087892,True
43,Background,10240,3.2952,3.316087659,0.020887659000000003,10838,True
24,Background,10240,3.29709,3.393350927,0.09626092700000033,10838,True
29,Background,102400,3.2989,3.455227427,0.1563274269999999,1244,True
26,Background,10240,3.3018,4.160536874,0.8587368739999999,10876994,True
42,Background,102400,3.30379,3.304738726,0.0009487260000002884,106400,True
27,Background,10240,3.30812,4.301541937,0.9934219369999995,106400,True
39,Background,102400,3.30846,3.698404388,0.389944388,106400,True
32,Background,1048576,3.3086,3.625095438,0.3164954379999996,106400,True
30,Background,10240,3.30862,3.325217294,0.016597294000000318,1087892,True
28,Background,1048576,3.30949,3.45528703,0.14579703000000022,10838,True
30,Background,1048576,3.30979,3.455227427,0.14543742700000006,1244,True
22,Background,102400,3.31009,3.487363694,0.1772736939999997,1087892,True
43,Background,102400,3.31084,3.311801579,0.0009615790000001567,1244,True
29,Background,102400,3.31128,3.494305737,0.1830257369999999,10838,True
33,Background,1048576,3.3119,3.343632292,0.03173229200000005,106400,True
36,Background,102400,3.31213,3.530045916,0.21791591600000038,106400,True
30,Background,1048576,3.31706,4.189877108,0.872817108,108768230,True
31,Background,10485760,3.32016,3.325465388,0.005305388000000022,1087892,True
36,Background,10485760,3.32146,3.421876025,0.10041602499999991,10838,True
26,Background,10240,3.32481,3.910030962,0.5852209620000002,1244,True
32,Background,102400,3.32778,3.49828457,0.17050456999999986,10838,True
41,Background,1048576,3.3281,3.45645668,0.12835668,1087892,True
39,Background,102400,3.32853,3.376985709,0.048455708999999736,1087892,True
27,Background,102400,3.32913,4.160536874,0.8314068739999998,10876994,True
46,Background,1048576,3.33123,3.451444786,0.12021478600000002,1087892,True
38,Background,1048576,3.33226,3.618520845,0.2862608449999997,106400,True
36,Background,10240,3.33438,3.753709021,0.41932902100000025,10838,True
39,Background,102400,3.33708,3.618520845,0.2814408450000001,106400,True
39,Background,10240,3.34011,3.38682777,0.04671776999999988,10876994,True
37,Background,10240,3.34016,3.494704633,0.154544633,106400,True
32,Background,102400,3.34019,3.34532809,0.005138089999999984,10838,True
30,Background,102400,3.34107,3.851197451,0.5101274509999998,10838,True
34,Background,10240,3.345,3.738898877,0.3938988769999998,106400,True
37,Background,102400,3.34624,3.753709021,0.40746902100000026,10838,True
29,Background,10240,3.34713,3.398369733,0.051239733000000065,106400,True
32,Background,102400,3.34758,3.497232841,0.14965284100000042,106400,True
37,Background,102400,3.34768,3.421876025,0.074196025,10838,True
33,Background,102400,3.34891,3.49828457,0.14937456999999998,10838,True
25,Background,1024,3.35293,3.488199736,0.1352697359999997,106400,True
44,Background,10240,3.35547,3.363009901,0.0075399009999999045,10838,True
39,Background,1048576,3.35667,3.4142247,0.05755470000000029,10838,True
35,Background,1024,3.35914,3.78026271,0.4211227100000001,106400,True
31,Background,10485760,3.36035,3.455227427,0.09487742700000013,1244,True
26,Background,1048576,3.36139,3.488199736,0.12680973599999978,106400,True
42,Background,1048576,3.363,3.45645668,0.09345668000000007,1087892,True
33,Background,102400,3.36359,3.497232841,0.13364284100000035,106400,True
33,Background,102400,3.36417,3.397849946,0.033679945999999905,106400,True
28,Background,102400,3.36726,3.520933224,0.15367322400000027,106400,True
40,Background,102400,3.36745,3.4142247,0.04677470000000028,10838,True
32,Background,10240,3.36905,3.61496545,0.24591545000000004,106400,True
40,Background,1048576,3.37422,3.494403656,0.12018365599999958,1244,True
29,Background,10240,3.3743,3.45528703,0.08098703000000018,10838,True
27,Background,10240,3.37809,3.488199736,0.11010973600000007,106400,True
31,Background,1024,3.37913,3.851197451,0.472067451,10838,True
34,Background,1048576,3.38007,3.78268025,0.40261024999999995,1087892,True
38,Background,1024,3.38014,3.419745951,0.03960595099999997,106400,True
35,Background,1024,3.38371,3.78268025,0.39897024999999964,1087892,True
33,Background,104857600,3.38461,3.594307823,0.20969782299999995,10838,True
34,Background,102400,3.38621,3.594307823,0.20809782299999968,10838,True
30,Background,1024,3.38767,3.398369733,0.010699733000000045,106400,True
37,Background,102400,3.38785,3.761015492,0.37316549200000004,1087892,True
31,Background,10240,3.38979,3.606941868,0.21715186799999975,10838,True
41,Background,1048576,3.3939,3.4142247,0.020324700000000195,10838,True
34,Background,1024,3.39427,3.425267241,0.030997240999999676,1087892,True
39,Background,1048576,3.39588,3.419745951,0.023865950999999885,106400,True
41,Background,1048576,3.39601,3.494403656,0.09839365599999983,1244,True
23,Background,1048576,3.39613,3.487363694,0.09123369400000003,1087892,True
27,Background,10485760,3.39866,3.910030962,0.511370962,1244,True
40,Background,10485760,3.40037,3.437300121,0.036930120999999705,106400,True
38,Background,1048576,3.40833,3.753709021,0.3453790210000003,10838,True
40,Background,10240,3.40881,3.45726756,0.04845756000000012,10838,True
34,Background,1048576,3.40953,3.497232841,0.08770284100000003,106400,True
47,Background,10240,3.41001,3.451444786,0.041434785999999946,1087892,True
35,Background,102400,3.41003,3.738898877,0.3288688770000001,106400,True
36,Background,102400,3.41441,3.78268025,0.3682702499999997,1087892,True
39,Background,102400,3.41565,3.676064077,0.2604140770000001,1087892,True
38,Background,10240,3.41652,3.446561175,0.03004117500000003,106400,True
38,Background,1024,3.41699,4.086412542,0.6694225419999995,10838,True
40,Background,10240,3.41918,3.698404388,0.27922438800000027,106400,True
32,Background,102400,3.42202,3.557117074,0.13509707400000037,106400,True
31,Background,102400,3.42333,3.505252436,0.08192243600000015,1244,True
40,Background,1048576,3.4236,3.441797128,0.018197128000000173,106400,True
34,Background,10240,3.42407,3.5071222,0.08305220000000002,1087892,True
42,Background,10240,3.42533,3.864006596,0.43867659599999964,1244,True
28,Background,1048576,3.43051,4.301541937,0.8710319369999997,106400,True
34,Background,10240,3.43424,3.573357725,0.1391177250000002,1244,True
32,Background,1024,3.43717,3.505252436,0.06808243600000008,1244,True
37,Background,104857600,3.43896,3.530045916,0.09108591600000038,106400,True
25,Background,1048576,3.44209,4.289776266,0.8476862659999997,106400,True
43,Background,102400,3.44263,3.45645668,0.013826680000000202,1087892,True
25,Background,10240,3.44851,4.042490587,0.5939805869999994,10838,True
42,Background,1048576,3.45451,3.494403656,0.03989365599999983,1244,True
38,Background,102400,3.45456,3.599169004,0.14460900400000032,106400,True
29,Background,1024,3.45489,3.520933224,0.0660432240000004,106400,True
39,Background,1048576,3.46175,3.503065852,0.04131585200000032,106400,True
38,Background,102400,3.46584,3.473212936,0.007372935999999886,1244,True
33,Background,1024,3.46789,3.757471358,0.28958135799999996,106400,True
36,Background,1024,3.46839,4.440674452,0.9722844519999998,10838,True
37,Background,10240,3.46844,3.78268025,0.31424024999999967,1087892,True
48,Background,102400,3.46866,3.904330058,0.43567005800000036,10876994,True
34,Background,102400,3.46878,3.527891334,0.05911133399999979,10838,True
24,Background,10240,3.4696,3.487363694,0.017763694000000108,1087892,True
29,Background,1048576,3.4703,4.301541937,0.8312419369999997,106400,True
28,Background,102400,3.4721,3.488199736,0.016099735999999698,106400,True
41,Background,10240,3.47517,3.698404388,0.22323438800000028,106400,True
40,Background,10240,3.47631,3.676064077,0.19975407700000014,1087892,True
37,Background,10240,3.47635,4.440674452,0.9643244519999996,10838,True
35,Background,104857600,3.47671,3.573357725,0.09664772499999996,1244,True
26,Background,10240,3.47733,4.289776266,0.8124462659999998,106400,True
34,Background,102400,3.47898,3.570134748,0.09115474800000012,10838,True
32,Background,10240,3.47916,3.851197451,0.3720374510000002,10838,True
33,Background,10240,3.48034,3.625095438,0.1447554379999998,106400,True
41,Background,1048576,3.48585,3.509127998,0.023277997999999744,10876994,True
41,Background,1024,3.48626,3.676064077,0.1898040769999998,1087892,True
39,Background,10240,3.48669,4.086412542,0.5997225419999999,10838,True
34,Background,102400,3.48736,3.49828457,0.010924570000000244,10838,True
36,Background,1024,3.48824,3.738898877,0.2506588770000002,106400,True
39,Background,10240,3.48848,3.636438646,0.1479586460000002,1087892,True
28,Background,1024,3.49038,3.910030962,0.41965096199999996,1244,True
39,Background,1024,3.49056,3.596297934,0.10573793399999998,106400,True
35,Background,102400,3.49081,3.5071222,0.016312199999999777,1087892,True
26,Background,1048576,3.49316,4.042490587,0.5493305869999996,10838,True
38,Background,1048576,3.49421,4.440674452,0.9464644519999998,10838,True
38,Background,1048576,3.49514,3.761015492,0.2658754919999997,1087892,True
29,Background,1048576,3.49851,3.67227659,0.17376659000000005,10876994,True
40,Background,1048576,3.50501,3.618520845,0.11351084499999997,106400,True
31,Background,102400,3.50619,3.981498448,0.47530844799999983,10838,True
35,Background,1024,3.50628,3.594307823,0.088027823,10838,True
36,Background,1024,3.507,3.573357725,0.06635772500000003,1244,True
40,Background,1048576,3.50882,3.760575078,0.25175507799999997,108768230,True
32,Background,10240,3.509,4.052281194,0.543281194,106400,True
37,Background,1024,3.5103,3.738898877,0.22859887700000003,106400,True
38,Background,102400,3.51263,3.78268025,0.2700502499999997,1087892,True
33,Background,102400,3.51281,3.61496545,0.10215545000000015,106400,True
41,Background,102400,3.51416,3.542975142,0.028815142000000016,106400,True
35,Background,102400,3.51585,3.570134748,0.05428474800000016,10838,True
49,Background,102400,3.51638,3.904330058,0.3879500580000004,10876994,True
43,Background,1048576,3.51971,3.987356207,0.46764620700000004,1087892,True
33,Background,104857600,3.52112,3.88602413,0.3649041300000002,10838,True
36,Background,1048576,3.52113,3.786293401,0.26516340100000013,1087892,True
50,Background,1048576,3.52145,3.904330058,0.382880058,10876994,True
42,Background,1048576,3.52486,3.698404388,0.17354438800000027,106400,True
30,Background,1024,3.52758,4.301541937,0.7739619369999997,106400,True
34,Background,10240,3.52839,3.625095438,0.09670543799999987,106400,True
45,Background,1048576,3.53222,3.736805928,0.20458592799999975,1087892,True
37,Background,102400,3.53286,3.786293401,0.2534334010000001,1087892,True
29,Background,10240,3.53286,3.910030962,0.3771709620000001,1244,True
22,Background,102400,3.53325,3.549479106,0.01622910600000038,106400,True
38,Background,1048576,3.53396,3.566193021,0.03223302100000014,1087892,True
42,Background,102400,3.53589,3.792920499,0.25703049899999986,106400,True
39,Background,1048576,3.53639,3.753709021,0.21731902100000022,10838,True
41,Background,1024,3.53736,3.754685725,0.2173257249999998,10838,True
28,Background,1024,3.54056,4.414499079,0.8739390789999995,106400,True
40,Background,10240,3.5455,3.596297934,0.05079793399999977,106400,True
23,Background,102400,3.54558,3.549479106,0.0038991059999999855,106400,True
30,Background,1048576,3.54677,3.67227659,0.12550659000000008,10876994,True
38,Background,1048576,3.54686,3.738898877,0.19203887699999989,106400,True
39,Background,102400,3.55131,3.599169004,0.047859004000000205,106400,True
35,Background,1048576,3.55259,3.812310402,0.25972040200000013,106400,True
43,Background,1024,3.55681,3.792920499,0.23611049900000003,106400,True
29,Background,102400,3.55837,4.414499079,0.8561290789999996,106400,True
30,Background,10240,3.55892,3.750204218,0.19128421799999984,1087892,True
51,Background,10485760,3.56705,3.904330058,0.33728005800000016,10876994,True
36,Background,1048576,3.5682,3.812310402,0.244110402,106400,True
37,Background,1024,3.56961,3.812310402,0.2427004020000001,106400,True
44,Background,1048576,3.57048,3.987356207,0.41687620700000005,1087892,True
37,Background,10240,3.57064,3.573357725,0.002717725000000115,1244,True
36,Background,102400,3.57146,4.040705912,0.4692459119999999,10876994,True
39,Background,1048576,3.57272,4.440674452,0.8679544519999998,10838,True
29,Background,1024,3.5752,3.836020236,0.2608202359999998,1087892,True
30,Background,102400,3.5765,3.869767013,0.29326701300000035,10838,True
30,Background,1024,3.57811,4.186382631,0.6082726309999997,1087892,True
31,Background,10485760,3.57832,4.186382631,0.6080626309999997,1087892,True
44,Background,10240,3.57901,3.709676006,0.13066600600000022,106400,True
27,Background,1048576,3.57991,4.042490587,0.4625805869999997,10838,True
44,Background,10240,3.58016,3.782325754,0.20216575400000014,10838,True
40,Background,102400,3.5809,4.044204271,0.4633042709999997,106400,True
36,Background,102400,3.58194,3.668488141,0.08654814100000019,106400,True
29,Background,1048576,3.58562,3.744532787,0.15891278699999978,106400,True
32,Background,102400,3.58722,3.981498448,0.3942784480000001,10838,True
42,Background,104857600,3.59048,3.676064077,0.08558407700000004,1087892,True
33,Background,10240,3.59133,3.851197451,0.25986745099999986,10838,True
34,Background,10240,3.59189,3.851197451,0.2593074510000002,10838,True
38,Background,1024,3.59353,3.786293401,0.1927634010000001,1087892,True
36,Background,102400,3.59419,3.78026271,0.18607270999999992,106400,True
31,Background,10485760,3.59454,3.869767013,0.2752270130000003,10838,True
39,Background,1048576,3.59478,3.761015492,0.16623549199999976,1087892,True
30,Background,1024,3.5972,3.916361141,0.3191611409999999,106400,True
35,Background,1024,3.59759,3.625095438,0.027505437999999938,106400,True
38,Background,10240,3.59831,4.049588716,0.4512787159999996,1244,True
30,Background,1048576,3.59997,3.910030962,0.3100609620000001,1244,True
42,Background,10240,3.60059,3.754685725,0.1540957249999999,10838,True
28,Background,102400,3.60126,4.042490587,0.44123058699999973,10838,True
25,Background,10485760,3.60174,4.021558095,0.41981809499999967,10838,True
31,Background,102400,3.60534,4.301541937,0.6962019369999997,106400,True
43,Background,102400,3.60687,3.864006596,0.25713659600000005,1244,True
34,Background,1048576,3.61039,3.839075723,0.2286857229999999,10838,True
28,Background,1048576,3.61236,4.160536874,0.5481768740000001,10876994,True
41,Background,10485760,3.61278,4.044204271,0.431424271,106400,True
39,Background,102400,3.61323,4.049588716,0.43635871599999954,1244,True
32,Background,1048576,3.61376,3.869767013,0.25600701300000006,10838,True
39,Background,10240,3.61494,3.78268025,0.16774025000000004,1087892,True
43,Background,10240,3.61615,3.754685725,0.13853572499999967,10838,True
30,Background,1048576,3.61845,4.414499079,0.7960490789999994,106400,True
29,Background,104857600,3.61898,4.160536874,0.5415568739999999,10876994,True
33,Background,102400,3.61977,3.981498448,0.36172844800000004,10838,True
44,Background,102400,3.62003,3.792920499,0.1728904990000002,106400,True
39,Background,1024,3.62034,3.786293401,0.1659534009999999,1087892,True
40,Background,10240,3.62104,3.753709021,0.13266902100000033,10838,True
24,Background,1024,3.62137,3.767676936,0.14630693599999978,106400,True
40,Background,10240,3.62205,4.086412542,0.4643625419999995,10838,True
39,Background,10240,3.62314,3.660704655,0.03756465500000017,10876994,True
33,Background,10240,3.62364,4.052281194,0.4286411939999999,106400,True
31,Background,102400,3.62505,3.750204218,0.12515421800000004,1087892,True
52,Background,10485760,3.62521,3.904330058,0.27912005800000017,10876994,True
41,Background,102400,3.62717,3.730963972,0.10379397200000007,1244,True
27,Background,1048576,3.62719,4.289776266,0.6625862659999995,106400,True
37,Background,102400,3.62798,4.040705912,0.412725912,10876994,True
25,Background,102400,3.62904,3.767676936,0.13863693600000015,106400,True
39,Background,10240,3.63023,3.656197036,0.025967035999999943,1244,True
38,Background,102400,3.63099,4.277739204,0.6467492040000002,106400,True
31,Background,10240,3.63331,3.916361141,0.28305114100000006,106400,True
46,Background,10240,3.63526,3.736805928,0.10154592799999973,1087892,True
47,Background,102400,3.63577,3.736805928,0.10103592799999994,1087892,True
42,Background,10240,3.63949,3.730963972,0.09147397200000018,1244,True
26,Background,10485760,3.64193,4.021558095,0.3796280949999997,10838,True
35,Background,104857600,3.64327,3.816304632,0.17303463200000024,1244,True
40,Background,10240,3.64395,3.720618556,0.076668556,106400,True
34,Background,102400,3.6461,3.88602413,0.2399241299999999,10838,True
34,Background,1024,3.6465,3.86694805,0.2204480499999999,1087892,True
30,Background,102400,3.64716,3.674423007,0.027263007000000172,10838,True
43,Background,102400,3.64774,3.730963972,0.08322397199999987,1244,True
41,Background,10240,3.64969,3.690570433,0.04088043299999988,10838,True
32,Background,102400,3.6506,4.186382631,0.535782631,1087892,True
30,Background,10240,3.65129,3.744532787,0.09324278699999988,106400,True
35,Background,10485760,3.65313,3.97529947,0.32216946999999996,1244,True
32,Background,10240,3.65652,3.750204218,0.09368421799999993,1087892,True
41,Background,10240,3.65945,3.874286784,0.21483678400000006,1244,True
44,Background,1024,3.6595,3.754685725,0.09518572499999989,10838,True
36,Background,1048576,3.66448,3.872675526,0.2081955259999999,1087892,True
31,Background,10485760,3.66665,4.414499079,0.7478490789999994,106400,True
40,Background,102400,3.6669,3.78268025,0.1157802499999998,1087892,True
30,Background,1024,3.6683,4.160536874,0.49223687400000005,10876994,True
40,Background,102400,3.67169,3.786293401,0.1146034010000001,1087892,True
29,Background,102400,3.67546,4.042490587,0.36703058699999946,10838,True
43,Background,10240,3.6789,3.771914002,0.09301400199999987,10838,True
42,Background,102400,3.68241,3.7706875,0.08827750000000023,1087892,True
43,Background,10240,3.68389,3.7706875,0.0867975000000003,1087892,True
42,Background,1024,3.68427,3.874286784,0.190016784,1244,True
45,Background,1024,3.68609,3.754685725,0.06859572499999977,10838,True
32,Background,102400,3.68813,3.719276246,0.031146246000000044,10838,True
40,Background,10240,3.68824,3.831864978,0.14362497800000007,106400,True
28,Background,102400,3.6925,4.289776266,0.5972762659999997,106400,True
45,Background,102400,3.69291,3.987356207,0.294446207,1087892,True
37,Background,10485760,3.69937,3.872675526,0.17330552600000004,1087892,True
33,Background,102400,3.70021,3.78301068,0.08280067999999963,106400,True
46,Background,10240,3.70244,3.987356207,0.28491620699999975,1087892,True
31,Background,102400,3.70325,3.796450913,0.093200913,1087892,True
36,Background,10240,3.706,3.97529947,0.26929947,1244,True
40,Background,1048576,3.70857,4.440674452,0.7321044519999997,10838,True
40,Background,10240,3.70862,3.761015492,0.052395492000000043,1087892,True
31,Background,1048576,3.7098,4.160536874,0.45073687399999995,10876994,True
44,Background,102400,3.71117,3.7706875,0.05951750000000011,1087892,True
42,Background,102400,3.71207,4.044204271,0.3321342709999997,106400,True
48,Background,10240,3.71486,3.736805928,0.02194592800000006,1087892,True
38,Background,1048576,3.71686,4.040705912,0.3238459119999999,10876994,True
45,Background,10485760,3.71778,3.836518056,0.1187380560000002,1087892,True
40,Background,102400,3.72003,3.923436576,0.2034065759999999,106400,True
41,Background,102400,3.72012,3.786293401,0.06617340099999991,1087892,True
49,Background,10485760,3.72106,3.736805928,0.015745927999999854,1087892,True
46,Background,10240,3.72113,3.754685725,0.033555724999999814,10838,True
31,Background,10240,3.72185,3.910030962,0.18818096200000012,1244,True
53,Background,102400,3.72194,3.904330058,0.1823900580000002,10876994,True
33,Background,102400,3.72262,4.186382631,0.4637626309999998,1087892,True
39,Background,102400,3.72592,3.738898877,0.01297887700000011,106400,True
35,Background,1024,3.72605,3.851197451,0.12514745100000013,10838,True
36,Background,1048576,3.72697,4.058827404,0.3318574039999995,10838,True
32,Background,1048576,3.73215,3.761412284,0.029262284000000083,1087892,True
32,Background,10240,3.73543,4.414499079,0.6790690789999996,106400,True
38,Background,10485760,3.74223,4.248344303,0.5061143029999995,10838,True
33,Background,1048576,3.74291,3.761412284,0.018502283999999758,1087892,True
38,Background,102400,3.74571,3.812310402,0.06660040200000017,106400,True
45,Background,1048576,3.74691,3.782325754,0.035415753999999744,10838,True
36,Background,10240,3.74722,3.816304632,0.06908463200000003,1244,True
40,Background,1024,3.74739,3.761354444,0.013964443999999965,10838,True
41,Background,10240,3.74826,3.923436576,0.1751765759999997,106400,True
34,Background,10240,3.74832,4.186382631,0.43806263099999976,1087892,True
27,Background,102400,3.75074,4.021558095,0.27081809499999965,10838,True
39,Background,1048576,3.75229,3.812310402,0.06002040200000014,106400,True
31,Background,1024,3.75465,3.877963784,0.12331378400000004,106400,True
26,Background,102400,3.75714,3.767676936,0.01053693599999983,106400,True
40,Background,10240,3.76106,3.895362402,0.13430240199999988,1244,True
37,Background,10240,3.76125,3.816304632,0.05505463200000005,1244,True
31,Background,10485760,3.76212,4.189877108,0.4277571080000002,108768230,True
36,Background,10240,3.76214,3.88145932,0.11931931999999978,10838,True
42,Background,1024,3.76231,3.923436576,0.16112657600000002,106400,True
41,Background,1048576,3.76349,3.801780688,0.03829068800000002,1087892,True
50,Background,10240,3.7643,4.286273587,0.5219735870000002,106400,True
43,Background,1048576,3.76564,4.049466464,0.2838264640000001,1244,True
40,Background,10485760,3.76847,4.049588716,0.2811187159999995,1244,True
30,Background,102400,3.77053,3.836020236,0.06549023600000003,1087892,True
43,Background,10240,3.77118,4.044204271,0.2730242709999997,106400,True
41,Background,1024,3.77219,4.440674452,0.6684844519999995,10838,True
44,Background,102400,3.77318,4.044204271,0.27102427099999993,106400,True
37,Background,10240,3.77442,3.97529947,0.20087946999999984,1244,True
45,Background,102400,3.77571,3.983414062,0.2077040619999999,1244,True
37,Background,10240,3.77939,3.88145932,0.10206932000000002,10838,True
37,Background,1024,3.78437,4.229930184,0.44556018399999964,1244,True
54,Background,102400,3.78563,3.904330058,0.11870005800000039,10876994,True
38,Background,10240,3.78691,3.872675526,0.08576552599999987,1087892,True
41,Background,10240,3.78722,3.895362402,0.10814240199999992,1244,True
41,Background,10240,3.78777,4.000254302,0.212484302,1244,True
46,Background,1024,3.78821,3.969262286,0.18105228600000034,10838,True
39,Background,1048576,3.78915,4.040705912,0.25155591200000016,10876994,True
51,Background,10240,3.78994,4.286273587,0.4963335870000001,106400,True
33,Background,10485760,3.79058,3.869767013,0.0791870130000003,10838,True
41,Background,1048576,3.79454,4.031266208,0.23672620799999988,10838,True
37,Background,102400,3.79722,4.187381864,0.39016186399999997,1087892,True
39,Background,10485760,3.79728,4.248344303,0.45106430299999944,10838,True
32,Background,10240,3.79962,3.910030962,0.110410962,1244,True
34,Background,1024,3.80113,4.052281194,0.25115119399999974,106400,True
31,Background,10240,3.80214,4.101175703,0.29903570299999993,1087892,True
44,Background,10240,3.80338,4.163962775,0.3605827749999997,106400,True
27,Background,1048576,3.80452,3.907037083,0.10251708299999995,10838,True
40,Background,102400,3.80672,3.812310402,0.005590402000000161,106400,True
35,Background,102400,3.80863,4.052281194,0.2436511939999999,106400,True
38,Background,102400,3.80958,3.816304632,0.006724632000000064,1244,True
42,Background,1048576,3.81107,4.440674452,0.6296044519999997,10838,True
38,Background,102400,3.81281,4.251353218,0.4385432180000004,1087892,True
44,Background,102400,3.81312,3.864006596,0.050886595999999784,1244,True
39,Background,10240,3.81415,3.872675526,0.05852552599999994,1087892,True
47,Background,10240,3.8184,3.931477028,0.11307702800000019,1244,True
36,Background,10485760,3.82022,3.851197451,0.030977451000000045,10838,True
39,Background,1048576,3.82074,4.277739204,0.4569992040000006,106400,True
48,Background,102400,3.82663,3.931477028,0.10484702800000001,1244,True
43,Background,1048576,3.82981,3.874286784,0.04447678399999999,1244,True
32,Background,10240,3.83206,4.101175703,0.2691157030000002,1087892,True
41,Background,102400,3.83456,4.049588716,0.2150287159999995,1244,True
29,Background,102400,3.83486,4.289776266,0.4549162659999997,106400,True
42,Background,102400,3.83603,4.39502135,0.5589913500000003,108768230,True
35,Background,10240,3.83915,3.86694805,0.027798049999999908,1087892,True
38,Background,102400,3.84026,3.97529947,0.13503947000000016,1244,True
32,Background,102400,3.84032,4.189877108,0.34955710799999995,108768230,True
33,Background,1048576,3.8438,4.189877108,0.34607710800000024,108768230,True
38,Background,102400,3.84475,4.187381864,0.3426318639999999,1087892,True
36,Background,10240,3.84514,3.86694805,0.02180805000000019,1087892,True
39,Background,10485760,3.84659,3.989333944,0.14274394400000023,1244,True
55,Background,102400,3.8469,3.904330058,0.057430058000000006,10876994,True
32,Background,1048576,3.84786,4.160536874,0.3126768740000001,10876994,True
42,Background,1024,3.85091,3.895362402,0.04445240200000011,1244,True
44,Background,102400,3.85222,3.974158195,0.1219381949999998,106400,True
52,Background,10240,3.85271,4.286273587,0.4335635870000001,106400,True
41,Background,102400,3.85386,4.086412542,0.23255254199999964,10838,True
44,Background,1024,3.85474,3.874286784,0.019546784000000095,1244,True
37,Background,1024,3.85561,3.86694805,0.011338049999999988,1087892,True
28,Background,1048576,3.85565,4.021558095,0.1659080949999998,10838,True
33,Background,10240,3.86059,3.910030962,0.04944096199999981,1244,True
34,Background,1048576,3.86284,4.189877108,0.3270371080000003,108768230,True
39,Background,10240,3.86309,4.187381864,0.32429186399999965,1087892,True
30,Background,10240,3.86318,4.289776266,0.4265962659999998,106400,True
38,Background,1024,3.86406,3.88145932,0.017399319999999996,10838,True
39,Background,102400,3.86486,3.97529947,0.11043946999999976,1244,True
35,Background,102400,3.8653,3.932615092,0.06731509199999985,106400,True
39,Background,10485760,3.86614,3.88145932,0.015319319999999692,10838,True
40,Background,1048576,3.86651,4.248344303,0.38183430299999976,10838,True
30,Background,1048576,3.86696,4.042490587,0.17553058699999946,10838,True
31,Background,1048576,3.86816,4.160111576,0.2919515760000002,10838,True
28,Background,10485760,3.86894,3.907037083,0.038097083000000254,10838,True
32,Background,102400,3.86955,4.301541937,0.4319919369999998,106400,True
42,Background,102400,3.87107,4.151702881,0.2806328810000003,1087892,True
32,Background,10240,3.87462,4.160111576,0.2854915760000001,10838,True
45,Background,1024,3.87657,4.163962775,0.2873927749999998,106400,True
41,Background,10240,3.87753,4.248344303,0.3708143029999995,10838,True
41,Background,1048576,3.87782,4.132194696,0.2543746960000002,10876994,True
53,Background,10240,3.87906,4.286273587,0.4072135870000002,106400,True
33,Background,102400,3.88172,4.414499079,0.5327790789999995,106400,True
40,Background,1048576,3.88234,4.187381864,0.30504186399999966,1087892,True
56,Background,10240,3.88489,4.078958894,0.19406889400000038,1244,True
32,Background,10240,3.88526,4.235933834,0.35067383399999974,106400,True
33,Background,10240,3.88531,4.235933834,0.35062383399999986,106400,True
33,Background,102400,3.88566,4.301541937,0.41588193699999954,106400,True
43,Background,10240,3.88612,3.895362402,0.009242401999999927,1244,True
43,Background,10240,3.88622,4.151702881,0.2654828810000005,1087892,True
44,Background,1048576,3.8872,4.049466464,0.162266464,1244,True
41,Background,102400,3.8885,3.980289758,0.091789758,10876994,True
47,Background,1024,3.88868,3.969262286,0.08058228600000028,10838,True
45,Background,10485760,3.89153,4.049466464,0.15793646400000005,1244,True
34,Background,102400,3.89195,3.909858912,0.017908911999999777,1087892,True
46,Background,10240,3.89303,3.959550548,0.06652054800000018,1244,True
48,Background,10240,3.89659,3.969262286,0.07267228599999997,10838,True
34,Background,1024,3.89812,4.096117965,0.19799796500000033,10838,True
45,Background,102400,3.8999,4.099429446,0.1995294460000001,1087892,True
33,Background,102400,3.90007,4.101175703,0.20110570300000008,1087892,True
45,Background,1024,3.90388,4.012714281,0.10883428100000003,10838,True
40,Background,10240,3.90402,3.989333944,0.08531394400000014,1244,True
38,Background,10240,3.90427,4.229930184,0.32566018399999974,1244,True
47,Background,102400,3.90668,3.959550548,0.05287054800000002,1244,True
32,Background,10240,3.91003,3.966201974,0.05617197400000018,10838,True
40,Background,10240,3.91095,3.955448495,0.04449849500000003,1087892,True
31,Background,1024,3.91182,4.042490587,0.13067058699999956,10838,True
46,Background,102400,3.91347,3.983414062,0.06994406200000025,1244,True
34,Background,10485760,3.91505,3.981498448,0.06644844800000005,10838,True
34,Background,1048576,3.91591,4.101175703,0.18526570300000023,1087892,True
43,Background,1024,3.91891,3.923436576,0.004526575999999949,106400,True
39,Background,102400,3.92056,4.229930184,0.3093701839999996,1244,True
45,Background,102400,3.92183,3.989021578,0.06719157800000009,106400,True
35,Background,102400,3.92515,4.189877108,0.2647271080000002,108768230,True
33,Background,102400,3.92694,3.966201974,0.03926197399999998,10838,True
36,Background,10485760,3.92739,3.932615092,0.005225091999999876,106400,True
42,Background,102400,3.92783,4.031266208,0.10343620799999975,10838,True
35,Background,10240,3.92877,4.401215582,0.47244558199999975,1087892,True
42,Background,1024,3.93,4.000254302,0.07025430199999994,1244,True
36,Background,1024,3.93244,4.189877108,0.25743710799999997,108768230,True
44,Background,102400,3.93466,4.212720731,0.27806073100000006,10838,True
47,Background,1024,3.93518,3.987356207,0.05217620700000003,1087892,True
38,Background,102400,3.93554,4.432335371,0.4967953709999997,1087892,True
37,Background,102400,3.93556,4.025888336,0.09032833600000023,10876994,True
37,Background,102400,3.93596,4.189877108,0.253917108,108768230,True
43,Background,104857600,3.93766,4.031266208,0.09360620799999975,10838,True
41,Background,10485760,3.93846,4.187381864,0.24892186399999972,1087892,True
46,Background,102400,3.9386,3.989021578,0.05042157799999991,106400,True
42,Background,10240,3.93904,4.132194696,0.19315469600000013,10876994,True
37,Background,10485760,3.93916,4.058827404,0.11966740399999942,10838,True
35,Background,10485760,3.94122,4.390385552,0.44916555199999975,10838,True
40,Background,102400,3.9429,4.040705912,0.0978059120000001,10876994,True
33,Background,102400,3.94335,4.061309185,0.11795918499999969,10876994,True
42,Background,10240,3.94385,4.248344303,0.3044943029999998,10838,True
45,Background,1048576,3.94529,3.974158195,0.02886819499999982,106400,True
34,Background,102400,3.94636,3.966201974,0.019841974000000207,10838,True
41,Background,102400,3.94676,4.029372976,0.0826129760000005,10838,True
38,Background,10240,3.94831,4.025888336,0.07757833600000019,10876994,True
35,Background,102400,3.95346,4.101175703,0.1477157029999998,1087892,True
46,Background,102400,3.95402,4.049466464,0.09544646400000012,1244,True
38,Background,10240,3.95468,4.058827404,0.10414740399999944,10838,True
41,Background,10240,3.95528,4.306192913,0.35091291300000016,106400,True
43,Background,10485760,3.95682,4.248344303,0.29152430299999965,10838,True
36,Background,102400,3.95875,4.052281194,0.09353119399999965,106400,True
42,Background,1048576,3.96149,4.086412542,0.12492254199999975,10838,True
32,Background,10485760,3.96162,4.042490587,0.08087058699999972,10838,True
33,Background,102400,3.96169,4.025481694,0.06379169399999984,10838,True
43,Background,10240,3.96285,4.086412542,0.12356254199999972,10838,True
41,Background,1024,3.96304,4.043662698,0.08062269800000044,106400,True
43,Background,10240,3.96383,4.132194696,0.1683646959999998,10876994,True
37,Background,10240,3.96599,4.155594087,0.18960408699999975,10838,True
35,Background,1024,3.96637,3.966201974,-0.00016802599999987677,10838,True
42,Background,10240,3.96735,4.043662698,0.07631269800000018,106400,True
44,Background,10240,3.97107,4.248344303,0.27727430299999956,10838,True
43,Background,10240,3.97127,4.440674452,0.4694044519999996,10838,True
45,Background,102400,3.97203,4.044204271,0.07217427099999973,106400,True
46,Background,1048576,3.97323,4.099429446,0.12619944600000021,1087892,True
42,Background,102400,3.9733,4.049588716,0.07628871599999965,1244,True
29,Background,10240,3.9739,4.781862013,0.8079620129999996,10838,True
33,Background,10240,3.97568,4.042490587,0.06681058699999953,10838,True
34,Background,1048576,3.97648,4.301541937,0.32506193699999963,106400,True
35,Background,10240,3.97652,4.186382631,0.20986263100000002,1087892,True
43,Background,1024,3.97682,4.000254302,0.023434302000000073,1244,True
31,Background,1024,3.97696,4.289776266,0.31281626599999957,106400,True
42,Background,10240,3.978,4.306192913,0.3281929130000001,106400,True
39,Background,1024,3.9785,4.432335371,0.4538353709999998,1087892,True
34,Background,102400,3.97928,4.206270108,0.22699010799999986,10876994,True
32,Background,1024,3.98055,4.289776266,0.3092262659999996,106400,True
34,Background,10485760,3.98247,4.166930914,0.18446091399999975,1244,True
34,Background,102400,3.98518,4.042490587,0.05731058699999947,10838,True
40,Background,102400,3.98526,4.277739204,0.2924792040000006,106400,True
47,Background,102400,3.98594,4.049466464,0.06352646400000017,1244,True
57,Background,10240,3.9897,4.078958894,0.08925889400000031,1244,True
36,Background,10240,3.99157,4.101175703,0.10960570300000017,1087892,True
42,Background,1048576,3.99249,4.187381864,0.1948918639999997,1087892,True
47,Background,10485760,3.9961,4.058383066,0.062283066,1087892,True
41,Background,10240,3.99774,4.040705912,0.042965912000000106,10876994,True
33,Background,1024,3.99894,4.160111576,0.1611715760000001,10838,True
47,Background,102400,3.99941,4.391786344,0.39237634399999965,106400,True
30,Background,1024,4.00048,4.781862013,0.781382013,10838,True
46,Background,10485760,4.00326,4.163962775,0.16070277499999985,106400,True
48,Background,1048576,4.00424,4.269555894,0.26531589399999955,106400,True
43,Background,102400,4.00467,4.187381864,0.18271186399999984,1087892,True
35,Background,10240,4.00503,4.206270108,0.20124010800000036,10876994,True
48,Background,10240,4.00519,4.391786344,0.386596344,106400,True
40,Background,102400,4.00601,4.229930184,0.2239201839999998,1244,True
34,Background,102400,4.00601,4.05969785,0.0536878500000002,1244,True
54,Background,102400,4.00985,4.286273587,0.276423587,106400,True
47,Background,10240,4.01098,4.163962775,0.1529827749999999,106400,True
39,Background,104857600,4.01275,4.054963642,0.04221364200000011,106400,True
46,Background,10485760,4.01283,4.044204271,0.03137427099999979,106400,True
49,Background,102400,4.01385,4.269555894,0.2557058940000001,106400,True
39,Background,102400,4.01669,4.251353218,0.23466321800000056,1087892,True
40,Background,10240,4.01683,4.102958325,0.08612832500000067,106400,True
44,Background,10240,4.01768,4.086412542,0.06873254199999934,10838,True
48,Background,10240,4.01775,4.326400156,0.3086501559999997,1244,True
55,Background,104857600,4.01955,4.286273587,0.26672358700000043,106400,True
48,Background,10485760,4.01955,4.163962775,0.14441277500000016,106400,True
39,Background,1048576,4.02088,4.058827404,0.03794740399999963,10838,True
42,Background,1048576,4.02099,4.293926234,0.27293623399999944,106400,True
49,Background,1048576,4.02177,4.14881944,0.1270494399999995,106400,True
49,Background,1048576,4.02226,4.391786344,0.3695263439999996,106400,True
43,Background,102400,4.02292,4.043662698,0.02074269800000028,106400,True
38,Background,1048576,4.02379,4.155594087,0.1318040869999999,10838,True
44,Background,1048576,4.0253,4.151702881,0.12640288100000063,1087892,True
42,Background,1048576,4.02635,4.073851897,0.04750189700000007,1087892,True
44,Background,10240,4.02649,4.10197959,0.0754895900000001,1244,True
40,Background,10240,4.02865,4.058827404,0.030177403999999797,10838,True
41,Background,1048576,4.02886,4.102958325,0.07409832500000046,106400,True
37,Background,1048576,4.03106,4.101175703,0.07011570299999992,1087892,True
34,Background,102400,4.03449,4.51218492,0.47769492000000024,106400,True
47,Background,102400,4.03642,4.099429446,0.06300944600000058,1087892,True
42,Background,10485760,4.03709,4.102958325,0.06586832500000028,106400,True
47,Background,102400,4.03866,4.044204271,0.0055442709999997675,106400,True
38,Background,1048576,4.03948,4.101175703,0.061695702999999824,1087892,True
43,Background,10240,4.04009,4.102958325,0.06286832500000017,106400,True
35,Background,104857600,4.04092,4.166930914,0.12601091400000008,1244,True
35,Background,102400,4.04101,4.042490587,0.0014805869999996446,10838,True
56,Background,1024,4.04503,4.286273587,0.24124358700000048,106400,True
32,Background,102400,4.04698,4.058062607,0.011082607000000522,10838,True
49,Background,10485760,4.04699,4.326400156,0.27941015599999997,1244,True
45,Background,102400,4.04724,4.151702881,0.1044628809999999,1087892,True
36,Background,10240,4.05136,4.206270108,0.15491010800000016,10876994,True
39,Background,1024,4.05398,4.101175703,0.04719570299999987,1087892,True
35,Background,1048576,4.05928,4.51218492,0.45290491999999993,106400,True
34,Background,102400,4.05941,4.235933834,0.17652383400000016,106400,True
42,Background,10240,4.06067,4.432816779,0.37214677900000037,10838,True
44,Background,10240,4.06388,4.835678852,0.7717988519999999,108768230,True
41,Background,102400,4.06511,4.121916701,0.05680670100000018,1087892,True
48,Background,10485760,4.06601,4.090531437,0.024521436999999757,106400,True
34,Background,102400,4.0665,4.160111576,0.0936115760000007,10838,True
34,Background,10240,4.06718,4.167362679,0.10018267900000044,1087892,True
40,Background,102400,4.06802,4.640283426,0.5722634260000001,106400,True
40,Background,102400,4.06861,4.251353218,0.1827432180000006,1087892,True
40,Background,10240,4.06874,4.432335371,0.3635953709999997,1087892,True
44,Background,1048576,4.0721,4.187381864,0.11528186399999996,1087892,True
36,Background,1048576,4.07301,4.166930914,0.09392091399999991,1244,True
31,Background,10240,4.07463,4.149306538,0.07467653800000029,10838,True
34,Background,1024,4.07673,4.414499079,0.3377690789999992,106400,True
45,Background,1024,4.07732,4.248344303,0.17102430299999938,10838,True
41,Background,102400,4.07883,4.229930184,0.1511001839999997,1244,True
46,Background,1048576,4.07884,4.329373395,0.2505333950000006,10838,True
44,Background,10240,4.07919,4.254698193,0.17550819300000065,10838,True
36,Background,1048576,4.08028,4.186382631,0.10610263099999973,1087892,True
50,Background,102400,4.08047,4.14881944,0.06834943999999954,106400,True
48,Background,1048576,4.08049,4.210215625,0.12972562499999984,10838,True
41,Background,10240,4.08099,4.277739204,0.1967492040000005,106400,True
42,Background,1048576,4.08981,4.229930184,0.1401201839999997,1244,True
48,Background,10240,4.08998,4.099429446,0.009449446000000528,1087892,True
35,Background,10240,4.09018,4.414499079,0.32431907899999945,106400,True
49,Background,102400,4.09087,4.099429446,0.00855944600000047,1087892,True
36,Background,10240,4.09204,4.390385552,0.2983455519999998,10838,True
31,Background,1048576,4.09263,4.781862013,0.6892320129999998,10838,True
47,Background,102400,4.09296,4.329373395,0.23641339500000047,10838,True
50,Background,10240,4.09557,4.326400156,0.23083015599999968,1244,True
43,Background,10485760,4.0959,4.229930184,0.13403018399999933,1244,True
37,Background,1024,4.09672,4.126485631,0.02976563100000007,1087892,True
45,Background,1048576,4.09766,4.835678852,0.7380188519999997,108768230,True
48,Background,102400,4.10059,4.329373395,0.22878339499999978,10838,True
44,Background,10240,4.1072,4.145686065,0.03848606499999985,106400,True
45,Background,1048576,4.10747,4.214065412,0.10659541199999989,106400,True
45,Background,102400,4.10791,4.280843366,0.17293336599999964,10876994,True
43,Background,102400,4.10924,4.351302557,0.24206255700000057,108768230,True
43,Background,102400,4.10938,4.306192913,0.19681291300000048,106400,True
42,Background,1048576,4.11265,4.121916701,0.0092667009999996,1087892,True
46,Background,102400,4.11366,4.127788731,0.014128730999999561,1087892,True
46,Background,102400,4.11446,4.835678852,0.7212188519999998,108768230,True
45,Background,10485760,4.11643,4.212720731,0.09629073099999985,10838,True
46,Background,102400,4.11695,4.214065412,0.09711541199999996,106400,True
49,Background,1048576,4.11786,4.329373395,0.21151339499999988,10838,True
49,Background,1048576,4.11804,4.174264044,0.05622404400000036,10876994,True
50,Background,1048576,4.12129,4.125888574,0.004598574000000077,106400,True
44,Background,10240,4.12136,4.440674452,0.3193144519999995,10838,True
46,Background,10240,4.12228,4.151702881,0.029422881000000345,1087892,True
45,Background,1048576,4.12388,4.440674452,0.3167944519999999,10838,True
205,Incast,500000,4.126442057,4.140963565,0.014521507999999628,518738,False
206,Incast,500000,4.126442057,4.13780464,0.011362582999999482,518738,False
185,Incast,500000,4.126442057,4.138040323,0.011598266000000024,518738,False
197,Incast,500000,4.126442057,4.137796786,0.011354728999999786,518738,False
196,Incast,500000,4.126442057,4.139675213,0.01323315600000008,518738,False
195,Incast,500000,4.126442057,4.140116084,0.013674026999999533,518738,False
184,Incast,500000,4.126442057,4.1403666,0.0139245429999999,518738,False
204,Incast,500000,4.126442057,4.141493664,0.015051607000000189,518738,False
234,Incast,500000,4.126442057,4.140506155,0.014064097999999525,518738,False
214,Incast,500000,4.126442057,4.140471207,0.014029149999999824,518738,False
227,Incast,500000,4.126442057,4.139825042,0.013382984999999792,518738,False
210,Incast,500000,4.126442057,4.141059442,0.014617385000000205,518738,False
194,Incast,500000,4.126442057,4.141669861,0.015227803999999345,518738,False
211,Incast,500000,4.126442057,4.134822267,0.008380209999999444,518738,False
198,Incast,500000,4.126442057,4.141596433,0.015154375999999914,518738,False
199,Incast,500000,4.126442057,4.136736424,0.010294367000000193,518738,False
200,Incast,500000,4.126442057,4.140588083,0.0141460259999997,518738,False
201,Incast,500000,4.126442057,4.136055061,0.009613004000000203,518738,False
202,Incast,500000,4.126442057,4.141603806,0.01516174899999978,518738,False
183,Incast,500000,4.126442057,4.138836669,0.012394611999999583,518738,False
228,Incast,500000,4.126442057,4.14044267,0.01400061299999944,518738,False
203,Incast,500000,4.126442057,4.141547694,0.015105636999999561,518738,False
229,Incast,500000,4.126442057,4.136859876,0.010417818999999717,518738,False
193,Incast,500000,4.126442057,4.132494092,0.006052034999999734,518738,False
230,Incast,500000,4.126442057,4.140605557,0.014163499999999551,518738,False
191,Incast,500000,4.126442057,4.134713403,0.008271345999999902,518738,False
223,Incast,500000,4.126442057,4.138491463,0.01204940600000004,518738,False
222,Incast,500000,4.126442057,4.139708606,0.013266548999999905,518738,False
220,Incast,500000,4.126442057,4.138381627,0.01193957000000001,518738,False
232,Incast,500000,4.126442057,4.141488215,0.015046157999999643,518738,False
182,Incast,500000,4.126442057,4.142605189,0.01616313199999997,518738,False
221,Incast,500000,4.126442057,4.13644184,0.009999782999999596,518738,False
187,Incast,500000,4.126442057,4.140879555,0.014437497999999493,518738,False
188,Incast,500000,4.126442057,4.135867794,0.009425736999999934,518738,False
239,Incast,500000,4.126442057,4.138992829,0.012550771999999988,518738,False
238,Incast,500000,4.126442057,4.137953585,0.011511527999999771,518738,False
233,Incast,500000,4.126442057,4.141876361,0.015434303999999344,518738,False
189,Incast,500000,4.126442057,4.141826502,0.01538444499999958,518738,False
237,Incast,500000,4.126442057,4.140621588,0.014179530999999912,518738,False
236,Incast,500000,4.126442057,4.137878391,0.011436333999999881,518738,False
235,Incast,500000,4.126442057,4.140773742,0.01433168500000015,518738,False
192,Incast,500000,4.126442057,4.140203303,0.013761245999999616,518738,False
209,Incast,500000,4.126442057,4.14003127,0.01358921299999949,518738,False
224,Incast,500000,4.126442057,4.141958277,0.015516219999999414,518738,False
216,Incast,500000,4.126442057,4.140789292,0.014347234999999792,518738,False
231,Incast,500000,4.126442057,4.139570251,0.013128194000000093,518738,False
207,Incast,500000,4.126442057,4.139924636,0.013482578999999717,518738,False
180,Incast,500000,4.126442057,4.14184109,0.015399032999999562,518738,False
181,Incast,500000,4.126442057,4.139951747,0.013509689999999352,518738,False
218,Incast,500000,4.126442057,4.136821719,0.010379662000000067,518738,False
208,Incast,500000,4.126442057,4.142575803,0.016133745999999505,518738,False
217,Incast,500000,4.126442057,4.140477618,0.01403556100000003,518738,False
219,Incast,500000,4.126442057,4.135843105,0.009401047999999967,518738,False
212,Incast,500000,4.126442057,4.140916269,0.014474211999999653,518738,False
225,Incast,500000,4.126442057,4.138903686,0.012461628999999697,518738,False
186,Incast,500000,4.126442057,4.1387735,0.012331442999999886,518738,False
213,Incast,500000,4.126442057,4.136088408,0.009646350999999775,518738,False
190,Incast,500000,4.126442057,4.139123819,0.012681761999999708,518738,False
215,Incast,500000,4.126442057,4.140810133,0.014368075999999341,518738,False
226,Incast,500000,4.126442057,4.141699841,0.015257784000000107,518738,False
46,Background,10240,4.12777,4.248344303,0.12057430299999972,10838,True
44,Background,1024,4.13305,4.229930184,0.09688018399999976,1244,True
41,Background,102400,4.13402,4.251353218,0.11733321800000063,1087892,True
41,Background,1024,4.13676,4.640283426,0.5035234260000001,106400,True
45,Background,10240,4.13693,4.145686065,0.008756064999999147,106400,True
51,Background,1024,4.13863,4.274216364,0.1355863639999999,10838,True
57,Background,10485760,4.14045,4.286273587,0.14582358699999975,106400,True
46,Background,1048576,4.14111,4.280843366,0.13973336599999975,10876994,True
43,Background,102400,4.14243,4.39502135,0.2525913500000003,108768230,True
58,Background,1048576,4.14418,4.24683294,0.10265293999999958,1244,True
47,Background,104857600,4.14471,4.248344303,0.10363430299999976,10838,True
58,Background,1024,4.14523,4.286273587,0.14104358700000041,106400,True
44,Background,10240,4.14804,4.354544663,0.20650466300000048,1087892,True
35,Background,1048576,4.14816,4.167362679,0.019202679000000167,1087892,True
50,Background,10240,4.14831,4.391786344,0.2434763439999994,106400,True
35,Background,102400,4.14901,4.301541937,0.152531937,106400,True
45,Background,10485760,4.14972,4.354544663,0.20482466300000013,1087892,True
42,Background,102400,4.15069,4.640283426,0.4895934259999999,106400,True
49,Background,102400,4.15076,4.348600145,0.1978401449999998,1087892,True
48,Background,102400,4.15208,4.180850935,0.02877093499999983,10876994,True
37,Background,10485760,4.15312,4.186382631,0.03326263099999949,1087892,True
43,Background,10240,4.15576,4.268911021,0.11315102100000018,1244,True
44,Background,102400,4.15647,4.39502135,0.23855135000000072,108768230,True
50,Background,1048576,4.15751,4.269555894,0.11204589399999954,106400,True
45,Background,1024,4.15784,4.39502135,0.23718135000000018,108768230,True
36,Background,102400,4.15826,4.525891534,0.36763153400000004,106400,True
33,Background,102400,4.16115,4.16875807,0.007608069999999856,10838,True
51,Background,102400,4.16271,4.326400156,0.16369015600000036,1244,True
38,Background,1024,4.16273,4.187202312,0.02447231200000033,10838,True
51,Background,102400,4.16601,4.338101825,0.17209182499999987,10838,True
36,Background,1048576,4.17259,4.414499079,0.24190907900000003,106400,True
51,Background,10240,4.17298,4.391786344,0.21880634399999987,106400,True
38,Background,1024,4.17381,4.186382631,0.012572631000000278,1087892,True
32,Background,1048576,4.17614,4.781862013,0.6057220129999994,10838,True
42,Background,1048576,4.17781,4.277739204,0.09992920400000038,106400,True
34,Background,1024,4.1782,4.358961706,0.1807617059999993,106400,True
47,Background,102400,4.17852,4.214065412,0.035545412000000276,106400,True
52,Background,10485760,4.17975,4.338101825,0.15835182499999956,10838,True
32,Background,10240,4.18297,4.34801445,0.1650444499999999,106400,True
59,Background,1024,4.18504,4.24683294,0.06179294000000013,1244,True
47,Background,1024,4.18548,4.292428359,0.10694835899999955,1087892,True
43,Background,102400,4.18767,4.277739204,0.09006920400000062,106400,True
35,Background,10240,4.18838,4.235933834,0.04755383399999946,106400,True
50,Background,102400,4.19032,4.348600145,0.15828014499999998,1087892,True
37,Background,102400,4.1941,4.414499079,0.2203990789999999,106400,True
37,Background,102400,4.19481,4.275542861,0.08073286099999955,10838,True
50,Background,102400,4.19492,4.772244397,0.5773243969999999,106400,True
47,Background,10485760,4.195,4.288843754,0.09384375399999989,106400,True
46,Background,102400,4.19533,4.440674452,0.24534445199999944,10838,True
35,Background,10240,4.1982,4.331072461,0.13287246099999983,10838,True
37,Background,102400,4.19885,4.287453953,0.08860395299999979,106400,True
51,Background,1048576,4.20172,4.269555894,0.0678358939999999,106400,True
29,Background,10240,4.20434,4.370328725,0.16598872500000006,1244,True
35,Background,10240,4.20626,4.48892634,0.28266633999999957,106400,True
33,Background,1048576,4.20657,4.781862013,0.5752920129999994,10838,True
39,Background,10240,4.20697,4.273024668,0.0660546679999996,1087892,True
36,Background,102400,4.20904,4.235933834,0.026893834000000005,106400,True
41,Background,10240,4.2091,4.273538718,0.0644387179999999,106400,True
33,Background,1024,4.21034,4.428695552,0.21835555199999934,106400,True
33,Background,102400,4.21163,4.289776266,0.07814626599999919,106400,True
34,Background,1024,4.21256,4.781862013,0.5693020129999997,10838,True
37,Background,102400,4.21373,4.390385552,0.17665555199999972,10838,True
51,Background,104857600,4.21444,4.348600145,0.13416014500000006,1087892,True
38,Background,10240,4.21565,4.414499079,0.19884907899999948,106400,True
47,Background,102400,4.2157,4.280843366,0.06514336600000004,10876994,True
37,Background,1048576,4.21626,4.525891534,0.3096315340000002,106400,True
36,Background,1048576,4.21687,4.723281121,0.5064111210000002,106400,True
47,Background,1048576,4.21958,4.835678852,0.6160988520000004,108768230,True
45,Background,102400,4.22055,4.254698193,0.03414819300000005,10838,True
43,Background,10240,4.22117,4.277700123,0.05653012299999993,10876994,True
40,Background,102400,4.22162,4.624543038,0.40292303799999996,106400,True
60,Background,1048576,4.22299,4.24683294,0.023842939999999757,1244,True
41,Background,102400,4.22361,4.624543038,0.4009330379999998,106400,True
34,Background,10240,4.22425,4.428695552,0.20444555200000014,106400,True
45,Background,10240,4.22505,4.630704689,0.40565468899999946,106400,True
51,Background,1024,4.22818,4.772244397,0.5440643969999996,106400,True
46,Background,1024,4.23066,4.550310852,0.31965085199999965,106400,True
61,Background,1048576,4.23543,4.24683294,0.011402939999999973,1244,True
42,Background,10240,4.23726,4.273538718,0.036278718000000154,106400,True
48,Background,10240,4.23762,4.248344303,0.010724302999999935,10838,True
52,Background,104857600,4.24086,4.348600145,0.10774014500000018,1087892,True
39,Background,1048576,4.24198,4.457559474,0.2155794740000001,1087892,True
38,Background,102400,4.24253,4.766869991,0.5243399909999997,106400,True
34,Background,102400,4.24293,4.289776266,0.046846265999999304,106400,True
49,Background,1048576,4.24314,4.341531979,0.09839197899999963,10838,True
52,Background,102400,4.24453,4.772244397,0.5277143969999996,106400,True
40,Background,10240,4.24518,4.38258622,0.1374062199999999,1087892,True
39,Background,102400,4.25174,4.766869991,0.5151299910000002,106400,True
41,Background,102400,4.25549,4.38258622,0.12709622000000032,1087892,True
38,Background,1024,4.25746,4.287453953,0.029993952999999962,106400,True
48,Background,1048576,4.26329,4.580440692,0.31715069200000023,106400,True
39,Background,1048576,4.2641,4.287453953,0.023353952999999983,106400,True
42,Background,102400,4.2646,4.38258622,0.11798622000000059,1087892,True
35,Background,102400,4.26493,4.34111424,0.0761842399999999,10838,True
40,Background,10485760,4.26623,4.287453953,0.021223952999999796,106400,True
50,Background,102400,4.26884,4.329373395,0.06053339500000021,10838,True
53,Background,1048576,4.26946,4.348600145,0.07914014500000022,1087892,True
40,Background,10240,4.27005,4.273024668,0.0029746679999993475,1087892,True
52,Background,1048576,4.27033,4.327887626,0.05755762599999947,1087892,True
43,Background,10240,4.27123,4.293926234,0.02269623399999965,106400,True
36,Background,10240,4.27586,4.482370389,0.20651038899999996,1244,True
44,Background,10485760,4.27614,4.293926234,0.0177862339999999,106400,True
42,Background,1024,4.27981,4.33976777,0.05995776999999958,10838,True
49,Background,10240,4.28163,4.759279005,0.47764900499999996,10838,True
44,Background,1024,4.28381,4.572233284,0.2884232840000003,1244,True
44,Background,102400,4.28393,4.292515882,0.008585882000000211,10838,True
36,Background,102400,4.28512,4.48892634,0.20380633999999986,106400,True
62,Background,10240,4.29005,4.338221072,0.048171071999999704,1244,True
36,Background,10485760,4.29243,4.401215582,0.10878558199999944,1087892,True
42,Background,1024,4.29275,4.624543038,0.3317930379999998,106400,True
53,Background,1024,4.293,4.338101825,0.04510182499999971,10838,True
50,Background,102400,4.29313,4.341531979,0.04840197900000032,10838,True
43,Background,1024,4.29328,4.624543038,0.33126303799999945,106400,True
37,Background,10240,4.29463,4.472456224,0.17782622400000037,1087892,True
50,Background,1048576,4.29497,4.759279005,0.4643090049999996,10838,True
35,Background,10240,4.29914,4.358961706,0.05982170599999925,106400,True
47,Background,10240,4.29965,4.550310852,0.2506608520000002,106400,True
35,Background,102400,4.3006,4.454299714,0.15369971400000004,10838,True
38,Background,1024,4.30148,4.390385552,0.08890555199999994,10838,True
37,Background,102400,4.30246,4.401215582,0.0987555819999999,1087892,True
48,Background,102400,4.30511,4.446899003,0.1417890030000004,10838,True
54,Background,1024,4.30866,4.338101825,0.029441825000000144,10838,True
41,Background,1048576,4.30874,4.333506172,0.024766171999999642,106400,True
63,Background,1024,4.30974,4.338221072,0.02848107199999994,1244,True
45,Background,1048576,4.31578,4.386897751,0.07111775100000006,10876994,True
48,Background,1024,4.31667,4.372442864,0.0557728639999997,106400,True
38,Background,10485760,4.31699,4.525891534,0.20890153400000067,106400,True
44,Background,1024,4.31818,4.443490441,0.12531044099999988,1087892,True
43,Background,1024,4.31968,4.38258622,0.06290622000000035,1087892,True
42,Background,10240,4.32024,4.333506172,0.013266171999999798,106400,True
37,Background,102400,4.32088,4.48892634,0.16804634000000007,106400,True
41,Background,10240,4.32251,4.56445972,0.24194972000000003,106400,True
37,Background,10240,4.32302,4.723281121,0.40026112100000066,106400,True
38,Background,10485760,4.32312,4.48892634,0.1658063399999996,106400,True
44,Background,1048576,4.32433,4.624543038,0.3002130379999999,106400,True
36,Background,1024,4.32545,4.454299714,0.12884971400000023,10838,True
45,Background,10240,4.32773,4.624543038,0.2968130379999998,106400,True
36,Background,1024,4.32936,4.34111424,0.01175423999999925,10838,True
53,Background,104857600,4.3302,4.880611835,0.5504118350000002,106400,True
44,Background,10240,4.33025,4.44928886,0.11903885999999986,10838,True
35,Background,102400,4.33195,4.40335925,0.07140925000000031,106400,True
40,Background,1048576,4.3339,4.457559474,0.1236594740000001,1087892,True
42,Background,1048576,4.33492,4.414612497,0.07969249699999992,1087892,True
39,Background,1048576,4.33726,4.414499079,0.07723907899999993,106400,True
37,Background,102400,4.33732,4.454299714,0.11697971400000018,10838,True
38,Background,1048576,4.33846,4.401215582,0.06275558199999942,1087892,True
38,Background,10240,4.33941,4.723281121,0.3838711210000003,106400,True
44,Background,1048576,4.34324,4.38258622,0.03934622000000054,1087892,True
48,Background,102400,4.34401,4.550310852,0.20630085200000003,106400,True
36,Background,1024,4.34788,4.40335925,0.05547925000000031,106400,True
39,Background,1048576,4.34801,4.390385552,0.04237555199999932,10838,True
43,Background,10485760,4.34955,4.640283426,0.2907334260000001,106400,True
52,Background,10240,4.35216,4.725117185,0.37295718500000064,10876994,True
46,Background,102400,4.35286,4.386897751,0.034037751000000505,10876994,True
64,Background,10240,4.35388,4.531101944,0.17722194400000024,106400,True
65,Background,1024,4.35503,4.531101944,0.17607194400000026,106400,True
39,Background,10240,4.35684,4.48892634,0.13208633999999986,106400,True
49,Background,102400,4.35777,4.446899003,0.08912900300000004,10838,True
40,Background,102400,4.36035,4.414499079,0.05414907899999921,106400,True
39,Background,1048576,4.36198,4.401215582,0.03923558199999988,1087892,True
53,Background,102400,4.36767,4.772244397,0.4045743969999993,106400,True
49,Background,102400,4.36893,4.428369663,0.05943966300000003,10876994,True
39,Background,1048576,4.37062,4.525891534,0.1552715340000006,106400,True
54,Background,1048576,4.37464,4.772244397,0.3976043969999994,106400,True
36,Background,102400,4.37792,4.495350106,0.11743010600000048,106400,True
46,Background,10240,4.37846,4.440102091,0.0616420910000004,1087892,True
46,Background,1048576,4.37945,4.495551123,0.11610112299999997,106400,True
48,Background,102400,4.37996,4.438876407,0.05891640700000078,10838,True
48,Background,1024,4.3812,4.835678852,0.45447885200000027,108768230,True
47,Background,10240,4.38326,4.435732026,0.05247202600000023,1244,True
40,Background,102400,4.38607,4.766869991,0.38079999099999995,106400,True
47,Background,10240,4.39003,4.495551123,0.10552112299999994,106400,True
43,Background,10240,4.39037,4.414612497,0.024242497000000363,1087892,True
48,Background,10240,4.39139,4.495551123,0.10416112299999991,106400,True
41,Background,1048576,4.39162,4.414499079,0.02287907899999997,106400,True
37,Background,1048576,4.39188,4.396122569,0.004242569000000529,10838,True
43,Background,102400,4.39608,4.630558864,0.23447886399999973,1244,True
36,Background,1048576,4.40031,4.458270339,0.05796033900000008,10876994,True
44,Background,10240,4.40035,4.414612497,0.014262496999999819,1087892,True
40,Background,102400,4.40277,4.48892634,0.08615633999999961,106400,True
36,Background,102400,4.40277,4.499192087,0.09642208699999966,1087892,True
47,Background,102400,4.40336,4.440102091,0.03674209099999981,1087892,True
38,Background,1048576,4.40574,4.626783689,0.22104368900000004,10838,True
42,Background,102400,4.40702,4.414499079,0.0074790789999994445,106400,True
45,Background,10485760,4.40746,4.519950329,0.11249032899999989,10876994,True
41,Background,102400,4.40836,4.432335371,0.02397537099999969,1087892,True
45,Background,1024,4.41096,4.44928886,0.03832886000000002,10838,True
37,Background,1048576,4.41329,4.495350106,0.08206010600000013,106400,True
45,Background,1024,4.41736,4.755736003,0.3383760029999996,10876994,True
30,Background,10240,4.42346,4.667181131,0.24372113100000004,1087892,True
59,Background,1048576,4.42655,4.518180372,0.09163037200000002,1087892,True
37,Background,1024,4.42903,4.458270339,0.029240339000000226,10876994,True
46,Background,10240,4.43102,4.944151777,0.5131317769999999,10838,True
50,Background,102400,4.43146,4.563740458,0.13228045799999943,106400,True
48,Background,10485760,4.43279,4.435732026,0.002942026000000375,1244,True
51,Background,1024,4.43286,4.563740458,0.13088045800000003,106400,True
39,Background,102400,4.4346,4.559594361,0.12499436100000061,10838,True
52,Background,1048576,4.43516,4.560311028,0.12515102800000033,106400,True
47,Background,1024,4.43663,4.944151777,0.507521777,10838,True
52,Background,1024,4.43684,4.656078088,0.219238088,1244,True
40,Background,102400,4.44155,4.449774731,0.00822473099999943,10838,True
44,Background,1048576,4.44287,4.463832579,0.02096257899999987,106400,True
33,Background,1048576,4.44507,4.668260017,0.2231900169999994,10876994,True
46,Background,10240,4.44572,4.568121685,0.1224016850000007,10838,True
31,Background,10240,4.44657,4.667181131,0.22061113100000007,1087892,True
43,Background,10240,4.44682,4.459025746,0.01220574600000024,1244,True
46,Background,10240,4.44964,4.755736003,0.3060960030000004,10876994,True
43,Background,102400,4.45303,4.548629412,0.09559941200000033,106400,True
51,Background,1048576,4.457,4.466596421,0.009596421000000355,10838,True
35,Background,1048576,4.45743,4.645475326,0.18804532600000012,1087892,True
45,Background,10240,4.45949,4.572233284,0.11274328400000044,1244,True
44,Background,102400,4.4614,4.479164517,0.017764516999999813,1087892,True
46,Background,1024,4.46434,4.572233284,0.1078932840000002,1244,True
41,Background,10485760,4.466,4.509372557,0.043372556999999645,1087892,True
45,Background,10240,4.46603,4.62953076,0.1635007599999998,1087892,True
39,Background,102400,4.46608,4.723281121,0.2572011210000005,106400,True
36,Background,102400,4.4688,4.51218492,0.04338492000000027,106400,True
50,Background,1048576,4.46911,4.675773278,0.20666327800000062,1244,True
38,Background,1024,4.47047,4.648786148,0.1783161480000004,10838,True
46,Background,10240,4.47083,4.630704689,0.15987468899999957,106400,True
47,Background,1048576,4.47089,4.568121685,0.09723168500000057,10838,True
43,Background,1048576,4.47098,4.621432734,0.15045273399999992,10838,True
52,Background,102400,4.47207,4.563740458,0.0916704579999994,106400,True
55,Background,102400,4.47383,4.507870706,0.034040705999999865,10838,True
53,Background,10240,4.47645,4.725117185,0.2486671850000004,10876994,True
47,Background,10240,4.47742,4.534779646,0.05735964599999921,1244,True
42,Background,102400,4.47742,4.56445972,0.08703971999999993,106400,True
56,Background,1048576,4.48089,4.507870706,0.026980706000000687,10838,True
41,Background,102400,4.48112,4.48892634,0.007806340000000134,106400,True
41,Background,102400,4.48174,4.766869991,0.2851299909999998,106400,True
37,Background,10240,4.48176,4.499192087,0.01743208699999954,1087892,True
44,Background,1024,4.48186,4.630558864,0.148698864,1244,True
37,Background,10240,4.48706,4.51218492,0.02512492000000055,106400,True
49,Background,1024,4.48808,4.807740178,0.31966017800000035,108768230,True
43,Background,1048576,4.48979,4.56445972,0.07466972000000016,106400,True
51,Background,10240,4.49251,4.675773278,0.18326327800000008,1244,True
45,Background,1048576,4.49311,4.630558864,0.13744886400000045,1244,True
45,Background,1048576,4.49345,4.688676817,0.195226817,1087892,True
42,Background,1048576,4.49578,4.509372557,0.01359255699999995,1087892,True
50,Background,102400,4.49711,4.807740178,0.31063017800000026,108768230,True
53,Background,10240,4.49777,4.560311028,0.06254102800000005,106400,True
60,Background,102400,4.49783,4.518180372,0.02035037199999934,1087892,True
49,Background,102400,4.49815,4.835678852,0.33752885200000016,108768230,True
51,Background,102400,4.50311,4.759279005,0.2561690049999994,10838,True
41,Background,1048576,4.50566,4.769869677,0.2642096770000002,10876994,True
46,Background,102400,4.50888,4.630558864,0.12167886399999972,1244,True
32,Background,1048576,4.5135,4.667181131,0.1536811310000008,1087892,True
38,Background,1024,4.51539,4.681623892,0.16623389200000016,10838,True
39,Background,102400,4.51575,4.681623892,0.16587389200000047,10838,True
40,Background,102400,4.51758,4.525891534,0.00831153400000062,106400,True
40,Background,1024,4.52063,4.723281121,0.2026511210000006,106400,True
54,Background,102400,4.52108,4.725117185,0.2040371849999998,10876994,True
37,Background,104857600,4.5214,4.946445236,0.4250452359999999,1244,True
54,Background,10240,4.52208,4.548398362,0.026318362000000484,106400,True
40,Background,102400,4.52543,4.681623892,0.1561938920000001,10838,True
40,Background,102400,4.52897,4.780663069,0.2516930689999999,1087892,True
48,Background,10240,4.52932,4.534779646,0.005459645999999374,1244,True
46,Background,10240,4.53108,4.688676817,0.15759681699999994,1087892,True
33,Background,10240,4.53157,4.667181131,0.1356111310000001,1087892,True
47,Background,102400,4.53187,4.630704689,0.09883468900000025,106400,True
44,Background,10240,4.53221,4.56445972,0.03224972000000026,106400,True
38,Background,10240,4.53454,4.699058977,0.16451897700000018,10876994,True
57,Background,10485760,4.53791,5.326643404,0.7887334040000002,10876994,True
54,Background,10240,4.53806,4.880611835,0.3425518350000001,106400,True
43,Background,102400,4.53895,5.055993027,0.5170430270000006,108768230,True
44,Background,1024,4.53917,4.621432734,0.0822627339999995,10838,True
55,Background,1048576,4.53942,4.725117185,0.18569718500000043,10876994,True
44,Background,102400,4.53944,4.640283426,0.10084342599999996,106400,True
49,Background,102400,4.54154,4.788745805,0.24720580499999922,106400,True
37,Background,10485760,4.54217,4.614967194,0.07279719400000051,106400,True
38,Background,102400,4.54369,4.614967194,0.07127719400000032,106400,True
43,Background,1048576,4.54437,4.911047197,0.36667719700000045,106400,True
47,Background,1024,4.54518,4.755736003,0.21055600299999977,10876994,True
36,Background,102400,4.5453,4.645475326,0.10017532599999956,1087892,True
49,Background,102400,4.54551,4.928574323,0.38306432300000015,1087892,True
41,Background,1024,4.54718,5.041806587,0.49462658699999995,1087892,True
47,Background,1048576,4.54807,4.630558864,0.0824888640000001,1244,True
55,Background,102400,4.55037,4.593442106,0.04307210600000033,1087892,True
55,Background,102400,4.5515,4.880611835,0.32911183499999996,106400,True
49,Background,1048576,4.55256,4.608490781,0.05593078100000071,10838,True
35,Background,10485760,4.55262,4.781862013,0.22924201299999947,10838,True
50,Background,10240,4.5527,4.788745805,0.23604580499999983,106400,True
45,Background,102400,4.55437,4.56445972,0.010089720000000746,106400,True
41,Background,10240,4.55869,4.780663069,0.2219730689999997,1087892,True
52,Background,1024,4.56305,4.61221268,0.049162680000000236,10838,True
39,Background,1048576,4.56401,4.626783689,0.06277368900000013,10838,True
44,Background,1048576,4.56865,4.849888081,0.2812380809999997,1244,True
38,Background,1048576,4.56966,4.655837682,0.08617768199999976,1244,True
42,Background,1048576,4.56998,4.769869677,0.19988967699999982,10876994,True
34,Background,102400,4.57207,4.667181131,0.09511113100000035,1087892,True
45,Background,10240,4.57233,4.621432734,0.04910273399999987,10838,True
41,Background,10240,4.57255,4.681623892,0.1090738920000005,10838,True
39,Background,102400,4.57257,4.699058977,0.12648897700000017,10876994,True
38,Background,102400,4.57391,4.765774733,0.19186473300000007,10838,True
42,Background,10240,4.57593,5.041806587,0.46587658700000034,1087892,True
48,Background,102400,4.57603,4.755736003,0.17970600299999973,10876994,True
39,Background,102400,4.57621,4.648786148,0.07257614800000045,10838,True
47,Background,1024,4.57687,4.688676817,0.11180681699999973,1087892,True
44,Background,102400,4.57784,4.911047197,0.3332071970000001,106400,True
36,Background,1048576,4.57997,4.781862013,0.20189201299999926,10838,True
38,Background,10240,4.58062,4.946445236,0.36582523600000005,1244,True
46,Background,10240,4.58137,4.600770904,0.019400904000000274,106400,True
41,Background,10485760,4.5899,4.723281121,0.1333811210000002,106400,True
45,Background,1048576,4.59233,4.655305508,0.06297550800000007,10838,True
56,Background,10240,4.5932,4.880611835,0.28741183499999945,106400,True
49,Background,10240,4.59368,4.69369897,0.10001896999999982,10838,True
37,Background,102400,4.59493,4.781862013,0.18693201299999984,10838,True
50,Background,102400,4.59526,4.835678852,0.24041885200000035,108768230,True
38,Background,10240,4.59762,4.63674099,0.0391209899999998,1244,True
43,Background,1048576,4.60099,4.769869677,0.16887967699999962,10876994,True
52,Background,102400,4.60142,4.675773278,0.07435327800000024,1244,True
51,Background,10240,4.60373,4.788745805,0.18501580499999992,106400,True
46,Background,102400,4.6056,4.621432734,0.01583273399999996,10838,True
55,Background,102400,4.60642,4.772244397,0.16582439699999973,106400,True
46,Background,102400,4.60795,4.74583914,0.1378891400000004,1244,True
47,Background,102400,4.6104,4.911128503,0.3007285029999993,1244,True
43,Background,10240,4.61559,5.041806587,0.42621658699999987,1087892,True
66,Background,1024,4.61633,4.69135787,0.07502787000000044,1087892,True
61,Background,1048576,4.61838,4.672581886,0.05420188599999953,106400,True
48,Background,10240,4.61838,4.630704689,0.012324688999999722,106400,True
49,Background,10485760,4.62106,4.630704689,0.009644688999999929,106400,True
56,Background,10240,4.62188,4.772244397,0.1503643969999997,106400,True
48,Background,1048576,4.62274,4.911128503,0.2883885029999993,1244,True
50,Background,10240,4.62426,4.791205268,0.1669452680000001,10838,True
48,Background,10240,4.62462,5.027407988,0.40278798800000004,106400,True
39,Background,1024,4.62538,4.765774733,0.14039473299999994,10838,True
45,Background,1024,4.62761,4.884764325,0.25715432500000013,1087892,True
44,Background,102400,4.63059,4.731707029,0.10111702900000008,1087892,True
37,Background,102400,4.63111,4.645475326,0.014365326000000067,1087892,True
34,Background,102400,4.63551,4.668260017,0.03275001699999969,10876994,True
56,Background,102400,4.63763,4.714469781,0.07683978100000033,106400,True
49,Background,10485760,4.63866,4.942786799,0.3041267990000005,10838,True
45,Background,10240,4.63987,4.731707029,0.09183702899999968,1087892,True
40,Background,102400,4.64202,4.765774733,0.12375473300000017,10838,True
46,Background,1024,4.64264,4.816195536,0.1735555360000003,1244,True
51,Background,1024,4.64381,4.733379473,0.08956947300000007,1087892,True
42,Background,10485760,4.64656,4.681623892,0.03506389200000015,10838,True
50,Background,102400,4.64905,4.69369897,0.0446489699999999,10838,True
50,Background,102400,4.64921,4.928574323,0.27936432300000025,1087892,True
44,Background,102400,4.65129,5.041806587,0.3905165869999996,1087892,True
49,Background,10240,4.65217,5.027407988,0.3752379880000003,106400,True
45,Background,1048576,4.65217,5.041806587,0.38963658700000003,1087892,True
45,Background,10240,4.65302,5.02554552,0.37252551999999994,1244,True
62,Background,10240,4.65526,4.672581886,0.01732188599999951,106400,True
47,Background,10240,4.65712,4.74583914,0.08871914000000025,1244,True
44,Background,1024,4.66096,4.769869677,0.10890967699999976,10876994,True
46,Background,1024,4.66435,5.02554552,0.3611955199999999,1244,True
50,Background,1048576,4.66694,5.027407988,0.3604679879999999,106400,True
57,Background,1048576,4.66763,4.772244397,0.10461439699999975,106400,True
51,Background,102400,4.66783,4.828696411,0.16086641099999976,106400,True
47,Background,102400,4.67255,4.848494133,0.17594413299999978,10838,True
40,Background,10485760,4.67379,4.723230437,0.04944043699999945,1244,True
39,Background,10240,4.67534,4.946445236,0.27110523599999947,1244,True
46,Background,102400,4.67649,4.731707029,0.055217028999999584,1087892,True
51,Background,102400,4.67726,4.69369897,0.016438969999999387,10838,True
46,Background,1024,4.67788,4.835033044,0.15715304400000019,10838,True
52,Background,1024,4.67864,4.788745805,0.11010580499999989,106400,True
47,Background,102400,4.67909,4.775893357,0.09680335699999976,106400,True
45,Background,102400,4.67942,4.9409296,0.26150959999999923,10876994,True
45,Background,102400,4.68102,4.849888081,0.1688680809999994,1244,True
53,Background,102400,4.68199,4.722399285,0.04040928499999996,1087892,True
56,Background,10240,4.68351,4.725117185,0.04160718500000016,10876994,True
48,Background,10240,4.68471,4.74583914,0.06112914000000025,1244,True
50,Background,102400,4.68678,4.942786799,0.25600679900000056,10838,True
48,Background,1024,4.68803,4.724362773,0.03633277299999982,1244,True
46,Background,10240,4.68888,4.9409296,0.25204959999999943,10876994,True
43,Background,1048576,4.69022,4.702189958,0.011969957999999892,1087892,True
42,Background,10485760,4.69084,4.780663069,0.08982306900000037,1087892,True
49,Background,1048576,4.69107,4.932953455,0.24188345499999997,10838,True
48,Background,10240,4.69112,4.737614029,0.04649402900000066,1087892,True
67,Background,1048576,4.69169,4.736744259,0.0450542589999996,1087892,True
40,Background,102400,4.69237,5.096865982,0.40449598199999937,10876994,True
48,Background,102400,4.69301,4.848494133,0.15548413299999986,10838,True
40,Background,1048576,4.69771,4.946445236,0.24873523599999992,1244,True
39,Background,1048576,4.69923,4.775685316,0.07645531599999966,1244,True
42,Background,102400,4.70232,4.723281121,0.020961121000000027,106400,True
43,Background,1048576,4.70257,4.723281121,0.02071112100000061,106400,True
45,Background,1048576,4.71279,4.769869677,0.05707967699999994,10876994,True
48,Background,1024,4.71321,4.775893357,0.06268335700000005,106400,True
35,Background,10240,4.71422,5.235408782,0.5211887820000003,1087892,True
54,Background,102400,4.71619,4.722399285,0.006209284999999731,1087892,True
51,Background,1048576,4.71758,4.791205268,0.0736252679999998,10838,True
46,Background,10485760,4.72487,4.769869677,0.04499967699999985,10876994,True
47,Background,10240,4.72721,4.816195536,0.08898553600000003,1244,True
53,Background,10240,4.7281,4.94577626,0.2176762599999993,106400,True
43,Background,102400,4.72812,4.780663069,0.052543069000000386,1087892,True
39,Background,10240,4.72818,4.849129329,0.1209493290000001,10838,True
41,Background,102400,4.73284,5.395588476,0.662748476,10838,True
52,Background,102400,4.73329,4.759279005,0.025989004999999565,10838,True
41,Background,10240,4.73444,4.765774733,0.03133473299999956,10838,True
54,Background,102400,4.73521,4.758987952,0.023777951999999658,1244,True
68,Background,1048576,4.73711,4.784084045,0.0469740449999998,1087892,True
49,Background,1048576,4.73962,5.266311036,0.5266910359999999,10876994,True
48,Background,10240,4.74216,4.798861819,0.05670181899999971,106400,True
49,Background,102400,4.74386,4.911128503,0.16726850299999985,1244,True
35,Background,1024,4.74392,5.550772242,0.8068522419999997,1244,True
55,Background,10240,4.74829,4.758987952,0.010697952000000122,1244,True
56,Background,10240,4.75025,4.758987952,0.008737951999999716,1244,True
38,Background,102400,4.75265,4.781862013,0.029212012999999537,10838,True
47,Background,102400,4.75297,5.02554552,0.2725755199999993,1244,True
44,Background,10485760,4.75336,5.023254784,0.2698947839999999,108768230,True
40,Background,102400,4.75441,4.888166616,0.13375661600000033,10838,True
52,Background,10240,4.7547,4.828696411,0.07399641100000043,106400,True
50,Background,1048576,4.75541,5.266311036,0.5109010359999999,10876994,True
45,Background,10240,4.75908,4.911047197,0.15196719700000028,106400,True
41,Background,10240,4.76481,4.946445236,0.18163523599999998,1244,True
49,Background,102400,4.76504,4.986205294,0.2211652940000004,10838,True
46,Background,10240,4.76514,4.849888081,0.08474808099999986,1244,True
42,Background,1024,4.76565,5.395588476,0.6299384760000004,10838,True
57,Background,10240,4.76586,4.769474368,0.0036143680000000344,106400,True
50,Background,102400,4.76781,4.911128503,0.1433185029999997,1244,True
58,Background,10240,4.76808,5.326643404,0.558563404,10876994,True
49,Background,10240,4.76984,4.775893357,0.00605335699999987,106400,True
41,Background,10240,4.77088,5.096865982,0.32598598199999973,10876994,True
57,Background,102400,4.77328,4.880611835,0.1073318350000001,106400,True
58,Background,10240,4.77383,4.880611835,0.1067818349999996,106400,True
59,Background,10240,4.77839,5.326643404,0.5482534040000004,10876994,True
44,Background,1024,4.77859,5.055993027,0.2774030270000001,108768230,True
36,Background,10240,4.78207,5.550772242,0.7687022419999998,1244,True
59,Background,102400,4.78246,4.880611835,0.09815183499999947,106400,True
50,Background,102400,4.78481,4.932953455,0.1481434549999996,10838,True
51,Background,1048576,4.79043,4.932953455,0.14252345500000008,10838,True
42,Background,1024,4.79297,4.946445236,0.15347523599999935,1244,True
63,Background,1024,4.79371,4.861369268,0.06765926799999988,1087892,True
60,Background,102400,4.79599,4.880611835,0.08462183500000009,106400,True
51,Background,1024,4.79711,4.928574323,0.13146432300000033,1087892,True
49,Background,10240,4.79805,4.798861819,0.0008118189999999359,106400,True
44,Background,10240,4.79904,5.584161399,0.7851213990000003,10838,True
51,Background,10485760,4.79911,4.911128503,0.11201850299999982,1244,True
47,Background,1024,4.79952,4.9409296,0.14140959999999936,10876994,True
52,Background,1048576,4.80195,4.928574323,0.1266243230000006,1087892,True
40,Background,102400,4.8049,4.849129329,0.044229329000000206,10838,True
45,Background,1024,4.80561,5.055993027,0.2503830270000007,108768230,True
50,Background,102400,4.80625,4.889219825,0.08296982499999928,10838,True
55,Background,10240,4.8118,5.165094277,0.3532942769999998,10876994,True
37,Background,10240,4.81583,5.550772242,0.7349422419999998,1244,True
49,Background,10240,4.81613,4.904542133,0.0884121329999994,106400,True
46,Background,1048576,4.81807,5.041806587,0.22373658700000032,1087892,True
47,Background,1048576,4.82128,5.041806587,0.22052658700000016,1087892,True
51,Background,1024,4.82323,4.942786799,0.1195567990000006,10838,True
38,Background,1048576,4.82409,4.881643684,0.05755368400000016,10838,True
40,Background,102400,4.82526,5.021939357,0.19667935699999983,1087892,True
51,Background,1024,4.82564,4.952749039,0.12710903900000048,10838,True
51,Background,1024,4.83015,5.027407988,0.1972579880000005,106400,True
52,Background,10240,4.83051,5.119721259,0.289211259,10838,True
52,Background,10240,4.83353,4.911128503,0.07759850299999993,1244,True
48,Background,1048576,4.83387,5.173550074,0.33968007400000033,1244,True
53,Background,1048576,4.83585,5.097616046,0.261766046,10838,True
48,Background,10485760,4.83636,4.9409296,0.1045695999999996,10876994,True
52,Background,102400,4.83644,4.952749039,0.11630903900000078,10838,True
61,Background,102400,4.84093,4.880611835,0.039681834999999666,106400,True
51,Background,10240,4.84241,5.266311036,0.4239010360000002,10876994,True
41,Background,10240,4.84355,5.021939357,0.17838935700000036,1087892,True
42,Background,1048576,4.84485,5.096865982,0.25201598199999964,10876994,True
50,Background,10240,4.84638,4.90001735,0.053637349999999806,10876994,True
39,Background,1024,4.85051,4.881643684,0.031133684000000272,10838,True
47,Background,1048576,4.8506,5.211798091,0.36119809100000033,10838,True
50,Background,10240,4.85069,4.986205294,0.13551529400000017,10838,True
62,Background,10240,4.8512,4.880611835,0.029411834999999442,106400,True
42,Background,10240,4.85137,5.185737346,0.3343673459999996,1087892,True
49,Background,10240,4.85214,4.9409296,0.08878959999999925,10876994,True
57,Background,1024,4.85254,4.942627248,0.09008724799999968,106400,True
53,Background,102400,4.85274,5.369408636,0.5166686360000003,1087892,True
54,Background,1024,4.85288,4.94577626,0.09289625999999984,106400,True
50,Background,1048576,4.85296,4.9409296,0.0879695999999992,10876994,True
47,Background,1048576,4.85605,4.90150809,0.04545809000000034,106400,True
60,Background,102400,4.85605,5.326643404,0.4705934040000006,10876994,True
41,Background,1024,4.85877,4.960582448,0.10181244800000044,106400,True
36,Background,1024,4.86009,5.235408782,0.3753187820000008,1087892,True
57,Background,10240,4.86436,4.871494036,0.007134036000000066,106400,True
48,Background,102400,4.86487,5.857486262,0.9926162620000003,1244,True
54,Background,10240,4.86968,5.097616046,0.22793604599999995,10838,True
49,Background,1048576,4.87001,5.173550074,0.3035400740000007,1244,True
49,Background,10240,4.87768,5.239691485,0.362011485,1087892,True
39,Background,1048576,4.88241,4.938343583,0.05593358299999984,10838,True
43,Background,102400,4.88446,4.946445236,0.061985235999999944,1244,True
52,Background,10485760,4.89188,5.050576129,0.15869612900000085,10838,True
49,Background,1024,4.89219,5.469408964,0.5772189640000001,106400,True
42,Background,1048576,4.89235,5.126118478,0.233768478,1087892,True
44,Background,10240,4.89278,4.946445236,0.053665235999999616,1244,True
46,Background,10240,4.89554,4.911047197,0.015507197000000694,106400,True
40,Background,10485760,4.89643,4.938343583,0.041913583000000365,10838,True
47,Background,102400,4.90308,5.182998373,0.2799183730000001,1244,True
50,Background,1048576,4.90378,5.469987895,0.5662078949999998,10838,True
39,Background,102400,4.90414,5.074794774,0.17065477399999995,10838,True
48,Background,102400,4.90429,5.182998373,0.2787083730000006,1244,True
48,Background,10485760,4.90673,5.02554552,0.11881552000000006,1244,True
64,Background,10240,4.90772,4.963264144,0.05554414399999974,10838,True
52,Background,10240,4.90775,5.07379363,0.1660436299999999,1244,True
37,Background,102400,4.90836,5.235408782,0.3270487820000003,1087892,True
40,Background,104857600,4.91098,4.920322435,0.00934243499999976,10838,True
46,Background,1048576,4.91129,5.165031026,0.25374102600000015,1244,True
43,Background,1024,4.91255,5.096865982,0.18431598199999932,10876994,True
46,Background,10240,4.91389,5.157762123,0.24387212300000005,1087892,True
53,Background,10485760,4.914,4.952749039,0.03874903900000071,10838,True
53,Background,102400,4.91405,4.928574323,0.014524323000000727,1087892,True
42,Background,1048576,4.91472,5.16878579,0.2540657900000003,10838,True
43,Background,10485760,4.9148,5.16878579,0.25398579000000066,10838,True
41,Background,102400,4.91561,4.920322435,0.00471243500000007,10838,True
48,Background,1048576,4.91886,4.944151777,0.025291777000000515,10838,True
45,Background,1048576,4.9217,5.457455311,0.535755311,10876994,True
40,Background,102400,4.92586,5.074794774,0.14893477399999977,10838,True
53,Background,1048576,4.92611,5.516407909,0.5902979089999993,1087892,True
56,Background,1048576,4.92691,5.165094277,0.23818427699999933,10876994,True
41,Background,1048576,4.92834,5.074794774,0.1464547739999995,10838,True
49,Background,104857600,4.93043,5.02554552,0.09511551999999934,1244,True
54,Background,10240,4.93077,5.369408636,0.4386386360000003,1087892,True
47,Background,10240,4.93387,5.097112142,0.16324214200000053,1244,True
51,Background,102400,4.93589,5.13670915,0.20081915000000006,106400,True
65,Background,102400,4.93745,4.963264144,0.025814143999999928,10838,True
46,Background,102400,4.93772,4.938052071,0.0003320710000007665,10838,True
48,Background,102400,4.93795,5.211798091,0.2738480910000005,10838,True
55,Background,102400,4.93959,5.369408636,0.42981863600000025,1087892,True
42,Background,102400,4.94101,5.074794774,0.13378477399999955,10838,True
55,Background,102400,4.94193,4.94577626,0.003846259999999546,106400,True
53,Background,10240,4.94205,5.026112174,0.0840621739999996,10838,True
58,Background,1048576,4.94282,4.993408005,0.050588004999999825,10838,True
53,Background,1048576,4.94396,5.177253751,0.2332937510000006,106400,True
69,Background,1024,4.94432,5.011949071,0.06762907099999982,10838,True
54,Background,102400,4.94654,5.516407909,0.5698679090000001,1087892,True
49,Background,102400,4.94805,5.340303305,0.39225330499999966,1244,True
52,Background,10240,4.94932,5.266311036,0.3169910360000001,10876994,True
49,Background,102400,4.94933,5.857486262,0.9081562620000003,1244,True
43,Background,1024,4.95201,5.395588476,0.4435784760000008,10838,True
42,Background,10240,4.95822,5.021939357,0.06371935700000009,1087892,True
51,Background,10240,4.95999,5.539014142,0.5790241419999997,106400,True
51,Background,102400,4.96109,5.359429401,0.3983394009999994,1087892,True
50,Background,10240,4.96187,5.857486262,0.8956162619999999,1244,True
57,Background,10485760,4.96314,5.165094277,0.20195427699999957,10876994,True
47,Background,102400,4.96749,5.157762123,0.19027212300000063,1087892,True
56,Background,1048576,4.96762,5.253322476,0.285702476,108768230,True
55,Background,1024,4.96861,5.516407909,0.5477979089999998,1087892,True
42,Background,1048576,4.96989,5.061515753,0.09162575299999975,10838,True
49,Background,10240,4.97004,5.211798091,0.24175809100000034,10838,True
44,Background,102400,4.97051,5.008079141,0.03756914099999964,10838,True
44,Background,1024,4.97539,5.395588476,0.4201984760000004,10838,True
38,Background,10240,4.97823,5.550772242,0.5725422419999999,1244,True
50,Background,10485760,4.98127,5.239691485,0.2584214849999995,1087892,True
46,Background,102400,4.98172,5.457455311,0.4757353110000002,10876994,True
39,Background,102400,4.9832,5.550772242,0.5675722419999998,1244,True
54,Background,102400,4.98722,5.04156335,0.0543433499999999,10838,True
49,Background,10485760,4.98866,5.059970942,0.07131094199999932,10876994,True
57,Background,1024,4.98979,5.253322476,0.26353247599999996,108768230,True
48,Background,1048576,4.99069,5.097112142,0.10642214200000044,1244,True
49,Background,104857600,4.99146,5.097112142,0.10565214200000028,1244,True
43,Background,1048576,4.99377,5.061515753,0.06774575300000052,10838,True
50,Background,1024,4.99575,5.059970942,0.0642209419999995,10876994,True
52,Background,10240,4.99838,5.539014142,0.540634142,106400,True
70,Background,1048576,5.00095,5.011949071,0.010999071000000527,10838,True
41,Background,1024,5.00217,5.977486723,0.9753167230000006,1087892,True
47,Background,10240,5.00402,5.457455311,0.4534353110000007,10876994,True
42,Background,1048576,5.00491,5.05341469,0.04850469000000057,106400,True
54,Background,102400,5.00583,5.170738556,0.16490855600000032,1087892,True
47,Background,1024,5.00588,5.196194189,0.19031418899999952,10876994,True
55,Background,10240,5.0084,5.04156335,0.0331633499999997,10838,True
44,Background,1048576,5.00908,5.061515753,0.05243575300000014,10838,True
43,Background,10240,5.0091,5.05341469,0.04431469000000021,106400,True
42,Background,1048576,5.00912,5.977486723,0.9683667229999999,1087892,True
48,Background,1048576,5.01374,5.196194189,0.18245418899999954,10876994,True
44,Background,1024,5.01489,5.096865982,0.08197598199999945,10876994,True
51,Background,102400,5.0165,5.531000905,0.5145009050000002,10876994,True
58,Background,102400,5.01911,5.208186985,0.1890769849999998,106400,True
43,Background,10240,5.02043,5.126118478,0.10568847800000025,1087892,True
53,Background,10240,5.02169,5.050576129,0.028886128999999983,10838,True
51,Background,102400,5.02212,5.469987895,0.4478678949999999,10838,True
40,Background,102400,5.02235,5.550772242,0.5284222419999995,1244,True
41,Background,10240,5.02431,5.097764068,0.0734540680000002,1087892,True
52,Background,1048576,5.0252,5.359429401,0.334229401,1087892,True
55,Background,102400,5.0254,5.170738556,0.14533855599999956,1087892,True
50,Background,104857600,5.03275,5.097112142,0.06436214200000023,1244,True
71,Background,102400,5.0328,5.049612242,0.01681224200000031,106400,True
49,Background,1024,5.0328,5.196194189,0.1633941889999999,10876994,True
40,Background,10485760,5.03377,5.291520716,0.2577507160000003,1087892,True
53,Background,10240,5.03654,5.359429401,0.3228894010000003,1087892,True
72,Background,1024,5.03999,5.049612242,0.009622241999999837,106400,True
45,Background,1048576,5.04081,5.061515753,0.02070575300000055,10838,True
51,Background,10485760,5.04117,5.09257411,0.05140411,1087892,True
53,Background,1024,5.04257,5.539014142,0.49644414199999964,106400,True
73,Background,102400,5.04943,5.049612242,0.00018224200000016566,106400,True
45,Background,102400,5.05028,5.395588476,0.3453084760000005,10838,True
50,Background,102400,5.05741,5.469408964,0.41199896400000036,106400,True
48,Background,10485760,5.05874,5.457455311,0.3987153110000001,10876994,True
44,Background,10240,5.0598,5.16878579,0.1089857900000002,10838,True
43,Background,10240,5.06049,5.185737346,0.1252473460000001,1087892,True
55,Background,102400,5.06128,5.097616046,0.03633604599999973,10838,True
46,Background,102400,5.0617,5.061515753,-0.00018424699999997074,10838,True
52,Background,102400,5.06239,5.157676488,0.09528648800000017,10838,True
56,Background,102400,5.06283,5.516407909,0.45357790899999983,1087892,True
58,Background,10240,5.06417,5.159514934,0.09534493399999988,1087892,True
52,Background,1048576,5.0645,5.09257411,0.028074110000000374,1087892,True
59,Background,102400,5.06642,5.292271532,0.22585153200000008,10838,True
52,Background,1048576,5.06765,5.105863854,0.038213853999999436,106400,True
53,Background,10485760,5.06779,5.266311036,0.1985210360000007,10876994,True
43,Background,1048576,5.06857,5.19980619,0.13123619000000009,106400,True
51,Background,1024,5.06894,5.097112142,0.028172142000000733,1244,True
48,Background,1024,5.07336,5.287846571,0.21448657100000013,10838,True
54,Background,1048576,5.07381,5.126801934,0.05299193400000046,1244,True
44,Background,1024,5.07571,5.126118478,0.05040847800000048,1087892,True
56,Background,1048576,5.07644,5.170738556,0.09429855600000003,1087892,True
52,Background,102400,5.08025,5.13670915,0.05645914999999935,106400,True
53,Background,1048576,5.08115,5.119721259,0.038571259000000246,10838,True
52,Background,102400,5.08438,5.097112142,0.012732141999999946,1244,True
49,Background,1024,5.08507,5.182998373,0.09792837300000024,1244,True
53,Background,1024,5.08815,5.13670915,0.048559149999999995,106400,True
54,Background,10240,5.08856,5.119721259,0.031161259000000108,10838,True
57,Background,1024,5.09093,5.170738556,0.0798085559999997,1087892,True
53,Background,1048576,5.09096,5.120178782,0.029218782000000054,1087892,True
54,Background,10240,5.09259,5.359429401,0.2668394009999995,1087892,True
56,Background,102400,5.09281,5.369408636,0.2765986360000001,1087892,True
45,Background,10485760,5.09421,5.126118478,0.03190847800000007,1087892,True
45,Background,10485760,5.09436,5.104006274,0.009646273999999622,10838,True
49,Background,1048576,5.09985,5.287846571,0.18799657100000022,10838,True
42,Background,1024,5.10122,5.315880494,0.2146604940000003,10838,True
48,Background,1048576,5.10161,5.880868964,0.7792589640000003,10838,True
60,Background,10240,5.10356,5.292271532,0.18871153200000013,10838,True
54,Background,102400,5.10526,5.192231689,0.08697168899999941,1244,True
56,Background,1048576,5.11126,5.199107563,0.0878475630000004,106400,True
57,Background,1024,5.11265,5.369408636,0.2567586359999998,1087892,True
57,Background,102400,5.11391,5.199107563,0.08519756300000036,106400,True
50,Background,102400,5.11396,5.173550074,0.059590074000000826,1244,True
59,Background,10240,5.11486,5.159514934,0.044654933999999535,1087892,True
47,Background,1024,5.11504,5.147685643,0.03264564300000039,106400,True
41,Background,102400,5.11607,5.291520716,0.17545071600000028,1087892,True
58,Background,102400,5.11739,5.199107563,0.08171756299999977,106400,True
49,Background,102400,5.11764,5.457455311,0.3398153110000006,10876994,True
58,Background,10240,5.11783,5.272406104,0.15457610400000021,106400,True
63,Background,10240,5.11815,5.227861806,0.10971180599999997,1087892,True
50,Background,1048576,5.12023,5.340303305,0.22007330499999966,1244,True
53,Background,1048576,5.12367,5.775402398,0.651732398,106400,True
59,Background,1048576,5.12559,5.208186985,0.08259698500000034,106400,True
55,Background,102400,5.12868,5.28617948,0.15749948000000025,1244,True
54,Background,102400,5.12988,5.266311036,0.13643103600000028,10876994,True
45,Background,102400,5.13018,5.16878579,0.038605790000000084,10838,True
43,Background,102400,5.13146,5.315880494,0.18442049400000027,10838,True
49,Background,10240,5.13365,5.880868964,0.747218964,10838,True
54,Background,1024,5.13591,5.13670915,0.0007991499999997487,106400,True
55,Background,1048576,5.13649,5.266311036,0.12982103600000006,10876994,True
46,Background,10485760,5.13841,5.16878579,0.030375789999999903,10838,True
55,Background,1048576,5.13982,5.359429401,0.2196094009999996,1087892,True
53,Background,102400,5.14023,5.157676488,0.017446488000000038,10838,True
42,Background,1024,5.14051,5.291520716,0.15101071600000004,1087892,True
263,Incast,500000,5.142605189,5.155245054,0.012639864999999695,518738,False
247,Incast,500000,5.142605189,5.155003295,0.01239810600000002,518738,False
248,Incast,500000,5.142605189,5.157059578,0.014454388999999956,518738,False
287,Incast,500000,5.142605189,5.157965431,0.015360241999999857,518738,False
286,Incast,500000,5.142605189,5.151734799,0.009129609999999566,518738,False
249,Incast,500000,5.142605189,5.152949104,0.010343914999999981,518738,False
250,Incast,500000,5.142605189,5.154982454,0.012377264999999582,518738,False
251,Incast,500000,5.142605189,5.15899088,0.01638569099999998,518738,False
252,Incast,500000,5.142605189,5.157182549,0.01457735999999965,518738,False
262,Incast,500000,5.142605189,5.152236475,0.009631285999999406,518738,False
261,Incast,500000,5.142605189,5.154420328,0.01181513899999942,518738,False
272,Incast,500000,5.142605189,5.156169544,0.01356435499999975,518738,False
284,Incast,500000,5.142605189,5.15324171,0.010636520999999455,518738,False
283,Incast,500000,5.142605189,5.158829224,0.01622403499999958,518738,False
246,Incast,500000,5.142605189,5.158620319,0.016015129999999544,518738,False
282,Incast,500000,5.142605189,5.154906298,0.012301109000000032,518738,False
253,Incast,500000,5.142605189,5.157350321,0.014745131999999828,518738,False
254,Incast,500000,5.142605189,5.155709873,0.013104683999999978,518738,False
255,Incast,500000,5.142605189,5.156852099,0.01424690999999978,518738,False
256,Incast,500000,5.142605189,5.15832923,0.015724040999999467,518738,False
257,Incast,500000,5.142605189,5.157860099,0.015254909999999455,518738,False
258,Incast,500000,5.142605189,5.153700877,0.011095688000000159,518738,False
281,Incast,500000,5.142605189,5.158789143,0.016183953999999723,518738,False
279,Incast,500000,5.142605189,5.153779438,0.011174248999999747,518738,False
259,Incast,500000,5.142605189,5.157003624,0.014398434999999488,518738,False
260,Incast,500000,5.142605189,5.152913352,0.010308162999999482,518738,False
285,Incast,500000,5.142605189,5.156972201,0.014367012000000123,518738,False
264,Incast,500000,5.142605189,5.15396542,0.011360230999999388,518738,False
245,Incast,500000,5.142605189,5.15867595,0.016070760999999933,518738,False
244,Incast,500000,5.142605189,5.156963866,0.014358676999999709,518738,False
271,Incast,500000,5.142605189,5.153857518,0.011252328999999506,518738,False
270,Incast,500000,5.142605189,5.157385762,0.014780572999999464,518738,False
293,Incast,500000,5.142605189,5.153971831,0.011366641999999594,518738,False
240,Incast,500000,5.142605189,5.148781142,0.006175952999999623,518738,False
241,Incast,500000,5.142605189,5.152840563,0.01023537399999963,518738,False
242,Incast,500000,5.142605189,5.155062135,0.01245694599999947,518738,False
243,Incast,500000,5.142605189,5.155211884,0.012606694999999668,518738,False
294,Incast,500000,5.142605189,5.157179505,0.014574316000000032,518738,False
295,Incast,500000,5.142605189,5.15795309,0.015347901000000164,518738,False
296,Incast,500000,5.142605189,5.157379768,0.01477457900000001,518738,False
269,Incast,500000,5.142605189,5.157962387,0.015357198000000238,518738,False
273,Incast,500000,5.142605189,5.154844091,0.012238901999999996,518738,False
297,Incast,500000,5.142605189,5.158993884,0.016388694999999842,518738,False
299,Incast,500000,5.142605189,5.152158395,0.009553205999999648,518738,False
268,Incast,500000,5.142605189,5.149881726,0.007276537000000083,518738,False
298,Incast,500000,5.142605189,5.157227459,0.014622269999999382,518738,False
276,Incast,500000,5.142605189,5.157652421,0.015047231999999688,518738,False
265,Incast,500000,5.142605189,5.154076366,0.011471176999999777,518738,False
266,Incast,500000,5.142605189,5.155720132,0.013114942999999712,518738,False
278,Incast,500000,5.142605189,5.154816035,0.012210845999999442,518738,False
277,Incast,500000,5.142605189,5.155216371,0.012611181999999665,518738,False
275,Incast,500000,5.142605189,5.150742175,0.008136986000000235,518738,False
267,Incast,500000,5.142605189,5.154722082,0.012116892999999962,518738,False
274,Incast,500000,5.142605189,5.152126972,0.009521782999999395,518738,False
280,Incast,500000,5.142605189,5.158532813,0.015927623999999696,518738,False
289,Incast,500000,5.142605189,5.159023688,0.016418499000000253,518738,False
290,Incast,500000,5.142605189,5.154690178,0.01208498899999988,518738,False
291,Incast,500000,5.142605189,5.155622654,0.013017464999999895,518738,False
292,Incast,500000,5.142605189,5.158632983,0.016027794000000206,518738,False
288,Incast,500000,5.142605189,5.157769032,0.015163842999999844,518738,False
44,Background,10240,5.1495,5.185737346,0.03623734600000006,1087892,True
51,Background,10240,5.15137,5.173550074,0.022180074000000438,1244,True
50,Background,10240,5.15162,5.287846571,0.1362265709999999,10838,True
56,Background,102400,5.15166,5.359429401,0.2077694010000002,1087892,True
66,Background,10485760,5.15366,5.199990656,0.046330655999999415,106400,True
45,Background,10240,5.15418,5.185737346,0.0315573459999996,1087892,True
64,Background,10485760,5.1553,5.227861806,0.0725618059999995,1087892,True
54,Background,102400,5.1573,5.539014142,0.38171414199999987,106400,True
55,Background,10485760,5.15755,5.23572224,0.07817224000000067,1244,True
45,Background,10240,5.15847,5.707309733,0.5488397329999994,106400,True
50,Background,102400,5.16249,5.751643264,0.5891532640000001,106400,True
41,Background,102400,5.16359,5.229704439,0.06611443899999969,106400,True
50,Background,102400,5.16462,5.880868964,0.716248964,10838,True
55,Background,1048576,5.16577,5.539014142,0.3732441419999999,106400,True
56,Background,1048576,5.1662,5.314566191,0.14836619100000004,10838,True
61,Background,1024,5.16646,5.292271532,0.12581153200000017,10838,True
50,Background,102400,5.16657,5.180787178,0.014217177999999997,106400,True
58,Background,1024,5.16893,5.301002975,0.1320729750000007,10838,True
45,Background,102400,5.17207,5.584161399,0.41209139900000036,10838,True
46,Background,102400,5.17218,5.395588476,0.22340847600000036,10838,True
52,Background,1024,5.17307,5.770636981,0.5975669809999999,1087892,True
58,Background,102400,5.17689,5.35000629,0.1731162899999994,106400,True
48,Background,102400,5.17739,5.3900687,0.21267869999999967,10838,True
58,Background,10240,5.18012,5.369408636,0.18928863600000057,1087892,True
51,Background,1048576,5.18066,5.287846571,0.10718657100000062,10838,True
52,Background,102400,5.18173,5.531000905,0.349270905,10876994,True
47,Background,10240,5.18293,5.182979338,4.933800000017641e-05,1244,True
54,Background,1024,5.18316,5.318033596,0.13487359600000026,106400,True
45,Background,102400,5.18546,5.25676365,0.07130364999999994,10838,True
56,Background,1024,5.18974,5.28617948,0.0964394800000008,1244,True
43,Background,1048576,5.19049,5.291520716,0.10103071600000035,1087892,True
54,Background,102400,5.19153,5.775402398,0.5838723979999996,106400,True
49,Background,10240,5.19655,5.3900687,0.19351869999999938,10838,True
48,Background,1024,5.19666,5.196746553,8.655300000004473e-05,1244,True
74,Background,102400,5.19862,5.394782376,0.1961623760000002,1244,True
44,Background,102400,5.19967,5.291520716,0.09185071599999972,1087892,True
59,Background,1048576,5.19994,5.272406104,0.07246610400000009,106400,True
53,Background,1048576,5.20026,5.2778487,0.07758869999999973,106400,True
46,Background,102400,5.20092,5.25676365,0.05584364999999991,10838,True
60,Background,1048576,5.20111,5.250462469,0.049352469000000454,1087892,True
57,Background,10240,5.20205,5.359429401,0.15737940100000003,1087892,True
51,Background,1024,5.2024,5.30851734,0.10611733999999995,106400,True
56,Background,102400,5.20271,5.23572224,0.03301224000000058,1244,True
44,Background,102400,5.2067,5.255555292,0.048855292000000716,106400,True
57,Background,1024,5.20773,5.28617948,0.07844948000000063,1244,True
53,Background,102400,5.21274,5.770636981,0.5578969809999998,1087892,True
53,Background,102400,5.21288,5.324515885,0.1116358850000001,106400,True
54,Background,10240,5.2135,5.2778487,0.06434870000000004,106400,True
55,Background,102400,5.21416,5.318033596,0.10387359600000057,106400,True
54,Background,1024,5.21536,5.324515885,0.10915588499999984,106400,True
51,Background,10240,5.21795,5.751643264,0.5336932640000001,106400,True
42,Background,10240,5.2238,5.311328713,0.0875287130000002,1087892,True
53,Background,1024,5.22396,5.270643731,0.046683730999999895,106400,True
48,Background,10485760,5.225,5.246807438,0.021807438000000623,1244,True
56,Background,10240,5.2264,5.318033596,0.09163359600000032,106400,True
59,Background,1024,5.22903,5.35000629,0.12097628999999976,106400,True
54,Background,10240,5.23099,5.770636981,0.5396469809999997,1087892,True
50,Background,102400,5.23099,5.450865271,0.21987527099999937,108768230,True
65,Background,10240,5.23218,5.257375864,0.025195864000000512,1244,True
57,Background,102400,5.23326,5.516407909,0.2831479090000002,1087892,True
44,Background,102400,5.2353,5.437232425,0.20193242500000075,1244,True
75,Background,1048576,5.23534,5.394782376,0.15944237600000033,1244,True
52,Background,10240,5.2367,5.751643264,0.5149432640000002,106400,True
50,Background,1024,5.23909,5.457455311,0.21836531100000034,10876994,True
60,Background,1024,5.24053,5.35000629,0.10947628999999992,106400,True
51,Background,102400,5.24283,5.340303305,0.09747330500000029,1244,True
52,Background,102400,5.24313,5.340303305,0.0971733050000001,1244,True
55,Background,10240,5.24327,5.775402398,0.5321323979999999,106400,True
46,Background,10240,5.24358,5.584161399,0.3405813990000004,10838,True
46,Background,102400,5.24597,5.416063785,0.1700937850000006,106400,True
44,Background,1024,5.24644,5.315880494,0.06944049400000019,10838,True
45,Background,1048576,5.2465,5.315880494,0.06938049399999979,10838,True
55,Background,102400,5.24749,5.25544331,0.007953310000000435,1087892,True
57,Background,102400,5.25072,5.314566191,0.06384619099999966,10838,True
62,Background,10240,5.25142,5.292271532,0.04085153199999958,10838,True
43,Background,1024,5.25181,5.977486723,0.7256767230000003,1087892,True
57,Background,10240,5.25264,5.310946266,0.05830626599999977,106400,True
55,Background,102400,5.25273,5.324515885,0.0717858850000006,106400,True
61,Background,1048576,5.25287,5.35000629,0.0971362899999999,106400,True
66,Background,102400,5.25487,5.257375864,0.0025058639999997467,1244,True
46,Background,102400,5.25572,5.315880494,0.06016049399999979,10838,True
58,Background,1048576,5.25613,5.359429401,0.10329940100000012,1087892,True
47,Background,10240,5.25927,5.348544063,0.0892740630000004,10838,True
76,Background,10240,5.25976,5.394782376,0.13502237600000022,1244,True
58,Background,102400,5.26019,5.314566191,0.05437619100000024,10838,True
67,Background,102400,5.26078,5.313840528,0.053060528000000495,10838,True
45,Background,1024,5.26251,5.291520716,0.02901071600000016,1087892,True
58,Background,1024,5.26279,5.28617948,0.023389480000000518,1244,True
77,Background,10485760,5.2653,5.394782376,0.12948237600000034,1244,True
46,Background,1048576,5.26558,5.291520716,0.02594071600000003,1087892,True
56,Background,10240,5.26685,5.324515885,0.05766588500000047,106400,True
53,Background,102400,5.26883,5.340303305,0.0714733049999996,1244,True
60,Background,1048576,5.26898,5.272406104,0.0034261039999998744,106400,True
68,Background,1024,5.26987,5.313840528,0.04397052800000001,10838,True
43,Background,102400,5.27071,5.311328713,0.04061871299999975,1087892,True
51,Background,10240,5.27246,5.347080755,0.07462075500000065,106400,True
54,Background,102400,5.27466,5.47600286,0.20134286000000046,106400,True
51,Background,1024,5.27577,5.857486262,0.5817162620000005,1244,True
47,Background,102400,5.27714,5.368511155,0.09137115500000004,106400,True
59,Background,102400,5.27806,5.28617948,0.0081194800000004,1244,True
57,Background,1024,5.27849,5.324515885,0.0460258850000006,106400,True
55,Background,10485760,5.28014,5.501411239,0.221271239,1087892,True
46,Background,10485760,5.28235,5.451192519,0.16884251900000002,106400,True
53,Background,1024,5.28372,5.531000905,0.24728090500000022,10876994,True
51,Background,10240,5.2871,5.469408964,0.18230896400000063,106400,True
55,Background,102400,5.28837,5.47600286,0.1876328600000008,106400,True
57,Background,1024,5.28934,5.318033596,0.0286935960000001,106400,True
58,Background,1024,5.29222,5.516407909,0.2241879089999994,1087892,True
62,Background,104857600,5.29223,5.35000629,0.05777628999999962,106400,True
60,Background,10485760,5.29439,5.448337492,0.15394749200000035,1087892,True
52,Background,102400,5.29501,5.444802852,0.14979285199999914,106400,True
51,Background,102400,5.29539,5.880868964,0.585478964,10838,True
59,Background,1024,5.29708,5.516407909,0.21932790899999954,1087892,True
51,Background,102400,5.29834,5.360181357,0.061841357000000485,1087892,True
47,Background,102400,5.30212,5.451192519,0.14907251899999974,106400,True
54,Background,1024,5.30216,5.344677262,0.0425172620000005,1087892,True
49,Background,1048576,5.3027,5.485634853,0.1829348529999999,10838,True
53,Background,104857600,5.3036,5.444802852,0.14120285199999927,106400,True
42,Background,102400,5.3047,5.411237448,0.1065374479999992,106400,True
58,Background,1048576,5.30572,5.310946266,0.0052262660000002015,106400,True
59,Background,102400,5.30643,5.310946266,0.004516266000000435,106400,True
47,Background,1024,5.30676,5.416063785,0.10930378500000071,106400,True
51,Background,1024,5.30706,5.457455311,0.15039531100000048,10876994,True
48,Background,10485760,5.30713,5.368511155,0.0613811550000003,106400,True
60,Background,1048576,5.30757,5.808586564,0.5010165639999995,1244,True
52,Background,10485760,5.31209,5.347080755,0.03499075499999993,106400,True
56,Background,1048576,5.31459,5.36045718,0.04586718000000012,1087892,True
61,Background,1024,5.31494,5.387219658,0.07227965800000025,1244,True
53,Background,1024,5.31877,5.751643264,0.43287326400000037,106400,True
52,Background,1048576,5.31887,5.857486262,0.5386162619999997,1244,True
62,Background,10240,5.31977,5.387219658,0.06744965800000013,1244,True
54,Background,102400,5.3224,5.395114,0.07271400000000039,1244,True
61,Background,1024,5.3275,5.340999049,0.013499048999999985,1087892,True
60,Background,102400,5.32949,5.330608548,0.001118547999999997,106400,True
50,Background,1048576,5.33003,5.485634853,0.15560485299999982,10838,True
52,Background,10485760,5.33125,5.469408964,0.1381589640000005,106400,True
47,Background,1048576,5.33439,5.437499136,0.1031091359999996,106400,True
57,Background,1048576,5.33547,5.36045718,0.02498718000000011,1087892,True
59,Background,102400,5.33636,5.369408636,0.03304863600000019,1087892,True
49,Background,102400,5.33653,5.352839608,0.016309608000000253,10838,True
49,Background,1024,5.33825,5.368511155,0.030261154999999818,106400,True
46,Background,102400,5.34295,5.59065625,0.24770625000000024,1244,True
54,Background,102400,5.34426,5.531000905,0.18674090499999974,10876994,True
56,Background,10240,5.34556,5.539014142,0.19345414200000022,106400,True
62,Background,102400,5.34941,5.438267671,0.08885767100000042,10876994,True
47,Background,1048576,5.34988,5.972931066,0.6230510660000004,106400,True
50,Background,10485760,5.34999,5.365505382,0.015515382000000244,106400,True
51,Background,1048576,5.35034,5.365505382,0.015165382000000172,106400,True
47,Background,1048576,5.35153,5.584161399,0.23263139899999974,10838,True
52,Background,10485760,5.35194,5.82471912,0.4727791200000002,10838,True
53,Background,1024,5.35267,5.82471912,0.4720491200000003,10838,True
54,Background,102400,5.35341,5.82471912,0.4713091199999999,10838,True
61,Background,10240,5.35446,5.3834706,0.029010599999999442,10838,True
54,Background,102400,5.35581,5.444802852,0.08899285199999962,106400,True
67,Background,10240,5.35764,5.394700601,0.037060601000000304,10838,True
52,Background,10240,5.35826,5.360181357,0.001921357000000512,1087892,True
45,Background,1048576,5.35834,5.872793965,0.5144539649999995,10838,True
55,Background,1024,5.3599,5.531000905,0.1711009050000003,10876994,True
41,Background,10485760,5.36086,5.550772242,0.18991224200000012,1244,True
59,Background,10485760,5.36129,5.521868177,0.16057817699999966,106400,True
53,Background,102400,5.36491,5.489746813,0.12483681299999994,1087892,True
56,Background,10240,5.36649,5.775402398,0.408912398,106400,True
47,Background,1048576,5.36692,5.59065625,0.22373624999999997,1244,True
53,Background,10240,5.36713,5.469408964,0.10227896399999992,106400,True
44,Background,102400,5.36889,5.399469116,0.030579115999999296,106400,True
51,Background,102400,5.37073,5.485634853,0.11490485299999964,10838,True
54,Background,102400,5.37155,5.508833664,0.13728366399999992,106400,True
57,Background,102400,5.37354,5.539014142,0.16547414199999988,106400,True
52,Background,1024,5.37504,5.410074268,0.035034267999999535,1244,True
38,Background,102400,5.37633,5.74697509,0.37064509,106400,True
46,Background,1024,5.37651,5.707309733,0.3307997330000001,106400,True
45,Background,1048576,5.37689,5.437232425,0.06034242499999998,1244,True
62,Background,1048576,5.37804,5.3834706,0.005430599999999508,10838,True
55,Background,1024,5.37814,5.770636981,0.39249698099999986,1087892,True
61,Background,1024,5.3782,5.450695645,0.07249564500000005,1087892,True
55,Background,1024,5.37827,5.444802852,0.06653285199999992,106400,True
50,Background,102400,5.38036,6.239852519,0.8594925190000007,106400,True
48,Background,102400,5.381,5.393670312,0.012670312000000017,106400,True
63,Background,1048576,5.38414,5.404369148,0.02022914799999942,106400,True
63,Background,102400,5.38656,5.459713726,0.07315372600000014,1244,True
59,Background,1048576,5.38662,5.681567605,0.29494760499999995,10838,True
43,Background,1048576,5.39006,5.411237448,0.021177447999999544,106400,True
56,Background,10240,5.39256,5.765568981,0.3730089810000008,1244,True
59,Background,102400,5.39335,5.694192476,0.3008424759999997,10876994,True
56,Background,102400,5.39411,5.531000905,0.13689090499999956,10876994,True
63,Background,102400,5.39564,5.702083765,0.30644376500000003,10876994,True
52,Background,102400,5.39664,5.531135696,0.1344956960000001,1244,True
57,Background,10240,5.39701,5.765568981,0.3685589810000005,1244,True
50,Background,10240,5.39783,5.484814058,0.08698405800000053,1244,True
64,Background,102400,5.39948,5.702083765,0.30260376500000064,10876994,True
55,Background,1048576,5.40264,5.508833664,0.10619366400000008,106400,True
56,Background,10240,5.40331,5.501411239,0.098101239,1087892,True
55,Background,10240,5.40541,5.82471912,0.4193091200000003,10838,True
52,Background,10240,5.40767,5.469987895,0.06231789499999962,10838,True
39,Background,1048576,5.40851,5.74697509,0.3384650900000006,106400,True
60,Background,1048576,5.41527,5.883816832,0.46854683200000036,106400,True
57,Background,102400,5.41546,5.531000905,0.11554090499999958,10876994,True
53,Background,10485760,5.41588,5.456946871,0.04106687100000084,1244,True
57,Background,1048576,5.41778,5.501411239,0.08363123900000069,1087892,True
47,Background,10485760,5.41888,5.707309733,0.2884297330000001,106400,True
48,Background,10485760,5.41947,5.707309733,0.2878397330000002,106400,True
48,Background,102400,5.42412,5.455537564,0.03141756399999984,10838,True
63,Background,10485760,5.42483,5.917600608,0.49277060799999983,10876994,True
78,Background,10240,5.42585,5.467041362,0.041191362000000176,106400,True
47,Background,10485760,5.42719,5.447605416,0.02041541599999963,10838,True
79,Background,1048576,5.42845,5.467041362,0.03859136200000002,106400,True
80,Background,102400,5.42901,5.467041362,0.0380313619999999,106400,True
58,Background,102400,5.42994,5.628462313,0.19852231299999978,10838,True
53,Background,10485760,5.4368,5.99731321,0.5605132099999999,1244,True
56,Background,1048576,5.43696,5.82471912,0.3877591200000001,10838,True
46,Background,102400,5.43836,5.872793965,0.4344339649999993,10838,True
48,Background,1024,5.44024,5.447605416,0.007365415999999847,10838,True
48,Background,1048576,5.44281,5.972931066,0.5301210660000004,106400,True
63,Background,1024,5.443,5.877461403,0.43446140300000025,1087892,True
54,Background,102400,5.44337,5.456946871,0.013576871000000601,1244,True
68,Background,102400,5.44606,5.674947349,0.22888734899999985,106400,True
58,Background,1048576,5.44839,5.539014142,0.09062414200000024,106400,True
55,Background,10485760,5.44866,5.602572292,0.15391229199999934,106400,True
64,Background,102400,5.4494,5.917600608,0.4682006080000001,10876994,True
64,Background,1024,5.45083,5.459713726,0.008883726000000536,1244,True
50,Background,1048576,5.45133,5.824940419,0.37361041900000025,106400,True
56,Background,102400,5.45211,5.770636981,0.31852698099999976,1087892,True
55,Background,102400,5.45212,5.456946871,0.0048268710000005655,1244,True
49,Background,102400,5.45401,5.972931066,0.5189210659999999,106400,True
61,Background,10240,5.45746,5.808586564,0.3511265639999994,1244,True
52,Background,102400,5.45847,5.649887134,0.19141713399999993,106400,True
45,Background,10240,5.45964,5.846963046,0.38732304599999967,1244,True
57,Background,10240,5.46157,5.82471912,0.3631491200000001,10838,True
54,Background,1024,5.46435,5.751643264,0.28729326400000055,106400,True
59,Background,102400,5.46655,5.554578808,0.08802880799999979,10838,True
65,Background,1024,5.46999,5.494501081,0.02451108099999999,106400,True
49,Background,10485760,5.47035,5.628374625,0.15802462500000036,1244,True
48,Background,10485760,5.4712,5.494785636,0.023585635999999965,106400,True
60,Background,10240,5.4715,5.681567605,0.21006760499999988,10838,True
53,Background,10485760,5.47168,5.709670335,0.2379903350000001,10838,True
53,Background,10240,5.47773,5.649887134,0.17215713399999988,106400,True
54,Background,102400,5.48039,5.489746813,0.00935681300000013,1087892,True
50,Background,102400,5.48066,5.63488392,0.15422391999999974,10876994,True
53,Background,1048576,5.4823,5.857486262,0.3751862619999997,1244,True
48,Background,102400,5.48236,5.584161399,0.10180139900000018,10838,True
51,Background,102400,5.48258,6.239852519,0.7572725190000007,106400,True
61,Background,102400,5.48419,5.681567605,0.1973776049999998,10838,True
69,Background,1048576,5.48471,5.578082682,0.09337268200000004,1244,True
65,Background,10485760,5.48645,5.702083765,0.21563376500000064,10876994,True
40,Background,10240,5.48925,5.74697509,0.2577250900000001,106400,True
58,Background,10240,5.49129,5.501411239,0.01012123900000006,1087892,True
51,Background,102400,5.4923,5.626908326,0.1346083259999995,106400,True
58,Background,10240,5.49325,5.508820118,0.0155701180000003,106400,True
65,Background,102400,5.49385,5.917600608,0.42375060799999975,10876994,True
70,Background,1048576,5.49749,5.578082682,0.0805926819999998,1244,True
58,Background,10240,5.49955,5.82471912,0.32516912,10838,True
44,Background,102400,5.50344,5.977486723,0.47404672299999984,1087892,True
59,Background,10240,5.50464,5.628462313,0.1238223129999998,10838,True
69,Background,10240,5.50498,5.674947349,0.1699673490000002,106400,True
71,Background,10240,5.50523,5.578082682,0.07285268199999972,1244,True
49,Background,102400,5.50545,5.918748731,0.41329873100000025,10838,True
60,Background,10485760,5.50551,5.516407909,0.01089790899999965,1087892,True
46,Background,1048576,5.50834,5.846963046,0.33862304600000037,1244,True
58,Background,102400,5.50957,5.554894013,0.04532401300000011,1087892,True
43,Background,1024,5.50963,5.528743281,0.019113281000000093,106400,True
59,Background,102400,5.51024,5.554894013,0.0446540130000006,1087892,True
55,Background,10240,5.51143,5.697204967,0.1857749670000004,10838,True
56,Background,102400,5.51197,5.607903492,0.09593349200000034,10838,True
64,Background,10240,5.51375,5.606880511,0.09313051100000003,10838,True
66,Background,1024,5.51455,5.917600608,0.40305060800000003,10876994,True
58,Background,1024,5.51561,5.518753136,0.0031431360000002684,106400,True
65,Background,1024,5.51811,5.606880511,0.08877051099999989,10838,True
52,Background,102400,5.51837,5.880868964,0.36249896400000026,10838,True
56,Background,1048576,5.52202,5.602572292,0.08055229199999925,106400,True
55,Background,102400,5.52205,5.539470926,0.01742092599999978,106400,True
47,Background,10240,5.52876,5.846963046,0.3182030459999998,1244,True
70,Background,10240,5.53426,5.674947349,0.14068734900000024,106400,True
49,Background,102400,5.53446,5.707309733,0.17284973299999962,106400,True
60,Background,102400,5.53466,5.554578808,0.0199188079999999,10838,True
54,Background,10240,5.53545,5.857486262,0.32203626200000013,1244,True
52,Background,10485760,5.53614,5.626908326,0.09076832600000007,106400,True
57,Background,1048576,5.53984,5.770636981,0.23079698100000012,1087892,True
49,Background,1048576,5.54047,5.644411904,0.10394190400000003,10876994,True
66,Background,10240,5.54123,5.702083765,0.1608537650000006,10876994,True
48,Background,102400,5.54239,5.846963046,0.3045730459999998,1244,True
66,Background,102400,5.54255,5.606880511,0.06433051099999965,10838,True
53,Background,102400,5.54614,5.626908326,0.08076832599999939,106400,True
50,Background,10240,5.54835,5.972931066,0.424581066,106400,True
44,Background,10240,5.55577,5.96027834,0.40450834000000047,10876994,True
49,Background,10240,5.55708,5.589824603,0.03274460300000026,10838,True
47,Background,1024,5.56254,6.134182735,0.5716427350000002,1087892,True
55,Background,1024,5.56326,5.751643264,0.1883832640000005,106400,True
55,Background,10240,5.56373,5.753583189,0.1898531890000008,10838,True
66,Background,102400,5.56432,5.596783321,0.03246332099999982,10838,True
53,Background,10240,5.56459,5.880868964,0.31627896400000033,10838,True
59,Background,10240,5.56532,5.705402581,0.1400825810000006,10838,True
55,Background,102400,5.56567,5.857486262,0.2918162620000002,1244,True
46,Background,102400,5.56744,5.741497756,0.17405775599999984,1244,True
62,Background,10485760,5.56829,5.681567605,0.1132776049999995,10838,True
57,Background,1048576,5.56833,5.602572292,0.03424229200000006,106400,True
45,Background,1048576,5.56857,5.96027834,0.3917083400000001,10876994,True
42,Background,1024,5.57047,5.73359973,0.16312972999999964,1087892,True
60,Background,102400,5.57085,5.694192476,0.12334247599999948,10876994,True
56,Background,102400,5.57145,5.610198371,0.0387483710000005,10838,True
49,Background,1048576,5.57375,5.584161399,0.010411398999999655,10838,True
60,Background,10240,5.58138,5.711033924,0.12965392399999942,1244,True
57,Background,102400,5.58152,5.610198371,0.028678370999999814,10838,True
67,Background,10485760,5.5822,5.606880511,0.024680510999999683,10838,True
61,Background,10240,5.58308,5.883816832,0.3007368320000001,106400,True
57,Background,1024,5.58364,5.775402398,0.19176239799999983,106400,True
59,Background,1048576,5.58507,5.600072024,0.01500202400000017,106400,True
62,Background,10240,5.58879,5.883816832,0.2950268319999996,106400,True
67,Background,102400,5.59057,5.596783321,0.0062133210000006045,10838,True
61,Background,1048576,5.59139,5.6029437,0.011553700000000333,106400,True
47,Background,102400,5.59624,5.741497756,0.14525775600000035,1244,True
52,Background,10485760,5.59629,5.970816338,0.3745263379999999,10838,True
52,Background,1048576,5.59727,6.239852519,0.6425825190000003,106400,True
48,Background,1024,5.59863,5.741497756,0.14286775600000023,1244,True
56,Background,1024,5.59906,6.00373538,0.4046753800000005,10876994,True
68,Background,102400,5.5995,5.63594579,0.036445790000000144,10876994,True
51,Background,10240,5.6002,5.972931066,0.37273106600000006,106400,True
56,Background,104857600,5.60035,5.857486262,0.2571362620000004,1244,True
61,Background,104857600,5.60131,5.694192476,0.09288247599999977,10876994,True
56,Background,1048576,5.60176,5.628016008,0.02625600800000072,106400,True
43,Background,102400,5.60279,5.73359973,0.13080973000000018,1087892,True
54,Background,10240,5.60391,5.709670335,0.10576033500000026,10838,True
44,Background,102400,5.60644,5.73359973,0.1271597299999998,1087892,True
56,Background,1048576,5.60667,5.697204967,0.09053496699999997,10838,True
72,Background,10485760,5.60804,5.618698166,0.010658165999999802,10838,True
62,Background,102400,5.6091,5.808586564,0.19948656399999987,1244,True
45,Background,10485760,5.61049,5.977486723,0.36699672299999975,1087892,True
54,Background,1024,5.61349,5.624380357,0.010890357000000073,10838,True
50,Background,10240,5.61356,5.877731653,0.264171653,106400,True
58,Background,102400,5.61537,5.770636981,0.15526698099999958,1087892,True
81,Background,1024,5.61585,5.736731808,0.12088180800000004,106400,True
59,Background,102400,5.61695,5.95248014,0.3355301399999995,1244,True
60,Background,1048576,5.61857,6.587533751,0.9689637509999995,10838,True
73,Background,102400,5.61941,5.618698166,-0.0007118340000005219,10838,True
57,Background,1024,5.62097,5.678000739,0.057030739,10838,True
48,Background,1024,5.6229,6.134182735,0.5112827350000009,1087892,True
57,Background,102400,5.62594,6.00373538,0.37779538000000024,10876994,True
60,Background,102400,5.62635,5.95248014,0.3261301399999992,1244,True
61,Background,10240,5.62705,6.098331318,0.47128131799999995,10838,True
55,Background,1024,5.62809,5.736979188,0.10888918800000003,106400,True
47,Background,1024,5.62891,5.872793965,0.24388396499999931,10838,True
58,Background,102400,5.62987,5.65497026,0.02510025999999943,10838,True
48,Background,10485760,5.63099,5.698427079,0.06743707900000029,10838,True
51,Background,102400,5.63101,5.6963541,0.0653440999999999,1087892,True
53,Background,102400,5.63189,6.239852519,0.607962519,106400,True
62,Background,10240,5.63193,5.691215388,0.05928538800000016,1087892,True
49,Background,10240,5.63318,5.698427079,0.06524707899999971,10838,True
49,Background,1048576,5.63491,5.741497756,0.10658775600000059,1244,True
54,Background,102400,5.63602,5.649887134,0.013867133999999837,106400,True
67,Background,102400,5.63813,5.702083765,0.06395376499999994,10876994,True
45,Background,102400,5.63968,5.73359973,0.09391972999999965,1087892,True
58,Background,10240,5.64063,5.775402398,0.13477239799999996,106400,True
59,Background,1024,5.64209,5.82471912,0.18262912000000053,10838,True
74,Background,10240,5.64256,6.141268835,0.4987088350000004,10838,True
51,Background,10240,5.644,5.824940419,0.18094041899999969,106400,True
68,Background,102400,5.64769,5.702083765,0.05439376500000037,10876994,True
64,Background,102400,5.64843,5.877461403,0.22903140299999958,1087892,True
57,Background,10240,5.64913,5.697204967,0.0480749669999998,10838,True
60,Background,102400,5.65329,5.665314772,0.012024772000000183,106400,True
48,Background,1048576,5.6544,5.872793965,0.21839396499999975,10838,True
49,Background,1048576,5.65475,6.134182735,0.4794327350000005,1087892,True
50,Background,1048576,5.65504,5.842113491,0.18707349100000048,10838,True
56,Background,1048576,5.65614,5.717315469,0.06117546900000015,10876994,True
62,Background,1048576,5.65839,6.098331318,0.4399413179999998,10838,True
58,Background,10240,5.66159,5.833592411,0.17200241099999936,10876994,True
61,Background,1048576,5.66192,5.711033924,0.049113923999999365,1244,True
60,Background,102400,5.66274,5.705402581,0.04266258100000009,10838,True
58,Background,1024,5.6643,5.765568981,0.10126898100000048,1244,True
60,Background,10240,5.6648,5.81698841,0.15218841000000083,10838,True
54,Background,10240,5.66514,6.239852519,0.5747125190000002,106400,True
82,Background,1048576,5.66529,5.736731808,0.07144180800000033,106400,True
41,Background,102400,5.66708,5.74697509,0.07989508999999995,106400,True
69,Background,1024,5.67119,5.705663221,0.03447322099999983,1244,True
61,Background,10240,5.67162,6.587533751,0.9159137509999997,10838,True
46,Background,10240,5.67278,5.73359973,0.06081972999999952,1087892,True
50,Background,1048576,5.67339,5.698427079,0.02503707899999963,10838,True
52,Background,1024,5.67341,5.824940419,0.1515304190000002,106400,True
60,Background,102400,5.67411,5.82471912,0.15060912000000037,10838,True
75,Background,102400,5.67566,6.141268835,0.4656088350000003,10838,True
59,Background,102400,5.67777,5.775402398,0.09763239800000001,106400,True
46,Background,1048576,5.6785,5.977486723,0.2989867230000005,1087892,True
63,Background,1024,5.68086,6.098331318,0.4174713179999996,10838,True
83,Background,102400,5.68371,5.736731808,0.05302180800000045,106400,True
55,Background,1048576,5.6839,5.709670335,0.02577033499999981,10838,True
58,Background,10240,5.68636,5.697204967,0.010844967000000594,10838,True
54,Background,10240,5.6864,5.880868964,0.19446896400000035,10838,True
69,Background,10240,5.69077,5.726887462,0.03611746199999999,10876994,True
51,Background,1024,5.69233,5.698427079,0.006097078999999894,10838,True
61,Background,102400,5.69359,5.95248014,0.2588901399999992,1244,True
63,Background,10485760,5.69384,5.808586564,0.11474656399999983,1244,True
61,Background,1048576,5.69384,5.773293914,0.07945391400000013,10876994,True
48,Background,1048576,5.69859,5.723367182,0.024777181999999343,1087892,True
50,Background,1048576,5.69901,6.180507391,0.48149739099999955,108768230,True
62,Background,10240,5.70138,5.711033924,0.009653923999999314,1244,True
42,Background,102400,5.70258,5.74697509,0.04439509000000008,106400,True
64,Background,102400,5.70514,5.808586564,0.10344656399999952,1244,True
49,Background,10240,5.70663,5.872793965,0.16616396499999997,10838,True
50,Background,1024,5.7074,6.134182735,0.42678273500000063,1087892,True
59,Background,102400,5.70782,5.833592411,0.1257724109999998,10876994,True
53,Background,1048576,5.70783,5.824940419,0.11711041899999941,106400,True
50,Background,1048576,5.70825,5.741497756,0.03324775600000063,1244,True
71,Background,10240,5.70887,5.8739215,0.16505149999999968,10838,True
51,Background,1048576,5.70922,5.842113491,0.13289349099999992,10838,True
62,Background,1048576,5.7114,5.751418923,0.04001892299999987,106400,True
57,Background,1024,5.71266,5.852080952,0.13942095200000004,1244,True
58,Background,1048576,5.71721,5.757051845,0.03984184500000065,1087892,True
50,Background,10485760,5.71762,5.72528723,0.007667230000000025,10838,True
58,Background,1048576,5.71775,5.81668275,0.09893275000000035,10838,True
63,Background,10240,5.71941,5.883816832,0.16440683200000006,106400,True
59,Background,102400,5.72005,5.757051845,0.0370018450000007,1087892,True
54,Background,10240,5.72054,5.941502545,0.2209625449999999,10838,True
61,Background,102400,5.72067,5.785716251,0.06504625100000005,106400,True
56,Background,10240,5.7233,5.753583189,0.030283189000000377,10838,True
52,Background,1024,5.72342,5.972931066,0.24951106600000017,106400,True
57,Background,10485760,5.72374,5.753583189,0.02984318900000016,10838,True
59,Background,10485760,5.72489,5.81668275,0.09179274999999976,10838,True
56,Background,1048576,5.72522,5.751643264,0.026423263999999946,106400,True
47,Background,102400,5.72645,5.977486723,0.25103672300000035,1087892,True
63,Background,1024,5.72686,5.780654894,0.05379489400000015,106400,True
59,Background,10485760,5.72692,6.211425957,0.48450595700000054,1087892,True
57,Background,1024,5.72766,5.857486262,0.12982626199999991,1244,True
61,Background,1024,5.72971,5.931369972,0.20165997199999985,1087892,True
61,Background,10485760,5.72997,5.82471912,0.09474912000000035,10838,True
50,Background,10240,5.73074,5.768800917,0.03806091700000014,10838,True
62,Background,102400,5.73079,6.587533751,0.8567437509999998,10838,True
63,Background,1024,5.73176,6.587533751,0.8557737509999992,10838,True
67,Background,102400,5.73392,5.917600608,0.18368060799999952,10876994,True
56,Background,10485760,5.73515,5.903328017,0.1681780169999998,10876994,True
53,Background,1024,5.73777,5.972931066,0.23516106599999986,106400,True
70,Background,102400,5.73825,5.87653666,0.13828666000000034,10838,True
53,Background,1024,5.74007,5.745461572,0.005391571999999734,10838,True
65,Background,1024,5.74082,5.877461403,0.1366414029999996,1087892,True
51,Background,1024,5.74142,5.741497756,7.7756000000484e-05,1244,True
60,Background,102400,5.74791,5.81668275,0.06877274999999994,10838,True
44,Background,10240,5.75051,6.029835375,0.279325375,10838,True
62,Background,10485760,5.75258,5.931369972,0.1787899719999997,1087892,True
55,Background,1048576,5.75359,5.996757178,0.2431671780000002,1087892,True
54,Background,102400,5.75546,5.972931066,0.21747106599999988,106400,True
49,Background,102400,5.75775,5.846963046,0.08921304600000024,1244,True
52,Background,1024,5.75831,5.842113491,0.08380349100000029,10838,True
50,Background,1048576,5.75981,5.918748731,0.1589387310000001,10838,True
60,Background,10240,5.75988,5.795516517,0.03563651700000037,1087892,True
52,Background,10240,5.76013,5.909000101,0.14887010099999998,1087892,True
51,Background,102400,5.7629,5.768800917,0.00590091699999995,10838,True
56,Background,102400,5.76432,5.996757178,0.23243717800000052,1087892,True
49,Background,10240,5.7651,5.819103406,0.05400340599999964,10838,True
57,Background,102400,5.76869,6.031096988,0.2624069879999995,1087892,True
59,Background,1048576,5.76923,5.926494992,0.157264992,1244,True
71,Background,1048576,5.77185,5.87653666,0.10468666000000049,10838,True
57,Background,1048576,5.77234,5.996757178,0.22441717800000038,1087892,True
76,Background,1024,5.77266,6.141268835,0.36860883499999986,10838,True
53,Background,10240,5.77279,5.970816338,0.19802633800000002,10838,True
54,Background,102400,5.77353,5.824940419,0.05141041899999976,106400,True
64,Background,10240,5.77365,6.098331318,0.32468131799999966,10838,True
54,Background,102400,5.77412,5.99731321,0.2231932099999998,1244,True
63,Background,1048576,5.77444,6.081036164,0.3065961640000001,10838,True
62,Background,10485760,5.77486,5.933694177,0.15883417699999924,106400,True
68,Background,10240,5.77841,5.917600608,0.13919060799999983,10876994,True
43,Background,102400,5.77946,5.833608023,0.05414802299999977,10838,True
55,Background,1048576,5.78131,5.941502545,0.16019254499999924,10838,True
56,Background,10240,5.78409,5.941502545,0.15741254499999968,10838,True
63,Background,1024,5.78446,5.861650546,0.07719054599999975,1244,True
61,Background,102400,5.78551,5.81668275,0.031172749999999638,10838,True
60,Background,10240,5.7862,6.211425957,0.4252259570000003,1087892,True
61,Background,102400,5.78625,6.211425957,0.42517595700000044,1087892,True
57,Background,10240,5.78817,5.903328017,0.11515801699999972,10876994,True
64,Background,102400,5.78821,6.081036164,0.29282616400000006,10838,True
72,Background,1048576,5.78906,5.87653666,0.0874766600000001,10838,True
51,Background,102400,5.78947,5.877731653,0.088261653,106400,True
52,Background,102400,5.78973,5.887569567,0.0978395670000003,106400,True
52,Background,10240,5.79017,5.877731653,0.08756165299999985,106400,True
58,Background,1024,5.79196,6.031096988,0.23913698799999938,1087892,True
56,Background,102400,5.79361,5.80798167,0.014371670000000059,10838,True
55,Background,10240,5.79369,5.824940419,0.03125041900000003,106400,True
53,Background,102400,5.79483,5.887569567,0.09273956699999975,106400,True
84,Background,1048576,5.79576,5.850870093,0.05511009300000058,10838,True
61,Background,10240,5.79715,5.81698841,0.019838410000000195,10838,True
46,Background,10240,5.80171,5.96027834,0.15856834000000042,10876994,True
70,Background,102400,5.80342,5.882906526,0.07948652600000017,1244,True
63,Background,102400,5.80633,5.933694177,0.12736417699999958,106400,True
47,Background,1024,5.80752,6.062336823,0.25481682299999964,1244,True
45,Background,10240,5.8082,6.029835375,0.22163537499999997,10838,True
59,Background,1048576,5.80986,6.026057538,0.2161975380000003,10838,True
58,Background,102400,5.80986,5.857486262,0.04762626200000053,1244,True
73,Background,1048576,5.81153,5.87653666,0.06500665999999988,10838,True
58,Background,1048576,5.81203,6.00373538,0.19170538000000015,10876994,True
58,Background,1048576,5.81213,5.852080952,0.03995095199999987,1244,True
59,Background,1024,5.81514,5.857486262,0.04234626199999969,1244,True
59,Background,10240,5.81961,6.031096988,0.21148698799999988,1087892,True
53,Background,1048576,5.82008,5.877731653,0.05765165299999975,106400,True
69,Background,10240,5.82022,5.917600608,0.09738060799999992,10876994,True
60,Background,1048576,5.82211,6.225583927,0.4034739269999994,106400,True
54,Background,10240,5.82305,5.970816338,0.1477663379999994,10838,True
57,Background,102400,5.82325,5.963010122,0.1397601220000002,10838,True
50,Background,102400,5.82398,5.846963046,0.02298304600000023,1244,True
72,Background,1048576,5.82407,5.8739215,0.04985149999999994,10838,True
51,Background,102400,5.82431,5.981047635,0.1567376350000007,1244,True
57,Background,102400,5.82908,5.941502545,0.11242254499999937,10838,True
55,Background,1024,5.83107,5.880868964,0.049798963999999835,10838,True
65,Background,1024,5.83206,6.098331318,0.26627131799999937,10838,True
48,Background,1024,5.8327,6.062336823,0.22963682299999988,1244,True
60,Background,10240,5.83277,6.026057538,0.19328753799999987,10838,True
61,Background,10240,5.8336,6.026057538,0.1924575380000002,10838,True
61,Background,10240,5.83523,6.225583927,0.3903539269999996,106400,True
63,Background,10485760,5.83657,6.029284579,0.19271457899999955,106400,True
51,Background,104857600,5.83893,6.134182735,0.29525273500000004,1087892,True
53,Background,10240,5.84024,5.909000101,0.06876010100000052,1087892,True
54,Background,104857600,5.8432,5.887569567,0.0443695669999995,106400,True
57,Background,10485760,5.84508,6.069169441,0.2240894409999994,10838,True
58,Background,102400,5.8451,5.903328017,0.058228016999999355,10876994,True
58,Background,102400,5.84631,6.423318925,0.5770089250000003,10876994,True
62,Background,10240,5.84637,6.211425957,0.36505595700000004,1087892,True
58,Background,1024,5.84665,5.963010122,0.11636012199999968,10838,True
55,Background,102400,5.84718,5.887569567,0.04038956700000007,106400,True
60,Background,10240,5.84813,5.926494992,0.07836499200000002,1244,True
64,Background,10485760,5.84967,6.177783217,0.3281132170000003,1087892,True
56,Background,10240,5.85068,5.887569567,0.036889567000000234,106400,True
58,Background,10485760,5.86155,5.941502545,0.07995254499999938,10838,True
59,Background,102400,5.86328,6.009987015,0.1467070150000005,1087892,True
64,Background,1024,5.86357,6.280725012,0.41715501200000027,106400,True
62,Background,10240,5.87192,5.955927148,0.08400714799999953,106400,True
71,Background,1048576,5.87577,5.882906526,0.007136526000000032,1244,True
72,Background,10240,5.87751,5.882906526,0.005396526000000179,1244,True
58,Background,1024,5.87981,6.069169441,0.18935944099999968,10838,True
47,Background,1048576,5.884,5.96027834,0.07627834,10876994,True
62,Background,102400,5.88587,6.295003401,0.40913340100000006,10876994,True
54,Background,10240,5.88637,6.170707194,0.2843371939999999,106400,True
73,Background,1048576,5.88643,6.115011858,0.22858185800000008,1244,True
65,Background,10240,5.88671,6.177783217,0.2910732170000001,1087892,True
46,Background,1024,5.89252,6.029835375,0.13731537500000002,10838,True
62,Background,104857600,5.89255,5.95248014,0.05993013999999963,1244,True
62,Background,10485760,5.89486,6.026057538,0.13119753799999945,10838,True
62,Background,1024,5.89555,5.950646725,0.05509672500000029,10876994,True
63,Background,102400,5.8965,6.026057538,0.12955753800000025,10838,True
59,Background,1048576,5.8967,5.901650696,0.004950695999999866,106400,True
63,Background,1024,5.89727,6.211425957,0.31415595700000054,1087892,True
54,Background,10240,5.8986,5.909000101,0.010400101000000106,1087892,True
55,Background,1048576,5.90154,6.239852519,0.3383125190000005,106400,True
50,Background,1048576,5.90225,6.235340586,0.33309058599999997,1087892,True
52,Background,10240,5.90248,5.968660017,0.06618001700000065,1087892,True
59,Background,10485760,5.90468,6.00373538,0.09905538000000025,10876994,True
59,Background,1048576,5.90706,5.967501244,0.06044124399999973,106400,True
62,Background,10240,5.90761,6.225583927,0.3179739269999997,106400,True
51,Background,1048576,5.90849,6.235340586,0.32685058600000083,1087892,True
55,Background,1024,5.90903,5.99731321,0.08828321000000017,1244,True
66,Background,10240,5.9151,6.098331318,0.1832313179999998,10838,True
55,Background,10240,5.91618,5.972931066,0.05675106600000035,106400,True
55,Background,102400,5.91719,6.085736814,0.16854681399999993,1087892,True
62,Background,102400,5.91924,5.936598186,0.017358186000000053,10838,True
48,Background,10485760,5.91983,5.96027834,0.040448340000000194,10876994,True
52,Background,10240,5.92102,6.134182735,0.21316273500000005,1087892,True
64,Background,10240,5.92292,6.587533751,0.6646137509999992,10838,True
51,Background,102400,5.92415,6.131624577,0.20747457700000016,1087892,True
65,Background,10240,5.92417,6.587533751,0.6633637509999994,10838,True
65,Background,10485760,5.92506,6.025090428,0.10003042800000017,1244,True
56,Background,10240,5.92513,6.239852519,0.31472251900000003,106400,True
63,Background,1048576,5.92539,5.936598186,0.011208186000000175,10838,True
53,Background,102400,5.92639,6.350389433,0.42399943300000054,1087892,True
73,Background,1024,5.93029,6.309366312,0.3790763119999996,1244,True
52,Background,10240,5.93098,5.981047635,0.05006763500000044,1244,True
53,Background,10240,5.9311,5.968660017,0.037560017000000556,1087892,True
70,Background,102400,5.9325,6.210308193,0.27780819300000026,1244,True
57,Background,102400,5.93478,6.542006784,0.6072267839999999,108768230,True
56,Background,10240,5.93709,6.085736814,0.14864681399999924,1087892,True
51,Background,10240,5.93938,6.180507391,0.24112739100000002,108768230,True
64,Background,10485760,5.94146,5.946257292,0.00479729200000012,1244,True
66,Background,102400,5.94232,6.025090428,0.08277042800000078,1244,True
85,Background,102400,5.94362,6.303544976,0.3599249760000003,1087892,True
52,Background,1048576,5.94367,6.131624577,0.18795457700000018,1087892,True
60,Background,10240,5.94387,5.967815123,0.023945122999999846,10838,True
58,Background,10240,5.94991,5.996757178,0.046847178000000156,1087892,True
60,Background,102400,5.95099,6.009407149,0.05841714900000028,1087892,True
56,Background,1024,5.95122,6.008496991,0.057276991000000166,10876994,True
65,Background,102400,5.95286,6.081036164,0.1281761640000001,10838,True
56,Background,10485760,5.95402,6.120304691,0.16628469100000043,1087892,True
66,Background,102400,5.95465,6.343832889,0.38918288899999975,10876994,True
63,Background,1024,5.95732,6.102138518,0.14481851800000012,1087892,True
64,Background,1024,5.95925,6.026057538,0.06680753799999994,10838,True
53,Background,1024,5.96051,5.981047635,0.020537635000000165,1244,True
64,Background,1024,5.96079,6.18104944,0.22025943999999953,106400,True
60,Background,1048576,5.9618,6.250648511,0.2888485109999994,1244,True
67,Background,1048576,5.96194,6.343832889,0.3818928889999995,10876994,True
61,Background,10240,5.9642,5.986418463,0.022218462999999744,106400,True
56,Background,10240,5.96596,5.972931066,0.006971066000000192,106400,True
57,Background,1048576,5.96636,6.008496991,0.04213699100000046,10876994,True
59,Background,102400,5.9692,6.690150588,0.720950588,10838,True
58,Background,104857600,5.96923,6.542006784,0.5727767840000002,108768230,True
52,Background,10485760,5.97299,6.469452823,0.4964628229999999,10876994,True
62,Background,102400,5.97849,5.986418463,0.00792846299999983,106400,True
48,Background,10240,5.9801,6.11542316,0.13532315999999955,1087892,True
74,Background,10485760,5.98184,6.115011858,0.13317185799999987,1244,True
65,Background,10240,5.98243,6.026057538,0.043627537999999966,10838,True
60,Background,102400,5.98419,6.235774655,0.25158465500000027,10838,True
59,Background,1024,5.98547,6.116184738,0.130714738,1087892,True
60,Background,102400,5.98576,6.050348313,0.06458831299999979,1087892,True
68,Background,10240,5.98705,6.120010835,0.13296083500000044,10838,True
68,Background,10240,5.98918,6.343832889,0.3546528889999996,10876994,True
63,Background,1024,5.98965,6.225583927,0.2359339269999996,106400,True
65,Background,1024,5.99148,6.18104944,0.18956943999999964,106400,True
66,Background,10485760,5.99364,6.18104944,0.1874094399999997,106400,True
59,Background,102400,5.99599,6.542006784,0.5460167839999999,108768230,True
64,Background,1048576,5.99809,6.211425957,0.21333595699999996,1087892,True
57,Background,1048576,5.99964,6.239852519,0.24021251899999996,106400,True
69,Background,1048576,6.00243,6.120010835,0.11758083500000005,10838,True
67,Background,1048576,6.00277,6.18104944,0.17827943999999984,106400,True
53,Background,10240,6.00326,6.131624577,0.12836457700000015,1087892,True
65,Background,102400,6.00536,6.280725012,0.27536501200000085,106400,True
60,Background,1024,6.01062,6.542006784,0.5313867839999995,108768230,True
64,Background,10240,6.01073,6.102138518,0.0914085180000006,1087892,True
51,Background,102400,6.01285,6.326318993,0.31346899299999986,1244,True
71,Background,10240,6.01298,6.210308193,0.1973281930000006,1244,True
67,Background,1048576,6.01316,6.098331318,0.08517131799999955,10838,True
55,Background,1024,6.01548,6.030963424,0.015483424000000134,106400,True
66,Background,1048576,6.0169,6.081036164,0.06413616400000066,10838,True
66,Background,1024,6.01862,6.587533751,0.5689137509999993,10838,True
61,Background,1048576,6.021,6.250648511,0.22964851099999972,1244,True
67,Background,102400,6.02179,6.025090428,0.0033004280000001884,1244,True
57,Background,102400,6.02265,6.27412745,0.2514774500000003,108768230,True
74,Background,102400,6.02668,6.309366312,0.28268631200000005,1244,True
65,Background,102400,6.03063,6.211425957,0.18079595699999995,1087892,True
77,Background,10240,6.03577,6.141268835,0.10549883499999968,10838,True
47,Background,10485760,6.03675,6.54878728,0.5120372800000004,106400,True
66,Background,102400,6.0414,6.211425957,0.170025957,1087892,True
52,Background,10240,6.04218,6.326318993,0.284138993,1244,True
64,Background,102400,6.04285,6.225583927,0.18273392700000013,106400,True
49,Background,1048576,6.04386,6.11542316,0.07156316000000018,1087892,True
59,Background,10240,6.04444,6.423318925,0.3788789250000004,10876994,True
86,Background,10240,6.04486,6.303544976,0.2586849760000005,1087892,True
75,Background,1048576,6.04599,6.115011858,0.06902185800000016,1244,True
60,Background,102400,6.04743,6.147295412,0.09986541199999976,10838,True
59,Background,10240,6.05265,6.069169441,0.0165194409999998,10838,True
67,Background,10240,6.05269,6.587533751,0.5348437509999995,10838,True
56,Background,10240,6.05336,6.082727428,0.029367428000000473,10838,True
66,Background,1024,6.05421,6.177783217,0.12357321699999968,1087892,True
87,Background,10240,6.05701,6.303544976,0.2465349760000004,1087892,True
70,Background,102400,6.05853,6.120010835,0.061480835000000233,10838,True
76,Background,102400,6.06294,6.115011858,0.05207185799999969,1244,True
69,Background,10485760,6.06329,6.343832889,0.28054288899999946,10876994,True
63,Background,102400,6.06438,6.354213477,0.2898334770000002,10876994,True
66,Background,1048576,6.06569,6.280725012,0.21503501200000041,106400,True
57,Background,104857600,6.06615,6.120304691,0.05415469099999992,1087892,True
53,Background,1048576,6.06691,6.134182735,0.06727273500000042,1087892,True
61,Background,1024,6.06713,6.338435707,0.2713057070000007,106400,True
78,Background,10240,6.06889,6.141268835,0.07237883500000031,10838,True
66,Background,102400,6.07245,6.184843472,0.11239347199999994,10838,True
53,Background,1048576,6.07423,6.326318993,0.2520889930000001,1244,True
68,Background,102400,6.07488,6.18104944,0.1061694399999995,106400,True
57,Background,104857600,6.08113,6.085736814,0.004606813999999737,1087892,True
68,Background,1048576,6.08177,6.098331318,0.016561317999999936,10838,True
61,Background,1048576,6.0862,6.235774655,0.14957465500000033,10838,True
63,Background,102400,6.08893,6.668914572,0.5799845719999999,10838,True
61,Background,1048576,6.09611,6.542006784,0.44589678399999944,108768230,True
67,Background,10485760,6.09628,6.184843472,0.0885634719999997,10838,True
54,Background,1024,6.09887,6.130040465,0.031170465000000647,1244,True
58,Background,1048576,6.09902,6.239852519,0.14083251899999993,106400,True
55,Background,1024,6.09975,6.170707194,0.070957194,106400,True
75,Background,10240,6.10652,6.309366312,0.20284631200000014,1244,True
88,Background,1024,6.10743,6.303544976,0.1961149760000005,1087892,True
60,Background,102400,6.11371,6.116184738,0.0024747380000000874,1087892,True
58,Background,1048576,6.11478,6.346401641,0.23162164100000027,1087892,True
58,Background,1048576,6.1153,6.120304691,0.0050046909999998945,1087892,True
59,Background,102400,6.12049,6.594338582,0.4738485819999996,10838,True
60,Background,102400,6.12096,6.423318925,0.30235892500000006,10876994,True
60,Background,10485760,6.12276,6.160501733,0.03774173299999983,1244,True
62,Background,102400,6.12278,6.542006784,0.41922678400000013,108768230,True
59,Background,1048576,6.12651,6.239852519,0.11334251900000059,106400,True
61,Background,102400,6.12862,6.147295412,0.018675412000000335,10838,True
58,Background,1024,6.12907,6.207367791,0.07829779100000067,1087892,True
62,Background,104857600,6.12934,6.338435707,0.20909570700000035,106400,True
57,Background,102400,6.12952,6.282392577,0.15287257700000012,1244,True
54,Background,10240,6.13381,6.164397148,0.03058714799999951,1244,True
63,Background,102400,6.13408,6.338435707,0.2043557070000004,106400,True
72,Background,1024,6.13439,6.210308193,0.07591819300000058,1244,True
61,Background,1048576,6.13462,6.160501733,0.025881733000000295,1244,True
54,Background,1048576,6.13525,6.326318993,0.19106899300000002,1244,True
61,Background,10240,6.13727,6.416755493,0.27948549300000014,10838,True
55,Background,10240,6.13914,6.351145289,0.21200528899999949,106400,True
68,Background,10485760,6.14411,6.223139407,0.07902940699999927,10838,True
54,Background,102400,6.1442,6.779727226,0.6355272260000007,10838,True
68,Background,102400,6.14514,6.587533751,0.442393751,10838,True
65,Background,102400,6.14748,6.431740493,0.28426049300000056,106400,True
56,Background,1024,6.14965,6.428935259,0.2792852589999999,10838,True
67,Background,102400,6.15013,6.280725012,0.13059501200000057,106400,True
62,Background,1024,6.15199,6.776083948,0.6240939480000005,106400,True
55,Background,10240,6.15454,6.326318993,0.1717789930000002,1244,True
63,Background,1048576,6.15678,6.285508673,0.12872867299999946,1244,True
62,Background,10485760,6.15727,6.41953578,0.2622657800000008,106400,True
303,Incast,500000,6.159023688,6.175883744,0.016860055999999624,518738,False
351,Incast,500000,6.159023688,6.17086031,0.011836621999999686,518738,False
300,Incast,500000,6.159023688,6.177786254,0.01876256599999948,518738,False
352,Incast,500000,6.159023688,6.16981298,0.010789291999999229,518738,False
353,Incast,500000,6.159023688,6.175833404,0.016809715999999142,518738,False
354,Incast,500000,6.159023688,6.176777618,0.017753929999999585,518738,False
355,Incast,500000,6.159023688,6.172787065,0.013763376999999188,518738,False
357,Incast,500000,6.159023688,6.171705069,0.01268138099999927,518738,False
358,Incast,500000,6.159023688,6.174866365,0.015842676999999306,518738,False
359,Incast,500000,6.159023688,6.172131551,0.01310786299999922,518738,False
316,Incast,500000,6.159023688,6.174144885,0.015121196999999142,518738,False
301,Incast,500000,6.159023688,6.177044085,0.01802039699999991,518738,False
302,Incast,500000,6.159023688,6.176674691,0.01765100299999922,518738,False
356,Incast,500000,6.159023688,6.173103398,0.014079709999999857,518738,False
349,Incast,500000,6.159023688,6.169712774,0.010689085999999293,518738,False
317,Incast,500000,6.159023688,6.170109915,0.011086226999999838,518738,False
347,Incast,500000,6.159023688,6.177321932,0.018298243999999464,518738,False
310,Incast,500000,6.159023688,6.168788183,0.009764494999999762,518738,False
331,Incast,500000,6.159023688,6.178253426,0.01922973799999994,518738,False
330,Incast,500000,6.159023688,6.176404137,0.017380448999999132,518738,False
329,Incast,500000,6.159023688,6.172658232,0.013634543999999416,518738,False
328,Incast,500000,6.159023688,6.177620717,0.018597028999999488,518738,False
348,Incast,500000,6.159023688,6.177578614,0.018554925999999305,518738,False
326,Incast,500000,6.159023688,6.176112377,0.01708868899999949,518738,False
325,Incast,500000,6.159023688,6.177692702,0.01866901399999943,518738,False
324,Incast,500000,6.159023688,6.17738073,0.01835704199999988,518738,False
309,Incast,500000,6.159023688,6.176710601,0.01768691299999947,518738,False
311,Incast,500000,6.159023688,6.175647128,0.016623439999999157,518738,False
313,Incast,500000,6.159023688,6.163221844,0.004198155999999287,518738,False
323,Incast,500000,6.159023688,6.171581749,0.012558060999999121,518738,False
322,Incast,500000,6.159023688,6.17732209,0.018298401999999214,518738,False
321,Incast,500000,6.159023688,6.173339387,0.01431569899999996,518738,False
314,Incast,500000,6.159023688,6.174914142,0.015890454,518738,False
315,Incast,500000,6.159023688,6.176986207,0.017962518999999233,518738,False
320,Incast,500000,6.159023688,6.177989671,0.018965982999999298,518738,False
319,Incast,500000,6.159023688,6.172970965,0.013947276999999758,518738,False
318,Incast,500000,6.159023688,6.176494428,0.017470739999999374,518738,False
312,Incast,500000,6.159023688,6.177386538,0.01836284999999993,518738,False
308,Incast,500000,6.159023688,6.17116927,0.0121455819999996,518738,False
327,Incast,500000,6.159023688,6.17218029,0.013156601999999573,518738,False
333,Incast,500000,6.159023688,6.174760229,0.015736540999999882,518738,False
304,Incast,500000,6.159023688,6.171538465,0.01251477699999981,518738,False
346,Incast,500000,6.159023688,6.168099787,0.009076098999999616,518738,False
345,Incast,500000,6.159023688,6.171677013,0.012653324999999604,518738,False
344,Incast,500000,6.159023688,6.175706262,0.01668257399999984,518738,False
343,Incast,500000,6.159023688,6.169033651,0.0100099629999999,518738,False
305,Incast,500000,6.159023688,6.175862422,0.016838733999999356,518738,False
306,Incast,500000,6.159023688,6.172203536,0.013179847999999161,518738,False
332,Incast,500000,6.159023688,6.175441031,0.01641734299999964,518738,False
307,Incast,500000,6.159023688,6.176811927,0.017788238999999706,518738,False
342,Incast,500000,6.159023688,6.171815857,0.012792168999999909,518738,False
341,Incast,500000,6.159023688,6.166622565,0.007598876999999504,518738,False
340,Incast,500000,6.159023688,6.173931967,0.014908278999999247,518738,False
350,Incast,500000,6.159023688,6.171613551,0.012589862999999646,518738,False
338,Incast,500000,6.159023688,6.176686393,0.017662704999999335,518738,False
337,Incast,500000,6.159023688,6.174138474,0.015114785999999825,518738,False
339,Incast,500000,6.159023688,6.171308272,0.012284583999999654,518738,False
336,Incast,500000,6.159023688,6.177105811,0.01808212299999923,518738,False
334,Incast,500000,6.159023688,6.177686291,0.018662602999999223,518738,False
335,Incast,500000,6.159023688,6.174843119,0.015819430999999717,518738,False
60,Background,10240,6.15924,6.239852519,0.08061251900000066,106400,True
67,Background,102400,6.16143,6.211425957,0.049995957000000146,1087892,True
89,Background,1048576,6.1617,6.303544976,0.14184497600000068,1087892,True
52,Background,10240,6.1618,6.273431754,0.11163175399999936,1244,True
56,Background,10240,6.16253,6.170707194,0.008177193999999943,106400,True
48,Background,1024,6.16681,6.54878728,0.3819772800000001,106400,True
62,Background,1024,6.1687,6.235774655,0.06707465499999987,10838,True
55,Background,1048576,6.17097,6.779727226,0.6087572260000007,10838,True
63,Background,1024,6.1806,6.41953578,0.23893578000000026,106400,True
54,Background,102400,6.18076,6.350389433,0.16962943299999989,1087892,True
52,Background,1048576,6.18096,6.235340586,0.05438058600000062,1087892,True
58,Background,1048576,6.18117,6.385028013,0.2038580130000005,106400,True
57,Background,102400,6.18522,6.207348149,0.022128149000000263,10876994,True
60,Background,10485760,6.18807,6.690150588,0.5020805880000001,10838,True
68,Background,102400,6.18876,6.211425957,0.02266595700000007,1087892,True
54,Background,102400,6.19239,6.437332026,0.24494202600000037,1087892,True
90,Background,1048576,6.19464,6.303544976,0.10890497600000071,1087892,True
61,Background,10240,6.1947,6.690150588,0.49545058799999975,10838,True
62,Background,102400,6.19776,6.250648511,0.052888510999999916,1244,True
50,Background,102400,6.19835,6.272298526,0.07394852600000057,106400,True
51,Background,1048576,6.19882,6.272298526,0.07347852599999971,106400,True
68,Background,102400,6.20081,6.372106061,0.1712960610000005,1087892,True
64,Background,1048576,6.20126,6.351485445,0.15022544499999935,106400,True
67,Background,102400,6.20137,6.833204028,0.6318340280000001,10838,True
63,Background,1024,6.20275,6.250648511,0.047898510999999644,1244,True
69,Background,102400,6.20326,6.223139407,0.01987940699999946,10838,True
61,Background,102400,6.20349,6.316787319,0.11329731899999995,1244,True
64,Background,102400,6.20482,6.405795229,0.20097522899999998,1087892,True
76,Background,102400,6.20973,6.309366312,0.09963631199999945,1244,True
62,Background,1048576,6.21007,6.690150588,0.48008058799999986,10838,True
79,Background,102400,6.21037,6.231184495,0.020814494999999766,1087892,True
69,Background,102400,6.21116,6.372106061,0.16094606100000064,1087892,True
77,Background,102400,6.21408,6.309366312,0.09528631199999982,1244,True
66,Background,10485760,6.21419,6.431740493,0.21755049300000007,106400,True
78,Background,102400,6.21476,6.309366312,0.0946063119999998,1244,True
74,Background,102400,6.2151,6.484589876,0.2694898760000006,106400,True
61,Background,1048576,6.2154,6.239852519,0.02445251900000045,106400,True
52,Background,10240,6.21656,6.272298526,0.055738525999999844,106400,True
59,Background,102400,6.21969,6.457716998,0.2380269980000005,1087892,True
63,Background,1024,6.22247,6.542006784,0.3195367839999994,108768230,True
73,Background,1048576,6.22339,6.263492632,0.04010263199999997,1244,True
70,Background,1024,6.22508,6.343832889,0.11875288899999958,10876994,True
65,Background,10485760,6.22909,6.453440856,0.22435085600000004,10838,True
68,Background,1048576,6.23001,6.833204028,0.6031940279999999,10838,True
77,Background,102400,6.23129,6.26188576,0.03059575999999975,10838,True
53,Background,10485760,6.23214,6.235340586,0.003200586000000172,1087892,True
60,Background,10240,6.23224,6.594338582,0.3620985819999998,10838,True
59,Background,102400,6.23535,6.385028013,0.14967801299999994,106400,True
74,Background,10485760,6.23548,6.263492632,0.02801263200000026,1244,True
64,Background,102400,6.23575,6.338435707,0.10268570700000001,106400,True
59,Background,102400,6.23714,6.337708811,0.10056881099999959,106400,True
64,Background,102400,6.23899,6.250648511,0.011658510999999372,1244,True
66,Background,10240,6.2393,6.453440856,0.2141408560000002,10838,True
60,Background,10240,6.24008,6.337708811,0.09762881099999987,106400,True
70,Background,1048576,6.24817,6.495575925,0.2474059249999998,10838,True
64,Background,10240,6.24878,6.285508673,0.03672867299999982,1244,True
62,Background,10240,6.25238,6.416755493,0.16437549300000054,10838,True
62,Background,10240,6.25294,6.316787319,0.06384731900000062,1244,True
59,Background,10240,6.25475,6.346401641,0.09165164100000034,1087892,True
68,Background,1024,6.25503,6.280725012,0.025695012000000794,106400,True
64,Background,102400,6.25847,6.354213477,0.09574347700000008,10876994,True
55,Background,102400,6.2591,6.437332026,0.17823202599999988,1087892,True
69,Background,1048576,6.25918,6.263053118,0.003873118000000453,106400,True
69,Background,1048576,6.26312,6.280725012,0.01760501200000064,106400,True
61,Background,102400,6.26427,6.423318925,0.15904892500000045,10876994,True
56,Background,1048576,6.26542,6.326318993,0.060898993000000345,1244,True
78,Background,10240,6.26568,6.624653792,0.35897379200000046,106400,True
67,Background,1048576,6.26697,6.431740493,0.16477049300000068,106400,True
71,Background,10240,6.26831,6.495575925,0.2272659250000002,10838,True
49,Background,1048576,6.26998,6.54878728,0.27880727999999966,106400,True
64,Background,10240,6.27275,6.668914572,0.396164572,10838,True
63,Background,10485760,6.27379,6.295003401,0.0212134009999998,10876994,True
91,Background,1048576,6.2751,6.303544976,0.028444976000000288,1087892,True
61,Background,102400,6.27546,6.337708811,0.062248810999999904,106400,True
60,Background,1024,6.27551,6.385028013,0.10951801300000064,106400,True
50,Background,1024,6.27589,6.54878728,0.2728972799999996,106400,True
64,Background,10485760,6.27792,6.542006784,0.26408678399999985,108768230,True
65,Background,102400,6.27833,6.338435707,0.06010570699999995,106400,True
60,Background,102400,6.27878,6.457716998,0.17893699800000018,1087892,True
61,Background,1048576,6.27945,6.457716998,0.17826699800000068,1087892,True
60,Background,102400,6.28443,6.531683706,0.24725370599999952,108768230,True
63,Background,1048576,6.28665,6.295943154,0.00929315399999986,1244,True
68,Background,102400,6.28903,6.431740493,0.14271049300000005,106400,True
59,Background,10485760,6.28956,6.90950293,0.6199429300000006,106400,True
57,Background,10240,6.2899,6.428935259,0.1390352589999999,10838,True
71,Background,10240,6.29,6.366341925,0.07634192500000037,10838,True
65,Background,102400,6.2906,6.542006784,0.2514067839999994,108768230,True
60,Background,102400,6.2909,6.346401641,0.05550164100000021,1087892,True
57,Background,102400,6.29168,6.326318993,0.03463899299999973,1244,True
60,Background,102400,6.29178,6.90950293,0.6177229300000002,106400,True
63,Background,1024,6.29248,6.690150588,0.39767058799999955,10838,True
65,Background,10240,6.29298,6.535063634,0.2420836340000001,106400,True
69,Background,102400,6.29435,6.557310558,0.2629605580000005,1244,True
72,Background,10485760,6.29513,6.366341925,0.07121192500000006,10838,True
65,Background,102400,6.29669,6.405795229,0.10910522899999986,1087892,True
75,Background,102400,6.29708,6.313531492,0.016451491999999845,10838,True
62,Background,102400,6.30266,6.598310084,0.29565008400000004,106400,True
79,Background,1024,6.30378,6.309366312,0.005586312000000149,1244,True
75,Background,102400,6.30548,6.484589876,0.17910987600000006,106400,True
66,Background,102400,6.30555,6.338435707,0.03288570700000015,106400,True
49,Background,10240,6.30555,6.56407838,0.25852837999999956,1244,True
80,Background,10240,6.30657,6.309366312,0.0027963120000000785,1244,True
65,Background,1024,6.31342,6.331823808,0.01840380800000041,106400,True
71,Background,102400,6.31346,6.343832889,0.03037288899999968,10876994,True
58,Background,102400,6.31351,6.428935259,0.11542525900000022,10838,True
65,Background,1024,6.31517,6.354213477,0.03904347699999988,10876994,True
59,Background,1048576,6.31635,6.428935259,0.11258525900000027,10838,True
63,Background,1048576,6.31712,6.666822169,0.3497021689999995,1087892,True
51,Background,102400,6.31842,6.54878728,0.23036728000000029,106400,True
66,Background,10485760,6.31857,6.542006784,0.22343678399999956,108768230,True
64,Background,102400,6.31924,6.690150588,0.3709105880000001,10838,True
55,Background,1048576,6.31981,6.364066765,0.0442567649999992,106400,True
65,Background,1024,6.32141,6.351485445,0.03007544499999959,106400,True
76,Background,102400,6.32218,6.410768763,0.08858876299999974,10876994,True
61,Background,1024,6.32236,6.594338582,0.271978582,10838,True
70,Background,102400,6.32394,6.557310558,0.23337055799999984,1244,True
81,Background,10240,6.32436,6.440353759,0.11599375899999931,10838,True
64,Background,102400,6.3273,6.475054869,0.1477548689999999,106400,True
69,Background,1024,6.33007,6.833204028,0.5031340279999998,10838,True
55,Background,102400,6.33126,7.194553743,0.8632937429999998,1244,True
66,Background,102400,6.33179,6.405795229,0.07400522899999995,1087892,True
76,Background,10240,6.33495,6.484589876,0.14963987600000017,106400,True
67,Background,102400,6.33523,6.338435707,0.003205707000000224,106400,True
69,Background,102400,6.33594,6.431740493,0.09580049300000049,106400,True
56,Background,1048576,6.34062,7.194553743,0.8539337429999998,1244,True
67,Background,1048576,6.34093,6.453440856,0.1125108560000001,10838,True
62,Background,10485760,6.34277,6.423318925,0.08054892500000044,10876994,True
65,Background,10485760,6.34721,6.475054869,0.12784486900000047,106400,True
56,Background,10240,6.34772,6.364066765,0.016346764999999763,106400,True
58,Background,102400,6.34915,6.505695002,0.15654500200000054,106400,True
50,Background,1048576,6.34927,6.538612672,0.18934267200000043,10838,True
53,Background,10240,6.35236,6.469452823,0.11709282300000012,10876994,True
61,Background,1024,6.35243,6.385028013,0.032598013000000314,106400,True
71,Background,10485760,6.35256,6.557310558,0.20475055799999975,1244,True
61,Background,1024,6.35339,6.357203245,0.0038132449999999096,1087892,True
62,Background,10240,6.35418,6.457709406,0.10352940599999982,10838,True
64,Background,102400,6.35601,6.41953578,0.06352577999999998,106400,True
56,Background,10240,6.35927,6.437332026,0.07806202599999956,1087892,True
49,Background,1024,6.36254,6.616385704,0.25384570399999973,10838,True
66,Background,1024,6.36287,6.475054869,0.11218486900000002,106400,True
67,Background,102400,6.36525,6.475054869,0.10980486900000042,106400,True
63,Background,1024,6.36996,6.776083948,0.4061239480000003,106400,True
65,Background,10240,6.37057,6.690150588,0.319580588,10838,True
64,Background,1048576,6.37103,6.434550365,0.06352036499999958,10838,True
72,Background,10240,6.37342,6.557310558,0.18389055799999987,1244,True
67,Background,1048576,6.37556,6.680380596,0.3048205959999999,10838,True
65,Background,102400,6.37679,6.668914572,0.2921245720000005,10838,True
70,Background,1024,6.38335,6.524068669,0.14071866899999996,1087892,True
64,Background,102400,6.38337,6.666822169,0.28345216899999937,1087892,True
70,Background,10240,6.38431,6.508764762,0.12445476200000005,1087892,True
57,Background,102400,6.38594,7.194553743,0.8086137430000004,1244,True
65,Background,1024,6.3877,6.61754441,0.2298444100000001,106400,True
57,Background,1024,6.38894,6.580626318,0.19168631800000036,106400,True
68,Background,102400,6.38946,6.453440856,0.06398085600000059,10838,True
59,Background,10240,6.39002,6.505695002,0.11567500200000058,106400,True
44,Background,10240,6.39019,6.512619981,0.12242998100000069,1244,True
68,Background,102400,6.39376,6.680380596,0.28662059599999967,10838,True
62,Background,102400,6.39393,6.594338582,0.20040858199999967,10838,True
73,Background,10240,6.3945,6.494085581,0.09958558100000037,106400,True
71,Background,1024,6.39564,6.524068669,0.12842866899999983,1087892,True
61,Background,1048576,6.39636,6.90950293,0.5131429300000008,106400,True
69,Background,10240,6.40253,6.453440856,0.05091085600000067,10838,True
51,Background,10240,6.40321,6.538612672,0.13540267200000056,10838,True
57,Background,10240,6.40404,6.437332026,0.03329202599999981,1087892,True
60,Background,102400,6.40467,6.428935259,0.024265258999999872,10838,True
65,Background,1048576,6.40541,6.666822169,0.26141216899999975,1087892,True
53,Background,102400,6.40593,6.519007914,0.11307791400000067,1087892,True
62,Background,102400,6.40617,6.457716998,0.051546998000000066,1087892,True
55,Background,102400,6.40736,6.706019529,0.29865952900000003,1244,True
63,Background,1048576,6.40883,6.598310084,0.18948008400000038,106400,True
58,Background,10240,6.40923,7.194553743,0.7853237430000002,1244,True
63,Background,1024,6.41251,6.530479613,0.11796961299999964,106400,True
77,Background,1048576,6.41317,6.750736779,0.3375667790000003,1087892,True
66,Background,102400,6.41458,6.666822169,0.2522421689999996,1087892,True
54,Background,10240,6.41734,6.469452823,0.052112822999999864,10876994,True
53,Background,1024,6.41843,6.603759144,0.18532914399999978,10838,True
66,Background,10240,6.41911,6.429700613,0.010590612999999749,10838,True
45,Background,102400,6.42022,6.512619981,0.09239998100000069,1244,True
61,Background,10240,6.42083,6.453052157,0.03222215700000053,106400,True
54,Background,10240,6.42149,6.603759144,0.18226914399999927,10838,True
64,Background,102400,6.42168,6.598310084,0.17663008400000013,106400,True
77,Background,10240,6.42436,6.484589876,0.06022987600000018,106400,True
67,Background,1048576,6.42505,6.666822169,0.24177216899999987,1087892,True
63,Background,10240,6.42672,6.450795077,0.024075077,10838,True
65,Background,102400,6.42736,6.598310084,0.17095008400000022,106400,True
66,Background,1048576,6.42855,6.668914572,0.24036457199999983,10838,True
67,Background,102400,6.42891,6.429700613,0.000790612999999496,10838,True
62,Background,1048576,6.43299,6.90950293,0.47651293000000017,106400,True
54,Background,102400,6.4345,6.525226809,0.09072680900000041,1087892,True
82,Background,1024,6.43547,6.440353759,0.004883759000000154,10838,True
55,Background,1048576,6.4381,6.603759144,0.16565914399999926,10838,True
66,Background,1024,6.43928,6.494873293,0.055593293000000266,1244,True
63,Background,1048576,6.43959,6.527945613,0.08835561300000006,106400,True
56,Background,102400,6.44074,6.779727226,0.3389872260000004,10838,True
70,Background,10240,6.44148,6.958474771,0.5169947709999994,106400,True
74,Background,102400,6.44324,6.494085581,0.05084558099999992,106400,True
64,Background,102400,6.44362,6.530479613,0.08685961299999967,106400,True
70,Background,10485760,6.44406,6.657459882,0.21339988200000004,106400,True
56,Background,1024,6.44512,6.706019529,0.2608995289999996,1244,True
71,Background,10240,6.44823,6.657459882,0.2092298820000007,106400,True
66,Background,10240,6.44976,6.61754441,0.16778440999999944,106400,True
54,Background,10485760,6.45188,6.519007914,0.06712791400000029,1087892,True
70,Background,102400,6.45514,6.833204028,0.37806402799999983,10838,True
72,Background,1048576,6.45538,6.715640224,0.2602602240000005,1087892,True
55,Background,10240,6.45653,6.519007914,0.06247791400000047,1087892,True
64,Background,102400,6.4568,6.490740701,0.033940700999999684,1087892,True
50,Background,102400,6.45832,6.616385704,0.1580657040000002,10838,True
63,Background,1048576,6.45855,6.90950293,0.4509529300000006,106400,True
60,Background,102400,6.45861,6.505695002,0.04708500200000021,106400,True
65,Background,10240,6.45947,6.530479613,0.0710096130000002,106400,True
67,Background,102400,6.46048,6.494873293,0.034393293000000824,1244,True
63,Background,102400,6.46168,6.649773898,0.18809389799999998,10838,True
62,Background,1048576,6.46324,6.5283227,0.06508270000000049,10838,True
52,Background,102400,6.46404,6.54878728,0.0847472800000002,106400,True
63,Background,1048576,6.46414,6.5283227,0.06418269999999993,10838,True
69,Background,1048576,6.46533,6.680380596,0.2150505960000002,10838,True
72,Background,102400,6.46612,6.495575925,0.029455924999999716,10838,True
46,Background,1048576,6.46801,6.512619981,0.04460998100000069,1244,True
61,Background,1048576,6.46864,6.571605526,0.1029655260000002,106400,True
68,Background,1048576,6.46873,6.711364197,0.2426341970000001,108768230,True
64,Background,104857600,6.46958,6.776083948,0.30650394800000047,106400,True
57,Background,1048576,6.47003,6.706019529,0.23598952899999937,1244,True
64,Background,102400,6.47251,6.649773898,0.17726389800000053,10838,True
73,Background,10485760,6.47361,6.715640224,0.24203022400000052,1087892,True
62,Background,102400,6.47513,6.571605526,0.09647552599999987,106400,True
65,Background,10240,6.47531,6.649773898,0.17446389799999995,10838,True
58,Background,10240,6.47807,6.706019529,0.22794952899999998,1244,True
61,Background,1048576,6.48004,6.505695002,0.025655002000000593,106400,True
67,Background,10240,6.48197,6.61754441,0.13557441000000026,106400,True
71,Background,1024,6.4823,6.958474771,0.4761747709999993,106400,True
79,Background,10240,6.48247,6.624653792,0.14218379199999998,106400,True
66,Background,1048576,6.4863,6.530479613,0.04417961299999984,106400,True
62,Background,1024,6.48636,6.505695002,0.019335002000000046,106400,True
63,Background,1024,6.48684,6.977107635,0.49026763500000037,10838,True
47,Background,1024,6.4883,6.512619981,0.024319981000000546,1244,True
58,Background,1048576,6.48851,6.521058282,0.032548282000000484,106400,True
73,Background,10240,6.48865,6.557310558,0.06866055800000037,1244,True
78,Background,102400,6.48995,6.750736779,0.260786779,1087892,True
66,Background,102400,6.49171,6.649773898,0.15806389799999998,10838,True
57,Background,10485760,6.49251,6.779727226,0.2872172260000001,10838,True
59,Background,1048576,6.4931,6.706019529,0.21291952899999966,1244,True
68,Background,102400,6.49408,6.61754441,0.12346440999999952,106400,True
56,Background,102400,6.49515,6.519007914,0.02385791400000059,1087892,True
59,Background,10240,6.49531,6.521058282,0.025748282000000344,106400,True
50,Background,102400,6.49951,6.56407838,0.06456837999999987,1244,True
53,Background,1024,6.5081,6.54878728,0.040687280000000214,106400,True
58,Background,1048576,6.50898,6.579470518,0.07049051799999972,1244,True
63,Background,102400,6.5109,6.571605526,0.060705525999999566,106400,True
69,Background,102400,6.51117,6.587533751,0.0763637509999997,10838,True
75,Background,10240,6.51149,7.019960622,0.5084706219999999,1087892,True
70,Background,1048576,6.51629,7.24642719,0.7301371900000007,10838,True
65,Background,102400,6.51645,6.776083948,0.2596339480000003,106400,True
66,Background,102400,6.5179,6.776083948,0.2581839480000001,106400,True
79,Background,10240,6.51869,6.750736779,0.23204677900000004,1087892,True
67,Background,102400,6.52022,6.668914572,0.14869457200000014,10838,True
68,Background,10485760,6.52033,6.718425026,0.19809502599999984,1244,True
68,Background,1048576,6.52131,6.532703307,0.011393307000000519,1087892,True
66,Background,10485760,6.52298,7.196785815,0.6738058150000006,10838,True
63,Background,1024,6.52324,6.580252438,0.05701243799999922,1244,True
71,Background,102400,6.5237,6.833204028,0.3095040280000001,10838,True
61,Background,102400,6.52797,6.680770533,0.15280053299999974,106400,True
92,Background,102400,6.52878,6.590516631,0.0617366309999996,10838,True
62,Background,102400,6.52938,6.661489596,0.13210959600000027,10876994,True
69,Background,1024,6.53113,6.718425026,0.18729502600000014,1244,True
59,Background,1048576,6.53141,6.579470518,0.048060517999999774,1244,True
70,Background,1048576,6.53257,6.587533751,0.05496375099999984,10838,True
80,Background,10485760,6.5337,6.750736779,0.21703677900000073,1087892,True
72,Background,10240,6.53439,6.833204028,0.2988140279999998,10838,True
67,Background,1048576,6.53781,6.63641221,0.09860220999999925,1087892,True
58,Background,1024,6.53789,6.779727226,0.24183722600000035,10838,True
59,Background,1048576,6.53964,7.194553743,0.6549137429999998,1244,True
93,Background,1024,6.5409,6.590516631,0.04961663100000013,10838,True
55,Background,1024,6.54406,6.844431783,0.3003717830000001,106400,True
94,Background,1048576,6.54472,6.590516631,0.04579663099999998,10838,True
95,Background,1048576,6.54732,6.590516631,0.04319663099999982,10838,True
65,Background,10240,6.5475,6.680474852,0.13297485199999937,10838,True
68,Background,10485760,6.55061,7.143552251,0.5929422510000002,106400,True
69,Background,1048576,6.55066,6.734912196,0.1842521960000001,106400,True
48,Background,102400,6.55519,7.150556541,0.5953665410000006,1244,True
67,Background,1048576,6.55641,6.776083948,0.2196739480000005,106400,True
62,Background,1024,6.55912,6.935924832,0.37680483200000037,1244,True
83,Background,10240,6.55989,6.590557369,0.030667368999999667,10838,True
66,Background,102400,6.56019,6.598310084,0.038120084,106400,True
65,Background,1048576,6.56103,6.728720261,0.16769026100000062,106400,True
56,Background,10485760,6.56256,6.844431783,0.2818717829999997,106400,True
84,Background,10485760,6.5634,6.590557369,0.02715736900000021,10838,True
85,Background,102400,6.56474,6.590557369,0.025817369000000312,10838,True
78,Background,10240,6.56569,6.567406402,0.0017164019999995617,106400,True
66,Background,1048576,6.56649,6.680474852,0.11398485199999975,10838,True
66,Background,104857600,6.56715,6.728720261,0.1615702610000005,106400,True
64,Background,1048576,6.5682,6.90950293,0.34130293000000034,106400,True
57,Background,10240,6.56825,6.999296787,0.43104678699999965,1087892,True
80,Background,1024,6.56963,6.624653792,0.05502379200000007,106400,True
63,Background,102400,6.56996,6.594338582,0.02437858199999976,10838,True
61,Background,102400,6.5704,7.081265171,0.5108651709999998,1244,True
68,Background,1024,6.57082,6.668914572,0.09809457199999994,10838,True
74,Background,102400,6.57548,6.715640224,0.1401602240000006,1087892,True
62,Background,1048576,6.57822,6.680770533,0.10255053299999961,106400,True
69,Background,102400,6.58113,6.668914572,0.08778457200000034,10838,True
70,Background,1048576,6.58144,6.680380596,0.09894059600000027,10838,True
71,Background,1048576,6.58236,7.24642719,0.6640671899999999,10838,True
62,Background,102400,6.58431,6.655942674,0.07163267399999995,106400,True
67,Background,10240,6.5864,6.831680695,0.24528069499999994,106400,True
51,Background,10240,6.58824,6.616385704,0.028145703999999938,10838,True
60,Background,102400,6.5883,6.621405324,0.0331053240000001,1087892,True
56,Background,102400,6.59061,6.603759144,0.01314914399999978,10838,True
81,Background,102400,6.59177,6.750736779,0.158966779,1087892,True
65,Background,1048576,6.59382,6.619484634,0.025664633999999964,1087892,True
70,Background,102400,6.59448,6.668914572,0.07443457200000037,10838,True
80,Background,10240,6.59652,6.607974428,0.011454428000000405,106400,True
71,Background,102400,6.59688,7.223162684,0.6262826840000004,1087892,True
73,Background,10240,6.59836,6.626203384,0.027843384000000526,1087892,True
72,Background,1048576,6.60014,7.223162684,0.6230226840000004,1087892,True
67,Background,102400,6.60329,6.680474852,0.07718485199999936,10838,True
63,Background,1048576,6.60441,6.680770533,0.0763605329999999,106400,True
58,Background,1024,6.6053,7.018161812,0.41286181200000005,10838,True
72,Background,10240,6.60694,6.682527456,0.07558745600000005,106400,True
64,Background,1024,6.61302,6.897176352,0.2841563520000001,10838,True
69,Background,102400,6.61677,6.61754441,0.0007744100000000032,106400,True
96,Background,10240,6.6189,6.664765366,0.04586536600000013,1087892,True
54,Background,1048576,6.62338,7.066893516,0.44351351600000033,106400,True
73,Background,1048576,6.62379,6.682527456,0.05873745600000024,106400,True
63,Background,102400,6.62433,6.935924832,0.3115948320000008,1244,True
64,Background,10240,6.62488,6.694408194,0.0695281940000001,10838,True
67,Background,1024,6.62515,7.196785815,0.5716358150000005,10838,True
74,Background,1024,6.62791,6.848304208,0.2203942080000001,10838,True
59,Background,1048576,6.62949,7.018161812,0.3886718120000001,10838,True
70,Background,10485760,6.63086,6.734912196,0.1040521959999996,106400,True
60,Background,102400,6.63346,7.018161812,0.3847018119999994,10838,True
82,Background,102400,6.63491,6.750736779,0.11582677900000071,1087892,True
66,Background,10240,6.63628,6.690150588,0.053870587999999664,10838,True
72,Background,10240,6.63735,6.958474771,0.32112477100000003,106400,True
68,Background,1048576,6.63958,7.196785815,0.5572058150000005,10838,True
66,Background,10240,6.6397,6.932068841,0.29236884100000005,106400,True
60,Background,10240,6.64081,6.868633376,0.2278233759999999,10838,True
57,Background,104857600,6.6409,6.844431783,0.20353178299999986,106400,True
65,Background,1048576,6.64431,6.897176352,0.25286635199999985,10838,True
61,Background,10240,6.64434,6.868633376,0.22429337600000032,10838,True
62,Background,102400,6.64713,7.081265171,0.4341351710000003,1244,True
81,Background,102400,6.6477,7.088069068,0.44036906799999986,108768230,True
52,Background,102400,6.65232,7.117993436,0.46567343600000033,10838,True
61,Background,102400,6.65432,6.748763616,0.09444361599999951,10838,True
71,Background,10240,6.6544,6.668914572,0.014514572000000392,10838,True
68,Background,1048576,6.65487,6.680474852,0.025604851999999845,10838,True
67,Background,102400,6.655,6.818500013,0.16350001300000017,10876994,True
52,Background,1048576,6.65569,6.863311145,0.20762114500000006,1087892,True
69,Background,10240,6.65596,6.680474852,0.024514851999999365,10838,True
69,Background,10485760,6.65749,7.524443187,0.866953187,10838,True
70,Background,10240,6.66753,6.838513308,0.1709833079999994,10838,True
58,Background,1024,6.66771,6.844431783,0.17672178300000052,106400,True
71,Background,102400,6.66913,6.734912196,0.06578219599999979,106400,True
69,Background,1048576,6.67147,6.7604325,0.08896250000000006,1244,True
53,Background,102400,6.67223,7.117993436,0.445763436,10838,True
83,Background,1024,6.6724,6.750736779,0.07833677900000069,1087892,True
60,Background,1024,6.67446,7.194553743,0.5200937430000003,1244,True
64,Background,102400,6.67664,6.977107635,0.3004676350000004,10838,True
63,Background,102400,6.67972,6.695544976,0.015824976000000213,106400,True
67,Background,102400,6.67998,6.728720261,0.04874026100000073,106400,True
70,Background,10240,6.68158,7.626017132,0.944437132,106400,True
63,Background,102400,6.68258,7.081265171,0.39868517100000034,1244,True
79,Background,102400,6.68734,6.728411384,0.04107138400000032,1087892,True
64,Background,1048576,6.68811,7.156375389,0.4682653889999999,1244,True
63,Background,10485760,6.68985,6.698360032,0.008510032000000223,106400,True
58,Background,10240,6.69015,6.847052742,0.15690274199999976,106400,True
70,Background,1024,6.69196,6.718425026,0.026465026000000336,1244,True
56,Background,104857600,6.69307,6.738264028,0.04519402800000005,10838,True
70,Background,102400,6.69329,6.7604325,0.0671425000000001,1244,True
71,Background,1048576,6.69345,6.838513308,0.14506330799999922,10838,True
67,Background,1048576,6.69575,6.820442861,0.12469286099999977,106400,True
62,Background,1024,6.69771,6.868633376,0.17092337600000018,10838,True
82,Background,1048576,6.69821,7.088069068,0.3898590679999998,108768230,True
68,Background,102400,6.70008,6.820442861,0.12036286100000027,106400,True
75,Background,10240,6.70107,6.715640224,0.014570224000000742,1087892,True
69,Background,102400,6.70167,7.196785815,0.4951158150000001,10838,True
64,Background,10240,6.70358,6.979123251,0.2755432510000002,108768230,True
68,Background,102400,6.70514,6.776083948,0.07094394800000003,106400,True
69,Background,10240,6.70524,6.820442861,0.11520286100000021,106400,True
69,Background,10240,6.71076,7.143552251,0.4327922510000004,106400,True
71,Background,102400,6.71274,6.83413912,0.12139911999999953,1244,True
55,Background,1048576,6.71568,7.066893516,0.3512135160000005,106400,True
69,Background,10240,6.71588,6.776083948,0.06020394799999984,106400,True
56,Background,1048576,6.7186,7.066893516,0.348293516,106400,True
84,Background,1048576,6.71926,6.750736779,0.03147677900000012,1087892,True
71,Background,10240,6.71949,7.626017132,0.9065271319999999,106400,True
70,Background,10240,6.71988,7.196785815,0.4769058150000003,10838,True
70,Background,1048576,6.72007,6.776083948,0.05601394800000037,106400,True
71,Background,1024,6.72026,6.7604325,0.04017250000000061,1244,True
60,Background,1024,6.7242,6.756342317,0.03214231699999992,10838,True
76,Background,102400,6.72636,7.019960622,0.2936006220000005,1087892,True
61,Background,1048576,6.72797,7.194553743,0.46658374300000016,1244,True
68,Background,10240,6.72906,7.012300499,0.2832404990000006,1087892,True
57,Background,1024,6.72993,6.738264028,0.008334027999999272,10838,True
70,Background,102400,6.7311,6.820442861,0.08934286100000044,106400,True
59,Background,10240,6.73231,6.779727226,0.04741722600000031,10838,True
61,Background,10240,6.73866,7.018161812,0.27950181199999946,10838,True
68,Background,102400,6.73922,6.818500013,0.07928001299999998,10876994,True
69,Background,1048576,6.73964,6.818500013,0.07886001300000078,10876994,True
65,Background,102400,6.7397,6.90950293,0.16980293000000035,106400,True
72,Background,10240,6.74416,6.7604325,0.016272500000000356,1244,True
65,Background,10240,6.74418,6.77548974,0.0313097400000002,1244,True
71,Background,1048576,6.74515,6.776083948,0.030933948000000377,106400,True
75,Background,10485760,6.75351,6.848304208,0.09479420799999971,10838,True
68,Background,1024,6.75366,7.545404032,0.7917440320000004,10876994,True
55,Background,1048576,6.75882,6.886470514,0.12765051399999994,1087892,True
77,Background,1024,6.76082,7.019960622,0.2591406220000003,1087892,True
71,Background,1048576,6.76177,7.18891922,0.42714921999999955,106400,True
76,Background,1024,6.76424,6.790228271,0.025988271000000118,1087892,True
74,Background,10240,6.76884,6.788693626,0.019853625999999736,1244,True
59,Background,1024,6.76885,6.844431783,0.07558178300000051,106400,True
72,Background,10240,6.76896,6.819002627,0.05004262699999984,1087892,True
60,Background,10240,6.77028,6.779727226,0.009447226000000697,10838,True
61,Background,1048576,6.77103,6.779727226,0.008697226000000668,10838,True
64,Background,1048576,6.77124,6.935924832,0.16468483200000072,1244,True
72,Background,10240,6.7714,6.83413912,0.06273911999999982,1244,True
86,Background,1048576,6.77161,7.066750587,0.2951405869999997,1087892,True
64,Background,102400,6.77229,7.081265171,0.30897517100000016,1244,True
70,Background,1048576,6.77237,7.143552251,0.37118225100000046,106400,True
80,Background,1048576,6.77366,6.885656064,0.1119960640000004,106400,True
65,Background,10485760,6.77393,7.156375389,0.3824453889999999,1244,True
60,Background,1024,6.77451,6.844431783,0.06992178299999985,106400,True
72,Background,102400,6.78052,6.909927921,0.12940792100000031,1244,True
69,Background,102400,6.78188,7.012300499,0.23042049900000006,1087892,True
71,Background,10485760,6.78288,7.196785815,0.41390581500000057,10838,True
64,Background,1024,6.78329,6.975170211,0.19188021099999997,106400,True
70,Background,10240,6.78667,7.524443187,0.7377731870000002,10838,True
58,Background,1048576,6.78688,6.999296787,0.21241678699999955,1087892,True
64,Background,1048576,6.78801,7.406899354,0.6188893540000002,106400,True
77,Background,102400,6.78999,6.85081647,0.06082646999999941,10838,True
72,Background,10485760,6.79112,7.18891922,0.39779921999999956,106400,True
61,Background,1048576,6.79137,6.844431783,0.05306178300000042,106400,True
65,Background,10485760,6.79141,6.935924832,0.14451483200000048,1244,True
59,Background,1048576,6.79197,6.999296787,0.2073267869999995,1087892,True
68,Background,102400,6.79483,6.831680695,0.036850695000000044,106400,True
66,Background,102400,6.79751,7.156375389,0.358865389,1244,True
66,Background,1048576,6.79873,7.012772894,0.21404289400000032,106400,True
62,Background,10240,6.80012,7.018161812,0.21804181200000006,10838,True
72,Background,1024,6.80047,7.24642719,0.44595719000000056,10838,True
69,Background,10485760,6.80223,6.831680695,0.029450695000000415,106400,True
66,Background,10240,6.8023,6.90950293,0.10720293000000058,106400,True
58,Background,1048576,6.80385,7.026015579,0.22216557900000033,106400,True
62,Background,102400,6.80466,7.194553743,0.389893743,1244,True
73,Background,10240,6.80526,7.18891922,0.3836592200000002,106400,True
74,Background,102400,6.80661,7.18891922,0.3823092199999998,106400,True
65,Background,102400,6.80766,7.081265171,0.2736051709999998,1244,True
65,Background,1048576,6.80777,7.01270541,0.20493541000000004,1244,True
73,Background,10485760,6.80847,6.909927921,0.10145792100000062,1244,True
67,Background,102400,6.81612,7.156375389,0.3402553890000002,1244,True
73,Background,1048576,6.81767,6.958474771,0.140804771,106400,True
70,Background,10240,6.81989,7.012300499,0.19241049900000018,1087892,True
49,Background,102400,6.82033,7.150556541,0.33022654100000004,1244,True
73,Background,1024,6.82253,7.223162684,0.40063268399999963,1087892,True
81,Background,1048576,6.82285,7.158184706,0.33533470600000026,10838,True
72,Background,1024,6.82679,6.838513308,0.011723307999999655,10838,True
71,Background,102400,6.82852,7.012300499,0.18378049900000004,1087892,True
75,Background,102400,6.82878,7.18891922,0.36013921999999976,106400,True
82,Background,10240,6.82908,7.158184706,0.32910470599999986,10838,True
70,Background,10240,6.82933,6.831680695,0.0023506950000005133,106400,True
87,Background,102400,6.83067,7.066750587,0.236080587,1087892,True
62,Background,10240,6.83255,7.294715849,0.4621658489999998,106400,True
70,Background,102400,6.8333,6.980905046,0.1476050459999998,1244,True
65,Background,1024,6.83492,6.975170211,0.14025021099999968,106400,True
64,Background,102400,6.83644,6.937026514,0.10058651400000063,10838,True
69,Background,10240,6.83812,7.545404032,0.7072840320000005,10876994,True
66,Background,102400,6.83844,7.01270541,0.1742654099999994,1244,True
57,Background,10485760,6.84191,7.066893516,0.224983516,106400,True
97,Background,102400,6.84333,6.937717735,0.09438773499999975,106400,True
59,Background,102400,6.84428,6.847052742,0.0027727419999994396,106400,True
73,Background,10485760,6.84476,7.075186467,0.23042646700000002,1087892,True
76,Background,102400,6.84747,6.848304208,0.0008342079999996699,10838,True
78,Background,1048576,6.8494,7.019960622,0.170560622,1087892,True
71,Background,104857600,6.85202,7.028715838,0.17669583799999966,106400,True
67,Background,102400,6.85396,6.932068841,0.0781088410000006,106400,True
63,Background,10485760,6.85589,6.868633376,0.012743376000000417,10838,True
73,Background,10240,6.85608,6.925800416,0.06972041600000001,1087892,True
79,Background,1048576,6.85619,7.019960622,0.16377062200000037,1087892,True
63,Background,10485760,6.85636,7.294715849,0.4383558490000006,106400,True
64,Background,10240,6.85718,6.868633376,0.011453376000000404,10838,True
65,Background,1048576,6.86116,7.406899354,0.5457393540000002,106400,True
85,Background,1024,6.86174,6.911301683,0.04956168299999941,1087892,True
83,Background,102400,6.86277,7.088069068,0.225299068,108768230,True
72,Background,104857600,6.86542,7.626017132,0.760597132,106400,True
67,Background,10240,6.86598,7.012772894,0.14679289399999984,106400,True
71,Background,1048576,6.86806,6.976638483,0.1085784830000005,1244,True
66,Background,10240,6.86924,6.935924832,0.06668483200000086,1244,True
67,Background,104857600,6.87062,7.466593593,0.5959735930000001,1087892,True
88,Background,102400,6.87179,7.066750587,0.19496058699999974,1087892,True
75,Background,10240,6.87621,6.936936738,0.060726737999999614,1244,True
66,Background,10240,6.88126,6.897176352,0.015916351999999634,10838,True
66,Background,1048576,6.88288,7.406899354,0.524019354,106400,True
81,Background,102400,6.88396,6.885656064,0.001696063999999886,106400,True
73,Background,102400,6.88431,7.626017132,0.7417071320000002,106400,True
74,Background,1048576,6.885,6.909927921,0.02492792100000063,1244,True
73,Background,1048576,6.88719,6.973540244,0.08635024399999924,10838,True
63,Background,10240,6.8874,7.018161812,0.13076181199999937,10838,True
76,Background,1024,6.88806,6.936936738,0.0488767379999997,1244,True
50,Background,102400,6.88943,7.150556541,0.2611265410000003,1244,True
65,Background,1048576,6.89012,6.977107635,0.08698763500000073,10838,True
68,Background,102400,6.89021,6.937957824,0.047747823999999994,106400,True
61,Background,102400,6.89522,6.944591566,0.04937156599999959,106400,True
72,Background,1024,6.89613,6.976638483,0.08050848300000002,1244,True
67,Background,10240,6.89855,7.01270541,0.11415540999999951,1244,True
62,Background,1024,6.90155,7.400814858,0.4992648580000001,106400,True
54,Background,1024,6.90242,7.117993436,0.21557343599999967,10838,True
73,Background,1024,6.90293,7.074868388,0.17193838800000005,1244,True
80,Background,102400,6.90478,7.019960622,0.11518062200000045,1087892,True
55,Background,102400,6.905,7.117993436,0.21299343599999965,10838,True
60,Background,10240,6.90581,6.999296787,0.0934867869999998,1087892,True
65,Background,102400,6.90621,7.163345378,0.2571353780000001,108768230,True
64,Background,1024,6.90785,7.018161812,0.11031181199999995,10838,True
67,Background,10240,6.90819,6.90950293,0.001312930000000101,106400,True
64,Background,1024,6.90847,7.107471625,0.1990016249999993,1087892,True
68,Background,1048576,6.91342,6.932068841,0.018648841000000083,106400,True
59,Background,102400,6.91554,7.026015579,0.11047557900000005,106400,True
72,Background,102400,6.91582,7.028715838,0.11289583800000003,106400,True
83,Background,1024,6.91608,7.158184706,0.2421047060000001,10838,True
56,Background,102400,6.91686,6.95481435,0.03795435000000058,10838,True
53,Background,102400,6.91837,6.942918029,0.02454802899999997,1087892,True
72,Background,10240,6.91881,6.974065152,0.055255151999999974,1087892,True
56,Background,10240,6.91951,7.117993436,0.19848343600000007,10838,True
81,Background,1048576,6.92227,7.019960622,0.097690622,1087892,True
57,Background,1048576,6.92229,7.117993436,0.19570343599999962,10838,True
77,Background,1048576,6.92476,6.936936738,0.012176737999999965,1244,True
74,Background,102400,6.92517,6.958483459,0.03331345900000038,10838,True
68,Background,102400,6.92651,7.103000844,0.17649084399999992,106400,True
82,Background,1048576,6.9273,7.019960622,0.09266062200000036,1087892,True
65,Background,102400,6.92794,7.107471625,0.1795316249999992,1087892,True
77,Background,1024,6.93208,6.982016355,0.04993635499999982,106400,True
84,Background,1048576,6.93271,7.505629659,0.5729196590000001,10876994,True
51,Background,1024,6.936,7.150556541,0.21455654100000032,1244,True
71,Background,1048576,6.93656,6.952775714,0.016215714000000325,10838,True
72,Background,10485760,6.93662,6.992566483,0.05594648300000049,1087892,True
85,Background,1048576,6.93717,7.505629659,0.5684596590000002,10876994,True
68,Background,10240,6.93782,7.466593593,0.5287735929999995,1087892,True
67,Background,102400,6.93872,7.070445715,0.13172571499999997,1087892,True
73,Background,10240,6.93955,6.976638483,0.03708848300000067,1244,True
73,Background,1048576,6.93962,6.974065152,0.03444515199999998,1087892,True
51,Background,102400,6.94111,7.224663574,0.2835535739999999,10876994,True
63,Background,102400,6.94478,7.194553743,0.24977374300000044,1244,True
65,Background,102400,6.94604,7.025644595,0.07960459500000017,106400,True
89,Background,1048576,6.94664,7.066750587,0.12011058699999921,1087892,True
69,Background,102400,6.94711,7.466593593,0.5194835929999995,1087892,True
66,Background,10240,6.94971,6.960835011,0.01112501100000074,10838,True
76,Background,10240,6.95101,7.18891922,0.2379092199999997,106400,True
73,Background,102400,6.95218,6.992566483,0.040386482999999807,1087892,True
98,Background,102400,6.95336,7.033223865,0.07986386500000009,106400,True
52,Background,1048576,6.95584,7.150556541,0.19471654100000002,1244,True
73,Background,102400,6.95766,7.028715838,0.07105583800000037,106400,True
74,Background,1024,6.95821,7.162320877,0.20411087699999975,106400,True
86,Background,10240,6.96001,7.041731875,0.08172187500000039,1087892,True
66,Background,1048576,6.9606,7.107471625,0.14687162499999928,1087892,True
69,Background,10240,6.96363,6.981273144,0.017643144,1244,True
74,Background,102400,6.96695,7.032088474,0.06513847400000028,106400,True
58,Background,102400,6.96899,7.117993436,0.1490034360000001,10838,True
73,Background,10240,6.97372,7.052064803,0.07834480300000024,1087892,True
66,Background,1024,6.97385,7.081265171,0.10741517100000042,1244,True
84,Background,102400,6.97436,7.158184706,0.18382470600000023,10838,True
75,Background,10240,6.97448,7.032088474,0.05760847400000024,106400,True
60,Background,10485760,6.9748,7.026015579,0.051215578999999956,106400,True
59,Background,10240,6.97507,7.117993436,0.14292343600000024,10838,True
66,Background,10240,6.97917,7.025644595,0.046474595000000285,106400,True
61,Background,10485760,6.97952,6.999296787,0.01977678699999963,1087892,True
74,Background,104857600,6.98083,7.244265786,0.2634357859999996,10838,True
85,Background,102400,6.98092,7.158184706,0.17726470599999988,10838,True
67,Background,102400,6.98268,7.406899354,0.4242193539999999,106400,True
78,Background,1048576,6.98314,6.990728004,0.007588004000000481,1087892,True
74,Background,102400,6.98653,7.626017132,0.6394871320000002,106400,True
77,Background,1024,6.98821,7.18891922,0.20070922000000024,106400,True
74,Background,102400,6.99168,7.052064803,0.06038480300000071,1087892,True
73,Background,10240,6.99178,7.24642719,0.25464719,10838,True
67,Background,1048576,6.99312,7.986339093,0.9932190929999996,10876994,True
68,Background,102400,6.99635,7.406899354,0.4105493540000005,106400,True
68,Background,1024,6.99644,7.012772894,0.016332894000000486,106400,True
57,Background,1048576,7.00295,7.256675146,0.25372514599999985,1087892,True
63,Background,102400,7.00298,7.400814858,0.3978348580000004,106400,True
68,Background,1048576,7.00533,7.156375389,0.15104538900000009,1244,True
78,Background,10240,7.01533,7.18891922,0.1735892200000002,106400,True
74,Background,10240,7.01535,7.028715838,0.013365838000000352,106400,True
75,Background,1024,7.01653,7.182966453,0.16643645299999932,10838,True
62,Background,102400,7.01714,7.173528733,0.156388733,1087892,True
75,Background,1048576,7.01802,7.153522829,0.135502829,106400,True
67,Background,1048576,7.01826,7.056940004,0.0386800040000006,10838,True
76,Background,10240,7.02102,7.032088474,0.011068473999999995,106400,True
75,Background,10240,7.02131,7.028715838,0.0074058380000003865,106400,True
64,Background,10240,7.02285,7.194553743,0.17170374300000013,1244,True
71,Background,10485760,7.02403,7.524443187,0.5004131870000004,10838,True
72,Background,1024,7.02414,7.196785815,0.1726458150000001,10838,True
90,Background,1048576,7.02743,7.066750587,0.03932058699999974,1087892,True
76,Background,10485760,7.02984,7.365370714,0.3355307139999999,106400,True
79,Background,10240,7.03467,7.18891922,0.15424921999999963,106400,True
52,Background,10240,7.03637,7.224663574,0.18829357400000024,10876994,True
69,Background,102400,7.0383,7.406899354,0.36859935400000055,106400,True
64,Background,1048576,7.04207,7.294715849,0.2526458490000003,106400,True
68,Background,1024,7.04247,7.056940004,0.014470004000000536,10838,True
53,Background,10240,7.046,7.150556541,0.104556541,1244,True
66,Background,102400,7.04628,7.141428811,0.09514881099999961,10838,True
99,Background,102400,7.04708,7.155266804,0.1081868039999998,10876994,True
69,Background,102400,7.04723,7.174828297,0.12759829700000047,106400,True
86,Background,102400,7.0482,7.158184706,0.10998470600000054,10838,True
77,Background,10485760,7.04898,7.365370714,0.31639071399999974,106400,True
73,Background,10485760,7.04956,7.196785815,0.14722581500000054,10838,True
71,Background,10485760,7.0497,7.143552251,0.09385225100000039,106400,True
54,Background,102400,7.05069,7.150556541,0.09986654099999992,1244,True
53,Background,10240,7.05169,7.224663574,0.17297357400000024,10876994,True
72,Background,1048576,7.05312,7.299531116,0.24641111599999999,10838,True
78,Background,1048576,7.05443,7.066101715,0.011671715000000304,106400,True
70,Background,1024,7.05677,7.406899354,0.3501293539999999,106400,True
60,Background,1024,7.05818,7.117993436,0.059813435999999776,10838,True
77,Background,10240,7.05866,7.164510456,0.10585045600000065,106400,True
75,Background,102400,7.05898,7.244265786,0.18528578599999967,10838,True
67,Background,1048576,7.05901,7.081265171,0.022255171000000296,1244,True
54,Background,10240,7.06451,7.211073711,0.14656371099999976,106400,True
70,Background,1048576,7.0661,7.174828297,0.10872829700000075,106400,True
76,Background,102400,7.06626,7.182966453,0.11670645299999993,10838,True
67,Background,102400,7.06757,7.141428811,0.07385881100000002,10838,True
71,Background,1048576,7.07023,7.406899354,0.33666935400000053,106400,True
74,Background,102400,7.07074,7.24642719,0.17568719000000055,10838,True
75,Background,102400,7.07111,7.626017132,0.5549071320000003,106400,True
74,Background,102400,7.0712,7.196785815,0.125585815,10838,True
66,Background,10240,7.07189,7.496473283,0.4245832830000005,108768230,True
76,Background,1048576,7.07225,7.153522829,0.08127282899999955,106400,True
69,Background,1048576,7.07339,7.103000844,0.02961084400000047,106400,True
86,Background,102400,7.07364,7.505629659,0.4319896590000001,10876994,True
71,Background,102400,7.07387,7.174828297,0.10095829700000003,106400,True
68,Background,1024,7.07696,7.260618778,0.18365877800000074,10838,True
87,Background,1024,7.07729,7.158184706,0.08089470600000048,10838,True
87,Background,10240,7.07927,7.143384111,0.06411411099999942,1087892,True
87,Background,102400,7.07995,7.505629659,0.42567965900000004,10876994,True
57,Background,102400,7.08064,7.227070031,0.1464300310000004,1087892,True
79,Background,102400,7.08089,7.187344461,0.10645446100000022,1244,True
58,Background,102400,7.0836,7.091547478,0.007947478000000174,106400,True
71,Background,102400,7.08447,7.202360281,0.11789028100000021,1087892,True
70,Background,102400,7.08666,7.466593593,0.3799335929999996,1087892,True
88,Background,10240,7.08821,7.505629659,0.4174196590000001,10876994,True
78,Background,10485760,7.08925,7.164510456,0.07526045600000053,106400,True
61,Background,102400,7.09142,7.117993436,0.026573435999999617,10838,True
61,Background,102400,7.09836,7.293160418,0.1948004180000007,1244,True
64,Background,104857600,7.10017,7.400814858,0.30064485800000007,106400,True
70,Background,1024,7.10139,7.545404032,0.4440140320000001,10876994,True
72,Background,102400,7.10193,7.524443187,0.42251318699999985,10838,True
67,Background,1048576,7.1044,7.162254269,0.0578542689999999,1087892,True
65,Background,10240,7.10799,7.294715849,0.1867258490000001,106400,True
73,Background,102400,7.10837,7.524443187,0.4160731870000003,10838,True
66,Background,10240,7.11047,7.294715849,0.18424584899999985,106400,True
82,Background,10485760,7.11164,7.16046965,0.04882964999999917,10838,True
73,Background,1048576,7.11218,7.299531116,0.18735111599999943,10838,True
76,Background,1048576,7.1125,7.244265786,0.13176578599999988,10838,True
58,Background,102400,7.11792,7.227070031,0.10915003100000042,1087892,True
76,Background,102400,7.11902,7.626017132,0.5069971320000004,106400,True
77,Background,1024,7.11995,7.182966453,0.06301645299999947,10838,True
72,Background,1048576,7.12081,7.143552251,0.02274225100000038,106400,True
100,Background,10240,7.12178,7.155266804,0.033486803999999815,10876994,True
74,Background,1048576,7.12257,7.194586385,0.0720163850000004,1087892,True
69,Background,10485760,7.12409,7.327426374,0.20333637400000004,10876994,True
74,Background,102400,7.12416,7.299531116,0.175371116,10838,True
79,Background,102400,7.12538,7.147748603,0.02236860300000032,1087892,True
75,Background,10485760,7.126,7.24642719,0.12042719000000002,10838,True
62,Background,102400,7.12905,7.376646306,0.24759630599999927,106400,True
74,Background,102400,7.13146,7.201333483,0.06987348300000029,10838,True
67,Background,102400,7.13217,7.496473283,0.3643032829999999,108768230,True
71,Background,102400,7.13254,7.545404032,0.41286403200000077,10876994,True
60,Background,1048576,7.13714,7.292592808,0.1554528080000006,106400,True
59,Background,102400,7.13761,7.24289694,0.10528694000000005,1244,True
75,Background,1048576,7.14091,7.194586385,0.05367638500000016,1087892,True
60,Background,1024,7.14213,7.24289694,0.10076693999999975,1244,True
78,Background,102400,7.14309,7.365370714,0.22228071400000005,106400,True
72,Background,1048576,7.14313,7.545404032,0.4022740320000002,10876994,True
70,Background,10240,7.14397,7.327426374,0.18345637399999948,10876994,True
80,Background,102400,7.14619,7.18891922,0.04272922000000001,106400,True
62,Background,10240,7.14658,7.509451022,0.3628710220000002,1244,True
83,Background,102400,7.14839,7.16046965,0.012079649999999553,10838,True
74,Background,10240,7.14902,7.524443187,0.375423187,10838,True
78,Background,1024,7.14911,7.214194139,0.06508413899999965,106400,True
59,Background,1024,7.15573,7.227070031,0.07134003100000008,1087892,True
78,Background,1024,7.15615,7.182966453,0.026816452999999463,10838,True
67,Background,1024,7.15739,7.294715849,0.13732584899999978,106400,True
67,Background,1048576,7.1597,7.491811817,0.33211181700000036,106400,True
84,Background,10240,7.16028,7.16046965,0.00018964999999937504,10838,True
63,Background,102400,7.1614,7.509451022,0.34805102199999993,1244,True
68,Background,1048576,7.16229,7.491811817,0.3295218170000007,106400,True
55,Background,102400,7.16389,7.541455724,0.3775657240000001,106400,True
72,Background,1024,7.16582,7.405655983,0.23983598299999986,108768230,True
61,Background,10240,7.17285,7.292592808,0.11974280799999981,106400,True
68,Background,10240,7.17318,7.294715849,0.12153584899999981,106400,True
73,Background,10240,7.17417,7.256484082,0.0823140819999999,106400,True
74,Background,1024,7.17632,7.452324578,0.2760045780000002,106400,True
360,Incast,500000,7.178253426,7.185674317,0.007420890999999763,518738,False
361,Incast,500000,7.178253426,7.19103878,0.012785354000000027,518738,False
383,Incast,500000,7.178253426,7.18947261,0.011219183999999771,518738,False
362,Incast,500000,7.178253426,7.190944188,0.01269076199999919,518738,False
363,Incast,500000,7.178253426,7.188595147,0.010341720999999637,518738,False
417,Incast,500000,7.178253426,7.192977221,0.014723794999999207,518738,False
396,Incast,500000,7.178253426,7.191878366,0.013624939999999697,518738,False
418,Incast,500000,7.178253426,7.191339965,0.013086538999999675,518738,False
402,Incast,500000,7.178253426,7.190799091,0.012545664999999318,518738,False
376,Incast,500000,7.178253426,7.186695242,0.008441815999999491,518738,False
378,Incast,500000,7.178253426,7.186684021,0.008430594999999208,518738,False
397,Incast,500000,7.178253426,7.192764303,0.014510876999999311,518738,False
375,Incast,500000,7.178253426,7.189743001,0.011489574999999697,518738,False
374,Incast,500000,7.178253426,7.188699036,0.010445609999999661,518738,False
373,Incast,500000,7.178253426,7.191690941,0.013437514999999678,518738,False
398,Incast,500000,7.178253426,7.191389978,0.013136551999999746,518738,False
370,Incast,500000,7.178253426,7.187711435,0.009458008999999379,518738,False
379,Incast,500000,7.178253426,7.188695511,0.010442084999999324,518738,False
381,Incast,500000,7.178253426,7.18987832,0.011624893999999664,518738,False
382,Incast,500000,7.178253426,7.186436017,0.00818259099999974,518738,False
399,Incast,500000,7.178253426,7.193464384,0.015210957999999941,518738,False
400,Incast,500000,7.178253426,7.189169175,0.010915748999999586,518738,False
401,Incast,500000,7.178253426,7.191642683,0.013389257000000043,518738,False
372,Incast,500000,7.178253426,7.188656873,0.010403446999999844,518738,False
371,Incast,500000,7.178253426,7.192222604,0.013969177999999971,518738,False
380,Incast,500000,7.178253426,7.187160685,0.00890725899999989,518738,False
377,Incast,500000,7.178253426,7.190201387,0.01194796099999973,518738,False
419,Incast,500000,7.178253426,7.192661534,0.014408107999999586,518738,False
403,Incast,500000,7.178253426,7.192915495,0.014662068999999889,518738,False
386,Incast,500000,7.178253426,7.192051842,0.013798415999999314,518738,False
416,Incast,500000,7.178253426,7.191115417,0.012861990999999406,518738,False
415,Incast,500000,7.178253426,7.192113568,0.01386014199999952,518738,False
413,Incast,500000,7.178253426,7.190718771,0.01246534499999985,518738,False
412,Incast,500000,7.178253426,7.192525095,0.01427166899999932,518738,False
411,Incast,500000,7.178253426,7.187654038,0.00940061199999942,518738,False
410,Incast,500000,7.178253426,7.187198361,0.00894493499999971,518738,False
395,Incast,500000,7.178253426,7.187906556,0.009653129999999344,518738,False
387,Incast,500000,7.178253426,7.189125727,0.010872301000000029,518738,False
369,Incast,500000,7.178253426,7.193414151,0.015160724999999431,518738,False
368,Incast,500000,7.178253426,7.190776649,0.01252322299999964,518738,False
367,Incast,500000,7.178253426,7.190874766,0.012621339999999925,518738,False
366,Incast,500000,7.178253426,7.191764211,0.013510784999999359,518738,False
405,Incast,500000,7.178253426,7.189688971,0.011435544999999436,518738,False
406,Incast,500000,7.178253426,7.191314627,0.0130612009999993,518738,False
365,Incast,500000,7.178253426,7.190782098,0.012528671999999297,518738,False
364,Incast,500000,7.178253426,7.190953485,0.012700058999999264,518738,False
388,Incast,500000,7.178253426,7.188415126,0.010161699999999385,518738,False
389,Incast,500000,7.178253426,7.191936244,0.013682817999999486,518738,False
390,Incast,500000,7.178253426,7.190524636,0.012271209999999755,518738,False
407,Incast,500000,7.178253426,7.193646751,0.015393324999999791,518738,False
394,Incast,500000,7.178253426,7.184744033,0.006490606999999926,518738,False
393,Incast,500000,7.178253426,7.187752959,0.009499532999999616,518738,False
392,Incast,500000,7.178253426,7.190215975,0.011962548999999711,518738,False
391,Incast,500000,7.178253426,7.183244629,0.0049912029999994445,518738,False
409,Incast,500000,7.178253426,7.192648389,0.014394962999999983,518738,False
408,Incast,500000,7.178253426,7.1879577,0.009704273999999735,518738,False
385,Incast,500000,7.178253426,7.192702096,0.014448669999999275,518738,False
384,Incast,500000,7.178253426,7.189920806,0.011667379999999561,518738,False
414,Incast,500000,7.178253426,7.188528157,0.010274730999999981,518738,False
404,Incast,500000,7.178253426,7.186794486,0.008541059999999767,518738,False
68,Background,1048576,7.17898,7.331373619,0.1523936189999997,1087892,True
54,Background,10485760,7.18382,7.224663574,0.04084357400000016,10876994,True
68,Background,1048576,7.18462,7.239427532,0.05480753199999988,1087892,True
69,Background,10485760,7.18578,7.331373619,0.14559361899999956,1087892,True
89,Background,10240,7.18613,7.505629659,0.3194996589999999,10876994,True
88,Background,102400,7.1879,7.386354556,0.19845455599999973,106400,True
70,Background,10485760,7.19352,7.331373619,0.13785361899999948,1087892,True
70,Background,10240,7.19518,7.376644268,0.18146426800000004,10838,True
68,Background,10240,7.19525,7.986339093,0.7910890930000001,10876994,True
74,Background,1024,7.19532,7.256484082,0.06116408200000034,106400,True
85,Background,10485760,7.19537,7.496264771,0.3008947710000003,1087892,True
62,Background,102400,7.19757,7.25049634,0.05292633999999996,106400,True
88,Background,102400,7.19802,7.456756687,0.25873668700000074,10876994,True
63,Background,10240,7.19936,7.25049634,0.051136339999999336,106400,True
72,Background,1024,7.19957,7.239922748,0.040352748000000105,106400,True
69,Background,1048576,7.19965,7.986339093,0.7866890929999997,10876994,True
65,Background,1048576,7.20367,7.247428218,0.04375821799999979,10838,True
75,Background,102400,7.20372,7.256484082,0.05276408200000038,106400,True
77,Background,102400,7.20428,7.229836192,0.02555619199999981,1087892,True
75,Background,1048576,7.20765,7.524443187,0.31679318700000003,10838,True
101,Background,1048576,7.20803,7.271602852,0.06357285200000007,10876994,True
83,Background,1048576,7.20853,7.319062851,0.11053285100000032,10838,True
55,Background,10240,7.21077,7.305051722,0.09428172199999985,10876994,True
66,Background,1048576,7.21212,7.440441758,0.22832175800000076,106400,True
69,Background,10240,7.21308,7.491811817,0.2787318170000006,106400,True
75,Background,102400,7.21635,7.533583816,0.3172338159999999,1087892,True
70,Background,1024,7.21815,7.491811817,0.2736618170000007,106400,True
75,Background,102400,7.22073,7.246754364,0.02602436400000041,10876994,True
65,Background,10240,7.22225,7.266776813,0.044526813000000054,10838,True
75,Background,10485760,7.22324,7.22685602,0.003616019999999942,106400,True
68,Background,102400,7.22411,7.26251114,0.03840114000000039,106400,True
89,Background,102400,7.22565,7.456756687,0.23110668700000048,10876994,True
69,Background,10240,7.22621,7.260618778,0.03440877800000042,10838,True
73,Background,1048576,7.22632,7.357954253,0.13163425299999965,10838,True
75,Background,102400,7.22847,7.232452276,0.00398227600000034,10838,True
79,Background,104857600,7.22914,7.365370714,0.13623071399999986,106400,True
77,Background,10240,7.23085,7.626017132,0.3951671320000001,106400,True
74,Background,10240,7.23378,7.242230379,0.008450379000000119,10838,True
77,Background,10240,7.23388,7.244265786,0.01038578599999962,10838,True
69,Background,102400,7.23432,7.239427532,0.00510753199999936,1087892,True
69,Background,102400,7.23541,7.294715849,0.059305849000000244,106400,True
79,Background,10240,7.2367,7.594819592,0.35811959200000043,106400,True
75,Background,1048576,7.23768,7.299531116,0.061851115999999706,10838,True
76,Background,10240,7.23934,7.319154914,0.07981491399999996,1244,True
62,Background,1048576,7.23944,7.293160418,0.05372041800000016,1244,True
76,Background,102400,7.24083,7.256484082,0.01565408200000018,106400,True
77,Background,102400,7.2433,7.256484082,0.01318408200000043,106400,True
69,Background,1048576,7.24541,7.301595483,0.05618548300000015,106400,True
102,Background,10240,7.2466,7.271602852,0.025002852000000075,10876994,True
80,Background,102400,7.24832,7.365370714,0.11705071400000033,106400,True
74,Background,10240,7.24864,7.357954253,0.10931425299999997,10838,True
91,Background,10240,7.24883,7.270684526,0.021854526000000263,10838,True
72,Background,102400,7.25009,7.406899354,0.15680935399999996,106400,True
64,Background,1048576,7.25321,7.313188032,0.05997803200000007,10838,True
78,Background,1048576,7.25323,7.602330042,0.3491000419999999,10876994,True
75,Background,1048576,7.25341,7.591373536,0.3379635360000002,1087892,True
79,Background,102400,7.25366,7.452253677,0.19859367699999986,1244,True
70,Background,1048576,7.25427,7.986339093,0.7320690929999998,10876994,True
90,Background,102400,7.25444,7.456756687,0.2023166870000006,10876994,True
76,Background,102400,7.25693,7.288054268,0.03112426800000012,10838,True
79,Background,10485760,7.25743,7.602330042,0.3449000419999999,10876994,True
67,Background,102400,7.25947,7.334337659,0.0748676589999997,106400,True
81,Background,1048576,7.26014,7.568881742,0.3087417420000005,1244,True
76,Background,10485760,7.26302,7.591373536,0.32835353599999983,1087892,True
76,Background,10240,7.26399,7.299531116,0.035541116000000095,10838,True
92,Background,10240,7.26417,7.270684526,0.0065145260000001315,10838,True
70,Background,102400,7.26502,7.522277885,0.25725788500000046,10838,True
78,Background,10240,7.2676,7.626017132,0.35841713200000047,106400,True
76,Background,102400,7.26869,7.524443187,0.2557531869999998,10838,True
72,Background,1024,7.27026,7.443861284,0.1736012839999992,10838,True
73,Background,1048576,7.27104,7.545404032,0.27436403200000026,10876994,True
62,Background,102400,7.27277,7.292592808,0.019822807999999803,106400,True
65,Background,104857600,7.27538,7.313188032,0.03780803200000005,10838,True
77,Background,10240,7.27595,7.299531116,0.023581115999999902,10838,True
74,Background,1024,7.27631,7.730981996,0.4546719960000001,106400,True
75,Background,1048576,7.27882,7.357954253,0.07913425300000032,10838,True
76,Background,1048576,7.28357,7.4173908,0.13382079999999963,10838,True
56,Background,102400,7.28373,7.541455724,0.25772572400000016,106400,True
71,Background,10240,7.28378,7.331373619,0.0475936189999997,1087892,True
75,Background,102400,7.28682,7.730981996,0.44416199600000006,106400,True
77,Background,10485760,7.2893,7.926227172,0.636927172,1244,True
86,Background,10485760,7.28969,7.496264771,0.20657477099999966,1087892,True
66,Background,1024,7.29013,8.094490477,0.8043604770000004,106400,True
68,Background,10240,7.29153,7.351545933,0.060015932999999855,106400,True
79,Background,10240,7.29306,7.626623148,0.33356314800000053,106400,True
78,Background,1048576,7.29318,7.708143348,0.4149633479999997,106400,True
73,Background,1024,7.29484,7.443861284,0.1490212839999998,10838,True
70,Background,1048576,7.29507,7.295867195,0.0007971949999996397,106400,True
72,Background,1048576,7.29796,7.331373619,0.03341361900000006,1087892,True
75,Background,102400,7.29977,7.452324578,0.15255457800000016,106400,True
71,Background,10485760,7.30022,7.327426374,0.027206373999999478,10876994,True
63,Background,10240,7.30181,7.376646306,0.07483630599999991,106400,True
67,Background,1024,7.30221,8.094490477,0.7922804770000011,106400,True
58,Background,1048576,7.30466,7.38539945,0.08073945000000027,106400,True
66,Background,1024,7.30544,7.313188032,0.007748032000000293,10838,True
80,Background,10240,7.30559,7.626623148,0.3210331480000006,106400,True
69,Background,1048576,7.30569,7.351545933,0.04585593299999946,106400,True
76,Background,1048576,7.30584,7.533583816,0.22774381600000027,1087892,True
74,Background,1024,7.30733,7.807903418,0.5005734180000001,1244,True
76,Background,10485760,7.30971,7.357954253,0.048244253000000015,10838,True
78,Background,102400,7.3125,7.926227172,0.6137271719999999,1244,True
71,Background,1024,7.31473,7.522277885,0.20754788500000032,10838,True
77,Background,1048576,7.31735,7.524443187,0.2070931869999999,10838,True
80,Background,104857600,7.3179,7.602330042,0.2844300420000003,10876994,True
87,Background,1024,7.31868,7.496264771,0.17758477100000025,1087892,True
67,Background,1048576,7.32062,7.923776628,0.6031566279999998,106400,True
78,Background,10240,7.32145,7.436072226,0.11462222600000072,1087892,True
77,Background,1048576,7.32232,7.591373536,0.2690535359999995,1087892,True
71,Background,1024,7.32575,7.60690781,0.28115780999999984,10838,True
71,Background,102400,7.32611,7.491811817,0.16570181700000042,106400,True
63,Background,10240,7.32884,7.903611749,0.5747717490000008,10876994,True
74,Background,1048576,7.32943,7.443861284,0.11443128399999924,10838,True
65,Background,1048576,7.32948,7.400814858,0.07133485800000017,106400,True
73,Background,1024,7.33133,7.419992342,0.08866234199999923,10876994,True
103,Background,10485760,7.333,7.44451117,0.11151116999999999,106400,True
79,Background,10240,7.33328,7.626017132,0.29273713200000007,106400,True
63,Background,10240,7.33379,7.678459009,0.3446690090000004,10838,True
76,Background,102400,7.33503,7.424537458,0.08950745799999993,106400,True
90,Background,1048576,7.33657,7.505629659,0.1690596590000002,10876994,True
76,Background,102400,7.33719,7.730981996,0.39379199600000003,106400,True
80,Background,10240,7.33783,7.419433242,0.08160324199999991,1087892,True
76,Background,1048576,7.33805,7.558230996,0.22018099599999985,10876994,True
77,Background,1048576,7.33816,7.533583816,0.19542381599999992,1087892,True
68,Background,102400,7.33881,7.923776628,0.5849666280000001,106400,True
80,Background,102400,7.34092,7.34376945,0.002849450000000253,106400,True
67,Background,102400,7.34102,7.440441758,0.09942175800000008,106400,True
78,Background,10240,7.34166,7.742525776,0.40086577599999984,106400,True
79,Background,102400,7.34357,7.926227172,0.5826571720000002,1244,True
77,Background,10240,7.34495,7.558230996,0.21328099599999994,10876994,True
89,Background,10485760,7.347,7.386354556,0.03935455599999926,106400,True
93,Background,1048576,7.3473,7.429880675,0.08258067499999999,10838,True
72,Background,10240,7.3478,7.491811817,0.144011817,106400,True
76,Background,102400,7.34878,7.452324578,0.10354457800000016,106400,True
68,Background,1024,7.35226,7.494590052,0.14233005200000015,10838,True
72,Background,1048576,7.35226,7.412145919,0.059885919000000065,10838,True
77,Background,10240,7.35276,7.424537458,0.07177745799999968,106400,True
73,Background,10240,7.35369,7.412145919,0.05845591900000002,10838,True
70,Background,10240,7.35379,7.445637993,0.09184799300000002,106400,True
71,Background,10240,7.35916,7.466593593,0.10743359299999966,1087892,True
75,Background,102400,7.36217,7.443861284,0.0816912839999997,10838,True
74,Background,1048576,7.36261,7.412145919,0.049535919000000206,10838,True
64,Background,1024,7.36573,7.376646306,0.010916305999999487,106400,True
77,Background,1024,7.36793,7.730981996,0.3630519959999994,106400,True
91,Background,10240,7.3686,7.456756687,0.08815668700000057,10876994,True
71,Background,102400,7.36914,7.986339093,0.617199093,10876994,True
70,Background,102400,7.37316,7.604434832,0.23127483199999954,10838,True
72,Background,1048576,7.374,7.466593593,0.09259359300000014,1087892,True
59,Background,10485760,7.37672,7.38539945,0.008679450000000699,106400,True
73,Background,10240,7.37854,7.466593593,0.08805359299999971,1087892,True
74,Background,102400,7.37919,7.466593593,0.08740359299999945,1087892,True
73,Background,10240,7.37935,7.851252683,0.4719026830000006,10876994,True
81,Background,104857600,7.3797,7.422734961,0.04303496100000004,106400,True
69,Background,1024,7.38027,7.494590052,0.11432005200000006,10838,True
68,Background,10485760,7.38031,8.094490477,0.7141804770000011,106400,True
80,Background,10485760,7.381,7.626017132,0.24501713200000008,106400,True
88,Background,10240,7.38197,7.496264771,0.11429477099999996,1087892,True
68,Background,10485760,7.38248,7.575684389,0.19320438899999992,10838,True
89,Background,10485760,7.38259,7.496264771,0.11367477099999945,1087892,True
69,Background,10240,7.38324,7.456459534,0.07321953400000059,1087892,True
55,Background,102400,7.38422,7.739493943,0.35527394300000026,106400,True
70,Background,1048576,7.38561,7.494590052,0.1089800520000006,10838,True
68,Background,1024,7.38605,7.440441758,0.0543917580000004,106400,True
78,Background,10240,7.38836,7.424537458,0.03617745800000005,106400,True
71,Background,1048576,7.38997,7.604434832,0.214464832,10838,True
56,Background,102400,7.39141,7.501874752,0.11046475200000039,106400,True
72,Background,102400,7.3951,7.604434832,0.2093348319999997,10838,True
78,Background,1024,7.39561,7.524443187,0.12883318700000057,10838,True
64,Background,10240,7.3963,7.903611749,0.5073117490000003,10876994,True
73,Background,102400,7.40086,7.406899354,0.00603935400000033,106400,True
70,Background,10485760,7.40127,7.471012737,0.06974273699999944,10838,True
72,Background,10240,7.40141,7.60690781,0.20549780999999978,10838,True
74,Background,10485760,7.40377,7.573982279,0.17021227900000024,10838,True
81,Background,10485760,7.40956,7.626017132,0.21645713200000039,106400,True
70,Background,10240,7.41278,7.456459534,0.043679534000000686,1087892,True
82,Background,10240,7.41292,7.568881742,0.15596174200000057,1244,True
64,Background,102400,7.41337,7.509451022,0.0960810220000008,1244,True
72,Background,102400,7.4138,7.986339093,0.5725390929999996,10876994,True
75,Background,10240,7.41398,7.573982279,0.1600022790000004,10838,True
73,Background,10240,7.41534,7.986339093,0.5709990930000002,10876994,True
74,Background,10485760,7.41779,7.545404032,0.12761403200000032,10876994,True
73,Background,1048576,7.41896,7.491811817,0.0728518170000001,106400,True
76,Background,1048576,7.42242,7.573982279,0.1515622790000002,10838,True
78,Background,1024,7.42325,7.591373536,0.16812353599999952,1087892,True
65,Background,10240,7.42541,7.887095807,0.4616858069999994,106400,True
104,Background,10240,7.42545,7.44451117,0.019061170000000516,106400,True
82,Background,1024,7.4267,7.626017132,0.199317132,106400,True
74,Background,102400,7.4287,7.986339093,0.5576390929999997,10876994,True
78,Background,10240,7.42895,7.533583816,0.10463381599999977,1087892,True
79,Background,1024,7.43027,7.436072226,0.0058022260000001324,1087892,True
79,Background,102400,7.43096,7.708143348,0.27718334800000033,106400,True
64,Background,10240,7.43186,7.678459009,0.24659900899999965,10838,True
71,Background,1048576,7.43198,7.456459534,0.024479534000000136,1087892,True
75,Background,10240,7.43257,7.545404032,0.1128340320000003,10876994,True
69,Background,102400,7.43611,7.440441758,0.004331758000000185,106400,True
79,Background,10485760,7.43912,7.542522339,0.10340233899999962,10838,True
105,Background,1048576,7.44374,7.44451117,0.0007711700000001542,106400,True
79,Background,1048576,7.44447,7.742525776,0.298055776,106400,True
75,Background,102400,7.44631,7.549000075,0.10269007499999994,10838,True
80,Background,1048576,7.44798,7.742525776,0.29454577599999965,106400,True
72,Background,1048576,7.44938,7.522277885,0.0728978850000006,10838,True
81,Background,1048576,7.45236,7.742525776,0.29016577600000026,106400,True
90,Background,10240,7.45353,7.496264771,0.042734771000000116,1087892,True
66,Background,102400,7.45373,7.887095807,0.4333658069999995,106400,True
57,Background,102400,7.45828,7.541455724,0.08317572400000017,106400,True
76,Background,10240,7.45874,7.545404032,0.08666403200000072,10876994,True
77,Background,1048576,7.45958,7.545404032,0.08582403200000055,10876994,True
82,Background,1048576,7.46071,7.742525776,0.2818157760000002,106400,True
91,Background,102400,7.46213,7.496264771,0.03413477099999973,1087892,True
74,Background,102400,7.46496,7.851252683,0.38629268300000064,10876994,True
83,Background,10240,7.46507,7.568881742,0.10381174200000043,1244,True
84,Background,102400,7.46519,7.568881742,0.10369174200000053,1244,True
74,Background,102400,7.46736,7.491811817,0.024451817000000098,106400,True
74,Background,102400,7.46756,7.820211407,0.35265140700000064,10838,True
78,Background,10485760,7.46841,7.730981996,0.26257199599999925,106400,True
92,Background,1048576,7.46953,7.786205528,0.3166755280000002,10838,True
70,Background,104857600,7.46956,7.736453027,0.26689302699999917,1087892,True
71,Background,102400,7.47085,7.496787516,0.02593751599999994,10838,True
66,Background,10240,7.47406,7.796392658,0.32233265800000055,1244,True
58,Background,10485760,7.47502,7.541455724,0.06643572400000064,106400,True
83,Background,102400,7.47527,7.626017132,0.15074713200000023,106400,True
59,Background,1024,7.47713,7.541455724,0.06432572400000058,106400,True
81,Background,102400,7.47822,7.602330042,0.12411004199999986,10876994,True
83,Background,1024,7.48233,7.742525776,0.26019577599999977,106400,True
56,Background,10240,7.48364,7.739493943,0.255853943,106400,True
72,Background,10240,7.48397,7.496787516,0.01281751600000014,10838,True
71,Background,102400,7.48754,7.893904599,0.40636459899999977,106400,True
71,Background,10485760,7.4888,7.494590052,0.0057900520000000455,10838,True
75,Background,1048576,7.49153,7.851252683,0.3597226830000002,10876994,True
80,Background,10240,7.4925,7.542522339,0.05002233899999986,10838,True
78,Background,10240,7.49287,7.558230996,0.0653609959999999,10876994,True
60,Background,102400,7.49496,7.698086742,0.20312674200000025,1087892,True
75,Background,102400,7.49597,7.784536252,0.28856625199999986,106400,True
75,Background,10240,7.49727,7.807903418,0.3106334180000001,1244,True
69,Background,10485760,7.50253,7.923776628,0.42124662799999957,106400,True
76,Background,1024,7.50345,7.807903418,0.3044534180000005,1244,True
57,Background,1048576,7.50371,7.739493943,0.23578394300000038,106400,True
76,Background,1048576,7.50604,7.851252683,0.34521268300000063,10876994,True
84,Background,10240,7.50955,7.661936921,0.15238692099999973,1087892,True
94,Background,10240,7.51049,7.528754538,0.018264538000000385,10838,True
91,Background,10485760,7.51148,7.615747629,0.10426762900000064,10876994,True
76,Background,1048576,7.51226,7.599405101,0.08714510099999995,10838,True
77,Background,1024,7.51228,7.704824648,0.19254464800000015,106400,True
70,Background,102400,7.517,7.923776628,0.40677662799999936,106400,True
72,Background,1024,7.51702,7.893904599,0.37688459900000026,106400,True
69,Background,102400,7.51707,8.094490477,0.5774204770000004,106400,True
93,Background,1048576,7.51939,7.786205528,0.2668155280000004,10838,True
61,Background,102400,7.52042,7.698086742,0.17766674200000043,1087892,True
63,Background,102400,7.52329,7.738621346,0.21533134600000015,1087892,True
79,Background,102400,7.52379,7.524443187,0.000653187000000166,10838,True
80,Background,10240,7.524,7.926227172,0.4022271719999999,1244,True
71,Background,1048576,7.52477,7.763839138,0.23906913799999963,106400,True
94,Background,1024,7.52724,7.786205528,0.25896552800000006,10838,True
76,Background,102400,7.53061,7.784536252,0.2539262519999994,106400,True
84,Background,102400,7.53207,7.742525776,0.21045577599999987,106400,True
71,Background,10240,7.53313,7.923776628,0.39064662799999983,106400,True
64,Background,102400,7.53319,7.738621346,0.20543134600000013,1087892,True
61,Background,102400,7.53333,7.611324524,0.07799452399999929,1087892,True
85,Background,10485760,7.53548,7.568881742,0.03340174200000057,1244,True
80,Background,102400,7.53703,7.594819592,0.05778959200000067,106400,True
67,Background,1024,7.53752,7.796392658,0.2588726580000005,1244,True
79,Background,10240,7.54527,7.730981996,0.18571199599999932,106400,True
95,Background,102400,7.54574,7.786205528,0.24046552799999965,10838,True
81,Background,1048576,7.54666,7.624432009,0.07777200900000025,1087892,True
92,Background,102400,7.54756,7.615747629,0.06818762900000053,10876994,True
75,Background,10240,7.54849,7.613828837,0.06533883699999965,106400,True
72,Background,10485760,7.55022,7.763839138,0.21361913799999943,106400,True
77,Background,1048576,7.55048,7.851252683,0.30077268299999993,10876994,True
85,Background,1024,7.55229,7.742525776,0.19023577599999975,106400,True
75,Background,1048576,7.55255,7.986339093,0.4337890929999997,10876994,True
73,Background,102400,7.55273,7.60690781,0.05417780999999966,10838,True
60,Background,1048576,7.55529,7.670102182,0.11481218199999965,106400,True
73,Background,1048576,7.5557,7.95318749,0.3974874900000005,10838,True
75,Background,10240,7.55821,7.820211407,0.2620014070000005,10838,True
77,Background,1048576,7.56212,7.784536252,0.22241625199999948,106400,True
65,Background,1048576,7.56283,7.770676757,0.20784675700000044,10838,True
92,Background,1024,7.5687,7.576578974,0.007878974000000483,1244,True
72,Background,1048576,7.56954,7.89948379,0.32994378999999974,10876994,True
79,Background,1048576,7.57012,7.776692928,0.20657292799999993,1087892,True
76,Background,10240,7.57114,7.68090846,0.10976846000000062,106400,True
81,Background,102400,7.57681,7.926227172,0.3494171719999999,1244,True
80,Background,10485760,7.57702,7.730981996,0.1539619959999996,106400,True
95,Background,10240,7.57893,7.580042098,0.0011120980000001168,10838,True
81,Background,1024,7.5807,7.594819592,0.014119592000000125,106400,True
74,Background,10485760,7.58331,7.95318749,0.36987749000000036,10838,True
57,Background,10240,7.58389,7.713603366,0.12971336599999983,1087892,True
96,Background,1024,7.58712,7.786205528,0.19908552800000034,10838,True
72,Background,1048576,7.58885,7.619545842,0.030695842000000084,106400,True
71,Background,102400,7.59117,7.736453027,0.14528302699999962,1087892,True
73,Background,1024,7.59435,7.893904599,0.2995545989999995,106400,True
76,Background,102400,7.59508,7.986339093,0.3912590929999995,10876994,True
77,Background,1048576,7.59592,7.68090846,0.08498846000000082,106400,True
79,Background,10240,7.59655,7.856048296,0.2594982960000003,106400,True
60,Background,1048576,7.60118,8.149427012,0.548247012,10838,True
62,Background,102400,7.60137,7.611324524,0.00995452399999941,1087892,True
80,Background,102400,7.60216,7.776692928,0.17453292800000053,1087892,True
69,Background,10485760,7.60238,7.860148453,0.25776845299999973,1244,True
81,Background,1048576,7.60298,7.944458668,0.3414786680000006,106400,True
77,Background,104857600,7.60592,7.628461103,0.022541103000000007,10838,True
74,Background,102400,7.6062,7.60690781,0.0007078099999997534,10838,True
82,Background,1048576,7.60762,7.827472522,0.21985252200000005,106400,True
82,Background,1048576,7.60776,7.689899309,0.08213930900000044,106400,True
81,Background,1048576,7.60917,7.776692928,0.16752292800000035,1087892,True
82,Background,1048576,7.60959,7.624432009,0.014842009000000544,1087892,True
77,Background,102400,7.61038,7.721340171,0.11096017099999944,10838,True
70,Background,102400,7.61361,8.094490477,0.48088047700000036,106400,True
70,Background,102400,7.61386,7.837975794,0.22411579400000026,1244,True
66,Background,102400,7.61389,7.770676757,0.15678675700000078,10838,True
77,Background,1048576,7.61407,7.986339093,0.3722690929999999,10876994,True
83,Background,102400,7.61428,7.689899309,0.07561930900000036,106400,True
77,Background,10240,7.61604,7.757960813,0.14192081300000048,1087892,True
82,Background,102400,7.61813,7.958947635,0.3408176350000005,106400,True
81,Background,10240,7.61816,7.672455772,0.054295772000000575,106400,True
61,Background,102400,7.61826,7.670102182,0.05184218199999968,106400,True
68,Background,102400,7.61891,7.796392658,0.17748265800000063,1244,True
73,Background,1048576,7.61922,7.763839138,0.14461913799999948,106400,True
71,Background,10240,7.6204,7.837975794,0.21757579400000004,1244,True
81,Background,10240,7.62367,7.626623148,0.0029531480000004606,106400,True
66,Background,102400,7.6239,7.917892342,0.29399234200000013,106400,True
65,Background,10240,7.62424,7.903611749,0.27937174900000006,10876994,True
58,Background,102400,7.62431,7.739493943,0.1151839429999999,106400,True
86,Background,102400,7.62444,7.808698877,0.18425887700000043,10838,True
96,Background,10485760,7.62652,7.70557179,0.0790517899999994,10838,True
73,Background,10240,7.62786,7.701971576,0.07411157599999996,1244,True
67,Background,10485760,7.62957,7.887095807,0.2575258069999995,106400,True
106,Background,1048576,7.63112,7.694320344,0.06320034400000019,106400,True
58,Background,102400,7.63216,7.713603366,0.08144336600000024,1087892,True
59,Background,10240,7.63264,7.713603366,0.08096336599999976,1087892,True
69,Background,1048576,7.63544,7.643794223,0.008354223000000438,1087892,True
67,Background,1048576,7.63631,7.770676757,0.13436675700000045,10838,True
73,Background,10485760,7.63737,7.664283541,0.026913540999999874,10838,True
78,Background,102400,7.63962,7.721340171,0.08172017099999973,10838,True
78,Background,10240,7.64071,7.704824648,0.06411464799999944,106400,True
83,Background,1048576,7.64431,7.827472522,0.18316252199999994,106400,True
78,Background,102400,7.64579,7.822062697,0.17627269699999992,10838,True
59,Background,10485760,7.64652,7.739493943,0.0929739430000005,106400,True
79,Background,102400,7.64865,7.822062697,0.17341269699999984,10838,True
80,Background,10240,7.64953,7.728262512,0.07873251199999931,1244,True
77,Background,10485760,7.65161,7.807903418,0.15629341800000063,1244,True
78,Background,102400,7.65216,7.784536252,0.13237625199999936,106400,True
78,Background,102400,7.65276,7.757960813,0.10520081300000061,1087892,True
63,Background,10485760,7.65447,7.759222856,0.10475285600000017,10876994,True
86,Background,10485760,7.66721,7.742525776,0.07531577600000006,106400,True
83,Background,102400,7.66919,7.958947635,0.28975763499999996,106400,True
90,Background,1048576,7.66927,7.870503104,0.20123310399999994,1244,True
81,Background,102400,7.67019,7.730981996,0.06079199599999985,106400,True
85,Background,102400,7.67447,7.70962723,0.03515722999999937,1244,True
60,Background,10240,7.67548,7.713603366,0.03812336599999977,1087892,True
67,Background,1024,7.6765,7.917892342,0.24139234200000015,106400,True
80,Background,102400,7.68106,7.932144032,0.2510840319999996,10838,True
75,Background,102400,7.68272,7.95318749,0.2704674900000006,10838,True
72,Background,102400,7.68462,7.736453027,0.05183302699999981,1087892,True
93,Background,10240,7.68468,7.735306008,0.050626008000000056,1087892,True
97,Background,102400,7.68575,7.786205528,0.10045552800000035,10838,True
82,Background,1024,7.68609,7.776692928,0.09060292800000003,1087892,True
84,Background,102400,7.68963,7.689899309,0.0002693090000001064,106400,True
69,Background,10240,7.69309,7.796392658,0.10330265800000049,1244,True
91,Background,1048576,7.69427,7.870503104,0.17623310399999959,1244,True
82,Background,10240,7.69652,7.926227172,0.22970717200000035,1244,True
74,Background,1048576,7.6968,7.800528906,0.10372890600000062,106400,True
64,Background,10485760,7.69755,7.759222856,0.06167285600000039,10876994,True
79,Background,102400,7.69994,7.946993393,0.24705339299999984,106400,True
78,Background,1048576,7.70082,7.7301175,0.0292975000000002,106400,True
65,Background,102400,7.70158,7.738621346,0.03704134600000053,1087892,True
74,Background,102400,7.70545,7.772392509,0.06694250900000043,10838,True
62,Background,10240,7.70591,7.726506488,0.020596487999999802,10838,True
87,Background,10485760,7.70697,7.742525776,0.03555577599999982,106400,True
83,Background,102400,7.70718,7.926227172,0.2190471719999998,1244,True
61,Background,102400,7.71073,7.713603366,0.0028733660000002104,1087892,True
76,Background,1048576,7.71136,7.820211407,0.1088514070000004,10838,True
94,Background,102400,7.71253,7.735306008,0.022776008000000125,1087892,True
72,Background,10485760,7.71258,7.837975794,0.12539579400000012,1244,True
82,Background,10240,7.71362,7.944458668,0.23083866800000052,106400,True
83,Background,1048576,7.71438,7.944458668,0.230078668,106400,True
84,Background,1024,7.71448,7.926227172,0.21174717199999993,1244,True
107,Background,10240,7.71458,7.769931793,0.055351792999999816,10838,True
73,Background,10485760,7.71572,7.808198277,0.09247827699999966,10838,True
78,Background,10240,7.71637,7.986339093,0.2699690929999994,10876994,True
79,Background,1024,7.71943,7.757960813,0.038530813000000386,1087892,True
62,Background,102400,7.72004,8.322692544,0.6026525440000006,106400,True
82,Background,10240,7.7208,7.730981996,0.010181996000000026,106400,True
80,Background,1048576,7.725,7.757960813,0.032960813000000755,1087892,True
63,Background,1024,7.72612,8.322692544,0.5965725440000007,106400,True
65,Background,1024,7.7295,7.871461201,0.14196120099999998,106400,True
73,Background,1024,7.73129,7.736453027,0.005163026999999154,1087892,True
79,Background,1048576,7.73308,7.986339093,0.2532590929999996,10876994,True
73,Background,10240,7.73323,7.837975794,0.10474579400000028,1244,True
80,Background,1024,7.73387,7.822062697,0.08819269700000021,10838,True
85,Background,102400,7.73876,7.926227172,0.18746717199999985,1244,True
84,Background,1024,7.741,7.827472522,0.08647252200000022,106400,True
66,Background,1048576,7.74207,7.871461201,0.1293912009999998,106400,True
70,Background,102400,7.74428,7.796392658,0.05211265800000042,1244,True
81,Background,102400,7.74446,7.932144032,0.18768403199999995,10838,True
74,Background,10240,7.74738,7.823786426,0.07640642600000014,1244,True
81,Background,102400,7.7478,8.033823763,0.2860237629999993,10838,True
98,Background,1024,7.75168,7.786205528,0.03452552799999964,10838,True
62,Background,10240,7.75248,8.408841115,0.6563611149999993,10838,True
74,Background,1048576,7.75286,7.808198277,0.055338276999999714,10838,True
79,Background,102400,7.75389,7.892893891,0.13900389099999977,1087892,True
92,Background,102400,7.75462,7.870503104,0.1158831039999999,1244,True
86,Background,1048576,7.75562,7.926227172,0.17060717199999953,1244,True
95,Background,10240,7.75713,7.887852289,0.1307222889999995,10838,True
82,Background,1024,7.7647,8.033823763,0.26912376299999874,10838,True
63,Background,102400,7.76552,7.954080824,0.18856082399999963,1244,True
68,Background,102400,7.76719,7.917892342,0.15070234199999977,106400,True
96,Background,1048576,7.76826,7.887852289,0.11959228899999985,10838,True
97,Background,104857600,7.77069,8.020079444,0.24938944400000018,106400,True
81,Background,10240,7.77642,7.878243006,0.10182300600000005,10838,True
79,Background,1048576,7.77707,8.012410412,0.23534041199999933,106400,True
68,Background,1024,7.77765,7.887095807,0.10944580699999928,106400,True
74,Background,10240,7.7783,7.837975794,0.05967579400000034,1244,True
69,Background,10240,7.77867,7.887095807,0.10842580699999971,106400,True
97,Background,10240,7.78054,7.887852289,0.10731228899999934,10838,True
76,Background,1024,7.78142,8.672210448,0.8907904479999997,1087892,True
75,Background,10485760,7.78337,7.823786426,0.04041642600000017,1244,True
80,Background,102400,7.78338,7.946993393,0.16361339299999944,106400,True
108,Background,102400,7.78424,7.979556803,0.19531680300000076,10838,True
64,Background,102400,7.78479,7.954080824,0.16929082399999995,1244,True
61,Background,1024,7.7865,8.149427012,0.3629270120000001,10838,True
87,Background,10240,7.7913,7.808698877,0.017398877000000645,10838,True
66,Background,102400,7.79169,7.903611749,0.1119217490000004,10876994,True
62,Background,1048576,7.79254,8.149427012,0.3568870120000005,10838,True
75,Background,10240,7.79305,7.86971422,0.07666421999999962,106400,True
78,Background,10240,7.79448,7.851252683,0.05677268300000016,10876994,True
80,Background,1048576,7.7947,7.892893891,0.0981938910000002,1087892,True
72,Background,1048576,7.79527,7.923776628,0.12850662799999935,106400,True
70,Background,1048576,7.79571,7.887095807,0.09138580699999999,106400,True
75,Background,102400,7.79765,7.808198277,0.010548276999999828,10838,True
80,Background,10240,7.79878,7.986339093,0.18755909299999995,10876994,True
71,Background,10240,7.79935,8.094490477,0.29514047700000123,106400,True
87,Background,102400,7.79996,7.926227172,0.12626717200000037,1244,True
80,Background,1024,7.80018,7.925394781,0.1252147809999995,1087892,True
70,Background,1048576,7.8015,7.860148453,0.05864845299999999,1244,True
63,Background,102400,7.80458,8.408841115,0.6042611149999999,10838,True
88,Background,1024,7.80691,8.052919849,0.246009849,1087892,True
63,Background,102400,7.80966,8.149427012,0.33976701200000026,10838,True
75,Background,102400,7.80981,8.027715982,0.21790598200000044,10876994,True
80,Background,1024,7.80988,7.856048296,0.046168296000000275,106400,True
65,Background,102400,7.81192,7.947957788,0.13603778800000033,10838,True
89,Background,102400,7.81541,8.052919849,0.23750984900000027,1087892,True
85,Background,1024,7.81661,7.827472522,0.010862522000000041,106400,True
98,Background,102400,7.8176,8.020079444,0.20247944400000062,106400,True
81,Background,1024,7.81791,7.892893891,0.07498389099999958,1087892,True
66,Background,1048576,7.82015,7.998036247,0.177886247,1244,True
86,Background,10240,7.82085,7.948756507,0.12790650699999961,1087892,True
83,Background,10240,7.82175,7.908426915,0.08667691499999997,106400,True
88,Background,10240,7.82212,7.84151875,0.019398749999999687,106400,True
71,Background,1024,7.83285,8.664528522,0.8316785219999998,106400,True
67,Background,10240,7.83472,7.998036247,0.16331624700000003,1244,True
98,Background,10240,7.83533,7.887852289,0.05252228899999967,10838,True
78,Background,102400,7.84115,8.227713351,0.3865633510000004,106400,True
84,Background,102400,7.84305,8.033764641,0.19071464099999957,106400,True
72,Background,1048576,7.84705,8.094490477,0.2474404770000005,106400,True
99,Background,10240,7.8511,8.010788009,0.1596880090000008,1087892,True
81,Background,10485760,7.85531,7.986339093,0.13102909299999954,10876994,True
77,Background,10485760,7.85624,8.055043098,0.19880309800000084,1087892,True
88,Background,10240,7.85624,7.926227172,0.06998717200000026,1244,True
76,Background,102400,7.85665,7.9444099,0.0877599,10876994,True
64,Background,1024,7.8571,8.149427012,0.29232701200000033,10838,True
66,Background,10240,7.85863,7.947957788,0.0893277880000003,10838,True
87,Background,10240,7.85895,7.948756507,0.08980650699999959,1087892,True
82,Background,1048576,7.86273,7.892893891,0.030163890999999943,1087892,True
77,Background,10485760,7.86806,7.893176302,0.025116301999999813,106400,True
79,Background,10240,7.86969,8.490514243,0.6208242429999995,10838,True
99,Background,102400,7.87173,7.887852289,0.016122288999999235,10838,True
93,Background,1024,7.87558,8.035656814,0.16007681399999907,10838,True
77,Background,102400,7.87692,8.23836338,0.361443379999999,1087892,True
99,Background,10485760,7.87972,8.020079444,0.14035944400000044,106400,True
84,Background,10240,7.87986,7.908426915,0.02856691499999986,106400,True
64,Background,10485760,7.88066,8.322692544,0.4420325440000008,106400,True
85,Background,1048576,7.88921,8.033764641,0.14455464099999915,106400,True
68,Background,1048576,7.8924,7.998036247,0.10563624699999963,1244,True
86,Background,102400,7.89372,7.999373119,0.1056531190000003,106400,True
80,Background,10240,7.89452,7.995633884,0.1011138840000001,10838,True
65,Background,102400,7.89776,8.149427012,0.2516670120000004,10838,True
94,Background,102400,7.90088,8.035656814,0.1347768139999994,10838,True
93,Background,1024,7.90424,8.049887256,0.14564725600000017,1087892,True
77,Background,10240,7.90448,7.9444099,0.03992989999999974,10876994,True
76,Background,10240,7.9073,8.254053628,0.3467536279999992,10876994,True
67,Background,104857600,7.908,8.184245724,0.2762457239999998,10838,True
81,Background,10240,7.91285,8.158528659,0.2456786590000002,10838,True
85,Background,10240,7.91385,7.97251243,0.05866243000000004,106400,True
69,Background,10240,7.91659,7.917892342,0.0013023419999997898,106400,True
86,Background,1048576,7.91692,7.97251243,0.055592429999999915,106400,True
82,Background,10240,7.92122,7.927808399,0.006588398999999967,10838,True
94,Background,102400,7.92195,8.049887256,0.12793725600000005,1087892,True
77,Background,10240,7.92353,8.254053628,0.330523627999999,10876994,True
83,Background,1048576,7.92355,7.927808399,0.004258399000000246,10838,True
73,Background,102400,7.92393,8.094490477,0.17056047700000043,106400,True
88,Background,1048576,7.92558,7.948756507,0.023176506999999624,1087892,True
64,Background,102400,7.92643,8.408841115,0.48241111499999967,10838,True
89,Background,10240,7.92684,7.948756507,0.021916506999999363,1087892,True
90,Background,102400,7.92891,7.948756507,0.01984650699999957,1087892,True
81,Background,1048576,7.93242,7.946993393,0.014573393000000046,106400,True
78,Background,10240,7.93329,8.23836338,0.30507337999999873,1087892,True
90,Background,102400,7.93363,8.052919849,0.11928984900000028,1087892,True
82,Background,1048576,7.93512,7.986339093,0.05121909299999938,10876994,True
74,Background,10240,7.93682,8.12149874,0.18467873999999984,10838,True
74,Background,1024,7.93931,8.153614732,0.21430473199999955,1244,True
85,Background,1048576,7.94143,7.987399167,0.04596916699999998,1087892,True
79,Background,102400,7.94314,8.23836338,0.2952233799999995,1087892,True
83,Background,10240,7.95151,8.033823763,0.08231376299999926,10838,True
95,Background,1024,7.952,8.049887256,0.09788725599999992,1087892,True
89,Background,10240,7.95321,8.012412253,0.05920225300000048,106400,True
76,Background,102400,7.95607,8.027715982,0.07164598199999972,10876994,True
78,Background,102400,7.95936,8.254053628,0.2946936279999992,10876994,True
70,Background,1048576,7.96028,8.19359836,0.23331835999999928,1244,True
75,Background,102400,7.96671,8.12149874,0.15478873999999987,10838,True
74,Background,1024,7.96792,8.094490477,0.12657047700000046,106400,True
78,Background,10240,7.96809,7.970752613,0.002662613000000036,106400,True
87,Background,102400,7.96869,7.999373119,0.030683119000000758,106400,True
81,Background,10240,7.97002,8.219228839,0.24920883899999957,106400,True
71,Background,1024,7.97162,8.053143803,0.08152380299999962,10838,True
80,Background,102400,7.97617,8.012410412,0.03624041199999972,106400,True
79,Background,102400,7.97672,8.082408855,0.10568885500000036,106400,True
95,Background,102400,7.97706,8.035656814,0.0585968139999995,10838,True
84,Background,1048576,7.97977,8.010217499,0.030447498999999212,10838,True
60,Background,102400,7.97981,8.298415999,0.31860599899999986,106400,True
67,Background,1048576,7.98009,8.001117591,0.02102759100000018,1244,True
79,Background,102400,7.98148,8.254053628,0.27257362799999907,10876994,True
79,Background,102400,7.98202,8.227713351,0.2456933509999999,106400,True
77,Background,1024,7.98258,8.672210448,0.689630448,1087892,True
84,Background,102400,7.98266,8.033823763,0.05116376299999903,10838,True
80,Background,102400,7.98646,8.23836338,0.251903379999999,1087892,True
80,Background,102400,7.98885,8.227713351,0.238863351,106400,True
79,Background,104857600,7.99043,8.530292414,0.5398624139999999,106400,True
72,Background,1048576,7.99117,8.053143803,0.061973802999998995,10838,True
78,Background,10240,7.99244,8.672210448,0.6797704479999993,1087892,True
68,Background,10240,7.99363,8.119356504,0.12572650400000107,106400,True
69,Background,102400,7.99539,7.998036247,0.002646246999999491,1244,True
75,Background,10240,7.99757,8.094490477,0.09692047700000117,106400,True
81,Background,102400,7.99882,8.035512014,0.03669201399999977,10838,True
86,Background,10485760,8.00038,8.033764641,0.033384640999999604,106400,True
96,Background,10240,8.00196,8.035656814,0.03369681399999891,10838,True
82,Background,1048576,8.00317,8.218878812,0.21570881199999903,106400,True
82,Background,1024,8.00468,8.219228839,0.214548838999999,106400,True
73,Background,10485760,8.01061,8.069502723,0.05889272299999959,106400,True
81,Background,1048576,8.01204,8.23836338,0.2263233799999984,1087892,True
76,Background,102400,8.01248,8.162880488,0.15040048800000072,1087892,True
88,Background,10240,8.01408,8.047173891,0.03309389100000004,1087892,True
76,Background,1048576,8.01494,8.12149874,0.10655874000000054,10838,True
83,Background,1024,8.01495,8.219228839,0.20427883899999877,106400,True
77,Background,1024,8.01495,8.12149874,0.10654873999999914,10838,True
81,Background,10485760,8.0155,8.227713351,0.21221335100000083,106400,True
82,Background,10240,8.016,8.153167304,0.1371673040000001,10876994,True
86,Background,10240,8.01642,8.146488156,0.1300681560000001,1087892,True
83,Background,102400,8.01728,8.160020684,0.14274068399999962,1087892,True
81,Background,1048576,8.01764,8.045014214,0.027374213999999952,1087892,True
83,Background,102400,8.01913,8.153167304,0.13403730399999958,10876994,True
82,Background,10240,8.02173,8.227713351,0.20598335100000043,106400,True
83,Background,1024,8.0228,8.244565013,0.22176501300000062,108768230,True
67,Background,10485760,8.02289,8.137643188,0.1147531879999999,10838,True
78,Background,10240,8.02475,8.12149874,0.09674874000000067,10838,True
76,Background,10485760,8.02525,8.094490477,0.06924047700000102,106400,True
87,Background,102400,8.02568,8.146488156,0.12080815600000072,1087892,True
90,Background,1024,8.02709,8.158051404,0.13096140400000067,106400,True
79,Background,102400,8.03639,8.12149874,0.08510873999999902,10838,True
71,Background,102400,8.03683,8.134518404,0.09768840399999945,10838,True
82,Background,1048576,8.03819,8.158528659,0.12033865899999974,10838,True
75,Background,1024,8.03871,8.153614732,0.1149047319999994,1244,True
96,Background,104857600,8.04023,8.049887256,0.009657256000000558,1087892,True
82,Background,102400,8.04202,8.04990849,0.007888489999999138,1087892,True
80,Background,102400,8.0491,8.254053628,0.20495362800000017,10876994,True
73,Background,102400,8.05051,8.053143803,0.0026338030000001567,10838,True
84,Background,10240,8.05262,8.077701299,0.025081299,106400,True
83,Background,102400,8.05466,8.298644888,0.24398488799999996,108768230,True
78,Background,1048576,8.05529,8.325605037,0.27031503700000137,1244,True
80,Background,1048576,8.058,8.490514243,0.43251424299999996,10838,True
77,Background,10240,8.05832,8.094490477,0.036170477000000645,106400,True
72,Background,102400,8.0595,8.134518404,0.0750184039999997,10838,True
82,Background,102400,8.0615,8.285287469,0.22378746899999946,106400,True
61,Background,102400,8.06284,8.298415999,0.23557599899999992,106400,True
79,Background,10240,8.06513,8.672210448,0.6070804479999996,1087892,True
85,Background,102400,8.06517,8.095353004,0.030183003999999514,10876994,True
87,Background,1024,8.06558,8.304549602,0.23896960199999917,106400,True
73,Background,1048576,8.06582,8.1306147,0.0647947000000002,106400,True
82,Background,1048576,8.06999,8.23836338,0.16837337999999846,1087892,True
84,Background,10240,8.07023,8.160020684,0.08979068399999868,1087892,True
84,Background,1048576,8.07517,8.219228839,0.1440588389999995,106400,True
68,Background,10240,8.07562,8.187558163,0.11193816299999959,1087892,True
84,Background,104857600,8.07632,8.153167304,0.07684730399999928,10876994,True
82,Background,10240,8.07723,8.217364841,0.14013484100000007,1087892,True
78,Background,10240,8.07862,8.094490477,0.015870476999999994,106400,True
78,Background,10240,8.08257,8.442496889,0.3599268889999987,10838,True
81,Background,102400,8.08624,8.254053628,0.16781362799999933,10876994,True
79,Background,1048576,8.08671,8.094490477,0.0077804770000007295,106400,True
71,Background,10240,8.0868,8.19359836,0.10679835999999909,1244,True
72,Background,10240,8.0883,8.664528522,0.5762285219999992,106400,True
79,Background,102400,8.08889,8.606055667,0.5171656670000004,10876994,True
83,Background,10240,8.09408,8.285287469,0.19120746900000007,106400,True
91,Background,102400,8.09438,8.180119419,0.08573941900000115,10838,True
83,Background,10240,8.09607,8.414093048,0.3180230480000006,10838,True
68,Background,1048576,8.09647,8.184245724,0.08777572400000011,10838,True
72,Background,102400,8.1002,8.19359836,0.09339836000000012,1244,True
92,Background,10485760,8.10246,8.180119419,0.07765941899999973,10838,True
62,Background,10240,8.10307,8.298415999,0.19534599899999883,106400,True
109,Background,102400,8.10307,8.290668718,0.1875987179999985,1087892,True
110,Background,1024,8.10556,8.290668718,0.18510871799999862,1087892,True
73,Background,1048576,8.11004,8.134518404,0.024478403999999898,10838,True
80,Background,1024,8.11194,8.606055667,0.4941156669999991,10876994,True
83,Background,10240,8.11207,8.23836338,0.1262933799999999,1087892,True
63,Background,10240,8.11552,8.298415999,0.18289599899999942,106400,True
64,Background,102400,8.11712,8.298415999,0.1812959989999996,106400,True
85,Background,104857600,8.11757,8.163409226,0.04583922600000001,1087892,True
65,Background,102400,8.11823,8.298415999,0.180185998999999,106400,True
100,Background,10240,8.11879,8.302297027,0.1835070269999992,10876994,True
87,Background,102400,8.12251,8.137601304,0.01509130400000025,106400,True
89,Background,102400,8.12373,8.296770989,0.17304098900000042,10838,True
84,Background,102400,8.12428,8.136428424,0.01214842399999938,106400,True
83,Background,1048576,8.12804,8.218878812,0.09083881199999944,106400,True
68,Background,1024,8.12875,8.137643188,0.008893188000000052,10838,True
80,Background,102400,8.13016,8.672210448,0.5420504479999995,1087892,True
86,Background,10485760,8.13063,8.214563012,0.08393301199999925,10838,True
97,Background,10240,8.13438,8.191288796,0.056908796000000095,10838,True
79,Background,10240,8.13609,8.325605037,0.18951503700000139,1244,True
83,Background,10240,8.13815,8.158528659,0.020378659000000354,10838,True
98,Background,102400,8.13892,8.191288796,0.05236879599999966,10838,True
80,Background,10485760,8.14008,8.530292414,0.3902124140000005,106400,True
81,Background,10485760,8.14391,8.530292414,0.38638241399999984,106400,True
76,Background,10485760,8.14779,8.418347897,0.27055789699999977,10838,True
84,Background,102400,8.14791,8.23836338,0.09045337999999958,1087892,True
88,Background,10240,8.14818,8.268430792,0.12025079200000022,106400,True
80,Background,10240,8.14909,8.436104774,0.2870147740000011,1087892,True
81,Background,1048576,8.15122,8.412677906,0.2614579060000004,10838,True
82,Background,102400,8.15766,8.412677906,0.25501790600000085,10838,True
91,Background,102400,8.16099,8.244714509,0.08372450899999961,10838,True
101,Background,102400,8.16153,8.302297027,0.140767026999999,10876994,True
82,Background,1048576,8.16181,8.530292414,0.3684824140000007,106400,True
84,Background,10240,8.16297,8.285287469,0.1223174690000004,106400,True
74,Background,1048576,8.16372,8.937996033,0.7742760329999996,106400,True
93,Background,102400,8.16705,8.180119419,0.013069419000000693,10838,True
100,Background,102400,8.16711,8.31730329,0.1501932900000007,1087892,True
66,Background,102400,8.16711,8.298415999,0.13130599900000028,106400,True
86,Background,1048576,8.16754,8.563408268,0.3958682679999992,10838,True
99,Background,10240,8.17124,8.191288796,0.02004879600000109,10838,True
83,Background,102400,8.17185,8.217364841,0.04551484100000103,1087892,True
84,Background,1048576,8.17196,8.414093048,0.24213304799999946,10838,True
77,Background,1048576,8.17394,8.488575569,0.314635569,1087892,True
85,Background,102400,8.17591,8.301905389,0.12599538899999985,106400,True
84,Background,102400,8.17731,8.217364841,0.0400548409999999,1087892,True
85,Background,10240,8.18037,8.186549601,0.006179600999999479,106400,True
84,Background,1024,8.18071,8.39001296,0.20930296000000048,106400,True
70,Background,102400,8.18766,8.396550171,0.20889017100000018,10838,True
69,Background,1048576,8.19203,8.376907471,0.18487747100000007,10838,True
111,Background,1048576,8.19274,8.290668718,0.09792871799999858,1087892,True
474,Incast,500000,8.193646751,8.213591908,0.019945157000000435,518738,False
479,Incast,500000,8.193646751,8.204832744,0.01118599300000156,518738,False
442,Incast,500000,8.193646751,8.210018343,0.01637159200000049,518738,False
473,Incast,500000,8.193646751,8.207162557,0.013515806000000907,518738,False
443,Incast,500000,8.193646751,8.213785263,0.02013851200000083,518738,False
453,Incast,500000,8.193646751,8.209905473,0.016258721999999892,518738,False
451,Incast,500000,8.193646751,8.209288736,0.015641985000000247,518738,False
444,Incast,500000,8.193646751,8.213658444,0.02001169300000072,518738,False
455,Incast,500000,8.193646751,8.212824026,0.01917727500000055,518738,False
445,Incast,500000,8.193646751,8.210637603,0.016990852000001055,518738,False
446,Incast,500000,8.193646751,8.207402305,0.013755554000001169,518738,False
447,Incast,500000,8.193646751,8.212720759,0.019074008000000475,518738,False
452,Incast,500000,8.193646751,8.211166524,0.017519773000000072,518738,False
450,Incast,500000,8.193646751,8.210660849,0.017014098000000644,518738,False
440,Incast,500000,8.193646751,8.21263554,0.01898878900000156,518738,False
449,Incast,500000,8.193646751,8.212687893,0.019041142000000733,518738,False
470,Incast,500000,8.193646751,8.212678115,0.01903136399999994,518738,False
469,Incast,500000,8.193646751,8.205995432,0.012348681000000639,518738,False
448,Incast,500000,8.193646751,8.209239661,0.015592910000000515,518738,False
471,Incast,500000,8.193646751,8.210783016,0.017136265000001316,518738,False
478,Incast,500000,8.193646751,8.208968542,0.015321790999999862,518738,False
472,Incast,500000,8.193646751,8.205928896,0.012282145000000355,518738,False
435,Incast,500000,8.193646751,8.211936587,0.018289836000001003,518738,False
434,Incast,500000,8.193646751,8.207744295,0.014097544000000184,518738,False
476,Incast,500000,8.193646751,8.210997858,0.01735110700000142,518738,False
433,Incast,500000,8.193646751,8.204228288,0.010581537000000196,518738,False
456,Incast,500000,8.193646751,8.204252977,0.010606226000000163,518738,False
438,Incast,500000,8.193646751,8.212785852,0.01913910100000038,518738,False
477,Incast,500000,8.193646751,8.209963351,0.016316600000001458,518738,False
475,Incast,500000,8.193646751,8.211701543,0.01805479200000093,518738,False
437,Incast,500000,8.193646751,8.210166649,0.01651989800000031,518738,False
436,Incast,500000,8.193646751,8.207890196,0.014243444999999966,518738,False
441,Incast,500000,8.193646751,8.209632854,0.01598610300000125,518738,False
439,Incast,500000,8.193646751,8.209817773,0.01617102199999998,518738,False
432,Incast,500000,8.193646751,8.212214382,0.018567631000001583,518738,False
454,Incast,500000,8.193646751,8.21211231,0.01846555900000091,518738,False
420,Incast,500000,8.193646751,8.210923626,0.017276875000000302,518738,False
457,Incast,500000,8.193646751,8.213907433,0.020260681999999974,518738,False
458,Incast,500000,8.193646751,8.213754802,0.020108051000001126,518738,False
421,Incast,500000,8.193646751,8.208998522,0.015351771000000625,518738,False
459,Incast,500000,8.193646751,8.202933098,0.009286347000001527,518738,False
460,Incast,500000,8.193646751,8.210714075,0.017067324000000994,518738,False
468,Incast,500000,8.193646751,8.206823294,0.013176543000000152,518738,False
431,Incast,500000,8.193646751,8.210670627,0.017023876000001437,518738,False
430,Incast,500000,8.193646751,8.212945073,0.019298322000000923,518738,False
467,Incast,500000,8.193646751,8.20117831,0.007531559000000243,518738,False
429,Incast,500000,8.193646751,8.213540283,0.019893532000001102,518738,False
427,Incast,500000,8.193646751,8.209701694,0.01605494300000032,518738,False
428,Incast,500000,8.193646751,8.21110576,0.017459009000001302,518738,False
426,Incast,500000,8.193646751,8.205007024,0.011360273000001087,518738,False
425,Incast,500000,8.193646751,8.211891215,0.01824446400000035,518738,False
424,Incast,500000,8.193646751,8.211534723,0.017887972000000474,518738,False
465,Incast,500000,8.193646751,8.212599788,0.01895303700000106,518738,False
464,Incast,500000,8.193646751,8.207742213,0.014095462000000225,518738,False
463,Incast,500000,8.193646751,8.209635287,0.015988536000000053,518738,False
423,Incast,500000,8.193646751,8.212919422,0.019272671000001296,518738,False
462,Incast,500000,8.193646751,8.20889912,0.015252369000000598,518738,False
422,Incast,500000,8.193646751,8.213797927,0.020151176000000603,518738,False
466,Incast,500000,8.193646751,8.207379911,0.013733160000001021,518738,False
461,Incast,500000,8.193646751,8.208094779,0.014448028000000335,518738,False
69,Background,10485760,8.20217,8.817159147,0.6149891469999993,106400,True
82,Background,102400,8.203,8.254053628,0.05105362800000002,10876994,True
77,Background,10240,8.20473,8.327413626,0.1226836260000006,10876994,True
91,Background,1024,8.20586,8.266248684,0.06038868400000119,1244,True
85,Background,10240,8.20747,8.217364841,0.009894840999999488,1087892,True
70,Background,102400,8.20784,8.376907471,0.16906747100000175,10838,True
81,Background,1048576,8.20947,8.490514243,0.2810442430000002,10838,True
83,Background,102400,8.21083,8.254053628,0.04322362799999979,10876994,True
80,Background,10240,8.21337,8.325605037,0.11223503700000137,1244,True
75,Background,1024,8.21563,8.636520144,0.42089014399999947,1244,True
87,Background,102400,8.21668,8.563408268,0.3467282679999997,10838,True
82,Background,1024,8.21789,8.542623136,0.324733135999999,10838,True
102,Background,1048576,8.21809,8.302297027,0.08420702699999971,10876994,True
84,Background,102400,8.21972,8.254053628,0.03433362799999884,10876994,True
88,Background,102400,8.22016,8.304549602,0.0843896019999999,106400,True
85,Background,102400,8.22245,9.139586315,0.9171363150000005,1087892,True
67,Background,1024,8.22254,8.298415999,0.07587599899999908,106400,True
92,Background,102400,8.22536,8.244714509,0.019354508999999354,10838,True
85,Background,1024,8.22569,8.23836338,0.012673379999998957,1087892,True
70,Background,102400,8.2291,8.817159147,0.5880591469999992,106400,True
78,Background,10240,8.23162,8.327413626,0.09579362600000074,10876994,True
88,Background,1048576,8.23215,8.450252497,0.2181024969999985,10838,True
78,Background,1024,8.23475,8.488575569,0.253825569,1087892,True
84,Background,1048576,8.23682,8.296233184,0.059413184000000285,10838,True
74,Background,102400,8.23722,8.298620844,0.061400843999999566,1087892,True
80,Background,102400,8.23795,9.091101067,0.8531510670000007,1087892,True
83,Background,10485760,8.24054,8.542623136,0.30208313600000025,10838,True
75,Background,10240,8.24226,8.937996033,0.6957360329999993,106400,True
85,Background,1048576,8.24678,8.285287469,0.03850746900000068,106400,True
89,Background,10485760,8.24935,8.268430792,0.019080792000000457,106400,True
65,Background,102400,8.25004,8.322692544,0.07265254400000032,106400,True
86,Background,1024,8.25099,8.301905389,0.05091538900000003,106400,True
82,Background,1024,8.25375,8.490514243,0.23676424299999965,10838,True
83,Background,1048576,8.25693,8.371117332,0.1141873320000002,1244,True
79,Background,10485760,8.25742,8.488575569,0.23115556900000023,1087892,True
70,Background,10485760,8.25896,8.357943228,0.09898322799999981,1087892,True
88,Background,102400,8.26044,8.563408268,0.30296826800000076,10838,True
85,Background,10240,8.26128,8.39001296,0.12873296000000067,106400,True
71,Background,102400,8.26259,8.817159147,0.5545691470000005,106400,True
69,Background,102400,8.2627,8.427843129,0.16514312899999872,106400,True
93,Background,10240,8.26319,8.411160268,0.1479702679999999,10876994,True
87,Background,1024,8.26457,8.301905389,0.037335388999999,106400,True
84,Background,10240,8.26805,8.888113176,0.6200631759999986,1087892,True
65,Background,10240,8.2681,8.423647104,0.15554710400000005,106400,True
85,Background,1048576,8.2703,8.398098854,0.1277988539999999,106400,True
92,Background,1048576,8.27378,8.633880519,0.3601005189999995,1087892,True
76,Background,10240,8.27553,8.636520144,0.3609901440000005,1244,True
87,Background,102400,8.27596,8.761416473,0.48545647300000105,1087892,True
84,Background,1024,8.27633,8.542623136,0.2662931359999998,10838,True
85,Background,102400,8.27879,8.891588758,0.6127987579999985,10838,True
101,Background,10485760,8.28302,8.31730329,0.03428328999999941,1087892,True
84,Background,102400,8.28312,8.371117332,0.08799733200000048,1244,True
71,Background,1024,8.28323,8.396550171,0.1133201709999998,10838,True
97,Background,102400,8.28426,8.332417033,0.04815703300000074,106400,True
69,Background,1024,8.28588,8.354581538,0.06870153799999912,1087892,True
85,Background,104857600,8.28859,8.301778446,0.013188446000000908,106400,True
83,Background,102400,8.28917,8.391046553,0.10187655300000031,106400,True
80,Background,1048576,8.28943,8.420833526,0.13140352599999972,1244,True
73,Background,102400,8.28989,8.485442284,0.1955522839999997,106400,True
88,Background,1048576,8.29099,8.301905389,0.01091538899999911,106400,True
81,Background,102400,8.29374,8.325605037,0.031865037000001095,1244,True
80,Background,102400,8.29439,8.488575569,0.19418556900000006,1087892,True
89,Background,10240,8.29472,8.304549602,0.009829601999999937,106400,True
85,Background,102400,8.2952,8.414093048,0.11889304800000033,10838,True
83,Background,1024,8.29524,8.490514243,0.19527424300000007,10838,True
79,Background,10240,8.29545,8.442496889,0.14704688899999852,10838,True
85,Background,104857600,8.29909,8.888113176,0.5890231759999995,1087892,True
86,Background,1024,8.30182,8.301778446,-4.1553999999166535e-05,106400,True
86,Background,102400,8.30263,8.891588758,0.5889587579999986,10838,True
70,Background,102400,8.30273,8.354581538,0.05185153799999931,1087892,True
89,Background,102400,8.30526,8.563408268,0.25814826799999935,10838,True
90,Background,1024,8.30574,8.559773248,0.2540332480000007,1244,True
66,Background,10485760,8.30855,8.322692544,0.014142544000000257,106400,True
86,Background,102400,8.31121,8.414093048,0.10288304799999892,10838,True
81,Background,10485760,8.31343,8.420833526,0.1074035259999988,1244,True
65,Background,1024,8.31497,8.408841115,0.0938711149999989,10838,True
84,Background,10485760,8.31549,8.441496259,0.12600625899999862,106400,True
78,Background,1024,8.3157,8.316915606,0.0012156060000005908,106400,True
74,Background,10240,8.31884,8.431780179,0.11294017900000064,106400,True
81,Background,10240,8.32156,8.436104774,0.11454477400000052,1087892,True
82,Background,102400,8.32657,8.436104774,0.10953477400000011,1087892,True
71,Background,1048576,8.32985,8.376907471,0.04705747100000046,10838,True
76,Background,1048576,8.33135,8.937996033,0.6066460329999988,106400,True
84,Background,1024,8.3322,8.391046553,0.05884655300000041,106400,True
79,Background,1048576,8.33413,8.434839222,0.10070922200000076,1087892,True
84,Background,10240,8.33482,8.490514243,0.15569424299999923,10838,True
85,Background,10240,8.33593,8.542623136,0.20669313600000017,10838,True
85,Background,10240,8.33946,8.862191752,0.5227317519999986,10838,True
85,Background,102400,8.34055,8.490514243,0.14996424299999944,10838,True
93,Background,1048576,8.34303,8.633880519,0.29085051899999925,1087892,True
87,Background,10240,8.34336,8.414093048,0.07073304799999924,10838,True
94,Background,1024,8.34704,8.872612444,0.5255724439999998,1087892,True
86,Background,102400,8.34848,8.862191752,0.513711751999999,10838,True
91,Background,102400,8.34866,8.559773248,0.2111132480000002,1244,True
86,Background,1048576,8.35187,8.390334137,0.038464137000000065,106400,True
72,Background,1048576,8.35254,8.376907471,0.024367471000001473,10838,True
86,Background,1048576,8.35445,8.888113176,0.5336631759999992,1087892,True
76,Background,10485760,8.35624,8.38859392,0.03235392000000026,106400,True
94,Background,10240,8.35869,8.633880519,0.2751905190000006,1087892,True
75,Background,10485760,8.35874,8.431780179,0.07304017900000126,106400,True
68,Background,1024,8.35953,8.756318101,0.3967881010000003,106400,True
85,Background,1024,8.36174,8.371117332,0.00937733200000146,1244,True
87,Background,1024,8.36384,8.888113176,0.5242731759999995,1087892,True
103,Background,10240,8.36548,8.855378531,0.4898985309999997,1087892,True
86,Background,1048576,8.36624,8.542623136,0.1763831360000001,10838,True
100,Background,1024,8.36802,8.704484761,0.3364647610000002,10838,True
89,Background,10485760,8.36916,8.381038562,0.011878561999999704,106400,True
87,Background,10240,8.37052,8.390334137,0.01981413699999912,106400,True
112,Background,1024,8.3724,8.448401833,0.07600183299999941,1087892,True
86,Background,10240,8.37268,8.39001296,0.017332959999999176,106400,True
87,Background,10485760,8.37284,8.39001296,0.017172959999999904,106400,True
83,Background,1024,8.37373,8.436104774,0.062374774000000244,1087892,True
66,Background,1024,8.37378,8.423647104,0.049867104000000495,106400,True
90,Background,1048576,8.37468,8.873832303,0.4991523030000007,1244,True
82,Background,10240,8.37958,8.869599449,0.49001944900000005,106400,True
75,Background,102400,8.37987,8.443638192,0.0637681919999995,106400,True
77,Background,1024,8.38112,8.636520144,0.2554001440000011,1244,True
87,Background,10240,8.38161,8.720267209,0.33865720899999907,10876994,True
104,Background,10485760,8.38349,8.855378531,0.4718885309999994,1087892,True
67,Background,102400,8.38377,8.598429056,0.21465905600000035,10838,True
95,Background,1024,8.38562,8.872612444,0.4869924440000002,1087892,True
87,Background,10485760,8.38687,8.891588758,0.5047187579999992,10838,True
81,Background,10240,8.38965,8.672210448,0.2825604479999999,1087892,True
88,Background,10485760,8.39028,8.888113176,0.49783317599999855,1087892,True
86,Background,10485760,8.39265,8.610613971,0.21796397099999965,106400,True
98,Background,1024,8.39666,8.586158704,0.18949870400000002,1244,True
88,Background,102400,8.39699,8.891588758,0.49459875799999864,10838,True
67,Background,102400,8.3985,8.423647104,0.025147104000000198,106400,True
81,Background,10485760,8.40009,8.488575569,0.08848556899999949,1087892,True
86,Background,102400,8.40297,8.461467075,0.05849707500000001,1244,True
83,Background,10485760,8.40716,8.530292414,0.12313241400000052,106400,True
77,Background,10485760,8.40748,8.937996033,0.5305160329999996,106400,True
72,Background,10240,8.4076,8.805936681,0.39833668099999997,106400,True
99,Background,10240,8.40786,8.586158704,0.17829870400000125,1244,True
89,Background,102400,8.40789,8.450252497,0.042362496999999166,10838,True
80,Background,102400,8.40976,8.442496889,0.032736888999998826,10838,True
82,Background,1024,8.41179,8.488575569,0.07678556900000011,1087892,True
77,Background,1048576,8.41365,8.431453003,0.01780300299999915,10838,True
89,Background,102400,8.41424,8.441453686,0.027213685999999626,1087892,True
85,Background,1048576,8.41584,8.441496259,0.025656258999999793,106400,True
86,Background,10485760,8.41617,8.490514243,0.07434424300000053,10838,True
83,Background,10240,8.41704,8.869599449,0.45255944900000067,106400,True
95,Background,1024,8.41818,8.633880519,0.2157005190000003,1087892,True
94,Background,10240,8.42024,8.633489475,0.21324947499999958,1244,True
87,Background,1024,8.42161,8.490514243,0.06890424300000042,10838,True
86,Background,10240,8.42175,8.760553465,0.3388034649999998,106400,True
74,Background,102400,8.42536,8.485442284,0.06008228399999993,106400,True
73,Background,1048576,8.42583,8.805936681,0.3801066810000009,106400,True
96,Background,1048576,8.42715,8.872612444,0.44546244400000035,1087892,True
87,Background,10240,8.42848,8.461467075,0.03298707499999942,1244,True
88,Background,1048576,8.43244,8.720267209,0.2878272089999996,10876994,True
97,Background,10240,8.43541,8.872612444,0.4372024440000004,1087892,True
101,Background,10240,8.43547,8.704484761,0.2690147609999993,10838,True
84,Background,10240,8.43649,8.530292414,0.09380241400000067,106400,True
86,Background,10485760,8.43701,8.515074931,0.07806493099999834,1244,True
78,Background,102400,8.43852,8.676835964,0.23831596399999988,1087892,True
68,Background,102400,8.43919,8.598429056,0.15923905600000055,10838,True
87,Background,102400,8.43921,8.542623136,0.10341313600000035,10838,True
74,Background,102400,8.44208,8.805936681,0.3638566809999997,106400,True
78,Background,102400,8.4425,8.937996033,0.49549603299999845,106400,True
86,Background,10485760,8.44317,9.139586315,0.6964163150000005,1087892,True
90,Background,10240,8.44356,8.450252497,0.00669249699999952,10838,True
87,Background,1048576,8.44698,8.862191752,0.4152117519999994,10838,True
102,Background,102400,8.45071,8.704484761,0.25377476099999896,10838,True
98,Background,10485760,8.45131,8.872612444,0.42130244400000016,1087892,True
102,Background,10240,8.45163,8.543000416,0.09137041600000018,1087892,True
90,Background,102400,8.45237,8.563408268,0.11103826799999972,10838,True
66,Background,10240,8.45535,8.892420623,0.4370706230000003,1087892,True
100,Background,1024,8.45658,8.586158704,0.12957870400000004,1244,True
88,Background,1048576,8.45912,8.862191752,0.4030717519999989,10838,True
90,Background,1048576,8.45914,8.762554601,0.30341460100000006,1244,True
75,Background,1048576,8.45937,8.485442284,0.026072283999999613,106400,True
91,Background,1024,8.46035,8.873832303,0.41348230300000033,1244,True
70,Background,102400,8.46067,8.60310622,0.14243622000000045,1244,True
84,Background,102400,8.46227,8.64620352,0.18393352000000007,10838,True
66,Background,1024,8.4686,8.847077782,0.37847778199999915,10838,True
81,Background,1048576,8.46862,8.567772198,0.09915219800000052,1244,True
90,Background,1048576,8.4698,8.691693388,0.2218933879999998,108768230,True
83,Background,1048576,8.47016,8.488575569,0.018415569000000076,1087892,True
91,Background,1024,8.47034,8.691693388,0.22135338799999893,108768230,True
67,Background,102400,8.47119,8.847077782,0.3758877819999995,10838,True
91,Background,10485760,8.47572,8.941810057,0.46609005699999884,10838,True
88,Background,10485760,8.47646,8.540263358,0.06380335800000125,10838,True
79,Background,10240,8.47822,8.486387155,0.008167154999998871,1087892,True
81,Background,102400,8.47836,8.606055667,0.12769566699999935,10876994,True
86,Background,102400,8.48055,8.538079793,0.057529793000000495,106400,True
88,Background,102400,8.48058,8.761416473,0.2808364730000008,1087892,True
71,Background,10240,8.48194,8.60310622,0.12116622000000099,1244,True
88,Background,102400,8.48231,8.813790763,0.33148076300000007,1087892,True
85,Background,102400,8.48335,8.954989687,0.4716396869999997,10838,True
74,Background,1024,8.48413,8.568286516,0.08415651600000018,106400,True
73,Background,1048576,8.48642,8.664528522,0.17810852199999871,106400,True
89,Background,1048576,8.48723,8.540263358,0.05303335800000042,10838,True
82,Background,1024,8.48872,8.567772198,0.07905219799999941,1244,True
100,Background,10240,8.48941,8.738283484,0.24887348400000064,106400,True
105,Background,1024,8.49193,8.855378531,0.3634485309999995,1087892,True
101,Background,1048576,8.49366,8.738283484,0.2446234839999999,106400,True
82,Background,10240,8.49392,8.672210448,0.17829044800000027,1087892,True
102,Background,104857600,8.49482,8.738283484,0.2434634839999994,106400,True
81,Background,1024,8.49507,9.091101067,0.5960310670000002,1087892,True
89,Background,102400,8.49533,8.862191752,0.36686175200000015,10838,True
82,Background,10240,8.49542,8.606055667,0.11063566700000038,10876994,True
86,Background,10240,8.49676,8.75707564,0.26031563999999996,10838,True
83,Background,10485760,8.49758,8.606055667,0.10847566700000044,10876994,True
76,Background,1024,8.49783,8.585648305,0.08781830499999899,1244,True
75,Background,102400,8.49799,8.568286516,0.07029651600000086,106400,True
75,Background,102400,8.49972,8.805936681,0.30621668100000043,106400,True
88,Background,10485760,8.5014,8.542623136,0.04122313599999927,10838,True
89,Background,102400,8.50158,8.891588758,0.3900087579999987,10838,True
83,Background,1024,8.50366,8.570633527,0.06697352700000003,106400,True
74,Background,10485760,8.50472,8.664528522,0.15980852199999873,106400,True
82,Background,10240,8.50544,8.917186635,0.4117466350000001,1087892,True
89,Background,102400,8.50786,8.720267209,0.21240720899999843,10876994,True
106,Background,102400,8.50938,8.855378531,0.34599853099999933,1087892,True
87,Background,10240,8.51677,8.538079793,0.021309793000000354,106400,True
78,Background,1048576,8.51924,8.636520144,0.11728014400000042,1244,True
79,Background,10240,8.52087,8.676835964,0.15596596399999996,1087892,True
87,Background,102400,8.5211,9.139586315,0.6184863150000002,1087892,True
68,Background,1048576,8.52357,8.601588592,0.07801859200000116,106400,True
92,Background,10240,8.52806,8.873832303,0.3457723030000004,1244,True
80,Background,1024,8.52968,8.655281349,0.1256013489999983,10876994,True
99,Background,1048576,8.53259,8.872612444,0.3400224439999988,1087892,True
89,Background,102400,8.53415,8.542623136,0.008473135999999215,10838,True
71,Background,10240,8.53873,9.126394126,0.587664126,10876994,True
79,Background,10240,8.53929,8.937996033,0.39870603299999985,106400,True
89,Background,1048576,8.54179,8.761416473,0.21962647299999993,1087892,True
81,Background,102400,8.54194,8.655281349,0.11334134899999881,10876994,True
88,Background,102400,8.54239,9.336043288,0.7936532880000016,106400,True
96,Background,1024,8.54263,8.633880519,0.09125051899999903,1087892,True
83,Background,1048576,8.54313,8.672210448,0.12908044799999985,1087892,True
88,Background,1024,8.54433,9.139586315,0.5952563150000003,1087892,True
68,Background,102400,8.54514,8.847077782,0.30193778199999954,10838,True
80,Background,102400,8.546,8.937996033,0.39199603299999985,106400,True
76,Background,1024,8.54742,8.772525808,0.22510580799999858,106400,True
83,Background,1024,8.54745,8.567772198,0.02032219800000057,1244,True
69,Background,1048576,8.54783,8.847077782,0.29924778200000013,10838,True
90,Background,10240,8.54846,8.761416473,0.2129564730000002,1087892,True
75,Background,102400,8.55925,9.257073611,0.6978236109999987,108768230,True
86,Background,10240,8.56142,8.954989687,0.3935696869999994,10838,True
77,Background,10240,8.56525,8.772525808,0.20727580799999856,106400,True
87,Background,102400,8.56592,8.75707564,0.19115563999999985,10838,True
76,Background,10240,8.56918,9.257073611,0.6878936109999998,108768230,True
87,Background,10485760,8.56981,8.610613971,0.040803970999998995,106400,True
84,Background,10240,8.56991,8.919129225,0.3492192250000006,10838,True
88,Background,1048576,8.57048,8.735735024,0.16525502400000036,106400,True
88,Background,102400,8.57214,8.75707564,0.18493564000000084,10838,True
113,Background,10485760,8.57255,8.580262448,0.007712447999999483,10838,True
70,Background,1048576,8.57841,8.847077782,0.26866778199999963,10838,True
71,Background,1048576,8.57892,8.847077782,0.2681577819999994,10838,True
84,Background,1048576,8.57942,8.672210448,0.0927904479999988,1087892,True
93,Background,102400,8.57969,8.873832303,0.294142303000001,1244,True
89,Background,10240,8.58214,9.336043288,0.7539032880000001,106400,True
77,Background,102400,8.58262,9.257073611,0.6744536109999988,108768230,True
87,Background,1048576,8.58264,8.760553465,0.1779134649999996,106400,True
97,Background,102400,8.58311,8.633880519,0.05077051900000029,1087892,True
88,Background,102400,8.58477,8.599456433,0.01468643299999961,10838,True
88,Background,1048576,8.58518,8.610613971,0.025433971,106400,True
76,Background,10240,8.58557,8.805936681,0.2203666809999998,106400,True
89,Background,1024,8.58631,8.813790763,0.22748076300000086,1087892,True
88,Background,102400,8.59107,8.760553465,0.169483464999999,106400,True
84,Background,1048576,8.59126,8.916419375,0.32515937500000014,1087892,True
89,Background,102400,8.59246,9.139586315,0.5471263149999999,1087892,True
85,Background,102400,8.59256,8.64620352,0.05364351999999961,10838,True
89,Background,102400,8.59297,8.599456433,0.006486433000000957,10838,True
87,Background,10240,8.59479,8.954989687,0.3601996869999997,10838,True
92,Background,102400,8.59509,8.94436985,0.3492798499999985,1087892,True
91,Background,10240,8.59655,8.762554601,0.16600460099999914,1244,True
92,Background,102400,8.59659,9.044307277,0.44771727699999886,10838,True
114,Background,10240,8.59765,8.619638045,0.02198804500000051,1244,True
90,Background,10485760,8.59785,8.599456433,0.001606433000000962,10838,True
90,Background,1024,8.59947,8.813790763,0.21432076299999991,1087892,True
77,Background,1048576,8.60225,8.906453808,0.30420380800000046,106400,True
93,Background,10240,8.60829,8.94436985,0.33607984999999907,1087892,True
69,Background,10240,8.61015,8.651047878,0.04089787799999911,1244,True
89,Background,102400,8.61178,8.888113176,0.2763331759999996,1087892,True
115,Background,102400,8.61408,8.619638045,0.005558045000000789,1244,True
72,Background,102400,8.61457,9.126394126,0.5118241259999987,10876994,True
103,Background,102400,8.61476,8.738283484,0.12352348399999968,106400,True
95,Background,1024,8.61488,8.633489475,0.018609474999999875,1244,True
116,Background,10240,8.6194,8.619638045,0.00023804499999968698,1244,True
80,Background,1024,8.6209,8.676835964,0.05593596399999967,1087892,True
80,Background,1024,8.62147,8.670215641,0.048745641000000006,1087892,True
72,Background,1024,8.62233,8.817159147,0.1948291470000001,106400,True
78,Background,102400,8.62313,8.906453808,0.28332380800000045,106400,True
81,Background,10240,8.62764,8.676835964,0.049195964000000814,1087892,True
84,Background,102400,8.62893,8.642223664,0.013293663999998984,106400,True
78,Background,102400,8.63066,8.772525808,0.1418658079999986,106400,True
69,Background,102400,8.63077,8.756318101,0.1255481009999997,106400,True
89,Background,10240,8.63375,8.715939098,0.08218909800000063,106400,True
90,Background,1048576,8.63475,8.715939098,0.0811890979999994,106400,True
93,Background,1048576,8.63574,9.044307277,0.4085672769999995,10838,True
77,Background,10240,8.63716,8.805936681,0.16877668100000065,106400,True
69,Background,1024,8.64204,8.802950262,0.1609102619999998,1087892,True
90,Background,10240,8.64237,9.139586315,0.4972163150000011,1087892,True
98,Background,10485760,8.64293,8.706103511,0.06317351100000046,106400,True
84,Background,10240,8.6481,8.869599449,0.2214994490000013,106400,True
70,Background,10240,8.65137,8.651047878,-0.00032212200000003577,1244,True
90,Background,10240,8.65501,8.891588758,0.2365787579999985,10838,True
72,Background,1024,8.65597,8.847077782,0.19110778199999956,10838,True
82,Background,102400,8.65611,8.743523177,0.08741317700000018,1087892,True
70,Background,10240,8.65669,8.802950262,0.1462602620000002,1087892,True
71,Background,102400,8.6576,8.675023001,0.01742300099999916,106400,True
91,Background,1048576,8.65772,8.813790763,0.15607076300000067,1087892,True
89,Background,1024,8.6609,8.735735024,0.07483502400000042,106400,True
86,Background,1048576,8.66158,8.678977716,0.01739771599999962,10838,True
71,Background,10240,8.66211,8.802950262,0.14084026199999933,1087892,True
90,Background,102400,8.66339,8.932222412,0.2688324120000001,10838,True
67,Background,102400,8.66672,8.892420623,0.22570062299999982,1087892,True
85,Background,10240,8.67055,8.672210448,0.0016604479999990929,1087892,True
103,Background,10240,8.67062,8.704484761,0.03386476100000024,10838,True
90,Background,1048576,8.67772,8.735735024,0.05801502399999947,106400,True
104,Background,1048576,8.67866,8.704484761,0.025824760999999086,10838,True
72,Background,104857600,8.67953,8.941085786,0.2615557860000006,1244,True
72,Background,1024,8.68356,8.698293603,0.014733602999999817,1087892,True
105,Background,102400,8.68552,8.704484761,0.01896476099999944,10838,True
90,Background,10240,8.68809,9.336043288,0.6479532880000001,106400,True
94,Background,104857600,8.68923,8.873832303,0.18460230300000013,1244,True
92,Background,10485760,8.6901,8.941810057,0.2517100570000004,10838,True
73,Background,1048576,8.69416,8.817159147,0.12299914699999981,106400,True
79,Background,1024,8.69522,8.906453808,0.21123380799999936,106400,True
78,Background,1024,8.70376,9.257073611,0.5533136109999983,108768230,True
85,Background,102400,8.70387,8.786122692,0.08225269199999907,1087892,True
91,Background,1048576,8.70443,9.298499069,0.5940690689999997,10876994,True
90,Background,1048576,8.70533,9.079514159,0.37418415900000035,106400,True
90,Background,102400,8.70571,8.888113176,0.18240317599999933,1087892,True
100,Background,102400,8.70984,8.872612444,0.1627724439999998,1087892,True
107,Background,1024,8.71064,8.855378531,0.14473853099999978,1087892,True
78,Background,10240,8.71274,8.805936681,0.09319668100000023,106400,True
101,Background,102400,8.71398,8.94804301,0.23406300999999985,106400,True
83,Background,102400,8.71495,8.917186635,0.20223663500000022,1087892,True
91,Background,102400,8.71516,8.735735024,0.020575024000001108,106400,True
73,Background,102400,8.71529,9.14834105,0.4330510500000013,106400,True
83,Background,10240,8.71723,8.743523177,0.026293176999999446,1087892,True
92,Background,1024,8.71861,8.762554601,0.04394460099999975,1244,True
93,Background,1024,8.71992,8.762554601,0.042634600999999606,1244,True
71,Background,10240,8.72098,8.822062216,0.101082216,1244,True
74,Background,10240,8.72117,9.14834105,0.4271710500000001,106400,True
91,Background,1048576,8.72266,9.079514159,0.35685415900000095,106400,True
90,Background,10240,8.72326,8.976306342,0.2530463420000011,1244,True
73,Background,102400,8.72329,8.941085786,0.21779578599999994,1244,True
87,Background,10240,8.72341,8.955316895,0.23190689499999984,106400,True
85,Background,10240,8.72668,8.869599449,0.14291944900000075,106400,True
89,Background,1024,8.72713,8.75707564,0.02994563999999933,10838,True
91,Background,1048576,8.72883,9.006601448,0.2777714479999993,106400,True
91,Background,102400,8.72975,8.976306342,0.24655634200000165,1244,True
91,Background,1024,8.73022,8.761416473,0.03119647300000139,1087892,True
92,Background,10240,8.73123,8.761416473,0.030186473000000547,1087892,True
94,Background,102400,8.73124,8.762554601,0.03131460100000005,1244,True
87,Background,1048576,8.7316,8.932551628,0.20095162800000033,106400,True
74,Background,102400,8.73283,8.817159147,0.08432914700000005,106400,True
96,Background,10240,8.73448,9.187506339,0.4530263390000009,10838,True
73,Background,10240,8.73566,8.847077782,0.11141778200000019,10838,True
104,Background,104857600,8.73848,8.738283484,-0.00019651599999903624,106400,True
84,Background,102400,8.73875,8.743523177,0.0047731770000005724,1087892,True
88,Background,102400,8.7448,8.955316895,0.2105168949999996,106400,True
86,Background,102400,8.75065,8.780887014,0.030237013999999007,10838,True
74,Background,10485760,8.75137,8.941085786,0.18971578600000072,1244,True
75,Background,1048576,8.75265,8.941085786,0.18843578600000122,1244,True
88,Background,10240,8.75341,8.932551628,0.179141628,106400,True
68,Background,10240,8.75397,8.892420623,0.13845062299999888,1087892,True
78,Background,1048576,8.75557,9.755522819,0.9999528189999989,10838,True
91,Background,1048576,8.75824,8.891588758,0.13334875799999857,10838,True
92,Background,102400,8.75999,8.813790763,0.05380076299999992,1087892,True
95,Background,10240,8.76337,8.762554601,-0.000815399000000383,1244,True
86,Background,10240,8.76646,8.869599449,0.10313944900000038,106400,True
85,Background,102400,8.7703,8.805921198,0.03562119799999941,106400,True
86,Background,1048576,8.77042,8.786122692,0.01570269199999963,1087892,True
92,Background,1048576,8.77058,9.298499069,0.5279190689999993,10876994,True
92,Background,10485760,8.77155,9.079514159,0.30796415900000085,106400,True
77,Background,10485760,8.77702,9.285440796,0.5084207959999993,1244,True
74,Background,10485760,8.77721,8.847077782,0.06986778199999932,10838,True
117,Background,1048576,8.77746,9.232812028,0.4553520280000001,1244,True
87,Background,102400,8.78076,8.786122692,0.0053626919999985034,1087892,True
89,Background,10240,8.78098,9.09140324,0.31042324000000043,106400,True
93,Background,10240,8.78099,8.813790763,0.0328007630000009,1087892,True
70,Background,102400,8.7825,8.828905323,0.04640532300000011,1087892,True
87,Background,1048576,8.78491,8.869599449,0.08468944900000075,106400,True
94,Background,1048576,8.78502,9.044307277,0.2592872770000003,10838,True
91,Background,1048576,8.78617,8.888113176,0.10194317599999891,1087892,True
97,Background,10240,8.78736,9.187506339,0.40014633900000085,10838,True
79,Background,1048576,8.78779,9.755522819,0.9677328190000001,10838,True
79,Background,102400,8.79016,8.963866032,0.17370603200000012,106400,True
80,Background,1024,8.79085,9.755522819,0.9646728189999987,10838,True
81,Background,102400,8.7918,8.937996033,0.14619603299999895,106400,True
75,Background,10485760,8.79198,8.817159147,0.025179146999999347,106400,True
91,Background,1024,8.79237,9.336043288,0.5436732880000008,106400,True
99,Background,102400,8.79539,8.886785624,0.09139562400000045,10876994,True
92,Background,1048576,8.79893,9.213342614,0.41441261399999973,106400,True
84,Background,10485760,8.80021,8.917186635,0.11697663500000033,1087892,True
118,Background,10240,8.80049,9.232812028,0.43232202799999975,1244,True
72,Background,102400,8.80277,8.858201688,0.05543168799999876,1244,True
91,Background,1048576,8.80447,9.139586315,0.3351163150000005,1087892,True
82,Background,10240,8.81087,9.091101067,0.2802310670000008,1087892,True
76,Background,10240,8.81205,8.817159147,0.005109147000000647,106400,True
77,Background,102400,8.81266,8.817159147,0.004499147000000647,106400,True
88,Background,10240,8.81267,8.869599449,0.056929449000000076,106400,True
90,Background,102400,8.81508,8.963871387,0.14879138699999928,1244,True
119,Background,10240,8.81704,9.232812028,0.41577202799999924,1244,True
82,Background,10240,8.81736,8.937996033,0.12063603299999848,106400,True
86,Background,1048576,8.81864,8.962620778,0.14398077799999953,106400,True
90,Background,1024,8.81899,8.862191752,0.04320175199999987,10838,True
80,Background,102400,8.81936,8.963866032,0.14450603200000067,106400,True
101,Background,10240,8.81939,8.872612444,0.053222443999999314,1087892,True
89,Background,10240,8.8203,8.955316895,0.1350168949999997,106400,True
82,Background,10485760,8.82068,8.893788519,0.07310851899999982,10838,True
80,Background,104857600,8.82112,8.906453808,0.08533380799999968,106400,True
95,Background,102400,8.82187,9.044307277,0.22243727699999916,10838,True
81,Background,10240,8.82355,8.906453808,0.08290380800000108,106400,True
79,Background,10485760,8.82486,9.257073611,0.4322136109999999,108768230,True
73,Background,10240,8.82741,9.126394126,0.2989841259999988,10876994,True
83,Background,10240,8.83606,8.893788519,0.05772851899999942,10838,True
85,Background,1024,8.83706,9.035541412,0.19848141200000136,106400,True
89,Background,102400,8.83722,8.932551628,0.09533162800000028,106400,True
92,Background,102400,8.8383,8.976306342,0.13800634200000061,1244,True
106,Background,10485760,8.84274,8.953053824,0.11031382400000034,10838,True
73,Background,10485760,8.84435,8.858201688,0.01385168799999903,1244,True
92,Background,1024,8.84583,9.139586315,0.2937563150000013,1087892,True
100,Background,102400,8.84616,8.886785624,0.04062562400000047,10876994,True
88,Background,104857600,8.84651,9.141609726,0.2950997260000001,1087892,True
91,Background,102400,8.84689,8.940504775,0.0936147750000007,1087892,True
89,Background,1024,8.84706,8.869599449,0.022539448999999934,106400,True
92,Background,10240,8.84778,8.940504775,0.09272477500000065,1087892,True
91,Background,1024,8.8482,8.932222412,0.08402241199999949,10838,True
84,Background,102400,8.85317,8.883481775,0.030311774999999486,106400,True
101,Background,10240,8.85358,8.886785624,0.03320562400000071,10876994,True
90,Background,10240,8.85609,9.249390553,0.39330055299999955,10838,True
85,Background,1048576,8.85939,8.917186635,0.05779663500000076,1087892,True
95,Background,1024,8.86081,8.873832303,0.013022302999999624,1244,True
74,Background,1048576,8.86334,9.22623707,0.36289706999999893,10838,True
91,Background,1024,8.86553,8.963871387,0.09834138699999961,1244,True
103,Background,1024,8.86666,9.076267874,0.20960787399999958,10838,True
107,Background,1024,8.8686,8.953053824,0.08445382399999879,10838,True
93,Background,1048576,8.86901,8.940504775,0.07149477500000145,1087892,True
120,Background,102400,8.87001,9.232812028,0.36280202799999905,1244,True
94,Background,1048576,8.87229,8.94436985,0.07207984999999972,1087892,True
71,Background,10240,8.87242,9.195398631,0.3229786309999998,10838,True
72,Background,10240,8.87326,9.195398631,0.3221386309999996,10838,True
72,Background,1048576,8.87639,9.827936706,0.9515467059999985,10838,True
89,Background,1048576,8.87863,9.141609726,0.2629797260000011,1087892,True
108,Background,102400,8.87878,8.953053824,0.07427382399999871,10838,True
91,Background,102400,8.88345,9.249390553,0.3659405529999997,10838,True
102,Background,10240,8.88658,8.995687973,0.10910797300000041,10838,True
90,Background,102400,8.88686,9.385184909,0.49832490899999904,106400,True
84,Background,10485760,8.88774,8.893788519,0.006048518999998365,10838,True
88,Background,10240,8.88777,9.221196421,0.3334264210000004,106400,True
75,Background,1024,8.8891,9.22623707,0.3371370700000007,10838,True
78,Background,1048576,8.88931,9.787055765,0.8977457649999998,1087892,True
92,Background,10485760,8.89086,8.989417156,0.09855715600000003,1087892,True
75,Background,102400,8.89099,8.893302117,0.002312116999998892,10838,True
74,Background,10485760,8.89186,9.126394126,0.2345341259999998,10876994,True
92,Background,102400,8.89237,8.891588758,-0.0007812420000004039,10838,True
85,Background,10240,8.89302,8.893788519,0.0007685189999993014,10838,True
90,Background,10240,8.89356,8.955316895,0.06175689499999848,106400,True
93,Background,10485760,8.89717,9.298499069,0.40132906900000087,10876994,True
78,Background,10240,8.89938,9.285440796,0.3860607959999989,1244,True
75,Background,1024,8.90081,9.14834105,0.24753105000000097,106400,True
93,Background,10485760,8.90141,9.079514159,0.1781041590000001,106400,True
96,Background,1024,8.90176,9.044307277,0.14254727700000025,10838,True
82,Background,10240,8.90424,8.906453808,0.0022138080000004834,106400,True
76,Background,1048576,8.90451,9.306196887,0.4016868870000003,10838,True
86,Background,102400,8.9049,8.923348846,0.018448846000000074,106400,True
90,Background,102400,8.90549,9.141609726,0.23611972600000009,1087892,True
79,Background,102400,8.90671,9.285440796,0.37873079599999926,1244,True
93,Background,10240,8.90789,9.213342614,0.305452614,106400,True
121,Background,10485760,8.90976,9.232812028,0.3230520279999993,1244,True
105,Background,102400,8.91042,8.944532305,0.034112304999998955,106400,True
83,Background,1024,8.91061,9.091101067,0.18049106700000017,1087892,True
77,Background,10485760,8.91088,9.306196887,0.3953168869999999,10838,True
98,Background,1048576,8.91177,9.187506339,0.27573633899999983,10838,True
94,Background,1024,8.91268,9.213342614,0.30066261400000016,106400,True
92,Background,10240,8.91466,9.336043288,0.42138328800000124,106400,True
93,Background,1048576,8.91522,9.139586315,0.22436631500000104,1087892,True
92,Background,1048576,8.92022,9.006601448,0.08638144799999914,106400,True
73,Background,10240,8.92161,9.827936706,0.9063267059999998,10838,True
79,Background,1048576,8.92568,8.963677355,0.0379973549999999,10838,True
85,Background,1048576,8.92585,8.95316085,0.02731084999999922,10876994,True
69,Background,1024,8.92614,9.271407628,0.3452676280000002,106400,True
104,Background,102400,8.92713,9.076267874,0.14913787399999912,10838,True
73,Background,1048576,8.92748,9.195398631,0.2679186310000006,10838,True
75,Background,1024,8.92946,9.105514505,0.17605450499999975,10876994,True
93,Background,1024,8.93119,8.976306342,0.04511634200000003,1244,True
85,Background,102400,8.9327,9.34549652,0.4127965199999988,106400,True
83,Background,1024,8.93416,9.261574632,0.327414632,106400,True
80,Background,1048576,8.93471,9.257073611,0.32236361099999833,108768230,True
83,Background,1048576,8.93534,8.937996033,0.0026560329999991694,106400,True
74,Background,102400,8.93545,9.195398631,0.2599486310000003,10838,True
92,Background,1048576,8.937,9.249390553,0.3123905530000002,10838,True
94,Background,1048576,8.93734,8.976306342,0.038966342000000154,1244,True
85,Background,10485760,8.94003,9.126243534,0.18621353400000018,1244,True
89,Background,1048576,8.94037,9.221196421,0.28082642100000044,106400,True
86,Background,1048576,8.94039,9.090991662,0.1506016619999997,106400,True
79,Background,10240,8.94196,9.787055765,0.8450957649999999,1087892,True
76,Background,10240,8.94204,9.14834105,0.20630105000000043,106400,True
102,Background,10240,8.94209,9.384426808,0.4423368080000003,1087892,True
79,Background,10240,8.94219,9.25536328,0.3131732799999991,1244,True
97,Background,10240,8.94251,9.044307277,0.1017972769999993,10838,True
94,Background,102400,8.94481,8.985173901,0.0403639009999992,10838,True
90,Background,10240,8.94729,9.221196421,0.2739064209999995,106400,True
108,Background,10240,8.94744,8.99604505,0.04860504999999904,106400,True
94,Background,10485760,8.94906,9.298499069,0.34943906900000066,10876994,True
87,Background,102400,8.94983,9.090507375,0.14067737499999922,1244,True
95,Background,1024,8.95216,9.213342614,0.26118261400000087,106400,True
93,Background,10240,8.95397,9.382399322,0.4284293219999995,10838,True
80,Background,10240,8.95423,9.285440796,0.3312107959999988,1244,True
87,Background,102400,8.95555,9.090991662,0.13544166199999985,106400,True
81,Background,102400,8.95678,9.755522819,0.7987428189999992,10838,True
106,Background,102400,8.9592,9.456358051,0.4971580510000013,10838,True
109,Background,102400,8.96151,9.042540094,0.08103009399999905,106400,True
90,Background,10240,8.96451,9.09140324,0.12689323999999935,106400,True
93,Background,102400,8.96534,9.064218399,0.09887839900000017,106400,True
95,Background,1048576,8.96864,9.298499069,0.3298590689999994,10876994,True
94,Background,102400,8.97101,9.139586315,0.16857631500000103,1087892,True
80,Background,102400,8.97279,9.25536328,0.28257327999999937,1244,True
81,Background,102400,8.97293,9.25536328,0.28243327999999934,1244,True
87,Background,102400,8.97326,9.942186678,0.9689266780000008,1087892,True
76,Background,1024,8.97673,9.22623707,0.24950706999999994,10838,True
107,Background,1024,8.97764,9.456358051,0.4787180510000013,10838,True
95,Background,10240,8.9796,8.994600516,0.01500051600000063,106400,True
91,Background,104857600,8.97998,9.09140324,0.11142324000000059,106400,True
77,Background,10485760,8.98222,9.22623707,0.24401706999999995,10838,True
110,Background,102400,8.98248,9.042540094,0.0600600939999989,106400,True
92,Background,10485760,8.98643,9.09140324,0.10497323999999963,106400,True
95,Background,10485760,8.98996,9.078491871,0.0885318710000007,1244,True
96,Background,104857600,8.99012,9.298499069,0.3083790690000008,10876994,True
102,Background,102400,8.99124,9.097130161,0.10589016100000137,10876994,True
88,Background,10240,8.99229,9.090991662,0.09870166199999986,106400,True
91,Background,1048576,8.99699,9.141609726,0.14461972600000017,1087892,True
86,Background,10485760,8.99869,9.126243534,0.12755353400000047,1244,True
87,Background,102400,8.99927,9.186984999,0.18771499900000066,1087892,True
97,Background,1048576,9.00064,9.298499069,0.29785906899999937,10876994,True
98,Background,1024,9.00238,9.044307277,0.04192727699999921,10838,True
96,Background,102400,9.00298,9.190911975,0.1879319749999997,106400,True
93,Background,102400,9.004,9.249390553,0.245390553,10838,True
76,Background,1024,9.00418,9.15280275,0.14862274999999947,106400,True
81,Background,1048576,9.00418,9.285440796,0.28126079599999976,1244,True
86,Background,1048576,9.00441,9.078535674,0.07412567399999936,106400,True
97,Background,1024,9.00811,9.190911975,0.18280197500000028,106400,True
81,Background,10240,9.00969,9.013618571,0.003928570999999437,1087892,True
80,Background,102400,9.01047,9.030939526,0.020469525999999405,1244,True
99,Background,1048576,9.01086,9.187506339,0.17664633900000126,10838,True
91,Background,1024,9.01345,9.064578264,0.051128263999999035,10838,True
96,Background,10485760,9.01429,9.364503467,0.35021346699999967,106400,True
93,Background,1048576,9.01838,9.09140324,0.07302323999999949,106400,True
84,Background,102400,9.0189,9.069228144,0.05032814399999985,10838,True
92,Background,10240,9.01993,9.141609726,0.12167972599999999,1087892,True
86,Background,10485760,9.02067,9.34549652,0.32482651999999845,106400,True
81,Background,1048576,9.02305,9.030939526,0.007889525999999591,1244,True
103,Background,10240,9.02483,9.470803307,0.44597330700000093,106400,True
95,Background,1024,9.02534,9.139586315,0.11424631500000082,1087892,True
97,Background,102400,9.02656,9.364503467,0.33794346700000055,106400,True
74,Background,102400,9.02827,9.827936706,0.799666706,10838,True
75,Background,10485760,9.02853,9.827936706,0.7994067059999992,10838,True
93,Background,102400,9.03038,9.06231723,0.03193723000000048,10838,True
93,Background,1048576,9.03806,9.083474362,0.04541436200000071,106400,True
73,Background,10240,9.04128,9.058561982,0.017281982000000085,106400,True
91,Background,1048576,9.04381,9.840094481,0.7962844809999989,1087892,True
94,Background,10240,9.04633,9.064218399,0.017888399000000277,106400,True
96,Background,102400,9.04749,9.078491871,0.031001871000000847,1244,True
82,Background,1024,9.04801,9.755522819,0.7075128189999997,10838,True
92,Background,10240,9.05099,9.064578264,0.013588263999999128,10838,True
87,Background,102400,9.05218,9.34549652,0.2933165199999994,106400,True
93,Background,102400,9.05274,9.336043288,0.2833032880000008,106400,True
94,Background,10240,9.05351,9.083474362,0.029964362000001188,106400,True
98,Background,10240,9.05355,9.190911975,0.13736197500000102,106400,True
105,Background,1048576,9.0554,9.076267874,0.020867873999998565,10838,True
96,Background,1024,9.05565,9.139586315,0.08393631500000076,1087892,True
85,Background,10485760,9.05701,9.069228144,0.012218144000000208,10838,True
97,Background,1048576,9.05702,9.078491871,0.02147187100000103,1244,True
97,Background,1024,9.05707,9.139586315,0.08251631500000123,1087892,True
98,Background,102400,9.05955,9.364503467,0.3049534670000007,106400,True
111,Background,1024,9.06044,9.081219903,0.020779902999999322,1087892,True
87,Background,10240,9.06457,9.078535674,0.013965673999999595,106400,True
98,Background,1024,9.06815,9.139586315,0.07143631500000147,1087892,True
95,Background,10240,9.0683,9.203298866,0.1349988660000001,106400,True
77,Background,1048576,9.06846,9.15280275,0.08434274999999936,106400,True
78,Background,102400,9.0723,9.15280275,0.08050274999999907,106400,True
94,Background,102400,9.07243,9.15388394,0.08145393999999939,1244,True
86,Background,1048576,9.07303,9.145521122,0.07249112200000063,106400,True
92,Background,102400,9.07359,9.840094481,0.7665044810000001,1087892,True
90,Background,10240,9.07859,9.201087758,0.12249775799999973,10876994,True
91,Background,1024,9.07883,9.221196421,0.1423664210000002,106400,True
95,Background,102400,9.08497,9.105562091,0.020592090999999257,10838,True
87,Background,1024,9.08499,9.145521122,0.06053112200000044,106400,True
82,Background,10240,9.08518,9.142388091,0.05720809100000146,1087892,True
70,Background,1024,9.08602,9.271407628,0.18538762800000086,106400,True
88,Background,10240,9.08603,9.557321468,0.47129146800000044,1244,True
89,Background,10240,9.09275,9.557321468,0.46457146799999904,1244,True
99,Background,10240,9.09449,9.139586315,0.04509631500000033,1087892,True
91,Background,102400,9.09998,9.385184909,0.28520490899999906,106400,True
88,Background,10240,9.10514,9.10741161,0.0022716099999993133,1087892,True
75,Background,1024,9.10576,9.195398631,0.08963863099999969,10838,True
82,Background,102400,9.10734,9.285440796,0.17810079599999895,1244,True
88,Background,104857600,9.10923,9.942186678,0.8329566780000004,1087892,True
122,Background,102400,9.1093,9.232812028,0.12351202800000038,1244,True
82,Background,102400,9.11162,9.25536328,0.14374327999999892,1244,True
94,Background,10240,9.11169,9.336043288,0.22435328800000143,106400,True
92,Background,102400,9.11475,9.385184909,0.27043490899999867,106400,True
83,Background,1048576,9.11613,9.285440796,0.16931079599999954,1244,True
94,Background,10240,9.11728,9.359342795,0.24206279500000072,106400,True
99,Background,102400,9.11893,9.275654506,0.15672450599999976,106400,True
98,Background,102400,9.1196,9.14482427,0.025224270000000715,10838,True
84,Background,10240,9.11982,9.285440796,0.1656207959999989,1244,True
71,Background,10240,9.12289,9.271407628,0.14851762800000046,106400,True
91,Background,10240,9.12403,9.201087758,0.07705775800000048,10876994,True
112,Background,10240,9.12482,9.367179385,0.24235938500000032,10838,True
95,Background,1024,9.12585,9.23691566,0.11106565999999951,10838,True
78,Background,10240,9.12694,9.22623707,0.09929707000000043,10838,True
99,Background,10240,9.13209,9.190911975,0.05882197500000075,106400,True
88,Background,1024,9.13239,9.186984999,0.054594999000000755,1087892,True
82,Background,10240,9.13251,9.145264733,0.012754732999999518,10838,True
123,Background,104857600,9.13262,9.232812028,0.10019202800000038,1244,True
92,Background,102400,9.13308,9.378174227,0.24509422700000094,10876994,True
76,Background,10240,9.13322,9.195398631,0.062178631000000095,10838,True
76,Background,10485760,9.13457,9.827936706,0.6933667059999991,10838,True
96,Background,1048576,9.13506,9.23691566,0.10185566000000001,10838,True
77,Background,102400,9.13762,9.827936706,0.6903167059999991,10838,True
109,Background,102400,9.13793,9.239149759,0.10121975899999924,1087892,True
124,Background,1024,9.13947,9.232812028,0.09334202800000035,1244,True
93,Background,10240,9.14287,9.456514916,0.31364491599999944,10838,True
83,Background,10240,9.14373,9.145264733,0.0015347329999997328,10838,True
80,Background,1048576,9.14458,9.787055765,0.6424757650000004,1087892,True
104,Background,1024,9.14798,9.470803307,0.32282330700000017,106400,True
76,Background,102400,9.14941,9.487999666,0.33858966600000073,1244,True
89,Background,10240,9.15013,9.248682108,0.0985521079999998,10838,True
84,Background,1024,9.15076,9.314271823,0.16351182300000033,10876994,True
89,Background,10485760,9.15259,9.942186678,0.7895966780000006,1087892,True
76,Background,1048576,9.15424,9.400768936,0.2465289360000007,1087892,True
85,Background,10240,9.15758,9.285440796,0.12786079600000022,1244,True
95,Background,102400,9.15766,9.359342795,0.20168279499999997,106400,True
98,Background,1024,9.16001,9.298499069,0.13848906900000024,10876994,True
77,Background,10485760,9.16098,9.195398631,0.03441863099999942,10838,True
81,Background,102400,9.16099,9.831747571,0.6707575709999993,1087892,True
96,Background,10240,9.16161,9.359342795,0.1977327950000003,106400,True
96,Background,10485760,9.16217,9.203298866,0.041128866000001096,106400,True
81,Background,102400,9.16357,9.35083802,0.18726801999999942,10838,True
94,Background,102400,9.16495,9.456514916,0.29156491600000045,10838,True
88,Background,1024,9.16571,9.34549652,0.17978651999999862,106400,True
72,Background,1024,9.16588,9.271407628,0.10552762800000082,106400,True
105,Background,102400,9.16614,9.470803307,0.3046633070000002,106400,True
96,Background,10240,9.16663,9.207617582,0.040987581999999634,10838,True
73,Background,102400,9.16731,9.271407628,0.10409762799999989,106400,True
77,Background,10240,9.16738,9.400768936,0.23338893600000077,1087892,True
95,Background,1024,9.16854,9.456514916,0.2879749159999996,10838,True
103,Background,1024,9.17194,9.536304537,0.36436453700000015,10838,True
100,Background,10240,9.17678,9.187506339,0.01072633899999964,10838,True
95,Background,102400,9.17684,9.376218002,0.19937800199999955,1244,True
84,Background,1048576,9.17855,9.261574632,0.08302463200000076,106400,True
82,Background,1024,9.1825,9.831747571,0.6492475710000001,1087892,True
93,Background,102400,9.18317,9.385184909,0.20201490899999897,106400,True
94,Background,10240,9.18386,9.249390553,0.06553055300000032,10838,True
93,Background,10240,9.18394,9.22709437,0.043154369999999886,106400,True
97,Background,1048576,9.18523,9.207617582,0.022387581999998574,10838,True
83,Background,10240,9.18534,9.755522819,0.5701828189999993,10838,True
93,Background,1024,9.18845,9.466977412,0.27852741200000075,106400,True
83,Background,10240,9.18883,9.204390135,0.015560135000001196,1087892,True
78,Background,1024,9.18999,9.306196887,0.11620688700000059,10838,True
100,Background,10240,9.1908,9.275654506,0.084854506000001,106400,True
78,Background,102400,9.19575,9.827936706,0.6321867059999988,10838,True
89,Background,1024,9.19766,9.355907083,0.15824708299999912,1244,True
90,Background,102400,9.19793,9.942186678,0.7442566780000011,1087892,True
79,Background,102400,9.1996,9.368778547,0.16917854699999957,10876994,True
79,Background,1024,9.20045,9.22623707,0.0257870699999998,10838,True
90,Background,1024,9.20056,9.355907083,0.15534708300000055,1244,True
78,Background,10485760,9.20419,9.400768936,0.19657893599999987,1087892,True
96,Background,102400,9.20455,9.456514916,0.25196491600000037,10838,True
83,Background,102400,9.20874,9.25536328,0.0466232799999986,1244,True
96,Background,102400,9.2112,9.376218002,0.16501800200000005,1244,True
84,Background,10485760,9.21194,9.518310073,0.3063700730000001,10838,True
95,Background,1048576,9.21329,9.249390553,0.036100552999998925,10838,True
530,Incast,500000,9.213907433,9.223975944,0.010068511000000058,518738,False
518,Incast,500000,9.213907433,9.225857986,0.011950553000000141,518738,False
519,Incast,500000,9.213907433,9.227615385,0.013707952000000745,518738,False
537,Incast,500000,9.213907433,9.227262787,0.01335535400000154,518738,False
520,Incast,500000,9.213907433,9.224651385,0.010743952000000334,518738,False
521,Incast,500000,9.213907433,9.227626125,0.013718692000001198,518738,False
522,Incast,500000,9.213907433,9.227866776,0.013959343000001567,518738,False
523,Incast,500000,9.213907433,9.226081024,0.012173591000001593,518738,False
524,Incast,500000,9.213907433,9.227712382,0.013804949000000732,518738,False
534,Incast,500000,9.213907433,9.218671474,0.004764041000001384,518738,False
525,Incast,500000,9.213907433,9.227943406,0.014035973000000368,518738,False
536,Incast,500000,9.213907433,9.228584455,0.014677022000000761,518738,False
533,Incast,500000,9.213907433,9.228384224,0.014476790999999878,518738,False
527,Incast,500000,9.213907433,9.224204893,0.010297460000000314,518738,False
532,Incast,500000,9.213907433,9.22801234,0.014104907000000111,518738,False
528,Incast,500000,9.213907433,9.223962799,0.010055366000001342,518738,False
529,Incast,500000,9.213907433,9.227740438,0.013833005000000398,518738,False
531,Incast,500000,9.213907433,9.227532179,0.013624746000001409,518738,False
535,Incast,500000,9.213907433,9.225474277,0.011566844000000742,518738,False
526,Incast,500000,9.213907433,9.22787944,0.01397200700000134,518738,False
538,Incast,500000,9.213907433,9.227385536,0.01347810300000063,518738,False
488,Incast,500000,9.213907433,9.224700605,0.010793172000001405,518738,False
516,Incast,500000,9.213907433,9.227926255,0.014018822000000597,518738,False
496,Incast,500000,9.213907433,9.227539552,0.013632119000000387,518738,False
495,Incast,500000,9.213907433,9.223775051,0.009867618000001244,518738,False
494,Incast,500000,9.213907433,9.22488915,0.010981716999999946,518738,False
493,Incast,500000,9.213907433,9.226627602,0.012720169000001391,518738,False
492,Incast,500000,9.213907433,9.227969215,0.014061782000000633,518738,False
491,Incast,500000,9.213907433,9.227614265,0.013706832000000446,518738,False
490,Incast,500000,9.213907433,9.218177848,0.0042704150000005825,518738,False
480,Incast,500000,9.213907433,9.226188671,0.012281237999999917,518738,False
481,Incast,500000,9.213907433,9.227973221,0.014065787999999912,518738,False
482,Incast,500000,9.213907433,9.221619432,0.007711999000001413,518738,False
483,Incast,500000,9.213907433,9.225656131,0.01174869799999989,518738,False
484,Incast,500000,9.213907433,9.226118219,0.012210786000000695,518738,False
485,Incast,500000,9.213907433,9.227933147,0.014025714000000633,518738,False
486,Incast,500000,9.213907433,9.228587832,0.014680399000001287,518738,False
487,Incast,500000,9.213907433,9.226962697,0.013055264000000122,518738,False
497,Incast,500000,9.213907433,9.225659175,0.011751742000001286,518738,False
517,Incast,500000,9.213907433,9.221169468,0.007262035000000111,518738,False
498,Incast,500000,9.213907433,9.220906798,0.006999365000000424,518738,False
500,Incast,500000,9.213907433,9.227006014,0.013098581000001275,518738,False
515,Incast,500000,9.213907433,9.221985672,0.008078239000001375,518738,False
514,Incast,500000,9.213907433,9.224828386,0.010920953000001177,518738,False
513,Incast,500000,9.213907433,9.226950033,0.013042600000000348,518738,False
512,Incast,500000,9.213907433,9.227079442,0.013172009000001594,518738,False
511,Incast,500000,9.213907433,9.22418309,0.010275657000001104,518738,False
510,Incast,500000,9.213907433,9.228661415,0.01475398200000022,518738,False
509,Incast,500000,9.213907433,9.225889409,0.011981976000001282,518738,False
489,Incast,500000,9.213907433,9.224182932,0.010275499000000465,518738,False
507,Incast,500000,9.213907433,9.228492896,0.014585463000001297,518738,False
506,Incast,500000,9.213907433,9.227445922,0.013538489000000098,518738,False
505,Incast,500000,9.213907433,9.22501533,0.011107897000000477,518738,False
504,Incast,500000,9.213907433,9.221571216,0.007663782999999924,518738,False
503,Incast,500000,9.213907433,9.220285878,0.006378445000001065,518738,False
502,Incast,500000,9.213907433,9.226765171,0.012857738000001007,518738,False
501,Incast,500000,9.213907433,9.227018678,0.013111245000001048,518738,False
499,Incast,500000,9.213907433,9.224791191,0.010883758000000299,518738,False
508,Incast,500000,9.213907433,9.227966171,0.014058738000001014,518738,False
539,Incast,500000,9.213907433,9.227786772,0.013879339000000712,518738,False
97,Background,102400,9.21407,9.359342795,0.14527279500000034,106400,True
77,Background,10485760,9.2148,9.250916715,0.036116715000000355,1244,True
90,Background,1048576,9.215,9.248682108,0.03368210800000071,10838,True
84,Background,1024,9.21524,9.322080246,0.10684024600000086,1244,True
82,Background,10240,9.21635,9.35083802,0.13448801999999915,10838,True
94,Background,10485760,9.22026,9.385184909,0.1649249089999998,106400,True
85,Background,1048576,9.22059,9.314271823,0.09368182300000072,10876994,True
108,Background,102400,9.22147,9.456358051,0.23488805100000043,10838,True
96,Background,102400,9.22168,9.243908451,0.02222845100000015,10838,True
106,Background,102400,9.22181,9.546951504,0.3251415040000012,106400,True
97,Background,10240,9.22238,9.890454504,0.6680745039999998,1087892,True
80,Background,102400,9.22263,9.22623707,0.0036070699999992684,10838,True
125,Background,10240,9.22461,9.232812028,0.008202027999999473,1244,True
93,Background,102400,9.22674,9.378174227,0.1514342270000011,10876994,True
84,Background,1024,9.22709,9.755522819,0.5284328189999989,10838,True
88,Background,1048576,9.22888,9.650915052,0.422035052,106400,True
104,Background,1024,9.23205,9.536304537,0.30425453700000027,10838,True
80,Background,1048576,9.23223,9.368778547,0.1365485470000003,10876994,True
89,Background,1048576,9.23241,9.34549652,0.11308651999999952,106400,True
86,Background,10240,9.23479,9.285440796,0.05065079599999933,1244,True
90,Background,10240,9.23496,9.34549652,0.11053652000000014,106400,True
97,Background,10240,9.2352,9.23691566,0.0017156599999985644,10838,True
98,Background,1024,9.24016,9.263269795,0.023109794999999878,10876994,True
113,Background,1024,9.2416,9.367179385,0.125579385,10838,True
93,Background,102400,9.24164,9.840094481,0.5984544809999992,1087892,True
81,Background,1048576,9.2433,9.292054634,0.0487546339999998,106400,True
94,Background,10240,9.24336,9.466977412,0.22361741200000118,106400,True
92,Background,102400,9.24344,9.484479895,0.24103989500000012,10838,True
83,Background,1048576,9.24635,9.831747571,0.5853975709999997,1087892,True
95,Background,102400,9.24871,9.336043288,0.08733328799999995,106400,True
101,Background,1024,9.25547,9.275654506,0.020184505999999658,106400,True
75,Background,10240,9.25775,9.505683616,0.24793361600000097,106400,True
91,Background,102400,9.2594,9.34549652,0.0860965199999999,106400,True
99,Background,10240,9.26058,9.358575634,0.09799563400000011,106400,True
83,Background,1048576,9.26158,9.35083802,0.08925801999999905,10838,True
92,Background,102400,9.26169,9.34549652,0.08380651999999955,106400,True
81,Background,1048576,9.26264,9.368778547,0.10613854700000047,10876994,True
98,Background,102400,9.26324,9.890454504,0.6272145039999995,1087892,True
85,Background,102400,9.26531,9.322080246,0.05677024600000102,1244,True
79,Background,102400,9.26573,9.400768936,0.13503893600000083,1087892,True
100,Background,10240,9.26784,9.2877743,0.01993430000000096,1244,True
86,Background,1048576,9.26927,9.314271823,0.045001822999999774,10876994,True
94,Background,102400,9.26934,9.840094481,0.5707544809999998,1087892,True
87,Background,10240,9.26966,9.285440796,0.015780795999999597,1244,True
99,Background,1024,9.27037,9.890454504,0.6200845039999994,1087892,True
109,Background,102400,9.27046,9.456358051,0.18589805100000056,10838,True
89,Background,102400,9.27241,9.650467047,0.37805704699999865,1087892,True
100,Background,1024,9.27291,9.890454504,0.6175445039999996,1087892,True
85,Background,102400,9.27324,9.518310073,0.24507007300000083,10838,True
79,Background,1048576,9.27411,9.306196887,0.032086887000000175,10838,True
93,Background,10240,9.27422,9.484479895,0.21025989500000009,10838,True
90,Background,102400,9.2749,9.557321468,0.282421467999999,1244,True
96,Background,10240,9.2757,9.651423906,0.3757239059999993,1244,True
95,Background,1048576,9.27605,9.840094481,0.5640444809999998,1087892,True
81,Background,102400,9.28092,9.787055765,0.5061357649999998,1087892,True
74,Background,10240,9.28142,9.402902675,0.12148267499999932,10876994,True
84,Background,10240,9.28173,9.831747571,0.5500175709999997,1087892,True
95,Background,104857600,9.28587,9.385184909,0.09931490900000028,106400,True
90,Background,1048576,9.2864,9.650467047,0.3640670469999989,1087892,True
85,Background,102400,9.2889,9.755522819,0.46662281899999947,10838,True
91,Background,10240,9.28962,9.942186678,0.6525666780000012,1087892,True
97,Background,102400,9.29,9.337553528,0.04755352800000168,1087892,True
98,Background,1024,9.29239,9.337553528,0.04516352800000156,1087892,True
105,Background,102400,9.29393,9.536304537,0.2423745369999999,10838,True
88,Background,10240,9.29789,9.530461792,0.2325717919999999,106400,True
114,Background,10240,9.29823,9.367179385,0.06894938499999981,10838,True
96,Background,1048576,9.29938,9.304502894,0.00512289400000121,10838,True
97,Background,102400,9.30152,9.376218002,0.07469800199999987,1244,True
78,Background,104857600,9.30206,9.469039894,0.1669798939999989,10838,True
86,Background,102400,9.30417,9.322080246,0.01791024600000135,1244,True
99,Background,104857600,9.30573,9.337553528,0.03182352800000032,1087892,True
88,Background,10240,9.30795,9.45457782,0.14662782000000085,10838,True
97,Background,102400,9.30831,9.3364144,0.02810440000000014,1087892,True
78,Background,1024,9.30953,9.808679402,0.4991494019999987,106400,True
98,Background,10485760,9.31402,9.359342795,0.04532279500000058,106400,True
97,Background,10240,9.31481,9.651423906,0.3366139060000002,1244,True
92,Background,10240,9.31526,9.314394349,-0.0008656509999998008,10838,True
76,Background,1048576,9.31584,9.505683616,0.189843616000001,106400,True
95,Background,1024,9.31774,9.466977412,0.14923741199999974,106400,True
99,Background,10240,9.31896,9.359342795,0.040382794999999305,106400,True
126,Background,10240,9.31943,9.385672731,0.06624273099999911,1087892,True
89,Background,102400,9.32035,9.45457782,0.13422782000000133,10838,True
86,Background,102400,9.3206,9.638426146,0.3178261459999998,1087892,True
99,Background,102400,9.32181,9.364503467,0.042693467000001206,106400,True
77,Background,1048576,9.32196,9.487999666,0.16603966599999964,1244,True
102,Background,102400,9.32373,9.531880657,0.2081506570000009,10838,True
82,Background,10485760,9.32479,9.528557323,0.20376732299999922,1087892,True
91,Background,1048576,9.33099,9.355907083,0.024917083000000062,1244,True
85,Background,1024,9.33424,9.831747571,0.49750757099999987,1087892,True
83,Background,102400,9.33435,9.528557323,0.19420732299999877,1087892,True
91,Background,10240,9.33636,9.557321468,0.22096146799999872,1244,True
96,Background,1048576,9.33754,9.50955016,0.17201015999999925,10838,True
94,Background,102400,9.33864,9.594367152,0.2557271520000004,1244,True
110,Background,102400,9.33891,9.456358051,0.11744805100000022,10838,True
79,Background,1048576,9.33907,9.808679402,0.4696094019999997,106400,True
92,Background,10240,9.33978,9.405029126,0.06524912600000121,106400,True
101,Background,102400,9.34155,9.890454504,0.5489045039999993,1087892,True
98,Background,1048576,9.342,9.3574255,0.015425499999999204,1244,True
82,Background,10485760,9.34216,9.787055765,0.44489576500000005,1087892,True
127,Background,1024,9.34477,9.385672731,0.04090273099999919,1087892,True
92,Background,102400,9.34597,9.942186678,0.5962166780000011,1087892,True
87,Background,102400,9.34704,9.638426146,0.2913861460000007,1087892,True
80,Background,1024,9.34797,9.506471212,0.15850121199999911,106400,True
111,Background,10485760,9.34837,9.456358051,0.1079880510000013,10838,True
97,Background,1024,9.34839,9.50955016,0.16116015999999966,10838,True
94,Background,1024,9.34868,9.488143044,0.13946304399999931,106400,True
91,Background,10240,9.34904,9.437443738,0.08840373800000023,1087892,True
107,Background,1024,9.34961,9.546951504,0.1973415040000006,106400,True
78,Background,10485760,9.35067,9.487999666,0.13732966600000118,1244,True
98,Background,1048576,9.35192,9.651423906,0.299503906,1244,True
108,Background,102400,9.35372,9.546951504,0.19323150400000166,106400,True
109,Background,10240,9.35681,9.546951504,0.1901415040000014,106400,True
106,Background,104857600,9.35762,9.470803307,0.1131833069999999,106400,True
99,Background,102400,9.36083,9.651423906,0.2905939059999998,1244,True
93,Background,1048576,9.36295,9.36958363,0.006633629999999613,10838,True
107,Background,1048576,9.36301,9.470803307,0.10779330700000145,106400,True
89,Background,102400,9.36414,9.650915052,0.2867750519999994,106400,True
100,Background,10240,9.36425,9.364503467,0.00025346700000028477,106400,True
103,Background,1048576,9.3652,9.531880657,0.16668065700000056,10838,True
96,Background,1048576,9.36672,9.840094481,0.4733744809999987,1087892,True
108,Background,102400,9.3673,9.470803307,0.10350330700000043,106400,True
87,Background,1024,9.36744,9.382737274,0.015297273999999916,1087892,True
97,Background,102400,9.36748,9.840094481,0.47261448099999903,1087892,True
92,Background,10240,9.37067,9.437443738,0.0667737380000002,1087892,True
103,Background,1024,9.37084,9.384426808,0.013586808000001227,1087892,True
110,Background,102400,9.37307,9.546951504,0.17388150400000058,106400,True
93,Background,102400,9.3734,9.437443738,0.06404373800000052,1087892,True
82,Background,1024,9.37529,9.466071754,0.09078175399999999,106400,True
74,Background,10485760,9.3759,9.428596061,0.05269606100000068,10838,True
101,Background,102400,9.37847,9.815664546,0.43719454600000063,10838,True
104,Background,104857600,9.38174,9.384426808,0.002686807999999985,1087892,True
92,Background,102400,9.38369,9.703480417,0.3197904170000001,1087892,True
91,Background,102400,9.3867,9.650467047,0.263767047,1087892,True
80,Background,10240,9.38683,9.400768936,0.013938936000000623,1087892,True
102,Background,10240,9.3874,9.890454504,0.5030545039999996,1087892,True
86,Background,1024,9.38873,9.755522819,0.3667928189999987,10838,True
99,Background,10240,9.3918,9.692915898,0.3011158980000008,10838,True
90,Background,1048576,9.3934,9.650915052,0.25751505200000047,106400,True
103,Background,10240,9.39485,9.890454504,0.4956045039999992,1087892,True
94,Background,102400,9.39588,9.426381022,0.030501021999999267,1087892,True
100,Background,10240,9.39919,9.692915898,0.29372589799999993,10838,True
96,Background,102400,9.40238,9.541906911,0.13952691099999903,10838,True
75,Background,102400,9.40288,9.428596061,0.02571606100000068,10838,True
109,Background,10240,9.40331,9.470803307,0.06749330700000122,106400,True
99,Background,1048576,9.40765,9.705861256,0.2982112560000001,106400,True
98,Background,10240,9.40983,9.660444592,0.2506145919999998,1244,True
84,Background,102400,9.41005,9.528557323,0.11850732299999933,1087892,True
95,Background,10240,9.41332,9.594367152,0.18104715199999966,1244,True
100,Background,102400,9.4153,9.530434294,0.11513429400000064,10838,True
101,Background,1024,9.41535,9.692915898,0.27756589800000064,10838,True
90,Background,102400,9.41618,9.45457782,0.03839782000000014,10838,True
91,Background,10240,9.41644,9.650915052,0.23447505200000052,106400,True
105,Background,102400,9.41817,9.570017068,0.15184706800000036,106400,True
100,Background,102400,9.42065,9.651423906,0.23077390599999958,1244,True
85,Background,1024,9.42204,9.528557323,0.1065173229999985,1087892,True
93,Background,102400,9.42335,9.784539444,0.36118944400000075,1244,True
112,Background,102400,9.42343,9.456358051,0.032928051000000735,10838,True
115,Background,10240,9.42404,9.705231672,0.2811916720000003,1244,True
86,Background,1048576,9.42536,9.518310073,0.0929500730000008,10838,True
101,Background,1048576,9.4259,9.43276155,0.006861549999999994,106400,True
102,Background,1024,9.42658,9.815664546,0.3890845460000012,10838,True
99,Background,10240,9.4281,9.646608668,0.21850866800000013,1244,True
94,Background,102400,9.43114,9.784539444,0.3533994440000008,1244,True
88,Background,102400,9.43239,9.598233843,0.16584384299999932,10838,True
95,Background,10485760,9.44052,9.730191773,0.28967177300000024,106400,True
97,Background,102400,9.44117,9.541906911,0.10073691100000026,10838,True
89,Background,1024,9.44158,9.530461792,0.08888179200000046,106400,True
102,Background,10240,9.44411,9.623756219,0.17964621900000033,10838,True
93,Background,1048576,9.44744,9.942186678,0.4947466780000003,1087892,True
83,Background,104857600,9.44769,9.787055765,0.33936576500000015,1087892,True
85,Background,10240,9.44973,9.867889515,0.41815951499999926,10838,True
98,Background,1048576,9.45313,9.50955016,0.05642016000000005,10838,True
110,Background,10485760,9.45366,9.587573418,0.13391341800000056,1244,True
76,Background,1024,9.4547,9.720332826,0.26563282599999916,1244,True
96,Background,1024,9.45545,9.594367152,0.13891715199999943,1244,True
101,Background,1048576,9.45636,9.651423906,0.19506390599999968,1244,True
95,Background,1048576,9.46151,9.784539444,0.32302944399999944,1244,True
98,Background,10240,9.46172,9.481525571,0.01980557100000091,1087892,True
77,Background,102400,9.46283,9.720332826,0.25750282599999963,1244,True
100,Background,1048576,9.46283,9.705861256,0.24303125600000008,106400,True
86,Background,1024,9.46655,9.528557323,0.06200732299999956,1087892,True
84,Background,102400,9.46965,9.529765777,0.06011577700000004,10838,True
92,Background,1024,9.47504,9.650467047,0.17542704699999945,1087892,True
81,Background,10485760,9.47622,9.506471212,0.030251211999999583,106400,True
79,Background,1024,9.47661,9.487999666,0.011389665999999465,1244,True
128,Background,10240,9.47845,9.888801718,0.41035171799999937,1244,True
87,Background,1048576,9.47887,9.518310073,0.03944007299999974,10838,True
93,Background,102400,9.4802,9.703480417,0.2232804169999998,1087892,True
84,Background,10485760,9.48228,9.875825972,0.3935459720000001,106400,True
85,Background,1048576,9.48355,9.529765777,0.04621577700000046,10838,True
99,Background,10240,9.48459,9.50955016,0.02496015999999912,10838,True
96,Background,1048576,9.48825,9.884264916,0.3960149159999986,10838,True
82,Background,1024,9.49147,9.506471212,0.015001211999999597,106400,True
102,Background,10240,9.49168,9.692915898,0.2012358980000002,10838,True
87,Background,102400,9.49213,9.755522819,0.2633928189999999,10838,True
101,Background,1048576,9.49281,9.530434294,0.03762429400000045,10838,True
88,Background,10240,9.49286,9.755522819,0.2626628189999991,10838,True
86,Background,102400,9.49319,9.529765777,0.036575776999999476,10838,True
85,Background,1024,9.49419,9.875825972,0.38163597199999977,106400,True
83,Background,10240,9.49446,9.506471212,0.012011211999999105,106400,True
80,Background,102400,9.4948,9.564298993,0.06949899299999984,10838,True
103,Background,10485760,9.49618,9.692915898,0.19673589800000002,10838,True
106,Background,1048576,9.49842,9.536304537,0.03788453700000005,10838,True
100,Background,1024,9.49896,9.539830375,0.040870374999999015,10838,True
78,Background,102400,9.49899,9.720332826,0.22134282600000077,1244,True
79,Background,102400,9.50289,9.720332826,0.2174428259999992,1244,True
87,Background,102400,9.50327,9.528557323,0.025287322999998807,1087892,True
80,Background,1048576,9.5052,9.808679402,0.3034794019999989,106400,True
83,Background,102400,9.50679,9.531461044,0.024671043999999753,1244,True
92,Background,1048576,9.50814,9.650915052,0.14277505200000107,106400,True
100,Background,1048576,9.51325,9.674050916,0.16080091600000124,1087892,True
111,Background,102400,9.51371,9.587573418,0.07386341800000018,1244,True
129,Background,10240,9.51532,9.888801718,0.37348171800000074,1244,True
94,Background,1024,9.51733,9.596250405,0.07892040499999986,10838,True
103,Background,10240,9.51756,9.815664546,0.29810454600000114,10838,True
93,Background,10240,9.51948,9.650467047,0.13098704699999963,1087892,True
116,Background,10485760,9.5198,9.705231672,0.185431672,1244,True
77,Background,1048576,9.5212,9.767255867,0.24605586699999904,1087892,True
98,Background,1024,9.52298,9.840094481,0.31711448099999906,1087892,True
94,Background,10240,9.52299,9.942186678,0.4191966780000005,1087892,True
96,Background,10240,9.52493,9.730191773,0.20526177300000015,106400,True
102,Background,102400,9.52617,9.530434294,0.00426429400000039,10838,True
130,Background,1048576,9.52676,9.888801718,0.3620417180000004,1244,True
94,Background,10485760,9.52909,9.632421277,0.10333127700000055,10838,True
78,Background,1048576,9.53036,9.767255867,0.23689586699999943,1087892,True
131,Background,10240,9.53072,9.888801718,0.3580817179999993,1244,True
87,Background,102400,9.53085,9.5860843,0.0552343000000004,1244,True
92,Background,102400,9.53269,9.557321468,0.024631467999999046,1244,True
84,Background,102400,9.53294,9.904170603,0.37123060300000077,1244,True
106,Background,10485760,9.53357,9.570017068,0.03644706800000108,106400,True
107,Background,10485760,9.53438,9.570017068,0.03563706799999977,106400,True
93,Background,1024,9.53687,9.650915052,0.11404505199999981,106400,True
107,Background,1048576,9.53756,9.556927245,0.01936724500000153,10838,True
110,Background,10485760,9.53817,9.728875211,0.19070521100000093,10838,True
88,Background,102400,9.53976,9.5860843,0.04632430000000021,1244,True
95,Background,10240,9.54379,9.596250405,0.05246040499999971,10838,True
117,Background,102400,9.54448,9.705231672,0.16075167199999996,1244,True
108,Background,1048576,9.54574,9.556927245,0.011187245000000345,10838,True
97,Background,102400,9.54805,9.730191773,0.18214177299999967,106400,True
118,Background,1024,9.54827,9.705231672,0.15696167199999955,1244,True
112,Background,1048576,9.55079,9.587573418,0.03678341800000062,1244,True
79,Background,1048576,9.55148,9.702891616,0.15141161600000075,10838,True
94,Background,102400,9.55199,9.650467047,0.09847704699999937,1087892,True
93,Background,1048576,9.55202,9.845707793,0.29368779300000014,1087892,True
94,Background,10485760,9.55212,9.650915052,0.09879505199999983,106400,True
102,Background,10240,9.555,9.651423906,0.09642390600000006,1244,True
101,Background,1048576,9.56196,9.805004099,0.24304409900000046,10876994,True
95,Background,1024,9.56203,9.619390581,0.0573605809999993,10876994,True
101,Background,1048576,9.56725,9.705861256,0.1386112560000008,106400,True
94,Background,1048576,9.56797,9.896482136,0.32851213599999873,106400,True
79,Background,1048576,9.56985,9.827936706,0.2580867059999985,10838,True
103,Background,102400,9.57422,9.651423906,0.07720390599999938,1244,True
99,Background,102400,9.57436,9.840094481,0.2657344809999991,1087892,True
75,Background,1024,9.57442,9.941403275,0.36698327500000083,106400,True
113,Background,1048576,9.57547,9.587573418,0.012103418000000588,1244,True
81,Background,104857600,9.57604,9.808679402,0.23263940199999844,106400,True
94,Background,102400,9.57651,9.703480417,0.126970416999999,1087892,True
82,Background,1048576,9.57697,9.808679402,0.2317094019999999,106400,True
90,Background,1024,9.57778,9.701543008,0.12376300799999918,10838,True
87,Background,10240,9.57861,9.80655953,0.22794953000000007,106400,True
98,Background,1048576,9.58068,9.730191773,0.1495117730000004,106400,True
88,Background,10485760,9.58229,9.80655953,0.22426952999999905,106400,True
86,Background,102400,9.58285,9.831747571,0.24889757099999876,1087892,True
91,Background,10240,9.58299,9.67011623,0.08712622999999908,1087892,True
95,Background,1048576,9.58414,9.632421277,0.048281277000000955,10838,True
111,Background,1024,9.58553,9.592504648,0.006974647999999917,106400,True
84,Background,1024,9.58725,9.834644852,0.2473948520000011,10876994,True
99,Background,102400,9.59417,9.730191773,0.1360217729999995,106400,True
100,Background,1024,9.59964,9.730191773,0.13055177299999876,106400,True
100,Background,102400,9.6009,9.693938408,0.09303840799999996,10876994,True
101,Background,1024,9.60336,9.674050916,0.07069091600000021,1087892,True
80,Background,10240,9.60352,9.720332826,0.11681282600000031,1244,True
97,Background,102400,9.60406,9.610307085,0.006247085000000041,106400,True
96,Background,104857600,9.60599,9.632421277,0.026431277000000364,10838,True
104,Background,10240,9.60887,9.692915898,0.08404589800000117,10838,True
80,Background,10240,9.60897,9.702891616,0.09392161600000115,10838,True
99,Background,102400,9.61472,9.684983592,0.07026359199999987,10838,True
96,Background,1048576,9.61529,9.922569312,0.30727931200000036,106400,True
89,Background,10240,9.6157,9.769558332,0.15385833200000043,106400,True
81,Background,102400,9.61702,9.720332826,0.1033128259999998,1244,True
101,Background,10485760,9.62381,9.730191773,0.10638177299999896,106400,True
88,Background,102400,9.62505,9.638426146,0.013376146000000588,1087892,True
93,Background,1024,9.62582,9.824897407,0.19907740700000076,1087892,True
88,Background,102400,9.62782,9.791236138,0.16341613800000054,10838,True
100,Background,102400,9.6299,9.840094481,0.21019448100000027,1087892,True
84,Background,1024,9.63014,9.787055765,0.15691576499999904,1087892,True
100,Background,1024,9.63172,9.684983592,0.053263592000000415,10838,True
103,Background,102400,9.63216,9.856256433,0.2240964329999997,1087892,True
94,Background,102400,9.63361,9.661173805,0.02756380500000155,10838,True
101,Background,1048576,9.63576,9.684983592,0.04922359200000059,10838,True
102,Background,102400,9.64065,9.684983592,0.0443335919999992,10838,True
119,Background,1024,9.64124,9.705231672,0.06399167200000022,1244,True
76,Background,10240,9.6483,9.941403275,0.293103275,106400,True
81,Background,102400,9.64934,9.956621476,0.307281476,10838,True
83,Background,1048576,9.64975,9.808679402,0.15892940200000005,106400,True
114,Background,1048576,9.65134,9.815596369,0.1642563690000003,10838,True
82,Background,10240,9.65248,9.720332826,0.06785282599999931,1244,True
96,Background,1024,9.65469,9.784539444,0.12984944399999954,1244,True
103,Background,102400,9.6547,9.684983592,0.03028359199999997,10838,True
81,Background,1048576,9.65585,9.702891616,0.04704161600000134,10838,True
95,Background,102400,9.65585,9.701179292,0.045329292000001686,1244,True
97,Background,1024,9.65699,9.884264916,0.22727491599999894,10838,True
86,Background,102400,9.659,9.875825972,0.21682597199999876,106400,True
86,Background,10240,9.66171,9.867889515,0.20617951500000053,10838,True
112,Background,10240,9.66692,9.68228616,0.015366160000001017,106400,True
102,Background,102400,9.67127,9.674050916,0.002780916000000744,1087892,True
120,Background,1048576,9.67307,9.705231672,0.03216167200000086,1244,True
83,Background,10240,9.67326,9.720332826,0.04707282599999907,1244,True
104,Background,1024,9.67408,9.849285722,0.1752057219999994,10876994,True
85,Background,102400,9.68059,9.834644852,0.1540548519999998,10876994,True
82,Background,10240,9.68461,9.702891616,0.018281616000001222,10838,True
104,Background,102400,9.6849,9.856256433,0.1713564329999997,1087892,True
90,Background,1024,9.68896,9.769558332,0.080598332000001,106400,True
84,Background,10240,9.68937,9.720332826,0.030962825999999666,1244,True
87,Background,10240,9.70106,9.831747571,0.13068757099999928,1087892,True
98,Background,1048576,9.70109,9.825257154,0.12416715400000022,1244,True
91,Background,102400,9.70149,9.701543008,5.300800000007655e-05,10838,True
80,Background,102400,9.70196,9.827936706,0.12597670599999944,10838,True
95,Background,10240,9.70821,9.916593716,0.20838371600000016,10838,True
95,Background,102400,9.70843,9.876534513,0.1681045129999994,106400,True
95,Background,10240,9.70923,9.896482136,0.18725213599999968,106400,True
103,Background,102400,9.70923,9.714392949,0.005162949000000694,1087892,True
104,Background,10485760,9.71048,9.898804315,0.18832431499999913,10838,True
82,Background,1048576,9.71132,9.956621476,0.24530147599999985,10838,True
85,Background,102400,9.71343,9.787055765,0.07362576499999918,1087892,True
96,Background,102400,9.71503,9.916593716,0.201563715999999,10838,True
88,Background,10485760,9.71715,9.831747571,0.11459757099999912,1087892,True
111,Background,102400,9.71966,9.728875211,0.009215211000000778,10838,True
102,Background,102400,9.72161,9.861693492,0.14008349200000048,10838,True
97,Background,102400,9.72755,9.828480402,0.10093040199999948,106400,True
98,Background,10240,9.73485,9.884264916,0.14941491599999956,10838,True
132,Background,10240,9.73678,9.888801718,0.1520217180000003,1244,True
84,Background,1048576,9.73763,9.808679402,0.07104940199999987,106400,True
92,Background,10240,9.7391,9.74230635,0.0032063499999992473,1087892,True
113,Background,1048576,9.74035,9.884288084,0.1439380840000002,106400,True
86,Background,1024,9.74182,9.787055765,0.04523576499999926,1087892,True
114,Background,10240,9.74882,9.884288084,0.13546808399999932,106400,True
115,Background,102400,9.75074,9.884288084,0.13354808399999918,106400,True
105,Background,102400,9.75366,9.849285722,0.09562572199999941,10876994,True
87,Background,1048576,9.75425,9.787055765,0.0328057649999991,1087892,True
91,Background,10240,9.755,9.769558332,0.014558332000000007,106400,True
89,Background,10240,9.7586,9.80655953,0.04795952999999997,106400,True
104,Background,1048576,9.76121,9.815664546,0.05445454600000055,10838,True
106,Background,1048576,9.7623,9.849285722,0.08698572199999965,10876994,True
105,Background,102400,9.76268,9.856256433,0.09357643300000085,1087892,True
85,Background,1048576,9.76626,9.808679402,0.042419401999998385,106400,True
85,Background,102400,9.76638,9.904170603,0.1377906030000009,1244,True
81,Background,1048576,9.7683,9.827936706,0.05963670599999915,10838,True
98,Background,1048576,9.76876,9.828480402,0.05972040199999995,106400,True
96,Background,102400,9.77637,9.876534513,0.10016451299999929,106400,True
89,Background,1048576,9.77914,9.791236138,0.012096138000000423,10838,True
116,Background,1048576,9.78348,9.884288084,0.10080808399999874,106400,True
92,Background,1048576,9.78393,9.785707479,0.00177747899999936,10838,True
106,Background,1024,9.78824,9.856256433,0.06801643300000038,1087892,True
107,Background,102400,9.78988,9.856256433,0.06637643300000029,1087892,True
95,Background,10240,9.79027,9.942186678,0.15191667800000097,1087892,True
89,Background,1024,9.79377,9.983728294,0.1899582940000002,10876994,True
103,Background,102400,9.79739,9.861693492,0.06430349200000052,10838,True
101,Background,102400,9.80001,9.809880963,0.009870962999999122,1087892,True
102,Background,1024,9.80019,9.899053756,0.09886375600000008,106400,True
133,Background,1048576,9.80047,9.888801718,0.08833171799999917,1244,True
94,Background,102400,9.80377,9.845707793,0.04193779300000067,1087892,True
87,Background,10485760,9.80413,9.867889515,0.06375951499999921,10838,True
90,Background,10240,9.80718,9.80655953,-0.0006204700000012053,106400,True
82,Background,10240,9.80897,9.827936706,0.018966705999998723,10838,True
85,Background,10485760,9.81086,9.81710781,0.006247809999999632,106400,True
97,Background,10240,9.81307,9.916593716,0.10352371599999977,10838,True
96,Background,1048576,9.81388,9.896482136,0.08260213600000021,106400,True
83,Background,102400,9.81778,9.956621476,0.13884147599999963,10838,True
97,Background,104857600,9.8186,9.922569312,0.10396931200000026,106400,True
95,Background,102400,9.82132,9.845707793,0.024387793000000713,1087892,True
98,Background,10240,9.82263,9.916593716,0.09396371599999931,10838,True
99,Background,1048576,9.82414,9.884264916,0.06012491599999947,10838,True
101,Background,10240,9.82974,9.840094481,0.010354481000000249,1087892,True
108,Background,102400,9.83169,9.856256433,0.024566433000000387,1087892,True
104,Background,10240,9.8346,9.861693492,0.027093492000000552,10838,True
88,Background,102400,9.8364,9.867889515,0.03148951500000052,10838,True
102,Background,1048576,9.83818,9.840094481,0.0019144810000000234,1087892,True
104,Background,102400,9.83901,9.890454504,0.051444503999999114,1087892,True
86,Background,10240,9.84098,9.99999928,0.15901928000000076,72081092,False
90,Background,10240,9.84685,9.983728294,0.13687829400000062,10876994,True
96,Background,102400,9.85212,9.963821332,0.11170133200000087,106400,True
109,Background,1024,9.86034,9.947446973,0.08710697299999914,10876994,True
112,Background,10240,9.86721,9.887961691,0.020751690999999184,1087892,True
105,Background,102400,9.87093,9.890454504,0.01952450399999961,1087892,True
106,Background,10485760,9.87418,9.890454504,0.016274503999998302,1087892,True
89,Background,102400,9.8757,9.983681477,0.10798147699999916,1087892,True
77,Background,1048576,9.87868,9.941403275,0.06272327500000152,106400,True
83,Background,1024,9.87892,9.935512532,0.05659253199999981,106400,True
86,Background,1048576,9.88258,9.882417547,-0.00016245300000150564,106400,True
96,Background,102400,9.88871,9.893472779,0.004762778999999995,106400,True
105,Background,10240,9.89038,9.898804315,0.008424314999999183,10838,True
110,Background,10240,9.91192,9.947446973,0.03552697299999963,10876994,True
97,Background,10240,9.91831,9.937376422,0.01906642199999986,1244,True
91,Background,1024,9.93703,9.983728294,0.04669829400000047,10876994,True
96,Background,102400,9.93805,9.942186678,0.00413667800000006,1087892,True
101,Background,10485760,9.94543,9.996909265,0.05147926499999933,10838,True
