FlowId,Type,Size,StartTime,EndTime,FCT,RxBytes,FinReceived
0,Background,1024,0.00116542,0.002481904,0.0013164840000000001,1244,True
0,Background,102400,0.00120352,0.00279646,0.0015929400000000002,106400,True
0,Background,102400,0.00194196,0.004513544,0.0025715840000000005,106400,True
0,Background,1024,0.00405939,0.008269846,0.0042104560000000004,1244,True
0,Background,10240,0.00465797,0.009470281,0.0048123110000000005,10838,True
0,Background,102400,0.00539681,0.011311336,0.005914526,106400,True
0,Background,1048576,0.0056152,0.013440322,0.007825122,1087892,True
0,Background,102400,0.00656381,0.013517247,0.006953437,106400,True
0,Background,102400,0.0067974,0.013984208,0.007186807999999999,106400,True
0,Background,10240,0.00731239,0.014779131,0.007466740999999999,10838,True
0,Background,102400,0.00741293,0.015360642,0.007947712000000001,106400,True
0,Background,10240,0.0080353,0.016174823,0.008139523000000001,10838,True
0,Background,10240,0.0105535,0.021261321,0.010707821,10838,True
0,Background,10485760,0.0110156,0.043187893,0.032172293,10876994,True
0,Background,102400,0.0128322,0.026053796,0.013221596,106400,True
1,Background,1024,0.0151465,0.021261321,0.0061148209999999995,10838,True
0,Background,102400,0.0161372,0.032663848,0.016526648,106400,True
0,Background,1048576,0.0161569,0.034608718,0.018451818,1087892,True
0,Background,102400,0.0174839,0.035491581,0.018007681,106400,True
0,Background,102400,0.0175665,0.035522436,0.017955936,106400,True
0,Background,10485760,0.0177041,0.056583309,0.038879209,10876994,True
0,Background,1048576,0.0177409,0.037791005,0.020050105000000002,1087892,True
0,Background,1024,0.0190117,0.038174693,0.019162993000000003,1244,True
0,Background,1048576,0.0205417,0.043367769,0.022826069,1087892,True
0,Background,102400,0.0206849,0.041759941,0.021075041000000003,106400,True
0,Background,10240,0.021177,0.042510005,0.021333004999999995,10838,True
0,Background,10240,0.0214288,0.043013909,0.021585109,10838,True
0,Background,10240,0.023852,0.047859188,0.024007187999999995,10838,True
1,Background,10240,0.0239604,0.048076117,0.024115717000000002,10838,True
0,Background,1024,0.0240453,0.048241658,0.024196358,1244,True
2,Background,1048576,0.0241702,0.048076117,0.023905917000000002,10838,True
1,Background,1048576,0.0260125,0.032663848,0.006651348000000001,106400,True
0,Background,1048576,0.0268089,0.055942202,0.029133302000000003,1087892,True
1,Background,102400,0.0310479,0.06248526,0.03143736,106400,True
0,Background,1048576,0.031124,0.06453894,0.033414940000000004,1087892,True
0,Background,1048576,0.0315033,0.065289342,0.033786042,1087892,True
0,Background,1024,0.0327264,0.065603834,0.032877434,1244,True
0,Background,102400,0.035131,0.07057794,0.03544694,106400,True
0,Background,10240,0.0361243,0.072352823,0.036228523,10838,True
0,Background,102400,0.0376712,0.075731736,0.03806053599999999,106400,True
1,Background,10240,0.0385016,0.077157635,0.038656035000000005,10838,True
1,Background,10485760,0.0385418,0.098241395,0.059699594999999994,10876994,True
1,Background,1048576,0.0390321,0.06453894,0.025506840000000003,1087892,True
0,Background,10485760,0.0400219,0.10120123,0.061179330000000004,10876994,True
0,Background,1024,0.0400999,0.080351163,0.040251263,1244,True
1,Background,1024,0.0401722,0.080495963,0.040323763000000006,1244,True
0,Background,1048576,0.0405467,0.083378057,0.04283135700000001,1087892,True
0,Background,10240,0.0413306,0.082817945,0.041487345,10838,True
1,Background,102400,0.0423585,0.085119022,0.042760522,106400,True
0,Background,10240,0.0433038,0.086763388,0.04345958799999999,10838,True
1,Background,102400,0.0433422,0.043013909,-0.00032829099999999445,10838,True
1,Background,1024,0.0435665,0.087284668,0.043718167999999995,1244,True
0,Background,1048576,0.0464814,0.095381884,0.048900484,1087892,True
0,Background,10240,0.0466608,0.09347801,0.04681721,10838,True
0,Background,1024,0.046939,0.094029452,0.047090452,1244,True
0,Background,102400,0.0472483,0.094887636,0.047639336,106400,True
2,Background,102400,0.0502054,0.054308309,0.004102909000000002,1087892,True
0,Background,104857600,0.0505268,0.310956202,0.26042940200000003,108768230,True
0,Background,10485760,0.0519995,0.125292394,0.073292894,10876994,True
2,Background,1024,0.0523744,0.06453894,0.012164540000000001,1087892,True
0,Background,102400,0.0535914,0.107429138,0.053837737999999996,106400,True
0,Background,1024,0.0544888,0.109079102,0.054590302,1244,True
0,Background,1048576,0.0564806,0.115380798,0.05890019800000001,1087892,True
3,Background,102400,0.0578524,0.06453894,0.006686540000000005,1087892,True
0,Background,10240,0.0582167,0.116589199,0.058372499,10838,True
0,Background,10485760,0.0587675,0.138722305,0.07995480499999999,10876994,True
0,Background,1024,0.0588472,0.11784547,0.05899826999999999,1244,True
0,Background,1048576,0.0589102,0.120266831,0.061356631,1087892,True
0,Background,102400,0.059377,0.119000944,0.059623944,106400,True
1,Background,102400,0.0594669,0.119564587,0.060097687,106400,True
0,Background,1048576,0.0595489,0.121384206,0.06183530599999999,1087892,True
0,Background,1024,0.0595722,0.11929619,0.05972399,1244,True
1,Background,1024,0.0620248,0.124202014,0.062177214,1244,True
1,Background,10485760,0.0622254,0.095381884,0.033156484,1087892,True
0,Background,102400,0.0626946,0.12563524,0.06294064,106400,True
0,Background,1024,0.0631743,0.126500026,0.06332572599999998,1244,True
1,Background,102400,0.064629,0.12964895,0.06501995,106400,True
1,Background,1024,0.0652306,0.130613318,0.065382718,1244,True
2,Background,1048576,0.0653546,0.133069126,0.06771452600000001,1087892,True
0,Background,102400,0.0654726,0.131469562,0.065996962,106400,True
1,Background,1024,0.0657687,0.109079102,0.043310402,1244,True
1,Background,104857600,0.0682795,0.116589199,0.048309699,10838,True
0,Background,1048576,0.0700158,0.142316054,0.072300254,1087892,True
0,Background,102400,0.070679,0.141748438,0.071069438,106400,True
1,Background,10240,0.0709137,0.141984943,0.071071243,10838,True
0,Background,102400,0.0747293,0.149774492,0.07504519200000001,106400,True
0,Background,10485760,0.0747897,0.170772738,0.095983038,10876994,True
0,Background,102400,0.0749491,0.150259782,0.075310682,106400,True
1,Background,1048576,0.0763794,0.155125153,0.07874575299999999,1087892,True
0,Background,1048576,0.0772935,0.156906776,0.079613276,1087892,True
1,Background,102400,0.0776832,0.094029452,0.016346252000000006,1244,True
0,Background,1024,0.0778818,0.155915761,0.07803396100000001,1244,True
0,Background,10240,0.0785203,0.157197019,0.07867671899999999,10838,True
1,Background,1024,0.0786286,0.107429138,0.028800537999999987,106400,True
1,Background,102400,0.0793027,0.121384206,0.04208150599999999,1087892,True
1,Background,10485760,0.0798864,0.181037694,0.101151294,10876994,True
0,Background,1024,0.0803391,0.160830467,0.08049136700000001,1244,True
2,Background,1048576,0.0814018,0.095381884,0.013980084000000004,1087892,True
0,Background,1048576,0.0830478,0.168381436,0.08533363599999999,1087892,True
1,Background,1024,0.0833694,0.16689077,0.08352137,1244,True
0,Background,10240,0.083926,0.168010132,0.084084132,10838,True
1,Background,1048576,0.0845644,0.149774492,0.06521009200000001,106400,True
1,Background,10240,0.0846988,0.169556418,0.08485761799999998,10838,True
1,Background,1048576,0.0858388,0.141748438,0.055909638,106400,True
1,Background,1024,0.086212,0.172577124,0.086365124,1244,True
0,Background,1048576,0.0870625,0.176411042,0.08934854199999999,1087892,True
0,Background,102400,0.0871186,0.174627307,0.087508707,106400,True
0,Background,1024,0.0871528,0.174459425,0.087306625,1244,True
1,Background,1024,0.0890616,0.178274815,0.089213215,1244,True
0,Background,1048576,0.0900494,0.182385503,0.092336103,1087892,True
2,Background,102400,0.0902544,0.124202014,0.033947614,1244,True
2,Background,10485760,0.0909841,0.12964895,0.038664850000000014,106400,True
0,Background,102400,0.0910086,0.182407407,0.091398807,106400,True
1,Background,10240,0.0942076,0.188521344,0.094313744,10838,True
2,Background,102400,0.0961224,0.192634441,0.09651204099999999,106400,True
1,Background,1048576,0.0968644,0.142316054,0.045451653999999994,1087892,True
1,Background,10240,0.0974571,0.138722305,0.041265204999999985,10876994,True
2,Background,1048576,0.0977069,0.107429138,0.009722237999999994,106400,True
0,Background,102400,0.0978488,0.196088111,0.09823931100000001,106400,True
1,Background,10240,0.0983437,0.11784547,0.019501769999999988,1244,True
0,Background,1048576,0.0995381,0.201361084,0.10182298399999999,1087892,True
0,Background,10485760,0.101333,0.223873713,0.122540713,10876994,True
1,Background,1048576,0.101672,0.20564111,0.10396910999999999,1087892,True
2,Background,1024,0.101807,0.181037694,0.079230694,10876994,True
0,Background,102400,0.103446,0.20752239,0.10407639,106400,True
2,Background,102400,0.103884,0.172577124,0.068693124,1244,True
1,Background,102400,0.105261,0.210837658,0.10557665800000002,106400,True
0,Background,102400,0.105739,0.211794804,0.106055804,106400,True
0,Background,102400,0.106212,0.212813382,0.106601382,106400,True
1,Background,1048576,0.107876,0.196088111,0.08821211100000001,106400,True
0,Background,1024,0.108748,0.217647116,0.108899116,1244,True
3,Background,102400,0.109651,0.124202014,0.014551014000000001,1244,True
2,Background,10240,0.110245,0.141984943,0.03173994300000001,10838,True
1,Background,102400,0.11311,0.226609926,0.11349992599999999,106400,True
0,Background,1024,0.113971,0.228093446,0.114122446,1244,True
1,Background,1048576,0.11616,0.234615107,0.11845510699999999,1087892,True
0,Background,102400,0.117668,0.235726626,0.118058626,106400,True
1,Background,1048576,0.117783,0.160830467,0.043047467000000006,1244,True
1,Background,1048576,0.118023,0.20752239,0.08949939,106400,True
0,Background,10485760,0.118084,0.257329823,0.13924582300000002,10876994,True
0,Background,10240,0.119105,0.238366815,0.11926181500000001,10838,True
2,Background,1024,0.119148,0.20752239,0.08837439,106400,True
1,Background,10240,0.119293,0.238743295,0.119450295,10838,True
2,Background,10240,0.119766,0.239687396,0.119921396,10838,True
1,Background,10240,0.121179,0.150259782,0.029080782000000013,106400,True
1,Background,10240,0.1221,0.217647116,0.095547116,1244,True
0,Background,1048576,0.122921,0.248204527,0.125283527,1087892,True
0,Background,1024,0.123886,0.247873492,0.123987492,1244,True
0,Background,1048576,0.123888,0.250036151,0.126148151,1087892,True
0,Background,102400,0.12485,0.250089823,0.12523982299999997,106400,True
4,Background,10240,0.125104,0.180899747,0.05579574700000001,106400,True
1,Background,1024,0.125269,0.250690647,0.125421647,1244,True
2,Background,102400,0.125776,0.169556418,0.04378041799999999,10838,True
0,Background,1024,0.125959,0.252070687,0.12611168700000003,1244,True
0,Background,1048576,0.126397,0.255208407,0.12881140700000002,1087892,True
1,Background,102400,0.127592,0.131469562,0.003877562000000001,106400,True
1,Background,1024,0.128401,0.212813382,0.08441238200000001,106400,True
1,Background,10485760,0.12858,0.168381436,0.039801435999999996,1087892,True
3,Background,102400,0.129786,0.133069126,0.0032831259999999973,1087892,True
2,Background,102400,0.130363,0.155756777,0.025393777000000006,106400,True
0,Background,102400,0.131504,0.263398215,0.13189421499999998,106400,True
1,Background,1048576,0.131768,0.252070687,0.12030268700000002,1244,True
1,Background,1024,0.131871,0.263893814,0.13202281400000002,1244,True
3,Background,1048576,0.132891,0.268185474,0.13529447399999997,1087892,True
2,Background,10485760,0.133847,0.212813382,0.078966382,106400,True
1,Background,102400,0.134306,0.269002442,0.134696442,106400,True
1,Background,1048576,0.13601,0.247873492,0.11186349200000001,1244,True
3,Background,10485760,0.136757,0.20752239,0.07076539000000001,106400,True
0,Background,1024,0.137074,0.274300864,0.13722686399999998,1244,True
1,Background,102400,0.137662,0.248204527,0.110542527,1087892,True
0,Background,102400,0.137886,0.276274918,0.13838891799999997,106400,True
2,Background,102400,0.138045,0.19684541,0.05880041,10838,True
0,Background,1048576,0.138417,0.279230337,0.14081333699999998,1087892,True
2,Background,10240,0.140893,0.248204527,0.10731152700000002,1087892,True
2,Background,1048576,0.142615,0.149774492,0.007159492000000017,106400,True
1,Background,10485760,0.143921,0.309125284,0.165204284,10876994,True
3,Background,102400,0.145228,0.165229491,0.02000149100000001,1087892,True
2,Background,104857600,0.145411,0.500886094,0.35547509399999994,108768230,True
1,Background,102400,0.145456,0.174459425,0.029003425,1244,True
1,Background,10485760,0.146052,0.313263352,0.167211352,10876994,True
2,Background,10240,0.146262,0.263893814,0.117631814,1244,True
2,Background,1048576,0.148536,0.255574847,0.10703884699999999,106400,True
2,Background,104857600,0.151952,0.238743295,0.08679129499999999,10838,True
2,Background,1024,0.152175,0.158996143,0.006821143000000002,106400,True
2,Background,1024,0.152196,0.304546139,0.152350139,1244,True
1,Background,10240,0.152832,0.305825761,0.15299376099999998,10838,True
1,Background,102400,0.154377,0.274300864,0.11992386399999999,1244,True
1,Background,102400,0.154438,0.255208407,0.10077040700000003,1087892,True
2,Background,10240,0.158743,0.317643835,0.158900835,10838,True
0,Background,10485760,0.160892,0.343060296,0.18216829599999998,10876994,True
0,Background,10240,0.163373,0.326903993,0.163530993,10838,True
2,Background,102400,0.163789,0.195072096,0.03128309600000001,10838,True
2,Background,1024,0.164883,0.242464743,0.07758174300000001,10838,True
1,Background,102400,0.166978,0.174627307,0.007649307000000022,106400,True
4,Background,10240,0.167042,0.268185474,0.10114347399999998,1087892,True
2,Background,10240,0.16777,0.178274815,0.010504815,1244,True
5,Background,1024,0.168712,0.180899747,0.012187746999999999,106400,True
1,Background,1048576,0.16873,0.339768506,0.17103850600000003,1087892,True
0,Background,10240,0.17054,0.341239193,0.170699193,10838,True
1,Background,10240,0.171174,0.342455994,0.171281994,10838,True
1,Background,10240,0.171828,0.276274918,0.10444691799999997,106400,True
1,Background,102400,0.171992,0.344508296,0.17251629599999999,106400,True
0,Background,1024,0.172476,0.345053225,0.17257722500000003,1244,True
2,Background,10240,0.173342,0.278320512,0.10497851200000002,10876994,True
1,Background,102400,0.173768,0.223873713,0.050105712999999996,10876994,True
0,Background,102400,0.175473,0.351469799,0.17599679900000004,106400,True
1,Background,1048576,0.176918,0.182407407,0.005489407000000002,106400,True
5,Background,102400,0.179171,0.268185474,0.08901447399999998,1087892,True
6,Background,102400,0.179263,0.268185474,0.08892247399999997,1087892,True
1,Background,1048576,0.179518,0.361320513,0.181802513,1087892,True
2,Background,1048576,0.180183,0.361320513,0.181137513,1087892,True
1,Background,102400,0.181647,0.363685127,0.182038127,106400,True
1,Background,10240,0.181825,0.363805785,0.181980785,10838,True
2,Background,10485760,0.182093,0.182407407,0.0003144069999999888,106400,True
2,Background,102400,0.183519,0.223873713,0.040354713000000014,10876994,True
1,Background,102400,0.186022,0.326903993,0.140881993,10838,True
2,Background,102400,0.186372,0.309125284,0.12275328399999999,10876994,True
0,Background,10240,0.186699,0.373553254,0.186854254,10838,True
2,Background,102400,0.188833,0.378056016,0.189223016,106400,True
6,Background,10240,0.189145,0.219691661,0.030546661000000003,106400,True
1,Background,1048576,0.189159,0.380613301,0.19145430100000002,1087892,True
2,Background,1048576,0.189836,0.33448041,0.14464441,106400,True
4,Background,1048576,0.190966,0.384461123,0.19349512300000002,1087892,True
7,Background,10240,0.192112,0.268185474,0.07607347399999997,1087892,True
3,Background,102400,0.19305,0.239687396,0.046637396,10838,True
1,Background,102400,0.19387,0.250089823,0.056219823,106400,True
1,Background,102400,0.195301,0.373553254,0.178252254,10838,True
2,Background,102400,0.196439,0.344508296,0.148069296,106400,True
2,Background,1024,0.196452,0.342455994,0.146003994,10838,True
2,Background,102400,0.198254,0.247873492,0.04961949199999999,1244,True
0,Background,1024,0.198659,0.397469863,0.19881086299999998,1244,True
5,Background,1048576,0.198704,0.384461123,0.18575712300000002,1087892,True
0,Background,102400,0.199301,0.398992196,0.19969119600000002,106400,True
1,Background,102400,0.199517,0.399280009,0.199763009,106400,True
2,Background,1024,0.200798,0.217647116,0.016849115999999997,1244,True
1,Background,10240,0.201,0.345053225,0.144053225,1244,True
0,Background,10240,0.201276,0.40270752,0.20143151999999998,10838,True
0,Background,10240,0.201485,0.403124544,0.20163954399999998,10838,True
1,Background,1048576,0.201859,0.406072465,0.20421346499999998,1087892,True
0,Background,1048576,0.20225,0.406809757,0.20455975699999998,1087892,True
3,Background,10240,0.204128,0.304502832,0.100374832,1244,True
2,Background,1048576,0.204504,0.411290928,0.206786928,1087892,True
2,Background,10240,0.205175,0.252070687,0.04689568700000002,1244,True
1,Background,102400,0.205518,0.403124544,0.19760654399999997,10838,True
3,Background,102400,0.205584,0.411558903,0.205974903,106400,True
2,Background,10485760,0.207194,0.234615107,0.027421107,1087892,True
3,Background,1024,0.208331,0.247873492,0.03954249200000001,1244,True
3,Background,1024,0.208566,0.361320513,0.152754513,1087892,True
2,Background,102400,0.209606,0.419529632,0.209923632,106400,True
1,Background,102400,0.210329,0.341239193,0.130910193,10838,True
3,Background,1048576,0.211551,0.33448041,0.12292941000000002,106400,True
3,Background,10240,0.212025,0.276481552,0.06445655200000003,106400,True
2,Background,10240,0.212436,0.226609926,0.014173925999999976,106400,True
2,Background,1048576,0.215873,0.276274918,0.06040191799999997,106400,True
3,Background,10240,0.216128,0.255574847,0.03944684700000001,106400,True
1,Background,102400,0.216205,0.432801063,0.21659606299999998,106400,True
4,Background,10240,0.216737,0.239687396,0.022950395999999984,10838,True
1,Background,102400,0.216778,0.343060296,0.126282296,10876994,True
3,Background,1048576,0.216969,0.335699145,0.11873014499999998,10838,True
2,Background,10240,0.217135,0.380613301,0.16347830100000002,1087892,True
1,Background,10240,0.219097,0.279230337,0.06013333700000001,1087892,True
3,Background,10485760,0.220801,0.276274918,0.05547391799999998,106400,True
0,Background,1048576,0.222682,0.447662692,0.22498069199999998,1087892,True
0,Background,102400,0.224174,0.448738688,0.22456468799999998,106400,True
2,Background,102400,0.224577,0.343060296,0.11848329599999999,10876994,True
1,Background,10240,0.22642,0.452995808,0.226575808,10838,True
2,Background,10240,0.226852,0.453860775,0.227008775,10838,True
2,Background,10240,0.227556,0.339768506,0.11221250600000002,1087892,True
1,Background,1048576,0.231572,0.465430589,0.233858589,1087892,True
0,Background,102400,0.231896,0.464311471,0.23241547099999998,106400,True
4,Background,102400,0.232112,0.361320513,0.129208513,1087892,True
0,Background,102400,0.23222,0.464829855,0.232609855,106400,True
4,Background,102400,0.232583,0.259963559,0.027380559,106400,True
1,Background,102400,0.233979,0.398992196,0.16501319600000003,106400,True
1,Background,10240,0.235676,0.250036151,0.014360150999999988,1087892,True
4,Background,1048576,0.236308,0.290848127,0.05454012700000002,106400,True
3,Background,102400,0.236724,0.380613301,0.14388930100000002,1087892,True
3,Background,1024,0.237513,0.327967602,0.09045460200000002,106400,True
2,Background,10240,0.237835,0.398992196,0.16115719600000003,106400,True
0,Background,102400,0.238673,0.477736336,0.239063336,106400,True
4,Background,102400,0.239016,0.33448041,0.09546441,106400,True
0,Background,102400,0.239598,0.479584622,0.239986622,106400,True
3,Background,1024,0.239917,0.278320512,0.03840351200000003,10876994,True
3,Background,10485760,0.240054,0.500886094,0.26083209399999996,108768230,True
4,Background,102400,0.240704,0.276274918,0.03557091799999998,106400,True
5,Background,1048576,0.241486,0.33448041,0.09299441,106400,True
1,Background,1024,0.242164,0.477736336,0.235572336,106400,True
1,Background,10240,0.242767,0.464311471,0.22154447099999997,106400,True
5,Background,1024,0.242797,0.386491127,0.14369412699999998,106400,True
2,Background,10240,0.242967,0.250089823,0.007122823,106400,True
2,Background,102400,0.243464,0.279230337,0.03576633699999998,1087892,True
2,Background,102400,0.244054,0.464311471,0.22025747099999998,106400,True
1,Background,102400,0.244069,0.488454432,0.24438543199999999,106400,True
3,Background,1048576,0.245293,0.250089823,0.004796822999999978,106400,True
1,Background,102400,0.245306,0.479584622,0.23427862200000002,106400,True
1,Background,102400,0.24551,0.491265511,0.24575551099999998,106400,True
3,Background,102400,0.245762,0.343060296,0.09729829599999998,10876994,True
3,Background,102400,0.246091,0.435561913,0.18947091300000002,10876994,True
3,Background,102400,0.246395,0.411290928,0.164895928,1087892,True
6,Background,10240,0.24667,0.384461123,0.13779112300000002,1087892,True
3,Background,1048576,0.247866,0.378056016,0.130190016,106400,True
1,Background,1048576,0.249727,0.464829855,0.215102855,106400,True
3,Background,1024,0.249746,0.342455994,0.09270999399999999,10838,True
3,Background,10240,0.249842,0.251942015,0.0021000150000000106,106400,True
4,Background,10240,0.251939,0.380613301,0.128674301,1087892,True
2,Background,102400,0.252201,0.305825761,0.053624760999999965,10838,True
2,Background,1024,0.252762,0.505674558,0.25291255800000007,1244,True
2,Background,10240,0.25351,0.507175512,0.253665512,10838,True
1,Background,10240,0.254046,0.508246604,0.254200604,10838,True
3,Background,102400,0.254927,0.279230337,0.02430333699999998,1087892,True
2,Background,102400,0.255999,0.512520784,0.25652178400000003,106400,True
3,Background,102400,0.257247,0.514049891,0.256802891,108768230,True
2,Background,102400,0.259323,0.313263352,0.05394035199999997,10876994,True
0,Background,10240,0.259861,0.519875713,0.260014713,10838,True
3,Background,102400,0.259868,0.288921238,0.029053238000000037,10876994,True
3,Background,10485760,0.260746,0.344508296,0.08376229600000001,106400,True
4,Background,10485760,0.261213,0.304502832,0.04328983200000003,1244,True
0,Background,102400,0.261465,0.523559251,0.262094251,106400,True
1,Background,102400,0.262054,0.52449781,0.26244380999999994,106400,True
2,Background,10485760,0.262717,0.477736336,0.215019336,106400,True
3,Background,10240,0.263,0.275714112,0.012714112,106400,True
1,Background,102400,0.263182,0.526754776,0.26357277599999995,106400,True
3,Background,10485760,0.264572,0.550304842,0.285732842,10876994,True
3,Background,102400,0.265363,0.531158708,0.26579570799999996,106400,True
1,Background,1048576,0.265751,0.40270752,0.13695651999999997,10838,True
0,Background,10240,0.266356,0.532870725,0.266514725,10838,True
1,Background,10240,0.266769,0.533696085,0.266927085,10838,True
1,Background,10240,0.268247,0.53665242,0.26840542,10838,True
6,Background,1048576,0.268547,0.33448041,0.06593341000000003,106400,True
3,Background,1048576,0.271884,0.304546139,0.03266213899999998,1244,True
0,Background,10240,0.272158,0.544472504,0.272314504,10838,True
2,Background,102400,0.272783,0.40270752,0.12992452,10838,True
2,Background,1024,0.274634,0.53665242,0.26201842000000003,10838,True
2,Background,104857600,0.275675,0.792870838,0.517195838,108768230,True
2,Background,1048576,0.276689,0.508246604,0.23155760399999997,10838,True
2,Background,102400,0.277546,0.399280009,0.12173400899999998,106400,True
1,Background,10485760,0.277714,0.576607032,0.29889303199999995,10876994,True
7,Background,102400,0.277829,0.337576234,0.05974723399999998,1244,True
2,Background,1048576,0.278283,0.373553254,0.095270254,10838,True
0,Background,104857600,0.278413,0.800643977,0.522230977,108768230,True
4,Background,10240,0.27888,0.411290928,0.13241092799999998,1087892,True
2,Background,102400,0.278882,0.341239193,0.06235719299999998,10838,True
1,Background,102400,0.280116,0.397469863,0.117353863,1244,True
4,Background,1024,0.282024,0.343060296,0.06103629599999999,10876994,True
4,Background,102400,0.282917,0.388197808,0.105280808,106400,True
4,Background,10240,0.283086,0.335699145,0.05261314499999997,10838,True
2,Background,1024,0.283441,0.479584622,0.19614362200000002,106400,True
8,Background,1024,0.283868,0.334242457,0.050374456999999984,10838,True
1,Background,102400,0.285049,0.570414876,0.28536587599999996,106400,True
2,Background,10240,0.285175,0.576607032,0.29143203199999995,10876994,True
5,Background,1024,0.285725,0.380613301,0.09488830100000001,1087892,True
0,Background,1048576,0.285956,0.574439886,0.28848388599999997,1087892,True
2,Background,1048576,0.286558,0.575326062,0.28876806200000005,1087892,True
2,Background,1048576,0.287568,0.577423779,0.289855779,1087892,True
3,Background,1048576,0.288423,0.313263352,0.02484035200000001,10876994,True
2,Background,10240,0.289925,0.363685127,0.07376012700000001,106400,True
7,Background,10240,0.291022,0.384461123,0.09343912300000001,1087892,True
3,Background,102400,0.291236,0.53665242,0.24541642000000002,10838,True
2,Background,10240,0.292432,0.585019262,0.29258726199999996,10838,True
7,Background,102400,0.292567,0.33448041,0.041913409999999984,106400,True
1,Background,102400,0.292971,0.586466012,0.29349501200000006,106400,True
1,Background,1024,0.29658,0.523559251,0.226979251,106400,True
5,Background,102400,0.297433,0.304502832,0.007069831999999998,1244,True
3,Background,1048576,0.29799,0.598400428,0.30041042800000006,1087892,True
3,Background,102400,0.29923,0.399280009,0.100050009,106400,True
5,Background,1048576,0.299472,0.335699145,0.03622714499999996,10838,True
4,Background,10240,0.300556,0.327967602,0.027411602000000035,106400,True
3,Background,1048576,0.304732,0.611771955,0.30703995500000003,1087892,True
0,Background,1048576,0.305031,0.612345585,0.30731458500000003,1087892,True
3,Background,1024,0.305365,0.610781467,0.305416467,1244,True
8,Background,102400,0.308503,0.337576234,0.029073233999999948,1244,True
1,Background,102400,0.310883,0.448738688,0.13785568799999998,106400,True
1,Background,10240,0.311621,0.6233987,0.3117777,10838,True
3,Background,10240,0.311812,0.419529632,0.10771763200000001,106400,True
4,Background,1048576,0.312384,0.396824992,0.08444099199999999,106400,True
3,Background,1024,0.312759,0.577423779,0.26466477899999996,1087892,True
3,Background,10240,0.313484,0.373204371,0.059720370999999994,106400,True
5,Background,104857600,0.314447,0.343812091,0.02936509100000001,10838,True
0,Background,102400,0.314571,0.629531262,0.314960262,106400,True
4,Background,102400,0.315794,0.514883974,0.19908997399999995,106400,True
4,Background,1048576,0.315844,0.399280009,0.08343600899999998,106400,True
6,Background,104857600,0.315855,0.380613301,0.06475830100000002,1087892,True
3,Background,102400,0.316449,0.792870838,0.47642183800000004,108768230,True
5,Background,10485760,0.31846,0.4749388,0.15647879999999997,1087892,True
4,Background,102400,0.318869,0.438350736,0.119481736,10838,True
1,Background,10240,0.319431,0.629531262,0.31010026199999996,106400,True
5,Background,1048576,0.31964,0.361320513,0.04168051300000003,1087892,True
7,Background,10240,0.319726,0.380613301,0.060887301000000005,1087892,True
5,Background,1048576,0.321002,0.514883974,0.19388197399999996,106400,True
3,Background,1024,0.321398,0.585019262,0.26362126199999997,10838,True
1,Background,1048576,0.322038,0.646499878,0.324461878,1087892,True
1,Background,102400,0.322612,0.532870725,0.21025872499999998,10838,True
2,Background,1048576,0.322724,0.648621152,0.325897152,1087892,True
2,Background,102400,0.323385,0.488454432,0.16506943200000002,106400,True
3,Background,1048576,0.323735,0.505674558,0.18193955800000006,1244,True
1,Background,1048576,0.32484,0.652381718,0.327541718,1087892,True
3,Background,1024,0.32539,0.401748192,0.07635819199999999,1244,True
3,Background,1024,0.325724,0.651687984,0.32596398400000004,1244,True
2,Background,10240,0.325901,0.586466012,0.26056501200000004,106400,True
2,Background,102400,0.325928,0.491265511,0.165337511,106400,True
2,Background,10240,0.326693,0.570414876,0.24372187599999995,106400,True
6,Background,10240,0.327979,0.514883974,0.18690497399999995,106400,True
5,Background,102400,0.329309,0.43394592,0.10463691999999997,106400,True
6,Background,10485760,0.330146,0.4749388,0.1447928,1087892,True
3,Background,102400,0.331438,0.586466012,0.255028012,106400,True
1,Background,10240,0.332041,0.66424154,0.33220054000000004,10838,True
1,Background,10485760,0.33296,0.406809757,0.07384975700000002,1087892,True
4,Background,1048576,0.333318,0.505674558,0.17235655800000005,1244,True
6,Background,1048576,0.333734,0.335699145,0.0019651450000000015,10838,True
4,Background,1048576,0.333754,0.610781467,0.277027467,1244,True
2,Background,1024,0.334331,0.652381718,0.318050718,1087892,True
5,Background,102400,0.335534,0.610781467,0.275247467,1244,True
2,Background,1024,0.336852,0.629531262,0.292679262,106400,True
2,Background,104857600,0.337494,0.464829855,0.127335855,106400,True
3,Background,10485760,0.33841,0.724879739,0.38646973900000003,10876994,True
5,Background,10240,0.338876,0.475179168,0.13630316799999997,1244,True
4,Background,1024,0.338906,0.419529632,0.080623632,106400,True
2,Background,102400,0.339142,0.678834254,0.33969225399999997,106400,True
4,Background,1024,0.340473,0.401748192,0.06127519199999998,1244,True
2,Background,104857600,0.341405,0.363805785,0.02240078499999998,10838,True
2,Background,1048576,0.341595,0.448738688,0.10714368800000001,106400,True
6,Background,102400,0.341995,0.408411888,0.06641688800000001,10838,True
4,Background,10240,0.342607,0.546148645,0.20354164500000005,1087892,True
2,Background,102400,0.342654,0.685885246,0.343231246,106400,True
1,Background,1024,0.34289,0.574439886,0.23154988599999998,1087892,True
3,Background,1024,0.344181,0.363805785,0.019624784999999978,10838,True
1,Background,10240,0.345513,0.800643977,0.455130977,108768230,True
1,Background,102400,0.346028,0.519875713,0.17384771300000001,10838,True
1,Background,10240,0.346167,0.692530907,0.34636390699999997,10838,True
3,Background,1048576,0.346525,0.464311471,0.11778647099999995,106400,True
4,Background,10240,0.347009,0.393480112,0.04647111199999998,106400,True
2,Background,1024,0.34754,0.526754776,0.17921477599999996,106400,True
5,Background,10240,0.347794,0.396824992,0.049030991999999995,106400,True
4,Background,10240,0.350819,0.411558903,0.060739902999999984,106400,True
5,Background,1048576,0.351242,0.411558903,0.06031690299999998,106400,True
6,Background,10240,0.351282,0.610781467,0.25949946700000004,1244,True
6,Background,10240,0.351559,0.43394592,0.08238691999999997,106400,True
3,Background,10240,0.351706,0.703593034,0.35188703399999993,10838,True
5,Background,10240,0.351824,0.411290928,0.059466927999999974,1087892,True
8,Background,1048576,0.353757,0.384461123,0.030704123000000028,1087892,True
3,Background,10240,0.354024,0.70828729,0.35426329,10838,True
3,Background,102400,0.354292,0.507175512,0.152883512,10838,True
3,Background,102400,0.354495,0.648621152,0.29412615200000003,1087892,True
4,Background,1048576,0.35454,0.52018615,0.16564615,106400,True
3,Background,102400,0.35474,0.41050524,0.055765239999999994,10838,True
6,Background,10240,0.354753,0.361320513,0.006567513000000025,1087892,True
2,Background,10240,0.355376,0.692530907,0.33715490699999995,10838,True
4,Background,10240,0.356878,0.479986528,0.12310852800000005,1244,True
2,Background,10485760,0.356948,0.646499878,0.289551878,1087892,True
4,Background,10240,0.357595,0.648621152,0.29102615200000004,1087892,True
7,Background,102400,0.357905,0.408411888,0.05050688800000003,10838,True
2,Background,102400,0.359783,0.519875713,0.160092713,10838,True
2,Background,1024,0.36018,0.37243488,0.012254880000000024,106400,True
3,Background,10240,0.360822,0.512520784,0.15169878400000003,106400,True
4,Background,1024,0.361266,0.501268629,0.14000262900000005,10876994,True
0,Background,102400,0.361602,0.723709082,0.36210708199999997,106400,True
3,Background,1048576,0.361988,0.728043494,0.36605549400000004,1087892,True
6,Background,102400,0.362666,0.411558903,0.04889290299999999,106400,True
0,Background,1024,0.362983,0.726187641,0.363204641,1244,True
2,Background,10240,0.367105,0.402105551,0.03500055099999999,10838,True
4,Background,1048576,0.367384,0.507175512,0.139791512,10838,True
5,Background,10485760,0.369156,0.393480112,0.02432411200000001,106400,True
5,Background,102400,0.369904,0.419529632,0.049625631999999975,106400,True
3,Background,102400,0.371988,0.652381718,0.280393718,1087892,True
5,Background,10240,0.372539,0.465556039,0.09301703899999997,106400,True
4,Background,102400,0.373922,0.792870838,0.41894883800000005,108768230,True
6,Background,10240,0.374041,0.434113245,0.06007224499999997,1087892,True
4,Background,102400,0.374701,0.52615689,0.15145588999999998,10838,True
5,Background,102400,0.37547,0.546148645,0.17067864500000002,1087892,True
7,Background,10240,0.377859,0.411558903,0.033699902999999976,106400,True
9,Background,1048576,0.378622,0.384380041,0.0057580409999999915,10838,True
2,Background,10485760,0.383248,0.801401979,0.418153979,10876994,True
7,Background,1048576,0.384323,0.610781467,0.226458467,1244,True
6,Background,1024,0.385498,0.546148645,0.16065064500000004,1087892,True
2,Background,10240,0.385705,0.465430589,0.07972558899999999,1087892,True
4,Background,1048576,0.387177,0.586466012,0.19928901200000004,106400,True
2,Background,1024,0.388585,0.523559251,0.134974251,106400,True
3,Background,102400,0.388604,0.421047136,0.032443135999999984,106400,True
3,Background,10240,0.389601,0.629531262,0.239930262,106400,True
8,Background,1048576,0.390112,0.411558903,0.02144690299999996,106400,True
3,Background,1048576,0.39194,0.508246604,0.11630660399999998,10838,True
4,Background,102400,0.392056,0.629531262,0.23747526199999996,106400,True
3,Background,102400,0.393508,0.55888547,0.16537746999999997,1087892,True
4,Background,102400,0.393666,0.531158708,0.13749270799999996,106400,True
2,Background,10485760,0.396219,0.574439886,0.17822088599999997,1087892,True
3,Background,1024,0.396384,0.678834254,0.28245025399999996,106400,True
4,Background,10240,0.397685,0.55888547,0.16120046999999998,1087892,True
2,Background,10485760,0.39826,0.52449781,0.12623780999999995,106400,True
3,Background,10240,0.398786,0.488454432,0.08966843200000002,106400,True
7,Background,1048576,0.399767,0.546148645,0.14638164500000006,1087892,True
1,Background,1048576,0.400606,0.447662692,0.047056691999999956,1087892,True
3,Background,1048576,0.400795,0.575326062,0.17453106200000001,1087892,True
3,Background,102400,0.401251,0.526754776,0.12550377599999996,106400,True
2,Background,102400,0.401578,0.406809757,0.0052317570000000035,1087892,True
0,Background,10240,0.403268,0.806840803,0.40357280300000004,10838,True
10,Background,1048576,0.40444,0.567886968,0.16344696800000003,1244,True
3,Background,1024,0.407429,0.692530907,0.285101907,10838,True
5,Background,10240,0.412142,0.629531262,0.21738926199999997,106400,True
4,Background,1048576,0.412582,0.678834254,0.26625225399999997,106400,True
3,Background,1048576,0.412946,0.828175726,0.415229726,1087892,True
3,Background,10240,0.413989,0.580006305,0.16601730500000006,10838,True
3,Background,1024,0.415275,0.504790512,0.08951551200000002,106400,True
8,Background,10240,0.416944,0.610781467,0.19383746700000004,1244,True
3,Background,102400,0.418084,0.448738688,0.030654687999999986,106400,True
7,Background,10485760,0.418249,0.4749388,0.05668980000000001,1087892,True
4,Background,102400,0.418374,0.519035888,0.10066188799999998,106400,True
4,Background,102400,0.419914,0.651687984,0.23177398400000004,1244,True
2,Background,10240,0.421809,0.84377574,0.42196674,10838,True
3,Background,102400,0.423602,0.685885246,0.262283246,106400,True
4,Background,10240,0.424448,0.577423779,0.15297577899999998,1087892,True
3,Background,102400,0.424663,0.455268231,0.03060523100000001,10838,True
2,Background,102400,0.425731,0.452995808,0.027264807999999974,10838,True
3,Background,10240,0.426631,0.519875713,0.09324471300000003,10838,True
5,Background,1048576,0.426763,0.438350736,0.011587736000000015,10838,True
3,Background,10485760,0.427309,0.574439886,0.14713088599999996,1087892,True
3,Background,10240,0.428171,0.801401979,0.37323097899999996,10876994,True
6,Background,102400,0.430182,0.438350736,0.00816873600000001,10838,True
4,Background,10240,0.430279,0.860716159,0.43043715899999996,10838,True
6,Background,1024,0.430417,0.629531262,0.199114262,106400,True
4,Background,102400,0.432895,0.86631096,0.43341596,106400,True
2,Background,102400,0.434193,0.532870725,0.098677725,10838,True
4,Background,1048576,0.434229,0.455268231,0.021039231000000047,10838,True
1,Background,102400,0.434791,0.870045827,0.435254827,106400,True
1,Background,1048576,0.434982,0.612345585,0.17736358500000005,1087892,True
9,Background,10240,0.435729,0.610781467,0.17505246700000004,1244,True
7,Background,10240,0.43739,0.449544257,0.012154257000000002,106400,True
4,Background,102400,0.437512,0.685885246,0.248373246,106400,True
4,Background,1024,0.43793,0.627124206,0.18919420599999998,10838,True
11,Background,102400,0.439992,0.567886968,0.12789496800000005,1244,True
2,Background,102400,0.44062,0.6233987,0.18277869999999996,10838,True
4,Background,1048576,0.440676,0.499594407,0.058918407000000006,1244,True
8,Background,102400,0.441239,0.4749388,0.0336998,1087892,True
9,Background,1024,0.441571,0.556047159,0.11447615900000002,106400,True
3,Background,102400,0.441583,0.468482679,0.02689967900000001,106400,True
3,Background,102400,0.44206,0.479584622,0.03752462200000001,106400,True
2,Background,1048576,0.442279,0.886878168,0.444599168,1087892,True
5,Background,102400,0.442315,0.648621152,0.20630615200000002,1087892,True
3,Background,10240,0.442522,0.570414876,0.12789287599999993,106400,True
5,Background,10240,0.442777,0.531158708,0.088381708,106400,True
5,Background,102400,0.442861,0.586466012,0.14360501200000003,106400,True
4,Background,10240,0.443258,0.692530907,0.249272907,10838,True
4,Background,102400,0.444387,0.519875713,0.07548871300000004,10838,True
3,Background,102400,0.445718,0.52449781,0.07877980999999995,106400,True
2,Background,102400,0.446872,0.894210083,0.44733808300000005,106400,True
7,Background,102400,0.447561,0.464613623,0.01705262299999999,106400,True
10,Background,1048576,0.447713,0.610781467,0.163068467,1244,True
9,Background,10485760,0.449159,0.701998223,0.25283922300000006,10838,True
4,Background,102400,0.449289,0.550304842,0.10101584199999997,10876994,True
6,Background,102400,0.450154,0.542674088,0.09252008800000006,10876994,True
3,Background,102400,0.451405,0.903349473,0.451944473,106400,True
4,Background,10485760,0.45189,0.724879739,0.272989739,10876994,True
4,Background,10240,0.453268,0.498102324,0.04483432399999998,1087892,True
5,Background,102400,0.453993,0.792870838,0.33887783800000004,108768230,True
11,Background,102400,0.457743,0.610781467,0.153038467,1244,True
5,Background,10240,0.45884,0.724879739,0.266039739,10876994,True
3,Background,10240,0.459092,0.894210083,0.43511808300000004,106400,True
2,Background,10240,0.459543,0.919243144,0.459700144,10838,True
9,Background,10240,0.459903,0.4749388,0.015035799999999988,1087892,True
7,Background,10240,0.460176,0.487558631,0.027382631000000046,106400,True
1,Background,102400,0.460346,0.921083142,0.460737142,106400,True
3,Background,1024,0.462249,0.720545712,0.25829671199999993,1244,True
6,Background,102400,0.466154,0.792870838,0.326716838,108768230,True
5,Background,1048576,0.466889,0.555337506,0.08844850599999998,106400,True
7,Background,1024,0.466989,0.542674088,0.07568508800000007,10876994,True
6,Background,102400,0.467355,0.627024973,0.15966997300000002,1087892,True
2,Background,1024,0.469369,0.938888891,0.46951989099999997,1244,True
5,Background,1024,0.469531,0.849716716,0.380185716,106400,True
4,Background,10240,0.469825,0.622246573,0.15242157299999998,106400,True
8,Background,10240,0.470091,0.542674088,0.07258308800000007,10876994,True
6,Background,10240,0.470648,0.555337506,0.08468950599999997,106400,True
6,Background,1048576,0.471537,0.475179168,0.003642168000000001,1244,True
5,Background,10240,0.47262,0.692530907,0.219910907,10838,True
5,Background,1048576,0.473901,0.86631096,0.39240995999999995,106400,True
5,Background,102400,0.474936,0.479986528,0.005050527999999999,1244,True
2,Background,102400,0.475077,0.921083142,0.44600614199999994,106400,True
7,Background,1048576,0.480185,0.792870838,0.31268583800000005,108768230,True
2,Background,10485760,0.480282,0.804150294,0.32386829400000006,1087892,True
4,Background,1048576,0.481623,0.894210083,0.412587083,106400,True
4,Background,1024,0.481961,0.964073378,0.48211237800000006,1244,True
4,Background,102400,0.482484,0.598400428,0.11591642800000002,1087892,True
5,Background,1024,0.482723,0.598400428,0.11567742800000003,1087892,True
5,Background,102400,0.482861,0.894210083,0.41134908300000006,106400,True
4,Background,102400,0.483926,0.570414876,0.08648887599999994,106400,True
2,Background,1024,0.48457,0.969291942,0.484721942,1244,True
7,Background,1048576,0.486443,0.627024973,0.14058197300000003,1087892,True
4,Background,102400,0.48687,0.492572544,0.005702543999999976,106400,True
6,Background,102400,0.48799,0.648621152,0.16063115200000005,1087892,True
3,Background,102400,0.488561,0.938888891,0.4503278909999999,1244,True
5,Background,1048576,0.488763,0.507175512,0.018412511999999992,10838,True
5,Background,10240,0.489202,0.722872402,0.233670402,1244,True
7,Background,1048576,0.489424,0.629531262,0.14010726199999995,106400,True
2,Background,102400,0.489829,0.980047938,0.490218938,106400,True
0,Background,102400,0.490008,0.98033181,0.49032381,106400,True
2,Background,10240,0.490274,0.66424154,0.17396754000000003,10838,True
3,Background,1048576,0.490702,0.983704589,0.493002589,1087892,True
3,Background,1024,0.491502,0.491265511,-0.0002364890000000064,106400,True
8,Background,1048576,0.49199,0.510289335,0.018299334999999972,106400,True
5,Background,1048576,0.492581,0.550304842,0.05772384199999997,10876994,True
6,Background,10240,0.492627,0.745262999,0.25263599900000006,10838,True
3,Background,102400,0.493045,0.523559251,0.030514250999999992,106400,True
0,Background,1024,0.493087,0.98632604,0.49323904,1244,True
7,Background,10240,0.493139,0.745262999,0.25212399900000004,10838,True
2,Background,102400,0.493495,0.560621174,0.06712617399999998,106400,True
4,Background,1048576,0.493821,0.652378815,0.15855781499999994,106400,True
7,Background,102400,0.495857,0.555337506,0.05948050599999999,106400,True
2,Background,102400,0.496723,0.800643977,0.303920977,108768230,True
2,Background,10240,0.496743,0.612345585,0.11560258500000004,1087892,True
5,Background,102400,0.498765,0.52615689,0.027391889999999974,10838,True
4,Background,1048576,0.499135,0.801401979,0.302266979,10876994,True
8,Background,104857600,0.499216,0.555337506,0.05612150599999999,106400,True
3,Background,102400,0.501972,0.85185202,0.34988002000000007,106400,True
5,Background,10240,0.502819,0.651687984,0.14886898400000004,1244,True
4,Background,10485760,0.50391,0.720545712,0.21663571199999998,1244,True
8,Background,102400,0.50393,0.504032464,0.00010246400000002431,10838,True
3,Background,10240,0.504305,0.612345585,0.10804058500000002,1087892,True
5,Background,1048576,0.504306,0.652378815,0.1480728149999999,106400,True
4,Background,10485760,0.506692,0.70828729,0.20159528999999998,10838,True
4,Background,1024,0.507322,0.903349473,0.39602747299999996,106400,True
5,Background,102400,0.507398,0.651028135,0.143630135,1244,True
6,Background,10240,0.507546,0.586466012,0.07892001199999998,106400,True
9,Background,10485760,0.508058,0.571601806,0.06354380599999998,1244,True
3,Background,102400,0.508415,0.886878168,0.378463168,1087892,True
5,Background,102400,0.508816,0.685885246,0.17706924599999996,106400,True
3,Background,10240,0.512879,0.734315246,0.221436246,10838,True
6,Background,102400,0.514229,0.651687984,0.137458984,1244,True
5,Background,102400,0.51631,0.566335916,0.05002591599999995,106400,True
3,Background,102400,0.516865,0.532870725,0.01600572499999997,10838,True
6,Background,1048576,0.518854,0.550304842,0.03145084199999992,10876994,True
2,Background,1048576,0.519039,1.040286966,0.521247966,1087892,True
2,Background,10485760,0.520123,0.870045827,0.349922827,106400,True
10,Background,10240,0.520696,0.571601806,0.05090580599999994,1244,True
3,Background,1048576,0.523232,0.546611392,0.023379391999999943,10876994,True
4,Background,102400,0.524232,0.983704589,0.459472589,1087892,True
8,Background,10240,0.524501,0.595285282,0.07078428199999998,106400,True
6,Background,1024,0.52557,0.598400428,0.07283042800000006,1087892,True
1,Background,1048576,0.525596,0.544472504,0.01887650400000007,10838,True
5,Background,1048576,0.526596,0.650318743,0.12372274300000008,1087892,True
6,Background,1048576,0.526745,0.849716716,0.32297171599999996,106400,True
4,Background,1048576,0.526942,0.703593034,0.17665103399999993,10838,True
5,Background,102400,0.528476,0.627124206,0.09864820600000002,10838,True
5,Background,1048576,0.528869,0.579191741,0.050322741000000004,1087892,True
1,Background,102400,0.528909,1.058369394,0.5294603940000001,106400,True
5,Background,1048576,0.529579,0.570414876,0.04083587599999994,106400,True
0,Background,10240,0.529604,1.059364908,0.5297609080000001,10838,True
7,Background,1024,0.532424,0.651687984,0.11926398400000005,1244,True
4,Background,1024,0.534028,0.943683117,0.409655117,108768230,True
4,Background,1024,0.534512,0.593312637,0.058800637000000044,1244,True
6,Background,10240,0.534612,0.623728844,0.08911684399999997,10838,True
7,Background,102400,0.534792,0.880694294,0.34590229399999994,108768230,True
4,Background,1024,0.535176,0.580006305,0.04483030500000007,10838,True
4,Background,1024,0.536167,0.85185202,0.3156850200000001,106400,True
5,Background,10240,0.537154,0.678834254,0.14168025399999995,106400,True
6,Background,102400,0.53724,0.652378815,0.1151388149999999,106400,True
6,Background,10485760,0.537318,0.557917725,0.02059972500000007,10838,True
5,Background,1048576,0.538091,0.974198235,0.43610723500000004,106400,True
3,Background,10240,0.539268,0.93439004,0.39512204000000006,108768230,True
3,Background,102400,0.539442,0.84377574,0.30433374,10838,True
8,Background,102400,0.541003,0.792870838,0.251867838,108768230,True
7,Background,1024,0.542028,0.598400428,0.056372428000000085,1087892,True
5,Background,10240,0.542091,0.85185202,0.30976102000000005,106400,True
8,Background,10485760,0.543351,0.880694294,0.33734329399999996,108768230,True
3,Background,10240,0.544234,1.08862477,0.54439077,10838,True
5,Background,102400,0.545825,0.70828729,0.16246229,10838,True
6,Background,102400,0.546621,0.724879739,0.178258739,10876994,True
4,Background,102400,0.547884,0.883556683,0.33567268299999997,106400,True
6,Background,102400,0.547961,0.566335916,0.018374915999999963,106400,True
1,Background,102400,0.548235,1.096859341,0.548624341,106400,True
4,Background,1048576,0.549142,0.612345585,0.063203585,1087892,True
4,Background,102400,0.549578,1.099544672,0.5499666719999999,106400,True
5,Background,102400,0.549863,0.612345585,0.062482585000000035,1087892,True
6,Background,10240,0.551292,1.102740234,0.5514482340000001,10838,True
5,Background,1024,0.552459,0.883568035,0.331109035,1087892,True
4,Background,1048576,0.555314,1.048771183,0.49345718299999997,1087892,True
1,Background,102400,0.555682,1.059364908,0.503682908,10838,True
5,Background,1024,0.555741,0.943683117,0.3879421169999999,108768230,True
7,Background,102400,0.5558,0.648621152,0.09282115200000007,1087892,True
7,Background,1048576,0.555836,1.102740234,0.5469042340000001,10838,True
4,Background,102400,0.558588,0.886878168,0.328290168,1087892,True
3,Background,1024,0.559565,0.969291942,0.40972694200000004,1244,True
3,Background,1024,0.560335,0.6233987,0.06306369999999994,10838,True
7,Background,10240,0.561794,0.849716716,0.28792271599999997,106400,True
10,Background,1024,0.562148,0.61739635,0.05524835000000006,106400,True
7,Background,102400,0.56234,0.601269663,0.038929663,10838,True
3,Background,102400,0.56284,0.66424154,0.10140154000000001,10838,True
10,Background,1048576,0.562931,0.658417203,0.09548620299999999,10876994,True
4,Background,10240,0.563677,1.08862477,0.52494777,10838,True
5,Background,1024,0.564415,0.580006305,0.015591305000000055,10838,True
6,Background,10240,0.565197,0.722872402,0.15767540200000008,1244,True
4,Background,102400,0.567146,0.582862234,0.015716233999999996,106400,True
4,Background,10485760,0.568654,0.611771955,0.04311795500000004,1087892,True
6,Background,1048576,0.568762,0.579191741,0.010429741000000048,1087892,True
8,Background,10240,0.57022,0.651687984,0.0814679840000001,1244,True
5,Background,102400,0.571039,0.582862234,0.011823234000000071,106400,True
4,Background,10240,0.571117,0.969291942,0.39817494200000003,1244,True
1,Background,102400,0.572653,0.98033181,0.40767881000000006,106400,True
4,Background,1048576,0.575159,0.652381718,0.07722271800000002,1087892,True
4,Background,102400,0.578422,0.830703609,0.25228160899999996,1244,True
6,Background,102400,0.578616,0.653493522,0.07487752199999997,10838,True
7,Background,10240,0.579621,0.601361723,0.021740722999999962,1087892,True
7,Background,1048576,0.581197,1.033009418,0.45181241800000005,106400,True
5,Background,10240,0.581204,0.712088914,0.1308849139999999,1087892,True
4,Background,10240,0.581977,0.6233987,0.041421700000000006,10838,True
4,Background,1024,0.581979,0.710106913,0.12812791299999993,106400,True
5,Background,1048576,0.582407,0.903349473,0.320942473,106400,True
7,Background,104857600,0.584218,0.586466012,0.0022480120000000214,106400,True
3,Background,10240,0.584294,0.980047938,0.395753938,106400,True
3,Background,102400,0.584509,0.646499878,0.06199087800000003,1087892,True
6,Background,10240,0.586952,0.692530907,0.10557890699999994,10838,True
6,Background,1048576,0.587048,0.903349473,0.316301473,106400,True
7,Background,1048576,0.587298,0.837229609,0.249931609,106400,True
4,Background,102400,0.58894,0.696132428,0.10719242799999995,1087892,True
5,Background,102400,0.591199,0.883556683,0.292357683,106400,True
6,Background,10240,0.591208,0.627124206,0.035916206000000006,10838,True
5,Background,10240,0.59211,0.611771955,0.01966195500000001,1087892,True
2,Background,102400,0.595258,1.096859341,0.5016013410000001,106400,True
6,Background,10240,0.597845,0.612345585,0.014500585000000066,1087892,True
7,Background,102400,0.597851,0.623728844,0.025877843999999928,10838,True
3,Background,102400,0.598141,0.697934343,0.09979334299999998,10876994,True
9,Background,10240,0.598659,0.880694294,0.28203529399999994,108768230,True
4,Background,10485760,0.599587,0.642947824,0.043360823999999965,1244,True
3,Background,1048576,0.59983,1.201999991,0.6021699910000001,1087892,True
8,Background,10240,0.600276,0.629531262,0.02925526199999995,106400,True
7,Background,102400,0.600508,0.627124206,0.02661620599999992,10838,True
7,Background,1048576,0.602043,0.653493522,0.051450522,10838,True
6,Background,1048576,0.60222,0.685885246,0.08366524600000003,106400,True
3,Background,1048576,0.603469,0.804150294,0.200681294,1087892,True
8,Background,1024,0.60351,0.745262999,0.14175299900000005,10838,True
6,Background,1048576,0.603623,0.828135182,0.224512182,10838,True
10,Background,10240,0.603738,0.880694294,0.276956294,108768230,True
6,Background,1024,0.603843,0.85185202,0.24800902000000002,106400,True
6,Background,102400,0.605147,0.883568035,0.27842103500000004,1087892,True
8,Background,1048576,0.605265,0.627124206,0.02185920599999991,10838,True
6,Background,10240,0.605469,0.650318743,0.044849743,1087892,True
9,Background,1048576,0.606621,0.633271685,0.026650685000000007,106400,True
4,Background,10240,0.607745,0.686144903,0.07839990299999999,1244,True
8,Background,1048576,0.607923,0.653493522,0.045570522,10838,True
5,Background,1048576,0.609034,0.696132428,0.087098428,1087892,True
10,Background,1048576,0.610575,0.701998223,0.09142322300000005,10838,True
8,Background,102400,0.611805,0.849716716,0.23791171599999994,106400,True
2,Background,10485760,0.613897,1.053481527,0.43958452699999995,1087892,True
9,Background,1048576,0.614303,0.849716716,0.23541371599999994,106400,True
5,Background,102400,0.615305,0.652381718,0.03707671800000001,1087892,True
11,Background,102400,0.616416,0.880694294,0.264278294,108768230,True
8,Background,102400,0.617206,1.033009418,0.415803418,106400,True
3,Background,1024,0.617644,1.096859341,0.4792153410000001,106400,True
9,Background,104857600,0.617892,0.627124206,0.009232205999999965,10838,True
4,Background,102400,0.619399,0.72206118,0.10266217999999994,10838,True
6,Background,10485760,0.61961,0.974198235,0.35458823500000003,106400,True
2,Background,10240,0.620015,1.058369394,0.4383543940000001,106400,True
6,Background,10240,0.620104,0.86631096,0.24620695999999997,106400,True
5,Background,1048576,0.62013,0.969291942,0.34916194200000006,1244,True
4,Background,102400,0.622417,0.824044697,0.20162769700000005,10876994,True
12,Background,10240,0.622829,0.880694294,0.257865294,108768230,True
5,Background,10240,0.623665,0.703593034,0.07992803399999993,10838,True
4,Background,1048576,0.623788,0.810710539,0.186922539,1087892,True
11,Background,102400,0.623928,0.884048226,0.26012022599999995,108768230,True
5,Background,10240,0.623939,0.693585152,0.06964615200000002,1087892,True
5,Background,1048576,0.625387,0.720545712,0.09515871199999992,1244,True
4,Background,10240,0.626829,0.938888891,0.312059891,1244,True
4,Background,1024,0.627821,0.728043494,0.10022249400000005,1087892,True
3,Background,1048576,0.627867,1.053481527,0.425614527,1087892,True
8,Background,1024,0.629866,0.648621152,0.018755151999999997,1087892,True
5,Background,102400,0.630206,0.728043494,0.09783749399999997,1087892,True
4,Background,102400,0.630723,0.734315246,0.10359224599999994,10838,True
4,Background,1024,0.630752,1.053481527,0.422729527,1087892,True
3,Background,1048576,0.630923,1.058369394,0.42744639400000006,106400,True
5,Background,1024,0.631897,0.692587682,0.06069068199999994,106400,True
11,Background,1048576,0.632137,0.88329308,0.25115608,1244,True
6,Background,1048576,0.633614,0.728043494,0.094429494,1087892,True
9,Background,102400,0.633823,0.723675876,0.08985287600000003,1087892,True
6,Background,102400,0.634773,0.678834254,0.04406125399999994,106400,True
6,Background,10485760,0.634911,0.943683117,0.30877211699999996,108768230,True
4,Background,1024,0.637143,0.84377574,0.20663273999999998,10838,True
2,Background,10240,0.637856,0.98033181,0.34247581000000005,106400,True
1,Background,10485760,0.638383,0.723709082,0.08532608199999991,106400,True
7,Background,10240,0.638597,0.652378815,0.013781814999999975,106400,True
6,Background,10240,0.638941,1.134681752,0.4957407520000001,106400,True
4,Background,10240,0.640621,0.789734515,0.14911351500000003,1087892,True
12,Background,1048576,0.640897,1.008287194,0.36739019399999995,106400,True
6,Background,10240,0.641387,0.749999827,0.10861282699999997,106400,True
5,Background,102400,0.642371,0.787545295,0.145174295,106400,True
8,Background,10240,0.642796,0.70970924,0.06691323999999998,10838,True
4,Background,102400,0.64414,0.645689287,0.0015492869999998993,106400,True
5,Background,10485760,0.644669,1.08862477,0.44395576999999997,10838,True
3,Background,10240,0.645038,0.98033181,0.33529381,106400,True
5,Background,102400,0.645063,0.645689287,0.0006262869999998921,106400,True
6,Background,10240,0.648047,0.787545295,0.139498295,106400,True
7,Background,102400,0.649499,0.787545295,0.13804629499999999,106400,True
5,Background,10240,0.649776,0.686144903,0.03636890299999995,1244,True
7,Background,1048576,0.650361,0.704059708,0.053698707999999984,10838,True
12,Background,102400,0.650641,0.762817154,0.11217615400000003,1087892,True
9,Background,1024,0.650644,0.651687984,0.0010439840000000533,1244,True
7,Background,1048576,0.650734,0.898969206,0.24823520599999993,106400,True
6,Background,1048576,0.65181,0.71415114,0.06234114000000002,10838,True
5,Background,102400,0.652339,0.886878168,0.23453916799999996,1087892,True
4,Background,10240,0.652966,0.93439004,0.28142404,108768230,True
4,Background,1024,0.654115,0.980047938,0.325932938,106400,True
4,Background,102400,0.655065,0.828175726,0.173110726,1087892,True
8,Background,102400,0.655595,0.695725396,0.04013039600000001,10838,True
6,Background,102400,0.655692,0.681297917,0.025605916999999923,1244,True
7,Background,10240,0.656581,0.681297917,0.024716917000000005,1244,True
4,Background,10485760,0.657681,1.096859341,0.4391783410000001,106400,True
10,Background,10240,0.657748,0.840353663,0.18260566300000003,106400,True
8,Background,10240,0.658102,0.6634741,0.005372099999999991,106400,True
4,Background,102400,0.659555,0.697934343,0.03837934300000001,10876994,True
7,Background,102400,0.66054,0.724879739,0.064339739,10876994,True
7,Background,102400,0.661334,0.685885246,0.024551246000000027,106400,True
5,Background,102400,0.661651,0.697934343,0.03628334300000002,10876994,True
9,Background,102400,0.661902,0.70970924,0.04780724000000003,10838,True
2,Background,104857600,0.661929,1.53401374,0.87208474,108768230,True
6,Background,1024,0.661982,0.693585152,0.03160315200000008,1087892,True
9,Background,1048576,0.663331,0.684682271,0.021351271000000005,106400,True
13,Background,1024,0.663981,0.762817154,0.09883615400000001,1087892,True
8,Background,102400,0.664153,0.898969206,0.23481620599999997,106400,True
4,Background,1048576,0.664338,0.797850741,0.133512741,10838,True
8,Background,1024,0.665635,0.983053918,0.317418918,1244,True
6,Background,10240,0.667589,0.894210083,0.22662108300000006,106400,True
5,Background,102400,0.66837,0.860716159,0.19234615899999996,10838,True
8,Background,1024,0.668405,0.965491445,0.2970864449999999,106400,True
11,Background,10240,0.66889,0.701998223,0.03310822300000005,10838,True
6,Background,1048576,0.669323,0.696132428,0.02680942799999997,1087892,True
3,Background,1024,0.671161,0.921083142,0.24992214199999996,106400,True
7,Background,10485760,0.671734,0.692530907,0.02079690699999992,10838,True
6,Background,10240,0.672919,0.787952196,0.11503319599999995,106400,True
9,Background,1048576,0.673767,0.935931445,0.262164445,1087892,True
5,Background,102400,0.673986,0.93439004,0.26040404000000006,108768230,True
4,Background,102400,0.674208,1.058369394,0.38416139400000004,106400,True
5,Background,10485760,0.675365,0.789734515,0.11436951500000003,1087892,True
5,Background,1024,0.676205,0.828175726,0.15197072600000006,1087892,True
7,Background,10240,0.676307,1.352772643,0.676465643,10838,True
5,Background,102400,0.676659,0.734315246,0.05765624599999997,10838,True
7,Background,1048576,0.677382,0.872446548,0.19506454799999995,1087892,True
5,Background,102400,0.677826,0.938888891,0.2610628909999999,1244,True
7,Background,102400,0.677886,0.883568035,0.20568203500000004,1087892,True
6,Background,102400,0.678583,0.703593034,0.025010033999999903,10838,True
10,Background,10485760,0.682144,0.876011667,0.19386766700000002,1244,True
4,Background,102400,0.684465,0.921083142,0.23661814199999998,106400,True
7,Background,10240,0.685073,1.055481229,0.3704082289999999,1087892,True
9,Background,1024,0.68578,0.856061312,0.17028131200000007,1087892,True
7,Background,10485760,0.686655,1.134681752,0.4480267520000001,106400,True
8,Background,10240,0.687781,0.925051594,0.23727059400000006,10876994,True
5,Background,1048576,0.688262,1.058369394,0.37010739400000003,106400,True
7,Background,102400,0.688318,0.974198235,0.28588023500000004,106400,True
7,Background,1048576,0.688743,0.703593034,0.014850033999999956,10838,True
7,Background,102400,0.688836,0.749999827,0.061163827000000004,106400,True
4,Background,1048576,0.690307,0.751668184,0.06136118400000001,10876994,True
5,Background,1024,0.690543,0.72206118,0.03151817999999995,10838,True
7,Background,10240,0.69219,0.85185202,0.15966202000000007,106400,True
5,Background,1024,0.693299,1.099544672,0.40624567199999995,106400,True
6,Background,1024,0.693686,0.828175726,0.13448972599999998,1087892,True
5,Background,102400,0.694078,0.906692437,0.21261443700000004,10838,True
9,Background,1048576,0.694935,0.925051594,0.23011659400000006,10876994,True
7,Background,102400,0.695035,0.728043494,0.033008494000000055,1087892,True
5,Background,1048576,0.695273,0.983704589,0.288431589,1087892,True
11,Background,102400,0.696888,0.857941022,0.16105302200000005,10876994,True
8,Background,10240,0.69771,0.787545295,0.08983529499999998,106400,True
3,Background,1024,0.698525,1.040286966,0.3417619660000001,1087892,True
3,Background,10240,0.699649,1.399453391,0.699804391,10838,True
12,Background,102400,0.701797,0.702640439,0.0008434389999999459,10838,True
6,Background,10240,0.704605,0.86881671,0.16421171,106400,True
5,Background,1024,0.706205,1.048771183,0.34256618299999997,1087892,True
7,Background,102400,0.706303,1.06820833,0.36190533,1244,True
8,Background,10240,0.706841,0.85185202,0.14501102,106400,True
8,Background,1048576,0.707261,0.847594444,0.14033344399999992,106400,True
6,Background,10240,0.708073,0.883556683,0.17548368300000006,106400,True
6,Background,102400,0.708484,0.969291942,0.260807942,1244,True
4,Background,1024,0.715505,1.040286966,0.3247819660000001,1087892,True
6,Background,102400,0.71629,1.03455772,0.31826772000000003,10876994,True
10,Background,1048576,0.716774,0.925051594,0.208277594,10876994,True
6,Background,1024,0.717395,1.158477211,0.4410822109999999,10876994,True
6,Background,102400,0.717631,1.162563682,0.444932682,10838,True
8,Background,102400,0.719427,1.015315786,0.2958887859999999,106400,True
9,Background,1024,0.719434,0.898969206,0.17953520599999995,106400,True
3,Background,1024,0.720571,0.919243144,0.198672144,10838,True
6,Background,1024,0.720786,1.099544672,0.3787586719999999,106400,True
5,Background,1048576,0.721073,0.777322227,0.05624922700000001,1244,True
8,Background,10240,0.722191,1.134681752,0.41249075200000007,106400,True
5,Background,1024,0.722346,1.040286966,0.317940966,1087892,True
6,Background,102400,0.723073,1.239320533,0.5162475329999999,106400,True
6,Background,1024,0.724107,0.822512142,0.09840514200000006,10876994,True
7,Background,102400,0.724868,1.162563682,0.4376956820000001,10838,True
9,Background,102400,0.725172,0.965491445,0.2403194449999999,106400,True
8,Background,10485760,0.725342,1.352772643,0.627430643,10838,True
6,Background,1024,0.726574,0.92464905,0.19807504999999992,1244,True
13,Background,1024,0.727119,0.778598429,0.05147942900000002,1087892,True
8,Background,102400,0.727642,0.751593595,0.023951594999999992,106400,True
11,Background,1024,0.728275,0.876011667,0.147736667,1244,True
9,Background,1024,0.728831,0.745262999,0.01643199900000003,10838,True
7,Background,1024,0.728905,0.787952196,0.05904719599999997,106400,True
7,Background,10485760,0.729508,1.158477211,0.42896921099999985,10876994,True
10,Background,102400,0.729846,0.849716716,0.11987071599999999,106400,True
4,Background,1024,0.730369,1.399453391,0.669084391,10838,True
8,Background,1024,0.730615,1.056411474,0.3257964739999999,1087892,True
8,Background,10485760,0.730757,1.482699664,0.7519426640000001,10876994,True
9,Background,1024,0.731509,1.134681752,0.40317275200000013,106400,True
5,Background,102400,0.731921,1.164110939,0.4321899389999999,1244,True
8,Background,10240,0.732482,0.749999827,0.01751782700000004,106400,True
12,Background,10240,0.732533,0.88329308,0.15076007999999996,1244,True
5,Background,102400,0.733845,1.399453391,0.665608391,10838,True
5,Background,10240,0.73404,0.801401979,0.06736197899999996,10876994,True
10,Background,102400,0.73419,0.965491445,0.23130144499999994,106400,True
10,Background,102400,0.734313,0.898969206,0.16465620599999997,106400,True
9,Background,104857600,0.734661,0.787545295,0.052884295000000026,106400,True
2,Background,102400,0.734684,1.298022263,0.563338263,10876994,True
3,Background,104857600,0.734866,0.987512498,0.25264649799999994,106400,True
6,Background,10240,0.735291,0.801401979,0.06611097899999996,10876994,True
9,Background,102400,0.736136,0.885149121,0.14901312099999997,10838,True
9,Background,10240,0.73839,0.7879652,0.04957520000000004,1087892,True
7,Background,102400,0.738396,0.801401979,0.06300597899999993,10876994,True
8,Background,102400,0.738575,1.158477211,0.4199022109999999,10876994,True
7,Background,1048576,0.738601,0.86631096,0.12770996,106400,True
11,Background,1024,0.739502,0.840353663,0.10085166300000004,106400,True
2,Background,10240,0.741499,1.059364908,0.31786590800000003,10838,True
3,Background,10240,0.74182,1.298022263,0.556202263,10876994,True
10,Background,10240,0.741905,0.895511251,0.15360625099999992,106400,True
8,Background,1024,0.74268,0.837229609,0.09454960899999998,106400,True
10,Background,10240,0.742869,0.885149121,0.14228012099999998,10838,True
9,Background,1024,0.743483,0.85185202,0.10836902000000004,106400,True
12,Background,10485760,0.743899,0.876011667,0.13211266700000002,1244,True
6,Background,1048576,0.744115,0.777322227,0.033207227000000006,1244,True
11,Background,10485760,0.744456,0.965491445,0.22103544499999994,106400,True
8,Background,1048576,0.745308,1.102740234,0.3574322340000001,10838,True
8,Background,1048576,0.746249,0.815011515,0.06876251499999997,1244,True
12,Background,102400,0.746916,0.965491445,0.21857544499999992,106400,True
10,Background,102400,0.746924,0.7879652,0.0410412,1087892,True
5,Background,102400,0.747127,0.824044697,0.07691769700000006,10876994,True
13,Background,10240,0.747557,0.88329308,0.13573607999999993,1244,True
12,Background,1048576,0.747599,0.755981619,0.008382619000000036,10838,True
7,Background,1024,0.747748,1.239320533,0.4915725329999999,106400,True
1,Background,10240,0.747995,0.98632604,0.23833104000000005,1244,True
7,Background,10240,0.749084,0.894210083,0.14512608300000007,106400,True
5,Background,102400,0.749406,0.849053977,0.09964797699999994,10838,True
14,Background,10240,0.752056,0.762817154,0.010761154000000106,1087892,True
9,Background,10240,0.752627,0.779359301,0.026732300999999903,10838,True
9,Background,1024,0.753371,1.033009418,0.279638418,106400,True
8,Background,10240,0.754414,0.86631096,0.11189695999999993,106400,True
1,Background,1048576,0.75446,0.806840803,0.05238080300000003,10838,True
6,Background,102400,0.755516,1.152614067,0.39709806700000005,1087892,True
4,Background,102400,0.756126,0.980704331,0.22457833100000002,10838,True
9,Background,10485760,0.758208,0.771242577,0.013034576999999992,1244,True
6,Background,102400,0.758241,0.849053977,0.0908129769999999,10838,True
6,Background,10240,0.758291,0.789734515,0.03144351499999998,1087892,True
9,Background,10240,0.758307,0.837229609,0.07892260900000003,106400,True
8,Background,10240,0.759063,0.787952196,0.02888919599999995,106400,True
8,Background,102400,0.759643,0.883568035,0.12392503500000007,1087892,True
9,Background,10240,0.760593,0.900697285,0.14010428500000005,106400,True
3,Background,10485760,0.760957,0.993834852,0.232877852,106400,True
8,Background,10240,0.762303,0.945358652,0.18305565200000007,1087892,True
8,Background,102400,0.762705,1.055481229,0.292776229,1087892,True
6,Background,10240,0.762835,1.399453391,0.636618391,10838,True
9,Background,1048576,0.766028,1.055481229,0.2894532289999999,1087892,True
4,Background,102400,0.76612,0.77767688,0.011556879999999992,106400,True
9,Background,10240,0.767092,1.102740234,0.3356482340000001,10838,True
7,Background,10240,0.768021,0.789734515,0.021713515000000072,1087892,True
4,Background,102400,0.768069,0.98033181,0.21226281000000002,106400,True
7,Background,1048576,0.768643,1.03455772,0.26591472000000005,10876994,True
13,Background,10240,0.768803,0.965491445,0.19668844499999993,106400,True
9,Background,10240,0.769535,1.482699664,0.7131646640000001,10876994,True
6,Background,104857600,0.77026,1.040286966,0.2700269660000001,1087892,True
6,Background,102400,0.770282,0.824044697,0.053762697000000026,10876994,True
4,Background,1024,0.771111,0.919243144,0.14813214399999997,10838,True
9,Background,10240,0.771644,0.883568035,0.11192403500000003,1087892,True
13,Background,10485760,0.773472,1.06997489,0.29650288999999985,106400,True
5,Background,1024,0.77787,0.84377574,0.06590574000000005,10838,True
10,Background,10240,0.778007,1.134681752,0.3566747520000001,106400,True
8,Background,10240,0.778925,0.872446548,0.09352154800000001,1087892,True
10,Background,102400,0.780235,0.908442193,0.12820719299999994,106400,True
9,Background,10485760,0.781337,0.787952196,0.006615196000000045,106400,True
7,Background,10485760,0.78151,0.828135182,0.04662518199999999,10838,True
10,Background,1048576,0.78152,1.102740234,0.3212202340000001,10838,True
13,Background,1024,0.783075,1.008287194,0.22521219400000003,106400,True
9,Background,10240,0.784105,1.158477211,0.37437221099999984,10876994,True
11,Background,10240,0.784312,0.895511251,0.11119925099999994,106400,True
5,Background,10240,0.784446,1.169407538,0.384961538,106400,True
10,Background,102400,0.784456,0.935931445,0.151475445,1087892,True
6,Background,10485760,0.785263,0.803644176,0.018381176,106400,True
6,Background,102400,0.786901,0.983704589,0.19680358900000006,1087892,True
6,Background,10240,0.787419,0.84377574,0.056356740000000016,10838,True
7,Background,1048576,0.788458,1.178509858,0.390051858,106400,True
7,Background,102400,0.789361,1.040286966,0.25092596600000006,1087892,True
2,Background,102400,0.7912,0.98632604,0.19512604,1244,True
10,Background,10485760,0.791417,0.88570956,0.09429255999999997,10838,True
10,Background,1048576,0.793926,1.26803632,0.47411032,106400,True
11,Background,102400,0.794428,0.88570956,0.09128155999999998,10838,True
7,Background,1024,0.796727,1.399453391,0.602726391,10838,True
6,Background,102400,0.798204,0.853420491,0.05521649099999992,10838,True
7,Background,1024,0.798264,1.099544672,0.30128067199999997,106400,True
5,Background,10240,0.799081,0.980047938,0.18096693799999997,106400,True
14,Background,1024,0.799551,0.833945474,0.03439447399999995,10838,True
10,Background,1048576,0.799663,0.85185202,0.05218902000000003,106400,True
12,Background,102400,0.8013,0.895511251,0.09421125099999994,106400,True
12,Background,1024,0.801347,0.840353663,0.039006663,106400,True
5,Background,102400,0.802902,1.096859341,0.29395734100000004,106400,True
7,Background,1048576,0.803174,0.849053977,0.045879976999999905,10838,True
7,Background,1048576,0.805828,0.828175726,0.022347726000000012,1087892,True
10,Background,102400,0.807915,1.049156349,0.24124134899999994,10838,True
11,Background,10240,0.810423,0.908442193,0.09801919299999995,106400,True
6,Background,1048576,0.811176,0.860716159,0.04954015899999997,10838,True
13,Background,1048576,0.812055,0.895511251,0.08345625099999998,106400,True
7,Background,102400,0.812213,0.969291942,0.15707894200000005,1244,True
5,Background,10240,0.812904,1.053481527,0.240577527,1087892,True
8,Background,10240,0.813567,0.849053977,0.03548697699999992,10838,True
9,Background,1048576,0.813865,0.872446548,0.05858154800000004,1087892,True
6,Background,10240,0.81453,0.980047938,0.16551793800000003,106400,True
8,Background,1024,0.815926,0.974198235,0.15827223499999998,106400,True
7,Background,1048576,0.816013,0.877189736,0.061176736000000065,10876994,True
8,Background,10485760,0.817693,0.856503628,0.038810628000000014,10838,True
11,Background,102400,0.822277,1.102740234,0.28046323400000006,10838,True
5,Background,1048576,0.822555,0.921083142,0.09852814199999993,106400,True
9,Background,10240,0.823193,0.847594444,0.024401443999999994,106400,True
11,Background,104857600,0.826241,0.935931445,0.10969044500000003,1087892,True
7,Background,102400,0.827366,0.978559176,0.15119317599999993,10838,True
4,Background,102400,0.828089,0.981753571,0.15366457100000008,10876994,True
9,Background,1048576,0.82824,1.015315786,0.18707578599999997,106400,True
8,Background,102400,0.828551,0.877189736,0.048638736000000016,10876994,True
7,Background,10240,0.828673,0.883556683,0.054883683000000016,106400,True
9,Background,102400,0.828961,0.945358652,0.11639765200000007,1087892,True
9,Background,10240,0.830111,0.886671096,0.056560096000000004,10838,True
9,Background,102400,0.830307,0.974198235,0.143891235,106400,True
10,Background,1024,0.831128,0.945358652,0.11423065200000004,1087892,True
6,Background,1048576,0.832001,1.07869274,0.24669173999999994,10838,True
11,Background,10240,0.832486,0.945358652,0.11287265200000007,1087892,True
7,Background,10240,0.832562,0.853420491,0.020858490999999924,10838,True
1,Background,1048576,0.832851,1.668050351,0.835199351,1087892,True
5,Background,10240,0.834399,0.964073378,0.12967437800000003,1244,True
11,Background,102400,0.834948,0.886142584,0.05119458399999999,106400,True
6,Background,1048576,0.835298,0.886878168,0.05158016799999998,1087892,True
10,Background,102400,0.83533,0.837229609,0.0018996089999999688,106400,True
7,Background,102400,0.835633,0.980047938,0.14441493800000005,106400,True
11,Background,10240,0.838595,1.060101783,0.22150678299999993,1087892,True
13,Background,1048576,0.839142,0.919486889,0.08034488899999992,10876994,True
9,Background,1048576,0.84042,1.056411474,0.21599147399999996,1087892,True
5,Background,102400,0.8406,0.919243144,0.07864314399999994,10838,True
12,Background,102400,0.84084,0.88570956,0.044869559999999975,10838,True
7,Background,1048576,0.841479,1.07869274,0.23721373999999995,10838,True
4,Background,10240,0.841767,1.683688932,0.8419219319999999,10838,True
5,Background,10240,0.842605,1.220336304,0.3777313039999999,10876994,True
5,Background,102400,0.843172,0.98033181,0.13715981,106400,True
10,Background,10240,0.843275,0.900697285,0.05742228500000002,106400,True
8,Background,10240,0.843454,1.159397578,0.31594357800000006,10838,True
15,Background,102400,0.843762,0.871579963,0.027817962999999946,10838,True
5,Background,1048576,0.846536,1.683688932,0.837152932,10838,True
5,Background,102400,0.847366,0.980704331,0.13333833100000003,10838,True
9,Background,102400,0.847586,1.159397578,0.31181157800000014,10838,True
2,Background,1048576,0.847975,1.668050351,0.820075351,1087892,True
5,Background,10485760,0.849302,1.249806,0.40050399999999997,1087892,True
6,Background,1024,0.850644,0.921083142,0.07043914200000001,106400,True
7,Background,1048576,0.852039,0.891824978,0.039785978000000055,106400,True
8,Background,102400,0.852548,1.255743348,0.403195348,1244,True
7,Background,1024,0.852944,0.886878168,0.03393416799999993,1087892,True
12,Background,1048576,0.853055,0.935931445,0.08287644500000002,1087892,True
9,Background,102400,0.853415,1.352772643,0.49935764299999996,10838,True
11,Background,10485760,0.853885,1.004467924,0.15058292400000006,106400,True
8,Background,1024,0.856881,1.040286966,0.18340596600000003,1087892,True
14,Background,102400,0.856984,0.965491445,0.10850744499999998,106400,True
8,Background,102400,0.857369,0.891824978,0.034455978,106400,True
12,Background,102400,0.858542,0.886142584,0.027600583999999984,106400,True
8,Background,102400,0.858903,0.894210083,0.03530708300000007,106400,True
14,Background,102400,0.861353,0.88329308,0.021940079999999917,1244,True
5,Background,102400,0.86201,0.981753571,0.119743571,10876994,True
6,Background,1048576,0.862989,0.919243144,0.05625414399999995,10838,True
14,Background,1048576,0.864063,1.06997489,0.20591188999999988,106400,True
12,Background,10240,0.866772,1.060101783,0.19332978299999992,1087892,True
5,Background,1048576,0.867609,1.330911701,0.46330270100000004,1087892,True
8,Background,10240,0.867654,1.310445344,0.44279134399999986,106400,True
3,Background,1048576,0.868226,0.98632604,0.11810003999999996,1244,True
3,Background,10240,0.869805,1.739766414,0.8699614139999999,10838,True
10,Background,1024,0.869898,0.883568035,0.01367003500000008,1087892,True
6,Background,10240,0.870472,1.164110939,0.29363893899999993,1244,True
6,Background,102400,0.87052,1.058369394,0.18784939400000011,106400,True
3,Background,1048576,0.871472,1.059364908,0.18789290800000003,10838,True
7,Background,102400,0.873144,1.034177434,0.16103343400000003,106400,True
11,Background,10240,0.873278,0.93921326,0.06593526000000005,1244,True
7,Background,10240,0.873481,1.164110939,0.290629939,1244,True
10,Background,10240,0.873852,1.352772643,0.47892064300000003,10838,True
7,Background,1024,0.873875,0.919243144,0.045368144,10838,True
10,Background,102400,0.874434,1.056411474,0.18197747399999986,1087892,True
7,Background,102400,0.875675,0.983704589,0.10802958900000004,1087892,True
9,Background,1048576,0.8758,1.215644887,0.33984488700000004,10838,True
12,Background,102400,0.87597,1.102740234,0.22677023400000007,10838,True
10,Background,102400,0.876864,1.285203937,0.40833993699999993,106400,True
10,Background,102400,0.876873,0.985410423,0.10853742300000002,10838,True
10,Background,1024,0.877183,0.920508772,0.043325771999999985,10838,True
11,Background,102400,0.877205,1.134681752,0.2574767520000001,106400,True
7,Background,1024,0.878315,1.337197955,0.458882955,106400,True
3,Background,102400,0.878687,1.06141161,0.18272460999999995,10876994,True
4,Background,10240,0.879149,0.993834852,0.11468585200000003,106400,True
8,Background,102400,0.879492,0.919243144,0.039751143999999905,10838,True
13,Background,1048576,0.88022,1.057475754,0.17725575399999993,106400,True
8,Background,10240,0.88044,0.969291942,0.08885194200000002,1244,True
11,Background,1048576,0.880506,1.26803632,0.38753032,106400,True
8,Background,10240,0.880702,1.337197955,0.45649595499999995,106400,True
7,Background,1048576,0.880782,0.903349473,0.02256747300000006,106400,True
14,Background,10240,0.881351,1.057475754,0.17612475399999994,106400,True
8,Background,1048576,0.882358,0.983704589,0.10134658900000004,1087892,True
6,Background,1048576,0.882857,1.025865153,0.14300815300000003,10838,True
9,Background,102400,0.883593,1.040286966,0.15669396600000007,1087892,True
8,Background,1048576,0.883918,1.178509858,0.294591858,106400,True
15,Background,10240,0.885763,1.301674298,0.41591129800000004,106400,True
8,Background,102400,0.887424,1.099544672,0.21212067199999995,106400,True
8,Background,10485760,0.887922,1.281398112,0.393476112,10838,True
6,Background,1048576,0.888545,1.249806,0.36126099999999994,1087892,True
9,Background,10240,0.889149,0.950221267,0.06107226700000001,1087892,True
8,Background,1048576,0.889469,1.09583745,0.20636845000000015,10876994,True
10,Background,10240,0.88985,1.482699664,0.592849664,10876994,True
8,Background,10485760,0.890567,1.802597967,0.9120309670000001,10876994,True
4,Background,10485760,0.890862,1.059364908,0.168502908,10838,True
4,Background,1048576,0.892812,0.987512498,0.09470049799999991,106400,True
7,Background,1048576,0.895981,1.058369394,0.16238839400000005,106400,True
9,Background,10240,0.89621,0.919243144,0.023033144000000005,10838,True
12,Background,1048576,0.896343,0.93921326,0.04287026000000005,1244,True
4,Background,10485760,0.896557,1.06141161,0.1648546099999999,10876994,True
4,Background,1048576,0.896723,1.739766414,0.8430434139999999,10838,True
11,Background,10240,0.897918,0.985410423,0.08749242300000004,10838,True
5,Background,102400,0.898586,1.059364908,0.16077890800000005,10838,True
14,Background,10240,0.90035,1.008287194,0.10793719400000001,106400,True
3,Background,102400,0.901187,1.53401374,0.63282674,108768230,True
10,Background,102400,0.902906,1.055481229,0.15257522899999998,1087892,True
6,Background,102400,0.904913,1.053481527,0.148568527,1087892,True
10,Background,10240,0.905157,1.040286966,0.13512996600000005,1087892,True
6,Background,102400,0.905216,1.683688932,0.7784729319999999,10838,True
8,Background,10240,0.90653,1.058369394,0.15183939400000013,106400,True
9,Background,102400,0.906689,1.255743348,0.349054348,1244,True
11,Background,1024,0.906748,0.934128681,0.027380681000000018,1244,True
9,Background,10485760,0.906917,1.281398112,0.374481112,10838,True
4,Background,10240,0.907944,1.298022263,0.39007826300000004,10876994,True
11,Background,102400,0.908001,0.96826538,0.060264380000000006,106400,True
7,Background,1024,0.909766,1.152614067,0.24284806700000006,1087892,True
10,Background,104857600,0.90994,1.018023546,0.10808354600000003,106400,True
8,Background,102400,0.910787,1.034177434,0.12339043400000005,106400,True
4,Background,102400,0.910866,1.53401374,0.6231477400000001,108768230,True
9,Background,1024,0.910869,0.93502639,0.024157389999999945,106400,True
4,Background,102400,0.911026,0.98632604,0.07530004000000001,1244,True
12,Background,1024,0.911221,0.919963083,0.008742083000000012,10838,True
8,Background,10240,0.911291,1.162563682,0.2512726820000001,10838,True
10,Background,102400,0.912487,0.950221267,0.03773426699999993,1087892,True
7,Background,1024,0.913777,1.19667106,0.28289405999999995,106400,True
6,Background,1024,0.914337,1.388545131,0.47420813100000014,106400,True
9,Background,1024,0.914427,1.802597967,0.8881709670000001,10876994,True
13,Background,1048576,0.914445,1.102740234,0.18829523400000014,10838,True
9,Background,1024,0.91449,1.058369394,0.14387939400000005,106400,True
6,Background,1048576,0.914623,1.096859341,0.18223634100000008,106400,True
10,Background,102400,0.915323,0.993640193,0.07831719299999995,10838,True
10,Background,1024,0.915811,0.945393465,0.029582464999999947,10838,True
4,Background,1048576,0.91589,1.834178245,0.918288245,1087892,True
8,Background,102400,0.916518,1.164110939,0.2475929389999999,1244,True
6,Background,1024,0.917498,0.964073378,0.046575378,1244,True
10,Background,10485760,0.919941,1.281398112,0.36145711199999997,10838,True
9,Background,102400,0.921552,1.000562919,0.07901091900000001,1087892,True
9,Background,1048576,0.922851,0.983704589,0.06085358900000004,1087892,True
9,Background,102400,0.924691,0.997920048,0.07322904799999996,106400,True
15,Background,102400,0.925811,1.124446168,0.19863516799999992,1244,True
7,Background,1048576,0.926255,1.683688932,0.7574339319999999,10838,True
13,Background,10485760,0.926331,1.015248417,0.088917417,10838,True
13,Background,1048576,0.926549,1.345994225,0.41944522500000014,10838,True
7,Background,102400,0.926861,1.025865153,0.09900415299999998,10838,True
14,Background,1024,0.927046,1.223436047,0.29639004700000005,1087892,True
8,Background,102400,0.92805,0.980047938,0.051997937999999966,106400,True
13,Background,1048576,0.92845,0.93921326,0.010763260000000052,1244,True
5,Background,10485760,0.928633,0.98632604,0.05769303999999997,1244,True
13,Background,1048576,0.929677,1.128178055,0.19850105500000004,1087892,True
11,Background,1048576,0.929695,1.018023546,0.08832854599999995,106400,True
8,Background,10240,0.930206,1.03455772,0.10435172000000004,10876994,True
4,Background,10240,0.93129,1.201999991,0.27070999100000015,1087892,True
10,Background,102400,0.933483,1.159397578,0.22591457800000014,10838,True
5,Background,102400,0.933972,0.987512498,0.053540497999999936,106400,True
12,Background,102400,0.93434,0.96826538,0.033925380000000005,106400,True
10,Background,1024,0.93439,0.981193003,0.046803002999999954,1087892,True
11,Background,1048576,0.934612,1.040286966,0.10567496600000004,1087892,True
16,Background,102400,0.934975,1.301674298,0.366699298,106400,True
14,Background,10485760,0.936231,0.93921326,0.0029822600000000143,1244,True
6,Background,1048576,0.936772,0.98033181,0.04355980999999998,106400,True
10,Background,102400,0.937852,1.058369394,0.12051739400000006,106400,True
8,Background,102400,0.937887,1.017353809,0.07946680900000003,106400,True
9,Background,1024,0.938063,0.965536603,0.027473603000000013,1087892,True
9,Background,1048576,0.939134,1.162563682,0.22342968200000002,10838,True
12,Background,1048576,0.940106,1.018023546,0.077917546,106400,True
3,Background,10240,0.940499,1.881155084,0.940656084,10838,True
7,Background,1048576,0.941148,1.096859341,0.15571134100000006,106400,True
12,Background,1048576,0.941492,1.004467924,0.06297592400000007,106400,True
11,Background,1024,0.941667,1.281398112,0.33973111199999995,10838,True
6,Background,102400,0.941801,1.169407538,0.22760653799999997,106400,True
15,Background,1024,0.942406,1.223436047,0.2810300470000001,1087892,True
7,Background,10240,0.94269,1.029139304,0.08644930400000006,10876994,True
8,Background,102400,0.943249,1.029139304,0.08589030400000008,10876994,True
5,Background,104857600,0.944732,1.120820478,0.17608847799999994,1244,True
11,Background,1024,0.945221,1.093632918,0.14841191799999998,106400,True
8,Background,102400,0.945708,1.19667106,0.2509630599999999,106400,True
7,Background,102400,0.947061,0.964073378,0.017012377999999995,1244,True
2,Background,10240,0.947266,1.511448008,0.5641820079999998,1087892,True
13,Background,1048576,0.947286,1.060101783,0.11281578299999995,1087892,True
9,Background,10485760,0.948015,1.310445344,0.36243034399999985,106400,True
15,Background,10240,0.948267,1.008287194,0.06002019400000003,106400,True
6,Background,102400,0.948767,1.059364908,0.11059790800000002,10838,True
11,Background,102400,0.949236,0.981193003,0.03195700300000004,1087892,True
9,Background,1024,0.952083,0.976503034,0.024420034000000035,106400,True
10,Background,10240,0.952436,1.802597967,0.8501619670000001,10876994,True
9,Background,10240,0.952984,1.029139304,0.07615530400000003,10876994,True
10,Background,10240,0.953017,1.158477211,0.2054602109999999,10876994,True
7,Background,102400,0.953337,0.986479807,0.03314280700000005,106400,True
10,Background,102400,0.954606,1.015315786,0.06070978599999999,106400,True
8,Background,10240,0.957989,1.152614067,0.19462506700000004,1087892,True
5,Background,1024,0.95849,1.53401374,0.5755237400000001,108768230,True
8,Background,10240,0.959059,1.07869274,0.11963373999999993,10838,True
12,Background,10240,0.959407,1.093632918,0.13422591799999994,106400,True
14,Background,10240,0.959718,1.2857508,0.3260328,10838,True
6,Background,1024,0.959759,1.330911701,0.371152701,1087892,True
6,Background,102400,0.961479,1.048771183,0.08729218299999997,1087892,True
6,Background,10240,0.962071,1.53401374,0.57194274,108768230,True
6,Background,1048576,0.963684,0.98632604,0.02264204000000003,1244,True
14,Background,102400,0.963948,1.015248417,0.05130041699999999,10838,True
3,Background,102400,0.967292,1.511448008,0.5441560079999999,1087892,True
12,Background,102400,0.969108,1.26803632,0.29892832,106400,True
5,Background,1024,0.969418,1.201999991,0.2325819910000001,1087892,True
8,Background,102400,0.969619,0.986479807,0.016860807000000033,106400,True
9,Background,102400,0.970402,1.07869274,0.10829073999999994,10838,True
16,Background,10485760,0.971057,1.008287194,0.03723019400000005,106400,True
6,Background,10485760,0.971792,1.120820478,0.14902847799999996,1244,True
12,Background,1024,0.973466,1.040286966,0.06682096599999998,1087892,True
7,Background,1024,0.973718,1.305944317,0.33222631700000005,1087892,True
11,Background,10240,0.974171,1.352772643,0.378601643,10838,True
7,Background,1048576,0.975333,0.98033181,0.00499881000000002,106400,True
16,Background,10485760,0.975975,1.223436047,0.24746104700000005,1087892,True
8,Background,10240,0.977072,1.683688932,0.7066169319999999,10838,True
6,Background,1024,0.977714,0.987512498,0.009798497999999989,106400,True
9,Background,1048576,0.978196,0.980047938,0.001851938000000053,106400,True
4,Background,1048576,0.97916,1.511448008,0.5322880079999999,1087892,True
8,Background,102400,0.980094,1.239320533,0.25922653299999987,106400,True
11,Background,1048576,0.981164,1.802597967,0.821433967,10876994,True
10,Background,10485760,0.982403,1.455673718,0.47327071799999987,106400,True
6,Background,1024,0.983099,1.96635004,0.9832510400000001,1244,True
9,Background,102400,0.983596,1.03455772,0.05096171999999999,10876994,True
12,Background,1048576,0.984034,1.281398112,0.297364112,10838,True
5,Background,10240,0.984072,1.15730377,0.17323177,106400,True
5,Background,10240,0.984845,1.298022263,0.31317726300000004,10876994,True
10,Background,10240,0.985235,0.997920048,0.012685048000000032,106400,True
9,Background,1048576,0.985911,1.245335538,0.259424538,106400,True
15,Background,1048576,0.986264,1.2857508,0.29948679999999994,10838,True
2,Background,10240,0.987803,1.975761559,0.987958559,10838,True
10,Background,102400,0.988157,1.31150571,0.3233487100000001,106400,True
6,Background,10240,0.988252,1.209465005,0.22121300499999996,1087892,True
8,Background,10240,0.990363,1.06820833,0.07784533000000005,1244,True
9,Background,1048576,0.990585,1.152614067,0.16202906699999997,1087892,True
6,Background,1024,0.993307,1.253813348,0.26050634799999994,10838,True
5,Background,102400,0.995359,1.511448008,0.5160890079999999,1087892,True
8,Background,10240,0.997287,1.668954384,0.671667384,10838,True
10,Background,10240,0.998942,1.255743348,0.256801348,1244,True
13,Background,1048576,0.999672,1.349676819,0.3500048189999999,1087892,True
9,Background,1048576,0.999988,1.683688932,0.6837009319999999,10838,True
3,Background,1048576,1.00299,1.975761559,0.9727715589999999,10838,True
7,Background,102400,1.003,1.496165671,0.4931656710000001,10838,True
10,Background,10240,1.0043,1.310445344,0.30614534399999993,106400,True
7,Background,10240,1.00488,1.248036046,0.24315604599999996,10838,True
8,Background,10240,1.00508,1.248036046,0.24295604599999998,10838,True
11,Background,1048576,1.00666,1.158477211,0.15181721099999979,10876994,True
13,Background,102400,1.00713,1.028848794,0.021718793999999875,106400,True
10,Background,1024,1.00731,1.078471875,0.07116187500000004,1087892,True
7,Background,1048576,1.00815,1.342474467,0.33432446699999985,1244,True
13,Background,102400,1.00872,1.281398112,0.2726781119999999,10838,True
7,Background,1048576,1.00999,1.074463961,0.06447396100000002,10838,True
9,Background,1048576,1.01053,1.19667106,0.18614105999999997,106400,True
12,Background,102400,1.01162,1.134681752,0.12306175200000014,106400,True
11,Background,1048576,1.0129,1.078471875,0.06557187500000006,1087892,True
12,Background,10485760,1.01384,1.200709253,0.186869253,10838,True
13,Background,10485760,1.01508,1.200709253,0.1856292530000001,10838,True
17,Background,10240,1.01617,1.301674298,0.285504298,106400,True
8,Background,1024,1.01726,1.496165671,0.4789056709999999,10838,True
7,Background,102400,1.01729,1.053481527,0.036191526999999946,1087892,True
12,Background,102400,1.01838,1.125069138,0.1066891379999999,106400,True
9,Background,1048576,1.01873,1.164110939,0.14538093900000004,1244,True
13,Background,102400,1.02218,1.26803632,0.2458563199999999,106400,True
9,Background,102400,1.02246,1.117566054,0.09510605400000016,106400,True
10,Background,102400,1.02564,1.07869274,0.05305273999999982,10838,True
8,Background,10240,1.02664,1.053481527,0.026841526999999976,1087892,True
9,Background,10240,1.02671,1.248036046,0.22132604599999994,10838,True
8,Background,10485760,1.02752,1.07050308,0.04298307999999995,1244,True
9,Background,102400,1.02773,1.069175594,0.04144559400000003,1244,True
9,Background,10240,1.02896,1.178509858,0.14954985799999987,106400,True
5,Background,1048576,1.0297,1.06141161,0.03171160999999989,10876994,True
5,Background,102400,1.03012,1.543315694,0.513195694,10876994,True
14,Background,102400,1.03109,1.345994225,0.31490422500000004,10838,True
11,Background,10240,1.03119,1.310445344,0.27925534399999985,106400,True
10,Background,102400,1.03153,1.215644887,0.184114887,10838,True
10,Background,104857600,1.0342,1.245335538,0.21113553799999996,106400,True
11,Background,102400,1.03427,1.482699664,0.44842966400000006,10876994,True
6,Background,1024,1.03438,1.298022263,0.26364226299999993,10876994,True
8,Background,102400,1.03446,1.145621306,0.11116130600000007,106400,True
15,Background,1048576,1.03514,1.055800418,0.02066041800000007,1087892,True
13,Background,10240,1.0375,1.134681752,0.09718175200000001,106400,True
13,Background,102400,1.03764,1.093632918,0.05599291800000006,106400,True
11,Background,102400,1.03766,1.245335538,0.20767553799999994,106400,True
8,Background,10485760,1.03768,1.130548762,0.09286876200000016,10838,True
7,Background,102400,1.03845,1.249806,0.21135599999999988,1087892,True
5,Background,10240,1.0398,1.834178245,0.7943782449999999,1087892,True
8,Background,1048576,1.03995,1.249806,0.20985600000000004,1087892,True
6,Background,10240,1.04007,1.834178245,0.7941082449999999,1087892,True
9,Background,10240,1.04034,1.130548762,0.09020876200000005,10838,True
10,Background,102400,1.04036,1.683688932,0.643328932,10838,True
16,Background,10240,1.04138,1.403839448,0.3624594480000001,106400,True
17,Background,10240,1.04187,1.041546383,-0.0003236170000000538,10838,True
14,Background,1048576,1.04345,1.349676819,0.30622681899999993,1087892,True
14,Background,104857600,1.04374,1.26803632,0.2242963200000001,106400,True
11,Background,102400,1.04472,1.255743348,0.2110233479999999,1244,True
10,Background,1048576,1.04527,1.152614067,0.1073440670000001,1087892,True
9,Background,1024,1.04579,1.337197955,0.29140795499999994,106400,True
11,Background,1024,1.04619,1.174060026,0.12787002600000008,10838,True
10,Background,102400,1.04768,1.162563682,0.1148836820000001,10838,True
7,Background,1024,1.04878,1.388545131,0.33976513100000005,106400,True
7,Background,10485760,1.04917,1.96635004,0.9171800400000001,1244,True
12,Background,10240,1.05179,1.174060026,0.12227002600000003,10838,True
9,Background,102400,1.05221,1.239320533,0.1871105329999998,106400,True
6,Background,10240,1.05288,1.15730377,0.10442376999999992,106400,True
8,Background,1024,1.05359,1.096859341,0.04326934100000002,106400,True
11,Background,102400,1.05417,1.055481229,0.0013112289999999138,1087892,True
8,Background,102400,1.05425,1.167248054,0.11299805400000018,1087892,True
9,Background,1024,1.05455,1.288670745,0.2341207449999998,106400,True
11,Background,102400,1.05505,1.07869274,0.023642739999999884,10838,True
12,Background,10240,1.0554,1.07869274,0.023292740000000034,10838,True
8,Background,1048576,1.0556,1.342474467,0.28687446699999986,1244,True
7,Background,10240,1.05587,1.330911701,0.2750417009999999,1087892,True
11,Background,102400,1.05716,1.303779511,0.2466195109999998,1087892,True
7,Background,10240,1.05811,1.112954939,0.05484493899999987,1087892,True
15,Background,1048576,1.05847,1.08420837,0.02573837000000001,1244,True
13,Background,10485760,1.059,1.061366909,0.002366909000000028,1087892,True
7,Background,10240,1.05907,1.059364908,0.00029490800000009365,10838,True
10,Background,10240,1.05907,1.441294799,0.38222479900000006,1244,True
6,Background,10240,1.05951,1.220336304,0.16082630399999998,10876994,True
6,Background,102400,1.06028,1.757763818,0.697483818,106400,True
7,Background,102400,1.06154,1.209465005,0.14792500500000005,1087892,True
8,Background,10240,1.06226,1.305944317,0.24368431700000004,1087892,True
9,Background,10240,1.06275,1.119282186,0.05653218599999987,1244,True
9,Background,102400,1.06284,1.096859341,0.034019341000000036,106400,True
9,Background,102400,1.06381,1.09583745,0.03202745000000018,10876994,True
14,Background,102400,1.06434,1.093632918,0.02929291799999989,106400,True
9,Background,102400,1.06532,1.167248054,0.10192805400000005,1087892,True
16,Background,10240,1.06765,1.123742297,0.05609229699999996,10838,True
8,Background,10240,1.07113,1.261762651,0.19063265100000004,106400,True
10,Background,102400,1.07163,1.111990058,0.040360057999999865,106400,True
10,Background,10240,1.07242,1.119282186,0.04686218600000003,1244,True
12,Background,102400,1.0727,1.245335538,0.17263553799999998,106400,True
7,Background,1048576,1.07353,1.169407538,0.09587753799999987,106400,True
7,Background,1048576,1.07667,1.220336304,0.1436663039999999,10876994,True
15,Background,102400,1.07735,1.182571841,0.10522184099999987,10838,True
9,Background,104857600,1.07781,1.27725104,0.19944103999999996,10838,True
10,Background,10240,1.07823,1.239320533,0.16109053299999987,106400,True
11,Background,102400,1.07865,1.683688932,0.6050389319999998,10838,True
9,Background,1024,1.08004,1.305944317,0.22590431700000013,1087892,True
5,Background,102400,1.08064,1.532702763,0.45206276300000003,106400,True
11,Background,10240,1.08084,1.100577829,0.019737828999999874,1087892,True
17,Background,10240,1.08104,1.123742297,0.042702296999999945,10838,True
11,Background,10485760,1.08119,1.31150571,0.23031570999999995,106400,True
8,Background,1024,1.08366,1.169407538,0.0857475379999999,106400,True
12,Background,10240,1.08472,1.100577829,0.01585782899999999,1087892,True
11,Background,10240,1.08518,1.119282186,0.03410218599999992,1244,True
12,Background,102400,1.08525,1.683688932,0.5984389319999999,10838,True
10,Background,10240,1.08677,1.178509858,0.09173985799999995,106400,True
15,Background,10240,1.0871,1.093632918,0.006532917999999999,106400,True
9,Background,102400,1.08834,1.145621306,0.05728130599999992,106400,True
11,Background,10485760,1.08893,1.247487266,0.15855726600000009,10838,True
8,Background,102400,1.0892,1.11175403,0.022554030000000003,106400,True
15,Background,10240,1.08941,1.26803632,0.17862632,106400,True
10,Background,102400,1.08959,1.303079255,0.21348925500000004,1087892,True
12,Background,10240,1.09001,1.521342197,0.43133219700000014,10838,True
17,Background,10240,1.09066,1.223436047,0.13277604700000012,1087892,True
5,Background,102400,1.09156,1.739766414,0.6482064139999999,10838,True
15,Background,102400,1.09163,1.378509698,0.2868796979999999,108768230,True
12,Background,10485760,1.09465,1.119282186,0.024632186000000056,1244,True
11,Background,1024,1.09642,1.328997926,0.23257792600000005,1087892,True
10,Background,10240,1.09818,1.468237797,0.3700577970000001,10838,True
9,Background,1048576,1.09831,1.496165671,0.3978556710000001,10838,True
12,Background,102400,1.09853,1.352772643,0.254242643,10838,True
7,Background,10240,1.09876,1.53401374,0.43525374000000006,108768230,True
7,Background,102400,1.09913,1.834178245,0.735048245,1087892,True
11,Background,10240,1.09998,1.468237797,0.36825779700000005,10838,True
12,Background,1048576,1.10073,1.468237797,0.367507797,10838,True
12,Background,10240,1.10092,1.207172016,0.106252016,1244,True
13,Background,1048576,1.10326,1.119282186,0.01602218600000005,1244,True
14,Background,102400,1.10413,1.281398112,0.17726811199999992,10838,True
8,Background,10240,1.10454,1.209465005,0.1049250049999999,1087892,True
10,Background,10240,1.10606,1.444432125,0.338372125,1087892,True
11,Background,10485760,1.10617,1.210610622,0.10444062199999982,106400,True
10,Background,10240,1.10695,1.43296929,0.32601928999999985,106400,True
10,Background,1024,1.10787,1.145621306,0.037751306000000096,106400,True
6,Background,1048576,1.10802,1.543315694,0.4352956939999999,10876994,True
14,Background,102400,1.10828,1.140596746,0.03231674600000001,10838,True
12,Background,1048576,1.10993,1.211094433,0.10116443299999989,10838,True
11,Background,102400,1.11188,1.240188865,0.12830886499999994,10838,True
14,Background,10485760,1.11336,1.134681752,0.021321752000000194,106400,True
10,Background,10240,1.11502,1.164694362,0.049674362000000194,1087892,True
7,Background,10485760,1.11599,1.253813348,0.13782334799999996,10838,True
3,Background,10485760,1.11723,1.668050351,0.550820351,1087892,True
11,Background,102400,1.11769,1.240364339,0.12267433900000002,10838,True
11,Background,10240,1.11839,1.162563682,0.04417368200000005,10838,True
13,Background,1048576,1.11909,1.206744733,0.08765473300000015,1087892,True
10,Background,102400,1.11989,1.19667106,0.07678105999999985,106400,True
8,Background,1024,1.12024,1.399453391,0.2792133910000001,10838,True
14,Background,10240,1.12214,1.200709253,0.07856925300000017,10838,True
10,Background,102400,1.12404,1.164110939,0.04007093900000003,1244,True
13,Background,10240,1.12406,1.468237797,0.34417779699999995,10838,True
12,Background,1024,1.12493,1.310445344,0.18551534399999992,106400,True
12,Background,1048576,1.12568,1.215452537,0.08977253699999999,1087892,True
4,Background,10240,1.12654,1.881155084,0.7546150839999999,10838,True
15,Background,1048576,1.12769,1.134681752,0.006991752000000018,106400,True
14,Background,1048576,1.12807,1.142391553,0.014321553000000042,10838,True
13,Background,1048576,1.12818,1.683688932,0.555508932,10838,True
9,Background,102400,1.12879,1.249081067,0.12029106700000014,10876994,True
11,Background,1024,1.1303,1.303079255,0.17277925500000002,1087892,True
14,Background,1024,1.13046,1.206744733,0.07628473300000005,1087892,True
14,Background,10240,1.13203,1.468237797,0.3362077969999999,10838,True
11,Background,1024,1.13229,1.371711222,0.23942122200000004,1244,True
16,Background,102400,1.1326,1.2857508,0.15315079999999992,10838,True
8,Background,1048576,1.13326,1.18278857,0.049528570000000105,106400,True
11,Background,10240,1.13383,1.19667106,0.06284106,106400,True
13,Background,10240,1.13474,1.52476324,0.3900232399999999,10838,True
6,Background,1048576,1.13631,1.201999991,0.06568999100000017,1087892,True
7,Background,1024,1.13637,1.201999991,0.065629991,1087892,True
11,Background,10240,1.13928,1.152614067,0.01333406699999995,1087892,True
14,Background,102400,1.14045,1.15754747,0.017097469999999948,106400,True
12,Background,1024,1.14096,1.247487266,0.10652726600000006,10838,True
9,Background,10485760,1.14202,1.342474467,0.20045446699999991,1244,True
10,Background,102400,1.14295,1.39285969,0.24990969000000018,1087892,True
15,Background,1024,1.14363,1.200709253,0.05707925300000016,10838,True
8,Background,1048576,1.14366,1.263944753,0.12028475300000019,1244,True
12,Background,1048576,1.14392,1.802597967,0.658677967,10876994,True
18,Background,1048576,1.14463,1.223998714,0.0793687139999999,106400,True
16,Background,102400,1.1459,1.182571841,0.03667184099999998,10838,True
15,Background,102400,1.14607,1.206744733,0.06067473300000015,1087892,True
7,Background,1048576,1.14665,1.681998549,0.5353485490000001,108768230,True
17,Background,1024,1.14719,1.403839448,0.2566494480000001,106400,True
10,Background,1048576,1.14875,1.337197955,0.188447955,106400,True
10,Background,102400,1.15091,1.305067472,0.15415747199999985,106400,True
18,Background,10240,1.15119,1.223436047,0.07224604700000015,1087892,True
11,Background,102400,1.15162,1.455673718,0.3040537179999998,106400,True
10,Background,104857600,1.15439,1.305944317,0.151554317,1087892,True
12,Background,1024,1.15474,1.371711222,0.21697122199999996,1244,True
7,Background,1048576,1.1559,1.15730377,0.0014037700000000264,106400,True
8,Background,104857600,1.15625,1.53401374,0.37776374,108768230,True
15,Background,102400,1.15639,1.15754747,0.0011574699999998828,106400,True
16,Background,102400,1.15806,1.200709253,0.042649253,10838,True
16,Background,1048576,1.1583,1.26803632,0.10973631999999989,106400,True
9,Background,102400,1.15858,1.291141367,0.1325613670000001,10876994,True
8,Background,1048576,1.16053,1.681998549,0.521468549,108768230,True
11,Background,102400,1.16068,1.164110939,0.0034309390000000217,1244,True
14,Background,1048576,1.16095,1.176917735,0.01596773500000004,1087892,True
10,Background,102400,1.16276,1.496165671,0.33340567099999996,10838,True
9,Background,10240,1.16425,1.249806,0.08555599999999997,1087892,True
6,Background,102400,1.16501,1.310509056,0.1454990559999998,10876994,True
6,Background,10485760,1.16533,1.511448008,0.3461180079999999,1087892,True
16,Background,102400,1.16539,1.336961231,0.17157123100000016,1244,True
11,Background,10485760,1.16618,1.275818867,0.10963886699999992,10838,True
16,Background,104857600,1.16678,1.321470526,0.154690526,106400,True
7,Background,10485760,1.16683,1.310509056,0.14367905599999986,10876994,True
4,Background,10240,1.16695,1.668050351,0.501100351,1087892,True
13,Background,10240,1.16788,1.174060026,0.006180026000000005,10838,True
15,Background,10240,1.16875,1.301443099,0.13269309900000015,1244,True
13,Background,104857600,1.17076,1.306088097,0.13532809699999993,10838,True
13,Background,102400,1.17162,1.207172016,0.0355520159999998,1244,True
8,Background,1024,1.17186,1.201999991,0.0301399910000002,1087892,True
7,Background,10485760,1.17253,1.757763818,0.5852338179999999,106400,True
12,Background,10240,1.17427,1.260385088,0.08611508800000012,10876994,True
13,Background,102400,1.17508,1.195845584,0.02076558400000006,10838,True
13,Background,102400,1.17531,1.247487266,0.07217726599999996,10838,True
9,Background,10240,1.17591,1.386749611,0.21083961099999993,1244,True
10,Background,10485760,1.17608,1.27725104,0.10117103999999988,10838,True
18,Background,1024,1.17635,1.403839448,0.22748944800000004,106400,True
10,Background,1024,1.17666,1.248036046,0.07137604599999992,10838,True
17,Background,10240,1.17716,1.2857508,0.10859079999999999,10838,True
18,Background,10485760,1.17757,1.2857508,0.10818079999999997,10838,True
5,Background,1048576,1.17772,1.668050351,0.4903303509999999,1087892,True
16,Background,1048576,1.17879,1.278038752,0.09924875200000005,10838,True
15,Background,1024,1.1792,1.242552482,0.06335248199999999,1087892,True
13,Background,10240,1.18185,1.371711222,0.189861222,1244,True
13,Background,10240,1.18203,1.397151071,0.215121071,1244,True
8,Background,10485760,1.18208,1.968301944,0.786221944,10838,True
10,Background,1024,1.18218,1.249081067,0.06690106700000009,10876994,True
11,Background,10240,1.183,1.305944317,0.12294431699999997,1087892,True
6,Background,10240,1.18317,1.51264116,0.32947116,106400,True
11,Background,1048576,1.18324,1.305067472,0.12182747199999988,106400,True
11,Background,1024,1.18399,1.239320533,0.05533053299999979,106400,True
12,Background,1024,1.18436,1.255743348,0.0713833479999999,1244,True
10,Background,102400,1.18579,1.288670745,0.102880745,106400,True
18,Background,10485760,1.18685,1.301674298,0.11482429800000005,106400,True
16,Background,1024,1.18775,1.206744733,0.018994732999999986,1087892,True
13,Background,1024,1.18917,1.20783813,0.018668130000000005,1244,True
10,Background,10485760,1.18932,1.335336308,0.1460163080000001,10838,True
11,Background,102400,1.18939,1.248036046,0.05864604600000001,10838,True
15,Background,1024,1.19024,1.281398112,0.09115811200000001,10838,True
12,Background,1048576,1.19056,1.240188865,0.049628864999999855,10838,True
16,Background,10485760,1.19097,1.301443099,0.11047309900000002,1244,True
14,Background,1048576,1.19121,1.20783813,0.016628129999999963,1244,True
16,Background,102400,1.19195,1.281398112,0.08944811199999991,10838,True
12,Background,10240,1.1922,1.435651753,0.243451753,106400,True
14,Background,10240,1.19275,1.683688932,0.49093893199999994,10838,True
11,Background,10485760,1.19369,1.259884628,0.06619462800000009,1244,True
15,Background,102400,1.19658,1.683688932,0.48710893199999994,10838,True
13,Background,10240,1.19876,1.245335538,0.046575537999999916,106400,True
16,Background,10240,1.20006,1.20629549,0.006235490000000121,1087892,True
12,Background,1024,1.20019,1.31150571,0.11131570999999996,106400,True
11,Background,102400,1.20053,1.249081067,0.048551067,10876994,True
9,Background,10240,1.20327,1.681998549,0.47872854899999995,108768230,True
16,Background,1048576,1.20399,1.316360281,0.11237028100000002,10838,True
11,Background,102400,1.20572,1.215644887,0.00992488700000016,10838,True
8,Background,1048576,1.20598,1.685365698,0.47938569799999997,10838,True
13,Background,102400,1.20629,1.521342197,0.315052197,10838,True
7,Background,1024,1.2066,1.543315694,0.336715694,10876994,True
12,Background,10240,1.20666,1.275818867,0.06915886699999985,10838,True
14,Background,102400,1.208,1.397151071,0.18915107099999995,1244,True
18,Background,10485760,1.20812,1.248289458,0.040169457999999825,106400,True
13,Background,102400,1.20833,1.275818867,0.06748886700000001,10838,True
11,Background,10240,1.20857,1.234802584,0.02623258400000017,106400,True
12,Background,1024,1.20865,1.259884628,0.051234628000000004,1244,True
13,Background,10485760,1.20866,1.259884628,0.05122462799999994,1244,True
10,Background,10240,1.20953,1.386749611,0.17721961099999994,1244,True
12,Background,102400,1.21013,1.455673718,0.24554371799999997,106400,True
12,Background,1048576,1.21036,1.303779511,0.09341951099999979,1087892,True
19,Background,102400,1.2109,1.223998714,0.013098713999999845,106400,True
6,Background,102400,1.21091,1.739766414,0.528856414,10838,True
12,Background,102400,1.21114,1.231000136,0.019860135999999917,106400,True
13,Background,1048576,1.21219,1.370303766,0.15811376599999982,10838,True
17,Background,10240,1.2136,1.323057534,0.10945753399999991,106400,True
10,Background,1048576,1.21378,1.308382459,0.09460245899999986,1244,True
13,Background,102400,1.21742,1.435651753,0.21823175299999997,106400,True
16,Background,1048576,1.21746,1.242552482,0.025092482000000027,1087892,True
10,Background,1024,1.21801,1.291141367,0.073131367,10876994,True
11,Background,1048576,1.21817,1.386749611,0.16857961099999996,1244,True
5,Background,1024,1.21888,1.881155084,0.662275084,10838,True
10,Background,1048576,1.21929,1.235439425,0.01614942500000005,1244,True
13,Background,102400,1.22166,1.260385088,0.038725088000000074,10876994,True
7,Background,1048576,1.22239,2.099387922,0.8769979219999999,108768230,True
13,Background,102400,1.22333,1.352772643,0.12944264299999997,10838,True
4,Background,10240,1.22397,1.975761559,0.7517915589999999,10838,True
9,Background,1024,1.22397,1.483153583,0.259183583,10838,True
14,Background,10240,1.22446,1.457813583,0.23335358299999998,1244,True
14,Background,10240,1.22518,1.245335538,0.02015553800000003,106400,True
12,Background,1048576,1.22527,1.434941937,0.20967193699999997,1244,True
8,Background,102400,1.22594,1.310509056,0.08456905599999986,10876994,True
9,Background,10240,1.22734,1.685365698,0.4580256979999999,10838,True
12,Background,10240,1.22804,1.482699664,0.25465966400000006,10876994,True
8,Background,1024,1.22867,1.543315694,0.314645694,10876994,True
15,Background,1024,1.2287,1.384538029,0.1558380290000001,10838,True
9,Background,10240,1.2301,1.668954384,0.4388543840000001,10838,True
10,Background,102400,1.23207,1.249806,0.017735999999999974,1087892,True
11,Background,1024,1.23306,1.335336308,0.10227630799999998,10838,True
9,Background,102400,1.23552,1.587993808,0.35247380800000006,10876994,True
9,Background,10240,1.237,1.382938475,0.1459384749999999,1087892,True
17,Background,1048576,1.23716,1.281398112,0.04423811199999994,10838,True
17,Background,102400,1.23906,1.278038752,0.038978752000000005,10838,True
10,Background,102400,1.2397,1.685365698,0.445665698,10838,True
11,Background,10485760,1.2401,1.311774608,0.07167460799999992,106400,True
17,Background,102400,1.24013,1.336961231,0.09683123100000013,1244,True
19,Background,102400,1.24167,1.2857508,0.04408079999999992,10838,True
13,Background,1024,1.24227,1.31150571,0.06923571000000006,106400,True
8,Background,10240,1.24435,1.757763818,0.5134138179999999,106400,True
17,Background,10240,1.24468,1.385544875,0.1408648749999999,10876994,True
13,Background,10240,1.24487,1.455673718,0.21080371799999997,106400,True
14,Background,1048576,1.24551,1.371711222,0.12620122200000017,1244,True
15,Background,102400,1.24578,1.468237797,0.2224577969999999,10838,True
17,Background,102400,1.2461,1.301443099,0.05534309900000012,1244,True
6,Background,102400,1.24651,1.881155084,0.634645084,10838,True
13,Background,10240,1.24889,1.560786089,0.311896089,106400,True
15,Background,10240,1.24995,1.371711222,0.12176122200000017,1244,True
11,Background,10240,1.25016,1.39285969,0.14269969000000016,1087892,True
18,Background,1048576,1.25162,1.323057534,0.07143753399999997,106400,True
14,Background,102400,1.25177,1.493024261,0.24125426099999991,1087892,True
6,Background,10240,1.25218,1.532702763,0.280522763,106400,True
5,Background,1024,1.25285,1.975761559,0.7229115589999999,10838,True
9,Background,10240,1.25298,1.65656897,0.40358896999999994,106400,True
14,Background,102400,1.25343,1.560786089,0.307356089,106400,True
13,Background,104857600,1.25369,1.482699664,0.2290096640000001,10876994,True
18,Background,102400,1.25374,1.336961231,0.083221231,1244,True
10,Background,102400,1.255,1.681998549,0.4269985490000001,108768230,True
12,Background,10240,1.25543,1.311774608,0.05634460799999985,106400,True
9,Background,10240,1.25603,1.399453391,0.143423391,10838,True
17,Background,102400,1.25627,1.505411782,0.24914178199999992,10838,True
7,Background,104857600,1.25634,1.739766414,0.48342641399999997,10838,True
9,Background,10485760,1.25648,1.499354793,0.24287479299999992,106400,True
11,Background,10240,1.25763,1.719706403,0.46207640299999997,10876994,True
19,Background,102400,1.25812,1.403839448,0.14571944800000014,106400,True
14,Background,10240,1.25935,1.31150571,0.05215571000000008,106400,True
9,Background,102400,1.25957,1.543315694,0.2837456939999998,10876994,True
16,Background,10240,1.26133,1.468237797,0.20690779699999995,10838,True
17,Background,1048576,1.26135,1.26803632,0.006686320000000023,106400,True
10,Background,10240,1.26223,1.342474467,0.08024446699999999,1244,True
16,Background,102400,1.26246,1.384538029,0.12207802900000009,10838,True
11,Background,1048576,1.26427,1.27725104,0.012981039999999888,10838,True
20,Background,102400,1.26609,1.403839448,0.1377494480000001,106400,True
11,Background,10240,1.26784,1.444432125,0.176592125,1087892,True
13,Background,1048576,1.27103,1.310445344,0.0394153439999998,106400,True
8,Background,102400,1.27181,1.356165363,0.0843553629999998,106400,True
12,Background,1024,1.27461,1.464311302,0.18970130200000002,106400,True
19,Background,10240,1.27568,1.337937668,0.06225766799999999,10838,True
11,Background,102400,1.27807,1.687063619,0.40899361899999986,10838,True
15,Background,1048576,1.27855,1.560786089,0.28223608899999997,106400,True
17,Background,102400,1.27899,1.316360281,0.03737028099999984,10838,True
11,Background,10240,1.28152,1.285203937,0.003683936999999915,106400,True
12,Background,10485760,1.28157,1.335336308,0.05376630799999993,10838,True
14,Background,102400,1.28184,1.482699664,0.200859664,10876994,True
13,Background,1024,1.28192,1.335336308,0.05341630800000008,10838,True
11,Background,102400,1.28265,1.342474467,0.05982446699999988,1244,True
9,Background,1048576,1.28479,1.41630281,0.1315128099999998,10838,True
13,Background,1048576,1.28515,1.434941937,0.14979193700000004,1244,True
12,Background,102400,1.28585,1.296252048,0.010402047999999997,10838,True
12,Background,102400,1.286,1.506895015,0.22089501499999997,1244,True
18,Background,10485760,1.28718,1.316360281,0.02918028099999992,10838,True
12,Background,104857600,1.28765,1.719706403,0.43205640300000003,10876994,True
13,Background,10240,1.288,1.802597967,0.514597967,10876994,True
9,Background,1048576,1.28831,1.356165363,0.06785536299999984,106400,True
10,Background,102400,1.28862,1.587993808,0.2993738079999999,10876994,True
13,Background,1048576,1.28936,1.390385413,0.1010254129999999,106400,True
18,Background,102400,1.28953,1.301443099,0.011913099000000038,1244,True
12,Background,10240,1.28983,1.39285969,0.10302969000000006,1087892,True
11,Background,1048576,1.29016,1.441294799,0.15113479900000004,1244,True
14,Background,10240,1.29143,1.394276731,0.10284673099999986,106400,True
9,Background,1048576,1.29202,1.596798201,0.30477820099999997,106400,True
9,Background,102400,1.29204,1.353635651,0.061595650999999974,106400,True
20,Background,10485760,1.29293,1.324339715,0.031409715000000116,106400,True
12,Background,10240,1.29385,1.303079255,0.009229255000000158,1087892,True
13,Background,10240,1.29422,1.511420975,0.21720097500000013,106400,True
14,Background,1048576,1.29438,1.434941937,0.14056193699999997,1244,True
8,Background,1048576,1.29519,1.739766414,0.4445764139999999,10838,True
13,Background,10240,1.29571,1.303779511,0.008069510999999974,1087892,True
16,Background,1024,1.29686,1.560786089,0.26392608900000014,106400,True
12,Background,102400,1.29759,1.444432125,0.14684212500000005,1087892,True
12,Background,1048576,1.30035,1.479517905,0.17916790500000013,1087892,True
9,Background,1048576,1.30055,1.862738379,0.562188379,10838,True
10,Background,1024,1.30133,1.596798201,0.2954682009999998,106400,True
13,Background,102400,1.30239,1.506895015,0.20450501500000007,1244,True
20,Background,1048576,1.30435,1.46008206,0.15573206000000006,106400,True
18,Background,102400,1.3046,1.394562538,0.08996253799999998,10876994,True
12,Background,102400,1.30463,1.687063619,0.38243361899999995,10838,True
17,Background,10240,1.30481,1.560786089,0.255976089,106400,True
8,Background,1048576,1.30489,1.388545131,0.083655131,106400,True
14,Background,102400,1.30516,1.352772643,0.0476126429999999,10838,True
11,Background,102400,1.3069,1.685365698,0.3784656980000001,10838,True
12,Background,102400,1.3089,1.331321971,0.022421970999999985,1244,True
21,Background,102400,1.30918,1.324339715,0.015159715000000018,106400,True
12,Background,1048576,1.30981,1.625964607,0.3161546070000001,10838,True
10,Background,1024,1.31006,1.353635651,0.04357565100000005,106400,True
11,Background,10240,1.31009,1.496165671,0.186075671,10838,True
15,Background,10240,1.31071,1.493024261,0.18231426099999992,1087892,True
12,Background,1048576,1.31289,1.947587802,0.634697802,1244,True
18,Background,102400,1.31352,1.560786089,0.24726608900000002,106400,True
10,Background,1048576,1.31487,1.862738379,0.5478683790000001,10838,True
17,Background,1048576,1.31524,1.321470526,0.0062305259999999585,106400,True
7,Background,102400,1.31527,1.511448008,0.19617800799999996,1087892,True
10,Background,1048576,1.31577,1.41630281,0.1005328099999998,10838,True
14,Background,1048576,1.31586,1.455673718,0.13981371799999986,106400,True
12,Background,1024,1.3159,1.685365698,0.36946569799999995,10838,True
12,Background,104857600,1.31609,1.381236589,0.06514658900000003,1244,True
11,Background,10240,1.31622,1.862738379,0.5465183790000001,10838,True
13,Background,1024,1.31691,1.348808019,0.031898019,106400,True
13,Background,102400,1.3175,1.395575647,0.07807564700000014,10838,True
7,Background,1048576,1.31793,1.51264116,0.19471116,106400,True
15,Background,1048576,1.31821,1.434941937,0.11673193699999995,1244,True
17,Background,1024,1.31886,1.468237797,0.1493777970000001,10838,True
8,Background,1024,1.31949,1.412561178,0.09307117799999998,1244,True
8,Background,102400,1.32033,2.022403411,0.702073411,1087892,True
18,Background,10240,1.32187,1.468237797,0.1463677969999999,10838,True
16,Background,102400,1.32412,1.371711222,0.0475912220000001,1244,True
13,Background,102400,1.32415,1.479517905,0.15536790500000008,1087892,True
18,Background,10240,1.32424,1.505411782,0.18117178199999984,10838,True
16,Background,1048576,1.32685,1.493024261,0.16617426099999988,1087892,True
14,Background,102400,1.3269,1.904318185,0.577418185,1244,True
13,Background,102400,1.32798,1.78146698,0.4534869800000001,1087892,True
8,Background,1024,1.33138,1.511448008,0.1800680079999999,1087892,True
10,Background,10485760,1.33151,1.543315694,0.21180569399999993,10876994,True
14,Background,104857600,1.33307,1.52476324,0.19169324,10838,True
11,Background,1024,1.3334,1.43296929,0.09956929000000003,106400,True
15,Background,10485760,1.3335,1.457813583,0.12431358300000017,1244,True
12,Background,102400,1.33359,1.496165671,0.16257567099999992,10838,True
18,Background,102400,1.33367,1.375721028,0.04205102800000016,10838,True
10,Background,10240,1.33472,1.399453391,0.06473339100000008,10838,True
18,Background,10240,1.3356,1.385544875,0.049944875,10876994,True
11,Background,10240,1.33762,1.543315694,0.20569569399999987,10876994,True
12,Background,10240,1.33874,1.616342271,0.2776022709999999,106400,True
11,Background,10485760,1.34128,1.378682744,0.03740274399999999,106400,True
11,Background,10240,1.34157,1.624651317,0.28308131700000017,1087892,True
12,Background,1048576,1.34244,1.672919643,0.3304796429999999,1087892,True
19,Background,10240,1.34287,1.504269305,0.161399305,10838,True
12,Background,102400,1.34292,1.378682744,0.035762744000000124,106400,True
14,Background,10240,1.34302,1.802597967,0.459577967,10876994,True
16,Background,10485760,1.34621,1.683688932,0.337478932,10838,True
14,Background,1024,1.3468,1.506895015,0.160095015,1244,True
11,Background,1048576,1.34692,1.412996246,0.06607624600000017,106400,True
12,Background,102400,1.34697,1.441294799,0.09432479900000001,1244,True
13,Background,1024,1.34741,1.464311302,0.11690130200000004,106400,True
9,Background,10240,1.34782,1.412561178,0.06474117800000001,1244,True
15,Background,1048576,1.34869,1.802597967,0.45390796700000013,10876994,True
21,Background,102400,1.35008,1.46008206,0.11000206000000001,106400,True
6,Background,1048576,1.35069,1.975761559,0.625071559,10838,True
11,Background,102400,1.35526,1.409366399,0.05410639900000014,10838,True
6,Background,10240,1.35594,1.668050351,0.31211035100000006,1087892,True
9,Background,102400,1.35633,2.330405463,0.9740754629999999,106400,True
14,Background,1024,1.35646,1.379004158,0.022544158000000092,1087892,True
19,Background,102400,1.35649,1.560786089,0.20429608900000007,106400,True
17,Background,10240,1.35739,1.683688932,0.3262989319999998,10838,True
8,Background,1048576,1.35853,1.96635004,0.60782004,1244,True
15,Background,102400,1.35862,1.471901442,0.11328144200000012,10876994,True
15,Background,10485760,1.35862,1.379004158,0.020384158000000152,1087892,True
19,Background,1048576,1.35871,1.416832778,0.058122777999999986,1087892,True
17,Background,10240,1.36072,1.417490724,0.05677072400000016,106400,True
14,Background,1048576,1.36084,1.439019034,0.07817903399999993,1244,True
15,Background,10240,1.36116,1.457961306,0.09680130600000014,1244,True
7,Background,102400,1.36285,1.532702763,0.16985276300000018,106400,True
12,Background,10485760,1.36294,1.862738379,0.499798379,10838,True
11,Background,102400,1.36323,1.580105454,0.21687545399999997,1087892,True
14,Background,10240,1.36433,1.66628813,0.30195813000000005,1087892,True
14,Background,10240,1.3655,1.536455263,0.17095526299999997,106400,True
14,Background,102400,1.36643,1.435651753,0.06922175299999989,106400,True
15,Background,102400,1.36652,1.495840411,0.12932041100000014,106400,True
13,Background,1048576,1.3668,1.444432125,0.07763212500000005,1087892,True
19,Background,1024,1.36796,1.566302144,0.19834214399999994,1244,True
13,Background,102400,1.36886,1.616342271,0.24748227099999998,106400,True
16,Background,1024,1.36992,1.802597967,0.43267796700000005,10876994,True
9,Background,1048576,1.37018,1.511448008,0.14126800799999994,1087892,True
8,Background,102400,1.37049,1.834178245,0.46368824499999994,1087892,True
9,Background,10240,1.37158,2.022403411,0.650823411,1087892,True
7,Background,102400,1.37315,1.975761559,0.6026115589999999,10838,True
13,Background,10240,1.37335,1.862738379,0.489388379,10838,True
11,Background,10485760,1.37545,1.399453391,0.02400339099999993,10838,True
19,Background,10240,1.37579,1.375721028,-6.897200000000048e-05,10838,True
19,Background,1048576,1.37591,1.45073344,0.07482344000000007,106400,True
7,Background,1024,1.37744,1.555891849,0.178451849,1244,True
13,Background,10485760,1.3805,1.465121701,0.08462170099999988,10838,True
14,Background,102400,1.38083,1.78146698,0.40063698000000003,1087892,True
10,Background,1024,1.38164,1.986765878,0.605125878,1244,True
20,Background,1024,1.38218,1.504269305,0.12208930500000004,10838,True
17,Background,1048576,1.38224,1.802597967,0.42035796700000017,10876994,True
11,Background,10240,1.38328,1.681998549,0.29871854899999994,108768230,True
19,Background,1024,1.38369,1.468237797,0.08454779699999992,10838,True
15,Background,1024,1.38518,1.66628813,0.28110813,1087892,True
15,Background,102400,1.38544,1.569225665,0.18378566500000004,106400,True
10,Background,102400,1.38631,1.668954384,0.28264438400000014,10838,True
9,Background,10240,1.3865,1.968301944,0.581801944,10838,True
7,Background,1048576,1.38844,1.881155084,0.4927150840000001,10838,True
12,Background,10240,1.38919,1.519603144,0.13041314400000004,106400,True
14,Background,102400,1.39059,1.521342197,0.13075219700000007,10838,True
20,Background,102400,1.39069,1.497491703,0.10680170299999991,1087892,True
17,Background,10485760,1.39124,1.413836733,0.02259673299999987,10838,True
11,Background,102400,1.39127,1.41630281,0.025032809999999905,10838,True
16,Background,102400,1.39149,1.471901442,0.08041144200000017,10876994,True
8,Background,102400,1.39165,1.881155084,0.4895050839999999,10838,True
11,Background,10240,1.39168,1.767956659,0.37627665899999996,1087892,True
9,Background,102400,1.39248,1.881155084,0.48867508400000004,10838,True
15,Background,10240,1.39357,1.506895015,0.11332501500000003,1244,True
10,Background,1024,1.39401,1.453298719,0.05928871899999999,1244,True
11,Background,10240,1.39462,1.598318322,0.20369832199999993,10838,True
15,Background,1024,1.39541,1.397151071,0.001741070999999872,1244,True
8,Background,1024,1.39693,2.099387922,0.702457922,108768230,True
9,Background,10485760,1.39727,1.834178245,0.4369082449999999,1087892,True
10,Background,10485760,1.39734,2.330405463,0.9330654629999999,106400,True
15,Background,10485760,1.39866,1.52476324,0.12610323999999995,10838,True
15,Background,10485760,1.39955,1.568953397,0.16940339699999996,10876994,True
10,Background,1048576,1.39981,1.56905142,0.1692414200000001,10838,True
15,Background,102400,1.39982,1.455673718,0.05585371799999983,106400,True
20,Background,1048576,1.39984,1.468237797,0.06839779700000004,10838,True
13,Background,10240,1.40164,2.386585998,0.9849459980000002,108768230,True
15,Background,102400,1.40189,1.439019034,0.037129033999999894,1244,True
12,Background,102400,1.40206,1.441723407,0.03966340699999993,1244,True
12,Background,10240,1.40357,1.412996246,0.009426246000000083,106400,True
12,Background,1024,1.40436,1.767956659,0.36359665899999993,1087892,True
13,Background,10240,1.4055,1.672919643,0.267419643,1087892,True
11,Background,10240,1.40594,1.668954384,0.2630143840000001,10838,True
20,Background,1024,1.40673,1.435863471,0.029133470999999966,1087892,True
9,Background,10240,1.40689,1.757763818,0.35087381799999995,106400,True
14,Background,102400,1.40708,2.386585998,0.979505998,108768230,True
20,Background,102400,1.40806,1.45073344,0.04267343999999995,106400,True
12,Background,102400,1.40808,1.580105454,0.1720254539999999,1087892,True
17,Background,102400,1.40829,1.472588975,0.06429897500000004,106400,True
16,Background,102400,1.41018,1.455673718,0.045493717999999905,106400,True
12,Background,1024,1.41049,2.009916502,0.5994265019999998,10838,True
12,Background,102400,1.41062,1.598318322,0.18769832199999992,10838,True
20,Background,102400,1.41346,1.560786089,0.1473260890000001,106400,True
21,Background,10240,1.41425,1.504269305,0.090019305,10838,True
14,Background,104857600,1.41457,1.705412552,0.290842552,106400,True
7,Background,1048576,1.41565,1.668050351,0.2524003509999999,1087892,True
18,Background,102400,1.41642,1.59018608,0.17376608000000004,1087892,True
13,Background,1048576,1.41648,1.580105454,0.16362545399999995,1087892,True
10,Background,1024,1.41687,1.763883583,0.34701358299999985,1087892,True
17,Background,10240,1.41992,1.493024261,0.07310426099999989,1087892,True
13,Background,10240,1.42069,1.687063619,0.2663736189999999,10838,True
14,Background,1048576,1.42614,1.672919643,0.246779643,1087892,True
18,Background,10240,1.42642,1.516739962,0.09031996199999992,10838,True
12,Background,10240,1.42734,1.543315694,0.11597569399999985,10876994,True
10,Background,102400,1.42736,1.499354793,0.071994793,106400,True
9,Background,1024,1.42861,1.802764545,0.3741545450000001,106400,True
15,Background,1048576,1.42914,1.705412552,0.276272552,106400,True
11,Background,10240,1.43046,1.453298719,0.022838718999999896,1244,True
12,Background,1048576,1.43232,1.74667713,0.3143571299999999,106400,True
14,Background,1048576,1.43633,1.479517905,0.043187904999999915,1087892,True
16,Background,1024,1.43721,1.66628813,0.22907813,1087892,True
16,Background,1048576,1.43834,1.444792468,0.006452467999999989,1244,True
15,Background,1048576,1.43848,1.822594888,0.38411488800000004,1244,True
15,Background,102400,1.43913,1.78146698,0.34233698,1087892,True
13,Background,102400,1.44006,1.658789424,0.21872942400000017,1087892,True
15,Background,1024,1.44007,1.450189985,0.010119984999999998,106400,True
16,Background,10240,1.44099,1.469017302,0.02802730199999992,106400,True
14,Background,1048576,1.44152,1.862738379,0.42121837900000014,10838,True
15,Background,102400,1.44153,1.821839417,0.3803094170000001,1244,True
14,Background,102400,1.44204,1.495024245,0.052984244999999985,1087892,True
9,Background,102400,1.44281,1.739766414,0.29695641400000006,10838,True
16,Background,1048576,1.44486,1.822594888,0.377734888,1244,True
12,Background,102400,1.44594,1.647396191,0.2014561909999999,1087892,True
13,Background,10240,1.44713,1.596680938,0.14955093799999997,1244,True
16,Background,10240,1.44929,1.465223061,0.015933061000000137,10838,True
16,Background,102400,1.45,1.569225665,0.11922566500000009,106400,True
13,Background,102400,1.45017,1.767956659,0.317786659,1087892,True
16,Background,1024,1.4526,1.52476324,0.07216324000000007,10838,True
14,Background,1048576,1.45358,1.464311302,0.010731301999999943,106400,True
10,Background,10240,1.45389,1.834178245,0.380288245,1087892,True
14,Background,10240,1.45494,1.767956659,0.3130166590000001,1087892,True
17,Background,102400,1.45558,1.66628813,0.21070813,1087892,True
15,Background,102400,1.45586,1.479517905,0.02365790500000009,1087892,True
15,Background,1048576,1.45764,2.386585998,0.9289459980000001,108768230,True
15,Background,102400,1.45793,1.862738379,0.4048083790000001,10838,True
8,Background,1048576,1.4582,1.51264116,0.0544411600000001,106400,True
13,Background,1048576,1.45829,2.009916502,0.5516265019999997,10838,True
15,Background,1048576,1.45915,1.536455263,0.07730526299999996,106400,True
9,Background,102400,1.45942,1.96635004,0.5069300400000001,1244,True
10,Background,10240,1.46015,1.968301944,0.508151944,10838,True
11,Background,1048576,1.46083,1.587993808,0.12716380799999993,10876994,True
12,Background,1048576,1.46214,1.634309858,0.17216985799999995,1087892,True
16,Background,10240,1.46575,1.705412552,0.23966255199999997,106400,True
17,Background,10240,1.46586,1.705412552,0.23955255200000014,106400,True
16,Background,102400,1.466,1.741429578,0.275429578,106400,True
11,Background,10485760,1.46601,1.763883583,0.2978735829999999,1087892,True
14,Background,102400,1.46693,1.525801065,0.058871064999999945,106400,True
15,Background,102400,1.46703,1.525801065,0.058771064999999956,106400,True
13,Background,102400,1.46704,1.647396191,0.180356191,1087892,True
17,Background,10485760,1.46716,1.752247383,0.285087383,108768230,True
13,Background,1048576,1.46819,1.634309858,0.16611985799999984,1087892,True
8,Background,1024,1.46841,1.532702763,0.06429276300000009,106400,True
16,Background,102400,1.46994,1.506895015,0.03695501499999998,1244,True
12,Background,1048576,1.47008,1.525828968,0.05574896799999984,10838,True
21,Background,1048576,1.47015,1.470744313,0.000594312999999902,10838,True
18,Background,10240,1.47189,1.683688932,0.211798932,10838,True
12,Background,102400,1.47262,1.668954384,0.19633438400000003,10838,True
14,Background,102400,1.47268,1.511420975,0.038740975000000066,106400,True
15,Background,1048576,1.47461,1.495024245,0.020414244999999998,1087892,True
12,Background,10240,1.47502,1.885535481,0.410515481,10838,True
19,Background,102400,1.4768,1.505411782,0.02861178200000003,10838,True
17,Background,1024,1.47703,1.537592071,0.060562070999999884,10876994,True
8,Background,1048576,1.47816,1.975761559,0.497601559,10838,True
13,Background,102400,1.47879,1.525828968,0.04703896799999985,10838,True
10,Background,102400,1.47889,1.511448008,0.03255800799999986,1087892,True
17,Background,10240,1.47902,1.75451646,0.27549646000000005,1244,True
13,Background,10240,1.47953,1.574377575,0.09484757499999996,106400,True
14,Background,102400,1.47988,1.683204047,0.20332404699999995,1087892,True
14,Background,102400,1.4806,1.498326232,0.01772623200000001,10838,True
13,Background,10240,1.48112,1.980882937,0.4997629370000001,10838,True
9,Background,1048576,1.48235,1.51264116,0.030291159999999984,106400,True
17,Background,1024,1.48278,2.114708041,0.6319280410000001,106400,True
18,Background,102400,1.48323,1.802597967,0.31936796700000003,10876994,True
14,Background,102400,1.48367,1.754168803,0.27049880299999995,106400,True
15,Background,10240,1.48392,1.904318185,0.42039818500000004,1244,True
8,Background,1048576,1.48415,1.555891849,0.07174184899999991,1244,True
11,Background,10485760,1.48486,1.56905142,0.08419142000000002,10838,True
12,Background,1048576,1.48646,1.593192988,0.10673298800000008,10876994,True
18,Background,10240,1.48772,1.624816784,0.13709678400000014,106400,True
16,Background,102400,1.48836,1.536455263,0.048095263,106400,True
13,Background,10485760,1.49012,1.625964607,0.13584460700000012,10838,True
14,Background,102400,1.49012,1.647396191,0.157276191,1087892,True
13,Background,10240,1.4907,1.598318322,0.10761832199999999,10838,True
17,Background,104857600,1.49133,1.822594888,0.331264888,1244,True
15,Background,10240,1.49177,1.741099326,0.24932932600000002,10838,True
9,Background,102400,1.49321,1.532702763,0.03949276300000015,106400,True
16,Background,10240,1.49399,1.568953397,0.0749633970000001,10876994,True
14,Background,1024,1.49738,1.634309858,0.13692985800000002,1087892,True
9,Background,1048576,1.49819,1.555891849,0.05770184900000008,1244,True
21,Background,1048576,1.49986,1.680578928,0.1807189280000001,1087892,True
14,Background,102400,1.50051,1.613890114,0.11338011399999992,1087892,True
18,Background,102400,1.50191,1.816318806,0.3144088059999999,106400,True
10,Background,102400,1.50233,1.65656897,0.15423896999999998,106400,True
15,Background,1048576,1.50292,1.647396191,0.14447619099999987,1087892,True
10,Background,1024,1.50398,1.532702763,0.028722762999999985,106400,True
15,Background,10240,1.50769,1.511420975,0.0037309750000000808,106400,True
8,Background,10240,1.50918,1.737428213,0.2282482130000001,1087892,True
19,Background,102400,1.51056,1.816318806,0.30575880600000005,106400,True
14,Background,102400,1.51204,1.632002136,0.11996213600000005,1244,True
11,Background,102400,1.51434,2.330405463,0.8160654629999999,106400,True
15,Background,1024,1.51472,1.613890114,0.09917011399999986,1087892,True
18,Background,102400,1.51489,2.114708041,0.599818041,106400,True
19,Background,10240,1.51556,1.602846006,0.08728600600000003,1244,True
14,Background,1048576,1.51634,1.598318322,0.08197832199999988,10838,True
19,Background,1048576,1.51773,1.556171596,0.03844159599999997,10838,True
18,Background,1048576,1.51832,1.752247383,0.23392738300000016,108768230,True
21,Background,1024,1.51975,1.560786089,0.04103608900000011,106400,True
14,Background,102400,1.52007,1.625964607,0.10589460699999997,10838,True
11,Background,10240,1.52324,1.596798201,0.07355820099999999,106400,True
14,Background,104857600,1.5234,1.558006311,0.03460631099999989,10838,True
11,Background,102400,1.52358,1.65656897,0.13298896999999998,106400,True
9,Background,1024,1.52412,1.737428213,0.21330821300000014,1087892,True
19,Background,10240,1.52455,1.670527528,0.14597752799999997,106400,True
17,Background,102400,1.5258,1.707341971,0.1815419709999999,106400,True
15,Background,102400,1.52602,1.671054946,0.145034946,106400,True
15,Background,1048576,1.52608,1.686706654,0.16062665399999987,10838,True
16,Background,10240,1.527,1.58704674,0.06004673999999999,10876994,True
16,Background,10485760,1.52736,1.754211091,0.2268510909999999,106400,True
18,Background,102400,1.52754,1.822594888,0.2950548880000001,1244,True
22,Background,1024,1.5289,1.560786089,0.03188608900000012,106400,True
11,Background,102400,1.52894,1.968301944,0.43936194400000006,10838,True
15,Background,1024,1.53,1.539225756,0.009225755999999974,10838,True
13,Background,10485760,1.5305,1.947587802,0.41708780199999995,1244,True
16,Background,10240,1.53105,1.78146698,0.25041698,1087892,True
16,Background,104857600,1.5311,1.686706654,0.15560665400000007,10838,True
17,Background,10240,1.53158,1.78146698,0.2498869800000001,1087892,True
14,Background,10485760,1.53185,1.616342271,0.08449227100000001,106400,True
19,Background,10240,1.53236,2.114708041,0.5823480410000001,106400,True
22,Background,1048576,1.53358,1.771681186,0.23810118599999996,10838,True
15,Background,102400,1.53449,1.632002136,0.0975121360000002,1244,True
17,Background,10240,1.53652,1.754211091,0.21769109099999984,106400,True
7,Background,104857600,1.53654,1.816042467,0.2795024669999999,10838,True
20,Background,102400,1.53749,1.556171596,0.018681595999999967,10838,True
16,Background,1024,1.54157,1.741099326,0.19952932599999995,10838,True
19,Background,10485760,1.54211,1.624816784,0.08270678399999998,106400,True
12,Background,1024,1.54258,1.657504562,0.1149245619999999,10838,True
14,Background,1048576,1.54444,1.907063593,0.3626235929999999,106400,True
15,Background,1024,1.54527,1.907063593,0.361793593,106400,True
17,Background,1024,1.54561,2.230190007,0.6845800070000001,10838,True
10,Background,10240,1.54696,1.745360843,0.19840084300000016,1087892,True
15,Background,1048576,1.5493,1.754168803,0.2048688030000001,106400,True
17,Background,102400,1.55143,1.58704674,0.035616739999999814,10876994,True
10,Background,102400,1.5521,1.757763818,0.2056638179999999,106400,True
20,Background,10240,1.55319,2.114708041,0.561518041,106400,True
23,Background,10240,1.55337,1.771681186,0.218311186,10838,True
19,Background,1048576,1.55436,1.802597967,0.24823796700000011,10876994,True
16,Background,10485760,1.5546,1.778454036,0.2238540360000001,10838,True
19,Background,10240,1.55465,1.797375111,0.24272511099999994,10876994,True
16,Background,102400,1.55572,1.904318185,0.34859818499999995,1244,True
16,Background,10240,1.55639,1.647396191,0.09100619099999996,1087892,True
11,Background,10485760,1.55652,1.757763818,0.20124381800000002,106400,True
13,Background,102400,1.55717,1.681590445,0.12442044500000016,106400,True
20,Background,1048576,1.55789,1.868933885,0.3110438849999999,1244,True
14,Background,1048576,1.56025,1.593606737,0.03335673700000008,1244,True
14,Background,10240,1.56053,1.980882937,0.4203529370000001,10838,True
10,Background,102400,1.56176,1.739766414,0.17800641399999995,10838,True
20,Background,1048576,1.56197,1.602846006,0.040876005999999965,1244,True
13,Background,1048576,1.56199,1.657504562,0.09551456199999997,10838,True
18,Background,1048576,1.56256,1.78146698,0.21890698000000008,1087892,True
18,Background,10240,1.5626,1.601625761,0.03902576099999999,1087892,True
19,Background,1048576,1.56389,1.581024342,0.01713434200000008,106400,True
11,Background,102400,1.5645,1.89468831,0.33018831000000004,10838,True
15,Background,10240,1.56504,1.767956659,0.202916659,1087892,True
16,Background,1048576,1.56527,1.632002136,0.06673213600000016,1244,True
8,Background,102400,1.56614,1.668050351,0.1019103509999999,1087892,True
13,Background,1024,1.56655,1.739895988,0.1733459879999999,1244,True
21,Background,10240,1.56672,1.890594041,0.32387404100000006,1244,True
17,Background,10240,1.56727,1.632002136,0.06473213600000016,1244,True
18,Background,1048576,1.56918,1.75451646,0.18533646000000004,1244,True
19,Background,10240,1.56946,1.78146698,0.21200697999999996,1087892,True
19,Background,1024,1.56952,1.822594888,0.253074888,1244,True
9,Background,1024,1.56971,1.975761559,0.406051559,10838,True
21,Background,1024,1.5698,1.75480041,0.18500041,106400,True
21,Background,1024,1.57007,2.114708041,0.544638041,106400,True
10,Background,102400,1.57125,1.802764545,0.23151454500000002,106400,True
13,Background,10240,1.57238,1.668954384,0.09657438399999996,10838,True
19,Background,1024,1.5733,1.59018608,0.016886080000000137,1087892,True
20,Background,10240,1.57336,1.822594888,0.24923488799999993,1244,True
12,Background,1024,1.57443,1.787952086,0.213522086,1087892,True
13,Background,10485760,1.57486,1.582862629,0.00800262900000015,106400,True
18,Background,10485760,1.57507,1.986108486,0.41103848600000004,10876994,True
15,Background,102400,1.57653,1.625964607,0.04943460700000002,10838,True
12,Background,1048576,1.57705,1.860909148,0.2838591479999999,10838,True
19,Background,102400,1.57991,1.762744679,0.18283467900000017,1087892,True
12,Background,102400,1.58145,2.076203527,0.4947535270000001,10876994,True
13,Background,1024,1.58251,1.74667713,0.16416712999999983,106400,True
20,Background,1048576,1.58264,1.59018608,0.0075460800000000106,1087892,True
19,Background,102400,1.58373,1.601625761,0.0178957609999999,1087892,True
10,Background,10485760,1.5845,1.923481017,0.33898101700000005,106400,True
9,Background,10240,1.58472,2.099387922,0.5146679220000001,108768230,True
9,Background,10240,1.58566,1.668050351,0.08239035099999992,1087892,True
11,Background,102400,1.58568,1.986765878,0.40108587799999995,1244,True
16,Background,102400,1.58613,1.806355126,0.22022512599999988,106400,True
17,Background,10240,1.58637,1.730411691,0.14404169099999997,1087892,True
11,Background,10240,1.58673,1.802764545,0.21603454500000008,106400,True
12,Background,102400,1.5872,1.596798201,0.009598200999999973,106400,True
15,Background,1024,1.58821,1.630087831,0.04187783100000009,1087892,True
19,Background,1024,1.58852,1.75451646,0.16599646000000012,1244,True
12,Background,104857600,1.58886,1.883992168,0.2951321680000001,106400,True
11,Background,102400,1.58899,1.608646475,0.019656475000000118,1087892,True
12,Background,1048576,1.58948,1.802764545,0.21328454500000005,106400,True
21,Background,10240,1.58983,1.822594888,0.23276488799999995,1244,True
13,Background,1024,1.59084,1.596798201,0.005958200999999885,106400,True
17,Background,102400,1.59186,1.686660442,0.09480044199999993,106400,True
14,Background,102400,1.59198,1.849772124,0.25779212400000007,106400,True
13,Background,10485760,1.59295,1.860909148,0.26795914799999987,10838,True
13,Background,10240,1.59305,1.827706328,0.23465632800000003,1244,True
20,Background,102400,1.59373,1.670527528,0.07679752799999995,106400,True
22,Background,102400,1.59388,1.746711022,0.15283102199999998,10838,True
12,Background,1024,1.59444,1.968301944,0.37386194399999995,10838,True
8,Background,1048576,1.59466,1.816042467,0.22138246699999997,10838,True
24,Background,1048576,1.59667,1.771681186,0.17501118599999987,10838,True
12,Background,104857600,1.59679,1.608646475,0.011856475000000088,1087892,True
15,Background,10240,1.59812,1.672919643,0.07479964299999997,1087892,True
14,Background,102400,1.59861,1.827706328,0.22909632800000002,1244,True
16,Background,102400,1.59885,1.907063593,0.30821359299999984,106400,True
16,Background,102400,1.59894,1.613890114,0.014950113999999903,1087892,True
14,Background,1048576,1.59932,1.74667713,0.14735712999999984,106400,True
12,Background,102400,1.60015,1.89468831,0.2945383100000001,10838,True
17,Background,102400,1.6019,1.806355126,0.20445512599999982,106400,True
14,Background,1048576,1.60205,1.751739512,0.14968951200000014,106400,True
10,Background,1048576,1.60224,2.099387922,0.4971479219999999,108768230,True
18,Background,10240,1.60254,1.644944201,0.042404200999999864,106400,True
11,Background,10240,1.60625,2.44219705,0.8359470499999999,10838,True
22,Background,10240,1.60735,2.114708041,0.507358041,106400,True
22,Background,102400,1.60786,1.890594041,0.2827340409999999,1244,True
14,Background,1048576,1.60822,1.657504562,0.049284561999999976,10838,True
16,Background,10240,1.60842,1.822738025,0.21431802500000008,10838,True
11,Background,10485760,1.60851,1.923481017,0.31497101699999996,106400,True
10,Background,102400,1.60941,1.737428213,0.12801821300000005,1087892,True
13,Background,1048576,1.61071,1.787952086,0.1772420859999999,1087892,True
15,Background,10485760,1.61142,1.718340777,0.10692077700000002,106400,True
16,Background,1048576,1.61222,1.672919643,0.06069964299999997,1087892,True
16,Background,102400,1.61226,1.660379328,0.04811932800000007,10838,True
22,Background,102400,1.6144,1.680578928,0.06617892800000003,1087892,True
20,Background,10485760,1.61443,1.802597967,0.18816796700000005,10876994,True
13,Background,10240,1.61572,1.968301944,0.352581944,10838,True
16,Background,10240,1.61633,2.386585998,0.7702559980000001,108768230,True
20,Background,1048576,1.61641,1.729032004,0.11262200400000011,10876994,True
13,Background,1024,1.61658,2.076203527,0.4596235270000002,10876994,True
14,Background,1048576,1.6174,1.860909148,0.243509148,10838,True
13,Background,1024,1.61741,1.883992168,0.266582168,106400,True
14,Background,102400,1.61749,1.658789424,0.041299423999999973,1087892,True
17,Background,102400,1.61853,1.735414307,0.11688430700000008,10838,True
18,Background,10240,1.61919,1.735414307,0.1162243070000002,10838,True
12,Background,102400,1.61928,1.763883583,0.14460358299999987,1087892,True
14,Background,102400,1.61937,1.738758606,0.11938860600000001,1087892,True
20,Background,102400,1.61965,1.816318806,0.19666880599999992,106400,True
14,Background,102400,1.61998,1.681590445,0.061610445000000125,106400,True
14,Background,102400,1.62467,1.787952086,0.16328208599999994,1087892,True
15,Background,10240,1.62521,1.980882937,0.355672937,10838,True
21,Background,1048576,1.62588,1.714491512,0.08861151199999995,106400,True
12,Background,10240,1.62625,2.44219705,0.8159470499999999,10838,True
10,Background,10240,1.62714,1.695177933,0.06803793300000005,106400,True
13,Background,102400,1.62764,2.44219705,0.8145570499999999,10838,True
17,Background,102400,1.63006,1.907063593,0.2770035929999999,106400,True
19,Background,10240,1.63026,1.986108486,0.35584848599999996,10876994,True
10,Background,102400,1.6314,1.668050351,0.036650351000000025,1087892,True
15,Background,102400,1.63164,1.751739512,0.12009951200000013,106400,True
20,Background,10240,1.63207,1.762744679,0.13067467900000018,1087892,True
14,Background,1048576,1.63279,2.009916502,0.37712650199999986,10838,True
15,Background,1048576,1.6332,1.860909148,0.22770914799999997,10838,True
11,Background,102400,1.63448,1.737428213,0.10294821300000012,1087892,True
15,Background,104857600,1.63575,1.738758606,0.10300860599999995,1087892,True
16,Background,1048576,1.63602,1.767956659,0.13193665899999996,1087892,True
17,Background,10240,1.63606,1.822738025,0.18667802499999997,10838,True
11,Background,102400,1.63638,2.099387922,0.46300792200000007,108768230,True
21,Background,1048576,1.6372,1.762744679,0.1255446790000001,1087892,True
13,Background,102400,1.63806,1.719706403,0.08164640299999992,10876994,True
14,Background,10240,1.63842,1.668954384,0.03053438400000008,10838,True
16,Background,10240,1.63868,1.831037473,0.19235747300000017,106400,True
17,Background,1024,1.63897,1.862814187,0.22384418699999986,108768230,True
21,Background,102400,1.63929,1.763295141,0.12400514100000004,1087892,True
11,Background,102400,1.6402,1.745360843,0.10516084299999995,1087892,True
13,Background,1048576,1.64154,1.763883583,0.12234358299999992,1087892,True
14,Background,10240,1.64234,1.719706403,0.07736640300000008,10876994,True
20,Background,102400,1.64278,1.986108486,0.3433284860000001,10876994,True
10,Background,102400,1.64314,1.96635004,0.32321004,1244,True
15,Background,10240,1.6437,2.192997253,0.5492972530000002,1244,True
11,Background,10240,1.64395,1.831536731,0.1875867309999999,1087892,True
16,Background,102400,1.64405,1.779856323,0.13580632299999995,10838,True
11,Background,10240,1.64439,1.695177933,0.05078793300000006,106400,True
23,Background,10240,1.64639,1.746711022,0.10032102199999993,10838,True
18,Background,102400,1.64699,1.66628813,0.019298130000000135,1087892,True
13,Background,104857600,1.64766,1.685365698,0.03770569800000012,10838,True
16,Background,102400,1.64871,1.754168803,0.1054588030000001,106400,True
17,Background,102400,1.64934,1.686706654,0.037366653999999944,10838,True
12,Background,1024,1.65098,1.745360843,0.09438084300000016,1087892,True
20,Background,1048576,1.65196,1.761036368,0.10907636799999998,10838,True
18,Background,102400,1.65217,1.806355126,0.154185126,106400,True
15,Background,10485760,1.6527,1.787952086,0.13525208599999994,1087892,True
21,Background,10240,1.65406,1.68777063,0.03371062999999985,106400,True
16,Background,1048576,1.6541,1.706361797,0.05226179700000011,1087892,True
21,Background,10240,1.65478,1.986108486,0.3313284860000001,10876994,True
12,Background,1048576,1.65535,2.099387922,0.4440379219999999,108768230,True
19,Background,1024,1.65582,1.806355126,0.15053512599999985,106400,True
16,Background,102400,1.65639,1.860909148,0.20451914799999993,10838,True
23,Background,10240,1.65797,2.114708041,0.45673804100000015,106400,True
15,Background,1024,1.65909,2.268827809,0.6097378089999999,1087892,True
20,Background,1048576,1.65912,2.030350757,0.37123075699999997,108768230,True
20,Background,102400,1.661,1.806355126,0.1453551259999999,106400,True
15,Background,1048576,1.6614,1.849772124,0.18837212400000003,106400,True
12,Background,1048576,1.66147,1.724409507,0.06293950700000006,106400,True
10,Background,104857600,1.66198,2.022403411,0.36042341099999997,1087892,True
21,Background,104857600,1.66203,1.729032004,0.06700200400000011,10876994,True
15,Background,10240,1.66379,2.240762015,0.576972015,1244,True
10,Background,10240,1.6639,1.881155084,0.21725508400000004,10838,True
16,Background,1048576,1.66402,1.849772124,0.18575212399999996,106400,True
22,Background,10240,1.66408,1.75480041,0.09072041000000008,106400,True
15,Background,10240,1.6645,1.671658286,0.007158285999999903,106400,True
17,Background,10240,1.66451,1.904318185,0.239808185,1244,True
20,Background,1048576,1.66501,1.797375111,0.13236511099999992,10876994,True
22,Background,1024,1.66545,1.843494202,0.17804420199999993,106400,True
13,Background,1048576,1.66579,1.745360843,0.07957084299999995,1087892,True
9,Background,1048576,1.6673,1.82882519,0.1615251900000001,1244,True
17,Background,102400,1.66846,1.672919643,0.004459642999999902,1087892,True
15,Background,1048576,1.66997,1.683204047,0.013234047000000082,1087892,True
15,Background,1048576,1.67076,1.909602441,0.23884244100000007,106400,True
20,Background,102400,1.67162,1.713863561,0.04224356099999982,1244,True
13,Background,10240,1.67259,2.545786439,0.873196439,10876994,True
12,Background,10485760,1.67264,1.757763818,0.08512381800000002,106400,True
16,Background,104857600,1.67544,1.980882937,0.305442937,10838,True
15,Background,10240,1.67688,1.753923798,0.07704379800000005,1087892,True
13,Background,102400,1.67996,1.757763818,0.07780381800000002,106400,True
18,Background,10240,1.68041,1.706040179,0.025630178999999975,1244,True
17,Background,10240,1.68045,1.723097038,0.042647037999999915,106400,True
24,Background,10240,1.68143,2.114708041,0.4332780410000001,106400,True
17,Background,1048576,1.6817,1.831773318,0.150073318,1244,True
21,Background,10485760,1.68281,1.802597967,0.11978796700000016,10876994,True
21,Background,102400,1.68287,1.868933885,0.18606388499999982,1244,True
14,Background,1024,1.68459,2.44219705,0.7576070499999998,10838,True
19,Background,1048576,1.68491,1.706040179,0.021130179000000027,1244,True
14,Background,10240,1.68651,2.076203527,0.38969352700000015,10876994,True
14,Background,102400,1.68676,1.757763818,0.07100381799999989,106400,True
18,Background,1048576,1.68733,1.705412552,0.018082552000000085,106400,True
13,Background,102400,1.69238,1.758452258,0.06607225799999994,10838,True
17,Background,102400,1.6947,1.831037473,0.136337473,106400,True
15,Background,102400,1.69528,1.757763818,0.062483818000000024,106400,True
12,Background,10240,1.6966,2.366613811,0.670013811,10838,True
22,Background,10240,1.69686,1.868933885,0.17207388499999987,1244,True
15,Background,1048576,1.69715,2.009916502,0.3127665019999999,10838,True
18,Background,1048576,1.69841,1.813647254,0.11523725399999996,1244,True
16,Background,102400,1.69873,1.718340777,0.019610777000000024,106400,True
11,Background,102400,1.69891,1.739766414,0.04085641400000006,10838,True
21,Background,1024,1.69941,1.806355126,0.10694512599999983,106400,True
11,Background,102400,1.69965,2.022403411,0.3227534109999999,1087892,True
25,Background,1048576,1.70345,2.114708041,0.4112580410000002,106400,True
16,Background,102400,1.70477,1.819683548,0.11491354800000009,1244,True
18,Background,102400,1.70639,1.822738025,0.11634802499999997,10838,True
11,Background,10240,1.70641,2.161679712,0.4552697120000002,106400,True
17,Background,102400,1.70662,1.980882937,0.27426293700000004,10838,True
17,Background,1048576,1.70662,1.741099326,0.03447932600000003,10838,True
17,Background,10240,1.70703,2.386585998,0.6795559980000001,108768230,True
18,Background,10485760,1.70716,1.907063593,0.19990359299999994,106400,True
12,Background,10240,1.70886,1.923481017,0.21462101700000003,106400,True
22,Background,10485760,1.70889,1.986108486,0.277218486,10876994,True
15,Background,102400,1.70939,1.74667713,0.037287129999999946,106400,True
19,Background,1048576,1.70953,1.822738025,0.11320802500000005,10838,True
15,Background,102400,1.70968,1.779298906,0.06961890599999987,1087892,True
22,Background,10240,1.71007,1.763295141,0.053225140999999976,1087892,True
14,Background,10240,1.71086,1.867489753,0.15662975300000004,106400,True
21,Background,1048576,1.71141,1.713863561,0.0024535609999998265,1244,True
18,Background,102400,1.71229,1.747859609,0.035569608999999947,10838,True
14,Background,10240,1.71279,2.119178978,0.40638897799999985,10838,True
14,Background,10240,1.71301,1.947587802,0.234577802,1244,True
18,Background,1048576,1.7136,1.754211091,0.04061109099999993,106400,True
13,Background,102400,1.71378,1.923481017,0.209701017,106400,True
18,Background,1024,1.71488,1.980882937,0.2660029370000001,10838,True
16,Background,10240,1.71492,1.757763818,0.04284381799999992,106400,True
15,Background,1048576,1.71516,1.867489753,0.15232975300000007,106400,True
12,Background,1048576,1.71564,2.161679712,0.44603971200000014,106400,True
13,Background,10240,1.71634,2.099387922,0.38304792200000004,108768230,True
23,Background,10485760,1.71675,1.868933885,0.1521838849999999,1244,True
22,Background,102400,1.71703,1.762744679,0.045714679000000036,1087892,True
22,Background,10485760,1.71741,1.806355126,0.08894512599999982,106400,True
20,Background,10485760,1.71833,1.75451646,0.03618646000000014,1244,True
19,Background,102400,1.71842,1.813694598,0.09527459800000004,106400,True
13,Background,10240,1.71958,2.366613811,0.647033811,10838,True
16,Background,102400,1.7207,1.779298906,0.05859890600000006,1087892,True
22,Background,10240,1.72104,1.885402873,0.1643628730000002,1087892,True
12,Background,1048576,1.72159,1.831536731,0.10994673099999996,1087892,True
16,Background,1048576,1.72275,1.74667713,0.023927129999999908,106400,True
20,Background,102400,1.72297,1.876275324,0.1533053240000002,106400,True
20,Background,10240,1.72364,1.822738025,0.09909802499999998,10838,True
18,Background,1048576,1.72458,2.001483642,0.27690364200000017,1087892,True
24,Background,1048576,1.72708,1.746711022,0.019631021999999998,10838,True
18,Background,1024,1.72754,1.875770379,0.1482303789999999,1087892,True
12,Background,10240,1.72757,1.756781904,0.029211903999999844,1244,True
21,Background,102400,1.72768,1.761036368,0.03335636799999997,10838,True
22,Background,10240,1.72856,1.802597967,0.07403796699999998,10876994,True
20,Background,102400,1.73385,1.813694598,0.07984459800000021,106400,True
11,Background,1048576,1.73425,1.96635004,0.23210003999999995,1244,True
21,Background,102400,1.73432,1.813694598,0.07937459800000002,106400,True
12,Background,10240,1.73507,1.96635004,0.23128004000000013,1244,True
23,Background,1024,1.73653,1.885402873,0.14887287300000018,1087892,True
21,Background,1024,1.73944,2.030350757,0.2909107569999998,108768230,True
17,Background,10240,1.74112,1.779856323,0.03873632299999996,10838,True
9,Background,1048576,1.74254,1.816042467,0.07350246699999996,10838,True
12,Background,102400,1.74387,1.919619602,0.175749602,1244,True
22,Background,10485760,1.74391,1.813694598,0.06978459800000003,106400,True
25,Background,102400,1.74434,1.746711022,0.002371021999999945,10838,True
23,Background,1048576,1.74484,1.806355126,0.061515125999999976,106400,True
25,Background,1024,1.74569,1.771681186,0.025991185999999944,10838,True
21,Background,1024,1.74574,2.01464567,0.2689056700000001,106400,True
18,Background,1048576,1.74691,1.831773318,0.08486331800000002,1244,True
12,Background,10240,1.74707,1.986765878,0.23969587800000003,1244,True
15,Background,10240,1.74711,1.835149048,0.08803904799999995,1244,True
23,Background,1024,1.74713,1.890594041,0.14346404099999988,1244,True
21,Background,102400,1.74716,1.797375111,0.05021511099999998,10876994,True
21,Background,1048576,1.74747,1.822738025,0.07526802499999996,10838,True
13,Background,102400,1.74838,1.976660569,0.22828056900000004,10838,True
21,Background,1048576,1.74892,1.816318806,0.06739880599999992,106400,True
23,Background,102400,1.749,1.986108486,0.2371084859999999,10876994,True
14,Background,10240,1.74906,2.233420774,0.48436077399999977,10876994,True
16,Background,102400,1.74927,1.751739512,0.002469512000000007,106400,True
12,Background,10240,1.74987,2.022403411,0.27253341099999995,1087892,True
13,Background,102400,1.74993,1.919619602,0.16968960200000005,1244,True
16,Background,10240,1.75049,2.240762015,0.49027201499999995,1244,True
21,Background,102400,1.75134,1.876275324,0.12493532400000018,106400,True
14,Background,104857600,1.75201,1.770218435,0.018208435000000023,1087892,True
24,Background,1024,1.75237,1.986108486,0.23373848600000002,10876994,True
14,Background,1048576,1.75237,1.758452258,0.0060822579999999515,10838,True
15,Background,1048576,1.75453,2.076203527,0.3216735270000002,10876994,True
19,Background,102400,1.75589,1.831773318,0.07588331800000003,1244,True
22,Background,1048576,1.75597,1.876275324,0.12030532400000005,106400,True
14,Background,1048576,1.75603,1.923481017,0.1674510170000001,106400,True
20,Background,10240,1.75809,1.831773318,0.07368331800000005,1244,True
18,Background,10485760,1.7583,1.833427394,0.07512739400000013,106400,True
17,Background,10240,1.75969,1.767070483,0.007380482999999938,1087892,True
17,Background,102400,1.76027,1.767956659,0.007686658999999985,1087892,True
23,Background,1048576,1.76089,1.763295141,0.0024051409999998885,1087892,True
17,Background,102400,1.76163,2.018593702,0.25696370199999996,1087892,True
18,Background,10240,1.76169,1.831037473,0.0693474730000001,106400,True
19,Background,102400,1.76232,1.831037473,0.06871747299999997,106400,True
22,Background,10240,1.7625,1.816318806,0.053818806,106400,True
17,Background,10240,1.76387,1.876277179,0.11240717899999986,1244,True
16,Background,102400,1.76483,1.896889302,0.13205930200000005,1087892,True
24,Background,10240,1.76513,1.938605876,0.17347587599999992,106400,True
16,Background,1048576,1.76644,1.867489753,0.10104975300000008,106400,True
18,Background,1048576,1.76887,1.904318185,0.135448185,1244,True
18,Background,102400,1.76928,1.876277179,0.10699717899999994,1244,True
17,Background,102400,1.77095,2.240762015,0.469812015,1244,True
23,Background,102400,1.77129,1.802597967,0.03130796700000005,10876994,True
15,Background,10485760,1.77187,2.119178978,0.3473089779999998,10838,True
16,Background,1048576,1.77196,1.810360717,0.03840071700000003,106400,True
10,Background,102400,1.77454,1.975761559,0.20122155899999994,10838,True
16,Background,104857600,1.77531,1.787952086,0.012642086000000052,1087892,True
17,Background,10240,1.77603,1.974268222,0.19823822200000007,1087892,True
16,Background,10240,1.77652,2.268827809,0.4923078089999997,1087892,True
26,Background,102400,1.77653,1.79542365,0.018893650000000095,1087892,True
16,Background,102400,1.77836,2.009916502,0.2315565019999999,10838,True
19,Background,10240,1.77858,1.980882937,0.20230293700000002,10838,True
18,Background,1048576,1.77887,2.018593702,0.23972370200000004,1087892,True
15,Background,10240,1.77961,1.947587802,0.167977802,1244,True
11,Background,102400,1.77985,1.881155084,0.10130508400000005,10838,True
17,Background,1048576,1.78192,1.867489753,0.08556975300000014,106400,True
19,Background,1048576,1.78376,1.876277179,0.0925171789999999,1244,True
20,Background,102400,1.78393,1.980882937,0.19695293700000005,10838,True
17,Background,10240,1.7842,1.815773803,0.0315738029999999,10876994,True
10,Background,102400,1.78455,2.096523251,0.31197325099999973,10876994,True
21,Background,10240,1.78473,1.874197851,0.08946785099999999,10876994,True
17,Background,10240,1.78499,2.563210223,0.7782202229999999,10838,True
25,Background,1024,1.78536,1.938605876,0.15324587599999995,106400,True
18,Background,1048576,1.78569,2.240762015,0.45507201500000005,1244,True
19,Background,10240,1.78649,1.813647254,0.02715725400000002,1244,True
15,Background,1048576,1.78658,1.923481017,0.136901017,106400,True
17,Background,1024,1.7866,1.794816522,0.008216522000000115,1087892,True
16,Background,102400,1.78732,1.947587802,0.1602678019999999,1244,True
16,Background,102400,1.78946,1.822442406,0.03298240599999991,106400,True
11,Background,102400,1.79014,2.096523251,0.30638325099999975,10876994,True
12,Background,1024,1.79084,2.330405463,0.539565463,106400,True
13,Background,102400,1.7913,2.022403411,0.2311034110000001,1087892,True
16,Background,102400,1.7926,2.076203527,0.28360352700000013,10876994,True
15,Background,102400,1.79286,1.792577479,-0.0002825209999999245,10838,True
16,Background,1048576,1.79385,1.909602441,0.11575244100000015,106400,True
17,Background,104857600,1.79405,1.868467702,0.07441770200000009,106400,True
22,Background,102400,1.79587,1.822738025,0.026868024999999962,10838,True
13,Background,10485760,1.7959,2.091724153,0.29582415299999987,1244,True
23,Background,102400,1.79607,1.854339794,0.058269793999999875,1244,True
19,Background,10240,1.79621,1.810822082,0.01461208199999997,106400,True
14,Background,10240,1.79708,2.545786439,0.748706439,10876994,True
26,Background,1024,1.79709,1.938605876,0.14151587599999993,106400,True
24,Background,102400,1.79792,1.885402873,0.08748287300000013,1087892,True
23,Background,102400,1.79936,2.253574391,0.45421439099999983,1087892,True
13,Background,1048576,1.80044,1.89468831,0.09424831,10838,True
20,Background,1048576,1.80219,1.831037473,0.028847473000000123,106400,True
20,Background,102400,1.80258,1.810822082,0.008242081999999984,106400,True
17,Background,102400,1.80339,1.909602441,0.10621244100000005,106400,True
16,Background,10240,1.80339,1.821839417,0.018449417000000023,1244,True
14,Background,1048576,1.80717,2.108886802,0.30171680199999984,106400,True
14,Background,102400,1.80729,2.289615632,0.4823256319999998,1087892,True
14,Background,10240,1.80755,2.022403411,0.214853411,1087892,True
15,Background,1048576,1.80776,2.058069979,0.25030997899999985,10838,True
17,Background,1024,1.80882,1.947587802,0.13876780199999983,1244,True
22,Background,102400,1.80895,2.119466492,0.31051649199999987,1087892,True
18,Background,1024,1.8094,1.909602441,0.1002024410000002,106400,True
18,Background,1048576,1.81109,1.81321575,0.0021257499999998153,10838,True
12,Background,1048576,1.81148,2.096523251,0.28504325099999983,10876994,True
17,Background,102400,1.81166,1.821839417,0.010179417000000024,1244,True
17,Background,102400,1.81235,2.037230584,0.2248805840000001,106400,True
17,Background,1048576,1.81451,2.268827809,0.45431780899999974,1087892,True
23,Background,1048576,1.81507,2.023623549,0.2085535489999999,106400,True
22,Background,10240,1.81698,1.874197851,0.057217850999999875,10876994,True
19,Background,1048576,1.81708,1.948498134,0.13141813400000002,10838,True
19,Background,10485760,1.81976,1.907063593,0.0873035929999999,106400,True
23,Background,102400,1.8202,2.155089644,0.33488964399999976,106400,True
16,Background,1024,1.82051,1.856490844,0.03598084400000001,106400,True
14,Background,102400,1.82354,1.89468831,0.0711483100000001,10838,True
17,Background,1048576,1.82446,2.076203527,0.25174352700000013,10876994,True
16,Background,10485760,1.82549,2.063455787,0.23796578700000004,106400,True
18,Background,1024,1.82802,1.867489753,0.03946975300000011,106400,True
16,Background,10485760,1.82954,1.923481017,0.09394101700000013,106400,True
18,Background,102400,1.83398,2.563210223,0.7292302230000001,10838,True
18,Background,10240,1.83498,1.976628974,0.14164897399999998,106400,True
14,Background,1048576,1.83578,2.352190055,0.5164100549999999,10838,True
23,Background,1048576,1.83686,1.843494202,0.006634202000000089,106400,True
14,Background,10240,1.83713,2.091724153,0.254594153,1244,True
15,Background,1048576,1.84044,2.022403411,0.1819634109999999,1087892,True
18,Background,1048576,1.8411,2.061695019,0.22059501900000011,1087892,True
22,Background,10485760,1.84157,2.125655203,0.28408520300000006,10838,True
13,Background,102400,1.84321,1.884591114,0.041381114,1087892,True
23,Background,10240,1.84521,2.119466492,0.2742564919999999,1087892,True
27,Background,102400,1.84743,1.938605876,0.0911758760000001,106400,True
15,Background,10240,1.84756,2.352190055,0.5046300549999998,10838,True
18,Background,1024,1.84757,1.974268222,0.12669822200000014,1087892,True
17,Background,10240,1.84759,1.849772124,0.002182123999999952,106400,True
19,Background,1048576,1.84845,2.039765699,0.19131569900000023,1087892,True
20,Background,10240,1.84876,1.948498134,0.09973813400000009,10838,True
20,Background,102400,1.84901,2.128005801,0.278995801,106400,True
21,Background,10485760,1.85015,1.948498134,0.09834813400000009,10838,True
23,Background,102400,1.85046,1.874197851,0.02373785099999992,10876994,True
16,Background,10485760,1.8511,2.118307763,0.2672077629999998,10838,True
19,Background,102400,1.85132,2.563210223,0.7118902229999999,10838,True
24,Background,102400,1.85439,1.854339794,-5.02060000000526e-05,1244,True
24,Background,102400,1.85464,2.108730697,0.25409069699999987,106400,True
18,Background,10240,1.85601,2.268827809,0.41281780899999987,1087892,True
14,Background,10485760,1.85822,1.884591114,0.02637111400000003,1087892,True
19,Background,102400,1.85891,1.867489753,0.008579753000000023,106400,True
19,Background,10240,1.85956,1.976628974,0.11706897399999994,106400,True
20,Background,102400,1.86011,1.907063593,0.046953593000000016,106400,True
21,Background,1024,1.86033,2.092537929,0.2322079290000001,1244,True
22,Background,1048576,1.86051,1.883486364,0.022976363999999805,1244,True
18,Background,102400,1.86191,2.01477599,0.15286599,1244,True
14,Background,1024,1.86263,2.099387922,0.236757922,108768230,True
17,Background,1024,1.86293,1.967581617,0.10465161700000003,106400,True
25,Background,10240,1.86365,1.884964698,0.021314698000000076,1244,True
22,Background,102400,1.86482,2.01464567,0.14982567000000024,106400,True
25,Background,1024,1.86541,1.885402873,0.019992873000000078,1087892,True
26,Background,1048576,1.86725,2.114708041,0.24745804100000002,106400,True
18,Background,102400,1.86741,2.230190007,0.362780007,10838,True
18,Background,102400,1.86925,2.834135067,0.964885067,10876994,True
26,Background,1024,1.87053,1.885402873,0.014872873000000064,1087892,True
14,Background,102400,1.87195,1.919619602,0.04766960200000003,1244,True
28,Background,1048576,1.87354,1.938605876,0.06506587600000002,106400,True
13,Background,1048576,1.8739,1.986765878,0.11286587800000003,1244,True
21,Background,102400,1.87507,1.980882937,0.10581293700000005,10838,True
15,Background,102400,1.87573,2.099387922,0.22365792200000012,108768230,True
14,Background,10240,1.87678,1.883992168,0.00721216800000013,106400,True
17,Background,10240,1.87727,2.077247213,0.19997721300000015,106400,True
16,Background,102400,1.87854,2.192997253,0.31445725300000005,1244,True
22,Background,1048576,1.87934,2.583156299,0.7038162990000001,10838,True
19,Background,1048576,1.8795,1.952905339,0.07340533900000001,1087892,True
19,Background,10240,1.8806,2.834135067,0.953535067,10876994,True
21,Background,10240,1.88075,2.161843619,0.28109361899999996,10838,True
17,Background,102400,1.88224,2.034975994,0.15273599399999993,106400,True
16,Background,10240,1.88283,2.099387922,0.216557922,108768230,True
26,Background,10485760,1.88304,1.884964698,0.001924698000000058,1244,True
11,Background,102400,1.88364,1.975761559,0.09212155899999996,10838,True
24,Background,1048576,1.88419,1.905029378,0.02083937800000002,10838,True
22,Background,102400,1.88449,1.980882937,0.09639293700000007,10838,True
15,Background,10240,1.88491,1.919619602,0.03470960199999995,1244,True
18,Background,10240,1.8856,2.068936982,0.18333698199999993,106400,True
24,Background,10240,1.88588,2.196513478,0.31063347799999996,10838,True
16,Background,102400,1.88603,2.199114867,0.31308486699999993,10876994,True
22,Background,10240,1.88673,2.092537929,0.2058079290000001,1244,True
17,Background,1048576,1.88804,1.916133875,0.028093875000000157,10838,True
17,Background,1024,1.88932,2.099387922,0.2100679219999999,108768230,True
15,Background,102400,1.8898,2.108886802,0.21908680199999986,106400,True
22,Background,102400,1.88988,2.082818472,0.19293847200000003,10838,True
19,Background,1048576,1.89019,1.917112965,0.02692296500000002,10876994,True
19,Background,10240,1.89074,2.503935958,0.6131959579999999,106400,True
27,Background,10240,1.89109,2.072581376,0.1814913760000001,1087892,True
23,Background,102400,1.89113,2.092537929,0.20140792900000015,1244,True
17,Background,102400,1.89131,2.009916502,0.11860650199999978,10838,True
19,Background,102400,1.89179,2.068936982,0.1771469819999998,106400,True
15,Background,1048576,1.89201,2.060625462,0.168615462,106400,True
20,Background,102400,1.89356,2.563210223,0.6696502230000001,10838,True
16,Background,10240,1.89377,2.108886802,0.21511680199999983,106400,True
24,Background,1048576,1.89559,2.119466492,0.22387649199999982,1087892,True
23,Background,102400,1.89626,1.997988297,0.10172829699999997,10838,True
26,Background,102400,1.89649,2.032493961,0.13600396100000012,10838,True
18,Background,1048576,1.89696,1.970627432,0.07366743199999992,10838,True
18,Background,102400,1.89857,1.947587802,0.04901780199999983,1244,True
18,Background,102400,1.89866,1.916133875,0.017473875000000083,10838,True
20,Background,1048576,1.89974,2.834135067,0.9343950670000001,10876994,True
24,Background,102400,1.90017,2.023623549,0.12345354899999994,106400,True
21,Background,1048576,1.90199,2.834135067,0.932145067,10876994,True
14,Background,102400,1.90592,1.976660569,0.07074056900000003,10838,True
24,Background,10240,1.90663,2.04889152,0.14226152000000014,10876994,True
15,Background,1024,1.90808,2.233420774,0.32534077399999983,10876994,True
24,Background,102400,1.9143,2.092537929,0.17823792900000024,1244,True
24,Background,102400,1.91574,2.253574391,0.3378343909999999,1087892,True
17,Background,102400,1.91584,2.108886802,0.1930468019999998,106400,True
18,Background,1048576,1.91684,2.286533904,0.369693904,106400,True
25,Background,1048576,1.91711,2.108730697,0.19162069699999984,106400,True
16,Background,102400,1.91785,2.119178978,0.20132897799999983,10838,True
13,Background,10240,1.91811,1.924297014,0.006187013999999991,10838,True
23,Background,10240,1.91946,2.13908512,0.2196251199999999,10876994,True
26,Background,102400,1.92075,2.108730697,0.18798069699999997,106400,True
25,Background,102400,1.921,2.253574391,0.33257439099999986,1087892,True
23,Background,10240,1.92316,2.125655203,0.202495203,10838,True
13,Background,10240,1.92552,2.788179006,0.8626590060000001,1244,True
19,Background,1048576,1.92609,2.143652804,0.21756280399999972,106400,True
17,Background,10485760,1.92743,2.119178978,0.1917489779999999,10838,True
18,Background,10485760,1.92746,2.076203527,0.14874352700000015,10876994,True
18,Background,10485760,1.92922,2.034975994,0.10575599399999991,106400,True
19,Background,10485760,1.9301,2.501366339,0.5712663390000001,10876994,True
16,Background,1024,1.9307,2.352190055,0.4214900549999998,10838,True
19,Background,102400,1.93161,2.034975994,0.1033659939999998,106400,True
20,Background,10485760,1.93165,2.034975994,0.10332599399999975,106400,True
18,Background,1024,1.93193,2.386585998,0.4546559980000002,108768230,True
15,Background,1048576,1.93231,2.289615632,0.3573056319999999,1087892,True
19,Background,10240,1.93457,1.970627432,0.036057432,10838,True
18,Background,10240,1.93481,2.142365807,0.2075558070000001,10838,True
15,Background,1048576,1.93519,2.545786439,0.610596439,10876994,True
23,Background,10240,1.93577,1.980882937,0.045112937000000075,10838,True
17,Background,10240,1.93705,1.958753749,0.02170374900000005,1087892,True
18,Background,1024,1.93707,1.955579855,0.01850985500000002,1244,True
25,Background,1024,1.93723,2.023623549,0.08639354899999985,106400,True
27,Background,1024,1.93851,2.032493961,0.09398396100000017,10838,True
17,Background,102400,1.93879,2.063455787,0.12466578700000008,106400,True
27,Background,102400,1.93925,1.973242253,0.03399225300000008,10876994,True
22,Background,102400,1.93953,2.161843619,0.2223136189999999,10838,True
28,Background,1024,1.93999,2.032493961,0.09250396100000002,10838,True
18,Background,102400,1.9406,2.009916502,0.06931650199999972,10838,True
17,Background,10240,1.94065,2.116370508,0.17572050800000016,10838,True
14,Background,10240,1.94101,2.19777689,0.2567668900000002,10838,True
19,Background,10485760,1.94146,2.001483642,0.06002364200000021,1087892,True
19,Background,1024,1.94255,2.286533904,0.3439839040000001,106400,True
13,Background,10240,1.94293,2.755184256,0.8122542560000001,1244,True
19,Background,102400,1.9436,2.01477599,0.07117598999999997,1244,True
17,Background,102400,1.94518,2.006395354,0.061215354,106400,True
20,Background,1024,1.94761,2.556598803,0.6089888029999999,106400,True
21,Background,10240,1.94767,2.055856527,0.10818652699999998,106400,True
13,Background,10240,1.94996,1.960725877,0.01076587700000009,106400,True
21,Background,1024,1.95338,2.034975994,0.08159599399999995,106400,True
12,Background,10240,1.95344,1.975761559,0.02232155899999988,10838,True
19,Background,104857600,1.95362,2.051668413,0.09804841299999989,106400,True
20,Background,1048576,1.95377,2.069454632,0.11568463199999979,106400,True
11,Background,1024,1.95494,2.079766088,0.12482608800000006,10838,True
20,Background,10240,1.95508,2.180180322,0.22510032200000007,10838,True
15,Background,10240,1.956,2.023351177,0.06735117699999993,1087892,True
18,Background,102400,1.95694,2.119178978,0.16223897799999998,10838,True
19,Background,102400,1.95791,2.018593702,0.06068370199999995,1087892,True
20,Background,10485760,1.96023,1.976628974,0.01639897400000012,106400,True
12,Background,1024,1.96038,2.253242141,0.29286214099999985,10838,True
22,Background,102400,1.96152,2.197532919,0.236012919,106400,True
20,Background,10485760,1.96167,2.068936982,0.10726698199999984,106400,True
13,Background,102400,1.96277,1.975761559,0.012991559000000041,10838,True
21,Background,1048576,1.96411,2.556598803,0.592488803,106400,True
23,Background,1048576,1.96542,2.161843619,0.19642361899999994,10838,True
18,Background,1024,1.96566,2.077247213,0.11158721300000018,106400,True
24,Background,102400,1.96611,2.13908512,0.17297511999999982,10876994,True
17,Background,10240,1.96682,2.192997253,0.22617725300000013,1244,True
15,Background,1024,1.96728,2.107328754,0.14004875400000016,1244,True
15,Background,102400,1.96737,2.19777689,0.23040689000000003,10838,True
12,Background,10240,1.96785,2.079766088,0.11191608799999986,10838,True
20,Background,102400,1.96828,2.286533904,0.3182539040000001,106400,True
21,Background,102400,1.96961,1.976628974,0.007018973999999956,106400,True
18,Background,102400,1.97247,2.448734854,0.47626485400000007,1087892,True
14,Background,1048576,1.97273,2.788179006,0.8154490059999999,1244,True
19,Background,102400,1.97336,2.279131689,0.3057716890000002,108768230,True
17,Background,10485760,1.97362,2.118307763,0.14468776299999986,10838,True
18,Background,102400,1.97645,2.118307763,0.14185776299999975,10838,True
16,Background,1048576,1.97658,2.545786439,0.569206439,10876994,True
24,Background,102400,1.97894,2.125655203,0.14671520300000007,10838,True
15,Background,10485760,1.97957,2.123473265,0.14390326499999984,106400,True
27,Background,1024,1.9797,2.108730697,0.12903069699999992,106400,True
22,Background,102400,1.97972,2.034975994,0.05525599399999992,106400,True
19,Background,1048576,1.98119,2.268827809,0.2876378089999998,1087892,True
20,Background,10240,1.98302,2.724123379,0.7411033789999999,10876994,True
20,Background,1048576,1.98304,2.501366339,0.5183263390000001,10876994,True
14,Background,102400,1.9839,2.104815026,0.12091502599999981,106400,True
28,Background,10240,1.98455,2.072581376,0.088031376,1087892,True
20,Background,10485760,1.9858,2.083899432,0.09809943199999993,10838,True
25,Background,102400,1.98686,2.196513478,0.2096534779999999,10838,True
14,Background,104857600,1.98735,2.105923024,0.11857302400000003,10838,True
10,Background,102400,1.98756,2.097712864,0.11015286400000002,1244,True
20,Background,1024,1.98757,2.432151076,0.44458107599999974,10876994,True
19,Background,1048576,1.99011,2.118307763,0.12819776299999974,10838,True
12,Background,10240,1.99067,2.183522851,0.19285285100000027,106400,True
25,Background,1024,1.99163,2.290197692,0.298567692,1087892,True
20,Background,10240,1.99196,2.143652804,0.15169280399999985,106400,True
24,Background,1048576,1.99254,2.075669484,0.08312948400000009,106400,True
20,Background,1048576,1.99331,2.039765699,0.04645569900000024,1087892,True
19,Background,10240,1.99376,2.061695019,0.0679350190000001,1087892,True
19,Background,102400,1.99432,2.386585998,0.39226599800000006,108768230,True
16,Background,1024,1.99459,2.233420774,0.23883077399999975,10876994,True
18,Background,1024,1.99742,2.116370508,0.11895050800000018,10838,True
14,Background,1024,1.9977,2.118310659,0.12061065900000001,10838,True
20,Background,1024,2.00005,2.008705974,0.008655974000000288,10838,True
25,Background,1048576,2.00006,2.092537929,0.09247792900000018,1244,True
17,Background,10240,2.00033,2.109250528,0.10892052800000007,1244,True
21,Background,10240,2.00084,2.724123379,0.7232833789999997,10876994,True
25,Background,10240,2.00115,2.04889152,0.047741520000000204,10876994,True
26,Background,10240,2.00158,2.092537929,0.09095792899999999,1244,True
25,Background,10485760,2.00234,2.13908512,0.13674512000000005,10876994,True
20,Background,1024,2.00277,2.268827809,0.26605780899999987,1087892,True
13,Background,1024,2.0033,2.253242141,0.249942141,10838,True
21,Background,1048576,2.00571,2.501366339,0.49565633899999995,10876994,True
24,Background,10240,2.00628,2.08974981,0.08346980999999998,106400,True
21,Background,104857600,2.00802,2.039765699,0.031745699000000016,1087892,True
25,Background,10485760,2.00976,2.303623736,0.29386373600000004,106400,True
22,Background,1048576,2.01012,2.834135067,0.8240150669999999,10876994,True
10,Background,10240,2.0107,2.06891773,0.05821772999999997,1244,True
22,Background,10240,2.01251,2.241775065,0.22926506500000032,1087892,True
14,Background,10240,2.01266,2.254076852,0.24141685199999996,10876994,True
26,Background,10240,2.01461,2.253574391,0.2389643910000001,1087892,True
15,Background,10240,2.01556,2.14933723,0.1337772300000002,1087892,True
22,Background,10485760,2.01995,2.18348196,0.1635319599999998,10876994,True
14,Background,1024,2.01995,2.253242141,0.23329214099999973,10838,True
14,Background,10240,2.02117,2.366613811,0.345443811,10838,True
22,Background,102400,2.02164,2.055856527,0.034216526999999886,106400,True
15,Background,1048576,2.02183,2.104815026,0.0829850259999998,106400,True
23,Background,102400,2.02187,2.045545,0.023675000000000335,106400,True
23,Background,1024,2.02366,2.18348196,0.15982195999999993,10876994,True
28,Background,10240,2.02367,2.18148256,0.15781256,10838,True
21,Background,1024,2.02466,2.128005801,0.10334580100000013,106400,True
15,Background,10485760,2.02471,2.366613811,0.34190381100000033,10838,True
22,Background,1024,2.02472,2.26558119,0.24086118999999995,106400,True
15,Background,104857600,2.02485,2.253242141,0.22839214100000005,10838,True
22,Background,102400,2.02575,2.039765699,0.014015699000000215,1087892,True
16,Background,102400,2.02576,2.104815026,0.0790550259999998,106400,True
18,Background,102400,2.02594,2.898725787,0.8727857870000002,10838,True
16,Background,102400,2.02688,2.253242141,0.22636214100000007,10838,True
26,Background,102400,2.02729,2.13908512,0.11179512000000003,10876994,True
21,Background,1048576,2.02754,2.432151076,0.4046110759999997,10876994,True
20,Background,1048576,2.02798,2.386585998,0.35860599800000026,108768230,True
18,Background,10485760,2.02846,2.034682237,0.006222237000000241,1244,True
20,Background,10240,2.02895,2.113499487,0.08454948699999987,1087892,True
18,Background,10240,2.02934,2.037230584,0.00789058400000009,106400,True
21,Background,102400,2.02947,2.143652804,0.11418280399999992,106400,True
13,Background,1024,2.02977,2.079766088,0.04999608799999988,10838,True
19,Background,10240,2.03072,2.034682237,0.003962237000000091,1244,True
17,Background,1024,2.03142,2.253242141,0.22182214100000008,10838,True
23,Background,1048576,2.03577,2.834135067,0.7983650670000002,10876994,True
18,Background,10240,2.03801,2.108886802,0.0708768019999999,106400,True
19,Background,10485760,2.03874,2.076203527,0.037463526999999885,10876994,True
24,Background,102400,2.03884,2.834135067,0.7952950670000001,10876994,True
20,Background,1024,2.0394,2.089098215,0.049698214999999824,1087892,True
16,Background,102400,2.03953,2.058069979,0.018539978999999818,10838,True
29,Background,102400,2.03968,2.044741323,0.005061323000000062,106400,True
24,Background,102400,2.04231,2.161843619,0.11953361899999981,10838,True
24,Background,10240,2.04311,2.183660352,0.140550352,106400,True
18,Background,10240,2.04313,2.062565782,0.019435781999999957,106400,True
25,Background,102400,2.04321,2.161843619,0.11863361899999969,10838,True
16,Background,102400,2.04332,2.366613811,0.3232938110000001,10838,True
19,Background,102400,2.04424,2.119178978,0.07493897800000004,10838,True
21,Background,102400,2.04495,2.386585998,0.3416359980000001,108768230,True
22,Background,10240,2.04637,2.501366339,0.454996339,10876994,True
19,Background,10240,2.04798,2.05356992,0.005589920000000248,10838,True
27,Background,102400,2.04808,2.092537929,0.04445792900000001,1244,True
26,Background,102400,2.04813,2.161843619,0.11371361899999988,10838,True
13,Background,10240,2.04842,2.119514433,0.07109443299999985,10876994,True
19,Background,1048576,2.04857,2.295595344,0.2470253440000003,1087892,True
13,Background,102400,2.04917,2.183522851,0.13435285100000005,106400,True
15,Background,1048576,2.04943,2.091724153,0.042294152999999834,1244,True
21,Background,1024,2.05091,2.062490612,0.011580611999999935,10838,True
16,Background,10240,2.0511,2.123473265,0.07237326499999996,106400,True
19,Background,102400,2.05128,2.116370508,0.06509050799999994,10838,True
19,Background,102400,2.05293,2.108886802,0.05595680199999986,106400,True
23,Background,10485760,2.05421,2.583156299,0.5289462990000002,10838,True
20,Background,10485760,2.05455,2.110491186,0.05594118600000009,106400,True
11,Background,1024,2.05607,2.256433125,0.20036312499999998,10876994,True
19,Background,1048576,2.05607,2.240762015,0.184692015,1244,True
17,Background,10240,2.05868,2.352190055,0.29351005500000005,10838,True
19,Background,1048576,2.0598,2.269627681,0.2098276809999997,10838,True
17,Background,102400,2.06139,2.123473265,0.062083265000000054,106400,True
19,Background,1048576,2.0621,2.898725787,0.836625787,10838,True
16,Background,10485760,2.06226,2.64104307,0.5787830699999996,106400,True
25,Background,1048576,2.06237,2.08974981,0.027379809999999782,106400,True
20,Background,102400,2.06275,2.295595344,0.23284534400000023,1087892,True
20,Background,10240,2.06352,2.898725787,0.835205787,10838,True
17,Background,10240,2.06387,2.199114867,0.13524486699999994,10876994,True
23,Background,104857600,2.06411,2.26558119,0.2014711899999999,106400,True
17,Background,10485760,2.06623,2.235856315,0.16962631499999992,106400,True
21,Background,102400,2.06747,2.295595344,0.22812534399999995,1087892,True
13,Background,10240,2.06926,2.096523251,0.027263250999999933,10876994,True
23,Background,10240,2.06934,2.248602395,0.17926239499999985,106400,True
17,Background,10240,2.06936,2.64104307,0.5716830699999997,106400,True
20,Background,102400,2.06979,2.240762015,0.17097201500000025,1244,True
16,Background,10240,2.07026,2.24265951,0.17239950999999998,106400,True
19,Background,10240,2.07254,2.124679251,0.05213925099999983,10838,True
20,Background,102400,2.07265,2.116370508,0.04372050800000027,10838,True
16,Background,1024,2.07317,2.274952175,0.20178217499999995,1087892,True
17,Background,104857600,2.07369,2.24265951,0.16896951000000016,106400,True
20,Background,10240,2.07383,2.118307763,0.044477762999999726,10838,True
27,Background,1048576,2.07418,2.161843619,0.08766361899999975,10838,True
29,Background,102400,2.07421,2.135462705,0.06125270500000024,10838,True
21,Background,10240,2.07458,2.286533904,0.21195390400000003,106400,True
16,Background,104857600,2.07467,2.107328754,0.03265875400000029,1244,True
25,Background,1048576,2.0747,2.119466492,0.044766491999999936,1087892,True
19,Background,102400,2.07488,2.202007091,0.1271270910000002,10838,True
14,Background,10240,2.07541,2.119514433,0.044104432999999776,10876994,True
19,Background,10485760,2.07649,2.077247213,0.0007572129999999788,106400,True
14,Background,102400,2.07659,2.183522851,0.10693285100000027,106400,True
15,Background,10240,2.07772,2.788179006,0.7104590060000002,1244,True
18,Background,102400,2.07832,2.64104307,0.5627230699999997,106400,True
21,Background,102400,2.07889,2.268827809,0.1899378089999999,1087892,True
21,Background,1048576,2.07894,2.898725787,0.8197857870000003,10838,True
16,Background,1024,2.07898,2.788179006,0.709199006,1244,True
22,Background,10485760,2.07982,2.128005801,0.04818580100000025,106400,True
16,Background,10240,2.07998,2.111856928,0.03187692799999997,10838,True
23,Background,102400,2.08072,2.257965201,0.1772452010000003,106400,True
27,Background,102400,2.08179,2.37851016,0.29672016,1244,True
24,Background,1048576,2.08247,2.18348196,0.10101196000000012,10876994,True
18,Background,1024,2.08339,2.192997253,0.10960725300000007,1244,True
18,Background,10240,2.0843,2.235856315,0.1515563150000001,106400,True
26,Background,102400,2.08475,2.08974981,0.004999809999999716,106400,True
24,Background,1048576,2.08795,2.257965201,0.170015201,106400,True
17,Background,1024,2.08867,2.788179006,0.699509006,1244,True
17,Background,10485760,2.08966,2.17369232,0.08403231999999994,10838,True
24,Background,102400,2.09066,2.248602395,0.15794239499999962,106400,True
20,Background,102400,2.09193,2.120953745,0.029023744999999934,106400,True
16,Background,1048576,2.09205,2.460357961,0.3683079610000002,10838,True
21,Background,1048576,2.09248,2.563210223,0.4707302229999999,10838,True
16,Background,104857600,2.09249,2.218326259,0.12583625899999973,1087892,True
19,Background,10485760,2.09256,2.142365807,0.04980580699999981,10838,True
15,Background,10240,2.09352,2.105923024,0.012403024000000151,10838,True
17,Background,10240,2.0947,2.218326259,0.1236262589999999,1087892,True
24,Background,102400,2.09538,2.155089644,0.059709643999999784,106400,True
18,Background,102400,2.09559,2.17369232,0.07810231999999973,10838,True
17,Background,102400,2.09599,2.366613811,0.2706238110000001,10838,True
20,Background,10240,2.09766,2.202007091,0.10434709100000017,10838,True
19,Background,1024,2.09846,2.17369232,0.07523231999999958,10838,True
21,Background,1048576,2.09873,2.118307763,0.01957776299999958,10838,True
28,Background,1048576,2.10139,2.103743586,0.0023535860000003517,10838,True
20,Background,102400,2.10385,2.199059054,0.09520905400000013,1087892,True
24,Background,10240,2.10503,2.302351415,0.19732141499999978,106400,True
22,Background,10240,2.10628,2.556598803,0.45031880300000005,106400,True
19,Background,102400,2.10684,2.722659883,0.6158198829999999,10838,True
21,Background,1048576,2.10719,2.157698958,0.05050895799999999,106400,True
19,Background,102400,2.1081,2.448734854,0.34063485400000015,1087892,True
16,Background,102400,2.10857,2.299814363,0.19124436300000003,1087892,True
21,Background,10485760,2.10883,2.116370508,0.007540507999999946,10838,True
23,Background,1024,2.11489,2.294422752,0.17953275200000007,1244,True
18,Background,1024,2.1153,2.24265951,0.12735951000000023,106400,True
18,Background,102400,2.11544,2.253242141,0.13780214099999988,10838,True
28,Background,1048576,2.11558,2.37851016,0.2629301599999998,1244,True
18,Background,102400,2.11777,2.41213851,0.29436850999999997,106400,True
21,Background,102400,2.11828,2.202007091,0.08372709100000009,10838,True
21,Background,1048576,2.12236,2.638775925,0.516415925,108768230,True
21,Background,1024,2.12334,2.771497043,0.6481570430000003,106400,True
17,Background,10240,2.12409,2.324432135,0.2003421350000001,1087892,True
23,Background,1048576,2.12453,2.208660755,0.08413075499999989,106400,True
16,Background,10240,2.12727,2.14933723,0.02206722999999977,1087892,True
20,Background,1048576,2.12734,2.503935958,0.37659595800000023,106400,True
25,Background,1024,2.12776,2.145005313,0.017245313000000095,10838,True
25,Background,10485760,2.12826,2.834135067,0.705875067,10876994,True
25,Background,10485760,2.12969,2.183660352,0.05397035199999989,106400,True
22,Background,10485760,2.12982,2.249960183,0.12014018299999973,1244,True
24,Background,10485760,2.13102,2.583156299,0.4521362990000002,10838,True
29,Background,10240,2.13124,2.18148256,0.05024256000000005,10838,True
20,Background,1024,2.13125,2.155645202,0.024395202000000005,1087892,True
18,Background,1024,2.13178,2.372725635,0.2409456350000001,106400,True
28,Background,1048576,2.13238,2.161843619,0.02946361899999994,10838,True
17,Background,1048576,2.13245,2.156617504,0.02416750400000023,10838,True
17,Background,1048576,2.13436,2.274952175,0.1405921750000001,1087892,True
20,Background,1024,2.13438,2.269627681,0.13524768099999962,10838,True
28,Background,102400,2.13446,2.222180633,0.08772063299999999,1087892,True
25,Background,10485760,2.1353,2.155089644,0.01978964399999983,106400,True
18,Background,1048576,2.13534,2.788179006,0.6528390060000002,1244,True
16,Background,10240,2.13548,2.314237095,0.17875709500000037,1087892,True
16,Background,10240,2.13552,2.19777689,0.06225689000000001,10838,True
17,Background,102400,2.13657,2.233420774,0.09685077399999997,10876994,True
22,Background,10240,2.13703,2.295595344,0.15856534399999989,1087892,True
19,Background,10240,2.13769,2.192997253,0.055307253000000056,1244,True
19,Background,102400,2.13867,2.224236312,0.08556631200000009,106400,True
25,Background,10240,2.13924,2.583156299,0.44391629900000007,10838,True
11,Background,10240,2.14015,2.61710201,0.47695200999999976,1087892,True
24,Background,10485760,2.14187,2.317541237,0.17567123699999998,106400,True
27,Background,102400,2.14289,2.424150246,0.281260246,1087892,True
20,Background,102400,2.14353,2.584470984,0.44094098400000004,106400,True
26,Background,102400,2.14423,2.331286328,0.18705632800000016,106400,True
15,Background,102400,2.14469,2.44219705,0.29750704999999966,10838,True
27,Background,1048576,2.14507,2.369024922,0.2239549219999999,1244,True
21,Background,10240,2.14618,2.269627681,0.12344768099999959,10838,True
26,Background,102400,2.14677,2.303623736,0.15685373599999997,106400,True
27,Background,102400,2.14776,2.331286328,0.18352632800000013,106400,True
25,Background,10240,2.14963,2.248602395,0.09897239499999966,106400,True
19,Background,10240,2.14982,2.278709537,0.12888953700000005,10838,True
16,Background,102400,2.15058,2.453488071,0.30290807100000006,1087892,True
17,Background,102400,2.15287,2.545786439,0.39291643899999995,10876994,True
21,Background,10240,2.15872,2.199059054,0.04033905399999993,1087892,True
18,Background,102400,2.15874,2.209232229,0.050492229000000055,10838,True
19,Background,102400,2.15968,2.64104307,0.48136307,106400,True
29,Background,10240,2.16203,2.161843619,-0.00018638100000023528,10838,True
29,Background,1048576,2.16278,2.222180633,0.05940063299999965,1087892,True
25,Background,1024,2.16312,2.1743584,0.01123839999999987,10838,True
26,Background,10240,2.16461,2.196513478,0.03190347799999982,10838,True
17,Background,10240,2.16546,3.018460238,0.8530002379999999,10838,True
19,Background,102400,2.16656,2.788179006,0.621619006,1244,True
30,Background,10240,2.16897,2.2915527,0.12258270000000016,1087892,True
22,Background,1024,2.16904,2.771497043,0.6024570430000002,106400,True
24,Background,10240,2.16981,2.208660755,0.038850754999999904,106400,True
15,Background,1048576,2.16987,2.356764528,0.18689452799999984,10876994,True
18,Background,102400,2.17038,2.545786439,0.3754064389999998,10876994,True
15,Background,10240,2.17048,2.183522851,0.013042851000000244,106400,True
29,Background,10240,2.17069,2.37851016,0.2078201599999998,1244,True
19,Background,102400,2.17167,2.24265951,0.07098950999999998,106400,True
21,Background,1024,2.17249,2.240762015,0.06827201500000024,1244,True
19,Background,10485760,2.17285,2.372725635,0.19987563500000016,106400,True
22,Background,1048576,2.17315,2.385281181,0.21213118099999972,10876994,True
23,Background,10240,2.17348,2.295595344,0.12211534400000001,1087892,True
22,Background,102400,2.17381,2.286533904,0.1127239040000001,106400,True
23,Background,1048576,2.1742,2.556598803,0.38239880300000006,106400,True
24,Background,10485760,2.17537,2.295595344,0.12022534400000007,1087892,True
24,Background,1048576,2.17613,2.26558119,0.08945118999999968,106400,True
19,Background,102400,2.17929,2.235856315,0.05656631499999998,106400,True
20,Background,1024,2.18162,2.24265951,0.061039510000000075,106400,True
24,Background,10485760,2.18284,2.294422752,0.1115827519999999,1244,True
22,Background,10240,2.18423,2.199059054,0.01482905400000023,1087892,True
11,Background,1024,2.18509,3.343589069,1.1584990689999999,108768230,True
18,Background,102400,2.18513,2.274952175,0.08982217500000012,1087892,True
25,Background,1048576,2.18526,2.26558119,0.08032118999999982,106400,True
17,Background,1048576,2.18551,2.445945943,0.26043594300000006,1087892,True
28,Background,102400,2.18603,2.331286328,0.14525632799999988,106400,True
19,Background,1048576,2.18618,2.253242141,0.06706214100000008,10838,True
26,Background,10240,2.18642,2.210457915,0.024037915000000076,10876994,True
20,Background,10240,2.18839,2.471429651,0.2830396509999997,106400,True
22,Background,10240,2.1885,2.638775925,0.45027592500000013,108768230,True
22,Background,1048576,2.19015,2.432151076,0.24200107599999976,10876994,True
26,Background,10240,2.19037,2.26558119,0.07521118999999965,106400,True
23,Background,102400,2.19154,2.21695615,0.025416150000000304,106400,True
19,Background,1024,2.19233,2.545786439,0.3534564389999999,10876994,True
22,Background,104857600,2.19247,2.592409714,0.39993971399999984,1087892,True
26,Background,102400,2.19433,2.248602395,0.05427239499999992,106400,True
14,Background,10240,2.19512,2.755184256,0.560064256,1244,True
26,Background,1048576,2.19569,2.29231128,0.09662127999999992,106400,True
26,Background,102400,2.1957,2.290197692,0.09449769200000002,1087892,True
17,Background,1024,2.19751,2.314237095,0.11672709500000034,1087892,True
24,Background,10240,2.19759,2.21695615,0.019366150000000193,106400,True
16,Background,10240,2.19798,2.42537135,0.22739135,106400,True
27,Background,102400,2.19875,2.303623736,0.10487373600000005,106400,True
15,Background,10240,2.19898,2.721748284,0.5227682839999996,1087892,True
21,Background,1048576,2.1994,2.215835497,0.016435497000000243,1244,True
22,Background,10240,2.19974,2.269627681,0.06988768099999998,10838,True
17,Background,1024,2.19999,2.574166427,0.3741764270000001,108768230,True
20,Background,102400,2.20141,2.353467332,0.15205733200000005,1244,True
20,Background,1024,2.20215,2.730089757,0.527939757,106400,True
18,Background,10485760,2.2036,2.324432135,0.12083213500000012,1087892,True
19,Background,1048576,2.20616,2.209232229,0.0030722289999998154,10838,True
13,Background,102400,2.20705,2.504527932,0.2974779319999996,10838,True
18,Background,10240,2.20761,2.214056872,0.006446872000000159,10838,True
15,Background,102400,2.21041,2.755184256,0.5447742560000002,1244,True
18,Background,102400,2.21223,2.439863798,0.22763379800000028,1087892,True
28,Background,102400,2.21243,2.303623736,0.09119373600000014,106400,True
18,Background,102400,2.21275,2.574166427,0.361416427,108768230,True
21,Background,102400,2.21415,2.305190644,0.091040644,10876994,True
16,Background,1048576,2.21503,2.289615632,0.07458563199999979,1087892,True
27,Background,10240,2.21633,2.253574391,0.037244390999999766,1087892,True
23,Background,104857600,2.21764,2.325916663,0.10827666300000027,106400,True
25,Background,1024,2.21779,2.294422752,0.07663275200000008,1244,True
20,Background,10485760,2.21849,2.235856315,0.017366314999999855,106400,True
17,Background,1048576,2.21887,2.474164233,0.2552942330000003,10838,True
28,Background,10240,2.21936,2.369024922,0.14966492199999992,1244,True
22,Background,10240,2.22026,2.36420177,0.14394177000000008,10838,True
23,Background,1048576,2.2206,2.448155914,0.22755591399999986,106400,True
18,Background,10485760,2.22124,2.352190055,0.130950055,10838,True
14,Background,102400,2.22147,2.504527932,0.28305793199999973,10838,True
29,Background,1048576,2.22183,2.435049427,0.21321942699999985,10876994,True
20,Background,10240,2.22337,2.722659883,0.4992898829999999,10838,True
12,Background,102400,2.22386,2.256433125,0.03257312499999987,10876994,True
20,Background,10240,2.22457,2.224236312,-0.00033368799999999865,106400,True
22,Background,10240,2.22481,2.363600949,0.13879094899999966,10876994,True
20,Background,10240,2.2258,2.448734854,0.22293485400000002,1087892,True
16,Background,10240,2.22707,2.44219705,0.21512705,10838,True
29,Background,10485760,2.22734,2.369024922,0.14168492200000005,1244,True
17,Background,1048576,2.22763,2.460357961,0.23272796100000015,10838,True
27,Background,102400,2.2291,2.248602395,0.01950239499999995,106400,True
20,Background,102400,2.22924,2.348849719,0.11960971900000006,10838,True
15,Background,1024,2.22944,2.504527932,0.2750879319999999,10838,True
12,Background,1024,2.2295,2.61710201,0.38760201000000016,1087892,True
13,Background,10240,2.22967,2.61710201,0.38743200999999994,1087892,True
16,Background,10485760,2.22976,2.504527932,0.2747679319999996,10838,True
18,Background,10485760,2.23079,2.368239785,0.13744978500000027,1244,True
26,Background,102400,2.23172,2.583156299,0.35143629899999995,10838,True
23,Background,1048576,2.23271,2.237028135,0.004318135000000112,10838,True
30,Background,10240,2.23322,2.37851016,0.1452901599999996,1244,True
31,Background,10485760,2.23339,2.2915527,0.05816270000000001,1087892,True
19,Background,1048576,2.23508,2.41213851,0.17705851000000017,106400,True
21,Background,102400,2.2356,2.235856315,0.000256315000000118,106400,True
26,Background,1024,2.23678,2.411463726,0.17468372600000004,1087892,True
17,Background,1048576,2.23839,2.504527932,0.2661379319999999,10838,True
14,Background,102400,2.23855,2.61710201,0.37855200999999994,1087892,True
15,Background,1048576,2.23966,2.448226959,0.20856695899999966,1244,True
29,Background,1024,2.24001,2.331286328,0.09127632800000018,106400,True
20,Background,102400,2.24034,2.64104307,0.4007030699999996,106400,True
22,Background,10485760,2.24092,2.343677291,0.10275729100000008,106400,True
25,Background,1024,2.24111,2.400482305,0.15937230500000021,1244,True
19,Background,1048576,2.24217,2.666944312,0.4247743119999998,1244,True
25,Background,1024,2.24269,2.257965201,0.015275201000000127,106400,True
14,Background,102400,2.24427,2.741637005,0.49736700499999964,106400,True
20,Background,10240,2.24501,2.253242141,0.008232140999999693,10838,True
23,Background,102400,2.24529,2.385281181,0.13999118100000008,10876994,True
16,Background,1024,2.24533,2.448226959,0.20289695899999982,1244,True
17,Background,102400,2.24741,2.453488071,0.2060780710000003,1087892,True
22,Background,102400,2.24758,2.639130567,0.3915505669999999,1244,True
18,Background,1048576,2.24839,3.018460238,0.7700702379999997,10838,True
23,Background,10485760,2.24936,2.432151076,0.182791076,10876994,True
22,Background,1024,2.25134,2.268827809,0.01748780899999991,1087892,True
23,Background,102400,2.25228,2.269627681,0.017347680999999948,10838,True
23,Background,1048576,2.25354,2.363600949,0.11006094899999974,10876994,True
32,Background,10240,2.25386,2.2915527,0.03769270000000002,1087892,True
23,Background,102400,2.25502,2.638775925,0.383755925,108768230,True
15,Background,102400,2.25587,2.547001041,0.2911310410000003,106400,True
25,Background,102400,2.25599,2.337669587,0.081679587,10838,True
21,Background,10240,2.25731,2.438115062,0.18080506200000013,1244,True
28,Background,1048576,2.25793,2.424150246,0.16622024599999996,1087892,True
27,Background,102400,2.25852,2.29231128,0.03379127999999998,106400,True
26,Background,1048576,2.25981,2.361930872,0.10212087199999997,1087892,True
17,Background,1048576,2.26121,2.289615632,0.02840563199999968,1087892,True
16,Background,102400,2.26228,2.721748284,0.4594682839999997,1087892,True
16,Background,102400,2.26238,2.755184256,0.49280425600000033,1244,True
26,Background,10240,2.26249,2.294422752,0.0319327519999999,1244,True
22,Background,102400,2.26275,2.724123379,0.46137337899999986,10876994,True
21,Background,10240,2.26294,2.448734854,0.18579485400000006,1087892,True
21,Background,102400,2.26303,2.348849719,0.08581971899999985,10838,True
23,Background,102400,2.26536,2.771497043,0.5061370430000003,106400,True
23,Background,1024,2.26731,2.36420177,0.09689177000000004,10838,True
28,Background,102400,2.26779,2.32174499,0.053954989999999814,106400,True
26,Background,102400,2.26813,2.36472156,0.0965915599999998,1244,True
18,Background,1024,2.26914,2.445945943,0.17680594299999974,1087892,True
19,Background,1024,2.27147,2.574166427,0.3026964270000003,108768230,True
17,Background,10240,2.2722,2.42537135,0.1531713499999996,106400,True
29,Background,10240,2.27234,2.32174499,0.049404990000000204,106400,True
20,Background,10240,2.27297,2.41213851,0.1391685100000002,106400,True
24,Background,102400,2.274,2.385281181,0.11128118099999984,10876994,True
23,Background,1024,2.27405,2.292523435,0.018473435000000205,106400,True
18,Background,102400,2.27412,2.778542367,0.5044223670000001,10838,True
18,Background,102400,2.27454,2.474164233,0.1996242330000002,10838,True
24,Background,1024,2.27476,2.384602757,0.10984275700000001,10838,True
18,Background,102400,2.2749,2.413357509,0.13845750899999976,1244,True
15,Background,1024,2.27596,2.61710201,0.34114201,1087892,True
27,Background,102400,2.27769,2.4920186,0.21432859999999998,106400,True
25,Background,1048576,2.27815,2.384602757,0.10645275700000001,10838,True
19,Background,10240,2.27873,2.439863798,0.16113379800000027,1087892,True
30,Background,10240,2.27939,2.318928643,0.039538643000000206,1087892,True
18,Background,10240,2.27972,2.314237095,0.034517095,1087892,True
25,Background,102400,2.2799,2.295595344,0.015695344000000055,1087892,True
23,Background,10240,2.28109,2.582147035,0.30105703500000036,1087892,True
19,Background,102400,2.28168,2.324432135,0.04275213499999975,1087892,True
21,Background,102400,2.28204,2.584470984,0.30243098400000035,106400,True
20,Background,102400,2.2821,2.324432135,0.042332135000000104,1087892,True
24,Background,102400,2.28293,2.448155914,0.16522591400000008,106400,True
13,Background,102400,2.28366,2.334143283,0.050483283000000156,10838,True
24,Background,10240,2.28398,2.556598803,0.27261880299999985,106400,True
15,Background,10240,2.284,2.741637005,0.45763700500000004,106400,True
14,Background,102400,2.28401,2.334143283,0.050133283000000084,10838,True
24,Background,10240,2.28489,2.292523435,0.007633435000000244,106400,True
26,Background,1024,2.28604,2.834135067,0.5480950670000002,10876994,True
22,Background,1024,2.28639,2.584470984,0.29808098400000027,106400,True
18,Background,10485760,2.28675,2.289615632,0.002865631999999785,1087892,True
21,Background,10240,2.28884,2.324432135,0.035592134999999914,1087892,True
23,Background,102400,2.29003,2.547087157,0.2570571570000002,1087892,True
27,Background,10240,2.29151,2.834135067,0.5426250669999999,10876994,True
22,Background,102400,2.29342,2.613299847,0.31987984700000016,1087892,True
22,Background,10240,2.29464,2.448734854,0.15409485400000023,1087892,True
25,Background,1048576,2.29558,2.385281181,0.08970118099999969,10876994,True
27,Background,102400,2.29571,2.358569264,0.06285926400000008,1244,True
24,Background,1024,2.29603,2.771497043,0.4754670430000001,106400,True
23,Background,1024,2.29663,2.343677291,0.04704729100000016,106400,True
30,Background,102400,2.29699,2.32174499,0.02475498999999992,106400,True
23,Background,104857600,2.29876,2.588122227,0.2893622269999998,10838,True
16,Background,102400,2.29926,2.61710201,0.3178420100000001,1087892,True
27,Background,1048576,2.29957,2.411463726,0.11189372599999992,1087892,True
23,Background,102400,2.30019,2.584470984,0.284280984,106400,True
22,Background,1024,2.30395,2.385694634,0.0817446340000001,10838,True
21,Background,10240,2.30398,2.730089757,0.42610975699999987,106400,True
24,Background,10240,2.30417,2.36420177,0.06003177000000015,10838,True
19,Background,10485760,2.30504,2.413357509,0.10831750899999992,1244,True
31,Background,10240,2.30603,2.37851016,0.07248016000000002,1244,True
19,Background,10485760,2.30606,2.368239785,0.0621797850000001,1244,True
21,Background,102400,2.30729,2.353467332,0.04617733200000007,1244,True
29,Background,102400,2.30776,2.424150246,0.11639024599999992,1087892,True
24,Background,1048576,2.30832,2.588122227,0.2798022269999998,10838,True
26,Background,102400,2.3092,2.316510774,0.00731077400000002,106400,True
16,Background,1024,2.31022,2.741637005,0.4314170049999997,106400,True
25,Background,10240,2.31064,2.380781003,0.07014100300000026,1244,True
16,Background,1048576,2.31088,2.356764528,0.04588452799999976,10876994,True
20,Background,10240,2.31157,2.372725635,0.061155634999999986,106400,True
26,Background,1024,2.31196,2.337669587,0.025709587000000145,10838,True
17,Background,102400,2.31208,2.683309839,0.3712298390000002,10838,True
23,Background,104857600,2.31274,2.535951594,0.22321159400000035,10838,True
20,Background,10240,2.31331,2.677641286,0.3643312860000001,10838,True
29,Background,1048576,2.31362,2.420781457,0.10716145700000013,106400,True
25,Background,10240,2.31378,2.556598803,0.24281880300000003,106400,True
30,Background,1024,2.31499,2.350594258,0.03560425800000022,106400,True
22,Background,102400,2.31516,2.563210223,0.2480502229999999,10838,True
20,Background,1024,2.3152,2.788179006,0.4729790060000001,1244,True
31,Background,1048576,2.31568,2.350594258,0.03491425800000014,106400,True
24,Background,1024,2.31667,2.343677291,0.027007291000000322,106400,True
18,Background,1024,2.31829,2.453488071,0.13519807100000003,1087892,True
21,Background,10485760,2.31858,2.45692312,0.13834312000000004,10876994,True
27,Background,102400,2.31993,2.400237785,0.08030778500000002,10838,True
28,Background,1048576,2.3205,2.400237785,0.07973778499999984,10838,True
23,Background,1024,2.32051,2.592409714,0.2718997139999999,1087892,True
19,Background,102400,2.32061,2.587522316,0.266912316,1087892,True
21,Background,1048576,2.32076,2.503935958,0.18317595800000008,106400,True
20,Background,1024,2.32108,2.368239785,0.04715978500000029,1244,True
22,Background,1048576,2.32159,2.52462865,0.20303864999999988,10838,True
22,Background,102400,2.3224,2.348849719,0.026449718999999927,10838,True
22,Background,10240,2.32294,2.730089757,0.407149757,106400,True
23,Background,10485760,2.32355,2.500478981,0.1769289810000001,10838,True
23,Background,10240,2.32379,2.563210223,0.2394202230000002,10838,True
17,Background,10240,2.32431,2.44219705,0.11788704999999977,10838,True
20,Background,10240,2.3261,2.587522316,0.261422316,1087892,True
24,Background,1048576,2.32677,2.500478981,0.17370898100000032,10838,True
18,Background,10240,2.32757,2.504527932,0.17695793199999965,10838,True
18,Background,1024,2.32784,2.42537135,0.09753134999999968,106400,True
27,Background,1024,2.32796,2.576271938,0.24831193800000007,10838,True
30,Background,102400,2.32855,2.55152388,0.22297388000000007,10838,True
20,Background,102400,2.32976,2.366236535,0.036476535000000254,10838,True
21,Background,102400,2.33036,2.456236976,0.1258769759999998,10838,True
12,Background,1048576,2.33243,3.343589069,1.011159069,108768230,True
18,Background,1048576,2.33254,2.354181135,0.02164113500000031,106400,True
30,Background,102400,2.3361,2.424150246,0.08805024599999989,1087892,True
23,Background,102400,2.33629,2.348849719,0.01255971899999997,10838,True
21,Background,1024,2.33781,2.722659883,0.3848498829999998,10838,True
19,Background,10485760,2.33859,2.445945943,0.10735594299999995,1087892,True
16,Background,10485760,2.33893,2.547001041,0.20807104100000018,106400,True
24,Background,1024,2.33965,2.348849719,0.009199719000000162,10838,True
19,Background,10240,2.34073,3.018460238,0.6777302379999997,10838,True
20,Background,1024,2.34224,3.018460238,0.676220238,10838,True
31,Background,1024,2.34269,2.424150246,0.08146024599999979,1087892,True
31,Background,102400,2.34297,2.538726968,0.19575696799999998,1087892,True
27,Background,1048576,2.34319,2.583156299,0.23996629900000022,10838,True
21,Background,10240,2.34382,2.372725635,0.028905635000000096,106400,True
27,Background,10240,2.34421,2.36472156,0.020511560000000095,1244,True
28,Background,102400,2.34429,2.489525782,0.14523578199999987,10838,True
25,Background,1048576,2.34447,2.771497043,0.4270270430000003,106400,True
32,Background,102400,2.34465,2.350594258,0.00594425799999998,106400,True
19,Background,1048576,2.3448,2.410124675,0.06532467499999983,10876994,True
30,Background,10240,2.34677,2.480641636,0.1338716360000003,106400,True
15,Background,102400,2.34812,2.367750775,0.01963077499999999,1087892,True
21,Background,1048576,2.34989,3.018460238,0.668570238,10838,True
23,Background,1024,2.35068,2.385694634,0.03501463399999993,10838,True
17,Background,10240,2.35175,2.61710201,0.26535200999999997,1087892,True
26,Background,10485760,2.3519,2.633081622,0.2811816220000001,1087892,True
26,Background,102400,2.35704,2.539707644,0.1826676439999999,1087892,True
18,Background,102400,2.35841,2.61710201,0.25869200999999986,1087892,True
21,Background,104857600,2.35998,2.788179006,0.4281990059999998,1244,True
19,Background,10240,2.36004,2.605187403,0.24514740299999982,1087892,True
28,Background,1048576,2.36006,2.576271938,0.21621193800000027,10838,True
18,Background,102400,2.36139,2.366613811,0.005223811000000023,10838,True
18,Background,1024,2.36154,2.44219705,0.08065704999999967,10838,True
28,Background,1024,2.36211,2.583156299,0.22104629900000017,10838,True
23,Background,104857600,2.36315,2.52462865,0.16147864999999983,10838,True
22,Background,1048576,2.36336,2.722659883,0.3592998829999998,10838,True
19,Background,10240,2.36429,2.453488071,0.08919807100000021,1087892,True
19,Background,1048576,2.3647,2.778542367,0.413842367,10838,True
24,Background,1048576,2.36548,2.535951594,0.17047159400000034,10838,True
25,Background,104857600,2.36687,2.449089895,0.08221989500000015,10838,True
20,Background,10485760,2.36698,2.506115113,0.13913511300000003,10838,True
26,Background,1048576,2.36704,2.771497043,0.4044570430000003,106400,True
20,Background,104857600,2.36706,2.605187403,0.23812740300000002,1087892,True
26,Background,1048576,2.36737,2.556598803,0.18922880299999978,106400,True
16,Background,1024,2.36805,2.712195362,0.3441453619999999,10838,True
27,Background,102400,2.36899,2.633081622,0.264091622,1087892,True
20,Background,102400,2.36974,2.397919889,0.028179889000000014,10838,True
27,Background,1024,2.37069,2.556598803,0.1859088029999998,106400,True
21,Background,1048576,2.37104,2.415134315,0.04409431500000016,106400,True
21,Background,10485760,2.37129,2.488851011,0.11756101099999983,10838,True
29,Background,1048576,2.37175,2.576271938,0.20452193800000007,10838,True
21,Background,1048576,2.37194,2.64104307,0.2691030699999999,106400,True
24,Background,1024,2.37284,2.432151076,0.05931107599999974,10876994,True
31,Background,1048576,2.37334,2.55152388,0.17818388000000018,10838,True
24,Background,1024,2.37419,2.729060082,0.35487008200000014,10838,True
18,Background,10485760,2.37433,2.460357961,0.0860279610000001,10838,True
32,Background,10240,2.37457,2.37851016,0.00394015999999997,1244,True
25,Background,1024,2.37543,2.729060082,0.353630082,10838,True
20,Background,1024,2.37577,2.834066748,0.458296748,1244,True
17,Background,1048576,2.3765,2.630996435,0.2544964350000001,106400,True
21,Background,102400,2.37679,2.506115113,0.12932511299999971,10838,True
22,Background,1024,2.3781,2.435663225,0.057563224999999996,10876994,True
26,Background,1024,2.37942,2.406891145,0.027471144999999808,10838,True
25,Background,10240,2.37956,2.697981542,0.31842154199999984,1087892,True
27,Background,10240,2.38027,2.406891145,0.026621145000000013,10838,True
27,Background,1024,2.38029,2.512940549,0.13265054900000006,106400,True
17,Background,10240,2.38122,2.547001041,0.16578104100000024,106400,True
19,Background,102400,2.38188,2.460357961,0.07847796099999993,10838,True
21,Background,102400,2.38207,2.628184206,0.24611420599999967,1087892,True
17,Background,102400,2.3822,2.712195362,0.329995362,10838,True
21,Background,10240,2.38281,2.41213851,0.02932851000000003,106400,True
22,Background,102400,2.38324,2.898725787,0.5154857870000003,10838,True
23,Background,1024,2.38343,2.898725787,0.5152957869999999,10838,True
24,Background,102400,2.38375,2.582147035,0.19839703500000017,1087892,True
27,Background,102400,2.38448,2.539707644,0.155227644,1087892,True
23,Background,10240,2.38449,2.730089757,0.345599757,106400,True
18,Background,102400,2.38457,2.712195362,0.32762536200000003,10838,True
28,Background,102400,2.38529,2.539707644,0.15441764400000002,1087892,True
20,Background,102400,2.38588,2.464465377,0.07858537700000001,106400,True
26,Background,102400,2.38775,2.476613153,0.08886315300000014,1087892,True
22,Background,1024,2.38777,2.821132473,0.43336247299999986,1244,True
17,Background,1048576,2.38918,2.755184256,0.3660042560000001,1244,True
24,Background,10240,2.38937,2.592409714,0.20303971399999998,1087892,True
14,Background,10240,2.39085,2.44823328,0.05738328000000026,10838,True
27,Background,1048576,2.39086,2.771497043,0.3806370430000001,106400,True
25,Background,102400,2.39194,2.588122227,0.196182227,10838,True
22,Background,102400,2.39328,2.503935958,0.11065595800000017,106400,True
24,Background,1024,2.3934,2.730089757,0.3366897569999998,106400,True
23,Background,102400,2.39418,2.639130567,0.24495056700000006,1244,True
25,Background,10240,2.39552,2.416427964,0.020907964000000057,106400,True
21,Background,10240,2.39564,2.464465377,0.06882537699999958,106400,True
26,Background,10240,2.39645,2.729060082,0.332610082,10838,True
21,Background,10240,2.39721,2.834066748,0.4368567480000003,1244,True
22,Background,1048576,2.39778,2.464465377,0.06668537699999977,106400,True
26,Background,1024,2.39807,2.697981542,0.2999115419999998,1087892,True
28,Background,1024,2.39882,2.771497043,0.37267704299999993,106400,True
22,Background,102400,2.39924,2.788179006,0.3889390060000002,1244,True
20,Background,102400,2.39959,2.445945943,0.04635594300000001,1087892,True
29,Background,1048576,2.40128,2.539707644,0.13842764400000007,1087892,True
28,Background,102400,2.40244,2.411463726,0.00902372600000012,1087892,True
24,Background,102400,2.40368,2.62041223,0.21673222999999986,10838,True
21,Background,10240,2.40409,2.445945943,0.04185594299999984,1087892,True
19,Background,104857600,2.40414,2.638446253,0.2343062530000002,1087892,True
22,Background,1048576,2.40434,2.628184206,0.22384420599999988,1087892,True
28,Background,102400,2.40774,2.51039737,0.10265737000000019,106400,True
18,Background,1024,2.40802,2.683309839,0.27528983900000004,10838,True
19,Background,102400,2.41032,2.61710201,0.20678200999999996,1087892,True
20,Background,1024,2.41215,2.857375036,0.4452250360000001,1244,True
28,Background,102400,2.41415,2.4920186,0.0778686000000004,106400,True
17,Background,1048576,2.41449,2.741637005,0.32714700500000005,106400,True
21,Background,104857600,2.41675,2.633970791,0.2172207909999999,1244,True
19,Background,10240,2.41744,2.504527932,0.08708793199999976,10838,True
28,Background,10240,2.4194,2.633081622,0.21368162200000018,1087892,True
24,Background,104857600,2.42047,2.731197777,0.3107277770000003,10838,True
24,Background,1048576,2.42055,2.547087157,0.126537157,1087892,True
27,Background,102400,2.42127,2.476613153,0.05534315300000037,1087892,True
29,Background,10240,2.42364,2.489525782,0.06588578200000006,10838,True
28,Background,10240,2.42417,2.834135067,0.4099650669999999,10876994,True
19,Background,10240,2.42449,2.786968959,0.36247895900000016,108768230,True
20,Background,1024,2.42487,2.545786439,0.12091643900000015,10876994,True
29,Background,102400,2.42587,2.771497043,0.3456270429999999,106400,True
27,Background,10240,2.4274,2.478516309,0.05111630900000019,106400,True
32,Background,1048576,2.42947,2.591566772,0.1620967720000004,10838,True
23,Background,1048576,2.43178,2.722659883,0.2908798830000001,10838,True
28,Background,1048576,2.43204,2.556598803,0.12455880299999977,106400,True
25,Background,10240,2.43278,2.582147035,0.14936703500000004,1087892,True
22,Background,10485760,2.43311,2.834066748,0.40095674800000003,1244,True
29,Background,102400,2.43548,2.51039737,0.0749173700000001,106400,True
21,Background,1024,2.43551,2.493351034,0.05784103399999996,1087892,True
17,Background,1024,2.4362,2.721748284,0.2855482839999999,1087892,True
24,Background,10485760,2.43642,2.563210223,0.12679022299999998,10838,True
25,Background,1048576,2.4366,2.563210223,0.12661022300000013,10838,True
28,Background,10485760,2.43686,2.476613153,0.039753153000000374,1087892,True
23,Background,102400,2.43768,2.834066748,0.3963867480000003,1244,True
25,Background,1048576,2.43906,2.448155914,0.009095913999999983,106400,True
22,Background,102400,2.43939,2.493508688,0.05411868799999997,106400,True
30,Background,102400,2.43998,2.934292859,0.4943128590000003,106400,True
21,Background,1024,2.44029,2.857375036,0.417085036,1244,True
24,Background,10240,2.44064,2.52462865,0.08398864999999978,10838,True
25,Background,1048576,2.44207,2.592409714,0.1503397139999998,1087892,True
19,Background,10240,2.44365,2.960221923,0.5165719230000003,106400,True
21,Background,10240,2.44388,2.677641286,0.233761286,10838,True
23,Background,10240,2.44444,2.788179006,0.34373900599999985,1244,True
20,Background,10240,2.44451,2.453488071,0.008978071000000032,1087892,True
24,Background,1024,2.4471,2.722659883,0.2755598830000001,10838,True
20,Background,10485760,2.44737,2.588592418,0.14122241800000035,10838,True
22,Background,10240,2.44925,2.712546395,0.2632963949999998,106400,True
25,Background,10240,2.44964,2.505533219,0.055893219000000105,1087892,True
19,Background,10240,2.44981,2.804605093,0.35479509300000034,106400,True
21,Background,102400,2.45038,2.450514007,0.0001340070000002136,10838,True
17,Background,1024,2.4504,3.094084801,0.643684801,10838,True
21,Background,102400,2.45053,2.545786439,0.09525643899999992,10876994,True
25,Background,102400,2.45198,2.466262282,0.014282282000000368,1244,True
24,Background,104857600,2.4527,2.834066748,0.38136674800000003,1244,True
20,Background,1048576,2.45314,2.804605093,0.3514650930000003,106400,True
28,Background,10485760,2.45378,2.721627447,0.26784744699999985,10838,True
28,Background,102400,2.45529,2.497896484,0.04260648399999978,10838,True
24,Background,1024,2.45544,2.584470984,0.12903098400000035,106400,True
26,Background,10240,2.45866,2.592409714,0.1337497139999999,1087892,True
26,Background,102400,2.4588,2.700540092,0.24174009199999968,10876994,True
29,Background,10485760,2.45942,2.819251045,0.35983104499999996,106400,True
32,Background,102400,2.45949,2.538726968,0.07923696800000002,1087892,True
25,Background,10240,2.46008,2.52462865,0.06454864999999987,10838,True
29,Background,10240,2.46038,2.721627447,0.26124744700000013,10838,True
22,Background,1048576,2.46166,2.857375036,0.3957150359999999,1244,True
30,Background,1048576,2.46219,2.58981261,0.12762260999999997,1087892,True
30,Background,10485760,2.46584,2.489525782,0.023685781999999822,10838,True
27,Background,10240,2.4664,2.516600857,0.050200856999999655,106400,True
30,Background,10240,2.46711,2.686151637,0.21904163700000012,10838,True
19,Background,102400,2.46771,2.712195362,0.24448536200000026,10838,True
26,Background,1024,2.46782,2.596481098,0.1286610979999998,10876994,True
26,Background,10240,2.46895,2.610820135,0.141870135,106400,True
15,Background,10240,2.46909,2.505846468,0.0367564680000001,1244,True
29,Background,102400,2.47112,2.633081622,0.1619616220000002,1087892,True
20,Background,10240,2.47132,2.519615275,0.04829527500000008,106400,True
27,Background,10240,2.472,2.48373748,0.011737479999999856,106400,True
30,Background,102400,2.47211,2.819251045,0.3471410450000003,106400,True
29,Background,1048576,2.47217,2.884473785,0.41230378499999976,106400,True
25,Background,1048576,2.47267,3.024471716,0.5518017159999999,106400,True
22,Background,102400,2.47269,3.05242989,0.5797398899999999,106400,True
33,Background,102400,2.47303,2.52577681,0.05274680999999992,106400,True
26,Background,1024,2.47315,2.484649453,0.011499452999999882,1244,True
21,Background,1048576,2.4743,2.577769908,0.10346990800000011,106400,True
18,Background,102400,2.47475,2.741637005,0.26688700500000007,106400,True
23,Background,10240,2.47584,2.493508688,0.0176686880000001,106400,True
22,Background,10485760,2.47589,2.488851011,0.0129610109999998,10838,True
19,Background,10240,2.47603,2.572761127,0.09673112699999997,106400,True
26,Background,10240,2.4763,2.588122227,0.11182222699999977,10838,True
23,Background,10485760,2.47691,2.65432242,0.17741242000000002,106400,True
24,Background,10240,2.47764,2.493508688,0.015868687999999853,106400,True
31,Background,102400,2.47771,2.489525782,0.011815781999999775,10838,True
29,Background,102400,2.47776,2.558800822,0.08104082199999985,106400,True
25,Background,10485760,2.48001,2.834066748,0.3540567480000001,1244,True
20,Background,102400,2.4801,2.786968959,0.306868959,108768230,True
23,Background,1048576,2.48076,3.05242989,0.5716698899999999,106400,True
30,Background,1024,2.48094,2.633081622,0.15214162200000025,1087892,True
33,Background,10240,2.48155,2.591566772,0.11001677200000026,10838,True
27,Background,10240,2.48366,2.729060082,0.24540008200000019,10838,True
28,Background,1048576,2.4847,2.622160369,0.1374603689999998,10876994,True
27,Background,1048576,2.487,2.592409714,0.10540971399999988,1087892,True
20,Background,10240,2.48833,2.61710201,0.12877201000000005,1087892,True
23,Background,102400,2.48858,2.857375036,0.3687950360000003,1244,True
28,Background,1048576,2.48957,2.622499679,0.13292967900000008,1087892,True
27,Background,102400,2.49111,2.610820135,0.11971013500000005,106400,True
22,Background,102400,2.49126,2.677641286,0.18638128600000003,10838,True
22,Background,10240,2.49302,2.506115113,0.01309511299999988,10838,True
13,Background,10240,2.49307,2.714427101,0.22135710100000017,106400,True
30,Background,10240,2.49663,2.51039737,0.013767370000000057,106400,True
24,Background,10240,2.49688,2.65432242,0.1574424200000002,106400,True
23,Background,102400,2.4971,2.814141081,0.3170410809999997,10838,True
20,Background,1048576,2.50168,2.666944312,0.16526431200000014,1244,True
18,Background,102400,2.50239,2.630996435,0.12860643500000002,106400,True
23,Background,1048576,2.50247,2.628184206,0.1257142059999996,1087892,True
18,Background,10240,2.50396,2.755184256,0.251224256,1244,True
30,Background,10240,2.5059,2.771497043,0.2655970430000001,106400,True
33,Background,1048576,2.50721,3.292107454,0.7848974539999998,108768230,True
34,Background,102400,2.50725,3.292107454,0.784857454,108768230,True
31,Background,10240,2.50885,2.934292859,0.42544285900000034,106400,True
18,Background,1048576,2.50981,2.547001041,0.03719104100000026,106400,True
22,Background,10240,2.51075,2.568136221,0.05738622100000024,106400,True
31,Background,102400,2.51194,2.771497043,0.25955704300000004,106400,True
32,Background,102400,2.51195,2.934292859,0.422342859,106400,True
24,Background,1024,2.5127,2.915979306,0.40327930599999995,108768230,True
27,Background,10240,2.51298,2.697981542,0.18500154199999974,1087892,True
25,Background,10240,2.51326,2.915979306,0.4027193060000003,108768230,True
19,Background,102400,2.51351,2.813939457,0.3004294569999999,1087892,True
25,Background,102400,2.51452,2.62041223,0.10589222999999981,10838,True
26,Background,1024,2.51504,2.62041223,0.10537222999999996,10838,True
22,Background,102400,2.51509,3.288064391,0.772974391,10838,True
20,Background,102400,2.51533,2.572761127,0.05743112700000008,106400,True
20,Background,102400,2.51553,2.813939457,0.298409457,1087892,True
28,Background,1024,2.51626,2.609882801,0.09362280099999998,106400,True
30,Background,102400,2.51646,2.558800822,0.04234082199999989,106400,True
31,Background,1024,2.51662,2.633081622,0.1164616220000001,1087892,True
24,Background,104857600,2.51909,3.05242989,0.5333398900000001,106400,True
29,Background,10485760,2.51937,2.622160369,0.10279036900000005,10876994,True
23,Background,1048576,2.51975,2.724123379,0.20437337899999974,10876994,True
28,Background,1024,2.52007,2.532452474,0.01238247399999981,106400,True
27,Background,10240,2.5207,2.588122227,0.06742222699999978,10838,True
34,Background,10240,2.52268,2.591566772,0.06888677200000037,10838,True
24,Background,10485760,2.5229,2.814141081,0.2912410809999999,10838,True
24,Background,10485760,2.52327,2.724123379,0.20085337899999978,10876994,True
23,Background,1048576,2.5236,2.712546395,0.18894639499999988,106400,True
24,Background,1024,2.52415,2.731166473,0.20701647299999992,10876994,True
33,Background,10240,2.52433,2.934292859,0.4099628590000002,106400,True
32,Background,102400,2.52461,2.771497043,0.24688704300000008,106400,True
31,Background,10240,2.52521,2.762644833,0.237434833,1087892,True
26,Background,102400,2.52651,2.565928607,0.039418606999999994,106400,True
28,Background,1048576,2.52673,2.588122227,0.0613922269999998,10838,True
23,Background,102400,2.527,2.621684372,0.09468437199999968,10838,True
25,Background,1048576,2.5271,2.707187358,0.1800873580000002,1087892,True
27,Background,10240,2.5277,2.62041223,0.09271223000000006,10838,True
26,Background,1024,2.52775,3.024471716,0.4967217159999997,106400,True
22,Background,1048576,2.52963,2.855103212,0.3254732119999999,106400,True
23,Background,10240,2.52968,2.88051923,0.35083923000000006,106400,True
19,Background,1024,2.53016,2.755184256,0.2250242560000002,1244,True
19,Background,10240,2.53068,2.741637005,0.21095700500000003,106400,True
35,Background,102400,2.53297,2.591566772,0.05859677200000002,10838,True
24,Background,1048576,2.53423,2.621684372,0.08745437199999984,10838,True
28,Background,102400,2.53506,2.648640889,0.11358088900000007,10838,True
22,Background,102400,2.53656,2.733564771,0.19700477100000002,106400,True
25,Background,1024,2.53682,2.595688002,0.058868002000000086,106400,True
21,Background,10240,2.53732,2.575545885,0.038225885000000126,1087892,True
25,Background,10240,2.53737,2.730089757,0.19271975699999988,106400,True
26,Background,1024,2.53746,2.595688002,0.058228002000000334,106400,True
20,Background,10485760,2.53783,2.773270851,0.2354408509999999,10838,True
25,Background,10240,2.53822,2.621684372,0.0834643719999999,10838,True
27,Background,10240,2.53865,2.883369805,0.344719805,106400,True
31,Background,10485760,2.53909,2.549367324,0.010277324000000032,1244,True
20,Background,1024,2.53983,2.755184256,0.21535425600000035,1244,True
20,Background,10240,2.54434,2.712195362,0.16785536200000006,10838,True
23,Background,1024,2.54508,3.288064391,0.7429843909999998,10838,True
30,Background,1048576,2.54514,2.622160369,0.07702036899999998,10876994,True
30,Background,102400,2.54772,2.721627447,0.17390744699999994,10838,True
23,Background,1048576,2.54773,2.677641286,0.12991128600000001,10838,True
20,Background,1024,2.54848,2.778542367,0.23006236699999993,10838,True
29,Background,10240,2.54873,2.638157788,0.08942778800000006,1244,True
26,Background,1024,2.55044,2.834066748,0.2836267480000001,1244,True
26,Background,102400,2.55165,2.582147035,0.030497035000000228,1087892,True
21,Background,10240,2.55193,2.773270851,0.2213408509999999,10838,True
21,Background,102400,2.55274,2.813939457,0.261199457,1087892,True
20,Background,1048576,2.55301,2.960221923,0.4072119230000002,106400,True
27,Background,102400,2.55321,2.700540092,0.1473300919999998,10876994,True
24,Background,10240,2.55555,3.288064391,0.7325143909999996,10838,True
26,Background,102400,2.55659,2.730089757,0.1734997570000001,106400,True
22,Background,1048576,2.55802,2.781660842,0.223640842,106400,True
27,Background,1048576,2.55893,2.595688002,0.03675800200000001,106400,True
26,Background,10240,2.55978,2.790916794,0.2311367940000002,1244,True
21,Background,1048576,2.56037,2.588592418,0.02822241800000036,10838,True
24,Background,102400,2.56166,2.628184206,0.06652420599999997,1087892,True
21,Background,1048576,2.56187,2.587522316,0.025652315999999953,1087892,True
27,Background,102400,2.56219,2.730089757,0.16789975699999982,106400,True
28,Background,1024,2.56333,2.697981542,0.13465154199999985,1087892,True
22,Background,102400,2.56479,2.813939457,0.24914945700000013,1087892,True
27,Background,1048576,2.56597,2.834066748,0.26809674800000005,1244,True
24,Background,1048576,2.56782,2.857375036,0.2895550359999999,1244,True
22,Background,102400,2.56813,2.669794433,0.10166443299999983,10838,True
26,Background,102400,2.56816,2.572484666,0.0043246659999995885,106400,True
36,Background,1024,2.56851,2.591566772,0.023056772000000336,10838,True
30,Background,10485760,2.56896,2.576271938,0.007311937999999962,10838,True
22,Background,10240,2.56919,2.64104307,0.07185306999999996,106400,True
31,Background,102400,2.57157,2.721627447,0.150057447,10838,True
25,Background,102400,2.57183,2.65432242,0.08249242000000034,106400,True
20,Background,102400,2.57361,2.741637005,0.1680270049999999,106400,True
24,Background,1024,2.57421,2.712546395,0.13833639500000006,106400,True
22,Background,1048576,2.57572,2.633970791,0.05825079099999986,1244,True
30,Background,1048576,2.57838,2.618085762,0.03970576200000009,106400,True
21,Background,10240,2.5787,2.687710747,0.10901074700000013,10876994,True
22,Background,10485760,2.57876,2.587522316,0.008762315999999881,1087892,True
21,Background,102400,2.5788,2.607344912,0.028544911999999645,106400,True
27,Background,10240,2.57912,2.635397589,0.05627758900000002,106400,True
31,Background,1024,2.57917,2.686151637,0.10698163700000007,10838,True
24,Background,102400,2.5803,2.88051923,0.30021923000000017,106400,True
25,Background,1024,2.58244,2.731197777,0.14875777700000015,10838,True
29,Background,10240,2.58267,2.594087009,0.011417009000000089,1244,True
31,Background,1048576,2.58422,3.038958368,0.45473836799999967,108768230,True
24,Background,10240,2.58431,2.898725787,0.31441578700000017,10838,True
19,Background,1024,2.5867,2.683309839,0.09660983900000009,10838,True
26,Background,1048576,2.58676,2.731197777,0.14443777700000027,10838,True
28,Background,10485760,2.58752,2.610820135,0.023300134999999944,106400,True
23,Background,1024,2.58785,2.633970791,0.04612079099999988,1244,True
25,Background,102400,2.58838,2.722659883,0.13427988300000004,10838,True
23,Background,10240,2.58841,2.794003279,0.2055932789999999,1244,True
28,Background,1024,2.58841,2.834066748,0.24565674800000004,1244,True
31,Background,10240,2.58881,2.618085762,0.02927576200000015,106400,True
24,Background,1048576,2.5891,2.794003279,0.20490327899999983,1244,True
26,Background,10240,2.59003,2.65432242,0.06429242000000013,106400,True
26,Background,102400,2.5902,2.915979306,0.32577930600000027,108768230,True
25,Background,104857600,2.59121,2.712546395,0.12133639500000015,106400,True
30,Background,1024,2.59141,2.594087009,0.002677008999999675,1244,True
20,Background,1024,2.59142,2.775028933,0.18360893300000036,106400,True
21,Background,1024,2.59151,2.888318942,0.2968089420000002,108768230,True
22,Background,1048576,2.59172,2.926573675,0.3348536750000002,1087892,True
21,Background,102400,2.59432,2.804605093,0.21028509299999998,106400,True
32,Background,1024,2.59604,2.762644833,0.16660483300000006,1087892,True
21,Background,102400,2.59724,2.960221923,0.362981923,106400,True
29,Background,102400,2.59754,2.648640889,0.051100889000000205,10838,True
31,Background,1024,2.5983,2.610091676,0.011791676000000084,10838,True
29,Background,102400,2.59936,2.65648179,0.05712179000000006,106400,True
25,Background,102400,2.59946,3.288064391,0.6886043909999997,10838,True
21,Background,1048576,2.59951,2.712195362,0.11268536200000012,10838,True
19,Background,102400,2.59971,2.763441606,0.16373160600000025,1244,True
37,Background,102400,2.5998,2.725147542,0.1253475420000001,1087892,True
14,Background,102400,2.60262,2.714427101,0.11180710100000013,106400,True
23,Background,10485760,2.60279,2.926573675,0.32378367500000005,1087892,True
23,Background,102400,2.60387,3.276530012,0.6726600119999997,106400,True
22,Background,1024,2.60408,2.73621471,0.13213470999999988,1244,True
21,Background,102400,2.60541,2.666944312,0.061534312000000035,1244,True
20,Background,10240,2.60582,2.726889568,0.1210695679999998,106400,True
32,Background,102400,2.60662,2.686151637,0.0795316370000001,10838,True
26,Background,10240,2.60675,2.712546395,0.10579639500000004,106400,True
24,Background,10485760,2.60789,2.633970791,0.026080791000000048,1244,True
33,Background,10240,2.60875,2.762644833,0.15389483299999984,1087892,True
29,Background,1024,2.6099,2.609882801,-1.7199000000189812e-05,106400,True
25,Background,104857600,2.6101,2.898725787,0.28862578699999997,10838,True
33,Background,10240,2.61079,2.8333767,0.22258669999999992,106400,True
27,Background,102400,2.6115,2.712546395,0.10104639500000001,106400,True
23,Background,1048576,2.61263,2.73621471,0.12358471000000026,1244,True
34,Background,1048576,2.61277,2.934292859,0.3215228590000003,106400,True
34,Background,1048576,2.61462,2.762644833,0.14802483300000002,1087892,True
16,Background,102400,2.61466,2.705784987,0.09112498699999971,1087892,True
32,Background,1024,2.61483,2.721627447,0.10679744699999993,10838,True
24,Background,1048576,2.61614,3.276530012,0.6603900119999997,106400,True
25,Background,102400,2.61636,2.857375036,0.2410150360000003,1244,True
25,Background,1048576,2.61649,2.959221197,0.342731197,10838,True
29,Background,1024,2.61779,2.697981542,0.08019154200000012,1087892,True
25,Background,1048576,2.61869,3.001345691,0.3826556910000001,106400,True
21,Background,104857600,2.62041,2.726889568,0.10647956799999969,106400,True
29,Background,10485760,2.62245,2.879382064,0.2569320639999999,1087892,True
26,Background,1024,2.62304,2.898725787,0.275685787,10838,True
25,Background,1024,2.62333,2.633970791,0.010640790999999705,1244,True
32,Background,102400,2.6234,3.038958368,0.4155583679999997,108768230,True
32,Background,1048576,2.62409,2.803343231,0.17925323100000012,10838,True
28,Background,1048576,2.62646,2.635397589,0.008937589000000301,106400,True
23,Background,102400,2.62648,2.781660842,0.15518084200000004,106400,True
20,Background,102400,2.62746,2.763441606,0.1359816060000001,1244,True
22,Background,1024,2.628,2.726889568,0.0988895679999997,106400,True
21,Background,10240,2.6283,2.755184256,0.1268842560000003,1244,True
35,Background,1024,2.62861,2.934292859,0.30568285900000003,106400,True
27,Background,1024,2.62931,3.024471716,0.39516171600000005,106400,True
26,Background,1024,2.62994,2.656057306,0.026117306000000173,1087892,True
26,Background,10240,2.63079,2.722659883,0.09186988299999976,10838,True
21,Background,102400,2.6309,2.632922394,0.0020223939999999274,10838,True
22,Background,1048576,2.63282,2.69404303,0.061223029999999845,1244,True
22,Background,102400,2.63282,2.945741527,0.31292152699999987,106400,True
22,Background,102400,2.63348,2.804605093,0.17112509300000012,106400,True
32,Background,1048576,2.63363,2.671360032,0.0377300319999998,10838,True
26,Background,102400,2.63459,2.737344889,0.10275488899999985,106400,True
23,Background,102400,2.63513,2.813939457,0.17880945699999984,1087892,True
22,Background,10240,2.63567,2.666944312,0.03127431199999986,1244,True
32,Background,102400,2.63601,2.669306114,0.033296113999999655,106400,True
31,Background,102400,2.63703,3.049264562,0.41223456199999964,10838,True
28,Background,102400,2.6378,2.729060082,0.09126008200000024,10838,True
29,Background,102400,2.6379,2.71788542,0.07998541999999986,106400,True
21,Background,102400,2.63873,2.778542367,0.13981236700000022,10838,True
32,Background,102400,2.64272,3.049264562,0.40654456199999967,10838,True
23,Background,1048576,2.64285,2.733564771,0.09071477100000003,106400,True
27,Background,1024,2.64301,2.790916794,0.14790679400000029,1244,True
23,Background,10240,2.64363,2.804605093,0.16097509300000024,106400,True
23,Background,10240,2.64385,2.855103212,0.2112532119999999,106400,True
29,Background,10240,2.64398,2.729060082,0.08508008200000017,10838,True
23,Background,1048576,2.64462,2.821132473,0.17651247299999984,1244,True
31,Background,10240,2.64606,2.766721083,0.12066108300000034,10838,True
22,Background,10240,2.64884,2.778542367,0.12970236700000015,10838,True
23,Background,10240,2.64905,2.945741527,0.2966915270000001,106400,True
31,Background,10240,2.65042,2.686298566,0.035878566000000056,10838,True
22,Background,10485760,2.65202,2.687710747,0.0356907470000003,10876994,True
33,Background,10485760,2.65273,2.700695341,0.04796534099999983,106400,True
27,Background,102400,2.65406,2.915979306,0.26191930600000024,108768230,True
21,Background,1048576,2.65452,2.886001865,0.23148186499999968,106400,True
30,Background,102400,2.65528,2.697981542,0.04270154200000009,1087892,True
36,Background,10240,2.65684,2.934292859,0.2774528590000003,106400,True
30,Background,10240,2.6572,2.767671164,0.11047116399999979,1244,True
35,Background,10240,2.65766,3.292107454,0.634447454,108768230,True
24,Background,10240,2.65786,2.677641286,0.019781286000000176,10838,True
26,Background,1048576,2.65876,3.288064391,0.6293043909999998,10838,True
28,Background,102400,2.65882,2.748096139,0.08927613899999987,1087892,True
31,Background,102400,2.65958,2.767671164,0.10809116399999974,1244,True
22,Background,10240,2.65973,2.712195362,0.05246536199999996,10838,True
32,Background,1048576,2.65977,2.686298566,0.026528566000000087,10838,True
33,Background,1024,2.66265,3.038958368,0.37630836799999967,108768230,True
31,Background,102400,2.66511,2.697981542,0.03287154200000009,1087892,True
30,Background,10240,2.6654,2.953983918,0.28858391800000005,106400,True
27,Background,1048576,2.66574,2.898725787,0.23298578700000006,10838,True
28,Background,10485760,2.66632,2.712546395,0.04622639500000014,106400,True
33,Background,1048576,2.66933,2.803343231,0.13401323099999995,10838,True
29,Background,1024,2.67008,2.841525903,0.17144590299999996,10838,True
24,Background,1048576,2.67119,2.813939457,0.14274945699999986,1087892,True
28,Background,104857600,2.67139,3.173216495,0.501826495,10876994,True
36,Background,1024,2.67264,3.292107454,0.619467454,108768230,True
23,Background,102400,2.67335,2.726889568,0.053539567999999704,106400,True
25,Background,10485760,2.67389,2.731166473,0.05727647299999994,10876994,True
22,Background,10240,2.67419,2.755184256,0.08099425600000032,1244,True
25,Background,102400,2.67481,3.05242989,0.37761989000000007,106400,True
22,Background,1048576,2.67492,2.760646166,0.08572616599999971,10876994,True
29,Background,102400,2.67506,2.748096139,0.07303613899999961,1087892,True
32,Background,10240,2.67634,2.713684187,0.03734418699999997,106400,True
23,Background,102400,2.67688,2.712195362,0.03531536199999996,10838,True
24,Background,1048576,2.67857,2.788179006,0.1096090059999999,1244,True
26,Background,1048576,2.67893,3.001345691,0.3224156910000002,106400,True
30,Background,1048576,2.67908,2.879382064,0.20030206400000017,1087892,True
37,Background,102400,2.68151,2.934292859,0.2527828590000003,106400,True
30,Background,102400,2.68249,2.71788542,0.035395419999999955,106400,True
27,Background,10240,2.68326,2.840001972,0.15674197199999984,10838,True
33,Background,102400,2.68352,2.713684187,0.03016418700000001,106400,True
24,Background,1048576,2.68356,2.695970717,0.012410716999999849,10838,True
27,Background,102400,2.68406,2.731197777,0.0471377770000001,10838,True
28,Background,1024,2.68432,2.898725787,0.21440578700000001,10838,True
25,Background,102400,2.68476,2.695970717,0.011210716999999981,10838,True
33,Background,10240,2.68477,3.160391183,0.47562118300000034,106400,True
32,Background,1048576,2.68508,2.766721083,0.08164108300000006,10838,True
27,Background,10485760,2.68643,3.288064391,0.6016343909999997,10838,True
30,Background,102400,2.68657,2.748096139,0.0615261389999997,1087892,True
17,Background,1024,2.68838,3.56961187,0.8812318700000001,106400,True
30,Background,1024,2.68851,3.037772571,0.34926257100000013,1087892,True
33,Background,1048576,2.69108,2.764504849,0.07342484900000024,1244,True
34,Background,10240,2.69166,2.700695341,0.009035340999999697,106400,True
34,Background,1024,2.69205,3.160391183,0.46834118300000016,106400,True
27,Background,102400,2.69213,2.967993234,0.275863234,10838,True
33,Background,102400,2.69228,3.049264562,0.35698456200000006,10838,True
20,Background,1048576,2.69234,2.789392627,0.09705262699999961,10838,True
28,Background,10240,2.69327,3.077427,0.3841570000000001,10876994,True
33,Background,1024,2.69353,2.752085316,0.05855531600000008,10838,True
21,Background,10240,2.69496,2.741637005,0.04667700499999983,106400,True
23,Background,102400,2.69664,2.755184256,0.05854425600000024,1244,True
38,Background,10240,2.69727,2.725147542,0.027877542000000144,1087892,True
33,Background,1024,2.69732,2.771497043,0.07417704300000016,106400,True
23,Background,1024,2.69748,2.854839675,0.15735967499999992,10838,True
19,Background,10240,2.69772,2.818568041,0.1208480409999999,1087892,True
22,Background,102400,2.69954,2.886001865,0.18646186500000006,106400,True
18,Background,1024,2.70151,3.094084801,0.3925748010000003,10838,True
33,Background,102400,2.70191,2.766721083,0.06481108300000038,10838,True
26,Background,1048576,2.70199,2.730145993,0.028155992999999935,1087892,True
25,Background,10485760,2.70297,2.813939457,0.11096945699999994,1087892,True
31,Background,1024,2.70496,2.71788542,0.012925420000000187,106400,True
17,Background,102400,2.70538,2.746788914,0.04140891400000024,106400,True
26,Background,102400,2.70758,2.807303295,0.09972329499999999,10838,True
22,Background,102400,2.70784,2.773270851,0.0654308509999999,10838,True
34,Background,10485760,2.70849,2.803343231,0.0948532310000001,10838,True
31,Background,10240,2.70885,2.748096139,0.03924613899999985,1087892,True
28,Background,10240,2.7102,2.840001972,0.1298019720000001,10838,True
29,Background,1024,2.71113,3.001405775,0.290275775,10876994,True
29,Background,10240,2.71526,2.898725787,0.18346578700000027,10838,True
18,Background,10240,2.71603,2.746788914,0.030758914000000193,106400,True
30,Background,10240,2.71776,3.001405775,0.28364577499999966,10876994,True
20,Background,10485760,2.71814,2.918706684,0.200566684,1087892,True
27,Background,1024,2.71854,2.892511843,0.1739718429999999,106400,True
24,Background,102400,2.71855,2.821132473,0.10258247300000001,1244,True
32,Background,10485760,2.71996,2.909449696,0.18948969599999987,1087892,True
24,Background,102400,2.72053,2.945741527,0.2252115269999999,106400,True
27,Background,10240,2.72135,2.737344889,0.0159948889999999,106400,True
23,Background,1048576,2.72148,2.743309636,0.021829636000000097,10838,True
24,Background,102400,2.72221,2.855103212,0.13289321199999993,106400,True
25,Background,1048576,2.72303,3.276530012,0.5535000119999998,106400,True
20,Background,10240,2.72372,2.818568041,0.09484804099999966,1087892,True
32,Background,1048576,2.7242,2.811265838,0.087065838,10838,True
23,Background,102400,2.72537,3.046639875,0.32126987500000004,10838,True
25,Background,10240,2.72694,2.855103212,0.12816321200000003,106400,True
23,Background,10240,2.72769,2.773270851,0.04558085099999998,10838,True
23,Background,102400,2.72831,3.157652499,0.4293424990000001,1087892,True
32,Background,1024,2.7284,2.783640716,0.05524071599999969,106400,True
26,Background,1024,2.72978,3.05242989,0.3226498900000001,106400,True
19,Background,1048576,2.72984,2.749110247,0.01927024700000013,1087892,True
34,Background,1048576,2.7304,2.764504849,0.034104849000000215,1244,True
34,Background,102400,2.73333,2.771497043,0.03816704300000007,106400,True
29,Background,102400,2.73451,2.834135067,0.09962506699999985,10876994,True
29,Background,10240,2.73492,2.853002016,0.11808201600000023,10838,True
21,Background,10240,2.73521,2.775028933,0.03981893300000028,106400,True
27,Background,102400,2.73781,3.054159283,0.3163492830000001,10838,True
24,Background,1024,2.73838,2.743309636,0.004929636000000404,10838,True
25,Background,102400,2.7397,2.821132473,0.081432473,1244,True
24,Background,10240,2.74045,2.854839675,0.11438967499999997,10838,True
34,Background,1024,2.74233,2.827454671,0.08512467099999999,106400,True
26,Background,10240,2.74274,2.932393266,0.1896532660000001,106400,True
24,Background,1048576,2.74293,2.781660842,0.0387308420000001,106400,True
27,Background,1048576,2.74372,3.001345691,0.2576256909999999,106400,True
32,Background,10485760,2.74482,3.091403105,0.3465831050000001,1087892,True
24,Background,1024,2.74564,2.755184256,0.009544256000000306,1244,True
26,Background,10240,2.74655,2.943928112,0.197378112,10838,True
26,Background,10240,2.74688,3.276530012,0.5296500119999998,106400,True
27,Background,102400,2.74706,3.05242989,0.30536989000000014,106400,True
24,Background,102400,2.7472,3.046639875,0.299439875,10838,True
26,Background,102400,2.7473,2.857375036,0.11007503600000001,1244,True
21,Background,104857600,2.74833,3.635145381,0.8868153809999999,108768230,True
25,Background,10240,2.74857,2.854839675,0.10626967500000006,10838,True
31,Background,10240,2.74919,3.001405775,0.2522157749999998,10876994,True
35,Background,1048576,2.74944,2.762644833,0.013204833000000082,1087892,True
35,Background,10240,2.75049,3.160391183,0.4099011830000001,106400,True
19,Background,10240,2.75119,3.094084801,0.34289480100000036,10838,True
21,Background,102400,2.7515,3.346066358,0.5945663579999998,1087892,True
22,Background,10240,2.75415,2.923994802,0.16984480200000007,1087892,True
31,Background,102400,2.75422,2.879382064,0.12516206399999996,1087892,True
30,Background,102400,2.75422,2.841525903,0.08730590299999985,10838,True
34,Background,1048576,2.75423,3.049264562,0.29503456199999967,10838,True
23,Background,10485760,2.75488,3.005056695,0.25017669499999995,106400,True
28,Background,10485760,2.7549,3.024471716,0.26957171599999974,106400,True
23,Background,10240,2.75499,3.060144112,0.3051541120000003,1244,True
25,Background,102400,2.75544,2.88051923,0.12507922999999987,106400,True
29,Background,102400,2.75573,2.866963568,0.11123356800000028,1087892,True
26,Background,10240,2.75602,2.854839675,0.0988196750000001,10838,True
28,Background,10240,2.75655,3.05242989,0.29587989000000015,106400,True
29,Background,1048576,2.75672,3.05242989,0.2957098899999999,106400,True
25,Background,1048576,2.75694,2.7835546,0.02661459999999982,10838,True
22,Background,10240,2.75707,3.635145381,0.8780753809999999,108768230,True
30,Background,10240,2.75811,2.77052417,0.012414170000000002,1244,True
24,Background,102400,2.75918,3.005056695,0.24587669499999976,106400,True
37,Background,1048576,2.76015,3.292107454,0.531957454,108768230,True
32,Background,102400,2.76074,2.767671164,0.006931163999999601,1244,True
25,Background,102400,2.76285,3.046639875,0.2837898750000001,10838,True
20,Background,1024,2.76549,3.455287656,0.6897976560000001,10838,True
20,Background,1048576,2.76569,2.958269552,0.19257955199999977,106400,True
33,Background,102400,2.76723,2.909449696,0.14221969599999973,1087892,True
20,Background,102400,2.7676,3.094084801,0.3264848010000003,10838,True
22,Background,102400,2.76795,2.960221923,0.1922719230000003,106400,True
28,Background,10240,2.76797,3.001345691,0.233375691,106400,True
35,Background,102400,2.76871,3.049264562,0.28055456199999984,10838,True
31,Background,102400,2.76931,2.819251045,0.049941045000000184,106400,True
27,Background,102400,2.76947,2.854839675,0.08536967499999992,10838,True
25,Background,102400,2.77002,3.005056695,0.2350366949999998,106400,True
29,Background,102400,2.77319,3.024471716,0.2512817159999998,106400,True
28,Background,102400,2.7735,3.114797523,0.34129752300000016,106400,True
31,Background,10240,2.77421,2.841525903,0.0673159029999999,10838,True
22,Background,102400,2.77522,3.346066358,0.5708463579999998,1087892,True
13,Background,1024,2.77531,3.343589069,0.5682790689999999,108768230,True
25,Background,10240,2.77584,2.945741527,0.16990152699999994,106400,True
34,Background,1048576,2.77629,3.038958368,0.26266836799999993,108768230,True
31,Background,10240,2.77633,3.037772571,0.2614425709999999,1087892,True
30,Background,10240,2.77721,2.87864736,0.10143735999999981,106400,True
35,Background,10240,2.77728,2.900254077,0.12297407699999985,106400,True
29,Background,1048576,2.77748,3.001345691,0.22386569099999987,106400,True
14,Background,1048576,2.77923,3.343589069,0.564359069,108768230,True
35,Background,102400,2.77927,2.82865392,0.049383919999999915,10838,True
24,Background,102400,2.77962,2.804605093,0.02498509300000018,106400,True
25,Background,1048576,2.77976,2.814141081,0.034381080999999813,10838,True
26,Background,102400,2.78044,2.855103212,0.07466321199999992,106400,True
23,Background,1048576,2.78272,2.923994802,0.1412748020000003,1087892,True
26,Background,10240,2.78339,2.88051923,0.09712923000000018,106400,True
33,Background,1048576,2.7839,2.811265838,0.027365838000000142,10838,True
27,Background,102400,2.78431,2.857375036,0.07306503600000003,1244,True
29,Background,1048576,2.78584,3.173216495,0.38737649500000026,10876994,True
33,Background,1048576,2.78671,3.091403105,0.30469310500000013,1087892,True
24,Background,1048576,2.78732,3.311922307,0.5246023070000003,1087892,True
36,Background,10240,2.7886,3.160391183,0.371791183,106400,True
38,Background,1024,2.78897,2.934292859,0.1453228590000002,106400,True
19,Background,1024,2.78955,2.958613677,0.16906367700000002,1087892,True
29,Background,10240,2.79054,3.114797523,0.324257523,106400,True
25,Background,102400,2.79191,3.311922307,0.520012307,1087892,True
22,Background,10240,2.792,3.018460238,0.22646023800000004,10838,True
36,Background,10240,2.79254,2.900254077,0.10771407700000024,106400,True
24,Background,10485760,2.79297,2.833726493,0.04075649299999995,1087892,True
30,Background,1024,2.79413,3.024471716,0.23034171599999986,106400,True
26,Background,10240,2.79477,2.80911401,0.014344009999999852,1244,True
26,Background,10240,2.79484,3.046639875,0.2517998749999997,10838,True
25,Background,10240,2.79488,3.083549827,0.2886698270000001,10876994,True
24,Background,102400,2.79504,3.157652499,0.3626124989999999,1087892,True
24,Background,1024,2.79525,2.926573675,0.13132367500000042,1087892,True
23,Background,102400,2.79585,3.635145381,0.8392953809999999,108768230,True
28,Background,10240,2.79592,2.880286598,0.0843665979999999,1244,True
23,Background,102400,2.79831,2.940514627,0.14220462700000036,106400,True
30,Background,10240,2.79831,3.05242989,0.2541198900000001,106400,True
30,Background,1048576,2.79914,3.173216495,0.3740764950000002,10876994,True
32,Background,102400,2.79984,2.819251045,0.019411045000000016,106400,True
31,Background,10240,2.80089,3.173216495,0.37232649500000026,10876994,True
26,Background,102400,2.80109,2.990962048,0.18987204800000024,10876994,True
27,Background,102400,2.80128,3.276530012,0.4752500119999996,106400,True
28,Background,10485760,2.80242,3.288064391,0.4856443909999997,10838,True
29,Background,1048576,2.80274,3.288064391,0.4853243909999998,10838,True
27,Background,104857600,2.80298,2.990962048,0.1879820480000003,10876994,True
34,Background,10240,2.80336,3.149013889,0.3456538889999998,1244,True
37,Background,1024,2.80367,2.900254077,0.09658407700000016,106400,True
28,Background,10240,2.80387,3.054159283,0.2502892830000003,10838,True
27,Background,1024,2.80414,2.88051923,0.07637923000000013,106400,True
33,Background,102400,2.8044,2.975599187,0.17119918700000003,10838,True
28,Background,10240,2.80502,2.854839675,0.049819675000000174,10838,True
21,Background,1048576,2.80534,3.455287656,0.6499476559999997,10838,True
28,Background,1048576,2.80655,2.990962048,0.184412048,10876994,True
22,Background,10485760,2.80684,2.812108298,0.005268298000000282,10838,True
31,Background,10485760,2.80736,3.05242989,0.2450698899999999,106400,True
31,Background,1048576,2.80768,2.874564295,0.06688429499999993,1244,True
35,Background,102400,2.80771,3.149013889,0.34130388899999975,1244,True
39,Background,10240,2.80927,2.934292859,0.125022859,106400,True
38,Background,102400,2.81097,3.292107454,0.48113745399999974,108768230,True
28,Background,1048576,2.811,2.967993234,0.1569932340000002,10838,True
21,Background,10485760,2.81162,2.818568041,0.006948040999999794,1087892,True
30,Background,10240,2.81211,2.988135552,0.17602555200000003,10838,True
35,Background,102400,2.81326,2.827454671,0.014194670999999826,106400,True
34,Background,1024,2.8134,2.854568572,0.04116857199999968,1087892,True
25,Background,10240,2.81354,3.328149289,0.514609289,10838,True
30,Background,102400,2.81358,2.884473785,0.07089378499999999,106400,True
27,Background,102400,2.81381,2.855103212,0.0412932119999998,106400,True
24,Background,1024,2.81411,2.920459156,0.10634915600000028,10838,True
26,Background,10485760,2.81581,2.821132473,0.005322473000000105,1244,True
30,Background,102400,2.81601,3.114797523,0.2987875230000001,106400,True
25,Background,1024,2.81708,3.054444595,0.2373645950000003,1087892,True
28,Background,1024,2.8176,2.88051923,0.06291922999999988,106400,True
28,Background,1024,2.81898,2.857375036,0.03839503600000027,1244,True
29,Background,102400,2.81925,2.840001972,0.02075197200000023,10838,True
26,Background,104857600,2.82125,3.104595561,0.28334556099999997,106400,True
32,Background,102400,2.8228,3.173216495,0.35041649500000016,10876994,True
21,Background,102400,2.82475,2.918706684,0.09395668400000012,1087892,True
34,Background,10240,2.82696,3.091403105,0.2644431049999998,1087892,True
29,Background,10240,2.82741,2.854839675,0.027429675000000042,10838,True
22,Background,10240,2.82786,2.918706684,0.09084668400000018,1087892,True
26,Background,10240,2.82833,3.311922307,0.48359230700000033,1087892,True
18,Background,10485760,2.83166,2.919302967,0.0876429670000003,106400,True
24,Background,1048576,2.83334,2.940514627,0.10717462700000002,106400,True
27,Background,1048576,2.83412,3.031277552,0.19715755200000018,10838,True
25,Background,1024,2.83464,2.894414779,0.059774779000000056,10838,True
25,Background,10485760,2.83652,2.861071595,0.024551594999999704,10838,True
22,Background,1048576,2.83719,2.95819595,0.1210059499999998,10838,True
39,Background,102400,2.83728,2.88213364,0.04485364000000036,10838,True
29,Background,1024,2.83849,2.857375036,0.01888503599999991,1244,True
29,Background,10240,2.83892,3.054159283,0.21523928300000028,10838,True
35,Background,10485760,2.8404,3.191850542,0.35145054200000025,106400,True
27,Background,102400,2.84047,3.321144597,0.48067459700000015,1087892,True
33,Background,10240,2.84071,2.966840302,0.12613030199999997,106400,True
27,Background,104857600,2.84208,3.311922307,0.46984230699999996,1087892,True
35,Background,1048576,2.8444,2.854568572,0.010168571999999987,1087892,True
32,Background,10240,2.84447,2.874564295,0.03009429500000005,1244,True
33,Background,10240,2.84492,3.173216495,0.328296495,10876994,True
26,Background,1048576,2.84552,2.894414779,0.04889477899999983,10838,True
27,Background,102400,2.84601,3.104595561,0.25858556099999985,106400,True
27,Background,104857600,2.84689,2.96238915,0.11549914999999977,10838,True
23,Background,1048576,2.84703,2.945635433,0.09860543299999991,106400,True
26,Background,102400,2.84733,3.005056695,0.15772669500000003,106400,True
29,Background,1048576,2.84775,2.990962048,0.1432120480000001,10876994,True
19,Background,1048576,2.84779,2.919302967,0.07151296700000032,106400,True
33,Background,10485760,2.84796,3.051985891,0.20402589100000013,106400,True
23,Background,10240,2.84852,3.133224287,0.28470428699999983,1244,True
25,Background,10240,2.84913,2.926573675,0.07744367500000005,1087892,True
27,Background,1048576,2.84964,2.894414779,0.04477477899999993,10838,True
31,Background,1024,2.85106,2.953983918,0.10292391800000011,106400,True
32,Background,102400,2.85159,3.037772571,0.18618257100000024,1087892,True
32,Background,10240,2.85262,2.879382064,0.02676206400000014,1087892,True
32,Background,1024,2.85276,3.05242989,0.19966989000000002,106400,True
36,Background,10485760,2.85284,3.191850542,0.339010542,106400,True
28,Background,102400,2.85342,2.883369805,0.029949805000000218,106400,True
33,Background,1048576,2.85353,3.037772571,0.18424257099999997,1087892,True
31,Background,102400,2.85414,3.114797523,0.2606575229999999,106400,True
28,Background,102400,2.85418,3.276530012,0.4223500119999999,106400,True
25,Background,1024,2.8543,3.157652499,0.3033524990000003,1087892,True
30,Background,10240,2.85476,3.109457754,0.25469775399999994,10838,True
33,Background,1024,2.85544,2.942594347,0.0871543469999998,1087892,True
30,Background,10240,2.856,3.054159283,0.1981592830000003,10838,True
34,Background,102400,2.85754,2.909449696,0.05190969599999962,1087892,True
27,Background,1048576,2.86047,2.918905067,0.05843506700000001,1087892,True
27,Background,102400,2.86204,3.085322342,0.22328234200000008,1244,True
29,Background,10240,2.86257,2.883369805,0.020799805000000227,106400,True
34,Background,1048576,2.86271,3.146742271,0.28403227100000006,1244,True
31,Background,1048576,2.86305,3.024471716,0.161421716,106400,True
15,Background,1048576,2.86565,3.343589069,0.47793906900000005,108768230,True
23,Background,102400,2.86643,2.942440049,0.07601004900000019,1087892,True
38,Background,102400,2.86817,2.900254077,0.03208407699999993,106400,True
31,Background,102400,2.86829,2.988135552,0.11984555200000013,10838,True
16,Background,1048576,2.86951,3.343589069,0.4740790690000001,108768230,True
24,Background,1048576,2.86958,3.133224287,0.263644287,1244,True
28,Background,1024,2.87067,2.892511843,0.021841842999999805,106400,True
34,Background,1024,2.87117,2.942594347,0.07142434699999978,1087892,True
24,Background,1024,2.87229,3.635145381,0.762855381,108768230,True
22,Background,10240,2.87265,3.455287656,0.5826376559999997,10838,True
26,Background,102400,2.87329,2.959221197,0.08593119700000029,10838,True
26,Background,102400,2.87551,2.950189745,0.07467974500000008,10838,True
27,Background,102400,2.87563,2.961591304,0.08596130400000002,106400,True
34,Background,10240,2.87563,3.051985891,0.17635589100000004,106400,True
31,Background,10485760,2.87607,2.87864736,0.002577360000000084,106400,True
27,Background,102400,2.87648,2.943928112,0.06744811200000012,10838,True
30,Background,10240,2.87671,3.001345691,0.12463569099999994,106400,True
30,Background,1048576,2.87735,2.990962048,0.11361204800000024,10876994,True
18,Background,102400,2.87755,3.56961187,0.6920618700000003,106400,True
39,Background,102400,2.87954,2.900254077,0.020714077000000053,106400,True
28,Background,10240,2.88053,3.808875517,0.9283455170000003,108768230,True
25,Background,10240,2.88215,3.169739749,0.2875897489999999,10838,True
28,Background,102400,2.8823,2.961591304,0.07929130400000028,106400,True
30,Background,1024,2.88268,3.165166726,0.2824867259999997,1244,True
29,Background,1024,2.88271,2.967729374,0.08501937400000026,106400,True
32,Background,1048576,2.88347,3.062252106,0.17878210599999989,10838,True
19,Background,10240,2.88386,3.56961187,0.6857518700000003,106400,True
17,Background,10240,2.88399,3.343589069,0.45959906900000025,108768230,True
29,Background,1048576,2.88417,3.308190588,0.42402058799999987,10838,True
25,Background,10240,2.88432,2.920459156,0.03613915599999995,10838,True
35,Background,102400,2.88437,3.051985891,0.16761589100000007,106400,True
23,Background,102400,2.88463,3.346066358,0.4614363579999998,1087892,True
24,Background,1048576,2.88491,2.942440049,0.057530048999999917,1087892,True
31,Background,1048576,2.88511,2.884473785,-0.0006362150000001066,106400,True
28,Background,1024,2.88561,3.311922307,0.42631230700000033,1087892,True
34,Background,102400,2.88751,3.12535439,0.23784439000000024,10838,True
21,Background,10485760,2.88889,3.094084801,0.2051948010000002,10838,True
36,Background,102400,2.89013,3.196420533,0.30629053299999986,10838,True
32,Background,10240,2.89171,2.951515632,0.05980563200000022,1087892,True
31,Background,102400,2.8925,3.165166726,0.27266672599999975,1244,True
39,Background,102400,2.8926,3.292107454,0.3995074540000001,108768230,True
33,Background,102400,2.89266,3.204450012,0.31179001200000034,108768230,True
30,Background,102400,2.89387,3.288064391,0.39419439099999964,10838,True
30,Background,10240,2.89479,3.142892632,0.24810263200000016,106400,True
31,Background,1048576,2.89661,2.990962048,0.09435204800000019,10876994,True
36,Background,10485760,2.8967,3.149013889,0.25231388899999985,1244,True
23,Background,1048576,2.89874,2.916288965,0.017548965000000027,106400,True
35,Background,1048576,2.90089,2.909449696,0.008559695999999839,1087892,True
31,Background,1048576,2.9019,3.001345691,0.09944569100000011,106400,True
28,Background,10240,2.90301,3.321144597,0.4181345969999999,1087892,True
27,Background,10240,2.90302,3.005056695,0.10203669499999979,106400,True
24,Background,102400,2.90381,3.060144112,0.15633411200000014,1244,True
32,Background,10240,2.90391,2.988135552,0.08422555199999993,10838,True
28,Background,1024,2.90422,2.955406063,0.05118606299999984,10876994,True
34,Background,102400,2.90479,3.204450012,0.2996600119999999,108768230,True
23,Background,1048576,2.90542,2.960221923,0.05480192300000031,106400,True
25,Background,102400,2.9058,3.060144112,0.15434411199999998,1244,True
25,Background,1024,2.906,2.942440049,0.03644004899999986,1087892,True
35,Background,10485760,2.90621,3.091403105,0.18519310499999975,1087892,True
31,Background,10240,2.90826,3.054159283,0.14589928300000032,10838,True
35,Background,10240,2.90842,2.931604897,0.02318489700000015,10838,True
28,Background,102400,2.90932,3.031277552,0.12195755200000002,10838,True
28,Background,10240,2.90947,2.918905067,0.009435067000000075,1087892,True
22,Background,102400,2.91228,3.910031391,0.997751391,1244,True
28,Background,10240,2.91228,3.628186397,0.7159063969999999,106400,True
23,Background,1024,2.91281,2.95819595,0.04538595000000001,10838,True
24,Background,102400,2.91312,2.960221923,0.047101923000000046,106400,True
36,Background,102400,2.91377,3.049264562,0.13549456199999987,10838,True
35,Background,102400,2.91398,3.204450012,0.2904700120000001,108768230,True
27,Background,10240,2.91673,2.959221197,0.04249119700000037,10838,True
28,Background,102400,2.92027,2.943928112,0.02365811200000012,10838,True
23,Background,10240,2.92098,3.018460238,0.09748023799999972,10838,True
25,Background,1024,2.92201,2.960221923,0.03821192299999998,106400,True
29,Background,1024,2.92204,3.321144597,0.399104597,1087892,True
29,Background,102400,2.92293,2.943928112,0.020998112000000013,10838,True
23,Background,1024,2.92341,3.129191001,0.20578100100000007,106400,True
35,Background,10240,2.92484,3.12535439,0.20051438999999993,10838,True
32,Background,10240,2.92526,3.054159283,0.12889928299999998,10838,True
40,Background,10240,2.92536,3.278083996,0.35272399599999993,1244,True
28,Background,1024,2.92596,3.178558836,0.2525988360000002,106400,True
29,Background,10240,2.928,3.311922307,0.3839223070000002,1087892,True
32,Background,1024,2.92853,2.953983918,0.025453918000000186,106400,True
30,Background,1024,2.92867,2.954211327,0.025541327000000003,1244,True
28,Background,102400,2.92993,2.96238915,0.03245914999999977,10838,True
25,Background,1024,2.93013,3.635145381,0.7050153809999999,108768230,True
29,Background,10240,2.93052,3.808875517,0.8783555170000001,108768230,True
27,Background,1024,2.93075,2.950189745,0.019439744999999675,10838,True
32,Background,1024,2.93367,3.114797523,0.1811275229999998,106400,True
31,Background,1024,2.93523,2.954211327,0.018981327000000103,1244,True
32,Background,10485760,2.93531,2.990962048,0.05565204800000023,10876994,True
21,Background,10240,2.93632,3.17208923,0.23576923000000027,106400,True
40,Background,10240,2.93688,2.965717885,0.028837885000000174,1244,True
29,Background,102400,2.93689,3.217133087,0.2802430870000001,10838,True
25,Background,10240,2.93728,2.940514627,0.003234627000000323,106400,True
33,Background,104857600,2.93742,3.294496954,0.35707695400000006,106400,True
35,Background,1048576,2.93747,3.232957243,0.2954872430000002,10838,True
28,Background,102400,2.93748,3.681112461,0.7436324610000002,1087892,True
37,Background,10240,2.93819,3.191850542,0.253660542,106400,True
27,Background,102400,2.93867,3.046639875,0.10796987499999977,10838,True
25,Background,10240,2.94036,3.184566563,0.2442065630000001,106400,True
31,Background,10485760,2.94096,3.109457754,0.1684977540000001,10838,True
33,Background,1024,2.94138,3.05242989,0.11104988999999987,106400,True
26,Background,102400,2.94171,3.196921631,0.2552116309999999,10876994,True
23,Background,102400,2.94176,3.910031391,0.968271391,1244,True
26,Background,102400,2.94359,3.058514386,0.11492438600000021,106400,True
40,Background,10485760,2.94413,3.292107454,0.347977454,108768230,True
22,Background,1048576,2.94583,3.17208923,0.22625923000000014,106400,True
34,Background,10485760,2.94821,3.133607818,0.18539781800000021,10838,True
20,Background,10240,2.94881,3.56961187,0.6208018700000002,106400,True
24,Background,10240,2.9502,3.129191001,0.17899100099999998,106400,True
29,Background,102400,2.95063,3.178558836,0.22792883600000025,106400,True
32,Background,102400,2.95151,3.001405775,0.049895774999999976,10876994,True
33,Background,102400,2.9518,2.990962048,0.039162048000000116,10876994,True
26,Background,10240,2.95233,3.054444595,0.1021145950000002,1087892,True
27,Background,1048576,2.95296,3.058514386,0.10555438600000011,106400,True
28,Background,10240,2.95302,3.058514386,0.10549438600000016,106400,True
24,Background,1048576,2.95333,3.144925977,0.19159597700000042,10838,True
30,Background,102400,2.95487,3.808875517,0.854005517,108768230,True
21,Background,10240,2.95587,2.975441422,0.01957142199999984,1087892,True
36,Background,10240,2.95598,3.232957243,0.27697724300000015,10838,True
30,Background,10240,2.95832,3.205300185,0.24698018499999996,10838,True
25,Background,10240,2.9593,2.970600687,0.011300687000000309,1087892,True
27,Background,102400,2.96025,3.054444595,0.09419459500000027,1087892,True
25,Background,102400,2.96162,3.132999235,0.1713792350000003,106400,True
25,Background,1024,2.96317,3.133224287,0.17005428700000014,1244,True
21,Background,1024,2.96342,3.56961187,0.60619187,106400,True
33,Background,10485760,2.96473,3.062252106,0.097522106,10838,True
41,Background,10240,2.96548,3.278083996,0.312603996,1244,True
29,Background,102400,2.96665,3.276530012,0.3098800119999998,106400,True
33,Background,10240,2.96822,3.054159283,0.08593928300000009,10838,True
36,Background,10240,2.97067,3.039605491,0.06893549099999996,1244,True
24,Background,102400,2.97139,3.163587687,0.19219768700000017,106400,True
36,Background,10485760,2.97228,3.204450012,0.2321700120000001,108768230,True
26,Background,102400,2.97299,3.157652499,0.1846624990000003,1087892,True
27,Background,1024,2.97305,3.196921631,0.22387163099999974,10876994,True
37,Background,1024,2.97441,3.160391183,0.185981183,106400,True
36,Background,1024,2.97616,3.266967119,0.29080711899999967,1087892,True
36,Background,102400,2.97777,3.383493812,0.4057238120000002,1087892,True
28,Background,1024,2.97837,3.046639875,0.06826987499999992,10838,True
29,Background,10240,2.98076,3.681112461,0.700352461,1087892,True
33,Background,10240,2.98143,2.988135552,0.0067055520000001145,10838,True
34,Background,102400,2.98146,3.037772571,0.05631257099999987,1087892,True
22,Background,104857600,2.98226,3.212606704,0.230346704,10838,True
29,Background,1048576,2.98318,3.008191643,0.025011643000000028,1087892,True
30,Background,102400,2.98349,3.308190588,0.3247005879999998,10838,True
32,Background,10240,2.98383,3.173721329,0.18989132899999994,10876994,True
27,Background,10240,2.98533,3.573375193,0.5880451930000001,1244,True
25,Background,102400,2.98627,3.086316009,0.10004600899999971,10876994,True
28,Background,102400,2.98695,3.900070418,0.9131204179999997,10838,True
23,Background,1048576,2.9876,3.133203426,0.1456034260000001,10876994,True
30,Background,10485760,2.98761,3.311922307,0.324312307,1087892,True
37,Background,102400,2.98858,3.049264562,0.06068456200000005,10838,True
27,Background,10485760,2.98861,3.157652499,0.16904249900000012,1087892,True
30,Background,1024,2.99045,3.607139452,0.6166894520000001,10838,True
32,Background,10485760,2.99127,3.422111785,0.4308417849999997,10838,True
34,Background,102400,2.99301,3.493105932,0.5000959320000002,108768230,True
26,Background,10485760,2.99359,3.184566563,0.190976563,106400,True
24,Background,102400,2.99407,3.140659097,0.1465890970000001,1087892,True
25,Background,1048576,2.99543,3.140659097,0.14522909700000008,1087892,True
28,Background,102400,2.99565,3.085322342,0.08967234200000007,1244,True
29,Background,102400,2.99677,3.085322342,0.08855234199999984,1244,True
23,Background,1048576,2.99723,3.2544775,0.2572475000000001,10838,True
29,Background,10485760,2.99808,3.046639875,0.04855987500000003,10838,True
24,Background,1024,2.99858,3.008103472,0.009523472000000144,1244,True
25,Background,10485760,3.002,3.008103472,0.006103472000000387,1244,True
27,Background,10485760,3.00214,3.184566563,0.18242656300000037,106400,True
25,Background,102400,3.00309,3.129191001,0.12610100100000032,106400,True
30,Background,1048576,3.0035,3.178558836,0.17505883600000027,106400,True
28,Background,1048576,3.00381,3.005056695,0.0012466949999998533,106400,True
31,Background,10240,3.00678,3.142892632,0.13611263200000012,106400,True
35,Background,102400,3.00942,3.493105932,0.4836859320000002,108768230,True
32,Background,10240,3.01125,3.024471716,0.013221715999999883,106400,True
31,Background,1024,3.01129,3.205300185,0.19401018500000022,10838,True
29,Background,1024,3.01247,3.038884575,0.026414574999999996,1087892,True
30,Background,10240,3.01295,3.100912811,0.08796281100000014,1087892,True
32,Background,10485760,3.01397,3.142892632,0.1289226320000001,106400,True
29,Background,1048576,3.01437,3.267756568,0.2533865679999998,10876994,True
35,Background,102400,3.01443,3.331227501,0.3167975009999999,1244,True
20,Background,10240,3.01484,3.139564916,0.12472491599999991,1244,True
28,Background,102400,3.01529,3.573375193,0.5580851930000001,1244,True
37,Background,10240,3.01535,3.039605491,0.024255490999999907,1244,True
26,Background,102400,3.01576,3.091371249,0.0756112489999996,1244,True
28,Background,1048576,3.0164,3.196921631,0.18052163099999996,10876994,True
31,Background,1048576,3.01656,3.311922307,0.295362307,1087892,True
34,Background,1024,3.01957,3.173216495,0.15364649500000027,10876994,True
22,Background,1048576,3.02092,3.56961187,0.5486918700000003,106400,True
28,Background,102400,3.02103,3.104595561,0.0835655609999999,106400,True
34,Background,10485760,3.02253,3.062252106,0.0397221059999997,10838,True
29,Background,102400,3.02259,3.235785293,0.21319529300000006,106400,True
26,Background,10485760,3.02319,3.413171028,0.3899810279999998,10838,True
33,Background,1048576,3.02394,3.422111785,0.3981717849999997,10838,True
35,Background,1048576,3.02562,3.062252106,0.03663210599999989,10838,True
26,Background,1048576,3.02604,3.140659097,0.11461909699999984,1087892,True
23,Background,104857600,3.0263,3.17208923,0.1457892300000001,106400,True
36,Background,1048576,3.02659,3.083284028,0.056694027999999896,1244,True
26,Background,102400,3.0277,3.410199163,0.3824991630000003,106400,True
26,Background,104857600,3.02916,3.086316009,0.05715600899999984,10876994,True
31,Background,1048576,3.02991,3.288064391,0.2581543909999997,10838,True
26,Background,10240,3.03072,3.354148612,0.32342861199999984,10838,True
18,Background,1024,3.03109,3.343589069,0.31249906900000024,108768230,True
29,Background,1048576,3.03136,3.077427,0.0460670000000003,10876994,True
26,Background,102400,3.03142,3.083549827,0.05212982700000035,10876994,True
30,Background,1024,3.03286,3.321144597,0.2882845970000001,1087892,True
27,Background,1024,3.03448,3.083549827,0.04906982700000029,10876994,True
36,Background,10240,3.03451,3.051985891,0.017475891000000132,106400,True
34,Background,1024,3.03454,3.294496954,0.2599569540000002,106400,True
27,Background,10240,3.03491,3.992784591,0.9578745909999999,10876994,True
34,Background,102400,3.03501,3.105394162,0.07038416199999986,10876994,True
35,Background,102400,3.0351,3.173216495,0.13811649500000023,10876994,True
29,Background,10240,3.03631,3.121398348,0.0850883480000002,10838,True
28,Background,10240,3.03964,3.157652499,0.11801249900000021,1087892,True
33,Background,1024,3.03982,3.225191412,0.18537141199999985,106400,True
34,Background,10240,3.04044,3.111073699,0.07063369900000005,1087892,True
41,Background,102400,3.04089,3.292107454,0.25121745399999984,108768230,True
29,Background,10240,3.04129,3.573375193,0.5320851929999999,1244,True
21,Background,102400,3.04169,3.129718294,0.0880282939999999,106400,True
25,Background,1048576,3.04172,3.144925977,0.103205977,10838,True
30,Background,10240,3.04191,3.121398348,0.07948834799999993,10838,True
29,Background,102400,3.04298,3.129971887,0.08699188699999993,1087892,True
25,Background,10485760,3.04426,3.69687315,0.6526131500000001,108768230,True
28,Background,1048576,3.04528,3.992784591,0.947504591,10876994,True
36,Background,102400,3.0455,3.173216495,0.12771649500000004,10876994,True
26,Background,104857600,3.0464,3.69687315,0.6504731499999998,108768230,True
29,Background,102400,3.04884,3.104595561,0.05575556099999979,106400,True
27,Background,10240,3.04909,3.130326007,0.08123600699999978,10838,True
37,Background,1048576,3.04988,3.383493812,0.3336138120000003,1087892,True
30,Background,10485760,3.04992,3.077427,0.027506999999999948,10876994,True
27,Background,102400,3.04997,3.091371249,0.04140124899999975,1244,True
28,Background,102400,3.05262,3.083549827,0.03092982700000002,10876994,True
29,Background,1048576,3.05357,3.196921631,0.1433516309999998,10876994,True
38,Background,102400,3.05368,3.160391183,0.10671118300000026,106400,True
39,Background,1024,3.05446,3.160391183,0.10593118300000004,106400,True
36,Background,1024,3.05472,3.062252106,0.007532105999999761,10838,True
24,Background,1048576,3.05657,3.133203426,0.07663342600000034,10876994,True
32,Background,1048576,3.05689,3.109457754,0.05256775400000002,10838,True
34,Background,1024,3.05743,3.530388529,0.472958529,106400,True
26,Background,10240,3.05765,3.133224287,0.0755742869999998,1244,True
30,Background,1024,3.05818,3.276530012,0.2183500119999997,106400,True
24,Background,1048576,3.05901,3.910031391,0.8510213910000002,1244,True
37,Background,10240,3.05993,3.149013889,0.08908388899999986,1244,True
22,Background,102400,3.06038,3.186259184,0.12587918399999998,10838,True
28,Background,1024,3.06061,3.091371249,0.03076124899999977,1244,True
28,Background,1048576,3.06087,3.313112741,0.2522427409999999,108768230,True
26,Background,1048576,3.06338,3.635145381,0.5717653810000001,108768230,True
29,Background,1024,3.06402,3.111821839,0.0478018389999999,106400,True
24,Background,102400,3.0642,3.17208923,0.10788923000000006,106400,True
26,Background,1048576,3.06466,3.267844608,0.20318460799999993,10876994,True
30,Background,1024,3.06494,3.174793757,0.10985375700000022,106400,True
29,Background,102400,3.06546,3.091371249,0.02591124899999997,1244,True
25,Background,102400,3.06548,3.17208923,0.10660923000000011,106400,True
30,Background,1048576,3.06593,3.361210318,0.2952803180000001,10838,True
35,Background,102400,3.06695,3.111073699,0.044123699000000016,1087892,True
32,Background,1024,3.06822,3.288064391,0.21984439099999964,10838,True
29,Background,102400,3.07008,3.24002529,0.16994529000000025,106400,True
38,Background,1024,3.07054,3.188200343,0.11766034300000028,106400,True
40,Background,10240,3.07056,3.172732739,0.10217273900000023,106400,True
31,Background,102400,3.07077,3.073207314,0.0024373139999998017,10838,True
27,Background,10240,3.07167,3.133224287,0.061554286999999874,1244,True
33,Background,102400,3.07172,3.137010595,0.065290595,1087892,True
31,Background,10240,3.07268,3.276530012,0.20385001199999975,106400,True
30,Background,10240,3.07357,3.267756568,0.19418656799999967,10876994,True
30,Background,102400,3.0757,3.196921631,0.12122163100000005,10876994,True
40,Background,1024,3.07622,3.160391183,0.08417118300000004,106400,True
20,Background,10240,3.07802,3.286736742,0.208716742,106400,True
32,Background,1024,3.07869,3.205300185,0.1266101850000001,10838,True
29,Background,10240,3.07979,3.299117989,0.21932798899999995,106400,True
37,Background,1024,3.08001,3.426481581,0.34647158099999986,106400,True
33,Background,1048576,3.08074,3.288064391,0.20732439099999977,10838,True
35,Background,102400,3.08121,3.105394162,0.024184162000000065,10876994,True
37,Background,1048576,3.08138,3.196420533,0.11504053300000017,10838,True
27,Background,1024,3.08205,3.267844608,0.1857946079999997,10876994,True
29,Background,1048576,3.08229,3.992784591,0.910494591,10876994,True
31,Background,102400,3.0823,3.808875517,0.7265755170000001,108768230,True
30,Background,1048576,3.08362,3.129971887,0.04635188700000015,1087892,True
21,Background,10240,3.08406,3.286736742,0.20267674199999997,106400,True
35,Background,102400,3.08408,3.139753156,0.05567315599999967,1244,True
23,Background,102400,3.08515,3.455287656,0.3701376559999998,10838,True
32,Background,102400,3.08669,3.276530012,0.1898400119999999,106400,True
36,Background,10240,3.0867,3.331227501,0.24452750099999987,1244,True
28,Background,1024,3.09022,3.133224287,0.04300428700000003,1244,True
34,Background,102400,3.09033,3.103285874,0.0129558740000002,106400,True
22,Background,1024,3.09101,3.129718294,0.03870829400000009,106400,True
31,Background,10240,3.09234,3.100912811,0.008572811000000069,1087892,True
24,Background,10485760,3.09309,3.455287656,0.36219765599999976,10838,True
26,Background,1048576,3.09378,3.169739749,0.07595974899999991,10838,True
32,Background,10240,3.09405,3.229673124,0.13562312399999987,106400,True
26,Background,1024,3.09427,3.129190022,0.034920022000000106,1087892,True
26,Background,10240,3.09456,3.288564492,0.19400449199999992,106400,True
30,Background,10240,3.09627,3.299117989,0.2028479889999999,106400,True
26,Background,102400,3.09828,3.132999235,0.03471923500000029,106400,True
32,Background,10485760,3.09904,3.100912811,0.0018728110000001408,1087892,True
37,Background,1024,3.09973,3.173216495,0.07348649500000004,10876994,True
34,Background,102400,3.10082,3.288064391,0.18724439099999968,10838,True
27,Background,1048576,3.10247,3.287553506,0.18508350600000023,10838,True
22,Background,102400,3.10305,3.280867349,0.17781734900000012,106400,True
35,Background,10485760,3.10353,3.146742271,0.0432122709999998,1244,True
27,Background,102400,3.10444,3.288564492,0.18412449200000003,106400,True
30,Background,1048576,3.10445,3.388007792,0.28355779199999986,106400,True
35,Background,1024,3.10508,3.133607818,0.02852781800000015,10838,True
30,Background,1024,3.1065,3.217133087,0.11063308700000007,10838,True
26,Background,10485760,3.1065,3.328149289,0.22164928900000014,10838,True
32,Background,102400,3.10864,3.808875517,0.7002355170000003,108768230,True
36,Background,1048576,3.10898,3.307637328,0.19865732800000035,1087892,True
30,Background,10240,3.11149,3.132832923,0.02134292300000018,1087892,True
34,Background,10240,3.11257,3.225191412,0.1126214120000002,106400,True
28,Background,10240,3.11257,3.287553506,0.17498350600000023,10838,True
36,Background,102400,3.1126,3.198472042,0.08587204200000009,106400,True
26,Background,10240,3.11335,3.17208923,0.05873923000000003,106400,True
34,Background,102400,3.11392,3.137010595,0.023090595000000214,1087892,True
41,Background,1048576,3.11439,3.172732739,0.05834273899999998,106400,True
32,Background,10240,3.11606,3.311922307,0.19586230700000007,1087892,True
29,Background,1048576,3.11653,3.27672348,0.16019347999999978,1087892,True
30,Background,10485760,3.11722,3.329286033,0.2120660329999997,10838,True
33,Background,102400,3.11752,3.205300185,0.08778018500000018,10838,True
31,Background,10240,3.11781,3.308190588,0.19038058800000002,10838,True
22,Background,1048576,3.11807,3.286736742,0.1686667420000001,106400,True
28,Background,102400,3.11973,3.184102654,0.06437265400000003,106400,True
19,Background,1048576,3.12022,3.201208769,0.08098876899999974,1087892,True
30,Background,102400,3.12124,3.13266591,0.011425910000000261,1087892,True
33,Background,10240,3.12145,3.808875517,0.6874255170000003,108768230,True
27,Background,10240,3.12155,3.169739749,0.04818974900000006,10838,True
27,Background,102400,3.12261,3.17208923,0.04947923000000021,106400,True
29,Background,10240,3.12279,3.900070418,0.7772804179999997,10838,True
35,Background,1024,3.1242,3.137010595,0.012810594999999925,1087892,True
37,Background,10240,3.1247,3.266967119,0.142267119,1087892,True
23,Background,1048576,3.12487,3.286736742,0.16186674199999995,106400,True
36,Background,1024,3.12525,3.12535439,0.00010439000000017629,10838,True
31,Background,10240,3.12692,3.388007792,0.26108779199999965,106400,True
20,Background,10240,3.12789,3.201208769,0.07331876900000012,1087892,True
24,Background,10485760,3.12826,3.286736742,0.15847674199999995,106400,True
25,Background,102400,3.12848,3.455287656,0.3268076559999997,10838,True
33,Background,102400,3.12912,3.369065163,0.23994516300000024,106400,True
29,Background,104857600,3.12923,3.426242236,0.29701223600000004,10838,True
35,Background,10240,3.13086,3.530388529,0.3995285289999999,106400,True
35,Background,102400,3.13133,4.086415363,0.9550853630000002,10838,True
36,Background,1024,3.13167,3.133607818,0.0019378180000000356,10838,True
28,Background,102400,3.13301,3.288564492,0.15555449199999982,106400,True
27,Background,10240,3.13374,3.69687315,0.5631331500000001,108768230,True
25,Background,102400,3.13592,4.154932516,1.0190125159999996,10876994,True
27,Background,1024,3.13664,3.354148612,0.21750861200000005,10838,True
29,Background,10485760,3.13688,3.628186397,0.4913063969999998,106400,True
25,Background,1024,3.13706,3.286736742,0.14967674200000003,106400,True
41,Background,102400,3.13722,3.160391183,0.023171183000000095,106400,True
28,Background,102400,3.14017,3.851198474,0.7110284739999999,10838,True
30,Background,1024,3.14112,3.573375193,0.43225519300000004,1244,True
26,Background,10240,3.1417,3.286736742,0.14503674199999983,106400,True
37,Background,1024,3.14268,3.698544429,0.5558644290000001,106400,True
32,Background,102400,3.14338,3.165166726,0.021786725999999756,1244,True
27,Background,1048576,3.14356,3.286736742,0.14317674200000008,106400,True
36,Background,10240,3.14399,3.277699279,0.13370927900000007,10876994,True
30,Background,1048576,3.14441,3.992784591,0.8483745909999998,10876994,True
37,Background,10240,3.14523,3.216201262,0.07097126199999959,106400,True
28,Background,1024,3.14663,3.69687315,0.55024315,108768230,True
33,Background,102400,3.14677,3.153526772,0.006756772000000133,106400,True
37,Background,102400,3.14768,3.277699279,0.13001927900000032,10876994,True
32,Background,1024,3.1479,3.308190588,0.16029058800000007,10838,True
27,Background,1048576,3.14984,3.410199163,0.26035916299999995,106400,True
29,Background,10240,3.15057,3.69687315,0.54630315,108768230,True
42,Background,1048576,3.15063,3.278083996,0.12745399599999985,1244,True
30,Background,10485760,3.15353,3.27672348,0.12319347999999986,1087892,True
33,Background,102400,3.15439,3.165166726,0.010776726000000014,1244,True
41,Background,1024,3.15461,3.214860127,0.06025012700000021,10838,True
38,Background,10240,3.15669,3.216201262,0.059511261999999565,106400,True
27,Background,1048576,3.15696,3.328149289,0.17118928899999997,10838,True
34,Background,1024,3.15832,3.422111785,0.263791785,10838,True
36,Background,10485760,3.15929,4.086415363,0.9271253630000005,10838,True
23,Background,10240,3.16067,3.186259184,0.025589183999999765,10838,True
29,Background,104857600,3.16086,3.337848499,0.17698849900000013,1087892,True
25,Background,1048576,3.161,3.163587687,0.002587687000000116,106400,True
37,Background,10485760,3.16131,3.232957243,0.07164724300000014,10838,True
33,Background,1048576,3.16169,3.308190588,0.14650058799999988,10838,True
34,Background,102400,3.16225,3.205300185,0.04305018500000024,10838,True
26,Background,1024,3.16308,3.398793232,0.23571323200000016,106400,True
36,Background,10485760,3.16439,3.72474317,0.56035317,106400,True
36,Background,10240,3.1654,3.168205735,0.0028057349999999204,1087892,True
38,Background,10240,3.16553,3.242678214,0.07714821400000016,106400,True
31,Background,102400,3.16572,3.196921631,0.031201631000000063,10876994,True
29,Background,104857600,3.16599,3.189203177,0.02321317700000014,1244,True
36,Background,10485760,3.16653,4.049591555,0.8830615550000003,1244,True
35,Background,10240,3.16703,3.294496954,0.12746695399999997,106400,True
15,Background,1024,3.16805,3.582054949,0.4140049490000002,1244,True
29,Background,102400,3.16866,3.287553506,0.11889350600000004,10838,True
33,Background,102400,3.16902,3.260901431,0.09188143100000001,10838,True
30,Background,10240,3.16987,3.287553506,0.1176835060000001,10838,True
27,Background,1024,3.17133,3.32783844,0.15650843999999964,10838,True
36,Background,102400,3.17164,3.294496954,0.12285695399999996,106400,True
26,Background,1048576,3.17199,3.277182898,0.10519289799999987,10838,True
30,Background,102400,3.17211,3.735364208,0.563254208,106400,True
28,Background,10240,3.17272,3.32783844,0.15511843999999986,10838,True
24,Background,1048576,3.17405,3.220723042,0.04667304200000011,106400,True
31,Background,102400,3.17536,3.174793757,-0.0005662429999997443,106400,True
33,Background,102400,3.17548,3.276530012,0.10105001199999997,106400,True
27,Background,1024,3.17567,3.277182898,0.10151289799999974,10838,True
31,Background,102400,3.17577,3.217133087,0.04136308700000013,10838,True
31,Background,104857600,3.17587,3.299117989,0.12324798899999978,106400,True
23,Background,10240,3.1768,3.280867349,0.10406734900000014,106400,True
29,Background,1048576,3.17742,3.498233264,0.3208132639999999,10838,True
29,Background,1024,3.17915,3.217121045,0.037971044999999926,10876994,True
28,Background,102400,3.18184,3.267844608,0.0860046080000001,10876994,True
29,Background,1048576,3.18223,3.267844608,0.08561460799999976,10876994,True
30,Background,1024,3.18256,3.498233264,0.31567326399999995,10838,True
38,Background,10240,3.18282,3.698544429,0.515724429,106400,True
38,Background,10240,3.18309,3.224333831,0.041243831000000064,1087892,True
33,Background,1048576,3.18487,3.2978874,0.11301739999999993,106400,True
24,Background,102400,3.18549,3.346066358,0.1605763579999997,1087892,True
34,Background,102400,3.18574,3.260901431,0.07516143100000017,10838,True
30,Background,102400,3.18652,3.69687315,0.5103531500000003,108768230,True
38,Background,102400,3.18659,3.277699279,0.09110927900000032,10876994,True
31,Background,10240,3.18723,3.491857468,0.30462746800000007,1244,True
35,Background,10240,3.18776,3.205300185,0.017540185000000097,10838,True
23,Background,102400,3.18967,3.200755602,0.011085602000000083,106400,True
28,Background,102400,3.19232,3.333156133,0.14083613300000009,1087892,True
25,Background,1048576,3.19437,3.346066358,0.1516963579999997,1087892,True
39,Background,10485760,3.19479,3.216201262,0.021411261999999986,106400,True
29,Background,10485760,3.19543,3.288564492,0.0931344919999999,106400,True
28,Background,10240,3.19577,3.277182898,0.08141289799999996,10838,True
33,Background,10240,3.19666,3.311922307,0.11526230700000006,1087892,True
38,Background,1024,3.19727,3.232957243,0.035687242999999924,10838,True
30,Background,102400,3.1986,3.900070418,0.701470418,10838,True
31,Background,10240,3.19885,3.345328363,0.14647836299999994,10838,True
34,Background,10240,3.19936,3.276530012,0.07717001199999984,106400,True
30,Background,1048576,3.20023,3.288564492,0.08833449199999999,106400,True
32,Background,10485760,3.20096,3.237518092,0.036558092000000375,106400,True
37,Background,102400,3.20098,3.307637328,0.10665732800000027,1087892,True
37,Background,1048576,3.20174,3.331227501,0.12948750099999984,1244,True
35,Background,102400,3.20205,3.288064391,0.08601439099999997,10838,True
35,Background,10240,3.20268,3.225191412,0.022511412000000064,106400,True
24,Background,102400,3.2028,3.280867349,0.07806734900000034,106400,True
31,Background,1048576,3.20421,3.287553506,0.08334350600000029,10838,True
24,Background,10240,3.20425,3.912160222,0.7079102219999998,10838,True
30,Background,102400,3.20458,3.24002529,0.035445290000000185,106400,True
31,Background,1024,3.20619,3.24002529,0.033835290000000295,106400,True
33,Background,10240,3.2083,3.336110545,0.127810545,1087892,True
31,Background,102400,3.20945,3.267756568,0.05830656799999989,10876994,True
26,Background,1048576,3.20955,3.346066358,0.13651635799999973,1087892,True
24,Background,102400,3.21057,3.604180381,0.3936103809999998,1087892,True
23,Background,10240,3.2108,3.56961187,0.35881187000000025,106400,True
31,Background,102400,3.21171,3.573375193,0.3616651929999999,1244,True
31,Background,10485760,3.21217,3.25056563,0.038395630000000125,10838,True
31,Background,1024,3.21353,3.219169586,0.00563958600000003,1087892,True
27,Background,10240,3.21439,3.413171028,0.19878102799999997,10838,True
32,Background,10240,3.21477,3.246324642,0.03155464199999969,10876994,True
37,Background,1048576,3.21506,3.72474317,0.5096831700000002,106400,True
16,Background,102400,3.21537,3.582054949,0.36668494900000015,1244,True
38,Background,102400,3.21568,3.383493812,0.16781381200000034,1087892,True
30,Background,10240,3.2172,3.628186397,0.41098639699999984,106400,True
31,Background,1048576,3.21752,3.361210318,0.14369031799999998,10838,True
33,Background,10240,3.219,3.229673124,0.0106731240000002,106400,True
32,Background,1048576,3.21953,3.287553506,0.06802350600000029,10838,True
42,Background,10240,3.2201,3.316216918,0.09611691799999988,10838,True
26,Background,1048576,3.22111,4.146503382,0.9253933819999998,1244,True
27,Background,102400,3.22142,3.504398331,0.2829783309999998,10876994,True
32,Background,1024,3.2231,3.299117989,0.0760179889999999,106400,True
25,Background,10240,3.22342,3.280867349,0.05744734900000026,106400,True
27,Background,10240,3.22358,3.635145381,0.41156538099999995,108768230,True
23,Background,10485760,3.22414,3.252797623,0.02865762300000041,10838,True
34,Background,10240,3.22532,3.336110545,0.11079054499999996,1087892,True
37,Background,10240,3.22596,4.049591555,0.823631555,1244,True
30,Background,102400,3.22633,3.337848499,0.11151849900000022,1087892,True
37,Background,10240,3.22664,3.260604069,0.03396406900000004,106400,True
36,Background,1048576,3.22765,3.328327638,0.10067763800000007,10838,True
25,Background,1048576,3.22771,3.910031391,0.6823213909999999,1244,True
32,Background,1048576,3.22817,3.398024598,0.16985459800000013,106400,True
38,Background,10240,3.22878,3.426481581,0.19770158100000002,106400,True
33,Background,10485760,3.22889,3.240756978,0.011866978000000028,106400,True
31,Background,1024,3.22974,3.69687315,0.46713315,108768230,True
32,Background,1048576,3.23031,3.25056563,0.020255630000000302,10838,True
29,Background,10240,3.23064,3.32783844,0.09719843999999966,10838,True
28,Background,1024,3.23079,3.410199163,0.17940916300000032,106400,True
43,Background,10240,3.23081,3.278083996,0.04727399599999993,1244,True
36,Background,10240,3.23106,3.371798876,0.14073887600000035,1087892,True
30,Background,1048576,3.23307,3.592570835,0.35950083499999996,10838,True
37,Background,10240,3.23337,3.421964724,0.1885947240000001,1087892,True
34,Background,102400,3.23733,3.308190588,0.07086058799999995,10838,True
34,Background,102400,3.2375,3.240756978,0.0032569780000000215,106400,True
32,Background,1048576,3.23798,3.439775396,0.20179539600000007,1087892,True
37,Background,1048576,3.23914,3.279193666,0.04005366599999993,106400,True
38,Background,10240,3.23943,3.421964724,0.18253472399999993,1087892,True
30,Background,102400,3.24057,3.681112461,0.44054246100000016,1087892,True
36,Background,102400,3.24115,3.781631204,0.5404812039999998,10838,True
38,Background,102400,3.2421,3.292929254,0.050829253999999935,10838,True
30,Background,1048576,3.24217,3.344738381,0.10256838099999976,1087892,True
36,Background,1024,3.24405,3.491688739,0.2476387390000001,1244,True
35,Background,1048576,3.24422,3.336110545,0.09189054500000005,1087892,True
31,Background,1024,3.24534,3.344738381,0.09939838099999987,1087892,True
39,Background,102400,3.24685,3.250166527,0.003316527000000402,106400,True
35,Background,1024,3.24736,3.276530012,0.0291700119999998,106400,True
31,Background,10240,3.24771,3.343623718,0.09591371799999981,106400,True
21,Background,10240,3.2479,3.329270141,0.08137014099999984,10838,True
38,Background,102400,3.25056,3.331227501,0.08066750099999975,1244,True
33,Background,104857600,3.25072,3.418136836,0.16741683600000012,10838,True
36,Background,10240,3.25085,3.336110545,0.08526054500000013,1087892,True
27,Background,102400,3.25265,3.398793232,0.146143232,106400,True
37,Background,1048576,3.25323,4.086415363,0.8331853630000006,10838,True
32,Background,10240,3.25324,3.69687315,0.44363315000000014,108768230,True
38,Background,1024,3.25456,3.279193666,0.02463366599999972,106400,True
33,Background,10485760,3.25507,3.731091679,0.47602167900000003,108768230,True
38,Background,1048576,3.25593,3.260604069,0.004674069000000003,106400,True
28,Background,1024,3.25623,3.264192118,0.007962118000000018,106400,True
44,Background,10240,3.25627,3.278083996,0.02181399599999967,1244,True
28,Background,10240,3.25834,3.504398331,0.24605833099999996,10876994,True
28,Background,1048576,3.25834,3.354148612,0.0958086119999999,10838,True
32,Background,102400,3.25844,3.491857468,0.2334174680000003,1244,True
36,Background,10240,3.25959,3.276530012,0.016940011999999616,106400,True
32,Background,102400,3.26033,3.573375193,0.3130451929999998,1244,True
29,Background,1048576,3.26086,3.851198474,0.5903384739999997,10838,True
31,Background,1024,3.26106,3.628186397,0.3671263969999998,106400,True
31,Background,1048576,3.26142,3.27672348,0.015303479999999592,1087892,True
33,Background,1048576,3.26194,3.573375193,0.3114351929999999,1244,True
37,Background,1024,3.26231,3.371798876,0.10948887600000035,1087892,True
33,Background,102400,3.26378,3.782596182,0.5188161819999997,1087892,True
31,Background,10485760,3.26402,3.992784591,0.728764591,10876994,True
29,Background,10240,3.26408,3.333156133,0.06907613300000026,1087892,True
34,Background,102400,3.26445,3.418136836,0.15368683599999988,10838,True
35,Background,102400,3.26494,3.422111785,0.15717178499999962,10838,True
37,Background,1048576,3.2652,3.276530012,0.011330011999999723,106400,True
35,Background,102400,3.2654,3.286213522,0.020813522000000084,106400,True
31,Background,1048576,3.26589,3.900070418,0.6341804179999997,10838,True
30,Background,1048576,3.26653,3.271151768,0.004621768000000248,1087892,True
31,Background,10485760,3.267,3.498233264,0.2312332640000001,10838,True
37,Background,102400,3.26734,3.698617558,0.4312775580000001,108768230,True
33,Background,1024,3.2678,3.836370199,0.5685701990000003,10838,True
28,Background,10240,3.26923,3.494304279,0.2250742790000002,10838,True
32,Background,10485760,3.26943,3.992784591,0.7233545910000001,10876994,True
34,Background,102400,3.27096,3.369065163,0.09810516300000005,106400,True
34,Background,1048576,3.27349,3.731091679,0.45760167900000015,108768230,True
35,Background,1024,3.27359,3.731091679,0.45750167899999994,108768230,True
21,Background,102400,3.2742,3.549647254,0.2754472539999999,106400,True
24,Background,10240,3.27475,3.56961187,0.2948618700000001,106400,True
34,Background,10240,3.2749,3.836370199,0.561470199,10838,True
38,Background,10485760,3.27545,3.72474317,0.4492931699999998,106400,True
24,Background,1048576,3.27652,3.36928905,0.0927690499999998,1244,True
32,Background,1024,3.27858,3.388007792,0.10942779199999997,106400,True
33,Background,102400,3.27867,3.299117989,0.020447989,106400,True
36,Background,10485760,3.27966,3.288064391,0.008404391000000011,10838,True
31,Background,102400,3.28179,3.592570835,0.3107808350000001,10838,True
22,Background,10240,3.28188,3.329270141,0.04739014099999972,10838,True
21,Background,1024,3.28196,3.488561405,0.2066014049999998,1087892,True
33,Background,1048576,3.2829,3.439775396,0.15687539599999978,1087892,True
25,Background,10240,3.28334,3.912160222,0.6288202219999999,10838,True
39,Background,102400,3.28351,3.292929254,0.009419253999999988,10838,True
31,Background,1048576,3.28387,3.31358204,0.02971204000000016,106400,True
29,Background,102400,3.28561,3.494378153,0.20876815299999985,10838,True
26,Background,1048576,3.28707,3.912160222,0.6250902219999999,10838,True
40,Background,102400,3.28748,3.292929254,0.005449254000000181,10838,True
32,Background,10485760,3.28775,3.343623718,0.05587371799999996,106400,True
39,Background,102400,3.28948,3.42030094,0.13082094,10838,True
26,Background,1024,3.28966,3.455287656,0.16562765599999985,10838,True
27,Background,102400,3.29001,3.455287656,0.16527765599999977,10838,True
28,Background,1024,3.29005,3.398793232,0.10874323200000013,106400,True
30,Background,102400,3.29012,3.410649596,0.1205295959999999,1087892,True
31,Background,1048576,3.29025,3.482403962,0.1921539619999999,10838,True
29,Background,10485760,3.2905,3.410199163,0.11969916299999994,106400,True
34,Background,10240,3.29052,3.299117989,0.008597989000000084,106400,True
23,Background,10240,3.29178,3.329270141,0.0374901409999997,10838,True
33,Background,10240,3.29291,3.388007792,0.09509779199999979,106400,True
33,Background,10240,3.29369,3.505137975,0.211447975,1087892,True
35,Background,102400,3.29479,3.418136836,0.12334683600000007,10838,True
31,Background,102400,3.29502,3.321144597,0.026124596999999916,1087892,True
45,Background,10240,3.29518,3.454627,0.15944699999999967,1087892,True
43,Background,10240,3.2952,3.316216918,0.02101691799999994,10838,True
39,Background,1024,3.29613,3.569846683,0.2737166830000004,10838,True
24,Background,10240,3.29709,3.393351965,0.09626196500000006,10838,True
29,Background,102400,3.2989,3.455233199,0.15633319899999965,1244,True
26,Background,10240,3.3018,4.154932516,0.8531325159999996,10876994,True
26,Background,10485760,3.30202,3.343377057,0.04135705699999992,1087892,True
42,Background,102400,3.30379,3.305035334,0.0012453340000000424,106400,True
34,Background,10240,3.305,3.592524499,0.2875244989999999,106400,True
32,Background,1048576,3.3067,3.344738381,0.03803838099999979,1087892,True
27,Background,10240,3.30812,4.301669551,0.9935495509999996,106400,True
39,Background,102400,3.30846,3.698544429,0.39008442899999984,106400,True
32,Background,1048576,3.3086,3.628186397,0.3195863969999997,106400,True
30,Background,10240,3.30862,3.333156133,0.024536133000000238,1087892,True
32,Background,10240,3.30938,3.321144597,0.011764596999999988,1087892,True
28,Background,1048576,3.30949,3.455287656,0.14579765600000005,10838,True
30,Background,1048576,3.3096,3.410199163,0.10059916300000005,106400,True
30,Background,1048576,3.30979,3.455233199,0.1454431989999998,1244,True
28,Background,102400,3.30985,3.425778042,0.11592804200000018,10838,True
42,Background,10240,3.30988,3.434579392,0.12469939199999969,106400,True
22,Background,102400,3.31009,3.488561405,0.1784714049999998,1087892,True
25,Background,10240,3.31073,3.56961187,0.2588818700000002,106400,True
43,Background,102400,3.31084,3.312019005,0.0011790050000000107,1244,True
29,Background,10240,3.31105,3.504398331,0.19334833100000015,10876994,True
29,Background,102400,3.31128,3.494304279,0.18302427900000007,10838,True
33,Background,1048576,3.3119,3.343623718,0.031723717999999845,106400,True
36,Background,102400,3.31213,3.530388529,0.2182585290000003,106400,True
35,Background,102400,3.31244,3.369065163,0.05662516300000009,106400,True
39,Background,1048576,3.31264,3.579805995,0.26716599500000004,106400,True
40,Background,1024,3.31521,3.42030094,0.10509094000000019,10838,True
30,Background,10240,3.31655,3.32783844,0.011288439999999955,10838,True
30,Background,1048576,3.31706,4.201868276,0.8848082759999998,108768230,True
32,Background,10240,3.31903,3.417478207,0.09844820699999968,106400,True
31,Background,10485760,3.32016,3.337848499,0.017688499000000135,1087892,True
36,Background,10485760,3.32146,3.422111785,0.10065178499999972,10838,True
26,Background,1048576,3.32162,3.336745556,0.015125556000000095,1087892,True
37,Background,102400,3.32273,4.11920304,0.7964730400000004,108768230,True
30,Background,10485760,3.32358,3.380120608,0.056540607999999715,10876994,True
31,Background,1048576,3.32376,3.410199163,0.0864391630000001,106400,True
26,Background,10240,3.32481,3.910031391,0.5852213910000001,1244,True
35,Background,102400,3.32607,3.588375394,0.26230539399999975,106400,True
28,Background,1024,3.32619,3.433028196,0.106838196,10838,True
32,Background,102400,3.32778,3.498233264,0.17045326399999983,10838,True
41,Background,1048576,3.3281,3.457194927,0.12909492700000014,1087892,True
39,Background,102400,3.32853,3.383493812,0.054963812,1087892,True
33,Background,102400,3.32909,3.479193001,0.15010300100000018,1244,True
27,Background,102400,3.32913,4.154932516,0.8258025159999995,10876994,True
40,Background,10240,3.32943,3.569846683,0.2404166830000003,10838,True
46,Background,1048576,3.33123,3.454627,0.12339699999999976,1087892,True
38,Background,1048576,3.33226,3.6187413,0.2864812999999997,106400,True
42,Background,1024,3.33286,3.390107459,0.057247459000000056,106400,True
28,Background,102400,3.33341,3.482141493,0.14873149299999966,1087892,True
36,Background,10240,3.33438,3.753710551,0.4193305510000003,10838,True
39,Background,102400,3.33708,3.6187413,0.2816613000000001,106400,True
39,Background,10240,3.34011,3.422124308,0.08201430799999976,10876994,True
37,Background,10240,3.34016,3.494865523,0.15470552300000007,106400,True
32,Background,102400,3.34019,3.345328363,0.005138362999999924,10838,True
30,Background,102400,3.34107,3.851198474,0.5101284739999996,10838,True
43,Background,1024,3.34324,3.390107459,0.046867459,106400,True
24,Background,1024,3.34482,3.641246024,0.29642602400000007,1244,True
34,Background,10240,3.345,3.73889912,0.39389911999999994,106400,True
37,Background,102400,3.34624,3.753710551,0.4074705510000003,10838,True
29,Background,10240,3.34713,3.398793232,0.051663232000000114,106400,True
32,Background,102400,3.34758,3.497730638,0.1501506380000004,106400,True
37,Background,102400,3.34768,3.422111785,0.0744317849999998,10838,True
33,Background,102400,3.34891,3.498233264,0.14932326399999996,10838,True
41,Background,102400,3.34962,3.569846683,0.22022668300000037,10838,True
34,Background,1048576,3.34992,3.419827431,0.06990743099999985,106400,True
34,Background,1048576,3.35072,3.548137717,0.197417717,1087892,True
34,Background,104857600,3.35092,3.552281702,0.20136170200000025,10838,True
30,Background,102400,3.35101,3.426242236,0.07523223600000017,10838,True
32,Background,102400,3.3522,3.726172357,0.373972357,1244,True
25,Background,1024,3.35293,3.49312567,0.14019566999999977,106400,True
31,Background,102400,3.35318,3.426242236,0.07306223600000017,10838,True
31,Background,1048576,3.3533,3.501237,0.1479370000000002,10838,True
37,Background,10240,3.35522,3.781631204,0.4264112039999999,10838,True
44,Background,10240,3.35547,3.363197757,0.007727757000000057,10838,True
25,Background,10240,3.35558,3.604180381,0.24860038100000015,1087892,True
39,Background,1048576,3.35667,3.414160723,0.057490723000000354,10838,True
41,Background,104857600,3.35854,3.42030094,0.0617609400000001,10838,True
29,Background,1048576,3.35899,3.433028196,0.07403819600000006,10838,True
27,Background,10240,3.35902,3.77246031,0.4134403099999999,106400,True
35,Background,1024,3.35914,3.780014702,0.4208747019999999,106400,True
31,Background,10485760,3.36035,3.455233199,0.09488319899999986,1244,True
26,Background,1048576,3.36139,3.49312567,0.13173566999999986,106400,True
27,Background,10240,3.36184,3.99556059,0.6337205900000003,1244,True
42,Background,1048576,3.363,3.457194927,0.0941949270000002,1087892,True
33,Background,102400,3.36359,3.497730638,0.1341406380000003,106400,True
32,Background,10240,3.36393,3.426242236,0.062312236000000354,10838,True
33,Background,102400,3.36417,3.398024598,0.033854598000000014,106400,True
37,Background,102400,3.3645,3.491688739,0.12718873900000016,1244,True
28,Background,10240,3.36493,3.77246031,0.40753030999999984,106400,True
43,Background,10240,3.36709,3.434579392,0.0674893919999997,106400,True
28,Background,102400,3.36726,3.520998517,0.1537385170000003,106400,True
40,Background,102400,3.36745,3.414160723,0.04671072300000034,10838,True
33,Background,1048576,3.36787,3.491857468,0.12398746800000016,1244,True
34,Background,102400,3.36835,3.439775396,0.07142539599999997,1087892,True
32,Background,10240,3.36905,3.618403752,0.24935375199999976,106400,True
40,Background,1048576,3.37422,3.494403988,0.12018398799999996,1244,True
29,Background,10240,3.3743,3.455287656,0.08098765600000002,10838,True
35,Background,104857600,3.37457,3.592524499,0.2179544990000002,106400,True
35,Background,102400,3.37479,3.41066741,0.03587740999999989,1087892,True
36,Background,10240,3.37557,3.41066741,0.03509740999999966,1087892,True
27,Background,10240,3.37809,3.49312567,0.11503567000000015,106400,True
31,Background,1024,3.37913,3.851198474,0.47206847399999985,10838,True
34,Background,1048576,3.38007,3.782596182,0.4025261819999999,1087892,True
38,Background,1024,3.38014,3.421934885,0.04179488500000028,106400,True
39,Background,102400,3.38188,3.72474317,0.3428631699999998,106400,True
35,Background,1024,3.38371,3.782596182,0.3988861819999996,1087892,True
33,Background,104857600,3.38461,3.594306423,0.20969642300000002,10838,True
34,Background,102400,3.38621,3.594306423,0.20809642299999975,10838,True
30,Background,1024,3.38767,3.398793232,0.011123232000000094,106400,True
33,Background,102400,3.38775,3.601192916,0.21344291599999998,1087892,True
37,Background,102400,3.38785,3.761015008,0.3731650080000004,1087892,True
40,Background,10240,3.38861,3.579805995,0.19119599500000017,106400,True
33,Background,10240,3.3894,3.726172357,0.33677235699999963,1244,True
35,Background,10240,3.38954,3.548137717,0.1585977169999997,1087892,True
31,Background,10240,3.38979,3.607139452,0.2173494520000001,10838,True
44,Background,10240,3.39019,3.390107459,-8.2540999999825e-05,106400,True
42,Background,10240,3.39077,3.569846683,0.17907668300000035,10838,True
32,Background,10240,3.39129,3.482403962,0.09111396199999966,10838,True
38,Background,1048576,3.39262,3.455896097,0.06327609700000014,106400,True
41,Background,1048576,3.3939,3.414160723,0.020260723000000258,10838,True
38,Background,1024,3.39397,3.506551012,0.11258101200000015,1087892,True
34,Background,1024,3.39427,3.426697656,0.03242765599999986,1087892,True
36,Background,10240,3.39542,3.588375394,0.19295539399999972,106400,True
39,Background,1048576,3.39588,3.421934885,0.026054885000000194,106400,True
41,Background,1048576,3.39601,3.494403988,0.09839398800000021,1244,True
23,Background,1048576,3.39613,3.488561405,0.09243140500000013,1087892,True
27,Background,10485760,3.39866,3.910031391,0.511371391,1244,True
33,Background,1048576,3.39956,3.426242236,0.02668223600000008,10838,True
29,Background,1048576,3.40017,3.425778042,0.025608041999999998,10838,True
40,Background,10485760,3.40037,3.440719239,0.04034923899999976,106400,True
35,Background,1048576,3.40163,3.439775396,0.038145396,1087892,True
37,Background,10240,3.4022,3.573204528,0.1710045280000001,10838,True
30,Background,1048576,3.40264,3.504398331,0.10175833100000009,10876994,True
36,Background,10240,3.40317,3.592524499,0.18935449900000023,106400,True
38,Background,102400,3.40322,3.491688739,0.08846873900000007,1244,True
32,Background,10240,3.40692,3.900070418,0.4931504179999999,10838,True
35,Background,1024,3.4077,3.552281702,0.14458170199999998,10838,True
34,Background,1048576,3.40775,3.479193001,0.071443001,1244,True
38,Background,1048576,3.40833,3.753710551,0.3453805510000003,10838,True
30,Background,102400,3.40833,3.425778042,0.017448042000000274,10838,True
34,Background,102400,3.40844,3.726172357,0.3177323569999997,1244,True
40,Background,10240,3.40881,3.457268768,0.04845876800000015,10838,True
39,Background,104857600,3.40889,3.491688739,0.08279873900000023,1244,True
34,Background,1048576,3.40953,3.497730638,0.088200638,106400,True
47,Background,10240,3.41001,3.454627,0.044616999999999685,1087892,True
35,Background,102400,3.41003,3.73889912,0.32886912000000024,106400,True
35,Background,10240,3.41283,3.726172357,0.3133423569999998,1244,True
32,Background,102400,3.41381,3.501237,0.08742700000000037,10838,True
27,Background,1048576,3.41407,3.912160222,0.49809022199999964,10838,True
36,Background,102400,3.41441,3.782596182,0.36818618199999964,1087892,True
39,Background,102400,3.41565,3.678777079,0.2631270790000002,1087892,True
38,Background,10240,3.41652,3.446601368,0.030081368000000275,106400,True
38,Background,1024,3.41699,4.086415363,0.6694253630000002,10838,True
27,Background,1024,3.41779,3.975500134,0.5577101339999997,106400,True
40,Background,10240,3.41918,3.698544429,0.27936442900000014,106400,True
29,Background,102400,3.41965,3.77246031,0.3528103100000002,106400,True
33,Background,1048576,3.42115,3.482403962,0.061253961999999884,10838,True
29,Background,102400,3.42155,3.482141493,0.060591492999999996,1087892,True
45,Background,10240,3.42179,3.523798524,0.10200852399999993,10838,True
32,Background,102400,3.42202,3.558001144,0.13598114400000005,106400,True
46,Background,102400,3.42222,3.523798524,0.10157852400000023,10838,True
31,Background,102400,3.42333,3.505262868,0.08193286799999999,1244,True
40,Background,1048576,3.4236,3.444069796,0.020469795999999985,106400,True
34,Background,10240,3.42407,3.518920247,0.09485024700000011,1087892,True
36,Background,10240,3.42489,3.439775396,0.01488539599999994,1087892,True
25,Background,1024,3.42516,3.641246024,0.216086024,1244,True
42,Background,10240,3.42533,3.863907591,0.4385775909999996,1244,True
35,Background,1024,3.42918,3.479193001,0.050013000999999946,1244,True
28,Background,1048576,3.43051,4.301669551,0.8711595509999999,106400,True
32,Background,1048576,3.43265,3.617747508,0.1850975079999997,1087892,True
32,Background,1048576,3.43353,3.592570835,0.15904083499999988,10838,True
34,Background,10240,3.43424,3.573375193,0.139135193,1244,True
42,Background,1024,3.43502,3.535029016,0.100009016,1087892,True
32,Background,1024,3.43717,3.505262868,0.06809286799999992,1244,True
37,Background,102400,3.43804,3.633023337,0.19498333700000003,1087892,True
28,Background,10240,3.43808,3.912160222,0.474080222,10838,True
37,Background,104857600,3.43896,3.530388529,0.09142852900000031,106400,True
33,Background,1024,3.43983,3.501237,0.06140699999999999,10838,True
25,Background,1048576,3.44209,4.289866644,0.8477766440000001,106400,True
43,Background,102400,3.44263,3.457194927,0.014564927000000338,1087892,True
33,Background,1024,3.44483,3.617747508,0.17291750799999983,1087892,True
27,Background,1048576,3.44623,4.112308589,0.6660785890000005,1244,True
38,Background,1048576,3.44679,4.11920304,0.6724130400000004,108768230,True
36,Background,1024,3.44777,3.813412313,0.3656423130000004,10838,True
25,Background,10240,3.44851,4.042492497,0.5939824969999994,10838,True
38,Background,102400,3.44867,3.573204528,0.12453452800000031,10838,True
26,Background,10240,3.44964,3.56961187,0.11997187000000009,106400,True
41,Background,10240,3.45015,3.579805995,0.12965599500000025,106400,True
32,Background,10485760,3.45143,3.778364516,0.3269345159999997,1087892,True
36,Background,1024,3.45203,3.557310053,0.10528005299999998,10838,True
39,Background,10485760,3.45395,3.506551012,0.052601012000000225,1087892,True
42,Background,1048576,3.45451,3.494403988,0.03989398800000021,1244,True
38,Background,102400,3.45456,3.599638319,0.145078319,106400,True
29,Background,1024,3.45489,3.520998517,0.06610851700000042,106400,True
30,Background,1048576,3.45574,3.725423564,0.26968356400000015,1244,True
17,Background,10240,3.45635,3.582054949,0.12570494900000018,1244,True
30,Background,10240,3.45714,3.77246031,0.31532031000000016,106400,True
35,Background,102400,3.45813,4.000810739,0.5426807390000001,10838,True
40,Background,10240,3.45862,3.491688739,0.0330687390000004,1244,True
33,Background,1024,3.45862,3.500151369,0.04153136900000032,10838,True
26,Background,104857600,3.45933,3.604180381,0.14485038099999992,1087892,True
39,Background,1048576,3.46087,3.573204528,0.11233452800000032,10838,True
39,Background,1048576,3.46175,3.506745703,0.04499570300000011,106400,True
33,Background,102400,3.46194,3.501605644,0.03966564400000028,1087892,True
34,Background,1024,3.46497,3.617747508,0.15277750799999978,1087892,True
18,Background,102400,3.46525,3.582054949,0.11680494900000005,1244,True
27,Background,10240,3.46575,4.146503382,0.6807533819999998,1244,True
38,Background,102400,3.46584,3.473261134,0.007421133999999885,1244,True
28,Background,102400,3.46613,4.146503382,0.6803733819999995,1244,True
31,Background,102400,3.46744,3.77246031,0.3050203100000002,106400,True
34,Background,104857600,3.46752,3.482403962,0.014883961999999862,10838,True
33,Background,1024,3.46789,3.757472244,0.289582244,106400,True
36,Background,1024,3.46839,4.44062863,0.9722386300000001,10838,True
37,Background,10240,3.46844,3.782596182,0.3141561819999996,1087892,True
48,Background,102400,3.46866,3.904014948,0.4353549480000001,10876994,True
34,Background,102400,3.46878,3.528061366,0.059281366,10838,True
31,Background,104857600,3.46888,3.681112461,0.21223246100000015,1087892,True
24,Background,10240,3.4696,3.488561405,0.01896140500000021,1087892,True
29,Background,1048576,3.4703,4.301669551,0.8313695509999999,106400,True
37,Background,10485760,3.47177,3.592524499,0.12075449900000024,106400,True
28,Background,102400,3.4721,3.49312567,0.021025669999999774,106400,True
42,Background,104857600,3.4726,3.579805995,0.10720599500000016,106400,True
38,Background,10485760,3.47261,3.633023337,0.16041333700000004,1087892,True
43,Background,1048576,3.47381,3.569846683,0.09603668300000034,10838,True
38,Background,1048576,3.4744,3.781631204,0.3072312039999998,10838,True
28,Background,102400,3.47463,3.975500134,0.5008701339999999,106400,True
41,Background,10240,3.47517,3.698544429,0.22337442900000015,106400,True
34,Background,10240,3.47538,3.501237,0.02585700000000024,10838,True
40,Background,10240,3.47631,3.678777079,0.20246707900000027,1087892,True
37,Background,10240,3.47635,4.44062863,0.9642786299999999,10838,True
35,Background,104857600,3.47671,3.573375193,0.09666519299999976,1244,True
26,Background,10240,3.47733,4.289866644,0.8125366440000001,106400,True
34,Background,102400,3.47898,3.57021872,0.09123872000000022,10838,True
32,Background,10240,3.47916,3.851198474,0.372038474,10838,True
33,Background,10240,3.48034,3.628186397,0.1478463969999999,106400,True
41,Background,1048576,3.48585,3.531106431,0.045256430999999875,10876994,True
41,Background,1024,3.48626,3.678777079,0.19251707899999992,1087892,True
34,Background,1024,3.48642,3.808875517,0.3224555170000003,108768230,True
39,Background,10240,3.48669,4.086415363,0.5997253630000006,10838,True
34,Background,102400,3.48736,3.498233264,0.010873264000000216,10838,True
30,Background,10240,3.48748,4.096995845,0.6095158450000002,10838,True
36,Background,1024,3.48824,3.73889912,0.25065912000000035,106400,True
39,Background,10240,3.48848,3.639935763,0.15145576299999997,1087892,True
29,Background,10240,3.48859,3.912160222,0.42357022199999994,10838,True
28,Background,1024,3.49038,3.910031391,0.41965139099999993,1244,True
39,Background,1024,3.49056,3.59666,0.10610000000000008,106400,True
35,Background,102400,3.49081,3.518920247,0.028110246999999866,1087892,True
37,Background,1048576,3.49231,3.813412313,0.32110231300000036,10838,True
29,Background,10485760,3.49257,4.146503382,0.6539333819999995,1244,True
30,Background,102400,3.49274,4.146503382,0.6537633819999997,1244,True
26,Background,1048576,3.49316,4.042492497,0.5493324969999995,10838,True
28,Background,102400,3.49343,4.112308589,0.6188785890000004,1244,True
38,Background,1048576,3.49421,4.44062863,0.9464186300000001,10838,True
31,Background,102400,3.49511,4.146503382,0.6513933819999997,1244,True
38,Background,1048576,3.49514,3.761015008,0.2658750080000001,1087892,True
34,Background,1048576,3.49615,3.730082777,0.2339327769999997,106400,True
39,Background,102400,3.49668,3.55942631,0.06274631000000008,10876994,True
29,Background,1048576,3.49851,3.695581772,0.19707177200000014,10876994,True
38,Background,1048576,3.49851,3.592524499,0.09401449900000003,106400,True
31,Background,10240,3.50421,3.568624016,0.06441401599999974,10838,True
40,Background,1048576,3.50501,3.6187413,0.11373129999999998,106400,True
39,Background,1048576,3.50533,3.781631204,0.27630120400000013,10838,True
31,Background,102400,3.50619,3.981500322,0.4753103219999999,10838,True
35,Background,1024,3.50628,3.594306423,0.08802642300000008,10838,True
36,Background,1024,3.507,3.573375193,0.06637519299999983,1244,True
40,Background,1048576,3.50882,3.834309711,0.3254897109999999,108768230,True
32,Background,10240,3.509,4.052932939,0.5439329389999998,106400,True
35,Background,10485760,3.51,3.836370199,0.3263701990000003,10838,True
37,Background,1024,3.5103,3.73889912,0.22859912000000016,106400,True
40,Background,1048576,3.51045,3.781631204,0.2711812039999999,10838,True
32,Background,10485760,3.51164,3.77246031,0.26082031000000017,106400,True
43,Background,104857600,3.51196,3.535029016,0.023069015999999998,1087892,True
32,Background,1024,3.51233,3.553262731,0.04093273099999983,10838,True
38,Background,102400,3.51263,3.782596182,0.26996618199999967,1087892,True
33,Background,102400,3.51281,3.618403752,0.10559375199999987,106400,True
41,Background,10485760,3.51365,3.781631204,0.2679812039999998,10838,True
31,Background,1024,3.51392,3.725423564,0.21150356400000003,1244,True
41,Background,102400,3.51416,3.543173235,0.02901323499999986,106400,True
34,Background,1024,3.51545,3.584964873,0.06951487300000014,106400,True
35,Background,102400,3.51585,3.57021872,0.05436872000000026,10838,True
49,Background,102400,3.51638,3.904014948,0.3876349480000001,10876994,True
43,Background,1048576,3.51971,3.987356844,0.4676468439999999,1087892,True
33,Background,104857600,3.52112,3.88602413,0.3649041300000002,10838,True
36,Background,1048576,3.52113,3.786293385,0.26516338500000014,1087892,True
50,Background,1048576,3.52145,3.904014948,0.38256494799999974,10876994,True
37,Background,102400,3.5215,3.588375394,0.06687539399999975,106400,True
37,Background,1048576,3.52163,3.688712433,0.16708243300000003,106400,True
35,Background,1048576,3.52167,3.584964873,0.06329487300000025,106400,True
39,Background,1048576,3.52247,4.11920304,0.5967330400000002,108768230,True
42,Background,1048576,3.52486,3.698544429,0.17368442900000014,106400,True
31,Background,1048576,3.5261,4.096995845,0.5708958450000003,10838,True
30,Background,1024,3.52758,4.301669551,0.7740895509999999,106400,True
34,Background,10240,3.52839,3.628186397,0.09979639699999998,106400,True
36,Background,10240,3.52941,4.025186482,0.4957764819999997,10838,True
32,Background,102400,3.53163,3.725423564,0.19379356400000036,1244,True
45,Background,1048576,3.53222,3.736807698,0.20458769799999965,1087892,True
37,Background,102400,3.53286,3.786293385,0.2534333850000001,1087892,True
29,Background,10240,3.53286,3.910031391,0.3771713910000001,1244,True
22,Background,102400,3.53325,3.549647254,0.01639725400000014,106400,True
38,Background,1048576,3.53396,3.535973783,0.0020137830000002133,1087892,True
40,Background,1048576,3.53419,3.700130402,0.16594040199999993,1087892,True
42,Background,102400,3.53589,3.792847215,0.2569572149999999,106400,True
39,Background,1048576,3.53639,3.753710551,0.21732055100000025,10838,True
39,Background,102400,3.53707,3.633023337,0.09595333700000008,1087892,True
41,Background,1024,3.53736,3.754635978,0.21727597799999998,10838,True
31,Background,102400,3.53775,3.609115018,0.07136501799999984,10876994,True
26,Background,102400,3.53849,3.641246024,0.10275602400000006,1244,True
32,Background,10240,3.54014,3.681112461,0.14097246100000005,1087892,True
40,Background,102400,3.54025,3.72474317,0.1844931700000001,106400,True
28,Background,1024,3.54056,4.414658516,0.8740985160000001,106400,True
31,Background,10240,3.54233,3.854469842,0.31213984199999967,1087892,True
40,Background,102400,3.54482,3.573204528,0.02838452800000013,10838,True
33,Background,10240,3.54521,3.778364516,0.23315451599999992,1087892,True
40,Background,10240,3.5455,3.59666,0.05115999999999987,106400,True
23,Background,102400,3.54558,3.549647254,0.004067253999999743,106400,True
29,Background,102400,3.54594,3.975500134,0.4295601339999999,106400,True
30,Background,1048576,3.54677,3.695581772,0.14881177200000018,10876994,True
38,Background,1048576,3.54686,3.73889912,0.19203912,106400,True
39,Background,1024,3.54803,3.592524499,0.04449449900000024,106400,True
29,Background,1024,3.55002,4.112308589,0.5622885890000004,1244,True
39,Background,102400,3.55131,3.599638319,0.0483283189999999,106400,True
28,Background,1024,3.55132,3.99556059,0.44424059000000016,1244,True
35,Background,1048576,3.55259,3.812311675,0.2597216750000002,106400,True
34,Background,1048576,3.55395,3.597154835,0.04320483500000005,106400,True
38,Background,102400,3.55408,3.813412313,0.25933231300000026,10838,True
44,Background,102400,3.55486,3.641100929,0.08624092899999969,106400,True
36,Background,10240,3.55533,3.836370199,0.281040199,10838,True
43,Background,1024,3.55681,3.792847215,0.23603721500000008,106400,True
30,Background,102400,3.55756,4.112308589,0.5547485890000003,1244,True
29,Background,102400,3.55837,4.414658516,0.8562885160000002,106400,True
30,Background,10240,3.55892,3.750205427,0.19128542699999995,1087892,True
38,Background,102400,3.55907,3.588375394,0.02930539399999965,106400,True
40,Background,102400,3.55994,4.11920304,0.5592630400000003,108768230,True
39,Background,10240,3.56165,3.588375394,0.026725393999999625,106400,True
30,Background,1024,3.56213,3.975500134,0.413370134,106400,True
35,Background,10240,3.56288,3.617747508,0.054867508000000065,1087892,True
28,Background,1024,3.5634,3.920911663,0.3575116629999999,1244,True
40,Background,1048576,3.56355,3.588375394,0.024825393999999612,106400,True
41,Background,102400,3.56539,3.72474317,0.15935317000000015,106400,True
51,Background,10485760,3.56705,3.904014948,0.3369649479999999,10876994,True
36,Background,1048576,3.56751,3.69529895,0.12778895000000023,1244,True
36,Background,1048576,3.5682,3.812311675,0.24411167500000008,106400,True
36,Background,1024,3.56907,3.584964873,0.015894873000000143,106400,True
37,Background,1024,3.56961,3.812311675,0.24270167500000017,106400,True
26,Background,1024,3.57026,3.585807488,0.01554748799999972,106400,True
41,Background,102400,3.57046,4.11920304,0.5487430400000002,108768230,True
44,Background,1048576,3.57048,3.987356844,0.4168768439999999,1087892,True
37,Background,10240,3.57064,3.573375193,0.0027351929999999136,1244,True
36,Background,102400,3.57146,4.040706146,0.4692461459999997,10876994,True
32,Background,10240,3.57265,3.854469842,0.281819842,1087892,True
39,Background,1048576,3.57272,4.44062863,0.8679086300000001,10838,True
40,Background,102400,3.57295,3.721125431,0.14817543099999986,1244,True
33,Background,10240,3.57335,3.681112461,0.10776246100000009,1087892,True
29,Background,1024,3.5752,3.836020617,0.2608206169999998,1087892,True
27,Background,102400,3.57612,3.604180381,0.028060380999999968,1087892,True
29,Background,104857600,3.57645,3.99556059,0.4191105900000003,1244,True
30,Background,102400,3.5765,3.869719491,0.29321949100000033,10838,True
36,Background,1048576,3.57721,4.000810739,0.4236007390000003,10838,True
30,Background,1024,3.57811,4.189387844,0.6112778439999995,1087892,True
31,Background,10485760,3.57832,4.189387844,0.6110678439999995,1087892,True
44,Background,10240,3.57901,3.70994773,0.1309377300000003,106400,True
27,Background,1048576,3.57911,3.585807488,0.006697487999999918,106400,True
37,Background,102400,3.57964,3.836370199,0.25673019900000016,10838,True
27,Background,1048576,3.57991,4.042492497,0.46258249699999965,10838,True
44,Background,10240,3.58016,3.782328964,0.20216896400000017,10838,True
40,Background,102400,3.5809,4.044210787,0.4633107869999997,106400,True
37,Background,1024,3.5811,4.152157825,0.5710578249999996,106400,True
41,Background,1024,3.58132,3.721125431,0.1398054310000001,1244,True
36,Background,102400,3.58194,3.668750675,0.08681067500000017,106400,True
31,Background,1024,3.58285,4.112308589,0.5294585890000003,1244,True
32,Background,1048576,3.58305,3.83608681,0.2530368099999998,106400,True
40,Background,10240,3.58519,3.633023337,0.04783333700000014,1087892,True
29,Background,10240,3.58535,3.920911663,0.335561663,1244,True
29,Background,1048576,3.58562,3.744254493,0.1586344930000001,106400,True
32,Background,102400,3.58722,3.981500322,0.3942803220000002,10838,True
38,Background,102400,3.58738,3.688712433,0.10133243300000006,106400,True
42,Background,1048576,3.59014,4.11920304,0.5290630400000005,108768230,True
42,Background,104857600,3.59048,3.678777079,0.08829707900000017,1087892,True
33,Background,10240,3.59133,3.851198474,0.2598684739999997,10838,True
34,Background,10240,3.59189,3.851198474,0.259308474,10838,True
38,Background,1024,3.59353,3.786293385,0.19276338500000012,1087892,True
36,Background,102400,3.59419,3.780014702,0.18582470199999968,106400,True
31,Background,10485760,3.59454,3.869719491,0.2751794910000003,10838,True
39,Background,1048576,3.59478,3.761015008,0.16623500800000013,1087892,True
32,Background,1048576,3.59516,4.112308589,0.5171485890000005,1244,True
42,Background,10240,3.59615,3.721125431,0.12497543099999975,1244,True
30,Background,1024,3.5972,3.916362047,0.31916204699999984,106400,True
32,Background,102400,3.59721,4.096995845,0.49978584500000034,10838,True
35,Background,1024,3.59759,3.628186397,0.030596397000000053,106400,True
38,Background,10240,3.59831,4.049591555,0.451281555,1244,True
30,Background,1048576,3.59997,3.910031391,0.3100613910000001,1244,True
42,Background,10240,3.60059,3.754635978,0.15404597800000008,10838,True
28,Background,102400,3.60126,4.042492497,0.44123249699999967,10838,True
32,Background,102400,3.60146,3.685514053,0.08405405300000002,1087892,True
25,Background,10485760,3.60174,4.021563946,0.4198239459999997,10838,True
27,Background,102400,3.6036,3.641246024,0.037646023999999834,1244,True
33,Background,102400,3.60381,3.605642267,0.001832266999999721,106400,True
38,Background,1024,3.60401,4.152157825,0.5481478249999996,106400,True
41,Background,1048576,3.60525,3.732689259,0.12743925899999997,10876994,True
31,Background,102400,3.60534,4.301669551,0.6963295509999998,106400,True
43,Background,102400,3.60687,3.863907591,0.257037591,1244,True
33,Background,1048576,3.60927,3.992784591,0.38351459099999996,10876994,True
34,Background,1048576,3.61039,3.839026339,0.2286363389999999,10838,True
33,Background,1048576,3.61056,3.725423564,0.1148635640000002,1244,True
33,Background,104857600,3.61081,4.112308589,0.5014985890000005,1244,True
43,Background,102400,3.61182,4.11920304,0.5073830400000006,108768230,True
28,Background,1048576,3.61236,4.154932516,0.5425725159999999,10876994,True
41,Background,10485760,3.61278,4.044210787,0.43143078700000004,106400,True
33,Background,10240,3.61282,3.77246031,0.1596403099999999,106400,True
39,Background,102400,3.61323,4.049591555,0.43636155499999996,1244,True
32,Background,1048576,3.61376,3.869719491,0.25595949100000004,10838,True
39,Background,10240,3.61494,3.782596182,0.167656182,1087892,True
43,Background,10240,3.61615,3.754635978,0.13848597799999984,10838,True
30,Background,1048576,3.61845,4.414658516,0.7962085160000001,106400,True
29,Background,104857600,3.61898,4.154932516,0.5359525159999996,10876994,True
33,Background,102400,3.61977,3.981500322,0.3617303220000001,10838,True
44,Background,102400,3.62003,3.792847215,0.17281721500000025,106400,True
39,Background,1024,3.62034,3.786293385,0.1659533849999999,1087892,True
40,Background,10240,3.62104,3.753710551,0.13267055100000036,10838,True
24,Background,1024,3.62137,3.767678291,0.14630829099999998,106400,True
35,Background,10485760,3.62184,3.771347627,0.14950762699999975,10838,True
37,Background,102400,3.62197,4.025186482,0.4032164819999995,10838,True
40,Background,10240,3.62205,4.086415363,0.4643653630000002,10838,True
31,Background,10240,3.6224,3.975500134,0.35310013399999995,106400,True
39,Background,10240,3.62286,3.710767958,0.08790795799999973,10876994,True
39,Background,10240,3.62314,3.688968132,0.06582813200000004,10876994,True
33,Background,10240,3.62364,4.052932939,0.42929293899999976,106400,True
33,Background,1048576,3.62472,3.685514053,0.06079405299999996,1087892,True
31,Background,102400,3.62505,3.750205427,0.12515542700000015,1087892,True
52,Background,10485760,3.62521,3.904014948,0.2788049479999999,10876994,True
27,Background,10240,3.62602,4.138683425,0.512663425,10838,True
39,Background,10240,3.62604,4.152157825,0.5261178249999996,106400,True
35,Background,10485760,3.62682,4.467900194,0.8410801940000003,1087892,True
41,Background,102400,3.62717,3.730965866,0.10379586600000001,1244,True
27,Background,1048576,3.62719,4.289866644,0.6626766439999998,106400,True
33,Background,10240,3.62725,3.637231141,0.009981140999999916,1087892,True
37,Background,102400,3.62798,4.040706146,0.4127261459999998,10876994,True
25,Background,102400,3.62904,3.767678291,0.13863829100000036,106400,True
34,Background,10240,3.62966,3.881371071,0.2517110709999999,10876994,True
39,Background,10240,3.63023,3.656260879,0.026030878999999896,1244,True
38,Background,102400,3.63099,4.27789048,0.6469004799999998,106400,True
43,Background,10485760,3.63141,3.890755067,0.2593450670000004,106400,True
31,Background,10240,3.63331,3.916362047,0.283052047,106400,True
34,Background,1048576,3.63359,3.797522059,0.16393205899999996,106400,True
46,Background,10240,3.63526,3.736807698,0.10154769799999963,1087892,True
47,Background,102400,3.63577,3.736807698,0.10103769799999984,1087892,True
43,Background,10240,3.63636,3.721125431,0.08476543100000011,1244,True
37,Background,102400,3.63719,4.000810739,0.36362073900000036,10838,True
38,Background,1048576,3.6387,4.000810739,0.36211073900000024,10838,True
37,Background,102400,3.63928,3.750536061,0.11125606100000018,106400,True
42,Background,10240,3.63949,3.730965866,0.09147586600000013,1244,True
38,Background,102400,3.63951,3.750536061,0.11102606100000001,106400,True
41,Background,1048576,3.64092,3.910312574,0.2693925740000003,10838,True
37,Background,1024,3.64169,3.691943783,0.05025378300000005,1087892,True
26,Background,10485760,3.64193,4.021563946,0.3796339459999998,10838,True
38,Background,1024,3.64248,4.025186482,0.3827064819999997,10838,True
35,Background,104857600,3.64327,3.816255151,0.17298515100000023,1244,True
36,Background,10240,3.64351,3.779994852,0.13648485200000016,106400,True
40,Background,10240,3.64395,3.720805187,0.07685518700000005,106400,True
33,Background,102400,3.64444,3.83608681,0.19164680999999995,106400,True
35,Background,1048576,3.64453,4.079529067,0.43499906700000013,106400,True
34,Background,102400,3.6461,3.88602413,0.2399241299999999,10838,True
34,Background,1024,3.6465,3.866950434,0.22045043399999997,1087892,True
44,Background,10485760,3.64686,3.890755067,0.24389506699999997,106400,True
34,Background,1048576,3.64712,3.992784591,0.3456645909999998,10876994,True
39,Background,10240,3.64715,4.000810739,0.3536607390000004,10838,True
30,Background,102400,3.64716,3.674527395,0.027367395000000183,10838,True
43,Background,102400,3.64774,3.730965866,0.08322586599999982,1244,True
28,Background,1048576,3.649,3.652640271,0.0036402710000000837,1087892,True
41,Background,10240,3.64969,3.690603683,0.04091368299999987,10838,True
32,Background,102400,3.6506,4.189387844,0.5387878439999998,1087892,True
30,Background,10240,3.65129,3.744254493,0.0929644930000002,106400,True
33,Background,10240,3.65279,3.900070418,0.2472804179999999,10838,True
35,Background,10485760,3.65313,3.975299968,0.32216996799999986,1244,True
32,Background,10240,3.65652,3.750205427,0.09368542700000004,1087892,True
33,Background,10240,3.65752,3.854469842,0.19694984199999999,1087892,True
35,Background,10240,3.65791,3.797522059,0.13961205899999962,106400,True
31,Background,10240,3.65929,3.735364208,0.07607420800000009,106400,True
41,Background,10240,3.65945,3.874287936,0.2148379359999999,1244,True
44,Background,1024,3.6595,3.754635978,0.09513597800000007,10838,True
36,Background,1048576,3.66448,3.872678722,0.20819872199999967,1087892,True
34,Background,1048576,3.66646,3.900070418,0.23361041800000004,10838,True
31,Background,10485760,3.66665,4.414658516,0.7480085160000001,106400,True
40,Background,102400,3.6669,3.782596182,0.11569618199999976,1087892,True
36,Background,1024,3.66707,3.726172357,0.059102356999999994,1244,True
32,Background,10240,3.66781,4.146503382,0.4786933819999999,1244,True
30,Background,102400,3.66788,3.99556059,0.3276805900000004,1244,True
30,Background,1024,3.6683,4.154932516,0.4866325159999998,10876994,True
40,Background,102400,3.67169,3.786293385,0.11460338500000011,1087892,True
40,Background,10240,3.67408,4.152157825,0.47807782499999973,106400,True
29,Background,102400,3.67546,4.042492497,0.3670324969999994,10838,True
30,Background,10240,3.67871,3.920911663,0.2422016629999999,1244,True
43,Background,10240,3.6789,3.771917177,0.09301717700000012,10838,True
34,Background,102400,3.68084,3.69527925,0.014439250000000126,10838,True
42,Background,102400,3.68241,3.770687202,0.088277202,1087892,True
43,Background,10240,3.68389,3.770687202,0.08679720200000007,1087892,True
42,Background,1024,3.68427,3.874287936,0.19001793599999983,1244,True
28,Background,10240,3.68599,3.874248835,0.18825883500000007,10838,True
45,Background,1024,3.68609,3.754635978,0.06854597799999995,10838,True
32,Background,102400,3.68813,3.719267147,0.03113714699999992,10838,True
40,Background,10240,3.68824,3.831792204,0.14355220400000013,106400,True
42,Background,1024,3.6901,3.72474317,0.034643169999999834,106400,True
42,Background,102400,3.69038,3.781631204,0.09125120399999975,10838,True
40,Background,102400,3.6909,3.846475466,0.15557546599999972,10838,True
36,Background,10240,3.69183,3.764863466,0.07303346600000005,106400,True
28,Background,102400,3.6925,4.289866644,0.5973666440000001,106400,True
45,Background,102400,3.69291,3.987356844,0.2944468439999999,1087892,True
41,Background,10485760,3.69507,3.846475466,0.15140546599999993,10838,True
37,Background,10240,3.69722,3.947168692,0.2499486919999998,106400,True
37,Background,10485760,3.69937,3.872678722,0.1733087219999998,1087892,True
33,Background,102400,3.70021,3.783012007,0.08280200699999973,106400,True
43,Background,102400,3.70056,3.72474317,0.024183170000000143,106400,True
37,Background,1048576,3.70112,3.764863466,0.06374346600000003,106400,True
46,Background,10240,3.70244,3.987356844,0.2849168439999996,1087892,True
33,Background,102400,3.70301,4.146503382,0.44349338199999977,1244,True
31,Background,102400,3.70325,3.796452038,0.09320203799999982,1087892,True
34,Background,1048576,3.70555,3.77246031,0.06691030999999992,106400,True
36,Background,10240,3.706,3.975299968,0.2692999679999999,1244,True
34,Background,10240,3.70769,3.712172209,0.004482208999999848,10838,True
39,Background,1024,3.70789,4.025186482,0.3172964819999997,10838,True
40,Background,1048576,3.70857,4.44062863,0.73205863,10838,True
40,Background,10240,3.70862,3.761015008,0.05239500800000041,1087892,True
34,Background,1048576,3.70872,3.854469842,0.14574984199999985,1087892,True
31,Background,1048576,3.7098,4.154932516,0.4451325159999997,10876994,True
44,Background,102400,3.71117,3.770687202,0.05951720199999988,1087892,True
40,Background,10240,3.71188,4.025186482,0.3133064819999998,10838,True
42,Background,102400,3.71207,4.044210787,0.3321407869999997,106400,True
39,Background,1048576,3.71402,3.750536061,0.03651606099999993,106400,True
48,Background,10240,3.71486,3.736807698,0.02194769799999996,1087892,True
38,Background,1048576,3.71686,4.040706146,0.3238461459999997,10876994,True
35,Background,1024,3.71745,3.900070418,0.18262041799999995,10838,True
45,Background,10485760,3.71778,3.836518056,0.1187380560000002,1087892,True
28,Background,1048576,3.71812,4.342121918,0.6240019180000003,1087892,True
44,Background,1048576,3.71837,4.11920304,0.4008330400000002,108768230,True
32,Background,102400,3.71996,3.735364208,0.015404208000000086,106400,True
40,Background,102400,3.72003,3.923436975,0.20340697500000005,106400,True
41,Background,102400,3.72012,3.786293385,0.06617338499999992,1087892,True
49,Background,10485760,3.72106,3.736807698,0.015747697999999755,1087892,True
46,Background,10240,3.72113,3.754635978,0.03350597799999999,10838,True
31,Background,10240,3.72185,3.910031391,0.1881813910000001,1244,True
29,Background,102400,3.7219,3.874248835,0.15234883499999974,10838,True
53,Background,102400,3.72194,3.904014948,0.1820749479999999,10876994,True
33,Background,102400,3.72262,4.189387844,0.4667678439999996,1087892,True
33,Background,1048576,3.72494,3.735364208,0.01042420799999988,106400,True
39,Background,102400,3.72592,3.73889912,0.012979120000000233,106400,True
35,Background,1024,3.72605,3.851198474,0.12514847399999995,10838,True
44,Background,102400,3.72674,3.887595531,0.16085553100000016,106400,True
41,Background,102400,3.72695,4.152157825,0.42520782499999976,106400,True
36,Background,1048576,3.72697,4.058965304,0.3319953039999999,10838,True
44,Background,10485760,3.73169,3.773624794,0.041934793999999886,10838,True
36,Background,1024,3.73199,4.467900194,0.7359101940000001,1087892,True
32,Background,1048576,3.73215,3.761341549,0.029191549000000094,1087892,True
34,Background,102400,3.733,3.751852111,0.018852110999999727,106400,True
35,Background,10240,3.73353,3.77246031,0.038930310000000024,106400,True
32,Background,1024,3.7349,3.975500134,0.2406001339999997,106400,True
32,Background,10240,3.73543,4.414658516,0.6792285160000002,106400,True
44,Background,1048576,3.73589,4.086380111,0.3504901110000005,10838,True
33,Background,1048576,3.74026,4.096995845,0.3567358450000002,10838,True
35,Background,1024,3.74142,3.854469842,0.11304984199999968,1087892,True
38,Background,10485760,3.74223,4.248353247,0.5061232469999997,10838,True
33,Background,1048576,3.74291,3.761341549,0.01843154899999977,1087892,True
38,Background,102400,3.74571,3.812311675,0.06660167500000025,106400,True
47,Background,102400,3.74594,3.761650341,0.015710341000000128,10838,True
34,Background,102400,3.74659,4.112308589,0.36571858900000054,1244,True
45,Background,1048576,3.74691,3.782328964,0.035418963999999775,10838,True
45,Background,102400,3.74713,3.773624794,0.026494793999999988,10838,True
36,Background,10240,3.74722,3.816255151,0.06903515100000002,1244,True
40,Background,1024,3.74739,3.761355675,0.013965674999999678,10838,True
41,Background,10240,3.74826,3.923436975,0.17517697499999985,106400,True
34,Background,10240,3.74832,4.189387844,0.44106784399999954,1087892,True
37,Background,102400,3.74881,3.779994852,0.031184851999999985,106400,True
37,Background,10240,3.74888,4.467900194,0.7190201940000001,1087892,True
27,Background,102400,3.75074,4.021563946,0.2708239459999997,10838,True
35,Background,10240,3.75111,3.881371071,0.13026107099999962,10876994,True
39,Background,1048576,3.75229,3.812311675,0.06002167500000022,106400,True
35,Background,1048576,3.75232,4.383475172,0.6311551719999997,106400,True
45,Background,10240,3.75365,4.194169584,0.440519584,106400,True
36,Background,1024,3.7544,3.881371071,0.12697107099999982,10876994,True
31,Background,1024,3.75465,3.877964122,0.12331412200000003,106400,True
45,Background,102400,3.75694,3.890755067,0.133815067,106400,True
26,Background,102400,3.75714,3.767678291,0.010538291000000033,106400,True
34,Background,1048576,3.76006,3.83608681,0.07602680999999967,106400,True
40,Background,10240,3.76106,3.895362324,0.13430232400000008,1244,True
37,Background,10240,3.76125,3.816255151,0.05500515100000003,1244,True
31,Background,10485760,3.76212,4.201868276,0.439748276,108768230,True
36,Background,10240,3.76214,3.881459644,0.11931964399999995,10838,True
42,Background,1024,3.76231,3.923436975,0.16112697500000017,106400,True
35,Background,10485760,3.76296,3.765806672,0.0028466719999999945,10838,True
41,Background,1048576,3.76349,3.801781381,0.03829138100000007,1087892,True
29,Background,102400,3.7635,4.342121918,0.5786219180000001,1087892,True
38,Background,10485760,3.76367,3.779994852,0.016324852000000334,106400,True
50,Background,10240,3.7643,4.290417578,0.5261175779999996,106400,True
43,Background,1048576,3.76564,4.049466546,0.2838265459999998,1244,True
38,Background,102400,3.7663,4.467900194,0.7016001940000001,1087892,True
40,Background,10485760,3.76847,4.049591555,0.2811215549999999,1244,True
39,Background,1024,3.76906,3.934708207,0.16564820699999983,1244,True
34,Background,10240,3.76913,3.778364516,0.009234515999999804,1087892,True
35,Background,10485760,3.7697,4.112308589,0.3426085890000006,1244,True
30,Background,102400,3.77053,3.836020617,0.06549061700000003,1087892,True
39,Background,10240,3.77054,3.813412313,0.04287231300000016,10838,True
43,Background,10240,3.77118,4.044210787,0.2730307869999997,106400,True
36,Background,1048576,3.77156,3.900070418,0.12851041799999985,10838,True
41,Background,1024,3.77219,4.44062863,0.6684386299999998,10838,True
35,Background,102400,3.7725,3.861555571,0.08905557099999983,1244,True
36,Background,1024,3.7726,3.77246031,-0.00013969000000013665,106400,True
37,Background,1048576,3.77311,4.415386658,0.6422766580000001,10838,True
44,Background,102400,3.77318,4.044210787,0.27103078699999994,106400,True
37,Background,10240,3.77442,3.975299968,0.20087996799999974,1244,True
45,Background,102400,3.77571,3.983414218,0.20770421799999994,1244,True
31,Background,10240,3.77915,3.920911663,0.14176166300000004,1244,True
37,Background,10240,3.77939,3.881459644,0.10206964400000018,10838,True
38,Background,1048576,3.78091,4.415386658,0.6344766580000001,10838,True
32,Background,102400,3.78386,3.920911663,0.13705166300000027,1244,True
37,Background,1024,3.78437,4.230135136,0.44576513600000034,1244,True
41,Background,10240,3.78494,3.793504505,0.008564504999999834,106400,True
54,Background,102400,3.78563,3.904014948,0.1183849480000001,10876994,True
38,Background,10240,3.78691,3.872678722,0.08576872199999963,1087892,True
41,Background,10240,3.78722,3.895362324,0.10814232400000012,1244,True
41,Background,10240,3.78777,4.000204812,0.2124348119999997,1244,True
46,Background,1024,3.78821,3.969263527,0.181053527,10838,True
36,Background,1048576,3.78849,4.079529067,0.29103906700000026,106400,True
39,Background,1048576,3.78915,4.040706146,0.251556146,10876994,True
51,Background,10240,3.78994,4.290417578,0.5004775779999995,106400,True
33,Background,10485760,3.79058,3.869719491,0.07913949100000028,10838,True
34,Background,1024,3.79064,3.987677009,0.1970370090000002,10838,True
30,Background,10485760,3.79242,4.342121918,0.5497019180000002,1087892,True
41,Background,1048576,3.79454,4.031267722,0.23672772199999992,10838,True
37,Background,10485760,3.79483,4.128050189,0.3332201889999995,10838,True
38,Background,10485760,3.79607,3.947168692,0.15109869200000015,106400,True
37,Background,102400,3.79722,4.191142515,0.3939225150000003,1087892,True
39,Background,10485760,3.79728,4.248353247,0.4510732469999996,10838,True
41,Background,102400,3.79816,3.988943163,0.19078316299999987,1087892,True
31,Background,10240,3.79957,4.342121918,0.542551918,1087892,True
32,Background,10240,3.79962,3.910031391,0.11041139099999997,1244,True
35,Background,102400,3.79987,3.987677009,0.18780700900000014,10838,True
40,Background,1048576,3.79995,3.871709833,0.07175983300000022,10838,True
45,Background,102400,3.80008,4.086380111,0.2863001110000005,10838,True
34,Background,1024,3.80113,4.052932939,0.2518029389999996,106400,True
46,Background,1024,3.80192,4.086380111,0.28446011100000046,10838,True
31,Background,10240,3.80214,4.101175294,0.29903529399999984,1087892,True
44,Background,10240,3.80338,4.164194996,0.3608149959999998,106400,True
27,Background,1048576,3.80452,3.907037083,0.10251708299999995,10838,True
40,Background,102400,3.80672,3.812311675,0.00559167500000024,106400,True
35,Background,102400,3.80727,3.992784591,0.185514591,10876994,True
45,Background,102400,3.80735,3.887595531,0.08024553100000009,106400,True
35,Background,102400,3.80863,4.052932939,0.24430293899999977,106400,True
38,Background,10485760,3.80886,4.15068657,0.3418265700000003,10876994,True
38,Background,102400,3.80958,3.816255151,0.006675151000000046,1244,True
42,Background,1048576,3.81107,4.44062863,0.62955863,10838,True
42,Background,102400,3.81142,3.846475466,0.03505546599999976,10838,True
38,Background,102400,3.81281,4.251967958,0.439157958,1087892,True
44,Background,102400,3.81312,3.863907591,0.05078759099999974,1244,True
42,Background,10240,3.81382,3.988943163,0.17512316299999986,1087892,True
39,Background,10240,3.81415,3.872678722,0.0585287219999997,1087892,True
39,Background,102400,3.81613,3.947168692,0.13103869200000018,106400,True
47,Background,10240,3.8184,3.93142752,0.11302752000000016,1244,True
36,Background,10485760,3.82022,3.851198474,0.030978473999999867,10838,True
38,Background,10240,3.82073,3.879610303,0.05888030300000002,10876994,True
39,Background,1048576,3.82074,4.27789048,0.45715048000000014,106400,True
36,Background,10485760,3.82192,4.112308589,0.2903885890000004,1244,True
48,Background,10240,3.82299,3.879456815,0.05646681500000028,106400,True
48,Background,102400,3.82663,3.93142752,0.10479751999999998,1244,True
45,Background,10240,3.82965,4.11920304,0.2895530400000004,108768230,True
43,Background,1048576,3.82981,3.874287936,0.04447793599999983,1244,True
32,Background,10240,3.83206,4.101175294,0.2691152940000001,1087892,True
41,Background,102400,3.83456,4.049591555,0.21503155499999993,1244,True
36,Background,102400,3.83482,3.854469842,0.01964984199999975,1087892,True
29,Background,102400,3.83486,4.289866644,0.455006644,106400,True
42,Background,102400,3.83603,4.460470211,0.6244402109999996,108768230,True
35,Background,10240,3.83915,3.866950434,0.027800433999999985,1087892,True
35,Background,10240,3.84001,4.115106452,0.2750964520000001,1087892,True
33,Background,102400,3.84009,3.920911663,0.08082166300000004,1244,True
38,Background,102400,3.84026,3.975299968,0.13503996800000007,1244,True
32,Background,102400,3.84032,4.201868276,0.3615482759999997,108768230,True
37,Background,10240,3.8406,4.112308589,0.2717085890000006,1244,True
34,Background,102400,3.84194,4.146503382,0.30456338199999955,1244,True
36,Background,1048576,3.8422,4.383475172,0.5412751719999997,106400,True
33,Background,1048576,3.8438,4.201868276,0.358068276,108768230,True
37,Background,102400,3.84394,3.900070418,0.05613041799999996,10838,True
43,Background,10240,3.84461,3.846475466,0.0018654659999999268,10838,True
38,Background,102400,3.84475,4.191142515,0.34639251500000023,1087892,True
41,Background,10240,3.84508,4.025186482,0.1801064819999998,10838,True
36,Background,10240,3.84514,3.866950434,0.021810434000000267,1087892,True
39,Background,10485760,3.84659,3.98928441,0.14269440999999983,1244,True
36,Background,10240,3.84682,3.861555571,0.01473557099999967,1244,True
55,Background,102400,3.8469,3.904014948,0.05711494799999972,10876994,True
39,Background,1048576,3.84748,4.467900194,0.6204201940000003,1087892,True
32,Background,1048576,3.84786,4.154932516,0.30707251599999985,10876994,True
36,Background,1024,3.84953,3.945567234,0.09603723399999975,106400,True
40,Background,1024,3.84998,3.947168692,0.09718869200000002,106400,True
42,Background,1024,3.85091,3.895362324,0.04445232400000032,1244,True
35,Background,1048576,3.85215,3.96467964,0.11252963999999999,1087892,True
44,Background,102400,3.85222,3.974158248,0.1219382480000002,106400,True
37,Background,102400,3.85248,3.854469842,0.001989841999999964,1087892,True
52,Background,10240,3.85271,4.290417578,0.4377075779999995,106400,True
41,Background,102400,3.85386,4.086415363,0.23255536300000035,10838,True
44,Background,1024,3.85474,3.874287936,0.019547935999999932,1244,True
37,Background,1024,3.85561,3.866950434,0.011340434000000066,1087892,True
28,Background,1048576,3.85565,4.021563946,0.16591394599999987,10838,True
37,Background,10240,3.85611,3.881371071,0.025261070999999635,10876994,True
29,Background,102400,3.85687,4.098728011,0.2418580110000006,10876994,True
38,Background,1024,3.85865,3.984073904,0.12542390400000025,10838,True
33,Background,10240,3.86059,3.910031391,0.04944139099999978,1244,True
35,Background,10240,3.8607,4.146503382,0.28580338199999966,1244,True
34,Background,1048576,3.86284,4.201868276,0.3390282760000001,108768230,True
39,Background,10240,3.86309,4.191142515,0.328052515,1087892,True
30,Background,10240,3.86318,4.289866644,0.4266866440000001,106400,True
36,Background,1048576,3.86361,3.987677009,0.124067009,10838,True
38,Background,1024,3.86406,3.881459644,0.01739964400000016,10838,True
39,Background,102400,3.86486,3.975299968,0.11043996799999967,1244,True
35,Background,102400,3.8653,3.93254248,0.06724248,106400,True
42,Background,1048576,3.86543,3.87717901,0.011749009999999949,1244,True
36,Background,10240,3.8661,3.944519855,0.07841985499999993,10876994,True
39,Background,10485760,3.86614,3.881459644,0.015319643999999855,10838,True
40,Background,1048576,3.86651,4.248353247,0.38184324699999994,10838,True
30,Background,1048576,3.86696,4.042492497,0.1755324969999994,10838,True
40,Background,104857600,3.86762,4.467900194,0.6002801940000002,1087892,True
31,Background,1048576,3.86816,4.160241375,0.292081375,10838,True
28,Background,10485760,3.86894,3.907037083,0.038097083000000254,10838,True
39,Background,102400,3.86919,4.15068657,0.2814965700000003,10876994,True
32,Background,102400,3.86955,4.301669551,0.432119551,106400,True
42,Background,102400,3.87107,4.16578928,0.29471928000000025,1087892,True
39,Background,1048576,3.87183,4.076179898,0.20434989800000025,10838,True
36,Background,102400,3.87217,4.146503382,0.27433338199999957,1244,True
46,Background,10240,3.87241,4.194169584,0.32175958400000004,106400,True
32,Background,10240,3.87462,4.160241375,0.28562137499999984,10838,True
31,Background,10485760,3.87526,3.99556059,0.12030059000000026,1244,True
30,Background,1048576,3.8756,3.912160222,0.036560221999999865,10838,True
41,Background,10240,3.8757,4.467900194,0.5922001940000001,1087892,True
41,Background,1048576,3.87591,3.947168692,0.07125869199999979,106400,True
45,Background,1024,3.87657,4.164194996,0.2876249959999999,106400,True
41,Background,10240,3.87753,4.248353247,0.3708232469999997,10838,True
41,Background,1048576,3.87782,4.131291678,0.25347167800000037,10876994,True
44,Background,1048576,3.87847,4.079994561,0.20152456100000027,106400,True
38,Background,1048576,3.87865,4.128050189,0.24940018899999972,10838,True
53,Background,10240,3.87906,4.290417578,0.4113575779999996,106400,True
49,Background,10240,3.87978,3.879456815,-0.00032318499999961503,106400,True
42,Background,1048576,3.88025,4.152157825,0.27190782499999955,106400,True
28,Background,1048576,3.88027,4.138683425,0.2584134250000001,10838,True
43,Background,10240,3.88084,3.880127292,-0.0007127080000000063,1244,True
33,Background,102400,3.88172,4.414658516,0.5329385160000002,106400,True
34,Background,1024,3.88188,3.920911663,0.03903166299999983,1244,True
40,Background,1048576,3.88234,4.191142515,0.308802515,1087892,True
40,Background,102400,3.8833,3.934708207,0.051408206999999706,1244,True
56,Background,10240,3.88489,4.078891784,0.19400178399999968,1244,True
32,Background,10240,3.88526,4.238086371,0.3528263709999995,106400,True
33,Background,10240,3.88531,4.238086371,0.3527763709999996,106400,True
43,Background,10240,3.88532,3.988943163,0.10362316299999996,1087892,True
33,Background,102400,3.88566,4.301669551,0.4160095509999997,106400,True
43,Background,10240,3.88612,3.895362324,0.009242324000000135,1244,True
43,Background,10240,3.88622,4.16578928,0.2795692800000005,1087892,True
44,Background,1048576,3.8872,4.049466546,0.16226654599999968,1244,True
41,Background,102400,3.8885,3.980289758,0.091789758,10876994,True
47,Background,1024,3.88868,3.969263527,0.08058352699999993,10838,True
40,Background,1024,3.8905,4.002455418,0.11195541800000042,10838,True
45,Background,10485760,3.89153,4.049466546,0.15793654599999973,1244,True
35,Background,1024,3.8919,3.914517422,0.02261742199999972,106400,True
34,Background,102400,3.89195,3.909769642,0.01781964200000008,1087892,True
46,Background,10240,3.89303,3.959550702,0.06652070200000004,1244,True
42,Background,10240,3.89413,3.947168692,0.05303869199999989,106400,True
31,Background,1048576,3.89609,3.912160222,0.016070221999999745,10838,True
48,Background,10240,3.89659,3.969263527,0.07267352699999963,10838,True
33,Background,1048576,3.89662,3.975500134,0.07888013399999982,106400,True
46,Background,102400,3.89678,4.459061368,0.5622813680000003,106400,True
39,Background,1024,3.89686,3.984073904,0.08721390399999995,10838,True
47,Background,10240,3.89763,4.459061368,0.5614313680000005,106400,True
34,Background,1024,3.89812,4.096120618,0.19800061799999957,10838,True
30,Background,10485760,3.89988,4.098728011,0.19884801100000038,10876994,True
45,Background,102400,3.8999,4.09943092,0.1995309199999995,1087892,True
33,Background,102400,3.90007,4.101175294,0.201105294,1087892,True
41,Background,1048576,3.9005,3.934708207,0.034208206999999824,1244,True
38,Background,102400,3.90224,3.968368663,0.0661286630000002,1087892,True
45,Background,1024,3.90388,4.012666131,0.10878613099999956,10838,True
40,Background,10240,3.90402,3.98928441,0.08526440999999974,1244,True
38,Background,10240,3.90427,4.230135136,0.32586513600000044,1244,True
37,Background,10240,3.90498,4.146503382,0.24152338199999956,1244,True
47,Background,102400,3.90668,3.959550702,0.05287070199999988,1244,True
32,Background,10240,3.91003,3.966204169,0.05617416900000016,10838,True
40,Background,10240,3.91095,3.955449643,0.04449964299999998,1087892,True
31,Background,1024,3.91182,4.042492497,0.1306724969999995,10838,True
32,Background,10240,3.913,4.342121918,0.4291219180000003,1087892,True
46,Background,102400,3.91347,3.983414218,0.06994421800000028,1244,True
34,Background,10485760,3.91505,3.981500322,0.06645032200000012,10838,True
50,Background,102400,3.91534,3.933227108,0.01788710800000004,1087892,True
38,Background,102400,3.91538,4.146503382,0.23112338199999982,1244,True
36,Background,104857600,3.91585,4.088873086,0.1730230860000006,106400,True
34,Background,1048576,3.91591,4.101175294,0.18526529400000014,1087892,True
29,Background,10240,3.91604,4.138683425,0.22264342499999978,10838,True
39,Background,1024,3.91666,3.968368663,0.05170866300000032,1087892,True
42,Background,1024,3.91768,4.467900194,0.5502201940000004,1087892,True
43,Background,1024,3.91891,3.923436975,0.0045269750000001,106400,True
40,Background,102400,3.91904,3.984073904,0.06503390400000031,10838,True
39,Background,1024,3.91912,3.959837406,0.04071740600000018,106400,True
39,Background,102400,3.92056,4.230135136,0.3095751360000003,1244,True
34,Background,1048576,3.92162,4.096995845,0.17537584500000047,10838,True
45,Background,102400,3.92183,3.988878849,0.06704884899999985,106400,True
47,Background,104857600,3.92199,4.086380111,0.16439011100000034,10838,True
40,Background,102400,3.92483,3.968368663,0.04353866300000009,1087892,True
35,Background,102400,3.92515,4.201868276,0.276718276,108768230,True
37,Background,10240,3.92618,4.088873086,0.16269308600000043,106400,True
33,Background,102400,3.92694,3.966204169,0.03926416899999996,10838,True
36,Background,10485760,3.92739,3.93254248,0.005152480000000015,106400,True
42,Background,102400,3.92783,4.031267722,0.10343772199999979,10838,True
35,Background,10240,3.92877,4.401078289,0.4723082889999999,1087892,True
40,Background,102400,3.92908,4.047508369,0.11842836900000009,10838,True
44,Background,104857600,3.92971,3.988943163,0.05923316300000003,1087892,True
42,Background,1024,3.93,4.000204812,0.07020481199999962,1244,True
43,Background,1024,3.93092,4.25788663,0.3269666299999998,1087892,True
47,Background,102400,3.93136,4.194169584,0.26280958399999976,106400,True
36,Background,1024,3.93244,4.201868276,0.26942827599999974,108768230,True
42,Background,102400,3.93297,3.934708207,0.001738206999999825,1244,True
44,Background,1048576,3.93348,4.446004578,0.5125245780000003,1087892,True
46,Background,102400,3.93438,4.131790026,0.19741002600000002,10876994,True
44,Background,102400,3.93466,4.212987334,0.2783273340000001,10838,True
47,Background,1024,3.93518,3.987356844,0.05217684399999989,1087892,True
38,Background,102400,3.93554,4.432336848,0.49679684800000024,1087892,True
37,Background,102400,3.93556,4.025787888,0.09022788799999981,10876994,True
37,Background,102400,3.93596,4.201868276,0.2659082759999998,108768230,True
43,Background,104857600,3.93766,4.031267722,0.09360772199999978,10838,True
41,Background,10485760,3.93846,4.191142515,0.25268251500000005,1087892,True
40,Background,1024,3.93853,3.959837406,0.02130740600000003,106400,True
46,Background,102400,3.9386,3.988878849,0.05027884899999968,106400,True
42,Background,10240,3.93904,4.131291678,0.19225167800000031,10876994,True
37,Background,10485760,3.93916,4.058965304,0.11980530399999978,10838,True
43,Background,1048576,3.93983,3.947168692,0.0073386919999998135,106400,True
45,Background,104857600,3.94045,4.079994561,0.13954456100000057,106400,True
35,Background,10485760,3.94122,4.390388058,0.44916805800000015,10838,True
48,Background,1048576,3.94131,4.086380111,0.14507011100000033,10838,True
40,Background,102400,3.9429,4.040706146,0.09780614599999993,10876994,True
33,Background,102400,3.94335,4.062393379,0.11904337900000028,10876994,True
42,Background,10240,3.94385,4.248353247,0.304503247,10838,True
45,Background,1048576,3.94529,3.974158248,0.028868248000000207,106400,True
34,Background,102400,3.94636,3.966204169,0.01984416900000019,10838,True
41,Background,102400,3.94676,4.029323904,0.08256390400000013,10838,True
38,Background,10240,3.94831,4.025787888,0.07747788799999977,10876994,True
38,Background,10240,3.94898,4.271280134,0.32230013400000024,10838,True
46,Background,102400,3.94958,4.002396855,0.05281685499999966,1087892,True
35,Background,10240,3.95003,4.096995845,0.14696584500000043,10838,True
39,Background,10485760,3.95047,4.271280134,0.32081013400000025,10838,True
38,Background,10240,3.95123,4.112308589,0.1610785890000006,1244,True
39,Background,102400,3.95197,4.415386658,0.46341665799999987,10838,True
35,Background,102400,3.95346,4.101175294,0.14771529399999972,1087892,True
31,Background,1048576,3.95357,4.098728011,0.14515801100000036,10876994,True
46,Background,102400,3.95402,4.049466546,0.0954465459999998,1244,True
38,Background,10240,3.95468,4.058965304,0.1042853039999998,10838,True
41,Background,10240,3.95528,4.308199405,0.35291940499999974,106400,True
41,Background,102400,3.95587,3.968368663,0.012498663000000132,1087892,True
36,Background,10240,3.95606,4.096995845,0.14093584500000045,10838,True
43,Background,10485760,3.95682,4.248353247,0.29153324699999983,10838,True
36,Background,102400,3.95875,4.052932939,0.09418293899999952,106400,True
42,Background,1048576,3.96149,4.086415363,0.12492536300000046,10838,True
32,Background,10485760,3.96162,4.042492497,0.08087249699999965,10838,True
33,Background,102400,3.96169,4.025482355,0.06379235500000036,10838,True
42,Background,10485760,3.96226,3.982516661,0.020256660999999898,1087892,True
43,Background,10240,3.96285,4.086415363,0.12356536300000043,10838,True
41,Background,1024,3.96304,4.043663258,0.0806232579999997,106400,True
47,Background,10485760,3.96332,4.131790026,0.16847002600000005,10876994,True
43,Background,10240,3.96383,4.131291678,0.167461678,10876994,True
40,Background,1024,3.96438,4.076179898,0.11179989800000056,10838,True
41,Background,1048576,3.96547,4.330964247,0.365494247,10876994,True
37,Background,10240,3.96599,4.155727049,0.1897370490000001,10838,True
35,Background,1024,3.96637,3.966204169,-0.00016583099999989415,10838,True
35,Background,10485760,3.96684,4.300077688,0.3332376880000001,10838,True
42,Background,10240,3.96735,4.043663258,0.07631325799999944,106400,True
35,Background,1048576,3.96836,4.952272209,0.9839122090000001,10838,True
41,Background,10240,3.96841,4.076179898,0.10776989800000036,10838,True
42,Background,1048576,3.9695,4.025186482,0.05568648199999959,10838,True
44,Background,1048576,3.97029,4.25592751,0.28563751000000037,1244,True
46,Background,10485760,3.97071,4.085294659,0.1145846589999997,10876994,True
44,Background,10240,3.97107,4.248353247,0.27728324699999973,10838,True
43,Background,10240,3.97127,4.44062863,0.4693586299999999,10838,True
45,Background,102400,3.97203,4.044210787,0.07218078699999975,106400,True
33,Background,1048576,3.97283,4.342121918,0.36929191800000005,1087892,True
46,Background,1048576,3.97323,4.09943092,0.1262009199999996,1087892,True
42,Background,102400,3.9733,4.049591555,0.07629155500000007,1244,True
29,Background,10240,3.9739,4.782130799,0.8082307989999999,10838,True
33,Background,10240,3.97568,4.042492497,0.06681249699999947,10838,True
34,Background,1048576,3.97648,4.301669551,0.3251895509999998,106400,True
35,Background,10240,3.97652,4.189387844,0.2128678439999998,1087892,True
43,Background,1024,3.97682,4.000204812,0.023384811999999755,1244,True
31,Background,1024,3.97696,4.289866644,0.3129066439999999,106400,True
42,Background,10240,3.978,4.308199405,0.33019940499999967,106400,True
39,Background,1024,3.9785,4.432336848,0.45383684800000035,1087892,True
45,Background,102400,3.97871,4.446004578,0.4672945780000002,1087892,True
34,Background,102400,3.97928,4.22351622,0.24423621999999945,10876994,True
32,Background,1024,3.98055,4.289866644,0.3093166439999999,106400,True
34,Background,10485760,3.98247,4.16715037,0.1846803699999997,1244,True
48,Background,1048576,3.98285,4.131790026,0.148940026,10876994,True
39,Background,10485760,3.98365,4.128050189,0.14440018899999973,10838,True
48,Background,1048576,3.98385,4.459061368,0.4752113680000005,106400,True
42,Background,10240,3.98434,4.747235916,0.7628959160000002,1087892,True
34,Background,102400,3.98518,4.042492497,0.05731249699999941,10838,True
40,Background,102400,3.98526,4.27789048,0.29263048000000014,106400,True
37,Background,1024,3.98545,4.216712973,0.23126297299999976,106400,True
47,Background,102400,3.98594,4.049466546,0.06352654599999985,1244,True
22,Background,1024,3.98737,4.986293199,0.9989231990000005,10838,True
36,Background,10240,3.98833,4.952272209,0.9639422090000003,10838,True
35,Background,1048576,3.98894,4.006752499,0.017812499000000148,1244,True
57,Background,10240,3.9897,4.078891784,0.08919178399999961,1244,True
51,Background,102400,3.98982,4.085073592,0.09525359199999972,106400,True
36,Background,10240,3.99157,4.101175294,0.10960529400000008,1087892,True
42,Background,1048576,3.99249,4.191142515,0.19865251500000003,1087892,True
47,Background,10485760,3.9961,4.058854657,0.06275465700000016,1087892,True
41,Background,10240,3.99774,4.040706146,0.04296614599999993,10876994,True
41,Background,10485760,3.99884,4.047508369,0.048668369000000045,10838,True
33,Background,1024,3.99894,4.160241375,0.16130137499999986,10838,True
47,Background,102400,3.99941,4.391846886,0.3924368859999996,106400,True
32,Background,10240,3.99972,4.481633633,0.48191363300000045,1087892,True
39,Background,10240,3.99991,4.146503382,0.14659338199999983,1244,True
42,Background,1048576,4.00029,4.013725567,0.013435567000000148,1087892,True
30,Background,1024,4.00048,4.782130799,0.7816507990000003,10838,True
36,Background,102400,4.00144,4.115106452,0.11366645200000036,1087892,True
38,Background,102400,4.00285,4.216712973,0.21386297300000034,106400,True
46,Background,10485760,4.00326,4.164194996,0.16093499599999994,106400,True
30,Background,10240,4.00331,4.424846447,0.42153644700000026,106400,True
48,Background,1048576,4.00424,4.269814622,0.2655746219999999,106400,True
43,Background,102400,4.00467,4.191142515,0.18647251500000017,1087892,True
35,Background,10240,4.00503,4.22351622,0.21848621999999995,10876994,True
48,Background,10240,4.00519,4.391846886,0.3866568859999999,106400,True
40,Background,1048576,4.00563,4.146503382,0.14087338199999966,1244,True
37,Background,1048576,4.00568,4.096995845,0.09131584500000045,10838,True
34,Background,102400,4.00601,4.059992559,0.053982559000000485,1244,True
40,Background,102400,4.00601,4.230135136,0.2241251360000005,1244,True
41,Background,102400,4.00735,4.521950008,0.5146000080000004,1087892,True
54,Background,102400,4.00985,4.290417578,0.28056757799999943,106400,True
45,Background,104857600,4.0099,4.25592751,0.24602751000000023,1244,True
44,Background,1024,4.01037,4.741101792,0.7307317920000003,106400,True
47,Background,10240,4.01098,4.164194996,0.153214996,106400,True
43,Background,102400,4.01246,4.025186482,0.012726481999999706,10838,True
37,Background,10240,4.01275,4.952272209,0.9395222090000006,10838,True
39,Background,104857600,4.01275,4.055102205,0.042352205000000254,106400,True
46,Background,10485760,4.01283,4.044210787,0.0313807869999998,106400,True
34,Background,10240,4.01362,4.217399299,0.2037792989999998,1087892,True
46,Background,10240,4.0137,4.446004578,0.4323045780000001,1087892,True
49,Background,102400,4.01385,4.269814622,0.2559646220000005,106400,True
39,Background,102400,4.01669,4.251967958,0.23527795800000018,1087892,True
44,Background,10240,4.01683,4.25788663,0.2410566300000001,1087892,True
40,Background,10240,4.01683,4.102959671,0.08612967100000013,106400,True
44,Background,10240,4.01768,4.086415363,0.06873536300000005,10838,True
48,Background,10240,4.01775,4.326488434,0.30873843399999945,1244,True
48,Background,10485760,4.01955,4.164194996,0.14464499600000025,106400,True
55,Background,104857600,4.01955,4.290417578,0.27086757799999983,106400,True
39,Background,1048576,4.02088,4.058965304,0.038085303999999987,10838,True
42,Background,1048576,4.02099,4.294213116,0.2732231159999996,106400,True
49,Background,1048576,4.02177,4.151676939,0.1299069389999996,106400,True
49,Background,1048576,4.02226,4.391846886,0.36958688599999956,106400,True
43,Background,102400,4.02292,4.043663258,0.020743257999999543,106400,True
38,Background,1048576,4.02379,4.155727049,0.13193704900000025,10838,True
44,Background,1048576,4.0253,4.16578928,0.1404892800000006,1087892,True
42,Background,1048576,4.02635,4.073924907,0.047574907000000444,1087892,True
44,Background,10240,4.02649,4.101930649,0.07544064899999992,1244,True
47,Background,102400,4.0273,4.096587998,0.06928799800000007,106400,True
45,Background,10240,4.02849,4.05202922,0.023539219999999972,106400,True
40,Background,10240,4.02865,4.058965304,0.030315304000000154,10838,True
41,Background,1048576,4.02886,4.102959671,0.07409967099999992,106400,True
36,Background,10240,4.02903,4.871250524,0.842220524,1244,True
39,Background,10485760,4.0294,4.216712973,0.18731297300000005,106400,True
37,Background,1048576,4.03106,4.101175294,0.07011529399999983,1087892,True
40,Background,102400,4.03199,4.128050189,0.09606018899999924,10838,True
43,Background,1024,4.03247,4.440699587,0.4082295870000001,108768230,True
36,Background,1048576,4.03333,4.158514572,0.12518457199999933,106400,True
34,Background,102400,4.03449,4.512185479,0.4776954790000003,106400,True
38,Background,10240,4.03514,4.096995845,0.06185584500000019,10838,True
47,Background,102400,4.03642,4.09943092,0.06301091999999997,1087892,True
42,Background,10485760,4.03709,4.102959671,0.06586967099999974,106400,True
47,Background,102400,4.03866,4.044210787,0.005550786999999779,106400,True
45,Background,102400,4.03943,4.25788663,0.21845662999999949,1087892,True
38,Background,1048576,4.03948,4.101175294,0.061695293999999734,1087892,True
43,Background,10240,4.04009,4.102959671,0.06286967099999963,106400,True
34,Background,1048576,4.04021,4.280572363,0.24036236300000002,10838,True
43,Background,10240,4.04053,4.152157825,0.11162782499999935,106400,True
35,Background,104857600,4.04092,4.16715037,0.12623037000000004,1244,True
35,Background,102400,4.04101,4.042492497,0.001482496999999583,10838,True
49,Background,1048576,4.04126,4.086380111,0.04512011100000013,10838,True
44,Background,1024,4.04318,4.548242903,0.5050629029999998,1244,True
42,Background,1024,4.04375,4.076179898,0.03242989800000018,10838,True
37,Background,1048576,4.0444,4.079529067,0.035129066999999736,106400,True
56,Background,1024,4.04503,4.290417578,0.24538757799999988,106400,True
32,Background,102400,4.04698,4.058237345,0.01125734500000064,10838,True
49,Background,10485760,4.04699,4.326488434,0.27949843399999974,1244,True
45,Background,102400,4.04724,4.16578928,0.11854927999999987,1087892,True
41,Background,102400,4.04816,4.128050189,0.07989018899999945,10838,True
30,Background,102400,4.04828,4.138683425,0.09040342499999987,10838,True
52,Background,1024,4.05072,4.085073592,0.034353591999999544,106400,True
36,Background,10240,4.05136,4.22351622,0.17215621999999975,10876994,True
39,Background,1024,4.05398,4.101175294,0.04719529399999978,1087892,True
46,Background,102400,4.05457,4.079994561,0.025424561000000345,106400,True
44,Background,102400,4.0546,4.152157825,0.09755782499999999,106400,True
40,Background,10240,4.05542,4.271280134,0.2158601340000006,10838,True
45,Background,102400,4.05896,4.152157825,0.09319782499999985,106400,True
35,Background,1048576,4.05928,4.512185479,0.452905479,106400,True
34,Background,102400,4.05941,4.238086371,0.1786763709999999,106400,True
42,Background,10240,4.06067,4.432771248,0.3721012479999999,10838,True
45,Background,1048576,4.0621,4.548242903,0.4861429030000002,1244,True
35,Background,1024,4.06361,4.217399299,0.1537892990000005,1087892,True
44,Background,10240,4.06388,4.869806894,0.8059268939999997,108768230,True
42,Background,1048576,4.0649,4.521950008,0.4570500080000004,1087892,True
41,Background,102400,4.06511,4.121917073,0.056807072999999875,1087892,True
48,Background,10485760,4.06601,4.090213462,0.02420346200000001,106400,True
42,Background,102400,4.06644,4.330964247,0.26452424699999977,10876994,True
34,Background,102400,4.0665,4.160241375,0.09374137500000046,10838,True
34,Background,10240,4.06718,4.170535461,0.10335546100000048,1087892,True
40,Background,102400,4.06802,4.640291967,0.5722719669999998,106400,True
40,Background,102400,4.06861,4.251967958,0.1833579580000002,1087892,True
40,Background,10240,4.06874,4.432336848,0.36359684800000025,1087892,True
32,Background,10240,4.06937,4.140674644,0.07130464399999958,10838,True
33,Background,10240,4.07041,4.481633633,0.41122363300000053,1087892,True
44,Background,1048576,4.0721,4.191142515,0.11904251500000029,1087892,True
36,Background,1048576,4.07301,4.16715037,0.09414036999999986,1244,True
48,Background,102400,4.07341,4.194169584,0.12075958399999998,106400,True
46,Background,10240,4.07372,4.25592751,0.18220751000000046,1244,True
31,Background,10240,4.07463,4.149325085,0.0746950850000001,10838,True
46,Background,102400,4.07472,4.25788663,0.18316662999999966,1087892,True
47,Background,102400,4.07626,4.25592751,0.1796675099999998,1244,True
34,Background,1024,4.07673,4.414658516,0.33792851599999985,106400,True
45,Background,1024,4.07732,4.248353247,0.17103324699999956,10838,True
41,Background,102400,4.07883,4.230135136,0.1513051360000004,1244,True
46,Background,1048576,4.07884,4.329375002,0.25053500200000034,10838,True
44,Background,10240,4.07919,4.254705636,0.17551563600000009,10838,True
36,Background,1048576,4.08028,4.189387844,0.10910784399999951,1087892,True
50,Background,102400,4.08047,4.151676939,0.07120693899999964,106400,True
48,Background,1048576,4.08049,4.210252528,0.12976252799999966,10838,True
41,Background,10240,4.08099,4.27789048,0.19690048000000004,106400,True
49,Background,10485760,4.08169,4.131790026,0.050100025999999964,10876994,True
43,Background,102400,4.08324,4.106289979,0.02304997899999961,106400,True
43,Background,10240,4.0848,4.147959085,0.06315908499999967,10838,True
39,Background,1048576,4.08622,4.112308589,0.02608858900000044,1244,True
31,Background,10240,4.08649,4.138683425,0.05219342499999957,10838,True
42,Background,1048576,4.08981,4.230135136,0.1403251360000004,1244,True
48,Background,10240,4.08998,4.09943092,0.009450919999999918,1087892,True
35,Background,10240,4.09018,4.414658516,0.3244785160000001,106400,True
49,Background,102400,4.09087,4.09943092,0.00856091999999986,1087892,True
32,Background,1024,4.09203,4.138683425,0.04665342499999969,10838,True
36,Background,10240,4.09204,4.390388058,0.2983480580000002,10838,True
31,Background,1048576,4.09263,4.782130799,0.6895007990000002,10838,True
47,Background,102400,4.09296,4.329375002,0.2364150020000002,10838,True
33,Background,102400,4.09442,4.138683425,0.04426342499999958,10838,True
50,Background,10240,4.09557,4.326488434,0.23091843399999945,1244,True
43,Background,10485760,4.0959,4.230135136,0.13423513600000003,1244,True
44,Background,1024,4.09596,4.440699587,0.3447395870000003,108768230,True
37,Background,1024,4.09666,4.661101274,0.564441274,106400,True
37,Background,1024,4.09672,4.127002363,0.030282362999999535,1087892,True
45,Background,1048576,4.09766,4.869806894,0.7721468939999996,108768230,True
47,Background,1048576,4.09976,4.208302807,0.10854280700000007,106400,True
47,Background,10240,4.10004,4.25788663,0.15784662999999988,1087892,True
37,Background,1024,4.10028,4.383475172,0.2831951720000001,106400,True
48,Background,102400,4.10059,4.329375002,0.22878500199999952,10838,True
42,Background,102400,4.10071,4.128050189,0.02734018899999935,10838,True
47,Background,1024,4.10108,4.558933049,0.45785304900000057,10838,True
41,Background,10240,4.1017,4.618783243,0.5170832430000001,106400,True
49,Background,10240,4.10323,4.459061368,0.3558313680000005,106400,True
45,Background,1048576,4.10514,4.741101792,0.6359617920000007,106400,True
44,Background,102400,4.10554,4.106289979,0.000749978999999179,106400,True
44,Background,10485760,4.10635,4.147959085,0.04160908500000016,10838,True
49,Background,102400,4.10641,4.194169584,0.08775958399999961,106400,True
50,Background,10240,4.10655,4.131790026,0.025240025999999638,10876994,True
44,Background,10240,4.1072,4.145772345,0.038572345000000396,106400,True
45,Background,1048576,4.10747,4.216165744,0.10869574400000026,106400,True
37,Background,10485760,4.10756,4.117516424,0.009956423999999409,10838,True
45,Background,102400,4.10791,4.302806239,0.1948962389999993,10876994,True
43,Background,102400,4.10924,4.413732669,0.30449266900000005,108768230,True
43,Background,102400,4.10938,4.308199405,0.19881940500000006,106400,True
35,Background,10240,4.11017,4.280572363,0.170402363,10838,True
31,Background,102400,4.11073,4.424846447,0.31411644699999997,106400,True
43,Background,102400,4.1114,4.747235916,0.6358359160000004,1087892,True
42,Background,1048576,4.11265,4.121917073,0.009267072999999293,1087892,True
46,Background,102400,4.11366,4.131509677,0.017849677000000064,1087892,True
46,Background,102400,4.11446,4.869806894,0.7553468939999997,108768230,True
48,Background,10240,4.11527,4.216890087,0.10162008700000058,1087892,True
45,Background,10485760,4.11643,4.212987334,0.09655733399999988,10838,True
46,Background,102400,4.11695,4.216165744,0.09921574400000033,106400,True
45,Background,10240,4.11696,4.147959085,0.03099908500000037,10838,True
49,Background,1048576,4.11786,4.329375002,0.21151500199999962,10838,True
49,Background,1048576,4.11804,4.199781057,0.08174105700000034,10876994,True
46,Background,1048576,4.11903,4.147959085,0.028929084999999688,10838,True
37,Background,102400,4.11953,4.140044156,0.02051415599999995,106400,True
41,Background,1024,4.1198,4.271280134,0.1514801340000007,10838,True
50,Background,1048576,4.12129,4.128747561,0.007457560999999835,106400,True
44,Background,10240,4.12136,4.44062863,0.31926862999999983,10838,True
46,Background,10240,4.12228,4.16578928,0.04350928000000032,1087892,True
45,Background,1048576,4.12388,4.44062863,0.3167486300000002,10838,True
49,Background,1048576,4.12505,4.216890087,0.09184008700000046,1087892,True
41,Background,102400,4.12525,4.146503382,0.021253381999999377,1244,True
50,Background,1048576,4.12594,4.459061368,0.3331213680000005,106400,True
46,Background,10240,4.12777,4.248353247,0.1205832469999999,10838,True
51,Background,10240,4.12919,4.459061368,0.32987136800000005,106400,True
38,Background,1024,4.12999,4.272210349,0.14222034899999958,1087892,True
44,Background,1024,4.13305,4.230135136,0.09708513600000046,1244,True
41,Background,102400,4.13402,4.251967958,0.11794795800000024,1087892,True
39,Background,1048576,4.13427,4.272210349,0.13794034899999996,1087892,True
41,Background,1024,4.13676,4.640291967,0.5035319669999998,106400,True
45,Background,10240,4.13693,4.145772345,0.008842344999999696,106400,True
51,Background,1024,4.13863,4.274261947,0.13563194700000025,10838,True
40,Background,10240,4.14,4.157969779,0.017969779000000408,106400,True
40,Background,1024,4.14043,4.263954835,0.12352483499999956,1244,True
57,Background,10485760,4.14045,4.290417578,0.14996757799999916,106400,True
41,Background,10240,4.14083,4.157969779,0.017139778999999855,106400,True
46,Background,1048576,4.14111,4.302806239,0.1616962389999994,10876994,True
43,Background,1024,4.14181,4.330964247,0.1891542469999994,10876994,True
43,Background,102400,4.14243,4.460470211,0.3180402109999996,108768230,True
58,Background,1048576,4.14418,4.246876757,0.10269675699999947,1244,True
37,Background,102400,4.14426,4.871250524,0.7269905239999996,1244,True
47,Background,104857600,4.14471,4.248353247,0.10364324699999994,10838,True
41,Background,10240,4.14511,4.756351759,0.6112417590000003,1244,True
58,Background,1024,4.14523,4.290417578,0.14518757799999982,106400,True
34,Background,102400,4.14763,4.260949965,0.11331996499999963,1087892,True
44,Background,10240,4.14804,4.355165897,0.20712589700000006,1087892,True
35,Background,1048576,4.14816,4.170535461,0.022375461000000207,1087892,True
50,Background,10240,4.14831,4.391846886,0.24353688599999934,106400,True
35,Background,102400,4.14901,4.301669551,0.15265955100000017,106400,True
45,Background,10485760,4.14972,4.355165897,0.2054458969999997,1087892,True
42,Background,102400,4.15069,4.640291967,0.4896019669999996,106400,True
49,Background,102400,4.15076,4.348447005,0.1976870049999997,1087892,True
43,Background,1024,4.15121,5.059538363,0.9083283629999999,10838,True
48,Background,102400,4.15208,4.214615052,0.06253505200000031,10876994,True
37,Background,10485760,4.15312,4.189387844,0.03626784399999927,1087892,True
43,Background,10240,4.15576,4.269120587,0.11336058699999985,1244,True
44,Background,102400,4.15647,4.460470211,0.30400021099999996,108768230,True
37,Background,102400,4.15686,4.188566001,0.03170600099999987,106400,True
36,Background,10240,4.15706,4.234945134,0.07788513399999974,106400,True
50,Background,1048576,4.15751,4.269814622,0.11230462199999991,106400,True
45,Background,1024,4.15784,4.460470211,0.3026302109999994,108768230,True
36,Background,102400,4.15826,4.52589176,0.3676317600000001,106400,True
33,Background,102400,4.16115,4.168944094,0.007794094000000307,10838,True
36,Background,1048576,4.16151,4.300077688,0.1385676880000002,10838,True
38,Background,102400,4.16181,4.217604386,0.05579438599999964,10876994,True
38,Background,1024,4.16194,4.188566001,0.026626000999999455,106400,True
51,Background,102400,4.16271,4.326488434,0.16377843400000014,1244,True
38,Background,1024,4.16273,4.187268682,0.0245386820000002,10838,True
43,Background,102400,4.16333,4.467900194,0.30457019400000007,1087892,True
42,Background,10240,4.1638,4.262845497,0.09904549699999965,10838,True
51,Background,102400,4.16601,4.338103768,0.17209376799999987,10838,True
39,Background,10240,4.16761,4.217604386,0.049994385999999835,10876994,True
44,Background,10240,4.16763,4.330964247,0.16333424699999988,10876994,True
23,Background,102400,4.16778,4.986293199,0.8185131990000007,10838,True
40,Background,10240,4.16795,4.216712973,0.048762972999999654,106400,True
36,Background,102400,4.16982,4.659906771,0.49008677100000053,106400,True
42,Background,102400,4.17027,4.271280134,0.10101013400000003,10838,True
41,Background,1048576,4.17091,4.263954835,0.09304483499999971,1244,True
36,Background,1048576,4.17259,4.414658516,0.24206851600000068,106400,True
51,Background,10240,4.17298,4.391846886,0.21886688599999982,106400,True
38,Background,1024,4.17381,4.189387844,0.015577844000000063,1087892,True
45,Background,10485760,4.17395,4.751841753,0.5778917530000003,1244,True
47,Background,1024,4.17445,4.211675388,0.037225387999999526,1087892,True
32,Background,1048576,4.17614,4.782130799,0.6059907989999997,10838,True
46,Background,102400,4.17689,4.548242903,0.371352903,1244,True
36,Background,102400,4.17776,4.658316591,0.48055659100000003,10876994,True
42,Background,1048576,4.17781,4.27789048,0.10008047999999992,106400,True
34,Background,1024,4.1782,4.359033735,0.18083373499999933,106400,True
47,Background,102400,4.17852,4.216165744,0.03764574400000065,106400,True
52,Background,10485760,4.17975,4.338103768,0.15835376799999956,10838,True
42,Background,1048576,4.18085,4.31985741,0.1390074099999996,106400,True
32,Background,10240,4.18297,4.348086167,0.16511616699999987,106400,True
37,Background,10240,4.18335,4.502836984,0.3194869840000001,1244,True
42,Background,102400,4.18366,4.756351759,0.5726917590000005,1244,True
44,Background,1024,4.18476,5.059538363,0.8747783629999999,10838,True
59,Background,1024,4.18504,4.246876757,0.06183675700000002,1244,True
47,Background,1024,4.18548,4.294910264,0.10943026400000022,1087892,True
41,Background,102400,4.18698,4.48552809,0.2985480899999997,1244,True
43,Background,102400,4.18767,4.27789048,0.09022048000000016,106400,True
35,Background,10240,4.18838,4.238086371,0.049706370999999194,106400,True
50,Background,102400,4.19032,4.348447005,0.15812700499999988,1087892,True
38,Background,1024,4.19182,4.952272209,0.7604522090000003,10838,True
44,Background,102400,4.19386,4.467900194,0.27404019400000035,1087892,True
37,Background,102400,4.1941,4.414658516,0.22055851600000054,106400,True
37,Background,104857600,4.19452,4.659906771,0.46538677100000037,106400,True
37,Background,102400,4.19481,4.275581218,0.08077121799999976,10838,True
50,Background,102400,4.19492,4.772374133,0.5774541329999998,106400,True
47,Background,10485760,4.195,4.289141275,0.09414127500000014,106400,True
46,Background,102400,4.19533,4.44062863,0.24529862999999974,10838,True
38,Background,102400,4.19545,4.383475172,0.18802517199999969,106400,True
35,Background,10240,4.1982,4.331023483,0.13282348300000013,10838,True
37,Background,102400,4.19885,4.287445383,0.08859538299999947,106400,True
51,Background,1048576,4.20172,4.269814622,0.06809462200000027,106400,True
47,Background,102400,4.20265,4.446004578,0.24335457799999993,1087892,True
29,Background,10240,4.20434,4.370331276,0.16599127599999974,1244,True
47,Background,10485760,4.20443,4.548242903,0.3438129029999999,1244,True
35,Background,10240,4.20626,4.488927792,0.2826677919999998,106400,True
33,Background,1048576,4.20657,4.782130799,0.5755607989999998,10838,True
42,Background,10485760,4.20685,4.263954835,0.05710483499999963,1244,True
39,Background,10240,4.20697,4.281622497,0.07465249699999976,1087892,True
48,Background,1024,4.20861,4.558933049,0.350323049,10838,True
36,Background,102400,4.20904,4.238086371,0.029046370999999738,106400,True
41,Background,10240,4.2091,4.273512325,0.06441232499999927,106400,True
33,Background,1024,4.21034,4.428697072,0.21835707199999987,106400,True
35,Background,10240,4.21073,4.260949965,0.050219965000000144,1087892,True
34,Background,1024,4.21112,4.481633633,0.2705136330000002,1087892,True
33,Background,102400,4.21163,4.289866644,0.07823664399999952,106400,True
36,Background,10485760,4.21202,4.260949965,0.04892996500000013,1087892,True
34,Background,1024,4.21256,4.782130799,0.5695707990000001,10838,True
37,Background,102400,4.21373,4.390388058,0.17665805800000012,10838,True
51,Background,104857600,4.21444,4.348447005,0.13400700499999996,1087892,True
53,Background,1048576,4.21467,4.26814965,0.05347964999999988,1087892,True
38,Background,10240,4.21565,4.414658516,0.19900851600000014,106400,True
47,Background,102400,4.2157,4.302806239,0.0871062389999997,10876994,True
37,Background,1048576,4.21626,4.52589176,0.30963176000000026,106400,True
36,Background,1048576,4.21687,4.723280249,0.506410249,106400,True
39,Background,102400,4.21841,4.383475172,0.16506517199999937,106400,True
50,Background,102400,4.21883,4.31159415,0.09276415000000071,10876994,True
24,Background,1024,4.21893,4.986293199,0.767363199,10838,True
47,Background,1048576,4.21958,4.869806894,0.6502268940000002,108768230,True
45,Background,102400,4.22055,4.254705636,0.03415563599999949,10838,True
43,Background,10240,4.22117,4.313772394,0.09260239400000003,10876994,True
38,Background,10240,4.22148,4.262878222,0.04139822200000065,1244,True
40,Background,102400,4.22162,4.624544,0.4029240000000005,106400,True
60,Background,1048576,4.22299,4.246876757,0.023886756999999648,1244,True
41,Background,102400,4.22361,4.624544,0.40093400000000035,106400,True
41,Background,1024,4.22371,4.45174927,0.22803927000000002,10838,True
34,Background,10240,4.22425,4.428697072,0.20444707200000067,106400,True
40,Background,102400,4.22486,4.383475172,0.1586151720000002,106400,True
45,Background,10240,4.22505,4.630705339,0.40565533899999995,106400,True
46,Background,10240,4.22631,4.741101792,0.5147917920000005,106400,True
51,Background,1024,4.22818,4.772374133,0.5441941329999995,106400,True
41,Background,10240,4.2298,4.383475172,0.1536751719999998,106400,True
46,Background,1024,4.23066,4.550311712,0.31965171199999975,106400,True
38,Background,102400,4.23412,4.871250524,0.6371305239999998,1244,True
61,Background,1048576,4.23543,4.246876757,0.011446756999999863,1244,True
48,Background,102400,4.23638,4.25788663,0.021506630000000193,1087892,True
42,Background,10240,4.23726,4.273512325,0.03625232499999953,106400,True
48,Background,10240,4.23762,4.248353247,0.010733247000000112,10838,True
45,Background,10240,4.23776,4.330964247,0.09320424700000007,10876994,True
50,Background,10240,4.23854,4.32069194,0.08215193999999926,10876994,True
46,Background,102400,4.23945,4.751841753,0.5123917530000002,1244,True
52,Background,104857600,4.24086,4.348447005,0.10758700500000007,1087892,True
38,Background,102400,4.24112,4.464425646,0.22330564600000002,10876994,True
39,Background,1048576,4.24198,4.458158024,0.2161780240000004,1087892,True
38,Background,102400,4.24253,4.769807362,0.5272773619999995,106400,True
34,Background,102400,4.24293,4.289866644,0.04693664399999964,106400,True
49,Background,1048576,4.24314,4.341534717,0.09839471699999969,10838,True
52,Background,102400,4.24453,4.772374133,0.5278441329999994,106400,True
40,Background,10240,4.24518,4.382589937,0.13740993699999926,1087892,True
39,Background,1024,4.2459,4.262878222,0.016978222000000542,1244,True
39,Background,1048576,4.24634,4.464425646,0.21808564599999958,10876994,True
43,Background,10240,4.2465,4.31985741,0.07335740999999985,106400,True
43,Background,102400,4.24927,4.263954835,0.01468483499999973,1244,True
42,Background,102400,4.25159,4.45174927,0.20015926999999945,10838,True
39,Background,102400,4.25174,4.769807362,0.518067362,106400,True
40,Background,1024,4.25309,4.404452129,0.1513621289999998,1244,True
41,Background,102400,4.25549,4.382589937,0.12709993699999966,1087892,True
42,Background,102400,4.25708,4.48552809,0.22844808999999966,1244,True
38,Background,1024,4.25746,4.287445383,0.029985382999999644,106400,True
43,Background,102400,4.25845,4.271280134,0.012830134000000548,10838,True
34,Background,102400,4.26014,4.342121918,0.08198191800000032,1087892,True
48,Background,1048576,4.26301,4.446004578,0.18299457799999974,1087892,True
48,Background,1048576,4.26329,4.580366872,0.31707687200000034,106400,True
39,Background,1048576,4.2641,4.287445383,0.023345382999999664,106400,True
42,Background,102400,4.2646,4.382589937,0.11798993699999993,1087892,True
35,Background,102400,4.26493,4.341116573,0.0761865730000002,10838,True
46,Background,10485760,4.26542,4.330964247,0.06554424700000006,10876994,True
39,Background,1048576,4.26594,4.871250524,0.6053105240000001,1244,True
40,Background,10485760,4.26623,4.287445383,0.021215382999999477,106400,True
42,Background,10240,4.26755,4.618783243,0.35123324300000025,106400,True
50,Background,102400,4.26884,4.329375002,0.06053500199999995,10838,True
41,Background,10485760,4.2689,4.404452129,0.1355521289999997,1244,True
53,Background,1048576,4.26946,4.348447005,0.07898700500000011,1087892,True
36,Background,10240,4.26969,4.280572363,0.010882363000000339,10838,True
40,Background,10240,4.27005,4.281622497,0.011572496999999515,1087892,True
52,Background,1048576,4.27033,4.328439879,0.058109878999999864,1087892,True
43,Background,10240,4.27123,4.294213116,0.022983115999999804,106400,True
36,Background,10240,4.27586,4.482321596,0.20646159600000047,1244,True
47,Background,1048576,4.27608,4.741101792,0.46502179199999993,106400,True
44,Background,10485760,4.27614,4.294213116,0.018073116000000056,106400,True
40,Background,102400,4.27713,4.415386658,0.13825665800000042,10838,True
38,Background,102400,4.27757,4.659906771,0.3823367710000003,106400,True
47,Background,10240,4.27775,4.751841753,0.4740917529999997,1244,True
42,Background,1024,4.27981,4.339768752,0.059958752000000004,10838,True
49,Background,10240,4.28163,4.759336666,0.47770666600000045,10838,True
44,Background,1024,4.28381,4.572233284,0.2884232840000003,1244,True
44,Background,102400,4.28393,4.292725344,0.00879534400000015,10838,True
52,Background,10240,4.28469,4.459061368,0.17437136800000008,106400,True
36,Background,102400,4.28512,4.488927792,0.2038077920000001,106400,True
25,Background,102400,4.28627,4.986293199,0.7000231990000003,10838,True
48,Background,102400,4.28879,4.317700832,0.02891083200000022,10838,True
33,Background,102400,4.28959,4.343722202,0.054132202000000795,106400,True
62,Background,10240,4.29005,4.338120868,0.04807086799999993,1244,True
32,Background,1048576,4.29092,4.424846447,0.13392644700000034,106400,True
36,Background,10485760,4.29243,4.401078289,0.10864828899999956,1087892,True
40,Background,10240,4.29269,4.483836328,0.19114632799999942,10876994,True
42,Background,1024,4.29275,4.624544,0.33179400000000037,106400,True
53,Background,1024,4.293,4.338103768,0.04510376799999971,10838,True
50,Background,102400,4.29313,4.341534717,0.048404717000000375,10838,True
43,Background,1024,4.29328,4.624544,0.331264,106400,True
37,Background,10240,4.29463,4.473147198,0.17851719800000065,1087892,True
50,Background,1048576,4.29497,4.759336666,0.4643666660000001,10838,True
35,Background,102400,4.29521,4.481633633,0.18642363300000042,1087892,True
38,Background,10240,4.29562,4.502836984,0.20721698399999955,1244,True
34,Background,1024,4.29818,4.343722202,0.04554220200000003,106400,True
35,Background,10240,4.29914,4.359033735,0.05989373499999928,106400,True
47,Background,10240,4.29965,4.550311712,0.2506617120000003,106400,True
35,Background,102400,4.3006,4.454252521,0.1536525209999997,10838,True
49,Background,102400,4.30073,4.317700832,0.016970832000000158,10838,True
38,Background,1024,4.30148,4.390388058,0.08890805800000035,10838,True
37,Background,102400,4.30246,4.401078289,0.09861828900000003,1087892,True
48,Background,10240,4.30261,4.373234059,0.07062405900000002,10838,True
45,Background,102400,4.30413,4.467900194,0.16377019400000048,1087892,True
46,Background,10240,4.30475,4.467900194,0.16315019399999997,1087892,True
48,Background,102400,4.30511,4.446901366,0.14179136599999964,10838,True
45,Background,1024,4.30649,5.059538363,0.7530483629999996,10838,True
54,Background,1024,4.30866,4.338103768,0.029443768000000148,10838,True
41,Background,1048576,4.30874,4.333506172,0.024766171999999642,106400,True
50,Background,102400,4.30922,4.958865606,0.649645606,1087892,True
39,Background,10240,4.30971,4.502836984,0.19312698400000006,1244,True
63,Background,1024,4.30974,4.338120868,0.02838086800000017,1244,True
44,Background,1048576,4.31103,4.31985741,0.008827410000000313,106400,True
45,Background,1048576,4.31578,4.388566664,0.07278666399999967,10876994,True
48,Background,1024,4.31667,4.372623607,0.05595360700000018,106400,True
38,Background,10485760,4.31699,4.52589176,0.2089017600000007,106400,True
44,Background,1024,4.31818,4.443518634,0.12533863400000023,1087892,True
43,Background,1024,4.31968,4.382589937,0.0629099369999997,1087892,True
44,Background,10485760,4.32021,4.747235916,0.42702591599999984,1087892,True
42,Background,10240,4.32024,4.333506172,0.013266171999999798,106400,True
37,Background,102400,4.32088,4.488927792,0.1680477920000003,106400,True
41,Background,10240,4.32251,4.564385908,0.24187590799999992,106400,True
37,Background,10240,4.32302,4.723280249,0.40026024900000046,106400,True
38,Background,10485760,4.32312,4.488927792,0.16580779199999984,106400,True
37,Background,102400,4.32413,4.908510717,0.5843807170000002,106400,True
44,Background,1048576,4.32433,4.624544,0.3002140000000004,106400,True
48,Background,1048576,4.32514,4.596650658,0.2715106579999995,108768230,True
36,Background,1024,4.32545,4.454252521,0.1288025209999999,10838,True
43,Background,102400,4.32619,4.45174927,0.12555926999999922,10838,True
42,Background,1024,4.32666,4.404452129,0.07779212899999965,1244,True
40,Background,10485760,4.32675,4.464425646,0.13767564599999993,10876994,True
49,Background,102400,4.32744,4.558933049,0.231493049,10838,True
45,Background,10240,4.32773,4.624544,0.29681400000000036,106400,True
36,Background,1024,4.32936,4.341116573,0.011756572999999548,10838,True
41,Background,1048576,4.32978,4.483836328,0.15405632799999935,10876994,True
53,Background,104857600,4.3302,4.880754674,0.5505546740000007,106400,True
44,Background,10240,4.33025,4.449293462,0.1190434619999996,10838,True
46,Background,10240,4.33103,4.503071757,0.17204175699999968,10876994,True
35,Background,102400,4.33195,4.403362261,0.07141226099999987,106400,True
40,Background,102400,4.3332,4.502836984,0.16963698400000027,1244,True
40,Background,1048576,4.3339,4.458158024,0.12425802400000041,1087892,True
42,Background,1048576,4.33492,4.414887097,0.07996709699999993,1087892,True
35,Background,1024,4.33577,4.343722202,0.007952202000000241,106400,True
39,Background,1048576,4.33726,4.414658516,0.07739851600000058,106400,True
37,Background,102400,4.33732,4.454252521,0.11693252099999984,10838,True
38,Background,1048576,4.33846,4.401078289,0.06261828899999955,1087892,True
38,Background,10240,4.33941,4.723280249,0.3838702490000001,106400,True
43,Background,102400,4.34011,4.657497003,0.31738700299999945,106400,True
39,Background,1048576,4.34022,4.952272209,0.6120522089999998,10838,True
44,Background,1048576,4.34324,4.382589937,0.03934993699999989,1087892,True
43,Background,1048576,4.34399,4.756351759,0.4123617590000004,1244,True
48,Background,102400,4.34401,4.550311712,0.20630171200000014,106400,True
39,Background,102400,4.34428,4.795940413,0.4516604129999999,10876994,True
48,Background,102400,4.34473,4.751841753,0.4071117529999997,1244,True
44,Background,102400,4.34692,4.756351759,0.4094317590000003,1244,True
44,Background,10240,4.34693,4.400134886,0.05320488599999962,1244,True
36,Background,1024,4.34788,4.403362261,0.055482260999999866,106400,True
39,Background,1048576,4.34801,4.390388058,0.04237805799999972,10838,True
43,Background,10485760,4.34955,4.640291967,0.29074196699999977,106400,True
44,Background,102400,4.34963,4.623293409,0.2736634090000001,10838,True
42,Background,10485760,4.3506,4.383475172,0.032875171999999786,106400,True
40,Background,10240,4.35122,4.448155539,0.0969355390000004,106400,True
53,Background,104857600,4.35164,4.459061368,0.10742136800000068,106400,True
52,Background,10240,4.35216,4.725118317,0.37295831700000015,10876994,True
37,Background,10240,4.35275,4.963197955,0.6104479549999997,10876994,True
46,Background,102400,4.35286,4.388566664,0.03570666400000011,10876994,True
37,Background,102400,4.35378,4.45921993,0.1054399299999993,1244,True
51,Background,1024,4.35378,4.958865606,0.6050856059999994,1087892,True
64,Background,10240,4.35388,4.53095759,0.17707758999999967,106400,True
51,Background,10240,4.35491,4.377227446,0.02231744599999974,10838,True
65,Background,1024,4.35503,4.53095759,0.1759275899999997,106400,True
39,Background,10240,4.35684,4.488927792,0.1320877920000001,106400,True
49,Background,102400,4.35777,4.446901366,0.08913136599999927,10838,True
40,Background,102400,4.36035,4.414658516,0.05430851599999986,106400,True
43,Background,10240,4.36097,4.618783243,0.2578132430000002,106400,True
50,Background,1024,4.36132,4.558933049,0.1976130490000001,10838,True
50,Background,1048576,4.36167,4.368618664,0.006948664000000271,10838,True
39,Background,1048576,4.36198,4.401078289,0.03909828900000001,1087892,True
45,Background,102400,4.36491,4.400134886,0.035224885999999955,1244,True
53,Background,102400,4.36767,4.772374133,0.4047041329999992,106400,True
36,Background,1048576,4.36834,4.481633633,0.1132936330000005,1087892,True
44,Background,1048576,4.36853,4.657497003,0.2889670029999998,106400,True
37,Background,10240,4.36861,4.377122898,0.008512897999999325,1087892,True
49,Background,102400,4.36893,4.428456413,0.05952641300000039,10876994,True
44,Background,10485760,4.36967,4.618783243,0.24911324300000004,106400,True
48,Background,104857600,4.37044,4.548242903,0.1778029029999999,1244,True
38,Background,102400,4.37046,4.908510717,0.5380507170000008,106400,True
39,Background,1048576,4.37062,4.52589176,0.15527176000000065,106400,True
45,Background,1048576,4.37229,4.623293409,0.25100340900000084,10838,True
39,Background,10240,4.37259,4.659906771,0.2873167710000004,106400,True
51,Background,10240,4.37334,4.646963112,0.2736231120000001,108768230,True
49,Background,1048576,4.37401,4.596650658,0.22264065799999955,108768230,True
40,Background,102400,4.37418,4.871250524,0.49707052399999974,1244,True
52,Background,102400,4.37451,4.958865606,0.5843556059999999,1087892,True
54,Background,1048576,4.37464,4.772374133,0.39773413299999927,106400,True
46,Background,10240,4.37711,4.400134886,0.023024885999999967,1244,True
36,Background,102400,4.37792,4.495350476,0.117430476,106400,True
46,Background,10240,4.37846,4.440229266,0.061769266000000655,1087892,True
46,Background,1048576,4.37945,4.495551123,0.11610112299999997,106400,True
43,Background,10240,4.37949,4.48552809,0.1060380900000002,1244,True
48,Background,102400,4.37996,4.439062735,0.05910273500000063,10838,True
49,Background,10240,4.38041,4.591805682,0.21139568200000003,106400,True
51,Background,102400,4.38108,4.393695809,0.0126158089999997,1087892,True
48,Background,1024,4.3812,4.869806894,0.4886068940000001,108768230,True
46,Background,10240,4.38151,4.623293409,0.24178340900000084,10838,True
42,Background,1048576,4.38195,4.720227359,0.3382773590000001,10838,True
49,Background,102400,4.38211,4.751841753,0.36973175299999994,1244,True
47,Background,10240,4.38326,4.43563261,0.05237260999999993,1244,True
36,Background,1048576,4.38388,4.608047903,0.22416790299999967,1244,True
26,Background,102400,4.38446,4.986293199,0.6018331990000005,10838,True
47,Background,1024,4.38578,4.623293409,0.23751340900000084,10838,True
42,Background,10240,4.38586,4.483836328,0.09797632799999967,10876994,True
40,Background,102400,4.38607,4.769807362,0.38373736199999975,106400,True
51,Background,102400,4.38643,4.473710401,0.08728040100000012,1244,True
41,Background,10240,4.38774,4.502836984,0.11509698400000001,1244,True
32,Background,1024,4.38987,4.964138846,0.5742688459999998,1087892,True
47,Background,10240,4.39003,4.495551123,0.10552112299999994,106400,True
43,Background,10240,4.39037,4.414887097,0.024517097000000376,1087892,True
48,Background,10240,4.39139,4.495551123,0.10416112299999991,106400,True
41,Background,1048576,4.39162,4.414658516,0.02303851600000062,106400,True
37,Background,1048576,4.39188,4.396125415,0.004245415000000641,10838,True
43,Background,1048576,4.39262,4.521950008,0.12933000800000016,1087892,True
40,Background,102400,4.39263,4.795940413,0.4033104130000007,10876994,True
50,Background,1048576,4.39544,4.591805682,0.1963656820000006,106400,True
45,Background,102400,4.39603,4.747235916,0.3512059160000005,1087892,True
43,Background,102400,4.39608,4.630559567,0.23447956699999928,1244,True
33,Background,102400,4.40001,4.964138846,0.564128846,1087892,True
36,Background,1048576,4.40031,4.459085816,0.058775815999999814,10876994,True
44,Background,10240,4.40035,4.414887097,0.014537096999999832,1087892,True
43,Background,1048576,4.40097,4.512506584,0.11153658399999955,106400,True
38,Background,104857600,4.40104,4.45921993,0.05817992999999966,1244,True
44,Background,1048576,4.4015,4.45174927,0.050249269999999235,10838,True
39,Background,1048576,4.40234,4.524959264,0.1226192639999999,106400,True
36,Background,102400,4.40277,4.499060119,0.09629011899999984,1087892,True
40,Background,102400,4.40277,4.488927792,0.08615779199999984,106400,True
47,Background,102400,4.40336,4.440229266,0.03686926600000007,1087892,True
38,Background,1048576,4.40574,4.626785598,0.2210455979999999,10838,True
37,Background,10240,4.40576,4.608047903,0.2022879030000002,1244,True
54,Background,1048576,4.4067,4.459061368,0.052361368000000574,106400,True
42,Background,102400,4.40702,4.414658516,0.007638516000000095,106400,True
45,Background,10485760,4.40746,4.519944793,0.11248479299999925,10876994,True
41,Background,102400,4.40836,4.432336848,0.023976848000000217,1087892,True
40,Background,10240,4.40939,4.524959264,0.11556926399999945,106400,True
46,Background,10240,4.41023,4.747235916,0.33700591599999985,1087892,True
45,Background,1024,4.41096,4.449293462,0.03833346199999976,10838,True
41,Background,1048576,4.41318,4.415386658,0.0022066580000004166,10838,True
37,Background,1048576,4.41329,4.495350476,0.08206047599999966,106400,True
47,Background,102400,4.41568,4.503071757,0.08739175699999979,10876994,True
44,Background,102400,4.4171,4.521950008,0.10485000800000055,1087892,True
45,Background,1024,4.41736,4.783889032,0.36652903199999987,10876994,True
50,Background,10240,4.41925,4.751841753,0.332591753,1244,True
45,Background,1024,4.42248,4.756351759,0.333871759,1244,True
30,Background,10240,4.42346,4.667181708,0.24372170799999981,1087892,True
49,Background,102400,4.4237,4.548242903,0.12454290300000004,1244,True
41,Background,1048576,4.42568,4.524959264,0.09927926399999976,106400,True
59,Background,1048576,4.42655,4.518181709,0.0916317090000005,1087892,True
37,Background,1024,4.42903,4.459085816,0.030055815999999957,10876994,True
46,Background,10240,4.43102,4.944232096,0.5132120960000002,10838,True
50,Background,102400,4.43146,4.563740458,0.13228045799999943,106400,True
48,Background,10485760,4.43279,4.43563261,0.0028426100000000787,1244,True
51,Background,1024,4.43286,4.563740458,0.13088045800000003,106400,True
41,Background,10240,4.43379,4.871250524,0.4374605239999996,1244,True
52,Background,102400,4.43457,4.646963112,0.212393112,108768230,True
39,Background,102400,4.4346,4.559595881,0.12499588100000025,10838,True
54,Background,10240,4.43472,4.630124686,0.19540468599999983,1244,True
52,Background,1048576,4.43516,4.5603116,0.12515160000000058,106400,True
41,Background,10485760,4.43662,4.464425646,0.027805646000000017,10876994,True
47,Background,1024,4.43663,4.944232096,0.5076020960000003,10838,True
51,Background,10240,4.4367,4.591805682,0.1551056820000003,106400,True
53,Background,102400,4.43676,4.807837359,0.37107735900000005,106400,True
52,Background,1024,4.43684,4.656079239,0.2192392390000002,1244,True
55,Background,102400,4.43712,4.630124686,0.1930046860000001,1244,True
41,Background,102400,4.43817,4.448155539,0.009985538999999655,106400,True
40,Background,102400,4.44155,4.449727862,0.008177861999999259,10838,True
44,Background,1048576,4.44287,4.463903473,0.021033473000000136,106400,True
38,Background,1024,4.44334,4.490181413,0.04684141300000011,10838,True
51,Background,102400,4.44374,4.751841753,0.30810175299999987,1244,True
54,Background,1048576,4.44453,4.807837359,0.36330735899999933,106400,True
33,Background,1048576,4.44507,4.668260186,0.22319018600000007,10876994,True
43,Background,1024,4.44549,4.720227359,0.2747373589999995,10838,True
46,Background,10240,4.44572,4.568123812,0.12240381199999995,10838,True
46,Background,10240,4.44641,4.458657633,0.012247632999999425,106400,True
31,Background,10240,4.44657,4.667181708,0.22061170799999985,1087892,True
48,Background,10240,4.44665,4.741101792,0.29445179200000027,106400,True
43,Background,10240,4.44682,4.459150768,0.012330767999999992,1244,True
55,Background,102400,4.44847,4.807837359,0.3593673589999993,106400,True
46,Background,10240,4.44964,4.783889032,0.33424903200000067,10876994,True
41,Background,10240,4.45042,4.795940413,0.345520413,10876994,True
49,Background,1048576,4.45043,4.643833775,0.19340377500000017,1087892,True
53,Background,102400,4.45068,4.958865606,0.5081856059999996,1087892,True
38,Background,1048576,4.45155,4.963197955,0.5116479549999999,10876994,True
42,Background,1048576,4.45286,4.900076154,0.4472161539999995,10838,True
43,Background,102400,4.45303,4.54855599,0.09552598999999962,106400,True
46,Background,1024,4.45337,5.059538363,0.6061683630000001,10838,True
51,Background,1048576,4.457,4.466603757,0.009603756999999824,10838,True
35,Background,1048576,4.45743,4.645475807,0.18804580700000084,1087892,True
45,Background,104857600,4.4576,4.618783243,0.16118324299999998,106400,True
39,Background,102400,4.45764,4.908510717,0.4508707170000008,106400,True
56,Background,1024,4.45829,4.630124686,0.1718346860000004,1244,True
45,Background,10240,4.45949,4.572233284,0.11274328400000044,1244,True
50,Background,10240,4.46087,4.641176423,0.18030642300000022,1244,True
44,Background,102400,4.4614,4.479234592,0.017834591999999816,1087892,True
49,Background,102400,4.46148,4.934366768,0.4728867680000004,10838,True
47,Background,10240,4.46406,4.467900194,0.003840194000000352,1087892,True
46,Background,1024,4.46434,4.572233284,0.1078932840000002,1244,True
27,Background,104857600,4.46547,4.986293199,0.5208231990000005,10838,True
50,Background,102400,4.46583,4.934366768,0.4685367679999999,10838,True
41,Background,10485760,4.466,4.509297743,0.04329774300000011,1087892,True
45,Background,10240,4.46603,4.629533902,0.16350390200000042,1087892,True
39,Background,102400,4.46608,4.723280249,0.25720024900000027,106400,True
43,Background,102400,4.46686,4.900076154,0.43321615400000013,10838,True
49,Background,1024,4.46727,4.741101792,0.2738317920000002,106400,True
42,Background,10240,4.46857,4.524959264,0.056389263999999883,106400,True
37,Background,102400,4.46863,4.658316591,0.18968659100000007,10876994,True
36,Background,102400,4.4688,4.512185479,0.04338547900000034,106400,True
47,Background,10485760,4.46883,4.747235916,0.27840591600000053,1087892,True
54,Background,102400,4.46891,4.958865606,0.48995560599999965,1087892,True
50,Background,1048576,4.46911,4.675773278,0.20666327800000062,1244,True
45,Background,102400,4.46927,4.521950008,0.05268000800000028,1087892,True
38,Background,1024,4.47047,4.648736603,0.17826660299999997,10838,True
46,Background,10240,4.47083,4.630705339,0.15987533900000006,106400,True
47,Background,1048576,4.47089,4.568123812,0.09723381199999981,10838,True
43,Background,1048576,4.47098,4.621433696,0.15045369600000047,10838,True
52,Background,102400,4.47207,4.563740458,0.0916704579999994,106400,True
51,Background,10240,4.47241,4.641176423,0.1687664230000001,1244,True
48,Background,1024,4.47242,4.623293409,0.1508734090000008,10838,True
39,Background,102400,4.47296,4.477665464,0.004705464000000603,106400,True
55,Background,102400,4.47383,4.507872911,0.03404291099999934,10838,True
55,Background,102400,4.47431,4.958865606,0.4845556059999998,1087892,True
53,Background,10240,4.47645,4.725118317,0.24866831699999992,10876994,True
42,Background,102400,4.47742,4.564385908,0.08696590799999981,106400,True
47,Background,10240,4.47742,4.534730056,0.0573100559999995,1244,True
43,Background,10485760,4.47815,4.608117407,0.12996740699999965,10838,True
56,Background,1048576,4.48089,4.507872911,0.026982911000000165,10838,True
41,Background,102400,4.48112,4.488927792,0.007807792000000369,106400,True
41,Background,102400,4.48174,4.769807362,0.2880673619999996,106400,True
37,Background,10240,4.48176,4.499060119,0.017300118999999725,1087892,True
44,Background,1024,4.48186,4.630559567,0.14869956699999953,1244,True
47,Background,10240,4.48207,4.535978528,0.05390852800000001,106400,True
38,Background,10240,4.48335,4.661101274,0.17775127400000024,106400,True
52,Background,1024,4.48433,4.591805682,0.10747568200000046,106400,True
52,Background,102400,4.48485,4.601428008,0.11657800800000029,1087892,True
53,Background,10240,4.48518,4.601428008,0.11624800800000035,1087892,True
37,Background,10240,4.48706,4.512185479,0.025125479000000617,106400,True
44,Background,10240,4.48725,4.720227359,0.2329773589999995,10838,True
35,Background,10240,4.48798,4.624139278,0.13615927800000005,1087892,True
49,Background,1024,4.48808,4.82640542,0.3383254200000003,108768230,True
38,Background,10240,4.48841,4.658316591,0.16990659100000016,10876994,True
48,Background,102400,4.48926,4.747235916,0.25797591600000036,1087892,True
43,Background,1048576,4.48979,4.564385908,0.07459590800000004,106400,True
51,Background,10240,4.49251,4.675773278,0.18326327800000008,1244,True
45,Background,1048576,4.49311,4.630559567,0.137449567,1244,True
45,Background,1048576,4.49345,4.688678325,0.19522832499999954,1087892,True
42,Background,10240,4.49372,4.871250524,0.377530524,1244,True
42,Background,1048576,4.49578,4.509297743,0.013517743000000415,1087892,True
42,Background,1048576,4.49666,4.502836984,0.006176983999999663,1244,True
50,Background,102400,4.49711,4.82640542,0.3292954200000002,108768230,True
53,Background,10240,4.49777,4.5603116,0.06254160000000031,106400,True
60,Background,102400,4.49783,4.518181709,0.02035170899999983,1087892,True
49,Background,102400,4.49815,4.869806894,0.371656894,108768230,True
40,Background,102400,4.49974,4.952272209,0.45253220900000013,10838,True
40,Background,10485760,4.50055,4.659906771,0.15935677100000056,106400,True
51,Background,102400,4.50311,4.759336666,0.2562266659999999,10838,True
45,Background,102400,4.50367,4.657497003,0.15382700299999996,106400,True
41,Background,102400,4.50413,4.952272209,0.44814220900000024,10838,True
55,Background,10485760,4.50482,4.526453584,0.021633584000000816,106400,True
52,Background,102400,4.50564,4.751841753,0.24620175300000025,1244,True
41,Background,1048576,4.50566,4.799538556,0.2938785560000001,10876994,True
33,Background,102400,4.50597,4.557608937,0.05163893700000077,10838,True
38,Background,10240,4.50822,4.608047903,0.09982790300000044,1244,True
46,Background,102400,4.50888,4.630559567,0.12167956699999927,1244,True
49,Background,102400,4.50924,4.747235916,0.23799591600000003,1087892,True
50,Background,1024,4.50942,4.643833775,0.13441377499999962,1087892,True
46,Background,1048576,4.50944,4.756351759,0.2469117590000005,1244,True
51,Background,10485760,4.51004,4.643833775,0.133793775,1087892,True
32,Background,1048576,4.5135,4.667181708,0.15368170800000058,1087892,True
39,Background,10240,4.51509,4.608047903,0.09295790300000029,1244,True
38,Background,1024,4.51539,4.681574526,0.16618452600000033,10838,True
47,Background,102400,4.51552,4.756351759,0.24083175899999976,1244,True
39,Background,102400,4.51575,4.681574526,0.16582452600000064,10838,True
40,Background,102400,4.51758,4.52589176,0.008311760000000668,106400,True
43,Background,10485760,4.51773,4.667372363,0.1496423629999999,1087892,True
56,Background,10485760,4.51836,4.807837359,0.28947735899999927,106400,True
40,Background,1024,4.52063,4.723280249,0.2026502490000004,106400,True
54,Background,102400,4.52108,4.725118317,0.2040383169999993,10876994,True
37,Background,104857600,4.5214,4.94639617,0.42499617,1244,True
54,Background,10240,4.52208,4.548254522,0.02617452199999981,106400,True
40,Background,102400,4.52543,4.681574526,0.15614452600000028,10838,True
40,Background,102400,4.52591,4.608047903,0.08213790300000046,1244,True
52,Background,10240,4.52805,4.688977163,0.16092716299999932,106400,True
40,Background,102400,4.52897,4.786171485,0.2572014849999995,1087892,True
48,Background,10240,4.52932,4.534730056,0.005410055999999663,1244,True
46,Background,10240,4.52971,4.657497003,0.1277870029999999,106400,True
42,Background,10240,4.53088,4.952272209,0.4213922090000004,10838,True
46,Background,10240,4.53108,4.688678325,0.15759832499999948,1087892,True
33,Background,10240,4.53157,4.667181708,0.1356117079999999,1087892,True
47,Background,102400,4.53187,4.630705339,0.09883533900000074,106400,True
47,Background,102400,4.5322,4.543093704,0.010893704000000781,1244,True
44,Background,10240,4.53221,4.564385908,0.03217590800000014,106400,True
47,Background,10240,4.53288,5.057031371,0.5241513710000003,1087892,True
38,Background,10240,4.53454,4.699060014,0.16452001399999983,10876994,True
39,Background,10240,4.53621,4.661101274,0.12489127400000033,106400,True
57,Background,1048576,4.53705,4.807837359,0.27078735899999984,106400,True
44,Background,102400,4.53753,4.667372363,0.12984236299999985,1087892,True
57,Background,10485760,4.53791,5.328354108,0.790444108,10876994,True
54,Background,10240,4.53806,4.880754674,0.34269467400000053,106400,True
43,Background,102400,4.53895,5.196531504,0.6575815040000004,108768230,True
44,Background,1024,4.53917,4.621433696,0.08226369600000005,10838,True
55,Background,1048576,4.53942,4.725118317,0.18569831699999995,10876994,True
44,Background,102400,4.53944,4.640291967,0.10085196699999965,106400,True
43,Background,10240,4.53984,4.562344185,0.022504184999999843,10838,True
53,Background,102400,4.54061,4.751841753,0.21123175299999986,1244,True
49,Background,102400,4.54154,4.788983881,0.2474438809999997,106400,True
37,Background,10485760,4.54217,4.614967224,0.07279722400000033,106400,True
44,Background,1048576,4.54307,4.688576494,0.14550649400000015,10838,True
38,Background,102400,4.54369,4.614967224,0.07127722400000014,106400,True
43,Background,1048576,4.54437,4.913116579,0.36874657900000063,106400,True
47,Background,1024,4.54518,4.783889032,0.23870903200000004,10876994,True
36,Background,102400,4.5453,4.645475807,0.10017580700000028,1087892,True
49,Background,102400,4.54551,4.927140202,0.3816302020000002,1087892,True
52,Background,10240,4.54627,4.641176423,0.0949064230000003,1244,True
41,Background,1024,4.54718,5.047200743,0.5000207430000003,1087892,True
50,Background,1024,4.54763,4.747235916,0.19960591600000033,1087892,True
47,Background,1024,4.54782,5.059538363,0.511718363,10838,True
47,Background,1048576,4.54807,4.630559567,0.08248956699999965,1244,True
48,Background,10240,4.54856,4.594507749,0.04594774899999976,106400,True
45,Background,102400,4.54879,4.720227359,0.17143735899999957,10838,True
57,Background,1048576,4.54883,4.630124686,0.08129468600000056,1244,True
48,Background,102400,4.54972,5.059538363,0.5098183629999999,10838,True
55,Background,102400,4.55037,4.593295864,0.04292586399999987,1087892,True
49,Background,10240,4.55074,4.594507749,0.04376774899999969,106400,True
55,Background,102400,4.5515,4.880754674,0.3292546740000004,106400,True
40,Background,10240,4.55227,4.552077096,-0.00019290400000038233,1244,True
49,Background,1048576,4.55256,4.608441759,0.05588175900000003,10838,True
35,Background,10485760,4.55262,4.782130799,0.22951079899999982,10838,True
50,Background,10240,4.5527,4.788983881,0.2362838810000003,106400,True
28,Background,1048576,4.55437,4.986293199,0.43192319900000076,10838,True
45,Background,102400,4.55437,4.564385908,0.010015908000000628,106400,True
46,Background,102400,4.55655,4.618783243,0.06223324300000055,106400,True
45,Background,10240,4.55709,4.688576494,0.13148649400000068,10838,True
52,Background,1048576,4.55723,4.748539197,0.1913091970000007,1244,True
38,Background,10240,4.55772,5.136834163,0.5791141629999998,106400,True
41,Background,10240,4.55869,4.786171485,0.22748148499999932,1087892,True
58,Background,1048576,4.56021,4.630124686,0.06991468600000061,1244,True
34,Background,1048576,4.56124,5.387025869,0.8257858690000006,1087892,True
52,Background,1024,4.56305,4.612214082,0.049164082000000775,10838,True
39,Background,1048576,4.56401,4.626785598,0.06277559799999999,10838,True
48,Background,1048576,4.56592,4.824446834,0.25852683399999954,1244,True
53,Background,10240,4.56736,4.591805682,0.024445682000000524,106400,True
44,Background,1048576,4.56865,4.850143127,0.28149312700000007,1244,True
53,Background,102400,4.56922,4.748539197,0.17931919700000076,1244,True
38,Background,1048576,4.56966,4.655838871,0.08617887100000043,1244,True
42,Background,1048576,4.56998,4.799538556,0.22955855599999975,10876994,True
51,Background,1048576,4.57034,4.686466458,0.1161264580000001,106400,True
41,Background,1048576,4.57165,4.659906771,0.08825677100000018,106400,True
34,Background,102400,4.57207,4.667181708,0.09511170800000013,1087892,True
45,Background,10240,4.57233,4.621433696,0.04910369600000042,10838,True
41,Background,10240,4.57255,4.681574526,0.10902452600000068,10838,True
39,Background,102400,4.57257,4.699060014,0.12649001399999982,10876994,True
52,Background,102400,4.57259,4.643833775,0.07124377500000012,1087892,True
39,Background,1024,4.57317,5.136834163,0.5636641629999994,106400,True
43,Background,102400,4.57338,4.952272209,0.378892209,10838,True
38,Background,102400,4.57391,4.76581992,0.1919099200000005,10838,True
42,Background,1048576,4.57577,4.696639518,0.12086951799999923,106400,True
54,Background,10485760,4.57583,4.601428008,0.025598008000000227,1087892,True
42,Background,10240,4.57593,5.047200743,0.4712707430000007,1087892,True
48,Background,102400,4.57603,4.783889032,0.207859032,10876994,True
39,Background,102400,4.57621,4.648736603,0.07252660300000002,10838,True
47,Background,1024,4.57687,4.688678325,0.11180832499999926,1087892,True
43,Background,10240,4.5769,4.871250524,0.2943505239999995,1244,True
44,Background,102400,4.57784,4.913116579,0.3352765790000003,106400,True
36,Background,1048576,4.57997,4.782130799,0.2021607989999996,10838,True
38,Background,10240,4.58062,4.94639617,0.3657761700000002,1244,True
46,Background,10240,4.58137,4.600698306,0.01932830600000024,106400,True
44,Background,10240,4.58329,4.871250524,0.28796052399999983,1244,True
52,Background,102400,4.58354,4.686466458,0.10292645799999978,106400,True
42,Background,10240,4.58746,4.795940413,0.2084804130000002,10876994,True
49,Background,1024,4.58886,4.623293409,0.034433409000000026,10838,True
41,Background,10485760,4.5899,4.723280249,0.133380249,106400,True
44,Background,1048576,4.59067,4.608117407,0.017447406999999693,10838,True
40,Background,10240,4.5914,5.136834163,0.5454341629999995,106400,True
45,Background,1048576,4.59233,4.655306488,0.06297648800000033,10838,True
56,Background,10240,4.5932,4.880754674,0.2875546739999999,106400,True
49,Background,10240,4.59368,4.693700078,0.10002007800000001,10838,True
45,Background,10240,4.59488,5.177166991,0.5822869910000001,10838,True
37,Background,102400,4.59493,4.782130799,0.1872007990000002,10838,True
50,Background,102400,4.59526,4.869806894,0.2745468940000002,108768230,True
39,Background,1024,4.59706,4.658316591,0.06125659100000025,10876994,True
38,Background,10240,4.59762,4.636741471,0.03912147099999963,1244,True
43,Background,1048576,4.60099,4.799538556,0.19854855599999954,10876994,True
52,Background,102400,4.60142,4.675773278,0.07435327800000024,1244,True
43,Background,102400,4.60343,4.872551968,0.26912196799999943,1244,True
51,Background,10240,4.60373,4.788983881,0.1852538810000004,106400,True
54,Background,1024,4.6045,4.991025575,0.3865255750000003,10876994,True
43,Background,1048576,4.60485,4.696639518,0.09178951799999968,106400,True
58,Background,1024,4.60486,4.807837359,0.20297735899999925,106400,True
44,Background,1024,4.605,4.872551968,0.26755196799999936,1244,True
46,Background,102400,4.6056,4.621433696,0.015833696000000508,10838,True
55,Background,102400,4.60642,4.772374133,0.16595413299999962,106400,True
45,Background,1024,4.60743,4.667372363,0.05994236300000022,1087892,True
49,Background,102400,4.60749,5.059538363,0.4520483629999994,10838,True
46,Background,102400,4.60795,4.746023133,0.1380731329999998,1244,True
51,Background,102400,4.60837,4.934366768,0.32599676800000044,10838,True
41,Background,102400,4.60861,4.703653113,0.09504311300000001,10838,True
47,Background,102400,4.6104,4.91117423,0.30077423000000003,1244,True
44,Background,102400,4.61405,4.769207616,0.15515761600000033,106400,True
39,Background,1048576,4.61424,4.881851159,0.2676111590000003,106400,True
53,Background,10240,4.61441,4.688977163,0.07456716299999933,106400,True
43,Background,10240,4.61559,5.047200743,0.43161074300000024,1087892,True
66,Background,1024,4.61633,4.691163182,0.07483318200000078,1087892,True
54,Background,1048576,4.61638,4.748539197,0.132159197,1244,True
46,Background,10240,4.61828,4.720227359,0.10194735899999952,10838,True
61,Background,1048576,4.61838,4.672581886,0.05420188599999953,106400,True
48,Background,10240,4.61838,4.630705339,0.012325339000000213,106400,True
41,Background,10485760,4.61969,4.70150337,0.08181336999999989,1244,True
45,Background,102400,4.62014,4.646038123,0.02589812300000016,10838,True
49,Background,10485760,4.62106,4.630705339,0.009645339000000419,106400,True
40,Background,1048576,4.62132,4.658316591,0.0369965910000003,10876994,True
42,Background,1048576,4.62136,4.70150337,0.08014337000000005,1244,True
56,Background,10240,4.62188,4.772374133,0.15049413299999959,106400,True
48,Background,1048576,4.62274,4.91117423,0.28843423,1244,True
53,Background,102400,4.62385,4.643833775,0.019983775000000037,1087892,True
50,Background,10240,4.62426,4.79122272,0.16696272000000079,10838,True
48,Background,10240,4.62462,5.027493374,0.40287337399999945,106400,True
46,Background,1048576,4.62483,4.646038123,0.02120812300000008,10838,True
39,Background,1024,4.62538,4.76581992,0.14043992000000038,10838,True
43,Background,10240,4.62574,4.70150337,0.07576336999999977,1244,True
54,Background,102400,4.62583,4.643833775,0.018003775000000388,1087892,True
55,Background,10240,4.62704,4.991025575,0.36398557500000006,10876994,True
34,Background,10485760,4.62715,4.964138846,0.3369888459999997,1087892,True
40,Background,10485760,4.62724,4.661101274,0.033861274000000385,106400,True
45,Background,1024,4.62761,4.884696021,0.2570860210000001,1087892,True
36,Background,10240,4.62776,4.756794346,0.12903434600000008,1087892,True
46,Background,102400,4.62873,4.667372363,0.038642363000000124,1087892,True
47,Background,1048576,4.6295,4.667372363,0.037872362999999964,1087892,True
44,Background,102400,4.63059,4.731621421,0.10103142100000007,1087892,True
45,Background,1024,4.63096,4.871250524,0.24029052399999973,1244,True
37,Background,102400,4.63111,4.645475807,0.014365807000000785,1087892,True
53,Background,104857600,4.63496,4.686466458,0.05150645799999953,106400,True
34,Background,102400,4.63551,4.668260186,0.03275018600000035,10876994,True
56,Background,102400,4.63763,4.714325457,0.07669545700000047,106400,True
50,Background,10240,4.63835,4.899510394,0.261160394,10838,True
49,Background,10485760,4.63866,4.943084094,0.3044240939999998,10838,True
45,Background,10240,4.63987,4.731621421,0.09175142099999967,1087892,True
55,Background,1048576,4.64043,4.643833775,0.0034037749999997757,1087892,True
44,Background,102400,4.64156,4.70150337,0.05994337000000005,1244,True
40,Background,102400,4.64202,4.76581992,0.12379992000000062,10838,True
35,Background,102400,4.64204,5.387025869,0.7449858690000006,1087892,True
44,Background,102400,4.64239,4.900076154,0.25768615399999995,10838,True
46,Background,1024,4.64264,4.816294781,0.17365478099999976,1244,True
51,Background,1024,4.64381,4.733379642,0.08956964199999984,1087892,True
42,Background,10485760,4.64656,4.681574526,0.03501452600000032,10838,True
47,Background,1024,4.647,4.720227359,0.07322735899999966,10838,True
54,Background,10485760,4.64788,4.686466458,0.03858645800000016,106400,True
50,Background,102400,4.64905,4.693700078,0.04465007800000009,10838,True
50,Background,102400,4.64921,4.927140202,0.2779302020000003,1087892,True
45,Background,1024,4.64975,4.70150337,0.05175337000000013,1244,True
55,Background,102400,4.65025,4.748539197,0.0982891970000006,1244,True
40,Background,102400,4.65087,4.908510717,0.25764071700000013,106400,True
54,Background,1048576,4.65109,4.751841753,0.10075175299999994,1244,True
44,Background,102400,4.65129,5.047200743,0.39591074299999995,1087892,True
43,Background,1048576,4.6514,5.183267421,0.5318674210000003,1244,True
49,Background,10240,4.65217,5.027493374,0.3753233739999997,106400,True
45,Background,1048576,4.65217,5.047200743,0.3950307430000004,1087892,True
45,Background,10240,4.65302,5.025644296,0.3726242960000006,1244,True
62,Background,10240,4.65526,4.672581886,0.01732188599999951,106400,True
53,Background,10240,4.65559,4.779166065,0.12357606499999996,10838,True
51,Background,1048576,4.65609,4.899510394,0.24342039400000015,10838,True
47,Background,10240,4.65712,4.746023133,0.08890313299999963,1244,True
47,Background,102400,4.65826,4.760983686,0.10272368600000004,1244,True
44,Background,1024,4.66096,4.799538556,0.1385785559999997,10876994,True
52,Background,1048576,4.66098,4.934366768,0.27338676799999995,10838,True
55,Background,1048576,4.66222,4.807504621,0.14528462100000006,106400,True
46,Background,1024,4.66435,5.025644296,0.3612942960000005,1244,True
35,Background,1024,4.66436,4.964138846,0.2997788459999997,1087892,True
46,Background,102400,4.66627,4.855145778,0.18887577799999988,10838,True
50,Background,1048576,4.66694,5.027493374,0.3605533739999993,106400,True
36,Background,102400,4.667,5.387025869,0.7200258690000005,1087892,True
57,Background,1048576,4.66763,4.772374133,0.10474413299999963,106400,True
51,Background,102400,4.66783,4.828768757,0.16093875699999938,106400,True
50,Background,10240,4.6691,4.687793121,0.01869312100000009,10838,True
47,Background,102400,4.67255,4.848517471,0.17596747099999988,10838,True
36,Background,1024,4.67285,4.964138846,0.2912888459999996,1087892,True
40,Background,10485760,4.67379,4.72317923,0.04938923000000006,1244,True
39,Background,10240,4.67534,4.94639617,0.2710561699999996,1244,True
52,Background,1048576,4.67562,4.899510394,0.22389039399999966,10838,True
46,Background,102400,4.67649,4.731621421,0.05513142099999957,1087892,True
37,Background,10240,4.67664,4.901147403,0.2245074030000005,1244,True
51,Background,102400,4.67726,4.693700078,0.01644007799999958,10838,True
46,Background,1024,4.67788,4.835228454,0.15734845400000008,10838,True
52,Background,1024,4.67864,4.788983881,0.11034388100000037,106400,True
47,Background,102400,4.67909,4.777383327,0.09829332699999949,106400,True
45,Background,102400,4.67942,4.977888961,0.2984689609999993,10876994,True
48,Background,1024,4.67987,4.887462058,0.20759205799999947,10838,True
45,Background,102400,4.68102,4.850143127,0.16912312699999976,1244,True
41,Background,10485760,4.68157,5.136834163,0.45526416299999983,106400,True
53,Background,102400,4.68199,4.722399454,0.040409453999999734,1087892,True
56,Background,10240,4.68351,4.725118317,0.04160831699999967,10876994,True
48,Background,10240,4.68471,4.746023133,0.06131313299999963,1244,True
50,Background,102400,4.68678,4.943084094,0.25630409399999987,10838,True
48,Background,1024,4.68803,4.724362942,0.03633294199999959,1244,True
42,Background,1048576,4.68843,4.703653113,0.015223112999999344,10838,True
46,Background,10240,4.68888,4.977888961,0.2890089609999995,10876994,True
51,Background,10485760,4.6893,4.747235916,0.05793591599999992,1087892,True
43,Background,1048576,4.69022,4.702050714,0.011830714000000242,1087892,True
42,Background,10485760,4.69084,4.786171485,0.095331485,1087892,True
49,Background,1048576,4.69107,4.933091128,0.2420211280000002,10838,True
48,Background,10240,4.69112,4.744932196,0.05381219599999998,1087892,True
67,Background,1048576,4.69169,4.7369898,0.04529979999999956,1087892,True
40,Background,102400,4.69237,5.122178869,0.4298088689999995,10876994,True
46,Background,1048576,4.69254,4.871250524,0.17871052399999954,1244,True
48,Background,102400,4.69301,4.848517471,0.15550747099999995,10838,True
53,Background,102400,4.6933,4.899510394,0.20621039400000019,10838,True
29,Background,1024,4.69493,4.986293199,0.2913631990000001,10838,True
40,Background,1048576,4.69771,4.94639617,0.24868617000000004,1244,True
46,Background,102400,4.69843,5.177166991,0.4787369909999999,10838,True
56,Background,102400,4.69889,4.950894836,0.25200483600000023,1087892,True
39,Background,1048576,4.69923,4.775940616,0.07671061599999973,1244,True
37,Background,10485760,4.69952,4.964138846,0.2646188460000003,1087892,True
42,Background,102400,4.70232,4.723280249,0.02096024899999982,106400,True
43,Background,1048576,4.70257,4.723280249,0.020710249000000402,106400,True
47,Background,102400,4.70274,4.769245074,0.06650507399999928,10838,True
59,Background,1048576,4.70491,4.807837359,0.10292735899999972,106400,True
46,Background,10485760,4.70652,4.982510576,0.2759905759999999,1087892,True
44,Background,10240,4.70793,4.952272209,0.24434220900000003,10838,True
41,Background,102400,4.71015,5.208316811,0.4981668110000008,1244,True
45,Background,1048576,4.71279,4.799538556,0.08674855599999987,10876994,True
48,Background,1024,4.71321,4.777383327,0.06417332699999978,106400,True
56,Background,102400,4.71382,4.807504621,0.09368462099999952,106400,True
35,Background,10240,4.71422,5.237439731,0.5232197310000002,1087892,True
57,Background,102400,4.71495,4.807504621,0.09255462099999967,106400,True
45,Background,10240,4.71565,4.769207616,0.053557615999999975,106400,True
38,Background,10485760,4.71566,4.964138846,0.24847884600000025,1087892,True
56,Background,1024,4.71596,4.991025575,0.2750655750000002,10876994,True
54,Background,102400,4.71619,4.722399454,0.0062094539999995035,1087892,True
56,Background,1024,4.71637,4.958865606,0.24249560599999942,1087892,True
37,Background,1048576,4.71642,5.387025869,0.6706058690000001,1087892,True
51,Background,1048576,4.71758,4.79122272,0.0736427200000005,10838,True
45,Background,1048576,4.71821,4.900076154,0.18186615399999972,10838,True
41,Background,10240,4.7201,5.021839765,0.30173976499999977,10838,True
47,Background,1048576,4.72019,4.982510576,0.26232057600000047,1087892,True
38,Background,10240,4.72128,4.901147403,0.17986740300000026,1244,True
50,Background,102400,4.72293,5.13290608,0.40997607999999985,10876994,True
37,Background,1048576,4.72337,4.756794346,0.03342434600000033,1087892,True
46,Background,10485760,4.72487,4.799538556,0.07466855599999977,10876994,True
39,Background,10240,4.72623,4.963197955,0.2369679549999999,10876994,True
49,Background,10240,4.72648,4.887462058,0.1609820580000001,10838,True
45,Background,102400,4.72666,5.713980385,0.9873203850000003,108768230,True
47,Background,10240,4.72721,4.816294781,0.0890847809999995,1244,True
53,Background,10240,4.7281,4.945964136,0.21786413599999932,106400,True
43,Background,102400,4.72812,4.786171485,0.058051485000000014,1087892,True
39,Background,10240,4.72818,4.84920935,0.1210293499999997,10838,True
47,Background,102400,4.73018,4.871250524,0.14107052399999986,1244,True
54,Background,104857600,4.73227,4.899510394,0.16724039400000024,10838,True
45,Background,102400,4.73253,4.747225317,0.014695317000000152,1087892,True
41,Background,102400,4.73284,5.395539021,0.6626990209999999,10838,True
52,Background,102400,4.73329,4.759336666,0.02604666600000005,10838,True
41,Background,10240,4.73444,4.76581992,0.031379920000000006,10838,True
54,Background,102400,4.73521,4.759163883,0.023953882999999898,1244,True
68,Background,1048576,4.73711,4.792447363,0.055337362999999584,1087892,True
55,Background,1048576,4.73713,4.751841753,0.014711753000000272,1244,True
56,Background,102400,4.73716,4.751841753,0.014681752999999631,1244,True
58,Background,10485760,4.73941,4.807504621,0.0680946209999993,106400,True
49,Background,1048576,4.73962,5.268145572,0.5285255719999995,10876994,True
50,Background,1048576,4.73996,5.059538363,0.31957836299999975,10838,True
48,Background,10240,4.74216,4.799167404,0.05700740400000015,106400,True
46,Background,102400,4.74345,4.747225317,0.003775316999999667,1087892,True
48,Background,10240,4.74367,4.760983686,0.017313686000000494,1244,True
49,Background,102400,4.74386,4.91117423,0.16731423000000056,1244,True
35,Background,1024,4.74392,5.550773205,0.8068532049999995,1244,True
57,Background,10240,4.74517,4.958865606,0.21369560599999993,1087892,True
59,Background,1048576,4.74647,4.807504621,0.061034620999999234,106400,True
54,Background,10240,4.74648,4.847462989,0.10098298900000025,10838,True
45,Background,102400,4.74757,4.952272209,0.20470220900000058,10838,True
55,Background,10240,4.74829,4.759163883,0.010873883000000362,1244,True
56,Background,10240,4.75025,4.759163883,0.008913882999999956,1244,True
48,Background,102400,4.75161,4.871250524,0.11964052399999936,1244,True
38,Background,102400,4.75265,4.782130799,0.02948079899999989,10838,True
47,Background,102400,4.75297,5.025644296,0.2726742959999999,1244,True
44,Background,10485760,4.75336,5.21720981,0.46384981000000014,108768230,True
48,Background,102400,4.75431,4.982510576,0.22820057599999988,1087892,True
40,Background,102400,4.75441,4.88811863,0.1337086300000001,10838,True
52,Background,10240,4.7547,4.828768757,0.07406875700000004,106400,True
46,Background,10240,4.75485,4.900076154,0.1452261539999995,10838,True
50,Background,1048576,4.75541,5.268145572,0.5127355719999995,10876994,True
55,Background,102400,4.75581,4.899510394,0.14370039399999968,10838,True
45,Background,10240,4.75692,4.872551968,0.11563196799999975,1244,True
30,Background,10240,4.75735,4.986293199,0.2289431990000006,10838,True
45,Background,10240,4.75908,4.913116579,0.15403657900000045,106400,True
55,Background,10240,4.76205,4.91959725,0.15754724999999947,106400,True
59,Background,1048576,4.76285,5.018920666,0.2560706659999994,1087892,True
49,Background,1024,4.76341,4.982510576,0.21910057599999977,1087892,True
47,Background,102400,4.76405,5.177166991,0.4131169909999999,10838,True
41,Background,10240,4.76481,4.94639617,0.1815861700000001,1244,True
49,Background,102400,4.76504,4.986271909,0.22123190900000012,10838,True
46,Background,10240,4.76514,4.850143127,0.08500312700000023,1244,True
42,Background,1024,4.76565,5.395539021,0.6298890210000003,10838,True
57,Background,10240,4.76586,4.769600148,0.0037401480000003318,106400,True
50,Background,102400,4.76781,4.91117423,0.14336423000000043,1244,True
58,Background,10240,4.76808,5.328354108,0.5602741079999998,10876994,True
49,Background,10240,4.76984,4.777383327,0.0075433269999996,106400,True
41,Background,10240,4.77088,5.122178869,0.35129886899999985,10876994,True
57,Background,102400,4.77328,4.880754674,0.10747467400000055,106400,True
42,Background,1048576,4.77332,5.208316811,0.4349968110000004,1244,True
58,Background,10240,4.77383,4.880754674,0.10692467400000005,106400,True
60,Background,102400,4.77423,4.807837359,0.03360735899999945,106400,True
59,Background,10240,4.77839,5.328354108,0.5499641080000002,10876994,True
44,Background,1024,4.77859,5.196531504,0.41794150399999985,108768230,True
45,Background,102400,4.78088,4.799634642,0.01875464200000021,106400,True
31,Background,10240,4.78154,4.986293199,0.20475319900000066,10838,True
42,Background,10485760,4.78165,5.021839765,0.24018976500000022,10838,True
48,Background,102400,4.78173,5.177166991,0.3954369910000004,10838,True
36,Background,10240,4.78207,5.550773205,0.7687032049999996,1244,True
59,Background,102400,4.78246,4.880754674,0.09829467399999992,106400,True
49,Background,10240,4.78384,5.070529654,0.2866896540000008,106400,True
50,Background,102400,4.78481,4.933091128,0.14828112799999982,10838,True
43,Background,10240,4.78622,5.022060351,0.23584035100000023,10876994,True
47,Background,1024,4.78853,4.855145778,0.06661577800000007,10838,True
51,Background,1048576,4.79043,4.933091128,0.1426611280000003,10838,True
49,Background,10485760,4.79152,5.177166991,0.3856469909999998,10838,True
42,Background,1024,4.79297,4.94639617,0.15342616999999947,1244,True
53,Background,10240,4.79307,4.934366768,0.14129676800000013,10838,True
63,Background,1024,4.79371,4.862114949,0.06840494900000049,1087892,True
40,Background,10240,4.7939,4.881851159,0.08795115900000017,106400,True
58,Background,1024,4.7942,4.958865606,0.1646656059999998,1087892,True
60,Background,102400,4.79599,4.880754674,0.08476467400000054,106400,True
32,Background,10240,4.7962,4.986293199,0.19009319900000055,10838,True
51,Background,1024,4.79711,4.927140202,0.13003020200000037,1087892,True
49,Background,10240,4.79805,4.799167404,0.001117404000000377,106400,True
44,Background,10240,4.79904,5.58411238,0.7850723799999999,10838,True
51,Background,10485760,4.79911,4.91117423,0.11206423000000054,1244,True
46,Background,10485760,4.79921,4.872551968,0.07334196799999937,1244,True
47,Background,1024,4.79952,4.977888961,0.17836896099999944,10876994,True
43,Background,10485760,4.79986,5.208316811,0.40845681100000064,1244,True
52,Background,1048576,4.80195,4.927140202,0.12519020200000064,1087892,True
60,Background,104857600,4.80386,5.018920666,0.2150606659999994,1087892,True
57,Background,102400,4.80465,4.9019067,0.09725669999999997,10876994,True
40,Background,102400,4.8049,4.84920935,0.0443093499999998,10838,True
45,Background,1024,4.80561,5.196531504,0.3909215040000005,108768230,True
50,Background,102400,4.80625,4.889197166,0.0829471659999994,10838,True
39,Background,102400,4.80639,4.964138846,0.1577488459999996,1087892,True
46,Background,1048576,4.80656,4.952272209,0.14571220900000004,10838,True
51,Background,10240,4.80705,5.059538363,0.25248836299999944,10838,True
55,Background,10240,4.8118,5.1783731,0.3665731000000001,10876994,True
56,Background,10240,4.81242,4.967482771,0.15506277099999988,10838,True
41,Background,102400,4.81297,4.908510717,0.09554071700000044,106400,True
48,Background,1024,4.81538,5.019444981,0.20406498100000015,10876994,True
37,Background,10240,4.81583,5.550773205,0.7349432049999995,1244,True
49,Background,10240,4.81613,4.904735543,0.0886055429999999,106400,True
46,Background,1048576,4.81807,5.047200743,0.2291307430000007,1087892,True
51,Background,1024,4.81838,5.13290608,0.3145260799999994,10876994,True
47,Background,1048576,4.82128,5.047200743,0.22592074300000053,1087892,True
59,Background,102400,4.8218,4.958865606,0.13706560600000017,1087892,True
48,Background,10240,4.82279,5.269592883,0.44680288299999926,106400,True
51,Background,1024,4.82323,4.943084094,0.11985409399999991,10838,True
38,Background,1048576,4.82409,4.881444284,0.057354283999999645,10838,True
52,Background,1048576,4.82452,5.059538363,0.235018363,10838,True
38,Background,10240,4.82473,5.387025869,0.5622958690000006,1087892,True
40,Background,102400,4.82526,5.023040711,0.19778071100000005,1087892,True
51,Background,1024,4.82564,4.952749042,0.12710904199999984,10838,True
61,Background,1024,4.82739,5.029529918,0.20213991799999942,106400,True
41,Background,104857600,4.82741,4.881851159,0.05444115899999957,106400,True
42,Background,10240,4.82823,5.008099862,0.17986986200000032,1087892,True
46,Background,1024,4.83007,5.670836716,0.8407667160000001,1087892,True
51,Background,1024,4.83015,5.027493374,0.1973433739999999,106400,True
52,Background,10240,4.83051,5.119853861,0.28934386099999987,10838,True
42,Background,10240,4.83259,4.881851159,0.049261159000000276,106400,True
49,Background,102400,4.83339,5.019444981,0.18605498100000073,10876994,True
52,Background,10240,4.83353,4.91117423,0.07764423000000065,1244,True
48,Background,1048576,4.83387,5.173550405,0.3396804050000002,1244,True
56,Background,10240,4.83536,5.054492613,0.2191326130000002,106400,True
53,Background,1048576,4.83585,5.097907185,0.26205718500000064,10838,True
48,Background,10485760,4.83636,4.977888961,0.14152896099999968,10876994,True
52,Background,102400,4.83644,4.952749042,0.11630904200000014,10838,True
47,Background,102400,4.83831,4.872551968,0.0342419679999999,1244,True
61,Background,102400,4.84093,4.880754674,0.039824674000000115,106400,True
51,Background,10240,4.84241,5.268145572,0.4257355719999998,10876994,True
41,Background,10240,4.84355,5.023040711,0.17949071100000058,1087892,True
50,Background,10240,4.84418,4.901710164,0.057530164000000106,106400,True
42,Background,1048576,4.84485,5.122178869,0.27732886899999976,10876994,True
44,Background,102400,4.84492,5.183267421,0.3383474209999999,1244,True
43,Background,102400,4.84566,4.977133455,0.13147345500000007,10838,True
46,Background,102400,4.84589,5.030783897,0.18489389700000025,106400,True
50,Background,10240,4.84589,4.982510576,0.13662057600000033,1087892,True
50,Background,10240,4.84638,4.933109423,0.08672942300000042,10876994,True
48,Background,1024,4.84883,5.057031371,0.20820137099999947,1087892,True
47,Background,1048576,4.84969,5.030783897,0.18109389700000023,106400,True
39,Background,1024,4.85051,4.881444284,0.030934283999999757,10838,True
47,Background,1048576,4.8506,5.211847921,0.36124792100000036,10838,True
50,Background,10240,4.85069,4.986271909,0.1355819089999999,10838,True
62,Background,10240,4.8512,4.880754674,0.029554673999999892,106400,True
42,Background,10240,4.85137,5.191589159,0.3402191590000001,1087892,True
49,Background,10240,4.85214,4.977888961,0.12574896099999933,10876994,True
57,Background,1024,4.85254,4.942846395,0.09030639499999982,106400,True
53,Background,102400,4.85274,5.369416104,0.5166761040000001,1087892,True
54,Background,1024,4.85288,4.945964136,0.09308413599999987,106400,True
50,Background,1048576,4.85296,4.977888961,0.12492896099999928,10876994,True
40,Background,10485760,4.8555,4.963197955,0.1076979549999999,10876994,True
46,Background,1048576,4.85576,5.048444208,0.1926842080000002,1244,True
47,Background,1048576,4.85605,4.901617795,0.04556779500000019,106400,True
60,Background,102400,4.85605,5.328354108,0.47230410800000033,10876994,True
39,Background,102400,4.85608,5.387025869,0.530945869,1087892,True
41,Background,1024,4.85877,4.960744721,0.10197472100000038,106400,True
53,Background,10240,4.85916,5.059538363,0.20037836299999956,10838,True
36,Background,1024,4.86009,5.237439731,0.3773497310000007,1087892,True
42,Background,1048576,4.86165,4.908510717,0.046860717000000385,106400,True
48,Background,1024,4.8622,4.872551968,0.010351968000000156,1244,True
57,Background,10240,4.86436,4.871743607,0.007383607000000403,106400,True
48,Background,102400,4.86487,5.857487136,0.9926171359999998,1244,True
54,Background,10240,4.86968,5.097907185,0.2282271850000006,10838,True
49,Background,1048576,4.87001,5.173550405,0.30354040500000057,1244,True
49,Background,102400,4.87161,4.872551968,0.0009419679999993491,1244,True
43,Background,102400,4.87404,5.021839765,0.14779976500000025,10838,True
46,Background,10240,4.87493,5.103864307,0.22893430700000028,106400,True
49,Background,10240,4.87768,5.239686512,0.3620065119999998,1087892,True
51,Background,1048576,4.87837,4.901710164,0.023340163999999497,106400,True
48,Background,1024,4.88093,4.918743645,0.03781364499999995,106400,True
48,Background,10485760,4.8819,5.030783897,0.14888389700000015,106400,True
40,Background,10240,4.88235,5.387025869,0.5046758690000006,1087892,True
39,Background,1048576,4.88241,4.938340232,0.05593023199999969,10838,True
44,Background,10240,4.88408,4.936108644,0.05202864399999996,106400,True
43,Background,102400,4.88446,4.94639617,0.06193617000000007,1244,True
60,Background,102400,4.8874,4.958865606,0.0714656059999994,1087892,True
49,Background,10240,4.88902,4.918743645,0.0297236449999998,106400,True
48,Background,102400,4.88932,5.262410461,0.3730904610000003,106400,True
58,Background,1048576,4.88949,5.29629406,0.4068040599999998,108768230,True
52,Background,1024,4.89097,4.901710164,0.010740163999999552,106400,True
44,Background,102400,4.89129,5.208316811,0.31702681100000074,1244,True
52,Background,10485760,4.89188,5.050605193,0.15872519300000043,10838,True
47,Background,1048576,4.89195,5.048444208,0.1564942080000007,1244,True
49,Background,1024,4.89219,5.469409185,0.5772191849999997,106400,True
42,Background,1048576,4.89235,5.13372463,0.24137462999999926,1087892,True
44,Background,10240,4.89278,4.94639617,0.05361616999999974,1244,True
57,Background,1048576,4.89548,5.054492613,0.1590126129999998,106400,True
46,Background,10240,4.89554,4.913116579,0.01757657900000087,106400,True
47,Background,1048576,4.89566,5.670836716,0.7751767159999998,1087892,True
40,Background,10485760,4.89643,4.938340232,0.041910232000000214,10838,True
57,Background,104857600,4.89651,4.950894836,0.05438483599999966,1087892,True
45,Background,1024,4.89843,4.936108644,0.03767864399999965,106400,True
41,Background,102400,4.89896,5.134752922,0.2357929219999999,1087892,True
61,Background,1048576,4.90164,4.958865606,0.057225605999999374,1087892,True
47,Background,102400,4.90308,5.183201667,0.2801216669999995,1244,True
50,Background,1024,4.90368,5.070529654,0.16684965400000085,106400,True
50,Background,1048576,4.90378,5.469988377,0.5662083769999997,10838,True
39,Background,102400,4.90414,5.075066057,0.17092605699999996,10838,True
48,Background,102400,4.90429,5.183201667,0.27891166700000003,1244,True
57,Background,102400,4.90461,4.991025575,0.08641557500000019,10876994,True
48,Background,10485760,4.90673,5.025644296,0.1189142960000007,1244,True
58,Background,10240,4.90702,5.054492613,0.1474726129999997,106400,True
64,Background,10240,4.90772,4.963288896,0.05556889599999959,10838,True
52,Background,10240,4.90775,5.07403351,0.16628350999999952,1244,True
50,Background,1024,4.90799,5.177166991,0.26917699100000014,10838,True
37,Background,102400,4.90836,5.237439731,0.3290797310000002,1087892,True
51,Background,102400,4.90883,5.05108197,0.14225197000000023,1087892,True
40,Background,104857600,4.91098,4.92031464,0.009334639999999617,10838,True
46,Background,1048576,4.91129,5.165152743,0.253862743,1244,True
43,Background,1024,4.91255,5.122178869,0.20962886899999944,10876994,True
46,Background,10240,4.91389,5.162965697,0.24907569699999943,1087892,True
53,Background,10485760,4.914,4.952749042,0.03874904200000007,10838,True
53,Background,102400,4.91405,4.927140202,0.013090202000000772,1087892,True
42,Background,1048576,4.91472,5.169074819,0.25435481900000045,10838,True
43,Background,10485760,4.9148,5.169074819,0.2542748190000008,10838,True
41,Background,102400,4.91561,4.92031464,0.004704639999999927,10838,True
48,Background,10485760,4.91797,5.032935524,0.1149655239999996,1244,True
48,Background,1048576,4.91886,4.944232096,0.025372096000000788,10838,True
54,Background,1048576,4.91974,4.934366768,0.01462676800000029,10838,True
54,Background,10240,4.91974,5.059538363,0.1397983629999997,10838,True
45,Background,1048576,4.9217,5.457456118,0.5357561179999992,10876994,True
51,Background,1024,4.92315,5.070529654,0.14737965400000075,106400,True
40,Background,102400,4.92586,5.075066057,0.14920605699999978,10838,True
45,Background,10240,4.9261,5.183267421,0.2571674210000001,1244,True
53,Background,1048576,4.92611,5.516202016,0.5900920159999998,1087892,True
56,Background,1048576,4.92691,5.1783731,0.2514630999999996,10876994,True
39,Background,1024,4.9274,5.403178079,0.47577807900000035,1244,True
40,Background,10485760,4.92777,5.403178079,0.47540807900000015,1244,True
41,Background,1048576,4.92834,5.075066057,0.14672605699999952,10838,True
49,Background,1048576,4.92985,5.057031371,0.12718137099999982,1087892,True
49,Background,104857600,4.93043,5.025644296,0.09521429599999998,1244,True
54,Background,10240,4.93077,5.369416104,0.43864610400000004,1087892,True
44,Background,10240,4.93119,4.977133455,0.045943454999999744,10838,True
47,Background,10240,4.93387,5.097183762,0.16331376200000047,1244,True
51,Background,102400,4.93589,5.136960202,0.20107020200000036,106400,True
49,Background,102400,4.93691,4.977555665,0.04064566499999955,106400,True
55,Background,102400,4.93703,4.960153435,0.02312343499999958,106400,True
65,Background,102400,4.93745,4.963288896,0.025838895999999778,10838,True
46,Background,102400,4.93772,4.938209801,0.0004898010000005115,10838,True
49,Background,1048576,4.9378,5.262410461,0.3246104609999998,106400,True
61,Background,1024,4.93788,5.018920666,0.08104066599999982,1087892,True
48,Background,102400,4.93795,5.211847921,0.27389792100000054,10838,True
55,Background,102400,4.93959,5.369416104,0.429826104,1087892,True
42,Background,102400,4.94101,5.075066057,0.13405605699999956,10838,True
55,Background,102400,4.94193,4.945964136,0.004034135999999577,106400,True
53,Background,10240,4.94205,5.026211315,0.08416131500000024,10838,True
55,Background,10240,4.9428,5.059538363,0.11673836299999962,10838,True
58,Background,1048576,4.94282,4.993408113,0.05058811299999988,10838,True
53,Background,1048576,4.94396,5.180183153,0.23622315300000007,106400,True
41,Background,1048576,4.9441,5.387025869,0.44292586900000064,1087892,True
69,Background,1024,4.94432,5.012120946,0.0678009459999993,10838,True
54,Background,102400,4.94654,5.516202016,0.5696620160000005,1087892,True
52,Background,1048576,4.94687,5.126491044,0.17962104400000012,1087892,True
49,Background,102400,4.94805,5.340304008,0.3922540080000001,1244,True
46,Background,1024,4.9481,5.089116693,0.14101669300000008,10838,True
56,Background,10240,4.94904,5.059538363,0.1104983629999996,10838,True
52,Background,10240,4.94932,5.268145572,0.3188255719999997,10876994,True
49,Background,102400,4.94933,5.857487136,0.9081571359999998,1244,True
43,Background,1024,4.95201,5.395539021,0.4435290210000007,10838,True
40,Background,1048576,4.95238,5.508452814,0.5560728140000002,10838,True
46,Background,102400,4.9546,5.713980385,0.759380385,108768230,True
51,Background,102400,4.95623,4.982510576,0.026280576000000444,1087892,True
42,Background,102400,4.95721,5.136834163,0.17962416299999973,106400,True
42,Background,10240,4.95822,5.023040711,0.06482071100000031,1087892,True
52,Background,102400,4.9594,5.13290608,0.17350608000000012,10876994,True
51,Background,10240,4.95999,5.53894059,0.5789505899999998,106400,True
42,Background,102400,4.96012,5.134752922,0.1746329219999998,1087892,True
51,Background,102400,4.96109,5.362075259,0.4009852589999996,1087892,True
50,Background,102400,4.96139,5.262410461,0.30102046100000024,106400,True
50,Background,10240,4.96187,5.857487136,0.8956171359999994,1244,True
38,Background,102400,4.96239,5.91206047,0.94967047,10838,True
43,Background,102400,4.96248,5.134752922,0.17227292199999944,1087892,True
57,Background,10485760,4.96314,5.1783731,0.21523309999999984,10876994,True
38,Background,102400,4.9639,5.008707753,0.044807753000000616,106400,True
49,Background,1024,4.96428,5.030783897,0.06650389700000048,106400,True
58,Background,10240,4.96598,5.09776864,0.1317886399999999,106400,True
62,Background,10240,4.96693,5.029529918,0.06259991800000009,106400,True
39,Background,1024,4.96731,5.91206047,0.9447504699999998,10838,True
51,Background,10240,4.96739,5.177166991,0.20977699100000002,10838,True
47,Background,102400,4.96749,5.162965697,0.195475697,1087892,True
56,Background,1048576,4.96762,5.36115312,0.39353311999999985,108768230,True
55,Background,1024,4.96861,5.516202016,0.5475920160000003,1087892,True
49,Background,1048576,4.96931,5.032935524,0.06362552399999988,1244,True
52,Background,102400,4.96974,5.177166991,0.20742699100000017,10838,True
42,Background,1048576,4.96989,5.061515929,0.09162592899999922,10838,True
49,Background,10240,4.97004,5.211847921,0.24180792100000037,10838,True
44,Background,102400,4.97051,5.008191296,0.0376812959999997,10838,True
43,Background,1048576,4.97501,5.136834163,0.16182416299999947,106400,True
44,Background,1024,4.97507,5.021839765,0.04676976500000052,10838,True
44,Background,1024,4.97539,5.395539021,0.4201490210000003,10838,True
47,Background,10240,4.97662,5.189913171,0.21329317100000011,106400,True
44,Background,10485760,4.97689,5.134752922,0.15786292199999963,1087892,True
47,Background,10240,4.97739,5.089116693,0.11172669300000049,10838,True
50,Background,10240,4.97821,5.030783897,0.05257389700000026,106400,True
38,Background,10240,4.97823,5.550773205,0.5725432049999997,1244,True
42,Background,102400,4.98029,5.007666249,0.027376248999999575,1087892,True
50,Background,10485760,4.98127,5.239686512,0.25841651199999927,1087892,True
46,Background,102400,4.98172,5.457456118,0.4757361179999995,10876994,True
39,Background,102400,4.9832,5.550773205,0.5675732049999995,1244,True
47,Background,1024,4.98344,5.103864307,0.1204243070000004,106400,True
52,Background,102400,4.98448,5.422417675,0.4379376750000006,1244,True
42,Background,1024,4.98494,5.387025869,0.40208586900000043,1087892,True
58,Background,10240,4.98504,5.055844075,0.07080407500000074,1244,True
63,Background,102400,4.98585,5.029529918,0.043679917999999596,106400,True
50,Background,102400,4.98597,4.994155095,0.008185094999999976,10838,True
54,Background,102400,4.98722,5.041707049,0.054487049000000454,10838,True
49,Background,10485760,4.98866,5.109874068,0.12121406799999956,10876994,True
56,Background,10240,4.98881,5.406409727,0.4175997269999998,1087892,True
45,Background,10240,4.98964,5.021839765,0.032199765000000546,10838,True
57,Background,1024,4.98979,5.36115312,0.3713631199999998,108768230,True
48,Background,1048576,4.99069,5.097183762,0.10649376200000038,1244,True
49,Background,104857600,4.99146,5.097183762,0.10572376200000022,1244,True
41,Background,10485760,4.99174,5.403178079,0.41143807899999985,1244,True
47,Background,10485760,4.99208,5.713980385,0.7219003850000005,108768230,True
59,Background,102400,4.9931,5.09776864,0.10466863999999987,106400,True
43,Background,1048576,4.99377,5.061515929,0.06774592899999998,10838,True
59,Background,1048576,4.99488,5.054492613,0.05961261299999965,106400,True
50,Background,1024,4.99575,5.109874068,0.11412406799999975,10876994,True
51,Background,1048576,4.99656,5.262410461,0.2658504610000003,106400,True
33,Background,1048576,4.99763,5.205637495,0.20800749500000038,106400,True
52,Background,10240,4.99838,5.53894059,0.5405605900000001,106400,True
70,Background,1048576,5.00095,5.012120946,0.011170946000000015,10838,True
45,Background,102400,5.00156,5.134752922,0.1331929220000001,1087892,True
41,Background,1024,5.00217,5.977510229,0.9753402290000004,1087892,True
44,Background,10240,5.00382,5.131239091,0.12741909100000015,10876994,True
47,Background,10240,5.00402,5.457456118,0.45343611799999994,10876994,True
42,Background,1048576,5.00491,5.053642564,0.04873256399999981,106400,True
54,Background,102400,5.00583,5.182105026,0.17627502600000078,1087892,True
47,Background,1024,5.00588,5.202165114,0.19628511399999926,10876994,True
44,Background,1048576,5.00682,5.136834163,0.13001416299999935,106400,True
57,Background,10240,5.00741,5.059538363,0.05212836299999957,10838,True
55,Background,10240,5.0084,5.041707049,0.033307049000000255,10838,True
51,Background,1048576,5.00856,5.145520664,0.13696066400000007,106400,True
55,Background,1024,5.00878,5.158487647,0.1497076470000005,1244,True
44,Background,1048576,5.00908,5.061515929,0.052435928999999604,10838,True
43,Background,10240,5.0091,5.053642564,0.04454256399999945,106400,True
42,Background,1048576,5.00912,5.977510229,0.9683902289999997,1087892,True
50,Background,102400,5.01019,5.10963314,0.09944313999999999,1087892,True
60,Background,102400,5.01092,5.054492613,0.04357261300000026,106400,True
46,Background,102400,5.0122,5.134752922,0.12255292199999968,1087892,True
48,Background,1048576,5.01221,5.189913171,0.1777031710000001,106400,True
43,Background,102400,5.01248,5.21141155,0.19893155000000018,106400,True
46,Background,102400,5.01323,5.183267421,0.17003742099999997,1244,True
48,Background,1048576,5.01374,5.202165114,0.18842511399999928,10876994,True
44,Background,1024,5.01489,5.122178869,0.10728886899999956,10876994,True
53,Background,10240,5.01637,5.177166991,0.16079699099999978,10838,True
51,Background,102400,5.0165,5.531002213,0.5145022130000001,10876994,True
57,Background,102400,5.01651,5.276004835,0.2594948349999999,106400,True
52,Background,1024,5.01799,5.262410461,0.2444204609999998,106400,True
52,Background,10485760,5.01867,5.070529654,0.051859654000000255,106400,True
58,Background,102400,5.01911,5.208095014,0.188985014,106400,True
43,Background,10240,5.02043,5.13372463,0.11329462999999951,1087892,True
53,Background,102400,5.02046,5.422417675,0.40195767500000024,1244,True
43,Background,10240,5.02131,5.627233916,0.6059239160000001,10838,True
53,Background,10240,5.02169,5.050605193,0.02891519299999956,10838,True
51,Background,102400,5.02212,5.469988377,0.4478683769999998,10838,True
40,Background,102400,5.02235,5.550773205,0.5284232049999993,1244,True
41,Background,10240,5.02431,5.111131554,0.08682155400000013,1087892,True
48,Background,1024,5.02519,5.048444208,0.023254208,1244,True
52,Background,1048576,5.0252,5.362075259,0.33687525900000015,1087892,True
55,Background,102400,5.0254,5.182105026,0.15670502600000003,1087892,True
43,Background,102400,5.02583,5.067576461,0.04174646099999979,106400,True
56,Background,10240,5.02594,5.22196488,0.1960248799999995,10838,True
52,Background,10240,5.02935,5.145520664,0.1161706640000002,106400,True
52,Background,1024,5.03107,5.05108197,0.020011970000000545,1087892,True
47,Background,102400,5.03158,5.138608693,0.10702869300000017,10838,True
45,Background,1048576,5.03244,5.136834163,0.10439416299999937,106400,True
50,Background,104857600,5.03275,5.097183762,0.06443376200000017,1244,True
49,Background,1024,5.0328,5.202165114,0.16936511399999965,10876994,True
71,Background,102400,5.0328,5.049525104,0.016725103999999824,106400,True
50,Background,10240,5.03307,5.107964733,0.07489473299999982,106400,True
40,Background,10485760,5.03377,5.291522801,0.25775280100000053,1087892,True
51,Background,102400,5.03618,5.10963314,0.0734531399999998,1087892,True
53,Background,10240,5.03654,5.362075259,0.32553525900000047,1087892,True
50,Background,1048576,5.03702,5.151312519,0.11429251900000015,1087892,True
53,Background,1024,5.03799,5.073546821,0.03555682100000013,106400,True
48,Background,1024,5.03844,5.103864307,0.06542430700000068,106400,True
34,Background,10240,5.03949,5.205637495,0.1661474950000006,106400,True
72,Background,1024,5.03999,5.049525104,0.00953510399999935,106400,True
45,Background,1048576,5.04081,5.061515929,0.020705929000000012,10838,True
51,Background,10485760,5.04117,5.104901509,0.06373150900000013,1087892,True
59,Background,10240,5.04183,5.055844075,0.014014075000000403,1244,True
53,Background,1024,5.04257,5.53894059,0.4963705899999997,106400,True
53,Background,1048576,5.04303,5.126491044,0.08346104399999987,1087892,True
53,Background,104857600,5.04638,5.05108197,0.004701970000000166,1087892,True
41,Background,1048576,5.04755,5.508452814,0.46090281399999977,10838,True
44,Background,10485760,5.04806,5.627233916,0.5791739159999993,10838,True
73,Background,102400,5.04943,5.049525104,9.510399999967944e-05,106400,True
61,Background,102400,5.04946,5.054492613,0.005032613000000019,106400,True
54,Background,1024,5.04949,5.073546821,0.024056821000000284,106400,True
45,Background,102400,5.05028,5.395539021,0.3452590210000004,10838,True
50,Background,10485760,5.05128,5.219959869,0.16867986899999998,1244,True
58,Background,102400,5.05147,5.059538363,0.008068362999999579,10838,True
54,Background,10240,5.05238,5.547517166,0.49513716600000013,106400,True
62,Background,1048576,5.05309,5.054492613,0.001402612999999775,106400,True
50,Background,10240,5.05371,5.057031371,0.003321371000000184,1087892,True
43,Background,10240,5.05437,5.387025869,0.33265586900000077,1087892,True
48,Background,1024,5.05726,5.138608693,0.0813486929999998,10838,True
50,Background,102400,5.05741,5.469409185,0.411999185,106400,True
51,Background,102400,5.05789,5.090311534,0.03242153399999914,1244,True
52,Background,10240,5.0586,5.10963314,0.05103313999999948,1087892,True
48,Background,10485760,5.05874,5.457456118,0.3987161179999994,10876994,True
45,Background,10240,5.05918,5.208316811,0.14913681100000087,1244,True
44,Background,10240,5.0598,5.169074819,0.10927481900000036,10838,True
43,Background,10240,5.06049,5.191589159,0.13109915900000058,1087892,True
55,Background,102400,5.06128,5.097907185,0.036627185000000395,10838,True
39,Background,104857600,5.06149,5.4620105,0.40052049999999983,1087892,True
46,Background,102400,5.0617,5.061515929,-0.00018407100000050747,10838,True
52,Background,102400,5.06239,5.157563798,0.09517379800000025,10838,True
56,Background,102400,5.06283,5.516202016,0.4533720160000003,1087892,True
58,Background,10240,5.06417,5.16533563,0.10116563000000056,1087892,True
52,Background,1048576,5.0645,5.104901509,0.0404015090000005,1087892,True
59,Background,102400,5.06642,5.29227349,0.22585349000000043,10838,True
52,Background,1048576,5.06765,5.109233717,0.041583716999999965,106400,True
45,Background,1048576,5.06774,5.503397102,0.4356571020000004,106400,True
53,Background,10485760,5.06779,5.268145572,0.20035557200000031,10876994,True
43,Background,1048576,5.06857,5.20226292,0.13369291999999966,106400,True
53,Background,102400,5.06873,5.10963314,0.04090313999999928,1087892,True
50,Background,10240,5.06892,5.686808383,0.6178883829999995,10876994,True
51,Background,1024,5.06894,5.097183762,0.02824376200000067,1244,True
60,Background,1024,5.06906,5.274446642,0.20538664199999968,106400,True
48,Background,1024,5.07336,5.287860587,0.21450058699999985,10838,True
54,Background,1048576,5.07381,5.127073452,0.05326345200000038,1244,True
51,Background,1024,5.07557,5.415547514,0.3399775140000001,106400,True
44,Background,1024,5.07571,5.13372463,0.058014629999999734,1087892,True
56,Background,1048576,5.07644,5.182105026,0.1056650260000005,1087892,True
44,Background,10240,5.07948,5.376914172,0.297434172,1244,True
57,Background,10485760,5.07952,5.406409727,0.3268897270000002,1087892,True
52,Background,102400,5.08025,5.136960202,0.056710201999999654,106400,True
61,Background,1024,5.08031,5.274446642,0.19413664200000014,106400,True
53,Background,1048576,5.08115,5.119853861,0.03870386100000012,10838,True
49,Background,102400,5.08335,5.138608693,0.05525869299999986,10838,True
52,Background,102400,5.08438,5.097183762,0.012803761999999885,1244,True
49,Background,1024,5.08507,5.183201667,0.09813166699999964,1244,True
45,Background,1024,5.08802,5.561840618,0.4738206179999995,1087892,True
53,Background,1024,5.08815,5.136960202,0.0488102020000003,106400,True
54,Background,10240,5.08856,5.119853861,0.03129386099999998,10838,True
46,Background,1048576,5.08868,5.5101296,0.42144959999999987,10838,True
46,Background,102400,5.08894,5.561840618,0.4729006179999997,1087892,True
49,Background,10240,5.08992,5.682132129,0.592212129,1087892,True
54,Background,102400,5.09051,5.422417675,0.33190767500000007,1244,True
57,Background,1024,5.09093,5.182105026,0.09117502600000016,1087892,True
53,Background,1048576,5.09096,5.133705373,0.04274537299999981,1087892,True
48,Background,10485760,5.09129,5.113727437,0.022437436999999782,106400,True
55,Background,1024,5.09136,5.422417675,0.3310576750000003,1244,True
46,Background,1048576,5.09192,5.503397102,0.4114771020000001,106400,True
47,Background,1048576,5.09243,5.134752922,0.04232292199999943,1087892,True
54,Background,10240,5.09259,5.362075259,0.26948525899999964,1087892,True
53,Background,102400,5.09281,5.262410461,0.16960046099999992,106400,True
56,Background,102400,5.09281,5.369416104,0.27660610399999985,1087892,True
45,Background,10485760,5.09421,5.13372463,0.03951462999999933,1087892,True
45,Background,10485760,5.09436,5.104177982,0.009817982000000391,10838,True
35,Background,10240,5.09501,5.205637495,0.11062749500000013,106400,True
62,Background,10240,5.09556,5.315491885,0.21993188500000027,10838,True
58,Background,10240,5.09676,5.276004835,0.17924483500000044,106400,True
49,Background,1048576,5.09985,5.287860587,0.18801058699999995,10838,True
50,Background,10240,5.10113,5.682132129,0.5810021289999998,1087892,True
42,Background,1024,5.10122,5.315893624,0.21467362400000045,10838,True
48,Background,1048576,5.10161,5.880871364,0.7792613639999999,10838,True
54,Background,1048576,5.1025,5.126491044,0.02399104399999974,1087892,True
60,Background,10240,5.10356,5.29227349,0.18871349000000048,10838,True
36,Background,10485760,5.10469,5.205637495,0.10094749500000066,106400,True
54,Background,102400,5.10526,5.192261443,0.08700144299999923,1244,True
42,Background,102400,5.10807,5.403178079,0.29510807900000025,1244,True
54,Background,102400,5.10935,5.195671102,0.08632110200000032,106400,True
62,Background,10485760,5.11043,5.627550107,0.5171201070000002,106400,True
56,Background,1048576,5.11126,5.199146419,0.08788641900000016,106400,True
42,Background,1048576,5.11244,5.508452814,0.39601281399999966,10838,True
57,Background,1024,5.11265,5.369416104,0.25676610399999955,1087892,True
48,Background,102400,5.11284,5.713980385,0.6011403849999999,108768230,True
57,Background,102400,5.11391,5.199146419,0.08523641900000012,106400,True
50,Background,102400,5.11396,5.173550405,0.05959040500000068,1244,True
59,Background,10240,5.11486,5.16533563,0.050475630000000216,1087892,True
47,Background,1024,5.11504,5.147768791,0.03272879100000026,106400,True
41,Background,102400,5.11607,5.291522801,0.1754528010000005,1087892,True
49,Background,102400,5.11629,5.269592883,0.1533028829999994,106400,True
57,Background,10240,5.11671,5.22196488,0.1052548799999995,10838,True
58,Background,102400,5.11739,5.199146419,0.08175641899999952,106400,True
49,Background,102400,5.11764,5.457456118,0.3398161179999999,10876994,True
58,Background,10240,5.11783,5.272407183,0.15457718300000067,106400,True
63,Background,10240,5.11815,5.239035984,0.12088598400000006,1087892,True
50,Background,1048576,5.12023,5.340304008,0.2200740080000001,1244,True
55,Background,1048576,5.12335,5.288046201,0.16469620099999993,1087892,True
53,Background,1048576,5.12367,5.775403905,0.6517339050000004,106400,True
58,Background,102400,5.1242,5.22196488,0.09776487999999972,10838,True
59,Background,102400,5.1244,5.161779515,0.037379515000000474,106400,True
59,Background,1048576,5.12559,5.208095014,0.08250501400000054,106400,True
43,Background,10485760,5.12802,5.508452814,0.38043281399999973,10838,True
55,Background,102400,5.12868,5.286130044,0.15745004399999996,1244,True
51,Background,104857600,5.12886,5.686808383,0.5579483829999994,10876994,True
47,Background,102400,5.12973,5.5101296,0.3803995999999996,10838,True
54,Background,102400,5.12988,5.268145572,0.1382655719999999,10876994,True
45,Background,102400,5.13018,5.169074819,0.03889481900000025,10838,True
43,Background,102400,5.13146,5.315893624,0.1844336240000004,10838,True
40,Background,102400,5.13189,5.91206047,0.7801704699999998,10838,True
49,Background,1048576,5.13261,5.724562009,0.5919520089999999,106400,True
49,Background,10240,5.13365,5.880871364,0.7472213639999996,10838,True
55,Background,102400,5.13374,5.547517166,0.41377716600000003,106400,True
49,Background,102400,5.1339,5.713980385,0.5800803850000005,108768230,True
49,Background,102400,5.13531,5.189913171,0.05460317100000012,106400,True
54,Background,1024,5.13591,5.136960202,0.0010502020000000556,106400,True
55,Background,1048576,5.13649,5.268145572,0.13165557199999967,10876994,True
48,Background,102400,5.13769,5.5101296,0.37243959999999987,10838,True
62,Background,10240,5.13793,5.274446642,0.13651664200000013,106400,True
60,Background,102400,5.13804,5.143694761,0.005654760999999731,106400,True
46,Background,10485760,5.13841,5.169074819,0.030664819000000065,10838,True
50,Background,10240,5.13846,5.269592883,0.13113288299999937,106400,True
55,Background,1048576,5.13982,5.362075259,0.22225525899999976,1087892,True
53,Background,102400,5.14023,5.157563798,0.017333798000000122,10838,True
42,Background,1024,5.14051,5.291522801,0.15101280100000025,1087892,True
64,Background,102400,5.14065,5.560114353,0.4194643530000004,108768230,True
55,Background,10240,5.14405,5.253581626,0.10953162599999988,106400,True
44,Background,10240,5.14439,5.21141155,0.06702155000000065,106400,True
51,Background,102400,5.14605,5.269592883,0.12354288299999983,106400,True
53,Background,104857600,5.14688,5.461326512,0.31444651199999996,10876994,True
53,Background,1048576,5.1483,5.195523549,0.04722354899999992,106400,True
43,Background,1048576,5.14903,5.403178079,0.25414807900000014,1244,True
59,Background,1048576,5.14907,5.22196488,0.07289487999999977,10838,True
44,Background,10240,5.1495,5.191589159,0.04208915900000054,1087892,True
54,Background,10485760,5.15052,5.422919984,0.27239998399999976,108768230,True
51,Background,10240,5.15137,5.173550405,0.02218040500000029,1244,True
50,Background,10240,5.15162,5.287860587,0.13624058699999964,10838,True
56,Background,102400,5.15166,5.362075259,0.21041525900000035,1087892,True
47,Background,1024,5.15272,5.503397102,0.3506771019999997,106400,True
66,Background,10485760,5.15366,5.202802792,0.0491427919999996,106400,True
45,Background,10240,5.15418,5.191589159,0.03740915900000008,1087892,True
64,Background,10485760,5.1553,5.239035984,0.0837359839999996,1087892,True
53,Background,10240,5.15699,5.180284892,0.02329489200000001,10838,True
48,Background,1048576,5.15717,5.202218795,0.045048795000000474,1087892,True
54,Background,102400,5.1573,5.53894059,0.38164058999999995,106400,True
55,Background,10485760,5.15755,5.2357912,0.07824120000000079,1244,True
51,Background,1048576,5.1579,5.219959869,0.06205986900000049,1244,True
47,Background,102400,5.15834,5.561840618,0.4035006179999998,1087892,True
45,Background,1048576,5.15839,5.21141155,0.05302155000000042,106400,True
45,Background,10240,5.15847,5.710930357,0.5524603569999993,106400,True
65,Background,104857600,5.15867,5.560114353,0.4014443530000005,108768230,True
50,Background,102400,5.16249,5.751645048,0.5891550480000003,106400,True
41,Background,102400,5.16359,5.22987711,0.0662871100000002,106400,True
50,Background,102400,5.16462,5.880871364,0.7162513639999997,10838,True
55,Background,1048576,5.16577,5.53894059,0.37317058999999997,106400,True
56,Background,1048576,5.1662,5.314570957,0.14837095700000003,10838,True
61,Background,1024,5.16646,5.29227349,0.12581349000000053,10838,True
50,Background,102400,5.16657,5.180832643,0.014262642999999464,106400,True
60,Background,1024,5.16733,5.22196488,0.05463488000000005,10838,True
58,Background,1024,5.16893,5.301004423,0.1320744230000006,10838,True
52,Background,1048576,5.16973,5.686808383,0.5170783829999994,10876994,True
45,Background,102400,5.17207,5.58411238,0.41204237999999993,10838,True
51,Background,10485760,5.1721,5.386711957,0.2146119569999998,10838,True
46,Background,102400,5.17218,5.395539021,0.22335902100000027,10838,True
52,Background,1024,5.17307,5.771068644,0.5979986439999996,1087892,True
45,Background,1024,5.17582,5.376914172,0.20109417200000035,1244,True
43,Background,1048576,5.17608,5.589908292,0.4138282919999998,10838,True
58,Background,102400,5.17689,5.352992041,0.17610204100000004,106400,True
48,Background,102400,5.17739,5.390070713,0.21268071300000013,10838,True
46,Background,10240,5.1787,5.208316811,0.029616811000000354,1244,True
58,Background,10240,5.18012,5.369416104,0.1892961040000003,1087892,True
51,Background,1048576,5.18066,5.287860587,0.10720058700000035,10838,True
52,Background,102400,5.18173,5.531002213,0.3492722129999999,10876994,True
50,Background,102400,5.18213,5.445413765,0.2632837649999997,1087892,True
50,Background,1048576,5.1825,5.713980385,0.531480385,108768230,True
47,Background,10240,5.18293,5.183158437,0.00022843700000052536,1244,True
54,Background,1024,5.18316,5.318239735,0.1350797349999997,106400,True
60,Background,1024,5.18381,5.511510496,0.3277004959999994,106400,True
45,Background,102400,5.18546,5.256770067,0.07131006699999975,10838,True
51,Background,1024,5.18608,5.445413765,0.25933376500000005,1087892,True
66,Background,10240,5.18722,5.560114353,0.3728943530000004,108768230,True
41,Background,10240,5.18769,5.91206047,0.7243704700000002,10838,True
49,Background,102400,5.18849,5.202218795,0.01372879500000046,1087892,True
51,Background,102400,5.1886,5.682132129,0.4935321290000001,1087892,True
52,Background,10240,5.18868,5.19961111,0.010931110000000466,106400,True
54,Background,104857600,5.18877,5.38464999,0.1958799899999999,106400,True
56,Background,1024,5.18956,5.288046201,0.09848620100000005,1087892,True
56,Background,1024,5.18974,5.286130044,0.09639004400000051,1244,True
43,Background,1048576,5.19049,5.291522801,0.10103280100000056,1087892,True
54,Background,102400,5.19153,5.775403905,0.5838739049999999,106400,True
46,Background,102400,5.19555,5.733362882,0.5378128819999999,106400,True
55,Background,10485760,5.19654,5.38464999,0.18810999000000006,106400,True
49,Background,10240,5.19655,5.390070713,0.19352071299999984,10838,True
48,Background,1024,5.19666,5.196763744,0.0001037440000004608,1244,True
46,Background,102400,5.1979,5.21141155,0.013511550000000483,106400,True
74,Background,102400,5.19862,5.394683879,0.19606387899999955,1244,True
44,Background,102400,5.19967,5.291522801,0.09185280099999993,1087892,True
59,Background,1048576,5.19994,5.272407183,0.07246718300000055,106400,True
53,Background,1048576,5.20026,5.277775715,0.07751571499999965,106400,True
46,Background,102400,5.20092,5.256770067,0.055850066999999726,10838,True
60,Background,1048576,5.20111,5.250865227,0.049755227000000346,1087892,True
57,Background,10240,5.20205,5.362075259,0.1600252590000002,1087892,True
51,Background,1024,5.2024,5.308591566,0.10619156599999968,106400,True
56,Background,102400,5.20271,5.2357912,0.0330812000000007,1244,True
48,Background,10240,5.20292,5.561840618,0.35892061799999997,1087892,True
54,Background,1024,5.20342,5.764464624,0.561044624,10838,True
54,Background,104857600,5.20556,5.461326512,0.2557665120000001,10876994,True
44,Background,102400,5.2067,5.255757456,0.049057456000000776,106400,True
56,Background,10485760,5.20677,5.213699899,0.006929899000000184,106400,True
57,Background,1024,5.20773,5.286130044,0.07840004400000034,1244,True
63,Background,1048576,5.20993,5.260028942,0.05009894199999998,1244,True
44,Background,102400,5.21093,5.387025869,0.17609586900000007,1087892,True
47,Background,1024,5.21094,5.733362882,0.5224228819999999,106400,True
64,Background,10240,5.21262,5.260028942,0.047408941999999676,1244,True
53,Background,102400,5.21274,5.771068644,0.5583286439999995,1087892,True
53,Background,102400,5.21288,5.324866984,0.11198698399999962,106400,True
54,Background,10240,5.2135,5.277775715,0.06427571499999996,106400,True
55,Background,102400,5.21416,5.318239735,0.104079735,106400,True
57,Background,1048576,5.21473,5.384457167,0.16972716699999957,1087892,True
54,Background,1024,5.21536,5.324866984,0.10950698399999936,106400,True
56,Background,10240,5.21722,5.253581626,0.0363616259999997,106400,True
51,Background,10240,5.21795,5.751645048,0.5336950480000002,106400,True
47,Background,104857600,5.21812,5.271508748,0.05338874799999971,10838,True
65,Background,102400,5.21856,5.260028942,0.04146894199999984,1244,True
47,Background,1024,5.21901,5.231888051,0.01287805100000039,1087892,True
50,Background,102400,5.21928,5.724562009,0.5052820089999992,106400,True
44,Background,102400,5.22032,5.403178079,0.18285807899999984,1244,True
45,Background,10240,5.22378,5.387025869,0.1632458690000007,1087892,True
42,Background,10240,5.2238,5.312249868,0.08844986800000054,1087892,True
53,Background,1024,5.22396,5.270714802,0.04675480199999971,106400,True
48,Background,10485760,5.225,5.246808369,0.021808369000000383,1244,True
56,Background,10240,5.2264,5.318239735,0.09183973499999976,106400,True
57,Background,102400,5.22741,5.288046201,0.060636201000000334,1087892,True
40,Background,102400,5.22843,5.4620105,0.23358049999999952,1087892,True
59,Background,1024,5.22903,5.352992041,0.12396204100000041,106400,True
48,Background,102400,5.23065,5.733362882,0.502712882,106400,True
54,Background,10240,5.23099,5.771068644,0.5400786439999994,1087892,True
50,Background,102400,5.23099,5.459608589,0.22861858899999987,108768230,True
65,Background,10240,5.23218,5.257378014,0.025198014000000768,1244,True
55,Background,102400,5.23227,5.764464624,0.5321946240000006,10838,True
57,Background,102400,5.23326,5.516202016,0.2829420160000007,1087892,True
52,Background,10240,5.23434,5.386711957,0.15237195699999972,10838,True
44,Background,102400,5.2353,5.437233195,0.2019331950000005,1244,True
75,Background,1048576,5.23534,5.394683879,0.1593438789999997,1244,True
52,Background,10240,5.2367,5.751645048,0.5149450480000004,106400,True
48,Background,1048576,5.23721,5.503397102,0.26618710199999995,106400,True
61,Background,104857600,5.23747,5.511510496,0.2740404959999996,106400,True
50,Background,1024,5.23909,5.457456118,0.2183661179999996,10876994,True
60,Background,1024,5.24053,5.352992041,0.11246204100000057,106400,True
48,Background,1048576,5.24191,6.046098242,0.8041882420000004,108768230,True
51,Background,102400,5.24283,5.340304008,0.09747400800000072,1244,True
52,Background,102400,5.24313,5.340304008,0.09717400800000053,1244,True
55,Background,10240,5.24327,5.775403905,0.5321339050000002,106400,True
46,Background,10240,5.24358,5.58411238,0.34053237999999997,10838,True
46,Background,102400,5.24597,5.416064544,0.17009454400000035,106400,True
44,Background,1024,5.24644,5.315893624,0.06945362400000032,10838,True
45,Background,1048576,5.2465,5.315893624,0.06939362399999993,10838,True
55,Background,102400,5.24749,5.256338254,0.00884825400000011,1087892,True
57,Background,102400,5.25072,5.314570957,0.06385095699999965,10838,True
67,Background,104857600,5.25098,5.560114353,0.30913435300000014,108768230,True
62,Background,10240,5.25142,5.29227349,0.04085348999999994,10838,True
43,Background,1024,5.25181,5.977510229,0.7257002290000001,1087892,True
56,Background,1048576,5.25258,5.271376013,0.018796013000000222,1087892,True
57,Background,10240,5.25264,5.312249779,0.05960977899999964,106400,True
55,Background,102400,5.25273,5.324866984,0.07213698400000013,106400,True
61,Background,1048576,5.25287,5.352992041,0.10012204100000055,106400,True
66,Background,102400,5.25487,5.257378014,0.002508014000000003,1244,True
46,Background,102400,5.25572,5.315893624,0.060173623999999926,10838,True
58,Background,1048576,5.25613,5.362075259,0.10594525900000029,1087892,True
48,Background,10240,5.25821,5.670836716,0.4126267160000001,1087892,True
47,Background,10240,5.25927,5.348715861,0.08944586099999974,10838,True
76,Background,10240,5.25976,5.394683879,0.13492387899999958,1244,True
58,Background,102400,5.26019,5.314570957,0.05438095700000023,10838,True
56,Background,1048576,5.26024,5.422417675,0.16217767500000058,1244,True
67,Background,102400,5.26078,5.313846524,0.053066524000000115,10838,True
45,Background,1024,5.26251,5.291522801,0.029012801000000366,1087892,True
58,Background,1024,5.26279,5.286130044,0.023340044000000226,1244,True
56,Background,1048576,5.26437,5.38464999,0.12027998999999934,106400,True
58,Background,10485760,5.26524,5.406409727,0.1411697269999994,1087892,True
77,Background,10485760,5.2653,5.394683879,0.1293838789999997,1244,True
46,Background,1048576,5.26558,5.291522801,0.025942801000000237,1087892,True
56,Background,10240,5.26685,5.324866984,0.058016983999999994,106400,True
59,Background,10240,5.26695,6.140558152,0.8736081520000001,106400,True
56,Background,1024,5.26717,5.547517166,0.2803471660000003,106400,True
53,Background,102400,5.26883,5.340304008,0.07147400800000003,1244,True
60,Background,1048576,5.26898,5.272407183,0.0034271830000003334,106400,True
63,Background,10240,5.26899,5.274446642,0.0054566420000004,106400,True
68,Background,1024,5.26987,5.313846524,0.04397652399999963,10838,True
43,Background,102400,5.27071,5.312249868,0.04153986800000009,1087892,True
52,Background,102400,5.27095,5.445413765,0.1744637649999996,1087892,True
49,Background,102400,5.27128,5.733362882,0.4620828819999998,106400,True
49,Background,1024,5.27131,5.5101296,0.23881960000000024,10838,True
51,Background,10240,5.27246,5.347126576,0.07466657600000026,106400,True
59,Background,1048576,5.27445,5.406409727,0.13195972699999992,1087892,True
54,Background,102400,5.27466,5.476003198,0.201343198,106400,True
48,Background,1048576,5.27491,5.457018232,0.18210823200000004,106400,True
55,Background,1048576,5.27505,5.356076829,0.0810268289999998,10876994,True
58,Background,1024,5.27547,5.384457167,0.10898716699999955,1087892,True
51,Background,1024,5.27577,5.857487136,0.581717136,1244,True
47,Background,102400,5.27714,5.368506958,0.09136695800000005,106400,True
59,Background,102400,5.27806,5.286130044,0.00807004400000011,1244,True
57,Background,1024,5.27849,5.324866984,0.04637698400000012,106400,True
55,Background,10485760,5.28014,5.501412367,0.22127236700000008,1087892,True
46,Background,10485760,5.28235,5.451201358,0.1688513579999995,106400,True
50,Background,1048576,5.28327,5.287418444,0.00414844400000014,10838,True
53,Background,1024,5.28372,5.531002213,0.24728221300000008,10876994,True
47,Background,10485760,5.28579,5.454613148,0.16882314799999953,1087892,True
52,Background,104857600,5.28664,5.442853216,0.15621321599999938,10838,True
51,Background,10240,5.2871,5.469409185,0.18230918500000026,106400,True
55,Background,102400,5.28837,5.476003198,0.18763319800000033,106400,True
57,Background,1024,5.28934,5.318239735,0.028899734999999538,106400,True
45,Background,102400,5.28963,5.403178079,0.11354807900000008,1244,True
58,Background,1024,5.29222,5.516202016,0.2239820159999999,1087892,True
62,Background,104857600,5.29223,5.352992041,0.060762041000000266,106400,True
55,Background,102400,5.29354,5.461326512,0.16778651200000017,10876994,True
45,Background,1024,5.29356,5.627233916,0.3336739159999995,10838,True
60,Background,10240,5.29425,5.406409727,0.11215972699999988,1087892,True
60,Background,10485760,5.29439,5.448264183,0.1538741830000001,1087892,True
52,Background,102400,5.29501,5.444876863,0.14986686299999974,106400,True
50,Background,102400,5.29511,5.733362882,0.43825288199999957,106400,True
51,Background,102400,5.29539,5.880871364,0.5854813639999996,10838,True
53,Background,1024,5.29555,5.442853216,0.14730321599999918,10838,True
53,Background,102400,5.29587,5.320675958,0.02480595799999996,1087892,True
49,Background,102400,5.2969,5.457018232,0.1601182320000003,106400,True
59,Background,1024,5.29708,5.516202016,0.21912201600000003,1087892,True
46,Background,10240,5.29801,5.627233916,0.3292239160000001,10838,True
51,Background,102400,5.29834,5.365374888,0.06703488800000024,1087892,True
56,Background,1048576,5.29861,5.461326512,0.16271651200000026,10876994,True
46,Background,102400,5.29994,5.387025869,0.08708586900000004,1087892,True
63,Background,1024,5.30092,5.627550107,0.3266301070000006,106400,True
54,Background,1024,5.30156,5.363868366,0.06230836599999989,1087892,True
47,Background,102400,5.30212,5.451201358,0.14908135799999922,106400,True
54,Background,1024,5.30216,5.345124386,0.04296438600000041,1087892,True
49,Background,1048576,5.3027,5.485635334,0.18293533400000062,10838,True
53,Background,104857600,5.3036,5.444876863,0.14127686299999986,106400,True
42,Background,102400,5.3047,5.411238866,0.10653886599999929,106400,True
55,Background,10485760,5.30489,5.363868366,0.05897836599999984,1087892,True
58,Background,1048576,5.30572,5.312249779,0.006529779000000069,106400,True
57,Background,10240,5.30629,5.547517166,0.24122716600000071,106400,True
59,Background,102400,5.30643,5.312249779,0.0058197790000003025,106400,True
47,Background,1024,5.30676,5.416064544,0.10930454400000045,106400,True
51,Background,1024,5.30706,5.457456118,0.15039611799999975,10876994,True
48,Background,10485760,5.30713,5.368506958,0.061376958000000315,106400,True
60,Background,1048576,5.30757,5.80853668,0.5009666799999994,1244,True
49,Background,10240,5.30947,5.670836716,0.36136671600000003,1087892,True
56,Background,102400,5.31058,5.764464624,0.4538846240000005,10838,True
60,Background,10485760,5.31171,6.140558152,0.828848152,106400,True
52,Background,10485760,5.31209,5.347126576,0.03503657599999954,106400,True
56,Background,1048576,5.31459,5.36200112,0.04741112000000047,1087892,True
51,Background,10485760,5.31468,5.494997044,0.1803170439999997,106400,True
61,Background,1024,5.31494,5.387220635,0.07228063500000026,1244,True
42,Background,102400,5.31613,5.91206047,0.5959304699999999,10838,True
54,Background,10240,5.31828,5.330954274,0.012674274000000096,10838,True
53,Background,1024,5.31877,5.751645048,0.43287504800000054,106400,True
52,Background,1048576,5.31887,5.857487136,0.5386171359999992,1244,True
57,Background,102400,5.3191,5.422417675,0.10331767500000044,1244,True
62,Background,10240,5.31977,5.387220635,0.06745063500000015,1244,True
57,Background,1048576,5.32138,5.461326512,0.13994651199999986,10876994,True
64,Background,10240,5.32192,5.627550107,0.3056301069999998,106400,True
54,Background,102400,5.3224,5.395114762,0.07271476200000038,1244,True
50,Background,102400,5.32353,5.670836716,0.3473067160000003,1087892,True
57,Background,1024,5.32426,5.369708554,0.04544855400000003,10838,True
56,Background,102400,5.32505,5.356076829,0.031026828999999978,10876994,True
61,Background,1024,5.3275,5.34081209,0.013312090000000332,1087892,True
57,Background,10240,5.32844,5.356076829,0.027636829000000418,10876994,True
58,Background,10240,5.32849,5.369708554,0.04121855399999941,10838,True
60,Background,102400,5.32949,5.330610815,0.0011208150000001638,106400,True
46,Background,1048576,5.32959,5.376914172,0.04732417200000061,1244,True
50,Background,1048576,5.33003,5.485635334,0.15560533400000054,10838,True
57,Background,1048576,5.3309,5.764464624,0.4335646240000006,10838,True
52,Background,10485760,5.33125,5.469409185,0.13815918500000013,106400,True
52,Background,102400,5.3339,5.377162624,0.04326262400000047,1244,True
47,Background,1048576,5.33439,5.437500231,0.10311023099999961,106400,True
57,Background,1048576,5.33547,5.36200112,0.026531120000000463,1087892,True
59,Background,10240,5.33592,5.384457167,0.0485371670000001,1087892,True
59,Background,102400,5.33636,5.369416104,0.03305610399999992,1087892,True
49,Background,102400,5.33653,5.353039677,0.016509677000000167,10838,True
50,Background,10240,5.33766,5.5101296,0.17246960000000033,10838,True
54,Background,102400,5.3382,5.39405591,0.05585591000000001,10876994,True
49,Background,1024,5.33825,5.368506958,0.030256957999999834,106400,True
63,Background,10240,5.33872,5.345430211,0.006710210999999688,1244,True
46,Background,102400,5.34295,5.590656874,0.24770687400000035,1244,True
57,Background,1024,5.34422,5.38464999,0.040429989999999805,106400,True
54,Background,102400,5.34426,5.531002213,0.1867422129999996,10876994,True
41,Background,1024,5.34437,5.4620105,0.11764050000000026,1087892,True
58,Background,102400,5.34541,5.511858016,0.16644801599999948,106400,True
56,Background,10240,5.34556,5.53894059,0.1933805900000003,106400,True
53,Background,104857600,5.3476,5.386711957,0.03911195700000025,10838,True
62,Background,102400,5.34941,5.438163904,0.08875390399999983,10876994,True
47,Background,1048576,5.34988,5.972931094,0.623051094,106400,True
50,Background,10485760,5.34999,5.365512914,0.015522913999999943,106400,True
59,Background,1024,5.35024,5.516384464,0.16614446399999938,10838,True
51,Background,1048576,5.35034,5.365512914,0.01517291399999987,106400,True
52,Background,1048576,5.35137,5.415547514,0.06417751399999982,106400,True
47,Background,1048576,5.35153,5.58411238,0.2325823799999993,10838,True
52,Background,10485760,5.35194,5.824724302,0.472784302,10838,True
53,Background,1024,5.35267,5.824724302,0.4720543020000001,10838,True
54,Background,102400,5.35341,5.824724302,0.4713143019999997,10838,True
49,Background,10240,5.35361,5.561840618,0.20823061799999998,1087892,True
64,Background,10240,5.35407,5.52260719,0.16853719000000034,1087892,True
61,Background,10240,5.35446,5.383477433,0.029017432999999926,10838,True
58,Background,102400,5.35464,5.38464999,0.03000998999999993,106400,True
54,Background,102400,5.35581,5.444876863,0.08906686300000022,106400,True
52,Background,10240,5.35591,6.188258933,0.8323489330000005,10838,True
61,Background,1024,5.35754,5.609320642,0.25178064199999994,106400,True
67,Background,10240,5.35764,5.39470265,0.0370626500000002,10838,True
52,Background,10240,5.35826,5.365374888,0.0071148880000002634,1087892,True
45,Background,1048576,5.35834,5.872795873,0.5144558730000002,10838,True
55,Background,1024,5.3599,5.531002213,0.17110221300000017,10876994,True
41,Background,10485760,5.36086,5.550773205,0.18991320499999986,1244,True
59,Background,10485760,5.36129,5.52186871,0.16057870999999935,106400,True
57,Background,10240,5.36195,5.488179436,0.12622943600000003,1087892,True
61,Background,1048576,5.36291,5.728368335,0.3654583349999996,1087892,True
53,Background,102400,5.36491,5.489659385,0.12474938500000032,1087892,True
56,Background,10240,5.36649,5.775403905,0.40891390500000036,106400,True
47,Background,1048576,5.36692,5.590656874,0.22373687400000009,1244,True
53,Background,10240,5.36713,5.469409185,0.10227918499999955,106400,True
44,Background,102400,5.36889,5.399469682,0.03057968199999994,106400,True
51,Background,102400,5.37073,5.485635334,0.11490533400000036,10838,True
65,Background,10240,5.3709,5.52260719,0.15170719000000066,1087892,True
54,Background,102400,5.37155,5.508834592,0.13728459200000032,106400,True
44,Background,10240,5.37176,5.508452814,0.13669281399999988,10838,True
57,Background,102400,5.37354,5.53894059,0.16540058999999996,106400,True
53,Background,1048576,5.37459,5.377162624,0.0025726239999999123,1244,True
52,Background,1024,5.37504,5.410073529,0.035033528999999675,1244,True
38,Background,102400,5.37633,5.746976708,0.37064670799999977,106400,True
46,Background,1024,5.37651,5.710930357,0.33442035699999995,106400,True
45,Background,1048576,5.37689,5.437233195,0.06034319499999974,1244,True
59,Background,10240,5.37794,5.384258731,0.006318731000000355,1244,True
62,Background,1048576,5.37804,5.383477433,0.0054374329999999915,10838,True
55,Background,1024,5.37814,5.771068644,0.3929286439999995,1087892,True
61,Background,1024,5.3782,5.450697784,0.07249778400000029,1087892,True
55,Background,1024,5.37827,5.444876863,0.06660686300000052,106400,True
50,Background,102400,5.38036,6.239779219,0.8594192190000003,106400,True
37,Background,102400,5.38037,6.336288091,0.955918091,1244,True
48,Background,102400,5.381,5.393673355,0.012673354999999553,106400,True
63,Background,1048576,5.38414,5.404371805,0.02023180499999988,106400,True
62,Background,1048576,5.38514,5.609320642,0.22418064200000032,106400,True
49,Background,10240,5.38524,5.761223428,0.3759834280000005,10838,True
50,Background,102400,5.38598,5.457018232,0.07103823200000026,106400,True
63,Background,102400,5.38656,5.459713726,0.07315372600000014,1244,True
59,Background,1048576,5.38662,5.68185014,0.29523014000000014,10838,True
51,Background,104857600,5.38847,5.713980385,0.3255103850000003,108768230,True
55,Background,102400,5.38944,5.536523248,0.1470832480000004,106400,True
43,Background,1048576,5.39006,5.411238866,0.02117886599999963,106400,True
68,Background,10240,5.39253,5.574009864,0.18147986399999994,1087892,True
56,Background,10240,5.39256,5.765569241,0.3730092410000001,1244,True
59,Background,102400,5.39335,5.69904203,0.30569203000000034,10876994,True
52,Background,102400,5.39348,5.494997044,0.1015170439999995,106400,True
56,Background,102400,5.39411,5.531002213,0.13689221299999943,10876994,True
63,Background,102400,5.39564,5.719958718,0.3243187179999998,10876994,True
52,Background,102400,5.39664,5.531136688,0.13449668800000047,1244,True
57,Background,10240,5.39701,5.765569241,0.3685592409999998,1244,True
66,Background,1048576,5.39701,5.52260719,0.12559719000000058,1087892,True
50,Background,10240,5.39783,5.484763956,0.0869339560000002,1244,True
52,Background,1048576,5.39926,5.682132129,0.28287212900000025,1087892,True
64,Background,102400,5.39948,5.719958718,0.3204787180000004,10876994,True
53,Background,1048576,5.39971,6.188258933,0.7885489330000004,10838,True
43,Background,10485760,5.40003,5.91206047,0.51203047,10838,True
55,Background,1048576,5.40264,5.508834592,0.10619459200000048,106400,True
56,Background,10240,5.40331,5.501412367,0.09810236700000008,1087892,True
38,Background,10240,5.40389,6.336288091,0.9323980910000005,1244,True
55,Background,10240,5.40541,5.824724302,0.4193143020000001,10838,True
51,Background,10240,5.40647,5.724562009,0.3180920089999999,106400,True
52,Background,10240,5.40767,5.469988377,0.062318376999999536,10838,True
39,Background,1048576,5.40851,5.746976708,0.33846670800000034,106400,True
51,Background,10240,5.40886,5.670836716,0.2619767160000004,1087892,True
67,Background,1048576,5.41013,5.52260719,0.11247719000000078,1087892,True
61,Background,10240,5.4106,5.681873245,0.2712732450000006,106400,True
44,Background,1024,5.41084,5.91206047,0.5012204699999998,10838,True
56,Background,1048576,5.41188,5.800144116,0.3882641160000002,1087892,True
60,Background,1048576,5.41527,5.883933333,0.4686633330000003,106400,True
57,Background,102400,5.41546,5.531002213,0.11554221299999945,10876994,True
53,Background,10485760,5.41588,5.456946871,0.04106687100000084,1244,True
47,Background,102400,5.41603,5.627233916,0.21120391599999966,10838,True
39,Background,10240,5.4176,6.336288091,0.9186880909999999,1244,True
57,Background,1048576,5.41778,5.501412367,0.08363236700000076,1087892,True
58,Background,1024,5.41824,5.461326512,0.043086512000000354,10876994,True
47,Background,10485760,5.41888,5.710930357,0.2920503569999999,106400,True
60,Background,1048576,5.41945,5.531087456,0.11163745599999952,10876994,True
48,Background,10485760,5.41947,5.710930357,0.29146035700000006,106400,True
54,Background,1024,5.4229,5.442853216,0.01995321599999933,10838,True
48,Background,102400,5.42412,5.455539415,0.03141941499999934,10838,True
48,Background,1024,5.42416,5.627233916,0.20307391600000013,10838,True
63,Background,10485760,5.42483,5.924013627,0.49918362699999985,10876994,True
78,Background,10240,5.42585,5.46689766,0.04104766000000026,106400,True
66,Background,1024,5.42593,5.638890365,0.21296036499999982,106400,True
54,Background,1024,5.42647,6.06619377,0.6397237699999998,1087892,True
47,Background,10240,5.42661,5.755561597,0.32895159699999965,106400,True
47,Background,10485760,5.42719,5.447561678,0.02037167799999917,10838,True
53,Background,1024,5.42755,5.494997044,0.06744704399999968,106400,True
49,Background,102400,5.42841,5.627233916,0.19882391599999938,10838,True
79,Background,1048576,5.42845,5.46689766,0.038447660000000106,106400,True
80,Background,102400,5.42901,5.46689766,0.03788765999999999,106400,True
50,Background,10240,5.42942,5.561840618,0.13242061799999938,1087892,True
58,Background,102400,5.42994,5.628463273,0.19852327300000017,10838,True
69,Background,10240,5.43087,5.574009864,0.14313986400000012,1087892,True
50,Background,1024,5.43217,5.627233916,0.19506391599999962,10838,True
52,Background,1048576,5.43453,5.713980385,0.2794503850000005,108768230,True
67,Background,1048576,5.43482,5.638890365,0.20407036499999975,106400,True
51,Background,1048576,5.43572,5.627233916,0.1915139159999999,10838,True
53,Background,10485760,5.4368,5.997323219,0.5605232190000002,1244,True
56,Background,1048576,5.43696,5.824724302,0.3877643019999999,10838,True
46,Background,102400,5.43836,5.872795873,0.434435873,10838,True
59,Background,102400,5.43848,5.461326512,0.022846512000000097,10876994,True
49,Background,1048576,5.44004,5.503397102,0.06335710200000033,106400,True
50,Background,102400,5.44023,5.607336882,0.16710688200000057,10876994,True
48,Background,1024,5.44024,5.447561678,0.0073216779999993875,10838,True
70,Background,10240,5.44041,5.574009864,0.1335998639999998,1087892,True
48,Background,1048576,5.44281,5.972931094,0.5301210940000001,106400,True
63,Background,1024,5.443,5.877206133,0.434206133,1087892,True
54,Background,102400,5.44337,5.456946871,0.013576871000000601,1244,True
68,Background,102400,5.44606,5.677096041,0.2310360410000003,106400,True
51,Background,102400,5.44803,5.607336882,0.1593068820000001,10876994,True
53,Background,10240,5.44832,5.476911639,0.028591639000000058,1244,True
58,Background,1048576,5.44839,5.53894059,0.09055059000000032,106400,True
55,Background,10485760,5.44866,5.602573261,0.15391326099999958,106400,True
64,Background,102400,5.4494,5.924013627,0.4746136270000001,10876994,True
68,Background,1048576,5.45071,5.638890365,0.18818036500000002,106400,True
64,Background,1024,5.45083,5.459713726,0.008883726000000536,1244,True
50,Background,1048576,5.45133,5.824947775,0.3736177750000005,106400,True
56,Background,102400,5.45211,5.771068644,0.3189586439999994,1087892,True
55,Background,102400,5.45212,5.456946871,0.0048268710000005655,1244,True
71,Background,10240,5.4522,5.574009864,0.12180986399999938,1087892,True
59,Background,102400,5.45273,5.511858016,0.05912801599999984,106400,True
59,Background,102400,5.45283,5.624547881,0.17171788100000018,1087892,True
49,Background,102400,5.45401,5.972931094,0.5189210939999995,106400,True
61,Background,10240,5.45746,5.80853668,0.35107667999999936,1244,True
52,Background,102400,5.45847,5.649887031,0.1914170309999994,106400,True
45,Background,10240,5.45964,5.846964083,0.3873240829999993,1244,True
44,Background,10485760,5.46039,5.589908292,0.1295182919999993,10838,True
69,Background,1048576,5.46059,5.638890365,0.17830036500000013,106400,True
57,Background,10240,5.46157,5.824724302,0.3631543019999999,10838,True
48,Background,1048576,5.46286,5.596274461,0.1334144610000001,10876994,True
51,Background,1048576,5.46383,5.561840618,0.098010618,1087892,True
54,Background,1024,5.46435,5.751645048,0.2872950480000007,106400,True
48,Background,1048576,5.46505,5.755561597,0.29051159700000007,106400,True
72,Background,102400,5.46559,5.574009864,0.10841986400000003,1087892,True
59,Background,102400,5.46655,5.554580075,0.08803007499999982,10838,True
54,Background,10240,5.46701,6.188258933,0.721248933,10838,True
73,Background,102400,5.46962,5.574009864,0.10438986399999983,1087892,True
55,Background,102400,5.46992,6.188258933,0.7183389330000001,10838,True
65,Background,1024,5.46999,5.494501044,0.024511043999999593,106400,True
49,Background,10485760,5.47035,5.62837494,0.15802493999999978,1244,True
48,Background,10485760,5.4712,5.494785636,0.023585635999999965,106400,True
60,Background,10240,5.4715,5.68185014,0.21035014000000007,10838,True
53,Background,10485760,5.47168,5.70975436,0.2380743599999997,10838,True
60,Background,10240,5.47259,5.534855431,0.06226543100000015,106400,True
51,Background,1048576,5.47615,5.559629173,0.08347917300000063,106400,True
61,Background,10240,5.4765,6.140558152,0.664058152,106400,True
53,Background,10240,5.47773,5.649887031,0.17215703099999935,106400,True
53,Background,102400,5.47955,5.682132129,0.2025821290000005,1087892,True
54,Background,102400,5.48039,5.489659385,0.009269385000000518,1087892,True
50,Background,102400,5.48066,5.635132096,0.15447209600000011,10876994,True
55,Background,10240,5.48121,5.626341948,0.1451319480000004,10876994,True
53,Background,1048576,5.4823,5.857487136,0.3751871359999992,1244,True
48,Background,102400,5.48236,5.58411238,0.10175237999999975,10838,True
51,Background,102400,5.48258,6.239779219,0.7571992190000003,106400,True
61,Background,102400,5.48419,5.68185014,0.19766013999999998,10838,True
69,Background,1048576,5.48471,5.578083744,0.09337374399999998,1244,True
48,Background,10485760,5.48498,5.551840995,0.06686099499999987,10838,True
62,Background,1048576,5.48631,6.140558152,0.6542481520000001,106400,True
65,Background,10485760,5.48645,5.719958718,0.2335087180000004,10876994,True
52,Background,10485760,5.48807,5.561840618,0.07377061800000018,1087892,True
60,Background,10240,5.4885,5.558929731,0.07042973099999994,106400,True
40,Background,10240,5.48925,5.746976708,0.25772670799999986,106400,True
58,Background,10240,5.49129,5.501412367,0.010122367000000132,1087892,True
60,Background,1024,5.49163,5.501130493,0.009500492999999999,10838,True
58,Background,104857600,5.49214,5.498545104,0.006405103999999717,10838,True
51,Background,102400,5.4923,5.626834759,0.13453475900000011,106400,True
61,Background,1048576,5.49316,5.534855431,0.04169543100000084,106400,True
58,Background,10240,5.49325,5.508821725,0.015571725000000036,106400,True
61,Background,10240,5.49371,5.501130493,0.007420492999999695,10838,True
65,Background,102400,5.49385,5.924013627,0.43016362699999977,10876994,True
65,Background,1024,5.49497,5.627550107,0.1325801069999999,106400,True
49,Background,10240,5.49567,5.755561597,0.2598915970000002,106400,True
42,Background,1048576,5.4973,5.533689701,0.03638970100000005,1087892,True
70,Background,1048576,5.49749,5.578083744,0.08059374399999975,1244,True
58,Background,10240,5.49955,5.824724302,0.32517430199999975,10838,True
53,Background,1048576,5.50067,5.561840618,0.061170617999999344,1087892,True
44,Background,102400,5.50344,5.977510229,0.4740702289999996,1087892,True
59,Background,102400,5.50374,5.903578338,0.39983833800000035,106400,True
59,Background,10240,5.50464,5.628463273,0.12382327300000018,10838,True
69,Background,10240,5.50498,5.677096041,0.17211604100000066,106400,True
71,Background,10240,5.50523,5.578083744,0.07285374399999966,1244,True
49,Background,102400,5.50545,5.918752557,0.4133025570000006,10838,True
60,Background,10485760,5.50551,5.516202016,0.010692016000000137,1087892,True
46,Background,1048576,5.50834,5.846964083,0.338624083,1244,True
45,Background,1024,5.5088,5.589908292,0.0811082919999997,10838,True
51,Background,1048576,5.50949,5.5101296,0.0006395999999995183,10838,True
58,Background,102400,5.50957,5.554801541,0.04523154099999971,1087892,True
43,Background,1024,5.50963,5.528743814,0.019113814000000673,106400,True
59,Background,102400,5.51024,5.554801541,0.044561541000000204,1087892,True
55,Background,10240,5.51143,5.697267065,0.1858370650000003,10838,True
56,Background,102400,5.51197,5.607904498,0.09593449800000009,10838,True
64,Background,10240,5.51375,5.606883952,0.09313395199999963,10838,True
66,Background,1024,5.51455,5.924013627,0.40946362700000005,10876994,True
54,Background,1024,5.51522,5.682132129,0.16691212899999996,1087892,True
58,Background,1024,5.51561,5.518754153,0.0031441530000000384,106400,True
50,Background,10240,5.51632,5.761223428,0.24490342799999976,10838,True
65,Background,1024,5.51811,5.606883952,0.08877395199999949,10838,True
52,Background,102400,5.51837,5.880871364,0.3625013639999999,10838,True
54,Background,1024,5.51864,5.552824054,0.0341840539999998,10838,True
55,Background,1048576,5.51923,5.682132129,0.1629021289999999,1087892,True
54,Background,10485760,5.52027,5.568999538,0.048729537999999906,106400,True
45,Background,10240,5.52102,5.91206047,0.3910404700000001,10838,True
58,Background,10240,5.52128,5.576976829,0.05569682900000039,1087892,True
55,Background,10485760,5.52173,5.702287861,0.18055786100000049,1244,True
56,Background,1048576,5.52202,5.602573261,0.08055326099999949,106400,True
55,Background,102400,5.52205,5.539471376,0.01742137599999971,106400,True
66,Background,102400,5.52442,5.627550107,0.10313010700000014,106400,True
64,Background,102400,5.5249,5.537800384,0.012900383999999931,106400,True
53,Background,102400,5.52543,5.592083949,0.06665394899999999,106400,True
70,Background,102400,5.52672,5.638890365,0.11217036499999988,106400,True
47,Background,1024,5.5284,5.597007149,0.06860714899999998,106400,True
47,Background,10240,5.52876,5.846964083,0.31820408299999947,1244,True
58,Background,102400,5.53029,5.547517166,0.017227166000000516,106400,True
59,Background,102400,5.53046,5.547517166,0.017057166000000734,106400,True
74,Background,1024,5.53058,5.574009864,0.04342986400000015,1087892,True
62,Background,10240,5.53257,5.728368335,0.1957983350000001,1087892,True
70,Background,10240,5.53426,5.677096041,0.1428360410000007,106400,True
49,Background,102400,5.53446,5.710930357,0.17647035699999947,106400,True
60,Background,102400,5.53466,5.554580075,0.019920074999999926,10838,True
54,Background,10240,5.53545,5.857487136,0.3220371359999996,1244,True
52,Background,10485760,5.53614,5.626834759,0.09069475900000068,106400,True
49,Background,1048576,5.5389,6.046098242,0.5071982420000003,108768230,True
57,Background,1048576,5.53984,5.771068644,0.23122864399999976,1087892,True
49,Background,1048576,5.54047,5.645814959,0.10534495899999996,10876994,True
66,Background,10240,5.54123,5.719958718,0.17872871800000034,10876994,True
48,Background,102400,5.54239,5.846964083,0.30457408299999944,1244,True
66,Background,102400,5.54255,5.606883952,0.06433395199999925,10838,True
62,Background,102400,5.5427,5.577354003,0.03465400299999999,10838,True
49,Background,102400,5.54311,5.551840995,0.00873099499999963,10838,True
62,Background,1048576,5.54339,5.715585602,0.1721956020000004,106400,True
49,Background,1024,5.54367,5.753486278,0.2098162779999999,106400,True
60,Background,10240,5.54424,5.547517166,0.0032771660000001646,106400,True
47,Background,102400,5.5457,6.495960299,0.950260299,10838,True
53,Background,102400,5.54614,5.626834759,0.080694759,106400,True
51,Background,102400,5.54632,5.733362882,0.18704288200000008,106400,True
50,Background,10240,5.54835,5.972931094,0.42458109399999966,106400,True
56,Background,10240,5.55378,5.813286366,0.2595063660000001,1087892,True
61,Background,1024,5.5551,5.558929731,0.0038297309999997253,106400,True
44,Background,10240,5.55577,5.960278191,0.4045081909999997,10876994,True
63,Background,1024,5.55627,6.140558152,0.5842881520000001,106400,True
49,Background,10240,5.55708,5.589826302,0.032746301999999616,10838,True
60,Background,1024,5.55869,5.765504557,0.2068145569999995,1244,True
65,Background,1048576,5.55909,5.828064995,0.2689749949999998,106400,True
66,Background,1024,5.55918,5.828064995,0.2688849950000005,106400,True
62,Background,10240,5.56039,5.566933057,0.006543057000000019,10838,True
67,Background,1024,5.56156,5.828064995,0.266504995,106400,True
47,Background,1024,5.56254,6.134180749,0.5716407490000002,1087892,True
55,Background,1024,5.56326,5.751645048,0.18838504800000067,106400,True
55,Background,10240,5.56373,5.753535029,0.1898050290000004,10838,True
66,Background,102400,5.56432,5.596784638,0.032464637999999546,10838,True
52,Background,10240,5.56445,5.670836716,0.10638671600000027,1087892,True
53,Background,10240,5.56459,5.880871364,0.31628136399999995,10838,True
59,Background,10240,5.56532,5.705403096,0.14008309600000057,10838,True
55,Background,102400,5.56567,5.857487136,0.2918171359999997,1244,True
54,Background,1048576,5.56669,6.111008424,0.5443184240000001,10876994,True
50,Background,10240,5.56707,5.755561597,0.18849159699999962,106400,True
46,Background,102400,5.56744,5.741498329,0.1740583289999993,1244,True
62,Background,10485760,5.56829,5.68185014,0.1135601399999997,10838,True
57,Background,1048576,5.56833,5.602573261,0.0342432610000003,106400,True
45,Background,1048576,5.56857,5.960278191,0.3917081909999993,10876994,True
55,Background,1048576,5.56908,5.591994173,0.022914173000000204,10838,True
42,Background,1024,5.57047,5.733624652,0.16315465199999934,1087892,True
60,Background,102400,5.57085,5.69904203,0.12819203000000012,10876994,True
61,Background,102400,5.57118,5.588407984,0.017227983999999807,1244,True
56,Background,102400,5.57145,5.610199363,0.03874936300000087,10838,True
49,Background,1048576,5.57375,5.58411238,0.010362379999999227,10838,True
54,Background,10485760,5.57392,5.865533528,0.29161352800000007,108768230,True
53,Background,1024,5.57847,5.670836716,0.0923667159999999,1087892,True
60,Background,10240,5.58138,5.711195281,0.12981528099999995,1244,True
57,Background,102400,5.58152,5.610199363,0.02867936300000018,10838,True
68,Background,102400,5.58172,5.828064995,0.2463449950000003,106400,True
67,Background,10485760,5.5822,5.606883952,0.024683951999999287,10838,True
61,Background,10240,5.58308,5.883933333,0.30085333300000006,106400,True
57,Background,1024,5.58364,5.775403905,0.19176390500000018,106400,True
51,Background,102400,5.58366,5.755561597,0.17190159699999974,106400,True
52,Background,102400,5.58417,5.808006618,0.223836618,106400,True
56,Background,1048576,5.58445,5.682132129,0.09768212899999984,1087892,True
53,Background,1048576,5.58468,5.808006618,0.22332661800000064,106400,True
63,Background,102400,5.58495,5.609320642,0.024370642000000053,106400,True
59,Background,1048576,5.58507,5.599998717,0.014928717000000091,106400,True
50,Background,1024,5.58531,5.769785622,0.1844756219999999,106400,True
63,Background,102400,5.58698,5.715585602,0.12860560200000037,106400,True
62,Background,10240,5.58829,5.588407984,0.00011798400000007092,1244,True
62,Background,10240,5.58879,5.883933333,0.2951433329999995,106400,True
60,Background,1048576,5.5899,5.617708878,0.027808878000000092,1087892,True
67,Background,102400,5.59057,5.596784638,0.006214638000000328,10838,True
61,Background,1048576,5.59139,5.602870608,0.01148060800000028,106400,True
61,Background,10485760,5.59219,5.632475735,0.040285734999999434,106400,True
51,Background,10485760,5.59281,5.761223428,0.16841342800000003,10838,True
55,Background,10240,5.59361,6.06619377,0.47258376999999996,1087892,True
51,Background,10485760,5.59459,5.709111462,0.11452146199999991,1244,True
47,Background,102400,5.59624,5.741498329,0.1452583289999998,1244,True
52,Background,10485760,5.59629,5.97081726,0.3745272599999998,10838,True
52,Background,1048576,5.59727,6.239779219,0.6425092189999999,106400,True
48,Background,1024,5.59863,5.741498329,0.14286832899999968,1244,True
50,Background,102400,5.59893,6.046098242,0.44716824200000005,108768230,True
56,Background,1024,5.59906,6.007554447,0.4084944470000007,10876994,True
46,Background,1048576,5.59931,6.063889549,0.46457954899999976,106400,True
68,Background,102400,5.5995,5.636203135,0.036703134999999776,10876994,True
51,Background,10240,5.6002,5.972931094,0.3727310939999997,106400,True
56,Background,104857600,5.60035,5.857487136,0.2571371359999999,1244,True
57,Background,10240,5.60055,5.800144116,0.1995941160000001,1087892,True
61,Background,104857600,5.60131,5.69904203,0.09773203000000041,10876994,True
56,Background,1048576,5.60176,5.628016363,0.026256363000000782,106400,True
48,Background,102400,5.60248,5.669159901,0.06667990099999965,1087892,True
43,Background,102400,5.60279,5.733624652,0.13083465199999988,1087892,True
54,Background,10240,5.60391,5.70975436,0.10584435999999986,10838,True
64,Background,102400,5.6049,5.609320642,0.004420642000000363,106400,True
49,Background,102400,5.60561,5.669159901,0.06354990099999913,1087892,True
56,Background,102400,5.60637,5.874291407,0.2679214070000002,106400,True
44,Background,102400,5.60644,5.733624652,0.1271846519999995,1087892,True
56,Background,1048576,5.60667,5.697267065,0.09059706499999987,10838,True
57,Background,1048576,5.60787,5.813286366,0.20541636599999968,1087892,True
72,Background,10485760,5.60804,5.618699476,0.010659475999999835,10838,True
62,Background,102400,5.6091,5.80853668,0.1994366799999998,1244,True
45,Background,10485760,5.61049,5.977510229,0.36702022899999953,1087892,True
53,Background,1048576,5.61129,5.931934057,0.320644057,108768230,True
54,Background,1024,5.61349,5.624385523,0.010895523000000296,10838,True
50,Background,10240,5.61356,5.877733072,0.2641730720000002,106400,True
58,Background,102400,5.61537,5.771068644,0.15569864399999922,1087892,True
81,Background,1024,5.61585,5.736590581,0.12074058099999974,106400,True
62,Background,104857600,5.61693,6.488249416,0.8713194160000004,1244,True
59,Background,102400,5.61695,5.952480826,0.3355308260000003,1244,True
60,Background,1048576,5.61857,6.587484122,0.9689141220000002,10838,True
73,Background,102400,5.61941,5.618699476,-0.0007105240000004898,10838,True
57,Background,1024,5.62097,5.678213365,0.0572433650000006,10838,True
56,Background,10485760,5.62162,5.702287861,0.08066786100000023,1244,True
52,Background,102400,5.62217,5.709111462,0.08694146200000041,1244,True
52,Background,10240,5.62222,5.669429892,0.0472098919999997,1244,True
49,Background,1048576,5.62229,5.635783696,0.013493696000000277,10838,True
53,Background,1048576,5.62265,5.709111462,0.08646146199999993,1244,True
48,Background,1024,5.6229,6.134180749,0.5112807490000009,1087892,True
57,Background,102400,5.62594,6.007554447,0.38161444700000047,10876994,True
60,Background,102400,5.62635,5.952480826,0.326130826,1244,True
61,Background,10240,5.62705,6.098333572,0.47128357199999993,10838,True
55,Background,1024,5.62809,5.736979966,0.10888996599999956,106400,True
47,Background,1024,5.62891,5.872795873,0.24388587299999998,10838,True
58,Background,102400,5.62987,5.654970842,0.025100841999999624,10838,True
52,Background,1024,5.6306,6.234550734,0.6039507339999997,10876994,True
59,Background,104857600,5.63087,5.656809118,0.02593911800000015,10838,True
48,Background,10485760,5.63099,5.698484744,0.06749474400000022,10838,True
51,Background,102400,5.63101,5.69726524,0.06625524000000027,1087892,True
53,Background,102400,5.63189,6.239779219,0.6078892189999996,106400,True
62,Background,10240,5.63193,5.696120727,0.06419072700000061,1087892,True
49,Background,10240,5.63318,5.698484744,0.06530474399999964,10838,True
56,Background,1024,5.63439,5.788199521,0.15380952100000034,106400,True
49,Background,1048576,5.63491,5.741498329,0.10658832900000004,1244,True
54,Background,102400,5.63602,5.649887031,0.013867030999999308,106400,True
54,Background,10240,5.63743,5.931934057,0.29450405700000015,108768230,True
67,Background,102400,5.63813,5.719958718,0.08182871799999969,10876994,True
67,Background,102400,5.63897,5.774574242,0.13560424200000032,1087892,True
60,Background,102400,5.63897,6.1281887,0.48921870000000034,1244,True
45,Background,102400,5.63968,5.733624652,0.09394465199999935,1087892,True
58,Background,10240,5.64063,5.775403905,0.1347739050000003,106400,True
55,Background,1024,5.64085,6.111008424,0.4701584240000001,10876994,True
59,Background,1024,5.64209,5.824724302,0.1826343020000003,10838,True
74,Background,10240,5.64256,6.141269344,0.4987093440000008,10838,True
71,Background,10240,5.64326,5.916801007,0.2735410070000004,10838,True
51,Background,10240,5.644,5.824947775,0.18094777499999992,106400,True
50,Background,102400,5.64546,5.753486278,0.10802627799999964,106400,True
46,Background,10485760,5.64583,5.799698771,0.15386877099999996,10876994,True
43,Background,1024,5.64606,6.083779941,0.4377199410000001,106400,True
61,Background,1048576,5.64639,5.689269336,0.04287933599999949,10838,True
68,Background,102400,5.64769,5.719958718,0.07226871800000012,10876994,True
55,Background,10485760,5.64771,5.677292187,0.029582186999999927,1244,True
64,Background,102400,5.64843,5.877206133,0.22877613299999933,1087892,True
63,Background,102400,5.64885,5.730089734,0.08123973399999951,1087892,True
57,Background,10240,5.64913,5.697267065,0.0481370649999997,10838,True
52,Background,102400,5.64914,5.724562009,0.07542200899999951,106400,True
58,Background,1024,5.64959,5.800144116,0.15055411600000035,1087892,True
44,Background,102400,5.65177,6.083779941,0.43200994100000045,106400,True
52,Background,1024,5.65232,5.733362882,0.0810428820000002,106400,True
60,Background,102400,5.65329,5.665317278,0.012027277999999697,106400,True
51,Background,10240,5.65361,5.753486278,0.09987627799999999,106400,True
48,Background,1048576,5.6544,5.872795873,0.2183958730000004,10838,True
49,Background,1048576,5.65475,6.134180749,0.4794307490000005,1087892,True
50,Background,1048576,5.65504,5.842065279,0.1870252790000002,10838,True
53,Background,10240,5.65506,5.733362882,0.07830288200000002,106400,True
56,Background,1048576,5.65614,5.7276114,0.07147140000000007,10876994,True
57,Background,10240,5.65655,5.874291407,0.2177414070000001,106400,True
56,Background,102400,5.65685,6.06619377,0.40934376999999955,1087892,True
63,Background,1048576,5.65771,6.045648027,0.3879380270000006,106400,True
68,Background,10240,5.65777,5.785627855,0.12785785500000024,106400,True
62,Background,1048576,5.65839,6.098333572,0.4399435719999998,10838,True
54,Background,102400,5.66024,5.670836716,0.010596716000000228,1087892,True
63,Background,1048576,5.66122,6.488249416,0.8270294160000002,1244,True
58,Background,10240,5.66159,5.833641472,0.1720514719999997,10876994,True
61,Background,1048576,5.66192,5.711195281,0.04927528099999989,1244,True
60,Background,1024,5.66273,5.926221555,0.2634915549999999,108768230,True
60,Background,102400,5.66274,5.705403096,0.04266309600000007,10838,True
64,Background,102400,5.66328,6.140558152,0.47727815199999934,106400,True
58,Background,1024,5.6643,5.765569241,0.10126924099999979,1244,True
62,Background,102400,5.66471,5.689269336,0.024559335999999377,10838,True
60,Background,10240,5.6648,5.816941307,0.15214130699999995,10838,True
54,Background,10240,5.66514,6.239779219,0.5746392189999998,106400,True
82,Background,1048576,5.66529,5.736590581,0.07130058100000003,106400,True
41,Background,102400,5.66708,5.746976708,0.0798967079999997,106400,True
54,Background,10240,5.66734,5.709111462,0.041771461999999815,1244,True
50,Background,102400,5.66734,5.709344427,0.04200442700000018,10876994,True
52,Background,1024,5.66849,5.753486278,0.08499627799999931,106400,True
69,Background,1024,5.67119,5.705751832,0.034561831999999626,1244,True
61,Background,10240,5.67162,6.587484122,0.9158641220000003,10838,True
46,Background,10240,5.67278,5.733624652,0.06084465199999922,1087892,True
50,Background,1048576,5.67339,5.698484744,0.025094743999999558,10838,True
52,Background,1024,5.67341,5.824947775,0.15153777500000043,106400,True
48,Background,102400,5.67348,6.495960299,0.8224802990000004,10838,True
60,Background,102400,5.67411,5.824724302,0.15061430200000014,10838,True
72,Background,102400,5.67479,5.916801007,0.24201100700000033,10838,True
75,Background,102400,5.67566,6.141269344,0.46560934400000065,10838,True
56,Background,10485760,5.67704,6.188258933,0.5112189330000003,10838,True
52,Background,1024,5.67731,5.761223428,0.08391342799999979,10838,True
59,Background,102400,5.67777,5.775403905,0.09763390500000035,106400,True
46,Background,1048576,5.6785,5.977510229,0.2990102290000003,1087892,True
63,Background,1024,5.68086,6.098333572,0.41747357199999957,10838,True
69,Background,1048576,5.68167,5.785627855,0.10395785499999999,106400,True
63,Background,102400,5.68252,5.948981857,0.26646185699999947,1244,True
83,Background,102400,5.68371,5.736590581,0.05288058100000015,106400,True
55,Background,1048576,5.6839,5.70975436,0.02585435999999941,10838,True
50,Background,102400,5.68445,5.874716079,0.1902660789999997,10838,True
50,Background,10240,5.68468,6.055860019,0.37118001899999964,106400,True
58,Background,10240,5.68636,5.697267065,0.010907065000000493,10838,True
54,Background,10240,5.6864,5.880871364,0.19447136399999998,10838,True
56,Background,1048576,5.68692,6.111008424,0.4240884240000007,10876994,True
53,Background,10485760,5.69037,5.724562009,0.03419200899999986,106400,True
69,Background,10240,5.69077,5.737844734,0.04707473400000062,10876994,True
59,Background,1048576,5.69178,5.800144116,0.10836411600000062,1087892,True
51,Background,1024,5.69233,5.698484744,0.006154743999999823,10838,True
55,Background,10240,5.69315,5.931934057,0.23878405700000016,108768230,True
61,Background,102400,5.69359,5.952480826,0.258890826,1244,True
60,Background,1048576,5.69377,5.903578338,0.2098083380000002,106400,True
63,Background,10485760,5.69384,5.80853668,0.11469667999999977,1244,True
61,Background,1048576,5.69384,5.773929228,0.08008922800000029,10876994,True
51,Background,102400,5.69575,6.046098242,0.3503482419999999,108768230,True
54,Background,10240,5.69592,5.744731885,0.04881188500000011,1244,True
47,Background,102400,5.69814,6.063889549,0.36574954899999934,106400,True
48,Background,1048576,5.69859,5.72400108,0.025411079999999586,1087892,True
50,Background,1048576,5.69901,6.188532782,0.4895227819999999,108768230,True
57,Background,10240,5.69917,5.702287861,0.0031178610000006657,1244,True
56,Background,10240,5.69948,5.789740661,0.09026066099999941,10838,True
64,Background,10485760,5.69966,5.948981857,0.24932185699999998,1244,True
61,Background,1048576,5.70068,5.903578338,0.2028983379999998,106400,True
62,Background,10240,5.70138,5.711195281,0.009815280999999842,1244,True
42,Background,102400,5.70258,5.746976708,0.04439670799999984,106400,True
73,Background,1048576,5.70376,5.916801007,0.21304100700000017,10838,True
64,Background,102400,5.70514,5.80853668,0.10339667999999946,1244,True
49,Background,10240,5.70663,5.872795873,0.16616587300000063,10838,True
53,Background,10240,5.70706,5.875542144,0.1684821439999995,106400,True
50,Background,1024,5.7074,6.134180749,0.4267807490000006,1087892,True
59,Background,102400,5.70782,5.833641472,0.12582147200000016,10876994,True
53,Background,1048576,5.70783,5.824947775,0.11711777499999965,106400,True
61,Background,1024,5.70787,5.765504557,0.057634557000000086,1244,True
56,Background,1024,5.70806,5.86028993,0.15222993000000073,106400,True
50,Background,1048576,5.70825,5.741498329,0.033248329000000076,1244,True
71,Background,10240,5.70887,5.873923452,0.16505345199999955,10838,True
51,Background,1048576,5.70922,5.842065279,0.13284527899999965,10838,True
40,Background,10240,5.71031,6.336288091,0.6259780910000003,1244,True
62,Background,1048576,5.7114,5.751425915,0.04002591500000019,106400,True
45,Background,1048576,5.71249,5.943280585,0.23079058500000027,106400,True
57,Background,1024,5.71266,5.852082394,0.13942239400000034,1244,True
57,Background,1024,5.71291,5.788199521,0.07528952100000019,106400,True
51,Background,102400,5.71509,5.769785622,0.054695621999999666,106400,True
58,Background,1048576,5.71721,5.757061857,0.03985185700000038,1087892,True
50,Background,10485760,5.71762,5.725242467,0.007622467000000022,10838,True
58,Background,1048576,5.71775,5.816686459,0.09893645899999992,10838,True
52,Background,1048576,5.71814,6.046098242,0.32795824200000023,108768230,True
63,Background,10240,5.71941,5.883933333,0.164523333,106400,True
59,Background,102400,5.72005,5.757061857,0.037011857000000425,1087892,True
54,Background,10240,5.72054,5.941453209,0.2209132089999999,10838,True
61,Background,102400,5.72067,5.785736928,0.06506692800000025,106400,True
55,Background,10240,5.72295,5.744731885,0.021781885000000223,1244,True
56,Background,10240,5.7233,5.753535029,0.03023502899999997,10838,True
45,Background,1048576,5.72335,6.083779941,0.3604299410000005,106400,True
52,Background,1024,5.72342,5.972931094,0.24951109399999982,106400,True
57,Background,10485760,5.72374,5.753535029,0.02979502899999975,10838,True
62,Background,10485760,5.72415,5.867496844,0.14334684399999986,1244,True
70,Background,102400,5.72436,5.785627855,0.06126785500000054,106400,True
59,Background,10485760,5.72489,5.816686459,0.09179645899999933,10838,True
74,Background,1024,5.725,5.916801007,0.19180100700000047,10838,True
56,Background,1048576,5.72522,5.751645048,0.026425048000000118,106400,True
58,Background,102400,5.72531,5.874291407,0.14898140699999995,106400,True
47,Background,102400,5.72645,5.977510229,0.25106022900000013,1087892,True
63,Background,1024,5.72686,5.780655348,0.05379534799999952,106400,True
59,Background,10485760,5.72692,6.211792006,0.4848720059999998,1087892,True
57,Background,1024,5.72766,5.857487136,0.1298271359999994,1244,True
62,Background,102400,5.72911,5.903578338,0.1744683379999996,106400,True
52,Background,10240,5.72947,5.769785622,0.04031562199999961,106400,True
61,Background,1024,5.72971,5.931372233,0.2016622330000004,1087892,True
61,Background,10485760,5.72997,5.824724302,0.09475430200000012,10838,True
58,Background,1024,5.73038,5.813286366,0.08290636599999957,1087892,True
50,Background,10240,5.73074,5.769022793,0.03828279300000048,10838,True
62,Background,102400,5.73079,6.587484122,0.8566941220000004,10838,True
41,Background,1024,5.73083,6.336288091,0.605458091,1244,True
63,Background,1024,5.73176,6.587484122,0.8557241219999998,10838,True
55,Background,102400,5.73335,5.819024729,0.08567472899999995,106400,True
67,Background,102400,5.73392,5.924013627,0.19009362699999954,10876994,True
56,Background,10485760,5.73515,5.905940467,0.17079046699999978,10876994,True
53,Background,102400,5.73559,5.753486278,0.017896277999999377,106400,True
65,Background,10485760,5.73701,6.070417686,0.33340768600000015,106400,True
62,Background,10240,5.73746,5.765504557,0.028044557000000303,1244,True
53,Background,1024,5.73777,5.972931094,0.23516109399999952,106400,True
58,Background,10240,5.73801,5.788199521,0.05018952100000007,106400,True
70,Background,102400,5.73825,5.87660622,0.13835622000000036,10838,True
53,Background,1024,5.74007,5.745463067,0.005393066999999974,10838,True
65,Background,1024,5.74082,5.877206133,0.13638613299999935,1087892,True
54,Background,1024,5.74115,5.991813751,0.2506637509999994,106400,True
51,Background,1024,5.74142,5.741498329,7.832899999993259e-05,1244,True
53,Background,10240,5.74231,6.156207096,0.41389709600000035,10838,True
57,Background,102400,5.74488,5.825769744,0.08088974399999938,1244,True
55,Background,102400,5.7465,5.991813751,0.2453137509999994,106400,True
60,Background,102400,5.74791,5.816686459,0.06877645899999951,10838,True
71,Background,1048576,5.75029,5.785627855,0.03533785500000075,106400,True
44,Background,10240,5.75051,6.030163139,0.27965313899999966,10838,True
64,Background,1048576,5.75142,6.488249416,0.736829416,1244,True
62,Background,10485760,5.75258,5.931372233,0.17879223300000024,1087892,True
56,Background,10240,5.75338,5.860417354,0.10703735400000003,1244,True
55,Background,1048576,5.75359,6.00309889,0.24950889000000043,1087892,True
54,Background,102400,5.75546,5.972931094,0.21747109399999953,106400,True
56,Background,1024,5.75648,5.819024729,0.06254472899999985,106400,True
59,Background,10485760,5.75668,5.813286366,0.056606365999999575,1087892,True
46,Background,102400,5.75767,6.083779941,0.32610994100000035,106400,True
54,Background,1048576,5.7577,5.808006618,0.05030661800000047,106400,True
49,Background,102400,5.75775,5.846964083,0.08921408299999989,1244,True
52,Background,1024,5.75831,5.842065279,0.08375527900000002,10838,True
50,Background,1048576,5.75981,5.918752557,0.15894255700000048,10838,True
60,Background,10240,5.75988,5.796000142,0.03612014199999969,1087892,True
52,Background,10240,5.76013,5.913892208,0.15376220799999984,1087892,True
58,Background,102400,5.7616,5.857208533,0.09560853300000005,1244,True
51,Background,102400,5.7629,5.769022793,0.006122793000000293,10838,True
69,Background,102400,5.76332,5.828064995,0.06474499499999986,106400,True
53,Background,1048576,5.76336,5.769785622,0.006425622000000075,106400,True
64,Background,1048576,5.76343,5.804186413,0.040756413000000435,1087892,True
56,Background,102400,5.76413,5.991813751,0.22768375099999982,106400,True
56,Background,102400,5.76432,6.00309889,0.23877889000000074,1087892,True
49,Background,10240,5.7651,5.819107481,0.0540074809999993,10838,True
57,Background,102400,5.76869,6.031785275,0.2630952749999995,1087892,True
59,Background,1048576,5.76923,5.92644489,0.15721488999999966,1244,True
71,Background,1048576,5.77185,5.87660622,0.10475622000000051,10838,True
57,Background,1048576,5.77234,6.00309889,0.2307588900000006,1087892,True
58,Background,10485760,5.77234,5.825769744,0.05342974399999978,1244,True
76,Background,1024,5.77266,6.141269344,0.3686093440000002,10838,True
53,Background,10240,5.77279,5.97081726,0.19802725999999993,10838,True
66,Background,1024,5.77306,6.070417686,0.2973576859999998,106400,True
57,Background,102400,5.77314,6.06619377,0.2930537700000002,1087892,True
51,Background,1048576,5.77326,5.97453243,0.2012724300000004,106400,True
54,Background,102400,5.77353,5.824947775,0.051417775,106400,True
64,Background,10240,5.77365,6.098333572,0.32468357199999964,10838,True
54,Background,102400,5.77412,5.997323219,0.22320321900000017,1244,True
63,Background,1048576,5.77444,6.081037134,0.30659713399999955,10838,True
51,Background,102400,5.77475,5.874716079,0.09996607899999965,10838,True
62,Background,10485760,5.77486,5.933620511,0.15876051099999966,106400,True
61,Background,1024,5.77612,6.1281887,0.35206870000000023,1244,True
54,Background,102400,5.77833,6.156207096,0.37787709599999975,10838,True
68,Background,10240,5.77841,5.924013627,0.14560362699999985,10876994,True
63,Background,1048576,5.77869,5.903578338,0.12488833799999988,106400,True
43,Background,102400,5.77946,5.833611969,0.05415196899999941,10838,True
55,Background,1048576,5.78131,5.941453209,0.16014320899999923,10838,True
59,Background,10240,5.78279,5.874291407,0.09150140699999998,106400,True
52,Background,10240,5.7829,5.97453243,0.1916324300000003,106400,True
56,Background,10240,5.78409,5.941453209,0.15736320899999967,10838,True
63,Background,1024,5.78446,5.861651584,0.07719158399999948,1244,True
61,Background,102400,5.78551,5.816686459,0.031176458999999213,10838,True
60,Background,10240,5.7862,6.211792006,0.4255920059999996,1087892,True
61,Background,102400,5.78625,6.211792006,0.4255420059999997,1087892,True
59,Background,10485760,5.78631,5.825769744,0.0394597439999993,1244,True
60,Background,102400,5.78712,5.800144116,0.013024116000000419,1087892,True
60,Background,10485760,5.78774,5.825769744,0.038029743999999255,1244,True
57,Background,10240,5.78817,5.905940467,0.11777046699999971,10876994,True
64,Background,102400,5.78821,6.081037134,0.2928271339999995,10838,True
72,Background,1048576,5.78906,5.87660622,0.08754622000000012,10838,True
51,Background,102400,5.78947,5.877733072,0.08826307200000016,106400,True
52,Background,102400,5.78973,5.887840304,0.09811030400000043,106400,True
57,Background,1048576,5.78983,5.789740661,-8.93390000005212e-05,10838,True
75,Background,1024,5.79017,5.916801007,0.1266310070000003,10838,True
52,Background,10240,5.79017,5.877733072,0.08756307200000002,106400,True
58,Background,10240,5.79057,6.06619377,0.27562377000000016,1087892,True
59,Background,102400,5.79161,5.857208533,0.06559853299999929,1244,True
58,Background,1024,5.79196,6.031785275,0.2398252749999994,1087892,True
53,Background,1024,5.792,5.861204899,0.06920489899999982,10838,True
57,Background,102400,5.7921,5.819024729,0.02692472900000009,106400,True
53,Background,10485760,5.79282,6.234550734,0.44173073400000007,10876994,True
56,Background,102400,5.79361,5.807985131,0.014375130999999541,10838,True
55,Background,10240,5.79369,5.824947775,0.031257775000000265,106400,True
53,Background,102400,5.79483,5.887840304,0.09301030399999988,106400,True
46,Background,102400,5.79511,5.943280585,0.1481705849999999,106400,True
72,Background,102400,5.79565,5.918291612,0.12264161199999979,10876994,True
84,Background,1048576,5.79576,5.850773357,0.055013356999999985,10838,True
55,Background,1048576,5.79582,6.156207096,0.3603870960000002,10838,True
61,Background,10240,5.79715,5.816941307,0.019791306999999314,10838,True
62,Background,102400,5.80116,6.1281887,0.3270286999999996,1244,True
46,Background,10240,5.80171,5.960278191,0.15856819099999964,10876994,True
70,Background,102400,5.80342,5.882907404,0.07948740399999998,1244,True
57,Background,1048576,5.80485,6.188258933,0.3834089330000001,10838,True
63,Background,102400,5.80633,5.933620511,0.127290511,106400,True
47,Background,1024,5.80752,6.062444561,0.25492456100000016,1244,True
45,Background,10240,5.8082,6.030163139,0.22196313899999964,10838,True
60,Background,10240,5.80936,5.874291407,0.06493140700000044,106400,True
59,Background,1048576,5.80986,6.026060674,0.21620067400000043,10838,True
58,Background,102400,5.80986,5.857487136,0.047627136000000014,1244,True
73,Background,1048576,5.81153,5.87660622,0.0650762199999999,10838,True
58,Background,1048576,5.81203,6.007554447,0.19552444700000038,10876994,True
58,Background,1048576,5.81213,5.852082394,0.03995239400000017,1244,True
59,Background,1024,5.81514,5.857487136,0.042347135999999175,1244,True
54,Background,1048576,5.81647,5.875542144,0.05907214399999994,106400,True
55,Background,102400,5.81687,5.946497089,0.12962708900000042,106400,True
57,Background,10240,5.81699,5.86028993,0.043299930000000764,106400,True
58,Background,10240,5.817,5.86028993,0.043289930000000254,106400,True
59,Background,10240,5.81961,6.031785275,0.21217527499999989,1087892,True
52,Background,102400,5.81971,5.92362894,0.10391894000000068,106400,True
58,Background,1048576,5.81999,6.013910599,0.19392059900000014,10838,True
53,Background,1048576,5.82008,5.877733072,0.057653071999999916,106400,True
69,Background,10240,5.82022,5.924013627,0.10379362699999994,10876994,True
65,Background,1024,5.82163,6.140558152,0.3189281519999998,106400,True
60,Background,1048576,5.82211,6.225585089,0.4034750889999996,106400,True
54,Background,104857600,5.82213,6.234550734,0.41242073400000034,10876994,True
54,Background,10240,5.82305,5.97081726,0.1477672599999993,10838,True
57,Background,102400,5.82325,5.963012178,0.1397621779999998,10838,True
50,Background,102400,5.82398,5.846964083,0.022984082999999877,1244,True
72,Background,1048576,5.82407,5.873923452,0.0498534519999998,10838,True
51,Background,102400,5.82431,5.980997675,0.15668767500000058,1244,True
64,Background,10240,5.8245,5.903578338,0.07907833800000041,106400,True
42,Background,1048576,5.82522,6.336288091,0.5110680910000003,1244,True
65,Background,1024,5.82606,6.057219248,0.23115924799999998,1087892,True
58,Background,102400,5.82777,5.905023177,0.07725317700000023,10838,True
57,Background,102400,5.82908,5.941453209,0.11237320899999936,10838,True
47,Background,1048576,5.82932,5.943280585,0.11396058500000006,106400,True
43,Background,1024,5.82947,6.336288091,0.5068180910000004,1244,True
63,Background,10485760,5.82987,5.867496844,0.03762684400000005,1244,True
64,Background,1048576,5.83001,6.022666012,0.1926560120000005,10838,True
48,Background,102400,5.83013,6.063889549,0.23375954900000018,106400,True
57,Background,10240,5.83089,6.111008424,0.2801184240000003,10876994,True
55,Background,1024,5.83107,5.880871364,0.04980136399999946,10838,True
65,Background,1024,5.83206,6.098333572,0.26627357199999935,10838,True
48,Background,1024,5.8327,6.062444561,0.2297445610000004,1244,True
60,Background,10240,5.83277,6.026060674,0.193290674,10838,True
61,Background,10240,5.8336,6.026060674,0.19246067400000033,10838,True
59,Background,10485760,5.83425,6.062730381,0.2284803809999998,1087892,True
61,Background,10240,5.83523,6.225585089,0.3903550889999998,106400,True
63,Background,10485760,5.83657,6.029745046,0.19317504600000035,106400,True
56,Background,10240,5.83705,6.156207096,0.31915709600000053,10838,True
70,Background,10240,5.83752,5.97756957,0.1400495700000004,106400,True
51,Background,104857600,5.83893,6.134180749,0.29525074900000003,1087892,True
54,Background,1024,5.83975,6.371501882,0.5317518819999991,106400,True
54,Background,10240,5.84006,5.861204899,0.021144898999999384,10838,True
53,Background,10240,5.84024,5.913892208,0.07365220800000039,1087892,True
54,Background,104857600,5.8432,5.887840304,0.04464030399999963,106400,True
64,Background,1048576,5.84414,5.867496844,0.023356843999999377,1244,True
57,Background,10485760,5.84508,6.069170776,0.22409077599999971,10838,True
58,Background,102400,5.8451,5.905940467,0.06084046699999934,10876994,True
58,Background,102400,5.84631,6.430398509,0.5840885089999999,10876994,True
62,Background,10240,5.84637,6.211792006,0.3654220059999993,1087892,True
58,Background,1024,5.84665,5.963012178,0.11636217799999926,10838,True
55,Background,102400,5.84718,5.887840304,0.0406603040000002,106400,True
59,Background,10240,5.84772,6.06619377,0.21847377000000012,1087892,True
51,Background,1048576,5.84796,6.055860019,0.2079000190000002,106400,True
60,Background,10240,5.84813,5.92644489,0.07831488999999969,1244,True
64,Background,10485760,5.84967,6.165150088,0.31548008800000016,1087892,True
56,Background,10240,5.85068,5.887840304,0.037160304000000366,106400,True
60,Background,1048576,5.85911,6.06619377,0.20708376999999967,1087892,True
47,Background,1024,5.8597,6.206559187,0.34685918699999974,106400,True
59,Background,1048576,5.85994,6.013910599,0.15397059899999999,10838,True
58,Background,10485760,5.86155,5.941453209,0.07990320899999936,10838,True
59,Background,102400,5.86328,6.014184353,0.1509043530000005,1087892,True
64,Background,1024,5.86357,6.280725398,0.41715539800000023,106400,True
60,Background,1048576,5.86824,6.062730381,0.1944903809999996,1087892,True
55,Background,1048576,5.86894,5.875542144,0.006602143999999477,106400,True
52,Background,1024,5.86979,5.874716079,0.004926078999999639,10838,True
61,Background,1048576,5.87003,6.062730381,0.19270038099999987,1087892,True
65,Background,1024,5.87042,6.022666012,0.152246012,10838,True
61,Background,1024,5.8717,5.874291407,0.0025914070000006006,106400,True
62,Background,102400,5.87172,6.066143787,0.19442378699999985,1244,True
62,Background,10240,5.87192,5.955854666,0.08393466599999932,106400,True
44,Background,1048576,5.87227,6.336288091,0.4640180909999998,1244,True
58,Background,102400,5.87417,6.111008424,0.2368384240000001,10876994,True
52,Background,10240,5.87526,6.055860019,0.1806000189999999,106400,True
71,Background,1048576,5.87577,5.882907404,0.007137403999999847,1244,True
72,Background,10240,5.87751,5.882907404,0.0053974039999999945,1244,True
61,Background,1048576,5.87789,5.988592014,0.11070201400000013,106400,True
58,Background,1024,5.87981,6.069170776,0.189360776,10838,True
53,Background,1048576,5.87981,5.895559626,0.01574962599999985,106400,True
64,Background,102400,5.88208,6.045648027,0.16356802700000017,106400,True
54,Background,10485760,5.88361,5.895559626,0.011949625999999824,106400,True
47,Background,1048576,5.884,5.960278191,0.07627819099999922,10876994,True
57,Background,1048576,5.88432,5.991813751,0.1074937509999998,106400,True
48,Background,102400,5.88438,5.943280585,0.05890058499999995,106400,True
62,Background,102400,5.88587,6.294996109,0.4091261090000007,10876994,True
54,Background,10240,5.88637,6.170686672,0.2843166720000001,106400,True
73,Background,1048576,5.88643,6.115220109,0.22879010900000019,1244,True
65,Background,10240,5.88671,6.165150088,0.278440088,1087892,True
56,Background,102400,5.88761,5.961679855,0.0740698550000003,10838,True
49,Background,102400,5.88777,6.495960299,0.6081902990000003,10838,True
53,Background,1048576,5.88854,6.055860019,0.16732001899999993,106400,True
62,Background,10485760,5.89169,6.062730381,0.17104038100000007,1087892,True
48,Background,102400,5.89226,6.206559187,0.3142991869999996,106400,True
46,Background,1024,5.89252,6.030163139,0.1376431389999997,10838,True
62,Background,104857600,5.89255,5.952480826,0.05993082600000044,1244,True
62,Background,10485760,5.89486,6.026060674,0.13120067399999957,10838,True
62,Background,1024,5.89555,5.950647057,0.05509705700000023,10876994,True
57,Background,1048576,5.89588,6.156207096,0.26032709600000015,10838,True
63,Background,102400,5.8965,6.026060674,0.12956067400000038,10838,True
59,Background,1048576,5.8967,5.901788153,0.005088152999999984,106400,True
63,Background,1024,5.89727,6.211792006,0.3145220059999998,1087892,True
54,Background,10240,5.8986,5.913892208,0.015292207999999974,1087892,True
65,Background,102400,5.89912,6.480512333,0.5813923330000001,10876994,True
55,Background,10240,5.89946,6.189270893,0.2898108929999994,10838,True
63,Background,102400,5.90137,6.1281887,0.22681869999999993,1244,True
55,Background,1048576,5.90154,6.239779219,0.3382392190000001,106400,True
64,Background,1024,5.90192,6.1281887,0.22626870000000032,1244,True
50,Background,1048576,5.90225,6.235341912,0.33309191199999955,1087892,True
52,Background,10240,5.90248,5.968661259,0.06618125900000038,1087892,True
65,Background,102400,5.90291,5.948981857,0.04607185699999938,1244,True
63,Background,102400,5.90411,6.06922382,0.1651138200000002,1244,True
63,Background,1048576,5.90434,6.287241397,0.3829013969999995,106400,True
59,Background,10485760,5.90468,6.007554447,0.10287444700000048,10876994,True
61,Background,10485760,5.90478,5.998910478,0.0941304780000003,10876994,True
45,Background,1048576,5.90516,6.336288091,0.4311280909999997,1244,True
63,Background,10240,5.90621,6.22883616,0.32262616000000044,10876994,True
49,Background,10240,5.90651,6.063889549,0.15737954899999984,106400,True
59,Background,1048576,5.90706,5.967399084,0.060339083999999765,106400,True
62,Background,10240,5.90761,6.225585089,0.31797508899999993,106400,True
53,Background,10240,5.90773,5.92362894,0.015898940000000472,106400,True
51,Background,1048576,5.90849,6.235341912,0.3268519120000004,1087892,True
55,Background,1024,5.90903,5.997323219,0.08829321900000053,1244,True
66,Background,1048576,5.91151,6.480512333,0.5690023330000002,10876994,True
60,Background,10240,5.91399,6.258635502,0.34464550199999966,106400,True
66,Background,10240,5.9151,6.098333572,0.1832335719999998,10838,True
55,Background,10240,5.91618,5.972931094,0.056751094,106400,True
67,Background,1048576,5.9164,6.480512333,0.5641123329999997,10876994,True
62,Background,1048576,5.91694,6.213157142,0.2962171419999997,1244,True
55,Background,102400,5.91719,6.085739123,0.16854912300000002,1087892,True
62,Background,102400,5.91924,5.936599513,0.017359512999999716,10838,True
48,Background,10485760,5.91983,5.960278191,0.04044819099999941,10876994,True
52,Background,10240,5.92102,6.134180749,0.21316074900000004,1087892,True
59,Background,10240,5.92103,5.92090055,-0.00012945000000019746,106400,True
58,Background,1024,5.92227,5.991813751,0.06954375099999943,106400,True
55,Background,10485760,5.92287,6.042519265,0.1196492650000005,106400,True
64,Background,10240,5.92292,6.587484122,0.6645641219999998,10838,True
63,Background,1024,5.92379,6.213157142,0.2893671419999997,1244,True
51,Background,102400,5.92415,6.131625789,0.20747578900000008,1087892,True
65,Background,10240,5.92417,6.587484122,0.6633141220000001,10838,True
68,Background,1024,5.92462,6.079787682,0.15516768200000008,1244,True
65,Background,10485760,5.92506,6.025042116,0.09998211599999962,1244,True
56,Background,10240,5.92513,6.239779219,0.31464921899999965,106400,True
63,Background,1048576,5.92539,5.936599513,0.011209512999999838,10838,True
53,Background,102400,5.92639,6.350314065,0.42392406500000046,1087892,True
47,Background,1048576,5.92668,6.083779941,0.15709994100000024,106400,True
73,Background,1024,5.93029,6.309366312,0.3790763119999996,1244,True
52,Background,10240,5.93098,5.980997675,0.05001767500000032,1244,True
53,Background,10240,5.9311,5.968661259,0.03756125900000029,1087892,True
53,Background,10485760,5.93118,5.97453243,0.043352429999999664,106400,True
57,Background,102400,5.93201,6.129157576,0.19714757599999988,1087892,True
46,Background,102400,5.93238,6.121223679,0.18884367899999965,106400,True
63,Background,1048576,5.93249,6.062730381,0.13024038100000013,1087892,True
70,Background,102400,5.9325,6.210383156,0.2778831559999997,1244,True
57,Background,102400,5.93478,6.558454764,0.6236747640000004,108768230,True
62,Background,104857600,5.93494,5.988592014,0.05365201399999986,106400,True
56,Background,10240,5.93709,6.085739123,0.14864912299999933,1087892,True
54,Background,102400,5.93847,5.97453243,0.03606243000000031,106400,True
63,Background,102400,5.93899,6.066143787,0.12715378699999924,1244,True
51,Background,10240,5.93938,6.188532782,0.24915278200000035,108768230,True
64,Background,10485760,5.94146,5.946257683,0.0047976829999996085,1244,True
66,Background,102400,5.94232,6.025042116,0.08272211600000023,1244,True
64,Background,1024,5.94306,6.066143787,0.12308378699999967,1244,True
85,Background,102400,5.94362,6.303392664,0.3597726640000003,1087892,True
52,Background,1048576,5.94367,6.131625789,0.1879557890000001,1087892,True
60,Background,10240,5.94387,5.967816589,0.023946588999999463,10838,True
66,Background,10485760,5.94408,6.022666012,0.0785860120000006,10838,True
62,Background,10240,5.94516,5.998910478,0.053750478000000435,10876994,True
54,Background,1048576,5.94907,6.469171941,0.5201019410000001,1087892,True
64,Background,10240,5.94945,6.062730381,0.11328038100000004,1087892,True
58,Background,10240,5.94991,6.00309889,0.05318889000000038,1087892,True
58,Background,102400,5.95042,6.189879053,0.23945905300000003,1087892,True
60,Background,102400,5.95099,6.009802896,0.05881289600000006,1087892,True
56,Background,1024,5.95122,6.022109427,0.070889427,10876994,True
54,Background,10485760,5.95205,6.188697854,0.2366478540000001,1244,True
65,Background,102400,5.95286,6.081037134,0.12817713399999953,10838,True
58,Background,1048576,5.95301,6.156207096,0.20319709600000024,10838,True
56,Background,10485760,5.95402,6.120305297,0.16628529699999994,1087892,True
66,Background,102400,5.95465,6.346343815,0.391693815,10876994,True
57,Background,102400,5.9553,5.961679855,0.006379854999999601,10838,True
63,Background,1024,5.95732,6.103170771,0.1458507710000001,1087892,True
58,Background,1024,5.95811,6.086475352,0.12836535200000032,106400,True
64,Background,1024,5.95925,6.026060674,0.06681067400000007,10838,True
53,Background,1024,5.96051,5.980997675,0.02048767500000004,1244,True
64,Background,1024,5.96079,6.181050355,0.22026035499999974,106400,True
55,Background,10240,5.961,6.188697854,0.22769785399999964,1244,True
76,Background,1048576,5.96161,6.022749123,0.06113912299999935,1244,True
60,Background,1048576,5.9618,6.250648832,0.2888488320000002,1244,True
67,Background,1048576,5.96194,6.346343815,0.38440381499999976,10876994,True
53,Background,102400,5.96243,6.032182467,0.06975246699999982,106400,True
59,Background,102400,5.96344,6.189879053,0.226439053,1087892,True
61,Background,10240,5.9642,5.986491762,0.022291762000000048,106400,True
56,Background,10240,5.96596,5.972931094,0.0069710939999998445,106400,True
57,Background,1048576,5.96636,6.022109427,0.055749427000000296,10876994,True
59,Background,102400,5.9692,6.690150588,0.720950588,10838,True
60,Background,10240,5.9692,6.189879053,0.22067905300000046,1087892,True
58,Background,104857600,5.96923,6.558454764,0.5892247640000008,108768230,True
58,Background,1024,5.97173,6.188258933,0.2165289330000002,10838,True
54,Background,102400,5.97175,6.032182467,0.060432467000000045,106400,True
52,Background,10485760,5.97299,6.471466681,0.49847668099999964,10876994,True
64,Background,102400,5.97332,6.06922382,0.0959038200000002,1244,True
59,Background,10240,5.97684,5.991813751,0.014973750999999424,106400,True
56,Background,1048576,5.97744,6.189270893,0.21183089300000013,10838,True
62,Background,102400,5.97849,5.986491762,0.008001762000000134,106400,True
68,Background,1048576,5.97871,6.480512333,0.5018023329999997,10876994,True
77,Background,102400,5.9801,6.022749123,0.042649122999999456,1244,True
48,Background,10240,5.9801,6.116009789,0.1359097889999994,1087892,True
60,Background,1048576,5.98056,6.12411173,0.14355173000000043,1087892,True
74,Background,10485760,5.98184,6.115220109,0.13338010899999997,1244,True
65,Background,10240,5.98243,6.026060674,0.04363067400000009,10838,True
60,Background,102400,5.98419,6.235675587,0.25148558700000034,10838,True
65,Background,102400,5.98533,6.488249416,0.5029194160000001,1244,True
59,Background,1024,5.98547,6.116750159,0.13128015900000012,1087892,True
60,Background,102400,5.98576,6.057612322,0.0718523219999998,1087892,True
68,Background,10240,5.98705,6.120015946,0.13296594599999967,10838,True
73,Background,10240,5.98814,6.082270191,0.09413019100000053,106400,True
68,Background,10240,5.98918,6.346343815,0.35716381499999983,10876994,True
63,Background,1024,5.98965,6.225585089,0.23593508899999982,106400,True
65,Background,1024,5.99148,6.181050355,0.18957035499999986,106400,True
59,Background,10240,5.99238,6.072775126,0.08039512599999998,10838,True
66,Background,10485760,5.99364,6.181050355,0.18741035499999992,106400,True
61,Background,10485760,5.9937,6.12411173,0.1304117300000005,1087892,True
60,Background,102400,5.99418,5.994187645,7.645000000167101e-06,106400,True
64,Background,102400,5.99483,6.287241397,0.2924113969999995,106400,True
55,Background,102400,5.99491,6.165050682,0.17014068200000043,106400,True
64,Background,10240,5.99549,6.22883616,0.23334615999999997,10876994,True
59,Background,102400,5.99599,6.558454764,0.5624647640000005,108768230,True
65,Background,102400,5.99777,6.06922382,0.07145382000000033,1244,True
64,Background,1048576,5.99809,6.211792006,0.21370200599999922,1087892,True
57,Background,1048576,5.99964,6.239779219,0.24013921899999957,106400,True
61,Background,10240,5.99979,6.059098858,0.05930885799999963,10876994,True
46,Background,10240,6.00168,6.336288091,0.3346080909999998,1244,True
69,Background,1048576,6.00243,6.120015946,0.11758594599999928,10838,True
67,Background,1048576,6.00277,6.181050355,0.17828035500000006,106400,True
53,Background,10240,6.00326,6.131625789,0.12836578900000006,1087892,True
65,Background,102400,6.00536,6.280725398,0.2753653980000008,106400,True
60,Background,1048576,6.00914,6.072775126,0.06363512599999943,10838,True
50,Background,10240,6.00936,6.495960299,0.486600299,10838,True
60,Background,1024,6.01062,6.558454764,0.5478347640000001,108768230,True
64,Background,10240,6.01073,6.103170771,0.09244077100000059,1087892,True
51,Background,102400,6.01285,6.326320301,0.31347030099999973,1244,True
71,Background,10240,6.01298,6.210383156,0.19740315600000002,1244,True
67,Background,1048576,6.01316,6.098333572,0.08517357199999953,10838,True
55,Background,102400,6.014,6.245745941,0.2317459409999998,10838,True
55,Background,1024,6.01548,6.032626738,0.017146738000000106,106400,True
59,Background,1024,6.01627,6.188258933,0.17198893300000062,10838,True
66,Background,1048576,6.0169,6.081037134,0.0641371340000001,10838,True
62,Background,1048576,6.01764,6.12411173,0.10647172999999999,1087892,True
66,Background,1024,6.01862,6.587484122,0.5688641219999999,10838,True
49,Background,10240,6.02071,6.206559187,0.18584918699999964,106400,True
61,Background,1048576,6.021,6.250648832,0.22964883200000052,1244,True
67,Background,102400,6.02179,6.025042116,0.0032521159999996385,1244,True
78,Background,10240,6.02221,6.022749123,0.0005391229999993641,1244,True
58,Background,1048576,6.0224,6.129157576,0.10675757599999969,1087892,True
60,Background,10240,6.02244,6.625191536,0.6027515360000004,10876994,True
57,Background,102400,6.02265,6.271603044,0.2489530440000003,108768230,True
47,Background,10240,6.02283,6.336288091,0.3134580910000002,1244,True
74,Background,1048576,6.02315,6.082270191,0.05912019099999988,106400,True
64,Background,10240,6.0235,6.213157142,0.18965714199999972,1244,True
52,Background,102400,6.02384,6.044204476,0.02036447600000013,1087892,True
60,Background,10240,6.02547,6.188258933,0.16278893299999986,10838,True
61,Background,1048576,6.0259,6.625191536,0.599291536,10876994,True
48,Background,102400,6.02629,6.083779941,0.057489941000000044,106400,True
74,Background,102400,6.02668,6.309366312,0.28268631200000005,1244,True
55,Background,102400,6.02693,6.469171941,0.4422419409999998,1087892,True
56,Background,1048576,6.02787,6.042519265,0.014649265000000078,106400,True
61,Background,102400,6.03025,6.06619377,0.035943770000000264,1087892,True
65,Background,102400,6.03063,6.211792006,0.1811620059999992,1087892,True
59,Background,1024,6.03117,6.156207096,0.1250370959999998,10838,True
65,Background,10240,6.03153,6.287241397,0.2557113969999998,106400,True
75,Background,1048576,6.03531,6.039301791,0.0039917909999998,1244,True
77,Background,10240,6.03577,6.141269344,0.10549934400000005,10838,True
47,Background,10485760,6.03675,6.549117766,0.5123677660000006,106400,True
79,Background,10240,6.03867,6.157527191,0.11885719100000003,1244,True
48,Background,10240,6.03916,6.336288091,0.29712809100000026,1244,True
66,Background,102400,6.0414,6.211792006,0.17039200599999926,1087892,True
52,Background,10240,6.04218,6.326320301,0.2841403009999999,1244,True
62,Background,10240,6.04219,6.212836363,0.17064636300000036,1087892,True
64,Background,102400,6.04285,6.225585089,0.18273508900000035,106400,True
49,Background,1048576,6.04386,6.116009789,0.07214978900000002,1087892,True
63,Background,102400,6.04422,6.055140287,0.01092028700000025,1087892,True
59,Background,10240,6.04444,6.430398509,0.38595850899999995,10876994,True
86,Background,10240,6.04486,6.303392664,0.2585326640000005,1087892,True
75,Background,1048576,6.04599,6.115220109,0.06923010900000026,1244,True
80,Background,10240,6.04644,6.157527191,0.1110871910000002,1244,True
47,Background,102400,6.04694,6.121223679,0.07428367899999966,106400,True
61,Background,1048576,6.04697,6.072775126,0.025805125999999845,10838,True
66,Background,102400,6.04737,6.140558152,0.09318815199999975,106400,True
60,Background,102400,6.04743,6.147295985,0.0998659850000001,10838,True
54,Background,10485760,6.04819,6.196953869,0.14876386899999972,106400,True
55,Background,102400,6.04875,6.069972431,0.021222430999999986,10838,True
59,Background,102400,6.05058,6.086475352,0.035895351999999825,106400,True
63,Background,10240,6.05109,6.212836363,0.16174636299999978,1087892,True
56,Background,1048576,6.05133,6.165050682,0.1137206820000003,106400,True
59,Background,10240,6.05265,6.069170776,0.016520776000000126,10838,True
67,Background,10240,6.05269,6.587484122,0.5347941220000001,10838,True
67,Background,10485760,6.05282,6.143835091,0.09101509100000005,106400,True
56,Background,10240,6.05336,6.082727759,0.029367759000000326,10838,True
66,Background,1024,6.05421,6.165150088,0.11094008799999955,1087892,True
87,Background,10240,6.05701,6.303392664,0.24638266400000042,1087892,True
70,Background,102400,6.05853,6.120015946,0.06148594599999946,10838,True
60,Background,102400,6.05901,6.535757186,0.4767471859999999,1244,True
57,Background,1024,6.06277,6.098129524,0.03535952399999953,106400,True
76,Background,102400,6.06294,6.115220109,0.0522801089999998,1244,True
69,Background,10485760,6.06329,6.346343815,0.2830538149999997,10876994,True
56,Background,102400,6.06354,6.245745941,0.18220594100000032,10838,True
56,Background,1048576,6.06435,6.188697854,0.12434785399999981,1244,True
63,Background,102400,6.06438,6.35979649,0.29541649000000003,10876994,True
66,Background,1048576,6.06569,6.280725398,0.21503539800000038,106400,True
57,Background,104857600,6.06615,6.120305297,0.054155296999999436,1087892,True
53,Background,1048576,6.06691,6.134180749,0.06727074900000041,1087892,True
61,Background,1024,6.06713,6.338533709,0.2714037090000003,106400,True
61,Background,10485760,6.06738,6.189879053,0.1224990530000003,1087892,True
51,Background,102400,6.06824,6.495960299,0.42772029899999975,10838,True
78,Background,10240,6.06889,6.141269344,0.07237934400000068,10838,True
67,Background,1048576,6.06944,6.140558152,0.07111815199999949,106400,True
50,Background,102400,6.06988,6.206559187,0.13667918699999948,106400,True
57,Background,10485760,6.07025,6.188697854,0.11844785400000024,1244,True
66,Background,102400,6.07245,6.184844051,0.11239405099999988,10838,True
53,Background,1048576,6.07423,6.326320301,0.25209030099999996,1244,True
68,Background,102400,6.07488,6.181050355,0.10617035499999972,106400,True
76,Background,102400,6.07888,6.091468329,0.012588328999999732,106400,True
66,Background,1048576,6.07953,6.287241397,0.20771139699999974,106400,True
54,Background,1024,6.08001,6.302018533,0.22200853300000034,1087892,True
56,Background,1048576,6.08105,6.35846009,0.27741009000000005,1244,True
57,Background,104857600,6.08113,6.085739123,0.004609122999999826,1087892,True
68,Background,1048576,6.08177,6.098333572,0.016563571999999915,10838,True
62,Background,1024,6.08421,6.083982661,-0.00022733899999938245,10838,True
66,Background,1048576,6.08541,6.108086,0.022675999999999696,106400,True
61,Background,1048576,6.0862,6.235675587,0.1494755870000004,10838,True
62,Background,1048576,6.08762,6.625191536,0.5375715359999997,10876994,True
50,Background,102400,6.08827,6.105682913,0.017412913000000252,106400,True
51,Background,10240,6.08866,6.206559187,0.1178991869999999,106400,True
63,Background,102400,6.08893,6.668914572,0.5799845719999999,10838,True
55,Background,10240,6.08932,6.16855232,0.07923232000000002,106400,True
60,Background,102400,6.09153,6.16953781,0.0780078099999999,1087892,True
68,Background,1048576,6.09342,6.140558152,0.0471381519999996,106400,True
65,Background,102400,6.09404,6.590423858,0.4963838580000006,106400,True
61,Background,1048576,6.09611,6.558454764,0.462344764,108768230,True
67,Background,10485760,6.09628,6.184844051,0.08856405099999964,10838,True
54,Background,1024,6.09887,6.130040312,0.031170312000000422,1244,True
58,Background,1048576,6.09902,6.239779219,0.14075921899999955,106400,True
55,Background,1024,6.09975,6.170686672,0.0709366720000002,106400,True
60,Background,102400,6.10147,6.156207096,0.05473709600000021,10838,True
55,Background,1024,6.10481,6.196953869,0.09214386900000004,106400,True
71,Background,1048576,6.1051,6.141231696,0.03613169599999999,1244,True
75,Background,10240,6.10652,6.309366312,0.20284631200000014,1244,True
65,Background,1048576,6.10725,6.136597581,0.029347581000000567,1244,True
88,Background,1024,6.10743,6.303392664,0.1959626640000005,1087892,True
57,Background,1048576,6.10846,6.165050682,0.05659068200000039,106400,True
58,Background,10240,6.10877,6.668312353,0.5595423530000003,10876994,True
66,Background,1048576,6.10888,6.488249416,0.3793694160000003,1244,True
57,Background,102400,6.11042,6.245745941,0.13532594099999962,10838,True
52,Background,1024,6.11057,6.206559187,0.09598918699999981,106400,True
68,Background,102400,6.11158,6.143835091,0.03225509099999968,106400,True
48,Background,102400,6.1125,6.121223679,0.00872367900000004,106400,True
60,Background,102400,6.11371,6.116750159,0.0030401590000002088,1087892,True
67,Background,102400,6.1139,6.287241397,0.17334139699999973,106400,True
58,Background,1048576,6.11478,6.347097172,0.23231717200000013,1087892,True
58,Background,1048576,6.1153,6.120305297,0.005005296999999409,1087892,True
51,Background,1024,6.11648,6.475074399,0.35859439900000023,108768230,True
64,Background,102400,6.11673,6.443376646,0.3266466460000004,106400,True
63,Background,102400,6.1169,6.625191536,0.5082915359999998,10876994,True
68,Background,1024,6.11838,6.287241397,0.1688613969999997,106400,True
55,Background,102400,6.11839,6.234550734,0.11616073400000015,10876994,True
55,Background,102400,6.11843,6.302018533,0.183588533,1087892,True
57,Background,1048576,6.11878,6.35846009,0.23968009000000023,1244,True
69,Background,1024,6.11902,6.287241397,0.16822139699999994,106400,True
58,Background,102400,6.11992,6.188697854,0.06877785400000036,1244,True
59,Background,102400,6.12049,6.594338954,0.47384895400000016,10838,True
66,Background,10485760,6.12062,6.590423858,0.4698038580000006,106400,True
60,Background,102400,6.12096,6.430398509,0.3094385089999996,10876994,True
61,Background,1048576,6.12122,6.188258933,0.06703893300000008,10838,True
60,Background,10485760,6.12276,6.160166523,0.03740652299999958,1244,True
62,Background,102400,6.12278,6.558454764,0.4356747640000007,108768230,True
66,Background,10485760,6.1241,6.467183833,0.34308383299999967,10838,True
69,Background,102400,6.12496,6.140558152,0.01559815199999992,106400,True
59,Background,1048576,6.12651,6.239779219,0.1132692190000002,106400,True
53,Background,10240,6.12806,6.42176362,0.2937036200000005,10838,True
61,Background,102400,6.12862,6.147295985,0.018675985000000672,10838,True
58,Background,1024,6.12907,6.207420126,0.07835012600000013,1087892,True
62,Background,104857600,6.12934,6.338533709,0.209193709,106400,True
57,Background,102400,6.12952,6.282393198,0.152873198,1244,True
65,Background,102400,6.12967,6.255613777,0.1259437769999998,10876994,True
63,Background,10240,6.13043,6.159726986,0.029296986000000302,10838,True
56,Background,102400,6.13221,6.234550734,0.10234073400000021,10876994,True
54,Background,10240,6.13381,6.164258329,0.030448328999999497,1244,True
63,Background,102400,6.13408,6.338533709,0.20445370900000004,106400,True
59,Background,102400,6.13432,6.26764738,0.13332737999999988,10838,True
72,Background,1024,6.13439,6.210383156,0.075993156,1244,True
61,Background,1048576,6.13462,6.160166523,0.025546523000000043,1244,True
54,Background,1048576,6.13525,6.326320301,0.1910703009999999,1244,True
61,Background,10240,6.13593,6.535757186,0.39982718599999956,1244,True
81,Background,102400,6.1364,6.157527191,0.021127190999999712,1244,True
61,Background,10240,6.13727,6.416756517,0.2794865169999996,10838,True
55,Background,10240,6.13761,6.344804165,0.20719416500000065,106400,True
55,Background,10240,6.13914,6.351156235,0.2120162350000001,106400,True
70,Background,10240,6.13941,6.287241397,0.14783139700000003,106400,True
62,Background,1048576,6.13988,6.535757186,0.3958771859999999,1244,True
71,Background,1048576,6.14061,6.287241397,0.14663139700000016,106400,True
58,Background,1024,6.14287,6.245745941,0.10287594099999975,10838,True
67,Background,102400,6.14323,6.152584154,0.009354154000000392,1244,True
58,Background,1024,6.14404,6.481534369,0.33749436899999985,106400,True
68,Background,10485760,6.14411,6.223091397,0.07898139699999973,10838,True
54,Background,102400,6.1442,6.779680928,0.6354809280000007,10838,True
68,Background,102400,6.14514,6.587484122,0.4423441220000006,10838,True
49,Background,1048576,6.14646,6.182167386,0.03570738599999945,1244,True
65,Background,102400,6.14748,6.431838467,0.28435846700000056,106400,True
65,Background,102400,6.14845,6.443376646,0.2949266459999995,106400,True
56,Background,1024,6.14965,6.428940736,0.2792907360000001,10838,True
67,Background,102400,6.15013,6.280725398,0.13059539800000053,106400,True
69,Background,10240,6.15033,6.225310955,0.07498095500000002,10838,True
56,Background,104857600,6.15089,6.469171941,0.3182819409999995,1087892,True
59,Background,10485760,6.15196,6.668312353,0.5163523530000003,10876994,True
62,Background,1024,6.15199,6.776084392,0.6240943919999999,106400,True
60,Background,102400,6.1525,6.668312353,0.5158123530000003,10876994,True
55,Background,10240,6.15454,6.326320301,0.17178030100000008,1244,True
58,Background,10240,6.15473,6.165050682,0.01032068200000058,106400,True
63,Background,1048576,6.15678,6.285509294,0.12872929399999933,1244,True
62,Background,10485760,6.15727,6.419587968,0.2623179680000005,106400,True
57,Background,102400,6.15836,6.469171941,0.31081194099999987,1087892,True
56,Background,10240,6.159,6.16855232,0.009552320000000059,106400,True
60,Background,10240,6.15924,6.239779219,0.08053921900000027,106400,True
66,Background,1024,6.16079,6.33428781,0.17349780999999975,10838,True
67,Background,102400,6.16143,6.211792006,0.050362005999999404,1087892,True
89,Background,1048576,6.1617,6.303392664,0.1416926640000007,1087892,True
52,Background,10240,6.1618,6.273433455,0.11163345499999977,1244,True
56,Background,10240,6.16253,6.170686672,0.008156672000000142,106400,True
66,Background,10240,6.1661,6.443376646,0.2772766459999998,106400,True
72,Background,1024,6.16648,6.287241397,0.12076139699999988,106400,True
48,Background,1024,6.16681,6.549117766,0.38230776600000027,106400,True
75,Background,1048576,6.16723,6.665868052,0.49863805200000044,1244,True
59,Background,102400,6.16779,6.188697854,0.020907853999999837,1244,True
61,Background,104857600,6.16862,6.668312353,0.49969235300000037,10876994,True
62,Background,1024,6.1687,6.235675587,0.06697558699999995,10838,True
59,Background,104857600,6.16953,6.481534369,0.3120043690000003,106400,True
62,Background,10485760,6.16971,6.668312353,0.4986023529999999,10876994,True
82,Background,1024,6.16997,6.235423635,0.0654536349999999,106400,True
55,Background,1048576,6.17097,6.779680928,0.6087109280000007,10838,True
56,Background,102400,6.1735,6.196953869,0.023453868999999905,106400,True
67,Background,102400,6.17371,6.467183833,0.2934738330000002,10838,True
61,Background,10240,6.1749,6.258635502,0.08373550199999968,106400,True
54,Background,10485760,6.17639,6.42176362,0.24537362000000051,10838,True
70,Background,1024,6.17653,6.40955789,0.23302789000000068,106400,True
63,Background,1024,6.1806,6.419587968,0.238987968,106400,True
54,Background,102400,6.18076,6.350314065,0.1695540649999998,1087892,True
52,Background,104857600,6.18078,6.495960299,0.31518029899999966,10838,True
61,Background,10485760,6.18089,6.374612535,0.19372253500000003,10838,True
52,Background,1048576,6.18096,6.235341912,0.0543819120000002,1087892,True
58,Background,1048576,6.18117,6.385027744,0.20385774400000045,106400,True
57,Background,102400,6.18522,6.207404236,0.02218423600000019,10876994,True
68,Background,1048576,6.18605,6.274834638,0.08878463799999992,106400,True
57,Background,10240,6.18792,6.234550734,0.04663073399999984,10876994,True
60,Background,10485760,6.18807,6.690150588,0.5020805880000001,10838,True
68,Background,102400,6.18876,6.211792006,0.023032005999999328,1087892,True
70,Background,10240,6.18934,6.225310955,0.03597095500000069,10838,True
49,Background,104857600,6.19038,6.324676991,0.13429699099999937,1087892,True
54,Background,102400,6.19239,6.437335763,0.24494576300000048,1087892,True
60,Background,10485760,6.19249,6.481534369,0.28904436899999997,106400,True
59,Background,104857600,6.19409,6.447326482,0.25323648200000015,10838,True
90,Background,1048576,6.19464,6.303392664,0.10875266400000072,1087892,True
61,Background,10240,6.1947,6.690150588,0.49545058799999975,10838,True
67,Background,1024,6.19485,6.33428781,0.13943781000000044,10838,True
62,Background,102400,6.19776,6.250648832,0.05288883200000072,1244,True
50,Background,102400,6.19835,6.272298223,0.07394822300000037,106400,True
64,Background,1048576,6.19849,6.625191536,0.4267015360000004,10876994,True
51,Background,1048576,6.19882,6.272298223,0.07347822299999951,106400,True
62,Background,102400,6.1993,6.243266484,0.04396648400000025,10838,True
60,Background,10240,6.20067,6.26764738,0.06697737999999998,10838,True
68,Background,102400,6.20081,6.372107491,0.1712974910000007,1087892,True
64,Background,1048576,6.20126,6.351417971,0.1501579709999996,106400,True
67,Background,102400,6.20137,6.833205866,0.6318358660000003,10838,True
68,Background,1048576,6.20211,6.467183833,0.26507383299999976,10838,True
63,Background,1024,6.20275,6.250648832,0.047898832000000446,1244,True
69,Background,102400,6.20326,6.223091397,0.019831396999999917,10838,True
61,Background,102400,6.20349,6.316787319,0.11329731899999995,1244,True
64,Background,102400,6.20482,6.413050261,0.20823026100000064,1087892,True
57,Background,10485760,6.20526,6.458061858,0.25280185799999977,1087892,True
67,Background,1048576,6.2062,6.443376646,0.237176646,106400,True
57,Background,102400,6.20711,6.209547706,0.0024377060000002615,106400,True
49,Background,102400,6.20902,6.321492635,0.11247263500000049,10838,True
76,Background,102400,6.20973,6.309366312,0.09963631199999945,1244,True
62,Background,1048576,6.21007,6.690150588,0.48008058799999986,10838,True
79,Background,102400,6.21037,6.231186259,0.02081625900000006,1087892,True
63,Background,1048576,6.21078,6.232275806,0.021495805999999895,10838,True
69,Background,102400,6.21116,6.372107491,0.16094749100000083,1087892,True
73,Background,102400,6.21238,6.287241397,0.07486139700000027,106400,True
66,Background,1048576,6.21294,6.404735696,0.19179569600000068,106400,True
58,Background,10240,6.21351,6.35846009,0.14495009000000003,1244,True
77,Background,102400,6.21408,6.309366312,0.09528631199999982,1244,True
66,Background,10485760,6.21419,6.431838467,0.21764846700000007,106400,True
78,Background,102400,6.21476,6.309366312,0.0946063119999998,1244,True
74,Background,102400,6.2151,6.484589796,0.2694897960000002,106400,True
61,Background,1048576,6.2154,6.239779219,0.024379219000000063,106400,True
52,Background,10240,6.21656,6.272298223,0.05573822299999964,106400,True
67,Background,102400,6.21698,6.488249416,0.271269416,1244,True
59,Background,102400,6.21969,6.458183657,0.23849365700000025,1087892,True
53,Background,102400,6.22023,6.495960299,0.2757302990000001,10838,True
65,Background,102400,6.22178,6.625191536,0.4034115360000001,10876994,True
68,Background,1048576,6.2218,6.33428781,0.11248781000000019,10838,True
63,Background,1024,6.22247,6.558454764,0.335984764,108768230,True
73,Background,1048576,6.22339,6.263494516,0.040104515999999535,1244,True
70,Background,1024,6.22508,6.346343815,0.12126381499999983,10876994,True
67,Background,102400,6.22521,6.402712355,0.17750235500000056,106400,True
54,Background,10240,6.22634,6.495960299,0.2696202989999996,10838,True
69,Background,1024,6.22732,6.480512333,0.2531923330000003,10876994,True
61,Background,1048576,6.22791,6.481534369,0.2536243690000006,106400,True
71,Background,10485760,6.2289,6.40955789,0.18065789,106400,True
65,Background,10485760,6.22909,6.453442353,0.22435235299999956,10838,True
64,Background,102400,6.22999,6.444512051,0.21452205100000032,1087892,True
68,Background,1048576,6.23001,6.833205866,0.6031958660000001,10838,True
65,Background,102400,6.23027,6.293928886,0.0636588859999998,106400,True
77,Background,102400,6.23129,6.261886776,0.030596775999999437,10838,True
61,Background,1048576,6.23181,6.238429683,0.006619682999999377,1087892,True
53,Background,10485760,6.23214,6.235341912,0.0032019119999997514,1087892,True
60,Background,10240,6.23224,6.594338954,0.36209895400000036,10838,True
70,Background,102400,6.23381,6.480512333,0.246702333,10876994,True
59,Background,102400,6.23535,6.385027744,0.1496777439999999,106400,True
74,Background,10485760,6.23548,6.263494516,0.028014515999999823,1244,True
64,Background,102400,6.23575,6.338533709,0.10278370899999967,106400,True
71,Background,102400,6.23665,6.405533195,0.16888319500000026,10838,True
59,Background,102400,6.23714,6.340107514,0.10296751399999948,106400,True
69,Background,1048576,6.23779,6.467183833,0.2293938329999996,10838,True
64,Background,102400,6.23899,6.250648832,0.011658832000000174,1244,True
72,Background,10240,6.23906,6.405533195,0.16647319500000002,10838,True
66,Background,10240,6.2393,6.453442353,0.21414235299999973,10838,True
60,Background,10240,6.24008,6.340107514,0.10002751399999976,106400,True
50,Background,1048576,6.24119,6.324676991,0.08348699100000001,1087892,True
76,Background,102400,6.24349,6.665868052,0.422378052,1244,True
77,Background,1024,6.24369,6.331217918,0.08752791800000015,10838,True
78,Background,1024,6.24488,6.331217918,0.0863379179999999,10838,True
59,Background,1024,6.24563,6.245745941,0.00011594099999978624,10838,True
58,Background,1048576,6.24655,6.469171941,0.22262194099999988,1087892,True
70,Background,1048576,6.24817,6.495527545,0.24735754499999985,10838,True
64,Background,10240,6.24878,6.285509294,0.03672929399999969,1244,True
55,Background,1024,6.24955,6.42176362,0.17221361999999996,10838,True
55,Background,102400,6.25113,6.371501882,0.12037188199999971,106400,True
69,Background,1048576,6.25165,6.274834638,0.023184638000000035,106400,True
62,Background,10240,6.25238,6.416756517,0.164376517,10838,True
62,Background,10240,6.25294,6.316787319,0.06384731900000062,1244,True
68,Background,10485760,6.25403,6.402712355,0.14868235500000004,106400,True
59,Background,10240,6.25475,6.347097172,0.0923471720000002,1087892,True
68,Background,1024,6.25503,6.280725398,0.025695398000000758,106400,True
67,Background,10240,6.25597,6.404735696,0.14876569600000078,106400,True
65,Background,10240,6.25752,6.486636825,0.2291168249999993,1087892,True
62,Background,1048576,6.25769,6.481534369,0.22384436900000004,106400,True
65,Background,102400,6.25819,6.444512051,0.18632205100000032,1087892,True
64,Background,102400,6.25847,6.35979649,0.10132648999999994,10876994,True
55,Background,102400,6.2591,6.437335763,0.178235763,1087892,True
69,Background,1048576,6.25918,6.263056739,0.0038767389999998514,106400,True
70,Background,10240,6.26195,6.274834638,0.01288463800000006,106400,True
68,Background,102400,6.26259,6.404735696,0.14214569600000004,106400,True
69,Background,1048576,6.26312,6.280725398,0.017605398000000605,106400,True
61,Background,102400,6.26427,6.430398509,0.16612850899999998,10876994,True
56,Background,1048576,6.26542,6.326320301,0.06090030100000021,1244,True
78,Background,10240,6.26568,6.624654966,0.3589749659999999,106400,True
63,Background,104857600,6.266,6.445512287,0.17951228699999966,10876994,True
56,Background,10485760,6.26634,6.291254958,0.024914958000000098,1087892,True
67,Background,1048576,6.26697,6.431838467,0.16486846700000068,106400,True
66,Background,102400,6.26715,6.444512051,0.17736205100000024,1087892,True
56,Background,102400,6.26761,6.302018533,0.034408532999999686,1087892,True
71,Background,10240,6.26831,6.495527545,0.22721754500000024,10838,True
49,Background,1048576,6.26998,6.549117766,0.27913776599999984,106400,True
59,Background,102400,6.27131,6.973166349,0.7018563490000007,1244,True
70,Background,1024,6.27152,6.467183833,0.19566383300000023,10838,True
60,Background,10240,6.27191,6.397670105,0.12576010500000034,106400,True
61,Background,1024,6.27267,6.427203292,0.154533292,1244,True
64,Background,10240,6.27275,6.668914572,0.396164572,10838,True
63,Background,10485760,6.27379,6.294996109,0.021206109000000417,10876994,True
67,Background,10240,6.2747,6.590423858,0.31572385800000013,106400,True
91,Background,1048576,6.2751,6.303392664,0.0282926640000003,1087892,True
61,Background,102400,6.27546,6.340107514,0.0646475139999998,106400,True
60,Background,1024,6.27551,6.385027744,0.10951774400000058,106400,True
50,Background,1024,6.27589,6.549117766,0.27322776599999976,106400,True
62,Background,10240,6.27701,6.478389017,0.20137901699999983,1087892,True
63,Background,10485760,6.27725,6.668312353,0.3910623529999997,10876994,True
64,Background,10485760,6.27792,6.558454764,0.28053476400000044,108768230,True
65,Background,102400,6.27833,6.338533709,0.060203708999999606,106400,True
60,Background,102400,6.27878,6.458183657,0.17940365699999994,1087892,True
61,Background,1048576,6.27945,6.458183657,0.17873365700000043,1087892,True
58,Background,1048576,6.27978,6.415002959,0.13522295900000003,10876994,True
58,Background,1048576,6.28269,6.458061858,0.1753718580000001,1087892,True
60,Background,102400,6.28443,6.54599321,0.2615632099999994,108768230,True
59,Background,1024,6.28539,6.469171941,0.18378194100000034,1087892,True
59,Background,102400,6.28566,6.35846009,0.07280009000000032,1244,True
63,Background,1048576,6.28665,6.29584295,0.009192950000000089,1244,True
59,Background,102400,6.28745,6.415002959,0.12755295899999997,10876994,True
68,Background,102400,6.28903,6.431838467,0.14280846700000005,106400,True
59,Background,10485760,6.28956,6.909487868,0.6199278680000004,106400,True
57,Background,10240,6.2899,6.428940736,0.1390407360000001,10838,True
71,Background,10240,6.29,6.366342646,0.07634264599999963,10838,True
65,Background,102400,6.2906,6.558454764,0.26785476399999997,108768230,True
60,Background,102400,6.2909,6.347097172,0.05619717200000007,1087892,True
57,Background,102400,6.29168,6.326320301,0.034640300999999596,1244,True
57,Background,10240,6.29168,6.901342358,0.6096623579999996,1087892,True
60,Background,102400,6.29178,6.909487868,0.6177078680000001,106400,True
58,Background,10240,6.292,6.316448487,0.024448486999999908,1087892,True
63,Background,1024,6.29248,6.690150588,0.39767058799999955,10838,True
66,Background,102400,6.29269,6.625191536,0.33250153599999965,10876994,True
65,Background,10240,6.29298,6.538010355,0.24503035499999992,106400,True
56,Background,1048576,6.29363,6.371501882,0.07787188199999928,106400,True
63,Background,10240,6.29426,6.481534369,0.18727436899999983,106400,True
69,Background,102400,6.29435,6.557311907,0.2629619070000002,1244,True
72,Background,10485760,6.29513,6.366342646,0.07121264599999932,10838,True
66,Background,1024,6.2953,6.486636825,0.1913368249999996,1087892,True
65,Background,102400,6.29669,6.413050261,0.11636026100000052,1087892,True
63,Background,10240,6.29702,6.535757186,0.23873718599999982,1244,True
75,Background,102400,6.29708,6.313532215,0.01645221500000016,10838,True
51,Background,10240,6.30049,6.324676991,0.024186990999999658,1087892,True
62,Background,10240,6.30098,6.374612535,0.07363253499999978,10838,True
53,Background,102400,6.30262,6.353751194,0.05113119399999988,10838,True
62,Background,102400,6.30266,6.598164292,0.2955042919999995,106400,True
79,Background,1024,6.30378,6.309366312,0.005586312000000149,1244,True
69,Background,102400,6.30486,6.352167528,0.047307528000000154,10876994,True
75,Background,102400,6.30548,6.484589796,0.17910979599999965,106400,True
49,Background,10240,6.30555,6.564080158,0.2585301580000001,1244,True
66,Background,102400,6.30555,6.338533709,0.032983708999999806,106400,True
80,Background,10240,6.30657,6.309366312,0.0027963120000000785,1244,True
52,Background,1024,6.30746,6.324676991,0.017216990999999737,1087892,True
49,Background,102400,6.3102,6.336288091,0.02608809100000009,1244,True
60,Background,102400,6.3111,6.35846009,0.04736009000000063,1244,True
65,Background,1024,6.31342,6.331824154,0.018404154000000617,106400,True
71,Background,102400,6.31346,6.346343815,0.03288381499999993,10876994,True
58,Background,102400,6.31351,6.428940736,0.11543073600000042,10838,True
57,Background,102400,6.31482,6.551190645,0.23637064500000005,10876994,True
65,Background,1024,6.31517,6.35979649,0.04462648999999974,10876994,True
50,Background,1024,6.31588,6.336288091,0.020408091000000184,1244,True
59,Background,1048576,6.31635,6.428940736,0.11259073600000047,10838,True
63,Background,10240,6.31644,6.478389017,0.16194901699999953,1087892,True
63,Background,1048576,6.31712,6.666820886,0.34970088599999993,1087892,True
64,Background,102400,6.31713,6.445512287,0.12838228699999998,10876994,True
56,Background,10240,6.31814,6.42176362,0.10362362000000047,10838,True
71,Background,1048576,6.31835,6.480512333,0.16216233300000038,10876994,True
51,Background,102400,6.31842,6.549117766,0.23069776600000047,106400,True
66,Background,10485760,6.31857,6.558454764,0.23988476400000014,108768230,True
64,Background,102400,6.31924,6.690150588,0.3709105880000001,10838,True
55,Background,1048576,6.31981,6.364067718,0.04425771799999989,106400,True
51,Background,102400,6.3213,6.336288091,0.014988091000000203,1244,True
65,Background,1024,6.32141,6.351417971,0.030007970999999856,106400,True
76,Background,102400,6.32218,6.413564433,0.09138443299999999,10876994,True
61,Background,1024,6.32236,6.594338954,0.2719789540000006,10838,True
70,Background,102400,6.32394,6.557311907,0.23337190699999955,1244,True
81,Background,10240,6.32436,6.440359977,0.11599997699999953,10838,True
66,Background,1024,6.32489,6.703755829,0.37886582900000043,1087892,True
67,Background,102400,6.32491,6.625191536,0.30028153599999996,10876994,True
64,Background,1024,6.32588,6.535757186,0.20987718599999994,1244,True
64,Background,102400,6.3273,6.474911859,0.1476118589999995,106400,True
71,Background,10240,6.32877,6.467183833,0.13841383300000043,10838,True
60,Background,102400,6.32889,6.469171941,0.14028194099999958,1087892,True
69,Background,1024,6.33007,6.833205866,0.503135866,10838,True
72,Background,10240,6.33042,6.592407996,0.2619879960000002,1244,True
55,Background,102400,6.33126,7.194573994,0.8633139939999994,1244,True
52,Background,102400,6.33169,6.70240052,0.37071052000000027,106400,True
66,Background,102400,6.33179,6.413050261,0.08126026100000061,1087892,True
68,Background,10485760,6.33331,6.488249416,0.15493941600000039,1244,True
59,Background,1024,6.33358,6.458061858,0.12448185799999933,1087892,True
76,Background,10240,6.33495,6.484589796,0.14963979599999977,106400,True
67,Background,102400,6.33523,6.338533709,0.003303708999999877,106400,True
83,Background,1048576,6.33535,6.375675608,0.040325607999999846,10838,True
67,Background,1024,6.33553,6.486636825,0.1511068249999994,1087892,True
50,Background,1048576,6.33556,6.408976419,0.07341641899999996,10838,True
69,Background,102400,6.33594,6.431838467,0.09589846700000049,106400,True
56,Background,1048576,6.33924,6.344804165,0.00556416500000001,106400,True
56,Background,1048576,6.34062,7.194573994,0.8539539939999994,1244,True
67,Background,1048576,6.34093,6.453442353,0.11251235299999962,10838,True
62,Background,10485760,6.34277,6.430398509,0.08762850899999997,10876994,True
60,Background,10240,6.34378,6.415002959,0.07122295899999997,10876994,True
69,Background,10240,6.34473,6.402712355,0.05798235500000004,106400,True
55,Background,104857600,6.34527,6.495960299,0.15069029899999986,10838,True
65,Background,10485760,6.34721,6.474911859,0.12770185900000008,106400,True
56,Background,10240,6.34772,6.364067718,0.016347718000000455,106400,True
58,Background,102400,6.34915,6.505694991,0.15654499100000052,106400,True
50,Background,1048576,6.34927,6.538795451,0.18952545100000062,10838,True
60,Background,1048576,6.3509,6.458061858,0.10716185799999955,1087892,True
53,Background,10240,6.35236,6.471466681,0.11910668099999988,10876994,True
61,Background,1024,6.35243,6.385027744,0.03259774400000026,106400,True
71,Background,10485760,6.35256,6.557311907,0.20475190699999946,1244,True
65,Background,1024,6.35291,6.445512287,0.09260228700000006,10876994,True
61,Background,1024,6.35339,6.357141209,0.003751208999999811,1087892,True
60,Background,10240,6.35355,6.447326482,0.093776482,10838,True
62,Background,10240,6.35418,6.457783217,0.10360321699999986,10838,True
64,Background,102400,6.35601,6.419587968,0.06357796799999971,106400,True
56,Background,10240,6.35927,6.437335763,0.07806576299999968,1087892,True
61,Background,10240,6.35997,6.373428914,0.0134589140000001,106400,True
68,Background,102400,6.36058,6.486636825,0.12605682500000004,1087892,True
63,Background,102400,6.36124,6.374612535,0.01337253500000024,10838,True
62,Background,10485760,6.36211,6.542824433,0.18071443299999945,106400,True
49,Background,1024,6.36254,6.616387157,0.25384715700000005,10838,True
66,Background,1024,6.36287,6.474911859,0.11204185899999963,106400,True
72,Background,102400,6.36317,6.480512333,0.11734233299999985,10876994,True
67,Background,102400,6.36525,6.474911859,0.10966185900000003,106400,True
63,Background,1024,6.36996,6.776084392,0.4061243919999997,106400,True
65,Background,10240,6.37057,6.690150588,0.319580588,10838,True
64,Background,1048576,6.37103,6.434552707,0.06352270699999973,10838,True
77,Background,102400,6.37263,6.665868052,0.2932380520000004,1244,True
72,Background,10240,6.37342,6.557311907,0.18389190699999958,1244,True
67,Background,1048576,6.37556,6.680380596,0.3048205959999999,10838,True
72,Background,1048576,6.37591,6.40955789,0.033647890000000125,106400,True
61,Background,1048576,6.37628,6.469171941,0.09289194099999953,1087892,True
69,Background,1048576,6.37629,6.488249416,0.11195941600000037,1244,True
65,Background,102400,6.37679,6.668914572,0.2921245720000005,10838,True
66,Background,102400,6.38098,7.085112394,0.7041323940000002,10838,True
64,Background,10240,6.38226,6.517570415,0.13531041500000018,106400,True
78,Background,10240,6.38269,6.665868052,0.28317805200000024,1244,True
70,Background,1024,6.38335,6.524214305,0.14086430500000002,1087892,True
64,Background,102400,6.38337,6.666820886,0.2834508859999998,1087892,True
70,Background,10240,6.38431,6.508765151,0.12445515100000026,1087892,True
57,Background,102400,6.38594,7.194573994,0.808633994,1244,True
64,Background,10240,6.38627,6.446362023,0.06009202300000016,1244,True
57,Background,102400,6.38767,6.461763843,0.07409384299999999,1244,True
65,Background,1024,6.3877,6.617545939,0.2298459390000005,106400,True
68,Background,1048576,6.38816,6.443376646,0.05521664599999987,106400,True
56,Background,1048576,6.38839,6.495960299,0.10757029899999981,10838,True
57,Background,1024,6.38894,6.580626791,0.1916867910000004,106400,True
51,Background,10240,6.38931,6.408976419,0.01966641899999999,10838,True
68,Background,102400,6.38946,6.453442353,0.0639823530000001,10838,True
59,Background,10240,6.39002,6.505694991,0.11567499100000056,106400,True
44,Background,10240,6.39019,6.512624835,0.12243483499999996,1244,True
60,Background,10240,6.39217,6.973166349,0.5809963490000003,1244,True
61,Background,10485760,6.39253,6.973166349,0.5806363490000006,1244,True
68,Background,102400,6.39376,6.680380596,0.28662059599999967,10838,True
62,Background,102400,6.39393,6.594338954,0.20040895400000025,10838,True
62,Background,102400,6.39442,6.667355524,0.2729355240000002,106400,True
73,Background,10240,6.3945,6.494085276,0.099585276,106400,True
71,Background,1024,6.39564,6.524214305,0.1285743049999999,1087892,True
65,Background,10240,6.39568,6.638211308,0.24253130800000022,10838,True
61,Background,1048576,6.39636,6.909487868,0.5131278680000007,106400,True
58,Background,10485760,6.39737,6.551190645,0.1538206450000006,10876994,True
66,Background,102400,6.3975,6.445512287,0.04801228699999971,10876994,True
50,Background,1048576,6.3984,6.421544977,0.02314497700000029,106400,True
71,Background,1024,6.39862,6.619913363,0.22129336300000002,10838,True
69,Background,10240,6.40253,6.453442353,0.05091235300000019,10838,True
64,Background,1024,6.40256,6.481534369,0.07897436899999999,106400,True
51,Background,10240,6.40321,6.538795451,0.13558545100000075,10838,True
57,Background,10240,6.40404,6.437335763,0.03329576299999992,1087892,True
70,Background,102400,6.40414,6.432460025,0.028320025000000193,1087892,True
60,Background,102400,6.40467,6.428940736,0.02427073600000007,10838,True
65,Background,1048576,6.40541,6.666820886,0.2614108860000002,1087892,True
58,Background,1048576,6.40587,6.901342358,0.4954723579999998,1087892,True
53,Background,102400,6.40593,6.519021698,0.11309169800000074,1087892,True
62,Background,102400,6.40617,6.458183657,0.052013656999999824,1087892,True
65,Background,10240,6.40655,6.481534369,0.07498436900000005,106400,True
52,Background,10240,6.40703,6.431344077,0.024314077000000545,106400,True
55,Background,102400,6.40736,6.705968376,0.2986083760000007,1244,True
66,Background,1048576,6.40761,6.638211308,0.23060130799999978,10838,True
63,Background,1048576,6.40883,6.598164292,0.18933429199999985,106400,True
58,Background,10240,6.40923,7.194573994,0.7853439939999998,1244,True
65,Background,102400,6.41149,6.446362023,0.03487202300000014,1244,True
63,Background,1024,6.41251,6.53071438,0.11820437999999989,106400,True
77,Background,1048576,6.41317,6.750737823,0.33756782299999966,1087892,True
66,Background,102400,6.41458,6.666820886,0.25224088600000005,1087892,True
68,Background,1048576,6.41472,6.590423858,0.17570385800000032,106400,True
62,Background,1024,6.41666,6.459692745,0.04303274499999965,1244,True
54,Background,10240,6.41734,6.471466681,0.05412668099999962,10876994,True
69,Background,1048576,6.41751,6.443376646,0.025866645999999882,106400,True
53,Background,1024,6.41843,6.603759364,0.18532936400000022,10838,True
58,Background,102400,6.41903,6.461763843,0.042733842999999716,1244,True
66,Background,10240,6.41911,6.429707231,0.010597231000000207,10838,True
70,Background,10485760,6.42007,6.787531984,0.3674619840000002,1087892,True
45,Background,102400,6.42022,6.512624835,0.09240483499999996,1244,True
61,Background,10240,6.42079,6.539670594,0.11888059400000017,1087892,True
61,Background,10240,6.42083,6.453052858,0.0322228580000008,106400,True
54,Background,10240,6.42149,6.603759364,0.1822693639999997,10838,True
64,Background,102400,6.42168,6.598164292,0.1764842919999996,106400,True
74,Background,10240,6.42252,6.702203092,0.27968309200000085,1087892,True
53,Background,1024,6.42253,6.431344077,0.008814077000000253,106400,True
66,Background,1024,6.42308,6.481534369,0.05845436900000056,106400,True
77,Background,10240,6.42436,6.484589796,0.06022979599999978,106400,True
71,Background,10240,6.42453,6.787531984,0.3630019840000003,1087892,True
67,Background,1048576,6.42505,6.666820886,0.2417708860000003,1087892,True
63,Background,10240,6.42672,6.450795622,0.024075621999999797,10838,True
65,Background,102400,6.42736,6.598164292,0.1708042919999997,106400,True
62,Background,102400,6.42762,6.973166349,0.5455463490000003,1244,True
67,Background,10240,6.42826,6.481534369,0.05327436900000038,106400,True
57,Background,1024,6.42831,6.835732395,0.4074223950000002,1244,True
66,Background,1048576,6.42855,6.668914572,0.24036457199999983,10838,True
67,Background,102400,6.42891,6.429707231,0.0007972309999999538,10838,True
69,Background,1024,6.43099,6.590423858,0.15943385799999987,106400,True
59,Background,102400,6.43118,6.901342358,0.4701623579999996,1087892,True
67,Background,1048576,6.43147,6.471822727,0.040352727000000144,1087892,True
62,Background,1048576,6.43158,6.539670594,0.1080905940000001,1087892,True
62,Background,1048576,6.43299,6.909487868,0.47649786800000005,106400,True
54,Background,102400,6.4345,6.526028178,0.0915281779999999,1087892,True
69,Background,10240,6.43539,6.580490101,0.1451001009999997,10876994,True
82,Background,1024,6.43547,6.440359977,0.004889977000000378,10838,True
55,Background,1048576,6.4381,6.603759364,0.1656593639999997,10838,True
64,Background,10240,6.43879,6.668312353,0.22952235300000012,10876994,True
66,Background,1024,6.43928,6.494823336,0.0555433359999995,1244,True
70,Background,1048576,6.43944,6.590423858,0.15098385800000003,106400,True
63,Background,1048576,6.43959,6.527872151,0.08828215100000047,106400,True
68,Background,1024,6.44024,6.471822727,0.03158272699999998,1087892,True
56,Background,102400,6.44074,6.779680928,0.3389409280000004,10838,True
70,Background,10240,6.44148,6.958563344,0.5170833439999996,106400,True
67,Background,102400,6.44148,6.444512051,0.0030320509999999246,1087892,True
74,Background,102400,6.44324,6.494085276,0.05084527599999955,106400,True
64,Background,102400,6.44362,6.53071438,0.08709437999999992,106400,True
70,Background,10485760,6.44406,6.657386029,0.21332602900000008,106400,True
56,Background,1024,6.44512,6.705968376,0.2608483760000002,1244,True
72,Background,102400,6.44519,6.467183833,0.021993832999999796,10838,True
63,Background,10240,6.44533,6.459692745,0.014362744999999677,1244,True
64,Background,10240,6.44664,6.459692745,0.013052744999999533,1244,True
69,Background,102400,6.4473,6.486636825,0.039336824999999465,1087892,True
71,Background,10240,6.44823,6.657386029,0.20915602900000074,106400,True
73,Background,10240,6.44852,6.480512333,0.03199233299999982,10876994,True
70,Background,102400,6.44894,6.580490101,0.1315501009999993,10876994,True
66,Background,10240,6.44976,6.617545939,0.16778593899999983,106400,True
54,Background,10240,6.45073,6.645529162,0.1947991619999998,1087892,True
64,Background,10485760,6.45122,6.478389017,0.027169016999999407,1087892,True
54,Background,10485760,6.45188,6.519021698,0.06714169800000036,1087892,True
63,Background,1024,6.45201,6.667355524,0.21534552400000084,106400,True
73,Background,10240,6.45237,6.867702687,0.41533268700000026,1087892,True
70,Background,102400,6.45514,6.833205866,0.37806586600000003,10838,True
72,Background,1048576,6.45538,6.715481967,0.26010196699999977,1087892,True
55,Background,10240,6.45653,6.519021698,0.06249169800000054,1087892,True
64,Background,102400,6.4568,6.490740938,0.033940937999999754,1087892,True
74,Background,1048576,6.457,6.480512333,0.02351233300000022,10876994,True
50,Background,102400,6.45832,6.616387157,0.1580671570000005,10838,True
63,Background,1048576,6.45855,6.909487868,0.45093786800000046,106400,True
60,Background,102400,6.45861,6.505694991,0.04708499100000019,106400,True
62,Background,1048576,6.4591,6.469171941,0.01007194099999964,1087892,True
65,Background,10240,6.45947,6.53071438,0.07124438000000044,106400,True
67,Background,102400,6.46048,6.494823336,0.03434333600000006,1244,True
68,Background,10240,6.46147,6.931748234,0.47027823399999935,10838,True
63,Background,102400,6.46168,6.649775341,0.18809534099999947,10838,True
62,Background,1048576,6.46324,6.528329221,0.06508922100000003,10838,True
52,Background,102400,6.46404,6.549117766,0.08507776600000039,106400,True
63,Background,1048576,6.46414,6.528329221,0.06418922099999946,10838,True
65,Background,10485760,6.46483,6.506641591,0.04181159100000009,10838,True
69,Background,1048576,6.46533,6.680380596,0.2150505960000002,10838,True
72,Background,102400,6.46612,6.495527545,0.029407544999999757,10838,True
53,Background,102400,6.46617,7.140894627,0.6747246269999998,1244,True
62,Background,10240,6.46642,7.024879611,0.558459611,1244,True
75,Background,10240,6.46642,6.702203092,0.23578309200000014,1087892,True
69,Background,1048576,6.46798,6.645849438,0.1778694380000001,106400,True
46,Background,1048576,6.46801,6.512624835,0.044614834999999964,1244,True
61,Background,1048576,6.46864,6.5716059,0.10296590000000005,106400,True
68,Background,1048576,6.46873,6.714356411,0.24562641099999993,108768230,True
64,Background,104857600,6.46958,6.776084392,0.3065043919999999,106400,True
57,Background,1048576,6.47003,6.705968376,0.235938376,1244,True
70,Background,10240,6.47251,6.486636825,0.014126824999999954,1087892,True
64,Background,102400,6.47251,6.649775341,0.17726534100000002,10838,True
73,Background,10485760,6.47361,6.715481967,0.2418719669999998,1087892,True
69,Background,10485760,6.47442,6.532160457,0.05774045699999952,10876994,True
62,Background,102400,6.47513,6.5716059,0.09647589999999973,106400,True
57,Background,102400,6.47526,7.318731285,0.8434712850000006,10838,True
65,Background,10240,6.47531,6.649775341,0.17446534099999944,10838,True
70,Background,10240,6.47534,6.516846449,0.04150644899999989,10838,True
58,Background,10240,6.47807,6.705968376,0.22789837600000062,1244,True
67,Background,1048576,6.47935,7.085112394,0.6057623940000001,10838,True
65,Background,10240,6.47941,6.668312353,0.18890235300000047,10876994,True
61,Background,1048576,6.48004,6.505694991,0.02565499100000057,106400,True
72,Background,102400,6.48053,6.619913363,0.13938336300000032,10838,True
61,Background,1048576,6.4811,6.582804186,0.10170418600000009,1087892,True
67,Background,10240,6.48197,6.617545939,0.13557593900000064,106400,True
71,Background,1024,6.4823,6.958563344,0.4762633439999995,106400,True
79,Background,10240,6.48247,6.624654966,0.1421849659999994,106400,True
51,Background,102400,6.48388,6.711317285,0.2274372849999997,10838,True
66,Background,1048576,6.4863,6.53071438,0.04441438000000009,106400,True
62,Background,1024,6.48636,6.505694991,0.019334991000000024,106400,True
63,Background,1024,6.48684,6.977211038,0.49037103800000015,10838,True
73,Background,102400,6.48744,6.592407996,0.10496799600000006,1244,True
70,Background,10485760,6.48759,6.488249416,0.0006594160000004123,1244,True
79,Background,1024,6.48784,6.665868052,0.17802805200000016,1244,True
47,Background,1024,6.4883,6.512624835,0.024324834999999823,1244,True
58,Background,1048576,6.48851,6.521059213,0.03254921300000024,106400,True
73,Background,10240,6.48865,6.557311907,0.06866190700000008,1244,True
52,Background,10485760,6.48916,6.566840217,0.07768021700000016,10838,True
78,Background,102400,6.48995,6.750737823,0.26078782299999936,1087892,True
66,Background,102400,6.49171,6.649775341,0.15806534099999947,10838,True
57,Background,10485760,6.49251,6.779680928,0.2871709280000001,10838,True
59,Background,1048576,6.4931,6.705968376,0.2128683760000003,1244,True
61,Background,1024,6.49383,6.876541733,0.38271173299999983,106400,True
68,Background,102400,6.49408,6.617545939,0.12346593899999991,106400,True
56,Background,102400,6.49515,6.519021698,0.023871698000000663,1087892,True
59,Background,10240,6.49531,6.521059213,0.025749213000000104,106400,True
63,Background,102400,6.49545,6.539670594,0.044220594000000446,1087892,True
68,Background,1048576,6.49635,7.677491071,1.1811410710000008,108768230,True
69,Background,10485760,6.49636,7.677491071,1.1811310710000003,108768230,True
80,Background,102400,6.4971,6.665868052,0.16876805200000078,1244,True
71,Background,10240,6.49772,6.572831243,0.07511124300000027,10876994,True
62,Background,1048576,6.49868,6.610146294,0.11146629399999952,10838,True
50,Background,102400,6.49951,6.564080158,0.06457015800000043,1244,True
63,Background,102400,6.50133,6.563971701,0.06264170099999955,106400,True
71,Background,10485760,6.50348,6.580490101,0.07701010099999994,10876994,True
54,Background,102400,6.50414,6.913050745,0.408910745,10838,True
54,Background,102400,6.50456,7.140894627,0.6363346270000001,1244,True
53,Background,1024,6.5081,6.549117766,0.0410177660000004,106400,True
58,Background,1048576,6.50898,6.579470709,0.07049070899999954,1244,True
63,Background,102400,6.5109,6.5716059,0.060705899999999424,106400,True
69,Background,102400,6.51117,6.587484122,0.07631412200000032,10838,True
75,Background,10240,6.51149,7.034189598,0.522699598,1087892,True
65,Background,10240,6.51235,6.517570415,0.005220415000000145,106400,True
66,Background,10240,6.51601,6.668312353,0.1523023530000005,10876994,True
70,Background,1048576,6.51629,7.246428151,0.7301381510000002,10838,True
65,Background,102400,6.51645,6.776084392,0.2596343919999997,106400,True
66,Background,102400,6.5179,6.776084392,0.25818439199999954,106400,True
79,Background,10240,6.51869,6.750737823,0.23204782299999938,1087892,True
71,Background,1048576,6.51911,6.615709407,0.09659940699999936,1087892,True
55,Background,1048576,6.51973,6.645529162,0.12579916199999985,1087892,True
67,Background,102400,6.52022,6.668914572,0.14869457200000014,10838,True
59,Background,102400,6.52032,6.551190645,0.030870645000000252,10876994,True
68,Background,10485760,6.52033,6.718325266,0.1979952659999995,1244,True
68,Background,1048576,6.52131,6.533578212,0.01226821200000039,1087892,True
66,Background,10485760,6.52298,7.197048074,0.674068074,10838,True
74,Background,10240,6.52301,6.867702687,0.3446926870000002,1087892,True
63,Background,1024,6.52324,6.580252629,0.057012628999999926,1244,True
71,Background,102400,6.5237,6.833205866,0.3095058660000003,10838,True
59,Background,10240,6.5245,6.602289152,0.07778915200000025,10876994,True
53,Background,10240,6.52533,6.70240052,0.17707052,106400,True
68,Background,102400,6.52645,6.625191536,0.09874153600000035,10876994,True
59,Background,10240,6.52666,7.127142117,0.6004821170000003,1244,True
61,Background,102400,6.52797,6.680771011,0.1528010110000002,106400,True
92,Background,102400,6.52878,6.590417289,0.061637289000000095,10838,True
62,Background,102400,6.52938,6.661489661,0.13210966100000032,10876994,True
61,Background,102400,6.52969,6.620091832,0.09040183199999952,106400,True
65,Background,10240,6.52982,6.535757186,0.005937185999999706,1244,True
60,Background,10240,6.53049,7.127142117,0.5966521169999996,1244,True
73,Background,102400,6.53086,6.99387746,0.46301746000000055,106400,True
69,Background,1024,6.53113,6.718325266,0.1871952659999998,1244,True
59,Background,1048576,6.53141,6.579470709,0.04806070899999959,1244,True
70,Background,1048576,6.53257,6.587484122,0.054914122000000454,10838,True
62,Background,102400,6.53285,6.876541733,0.343691733,106400,True
63,Background,1048576,6.53306,6.652541021,0.11948102100000035,1244,True
80,Background,10485760,6.5337,6.750737823,0.21703782300000007,1087892,True
72,Background,10240,6.53439,6.833205866,0.298815866,10838,True
67,Background,102400,6.53517,6.638211308,0.10304130799999989,10838,True
64,Background,10485760,6.53681,6.652541021,0.11573102100000021,1244,True
69,Background,1048576,6.53694,6.931748234,0.3948082339999992,10838,True
76,Background,102400,6.53752,6.702203092,0.16468309200000064,1087892,True
70,Background,104857600,6.53771,6.550069816,0.012359816000000023,1087892,True
67,Background,1048576,6.53781,6.63641221,0.09860220999999925,1087892,True
58,Background,1048576,6.53782,7.318731285,0.7809112850000002,10838,True
58,Background,1024,6.53789,6.779680928,0.24179092800000035,10838,True
59,Background,1048576,6.53964,7.194573994,0.6549339939999994,1244,True
64,Background,10240,6.53971,6.667355524,0.12764552400000007,106400,True
63,Background,10240,6.54,6.973166349,0.4331663490000004,1244,True
71,Background,1048576,6.5406,6.729390882,0.18879088199999927,106400,True
93,Background,1024,6.5409,6.590417289,0.04951728900000063,10838,True
55,Background,1024,6.54406,6.844624173,0.3005641729999997,106400,True
94,Background,1048576,6.54472,6.590417289,0.045697289000000474,10838,True
95,Background,1048576,6.54732,6.590417289,0.043097289000000316,10838,True
65,Background,10240,6.5475,6.680473887,0.13297388699999946,10838,True
66,Background,10240,6.54859,6.557806529,0.009216528999999696,106400,True
77,Background,1048576,6.54891,6.702203092,0.1532930920000002,1087892,True
68,Background,10485760,6.55061,7.143673368,0.5930633680000001,106400,True
69,Background,1048576,6.55066,6.734839169,0.1841791690000001,106400,True
61,Background,102400,6.55111,6.57009626,0.018986259999999255,1087892,True
66,Background,102400,6.55223,6.738100487,0.18587048699999986,1087892,True
55,Background,1048576,6.55504,6.913050745,0.35801074499999963,10838,True
48,Background,102400,6.55519,7.150646709,0.5954567090000005,1244,True
67,Background,1048576,6.55641,6.776084392,0.21967439199999994,106400,True
62,Background,1024,6.55912,6.936145703,0.37702570300000016,1244,True
83,Background,10240,6.55989,6.590558028,0.030668028000000014,10838,True
66,Background,102400,6.56019,6.598164292,0.037974291999999465,106400,True
67,Background,10240,6.56035,6.581199621,0.020849620999999985,10838,True
65,Background,1048576,6.56103,6.728720016,0.1676900159999999,106400,True
56,Background,10485760,6.56256,6.844624173,0.2820641729999993,106400,True
84,Background,10485760,6.5634,6.590558028,0.027158028000000556,10838,True
72,Background,1048576,6.56358,6.787531984,0.22395198400000016,1087892,True
85,Background,102400,6.56474,6.590558028,0.02581802800000066,10838,True
70,Background,10240,6.56527,7.677491071,1.1122210710000004,108768230,True
63,Background,104857600,6.56545,6.62551187,0.060061870000000184,106400,True
78,Background,10240,6.56569,6.567451051,0.0017610509999999024,106400,True
73,Background,1048576,6.56593,6.619913363,0.053983363000000395,10838,True
66,Background,1048576,6.56649,6.680473887,0.11398388699999984,10838,True
54,Background,10240,6.567,6.70240052,0.13540052000000014,106400,True
66,Background,104857600,6.56715,6.728720016,0.16157001599999976,106400,True
62,Background,10240,6.56805,6.620091832,0.052041831999999566,106400,True
64,Background,1048576,6.5682,6.909487868,0.3412878680000002,106400,True
57,Background,1024,6.56821,6.58371836,0.01550836000000011,10838,True
57,Background,10240,6.56825,7.00035522,0.4321052200000004,1087892,True
65,Background,10240,6.56833,6.652541021,0.08421102100000066,1244,True
64,Background,1048576,6.56852,6.922167766,0.3536477659999999,108768230,True
71,Background,102400,6.56887,6.590423858,0.02155385799999987,106400,True
60,Background,10240,6.56904,6.633250264,0.06421026399999974,10838,True
55,Background,102400,6.56953,7.140894627,0.5713646269999995,1244,True
80,Background,1024,6.56963,6.624654966,0.05502496599999951,106400,True
63,Background,102400,6.56996,6.594338954,0.02437895400000034,10838,True
61,Background,102400,6.5704,7.0812808,0.5108807999999998,1244,True
66,Background,1024,6.57076,6.917401755,0.3466417550000003,1244,True
68,Background,1024,6.57082,6.668914572,0.09809457199999994,10838,True
72,Background,1048576,6.57199,7.047101987,0.4751119869999991,1087892,True
68,Background,1048576,6.5723,7.085112394,0.512812394,10838,True
74,Background,1024,6.5724,6.99387746,0.4214774600000002,106400,True
74,Background,102400,6.57548,6.715481967,0.1400019669999999,1087892,True
62,Background,1048576,6.57822,6.680771011,0.10255101100000008,106400,True
78,Background,104857600,6.57845,6.702203092,0.12375309200000029,1087892,True
69,Background,102400,6.58113,6.668914572,0.08778457200000034,10838,True
70,Background,1048576,6.58144,6.680380596,0.09894059600000027,10838,True
69,Background,10240,6.58236,7.085112394,0.5027523939999998,10838,True
71,Background,1048576,6.58236,7.246428151,0.6640681509999995,10838,True
62,Background,102400,6.58431,6.655869978,0.0715599779999998,106400,True
81,Background,1048576,6.58484,6.665868052,0.08102805200000063,1244,True
82,Background,10240,6.58614,6.665868052,0.0797280520000001,1244,True
67,Background,10240,6.5864,6.831686326,0.24528632599999955,106400,True
51,Background,10240,6.58824,6.616387157,0.028147157000000256,10838,True
60,Background,102400,6.5883,6.621405784,0.03310578399999997,1087892,True
52,Background,102400,6.58871,6.711317285,0.12260728499999995,10838,True
83,Background,10240,6.58993,6.665868052,0.07593805200000059,1244,True
56,Background,102400,6.59061,6.603759364,0.013149364000000219,10838,True
81,Background,102400,6.59177,6.750737823,0.15896782299999934,1087892,True
70,Background,1024,6.59288,6.645849438,0.05296943799999987,106400,True
65,Background,1048576,6.59382,6.619482773,0.02566277299999964,1087892,True
73,Background,10240,6.59426,6.788088497,0.19382849700000016,1244,True
70,Background,102400,6.59448,6.668914572,0.07443457200000037,10838,True
80,Background,10240,6.59652,6.607974428,0.011454428000000405,106400,True
75,Background,10240,6.59653,6.652525579,0.055995579000000184,106400,True
71,Background,102400,6.59688,7.232994184,0.6361141840000002,1087892,True
73,Background,10240,6.59836,6.626060769,0.027700769000000847,1087892,True
72,Background,1048576,6.60014,7.232994184,0.6328541840000002,1087892,True
79,Background,10240,6.60075,6.627566737,0.026816737000000757,1087892,True
72,Background,1024,6.60125,6.618907743,0.017657743000000004,10838,True
64,Background,102400,6.60242,6.62551187,0.023091870000000014,106400,True
67,Background,102400,6.60329,6.680473887,0.07718388699999945,10838,True
63,Background,1048576,6.60441,6.680771011,0.07636101100000037,106400,True
58,Background,1024,6.6053,7.018249226,0.4129492260000003,10838,True
72,Background,10240,6.60694,6.682527668,0.07558766799999983,106400,True
75,Background,10240,6.60897,6.867702687,0.2587326870000002,1087892,True
55,Background,104857600,6.61192,6.70240052,0.09048052000000073,106400,True
67,Background,10485760,6.61216,6.738100487,0.12594048699999938,1087892,True
70,Background,1048576,6.61238,7.085112394,0.47273239400000033,10838,True
64,Background,1024,6.61302,6.897263864,0.28424386400000046,10838,True
56,Background,1048576,6.61412,7.140894627,0.526774627,1244,True
67,Background,10485760,6.61525,6.917401755,0.3021517550000006,1244,True
69,Background,102400,6.61677,6.617545939,0.0007759390000003918,106400,True
72,Background,10240,6.61821,6.764244286,0.1460342859999999,106400,True
96,Background,10240,6.6189,6.664598532,0.04569853200000029,1087892,True
73,Background,1024,6.62079,6.787531984,0.16674198399999973,1087892,True
60,Background,10485760,6.62275,7.239052006,0.6163020059999997,1087892,True
54,Background,1048576,6.62338,7.06697209,0.4435920900000001,106400,True
73,Background,1048576,6.62379,6.682527668,0.05873766800000002,106400,True
66,Background,10240,6.62388,7.059159791,0.43527979100000014,10876994,True
63,Background,102400,6.62433,6.936145703,0.3118157030000006,1244,True
64,Background,10240,6.62488,6.694408194,0.0695281940000001,10838,True
67,Background,1024,6.62515,7.197048074,0.5718980739999999,10838,True
79,Background,1048576,6.62578,6.702203092,0.07642309200000064,1087892,True
59,Background,10240,6.62654,7.318731285,0.6921912849999998,10838,True
61,Background,1024,6.62715,6.633250264,0.006100263999999633,10838,True
76,Background,102400,6.62733,6.867702687,0.2403726870000007,1087892,True
74,Background,1024,6.62791,6.848310258,0.22040025799999974,10838,True
59,Background,1048576,6.62949,7.018249226,0.38875922600000035,10838,True
53,Background,1024,6.62986,6.711317285,0.08145728499999993,10838,True
70,Background,10485760,6.63086,6.734839169,0.1039791689999996,106400,True
60,Background,1024,6.63216,6.901342358,0.2691823580000001,1087892,True
57,Background,1048576,6.63324,6.899445376,0.26620537600000027,10838,True
56,Background,1024,6.63326,6.645529162,0.012269161999999945,1087892,True
60,Background,102400,6.63346,7.018249226,0.38478922599999965,10838,True
68,Background,1048576,6.63408,6.917401755,0.28332175500000023,1244,True
82,Background,102400,6.63491,6.750737823,0.11582782300000005,1087892,True
74,Background,1048576,6.63586,6.787531984,0.15167198400000004,1087892,True
66,Background,10240,6.63628,6.690150588,0.053870587999999664,10838,True
58,Background,10485760,6.63645,6.689788598,0.05333859799999985,1244,True
72,Background,10485760,6.63733,6.729390882,0.09206088199999929,106400,True
72,Background,10240,6.63735,6.958563344,0.32121334400000023,106400,True
68,Background,1048576,6.63958,7.197048074,0.557468074,10838,True
66,Background,10240,6.6397,6.933002069,0.2933020689999992,106400,True
60,Background,10240,6.64081,6.868761472,0.227951472,10838,True
57,Background,104857600,6.6409,6.844624173,0.20372417299999945,106400,True
60,Background,102400,6.64329,6.649835195,0.006545194999999282,1087892,True
63,Background,1048576,6.64372,6.802999225,0.1592792249999997,1087892,True
57,Background,1024,6.64401,6.645529162,0.0015191620000001294,1087892,True
65,Background,1048576,6.64431,6.897263864,0.2529538640000002,10838,True
61,Background,10240,6.64434,6.868761472,0.2244214720000004,10838,True
70,Background,1048576,6.64537,6.931748234,0.28637823399999984,10838,True
69,Background,10485760,6.64563,6.917401755,0.2717717550000005,1244,True
62,Background,102400,6.64713,7.0812808,0.4341508000000003,1244,True
81,Background,102400,6.6477,7.440717648,0.7930176479999993,108768230,True
68,Background,104857600,6.64937,6.738100487,0.08873048699999941,1087892,True
52,Background,102400,6.65232,7.118157102,0.46583710200000006,10838,True
71,Background,102400,6.6534,6.899743221,0.24634322099999917,1087892,True
65,Background,10485760,6.65389,6.922167766,0.26827776600000064,108768230,True
61,Background,102400,6.65432,6.748765122,0.09444512199999977,10838,True
71,Background,10240,6.6544,6.668914572,0.014514572000000392,10838,True
68,Background,1048576,6.65487,6.680473887,0.025603886999999936,10838,True
67,Background,102400,6.655,6.819952796,0.16495279599999968,10876994,True
52,Background,1048576,6.65569,6.863313644,0.20762364399999989,1087892,True
69,Background,10240,6.65596,6.680473887,0.024513886999999457,10838,True
63,Background,10485760,6.65705,7.024879611,0.36782961100000033,1244,True
69,Background,10485760,6.65749,7.524499494,0.8670094939999995,10838,True
71,Background,10240,6.65769,7.085112394,0.4274223940000006,10838,True
58,Background,10485760,6.66032,6.723831524,0.06351152400000082,10838,True
65,Background,10240,6.6615,6.895739245,0.23423924499999949,1244,True
62,Background,1024,6.66187,6.704798685,0.04292868499999969,106400,True
71,Background,1024,6.66319,6.904286091,0.24109609100000018,1244,True
68,Background,10240,6.66469,6.924733969,0.2600439689999998,106400,True
62,Background,10240,6.66504,6.708913605,0.04387360499999993,1087892,True
54,Background,102400,6.66671,6.711317285,0.04460728499999966,10838,True
70,Background,10240,6.66753,6.83851713,0.17098712999999943,10838,True
58,Background,1024,6.66771,6.844624173,0.17691417300000012,106400,True
71,Background,102400,6.66913,6.734839169,0.06570916899999979,106400,True
58,Background,102400,6.67042,6.835732395,0.16531239499999995,1244,True
72,Background,1048576,6.671,6.904286091,0.23328609100000008,1244,True
69,Background,1048576,6.67147,6.760382852,0.08891285199999999,1244,True
53,Background,102400,6.67223,7.118157102,0.44592710199999974,10838,True
83,Background,1024,6.6724,6.750737823,0.07833782300000003,1087892,True
62,Background,10485760,6.67387,6.782744896,0.10887489599999967,10838,True
60,Background,1024,6.67446,7.194573994,0.5201139939999999,1244,True
72,Background,10485760,6.67466,6.775884272,0.10122427199999962,106400,True
61,Background,102400,6.67619,6.936846932,0.26065693199999984,10876994,True
64,Background,102400,6.67664,6.977211038,0.3005710380000002,10838,True
63,Background,102400,6.67666,7.011466323,0.3348063229999996,108768230,True
80,Background,1048576,6.67796,6.777375712,0.09941571200000077,10838,True
74,Background,102400,6.6783,6.699637515,0.021337514999999918,106400,True
81,Background,10240,6.67922,6.777375712,0.0981557120000005,10838,True
63,Background,102400,6.67972,6.695545188,0.01582518799999999,106400,True
67,Background,102400,6.67998,6.728720016,0.048740016,106400,True
67,Background,10240,6.68102,7.008627503,0.3276075029999994,10838,True
70,Background,10240,6.68158,7.627091085,0.9455110849999997,106400,True
64,Background,10485760,6.68172,6.869422472,0.1877024719999998,1087892,True
63,Background,102400,6.68258,7.0812808,0.3987008000000003,1244,True
66,Background,102400,6.68327,6.922167766,0.238897766,108768230,True
73,Background,10485760,6.68327,6.904286091,0.22101609100000008,1244,True
74,Background,1048576,6.68385,6.788088497,0.10423849700000076,1244,True
69,Background,102400,6.68405,6.924733969,0.240683969,106400,True
64,Background,10240,6.68442,7.024879611,0.340459611,1244,True
63,Background,102400,6.68494,6.708913605,0.02397360500000012,1087892,True
55,Background,10240,6.6857,6.711317285,0.025617285000000045,10838,True
73,Background,1024,6.68573,6.819154031,0.13342403099999967,1087892,True
79,Background,102400,6.68734,6.728412515,0.041072514999999754,1087892,True
72,Background,10240,6.68752,6.899743221,0.21222322099999946,1087892,True
64,Background,1048576,6.68811,7.156375114,0.46826511400000026,1244,True
74,Background,1048576,6.68818,6.904286091,0.21610609100000033,1244,True
63,Background,10485760,6.68985,6.698214157,0.008364156999999928,106400,True
58,Background,10240,6.69015,6.847054057,0.1569040570000002,106400,True
63,Background,102400,6.6918,6.704798685,0.012998685000000343,106400,True
70,Background,1024,6.69196,6.718325266,0.026365266,1244,True
63,Background,102400,6.6923,6.782744896,0.09044489599999928,10838,True
71,Background,102400,6.6926,6.808082401,0.1154824010000004,1087892,True
56,Background,104857600,6.69307,6.738266202,0.04519620200000052,10838,True
70,Background,102400,6.69329,6.760382852,0.06709285200000004,1244,True
71,Background,1048576,6.69345,6.83851713,0.14506712999999927,10838,True
75,Background,1048576,6.6953,6.99387746,0.2985774600000006,106400,True
67,Background,1048576,6.69575,6.820542202,0.12479220200000007,106400,True
59,Background,102400,6.69657,6.723831524,0.027261524000000037,10838,True
62,Background,1024,6.69771,6.868761472,0.17105147200000026,10838,True
76,Background,102400,6.69818,6.790992704,0.09281270399999997,10838,True
82,Background,1048576,6.69821,7.440717648,0.7425076479999992,108768230,True
68,Background,102400,6.70008,6.820542202,0.12046220200000057,106400,True
75,Background,10240,6.70107,6.715481967,0.014411967000000026,1087892,True
69,Background,102400,6.70167,7.197048074,0.49537807399999956,10838,True
64,Background,10240,6.70358,7.079134228,0.3755542280000004,108768230,True
68,Background,102400,6.70514,6.776084392,0.07094439199999947,106400,True
69,Background,10240,6.70524,6.820542202,0.11530220200000052,106400,True
67,Background,1024,6.70646,6.815545802,0.10908580200000006,1244,True
75,Background,1024,6.70697,6.781708128,0.0747381279999999,10838,True
75,Background,10485760,6.70943,6.788088497,0.07865849700000016,1244,True
69,Background,10240,6.71076,7.143673368,0.43291336800000035,106400,True
64,Background,1048576,6.71227,6.828075936,0.11580593600000011,106400,True
59,Background,1024,6.71242,6.835732395,0.12331239500000013,1244,True
71,Background,102400,6.71274,6.834139169,0.12139916900000003,1244,True
68,Background,10240,6.7137,7.008627503,0.29492750299999937,10838,True
71,Background,102400,6.7138,7.677491071,0.9636910710000004,108768230,True
58,Background,102400,6.71453,6.899445376,0.1849153760000002,10838,True
55,Background,1048576,6.71568,7.06697209,0.3512920900000003,106400,True
69,Background,10240,6.71588,6.776084392,0.060204391999999274,106400,True
60,Background,102400,6.717,6.723831524,0.006831524000000755,10838,True
75,Background,1048576,6.7176,6.787531984,0.06993198400000011,1087892,True
72,Background,1024,6.71784,7.085112394,0.36727239400000045,10838,True
56,Background,1048576,6.7186,7.06697209,0.3483720899999998,106400,True
84,Background,1048576,6.71926,6.750737823,0.03147782299999946,1087892,True
70,Background,10240,6.71931,6.917401755,0.1980917550000001,1244,True
71,Background,10240,6.71949,7.627091085,0.9076010849999996,106400,True
62,Background,1024,6.71961,6.936846932,0.2172369319999996,10876994,True
70,Background,10240,6.71988,7.197048074,0.4771680739999997,10838,True
70,Background,1048576,6.72007,6.776084392,0.0560143919999998,106400,True
71,Background,1024,6.72026,6.760382852,0.04012285200000054,1244,True
67,Background,102400,6.72062,7.059159791,0.33853979099999965,10876994,True
77,Background,1048576,6.72326,6.790992704,0.06773270399999998,10838,True
60,Background,1024,6.7242,6.756294285,0.03209428500000033,10838,True
68,Background,1048576,6.72461,7.059159791,0.3345497909999997,10876994,True
71,Background,1048576,6.72602,6.931748234,0.2057282339999995,10838,True
76,Background,102400,6.72636,7.034189598,0.30782959800000054,1087892,True
80,Background,1048576,6.72659,6.91681863,0.19022863,106400,True
61,Background,1024,6.72755,7.239052006,0.5115020059999997,1087892,True
61,Background,1048576,6.72797,7.194573994,0.46660399399999974,1244,True
68,Background,10240,6.72906,7.012905272,0.28384527200000065,1087892,True
84,Background,1048576,6.72964,6.96514617,0.23550616999999985,1087892,True
57,Background,1024,6.72993,6.738266202,0.008336201999999737,10838,True
76,Background,102400,6.73072,6.788088497,0.05736849700000057,1244,True
69,Background,1024,6.73081,6.73000681,-0.0008031900000000647,10838,True
70,Background,102400,6.7311,6.820542202,0.08944220200000075,106400,True
74,Background,102400,6.73141,6.734334354,0.0029243539999992407,10838,True
59,Background,10240,6.73231,6.779680928,0.04737092800000031,10838,True
72,Background,102400,6.73602,6.931748234,0.19572823399999972,10838,True
82,Background,102400,6.73607,6.777375712,0.04130571200000066,10838,True
61,Background,10485760,6.738,7.102841368,0.36484136799999956,1244,True
61,Background,10240,6.73866,7.018249226,0.2795892259999997,10838,True
68,Background,102400,6.73922,6.819952796,0.0807327959999995,10876994,True
56,Background,1024,6.73946,7.575704859,0.8362448589999998,108768230,True
69,Background,1048576,6.73964,6.819952796,0.0803127960000003,10876994,True
65,Background,102400,6.7397,6.909487868,0.16978786800000023,106400,True
71,Background,102400,6.73993,6.917401755,0.177471755,1244,True
64,Background,1048576,6.74132,7.011466323,0.27014632299999963,108768230,True
77,Background,1024,6.74319,6.867702687,0.12451268700000018,1087892,True
59,Background,102400,6.74365,6.899445376,0.15579537600000037,10838,True
72,Background,10240,6.74416,6.760382852,0.016222852000000287,1244,True
65,Background,10240,6.74418,6.775490416,0.031310416000000174,1244,True
57,Background,1024,6.74422,7.575704859,0.8314848589999997,108768230,True
60,Background,10485760,6.74453,6.835732395,0.09120239499999983,1244,True
71,Background,1048576,6.74515,6.776084392,0.03093439199999981,106400,True
67,Background,1024,6.74806,6.779234944,0.031174943999999982,10838,True
76,Background,102400,6.74906,6.99387746,0.24481746000000015,106400,True
66,Background,1048576,6.75187,6.895739245,0.14386924499999942,1244,True
65,Background,102400,6.75229,6.870188577,0.11789857700000006,1244,True
75,Background,10485760,6.75351,6.848310258,0.09480025799999936,10838,True
68,Background,1024,6.75366,7.639790057,0.8861300569999999,10876994,True
61,Background,102400,6.75493,7.127142117,0.3722121170000001,1244,True
69,Background,10485760,6.75581,7.059159791,0.3033497909999996,10876994,True
69,Background,102400,6.75673,7.008627503,0.25189750299999947,10838,True
67,Background,102400,6.75758,6.895739245,0.13815924499999976,1244,True
70,Background,1048576,6.75851,6.924733969,0.1662239689999998,106400,True
64,Background,1048576,6.75875,6.802999225,0.044249224999999726,1087892,True
55,Background,1048576,6.75882,6.896942332,0.13812233200000001,1087892,True
61,Background,1048576,6.76011,6.835732395,0.0756223949999999,1244,True
77,Background,1024,6.76082,7.034189598,0.2733695980000004,1087892,True
73,Background,1024,6.76114,7.085112394,0.3239723940000001,10838,True
71,Background,1048576,6.76177,7.188834071,0.4270640709999993,106400,True
76,Background,1024,6.76424,6.789964624,0.02572462399999953,1087892,True
68,Background,10240,6.76498,6.895739245,0.13075924499999925,1244,True
78,Background,102400,6.76852,6.867702687,0.09918268700000077,1087892,True
74,Background,10240,6.76884,6.788644529,0.01980452899999996,1244,True
59,Background,1024,6.76885,6.844624173,0.07577417300000011,106400,True
72,Background,10240,6.76896,6.825857926,0.05689792600000043,1087892,True
68,Background,10485760,6.76897,6.804839936,0.035869935999999214,10838,True
69,Background,1048576,6.76981,6.895739245,0.12592924500000002,1244,True
60,Background,10240,6.77028,6.779680928,0.009400928000000697,10838,True
61,Background,1048576,6.77103,6.779680928,0.008650928000000668,10838,True
64,Background,1048576,6.77124,6.936145703,0.16490570300000051,1244,True
72,Background,10240,6.7714,6.834139169,0.06273916900000032,1244,True
86,Background,1048576,6.77161,7.080136679,0.30852667899999986,1087892,True
64,Background,102400,6.77229,7.0812808,0.3089908000000001,1244,True
70,Background,1048576,6.77237,7.143673368,0.3713033680000004,106400,True
80,Background,1048576,6.77366,6.885806549,0.1121465490000002,106400,True
65,Background,10485760,6.77393,7.156375114,0.38244511400000025,1244,True
60,Background,1024,6.77451,6.844624173,0.07011417299999945,106400,True
65,Background,1048576,6.77452,6.8435567,0.06903669999999984,106400,True
70,Background,102400,6.77525,7.008627503,0.23337750299999982,10838,True
81,Background,102400,6.77733,6.91681863,0.13948862999999978,106400,True
69,Background,1024,6.77745,6.804839936,0.027389935999999615,10838,True
72,Background,102400,6.78052,6.910174345,0.12965434499999962,1244,True
69,Background,102400,6.78188,7.012905272,0.23102527200000011,1087892,True
65,Background,10240,6.7822,6.828075936,0.04587593600000073,106400,True
71,Background,10485760,6.78288,7.197048074,0.414168074,10838,True
64,Background,1024,6.78329,6.978953357,0.19566335699999993,106400,True
60,Background,10485760,6.78341,7.318731285,0.5353212850000002,10838,True
62,Background,1048576,6.7845,7.102841368,0.31834136799999957,1244,True
69,Background,102400,6.78526,7.010784126,0.22552412599999982,1087892,True
70,Background,10240,6.78667,7.524499494,0.7378294939999996,10838,True
58,Background,1048576,6.78688,7.00035522,0.2134752200000003,1087892,True
64,Background,1048576,6.78801,7.408226129,0.6202161290000001,106400,True
83,Background,102400,6.78907,6.900505229,0.11143522900000047,10838,True
77,Background,102400,6.78999,6.85071894,0.06072893999999973,10838,True
64,Background,10240,6.79029,6.817784365,0.02749436499999991,106400,True
70,Background,10485760,6.7911,7.010784126,0.21968412599999976,1087892,True
72,Background,10485760,6.79112,7.188834071,0.39771407099999934,106400,True
61,Background,1048576,6.79137,6.844624173,0.053254173000000016,106400,True
84,Background,10240,6.79139,6.900505229,0.10911522900000037,10838,True
65,Background,10485760,6.79141,6.936145703,0.14473570300000027,1244,True
60,Background,10240,6.7917,6.899445376,0.10774537600000045,10838,True
59,Background,1048576,6.79197,7.00035522,0.20838522000000026,1087892,True
64,Background,10240,6.79215,6.814009249,0.02185924899999936,10838,True
65,Background,1048576,6.79429,6.817784365,0.023494364999999462,106400,True
65,Background,1048576,6.79478,6.802999225,0.008219224999999497,1087892,True
68,Background,102400,6.79483,6.831686326,0.03685632599999966,106400,True
66,Background,102400,6.79751,7.156375114,0.3588651140000003,1244,True
76,Background,102400,6.79773,7.24603463,0.44830463,10838,True
66,Background,1048576,6.79873,7.013081702,0.2143517020000001,106400,True
71,Background,10240,6.79978,7.010784126,0.21100412599999974,1087892,True
62,Background,10240,6.80012,7.018249226,0.2181292260000003,10838,True
70,Background,102400,6.80038,6.804839936,0.004459935999999942,10838,True
72,Background,1024,6.80047,7.246428151,0.44595815100000014,10838,True
69,Background,10485760,6.80223,6.831686326,0.029456326000000033,106400,True
66,Background,10240,6.8023,6.909487868,0.10718786800000046,106400,True
65,Background,1048576,6.80242,6.806492206,0.004072206000000023,10838,True
70,Background,10485760,6.80382,7.059159791,0.2553397909999999,10876994,True
58,Background,1048576,6.80385,7.029805504,0.22595550399999986,106400,True
63,Background,10240,6.80425,6.936846932,0.13259693200000022,10876994,True
62,Background,102400,6.80466,7.194573994,0.3899139939999996,1244,True
73,Background,10240,6.80526,7.188834071,0.38357407099999996,106400,True
74,Background,102400,6.80661,7.188834071,0.38222407099999955,106400,True
65,Background,102400,6.80766,7.0812808,0.2736207999999998,1244,True
65,Background,1048576,6.80777,7.012954351,0.20518435100000065,1244,True
64,Background,102400,6.80828,6.936846932,0.12856693200000002,10876994,True
73,Background,10485760,6.80847,6.910174345,0.10170434499999992,1244,True
72,Background,102400,6.80888,6.97128709,0.16240708999999942,10838,True
85,Background,10240,6.8101,6.96514617,0.15504616999999943,1087892,True
62,Background,1048576,6.81085,7.239052006,0.42820200599999936,1087892,True
64,Background,102400,6.81256,6.973166349,0.16060634900000004,1244,True
71,Background,10485760,6.81359,7.008627503,0.195037503,10838,True
65,Background,1024,6.81441,6.814009249,-0.0004007509999999215,10838,True
68,Background,102400,6.81601,7.384054835,0.5680448349999994,10838,True
67,Background,102400,6.81612,7.156375114,0.3402551140000005,1244,True
73,Background,1048576,6.81767,6.958563344,0.1408933440000002,106400,True
70,Background,10240,6.81989,7.012905272,0.19301527200000024,1087892,True
69,Background,1048576,6.81999,7.384054835,0.5640648349999999,10838,True
78,Background,102400,6.82016,7.043782861,0.22362286100000084,106400,True
49,Background,102400,6.82033,7.150646709,0.3303167089999999,1244,True
73,Background,1024,6.82253,7.232994184,0.4104641839999994,1087892,True
81,Background,1048576,6.82285,7.158266954,0.33541695400000027,10838,True
79,Background,1024,6.82463,6.867702687,0.04307268700000044,1087892,True
73,Background,1024,6.82598,6.899743221,0.07376322099999921,1087892,True
66,Background,10485760,6.82638,7.306001621,0.4796216209999997,10838,True
80,Background,10240,6.82674,6.867702687,0.040962687000000386,1087892,True
72,Background,1024,6.82679,6.83851713,0.011727129999999697,10838,True
71,Background,102400,6.82852,7.012905272,0.1843852720000001,1087892,True
75,Background,102400,6.82878,7.188834071,0.36005407099999953,106400,True
82,Background,10240,6.82908,7.158266954,0.32918695399999987,10838,True
70,Background,10240,6.82933,6.831686326,0.0023563260000001307,106400,True
87,Background,102400,6.83067,7.080136679,0.2494666790000002,1087892,True
62,Background,10240,6.83255,7.294841524,0.4622915239999994,106400,True
81,Background,102400,6.83302,6.867702687,0.0346826870000001,1087892,True
70,Background,102400,6.8333,6.981147253,0.14784725299999923,1244,True
71,Background,1048576,6.83343,7.059159791,0.225729791,10876994,True
73,Background,10485760,6.83382,7.25947911,0.4256591099999998,10838,True
65,Background,102400,6.83384,6.849933643,0.016093642999999602,10838,True
65,Background,1024,6.83492,6.978953357,0.14403335699999964,106400,True
64,Background,102400,6.83644,6.937151907,0.10071190699999999,10838,True
56,Background,10240,6.8375,6.913050745,0.07555074499999925,10838,True
69,Background,10240,6.83812,7.639790057,0.8016700569999999,10876994,True
66,Background,102400,6.83844,7.012954351,0.174514351,1244,True
65,Background,1048576,6.84072,6.973166349,0.1324463490000003,1244,True
57,Background,10485760,6.84191,7.06697209,0.22506208999999977,106400,True
97,Background,102400,6.84333,6.93780369,0.09447369000000005,106400,True
59,Background,102400,6.84428,6.847054057,0.0027740569999998854,106400,True
73,Background,10485760,6.84476,7.08610899,0.24134898999999965,1087892,True
63,Background,102400,6.846,6.876541733,0.030541732999999738,106400,True
76,Background,102400,6.84747,6.848310258,0.0008402579999993165,10838,True
70,Background,10485760,6.84821,6.895739245,0.047529244999999776,1244,True
66,Background,102400,6.84907,6.849933643,0.0008636429999997475,10838,True
78,Background,1048576,6.8494,7.034189598,0.18478959800000005,1087892,True
76,Background,102400,6.85055,6.962406938,0.11185693799999985,1087892,True
59,Background,102400,6.85198,7.077799441,0.22581944099999962,106400,True
71,Background,104857600,6.85202,7.028717517,0.17669751699999914,106400,True
66,Background,102400,6.85203,7.078665482,0.22663548199999983,106400,True
63,Background,10485760,6.85302,7.239052006,0.38603200599999976,1087892,True
67,Background,102400,6.85396,6.933002069,0.07904206899999977,106400,True
63,Background,10485760,6.85589,6.868761472,0.012871472000000495,10838,True
73,Background,10240,6.85608,6.93639622,0.08031621999999938,1087892,True
79,Background,1048576,6.85619,7.034189598,0.17799959800000043,1087892,True
63,Background,10485760,6.85636,7.294841524,0.4384815240000002,106400,True
66,Background,1048576,6.85716,6.870188577,0.013028577000000041,1244,True
64,Background,10240,6.85718,6.868761472,0.011581472000000481,10838,True
74,Background,1048576,6.85754,7.085112394,0.22757239400000007,10838,True
66,Background,10240,6.85882,6.995416801,0.1365968010000005,10876994,True
72,Background,10240,6.85922,7.008627503,0.14940750299999994,10838,True
65,Background,1048576,6.86116,7.408226129,0.5470661290000001,106400,True
70,Background,10240,6.86147,7.384054835,0.522584835,10838,True
85,Background,1024,6.86174,6.912126309,0.05038630899999941,1087892,True
66,Background,10240,6.86177,6.973166349,0.1113963490000005,1244,True
67,Background,102400,6.86273,7.078665482,0.2159354819999999,106400,True
83,Background,102400,6.86277,7.440717648,0.5779476479999994,108768230,True
72,Background,104857600,6.86542,7.627091085,0.7616710849999997,106400,True
67,Background,10240,6.86598,7.013081702,0.1471017019999996,106400,True
85,Background,1048576,6.86802,6.900505229,0.032485229000000615,10838,True
71,Background,1048576,6.86806,6.976870908,0.1088109080000006,1244,True
66,Background,10240,6.86924,6.936145703,0.06690570300000065,1244,True
72,Background,1048576,6.86977,6.917401755,0.047631755000000275,1244,True
67,Background,104857600,6.87062,7.467516556,0.5968965559999999,1087892,True
61,Background,102400,6.871,6.901342358,0.030342357999999514,1087892,True
88,Background,102400,6.87179,7.080136679,0.20834667899999992,1087892,True
61,Background,102400,6.87248,7.318731285,0.4462512849999998,10838,True
74,Background,10240,6.87346,7.25947911,0.38601911000000033,10838,True
67,Background,102400,6.87607,7.306001621,0.4299316209999997,10838,True
75,Background,10240,6.87621,6.937121587,0.060911586999999656,1244,True
75,Background,1048576,6.87765,7.25947911,0.38182910999999997,10838,True
66,Background,10240,6.87776,6.880041745,0.0022817449999994466,1244,True
71,Background,1048576,6.88085,7.384054835,0.503204835,10838,True
66,Background,10240,6.88126,6.897263864,0.01600386399999998,10838,True
65,Background,102400,6.8827,7.209004878,0.3263048780000002,106400,True
66,Background,1048576,6.88288,7.408226129,0.5253461289999999,106400,True
81,Background,102400,6.88396,6.885806549,0.0018465489999996976,106400,True
73,Background,102400,6.88431,7.627091085,0.7427810849999998,106400,True
74,Background,1048576,6.885,6.910174345,0.02517434499999993,1244,True
73,Background,10240,6.88638,7.008627503,0.12224750299999965,10838,True
53,Background,1048576,6.88697,6.97734278,0.09037278000000004,10838,True
73,Background,1048576,6.88719,6.973544945,0.08635494500000007,10838,True
63,Background,10240,6.8874,7.018249226,0.1308492259999996,10838,True
65,Background,102400,6.888,7.024879611,0.13687961100000035,1244,True
76,Background,1024,6.88806,6.937121587,0.04906158699999974,1244,True
74,Background,1024,6.88923,7.008627503,0.11939750299999918,10838,True
50,Background,102400,6.88943,7.150646709,0.26121670900000016,1244,True
65,Background,1048576,6.89012,6.977211038,0.08709103800000051,10838,True
68,Background,102400,6.89021,6.940146072,0.04993607200000039,106400,True
64,Background,10240,6.89313,7.239052006,0.34592200599999945,1087892,True
61,Background,102400,6.89522,6.944518014,0.04929801399999967,106400,True
72,Background,1024,6.89613,6.976870908,0.08074090800000011,1244,True
67,Background,10240,6.89855,7.012954351,0.11440435100000013,1244,True
71,Background,102400,6.89889,7.001386407,0.10249640700000029,1087892,True
73,Background,10485760,6.89995,6.97128709,0.0713370900000001,10838,True
75,Background,1048576,6.90045,7.008627503,0.1081775029999994,10838,True
73,Background,102400,6.90054,7.047101987,0.14656198699999923,1087892,True
77,Background,102400,6.90067,6.99387746,0.09320746000000035,106400,True
62,Background,1024,6.90155,7.401156866,0.4996068659999997,106400,True
67,Background,10485760,6.90187,6.995416801,0.09354680100000046,10876994,True
54,Background,1024,6.90242,7.118157102,0.2157371019999994,10838,True
73,Background,1024,6.90293,7.075075627,0.1721456270000008,1244,True
72,Background,102400,6.90324,7.384054835,0.48081483499999944,10838,True
73,Background,102400,6.90392,6.917401755,0.013481754999999929,1244,True
86,Background,1048576,6.90418,7.627086739,0.7229067389999999,108768230,True
80,Background,102400,6.90478,7.034189598,0.12940959800000051,1087892,True
55,Background,102400,6.905,7.118157102,0.21315710199999938,10838,True
60,Background,10240,6.90581,7.00035522,0.09454522000000054,1087892,True
65,Background,102400,6.90621,7.618160566,0.7119505660000005,108768230,True
64,Background,1024,6.90785,7.018249226,0.11039922600000018,10838,True
67,Background,10240,6.90819,6.909487868,0.0012978679999999798,106400,True
64,Background,1024,6.90847,7.116006063,0.20753606300000005,1087892,True
74,Background,102400,6.91249,6.917401755,0.004911755000000184,1244,True
68,Background,1048576,6.91342,6.933002069,0.019582068999999258,106400,True
71,Background,102400,6.91431,6.93312964,0.01881963999999936,1087892,True
59,Background,102400,6.91554,7.029805504,0.11426550399999957,106400,True
65,Background,10240,6.91556,7.239052006,0.3234920059999995,1087892,True
72,Background,102400,6.91582,7.028717517,0.1128975169999995,106400,True
83,Background,1024,6.91608,7.158266954,0.24218695400000012,10838,True
68,Background,102400,6.9167,6.995416801,0.07871680100000056,10876994,True
56,Background,102400,6.91686,6.954771775,0.037911775000000425,10838,True
53,Background,102400,6.91837,6.957705855,0.03933585500000003,1087892,True
72,Background,10240,6.91881,6.984287046,0.0654770460000007,1087892,True
76,Background,1048576,6.91945,7.25947911,0.3400291099999997,10838,True
56,Background,10240,6.91951,7.118157102,0.1986471019999998,10838,True
70,Background,1048576,6.92037,6.935593384,0.015223383999999562,106400,True
62,Background,102400,6.92086,7.127142117,0.20628211699999977,1244,True
78,Background,10240,6.92088,6.99387746,0.07299745999999985,106400,True
62,Background,10485760,6.92205,6.949798178,0.0277481780000004,106400,True
81,Background,1048576,6.92227,7.034189598,0.11191959800000006,1087892,True
57,Background,1048576,6.92229,7.118157102,0.19586710199999935,10838,True
57,Background,10240,6.92377,6.931141077,0.00737107700000017,106400,True
77,Background,1048576,6.92476,6.937121587,0.012361587000000007,1244,True
74,Background,102400,6.92517,6.9584816,0.03331160000000022,10838,True
68,Background,102400,6.92651,7.103079349,0.17656934899999932,106400,True
63,Background,102400,6.92714,6.949798178,0.022658178000000362,106400,True
82,Background,1048576,6.9273,7.034189598,0.10688959800000042,1087892,True
66,Background,102400,6.92741,7.239052006,0.3116420059999996,1087892,True
65,Background,102400,6.92794,7.116006063,0.18806606299999995,1087892,True
67,Background,1024,6.93064,7.63016489,0.6995248899999993,108768230,True
71,Background,1024,6.93118,7.110988163,0.1798081629999997,1087892,True
77,Background,1024,6.93208,6.983070193,0.05099019299999963,106400,True
74,Background,1048576,6.9327,7.047101987,0.11440198699999993,1087892,True
84,Background,1048576,6.93271,7.559897456,0.6271874559999997,10876994,True
74,Background,10240,6.93312,7.054350297,0.12123029700000032,1087892,True
66,Background,102400,6.93395,7.334334235,0.40038423499999976,1244,True
51,Background,1024,6.936,7.150646709,0.21464670900000016,1244,True
71,Background,1048576,6.93656,6.95291048,0.016350479999999834,10838,True
72,Background,10485760,6.93662,7.006208357,0.06958835700000066,1087892,True
75,Background,102400,6.93716,7.047101987,0.10994198699999913,1087892,True
85,Background,1048576,6.93717,7.559897456,0.6227274559999998,10876994,True
68,Background,10240,6.93782,7.467516556,0.5296965559999993,1087892,True
54,Background,1048576,6.93861,6.97734278,0.03873278000000013,10838,True
67,Background,102400,6.93872,7.071449871,0.13272987100000044,1087892,True
73,Background,10240,6.93955,6.976870908,0.03732090800000076,1244,True
75,Background,1048576,6.93957,7.110348518,0.17077851800000055,106400,True
73,Background,1048576,6.93962,6.984287046,0.04466704600000071,1087892,True
84,Background,10240,6.94021,7.49269967,0.5524896699999999,106400,True
51,Background,102400,6.94111,7.27460649,0.3334964899999999,10876994,True
58,Background,10240,6.94154,7.152885109,0.2113451089999998,106400,True
72,Background,1024,6.94186,7.059159791,0.11729979099999976,10876994,True
66,Background,1024,6.94398,7.209004878,0.2650248780000002,106400,True
63,Background,102400,6.94478,7.194573994,0.24979399400000002,1244,True
73,Background,10485760,6.94529,7.570225838,0.6249358379999999,10838,True
65,Background,102400,6.94604,7.025693559,0.0796535589999996,106400,True
89,Background,1048576,6.94664,7.080136679,0.1334966789999994,1087892,True
69,Background,102400,6.94711,7.467516556,0.5204065559999993,1087892,True
66,Background,10240,6.94971,6.961063664,0.011353664000000485,10838,True
76,Background,10240,6.95101,7.188834071,0.23782407099999947,106400,True
73,Background,102400,6.95218,7.006208357,0.05402835699999997,1087892,True
98,Background,102400,6.95336,7.033176133,0.07981613300000046,106400,True
77,Background,10240,6.95383,7.24603463,0.29220462999999963,10838,True
52,Background,1048576,6.95584,7.150646709,0.19480670899999986,1244,True
63,Background,1024,6.95741,7.102841368,0.14543136799999967,1244,True
75,Background,1024,6.95759,7.279869725,0.32227972500000046,106400,True
73,Background,102400,6.95766,7.028717517,0.07105751699999985,106400,True
74,Background,1024,6.95821,7.165802887,0.20759288699999967,106400,True
72,Background,10240,6.9597,7.001386407,0.04168640700000026,1087892,True
74,Background,1024,6.95997,7.570225838,0.6102558379999996,10838,True
86,Background,10240,6.96001,7.043898799,0.08388879900000035,1087892,True
66,Background,1048576,6.9606,7.116006063,0.15540606300000004,1087892,True
72,Background,10240,6.96112,7.080471408,0.11935140799999999,10838,True
77,Background,104857600,6.96257,7.146690812,0.18412081199999975,106400,True
69,Background,10240,6.96363,6.981275195,0.017645195000000058,1244,True
82,Background,102400,6.96418,7.126144806,0.1619648060000003,10838,True
74,Background,102400,6.96695,7.035358979,0.06840897899999998,106400,True
65,Background,1048576,6.96728,7.090793435,0.12351343500000045,10838,True
67,Background,102400,6.9679,7.680242206,0.7123422059999998,10838,True
58,Background,102400,6.96899,7.118157102,0.14916710199999983,10838,True
77,Background,10240,6.96932,7.25947911,0.2901591100000003,10838,True
78,Background,102400,6.97011,7.24603463,0.27592462999999956,10838,True
85,Background,104857600,6.97061,7.49269967,0.5220896700000006,106400,True
64,Background,102400,6.97106,7.331149449,0.3600894490000002,10876994,True
68,Background,102400,6.97129,7.078665482,0.10737548200000013,106400,True
73,Background,10240,6.97372,7.063749938,0.09002993799999981,1087892,True
75,Background,1024,6.97374,7.085112394,0.11137239399999999,10838,True
66,Background,1024,6.97385,7.0812808,0.10743080000000038,1244,True
84,Background,102400,6.97436,7.158266954,0.18390695400000023,10838,True
75,Background,10240,6.97448,7.035358979,0.060878978999999944,106400,True
60,Background,10485760,6.9748,7.029805504,0.05500550399999948,106400,True
59,Background,10240,6.97507,7.118157102,0.14308710199999997,10838,True
76,Background,10240,6.97542,7.110348518,0.1349285180000006,106400,True
75,Background,1048576,6.97773,7.031188985,0.05345898499999979,1244,True
63,Background,102400,6.97823,7.127142117,0.14891211700000007,1244,True
66,Background,10240,6.97917,7.025693559,0.046523558999999715,106400,True
61,Background,10485760,6.97952,7.00035522,0.020835220000000376,1087892,True
83,Background,10240,6.98045,7.126144806,0.14569480599999984,10838,True
74,Background,104857600,6.98083,7.244290618,0.26346061799999987,10838,True
85,Background,102400,6.98092,7.158266954,0.1773469539999999,10838,True
67,Background,102400,6.98268,7.408226129,0.4255461289999998,106400,True
64,Background,10240,6.98285,7.092796985,0.10994698499999966,106400,True
69,Background,102400,6.98294,7.000516205,0.017576205000000122,1087892,True
78,Background,1048576,6.98314,6.991971883,0.00883188300000004,1087892,True
84,Background,102400,6.98404,7.126144806,0.14210480599999986,10838,True
74,Background,102400,6.98653,7.627091085,0.6405610849999999,106400,True
77,Background,1024,6.98821,7.188834071,0.20062407100000001,106400,True
79,Background,10240,6.98918,6.99387746,0.004697460000000042,106400,True
55,Background,10485760,6.98942,7.755297969,0.7658779689999999,1087892,True
62,Background,10485760,6.98976,7.100257764,0.11049776399999978,1244,True
73,Background,10240,6.98995,7.108652299,0.11870229899999973,106400,True
76,Background,1048576,6.99044,7.279869725,0.28942972499999975,106400,True
76,Background,1048576,6.99074,7.008627503,0.01788750299999986,10838,True
74,Background,102400,6.99168,7.063749938,0.07206993800000028,1087892,True
73,Background,10240,6.99178,7.246428151,0.2546481509999996,10838,True
66,Background,1024,6.9918,7.028228767,0.036428767000000306,1244,True
65,Background,1048576,6.99214,7.331149449,0.33900944899999974,10876994,True
76,Background,102400,6.99237,7.085112394,0.09274239400000006,10838,True
67,Background,1048576,6.99312,8.026719746,1.0335997459999993,10876994,True
76,Background,102400,6.99349,7.031188985,0.037698984999999574,1244,True
58,Background,1024,6.9955,7.627863923,0.6323639229999998,1087892,True
68,Background,102400,6.99635,7.408226129,0.41187612900000037,106400,True
68,Background,1024,6.99644,7.013081702,0.016641702000000258,106400,True
64,Background,1048576,6.99689,7.074711593,0.07782159300000036,106400,True
72,Background,10240,6.99722,7.518153747,0.520933747,1087892,True
62,Background,1048576,7.00176,7.318731285,0.31697128500000016,10838,True
57,Background,1048576,7.00295,7.257208649,0.2542586489999996,1087892,True
63,Background,102400,7.00298,7.401156866,0.398176866,106400,True
57,Background,1024,7.00303,7.140894627,0.1378646269999999,1244,True
63,Background,10485760,7.00395,7.100257764,0.09630776400000052,1244,True
77,Background,102400,7.00397,7.031188985,0.027218985000000195,1244,True
74,Background,1024,7.00425,7.059163175,0.05491317500000026,10838,True
68,Background,1048576,7.00533,7.156375114,0.15104511400000042,1244,True
80,Background,102400,7.00727,7.074447157,0.06717715699999971,1087892,True
73,Background,102400,7.0107,7.080471408,0.06977140800000026,10838,True
78,Background,10240,7.01533,7.188834071,0.17350407099999998,106400,True
74,Background,10240,7.01535,7.028717517,0.013367516999999829,106400,True
68,Background,10240,7.01538,7.63016489,0.6147848899999993,108768230,True
75,Background,1024,7.01653,7.182996649,0.1664666489999993,10838,True
62,Background,102400,7.01714,7.175915872,0.15877587199999965,1087892,True
75,Background,1048576,7.01802,7.153723346,0.13570334599999967,106400,True
73,Background,102400,7.01802,7.384054835,0.3660348349999998,10838,True
67,Background,1048576,7.01826,7.057158174,0.03889817399999984,10838,True
85,Background,102400,7.01941,7.126144806,0.1067348060000004,10838,True
67,Background,102400,7.01958,7.028228767,0.008648766999999502,1244,True
59,Background,10240,7.01971,7.627863923,0.6081539229999997,1087892,True
76,Background,10240,7.02102,7.035358979,0.014338978999999696,106400,True
75,Background,10240,7.02131,7.028717517,0.007407516999999864,106400,True
64,Background,10240,7.02285,7.194573994,0.1717239939999997,1244,True
71,Background,10485760,7.02403,7.524499494,0.5004694939999998,10838,True
72,Background,1024,7.02414,7.197048074,0.17290807399999952,10838,True
75,Background,10240,7.02439,7.054350297,0.02996029699999969,1087892,True
73,Background,10240,7.02461,7.518153747,0.49354374700000037,1087892,True
78,Background,1048576,7.02472,7.031188985,0.006468984999999705,1244,True
90,Background,1048576,7.02743,7.080136679,0.05270667899999992,1087892,True
76,Background,10485760,7.02984,7.36540207,0.33556206999999993,106400,True
67,Background,102400,7.03312,7.162357506,0.12923750599999995,1244,True
79,Background,10240,7.03467,7.188834071,0.1541640709999994,106400,True
76,Background,104857600,7.03472,7.054350297,0.019630296999999963,1087892,True
67,Background,10240,7.03497,7.239052006,0.20408200599999926,1087892,True
59,Background,102400,7.03526,7.152885109,0.11762510899999956,106400,True
74,Background,1024,7.03619,7.080471408,0.0442814079999998,10838,True
52,Background,10240,7.03637,7.27460649,0.23823649000000025,10876994,True
73,Background,10240,7.0378,7.111051672,0.07325167200000049,10838,True
69,Background,102400,7.0383,7.408226129,0.36992612900000044,106400,True
68,Background,10240,7.03879,7.162357506,0.12356750600000055,1244,True
69,Background,1048576,7.03938,7.078665482,0.03928548199999948,106400,True
68,Background,1024,7.04197,7.239052006,0.1970820059999996,1087892,True
64,Background,1048576,7.04207,7.294841524,0.2527715239999999,106400,True
68,Background,1024,7.04247,7.057158174,0.014688173999999776,10838,True
86,Background,10240,7.04475,7.49269967,0.44794967000000074,106400,True
86,Background,1048576,7.04478,7.126144806,0.08136480599999985,10838,True
53,Background,10240,7.046,7.150646709,0.10464670899999984,1244,True
66,Background,102400,7.04628,7.141426637,0.09514663700000003,10838,True
79,Background,10240,7.04653,7.118678726,0.072148726,106400,True
99,Background,102400,7.04708,7.167958302,0.1208783019999995,10876994,True
69,Background,102400,7.04723,7.176833923,0.12960392300000034,106400,True
82,Background,10240,7.04811,7.168003052,0.11989305200000011,1087892,True
86,Background,102400,7.0482,7.158266954,0.11006695400000055,10838,True
77,Background,10485760,7.04898,7.36540207,0.3164220699999998,106400,True
73,Background,10485760,7.04956,7.197048074,0.14748807399999997,10838,True
71,Background,10485760,7.0497,7.143673368,0.09397336800000033,106400,True
54,Background,102400,7.05069,7.150646709,0.09995670899999975,1244,True
66,Background,1048576,7.05091,7.090793435,0.039883435000000134,10838,True
53,Background,10240,7.05169,7.27460649,0.22291649000000024,10876994,True
79,Background,1048576,7.05214,7.24603463,0.19389462999999996,10838,True
72,Background,1048576,7.05312,7.299531289,0.2464112890000001,10838,True
74,Background,1024,7.05425,7.111051672,0.056801672000000636,10838,True
78,Background,1048576,7.05443,7.066493004,0.012063003999999822,106400,True
70,Background,1024,7.05677,7.408226129,0.3514561289999998,106400,True
87,Background,10240,7.05684,7.49269967,0.43585967000000014,106400,True
60,Background,1024,7.05818,7.118157102,0.059977101999999505,10838,True
77,Background,10240,7.05866,7.16479601,0.10613601000000017,106400,True
75,Background,102400,7.05898,7.244290618,0.18531061799999993,10838,True
67,Background,1048576,7.05901,7.0812808,0.022270800000000257,1244,True
68,Background,1048576,7.05962,7.306001621,0.24638162100000027,10838,True
61,Background,1048576,7.06215,7.252279964,0.19012996400000048,10838,True
77,Background,10240,7.06426,7.110348518,0.046088518000000356,106400,True
54,Background,10240,7.06451,7.216330012,0.15182001199999995,106400,True
74,Background,10240,7.06581,7.108652299,0.04284229900000014,106400,True
70,Background,1048576,7.0661,7.176833923,0.11073392300000062,106400,True
76,Background,102400,7.06626,7.182996649,0.11673664899999991,10838,True
75,Background,10485760,7.06638,7.570225838,0.5038458380000002,10838,True
67,Background,102400,7.06757,7.141426637,0.07385663700000045,10838,True
80,Background,102400,7.06843,7.118678726,0.05024872599999952,106400,True
74,Background,1048576,7.06942,7.384054835,0.31463483499999967,10838,True
71,Background,1048576,7.07023,7.408226129,0.3379961290000004,106400,True
74,Background,102400,7.07074,7.246428151,0.17568815100000013,10838,True
75,Background,102400,7.07111,7.627091085,0.555981085,106400,True
74,Background,102400,7.0712,7.197048074,0.12584807399999942,10838,True
66,Background,10240,7.07189,7.770088963,0.6981989630000003,108768230,True
76,Background,1048576,7.07225,7.153723346,0.08147334599999922,106400,True
77,Background,1024,7.07265,7.279869725,0.20721972499999985,106400,True
65,Background,102400,7.07311,7.092796985,0.01968698499999988,106400,True
64,Background,102400,7.07326,7.102841368,0.029581367999999664,1244,True
69,Background,1048576,7.07339,7.103079349,0.029689348999999865,106400,True
86,Background,102400,7.07364,7.559897456,0.4862574559999997,10876994,True
71,Background,102400,7.07387,7.176833923,0.1029639229999999,106400,True
56,Background,10240,7.07414,7.755297969,0.681157969,1087892,True
77,Background,1048576,7.07516,7.203708738,0.12854873799999922,106400,True
64,Background,1048576,7.07561,7.100257764,0.024647764000000016,1244,True
68,Background,1024,7.07696,7.260636497,0.18367649700000044,10838,True
87,Background,1024,7.07729,7.158266954,0.08097695400000049,10838,True
69,Background,10240,7.07752,7.765009509,0.6874895090000006,1087892,True
76,Background,10240,7.07806,7.570225838,0.492165838,10838,True
75,Background,102400,7.07806,7.080471408,0.0024114080000003923,10838,True
72,Background,1024,7.07866,7.091849698,0.013189697999999694,106400,True
87,Background,10240,7.07927,7.144203014,0.06493301400000018,1087892,True
87,Background,102400,7.07995,7.559897456,0.47994745599999966,10876994,True
57,Background,102400,7.08064,7.243151589,0.16251158900000018,1087892,True
79,Background,102400,7.08089,7.187270146,0.10638014600000023,1244,True
68,Background,1048576,7.08234,7.22402733,0.1416873299999999,1087892,True
58,Background,102400,7.0836,7.091718849,0.008118849000000594,106400,True
71,Background,102400,7.08447,7.203065466,0.11859546600000037,1087892,True
72,Background,102400,7.08518,7.110988163,0.025808162999999773,1087892,True
78,Background,10240,7.0852,7.110348518,0.025148517999999953,106400,True
71,Background,102400,7.08562,7.22607505,0.1404550500000008,10838,True
70,Background,102400,7.08666,7.467516556,0.38085655599999946,1087892,True
88,Background,10240,7.08821,7.559897456,0.4716874559999997,10876994,True
78,Background,10485760,7.08925,7.16479601,0.07554601000000005,106400,True
78,Background,1048576,7.08948,7.279869725,0.19038972500000018,106400,True
63,Background,102400,7.09035,7.318731285,0.2283812850000002,10838,True
78,Background,1024,7.0905,7.146690812,0.056190812000000534,106400,True
61,Background,102400,7.09142,7.118157102,0.026737101999999346,10838,True
61,Background,102400,7.09836,7.293243069,0.1948830690000003,1244,True
64,Background,104857600,7.10017,7.401156866,0.3009868659999997,106400,True
70,Background,10240,7.10132,7.765009509,0.6636895090000001,1087892,True
70,Background,1024,7.10139,7.639790057,0.5384000569999996,10876994,True
75,Background,10485760,7.10185,7.384054835,0.28220483499999993,10838,True
72,Background,102400,7.10193,7.524499494,0.4225694939999993,10838,True
79,Background,102400,7.10244,7.279869725,0.17742972500000054,106400,True
67,Background,1048576,7.1044,7.176054987,0.07165498699999961,1087892,True
56,Background,1024,7.10523,7.271197745,0.16596774500000055,1087892,True
69,Background,1048576,7.10737,7.239052006,0.13168200599999924,1087892,True
65,Background,10240,7.10799,7.294841524,0.1868515239999997,106400,True
73,Background,102400,7.10837,7.524499494,0.41612949399999977,10838,True
60,Background,102400,7.10974,7.207652623,0.09791262300000003,106400,True
66,Background,10240,7.11047,7.294841524,0.18437152399999945,106400,True
79,Background,102400,7.11134,7.146690812,0.0353508119999999,106400,True
60,Background,1048576,7.11142,7.627863923,0.5164439229999997,1087892,True
82,Background,10485760,7.11164,7.160470317,0.04883031699999929,10838,True
73,Background,1048576,7.11218,7.299531289,0.18735128899999953,10838,True
76,Background,1048576,7.1125,7.244290618,0.13179061800000014,10838,True
78,Background,1048576,7.1127,7.203708738,0.09100873799999931,106400,True
69,Background,1024,7.11416,7.22402733,0.10986733000000015,1087892,True
80,Background,102400,7.11582,7.146690812,0.03087081199999986,106400,True
65,Background,10240,7.11604,7.170585163,0.05454516300000023,10838,True
87,Background,1048576,7.11687,7.367023745,0.2501537450000004,10876994,True
87,Background,1048576,7.11724,7.126144806,0.00890480600000032,10838,True
67,Background,10240,7.11776,7.538413129,0.4206531290000006,10838,True
58,Background,102400,7.11792,7.243151589,0.1252315890000002,1087892,True
76,Background,1048576,7.11841,7.177657862,0.05924786200000032,106400,True
76,Background,102400,7.11902,7.627091085,0.5080710850000001,106400,True
80,Background,102400,7.11934,7.279869725,0.16052972499999996,106400,True
88,Background,1024,7.11978,7.367023745,0.24724374499999957,10876994,True
77,Background,1024,7.11995,7.182996649,0.06304664899999946,10838,True
72,Background,1048576,7.12081,7.143673368,0.022863368000000328,106400,True
100,Background,10240,7.12178,7.167958302,0.046178301999999505,10876994,True
68,Background,1024,7.12193,7.680242206,0.5583122060000001,10838,True
71,Background,102400,7.12247,7.765009509,0.6425395090000006,1087892,True
74,Background,1048576,7.12257,7.202733084,0.0801630840000005,1087892,True
69,Background,10485760,7.12409,7.361102772,0.23701277199999993,10876994,True
74,Background,102400,7.12416,7.299531289,0.1753712890000001,10838,True
79,Background,102400,7.12538,7.163733933,0.038353932999999785,1087892,True
75,Background,10485760,7.126,7.246428151,0.1204281509999996,10838,True
67,Background,10240,7.12713,7.209004878,0.08187487799999982,106400,True
62,Background,102400,7.12905,7.376809171,0.24775917099999933,106400,True
88,Background,102400,7.12956,7.49269967,0.3631396700000007,106400,True
72,Background,102400,7.13092,7.765009509,0.6340895090000007,1087892,True
74,Background,102400,7.13146,7.201280381,0.06982038100000043,10838,True
67,Background,102400,7.13217,7.770088963,0.6379189629999997,108768230,True
71,Background,102400,7.13254,7.639790057,0.5072500570000003,10876994,True
66,Background,102400,7.1335,7.245162016,0.11166201600000036,10838,True
88,Background,10485760,7.13456,7.287281156,0.15272115600000014,10838,True
77,Background,102400,7.13517,7.177657862,0.042487862000000653,106400,True
60,Background,1048576,7.13714,7.292798311,0.15565831100000072,106400,True
59,Background,102400,7.13761,7.243139066,0.10552906600000078,1244,True
61,Background,1024,7.13774,7.627863923,0.49012392299999963,1087892,True
89,Background,10485760,7.13809,7.287281156,0.14919115599999966,10838,True
69,Background,102400,7.13827,7.306001621,0.16773162099999972,10838,True
64,Background,1024,7.13853,7.318731285,0.18020128499999988,10838,True
75,Background,1048576,7.14091,7.202733084,0.06182308400000025,1087892,True
79,Background,1024,7.14142,7.283761154,0.14234115399999947,1244,True
60,Background,1024,7.14213,7.243139066,0.10100906600000048,1244,True
67,Background,102400,7.14232,7.292441042,0.15012104200000032,1087892,True
78,Background,102400,7.14309,7.36540207,0.22231207000000008,106400,True
72,Background,1048576,7.14313,7.639790057,0.4966600569999997,10876994,True
70,Background,10240,7.14397,7.361102772,0.21713277199999936,10876994,True
80,Background,102400,7.14619,7.188834071,0.042644070999999784,106400,True
89,Background,102400,7.14651,7.367023745,0.22051374499999987,10876994,True
62,Background,10240,7.14658,7.50945206,0.36287205999999994,1244,True
66,Background,10240,7.14717,7.331149449,0.18397944899999974,10876994,True
83,Background,102400,7.14839,7.160470317,0.012080316999999674,10838,True
74,Background,10240,7.14902,7.524499494,0.37547949399999947,10838,True
78,Background,1024,7.14911,7.216647422,0.06753742200000001,106400,True
79,Background,10240,7.15044,7.507451594,0.35701159400000027,10838,True
73,Background,10240,7.1508,7.300210045,0.14941004499999977,1087892,True
65,Background,102400,7.15437,7.337958559,0.18358855899999948,106400,True
57,Background,10240,7.15479,7.755297969,0.6005079689999997,1087892,True
59,Background,1024,7.15573,7.243151589,0.08742158899999986,1087892,True
78,Background,1024,7.15615,7.182996649,0.026846648999999445,10838,True
67,Background,1024,7.15739,7.294841524,0.13745152399999938,106400,True
73,Background,102400,7.15813,7.335921234,0.17779123399999985,10838,True
65,Background,1024,7.15875,7.166081765,0.00733176499999999,1244,True
60,Background,102400,7.15941,7.440614959,0.2812049590000001,1087892,True
67,Background,1048576,7.1597,7.492049468,0.3323494680000003,106400,True
84,Background,10240,7.16028,7.160470317,0.0001903169999994958,10838,True
58,Background,1024,7.1605,7.30102735,0.14052735000000016,1087892,True
70,Background,102400,7.16093,7.172667601,0.011737601000000097,1087892,True
63,Background,102400,7.1614,7.50945206,0.34805205999999966,1244,True
68,Background,1048576,7.16229,7.492049468,0.32975946800000067,106400,True
68,Background,10240,7.16238,7.292441042,0.13006104200000035,1087892,True
55,Background,102400,7.16389,7.541527888,0.37763788799999976,106400,True
62,Background,1048576,7.16426,7.627863923,0.463603923,1087892,True
72,Background,1024,7.16582,7.779585762,0.6137657619999999,108768230,True
70,Background,10485760,7.16711,7.858546107,0.6914361069999995,106400,True
67,Background,102400,7.16864,7.331149449,0.16250944899999986,10876994,True
81,Background,102400,7.16919,7.596941042,0.4277510419999997,106400,True
77,Background,104857600,7.17052,7.484086458,0.3135664580000004,1087892,True
66,Background,102400,7.17152,8.0196019,0.8480818999999995,106400,True
61,Background,10240,7.17285,7.292798311,0.11994831099999992,106400,True
71,Background,1048576,7.17303,7.291851544,0.11882154400000022,106400,True
68,Background,10240,7.17318,7.294841524,0.12166152399999941,106400,True
73,Background,10240,7.17417,7.256598954,0.08242895400000005,106400,True
73,Background,1024,7.17553,7.765009509,0.5894795090000002,1087892,True
74,Background,1024,7.17632,7.454011915,0.2776919150000001,106400,True
66,Background,10240,7.17747,7.254656745,0.07718674500000056,10838,True
81,Background,1048576,7.17762,7.279869725,0.10224972500000007,106400,True
68,Background,1048576,7.17898,7.332230773,0.1532507729999999,1087892,True
72,Background,102400,7.1805,7.22607505,0.04557505000000006,10838,True
89,Background,1024,7.18066,7.49269967,0.31203967000000077,106400,True
81,Background,10240,7.18107,7.227344637,0.046274636999999785,1087892,True
54,Background,10485760,7.18382,7.27460649,0.09078649000000016,10876994,True
68,Background,1048576,7.18462,7.241494196,0.05687419599999988,1087892,True
69,Background,10485760,7.18578,7.332230773,0.14645077299999976,1087892,True
89,Background,10240,7.18613,7.559897456,0.3737674559999995,10876994,True
88,Background,102400,7.1879,7.391277185,0.2033771849999999,106400,True
70,Background,10240,7.1912,7.22402733,0.03282732999999993,1087892,True
69,Background,1024,7.19206,7.20826082,0.016200819999999894,1244,True
70,Background,10485760,7.19352,7.332230773,0.13871077299999968,1087892,True
80,Background,10485760,7.19419,7.24603463,0.051844629999999725,10838,True
70,Background,10240,7.19518,7.376934729,0.18175472900000056,10838,True
68,Background,10240,7.19525,8.026719746,0.8314697459999998,10876994,True
74,Background,1024,7.19532,7.256598954,0.061278954000000496,106400,True
85,Background,10485760,7.19537,7.506139309,0.3107693090000003,1087892,True
59,Background,102400,7.19558,7.30102735,0.10544735000000038,1087892,True
70,Background,1048576,7.19574,7.306001621,0.11026162100000025,10838,True
69,Background,102400,7.19726,7.292441042,0.0951810420000001,1087892,True
62,Background,102400,7.19757,7.250531611,0.05296161100000063,106400,True
88,Background,102400,7.19802,7.525434207,0.32741420700000035,10876994,True
63,Background,10240,7.19936,7.250531611,0.051171611000000006,106400,True
72,Background,1024,7.19957,7.240574467,0.04100446700000049,106400,True
76,Background,1048576,7.1996,7.384054835,0.18445483499999948,10838,True
69,Background,1048576,7.19965,8.026719746,0.8270697459999994,10876994,True
70,Background,102400,7.19977,7.292441042,0.09267104200000009,1087892,True
65,Background,1048576,7.20367,7.247430477,0.043760477000000186,10838,True
75,Background,102400,7.20372,7.256598954,0.05287895400000053,106400,True
77,Background,102400,7.20428,7.237174701,0.032894701000000026,1087892,True
71,Background,10240,7.20561,7.858546107,0.6529361069999995,106400,True
78,Background,10240,7.20637,7.25947911,0.05310911000000029,10838,True
71,Background,10240,7.20714,7.306001621,0.09886162100000018,10838,True
67,Background,1024,7.20737,8.0196019,0.8122318999999996,106400,True
75,Background,1048576,7.20765,7.524499494,0.3168494939999995,10838,True
101,Background,1048576,7.20803,7.296846315,0.08881631499999987,10876994,True
83,Background,1048576,7.20853,7.319170522,0.11064052200000063,10838,True
71,Background,10485760,7.21004,7.22402733,0.013987329999999965,1087892,True
55,Background,10240,7.21077,7.374138819,0.16336881899999955,10876994,True
66,Background,1048576,7.21212,7.440597626,0.2284776260000001,106400,True
69,Background,10240,7.21308,7.492049468,0.27896946800000055,106400,True
76,Background,1048576,7.21421,7.367165499,0.15295549900000083,106400,True
62,Background,1048576,7.21612,7.252279964,0.03615996400000032,10838,True
75,Background,102400,7.21635,7.550162902,0.333812902,1087892,True
70,Background,1024,7.21815,7.492049468,0.27389946800000065,106400,True
70,Background,1024,7.21828,7.239052006,0.02077200599999962,1087892,True
74,Background,10485760,7.21856,7.335921234,0.11736123399999965,10838,True
75,Background,102400,7.22073,7.300816566,0.0800865660000003,10876994,True
65,Background,10240,7.22225,7.266888706,0.04463870599999975,10838,True
75,Background,102400,7.22265,7.335921234,0.11327123399999994,10838,True
75,Background,10485760,7.22324,7.226966792,0.0037267920000001453,106400,True
80,Background,102400,7.22362,7.507451594,0.2838315939999996,10838,True
68,Background,102400,7.22411,7.262622718,0.03851271800000067,106400,True
77,Background,10485760,7.22472,7.367165499,0.1424454990000008,106400,True
89,Background,102400,7.22565,7.525434207,0.2997842070000001,10876994,True
69,Background,10240,7.22621,7.260636497,0.03442649700000011,10838,True
73,Background,1048576,7.22632,7.358173152,0.1318531519999997,10838,True
75,Background,102400,7.22847,7.232401289,0.003931289000000504,10838,True
79,Background,104857600,7.22914,7.36540207,0.1362620699999999,106400,True
72,Background,1024,7.23036,7.858546107,0.6281861069999994,106400,True
77,Background,10240,7.23085,7.627091085,0.39624108499999977,106400,True
72,Background,102400,7.23218,7.291851544,0.05967154400000041,106400,True
72,Background,10240,7.23337,7.306001621,0.0726316210000002,10838,True
74,Background,10240,7.23378,7.242280855,0.008500854999999419,10838,True
77,Background,10240,7.23388,7.244290618,0.010410617999999872,10838,True
69,Background,102400,7.23432,7.241494196,0.007174195999999355,1087892,True
71,Background,102400,7.23447,7.297123477,0.06265347700000046,1087892,True
71,Background,1048576,7.23541,7.292441042,0.0570310420000002,1087892,True
69,Background,102400,7.23541,7.294841524,0.05943152399999985,106400,True
79,Background,10240,7.2367,7.597225639,0.36052563900000045,106400,True
75,Background,1048576,7.23768,7.299531289,0.06185128899999981,10838,True
68,Background,1048576,7.2377,8.0196019,0.7819018999999994,106400,True
86,Background,102400,7.23878,7.385466051,0.14668605099999965,106400,True
76,Background,10240,7.23934,7.319186035,0.07984603500000009,1244,True
62,Background,1048576,7.23944,7.293243069,0.05380306899999976,1244,True
76,Background,102400,7.24083,7.256598954,0.015768954000000335,106400,True
61,Background,10240,7.2414,7.440614959,0.19921495900000075,1087892,True
82,Background,102400,7.24142,7.596941042,0.35552104200000034,106400,True
57,Background,10485760,7.24273,7.271197745,0.028467745000000377,1087892,True
77,Background,102400,7.2433,7.256598954,0.013298954000000585,106400,True
69,Background,1048576,7.24541,7.3018067,0.05639670000000052,106400,True
72,Background,1048576,7.2457,7.297123477,0.05142347700000016,1087892,True
73,Background,10240,7.24633,7.333168608,0.08683860799999987,10876994,True
102,Background,10240,7.2466,7.296846315,0.050246314999999875,10876994,True
82,Background,1048576,7.24677,7.279869725,0.03309972500000047,106400,True
90,Background,102400,7.2468,7.287281156,0.04048115599999935,10838,True
80,Background,102400,7.24832,7.36540207,0.11708207000000037,106400,True
74,Background,10240,7.24864,7.358173152,0.10953315200000002,10838,True
91,Background,10240,7.24883,7.271000951,0.02217095100000055,10838,True
72,Background,102400,7.25009,7.408226129,0.15813612899999985,106400,True
77,Background,1048576,7.25039,7.457177162,0.20678716199999947,1087892,True
79,Background,10485760,7.25089,7.25947911,0.008589109999999955,10838,True
64,Background,1048576,7.25321,7.313274726,0.060064726000000235,10838,True
78,Background,1048576,7.25323,7.613454978,0.36022497799999975,10876994,True
75,Background,1048576,7.25341,7.59289452,0.33948452000000007,1087892,True
66,Background,1024,7.2535,7.493571711,0.24007171100000058,106400,True
79,Background,102400,7.25366,7.452321019,0.19866101900000022,1244,True
70,Background,1048576,7.25427,8.026719746,0.7724497459999995,10876994,True
90,Background,102400,7.25444,7.525434207,0.2709942070000002,10876994,True
70,Background,102400,7.25488,7.34832439,0.09344439000000015,10838,True
66,Background,10240,7.25556,7.485150858,0.2295908579999999,1087892,True
76,Background,102400,7.25693,7.288219421,0.03128942100000032,10838,True
79,Background,10485760,7.25743,7.613454978,0.35602497799999977,10876994,True
67,Background,102400,7.25825,7.485150858,0.2269008579999996,1087892,True
67,Background,102400,7.25947,7.338081231,0.078611231,106400,True
81,Background,1048576,7.26014,7.568938076,0.3087980760000004,1244,True
67,Background,10240,7.26129,7.41555694,0.1542669400000003,10838,True
62,Background,1048576,7.26167,7.440614959,0.17894495900000074,1087892,True
73,Background,10240,7.26244,7.414027857,0.151587857,1087892,True
83,Background,104857600,7.26301,7.596941042,0.3339310419999997,106400,True
76,Background,10485760,7.26302,7.59289452,0.3298745199999997,1087892,True
65,Background,10240,7.26319,7.318731285,0.05554128500000033,10838,True
78,Background,102400,7.26344,7.53830148,0.2748614800000002,1244,True
76,Background,10240,7.26399,7.299531289,0.0355412890000002,10838,True
92,Background,10240,7.26417,7.271000951,0.006830951000000418,10838,True
70,Background,102400,7.26502,7.522280054,0.2572600540000005,10838,True
67,Background,10485760,7.26521,7.493571711,0.2283617110000007,106400,True
73,Background,1024,7.26553,7.291851544,0.026321543999999975,106400,True
74,Background,102400,7.26637,7.765009509,0.4986395090000002,1087892,True
78,Background,10240,7.26647,7.484086458,0.21761645800000018,1087892,True
60,Background,10240,7.2665,7.30102735,0.03452735000000029,1087892,True
73,Background,102400,7.26672,7.306001621,0.03928162099999977,10838,True
78,Background,10240,7.2676,7.627091085,0.35949108500000015,106400,True
75,Background,10485760,7.26866,7.898258889,0.6295988890000004,10838,True
76,Background,102400,7.26869,7.524499494,0.2558094939999993,10838,True
68,Background,10485760,7.26877,8.027394526,0.7586245260000002,10838,True
68,Background,102400,7.27006,7.538413129,0.2683531290000003,10838,True
72,Background,1024,7.27026,7.444178203,0.1739182029999995,10838,True
74,Background,102400,7.2709,7.414027857,0.14312785699999964,1087892,True
73,Background,1048576,7.27104,7.639790057,0.36875005699999974,10876994,True
79,Background,1024,7.27211,7.53830148,0.2661914800000007,1244,True
62,Background,102400,7.27277,7.292798311,0.02002831099999991,106400,True
90,Background,10240,7.27352,7.388351857,0.11483185699999954,10876994,True
79,Background,10240,7.27507,7.581440741,0.3063707409999994,1244,True
61,Background,1048576,7.27531,7.30102735,0.02571734999999986,1087892,True
65,Background,104857600,7.27538,7.313274726,0.03789472600000021,10838,True
72,Background,102400,7.27576,7.466496219,0.1907362189999997,106400,True
75,Background,102400,7.27591,7.414027857,0.13811785700000012,1087892,True
77,Background,10240,7.27595,7.299531289,0.023581289000000005,10838,True
87,Background,1024,7.2762,7.385466051,0.10926605099999964,106400,True
74,Background,1024,7.27631,7.730912867,0.4546028670000002,106400,True
73,Background,1048576,7.27679,7.466496219,0.18970621899999962,106400,True
75,Background,1048576,7.27882,7.358173152,0.07935315200000037,10838,True
76,Background,102400,7.28143,7.898258889,0.6168288889999998,10838,True
76,Background,1048576,7.28357,7.417388474,0.1338184739999999,10838,True
56,Background,102400,7.28373,7.541527888,0.2577978879999998,106400,True
71,Background,10240,7.28378,7.332230773,0.04845077299999989,1087892,True
75,Background,102400,7.28682,7.730912867,0.44409286700000017,106400,True
77,Background,10485760,7.2893,7.926270663,0.6369706630000005,1244,True
77,Background,10240,7.28944,7.898258889,0.6088188890000001,10838,True
86,Background,10485760,7.28969,7.506139309,0.2164493089999997,1087892,True
66,Background,1024,7.29013,8.094628541,0.8044985410000001,106400,True
68,Background,10240,7.29153,7.351679055,0.06014905500000012,106400,True
79,Background,10240,7.29306,7.62647983,0.3334198300000004,106400,True
72,Background,1024,7.29312,7.586161173,0.29304117299999977,1087892,True
78,Background,1048576,7.29318,7.708414793,0.41523479299999977,106400,True
64,Background,102400,7.2933,7.357704554,0.06440455399999934,10838,True
80,Background,10240,7.29344,7.681869959,0.38842995899999977,10876994,True
74,Background,10240,7.29376,7.641273264,0.3475132639999998,10838,True
68,Background,10240,7.29395,7.732357539,0.43840753899999996,10838,True
62,Background,10240,7.29457,7.30102735,0.006457349999999806,1087892,True
73,Background,1024,7.29484,7.444178203,0.1493382030000001,10838,True
70,Background,1048576,7.29507,7.296044679,0.0009746790000004779,106400,True
66,Background,10240,7.29769,7.337958559,0.04026855899999937,106400,True
72,Background,1048576,7.29796,7.332230773,0.034270773000000254,1087892,True
74,Background,102400,7.29925,7.464227082,0.16497708200000005,1244,True
75,Background,102400,7.29977,7.454011915,0.15424191500000006,106400,True
81,Background,10240,7.29987,7.385910862,0.08604086199999994,106400,True
71,Background,10485760,7.30022,7.361102772,0.06088277199999936,10876994,True
63,Background,10240,7.30181,7.376809171,0.07499917099999998,106400,True
67,Background,1024,7.30221,8.094628541,0.7924185410000009,106400,True
84,Background,10485760,7.30326,7.596941042,0.2936810420000002,106400,True
88,Background,102400,7.30411,7.385466051,0.0813560510000002,106400,True
68,Background,102400,7.30466,7.394780642,0.09012064199999958,10838,True
58,Background,1048576,7.30466,7.385429578,0.08076957799999995,106400,True
66,Background,1024,7.30544,7.313274726,0.007834726000000458,10838,True
80,Background,10240,7.30559,7.62647983,0.3208898300000005,106400,True
69,Background,1048576,7.30569,7.351679055,0.04598905499999972,106400,True
76,Background,1048576,7.30584,7.550162902,0.2443229020000004,1087892,True
68,Background,10240,7.30601,7.485150858,0.17914085800000024,1087892,True
67,Background,1048576,7.30619,7.337958559,0.03176855899999964,106400,True
74,Background,1024,7.30733,7.807853602,0.5005236019999995,1244,True
76,Background,10485760,7.30971,7.358173152,0.048463152000000065,10838,True
90,Background,10485760,7.31191,7.49269967,0.18078967000000024,106400,True
78,Background,102400,7.3125,7.926270663,0.6137706630000004,1244,True
68,Background,10485760,7.31293,7.337958559,0.025028558999999895,106400,True
76,Background,10485760,7.31356,7.414027857,0.10046785699999994,1087892,True
69,Background,10240,7.31396,8.027394526,0.7134345260000003,10838,True
71,Background,1024,7.31473,7.522280054,0.20755005400000037,10838,True
77,Background,10240,7.31585,7.315282619,-0.0005673809999997559,10838,True
82,Background,10240,7.31708,7.981580651,0.664500651,10876994,True
61,Background,102400,7.3173,7.372233131,0.05493313099999941,10838,True
77,Background,1048576,7.31735,7.524499494,0.20714949399999938,10838,True
80,Background,104857600,7.3179,7.613454978,0.2955549780000002,10876994,True
87,Background,1024,7.31868,7.506139309,0.1874593090000003,1087892,True
67,Background,1048576,7.32062,7.925147435,0.6045274350000005,106400,True
78,Background,10240,7.32145,7.454162165,0.13271216500000005,1087892,True
77,Background,1048576,7.32232,7.59289452,0.2705745199999994,1087892,True
78,Background,10240,7.32317,7.457177162,0.13400716199999962,1087892,True
58,Background,1048576,7.32379,7.755297969,0.4315079690000001,1087892,True
71,Background,1024,7.32575,7.607159227,0.28140922700000015,10838,True
71,Background,102400,7.32611,7.492049468,0.16593946800000037,106400,True
77,Background,1048576,7.32823,7.384054835,0.05582483500000013,10838,True
63,Background,10240,7.32884,7.994937256,0.6660972560000005,10876994,True
73,Background,102400,7.32912,7.615815374,0.28669537400000067,106400,True
62,Background,10240,7.32914,7.372233131,0.04309313100000001,10838,True
74,Background,1048576,7.32943,7.444178203,0.11474820299999955,10838,True
65,Background,1048576,7.32948,7.401156866,0.07167686599999978,106400,True
73,Background,1024,7.33133,7.495910955,0.16458095499999992,10876994,True
103,Background,10485760,7.333,7.446832538,0.1138325379999996,106400,True
79,Background,10240,7.33328,7.627091085,0.29381108499999975,106400,True
63,Background,10240,7.33379,7.678496054,0.34470605400000043,10838,True
76,Background,102400,7.33503,7.424586294,0.08955629400000031,106400,True
90,Background,1048576,7.33657,7.559897456,0.2233274559999998,10876994,True
76,Background,102400,7.33719,7.730912867,0.39372286700000014,106400,True
80,Background,10240,7.33783,7.419981298,0.08215129799999943,1087892,True
76,Background,1048576,7.33805,7.625806544,0.2877565439999996,10876994,True
77,Background,1048576,7.33816,7.550162902,0.21200290200000005,1087892,True
74,Background,10485760,7.33876,7.96904284,0.6302828400000005,10838,True
68,Background,102400,7.33881,7.925147435,0.5863374350000008,106400,True
63,Background,1024,7.33885,7.714467485,0.37561748500000025,106400,True
69,Background,1048576,7.3404,7.394780642,0.054380641999999924,10838,True
80,Background,102400,7.34092,7.344109881,0.00318988099999995,106400,True
67,Background,102400,7.34102,7.440597626,0.09957762599999942,106400,True
78,Background,10240,7.34166,7.74267469,0.40101469000000023,106400,True
75,Background,102400,7.34288,7.416157897,0.07327789699999965,1244,True
79,Background,102400,7.34357,7.926270663,0.5827006630000007,1244,True
77,Background,10240,7.34495,7.625806544,0.2808565439999997,10876994,True
67,Background,10485760,7.34617,7.470162188,0.12399218799999989,1244,True
69,Background,104857600,7.34637,7.792165957,0.44579595699999963,10876994,True
89,Background,10485760,7.347,7.391277185,0.04427718499999944,106400,True
93,Background,1048576,7.3473,7.430011615,0.08271161500000002,10838,True
72,Background,10240,7.3478,7.492049468,0.14424946799999994,106400,True
76,Background,102400,7.34878,7.454011915,0.10523191500000006,106400,True
89,Background,102400,7.34924,7.385466051,0.03622605099999987,106400,True
72,Background,1048576,7.35226,7.412249441,0.05998944099999992,10838,True
68,Background,1024,7.35226,7.49491496,0.14265495999999978,10838,True
77,Background,10240,7.35276,7.424586294,0.07182629400000007,106400,True
73,Background,10240,7.35369,7.412249441,0.05855944099999988,10838,True
70,Background,10240,7.35379,7.445649318,0.09185931800000002,106400,True
73,Background,1024,7.35398,7.380359593,0.0263795929999997,1244,True
71,Background,102400,7.35501,7.454604696,0.0995946959999996,106400,True
82,Background,10240,7.35531,7.385910862,0.030600862000000006,106400,True
91,Background,1048576,7.35561,7.514700962,0.1590909619999996,106400,True
71,Background,10240,7.35916,7.467516556,0.1083565559999995,1087892,True
69,Background,1048576,7.35928,7.538413129,0.17913312900000022,10838,True
79,Background,1048576,7.3608,7.457177162,0.09637716199999957,1087892,True
75,Background,102400,7.36217,7.444178203,0.082008203,10838,True
74,Background,1048576,7.36261,7.412249441,0.04963944100000006,10838,True
78,Background,102400,7.36534,7.545750182,0.18041018200000014,106400,True
64,Background,1024,7.36573,7.376809171,0.011079170999999555,106400,True
75,Background,102400,7.36613,7.541296626,0.17516662600000021,10838,True
77,Background,102400,7.36636,7.570225838,0.20386583799999958,10838,True
83,Background,10240,7.36742,7.981580651,0.6141606509999997,10876994,True
77,Background,1024,7.36793,7.730912867,0.3629828669999995,106400,True
80,Background,104857600,7.36826,7.53830148,0.17004148000000008,1244,True
91,Background,10240,7.3686,7.525434207,0.15683420700000017,10876994,True
71,Background,102400,7.36914,8.026719746,0.6575797459999997,10876994,True
92,Background,102400,7.3703,7.514700962,0.14440096199999974,106400,True
70,Background,102400,7.37316,7.604495773,0.23133577299999963,10838,True
72,Background,1048576,7.374,7.467516556,0.09351655599999997,1087892,True
76,Background,10240,7.3754,7.541296626,0.16589662600000032,10838,True
59,Background,10485760,7.37672,7.385429578,0.008709578000000384,106400,True
69,Background,102400,7.37764,8.0196019,0.6419618999999992,106400,True
69,Background,10240,7.37812,7.732357539,0.35423753899999966,10838,True
73,Background,10240,7.37854,7.467516556,0.08897655599999954,1087892,True
74,Background,102400,7.37919,7.467516556,0.08832655599999928,1087892,True
73,Background,10240,7.37935,7.85125351,0.47190351000000064,10876994,True
81,Background,104857600,7.3797,7.422973056,0.04327305600000031,106400,True
69,Background,1024,7.38027,7.49491496,0.11464495999999968,10838,True
68,Background,10485760,7.38031,8.094628541,0.7143185410000008,106400,True
64,Background,1048576,7.38097,7.714467485,0.33349748500000054,106400,True
80,Background,10485760,7.381,7.627091085,0.24609108499999977,106400,True
83,Background,10240,7.38112,7.433141144,0.05202114400000024,1087892,True
88,Background,10240,7.38197,7.506139309,0.124169309,1087892,True
68,Background,10485760,7.38248,7.575939191,0.19345919099999964,10838,True
89,Background,10485760,7.38259,7.506139309,0.1235493089999995,1087892,True
70,Background,102400,7.38263,7.538413129,0.15578312900000046,10838,True
81,Background,1048576,7.38263,7.55810989,0.17547989000000008,10876994,True
80,Background,10240,7.38312,7.457177162,0.0740571619999999,1087892,True
69,Background,10240,7.38324,7.457147398,0.07390739800000024,1087892,True
81,Background,1048576,7.38378,7.681869959,0.29808995900000035,10876994,True
55,Background,102400,7.38422,7.73959977,0.3553797699999999,106400,True
74,Background,102400,7.38501,7.518153747,0.1331437470000001,1087892,True
73,Background,10240,7.38524,7.586161173,0.20092117300000023,1087892,True
70,Background,1048576,7.38561,7.49491496,0.10930496000000023,10838,True
68,Background,1024,7.38605,7.440597626,0.05454762599999974,106400,True
78,Background,10240,7.38836,7.424586294,0.036226294000000436,106400,True
91,Background,1024,7.38862,7.49269967,0.10407966999999996,106400,True
71,Background,1048576,7.38997,7.604495773,0.2145257730000001,10838,True
75,Background,10240,7.39075,7.464227082,0.07347708200000014,1244,True
56,Background,102400,7.39141,7.501976099,0.11056609900000058,106400,True
78,Background,102400,7.39289,7.420702106,0.027812105999999837,1087892,True
73,Background,102400,7.39372,7.858546107,0.4648261069999995,106400,True
75,Background,102400,7.39455,7.518153747,0.12360374700000065,1087892,True
72,Background,102400,7.3951,7.604495773,0.20939577299999979,10838,True
90,Background,1024,7.39513,7.861982206,0.46685220600000044,1244,True
78,Background,1024,7.39561,7.524499494,0.12888949400000005,10838,True
64,Background,10240,7.3963,7.994937256,0.598637256,10876994,True
79,Background,10240,7.39695,7.484086458,0.0871364579999998,1087892,True
74,Background,102400,7.39818,7.435208255,0.037028255000000065,1244,True
74,Background,1048576,7.39824,7.586161173,0.18792117299999944,1087892,True
69,Background,1048576,7.3988,7.680242206,0.28144220600000036,10838,True
76,Background,10240,7.39884,7.518153747,0.11931374700000053,1087892,True
74,Background,1048576,7.39887,7.466496219,0.0676262190000001,106400,True
73,Background,102400,7.40086,7.408226129,0.007366129000000221,106400,True
77,Background,102400,7.40095,7.518153747,0.11720374700000047,1087892,True
70,Background,10485760,7.40127,7.471200805,0.06993080499999937,10838,True
72,Background,10240,7.40141,7.607159227,0.2057492270000001,10838,True
70,Background,10485760,7.40375,7.667187305,0.26343730500000007,10876994,True
74,Background,10485760,7.40377,7.574185886,0.17041588600000068,10838,True
75,Background,10240,7.40436,7.96904284,0.5646828400000006,10838,True
65,Background,10240,7.40704,7.714467485,0.30742748499999983,106400,True
76,Background,1024,7.40721,7.96904284,0.5618328400000001,10838,True
81,Background,10485760,7.40956,7.627091085,0.21753108500000007,106400,True
70,Background,10240,7.41278,7.457147398,0.044367398000000335,1087892,True
82,Background,10240,7.41292,7.568938076,0.1560180760000005,1244,True
64,Background,102400,7.41337,7.50945206,0.09608206000000052,1244,True
72,Background,102400,7.4138,8.026719746,0.6129197459999993,10876994,True
75,Background,10240,7.41398,7.574185886,0.16020588600000085,10838,True
82,Background,10485760,7.41506,7.681869959,0.2668099589999997,10876994,True
73,Background,10240,7.41534,8.026719746,0.6113797459999999,10876994,True
76,Background,10485760,7.41684,7.464227082,0.04738708200000019,1244,True
74,Background,10485760,7.41779,7.639790057,0.2220000569999998,10876994,True
75,Background,102400,7.41837,7.435208255,0.01683825499999969,1244,True
73,Background,1048576,7.41896,7.492049468,0.07308946800000005,106400,True
75,Background,1048576,7.41897,7.641273264,0.22230326399999978,10838,True
85,Background,102400,7.42049,7.596941042,0.17645104200000006,106400,True
78,Background,10240,7.42052,7.570225838,0.14970583800000004,10838,True
76,Background,1048576,7.42242,7.574185886,0.15176588600000063,10838,True
78,Background,1024,7.42325,7.59289452,0.1696445199999994,1087892,True
80,Background,1024,7.42353,7.581440741,0.15791074099999935,1244,True
70,Background,10240,7.42477,8.0196019,0.5948319,106400,True
65,Background,10240,7.42541,7.891153311,0.46574331099999977,106400,True
104,Background,10240,7.42545,7.446832538,0.021382538000000118,106400,True
82,Background,1024,7.4267,7.627091085,0.2003910849999997,106400,True
79,Background,1048576,7.42868,7.483186043,0.05450604299999995,1244,True
74,Background,102400,7.4287,8.026719746,0.5980197459999994,10876994,True
78,Background,10240,7.42895,7.550162902,0.1212129019999999,1087892,True
74,Background,102400,7.42918,7.615815374,0.18663537400000063,106400,True
79,Background,1024,7.43027,7.454162165,0.023892164999999466,1087892,True
79,Background,102400,7.43096,7.708414793,0.2774547930000004,106400,True
64,Background,10240,7.43186,7.678496054,0.24663605399999966,10838,True
71,Background,1048576,7.43198,7.457147398,0.025167397999999785,1087892,True
75,Background,10240,7.43257,7.639790057,0.2072200569999998,10876994,True
67,Background,1048576,7.434,7.549930473,0.1159304729999997,1087892,True
68,Background,1024,7.43466,7.707858525,0.27319852499999975,1087892,True
79,Background,10485760,7.4347,7.570225838,0.1355258379999995,10838,True
78,Background,102400,7.43482,7.518153747,0.08333374700000018,1087892,True
81,Background,10240,7.43484,7.53830148,0.10346148,1244,True
69,Background,102400,7.43611,7.440597626,0.004487625999999523,106400,True
77,Background,10485760,7.43724,7.541296626,0.10405662600000021,10838,True
68,Background,1048576,7.43782,7.470162188,0.03234218799999944,1244,True
63,Background,10240,7.43841,7.448162829,0.009752828999999963,106400,True
77,Background,10240,7.43858,7.96904284,0.5304628400000002,10838,True
79,Background,10485760,7.43912,7.542522592,0.10340259200000013,10838,True
92,Background,102400,7.44202,7.49269967,0.050679670000000065,106400,True
105,Background,1048576,7.44374,7.446832538,0.003092537999999756,106400,True
79,Background,1048576,7.44447,7.74267469,0.2982046900000004,106400,True
86,Background,10485760,7.44489,7.596941042,0.15205104200000008,106400,True
75,Background,102400,7.44631,7.549200736,0.10289073599999998,10838,True
80,Background,1048576,7.44798,7.74267469,0.29469469000000004,106400,True
72,Background,1048576,7.44938,7.522280054,0.07290005400000066,10838,True
70,Background,104857600,7.45005,7.680242206,0.2301922059999999,10838,True
70,Background,1048576,7.45071,7.792165957,0.341455957,10876994,True
58,Background,10240,7.45145,8.342795446,0.8913454459999999,106400,True
59,Background,1048576,7.45179,8.342795446,0.8910054460000003,106400,True
78,Background,10240,7.45184,7.96904284,0.5172028400000004,10838,True
81,Background,1048576,7.45236,7.74267469,0.29031469000000065,106400,True
90,Background,10240,7.45353,7.506139309,0.05260930900000016,1087892,True
66,Background,102400,7.45373,7.891153311,0.43742331099999987,106400,True
75,Background,102400,7.45405,7.765009509,0.3109595090000008,1087892,True
66,Background,10485760,7.45556,7.730878774,0.2753187739999996,10838,True
87,Background,10240,7.45681,7.596941042,0.14013104200000015,106400,True
57,Background,102400,7.45828,7.541527888,0.08324788799999983,106400,True
76,Background,10240,7.45874,7.639790057,0.1810500570000002,10876994,True
88,Background,1048576,7.4594,7.596941042,0.1375410420000005,106400,True
76,Background,1024,7.4594,7.684702945,0.22530294500000014,106400,True
77,Background,1048576,7.45958,7.639790057,0.18021005700000003,10876994,True
91,Background,1048576,7.45966,7.501027533,0.041367532999999845,106400,True
82,Background,1048576,7.46071,7.74267469,0.2819646900000006,106400,True
79,Background,1048576,7.46133,7.518153747,0.05682374700000015,1087892,True
71,Background,102400,7.46158,7.680242206,0.2186622060000003,10838,True
80,Background,1024,7.46163,7.483186043,0.02155604299999947,1244,True
91,Background,102400,7.46213,7.506139309,0.044009308999999774,1087892,True
84,Background,1024,7.46215,7.981580651,0.5194306509999995,10876994,True
79,Background,1048576,7.46249,7.545750182,0.08326018200000007,106400,True
74,Background,104857600,7.4625,7.618913461,0.15641346099999964,106400,True
74,Background,102400,7.46496,7.85125351,0.3862935100000007,10876994,True
67,Background,102400,7.46502,7.730878774,0.2658587739999998,10838,True
83,Background,10240,7.46507,7.568938076,0.10386807600000036,1244,True
84,Background,102400,7.46519,7.568938076,0.10374807600000047,1244,True
93,Background,10485760,7.46675,7.49269967,0.025949670000000147,106400,True
74,Background,102400,7.46736,7.492049468,0.024689468000000048,106400,True
74,Background,102400,7.46756,7.820212369,0.3526523690000003,10838,True
78,Background,10485760,7.46841,7.730912867,0.26250286699999936,106400,True
80,Background,102400,7.46948,7.570225838,0.10074583799999992,10838,True
92,Background,1048576,7.46953,7.786207954,0.3166779540000002,10838,True
70,Background,104857600,7.46956,7.741143644,0.2715836439999997,1087892,True
71,Background,102400,7.47085,7.497075498,0.026225497999999625,10838,True
77,Background,102400,7.47109,7.684702945,0.2136129449999995,106400,True
75,Background,10240,7.47147,7.618913461,0.14744346099999994,106400,True
71,Background,102400,7.47149,8.0196019,0.5481118999999994,106400,True
76,Background,102400,7.47373,7.618913461,0.14518346100000024,106400,True
66,Background,10240,7.47406,7.796393616,0.3223336159999999,1244,True
58,Background,10485760,7.47502,7.541527888,0.06650788800000029,106400,True
83,Background,102400,7.47527,7.627091085,0.1518210849999999,106400,True
59,Background,1024,7.47713,7.541527888,0.06439788800000024,106400,True
77,Background,1024,7.4775,7.618913461,0.14141346099999996,106400,True
77,Background,102400,7.47771,7.498158414,0.020448413999999637,10838,True
81,Background,102400,7.47822,7.613454978,0.13523497799999973,10876994,True
75,Background,10485760,7.47979,7.586161173,0.10637117299999943,1087892,True
89,Background,102400,7.48083,7.596941042,0.116111042,106400,True
83,Background,1024,7.48233,7.74267469,0.26034469000000016,106400,True
81,Background,102400,7.48239,7.581440741,0.09905074100000011,1244,True
56,Background,10240,7.48364,7.73959977,0.2559597699999996,106400,True
72,Background,10240,7.48397,7.497075498,0.013105497999999827,10838,True
68,Background,102400,7.484,7.549930473,0.06593047299999988,1087892,True
71,Background,102400,7.48754,7.893933374,0.4063933740000003,106400,True
78,Background,10240,7.4883,7.898258889,0.4099588890000003,10838,True
63,Background,102400,7.48851,7.627863923,0.13935392299999982,1087892,True
71,Background,10485760,7.4888,7.49491496,0.0061149599999996695,10838,True
83,Background,10240,7.4893,8.281183579,0.7918835790000003,1244,True
71,Background,102400,7.49086,7.538413129,0.04755312900000064,10838,True
75,Background,1048576,7.49153,7.85125351,0.35972351000000025,10876994,True
79,Background,102400,7.49188,7.96904284,0.4771628400000001,10838,True
80,Background,10240,7.4925,7.542522592,0.050022592000000365,10838,True
78,Background,10240,7.49287,7.625806544,0.13293654399999966,10876994,True
60,Background,102400,7.49496,7.702529915,0.20756991500000055,1087892,True
75,Background,102400,7.49597,7.784249723,0.2882797230000005,106400,True
64,Background,1048576,7.49602,8.006836842,0.5108168420000005,10838,True
80,Background,10240,7.49676,7.600808803,0.10404880299999952,106400,True
75,Background,10240,7.49727,7.807853602,0.31058360199999946,1244,True
74,Background,10240,7.49765,7.523179547,0.025529546999999653,1087892,True
72,Background,1048576,7.49808,7.680242206,0.1821622060000001,10838,True
85,Background,10485760,7.50072,7.981580651,0.48086065099999953,10876994,True
69,Background,10485760,7.50253,7.925147435,0.42261743500000026,106400,True
78,Background,102400,7.50262,7.641717142,0.13909714199999978,10838,True
76,Background,1024,7.50345,7.807853602,0.30440360199999983,1244,True
57,Background,1048576,7.50371,7.73959977,0.23588977,106400,True
82,Background,1024,7.50498,7.53830148,0.03332148000000057,1244,True
78,Background,10485760,7.50588,7.618913461,0.11303346099999967,106400,True
76,Background,1048576,7.50604,7.85125351,0.34521351000000067,10876994,True
80,Background,1048576,7.50898,7.545750182,0.03677018199999971,106400,True
84,Background,10240,7.50955,7.671808735,0.162258735,1087892,True
94,Background,10240,7.51049,7.528758794,0.01826879399999992,10838,True
86,Background,1024,7.5113,7.981580651,0.4702806509999995,10876994,True
91,Background,10485760,7.51148,7.670032452,0.15855245200000034,10876994,True
76,Background,1048576,7.51226,7.59940462,0.08714461999999923,10838,True
77,Background,1024,7.51228,7.705092227,0.1928122270000001,106400,True
78,Background,1048576,7.51632,7.533183139,0.016863138999999805,106400,True
79,Background,1024,7.51669,7.533183139,0.01649313900000049,106400,True
70,Background,102400,7.517,7.925147435,0.40814743500000006,106400,True
72,Background,1024,7.51702,7.893933374,0.3769133740000008,106400,True
69,Background,102400,7.51703,7.707858525,0.1908285249999997,1087892,True
69,Background,102400,7.51707,8.094628541,0.5775585410000001,106400,True
66,Background,10240,7.51748,7.714467485,0.19698748500000018,106400,True
76,Background,102400,7.51793,7.586161173,0.06823117300000003,1087892,True
93,Background,1048576,7.51939,7.786207954,0.2668179540000004,10838,True
59,Background,10240,7.52016,7.755297969,0.23513796900000017,1087892,True
61,Background,102400,7.52042,7.702529915,0.18210991500000073,1087892,True
76,Background,102400,7.52162,7.556979446,0.035359445999999295,1087892,True
63,Background,102400,7.52329,7.739470014,0.21618001399999986,1087892,True
65,Background,1048576,7.5235,8.006836842,0.48333684199999993,10838,True
80,Background,1048576,7.5237,7.712406424,0.18870642400000026,10838,True
79,Background,102400,7.52379,7.524499494,0.0007094939999996441,10838,True
80,Background,10240,7.524,7.926270663,0.40227066300000036,1244,True
92,Background,102400,7.52402,7.590997063,0.0669770629999995,10876994,True
73,Background,1024,7.52442,7.680242206,0.15582220599999985,10838,True
71,Background,1048576,7.52477,7.764156232,0.2393862320000002,106400,True
94,Background,1024,7.52724,7.786207954,0.25896795400000006,10838,True
77,Background,1048576,7.52988,7.545361534,0.015481534000000075,1244,True
76,Background,102400,7.53061,7.784249723,0.25363972300000004,106400,True
83,Background,1024,7.53201,7.53830148,0.006291480000000682,1244,True
84,Background,102400,7.53207,7.74267469,0.21060469000000026,106400,True
71,Background,10240,7.53313,7.925147435,0.3920174350000005,106400,True
64,Background,102400,7.53319,7.739470014,0.20628001399999984,1087892,True
61,Background,102400,7.53333,7.614170385,0.08084038500000013,1087892,True
63,Background,1048576,7.53388,7.764739045,0.23085904499999987,1087892,True
90,Background,1024,7.5343,7.596941042,0.06264104200000009,106400,True
79,Background,10240,7.53473,7.618913461,0.08418346100000029,106400,True
79,Background,102400,7.53498,7.898258889,0.36327888900000005,10838,True
85,Background,10485760,7.53548,7.568938076,0.0334580760000005,1244,True
75,Background,1048576,7.53626,7.699219058,0.16295905799999932,1244,True
80,Background,102400,7.53703,7.597225639,0.06019563900000069,106400,True
67,Background,1024,7.53752,7.796393616,0.2588736159999998,1244,True
80,Background,1024,7.53871,7.898258889,0.35954888900000004,10838,True
78,Background,1048576,7.53966,7.545361534,0.005701534000000841,1244,True
80,Background,10240,7.54094,7.618913461,0.07797346100000002,106400,True
69,Background,10240,7.54117,7.549930473,0.008760472999999713,1087892,True
68,Background,1048576,7.54121,7.730878774,0.18966877399999937,10838,True
79,Background,10240,7.54527,7.730912867,0.18564286699999943,106400,True
74,Background,10240,7.54554,7.680242206,0.13470220600000005,10838,True
95,Background,102400,7.54574,7.786207954,0.24046795399999965,10838,True
81,Background,1048576,7.54666,7.625049362,0.07838936200000024,1087892,True
66,Background,102400,7.54674,8.006836842,0.46009684200000045,10838,True
63,Background,1024,7.54737,7.657071077,0.10970107700000042,10876994,True
92,Background,102400,7.54756,7.670032452,0.12247245200000023,10876994,True
60,Background,102400,7.54833,8.342795446,0.7944654460000002,106400,True
75,Background,10240,7.54849,7.614025539,0.06553553899999986,106400,True
80,Background,1048576,7.5494,7.694676368,0.14527636799999932,1087892,True
72,Background,10485760,7.55022,7.764156232,0.213936232,106400,True
77,Background,1048576,7.55048,7.85125351,0.30077350999999997,10876994,True
85,Background,1024,7.55229,7.74267469,0.19038469000000013,106400,True
71,Background,102400,7.5523,7.667187305,0.11488730499999988,10876994,True
93,Background,10240,7.55251,7.757157411,0.20464741099999983,1087892,True
75,Background,1048576,7.55255,8.026719746,0.4741697459999994,10876994,True
73,Background,102400,7.55273,7.607159227,0.05442922699999997,10838,True
76,Background,102400,7.55314,7.765009509,0.21186950900000046,1087892,True
72,Background,10240,7.55343,8.022017403,0.4685874029999999,10876994,True
61,Background,10240,7.55395,8.342795446,0.7888454459999998,106400,True
60,Background,1048576,7.55529,7.671189648,0.11589964800000008,106400,True
73,Background,1048576,7.5557,7.953257094,0.3975570939999997,10838,True
75,Background,10240,7.55821,7.820212369,0.2620023690000002,10838,True
84,Background,10240,7.55907,7.767127182,0.20805718200000012,106400,True
77,Background,1048576,7.56212,7.784249723,0.2221297230000001,106400,True
65,Background,1048576,7.56283,7.770887144,0.20805714399999964,10838,True
70,Background,1048576,7.56564,7.904711086,0.3390710859999997,106400,True
92,Background,1024,7.5687,7.576592271,0.007892271000000228,1244,True
80,Background,1024,7.56887,7.96904284,0.40017283999999975,10838,True
81,Background,10240,7.56916,7.570225838,0.001065837999999708,10838,True
72,Background,1048576,7.56954,7.942472075,0.3729320750000005,10876994,True
79,Background,1048576,7.57012,7.778521322,0.2084013219999994,1087892,True
75,Background,1048576,7.57031,7.783958123,0.21364812299999958,1244,True
81,Background,10240,7.57086,7.600808803,0.029948802999999913,106400,True
85,Background,102400,7.57089,7.767127182,0.19623718199999995,106400,True
76,Background,10240,7.57114,7.682777072,0.11163707200000061,106400,True
69,Background,1048576,7.57164,7.845537287,0.2738972869999996,1087892,True
81,Background,1024,7.57421,7.694131865,0.11992186500000024,10838,True
81,Background,102400,7.57602,7.745210229,0.1691902289999998,10838,True
81,Background,102400,7.57681,7.926270663,0.34946066300000034,1244,True
80,Background,10485760,7.57702,7.730912867,0.1538928669999997,106400,True
91,Background,1024,7.57835,7.861982206,0.28363220600000005,1244,True
95,Background,10240,7.57893,7.580207444,0.001277444000000294,10838,True
81,Background,1024,7.5807,7.597225639,0.016525639000000147,106400,True
74,Background,10485760,7.58331,7.953257094,0.3699470939999996,10838,True
64,Background,1048576,7.58367,7.764739045,0.1810690450000001,1087892,True
57,Background,10240,7.58389,7.714116621,0.13022662099999938,1087892,True
71,Background,102400,7.58486,7.904711086,0.3198510859999999,106400,True
72,Background,1048576,7.58557,8.0196019,0.4340318999999999,106400,True
70,Background,102400,7.58592,7.707858525,0.12193852500000002,1087892,True
77,Background,102400,7.58623,7.690963886,0.104733886,106400,True
67,Background,10240,7.58699,7.714467485,0.127477485,106400,True
96,Background,1024,7.58712,7.786207954,0.19908795400000034,10838,True
72,Background,1048576,7.58885,7.619473792,0.030623792000000094,106400,True
71,Background,102400,7.59117,7.741143644,0.14997364400000013,1087892,True
81,Background,1048576,7.59123,7.712406424,0.12117642399999973,10838,True
81,Background,104857600,7.59266,7.618913461,0.02625346099999959,106400,True
72,Background,102400,7.59416,7.632865242,0.038705242000000695,106400,True
73,Background,1024,7.59435,7.893933374,0.299583374,106400,True
76,Background,102400,7.59508,8.026719746,0.4316397459999992,10876994,True
77,Background,1048576,7.59592,7.682777072,0.08685707200000081,106400,True
79,Background,10240,7.59655,7.856049755,0.2594997550000002,106400,True
64,Background,102400,7.59713,7.599302157,0.0021721570000003965,10838,True
60,Background,1048576,7.60118,8.149427597,0.5482475970000005,10838,True
62,Background,102400,7.60137,7.614170385,0.012800385000000247,1087892,True
65,Background,10240,7.60176,7.680757447,0.07899744700000078,106400,True
80,Background,102400,7.60216,7.778521322,0.176361322,1087892,True
69,Background,10485760,7.60238,7.860098738,0.25771873799999945,1244,True
81,Background,1048576,7.60298,7.944542844,0.34156284400000025,106400,True
81,Background,1048576,7.60444,7.898258889,0.29381888899999975,10838,True
77,Background,104857600,7.60592,7.62846346,0.022543459999999627,10838,True
74,Background,102400,7.6062,7.607159227,0.0009592270000000624,10838,True
82,Background,1048576,7.60762,7.827472522,0.21985252200000005,106400,True
82,Background,1048576,7.60776,7.690116591,0.08235659099999992,106400,True
81,Background,1048576,7.60917,7.778521322,0.1693513219999998,1087892,True
82,Background,1048576,7.60959,7.625049362,0.015459362000000532,1087892,True
82,Background,10485760,7.61011,7.899554802,0.2894448020000002,106400,True
77,Background,102400,7.61038,7.721343937,0.11096393700000018,10838,True
91,Background,1024,7.61221,7.628079015,0.01586901499999982,10838,True
72,Background,102400,7.61239,7.904711086,0.2923210859999994,106400,True
70,Background,102400,7.61361,8.094628541,0.4810185410000001,106400,True
70,Background,102400,7.61386,7.837976741,0.22411674100000045,1244,True
66,Background,102400,7.61389,7.770887144,0.15699714399999998,10838,True
77,Background,1048576,7.61407,8.026719746,0.4126497459999996,10876994,True
83,Background,102400,7.61428,7.690116591,0.07583659099999984,106400,True
77,Background,10240,7.61604,7.769604721,0.1535647210000004,1087892,True
94,Background,10240,7.61654,7.646239502,0.0296995020000006,10838,True
65,Background,1048576,7.61776,7.82616157,0.20840157000000037,10838,True
82,Background,102400,7.61813,7.959165626,0.34103562600000004,106400,True
81,Background,10240,7.61816,7.672638548,0.054478548000000515,106400,True
61,Background,102400,7.61826,7.671189648,0.05292964800000011,106400,True
68,Background,102400,7.61891,7.796393616,0.17748361599999996,1244,True
73,Background,1048576,7.61922,7.764156232,0.14493623200000005,106400,True
94,Background,102400,7.61993,7.757157411,0.13722741099999958,1087892,True
71,Background,10240,7.6204,7.837976741,0.21757674100000024,1244,True
81,Background,10240,7.62367,7.62647983,0.0028098300000003462,106400,True
66,Background,102400,7.6239,7.918442462,0.2945424619999999,106400,True
65,Background,10240,7.62424,7.994937256,0.3706972559999997,10876994,True
71,Background,1048576,7.62431,7.707858525,0.08354852499999943,1087892,True
58,Background,102400,7.62431,7.73959977,0.11528976999999951,106400,True
86,Background,102400,7.62444,7.808599567,0.18415956700000002,10838,True
76,Background,10485760,7.62615,7.699219058,0.07306905799999974,1244,True
82,Background,102400,7.62619,8.27156712,0.64537712,108768230,True
96,Background,10485760,7.62652,7.705759123,0.0792391229999998,10838,True
73,Background,102400,7.62693,7.632865242,0.005935242000000507,106400,True
73,Background,10240,7.62786,7.702159203,0.07429920299999981,1244,True
69,Background,1048576,7.62787,7.730878774,0.10300877400000008,10838,True
73,Background,10240,7.62863,8.0196019,0.3909718999999994,106400,True
82,Background,102400,7.62906,7.733317341,0.10425734100000028,1087892,True
67,Background,10485760,7.62957,7.891153311,0.2615833109999999,106400,True
82,Background,1024,7.62975,7.898258889,0.2685088890000005,10838,True
106,Background,1048576,7.63112,7.696114884,0.06499488399999986,106400,True
58,Background,102400,7.63216,7.714116621,0.08195662099999979,1087892,True
59,Background,10240,7.63264,7.714116621,0.0814766209999993,1087892,True
78,Background,1024,7.63395,7.690963886,0.057013886000000014,106400,True
69,Background,1048576,7.63544,7.647064925,0.011624924999999564,1087892,True
67,Background,1048576,7.63631,7.770887144,0.13457714399999965,10838,True
73,Background,10485760,7.63737,7.664284395,0.02691439500000037,10838,True
72,Background,10240,7.63854,7.765282805,0.12674280500000012,1087892,True
78,Background,102400,7.63962,7.721343937,0.08172393700000047,10838,True
78,Background,10240,7.64071,7.705092227,0.0643822269999994,106400,True
69,Background,102400,7.64102,7.795530915,0.15451091499999947,1087892,True
95,Background,1024,7.64303,7.646239502,0.0032095019999998087,10838,True
83,Background,1048576,7.64431,7.827472522,0.18316252199999994,106400,True
78,Background,102400,7.64579,7.822063178,0.17627317799999975,10838,True
59,Background,10485760,7.64652,7.73959977,0.09307977000000012,106400,True
79,Background,102400,7.64865,7.822063178,0.17341317799999967,10838,True
78,Background,1048576,7.64947,7.684702945,0.03523294499999974,106400,True
80,Background,10240,7.64953,7.728278756,0.07874875599999953,1244,True
82,Background,10240,7.65081,7.745210229,0.09440022899999967,10838,True
77,Background,10485760,7.65161,7.807853602,0.15624360199999998,1244,True
78,Background,102400,7.65216,7.784249723,0.132089723,106400,True
83,Background,1024,7.65259,7.745210229,0.09262022899999955,10838,True
78,Background,102400,7.65276,7.769604721,0.11684472100000054,1087892,True
63,Background,10485760,7.65447,7.782876647,0.12840664700000026,10876994,True
62,Background,10240,7.65712,8.342795446,0.6856754460000003,106400,True
66,Background,102400,7.65761,7.82616157,0.16855156999999998,10838,True
82,Background,10485760,7.65889,7.712406424,0.053516423999999674,10838,True
93,Background,10240,7.65901,8.007171906,0.34816190599999963,10876994,True
84,Background,10240,7.66063,7.745210229,0.08458022899999929,10838,True
80,Background,1048576,7.66226,7.698347947,0.0360879470000004,1087892,True
81,Background,10240,7.66263,7.96904284,0.30641284000000013,10838,True
79,Background,1048576,7.66338,7.684702945,0.02132294499999965,106400,True
86,Background,10485760,7.66721,7.74267469,0.07546469000000045,106400,True
70,Background,1024,7.66885,7.845537287,0.17668728700000003,1087892,True
83,Background,102400,7.66919,7.959165626,0.2899756259999995,106400,True
90,Background,1048576,7.66927,7.870505134,0.20123513400000004,1244,True
81,Background,102400,7.67019,7.730912867,0.06072286699999996,106400,True
66,Background,102400,7.67055,7.680757447,0.01020744699999998,106400,True
92,Background,1048576,7.67102,7.771016584,0.09999658399999944,10838,True
80,Background,10485760,7.67263,7.684702945,0.01207294499999989,106400,True
78,Background,10240,7.67358,7.78115835,0.10757834999999982,1244,True
96,Background,102400,7.67379,7.760006321,0.08621632099999932,10838,True
77,Background,102400,7.67403,8.108594171,0.4345641709999999,1087892,True
64,Background,10240,7.67429,7.784195942,0.10990594200000015,10876994,True
85,Background,102400,7.67447,7.709630486,0.03516048599999966,1244,True
72,Background,1024,7.67501,7.707858525,0.03284852499999946,1087892,True
60,Background,10240,7.67548,7.714116621,0.038636620999999316,1087892,True
67,Background,1048576,7.67549,7.82616157,0.1506715700000001,10838,True
67,Background,1024,7.6765,7.918442462,0.2419424619999999,106400,True
73,Background,102400,7.67921,7.904711086,0.22550108599999952,106400,True
65,Background,10240,7.67949,7.784195942,0.10470594199999983,10876994,True
84,Background,10485760,7.68048,8.281183579,0.6007035790000002,1244,True
80,Background,102400,7.68106,7.932241491,0.25118149099999965,10838,True
75,Background,102400,7.68272,7.953257094,0.2705370939999998,10838,True
75,Background,10240,7.68387,8.356155621,0.6722856209999994,106400,True
72,Background,102400,7.68462,7.741143644,0.05652364400000032,1087892,True
93,Background,10240,7.68468,7.736180485,0.05150048500000004,1087892,True
97,Background,102400,7.68575,7.786207954,0.10045795400000035,10838,True
82,Background,1024,7.68609,7.778521322,0.09243132199999948,1087892,True
74,Background,102400,7.68866,7.700172551,0.011512551000000038,1244,True
95,Background,102400,7.68948,7.757157411,0.06767741100000002,1087892,True
84,Background,102400,7.68963,7.690116591,0.0004865909999995921,106400,True
75,Background,1024,7.6901,8.003598693,0.31349869300000055,106400,True
81,Background,102400,7.6908,7.869352263,0.17855226299999938,106400,True
69,Background,10240,7.69309,7.796393616,0.10330361599999982,1244,True
76,Background,10240,7.69368,8.003598693,0.3099186930000011,106400,True
87,Background,10240,7.69422,7.981580651,0.2873606510000002,10876994,True
91,Background,1048576,7.69427,7.870505134,0.17623513399999968,1244,True
76,Background,1048576,7.69431,8.058275338,0.36396533799999986,10838,True
82,Background,10240,7.69652,7.926270663,0.2297506630000008,1244,True
74,Background,1048576,7.6968,7.800530099,0.10373009900000074,106400,True
64,Background,10485760,7.69755,7.782876647,0.08532664700000048,10876994,True
79,Background,102400,7.69994,7.947204921,0.2472649210000002,106400,True
78,Background,1048576,7.70082,7.730128532,0.029308531999999943,106400,True
65,Background,102400,7.70158,7.739470014,0.03789001400000025,1087892,True
74,Background,102400,7.70545,7.772404736,0.06695473600000046,10838,True
81,Background,102400,7.70584,7.721562244,0.015722243999999996,10838,True
62,Background,10240,7.70591,7.726473872,0.020563871999999428,10838,True
77,Background,1048576,7.70619,7.971223499,0.2650334989999994,1244,True
87,Background,10485760,7.70697,7.74267469,0.035704690000000205,106400,True
83,Background,102400,7.70718,7.926270663,0.21909066300000024,1244,True
70,Background,102400,7.70777,7.732357539,0.02458753899999966,10838,True
60,Background,10240,7.70889,7.755297969,0.04640796899999966,1087892,True
61,Background,102400,7.71073,7.714116621,0.0033866209999997565,1087892,True
76,Background,1048576,7.71136,7.820212369,0.10885236900000006,10838,True
94,Background,102400,7.71253,7.736180485,0.02365048500000011,1087892,True
72,Background,10485760,7.71258,7.837976741,0.1253967410000003,1244,True
82,Background,10240,7.71362,7.944542844,0.23092284400000018,106400,True
70,Background,1048576,7.71367,7.795530915,0.08186091500000003,1087892,True
83,Background,102400,7.71385,8.27156712,0.5577171200000004,108768230,True
71,Background,1048576,7.71402,7.845537287,0.13151728700000032,1087892,True
83,Background,1048576,7.71438,7.944542844,0.23016284399999964,106400,True
84,Background,1024,7.71448,7.926270663,0.21179066300000038,1244,True
107,Background,10240,7.71458,7.770085579,0.05550557900000008,10838,True
73,Background,10485760,7.71572,7.808149103,0.09242910299999973,10838,True
78,Background,10240,7.71637,8.026719746,0.3103497459999991,10876994,True
93,Background,102400,7.71637,7.771016584,0.05464658399999944,10838,True
82,Background,1024,7.71865,7.793953047,0.07530304699999935,106400,True
79,Background,1024,7.71943,7.769604721,0.05017472100000031,1087892,True
62,Background,102400,7.72004,8.322853473,0.6028134730000003,106400,True
82,Background,10240,7.7208,7.730912867,0.010112867000000136,106400,True
96,Background,1048576,7.72344,7.757157411,0.033717410999999586,1087892,True
80,Background,1048576,7.725,7.769604721,0.04460472100000068,1087892,True
63,Background,1024,7.72612,8.322853473,0.5967334730000005,106400,True
71,Background,10240,7.72834,7.792165957,0.06382595699999971,10876994,True
65,Background,1024,7.7295,7.871503504,0.14200350399999984,106400,True
85,Background,1024,7.73027,8.281183579,0.5509135790000004,1244,True
73,Background,1024,7.73129,7.741143644,0.009853643999999662,1087892,True
84,Background,1048576,7.73172,7.934048888,0.20232888800000026,1087892,True
79,Background,1048576,7.73308,8.026719746,0.2936397459999993,10876994,True
73,Background,10240,7.73323,7.837976741,0.10474674100000048,1244,True
94,Background,10240,7.73361,8.007171906,0.2735619060000003,10876994,True
80,Background,1024,7.73387,7.822063178,0.08819317800000004,10838,True
71,Background,102400,7.73686,7.795530915,0.058670914999999546,1087892,True
70,Background,1048576,7.73733,8.027394526,0.2900645260000001,10838,True
78,Background,102400,7.73757,7.971223499,0.23365349899999988,1244,True
83,Background,1024,7.73772,7.804877886,0.0671578859999995,106400,True
82,Background,10485760,7.73838,7.869352263,0.13097226299999942,106400,True
85,Background,102400,7.73876,7.926270663,0.1875106630000003,1244,True
84,Background,1024,7.741,7.827472522,0.08647252200000022,106400,True
86,Background,102400,7.74103,7.767127182,0.026097181999999997,106400,True
97,Background,102400,7.74122,7.757157411,0.015937410999999457,1087892,True
79,Background,102400,7.74135,7.971223499,0.22987349899999998,1244,True
82,Background,1024,7.74153,8.267466077,0.5259360769999999,10876994,True
66,Background,1048576,7.74207,7.871503504,0.12943350399999964,106400,True
70,Background,10485760,7.74235,7.953154295,0.21080429499999997,1087892,True
85,Background,1024,7.7427,7.934048888,0.19134888800000027,1087892,True
65,Background,1024,7.74305,7.764739045,0.021689044999999574,1087892,True
70,Background,102400,7.74428,7.796393616,0.05211361599999975,1244,True
81,Background,102400,7.74446,7.932241491,0.18778149099999997,10838,True
67,Background,10240,7.74512,7.764151886,0.01903188599999961,1244,True
74,Background,10240,7.74738,7.823787383,0.07640738300000027,1244,True
61,Background,10240,7.74757,7.755297969,0.007727969000000279,1087892,True
81,Background,102400,7.7478,8.034137954,0.2863379540000004,10838,True
66,Background,1048576,7.74907,7.869749875,0.12067987500000044,106400,True
82,Background,102400,7.74998,8.318121274,0.5681412739999994,106400,True
98,Background,1024,7.75168,7.786207954,0.03452795399999964,10838,True
62,Background,10240,7.75248,8.408931832,0.6564518320000001,10838,True
79,Background,102400,7.75251,7.838393765,0.08588376500000017,1244,True
74,Background,1048576,7.75286,7.808149103,0.055289102999999784,10838,True
79,Background,102400,7.75389,7.908240733,0.15435073300000024,1087892,True
92,Background,102400,7.75462,7.870505134,0.115885134,1244,True
76,Background,102400,7.7549,8.356155621,0.6012556209999991,106400,True
97,Background,1024,7.7552,7.760006321,0.004806320999999336,10838,True
83,Background,10240,7.75545,7.899554802,0.1441048020000002,106400,True
86,Background,1048576,7.75562,7.926270663,0.17065066299999998,1244,True
95,Background,10240,7.75713,7.888031466,0.13090146600000008,10838,True
80,Background,1024,7.75735,7.838393765,0.08104376500000043,1244,True
83,Background,1048576,7.76076,7.898258889,0.13749888899999974,10838,True
73,Background,102400,7.76123,8.082701473,0.3214714729999999,1087892,True
68,Background,102400,7.76373,7.902625272,0.13889527200000007,10838,True
82,Background,1024,7.7647,8.034137954,0.2694379539999998,10838,True
83,Background,10485760,7.76487,7.869425428,0.1045554279999994,1087892,True
63,Background,102400,7.76552,7.954207013,0.18868701300000001,1244,True
98,Background,1048576,7.76667,7.929149793,0.16247979299999926,1244,True
68,Background,102400,7.76719,7.918442462,0.15125246199999953,106400,True
96,Background,1048576,7.76826,7.888031466,0.11977146600000044,10838,True
81,Background,1048576,7.76883,7.835520452,0.06669045199999957,1244,True
87,Background,102400,7.77057,7.803283981,0.03271398099999967,1087892,True
97,Background,104857600,7.77069,8.023962083,0.2532720830000006,106400,True
62,Background,102400,7.77355,7.794475324,0.020925324000000245,1087892,True
81,Background,10240,7.77642,7.878273135,0.10185313499999982,10838,True
72,Background,1048576,7.77686,7.845537287,0.06867728699999986,1087892,True
79,Background,1048576,7.77707,8.012517635,0.23544763499999988,106400,True
67,Background,10240,7.77765,7.869749875,0.09209987499999972,106400,True
68,Background,1024,7.77765,7.891153311,0.11350331099999966,106400,True
74,Background,10240,7.7783,7.837976741,0.05967674100000053,1244,True
69,Background,10240,7.77867,7.891153311,0.11248331100000009,106400,True
97,Background,10240,7.78054,7.888031466,0.10749146599999992,10838,True
76,Background,1024,7.78142,8.67220991,0.8907899099999996,1087892,True
75,Background,10485760,7.78337,7.823787383,0.040417383000000306,1244,True
80,Background,102400,7.78338,7.947204921,0.1638249209999998,106400,True
108,Background,102400,7.78424,7.979457974,0.19521797400000018,10838,True
64,Background,102400,7.78479,7.954207013,0.16941701300000034,1244,True
79,Background,102400,7.78541,8.203607003,0.4181970030000004,10838,True
61,Background,1024,7.7865,8.149427597,0.36292759700000055,10838,True
75,Background,104857600,7.78653,7.788417297,0.001887296999999677,10838,True
99,Background,102400,7.78902,7.929149793,0.14012979299999984,1244,True
63,Background,1024,7.78969,8.342795446,0.553105446,106400,True
87,Background,10240,7.7913,7.808599567,0.017299567000000238,10838,True
66,Background,102400,7.79169,7.994937256,0.20324725600000004,10876994,True
62,Background,1048576,7.79254,8.149427597,0.35688759700000094,10838,True
77,Background,1048576,7.79263,8.003598693,0.21096869300000076,106400,True
78,Background,10240,7.79293,8.003598693,0.21066869300000057,106400,True
75,Background,10240,7.79305,7.869823004,0.07677300399999964,106400,True
78,Background,10240,7.79448,7.85125351,0.056773510000000194,10876994,True
80,Background,1048576,7.7947,7.908240733,0.11354073300000067,1087892,True
81,Background,102400,7.79505,8.200893652,0.4058436519999997,1244,True
84,Background,10240,7.79524,8.27156712,0.47632712000000055,108768230,True
72,Background,1048576,7.79527,7.925147435,0.12987743500000004,106400,True
85,Background,10240,7.79543,8.27156712,0.47613712000000064,108768230,True
70,Background,1048576,7.79571,7.891153311,0.09544331100000036,106400,True
75,Background,102400,7.79765,7.808149103,0.010499102999999899,10838,True
80,Background,10240,7.79878,8.026719746,0.22793974599999967,10876994,True
84,Background,102400,7.79906,7.869425428,0.07036542799999967,1087892,True
76,Background,102400,7.79925,7.943151166,0.14390116600000002,1087892,True
68,Background,1048576,7.79934,7.869749875,0.07040987500000018,106400,True
71,Background,10240,7.79935,8.094628541,0.29527854100000095,106400,True
87,Background,102400,7.79996,7.926270663,0.12631066300000082,1244,True
80,Background,1024,7.80018,7.928136582,0.12795658199999949,1087892,True
83,Background,1048576,7.80077,8.280232754,0.47946275400000005,10838,True
70,Background,1048576,7.8015,7.860098738,0.058598737999999706,1244,True
71,Background,10485760,7.80375,8.193492653,0.3897426529999999,1244,True
63,Background,102400,7.80458,8.408931832,0.6043518320000008,10838,True
88,Background,1024,7.80691,8.065392074,0.2584820739999998,1087892,True
66,Background,10240,7.80706,7.832243787,0.025183787000000457,10838,True
76,Background,10240,7.80795,8.235764494,0.4278144939999997,108768230,True
74,Background,10485760,7.8084,8.0196019,0.21120189999999983,106400,True
71,Background,102400,7.80862,8.027394526,0.2187745259999998,10838,True
63,Background,1024,7.80964,8.139148458,0.3295084579999994,10838,True
63,Background,102400,7.80966,8.149427597,0.3397675970000007,10838,True
75,Background,102400,7.80981,8.061988875,0.25217887500000113,10876994,True
80,Background,1024,7.80988,7.856049755,0.0461697550000002,106400,True
84,Background,104857600,7.81062,8.280232754,0.4696127539999999,10838,True
64,Background,10240,7.81098,8.139148458,0.3281684579999995,10838,True
83,Background,10240,7.81172,8.267466077,0.4557460769999997,10876994,True
69,Background,10240,7.81179,7.869749875,0.05795987499999988,106400,True
65,Background,102400,7.81192,7.948171889,0.1362518890000004,10838,True
79,Background,102400,7.81307,8.026418352,0.21334835200000057,10876994,True
89,Background,102400,7.81541,8.065392074,0.24998207400000005,1087892,True
80,Background,1048576,7.81609,8.203607003,0.38751700300000014,10838,True
85,Background,1024,7.81661,7.827472522,0.010862522000000041,106400,True
75,Background,10240,7.81759,8.0196019,0.20201189999999958,106400,True
98,Background,102400,7.8176,8.023962083,0.20636208300000103,106400,True
81,Background,1024,7.81791,7.908240733,0.09033073300000005,1087892,True
95,Background,102400,7.81844,8.007171906,0.18873190600000012,10876994,True
66,Background,1048576,7.82015,7.998170766,0.17802076600000039,1244,True
86,Background,102400,7.82059,8.27156712,0.4509771200000001,108768230,True
86,Background,10240,7.82085,7.950067797,0.1292177969999999,1087892,True
83,Background,10240,7.82175,7.908542195,0.08679219500000013,106400,True
76,Background,10485760,7.82195,8.0196019,0.19765189999999944,106400,True
88,Background,10240,7.82212,7.841375683,0.019255682999999912,106400,True
84,Background,102400,7.82249,7.83348045,0.01099044999999954,1244,True
96,Background,1024,7.82384,8.007171906,0.18333190600000027,10876994,True
67,Background,1048576,7.82583,7.832243787,0.006413787000000504,10838,True
87,Background,1048576,7.82757,8.27156712,0.4439971200000006,108768230,True
72,Background,1048576,7.82819,8.193492653,0.36530265299999964,1244,True
82,Background,1048576,7.83011,7.835520452,0.005410451999999566,1244,True
88,Background,10240,7.8316,7.866571404,0.034971404000000206,106400,True
73,Background,10240,7.83256,8.193492653,0.3609326529999999,1244,True
84,Background,1048576,7.8327,7.898258889,0.06555888900000006,10838,True
71,Background,1024,7.83285,8.664529595,0.8316795949999998,106400,True
67,Background,10240,7.83472,7.998170766,0.1634507660000004,1244,True
82,Background,10240,7.83504,7.96904284,0.13400283999999996,10838,True
98,Background,10240,7.83533,7.888031466,0.05270146600000025,10838,True
65,Background,102400,7.83586,8.139148458,0.30328845799999904,10838,True
83,Background,102400,7.83737,8.329338914,0.4919689139999992,106400,True
85,Background,1024,7.83738,7.863107307,0.025727307000000366,106400,True
84,Background,1024,7.83981,8.329338914,0.4895289139999992,106400,True
85,Background,102400,7.84011,7.869425428,0.02931542799999942,1087892,True
80,Background,1024,7.84014,8.026418352,0.18627835200000042,10876994,True
78,Background,102400,7.84115,8.227885549,0.38673554899999996,106400,True
84,Background,102400,7.84305,8.034170604,0.19112060399999997,106400,True
70,Background,104857600,7.84389,7.869749875,0.025859875000000088,106400,True
83,Background,102400,7.84426,7.984573304,0.1403133040000002,1087892,True
86,Background,1048576,7.8455,7.863107307,0.017607306999999572,106400,True
72,Background,10240,7.84633,7.999626229,0.1532962290000004,10838,True
73,Background,102400,7.84703,8.022017403,0.17498740299999938,10876994,True
72,Background,1048576,7.84705,8.094628541,0.2475785410000002,106400,True
69,Background,10240,7.84745,7.902625272,0.05517527199999961,10838,True
82,Background,102400,7.84971,8.200893652,0.35118365199999957,1244,True
66,Background,102400,7.84978,8.139148458,0.28936845799999933,10838,True
99,Background,10240,7.8511,8.015881579,0.16478157900000046,1087892,True
78,Background,102400,7.85519,8.108594171,0.2534041709999997,1087892,True
81,Background,10485760,7.85531,8.026719746,0.17140974599999925,10876994,True
88,Background,10240,7.85624,7.926270663,0.07003066300000071,1244,True
77,Background,10485760,7.85624,8.070150677,0.21391067700000121,1087892,True
77,Background,102400,7.85642,8.0196019,0.16318189999999966,106400,True
76,Background,102400,7.85665,7.983966898,0.12731689800000012,10876994,True
98,Background,102400,7.85698,7.980535622,0.12355562199999959,106400,True
67,Background,1048576,7.85706,8.139148458,0.2820884579999996,10838,True
85,Background,1048576,7.85707,7.912451142,0.05538114199999988,106400,True
64,Background,1024,7.8571,8.149427597,0.29232759700000077,10838,True
73,Background,1048576,7.85776,8.081312358,0.22355235800000006,10838,True
66,Background,10240,7.85863,7.948171889,0.08954188900000037,10838,True
87,Background,10240,7.85895,7.950067797,0.09111779699999989,1087892,True
83,Background,1048576,7.85983,7.869352263,0.00952226300000003,106400,True
68,Background,10240,7.86024,8.139148458,0.2789084579999992,10838,True
86,Background,1048576,7.86118,7.934048888,0.07286888800000035,1087892,True
81,Background,102400,7.86121,8.026418352,0.1652083520000005,10876994,True
70,Background,102400,7.86172,7.902625272,0.040905271999999826,10838,True
82,Background,1048576,7.86273,7.908240733,0.045510733000000414,1087892,True
78,Background,10240,7.86288,8.0196019,0.15672189999999997,106400,True
80,Background,1048576,7.8644,7.971223499,0.10682349899999988,1244,True
74,Background,1024,7.86464,8.082701473,0.21806147300000056,1087892,True
88,Background,102400,7.86497,7.902193061,0.03722306100000061,1087892,True
77,Background,10485760,7.86806,7.896281141,0.028221141000000394,106400,True
79,Background,10240,7.86969,8.490514545,0.6208245449999996,10838,True
68,Background,1048576,7.87084,7.960418837,0.08957883699999947,1087892,True
99,Background,102400,7.87173,7.888031466,0.01630146599999982,10838,True
93,Background,1024,7.87558,8.035954127,0.16037412699999987,10838,True
86,Background,10485760,7.87609,8.281183579,0.40509357900000076,1244,True
73,Background,10485760,7.8761,7.999626229,0.12352622900000032,10838,True
85,Background,10240,7.87634,7.898258889,0.021918889000000163,10838,True
86,Background,1024,7.87636,7.912451142,0.036091142000000076,106400,True
81,Background,102400,7.87688,8.203607003,0.32672700300000024,10838,True
74,Background,102400,7.87689,8.193492653,0.31660265299999946,1244,True
77,Background,102400,7.87692,8.240902701,0.3639827009999994,1087892,True
87,Background,102400,7.87728,8.149582865,0.27230286499999945,106400,True
99,Background,10485760,7.87972,8.023962083,0.14424208300000085,106400,True
84,Background,10240,7.87986,7.908542195,0.02868219500000002,106400,True
64,Background,10485760,7.88066,8.322853473,0.44219347300000056,106400,True
72,Background,1048576,7.88069,8.027394526,0.14670452599999972,10838,True
79,Background,10240,7.8816,8.26021998,0.37861998000000074,1244,True
82,Background,102400,7.88261,8.203607003,0.32099700300000045,10838,True
68,Background,102400,7.88344,8.098350259,0.21491025899999983,106400,True
72,Background,1048576,7.88535,8.083532331,0.19818233100000082,1087892,True
76,Background,10240,7.88816,8.020897565,0.13273756500000022,1244,True
81,Background,10240,7.88883,8.374720478,0.48589047800000085,106400,True
85,Background,1048576,7.88921,8.034170604,0.14496060399999955,106400,True
68,Background,1048576,7.8924,7.998170766,0.10577076600000002,1244,True
86,Background,102400,7.89372,8.003779435,0.11005943500000015,106400,True
80,Background,10240,7.89452,7.995713964,0.10119396400000014,10838,True
88,Background,10240,7.89665,8.149582865,0.2529328649999991,106400,True
65,Background,102400,7.89776,8.149427597,0.25166759700000085,10838,True
85,Background,10240,7.89898,8.329338914,0.43035891399999926,106400,True
82,Background,1024,7.90032,8.374720478,0.4744004780000006,106400,True
94,Background,102400,7.90088,8.035954127,0.1350741270000002,10838,True
77,Background,1048576,7.90275,7.943151166,0.040401165999999655,1087892,True
93,Background,1024,7.90424,8.057004034,0.1527640340000005,1087892,True
77,Background,10240,7.90448,7.983966898,0.07948689799999986,10876994,True
83,Background,104857600,7.90517,7.96904284,0.06387284000000015,10838,True
76,Background,10240,7.9073,8.286682875,0.3793828750000001,10876994,True
67,Background,104857600,7.908,8.184269259,0.2762692590000002,10838,True
84,Background,102400,7.90833,7.984573304,0.07624330400000012,1087892,True
77,Background,102400,7.91132,8.356155621,0.4448356209999993,106400,True
81,Background,10240,7.91285,8.158529548,0.2456795480000009,10838,True
85,Background,10240,7.91385,7.976093083,0.062243083000000254,106400,True
74,Background,10240,7.91444,8.554750754,0.6403107540000006,106400,True
69,Background,102400,7.91461,8.098350259,0.18374025900000035,106400,True
74,Background,10240,7.91485,8.081312358,0.16646235799999953,10838,True
69,Background,10240,7.91659,7.918442462,0.001852461999999555,106400,True
86,Background,1048576,7.91692,7.976093083,0.059173083000000126,106400,True
73,Background,10240,7.92039,8.083532331,0.16314233100000042,1087892,True
82,Background,10240,7.92122,7.92800372,0.006783720000000493,10838,True
85,Background,1048576,7.92123,8.280232754,0.3590027539999996,10838,True
94,Background,102400,7.92195,8.057004034,0.13505403400000038,1087892,True
71,Background,10240,7.92218,8.18040305,0.2582230500000007,1087892,True
75,Background,10240,7.92257,8.554750754,0.6321807540000002,106400,True
75,Background,10240,7.92272,8.193492653,0.27077265299999986,1244,True
77,Background,1024,7.92342,8.020897565,0.09747756500000015,1244,True
77,Background,10240,7.92353,8.286682875,0.36315287499999993,10876994,True
83,Background,1048576,7.92355,7.92800372,0.0044537200000007715,10838,True
73,Background,102400,7.92393,8.094628541,0.17069854100000015,106400,True
74,Background,1048576,7.92504,7.999626229,0.07458622900000034,10838,True
88,Background,1048576,7.92558,7.950067797,0.024487796999999922,1087892,True
68,Background,10485760,7.92575,8.779893725,0.854143725000001,1244,True
86,Background,1024,7.92632,8.280232754,0.35391275400000044,10838,True
64,Background,102400,7.92643,8.408931832,0.4825018320000005,10838,True
89,Background,10240,7.92684,7.950067797,0.02322779699999966,1087892,True
90,Background,102400,7.92891,7.950067797,0.021157796999999867,1087892,True
89,Background,10240,7.92928,8.06521894,0.13593893999999906,1244,True
83,Background,1048576,7.93004,8.200893652,0.27085365199999956,1244,True
81,Background,1048576,7.93242,7.947204921,0.014784921000000395,106400,True
78,Background,10240,7.93329,8.240902701,0.30761270099999916,1087892,True
69,Background,10485760,7.93345,8.779893725,0.8464437250000012,1244,True
90,Background,102400,7.93363,8.065392074,0.13176207400000006,1087892,True
71,Background,1024,7.93484,7.975052868,0.04021286799999935,1244,True
82,Background,1048576,7.93512,8.026719746,0.0915997459999991,10876994,True
79,Background,10240,7.93624,8.003598693,0.06735869300000097,106400,True
74,Background,10240,7.93682,8.121449193,0.18462919300000014,10838,True
88,Background,102400,7.93757,8.170023032,0.23245303199999956,10838,True
69,Background,1048576,7.93838,7.960418837,0.02203883699999931,1087892,True
89,Background,102400,7.93845,8.149582865,0.21113286499999973,106400,True
74,Background,1024,7.93931,8.15365516,0.2143451599999997,1244,True
78,Background,1048576,7.93976,8.020897565,0.08113756500000058,1244,True
80,Background,10240,7.941,8.26021998,0.3192199800000006,1244,True
85,Background,1048576,7.94143,7.995726968,0.05429696799999917,1087892,True
76,Background,1048576,7.94146,8.554750754,0.6132907540000003,106400,True
89,Background,1024,7.94171,8.103322288,0.16161228799999972,1087892,True
79,Background,1024,7.94293,8.020897565,0.07796756500000068,1244,True
79,Background,102400,7.94314,8.240902701,0.2977627009999999,1087892,True
90,Background,10240,7.94341,8.06521894,0.12180893999999931,1244,True
77,Background,102400,7.94363,8.554750754,0.6111207540000008,106400,True
81,Background,10240,7.94644,8.26021998,0.3137799800000005,1244,True
87,Background,1048576,7.94691,8.133720416,0.18681041599999926,106400,True
78,Background,10485760,7.94807,8.025791439,0.07772143900000028,106400,True
64,Background,102400,7.94919,8.342795446,0.39360544600000047,106400,True
83,Background,10240,7.95151,8.034137954,0.08262795400000034,10838,True
72,Background,10485760,7.9517,7.975052868,0.023352867999999916,1244,True
95,Background,1024,7.952,8.057004034,0.10500403400000025,1087892,True
99,Background,1048576,7.953,7.980535622,0.02753562199999937,106400,True
89,Background,10240,7.95321,8.012395833,0.05918583299999902,106400,True
90,Background,10485760,7.95349,8.149582865,0.1960928649999989,106400,True
86,Background,1048576,7.95394,8.111154535,0.1572145350000005,10838,True
76,Background,102400,7.95607,8.061988875,0.10591887500000041,10876994,True
75,Background,10240,7.95742,7.999626229,0.042206229000000484,10838,True
70,Background,102400,7.95798,8.779893725,0.8219137250000008,1244,True
74,Background,102400,7.95862,8.32769417,0.3690741699999993,1087892,True
78,Background,102400,7.95936,8.286682875,0.3273228750000001,10876994,True
70,Background,1048576,7.96028,8.193724393,0.23344439300000008,1244,True
67,Background,1048576,7.96265,8.006836842,0.044186842000000226,10838,True
79,Background,102400,7.96593,8.025791439,0.059861439000000516,106400,True
75,Background,102400,7.96671,8.121449193,0.15473919300000016,10838,True
80,Background,102400,7.96756,8.020897565,0.05333756500000053,1244,True
74,Background,1024,7.96792,8.094628541,0.12670854100000017,106400,True
78,Background,10240,7.96809,7.970921686,0.0028316859999995003,106400,True
89,Background,102400,7.96831,8.170023032,0.2017130319999998,10838,True
87,Background,102400,7.96869,8.003779435,0.03508943500000061,106400,True
74,Background,102400,7.96957,8.083532331,0.11396233100000064,1087892,True
81,Background,10240,7.97002,8.219717526,0.24969752600000028,106400,True
82,Background,10240,7.97014,8.26021998,0.2900799800000007,1244,True
82,Background,102400,7.97128,8.000160243,0.028880242999999695,10838,True
71,Background,1024,7.97162,8.053217056,0.08159705599999967,10838,True
97,Background,102400,7.97269,8.214039023,0.24134902299999972,1087892,True
69,Background,1024,7.97373,8.139148458,0.16541845799999955,10838,True
91,Background,1024,7.97473,8.06521894,0.0904889399999993,1244,True
80,Background,102400,7.97617,8.012517635,0.03634763500000027,106400,True
79,Background,102400,7.97672,8.08255377,0.10583377000000027,106400,True
95,Background,102400,7.97706,8.035954127,0.058894127000000296,10838,True
98,Background,102400,7.97739,8.214039023,0.23664902300000001,1087892,True
84,Background,1048576,7.9779,8.226663182,0.24876318199999936,106400,True
84,Background,1048576,7.97977,8.010210922,0.03044092200000037,10838,True
60,Background,102400,7.97981,8.298607456,0.31879745599999953,106400,True
67,Background,1048576,7.98009,8.001222179,0.021132179000001194,1244,True
79,Background,102400,7.98148,8.286682875,0.305202875,10876994,True
79,Background,102400,7.98202,8.227885549,0.24586554899999946,106400,True
77,Background,1024,7.98258,8.67220991,0.6896299099999998,1087892,True
84,Background,102400,7.98266,8.034137954,0.0514779540000001,10838,True
81,Background,1024,7.98379,8.008803262,0.025013262000000758,106400,True
77,Background,102400,7.98401,8.109741106,0.12573110599999993,106400,True
68,Background,102400,7.98615,8.006836842,0.020686841999999928,10838,True
80,Background,102400,7.98646,8.240902701,0.25444270099999944,1087892,True
79,Background,10240,7.98701,8.108594171,0.1215841710000003,1087892,True
80,Background,102400,7.98885,8.227885549,0.23903554899999957,106400,True
79,Background,104857600,7.99043,8.530293782,0.5398637819999994,106400,True
72,Background,1048576,7.99117,8.053217056,0.062047055999999046,10838,True
80,Background,102400,7.99244,8.108594171,0.1161541709999998,1087892,True
78,Background,10240,7.99244,8.67220991,0.6797699099999992,1087892,True
99,Background,10485760,7.99269,8.214039023,0.22134902300000014,1087892,True
68,Background,10240,7.99363,8.119791494,0.12616149399999976,106400,True
75,Background,1024,7.99468,8.083532331,0.0888523310000009,1087892,True
77,Background,1048576,7.99478,8.443204347,0.44842434699999956,10838,True
87,Background,1048576,7.99514,8.111154535,0.11601453500000058,10838,True
69,Background,102400,7.99539,7.998170766,0.002780765999999879,1244,True
77,Background,10240,7.99603,8.058275338,0.06224533799999943,10838,True
90,Background,102400,7.99686,8.170023032,0.17316303199999972,10838,True
75,Background,10240,7.99757,8.094628541,0.09705854100000089,106400,True
81,Background,102400,7.99882,8.035708251,0.036888251000000594,10838,True
87,Background,102400,8.0,8.021535528,0.02153552799999936,1087892,True
86,Background,10485760,8.00038,8.034170604,0.033790604,106400,True
70,Background,10240,8.00052,8.139148458,0.13862845799999945,10838,True
83,Background,1048576,8.00133,8.318121274,0.31679127399999985,106400,True
96,Background,10240,8.00196,8.035954127,0.03399412699999971,10838,True
82,Background,1048576,8.00317,8.220938675,0.21776867499999852,106400,True
87,Background,102400,8.0039,8.280232754,0.27633275400000024,10838,True
82,Background,1024,8.00468,8.219717526,0.2150375259999997,106400,True
83,Background,1024,8.01058,8.019567732,0.008987732000001358,1087892,True
73,Background,10485760,8.01061,8.069738354,0.05912835400000027,106400,True
82,Background,10240,8.01073,8.064810214,0.05408021399999896,106400,True
84,Background,10240,8.01148,8.019567732,0.008087731999999903,1087892,True
81,Background,1048576,8.01204,8.240902701,0.22886270099999884,1087892,True
76,Background,102400,8.01248,8.169495752,0.1570157519999995,1087892,True
84,Background,102400,8.01289,8.267466077,0.2545760769999994,10876994,True
88,Background,10240,8.01408,8.058156302,0.04407630200000057,1087892,True
76,Background,1048576,8.01494,8.121449193,0.10650919300000083,10838,True
77,Background,1024,8.01495,8.121449193,0.10649919299999944,10838,True
83,Background,1024,8.01495,8.219717526,0.20476752599999948,106400,True
81,Background,10485760,8.0155,8.227885549,0.2123855490000004,106400,True
84,Background,10240,8.01565,8.318121274,0.3024712739999984,106400,True
85,Background,10240,8.01571,8.226663182,0.21095318199999902,106400,True
82,Background,10240,8.016,8.162860486,0.14686048599999957,10876994,True
86,Background,10240,8.01642,8.146948468,0.13052846799999962,1087892,True
83,Background,102400,8.01728,8.172557279,0.15527727899999988,1087892,True
81,Background,1048576,8.01764,8.045136416,0.027496415999999968,1087892,True
83,Background,102400,8.01913,8.162860486,0.14373048599999905,10876994,True
78,Background,102400,8.02022,8.356155621,0.3359356209999991,106400,True
82,Background,10240,8.02173,8.227885549,0.206155549,106400,True
83,Background,1024,8.0228,8.409663214,0.3868632139999999,108768230,True
67,Background,10485760,8.02289,8.137647434,0.11475743399999949,10838,True
80,Background,102400,8.02339,8.025791439,0.0024014390000015595,106400,True
92,Background,10240,8.02363,8.034125431,0.010495430999998945,10838,True
83,Background,102400,8.02386,8.14760576,0.12374575999999848,10838,True
78,Background,10240,8.02475,8.121449193,0.09669919300000096,10838,True
76,Background,10485760,8.02525,8.094628541,0.06937854100000074,106400,True
85,Background,102400,8.02536,8.251165495,0.22580549500000124,106400,True
87,Background,102400,8.02568,8.146948468,0.12126846800000024,1087892,True
90,Background,1024,8.02709,8.1581658,0.1310758000000014,106400,True
88,Background,102400,8.02913,8.302627894,0.27349789400000013,1244,True
86,Background,102400,8.02981,8.251165495,0.22135549500000096,106400,True
80,Background,102400,8.03065,8.23952314,0.20887313999999968,106400,True
91,Background,1048576,8.03077,8.170023032,0.13925303199999917,10838,True
86,Background,102400,8.0312,8.226663182,0.19546318199999924,106400,True
81,Background,10240,8.03435,8.086690851,0.0523408510000003,1244,True
89,Background,10240,8.03574,8.302627894,0.2668878939999999,1244,True
79,Background,102400,8.03639,8.121449193,0.08505919299999931,10838,True
71,Background,102400,8.03683,8.134467488,0.09763748800000016,10838,True
71,Background,1048576,8.03754,8.139148458,0.1016084579999994,10838,True
73,Background,102400,8.03808,8.127369812,0.08928981199999875,1244,True
82,Background,1048576,8.03819,8.158529548,0.12033954800000046,10838,True
75,Background,1024,8.03871,8.15365516,0.11494515999999955,1244,True
74,Background,1048576,8.03904,8.127369812,0.08832981199999956,1244,True
75,Background,102400,8.04005,8.082701473,0.042651472999999385,1087892,True
74,Background,10240,8.04018,8.327856833,0.2876768330000008,10838,True
96,Background,104857600,8.04023,8.057004034,0.01677403400000088,1087892,True
70,Background,1048576,8.04075,8.52067411,0.4799241100000007,106400,True
78,Background,10485760,8.04114,8.109741106,0.06860110599999913,106400,True
82,Background,102400,8.04202,8.059164296,0.01714429599999967,1087892,True
100,Background,1048576,8.04462,8.087715445,0.04309544500000051,1244,True
71,Background,1048576,8.04575,8.383845495,0.33809549499999925,1244,True
90,Background,10240,8.04785,8.103322288,0.055472287999998926,1087892,True
83,Background,10240,8.04836,8.26021998,0.21185997999999984,1244,True
80,Background,102400,8.0491,8.286682875,0.23758287500000108,10876994,True
73,Background,102400,8.05051,8.053217056,0.0027070560000002075,10838,True
73,Background,10240,8.052,8.336942207,0.2849422070000003,106400,True
86,Background,10240,8.05205,8.329338914,0.27728891399999966,106400,True
84,Background,10240,8.05262,8.077797791,0.025177791000000838,106400,True
72,Background,10240,8.05294,8.383845495,0.33090549499999966,1244,True
84,Background,1048576,8.05408,8.058229972,0.0041499719999986695,106400,True
83,Background,102400,8.05466,8.477737473,0.4230774729999993,108768230,True
78,Background,1048576,8.05529,8.325863805,0.2705738049999997,1244,True
80,Background,1048576,8.058,8.490514545,0.4325145450000001,10838,True
77,Background,10240,8.05832,8.094628541,0.03630854100000036,106400,True
87,Background,10240,8.05834,8.281183579,0.22284357900000096,1244,True
90,Background,10240,8.05854,8.302627894,0.24408789399999975,1244,True
71,Background,10240,8.05933,8.52067411,0.46134411000000064,106400,True
72,Background,102400,8.0595,8.134467488,0.07496748800000042,10838,True
82,Background,102400,8.0615,8.285765944,0.224265943999999,106400,True
87,Background,1048576,8.06274,8.329338914,0.26659891399999935,106400,True
61,Background,102400,8.06284,8.298607456,0.2357674559999996,106400,True
88,Background,10240,8.06418,8.329338914,0.2651589139999988,106400,True
79,Background,10240,8.06513,8.67220991,0.6070799099999995,1087892,True
85,Background,102400,8.06517,8.144879656,0.07970965600000035,10876994,True
87,Background,1024,8.06558,8.304580168,0.23900016799999868,106400,True
73,Background,1048576,8.06582,8.130828477,0.06500847699999923,106400,True
68,Background,10240,8.06924,8.314285773,0.2450457729999993,10838,True
83,Background,10240,8.06929,8.096855003,0.02756500299999942,106400,True
84,Background,102400,8.06933,8.200893652,0.13156365199999875,1244,True
84,Background,1048576,8.06952,8.14760576,0.07808575999999867,10838,True
82,Background,1048576,8.06999,8.240902701,0.1709127009999989,1087892,True
84,Background,10240,8.07023,8.172557279,0.10232727899999894,1087892,True
76,Background,1024,8.07033,8.083532331,0.013202331000000456,1087892,True
79,Background,10240,8.0715,8.356155621,0.28465562099999886,106400,True
70,Background,10240,8.07314,8.098350259,0.025210258999999624,106400,True
78,Background,10485760,8.07367,8.292094467,0.21842446700000018,106400,True
65,Background,10485760,8.07459,8.342795446,0.2682054459999996,106400,True
85,Background,102400,8.07509,8.267466077,0.19237607700000048,10876994,True
84,Background,1048576,8.07517,8.219717526,0.1445475260000002,106400,True
68,Background,10240,8.07562,8.199827639,0.12420763899999976,1087892,True
84,Background,104857600,8.07632,8.162860486,0.08654048599999875,10876994,True
85,Background,1048576,8.07636,8.200893652,0.12453365200000022,1244,True
82,Background,10240,8.07723,8.218813182,0.14158318199999975,1087892,True
83,Background,10240,8.07748,8.203607003,0.12612700300000057,10838,True
73,Background,102400,8.07757,8.807007729,0.7294377290000007,1087892,True
84,Background,1048576,8.07788,8.224001568,0.14612156799999987,10876994,True
78,Background,10240,8.07862,8.094628541,0.01600854099999971,106400,True
89,Background,10240,8.0792,8.329338914,0.250138913999999,106400,True
73,Background,102400,8.07992,8.383845495,0.30392549499999966,1244,True
83,Background,1048576,8.08051,8.374720478,0.2942104780000001,106400,True
78,Background,10240,8.08257,8.442668289,0.36009828899999974,10838,True
88,Background,1048576,8.08259,8.280232754,0.1976427540000003,10838,True
79,Background,102400,8.08322,8.109741106,0.026521105999998795,106400,True
72,Background,102400,8.08369,8.18040305,0.09671304999999997,1087892,True
86,Background,102400,8.08565,8.200893652,0.1152436520000002,1244,True
81,Background,102400,8.08624,8.286682875,0.20044287500000024,10876994,True
86,Background,10240,8.0866,8.267466077,0.18086607699999924,10876994,True
79,Background,1048576,8.08671,8.094628541,0.007918541000000445,106400,True
71,Background,10240,8.0868,8.193724393,0.1069243929999999,1244,True
72,Background,10240,8.0883,8.664529595,0.5762295949999992,106400,True
79,Background,102400,8.08889,8.6060332,0.5171432000000014,10876994,True
76,Background,102400,8.08955,8.193492653,0.10394265300000072,1244,True
83,Background,10240,8.09408,8.285765944,0.1916859439999996,106400,True
100,Background,102400,8.09409,8.214039023,0.11994902300000021,1087892,True
91,Background,102400,8.09438,8.180220054,0.08584005400000017,10838,True
85,Background,1048576,8.09464,8.318121274,0.22348127399999917,106400,True
83,Background,10240,8.09607,8.414236493,0.31816649300000144,10838,True
68,Background,1048576,8.09647,8.184269259,0.08779925900000052,10838,True
76,Background,102400,8.09659,8.36716263,0.2705726299999984,10838,True
82,Background,102400,8.09708,8.336207911,0.23912791100000064,10838,True
88,Background,102400,8.09809,8.133720416,0.035630416000000054,106400,True
75,Background,1024,8.0989,8.32769417,0.2287941699999987,1087892,True
72,Background,102400,8.1002,8.193724393,0.09352439300000093,1244,True
66,Background,1048576,8.1018,8.342795446,0.24099544599999945,106400,True
76,Background,1024,8.10244,8.141143211,0.03870321099999963,10838,True
92,Background,10485760,8.10246,8.180220054,0.07776005399999875,10838,True
84,Background,1024,8.10259,8.374720478,0.2721304780000011,106400,True
62,Background,10240,8.10307,8.298607456,0.1955374559999985,106400,True
109,Background,102400,8.10307,8.297622921,0.19455292099999966,1087892,True
81,Background,104857600,8.10394,8.23952314,0.1355831399999996,106400,True
77,Background,10485760,8.1053,8.141143211,0.03584321099999954,10838,True
110,Background,1024,8.10556,8.297622921,0.19206292099999978,1087892,True
100,Background,1024,8.1096,8.437146924,0.32754692399999996,1087892,True
73,Background,1048576,8.11004,8.134467488,0.024427488000000608,10838,True
77,Background,10240,8.11029,8.193492653,0.08320265299999896,1244,True
71,Background,10485760,8.11088,8.779893725,0.669013725000001,1244,True
80,Background,1024,8.11194,8.6060332,0.4940932,10876994,True
83,Background,10240,8.11207,8.240902701,0.12883270100000033,1087892,True
87,Background,102400,8.11274,8.267466077,0.1547260769999994,10876994,True
80,Background,10240,8.11408,8.356155621,0.24207562099999969,106400,True
92,Background,1048576,8.11439,8.170023032,0.05563303199999936,10838,True
63,Background,10240,8.11552,8.298607456,0.1830874559999991,106400,True
64,Background,102400,8.11712,8.298607456,0.18148745599999927,106400,True
77,Background,102400,8.11739,8.36716263,0.24977262999999894,10838,True
85,Background,104857600,8.11757,8.1641359,0.04656589999999916,1087892,True
65,Background,102400,8.11823,8.298607456,0.18037745599999866,106400,True
74,Background,1048576,8.11835,8.383845495,0.2654954949999997,1244,True
100,Background,10240,8.11879,8.323127931,0.20433793099999953,10876994,True
85,Background,10240,8.11975,8.206847686,0.0870976859999999,10838,True
87,Background,102400,8.12251,8.137602203,0.015092203000000026,106400,True
89,Background,102400,8.12373,8.297040111,0.17331011099999927,10838,True
84,Background,102400,8.12428,8.13643172,0.012151719999998534,106400,True
94,Background,102400,8.12453,8.892970218,0.7684402180000003,10838,True
84,Background,1048576,8.12556,8.204176922,0.07861692200000014,106400,True
74,Background,10240,8.12635,8.336942207,0.21059220699999948,106400,True
90,Background,102400,8.12641,8.329338914,0.20292891399999924,106400,True
83,Background,1048576,8.12804,8.220938675,0.09289867499999893,106400,True
68,Background,1024,8.12875,8.137647434,0.008897433999999649,10838,True
80,Background,102400,8.13016,8.67220991,0.5420499099999994,1087892,True
86,Background,10485760,8.13063,8.214819051,0.08418905099999918,10838,True
95,Background,1024,8.1312,8.892970218,0.7617702180000006,10838,True
72,Background,1048576,8.13353,8.52067411,0.3871441099999995,106400,True
85,Background,102400,8.134,8.230986662,0.09698666199999906,10838,True
97,Background,10240,8.13438,8.191288101,0.056908100999999434,10838,True
88,Background,102400,8.13522,8.267466077,0.13224607699999957,10876994,True
79,Background,10240,8.13609,8.325863805,0.18977380499999974,1244,True
83,Background,10240,8.13815,8.158529548,0.02037954800000108,10838,True
98,Background,102400,8.13892,8.191288101,0.052368100999999,10838,True
80,Background,10485760,8.14008,8.530293782,0.390213782,106400,True
87,Background,10240,8.14119,8.226663182,0.08547318199999943,106400,True
91,Background,1048576,8.14371,8.302627894,0.158917894,1244,True
81,Background,10485760,8.14391,8.530293782,0.38638378199999934,106400,True
92,Background,102400,8.1462,8.302627894,0.15642789400000012,1244,True
76,Background,10485760,8.14779,8.418296251,0.2705062509999987,10838,True
84,Background,102400,8.14791,8.240902701,0.09299270100000001,1087892,True
82,Background,102400,8.14798,8.354752707,0.20677270699999895,106400,True
88,Background,10240,8.14818,8.268618871,0.12043887099999928,106400,True
86,Background,1024,8.14868,8.230986662,0.08230666199999881,10838,True
71,Background,10240,8.1488,8.173244388,0.024444388000000927,10838,True
82,Background,1024,8.14885,8.23952314,0.09067313999999982,106400,True
80,Background,10240,8.14909,8.446137061,0.29704706100000067,1087892,True
83,Background,102400,8.14944,8.23952314,0.09008313999999906,106400,True
76,Background,10240,8.14961,8.32769417,0.17808416999999999,1087892,True
81,Background,1048576,8.15122,8.412831023,0.2616110230000004,10838,True
83,Background,102400,8.15127,8.336207911,0.18493791100000045,10838,True
85,Background,1048576,8.15314,8.153198293,5.829300000037563e-05,106400,True
85,Background,10240,8.15375,8.224001568,0.07025156799999976,10876994,True
88,Background,10240,8.15504,8.281183579,0.12614357900000073,1244,True
75,Background,1024,8.15695,8.662254062,0.5053040620000004,10838,True
82,Background,102400,8.15766,8.412831023,0.25517102300000083,10838,True
67,Background,10240,8.15898,8.342795446,0.18381544600000055,106400,True
80,Background,1024,8.1591,8.202302146,0.04320214599999872,1244,True
91,Background,102400,8.16099,8.244943563,0.08395356299999968,10838,True
101,Background,102400,8.16153,8.323127931,0.1615979309999993,10876994,True
82,Background,1048576,8.16181,8.530293782,0.3684837820000002,106400,True
84,Background,10240,8.16297,8.285765944,0.12279594399999993,106400,True
74,Background,1048576,8.16372,8.938055794,0.7743357940000006,106400,True
78,Background,1048576,8.16591,8.42239344,0.25648344000000023,1244,True
93,Background,102400,8.16705,8.180220054,0.013170053999999709,10838,True
100,Background,102400,8.16711,8.318693132,0.15158313200000073,1087892,True
66,Background,102400,8.16711,8.298607456,0.13149745599999996,106400,True
85,Background,1024,8.16739,8.374720478,0.20733047800000115,106400,True
86,Background,1048576,8.16754,8.563481406,0.3959414059999986,10838,True
72,Background,1048576,8.16904,8.173244388,0.004204387999999781,10838,True
99,Background,10240,8.17124,8.191288101,0.02004810100000043,10838,True
101,Background,10240,8.17182,8.437146924,0.265326924,1087892,True
83,Background,102400,8.17185,8.218813182,0.046963182000000714,1087892,True
84,Background,1048576,8.17196,8.414236493,0.24227649300000031,10838,True
78,Background,1048576,8.17198,8.554750754,0.38277075400000093,106400,True
77,Background,102400,8.17327,8.220528015,0.04725801499999882,10838,True
77,Background,1048576,8.17394,8.488574966,0.31463496599999985,1087892,True
86,Background,1048576,8.17416,8.605385853,0.43122585299999905,10838,True
83,Background,1048576,8.17566,8.354752707,0.1790927069999988,106400,True
85,Background,102400,8.17591,8.304145813,0.12823581299999987,106400,True
101,Background,1024,8.17638,8.214039023,0.03765902299999979,1087892,True
84,Background,102400,8.17731,8.218813182,0.04150318199999958,1087892,True
101,Background,1024,8.1775,8.21156063,0.03406062999999904,106400,True
87,Background,10240,8.1788,8.230986662,0.05218666199999866,10838,True
79,Background,1024,8.18009,8.787526751,0.6074367509999998,1087892,True
85,Background,10240,8.18037,8.186649424,0.0062794240000005885,106400,True
84,Background,1024,8.18071,8.39438587,0.2136758700000012,106400,True
76,Background,10485760,8.18165,8.662254062,0.48060406200000116,10838,True
75,Background,10485760,8.18515,8.327856833,0.1427068330000001,10838,True
70,Background,102400,8.18766,8.396711924,0.2090519240000006,10838,True
86,Background,10240,8.19169,8.213285182,0.021595182000000435,10838,True
69,Background,1048576,8.19203,8.377123482,0.1850934819999992,10838,True
111,Background,1048576,8.19274,8.297622921,0.10488292099999974,1087892,True
87,Background,102400,8.19417,8.213285182,0.019115182000000175,10838,True
77,Background,10240,8.19878,8.662254062,0.4634740620000013,10838,True
79,Background,102400,8.20145,8.42239344,0.220943440000001,1244,True
89,Background,10240,8.20149,8.283843721,0.08235372100000049,1244,True
69,Background,10485760,8.20217,8.817158158,0.6149881579999992,106400,True
69,Background,102400,8.20231,8.221883266,0.01957326600000009,106400,True
82,Background,102400,8.203,8.286682875,0.08368287500000093,10876994,True
77,Background,10240,8.20473,8.342882524,0.13815252400000055,10876994,True
91,Background,1024,8.20586,8.266189852,0.06032985200000063,1244,True
87,Background,10485760,8.20602,8.605385853,0.39936585299999905,10838,True
81,Background,1048576,8.20611,8.356155621,0.15004562099999852,106400,True
85,Background,10240,8.20747,8.218813182,0.011343181999999175,1087892,True
70,Background,102400,8.20784,8.377123482,0.16928348200000087,10838,True
81,Background,1048576,8.20947,8.490514545,0.2810445450000003,10838,True
83,Background,102400,8.21083,8.286682875,0.07585287500000071,10876994,True
80,Background,10240,8.21337,8.325863805,0.11249380499999972,1244,True
84,Background,102400,8.21521,8.354752707,0.1395427069999986,106400,True
75,Background,1024,8.21563,8.636520163,0.42089016299999926,1244,True
87,Background,102400,8.21668,8.563481406,0.3468014059999991,10838,True
82,Background,1024,8.21789,8.542642597,0.3247525969999998,10838,True
102,Background,1048576,8.21809,8.323127931,0.10503793100000003,10876994,True
84,Background,102400,8.21972,8.286682875,0.06696287499999976,10876994,True
88,Background,102400,8.22016,8.304580168,0.08442016799999941,106400,True
82,Background,102400,8.22169,8.356155621,0.1344656209999986,106400,True
85,Background,102400,8.22245,9.139585948,0.9171359480000003,1087892,True
67,Background,1024,8.22254,8.298607456,0.07606745599999876,106400,True
88,Background,1048576,8.22387,8.226663182,0.002793181999999561,106400,True
89,Background,10240,8.22487,8.4826217,0.25775170000000003,106400,True
92,Background,102400,8.22536,8.244943563,0.019583562999999415,10838,True
85,Background,1024,8.22569,8.240902701,0.015212700999999385,1087892,True
87,Background,10485760,8.22689,8.251165495,0.024275495000001257,106400,True
88,Background,1024,8.22774,8.605385853,0.37764585299999887,10838,True
93,Background,10240,8.22789,8.234215857,0.006325857000000212,10838,True
70,Background,102400,8.2291,8.817158158,0.588058157999999,106400,True
86,Background,102400,8.23074,8.405807633,0.1750676329999994,106400,True
72,Background,1048576,8.2311,8.779893725,0.5487937250000012,1244,True
78,Background,10240,8.23162,8.342882524,0.1112625240000007,10876994,True
88,Background,1048576,8.23215,8.450262193,0.21811219299999962,10838,True
81,Background,1024,8.23313,8.417386414,0.18425641400000004,1244,True
78,Background,1048576,8.23364,8.966851731,0.7332117310000008,10838,True
81,Background,102400,8.23421,8.453058559,0.21884855900000133,10838,True
80,Background,10240,8.23443,8.42239344,0.18796344000000076,1244,True
78,Background,1024,8.23475,8.488574966,0.2538249659999998,1087892,True
80,Background,1024,8.23475,8.787526751,0.5527767509999997,1087892,True
79,Background,102400,8.23541,8.554750754,0.3193407540000006,106400,True
102,Background,1048576,8.23677,8.375974955,0.1392049550000003,10876994,True
84,Background,1048576,8.23682,8.296261846,0.05944184600000035,10838,True
74,Background,102400,8.23722,8.2991501,0.061930099999999655,1087892,True
80,Background,102400,8.23795,9.091039556,0.8530895560000005,1087892,True
91,Background,1024,8.23878,8.329338914,0.09055891399999894,106400,True
89,Background,1024,8.24036,8.605385853,0.3650258529999988,10838,True
83,Background,10485760,8.24054,8.542642597,0.3021025970000011,10838,True
75,Background,10240,8.24221,8.383845495,0.14163549499999917,1244,True
75,Background,10240,8.24226,8.938055794,0.6957957940000004,106400,True
82,Background,102400,8.24642,8.417386414,0.17096641399999868,1244,True
89,Background,10240,8.24657,8.280232754,0.03366275399999985,10838,True
85,Background,1048576,8.24678,8.285765944,0.03898594400000022,106400,True
81,Background,1048576,8.24799,8.42239344,0.17440344000000074,1244,True
89,Background,10485760,8.24935,8.268618871,0.01926887099999952,106400,True
65,Background,102400,8.25004,8.322853473,0.07281347300000007,106400,True
86,Background,1024,8.25099,8.304145813,0.05315581300000005,106400,True
75,Background,10240,8.25104,8.336942207,0.08590220700000017,106400,True
82,Background,1024,8.25375,8.490514545,0.23676454499999977,10838,True
89,Background,1024,8.25419,8.281183579,0.026993579000000878,1244,True
88,Background,102400,8.25669,8.341206934,0.08451693399999982,106400,True
83,Background,1048576,8.25693,8.371189962,0.11425996200000021,1244,True
69,Background,10240,8.25728,8.314285773,0.057005773000000204,10838,True
79,Background,10485760,8.25742,8.488574966,0.23115496600000007,1087892,True
70,Background,10485760,8.25896,8.360607807,0.10164780699999909,1087892,True
88,Background,102400,8.26044,8.563481406,0.3030414060000002,10838,True
85,Background,10240,8.26128,8.39438587,0.1331058700000014,106400,True
71,Background,102400,8.26259,8.817158158,0.5545681580000004,106400,True
69,Background,102400,8.2627,8.42814726,0.16544725999999876,106400,True
93,Background,10240,8.26319,8.42377677,0.1605867700000001,10876994,True
87,Background,1024,8.26457,8.304145813,0.039575812999999016,106400,True
83,Background,1024,8.2647,8.417386414,0.15268641399999971,1244,True
73,Background,10240,8.26771,8.779893725,0.5121837250000016,1244,True
84,Background,10240,8.26805,8.888115069,0.6200650689999989,1087892,True
65,Background,10240,8.2681,8.423768095,0.15566809499999934,106400,True
81,Background,1024,8.26866,8.787526751,0.5188667509999991,1087892,True
82,Background,102400,8.26946,8.453058559,0.183598559,10838,True
87,Background,10485760,8.26962,8.405807633,0.13618763300000047,106400,True
86,Background,1024,8.26966,8.374720478,0.1050604780000004,106400,True
82,Background,102400,8.27029,8.42239344,0.1521034400000012,1244,True
85,Background,1048576,8.2703,8.398965877,0.12866587699999954,106400,True
92,Background,1048576,8.27378,8.63370547,0.3599254700000003,1087892,True
102,Background,1024,8.27429,8.577961721,0.30367172099999884,106400,True
76,Background,10240,8.27553,8.636520163,0.3609901630000003,1244,True
87,Background,102400,8.27596,8.761417706,0.48545770600000004,1087892,True
84,Background,104857600,8.27607,9.115599881,0.8395298809999989,10838,True
84,Background,1024,8.27633,8.542642597,0.26631259700000065,10838,True
85,Background,102400,8.27879,8.891592203,0.6128022029999993,10838,True
75,Background,102400,8.27955,8.77013177,0.49058177000000036,1087892,True
101,Background,10485760,8.28302,8.318693132,0.03567313199999944,1087892,True
74,Background,104857600,8.2831,8.779893725,0.49679372500000163,1244,True
84,Background,102400,8.28312,8.371189962,0.0880699620000005,1244,True
71,Background,1024,8.28323,8.396711924,0.11348192400000023,10838,True
75,Background,102400,8.28412,8.779893725,0.49577372500000116,1244,True
97,Background,102400,8.28426,8.332574664,0.0483146639999994,106400,True
91,Background,102400,8.28515,8.438915381,0.15376538099999948,106400,True
69,Background,1024,8.28588,8.356031595,0.07015159499999868,1087892,True
85,Background,104857600,8.28859,8.304034816,0.015444816000000472,106400,True
83,Background,102400,8.28917,8.395046169,0.10587616900000008,106400,True
80,Background,1048576,8.28943,8.420926075,0.13149607500000116,1244,True
73,Background,102400,8.28989,8.485442319,0.1955523190000008,106400,True
88,Background,1048576,8.29099,8.304145813,0.013155812999999128,106400,True
68,Background,102400,8.29136,8.342795446,0.05143544600000105,106400,True
88,Background,102400,8.29253,8.618821936,0.3262919360000005,106400,True
83,Background,10240,8.29351,8.356155621,0.06264562099999971,106400,True
81,Background,102400,8.29374,8.325863805,0.03212380499999945,1244,True
80,Background,102400,8.29439,8.488574966,0.1941849659999999,1087892,True
90,Background,10240,8.29462,8.335410756,0.04079075599999982,10838,True
89,Background,10240,8.29472,8.304580168,0.009860167999999447,106400,True
85,Background,102400,8.2952,8.414236493,0.11903649300000119,10838,True
83,Background,1024,8.29524,8.490514545,0.1952745450000002,10838,True
79,Background,10240,8.29545,8.442668289,0.14721828899999956,10838,True
70,Background,102400,8.29638,8.584227499,0.2878474990000015,1087892,True
69,Background,102400,8.29891,8.342795446,0.04388544600000088,106400,True
85,Background,104857600,8.29909,8.888115069,0.5890250689999998,1087892,True
93,Background,102400,8.29962,8.302627894,0.003007893999999567,1244,True
79,Background,10240,8.30047,8.966851731,0.6663817309999995,10838,True
91,Background,10240,8.30072,8.477239842,0.17651984199999937,10838,True
86,Background,1024,8.30182,8.304034816,0.002214816000000397,106400,True
96,Background,10240,8.30255,8.892970218,0.5904202180000002,10838,True
86,Background,102400,8.30263,8.891592203,0.5889622029999995,10838,True
70,Background,102400,8.30273,8.356031595,0.05330159499999887,1087892,True
102,Background,102400,8.30291,8.437146924,0.13423692399999965,1087892,True
89,Background,102400,8.30526,8.563481406,0.25822140599999877,10838,True
86,Background,102400,8.30536,8.318121274,0.012761273999998934,106400,True
90,Background,1024,8.30574,8.559982882,0.2542428819999998,1244,True
90,Background,10485760,8.30811,8.605385853,0.29727585300000037,10838,True
66,Background,10485760,8.30855,8.322853473,0.014303473000000011,106400,True
80,Background,1024,8.31068,8.554750754,0.2440707540000009,106400,True
78,Background,1048576,8.3109,8.539636649,0.22873664900000001,10838,True
86,Background,102400,8.31121,8.414236493,0.10302649299999977,10838,True
103,Background,1024,8.31227,8.375974955,0.0637049550000004,10876994,True
81,Background,10485760,8.31343,8.420926075,0.10749607500000025,1244,True
65,Background,1024,8.31497,8.408931832,0.09396183199999975,10838,True
84,Background,10485760,8.31549,8.441654935,0.12616493500000026,106400,True
78,Background,1024,8.3157,8.317061393,0.001361392999999822,106400,True
87,Background,10240,8.31787,8.39176221,0.07389221000000035,106400,True
78,Background,1048576,8.31815,8.662254062,0.3441040620000013,10838,True
74,Background,10240,8.31884,8.434790723,0.11595072300000098,106400,True
78,Background,102400,8.31967,8.443204347,0.12353434699999966,10838,True
81,Background,10240,8.32156,8.446137061,0.1245770610000001,1087892,True
87,Background,1048576,8.32221,8.374720478,0.052510478000000305,106400,True
92,Background,102400,8.32369,8.438915381,0.11522538100000013,106400,True
76,Background,10240,8.32389,8.336942207,0.013052206999999427,106400,True
79,Background,10240,8.32528,8.539636649,0.21435664900000084,10838,True
103,Background,1024,8.3257,8.437146924,0.11144692400000089,1087892,True
76,Background,1048576,8.32639,8.779893725,0.4535037250000009,1244,True
82,Background,102400,8.32657,8.446137061,0.1195670609999997,1087892,True
104,Background,10485760,8.32693,8.375974955,0.04904495499999939,10876994,True
88,Background,102400,8.32932,8.766426554,0.4371065540000014,1087892,True
71,Background,1048576,8.32985,8.377123482,0.04727348199999959,10838,True
81,Background,1024,8.331,8.554750754,0.223750754000001,106400,True
76,Background,1048576,8.33135,8.938055794,0.6067057939999998,106400,True
84,Background,1024,8.3322,8.395046169,0.06284616900000017,106400,True
83,Background,102400,8.33306,8.42239344,0.08933344000000076,1244,True
79,Background,1048576,8.33413,8.436835616,0.10270561599999972,1087892,True
84,Background,10240,8.33482,8.490514545,0.15569454499999935,10838,True
85,Background,102400,8.33583,9.115599881,0.779769881,10838,True
85,Background,10240,8.33593,8.542642597,0.206712597000001,10838,True
94,Background,10240,8.33931,8.36976654,0.030456540000001198,1244,True
85,Background,10240,8.33946,8.862193464,0.5227334639999999,10838,True
85,Background,102400,8.34055,8.490514545,0.14996454499999956,10838,True
79,Background,102400,8.34059,8.468701587,0.12811158699999936,106400,True
93,Background,1048576,8.34303,8.63370547,0.29067547000000005,1087892,True
87,Background,10240,8.34336,8.414236493,0.0708764930000001,10838,True
93,Background,1048576,8.34373,8.473255746,0.12952574599999878,106400,True
81,Background,102400,8.34449,8.506329084,0.16183908400000035,1244,True
94,Background,1024,8.34704,8.872613753,0.5255737529999998,1087892,True
86,Background,102400,8.34848,8.862193464,0.5137134640000003,10838,True
84,Background,102400,8.34856,8.58553917,0.23697916999999968,10838,True
91,Background,102400,8.34866,8.559982882,0.21132288199999927,1244,True
84,Background,102400,8.34982,8.417386414,0.06756641399999985,1244,True
104,Background,1024,8.35092,8.437146924,0.08622692399999998,1087892,True
86,Background,10240,8.35167,9.115599881,0.7639298809999993,10838,True
86,Background,1048576,8.35187,8.392900282,0.041030281999999474,106400,True
72,Background,1048576,8.35254,8.377123482,0.0245834820000006,10838,True
86,Background,1048576,8.35445,8.888115069,0.5336650689999995,1087892,True
76,Background,10485760,8.35624,8.388658191,0.03241819099999965,106400,True
73,Background,10485760,8.35866,8.52067411,0.16201410999999943,106400,True
94,Background,10240,8.35869,8.63370547,0.27501547000000137,1087892,True
75,Background,10485760,8.35874,8.434790723,0.0760507230000016,106400,True
105,Background,10240,8.35948,8.479524746,0.12004474599999959,106400,True
68,Background,1024,8.35953,8.756311248,0.3967812479999999,106400,True
103,Background,1024,8.36021,8.577961721,0.21775172099999907,106400,True
85,Background,1024,8.36174,8.371189962,0.009449962000001477,1244,True
89,Background,102400,8.36179,8.766426554,0.4046365540000014,1087892,True
87,Background,1024,8.36384,8.888115069,0.5242750689999998,1087892,True
103,Background,10240,8.36548,8.855380128,0.4899001280000004,1087892,True
86,Background,1048576,8.36624,8.542642597,0.17640259700000094,10838,True
100,Background,1024,8.36802,8.704486137,0.3364661370000004,10838,True
89,Background,10485760,8.36916,8.381178662,0.012018661999999125,106400,True
87,Background,10240,8.37052,8.392900282,0.02238028199999853,106400,True
112,Background,1024,8.3724,8.449021792,0.07662179199999919,1087892,True
86,Background,10240,8.37268,8.39438587,0.021705869999999905,106400,True
87,Background,10485760,8.37284,8.39438587,0.021545870000000633,106400,True
84,Background,10240,8.37367,8.42239344,0.04872343999999984,1244,True
83,Background,1024,8.37373,8.446137061,0.07240706099999983,1087892,True
66,Background,1024,8.37378,8.423768095,0.04998809499999979,106400,True
90,Background,1048576,8.37468,8.873908649,0.49922864900000086,1244,True
90,Background,1048576,8.37514,8.493146288,0.11800628800000013,10838,True
80,Background,102400,8.37799,8.468701587,0.09071158699999948,106400,True
76,Background,1048576,8.37832,8.680607603,0.3022876029999999,106400,True
90,Background,10240,8.37864,8.766426554,0.38778655399999984,1087892,True
82,Background,10240,8.37911,8.554750754,0.1756407539999998,106400,True
82,Background,10240,8.37958,8.869642052,0.49006205199999897,106400,True
75,Background,102400,8.37987,8.443809768,0.06393976799999912,106400,True
77,Background,1024,8.38112,8.636520163,0.2554001630000009,1244,True
87,Background,10240,8.38161,8.720190945,0.33858094500000036,10876994,True
74,Background,10240,8.38262,8.807007729,0.4243877290000011,1087892,True
88,Background,102400,8.38265,8.70997697,0.32732696999999966,10838,True
104,Background,10485760,8.38349,8.855380128,0.4718901280000001,1087892,True
67,Background,102400,8.38377,8.598429329,0.21465932899999984,10838,True
83,Background,10240,8.38487,8.453058559,0.06818855900000109,10838,True
95,Background,1024,8.38562,8.872613753,0.48699375300000014,1087892,True
87,Background,10240,8.38589,8.688959723,0.3030697230000001,106400,True
94,Background,10485760,8.38631,8.652794118,0.26648411799999927,1087892,True
87,Background,10485760,8.38687,8.891592203,0.504722203,10838,True
81,Background,10240,8.38965,8.67220991,0.2825599099999998,1087892,True
88,Background,10485760,8.39028,8.888115069,0.49783506899999885,1087892,True
86,Background,10485760,8.39265,8.610614929,0.21796492900000075,106400,True
81,Background,1024,8.39425,8.690390429,0.29614042900000115,1087892,True
79,Background,102400,8.39427,8.443204347,0.048934346999999434,10838,True
105,Background,10240,8.39483,8.437146924,0.042316923999999645,1087892,True
95,Background,102400,8.39562,8.652794118,0.257174118,1087892,True
80,Background,1024,8.39581,8.966851731,0.5710417309999993,10838,True
98,Background,1024,8.39666,8.586159395,0.18949939499999857,1244,True
88,Background,102400,8.39699,8.891592203,0.49460220299999946,10838,True
94,Background,102400,8.3972,8.473255746,0.07605574599999976,106400,True
85,Background,102400,8.39751,8.443615558,0.046105557999998936,10876994,True
67,Background,102400,8.3985,8.423768095,0.02526809499999949,106400,True
81,Background,1048576,8.39911,8.966851731,0.5677417309999999,10838,True
84,Background,1024,8.39949,8.937657254,0.5381672539999993,106400,True
81,Background,10485760,8.40009,8.488574966,0.08848496599999933,1087892,True
106,Background,102400,8.40124,8.479524746,0.07828474599999957,106400,True
77,Background,1024,8.40267,8.779893725,0.37722372500000034,1244,True
86,Background,102400,8.40297,8.461468279,0.05849827900000015,1244,True
80,Background,102400,8.40338,8.539636649,0.1362566489999999,10838,True
75,Background,102400,8.40522,8.807007729,0.4017877290000005,1087892,True
92,Background,102400,8.40594,8.477239842,0.07129984200000017,10838,True
83,Background,10485760,8.40716,8.530293782,0.12313378200000002,106400,True
77,Background,10485760,8.40748,8.938055794,0.5305757940000007,106400,True
72,Background,10240,8.4076,8.805907956,0.398307956,106400,True
99,Background,10240,8.40786,8.586159395,0.1782993949999998,1244,True
89,Background,102400,8.40789,8.450262193,0.04237219300000028,10838,True
78,Background,102400,8.40822,8.591393099,0.18317309899999934,10838,True
80,Background,102400,8.40976,8.442668289,0.03290828899999987,10838,True
82,Background,1024,8.41179,8.488574966,0.07678496599999995,1087892,True
77,Background,1048576,8.41365,8.431543544,0.01789354399999965,10838,True
91,Background,10240,8.41393,8.766426554,0.352496554,1087892,True
85,Background,102400,8.41413,8.58553917,0.17140917000000044,10838,True
89,Background,102400,8.41424,8.447148476,0.03290847600000113,1087892,True
77,Background,1048576,8.41467,8.680607603,0.26593760300000113,106400,True
85,Background,1048576,8.41584,8.441654935,0.025814935000001427,106400,True
86,Background,10485760,8.41617,8.490514545,0.07434454500000065,10838,True
83,Background,10240,8.41704,8.869642052,0.4526020519999996,106400,True
82,Background,10240,8.41734,8.690390429,0.2730504290000013,1087892,True
95,Background,1024,8.41818,8.63370547,0.2155254700000011,1087892,True
92,Background,1024,8.41867,8.608643458,0.18997345799999898,106400,True
76,Background,102400,8.4191,8.682738176,0.2636381760000006,1087892,True
70,Background,1024,8.41966,8.555687817,0.13602781700000044,106400,True
94,Background,10240,8.42024,8.633490176,0.21325017600000074,1244,True
88,Background,102400,8.42033,8.528304878,0.10797487800000027,1087892,True
80,Background,102400,8.42134,8.443204347,0.021864346999999285,10838,True
87,Background,1024,8.42161,8.490514545,0.06890454500000054,10838,True
86,Background,10240,8.42175,8.760452526,0.3387025260000005,106400,True
74,Background,102400,8.42536,8.485442319,0.06008231900000105,106400,True
82,Background,1024,8.42537,8.787526751,0.36215675100000055,1087892,True
73,Background,1048576,8.42583,8.805907956,0.38007795600000094,106400,True
96,Background,1048576,8.42715,8.872613753,0.4454637530000003,1087892,True
87,Background,10240,8.42848,8.461468279,0.032988278999999565,1244,True
81,Background,1024,8.42981,8.468701587,0.03889158700000017,106400,True
77,Background,10485760,8.43024,8.705664826,0.27542482600000007,10838,True
86,Background,1024,8.43141,8.953418086,0.5220080859999996,108768230,True
88,Background,1048576,8.43244,8.720190945,0.28775094500000087,10876994,True
97,Background,10240,8.43541,8.872613753,0.43720375300000036,1087892,True
101,Background,10240,8.43547,8.704486137,0.2690161369999995,10838,True
93,Background,10240,8.4358,8.477239842,0.04143984199999906,10838,True
84,Background,10240,8.43649,8.530293782,0.09380378200000017,106400,True
87,Background,1024,8.43658,9.115599881,0.6790198810000003,10838,True
86,Background,10485760,8.43701,8.515026014,0.07801601399999925,1244,True
78,Background,102400,8.43852,8.676836283,0.23831628299999963,1087892,True
68,Background,102400,8.43919,8.598429329,0.15923932900000004,10838,True
87,Background,102400,8.43921,8.542642597,0.10343259700000118,10838,True
93,Background,102400,8.44163,8.608643458,0.16701345799999956,106400,True
74,Background,102400,8.44208,8.805907956,0.36382795599999973,106400,True
78,Background,102400,8.4425,8.938055794,0.4955557939999995,106400,True
86,Background,10485760,8.44317,9.139585948,0.6964159480000003,1087892,True
77,Background,102400,8.44352,8.682738176,0.2392181760000014,1087892,True
90,Background,10240,8.44356,8.450262193,0.0067021930000006336,10838,True
76,Background,1048576,8.4442,8.807007729,0.362807729,1087892,True
86,Background,1048576,8.44486,8.569542628,0.1246826280000004,10838,True
89,Background,102400,8.44616,8.70997697,0.2638169699999988,10838,True
87,Background,1048576,8.44698,8.862193464,0.4152134640000007,10838,True
79,Background,1024,8.44738,8.662254062,0.2148740619999998,10838,True
95,Background,10485760,8.44758,8.6131284,0.16554840000000048,1244,True
81,Background,10485760,8.44765,8.539636649,0.09198664900000075,10838,True
95,Background,10240,8.45002,8.473255746,0.023235745999999224,106400,True
102,Background,102400,8.45071,8.704486137,0.2537761369999991,10838,True
82,Background,10240,8.45104,8.468701587,0.0176615869999992,106400,True
98,Background,10485760,8.45131,8.872613753,0.4213037530000001,1087892,True
102,Background,10240,8.45163,8.548940756,0.09731075600000061,1087892,True
97,Background,10240,8.45231,8.892970218,0.44066021799999966,10838,True
90,Background,102400,8.45237,8.563481406,0.11111140599999914,10838,True
82,Background,1024,8.4538,8.539636649,0.08583664900000088,10838,True
66,Background,10240,8.45535,8.892421421,0.4370714210000006,1087892,True
91,Background,1024,8.45618,8.493146288,0.03696628800000035,10838,True
100,Background,1024,8.45658,8.586159395,0.1295793949999986,1244,True
88,Background,1048576,8.45912,8.862193464,0.4030734640000002,10838,True
90,Background,1048576,8.45914,8.762554174,0.30341417400000026,1244,True
74,Background,102400,8.45935,8.52067411,0.061324109999999266,106400,True
75,Background,1048576,8.45937,8.485442319,0.026072319000000732,106400,True
91,Background,1024,8.46035,8.873908649,0.4135586490000005,1244,True
70,Background,102400,8.46067,8.603106985,0.1424369849999998,1244,True
83,Background,10240,8.46216,8.690390429,0.2282304289999999,1087892,True
84,Background,102400,8.46227,8.646206359,0.1839363590000005,10838,True
92,Background,102400,8.46312,8.493146288,0.03002628800000018,10838,True
94,Background,1024,8.46486,8.477239842,0.012379841999999641,10838,True
89,Background,10485760,8.46626,8.662120993,0.19586099300000015,10876994,True
83,Background,102400,8.46826,8.539636649,0.0713766489999994,10838,True
66,Background,1024,8.4686,8.847080138,0.37848013800000047,10838,True
81,Background,1048576,8.46862,8.567773172,0.09915317200000118,1244,True
90,Background,1048576,8.4698,8.699863661,0.23006366100000086,108768230,True
71,Background,102400,8.47007,8.555687817,0.08561781700000104,106400,True
83,Background,1048576,8.47016,8.488574966,0.01841496599999992,1087892,True
91,Background,1024,8.47034,8.699863661,0.229523661,108768230,True
67,Background,102400,8.47119,8.847080138,0.3758901380000008,10838,True
88,Background,10240,8.47288,9.115599881,0.6427198809999997,10838,True
79,Background,1024,8.47358,8.591393099,0.11781309899999926,10838,True
89,Background,1048576,8.47373,8.528304878,0.05457487800000038,1087892,True
72,Background,10240,8.47379,8.555687817,0.08189781700000154,106400,True
91,Background,10485760,8.47572,8.941824487,0.46610448699999907,10838,True
88,Background,10485760,8.47646,8.540293438,0.06383343800000141,10838,True
79,Background,10240,8.47822,8.486387314,0.008167313999999593,1087892,True
78,Background,102400,8.4783,8.779893725,0.30159372500000003,1244,True
81,Background,102400,8.47836,8.6060332,0.12767320000000026,10876994,True
85,Background,102400,8.4784,9.05665171,0.57825171,10876994,True
83,Background,10485760,8.47973,8.534863046,0.05513304599999991,1087892,True
84,Background,1024,8.47985,8.539636649,0.059786648999999414,10838,True
89,Background,1048576,8.47991,8.517537752,0.03762775200000057,106400,True
86,Background,102400,8.48055,8.538154451,0.05760445100000133,106400,True
88,Background,102400,8.48058,8.761417706,0.2808377059999998,1087892,True
71,Background,10240,8.48194,8.603106985,0.12116698500000034,1244,True
88,Background,102400,8.48231,8.81379299,0.3314829899999996,1087892,True
85,Background,102400,8.48335,8.954942766,0.47159276600000055,10838,True
74,Background,1024,8.48413,8.568286604,0.08415660400000036,106400,True
73,Background,1048576,8.48642,8.664529595,0.17810959499999868,106400,True
85,Background,1048576,8.48719,8.937657254,0.45046725399999943,106400,True
89,Background,1048576,8.48723,8.540293438,0.05306343800000057,10838,True
83,Background,102400,8.48814,8.787526751,0.2993867510000001,1087892,True
82,Background,1024,8.48872,8.567773172,0.07905317200000006,1244,True
77,Background,1048576,8.48904,8.572929024,0.0838890240000012,106400,True
100,Background,10240,8.48941,8.738284065,0.24887406500000075,106400,True
84,Background,1048576,8.4903,8.558976568,0.06867656800000077,1087892,True
90,Background,1048576,8.49135,8.528304878,0.036954877999999525,1087892,True
84,Background,10240,8.49174,8.787526751,0.2957867509999996,1087892,True
105,Background,1024,8.49193,8.855380128,0.3634501280000002,1087892,True
101,Background,1048576,8.49366,8.738284065,0.244624065,106400,True
82,Background,10240,8.49392,8.67220991,0.17828991000000016,1087892,True
107,Background,1024,8.49414,8.555928883,0.06178888300000018,10838,True
84,Background,1048576,8.49426,8.535294607,0.04103460700000028,10838,True
102,Background,104857600,8.49482,8.738284065,0.2434640649999995,106400,True
81,Background,1024,8.49507,9.091039556,0.595969556,1087892,True
89,Background,102400,8.49533,8.862193464,0.36686346400000147,10838,True
82,Background,10240,8.49542,8.6060332,0.1106132000000013,10876994,True
79,Background,1048576,8.49676,8.779893725,0.2831337250000008,1244,True
86,Background,10240,8.49676,8.757078207,0.2603182069999992,10838,True
75,Background,10485760,8.497,8.52067411,0.02367410999999997,106400,True
88,Background,10485760,8.49708,8.688959723,0.19187972299999956,106400,True
90,Background,10240,8.49743,8.498928973,0.0014989730000003476,106400,True
83,Background,10485760,8.49758,8.6060332,0.10845320000000136,10876994,True
73,Background,102400,8.4976,8.648658309,0.15105830899999972,106400,True
76,Background,1024,8.49783,8.585649218,0.08781921799999992,1244,True
75,Background,102400,8.49799,8.568286604,0.07029660400000104,106400,True
85,Background,10240,8.49892,8.655543217,0.15662321699999993,106400,True
108,Background,1048576,8.4996,8.555928883,0.05632888300000083,10838,True
75,Background,102400,8.49972,8.805907956,0.3061879560000005,106400,True
84,Background,102400,8.49985,8.534863046,0.03501304599999955,1087892,True
86,Background,102400,8.49993,8.58553917,0.08560916999999968,10838,True
88,Background,10485760,8.5014,8.542642597,0.0412425970000001,10838,True
89,Background,102400,8.50158,8.891592203,0.3900122029999995,10838,True
83,Background,1024,8.50366,8.570636563,0.06697656300000077,106400,True
78,Background,102400,8.50388,8.682738176,0.1788581760000003,1087892,True
85,Background,10240,8.50471,8.539636649,0.034926649000000864,10838,True
74,Background,10485760,8.50472,8.664529595,0.1598095949999987,106400,True
82,Background,10240,8.50544,8.917188326,0.41174832599999966,1087892,True
98,Background,10240,8.50737,8.892970218,0.38560021800000044,10838,True
89,Background,102400,8.50786,8.720190945,0.21233094499999972,10876994,True
83,Background,102400,8.50901,8.554750754,0.04574075400000055,106400,True
106,Background,102400,8.50938,8.855380128,0.346000128,1087892,True
91,Background,10485760,8.51041,8.556124938,0.045714937999999705,10876994,True
94,Background,10485760,8.51127,8.608643458,0.09737345799999986,106400,True
90,Background,1024,8.51526,8.517537752,0.002277752000001243,106400,True
85,Background,1024,8.51616,8.534863046,0.01870304600000061,1087892,True
87,Background,10240,8.51677,8.538154451,0.021384451000001192,106400,True
76,Background,102400,8.51678,8.52067411,0.0038941099999991735,106400,True
81,Background,10240,8.51738,8.583877306,0.06649730600000048,10838,True
78,Background,1048576,8.51924,8.636520163,0.11728016300000021,1244,True
92,Background,10240,8.51927,8.766426554,0.24715655400000003,1087892,True
79,Background,10240,8.52087,8.676836283,0.1559662829999997,1087892,True
77,Background,10485760,8.5209,8.52067411,-0.00022588999999939574,106400,True
87,Background,102400,8.5211,9.139585948,0.618485948,1087892,True
68,Background,1048576,8.52357,8.601514229,0.07794422899999986,106400,True
89,Background,10240,8.52412,8.688959723,0.16483972300000005,106400,True
90,Background,10240,8.52498,8.70997697,0.18499697000000026,10838,True
96,Background,10240,8.52535,8.652794118,0.12744411799999966,1087892,True
93,Background,10240,8.52615,8.766426554,0.24027655400000114,1087892,True
87,Background,1024,8.52647,8.569542628,0.04307262800000089,10838,True
95,Background,10240,8.52717,8.608643458,0.08147345799999961,106400,True
85,Background,10485760,8.52734,8.787526751,0.2601867509999991,1087892,True
97,Background,1048576,8.52775,8.652794118,0.12504411799999993,1087892,True
92,Background,10240,8.52806,8.873908649,0.34584864900000056,1244,True
80,Background,1024,8.52968,8.65542852,0.12574851999999836,10876994,True
99,Background,1048576,8.53259,8.872613753,0.34002375299999876,1087892,True
90,Background,1024,8.53309,8.675135487,0.14204548700000075,10876994,True
106,Background,1048576,8.53384,8.869644474,0.3358044739999997,10838,True
89,Background,102400,8.53415,8.542642597,0.008492597000000046,10838,True
79,Background,10240,8.53616,8.682738176,0.14657817600000023,1087892,True
71,Background,10240,8.53873,9.126395149,0.5876651490000011,10876994,True
79,Background,10240,8.53929,8.938055794,0.3987657940000009,106400,True
80,Background,102400,8.53943,8.591393099,0.05196309899999996,10838,True
76,Background,10240,8.54168,8.77013177,0.22845177000000128,1087892,True
89,Background,1048576,8.54179,8.761417706,0.21962770599999892,1087892,True
81,Background,102400,8.54194,8.65542852,0.11348851999999887,10876994,True
88,Background,102400,8.54239,9.336043288,0.7936532880000016,106400,True
96,Background,1024,8.54263,8.63370547,0.09107546999999983,1087892,True
83,Background,1048576,8.54313,8.67220991,0.12907990999999974,1087892,True
88,Background,1024,8.54433,9.139585948,0.5952559480000001,1087892,True
68,Background,102400,8.54514,8.847080138,0.30194013800000086,10838,True
87,Background,102400,8.54532,8.953418086,0.40809808599999897,108768230,True
80,Background,102400,8.546,8.938055794,0.3920557940000009,106400,True
77,Background,1048576,8.54692,8.77013177,0.2232117700000007,1087892,True
76,Background,1024,8.54742,8.772526098,0.22510609799999948,106400,True
83,Background,1024,8.54745,8.567773172,0.02032317200000122,1244,True
69,Background,1048576,8.54783,8.847080138,0.29925013800000144,10838,True
90,Background,10240,8.54846,8.761417706,0.2129577059999992,1087892,True
78,Background,1024,8.55029,8.705664826,0.1553748259999992,10838,True
96,Background,1024,8.55117,8.6131284,0.06195839999999997,1244,True
70,Background,10240,8.55352,8.737373215,0.18385321499999918,10838,True
92,Background,1024,8.55367,9.065922127,0.512252127,10838,True
90,Background,10240,8.55566,8.662120993,0.10646099300000067,10876994,True
91,Background,1024,8.55896,8.694008832,0.13504883199999895,10838,True
75,Background,102400,8.55925,9.252696413,0.6934464130000002,108768230,True
86,Background,10240,8.56142,8.954942766,0.39352276600000025,10838,True
84,Background,10240,8.56292,8.652810489,0.08989048900000007,106400,True
107,Background,1048576,8.56346,8.869644474,0.30618447400000015,10838,True
88,Background,1048576,8.5638,8.953418086,0.3896180859999987,108768230,True
77,Background,10240,8.56525,8.772526098,0.20727609799999946,106400,True
80,Background,102400,8.56586,8.662254062,0.09639406199999989,10838,True
87,Background,102400,8.56592,8.757078207,0.19115820699999908,10838,True
91,Background,102400,8.56719,8.675135487,0.10794548700000028,10876994,True
96,Background,102400,8.56791,8.608643458,0.040733458000000056,106400,True
76,Background,10240,8.56918,9.252696413,0.6835164130000013,108768230,True
85,Background,102400,8.56925,8.722091419,0.1528414189999996,10838,True
87,Background,10485760,8.56981,8.610614929,0.0408049290000001,106400,True
84,Background,10240,8.56991,8.919131542,0.34922154200000044,10838,True
88,Background,1048576,8.57048,8.735661807,0.16518180699999974,106400,True
99,Background,1024,8.57088,8.892970218,0.3220902179999996,10838,True
88,Background,102400,8.57214,8.757078207,0.18493820700000008,10838,True
113,Background,10485760,8.57255,8.580164624,0.007614624000000347,10838,True
93,Background,102400,8.57271,9.065922127,0.4932121269999996,10838,True
82,Background,10240,8.57422,8.653473448,0.07925344799999934,1244,True
71,Background,102400,8.57447,8.737373215,0.16290321500000005,10838,True
87,Background,1048576,8.57483,8.58553917,0.010709170000000157,10838,True
86,Background,1048576,8.5768,8.70795481,0.13115480999999996,106400,True
97,Background,102400,8.57723,8.608643458,0.031413457999999395,106400,True
70,Background,1048576,8.57841,8.847080138,0.26867013800000095,10838,True
71,Background,1048576,8.57892,8.847080138,0.2681601380000007,10838,True
81,Background,10240,8.5793,8.591393099,0.012093098999999441,10838,True
84,Background,1048576,8.57942,8.67220991,0.0927899099999987,1087892,True
93,Background,102400,8.57969,8.873908649,0.29421864900000116,1244,True
98,Background,102400,8.57984,8.608643458,0.028803457999998727,106400,True
90,Background,10240,8.58181,8.688959723,0.10714972299999914,106400,True
89,Background,10485760,8.58198,8.953418086,0.3714380859999995,108768230,True
89,Background,10240,8.58214,9.336043288,0.7539032880000001,106400,True
77,Background,102400,8.58262,9.252696413,0.6700764130000003,108768230,True
87,Background,1048576,8.58264,8.760452526,0.1778125260000003,106400,True
97,Background,102400,8.58311,8.63370547,0.050595470000001086,1087892,True
88,Background,102400,8.58477,8.599457827,0.014687826999999487,10838,True
88,Background,1048576,8.58518,8.610614929,0.025434929000001105,106400,True
76,Background,10240,8.58557,8.805907956,0.22033795599999983,106400,True
89,Background,1024,8.58631,8.81379299,0.22748299000000038,1087892,True
93,Background,1048576,8.58675,8.773288044,0.18653804399999885,106400,True
87,Background,1024,8.58678,8.70795481,0.12117481000000119,106400,True
79,Background,102400,8.588,8.705664826,0.11766482600000039,10838,True
91,Background,102400,8.59094,8.662120993,0.07118099300000047,10876994,True
88,Background,102400,8.59107,8.760452526,0.1693825259999997,106400,True
86,Background,1048576,8.59115,8.722091419,0.13094141899999912,10838,True
84,Background,1048576,8.59126,8.916421848,0.3251618480000005,1087892,True
92,Background,102400,8.59243,8.694008832,0.10157883199999951,10838,True
89,Background,102400,8.59246,9.139585948,0.5471259479999997,1087892,True
85,Background,102400,8.59256,8.646206359,0.05364635900000003,10838,True
89,Background,102400,8.59297,8.599457827,0.006487827000000834,10838,True
88,Background,10240,8.59342,8.722369842,0.1289498420000008,10876994,True
92,Background,1024,8.59459,8.662120993,0.0675309930000001,10876994,True
87,Background,10240,8.59479,8.954942766,0.36015276600000057,10838,True
92,Background,102400,8.59509,8.951589731,0.35649973099999954,1087892,True
91,Background,10240,8.59655,8.762554174,0.16600417399999934,1244,True
92,Background,102400,8.59659,9.044210527,0.44762052699999977,10838,True
114,Background,10240,8.59765,8.619538269,0.021888268999999738,1244,True
90,Background,10485760,8.59785,8.599457827,0.0016078270000008388,10838,True
84,Background,102400,8.59835,8.829459751,0.23110975099999997,1087892,True
90,Background,1024,8.59947,8.81379299,0.21432298999999944,1087892,True
85,Background,1024,8.5995,8.829459751,0.2299597509999991,1087892,True
77,Background,1048576,8.60225,8.906381113,0.3041311130000004,106400,True
90,Background,10485760,8.60673,8.953418086,0.34668808599999856,108768230,True
93,Background,10240,8.60829,8.951589731,0.3432997310000001,1087892,True
73,Background,10485760,8.60988,8.745330097,0.13545009699999966,10838,True
69,Background,10240,8.61015,8.6511741,0.041024099999999564,1244,True
89,Background,102400,8.61178,8.888115069,0.27633506899999993,1087892,True
86,Background,102400,8.61202,8.829459751,0.21743975100000057,1087892,True
115,Background,102400,8.61408,8.619538269,0.005458269000000016,1244,True
72,Background,102400,8.61457,9.126395149,0.5118251489999999,10876994,True
103,Background,102400,8.61476,8.738284065,0.1235240649999998,106400,True
95,Background,1024,8.61488,8.633490176,0.018610176000001033,1244,True
95,Background,1048576,8.61661,8.762548678,0.14593867800000027,106400,True
74,Background,102400,8.61897,8.745330097,0.12636009700000095,10838,True
116,Background,10240,8.6194,8.619538269,0.00013826899999891396,1244,True
80,Background,1024,8.6209,8.676836283,0.05593628299999942,1087892,True
80,Background,1024,8.62147,8.670219733,0.048749732999999296,1087892,True
78,Background,10240,8.62182,8.769540311,0.1477203110000005,106400,True
72,Background,1024,8.62233,8.817158158,0.19482815799999997,106400,True
78,Background,102400,8.62313,8.906381113,0.2832511130000004,106400,True
89,Background,102400,8.62394,9.115599881,0.49165988100000035,10838,True
93,Background,102400,8.62405,8.694008832,0.0699588319999993,10838,True
81,Background,10240,8.62764,8.676836283,0.04919628300000056,1087892,True
85,Background,1024,8.62876,8.739024327,0.11026432699999944,1087892,True
84,Background,102400,8.62893,8.642230151,0.01330015099999926,106400,True
78,Background,102400,8.63066,8.772526098,0.1418660979999995,106400,True
69,Background,102400,8.63077,8.756311248,0.12554124799999933,106400,True
108,Background,1024,8.63094,8.869644474,0.2387044739999986,10838,True
82,Background,102400,8.63112,8.966851731,0.335731731000001,10838,True
72,Background,10240,8.63207,8.737373215,0.10530321499999928,10838,True
71,Background,102400,8.63374,9.012600053,0.37886005300000036,106400,True
89,Background,10240,8.63375,8.715940579,0.0821905790000006,106400,True
86,Background,1024,8.63475,9.05665171,0.4219017100000002,10876994,True
90,Background,1048576,8.63475,8.715940579,0.08119057899999937,106400,True
93,Background,1048576,8.63574,9.044210527,0.4084705270000004,10838,True
75,Background,10240,8.63652,8.745330097,0.10881009699999922,10838,True
77,Background,10240,8.63716,8.805907956,0.1687479560000007,106400,True
94,Background,104857600,8.63856,8.773288044,0.13472804399999916,106400,True
96,Background,102400,8.63876,8.762548678,0.12378867800000037,106400,True
78,Background,102400,8.6388,8.680607603,0.041807603000000526,106400,True
89,Background,102400,8.64041,8.722369842,0.08195984200000161,10876994,True
69,Background,1024,8.64204,8.802950922,0.16091092200000112,1087892,True
90,Background,10240,8.64237,9.139585948,0.4972159480000009,1087892,True
98,Background,10485760,8.64293,8.705958633,0.06302863300000006,106400,True
87,Background,10240,8.64334,8.829459751,0.18611975099999967,1087892,True
86,Background,1048576,8.6445,8.739024327,0.09452432699999846,1087892,True
96,Background,10240,8.64491,8.903181033,0.25827103299999976,1087892,True
84,Background,10240,8.6481,8.869642052,0.2215420520000002,106400,True
104,Background,1024,8.64844,8.725634528,0.0771945279999997,1087892,True
82,Background,1048576,8.64881,8.666791232,0.017981232000000347,106400,True
70,Background,10240,8.65137,8.6511741,-0.00019589999999958252,1244,True
97,Background,102400,8.65274,8.762548678,0.10980867800000027,106400,True
77,Background,102400,8.65315,8.807007729,0.15385772900000028,1087892,True
81,Background,10485760,8.65418,8.662254062,0.008074062000000382,10838,True
90,Background,10240,8.65501,8.891592203,0.23658220299999932,10838,True
72,Background,1024,8.65597,8.847080138,0.19111013800000087,10838,True
82,Background,102400,8.65611,8.743524961,0.08741496100000035,1087892,True
70,Background,10240,8.65669,8.802950922,0.14626092200000151,1087892,True
97,Background,102400,8.65686,8.903181033,0.2463210329999992,1087892,True
82,Background,102400,8.6574,8.662254062,0.004854061999999715,10838,True
71,Background,102400,8.6576,8.674950143,0.017350142999999818,106400,True
91,Background,1048576,8.65772,8.81379299,0.1560729900000002,1087892,True
84,Background,10240,8.6595,8.690390429,0.030890429000001163,1087892,True
89,Background,1024,8.6609,8.735661807,0.07476180699999979,106400,True
86,Background,1048576,8.66158,8.678977741,0.01739774099999991,10838,True
71,Background,10240,8.66211,8.802950922,0.14084092200000065,1087892,True
83,Background,10240,8.66234,8.666791232,0.0044512319999991945,106400,True
91,Background,10240,8.66301,8.760979598,0.0979695980000006,10838,True
90,Background,102400,8.66339,8.93222532,0.2688353200000009,10838,True
105,Background,10240,8.66405,8.725634528,0.061584528000000915,1087892,True
92,Background,102400,8.66444,8.760979598,0.09653959799999967,10838,True
94,Background,102400,8.66572,9.065922127,0.400202127,10838,True
74,Background,10240,8.66629,8.741559295,0.07526929500000001,106400,True
83,Background,1024,8.66655,8.831755087,0.16520508699999858,106400,True
67,Background,102400,8.66672,8.892421421,0.22570142100000012,1087892,True
78,Background,102400,8.66844,8.807007729,0.13856772900000003,1087892,True
83,Background,102400,8.66902,8.977461713,0.30844171300000056,10876994,True
85,Background,10240,8.67055,8.67220991,0.0016599099999989875,1087892,True
103,Background,10240,8.67062,8.704486137,0.03386613700000041,10838,True
93,Background,1024,8.67232,9.465456639,0.7931366390000001,106400,True
91,Background,1048576,8.67358,8.688959723,0.015379723000000567,106400,True
84,Background,1048576,8.67372,8.977461713,0.30374171300000086,10876994,True
88,Background,102400,8.67709,8.771884974,0.09479497400000092,10838,True
90,Background,1048576,8.67772,8.735661807,0.057941806999998846,106400,True
98,Background,1024,8.67794,8.762548678,0.08460867800000038,106400,True
104,Background,1048576,8.67866,8.704486137,0.02582613699999925,10838,True
72,Background,104857600,8.67953,8.941190376,0.26166037600000003,1244,True
98,Background,102400,8.68214,8.903181033,0.22104103299999878,1087892,True
72,Background,1024,8.68356,8.698294045,0.014734045000000862,1087892,True
89,Background,102400,8.68505,8.771884974,0.08683497400000029,10838,True
105,Background,102400,8.68552,8.704486137,0.018966136999999605,10838,True
91,Background,10240,8.68644,8.953418086,0.26697808599999995,108768230,True
80,Background,1024,8.68672,8.705664826,0.018944826000000248,10838,True
95,Background,1024,8.68685,9.065922127,0.3790721270000006,10838,True
90,Background,10240,8.68809,9.336043288,0.6479532880000001,106400,True
93,Background,102400,8.68829,8.760979598,0.07268959800000019,10838,True
94,Background,104857600,8.68923,8.873908649,0.1846786490000003,1244,True
84,Background,1048576,8.68969,8.831755087,0.14206508699999887,106400,True
92,Background,10485760,8.6901,8.941824487,0.2517244870000006,10838,True
83,Background,102400,8.69075,8.966851731,0.2761017310000007,10838,True
91,Background,10485760,8.69232,8.69965631,0.007336309999999457,106400,True
73,Background,1048576,8.69416,8.817158158,0.12299815799999969,106400,True
79,Background,1024,8.69522,8.906381113,0.2111611129999993,106400,True
98,Background,10240,8.69611,8.750310255,0.05420025500000136,1087892,True
97,Background,1024,8.6976,8.906901912,0.2093019120000008,1244,True
89,Background,102400,8.69878,8.707715939,0.008935939000000559,1244,True
90,Background,1048576,8.69893,8.771884974,0.07295497399999995,10838,True
86,Background,102400,8.69933,8.722791553,0.023461553000000634,1244,True
93,Background,10485760,8.70009,8.792459118,0.09236911800000058,106400,True
85,Background,102400,8.70148,8.831755087,0.13027508699999935,106400,True
95,Background,10240,8.70174,8.773288044,0.07154804400000003,106400,True
88,Background,10240,8.70244,8.759131471,0.056691471000000604,10838,True
78,Background,1024,8.70376,9.252696413,0.5489364129999998,108768230,True
85,Background,102400,8.70387,8.786122807,0.0822528069999997,1087892,True
91,Background,1048576,8.70443,9.298499807,0.5940698070000003,10876994,True
99,Background,10240,8.70532,8.762548678,0.05722867799999953,106400,True
90,Background,1048576,8.70533,9.07931038,0.3739803800000008,106400,True
90,Background,102400,8.70571,8.888115069,0.18240506899999964,1087892,True
91,Background,102400,8.70617,8.70997697,0.00380696999999941,10838,True
96,Background,1048576,8.70761,8.773288044,0.06567804399999844,106400,True
80,Background,102400,8.7077,8.999878426,0.29217842599999955,106400,True
87,Background,1024,8.70895,9.05665171,0.34770171000000083,10876994,True
100,Background,102400,8.70984,8.872613753,0.16277375299999974,1087892,True
107,Background,1024,8.71064,8.855380128,0.14474012800000047,1087892,True
91,Background,1048576,8.71207,8.771884974,0.05981497400000002,10838,True
78,Background,10240,8.71274,8.805907956,0.09316795600000027,106400,True
101,Background,102400,8.71398,8.948627645,0.2346476450000008,106400,True
83,Background,102400,8.71495,8.917188326,0.2022383259999998,1087892,True
91,Background,102400,8.71516,8.735661807,0.020501807000000483,106400,True
73,Background,102400,8.71529,9.14834105,0.4330510500000013,106400,True
72,Background,1048576,8.71626,9.012600053,0.29634005299999977,106400,True
83,Background,10240,8.71723,8.743524961,0.026294960999999617,1087892,True
86,Background,10240,8.71809,8.74875848,0.03066847999999922,106400,True
92,Background,1024,8.71861,8.762554174,0.04394417399999995,1244,True
88,Background,10240,8.71948,9.05665171,0.3371717099999998,10876994,True
93,Background,1024,8.71992,8.762554174,0.0426341739999998,1244,True
92,Background,10240,8.72001,8.953418086,0.23340808599999896,108768230,True
87,Background,104857600,8.72003,8.739024327,0.0189943269999997,1087892,True
71,Background,10240,8.72098,8.82206302,0.10108301999999902,1244,True
74,Background,10240,8.72117,9.14834105,0.4271710500000001,106400,True
79,Background,1048576,8.72176,8.739350238,0.01759023800000037,1087892,True
91,Background,1048576,8.72266,9.07931038,0.3566503800000014,106400,True
90,Background,10240,8.72326,8.976307171,0.2530471710000004,1244,True
73,Background,102400,8.72329,8.941190376,0.21790037599999934,1244,True
87,Background,10240,8.72341,8.955245755,0.23183575500000053,106400,True
85,Background,10240,8.72668,8.869642052,0.14296205199999967,106400,True
89,Background,1024,8.72713,8.757078207,0.02994820699999856,10838,True
91,Background,1048576,8.72883,9.006601925,0.2777719249999997,106400,True
91,Background,102400,8.72975,8.976307171,0.24655717100000096,1244,True
91,Background,1024,8.73022,8.761417706,0.03119770600000038,1087892,True
92,Background,10240,8.73123,8.761417706,0.030187705999999537,1087892,True
94,Background,102400,8.73124,8.762554174,0.03131417400000025,1244,True
87,Background,1048576,8.7316,8.932554502,0.2009545020000001,106400,True
100,Background,10240,8.73249,8.892970218,0.160480218,10838,True
74,Background,102400,8.73283,8.817158158,0.08432815799999993,106400,True
96,Background,10240,8.73448,9.18750634,0.45302634000000097,10838,True
90,Background,10485760,8.73472,8.749413457,0.01469345699999991,106400,True
73,Background,10240,8.73566,8.847080138,0.1114201380000015,10838,True
86,Background,102400,8.7366,8.831755087,0.0951550870000002,106400,True
104,Background,104857600,8.73848,8.738284065,-0.00019593499999892572,106400,True
88,Background,102400,8.73853,9.014470357,0.27594035699999964,108768230,True
84,Background,102400,8.73875,8.743524961,0.004774961000000744,1087892,True
79,Background,102400,8.73992,8.769540311,0.0296203110000004,106400,True
99,Background,102400,8.74012,8.928285798,0.188165798,10838,True
82,Background,10240,8.74051,8.86008046,0.11957046000000027,106400,True
86,Background,102400,8.74126,8.787526751,0.04626675099999922,1087892,True
94,Background,10240,8.74365,9.465456639,0.7218066389999986,106400,True
78,Background,10485760,8.74372,8.77013177,0.026411770000001056,1087892,True
95,Background,10240,8.7444,9.465456639,0.7210566389999986,106400,True
88,Background,102400,8.7448,8.955245755,0.2104457550000003,106400,True
73,Background,1024,8.74492,8.886831179,0.14191117899999917,1244,True
73,Background,1024,8.7468,9.012600053,0.26580005299999954,106400,True
94,Background,10240,8.75031,8.760979598,0.01066959799999978,10838,True
86,Background,102400,8.75065,8.780888638,0.03023863800000015,10838,True
87,Background,1024,8.75095,9.127070621,0.3761206210000001,108768230,True
72,Background,1024,8.75111,8.959498787,0.20838878699999874,106400,True
74,Background,10485760,8.75137,8.941190376,0.18982037600000012,1244,True
95,Background,1024,8.75191,8.760979598,0.009069597999999957,10838,True
75,Background,1048576,8.75265,8.941190376,0.18854037600000062,1244,True
88,Background,10240,8.75341,8.932554502,0.17914450199999976,106400,True
68,Background,10240,8.75397,8.892421421,0.1384514209999992,1087892,True
78,Background,1048576,8.75557,9.755473645,0.9999036449999998,10838,True
100,Background,10240,8.7564,8.928285798,0.17188579799999992,10838,True
91,Background,1048576,8.75824,8.891592203,0.1333522029999994,10838,True
76,Background,10240,8.75953,9.022267345,0.2627373449999997,10876994,True
92,Background,102400,8.75999,8.81379299,0.05380298999999944,1087892,True
83,Background,102400,8.76028,8.86008046,0.09980046000000087,106400,True
96,Background,10240,8.76167,9.465456639,0.7037866389999987,106400,True
89,Background,102400,8.76221,9.05665171,0.29444171000000097,10876994,True
79,Background,102400,8.76264,8.77013177,0.007491770000001452,1087892,True
80,Background,1024,8.76321,8.769540311,0.006330310999999256,106400,True
95,Background,10240,8.76337,8.762554174,-0.000815826000000186,1244,True
100,Background,1048576,8.76363,9.056257887,0.2926278870000001,10838,True
85,Background,10240,8.76621,8.805421135,0.0392111350000004,1087892,True
86,Background,10240,8.76646,8.869642052,0.1031820519999993,106400,True
85,Background,102400,8.7703,8.805961845,0.035661844999999914,106400,True
86,Background,1048576,8.77042,8.786122807,0.015702807000000263,1087892,True
92,Background,1048576,8.77058,9.298499807,0.527919807,10876994,True
92,Background,10485760,8.77155,9.07931038,0.3077603800000013,106400,True
80,Background,10485760,8.77203,9.007720794,0.23569079399999993,106400,True
92,Background,1024,8.77214,8.771715099,-0.00042490100000058817,1244,True
89,Background,1048576,8.77404,9.088480085,0.3144400850000011,1087892,True
101,Background,104857600,8.77539,8.892970218,0.11758021800000051,10838,True
77,Background,10485760,8.77702,9.285441114,0.508421113999999,1244,True
74,Background,10485760,8.77721,8.847080138,0.06987013800000064,10838,True
88,Background,10240,8.77733,8.829459751,0.052129751000000724,1087892,True
117,Background,1048576,8.77746,9.232712139,0.4552521390000006,1244,True
94,Background,1048576,8.77749,8.792459118,0.014969117999999781,106400,True
87,Background,102400,8.77982,8.867734763,0.08791476299999879,10838,True
96,Background,102400,8.78023,9.065922127,0.2856921270000008,10838,True
80,Background,10240,8.78063,8.779893725,-0.0007362749999995089,1244,True
87,Background,102400,8.78076,8.786122807,0.005362806999999137,1087892,True
89,Background,10240,8.78098,9.091361756,0.31038175599999995,106400,True
93,Background,10240,8.78099,8.81379299,0.03280299000000042,1087892,True
90,Background,10240,8.78246,8.804460625,0.02200062500000044,1087892,True
70,Background,102400,8.7825,8.829866783,0.0473667829999993,1087892,True
92,Background,102400,8.78269,9.116757261,0.3340672609999995,1087892,True
73,Background,102400,8.78438,8.876739581,0.09235958100000019,106400,True
92,Background,102400,8.78464,9.305229482,0.5205894820000001,1087892,True
87,Background,1048576,8.78491,8.869642052,0.08473205199999967,106400,True
94,Background,1048576,8.78502,9.044210527,0.2591905270000012,10838,True
91,Background,1048576,8.78617,8.888115069,0.10194506899999922,1087892,True
97,Background,10240,8.78736,9.18750634,0.40014634000000093,10838,True
79,Background,1048576,8.78779,9.755473645,0.967683645000001,10838,True
93,Background,1048576,8.78985,8.945208957,0.15535895700000069,1244,True
79,Background,102400,8.79016,8.963866696,0.173706696,106400,True
74,Background,10485760,8.79023,8.876739581,0.08650958100000139,106400,True
80,Background,1024,8.79085,9.755473645,0.9646236449999996,10838,True
81,Background,102400,8.7918,8.938055794,0.146255794,106400,True
75,Background,10485760,8.79198,8.817158158,0.02517815799999923,106400,True
79,Background,1048576,8.79203,8.807007729,0.01497772899999994,1087892,True
91,Background,1024,8.79237,9.336043288,0.5436732880000008,106400,True
99,Background,102400,8.79539,8.886605291,0.09121529100000103,10876994,True
93,Background,1048576,8.7976,9.116757261,0.31915726100000086,1087892,True
92,Background,1048576,8.79893,9.213236858,0.4143068579999998,106400,True
75,Background,102400,8.79992,8.915663755,0.11574375500000045,106400,True
84,Background,10485760,8.80021,8.917188326,0.11697832599999991,1087892,True
118,Background,10240,8.80049,9.232712139,0.4322221390000003,1244,True
101,Background,1048576,8.80116,9.056257887,0.2550978869999998,10838,True
102,Background,102400,8.80197,9.056257887,0.2542878869999985,10838,True
77,Background,102400,8.80233,9.022267345,0.21993734499999995,10876994,True
72,Background,102400,8.80277,8.858202776,0.05543277599999996,1244,True
91,Background,1048576,8.80447,9.139585948,0.33511594800000033,1087892,True
85,Background,1048576,8.81029,8.977461713,0.1671717130000001,10876994,True
82,Background,10240,8.81087,9.091039556,0.2801695560000006,1087892,True
76,Background,10240,8.81205,8.817158158,0.005108158000000529,106400,True
77,Background,102400,8.81266,8.817158158,0.0044981580000005295,106400,True
88,Background,10240,8.81267,8.869642052,0.056972051999998996,106400,True
75,Background,1024,8.81312,8.876739581,0.06361958100000109,106400,True
88,Background,102400,8.81508,8.867734763,0.052654762999999605,10838,True
90,Background,102400,8.81508,8.963872458,0.14879245800000085,1244,True
119,Background,10240,8.81704,9.232712139,0.4156721389999998,1244,True
82,Background,10240,8.81736,8.938055794,0.12069579399999952,106400,True
86,Background,1048576,8.81864,8.962689767,0.14404976700000027,106400,True
90,Background,1024,8.81899,8.862193464,0.04320346400000119,10838,True
80,Background,102400,8.81936,8.963866696,0.14450669600000055,106400,True
101,Background,10240,8.81939,8.872613753,0.05322375299999926,1087892,True
96,Background,104857600,8.81943,9.562255173,0.742825173,106400,True
89,Background,10240,8.8203,8.955245755,0.1349457550000004,106400,True
82,Background,10485760,8.82068,8.893792201,0.07311220100000071,10838,True
80,Background,104857600,8.82112,8.906381113,0.08526111299999961,106400,True
84,Background,1024,8.82153,8.86008046,0.03855046000000151,106400,True
95,Background,102400,8.82187,9.044210527,0.22234052700000007,10838,True
94,Background,1048576,8.82218,8.945208957,0.12302895700000072,1244,True
86,Background,1024,8.82339,9.189917351,0.3665273510000002,10838,True
81,Background,10240,8.82355,8.906381113,0.08283111300000101,106400,True
79,Background,10485760,8.82486,9.252696413,0.4278364130000014,108768230,True
81,Background,1048576,8.82591,9.007720794,0.18181079400000044,106400,True
88,Background,10240,8.82698,9.030844341,0.20386434099999917,10876994,True
73,Background,10240,8.82741,9.126395149,0.29898514899999995,10876994,True
89,Background,1048576,8.82767,8.946696989,0.11902698899999997,106400,True
90,Background,102400,8.82847,9.088480085,0.2600100850000011,1087892,True
101,Background,102400,8.82848,8.928285798,0.09980579799999845,10838,True
85,Background,102400,8.83082,8.86008046,0.029260460000001487,106400,True
91,Background,10240,8.8334,9.088480085,0.25508008500000123,1087892,True
83,Background,10240,8.83606,8.893792201,0.057732201000000316,10838,True
85,Background,1024,8.83706,9.035541932,0.19848193199999997,106400,True
89,Background,102400,8.83722,8.932554502,0.09533450200000004,106400,True
92,Background,102400,8.8383,8.976307171,0.13800717099999993,1244,True
76,Background,10485760,8.83849,8.915663755,0.07717375500000045,106400,True
92,Background,10240,8.83909,8.900992907,0.061902906999998564,10838,True
109,Background,1048576,8.84102,8.869644474,0.02862447399999901,10838,True
91,Background,102400,8.84163,9.310380823,0.4687508229999988,1087892,True
106,Background,10485760,8.84274,8.953060065,0.11032006500000158,10838,True
94,Background,102400,8.84318,9.064799644,0.22161964400000045,106400,True
73,Background,10485760,8.84435,8.858202776,0.013852776000000233,1244,True
85,Background,1048576,8.84447,8.893462799,0.04899279900000053,10838,True
92,Background,1024,8.84583,9.139585948,0.29375594800000115,1087892,True
100,Background,102400,8.84616,8.886605291,0.04044529100000105,10876994,True
88,Background,104857600,8.84651,9.141609129,0.29509912900000046,1087892,True
91,Background,102400,8.84689,8.946571081,0.09968108099999995,1087892,True
97,Background,10240,8.84692,8.97009017,0.12317016999999986,106400,True
89,Background,1024,8.84706,8.869642052,0.022582051999998853,106400,True
87,Background,102400,8.84746,8.94074009,0.09328009000000037,106400,True
92,Background,10240,8.84778,8.946571081,0.09879108099999989,1087892,True
91,Background,1024,8.8482,8.93222532,0.08402532000000029,10838,True
109,Background,102400,8.84915,8.887878088,0.03872808800000094,106400,True
89,Background,10240,8.84992,9.030844341,0.18092434100000077,10876994,True
86,Background,102400,8.85161,8.977461713,0.12585171299999942,10876994,True
84,Background,102400,8.85317,8.883409069,0.030239069000000285,106400,True
103,Background,1024,8.85358,9.056257887,0.2026778870000001,10838,True
101,Background,10240,8.85358,8.886605291,0.03302529100000129,10876994,True
97,Background,102400,8.85411,9.465456639,0.6113466389999989,106400,True
93,Background,1048576,8.85541,9.276859654,0.42144965400000167,10838,True
90,Background,10240,8.85554,9.030844341,0.17530434100000036,10876994,True
90,Background,10240,8.85609,9.249391637,0.3933016370000004,10838,True
86,Background,10240,8.8569,8.937657254,0.08075725399999989,106400,True
81,Background,1024,8.8569,9.142941931,0.28604193099999975,108768230,True
97,Background,102400,8.85745,9.562255173,0.7048051730000005,106400,True
81,Background,10240,8.8582,9.275468252,0.4172682519999995,10876994,True
85,Background,1048576,8.85939,8.917188326,0.057798326000000344,1087892,True
95,Background,1024,8.86081,8.873908649,0.013098648999999796,1244,True
74,Background,1048576,8.86334,9.226026452,0.3626864519999984,10838,True
84,Background,102400,8.86403,8.995613841,0.1315838410000012,1087892,True
93,Background,10240,8.86434,9.305229482,0.44088948199999933,1087892,True
91,Background,1024,8.86553,8.963872458,0.09834245800000119,1244,True
94,Background,1048576,8.86618,9.276859654,0.41067965400000084,10838,True
103,Background,1024,8.86666,9.076271181,0.20961118099999965,10838,True
107,Background,1024,8.8686,8.953060065,0.08446006500000003,10838,True
93,Background,1048576,8.86901,8.946571081,0.0775610810000007,1087892,True
88,Background,10240,8.86925,9.127070621,0.25782062100000047,108768230,True
120,Background,102400,8.87001,9.232712139,0.3627021389999996,1244,True
78,Background,102400,8.87079,8.976108058,0.10531805799999994,10838,True
81,Background,102400,8.87091,8.999878426,0.12896842600000014,106400,True
94,Background,1048576,8.87229,8.951589731,0.07929973100000076,1087892,True
71,Background,10240,8.87242,9.195398692,0.3229786919999995,10838,True
72,Background,10240,8.87326,9.195398692,0.32213869199999934,10838,True
90,Background,102400,8.87365,8.946696989,0.07304698899999984,106400,True
90,Background,102400,8.87377,9.05665171,0.1828817100000002,10876994,True
104,Background,10485760,8.87576,9.056257887,0.18049788699999958,10838,True
72,Background,1048576,8.87639,9.827938639,0.9515486389999985,10838,True
82,Background,102400,8.87852,9.142941931,0.26442193099999933,108768230,True
89,Background,1048576,8.87863,9.141609129,0.2629791290000014,1087892,True
108,Background,102400,8.87878,8.953060065,0.07428006499999995,10838,True
89,Background,1048576,8.8798,8.987595779,0.10779577899999992,10838,True
99,Background,1048576,8.88118,8.903181033,0.02200103299999867,1087892,True
99,Background,10240,8.88172,8.921898953,0.04017895299999985,10838,True
98,Background,1024,8.88289,9.562255173,0.6793651730000008,106400,True
86,Background,102400,8.88319,8.893462799,0.010272798999999111,10838,True
91,Background,102400,8.88345,9.249391637,0.3659416370000006,10838,True
97,Background,10240,8.88381,9.065922127,0.1821121269999999,10838,True
94,Background,102400,8.8851,9.305229482,0.4201294820000001,1087892,True
102,Background,10240,8.88658,8.995689797,0.10910979700000034,10838,True
90,Background,102400,8.88686,9.38518831,0.4983283099999998,106400,True
77,Background,102400,8.88702,8.915663755,0.028643755000000937,106400,True
84,Background,10485760,8.88774,8.893792201,0.006052200999999258,10838,True
102,Background,1048576,8.88774,8.928285798,0.040545797999998356,10838,True
88,Background,10240,8.88777,9.216526696,0.328756696000001,106400,True
98,Background,10240,8.88878,9.465456639,0.5766766389999987,106400,True
75,Background,1024,8.8891,9.226026452,0.33692645200000015,10838,True
78,Background,1048576,8.88931,9.787055926,0.8977459260000007,1087892,True
92,Background,10485760,8.89086,8.989417431,0.0985574309999997,1087892,True
75,Background,102400,8.89099,8.893305673,0.002315673000000018,10838,True
74,Background,10485760,8.89186,9.126395149,0.23453514900000094,10876994,True
92,Background,102400,8.89237,8.891592203,-0.0007777969999995804,10838,True
85,Background,10240,8.89302,8.893792201,0.0007722010000001944,10838,True
90,Background,10240,8.89356,8.955245755,0.061685754999999176,106400,True
85,Background,10240,8.89458,9.021412252,0.1268322519999998,1087892,True
93,Background,10485760,8.89717,9.298499807,0.40132980700000154,10876994,True
105,Background,1048576,8.89751,9.056257887,0.15874788699999876,10838,True
86,Background,10240,8.89773,8.927843191,0.030113190999999873,10838,True
78,Background,10240,8.89938,9.285441114,0.38606111399999854,1244,True
75,Background,1024,8.90081,9.14834105,0.24753105000000097,106400,True
93,Background,10485760,8.90141,9.07931038,0.17790038000000052,106400,True
96,Background,1024,8.90176,9.044210527,0.14245052700000116,10838,True
82,Background,10240,8.90424,8.906381113,0.0021411130000004164,106400,True
76,Background,1048576,8.90451,9.3061975,0.40168749999999953,10838,True
86,Background,102400,8.9049,8.923349296,0.018449296000000004,106400,True
90,Background,102400,8.90549,9.141609129,0.23611912900000043,1087892,True
98,Background,1024,8.90628,8.97009017,0.06381017,106400,True
79,Background,102400,8.90671,9.285441114,0.3787311139999989,1244,True
89,Background,102400,8.90773,9.127070621,0.21934062099999885,108768230,True
87,Background,10485760,8.90788,8.934699374,0.026819373999998675,1244,True
93,Background,10240,8.90789,9.213236858,0.30534685800000005,106400,True
98,Background,10485760,8.90934,9.065922127,0.15658212700000007,10838,True
121,Background,10485760,8.90976,9.232712139,0.32295213899999986,1244,True
105,Background,102400,8.91042,8.944688552,0.03426855200000034,106400,True
88,Background,10240,8.91046,9.353430506,0.442970506,10838,True
83,Background,1024,8.91061,9.091039556,0.180429556,1087892,True
77,Background,10485760,8.91088,9.3061975,0.3953174999999991,10838,True
98,Background,1048576,8.91177,9.18750634,0.2757363399999999,10838,True
94,Background,1024,8.91268,9.213236858,0.3005568580000002,106400,True
92,Background,10240,8.91466,9.336043288,0.42138328800000124,106400,True
93,Background,1048576,8.91522,9.139585948,0.22436594800000087,1087892,True
102,Background,102400,8.91743,8.964305666,0.04687566600000004,10838,True
92,Background,1048576,8.92022,9.006601925,0.08638192499999953,106400,True
73,Background,10240,8.92161,9.827938639,0.9063286389999998,10838,True
91,Background,10240,8.92208,8.946696989,0.02461698900000009,106400,True
94,Background,10240,8.92234,8.974650178,0.05231017799999904,10838,True
92,Background,1048576,8.92435,8.934130407,0.009780406999999158,106400,True
78,Background,1048576,8.92495,9.022267345,0.09731734499999867,10876994,True
79,Background,1048576,8.92568,8.963631599,0.03795159899999945,10838,True
85,Background,1048576,8.92585,8.954863002,0.029013001999999233,10876994,True
69,Background,1024,8.92614,9.271408555,0.34526855500000053,106400,True
104,Background,102400,8.92713,9.076271181,0.14914118099999918,10838,True
73,Background,1048576,8.92748,9.195398692,0.2679186920000003,10838,True
75,Background,1024,8.92946,9.105516061,0.17605606099999882,10876994,True
100,Background,102400,8.93018,8.945195127,0.01501512699999985,10838,True
93,Background,1024,8.93119,8.976307171,0.045117170999999345,1244,True
88,Background,102400,8.93152,8.94074009,0.009220089999999459,106400,True
99,Background,102400,8.93269,9.465456639,0.5327666390000001,106400,True
85,Background,102400,8.9327,9.34549652,0.4127965199999988,106400,True
83,Background,1024,8.93416,9.261501339,0.3273413390000002,106400,True
80,Background,1048576,8.93471,9.252696413,0.31798641299999986,108768230,True
83,Background,1048576,8.93534,8.938055794,0.0027157940000002156,106400,True
106,Background,1048576,8.93541,9.056257887,0.12084788700000004,10838,True
74,Background,102400,8.93545,9.195398692,0.25994869200000004,10838,True
92,Background,1048576,8.937,9.249391637,0.31239163700000105,10838,True
94,Background,1048576,8.93734,8.976307171,0.03896717099999947,1244,True
95,Background,102400,8.93976,8.945208957,0.005448957000000476,1244,True
85,Background,10485760,8.94003,9.126244557,0.18621455699999956,1244,True
89,Background,1048576,8.94037,9.216526696,0.27615669600000103,106400,True
86,Background,1048576,8.94039,9.091050155,0.15066015499999885,106400,True
79,Background,10240,8.94196,9.787055926,0.8450959260000008,1087892,True
76,Background,10240,8.94204,9.14834105,0.20630105000000043,106400,True
102,Background,10240,8.94209,9.384280257,0.44219025700000003,1087892,True
79,Background,10240,8.94219,9.255363845,0.3131738449999997,1244,True
97,Background,10240,8.94251,9.044210527,0.10170052700000021,10838,True
94,Background,102400,8.94481,8.985175654,0.04036565400000036,10838,True
90,Background,104857600,8.94482,9.115599881,0.17077988099999963,10838,True
91,Background,10240,8.94664,9.05665171,0.1100117100000002,10876994,True
90,Background,10240,8.94729,9.216526696,0.2692366960000001,106400,True
108,Background,10240,8.94744,8.996046005,0.0486060049999999,106400,True
99,Background,102400,8.94843,9.562255173,0.6138251730000004,106400,True
107,Background,1048576,8.94851,9.056257887,0.1077478869999986,10838,True
94,Background,10485760,8.94906,9.298499807,0.3494398070000013,10876994,True
87,Background,102400,8.94983,9.090509031,0.14067903099999945,1244,True
74,Background,10240,8.95059,9.012600053,0.06201005299999984,106400,True
82,Background,10240,8.95118,8.999878426,0.04869842599999963,106400,True
87,Background,102400,8.9521,9.189917351,0.23781735100000034,10838,True
95,Background,1024,8.95216,9.213236858,0.2610768580000009,106400,True
106,Background,1048576,8.95395,9.057962188,0.10401218799999867,10876994,True
93,Background,10240,8.95397,9.382407162,0.4284371619999998,10838,True
80,Background,10240,8.95423,9.285441114,0.3312111139999985,1244,True
87,Background,102400,8.95555,9.091050155,0.135500154999999,106400,True
80,Background,10240,8.95672,9.016601813,0.05988181299999873,10838,True
81,Background,102400,8.95678,9.755473645,0.7986936450000002,10838,True
106,Background,102400,8.9592,9.456359341,0.4971593410000015,10838,True
81,Background,10240,8.96095,9.452612714,0.4916627140000003,10838,True
109,Background,102400,8.96151,9.042542068,0.08103206799999896,106400,True
89,Background,1048576,8.96341,9.33292393,0.3695139300000001,106400,True
92,Background,102400,8.96444,9.310380823,0.3459408229999994,1087892,True
90,Background,10240,8.96451,9.091361756,0.12685175599999887,106400,True
93,Background,102400,8.96534,9.064218513,0.09887851300000072,106400,True
95,Background,1048576,8.96864,9.298499807,0.32985980700000006,10876994,True
74,Background,10240,8.96956,9.230795161,0.2612351610000001,1087892,True
83,Background,10240,8.9708,9.111119336,0.14031933599999924,1087892,True
94,Background,102400,8.97101,9.139585948,0.16857594800000086,1087892,True
87,Background,1024,8.97123,8.976976235,0.005746235000000155,10838,True
80,Background,102400,8.97279,9.255363845,0.28257384499999993,1244,True
81,Background,102400,8.97293,9.255363845,0.2824338449999999,1244,True
87,Background,102400,8.97326,9.942185955,0.9689259549999996,1087892,True
110,Background,1048576,8.97442,9.011717015,0.037297015000000044,106400,True
92,Background,102400,8.97644,9.05665171,0.08021171000000038,10876994,True
87,Background,10240,8.97659,9.762013567,0.7854235670000005,1244,True
76,Background,1024,8.97673,9.226026452,0.2492964519999994,10838,True
107,Background,1024,8.97764,9.456359341,0.47871934100000146,10838,True
90,Background,1048576,8.97811,9.33292393,0.3548139300000006,106400,True
95,Background,10485760,8.97826,9.305229482,0.3269694819999991,1087892,True
95,Background,10240,8.9796,8.994601388,0.015001387999999949,106400,True
93,Background,1048576,8.97963,9.285291669,0.30566166899999914,106400,True
103,Background,1048576,8.97988,9.097273935,0.11739393500000084,10838,True
91,Background,104857600,8.97998,9.091361756,0.11138175600000011,106400,True
99,Background,10240,8.9818,9.065922127,0.08412212700000055,10838,True
77,Background,10485760,8.98222,9.226026452,0.2438064519999994,10838,True
110,Background,102400,8.98248,9.042542068,0.0600620679999988,106400,True
85,Background,102400,8.98632,8.995613841,0.009293841000001635,1087892,True
92,Background,10485760,8.98643,9.091361756,0.10493175599999915,106400,True
92,Background,1024,8.98666,9.10469011,0.11803010999999941,10838,True
93,Background,102400,8.98703,9.310380823,0.3233508229999984,1087892,True
100,Background,10240,8.98985,9.562255173,0.5724051729999999,106400,True
95,Background,10485760,8.98996,9.078492413,0.08853241299999937,1244,True
96,Background,104857600,8.99012,9.298499807,0.30837980700000145,10876994,True
99,Background,1024,8.99028,9.172866299,0.18258629900000045,10876994,True
102,Background,102400,8.99124,9.097137823,0.10589782300000117,10876994,True
95,Background,10240,8.99207,9.098009006,0.10593900599999984,106400,True
88,Background,10240,8.99229,9.091050155,0.09876015499999902,106400,True
91,Background,1048576,8.99699,9.141609129,0.1446191290000005,1087892,True
86,Background,10485760,8.99869,9.126244557,0.12755455699999985,1244,True
87,Background,102400,8.99927,9.186984417,0.18771441700000047,1087892,True
97,Background,1048576,9.00064,9.298499807,0.29785980700000003,10876994,True
100,Background,1024,9.00074,9.065922127,0.06518212699999992,10838,True
91,Background,1048576,9.00139,9.030844341,0.029454340999999218,10876994,True
76,Background,10485760,9.0015,9.15385511,0.15235511000000024,1087892,True
98,Background,1024,9.00238,9.044210527,0.04183052700000012,10838,True
95,Background,10485760,9.00249,9.276859654,0.2743696540000009,10838,True
96,Background,102400,9.00298,9.190912036,0.18793203599999941,106400,True
93,Background,102400,9.004,9.249391637,0.24539163700000088,10838,True
100,Background,1048576,9.00408,9.018991969,0.014911968999999914,1244,True
81,Background,1048576,9.00418,9.285441114,0.2812611139999994,1244,True
76,Background,1024,9.00418,9.152729282,0.1485492819999994,106400,True
86,Background,1048576,9.00441,9.078250299,0.07384029900000044,106400,True
82,Background,10240,9.00462,9.452612714,0.4479927140000015,10838,True
79,Background,104857600,9.00788,9.255677483,0.24779748299999937,10838,True
97,Background,1024,9.00811,9.190912036,0.182802036,106400,True
90,Background,1024,9.0086,9.113485368,0.1048853679999997,106400,True
81,Background,10240,9.00969,9.013704535,0.004014534999999597,1087892,True
80,Background,102400,9.01047,9.0308901,0.02042010000000083,1244,True
89,Background,10240,9.01047,9.353430506,0.3429605060000007,10838,True
99,Background,1048576,9.01086,9.18750634,0.17664634000000135,10838,True
75,Background,102400,9.01091,9.230795161,0.21988516099999877,1087892,True
100,Background,1048576,9.01344,9.465456639,0.452016639,106400,True
91,Background,1024,9.01345,9.064530316,0.05108031600000018,10838,True
96,Background,10485760,9.01429,9.364503398,0.3502133979999993,106400,True
96,Background,1048576,9.01463,9.177866514,0.1632365139999994,1244,True
90,Background,102400,9.01487,9.153960389,0.1390903889999997,10838,True
90,Background,102400,9.01577,9.353430506,0.33766050600000064,10838,True
91,Background,102400,9.01622,9.33292393,0.3167039299999992,106400,True
92,Background,10240,9.01638,9.960975243,0.9445952430000002,106400,True
110,Background,1048576,9.01755,9.100024654,0.08247465400000031,1087892,True
93,Background,1048576,9.01838,9.091361756,0.07298175599999901,106400,True
84,Background,102400,9.0189,9.069229359,0.05032935899999913,10838,True
92,Background,10240,9.01993,9.141609129,0.12167912900000033,1087892,True
79,Background,102400,9.02051,9.145600459,0.12509045900000082,1087892,True
86,Background,10485760,9.02067,9.34549652,0.32482651999999845,106400,True
96,Background,10240,9.02199,9.098009006,0.07601900599999922,106400,True
81,Background,1048576,9.02305,9.0308901,0.007840100000001016,1244,True
93,Background,10240,9.02306,9.960975243,0.9379152430000008,106400,True
83,Background,1024,9.02334,9.061923916,0.03858391600000033,10838,True
101,Background,102400,9.02381,9.065922127,0.04211212700000111,10838,True
103,Background,10240,9.02483,9.470803746,0.44597374599999995,106400,True
91,Background,102400,9.02491,9.353430506,0.32852050600000027,10838,True
95,Background,1024,9.02534,9.139585948,0.11424594800000065,1087892,True
97,Background,102400,9.02656,9.364503398,0.3379433980000002,106400,True
74,Background,102400,9.02827,9.827938639,0.7996686390000001,10838,True
75,Background,10485760,9.02853,9.827938639,0.7994086389999993,10838,True
93,Background,102400,9.03038,9.062318253,0.03193825300000164,10838,True
87,Background,10240,9.03125,9.183640718,0.15239071799999948,1087892,True
91,Background,10240,9.03284,9.115599881,0.08275988099999942,10838,True
98,Background,104857600,9.03452,9.095802286,0.061282285999999075,1244,True
93,Background,1048576,9.03806,9.083474362,0.04541436200000071,106400,True
73,Background,10240,9.04128,9.058562285,0.017282285000000286,106400,True
101,Background,102400,9.04143,9.465456639,0.42402663899999915,106400,True
80,Background,1048576,9.0416,9.145600459,0.10400045899999988,1087892,True
87,Background,102400,9.04248,9.453712397,0.4112323970000009,106400,True
73,Background,102400,9.0431,9.61859595,0.5754959499999988,108768230,True
91,Background,1048576,9.04381,9.840765226,0.7969552259999997,1087892,True
91,Background,1048576,9.04488,9.432888058,0.3880080580000005,1244,True
94,Background,10240,9.04633,9.064218513,0.017888513000000827,106400,True
96,Background,102400,9.04749,9.078492413,0.031002412999999507,1244,True
87,Background,102400,9.04795,9.143038041,0.09508804100000035,1087892,True
82,Background,1024,9.04801,9.755473645,0.7074636450000007,10838,True
88,Background,1024,9.04817,9.183640718,0.13547071799999877,1087892,True
83,Background,10240,9.04924,9.452612714,0.4033727140000014,10838,True
93,Background,1048576,9.05016,9.075442444,0.025282444000000126,106400,True
92,Background,10240,9.05099,9.064530316,0.013540316000000274,10838,True
104,Background,102400,9.0515,9.097273935,0.04577393499999971,10838,True
91,Background,104857600,9.05162,9.217198267,0.16557826700000078,106400,True
89,Background,102400,9.05183,9.183640718,0.13181071799999877,1087892,True
87,Background,102400,9.05218,9.34549652,0.2933165199999994,106400,True
93,Background,102400,9.05274,9.336043288,0.2833032880000008,106400,True
101,Background,102400,9.05312,9.145564059,0.09244405899999997,106400,True
94,Background,10240,9.05351,9.083474362,0.029964362000001188,106400,True
98,Background,10240,9.05355,9.190912036,0.13736203600000074,106400,True
105,Background,1048576,9.0554,9.076271181,0.02087118099999863,10838,True
96,Background,1024,9.05565,9.139585948,0.0839359480000006,1087892,True
85,Background,10485760,9.05701,9.069229359,0.012219358999999486,10838,True
97,Background,1048576,9.05702,9.078492413,0.02147241299999969,1244,True
97,Background,1024,9.05707,9.139585948,0.08251594800000106,1087892,True
90,Background,1024,9.05881,9.183640718,0.12483071800000012,1087892,True
91,Background,10240,9.05912,9.113485368,0.05436536799999914,106400,True
88,Background,1048576,9.05931,9.194274642,0.1349646419999999,1244,True
98,Background,102400,9.05955,9.364503398,0.3049533980000003,106400,True
111,Background,1024,9.06044,9.081220445,0.02078044499999976,1087892,True
87,Background,10240,9.06457,9.078250299,0.013680299000000673,106400,True
98,Background,1024,9.06815,9.139585948,0.0714359480000013,1087892,True
95,Background,10240,9.0683,9.203298866,0.1349988660000001,106400,True
77,Background,1048576,9.06846,9.152729282,0.08426928199999928,106400,True
96,Background,104857600,9.0687,9.305229482,0.2365294819999999,1087892,True
88,Background,10240,9.07062,9.143038041,0.0724180410000006,1087892,True
88,Background,1048576,9.0711,9.762013567,0.6909135670000008,1244,True
102,Background,10240,9.07158,9.465456639,0.39387663899999836,106400,True
78,Background,102400,9.0723,9.152729282,0.08042928199999899,106400,True
94,Background,102400,9.07243,9.153884182,0.08145418199999988,1244,True
82,Background,1048576,9.07264,9.699333309,0.6266933090000002,106400,True
86,Background,1048576,9.07303,9.145521295,0.07249129500000073,106400,True
92,Background,102400,9.07359,9.840765226,0.7671752260000009,1087892,True
92,Background,102400,9.0738,9.115599881,0.04179988099999932,10838,True
80,Background,1048576,9.0754,9.207281435,0.13188143500000038,106400,True
78,Background,1048576,9.07603,9.302192207,0.22616220699999978,106400,True
90,Background,10240,9.07859,9.201087819,0.12249781899999945,10876994,True
91,Background,1024,9.07883,9.216526696,0.13769669600000078,106400,True
75,Background,10240,9.07945,9.124798972,0.0453489720000011,1087892,True
84,Background,102400,9.08191,9.275664218,0.1937542179999987,10876994,True
97,Background,10240,9.08249,9.098009006,0.01551900599999989,106400,True
99,Background,10240,9.08269,9.095802286,0.01311228600000014,1244,True
95,Background,102400,9.08497,9.105564804,0.02059480399999991,10838,True
87,Background,1024,9.08499,9.145521295,0.06053129500000054,106400,True
82,Background,10240,9.08518,9.142388795,0.05720879500000109,1087892,True
70,Background,1024,9.08602,9.271408555,0.18538855500000118,106400,True
88,Background,10240,9.08603,9.557271366,0.471241366000001,1244,True
97,Background,10240,9.08651,9.305229482,0.21871948199999913,1087892,True
92,Background,104857600,9.08901,9.33292393,0.24391392999999972,106400,True
80,Background,1048576,9.09112,9.255677483,0.1645574829999994,10838,True
101,Background,102400,9.09172,9.092704047,0.0009840469999993218,10838,True
88,Background,1048576,9.09236,9.189917351,0.09755735100000074,10838,True
89,Background,10240,9.09275,9.557271366,0.4645213659999996,1244,True
92,Background,10485760,9.09313,9.113485368,0.02035536799999882,106400,True
99,Background,10240,9.09449,9.139585948,0.04509594800000016,1087892,True
94,Background,1048576,9.09658,9.215013484,0.11843348400000053,1244,True
92,Background,102400,9.09677,9.353430506,0.2566605060000011,10838,True
89,Background,10240,9.09735,9.762013567,0.6646635669999998,1244,True
81,Background,102400,9.09763,9.207281435,0.10965143499999996,106400,True
92,Background,1048576,9.09787,9.114339101,0.016469101000000208,10838,True
79,Background,1048576,9.09791,9.302192207,0.20428220699999855,106400,True
91,Background,102400,9.09998,9.38518831,0.2852083099999998,106400,True
103,Background,1024,9.10016,9.645739552,0.5455795519999995,10838,True
89,Background,1048576,9.10179,9.194274642,0.0924846420000005,1244,True
101,Background,102400,9.10502,9.562255173,0.4572351730000008,106400,True
88,Background,10240,9.10514,9.10733716,0.0021971599999996982,1087892,True
75,Background,1024,9.10576,9.195398692,0.08963869199999941,10838,True
82,Background,102400,9.10734,9.285441114,0.17810111399999862,1244,True
89,Background,102400,9.10785,9.143038041,0.03518804100000139,1087892,True
89,Background,1048576,9.10912,9.189917351,0.0807973509999993,10838,True
88,Background,104857600,9.10923,9.942185955,0.8329559549999992,1087892,True
122,Background,102400,9.1093,9.232712139,0.12341213900000092,1244,True
76,Background,102400,9.10975,9.124798972,0.01504897200000066,1087892,True
82,Background,102400,9.11162,9.255363845,0.14374384499999948,1244,True
94,Background,10240,9.11169,9.336043288,0.22435328800000143,106400,True
93,Background,10240,9.1123,9.114339101,0.0020391010000011534,10838,True
100,Background,1048576,9.11302,9.172866299,0.05984629900000016,10876994,True
92,Background,102400,9.11475,9.38518831,0.2704383099999994,106400,True
94,Background,1024,9.11607,9.960975243,0.8449052429999995,106400,True
83,Background,1048576,9.11613,9.285441114,0.1693111139999992,1244,True
94,Background,10240,9.11728,9.359222866,0.24194286600000048,106400,True
99,Background,102400,9.11893,9.275511317,0.15658131699999878,106400,True
98,Background,102400,9.1196,9.144824331,0.025224331000000433,10838,True
84,Background,10240,9.11982,9.285441114,0.16562111399999857,1244,True
85,Background,1048576,9.11984,9.275664218,0.15582421799999935,10876994,True
88,Background,10240,9.12183,9.688523068,0.5666930680000011,10838,True
88,Background,1048576,9.12221,9.453712397,0.3315023969999995,106400,True
86,Background,10485760,9.12235,9.275664218,0.15331421799999845,10876994,True
83,Background,10240,9.12283,9.699333309,0.5765033089999996,106400,True
71,Background,10240,9.12289,9.271408555,0.14851855500000077,106400,True
91,Background,10240,9.12403,9.201087819,0.0770578190000002,10876994,True
84,Background,10240,9.12406,9.699333309,0.575273309,106400,True
112,Background,10240,9.12482,9.367180745,0.24236074500000093,10838,True
95,Background,1024,9.12585,9.236915298,0.11106529799999976,10838,True
95,Background,102400,9.12609,9.13423669,0.008146690000000234,1087892,True
78,Background,10240,9.12694,9.226026452,0.09908645199999988,10838,True
87,Background,102400,9.12814,9.275664218,0.14752421799999915,10876994,True
101,Background,10240,9.12837,9.172866299,0.044496299000000405,10876994,True
82,Background,1024,9.12911,9.275468252,0.14635825199999886,10876994,True
111,Background,102400,9.12927,9.304475288,0.1752052880000008,1087892,True
112,Background,102400,9.13102,9.304475288,0.17345528800000132,1087892,True
102,Background,10240,9.13149,9.311333396,0.17984339600000077,10838,True
99,Background,10240,9.13209,9.190912036,0.058822036000000466,106400,True
88,Background,1024,9.13239,9.186984417,0.05459441700000056,1087892,True
82,Background,10240,9.13251,9.145215291,0.012705290999999619,10838,True
123,Background,104857600,9.13262,9.232712139,0.10009213900000091,1244,True
92,Background,102400,9.13308,9.378174339,0.24509433899999955,10876994,True
76,Background,10240,9.13322,9.195398692,0.06217869199999981,10838,True
86,Background,10240,9.13434,9.228490312,0.09415031200000001,106400,True
76,Background,10485760,9.13457,9.827938639,0.6933686389999991,10838,True
96,Background,1048576,9.13506,9.236915298,0.10185529800000026,10838,True
111,Background,10485760,9.13643,9.528035681,0.3916056809999997,1087892,True
84,Background,1048576,9.13726,9.390010076,0.2527500759999999,1244,True
93,Background,10240,9.1376,9.33292393,0.19532392999999892,106400,True
77,Background,102400,9.13762,9.827938639,0.6903186389999991,10838,True
109,Background,102400,9.13793,9.239156236,0.10122623599999869,1087892,True
124,Background,1024,9.13947,9.232712139,0.09324213900000089,1244,True
81,Background,102400,9.14155,9.145600459,0.004050459000000117,1087892,True
93,Background,10240,9.14287,9.456515869,0.31364586900000013,10838,True
83,Background,10240,9.14373,9.145215291,0.0014852909999998332,10838,True
80,Background,1048576,9.14458,9.787055926,0.6424759260000013,1087892,True
92,Background,102400,9.14481,9.398279521,0.25346952099999953,106400,True
96,Background,102400,9.14786,9.20916021,0.06130021000000063,1244,True
104,Background,1024,9.14798,9.470803746,0.3228237459999992,106400,True
98,Background,102400,9.14856,9.236715442,0.0881554419999997,10838,True
76,Background,102400,9.14941,9.488000588,0.33859058800000064,1244,True
97,Background,1048576,9.14943,9.20916021,0.05973020999999967,1244,True
89,Background,10240,9.15013,9.248632145,0.09850214499999943,10838,True
84,Background,1024,9.15076,9.314196127,0.16343612700000065,10876994,True
91,Background,1024,9.15206,9.153960389,0.0019003889999993362,10838,True
89,Background,10485760,9.15259,9.942185955,0.7895959549999993,1087892,True
86,Background,10240,9.15267,9.630919968,0.4782499680000001,1244,True
93,Background,102400,9.15304,9.182949487,0.029909486999999402,10838,True
92,Background,10240,9.15418,9.432888058,0.2787080579999994,1244,True
76,Background,1048576,9.15424,9.400768716,0.24652871600000026,1087892,True
94,Background,10485760,9.15516,9.33292393,0.17776392999999935,106400,True
98,Background,102400,9.15591,9.20916021,0.053250209999999853,1244,True
94,Background,10240,9.15651,9.182949487,0.026439486999999318,10838,True
97,Background,10485760,9.15672,9.177866514,0.021146513999999783,1244,True
95,Background,102400,9.1573,9.399787081,0.24248708100000016,10876994,True
94,Background,102400,9.15755,9.434191631,0.2766416309999986,10876994,True
85,Background,10240,9.15758,9.285441114,0.1278611139999999,1244,True
95,Background,102400,9.15766,9.359222866,0.20156286599999973,106400,True
92,Background,1048576,9.15892,9.217198267,0.05827826700000038,106400,True
98,Background,1024,9.16001,9.298499807,0.1384898070000009,10876994,True
98,Background,10240,9.16064,9.305229482,0.14458948199999888,1087892,True
89,Background,102400,9.16074,9.688523068,0.5277830679999997,10838,True
77,Background,10485760,9.16098,9.195398692,0.03441869199999914,10838,True
81,Background,102400,9.16099,9.832212412,0.6712224120000005,1087892,True
96,Background,10240,9.16161,9.359222866,0.19761286600000005,106400,True
96,Background,10485760,9.16217,9.203298866,0.041128866000001096,106400,True
96,Background,102400,9.1623,9.399787081,0.23748708099999938,10876994,True
84,Background,102400,9.16302,9.416006596,0.2529865960000013,10838,True
99,Background,1048576,9.16328,9.236715442,0.07343544199999918,10838,True
81,Background,102400,9.16357,9.350788365,0.18721836499999966,10838,True
92,Background,1048576,9.16454,9.166730726,0.0021907260000002537,10838,True
94,Background,102400,9.16495,9.456515869,0.29156586900000114,10838,True
95,Background,102400,9.16563,9.960975243,0.7953452429999999,106400,True
88,Background,1024,9.16571,9.34549652,0.17978651999999862,106400,True
90,Background,102400,9.16585,9.189917351,0.02406735099999935,10838,True
72,Background,1024,9.16588,9.271408555,0.10552855500000113,106400,True
105,Background,102400,9.16614,9.470803746,0.30466374599999924,106400,True
96,Background,10240,9.16663,9.207617582,0.040987581999999634,10838,True
93,Background,1048576,9.16703,9.432888058,0.2658580579999992,1244,True
73,Background,102400,9.16731,9.271408555,0.1040985550000002,106400,True
77,Background,10240,9.16738,9.400768716,0.23338871600000033,1087892,True
95,Background,1024,9.16854,9.456515869,0.2879758690000003,10838,True
102,Background,1048576,9.17014,9.248089899,0.07794989900000004,106400,True
93,Background,10240,9.17192,9.353430506,0.1815105060000004,10838,True
103,Background,1024,9.17194,9.536305499,0.3643654989999998,10838,True
98,Background,10240,9.17429,9.177866514,0.0035765140000005857,1244,True
85,Background,1024,9.17486,9.390010076,0.2151500759999987,1244,True
83,Background,102400,9.17511,9.275468252,0.10035825199999948,10876994,True
100,Background,10240,9.17678,9.18750634,0.010726339999999723,10838,True
95,Background,102400,9.17684,9.37621913,0.19937913000000052,1244,True
84,Background,1048576,9.17855,9.261501339,0.08295133900000096,106400,True
82,Background,10240,9.17986,9.207281435,0.027421435000000827,106400,True
93,Background,1024,9.18,9.217198267,0.03719826700000084,106400,True
82,Background,1024,9.1825,9.832212412,0.6497124120000013,1087892,True
81,Background,1024,9.18256,9.260546621,0.07798662099999909,10876994,True
93,Background,102400,9.18317,9.38518831,0.2020183099999997,106400,True
94,Background,10240,9.18386,9.249391637,0.0655316370000012,10838,True
93,Background,10240,9.18394,9.221173584,0.037233584000000874,106400,True
97,Background,1048576,9.18523,9.207617582,0.022387581999998574,10838,True
83,Background,10240,9.18534,9.755473645,0.5701336450000003,10838,True
82,Background,1048576,9.18571,9.260546621,0.07483662099999933,10876994,True
83,Background,1048576,9.18638,9.260546621,0.07416662099999982,10876994,True
93,Background,1024,9.18845,9.46697813,0.27852812999999976,106400,True
83,Background,10240,9.18883,9.204390135,0.015560135000001196,1087892,True
78,Background,1024,9.18999,9.3061975,0.1162074999999998,10838,True
97,Background,1024,9.19076,9.399787081,0.20902708100000034,10876994,True
93,Background,10240,9.19077,9.316907062,0.12613706199999974,106400,True
100,Background,10240,9.1908,9.275511317,0.08471131700000001,106400,True
102,Background,10240,9.1933,9.562255173,0.3689551729999998,106400,True
91,Background,102400,9.19359,9.240666282,0.047076281999999026,106400,True
96,Background,1048576,9.19365,9.874353972,0.6807039719999999,106400,True
90,Background,1048576,9.19441,9.194274642,-0.00013535799999964127,1244,True
103,Background,102400,9.19467,9.465456639,0.2707866389999989,106400,True
78,Background,102400,9.19575,9.827938639,0.6321886389999989,10838,True
89,Background,1024,9.19766,9.355906622,0.15824662199999828,1244,True
90,Background,102400,9.19793,9.942185955,0.7442559549999999,1087892,True
79,Background,102400,9.1996,9.368685222,0.16908522199999965,10876994,True
79,Background,1024,9.20045,9.226026452,0.02557645199999925,10838,True
90,Background,1024,9.20056,9.355906622,0.1553466219999997,1244,True
84,Background,102400,9.20374,9.452612714,0.24887271400000088,10838,True
78,Background,10485760,9.20419,9.400768716,0.19657871599999943,1087892,True
105,Background,102400,9.20451,9.446287065,0.24177706499999907,106400,True
96,Background,102400,9.20455,9.456515869,0.25196586900000106,10838,True
84,Background,10240,9.2057,9.260546621,0.054846620999999374,10876994,True
87,Background,102400,9.20601,9.630919968,0.42490996800000147,1244,True
88,Background,10240,9.20862,9.630919968,0.4222999680000008,1244,True
83,Background,102400,9.20874,9.255363845,0.046623844999999164,1244,True
96,Background,102400,9.20985,9.276859654,0.06700965400000136,10838,True
96,Background,102400,9.21032,9.960975243,0.7506552430000006,106400,True
96,Background,102400,9.2112,9.37621913,0.165019130000001,1244,True
84,Background,10485760,9.21194,9.518260979,0.30632097900000055,10838,True
95,Background,1048576,9.21329,9.249391637,0.0361016369999998,10838,True
89,Background,102400,9.21363,9.630919968,0.4172899680000004,1244,True
97,Background,102400,9.21407,9.359222866,0.1451528660000001,106400,True
106,Background,1024,9.21423,9.446287065,0.23205706499999934,106400,True
90,Background,10240,9.21442,9.48006933,0.2656493299999987,108768230,True
95,Background,102400,9.21455,9.434191631,0.219641631,10876994,True
77,Background,10485760,9.2148,9.250917304,0.03611730399999935,1244,True
90,Background,1048576,9.215,9.248632145,0.033632145000000335,10838,True
84,Background,1024,9.21524,9.322081306,0.10684130599999975,1244,True
90,Background,10240,9.21586,9.762013567,0.5461535670000011,1244,True
85,Background,10240,9.21605,9.452612714,0.2365627140000015,10838,True
82,Background,10240,9.21635,9.350788365,0.1344383649999994,10838,True
85,Background,102400,9.2172,9.416006596,0.19880659600000072,10838,True
93,Background,10240,9.21754,9.398279521,0.18073952099999957,106400,True
80,Background,102400,9.21766,9.302192207,0.08453220699999875,106400,True
88,Background,1048576,9.21822,9.275664218,0.05744421799999877,10876994,True
94,Background,10485760,9.22026,9.38518831,0.16492831000000052,106400,True
98,Background,10240,9.22057,9.399787081,0.1792170809999991,10876994,True
85,Background,1048576,9.22059,9.314196127,0.09360612700000104,10876994,True
99,Background,102400,9.22124,9.305229482,0.08398948199999978,1087892,True
93,Background,1048576,9.22136,9.572589458,0.35122945799999883,10838,True
108,Background,102400,9.22147,9.456359341,0.23488934100000058,10838,True
96,Background,102400,9.22168,9.243860767,0.022180767000000046,10838,True
106,Background,102400,9.22181,9.546952089,0.32514208899999986,106400,True
97,Background,10240,9.22238,9.890455732,0.6680757320000001,1087892,True
80,Background,102400,9.22263,9.226026452,0.0033964519999987175,10838,True
94,Background,102400,9.22376,9.398279521,0.1745195209999988,106400,True
94,Background,104857600,9.22393,9.285291669,0.06136166900000006,106400,True
125,Background,10240,9.22461,9.232712139,0.008102139000000008,1244,True
90,Background,10240,9.22614,9.688523068,0.4623830680000012,10838,True
93,Background,102400,9.22674,9.378174339,0.1514343389999997,10876994,True
84,Background,1024,9.22709,9.755473645,0.5283836449999999,10838,True
94,Background,102400,9.22813,9.316907062,0.08877706200000013,106400,True
88,Background,1048576,9.22888,9.650915052,0.422035052,106400,True
76,Background,10240,9.23138,9.587955634,0.35657563400000036,10838,True
104,Background,1024,9.23205,9.536305499,0.30425549899999993,10838,True
80,Background,1048576,9.23223,9.368685222,0.13645522200000038,10876994,True
89,Background,1048576,9.23241,9.34549652,0.11308651999999952,106400,True
103,Background,102400,9.23376,9.248089899,0.014329898999999813,106400,True
86,Background,10240,9.23479,9.285441114,0.050651113999999,1244,True
90,Background,10240,9.23496,9.34549652,0.11053652000000014,106400,True
97,Background,10240,9.2352,9.236915298,0.0017152979999988105,10838,True
99,Background,10485760,9.23788,9.399787081,0.16190708099999895,10876994,True
102,Background,104857600,9.23894,9.697812244,0.45887224400000015,1244,True
100,Background,102400,9.23909,9.305229482,0.06613948200000053,1087892,True
98,Background,1024,9.24016,9.263270795,0.023110795000000905,10876994,True
113,Background,1024,9.2416,9.367180745,0.1255807450000006,10838,True
93,Background,102400,9.24164,9.840765226,0.599125226,1087892,True
81,Background,1048576,9.2433,9.292054634,0.0487546339999998,106400,True
94,Background,10240,9.24336,9.46697813,0.2236181300000002,106400,True
92,Background,102400,9.24344,9.484481948,0.24104194800000123,10838,True
99,Background,10240,9.24523,9.338345513,0.09311551300000076,10838,True
99,Background,102400,9.24544,9.254240293,0.008800293000000181,10838,True
83,Background,1048576,9.24635,9.832212412,0.5858624120000009,1087892,True
108,Background,1048576,9.24644,9.493122474,0.24668247399999998,10838,True
103,Background,1048576,9.24763,9.697812244,0.4501822440000005,1244,True
94,Background,102400,9.2481,9.353430506,0.1053305059999996,10838,True
100,Background,10240,9.24812,9.482454748,0.2343347480000002,1087892,True
94,Background,102400,9.24848,9.300880319,0.05240031899999842,106400,True
86,Background,1048576,9.24863,9.390010076,0.14138007599999902,1244,True
95,Background,102400,9.24871,9.336043288,0.08733328799999995,106400,True
101,Background,102400,9.24966,9.482454748,0.23279474799999988,1087892,True
87,Background,1024,9.2515,9.43146333,0.17996332999999964,10838,True
104,Background,1024,9.25221,9.697812244,0.4456022439999998,1244,True
95,Background,1048576,9.25253,9.316907062,0.06437706200000015,106400,True
105,Background,1048576,9.25377,9.697812244,0.44404224400000025,1244,True
101,Background,1024,9.25547,9.275511317,0.02004131699999867,106400,True
102,Background,10240,9.25675,9.326746773,0.06999677299999973,1087892,True
77,Background,10240,9.25722,9.587955634,0.33073563399999983,10838,True
75,Background,10240,9.25775,9.505684089,0.24793408900000102,106400,True
93,Background,102400,9.2582,9.379177506,0.12097750599999912,1087892,True
77,Background,1048576,9.25837,9.76830707,0.5099370700000012,10838,True
91,Background,102400,9.2594,9.34549652,0.0860965199999999,106400,True
99,Background,10240,9.26058,9.358576698,0.0979966980000011,106400,True
84,Background,1048576,9.26102,9.328863738,0.06784373800000054,1244,True
83,Background,1048576,9.26158,9.350788365,0.08920836499999929,10838,True
92,Background,102400,9.26169,9.34549652,0.08380651999999955,106400,True
81,Background,1048576,9.26264,9.368685222,0.10604522200000055,10876994,True
98,Background,102400,9.26324,9.890455732,0.6272157319999998,1087892,True
94,Background,102400,9.26364,9.379177506,0.11553750599999901,1087892,True
95,Background,10240,9.2647,9.33292393,0.06822393000000027,106400,True
100,Background,10485760,9.2651,9.432079026,0.16697902599999992,1244,True
85,Background,102400,9.26531,9.322081306,0.05677130599999991,1244,True
79,Background,102400,9.26573,9.400768716,0.1350387160000004,1087892,True
85,Background,102400,9.26675,9.283507733,0.016757733000000385,106400,True
100,Background,10240,9.26784,9.28777529,0.01993529000000116,1244,True
93,Background,1024,9.26807,9.387373592,0.11930359199999963,1087892,True
86,Background,1048576,9.26927,9.314196127,0.04492612700000009,10876994,True
94,Background,102400,9.26934,9.840765226,0.5714252260000006,1087892,True
103,Background,1024,9.26947,9.562255173,0.2927851730000004,106400,True
87,Background,10240,9.26966,9.285441114,0.015781113999999263,1244,True
100,Background,10240,9.27003,9.399787081,0.12975708099999927,10876994,True
99,Background,1024,9.27037,9.890455732,0.6200857319999997,1087892,True
109,Background,102400,9.27046,9.456359341,0.18589934100000072,10838,True
78,Background,102400,9.27147,9.587955634,0.3164856339999993,10838,True
89,Background,102400,9.27241,9.650468364,0.37805836399999926,1087892,True
100,Background,1024,9.27291,9.890455732,0.617545732,1087892,True
85,Background,102400,9.27324,9.518260979,0.2450209790000013,10838,True
95,Background,102400,9.27402,9.379177506,0.1051575059999994,1087892,True
79,Background,1048576,9.27411,9.3061975,0.03208749999999938,10838,True
93,Background,10240,9.27422,9.484481948,0.2102619480000012,10838,True
95,Background,10240,9.27479,9.398279521,0.12348952099999977,106400,True
90,Background,102400,9.2749,9.557271366,0.28237136599999957,1244,True
96,Background,10240,9.2757,9.651423906,0.3757239059999993,1244,True
82,Background,102400,9.27572,9.656618506,0.3808985059999994,10838,True
86,Background,1048576,9.276,9.416006596,0.14000659600000098,10838,True
95,Background,1048576,9.27605,9.840765226,0.5647152260000006,1087892,True
113,Background,10240,9.27659,9.304475288,0.02788528800000023,1087892,True
94,Background,10240,9.27774,9.310380823,0.032640822999999486,1087892,True
87,Background,10240,9.27855,9.416006596,0.1374565960000016,10838,True
103,Background,1024,9.27892,9.326746773,0.0478267730000006,1087892,True
95,Background,10240,9.27907,9.285291669,0.006221668999998542,106400,True
97,Background,1048576,9.28038,9.960975243,0.6805952430000008,106400,True
106,Background,10240,9.28083,9.697812244,0.4169822439999997,1244,True
81,Background,102400,9.28092,9.787055926,0.5061359260000007,1087892,True
86,Background,10240,9.2814,9.452612714,0.17121271400000104,10838,True
74,Background,10240,9.28142,9.402904869,0.12148486899999966,10876994,True
84,Background,10240,9.28173,9.832212412,0.5504824120000009,1087892,True
88,Background,1024,9.28325,9.416006596,0.13275659600000012,10838,True
81,Background,10240,9.28358,9.302192207,0.01861220699999855,106400,True
96,Background,10240,9.2849,9.33292393,0.04802392999999938,106400,True
95,Background,104857600,9.28587,9.38518831,0.09931831000000102,106400,True
90,Background,1048576,9.2864,9.650468364,0.36406836399999953,1087892,True
77,Background,102400,9.28664,9.334517432,0.04787743199999994,106400,True
85,Background,102400,9.2889,9.755473645,0.4665736450000004,10838,True
91,Background,10240,9.28962,9.942185955,0.652565955,1087892,True
97,Background,102400,9.29,9.337472144,0.04747214400000033,1087892,True
98,Background,1024,9.29239,9.337472144,0.04508214400000021,1087892,True
105,Background,102400,9.29393,9.536305499,0.24237549899999955,10838,True
97,Background,10240,9.29511,9.33292393,0.03781393000000044,106400,True
101,Background,1048576,9.29535,9.399787081,0.10443708100000038,10876994,True
88,Background,10240,9.29789,9.530462265,0.23257226499999994,106400,True
114,Background,10240,9.29823,9.367180745,0.06895074500000042,10838,True
100,Background,10485760,9.29847,9.779026634,0.48055663399999915,106400,True
96,Background,1048576,9.29938,9.304505638,0.005125638000000876,10838,True
107,Background,10240,9.30097,9.446287065,0.1453170650000004,106400,True
102,Background,102400,9.30113,9.399787081,0.09865708099999893,10876994,True
97,Background,102400,9.30152,9.37621913,0.07469913000000084,1244,True
78,Background,104857600,9.30206,9.469041887,0.1669818869999986,10838,True
104,Background,10240,9.30306,9.645739552,0.3426795519999999,10838,True
96,Background,10485760,9.30354,9.316907062,0.013367062000000374,106400,True
86,Background,102400,9.30417,9.322081306,0.017911306000000238,1244,True
95,Background,102400,9.30524,9.353430506,0.048190506000000966,10838,True
99,Background,104857600,9.30573,9.337472144,0.03174214399999897,1087892,True
88,Background,10240,9.30795,9.454579098,0.146629098,10838,True
97,Background,102400,9.30831,9.3364144,0.02810440000000014,1087892,True
78,Background,1024,9.30953,9.808684056,0.49915405600000007,106400,True
103,Background,10240,9.30968,9.311333396,0.0016533960000000292,10838,True
112,Background,10240,9.31063,9.528035681,0.21740568100000068,1087892,True
82,Background,10240,9.3108,9.626466812,0.3156668119999999,106400,True
101,Background,1048576,9.31213,9.779026634,0.46689663399999937,106400,True
98,Background,10485760,9.31402,9.359222866,0.04520286600000034,106400,True
105,Background,10240,9.31428,9.645739552,0.3314595520000001,10838,True
97,Background,10240,9.31481,9.651423906,0.3366139060000002,1244,True
92,Background,10240,9.31526,9.314395951,-0.0008640490000004775,10838,True
76,Background,1048576,9.31584,9.505684089,0.18984408900000105,106400,True
91,Background,102400,9.31662,9.688523068,0.37190306799999995,10838,True
95,Background,1024,9.31774,9.46697813,0.14923812999999875,106400,True
99,Background,10240,9.31896,9.359222866,0.040262865999999065,106400,True
126,Background,10240,9.31943,9.385514434,0.06608443399999864,1087892,True
97,Background,10240,9.31944,9.874353972,0.5549139719999996,106400,True
89,Background,102400,9.32035,9.454579098,0.1342290980000005,10838,True
89,Background,10240,9.32053,9.453712397,0.13318239700000056,106400,True
86,Background,102400,9.3206,9.638426547,0.31782654699999924,1087892,True
99,Background,102400,9.32181,9.364503398,0.042693398000000826,106400,True
77,Background,1048576,9.32196,9.488000588,0.16604058799999954,1244,True
114,Background,102400,9.32318,9.476544615,0.1533646149999992,1087892,True
102,Background,102400,9.32373,9.531781922,0.208051922000001,10838,True
83,Background,10240,9.32468,9.626466812,0.30178681199999957,106400,True
82,Background,10485760,9.32479,9.528558031,0.20376803099999918,1087892,True
85,Background,102400,9.3257,9.328863738,0.0031637380000013593,1244,True
94,Background,10240,9.32589,9.432888058,0.10699805800000028,1244,True
95,Background,10240,9.32787,9.660285889,0.33241588899999996,1244,True
96,Background,102400,9.3296,9.379177506,0.049577506000000326,1087892,True
91,Background,1048576,9.33099,9.355906622,0.024916621999999222,1244,True
92,Background,102400,9.33279,9.405873269,0.0730832690000014,106400,True
85,Background,1024,9.33424,9.832212412,0.4979724120000011,1087892,True
83,Background,102400,9.33435,9.528558031,0.19420803099999873,1087892,True
95,Background,1024,9.33441,9.432888058,0.09847805799999954,1244,True
108,Background,10485760,9.33518,9.446287065,0.11110706500000056,106400,True
101,Background,10240,9.33536,9.432079026,0.0967190260000006,1244,True
91,Background,10240,9.33636,9.557271366,0.22091136599999928,1244,True
96,Background,1048576,9.33754,9.509551542,0.1720115419999999,10838,True
94,Background,102400,9.33864,9.59431705,0.25567705000000096,1244,True
91,Background,1048576,9.33865,9.762013567,0.4233635670000009,1244,True
110,Background,102400,9.33891,9.456359341,0.11744934100000037,10838,True
79,Background,1048576,9.33907,9.808684056,0.46961405600000106,106400,True
92,Background,10240,9.33978,9.405029126,0.06524912600000121,106400,True
96,Background,10485760,9.34023,9.434191631,0.0939616309999991,10876994,True
101,Background,102400,9.34155,9.890455732,0.5489057319999997,1087892,True
98,Background,1048576,9.342,9.357425917,0.015425916999999956,1244,True
82,Background,10485760,9.34216,9.787055926,0.44489592600000094,1087892,True
104,Background,10240,9.34378,9.562255173,0.21847517299999986,106400,True
74,Background,10240,9.34382,9.61859595,0.27477595000000044,108768230,True
127,Background,1024,9.34477,9.385514434,0.04074443399999872,1087892,True
92,Background,102400,9.34597,9.942185955,0.5962159549999999,1087892,True
106,Background,1048576,9.34676,9.645739552,0.2989795520000005,10838,True
87,Background,102400,9.34704,9.638426547,0.2913865470000001,1087892,True
109,Background,102400,9.34729,9.446287065,0.09899706500000072,106400,True
78,Background,1024,9.34741,9.76830707,0.42089707000000054,10838,True
80,Background,1024,9.34797,9.506471801,0.1585018009999999,106400,True
111,Background,10485760,9.34837,9.456359341,0.10798934100000146,10838,True
97,Background,1024,9.34839,9.509551542,0.16116154200000032,10838,True
94,Background,1024,9.34868,9.488039056,0.13935905599999998,106400,True
91,Background,10240,9.34904,9.437367822,0.08832782200000011,1087892,True
107,Background,1024,9.34961,9.546952089,0.19734208899999928,106400,True
95,Background,10240,9.34988,9.624985498,0.2751054979999985,10838,True
78,Background,10485760,9.35067,9.488000588,0.13733058800000109,1244,True
98,Background,1048576,9.35192,9.651423906,0.299503906,1244,True
78,Background,1024,9.35221,9.435206969,0.08299696899999986,1087892,True
108,Background,102400,9.35372,9.546952089,0.19323208900000033,106400,True
98,Background,1048576,9.35551,9.960975243,0.6054652429999994,106400,True
104,Background,10240,9.35644,9.465456639,0.10901663900000003,106400,True
95,Background,102400,9.3566,9.384306321,0.027706321000000145,10876994,True
109,Background,10240,9.35681,9.546952089,0.19014208900000007,106400,True
106,Background,104857600,9.35762,9.470803746,0.11318374599999892,106400,True
113,Background,102400,9.35808,9.528035681,0.16995568100000114,1087892,True
81,Background,1024,9.35898,9.449102762,0.09012276200000002,1087892,True
99,Background,102400,9.36083,9.651423906,0.2905939059999998,1244,True
93,Background,1048576,9.36295,9.369584934,0.006634934000000925,10838,True
107,Background,1048576,9.36301,9.470803746,0.10779374600000047,106400,True
89,Background,102400,9.36414,9.650915052,0.2867750519999994,106400,True
100,Background,10240,9.36425,9.364503398,0.00025339799999990475,106400,True
103,Background,1048576,9.3652,9.531781922,0.16658192200000066,10838,True
115,Background,1048576,9.36569,9.476544615,0.11085461499999916,1087892,True
96,Background,1048576,9.36672,9.840765226,0.47404522599999943,1087892,True
94,Background,1048576,9.36701,9.387373592,0.02036359199999893,1087892,True
108,Background,102400,9.3673,9.470803746,0.10350374599999945,106400,True
87,Background,1024,9.36744,9.382654769,0.015214768999999961,1087892,True
97,Background,102400,9.36748,9.840765226,0.4732852259999998,1087892,True
98,Background,1048576,9.36797,9.577204159,0.20923415900000109,1244,True
104,Background,10240,9.36902,9.428040154,0.059020153999998826,106400,True
90,Background,102400,9.36958,9.453712397,0.08413239700000119,106400,True
110,Background,1048576,9.37019,9.446287065,0.0760970650000008,106400,True
92,Background,10240,9.37067,9.437367822,0.06669782200000007,1087892,True
103,Background,1024,9.37084,9.384280257,0.013440257000000955,1087892,True
109,Background,1048576,9.37185,9.493122474,0.12127247399999952,10838,True
110,Background,102400,9.37307,9.546952089,0.17388208899999924,106400,True
99,Background,10485760,9.37333,9.577204159,0.2038741590000015,1244,True
93,Background,102400,9.3734,9.437367822,0.0639678220000004,1087892,True
79,Background,102400,9.37439,9.587955634,0.21356563400000006,10838,True
82,Background,1024,9.37529,9.465998621,0.09070862100000099,106400,True
74,Background,10485760,9.3759,9.428597923,0.0526979230000002,10838,True
114,Background,1024,9.37719,9.528035681,0.15084568099999984,1087892,True
83,Background,10240,9.37829,9.656618506,0.27832850599999936,10838,True
101,Background,102400,9.37847,9.815668269,0.4371982689999996,10838,True
100,Background,1024,9.38033,9.818048781,0.43771878099999917,106400,True
104,Background,104857600,9.38174,9.384280257,0.0025402569999997127,1087892,True
95,Background,10240,9.38303,9.453114158,0.07008415800000023,10838,True
97,Background,10240,9.38315,9.691718026,0.30856802599999966,106400,True
92,Background,102400,9.38369,9.703482511,0.31979251100000106,1087892,True
86,Background,10485760,9.38555,9.420193731,0.03464373099999918,10876994,True
91,Background,102400,9.38557,9.397289089,0.011719088999999627,106400,True
91,Background,102400,9.3867,9.650468364,0.2637683640000006,1087892,True
80,Background,10240,9.38683,9.400768716,0.013938716000000184,1087892,True
102,Background,10240,9.3874,9.890455732,0.503055732,1087892,True
100,Background,1024,9.38833,9.577204159,0.18887415900000093,1244,True
96,Background,1024,9.38862,9.442717082,0.054097082000000185,10838,True
86,Background,1024,9.38873,9.755473645,0.3667436449999997,10838,True
101,Background,1048576,9.38885,9.577204159,0.18835415900000108,1244,True
99,Background,10240,9.3918,9.692917174,0.3011171739999998,10838,True
90,Background,1048576,9.3934,9.650915052,0.25751505200000047,106400,True
95,Background,1048576,9.39406,9.460755469,0.06669546900000078,106400,True
93,Background,102400,9.39411,9.405873269,0.01176326900000113,106400,True
103,Background,10240,9.39485,9.890455732,0.4956057319999996,1087892,True
94,Background,102400,9.39588,9.426382483,0.03050248299999936,1087892,True
89,Background,10240,9.39598,9.44035105,0.04437105000000052,10838,True
88,Background,10240,9.39681,9.43146333,0.03465332999999937,10838,True
90,Background,10240,9.39841,9.630919968,0.23250996800000046,1244,True
100,Background,10240,9.39919,9.692917174,0.2937271739999989,10838,True
83,Background,10240,9.39992,9.513998067,0.11407806699999945,10838,True
96,Background,102400,9.40238,9.541908009,0.1395280089999993,10838,True
75,Background,102400,9.40288,9.428597923,0.025717923000000198,10838,True
109,Background,10240,9.40331,9.470803746,0.06749374600000024,106400,True
92,Background,1024,9.40609,9.688523068,0.28243306799999957,10838,True
99,Background,1048576,9.40765,9.70586209,0.2982120899999998,106400,True
91,Background,10240,9.40868,9.524256932,0.11557693199999974,10838,True
98,Background,10240,9.40983,9.660445169,0.25061516900000136,1244,True
84,Background,102400,9.41005,9.528558031,0.11850803099999929,1087892,True
107,Background,1024,9.41155,9.548846412,0.13729641199999953,106400,True
116,Background,1048576,9.41269,9.476544615,0.06385461500000034,1087892,True
92,Background,10240,9.41332,9.762013567,0.34869356699999976,1244,True
95,Background,10240,9.41332,9.59431705,0.18099705000000021,1244,True
100,Background,102400,9.4153,9.530435447,0.11513544700000011,10838,True
101,Background,1024,9.41535,9.692917174,0.27756717399999964,10838,True
90,Background,102400,9.41618,9.454579098,0.0383990979999993,10838,True
91,Background,10240,9.41644,9.650915052,0.23447505200000052,106400,True
105,Background,102400,9.41817,9.569874529,0.15170452899999987,106400,True
96,Background,1048576,9.41876,9.460755469,0.04199546899999973,106400,True
91,Background,104857600,9.41881,9.630919968,0.21210996800000004,1244,True
79,Background,102400,9.41897,9.76830707,0.3493370700000007,10838,True
100,Background,102400,9.42065,9.651423906,0.23077390599999958,1244,True
85,Background,1024,9.42204,9.528558031,0.10651803099999846,1087892,True
93,Background,102400,9.42335,9.784540618,0.3611906180000002,1244,True
112,Background,102400,9.42343,9.456359341,0.03292934100000089,10838,True
115,Background,10240,9.42404,9.705231695,0.2811916950000004,1244,True
86,Background,1048576,9.42536,9.518260979,0.09290097900000127,10838,True
101,Background,1048576,9.4259,9.432762852,0.006862851999999364,106400,True
102,Background,10485760,9.42609,9.482454748,0.05636474800000002,1087892,True
102,Background,1024,9.42658,9.815668269,0.38908826900000015,10838,True
108,Background,102400,9.42696,9.548846412,0.12188641200000028,106400,True
99,Background,10240,9.4281,9.646608668,0.21850866800000013,1244,True
94,Background,102400,9.43114,9.784540618,0.3534006180000002,1244,True
82,Background,1024,9.43225,9.449102762,0.016852762000000965,1087892,True
88,Background,102400,9.43239,9.598185454,0.1657954539999995,10838,True
85,Background,1048576,9.43615,9.699333309,0.2631833090000004,106400,True
94,Background,102400,9.43736,9.572589458,0.13522945799999952,10838,True
101,Background,102400,9.43856,9.690307014,0.2517470139999993,106400,True
97,Background,1048576,9.43959,9.487505897,0.04791589699999932,10838,True
95,Background,10485760,9.44052,9.730192319,0.289672319000001,106400,True
97,Background,102400,9.44117,9.541908009,0.10073800900000052,10838,True
89,Background,1024,9.44158,9.530462265,0.08888226500000052,106400,True
86,Background,10240,9.44241,9.713830963,0.27142096299999885,1087892,True
102,Background,10240,9.44411,9.623757594,0.1796475940000004,10838,True
105,Background,1048576,9.44542,9.500141779,0.054721778999999415,10876994,True
92,Background,102400,9.4474,9.630919968,0.1835199680000006,1244,True
93,Background,1048576,9.44744,9.942185955,0.49474595499999907,1087892,True
83,Background,104857600,9.44769,9.787055926,0.33936592600000104,1087892,True
97,Background,102400,9.4479,9.855032139,0.4071321389999998,1244,True
105,Background,1048576,9.44826,9.465456639,0.01719663899999979,106400,True
85,Background,10240,9.44973,9.867840868,0.4181108679999994,10838,True
96,Background,102400,9.45064,9.999997686,0.5493576860000005,104467216,False
98,Background,1048576,9.45313,9.509551542,0.05642154200000071,10838,True
91,Background,10485760,9.45349,9.453712397,0.0002223969999999298,106400,True
110,Background,10485760,9.45366,9.58757451,0.13391451000000032,1244,True
96,Background,1048576,9.45374,9.914818666,0.4610786660000006,106400,True
76,Background,1024,9.4547,9.720333402,0.26563340199999885,1244,True
96,Background,1024,9.45545,9.59431705,0.13886705,1244,True
101,Background,1048576,9.45636,9.651423906,0.19506390599999968,1244,True
87,Background,10485760,9.45812,9.617548287,0.15942828700000078,106400,True
105,Background,1048576,9.45841,9.562255173,0.10384517299999985,106400,True
95,Background,1048576,9.46151,9.784540618,0.3230306179999989,1244,True
98,Background,10240,9.46172,9.481526316,0.01980631600000038,1087892,True
98,Background,1048576,9.46182,9.874353972,0.4125339720000003,106400,True
100,Background,1048576,9.46283,9.70586209,0.2430320899999998,106400,True
77,Background,102400,9.46283,9.720333402,0.2575034019999993,1244,True
101,Background,1024,9.46364,9.818048781,0.35440878100000006,106400,True
106,Background,10485760,9.46649,9.487526169,0.02103616900000027,106400,True
86,Background,1024,9.46655,9.528558031,0.06200803099999952,1087892,True
102,Background,10240,9.46811,9.809612252,0.3415022520000015,106400,True
109,Background,102400,9.46879,9.548846412,0.08005641199999936,106400,True
86,Background,102400,9.46892,9.699333309,0.23041330899999934,106400,True
84,Background,102400,9.46965,9.529717074,0.060067074000000886,10838,True
110,Background,10240,9.47016,9.493122474,0.022962473999999844,10838,True
89,Background,1048576,9.47114,9.495528644,0.02438864400000007,106400,True
117,Background,102400,9.47375,9.476544615,0.002794614999999112,1087892,True
90,Background,10485760,9.47415,9.495528644,0.021378644000000335,106400,True
92,Background,1024,9.47504,9.650468364,0.17542836400000006,1087892,True
93,Background,1048576,9.47542,9.762013567,0.2865935670000006,1244,True
84,Background,102400,9.47605,9.656618506,0.1805685059999984,10838,True
81,Background,10485760,9.47622,9.506471801,0.030251801000000356,106400,True
79,Background,1024,9.47661,9.488000588,0.011390587999999369,1244,True
128,Background,10240,9.47845,9.888702146,0.4102521459999995,1244,True
87,Background,1048576,9.47887,9.518260979,0.039390979000000215,10838,True
107,Background,10240,9.48013,9.697812244,0.2176822439999988,1244,True
93,Background,102400,9.4802,9.703482511,0.22328251100000074,1087892,True
84,Background,102400,9.48111,9.626466812,0.14535681200000106,106400,True
96,Background,1048576,9.48172,9.490486606,0.00876660600000001,10838,True
84,Background,10485760,9.48228,9.875826566,0.39354656600000126,106400,True
85,Background,1048576,9.48355,9.529717074,0.04616707400000131,10838,True
92,Background,1048576,9.48423,9.528483378,0.04425337800000051,106400,True
99,Background,10240,9.48459,9.509551542,0.02496154199999978,10838,True
106,Background,102400,9.48746,9.562255173,0.07479517300000005,106400,True
98,Background,10240,9.48818,9.855032139,0.3668521390000006,1244,True
96,Background,1048576,9.48825,9.884265474,0.3960154739999986,10838,True
82,Background,1024,9.49147,9.506471801,0.01500180100000037,106400,True
102,Background,10240,9.49168,9.692917174,0.20123717399999919,10838,True
87,Background,102400,9.49213,9.755473645,0.26334364500000085,10838,True
101,Background,1048576,9.49281,9.530435447,0.03762544699999992,10838,True
98,Background,102400,9.49285,9.567826911,0.07497691099999848,10838,True
88,Background,10240,9.49286,9.755473645,0.26261364500000006,10838,True
86,Background,102400,9.49319,9.529717074,0.036527074000000326,10838,True
85,Background,1024,9.49419,9.875826566,0.38163656600000095,106400,True
87,Background,1048576,9.49445,9.514849491,0.02039949099999916,10838,True
83,Background,10240,9.49446,9.506471801,0.012011800999999878,106400,True
118,Background,104857600,9.49475,9.609760138,0.1150101380000006,106400,True
80,Background,102400,9.4948,9.564301106,0.06950110600000059,10838,True
103,Background,10485760,9.49618,9.692917174,0.19673717399999902,10838,True
99,Background,10240,9.49797,9.960975243,0.46300524299999957,106400,True
106,Background,1048576,9.49842,9.536305499,0.03788549899999971,10838,True
100,Background,1024,9.49896,9.539831577,0.04087157699999899,10838,True
78,Background,102400,9.49899,9.720333402,0.22134340200000047,1244,True
97,Background,1048576,9.50046,9.999997686,0.49953768600000004,104467216,False
96,Background,1024,9.50176,9.660285889,0.15852588899999986,1244,True
79,Background,102400,9.50289,9.720333402,0.2174434019999989,1244,True
97,Background,10240,9.50303,9.503609634,0.0005796339999992739,106400,True
87,Background,102400,9.50327,9.528558031,0.025288030999998767,1087892,True
80,Background,1048576,9.5052,9.808684056,0.3034840560000003,106400,True
85,Background,102400,9.50649,9.656618506,0.15012850599999972,10838,True
83,Background,102400,9.50679,9.531411234,0.024621233999999603,1244,True
95,Background,1024,9.50775,9.572589458,0.0648394579999998,10838,True
92,Background,1048576,9.50814,9.650915052,0.14277505200000107,106400,True
97,Background,1048576,9.5099,9.526967317,0.017067317000000415,1244,True
103,Background,102400,9.51108,9.614295182,0.10321518199999957,10838,True
99,Background,10240,9.51308,9.567826911,0.05474691099999873,10838,True
100,Background,1048576,9.51325,9.674051397,0.16080139700000018,1087892,True
88,Background,10240,9.51353,9.514849491,0.0013194910000002835,10838,True
111,Background,102400,9.51371,9.58757451,0.07386450999999994,1244,True
129,Background,10240,9.51532,9.888702146,0.37338214600000086,1244,True
94,Background,1024,9.51733,9.596252674,0.07892267400000108,10838,True
103,Background,10240,9.51756,9.815668269,0.2981082690000001,10838,True
110,Background,10240,9.51835,9.548846412,0.03049641199999975,106400,True
98,Background,102400,9.51929,9.526967317,0.0076773170000006274,1244,True
93,Background,10240,9.51948,9.650468364,0.13098836400000025,1087892,True
116,Background,10485760,9.5198,9.705231695,0.18543169500000012,1244,True
77,Background,1048576,9.5212,9.76725758,0.24605758000000044,1087892,True
104,Background,1048576,9.52242,9.614295182,0.091875181999999,10838,True
98,Background,1024,9.52298,9.840765226,0.3177852259999998,1087892,True
94,Background,10240,9.52299,9.942185955,0.4191959549999993,1087892,True
97,Background,10240,9.52341,9.588547566,0.06513756600000065,1244,True
96,Background,10240,9.52493,9.730192319,0.20526231900000091,106400,True
102,Background,102400,9.52617,9.530435447,0.004265446999999867,10838,True
107,Background,1024,9.52619,9.562255173,0.03606517300000078,106400,True
130,Background,1048576,9.52676,9.888702146,0.3619421460000005,1244,True
104,Background,10240,9.52715,9.670883586,0.14373358599999975,10838,True
98,Background,10240,9.52738,9.999997686,0.47261768599999954,104467216,False
94,Background,10485760,9.52909,9.632422426,0.1033324259999997,10838,True
78,Background,1048576,9.53036,9.76725758,0.23689758000000083,1087892,True
131,Background,10240,9.53072,9.888702146,0.35798214599999945,1244,True
87,Background,102400,9.53085,9.586034198,0.05518419800000096,1244,True
89,Background,102400,9.5322,9.563229653,0.031029653000000934,10838,True
92,Background,102400,9.53269,9.557271366,0.024581365999999605,1244,True
84,Background,102400,9.53294,9.90412045,0.37118045000000066,1244,True
90,Background,102400,9.53324,9.563229653,0.029989653000001226,10838,True
106,Background,10485760,9.53357,9.569874529,0.036304529000000585,106400,True
105,Background,1048576,9.53434,9.670883586,0.13654358600000016,10838,True
107,Background,10485760,9.53438,9.569874529,0.035494528999999275,106400,True
90,Background,10240,9.53636,9.58446885,0.0481088500000002,10876994,True
93,Background,1024,9.53687,9.650915052,0.11404505199999981,106400,True
107,Background,1048576,9.53756,9.556928809,0.019368809000001264,10838,True
110,Background,10485760,9.53817,9.728876916,0.19070691600000167,10838,True
88,Background,102400,9.53976,9.586034198,0.046274198000000766,1244,True
105,Background,10485760,9.53981,9.614295182,0.0744851820000001,10838,True
91,Background,102400,9.54114,9.548973769,0.007833768999999435,1087892,True
98,Background,1024,9.54161,9.691718026,0.15010802599999984,106400,True
95,Background,10240,9.54379,9.596252674,0.05246267400000093,10838,True
117,Background,102400,9.54448,9.705231695,0.16075169500000008,1244,True
108,Background,1048576,9.54574,9.556928809,0.011188809000000077,10838,True
97,Background,102400,9.54805,9.730192319,0.18214231900000044,106400,True
118,Background,1024,9.54827,9.705231695,0.15696169499999968,1244,True
112,Background,1048576,9.55079,9.58757451,0.03678451000000038,1244,True
79,Background,1048576,9.55148,9.702892072,0.1514120719999994,10838,True
94,Background,102400,9.55199,9.650468364,0.09847836399999998,1087892,True
93,Background,1048576,9.55202,9.848002955,0.2959829549999995,1087892,True
91,Background,102400,9.55207,9.563229653,0.011159652999999992,10838,True
94,Background,10485760,9.55212,9.650915052,0.09879505199999983,106400,True
87,Background,102400,9.55414,9.732291919,0.17815191899999938,10876994,True
102,Background,10240,9.555,9.651423906,0.09642390600000006,1244,True
92,Background,10240,9.5608,9.621802794,0.06100279400000019,10876994,True
101,Background,1048576,9.56196,9.804996028,0.24303602800000057,10876994,True
95,Background,1024,9.56203,9.619985549,0.05795554900000077,10876994,True
83,Background,102400,9.56403,9.928334387,0.3643043869999989,106400,True
101,Background,1048576,9.56725,9.70586209,0.13861209000000052,106400,True
86,Background,1024,9.56781,9.656618506,0.08880850599999945,10838,True
94,Background,1048576,9.56797,9.896482843,0.3285128429999986,106400,True
99,Background,10240,9.56958,9.999997686,0.4304176860000002,104467216,False
79,Background,1048576,9.56985,9.827938639,0.25808863899999857,10838,True
103,Background,102400,9.57422,9.651423906,0.07720390599999938,1244,True
99,Background,102400,9.57436,9.840765226,0.26640522599999983,1087892,True
75,Background,1024,9.57442,9.941404124,0.366984124,106400,True
102,Background,1048576,9.57517,9.818048781,0.24287878099999993,106400,True
113,Background,1048576,9.57547,9.58757451,0.012104510000000346,1244,True
81,Background,104857600,9.57604,9.808684056,0.23264405599999982,106400,True
94,Background,102400,9.57651,9.703482511,0.12697251099999995,1087892,True
82,Background,1048576,9.57697,9.808684056,0.23171405600000128,106400,True
91,Background,1024,9.57734,9.616129849,0.03878984900000049,1087892,True
90,Background,1024,9.57778,9.701544628,0.12376462799999999,10838,True
93,Background,1048576,9.57799,9.621802794,0.04381279400000082,10876994,True
94,Background,1048576,9.57809,9.762013567,0.1839235670000008,1244,True
87,Background,10240,9.57861,9.806560645,0.22795064499999995,106400,True
108,Background,1048576,9.57978,9.697812244,0.11803224400000012,1244,True
98,Background,1048576,9.58068,9.730192319,0.14951231900000117,106400,True
88,Background,10485760,9.58229,9.806560645,0.22427064499999894,106400,True
86,Background,102400,9.58285,9.832212412,0.24936241199999998,1087892,True
91,Background,10240,9.58299,9.670116762,0.08712676199999869,1087892,True
103,Background,1048576,9.58353,9.818048781,0.23451878100000023,106400,True
95,Background,1048576,9.58414,9.632422426,0.0482824260000001,10838,True
96,Background,1024,9.585,9.624985498,0.03998549799999829,10838,True
111,Background,1024,9.58553,9.592505948,0.006975947999999121,106400,True
109,Background,1024,9.58576,9.697812244,0.11205224399999913,1244,True
99,Background,10240,9.58611,9.69194681,0.10583680999999956,10838,True
84,Background,1024,9.58725,9.835228952,0.24797895200000042,10876994,True
102,Background,102400,9.59081,9.858888343,0.2680783430000009,10876994,True
100,Background,10240,9.59227,9.69194681,0.09967681000000006,10838,True
110,Background,1024,9.59236,9.697812244,0.1054522440000003,1244,True
99,Background,1048576,9.59268,9.691718026,0.09903802600000056,106400,True
99,Background,102400,9.59417,9.730192319,0.13602231900000028,106400,True
93,Background,10240,9.59611,9.688523068,0.09241306800000082,10838,True
100,Background,1024,9.59964,9.730192319,0.13055231899999953,106400,True
100,Background,102400,9.6009,9.693827247,0.09292724700000043,10876994,True
101,Background,1024,9.60336,9.674051397,0.07069139699999916,1087892,True
80,Background,10240,9.60352,9.720333402,0.11681340200000001,1244,True
97,Background,102400,9.60406,9.61046713,0.0064071299999994835,106400,True
100,Background,102400,9.60478,9.999997686,0.3952176860000005,104467216,False
96,Background,104857600,9.60599,9.632422426,0.02643242599999951,10838,True
94,Background,102400,9.60724,9.782973108,0.17573310800000108,106400,True
104,Background,10240,9.60887,9.692917174,0.08404717400000017,10838,True
80,Background,10240,9.60897,9.702892072,0.0939220719999998,10838,True
100,Background,10240,9.60899,9.691718026,0.08272802599999984,106400,True
103,Background,102400,9.61466,9.896121055,0.2814610549999994,1087892,True
99,Background,102400,9.61472,9.68498503,0.07026502999999984,10838,True
95,Background,10240,9.61472,9.762013567,0.14729356700000018,1244,True
96,Background,1048576,9.61529,9.922570011,0.3072800109999996,106400,True
89,Background,10240,9.6157,9.769455434,0.15375543399999891,106400,True
111,Background,10485760,9.61586,9.65493451,0.03907451000000073,1244,True
88,Background,102400,9.61599,9.732291919,0.11630191899999964,10876994,True
81,Background,102400,9.61702,9.720333402,0.1033134019999995,1244,True
100,Background,10485760,9.6179,9.807510237,0.18961023700000013,1244,True
104,Background,102400,9.62376,9.896121055,0.2723610549999993,1087892,True
101,Background,10485760,9.62381,9.730192319,0.10638231899999973,106400,True
88,Background,102400,9.62505,9.638426547,0.013376547000000016,1087892,True
103,Background,102400,9.62554,9.858888343,0.2333483429999994,10876994,True
93,Background,1024,9.62582,9.824808063,0.1989880630000016,1087892,True
100,Background,1048576,9.62642,9.960975243,0.3345552430000005,106400,True
88,Background,102400,9.62782,9.791187501,0.16336750099999975,10838,True
100,Background,102400,9.6299,9.840765226,0.21086522600000102,1087892,True
84,Background,1024,9.63014,9.787055926,0.15691592599999993,1087892,True
92,Background,10240,9.631,9.999478206,0.3684782059999989,1087892,True
100,Background,1024,9.63172,9.68498503,0.05326503000000038,10838,True
103,Background,102400,9.63216,9.856277025,0.22411702499999997,1087892,True
97,Background,10485760,9.63226,9.914818666,0.2825586659999999,106400,True
94,Background,102400,9.63361,9.661125729,0.027515729000000988,10838,True
96,Background,102400,9.63503,9.953400292,0.3183702919999991,10838,True
101,Background,1024,9.63521,9.960975243,0.3257652429999993,106400,True
101,Background,1048576,9.63576,9.68498503,0.04922503000000056,10838,True
106,Background,102400,9.63609,9.670883586,0.03479358600000104,10838,True
106,Background,102400,9.63689,9.651320255,0.014430255000000614,1087892,True
102,Background,102400,9.64065,9.68498503,0.044335029999999165,10838,True
119,Background,1024,9.64124,9.705231695,0.06399169500000035,1244,True
102,Background,1024,9.64258,9.960975243,0.31839524299999944,106400,True
85,Background,102400,9.64314,9.725585184,0.08244518399999912,1087892,True
105,Background,10240,9.64733,9.896121055,0.24879105499999987,1087892,True
79,Background,102400,9.64778,9.649622049,0.0018420490000004008,10838,True
87,Background,10240,9.648,9.699333309,0.05133330900000033,106400,True
76,Background,10240,9.6483,9.941404124,0.2931041239999992,106400,True
81,Background,102400,9.64934,9.956622358,0.30728235800000014,10838,True
83,Background,1048576,9.64975,9.808684056,0.15893405600000143,106400,True
114,Background,1048576,9.65134,9.815598284,0.16425828400000064,10838,True
80,Background,10240,9.65168,9.712584298,0.06090429799999875,106400,True
75,Background,102400,9.65215,9.925286459,0.27313645899999983,106400,True
82,Background,10240,9.65248,9.720333402,0.06785340199999901,1244,True
84,Background,10240,9.65426,9.928334387,0.27407438699999886,106400,True
96,Background,1024,9.65469,9.784540618,0.12985061799999897,1244,True
103,Background,102400,9.6547,9.68498503,0.030285029999999935,10838,True
95,Background,102400,9.65585,9.701180213,0.04533021300000151,1244,True
81,Background,1048576,9.65585,9.702892072,0.04704207199999999,10838,True
97,Background,1024,9.65699,9.884265474,0.22727547399999892,10838,True
93,Background,102400,9.65763,9.816140317,0.15851031700000107,1244,True
86,Background,102400,9.659,9.875826566,0.21682656599999994,106400,True
80,Background,10240,9.66124,9.76830707,0.10706707000000115,10838,True
86,Background,10240,9.66171,9.867840868,0.2061308680000007,10838,True
88,Background,1024,9.66294,9.699333309,0.03639330899999926,106400,True
112,Background,10240,9.66692,9.682286687,0.015366687000000212,106400,True
101,Background,10240,9.66722,9.69194681,0.024726809999998878,10838,True
102,Background,102400,9.67127,9.674051397,0.0027813969999996857,1087892,True
120,Background,1048576,9.67307,9.705231695,0.03216169500000099,1244,True
108,Background,10240,9.67323,9.692284613,0.019054612999999776,106400,True
83,Background,10240,9.67326,9.720333402,0.047073401999998765,1244,True
104,Background,1024,9.67408,9.851730443,0.17765044299999921,10876994,True
98,Background,10240,9.67647,9.775309329,0.09883932900000048,106400,True
102,Background,1048576,9.68014,9.690307014,0.010167014000000307,106400,True
94,Background,102400,9.68045,9.816140317,0.1356903169999999,1244,True
85,Background,102400,9.68059,9.835228952,0.1546389519999991,10876994,True
112,Background,102400,9.6829,9.93400717,0.25110716999999916,10838,True
97,Background,1024,9.68378,9.977772053,0.2939920530000002,10838,True
82,Background,10240,9.68461,9.702892072,0.01828207199999987,10838,True
104,Background,102400,9.6849,9.856277025,0.17137702499999996,1087892,True
97,Background,1024,9.68516,9.793652319,0.10849231899999978,1087892,True
98,Background,10240,9.68645,9.977772053,0.291322053,10838,True
88,Background,10240,9.68774,9.907150529,0.21941052900000102,1087892,True
89,Background,102400,9.68802,9.732291919,0.044271918999999826,10876994,True
76,Background,102400,9.68817,9.925286459,0.237116459000001,106400,True
90,Background,1024,9.68896,9.769455434,0.08049543399999948,106400,True
84,Background,10240,9.68937,9.720333402,0.030963401999999363,1244,True
101,Background,102400,9.69008,9.999997686,0.30991768600000036,104467216,False
107,Background,102400,9.69106,9.793429991,0.10236999099999977,1087892,True
91,Background,1048576,9.69114,9.74846225,0.057322249999998576,106400,True
98,Background,10240,9.69131,9.793652319,0.1023423189999999,1087892,True
93,Background,10240,9.69169,9.972468091,0.2807780910000002,106400,True
87,Background,10240,9.69229,9.713830963,0.021540962999999635,1087892,True
96,Background,1024,9.69484,9.762013567,0.0671735670000011,1244,True
113,Background,1024,9.69558,9.93400717,0.23842716999999958,10838,True
103,Background,102400,9.69658,9.852362522,0.1557825219999991,10838,True
101,Background,1048576,9.69719,9.862534099,0.16534409899999858,10838,True
115,Background,102400,9.69798,9.875904722,0.1779247220000002,1244,True
99,Background,1048576,9.69999,9.977772053,0.27778205300000103,10838,True
87,Background,10240,9.70106,9.832212412,0.1311524120000005,1087892,True
98,Background,1048576,9.70109,9.825256943,0.12416694299999875,1244,True
91,Background,102400,9.70149,9.701544628,5.462800000088919e-05,10838,True
107,Background,102400,9.7018,9.718484091,0.016684091000000123,10838,True
80,Background,102400,9.70196,9.827938639,0.1259786389999995,10838,True
95,Background,10240,9.70575,9.782973108,0.0772231080000001,106400,True
104,Background,10240,9.7072,9.818048781,0.11084878099999962,106400,True
88,Background,10485760,9.7074,9.713830963,0.006430962999999679,1087892,True
95,Background,10240,9.70821,9.916594124,0.20838412400000017,10838,True
95,Background,102400,9.70843,9.876537012,0.1681070120000001,106400,True
103,Background,102400,9.70923,9.714398579,0.00516857899999934,1087892,True
95,Background,10240,9.70923,9.896482843,0.18725284299999956,106400,True
81,Background,102400,9.70931,9.76830707,0.05899707000000021,10838,True
104,Background,10485760,9.71048,9.8988049,0.18832489999999957,10838,True
82,Background,1048576,9.71132,9.956622358,0.245302358,10838,True
85,Background,102400,9.71343,9.787055926,0.07362592600000006,1087892,True
104,Background,1048576,9.71451,9.858888343,0.14437834299999963,10876994,True
96,Background,102400,9.71503,9.916594124,0.201564123999999,10838,True
97,Background,10240,9.71682,9.762013567,0.0451935670000001,1244,True
108,Background,102400,9.7169,9.793429991,0.07652999099999924,1087892,True
88,Background,10485760,9.71715,9.832212412,0.11506241200000034,1087892,True
111,Background,102400,9.71966,9.728876916,0.009216916000001518,10838,True
102,Background,102400,9.72161,9.86169827,0.14008826999999968,10838,True
92,Background,10240,9.72649,9.909598827,0.18310882699999986,106400,True
103,Background,102400,9.72672,9.960975243,0.23425524299999978,106400,True
102,Background,102400,9.72698,9.91285189,0.18587189000000137,106400,True
102,Background,102400,9.72755,9.999997686,0.2724476859999996,104467216,False
97,Background,102400,9.72755,9.82840731,0.10085730999999853,106400,True
94,Background,1048576,9.7302,9.846983512,0.11678351199999959,1087892,True
114,Background,102400,9.73225,9.93400717,0.2017571699999987,10838,True
108,Background,1048576,9.73431,9.839778386,0.10546838600000008,10838,True
98,Background,10240,9.73485,9.884265474,0.14941547399999955,10838,True
132,Background,10240,9.73678,9.888702146,0.15192214600000042,1244,True
84,Background,1048576,9.73763,9.808684056,0.07105405600000125,106400,True
92,Background,10240,9.7391,9.74230635,0.0032063499999992473,1087892,True
113,Background,1048576,9.74035,9.884288642,0.14393864200000017,106400,True
86,Background,1024,9.74182,9.787055926,0.04523592600000015,1087892,True
94,Background,10240,9.74295,9.972468091,0.2295180909999992,106400,True
97,Background,10485760,9.7454,9.953400292,0.20800029199999948,10838,True
102,Background,10240,9.74721,9.779026634,0.031816633999998345,106400,True
102,Background,1048576,9.74741,9.862534099,0.11512409899999909,10838,True
114,Background,10240,9.74882,9.884288642,0.1354686419999993,106400,True
115,Background,102400,9.75074,9.884288642,0.13354864199999916,106400,True
96,Background,10240,9.75136,9.782973108,0.03161310800000017,106400,True
103,Background,104857600,9.75161,9.91285189,0.16124189000000122,106400,True
109,Background,10240,9.75223,9.785089425,0.03285942499999983,10876994,True
105,Background,102400,9.75366,9.851730443,0.09807044299999923,10876994,True
87,Background,1048576,9.75425,9.787055926,0.032805925999999985,1087892,True
91,Background,10240,9.755,9.769455434,0.01445543399999849,106400,True
99,Background,102400,9.75732,9.855032139,0.09771213900000042,1244,True
104,Background,1048576,9.75844,9.852362522,0.09392252199999973,10838,True
89,Background,10240,9.7586,9.806560645,0.04796064499999986,106400,True
104,Background,10240,9.75911,9.960975243,0.2018652430000003,106400,True
104,Background,1048576,9.76121,9.815668269,0.054458268999999504,10838,True
106,Background,1048576,9.7623,9.851730443,0.08943044299999947,10876994,True
82,Background,1048576,9.76245,9.76830707,0.00585707000000113,10838,True
100,Background,1024,9.76254,9.855032139,0.09249213900000086,1244,True
105,Background,102400,9.76268,9.856277025,0.09359702500000111,1087892,True
81,Background,1048576,9.7635,9.764854543,0.0013545429999997083,10838,True
85,Background,1048576,9.76626,9.808684056,0.042424055999999766,106400,True
85,Background,102400,9.76638,9.90412045,0.1377404500000008,1244,True
98,Background,1048576,9.76663,9.914818666,0.14818866600000113,106400,True
111,Background,102400,9.76696,9.874450075,0.10749007500000118,106400,True
81,Background,1048576,9.7683,9.827938639,0.059638638999999216,10838,True
98,Background,1048576,9.76876,9.82840731,0.05964730999999901,106400,True
77,Background,102400,9.76922,9.925286459,0.15606645899999982,106400,True
101,Background,1024,9.76946,9.807510237,0.03805023700000021,1244,True
111,Background,10485760,9.77607,9.919328852,0.14325885199999888,106400,True
96,Background,102400,9.77637,9.876537012,0.100167012,106400,True
78,Background,102400,9.77758,9.925286459,0.14770645900000012,106400,True
89,Background,1048576,9.77914,9.791187501,0.012047500999999627,10838,True
82,Background,10240,9.78055,9.890488123,0.10993812300000094,1087892,True
95,Background,1048576,9.7816,9.816140317,0.03454031700000115,1244,True
112,Background,1048576,9.78334,9.919328852,0.13598885199999877,106400,True
116,Background,1048576,9.78348,9.884288642,0.10080864199999873,106400,True
92,Background,1048576,9.78393,9.785659917,0.0017299170000004693,10838,True
113,Background,102400,9.78769,9.919328852,0.13163885200000003,106400,True
106,Background,1024,9.78824,9.856277025,0.06803702500000064,1087892,True
105,Background,102400,9.78947,9.858888343,0.0694183430000006,10876994,True
107,Background,102400,9.78988,9.856277025,0.06639702500000055,1087892,True
95,Background,10240,9.79027,9.942185955,0.15191595499999977,1087892,True
89,Background,1024,9.79377,9.983734257,0.18996425699999975,10876994,True
95,Background,102400,9.79563,9.846983512,0.05135351200000038,1087892,True
96,Background,10240,9.79601,9.846983512,0.05097351199999878,1087892,True
103,Background,102400,9.79739,9.86169827,0.06430826999999972,10838,True
101,Background,102400,9.80001,9.809884476,0.009874476000000243,1087892,True
102,Background,1024,9.80019,9.899054491,0.09886449099999872,106400,True
133,Background,1048576,9.80047,9.888702146,0.08823214599999929,1244,True
104,Background,10485760,9.80092,9.91285189,0.11193189000000103,106400,True
99,Background,102400,9.80293,9.805567021,0.0026370209999999616,1087892,True
79,Background,1048576,9.80356,9.925286459,0.12172645900000134,106400,True
94,Background,102400,9.80377,9.848002955,0.04423295500000002,1087892,True
87,Background,10485760,9.80413,9.867840868,0.06371086799999937,10838,True
80,Background,102400,9.80518,9.925286459,0.1201064590000005,106400,True
81,Background,1048576,9.80627,9.925286459,0.11901645900000091,106400,True
90,Background,10240,9.80718,9.806560645,-0.0006193550000013204,106400,True
82,Background,10240,9.80897,9.827938639,0.018968638999998788,10838,True
115,Background,1048576,9.81042,9.93400717,0.12358716999999864,10838,True
85,Background,10485760,9.81086,9.817107743,0.006247742999999417,106400,True
116,Background,1024,9.81169,9.875904722,0.06421472199999911,1244,True
109,Background,1024,9.81179,9.814199516,0.002409516000000167,10838,True
97,Background,10240,9.81307,9.916594124,0.10352412399999977,10838,True
96,Background,1048576,9.81388,9.896482843,0.08260284300000009,106400,True
98,Background,1048576,9.81715,9.953400292,0.13625029199999972,10838,True
110,Background,102400,9.81721,9.928704594,0.11149459399999984,1244,True
83,Background,102400,9.81778,9.956622358,0.13884235799999978,10838,True
97,Background,104857600,9.8186,9.922570011,0.10397001099999947,106400,True
95,Background,102400,9.82132,9.848002955,0.026682955000000064,1087892,True
98,Background,10240,9.82263,9.916594124,0.09396412399999932,10838,True
93,Background,10240,9.82267,9.999478206,0.1768082059999987,1087892,True
99,Background,1024,9.82278,9.874353972,0.05157397199999991,106400,True
99,Background,1048576,9.82414,9.884265474,0.06012547399999946,10838,True
105,Background,1048576,9.8265,9.960975243,0.1344752430000007,106400,True
97,Background,102400,9.82734,9.846983512,0.01964351200000003,1087892,True
106,Background,102400,9.82761,9.858888343,0.03127834300000032,10876994,True
106,Background,10240,9.82902,9.896121055,0.06710105500000019,1087892,True
101,Background,10240,9.82974,9.840765226,0.011025226000000998,1087892,True
108,Background,102400,9.83169,9.856277025,0.02458702500000065,1087892,True
104,Background,10240,9.8346,9.86169827,0.027098269999999758,10838,True
88,Background,102400,9.8364,9.867840868,0.03144086800000068,10838,True
102,Background,1048576,9.83818,9.840765226,0.002585226000000773,1087892,True
104,Background,102400,9.83901,9.890455732,0.05144573199999947,1087892,True
86,Background,10240,9.84098,9.999998167,0.15901816699999927,70380828,False
105,Background,10240,9.84623,9.852362522,0.006132521999999696,10838,True
90,Background,10240,9.84685,9.983734257,0.13688425700000018,10876994,True
100,Background,102400,9.84782,9.874353972,0.026533971999999295,106400,True
96,Background,102400,9.85212,9.963823531,0.11170353099999986,106400,True
89,Background,10240,9.85353,9.9670222,0.11349220000000138,1244,True
95,Background,1048576,9.85602,9.972468091,0.11644809100000053,106400,True
109,Background,1024,9.86034,9.947447506,0.08710750599999884,10876994,True
92,Background,1048576,9.86204,9.950285158,0.08824515799999944,1244,True
99,Background,102400,9.86646,9.953400292,0.08694029199999953,10838,True
112,Background,10240,9.86721,9.887961633,0.020751632999999714,1087892,True
101,Background,10240,9.87035,9.874353972,0.004003971999999578,106400,True
105,Background,102400,9.87093,9.890455732,0.019525731999999962,1087892,True
106,Background,10485760,9.87418,9.890455732,0.016275731999998655,1087892,True
89,Background,102400,9.8757,9.983698646,0.10799864600000042,1087892,True
99,Background,102400,9.8762,9.914818666,0.038618665999999635,106400,True
77,Background,1048576,9.87868,9.941404124,0.06272412400000071,106400,True
83,Background,1024,9.87892,9.935514052,0.05659405199999945,106400,True
116,Background,1024,9.88065,9.93400717,0.053357169999999954,10838,True
86,Background,1048576,9.88258,9.882417826,-0.00016217400000151372,106400,True
103,Background,102400,9.88521,9.932110771,0.0469007709999989,10838,True
96,Background,102400,9.88871,9.893399458,0.004689457999999647,106400,True
89,Background,102400,9.88903,9.907150529,0.01812052900000083,1087892,True
100,Background,10485760,9.89033,9.977772053,0.08744205300000019,10838,True
105,Background,10240,9.89038,9.8988049,0.008424899999999624,10838,True
83,Background,102400,9.89095,9.970025352,0.07907535200000027,1244,True
94,Background,1024,9.891,9.999478206,0.10847820599999913,1087892,True
85,Background,10240,9.89478,9.928334387,0.0335543869999988,106400,True
106,Background,10240,9.89764,9.960975243,0.06333524299999915,106400,True
103,Background,10240,9.90397,9.923284788,0.01931478800000086,106400,True
86,Background,10485760,9.90825,9.928334387,0.020084386999998927,106400,True
96,Background,10485760,9.90921,9.972468091,0.0632580909999998,106400,True
110,Background,10240,9.91192,9.947447506,0.03552750599999932,10876994,True
104,Background,1048576,9.91253,9.932110771,0.01958077099999933,10838,True
97,Background,10240,9.91831,9.93732652,0.019016519999999204,1244,True
83,Background,1048576,9.92262,9.954935707,0.032315707000000415,10838,True
101,Background,102400,9.93203,9.999999129,0.06796912900000152,5931510,False
90,Background,102400,9.9332,9.975051323,0.04185132300000127,10876994,True
91,Background,102400,9.93698,9.975051323,0.03807132300000049,10876994,True
91,Background,1024,9.93703,9.983734257,0.04670425700000003,10876994,True
96,Background,102400,9.93805,9.942185955,0.004135954999998859,1087892,True
105,Background,10240,9.94074,9.989820107,0.049080106999999984,106400,True
84,Background,102400,9.94265,9.970025352,0.027375351999999964,1244,True
101,Background,10485760,9.94543,9.997154097,0.05172409699999925,10838,True
92,Background,102400,9.94548,9.975051323,0.02957132300000076,10876994,True
105,Background,102400,9.95716,9.969492488,0.012332488000000197,106400,True
110,Background,1048576,9.9876,9.999987104,0.012387104000000093,363596,False
