Time(s),BytesReceived
0.500560092,58
0.5015600920000001,116
0.502560092,58
0.5035600920000001,58
0.504560092,0
0.5055600920000001,58
0.506560092,58
0.5075600920000001,58
0.508560092,58
0.5095600920000001,145864
0.510560092,500224
0.5115600920000001,441978
0.512560092,58
0.5135600920000001,58
0.514560092,58
0.5155600920000001,0
0.516560092,0
0.5175600920000001,0
0.518560092,0
0.5195600920000001,0
0.520560092,0
0.5215600920000001,0
0.522560092,0
0.5235600920000001,0
0.524560092,0
0.5255600920000001,0
0.526560092,0
0.5275600920000001,0
0.528560092,0
0.5295600920000001,0
0.530560092,0
0.5315600920000001,0
0.532560092,0
0.5335600920000001,0
0.534560092,115766
0.5355600920000001,491154
0.536560092,518190
0.5375600920000001,518190
0.538560092,519692
0.5395600920000001,518190
0.540560092,518190
0.5415600920000001,519692
0.542560092,518190
0.5435600920000001,518190
0.544560092,518190
0.5455600920000001,519692
0.546560092,518190
0.5475600920000001,518190
0.548560092,519692
0.5495600920000001,518190
0.550560092,518190
0.5515600920000001,518190
0.552560092,519692
0.5535600920000001,518190
0.554560092,518190
0.5555600920000001,416954
0.556560092,0
0.5575600920000001,0
0.558560092,0
0.5595600920000001,0
0.560560092,0
0.5615600920000001,0
0.562560092,0
0.5635600920000001,0
0.564560092,15132
0.5655600920000001,91268
0.566560092,0
0.5675600920000001,0
0.568560092,0
0.5695600920000001,0
0.570560092,0
0.5715600920000001,0
0.572560092,0
0.5735600920000001,0
0.574560092,0
0.5755600920000001,0
0.576560092,0
0.5775600920000001,0
0.578560092,1302
0.5795600920000001,10780
0.580560092,0
0.5815600920000001,0
0.582560092,0
0.5835600920000001,0
0.584560092,0
0.5855600920000001,0
0.586560092,0
0.5875600920000001,0
0.588560092,0
0.5895600920000001,0
0.590560092,0
0.5915600920000001,0
0.592560092,0
0.5935600920000002,0
0.594560092,0
0.5955600920000002,0
0.596560092,0
0.5975600920000002,0
0.598560092,0
0.5995600920000002,0
0.600560092,0
0.6015600920000002,0
0.602560092,0
0.6035600920000002,0
0.604560092,0
0.6055600920000002,0
0.606560092,0
0.6075600920000002,0
0.608560092,0
0.6095600920000002,0
0.610560092,0
0.6115600920000002,0
0.6125600920000001,0
0.6135600920000002,0
0.6145600920000001,0
0.6155600920000002,0
0.6165600920000001,425800
0.6175600920000002,0
0.6185600920000001,0
0.6195600920000002,0
0.6205600920000001,0
0.6215600920000002,0
0.6225600920000001,0
0.6235600920000002,0
0.6245600920000001,0
0.6255600920000002,0
0.6265600920000001,425800
0.6275600920000002,0
0.6285600920000001,0
0.6295600920000002,339564
0.6305600920000001,513684
0.6315600920000002,518190
0.6325600920000001,519692
0.6335600920000002,518190
0.6345600920000001,518190
0.6355600920000002,519692
0.6365600920000001,799204
0.6375600920000002,790716
0.6385600920000001,519692
0.6395600920000002,555852
0.6405600920000001,1019858
0.6415600920000002,1036380
0.6425600920000001,1039384
0.6435600920000002,1036380
0.6445600920000001,1036380
0.6455600920000002,1037882
0.6465600920000001,1037882
0.6475600920000002,1485958
0.6485600920000001,1184424
0.6495600920000002,1037882
0.6505600920000001,687314
0.6515600920000002,518190
0.6525600920000001,519692
0.6535600920000002,518190
0.6545600920000001,518190
0.6555600920000002,519692
0.6565600920000001,518190
0.6575600920000002,518190
0.6585600920000001,853022
0.6595600920000002,610660
0.6605600920000001,483042
0.6615600920000002,0
0.6625600920000001,0
0.6635600920000002,0
0.6645600920000001,0
0.6655600920000002,10838
0.6665600920000001,0
0.6675600920000002,0
0.6685600920000001,530594
0.6695600920000002,66770
0.6705600920000001,0
0.6715600920000002,106400
0.6725600920000001,0
0.6735600920000002,0
0.6745600920000001,0
0.6755600920000002,0
0.6765600920000001,0
0.6775600920000002,0
0.6785600920000001,56168
0.6795600920000002,321714
0.6805600920000001,90498
0.6815600920000002,0
0.6825600920000001,0
0.6835600920000002,0
0.6845600920000001,0
0.6855600920000002,0
0.6865600920000001,0
0.6875600920000002,0
0.6885600920000001,0
0.6895600920000002,0
0.6905600920000001,0
0.6915600920000002,510960
0.6925600920000001,0
0.6935600920000002,0
0.6945600920000001,0
0.6955600920000002,0
0.6965600920000001,0
0.6975600920000002,0
0.6985600920000001,0
0.6995600920000002,0
0.7005600920000001,0
0.7015600920000002,39754
0.7025600920000001,510312
0.7035600920000002,3474
0.7045600920000001,0
0.7055600920000002,0
0.7065600920000001,0
0.7075600920000003,0
0.7085600920000001,0
0.7095600920000003,0
0.7105600920000001,0
0.7115600920000003,1190
0.7125600920000001,97796
0.7135600920000003,1038686
0.7145600920000001,520082
0.7155600920000003,91322
0.7165600920000001,0
0.7175600920000003,0
0.7185600920000002,0
0.7195600920000003,0
0.7205600920000002,0
0.7215600920000003,0
0.7225600920000002,0
0.7235600920000003,425800
0.7245600920000002,0
0.7255600920000003,0
0.7265600920000002,0
0.7275600920000003,0
0.7285600920000002,0
0.7295600920000003,0
0.7305600920000002,0
0.7315600920000003,0
0.7325600920000002,0
0.7335600920000003,122202
0.7345600920000002,303598
0.7355600920000003,0
0.7365600920000002,0
0.7375600920000003,0
0.7385600920000002,0
0.7395600920000003,0
0.7405600920000002,1244
0.7415600920000003,0
0.7425600920000002,0
0.7435600920000003,0
0.7445600920000002,0
0.7455600920000003,0
0.7465600920000002,596120
0.7475600920000003,0
0.7485600920000002,0
0.7495600920000003,0
0.7505600920000002,0
0.7515600920000003,0
0.7525600920000002,0
0.7535600920000003,0
0.7545600920000002,0
0.7555600920000003,0
0.7565600920000002,553540
0.7575600920000003,0
0.7585600920000002,0
0.7595600920000003,0
0.7605600920000002,0
0.7615600920000003,0
0.7625600920000002,0
0.7635600920000003,0
0.7645600920000002,0
0.7655600920000003,0
0.7665600920000002,0
0.7675600920000003,510960
0.7685600920000002,0
0.7695600920000003,0
0.7705600920000002,0
0.7715600920000003,0
0.7725600920000002,0
0.7735600920000003,0
0.7745600920000002,0
0.7755600920000003,0
0.7765600920000002,0
0.7775600920000003,0
0.7785600920000002,468380
0.7795600920000003,0
0.7805600920000002,0
0.7815600920000003,0
0.7825600920000002,0
0.7835600920000003,0
0.7845600920000002,0
0.7855600920000003,0
0.7865600920000002,0
0.7875600920000003,0
0.7885600920000002,1244
0.7895600920000003,0
0.7905600920000002,0
0.7915600920000003,0
0.7925600920000002,468380
0.7935600920000003,0
0.7945600920000002,0
0.7955600920000003,0
0.7965600920000002,0
0.7975600920000003,0
0.7985600920000002,0
0.7995600920000003,0
0.8005600920000002,0
0.8015600920000003,0
0.8025600920000002,0
0.8035600920000003,0
0.8045600920000002,468380
0.8055600920000003,0
0.8065600920000002,0
0.8075600920000003,0
0.8085600920000002,0
0.8095600920000003,0
0.8105600920000002,0
0.8115600920000003,0
0.8125600920000002,0
0.8135600920000003,0
0.8145600920000002,27630
0.8155600920000003,440750
0.8165600920000002,0
0.8175600920000003,0
0.8185600920000002,0
0.8195600920000004,0
0.8205600920000002,0
0.8215600920000004,0
0.8225600920000002,0
0.8235600920000004,0
0.8245600920000002,0
0.8255600920000004,510960
0.8265600920000002,0
0.8275600920000004,0
0.8285600920000002,0
0.8295600920000004,0
0.8305600920000002,0
0.8315600920000004,0
0.8325600920000003,0
0.8335600920000004,0
0.8345600920000003,0
0.8355600920000004,0
0.8365600920000003,468380
0.8375600920000004,0
0.8385600920000003,0
0.8395600920000004,0
0.8405600920000003,0
0.8415600920000004,0
0.8425600920000003,0
0.8435600920000004,0
0.8445600920000003,0
0.8455600920000004,0
0.8465600920000003,564378
0.8475600920000004,0
0.8485600920000003,0
0.8495600920000004,0
0.8505600920000003,0
0.8515600920000004,0
0.8525600920000003,0
0.8535600920000004,0
0.8545600920000003,0
0.8555600920000004,0
0.8565600920000003,0
0.8575600920000004,378514
0.8585600920000003,217606
0.8595600920000004,0
0.8605600920000003,0
0.8615600920000004,0
0.8625600920000003,0
0.8635600920000004,0
0.8645600920000003,0
0.8655600920000004,0
0.8665600920000003,0
0.8675600920000004,0
0.8685600920000003,0
0.8695600920000004,0
0.8705600920000003,54
0.8715600920000004,510906
0.8725600920000003,0
0.8735600920000004,0
0.8745600920000003,0
0.8755600920000004,0
0.8765600920000003,0
0.8775600920000004,0
0.8785600920000003,0
0.8795600920000004,0
0.8805600920000003,0
0.8815600920000004,596120
0.8825600920000003,0
0.8835600920000004,0
0.8845600920000003,0
0.8855600920000004,0
0.8865600920000003,0
0.8875600920000004,0
0.8885600920000003,0
0.8895600920000004,0
0.8905600920000003,0
0.8915600920000004,0
0.8925600920000003,425800
0.8935600920000004,0
0.8945600920000003,0
0.8955600920000004,0
0.8965600920000003,0
0.8975600920000004,0
0.8985600920000003,0
0.8995600920000004,0
0.9005600920000003,0
0.9015600920000004,0
0.9025600920000003,0
0.9035600920000004,0
0.9045600920000003,425800
0.9055600920000004,0
0.9065600920000003,0
0.9075600920000004,0
0.9085600920000003,0
0.9095600920000004,0
0.9105600920000003,0
0.9115600920000004,0
0.9125600920000003,0
0.9135600920000004,0
0.9145600920000003,508988
0.9155600920000004,1972
0.9165600920000003,0
0.9175600920000004,0
0.9185600920000003,0
0.9195600920000004,0
0.9205600920000003,0
0.9215600920000004,0
0.9225600920000003,0
0.9235600920000004,0
0.9245600920000003,0
0.9255600920000004,0
0.9265600920000003,0
0.9275600920000004,468380
0.9285600920000003,0
0.9295600920000004,0
0.9305600920000003,0
0.9315600920000005,0
0.9325600920000003,0
0.9335600920000005,0
0.9345600920000003,0
0.9355600920000005,0
0.9365600920000003,0
0.9375600920000005,638700
0.9385600920000003,0
0.9395600920000005,0
0.9405600920000003,431186
0.9415600920000005,518190
0.9425600920000003,186692
0.9435600920000005,58224
0.9445600920000004,0
0.9455600920000005,0
0.9465600920000004,0
0.9475600920000005,0
0.9485600920000004,468380
0.9495600920000005,0
0.9505600920000004,0
0.9515600920000005,0
0.9525600920000004,0
0.9535600920000005,0
0.9545600920000004,0
0.9555600920000005,0
0.9565600920000004,0
0.9575600920000005,0
0.9585600920000004,0
0.9595600920000005,553540
0.9605600920000004,0
0.9615600920000005,0
0.9625600920000004,0
0.9635600920000005,372608
0.9645600920000004,518190
0.9655600920000005,197094
0.9665600920000004,0
0.9675600920000005,0
0.9685600920000004,0
0.9695600920000005,0
0.9705600920000004,0
0.9715600920000005,0
0.9725600920000004,0
0.9735600920000005,0
0.9745600920000004,638700
0.9755600920000005,348576
0.9765600920000004,513684
0.9775600920000005,225632
0.9785600920000004,0
0.9795600920000005,0
0.9805600920000004,0
0.9815600920000005,0
0.9825600920000004,0
0.9835600920000005,0
0.9845600920000004,206946
0.9855600920000005,346594
0.9865600920000004,0
0.9875600920000005,0
0.9885600920000004,0
0.9895600920000005,10838
0.9905600920000004,0
0.9915600920000005,0
0.9925600920000004,0
0.9935600920000005,0
0.9945600920000004,0
0.9955600920000005,0
0.9965600920000004,0
0.9975600920000005,468380
0.9985600920000004,0
0.9995600920000005,0
1.0005600920000004,0
1.0015600920000005,0
1.0025600920000004,0
1.0035600920000005,0
1.0045600920000004,0
1.0055600920000005,0
1.0065600920000004,0
1.0075600920000005,0
1.0085600920000004,0
1.0095600920000005,553540
1.0105600920000004,0
1.0115600920000005,0
1.0125600920000004,0
1.0135600920000005,0
1.0145600920000004,0
1.0155600920000005,0
1.0165600920000004,0
1.0175600920000005,0
1.0185600920000004,0
1.0195600920000005,777904
1.0205600920000004,518190
1.0215600920000005,518190
1.0225600920000004,518190
1.0235600920000005,519692
1.0245600920000004,518190
1.0255600920000005,518190
1.0265600920000004,518190
1.0275600920000005,519692
1.0285600920000004,518190
1.0295600920000005,518190
1.0305600920000004,945492
1.0315600920000005,518190
1.0325600920000004,518190
1.0335600920000005,530530
1.0345600920000004,518190
1.0355600920000005,518190
1.0365600920000004,519692
1.0375600920000005,518190
1.0385600920000004,518190
1.0395600920000005,518190
1.0405600920000004,664540
1.0415600920000005,0
1.0425600920000004,0
1.0435600920000005,0
1.0445600920000004,0
1.0455600920000006,0
1.0465600920000004,0
1.0475600920000006,0
1.0485600920000004,0
1.0495600920000006,0
1.0505600920000004,468380
1.0515600920000006,0
1.0525600920000004,0
1.0535600920000006,10838
1.0545600920000004,0
1.0555600920000006,0
1.0565600920000005,0
1.0575600920000006,163830
1.0585600920000005,501668
1.0595600920000006,422394
1.0605600920000005,0
1.0615600920000006,0
1.0625600920000005,553540
1.0635600920000006,0
1.0645600920000005,0
1.0655600920000006,0
1.0665600920000005,0
1.0675600920000006,0
1.0685600920000005,0
1.0695600920000006,0
1.0705600920000005,0
1.0715600920000006,0
1.0725600920000005,0
1.0735600920000006,0
1.0745600920000005,0
1.0755600920000006,0
1.0765600920000005,553540
1.0775600920000006,0
1.0785600920000005,0
1.0795600920000006,0
1.0805600920000005,0
1.0815600920000006,0
1.0825600920000005,0
1.0835600920000006,0
1.0845600920000005,0
1.0855600920000006,0
1.0865600920000005,0
1.0875600920000006,416318
1.0885600920000005,9482
1.0895600920000006,0
1.0905600920000005,0
1.0915600920000006,0
1.0925600920000005,0
1.0935600920000006,0
1.0945600920000005,0
1.0955600920000006,0
1.0965600920000005,0
1.0975600920000006,0
1.0985600920000005,425800
1.0995600920000006,0
1.1005600920000005,0
1.1015600920000006,417668
1.1025600920000005,518190
1.1035600920000006,152034
1.1045600920000005,0
1.1055600920000006,0
1.1065600920000005,0
1.1075600920000006,0
1.1085600920000005,0
1.1095600920000006,0
1.1105600920000005,551102
1.1115600920000006,23678
1.1125600920000005,0
1.1135600920000006,0
1.1145600920000005,0
1.1155600920000006,0
1.1165600920000005,0
1.1175600920000006,0
1.1185600920000005,0
1.1195600920000006,0
1.1205600920000005,553540
1.1215600920000006,0
1.1225600920000005,273476
1.1235600920000006,510680
1.1245600920000005,518190
1.1255600920000006,518190
1.1265600920000005,519692
1.1275600920000006,518190
1.1285600920000005,518190
1.1295600920000006,519692
1.1305600920000005,904560
1.1315600920000006,557620
1.1325600920000005,519692
1.1335600920000006,618936
1.1345600920000005,523844
1.1355600920000006,518190
1.1365600920000005,519692
1.1375600920000006,518190
1.1385600920000005,518190
1.1395600920000006,519692
1.1405600920000005,518190
1.1415600920000006,518190
1.1425600920000005,841060
1.1435600920000006,385228
1.1445600920000005,0
1.1455600920000006,0
1.1465600920000005,0
1.1475600920000006,10838
1.1485600920000005,0
1.1495600920000006,0
1.1505600920000005,51180
1.1515600920000006,55220
1.1525600920000005,0
1.1535600920000006,596120
1.1545600920000005,106400
1.1555600920000006,0
1.1565600920000005,0
1.1575600920000007,0
1.1585600920000005,0
1.1595600920000007,0
1.1605600920000005,0
1.1615600920000007,0
1.1625600920000005,0
1.1635600920000007,638700
1.1645600920000005,0
1.1655600920000007,0
1.1665600920000005,0
1.1675600920000007,0
1.1685600920000005,0
1.1695600920000007,0
1.1705600920000006,0
1.1715600920000007,0
1.1725600920000006,0
1.1735600920000007,0
1.1745600920000006,360058
1.1755600920000007,193482
1.1765600920000006,0
1.1775600920000007,1244
1.1785600920000006,0
1.1795600920000007,0
1.1805600920000006,0
1.1815600920000007,0
1.1825600920000006,0
1.1835600920000007,0
1.1845600920000006,360592
1.1855600920000007,519692
1.1865600920000006,943990
1.1875600920000007,518190
1.1885600920000006,519692
1.1895600920000007,518190
1.1905600920000006,518190
1.1915600920000007,518190
1.1925600920000006,519692
1.1935600920000007,518190
1.1945600920000006,518190
1.1955600920000007,519692
1.1965600920000006,631434
1.1975600920000007,873326
1.1985600920000006,519692
1.1995600920000007,518190
1.2005600920000006,518190
1.2015600920000007,518190
1.2025600920000006,519692
1.2035600920000007,518190
1.2045600920000006,518190
1.2055600920000007,143590
1.2065600920000006,0
1.2075600920000007,405950
1.2085600920000006,73268
1.2095600920000007,0
1.2105600920000006,0
1.2115600920000007,0
1.2125600920000006,0
1.2135600920000007,0
1.2145600920000006,0
1.2155600920000007,0
1.2165600920000006,0
1.2175600920000007,0
1.2185600920000006,468380
1.2195600920000007,0
1.2205600920000006,0
1.2215600920000007,0
1.2225600920000006,0
1.2235600920000007,0
1.2245600920000006,0
1.2255600920000007,0
1.2265600920000006,0
1.2275600920000007,0
1.2285600920000006,425800
1.2295600920000007,0
1.2305600920000006,0
1.2315600920000007,10838
1.2325600920000006,0
1.2335600920000007,0
1.2345600920000006,0
1.2355600920000007,0
1.2365600920000006,0
1.2375600920000007,0
1.2385600920000006,0
1.2395600920000007,553540
1.2405600920000006,0
1.2415600920000007,0
1.2425600920000006,0
1.2435600920000007,106400
1.2445600920000006,0
1.2455600920000007,0
1.2465600920000006,106400
1.2475600920000007,0
1.2485600920000006,0
1.2495600920000007,0
1.2505600920000006,557110
1.2515600920000007,17670
1.2525600920000006,0
1.2535600920000007,0
1.2545600920000006,0
1.2555600920000007,0
1.2565600920000006,0
1.2575600920000007,0
1.2585600920000006,0
1.2595600920000007,0
1.2605600920000006,510960
1.2615600920000007,0
1.2625600920000006,0
1.2635600920000007,0
1.2645600920000006,0
1.2655600920000007,0
1.2665600920000006,0
1.2675600920000007,0
1.2685600920000006,0
1.2695600920000008,0
1.2705600920000006,0
1.2715600920000008,553540
1.2725600920000006,0
1.2735600920000008,0
1.2745600920000006,0
1.2755600920000008,0
1.2765600920000006,0
1.2775600920000008,0
1.2785600920000006,0
1.2795600920000008,0
1.2805600920000006,0
1.2815600920000008,0
1.2825600920000007,235916
1.2835600920000008,360204
1.2845600920000007,0
1.2855600920000008,0
1.2865600920000007,10838
1.2875600920000008,0
1.2885600920000007,0
1.2895600920000008,0
1.2905600920000007,0
1.2915600920000008,0
1.2925600920000007,4560
1.2935600920000008,634140
1.2945600920000007,0
1.2955600920000008,0
1.2965600920000007,0
1.2975600920000008,0
1.2985600920000007,0
1.2995600920000008,0
1.3005600920000007,0
1.3015600920000008,0
1.3025600920000007,0
1.3035600920000008,425800
1.3045600920000007,0
1.3055600920000008,0
1.3065600920000007,0
1.3075600920000008,0
1.3085600920000007,0
1.3095600920000008,0
1.3105600920000007,0
1.3115600920000008,0
1.3125600920000007,0
1.3135600920000008,292922
1.3145600920000007,175458
1.3155600920000008,0
1.3165600920000007,0
1.3175600920000008,0
1.3185600920000007,0
1.3195600920000008,0
1.3205600920000007,0
1.3215600920000008,0
1.3225600920000007,0
1.3235600920000008,0
1.3245600920000007,596120
1.3255600920000008,0
1.3265600920000007,0
1.3275600920000008,0
1.3285600920000007,0
1.3295600920000008,0
1.3305600920000007,0
1.3315600920000008,0
1.3325600920000007,0
1.3335600920000008,0
1.3345600920000007,468380
1.3355600920000008,0
1.3365600920000007,0
1.3375600920000008,0
1.3385600920000007,0
1.3395600920000008,0
1.3405600920000007,0
1.3415600920000008,0
1.3425600920000007,0
1.3435600920000008,0
1.3445600920000007,638700
1.3455600920000008,0
1.3465600920000007,0
1.3475600920000008,0
1.3485600920000007,0
1.3495600920000008,0
1.3505600920000007,0
1.3515600920000008,0
1.3525600920000007,0
1.3535600920000008,0
1.3545600920000007,1244
1.3555600920000008,106400
1.3565600920000007,0
1.3575600920000008,468380
1.3585600920000007,0
1.3595600920000008,0
1.3605600920000007,0
1.3615600920000008,0
1.3625600920000007,0
1.3635600920000008,0
1.3645600920000007,0
1.3655600920000008,0
1.3665600920000007,0
1.3675600920000008,0
1.3685600920000007,468380
1.3695600920000008,0
1.3705600920000007,0
1.3715600920000008,0
1.3725600920000007,0
1.3735600920000008,0
1.3745600920000007,0
1.3755600920000008,0
1.3765600920000007,1244
1.3775600920000008,0
1.3785600920000007,0
1.3795600920000008,468380
1.3805600920000007,0
1.3815600920000009,0
1.3825600920000007,0
1.3835600920000009,0
1.3845600920000007,0
1.3855600920000009,0
1.3865600920000007,0
1.3875600920000009,0
1.3885600920000007,0
1.3895600920000009,0
1.3905600920000007,596120
1.3915600920000009,0
1.3925600920000007,0
1.3935600920000009,0
1.3945600920000008,0
1.3955600920000009,0
1.3965600920000008,0
1.3975600920000009,0
1.3985600920000008,0
1.3995600920000009,0
1.4005600920000008,425800
1.4015600920000009,0
1.4025600920000008,0
1.4035600920000009,296006
1.4045600920000008,518190
1.4055600920000009,273696
1.4065600920000008,0
1.4075600920000009,0
1.4085600920000008,0
1.4095600920000009,0
1.4105600920000008,105842
1.4115600920000009,447698
1.4125600920000008,0
1.4135600920000009,40666
1.4145600920000008,65734
1.4155600920000009,10784
1.4165600920000008,54
1.4175600920000009,0
1.4185600920000008,0
1.4195600920000009,106400
1.4205600920000008,0
1.4215600920000009,77304
1.4225600920000008,476236
1.4235600920000009,0
1.4245600920000008,0
1.425560092000001,0
1.4265600920000008,0
1.427560092000001,0
1.4285600920000008,0
1.429560092000001,0
1.4305600920000008,0
1.431560092000001,0
1.4325600920000008,0
1.433560092000001,425800
1.4345600920000008,0
1.435560092000001,0
1.4365600920000008,0
1.437560092000001,0
1.4385600920000008,0
1.439560092000001,0
1.4405600920000008,0
1.441560092000001,0
1.4425600920000008,0
1.443560092000001,0
1.4445600920000008,0
1.445560092000001,0
1.4465600920000008,0
1.447560092000001,0
1.4485600920000008,425800
1.449560092000001,106400
1.4505600920000008,444704
1.451560092000001,518190
1.4525600920000008,519692
1.453560092000001,518190
1.4545600920000008,518190
1.455560092000001,518190
1.4565600920000008,519692
1.457560092000001,518190
1.4585600920000008,1071730
1.459560092000001,519692
1.4605600920000008,518190
1.461560092000001,518190
1.4625600920000008,519692
1.463560092000001,518190
1.4645600920000008,518190
1.465560092000001,519692
1.4665600920000008,518190
1.467560092000001,518190
1.4685600920000008,518190
1.469560092000001,1158392
1.4705600920000008,518190
1.471560092000001,518190
1.4725600920000008,519692
1.473560092000001,518190
1.4745600920000008,518190
1.475560092000001,519692
1.4765600920000008,518190
1.477560092000001,518190
1.4785600920000008,518190
1.479560092000001,1115812
1.4805600920000008,518190
1.481560092000001,518190
1.4825600920000008,519692
1.483560092000001,518190
1.4845600920000008,518190
1.485560092000001,519692
1.4865600920000008,518190
1.487560092000001,518190
1.4885600920000008,519692
1.489560092000001,523236
1.4905600920000008,938944
1.491560092000001,518190
1.4925600920000008,519692
1.493560092000001,518190
1.4945600920000008,518190
1.495560092000001,519692
1.4965600920000008,518190
1.497560092000001,518190
1.4985600920000008,519692
1.499560092000001,518190
1.5005600920000008,518190
1.501560092000001,518190
1.5025600920000008,519692
1.503560092000001,518190
1.5045600920000008,1030706
1.505560092000001,560716
1.5065600920000009,518190
1.507560092000001,518190
1.5085600920000009,519692
1.509560092000001,518190
1.5105600920000009,518190
1.511560092000001,518190
1.5125600920000009,519692
1.513560092000001,519434
1.5145600920000009,518190
1.515560092000001,519692
1.5165600920000009,518190
1.517560092000001,986570
1.5185600920000009,519692
1.519560092000001,518190
1.5205600920000009,518190
1.521560092000001,519692
1.5225600920000009,782654
1.523560092000001,1036380
1.5245600920000009,1036380
1.525560092000001,1037882
1.5265600920000009,1037882
1.527560092000001,1036488
1.5285600920000009,1506154
1.529560092000001,1048720
1.5305600920000009,1036380
1.531560092000001,1037882
1.5325600920000009,1037882
1.533560092000001,1036380
1.5345600920000009,1036380
1.535560092000001,1037882
1.5365600920000009,1037882
1.537560092000001,1036380
1.5385600920000009,1037882
1.539560092000001,1591422
1.5405600920000009,1155150
1.541560092000001,1530538
1.5425600920000009,1556072
1.543560092000001,1277600
1.5445600920000009,1037940
1.545560092000001,1047160
1.5465600920000009,1037882
1.547560092000001,1037624
1.5485600920000009,1037882
1.549560092000001,1304654
1.550560092000001,1195408
1.551560092000001,1037882
1.552560092000001,1036380
1.553560092000001,1037882
1.554560092000001,1037882
1.555560092000001,1036380
1.556560092000001,1037882
1.557560092000001,1036380
1.558560092000001,1037882
1.559560092000001,1229700
1.560560092000001,1312942
1.561560092000001,930638
1.562560092000001,518190
1.563560092000001,518190
1.564560092000001,519692
1.565560092000001,518190
1.566560092000001,518190
1.567560092000001,519692
1.568560092000001,518190
1.569560092000001,518190
1.570560092000001,518190
1.571560092000001,945492
1.572560092000001,518190
1.573560092000001,518190
1.574560092000001,519692
1.575560092000001,518190
1.576560092000001,518190
1.577560092000001,519692
1.578560092000001,518190
1.579560092000001,518190
1.580560092000001,518190
1.581560092000001,945492
1.582560092000001,518190
1.583560092000001,518190
1.584560092000001,519692
1.585560092000001,760124
1.586560092000001,1025866
1.587560092000001,1037882
1.588560092000001,1037882
1.589560092000001,1036380
1.590560092000001,1037882
1.591560092000001,1037882
1.592560092000001,1625044
1.593560092000001,1082942
1.594560092000001,1042858
1.595560092000001,1036380
1.596560092000001,1036380
1.597560092000001,1037882
1.598560092000001,1037882
1.599560092000001,1036380
1.600560092000001,1037882
1.601560092000001,1037882
1.602560092000001,1062508
1.603560092000001,1440612
1.604560092000001,1416968
1.605560092000001,1554570
1.606560092000001,1021090
1.607560092000001,519692
1.608560092000001,518190
1.609560092000001,518190
1.610560092000001,519692
1.611560092000001,518190
1.612560092000001,518190
1.613560092000001,776982
1.614560092000001,686700
1.615560092000001,518190
1.616560092000001,518190
1.617560092000001,519692
1.618560092000001,518190
1.619560092000001,518190
1.620560092000001,519692
1.621560092000001,518190
1.622560092000001,518190
1.623560092000001,519692
1.624560092000001,518190
1.625560092000001,1029150
1.626560092000001,518190
1.627560092000001,519692
1.628560092000001,518190
1.629560092000001,518190
1.630560092000001,519692
1.631560092000001,518190
1.632560092000001,518190
1.633560092000001,519692
1.634560092000001,518190
1.635560092000001,1071730
1.636560092000001,518190
1.637560092000001,530476
1.638560092000001,518244
1.639560092000001,518190
1.640560092000001,519692
1.641560092000001,518190
1.642560092000001,518190
1.643560092000001,519692
1.644560092000001,518190
1.645560092000001,518190
1.646560092000001,519692
1.647560092000001,1071730
1.648560092000001,518190
1.649560092000001,518190
1.650560092000001,519692
1.651560092000001,518190
1.652560092000001,518190
1.653560092000001,519692
1.654560092000001,518190
1.655560092000001,518190
1.656560092000001,519692
1.657560092000001,518352
1.658560092000001,926836
1.659560092000001,462372
1.660560092000001,0
1.661560092000001,0
1.662560092000001,0
1.663560092000001,0
1.664560092000001,106400
1.665560092000001,0
1.666560092000001,0
1.667560092000001,0
1.668560092000001,468380
1.669560092000001,0
1.670560092000001,0
1.671560092000001,0
1.672560092000001,0
1.673560092000001,0
1.674560092000001,0
1.6755600920000011,0
1.676560092000001,0
1.6775600920000011,0
1.678560092000001,638700
1.6795600920000011,0
1.680560092000001,0
1.6815600920000011,78216
1.682560092000001,476134
1.6835600920000011,518190
1.684560092000001,518190
1.6855600920000011,519692
1.686560092000001,518190
1.6875600920000011,518190
1.688560092000001,943990
1.6895600920000011,519692
1.690560092000001,518190
1.6915600920000011,519434
1.692560092000001,519692
1.6935600920000011,518190
1.694560092000001,518190
1.6955600920000011,519692
1.696560092000001,518190
1.6975600920000011,518190
1.698560092000001,943990
1.6995600920000011,519692
1.700560092000001,518190
1.7015600920000011,518190
1.702560092000001,469524
1.7035600920000011,0
1.704560092000001,0
1.7055600920000011,0
1.706560092000001,0
1.7075600920000011,0
1.708560092000001,0
1.7095600920000011,0
1.710560092000001,425800
1.7115600920000011,0
1.712560092000001,0
1.7135600920000011,0
1.714560092000001,0
1.7155600920000011,0
1.716560092000001,0
1.7175600920000011,0
1.718560092000001,0
1.7195600920000012,0
1.720560092000001,58
1.7215600920000012,617302
1.722560092000001,0
1.7235600920000012,0
1.724560092000001,0
1.7255600920000012,0
1.726560092000001,0
1.7275600920000012,0
1.728560092000001,0
1.7295600920000012,0
1.730560092000001,0
1.7315600920000012,0
1.732560092000001,425800
1.7335600920000012,0
1.734560092000001,0
1.7355600920000012,0
1.736560092000001,0
1.7375600920000012,0
1.738560092000001,0
1.7395600920000012,0
1.740560092000001,0
1.7415600920000012,0
1.742560092000001,468380
1.7435600920000012,0
1.744560092000001,0
1.7455600920000012,0
1.746560092000001,0
1.7475600920000012,0
1.748560092000001,0
1.7495600920000012,0
1.750560092000001,0
1.7515600920000012,0
1.752560092000001,58
1.7535600920000012,1186
1.754560092000001,0
1.7555600920000012,510960
1.756560092000001,0
1.7575600920000012,0
1.758560092000001,0
1.7595600920000012,0
1.760560092000001,0
1.7615600920000012,0
1.762560092000001,0
1.7635600920000012,0
1.764560092000001,0
1.7655600920000012,0
1.766560092000001,0
1.7675600920000012,0
1.768560092000001,162
1.7695600920000012,468218
1.770560092000001,0
1.7715600920000012,0
1.772560092000001,0
1.7735600920000012,106400
1.774560092000001,0
1.7755600920000012,0
1.776560092000001,0
1.7775600920000012,0
1.778560092000001,0
1.7795600920000012,0
1.780560092000001,9606
1.7815600920000012,458774
1.782560092000001,0
1.7835600920000012,0
1.784560092000001,0
1.7855600920000012,0
1.786560092000001,0
1.7875600920000012,0
1.788560092000001,0
1.7895600920000012,0
1.790560092000001,0
1.7915600920000012,425800
1.792560092000001,0
1.7935600920000012,106346
1.794560092000001,54
1.7955600920000012,0
1.796560092000001,0
1.7975600920000012,0
1.798560092000001,0
1.7995600920000012,0
1.8005600920000011,0
1.8015600920000012,0
1.8025600920000011,425800
1.8035600920000012,0
1.8045600920000011,0
1.8055600920000012,0
1.8065600920000011,0
1.8075600920000012,0
1.8085600920000011,0
1.8095600920000012,0
1.8105600920000011,0
1.8115600920000012,0
1.8125600920000011,479218
1.8135600920000012,0
1.8145600920000011,0
1.8155600920000012,0
1.8165600920000011,0
1.8175600920000012,0
1.8185600920000011,0
1.8195600920000012,0
1.8205600920000011,0
1.8215600920000012,0
1.8225600920000011,0
1.8235600920000012,0
1.8245600920000011,0
1.8255600920000012,468380
1.8265600920000011,0
1.8275600920000012,0
1.8285600920000011,0
1.8295600920000012,0
1.8305600920000011,0
1.8315600920000012,0
1.8325600920000011,0
1.8335600920000013,0
1.8345600920000011,0
1.8355600920000013,0
1.8365600920000011,596120
1.8375600920000013,0
1.8385600920000011,0
1.8395600920000013,0
1.8405600920000011,0
1.8415600920000013,0
1.8425600920000011,0
1.8435600920000013,0
1.8445600920000012,0
1.8455600920000013,0
1.8465600920000012,0
1.8475600920000013,0
1.8485600920000012,0
1.8495600920000013,553540
1.8505600920000012,0
1.8515600920000013,0
1.8525600920000012,1244
1.8535600920000013,0
1.8545600920000012,0
1.8555600920000013,0
1.8565600920000012,0
1.8575600920000013,0
1.8585600920000012,0
1.8595600920000013,442376
1.8605600920000012,26004
1.8615600920000013,0
1.8625600920000012,0
1.8635600920000013,0
1.8645600920000012,58
1.8655600920000013,1186
1.8665600920000012,0
1.8675600920000013,0
1.8685600920000012,0
1.8695600920000013,0
1.8705600920000012,468380
1.8715600920000013,106346
1.8725600920000012,54
1.8735600920000013,0
1.8745600920000012,0
1.8755600920000013,0
1.8765600920000012,0
1.8775600920000013,0
1.8785600920000012,0
1.8795600920000013,0
1.8805600920000012,0
1.8815600920000013,468380
1.8825600920000012,10838
1.8835600920000013,0
1.8845600920000012,0
1.8855600920000013,0
1.8865600920000012,0
1.8875600920000013,0
1.8885600920000012,0
1.8895600920000013,0
1.8905600920000012,0
1.8915600920000013,297898
1.8925600920000012,170482
1.8935600920000013,0
1.8945600920000012,0
1.8955600920000013,0
1.8965600920000012,0
1.8975600920000013,0
1.8985600920000012,0
1.8995600920000013,0
1.9005600920000012,0
1.9015600920000013,0
1.9025600920000012,510960
1.9035600920000013,0
1.9045600920000012,0
1.9055600920000013,0
1.9065600920000012,0
1.9075600920000013,0
1.9085600920000012,1244
1.9095600920000013,0
1.9105600920000012,0
1.9115600920000013,106400
1.9125600920000012,0
1.9135600920000013,510960
1.9145600920000012,0
1.9155600920000013,0
1.9165600920000012,106400
1.9175600920000013,0
1.9185600920000012,0
1.9195600920000013,0
1.9205600920000012,0
1.9215600920000013,0
1.9225600920000012,0
1.9235600920000013,0
1.9245600920000012,0
1.9255600920000013,553540
1.9265600920000012,0
1.9275600920000013,0
1.9285600920000012,10838
1.9295600920000013,0
1.9305600920000012,0
1.9315600920000013,0
1.9325600920000012,0
1.9335600920000013,0
1.9345600920000012,0
1.9355600920000013,638700
1.9365600920000012,0
1.9375600920000013,0
1.9385600920000012,0
1.9395600920000013,0
1.9405600920000012,0
1.9415600920000013,0
1.9425600920000012,0
1.9435600920000013,0
1.9445600920000012,1244
1.9455600920000014,212754
1.9465600920000012,232626
1.9475600920000014,23000
1.9485600920000012,0
1.9495600920000014,0
1.9505600920000012,0
1.9515600920000014,0
1.9525600920000012,0
1.9535600920000014,0
1.9545600920000012,0
1.9555600920000014,0
1.9565600920000012,475740
1.9575600920000014,99040
1.9585600920000013,0
1.9595600920000014,4618
1.9605600920000013,6220
1.9615600920000014,0
1.9625600920000013,0
1.9635600920000014,0
1.9645600920000013,0
1.9655600920000014,0
1.9665600920000013,510960
1.9675600920000014,0
1.9685600920000013,0
1.9695600920000014,106400
1.9705600920000013,0
1.9715600920000014,0
1.9725600920000013,0
1.9735600920000014,0
1.9745600920000013,0
1.9755600920000014,0
1.9765600920000013,112158
1.9775600920000014,313642
1.9785600920000013,0
1.9795600920000014,0
1.9805600920000013,0
1.9815600920000014,0
1.9825600920000013,0
1.9835600920000014,0
1.9845600920000013,0
1.9855600920000014,0
1.9865600920000013,0
1.9875600920000014,510960
1.9885600920000013,0
1.9895600920000014,0
1.9905600920000013,0
1.9915600920000014,0
1.9925600920000013,0
1.9935600920000014,0
1.9945600920000013,0
1.9955600920000014,0
1.9965600920000013,0
1.9975600920000014,0
1.9985600920000013,469624
1.9995600920000014,0
2.0005600920000015,0
2.0015600920000014,0
2.0025600920000013,0
2.0035600920000016,0
2.004560092000001,0
2.0055600920000014,0
2.0065600920000013,0
2.007560092000001,0
2.0085600920000015,0
2.0095600920000014,425800
2.0105600920000013,0
2.0115600920000016,0
2.012560092000001,0
2.0135600920000014,0
2.0145600920000013,0
2.015560092000001,0
2.0165600920000015,0
2.0175600920000014,259958
2.0185600920000013,509178
2.0195600920000016,318756
2.020560092000001,638700
2.0215600920000014,0
2.0225600920000013,0
2.023560092000001,0
2.0245600920000015,0
2.0255600920000014,371106
2.0265600920000013,515186
2.0275600920000016,201600
2.028560092000001,0
2.0295600920000014,0
2.0305600920000013,442106
2.031560092000001,111434
2.0325600920000015,0
2.0335600920000014,0
2.0345600920000013,0
2.0355600920000017,0
2.036560092000001,0
2.0375600920000014,0
2.0385600920000013,0
2.039560092000001,0
2.0405600920000015,0
2.0415600920000014,468380
2.0425600920000013,0
2.0435600920000017,0
2.044560092000001,0
2.0455600920000014,0
2.0465600920000013,0
2.047560092000001,0
2.0485600920000016,106346
2.0495600920000014,54
2.0505600920000013,0
2.0515600920000017,425800
2.052560092000001,0
2.0535600920000014,0
2.0545600920000013,0
2.0555600920000012,0
2.0565600920000016,0
2.0575600920000015,0
2.0585600920000013,0
2.0595600920000017,0
2.060560092000001,0
2.0615600920000015,0
2.0625600920000013,468380
2.0635600920000012,0
2.0645600920000016,0
2.0655600920000015,0
2.0665600920000013,0
2.0675600920000017,0
2.068560092000001,0
2.0695600920000015,0
2.0705600920000014,0
2.0715600920000012,0
2.0725600920000016,0
2.0735600920000015,425800
2.0745600920000014,0
2.0755600920000017,0
2.076560092000001,0
2.0775600920000015,0
2.0785600920000014,106400
2.0795600920000012,0
2.0805600920000016,0
2.0815600920000015,0
2.0825600920000014,0
2.0835600920000017,553540
2.084560092000001,0
2.0855600920000015,0
2.0865600920000014,0
2.0875600920000013,0
2.0885600920000016,58
2.0895600920000015,106342
2.0905600920000014,0
2.0915600920000017,0
2.092560092000001,0
2.0935600920000015,0
2.0945600920000014,425800
2.0955600920000013,0
2.0965600920000016,0
2.0975600920000015,0
2.0985600920000014,0
2.0995600920000017,0
2.100560092000001,0
2.1015600920000015,0
2.1025600920000014,0
2.1035600920000013,0
2.1045600920000016,638700
2.1055600920000015,0
2.1065600920000014,0
2.1075600920000017,0
2.108560092000001,0
2.1095600920000015,0
2.1105600920000014,0
2.1115600920000013,0
2.1125600920000016,10784
2.1135600920000015,54
2.1145600920000014,0
2.1155600920000017,340278
2.116560092000001,85522
2.1175600920000015,0
2.1185600920000014,1244
2.1195600920000013,0
2.1205600920000016,0
2.1215600920000015,0
2.1225600920000014,0
2.1235600920000017,0
2.124560092000001,0
2.1255600920000015,343752
2.1265600920000014,82048
2.1275600920000013,0
2.1285600920000016,0
2.1295600920000015,0
2.1305600920000014,0
2.1315600920000017,0
2.132560092000001,0
2.1335600920000015,0
2.1345600920000014,0
2.1355600920000013,0
2.1365600920000016,468380
2.1375600920000015,0
2.1385600920000014,0
2.1395600920000017,0
2.140560092000001,0
2.1415600920000015,0
2.1425600920000014,0
2.1435600920000013,0
2.1445600920000016,0
2.1455600920000015,0
2.1465600920000014,0
2.1475600920000018,553540
2.148560092000001,0
2.1495600920000015,0
2.1505600920000014,0
2.1515600920000013,0
2.1525600920000016,0
2.1535600920000015,0
2.1545600920000014,0
2.1555600920000018,0
2.156560092000001,0
2.1575600920000015,553540
2.1585600920000014,0
2.1595600920000013,0
2.1605600920000017,0
2.1615600920000015,0
2.1625600920000014,0
2.1635600920000018,0
2.164560092000001,0
2.1655600920000015,0
2.1665600920000014,0
2.1675600920000013,0
2.1685600920000017,0
2.1695600920000015,0
2.1705600920000014,0
2.1715600920000018,0
2.172560092000001,54
2.1735600920000016,553486
2.1745600920000014,0
2.1755600920000013,0
2.1765600920000017,0
2.1775600920000016,0
2.1785600920000014,0
2.179560092000002,0
2.1805600920000012,0
2.1815600920000016,0
2.1825600920000015,0
2.1835600920000013,0
2.1845600920000017,425800
2.1855600920000016,106400
2.1865600920000015,0
2.187560092000002,0
2.1885600920000012,0
2.1895600920000016,0
2.1905600920000015,1244
2.1915600920000013,0
2.1925600920000017,0
2.1935600920000016,0
2.1945600920000015,0
2.195560092000002,638758
2.1965600920000012,10780
2.1975600920000016,0
2.1985600920000015,0
2.1995600920000014,10838
2.2005600920000017,0
2.2015600920000016,0
2.2025600920000015,0
2.203560092000002,0
2.2045600920000012,0
2.2055600920000016,0
2.2065600920000015,0
2.2075600920000014,165814
2.2085600920000017,302566
2.2095600920000016,0
2.2105600920000015,0
2.211560092000002,0
2.2125600920000013,0
2.2135600920000016,10838
2.2145600920000015,0
2.2155600920000014,0
2.2165600920000017,0
2.2175600920000016,0
2.2185600920000015,425800
2.219560092000002,0
2.2205600920000013,58
2.2215600920000016,476188
2.2225600920000015,529028
2.2235600920000014,518190
2.2245600920000017,519692
2.2255600920000016,518190
2.2265600920000015,518190
2.227560092000002,519692
2.2285600920000013,1114310
2.2295600920000016,518190
2.2305600920000015,518190
2.2315600920000014,519692
2.2325600920000017,624590
2.2335600920000016,518190
2.2345600920000015,519692
2.235560092000002,518190
2.2365600920000013,518190
2.2375600920000016,519692
2.2385600920000015,861526
2.2395600920000014,654072
2.2405600920000017,519692
2.2415600920000016,518190
2.2425600920000015,27936
2.243560092000002,0
2.2445600920000013,0
2.2455600920000016,0
2.2465600920000015,0
2.2475600920000014,0
2.2485600920000017,0
2.2495600920000016,468380
2.2505600920000015,0
2.251560092000002,0
2.2525600920000013,0
2.2535600920000016,0
2.2545600920000015,0
2.2555600920000014,0
2.2565600920000017,0
2.2575600920000016,0
2.2585600920000015,0
2.259560092000002,10838
2.2605600920000013,0
2.2615600920000016,0
2.2625600920000015,440932
2.2635600920000014,380006
2.2645600920000017,516688
2.2655600920000016,176066
2.2665600920000015,0
2.267560092000002,0
2.2685600920000013,0
2.2695600920000016,0
2.2705600920000015,0
2.2715600920000014,0
2.2725600920000018,427356
2.2735600920000016,41024
2.2745600920000015,0
2.275560092000002,0
2.2765600920000013,0
2.2775600920000016,0
2.2785600920000015,0
2.2795600920000014,0
2.2805600920000018,0
2.2815600920000016,0
2.2825600920000015,425800
2.283560092000002,0
2.2845600920000013,0
2.2855600920000017,0
2.2865600920000015,0
2.2875600920000014,0
2.2885600920000018,0
2.2895600920000017,58
2.2905600920000015,1186
2.291560092000002,0
2.2925600920000013,0
2.2935600920000017,550828
2.2945600920000015,87872
2.2955600920000014,0
2.2965600920000018,0
2.2975600920000017,0
2.2985600920000016,0
2.299560092000002,0
2.3005600920000013,0
2.3015600920000017,0
2.3025600920000016,0
2.3035600920000014,0
2.304560092000002,0
2.3055600920000017,35140
2.3065600920000016,321714
2.307560092000002,111526
2.3085600920000013,0
2.3095600920000017,0
2.3105600920000016,0
2.3115600920000015,0
2.312560092000002,0
2.3135600920000017,0
2.3145600920000016,0
2.315560092000002,0
2.3165600920000013,468380
2.3175600920000017,0
2.3185600920000016,0
2.3195600920000015,0
2.320560092000002,0
2.3215600920000017,0
2.3225600920000016,0
2.323560092000002,0
2.3245600920000014,0
2.3255600920000017,0
2.3265600920000016,0
2.3275600920000015,468380
2.328560092000002,0
2.3295600920000017,0
2.3305600920000016,0
2.331560092000002,0
2.3325600920000014,0
2.3335600920000017,0
2.3345600920000016,0
2.3355600920000015,0
2.336560092000002,0
2.3375600920000017,0
2.3385600920000016,425800
2.339560092000002,0
2.3405600920000014,0
2.3415600920000017,0
2.3425600920000016,0
2.3435600920000015,0
2.344560092000002,0
2.3455600920000017,0
2.3465600920000016,0
2.347560092000002,0
2.3485600920000014,0
2.3495600920000017,0
2.3505600920000016,510960
2.3515600920000015,0
2.352560092000002,0
2.3535600920000017,0
2.3545600920000016,0
2.355560092000002,0
2.3565600920000014,0
2.3575600920000017,0
2.3585600920000016,0
2.3595600920000015,0
2.360560092000002,0
2.3615600920000017,0
2.3625600920000016,468380
2.363560092000002,0
2.3645600920000014,0
2.3655600920000017,0
2.3665600920000016,0
2.3675600920000015,0
2.368560092000002,0
2.3695600920000017,0
2.3705600920000016,0
2.371560092000002,0
2.3725600920000014,510960
2.3735600920000017,0
2.3745600920000016,0
2.3755600920000015,0
2.376560092000002,0
2.3775600920000017,0
2.3785600920000016,0
2.379560092000002,0
2.3805600920000014,0
2.3815600920000017,0
2.3825600920000016,60620
2.3835600920000015,365180
2.384560092000002,0
2.3855600920000017,0
2.3865600920000016,0
2.387560092000002,0
2.3885600920000014,0
2.3895600920000017,73710
2.3905600920000016,470126
2.3915600920000015,519692
2.392560092000002,518190
2.3935600920000017,943990
2.3945600920000016,519692
2.395560092000002,518190
2.3965600920000014,518190
2.3975600920000018,518190
2.3985600920000016,519692
2.3995600920000015,518190
2.400560092000002,518190
2.4015600920000018,519692
2.4025600920000016,518190
2.403560092000002,518190
2.4045600920000014,1073232
2.4055600920000018,518190
2.4065600920000016,518190
2.4075600920000015,519692
2.408560092000002,518190
2.4095600920000018,518190
2.4105600920000017,518190
2.411560092000002,519692
2.4125600920000014,518190
2.4135600920000018,518190
2.4145600920000017,626092
2.4155600920000015,1039988
2.416560092000002,518190
2.4175600920000018,519692
2.4185600920000017,518190
2.419560092000002,518190
2.4205600920000014,518190
2.4215600920000018,519692
2.4225600920000017,518190
2.4235600920000016,518190
2.424560092000002,519692
2.4255600920000018,518190
2.4265600920000017,1073286
2.427560092000002,560716
2.4285600920000014,518190
2.429560092000002,518190
2.4305600920000017,519692
2.4315600920000016,518190
2.432560092000002,518190
2.433560092000002,518190
2.4345600920000017,519692
2.435560092000002,518190
2.4365600920000015,518190
2.437560092000002,988072
2.4385600920000017,518190
2.4395600920000016,518190
2.440560092000002,519692
2.441560092000002,518190
2.4425600920000017,518190
2.443560092000002,518190
2.4445600920000015,519692
2.445560092000002,518190
2.4465600920000017,518190
2.4475600920000016,796616
2.448560092000002,752226
2.449560092000002,518190
2.4505600920000017,519692
2.451560092000002,518190
2.4525600920000015,518190
2.453560092000002,519692
2.4545600920000017,518190
2.4555600920000016,518190
2.456560092000002,733088
2.457560092000002,1025866
2.4585600920000017,1200692
2.459560092000002,1341950
2.4605600920000015,1037882
2.461560092000002,1037882
2.4625600920000017,1036380
2.4635600920000016,1037882
2.464560092000002,1036380
2.465560092000002,1037882
2.4665600920000017,1036380
2.467560092000002,1037882
2.4685600920000015,1037882
2.469560092000002,1589920
2.4705600920000017,1037882
2.4715600920000016,1037882
2.472560092000002,1036380
2.473560092000002,1036380
2.4745600920000017,1037882
2.475560092000002,1037882
2.4765600920000015,1036380
2.477560092000002,820992
2.4785600920000017,518190
2.4795600920000016,518190
2.480560092000002,988072
2.481560092000002,518190
2.4825600920000017,518190
2.483560092000002,519692
2.4845600920000015,518190
2.485560092000002,518190
2.4865600920000017,519692
2.4875600920000016,518190
2.488560092000002,518190
2.489560092000002,518190
2.4905600920000017,628134
2.491560092000002,941948
2.4925600920000015,518190
2.493560092000002,519692
2.4945600920000017,518190
2.4955600920000016,518190
2.496560092000002,519692
2.497560092000002,518190
2.4985600920000017,518190
2.499560092000002,929850
2.5005600920000015,1036380
2.501560092000002,1231274
2.5025600920000017,518190
2.5035600920000016,519692
2.504560092000002,518190
2.505560092000002,518190
2.5065600920000017,519692
2.507560092000002,518190
2.5085600920000015,518190
2.509560092000002,519692
2.5105600920000017,518190
2.5115600920000016,518190
2.512560092000002,518190
2.513560092000002,945492
2.5145600920000017,518190
2.515560092000002,518190
2.5165600920000015,519692
2.517560092000002,518190
2.5185600920000017,518190
2.5195600920000016,519692
2.520560092000002,518190
2.521560092000002,518190
2.5225600920000018,518190
2.523560092000002,945492
2.5245600920000015,518190
2.525560092000002,518190
2.5265600920000018,519692
2.5275600920000016,518190
2.528560092000002,518190
2.529560092000002,530530
2.5305600920000018,518190
2.531560092000002,529028
2.5325600920000015,519692
2.533560092000002,518190
2.5345600920000018,518190
2.5355600920000017,997408
2.536560092000002,519692
2.537560092000002,518190
2.5385600920000018,518190
2.539560092000002,519692
2.5405600920000015,518190
2.541560092000002,518190
2.5425600920000018,519692
2.5435600920000017,518190
2.544560092000002,624590
2.545560092000002,518190
2.5465600920000018,1115812
2.547560092000002,518190
2.5485600920000016,518190
2.549560092000002,519692
2.5505600920000018,518190
2.5515600920000017,518190
2.552560092000002,519692
2.553560092000002,518190
2.554560092000002,518190
2.555560092000002,519692
2.5565600920000016,518190
2.557560092000002,943990
2.558560092000002,518190
2.5595600920000017,519692
2.560560092000002,518190
2.561560092000002,518190
2.562560092000002,519692
2.563560092000002,518190
2.5645600920000016,518190
2.565560092000002,626092
2.566560092000002,518190
2.5675600920000017,518190
2.568560092000002,943990
2.569560092000002,519692
2.570560092000002,518190
2.571560092000002,518190
2.5725600920000016,519692
2.573560092000002,518190
2.574560092000002,518190
2.5755600920000017,519692
2.576560092000002,518190
2.577560092000002,518190
2.578560092000002,518190
2.579560092000002,945492
2.5805600920000016,518190
2.581560092000002,518190
2.582560092000002,519692
2.5835600920000017,518190
2.584560092000002,518190
2.585560092000002,519692
2.586560092000002,518190
2.587560092000002,518190
2.5885600920000016,519692
2.589560092000002,518190
2.590560092000002,1071730
2.5915600920000017,518190
2.592560092000002,519692
2.593560092000002,518190
2.594560092000002,518190
2.595560092000002,519692
2.5965600920000016,518190
2.597560092000002,518190
2.598560092000002,519692
2.5995600920000017,344746
2.600560092000002,0
2.601560092000002,468380
2.602560092000002,10838
2.603560092000002,0
2.6045600920000016,0
2.605560092000002,0
2.606560092000002,0
2.6075600920000017,0
2.608560092000002,0
2.609560092000002,0
2.610560092000002,0
2.611560092000002,0
2.6125600920000016,0
2.613560092000002,532146
2.614560092000002,54
2.6155600920000017,0
2.616560092000002,0
2.617560092000002,0
2.618560092000002,0
2.619560092000002,0
2.6205600920000016,0
2.621560092000002,0
2.622560092000002,0
2.6235600920000017,0
2.624560092000002,638700
2.625560092000002,0
2.626560092000002,0
2.627560092000002,0
2.6285600920000016,0
2.629560092000002,0
2.630560092000002,0
2.6315600920000017,0
2.632560092000002,0
2.633560092000002,0
2.634560092000002,0
2.635560092000002,0
2.6365600920000016,468380
2.637560092000002,0
2.638560092000002,0
2.6395600920000017,0
2.640560092000002,0
2.641560092000002,0
2.642560092000002,0
2.643560092000002,0
2.6445600920000016,0
2.645560092000002,0
2.646560092000002,0
2.6475600920000018,0
2.648560092000002,468380
2.649560092000002,0
2.650560092000002,0
2.651560092000002,0
2.6525600920000016,0
2.653560092000002,0
2.654560092000002,0
2.6555600920000018,0
2.656560092000002,0
2.657560092000002,0
2.658560092000002,553540
2.659560092000002,0
2.6605600920000017,0
2.661560092000002,0
2.662560092000002,0
2.6635600920000018,0
2.664560092000002,0
2.665560092000002,0
2.666560092000002,0
2.667560092000002,0
2.6685600920000017,670284
2.669560092000002,500166
2.670560092000002,428402
2.6715600920000018,0
2.672560092000002,0
2.673560092000002,0
2.674560092000002,0
2.675560092000002,0
2.6765600920000017,0
2.677560092000002,0
2.678560092000002,0
2.679560092000002,638700
2.680560092000002,0
2.681560092000002,0
2.682560092000002,0
2.6835600920000022,0
2.6845600920000017,0
2.685560092000002,0
2.686560092000002,0
2.687560092000002,10838
2.688560092000002,0
2.689560092000002,425800
2.690560092000002,0
2.6915600920000022,0
2.6925600920000017,0
2.693560092000002,0
2.694560092000002,0
2.695560092000002,0
2.696560092000002,0
2.697560092000002,0
2.698560092000002,0
2.6995600920000022,0
2.7005600920000017,0
2.701560092000002,0
2.702560092000002,595650
2.703560092000002,470
2.704560092000002,0
2.705560092000002,0
2.706560092000002,0
2.7075600920000022,0
2.7085600920000017,0
2.709560092000002,0
2.710560092000002,0
2.711560092000002,0
2.712560092000002,0
2.713560092000002,0
2.714560092000002,468380
2.7155600920000023,0
2.7165600920000017,0
2.717560092000002,0
2.718560092000002,0
2.719560092000002,0
2.720560092000002,0
2.721560092000002,0
2.722560092000002,0
2.7235600920000023,0
2.7245600920000017,0
2.725560092000002,468380
2.726560092000002,0
2.727560092000002,0
2.728560092000002,0
2.729560092000002,0
2.730560092000002,0
2.7315600920000023,0
2.7325600920000017,0
2.733560092000002,0
2.734560092000002,0
2.735560092000002,638700
2.736560092000002,0
2.737560092000002,0
2.738560092000002,0
2.7395600920000023,0
2.7405600920000017,0
2.741560092000002,0
2.742560092000002,0
2.743560092000002,1190
2.744560092000002,81274
2.745560092000002,1073756
2.746560092000002,518190
2.7475600920000023,10846
2.7485600920000017,0
2.749560092000002,0
2.750560092000002,0
2.751560092000002,0
2.752560092000002,0
2.753560092000002,0
2.754560092000002,0
2.7555600920000023,425800
2.7565600920000017,0
2.757560092000002,0
2.758560092000002,0
2.759560092000002,0
2.760560092000002,0
2.761560092000002,0
2.762560092000002,0
2.7635600920000023,0
2.7645600920000017,0
2.765560092000002,0
2.766560092000002,0
2.767560092000002,0
2.768560092000002,425800
2.769560092000002,0
2.770560092000002,0
2.7715600920000023,0
2.7725600920000018,10838
2.773560092000002,0
2.774560092000002,0
2.775560092000002,58
2.776560092000002,106342
2.777560092000002,0
2.778560092000002,71296
2.7795600920000023,482244
2.7805600920000018,0
2.781560092000002,0
2.782560092000002,0
2.783560092000002,0
2.784560092000002,0
2.785560092000002,0
2.786560092000002,0
2.7875600920000023,111260
2.7885600920000018,489652
2.789560092000002,1040520
2.790560092000002,0
2.791560092000002,0
2.792560092000002,0
2.793560092000002,0
2.794560092000002,0
2.7955600920000023,0
2.7965600920000018,0
2.797560092000002,0
2.798560092000002,0
2.799560092000002,638700
2.800560092000002,0
2.801560092000002,0
2.802560092000002,0
2.8035600920000023,0
2.804560092000002,0
2.805560092000002,10838
2.806560092000002,0
2.807560092000002,0
2.8085600920000022,0
2.809560092000002,0
2.810560092000002,596120
2.8115600920000023,0
2.812560092000002,357588
2.813560092000002,515186
2.814560092000002,215118
2.815560092000002,0
2.8165600920000022,0
2.817560092000002,0
2.818560092000002,0
2.8195600920000023,106400
2.820560092000002,447396
2.821560092000002,518244
2.822560092000002,591876
2.823560092000002,0
2.8245600920000022,0
2.825560092000002,0
2.826560092000002,0
2.8275600920000024,0
2.828560092000002,0
2.829560092000002,0
2.830560092000002,0
2.831560092000002,0
2.8325600920000022,0
2.833560092000002,0
2.834560092000002,425800
2.8355600920000024,0
2.836560092000002,0
2.837560092000002,0
2.838560092000002,0
2.839560092000002,0
2.8405600920000023,0
2.841560092000002,0
2.842560092000002,0
2.8435600920000024,106400
2.844560092000002,0
2.845560092000002,0
2.846560092000002,468380
2.847560092000002,0
2.8485600920000023,0
2.849560092000002,0
2.850560092000002,0
2.8515600920000024,0
2.852560092000002,0
2.853560092000002,0
2.854560092000002,0
2.855560092000002,0
2.8565600920000023,0
2.857560092000002,0
2.858560092000002,0
2.8595600920000024,0
2.860560092000002,0
2.861560092000002,425800
2.862560092000002,106400
2.863560092000002,0
2.8645600920000023,0
2.865560092000002,73710
2.866560092000002,32690
2.8675600920000024,0
2.868560092000002,0
2.869560092000002,0
2.870560092000002,0
2.871560092000002,0
2.8725600920000023,638700
2.873560092000002,0
2.874560092000002,0
2.8755600920000024,106400
2.876560092000002,0
2.877560092000002,0
2.878560092000002,0
2.879560092000002,0
2.8805600920000023,0
2.881560092000002,0
2.882560092000002,15186
2.8835600920000024,852838
2.884560092000002,516688
2.885560092000002,171560
2.886560092000002,0
2.887560092000002,0
2.8885600920000023,0
2.889560092000002,0
2.890560092000002,0
2.8915600920000024,0
2.892560092000002,0
2.893560092000002,425800
2.894560092000002,0
2.895560092000002,0
2.8965600920000023,0
2.897560092000002,0
2.898560092000002,0
2.8995600920000024,0
2.900560092000002,289998
2.901560092000002,510680
2.902560092000002,287214
2.903560092000002,0
2.9045600920000023,821008
2.905560092000002,510680
2.906560092000002,518190
2.9075600920000024,518190
2.908560092000002,519692
2.909560092000002,518190
2.910560092000002,518190
2.911560092000002,519692
2.9125600920000023,518190
2.913560092000002,518190
2.914560092000002,519692
2.9155600920000024,943990
2.916560092000002,518190
2.917560092000002,518190
2.918560092000002,519692
2.919560092000002,518190
2.9205600920000023,518190
2.921560092000002,519692
2.922560092000002,518190
2.9235600920000024,518190
2.924560092000002,519692
2.925560092000002,357468
2.926560092000002,355136
2.927560092000002,446206
2.9285600920000023,518190
2.9295600920000022,123496
2.930560092000002,0
2.9315600920000024,0
2.932560092000002,0
2.9335600920000022,0
2.934560092000002,0
2.935560092000002,0
2.9365600920000023,0
2.9375600920000022,194406
2.938560092000002,316554
2.9395600920000025,0
2.940560092000002,0
2.9415600920000022,0
2.942560092000002,0
2.943560092000002,106400
2.9445600920000023,0
2.9455600920000022,0
2.946560092000002,0
2.9475600920000025,0
2.948560092000002,0
2.9495600920000022,510960
2.950560092000002,0
2.951560092000002,0
2.9525600920000024,0
2.9535600920000022,0
2.954560092000002,0
2.9555600920000025,0
2.956560092000002,0
2.9575600920000022,0
2.958560092000002,0
2.959560092000002,231902
2.9605600920000024,236478
2.9615600920000023,0
2.962560092000002,0
2.9635600920000025,0
2.964560092000002,0
2.9655600920000023,0
2.966560092000002,0
2.967560092000002,0
2.9685600920000024,0
2.9695600920000023,0
2.970560092000002,510960
2.9715600920000025,0
2.972560092000002,0
2.9735600920000023,0
2.974560092000002,0
2.975560092000002,0
2.9765600920000024,0
2.9775600920000023,0
2.978560092000002,0
2.9795600920000025,0
2.980560092000002,0
2.9815600920000023,0
2.982560092000002,0
2.983560092000002,638700
2.9845600920000024,0
2.9855600920000023,0
2.986560092000002,0
2.9875600920000025,0
2.988560092000002,0
2.9895600920000023,0
2.990560092000002,0
2.991560092000002,0
2.9925600920000024,0
2.9935600920000023,0
2.994560092000002,0
2.9955600920000025,0
2.996560092000002,553540
2.9975600920000023,0
2.998560092000002,0
2.999560092000002,0
3.0005600920000024,0
3.0015600920000023,0
3.002560092000002,0
3.0035600920000025,0
3.004560092000002,0
3.0055600920000023,0
3.006560092000002,256042
3.007560092000002,297498
3.0085600920000024,0
3.0095600920000023,0
3.010560092000002,0
3.0115600920000025,0
3.012560092000002,0
3.0135600920000023,0
3.014560092000002,0
3.015560092000002,0
3.0165600920000024,341066
3.0175600920000023,939484
3.018560092000002,518190
3.0195600920000025,519692
3.020560092000002,518190
3.0215600920000023,518248
3.022560092000002,520878
3.023560092000002,518190
3.0245600920000024,518190
3.0255600920000023,518190
3.026560092000002,519692
3.0275600920000025,986570
3.028560092000002,518190
3.0295600920000023,519692
3.030560092000002,518190
3.031560092000002,518190
3.0325600920000024,519692
3.0335600920000023,518190
3.034560092000002,518190
3.0355600920000025,519692
3.036560092000002,518190
3.0375600920000023,167622
3.038560092000002,0
3.039560092000002,0
3.0405600920000024,596120
3.0415600920000023,0
3.042560092000002,0
3.0435600920000025,0
3.044560092000002,0
3.0455600920000023,0
3.046560092000002,0
3.047560092000002,0
3.0485600920000024,0
3.0495600920000023,0
3.050560092000002,638700
3.0515600920000026,0
3.052560092000002,0
3.0535600920000023,0
3.0545600920000022,0
3.055560092000002,0
3.0565600920000024,0
3.0575600920000023,0
3.0585600920000022,0
3.0595600920000026,0
3.060560092000002,30742
3.0615600920000023,522798
3.0625600920000022,0
3.063560092000002,0
3.0645600920000025,0
3.0655600920000023,0
3.0665600920000022,0
3.0675600920000026,0
3.068560092000002,0
3.0695600920000023,0
3.0705600920000022,0
3.071560092000002,425800
3.0725600920000025,0
3.0735600920000024,0
3.0745600920000022,0
3.0755600920000026,0
3.076560092000002,0
3.0775600920000024,0
3.0785600920000022,0
3.079560092000002,0
3.0805600920000025,0
3.0815600920000024,425800
3.0825600920000022,0
3.0835600920000026,0
3.084560092000002,0
3.0855600920000024,0
3.0865600920000023,0
3.087560092000002,0
3.0885600920000025,0
3.0895600920000024,0
3.0905600920000023,0
3.0915600920000026,223306
3.092560092000002,202494
3.0935600920000024,0
3.0945600920000023,0
3.095560092000002,0
3.0965600920000025,0
3.0975600920000024,0
3.0985600920000023,0
3.0995600920000026,0
3.100560092000002,0
3.1015600920000024,115766
3.1025600920000023,491154
3.103560092000002,949352
3.1045600920000025,0
3.1055600920000024,0
3.1065600920000023,0
3.1075600920000026,0
3.108560092000002,0
3.1095600920000024,0
3.1105600920000023,0
3.111560092000002,0
3.1125600920000025,0
3.1135600920000024,0
3.1145600920000023,0
3.1155600920000026,0
3.116560092000002,468380
3.1175600920000024,0
3.1185600920000023,0
3.119560092000002,0
3.1205600920000025,0
3.1215600920000024,0
3.1225600920000023,0
3.1235600920000026,0
3.124560092000002,0
3.1255600920000024,0
3.1265600920000023,472724
3.127560092000002,165976
3.1285600920000025,0
3.1295600920000024,0
3.1305600920000023,0
3.1315600920000026,0
3.132560092000002,0
3.1335600920000024,0
3.1345600920000023,0
3.135560092000002,0
3.1365600920000025,0
3.1375600920000024,553540
3.1385600920000023,0
3.1395600920000026,0
3.140560092000002,0
3.1415600920000024,0
3.1425600920000023,0
3.143560092000002,0
3.1445600920000025,0
3.1455600920000024,63520
3.1465600920000023,450600
3.1475600920000026,1071730
3.148560092000002,66420
3.1495600920000024,0
3.1505600920000023,0
3.151560092000002,0
3.1525600920000025,0
3.1535600920000024,0
3.1545600920000023,0
3.1555600920000026,106400
3.156560092000002,0
3.1575600920000024,0
3.1585600920000023,425800
3.159560092000002,0
3.1605600920000025,0
3.1615600920000024,0
3.1625600920000023,0
3.1635600920000027,0
3.164560092000002,0
3.1655600920000024,0
3.1665600920000023,0
3.167560092000002,0
3.1685600920000025,425800
3.1695600920000024,0
3.1705600920000023,0
3.1715600920000027,359090
3.172560092000002,515186
3.1735600920000024,213616
3.1745600920000023,0
3.175560092000002,0
3.1765600920000026,0
3.1775600920000024,0
3.1785600920000023,0
3.1795600920000027,553540
3.180560092000002,0
3.1815600920000024,0
3.1825600920000023,0
3.1835600920000022,0
3.1845600920000026,0
3.1855600920000025,0
3.1865600920000023,0
3.1875600920000027,0
3.188560092000002,0
3.1895600920000025,0
3.1905600920000023,553540
3.1915600920000022,0
3.1925600920000026,0
3.1935600920000025,1244
3.1945600920000023,0
3.1955600920000027,0
3.196560092000002,0
3.1975600920000025,0
3.1985600920000024,0
3.1995600920000022,0
3.2005600920000026,0
3.2015600920000025,0
3.2025600920000024,468380
3.2035600920000027,0
3.204560092000002,0
3.2055600920000025,0
3.2065600920000024,0
3.2075600920000022,0
3.2085600920000026,0
3.2095600920000025,0
3.2105600920000024,0
3.2115600920000027,0
3.212560092000002,220356
3.2135600920000025,248024
3.2145600920000024,0
3.2155600920000023,0
3.2165600920000026,0
3.2175600920000025,0
3.2185600920000024,0
3.2195600920000027,0
3.220560092000002,0
3.2215600920000025,0
3.2225600920000024,0
3.2235600920000023,0
3.2245600920000026,77142
3.2255600920000025,348658
3.2265600920000024,0
3.2275600920000027,0
3.228560092000002,0
3.2295600920000025,0
3.2305600920000024,0
3.2315600920000023,54184
3.2325600920000026,506174
3.2335600920000025,518190
3.2345600920000024,519692
3.2355600920000027,518190
3.236560092000002,603058
3.2375600920000025,1030944
3.2385600920000024,518190
3.2395600920000023,516688
3.2405600920000026,521194
3.2415600920000025,518190
3.2425600920000024,518190
3.2435600920000027,519692
3.244560092000002,824710
3.2455600920000025,1030372
3.2465600920000024,787380
3.2475600920000023,519692
3.2485600920000026,1071730
3.2495600920000025,624590
3.2505600920000024,519692
3.2515600920000027,518190
3.252560092000002,462014
3.2535600920000025,0
3.2545600920000024,0
3.2555600920000023,0
3.2565600920000026,0
3.2575600920000025,106400
3.2585600920000024,342034
3.2595600920000027,211506
3.260560092000002,0
3.2615600920000025,0
3.2625600920000024,0
3.2635600920000023,0
3.2645600920000026,0
3.2655600920000025,0
3.2665600920000024,0
3.2675600920000027,0
3.268560092000002,0
3.2695600920000025,427044
3.2705600920000024,0
3.2715600920000023,10838
3.2725600920000026,0
3.2735600920000025,0
3.2745600920000024,0
3.2755600920000028,0
3.276560092000002,0
3.2775600920000025,0
3.2785600920000024,0
3.2795600920000023,0
3.2805600920000026,0
3.2815600920000025,468380
3.2825600920000024,0
3.2835600920000028,0
3.284560092000002,0
3.2855600920000025,0
3.2865600920000024,0
3.2875600920000023,0
3.2885600920000027,0
3.2895600920000025,0
3.2905600920000024,0
3.2915600920000028,425800
3.292560092000002,0
3.2935600920000025,0
3.2945600920000024,0
3.2955600920000023,0
3.2965600920000027,0
3.2975600920000026,0
3.2985600920000024,0
3.2995600920000028,0
3.300560092000002,0
3.3015600920000026,0
3.3025600920000024,0
3.3035600920000023,0
3.3045600920000027,510960
3.3055600920000026,0
3.3065600920000024,0
3.307560092000003,0
3.3085600920000022,0
3.3095600920000026,0
3.3105600920000025,0
3.3115600920000023,106400
3.3125600920000027,0
3.3135600920000026,0
3.3145600920000025,553540
3.315560092000003,0
3.3165600920000022,0
3.3175600920000026,0
3.3185600920000025,0
3.3195600920000023,0
3.3205600920000027,0
3.3215600920000026,0
3.3225600920000025,0
3.323560092000003,0
3.3245600920000022,2204
3.3255600920000026,551336
3.3265600920000025,1244
3.3275600920000024,0
3.3285600920000027,0
3.3295600920000026,0
3.3305600920000025,0
3.331560092000003,0
3.3325600920000022,0
3.3335600920000026,0
3.3345600920000025,0
3.3355600920000024,425800
3.3365600920000027,0
3.3375600920000026,0
3.3385600920000025,0
3.339560092000003,0
3.3405600920000023,0
3.3415600920000026,0
3.3425600920000025,0
3.3435600920000024,0
3.3445600920000027,0
3.3455600920000026,468380
3.3465600920000025,0
3.347560092000003,0
3.3485600920000023,0
3.3495600920000026,0
3.3505600920000025,0
3.3515600920000024,0
3.3525600920000027,0
3.3535600920000026,0
3.3545600920000025,0
3.355560092000003,0
3.3565600920000023,178850
3.3575600920000026,1153886
3.3585600920000025,393856
3.3595600920000024,0
3.3605600920000027,0
3.3615600920000026,0
3.3625600920000025,0
3.363560092000003,0
3.3645600920000023,0
3.3655600920000026,0
3.3665600920000025,0
3.3675600920000024,0
3.3685600920000027,553540
3.3695600920000026,106400
3.3705600920000025,0
3.371560092000003,0
3.3725600920000023,10838
3.3735600920000026,0
3.3745600920000025,0
3.3755600920000024,0
3.3765600920000027,0
3.3775600920000026,0
3.3785600920000025,596120
3.379560092000003,0
3.3805600920000023,0
3.3815600920000026,0
3.3825600920000025,0
3.3835600920000024,0
3.3845600920000027,0
3.3855600920000026,0
3.3865600920000025,0
3.387560092000003,0
3.3885600920000023,0
3.3895600920000026,0
3.3905600920000025,0
3.3915600920000024,0
3.3925600920000027,638700
3.3935600920000026,0
3.3945600920000025,0
3.395560092000003,0
3.3965600920000023,0
3.3975600920000026,0
3.3985600920000025,0
3.3995600920000024,0
3.4005600920000028,0
3.4015600920000026,0
3.4025600920000025,0
3.403560092000003,548672
3.4045600920000023,90028
3.4055600920000026,0
3.4065600920000025,0
3.4075600920000024,0
3.4085600920000028,0
3.4095600920000027,0
3.4105600920000025,1244
3.411560092000003,0
3.4125600920000023,0
3.4135600920000027,468380
3.4145600920000025,0
3.4155600920000024,250946
3.4165600920000028,509178
3.4175600920000027,327768
3.4185600920000025,0
3.419560092000003,0
3.4205600920000023,0
3.4215600920000027,0
3.4225600920000026,0
3.4235600920000024,6548
3.4245600920000028,419252
3.4255600920000027,0
3.4265600920000026,0
3.427560092000003,0
3.4285600920000023,0
3.4295600920000027,0
3.4305600920000026,0
3.4315600920000024,0
3.432560092000003,0
3.4335600920000027,0
3.4345600920000026,468438
3.435560092000003,425120
3.4365600920000023,874276
3.4375600920000027,661212
3.4385600920000026,215118
3.4395600920000025,0
3.440560092000003,0
3.4415600920000027,0
3.4425600920000026,0
3.443560092000003,10838
3.4445600920000023,75212
3.4455600920000027,482466
3.4465600920000026,988072
3.4475600920000025,518190
3.448560092000003,518190
3.4495600920000027,518190
3.4505600920000026,519692
3.451560092000003,518190
3.4525600920000024,518190
3.4535600920000027,519692
3.4545600920000026,518190
3.4555600920000025,518190
3.456560092000003,519692
3.4575600920000027,943990
3.4585600920000026,518190
3.459560092000003,518190
3.4605600920000024,519692
3.4615600920000027,518190
3.4625600920000026,518190
3.4635600920000025,519692
3.464560092000003,529028
3.4655600920000027,518190
3.4665600920000026,519692
3.467560092000003,518190
3.4685600920000024,943990
3.4695600920000027,520936
3.4705600920000026,518190
3.4715600920000025,518190
3.472560092000003,518190
3.4735600920000027,519692
3.4745600920000026,518190
3.475560092000003,518190
3.4765600920000024,519692
3.4775600920000027,518190
3.4785600920000026,518190
3.4795600920000025,519692
3.480560092000003,518190
3.4815600920000027,986570
3.4825600920000026,518190
3.483560092000003,519692
3.4845600920000024,518190
3.4855600920000027,518190
3.4865600920000026,519692
3.4875600920000025,518190
3.488560092000003,518190
3.4895600920000027,519692
3.4905600920000026,518190
3.491560092000003,530800
3.4925600920000024,975462
3.4935600920000027,518190
3.4945600920000026,518190
3.4955600920000025,518190
3.496560092000003,519692
3.4975600920000027,518190
3.4985600920000026,518190
3.499560092000003,519692
3.5005600920000024,518190
3.5015600920000027,518190
3.5025600920000026,1158392
3.5035600920000025,518190
3.504560092000003,518190
3.5055600920000027,518190
3.5065600920000026,519692
3.507560092000003,518190
3.5085600920000024,518190
3.5095600920000027,519692
3.5105600920000026,518190
3.5115600920000025,518190
3.512560092000003,519692
3.5135600920000027,518190
3.5145600920000026,943990
3.515560092000003,519692
3.5165600920000024,518190
3.5175600920000027,518190
3.5185600920000026,518190
3.5195600920000025,519692
3.520560092000003,518190
3.5215600920000028,518190
3.5225600920000026,534824
3.523560092000003,609458
3.5245600920000024,1071730
3.5255600920000028,519692
3.5265600920000026,518190
3.5275600920000025,518190
3.528560092000003,518190
3.5295600920000028,519692
3.5305600920000026,518190
3.531560092000003,518190
3.5325600920000024,519692
3.5335600920000028,518190
3.5345600920000027,518190
3.5355600920000025,519692
3.536560092000003,986570
3.5375600920000028,518190
3.5385600920000027,518190
3.539560092000003,519692
3.5405600920000024,518190
3.5415600920000028,518190
3.5425600920000027,519692
3.5435600920000025,518190
3.544560092000003,518190
3.5455600920000028,519692
3.5465600920000027,518190
3.547560092000003,518190
3.5485600920000024,1103326
3.5495600920000028,530676
3.5505600920000027,518190
3.5515600920000026,896806
3.552560092000003,1034878
3.553560092000003,712280
3.5545600920000027,518190
3.555560092000003,519692
3.5565600920000024,518190
3.557560092000003,518190
3.5585600920000027,773092
3.5595600920000026,733170
3.560560092000003,518190
3.561560092000003,518190
3.5625600920000027,519692
3.563560092000003,518190
3.5645600920000025,518190
3.565560092000003,519692
3.5665600920000027,518190
3.5675600920000026,518190
3.568560092000003,519692
3.569560092000003,986570
3.5705600920000027,518190
3.571560092000003,518190
3.5725600920000025,519692
3.573560092000003,518190
3.5745600920000027,518190
3.5755600920000026,519692
3.576560092000003,518190
3.577560092000003,518190
3.5785600920000027,519692
3.579560092000003,518190
3.5805600920000025,808886
3.581560092000003,867696
3.5825600920000027,518190
3.5835600920000026,518190
3.584560092000003,518190
3.585560092000003,519692
3.5865600920000027,518190
3.587560092000003,518190
3.5885600920000025,519692
3.589560092000003,518190
3.5905600920000027,518190
3.5915600920000026,519692
3.592560092000003,518190
3.593560092000003,834490
3.5945600920000027,671772
3.595560092000003,518190
3.5965600920000025,518190
3.597560092000003,518190
3.5985600920000027,940688
3.5995600920000026,1488594
3.600560092000003,1197426
3.601560092000003,1048720
3.6025600920000027,1037882
3.603560092000003,1081980
3.6045600920000025,1418082
3.605560092000003,1037882
3.6065600920000027,1036380
3.6075600920000026,1036380
3.608560092000003,1039384
3.609560092000003,1036380
3.6105600920000027,1036380
3.611560092000003,1039384
3.6125600920000025,1036380
3.613560092000003,1036380
3.6145600920000027,1506262
3.6155600920000026,1037882
3.616560092000003,1036380
3.617560092000003,1037882
3.6185600920000027,1037882
3.619560092000003,1036380
3.6205600920000025,1036380
3.621560092000003,1039384
3.6225600920000027,1036380
3.6235600920000026,1036380
3.624560092000003,1144228
3.625560092000003,1463736
3.6265600920000027,1036380
3.627560092000003,1037882
3.6285600920000025,1037882
3.629560092000003,1036380
3.6305600920000027,1036380
3.6315600920000026,1039384
3.632560092000003,1036380
3.633560092000003,1036380
3.6345600920000027,1039384
3.635560092000003,1036380
3.6365600920000025,1462180
3.637560092000003,1037882
3.6385600920000027,1037882
3.6395600920000026,1036380
3.640560092000003,1036380
3.641560092000003,1039384
3.6425600920000027,1142780
3.643560092000003,1036380
3.6445600920000025,1039384
3.645560092000003,1036380
3.6465600920000028,1036380
3.6475600920000026,1463682
3.648560092000003,1037882
3.649560092000003,1036380
3.6505600920000028,1037882
3.651560092000003,1037882
3.6525600920000025,1047218
3.653560092000003,1036380
3.6545600920000028,862936
3.6555600920000026,518190
3.656560092000003,518190
3.657560092000003,519692
3.6585600920000028,518190
3.659560092000003,518190
3.6605600920000025,1096902
3.661560092000003,579680
3.6625600920000028,518190
3.6635600920000027,518190
3.664560092000003,519692
3.665560092000003,518190
3.6665600920000028,518190
3.667560092000003,519692
3.6685600920000025,518190
3.669560092000003,518190
3.6705600920000028,519692
3.6715600920000027,518190
3.672560092000003,518190
3.673560092000003,518190
3.6745600920000028,519692
3.675560092000003,741982
3.6765600920000026,805358
3.677560092000003,519692
3.678560092000003,518190
3.6795600920000027,518190
3.680560092000003,519692
3.681560092000003,518190
3.682560092000003,848742
3.683560092000003,1031874
3.6845600920000026,763348
3.685560092000003,518190
3.686560092000003,951554
3.6875600920000027,554708
3.688560092000003,518190
3.689560092000003,518190
3.690560092000003,519692
3.691560092000003,518190
3.6925600920000026,518190
3.693560092000003,519692
3.694560092000003,749610
3.6955600920000027,1025866
3.696560092000003,1187106
3.697560092000003,795692
3.698560092000003,518190
3.699560092000003,518190
3.7005600920000026,519692
3.701560092000003,518190
3.702560092000003,518190
3.7035600920000027,519692
3.704560092000003,518190
3.705560092000003,518190
3.706560092000003,709030
3.707560092000003,806298
3.7085600920000026,551704
3.709560092000003,518190
3.710560092000003,520936
3.7115600920000027,518190
3.712560092000003,518190
3.713560092000003,519692
3.714560092000003,518190
3.715560092000003,518190
3.7165600920000026,520936
3.717560092000003,518190
3.718560092000003,518190
3.7195600920000027,518190
3.720560092000003,1032208
3.721560092000003,559214
3.722560092000003,518190
3.723560092000003,519692
3.7245600920000026,518190
3.725560092000003,518190
3.726560092000003,519692
3.7275600920000027,518190
3.728560092000003,518190
3.729560092000003,528974
3.730560092000003,1115866
3.731560092000003,518190
3.7325600920000026,518190
3.733560092000003,519692
3.734560092000003,518190
3.7355600920000027,518190
3.736560092000003,519692
3.737560092000003,518190
3.738560092000003,518190
3.739560092000003,519692
3.7405600920000026,943990
3.741560092000003,518190
3.742560092000003,518190
3.7435600920000027,519692
3.744560092000003,518190
3.745560092000003,518190
3.746560092000003,519692
3.747560092000003,518190
3.7485600920000026,518190
3.749560092000003,519692
3.750560092000003,518190
3.7515600920000027,1071730
3.752560092000003,518190
3.753560092000003,519692
3.754560092000003,518190
3.755560092000003,518190
3.7565600920000026,519692
3.757560092000003,518190
3.758560092000003,518190
3.7595600920000027,519692
3.760560092000003,518190
3.761560092000003,1029150
3.762560092000003,519692
3.763560092000003,518190
3.7645600920000026,518190
3.765560092000003,518190
3.766560092000003,519692
3.7675600920000027,518190
3.768560092000003,518190
3.769560092000003,519692
3.770560092000003,518190
3.771560092000003,518190
3.7725600920000026,879966
3.773560092000003,583716
3.774560092000003,518190
3.7755600920000028,518190
3.776560092000003,519692
3.777560092000003,518190
3.778560092000003,518190
3.779560092000003,519692
3.7805600920000026,518190
3.781560092000003,518190
3.782560092000003,534824
3.7835600920000028,609458
3.784560092000003,1156890
3.785560092000003,519692
3.786560092000003,518190
3.787560092000003,518190
3.7885600920000027,518190
3.789560092000003,519692
3.790560092000003,518190
3.7915600920000028,518190
3.792560092000003,519692
3.793560092000003,518190
3.794560092000003,943990
3.795560092000003,519692
3.7965600920000027,518190
3.797560092000003,518190
3.798560092000003,518190
3.7995600920000028,519692
3.800560092000003,518190
3.801560092000003,518190
3.802560092000003,519692
3.8035600920000032,518190
3.8045600920000027,955698
3.805560092000003,635724
3.806560092000003,518190
3.807560092000003,518190
3.808560092000003,436368
3.809560092000003,0
3.810560092000003,0
3.8115600920000032,0
3.8125600920000027,0
3.813560092000003,0
3.814560092000003,0
3.815560092000003,0
3.816560092000003,0
3.817560092000003,468380
3.818560092000003,0
3.8195600920000032,0
3.8205600920000027,0
3.821560092000003,0
3.822560092000003,0
3.823560092000003,0
3.824560092000003,0
3.825560092000003,0
3.826560092000003,0
3.8275600920000032,425800
3.8285600920000027,0
3.829560092000003,0
3.830560092000003,0
3.831560092000003,0
3.832560092000003,0
3.833560092000003,0
3.834560092000003,0
3.8355600920000033,0
3.8365600920000027,0
3.837560092000003,0
3.838560092000003,596120
3.839560092000003,0
3.840560092000003,0
3.841560092000003,0
3.842560092000003,0
3.8435600920000033,0
3.8445600920000027,0
3.845560092000003,0
3.846560092000003,0
3.847560092000003,0
3.848560092000003,0
3.849560092000003,425800
3.850560092000003,0
3.8515600920000033,0
3.8525600920000027,0
3.853560092000003,0
3.854560092000003,0
3.855560092000003,0
3.856560092000003,0
3.857560092000003,0
3.858560092000003,0
3.8595600920000033,0
3.8605600920000027,0
3.861560092000003,62284
3.862560092000003,491256
3.863560092000003,0
3.864560092000003,0
3.865560092000003,0
3.866560092000003,0
3.8675600920000033,0
3.8685600920000027,0
3.869560092000003,0
3.870560092000003,0
3.871560092000003,0
3.872560092000003,54
3.873560092000003,553486
3.874560092000003,0
3.8755600920000033,0
3.8765600920000027,0
3.877560092000003,0
3.878560092000003,0
3.879560092000003,0
3.880560092000003,0
3.881560092000003,0
3.882560092000003,0
3.8835600920000033,0
3.8845600920000027,510960
3.885560092000003,0
3.886560092000003,0
3.887560092000003,0
3.888560092000003,0
3.889560092000003,0
3.890560092000003,0
3.8915600920000033,0
3.8925600920000027,0
3.893560092000003,0
3.894560092000003,507016
3.895560092000003,3944
3.896560092000003,0
3.897560092000003,0
3.898560092000003,0
3.8995600920000033,0
3.9005600920000028,0
3.901560092000003,10838
3.902560092000003,0
3.903560092000003,0
3.904560092000003,0
3.905560092000003,510960
3.906560092000003,0
3.9075600920000033,0
3.9085600920000028,0
3.909560092000003,0
3.910560092000003,0
3.911560092000003,0
3.912560092000003,0
3.913560092000003,0
3.914560092000003,0
3.9155600920000033,553540
3.9165600920000028,0
3.917560092000003,0
3.918560092000003,0
3.919560092000003,0
3.920560092000003,0
3.921560092000003,0
3.922560092000003,0
3.9235600920000033,0
3.9245600920000028,10838
3.925560092000003,0
3.926560092000003,468380
3.927560092000003,0
3.9285600920000032,0
3.929560092000003,0
3.930560092000003,0
3.9315600920000033,0
3.932560092000003,0
3.933560092000003,0
3.934560092000003,0
3.935560092000003,0
3.9365600920000032,468380
3.937560092000003,0
3.938560092000003,0
3.9395600920000033,0
3.940560092000003,0
3.941560092000003,0
3.942560092000003,0
3.943560092000003,0
3.9445600920000032,0
3.945560092000003,0
3.946560092000003,425800
3.9475600920000034,0
3.948560092000003,0
3.949560092000003,0
3.950560092000003,0
3.951560092000003,0
3.9525600920000032,0
3.953560092000003,0
3.954560092000003,0
3.9555600920000034,0
3.956560092000003,119468
3.957560092000003,519232
3.958560092000003,0
3.959560092000003,0
3.9605600920000033,0
3.961560092000003,106346
3.962560092000003,54
3.9635600920000034,212800
3.964560092000003,106400
3.965560092000003,0
3.966560092000003,57778
3.967560092000003,495762
3.9685600920000033,0
3.969560092000003,0
3.970560092000003,0
3.9715600920000034,0
3.972560092000003,0
3.973560092000003,0
3.974560092000003,0
3.975560092000003,0
3.9765600920000033,0
3.977560092000003,0
3.978560092000003,596120
3.9795600920000034,0
3.980560092000003,0
3.981560092000003,0
3.982560092000003,0
3.983560092000003,0
3.9845600920000033,0
3.985560092000003,0
3.986560092000003,0
3.9875600920000034,0
3.988560092000003,0
3.989560092000003,264492
3.990560092000003,289048
3.991560092000003,0
3.9925600920000033,0
3.993560092000003,0
3.994560092000003,363596
3.9955600920000034,515186
3.996560092000003,209110
3.997560092000003,0
3.998560092000003,0
3.9995600920000034,0
4.000560092000003,0
4.001560092000004,553540
4.002560092000003,0
4.003560092000003,0
4.004560092000003,0
4.005560092000003,0
4.006560092000003,0
4.007560092000003,0
4.008560092000003,0
4.009560092000003,0
4.010560092000003,0
4.011560092000003,596120
4.012560092000003,0
4.013560092000003,0
4.0145600920000035,0
4.015560092000003,10838
4.016560092000003,0
4.017560092000004,0
4.018560092000003,212746
4.019560092000003,10892
4.020560092000003,0
4.021560092000003,255950
4.022560092000003,235068
4.023560092000003,62522
4.024560092000003,0
4.025560092000003,0
4.026560092000003,0
4.027560092000003,0
4.028560092000003,0
4.029560092000003,0
4.0305600920000035,0
4.031560092000003,0
4.032560092000003,592646
4.033560092000004,3474
4.034560092000003,0
4.035560092000003,0
4.036560092000003,0
4.037560092000003,0
4.038560092000003,0
4.039560092000003,399644
4.040560092000003,518248
4.041560092000003,644744
4.042560092000003,943990
4.043560092000003,153648
4.044560092000003,458110
4.045560092000003,518190
4.0465600920000036,52902
4.047560092000003,0
4.048560092000003,0
4.049560092000004,0
4.050560092000003,0
4.051560092000003,0
4.052560092000003,0
4.053560092000003,0
4.054560092000003,529038
4.055560092000003,24502
4.056560092000003,0
4.057560092000003,0
4.058560092000003,0
4.0595600920000035,0
4.060560092000003,0
4.061560092000003,0
4.062560092000004,0
4.063560092000003,0
4.064560092000003,0
4.065560092000004,425800
4.066560092000003,0
4.0675600920000035,0
4.068560092000003,0
4.069560092000003,0
4.070560092000003,0
4.071560092000003,0
4.072560092000003,0
4.073560092000003,0
4.074560092000003,0
4.0755600920000035,553540
4.076560092000003,0
4.077560092000003,0
4.078560092000004,0
4.079560092000003,0
4.080560092000003,0
4.081560092000004,0
4.082560092000003,0
4.0835600920000035,0
4.084560092000003,0
4.085560092000003,0
4.086560092000003,0
4.087560092000003,399942
4.088560092000003,68438
4.089560092000003,0
4.090560092000003,0
4.0915600920000035,0
4.092560092000003,0
4.093560092000003,0
4.094560092000004,0
4.095560092000003,0
4.096560092000003,0
4.097560092000004,0
4.098560092000003,0
4.0995600920000035,553540
4.100560092000003,0
4.101560092000003,0
4.102560092000003,0
4.103560092000003,0
4.104560092000003,0
4.105560092000003,0
4.106560092000003,0
4.1075600920000035,0
4.108560092000003,0
4.109560092000003,553540
4.110560092000004,0
4.111560092000003,0
4.112560092000003,0
4.113560092000004,0
4.114560092000003,0
4.1155600920000035,0
4.116560092000003,0
4.117560092000003,0
4.118560092000003,0
4.119560092000003,638700
4.120560092000003,0
4.121560092000003,0
4.122560092000003,0
4.1235600920000035,1244
4.124560092000003,0
4.125560092000003,0
4.126560092000004,0
4.127560092000003,0
4.128560092000003,0
4.129560092000004,638700
4.130560092000003,0
4.1315600920000035,106400
4.132560092000003,0
4.133560092000003,0
4.134560092000003,0
4.135560092000003,0
4.136560092000003,0
4.137560092000003,0
4.138560092000003,0
4.1395600920000035,99726
4.140560092000003,368654
4.141560092000003,0
4.142560092000004,0
4.143560092000003,0
4.144560092000003,0
4.145560092000004,0
4.146560092000003,0
4.1475600920000035,0
4.148560092000003,0
4.149560092000003,0
4.150560092000003,409424
4.151560092000003,58956
4.152560092000003,0
4.153560092000003,0
4.154560092000003,106400
4.1555600920000035,0
4.156560092000003,0
4.157560092000003,0
4.158560092000004,0
4.159560092000003,0
4.160560092000003,0
4.161560092000004,0
4.162560092000003,0
4.1635600920000035,108
4.164560092000003,553432
4.165560092000003,0
4.166560092000003,0
4.167560092000003,0
4.168560092000003,0
4.169560092000003,0
4.170560092000003,0
4.1715600920000036,0
4.172560092000003,0
4.173560092000003,0
4.174560092000004,0
4.175560092000003,425800
4.176560092000003,0
4.177560092000004,0
4.178560092000003,0
4.179560092000004,0
4.180560092000003,0
4.181560092000003,0
4.182560092000003,0
4.183560092000003,0
4.1845600920000035,0
4.185560092000003,0
4.186560092000003,468380
4.187560092000004,0
4.188560092000003,0
4.189560092000003,0
4.190560092000004,0
4.191560092000003,0
4.1925600920000035,0
4.193560092000004,0
4.194560092000003,0
4.195560092000004,0
4.196560092000003,425800
4.197560092000003,0
4.198560092000003,0
4.199560092000003,0
4.2005600920000035,0
4.201560092000003,0
4.202560092000003,0
4.203560092000004,0
4.204560092000003,0
4.205560092000003,0
4.206560092000004,0
4.207560092000003,425800
4.2085600920000035,0
4.209560092000004,0
4.210560092000003,0
4.211560092000004,0
4.212560092000003,0
4.213560092000003,0
4.214560092000003,0
4.215560092000003,0
4.2165600920000035,0
4.217560092000003,0
4.218560092000003,468380
4.219560092000004,0
4.220560092000003,0
4.221560092000003,0
4.222560092000004,0
4.223560092000003,10838
4.2245600920000035,0
4.225560092000004,0
4.226560092000003,0
4.227560092000004,0
4.228560092000003,0
4.229560092000003,553540
4.230560092000003,0
4.231560092000003,0
4.2325600920000035,0
4.233560092000003,0
4.234560092000003,0
4.235560092000004,10838
4.236560092000003,0
4.237560092000003,0
4.238560092000004,0
4.239560092000003,0
4.2405600920000035,0
4.241560092000004,638700
4.242560092000003,0
4.243560092000004,0
4.244560092000003,0
4.245560092000003,0
4.246560092000003,0
4.247560092000003,0
4.2485600920000035,0
4.249560092000003,0
4.250560092000003,0
4.251560092000004,468380
4.252560092000003,0
4.253560092000003,0
4.254560092000004,0
4.255560092000003,0
4.2565600920000035,0
4.257560092000004,0
4.258560092000003,0
4.259560092000004,0
4.260560092000003,0
4.261560092000003,365904
4.262560092000003,59896
4.263560092000003,0
4.2645600920000035,308022
4.265560092000003,512182
4.266560092000003,267688
4.267560092000004,0
4.268560092000003,0
4.269560092000003,0
4.270560092000004,0
4.271560092000003,54
4.2725600920000035,659886
4.273560092000004,0
4.274560092000003,0
4.275560092000004,0
4.276560092000003,374110
4.277560092000003,516688
4.278560092000003,197094
4.279560092000003,0
4.2805600920000035,0
4.281560092000003,0
4.282560092000003,468380
4.283560092000004,0
4.284560092000003,0
4.285560092000003,0
4.286560092000004,10838
4.287560092000003,0
4.2885600920000035,0
4.289560092000004,0
4.290560092000003,0
4.291560092000004,0
4.292560092000003,0
4.293560092000003,553540
4.294560092000003,0
4.295560092000003,0
4.2965600920000036,0
4.297560092000003,0
4.298560092000003,0
4.299560092000004,0
4.300560092000003,0
4.301560092000003,0
4.302560092000004,0
4.303560092000003,0
4.304560092000004,11054
4.305560092000004,376726
4.306560092000003,38020
4.307560092000004,0
4.308560092000003,0
4.3095600920000035,106400
4.310560092000003,0
4.311560092000003,0
4.312560092000004,0
4.313560092000003,0
4.314560092000003,0
4.315560092000004,427356
4.316560092000003,41024
4.3175600920000035,0
4.318560092000004,0
4.319560092000003,0
4.320560092000004,0
4.321560092000004,0
4.322560092000003,0
4.323560092000004,0
4.324560092000003,0
4.3255600920000035,154214
4.326560092000003,271586
4.327560092000003,204384
4.328560092000004,506174
4.329560092000003,518190
4.330560092000003,518190
4.331560092000004,518190
4.332560092000003,519692
4.3335600920000035,518190
4.334560092000004,518190
4.335560092000003,660188
4.336560092000004,1016394
4.337560092000004,579884
4.338560092000003,564398
4.339560092000004,518190
4.340560092000003,518190
4.3415600920000035,519434
4.342560092000003,519692
4.343560092000003,529028
4.344560092000004,518190
4.345560092000003,519692
4.346560092000003,943990
4.347560092000004,518190
4.348560092000003,313316
4.3495600920000035,0
4.350560092000004,0
4.351560092000003,0
4.352560092000004,0
4.353560092000004,106400
4.354560092000003,0
4.355560092000004,0
4.356560092000003,553540
4.3575600920000035,0
4.358560092000003,0
4.359560092000003,0
4.360560092000004,0
4.361560092000003,0
4.362560092000003,1244
4.363560092000004,0
4.364560092000003,0
4.3655600920000035,0
4.366560092000004,48176
4.367560092000003,455106
4.368560092000004,518190
4.369560092000004,66420
4.370560092000003,0
4.371560092000004,638700
4.372560092000003,0
4.3735600920000035,0
4.374560092000003,0
4.375560092000003,0
4.376560092000004,0
4.377560092000003,0
4.378560092000003,0
4.379560092000004,0
4.380560092000003,0
4.3815600920000035,0
4.382560092000004,0
4.383560092000003,425800
4.384560092000004,0
4.385560092000004,0
4.386560092000003,0
4.387560092000004,0
4.388560092000003,0
4.3895600920000035,0
4.390560092000003,0
4.391560092000003,0
4.392560092000004,79718
4.393560092000003,580222
4.394560092000003,0
4.395560092000004,0
4.396560092000003,0
4.3975600920000035,0
4.398560092000004,0
4.399560092000003,0
4.400560092000004,0
4.401560092000004,0
4.402560092000003,16634
4.403560092000004,682356
4.404560092000003,652154
4.4055600920000035,162548
4.406560092000003,0
4.407560092000003,0
4.408560092000004,0
4.409560092000003,0
4.410560092000003,0
4.411560092000004,0
4.412560092000003,0
4.4135600920000035,0
4.414560092000004,0
4.415560092000003,638700
4.416560092000004,0
4.417560092000004,0
4.418560092000003,0
4.419560092000004,0
4.420560092000003,0
4.4215600920000036,0
4.422560092000003,0
4.423560092000003,0
4.424560092000004,0
4.425560092000003,401082
4.426560092000003,152458
4.427560092000004,0
4.428560092000003,0
4.429560092000004,0
4.430560092000004,0
4.431560092000003,0
4.432560092000004,0
4.433560092000004,0
4.4345600920000035,0
4.435560092000004,6170
4.436560092000003,419630
4.437560092000004,0
4.438560092000003,0
4.439560092000003,0
4.440560092000004,0
4.441560092000003,0
4.4425600920000035,0
4.443560092000004,0
4.444560092000003,0
4.445560092000004,0
4.446560092000004,596120
4.447560092000003,0
4.448560092000004,0
4.449560092000004,0
4.4505600920000035,0
4.451560092000004,0
4.452560092000003,0
4.453560092000004,0
4.454560092000003,0
4.455560092000003,0
4.456560092000004,0
4.457560092000003,0
4.4585600920000035,425800
4.459560092000004,0
4.460560092000003,0
4.461560092000004,0
4.462560092000004,0
4.463560092000003,10838
4.464560092000004,0
4.465560092000004,0
4.4665600920000035,0
4.467560092000004,0
4.468560092000003,510960
4.469560092000004,0
4.470560092000003,0
4.471560092000003,0
4.472560092000004,97742
4.473560092000003,500166
4.4745600920000035,489984
4.475560092000004,0
4.476560092000003,0
4.477560092000004,0
4.478560092000004,0
4.479560092000003,468380
4.480560092000004,0
4.481560092000004,0
4.4825600920000035,0
4.483560092000004,0
4.484560092000003,0
4.485560092000004,0
4.486560092000003,0
4.487560092000003,0
4.488560092000004,0
4.489560092000003,166834
4.4905600920000035,939484
4.491560092000004,518190
4.492560092000003,518190
4.493560092000004,519692
4.494560092000004,518190
4.495560092000003,518190
4.496560092000004,519692
4.497560092000004,518190
4.4985600920000035,518190
4.499560092000004,518190
4.500560092000004,519692
4.501560092000004,648118
4.502560092000003,984382
4.503560092000003,519692
4.504560092000004,518190
4.505560092000003,518190
4.5065600920000035,519692
4.507560092000004,518190
4.508560092000003,518190
4.509560092000004,519692
4.510560092000004,341854
4.511560092000003,0
4.512560092000004,553540
4.513560092000004,0
4.5145600920000035,0
4.515560092000003,0
4.516560092000004,0
4.517560092000004,0
4.518560092000003,0
4.519560092000003,0
4.520560092000004,0
4.521560092000003,0
4.5225600920000035,0
4.523560092000004,468380
4.524560092000003,0
4.525560092000004,0
4.526560092000004,0
4.527560092000003,0
4.528560092000004,453716
4.529560092000004,518190
4.5305600920000035,115986
4.531560092000003,286994
4.532560092000004,510680
4.533560092000004,296820
4.534560092000003,461778
4.535560092000003,0
4.536560092000004,0
4.537560092000003,0
4.5385600920000035,0
4.539560092000004,417668
4.540560092000003,516688
4.541560092000004,153536
4.542560092000004,0
4.543560092000003,0
4.544560092000004,425800
4.545560092000004,0
4.5465600920000036,0
4.547560092000003,0
4.548560092000004,0
4.549560092000004,0
4.550560092000003,0
4.551560092000003,0
4.552560092000004,0
4.553560092000003,10838
4.554560092000004,425800
4.555560092000004,0
4.556560092000003,0
4.557560092000004,0
4.558560092000004,0
4.5595600920000035,0
4.560560092000004,0
4.561560092000004,0
4.562560092000004,0
4.563560092000003,0
4.564560092000004,0
4.565560092000004,468380
4.566560092000003,0
4.5675600920000035,0
4.568560092000004,0
4.569560092000003,0
4.570560092000004,106400
4.571560092000004,0
4.572560092000003,0
4.573560092000004,0
4.574560092000004,0
4.5755600920000035,0
4.576560092000004,3112
4.577560092000004,422688
4.578560092000004,0
4.579560092000003,0
4.580560092000004,0
4.581560092000004,0
4.582560092000003,0
4.5835600920000035,0
4.584560092000004,0
4.585560092000003,0
4.586560092000004,0
4.587560092000004,0
4.588560092000003,500030
4.589560092000004,53510
4.590560092000004,0
4.5915600920000035,0
4.592560092000004,0
4.593560092000004,0
4.594560092000004,0
4.595560092000003,0
4.596560092000004,0
4.597560092000004,0
4.598560092000003,453522
4.5995600920000035,196016
4.600560092000004,0
4.601560092000003,0
4.602560092000004,0
4.603560092000004,235926
4.604560092000003,516688
4.605560092000004,518190
4.606560092000004,518190
4.6075600920000035,518190
4.608560092000004,519692
4.609560092000004,518190
4.610560092000004,986570
4.611560092000003,519692
4.612560092000004,518190
4.613560092000004,518190
4.614560092000003,519692
4.6155600920000035,518190
4.616560092000004,518190
4.617560092000003,518190
4.618560092000004,519692
4.619560092000004,518190
4.620560092000003,518190
4.621560092000004,519692
4.622560092000004,518190
4.6235600920000035,518190
4.624560092000004,588214
4.625560092000004,151426
4.626560092000004,0
4.627560092000003,0
4.628560092000004,0
4.629560092000004,0
4.630560092000003,0
4.6315600920000035,0
4.632560092000004,0
4.633560092000003,0
4.634560092000004,77520
4.635560092000004,401698
4.636560092000003,0
4.637560092000004,40666
4.638560092000004,65734
4.6395600920000035,0
4.640560092000004,0
4.641560092000004,0
4.642560092000004,0
4.643560092000003,0
4.644560092000004,10838
4.645560092000004,596120
4.646560092000003,0
4.6475600920000035,0
4.648560092000004,10784
4.649560092000003,54
4.650560092000004,49678
4.651560092000004,56722
4.652560092000003,0
4.653560092000004,0
4.654560092000004,0
4.6555600920000035,0
4.656560092000004,510960
4.657560092000004,0
4.658560092000004,0
4.659560092000003,0
4.660560092000004,0
4.661560092000004,0
4.662560092000003,0
4.6635600920000035,0
4.664560092000004,0
4.665560092000003,0
4.666560092000004,0
4.667560092000004,468380
4.668560092000003,0
4.669560092000004,0
4.670560092000004,0
4.6715600920000036,0
4.672560092000004,0
4.673560092000004,0
4.674560092000004,0
4.675560092000003,0
4.676560092000004,0
4.677560092000004,336334
4.678560092000003,89466
4.679560092000004,0
4.680560092000004,0
4.681560092000003,106400
4.682560092000004,0
4.683560092000004,174344
4.6845600920000035,513684
4.685560092000004,399864
4.686560092000004,0
4.687560092000004,12610
4.688560092000004,455770
4.689560092000004,0
4.690560092000004,106400
4.691560092000003,0
4.692560092000004,0
4.693560092000004,0
4.694560092000003,0
4.695560092000004,0
4.696560092000004,0
4.697560092000003,0
4.698560092000004,0
4.699560092000004,0
4.7005600920000035,0
4.701560092000004,596120
4.702560092000004,0
4.703560092000004,0
4.704560092000004,106400
4.705560092000004,0
4.706560092000004,0
4.707560092000003,0
4.708560092000004,0
4.709560092000004,0
4.710560092000003,0
4.711560092000004,510960
4.712560092000004,0
4.713560092000003,0
4.714560092000004,0
4.715560092000004,0
4.7165600920000035,10838
4.717560092000004,0
4.718560092000004,1244
4.719560092000004,0
4.720560092000004,0
4.721560092000004,0
4.722560092000004,468380
4.723560092000003,0
4.724560092000004,0
4.725560092000004,0
4.726560092000003,0
4.727560092000004,0
4.728560092000004,0
4.729560092000003,0
4.730560092000004,0
4.731560092000004,0
4.7325600920000035,0
4.733560092000004,425800
4.734560092000004,0
4.735560092000004,0
4.736560092000004,0
4.737560092000004,0
4.738560092000004,0
4.739560092000003,0
4.740560092000004,0
4.741560092000004,0
4.742560092000003,0
4.743560092000004,0
4.744560092000004,0
4.745560092000003,0
4.746560092000004,0
4.747560092000004,0
4.7485600920000035,0
4.749560092000004,553540
4.750560092000004,0
4.751560092000004,0
4.752560092000004,0
4.753560092000004,0
4.754560092000004,0
4.755560092000003,0
4.756560092000004,0
4.757560092000004,0
4.758560092000003,0
4.759560092000004,167370
4.760560092000004,343590
4.761560092000003,0
4.762560092000004,0
4.763560092000004,187862
4.7645600920000035,513684
4.765560092000004,386346
4.766560092000004,0
4.767560092000004,0
4.768560092000004,0
4.769560092000004,0
4.770560092000004,468380
4.771560092000003,0
4.772560092000004,0
4.773560092000004,0
4.774560092000003,0
4.775560092000004,0
4.776560092000004,10838
4.777560092000003,0
4.778560092000004,0
4.779560092000004,0
4.7805600920000035,468380
4.781560092000004,0
4.782560092000004,0
4.783560092000004,0
4.784560092000004,0
4.785560092000004,0
4.786560092000004,10838
4.787560092000003,0
4.788560092000004,0
4.789560092000004,0
4.790560092000003,0
4.791560092000004,0
4.792560092000004,468380
4.793560092000003,0
4.794560092000004,0
4.795560092000004,0
4.7965600920000036,0
4.797560092000004,0
4.798560092000004,0
4.799560092000004,10838
4.800560092000004,0
4.801560092000004,0
4.802560092000004,0
4.803560092000003,0
4.8045600920000044,0
4.805560092000004,468380
4.806560092000003,0
4.807560092000004,0
4.808560092000004,0
4.8095600920000035,0
4.810560092000004,0
4.811560092000004,0
4.812560092000004,0
4.813560092000004,0
4.814560092000004,0
4.815560092000004,0
4.816560092000004,0
4.817560092000004,468380
4.818560092000004,0
4.819560092000003,0
4.8205600920000045,0
4.821560092000004,0
4.822560092000003,0
4.823560092000004,0
4.824560092000004,0
4.8255600920000035,0
4.826560092000004,0
4.827560092000004,0
4.828560092000004,425800
4.829560092000004,0
4.830560092000004,0
4.831560092000004,0
4.832560092000004,0
4.833560092000004,0
4.834560092000004,0
4.835560092000003,0
4.8365600920000045,0
4.837560092000004,0
4.838560092000003,468380
4.839560092000004,0
4.840560092000004,0
4.8415600920000035,0
4.842560092000004,0
4.843560092000004,0
4.844560092000004,0
4.845560092000004,0
4.846560092000004,0
4.847560092000004,66200
4.848560092000004,461114
4.849560092000004,536754
4.850560092000004,926928
4.851560092000003,518190
4.8525600920000045,518190
4.853560092000004,519692
4.854560092000003,518190
4.855560092000004,518190
4.856560092000004,519692
4.8575600920000035,518190
4.858560092000004,518190
4.859560092000004,519692
4.860560092000004,986570
4.861560092000004,518190
4.862560092000004,519692
4.863560092000004,518190
4.864560092000004,518190
4.865560092000004,518190
4.866560092000004,519692
4.867560092000003,518190
4.8685600920000045,495004
4.869560092000004,54
4.870560092000003,551098
4.871560092000004,2442
4.872560092000004,0
4.8735600920000035,0
4.874560092000004,0
4.875560092000004,0
4.876560092000004,0
4.877560092000004,0
4.878560092000004,0
4.879560092000004,0
4.880560092000004,470698
4.881560092000004,125422
4.882560092000004,0
4.883560092000003,0
4.8845600920000045,106400
4.885560092000004,0
4.886560092000003,0
4.887560092000004,0
4.888560092000004,0
4.8895600920000035,0
4.890560092000004,0
4.891560092000004,143300
4.892560092000004,410240
4.893560092000004,0
4.894560092000004,0
4.895560092000004,0
4.896560092000004,0
4.897560092000004,0
4.898560092000004,15132
4.899560092000003,446094
4.9005600920000045,518190
4.901560092000004,518190
4.902560092000003,519692
4.903560092000004,988126
4.904560092000004,559214
4.9055600920000035,518190
4.906560092000004,519692
4.907560092000004,518190
4.908560092000004,518190
4.909560092000004,519692
4.910560092000004,518190
4.911560092000004,518190
4.912560092000004,519692
4.913560092000004,518190
4.914560092000004,943990
4.915560092000003,518190
4.9165600920000045,519692
4.917560092000004,518190
4.918560092000003,518190
4.919560092000004,519692
4.920560092000004,42956
4.9215600920000036,0
4.922560092000004,0
4.923560092000004,0
4.924560092000004,0
4.925560092000004,596120
4.926560092000004,1244
4.927560092000004,10838
4.928560092000004,0
4.9295600920000044,0
4.930560092000004,0
4.931560092000003,0
4.932560092000005,0
4.933560092000004,0
4.9345600920000035,0
4.935560092000004,0
4.936560092000004,0
4.937560092000004,0
4.938560092000004,468380
4.939560092000004,0
4.940560092000004,0
4.941560092000004,0
4.942560092000004,0
4.943560092000004,0
4.944560092000004,0
4.9455600920000045,0
4.946560092000004,0
4.947560092000003,0
4.948560092000005,0
4.949560092000004,468380
4.9505600920000035,0
4.951560092000004,0
4.952560092000004,0
4.953560092000004,0
4.954560092000004,0
4.955560092000004,0
4.956560092000004,0
4.957560092000004,0
4.958560092000004,0
4.959560092000004,0
4.960560092000004,0
4.9615600920000045,638700
4.962560092000004,0
4.963560092000003,0
4.964560092000005,0
4.965560092000004,0
4.9665600920000035,0
4.967560092000004,0
4.968560092000004,0
4.969560092000004,0
4.970560092000004,0
4.971560092000004,596120
4.972560092000004,0
4.973560092000004,0
4.974560092000004,0
4.975560092000004,0
4.976560092000004,0
4.9775600920000045,0
4.978560092000004,0
4.979560092000003,0
4.980560092000005,0
4.981560092000004,510960
4.9825600920000035,0
4.983560092000004,0
4.984560092000004,0
4.985560092000004,0
4.986560092000004,0
4.987560092000004,0
4.988560092000004,0
4.989560092000004,106400
4.990560092000004,0
4.991560092000004,0
4.992560092000004,596120
4.9935600920000045,0
4.994560092000004,0
4.995560092000003,0
4.996560092000005,0
4.997560092000004,0
4.9985600920000035,0
4.999560092000004,0
5.000560092000004,0
5.001560092000004,0
5.002560092000004,468380
5.003560092000004,0
5.004560092000004,0
5.005560092000004,0
5.006560092000004,0
5.007560092000004,0
5.008560092000004,0
5.0095600920000045,0
5.010560092000004,0
5.011560092000003,0
5.012560092000005,0
5.013560092000004,684850
5.0145600920000035,17670
5.015560092000004,0
5.016560092000004,0
5.017560092000004,0
5.018560092000004,0
5.019560092000004,0
5.020560092000004,0
5.021560092000004,0
5.022560092000004,0
5.023560092000004,4614
5.024560092000004,591506
5.0255600920000045,0
5.026560092000004,0
5.027560092000003,0
5.028560092000005,0
5.029560092000004,0
5.0305600920000035,0
5.031560092000004,0
5.032560092000004,0
5.033560092000004,0
5.034560092000004,510960
5.035560092000004,0
5.036560092000004,0
5.037560092000004,0
5.038560092000004,0
5.039560092000004,0
5.040560092000004,0
5.0415600920000045,0
5.042560092000004,0
5.043560092000003,0
5.044560092000005,1352
5.045560092000004,468272
5.0465600920000036,0
5.047560092000004,0
5.048560092000004,0
5.049560092000004,0
5.050560092000004,0
5.051560092000004,0
5.052560092000004,0
5.053560092000004,0
5.0545600920000044,0
5.055560092000004,131322
5.056560092000004,486038
5.057560092000005,0
5.058560092000004,0
5.0595600920000035,0
5.060560092000005,0
5.061560092000004,10838
5.062560092000004,0
5.063560092000004,0
5.064560092000004,0
5.065560092000004,188560
5.066560092000004,450140
5.067560092000004,0
5.068560092000004,0
5.069560092000004,0
5.0705600920000045,0
5.071560092000004,0
5.072560092000004,0
5.073560092000005,0
5.074560092000004,0
5.0755600920000035,0
5.076560092000005,638700
5.077560092000004,0
5.078560092000004,0
5.079560092000004,0
5.080560092000004,0
5.081560092000004,0
5.082560092000004,0
5.083560092000004,0
5.084560092000004,0
5.085560092000004,0
5.0865600920000045,0
5.087560092000004,468380
5.088560092000004,0
5.089560092000005,0
5.090560092000004,0
5.0915600920000035,0
5.092560092000005,0
5.093560092000004,0
5.094560092000004,0
5.095560092000004,0
5.096560092000004,0
5.097560092000004,0
5.098560092000004,0
5.099560092000004,468380
5.100560092000004,0
5.101560092000004,0
5.1025600920000045,0
5.103560092000004,0
5.104560092000004,0
5.105560092000005,0
5.106560092000004,0
5.1075600920000035,0
5.108560092000005,0
5.109560092000004,0
5.110560092000004,0
5.111560092000004,0
5.112560092000004,0
5.113560092000004,553540
5.114560092000004,0
5.115560092000004,0
5.116560092000004,0
5.117560092000004,0
5.1185600920000045,0
5.119560092000004,0
5.120560092000004,0
5.121560092000005,0
5.122560092000004,0
5.1235600920000035,0
5.124560092000005,553540
5.125560092000004,0
5.126560092000004,0
5.127560092000004,0
5.128560092000004,0
5.129560092000004,0
5.130560092000004,0
5.131560092000004,0
5.132560092000004,0
5.133560092000004,10838
5.1345600920000045,468380
5.135560092000004,0
5.136560092000004,0
5.137560092000005,0
5.138560092000004,0
5.1395600920000035,0
5.140560092000005,0
5.141560092000004,0
5.142560092000004,0
5.143560092000004,0
5.144560092000004,0
5.145560092000004,102730
5.146560092000004,365650
5.147560092000004,0
5.148560092000004,0
5.149560092000004,0
5.1505600920000045,0
5.151560092000004,0
5.152560092000004,0
5.153560092000005,0
5.154560092000004,0
5.1555600920000035,0
5.156560092000005,425800
5.157560092000004,0
5.158560092000004,0
5.159560092000004,0
5.160560092000004,0
5.161560092000004,0
5.162560092000004,0
5.163560092000004,0
5.164560092000004,0
5.165560092000004,0
5.1665600920000045,333114
5.167560092000004,220426
5.168560092000004,0
5.169560092000005,0
5.170560092000004,0
5.1715600920000036,0
5.172560092000005,0
5.173560092000004,488262
5.174560092000004,518190
5.175560092000004,81440
5.176560092000004,0
5.177560092000004,58
5.178560092000004,106342
5.1795600920000044,0
5.180560092000004,0
5.181560092000004,468380
5.182560092000005,0
5.183560092000004,0
5.184560092000004,0
5.185560092000005,0
5.186560092000004,0
5.187560092000004,0
5.188560092000005,0
5.189560092000004,0
5.190560092000004,0
5.191560092000004,510960
5.192560092000004,0
5.193560092000004,0
5.194560092000004,0
5.1955600920000045,0
5.196560092000004,0
5.197560092000004,10838
5.198560092000005,0
5.199560092000004,0
5.200560092000004,0
5.201560092000005,638700
5.202560092000004,0
5.203560092000004,0
5.204560092000005,0
5.205560092000004,0
5.206560092000004,0
5.207560092000004,0
5.208560092000004,0
5.209560092000004,0
5.210560092000004,0
5.2115600920000045,0
5.212560092000004,468380
5.213560092000004,0
5.214560092000005,0
5.215560092000004,0
5.216560092000004,0
5.217560092000005,0
5.218560092000004,0
5.219560092000004,0
5.220560092000005,0
5.221560092000004,0
5.222560092000004,0
5.223560092000004,638700
5.224560092000004,377114
5.225560092000004,515186
5.226560092000004,195592
5.2275600920000045,0
5.228560092000004,0
5.229560092000004,196874
5.230560092000005,504672
5.231560092000004,386346
5.232560092000004,0
5.233560092000005,425800
5.234560092000004,0
5.235560092000004,0
5.236560092000005,0
5.237560092000004,0
5.238560092000004,0
5.239560092000004,0
5.240560092000004,0
5.241560092000004,0
5.242560092000004,0
5.2435600920000045,0
5.244560092000004,553540
5.245560092000004,0
5.246560092000005,0
5.247560092000004,0
5.248560092000004,0
5.249560092000005,0
5.250560092000004,0
5.251560092000004,0
5.252560092000005,0
5.253560092000004,0
5.254560092000004,0
5.255560092000004,0
5.256560092000004,510960
5.257560092000004,0
5.258560092000004,0
5.2595600920000045,0
5.260560092000004,0
5.261560092000004,0
5.262560092000005,0
5.263560092000004,0
5.264560092000004,0
5.265560092000005,0
5.266560092000004,468380
5.267560092000004,58
5.268560092000005,477690
5.269560092000004,518190
5.270560092000004,102792
5.271560092000004,0
5.272560092000004,0
5.273560092000004,106400
5.274560092000004,0
5.2755600920000045,148810
5.276560092000004,498664
5.277560092000004,1100358
5.278560092000005,0
5.279560092000004,0
5.280560092000004,0
5.281560092000005,0
5.282560092000004,0
5.283560092000004,0
5.284560092000005,0
5.285560092000004,0
5.286560092000004,0
5.287560092000004,0
5.288560092000004,0
5.289560092000004,0
5.290560092000004,425800
5.2915600920000045,0
5.292560092000004,0
5.293560092000004,0
5.294560092000005,0
5.295560092000004,0
5.296560092000004,347074
5.297560092000005,513684
5.298560092000004,519692
5.299560092000004,518190
5.300560092000005,1156890
5.301560092000004,519692
5.302560092000004,518190
5.303560092000004,519434
5.3045600920000044,529028
5.305560092000004,519692
5.306560092000004,518190
5.307560092000005,518190
5.308560092000004,519692
5.309560092000004,518190
5.310560092000005,846128
5.311560092000004,660134
5.3125600920000045,518190
5.313560092000005,518190
5.314560092000004,519692
5.315560092000004,518190
5.316560092000005,518190
5.317560092000004,161614
5.318560092000004,0
5.319560092000004,0
5.3205600920000045,0
5.321560092000004,0
5.322560092000004,468380
5.323560092000005,0
5.324560092000004,0
5.325560092000004,0
5.326560092000005,0
5.327560092000004,0
5.3285600920000045,0
5.329560092000005,0
5.330560092000004,0
5.331560092000004,10838
5.332560092000005,0
5.333560092000004,0
5.334560092000004,0
5.335560092000004,376152
5.3365600920000045,869852
5.337560092000004,267688
5.338560092000004,0
5.339560092000005,0
5.340560092000004,0
5.341560092000004,0
5.342560092000005,0
5.343560092000004,0
5.3445600920000045,0
5.345560092000005,0
5.346560092000004,0
5.347560092000004,468380
5.348560092000005,0
5.349560092000004,0
5.350560092000004,0
5.351560092000004,0
5.3525600920000045,0
5.353560092000004,0
5.354560092000004,0
5.355560092000005,0
5.356560092000004,0
5.357560092000004,0
5.358560092000005,0
5.359560092000004,510960
5.3605600920000045,0
5.361560092000005,0
5.362560092000004,0
5.363560092000004,0
5.364560092000005,0
5.365560092000004,0
5.366560092000004,106346
5.367560092000004,54
5.3685600920000045,0
5.369560092000004,510960
5.370560092000004,0
5.371560092000005,0
5.372560092000004,0
5.373560092000004,0
5.374560092000005,0
5.375560092000004,0
5.3765600920000045,0
5.377560092000005,0
5.378560092000004,0
5.379560092000004,0
5.380560092000005,553540
5.381560092000004,0
5.382560092000004,0
5.383560092000004,0
5.3845600920000045,0
5.385560092000004,106400
5.386560092000004,0
5.387560092000005,0
5.388560092000004,0
5.389560092000004,0
5.390560092000005,3706
5.391560092000004,549834
5.3925600920000045,0
5.393560092000005,0
5.394560092000004,0
5.395560092000004,0
5.396560092000005,0
5.397560092000004,0
5.398560092000004,0
5.399560092000004,0
5.4005600920000045,0
5.401560092000004,0
5.402560092000004,479218
5.403560092000005,0
5.404560092000004,0
5.405560092000004,0
5.406560092000005,0
5.407560092000004,0
5.4085600920000045,0
5.409560092000005,0
5.410560092000004,0
5.411560092000004,0
5.412560092000005,579690
5.413560092000004,16430
5.414560092000004,0
5.415560092000004,0
5.4165600920000045,0
5.417560092000004,0
5.418560092000004,0
5.419560092000005,0
5.420560092000004,0
5.421560092000004,0
5.422560092000005,0
5.423560092000004,308012
5.4245600920000046,288108
5.425560092000005,0
5.426560092000004,0
5.427560092000004,0
5.428560092000005,0
5.4295600920000044,0
5.430560092000004,0
5.431560092000004,0
5.432560092000005,0
5.433560092000004,263298
5.434560092000004,162502
5.435560092000005,0
5.436560092000004,0
5.4375600920000045,0
5.438560092000005,0
5.439560092000004,0
5.440560092000005,0
5.441560092000005,0
5.442560092000004,0
5.443560092000004,0
5.444560092000005,0
5.4455600920000045,0
5.446560092000004,0
5.447560092000004,0
5.448560092000005,427356
5.449560092000004,41024
5.450560092000004,0
5.451560092000005,0
5.452560092000004,0
5.4535600920000045,0
5.454560092000005,0
5.455560092000004,0
5.456560092000005,0
5.457560092000005,0
5.458560092000004,596120
5.459560092000004,0
5.460560092000005,0
5.4615600920000045,0
5.462560092000004,0
5.463560092000004,0
5.464560092000005,0
5.465560092000004,0
5.466560092000004,0
5.467560092000005,0
5.468560092000004,0
5.4695600920000045,596120
5.470560092000005,0
5.471560092000004,0
5.472560092000005,0
5.473560092000005,0
5.474560092000004,0
5.475560092000004,0
5.476560092000005,0
5.4775600920000045,0
5.478560092000004,0
5.479560092000004,54
5.480560092000005,553486
5.481560092000004,0
5.482560092000004,0
5.483560092000005,0
5.484560092000004,0
5.4855600920000045,0
5.486560092000005,0
5.487560092000004,0
5.488560092000005,0
5.489560092000005,0
5.490560092000004,0
5.491560092000004,0
5.492560092000005,0
5.4935600920000045,0
5.494560092000004,87710
5.495560092000004,380670
5.496560092000005,0
5.497560092000004,0
5.498560092000004,0
5.499560092000005,0
5.500560092000004,0
5.5015600920000045,106400
5.502560092000005,0
5.503560092000004,0
5.504560092000005,0
5.505560092000005,436460
5.506560092000004,31920
5.507560092000004,0
5.508560092000005,0
5.5095600920000045,0
5.510560092000004,0
5.511560092000004,10838
5.512560092000005,0
5.513560092000004,0
5.514560092000004,0
5.515560092000005,0
5.516560092000004,468380
5.5175600920000045,10838
5.518560092000005,0
5.519560092000004,0
5.520560092000005,0
5.521560092000005,0
5.522560092000004,0
5.523560092000004,0
5.524560092000005,0
5.5255600920000045,0
5.526560092000004,591198
5.527560092000004,47502
5.528560092000005,0
5.529560092000004,0
5.530560092000004,0
5.531560092000005,0
5.532560092000004,0
5.5335600920000045,0
5.534560092000005,0
5.535560092000004,0
5.536560092000005,106400
5.537560092000005,512516
5.538560092000004,41024
5.539560092000004,0
5.540560092000005,0
5.5415600920000045,0
5.542560092000004,0
5.543560092000004,0
5.544560092000005,0
5.545560092000004,0
5.546560092000004,0
5.547560092000005,0
5.548560092000004,399796
5.5495600920000046,26004
5.550560092000005,0
5.551560092000004,106400
5.552560092000005,0
5.553560092000005,0
5.5545600920000044,0
5.555560092000004,0
5.556560092000005,0
5.557560092000005,0
5.558560092000004,468380
5.559560092000004,0
5.560560092000005,0
5.561560092000004,0
5.5625600920000045,0
5.563560092000005,0
5.564560092000004,0
5.565560092000005,0
5.566560092000005,0
5.567560092000004,0
5.568560092000005,0
5.569560092000005,425800
5.5705600920000045,18136
5.571560092000004,426568
5.572560092000005,518190
5.573560092000005,124998
5.574560092000004,0
5.575560092000004,0
5.576560092000005,0
5.577560092000004,10838
5.5785600920000045,106400
5.579560092000005,0
5.580560092000004,0
5.581560092000005,0
5.582560092000005,0
5.583560092000004,425800
5.584560092000005,0
5.585560092000005,0
5.5865600920000045,0
5.587560092000004,0
5.588560092000005,0
5.589560092000005,0
5.590560092000004,0
5.591560092000004,0
5.592560092000005,408656
5.593560092000004,516688
5.5945600920000045,588348
5.595560092000005,0
5.596560092000004,0
5.597560092000005,0
5.598560092000005,0
5.599560092000004,0
5.600560092000005,0
5.601560092000005,0
5.6025600920000045,308022
5.603560092000004,510680
5.604560092000005,694990
5.605560092000005,0
5.606560092000004,0
5.607560092000004,0
5.608560092000005,0
5.609560092000004,0
5.6105600920000045,0
5.611560092000005,0
5.612560092000004,0
5.613560092000005,0
5.614560092000005,83150
5.615560092000004,342650
5.616560092000005,0
5.617560092000005,0
5.6185600920000045,0
5.619560092000004,0
5.620560092000005,0
5.621560092000005,0
5.622560092000004,0
5.623560092000004,0
5.624560092000005,0
5.625560092000004,0
5.6265600920000045,425800
5.627560092000005,0
5.628560092000004,0
5.629560092000005,0
5.630560092000005,0
5.631560092000004,0
5.632560092000005,0
5.633560092000005,0
5.6345600920000045,0
5.635560092000004,0
5.636560092000005,468380
5.637560092000005,0
5.638560092000004,0
5.639560092000004,0
5.640560092000005,0
5.641560092000004,0
5.6425600920000045,0
5.643560092000005,0
5.644560092000004,0
5.645560092000005,0
5.646560092000005,0
5.647560092000004,638700
5.648560092000005,0
5.649560092000005,0
5.6505600920000045,0
5.651560092000004,0
5.652560092000005,0
5.653560092000005,0
5.654560092000004,0
5.655560092000004,0
5.656560092000005,0
5.657560092000004,0
5.6585600920000045,553540
5.659560092000005,0
5.660560092000004,0
5.661560092000005,0
5.662560092000005,0
5.663560092000004,0
5.664560092000005,0
5.665560092000005,0
5.6665600920000045,0
5.667560092000004,0
5.668560092000005,510960
5.669560092000005,0
5.670560092000004,0
5.671560092000004,0
5.672560092000005,0
5.673560092000004,0
5.6745600920000046,0
5.675560092000005,0
5.676560092000004,0
5.677560092000005,0
5.678560092000005,1244
5.6795600920000044,468380
5.680560092000005,0
5.681560092000005,0
5.682560092000005,0
5.683560092000004,0
5.684560092000005,0
5.685560092000005,48176
5.686560092000004,470126
5.6875600920000045,518190
5.688560092000005,51400
5.689560092000004,0
5.690560092000005,510960
5.691560092000005,0
5.692560092000004,0
5.693560092000005,0
5.694560092000005,0
5.6955600920000045,0
5.696560092000005,10838
5.697560092000005,0
5.698560092000005,0
5.699560092000004,0
5.700560092000005,0
5.701560092000005,468380
5.702560092000004,0
5.7035600920000045,0
5.704560092000005,0
5.705560092000004,0
5.706560092000005,0
5.707560092000005,0
5.708560092000004,10838
5.709560092000005,0
5.710560092000005,0
5.7115600920000045,0
5.712560092000005,596120
5.713560092000005,0
5.714560092000005,0
5.715560092000004,0
5.716560092000005,0
5.717560092000005,0
5.718560092000004,0
5.7195600920000045,0
5.720560092000005,106400
5.721560092000004,0
5.722560092000005,106400
5.723560092000005,353958
5.724560092000004,199582
5.725560092000005,0
5.726560092000005,0
5.7275600920000045,0
5.728560092000005,0
5.729560092000005,0
5.730560092000005,0
5.731560092000004,0
5.732560092000005,0
5.733560092000005,0
5.734560092000004,714420
5.7355600920000045,542692
5.736560092000005,426900
5.737560092000004,0
5.738560092000005,0
5.739560092000005,0
5.740560092000004,0
5.741560092000005,0
5.742560092000005,0
5.7435600920000045,0
5.744560092000005,0
5.745560092000005,468380
5.746560092000005,0
5.747560092000004,0
5.748560092000005,0
5.749560092000005,0
5.750560092000004,0
5.7515600920000045,0
5.752560092000005,0
5.753560092000004,0
5.754560092000005,106400
5.755560092000005,0
5.756560092000004,553540
5.757560092000005,0
5.758560092000005,0
5.7595600920000045,0
5.760560092000005,0
5.761560092000005,0
5.762560092000005,0
5.763560092000004,0
5.764560092000005,0
5.765560092000005,0
5.766560092000004,0
5.7675600920000045,510960
5.768560092000005,0
5.769560092000004,0
5.770560092000005,0
5.771560092000005,0
5.772560092000004,0
5.773560092000005,0
5.774560092000005,106400
5.7755600920000045,0
5.776560092000005,0
5.777560092000005,638700
5.778560092000005,0
5.779560092000004,0
5.780560092000005,0
5.781560092000005,0
5.782560092000004,0
5.7835600920000045,0
5.784560092000005,0
5.785560092000004,0
5.786560092000005,0
5.787560092000005,0
5.788560092000004,261704
5.789560092000005,164096
5.790560092000005,0
5.7915600920000045,0
5.792560092000005,0
5.793560092000005,0
5.794560092000005,0
5.795560092000004,0
5.796560092000005,0
5.797560092000005,0
5.798560092000004,515628
5.7995600920000046,122602
5.800560092000005,470
5.801560092000004,0
5.802560092000005,0
5.803560092000005,0
5.8045600920000044,0
5.805560092000005,0
5.806560092000005,0
5.807560092000005,0
5.808560092000005,0
5.809560092000005,321540
5.810560092000005,1065722
5.811560092000004,254170
5.812560092000005,0
5.813560092000005,0
5.814560092000004,0
5.815560092000005,0
5.816560092000005,0
5.817560092000004,0
5.818560092000005,0
5.819560092000005,0
5.8205600920000045,510960
5.821560092000005,0
5.822560092000005,0
5.823560092000005,0
5.824560092000005,0
5.825560092000005,0
5.826560092000005,0
5.827560092000004,0
5.828560092000005,0
5.829560092000005,0
5.830560092000004,0
5.831560092000005,0
5.832560092000005,468380
5.833560092000004,0
5.834560092000005,0
5.835560092000005,0
5.8365600920000045,0
5.837560092000005,0
5.838560092000005,0
5.839560092000005,401146
5.840560092000005,516688
5.841560092000005,170058
5.842560092000005,0
5.843560092000004,510960
5.844560092000005,0
5.845560092000005,0
5.846560092000004,0
5.847560092000005,0
5.848560092000005,0
5.849560092000004,0
5.850560092000005,0
5.851560092000005,0
5.8525600920000045,0
5.853560092000005,0
5.854560092000005,0
5.855560092000005,0
5.856560092000005,468380
5.857560092000005,0
5.858560092000005,0
5.859560092000004,0
5.860560092000005,10838
5.861560092000005,0
5.862560092000004,0
5.863560092000005,0
5.864560092000005,0
5.865560092000004,0
5.866560092000005,468380
5.867560092000005,0
5.8685600920000045,0
5.869560092000005,0
5.870560092000005,0
5.871560092000005,0
5.872560092000005,0
5.873560092000005,0
5.874560092000005,0
5.875560092000004,0
5.876560092000005,0
5.877560092000005,596120
5.878560092000004,0
5.879560092000005,0
5.880560092000005,0
5.881560092000004,0
5.882560092000005,0
5.883560092000005,0
5.8845600920000045,0
5.885560092000005,0
5.886560092000005,0
5.887560092000005,0
5.888560092000005,425800
5.889560092000005,0
5.890560092000005,0
5.891560092000004,0
5.892560092000005,0
5.893560092000005,0
5.894560092000004,0
5.895560092000005,0
5.896560092000005,0
5.897560092000004,0
5.898560092000005,0
5.899560092000005,596120
5.9005600920000045,0
5.901560092000005,15132
5.902560092000005,461114
5.903560092000005,519692
5.904560092000005,518190
5.905560092000005,518190
5.906560092000005,519692
5.907560092000004,518190
5.908560092000005,518190
5.909560092000005,519692
5.910560092000004,1029150
5.911560092000005,518190
5.912560092000005,519692
5.913560092000004,518190
5.914560092000005,518190
5.915560092000005,518190
5.9165600920000045,519692
5.917560092000005,624590
5.918560092000005,518190
5.919560092000005,519692
5.920560092000005,518190
5.921560092000005,740426
5.922560092000005,765836
5.923560092000004,26434
5.924560092000005,0
5.925560092000005,0
5.926560092000004,0
5.927560092000005,0
5.928560092000005,0
5.9295600920000044,0
5.930560092000005,0
5.931560092000005,0
5.932560092000005,555096
5.933560092000005,41024
5.934560092000005,0
5.935560092000005,0
5.936560092000005,0
5.937560092000005,0
5.938560092000005,0
5.939560092000004,0
5.9405600920000055,0
5.941560092000005,0
5.942560092000004,0
5.943560092000005,468380
5.944560092000005,0
5.9455600920000045,0
5.946560092000005,0
5.947560092000005,0
5.948560092000005,0
5.949560092000005,0
5.950560092000005,0
5.951560092000005,106400
5.952560092000005,0
5.953560092000005,0
5.954560092000005,0
5.955560092000004,510960
5.9565600920000055,0
5.957560092000005,0
5.958560092000004,0
5.959560092000005,0
5.960560092000005,0
5.9615600920000045,0
5.962560092000005,0
5.963560092000005,0
5.964560092000005,0
5.965560092000005,0
5.966560092000005,553540
5.967560092000005,1244
5.968560092000005,0
5.969560092000005,0
5.970560092000005,0
5.971560092000004,0
5.9725600920000055,37662
5.973560092000005,501668
5.974560092000004,518190
5.975560092000005,519692
5.976560092000005,518190
5.9775600920000045,518190
5.978560092000005,1121874
5.979560092000005,554708
5.980560092000005,518190
5.981560092000005,519692
5.982560092000005,518190
5.983560092000005,518190
5.984560092000005,518190
5.985560092000005,519692
5.986560092000005,518190
5.987560092000004,518190
5.9885600920000055,519692
5.989560092000005,1156890
5.990560092000004,518190
5.991560092000005,519692
5.992560092000005,518190
5.9935600920000045,483042
5.994560092000005,0
5.995560092000005,0
5.996560092000005,0
5.997560092000005,0
5.998560092000005,0
5.999560092000005,0
6.000560092000005,510960
6.001560092000005,0
6.002560092000005,0
6.003560092000004,0
6.0045600920000055,0
6.005560092000005,0
6.006560092000004,0
6.007560092000005,0
6.008560092000005,0
6.0095600920000045,0
6.010560092000005,468380
6.011560092000005,0
6.012560092000005,0
6.013560092000005,0
6.014560092000005,0
6.015560092000005,0
6.016560092000005,0
6.017560092000005,0
6.018560092000005,0
6.019560092000004,0
6.0205600920000055,596120
6.021560092000005,0
6.022560092000004,0
6.023560092000005,0
6.024560092000005,0
6.0255600920000045,0
6.026560092000005,0
6.027560092000005,0
6.028560092000005,0
6.029560092000005,0
6.030560092000005,0
6.031560092000005,0
6.032560092000005,510960
6.033560092000005,0
6.034560092000005,0
6.035560092000004,10838
6.0365600920000055,0
6.037560092000005,0
6.038560092000004,0
6.039560092000005,0
6.040560092000005,0
6.0415600920000045,0
6.042560092000005,510960
6.043560092000005,0
6.044560092000005,10838
6.045560092000005,0
6.046560092000005,0
6.047560092000005,0
6.048560092000005,0
6.049560092000005,0
6.050560092000005,0
6.051560092000004,0
6.0525600920000056,0
6.053560092000005,53272
6.0545600920000044,500268
6.055560092000005,0
6.056560092000005,0
6.057560092000005,0
6.058560092000005,0
6.059560092000005,0
6.060560092000005,0
6.061560092000005,0
6.062560092000005,0
6.063560092000005,0
6.064560092000005,553540
6.0655600920000055,0
6.066560092000005,0
6.067560092000004,0
6.068560092000006,0
6.069560092000005,0
6.0705600920000045,0
6.071560092000005,0
6.072560092000005,0
6.073560092000005,0
6.074560092000005,0
6.075560092000005,468380
6.076560092000005,0
6.077560092000005,0
6.078560092000005,0
6.079560092000005,0
6.080560092000005,0
6.0815600920000055,0
6.082560092000005,0
6.083560092000004,0
6.084560092000006,0
6.085560092000005,468380
6.0865600920000045,0
6.087560092000005,0
6.088560092000005,0
6.089560092000005,0
6.090560092000005,0
6.091560092000005,0
6.092560092000005,0
6.093560092000005,0
6.094560092000005,0
6.095560092000005,0
6.096560092000005,596120
6.0975600920000055,0
6.098560092000005,0
6.099560092000004,0
6.100560092000006,0
6.101560092000005,0
6.1025600920000045,0
6.103560092000005,0
6.104560092000005,0
6.105560092000005,0
6.106560092000005,0
6.107560092000005,468380
6.108560092000005,0
6.109560092000005,0
6.110560092000005,0
6.111560092000005,0
6.112560092000005,0
6.1135600920000055,0
6.114560092000005,0
6.115560092000004,0
6.116560092000006,0
6.117560092000005,0
6.1185600920000045,596120
6.119560092000005,0
6.120560092000005,0
6.121560092000005,0
6.122560092000005,0
6.123560092000005,0
6.124560092000005,0
6.125560092000005,0
6.126560092000005,0
6.127560092000005,0
6.128560092000005,0
6.1295600920000055,0
6.130560092000005,0
6.131560092000004,0
6.132560092000006,103670
6.133560092000005,364710
6.1345600920000045,0
6.135560092000005,0
6.136560092000005,0
6.137560092000005,0
6.138560092000005,0
6.139560092000005,0
6.140560092000005,0
6.141560092000005,0
6.142560092000005,0
6.143560092000005,304284
6.144560092000005,164096
6.1455600920000055,0
6.146560092000005,0
6.147560092000004,0
6.148560092000006,0
6.149560092000005,0
6.1505600920000045,0
6.151560092000005,0
6.152560092000005,0
6.153560092000005,0
6.154560092000005,21676
6.155560092000005,879916
6.156560092000005,516688
6.157560092000005,191410
6.158560092000005,0
6.159560092000005,0
6.160560092000005,0
6.1615600920000055,0
6.162560092000005,0
6.163560092000004,0
6.164560092000006,0
6.165560092000005,277432
6.1665600920000045,190948
6.167560092000005,0
6.168560092000005,0
6.169560092000005,0
6.170560092000005,0
6.171560092000005,0
6.172560092000005,0
6.173560092000005,0
6.174560092000005,0
6.175560092000005,0
6.176560092000005,469142
6.1775600920000056,84398
6.178560092000005,0
6.1795600920000044,10838
6.180560092000006,0
6.181560092000005,0
6.182560092000005,0
6.183560092000005,0
6.184560092000005,0
6.185560092000005,106400
6.186560092000005,0
6.187560092000005,0
6.188560092000005,182352
6.189560092000005,371188
6.1905600920000055,0
6.191560092000005,0
6.192560092000005,0
6.193560092000006,0
6.194560092000005,0
6.1955600920000045,0
6.196560092000006,0
6.197560092000005,0
6.198560092000005,0
6.199560092000005,0
6.200560092000005,410364
6.201560092000005,58016
6.202560092000005,0
6.203560092000005,0
6.204560092000005,0
6.205560092000005,0
6.2065600920000055,0
6.207560092000005,0
6.208560092000005,0
6.209560092000006,0
6.210560092000005,0
6.2115600920000045,0
6.212560092000006,468380
6.213560092000005,0
6.214560092000005,15132
6.215560092000005,392022
6.216560092000005,516688
6.217560092000005,164050
6.218560092000005,0
6.219560092000005,0
6.220560092000005,0
6.221560092000005,106400
6.2225600920000055,425800
6.223560092000005,0
6.224560092000005,0
6.225560092000006,0
6.226560092000005,0
6.2275600920000045,0
6.228560092000006,0
6.229560092000005,0
6.230560092000005,0
6.231560092000005,0
6.232560092000005,0
6.233560092000005,10838
6.234560092000005,0
6.235560092000005,510960
6.236560092000005,0
6.237560092000005,0
6.2385600920000055,0
6.239560092000005,0
6.240560092000005,0
6.241560092000006,0
6.242560092000005,0
6.2435600920000045,0
6.244560092000006,0
6.245560092000005,425800
6.246560092000005,0
6.247560092000005,0
6.248560092000005,0
6.249560092000005,0
6.250560092000005,0
6.251560092000005,0
6.252560092000005,0
6.253560092000005,314030
6.2545600920000055,512182
6.255560092000005,263722
6.256560092000005,423758
6.257560092000006,0
6.258560092000005,0
6.2595600920000045,0
6.260560092000006,0
6.261560092000005,0
6.262560092000005,0
6.263560092000005,0
6.264560092000005,0
6.265560092000005,106400
6.266560092000005,0
6.267560092000005,596120
6.268560092000005,0
6.269560092000005,0
6.2705600920000055,0
6.271560092000005,0
6.272560092000005,0
6.273560092000006,0
6.274560092000005,0
6.2755600920000045,0
6.276560092000006,0
6.277560092000005,446758
6.278560092000005,149362
6.279560092000005,0
6.280560092000005,0
6.281560092000005,0
6.282560092000005,15132
6.283560092000005,91268
6.284560092000005,0
6.285560092000005,0
6.2865600920000055,0
6.287560092000005,0
6.288560092000005,5154
6.289560092000006,426292
6.290560092000005,79514
6.2915600920000045,0
6.292560092000006,0
6.293560092000005,0
6.294560092000005,0
6.295560092000005,0
6.296560092000005,0
6.297560092000005,0
6.298560092000005,0
6.299560092000005,0
6.300560092000005,399796
6.301560092000005,26004
6.3025600920000056,106346
6.303560092000005,54
6.304560092000005,0
6.305560092000006,0
6.306560092000005,0
6.307560092000005,0
6.308560092000006,0
6.309560092000005,0
6.310560092000005,0
6.311560092000005,360836
6.312560092000005,49474
6.313560092000005,15490
6.314560092000005,0
6.3155600920000055,0
6.316560092000005,0
6.317560092000005,0
6.318560092000006,0
6.319560092000005,0
6.320560092000005,0
6.321560092000006,0
6.322560092000005,0
6.323560092000005,0
6.324560092000006,596120
6.325560092000005,0
6.326560092000005,0
6.327560092000005,0
6.328560092000005,0
6.329560092000005,87228
6.330560092000005,19172
6.3315600920000055,15132
6.332560092000005,444592
6.333560092000005,624536
6.334560092000006,748732
6.335560092000005,0
6.336560092000005,0
6.337560092000006,0
6.338560092000005,0
6.339560092000005,0
6.340560092000006,0
6.341560092000005,0
6.342560092000005,0
6.343560092000005,0
6.344560092000005,0
6.345560092000005,54
6.346560092000005,425746
6.3475600920000055,0
6.348560092000005,10838
6.349560092000005,0
6.350560092000006,0
6.351560092000005,0
6.352560092000005,79718
6.353560092000006,474632
6.354560092000005,518190
6.355560092000005,15352
6.356560092000006,468380
6.357560092000005,0
6.358560092000005,0
6.359560092000005,0
6.360560092000005,0
6.361560092000005,0
6.362560092000005,0
6.3635600920000055,0
6.364560092000005,0
6.365560092000005,0
6.366560092000006,0
6.367560092000005,0
6.368560092000005,510960
6.369560092000006,0
6.370560092000005,0
6.371560092000005,0
6.372560092000006,0
6.373560092000005,0
6.374560092000005,0
6.375560092000005,0
6.376560092000005,0
6.377560092000005,0
6.378560092000005,0
6.3795600920000055,638700
6.380560092000005,0
6.381560092000005,0
6.382560092000006,0
6.383560092000005,0
6.384560092000005,0
6.385560092000006,0
6.386560092000005,0
6.387560092000005,0
6.388560092000006,0
6.389560092000005,468380
6.390560092000005,0
6.391560092000005,0
6.392560092000005,0
6.393560092000005,0
6.394560092000005,0
6.3955600920000055,0
6.396560092000005,0
6.397560092000005,0
6.398560092000006,0
6.399560092000005,0
6.400560092000005,553540
6.401560092000006,0
6.402560092000005,482254
6.403560092000005,518190
6.404560092000006,87448
6.405560092000005,0
6.406560092000005,0
6.407560092000005,0
6.408560092000005,0
6.409560092000005,0
6.410560092000005,0
6.4115600920000055,596120
6.412560092000005,0
6.413560092000005,0
6.414560092000006,0
6.415560092000005,0
6.416560092000005,0
6.417560092000006,0
6.418560092000005,0
6.419560092000005,0
6.420560092000006,0
6.421560092000005,0
6.422560092000005,0
6.423560092000005,425800
6.424560092000005,0
6.425560092000005,0
6.426560092000005,0
6.4275600920000056,0
6.428560092000005,0
6.429560092000005,0
6.430560092000006,0
6.431560092000005,0
6.4325600920000054,0
6.433560092000006,468380
6.434560092000005,0
6.435560092000005,0
6.436560092000006,0
6.437560092000005,0
6.438560092000005,0
6.439560092000005,0
6.4405600920000055,0
6.441560092000005,0
6.442560092000005,0
6.443560092000006,372852
6.444560092000005,52948
6.445560092000005,0
6.446560092000006,0
6.447560092000005,0
6.4485600920000055,0
6.449560092000006,0
6.450560092000005,0
6.451560092000005,0
6.452560092000006,0
6.453560092000005,104394
6.454560092000005,491726
6.455560092000005,0
6.4565600920000055,0
6.457560092000005,0
6.458560092000005,0
6.459560092000006,0
6.460560092000005,0
6.461560092000005,0
6.462560092000006,0
6.463560092000005,0
6.4645600920000055,596120
6.465560092000006,0
6.466560092000005,0
6.467560092000005,0
6.468560092000006,0
6.469560092000005,0
6.470560092000005,0
6.471560092000005,0
6.4725600920000055,0
6.473560092000005,0
6.474560092000005,468380
6.475560092000006,0
6.476560092000005,0
6.477560092000005,0
6.478560092000006,0
6.479560092000005,0
6.4805600920000055,10838
6.481560092000006,0
6.482560092000005,0
6.483560092000005,0
6.484560092000006,0
6.485560092000005,0
6.486560092000005,468380
6.487560092000005,0
6.4885600920000055,0
6.489560092000005,0
6.490560092000005,0
6.491560092000006,0
6.492560092000005,0
6.493560092000005,0
6.494560092000006,0
6.495560092000005,0
6.4965600920000055,541816
6.497560092000006,96884
6.498560092000005,0
6.499560092000005,0
6.500560092000006,0
6.501560092000005,0
6.502560092000005,0
6.503560092000005,0
6.5045600920000055,0
6.505560092000005,0
6.506560092000005,0
6.507560092000006,0
6.508560092000005,0
6.509560092000005,0
6.510560092000006,15560
6.511560092000005,410240
6.5125600920000055,0
6.513560092000006,0
6.514560092000005,0
6.515560092000005,0
6.516560092000006,0
6.517560092000005,0
6.518560092000005,0
6.519560092000005,0
6.5205600920000055,54
6.521560092000005,545506
6.522560092000005,7980
6.523560092000006,0
6.524560092000005,0
6.525560092000005,0
6.526560092000006,0
6.527560092000005,0
6.5285600920000055,0
6.529560092000006,0
6.530560092000005,0
6.531560092000005,0
6.532560092000006,548564
6.533560092000005,4976
6.534560092000005,0
6.535560092000005,0
6.5365600920000055,0
6.537560092000005,0
6.538560092000005,0
6.539560092000006,0
6.540560092000005,0
6.541560092000005,0
6.542560092000006,0
6.543560092000005,10838
6.5445600920000055,0
6.545560092000006,510960
6.546560092000005,0
6.547560092000005,0
6.548560092000006,0
6.549560092000005,0
6.550560092000005,0
6.551560092000005,0
6.5525600920000056,0
6.553560092000005,0
6.554560092000005,0
6.555560092000006,1244
6.556560092000005,468380
6.5575600920000054,0
6.558560092000006,0
6.559560092000005,0
6.560560092000006,0
6.561560092000006,0
6.562560092000005,0
6.563560092000005,0
6.564560092000006,0
6.5655600920000055,0
6.566560092000005,0
6.567560092000005,553540
6.568560092000006,0
6.569560092000005,0
6.570560092000005,0
6.571560092000006,0
6.572560092000005,0
6.5735600920000055,0
6.574560092000006,0
6.575560092000005,0
6.576560092000006,0
6.577560092000006,553540
6.578560092000005,0
6.579560092000005,0
6.580560092000006,0
6.5815600920000055,0
6.582560092000005,0
6.583560092000005,0
6.584560092000006,0
6.585560092000005,0
6.586560092000005,10838
6.587560092000006,510960
6.588560092000005,0
6.5895600920000055,0
6.590560092000006,0
6.591560092000005,0
6.592560092000006,0
6.593560092000006,0
6.594560092000005,0
6.595560092000005,0
6.596560092000006,0
6.5975600920000055,0
6.598560092000005,0
6.599560092000005,0
6.600560092000006,596120
6.601560092000005,0
6.602560092000005,0
6.603560092000006,0
6.604560092000005,0
6.6055600920000055,0
6.606560092000006,0
6.607560092000005,0
6.608560092000006,0
6.609560092000006,0
6.610560092000005,554784
6.611560092000005,10838
6.612560092000006,0
6.6135600920000055,0
6.614560092000005,458222
6.615560092000005,518190
6.616560092000006,111480
6.617560092000005,0
6.618560092000005,0
6.619560092000006,0
6.620560092000005,553540
6.6215600920000055,0
6.622560092000006,0
6.623560092000005,0
6.624560092000006,0
6.625560092000006,0
6.626560092000005,0
6.627560092000005,0
6.628560092000006,0
6.6295600920000055,0
6.630560092000005,0
6.631560092000005,0
6.632560092000006,228460
6.633560092000005,410240
6.634560092000005,0
6.635560092000006,0
6.636560092000005,0
6.6375600920000055,0
6.638560092000006,106400
6.639560092000005,0
6.640560092000006,0
6.641560092000006,0
6.642560092000005,106400
6.643560092000005,0
6.644560092000006,510960
6.6455600920000055,0
6.646560092000005,0
6.647560092000005,0
6.648560092000006,0
6.649560092000005,34658
6.650560092000005,71742
6.651560092000006,0
6.652560092000005,0
6.6535600920000055,0
6.654560092000006,0
6.655560092000005,425800
6.656560092000006,0
6.657560092000006,0
6.658560092000005,0
6.659560092000005,0
6.660560092000006,0
6.6615600920000055,0
6.662560092000005,0
6.663560092000005,0
6.664560092000006,0
6.665560092000005,638700
6.666560092000005,0
6.667560092000006,0
6.668560092000005,106400
6.6695600920000055,0
6.670560092000006,49678
6.671560092000005,476134
6.672560092000006,518190
6.673560092000006,43890
6.674560092000005,0
6.675560092000005,425800
6.676560092000006,0
6.6775600920000056,10838
6.678560092000005,0
6.679560092000005,0
6.680560092000006,0
6.681560092000005,0
6.6825600920000054,0
6.683560092000006,0
6.684560092000005,0
6.685560092000006,0
6.686560092000006,510960
6.687560092000005,0
6.688560092000006,0
6.689560092000006,0
6.6905600920000055,0
6.691560092000005,0
6.692560092000006,0
6.693560092000006,0
6.694560092000005,0
6.695560092000005,0
6.696560092000006,0
6.697560092000005,0
6.6985600920000055,468380
6.699560092000006,0
6.700560092000005,0
6.701560092000006,359090
6.702560092000006,513684
6.703560092000005,215118
6.704560092000006,0
6.705560092000006,0
6.7065600920000055,0
6.707560092000005,10838
6.708560092000006,0
6.709560092000006,0
6.710560092000005,0
6.711560092000005,510960
6.712560092000006,0
6.713560092000005,0
6.7145600920000055,0
6.715560092000006,0
6.716560092000005,0
6.717560092000006,0
6.718560092000006,0
6.719560092000005,0
6.720560092000006,0
6.721560092000006,0
6.7225600920000055,468472
6.723560092000005,170128
6.724560092000006,0
6.725560092000006,0
6.726560092000005,0
6.727560092000005,0
6.728560092000006,0
6.729560092000005,0
6.7305600920000055,0
6.731560092000006,0
6.732560092000005,0
6.733560092000006,0
6.734560092000006,0
6.735560092000005,468380
6.736560092000006,0
6.737560092000006,0
6.7385600920000055,0
6.739560092000005,0
6.740560092000006,0
6.741560092000006,0
6.742560092000005,0
6.743560092000005,0
6.744560092000006,0
6.745560092000005,0
6.7465600920000055,0
6.747560092000006,167532
6.748560092000005,471168
6.749560092000006,0
6.750560092000006,0
6.751560092000005,0
6.752560092000006,0
6.753560092000006,0
6.7545600920000055,0
6.755560092000005,0
6.756560092000006,0
6.757560092000006,0
6.758560092000005,553540
6.759560092000005,0
6.760560092000006,0
6.761560092000005,0
6.7625600920000055,0
6.763560092000006,0
6.764560092000005,0
6.765560092000006,0
6.766560092000006,0
6.767560092000005,0
6.768560092000006,425800
6.769560092000006,0
6.7705600920000055,0
6.771560092000005,0
6.772560092000006,0
6.773560092000006,10838
6.774560092000005,0
6.775560092000005,0
6.776560092000006,0
6.777560092000005,0
6.7785600920000055,0
6.779560092000006,0
6.780560092000005,638700
6.781560092000006,0
6.782560092000006,0
6.783560092000005,0
6.784560092000006,0
6.785560092000006,0
6.7865600920000055,0
6.787560092000005,10838
6.788560092000006,0
6.789560092000006,0
6.790560092000005,102248
6.791560092000005,497486
6.792560092000006,518190
6.793560092000005,1114310
6.7945600920000055,519692
6.795560092000006,518190
6.796560092000005,518190
6.797560092000006,519692
6.798560092000006,518190
6.799560092000005,518190
6.800560092000006,519692
6.801560092000006,518190
6.8025600920000056,518190
6.803560092000005,518190
6.804560092000006,519854
6.805560092000006,943828
6.806560092000005,518190
6.8075600920000054,519692
6.808560092000006,518190
6.809560092000005,518190
6.810560092000006,519692
6.811560092000006,433476
6.812560092000005,0
6.813560092000006,0
6.814560092000006,0
6.8155600920000055,596120
6.816560092000006,0
6.817560092000006,0
6.818560092000006,0
6.819560092000005,0
6.820560092000006,0
6.821560092000006,0
6.822560092000005,0
6.8235600920000055,0
6.824560092000006,0
6.825560092000005,468380
6.826560092000006,0
6.827560092000006,0
6.828560092000005,0
6.829560092000006,0
6.830560092000006,0
6.8315600920000055,0
6.832560092000006,0
6.833560092000006,0
6.834560092000006,0
6.835560092000005,6170
6.836560092000006,632530
6.837560092000006,0
6.838560092000005,0
6.8395600920000055,0
6.840560092000006,0
6.841560092000005,0
6.842560092000006,0
6.843560092000006,0
6.844560092000005,0
6.845560092000006,0
6.846560092000006,0
6.8475600920000055,0
6.848560092000006,0
6.849560092000006,569650
6.850560092000006,47710
6.851560092000005,0
6.852560092000006,0
6.853560092000006,0
6.854560092000005,0
6.8555600920000055,0
6.856560092000006,0
6.857560092000005,0
6.858560092000006,0
6.859560092000006,0
6.860560092000005,0
6.861560092000006,0
6.862560092000006,468380
6.8635600920000055,0
6.864560092000006,0
6.865560092000006,0
6.866560092000006,0
6.867560092000005,0
6.868560092000006,0
6.869560092000006,0
6.870560092000005,0
6.8715600920000055,0
6.872560092000006,0
6.873560092000005,468380
6.874560092000006,0
6.875560092000006,0
6.876560092000005,0
6.877560092000006,0
6.878560092000006,0
6.8795600920000055,0
6.880560092000006,0
6.881560092000006,0
6.882560092000006,58
6.883560092000005,1186
6.884560092000006,425800
6.885560092000006,0
6.886560092000005,0
6.8875600920000055,0
6.888560092000006,0
6.889560092000005,0
6.890560092000006,0
6.891560092000006,0
6.892560092000005,0
6.893560092000006,0
6.894560092000006,0
6.8955600920000055,0
6.896560092000006,464906
6.897560092000006,3474
6.898560092000006,0
6.899560092000005,0
6.900560092000006,0
6.901560092000006,0
6.902560092000005,0
6.9035600920000055,0
6.904560092000006,0
6.905560092000005,0
6.906560092000006,0
6.907560092000006,659940
6.908560092000005,0
6.909560092000006,0
6.910560092000006,0
6.9115600920000055,0
6.912560092000006,0
6.913560092000006,0
6.914560092000006,0
6.915560092000005,0
6.916560092000006,0
6.917560092000006,425800
6.918560092000005,0
6.9195600920000055,0
6.920560092000006,0
6.921560092000005,0
6.922560092000006,0
6.923560092000006,0
6.924560092000005,0
6.925560092000006,0
6.926560092000006,0
6.9275600920000056,0
6.928560092000006,596120
6.929560092000006,0
6.930560092000006,485258
6.931560092000005,518190
6.932560092000006,519692
6.933560092000006,518190
6.934560092000005,518190
6.935560092000006,519692
6.936560092000006,518190
6.937560092000005,518190
6.938560092000006,943990
6.939560092000006,519692
6.9405600920000055,518190
6.941560092000006,518190
6.942560092000006,519692
6.943560092000006,518190
6.944560092000006,518190
6.945560092000006,569370
6.946560092000006,574912
6.947560092000005,518190
6.948560092000006,518190
6.949560092000006,945492
6.950560092000005,518190
6.951560092000006,18924
6.952560092000006,0
6.953560092000005,0
6.954560092000006,0
6.955560092000006,0
6.9565600920000055,0
6.957560092000006,0
6.958560092000006,0
6.959560092000006,16634
6.960560092000006,601864
6.961560092000006,799258
6.962560092000006,138516
6.963560092000005,0
6.964560092000006,0
6.965560092000006,0
6.966560092000005,0
6.967560092000006,0
6.968560092000006,0
6.969560092000005,0
6.970560092000006,0
6.971560092000006,510960
6.9725600920000055,0
6.973560092000006,0
6.974560092000006,0
6.975560092000006,0
6.976560092000006,0
6.977560092000006,0
6.978560092000006,0
6.979560092000005,0
6.980560092000006,10838
6.981560092000006,0
6.982560092000005,0
6.983560092000006,0
6.984560092000006,468380
6.985560092000005,0
6.986560092000006,0
6.987560092000006,0
6.9885600920000055,0
6.989560092000006,0
6.990560092000006,0
6.991560092000006,0
6.992560092000006,0
6.993560092000006,0
6.994560092000006,468380
6.995560092000005,0
6.996560092000006,0
6.997560092000006,0
6.998560092000005,0
6.999560092000006,0
7.000560092000006,0
7.001560092000005,0
7.002560092000006,0
7.003560092000006,0
7.0045600920000055,0
7.005560092000006,0
7.006560092000006,638700
7.007560092000006,0
7.008560092000006,0
7.009560092000006,0
7.010560092000006,0
7.011560092000005,0
7.012560092000006,0
7.013560092000006,0
7.014560092000005,0
7.015560092000006,0
7.016560092000006,468380
7.017560092000005,0
7.018560092000006,0
7.019560092000006,0
7.0205600920000055,0
7.021560092000006,0
7.022560092000006,0
7.023560092000006,0
7.024560092000006,0
7.025560092000006,0
7.026560092000006,468380
7.027560092000005,0
7.028560092000006,0
7.029560092000006,0
7.030560092000005,0
7.031560092000006,0
7.032560092000006,0
7.033560092000005,0
7.034560092000006,0
7.035560092000006,0
7.0365600920000055,0
7.037560092000006,425800
7.038560092000006,0
7.039560092000006,0
7.040560092000006,0
7.041560092000006,0
7.042560092000006,0
7.043560092000005,0
7.044560092000006,464230
7.045560092000006,518190
7.046560092000005,105472
7.047560092000006,553540
7.048560092000006,0
7.049560092000005,0
7.050560092000006,0
7.051560092000006,0
7.0525600920000056,0
7.053560092000006,102248
7.054560092000006,4152
7.055560092000006,0
7.056560092000006,0
7.057560092000006,553540
7.058560092000006,0
7.059560092000005,0
7.0605600920000064,0
7.061560092000006,0
7.062560092000005,0
7.063560092000006,0
7.064560092000006,0
7.0655600920000055,0
7.066560092000006,0
7.067560092000006,0
7.068560092000006,108
7.069560092000006,425692
7.070560092000006,0
7.071560092000006,0
7.072560092000006,0
7.073560092000006,0
7.074560092000006,0
7.075560092000005,0
7.0765600920000065,0
7.077560092000006,0
7.078560092000005,0
7.079560092000006,514072
7.080560092000006,82048
7.0815600920000055,0
7.082560092000006,0
7.083560092000006,0
7.084560092000006,0
7.085560092000006,10838
7.086560092000006,0
7.087560092000006,0
7.088560092000006,0
7.089560092000006,564378
7.090560092000006,0
7.091560092000005,0
7.0925600920000065,0
7.093560092000006,0
7.094560092000005,0
7.095560092000006,0
7.096560092000006,0
7.0975600920000055,0
7.098560092000006,0
7.099560092000006,0
7.100560092000006,125314
7.101560092000006,385646
7.102560092000006,0
7.103560092000006,0
7.104560092000006,0
7.105560092000006,0
7.106560092000006,0
7.107560092000005,0
7.1085600920000065,0
7.109560092000006,0
7.110560092000005,0
7.111560092000006,510960
7.112560092000006,0
7.1135600920000055,0
7.114560092000006,0
7.115560092000006,0
7.116560092000006,0
7.117560092000006,0
7.118560092000006,0
7.119560092000006,0
7.120560092000006,0
7.121560092000006,425800
7.122560092000006,0
7.123560092000005,0
7.1245600920000065,0
7.125560092000006,0
7.126560092000005,0
7.127560092000006,0
7.128560092000006,0
7.1295600920000055,0
7.130560092000006,0
7.131560092000006,0
7.132560092000006,468380
7.133560092000006,0
7.134560092000006,0
7.135560092000006,0
7.136560092000006,345572
7.137560092000006,518190
7.138560092000006,224130
7.139560092000005,0
7.1405600920000065,0
7.141560092000006,0
7.142560092000005,553540
7.143560092000006,0
7.144560092000006,0
7.1455600920000055,0
7.146560092000006,0
7.147560092000006,106400
7.148560092000006,0
7.149560092000006,0
7.150560092000006,0
7.151560092000006,0
7.152560092000006,0
7.153560092000006,0
7.154560092000006,468380
7.155560092000005,0
7.1565600920000065,1244
7.157560092000006,0
7.158560092000005,0
7.159560092000006,0
7.160560092000006,0
7.1615600920000055,0
7.162560092000006,0
7.163560092000006,0
7.164560092000006,425800
7.165560092000006,0
7.166560092000006,0
7.167560092000006,0
7.168560092000006,0
7.169560092000006,0
7.170560092000006,0
7.171560092000005,0
7.1725600920000065,0
7.173560092000006,0
7.174560092000005,0
7.175560092000006,66682
7.176560092000006,401698
7.1775600920000056,0
7.178560092000006,0
7.179560092000006,0
7.180560092000006,0
7.181560092000006,0
7.182560092000006,0
7.183560092000006,0
7.184560092000006,0
7.1855600920000064,702
7.186560092000006,552838
7.187560092000005,0
7.188560092000007,0
7.189560092000006,0
7.1905600920000055,0
7.191560092000006,0
7.192560092000006,0
7.193560092000006,0
7.194560092000006,0
7.195560092000006,0
7.196560092000006,425800
7.197560092000006,0
7.198560092000006,0
7.199560092000006,0
7.200560092000006,0
7.2015600920000065,0
7.202560092000006,0
7.203560092000005,0
7.204560092000007,0
7.205560092000006,0
7.2065600920000055,0
7.207560092000006,468380
7.208560092000006,0
7.209560092000006,0
7.210560092000006,0
7.211560092000006,0
7.212560092000006,0
7.213560092000006,0
7.214560092000006,0
7.215560092000006,0
7.216560092000006,0
7.2175600920000065,553540
7.218560092000006,0
7.219560092000005,0
7.220560092000007,0
7.221560092000006,0
7.2225600920000055,0
7.223560092000006,0
7.224560092000006,0
7.225560092000006,0
7.226560092000006,0
7.227560092000006,117858
7.228560092000006,402730
7.229560092000006,32952
7.230560092000006,0
7.231560092000006,0
7.232560092000006,0
7.2335600920000065,0
7.234560092000006,0
7.235560092000005,0
7.236560092000007,0
7.237560092000006,0
7.2385600920000055,512516
7.239560092000006,41024
7.240560092000006,0
7.241560092000006,0
7.242560092000006,0
7.243560092000006,0
7.244560092000006,443202
7.245560092000006,519692
7.246560092000006,124998
7.247560092000006,0
7.248560092000006,0
7.2495600920000065,468380
7.250560092000006,0
7.251560092000005,0
7.252560092000007,10838
7.253560092000006,0
7.2545600920000055,0
7.255560092000006,0
7.256560092000006,0
7.257560092000006,10838
7.258560092000006,0
7.259560092000006,596120
7.260560092000006,0
7.261560092000006,0
7.262560092000006,0
7.263560092000006,0
7.264560092000006,0
7.2655600920000065,0
7.266560092000006,0
7.267560092000005,0
7.268560092000007,10838
7.269560092000006,0
7.2705600920000055,468380
7.271560092000006,0
7.272560092000006,0
7.273560092000006,0
7.274560092000006,10838
7.275560092000006,0
7.276560092000006,0
7.277560092000006,0
7.278560092000006,0
7.279560092000006,0
7.280560092000006,504012
7.2815600920000065,40104
7.282560092000006,509178
7.283560092000005,519692
7.284560092000007,25866
7.285560092000006,0
7.2865600920000055,0
7.287560092000006,0
7.288560092000006,0
7.289560092000006,0
7.290560092000006,54
7.291560092000006,596066
7.292560092000006,0
7.293560092000006,0
7.294560092000006,0
7.295560092000006,0
7.296560092000006,0
7.2975600920000065,0
7.298560092000006,0
7.299560092000005,0
7.300560092000007,0
7.301560092000006,0
7.3025600920000056,445164
7.303560092000006,257356
7.304560092000006,0
7.305560092000006,0
7.306560092000006,58
7.307560092000006,522508
7.308560092000006,516688
7.309560092000006,155038
7.3105600920000064,0
7.311560092000006,0
7.312560092000006,0
7.313560092000007,0
7.314560092000006,0
7.3155600920000055,0
7.316560092000007,0
7.317560092000006,427356
7.318560092000006,41024
7.319560092000006,0
7.320560092000006,0
7.321560092000006,0
7.322560092000006,0
7.323560092000006,0
7.324560092000006,0
7.325560092000006,0
7.3265600920000065,0
7.327560092000006,0
7.328560092000006,0
7.329560092000007,0
7.330560092000006,425800
7.3315600920000055,0
7.332560092000007,0
7.333560092000006,0
7.334560092000006,58
7.335560092000006,10780
7.336560092000006,0
7.337560092000006,0
7.338560092000006,0
7.339560092000006,0
7.340560092000006,0
7.341560092000006,0
7.3425600920000065,510960
7.343560092000006,0
7.344560092000006,0
7.345560092000007,0
7.346560092000006,0
7.3475600920000055,0
7.348560092000007,0
7.349560092000006,0
7.350560092000006,0
7.351560092000006,0
7.352560092000006,81702
7.353560092000006,386678
7.354560092000006,0
7.355560092000006,0
7.356560092000006,0
7.357560092000006,0
7.3585600920000065,0
7.359560092000006,0
7.360560092000006,0
7.361560092000007,0
7.362560092000006,0
7.3635600920000055,425800
7.364560092000007,0
7.365560092000006,0
7.366560092000006,0
7.367560092000006,0
7.368560092000006,0
7.369560092000006,0
7.370560092000006,0
7.371560092000006,0
7.372560092000006,0
7.373560092000006,0
7.3745600920000065,0
7.375560092000006,542086
7.376560092000006,11454
7.377560092000007,0
7.378560092000006,0
7.3795600920000055,0
7.380560092000007,0
7.381560092000006,1244
7.382560092000006,0
7.383560092000006,0
7.384560092000006,0
7.385560092000006,0
7.386560092000006,510960
7.387560092000006,0
7.388560092000006,0
7.389560092000006,0
7.3905600920000065,10838
7.391560092000006,0
7.392560092000006,0
7.393560092000007,0
7.394560092000006,0
7.3955600920000055,0
7.396560092000007,0
7.397560092000006,510960
7.398560092000006,0
7.399560092000006,0
7.400560092000006,0
7.401560092000006,0
7.402560092000006,0
7.403560092000006,0
7.404560092000006,0
7.405560092000006,0
7.4065600920000065,0
7.407560092000006,425800
7.408560092000006,10838
7.409560092000007,0
7.410560092000006,106400
7.4115600920000055,0
7.412560092000007,0
7.413560092000006,0
7.414560092000006,0
7.415560092000006,0
7.416560092000006,0
7.417560092000006,0
7.418560092000006,596120
7.419560092000006,0
7.420560092000006,0
7.421560092000006,0
7.4225600920000065,0
7.423560092000006,0
7.424560092000006,0
7.425560092000007,0
7.426560092000006,0
7.4275600920000056,0
7.428560092000007,0
7.429560092000006,0
7.430560092000006,468380
7.431560092000006,0
7.432560092000006,0
7.433560092000006,0
7.434560092000006,0
7.4355600920000064,0
7.436560092000006,0
7.437560092000006,0
7.438560092000007,0
7.439560092000006,0
7.440560092000006,468380
7.441560092000007,0
7.442560092000006,1244
7.443560092000006,0
7.444560092000007,0
7.445560092000006,0
7.446560092000006,0
7.447560092000006,0
7.448560092000006,0
7.449560092000006,0
7.450560092000006,0
7.4515600920000065,0
7.452560092000006,425858
7.453560092000006,106342
7.454560092000007,0
7.455560092000006,0
7.456560092000006,0
7.457560092000007,0
7.458560092000006,0
7.459560092000006,0
7.460560092000007,1244
7.461560092000006,0
7.462560092000006,9174
7.463560092000006,586946
7.464560092000006,0
7.465560092000006,0
7.466560092000006,0
7.4675600920000065,0
7.468560092000006,0
7.469560092000006,0
7.470560092000007,0
7.471560092000006,0
7.472560092000006,0
7.473560092000007,0
7.474560092000006,553540
7.475560092000006,0
7.476560092000007,0
7.477560092000006,0
7.478560092000006,0
7.479560092000006,0
7.480560092000006,0
7.481560092000006,0
7.482560092000006,0
7.4835600920000065,0
7.484560092000006,0
7.485560092000006,0
7.486560092000007,553540
7.487560092000006,10838
7.488560092000006,0
7.489560092000007,0
7.490560092000006,0
7.491560092000006,0
7.492560092000007,0
7.493560092000006,0
7.494560092000006,0
7.495560092000006,0
7.496560092000006,0
7.497560092000006,425800
7.498560092000006,0
7.4995600920000065,0
7.500560092000006,0
7.501560092000006,0
7.502560092000007,0
7.503560092000006,0
7.504560092000006,0
7.505560092000007,0
7.506560092000006,0
7.507560092000006,638700
7.508560092000007,0
7.509560092000006,0
7.510560092000006,0
7.511560092000006,0
7.512560092000006,0
7.513560092000006,0
7.514560092000006,0
7.5155600920000065,0
7.516560092000006,0
7.517560092000006,468380
7.518560092000007,0
7.519560092000006,0
7.520560092000006,0
7.521560092000007,0
7.522560092000006,0
7.523560092000006,0
7.524560092000007,0
7.525560092000006,0
7.526560092000006,0
7.527560092000006,0
7.528560092000006,0
7.529560092000006,0
7.530560092000006,425800
7.5315600920000065,0
7.532560092000006,0
7.533560092000006,0
7.534560092000007,0
7.535560092000006,0
7.536560092000006,0
7.537560092000007,0
7.538560092000006,0
7.539560092000006,0
7.540560092000007,0
7.541560092000006,425800
7.542560092000006,0
7.543560092000006,0
7.544560092000006,0
7.545560092000006,0
7.546560092000006,0
7.5475600920000065,0
7.548560092000006,0
7.549560092000006,0
7.550560092000007,0
7.551560092000006,638700
7.552560092000006,0
7.553560092000007,0
7.554560092000006,0
7.555560092000006,0
7.556560092000007,0
7.557560092000006,0
7.558560092000006,0
7.559560092000006,0
7.5605600920000064,0
7.561560092000006,468380
7.562560092000006,0
7.563560092000007,0
7.564560092000006,0
7.565560092000006,0
7.566560092000007,0
7.567560092000006,0
7.5685600920000065,0
7.569560092000007,0
7.570560092000006,323042
7.571560092000006,512182
7.572560092000007,1282398
7.573560092000006,1237372
7.574560092000006,1036380
7.575560092000006,1037882
7.5765600920000065,1037882
7.577560092000006,1036380
7.578560092000006,1144282
7.579560092000007,1037882
7.580560092000006,1036380
7.581560092000006,1036380
7.582560092000007,1039384
7.583560092000006,1051940
7.5845600920000065,1835842
7.585560092000007,1623570
7.586560092000006,1150864
7.587560092000006,1036380
7.588560092000007,1037882
7.589560092000006,1144282
7.590560092000006,1036380
7.591560092000006,1036380
7.5925600920000065,1039384
7.593560092000006,612214
7.594560092000006,861942
7.595560092000007,601740
7.596560092000006,518190
7.597560092000006,518190
7.598560092000007,519692
7.599560092000006,518190
7.6005600920000065,518190
7.601560092000007,518190
7.602560092000006,519692
7.603560092000006,518190
7.604560092000007,518190
7.605560092000006,519854
7.606560092000006,1071568
7.607560092000006,518190
7.6085600920000065,519692
7.609560092000006,518190
7.610560092000006,518190
7.611560092000007,518190
7.612560092000006,519692
7.613560092000006,518190
7.614560092000007,518190
7.615560092000006,519692
7.6165600920000065,1071730
7.617560092000007,518190
7.618560092000006,519692
7.619560092000006,518190
7.620560092000007,518190
7.621560092000006,518190
7.622560092000006,519692
7.623560092000006,518190
7.6245600920000065,518190
7.625560092000006,519692
7.626560092000006,518190
7.627560092000007,943990
7.628560092000006,519692
7.629560092000006,518190
7.630560092000007,518190
7.631560092000006,519692
7.6325600920000065,518190
7.633560092000007,518190
7.634560092000006,518190
7.635560092000006,519692
7.636560092000007,518190
7.637560092000006,518190
7.638560092000006,964132
7.639560092000006,542130
7.6405600920000065,518190
7.641560092000006,519692
7.642560092000006,518190
7.643560092000007,518190
7.644560092000006,518190
7.645560092000006,519692
7.646560092000007,518190
7.647560092000006,518190
7.6485600920000065,604506
7.649560092000007,986916
7.650560092000006,518190
7.651560092000006,519692
7.652560092000007,518190
7.653560092000006,518190
7.654560092000006,519692
7.655560092000006,529028
7.6565600920000065,518190
7.657560092000006,518190
7.658560092000006,530530
7.659560092000007,693124
7.660560092000006,1003196
7.661560092000006,519692
7.662560092000007,929850
7.663560092000006,1034878
7.6645600920000065,1037882
7.665560092000007,1037882
7.666560092000006,1036380
7.667560092000006,1037882
7.668560092000007,1037882
7.669560092000006,1036380
7.670560092000006,1036380
7.671560092000006,1507764
7.6725600920000065,1036380
7.673560092000006,1036380
7.674560092000006,1039384
7.675560092000007,1036380
7.676560092000006,1036380
7.677560092000006,1037882
7.678560092000007,1037882
7.679560092000006,1036380
7.6805600920000066,1037882
7.681560092000007,1360898
7.682560092000006,1224324
7.683560092000006,612214
7.684560092000007,519692
7.6855600920000064,518190
7.686560092000006,518190
7.687560092000006,519692
7.688560092000007,518190
7.689560092000006,518190
7.690560092000006,518190
7.691560092000007,519692
7.692560092000006,734110
7.6935600920000065,898390
7.694560092000007,519692
7.695560092000006,518190
7.696560092000007,518190
7.697560092000007,519692
7.698560092000006,518190
7.699560092000006,518190
7.700560092000007,519692
7.7015600920000065,518190
7.702560092000006,518190
7.703560092000006,518190
7.704560092000007,945492
7.705560092000006,518190
7.706560092000006,518190
7.707560092000007,519692
7.708560092000006,518190
7.7095600920000065,518190
7.710560092000007,519692
7.711560092000006,518190
7.712560092000007,518190
7.713560092000007,518190
7.714560092000006,519692
7.715560092000006,1030394
7.716560092000007,518190
7.7175600920000065,519692
7.718560092000006,518190
7.719560092000006,518190
7.720560092000007,519692
7.721560092000006,518190
7.722560092000006,518190
7.723560092000007,518190
7.724560092000006,519692
7.7255600920000065,986570
7.726560092000007,518190
7.727560092000006,519692
7.728560092000007,518190
7.729560092000007,518190
7.730560092000006,519692
7.731560092000006,518190
7.732560092000007,518190
7.7335600920000065,519692
7.734560092000006,518190
7.735560092000006,518190
7.736560092000007,986570
7.737560092000006,520936
7.738560092000006,518190
7.739560092000007,518190
7.740560092000006,519692
7.7415600920000065,518190
7.742560092000007,518190
7.743560092000006,519692
7.744560092000007,518190
7.745560092000007,518190
7.746560092000006,518190
7.747560092000006,519692
7.748560092000007,1071730
7.7495600920000065,518190
7.750560092000006,519692
7.751560092000006,518190
7.752560092000007,518190
7.753560092000006,519692
7.754560092000006,518190
7.755560092000007,518190
7.756560092000006,519692
7.7575600920000065,518190
7.758560092000007,518190
7.759560092000006,943990
7.760560092000007,519692
7.761560092000007,518190
7.762560092000006,518190
7.763560092000006,519692
7.764560092000007,518190
7.7655600920000065,518190
7.766560092000006,519692
7.767560092000006,518190
7.768560092000007,518190
7.769560092000006,518190
7.770560092000006,622638
7.771560092000007,1053944
7.772560092000006,518190
7.7735600920000065,519692
7.774560092000007,518190
7.775560092000006,518190
7.776560092000007,519692
7.777560092000007,518190
7.778560092000006,624590
7.779560092000006,519692
7.780560092000007,53358
7.7815600920000065,596120
7.782560092000006,0
7.783560092000006,0
7.784560092000007,0
7.785560092000006,0
7.786560092000006,0
7.787560092000007,0
7.788560092000006,0
7.7895600920000065,0
7.790560092000007,0
7.791560092000006,0
7.792560092000007,0
7.793560092000007,0
7.794560092000006,0
7.795560092000006,425800
7.796560092000007,0
7.7975600920000065,0
7.798560092000006,0
7.799560092000006,0
7.800560092000007,0
7.801560092000006,0
7.802560092000006,0
7.803560092000007,0
7.804560092000006,0
7.8055600920000066,0
7.806560092000007,425800
7.807560092000006,0
7.808560092000007,389130
7.809560092000007,516688
7.8105600920000064,182074
7.811560092000006,0
7.812560092000007,0
7.813560092000007,0
7.814560092000006,55686
7.815560092000006,507676
7.816560092000007,519854
7.817560092000006,643376
7.8185600920000065,0
7.819560092000007,0
7.820560092000006,0
7.821560092000007,0
7.822560092000007,0
7.823560092000006,0
7.824560092000007,0
7.825560092000007,1244
7.8265600920000065,0
7.827560092000006,0
7.828560092000007,0
7.829560092000007,0
7.830560092000006,0
7.831560092000006,638700
7.832560092000007,0
7.833560092000006,0
7.8345600920000065,0
7.835560092000007,0
7.836560092000006,0
7.837560092000007,0
7.838560092000007,0
7.839560092000006,58
7.840560092000007,1186
7.841560092000007,0
7.8425600920000065,553540
7.843560092000006,0
7.844560092000007,0
7.845560092000007,0
7.846560092000006,0
7.847560092000006,0
7.848560092000007,0
7.849560092000006,0
7.8505600920000065,0
7.851560092000007,0
7.852560092000006,0
7.853560092000007,0
7.854560092000007,425800
7.855560092000006,0
7.856560092000007,0
7.857560092000007,0
7.8585600920000065,0
7.859560092000006,0
7.860560092000007,0
7.861560092000007,0
7.862560092000006,0
7.863560092000006,0
7.864560092000007,0
7.865560092000006,0
7.8665600920000065,444440
7.867560092000007,23940
7.868560092000006,106400
7.869560092000007,0
7.870560092000007,0
7.871560092000006,0
7.872560092000007,106400
7.873560092000007,0
7.8745600920000065,10838
7.875560092000006,0
7.876560092000007,0
7.877560092000007,0
7.878560092000006,468380
7.879560092000006,0
7.880560092000007,0
7.881560092000006,0
7.8825600920000065,0
7.883560092000007,0
7.884560092000006,0
7.885560092000007,0
7.886560092000007,0
7.887560092000006,0
7.888560092000007,638700
7.889560092000007,0
7.8905600920000065,0
7.891560092000006,0
7.892560092000007,0
7.893560092000007,0
7.894560092000006,0
7.895560092000006,0
7.896560092000007,0
7.897560092000006,0
7.8985600920000065,0
7.899560092000007,0
7.900560092000006,71296
7.901560092000007,482244
7.902560092000007,0
7.903560092000006,0
7.904560092000007,0
7.905560092000007,0
7.9065600920000065,0
7.907560092000006,0
7.908560092000007,0
7.909560092000007,0
7.910560092000006,0
7.911560092000006,0
7.912560092000007,26236
7.913560092000006,527304
7.9145600920000065,0
7.915560092000007,0
7.916560092000006,0
7.917560092000007,0
7.918560092000007,0
7.919560092000006,0
7.920560092000007,0
7.921560092000007,106400
7.9225600920000065,0
7.923560092000006,11162
7.924560092000007,499798
7.925560092000007,0
7.926560092000006,0
7.927560092000006,0
7.928560092000007,0
7.929560092000006,0
7.9305600920000066,106400
7.931560092000007,0
7.932560092000006,0
7.933560092000007,0
7.934560092000007,425800
7.9355600920000064,0
7.936560092000007,0
7.937560092000007,0
7.938560092000007,0
7.939560092000006,0
7.940560092000007,0
7.941560092000007,0
7.942560092000006,0
7.9435600920000065,0
7.944560092000007,468380
7.945560092000006,0
7.946560092000007,0
7.947560092000007,0
7.948560092000006,0
7.949560092000007,0
7.950560092000007,0
7.9515600920000065,0
7.952560092000007,0
7.953560092000007,0
7.954560092000007,425800
7.955560092000006,0
7.956560092000007,0
7.957560092000007,0
7.958560092000006,0
7.9595600920000065,0
7.960560092000007,0
7.961560092000006,10838
7.962560092000007,0
7.963560092000007,0
7.964560092000006,0
7.965560092000007,305970
7.966560092000007,268810
7.9675600920000065,0
7.968560092000007,0
7.969560092000007,0
7.970560092000007,0
7.971560092000006,0
7.972560092000007,0
7.973560092000007,0
7.974560092000006,0
7.9755600920000065,15668
7.976560092000007,495292
7.977560092000006,0
7.978560092000007,0
7.979560092000007,0
7.980560092000006,0
7.981560092000007,0
7.982560092000007,0
7.9835600920000065,0
7.984560092000007,0
7.985560092000007,0
7.986560092000007,0
7.987560092000006,468380
7.988560092000007,0
7.989560092000007,0
7.990560092000006,0
7.9915600920000065,0
7.992560092000007,0
7.993560092000006,0
7.994560092000007,0
7.995560092000007,0
7.996560092000006,229918
7.997560092000007,589378
7.998560092000007,904868
7.9995600920000065,518190
8.000560092000008,519692
8.001560092000007,518190
8.002560092000007,518190
8.003560092000006,519692
8.004560092000007,518190
8.005560092000007,518190
8.006560092000006,518190
8.007560092000006,519692
8.008560092000007,518190
8.009560092000006,518190
8.010560092000006,988072
8.011560092000007,518190
8.012560092000006,518190
8.013560092000006,519692
8.014560092000007,784156
8.015560092000007,1036380
8.016560092000006,821926
8.017560092000007,286280
8.018560092000007,0
8.019560092000006,0
8.020560092000007,0
8.021560092000007,0
8.022560092000006,468380
8.023560092000007,0
8.024560092000007,0
8.025560092000006,106400
8.026560092000008,10838
8.027560092000007,0
8.028560092000006,0
8.029560092000008,0
8.030560092000007,0
8.031560092000007,0
8.032560092000008,252984
8.033560092000007,257976
8.034560092000007,0
8.035560092000006,0
8.036560092000007,0
8.037560092000007,0
8.038560092000006,0
8.039560092000006,0
8.040560092000007,0
8.041560092000006,0
8.042560092000006,23232
8.043560092000007,530308
8.044560092000006,0
8.045560092000006,0
8.046560092000007,0
8.047560092000007,0
8.048560092000006,0
8.049560092000007,0
8.050560092000007,0
8.051560092000006,0
8.052560092000007,0
8.053560092000007,510960
8.054560092000006,0
8.055560092000007,0
8.056560092000007,10838
8.057560092000006,0
8.058560092000008,0
8.059560092000007,0
8.060560092000006,0
8.061560092000008,0
8.062560092000007,0
8.063560092000007,32190
8.064560092000008,478770
8.065560092000007,0
8.066560092000007,0
8.067560092000006,0
8.068560092000007,0
8.069560092000007,0
8.070560092000006,0
8.071560092000006,0
8.072560092000007,0
8.073560092000006,0
8.074560092000006,289140
8.075560092000007,306980
8.076560092000006,0
8.077560092000006,0
8.078560092000007,0
8.079560092000007,0
8.080560092000006,0
8.081560092000007,0
8.082560092000007,0
8.083560092000006,0
8.084560092000007,0
8.085560092000007,202332
8.086560092000006,266048
8.087560092000007,0
8.088560092000007,0
8.089560092000006,0
8.090560092000008,0
8.091560092000007,0
8.092560092000006,10838
8.093560092000008,0
8.094560092000007,0
8.095560092000007,0
8.096560092000008,468380
8.097560092000007,0
8.098560092000007,0
8.099560092000006,0
8.100560092000007,0
8.101560092000007,0
8.102560092000006,0
8.103560092000006,0
8.104560092000007,36160
8.105560092000006,504672
8.106560092000006,969108
8.107560092000007,46332
8.108560092000006,0
8.109560092000006,0
8.110560092000007,0
8.111560092000007,0
8.112560092000006,0
8.113560092000007,0
8.114560092000007,0
8.115560092000006,0
8.116560092000007,0
8.117560092000007,553540
8.118560092000006,0
8.119560092000008,0
8.120560092000007,0
8.121560092000006,0
8.122560092000008,0
8.123560092000007,0
8.124560092000007,0
8.125560092000008,0
8.126560092000007,0
8.127560092000007,0
8.128560092000008,0
8.129560092000007,0
8.130560092000007,510960
8.131560092000006,0
8.132560092000007,0
8.133560092000007,0
8.134560092000006,0
8.135560092000006,0
8.136560092000007,0
8.137560092000006,0
8.138560092000006,0
8.139560092000007,0
8.140560092000007,425800
8.141560092000006,0
8.142560092000007,0
8.143560092000007,0
8.144560092000006,0
8.145560092000007,0
8.146560092000007,0
8.147560092000006,0
8.148560092000007,0
8.149560092000007,0
8.150560092000006,0
8.151560092000008,510960
8.152560092000007,0
8.153560092000006,0
8.154560092000008,0
8.155560092000007,0
8.156560092000007,0
8.157560092000008,0
8.158560092000007,0
8.159560092000007,0
8.160560092000008,0
8.161560092000007,14112
8.162560092000007,454268
8.163560092000006,0
8.164560092000007,0
8.165560092000007,0
8.166560092000006,0
8.167560092000006,0
8.168560092000007,84224
8.169560092000006,22176
8.170560092000006,0
8.171560092000007,0
8.172560092000007,0
8.173560092000006,468380
8.174560092000007,0
8.175560092000007,0
8.176560092000006,0
8.177560092000007,1244
8.178560092000007,0
8.179560092000006,0
8.180560092000007,0
8.181560092000007,0
8.182560092000006,0
8.183560092000008,0
8.184560092000007,0
8.185560092000006,553540
8.186560092000008,0
8.187560092000007,0
8.188560092000007,0
8.189560092000008,0
8.190560092000007,0
8.191560092000007,0
8.192560092000008,0
8.193560092000007,0
8.194560092000007,0
8.195560092000006,0
8.196560092000007,261704
8.197560092000007,164096
8.198560092000006,0
8.199560092000006,0
8.200560092000007,0
8.201560092000006,0
8.202560092000006,0
8.203560092000007,0
8.204560092000007,0
8.205560092000006,0
8.206560092000007,0
8.207560092000007,430468
8.208560092000006,123072
8.209560092000007,0
8.210560092000007,0
8.211560092000006,0
8.212560092000007,0
8.213560092000007,0
8.214560092000006,0
8.215560092000008,0
8.216560092000007,1244
8.217560092000006,0
8.218560092000008,512516
8.219560092000007,41024
8.220560092000007,0
8.221560092000008,93236
8.222560092000007,13164
8.223560092000007,0
8.224560092000008,0
8.225560092000007,0
8.226560092000007,0
8.227560092000006,0
8.228560092000007,553540
8.229560092000007,0
8.230560092000006,0
8.231560092000006,0
8.232560092000007,0
8.233560092000006,0
8.234560092000006,0
8.235560092000007,0
8.236560092000007,0
8.237560092000006,0
8.238560092000007,425800
8.239560092000007,106400
8.240560092000006,0
8.241560092000007,0
8.242560092000007,0
8.243560092000006,0
8.244560092000008,0
8.245560092000007,0
8.246560092000006,0
8.247560092000008,0
8.248560092000007,468380
8.249560092000007,0
8.250560092000008,0
8.251560092000007,0
8.252560092000007,0
8.253560092000008,0
8.254560092000007,0
8.255560092000007,0
8.256560092000008,0
8.257560092000007,0
8.258560092000007,0
8.259560092000006,102946
8.260560092000008,535754
8.261560092000007,0
8.262560092000006,0
8.263560092000006,0
8.264560092000007,0
8.265560092000007,431186
8.266560092000006,516746
8.267560092000007,997382
8.268560092000007,1036380
8.269560092000006,610144
8.270560092000007,988072
8.271560092000007,518190
8.272560092000006,518190
8.273560092000007,518190
8.274560092000007,519692
8.275560092000006,518190
8.276560092000008,518190
8.277560092000007,519692
8.278560092000006,518190
8.279560092000008,518190
8.280560092000007,519692
8.281560092000007,986570
8.282560092000008,518190
8.283560092000007,519692
8.284560092000007,518190
8.285560092000008,518190
8.286560092000007,74498
8.287560092000007,0
8.288560092000008,0
8.289560092000007,0
8.290560092000007,0
8.291560092000006,468380
8.292560092000008,0
8.293560092000007,0
8.294560092000006,0
8.295560092000006,0
8.296560092000007,0
8.297560092000007,0
8.298560092000006,0
8.299560092000007,0
8.300560092000007,0
8.301560092000006,0
8.302560092000007,468380
8.303560092000007,0
8.304560092000006,0
8.305560092000007,0
8.306560092000007,0
8.307560092000006,0
8.308560092000008,0
8.309560092000007,0
8.310560092000006,0
8.311560092000008,0
8.312560092000007,0
8.313560092000007,425800
8.314560092000008,0
8.315560092000007,0
8.316560092000007,0
8.317560092000008,15132
8.318560092000007,423564
8.319560092000007,518190
8.320560092000008,131006
8.321560092000007,0
8.322560092000007,0
8.323560092000006,553540
8.324560092000008,0
8.325560092000007,0
8.326560092000006,0
8.327560092000006,0
8.328560092000007,0
8.329560092000007,0
8.330560092000006,0
8.331560092000007,0
8.332560092000007,0
8.333560092000006,638700
8.334560092000007,0
8.335560092000007,0
8.336560092000006,0
8.337560092000007,0
8.338560092000007,0
8.339560092000006,0
8.340560092000008,0
8.341560092000007,0
8.342560092000006,0
8.343560092000008,0
8.344560092000007,510960
8.345560092000007,0
8.346560092000008,0
8.347560092000007,0
8.348560092000007,0
8.349560092000008,0
8.350560092000007,417668
8.351560092000007,516688
8.352560092000008,153536
8.353560092000007,0
8.354560092000007,0
8.355560092000006,0
8.356560092000008,553540
8.357560092000007,0
8.358560092000006,0
8.359560092000006,10838
8.360560092000007,0
8.361560092000007,0
8.362560092000006,0
8.363560092000007,0
8.364560092000007,0
8.365560092000006,0
8.366560092000007,0
8.367560092000007,0
8.368560092000006,0
8.369560092000008,553540
8.370560092000007,0
8.371560092000006,58
8.372560092000008,1186
8.373560092000007,0
8.374560092000007,0
8.375560092000008,0
8.376560092000007,0
8.377560092000007,0
8.378560092000008,0
8.379560092000007,0
8.380560092000007,596120
8.381560092000008,0
8.382560092000007,0
8.383560092000007,0
8.384560092000008,0
8.385560092000008,0
8.386560092000007,0
8.387560092000006,0
8.388560092000008,1244
8.389560092000007,0
8.390560092000007,0
8.391560092000006,510960
8.392560092000007,0
8.393560092000007,0
8.394560092000006,0
8.395560092000007,0
8.396560092000007,0
8.397560092000006,0
8.398560092000007,0
8.399560092000007,0
8.400560092000006,0
8.401560092000008,0
8.402560092000007,0
8.403560092000006,507632
8.404560092000008,45908
8.405560092000007,0
8.406560092000007,0
8.407560092000008,0
8.408560092000007,0
8.409560092000007,0
8.410560092000008,0
8.411560092000007,0
8.412560092000007,0
8.413560092000008,3598
8.414560092000007,464782
8.415560092000007,0
8.416560092000008,0
8.417560092000008,106400
8.418560092000007,0
8.419560092000006,0
8.420560092000008,0
8.421560092000007,0
8.422560092000007,0
8.423560092000006,0
8.424560092000007,58
8.425560092000007,344938
8.426560092000006,82048
8.427560092000007,0
8.428560092000007,0
8.429560092000006,0
8.430560092000007,0
8.431560092000007,0
8.432560092000006,0
8.433560092000008,0
8.434560092000007,0
8.435560092000006,553540
8.436560092000008,0
8.437560092000007,0
8.438560092000007,0
8.439560092000008,0
8.440560092000007,0
8.441560092000007,0
8.442560092000008,0
8.443560092000007,444704
8.444560092000007,518190
8.445560092000008,124998
8.446560092000007,0
8.447560092000007,425800
8.448560092000008,0
8.449560092000008,0
8.450560092000007,0
8.451560092000006,0
8.452560092000008,0
8.453560092000007,0
8.454560092000007,0
8.455560092000006,0
8.456560092000007,0
8.457560092000007,553540
8.458560092000006,0
8.459560092000007,0
8.460560092000007,0
8.461560092000006,0
8.462560092000007,58
8.463560092000007,106342
8.464560092000006,0
8.465560092000008,0
8.466560092000007,0
8.467560092000006,468380
8.468560092000008,0
8.469560092000007,0
8.470560092000007,0
8.471560092000008,0
8.472560092000007,0
8.473560092000007,294504
8.474560092000008,512182
8.475560092000007,281206
8.476560092000007,0
8.477560092000008,0
8.478560092000007,481486
8.479560092000007,453604
8.480560092000008,519692
8.481560092000008,58910
8.482560092000007,0
8.483560092000006,0
8.484560092000008,0
8.485560092000007,0
8.486560092000007,0
8.487560092000006,0
8.488560092000007,68238
8.489560092000007,442722
8.490560092000006,0
8.491560092000007,0
8.492560092000007,0
8.493560092000006,0
8.494560092000008,0
8.495560092000007,106400
8.496560092000006,0
8.497560092000008,0
8.498560092000007,0
8.499560092000007,0
8.500560092000008,0
8.501560092000007,0
8.502560092000007,553540
8.503560092000008,0
8.504560092000007,106400
8.505560092000007,0
8.506560092000008,0
8.507560092000006,0
8.508560092000007,0
8.509560092000008,0
8.510560092000006,0
8.511560092000007,0
8.512560092000008,464582
8.513560092000006,46378
8.514560092000007,0
8.515560092000008,0
8.516560092000006,0
8.517560092000007,0
8.518560092000008,0
8.519560092000006,0
8.520560092000007,0
8.521560092000009,0
8.522560092000006,104702
8.523560092000007,311670
8.524560092000009,67140
8.525560092000006,429572
8.526560092000008,518190
8.527560092000007,124998
8.528560092000006,0
8.529560092000008,0
8.530560092000007,0
8.531560092000007,0
8.532560092000008,0
8.533560092000007,0
8.534560092000007,0
8.535560092000008,514018
8.536560092000007,39522
8.537560092000007,0
8.538560092000008,0
8.539560092000006,0
8.540560092000007,0
8.541560092000008,99244
8.542560092000006,7156
8.543560092000007,0
8.544560092000008,0
8.545560092000006,468380
8.546560092000007,0
8.547560092000008,0
8.548560092000006,0
8.549560092000007,0
8.550560092000008,0
8.551560092000006,0
8.552560092000007,0
8.553560092000009,0
8.554560092000006,0
8.555560092000007,510960
8.556560092000009,0
8.557560092000006,0
8.558560092000008,0
8.559560092000007,0
8.560560092000006,0
8.561560092000008,0
8.562560092000007,0
8.563560092000007,0
8.564560092000008,0
8.565560092000007,0
8.566560092000007,425800
8.567560092000008,0
8.568560092000007,0
8.569560092000007,58
8.570560092000008,106342
8.571560092000006,0
8.572560092000007,0
8.573560092000008,0
8.574560092000006,0
8.575560092000007,0
8.576560092000008,467910
8.577560092000006,470
8.578560092000007,0
8.579560092000008,85726
8.580560092000006,479138
8.581560092000007,518190
8.582560092000008,4838
8.583560092000006,0
8.584560092000007,0
8.585560092000009,0
8.586560092000006,0
8.587560092000007,856008
8.588560092000009,515186
8.589560092000006,185078
8.590560092000008,0
8.591560092000007,0
8.592560092000006,0
8.593560092000008,0
8.594560092000007,0
8.595560092000007,0
8.596560092000008,0
8.597560092000007,0
8.598560092000007,596120
8.599560092000008,0
8.600560092000007,0
8.601560092000007,0
8.602560092000008,0
8.603560092000006,0
8.604560092000007,0
8.605560092000008,0
8.606560092000006,0
8.607560092000007,0
8.608560092000008,510960
8.609560092000006,0
8.610560092000007,0
8.611560092000008,0
8.612560092000006,0
8.613560092000007,0
8.614560092000008,0
8.615560092000006,0
8.616560092000007,0
8.617560092000009,0
8.618560092000006,468380
8.619560092000008,0
8.620560092000009,0
8.621560092000006,0
8.622560092000008,0
8.623560092000007,0
8.624560092000007,0
8.625560092000008,0
8.626560092000007,0
8.627560092000007,0
8.628560092000008,0
8.629560092000007,1244
8.630560092000007,454592
8.631560092000008,98948
8.632560092000007,0
8.633560092000007,0
8.634560092000008,0
8.635560092000006,0
8.636560092000007,0
8.637560092000008,0
8.638560092000006,0
8.639560092000007,0
8.640560092000008,0
8.641560092000006,553540
8.642560092000007,0
8.643560092000008,0
8.644560092000006,0
8.645560092000007,0
8.646560092000009,0
8.647560092000006,0
8.648560092000007,0
8.649560092000009,0
8.650560092000006,0
8.651560092000008,0
8.652560092000009,553540
8.653560092000006,0
8.654560092000008,0
8.655560092000007,0
8.656560092000007,0
8.657560092000008,0
8.658560092000007,0
8.659560092000007,0
8.660560092000008,0
8.661560092000007,0
8.662560092000007,0
8.663560092000008,425800
8.664560092000007,0
8.665560092000007,0
8.666560092000008,0
8.667560092000006,0
8.668560092000007,0
8.669560092000008,0
8.670560092000006,0
8.671560092000007,0
8.672560092000008,0
8.673560092000006,833760
8.674560092000007,507676
8.675560092000008,363816
8.676560092000006,0
8.677560092000007,0
8.678560092000009,0
8.679560092000006,0
8.680560092000007,0
8.681560092000009,0
8.682560092000006,0
8.683560092000008,553540
8.684560092000009,1244
8.685560092000006,0
8.686560092000008,0
8.687560092000007,0
8.688560092000007,0
8.689560092000008,0
8.690560092000007,0
8.691560092000007,0
8.692560092000008,0
8.693560092000007,54
8.694560092000007,425746
8.695560092000008,0
8.696560092000007,0
8.697560092000007,0
8.698560092000008,0
8.699560092000006,0
8.700560092000007,0
8.701560092000008,0
8.702560092000006,0
8.703560092000007,0
8.704560092000008,0
8.705560092000006,0
8.706560092000007,468380
8.707560092000008,0
8.708560092000006,58
8.709560092000007,476188
8.710560092000009,519692
8.711560092000006,91954
8.712560092000007,0
8.713560092000009,0
8.714560092000006,0
8.715560092000008,0
8.716560092000009,303906
8.717560092000006,164474
8.718560092000008,0
8.719560092000007,0
8.720560092000007,0
8.721560092000008,0
8.722560092000007,0
8.723560092000007,0
8.724560092000008,0
8.725560092000007,0
8.726560092000007,0
8.727560092000008,638700
8.728560092000007,0
8.729560092000007,0
8.730560092000008,0
8.731560092000006,0
8.732560092000007,0
8.733560092000008,0
8.734560092000006,0
8.735560092000007,0
8.736560092000008,0
8.737560092000006,132716
8.738560092000007,293084
8.739560092000008,0
8.740560092000006,0
8.741560092000007,0
8.742560092000009,0
8.743560092000006,0
8.744560092000008,0
8.745560092000009,0
8.746560092000006,0
8.747560092000008,0
8.748560092000009,0
8.749560092000007,638700
8.750560092000008,0
8.751560092000007,0
8.752560092000007,0
8.753560092000008,0
8.754560092000007,0
8.755560092000007,0
8.756560092000008,0
8.757560092000007,0
8.758560092000007,0
8.759560092000008,185918
8.760560092000008,367622
8.761560092000007,0
8.762560092000008,0
8.763560092000006,0
8.764560092000007,0
8.765560092000008,0
8.766560092000006,0
8.767560092000007,0
8.768560092000008,0
8.769560092000006,0
8.770560092000007,182336
8.771560092000009,286044
8.772560092000006,0
8.773560092000007,0
8.774560092000009,0
8.775560092000006,0
8.776560092000008,0
8.777560092000009,0
8.778560092000006,0
8.779560092000008,0
8.780560092000009,0
8.781560092000007,0
8.782560092000008,468380
8.783560092000007,0
8.784560092000007,0
8.785560092000008,0
8.786560092000007,0
8.787560092000007,0
8.788560092000008,0
8.789560092000007,112
8.790560092000007,10726
8.791560092000008,0
8.792560092000008,0
8.793560092000007,0
8.794560092000008,596120
8.795560092000006,0
8.796560092000007,0
8.797560092000008,0
8.798560092000006,0
8.799560092000007,0
8.800560092000008,0
8.801560092000006,0
8.802560092000007,0
8.803560092000009,0
8.804560092000006,10838
8.805560092000007,282262
8.806560092000009,143538
8.807560092000006,0
8.808560092000008,0
8.809560092000009,0
8.810560092000006,0
8.811560092000008,0
8.812560092000009,0
8.813560092000007,0
8.814560092000008,0
8.815560092000007,473048
8.816560092000007,123072
8.817560092000008,0
8.818560092000007,0
8.819560092000007,462728
8.820560092000008,518190
8.821560092000007,518190
8.822560092000007,518190
8.823560092000008,519692
8.824560092000008,624590
8.825560092000007,518190
8.826560092000008,870230
8.827560092000006,763772
8.828560092000007,518190
8.829560092000008,520936
8.830560092000006,518190
8.831560092000007,518190
8.832560092000008,518190
8.833560092000006,519692
8.834560092000007,518190
8.835560092000009,518190
8.836560092000006,519692
8.837560092000007,1118870
8.838560092000009,556210
8.839560092000006,519692
8.840560092000008,41454
8.841560092000009,0
8.842560092000006,0
8.843560092000008,0
8.844560092000009,0
8.845560092000007,0
8.846560092000008,0
8.847560092000007,0
8.848560092000007,510960
8.849560092000008,0
8.850560092000007,0
8.851560092000007,0
8.852560092000008,0
8.853560092000007,0
8.854560092000007,0
8.855560092000008,0
8.856560092000008,0
8.857560092000007,0
8.858560092000008,0
8.859560092000006,468380
8.860560092000007,0
8.861560092000008,0
8.862560092000006,0
8.863560092000007,0
8.864560092000008,0
8.865560092000006,0
8.866560092000007,0
8.867560092000009,0
8.868560092000006,0
8.869560092000008,425800
8.870560092000009,58
8.871560092000006,10780
8.872560092000008,0
8.873560092000009,0
8.874560092000007,0
8.875560092000008,0
8.876560092000009,0
8.877560092000007,0
8.878560092000008,0
8.879560092000007,0
8.880560092000007,425800
8.881560092000008,0
8.882560092000007,0
8.883560092000007,0
8.884560092000008,106400
8.885560092000008,0
8.886560092000007,0
8.887560092000008,1244
8.888560092000008,0
8.889560092000007,0
8.890560092000008,468380
8.891560092000006,0
8.892560092000007,0
8.893560092000008,0
8.894560092000006,0
8.895560092000007,0
8.896560092000009,0
8.897560092000006,0
8.898560092000007,0
8.899560092000009,0
8.900560092000006,383150
8.901560092000008,170390
8.902560092000009,0
8.903560092000006,0
8.904560092000008,106400
8.905560092000009,0
8.906560092000007,0
8.907560092000008,0
8.908560092000009,0
8.909560092000007,0
8.910560092000008,0
8.911560092000007,204720
8.912560092000007,221080
8.913560092000008,10838
8.914560092000007,0
8.915560092000007,0
8.916560092000008,0
8.917560092000008,0
8.918560092000007,0
8.919560092000008,0
8.920560092000008,0
8.921560092000007,0
8.922560092000008,0
8.923560092000006,0
8.924560092000007,427356
8.925560092000008,41024
8.926560092000006,0
8.927560092000007,0
8.928560092000009,0
8.929560092000006,0
8.930560092000007,0
8.931560092000009,0
8.932560092000006,0
8.933560092000008,0
8.934560092000009,0
8.935560092000006,0
8.936560092000008,510960
8.937560092000009,0
8.938560092000007,0
8.939560092000008,0
8.940560092000009,0
8.941560092000007,0
8.942560092000008,0
8.943560092000007,0
8.944560092000007,0
8.945560092000008,0
8.946560092000007,0
8.947560092000007,347464
8.948560092000008,120916
8.949560092000008,0
8.950560092000007,0
8.951560092000008,0
8.952560092000008,0
8.953560092000007,0
8.954560092000008,1244
8.955560092000006,0
8.956560092000007,0
8.957560092000008,0
8.958560092000006,0
8.959560092000007,154268
8.960560092000009,314112
8.961560092000006,0
8.962560092000007,0
8.963560092000009,0
8.964560092000006,106400
8.965560092000008,0
8.966560092000009,0
8.967560092000006,0
8.968560092000008,10838
8.969560092000009,0
8.970560092000007,0
8.971560092000008,468380
8.972560092000009,0
8.973560092000007,0
8.974560092000008,0
8.975560092000007,0
8.976560092000007,0
8.977560092000008,0
8.978560092000007,0
8.979560092000007,0
8.980560092000008,0
8.981560092000008,0
8.982560092000007,468380
8.983560092000008,0
8.984560092000008,0
8.985560092000007,0
8.986560092000008,0
8.987560092000006,0
8.988560092000007,0
8.989560092000008,0
8.990560092000006,0
8.991560092000007,0
8.992560092000009,510960
8.993560092000006,0
8.994560092000008,0
8.995560092000009,0
8.996560092000006,0
8.997560092000008,0
8.998560092000009,0
8.999560092000007,0
9.000560092000008,0
9.001560092000009,0
9.002560092000007,1244
9.003560092000008,0
9.004560092000009,596120
9.005560092000007,0
9.006560092000008,0
9.007560092000007,0
9.008560092000007,0
9.009560092000008,0
9.010560092000008,0
9.011560092000007,0
9.012560092000008,0
9.013560092000008,0
9.014560092000007,429004
9.015560092000008,81956
9.016560092000008,0
9.017560092000007,0
9.018560092000008,0
9.019560092000006,0
9.020560092000007,0
9.021560092000009,0
9.022560092000006,0
9.023560092000007,0
9.024560092000009,0
9.025560092000006,165760
9.026560092000008,260040
9.027560092000009,0
9.028560092000006,0
9.029560092000008,0
9.030560092000009,0
9.031560092000007,0
9.032560092000008,0
9.033560092000009,0
9.034560092000007,0
9.035560092000008,0
9.036560092000009,0
9.037560092000007,468380
9.038560092000008,0
9.039560092000007,0
9.040560092000007,0
9.041560092000008,0
9.042560092000008,0
9.043560092000007,0
9.044560092000008,0
9.045560092000008,0
9.046560092000007,0
9.047560092000008,0
9.048560092000008,510960
9.049560092000007,0
9.050560092000008,0
9.051560092000006,0
9.052560092000007,0
9.053560092000009,0
9.054560092000006,0
9.055560092000007,0
9.056560092000009,0
9.057560092000006,0
9.058560092000008,0
9.059560092000009,468380
9.060560092000006,0
9.061560092000008,0
9.062560092000009,0
9.063560092000007,0
9.064560092000008,0
9.065560092000009,0
9.066560092000007,0
9.067560092000008,0
9.06856009200001,0
9.069560092000007,0
9.070560092000008,468380
9.071560092000007,0
9.072560092000007,0
9.073560092000008,285492
9.074560092000008,510680
9.075560092000007,291720
9.076560092000008,0
9.077560092000008,0
9.078560092000007,0
9.079560092000008,0
9.080560092000008,0
9.081560092000007,425800
9.082560092000008,0
9.083560092000006,0
9.084560092000007,0
9.085560092000009,0
9.086560092000006,0
9.087560092000007,0
9.088560092000009,0
9.089560092000006,0
9.090560092000008,0
9.091560092000009,468380
9.092560092000006,0
9.093560092000008,0
9.094560092000009,291500
9.095560092000007,510680
9.096560092000008,285712
9.097560092000009,0
9.098560092000007,0
9.099560092000008,0
9.10056009200001,0
9.101560092000007,0
9.102560092000008,66682
9.103560092000007,401698
9.104560092000007,0
9.105560092000008,0
9.106560092000008,0
9.107560092000007,0
9.108560092000008,0
9.109560092000008,0
9.110560092000007,0
9.111560092000008,0
9.112560092000008,0
9.113560092000007,510960
9.114560092000008,0
9.115560092000006,0
9.116560092000007,0
9.117560092000009,0
9.118560092000006,0
9.119560092000008,0
9.120560092000009,0
9.121560092000006,0
9.122560092000008,0
9.123560092000009,0
9.124560092000007,326436
9.125560092000008,141944
9.126560092000009,0
9.127560092000007,0
9.128560092000008,0
9.129560092000009,0
9.130560092000007,0
9.131560092000008,0
9.13256009200001,157822
9.133560092000007,519692
9.134560092000008,518190
9.135560092000008,518244
9.136560092000007,988018
9.137560092000008,518190
9.138560092000008,518190
9.139560092000007,518190
9.140560092000008,519692
9.141560092000008,518190
9.142560092000007,518190
9.143560092000008,519692
9.144560092000008,518190
9.145560092000007,518190
9.146560092000009,1115812
9.147560092000006,518190
9.148560092000007,880284
9.149560092000009,1033376
9.150560092000006,730304
9.151560092000008,518190
9.152560092000009,518190
9.153560092000006,346360
9.154560092000008,0
9.155560092000009,0
9.156560092000007,468380
9.157560092000008,0
9.158560092000009,0
9.159560092000007,0
9.160560092000008,0
9.161560092000009,0
9.162560092000007,0
9.163560092000008,0
9.16456009200001,15132
9.165560092000007,91268
9.166560092000008,0
9.167560092000008,553540
9.168560092000007,0
9.169560092000008,0
9.170560092000008,0
9.171560092000007,0
9.172560092000008,0
9.173560092000008,0
9.174560092000007,0
9.175560092000008,0
9.176560092000008,0
9.177560092000007,378914
9.178560092000009,89466
9.179560092000006,0
9.180560092000007,0
9.181560092000009,0
9.182560092000006,0
9.183560092000008,0
9.184560092000009,0
9.185560092000006,0
9.186560092000008,0
9.187560092000009,0
9.188560092000007,425800
9.189560092000008,0
9.190560092000009,0
9.191560092000007,0
9.192560092000008,0
9.19356009200001,0
9.194560092000007,0
9.195560092000008,0
9.19656009200001,0
9.197560092000007,0
9.198560092000008,10838
9.199560092000008,0
9.200560092000007,638700
9.201560092000008,0
9.202560092000008,0
9.203560092000007,0
9.204560092000008,0
9.205560092000008,0
9.206560092000007,0
9.207560092000008,0
9.208560092000008,0
9.209560092000007,0
9.210560092000009,0
9.211560092000006,0
9.212560092000007,0
9.213560092000009,468380
9.214560092000006,0
9.215560092000008,0
9.216560092000009,0
9.217560092000006,0
9.218560092000008,0
9.219560092000009,0
9.220560092000007,0
9.221560092000008,0
9.222560092000009,0
9.223560092000007,0
9.224560092000008,553540
9.22556009200001,0
9.226560092000007,0
9.227560092000008,0
9.22856009200001,0
9.229560092000007,0
9.230560092000008,0
9.231560092000008,0
9.232560092000007,0
9.233560092000008,0
9.234560092000008,343536
9.235560092000007,210004
9.236560092000008,0
9.237560092000008,106400
9.238560092000007,0
9.239560092000008,0
9.240560092000008,0
9.241560092000007,0
9.242560092000009,0
9.243560092000006,0
9.244560092000008,307580
9.245560092000009,245960
9.246560092000006,0
9.247560092000008,0
9.248560092000009,0
9.249560092000007,0
9.250560092000008,0
9.251560092000009,0
9.252560092000007,0
9.253560092000008,0
9.254560092000009,243436
9.255560092000007,509178
9.256560092000008,973978
9.25756009200001,0
9.258560092000007,0
9.259560092000008,0
9.26056009200001,0
9.261560092000007,0
9.262560092000008,0
9.263560092000008,0
9.264560092000007,0
9.265560092000008,0
9.266560092000008,289664
9.267560092000007,349036
9.268560092000008,0
9.269560092000008,0
9.270560092000007,0
9.271560092000009,0
9.272560092000008,0
9.273560092000007,0
9.274560092000009,0
9.275560092000006,0
9.276560092000008,0
9.277560092000009,425800
9.278560092000006,0
9.279560092000008,0
9.280560092000009,0
9.281560092000007,0
9.282560092000008,0
9.283560092000009,0
9.284560092000007,0
9.285560092000008,0
9.286560092000009,0
9.287560092000007,425800
9.288560092000008,0
9.28956009200001,0
9.290560092000007,0
9.291560092000008,0
9.29256009200001,0
9.293560092000007,0
9.294560092000008,0
9.295560092000008,0
9.296560092000007,1244
9.297560092000008,0
9.298560092000008,468380
9.299560092000007,0
9.300560092000008,0
9.301560092000008,0
9.302560092000007,0
9.303560092000009,0
9.304560092000008,0
9.305560092000007,0
9.306560092000009,189364
9.307560092000006,504672
9.308560092000008,393856
9.309560092000009,510960
9.310560092000006,0
9.311560092000008,0
9.312560092000009,0
9.313560092000007,0
9.314560092000008,0
9.315560092000009,0
9.316560092000007,0
9.317560092000008,0
9.31856009200001,1190
9.319560092000007,414962
9.320560092000008,10892
9.32156009200001,0
9.322560092000007,0
9.323560092000008,0
9.32456009200001,0
9.325560092000007,0
9.326560092000008,0
9.327560092000008,0
9.328560092000007,0
9.329560092000008,299010
9.330560092000008,510680
9.331560092000007,789162
9.332560092000008,0
9.333560092000008,0
9.334560092000007,0
9.335560092000009,0
9.336560092000008,0
9.337560092000007,0
9.338560092000009,0
9.339560092000006,0
9.340560092000008,0
9.341560092000009,425800
9.342560092000006,0
9.343560092000008,0
9.344560092000009,0
9.345560092000007,0
9.346560092000008,0
9.347560092000009,0
9.348560092000007,0
9.349560092000008,0
9.35056009200001,0
9.351560092000007,0
9.352560092000008,596120
9.35356009200001,0
9.354560092000007,0
9.355560092000008,0
9.35656009200001,0
9.357560092000007,0
9.358560092000008,0
9.359560092000008,0
9.360560092000007,0
9.361560092000008,0
9.362560092000008,0
9.363560092000007,510960
9.364560092000008,0
9.365560092000008,0
9.366560092000007,57188
9.367560092000009,49270
9.368560092000008,10780
9.369560092000008,0
9.370560092000009,0
9.371560092000006,0
9.372560092000008,0
9.373560092000009,0
9.374560092000007,468380
9.375560092000008,0
9.376560092000009,0
9.377560092000007,0
9.378560092000008,0
9.379560092000009,0
9.380560092000007,0
9.381560092000008,0
9.38256009200001,0
9.383560092000007,0
9.384560092000008,379892
9.38556009200001,45908
9.386560092000007,0
9.387560092000008,0
9.38856009200001,0
9.389560092000007,0
9.390560092000008,0
9.391560092000008,0
9.392560092000007,0
9.393560092000008,0
9.394560092000008,0
9.395560092000007,638700
9.396560092000009,0
9.397560092000008,0
9.398560092000007,0
9.399560092000009,106400
9.400560092000008,0
9.401560092000008,0
9.402560092000009,0
9.403560092000006,0
9.404560092000008,0
9.405560092000009,553686
9.406560092000007,42434
9.407560092000008,0
9.408560092000009,106400
9.409560092000007,0
9.410560092000008,0
9.411560092000009,10838
9.412560092000007,0
9.413560092000008,10838
9.41456009200001,0
9.415560092000007,0
9.416560092000008,468380
9.41756009200001,0
9.418560092000007,548454
9.419560092000008,1018356
9.42056009200001,608974
9.421560092000007,0
9.422560092000008,0
9.423560092000008,0
9.424560092000007,0
9.425560092000008,0
9.426560092000008,0
9.427560092000007,0
9.428560092000009,0
9.429560092000008,0
9.430560092000007,425800
9.431560092000009,0
9.432560092000008,0
9.433560092000008,0
9.434560092000009,0
9.435560092000006,0
9.436560092000008,0
9.437560092000009,0
9.438560092000007,0
9.439560092000008,0
9.440560092000009,174772
9.441560092000007,261866
9.442560092000008,0
9.44356009200001,0
9.444560092000007,0
9.445560092000008,0
9.44656009200001,0
9.447560092000007,0
9.448560092000008,0
9.44956009200001,0
9.450560092000007,12124
9.451560092000008,456256
9.45256009200001,0
9.453560092000007,0
9.454560092000008,0
9.455560092000008,0
9.456560092000007,0
9.457560092000008,0
9.458560092000008,0
9.459560092000007,0
9.460560092000009,0
9.461560092000008,209588
9.462560092000007,429112
9.463560092000009,0
9.464560092000008,0
9.465560092000008,0
9.466560092000009,0
9.467560092000006,0
9.468560092000008,0
9.469560092000009,0
9.470560092000007,0
9.471560092000008,0
9.472560092000009,510960
9.473560092000007,0
9.474560092000008,0
9.47556009200001,0
9.476560092000007,0
9.477560092000008,0
9.47856009200001,0
9.479560092000007,0
9.480560092000008,0
9.48156009200001,0
9.482560092000007,0
9.483560092000008,17062
9.48456009200001,408738
9.485560092000007,0
9.486560092000008,0
9.487560092000008,0
9.488560092000007,0
9.489560092000008,0
9.490560092000008,0
9.491560092000007,0
9.492560092000009,0
9.493560092000008,6062
9.494560092000008,632638
9.495560092000009,0
9.496560092000008,0
9.497560092000008,0
9.498560092000009,0
9.499560092000007,0
9.500560092000008,0
9.501560092000009,0
9.502560092000007,0
9.503560092000008,0
9.504560092000009,638700
9.505560092000007,0
9.506560092000008,0
9.50756009200001,0
9.508560092000007,0
9.509560092000008,0
9.51056009200001,0
9.511560092000007,0
9.512560092000008,0
9.51356009200001,0
9.514560092000007,0
9.515560092000008,553540
9.51656009200001,0
9.517560092000007,0
9.518560092000008,0
9.519560092000008,0
9.520560092000007,0
9.521560092000009,0
9.522560092000008,0
9.523560092000007,0
9.524560092000009,0
9.525560092000008,0
9.526560092000008,0
9.527560092000009,638700
9.528560092000008,0
9.529560092000008,0
9.530560092000009,0
9.531560092000007,0
9.532560092000008,0
9.533560092000009,0
9.534560092000007,0
9.535560092000008,0
9.536560092000009,0
9.537560092000007,0
9.538560092000008,0
9.53956009200001,510960
9.540560092000007,0
9.541560092000008,0
9.54256009200001,0
9.543560092000007,0
9.544560092000008,0
9.54556009200001,0
9.546560092000007,0
9.547560092000008,0
9.54856009200001,0
9.549560092000007,0
9.550560092000008,510960
9.551560092000008,0
9.552560092000007,0
9.553560092000009,0
9.554560092000008,0
9.555560092000007,0
9.556560092000009,0
9.557560092000008,0
9.558560092000008,0
9.559560092000009,0
9.560560092000008,0
9.561560092000008,425800
9.562560092000009,0
9.563560092000007,0
9.564560092000008,0
9.565560092000009,0
9.566560092000007,18136
9.567560092000008,401034
9.56856009200001,516688
9.569560092000007,518190
9.570560092000008,519692
9.57156009200001,518190
9.572560092000007,943990
9.573560092000008,518190
9.57456009200001,519692
9.575560092000007,518190
9.576560092000008,518190
9.57756009200001,519692
9.578560092000007,518190
9.579560092000008,518190
9.58056009200001,519692
9.581560092000007,518190
9.582560092000008,518190
9.583560092000008,945492
9.584560092000007,518190
9.585560092000009,518190
9.586560092000008,518190
9.587560092000007,519692
9.588560092000009,86514
9.589560092000008,0
9.590560092000008,0
9.591560092000009,0
9.592560092000008,0
9.593560092000008,596120
9.594560092000009,0
9.595560092000007,0
9.596560092000008,0
9.597560092000009,106400
9.598560092000007,0
9.599560092000008,0
9.60056009200001,0
9.601560092000007,0
9.602560092000008,0
9.60356009200001,0
9.604560092000007,0
9.605560092000008,544058
9.60656009200001,9482
9.607560092000007,0
9.608560092000008,0
9.60956009200001,0
9.610560092000007,0
9.611560092000008,0
9.61256009200001,0
9.613560092000007,0
9.614560092000008,0
9.615560092000008,58
9.616560092000007,426986
9.617560092000009,0
9.618560092000008,0
9.619560092000008,0
9.620560092000009,0
9.621560092000008,106400
9.622560092000008,0
9.623560092000009,0
9.624560092000008,0
9.625560092000008,0
9.626560092000009,0
9.627560092000007,0
9.628560092000008,468380
9.629560092000009,0
9.630560092000007,0
9.631560092000008,1244
9.63256009200001,0
9.633560092000007,0
9.634560092000008,0
9.63556009200001,0
9.636560092000007,0
9.637560092000008,0
9.63856009200001,510960
9.639560092000007,0
9.640560092000008,0
9.64156009200001,0
9.642560092000007,0
9.643560092000008,0
9.64456009200001,0
9.645560092000007,0
9.646560092000009,0
9.647560092000008,0
9.648560092000007,0
9.649560092000009,0
9.650560092000008,120272
9.651560092000008,962538
9.652560092000009,473462
9.653560092000008,0
9.654560092000008,0
9.655560092000009,0
9.656560092000008,0
9.657560092000008,0
9.658560092000009,0
9.659560092000007,0
9.660560092000008,0
9.661560092000009,0
9.662560092000007,0
9.663560092000008,0
9.66456009200001,0
9.665560092000007,553540
9.666560092000008,0
9.66756009200001,0
9.668560092000007,0
9.669560092000008,0
9.67056009200001,16634
9.671560092000007,395026
9.672560092000008,516688
9.67356009200001,159544
9.674560092000007,0
9.675560092000008,425800
9.67656009200001,0
9.677560092000007,0
9.678560092000009,0
9.679560092000008,0
9.680560092000007,0
9.681560092000009,1244
9.682560092000008,0
9.683560092000008,0
9.684560092000009,0
9.685560092000008,0
9.686560092000008,553540
9.687560092000009,0
9.688560092000008,423676
9.689560092000008,516688
9.690560092000009,147528
9.691560092000007,0
9.692560092000008,0
9.69356009200001,0
9.694560092000007,0
9.695560092000008,0
9.69656009200001,469624
9.697560092000007,0
9.698560092000008,0
9.69956009200001,0
9.700560092000007,0
9.701560092000008,0
9.70256009200001,0
9.703560092000007,0
9.704560092000008,0
9.70556009200001,0
9.706560092000007,0
9.707560092000008,0
9.70856009200001,0
9.709560092000007,0
9.710560092000009,0
9.711560092000008,553540
9.712560092000007,0
9.713560092000009,0
9.714560092000008,0
9.715560092000008,106400
9.716560092000009,0
9.717560092000008,0
9.718560092000008,0
9.719560092000009,0
9.720560092000008,0
9.721560092000008,468380
9.722560092000009,0
9.723560092000007,0
9.724560092000008,0
9.72556009200001,0
9.726560092000007,0
9.727560092000008,0
9.72856009200001,0
9.729560092000007,0
9.730560092000008,0
9.73156009200001,425800
9.732560092000007,0
9.733560092000008,0
9.73456009200001,0
9.735560092000007,0
9.736560092000008,0
9.73756009200001,0
9.738560092000007,0
9.739560092000008,0
9.74056009200001,0
9.741560092000007,0
9.742560092000009,0
9.743560092000008,553540
9.744560092000008,0
9.745560092000009,0
9.746560092000008,1244
9.747560092000008,0
9.748560092000009,0
9.749560092000008,0
9.750560092000008,0
9.751560092000009,0
9.752560092000008,0
9.753560092000008,0
9.754560092000009,468380
9.755560092000007,0
9.756560092000008,0
9.75756009200001,0
9.758560092000007,0
9.759560092000008,0
9.76056009200001,0
9.761560092000007,0
9.762560092000008,0
9.76356009200001,0
9.764560092000007,0
9.765560092000008,425800
9.76656009200001,0
9.767560092000007,0
9.768560092000008,0
9.76956009200001,0
9.770560092000007,0
9.771560092000009,0
9.77256009200001,0
9.773560092000007,0
9.774560092000009,0
9.775560092000008,468380
9.776560092000008,0
9.777560092000009,0
9.778560092000008,0
9.779560092000008,0
9.780560092000009,0
9.781560092000008,0
9.782560092000008,0
9.783560092000009,0
9.784560092000008,0
9.785560092000008,756
9.786560092000009,595364
9.787560092000007,10784
9.788560092000008,54
9.78956009200001,0
9.790560092000007,0
9.791560092000008,0
9.79256009200001,0
9.793560092000007,0
9.794560092000008,0
9.79556009200001,0
9.796560092000007,0
9.797560092000008,0
9.79856009200001,0
9.799560092000007,596120
9.800560092000008,0
9.80156009200001,0
9.802560092000007,0
9.803560092000009,0
9.80456009200001,0
9.805560092000007,0
9.806560092000009,0
9.807560092000008,0
9.808560092000008,0
9.809560092000009,0
9.810560092000008,291528
9.811560092000008,262012
9.812560092000009,0
9.813560092000008,0
9.814560092000008,0
9.815560092000009,0
9.816560092000008,93236
9.817560092000008,485146
9.81856009200001,509456
9.819560092000007,54
9.820560092000008,0
9.82156009200001,468380
9.822560092000007,0
9.823560092000008,0
9.82456009200001,0
9.825560092000007,0
9.826560092000008,1244
9.82756009200001,0
9.828560092000007,0
9.829560092000008,0
9.83056009200001,0
9.831560092000007,0
9.832560092000008,553540
9.83356009200001,0
9.834560092000007,0
9.835560092000009,0
9.83656009200001,0
9.837560092000007,0
9.838560092000009,0
9.839560092000008,0
9.840560092000008,0
9.841560092000009,0
9.842560092000008,0
9.843560092000008,553540
9.844560092000009,0
9.845560092000008,0
9.846560092000008,0
9.847560092000009,0
9.848560092000008,0
9.849560092000008,0
9.85056009200001,0
9.851560092000007,0
9.852560092000008,0
9.85356009200001,54
9.854560092000007,425746
9.855560092000008,0
9.85656009200001,0
9.857560092000007,0
9.858560092000008,0
9.85956009200001,0
9.860560092000007,0
9.861560092000008,0
9.86256009200001,0
9.863560092000007,0
9.864560092000008,0
9.86556009200001,0
9.866560092000007,638700
9.867560092000009,0
9.86856009200001,0
9.869560092000008,0
9.870560092000009,0
9.871560092000008,0
9.872560092000008,0
9.873560092000009,0
9.874560092000008,0
9.875560092000008,0
9.876560092000009,425800
9.877560092000008,0
9.878560092000008,0
9.879560092000009,0
9.880560092000009,0
9.881560092000008,1244
9.88256009200001,0
9.883560092000007,0
9.884560092000008,0
9.88556009200001,0
9.886560092000007,452890
9.887560092000008,15490
9.88856009200001,0
9.889560092000007,0
9.890560092000008,0
9.89156009200001,49678
9.892560092000007,647474
9.893560092000008,1025866
9.89456009200001,592120
9.895560092000007,519692
9.896560092000009,518190
9.89756009200001,997354
9.898560092000007,519746
9.899560092000009,518190
9.90056009200001,518190
9.901560092000008,518190
9.902560092000009,519692
9.903560092000008,518190
9.904560092000008,518190
9.905560092000009,519692
9.906560092000008,518190
9.907560092000008,518190
9.908560092000009,984656
9.909560092000008,1027368
9.910560092000008,1037882
9.911560092000009,539550
9.912560092000009,518190
9.913560092000008,518190
9.91456009200001,518190
9.915560092000007,519692
9.916560092000008,518190
9.91756009200001,518190
9.918560092000007,1073232
9.919560092000008,518190
9.92056009200001,518190
9.921560092000007,519692
9.922560092000008,518190
9.92356009200001,518190
9.924560092000007,518190
9.925560092000008,519692
9.92656009200001,518190
9.927560092000007,518190
9.928560092000009,519692
9.92956009200001,530962
9.930560092000007,1101538
9.931560092000009,519692
9.93256009200001,518190
9.933560092000008,518190
9.934560092000009,519692
9.935560092000008,518190
9.936560092000008,518190
9.937560092000009,518190
9.938560092000008,519692
9.939560092000008,518190
9.940560092000009,1071730
9.941560092000008,519692
9.942560092000008,518190
9.94356009200001,518190
9.944560092000009,519692
9.945560092000008,518190
9.94656009200001,518190
9.947560092000007,518190
9.948560092000008,519692
9.94956009200001,518190
9.950560092000007,577416
9.951560092000008,971426
9.95256009200001,518190
9.953560092000007,518190
9.954560092000008,519692
9.95556009200001,518190
9.956560092000007,624590
9.957560092000008,519692
9.95856009200001,518190
9.959560092000007,518190
9.960560092000009,518190
9.96156009200001,776566
9.962560092000007,729696
9.963560092000009,518190
9.96456009200001,519692
9.965560092000008,518190
9.966560092000009,518190
9.967560092000008,519692
9.968560092000008,518190
9.969560092000009,518190
9.970560092000008,518190
9.971560092000008,610568
9.972560092000009,1023434
9.973560092000008,518190
9.974560092000008,519692
9.97556009200001,518190
9.976560092000009,518190
9.977560092000008,519692
9.97856009200001,518190
9.979560092000007,518190
9.980560092000008,519692
9.98156009200001,518190
9.982560092000007,518244
9.983560092000008,1071676
9.98456009200001,519692
9.985560092000007,518190
9.986560092000008,518190
9.98756009200001,519692
9.988560092000007,518190
9.989560092000008,518190
9.99056009200001,519692
9.991560092000007,518190
9.992560092000009,518248
9.99356009200001,1636082
9.994560092000008,1037882
9.995560092000009,608642
9.99656009200001,518190
9.997560092000008,519692
9.998560092000009,518190
9.999560092000008,488150
