Time(s),BytesReceived
0.500560092,58
0.5015600920000001,116
0.502560092,58
0.5035600920000001,58
0.504560092,0
0.5055600920000001,58
0.506560092,58
0.5075600920000001,58
0.508560092,58
0.5095600920000001,58
0.510560092,58
0.5115600920000001,58
0.512560092,58
0.5135600920000001,58
0.514560092,58
0.5155600920000001,0
0.516560092,0
0.5175600920000001,0
0.518560092,0
0.5195600920000001,0
0.520560092,0
0.5215600920000001,0
0.522560092,0
0.5235600920000001,0
0.524560092,0
0.5255600920000001,0
0.526560092,0
0.5275600920000001,0
0.528560092,0
0.5295600920000001,0
0.530560092,0
0.5315600920000001,0
0.532560092,0
0.5335600920000001,0
0.534560092,0
0.5355600920000001,0
0.536560092,0
0.5375600920000001,0
0.538560092,0
0.5395600920000001,0
0.540560092,0
0.5415600920000001,0
0.542560092,0
0.5435600920000001,0
0.544560092,0
0.5455600920000001,0
0.546560092,0
0.5475600920000001,0
0.548560092,0
0.5495600920000001,0
0.550560092,0
0.5515600920000001,0
0.552560092,0
0.5535600920000001,0
0.554560092,0
0.5555600920000001,0
0.556560092,0
0.5575600920000001,0
0.558560092,0
0.5595600920000001,0
0.560560092,0
0.5615600920000001,0
0.562560092,0
0.5635600920000001,0
0.564560092,0
0.5655600920000001,0
0.566560092,0
0.5675600920000001,0
0.568560092,0
0.5695600920000001,0
0.570560092,0
0.5715600920000001,0
0.572560092,0
0.5735600920000001,0
0.574560092,0
0.5755600920000001,0
0.576560092,0
0.5775600920000001,0
0.578560092,0
0.5795600920000001,0
0.580560092,0
0.5815600920000001,0
0.582560092,0
0.5835600920000001,0
0.584560092,0
0.5855600920000001,0
0.586560092,0
0.5875600920000001,0
0.588560092,0
0.5895600920000001,0
0.590560092,0
0.5915600920000001,0
0.592560092,0
0.5935600920000002,0
0.594560092,0
0.5955600920000002,0
0.596560092,0
0.5975600920000002,0
0.598560092,0
0.5995600920000002,0
0.600560092,0
0.6015600920000002,0
0.602560092,0
0.6035600920000002,0
0.604560092,0
0.6055600920000002,0
0.606560092,0
0.6075600920000002,0
0.608560092,0
0.6095600920000002,0
0.610560092,0
0.6115600920000002,0
0.6125600920000001,0
0.6135600920000002,0
0.6145600920000001,0
0.6155600920000002,0
0.6165600920000001,851600
0.6175600920000002,553540
0.6185600920000001,596120
0.6195600920000002,425800
0.6205600920000001,1027982
0.6215600920000002,36518
0.6225600920000001,0
0.6235600920000002,420462
0.6245600920000001,90498
0.6255600920000002,553540
0.6265600920000001,553540
0.6275600920000002,851600
0.6285600920000001,0
0.6295600920000002,0
0.6305600920000001,600788
0.6315600920000002,548872
0.6325600920000001,510960
0.6335600920000002,468380
0.6345600920000001,0
0.6355600920000002,0
0.6365600920000001,0
0.6375600920000002,245420
0.6385600920000001,222960
0.6395600920000002,468380
0.6405600920000001,468380
0.6415600920000002,510960
0.6425600920000001,468380
0.6435600920000002,630898
0.6445600920000001,518762
0.6455600920000002,0
0.6465600920000001,0
0.6475600920000002,54
0.6485600920000001,1107026
0.6495600920000002,425800
0.6505600920000001,0
0.6515600920000002,0
0.6525600920000001,524078
0.6535600920000002,412682
0.6545600920000001,0
0.6555600920000002,468434
0.6565600920000001,638646
0.6575600920000002,468380
0.6585600920000001,553540
0.6595600920000002,0
0.6605600920000001,0
0.6615600920000002,0
0.6625600920000001,0
0.6635600920000002,360166
0.6645600920000001,278534
0.6655600920000002,553540
0.6665600920000001,0
0.6675600920000002,54
0.6685600920000001,468326
0.6695600920000002,0
0.6705600920000001,973008
0.6715600920000002,474712
0.6725600920000001,551584
0.6735600920000002,385176
0.6745600920000001,508664
0.6755600920000002,44876
0.6765600920000001,0
0.6775600920000002,0
0.6785600920000001,0
0.6795600920000002,308898
0.6805600920000001,244642
0.6815600920000002,425800
0.6825600920000001,425800
0.6835600920000002,0
0.6845600920000001,0
0.6855600920000002,1021920
0.6865600920000001,392286
0.6875600920000002,33514
0.6885600920000001,0
0.6895600920000002,427356
0.6905600920000001,139410
0.6915600920000002,1136434
0.6925600920000001,248532
0.6935600920000002,305008
0.6945600920000001,425800
0.6955600920000002,468380
0.6965600920000001,468380
0.6975600920000002,501964
0.6985600920000001,945756
0.6995600920000002,0
0.7005600920000001,304284
0.7015600920000002,675056
0.7025600920000001,0
0.7035600920000002,553540
0.7045600920000001,596120
0.7055600920000002,848018
0.7065600920000001,684862
0.7075600920000003,1049010
0.7085600920000001,654190
0.7095600920000003,0
0.7105600920000001,0
0.7115600920000003,468380
0.7125600920000001,0
0.7135600920000003,468380
0.7145600920000001,468380
0.7155600920000003,1021920
0.7165600920000001,553540
0.7175600920000003,530632
0.7185600920000002,22908
0.7195600920000003,348350
0.7205600920000002,77450
0.7215600920000003,0
0.7225600920000002,0
0.7235600920000003,0
0.7245600920000002,320844
0.7255600920000003,658496
0.7265600920000002,638700
0.7275600920000003,1004458
0.7285600920000002,17462
0.7295600920000003,0
0.7305600920000002,0
0.7315600920000003,0
0.7325600920000002,553540
0.7335600920000003,0
0.7345600920000002,0
0.7355600920000003,0
0.7365600920000002,936760
0.7375600920000003,0
0.7385600920000002,557084
0.7395600920000003,890636
0.7405600920000002,425854
0.7415600920000003,425746
0.7425600920000002,450756
0.7435600920000003,574276
0.7445600920000002,82048
0.7455600920000003,425800
0.7465600920000002,0
0.7475600920000003,1064500
0.7485600920000002,0
0.7495600920000003,0
0.7505600920000002,553594
0.7515600920000003,894126
0.7525600920000002,1484854
0.7535600920000003,5446
0.7545600920000002,425800
0.7555600920000003,352964
0.7565600920000002,157996
0.7575600920000003,894180
0.7585600920000002,0
0.7595600920000003,0
0.7605600920000002,158358
0.7615600920000003,352602
0.7625600920000002,0
0.7635600920000003,0
0.7645600920000002,227396
0.7655600920000003,240984
0.7665600920000002,0
0.7675600920000003,894180
0.7685600920000002,132716
0.7695600920000003,761464
0.7705600920000002,0
0.7715600920000003,0
0.7725600920000002,468380
0.7735600920000003,234036
0.7745600920000002,362084
0.7755600920000003,0
0.7765600920000002,0
0.7775600920000003,1021920
0.7785600920000002,468380
0.7795600920000003,6602
0.7805600920000002,930158
0.7815600920000003,510960
0.7825600920000002,510960
0.7835600920000003,0
0.7845600920000002,270030
0.7855600920000003,966362
0.7865600920000002,892608
0.7875600920000003,936760
0.7885600920000002,504482
0.7895600920000003,354882
0.7905600920000002,119976
0.7915600920000003,425800
0.7925600920000002,638700
0.7935600920000003,699828
0.7945600920000002,747892
0.7955600920000003,468380
0.7965600920000002,425800
0.7975600920000003,553540
0.7985600920000002,425800
0.7995600920000003,983576
0.8005600920000002,506724
0.8015600920000003,468380
0.8025600920000002,553540
0.8035600920000003,553540
0.8045600920000002,0
0.8055600920000003,0
0.8065600920000002,0
0.8075600920000003,0
0.8085600920000002,162
0.8095600920000003,553378
0.8105600920000002,395852
0.8115600920000003,30002
0.8125600920000002,638646
0.8135600920000003,0
0.8145600920000002,468380
0.8155600920000003,433472
0.8165600920000002,1056828
0.8175600920000003,468380
0.8185600920000002,0
0.8195600920000004,0
0.8205600920000002,444418
0.8215600920000004,875562
0.8225600920000002,545852
0.8235600920000004,92848
0.8245600920000002,0
0.8255600920000004,292830
0.8265600920000002,561882
0.8275600920000004,82048
0.8285600920000002,12610
0.8295600920000004,455824
0.8305600920000002,425746
0.8315600920000004,0
0.8325600920000003,510960
0.8335600920000004,0
0.8345600920000003,756380
0.8355600920000004,648760
0.8365600920000003,425800
0.8375600920000004,553540
0.8385600920000003,0
0.8395600920000004,406944
0.8405600920000003,461686
0.8415600920000004,207940
0.8425600920000003,38614
0.8435600920000004,478408
0.8445600920000003,492828
0.8455600920000004,679832
0.8465600920000003,342088
0.8475600920000004,468380
0.8485600920000003,979340
0.8495600920000004,0
0.8505600920000003,425330
0.8515600920000004,426270
0.8525600920000003,0
0.8535600920000004,468380
0.8545600920000003,39808
0.8555600920000004,556312
0.8565600920000003,425800
0.8575600920000004,425800
0.8585600920000003,425800
0.8595600920000004,553540
0.8605600920000003,447914
0.8615600920000004,20466
0.8625600920000003,0
0.8635600920000004,425800
0.8645600920000003,638700
0.8655600920000004,0
0.8665600920000003,0
0.8675600920000004,468380
0.8685600920000003,0
0.8695600920000004,1021920
0.8705600920000003,510960
0.8715600920000004,1064500
0.8725600920000003,0
0.8735600920000004,0
0.8745600920000003,0
0.8755600920000004,596120
0.8765600920000003,2096
0.8775600920000004,466338
0.8785600920000003,1163356
0.8795600920000004,965590
0.8805600920000003,0
0.8815600920000004,0
0.8825600920000003,425800
0.8835600920000004,1107080
0.8845600920000003,392556
0.8855600920000004,246144
0.8865600920000003,596120
0.8875600920000004,0
0.8885600920000003,32136
0.8895600920000004,436244
0.8905600920000003,275314
0.8915600920000004,150486
0.8925600920000003,0
0.8935600920000004,468380
0.8945600920000003,0
0.8955600920000004,0
0.8965600920000003,0
0.8975600920000004,0
0.8985600920000003,425800
0.8995600920000004,638700
0.9005600920000003,468380
0.9015600920000004,425800
0.9025600920000003,553540
0.9035600920000004,0
0.9045600920000003,894180
0.9055600920000004,0
0.9065600920000003,337474
0.9075600920000004,173486
0.9085600920000003,390514
0.9095600920000004,588826
0.9105600920000003,510960
0.9115600920000004,0
0.9125600920000003,0
0.9135600920000004,638700
0.9145600920000003,0
0.9155600920000004,0
0.9165600920000003,512608
0.9175600920000004,594472
0.9185600920000003,894180
0.9195600920000004,0
0.9205600920000003,0
0.9215600920000004,0
0.9225600920000003,1242438
0.9235600920000004,971722
0.9245600920000003,836110
0.9255600920000004,15490
0.9265600920000003,468380
0.9275600920000004,0
0.9285600920000003,0
0.9295600920000004,0
0.9305600920000003,1107080
0.9315600920000005,1107080
0.9325600920000003,108
0.9335600920000005,851492
0.9345600920000003,553540
0.9355600920000005,302512
0.9365600920000003,251028
0.9375600920000005,0
0.9385600920000003,469936
0.9395600920000005,466824
0.9405600920000003,0
0.9415600920000005,425800
0.9425600920000003,0
0.9435600920000005,596120
0.9445600920000004,0
0.9455600920000005,553540
0.9465600920000004,553540
0.9475600920000005,425800
0.9485600920000004,54
0.9495600920000005,894126
0.9505600920000004,0
0.9515600920000005,0
0.9525600920000004,1064500
0.9535600920000005,553540
0.9545600920000004,271748
0.9555600920000005,154160
0.9565600920000004,468272
0.9575600920000005,0
0.9585600920000004,597676
0.9595600920000005,41024
0.9605600920000004,1149660
0.9615600920000005,0
0.9625600920000004,0
0.9635600920000005,0
0.9645600920000004,0
0.9655600920000005,809706
0.9665600920000004,936074
0.9675600920000005,889204
0.9685600920000004,4976
0.9695600920000005,0
0.9705600920000004,468380
0.9715600920000005,9552
0.9725600920000004,416356
0.9735600920000005,425692
0.9745600920000004,0
0.9755600920000005,0
0.9765600920000004,482492
0.9775600920000005,1092968
0.9785600920000004,0
0.9795600920000005,425962
0.9805600920000004,553378
0.9815600920000005,0
0.9825600920000004,468380
0.9835600920000005,0
0.9845600920000004,0
0.9855600920000005,1064500
0.9865600920000004,468380
0.9875600920000005,0
0.9885600920000004,638700
0.9895600920000005,0
0.9905600920000004,9606
0.9915600920000005,884574
0.9925600920000004,468380
0.9935600920000005,425800
0.9945600920000004,0
0.9955600920000005,425800
0.9965600920000004,425800
0.9975600920000005,0
0.9985600920000004,0
0.9995600920000005,29348
1.0005600920000004,609352
1.0015600920000005,0
1.0025600920000004,0
1.0035600920000005,0
1.0045600920000004,0
1.0055600920000005,511014
1.0065600920000004,621254
1.0075600920000005,954152
1.0085600920000004,0
1.0095600920000005,0
1.0105600920000004,553540
1.0115600920000005,999482
1.0125600920000004,575978
1.0135600920000005,510960
1.0145600920000004,425800
1.0155600920000005,0
1.0165600920000004,971090
1.0175600920000005,646950
1.0185600920000004,0
1.0195600920000005,0
1.0205600920000004,843766
1.0215600920000005,50414
1.0225600920000004,596120
1.0235600920000005,425800
1.0245600920000004,0
1.0255600920000005,0
1.0265600920000004,553540
1.0275600920000005,553540
1.0285600920000004,0
1.0295600920000005,813418
1.0305600920000004,719462
1.0315600920000005,553540
1.0325600920000004,751820
1.0335600920000005,1249440
1.0345600920000004,553540
1.0355600920000005,596120
1.0365600920000004,0
1.0375600920000005,553540
1.0385600920000004,0
1.0395600920000005,553702
1.0405600920000004,1491678
1.0415600920000005,605202
1.0425600920000004,74538
1.0435600920000005,0
1.0445600920000004,518524
1.0455600920000006,35016
1.0465600920000004,730846
1.0475600920000006,248494
1.0485600920000004,0
1.0495600920000006,128264
1.0505600920000004,340116
1.0515600920000006,663888
1.0525600920000004,1106734
1.0535600920000006,1082238
1.0545600920000004,468380
1.0555600920000006,0
1.0565600920000005,0
1.0575600920000006,0
1.0585600920000005,553540
1.0595600920000006,425800
1.0605600920000005,0
1.0615600920000006,894180
1.0625600920000005,425800
1.0635600920000006,468380
1.0645600920000005,0
1.0655600920000006,553540
1.0665600920000005,217098
1.0675600920000006,889982
1.0685600920000005,979340
1.0695600920000006,468380
1.0705600920000005,89320
1.0715600920000006,464220
1.0725600920000005,425800
1.0735600920000006,717690
1.0745600920000005,884822
1.0755600920000006,909708
1.0765600920000005,0
1.0775600920000006,0
1.0785600920000005,0
1.0795600920000006,0
1.0805600920000005,638700
1.0815600920000006,0
1.0825600920000005,237294
1.0835600920000006,1167846
1.0845600920000005,0
1.0855600920000006,618704
1.0865600920000005,845846
1.0875600920000006,749140
1.0885600920000005,470
1.0895600920000006,429452
1.0905600920000005,507308
1.0915600920000006,468380
1.0925600920000005,0
1.0935600920000006,425800
1.0945600920000005,596120
1.0955600920000006,553540
1.0965600920000005,468380
1.0975600920000006,894180
1.0985600920000005,425800
1.0995600920000006,177830
1.1005600920000005,290550
1.1015600920000006,425800
1.1025600920000005,0
1.1035600920000006,1192240
1.1045600920000005,0
1.1055600920000006,468380
1.1065600920000005,0
1.1075600920000006,0
1.1085600920000005,0
1.1095600920000006,0
1.1105600920000005,936760
1.1115600920000006,596120
1.1125600920000005,510960
1.1135600920000006,150794
1.1145600920000005,743386
1.1155600920000006,468380
1.1165600920000005,0
1.1175600920000006,0
1.1185600920000005,596120
1.1195600920000006,510960
1.1205600920000005,468380
1.1215600920000006,425800
1.1225600920000005,0
1.1235600920000006,0
1.1245600920000005,0
1.1255600920000006,0
1.1265600920000005,0
1.1275600920000006,553540
1.1285600920000005,510960
1.1295600920000006,838844
1.1305600920000005,97916
1.1315600920000006,468380
1.1325600920000005,0
1.1335600920000006,0
1.1345600920000005,0
1.1355600920000006,468380
1.1365600920000005,0
1.1375600920000006,468380
1.1385600920000005,163226
1.1395600920000006,730954
1.1405600920000005,425800
1.1415600920000006,547186
1.1425600920000005,1070854
1.1435600920000006,553540
1.1445600920000005,0
1.1455600920000006,510960
1.1465600920000005,425800
1.1475600920000006,0
1.1485600920000005,596120
1.1495600920000006,0
1.1505600920000005,65180
1.1515600920000006,403200
1.1525600920000005,468380
1.1535600920000006,0
1.1545600920000005,638700
1.1555600920000006,1107080
1.1565600920000005,596120
1.1575600920000007,468380
1.1585600920000005,596120
1.1595600920000007,1107080
1.1605600920000005,468380
1.1615600920000007,399056
1.1625600920000005,1389304
1.1635600920000007,0
1.1645600920000005,222236
1.1655600920000007,246144
1.1665600920000005,0
1.1675600920000007,386332
1.1685600920000005,82048
1.1695600920000007,0
1.1705600920000006,0
1.1715600920000007,0
1.1725600920000006,553540
1.1735600920000007,1664
1.1745600920000006,553972
1.1755600920000007,466284
1.1765600920000006,468380
1.1775600920000007,844998
1.1785600920000006,134342
1.1795600920000007,0
1.1805600920000006,0
1.1815600920000007,0
1.1825600920000006,304284
1.1835600920000007,580052
1.1845600920000006,84020
1.1855600920000007,649684
1.1865600920000006,468380
1.1875600920000007,638808
1.1885600920000006,425692
1.1895600920000007,553540
1.1905600920000006,0
1.1915600920000007,510960
1.1925600920000006,468380
1.1935600920000007,553540
1.1945600920000006,0
1.1955600920000007,0
1.1965600920000006,809998
1.1975600920000007,673878
1.1985600920000006,49004
1.1995600920000007,427356
1.2005600920000006,41024
1.2015600920000007,0
1.2025600920000006,0
1.2035600920000007,0
1.2045600920000006,425800
1.2055600920000007,0
1.2065600920000006,468380
1.2075600920000007,0
1.2085600920000006,1021920
1.2095600920000007,553540
1.2105600920000006,553540
1.2115600920000007,0
1.2125600920000006,694436
1.2135600920000007,961208
1.2145600920000006,430776
1.2155600920000007,0
1.2165600920000006,0
1.2175600920000007,0
1.2185600920000006,0
1.2195600920000007,468380
1.2205600920000006,638932
1.2215600920000007,553308
1.2225600920000006,553540
1.2235600920000007,0
1.2245600920000006,0
1.2255600920000007,0
1.2265600920000006,0
1.2275600920000007,468380
1.2285600920000006,480558
1.2295600920000007,952488
1.2305600920000006,370766
1.2315600920000007,325188
1.2325600920000006,384776
1.2335600920000007,41024
1.2345600920000006,454392
1.2355600920000007,408808
1.2365600920000006,30980
1.2375600920000007,0
1.2385600920000006,0
1.2395600920000007,0
1.2405600920000006,425800
1.2415600920000007,851600
1.2425600920000006,425800
1.2435600920000007,0
1.2445600920000006,425800
1.2455600920000007,1107080
1.2465600920000006,54
1.2475600920000007,553486
1.2485600920000006,510960
1.2495600920000007,468380
1.2505600920000006,510960
1.2515600920000007,468380
1.2525600920000006,0
1.2535600920000007,620854
1.2545600920000006,528806
1.2555600920000007,596120
1.2565600920000006,15614
1.2575600920000007,866334
1.2585600920000006,140026
1.2595600920000007,510906
1.2605600920000006,638700
1.2615600920000007,1064500
1.2625600920000006,0
1.2635600920000007,1064500
1.2645600920000006,0
1.2655600920000007,0
1.2665600920000006,468380
1.2675600920000007,510960
1.2685600920000006,0
1.2695600920000008,0
1.2705600920000006,468380
1.2715600920000008,468380
1.2725600920000006,596120
1.2735600920000008,54
1.2745600920000006,425746
1.2755600920000008,596120
1.2765600920000006,510960
1.2775600920000008,102730
1.2785600920000006,961770
1.2795600920000008,300902
1.2805600920000006,167478
1.2815600920000008,0
1.2825600920000007,510960
1.2835600920000008,0
1.2845600920000007,553540
1.2855600920000008,0
1.2865600920000007,638700
1.2875600920000008,638700
1.2885600920000007,901890
1.2895600920000008,673570
1.2905600920000007,0
1.2915600920000008,630266
1.2925600920000007,391654
1.2935600920000008,553540
1.2945600920000007,553540
1.2955600920000008,515536
1.2965600920000007,421224
1.2975600920000008,596120
1.2985600920000007,468380
1.2995600920000008,0
1.3005600920000007,596120
1.3015600920000008,0
1.3025600920000007,0
1.3035600920000008,0
1.3045600920000007,468380
1.3055600920000008,468380
1.3065600920000007,0
1.3075600920000008,510960
1.3085600920000007,468380
1.3095600920000008,553540
1.3105600920000007,0
1.3115600920000008,553540
1.3125600920000007,0
1.3135600920000008,83204
1.3145600920000007,385176
1.3155600920000008,468380
1.3165600920000007,425800
1.3175600920000008,0
1.3185600920000007,0
1.3195600920000008,510960
1.3205600920000007,851600
1.3215600920000008,0
1.3225600920000007,1093762
1.3235600920000008,98478
1.3245600920000007,288848
1.3255600920000008,222112
1.3265600920000007,425800
1.3275600920000008,0
1.3285600920000007,384306
1.3295600920000008,41494
1.3305600920000007,0
1.3315600920000008,0
1.3325600920000007,1152864
1.3335600920000008,81956
1.3345600920000007,57616
1.3355600920000008,836564
1.3365600920000007,0
1.3375600920000008,161362
1.3385600920000007,357918
1.3395600920000008,1098760
1.3405600920000007,553540
1.3415600920000008,0
1.3425600920000007,596120
1.3435600920000008,0
1.3445600920000007,604100
1.3455600920000008,1312000
1.3465600920000007,1059524
1.3475600920000008,4976
1.3485600920000007,330380
1.3495600920000008,715210
1.3505600920000007,61490
1.3515600920000008,0
1.3525600920000007,0
1.3535600920000008,0
1.3545600920000007,278226
1.3555600920000008,619066
1.3565600920000007,82048
1.3575600920000008,512516
1.3585600920000007,41024
1.3595600920000008,0
1.3605600920000007,0
1.3615600920000008,0
1.3625600920000007,510960
1.3635600920000008,468380
1.3645600920000007,1107080
1.3655600920000008,510960
1.3665600920000007,0
1.3675600920000008,8266
1.3685600920000007,1124964
1.3695600920000008,569970
1.3705600920000007,0
1.3715600920000008,638700
1.3725600920000007,0
1.3735600920000008,158828
1.3745600920000007,777932
1.3755600920000008,1062528
1.3765600920000007,83728
1.3775600920000008,429204
1.3785600920000007,0
1.3795600920000008,468380
1.3805600920000007,0
1.3815600920000009,0
1.3825600920000007,510960
1.3835600920000009,0
1.3845600920000007,425800
1.3855600920000009,0
1.3865600920000007,468380
1.3875600920000009,0
1.3885600920000007,0
1.3895600920000009,638700
1.3905600920000007,864902
1.3915600920000009,114438
1.3925600920000007,0
1.3935600920000009,638700
1.3945600920000008,0
1.3955600920000009,42812
1.3965600920000008,553308
1.3975600920000009,0
1.3985600920000008,660868
1.3995600920000009,857278
1.4005600920000008,610854
1.4015600920000009,0
1.4025600920000008,0
1.4035600920000009,446558
1.4045600920000008,64402
1.4055600920000009,0
1.4065600920000008,287384
1.4075600920000009,180996
1.4085600920000008,468380
1.4095600920000009,0
1.4105600920000008,425800
1.4115600920000009,0
1.4125600920000008,468380
1.4135600920000009,979340
1.4145600920000008,579128
1.4155600920000009,442792
1.4165600920000008,425800
1.4175600920000009,0
1.4185600920000008,514088
1.4195600920000009,465252
1.4205600920000008,0
1.4215600920000009,0
1.4225600920000008,936760
1.4235600920000009,0
1.4245600920000008,590728
1.425560092000001,318742
1.4265600920000008,595958
1.427560092000001,70032
1.4285600920000008,979340
1.429560092000001,553540
1.4305600920000008,425800
1.431560092000001,1149660
1.4325600920000008,0
1.433560092000001,510960
1.4345600920000008,936760
1.435560092000001,468380
1.4365600920000008,553540
1.437560092000001,464906
1.4385600920000008,429274
1.439560092000001,0
1.4405600920000008,1021920
1.441560092000001,425800
1.4425600920000008,466408
1.443560092000001,1109052
1.4445600920000008,553540
1.445560092000001,468380
1.4465600920000008,598216
1.447560092000001,473956
1.4485600920000008,1099408
1.449560092000001,0
1.4505600920000008,596120
1.451560092000001,0
1.4525600920000008,0
1.453560092000001,0
1.4545600920000008,0
1.455560092000001,468380
1.4565600920000008,0
1.457560092000001,0
1.4585600920000008,425800
1.459560092000001,0
1.4605600920000008,510960
1.461560092000001,468380
1.4625600920000008,425800
1.463560092000001,0
1.4645600920000008,54
1.465560092000001,553486
1.4665600920000008,510960
1.467560092000001,936760
1.4685600920000008,579690
1.469560092000001,16430
1.4705600920000008,123758
1.471560092000001,813002
1.4725600920000008,0
1.473560092000001,54
1.4745600920000008,1021866
1.475560092000001,0
1.4765600920000008,553540
1.477560092000001,0
1.4785600920000008,431592
1.479560092000001,760340
1.4805600920000008,894488
1.481560092000001,0
1.4825600920000008,0
1.483560092000001,425800
1.4845600920000008,2042
1.485560092000001,1213252
1.4865600920000008,317586
1.487560092000001,553540
1.4885600920000008,411342
1.489560092000001,440258
1.4905600920000008,0
1.491560092000001,553540
1.4925600920000008,553540
1.493560092000001,425800
1.4945600920000008,0
1.495560092000001,1021920
1.4965600920000008,510166
1.497560092000001,43374
1.4985600920000008,181212
1.499560092000001,287168
1.5005600920000008,493968
1.501560092000001,613112
1.5025600920000008,0
1.503560092000001,405334
1.5045600920000008,20466
1.505560092000001,537088
1.5065600920000009,910632
1.507560092000001,0
1.5085600920000009,0
1.509560092000001,553540
1.5105600920000009,425800
1.511560092000001,0
1.5125600920000009,1234820
1.513560092000001,0
1.5145600920000009,0
1.515560092000001,0
1.5165600920000009,0
1.517560092000001,425800
1.5185600920000009,425800
1.519560092000001,638700
1.5205600920000009,0
1.521560092000001,0
1.5225600920000009,0
1.523560092000001,0
1.5245600920000009,638700
1.525560092000001,553540
1.5265600920000009,0
1.527560092000001,0
1.5285600920000009,425800
1.529560092000001,0
1.5305600920000009,468380
1.531560092000001,408014
1.5325600920000009,510468
1.533560092000001,188598
1.5345600920000009,0
1.535560092000001,0
1.5365600920000009,553540
1.537560092000001,0
1.5385600920000009,553540
1.539560092000001,510960
1.5405600920000009,894180
1.541560092000001,425800
1.5425600920000009,468434
1.543560092000001,510906
1.5445600920000009,459460
1.545560092000001,477300
1.5465600920000009,0
1.547560092000001,0
1.5485600920000009,468380
1.549560092000001,0
1.550560092000001,468380
1.551560092000001,1064500
1.552560092000001,510960
1.553560092000001,510960
1.554560092000001,596120
1.555560092000001,468380
1.556560092000001,468380
1.557560092000001,1021920
1.558560092000001,0
1.559560092000001,0
1.560560092000001,32190
1.561560092000001,821204
1.562560092000001,441868
1.563560092000001,620838
1.564560092000001,0
1.565560092000001,468380
1.566560092000001,0
1.567560092000001,0
1.568560092000001,553540
1.569560092000001,425800
1.570560092000001,553540
1.571560092000001,1107080
1.572560092000001,894180
1.573560092000001,0
1.574560092000001,638700
1.575560092000001,468380
1.576560092000001,936760
1.577560092000001,254432
1.578560092000001,213948
1.579560092000001,1618040
1.580560092000001,346864
1.581560092000001,164096
1.582560092000001,0
1.583560092000001,281576
1.584560092000001,271964
1.585560092000001,0
1.586560092000001,0
1.587560092000001,54
1.588560092000001,553486
1.589560092000001,596120
1.590560092000001,510960
1.591560092000001,0
1.592560092000001,0
1.593560092000001,1021920
1.594560092000001,0
1.595560092000001,707284
1.596560092000001,272056
1.597560092000001,446028
1.598560092000001,1001692
1.599560092000001,425800
1.600560092000001,510960
1.601560092000001,0
1.602560092000001,0
1.603560092000001,0
1.604560092000001,553540
1.605560092000001,979340
1.606560092000001,0
1.607560092000001,0
1.608560092000001,1021920
1.609560092000001,936760
1.610560092000001,468380
1.611560092000001,387926
1.612560092000001,677222
1.613560092000001,530432
1.614560092000001,448260
1.615560092000001,0
1.616560092000001,553540
1.617560092000001,553540
1.618560092000001,553540
1.619560092000001,936760
1.620560092000001,401460
1.621560092000001,152080
1.622560092000001,425800
1.623560092000001,0
1.624560092000001,0
1.625560092000001,778294
1.626560092000001,797166
1.627560092000001,425800
1.628560092000001,0
1.629560092000001,638700
1.630560092000001,553540
1.631560092000001,468380
1.632560092000001,134272
1.633560092000001,334108
1.634560092000001,0
1.635560092000001,596120
1.636560092000001,425800
1.637560092000001,596120
1.638560092000001,596120
1.639560092000001,638700
1.640560092000001,54
1.641560092000001,510906
1.642560092000001,856160
1.643560092000001,134688
1.644560092000001,797512
1.645560092000001,553540
1.646560092000001,425800
1.647560092000001,0
1.648560092000001,0
1.649560092000001,468380
1.650560092000001,0
1.651560092000001,510960
1.652560092000001,0
1.653560092000001,468380
1.654560092000001,0
1.655560092000001,468380
1.656560092000001,0
1.657560092000001,468380
1.658560092000001,743802
1.659560092000001,235538
1.660560092000001,0
1.661560092000001,1107080
1.662560092000001,0
1.663560092000001,425800
1.664560092000001,0
1.665560092000001,468380
1.666560092000001,510960
1.667560092000001,276870
1.668560092000001,659890
1.669560092000001,425800
1.670560092000001,458898
1.671560092000001,9482
1.672560092000001,945356
1.673560092000001,33984
1.674560092000001,164312
1.6755600920000011,304068
1.676560092000001,801078
1.6775600920000011,649754
1.678560092000001,82048
1.6795600920000011,24734
1.680560092000001,997186
1.6815600920000011,255318
1.682560092000001,170482
1.6835600920000011,9822
1.684560092000001,628878
1.6855600920000011,0
1.686560092000001,0
1.6875600920000011,468380
1.688560092000001,553540
1.6895600920000011,1107080
1.690560092000001,0
1.6915600920000011,556652
1.692560092000001,607812
1.6935600920000011,210544
1.694560092000001,328192
1.6955600920000011,369286
1.696560092000001,138216
1.6975600920000011,386678
1.698560092000001,936760
1.6995600920000011,0
1.700560092000001,517508
1.7015600920000011,419252
1.702560092000001,596120
1.7035600920000011,510960
1.704560092000001,452420
1.7055600920000011,441760
1.706560092000001,638700
1.7075600920000011,596120
1.708560092000001,468380
1.7095600920000011,0
1.710560092000001,0
1.7115600920000011,0
1.712560092000001,425800
1.7135600920000011,894180
1.714560092000001,638700
1.7155600920000011,428912
1.716560092000001,82048
1.7175600920000011,0
1.718560092000001,468666
1.7195600920000012,1234534
1.720560092000001,0
1.7215600920000012,553540
1.722560092000001,190062
1.7235600920000012,448638
1.724560092000001,0
1.7255600920000012,504104
1.726560092000001,517816
1.7275600920000012,0
1.728560092000001,425800
1.7295600920000012,419884
1.730560092000001,431716
1.7315600920000012,596120
1.732560092000001,0
1.7335600920000012,553540
1.734560092000001,425800
1.7355600920000012,0
1.736560092000001,468380
1.7375600920000012,510960
1.738560092000001,0
1.7395600920000012,0
1.740560092000001,468380
1.7415600920000012,0
1.742560092000001,0
1.7435600920000012,0
1.744560092000001,553540
1.7455600920000012,979340
1.746560092000001,235754
1.7475600920000012,232626
1.748560092000001,0
1.7495600920000012,0
1.750560092000001,0
1.7515600920000012,0
1.752560092000001,510544
1.7535600920000012,937176
1.754560092000001,0
1.7555600920000012,512516
1.756560092000001,41024
1.7575600920000012,468380
1.758560092000001,893710
1.7595600920000012,216012
1.760560092000001,380578
1.7615600920000012,0
1.762560092000001,0
1.7635600920000012,596120
1.764560092000001,0
1.7655600920000012,553540
1.766560092000001,468380
1.7675600920000012,553540
1.768560092000001,553540
1.7695600920000012,425800
1.770560092000001,0
1.7715600920000012,3166
1.772560092000001,1061334
1.7735600920000012,468380
1.774560092000001,468380
1.7755600920000012,979340
1.776560092000001,0
1.7775600920000012,596120
1.778560092000001,553540
1.7795600920000012,510960
1.780560092000001,1064500
1.7815600920000012,0
1.782560092000001,1063344
1.7835600920000012,167040
1.784560092000001,414276
1.7855600920000012,15960
1.786560092000001,568668
1.7875600920000012,70032
1.788560092000001,468380
1.7895600920000012,0
1.790560092000001,0
1.7915600920000012,468380
1.792560092000001,0
1.7935600920000012,0
1.794560092000001,894180
1.7955600920000012,0
1.796560092000001,510960
1.7975600920000012,851600
1.798560092000001,596120
1.7995600920000012,396846
1.8005600920000011,71534
1.8015600920000012,155246
1.8025600920000011,256566
1.8035600920000012,32552
1.8045600920000011,833036
1.8055600920000012,0
1.8065600920000011,0
1.8075600920000012,553540
1.8085600920000011,0
1.8095600920000012,1627792
1.8105600920000011,501208
1.8115600920000012,553540
1.8125600920000011,0
1.8135600920000012,0
1.8145600920000011,425800
1.8155600920000012,0
1.8165600920000011,0
1.8175600920000012,468380
1.8185600920000011,54
1.8195600920000012,468326
1.8205600920000011,510960
1.8215600920000012,638700
1.8225600920000011,32190
1.8235600920000012,1500690
1.8245600920000011,0
1.8255600920000012,78914
1.8265600920000011,559786
1.8275600920000012,553540
1.8285600920000011,1107080
1.8295600920000012,0
1.8305600920000011,602182
1.8315600920000012,36518
1.8325600920000011,0
1.8335600920000013,425800
1.8345600920000011,875686
1.8355600920000013,955254
1.8365600920000011,596120
1.8375600920000013,993528
1.8385600920000011,70972
1.8395600920000013,425800
1.8405600920000011,468380
1.8415600920000013,0
1.8425600920000011,468380
1.8435600920000013,553540
1.8445600920000012,468380
1.8455600920000013,468380
1.8465600920000012,425800
1.8475600920000013,553594
1.8485600920000012,425746
1.8495600920000013,936760
1.8505600920000012,0
1.8515600920000013,638700
1.8525600920000012,395906
1.8535600920000013,72474
1.8545600920000012,0
1.8555600920000013,0
1.8565600920000012,0
1.8575600920000013,894180
1.8585600920000012,425800
1.8595600920000013,425800
1.8605600920000012,0
1.8615600920000013,371820
1.8625600920000012,143192
1.8635600920000013,379168
1.8645600920000012,0
1.8655600920000013,925144
1.8665600920000012,530356
1.8675600920000013,205120
1.8685600920000012,0
1.8695600920000013,553540
1.8705600920000012,1064500
1.8715600920000013,319412
1.8725600920000012,831804
1.8735600920000013,178408
1.8745600920000012,416156
1.8755600920000013,553540
1.8765600920000012,0
1.8775600920000013,468380
1.8785600920000012,0
1.8795600920000013,0
1.8805600920000012,468380
1.8815600920000013,0
1.8825600920000012,851600
1.8835600920000013,444440
1.8845600920000012,23940
1.8855600920000013,688790
1.8865600920000012,290550
1.8875600920000013,510960
1.8885600920000012,510960
1.8895600920000013,638700
1.8905600920000012,0
1.8915600920000013,1021920
1.8925600920000012,855620
1.8935600920000013,208880
1.8945600920000012,285428
1.8955600920000013,554194
1.8965600920000012,292030
1.8975600920000013,954768
1.8985600920000012,0
1.8995600920000013,21730
1.9005600920000012,531810
1.9015600920000013,468380
1.9025600920000012,468380
1.9035600920000013,0
1.9045600920000012,596120
1.9055600920000013,0
1.9065600920000012,510960
1.9075600920000013,553540
1.9085600920000012,936760
1.9095600920000013,553540
1.9105600920000012,553540
1.9115600920000013,0
1.9125600920000012,425800
1.9135600920000013,0
1.9145600920000012,0
1.9155600920000013,0
1.9165600920000012,425908
1.9175600920000013,468272
1.9185600920000012,596120
1.9195600920000013,553540
1.9205600920000012,0
1.9215600920000013,0
1.9225600920000012,921324
1.9235600920000013,58016
1.9245600920000012,0
1.9255600920000013,553540
1.9265600920000012,1064500
1.9275600920000013,638700
1.9285600920000012,0
1.9295600920000013,425800
1.9305600920000012,425800
1.9315600920000013,361144
1.9325600920000012,234976
1.9335600920000013,468380
1.9345600920000012,0
1.9355600920000013,468380
1.9365600920000012,979340
1.9375600920000013,551584
1.9385600920000012,853556
1.9395600920000013,594
1.9405600920000012,467786
1.9415600920000013,638700
1.9425600920000012,553540
1.9435600920000013,425800
1.9445600920000012,0
1.9455600920000014,851600
1.9465600920000012,510960
1.9475600920000014,0
1.9485600920000012,0
1.9495600920000014,510960
1.9505600920000012,553540
1.9515600920000014,510960
1.9525600920000012,979340
1.9535600920000014,524062
1.9545600920000012,497858
1.9555600920000014,468380
1.9565600920000012,425800
1.9575600920000014,553540
1.9585600920000013,479110
1.9595600920000014,670550
1.9605600920000013,0
1.9615600920000014,510960
1.9625600920000013,1192240
1.9635600920000014,0
1.9645600920000013,468434
1.9655600920000014,553486
1.9665600920000013,5100
1.9675600920000014,463280
1.9685600920000013,425800
1.9695600920000014,638700
1.9705600920000013,165722
1.9715600920000014,302658
1.9725600920000013,150794
1.9735600920000014,317586
1.9745600920000013,638700
1.9755600920000014,553540
1.9765600920000013,0
1.9775600920000014,468380
1.9785600920000013,458898
1.9795600920000014,563022
1.9805600920000013,0
1.9815600920000014,0
1.9825600920000013,0
1.9835600920000014,553540
1.9845600920000013,288632
1.9855600920000014,350068
1.9865600920000013,0
1.9875600920000014,468380
1.9885600920000013,638700
1.9895600920000014,467910
1.9905600920000013,639170
1.9915600920000014,27738
1.9925600920000013,583580
1.9935600920000014,964142
1.9945600920000013,596120
1.9955600920000014,553540
1.9965600920000013,792444
1.9975600920000014,272056
1.9985600920000013,553540
1.9995600920000014,0
2.0005600920000015,425800
2.0015600920000014,330326
2.0025600920000013,989654
2.0035600920000016,425800
2.004560092000001,1094594
2.0055600920000014,12540
2.0065600920000013,468326
2.007560092000001,0
2.0085600920000015,0
2.0095600920000014,425800
2.0105600920000013,0
2.0115600920000016,702
2.012560092000001,552838
2.0135600920000014,472194
2.0145600920000013,634886
2.015560092000001,339592
2.0165600920000015,213948
2.0175600920000014,0
2.0185600920000013,596120
2.0195600920000016,848526
2.020560092000001,521344
2.0215600920000014,205698
2.0225600920000013,510852
2.023560092000001,0
2.0245600920000015,936760
2.0255600920000014,419576
2.0265600920000013,133964
2.0275600920000016,319920
2.028560092000001,191040
2.0295600920000014,0
2.0305600920000013,542518
2.031560092000001,351662
2.0325600920000015,0
2.0335600920000014,894720
2.0345600920000013,1505250
2.0355600920000017,282570
2.036560092000001,825018
2.0375600920000014,665282
2.0385600920000013,617618
2.039560092000001,276562
2.0405600920000015,0
2.0415600920000014,553540
2.0425600920000013,0
2.0435600920000017,1149660
2.044560092000001,425800
2.0455600920000014,553540
2.0465600920000013,0
2.047560092000001,0
2.0485600920000016,510960
2.0495600920000014,0
2.0505600920000013,468380
2.0515600920000017,553540
2.052560092000001,936760
2.0535600920000014,0
2.0545600920000013,425800
2.0555600920000012,0
2.0565600920000016,596120
2.0575600920000015,468380
2.0585600920000013,0
2.0595600920000017,425800
2.060560092000001,0
2.0615600920000015,0
2.0625600920000013,0
2.0635600920000012,1064500
2.0645600920000016,468380
2.0655600920000015,0
2.0665600920000013,468380
2.0675600920000017,468380
2.068560092000001,425800
2.0695600920000015,777116
2.0705600920000014,415124
2.0715600920000012,638700
2.0725600920000016,0
2.0735600920000015,263260
2.0745600920000014,205120
2.0755600920000017,439372
2.076560092000001,284018
2.0775600920000015,298530
2.0785600920000014,0
2.0795600920000012,420824
2.0805600920000016,191872
2.0815600920000015,324064
2.0825600920000014,468380
2.0835600920000017,0
2.084560092000001,0
2.0855600920000015,0
2.0865600920000014,0
2.0875600920000013,1064500
2.0885600920000016,1021920
2.0895600920000015,0
2.0905600920000014,468380
2.0915600920000017,0
2.092560092000001,1107080
2.0935600920000015,541232
2.0945600920000014,1161968
2.0955600920000013,638700
2.0965600920000016,638700
2.0975600920000015,553540
2.0985600920000014,425800
2.0995600920000017,520026
2.100560092000001,1012854
2.1015600920000015,596120
2.1025600920000014,309822
2.1035600920000013,158558
2.1045600920000016,362392
2.1055600920000015,105988
2.1065600920000014,0
2.1075600920000017,936760
2.108560092000001,596120
2.1095600920000015,0
2.1105600920000014,425800
2.1115600920000013,510960
2.1125600920000016,1021920
2.1135600920000015,0
2.1145600920000014,0
2.1155600920000017,0
2.116560092000001,428912
2.1175600920000015,678168
2.1185600920000014,439372
2.1195600920000013,390006
2.1205600920000016,746082
2.1215600920000015,0
2.1225600920000014,468380
2.1235600920000017,638700
2.124560092000001,265940
2.1255600920000015,245020
2.1265600920000014,0
2.1275600920000013,0
2.1285600920000016,425800
2.1295600920000015,468380
2.1305600920000014,425800
2.1315600920000017,0
2.132560092000001,1234820
2.1335600920000015,547732
2.1345600920000014,90968
2.1355600920000013,0
2.1365600920000016,425800
2.1375600920000015,596120
2.1385600920000014,596120
2.1395600920000017,936760
2.140560092000001,468380
2.1415600920000015,682674
2.1425600920000014,211506
2.1435600920000013,979340
2.1445600920000016,0
2.1455600920000015,0
2.1465600920000014,468380
2.1475600920000018,0
2.148560092000001,1064500
2.1495600920000015,0
2.1505600920000014,510960
2.1515600920000013,1064500
2.1525600920000016,510960
2.1535600920000015,468380
2.1545600920000014,419884
2.1555600920000018,8120
2.156560092000001,551336
2.1575600920000015,3058
2.1585600920000014,465322
2.1595600920000013,936760
2.1605600920000017,596120
2.1615600920000015,652812
2.1625600920000014,1007808
2.1635600920000018,638700
2.164560092000001,0
2.1655600920000015,0
2.1665600920000014,0
2.1675600920000013,638700
2.1685600920000017,553540
2.1695600920000015,0
2.1705600920000014,425800
2.1715600920000018,198966
2.172560092000001,354574
2.1735600920000016,724492
2.1745600920000014,645686
2.1755600920000013,375602
2.1765600920000017,0
2.1775600920000016,0
2.1785600920000014,403416
2.179560092000002,64964
2.1805600920000012,605748
2.1815600920000016,32952
2.1825600920000015,0
2.1835600920000013,0
2.1845600920000017,468380
2.1855600920000016,468380
2.1865600920000015,894180
2.187560092000002,468380
2.1885600920000012,1107080
2.1895600920000016,0
2.1905600920000015,0
2.1915600920000013,0
2.1925600920000017,0
2.1935600920000016,510960
2.1945600920000015,0
2.195560092000002,0
2.1965600920000012,0
2.1975600920000016,1021920
2.1985600920000015,0
2.1995600920000014,0
2.2005600920000017,0
2.2015600920000016,468380
2.2025600920000015,979340
2.203560092000002,0
2.2045600920000012,596120
2.2055600920000016,510960
2.2065600920000015,510960
2.2075600920000014,425800
2.2085600920000017,0
2.2095600920000016,638700
2.2105600920000015,425800
2.211560092000002,510960
2.2125600920000013,425800
2.2135600920000016,0
2.2145600920000015,0
2.2155600920000014,894180
2.2165600920000017,1021920
2.2175600920000016,553540
2.2185600920000015,0
2.219560092000002,26074
2.2205600920000013,493390
2.2215600920000016,332136
2.2225600920000015,0
2.2235600920000014,638700
2.2245600920000017,0
2.2255600920000016,1108598
2.2265600920000015,1318462
2.227560092000002,0
2.2285600920000013,0
2.2295600920000016,693928
2.2305600920000015,413152
2.2315600920000014,0
2.2325600920000017,327322
2.2335600920000016,566858
2.2345600920000015,556706
2.235560092000002,933594
2.2365600920000013,468380
2.2375600920000016,1149660
2.2385600920000015,0
2.2395600920000014,979340
2.2405600920000017,553540
2.2415600920000016,0
2.2425600920000015,1064500
2.243560092000002,425800
2.2445600920000013,0
2.2455600920000016,425800
2.2465600920000015,979340
2.2475600920000014,427356
2.2485600920000017,727280
2.2495600920000016,293084
2.2505600920000015,553540
2.251560092000002,468380
2.2525600920000013,421132
2.2535600920000016,174988
2.2545600920000015,894180
2.2555600920000014,638700
2.2565600920000017,0
2.2575600920000016,468380
2.2585600920000015,1055580
2.259560092000002,153776
2.2605600920000013,451264
2.2615600920000016,555096
2.2625600920000015,103146
2.2635600920000014,363678
2.2645600920000017,0
2.2655600920000016,0
2.2665600920000015,0
2.267560092000002,0
2.2685600920000013,0
2.2695600920000016,1277400
2.2705600920000015,596120
2.2715600920000014,468380
2.2725600920000018,425800
2.2735600920000016,291420
2.2745600920000015,687974
2.275560092000002,1021866
2.2765600920000013,468380
2.2775600920000016,0
2.2785600920000015,468434
2.2795600920000014,468326
2.2805600920000018,425800
2.2815600920000016,510960
2.2825600920000015,559186
2.283560092000002,547894
2.2845600920000013,0
2.2855600920000017,638700
2.2865600920000015,510960
2.2875600920000014,1236376
2.2885600920000018,1277130
2.2895600920000017,576826
2.2905600920000015,912188
2.291560092000002,468380
2.2925600920000013,468380
2.2935600920000017,0
2.2945600920000015,0
2.2955600920000014,553540
2.2965600920000018,468380
2.2975600920000017,587340
2.2985600920000016,633562
2.299560092000002,993258
2.3005600920000013,0
2.3015600920000017,1131166
2.3025600920000016,486874
2.3035600920000014,0
2.304560092000002,468380
2.3055600920000017,468380
2.3065600920000016,0
2.307560092000002,638700
2.3085600920000013,553540
2.3095600920000017,0
2.3105600920000016,468434
2.3115600920000015,596066
2.312560092000002,468380
2.3135600920000017,339900
2.3145600920000016,554280
2.315560092000002,553540
2.3165600920000013,0
2.3175600920000017,979340
2.3185600920000016,851600
2.3195600920000015,425800
2.320560092000002,553540
2.3215600920000017,375510
2.3225600920000016,774150
2.323560092000002,0
2.3245600920000014,384776
2.3255600920000017,41024
2.3265600920000016,425800
2.3275600920000015,0
2.328560092000002,0
2.3295600920000017,553540
2.3305600920000016,301880
2.331560092000002,677460
2.3325600920000014,596120
2.3335600920000017,0
2.3345600920000016,468380
2.3355600920000015,0
2.336560092000002,0
2.3375600920000017,553540
2.3385600920000016,468380
2.339560092000002,0
2.3405600920000014,0
2.3415600920000017,425800
2.3425600920000016,979340
2.3435600920000015,1317538
2.344560092000002,727858
2.3455600920000017,41024
2.3465600920000016,384868
2.347560092000002,1161184
2.3485600920000014,1051328
2.3495600920000017,935042
2.3505600920000016,562930
2.3515600920000015,788916
2.352560092000002,353072
2.3535600920000017,0
2.3545600920000016,297952
2.355560092000002,213008
2.3565600920000014,439372
2.3575600920000017,261326
2.3585600920000016,747022
2.3595600920000015,434958
2.360560092000002,33422
2.3615600920000017,0
2.3625600920000016,0
2.363560092000002,1089072
2.3645600920000014,401228
2.3655600920000017,507162
2.3665600920000016,215250
2.3675600920000015,342088
2.368560092000002,72906
2.3695600920000017,1088646
2.3705600920000016,115848
2.371560092000002,0
2.3725600920000014,0
2.3735600920000017,0
2.3745600920000016,0
2.3755600920000015,0
2.376560092000002,220680
2.3775600920000017,205120
2.3785600920000016,428912
2.379560092000002,82048
2.3805600920000014,469936
2.3815600920000017,41024
2.3825600920000016,0
2.3835600920000015,425800
2.384560092000002,638700
2.3855600920000017,510960
2.3865600920000016,1016944
2.387560092000002,4976
2.3885600920000014,0
2.3895600920000017,164420
2.3905600920000016,389120
2.3915600920000015,0
2.392560092000002,553540
2.3935600920000017,936760
2.3945600920000016,468380
2.395560092000002,596120
2.3965600920000014,0
2.3975600920000018,0
2.3985600920000016,0
2.3995600920000015,638700
2.400560092000002,0
2.4015600920000018,0
2.4025600920000016,0
2.403560092000002,425800
2.4045600920000014,894180
2.4055600920000018,0
2.4065600920000016,0
2.4075600920000015,596120
2.408560092000002,553540
2.4095600920000018,162
2.4105600920000017,510798
2.411560092000002,468380
2.4125600920000014,99672
2.4135600920000018,794508
2.4145600920000017,0
2.4155600920000015,0
2.416560092000002,553540
2.4175600920000018,478624
2.4185600920000017,543296
2.419560092000002,348350
2.4205600920000014,77450
2.4215600920000018,510960
2.4225600920000017,0
2.4235600920000016,0
2.424560092000002,0
2.4255600920000018,468380
2.4265600920000017,1219962
2.427560092000002,866458
2.4285600920000014,638862
2.429560092000002,1088948
2.4305600920000017,358610
2.4315600920000016,425800
2.432560092000002,0
2.433560092000002,510960
2.4345600920000017,468380
2.435560092000002,510960
2.4365600920000015,936760
2.437560092000002,17116
2.4385600920000017,1004804
2.4395600920000016,639694
2.440560092000002,808026
2.441560092000002,553540
2.4425600920000017,0
2.443560092000002,0
2.4445600920000015,0
2.445560092000002,553540
2.4465600920000017,936760
2.4475600920000016,468380
2.448560092000002,553648
2.449560092000002,851492
2.4505600920000017,0
2.451560092000002,0
2.4525600920000015,616824
2.453560092000002,251838
2.4545600920000017,408738
2.4555600920000016,506470
2.456560092000002,387710
2.457560092000002,0
2.4585600920000017,425800
2.459560092000002,468380
2.4605600920000015,553540
2.461560092000002,553540
2.4625600920000017,595612
2.4635600920000016,341148
2.464560092000002,0
2.465560092000002,934426
2.4665600920000017,598454
2.467560092000002,426254
2.4685600920000015,212446
2.469560092000002,284342
2.4705600920000017,226672
2.4715600920000016,425746
2.472560092000002,427356
2.473560092000002,637144
2.4745600920000017,0
2.475560092000002,0
2.4765600920000015,468380
2.477560092000002,770314
2.4785600920000017,634826
2.4795600920000016,638700
2.480560092000002,0
2.481560092000002,136660
2.4825600920000017,289194
2.483560092000002,592646
2.4845600920000015,46000
2.485560092000002,0
2.4865600920000017,0
2.4875600920000016,638700
2.488560092000002,596120
2.489560092000002,327322
2.4905600920000017,566858
2.491560092000002,511014
2.4925600920000015,1107026
2.493560092000002,553540
2.4945600920000017,468380
2.4955600920000016,638700
2.496560092000002,510960
2.497560092000002,425800
2.4985600920000017,553540
2.499560092000002,0
2.5005600920000015,553070
2.501560092000002,478062
2.5025600920000017,672068
2.5035600920000016,1021920
2.504560092000002,425800
2.505560092000002,553540
2.5065600920000017,0
2.507560092000002,54
2.5085600920000015,1107026
2.509560092000002,510960
2.5105600920000017,553540
2.5115600920000016,468380
2.512560092000002,0
2.513560092000002,0
2.5145600920000017,0
2.515560092000002,0
2.5165600920000015,18726
2.517560092000002,534814
2.5185600920000017,0
2.5195600920000016,1064500
2.520560092000002,638700
2.521560092000002,399526
2.5225600920000018,375294
2.523560092000002,161940
2.5245600920000015,553540
2.525560092000002,971360
2.5265600920000018,7980
2.5275600920000016,0
2.528560092000002,0
2.529560092000002,281522
2.5305600920000018,466332
2.531560092000002,955346
2.5325600920000015,1021920
2.533560092000002,0
2.5345600920000018,276870
2.5355600920000017,659890
2.536560092000002,0
2.537560092000002,1021920
2.5385600920000018,0
2.539560092000002,0
2.5405600920000015,0
2.541560092000002,174772
2.5425600920000018,251028
2.5435600920000017,0
2.544560092000002,553540
2.545560092000002,468380
2.5465600920000018,510960
2.547560092000002,0
2.5485600920000016,0
2.549560092000002,936760
2.5505600920000018,108
2.5515600920000017,894072
2.552560092000002,553540
2.553560092000002,228336
2.554560092000002,836164
2.555560092000002,953012
2.5565600920000016,537288
2.557560092000002,0
2.558560092000002,56114
2.5595600920000017,369686
2.560560092000002,0
2.561560092000002,638700
2.562560092000002,425330
2.563560092000002,468850
2.5645600920000016,0
2.565560092000002,553540
2.566560092000002,0
2.5675600920000017,458574
2.568560092000002,52386
2.569560092000002,1192240
2.570560092000002,1107080
2.571560092000002,405334
2.5725600920000016,616586
2.573560092000002,1149660
2.574560092000002,117696
2.5755600920000017,1687132
2.576560092000002,239012
2.577560092000002,0
2.578560092000002,0
2.579560092000002,425800
2.5805600920000016,510960
2.581560092000002,0
2.582560092000002,960268
2.5835600920000017,231972
2.584560092000002,0
2.585560092000002,553540
2.586560092000002,510960
2.587560092000002,468380
2.5885600920000016,0
2.589560092000002,553540
2.590560092000002,481152
2.5915600920000017,608190
2.592560092000002,1082238
2.593560092000002,0
2.594560092000002,638700
2.595560092000002,454878
2.5965600920000016,396722
2.597560092000002,510960
2.598560092000002,0
2.5995600920000017,488554
2.600560092000002,1086906
2.601560092000002,596120
2.602560092000002,35248
2.603560092000002,518292
2.6045600920000016,0
2.605560092000002,510960
2.606560092000002,510960
2.6075600920000017,553540
2.608560092000002,510960
2.609560092000002,0
2.610560092000002,0
2.611560092000002,0
2.6125600920000016,601220
2.613560092000002,686694
2.614560092000002,287546
2.6155600920000017,596120
2.616560092000002,0
2.617560092000002,0
2.618560092000002,638700
2.619560092000002,0
2.6205600920000016,0
2.621560092000002,308952
2.622560092000002,287168
2.6235600920000017,446882
2.624560092000002,70264
2.625560092000002,921492
2.626560092000002,179402
2.627560092000002,299308
2.6285600920000016,640564
2.629560092000002,82048
2.630560092000002,425800
2.6315600920000017,512516
2.632560092000002,551984
2.633560092000002,468380
2.634560092000002,468380
2.635560092000002,1002956
2.6365600920000016,18964
2.637560092000002,0
2.638560092000002,0
2.6395600920000017,0
2.640560092000002,553540
2.641560092000002,697440
2.642560092000002,367060
2.643560092000002,553540
2.6445600920000016,53110
2.645560092000002,372690
2.646560092000002,0
2.6475600920000018,0
2.648560092000002,0
2.649560092000002,1021920
2.650560092000002,0
2.651560092000002,0
2.6525600920000016,0
2.653560092000002,1021920
2.654560092000002,750480
2.6555600920000018,314020
2.656560092000002,638700
2.657560092000002,0
2.658560092000002,938462
2.659560092000002,559510
2.6605600920000017,1738108
2.661560092000002,0
2.662560092000002,456618
2.6635600920000018,139502
2.664560092000002,510960
2.665560092000002,553540
2.666560092000002,425800
2.667560092000002,0
2.6685600920000017,553540
2.669560092000002,425800
2.670560092000002,0
2.6715600920000018,768812
2.672560092000002,167948
2.673560092000002,0
2.674560092000002,0
2.675560092000002,0
2.6765600920000017,471168
2.677560092000002,124952
2.678560092000002,0
2.679560092000002,369448
2.680560092000002,184092
2.681560092000002,469936
2.682560092000002,927062
2.6835600920000022,646842
2.6845600920000017,547062
2.685560092000002,572574
2.686560092000002,413244
2.687560092000002,269976
2.688560092000002,240984
2.689560092000002,1192240
2.690560092000002,425800
2.6915600920000022,0
2.6925600920000017,0
2.693560092000002,468380
2.694560092000002,510960
2.695560092000002,510960
2.696560092000002,0
2.697560092000002,510960
2.698560092000002,0
2.6995600920000022,0
2.7005600920000017,0
2.701560092000002,875270
2.702560092000002,359550
2.703560092000002,468380
2.704560092000002,0
2.705560092000002,0
2.706560092000002,448384
2.7075600920000022,488376
2.7085600920000017,425800
2.709560092000002,0
2.710560092000002,468380
2.711560092000002,0
2.712560092000002,468434
2.713560092000002,596066
2.714560092000002,0
2.7155600920000023,1107080
2.7165600920000017,0
2.717560092000002,553540
2.718560092000002,425800
2.719560092000002,1021920
2.720560092000002,0
2.721560092000002,510960
2.722560092000002,0
2.7235600920000023,0
2.7245600920000017,11108
2.725560092000002,457272
2.726560092000002,894180
2.727560092000002,141836
2.728560092000002,794924
2.729560092000002,0
2.730560092000002,0
2.7315600920000023,936760
2.7325600920000017,0
2.733560092000002,0
2.734560092000002,162
2.735560092000002,595958
2.736560092000002,596120
2.737560092000002,0
2.738560092000002,553540
2.7395600920000023,553540
2.7405600920000017,553540
2.741560092000002,425800
2.742560092000002,510960
2.743560092000002,35086
2.744560092000002,390714
2.745560092000002,567766
2.746560092000002,206346
2.7475600920000023,351662
2.7485600920000017,534846
2.749560092000002,54
2.750560092000002,425746
2.751560092000002,0
2.752560092000002,468380
2.753560092000002,0
2.754560092000002,468380
2.7555600920000023,1096674
2.7565600920000017,393626
2.757560092000002,1149660
2.758560092000002,638700
2.759560092000002,425800
2.760560092000002,0
2.761560092000002,0
2.762560092000002,510960
2.7635600920000023,16684
2.7645600920000017,1221718
2.765560092000002,379638
2.766560092000002,425800
2.767560092000002,0
2.768560092000002,468380
2.769560092000002,0
2.770560092000002,0
2.7715600920000023,638700
2.7725600920000018,468380
2.773560092000002,0
2.774560092000002,553540
2.775560092000002,425800
2.776560092000002,468380
2.777560092000002,839514
2.778560092000002,182406
2.7795600920000023,620676
2.7805600920000018,316084
2.781560092000002,425800
2.782560092000002,0
2.783560092000002,468380
2.784560092000002,596120
2.785560092000002,468380
2.786560092000002,468380
2.7875600920000023,0
2.7885600920000018,0
2.789560092000002,702
2.790560092000002,978638
2.791560092000002,0
2.792560092000002,0
2.793560092000002,553540
2.794560092000002,425800
2.7955600920000023,0
2.7965600920000018,0
2.797560092000002,468380
2.798560092000002,0
2.799560092000002,596120
2.800560092000002,596120
2.801560092000002,347372
2.802560092000002,677660
2.8035600920000023,82048
2.804560092000002,596282
2.805560092000002,1703038
2.806560092000002,222236
2.807560092000002,246144
2.8085600920000022,0
2.809560092000002,472994
2.810560092000002,80546
2.8115600920000023,0
2.812560092000002,638700
2.813560092000002,468380
2.814560092000002,0
2.815560092000002,211506
2.8165600920000022,384614
2.817560092000002,0
2.818560092000002,0
2.8195600920000023,0
2.820560092000002,0
2.821560092000002,0
2.822560092000002,0
2.823560092000002,0
2.8245600920000022,0
2.825560092000002,973316
2.826560092000002,218924
2.8275600920000024,0
2.828560092000002,0
2.829560092000002,460454
2.830560092000002,50506
2.831560092000002,386278
2.8325600920000022,433364
2.833560092000002,500338
2.834560092000002,0
2.8355600920000024,0
2.836560092000002,761194
2.837560092000002,643946
2.838560092000002,510960
2.839560092000002,62176
2.8405600920000023,959744
2.841560092000002,355406
2.842560092000002,155554
2.8435600920000024,343752
2.844560092000002,479294
2.845560092000002,241454
2.846560092000002,304284
2.847560092000002,164096
2.8485600920000023,0
2.849560092000002,510960
2.850560092000002,468380
2.8515600920000024,425800
2.852560092000002,0
2.853560092000002,510960
2.854560092000002,468380
2.855560092000002,425800
2.8565600920000023,0
2.857560092000002,638700
2.858560092000002,566096
2.8595600920000024,894288
2.860560092000002,1190630
2.861560092000002,840546
2.862560092000002,553540
2.863560092000002,162
2.8645600920000023,1064338
2.865560092000002,0
2.866560092000002,0
2.8675600920000024,2204
2.868560092000002,551336
2.869560092000002,416318
2.870560092000002,435282
2.871560092000002,468380
2.8725600920000023,0
2.873560092000002,1149660
2.874560092000002,482060
2.8755600920000024,114060
2.876560092000002,553540
2.877560092000002,425800
2.878560092000002,0
2.879560092000002,1107080
2.8805600920000023,0
2.881560092000002,1149660
2.882560092000002,0
2.8835600920000024,425800
2.884560092000002,0
2.885560092000002,358086
2.886560092000002,748994
2.887560092000002,1021920
2.8885600920000023,0
2.889560092000002,0
2.890560092000002,0
2.8915600920000024,0
2.892560092000002,551568
2.893560092000002,555512
2.894560092000002,0
2.895560092000002,250342
2.8965600920000023,581262
2.897560092000002,19996
2.898560092000002,0
2.8995600920000024,638700
2.900560092000002,638700
2.901560092000002,553540
2.902560092000002,0
2.903560092000002,425800
2.9045600920000023,425800
2.905560092000002,0
2.906560092000002,425800
2.9075600920000024,0
2.908560092000002,425800
2.909560092000002,971592
2.910560092000002,1029668
2.911560092000002,425800
2.9125600920000023,54
2.913560092000002,553486
2.914560092000002,392378
2.9155600920000024,33584
2.916560092000002,1192078
2.917560092000002,596120
2.918560092000002,0
2.919560092000002,596120
2.9205600920000023,810
2.921560092000002,1068790
2.922560092000002,889080
2.9235600920000024,0
2.924560092000002,468380
2.925560092000002,553540
2.926560092000002,638700
2.927560092000002,670350
2.9285600920000023,351570
2.9295600920000022,468380
2.930560092000002,554242
2.9315600920000024,856690
2.932560092000002,121948
2.9335600920000022,1234820
2.934560092000002,425800
2.935560092000002,638700
2.9365600920000023,679470
2.9375600920000022,895990
2.938560092000002,510960
2.9395600920000025,0
2.940560092000002,425800
2.9415600920000022,425800
2.942560092000002,553540
2.943560092000002,425800
2.9445600920000023,638700
2.9455600920000022,433580
2.946560092000002,205120
2.9475600920000025,0
2.948560092000002,0
2.9495600920000022,510960
2.950560092000002,468380
2.951560092000002,425800
2.9525600920000024,638700
2.9535600920000022,425800
2.954560092000002,851708
2.9555600920000025,1106972
2.956560092000002,553540
2.9575600920000022,54
2.958560092000002,545630
2.959560092000002,902036
2.9605600920000024,553540
2.9615600920000023,468380
2.962560092000002,0
2.9635600920000025,425800
2.964560092000002,711790
2.9655600920000023,267550
2.966560092000002,894180
2.967560092000002,596120
2.9685600920000024,1362560
2.9695600920000023,894180
2.970560092000002,468380
2.9715600920000025,266464
2.972560092000002,755456
2.9735600920000023,0
2.974560092000002,425800
2.975560092000002,0
2.9765600920000024,0
2.9775600920000023,596120
2.978560092000002,0
2.9795600920000025,0
2.980560092000002,287508
2.9815600920000023,862152
2.982560092000002,468380
2.983560092000002,0
2.9845600920000024,0
2.9855600920000023,0
2.986560092000002,0
2.9875600920000025,1107080
2.988560092000002,9822
2.9895600920000023,628878
2.990560092000002,510960
2.991560092000002,189954
2.9925600920000024,967432
2.9935600920000023,1014194
2.994560092000002,0
2.9955600920000025,181212
2.996560092000002,287168
2.9975600920000023,343752
2.998560092000002,82048
2.999560092000002,0
3.0005600920000024,512586
3.0015600920000023,466754
3.002560092000002,0
3.0035600920000025,0
3.004560092000002,596120
3.0055600920000023,0
3.006560092000002,26074
3.007560092000002,953266
3.0085600920000024,553540
3.0095600920000023,894180
3.010560092000002,468380
3.0115600920000025,0
3.012560092000002,0
3.0135600920000023,468380
3.014560092000002,0
3.015560092000002,0
3.0165600920000024,649176
3.0175600920000023,330164
3.018560092000002,0
3.0195600920000025,0
3.020560092000002,553540
3.0215600920000023,781406
3.022560092000002,615954
3.023560092000002,518740
3.0245600920000024,0
3.0255600920000023,0
3.026560092000002,0
3.0275600920000025,553540
3.028560092000002,0
3.0295600920000023,0
3.030560092000002,0
3.031560092000002,0
3.0325600920000024,468380
3.0335600920000023,312394
3.034560092000002,752106
3.0355600920000025,0
3.036560092000002,418744
3.0375600920000023,219956
3.038560092000002,162
3.039560092000002,595958
3.0405600920000024,0
3.0415600920000023,1107080
3.042560092000002,0
3.0435600920000025,1021920
3.044560092000002,1021920
3.0455600920000023,468380
3.046560092000002,0
3.047560092000002,425800
3.0485600920000024,638700
3.0495600920000023,0
3.050560092000002,0
3.0515600920000026,0
3.052560092000002,468380
3.0535600920000023,596120
3.0545600920000022,0
3.055560092000002,0
3.0565600920000024,0
3.0575600920000023,638700
3.0585600920000022,0
3.0595600920000026,704804
3.060560092000002,516082
3.0615600920000023,354574
3.0625600920000022,596120
3.063560092000002,0
3.0645600920000025,0
3.0655600920000023,0
3.0665600920000022,638862
3.0675600920000026,425638
3.068560092000002,0
3.0695600920000023,596120
3.0705600920000022,1064500
3.071560092000002,0
3.0725600920000025,468380
3.0735600920000024,0
3.0745600920000022,1021920
3.0755600920000026,468380
3.076560092000002,0
3.0775600920000024,553540
3.0785600920000022,936760
3.079560092000002,0
3.0805600920000025,894180
3.0815600920000024,0
3.0825600920000022,510960
3.0835600920000026,774528
3.084560092000002,375132
3.0855600920000024,0
3.0865600920000023,146288
3.087560092000002,722596
3.0885600920000025,578836
3.0895600920000024,468380
3.0905600920000023,705944
3.0915600920000026,401136
3.092560092000002,510960
3.0935600920000024,425800
3.0945600920000023,1703200
3.095560092000002,0
3.0965600920000025,425800
3.0975600920000024,464166
3.0985600920000023,420910
3.0995600920000026,307164
3.100560092000002,936760
3.1015600920000024,1532880
3.1025600920000023,553540
3.103560092000002,0
3.1045600920000025,468380
3.1055600920000024,329078
3.1065600920000023,778002
3.1075600920000026,979340
3.108560092000002,425800
3.1095600920000024,425800
3.1105600920000023,0
3.111560092000002,0
3.1125600920000025,0
3.1135600920000024,1064500
3.1145600920000023,0
3.1155600920000026,0
3.116560092000002,0
3.1175600920000024,468380
3.1185600920000023,0
3.119560092000002,0
3.1205600920000025,0
3.1215600920000024,0
3.1225600920000023,0
3.1235600920000026,0
3.124560092000002,0
3.1255600920000024,555636
3.1265600920000023,466284
3.127560092000002,69848
3.1285600920000025,526272
3.1295600920000024,596120
3.1305600920000023,510960
3.1315600920000026,638700
3.132560092000002,468380
3.1335600920000024,271424
3.1345600920000023,707916
3.135560092000002,638700
3.1365600920000025,0
3.1375600920000024,0
3.1385600920000023,553540
3.1395600920000026,1107080
3.140560092000002,0
3.1415600920000024,0
3.1425600920000023,397824
3.143560092000002,410364
3.1445600920000025,85992
3.1455600920000024,0
3.1465600920000023,936760
3.1475600920000026,472000
3.148560092000002,38960
3.1495600920000024,0
3.1505600920000023,144786
3.151560092000002,962294
3.1525600920000025,0
3.1535600920000024,468380
3.1545600920000023,425800
3.1555600920000026,553540
3.156560092000002,304284
3.1575600920000024,164096
3.1585600920000023,404356
3.159560092000002,489824
3.1605600920000025,282878
3.1615600920000024,1292582
3.1625600920000023,0
3.1635600920000027,384776
3.164560092000002,468380
3.1655600920000024,41024
3.1665600920000023,469936
3.167560092000002,41024
3.1685600920000025,468380
3.1695600920000024,553540
3.1705600920000023,468380
3.1715600920000027,2042
3.172560092000002,1103822
3.1735600920000024,922486
3.1745600920000023,313550
3.175560092000002,0
3.1765600920000026,0
3.1775600920000024,0
3.1785600920000023,0
3.1795600920000027,0
3.180560092000002,0
3.1815600920000024,480558
3.1825600920000023,413622
3.1835600920000022,553540
3.1845600920000026,468380
3.1855600920000025,425800
3.1865600920000023,0
3.1875600920000027,0
3.188560092000002,425800
3.1895600920000025,0
3.1905600920000023,544074
3.1915600920000022,1372026
3.1925600920000026,468380
3.1935600920000025,330034
3.1945600920000023,777046
3.1955600920000027,0
3.196560092000002,468380
3.1975600920000025,0
3.1985600920000024,0
3.1995600920000022,0
3.2005600920000026,856938
3.2015600920000025,207562
3.2025600920000024,596120
3.2035600920000027,553540
3.204560092000002,0
3.2055600920000025,510960
3.2065600920000024,425800
3.2075600920000022,425800
3.2085600920000026,0
3.2095600920000025,0
3.2105600920000024,425800
3.2115600920000027,0
3.212560092000002,561196
3.2135600920000025,200646
3.2145600920000024,497226
3.2155600920000023,444132
3.2165600920000026,0
3.2175600920000025,425800
3.2185600920000024,425800
3.2195600920000027,596120
3.220560092000002,99942
3.2215600920000025,964558
3.2225600920000024,468380
3.2235600920000023,0
3.2245600920000026,553540
3.2255600920000025,894180
3.2265600920000024,553540
3.2275600920000027,0
3.228560092000002,0
3.2295600920000025,468380
3.2305600920000024,638862
3.2315600920000023,638538
3.2325600920000026,0
3.2335600920000025,0
3.2345600920000024,638700
3.2355600920000027,553540
3.236560092000002,0
3.2375600920000025,425800
3.2385600920000024,0
3.2395600920000023,468380
3.2405600920000026,0
3.2415600920000025,0
3.2425600920000024,429258
3.2435600920000027,325690
3.244560092000002,352132
3.2455600920000025,0
3.2465600920000024,469936
3.2475600920000023,553540
3.2485600920000026,41024
3.2495600920000025,265740
3.2505600920000024,160060
3.2515600920000027,593348
3.252560092000002,556312
3.2535600920000025,0
3.2545600920000024,553540
3.2555600920000023,425800
3.2565600920000026,468380
3.2575600920000025,0
3.2585600920000024,425800
3.2595600920000027,596120
3.260560092000002,468380
3.2615600920000025,553540
3.2625600920000024,608660
3.2635600920000023,328100
3.2645600920000026,553540
3.2655600920000025,0
3.2665600920000024,0
3.2675600920000027,0
3.268560092000002,0
3.2695600920000025,468380
3.2705600920000024,936760
3.2715600920000023,425800
3.2725600920000026,638700
3.2735600920000025,905510
3.2745600920000024,116410
3.2755600920000028,444526
3.276560092000002,657286
3.2775600920000025,942028
3.2785600920000024,0
3.2795600920000023,0
3.2805600920000026,54
3.2815600920000025,1405086
3.2825600920000024,545090
3.2835600920000028,8450
3.284560092000002,0
3.2855600920000025,0
3.2865600920000024,235284
3.2875600920000023,233096
3.2885600920000027,507540
3.2895600920000025,46000
3.2905600920000024,0
3.2915600920000028,427356
3.292560092000002,168364
3.2935600920000025,426200
3.2945600920000024,322238
3.2955600920000023,644778
3.2965600920000027,140064
3.2975600920000026,0
3.2985600920000024,425800
3.2995600920000028,468380
3.300560092000002,468380
3.3015600920000026,264892
3.3025600920000024,629288
3.3035600920000023,638700
3.3045600920000027,0
3.3055600920000026,0
3.3065600920000024,597768
3.307560092000003,40932
3.3085600920000022,136822
3.3095600920000026,411742
3.3105600920000025,391308
3.3115600920000023,678168
3.3125600920000027,304284
3.3135600920000026,164096
3.3145600920000025,467964
3.315560092000003,681696
3.3165600920000022,1142766
3.3175600920000026,387396
3.3185600920000025,598838
3.3195600920000023,638700
3.3205600920000027,0
3.3215600920000026,425962
3.3225600920000025,468218
3.323560092000003,0
3.3245600920000022,0
3.3255600920000026,217460
3.3265600920000025,336080
3.3275600920000024,479094
3.3285600920000027,74608
3.3295600920000026,638538
3.3305600920000025,0
3.331560092000003,0
3.3325600920000022,0
3.3335600920000026,596120
3.3345600920000025,468380
3.3355600920000024,0
3.3365600920000027,406836
3.3375600920000026,483600
3.3385600920000025,88904
3.339560092000003,0
3.3405600920000023,0
3.3415600920000026,0
3.3425600920000025,468380
3.3435600920000024,245528
3.3445600920000027,308012
3.3455600920000026,0
3.3465600920000025,0
3.347560092000003,0
3.3485600920000023,468380
3.3495600920000026,0
3.3505600920000025,553540
3.3515600920000024,553540
3.3525600920000027,122364
3.3535600920000026,431176
3.3545600920000025,0
3.355560092000003,0
3.3565600920000023,468380
3.3575600920000026,0
3.3585600920000025,0
3.3595600920000024,425800
3.3605600920000027,596120
3.3615600920000026,0
3.3625600920000025,425800
3.363560092000003,0
3.3645600920000023,1020564
3.3655600920000026,772248
3.3665600920000025,251028
3.3675600920000024,553540
3.3685600920000027,0
3.3695600920000026,936760
3.3705600920000025,468380
3.371560092000003,0
3.3725600920000023,257906
3.3735600920000026,678854
3.3745600920000025,468380
3.3755600920000024,468380
3.3765600920000027,468380
3.3775600920000026,425800
3.3785600920000025,1149660
3.379560092000003,425800
3.3805600920000023,0
3.3815600920000026,0
3.3825600920000025,468380
3.3835600920000024,979340
3.3845600920000027,638700
3.3855600920000026,553540
3.3865600920000025,0
3.387560092000003,0
3.3885600920000023,553540
3.3895600920000026,124644
3.3905600920000025,301156
3.3915600920000024,0
3.3925600920000027,0
3.3935600920000026,444910
3.3945600920000025,99380
3.395560092000003,562844
3.3965600920000023,468326
3.3975600920000026,0
3.3985600920000025,553540
3.3995600920000024,408484
3.4005600920000028,59896
3.4015600920000026,0
3.4025600920000025,510960
3.403560092000003,596120
3.4045600920000023,425962
3.4055600920000026,468218
3.4065600920000025,638700
3.4075600920000024,0
3.4085600920000028,468380
3.4095600920000027,510960
3.4105600920000025,0
3.411560092000003,468380
3.4125600920000023,0
3.4135600920000027,0
3.4145600920000025,761410
3.4155600920000024,260510
3.4165600920000028,468380
3.4175600920000027,233820
3.4185600920000025,702994
3.419560092000003,425746
3.4205600920000023,24734
3.4215600920000027,528806
3.4225600920000026,936760
3.4235600920000024,553540
3.4245600920000028,0
3.4255600920000027,553540
3.4265600920000026,425800
3.427560092000003,0
3.4285600920000023,0
3.4295600920000027,0
3.4305600920000026,425800
3.4315600920000024,638700
3.432560092000003,0
3.4335600920000027,0
3.4345600920000026,0
3.435560092000003,419938
3.4365600920000023,905634
3.4375600920000027,871596
3.4385600920000026,527952
3.4395600920000025,0
3.440560092000003,498474
3.4415600920000027,989584
3.4425600920000026,87402
3.443560092000003,596120
3.4445600920000023,425800
3.4455600920000027,0
3.4465600920000026,581278
3.4475600920000025,1036762
3.448560092000003,732402
3.4495600920000027,289518
3.4505600920000026,0
3.451560092000003,581170
3.4525600920000024,440750
3.4535600920000027,425800
3.4545600920000026,0
3.4555600920000025,0
3.456560092000003,894180
3.4575600920000027,575216
3.4585600920000026,489284
3.459560092000003,164420
3.4605600920000024,857500
3.4615600920000027,253146
3.4625600920000026,605494
3.4635600920000025,291020
3.464560092000003,0
3.4655600920000027,0
3.4665600920000026,638700
3.467560092000003,0
3.4685600920000024,425800
3.4695600920000027,0
3.4705600920000026,510960
3.4715600920000025,30472
3.472560092000003,1034028
3.4735600920000027,510960
3.4745600920000026,676304
3.475560092000003,1001054
3.4765600920000024,1090342
3.4775600920000027,1021920
3.4785600920000026,468380
3.4795600920000025,57778
3.480560092000003,1578432
3.4815600920000027,31066
3.4825600920000026,409770
3.483560092000003,566026
3.4845600920000024,82048
3.4855600920000027,39646
3.4865600920000026,854534
3.4875600920000025,894180
3.488560092000003,3166
3.4895600920000027,1018754
3.4905600920000026,172038
3.491560092000003,935042
3.4925600920000024,345346
3.4935600920000027,548834
3.4945600920000026,596120
3.4955600920000025,276470
3.496560092000003,873190
3.4975600920000027,486042
3.4985600920000026,452274
3.499560092000003,41024
3.5005600920000024,510960
3.5015600920000027,284796
3.5025600920000026,249742
3.5035600920000025,713584
3.504560092000003,431862
3.5055600920000027,591360
3.5065600920000026,496356
3.507560092000003,0
3.5085600920000024,0
3.5095600920000027,472670
3.5105600920000026,123450
3.5115600920000025,486566
3.512560092000003,910594
3.5135600920000027,7980
3.5145600920000026,596120
3.515560092000003,596120
3.5165600920000024,455008
3.5175600920000027,55952
3.5185600920000026,289864
3.5195600920000025,689476
3.520560092000003,150794
3.5215600920000028,317586
3.5225600920000026,759022
3.523560092000003,773858
3.5245600920000024,0
3.5255600920000028,53164
3.5265600920000026,415216
3.5275600920000025,596120
3.528560092000003,638700
3.5295600920000028,510960
3.5305600920000026,0
3.531560092000003,638700
3.5325600920000024,553540
3.5335600920000028,458990
3.5345600920000027,648090
3.5355600920000025,553540
3.536560092000003,425800
3.5375600920000028,468380
3.5385600920000027,0
3.539560092000003,553540
3.5405600920000024,0
3.5415600920000028,638700
3.5425600920000027,0
3.5435600920000025,679670
3.544560092000003,214510
3.5455600920000028,0
3.5465600920000027,510960
3.547560092000003,1091228
3.5485600920000024,952612
3.5495600920000028,0
3.5505600920000027,1283446
3.5515600920000026,760394
3.552560092000003,468380
3.553560092000003,0
3.5545600920000027,0
3.555560092000003,0
3.5565600920000024,638700
3.557560092000003,596120
3.5585600920000027,468380
3.5595600920000026,510960
3.560560092000003,0
3.561560092000003,425800
3.5625600920000027,1128308
3.563560092000003,63932
3.5645600920000025,225348
3.565560092000003,328192
3.5665600920000027,0
3.5675600920000026,162
3.568560092000003,595958
3.569560092000003,468380
3.5705600920000027,425800
3.571560092000003,425800
3.5725600920000025,0
3.573560092000003,553540
3.5745600920000027,1107080
3.5755600920000026,1399894
3.576560092000003,90406
3.577560092000003,485134
3.5785600920000027,1090326
3.579560092000003,0
3.5805600920000025,0
3.581560092000003,553540
3.5825600920000027,286498
3.5835600920000026,224462
3.584560092000003,0
3.585560092000003,0
3.5865600920000027,468380
3.587560092000003,186896
3.5885600920000025,877604
3.589560092000003,425800
3.5905600920000027,0
3.5915600920000026,894180
3.592560092000003,1107080
3.593560092000003,590636
3.5945600920000027,346124
3.595560092000003,0
3.5965600920000025,316030
3.597560092000003,237510
3.5985600920000027,979340
3.5995600920000026,346432
3.600560092000003,675488
3.601560092000003,583634
3.6025600920000027,12648
3.603560092000003,468218
3.6045600920000025,556652
3.605560092000003,452042
3.6065600920000027,566766
3.6075600920000026,473588
3.608560092000003,548332
3.609560092000003,628418
3.6105600920000027,989676
3.611560092000003,1149606
3.6125600920000025,468380
3.613560092000003,468380
3.6145600920000027,468380
3.6155600920000026,851600
3.616560092000003,510960
3.617560092000003,553540
3.6185600920000027,109262
3.619560092000003,401698
3.6205600920000025,0
3.621560092000003,626754
3.6225600920000027,1331926
3.6235600920000026,425800
3.624560092000003,0
3.625560092000003,0
3.6265600920000027,894180
3.627560092000003,0
3.6285600920000025,553540
3.629560092000003,0
3.6305600920000027,468380
3.6315600920000026,205028
3.632560092000003,391092
3.633560092000003,510960
3.6345600920000027,553540
3.635560092000003,425800
3.6365600920000025,979340
3.637560092000003,596120
3.6385600920000027,425800
3.6395600920000026,2258
3.640560092000003,1005204
3.641560092000003,482838
3.6425600920000027,510960
3.643560092000003,0
3.6445600920000025,851600
3.645560092000003,979124
3.6465600920000028,968626
3.6475600920000026,53510
3.648560092000003,0
3.649560092000003,0
3.6505600920000028,576664
3.651560092000003,683166
3.6525600920000025,698850
3.653560092000003,1107080
3.6545600920000028,564648
3.6555600920000026,457272
3.656560092000003,0
3.657560092000003,544074
3.6585600920000028,392686
3.659560092000003,0
3.6605600920000025,1039112
3.661560092000003,67968
3.6625600920000028,936760
3.6635600920000027,122672
3.664560092000003,608790
3.665560092000003,661862
3.6665600920000028,96976
3.667560092000003,972916
3.6685600920000025,49004
3.669560092000003,851600
3.6705600920000028,520512
3.6715600920000027,416248
3.672560092000003,510490
3.673560092000003,511430
3.6745600920000028,468380
3.675560092000003,1192240
3.6765600920000026,0
3.677560092000003,468380
3.678560092000003,553540
3.6795600920000027,425800
3.680560092000003,468380
3.681560092000003,162
3.682560092000003,472794
3.683560092000003,421224
3.6845600920000026,425800
3.685560092000003,653374
3.686560092000003,453706
3.6875600920000027,510960
3.688560092000003,0
3.689560092000003,638700
3.690560092000003,425800
3.691560092000003,425800
3.6925600920000026,1021920
3.693560092000003,0
3.694560092000003,266356
3.6955600920000027,202024
3.696560092000003,553540
3.697560092000003,936760
3.698560092000003,0
3.699560092000003,0
3.7005600920000026,0
3.701560092000003,0
3.702560092000003,0
3.7035600920000027,638700
3.704560092000003,936760
3.705560092000003,0
3.706560092000003,1018446
3.707560092000003,557014
3.7085600920000026,468380
3.709560092000003,979340
3.710560092000003,596120
3.7115600920000027,468380
3.712560092000003,0
3.713560092000003,0
3.714560092000003,894180
3.715560092000003,0
3.7165600920000026,0
3.717560092000003,425800
3.718560092000003,1149660
3.7195600920000027,0
3.720560092000003,425800
3.721560092000003,0
3.722560092000003,77196
3.723560092000003,859564
3.7245600920000026,638700
3.725560092000003,553540
3.726560092000003,0
3.7275600920000027,304630
3.728560092000003,717290
3.729560092000003,596120
3.730560092000003,468380
3.731560092000003,0
3.7325600920000026,1107080
3.733560092000003,0
3.734560092000003,220680
3.7355600920000027,205120
3.736560092000003,427356
3.737560092000003,41024
3.738560092000003,0
3.739560092000003,427356
3.7405600920000026,41024
3.741560092000003,590582
3.742560092000003,771978
3.7435600920000027,510960
3.744560092000003,0
3.745560092000003,468434
3.746560092000003,468326
3.747560092000003,0
3.7485600920000026,0
3.749560092000003,468380
3.750560092000003,495594
3.7515600920000027,483746
3.752560092000003,0
3.753560092000003,553540
3.754560092000003,722866
3.755560092000003,256474
3.7565600920000026,468380
3.757560092000003,0
3.758560092000003,393842
3.7595600920000027,628078
3.760560092000003,98332
3.761560092000003,455208
3.762560092000003,468380
3.763560092000003,0
3.7645600920000026,0
3.765560092000003,0
3.766560092000003,557138
3.7675600920000027,933162
3.768560092000003,18618
3.769560092000003,1075106
3.770560092000003,439156
3.771560092000003,979340
3.7725600920000026,0
3.773560092000003,381356
3.774560092000003,558516
3.7755600920000028,594564
3.776560092000003,41024
3.777560092000003,468380
3.778560092000003,638808
3.779560092000003,468272
3.7805600920000026,638808
3.781560092000003,1159504
3.782560092000003,288108
3.7835600920000028,0
3.784560092000003,324102
3.785560092000003,229438
3.786560092000003,425800
3.787560092000003,0
3.7885600920000027,0
3.789560092000003,638700
3.790560092000003,0
3.7915600920000028,0
3.792560092000003,805600
3.793560092000003,982760
3.794560092000003,425800
3.795560092000003,0
3.7965600920000027,553702
3.797560092000003,979178
3.798560092000003,6062
3.7995600920000028,547478
3.800560092000003,425800
3.801560092000003,162
3.802560092000003,1178630
3.8035600920000032,439248
3.8045600920000027,553540
3.805560092000003,0
3.806560092000003,0
3.807560092000003,656216
3.808560092000003,323124
3.809560092000003,468380
3.810560092000003,0
3.8115600920000032,936760
3.8125600920000027,0
3.813560092000003,425800
3.814560092000003,550066
3.815560092000003,225710
3.816560092000003,246144
3.817560092000003,0
3.818560092000003,343752
3.8195600920000032,82048
3.8205600920000027,1107080
3.821560092000003,176798
3.822560092000003,291582
3.823560092000003,979340
3.824560092000003,553540
3.825560092000003,510960
3.826560092000003,0
3.8275600920000032,0
3.8285600920000027,0
3.829560092000003,596120
3.830560092000003,0
3.831560092000003,468380
3.832560092000003,0
3.833560092000003,0
3.834560092000003,0
3.8355600920000033,0
3.8365600920000027,271948
3.837560092000003,239012
3.838560092000003,425800
3.839560092000003,0
3.840560092000003,564108
3.841560092000003,32012
3.842560092000003,0
3.8435600920000033,0
3.8445600920000027,102838
3.845560092000003,1046822
3.846560092000003,553540
3.847560092000003,0
3.848560092000003,876394
3.849560092000003,528746
3.850560092000003,425800
3.8515600920000033,468380
3.8525600920000027,420970
3.853560092000003,47410
3.854560092000003,553540
3.855560092000003,894180
3.856560092000003,638700
3.857560092000003,638700
3.858560092000003,512624
3.8595600920000033,637036
3.8605600920000027,596120
3.861560092000003,518540
3.862560092000003,418220
3.863560092000003,1277400
3.864560092000003,0
3.865560092000003,1064500
3.866560092000003,0
3.8675600920000033,468380
3.8685600920000027,1011968
3.869560092000003,478332
3.870560092000003,661770
3.871560092000003,957934
3.872560092000003,509296
3.873560092000003,1064500
3.874560092000003,402800
3.8755600920000033,23000
3.8765600920000027,468380
3.877560092000003,596120
3.878560092000003,468380
3.879560092000003,468380
3.880560092000003,0
3.881560092000003,172454
3.882560092000003,1019786
3.8835600920000033,468380
3.8845600920000027,0
3.885560092000003,167478
3.886560092000003,1067342
3.887560092000003,193266
3.888560092000003,700914
3.889560092000003,1137768
3.890560092000003,480272
3.8915600920000033,0
3.8925600920000027,0
3.893560092000003,1021920
3.894560092000003,0
3.895560092000003,0
3.896560092000003,468380
3.897560092000003,0
3.898560092000003,708316
3.8995600920000033,912728
3.9005600920000028,295056
3.901560092000003,553540
3.902560092000003,425800
3.903560092000003,0
3.904560092000003,425908
3.905560092000003,979232
3.906560092000003,175242
3.9075600920000033,718938
3.9085600920000028,996008
3.909560092000003,420262
3.910560092000003,31450
3.911560092000003,468380
3.912560092000003,425800
3.913560092000003,0
3.914560092000003,0
3.9155600920000033,747784
3.9165600920000028,374786
3.917560092000003,282570
3.918560092000003,468380
3.919560092000003,468380
3.920560092000003,425800
3.921560092000003,317424
3.922560092000003,150956
3.9235600920000033,0
3.9245600920000028,448384
3.925560092000003,616116
3.926560092000003,596120
3.927560092000003,638700
3.9285600920000032,553540
3.929560092000003,468380
3.930560092000003,972592
3.9315600920000033,189516
3.932560092000003,328192
3.933560092000003,0
3.934560092000003,0
3.935560092000003,229838
3.9365600920000032,238542
3.937560092000003,510960
3.938560092000003,936166
3.9395600920000033,462658
3.940560092000003,134056
3.941560092000003,0
3.942560092000003,369340
3.943560092000003,652580
3.9445600920000032,386332
3.945560092000003,481844
3.946560092000003,26004
3.9475600920000034,0
3.948560092000003,510960
3.949560092000003,589642
3.950560092000003,263260
3.951560092000003,514326
3.9525600920000032,123072
3.953560092000003,72852
3.954560092000003,523268
3.9555600920000034,468380
3.956560092000003,0
3.957560092000003,553540
3.958560092000003,173794
3.959560092000003,294586
3.9605600920000033,0
3.961560092000003,468380
3.962560092000003,0
3.9635600920000034,469936
3.964560092000003,466824
3.965560092000003,553540
3.966560092000003,0
3.967560092000003,26344
3.9685600920000033,1165896
3.969560092000003,363262
3.970560092000003,275438
3.9715600920000034,348366
3.972560092000003,162594
3.973560092000003,596120
3.974560092000003,0
3.975560092000003,0
3.9765600920000033,18618
3.977560092000003,449762
3.978560092000003,553540
3.9795600920000034,0
3.980560092000003,1021920
3.981560092000003,890852
3.982560092000003,45908
3.983560092000003,425800
3.9845600920000033,553540
3.985560092000003,0
3.986560092000003,468380
3.9875600920000034,510960
3.988560092000003,425800
3.989560092000003,0
3.990560092000003,510960
3.991560092000003,553540
3.9925600920000033,2096
3.993560092000003,466284
3.994560092000003,1021920
3.9955600920000034,0
3.996560092000003,1021920
3.997560092000003,0
3.998560092000003,194676
3.9995600920000034,231124
4.000560092000003,386332
4.001560092000004,510490
4.002560092000003,82518
4.003560092000003,425800
4.004560092000003,468380
4.005560092000003,0
4.006560092000003,468380
4.007560092000003,0
4.008560092000003,0
4.009560092000003,425800
4.010560092000003,3652
4.011560092000003,1380914
4.012560092000003,1297974
4.013560092000003,614322
4.0145600920000035,1373258
4.015560092000003,184000
4.016560092000003,596120
4.017560092000004,162
4.018560092000003,638538
4.019560092000003,596120
4.020560092000003,468380
4.021560092000003,0
4.022560092000003,0
4.023560092000003,0
4.024560092000003,0
4.025560092000003,0
4.026560092000003,468380
4.027560092000003,0
4.028560092000003,468380
4.029560092000003,0
4.0305600920000035,425800
4.031560092000003,0
4.032560092000003,596120
4.033560092000004,510960
4.034560092000003,425800
4.035560092000003,0
4.036560092000003,0
4.037560092000003,468380
4.038560092000003,1021920
4.039560092000003,575254
4.040560092000003,446666
4.041560092000003,0
4.042560092000003,638700
4.043560092000003,596120
4.044560092000003,0
4.045560092000003,425800
4.0465600920000036,0
4.047560092000003,455424
4.048560092000003,438756
4.049560092000004,553540
4.050560092000003,0
4.051560092000003,553540
4.052560092000003,436660
4.053560092000003,354136
4.054560092000003,231124
4.055560092000003,430468
4.056560092000003,123072
4.057560092000003,1064500
4.058560092000003,1021920
4.0595600920000035,596120
4.060560092000003,553540
4.061560092000003,425800
4.062560092000004,0
4.063560092000003,936760
4.064560092000003,468380
4.065560092000004,468380
4.066560092000003,425800
4.0675600920000035,119468
4.068560092000003,519232
4.069560092000003,0
4.070560092000003,0
4.071560092000003,0
4.072560092000003,178246
4.073560092000003,673354
4.074560092000003,441522
4.0755600920000035,749632
4.076560092000003,387834
4.077560092000003,337112
4.078560092000004,0
4.079560092000003,0
4.080560092000003,425800
4.081560092000004,468380
4.082560092000003,596120
4.0835600920000035,0
4.084560092000003,425800
4.085560092000003,510960
4.086560092000003,638700
4.087560092000003,0
4.088560092000003,387888
4.089560092000003,123072
4.090560092000003,0
4.0915600920000035,553540
4.092560092000003,468380
4.093560092000003,510960
4.094560092000004,574622
4.095560092000003,451026
4.096560092000003,555874
4.097560092000004,36518
4.098560092000003,895736
4.0995600920000035,41024
4.100560092000003,63786
4.101560092000003,1043294
4.102560092000003,638700
4.103560092000003,596120
4.104560092000003,0
4.105560092000003,0
4.106560092000003,45654
4.1075600920000035,422726
4.108560092000003,0
4.109560092000003,0
4.110560092000004,650716
4.111560092000003,286044
4.112560092000003,510960
4.113560092000004,0
4.114560092000003,0
4.1155600920000035,596120
4.116560092000003,603176
4.117560092000003,376164
4.118560092000003,0
4.119560092000003,59226
4.120560092000003,920114
4.121560092000003,510960
4.122560092000003,0
4.1235600920000035,684916
4.124560092000003,1018284
4.125560092000003,425800
4.126560092000004,80200
4.127560092000003,388180
4.128560092000003,0
4.129560092000004,0
4.130560092000003,0
4.1315600920000035,468380
4.132560092000003,0
4.133560092000003,0
4.134560092000003,510960
4.135560092000003,468380
4.136560092000003,72906
4.137560092000003,565794
4.138560092000003,0
4.1395600920000035,0
4.140560092000003,0
4.141560092000003,18618
4.142560092000004,449762
4.143560092000003,0
4.144560092000003,0
4.145560092000004,466408
4.146560092000003,988876
4.1475600920000035,418236
4.148560092000003,468380
4.149560092000003,553702
4.150560092000003,548402
4.151560092000003,4976
4.152560092000003,284326
4.153560092000003,141474
4.154560092000003,0
4.1555600920000035,468380
4.156560092000003,426340
4.157560092000003,1063960
4.158560092000004,269484
4.159560092000003,369216
4.160560092000003,0
4.161560092000004,540584
4.162560092000003,12956
4.1635600920000035,0
4.164560092000003,469936
4.165560092000003,1020364
4.166560092000003,408900
4.167560092000003,393696
4.168560092000003,559964
4.169560092000003,510960
4.170560092000003,553540
4.1715600920000036,977044
4.172560092000003,44876
4.173560092000003,1234820
4.174560092000004,0
4.175560092000003,425800
4.176560092000003,425800
4.177560092000004,638700
4.178560092000003,0
4.179560092000004,0
4.180560092000003,0
4.181560092000003,132878
4.182560092000003,889042
4.183560092000003,596120
4.1845600920000035,1107080
4.185560092000003,0
4.186560092000003,0
4.187560092000004,0
4.188560092000003,162
4.189560092000003,638538
4.190560092000004,428950
4.191560092000003,39430
4.1925600920000035,0
4.193560092000004,0
4.194560092000003,596120
4.195560092000004,468380
4.196560092000003,468380
4.197560092000003,638700
4.198560092000003,0
4.199560092000003,0
4.2005600920000035,0
4.201560092000003,553540
4.202560092000003,0
4.203560092000004,468380
4.204560092000003,468380
4.205560092000003,0
4.206560092000004,894180
4.207560092000003,0
4.2085600920000035,0
4.209560092000004,0
4.210560092000003,0
4.211560092000004,0
4.212560092000003,0
4.213560092000003,0
4.214560092000003,0
4.215560092000003,536548
4.2165600920000035,16992
4.217560092000003,0
4.218560092000003,468380
4.219560092000004,640796
4.220560092000003,466284
4.221560092000003,423358
4.222560092000004,1194682
4.223560092000003,80416
4.2245600920000035,1026664
4.225560092000004,806216
4.226560092000003,513764
4.227560092000004,553540
4.228560092000003,0
4.229560092000003,445056
4.230560092000003,65904
4.231560092000003,1149660
4.2325600920000035,425800
4.233560092000003,0
4.234560092000003,0
4.235560092000004,501154
4.236560092000003,520766
4.237560092000003,0
4.238560092000004,1192240
4.239560092000003,0
4.2405600920000035,425800
4.241560092000004,468380
4.242560092000003,0
4.243560092000004,553540
4.244560092000003,0
4.245560092000003,0
4.246560092000003,425800
4.247560092000003,510960
4.2485600920000035,399634
4.249560092000003,835186
4.250560092000003,553540
4.251560092000004,0
4.252560092000003,14058
4.253560092000003,837704
4.254560092000004,595958
4.255560092000003,0
4.2565600920000035,510960
4.257560092000004,0
4.258560092000003,979340
4.259560092000004,468380
4.260560092000003,0
4.261560092000003,1107080
4.262560092000003,3166
4.263560092000003,550374
4.2645600920000035,0
4.265560092000003,501008
4.266560092000003,9952
4.267560092000004,0
4.268560092000003,0
4.269560092000003,425800
4.270560092000004,553540
4.271560092000003,1192240
4.2725600920000035,596120
4.273560092000004,425800
4.274560092000003,297936
4.275560092000004,127864
4.276560092000003,638700
4.277560092000003,0
4.278560092000003,0
4.279560092000003,201300
4.2805600920000035,267080
4.281560092000003,437454
4.282560092000003,180688
4.283560092000004,318618
4.284560092000003,956340
4.285560092000003,23000
4.286560092000004,0
4.287560092000003,0
4.2885600920000035,468380
4.289560092000004,468380
4.290560092000003,0
4.291560092000004,395998
4.292560092000003,583342
4.293560092000003,558516
4.294560092000003,761464
4.295560092000003,510960
4.2965600920000036,0
4.297560092000003,0
4.298560092000003,0
4.299560092000004,510960
4.300560092000003,0
4.301560092000003,0
4.302560092000004,887594
4.303560092000003,219486
4.304560092000004,553540
4.305560092000004,6656
4.306560092000003,930104
4.307560092000004,162
4.308560092000003,553378
4.3095600920000035,0
4.310560092000003,425800
4.311560092000003,0
4.312560092000004,0
4.313560092000003,510960
4.314560092000003,0
4.315560092000004,0
4.316560092000003,0
4.3175600920000035,553540
4.318560092000004,425800
4.319560092000003,180834
4.320560092000004,287546
4.321560092000004,0
4.322560092000003,108
4.323560092000004,468434
4.324560092000003,979178
4.3255600920000035,468380
4.326560092000003,0
4.327560092000003,0
4.328560092000004,553540
4.329560092000003,553540
4.330560092000003,0
4.331560092000004,0
4.332560092000003,0
4.3335600920000035,368346
4.334560092000004,181790
4.335560092000003,429204
4.336560092000004,0
4.337560092000004,979340
4.338560092000003,0
4.339560092000004,468380
4.340560092000003,0
4.3415600920000035,936760
4.342560092000003,553540
4.343560092000003,936760
4.344560092000004,553540
4.345560092000003,468380
4.346560092000003,523262
4.347560092000004,583872
4.348560092000003,596066
4.3495600920000035,0
4.350560092000004,0
4.351560092000003,0
4.352560092000004,888318
4.353560092000004,516822
4.354560092000003,510960
4.355560092000004,0
4.356560092000003,468380
4.3575600920000035,0
4.358560092000003,468380
4.359560092000003,553540
4.360560092000004,0
4.361560092000003,0
4.362560092000003,979340
4.363560092000004,463404
4.364560092000003,643676
4.3655600920000035,0
4.366560092000004,1022082
4.367560092000003,553378
4.368560092000004,1447612
4.369560092000004,213008
4.370560092000003,0
4.371560092000004,468380
4.372560092000003,425962
4.3735600920000035,553378
4.374560092000003,0
4.375560092000003,425800
4.376560092000004,0
4.377560092000003,553594
4.378560092000003,979340
4.379560092000004,936706
4.380560092000003,0
4.3815600920000035,294840
4.382560092000004,684500
4.383560092000003,626846
4.384560092000004,437654
4.385560092000004,0
4.386560092000003,596120
4.387560092000004,0
4.388560092000003,77142
4.3895600920000035,859618
4.390560092000003,0
4.391560092000003,1064500
4.392560092000004,553540
4.393560092000003,0
4.394560092000003,553540
4.395560092000004,468380
4.396560092000003,426416
4.3975600920000035,510344
4.398560092000004,716404
4.399560092000003,348096
4.400560092000004,162
4.401560092000004,425638
4.402560092000003,623734
4.403560092000004,355606
4.404560092000003,0
4.4055600920000035,0
4.406560092000003,0
4.407560092000003,1021920
4.408560092000004,638700
4.409560092000003,492520
4.410560092000003,61020
4.411560092000004,512516
4.412560092000003,509404
4.4135600920000035,0
4.414560092000004,425800
4.415560092000003,425800
4.416560092000004,1103606
4.417560092000004,234344
4.418560092000003,705890
4.419560092000004,0
4.420560092000003,335864
4.4215600920000036,643476
4.422560092000003,0
4.423560092000003,335556
4.424560092000004,217984
4.425560092000003,4668
4.426560092000003,1144992
4.427560092000004,596120
4.428560092000003,596120
4.429560092000004,116356
4.430560092000004,862984
4.431560092000003,553540
4.432560092000004,425800
4.433560092000004,468380
4.4345600920000035,468380
4.435560092000004,0
4.436560092000003,0
4.437560092000004,468380
4.438560092000003,1021920
4.439560092000003,425800
4.440560092000004,0
4.441560092000003,638700
4.4425600920000035,429420
4.443560092000004,592500
4.444560092000003,0
4.445560092000004,20282
4.446560092000004,1044218
4.447560092000003,0
4.448560092000004,468380
4.449560092000004,0
4.4505600920000035,0
4.451560092000004,894180
4.452560092000003,1319980
4.453560092000004,0
4.454560092000003,0
4.455560092000003,0
4.456560092000004,425800
4.457560092000003,596120
4.4585600920000035,10676
4.459560092000004,457704
4.460560092000003,387888
4.461560092000004,366898
4.462560092000004,735514
4.463560092000003,330380
4.464560092000004,776700
4.465560092000004,596120
4.4665600920000035,979340
4.467560092000004,425800
4.468560092000003,1064554
4.469560092000004,596066
4.470560092000003,553702
4.471560092000003,553378
4.472560092000004,0
4.473560092000003,702378
4.4745600920000035,769574
4.475560092000004,614468
4.476560092000003,894180
4.477560092000004,0
4.478560092000004,596174
4.479560092000003,596066
4.480560092000004,425800
4.481560092000004,425800
4.4825600920000035,596120
4.483560092000004,93772
4.484560092000003,417188
4.485560092000004,0
4.486560092000003,16684
4.487560092000003,536856
4.488560092000004,468380
4.489560092000003,638700
4.4905600920000035,0
4.491560092000004,234414
4.492560092000003,361706
4.493560092000004,469936
4.494560092000004,41024
4.495560092000003,0
4.496560092000004,334324
4.497560092000004,134056
4.4985600920000035,428858
4.499560092000004,466878
4.500560092000004,41024
4.501560092000004,0
4.502560092000003,512516
4.503560092000003,41024
4.504560092000004,638700
4.505560092000003,0
4.5065600920000035,0
4.507560092000004,0
4.508560092000003,0
4.509560092000004,638700
4.510560092000004,510490
4.511560092000003,470
4.512560092000004,571218
4.513560092000004,450702
4.5145600920000035,0
4.515560092000003,403362
4.516560092000004,22438
4.517560092000004,468380
4.518560092000003,244442
4.519560092000003,266518
4.520560092000004,260494
4.521560092000003,1485286
4.5225600920000035,222236
4.523560092000004,544820
4.524560092000003,340024
4.525560092000004,468380
4.526560092000004,0
4.527560092000003,0
4.528560092000004,553540
4.529560092000004,261704
4.5305600920000035,164096
4.531560092000003,0
4.532560092000004,427356
4.533560092000004,41024
4.534560092000003,228952
4.535560092000003,282008
4.536560092000004,823408
4.537560092000003,155932
4.5385600920000035,468380
4.539560092000004,596120
4.540560092000003,851600
4.541560092000004,468380
4.542560092000004,468380
4.543560092000003,223414
4.544560092000004,287546
4.545560092000004,638700
4.5465600920000036,425800
4.547560092000003,0
4.548560092000004,510960
4.549560092000004,0
4.550560092000003,152712
4.551560092000003,273088
4.552560092000004,54774
4.553560092000003,498766
4.554560092000004,1064500
4.555560092000004,0
4.556560092000003,386332
4.557560092000004,82048
4.558560092000004,0
4.5595600920000035,0
4.560560092000004,0
4.561560092000004,0
4.562560092000004,553540
4.563560092000003,638700
4.564560092000004,553540
4.565560092000004,0
4.566560092000003,510960
4.5675600920000035,0
4.568560092000004,1064500
4.569560092000003,432348
4.570560092000004,419252
4.571560092000004,553540
4.572560092000003,425800
4.573560092000004,468380
4.574560092000004,47318
4.5755600920000035,548802
4.576560092000004,638700
4.577560092000004,425800
4.578560092000004,1064500
4.579560092000003,0
4.580560092000004,425800
4.581560092000004,980102
4.582560092000003,359204
4.5835600920000035,663510
4.584560092000004,466824
4.585560092000003,0
4.586560092000004,0
4.587560092000004,357886
4.588560092000003,747222
4.589560092000004,598092
4.590560092000004,894180
4.5915600920000035,95436
4.592560092000004,543264
4.593560092000004,936760
4.594560092000004,596120
4.595560092000003,638700
4.596560092000004,468380
4.597560092000004,119252
4.598560092000003,786998
4.5995600920000035,541470
4.600560092000004,0
4.601560092000003,425800
4.602560092000004,510960
4.603560092000004,936760
4.604560092000003,0
4.605560092000004,511014
4.606560092000004,510906
4.6075600920000035,468380
4.608560092000004,425800
4.609560092000004,146396
4.610560092000004,407144
4.611560092000003,0
4.612560092000004,417604
4.613560092000004,135936
4.614560092000003,131484
4.6155600920000035,1145916
4.616560092000004,936760
4.617560092000003,638700
4.618560092000004,468380
4.619560092000004,0
4.620560092000003,262990
4.621560092000004,758930
4.622560092000004,0
4.6235600920000035,0
4.624560092000004,0
4.625560092000004,468380
4.626560092000004,1107080
4.627560092000003,696192
4.628560092000004,382242
4.629560092000004,241546
4.630560092000003,0
4.6315600920000035,468380
4.632560092000004,553540
4.633560092000003,264816
4.634560092000004,246144
4.635560092000004,349814
4.636560092000003,118566
4.637560092000004,0
4.638560092000004,468380
4.6395600920000035,0
4.640560092000004,468380
4.641560092000004,0
4.642560092000004,223360
4.643560092000003,245020
4.644560092000004,0
4.645560092000004,474674
4.646560092000003,589826
4.6475600920000035,0
4.648560092000004,0
4.649560092000003,1062312
4.650560092000004,555728
4.651560092000004,638700
4.652560092000003,0
4.653560092000004,0
4.654560092000004,468380
4.6555600920000035,596120
4.656560092000004,0
4.657560092000004,638700
4.658560092000004,0
4.659560092000003,468380
4.660560092000004,0
4.661560092000004,425800
4.662560092000003,425800
4.6635600920000035,0
4.664560092000004,23070
4.665560092000003,402730
4.666560092000004,0
4.667560092000004,425800
4.668560092000003,468380
4.669560092000004,553540
4.670560092000004,0
4.6715600920000036,596120
4.672560092000004,415378
4.673560092000004,10422
4.674560092000004,0
4.675560092000003,596120
4.676560092000004,468380
4.677560092000004,425854
4.678560092000003,979286
4.679560092000004,0
4.680560092000004,0
4.681560092000003,0
4.682560092000004,362446
4.683560092000004,538250
4.6845600920000035,248964
4.685560092000004,0
4.686560092000004,468380
4.687560092000004,638700
4.688560092000004,553540
4.689560092000004,553540
4.690560092000004,510960
4.691560092000003,0
4.692560092000004,510960
4.693560092000004,638700
4.694560092000003,510960
4.695560092000004,553540
4.696560092000004,0
4.697560092000003,510960
4.698560092000004,0
4.699560092000004,742754
4.7005600920000035,619806
4.701560092000004,425800
4.702560092000004,0
4.703560092000004,0
4.704560092000004,1021920
4.705560092000004,0
4.706560092000004,510960
4.707560092000003,596120
4.708560092000004,425800
4.709560092000004,0
4.710560092000003,38090
4.711560092000004,941250
4.712560092000004,468380
4.713560092000003,98170
4.714560092000004,719122
4.715560092000004,502688
4.7165600920000035,0
4.717560092000004,458898
4.718560092000004,435282
4.719560092000004,936760
4.720560092000004,425800
4.721560092000004,506524
4.722560092000004,430236
4.723560092000003,26128
4.724560092000004,442252
4.725560092000004,553540
4.726560092000003,254540
4.727560092000004,725886
4.728560092000004,41494
4.729560092000003,468380
4.730560092000004,0
4.731560092000004,468380
4.7325600920000035,752506
4.733560092000004,822954
4.734560092000004,1021920
4.735560092000004,1556
4.736560092000004,594564
4.737560092000004,553540
4.738560092000004,468380
4.739560092000003,54
4.740560092000004,673208
4.741560092000004,348658
4.742560092000003,553540
4.743560092000004,553540
4.744560092000004,596120
4.745560092000003,104448
4.746560092000004,960052
4.747560092000004,0
4.7485600920000035,453452
4.749560092000004,653628
4.750560092000004,468380
4.751560092000004,0
4.752560092000004,0
4.753560092000004,553540
4.754560092000004,364402
4.755560092000003,529832
4.756560092000004,553486
4.757560092000004,553540
4.758560092000003,468380
4.759560092000004,1021920
4.760560092000004,0
4.761560092000003,425800
4.762560092000004,468380
4.763560092000004,596120
4.7645600920000035,0
4.765560092000004,1192240
4.766560092000004,638700
4.767560092000004,0
4.768560092000004,127232
4.769560092000004,341148
4.770560092000004,0
4.771560092000003,0
4.772560092000004,54
4.773560092000004,553486
4.774560092000003,821290
4.775560092000004,115470
4.776560092000004,923080
4.777560092000003,184000
4.778560092000004,789840
4.779560092000004,146920
4.7805600920000035,468380
4.781560092000004,0
4.782560092000004,596120
4.783560092000004,425800
4.784560092000004,0
4.785560092000004,0
4.786560092000004,0
4.787560092000003,0
4.788560092000004,596120
4.789560092000004,0
4.790560092000003,0
4.791560092000004,510960
4.792560092000004,0
4.793560092000003,0
4.794560092000004,0
4.795560092000004,894234
4.7965600920000036,468326
4.797560092000004,979340
4.798560092000004,0
4.799560092000004,0
4.800560092000004,553540
4.801560092000004,0
4.802560092000004,425800
4.803560092000003,361868
4.8045600920000044,63932
4.805560092000004,523646
4.806560092000003,540854
4.807560092000004,638700
4.808560092000004,0
4.8095600920000035,1025740
4.810560092000004,529524
4.811560092000004,233096
4.812560092000004,425800
4.813560092000004,0
4.814560092000004,663656
4.815560092000004,187944
4.816560092000004,0
4.817560092000004,290896
4.818560092000004,134904
4.819560092000003,0
4.8205600920000045,468380
4.821560092000004,0
4.822560092000003,468380
4.823560092000004,787306
4.824560092000004,149454
4.8255600920000035,468380
4.826560092000004,193374
4.827560092000004,1205018
4.828560092000004,91908
4.829560092000004,0
4.830560092000004,0
4.831560092000004,0
4.832560092000004,334270
4.833560092000004,578042
4.834560092000004,67028
4.835560092000003,499236
4.8365600920000045,96884
4.837560092000004,144640
4.838560092000003,713184
4.839560092000004,164096
4.840560092000004,0
4.8415600920000035,510960
4.842560092000004,553540
4.843560092000004,0
4.844560092000004,510960
4.845560092000004,0
4.846560092000004,0
4.847560092000004,638700
4.848560092000004,0
4.849560092000004,894180
4.850560092000004,596120
4.851560092000003,638700
4.8525600920000045,0
4.853560092000004,1149660
4.854560092000003,463512
4.855560092000004,90028
4.856560092000004,577010
4.8575600920000035,742970
4.858560092000004,638700
4.859560092000004,17062
4.860560092000004,408738
4.861560092000004,23070
4.862560092000004,402784
4.863560092000004,553486
4.864560092000004,460962
4.865560092000004,560958
4.866560092000004,468380
4.867560092000003,0
4.8685600920000045,468380
4.869560092000004,0
4.870560092000003,54
4.871560092000004,468326
4.872560092000004,1107080
4.8735600920000035,510960
4.874560092000004,425800
4.875560092000004,0
4.876560092000004,936814
4.877560092000004,510906
4.878560092000004,468380
4.879560092000004,0
4.880560092000004,979340
4.881560092000004,0
4.882560092000004,0
4.883560092000003,638700
4.8845600920000045,0
4.885560092000004,425800
4.886560092000003,1021920
4.887560092000004,0
4.888560092000004,0
4.8895600920000035,0
4.890560092000004,425800
4.891560092000004,712368
4.892560092000004,352132
4.893560092000004,0
4.894560092000004,553540
4.895560092000004,553540
4.896560092000004,0
4.897560092000004,553540
4.898560092000004,596120
4.899560092000003,226110
4.9005600920000045,412590
4.901560092000004,0
4.902560092000003,553540
4.903560092000004,0
4.904560092000004,0
4.9055600920000035,184324
4.906560092000004,369216
4.907560092000004,0
4.908560092000004,541054
4.909560092000004,566026
4.910560092000004,596120
4.911560092000004,0
4.912560092000004,379114
4.913560092000004,733558
4.914560092000004,36988
4.915560092000003,0
4.9165600920000045,0
4.917560092000004,0
4.918560092000003,1664
4.919560092000004,586476
4.920560092000004,712530
4.9215600920000036,487690
4.922560092000004,0
4.923560092000004,0
4.924560092000004,0
4.925560092000004,0
4.926560092000004,990308
4.927560092000004,201932
4.928560092000004,0
4.9295600920000044,0
4.930560092000004,250250
4.931560092000003,175550
4.932560092000005,596120
4.933560092000004,475620
4.9345600920000035,301712
4.935560092000004,714524
4.936560092000004,41024
4.937560092000004,0
4.938560092000004,446612
4.939560092000004,106928
4.940560092000004,425800
4.941560092000004,596120
4.942560092000004,1149660
4.943560092000004,56168
4.944560092000004,412266
4.9455600920000045,936706
4.946560092000004,553540
4.947560092000003,425800
4.948560092000005,261796
4.949560092000004,632384
4.9505600920000035,125422
4.951560092000004,1310898
4.952560092000004,53980
4.953560092000004,468380
4.954560092000004,443878
4.955560092000004,578042
4.956560092000004,425800
4.957560092000004,404302
4.958560092000004,532458
4.959560092000004,1064500
4.960560092000004,0
4.9615600920000045,0
4.962560092000004,0
4.963560092000003,1100602
4.964560092000005,296304
4.965560092000004,178554
4.9665600920000035,331412
4.967560092000004,136968
4.968560092000004,0
4.969560092000004,0
4.970560092000004,468380
4.971560092000004,0
4.972560092000004,388958
4.973560092000004,569030
4.974560092000004,63932
4.975560092000004,392902
4.976560092000004,1012238
4.9775600920000045,936760
4.978560092000004,510960
4.979560092000003,553540
4.980560092000005,468380
4.981560092000004,979340
4.9825600920000035,1149660
4.983560092000004,591144
4.984560092000004,597692
4.985560092000004,982744
4.986560092000004,510960
4.987560092000004,1051106
4.988560092000004,481774
4.989560092000004,307688
4.990560092000004,453214
4.991560092000004,899718
4.992560092000004,0
4.9935600920000045,596120
4.994560092000004,0
4.995560092000003,638700
4.996560092000005,638700
4.997560092000004,873082
4.9985600920000035,191418
4.999560092000004,474604
5.000560092000004,164096
5.001560092000004,0
5.002560092000004,468380
5.003560092000004,54
5.004560092000004,851546
5.005560092000004,468380
5.006560092000004,0
5.007560092000004,0
5.008560092000004,894180
5.0095600920000045,0
5.010560092000004,0
5.011560092000003,0
5.012560092000005,425800
5.013560092000004,0
5.0145600920000035,468380
5.015560092000004,510960
5.016560092000004,65126
5.017560092000004,421456
5.018560092000004,492758
5.019560092000004,425800
5.020560092000004,1064500
5.021560092000004,589642
5.022560092000004,6478
5.023560092000004,0
5.024560092000004,0
5.0255600920000045,189954
5.026560092000004,363586
5.027560092000003,0
5.028560092000005,0
5.029560092000004,1020564
5.0305600920000035,43936
5.031560092000004,280922
5.032560092000004,273374
5.033560092000004,557344
5.034560092000004,38020
5.035560092000004,0
5.036560092000004,54720
5.037560092000004,510852
5.038560092000004,394258
5.039560092000004,913690
5.040560092000004,553540
5.0415600920000045,0
5.042560092000004,0
5.043560092000003,202332
5.044560092000005,266048
5.045560092000004,343066
5.0465600920000036,210474
5.047560092000004,638700
5.048560092000004,468380
5.049560092000004,468380
5.050560092000004,421132
5.051560092000004,1154328
5.052560092000004,979340
5.053560092000004,0
5.0545600920000044,0
5.055560092000004,0
5.056560092000004,0
5.057560092000005,0
5.058560092000004,1053008
5.0595600920000035,352132
5.060560092000005,468380
5.061560092000004,638700
5.062560092000004,0
5.063560092000004,553540
5.064560092000004,425800
5.065560092000004,510960
5.066560092000004,324064
5.067560092000004,272056
5.068560092000004,553594
5.069560092000004,510906
5.0705600920000045,468380
5.071560092000004,0
5.072560092000004,425800
5.073560092000005,0
5.074560092000004,468380
5.0755600920000035,0
5.076560092000005,480936
5.077560092000004,881624
5.078560092000004,0
5.079560092000004,1575460
5.080560092000004,468380
5.081560092000004,0
5.082560092000004,468380
5.083560092000004,0
5.084560092000004,0
5.085560092000004,425800
5.0865600920000045,0
5.087560092000004,840346
5.088560092000004,96414
5.089560092000005,425800
5.090560092000004,936760
5.0915600920000035,594726
5.092560092000005,384614
5.093560092000004,0
5.094560092000004,162
5.095560092000004,979178
5.096560092000004,510960
5.097560092000004,0
5.098560092000004,0
5.099560092000004,425800
5.100560092000004,0
5.101560092000004,638700
5.1025600920000045,0
5.103560092000004,553540
5.104560092000004,774258
5.105560092000005,631044
5.106560092000004,468218
5.1075600920000035,1021920
5.108560092000005,0
5.109560092000004,1107080
5.110560092000004,0
5.111560092000004,0
5.112560092000004,979340
5.113560092000004,706884
5.114560092000004,400196
5.115560092000004,638808
5.116560092000004,425692
5.117560092000004,44152
5.1185600920000045,1020348
5.119560092000004,0
5.120560092000004,894180
5.121560092000005,0
5.122560092000004,45654
5.1235600920000035,422726
5.124560092000005,0
5.125560092000004,0
5.126560092000004,553540
5.127560092000004,1109176
5.128560092000004,977244
5.129560092000004,596120
5.130560092000004,425800
5.131560092000004,425800
5.132560092000004,425800
5.133560092000004,638700
5.1345600920000045,894180
5.135560092000004,638700
5.136560092000004,468380
5.137560092000005,0
5.138560092000004,0
5.1395600920000035,1064500
5.140560092000005,1021920
5.141560092000004,1064500
5.142560092000004,1575460
5.143560092000004,0
5.144560092000004,206384
5.145560092000004,347156
5.146560092000004,0
5.147560092000004,468380
5.148560092000004,0
5.149560092000004,635226
5.1505600920000045,452344
5.151560092000004,1041430
5.152560092000004,510960
5.153560092000005,425800
5.154560092000004,0
5.1555600920000035,1064500
5.156560092000005,425800
5.157560092000004,1107080
5.158560092000004,0
5.159560092000004,0
5.160560092000004,0
5.161560092000004,430468
5.162560092000004,123072
5.163560092000004,427356
5.164560092000004,41024
5.165560092000004,0
5.1665600920000045,425800
5.167560092000004,553540
5.168560092000004,409370
5.169560092000005,612550
5.170560092000004,0
5.1715600920000036,425800
5.172560092000005,326906
5.173560092000004,141474
5.174560092000004,0
5.175560092000004,553540
5.176560092000004,468380
5.177560092000004,514018
5.178560092000004,39522
5.1795600920000044,548564
5.180560092000004,560072
5.181560092000004,439664
5.182560092000005,418106
5.183560092000004,510852
5.184560092000004,77542
5.185560092000005,425800
5.186560092000004,589080
5.187560092000004,730900
5.188560092000005,468380
5.189560092000004,0
5.190560092000004,0
5.191560092000004,848272
5.192560092000004,45908
5.193560092000004,553540
5.194560092000004,553540
5.1955600920000045,468380
5.196560092000004,1021920
5.197560092000004,263260
5.198560092000005,205120
5.199560092000004,0
5.200560092000004,556652
5.201560092000005,82048
5.202560092000004,0
5.203560092000004,0
5.204560092000005,0
5.205560092000004,162
5.206560092000004,1192078
5.207560092000004,0
5.208560092000004,0
5.209560092000004,510960
5.210560092000004,425800
5.2115600920000045,979340
5.212560092000004,0
5.213560092000004,510960
5.214560092000005,54
5.215560092000004,1064446
5.216560092000004,646156
5.217560092000005,801564
5.218560092000004,0
5.219560092000004,0
5.220560092000005,0
5.221560092000004,547024
5.222560092000004,347156
5.223560092000004,0
5.224560092000004,0
5.225560092000004,0
5.226560092000004,553540
5.2275600920000045,558662
5.228560092000004,142846
5.229560092000004,533312
5.230560092000005,638700
5.231560092000004,0
5.232560092000004,770314
5.233560092000005,263168
5.234560092000004,799630
5.235560092000004,82988
5.236560092000005,0
5.237560092000004,0
5.238560092000004,0
5.239560092000004,0
5.240560092000004,210058
5.241560092000004,579598
5.242560092000004,870964
5.2435600920000045,290334
5.244560092000004,731586
5.245560092000004,553540
5.246560092000005,0
5.247560092000004,553540
5.248560092000004,468380
5.249560092000005,0
5.250560092000004,0
5.251560092000004,10622
5.252560092000005,542918
5.253560092000004,468380
5.254560092000004,553540
5.255560092000004,553540
5.256560092000004,0
5.257560092000004,0
5.258560092000004,425800
5.2595600920000045,468380
5.260560092000004,468380
5.261560092000004,894180
5.262560092000005,638700
5.263560092000004,1107080
5.264560092000004,417820
5.265560092000005,7980
5.266560092000004,1040090
5.267560092000004,876010
5.268560092000005,638700
5.269560092000004,425800
5.270560092000004,979340
5.271560092000004,209842
5.272560092000004,684338
5.273560092000004,0
5.274560092000004,0
5.2755600920000045,1021920
5.276560092000004,0
5.277560092000004,423828
5.278560092000005,1972
5.279560092000004,0
5.280560092000004,0
5.281560092000005,0
5.282560092000004,425800
5.283560092000004,0
5.284560092000005,71296
5.285560092000004,950624
5.286560092000004,0
5.287560092000004,0
5.288560092000004,425800
5.289560092000004,0
5.290560092000004,553540
5.2915600920000045,468380
5.292560092000004,468380
5.293560092000004,0
5.294560092000005,1109814
5.295560092000004,82426
5.296560092000004,59696
5.297560092000005,451264
5.298560092000004,426054
5.299560092000004,127486
5.300560092000005,553540
5.301560092000004,908314
5.302560092000004,581986
5.303560092000004,496226
5.3045600920000044,1206974
5.305560092000004,0
5.306560092000004,1021920
5.307560092000005,0
5.308560092000004,0
5.309560092000004,936760
5.310560092000005,1107080
5.311560092000004,0
5.3125600920000045,0
5.313560092000005,0
5.314560092000004,0
5.315560092000004,0
5.316560092000005,0
5.317560092000004,0
5.318560092000004,553540
5.319560092000004,638700
5.3205600920000045,283656
5.321560092000004,908584
5.322560092000004,596120
5.323560092000005,0
5.324560092000004,1064500
5.325560092000004,553540
5.326560092000005,638700
5.327560092000004,0
5.3285600920000045,0
5.329560092000005,0
5.330560092000004,883196
5.331560092000004,999352
5.332560092000005,1268372
5.333560092000004,0
5.334560092000004,1064500
5.335560092000004,871288
5.3365600920000045,1337426
5.337560092000004,516406
5.338560092000004,493082
5.339560092000005,60458
5.340560092000004,417874
5.341560092000004,158212
5.342560092000005,360674
5.343560092000004,162
5.3445600920000045,553378
5.345560092000005,512516
5.346560092000004,312502
5.347560092000004,878182
5.348560092000005,510960
5.349560092000004,33800
5.350560092000004,562320
5.351560092000004,412428
5.3525600920000045,641234
5.353560092000004,53418
5.354560092000004,1192240
5.355560092000005,0
5.356560092000004,468380
5.357560092000004,468380
5.358560092000005,74138
5.359560092000004,995846
5.3605600920000045,760956
5.361560092000005,596120
5.362560092000004,1064500
5.363560092000004,425800
5.364560092000005,1102104
5.365560092000004,143608
5.366560092000004,287168
5.367560092000004,0
5.3685600920000045,425800
5.369560092000004,0
5.370560092000004,0
5.371560092000005,0
5.372560092000004,285882
5.373560092000004,182498
5.374560092000005,0
5.375560092000004,0
5.3765600920000045,0
5.377560092000005,0
5.378560092000004,468380
5.379560092000004,638700
5.380560092000005,0
5.381560092000004,425800
5.382560092000004,468380
5.383560092000004,553540
5.3845600920000045,0
5.385560092000004,468380
5.386560092000004,426394
5.387560092000005,474496
5.388560092000004,546830
5.389560092000004,0
5.390560092000005,468380
5.391560092000004,468380
5.3925600920000045,0
5.393560092000005,512532
5.394560092000004,424228
5.395560092000004,1107080
5.396560092000005,823462
5.397560092000004,198458
5.398560092000004,2204
5.399560092000004,551336
5.4005600920000045,510960
5.401560092000004,0
5.402560092000004,0
5.403560092000005,425800
5.404560092000004,0
5.405560092000004,35086
5.406560092000005,390714
5.407560092000004,0
5.4085600920000045,425800
5.409560092000005,0
5.410560092000004,149292
5.411560092000004,744942
5.412560092000005,468326
5.413560092000004,510960
5.414560092000004,0
5.415560092000004,439480
5.4165600920000045,454700
5.417560092000004,0
5.418560092000004,0
5.419560092000005,553540
5.420560092000004,0
5.421560092000004,0
5.422560092000005,0
5.423560092000004,0
5.4245600920000046,596120
5.425560092000005,425800
5.426560092000004,468380
5.427560092000004,713870
5.428560092000005,350630
5.4295600920000044,1107080
5.430560092000004,638700
5.431560092000004,0
5.432560092000005,0
5.433560092000004,235700
5.434560092000004,190100
5.435560092000005,0
5.436560092000004,361776
5.4375600920000045,64024
5.438560092000005,510960
5.439560092000004,442970
5.440560092000005,962170
5.441560092000005,0
5.442560092000004,540
5.443560092000004,851114
5.444560092000005,1021866
5.4455600920000045,0
5.446560092000004,0
5.447560092000004,60620
5.448560092000005,365180
5.449560092000004,0
5.450560092000004,596120
5.451560092000005,596120
5.452560092000004,425800
5.4535600920000045,0
5.454560092000005,776846
5.455560092000004,202494
5.456560092000005,468380
5.457560092000005,267134
5.458560092000004,371566
5.459560092000004,425800
5.460560092000005,0
5.4615600920000045,510960
5.462560092000004,0
5.463560092000004,425800
5.464560092000005,468380
5.465560092000004,596120
5.466560092000004,307288
5.467560092000005,588448
5.468560092000004,503742
5.4695600920000045,680464
5.470560092000005,645178
5.471560092000004,510960
5.472560092000005,0
5.473560092000005,0
5.474560092000004,511014
5.475560092000004,468326
5.476560092000005,510490
5.4775600920000045,596590
5.478560092000004,0
5.479560092000004,510960
5.480560092000005,1319980
5.481560092000004,0
5.482560092000004,446882
5.483560092000005,489878
5.484560092000004,553540
5.4855600920000045,812602
5.486560092000005,848018
5.487560092000004,561752
5.488560092000005,1056288
5.489560092000005,979340
5.490560092000004,0
5.491560092000004,0
5.492560092000005,0
5.4935600920000045,0
5.494560092000004,507540
5.495560092000004,46000
5.496560092000005,468380
5.497560092000004,0
5.498560092000004,596120
5.499560092000005,596120
5.500560092000004,392432
5.5015600920000045,631660
5.502560092000005,551368
5.503560092000004,936760
5.504560092000005,468380
5.505560092000005,425800
5.506560092000004,468380
5.507560092000004,596120
5.508560092000005,0
5.5095600920000045,0
5.510560092000004,553540
5.511560092000004,0
5.512560092000005,512516
5.513560092000004,509404
5.514560092000004,0
5.515560092000005,0
5.516560092000004,0
5.5175600920000045,397354
5.518560092000005,28446
5.519560092000004,0
5.520560092000005,0
5.521560092000005,0
5.522560092000004,596120
5.523560092000004,468380
5.524560092000005,510960
5.5255600920000045,425800
5.526560092000004,851600
5.527560092000004,0
5.528560092000005,502510
5.529560092000004,561990
5.530560092000004,0
5.531560092000005,0
5.532560092000004,638700
5.5335600920000045,510960
5.534560092000005,638700
5.535560092000004,0
5.536560092000005,0
5.537560092000005,0
5.538560092000004,0
5.539560092000004,468380
5.540560092000005,638700
5.5415600920000045,0
5.542560092000004,0
5.543560092000004,831750
5.544560092000005,250990
5.545560092000004,973656
5.546560092000004,881624
5.547560092000005,596120
5.548560092000004,851600
5.5495600920000046,510960
5.550560092000005,360836
5.551560092000004,647096
5.552560092000005,13988
5.553560092000005,0
5.5545600920000044,435898
5.555560092000004,671182
5.556560092000005,596120
5.557560092000005,553540
5.558560092000004,553540
5.559560092000004,0
5.560560092000005,510960
5.561560092000004,1021920
5.5625600920000045,468380
5.563560092000005,894180
5.564560092000004,69632
5.565560092000005,356168
5.566560092000005,0
5.567560092000004,0
5.568560092000005,510960
5.569560092000005,553540
5.5705600920000045,468380
5.571560092000004,894180
5.572560092000005,553540
5.573560092000005,0
5.574560092000004,0
5.575560092000004,12718
5.576560092000005,540352
5.577560092000004,470
5.5785600920000045,512516
5.579560092000005,41078
5.580560092000004,851546
5.581560092000005,0
5.582560092000005,0
5.583560092000004,468380
5.584560092000005,553540
5.585560092000005,0
5.5865600920000045,425800
5.587560092000004,879106
5.588560092000005,657232
5.589560092000005,209442
5.590560092000004,793060
5.591560092000004,314020
5.592560092000005,0
5.593560092000004,510960
5.5945600920000045,0
5.595560092000005,553540
5.596560092000004,936760
5.597560092000005,936760
5.598560092000005,468380
5.599560092000004,215542
5.600560092000005,1402498
5.601560092000005,487020
5.6025600920000045,23940
5.603560092000004,585136
5.604560092000005,10984
5.605560092000005,0
5.606560092000004,553540
5.607560092000004,468380
5.608560092000005,553540
5.609560092000004,468380
5.6105600920000045,0
5.611560092000005,0
5.612560092000004,0
5.613560092000005,414816
5.614560092000005,10984
5.615560092000004,0
5.616560092000005,553540
5.617560092000005,162
5.6185600920000045,553378
5.619560092000004,638700
5.620560092000005,553540
5.621560092000005,0
5.622560092000004,54
5.623560092000004,1243324
5.624560092000005,374662
5.625560092000004,0
5.6265600920000045,482076
5.627560092000005,965644
5.628560092000004,468380
5.629560092000005,0
5.630560092000005,0
5.631560092000004,553540
5.632560092000005,267388
5.633560092000005,200992
5.6345600920000045,425800
5.635560092000004,468380
5.636560092000005,0
5.637560092000005,596120
5.638560092000004,0
5.639560092000004,553540
5.640560092000005,553540
5.641560092000004,468380
5.6425600920000045,1107080
5.643560092000005,0
5.644560092000004,156186
5.645560092000005,269614
5.646560092000005,0
5.647560092000004,468380
5.648560092000005,638700
5.649560092000005,711790
5.6505600920000045,267550
5.651560092000004,577064
5.652560092000005,955816
5.653560092000005,0
5.654560092000004,0
5.655560092000004,0
5.656560092000005,535748
5.657560092000004,1422932
5.6585600920000045,468380
5.659560092000005,638700
5.660560092000004,0
5.661560092000005,0
5.662560092000005,681226
5.663560092000004,809074
5.664560092000005,519140
5.665560092000005,76980
5.6665600920000045,0
5.667560092000004,0
5.668560092000005,407414
5.669560092000005,103546
5.670560092000004,423882
5.671560092000004,44498
5.672560092000005,936760
5.673560092000004,596120
5.6745600920000046,0
5.675560092000005,0
5.676560092000004,0
5.677560092000005,0
5.678560092000005,419322
5.6795600920000044,602598
5.680560092000005,468380
5.681560092000005,683144
5.682560092000005,211090
5.683560092000004,468326
5.684560092000005,553540
5.685560092000005,468380
5.686560092000004,510960
5.6875600920000045,0
5.688560092000005,0
5.689560092000004,723806
5.690560092000005,1277454
5.691560092000005,468380
5.692560092000004,0
5.693560092000005,425800
5.694560092000005,0
5.6955600920000045,468380
5.696560092000005,1134462
5.697560092000005,238990
5.698560092000005,287168
5.699560092000004,39592
5.700560092000005,360204
5.701560092000005,412336
5.702560092000004,82048
5.7035600920000045,553540
5.704560092000005,0
5.705560092000004,0
5.706560092000005,0
5.707560092000005,356946
5.708560092000004,667092
5.709560092000005,353018
5.710560092000005,666784
5.7115600920000045,510960
5.712560092000005,0
5.713560092000005,1021920
5.714560092000005,0
5.715560092000004,0
5.716560092000005,0
5.717560092000005,0
5.718560092000004,510960
5.7195600920000045,638700
5.720560092000005,0
5.721560092000004,749518
5.722560092000005,911102
5.723560092000005,0
5.724560092000004,468380
5.725560092000005,0
5.726560092000005,0
5.7275600920000045,596120
5.728560092000005,0
5.729560092000005,358302
5.730560092000005,67498
5.731560092000004,0
5.732560092000005,343752
5.733560092000005,82048
5.734560092000004,372382
5.7355600920000045,53418
5.736560092000005,494508
5.737560092000004,868052
5.738560092000005,0
5.739560092000005,596120
5.740560092000004,468380
5.741560092000005,1021920
5.742560092000005,553540
5.7435600920000045,357324
5.744560092000005,664596
5.745560092000005,596120
5.746560092000005,0
5.747560092000004,425800
5.748560092000005,0
5.749560092000005,510960
5.750560092000004,553540
5.7515600920000045,0
5.752560092000005,284342
5.753560092000004,226618
5.754560092000005,248840
5.755560092000005,176960
5.756560092000004,0
5.757560092000005,469936
5.758560092000005,41024
5.7595600920000045,468380
5.760560092000005,510960
5.761560092000005,553540
5.762560092000005,936760
5.763560092000004,894180
5.764560092000005,468380
5.765560092000005,425800
5.766560092000004,468380
5.7675600920000045,468380
5.768560092000005,894180
5.769560092000004,0
5.770560092000005,468380
5.771560092000005,0
5.772560092000004,553540
5.773560092000005,1447250
5.774560092000005,426270
5.7755600920000045,20282
5.776560092000005,1129378
5.777560092000005,468380
5.778560092000005,0
5.779560092000004,0
5.780560092000005,0
5.781560092000005,425800
5.782560092000004,415162
5.7835600920000045,138378
5.784560092000005,463566
5.785560092000004,132554
5.786560092000005,869770
5.787560092000005,577950
5.788560092000004,380362
5.789560092000005,598978
5.790560092000005,425800
5.7915600920000045,0
5.792560092000005,510960
5.793560092000005,269452
5.794560092000005,837628
5.795560092000004,425800
5.796560092000005,468380
5.797560092000005,0
5.798560092000004,0
5.7995600920000046,468380
5.800560092000005,1072766
5.801560092000004,587854
5.802560092000005,553540
5.803560092000005,0
5.8045600920000044,270084
5.805560092000005,751836
5.806560092000005,506686
5.807560092000005,1026194
5.808560092000005,0
5.809560092000005,921000
5.810560092000005,739620
5.811560092000004,425800
5.812560092000005,425800
5.813560092000005,425800
5.814560092000004,510960
5.815560092000005,468380
5.816560092000005,553540
5.817560092000004,469082
5.818560092000005,978638
5.819560092000005,0
5.8205600920000045,596120
5.821560092000005,1064500
5.822560092000005,0
5.823560092000005,425800
5.824560092000005,54
5.825560092000005,553486
5.826560092000005,0
5.827560092000004,468380
5.828560092000005,0
5.829560092000005,5154
5.830560092000004,1059346
5.831560092000005,80200
5.832560092000005,941774
5.833560092000004,468326
5.834560092000005,862984
5.835560092000005,626846
5.8365600920000045,639170
5.837560092000005,0
5.838560092000005,0
5.839560092000005,425800
5.840560092000005,236878
5.841560092000005,699882
5.842560092000005,553540
5.843560092000004,1064500
5.844560092000005,0
5.845560092000005,973424
5.846560092000004,516876
5.847560092000005,0
5.848560092000005,936760
5.849560092000004,780212
5.850560092000005,1030100
5.851560092000005,616748
5.8525600920000045,0
5.853560092000005,468380
5.854560092000005,0
5.855560092000005,0
5.856560092000005,0
5.857560092000005,0
5.858560092000005,0
5.859560092000004,936760
5.860560092000005,0
5.861560092000005,0
5.862560092000004,928780
5.863560092000005,7980
5.864560092000005,468380
5.865560092000004,0
5.866560092000005,0
5.867560092000005,851600
5.8685600920000045,551568
5.869560092000005,1972
5.870560092000005,434920
5.871560092000005,416680
5.872560092000005,0
5.873560092000005,553540
5.874560092000005,0
5.875560092000004,0
5.876560092000005,282516
5.877560092000005,271024
5.878560092000004,468380
5.879560092000005,365650
5.880560092000005,656270
5.881560092000004,0
5.882560092000005,484956
5.883560092000005,451804
5.8845600920000045,468380
5.885560092000005,936760
5.886560092000005,0
5.887560092000005,221874
5.888560092000005,331666
5.889560092000005,343752
5.890560092000005,593008
5.891560092000004,0
5.892560092000005,341996
5.893560092000005,254124
5.894560092000004,639240
5.895560092000005,467840
5.896560092000005,560542
5.897560092000004,560002
5.898560092000005,242016
5.899560092000005,468380
5.9005600920000045,0
5.901560092000005,0
5.902560092000005,553540
5.903560092000005,553540
5.904560092000005,985132
5.905560092000005,121948
5.906560092000005,263260
5.907560092000004,205120
5.908560092000005,430468
5.909560092000005,123072
5.910560092000004,0
5.911560092000005,0
5.912560092000005,0
5.913560092000004,425800
5.914560092000005,425800
5.915560092000005,0
5.9165600920000045,979340
5.917560092000005,0
5.918560092000005,0
5.919560092000005,314944
5.920560092000005,196070
5.921560092000005,460346
5.922560092000005,62592
5.923560092000004,924728
5.924560092000005,553540
5.925560092000005,0
5.926560092000004,1269960
5.927560092000005,433240
5.928560092000005,553540
5.9295600920000044,0
5.930560092000005,596120
5.931560092000005,0
5.932560092000005,425800
5.933560092000005,553540
5.934560092000005,0
5.935560092000005,351424
5.936560092000005,202116
5.937560092000005,443878
5.938560092000005,24502
5.939560092000004,0
5.9405600920000055,0
5.941560092000005,0
5.942560092000004,384776
5.943560092000005,41024
5.944560092000005,853918
5.9455600920000045,127572
5.946560092000005,458304
5.947560092000005,555042
5.948560092000005,1121684
5.949560092000005,479996
5.950560092000005,746644
5.951560092000005,638700
5.952560092000005,1064500
5.953560092000005,1107080
5.954560092000005,468380
5.955560092000004,510960
5.9565600920000055,54
5.957560092000005,596066
5.958560092000004,468380
5.959560092000005,455424
5.960560092000005,438810
5.9615600920000045,468326
5.962560092000005,0
5.963560092000005,1064500
5.964560092000005,468380
5.965560092000005,0
5.966560092000005,553540
5.967560092000005,510960
5.968560092000005,695830
5.969560092000005,377282
5.970560092000005,417188
5.971560092000004,0
5.9725600920000055,0
5.973560092000005,0
5.974560092000004,0
5.975560092000005,162
5.976560092000005,1064338
5.9775600920000045,425800
5.978560092000005,734266
5.979560092000005,1309574
5.980560092000005,0
5.981560092000005,394820
5.982560092000005,30980
5.983560092000005,425800
5.984560092000005,0
5.985560092000005,468380
5.986560092000005,510960
5.987560092000004,894180
5.9885600920000055,425800
5.989560092000005,553540
5.990560092000004,984824
5.991560092000005,846116
5.992560092000005,0
5.9935600920000045,0
5.994560092000005,138778
5.995560092000005,329602
5.996560092000005,510960
5.997560092000005,0
5.998560092000005,0
5.999560092000005,0
6.000560092000005,0
6.001560092000005,0
6.002560092000005,510960
6.003560092000004,0
6.0045600920000055,252114
6.005560092000005,757266
6.006560092000004,736400
6.007560092000005,0
6.008560092000005,942914
6.0095600920000045,462226
6.010560092000005,527066
6.011560092000005,222798
6.012560092000005,272056
6.013560092000005,510960
6.014560092000005,0
6.015560092000005,468380
6.016560092000005,1064500
6.017560092000005,0
6.018560092000005,0
6.019560092000004,468380
6.0205600920000055,0
6.021560092000005,468380
6.022560092000004,553540
6.023560092000005,0
6.024560092000005,1107080
6.0255600920000045,0
6.026560092000005,936760
6.027560092000005,0
6.028560092000005,468380
6.029560092000005,425800
6.030560092000005,468380
6.031560092000005,0
6.032560092000005,1362560
6.033560092000005,638700
6.034560092000005,385592
6.035560092000004,167948
6.0365600920000055,0
6.037560092000005,0
6.038560092000004,936760
6.039560092000005,0
6.040560092000005,0
6.0415600920000045,425800
6.042560092000005,0
6.043560092000005,0
6.044560092000005,510960
6.045560092000005,0
6.046560092000005,0
6.047560092000005,0
6.048560092000005,553540
6.049560092000005,0
6.050560092000005,425800
6.051560092000004,0
6.0525600920000056,468380
6.053560092000005,0
6.0545600920000044,0
6.055560092000005,468380
6.056560092000005,0
6.057560092000005,0
6.058560092000005,0
6.059560092000005,553540
6.060560092000005,553540
6.061560092000005,545560
6.062560092000005,561520
6.063560092000005,817454
6.064560092000005,630266
6.0655600920000055,401498
6.066560092000005,525780
6.067560092000004,9482
6.068560092000006,596120
6.069560092000005,0
6.0705600920000045,0
6.071560092000005,468380
6.072560092000005,461902
6.073560092000005,6478
6.074560092000005,0
6.075560092000005,0
6.076560092000005,962348
6.077560092000005,746914
6.078560092000005,334578
6.079560092000005,565210
6.080560092000005,1606370
6.0815600920000055,510960
6.082560092000005,746336
6.083560092000004,871704
6.084560092000006,0
6.085560092000005,553540
6.0865600920000045,1107080
6.087560092000005,553540
6.088560092000005,0
6.089560092000005,425800
6.090560092000005,468380
6.091560092000005,468380
6.092560092000005,468380
6.093560092000005,638700
6.094560092000005,275476
6.095560092000005,278064
6.096560092000005,0
6.0975600920000055,468380
6.098560092000005,0
6.099560092000004,0
6.100560092000006,894180
6.101560092000005,553540
6.1025600920000045,1107080
6.103560092000005,638700
6.104560092000005,0
6.105560092000005,468380
6.106560092000005,553540
6.107560092000005,0
6.108560092000005,0
6.109560092000005,0
6.110560092000005,0
6.111560092000005,468380
6.112560092000005,0
6.1135600920000055,0
6.114560092000005,425800
6.115560092000004,468380
6.116560092000006,425800
6.117560092000005,456040
6.1185600920000045,54920
6.119560092000005,979340
6.120560092000005,425800
6.121560092000005,553540
6.122560092000005,468380
6.123560092000005,0
6.124560092000005,54
6.125560092000005,1018392
6.126560092000005,166246
6.127560092000005,337204
6.128560092000005,354736
6.1295600920000055,259878
6.130560092000005,290550
6.131560092000004,0
6.132560092000006,468380
6.133560092000005,425800
6.1345600920000045,102946
6.135560092000005,967708
6.136560092000005,36426
6.137560092000005,468380
6.138560092000005,194876
6.139560092000005,316084
6.140560092000005,0
6.141560092000005,936760
6.142560092000005,1149660
6.143560092000005,0
6.144560092000005,1313702
6.1455600920000055,91438
6.146560092000005,967886
6.147560092000004,437254
6.148560092000006,0
6.149560092000005,0
6.1505600920000045,425800
6.151560092000005,0
6.152560092000005,631298
6.153560092000005,859002
6.154560092000005,0
6.155560092000005,596174
6.156560092000005,553486
6.157560092000005,293084
6.158560092000005,728836
6.159560092000005,0
6.160560092000005,638700
6.1615600920000055,638700
6.162560092000005,271586
6.163560092000004,878074
6.164560092000006,596120
6.165560092000005,0
6.1665600920000045,1064500
6.167560092000005,979340
6.168560092000005,638700
6.169560092000005,468380
6.170560092000005,0
6.171560092000005,425800
6.172560092000005,732710
6.173560092000005,161470
6.174560092000005,553540
6.175560092000005,0
6.176560092000005,0
6.1775600920000056,468380
6.178560092000005,0
6.1795600920000044,0
6.180560092000006,0
6.181560092000005,979340
6.182560092000005,419992
6.183560092000005,90968
6.184560092000005,1107080
6.185560092000005,596120
6.186560092000005,713870
6.187560092000005,819010
6.188560092000005,936760
6.189560092000005,553540
6.1905600920000055,0
6.191560092000005,425800
6.192560092000005,638700
6.193560092000006,0
6.194560092000005,0
6.1955600920000045,263260
6.196560092000006,371512
6.197560092000005,387148
6.198560092000005,553540
6.199560092000005,425800
6.200560092000005,0
6.201560092000005,0
6.202560092000005,979340
6.203560092000005,0
6.204560092000005,0
6.205560092000005,553540
6.2065600920000055,468380
6.207560092000005,468380
6.208560092000005,468380
6.209560092000006,510960
6.210560092000005,468380
6.2115600920000045,894180
6.212560092000006,468380
6.213560092000005,0
6.214560092000005,0
6.215560092000005,0
6.216560092000005,510960
6.217560092000005,302458
6.218560092000005,208502
6.219560092000005,0
6.220560092000005,0
6.221560092000005,0
6.2225600920000055,0
6.223560092000005,0
6.224560092000005,1064500
6.225560092000006,553540
6.226560092000005,1021920
6.2275600920000045,54
6.228560092000006,343698
6.229560092000005,469936
6.230560092000005,123072
6.231560092000005,0
6.232560092000005,1064500
6.233560092000005,638700
6.234560092000005,0
6.235560092000005,425800
6.236560092000005,468380
6.237560092000005,0
6.2385600920000055,1064500
6.239560092000005,742046
6.240560092000005,407614
6.241560092000006,1021920
6.242560092000005,638700
6.2435600920000045,468380
6.244560092000006,54
6.245560092000005,468326
6.246560092000005,0
6.247560092000005,0
6.248560092000005,468380
6.249560092000005,638700
6.250560092000005,0
6.251560092000005,553540
6.252560092000005,0
6.253560092000005,553594
6.2545600920000055,1021866
6.255560092000005,468380
6.256560092000005,1533966
6.257560092000006,484432
6.258560092000005,664142
6.2595600920000045,468380
6.260560092000006,0
6.261560092000005,0
6.262560092000005,0
6.263560092000005,1064500
6.264560092000005,468380
6.265560092000005,468380
6.266560092000005,553540
6.267560092000005,30634
6.268560092000005,1033866
6.269560092000005,425800
6.2705600920000055,0
6.271560092000005,425800
6.272560092000005,0
6.273560092000006,638700
6.274560092000005,0
6.2755600920000045,35194
6.276560092000006,901566
6.277560092000005,425800
6.278560092000005,425800
6.279560092000005,553540
6.280560092000005,0
6.281560092000005,0
6.282560092000005,596120
6.283560092000005,68184
6.284560092000005,944254
6.285560092000005,676374
6.2865600920000055,440188
6.287560092000005,0
6.288560092000005,596120
6.289560092000006,0
6.290560092000005,0
6.2915600920000045,0
6.292560092000006,0
6.293560092000005,425800
6.294560092000005,0
6.295560092000005,0
6.296560092000005,0
6.297560092000005,483524
6.298560092000005,1006776
6.299560092000005,11216
6.300560092000005,542324
6.301560092000005,425800
6.3025600920000056,1149660
6.303560092000005,596120
6.304560092000005,0
6.305560092000006,510960
6.306560092000005,510960
6.307560092000005,553540
6.308560092000006,468380
6.309560092000005,596120
6.310560092000005,0
6.311560092000005,425800
6.312560092000005,936760
6.313560092000005,364510
6.314560092000005,174026
6.3155600920000055,398224
6.316560092000005,33746
6.317560092000005,519794
6.318560092000006,468380
6.319560092000005,0
6.320560092000005,979340
6.321560092000006,425800
6.322560092000005,425800
6.323560092000005,1149660
6.324560092000006,251374
6.325560092000005,242664
6.326560092000005,442722
6.327560092000005,553540
6.328560092000005,510960
6.329560092000005,511554
6.330560092000005,898254
6.3315600920000055,548872
6.332560092000005,596120
6.333560092000005,192288
6.334560092000006,829632
6.335560092000005,425800
6.336560092000005,553540
6.337560092000006,468380
6.338560092000005,0
6.339560092000005,252930
6.340560092000006,215450
6.341560092000005,425800
6.342560092000005,596120
6.343560092000005,1064500
6.344560092000005,596120
6.345560092000005,0
6.346560092000005,0
6.3475600920000055,0
6.348560092000005,108
6.349560092000005,468272
6.350560092000006,0
6.351560092000005,851600
6.352560092000005,1021920
6.353560092000006,0
6.354560092000005,0
6.355560092000005,229314
6.356560092000006,607882
6.357560092000005,56984
6.358560092000005,782962
6.359560092000005,281538
6.360560092000005,553540
6.361560092000005,1107080
6.362560092000005,0
6.3635600920000055,468380
6.364560092000005,197356
6.365560092000005,739404
6.366560092000006,0
6.367560092000005,425854
6.368560092000005,1064446
6.369560092000006,0
6.370560092000005,894180
6.371560092000005,510960
6.372560092000006,702
6.373560092000005,552838
6.374560092000005,425800
6.375560092000005,1081076
6.376560092000005,26004
6.377560092000005,308952
6.378560092000005,287168
6.3795600920000055,0
6.380560092000005,0
6.381560092000005,555096
6.382560092000006,41024
6.383560092000005,468380
6.384560092000005,0
6.385560092000006,646788
6.386560092000005,666028
6.387560092000005,1071664
6.388560092000006,0
6.389560092000005,468380
6.390560092000005,596120
6.391560092000005,510960
6.392560092000005,0
6.393560092000005,596120
6.394560092000005,553540
6.3955600920000055,425800
6.396560092000005,0
6.397560092000005,0
6.398560092000006,638700
6.399560092000005,425800
6.400560092000005,638700
6.401560092000006,632784
6.402560092000005,103524
6.403560092000005,328192
6.404560092000006,0
6.405560092000005,475582
6.406560092000005,120538
6.407560092000005,0
6.408560092000005,468380
6.409560092000005,0
6.410560092000005,425800
6.4115600920000055,638700
6.412560092000005,764830
6.413560092000005,214510
6.414560092000006,510960
6.415560092000005,710450
6.416560092000005,396630
6.417560092000006,468380
6.418560092000005,553540
6.419560092000005,0
6.420560092000006,638700
6.421560092000005,468380
6.422560092000005,0
6.423560092000005,979340
6.424560092000005,894180
6.425560092000005,0
6.426560092000005,0
6.4275600920000056,425800
6.428560092000005,468380
6.429560092000005,1113142
6.430560092000006,802958
6.431560092000005,75694
6.4325600920000054,392686
6.433560092000006,0
6.434560092000005,1021920
6.435560092000005,553540
6.436560092000006,0
6.437560092000005,510960
6.438560092000005,364926
6.439560092000005,571834
6.4405600920000055,871742
6.441560092000005,1018894
6.442560092000005,451264
6.443560092000006,0
6.444560092000005,510960
6.445560092000005,0
6.446560092000006,425800
6.447560092000005,425800
6.4485600920000055,638700
6.449560092000006,466408
6.450560092000005,1972
6.451560092000005,425800
6.452560092000006,0
6.453560092000005,510960
6.454560092000005,0
6.455560092000005,596120
6.4565600920000055,553540
6.457560092000005,665044
6.458560092000005,612356
6.459560092000006,553540
6.460560092000005,0
6.461560092000005,0
6.462560092000006,553540
6.463560092000005,0
6.4645600920000055,553540
6.465560092000006,596120
6.466560092000005,894180
6.467560092000005,122726
6.468560092000006,814034
6.469560092000005,553540
6.470560092000005,468380
6.471560092000005,54
6.4725600920000055,596066
6.473560092000005,0
6.474560092000005,924274
6.475560092000006,12486
6.476560092000005,0
6.477560092000005,553540
6.478560092000006,525996
6.479560092000005,1006884
6.4805600920000055,0
6.481560092000006,0
6.482560092000005,638700
6.483560092000005,1618040
6.484560092000006,979340
6.485560092000005,596120
6.486560092000005,425800
6.487560092000005,425800
6.4885600920000055,425800
6.489560092000005,830248
6.490560092000005,489732
6.491560092000006,0
6.492560092000005,0
6.493560092000005,0
6.494560092000006,201046
6.495560092000005,911134
6.4965600920000055,931660
6.497560092000006,0
6.498560092000005,0
6.499560092000005,936760
6.500560092000006,0
6.501560092000005,468380
6.502560092000005,0
6.503560092000005,0
6.5045600920000055,0
6.505560092000005,0
6.506560092000005,894180
6.507560092000006,259100
6.508560092000005,337020
6.509560092000005,0
6.510560092000006,970614
6.511560092000005,1073226
6.5125600920000055,0
6.513560092000006,638754
6.514560092000005,510906
6.515560092000005,0
6.516560092000006,0
6.517560092000005,0
6.518560092000005,545684
6.519560092000005,476236
6.5205600920000055,0
6.521560092000005,0
6.522560092000005,468380
6.523560092000006,0
6.524560092000005,0
6.525560092000005,596120
6.526560092000006,553540
6.527560092000005,561666
6.5285600920000055,34454
6.529560092000006,0
6.530560092000005,0
6.531560092000005,135266
6.532560092000006,375694
6.533560092000005,427356
6.534560092000005,594564
6.535560092000005,495524
6.5365600920000055,58016
6.537560092000005,386332
6.538560092000005,593008
6.539560092000006,416718
6.540560092000005,179402
6.541560092000005,0
6.542560092000006,510960
6.543560092000005,0
6.5445600920000055,509636
6.545560092000006,512284
6.546560092000005,0
6.547560092000005,468380
6.548560092000006,408862
6.549560092000005,59518
6.550560092000005,0
6.551560092000005,553540
6.5525600920000056,230400
6.553560092000005,237980
6.554560092000005,0
6.555560092000006,0
6.556560092000005,894180
6.5575600920000054,0
6.558560092000006,468380
6.559560092000005,0
6.560560092000006,1004134
6.561560092000006,240022
6.562560092000005,584034
6.563560092000005,130490
6.564560092000006,432478
6.5655600920000055,78482
6.566560092000005,596120
6.567560092000005,168818
6.568560092000006,299562
6.569560092000005,0
6.570560092000005,0
6.571560092000006,468110
6.572560092000005,996186
6.5735600920000055,26004
6.574560092000006,468380
6.575560092000005,468380
6.576560092000006,851600
6.577560092000006,553540
6.578560092000005,911010
6.579560092000005,621870
6.580560092000006,468380
6.5815600920000055,1171358
6.582560092000005,162626
6.583560092000005,364240
6.584560092000006,419954
6.585560092000005,138562
6.586560092000005,0
6.587560092000006,425800
6.588560092000005,1064500
6.5895600920000055,781930
6.590560092000006,653720
6.591560092000005,821090
6.592560092000006,468380
6.593560092000006,596174
6.594560092000005,468326
6.595560092000005,468380
6.596560092000006,638700
6.5975600920000055,468380
6.598560092000005,1021920
6.599560092000005,468380
6.600560092000006,0
6.601560092000005,510960
6.602560092000005,510960
6.603560092000006,57670
6.604560092000005,410710
6.6055600920000055,0
6.606560092000006,468380
6.607560092000005,936760
6.608560092000006,0
6.609560092000006,553540
6.610560092000005,0
6.611560092000005,425800
6.612560092000006,468380
6.6135600920000055,468380
6.614560092000005,267080
6.615560092000005,797420
6.616560092000006,0
6.617560092000005,468380
6.618560092000005,425800
6.619560092000006,0
6.620560092000005,474318
6.6215600920000055,164382
6.622560092000006,247824
6.623560092000005,642774
6.624560092000006,216482
6.625560092000006,425800
6.626560092000005,468380
6.627560092000005,0
6.628560092000006,468380
6.6295600920000055,0
6.630560092000005,183838
6.631560092000005,284542
6.632560092000006,425800
6.633560092000005,425800
6.634560092000005,0
6.635560092000006,425800
6.636560092000005,0
6.6375600920000055,596174
6.638560092000006,1149606
6.639560092000005,0
6.640560092000006,468380
6.641560092000006,479542
6.642560092000005,499798
6.643560092000005,553540
6.644560092000006,0
6.6455600920000055,0
6.646560092000005,0
6.647560092000005,979448
6.648560092000006,726702
6.649560092000005,252530
6.650560092000005,0
6.651560092000006,553540
6.652560092000005,1378034
6.6535600920000055,197480
6.654560092000006,510906
6.655560092000005,1021920
6.656560092000006,0
6.657560092000006,1041754
6.658560092000005,618866
6.659560092000005,0
6.660560092000006,596120
6.6615600920000055,904732
6.662560092000005,647944
6.663560092000005,789224
6.664560092000006,0
6.665560092000005,0
6.666560092000005,0
6.667560092000006,0
6.668560092000005,425800
6.6695600920000055,0
6.670560092000006,0
6.671560092000005,0
6.672560092000006,0
6.673560092000006,553540
6.674560092000005,0
6.675560092000005,894180
6.676560092000006,553540
6.6775600920000056,0
6.678560092000005,0
6.679560092000005,510960
6.680560092000006,553540
6.681560092000005,468380
6.6825600920000054,0
6.683560092000006,468380
6.684560092000005,752236
6.685560092000006,1121284
6.686560092000006,486458
6.687560092000005,24502
6.688560092000006,0
6.689560092000006,0
6.6905600920000055,468380
6.691560092000005,0
6.692560092000006,0
6.693560092000006,553540
6.694560092000005,596120
6.695560092000005,586022
6.696560092000006,265578
6.697560092000005,0
6.6985600920000055,0
6.699560092000006,0
6.700560092000005,425800
6.701560092000006,553540
6.702560092000006,430846
6.703560092000005,420754
6.704560092000006,425800
6.705560092000006,468380
6.7065600920000055,0
6.707560092000005,0
6.708560092000006,426632
6.709560092000006,212068
6.710560092000005,638700
6.711560092000005,553540
6.712560092000006,0
6.713560092000005,0
6.7145600920000055,468380
6.715560092000006,468380
6.716560092000005,638700
6.717560092000006,716804
6.718560092000006,773496
6.719560092000005,54
6.720560092000006,468326
6.721560092000006,0
6.7225600920000055,0
6.723560092000005,0
6.724560092000006,425800
6.725560092000006,0
6.726560092000005,0
6.727560092000005,0
6.728560092000006,553540
6.729560092000005,425800
6.7305600920000055,0
6.731560092000006,0
6.732560092000005,553540
6.733560092000006,216990
6.734560092000006,804930
6.735560092000005,315922
6.736560092000006,152458
6.737560092000006,894180
6.7385600920000055,936760
6.739560092000005,553540
6.740560092000006,0
6.741560092000006,110348
6.742560092000005,443192
6.743560092000005,468380
6.744560092000006,553540
6.745560092000005,1064500
6.7465600920000055,425800
6.747560092000006,0
6.748560092000005,0
6.749560092000006,0
6.750560092000006,9714
6.751560092000005,543826
6.752560092000006,936760
6.753560092000006,468380
6.7545600920000055,894180
6.755560092000005,505806
6.756560092000006,187922
6.757560092000006,328192
6.758560092000005,387888
6.759560092000005,123072
6.760560092000006,550066
6.761560092000005,511500
6.7625600920000055,854534
6.763560092000006,0
6.764560092000005,0
6.765560092000006,0
6.766560092000006,422942
6.767560092000005,405442
6.768560092000006,150956
6.769560092000006,596120
6.7705600920000055,1330640
6.771560092000005,500300
6.772560092000006,553540
6.773560092000006,468380
6.774560092000005,0
6.775560092000005,468380
6.776560092000006,553540
6.777560092000005,468380
6.7785600920000055,0
6.779560092000006,0
6.780560092000005,468434
6.781560092000006,1021866
6.782560092000006,638700
6.783560092000005,936760
6.784560092000006,510960
6.785560092000006,959344
6.7865600920000055,19996
6.787560092000005,760994
6.788560092000006,303506
6.789560092000006,484956
6.790560092000005,579544
6.791560092000005,499036
6.792560092000006,11924
6.793560092000005,468380
6.7945600920000055,0
6.795560092000006,0
6.796560092000005,510960
6.797560092000006,0
6.798560092000006,510960
6.799560092000005,229060
6.800560092000006,784248
6.801560092000006,178932
6.8025600920000056,596120
6.803560092000005,553594
6.804560092000006,553486
6.805560092000006,0
6.806560092000005,555096
6.8075600920000054,41024
6.808560092000006,553540
6.809560092000005,936760
6.810560092000006,0
6.811560092000006,0
6.812560092000005,558678
6.813560092000006,420662
6.814560092000006,1192240
6.8155600920000055,387780
6.816560092000006,463820
6.817560092000006,0
6.818560092000006,0
6.819560092000005,315560
6.820560092000006,663780
6.821560092000006,0
6.822560092000005,0
6.8235600920000055,468380
6.824560092000006,894234
6.825560092000005,1064446
6.826560092000006,468380
6.827560092000006,0
6.828560092000005,0
6.829560092000006,425800
6.830560092000006,894180
6.8315600920000055,638700
6.832560092000006,553540
6.833560092000006,0
6.834560092000006,1192240
6.835560092000005,0
6.836560092000006,510960
6.837560092000006,0
6.838560092000005,553540
6.8395600920000055,0
6.840560092000006,0
6.841560092000005,596120
6.842560092000006,0
6.843560092000006,468380
6.844560092000005,0
6.845560092000006,553540
6.846560092000006,553540
6.8475600920000055,0
6.848560092000006,979340
6.849560092000006,0
6.850560092000006,0
6.851560092000005,1041500
6.852560092000006,23000
6.853560092000006,404302
6.854560092000005,21498
6.8555600920000055,553540
6.856560092000006,894180
6.857560092000005,0
6.858560092000006,553594
6.859560092000006,425746
6.860560092000005,0
6.861560092000006,0
6.862560092000006,0
6.8635600920000055,510960
6.864560092000006,0
6.865560092000006,638700
6.866560092000006,0
6.867560092000005,728258
6.868560092000006,676882
6.869560092000006,0
6.870560092000005,1107080
6.8715600920000055,425800
6.872560092000006,63624
6.873560092000005,374354
6.874560092000006,1094902
6.875560092000006,0
6.876560092000005,425800
6.877560092000006,0
6.878560092000006,0
6.8795600920000055,492952
6.880560092000006,1183104
6.881560092000006,700444
6.882560092000006,545468
6.883560092000005,314112
6.884560092000006,1447720
6.885560092000006,297914
6.886560092000005,255626
6.8875600920000055,384776
6.888560092000006,41024
6.889560092000005,468380
6.890560092000006,603684
6.891560092000006,588556
6.892560092000005,0
6.893560092000006,0
6.894560092000006,0
6.8955600920000055,836418
6.896560092000006,185502
6.897560092000006,482060
6.898560092000006,539860
6.899560092000005,0
6.900560092000006,0
6.901560092000006,468380
6.902560092000005,936760
6.9035600920000055,212322
6.904560092000006,681858
6.905560092000005,0
6.906560092000006,108
6.907560092000006,1021812
6.908560092000005,0
6.909560092000006,638700
6.910560092000006,468380
6.9115600920000055,468380
6.912560092000006,0
6.913560092000006,1107080
6.914560092000006,425800
6.915560092000005,0
6.916560092000006,425800
6.917560092000006,894180
6.918560092000005,1021920
6.9195600920000055,596120
6.920560092000006,936760
6.921560092000005,894180
6.922560092000006,0
6.923560092000006,425800
6.924560092000005,0
6.925560092000006,425800
6.926560092000006,468380
6.9275600920000056,0
6.928560092000006,0
6.929560092000006,0
6.930560092000006,0
6.931560092000005,0
6.932560092000006,1064500
6.933560092000006,393410
6.934560092000005,924652
6.935560092000006,44498
6.936560092000006,553540
6.937560092000005,963272
6.938560092000006,697348
6.939560092000006,468380
6.9405600920000055,0
6.941560092000006,936760
6.942560092000006,638700
6.943560092000006,596120
6.944560092000006,510960
6.945560092000006,386624
6.946560092000006,166916
6.947560092000005,0
6.948560092000006,340332
6.949560092000006,146126
6.950560092000005,699142
6.951560092000006,176960
6.952560092000006,328716
6.953560092000005,948684
6.954560092000006,553540
6.955560092000006,51662
6.9565600920000055,466824
6.957560092000006,801494
6.958560092000006,9174
6.959560092000006,1055326
6.960560092000006,65234
6.961560092000006,445888
6.962560092000006,1021758
6.963560092000005,0
6.964560092000006,0
6.965560092000006,425800
6.966560092000005,979340
6.967560092000006,468380
6.968560092000006,0
6.969560092000005,0
6.970560092000006,0
6.971560092000006,553540
6.9725600920000055,468380
6.973560092000006,0
6.974560092000006,936760
6.975560092000006,343628
6.976560092000006,209912
6.977560092000006,0
6.978560092000006,3706
6.979560092000005,549834
6.980560092000006,425800
6.981560092000006,747422
6.982560092000005,317310
6.983560092000006,553308
6.984560092000006,10676
6.985560092000005,1096404
6.986560092000006,638700
6.987560092000006,594
6.9885600920000055,467786
6.989560092000006,425800
6.990560092000006,92216
6.991560092000006,382712
6.992560092000006,419252
6.993560092000006,475944
6.994560092000006,35016
6.995560092000005,851600
6.996560092000006,995030
6.997560092000006,500970
6.998560092000005,122040
6.999560092000006,0
7.000560092000006,979340
7.001560092000005,553540
7.002560092000006,468380
7.003560092000006,0
7.0045600920000055,425800
7.005560092000006,0
7.006560092000006,414346
7.007560092000006,437254
7.008560092000006,825018
7.009560092000006,793076
7.010560092000006,510906
7.011560092000005,425800
7.012560092000006,425800
7.013560092000006,596120
7.014560092000005,307288
7.015560092000006,161092
7.016560092000006,0
7.017560092000005,0
7.018560092000006,302728
7.019560092000006,123072
7.0205600920000055,0
7.021560092000006,0
7.022560092000006,696700
7.023560092000006,580700
7.024560092000006,553540
7.025560092000006,0
7.026560092000006,0
7.027560092000005,0
7.028560092000006,0
7.029560092000006,468380
7.030560092000005,0
7.031560092000006,134326
7.032560092000006,376634
7.033560092000005,0
7.034560092000006,162810
7.035560092000006,305570
7.0365600920000055,0
7.037560092000006,586708
7.038560092000006,435212
7.039560092000006,894180
7.040560092000006,0
7.041560092000006,0
7.042560092000006,0
7.043560092000005,1045120
7.044560092000006,1198118
7.045560092000006,396722
7.046560092000005,0
7.047560092000006,0
7.048560092000006,0
7.049560092000005,468380
7.050560092000006,596120
7.051560092000006,638700
7.0525600920000056,0
7.053560092000006,596120
7.054560092000006,462388
7.055560092000006,389212
7.056560092000006,443138
7.057560092000006,511338
7.058560092000006,110024
7.059560092000005,384776
7.0605600920000064,466824
7.061560092000006,339538
7.062560092000005,171422
7.063560092000006,0
7.064560092000006,0
7.0655600920000055,54
7.066560092000006,596066
7.067560092000006,0
7.068560092000006,1277400
7.069560092000006,0
7.070560092000006,0
7.071560092000006,0
7.072560092000006,0
7.073560092000006,1064500
7.074560092000006,0
7.075560092000005,101228
7.0765600920000065,367152
7.077560092000006,468380
7.078560092000005,1062528
7.079560092000006,555512
7.080560092000006,553540
7.0815600920000055,468380
7.082560092000006,359480
7.083560092000006,534700
7.084560092000006,468380
7.085560092000006,510960
7.086560092000006,425800
7.087560092000006,0
7.088560092000006,0
7.089560092000006,468380
7.090560092000006,553540
7.091560092000005,425800
7.0925600920000065,596120
7.093560092000006,510960
7.094560092000005,0
7.095560092000006,468380
7.096560092000006,0
7.0975600920000055,596120
7.098560092000006,644778
7.099560092000006,419722
7.100560092000006,425800
7.101560092000006,0
7.102560092000006,0
7.103560092000006,0
7.104560092000006,0
7.105560092000006,638700
7.106560092000006,558154
7.107560092000005,80546
7.1085600920000065,425800
7.109560092000006,596120
7.110560092000005,768304
7.111560092000006,240276
7.112560092000006,992680
7.1135600920000055,0
7.114560092000006,425800
7.115560092000006,596120
7.116560092000006,0
7.117560092000006,416302
7.118560092000006,444634
7.119560092000006,246144
7.120560092000006,0
7.121560092000006,0
7.122560092000006,304284
7.123560092000005,178316
7.1245600920000065,539320
7.125560092000006,553540
7.126560092000005,0
7.127560092000006,308952
7.128560092000006,287168
7.1295600920000055,0
7.130560092000006,468380
7.131560092000006,1021920
7.132560092000006,690346
7.133560092000006,799954
7.134560092000006,0
7.135560092000006,54
7.136560092000006,979286
7.137560092000006,425800
7.138560092000006,468380
7.139560092000005,510960
7.1405600920000065,885984
7.141560092000006,187706
7.142560092000005,501770
7.143560092000006,0
7.144560092000006,425800
7.1455600920000055,0
7.146560092000006,125476
7.147560092000006,513224
7.148560092000006,0
7.149560092000006,510960
7.150560092000006,0
7.151560092000006,0
7.152560092000006,0
7.153560092000006,638700
7.154560092000006,557084
7.155560092000005,1018376
7.1565600920000065,0
7.157560092000006,0
7.158560092000005,263206
7.159560092000006,162756
7.160560092000006,843658
7.1615600920000055,605456
7.162560092000006,494946
7.163560092000006,14458
7.164560092000006,0
7.165560092000006,884536
7.166560092000006,818664
7.167560092000006,351970
7.168560092000006,1385414
7.169560092000006,349036
7.170560092000006,0
7.171560092000005,0
7.1725600920000065,0
7.173560092000006,425800
7.174560092000005,0
7.175560092000006,510960
7.176560092000006,512516
7.1775600920000056,41024
7.178560092000006,553540
7.179560092000006,468380
7.180560092000006,0
7.181560092000006,209788
7.182560092000006,451442
7.183560092000006,914230
7.184560092000006,468380
7.1855600920000064,468380
7.186560092000006,596120
7.187560092000005,0
7.188560092000007,0
7.189560092000006,468380
7.1905600920000055,553540
7.191560092000006,425800
7.192560092000006,468380
7.193560092000006,510960
7.194560092000006,510960
7.195560092000006,0
7.196560092000006,425962
7.197560092000006,1157602
7.198560092000006,460276
7.199560092000006,0
7.200560092000006,553540
7.2015600920000065,449140
7.202560092000006,615360
7.203560092000005,510960
7.204560092000007,0
7.205560092000006,979340
7.2065600920000055,510960
7.207560092000006,851600
7.208560092000006,0
7.209560092000006,596120
7.210560092000006,510960
7.211560092000006,425800
7.212560092000006,638700
7.213560092000006,6548
7.214560092000006,549488
7.215560092000006,934264
7.216560092000006,0
7.2175600920000065,596120
7.218560092000006,468380
7.219560092000005,808604
7.220560092000007,341056
7.221560092000006,468380
7.2225600920000055,0
7.223560092000006,553540
7.224560092000006,979340
7.225560092000006,0
7.226560092000006,425800
7.227560092000006,596228
7.228560092000006,425692
7.229560092000006,0
7.230560092000006,596120
7.231560092000006,468380
7.232560092000006,468380
7.2335600920000065,0
7.234560092000006,468380
7.235560092000005,0
7.236560092000007,0
7.237560092000006,54
7.2385600920000055,1206244
7.239560092000006,411742
7.240560092000006,0
7.241560092000006,510960
7.242560092000006,638700
7.243560092000006,0
7.244560092000006,200468
7.245560092000006,353072
7.246560092000006,0
7.247560092000006,425800
7.248560092000006,936760
7.2495600920000065,573682
7.250560092000006,363802
7.251560092000005,127016
7.252560092000007,0
7.253560092000006,51716
7.2545600920000055,459244
7.255560092000006,468380
7.256560092000006,1664
7.257560092000006,1062836
7.258560092000006,596120
7.259560092000006,0
7.260560092000006,468380
7.261560092000006,0
7.262560092000006,210874
7.263560092000006,855830
7.264560092000006,551336
7.2655600920000065,505514
7.266560092000006,431246
7.267560092000005,425800
7.268560092000007,0
7.269560092000006,1405140
7.2705600920000055,405226
7.271560092000006,233474
7.272560092000006,0
7.273560092000006,26344
7.274560092000006,1094270
7.275560092000006,795486
7.276560092000006,596120
7.277560092000006,468380
7.278560092000006,425800
7.279560092000006,0
7.280560092000006,0
7.2815600920000065,638700
7.282560092000006,1021920
7.283560092000005,425800
7.284560092000007,913760
7.285560092000006,109154
7.2865600920000055,765446
7.287560092000006,0
7.288560092000006,425800
7.289560092000006,628748
7.290560092000006,9952
7.291560092000006,0
7.292560092000006,553540
7.293560092000006,553540
7.294560092000006,596120
7.295560092000006,553540
7.296560092000006,638700
7.2975600920000065,468380
7.298560092000006,0
7.299560092000005,510960
7.300560092000007,425800
7.301560092000006,0
7.3025600920000056,425800
7.303560092000006,0
7.304560092000006,468380
7.305560092000006,0
7.306560092000006,468380
7.307560092000006,3058
7.308560092000006,593062
7.309560092000006,0
7.3105600920000064,553540
7.311560092000006,553540
7.312560092000006,182244
7.313560092000007,286136
7.314560092000006,469936
7.3155600920000055,41024
7.316560092000007,469936
7.317560092000006,585644
7.318560092000006,8920
7.319560092000006,468380
7.320560092000006,468380
7.321560092000006,0
7.322560092000006,926392
7.323560092000006,691648
7.324560092000006,0
7.325560092000006,0
7.3265600920000065,425800
7.327560092000006,425800
7.328560092000006,0
7.329560092000007,468380
7.330560092000006,553540
7.3315600920000055,541016
7.332560092000007,353164
7.333560092000006,425800
7.334560092000006,89320
7.335560092000006,890020
7.336560092000006,553540
7.337560092000006,553540
7.338560092000006,332444
7.339560092000006,604316
7.340560092000006,894180
7.341560092000006,596120
7.3425600920000065,0
7.343560092000006,1064500
7.344560092000006,425800
7.345560092000007,0
7.346560092000006,553540
7.3475600920000055,0
7.348560092000007,510960
7.349560092000006,553540
7.350560092000006,0
7.351560092000006,425800
7.352560092000006,510960
7.353560092000006,63840
7.354560092000006,1085820
7.355560092000006,12610
7.356560092000006,633762
7.357560092000006,838536
7.3585600920000065,644092
7.359560092000006,0
7.360560092000006,0
7.361560092000007,0
7.362560092000006,425800
7.3635600920000055,468380
7.364560092000007,553540
7.365560092000006,894180
7.366560092000006,0
7.367560092000006,0
7.368560092000006,0
7.369560092000006,0
7.370560092000006,468380
7.371560092000006,0
7.372560092000006,596120
7.373560092000006,0
7.3745600920000065,510960
7.375560092000006,979340
7.376560092000006,596120
7.377560092000007,0
7.378560092000006,0
7.3795600920000055,0
7.380560092000007,638700
7.381560092000006,0
7.382560092000006,468380
7.383560092000006,0
7.384560092000006,0
7.385560092000006,468380
7.386560092000006,1021920
7.387560092000006,2204
7.388560092000006,1104876
7.389560092000006,0
7.3905600920000065,553540
7.391560092000006,0
7.392560092000006,0
7.393560092000007,362954
7.394560092000006,647982
7.3955600920000055,649684
7.396560092000007,553540
7.397560092000006,468380
7.398560092000006,425800
7.399560092000006,638700
7.400560092000006,468380
7.401560092000006,0
7.402560092000006,0
7.403560092000006,728998
7.404560092000006,420662
7.405560092000006,468380
7.4065600920000065,468380
7.407560092000006,0
7.408560092000006,0
7.409560092000007,0
7.410560092000006,468380
7.4115600920000055,312918
7.412560092000007,155462
7.413560092000006,596120
7.414560092000006,553540
7.415560092000006,375402
7.416560092000006,135558
7.417560092000006,38306
7.418560092000006,516790
7.419560092000006,41024
7.420560092000006,0
7.421560092000006,596120
7.4225600920000065,643800
7.423560092000006,463280
7.424560092000006,0
7.425560092000007,553540
7.426560092000006,0
7.4275600920000056,510960
7.428560092000007,1107080
7.429560092000006,468380
7.430560092000006,510960
7.431560092000006,1021920
7.432560092000006,185880
7.433560092000006,410240
7.434560092000006,0
7.4355600920000064,1108636
7.436560092000006,41024
7.437560092000006,0
7.438560092000007,412536
7.439560092000006,141004
7.440560092000006,384776
7.441560092000007,551984
7.442560092000006,1107080
7.443560092000006,979340
7.444560092000007,273958
7.445560092000006,194422
7.446560092000006,0
7.447560092000006,0
7.448560092000006,787360
7.449560092000006,660360
7.450560092000006,326852
7.4515600920000065,98948
7.452560092000006,468380
7.453560092000006,936760
7.454560092000007,553540
7.455560092000006,996040
7.456560092000006,494260
7.457560092000007,468380
7.458560092000006,0
7.459560092000006,0
7.460560092000007,272926
7.461560092000006,195454
7.462560092000006,448384
7.463560092000006,573536
7.464560092000006,425800
7.465560092000006,468380
7.466560092000006,0
7.4675600920000065,468380
7.468560092000006,0
7.469560092000006,0
7.470560092000007,172708
7.471560092000006,253092
7.472560092000006,0
7.473560092000007,875000
7.474560092000006,1083680
7.475560092000006,422472
7.476560092000007,759724
7.477560092000006,733904
7.478560092000006,638700
7.479560092000006,17224
7.480560092000006,580630
7.481560092000006,551806
7.482560092000006,979340
7.4835600920000065,806994
7.484560092000006,257506
7.485560092000006,425800
7.486560092000007,423142
7.487560092000006,355746
7.488560092000006,489608
7.489560092000007,392124
7.490560092000006,0
7.491560092000006,0
7.492560092000007,425800
7.493560092000006,682204
7.494560092000006,808096
7.495560092000006,0
7.496560092000006,0
7.497560092000006,0
7.498560092000006,771762
7.4995600920000065,675958
7.500560092000006,468380
7.501560092000006,468380
7.502560092000007,1007932
7.503560092000006,439788
7.504560092000006,0
7.505560092000007,3598
7.506560092000006,464782
7.507560092000006,553540
7.508560092000007,596120
7.509560092000006,425800
7.510560092000006,1021920
7.511560092000006,553540
7.512560092000006,0
7.513560092000006,862676
7.514560092000006,1099116
7.5155600920000065,292922
7.516560092000006,257506
7.517560092000006,191564
7.518560092000007,447136
7.519560092000006,510960
7.520560092000006,1064500
7.521560092000007,329764
7.522560092000006,564416
7.523560092000006,0
7.524560092000007,468380
7.525560092000006,510960
7.526560092000006,596120
7.527560092000006,0
7.528560092000006,0
7.529560092000006,510960
7.530560092000006,638700
7.5315600920000065,0
7.532560092000006,936760
7.533560092000006,638700
7.534560092000007,510960
7.535560092000006,894180
7.536560092000006,0
7.537560092000007,0
7.538560092000006,0
7.539560092000006,0
7.540560092000007,0
7.541560092000006,0
7.542560092000006,0
7.543560092000006,0
7.544560092000006,894180
7.545560092000006,553540
7.546560092000006,0
7.5475600920000065,0
7.548560092000006,0
7.549560092000006,0
7.550560092000007,108
7.551560092000006,911626
7.552560092000006,865642
7.553560092000007,564524
7.554560092000006,0
7.555560092000006,0
7.556560092000007,638700
7.557560092000006,0
7.558560092000006,638700
7.559560092000006,553540
7.5605600920000064,468380
7.561560092000006,0
7.562560092000006,0
7.563560092000007,0
7.564560092000006,0
7.565560092000006,638700
7.566560092000007,473118
7.567560092000006,1017182
7.5685600920000065,441636
7.569560092000007,111904
7.570560092000006,291852
7.571560092000006,219108
7.572560092000007,0
7.573560092000006,420824
7.574560092000006,4976
7.575560092000006,638700
7.5765600920000065,0
7.577560092000006,975866
7.578560092000006,514434
7.579560092000007,553540
7.580560092000006,347934
7.581560092000006,546786
7.582560092000007,973824
7.583560092000006,473356
7.5845600920000065,0
7.585560092000007,425800
7.586560092000006,0
7.587560092000006,894180
7.588560092000007,894180
7.589560092000006,555204
7.590560092000006,424136
7.591560092000006,2042
7.5925600920000065,977298
7.593560092000006,0
7.594560092000006,0
7.595560092000007,468380
7.596560092000006,796480
7.597560092000006,1204780
7.598560092000007,0
7.599560092000006,425800
7.6005600920000065,0
7.601560092000007,638700
7.602560092000006,120138
7.603560092000006,305662
7.604560092000007,77196
7.605560092000006,903700
7.606560092000006,41024
7.607560092000006,0
7.6085600920000065,468380
7.609560092000006,18564
7.610560092000006,1527564
7.611560092000007,71912
7.612560092000006,0
7.613560092000006,352926
7.614560092000007,200614
7.615560092000006,425800
7.6165600920000065,0
7.617560092000007,468380
7.618560092000006,0
7.619560092000006,0
7.620560092000007,0
7.621560092000006,468380
7.622560092000006,104232
7.623560092000006,789948
7.6245600920000065,596120
7.625560092000006,0
7.626560092000006,0
7.627560092000007,0
7.628560092000006,155154
7.629560092000006,454954
7.630560092000007,284072
7.631560092000006,1064500
7.6325600920000065,535278
7.633560092000007,571802
7.634560092000006,0
7.635560092000006,0
7.636560092000007,0
7.637560092000006,468380
7.638560092000006,0
7.639560092000006,0
7.6405600920000065,0
7.641560092000006,638700
7.642560092000006,894180
7.643560092000007,510960
7.644560092000006,596120
7.645560092000006,281846
7.646560092000007,186534
7.647560092000006,425800
7.6485600920000065,0
7.649560092000007,0
7.650560092000006,705728
7.651560092000006,231032
7.652560092000007,0
7.653560092000006,468380
7.654560092000006,466408
7.655560092000006,555512
7.6565600920000065,54
7.657560092000006,972230
7.658560092000006,219956
7.659560092000007,347372
7.660560092000006,121008
7.661560092000006,366066
7.662560092000007,187474
7.663560092000006,546176
7.6645600920000065,422904
7.665560092000007,1117340
7.666560092000006,0
7.667560092000006,425800
7.668560092000007,0
7.669560092000006,0
7.670560092000006,468380
7.671560092000006,0
7.6725600920000065,596120
7.673560092000006,0
7.674560092000006,0
7.675560092000007,553540
7.676560092000006,0
7.677560092000006,553540
7.678560092000007,0
7.679560092000006,1149822
7.6805600920000066,554464
7.681560092000007,41494
7.682560092000006,0
7.683560092000006,0
7.684560092000007,685316
7.6855600920000064,844052
7.686560092000006,344152
7.687560092000006,425800
7.688560092000007,0
7.689560092000006,949846
7.690560092000006,242394
7.691560092000007,51662
7.692560092000006,373722
7.6935600920000065,42996
7.694560092000007,0
7.695560092000006,512516
7.696560092000007,68762
7.697560092000007,525802
7.698560092000006,553540
7.699560092000006,0
7.700560092000007,510960
7.7015600920000065,685370
7.702560092000006,336550
7.703560092000006,0
7.704560092000007,638700
7.705560092000006,653304
7.706560092000006,326036
7.707560092000007,190316
7.708560092000006,278064
7.7095600920000065,0
7.710560092000007,497026
7.711560092000006,524894
7.712560092000007,468380
7.713560092000007,510960
7.714560092000006,0
7.715560092000006,0
7.716560092000007,596120
7.7175600920000065,161470
7.718560092000006,1073350
7.719560092000006,0
7.720560092000007,0
7.721560092000006,162
7.722560092000006,468218
7.723560092000007,512046
7.724560092000006,41494
7.7255600920000065,553540
7.726560092000007,0
7.727560092000006,0
7.728560092000007,468380
7.729560092000007,0
7.730560092000006,596120
7.731560092000006,602744
7.732560092000007,461756
7.7335600920000065,596120
7.734560092000006,0
7.735560092000006,0
7.736560092000007,423828
7.737560092000006,321314
7.738560092000006,221312
7.739560092000007,438686
7.740560092000006,468380
7.7415600920000065,0
7.742560092000007,553540
7.743560092000006,0
7.744560092000007,510960
7.745560092000007,0
7.746560092000006,851600
7.747560092000006,0
7.748560092000007,510960
7.7495600920000065,256350
7.750560092000006,169450
7.751560092000006,0
7.752560092000007,0
7.753560092000006,0
7.754560092000006,468380
7.755560092000007,0
7.756560092000006,0
7.7575600920000065,425800
7.758560092000007,468380
7.759560092000006,0
7.760560092000007,596120
7.761560092000007,596120
7.762560092000006,0
7.763560092000006,1021920
7.764560092000007,510960
7.7655600920000065,553540
7.766560092000006,1107080
7.767560092000006,0
7.768560092000007,0
7.769560092000006,425800
7.770560092000006,425800
7.771560092000007,0
7.772560092000006,553540
7.7735600920000065,0
7.774560092000007,0
7.775560092000006,1021920
7.776560092000007,468380
7.777560092000007,0
7.778560092000006,311524
7.779560092000006,242016
7.780560092000007,954962
7.7815600920000065,642266
7.782560092000006,489192
7.783560092000006,638700
7.784560092000007,0
7.785560092000006,468380
7.786560092000006,553540
7.787560092000007,425800
7.788560092000006,596120
7.7895600920000065,54
7.790560092000007,510906
7.791560092000006,638700
7.792560092000007,0
7.793560092000007,425800
7.794560092000006,553540
7.795560092000006,468380
7.796560092000007,894180
7.7975600920000065,0
7.798560092000006,0
7.799560092000006,563146
7.800560092000007,792412
7.801560092000006,722936
7.802560092000006,606164
7.803560092000007,679162
7.804560092000006,425800
7.8055600920000066,510960
7.806560092000007,0
7.807560092000006,467910
7.808560092000007,468850
7.809560092000007,0
7.8105600920000064,0
7.811560092000006,0
7.812560092000007,596120
7.813560092000007,894180
7.814560092000006,468380
7.815560092000006,0
7.816560092000007,553594
7.817560092000006,1149606
7.8185600920000065,894180
7.819560092000007,0
7.820560092000006,0
7.821560092000007,1053516
7.822560092000007,479364
7.823560092000006,553540
7.824560092000007,708440
7.825560092000007,441220
7.8265600920000065,468380
7.827560092000006,553540
7.828560092000007,468380
7.829560092000007,0
7.830560092000006,553540
7.831560092000006,468380
7.832560092000007,1064500
7.833560092000006,553540
7.8345600920000065,512516
7.835560092000007,41024
7.836560092000006,0
7.837560092000007,638700
7.838560092000007,440982
7.839560092000006,580938
7.840560092000007,567598
7.841560092000007,837542
7.8425600920000065,0
7.843560092000006,638862
7.844560092000007,1064338
7.845560092000007,0
7.846560092000006,0
7.847560092000006,468380
7.848560092000007,979340
7.849560092000006,0
7.8505600920000065,0
7.851560092000007,638700
7.852560092000006,468380
7.853560092000007,0
7.854560092000007,0
7.855560092000006,0
7.856560092000007,567690
7.857560092000007,411650
7.8585600920000065,0
7.859560092000006,0
7.860560092000007,510960
7.861560092000007,12178
7.862560092000006,626522
7.863560092000006,936760
7.864560092000007,638700
7.865560092000006,425800
7.8665600920000065,425800
7.867560092000007,493552
7.868560092000006,59988
7.869560092000007,702
7.870560092000007,552838
7.871560092000006,0
7.872560092000007,0
7.873560092000007,971976
7.8745600920000065,518324
7.875560092000006,638700
7.876560092000007,0
7.877560092000007,0
7.878560092000006,894180
7.879560092000006,403000
7.880560092000007,587394
7.881560092000006,414746
7.8825600920000065,468380
7.883560092000007,1094794
7.884560092000006,97446
7.885560092000007,0
7.886560092000007,39646
7.887560092000006,854534
7.888560092000007,596120
7.889560092000007,54
7.8905600920000065,1021866
7.891560092000006,553540
7.892560092000007,468380
7.893560092000007,0
7.894560092000006,0
7.895560092000006,0
7.896560092000007,0
7.897560092000006,425800
7.8985600920000065,0
7.899560092000007,1064500
7.900560092000006,468380
7.901560092000007,0
7.902560092000007,468380
7.903560092000006,0
7.904560092000007,553540
7.905560092000007,468380
7.9065600920000065,385954
7.907560092000006,461956
7.908560092000007,642390
7.909560092000007,425800
7.910560092000006,425800
7.911560092000006,0
7.912560092000007,936760
7.913560092000006,425800
7.9145600920000065,54
7.915560092000007,425746
7.916560092000006,0
7.917560092000007,0
7.918560092000007,0
7.919560092000006,468380
7.920560092000007,0
7.921560092000007,425800
7.9225600920000065,0
7.923560092000006,0
7.924560092000007,0
7.925560092000007,0
7.926560092000006,425800
7.927560092000006,1021920
7.928560092000007,0
7.929560092000006,0
7.9305600920000066,384776
7.931560092000007,486620
7.932560092000006,193104
7.933560092000007,0
7.934560092000007,953336
7.9355600920000064,26004
7.936560092000007,0
7.937560092000007,0
7.938560092000007,0
7.939560092000006,0
7.940560092000007,425800
7.941560092000007,638700
7.942560092000006,0
7.9435600920000065,54
7.944560092000007,425746
7.945560092000006,0
7.946560092000007,425800
7.947560092000007,510960
7.948560092000006,596120
7.949560092000007,304938
7.950560092000007,163442
7.9515600920000065,0
7.952560092000007,162
7.953560092000007,1021758
7.954560092000007,468380
7.955560092000006,425800
7.956560092000007,468488
7.957560092000007,979232
7.958560092000006,425800
7.9595600920000065,553540
7.960560092000007,1149660
7.961560092000006,0
7.962560092000007,425800
7.963560092000007,54828
7.964560092000006,541292
7.965560092000007,596120
7.966560092000007,468380
7.9675600920000065,979340
7.968560092000007,0
7.969560092000007,866204
7.970560092000007,27976
7.971560092000006,468380
7.972560092000007,425800
7.973560092000007,0
7.974560092000006,638700
7.9755600920000065,0
7.976560092000007,24734
7.977560092000006,528806
7.978560092000007,0
7.979560092000007,388958
7.980560092000006,505222
7.981560092000007,553540
7.982560092000007,468380
7.9835600920000065,0
7.984560092000007,468380
7.985560092000007,0
7.986560092000007,0
7.987560092000006,596120
7.988560092000007,241924
7.989560092000007,565016
7.990560092000006,214980
7.9915600920000065,0
7.992560092000007,596120
7.993560092000006,596120
7.994560092000007,468380
7.995560092000007,553540
7.996560092000006,936760
7.997560092000007,979340
7.998560092000007,1156284
7.9995600920000065,35956
8.000560092000008,0
8.001560092000007,638700
8.002560092000007,553540
8.003560092000006,0
8.004560092000007,931314
8.005560092000007,516406
8.006560092000006,778764
8.007560092000006,754116
8.008560092000007,0
8.009560092000006,640958
8.010560092000006,593862
8.011560092000007,0
8.012560092000006,0
8.013560092000006,596120
8.014560092000007,20066
8.015560092000007,960830
8.016560092000006,509404
8.017560092000007,0
8.018560092000007,553540
8.019560092000006,0
8.020560092000007,0
8.021560092000007,468380
8.022560092000006,468380
8.023560092000007,596120
8.024560092000007,1021920
8.025560092000006,584174
8.026560092000008,1076446
8.027560092000007,462464
8.028560092000006,260510
8.029560092000008,341526
8.030560092000007,553540
8.031560092000007,468380
8.032560092000008,553540
8.033560092000007,553540
8.034560092000007,468380
8.035560092000006,0
8.036560092000007,551692
8.037560092000007,938608
8.038560092000006,0
8.039560092000006,0
8.040560092000007,0
8.041560092000006,347464
8.042560092000006,589296
8.043560092000007,666206
8.044560092000006,270554
8.045560092000006,0
8.046560092000007,0
8.047560092000007,510960
8.048560092000006,425800
8.049560092000007,0
8.050560092000007,553540
8.051560092000006,240044
8.052560092000007,356076
8.053560092000007,380416
8.054560092000006,87964
8.055560092000007,468380
8.056560092000007,0
8.057560092000006,425800
8.058560092000008,0
8.059560092000007,0
8.060560092000006,0
8.061560092000008,0
8.062560092000007,510960
8.063560092000007,0
8.064560092000008,468380
8.065560092000007,0
8.066560092000007,553594
8.067560092000006,510906
8.068560092000007,937376
8.069560092000007,467764
8.070560092000006,596120
8.071560092000006,0
8.072560092000007,0
8.073560092000006,553540
8.074560092000006,596120
8.075560092000007,0
8.076560092000006,553540
8.077560092000006,553540
8.078560092000007,555636
8.079560092000007,787128
8.080560092000006,104956
8.081560092000007,162
8.082560092000007,595958
8.083560092000006,425800
8.084560092000007,553540
8.085560092000007,0
8.086560092000006,0
8.087560092000007,0
8.088560092000007,0
8.089560092000006,425800
8.090560092000008,916456
8.091560092000007,148044
8.092560092000006,510960
8.093560092000008,72852
8.094560092000007,1161968
8.095560092000007,0
8.096560092000008,165668
8.097560092000007,260132
8.098560092000007,0
8.099560092000006,343752
8.100560092000007,82048
8.101560092000007,358772
8.102560092000006,253870
8.103560092000006,877658
8.104560092000007,0
8.105560092000006,319304
8.106560092000006,149076
8.107560092000007,0
8.108560092000006,246868
8.109560092000006,563946
8.110560092000007,387650
8.111560092000007,164096
8.112560092000006,553540
8.113560092000007,0
8.114560092000007,0
8.115560092000006,0
8.116560092000007,427356
8.117560092000007,466824
8.118560092000006,553540
8.119560092000008,236732
8.120560092000007,189068
8.121560092000006,0
8.122560092000008,0
8.123560092000007,386332
8.124560092000007,82048
8.125560092000008,585190
8.126560092000007,53510
8.127560092000007,0
8.128560092000008,0
8.129560092000007,0
8.130560092000007,0
8.131560092000006,553540
8.132560092000007,468380
8.133560092000007,0
8.134560092000006,18186
8.135560092000006,450194
8.136560092000007,54
8.137560092000006,596066
8.138560092000006,162
8.139560092000007,1192078
8.140560092000007,468380
8.141560092000006,0
8.142560092000007,649106
8.143560092000007,202494
8.144560092000006,468380
8.145560092000007,162918
8.146560092000007,390622
8.147560092000006,468380
8.148560092000007,0
8.149560092000007,979394
8.150560092000006,523970
8.151560092000008,838536
8.152560092000007,767926
8.153560092000006,415156
8.154560092000008,262666
8.155560092000007,449162
8.156560092000007,191510
8.157560092000008,0
8.158560092000007,310692
8.159560092000007,340618
8.160560092000008,898146
8.161560092000007,579544
8.162560092000007,638700
8.163560092000006,0
8.164560092000007,0
8.165560092000007,0
8.166560092000006,0
8.167560092000006,0
8.168560092000007,553540
8.169560092000006,431392
8.170560092000006,505368
8.171560092000007,0
8.172560092000007,425800
8.173560092000006,0
8.174560092000007,191564
8.175560092000007,447136
8.176560092000006,0
8.177560092000007,468380
8.178560092000007,143284
8.179560092000006,588702
8.180560092000007,802450
8.181560092000007,667238
8.182560092000006,12486
8.183560092000008,0
8.184560092000007,544058
8.185560092000006,395814
8.186560092000008,635588
8.187560092000007,510960
8.188560092000007,131376
8.189560092000008,523500
8.190560092000007,452204
8.191560092000007,638700
8.192560092000008,602306
8.193560092000007,831626
8.194560092000007,98948
8.195560092000006,468380
8.196560092000007,510960
8.197560092000007,426610
8.198560092000006,1191430
8.199560092000006,468380
8.200560092000007,649846
8.201560092000006,414654
8.202560092000006,468380
8.203560092000007,0
8.204560092000007,596120
8.205560092000006,0
8.206560092000007,0
8.207560092000007,0
8.208560092000006,294910
8.209560092000007,258630
8.210560092000007,0
8.211560092000006,1107134
8.212560092000007,638646
8.213560092000007,0
8.214560092000006,553540
8.215560092000008,0
8.216560092000007,0
8.217560092000006,167332
8.218560092000008,386208
8.219560092000007,614160
8.220560092000007,365180
8.221560092000008,233820
8.222560092000007,191980
8.223560092000007,553540
8.224560092000008,1064500
8.225560092000007,0
8.226560092000007,468434
8.227560092000006,638646
8.228560092000007,0
8.229560092000007,553540
8.230560092000006,553540
8.231560092000006,0
8.232560092000007,921416
8.233560092000006,526304
8.234560092000006,1149660
8.235560092000007,0
8.236560092000007,0
8.237560092000006,0
8.238560092000007,0
8.239560092000007,0
8.240560092000006,596120
8.241560092000007,468380
8.242560092000007,740036
8.243560092000006,920584
8.244560092000008,0
8.245560092000007,0
8.246560092000006,422326
8.247560092000008,982814
8.248560092000007,0
8.249560092000007,468380
8.250560092000008,0
8.251560092000007,638700
8.252560092000007,54
8.253560092000008,468326
8.254560092000007,0
8.255560092000007,0
8.256560092000008,0
8.257560092000007,553540
8.258560092000007,0
8.259560092000006,0
8.260560092000008,0
8.261560092000007,0
8.262560092000006,0
8.263560092000006,72690
8.264560092000007,395690
8.265560092000007,0
8.266560092000006,468380
8.267560092000007,0
8.268560092000007,0
8.269560092000006,510960
8.270560092000007,7564
8.271560092000007,631136
8.272560092000006,596120
8.273560092000007,0
8.274560092000007,8050
8.275560092000006,417750
8.276560092000008,0
8.277560092000007,468380
8.278560092000006,1021920
8.279560092000008,0
8.280560092000007,0
8.281560092000007,425800
8.282560092000008,0
8.283560092000007,0
8.284560092000007,596120
8.285560092000008,596120
8.286560092000007,406512
8.287560092000007,530248
8.288560092000008,0
8.289560092000007,0
8.290560092000007,425800
8.291560092000006,413368
8.292560092000008,55012
8.293560092000007,0
8.294560092000006,0
8.295560092000006,638700
8.296560092000007,1192240
8.297560092000007,0
8.298560092000006,0
8.299560092000007,396484
8.300560092000007,157056
8.301560092000006,468380
8.302560092000007,510960
8.303560092000007,0
8.304560092000006,468380
8.305560092000007,0
8.306560092000007,68184
8.307560092000006,400196
8.308560092000008,0
8.309560092000007,0
8.310560092000006,425800
8.311560092000008,553540
8.312560092000007,221912
8.313560092000007,757428
8.314560092000008,425800
8.315560092000007,596120
8.316560092000007,510960
8.317560092000008,0
8.318560092000007,596120
8.319560092000007,594
8.320560092000008,467786
8.321560092000007,162
8.322560092000007,979178
8.323560092000006,468380
8.324560092000008,185556
8.325560092000007,921524
8.326560092000006,0
8.327560092000006,1179392
8.328560092000007,907028
8.329560092000007,553540
8.330560092000006,0
8.331560092000007,494562
8.332560092000007,992750
8.333560092000006,854588
8.334560092000007,21568
8.335560092000007,404232
8.336560092000006,0
8.337560092000007,638700
8.338560092000007,0
8.339560092000006,596120
8.340560092000008,510960
8.341560092000007,0
8.342560092000006,553540
8.343560092000008,0
8.344560092000007,0
8.345560092000007,0
8.346560092000008,0
8.347560092000007,573876
8.348560092000007,1171904
8.349560092000008,553540
8.350560092000007,352078
8.351560092000007,755002
8.352560092000008,0
8.353560092000007,510960
8.354560092000007,0
8.355560092000006,596120
8.356560092000008,0
8.357560092000007,44260
8.358560092000006,1020240
8.359560092000006,0
8.360560092000007,468380
8.361560092000007,553540
8.362560092000006,510960
8.363560092000007,510960
8.364560092000007,170952
8.365560092000006,1063868
8.366560092000007,0
8.367560092000007,421856
8.368560092000006,407776
8.369560092000008,21968
8.370560092000007,0
8.371560092000006,0
8.372560092000008,709980
8.373560092000007,950640
8.374560092000007,483454
8.375560092000008,648182
8.376560092000007,316084
8.377560092000007,936760
8.378560092000008,0
8.379560092000007,0
8.380560092000007,510960
8.381560092000008,387456
8.382560092000007,549304
8.383560092000007,0
8.384560092000008,0
8.385560092000008,894180
8.386560092000007,0
8.387560092000006,0
8.388560092000008,159806
8.389560092000007,767472
8.390560092000007,477862
8.391560092000006,964558
8.392560092000007,57362
8.393560092000007,468380
8.394560092000006,468380
8.395560092000007,749286
8.396560092000007,187474
8.397560092000006,54
8.398560092000007,468326
8.399560092000007,936760
8.400560092000006,1021920
8.401560092000008,425800
8.402560092000007,359426
8.403560092000006,534754
8.404560092000008,468380
8.405560092000007,507216
8.406560092000007,309584
8.407560092000008,491942
8.408560092000007,181612
8.409560092000007,461848
8.410560092000008,6478
8.411560092000007,559710
8.412560092000007,504952
8.413560092000008,638538
8.414560092000007,0
8.415560092000007,301934
8.416560092000008,166446
8.417560092000008,553540
8.418560092000007,553540
8.419560092000006,540692
8.420560092000008,98008
8.421560092000007,0
8.422560092000007,595250
8.423560092000006,426670
8.424560092000007,0
8.425560092000007,0
8.426560092000006,553540
8.427560092000007,638700
8.428560092000007,0
8.429560092000006,0
8.430560092000007,425800
8.431560092000007,468380
8.432560092000006,510960
8.433560092000008,553540
8.434560092000007,468380
8.435560092000006,596120
8.436560092000008,936760
8.437560092000007,553540
8.438560092000007,0
8.439560092000008,425800
8.440560092000007,425800
8.441560092000007,203580
8.442560092000008,1031240
8.443560092000007,1064500
8.444560092000007,510960
8.445560092000008,596120
8.446560092000007,1192240
8.447560092000007,0
8.448560092000008,468380
8.449560092000008,0
8.450560092000007,425800
8.451560092000006,553540
8.452560092000008,553540
8.453560092000007,0
8.454560092000007,59118
8.455560092000006,752544
8.456560092000007,82518
8.457560092000007,553540
8.458560092000006,0
8.459560092000007,0
8.460560092000007,0
8.461560092000006,553540
8.462560092000007,0
8.463560092000007,540
8.464560092000006,425260
8.465560092000008,466408
8.466560092000007,640672
8.467560092000006,27630
8.468560092000008,440750
8.469560092000007,425800
8.470560092000007,977984
8.471560092000008,43936
8.472560092000007,102276
8.473560092000007,437276
8.474560092000008,532512
8.475560092000007,35016
8.476560092000007,0
8.477560092000008,553540
8.478560092000007,553540
8.479560092000007,153852
8.480560092000008,568144
8.481560092000008,853464
8.482560092000007,468380
8.483560092000006,553540
8.484560092000008,596120
8.485560092000007,425800
8.486560092000007,979340
8.487560092000006,596120
8.488560092000007,0
8.489560092000007,894180
8.490560092000006,848072
8.491560092000007,769968
8.492560092000007,0
8.493560092000006,0
8.494560092000008,27576
8.495560092000007,398224
8.496560092000006,0
8.497560092000008,229314
8.498560092000007,671414
8.499560092000007,419252
8.500560092000008,0
8.501560092000007,0
8.502560092000007,425800
8.503560092000008,468380
8.504560092000007,289918
8.505560092000007,178462
8.506560092000008,0
8.507560092000006,1021920
8.508560092000007,0
8.509560092000008,1107080
8.510560092000006,1227526
8.511560092000007,475674
8.512560092000008,0
8.513560092000006,0
8.514560092000007,0
8.515560092000008,425800
8.516560092000006,425800
8.517560092000007,553540
8.518560092000008,596120
8.519560092000006,979340
8.520560092000007,0
8.521560092000009,0
8.522560092000006,979340
8.523560092000007,0
8.524560092000009,0
8.525560092000006,361868
8.526560092000008,489732
8.527560092000007,0
8.528560092000006,468380
8.529560092000008,553540
8.530560092000007,193066
8.531560092000007,445634
8.532560092000008,0
8.533560092000007,0
8.534560092000007,553540
8.535560092000008,0
8.536560092000007,1064500
8.537560092000007,510960
8.538560092000008,20336
8.539560092000006,1241590
8.540560092000007,1292874
8.541560092000008,1021920
8.542560092000006,0
8.543560092000007,1021920
8.544560092000008,934788
8.545560092000006,1972
8.546560092000007,704280
8.547560092000008,828600
8.548560092000006,468380
8.549560092000007,275876
8.550560092000008,660884
8.551560092000006,0
8.552560092000007,0
8.553560092000009,638700
8.554560092000006,0
8.555560092000007,0
8.556560092000009,0
8.557560092000006,0
8.558560092000008,468434
8.559560092000007,894126
8.560560092000006,477554
8.561560092000008,1097906
8.562560092000007,468380
8.563560092000007,510960
8.564560092000008,0
8.565560092000007,553540
8.566560092000007,510960
8.567560092000008,468380
8.568560092000007,638700
8.569560092000007,553540
8.570560092000008,425800
8.571560092000006,468380
8.572560092000007,0
8.573560092000008,0
8.574560092000006,0
8.575560092000007,553540
8.576560092000008,0
8.577560092000006,0
8.578560092000007,0
8.579560092000008,596120
8.580560092000006,0
8.581560092000007,553540
8.582560092000008,0
8.583560092000006,553540
8.584560092000007,468380
8.585560092000009,163226
8.586560092000006,773534
8.587560092000007,468380
8.588560092000009,0
8.589560092000006,0
8.590560092000008,60890
8.591560092000007,577810
8.592560092000006,0
8.593560092000008,468380
8.594560092000007,468380
8.595560092000007,0
8.596560092000008,638700
8.597560092000007,0
8.598560092000007,315398
8.599560092000008,621362
8.600560092000007,1144684
8.601560092000007,295218
8.602560092000008,135558
8.603560092000006,0
8.604560092000007,395452
8.605560092000008,711628
8.606560092000006,0
8.607560092000007,280382
8.608560092000008,145418
8.609560092000006,0
8.610560092000007,638700
8.611560092000008,205390
8.612560092000006,305570
8.613560092000007,553540
8.614560092000008,596120
8.615560092000006,447444
8.616560092000007,21098
8.617560092000009,553378
8.618560092000006,510960
8.619560092000008,1064500
8.620560092000009,0
8.621560092000006,638700
8.622560092000008,468380
8.623560092000007,0
8.624560092000007,0
8.625560092000008,894180
8.626560092000007,468380
8.627560092000007,0
8.628560092000008,0
8.629560092000007,468380
8.630560092000007,0
8.631560092000008,626776
8.632560092000007,359350
8.633560092000007,581408
8.634560092000008,520442
8.635560092000006,41024
8.636560092000007,468380
8.637560092000008,250866
8.638560092000006,219178
8.639560092000007,1062836
8.640560092000008,510960
8.641560092000006,0
8.642560092000007,638700
8.643560092000008,596120
8.644560092000006,468380
8.645560092000007,0
8.646560092000009,0
8.647560092000006,638700
8.648560092000007,425800
8.649560092000009,425800
8.650560092000006,704912
8.651560092000008,1040868
8.652560092000009,0
8.653560092000006,425800
8.654560092000008,816984
8.655560092000007,204936
8.656560092000007,510960
8.657560092000008,609692
8.658560092000007,29008
8.659560092000007,0
8.660560092000008,0
8.661560092000007,686018
8.662560092000007,548802
8.663560092000008,0
8.664560092000007,778564
8.665560092000007,1329592
8.666560092000008,489224
8.667560092000006,0
8.668560092000007,0
8.669560092000008,553540
8.670560092000006,894180
8.671560092000007,24734
8.672560092000008,997186
8.673560092000006,0
8.674560092000007,510960
8.675560092000008,0
8.676560092000006,468380
8.677560092000007,468380
8.678560092000009,0
8.679560092000006,596120
8.680560092000007,0
8.681560092000009,894180
8.682560092000006,468380
8.683560092000008,0
8.684560092000009,671690
8.685560092000006,1755370
8.686560092000008,428912
8.687560092000007,679724
8.688560092000007,41024
8.689560092000008,553540
8.690560092000007,0
8.691560092000007,0
8.692560092000008,468380
8.693560092000007,0
8.694560092000007,553540
8.695560092000008,0
8.696560092000007,596120
8.697560092000007,510960
8.698560092000008,0
8.699560092000006,0
8.700560092000007,0
8.701560092000008,1137736
8.702560092000006,565464
8.703560092000007,0
8.704560092000008,185756
8.705560092000006,793584
8.706560092000007,0
8.707560092000008,8050
8.708560092000006,417750
8.709560092000007,638700
8.710560092000009,542556
8.711560092000006,715842
8.712560092000007,359804
8.713560092000009,510798
8.714560092000006,425800
8.715560092000008,425800
8.716560092000009,0
8.717560092000006,316646
8.718560092000008,504752
8.719560092000007,743078
8.720560092000007,10984
8.721560092000008,468380
8.722560092000007,0
8.723560092000007,468380
8.724560092000008,262936
8.725560092000007,248024
8.726560092000007,1107080
8.727560092000008,285520
8.728560092000007,715934
8.729560092000007,20466
8.730560092000008,0
8.731560092000006,0
8.732560092000007,425800
8.733560092000008,468380
8.734560092000006,596120
8.735560092000007,0
8.736560092000008,425800
8.737560092000006,468380
8.738560092000007,553540
8.739560092000008,468434
8.740560092000006,979340
8.741560092000007,596066
8.742560092000009,0
8.743560092000006,510960
8.744560092000008,468380
8.745560092000009,0
8.746560092000006,493984
8.747560092000008,400196
8.748560092000009,553540
8.749560092000007,638700
8.750560092000008,510960
8.751560092000007,2042
8.752560092000007,892138
8.753560092000008,553540
8.754560092000007,0
8.755560092000007,468380
8.756560092000008,510960
8.757560092000007,425800
8.758560092000007,425800
8.759560092000008,468380
8.760560092000008,113244
8.761560092000007,725600
8.762560092000008,608930
8.763560092000006,979286
8.764560092000007,0
8.765560092000008,638700
8.766560092000006,0
8.767560092000007,0
8.768560092000008,236824
8.769560092000006,742516
8.770560092000007,0
8.771560092000009,425800
8.772560092000006,483654
8.773560092000007,509312
8.774560092000009,71534
8.775560092000006,384776
8.776560092000008,41024
8.777560092000009,427356
8.778560092000006,42688
8.779560092000008,424136
8.780560092000009,979340
8.781560092000007,596120
8.782560092000008,54
8.783560092000007,468326
8.784560092000007,0
8.785560092000008,510960
8.786560092000007,425962
8.787560092000007,553378
8.788560092000008,1021920
8.789560092000007,414816
8.790560092000007,397316
8.791560092000008,82048
8.792560092000008,0
8.793560092000007,553540
8.794560092000008,425800
8.795560092000006,425800
8.796560092000007,468380
8.797560092000008,0
8.798560092000006,468380
8.799560092000007,0
8.800560092000008,468380
8.801560092000006,553540
8.802560092000007,553540
8.803560092000009,630736
8.804560092000006,859564
8.805560092000007,468380
8.806560092000009,553540
8.807560092000006,0
8.808560092000008,510960
8.809560092000009,425800
8.810560092000006,0
8.811560092000008,0
8.812560092000009,936760
8.813560092000007,979340
8.814560092000008,468380
8.815560092000007,596120
8.816560092000007,0
8.817560092000008,465938
8.818560092000007,691286
8.819560092000007,758876
8.820560092000008,425800
8.821560092000007,1021920
8.822560092000007,510960
8.823560092000008,979340
8.824560092000008,392994
8.825560092000007,543766
8.826560092000008,0
8.827560092000006,553540
8.828560092000007,0
8.829560092000008,425800
8.830560092000006,155462
8.831560092000007,1079358
8.832560092000008,468380
8.833560092000006,433926
8.834560092000007,630574
8.835560092000009,1022514
8.836560092000006,467786
8.837560092000007,0
8.838560092000009,979340
8.839560092000006,0
8.840560092000008,468380
8.841560092000009,425800
8.842560092000006,638700
8.843560092000008,0
8.844560092000009,0
8.845560092000007,54
8.846560092000008,468326
8.847560092000007,0
8.848560092000007,0
8.849560092000008,0
8.850560092000007,468380
8.851560092000007,596120
8.852560092000008,80200
8.853560092000007,889242
8.854560092000007,52478
8.855560092000008,1021920
8.856560092000008,1149660
8.857560092000007,635712
8.858560092000008,386208
8.859560092000006,0
8.860560092000007,806524
8.861560092000008,726356
8.862560092000006,0
8.863560092000007,0
8.864560092000008,638700
8.865560092000006,510960
8.866560092000007,468380
8.867560092000009,596120
8.868560092000006,507724
8.869560092000008,242194
8.870560092000009,626252
8.871560092000006,880570
8.872560092000008,0
8.873560092000009,1149660
8.874560092000007,0
8.875560092000008,0
8.876560092000009,0
8.877560092000007,0
8.878560092000008,0
8.879560092000007,108
8.880560092000007,553432
8.881560092000008,894180
8.882560092000007,0
8.883560092000007,256566
8.884560092000008,339554
8.885560092000008,468380
8.886560092000007,576686
8.887560092000008,19434
8.888560092000008,0
8.889560092000007,0
8.890560092000008,425800
8.891560092000006,0
8.892560092000007,873444
8.893560092000008,574276
8.894560092000006,0
8.895560092000007,0
8.896560092000009,936760
8.897560092000006,0
8.898560092000007,636798
8.899560092000009,896676
8.900560092000006,1361966
8.901560092000008,0
8.902560092000009,542048
8.903560092000006,852648
8.904560092000008,436244
8.905560092000009,425800
8.906560092000007,596120
8.907560092000008,468380
8.908560092000009,234344
8.909560092000007,234036
8.910560092000008,0
8.911560092000007,444634
8.912560092000007,619866
8.913560092000008,425908
8.914560092000007,468272
8.915560092000007,468380
8.916560092000008,0
8.917560092000008,0
8.918560092000007,0
8.919560092000008,553540
8.920560092000008,894180
8.921560092000007,553540
8.922560092000008,0
8.923560092000006,387456
8.924560092000007,476776
8.925560092000008,583488
8.926560092000006,1021920
8.927560092000007,468380
8.928560092000009,0
8.929560092000006,510960
8.930560092000007,162
8.931560092000009,1111494
8.932560092000006,421224
8.933560092000008,468380
8.934560092000009,468380
8.935560092000006,7672
8.936560092000008,460708
8.937560092000009,0
8.938560092000007,0
8.939560092000008,307580
8.940560092000009,715896
8.941560092000007,509404
8.942560092000008,724908
8.943560092000007,382172
8.944560092000007,30634
8.945560092000008,437746
8.946560092000007,510960
8.947560092000007,0
8.948560092000008,468380
8.949560092000008,0
8.950560092000007,0
8.951560092000008,0
8.952560092000008,553540
8.953560092000007,425800
8.954560092000008,0
8.955560092000006,0
8.956560092000007,553540
8.957560092000008,510960
8.958560092000006,0
8.959560092000007,0
8.960560092000009,0
8.961560092000006,0
8.962560092000007,0
8.963560092000009,468380
8.964560092000006,0
8.965560092000008,510960
8.966560092000009,1075160
8.967560092000006,258770
8.968560092000008,326690
8.969560092000009,469936
8.970560092000007,41024
8.971560092000008,427356
8.972560092000009,41024
8.973560092000007,625652
8.974560092000008,1205288
8.975560092000007,1085582
8.976560092000007,424082
8.977560092000008,150956
8.978560092000007,0
8.979560092000007,553540
8.980560092000008,553540
8.981560092000008,0
8.982560092000007,0
8.983560092000008,553540
8.984560092000008,553540
8.985560092000007,0
8.986560092000008,468380
8.987560092000006,0
8.988560092000007,0
8.989560092000008,0
8.990560092000006,553540
8.991560092000007,468380
8.992560092000009,0
8.993560092000006,553540
8.994560092000008,468380
8.995560092000009,0
8.996560092000006,388596
8.997560092000008,164944
8.998560092000009,0
8.999560092000007,0
9.000560092000008,395398
9.001560092000009,115562
9.002560092000007,0
9.003560092000008,0
9.004560092000009,0
9.005560092000007,553540
9.006560092000008,0
9.007560092000007,0
9.008560092000007,0
9.009560092000008,596120
9.010560092000008,425800
9.011560092000007,1021920
9.012560092000008,1021920
9.013560092000008,0
9.014560092000007,0
9.015560092000008,0
9.016560092000008,425800
9.017560092000007,1107080
9.018560092000008,0
9.019560092000006,468380
9.020560092000007,468380
9.021560092000009,553702
9.022560092000006,553378
9.023560092000007,3706
9.024560092000009,1103374
9.025560092000006,638700
9.026560092000008,894180
9.027560092000009,1072604
9.028560092000006,460276
9.029560092000008,425854
9.030560092000009,1277346
9.031560092000007,491612
9.032560092000008,569900
9.033560092000009,386208
9.034560092000007,0
9.035560092000008,0
9.036560092000009,553540
9.037560092000007,596120
9.038560092000008,638700
9.039560092000007,217352
9.040560092000007,251028
9.041560092000008,1248808
9.042560092000008,284072
9.043560092000007,0
9.044560092000008,132770
9.045560092000008,335610
9.046560092000007,0
9.047560092000008,0
9.048560092000008,553540
9.049560092000007,0
9.050560092000008,202910
9.051560092000006,1329970
9.052560092000007,468380
9.053560092000009,0
9.054560092000006,0
9.055560092000007,0
9.056560092000009,451480
9.057560092000006,16900
9.058560092000008,0
9.059560092000009,305824
9.060560092000006,119976
9.061560092000008,425800
9.062560092000009,0
9.063560092000007,0
9.064560092000008,425800
9.065560092000009,0
9.066560092000007,468380
9.067560092000008,468380
9.06856009200001,638700
9.069560092000007,510960
9.070560092000008,596228
9.071560092000007,979232
9.072560092000007,427356
9.073560092000008,986472
9.074560092000008,502272
9.075560092000007,0
9.076560092000008,0
9.077560092000008,0
9.078560092000007,1064500
9.079560092000008,468380
9.080560092000008,468380
9.081560092000007,0
9.082560092000008,0
9.083560092000006,0
9.084560092000007,841540
9.085560092000009,733920
9.086560092000006,553540
9.087560092000007,553540
9.088560092000009,0
9.089560092000006,553540
9.090560092000008,0
9.091560092000009,0
9.092560092000006,0
9.093560092000008,658750
9.094560092000009,320590
9.095560092000007,0
9.096560092000008,0
9.097560092000009,596120
9.098560092000007,553540
9.099560092000008,0
9.10056009200001,510960
9.101560092000007,468380
9.102560092000008,0
9.103560092000007,7564
9.104560092000007,1099516
9.105560092000008,0
9.106560092000008,0
9.107560092000007,907012
9.108560092000008,114908
9.109560092000008,596120
9.110560092000007,425800
9.111560092000008,553540
9.112560092000008,0
9.113560092000007,0
9.114560092000008,726286
9.115560092000006,210474
9.116560092000007,0
9.117560092000009,0
9.118560092000006,553540
9.119560092000008,0
9.120560092000009,246214
9.121560092000006,565918
9.122560092000008,82102
9.123560092000009,1192186
9.124560092000007,0
9.125560092000008,173324
9.126560092000009,295056
9.127560092000007,553540
9.128560092000008,0
9.129560092000009,0
9.130560092000007,624150
9.131560092000008,738410
9.13256009200001,162
9.133560092000007,851492
9.134560092000008,596066
9.135560092000008,936760
9.136560092000007,0
9.137560092000008,0
9.138560092000008,0
9.139560092000007,0
9.140560092000008,979340
9.141560092000008,1107080
9.142560092000007,0
9.143560092000008,596120
9.144560092000008,0
9.145560092000007,0
9.146560092000009,0
9.147560092000006,0
9.148560092000007,368600
9.149560092000009,184940
9.150560092000006,425800
9.151560092000008,553540
9.152560092000009,572142
9.153560092000006,364618
9.154560092000008,0
9.155560092000009,0
9.156560092000007,0
9.157560092000008,0
9.158560092000009,0
9.159560092000007,468380
9.160560092000008,596120
9.161560092000009,936760
9.162560092000007,425800
9.163560092000008,425800
9.16456009200001,468380
9.165560092000007,1107080
9.166560092000008,468380
9.167560092000008,0
9.168560092000007,422888
9.169560092000008,2912
9.170560092000008,0
9.171560092000007,553540
9.172560092000008,219070
9.173560092000008,419630
9.174560092000007,425800
9.175560092000008,144840
9.176560092000008,366120
9.177560092000007,0
9.178560092000009,356530
9.179560092000006,604878
9.180560092000007,17932
9.181560092000009,0
9.182560092000006,0
9.183560092000008,0
9.184560092000009,0
9.185560092000006,950894
9.186560092000008,28446
9.187560092000009,405388
9.188560092000007,540492
9.189560092000008,416680
9.190560092000009,0
9.191560092000007,0
9.192560092000008,0
9.19356009200001,553540
9.194560092000007,468380
9.195560092000008,0
9.19656009200001,0
9.197560092000007,425800
9.198560092000008,425800
9.199560092000008,0
9.200560092000007,0
9.201560092000008,425800
9.202560092000008,979340
9.203560092000007,0
9.204560092000008,266372
9.205560092000008,287168
9.206560092000007,0
9.207560092000008,0
9.208560092000008,0
9.209560092000007,648
9.210560092000009,1024384
9.211560092000006,82048
9.212560092000007,0
9.213560092000009,861844
9.214560092000006,628456
9.215560092000008,0
9.216560092000009,468380
9.217560092000006,0
9.218560092000008,425800
9.219560092000009,671868
9.220560092000007,903592
9.221560092000008,1021920
9.222560092000009,582726
9.223560092000007,950154
9.224560092000008,596120
9.22556009200001,979340
9.226560092000007,0
9.227560092000008,553540
9.22856009200001,553540
9.229560092000007,553540
9.230560092000008,425800
9.231560092000008,468380
9.232560092000007,0
9.233560092000008,468380
9.234560092000008,596120
9.235560092000007,596120
9.236560092000008,0
9.237560092000008,936760
9.238560092000007,0
9.239560092000008,510960
9.240560092000008,596120
9.241560092000007,468380
9.242560092000009,1149660
9.243560092000006,894180
9.244560092000008,0
9.245560092000009,527066
9.246560092000006,234938
9.247560092000008,430236
9.248560092000009,425800
9.249560092000007,0
9.250560092000008,0
9.251560092000009,0
9.252560092000007,468380
9.253560092000008,9552
9.254560092000009,416248
9.255560092000007,553540
9.256560092000008,468380
9.25756009200001,596120
9.258560092000007,468380
9.259560092000008,596120
9.26056009200001,309606
9.261560092000007,746914
9.262560092000008,7980
9.263560092000008,468380
9.264560092000007,425800
9.265560092000008,647658
9.266560092000008,800062
9.267560092000007,27630
9.268560092000008,909130
9.269560092000008,0
9.270560092000007,468380
9.271560092000009,0
9.272560092000008,672376
9.273560092000007,817924
9.274560092000009,468380
9.275560092000006,696246
9.276560092000008,240514
9.277560092000009,510960
9.278560092000006,0
9.279560092000008,468380
9.280560092000009,0
9.281560092000007,0
9.282560092000008,1192240
9.283560092000009,468380
9.284560092000007,596120
9.285560092000008,0
9.286560092000009,1007932
9.287560092000007,13988
9.288560092000008,0
9.28956009200001,1091590
9.290560092000007,569030
9.291560092000008,0
9.29256009200001,596120
9.293560092000007,0
9.294560092000008,0
9.295560092000008,0
9.296560092000007,468380
9.297560092000008,425222
9.298560092000008,722574
9.299560092000007,87024
9.300560092000008,599178
9.301560092000008,39522
9.302560092000007,6710
9.303560092000009,546830
9.304560092000008,638700
9.305560092000007,0
9.306560092000009,485064
9.307560092000006,749756
9.308560092000008,0
9.309560092000009,468380
9.310560092000006,0
9.311560092000008,510960
9.312560092000009,560018
9.313560092000007,802542
9.314560092000008,0
9.315560092000009,0
9.316560092000007,553594
9.317560092000008,638646
9.31856009200001,468380
9.319560092000007,0
9.320560092000008,0
9.32156009200001,466408
9.322560092000007,598092
9.323560092000008,638700
9.32456009200001,392556
9.325560092000007,246144
9.326560092000008,0
9.327560092000008,936760
9.328560092000007,0
9.329560092000008,0
9.330560092000008,468380
9.331560092000007,468380
9.332560092000008,0
9.333560092000008,0
9.334560092000007,1575460
9.335560092000009,468380
9.336560092000008,0
9.337560092000007,425800
9.338560092000009,468380
9.339560092000006,0
9.340560092000008,600680
9.341560092000009,336080
9.342560092000006,0
9.343560092000008,596120
9.344560092000009,0
9.345560092000007,468380
9.346560092000008,425800
9.347560092000009,0
9.348560092000007,0
9.349560092000008,0
9.35056009200001,0
9.351560092000007,510960
9.352560092000008,936760
9.35356009200001,595088
9.354560092000007,767472
9.355560092000008,638700
9.35656009200001,0
9.357560092000007,468380
9.358560092000008,0
9.359560092000008,596120
9.360560092000007,0
9.361560092000008,468380
9.362560092000008,468380
9.363560092000007,260964
9.364560092000008,835132
9.365560092000008,161324
9.366560092000007,374192
9.367560092000009,29008
9.368560092000008,0
9.369560092000008,0
9.370560092000009,538050
9.371560092000006,15490
9.372560092000008,979340
9.373560092000009,0
9.374560092000007,468380
9.375560092000008,468380
9.376560092000009,596120
9.377560092000007,553540
9.378560092000008,0
9.379560092000009,468380
9.380560092000007,0
9.381560092000008,138632
9.38256009200001,287168
9.383560092000007,386332
9.384560092000008,82048
9.38556009200001,0
9.386560092000007,0
9.387560092000008,512516
9.38856009200001,256874
9.389560092000007,1231870
9.390560092000008,425800
9.391560092000008,1064500
9.392560092000007,0
9.393560092000008,553540
9.394560092000008,425800
9.395560092000007,0
9.396560092000009,425800
9.397560092000008,554134
9.398560092000007,1361966
9.399560092000009,329494
9.400560092000008,649846
9.401560092000008,468380
9.402560092000009,0
9.403560092000006,510960
9.404560092000008,491504
9.405560092000009,871056
9.406560092000007,638700
9.407560092000008,305516
9.408560092000009,248024
9.409560092000007,0
9.410560092000008,553540
9.411560092000009,425800
9.412560092000007,894180
9.413560092000008,0
9.41456009200001,0
9.415560092000007,0
9.416560092000008,425800
9.41756009200001,0
9.418560092000007,638700
9.419560092000008,1234820
9.42056009200001,0
9.421560092000007,0
9.422560092000008,553540
9.423560092000008,1064500
9.424560092000007,553540
9.425560092000008,553540
9.426560092000008,553540
9.427560092000007,0
9.428560092000009,324026
9.429560092000008,314674
9.430560092000007,0
9.431560092000009,553540
9.432560092000008,979340
9.433560092000008,638700
9.434560092000009,596120
9.435560092000006,425800
9.436560092000008,0
9.437560092000009,0
9.438560092000007,425800
9.439560092000008,0
9.440560092000009,578382
9.441560092000007,1252558
9.442560092000008,0
9.44356009200001,0
9.444560092000007,468380
9.445560092000008,468380
9.44656009200001,1012168
9.447560092000007,184286
9.448560092000008,491256
9.44956009200001,441290
9.450560092000007,0
9.451560092000008,0
9.45256009200001,384776
9.453560092000007,41024
9.454560092000008,638700
9.455560092000008,553540
9.456560092000007,0
9.457560092000008,0
9.458560092000008,0
9.459560092000007,1402228
9.460560092000009,641666
9.461560092000008,979286
9.462560092000007,0
9.463560092000009,553540
9.464560092000008,0
9.465560092000008,468380
9.466560092000009,936760
9.467560092000006,0
9.468560092000008,468380
9.469560092000009,19580
9.470560092000007,491380
9.471560092000008,0
9.472560092000009,0
9.473560092000007,553540
9.474560092000008,817400
9.47556009200001,866382
9.476560092000007,402638
9.477560092000008,425800
9.47856009200001,425800
9.479560092000007,0
9.480560092000008,553540
9.48156009200001,553540
9.482560092000007,486944
9.483560092000008,407236
9.48456009200001,506578
9.485560092000007,472762
9.486560092000008,638700
9.487560092000008,75694
9.488560092000007,392686
9.489560092000008,573212
9.490560092000008,180126
9.491560092000007,268582
9.492560092000009,18726
9.493560092000008,534814
9.494560092000008,167424
9.495560092000009,386116
9.496560092000008,596120
9.497560092000008,425800
9.498560092000009,1029160
9.499560092000007,77920
9.500560092000008,1006430
9.501560092000009,963850
9.502560092000007,30980
9.503560092000008,468380
9.504560092000009,54
9.505560092000007,638646
9.506560092000008,425800
9.50756009200001,553540
9.508560092000007,468380
9.509560092000008,0
9.51056009200001,206476
9.511560092000007,347064
9.512560092000008,468380
9.51356009200001,553540
9.514560092000007,0
9.515560092000008,0
9.51656009200001,0
9.517560092000007,898940
9.518560092000008,273990
9.519560092000008,487690
9.520560092000007,425800
9.521560092000009,0
9.522560092000008,979340
9.523560092000007,0
9.524560092000009,0
9.525560092000008,0
9.526560092000008,0
9.527560092000009,553540
9.528560092000008,0
9.529560092000008,0
9.530560092000009,596120
9.531560092000007,0
9.532560092000008,553540
9.533560092000009,468380
9.534560092000007,0
9.535560092000008,1021920
9.536560092000009,635588
9.537560092000007,684392
9.538560092000008,553540
9.53956009200001,0
9.540560092000007,595666
9.541560092000008,383674
9.54256009200001,1019948
9.543560092000007,941104
9.544560092000008,167948
9.54556009200001,468380
9.546560092000007,0
9.547560092000008,553540
9.54856009200001,468380
9.549560092000007,510960
9.550560092000008,377412
9.551560092000008,819334
9.552560092000007,293554
9.553560092000009,638700
9.554560092000008,636674
9.555560092000007,257506
9.556560092000009,0
9.557560092000008,468380
9.558560092000008,596120
9.559560092000009,425854
9.560560092000008,1064446
9.561560092000008,162
9.562560092000009,553378
9.563560092000007,1062528
9.564560092000008,223938
9.565560092000009,331628
9.566560092000007,468326
9.567560092000008,0
9.56856009200001,0
9.569560092000007,553540
9.570560092000008,4668
9.57156009200001,1059832
9.572560092000007,425800
9.573560092000008,468380
9.57456009200001,41202
9.575560092000007,1023298
9.576560092000008,162
9.57756009200001,1021758
9.578560092000007,593132
9.579560092000008,819102
9.58056009200001,714232
9.581560092000007,811554
9.582560092000008,821652
9.583560092000008,29948
9.584560092000007,596120
9.585560092000009,0
9.586560092000008,0
9.587560092000007,557068
9.588560092000009,890652
9.589560092000008,604262
9.590560092000008,843458
9.591560092000009,0
9.592560092000008,936760
9.593560092000008,0
9.594560092000009,378644
9.595560092000007,813596
9.596560092000008,0
9.597560092000009,638700
9.598560092000007,0
9.599560092000008,88180
9.60056009200001,380200
9.601560092000007,428912
9.602560092000008,550428
9.60356009200001,0
9.604560092000007,553540
9.605560092000008,0
9.60656009200001,468380
9.607560092000007,638700
9.608560092000008,0
9.60956009200001,0
9.610560092000007,553540
9.611560092000008,468380
9.61256009200001,936760
9.613560092000007,0
9.614560092000008,0
9.615560092000008,1107080
9.616560092000007,0
9.617560092000009,0
9.618560092000008,287454
9.619560092000008,308666
9.620560092000009,0
9.621560092000008,553540
9.622560092000008,0
9.623560092000009,0
9.624560092000008,501494
9.625560092000008,392686
9.626560092000009,0
9.627560092000007,553540
9.628560092000008,0
9.629560092000009,385646
9.630560092000007,743548
9.631560092000008,20466
9.63256009200001,0
9.633560092000007,0
9.634560092000008,0
9.63556009200001,80254
9.636560092000007,943222
9.637560092000008,594564
9.63856009200001,140134
9.639560092000007,285666
9.640560092000008,0
9.64156009200001,0
9.642560092000007,0
9.643560092000008,0
9.64456009200001,0
9.645560092000007,0
9.646560092000009,0
9.647560092000008,425800
9.648560092000007,0
9.649560092000009,0
9.650560092000008,467910
9.651560092000008,470
9.652560092000009,1107080
9.653560092000008,0
9.654560092000008,553594
9.655560092000009,468326
9.656560092000008,468380
9.657560092000008,0
9.658560092000009,596120
9.659560092000007,510960
9.660560092000008,596120
9.661560092000009,53110
9.662560092000007,391254
9.663560092000008,918196
9.66456009200001,596120
9.665560092000007,0
9.666560092000008,514072
9.66756009200001,82048
9.668560092000007,0
9.669560092000008,0
9.67056009200001,0
9.671560092000007,468380
9.672560092000008,0
9.67356009200001,553540
9.674560092000007,468380
9.675560092000008,0
9.67656009200001,0
9.677560092000007,0
9.678560092000009,0
9.679560092000008,0
9.680560092000007,461902
9.681560092000009,6478
9.682560092000008,169288
9.683560092000008,299092
9.684560092000009,697980
9.685560092000008,494260
9.686560092000008,553540
9.687560092000009,1064500
9.688560092000008,0
9.689560092000008,0
9.690560092000009,0
9.691560092000007,468380
9.692560092000008,553540
9.69356009200001,0
9.694560092000007,0
9.695560092000008,744980
9.69656009200001,276940
9.697560092000007,266210
9.698560092000008,608228
9.69956009200001,464760
9.700560092000007,108522
9.701560092000008,596120
9.70256009200001,894180
9.703560092000007,0
9.704560092000008,1107080
9.70556009200001,0
9.706560092000007,418436
9.707560092000008,49944
9.70856009200001,0
9.709560092000007,553540
9.710560092000009,460746
9.711560092000008,445774
9.712560092000007,243140
9.713560092000009,638700
9.714560092000008,0
9.715560092000008,587670
9.716560092000009,604678
9.717560092000008,936652
9.718560092000008,1004712
9.719560092000009,144948
9.720560092000008,0
9.721560092000008,413530
9.722560092000009,968756
9.723560092000007,450556
9.724560092000008,168418
9.72556009200001,0
9.726560092000007,0
9.727560092000008,0
9.72856009200001,0
9.729560092000007,96722
9.730560092000008,371658
9.73156009200001,0
9.732560092000007,201916
9.733560092000008,309044
9.73456009200001,0
9.735560092000007,0
9.736560092000008,128318
9.73756009200001,851022
9.738560092000007,0
9.739560092000008,510960
9.74056009200001,0
9.741560092000007,0
9.742560092000009,510960
9.743560092000008,510960
9.744560092000008,547186
9.745560092000009,1028274
9.746560092000008,351916
9.747560092000008,73884
9.748560092000009,0
9.749560092000008,596120
9.750560092000008,435012
9.751560092000009,501748
9.752560092000008,561590
9.753560092000008,1311930
9.754560092000009,425800
9.755560092000007,0
9.756560092000008,638700
9.75756009200001,1084372
9.758560092000007,107868
9.759560092000008,36588
9.76056009200001,389212
9.761560092000007,0
9.762560092000008,364510
9.76356009200001,146450
9.764560092000007,979340
9.765560092000008,0
9.76656009200001,0
9.767560092000007,195854
9.768560092000008,272526
9.76956009200001,553540
9.770560092000007,0
9.771560092000009,1021920
9.77256009200001,456926
9.773560092000007,412898
9.774560092000009,66936
9.775560092000008,594
9.776560092000008,467840
9.777560092000009,1234766
9.778560092000008,638700
9.779560092000008,0
9.780560092000009,0
9.781560092000008,0
9.782560092000008,1107080
9.783560092000009,468380
9.784560092000008,391654
9.785560092000008,204466
9.786560092000009,468380
9.787560092000007,633254
9.788560092000008,353866
9.78956009200001,205120
9.790560092000007,425800
9.791560092000008,289918
9.79256009200001,774582
9.793560092000007,0
9.794560092000008,1021920
9.79556009200001,0
9.796560092000007,0
9.797560092000008,425800
9.79856009200001,510960
9.799560092000007,0
9.800560092000008,0
9.80156009200001,425800
9.802560092000007,596120
9.803560092000009,425800
9.80456009200001,0
9.805560092000007,0
9.806560092000009,510960
9.807560092000008,454392
9.808560092000008,567528
9.809560092000009,638700
9.810560092000008,638700
9.811560092000008,468380
9.812560092000009,0
9.813560092000008,425800
9.814560092000008,510960
9.815560092000009,0
9.816560092000008,553540
9.817560092000008,553540
9.81856009200001,0
9.819560092000007,598432
9.820560092000008,1147348
9.82156009200001,0
9.822560092000007,0
9.823560092000008,0
9.82456009200001,425800
9.825560092000007,0
9.826560092000008,468380
9.82756009200001,682782
9.828560092000007,935258
9.829560092000008,0
9.83056009200001,596120
9.831560092000007,35140
9.832560092000008,480558
9.83356009200001,548802
9.834560092000007,0
9.835560092000009,596120
9.83656009200001,1107080
9.837560092000007,748562
9.838560092000009,954638
9.839560092000008,0
9.840560092000008,259840
9.841560092000009,251120
9.842560092000008,638700
9.843560092000008,425800
9.844560092000009,553540
9.845560092000008,1234944
9.846560092000008,1021796
9.847560092000009,643260
9.848560092000008,1227926
9.849560092000008,1237154
9.85056009200001,468380
9.851560092000007,468380
9.852560092000008,0
9.85356009200001,0
9.854560092000007,12610
9.855560092000008,379730
9.85656009200001,76040
9.857560092000007,0
9.858560092000008,425800
9.85956009200001,414870
9.860560092000007,53510
9.861560092000008,0
9.86256009200001,425800
9.863560092000007,1021920
9.864560092000008,0
9.86556009200001,0
9.866560092000007,0
9.867560092000009,760594
9.86856009200001,1027766
9.869560092000008,0
9.870560092000009,553540
9.871560092000008,0
9.872560092000008,964612
9.873560092000009,526990
9.874560092000008,679978
9.875560092000008,0
9.876560092000009,596120
9.877560092000008,553540
9.878560092000008,553540
9.879560092000009,26236
9.880560092000009,527304
9.881560092000008,0
9.88256009200001,0
9.883560092000007,553540
9.884560092000008,0
9.88556009200001,596120
9.886560092000007,662786
9.887560092000008,870094
9.88856009200001,468380
9.889560092000007,0
9.890560092000008,0
9.89156009200001,0
9.892560092000007,553540
9.893560092000008,596282
9.89456009200001,715680
9.895560092000007,348658
9.896560092000009,0
9.89756009200001,468380
9.898560092000007,696138
9.899560092000009,366282
9.90056009200001,214980
9.901560092000008,425800
9.902560092000009,0
9.903560092000008,468380
9.904560092000008,0
9.905560092000009,553540
9.906560092000008,468380
9.907560092000008,553540
9.908560092000009,0
9.909560092000008,0
9.910560092000008,0
9.911560092000009,468380
9.912560092000009,0
9.913560092000008,0
9.91456009200001,0
9.915560092000007,425800
9.916560092000008,0
9.91756009200001,638700
9.918560092000007,425800
9.919560092000008,0
9.92056009200001,425800
9.921560092000007,553540
9.922560092000008,15182
9.92356009200001,1432538
9.924560092000007,625760
9.925560092000008,396160
9.92656009200001,0
9.927560092000007,476484
9.928560092000009,1354456
9.92956009200001,702
9.930560092000007,552838
9.931560092000009,0
9.93256009200001,425800
9.933560092000008,425800
9.934560092000009,0
9.935560092000008,553540
9.936560092000008,0
9.937560092000009,952758
9.938560092000008,468958
9.939560092000008,324064
9.940560092000009,468380
9.941560092000008,0
9.942560092000008,553540
9.94356009200001,553540
9.944560092000009,1064500
9.945560092000008,0
9.94656009200001,425800
9.947560092000007,425800
9.948560092000008,446142
9.94956009200001,508912
9.950560092000007,579382
9.951560092000008,41024
9.95256009200001,468380
9.953560092000007,553540
9.954560092000008,638700
9.95556009200001,352910
9.956560092000007,583850
9.957560092000008,0
9.95856009200001,553540
9.959560092000007,425800
9.960560092000009,0
9.96156009200001,425800
9.962560092000007,468380
9.963560092000009,425800
9.96456009200001,0
9.965560092000008,0
9.966560092000009,553540
9.967560092000008,0
9.968560092000008,0
9.969560092000009,468380
9.970560092000008,0
9.971560092000008,553540
9.972560092000009,0
9.973560092000008,107236
9.974560092000008,1255324
9.97556009200001,86424
9.976560092000009,552276
9.977560092000008,0
9.97856009200001,0
9.979560092000007,479434
9.980560092000008,414746
9.98156009200001,936760
9.982560092000007,0
9.983560092000008,468380
9.98456009200001,0
9.985560092000007,638700
9.986560092000008,425800
9.98756009200001,425800
9.988560092000007,510960
9.989560092000008,0
9.99056009200001,794400
9.991560092000007,1079120
9.992560092000009,0
9.99356009200001,468380
9.994560092000008,215488
9.995560092000009,338106
9.99656009200001,880338
9.997560092000008,98948
9.998560092000009,468380
