Time(s),BytesReceived
0.500560092,58
0.5015600920000001,116
0.502560092,58
0.5035600920000001,374168
0.504560092,515186
0.5055600920000001,198654
0.506560092,58
0.5075600920000001,58
0.508560092,58
0.5095600920000001,58
0.510560092,58
0.5115600920000001,187920
0.512560092,503228
0.5135600920000001,519750
0.514560092,518248
0.5155600920000001,518190
0.516560092,519692
0.5175600920000001,518190
0.518560092,518190
0.5195600920000001,519692
0.520560092,518190
0.5215600920000001,624590
0.522560092,518190
0.5235600920000001,519692
0.524560092,518190
0.5255600920000001,518190
0.526560092,531774
0.5275600920000001,518190
0.528560092,518190
0.5295600920000001,519692
0.530560092,518190
0.5315600920000001,518190
0.532560092,331340
0.5335600920000001,0
0.534560092,0
0.5355600920000001,0
0.536560092,0
0.5375600920000001,0
0.538560092,0
0.5395600920000001,0
0.540560092,0
0.5415600920000001,0
0.542560092,0
0.5435600920000001,437194
0.544560092,516688
0.5455600920000001,518190
0.546560092,677514
0.5475600920000001,1018356
0.548560092,1037882
0.5495600920000001,1037882
0.550560092,1036380
0.5515600920000001,1037882
0.552560092,1037882
0.5535600920000001,1036380
0.554560092,1037882
0.5555600920000001,1047218
0.556560092,1039126
0.5575600920000001,1144282
0.558560092,1036380
0.5595600920000001,1037882
0.560560092,1036380
0.5615600920000001,1037882
0.562560092,1037882
0.5635600920000001,1036380
0.564560092,588182
0.5655600920000001,518190
0.566560092,518190
0.5675600920000001,364384
0.568560092,0
0.5695600920000001,0
0.570560092,16376
0.5715600920000001,498422
0.572560092,515186
0.5735600920000001,165552
0.574560092,0
0.5755600920000001,0
0.576560092,0
0.5775600920000001,0
0.578560092,0
0.5795600920000001,0
0.580560092,1244
0.5815600920000001,0
0.582560092,0
0.5835600920000001,0
0.584560092,0
0.5855600920000001,0
0.586560092,0
0.5875600920000001,0
0.588560092,0
0.5895600920000001,0
0.590560092,0
0.5915600920000001,0
0.592560092,0
0.5935600920000002,0
0.594560092,0
0.5955600920000002,0
0.596560092,1244
0.5975600920000002,0
0.598560092,0
0.5995600920000002,0
0.600560092,0
0.6015600920000002,0
0.602560092,0
0.6035600920000002,0
0.604560092,0
0.6055600920000002,0
0.606560092,0
0.6075600920000002,0
0.608560092,0
0.6095600920000002,0
0.610560092,0
0.6115600920000002,0
0.6125600920000001,0
0.6135600920000002,0
0.6145600920000001,0
0.6155600920000002,10838
0.6165600920000001,851600
0.6175600920000002,553540
0.6185600920000001,596120
0.6195600920000002,397916
0.6205600920000001,624004
0.6215600920000002,468380
0.6225600920000001,0
0.6235600920000002,2150
0.6245600920000001,545560
0.6255600920000002,516790
0.6265600920000001,553540
0.6275600920000002,851600
0.6285600920000001,0
0.6295600920000002,0
0.6305600920000001,780536
0.6315600920000002,407322
0.6325600920000001,472762
0.6335600920000002,468380
0.6345600920000001,0
0.6355600920000002,0
0.6365600920000001,0
0.6375600920000002,468380
0.6385600920000001,0
0.6395600920000002,468380
0.6405600920000001,434396
0.6415600920000002,544944
0.6425600920000001,424914
0.6435600920000002,415070
0.6445600920000001,674602
0.6455600920000002,103454
0.6465600920000001,114264
0.6475600920000002,594550
0.6485600920000001,485478
0.6495600920000002,1107080
0.6505600920000001,209318
0.6515600920000002,216482
0.6525600920000001,0
0.6535600920000002,425800
0.6545600920000001,820484
0.6555600920000002,519692
0.6565600920000001,727056
0.6575600920000002,638700
0.6585600920000001,732844
0.6595600920000002,541422
0.6605600920000001,835546
0.6615600920000002,0
0.6625600920000001,58
0.6635600920000002,10780
0.6645600920000001,0
0.6655600920000002,722012
0.6665600920000001,470228
0.6675600920000002,0
0.6685600920000001,468380
0.6695600920000002,0
0.6705600920000001,536640
0.6715600920000002,485280
0.6725600920000001,425800
0.6735600920000002,1373954
0.6745600920000001,518190
0.6755600920000002,1071730
0.6765600920000001,519692
0.6775600920000002,529028
0.6785600920000001,518190
0.6795600920000002,519692
0.6805600920000001,1071730
0.6815600920000002,943990
0.6825600920000001,943990
0.6835600920000002,519692
0.6845600920000001,997408
0.6855600920000002,1532188
0.6865600920000001,1025866
0.6875600920000002,1180134
0.6885600920000001,1155288
0.6895600920000002,1394870
0.6905600920000001,594230
0.6915600920000002,1071730
0.6925600920000001,519692
0.6935600920000002,943990
0.6945600920000001,535368
0.6955600920000002,468380
0.6965600920000001,894180
0.6975600920000002,553540
0.6985600920000001,0
0.6995600920000002,979340
0.7005600920000001,751538
0.7015600920000002,741528
0.7025600920000001,744486
0.7035600920000002,745100
0.7045600920000001,425800
0.7055600920000002,1064554
0.7065600920000001,1107026
0.7075600920000003,240432
0.7085600920000001,507676
0.7095600920000003,986570
0.7105600920000001,519692
0.7115600920000003,1092970
0.7125600920000001,986570
0.7135600920000003,1541612
0.7145600920000001,1071730
0.7155600920000003,646886
0.7165600920000001,969004
0.7175600920000003,631084
0.7185600920000002,1030266
0.7195600920000003,518190
0.7205600920000002,519692
0.7215600920000003,518190
0.7225600920000002,568296
0.7235600920000003,1448926
0.7245600920000002,1156890
0.7255600920000003,1523892
0.7265600920000002,535652
0.7275600920000003,519692
0.7285600920000002,753514
0.7295600920000003,518190
0.7305600920000002,1061778
0.7315600920000003,529644
0.7325600920000002,518190
0.7335600920000003,519692
0.7345600920000002,1003686
0.7355600920000003,969454
0.7365600920000002,1084070
0.7375600920000003,746380
0.7385600920000002,1061108
0.7395600920000003,641262
0.7405600920000002,519692
0.7415600920000003,1369790
0.7425600920000002,518190
0.7435600920000003,1172828
0.7445600920000002,982972
0.7455600920000003,943990
0.7465600920000002,1064398
0.7475600920000003,1086160
0.7485600920000002,682814
0.7495600920000003,234412
0.7505600920000002,876314
0.7515600920000003,1359810
0.7525600920000002,598816
0.7535600920000003,0
0.7545600920000002,425800
0.7555600920000003,510960
0.7565600920000002,426394
0.7575600920000003,467786
0.7585600920000002,0
0.7595600920000003,0
0.7605600920000002,510960
0.7615600920000003,0
0.7625600920000002,10838
0.7635600920000003,0
0.7645600920000002,468380
0.7655600920000003,0
0.7665600920000002,894180
0.7675600920000003,0
0.7685600920000002,474458
0.7695600920000003,419722
0.7705600920000002,0
0.7715600920000003,468380
0.7725600920000002,0
0.7735600920000003,596120
0.7745600920000002,0
0.7755600920000003,0
0.7765600920000002,553540
0.7775600920000003,717274
0.7785600920000002,219486
0.7795600920000003,458898
0.7805600920000002,477862
0.7815600920000003,510960
0.7825600920000002,510960
0.7835600920000003,0
0.7845600920000002,1190
0.7855600920000003,1591616
0.7865600920000002,643838
0.7875600920000003,936760
0.7885600920000002,464020
0.7895600920000003,217260
0.7905600920000002,298060
0.7915600920000003,425800
0.7925600920000002,639944
0.7935600920000003,1021920
0.7945600920000002,425800
0.7955600920000003,468380
0.7965600920000002,425800
0.7975600920000003,553540
0.7985600920000002,510722
0.7995600920000003,979578
0.8005600920000002,425800
0.8015600920000003,910080
0.8025600920000002,1071730
0.8035600920000003,681542
0.8045600920000002,106400
0.8055600920000003,10838
0.8065600920000002,106400
0.8075600920000003,0
0.8085600920000002,0
0.8095600920000003,553540
0.8105600920000002,287330
0.8115600920000003,138470
0.8125600920000002,638700
0.8135600920000003,0
0.8145600920000002,410926
0.8155600920000003,483254
0.8165600920000002,1289670
0.8175600920000003,953526
0.8185600920000002,519692
0.8195600920000004,518190
0.8205600920000002,746002
0.8215600920000004,1406362
0.8225600920000002,723688
0.8235600920000004,1156890
0.8245600920000002,518190
0.8255600920000004,931088
0.8265600920000002,1043554
0.8275600920000004,538310
0.8285600920000002,967952
0.8295600920000004,943990
0.8305600920000002,518190
0.8315600920000004,958740
0.8325600920000003,590102
0.8335600920000004,740426
0.8345600920000003,765836
0.8355600920000004,1029150
0.8365600920000003,1369790
0.8375600920000004,519434
0.8385600920000003,1073232
0.8395600920000004,1029150
0.8405600920000003,1151032
0.8415600920000004,1193560
0.8425600920000003,1389722
0.8435600920000004,1477924
0.8445600920000003,1413230
0.8455600920000004,1395784
0.8465600920000003,1341684
0.8475600920000004,1432908
0.8485600920000003,2092906
0.8495600920000004,1923998
0.8505600920000003,2108110
0.8515600920000004,1557574
0.8525600920000003,1981872
0.8535600920000004,1980370
0.8545600920000003,1556072
0.8555600920000004,2025954
0.8565600920000003,1610900
0.8575600920000004,2095862
0.8585600920000003,1981872
0.8595600920000004,1981872
0.8605600920000003,1554570
0.8615600920000004,2023384
0.8625600920000003,2033064
0.8635600920000004,2022950
0.8645600920000003,1557574
0.8655600920000004,1981872
0.8665600920000003,1554570
0.8675600920000004,2127744
0.8685600920000003,1654152
0.8695600920000004,1554570
0.8705600920000003,1619244
0.8715600920000004,1039384
0.8725600920000003,1577558
0.8735600920000004,2028082
0.8745600920000003,1678084
0.8755600920000004,1462180
0.8765600920000003,1036380
0.8775600920000004,1037882
0.8785600920000003,1509520
0.8795600920000004,1171700
0.8805600920000003,1039978
0.8815600920000004,1473656
0.8825600920000003,1066890
0.8835600920000004,962968
0.8845600920000003,1152384
0.8855600920000004,965234
0.8865600920000003,759898
0.8875600920000004,892382
0.8885600920000003,626092
0.8895600920000004,518190
0.8905600920000003,1499032
0.8915600920000004,1071730
0.8925600920000003,1156890
0.8935600920000004,1129442
0.8945600920000003,904204
0.8955600920000004,1034878
0.8965600920000003,1506262
0.8975600920000004,1039126
0.8985600920000003,1462180
0.8995600920000004,1036380
0.9005600920000003,1507764
0.9015600920000004,1036380
0.9025600920000003,1036380
0.9035600920000004,1037882
0.9045600920000003,1037882
0.9055600920000004,1205144
0.9065600920000003,1337842
0.9075600920000004,1740058
0.9085600920000003,1521822
0.9095600920000004,1446620
0.9105600920000003,1591422
0.9115600920000004,1462180
0.9125600920000003,1504760
0.9135600920000004,1039384
0.9145600920000003,1448300
0.9155600920000004,723270
0.9165600920000003,548878
0.9175600920000004,933710
0.9185600920000003,1054068
0.9195600920000004,978644
0.9205600920000003,570198
0.9215600920000004,518190
0.9225600920000003,518190
0.9235600920000004,1158392
0.9245600920000003,624590
0.9255600920000004,518190
0.9265600920000003,1071730
0.9275600920000004,1073394
0.9285600920000003,1412208
0.9295600920000004,518190
0.9305600920000003,519692
0.9315600920000005,626254
0.9325600920000003,1751346
0.9335600920000005,1499032
0.9345600920000003,1197336
0.9355600920000005,690644
0.9365600920000003,945076
0.9375600920000005,572024
0.9385600920000003,518190
0.9395600920000005,518190
0.9405600920000003,1092520
0.9415600920000005,1501026
0.9425600920000003,1176686
0.9435600920000005,519692
0.9445600920000004,1022634
0.9455600920000005,865400
0.9465600920000004,1073178
0.9475600920000005,1071730
0.9485600920000004,518190
0.9495600920000005,869036
0.9505600920000004,1106850
0.9515600920000005,518190
0.9525600920000004,518244
0.9535600920000005,945438
0.9545600920000004,518248
0.9555600920000005,1115496
0.9565600920000004,519692
0.9575600920000005,1178130
0.9585600920000004,1071730
0.9595600920000005,943990
0.9605600920000004,530530
0.9615600920000005,1412370
0.9625600920000004,518190
0.9635600920000005,519692
0.9645600920000004,1582690
0.9655600920000005,544426
0.9665600920000004,1016016
0.9675600920000005,974970
0.9685600920000004,951554
0.9695600920000005,555952
0.9705600920000004,626254
0.9715600920000005,1155226
0.9725600920000004,1612310
0.9735600920000005,681632
0.9745600920000004,518190
0.9755600920000005,518190
0.9765600920000004,530530
0.9775600920000005,800722
0.9785600920000004,874358
0.9795600920000005,1171002
0.9805600920000004,1436402
0.9815600920000005,951172
0.9825600920000004,518190
0.9835600920000005,988072
0.9845600920000004,518190
0.9855600920000005,1050390
0.9865600920000004,956330
0.9875600920000005,518190
0.9885600920000004,518190
0.9895600920000005,1082810
0.9905600920000004,1636932
0.9915600920000005,518190
0.9925600920000004,668930
0.9935600920000005,1348292
0.9945600920000004,518190
0.9955600920000005,986570
0.9965600920000004,519692
0.9975600920000005,518190
0.9985600920000004,1582690
0.9995600920000005,989316
1.0005600920000004,518190
1.0015600920000005,1156890
1.0025600920000004,519692
1.0035600920000005,518190
1.0045600920000004,1068218
1.0055600920000005,1378898
1.0065600920000004,1420124
1.0075600920000005,1036380
1.0085600920000004,1244834
1.0095600920000005,1454670
1.0105600920000004,842954
1.0115600920000005,518190
1.0125600920000004,519692
1.0135600920000005,1156890
1.0145600920000004,518190
1.0155600920000005,519692
1.0165600920000004,624590
1.0175600920000005,518190
1.0185600920000004,1029150
1.0195600920000005,988072
1.0205600920000004,1625270
1.0215600920000005,518190
1.0225600920000004,519692
1.0235600920000005,518190
1.0245600920000004,1667850
1.0255600920000005,943990
1.0265600920000004,1140984
1.0275600920000005,316084
1.0285600920000004,425800
1.0295600920000005,697574
1.0305600920000004,233190
1.0315600920000005,240136
1.0325600920000004,430468
1.0335600920000005,123072
1.0345600920000004,0
1.0355600920000005,427356
1.0365600920000004,41024
1.0375600920000005,436638
1.0385600920000004,596120
1.0395600920000005,188410
1.0405600920000004,238634
1.0415600920000005,0
1.0425600920000004,0
1.0435600920000005,471492
1.0445600920000004,82048
1.0455600920000006,210982
1.0465600920000004,342558
1.0475600920000006,510960
1.0485600920000004,1021920
1.0495600920000006,553540
1.0505600920000004,389428
1.0515600920000006,957264
1.0525600920000004,1038658
1.0535600920000006,169450
1.0545600920000004,596120
1.0555600920000006,0
1.0565600920000005,553540
1.0575600920000006,0
1.0585600920000005,779596
1.0595600920000006,923604
1.0605600920000005,1021920
1.0615600920000006,75212
1.0625600920000005,492350
1.0635600920000006,93622
1.0645600920000005,302728
1.0655600920000006,646426
1.0665600920000005,51862
1.0675600920000006,0
1.0685600920000005,424914
1.0695600920000006,27976
1.0705600920000005,15548
1.0715600920000006,565876
1.0725600920000005,528984
1.0735600920000006,847368
1.0745600920000005,1534664
1.0755600920000006,988072
1.0765600920000005,518190
1.0775600920000006,624590
1.0785600920000005,519692
1.0795600920000006,1082568
1.0805600920000005,943990
1.0815600920000006,518190
1.0825600920000005,1413872
1.0835600920000006,943990
1.0845600920000005,986570
1.0855600920000006,519692
1.0865600920000005,1082568
1.0875600920000006,663996
1.0885600920000005,1951950
1.0895600920000006,1459886
1.0905600920000005,622368
1.0915600920000006,1536944
1.0925600920000005,519692
1.0935600920000006,1071730
1.0945600920000005,421514
1.0955600920000006,890652
1.0965600920000005,435186
1.0975600920000006,876394
1.0985600920000005,735476
1.0995600920000006,0
1.1005600920000005,0
1.1015600920000006,0
1.1025600920000005,0
1.1035600920000006,638700
1.1045600920000005,0
1.1055600920000006,425800
1.1065600920000005,953336
1.1075600920000006,26004
1.1085600920000005,53380
1.1095600920000006,1146532
1.1105600920000005,1014248
1.1115600920000006,0
1.1125600920000005,191202
1.1135600920000006,663510
1.1145600920000005,82048
1.1155600920000006,427356
1.1165600920000005,41024
1.1175600920000006,425800
1.1185600920000005,0
1.1195600920000006,596120
1.1205600920000005,553540
1.1215600920000006,468380
1.1225600920000005,990848
1.1235600920000006,329132
1.1245600920000005,468380
1.1255600920000006,0
1.1265600920000005,425800
1.1275600920000006,0
1.1285600920000005,861228
1.1295600920000006,346144
1.1305600920000005,649836
1.1315600920000006,718242
1.1325600920000005,518190
1.1335600920000006,518190
1.1345600920000005,519692
1.1355600920000006,572856
1.1365600920000005,1400284
1.1375600920000006,1115812
1.1385600920000005,1146388
1.1395600920000006,986570
1.1405600920000005,959604
1.1415600920000006,972458
1.1425600920000005,518190
1.1435600920000006,519692
1.1445600920000005,1114310
1.1455600920000006,1029150
1.1465600920000005,986570
1.1475600920000006,937042
1.1485600920000005,526640
1.1495600920000006,518190
1.1505600920000005,519692
1.1515600920000006,518190
1.1525600920000005,913328
1.1535600920000006,1268860
1.1545600920000005,1583858
1.1555600920000006,1713262
1.1565600920000005,1538274
1.1575600920000007,1080408
1.1585600920000005,1302644
1.1595600920000007,1241500
1.1605600920000005,1037882
1.1615600920000007,1036380
1.1625600920000005,1037882
1.1635600920000007,1532116
1.1645600920000005,1116926
1.1655600920000007,1042442
1.1665600920000005,1785692
1.1675600920000007,1877294
1.1685600920000005,1786998
1.1695600920000007,1144432
1.1705600920000006,1340610
1.1715600920000007,1398302
1.1725600920000006,1724916
1.1735600920000007,1317418
1.1745600920000006,792634
1.1755600920000007,783768
1.1765600920000006,549024
1.1775600920000007,649836
1.1785600920000006,919180
1.1795600920000007,943990
1.1805600920000006,737206
1.1815600920000007,1003196
1.1825600920000006,518190
1.1835600920000007,988072
1.1845600920000006,518190
1.1855600920000007,986570
1.1865600920000006,519692
1.1875600920000007,1261284
1.1885600920000006,1627276
1.1895600920000007,1114364
1.1905600920000006,988018
1.1915600920000007,1114310
1.1925600920000006,1625270
1.1935600920000007,914566
1.1945600920000006,591696
1.1955600920000007,1667850
1.1965600920000006,858738
1.1975600920000007,817844
1.1985600920000006,518298
1.1995600920000007,987964
1.2005600920000006,638236
1.2015600920000007,877362
1.2025600920000006,518190
1.2035600920000007,519692
1.2045600920000006,624590
1.2055600920000007,1071730
1.2065600920000006,531870
1.2075600920000007,1527932
1.2085600920000006,682502
1.2095600920000007,1195110
1.2105600920000006,1126180
1.2115600920000007,518190
1.2125600920000006,518190
1.2135600920000007,519692
1.2145600920000006,518190
1.2155600920000007,1427444
1.2165600920000006,589778
1.2175600920000007,1115866
1.2185600920000006,985014
1.2195600920000007,525754
1.2205600920000006,543724
1.2215600920000007,525700
1.2225600920000006,557824
1.2235600920000007,1620538
1.2245600920000006,1049898
1.2255600920000007,563582
1.2265600920000006,528704
1.2275600920000007,577724
1.2285600920000006,848408
1.2295600920000007,536538
1.2305600920000006,521194
1.2315600920000007,519692
1.2325600920000006,522696
1.2335600920000007,521194
1.2345600920000006,527202
1.2355600920000007,532178
1.2365600920000006,554940
1.2375600920000007,1036482
1.2385600920000006,518190
1.2395600920000007,1499032
1.2405600920000006,877778
1.2415600920000007,712142
1.2425600920000006,519692
1.2435600920000007,810966
1.2445600920000006,1094838
1.2455600920000007,714768
1.2465600920000006,986570
1.2475600920000007,681058
1.2485600920000006,1176526
1.2495600920000007,1034878
1.2505600920000006,739316
1.2515600920000007,518190
1.2525600920000006,945492
1.2535600920000007,518190
1.2545600920000006,986570
1.2555600920000007,519692
1.2565600920000006,1540110
1.2575600920000007,1082568
1.2585600920000006,1178076
1.2595600920000007,519746
1.2605600920000006,1020370
1.2615600920000007,1653160
1.2625600920000006,1096836
1.2635600920000007,1079846
1.2645600920000006,916552
1.2655600920000007,519692
1.2665600920000006,518190
1.2675600920000007,813084
1.2685600920000006,1298634
1.2695600920000008,1115812
1.2705600920000006,1128918
1.2715600920000008,973296
1.2725600920000006,1037882
1.2735600920000008,980750
1.2745600920000006,1030372
1.2755600920000008,1197836
1.2765600920000006,587222
1.2775600920000008,1439428
1.2785600920000006,1110328
1.2795600920000008,1134722
1.2805600920000006,518730
1.2815600920000008,1518230
1.2825600920000007,945492
1.2835600920000008,518190
1.2845600920000007,518190
1.2855600920000008,519692
1.2865600920000007,518190
1.2875600920000008,1174094
1.2885600920000007,1353988
1.2895600920000008,943990
1.2905600920000007,901556
1.2915600920000008,1095204
1.2925600920000007,1198592
1.2935600920000008,711148
1.2945600920000007,1715778
1.2955600920000008,1032468
1.2965600920000007,1235640
1.2975600920000008,1029150
1.2985600920000007,988072
1.2995600920000008,530962
1.3005600920000007,2030690
1.3015600920000008,1276812
1.3025600920000007,1699012
1.3035600920000008,1159452
1.3045600920000007,1506262
1.3055600920000008,1591422
1.3065600920000007,1507818
1.3075600920000008,1346418
1.3085600920000007,1407626
1.3095600920000008,1903352
1.3105600920000007,2168768
1.3115600920000008,1192358
1.3125600920000007,1589920
1.3135600920000008,1425770
1.3145600920000007,1265852
1.3155600920000008,1037882
1.3165600920000007,1036380
1.3175600920000008,1506262
1.3185600920000007,1548842
1.3195600920000008,1036380
1.3205600920000007,1037882
1.3215600920000008,1037882
1.3225600920000007,1724708
1.3235600920000008,1114310
1.3245600920000007,519692
1.3255600920000008,943990
1.3265600920000007,1114310
1.3275600920000008,524846
1.3285600920000007,1023996
1.3295600920000008,986570
1.3305600920000007,1114310
1.3315600920000008,988072
1.3325600920000007,518190
1.3335600920000008,738130
1.3345600920000007,809210
1.3355600920000008,1073232
1.3365600920000007,518190
1.3375600920000008,1156890
1.3385600920000007,1056082
1.3395600920000008,1135030
1.3405600920000007,948962
1.3415600920000008,1027032
1.3425600920000007,857836
1.3435600920000008,817190
1.3445600920000007,518190
1.3455600920000008,889086
1.3465600920000007,943720
1.3475600920000008,745186
1.3485600920000007,979730
1.3495600920000008,1007706
1.3505600920000007,675716
1.3515600920000008,986732
1.3525600920000007,987910
1.3535600920000008,1114310
1.3545600920000007,986570
1.3555600920000008,519692
1.3565600920000007,1114310
1.3575600920000008,518190
1.3585600920000007,519692
1.3595600920000008,483042
1.3605600920000007,468380
1.3615600920000008,0
1.3625600920000007,468380
1.3635600920000008,405534
1.3645600920000007,105426
1.3655600920000008,468380
1.3665600920000007,553540
1.3675600920000008,363596
1.3685600920000007,1068726
1.3695600920000008,209110
1.3705600920000007,0
1.3715600920000008,468380
1.3725600920000007,0
1.3735600920000008,894180
1.3745600920000007,0
1.3755600920000008,0
1.3765600920000007,510960
1.3775600920000008,851600
1.3785600920000007,0
1.3795600920000008,804152
1.3805600920000007,388088
1.3815600920000009,536930
1.3825600920000007,799328
1.3835600920000009,520162
1.3845600920000007,444902
1.3855600920000009,266368
1.3865600920000007,0
1.3875600920000009,684046
1.3885600920000007,550774
1.3895600920000009,6548
1.3905600920000007,1156602
1.3915600920000009,509178
1.3925600920000007,697254
1.3935600920000009,271456
1.3945600920000008,959074
1.3955600920000009,522560
1.3965600920000008,30980
1.3975600920000009,597364
1.3985600920000008,0
1.3995600920000009,310892
1.4005600920000008,1009088
1.4015600920000009,926754
1.4025600920000008,733866
1.4035600920000009,0
1.4045600920000008,468380
1.4055600920000009,638700
1.4065600920000008,0
1.4075600920000009,0
1.4085600920000008,0
1.4095600920000009,425800
1.4105600920000008,759426
1.4115600920000009,899276
1.4125600920000008,692146
1.4135600920000009,519692
1.4145600920000008,588896
1.4155600920000009,1104618
1.4165600920000008,1512936
1.4175600920000009,791918
1.4185600920000008,767716
1.4195600920000009,1731670
1.4205600920000008,1030652
1.4215600920000009,518190
1.4225600920000008,518190
1.4235600920000009,1127894
1.4245600920000008,1079348
1.425560092000001,1064112
1.4265600920000008,519692
1.427560092000001,1156890
1.4285600920000008,518190
1.429560092000001,1029150
1.4305600920000008,1176108
1.431560092000001,1130678
1.4325600920000008,469936
1.433560092000001,41024
1.4345600920000008,0
1.435560092000001,468380
1.4365600920000008,0
1.437560092000001,106400
1.4385600920000008,510960
1.439560092000001,0
1.4405600920000008,425800
1.441560092000001,0
1.4425600920000008,469624
1.443560092000001,0
1.4445600920000008,0
1.445560092000001,638700
1.4465600920000008,390946
1.447560092000001,588394
1.4485600920000008,0
1.449560092000001,339230
1.4505600920000008,299470
1.451560092000001,0
1.4525600920000008,808198
1.453560092000001,708760
1.4545600920000008,167054
1.455560092000001,425800
1.4565600920000008,702520
1.457560092000001,1117918
1.4585600920000008,0
1.459560092000001,0
1.4605600920000008,0
1.461560092000001,510960
1.4625600920000008,0
1.463560092000001,0
1.4645600920000008,468380
1.465560092000001,0
1.4665600920000008,468380
1.467560092000001,425800
1.4685600920000008,0
1.469560092000001,468380
1.4705600920000008,554784
1.471560092000001,476980
1.4725600920000008,1469516
1.473560092000001,872078
1.4745600920000008,142838
1.475560092000001,468380
1.4765600920000008,510960
1.477560092000001,0
1.4785600920000008,402760
1.479560092000001,1461202
1.4805600920000008,1248528
1.481560092000001,196020
1.4825600920000008,1610304
1.483560092000001,988126
1.4845600920000008,1497476
1.485560092000001,1071730
1.4865600920000008,945492
1.487560092000001,1667850
1.4885600920000008,529028
1.489560092000001,1031896
1.4905600920000008,1454950
1.491560092000001,986570
1.4925600920000008,1073232
1.493560092000001,607402
1.4945600920000008,1323158
1.495560092000001,518190
1.4965600920000008,1541612
1.497560092000001,779894
1.4985600920000008,682286
1.499560092000001,667482
1.5005600920000008,803764
1.501560092000001,1083746
1.5025600920000008,1176540
1.503560092000001,991422
1.5045600920000008,1582690
1.505560092000001,664386
1.5065600920000009,841876
1.507560092000001,1229430
1.5085600920000009,1020430
1.509560092000001,519692
1.5105600920000009,1114310
1.511560092000001,518190
1.5125600920000009,519692
1.513560092000001,518190
1.5145600920000009,518190
1.515560092000001,988072
1.5165600920000009,518190
1.517560092000001,967400
1.5185600920000009,1462180
1.519560092000001,640184
1.5205600920000009,1029150
1.521560092000001,986570
1.5225600920000009,945492
1.523560092000001,518190
1.5245600920000009,606008
1.525560092000001,1165740
1.5265600920000009,848824
1.527560092000001,1454950
1.5285600920000009,1049346
1.529560092000001,584656
1.5305600920000009,518298
1.531560092000001,1440854
1.5325600920000009,652832
1.533560092000001,1491864
1.5345600920000009,1953612
1.535560092000001,1634056
1.5365600920000009,1424884
1.537560092000001,1202918
1.5385600920000009,1036380
1.539560092000001,1445350
1.5405600920000009,1184062
1.541560092000001,1533456
1.5425600920000009,1682590
1.543560092000001,1535270
1.5445600920000009,1036380
1.545560092000001,1037882
1.5465600920000009,1394682
1.547560092000001,1211780
1.5485600920000009,1962788
1.549560092000001,1149970
1.550560092000001,1318966
1.551560092000001,1260518
1.552560092000001,1214318
1.553560092000001,1404002
1.554560092000001,1047364
1.555560092000001,1463682
1.556560092000001,1463682
1.557560092000001,1036380
1.558560092000001,1625168
1.559560092000001,1556174
1.560560092000001,1543400
1.561560092000001,1511066
1.562560092000001,2579440
1.563560092000001,1089984
1.564560092000001,1599844
1.565560092000001,1494490
1.566560092000001,2535412
1.567560092000001,1618374
1.568560092000001,1116926
1.569560092000001,1037882
1.570560092000001,1463424
1.571560092000001,1548842
1.572560092000001,1524622
1.573560092000001,1487644
1.574560092000001,1036380
1.575560092000001,1483370
1.576560092000001,1156772
1.577560092000001,1222044
1.578560092000001,1278018
1.579560092000001,1037882
1.580560092000001,1597538
1.581560092000001,1711544
1.582560092000001,1036380
1.583560092000001,1037882
1.584560092000001,1036380
1.585560092000001,1037882
1.586560092000001,1463682
1.587560092000001,1462180
1.588560092000001,1676582
1.589560092000001,1037882
1.590560092000001,1036380
1.591560092000001,1037882
1.592560092000001,1037882
1.593560092000001,1675080
1.594560092000001,1697822
1.595560092000001,1036380
1.596560092000001,1037882
1.597560092000001,1462180
1.598560092000001,1037882
1.599560092000001,1506262
1.600560092000001,1036380
1.601560092000001,1484764
1.602560092000001,1698080
1.603560092000001,1036380
1.604560092000001,1037882
1.605560092000001,1589920
1.606560092000001,1037882
1.607560092000001,1184748
1.608560092000001,1443054
1.609560092000001,1955678
1.610560092000001,1523724
1.611560092000001,1463682
1.612560092000001,1196186
1.613560092000001,1857416
1.614560092000001,1037882
1.615560092000001,1506262
1.616560092000001,1504760
1.617560092000001,1037882
1.618560092000001,1036974
1.619560092000001,1505668
1.620560092000001,1036380
1.621560092000001,1506262
1.622560092000001,2103030
1.623560092000001,1546692
1.624560092000001,1548842
1.625560092000001,1634002
1.626560092000001,1437732
1.627560092000001,1400744
1.628560092000001,1176444
1.629560092000001,1529262
1.630560092000001,1567390
1.631560092000001,1069894
1.632560092000001,1037882
1.633560092000001,1047164
1.634560092000001,1548896
1.635560092000001,1463682
1.636560092000001,1547340
1.637560092000001,1506262
1.638560092000001,1506262
1.639560092000001,1036380
1.640560092000001,1036380
1.641560092000001,1602260
1.642560092000001,1463682
1.643560092000001,1051562
1.644560092000001,1713624
1.645560092000001,2264868
1.646560092000001,1673270
1.647560092000001,1037882
1.648560092000001,1676582
1.649560092000001,1504760
1.650560092000001,1506262
1.651560092000001,1504760
1.652560092000001,1506262
1.653560092000001,1463886
1.654560092000001,2292194
1.655560092000001,1685548
1.656560092000001,1238496
1.657560092000001,1060882
1.658560092000001,1037882
1.659560092000001,1466848
1.660560092000001,1160954
1.661560092000001,1036380
1.662560092000001,1037882
1.663560092000001,1589920
1.664560092000001,1128114
1.665560092000001,2117646
1.666560092000001,2061302
1.667560092000001,1037936
1.668560092000001,1037882
1.669560092000001,2058300
1.670560092000001,1037882
1.671560092000001,1474520
1.672560092000001,1698288
1.673560092000001,1153152
1.674560092000001,2015720
1.6755600920000011,1506262
1.676560092000001,1462180
1.6775600920000011,1511854
1.678560092000001,1074870
1.6795600920000011,1156652
1.680560092000001,1853580
1.6815600920000011,2682264
1.682560092000001,2534540
1.6835600920000011,1755926
1.684560092000001,1036380
1.6855600920000011,1037882
1.686560092000001,1565418
1.6875600920000011,1530818
1.688560092000001,1955154
1.6895600920000011,1252138
1.690560092000001,1309938
1.6915600920000011,1199140
1.692560092000001,1625270
1.6935600920000011,986570
1.694560092000001,519692
1.6955600920000011,1038308
1.696560092000001,551612
1.6975600920000011,1071730
1.698560092000001,1073232
1.6995600920000011,1452978
1.700560092000001,1015686
1.7015600920000011,577762
1.702560092000001,943936
1.7035600920000011,518190
1.704560092000001,592852
1.7055600920000011,1381790
1.706560092000001,1156890
1.7075600920000011,945180
1.708560092000001,519746
1.7095600920000011,1619932
1.710560092000001,715088
1.7115600920000011,988072
1.712560092000001,682502
1.7135600920000011,822258
1.714560092000001,519692
1.7155600920000011,726222
1.716560092000001,906278
1.7175600920000011,945492
1.718560092000001,1609922
1.7195600920000012,725098
1.720560092000001,794244
1.7215600920000012,882338
1.722560092000001,1029150
1.7235600920000012,984128
1.724560092000001,947934
1.7255600920000012,982134
1.726560092000001,1398042
1.7275600920000012,623670
1.728560092000001,910422
1.7295600920000012,551704
1.730560092000001,518190
1.7315600920000012,541314
1.732560092000001,964948
1.7335600920000012,518190
1.734560092000001,580420
1.7355600920000012,968422
1.736560092000001,986570
1.7375600920000012,519692
1.738560092000001,986570
1.7395600920000012,518190
1.740560092000001,879080
1.7415600920000012,638020
1.742560092000001,1394680
1.7435600920000012,0
1.744560092000001,0
1.7455600920000012,1117918
1.746560092000001,0
1.7475600920000012,291744
1.748560092000001,134056
1.7495600920000012,0
1.750560092000001,468380
1.7515600920000012,510960
1.752560092000001,155300
1.7535600920000012,781460
1.754560092000001,470032
1.7555600920000012,615852
1.756560092000001,865816
1.7575600920000012,605152
1.758560092000001,605698
1.7595600920000012,485146
1.760560092000001,976334
1.7615600920000012,754570
1.762560092000001,707154
1.7635600920000012,82048
1.764560092000001,473556
1.7655600920000012,548364
1.766560092000001,425800
1.7675600920000012,0
1.768560092000001,612696
1.7695600920000012,44140
1.770560092000001,88264
1.7715600920000012,0
1.772560092000001,246268
1.7735600920000012,222112
1.774560092000001,472994
1.7755600920000012,151954
1.776560092000001,1562986
1.7775600920000012,518190
1.778560092000001,1407972
1.7795600920000012,1391068
1.780560092000001,993676
1.7815600920000012,998910
1.782560092000001,1018636
1.7835600920000012,667336
1.784560092000001,913260
1.7855600920000012,751648
1.786560092000001,795692
1.7875600920000012,904210
1.788560092000001,575848
1.7895600920000012,1543882
1.790560092000001,1547340
1.7915600920000012,741882
1.792560092000001,889378
1.7935600920000012,943990
1.794560092000001,1158392
1.7955600920000012,1114310
1.796560092000001,963384
1.7975600920000012,106454
1.798560092000001,0
1.7995600920000012,0
1.8005600920000011,427414
1.8015600920000012,1325254
1.8025600920000011,1155388
1.8035600920000012,387842
1.8045600920000011,261634
1.8055600920000012,0
1.8065600920000011,343752
1.8075600920000012,720748
1.8085600920000011,638700
1.8095600920000012,69794
1.8105600920000011,483746
1.8115600920000012,638700
1.8125600920000011,0
1.8135600920000012,0
1.8145600920000011,510960
1.8155600920000012,510960
1.8165600920000011,102676
1.8175600920000012,323124
1.8185600920000011,668632
1.8195600920000012,689714
1.8205600920000011,89374
1.8215600920000012,10838
1.8225600920000011,758352
1.8235600920000012,220988
1.8245600920000011,377114
1.8255600920000012,1497530
1.8265600920000011,192588
1.8275600920000012,0
1.8285600920000011,237348
1.8295600920000012,273200
1.8305600920000011,480640
1.8315600920000012,518190
1.8325600920000011,519692
1.8335600920000013,1071730
1.8345600920000011,953704
1.8355600920000013,1531898
1.8365600920000011,518190
1.8375600920000013,518190
1.8385600920000011,518190
1.8395600920000013,519692
1.8405600920000011,984798
1.8415600920000013,878896
1.8425600920000011,1211836
1.8435600920000013,1109058
1.8445600920000012,1467786
1.8455600920000013,1592924
1.8465600920000012,850576
1.8475600920000013,1497250
1.8485600920000012,1702588
1.8495600920000013,1114310
1.8505600920000012,499510
1.8515600920000013,10892
1.8525600920000012,0
1.8535600920000013,596120
1.8545600920000012,0
1.8555600920000013,553540
1.8565600920000012,557110
1.8575600920000013,571210
1.8585600920000012,553540
1.8595600920000013,425800
1.8605600920000012,0
1.8615600920000013,638700
1.8625600920000012,894180
1.8635600920000013,147790
1.8645600920000012,723390
1.8655600920000013,576540
1.8665600920000012,10838
1.8675600920000013,657814
1.8685600920000012,1313076
1.8695600920000013,750254
1.8705600920000012,1584192
1.8715600920000013,518190
1.8725600920000012,1431426
1.8735600920000013,806800
1.8745600920000012,937442
1.8755600920000013,559214
1.8765600920000012,1117368
1.8775600920000013,559214
1.8785600920000012,997408
1.8795600920000013,624590
1.8805600920000012,519692
1.8815600920000013,553654
1.8825600920000012,962002
1.8835600920000013,636872
1.8845600920000012,1412370
1.8855600920000013,518190
1.8865600920000012,1030652
1.8875600920000013,923994
1.8885600920000012,925834
1.8895600920000013,599232
1.8905600920000012,465268
1.8915600920000013,408808
1.8925600920000012,71604
1.8935600920000013,807706
1.8945600920000012,319592
1.8955600920000013,515186
1.8965600920000012,827062
1.8975600920000013,181674
1.8985600920000012,1021920
1.8995600920000013,1107080
1.9005600920000012,163388
1.9015600920000013,496552
1.9025600920000012,0
1.9035600920000013,54
1.9045600920000012,425746
1.9055600920000013,10838
1.9065600920000012,1244
1.9075600920000013,468380
1.9085600920000012,468380
1.9095600920000013,0
1.9105600920000012,510960
1.9115600920000013,638700
1.9125600920000012,27630
1.9135600920000013,452820
1.9145600920000012,12016
1.9155600920000013,10514
1.9165600920000012,8034
1.9175600920000013,527482
1.9185600920000012,50630
1.9195600920000013,443754
1.9205600920000012,0
1.9215600920000013,1272234
1.9225600920000012,1181268
1.9235600920000013,933710
1.9245600920000012,0
1.9255600920000013,649538
1.9265600920000012,0
1.9275600920000013,425800
1.9285600920000012,436584
1.9295600920000013,1078126
1.9305600920000012,923188
1.9315600920000013,578220
1.9325600920000012,486280
1.9335600920000013,436638
1.9345600920000012,468380
1.9355600920000013,0
1.9365600920000012,468434
1.9375600920000013,553486
1.9385600920000012,468380
1.9395600920000013,468380
1.9405600920000012,425800
1.9415600920000013,804914
1.9425600920000012,174426
1.9435600920000013,936760
1.9445600920000012,162
1.9455600920000014,638538
1.9465600920000012,468380
1.9475600920000014,0
1.9485600920000012,0
1.9495600920000014,347074
1.9505600920000012,515186
1.9515600920000014,1384864
1.9525600920000012,646870
1.9535600920000014,842816
1.9545600920000012,945492
1.9555600920000014,518190
1.9565600920000012,943990
1.9575600920000014,988072
1.9585600920000013,518190
1.9595600920000014,986570
1.9605600920000013,1190636
1.9615600920000014,1145886
1.9625600920000013,1071730
1.9635600920000014,518190
1.9645600920000013,1584192
1.9655600920000014,1710430
1.9665600920000013,1415800
1.9675600920000014,1037882
1.9685600920000013,1589920
1.9695600920000014,1306772
1.9705600920000013,879294
1.9715600920000014,518190
1.9725600920000013,519746
1.9735600920000014,986516
1.9745600920000013,518190
1.9755600920000014,1320328
1.9765600920000013,581236
1.9775600920000014,986570
1.9785600920000013,943628
1.9795600920000014,1073594
1.9805600920000013,518190
1.9815600920000014,1029150
1.9825600920000013,1032964
1.9835600920000014,1154578
1.9845600920000013,711510
1.9855600920000014,1346790
1.9865600920000013,1584192
1.9875600920000014,160112
1.9885600920000013,853048
1.9895600920000014,779666
1.9905600920000013,453706
1.9915600920000014,0
1.9925600920000013,553540
1.9935600920000014,0
1.9945600920000013,468380
1.9955600920000014,468380
1.9965600920000013,245340
1.9975600920000014,457180
1.9985600920000013,3058
1.9995600920000014,1061442
2.0005600920000015,468380
2.0015600920000014,468380
2.0025600920000013,553540
2.0035600920000016,553540
2.004560092000001,106400
2.0055600920000014,425800
2.0065600920000013,0
2.007560092000001,0
2.0085600920000015,0
2.0095600920000014,425854
2.0105600920000013,468326
2.0115600920000016,596120
2.012560092000001,553540
2.0135600920000014,0
2.0145600920000013,1244
2.015560092000001,326290
2.0165600920000015,503974
2.0175600920000014,149076
2.0185600920000013,42168
2.0195600920000016,64232
2.020560092000001,971268
2.0215600920000014,657610
2.0225600920000013,638700
2.023560092000001,0
2.0245600920000015,425800
2.0255600920000014,425800
2.0265600920000013,0
2.0275600920000016,596120
2.028560092000001,468380
2.0295600920000014,54
2.0305600920000013,468380
2.031560092000001,988406
2.0325600920000015,764198
2.0335600920000014,631822
2.0345600920000013,108
2.0355600920000017,468272
2.036560092000001,638700
2.0375600920000014,553540
2.0385600920000013,425800
2.039560092000001,0
2.0405600920000015,851600
2.0415600920000014,152350
2.0425600920000013,358610
2.0435600920000017,0
2.044560092000001,10838
2.0455600920000014,1064500
2.0465600920000013,510960
2.047560092000001,507486
2.0485600920000016,471854
2.0495600920000014,993566
2.0505600920000013,128080
2.0515600920000017,365180
2.052560092000001,306202
2.0535600920000014,123072
2.0545600920000013,9714
2.0555600920000012,1189182
2.0565600920000016,504304
2.0575600920000015,677794
2.0585600920000013,1513944
2.0595600920000017,705754
2.060560092000001,241854
2.0615600920000015,780066
2.0625600920000013,0
2.0635600920000012,468380
2.0645600920000016,0
2.0655600920000015,436584
2.0665600920000013,638754
2.0675600920000017,468380
2.068560092000001,468380
2.0695600920000015,638700
2.0705600920000014,553540
2.0715600920000012,0
2.0725600920000016,468380
2.0735600920000015,394404
2.0745600920000014,722254
2.0755600920000017,480640
2.076560092000001,725856
2.0775600920000015,507730
2.0785600920000014,920360
2.0795600920000012,0
2.0805600920000016,638700
2.0815600920000015,0
2.0825600920000014,468380
2.0835600920000017,11324
2.084560092000001,627376
2.0855600920000015,931152
2.0865600920000014,175928
2.0875600920000013,279420
2.0885600920000016,274120
2.0895600920000015,1287416
2.0905600920000014,564044
2.0915600920000017,989846
2.092560092000001,1063978
2.0935600920000015,1410706
2.0945600920000014,319512
2.0955600920000013,553540
2.0965600920000016,0
2.0975600920000015,425800
2.0985600920000014,505518
2.0995600920000017,790462
2.100560092000001,1093536
2.1015600920000015,957574
2.1025600920000014,1584246
2.1035600920000013,559214
2.1045600920000016,988072
2.1055600920000015,518190
2.1065600920000014,518190
2.1075600920000017,605846
2.108560092000001,857836
2.1095600920000015,518190
2.1105600920000014,1082568
2.1115600920000013,590398
2.1125600920000016,2093894
2.1135600920000015,1036380
2.1145600920000014,1103604
2.1155600920000017,518190
2.116560092000001,1093844
2.1175600920000015,540158
2.1185600920000014,1540110
2.1195600920000013,1024566
2.1205600920000016,510960
2.1215600920000015,463404
2.1225600920000014,579756
2.1235600920000017,541054
2.124560092000001,12486
2.1255600920000015,418490
2.1265600920000014,92470
2.1275600920000013,0
2.1285600920000016,608364
2.1295600920000015,392216
2.1305600920000014,0
2.1315600920000017,894180
2.132560092000001,897292
2.1335600920000015,891068
2.1345600920000014,564378
2.1355600920000013,930282
2.1365600920000016,152712
2.1375600920000015,747946
2.1385600920000014,0
2.1395600920000017,0
2.140560092000001,553540
2.1415600920000015,0
2.1425600920000014,1149660
2.1435600920000013,425800
2.1445600920000016,553540
2.1455600920000015,0
2.1465600920000014,0
2.1475600920000018,510960
2.148560092000001,0
2.1495600920000015,468380
2.1505600920000014,553540
2.1515600920000013,936760
2.1525600920000016,0
2.1535600920000015,425800
2.1545600920000014,0
2.1555600920000018,596120
2.156560092000001,468380
2.1575600920000015,0
2.1585600920000014,425800
2.1595600920000013,0
2.1605600920000017,0
2.1615600920000015,138940
2.1625600920000014,925560
2.1635600920000018,468380
2.164560092000001,0
2.1655600920000015,691740
2.1665600920000014,245020
2.1675600920000013,532200
2.1685600920000017,1192240
2.1695600920000015,0
2.1705600920000014,368378
2.1715600920000018,281160
2.172560092000001,10838
2.1735600920000016,468380
2.1745600920000014,468380
2.1755600920000013,553540
2.1765600920000017,0
2.1775600920000016,425800
2.1785600920000014,587674
2.179560092000002,29686
2.1805600920000012,468380
2.1815600920000016,0
2.1825600920000015,0
2.1835600920000013,39164
2.1845600920000017,620776
2.1855600920000016,675326
2.1865600920000015,857554
2.187560092000002,0
2.1885600920000012,468380
2.1895600920000016,0
2.1905600920000015,1787068
2.1915600920000013,1235788
2.1925600920000017,985398
2.1935600920000016,645856
2.1945600920000015,638700
2.195560092000002,553540
2.1965600920000012,425800
2.1975600920000016,1043282
2.1985600920000015,1264742
2.1995600920000014,908868
2.2005600920000017,539086
2.2015600920000016,723526
2.2025600920000015,731668
2.203560092000002,556892
2.2045600920000012,1006360
2.2055600920000016,0
2.2065600920000015,425800
2.2075600920000014,510960
2.2085600920000017,965406
2.2095600920000016,56514
2.2105600920000015,0
2.211560092000002,0
2.2125600920000013,223792
2.2135600920000016,577810
2.2145600920000015,271964
2.2155600920000014,411396
2.2165600920000017,429998
2.2175600920000016,753122
2.2185600920000015,14458
2.219560092000002,468380
2.2205600920000013,638700
2.2215600920000016,54
2.2225600920000015,510906
2.2235600920000014,0
2.2245600920000017,0
2.2255600920000016,425800
2.2265600920000015,469624
2.227560092000002,425800
2.2285600920000013,162328
2.2295600920000016,1323336
2.2305600920000015,837048
2.2315600920000014,638700
2.2325600920000017,10838
2.2335600920000016,425800
2.2345600920000015,596120
2.235560092000002,564108
2.2365600920000013,42850
2.2375600920000016,936760
2.2385600920000015,468380
2.2395600920000014,894180
2.2405600920000017,163588
2.2415600920000016,975042
2.2425600920000015,53510
2.243560092000002,0
2.2445600920000013,504540
2.2455600920000016,504672
2.2465600920000015,1535750
2.2475600920000014,75810
2.2485600920000017,510960
2.2495600920000016,579252
2.2505600920000015,996208
2.251560092000002,574780
2.2525600920000013,0
2.2535600920000016,425800
2.2545600920000015,553540
2.2555600920000014,0
2.2565600920000017,468380
2.2575600920000016,541070
2.2585600920000015,1098210
2.259560092000002,638700
2.2605600920000013,1021920
2.2615600920000016,269484
2.2625600920000015,369216
2.2635600920000014,0
2.2645600920000017,0
2.2655600920000016,0
2.2665600920000015,638700
2.267560092000002,301010
2.2685600920000013,252530
2.2695600920000016,501012
2.2705600920000015,471628
2.2715600920000014,1071730
2.2725600920000018,618982
2.2735600920000016,553540
2.2745600920000015,596120
2.275560092000002,0
2.2765600920000013,0
2.2775600920000016,0
2.2785600920000015,468380
2.2795600920000014,286248
2.2805600920000018,933838
2.2815600920000016,506452
2.2825600920000015,54
2.283560092000002,468380
2.2845600920000013,468380
2.2855600920000017,894180
2.2865600920000015,479218
2.2875600920000014,1105670
2.2885600920000018,1410
2.2895600920000017,0
2.2905600920000015,0
2.291560092000002,0
2.2925600920000013,468434
2.2935600920000017,42526
2.2945600920000015,0
2.2955600920000014,0
2.2965600920000018,41040
2.2975600920000017,959382
2.2985600920000016,21498
2.299560092000002,0
2.3005600920000013,193870
2.3015600920000017,986570
2.3025600920000016,897990
2.3035600920000014,1117730
2.304560092000002,519692
2.3055600920000017,1194028
2.3065600920000016,1055832
2.307560092000002,1030652
2.3085600920000013,943990
2.3095600920000017,518190
2.3105600920000016,1158392
2.3115600920000015,848516
2.312560092000002,1124624
2.3135600920000017,945022
2.3145600920000016,518660
2.315560092000002,518190
2.3165600920000013,1240386
2.3175600920000017,1743016
2.3185600920000016,738470
2.3195600920000015,928430
2.320560092000002,519692
2.3215600920000017,310312
2.3225600920000016,387522
2.323560092000002,91130
2.3245600920000014,709250
2.3255600920000017,512182
2.3265600920000016,1158392
2.3275600920000015,518190
2.328560092000002,1030760
2.3295600920000017,1923222
2.3305600920000016,1029150
2.331560092000002,518190
2.3325600920000014,519692
2.3335600920000017,1625270
2.3345600920000016,518190
2.3355600920000015,518190
2.336560092000002,945492
2.3375600920000017,986570
2.3385600920000016,1540110
2.339560092000002,988072
2.3405600920000014,1457592
2.3415600920000017,991708
2.3425600920000016,724812
2.3435600920000015,524360
2.344560092000002,1463384
2.3455600920000017,767486
2.3465600920000016,0
2.347560092000002,690870
2.3485600920000014,803790
2.3495600920000017,6478
2.3505600920000016,540
2.3515600920000015,785534
2.352560092000002,619066
2.3535600920000017,983954
2.3545600920000016,463766
2.355560092000002,553540
2.3565600920000014,468380
2.3575600920000017,65342
2.3585600920000016,530778
2.3595600920000015,894180
2.360560092000002,638700
2.3615600920000017,0
2.3625600920000016,468380
2.363560092000002,891106
2.3645600920000014,390346
2.3655600920000017,379168
2.3665600920000016,555096
2.3675600920000015,41024
2.368560092000002,425800
2.3695600920000017,0
2.3705600920000016,0
2.371560092000002,0
2.3725600920000014,0
2.3735600920000017,0
2.3745600920000016,1277400
2.3755600920000015,391000
2.376560092000002,205120
2.3775600920000017,468380
2.3785600920000016,425800
2.379560092000002,0
2.3805600920000014,938316
2.3815600920000017,41078
2.3825600920000016,922918
2.3835600920000015,567328
2.384560092000002,0
2.3855600920000017,937440
2.3865600920000016,986570
2.387560092000002,537280
2.3885600920000014,123812
2.3895600920000017,1273240
2.3905600920000016,220988
2.3915600920000015,638700
2.392560092000002,0
2.3935600920000017,1117918
2.3945600920000016,1491856
2.395560092000002,147424
2.3965600920000014,936760
2.3975600920000018,936760
2.3985600920000016,468380
2.3995600920000015,54
2.400560092000002,468326
2.4015600920000018,0
2.4025600920000016,527158
2.403560092000002,125546
2.4045600920000014,341768
2.4055600920000018,928154
2.4065600920000016,600708
2.4075600920000015,842538
2.408560092000002,1064500
2.4095600920000018,0
2.4105600920000017,430468
2.411560092000002,689006
2.4125600920000014,509404
2.4135600920000018,0
2.4145600920000017,399380
2.4155600920000015,537380
2.416560092000002,0
2.4175600920000018,488888
2.4185600920000017,680130
2.419560092000002,954196
2.4205600920000014,156918
2.4215600920000018,46674
2.4225600920000017,487082
2.4235600920000016,637144
2.424560092000002,427356
2.4255600920000018,41024
2.4265600920000017,0
2.427560092000002,975608
2.4285600920000014,578512
2.429560092000002,0
2.4305600920000017,425908
2.4315600920000016,979232
2.432560092000002,425800
2.433560092000002,425800
2.4345600920000017,1083228
2.435560092000002,398180
2.4365600920000015,328192
2.437560092000002,0
2.4385600920000017,425800
2.4395600920000016,425800
2.440560092000002,0
2.441560092000002,0
2.4425600920000017,553540
2.443560092000002,121532
2.4445600920000015,1515312
2.445560092000002,695150
2.4465600920000017,544158
2.4475600920000016,0
2.448560092000002,427356
2.449560092000002,51862
2.4505600920000017,15132
2.451560092000002,386014
2.4525600920000015,1068726
2.453560092000002,639940
2.4545600920000017,0
2.4555600920000016,0
2.456560092000002,557176
2.457560092000002,938786
2.4585600920000017,1527218
2.459560092000002,188722
2.4605600920000015,279658
2.461560092000002,0
2.4625600920000017,384776
2.4635600920000016,553540
2.464560092000002,1062944
2.465560092000002,596120
2.4665600920000017,1208200
2.467560092000002,1207270
2.4685600920000015,1070228
2.469560092000002,242154
2.4705600920000017,0
2.4715600920000016,510960
2.472560092000002,0
2.473560092000002,468380
2.4745600920000017,979340
2.475560092000002,0
2.4765600920000015,314328
2.477560092000002,154052
2.4785600920000017,0
2.4795600920000016,0
2.480560092000002,503088
2.481560092000002,561466
2.4825600920000017,425746
2.483560092000002,297066
2.4845600920000015,256474
2.485560092000002,510960
2.4865600920000017,5316
2.4875600920000016,1272084
2.488560092000002,0
2.489560092000002,0
2.4905600920000017,0
2.491560092000002,0
2.4925600920000015,0
2.493560092000002,10838
2.4945600920000017,255226
2.4955600920000016,170574
2.496560092000002,428912
2.497560092000002,82048
2.4985600920000017,469936
2.499560092000002,41024
2.5005600920000015,0
2.501560092000002,425800
2.5025600920000017,638700
2.5035600920000016,510960
2.504560092000002,1021920
2.505560092000002,0
2.5065600920000017,0
2.507560092000002,553540
2.5085600920000015,0
2.509560092000002,0
2.5105600920000017,251914
2.5115600920000016,770006
2.512560092000002,395344
2.513560092000002,81140
2.5145600920000017,1067234
2.515560092000002,0
2.5165600920000015,0
2.517560092000002,0
2.5185600920000017,98182
2.5195600920000016,541762
2.520560092000002,0
2.521560092000002,0
2.5225600920000018,425800
2.523560092000002,468380
2.5245600920000015,425800
2.525560092000002,0
2.5265600920000018,0
2.5275600920000016,596120
2.528560092000002,564378
2.529560092000002,510960
2.5305600920000018,116248
2.531560092000002,352132
2.5325600920000015,502996
2.533560092000002,391184
2.5345600920000018,0
2.5355600920000017,170428
2.536560092000002,384356
2.537560092000002,580050
2.5385600920000018,922946
2.539560092000002,943990
2.5405600920000015,610424
2.541560092000002,0
2.5425600920000018,0
2.5435600920000017,0
2.544560092000002,340332
2.545560092000002,128048
2.5465600920000018,1129876
2.547560092000002,759104
2.5485600920000016,979000
2.549560092000002,865754
2.5505600920000018,756334
2.5515600920000017,2026
2.552560092000002,425746
2.553560092000002,0
2.554560092000002,510960
2.555560092000002,468380
2.5565600920000016,633994
2.557560092000002,1345304
2.558560092000002,538368
2.5595600920000017,991128
2.560560092000002,171184
2.561560092000002,974132
2.562560092000002,468380
2.563560092000002,553540
2.5645600920000016,0
2.565560092000002,0
2.566560092000002,440604
2.5675600920000017,996542
2.568560092000002,1013044
2.569560092000002,607220
2.570560092000002,809420
2.571560092000002,595720
2.5725600920000016,0
2.573560092000002,0
2.574560092000002,851500
2.5755600920000017,638700
2.576560092000002,506470
2.577560092000002,387710
2.578560092000002,0
2.579560092000002,425800
2.5805600920000016,468380
2.581560092000002,553540
2.582560092000002,553540
2.5835600920000017,627154
2.584560092000002,309606
2.585560092000002,0
2.586560092000002,957426
2.587560092000002,575454
2.5885600920000016,450286
2.589560092000002,188414
2.590560092000002,201824
2.5915600920000017,322016
2.592560092000002,423758
2.593560092000002,427356
2.594560092000002,637144
2.595560092000002,10838
2.5965600920000016,15132
2.597560092000002,871240
2.598560092000002,1154356
2.5995600920000017,1285662
2.600560092000002,809826
2.601560092000002,866756
2.602560092000002,519746
2.603560092000002,1473082
2.6045600920000016,627744
2.605560092000002,518190
2.606560092000002,518190
2.6075600920000017,830200
2.608560092000002,846382
2.609560092000002,1114310
2.610560092000002,542762
2.611560092000002,920920
2.6125600920000016,986570
2.613560092000002,1030652
2.614560092000002,1555330
2.6155600920000017,1141670
2.616560092000002,1092970
2.617560092000002,558052
2.618560092000002,1209830
2.619560092000002,425800
2.6205600920000016,553540
2.621560092000002,0
2.622560092000002,0
2.6235600920000017,553540
2.624560092000002,1149660
2.625560092000002,1021920
2.626560092000002,296812
2.627560092000002,683772
2.6285600920000016,0
2.629560092000002,0
2.630560092000002,1081076
2.6315600920000017,388450
2.632560092000002,148514
2.633560092000002,471492
2.634560092000002,82048
2.635560092000002,512050
2.6365600920000016,62730
2.637560092000002,0
2.638560092000002,0
2.6395600920000017,0
2.640560092000002,74300
2.641560092000002,479240
2.642560092000002,54
2.643560092000002,1393496
2.6445600920000016,1156420
2.645560092000002,523220
2.646560092000002,1009100
2.6475600920000018,672404
2.648560092000002,913168
2.649560092000002,1018220
2.650560092000002,1397080
2.651560092000002,673652
2.6525600920000016,518190
2.653560092000002,865264
2.654560092000002,1037882
2.6555600920000018,1122228
2.656560092000002,647740
2.657560092000002,1711932
2.658560092000002,1540110
2.659560092000002,518190
2.6605600920000017,586698
2.661560092000002,1398782
2.662560092000002,518190
2.6635600920000018,1303540
2.664560092000002,413204
2.665560092000002,0
2.666560092000002,0
2.667560092000002,0
2.6685600920000017,425800
2.669560092000002,0
2.670560092000002,553540
2.6715600920000018,468380
2.672560092000002,510960
2.673560092000002,0
2.674560092000002,0
2.675560092000002,936760
2.6765600920000017,0
2.677560092000002,433904
2.678560092000002,460330
2.679560092000002,553486
2.680560092000002,497674
2.681560092000002,1382804
2.682560092000002,1490020
2.6835600920000022,272194
2.6845600920000017,106400
2.685560092000002,425800
2.686560092000002,0
2.687560092000002,417712
2.688560092000002,220988
2.689560092000002,425800
2.690560092000002,468380
2.6915600920000022,0
2.6925600920000017,429058
2.693560092000002,124482
2.694560092000002,0
2.695560092000002,439280
2.696560092000002,93356
2.697560092000002,565664
2.698560092000002,494114
2.6995600920000022,789780
2.7005600920000017,529908
2.701560092000002,941774
2.702560092000002,1149660
2.703560092000002,93664
2.704560092000002,1557490
2.705560092000002,392686
2.706560092000002,0
2.7075600920000022,0
2.7085600920000017,425800
2.709560092000002,510960
2.710560092000002,0
2.711560092000002,805092
2.712560092000002,846872
2.713560092000002,518190
2.714560092000002,663518
2.7155600920000023,544116
2.7165600920000017,541624
2.717560092000002,0
2.718560092000002,554784
2.719560092000002,468380
2.720560092000002,596282
2.721560092000002,1106918
2.722560092000002,0
2.7235600920000023,638700
2.7245600920000017,425962
2.725560092000002,425638
2.726560092000002,510960
2.727560092000002,0
2.728560092000002,477500
2.729560092000002,1097960
2.730560092000002,596120
2.7315600920000023,20228
2.7325600920000017,533312
2.733560092000002,0
2.734560092000002,510960
2.735560092000002,514072
2.736560092000002,550428
2.737560092000002,510960
2.738560092000002,0
2.7395600920000023,0
2.7405600920000017,0
2.741560092000002,793946
2.742560092000002,746590
2.743560092000002,34924
2.744560092000002,596120
2.745560092000002,0
2.746560092000002,0
2.7475600920000023,443246
2.7485600920000017,676206
2.749560092000002,518190
2.750560092000002,412306
2.751560092000002,283602
2.752560092000002,479218
2.753560092000002,522560
2.754560092000002,381518
2.7555600920000023,245582
2.7565600920000017,390692
2.757560092000002,88526
2.758560092000002,573930
2.759560092000002,422958
2.760560092000002,1193082
2.761560092000002,962538
2.762560092000002,926822
2.7635600920000023,993004
2.7645600920000017,28916
2.765560092000002,0
2.766560092000002,0
2.767560092000002,72208
2.768560092000002,587790
2.769560092000002,1066744
2.770560092000002,1036952
2.7715600920000023,708578
2.7725600920000018,0
2.773560092000002,425800
2.774560092000002,0
2.775560092000002,0
2.776560092000002,0
2.777560092000002,1021920
2.778560092000002,10838
2.7795600920000023,0
2.7805600920000018,0
2.781560092000002,1000514
2.782560092000002,532366
2.783560092000002,553540
2.784560092000002,579274
2.785560092000002,59426
2.786560092000002,225348
2.7875600920000023,328192
2.7885600920000018,433364
2.789560092000002,503396
2.790560092000002,1745780
2.791560092000002,0
2.792560092000002,518578
2.793560092000002,78786
2.794560092000002,522176
2.7955600920000023,542324
2.7965600920000018,436638
2.797560092000002,0
2.798560092000002,553540
2.799560092000002,425800
2.800560092000002,201862
2.801560092000002,734898
2.802560092000002,10838
2.8035600920000023,106400
2.804560092000002,0
2.805560092000002,0
2.806560092000002,596120
2.807560092000002,0
2.8085600920000022,535608
2.809560092000002,212338
2.810560092000002,1381054
2.8115600920000023,468380
2.812560092000002,21730
2.813560092000002,531810
2.814560092000002,980584
2.815560092000002,0
2.8165600920000022,510960
2.817560092000002,659886
2.818560092000002,433634
2.8195600920000023,519956
2.820560092000002,112208
2.821560092000002,0
2.822560092000002,0
2.823560092000002,696300
2.8245600920000022,283040
2.825560092000002,510960
2.826560092000002,0
2.8275600920000024,510960
2.828560092000002,58
2.829560092000002,10780
2.830560092000002,535662
2.831560092000002,329942
2.8325600920000022,369216
2.833560092000002,313950
2.834560092000002,154430
2.8355600920000024,0
2.836560092000002,12178
2.837560092000002,924582
2.838560092000002,425800
2.839560092000002,0
2.8405600920000023,468380
2.841560092000002,0
2.842560092000002,468380
2.8435600920000024,596120
2.844560092000002,0
2.845560092000002,851546
2.846560092000002,255534
2.847560092000002,553540
2.8485600920000023,33584
2.849560092000002,971884
2.850560092000002,442252
2.8515600920000024,501478
2.852560092000002,9482
2.853560092000002,0
2.854560092000002,0
2.855560092000002,468380
2.8565600920000023,519630
2.857560092000002,1199372
2.858560092000002,1545892
2.8595600920000024,1564020
2.860560092000002,1037882
2.861560092000002,1844324
2.862560092000002,2022950
2.863560092000002,1374420
2.8645600920000023,1037882
2.865560092000002,1634002
2.866560092000002,1036380
2.8675600920000024,1634002
2.868560092000002,1037882
2.869560092000002,1589920
2.870560092000002,1591422
2.871560092000002,1591422
2.8725600920000023,1462180
2.873560092000002,1548842
2.874560092000002,1143562
2.8755600920000024,1356500
2.876560092000002,1462488
2.877560092000002,1309284
2.878560092000002,1110602
2.879560092000002,1072562
2.8805600920000023,560246
2.881560092000002,518660
2.882560092000002,943990
2.8835600920000024,519692
2.884560092000002,986570
2.885560092000002,529028
2.886560092000002,1039576
2.887560092000002,1800168
2.8885600920000023,1582410
2.889560092000002,1676582
2.890560092000002,1878028
2.8915600920000024,1361454
2.892560092000002,1429628
2.893560092000002,1056376
2.894560092000002,1036380
2.895560092000002,1046040
2.8965600920000023,1516182
2.897560092000002,1060882
2.898560092000002,1504760
2.8995600920000024,1556460
2.900560092000002,1668964
2.901560092000002,1362670
2.902560092000002,1135890
2.903560092000002,1039384
2.9045600920000023,1340664
2.905560092000002,1201720
2.906560092000002,1039384
2.9075600920000024,1036380
2.908560092000002,1389098
2.909560092000002,986570
2.910560092000002,519746
2.911560092000002,1071676
2.9125600920000023,945234
2.913560092000002,988072
2.914560092000002,1373664
2.9155600920000024,684636
2.916560092000002,868982
2.917560092000002,1044640
2.918560092000002,579210
2.919560092000002,943520
2.9205600920000023,520162
2.921560092000002,518190
2.922560092000002,986570
2.9235600920000024,1188502
2.924560092000002,913880
2.925560092000002,986570
2.926560092000002,626092
2.927560092000002,518190
2.9285600920000023,852806
2.9295600920000022,959296
2.930560092000002,723310
2.9315600920000024,518190
2.932560092000002,636048
2.9335600920000022,955374
2.934560092000002,899492
2.935560092000002,562688
2.9365600920000023,973408
2.9375600920000022,1036380
2.938560092000002,1430666
2.9395600920000025,1091392
2.940560092000002,1302392
2.9415600920000022,519434
2.942560092000002,1681130
2.943560092000002,1321494
2.9445600920000023,1406308
2.9455600920000022,1664376
2.946560092000002,992790
2.9475600920000025,518190
2.948560092000002,1071730
2.9495600920000022,519692
2.950560092000002,1068364
2.951560092000002,606716
2.9525600920000024,929586
2.9535600920000022,576676
2.954560092000002,518190
2.9555600920000025,1006258
2.956560092000002,734144
2.9575600920000022,624590
2.958560092000002,529028
2.959560092000002,519692
2.9605600920000024,518190
2.9615600920000023,518190
2.962560092000002,519692
2.9635600920000025,518190
2.964560092000002,518190
2.9655600920000023,1276812
2.966560092000002,953310
2.967560092000002,518190
2.9685600920000024,518190
2.9695600920000023,1030652
2.970560092000002,943990
2.9715600920000025,986624
2.972560092000002,945438
2.9735600920000023,575378
2.974560092000002,668576
2.975560092000002,1270118
2.9765600920000024,1439918
2.9775600920000023,767362
2.978560092000002,986570
2.9795600920000025,1577714
2.980560092000002,524668
2.9815600920000023,943990
2.982560092000002,1158392
2.983560092000002,590880
2.9845600920000024,913880
2.9855600920000023,524846
2.986560092000002,1492376
2.9875600920000025,954828
2.988560092000002,624590
2.9895600920000023,1030652
2.990560092000002,935124
2.991560092000002,995436
2.9925600920000024,519692
2.9935600920000023,788798
2.994560092000002,886282
2.9955600920000025,1084286
2.996560092000002,1401478
2.9975600920000023,1672302
2.998560092000002,1457434
2.999560092000002,1532844
3.0005600920000024,1036380
3.0015600920000023,2020334
3.002560092000002,1119930
3.0035600920000025,1036380
3.004560092000002,1126612
3.0055600920000023,1902990
3.006560092000002,1723974
3.007560092000002,1036380
3.0085600920000024,1503378
3.0095600920000023,1115424
3.010560092000002,1473288
3.0115600920000025,1495154
3.012560092000002,1591476
3.0135600920000023,1925530
3.014560092000002,1343068
3.015560092000002,1537264
3.0165600920000024,1243634
3.0175600920000023,1301958
3.018560092000002,1055198
3.0195600920000025,1069524
3.020560092000002,1587018
3.0215600920000023,885288
3.022560092000002,1163692
3.023560092000002,656752
3.0245600920000024,518190
3.0255600920000023,945492
3.026560092000002,518190
3.0275600920000025,1071730
3.028560092000002,1165918
3.0295600920000023,1447424
3.030560092000002,529028
3.031560092000002,519692
3.0325600920000024,518190
3.0335600920000023,518190
3.034560092000002,1086862
3.0355600920000025,1475298
3.036560092000002,1054874
3.0375600920000023,652200
3.038560092000002,945492
3.039560092000002,943990
3.0405600920000024,518190
3.0415600920000023,519746
3.042560092000002,1795536
3.0435600920000025,532410
3.044560092000002,1057510
3.0455600920000023,923524
3.046560092000002,884472
3.047560092000002,599676
3.0485600920000024,519692
3.0495600920000023,943990
3.050560092000002,518190
3.0515600920000026,945492
3.052560092000002,1412370
3.0535600920000023,1625270
3.0545600920000022,945492
3.055560092000002,518190
3.0565600920000024,1178130
3.0575600920000023,518190
3.0585600920000022,945492
3.0595600920000026,1711674
3.060560092000002,690644
3.0615600920000023,914350
3.0625600920000022,547198
3.063560092000002,1012920
3.0645600920000025,621082
3.0655600920000023,699148
3.0665600920000022,825558
3.0675600920000026,895682
3.068560092000002,408738
3.0695600920000023,251428
3.0705600920000022,216952
3.071560092000002,975758
3.0725600920000025,217726
3.0735600920000024,483566
3.0745600920000022,644754
3.0755600920000026,0
3.076560092000002,1021920
3.0775600920000024,553540
3.0785600920000022,425800
3.079560092000002,641292
3.0805600920000025,1125728
3.0815600920000024,102946
3.0825600920000022,535754
3.0835600920000026,1161746
3.084560092000002,418382
3.0855600920000024,506292
3.0865600920000023,0
3.087560092000002,425800
3.0885600920000025,1272400
3.0895600920000024,1245568
3.0905600920000023,1201978
3.0915600920000026,613148
3.092560092000002,1042830
3.0935600920000024,633752
3.0945600920000023,1156890
3.095560092000002,518190
3.0965600920000025,519692
3.0975600920000024,1029150
3.0985600920000023,986570
3.0995600920000026,945492
3.100560092000002,1156890
3.1015600920000024,943990
3.1025600920000023,1371292
3.103560092000002,1625270
3.1045600920000025,840606
3.1055600920000024,749372
3.1065600920000023,943310
3.1075600920000026,1503258
3.108560092000002,1219258
3.1095600920000024,645992
3.1105600920000023,553540
3.111560092000002,468380
3.1125600920000025,425800
3.1135600920000024,0
3.1145600920000023,979340
3.1155600920000026,474874
3.116560092000002,529064
3.1175600920000024,1613794
3.1185600920000023,1748766
3.119560092000002,947652
3.1205600920000025,0
3.1215600920000024,585676
3.1225600920000023,436244
3.1235600920000026,376476
3.124560092000002,50568
3.1255600920000024,0
3.1265600920000023,0
3.127560092000002,596120
3.1285600920000025,0
3.1295600920000024,639944
3.1305600920000023,336912
3.1315600920000026,174048
3.132560092000002,386332
3.1335600920000024,82048
3.1345600920000023,0
3.135560092000002,0
3.1365600920000025,0
3.1375600920000024,597676
3.1385600920000023,320428
3.1395600920000026,295376
3.140560092000002,638700
3.1415600920000024,512204
3.1425600920000023,0
3.143560092000002,560088
3.1445600920000025,1057952
3.1455600920000024,553540
3.1465600920000023,0
3.1475600920000026,587150
3.148560092000002,915452
3.1495600920000024,489076
3.1505600920000023,969734
3.151560092000002,0
3.1525600920000025,0
3.1535600920000024,441690
3.1545600920000023,260830
3.1555600920000026,0
3.156560092000002,261704
3.1575600920000024,318114
3.1585600920000023,929840
3.159560092000002,1261688
3.1605600920000025,1393176
3.1615600920000024,906702
3.1625600920000023,0
3.1635600920000027,0
3.164560092000002,468380
3.1655600920000024,106400
3.1665600920000023,0
3.167560092000002,969950
3.1685600920000025,115790
3.1695600920000024,0
3.1705600920000023,0
3.1715600920000027,553540
3.172560092000002,1021920
3.1735600920000024,555004
3.1745600920000023,339234
3.175560092000002,425120
3.1765600920000026,518190
3.1775600920000024,144524
3.1785600920000023,553540
3.1795600920000027,0
3.180560092000002,106400
3.1815600920000024,0
3.1825600920000023,0
3.1835600920000022,468380
3.1845600920000026,464160
3.1855600920000025,600340
3.1865600920000023,0
3.1875600920000027,638700
3.188560092000002,0
3.1895600920000025,596178
3.1905600920000023,106342
3.1915600920000022,623334
3.1925600920000026,483746
3.1935600920000025,1364488
3.1945600920000023,639884
3.1955600920000027,1170560
3.196560092000002,975586
3.1975600920000025,534150
3.1985600920000024,3336
3.1995600920000022,425962
3.2005600920000026,638538
3.2015600920000025,0
3.2025600920000024,0
3.2035600920000027,0
3.204560092000002,468380
3.2055600920000025,596120
3.2065600920000024,0
3.2075600920000022,0
3.2085600920000026,0
3.2095600920000025,639890
3.2105600920000024,54
3.2115600920000027,1021920
3.212560092000002,553540
3.2135600920000025,0
3.2145600920000024,596120
3.2155600920000023,0
3.2165600920000026,0
3.2175600920000025,114962
3.2185600920000024,949538
3.2195600920000027,0
3.220560092000002,515196
3.2215600920000025,84522
3.2225600920000024,1042408
3.2235600920000023,18494
3.2245600920000026,766770
3.2255600920000025,539596
3.2265600920000024,909900
3.2275600920000027,936706
3.228560092000002,1244
3.2295600920000025,553540
3.2305600920000024,936760
3.2315600920000023,0
3.2325600920000026,894180
3.2335600920000025,0
3.2345600920000024,510020
3.2355600920000027,613166
3.236560092000002,828934
3.2375600920000025,512182
3.2385600920000024,284210
3.2395600920000023,468380
3.2405600920000026,979340
3.2415600920000025,42650
3.2425600920000024,928386
3.2435600920000027,367292
3.244560092000002,237132
3.2455600920000025,510960
3.2465600920000024,425800
3.2475600920000023,644924
3.2485600920000026,1058276
3.2495600920000025,0
3.2505600920000024,425800
3.2515600920000027,1032834
3.252560092000002,337144
3.2535600920000025,290642
3.2545600920000024,494454
3.2555600920000023,1506806
3.2565600920000026,553540
3.2575600920000025,108
3.2585600920000024,468272
3.2595600920000027,553540
3.260560092000002,553540
3.2615600920000025,979340
3.2625600920000024,425800
3.2635600920000023,436638
3.2645600920000026,0
3.2655600920000025,0
3.2665600920000024,0
3.2675600920000027,1064500
3.268560092000002,10838
3.2695600920000025,0
3.2705600920000024,0
3.2715600920000023,468380
3.2725600920000026,58
3.2735600920000025,476188
3.2745600920000024,569370
3.2755600920000028,574912
3.276560092000002,519434
3.2775600920000025,519692
3.2785600920000024,518190
3.2795600920000023,1235480
3.2805600920000026,824322
3.2815600920000025,834274
3.2825600920000024,798226
3.2835600920000028,1073286
3.284560092000002,560716
3.2855600920000025,1029150
3.2865600920000024,1156890
3.2875600920000023,988072
3.2885600920000027,556334
3.2895600920000025,1459386
3.2905600920000024,1169230
3.2915600920000028,518190
3.292560092000002,518190
3.2935600920000025,991184
3.2945600920000024,214828
3.2955600920000023,1108378
3.2965600920000027,0
3.2975600920000026,0
3.2985600920000024,425800
3.2995600920000028,468380
3.300560092000002,0
3.3015600920000026,532200
3.3025600920000024,510960
3.3035600920000023,510960
3.3045600920000027,10838
3.3055600920000026,0
3.3065600920000024,1107080
3.307560092000003,0
3.3085600920000022,468380
3.3095600920000026,425800
3.3105600920000025,137384
3.3115600920000023,762588
3.3125600920000027,121948
3.3135600920000026,894180
3.3145600920000025,950008
3.315560092000003,625452
3.3165600920000022,221804
3.3175600920000026,672376
3.3185600920000025,512204
3.3195600920000023,107236
3.3205600920000027,914684
3.3215600920000026,246588
3.3225600920000025,339030
3.323560092000003,0
3.3245600920000022,384776
3.3255600920000026,638700
3.3265600920000025,50846
3.3275600920000024,628878
3.3285600920000027,638700
3.3295600920000026,0
3.3305600920000025,0
3.331560092000003,0
3.3325600920000022,0
3.3335600920000026,58
3.3345600920000025,1186
3.3355600920000024,0
3.3365600920000027,706706
3.3375600920000026,187474
3.3385600920000025,553540
3.339560092000003,468380
3.3405600920000023,425800
3.3415600920000026,0
3.3425600920000025,0
3.3435600920000024,425800
3.3445600920000027,153798
3.3455600920000026,782962
3.3465600920000025,979340
3.347560092000003,369524
3.3485600920000023,696532
3.3495600920000026,509404
3.3505600920000025,0
3.3515600920000024,468380
3.3525600920000027,0
3.3535600920000026,0
3.3545600920000025,0
3.355560092000003,1044034
3.3565600920000023,20466
3.3575600920000026,659316
3.3585600920000025,1014654
3.3595600920000024,518190
3.3605600920000027,556352
3.3615600920000026,425800
3.3625600920000025,425800
3.363560092000003,0
3.3645600920000023,66200
3.3655600920000026,888416
3.3665600920000025,518190
3.3675600920000024,637006
3.3685600920000027,867598
3.3695600920000026,239482
3.3705600920000025,343752
3.371560092000003,82048
3.3725600920000023,425800
3.3735600920000026,555096
3.3745600920000025,41024
3.3755600920000024,0
3.3765600920000027,1064500
3.3775600920000026,707310
3.3785600920000025,519692
3.379560092000003,1071730
3.3805600920000023,991616
3.3815600920000026,1493986
3.3825600920000025,608422
3.3835600920000024,1000332
3.3845600920000027,1502034
3.3855600920000026,519746
3.3865600920000025,1795590
3.387560092000003,518190
3.3885600920000023,626092
3.3895600920000026,1118400
3.3905600920000025,561888
3.3915600920000024,1000526
3.3925600920000027,585688
3.3935600920000026,518190
3.3945600920000025,943990
3.395560092000003,590880
3.3965600920000023,915382
3.3975600920000026,518190
3.3985600920000025,265252
3.3995600920000024,10838
3.4005600920000028,638700
3.4015600920000026,468380
3.4025600920000025,0
3.403560092000003,511014
3.4045600920000023,553486
3.4055600920000026,425800
3.4065600920000025,1149660
3.4075600920000024,0
3.4085600920000028,54
3.4095600920000027,553486
3.4105600920000025,804244
3.411560092000003,89936
3.4125600920000023,341160
3.4135600920000027,191040
3.4145600920000025,596120
3.4155600920000024,468380
3.4165600920000028,553540
3.4175600920000027,936290
3.4185600920000025,406122
3.419560092000003,1068726
3.4205600920000023,167054
3.4215600920000027,0
3.4225600920000026,0
3.4235600920000024,0
3.4245600920000028,468380
3.4255600920000027,936760
3.4265600920000026,239828
3.427560092000003,824672
3.4285600920000023,479002
3.4295600920000027,542918
3.4305600920000026,422326
3.4315600920000024,557014
3.432560092000003,639944
3.4335600920000027,425800
3.4345600920000026,0
3.435560092000003,211894
3.4365600920000023,906170
3.4375600920000027,1374968
3.4385600920000026,553540
3.4395600920000025,1244
3.440560092000003,0
3.4415600920000027,0
3.4425600920000026,387364
3.443560092000003,507750
3.4445600920000023,1026146
3.4455600920000027,188552
3.4465600920000026,0
3.4475600920000025,427356
3.448560092000003,594564
3.4495600920000027,0
3.4505600920000026,638700
3.451560092000003,468380
3.4525600920000024,0
3.4535600920000027,425800
3.4545600920000026,468380
3.4555600920000025,574838
3.456560092000003,436580
3.4575600920000027,468380
3.4585600920000026,638700
3.459560092000003,0
3.4605600920000024,0
3.4615600920000027,638700
3.4625600920000026,0
3.4635600920000025,223376
3.464560092000003,330164
3.4655600920000027,440874
3.4665600920000026,730026
3.467560092000003,468380
3.4685600920000024,511014
3.4695600920000027,1170846
3.4705600920000026,1075338
3.4715600920000025,649538
3.472560092000003,250366
3.4735600920000027,1471500
3.4745600920000026,1462180
3.475560092000003,442570
3.4765600920000024,82048
3.4775600920000027,0
3.4785600920000026,0
3.4795600920000025,0
3.480560092000003,564378
3.4815600920000027,0
3.4825600920000026,553540
3.483560092000003,638700
3.4845600920000024,0
3.4855600920000027,0
3.4865600920000026,0
3.4875600920000025,596120
3.488560092000003,220826
3.4895600920000027,247554
3.4905600920000026,8050
3.491560092000003,462010
3.4925600920000024,509280
3.4935600920000027,0
3.4945600920000026,0
3.4955600920000025,0
3.496560092000003,468380
3.4975600920000027,553540
3.4985600920000026,0
3.499560092000003,0
3.5005600920000024,0
3.5015600920000027,0
3.5025600920000026,225240
3.5035600920000025,243140
3.504560092000003,0
3.5055600920000027,512516
3.5065600920000026,594564
3.507560092000003,0
3.5085600920000024,553540
3.5095600920000027,0
3.5105600920000026,0
3.5115600920000025,442938
3.512560092000003,25442
3.5135600920000027,0
3.5145600920000026,425800
3.515560092000003,596120
3.5165600920000024,0
3.5175600920000027,0
3.5185600920000026,425800
3.5195600920000025,110348
3.520560092000003,1465112
3.5215600920000028,468380
3.5225600920000026,884092
3.523560092000003,512182
3.5245600920000024,781450
3.5255600920000028,723310
3.5265600920000026,971080
3.5275600920000025,1003562
3.528560092000003,518190
3.5295600920000028,518190
3.5305600920000026,1456452
3.531560092000003,518190
3.5325600920000024,1051946
3.5335600920000028,1029096
3.5345600920000027,986570
3.5355600920000025,943990
3.536560092000003,1217618
3.5375600920000028,1395724
3.5385600920000027,519434
3.539560092000003,518190
3.5405600920000024,1081986
3.5415600920000028,1298510
3.5425600920000027,816120
3.5435600920000025,1235722
3.544560092000003,52478
3.5455600920000028,0
3.5465600920000027,0
3.547560092000003,553540
3.5485600920000024,425800
3.5495600920000028,0
3.5505600920000027,365098
3.5515600920000026,983566
3.552560092000003,846308
3.553560092000003,468380
3.5545600920000027,0
3.555560092000003,553540
3.5565600920000024,226892
3.557560092000003,674176
3.5585600920000027,516688
3.5595600920000026,649476
3.560560092000003,597364
3.561560092000003,425962
3.5625600920000027,579478
3.563560092000003,1125348
3.5645600920000025,489930
3.565560092000003,469678
3.5665600920000027,510960
3.5675600920000026,0
3.568560092000003,468380
3.569560092000003,0
3.5705600920000027,0
3.571560092000003,747064
3.5725600920000025,381256
3.573560092000003,468380
3.5745600920000027,226780
3.5755600920000026,646988
3.576560092000003,488792
3.577560092000003,0
3.5785600920000027,553540
3.579560092000003,80200
3.5805600920000025,856560
3.581560092000003,553540
3.5825600920000027,378386
3.5835600920000026,495648
3.584560092000003,106550
3.585560092000003,0
3.5865600920000027,0
3.587560092000003,0
3.5885600920000025,320752
3.589560092000003,105210
3.5905600920000027,638538
3.5915600920000026,0
3.592560092000003,0
3.593560092000003,0
3.5945600920000027,85176
3.595560092000003,1084808
3.5965600920000025,1055014
3.597560092000003,510960
3.5985600920000027,0
3.5995600920000026,979340
3.600560092000003,596120
3.601560092000003,174988
3.6025600920000027,421132
3.603560092000003,425800
3.6045600920000025,501624
3.605560092000003,785808
3.6065600920000027,1014130
3.6075600920000026,1426290
3.608560092000003,1244
3.609560092000003,549596
3.6105600920000027,472324
3.611560092000003,0
3.6125600920000025,425800
3.613560092000003,0
3.6145600920000027,329856
3.6155600920000026,564324
3.616560092000003,937106
3.617560092000003,127394
3.6185600920000027,348982
3.619560092000003,204558
3.6205600920000025,468380
3.621560092000003,597676
3.6225600920000027,41024
3.6235600920000026,510960
3.624560092000003,0
3.625560092000003,0
3.6265600920000027,638700
3.627560092000003,1244
3.6285600920000025,425800
3.629560092000003,0
3.6305600920000027,722966
3.6315600920000026,1068678
3.632560092000003,1929552
3.633560092000003,1030652
3.6345600920000027,943990
3.635560092000003,1404228
3.6365600920000025,1584418
3.637560092000003,1780598
3.6385600920000027,1756730
3.6395600920000026,725028
3.640560092000003,781234
3.641560092000003,1544670
3.6425600920000027,1152330
3.643560092000003,1137996
3.6445600920000025,964386
3.645560092000003,1000628
3.6465600920000028,1357234
3.6475600920000026,986570
3.648560092000003,1540110
3.649560092000003,518190
3.6505600920000028,1626772
3.651560092000003,518190
3.6525600920000025,987398
3.653560092000003,894478
3.6545600920000028,674776
3.6555600920000026,1114310
3.656560092000003,957724
3.657560092000003,1275580
3.6585600920000028,1451768
3.659560092000003,519692
3.6605600920000025,1029150
3.661560092000003,1412370
3.6625600920000028,986570
3.6635600920000027,1441432
3.664560092000003,950440
3.665560092000003,1391046
3.6665600920000028,785878
3.667560092000003,518190
3.6685600920000025,1114310
3.669560092000003,648426
3.6705600920000028,827326
3.6715600920000027,1012424
3.672560092000003,598736
3.673560092000003,838056
3.6745600920000028,698716
3.675560092000003,1026612
3.6765600920000026,713790
3.677560092000003,851494
3.678560092000003,887406
3.6795600920000027,1030652
3.680560092000003,518190
3.681560092000003,777922
3.682560092000003,655250
3.683560092000003,979168
3.6845600920000026,641262
3.685560092000003,986570
3.686560092000003,519692
3.6875600920000027,1410236
3.688560092000003,797318
3.689560092000003,881398
3.690560092000003,518190
3.691560092000003,917682
3.6925600920000026,1091392
3.693560092000003,1594950
3.694560092000003,1077404
3.6955600920000027,1493992
3.696560092000003,1220472
3.697560092000003,1547340
3.698560092000003,1036380
3.699560092000003,1678084
3.7005600920000026,1589920
3.701560092000003,1152740
3.702560092000003,2283298
3.7035600920000027,2205178
3.704560092000003,1767670
3.705560092000003,1914694
3.706560092000003,1729650
3.707560092000003,1901380
3.7085600920000026,1677642
3.709560092000003,1557574
3.710560092000003,2068588
3.7115600920000027,1595594
3.712560092000003,1555416
3.713560092000003,1676636
3.714560092000003,1036380
3.715560092000003,1739108
3.7165600920000026,1337236
3.717560092000003,1036380
3.718560092000003,1512324
3.7195600920000027,1313196
3.720560092000003,1649346
3.721560092000003,2229702
3.722560092000003,980204
3.723560092000003,1589854
3.7245600920000026,1864866
3.725560092000003,613572
3.726560092000003,518190
3.7275600920000027,518190
3.728560092000003,932806
3.729560092000003,743776
3.730560092000003,1114310
3.731560092000003,986570
3.7325600920000026,1030652
3.733560092000003,529028
3.734560092000003,943990
3.7355600920000027,1073232
3.736560092000003,1156890
3.737560092000003,518248
3.738560092000003,1179574
3.739560092000003,518190
3.7405600920000026,941294
3.741560092000003,954466
3.742560092000003,724342
3.7435600920000027,880436
3.744560092000003,582214
3.745560092000003,863444
3.746560092000003,600238
3.747560092000003,518190
3.7485600920000026,1073232
3.749560092000003,1625270
3.750560092000003,1540218
3.7515600920000027,1384604
3.752560092000003,1455702
3.753560092000003,1647190
3.754560092000003,1581708
3.755560092000003,1039384
3.7565600920000026,1431572
3.757560092000003,2211806
3.758560092000003,2211556
3.7595600920000027,1533820
3.760560092000003,1036434
3.761560092000003,1037882
3.762560092000003,1506262
3.763560092000003,1483728
3.7645600920000026,2001792
3.765560092000003,1778184
3.766560092000003,1332114
3.7675600920000027,1274922
3.768560092000003,1626962
3.769560092000003,2002364
3.770560092000003,1484240
3.771560092000003,1974480
3.7725600920000026,627234
3.773560092000003,518190
3.774560092000003,1071730
3.7755600920000028,957762
3.776560092000003,1059460
3.777560092000003,690482
3.778560092000003,1369320
3.779560092000003,529460
3.7805600920000026,1103040
3.781560092000003,989628
3.782560092000003,1623714
3.7835600920000028,986570
3.784560092000003,988072
3.785560092000003,1071730
3.786560092000003,1114310
3.787560092000003,1032262
3.7885600920000027,1027540
3.789560092000003,1097318
3.790560092000003,1088722
3.7915600920000028,988072
3.792560092000003,986570
3.793560092000003,1437282
3.794560092000003,1617896
3.795560092000003,1015328
3.7965600920000027,1290476
3.797560092000003,810242
3.798560092000003,1030652
3.7995600920000028,518190
3.800560092000003,651446
3.801560092000003,1461774
3.802560092000003,1413614
3.8035600920000032,943990
3.8045600920000027,519692
3.805560092000003,518190
3.806560092000003,1412370
3.807560092000003,937360
3.808560092000003,1589920
3.809560092000003,670224
3.810560092000003,986570
3.8115600920000032,530962
3.8125600920000027,1103040
3.813560092000003,840174
3.814560092000003,1368608
3.815560092000003,960366
3.816560092000003,1804592
3.817560092000003,1747030
3.818560092000003,1078470
3.8195600920000032,518190
3.8205600920000027,1115554
3.821560092000003,945492
3.822560092000003,1261052
3.823560092000003,754668
3.824560092000003,519746
3.825560092000003,1369790
3.826560092000003,1625216
3.8275600920000032,1359892
3.8285600920000027,583008
3.829560092000003,518190
3.830560092000003,519434
3.831560092000003,1073232
3.832560092000003,987164
3.833560092000003,1171898
3.834560092000003,2211336
3.8355600920000033,1126408
3.8365600920000027,963320
3.837560092000003,1264722
3.838560092000003,635162
3.839560092000003,518190
3.840560092000003,361268
3.841560092000003,934788
3.842560092000003,1972
3.8435600920000033,0
3.8445600920000027,1044088
3.845560092000003,62992
3.846560092000003,909254
3.847560092000003,27506
3.848560092000003,425800
3.849560092000003,596120
3.850560092000003,574876
3.8515600920000033,1525090
3.8525600920000027,793974
3.853560092000003,791290
3.854560092000003,929456
3.855560092000003,1030004
3.856560092000003,943990
3.857560092000003,888708
3.858560092000003,965974
3.8595600920000033,723310
3.8605600920000027,881144
3.861560092000003,625118
3.862560092000003,1030706
3.863560092000003,1197914
3.864560092000003,518190
3.865560092000003,988072
3.866560092000003,1071730
3.8675600920000033,943990
3.8685600920000027,988072
3.869560092000003,584818
3.870560092000003,1038670
3.871560092000003,721022
3.872560092000003,425800
3.873560092000003,659994
3.874560092000003,553486
3.8755600920000033,512150
3.8765600920000027,54
3.877560092000003,638700
3.878560092000003,425800
3.879560092000003,425800
3.880560092000003,873968
3.881560092000003,147952
3.882560092000003,15132
3.8835600920000033,875726
3.8845600920000027,537154
3.885560092000003,683044
3.886560092000003,425800
3.887560092000003,510960
3.888560092000003,0
3.889560092000003,0
3.890560092000003,0
3.8915600920000033,106400
3.8925600920000027,0
3.893560092000003,1149660
3.894560092000003,425800
3.895560092000003,1298
3.896560092000003,1406518
3.897560092000003,468196
3.898560092000003,169072
3.8995600920000033,346756
3.9005600920000028,195400
3.901560092000003,1029830
3.902560092000003,56638
3.903560092000003,344984
3.904560092000003,81070
3.905560092000003,0
3.906560092000003,409636
3.9075600920000033,275862
3.9085600920000028,422726
3.909560092000003,0
3.910560092000003,425800
3.911560092000003,109370
3.912560092000003,1040290
3.913560092000003,45600
3.914560092000003,380200
3.9155600920000033,0
3.9165600920000028,619174
3.917560092000003,956286
3.918560092000003,266372
3.919560092000003,287168
3.920560092000003,0
3.921560092000003,0
3.922560092000003,555096
3.9235600920000033,466824
3.9245600920000028,596120
3.925560092000003,468380
3.926560092000003,0
3.927560092000003,1006630
3.9285600920000032,100450
3.929560092000003,82118
3.930560092000003,343682
3.9315600920000033,386332
3.932560092000003,82048
3.933560092000003,0
3.934560092000003,479218
3.935560092000003,468380
3.9365600920000032,425800
3.937560092000003,705312
3.938560092000003,284866
3.9395600920000033,0
3.940560092000003,936760
3.941560092000003,0
3.942560092000003,0
3.943560092000003,468380
3.9445600920000032,0
3.945560092000003,979340
3.946560092000003,0
3.9475600920000034,0
3.948560092000003,553540
3.949560092000003,979340
3.950560092000003,295926
3.951560092000003,172454
3.9525600920000032,337420
3.953560092000003,1100408
3.954560092000003,541422
3.9555600920000034,685346
3.956560092000003,468380
3.957560092000003,0
3.958560092000003,0
3.959560092000003,0
3.9605600920000033,553594
3.961560092000003,927224
3.962560092000003,9482
3.9635600920000034,938004
3.964560092000003,596120
3.965560092000003,468380
3.966560092000003,510960
3.967560092000003,1027874
3.9685600920000033,558424
3.969560092000003,239412
3.970560092000003,228968
3.9715600920000034,1586374
3.972560092000003,217546
3.973560092000003,371280
3.974560092000003,510452
3.975560092000003,507848
3.9765600920000033,0
3.977560092000003,10838
3.978560092000003,553540
3.9795600920000034,0
3.980560092000003,425800
3.981560092000003,0
3.982560092000003,0
3.983560092000003,638700
3.9845600920000033,0
3.985560092000003,0
3.986560092000003,1149660
3.9875600920000034,663272
3.988560092000003,401228
3.989560092000003,0
3.990560092000003,979340
3.991560092000003,902116
3.9925600920000033,798734
3.993560092000003,494122
3.994560092000003,390784
3.9955600920000034,35016
3.996560092000003,612462
3.997560092000003,1535896
3.998560092000003,1240066
3.9995600920000034,553068
4.000560092000003,405872
4.001560092000004,553540
4.002560092000003,425858
4.003560092000003,623978
4.004560092000003,835888
4.005560092000003,1227690
4.006560092000003,1832980
4.007560092000003,1036380
4.008560092000003,1381634
4.009560092000003,1119930
4.010560092000003,1548896
4.011560092000003,1078906
4.012560092000003,1504760
4.013560092000003,1037882
4.0145600920000035,1462180
4.015560092000003,2155800
4.016560092000003,1039492
4.017560092000004,1503150
4.018560092000003,1863262
4.019560092000003,1335142
4.020560092000003,1423150
4.021560092000003,1061352
4.022560092000003,1507818
4.023560092000003,1058910
4.024560092000003,1054874
4.025560092000003,1037882
4.026560092000003,531376
4.027560092000003,1114364
4.028560092000003,519692
4.029560092000003,518190
4.0305600920000035,986570
4.031560092000003,519692
4.032560092000003,518190
4.033560092000004,518190
4.034560092000003,519692
4.035560092000003,1029150
4.036560092000003,529244
4.037560092000003,932936
4.038560092000003,519692
4.039560092000003,1114310
4.040560092000003,518190
4.041560092000003,519692
4.042560092000003,518190
4.043560092000003,1501404
4.044560092000003,1019068
4.045560092000003,1200026
4.0465600920000036,1036380
4.047560092000003,1095046
4.048560092000003,988072
4.049560092000004,986570
4.050560092000003,943990
4.051560092000003,988130
4.052560092000003,791852
4.053560092000003,723688
4.054560092000003,1073232
4.055560092000003,1330414
4.056560092000003,1238846
4.057560092000003,1156890
4.058560092000003,744138
4.0595600920000035,1443404
4.060560092000003,1192056
4.061560092000003,1248876
4.062560092000004,1268776
4.063560092000003,947048
4.064560092000003,559214
4.065560092000004,1795590
4.066560092000003,716566
4.0675600920000035,1451720
4.068560092000003,1634002
4.069560092000003,1077404
4.070560092000003,1088042
4.071560092000003,1466940
4.072560092000003,1036380
4.073560092000003,2524708
4.074560092000003,1424430
4.0755600920000035,1243002
4.076560092000003,1347088
4.077560092000003,1201978
4.078560092000004,1550398
4.079560092000003,1046894
4.080560092000003,1577850
4.081560092000004,1303206
4.082560092000003,1675496
4.0835600920000035,1197942
4.084560092000003,1317610
4.085560092000003,1612460
4.086560092000003,1898376
4.087560092000003,1480278
4.088560092000003,1592978
4.089560092000003,1077404
4.090560092000003,1506262
4.0915600920000035,1504760
4.092560092000003,1037882
4.093560092000003,1381472
4.094560092000004,1767496
4.095560092000003,1155416
4.096560092000003,1463736
4.097560092000004,1078906
4.098560092000003,1037882
4.0995600920000035,1655840
4.100560092000003,1653242
4.101560092000003,1581432
4.102560092000003,2025710
4.103560092000003,2015720
4.104560092000003,1037882
4.105560092000003,1037882
4.106560092000003,665540
4.1075600920000035,1482278
4.108560092000003,784268
4.109560092000003,1036592
4.110560092000004,1517046
4.111560092000003,1339950
4.112560092000003,2533910
4.113560092000004,1957424
4.114560092000003,1743854
4.1155600920000035,1903440
4.116560092000003,2038078
4.117560092000003,1629108
4.118560092000003,1980370
4.119560092000003,1557574
4.120560092000003,2010846
4.121560092000003,2861288
4.122560092000003,2290366
4.1235600920000035,1672166
4.124560092000003,1893238
4.125560092000003,1808910
4.126560092000004,1837140
4.127560092000003,2045534
4.128560092000003,2088530
4.129560092000004,1427308
4.130560092000003,1344484
4.1315600920000035,1428720
4.132560092000003,1063170
4.133560092000003,678720
4.134560092000003,518190
4.135560092000003,531820
4.136560092000003,1887284
4.137560092000003,1485088
4.138560092000003,780340
4.1395600920000035,794028
4.140560092000003,1180614
4.141560092000003,919488
4.142560092000004,542692
4.143560092000003,988072
4.144560092000003,518190
4.145560092000004,518190
4.146560092000003,988072
4.1475600920000035,1116568
4.148560092000003,1133890
4.149560092000003,1140260
4.150560092000003,1068024
4.151560092000003,986570
4.152560092000003,1582690
4.153560092000003,667336
4.154560092000003,796346
4.1555600920000035,518190
4.156560092000003,519692
4.157560092000003,530800
4.158560092000004,961474
4.159560092000003,1035628
4.160560092000003,657908
4.161560092000004,854362
4.162560092000003,1100322
4.1635600920000035,1002060
4.164560092000003,518190
4.165560092000003,986570
4.166560092000003,1401490
4.167560092000003,1190512
4.168560092000003,518190
4.169560092000003,530584
4.170560092000003,1039934
4.1715600920000036,1582690
4.172560092000003,943990
4.173560092000003,1094314
4.174560092000004,761924
4.175560092000003,764334
4.176560092000003,519692
4.177560092000004,759682
4.178560092000003,805736
4.179560092000004,545438
4.180560092000003,986570
4.181560092000003,529028
4.182560092000003,518190
4.183560092000003,948550
4.1845600920000035,801148
4.185560092000003,1494246
4.186560092000003,1324852
4.187560092000004,663084
4.188560092000003,926836
4.189560092000003,530530
4.190560092000004,1213166
4.191560092000003,1015454
4.1925600920000035,1158392
4.193560092000004,988218
4.194560092000003,559122
4.195560092000004,1115554
4.196560092000003,519692
4.197560092000003,518190
4.198560092000003,986570
4.199560092000003,519692
4.2005600920000035,1178130
4.201560092000003,518244
4.202560092000003,1552396
4.203560092000004,1454950
4.204560092000003,518190
4.205560092000003,1344894
4.206560092000004,1585414
4.207560092000003,1587484
4.2085600920000035,2309264
4.209560092000004,1495428
4.210560092000003,1126008
4.211560092000004,1343544
4.212560092000003,1018112
4.213560092000003,765636
4.214560092000003,1286332
4.215560092000003,568604
4.2165600920000035,811582
4.217560092000003,693178
4.218560092000003,1412154
4.219560092000004,647648
4.220560092000003,800598
4.221560092000003,1258946
4.222560092000004,519692
4.223560092000003,943990
4.2245600920000035,986570
4.225560092000004,1397496
4.226560092000003,538556
4.227560092000004,204466
4.228560092000003,420878
4.229560092000003,47502
4.230560092000003,0
4.231560092000003,0
4.2325600920000035,425800
4.233560092000003,193374
4.234560092000003,956880
4.235560092000004,1486940
4.236560092000003,209674
4.237560092000003,400050
4.238560092000004,512516
4.239560092000003,608136
4.2405600920000035,497388
4.241560092000004,441458
4.242560092000003,1109804
4.243560092000004,879094
4.244560092000003,596120
4.245560092000003,84706
4.246560092000003,383674
4.247560092000003,10838
4.2485600920000035,0
4.249560092000003,258456
4.250560092000003,509178
4.251560092000004,530584
4.252560092000003,1001648
4.253560092000003,1411636
4.254560092000004,1036380
4.255560092000003,1074996
4.2565600920000035,518190
4.257560092000004,547484
4.258560092000003,1597478
4.259560092000004,518190
4.260560092000003,943990
4.261560092000003,519692
4.262560092000003,987814
4.263560092000003,1071730
4.2645600920000035,988072
4.265560092000003,943990
4.266560092000003,1114310
4.267560092000004,518190
4.268560092000003,1158392
4.269560092000003,1114310
4.270560092000004,254738
4.271560092000003,427044
4.2725600920000035,0
4.273560092000004,0
4.274560092000003,894180
4.275560092000004,21730
4.276560092000003,531810
4.277560092000003,553540
4.278560092000003,0
4.279560092000003,566150
4.2805600920000035,455770
4.281560092000003,581278
4.282560092000003,1036870
4.283560092000004,1032650
4.284560092000003,596120
4.285560092000003,553540
4.286560092000004,425800
4.287560092000003,242416
4.2885600920000035,694344
4.289560092000004,716804
4.290560092000003,438286
4.291560092000004,218308
4.292560092000003,638700
4.293560092000003,0
4.294560092000003,55686
4.295560092000003,50714
4.2965600920000036,0
4.297560092000003,439858
4.298560092000003,411742
4.299560092000004,979340
4.300560092000003,468380
4.301560092000003,468380
4.302560092000004,106400
4.303560092000003,0
4.304560092000004,108796
4.305560092000004,857836
4.306560092000003,986570
4.307560092000004,624990
4.308560092000003,0
4.3095600920000035,1073830
4.310560092000003,690644
4.311560092000003,898878
4.312560092000004,10838
4.313560092000003,510960
4.314560092000003,0
4.315560092000004,553540
4.316560092000003,468380
4.3175600920000035,510960
4.318560092000004,593678
4.319560092000003,1024362
4.320560092000004,6602
4.321560092000004,930158
4.322560092000003,553540
4.323560092000004,553540
4.324560092000003,638700
4.3255600920000035,629576
4.326560092000003,197722
4.327560092000003,494158
4.328560092000004,519692
4.329560092000003,847538
4.330560092000003,658466
4.331560092000004,519434
4.332560092000003,519692
4.3335600920000035,904522
4.334560092000004,1023650
4.335560092000003,564660
4.336560092000004,824030
4.337560092000004,721338
4.338560092000003,521664
4.339560092000004,518190
4.340560092000003,1054792
4.3415600920000035,577708
4.342560092000003,1499032
4.343560092000003,518190
4.344560092000004,518190
4.345560092000003,1041490
4.346560092000003,1321510
4.347560092000004,694210
4.348560092000003,519692
4.3495600920000035,1219628
4.350560092000004,1519952
4.351560092000003,945492
4.352560092000004,518190
4.353560092000004,986570
4.354560092000003,624590
4.355560092000004,519692
4.356560092000003,518190
4.3575600920000035,986570
4.358560092000003,519692
4.359560092000003,529028
4.360560092000004,1029150
4.361560092000003,526294
4.362560092000003,979968
4.363560092000004,1156890
4.364560092000003,518190
4.3655600920000035,862260
4.366560092000004,1036380
4.367560092000003,1036380
4.368560092000004,1507764
4.369560092000004,1036380
4.370560092000003,1036380
4.371560092000004,1037882
4.372560092000003,1506262
4.3735600920000035,2434784
4.374560092000003,1120054
4.375560092000003,1432070
4.376560092000004,1578936
4.377560092000003,1707304
4.378560092000003,1039384
4.379560092000004,1477312
4.380560092000003,1214876
4.3815600920000035,1525492
4.382560092000004,1570024
4.383560092000003,1462180
4.384560092000004,1850592
4.385560092000004,1502572
4.386560092000003,679804
4.387560092000004,1071730
4.388560092000003,519692
4.3895600920000035,696020
4.390560092000003,1262862
4.391560092000003,866410
4.392560092000004,739270
4.393560092000003,819978
4.394560092000003,643704
4.395560092000004,899492
4.396560092000003,1074892
4.3975600920000035,1030652
4.398560092000004,1071730
4.399560092000003,1114310
4.400560092000004,902496
4.401560092000004,561186
4.402560092000003,998748
4.403560092000004,1272452
4.404560092000003,519692
4.4055600920000035,648372
4.406560092000003,1239608
4.407560092000003,1158392
4.408560092000004,518190
4.409560092000003,518190
4.410560092000003,518190
4.411560092000004,519692
4.412560092000003,1540110
4.4135600920000035,1082298
4.414560092000004,713082
4.415560092000003,953040
4.416560092000004,1029042
4.417560092000004,519692
4.418560092000003,518190
4.419560092000004,518190
4.420560092000003,1158392
4.4215600920000036,518190
4.422560092000003,986570
4.423560092000003,518190
4.424560092000004,519692
4.425560092000003,743214
4.426560092000003,1190300
4.427560092000004,793458
4.428560092000003,986570
4.429560092000004,1156890
4.430560092000004,519692
4.431560092000003,518190
4.432560092000004,518190
4.433560092000004,1071730
4.4345600920000035,519692
4.435560092000004,986570
4.436560092000003,986570
4.437560092000004,626038
4.438560092000003,1378910
4.439560092000003,551704
4.440560092000004,626038
4.441560092000003,519488
4.4425600920000035,518190
4.443560092000004,518190
4.444560092000003,626092
4.445560092000004,518190
4.446560092000004,518190
4.447560092000003,752614
4.448560092000004,1577904
4.449560092000004,866986
4.4505600920000035,519746
4.451560092000004,1606722
4.452560092000003,1005064
4.453560092000004,519692
4.454560092000003,1668648
4.455560092000003,1484548
4.456560092000004,1987608
4.457560092000003,1951034
4.4585600920000035,1090578
4.459560092000004,723310
4.460560092000003,825424
4.461560092000004,638258
4.462560092000004,1071730
4.463560092000003,519692
4.464560092000004,1029150
4.465560092000004,943774
4.4665600920000035,947118
4.467560092000004,814840
4.468560092000003,943990
4.469560092000004,518190
4.470560092000003,519692
4.471560092000003,1071730
4.472560092000004,896542
4.473560092000003,609720
4.4745600920000035,598498
4.475560092000004,1630122
4.476560092000003,519692
4.477560092000004,945234
4.478560092000004,605418
4.479560092000003,1005742
4.480560092000004,519746
4.481560092000004,1071676
4.4825600920000035,518190
4.483560092000004,519692
4.484560092000003,943990
4.485560092000004,1029150
4.486560092000003,1315356
4.487560092000003,957346
4.488560092000004,1071730
4.489560092000003,518190
4.4905600920000035,945492
4.491560092000004,1601804
4.492560092000003,562896
4.493560092000004,648010
4.494560092000004,900832
4.495560092000003,1071730
4.496560092000004,945492
4.497560092000004,986570
4.4985600920000035,529028
4.499560092000004,1626772
4.500560092000004,518190
4.501560092000004,1071730
4.502560092000003,624590
4.503560092000003,530530
4.504560092000004,1029150
4.505560092000003,518190
4.5065600920000035,519692
4.507560092000004,943990
4.508560092000003,1018690
4.509560092000004,737168
4.510560092000004,979968
4.511560092000003,1280702
4.512560092000004,951408
4.513560092000004,913152
4.5145600920000035,943990
4.515560092000003,518190
4.516560092000004,1158392
4.517560092000004,518190
4.518560092000003,518190
4.519560092000003,988072
4.520560092000004,1029150
4.521560092000003,943990
4.5225600920000035,1452562
4.523560092000004,575498
4.524560092000003,518190
4.525560092000004,529028
4.526560092000004,988072
4.527560092000003,980092
4.528560092000004,524668
4.529560092000004,519692
4.5305600920000035,1497530
4.531560092000003,779894
4.532560092000004,683788
4.533560092000004,885974
4.534560092000003,1044586
4.535560092000003,1009154
4.536560092000004,307778
4.537560092000003,395026
4.5385600920000035,516688
4.539560092000004,530530
4.540560092000003,1029150
4.541560092000004,518190
4.542560092000004,708614
4.543560092000003,1436348
4.544560092000004,528974
4.545560092000004,1071784
4.5465600920000036,1030652
4.547560092000003,943990
4.548560092000004,521896
4.549560092000004,1069526
4.550560092000003,529028
4.551560092000003,954774
4.552560092000004,519746
4.553560092000003,518190
4.554560092000004,1029150
4.555560092000004,518190
4.556560092000003,519692
4.557560092000004,518190
4.558560092000004,924044
4.5595600920000035,936480
4.560560092000004,518190
4.561560092000004,988072
4.562560092000004,518190
4.563560092000003,518190
4.564560092000004,988072
4.565560092000004,1497530
4.566560092000003,986100
4.5675600920000035,520162
4.568560092000004,518190
4.569560092000003,1071730
4.570560092000004,1066754
4.571560092000004,535452
4.572560092000003,518244
4.573560092000004,518190
4.574560092000004,519692
4.5755600920000035,944048
4.576560092000004,1178072
4.577560092000004,519692
4.578560092000004,986570
4.579560092000003,746172
4.580560092000004,0
4.581560092000004,468380
4.582560092000003,286994
4.5835600920000035,1447440
4.584560092000004,843758
4.585560092000003,936760
4.586560092000004,553540
4.587560092000004,932610
4.588560092000003,986570
4.589560092000004,1156890
4.590560092000004,1115812
4.5915600920000035,529028
4.592560092000004,518190
4.593560092000004,519692
4.594560092000004,944044
4.595560092000003,1043208
4.596560092000004,1483418
4.597560092000004,519692
4.598560092000003,722024
4.5995600920000035,782736
4.600560092000004,988072
4.601560092000003,568458
4.602560092000004,1021462
4.603560092000004,519692
4.604560092000003,518244
4.605560092000004,1497476
4.606560092000004,986570
4.6075600920000035,1158392
4.608560092000004,845096
4.609560092000004,1480700
4.610560092000004,805736
4.611560092000003,1589454
4.612560092000004,1107546
4.613560092000004,530530
4.614560092000003,986570
4.6155600920000035,943990
4.616560092000004,1073232
4.617560092000003,539330
4.618560092000004,1538894
4.619560092000004,1533542
4.620560092000003,1632752
4.621560092000004,1377198
4.622560092000004,2240004
4.6235600920000035,927730
4.624560092000004,518190
4.625560092000004,1175972
4.626560092000004,1112420
4.627560092000003,1334912
4.628560092000004,1356726
4.629560092000004,744154
4.630560092000003,519692
4.6315600920000035,868166
4.632560092000004,762362
4.633560092000003,521664
4.634560092000004,518190
4.635560092000004,943990
4.636560092000003,1024174
4.637560092000004,524668
4.638560092000004,1582690
4.6395600920000035,1071730
4.640560092000004,530530
4.641560092000004,1071730
4.642560092000004,986570
4.643560092000003,632694
4.644560092000004,1448348
4.645560092000004,1306448
4.646560092000003,902334
4.6475600920000035,518190
4.648560092000004,943990
4.649560092000003,945492
4.650560092000004,936264
4.651560092000004,653656
4.652560092000003,518190
4.653560092000004,519692
4.654560092000004,518190
4.6555600920000035,1580776
4.656560092000004,871728
4.657560092000004,1828840
4.658560092000004,1118428
4.659560092000003,1583442
4.660560092000004,1350146
4.661560092000004,1200476
4.662560092000003,1036380
4.6635600920000035,1425662
4.664560092000004,1501702
4.665560092000003,1822400
4.666560092000004,1360552
4.667560092000004,1973032
4.668560092000003,1047218
4.669560092000004,1044430
4.670560092000004,1879060
4.6715600920000036,1167994
4.672560092000004,1041588
4.673560092000004,1465676
4.674560092000004,1158420
4.675560092000003,1036380
4.676560092000004,2189044
4.677560092000004,1632500
4.678560092000003,1131732
4.679560092000004,519692
4.680560092000004,1030706
4.681560092000003,559214
4.682560092000004,1499032
4.683560092000004,518244
4.6845600920000035,870430
4.685560092000004,591696
4.686560092000004,988072
4.687560092000004,986570
4.688560092000004,624590
4.689560092000004,519692
4.690560092000004,945546
4.691560092000003,559214
4.692560092000004,1481154
4.693560092000004,716286
4.694560092000003,817190
4.695560092000004,519692
4.696560092000004,1114310
4.697560092000003,667170
4.698560092000004,943990
4.699560092000004,551288
4.7005600920000035,1157372
4.701560092000004,539272
4.702560092000004,541190
4.703560092000004,518190
4.704560092000004,1071730
4.705560092000004,548342
4.706560092000004,1373616
4.707560092000003,1068446
4.708560092000004,1056376
4.709560092000004,1037990
4.710560092000003,1481652
4.711560092000004,1060882
4.712560092000004,1037882
4.713560092000003,1036380
4.714560092000004,2189876
4.715560092000004,1680418
4.7165600920000035,1456010
4.717560092000004,1037882
4.718560092000004,1036380
4.719560092000004,1463682
4.720560092000004,1200854
4.721560092000004,1470772
4.722560092000004,1506262
4.723560092000003,2143032
4.724560092000004,2113798
4.725560092000004,2139670
4.726560092000003,2025622
4.727560092000004,2083216
4.728560092000004,1399966
4.729560092000003,1773866
4.730560092000004,1519780
4.731560092000004,1284566
4.7325600920000035,1469974
4.733560092000004,2184320
4.734560092000004,1703300
4.735560092000004,1951762
4.736560092000004,2151934
4.737560092000004,2108110
4.738560092000004,2111114
4.739560092000003,1556072
4.740560092000004,1555380
4.741560092000004,2541804
4.742560092000003,1678112
4.743560092000004,1850820
4.744560092000004,1864030
4.745560092000003,1932706
4.746560092000004,1939346
4.747560092000004,1205536
4.7485600920000035,1385038
4.749560092000004,1036380
4.750560092000004,2011106
4.751560092000004,1256898
4.752560092000004,1390646
4.753560092000004,888344
4.754560092000004,848046
4.755560092000003,1170732
4.756560092000004,559214
4.757560092000004,518190
4.758560092000003,1030710
4.759560092000004,940306
4.760560092000004,1034878
4.761560092000003,1096278
4.762560092000004,644174
4.763560092000004,934828
4.7645600920000035,676332
4.765560092000004,519854
4.766560092000004,1438276
4.767560092000004,1085384
4.768560092000004,1461362
4.769560092000004,624648
4.770560092000004,954404
4.771560092000003,700780
4.772560092000004,518190
4.773560092000004,986570
4.774560092000003,1362950
4.775560092000004,611692
4.776560092000004,970718
4.777560092000003,619202
4.778560092000004,1158392
4.779560092000004,518190
4.7805600920000035,518190
4.781560092000004,519692
4.782560092000004,518190
4.783560092000004,1156890
4.784560092000004,521248
4.785560092000004,1027594
4.786560092000004,986570
4.787560092000003,1071730
4.788560092000004,519692
4.789560092000004,518190
4.790560092000003,943990
4.791560092000004,988072
4.792560092000004,518190
4.793560092000003,1029150
4.794560092000004,519692
4.795560092000004,1574348
4.7965600920000036,853372
4.797560092000004,375348
4.798560092000004,355190
4.799560092000004,1107026
4.800560092000004,0
4.801560092000004,475068
4.802560092000004,519692
4.803560092000003,657510
4.8045600920000044,425800
4.805560092000004,0
4.806560092000003,926602
4.807560092000004,870592
4.808560092000004,678250
4.8095600920000035,1327518
4.810560092000004,688202
4.811560092000004,906116
4.812560092000004,1196266
4.813560092000004,929532
4.814560092000004,959950
4.815560092000004,1446888
4.816560092000004,1371990
4.817560092000004,1165316
4.818560092000004,625680
4.819560092000003,1156890
4.8205600920000045,943990
4.821560092000004,519692
4.822560092000003,518190
4.823560092000004,1029150
4.824560092000004,519692
4.8255600920000035,943990
4.826560092000004,518190
4.827560092000004,599500
4.828560092000004,654352
4.829560092000004,410148
4.830560092000004,92686
4.831560092000004,375694
4.832560092000004,0
4.833560092000004,0
4.834560092000004,0
4.835560092000003,0
4.8365600920000045,553540
4.837560092000004,638700
4.838560092000003,553540
4.839560092000004,0
4.840560092000004,510960
4.8415600920000035,0
4.842560092000004,1064500
4.843560092000004,735190
4.844560092000004,181698
4.845560092000004,488252
4.846560092000004,532200
4.847560092000004,468380
4.848560092000004,0
4.849560092000004,606958
4.850560092000004,638700
4.851560092000003,425800
4.8525600920000045,971560
4.853560092000004,92940
4.854560092000003,423886
4.855560092000004,576694
4.856560092000004,1064500
4.8575600920000035,857338
4.858560092000004,79422
4.859560092000004,0
4.860560092000004,310854
4.861560092000004,1247806
4.862560092000004,1542528
4.863560092000004,943990
4.864560092000004,966882
4.865560092000004,709700
4.866560092000004,713952
4.867560092000003,1259188
4.8685600920000045,1032262
4.869560092000004,614566
4.870560092000003,1504954
4.871560092000004,625680
4.872560092000004,988072
4.8735600920000035,986570
4.874560092000004,1135550
4.875560092000004,732954
4.876560092000004,730728
4.877560092000004,1356056
4.878560092000004,1128044
4.879560092000004,654018
4.880560092000004,1038162
4.881560092000004,885812
4.882560092000004,669046
4.883560092000003,425800
4.8845600920000045,104340
4.885560092000004,460038
4.886560092000003,0
4.887560092000004,370572
4.888560092000004,182968
4.8895600920000035,134600
4.890560092000004,1249200
4.891560092000004,936760
4.892560092000004,780000
4.893560092000004,980562
4.894560092000004,434410
4.895560092000004,44260
4.896560092000004,977660
4.897560092000004,0
4.898560092000004,15132
4.899560092000003,91268
4.9005600920000045,468380
4.901560092000004,1083140
4.902560092000003,492374
4.903560092000004,425746
4.904560092000004,663228
4.9055600920000035,507734
4.906560092000004,1284352
4.907560092000004,530908
4.908560092000004,1149486
4.909560092000004,430452
4.910560092000004,37928
4.911560092000004,0
4.912560092000004,468380
4.913560092000004,0
4.914560092000004,468380
4.915560092000003,0
4.9165600920000045,468380
4.917560092000004,0
4.918560092000003,108
4.919560092000004,425746
4.920560092000004,638646
4.9215600920000036,0
4.922560092000004,0
4.923560092000004,673948
4.924560092000004,944092
4.925560092000004,745100
4.926560092000004,0
4.927560092000004,0
4.928560092000004,468380
4.9295600920000044,596120
4.930560092000004,0
4.931560092000003,638700
4.932560092000005,0
4.933560092000004,330850
4.9345600920000035,137530
4.935560092000004,435692
4.936560092000004,861942
4.937560092000004,738962
4.938560092000004,806768
4.939560092000004,518190
4.940560092000004,734456
4.941560092000004,729226
4.942560092000004,518190
4.943560092000004,1134706
4.944560092000004,1120724
4.9455600920000045,1506298
4.946560092000004,1071784
4.947560092000003,519692
4.948560092000005,1220656
4.949560092000004,700996
4.9505600920000035,761238
4.951560092000004,519692
4.952560092000004,1114310
4.953560092000004,986570
4.954560092000004,945492
4.955560092000004,1137530
4.956560092000004,1066952
4.957560092000004,449430
4.958560092000004,0
4.959560092000004,510960
4.960560092000004,638700
4.9615600920000045,54
4.962560092000004,468326
4.963560092000003,638754
4.964560092000005,826520
4.965560092000004,792710
4.9665600920000035,0
4.967560092000004,395702
4.968560092000004,127340
4.969560092000004,638700
4.970560092000004,759604
4.971560092000004,905808
4.972560092000004,518190
4.973560092000004,1029150
4.974560092000004,519800
4.975560092000004,1298764
4.976560092000004,1100068
4.9775600920000045,945492
4.978560092000004,794670
4.979560092000003,1027368
4.980560092000005,2061304
4.981560092000004,1036380
4.9825600920000035,1547340
4.983560092000004,1634002
4.984560092000004,1080478
4.985560092000004,1419584
4.986560092000004,1037882
4.987560092000004,1164590
4.988560092000004,2281146
4.989560092000004,2022950
4.990560092000004,1328698
4.991560092000004,1891728
4.992560092000004,1666176
4.9935600920000045,1178150
4.994560092000004,1521526
4.995560092000003,2435510
4.996560092000005,1754648
4.997560092000004,1646742
4.9985600920000035,1097994
4.999560092000004,1668540
5.000560092000004,518190
5.001560092000004,986570
5.002560092000004,519692
5.003560092000004,1071730
5.004560092000004,1071730
5.005560092000004,986570
5.006560092000004,988072
5.007560092000004,518190
5.008560092000004,971080
5.0095600920000045,924626
5.010560092000004,682286
5.011560092000003,1030706
5.012560092000005,598922
5.013560092000004,1021920
5.0145600920000035,0
5.015560092000004,702520
5.016560092000004,553540
5.017560092000004,468380
5.018560092000004,0
5.019560092000004,599664
5.020560092000004,422256
5.021560092000004,380524
5.022560092000004,1100666
5.023560092000004,1111306
5.024560092000004,519692
5.0255600920000045,1582690
5.026560092000004,518190
5.027560092000003,519800
5.028560092000005,1412154
5.029560092000004,1018020
5.0305600920000035,699748
5.031560092000004,519692
5.032560092000004,624590
5.033560092000004,1030706
5.034560092000004,560716
5.035560092000004,943990
5.036560092000004,1540110
5.037560092000004,519692
5.038560092000004,1031738
5.039560092000004,985538
5.040560092000004,571554
5.0415600920000045,1071730
5.042560092000004,986570
5.043560092000003,133616
5.044560092000005,893640
5.045560092000004,596120
5.0465600920000036,0
5.047560092000004,619406
5.048560092000004,893540
5.049560092000004,425638
5.050560092000004,10784
5.051560092000004,468434
5.052560092000004,0
5.053560092000004,0
5.0545600920000044,0
5.055560092000004,553540
5.056560092000004,468380
5.057560092000005,468380
5.058560092000004,684850
5.0595600920000035,528630
5.060560092000005,511014
5.061560092000004,425746
5.062560092000004,468380
5.063560092000004,0
5.064560092000004,596120
5.065560092000004,425800
5.066560092000004,0
5.067560092000004,0
5.068560092000004,0
5.069560092000004,0
5.0705600920000045,606958
5.071560092000004,338062
5.072560092000004,513684
5.073560092000005,747106
5.074560092000004,10838
5.0755600920000035,0
5.076560092000005,0
5.077560092000004,894180
5.078560092000004,468380
5.079560092000004,979340
5.080560092000004,0
5.081560092000004,0
5.082560092000004,143300
5.083560092000004,402260
5.084560092000004,7980
5.085560092000004,54
5.0865600920000045,425746
5.087560092000004,425800
5.088560092000004,0
5.089560092000005,702520
5.090560092000004,468380
5.0915600920000035,638700
5.092560092000005,195400
5.093560092000004,954260
5.094560092000004,638700
5.095560092000004,425800
5.096560092000004,0
5.097560092000004,684122
5.098560092000004,167478
5.099560092000004,0
5.100560092000004,251844
5.101560092000004,207112
5.1025600920000045,510680
5.103560092000004,986570
5.104560092000004,25866
5.105560092000005,468380
5.106560092000004,704546
5.1075600920000035,338614
5.108560092000005,468380
5.109560092000004,37940
5.110560092000004,1229704
5.111560092000004,223900
5.112560092000004,0
5.113560092000004,0
5.114560092000004,0
5.115560092000004,384776
5.116560092000004,589588
5.117560092000004,4976
5.1185600920000045,555096
5.119560092000004,41024
5.120560092000004,425800
5.121560092000005,596120
5.122560092000004,510960
5.1235600920000035,553540
5.124560092000005,0
5.125560092000004,281338
5.126560092000004,229622
5.127560092000004,1244
5.128560092000004,0
5.129560092000004,556652
5.130560092000004,82048
5.131560092000004,0
5.132560092000004,894180
5.133560092000004,596120
5.1345600920000045,638700
5.135560092000004,0
5.136560092000004,1225462
5.137560092000005,477738
5.138560092000004,622070
5.1395600920000035,697910
5.140560092000005,638700
5.141560092000004,12556
5.142560092000004,413244
5.143560092000004,15560
5.144560092000004,410294
5.145560092000004,553486
5.146560092000004,468380
5.147560092000004,553540
5.148560092000004,468380
5.149560092000004,0
5.1505600920000045,574780
5.151560092000004,0
5.152560092000004,0
5.153560092000005,468380
5.154560092000004,638862
5.1555600920000035,990016
5.156560092000005,440932
5.157560092000004,91268
5.158560092000004,668740
5.159560092000004,885380
5.160560092000004,18618
5.161560092000004,449762
5.162560092000004,756380
5.163560092000004,222960
5.164560092000004,0
5.165560092000004,591198
5.1665600920000045,153902
5.167560092000004,186080
5.168560092000004,250558
5.169560092000005,1021920
5.170560092000004,0
5.1715600920000036,0
5.172560092000005,453716
5.173560092000004,945492
5.174560092000004,974988
5.175560092000004,203996
5.176560092000004,0
5.177560092000004,553540
5.178560092000004,553540
5.1795600920000044,0
5.180560092000004,553648
5.181560092000004,596012
5.182560092000005,725928
5.183560092000004,19172
5.184560092000004,0
5.185560092000005,616736
5.186560092000004,485146
5.187560092000004,519692
5.188560092000005,573398
5.189560092000004,44260
5.190560092000004,1062820
5.191560092000004,476706
5.192560092000004,119414
5.193560092000004,20228
5.194560092000004,472854
5.1955600920000045,559040
5.196560092000004,97538
5.197560092000004,0
5.198560092000005,106400
5.199560092000004,0
5.200560092000004,0
5.201560092000005,596120
5.202560092000004,1192240
5.203560092000004,141300
5.204560092000005,498664
5.205560092000004,519434
5.206560092000004,518190
5.207560092000004,519692
5.208560092000004,1816830
5.209560092000004,518190
5.210560092000004,519692
5.2115600920000045,518190
5.212560092000004,904468
5.213560092000004,557712
5.214560092000005,1115812
5.215560092000004,1071730
5.216560092000004,1497530
5.217560092000005,626092
5.218560092000004,571462
5.219560092000004,1082082
5.220560092000005,1488826
5.221560092000004,1384248
5.222560092000004,801792
5.223560092000004,986570
5.224560092000004,1320670
5.225560092000004,553540
5.226560092000004,425800
5.2275600920000045,356626
5.228560092000004,1345742
5.229560092000004,795072
5.230560092000005,1771072
5.231560092000004,775992
5.232560092000004,1489740
5.233560092000005,1150426
5.234560092000004,1278730
5.235560092000004,544248
5.236560092000005,934454
5.237560092000004,679914
5.238560092000004,1304210
5.239560092000004,1582690
5.240560092000004,626092
5.241560092000004,518190
5.242560092000004,529028
5.2435600920000045,1256238
5.244560092000004,1282096
5.245560092000004,593198
5.246560092000005,949582
5.247560092000004,556680
5.248560092000004,214184
5.249560092000005,54
5.250560092000004,468326
5.251560092000004,0
5.252560092000005,778402
5.253560092000004,243518
5.254560092000004,422380
5.255560092000004,982868
5.256560092000004,936652
5.257560092000004,510960
5.258560092000004,536548
5.2595600920000045,485372
5.260560092000004,909400
5.261560092000004,719478
5.262560092000005,642390
5.263560092000004,933124
5.264560092000004,979070
5.265560092000005,595920
5.266560092000004,42996
5.267560092000004,1264390
5.268560092000005,268490
5.269560092000004,530270
5.270560092000004,217584
5.271560092000004,283906
5.272560092000004,589080
5.273560092000004,41024
5.274560092000004,596120
5.2755600920000045,0
5.276560092000004,537780
5.277560092000004,100920
5.278560092000005,1107080
5.279560092000004,596120
5.280560092000004,649538
5.281560092000005,0
5.282560092000004,10838
5.283560092000004,468380
5.284560092000005,425800
5.285560092000004,894180
5.286560092000004,0
5.287560092000004,0
5.288560092000004,468380
5.289560092000004,425800
5.290560092000004,0
5.2915600920000045,106400
5.292560092000004,0
5.293560092000004,425800
5.294560092000005,0
5.295560092000004,468380
5.296560092000004,510960
5.297560092000005,532200
5.298560092000004,553540
5.299560092000004,11054
5.300560092000005,414746
5.301560092000004,1170900
5.302560092000004,596120
5.303560092000004,55686
5.3045600920000044,50714
5.305560092000004,0
5.306560092000004,553540
5.307560092000005,0
5.308560092000004,0
5.309560092000004,425800
5.310560092000005,638700
5.311560092000004,320740
5.3125600920000045,1465880
5.313560092000005,450932
5.314560092000004,0
5.315560092000004,469936
5.316560092000005,47314
5.317560092000004,422364
5.318560092000004,935150
5.319560092000004,553540
5.3205600920000045,0
5.321560092000004,0
5.322560092000004,294424
5.323560092000005,173956
5.324560092000004,412628
5.325560092000004,140912
5.326560092000005,515628
5.327560092000004,123072
5.3285600920000045,844852
5.329560092000005,91908
5.330560092000004,419538
5.331560092000004,580884
5.332560092000005,1055018
5.333560092000004,499360
5.334560092000004,0
5.335560092000004,0
5.3365600920000045,0
5.337560092000004,0
5.338560092000004,648
5.339560092000005,1404492
5.340560092000004,0
5.341560092000004,468380
5.342560092000005,638700
5.343560092000004,0
5.3445600920000045,553540
5.345560092000005,425800
5.346560092000004,510960
5.347560092000004,427140
5.348560092000005,168980
5.349560092000004,553594
5.350560092000004,510906
5.351560092000004,468380
5.3525600920000045,0
5.353560092000004,427044
5.354560092000004,0
5.355560092000005,468380
5.356560092000004,0
5.357560092000004,476430
5.358560092000005,977864
5.359560092000004,15910
5.3605600920000045,1575460
5.361560092000005,468380
5.362560092000004,0
5.363560092000004,468380
5.364560092000005,0
5.365560092000004,392134
5.366560092000004,942488
5.367560092000004,179070
5.3685600920000045,660988
5.369560092000004,382172
5.370560092000004,425800
5.371560092000005,936760
5.372560092000004,732910
5.373560092000004,246430
5.374560092000005,10838
5.375560092000004,38252
5.3765600920000045,515288
5.377560092000005,425800
5.378560092000004,510960
5.379560092000004,0
5.380560092000005,0
5.381560092000004,425800
5.382560092000004,0
5.383560092000004,649538
5.3845600920000045,141300
5.385560092000004,1052204
5.386560092000004,1135862
5.387560092000005,1305820
5.388560092000004,987910
5.389560092000004,1773032
5.390560092000005,1037882
5.391560092000004,2144962
5.3925600920000045,1036380
5.393560092000005,1036380
5.394560092000004,1647536
5.395560092000004,2057106
5.396560092000005,1392202
5.397560092000004,1150440
5.398560092000004,1638562
5.399560092000004,1483208
5.4005600920000045,1054874
5.401560092000004,1400274
5.402560092000004,1738488
5.403560092000005,1036380
5.404560092000004,2219056
5.405560092000004,1409776
5.406560092000005,917920
5.407560092000004,987964
5.4085600920000045,518190
5.409560092000005,518190
5.410560092000004,824800
5.411560092000004,1107080
5.412560092000005,364834
5.413560092000004,532458
5.414560092000004,188448
5.415560092000004,596120
5.4165600920000045,425800
5.417560092000004,425800
5.418560092000004,425800
5.419560092000005,994090
5.420560092000004,538790
5.421560092000004,776446
5.422560092000005,330634
5.423560092000004,0
5.4245600920000046,0
5.425560092000005,1286990
5.426560092000004,1066564
5.427560092000004,797366
5.428560092000005,1576704
5.4295600920000044,0
5.430560092000004,402962
5.431560092000004,150578
5.432560092000005,0
5.433560092000004,468380
5.434560092000004,0
5.435560092000005,638700
5.436560092000004,425800
5.4375600920000045,1064500
5.438560092000005,501478
5.439560092000004,435282
5.440560092000005,0
5.441560092000005,606958
5.442560092000004,905018
5.443560092000004,250866
5.444560092000005,856214
5.4455600920000045,491266
5.446560092000004,518190
5.447560092000004,109178
5.448560092000005,522798
5.449560092000004,468380
5.450560092000004,0
5.451560092000005,425800
5.452560092000004,414130
5.4535600920000045,139410
5.454560092000005,1021920
5.455560092000004,0
5.456560092000005,126708
5.457560092000005,299092
5.458560092000004,468380
5.459560092000004,18136
5.460560092000005,88264
5.4615600920000045,553540
5.462560092000004,1021920
5.463560092000004,54
5.464560092000005,1149606
5.465560092000004,1108624
5.466560092000004,1058682
5.467560092000005,751526
5.468560092000004,905018
5.4695600920000045,425800
5.470560092000005,574780
5.471560092000004,0
5.472560092000005,0
5.473560092000005,729236
5.474560092000004,164944
5.475560092000004,553540
5.476560092000005,553540
5.4775600920000045,468380
5.478560092000004,970004
5.479560092000004,369718
5.480560092000005,150578
5.481560092000004,15132
5.482560092000004,729968
5.483560092000005,0
5.484560092000004,0
5.4855600920000045,0
5.486560092000005,0
5.487560092000004,638700
5.488560092000005,553540
5.489560092000005,0
5.490560092000004,212800
5.491560092000004,511500
5.492560092000005,994360
5.4935600920000045,421078
5.494560092000004,617360
5.495560092000004,0
5.496560092000005,616802
5.497560092000004,682550
5.498560092000004,757984
5.499560092000005,465722
5.500560092000004,0
5.5015600920000045,0
5.502560092000005,0
5.503560092000004,894180
5.504560092000005,0
5.505560092000005,10838
5.506560092000004,0
5.507560092000004,0
5.508560092000005,553540
5.5095600920000045,596120
5.510560092000004,638700
5.511560092000004,638700
5.512560092000005,0
5.513560092000004,936760
5.514560092000004,468380
5.515560092000005,510960
5.516560092000004,0
5.5175600920000045,0
5.518560092000005,0
5.519560092000004,0
5.520560092000005,0
5.521560092000005,638700
5.522560092000004,596120
5.523560092000004,425800
5.524560092000005,425800
5.5255600920000045,1149660
5.526560092000004,0
5.527560092000004,527158
5.528560092000005,26382
5.529560092000004,468380
5.530560092000004,0
5.531560092000005,0
5.532560092000004,553540
5.5335600920000045,108
5.534560092000005,919390
5.535560092000004,102422
5.536560092000005,466046
5.537560092000005,87494
5.538560092000004,0
5.539560092000004,1244
5.540560092000005,438410
5.5415600920000045,520950
5.542560092000004,403200
5.543560092000004,928838
5.544560092000005,1144874
5.545560092000004,1626772
5.546560092000004,199248
5.547560092000005,360320
5.548560092000004,693782
5.5495600920000046,944724
5.550560092000005,916294
5.551560092000004,425800
5.552560092000005,895882
5.553560092000005,83458
5.5545600920000044,513980
5.555560092000004,380200
5.556560092000005,0
5.557560092000005,553540
5.558560092000004,468380
5.559560092000004,0
5.560560092000005,425858
5.561560092000004,518244
5.5625600920000045,519692
5.563560092000005,90564
5.564560092000004,921460
5.565560092000005,519692
5.566560092000005,31874
5.567560092000004,1021920
5.568560092000005,0
5.569560092000005,0
5.5705600920000045,425800
5.571560092000004,428182
5.572560092000005,1071730
5.573560092000005,498466
5.574560092000004,346340
5.575560092000004,233474
5.576560092000005,553540
5.577560092000004,638700
5.5785600920000045,0
5.579560092000005,510960
5.580560092000004,680168
5.581560092000005,904300
5.582560092000005,565772
5.583560092000004,553540
5.584560092000005,1062582
5.585560092000005,409024
5.5865600920000045,231594
5.587560092000004,0
5.588560092000005,1021920
5.589560092000005,0
5.590560092000004,54
5.591560092000004,936706
5.592560092000005,1475182
5.593560092000004,515186
5.5945600920000045,204604
5.595560092000005,15132
5.596560092000004,91268
5.597560092000005,0
5.598560092000005,0
5.599560092000004,0
5.600560092000005,553540
5.601560092000005,638700
5.6025600920000045,190386
5.603560092000004,1012692
5.604560092000005,391000
5.605560092000005,205120
5.606560092000004,540
5.607560092000004,1063960
5.608560092000005,553540
5.609560092000004,638700
5.6105600920000045,10838
5.611560092000005,0
5.612560092000004,439414
5.613560092000005,983490
5.614560092000005,1403034
5.615560092000004,880528
5.616560092000005,609158
5.617560092000005,889448
5.6185600920000045,1068618
5.619560092000004,832220
5.620560092000005,1720680
5.621560092000005,1488950
5.622560092000004,2780740
5.623560092000004,2494334
5.624560092000005,1573206
5.625560092000004,1589920
5.6265600920000045,1037936
5.627560092000005,1515544
5.628560092000004,1506262
5.629560092000005,1591422
5.630560092000005,1036380
5.631560092000004,1654122
5.632560092000005,1960368
5.633560092000005,1403148
5.6345600920000045,1346548
5.635560092000004,1123608
5.636560092000005,1612150
5.637560092000005,1037882
5.638560092000004,1078594
5.639560092000004,1037936
5.640560092000005,1469744
5.641560092000004,1083736
5.6425600920000045,1676582
5.643560092000005,2195494
5.644560092000004,1840144
5.645560092000005,1358734
5.646560092000005,1599386
5.647560092000004,1409540
5.648560092000005,1181582
5.649560092000005,1720810
5.6505600920000045,1459230
5.651560092000004,1617842
5.652560092000005,1043944
5.653560092000005,2311300
5.654560092000004,1417520
5.655560092000004,1928588
5.656560092000005,1494462
5.657560092000004,1276586
5.6585600920000045,1407568
5.659560092000005,1037882
5.660560092000004,1462180
5.661560092000005,1037882
5.662560092000005,1037882
5.663560092000004,1036380
5.664560092000005,1862036
5.665560092000005,1551620
5.6665600920000045,1256004
5.667560092000004,1037882
5.668560092000005,1036380
5.669560092000005,1298700
5.670560092000004,1245444
5.671560092000004,1675080
5.672560092000005,1037882
5.673560092000004,1510356
5.6745600920000046,1967376
5.675560092000005,2109612
5.676560092000004,1096792
5.677560092000005,1506262
5.678560092000005,1462180
5.6795600920000044,1506262
5.680560092000005,1591422
5.681560092000005,1036380
5.682560092000005,1506262
5.683560092000004,1504760
5.684560092000005,1037882
5.685560092000005,1042724
5.686560092000004,1969542
5.6875600920000045,1342874
5.688560092000005,1573360
5.689560092000004,1686988
5.690560092000005,1207424
5.691560092000005,1217592
5.692560092000004,1325050
5.693560092000005,1036380
5.694560092000005,1431362
5.6955600920000045,1196440
5.696560092000005,1055052
5.697560092000005,1422680
5.698560092000005,1253274
5.699560092000004,1036380
5.700560092000005,1037882
5.701560092000005,1424160
5.702560092000004,1075902
5.7035600920000045,1037882
5.704560092000005,1462180
5.705560092000004,1037882
5.706560092000005,1674980
5.707560092000005,1054516
5.708560092000004,1449430
5.709560092000005,2448750
5.710560092000005,1865684
5.7115600920000045,1663832
5.712560092000005,1806512
5.713560092000005,1863214
5.714560092000005,1873404
5.715560092000004,1734156
5.716560092000005,1554570
5.717560092000005,1556072
5.718560092000004,1835492
5.7195600920000045,1830192
5.720560092000005,1556072
5.721560092000004,1557574
5.722560092000005,1554570
5.723560092000005,1556072
5.724560092000004,2121682
5.725560092000005,1586582
5.726560092000005,1981872
5.7275600920000045,1701386
5.728560092000005,2565512
5.729560092000005,2207378
5.730560092000005,2139660
5.731560092000004,1787196
5.732560092000005,2136766
5.733560092000005,2543728
5.734560092000004,1931904
5.7355600920000045,1741666
5.736560092000005,2059214
5.737560092000004,1700966
5.738560092000005,1557574
5.739560092000005,1554570
5.740560092000004,1981872
5.741560092000005,1557574
5.742560092000005,1967942
5.7435600920000045,1579338
5.744560092000005,2067032
5.745560092000005,1981872
5.746560092000005,2069128
5.747560092000004,2022356
5.748560092000005,1556072
5.749560092000005,1981872
5.750560092000004,2219392
5.7515600920000045,2386164
5.752560092000005,2174802
5.753560092000004,1391600
5.754560092000005,1284026
5.755560092000005,1036380
5.756560092000004,1037882
5.757560092000005,1036438
5.758560092000005,1474462
5.7595600920000045,1037882
5.760560092000005,1562468
5.761560092000005,1107914
5.762560092000005,1446906
5.763560092000004,1223476
5.764560092000005,1460678
5.765560092000005,1039384
5.766560092000004,1594966
5.7675600920000045,1458636
5.768560092000005,1296728
5.769560092000004,1247416
5.770560092000005,1675080
5.771560092000005,1037936
5.772560092000004,1474466
5.773560092000005,1547340
5.774560092000005,1037882
5.7755600920000045,1142780
5.776560092000005,1505154
5.777560092000005,1475628
5.778560092000005,1632608
5.779560092000004,1982206
5.780560092000005,1765216
5.781560092000005,1773650
5.782560092000004,1354128
5.7835600920000045,1492166
5.784560092000005,1092894
5.785560092000004,1036380
5.786560092000005,1144282
5.787560092000005,1507818
5.788560092000004,1954440
5.789560092000005,1554570
5.790560092000005,2268494
5.7915600920000045,1950730
5.792560092000005,1574208
5.793560092000005,1969122
5.794560092000005,2716960
5.795560092000004,2414504
5.796560092000005,2022896
5.797560092000005,1556072
5.798560092000004,1972444
5.7995600920000046,2068010
5.800560092000005,1567688
5.801560092000004,2159826
5.802560092000005,2141500
5.803560092000005,2179190
5.8045600920000044,2508306
5.805560092000005,2108110
5.806560092000005,2274756
5.807560092000005,1970110
5.808560092000005,1913650
5.809560092000005,1128902
5.810560092000005,1043890
5.811560092000004,1102580
5.812560092000005,1498996
5.813560092000005,2047090
5.814560092000004,1141290
5.815560092000005,1506262
5.816560092000005,1036380
5.817560092000004,1634002
5.818560092000005,1630528
5.819560092000005,1039854
5.8205600920000045,1478756
5.821560092000005,1064048
5.822560092000005,1517996
5.823560092000005,988072
5.824560092000005,1561350
5.825560092000005,986570
5.826560092000005,1351144
5.827560092000004,1506262
5.828560092000005,1632500
5.829560092000005,582062
5.830560092000004,519692
5.831560092000005,1071730
5.832560092000005,1045726
5.833560092000004,726908
5.834560092000005,805358
5.835560092000005,518190
5.8365600920000045,518190
5.837560092000005,519692
5.838560092000005,518190
5.839560092000005,943990
5.840560092000005,519692
5.841560092000005,518190
5.842560092000005,518190
5.843560092000004,725190
5.844560092000005,908812
5.845560092000005,987218
5.846560092000004,1030544
5.847560092000005,522288
5.848560092000005,851600
5.849560092000004,0
5.850560092000005,651818
5.851560092000005,412682
5.8525600920000045,0
5.853560092000005,600302
5.854560092000005,38398
5.855560092000005,230362
5.856560092000005,280598
5.857560092000005,609692
5.858560092000005,29008
5.859560092000004,0
5.860560092000005,293002
5.861560092000005,516688
5.862560092000004,579188
5.863560092000005,937912
5.864560092000005,1156890
5.865560092000004,518190
5.866560092000005,806552
5.867560092000005,1125510
5.8685600920000045,1133890
5.869560092000005,827034
5.870560092000005,860760
5.871560092000005,1023168
5.872560092000005,1514528
5.873560092000005,2012762
5.874560092000005,944044
5.875560092000004,1029150
5.876560092000005,786086
5.877560092000005,1273716
5.878560092000004,518190
5.879560092000005,519692
5.880560092000005,1060018
5.881560092000004,871378
5.882560092000005,609076
5.883560092000005,554784
5.8845600920000045,659940
5.885560092000005,0
5.886560092000005,510960
5.887560092000005,1021920
5.888560092000005,468380
5.889560092000005,894180
5.890560092000005,1298
5.891560092000004,425746
5.892560092000005,0
5.893560092000005,0
5.894560092000004,510960
5.895560092000005,553540
5.896560092000005,574780
5.897560092000004,895424
5.898560092000005,753384
5.899560092000005,12956
5.9005600920000045,0
5.901560092000005,6170
5.902560092000005,488884
5.903560092000005,58486
5.904560092000005,472994
5.905560092000005,80600
5.906560092000005,851546
5.907560092000004,84224
5.908560092000005,480640
5.909560092000005,988072
5.910560092000004,556876
5.911560092000005,0
5.912560092000005,425800
5.913560092000004,742046
5.914560092000005,640148
5.915560092000005,363586
5.9165600920000045,769702
5.917560092000005,878210
5.918560092000005,519692
5.919560092000005,1029150
5.920560092000005,518190
5.921560092000005,1073232
5.922560092000005,986570
5.923560092000004,1934168
5.924560092000005,988072
5.925560092000005,636960
5.926560092000004,1700684
5.927560092000005,1964582
5.928560092000005,1547340
5.9295600920000044,1036380
5.930560092000005,1634002
5.931560092000005,1037882
5.932560092000005,1036380
5.933560092000005,1589920
5.934560092000005,1507764
5.935560092000005,1589920
5.936560092000005,1504760
5.937560092000005,1001232
5.938560092000005,518190
5.939560092000004,529028
5.9405600920000055,945492
5.941560092000005,518190
5.942560092000004,992216
5.943560092000005,599206
5.944560092000005,933372
5.9455600920000045,1305524
5.946560092000005,932140
5.947560092000005,1121874
5.948560092000005,1108248
5.949560092000005,518190
5.950560092000005,518190
5.951560092000005,1075490
5.952560092000005,1580432
5.953560092000005,518190
5.954560092000005,945492
5.955560092000004,1071730
5.9565600920000055,986570
5.957560092000005,988072
5.958560092000004,518190
5.959560092000005,518190
5.960560092000005,1514932
5.9615600920000045,1506262
5.962560092000005,644690
5.963560092000005,943990
5.964560092000005,988072
5.965560092000005,511304
5.966560092000005,469050
5.967560092000005,702
5.968560092000005,552838
5.969560092000005,553540
5.970560092000005,468380
5.971560092000004,1107080
5.9725600920000055,0
5.973560092000005,425800
5.974560092000004,0
5.975560092000005,0
5.976560092000005,768892
5.9775600920000045,1094368
5.978560092000005,757512
5.979560092000005,553540
5.980560092000005,468380
5.981560092000005,1002632
5.982560092000005,61868
5.983560092000005,0
5.984560092000005,0
5.985560092000005,153760
5.986560092000005,357200
5.987560092000004,561104
5.9885600920000055,829724
5.989560092000005,525272
5.990560092000004,638700
5.991560092000005,0
5.992560092000005,0
5.9935600920000045,497512
5.994560092000005,992788
5.995560092000005,0
5.996560092000005,596120
5.997560092000005,0
5.998560092000005,0
5.999560092000005,689810
6.000560092000005,971550
6.001560092000005,623224
6.002560092000005,1113596
6.003560092000004,201932
6.0045600920000055,0
6.005560092000005,0
6.006560092000004,0
6.007560092000005,118882
6.008560092000005,728942
6.0095600920000045,641316
6.010560092000005,1125094
6.011560092000005,992378
6.012560092000005,949020
6.013560092000005,988072
6.014560092000005,986570
6.015560092000005,1071730
6.016560092000005,519692
6.017560092000005,986570
6.018560092000005,1039988
6.019560092000004,519692
6.0205600920000055,518244
6.021560092000005,1934114
6.022560092000004,1115812
6.023560092000005,986570
6.024560092000005,540082
6.0255600920000045,932936
6.026560092000005,988072
6.027560092000005,1074318
6.028560092000005,800160
6.029560092000005,889510
6.030560092000005,0
6.031560092000005,427044
6.032560092000005,672764
6.033560092000005,980762
6.034560092000005,456286
6.035560092000004,0
6.0365600920000055,106400
6.037560092000005,0
6.038560092000004,228244
6.039560092000005,240136
6.040560092000005,555096
6.0415600920000045,41024
6.042560092000005,979340
6.043560092000005,510960
6.044560092000005,0
6.045560092000005,1021920
6.046560092000005,0
6.047560092000005,0
6.048560092000005,0
6.049560092000005,0
6.050560092000005,510960
6.051560092000004,638700
6.0525600920000056,0
6.053560092000005,638700
6.0545600920000044,1021920
6.055560092000005,10784
6.056560092000005,468434
6.057560092000005,0
6.058560092000005,48176
6.059560092000005,494914
6.060560092000005,1071498
6.061560092000005,943990
6.062560092000005,518190
6.063560092000005,1016474
6.064560092000005,1246384
6.0655600920000055,1232706
6.066560092000005,1015702
6.067560092000004,1384740
6.068560092000006,518190
6.069560092000005,1114310
6.0705600920000045,831486
6.071560092000005,792634
6.072560092000005,953926
6.073560092000005,988018
6.074560092000005,1588286
6.075560092000005,1544114
6.076560092000005,1622732
6.077560092000005,1037882
6.078560092000005,1462180
6.079560092000005,1194738
6.080560092000005,877700
6.0815600920000055,1134926
6.082560092000005,979304
6.083560092000004,1548842
6.084560092000006,1062454
6.085560092000005,1544008
6.0865600920000045,1041534
6.087560092000005,1547286
6.088560092000005,1502664
6.089560092000005,1547340
6.090560092000005,1591476
6.091560092000005,1974588
6.092560092000005,1434728
6.093560092000005,1469690
6.094560092000005,1100404
6.095560092000005,1506262
6.096560092000005,1463682
6.0975600920000055,1483732
6.098560092000005,1616020
6.099560092000004,1909306
6.100560092000006,2054962
6.101560092000005,1041218
6.1025600920000045,1484578
6.103560092000005,519746
6.104560092000005,1071784
6.105560092000005,1497584
6.106560092000005,1424602
6.107560092000005,518190
6.108560092000005,1774250
6.109560092000005,960566
6.110560092000005,545696
6.111560092000005,518190
6.112560092000005,518190
6.1135600920000055,519692
6.114560092000005,943990
6.115560092000004,1071730
6.116560092000006,561002
6.117560092000005,1074244
6.1185600920000045,1399884
6.119560092000005,1378720
6.120560092000005,1239690
6.121560092000005,1769414
6.122560092000005,1505176
6.123560092000005,1037882
6.124560092000005,1037882
6.125560092000005,1547340
6.126560092000005,1913930
6.127560092000005,1268914
6.128560092000005,1198316
6.1295600920000055,1302990
6.130560092000005,1465238
6.131560092000004,1077404
6.132560092000006,1037882
6.133560092000005,1463736
6.1345600920000045,1078906
6.135560092000005,1504922
6.136560092000005,2229960
6.137560092000005,1044592
6.138560092000005,1583210
6.139560092000005,1037882
6.140560092000005,1335042
6.141560092000005,1287348
6.142560092000005,1557156
6.143560092000005,662198
6.144560092000005,524360
6.1455600920000055,1533940
6.146560092000005,1158392
6.147560092000004,1050390
6.148560092000006,954828
6.149560092000005,945492
6.1505600920000045,1032748
6.151560092000005,1198218
6.152560092000005,964386
6.153560092000005,1185278
6.154560092000005,1300066
6.155560092000005,518190
6.156560092000005,1115812
6.157560092000005,1582690
6.158560092000005,518190
6.159560092000005,799042
6.160560092000005,664640
6.1615600920000055,1072920
6.162560092000005,530584
6.163560092000004,518190
6.164560092000006,986570
6.165560092000005,519692
6.1665600920000045,1116968
6.167560092000005,983912
6.168560092000005,1540110
6.169560092000005,988072
6.170560092000005,518190
6.171560092000005,1495142
6.172560092000005,604306
6.173560092000005,1596462
6.174560092000005,518190
6.175560092000005,519692
6.176560092000005,943990
6.1775600920000056,614430
6.178560092000005,1468712
6.1795600920000044,1497528
6.180560092000006,1438266
6.181560092000005,1216208
6.182560092000005,519746
6.183560092000005,1497476
6.184560092000005,1029150
6.185560092000005,520936
6.186560092000005,1473514
6.187560092000005,1404644
6.188560092000005,1626772
6.189560092000005,943990
6.1905600920000055,518190
6.191560092000005,986570
6.192560092000005,519692
6.193560092000006,518190
6.194560092000005,518190
6.1955600920000045,519692
6.196560092000006,518298
6.197560092000005,1454842
6.198560092000005,519692
6.199560092000005,518190
6.200560092000005,1454950
6.201560092000005,696490
6.202560092000005,809772
6.203560092000005,518190
6.204560092000005,518190
6.205560092000005,1371292
6.2065600920000055,1071788
6.207560092000005,564056
6.208560092000005,1336206
6.209560092000006,518190
6.210560092000005,762216
6.2115600920000045,1248376
6.212560092000006,1034878
6.213560092000005,670224
6.214560092000005,881722
6.215560092000005,709700
6.216560092000005,662976
6.217560092000005,841784
6.218560092000005,1115812
6.219560092000005,943990
6.220560092000005,560894
6.221560092000005,1413748
6.2225600920000055,986570
6.223560092000005,993172
6.224560092000005,1357082
6.225560092000006,1141980
6.226560092000005,1266620
6.2275600920000045,1454950
6.228560092000006,909374
6.229560092000005,871040
6.230560092000005,1329874
6.231560092000005,668676
6.232560092000005,1125294
6.233560092000005,811328
6.234560092000005,980508
6.235560092000005,988072
6.236560092000005,518190
6.237560092000005,518190
6.2385600920000055,553438
6.239560092000005,1591524
6.240560092000005,1029204
6.241560092000006,1115758
6.242560092000005,768586
6.2435600920000045,1259204
6.244560092000006,550202
6.245560092000005,518190
6.246560092000005,518190
6.247560092000005,533750
6.248560092000005,1177740
6.249560092000005,696182
6.250560092000005,518190
6.251560092000005,1499032
6.252560092000005,518190
6.253560092000005,518190
6.2545600920000055,1030652
6.255560092000005,986570
6.256560092000005,943990
6.257560092000006,1625270
6.258560092000005,519692
6.2595600920000045,1175200
6.260560092000006,1564380
6.261560092000005,551936
6.262560092000005,1039486
6.263560092000005,1114310
6.264560092000005,519692
6.265560092000005,1183574
6.266560092000005,1243060
6.267560092000005,1117616
6.268560092000005,1468350
6.269560092000005,736220
6.2705600920000055,997192
6.271560092000005,594230
6.272560092000005,945546
6.273560092000006,559214
6.274560092000005,519692
6.2755600920000045,518190
6.276560092000006,518190
6.277560092000005,945492
6.278560092000005,551774
6.279560092000005,1463946
6.280560092000005,1024498
6.281560092000005,1088722
6.282560092000005,1667850
6.283560092000005,1832378
6.284560092000005,854966
6.285560092000005,1064500
6.2865600920000055,1276368
6.287560092000005,768650
6.288560092000005,41402
6.289560092000006,496914
6.290560092000005,100450
6.2915600920000045,468380
6.292560092000006,450210
6.293560092000005,377358
6.294560092000005,545830
6.295560092000005,0
6.296560092000005,757428
6.297560092000005,775452
6.298560092000005,0
6.299560092000005,669306
6.300560092000005,777090
6.301560092000005,1154326
6.3025600920000056,59750
6.303560092000005,472504
6.304560092000005,469936
6.305560092000006,41024
6.306560092000005,0
6.307560092000005,0
6.308560092000006,0
6.309560092000005,15132
6.310560092000005,102106
6.311560092000005,620276
6.312560092000005,976424
6.313560092000005,24626
6.314560092000005,1550834
6.3155600920000055,468380
6.316560092000005,0
6.317560092000005,425800
6.318560092000006,262000
6.319560092000005,907402
6.320560092000005,774272
6.321560092000006,549358
6.322560092000005,440986
6.323560092000005,784764
6.324560092000006,943990
6.325560092000005,1318022
6.326560092000005,921270
6.327560092000005,596120
6.328560092000005,0
6.329560092000005,0
6.330560092000005,468380
6.3315600920000055,510960
6.332560092000005,0
6.333560092000005,0
6.334560092000006,202882
6.335560092000005,515186
6.336560092000005,518190
6.337560092000006,809664
6.338560092000005,737676
6.339560092000005,519692
6.340560092000006,1115866
6.341560092000005,639630
6.342560092000005,1546356
6.343560092000005,518190
6.344560092000005,1105314
6.345560092000005,1337708
6.346560092000005,673598
6.3475600920000055,926998
6.348560092000005,977396
6.349560092000005,1029150
6.350560092000006,518190
6.351560092000005,890626
6.352560092000005,1955114
6.353560092000006,1025866
6.354560092000005,1036380
6.355560092000005,1042982
6.356560092000006,1485672
6.357560092000005,1051870
6.358560092000005,1495278
6.359560092000005,1602406
6.360560092000005,1036380
6.361560092000005,1583442
6.362560092000005,1476330
6.3635600920000055,1159452
6.364560092000005,1507818
6.365560092000005,1504706
6.366560092000006,1036380
6.367560092000005,1422712
6.368560092000005,1121432
6.369560092000006,1462180
6.370560092000005,1504760
6.371560092000005,1037882
6.372560092000006,2043804
6.373560092000005,1753246
6.374560092000005,518190
6.375560092000005,1073232
6.376560092000005,518190
6.377560092000005,518190
6.378560092000005,1325492
6.3795600920000055,649150
6.380560092000005,518190
6.381560092000005,1194936
6.382560092000006,1027368
6.383560092000005,848704
6.384560092000005,998640
6.385560092000006,550202
6.386560092000005,518190
6.387560092000005,518190
6.388560092000006,580474
6.389560092000005,1010948
6.390560092000005,518190
6.391560092000005,945492
6.392560092000005,518190
6.393560092000005,601718
6.394560092000005,915382
6.3955600920000055,518190
6.396560092000005,986570
6.397560092000005,518190
6.398560092000006,519692
6.399560092000005,518190
6.400560092000005,1178130
6.401560092000006,675894
6.402560092000005,2033446
6.403560092000005,518190
6.404560092000006,1541612
6.405560092000005,943990
6.406560092000005,1030394
6.407560092000005,943990
6.408560092000005,1126650
6.409560092000005,518190
6.410560092000005,518190
6.4115600920000055,669924
6.412560092000005,836338
6.413560092000005,986570
6.414560092000006,519692
6.415560092000005,519434
6.416560092000005,1072974
6.417560092000006,1499032
6.418560092000005,1030394
6.419560092000005,524360
6.420560092000006,1737882
6.421560092000005,1654278
6.422560092000005,1351242
6.423560092000005,1625270
6.424560092000005,519692
6.425560092000005,1025730
6.426560092000005,863806
6.4275600920000056,1430082
6.428560092000005,1005172
6.429560092000005,588222
6.430560092000006,767500
6.431560092000005,696182
6.4325600920000054,945546
6.433560092000006,560458
6.434560092000005,963570
6.435560092000005,970048
6.436560092000006,559214
6.437560092000005,530584
6.438560092000005,1156836
6.439560092000005,1071730
6.4405600920000055,988072
6.441560092000005,518190
6.442560092000005,518190
6.443560092000006,1103796
6.444560092000005,1380304
6.445560092000005,602896
6.446560092000006,885904
6.447560092000005,1111830
6.4485600920000055,717026
6.449560092000006,1032916
6.450560092000005,519692
6.451560092000005,1448580
6.452560092000006,609720
6.453560092000005,518190
6.454560092000005,519692
6.455560092000005,675754
6.4565600920000055,1019858
6.457560092000005,1506262
6.458560092000005,1037882
6.459560092000006,1036380
6.460560092000005,1463790
6.461560092000005,1506154
6.462560092000006,1322208
6.463560092000005,1368720
6.4645600920000055,2052012
6.465560092000006,1859166
6.466560092000005,2470022
6.467560092000005,2378892
6.468560092000006,2500062
6.469560092000005,2588280
6.470560092000005,2115286
6.471560092000005,2466040
6.4725600920000055,2150864
6.473560092000005,2074316
6.474560092000005,2544090
6.475560092000006,2627802
6.476560092000005,2544494
6.477560092000005,2961268
6.478560092000006,2741206
6.479560092000005,2424546
6.4805600920000055,2194388
6.481560092000006,2180604
6.482560092000005,2542642
6.483560092000005,2466548
6.484560092000006,1917922
6.485560092000005,1601942
6.486560092000005,2120086
6.487560092000005,1518602
6.4885600920000055,1468804
6.489560092000005,1072336
6.490560092000005,1548842
6.491560092000006,1037882
6.492560092000005,1070018
6.493560092000005,1472624
6.494560092000006,2039060
6.495560092000005,1653242
6.4965600920000055,1037882
6.497560092000006,1550398
6.498560092000005,1939842
6.499560092000005,1562414
6.500560092000006,1328594
6.501560092000005,1462180
6.502560092000005,1183226
6.503560092000005,1056376
6.5045600920000055,1037882
6.505560092000005,1036380
6.506560092000005,1463682
6.507560092000006,1037882
6.508560092000005,1462180
6.509560092000005,1691672
6.510560092000006,1447090
6.511560092000005,1644840
6.5125600920000055,1589920
6.513560092000006,1037882
6.514560092000005,1614006
6.515560092000005,1482176
6.516560092000006,1037882
6.517560092000005,1608052
6.518560092000005,1104910
6.519560092000005,1782982
6.5205600920000055,1526982
6.521560092000005,1419816
6.522560092000005,1313504
6.523560092000006,1592978
6.524560092000005,1078906
6.525560092000005,1036380
6.526560092000006,2102382
6.527560092000005,1591422
6.5285600920000055,1883836
6.529560092000006,1253424
6.530560092000005,1094050
6.531560092000005,1352086
6.532560092000006,1134388
6.533560092000005,1392472
6.534560092000005,1226330
6.535560092000005,1103062
6.5365600920000055,1439580
6.537560092000005,1463682
6.538560092000005,1048558
6.539560092000006,1579244
6.540560092000005,1037882
6.541560092000005,1051994
6.542560092000006,1490648
6.543560092000005,1037882
6.5445600920000055,690206
6.545560092000006,896580
6.546560092000005,1470812
6.547560092000005,1120400
6.548560092000006,1164662
6.549560092000005,1154918
6.550560092000005,832988
6.551560092000005,675246
6.5525600920000056,1447948
6.553560092000005,874860
6.554560092000005,893884
6.555560092000006,986624
6.556560092000005,1454896
6.5575600920000054,1073232
6.558560092000006,518190
6.559560092000005,943990
6.560560092000006,547538
6.561560092000006,1129044
6.562560092000005,519434
6.563560092000005,988072
6.564560092000006,1082568
6.5655600920000055,1071730
6.566560092000005,945492
6.567560092000005,518190
6.568560092000006,518190
6.569560092000005,1497530
6.570560092000005,519692
6.571560092000006,518190
6.572560092000005,1071730
6.5735600920000055,1204472
6.574560092000006,1489740
6.575560092000005,1354892
6.576560092000006,1030652
6.577560092000006,1004706
6.578560092000005,1500634
6.579560092000005,986570
6.580560092000006,519692
6.5815600920000055,518190
6.582560092000005,518190
6.583560092000005,1030652
6.584560092000006,529028
6.585560092000005,1029150
6.586560092000005,519692
6.587560092000006,518190
6.588560092000005,518190
6.5895600920000055,518190
6.590560092000006,928348
6.591560092000005,1868346
6.592560092000006,1366270
6.593560092000006,725078
6.594560092000005,928462
6.595560092000005,587190
6.596560092000006,1073232
6.5975600920000055,943990
6.598560092000005,1029150
6.599560092000005,1021170
6.600560092000006,1081212
6.601560092000005,1156890
6.602560092000005,518190
6.603560092000006,945492
6.604560092000005,986570
6.6055600920000055,518190
6.606560092000006,1584192
6.607560092000005,1107042
6.608560092000006,1674464
6.609560092000006,1012118
6.610560092000005,1211540
6.611560092000005,846760
6.612560092000006,1156890
6.6135600920000055,988072
6.614560092000005,529028
6.615560092000005,986570
6.616560092000006,519692
6.617560092000005,518190
6.618560092000005,986570
6.619560092000006,1158392
6.620560092000005,518190
6.6215600920000055,1071730
6.622560092000006,519692
6.623560092000005,1071730
6.624560092000006,1486130
6.625560092000006,837494
6.626560092000005,698246
6.627560092000005,1077322
6.628560092000006,1559020
6.6295600920000055,967606
6.630560092000005,1569490
6.631560092000005,1137608
6.632560092000006,1518240
6.633560092000005,1128838
6.634560092000005,649250
6.635560092000006,1029150
6.636560092000005,1073232
6.6375600920000055,986570
6.638560092000006,986570
6.639560092000005,1073232
6.640560092000006,862974
6.641560092000006,1207720
6.642560092000005,560716
6.643560092000005,943990
6.644560092000006,518190
6.6455600920000055,945492
6.646560092000005,518244
6.647560092000005,1167674
6.648560092000006,518190
6.649560092000005,962684
6.650560092000005,1011958
6.651560092000006,943990
6.652560092000005,945492
6.6535600920000055,1071730
6.654560092000006,518190
6.655560092000005,718068
6.656560092000006,1618982
6.657560092000006,903034
6.658560092000005,986624
6.659560092000005,1345650
6.660560092000006,1352798
6.6615600920000055,591642
6.662560092000005,1441368
6.663560092000005,1179448
6.664560092000006,1037882
6.665560092000005,1450442
6.666560092000005,1557898
6.667560092000006,1699210
6.668560092000005,1838734
6.6695600920000055,1556072
6.670560092000006,1554570
6.671560092000005,1556072
6.672560092000006,1819278
6.673560092000006,1718666
6.674560092000005,2026008
6.675560092000005,2041800
6.676560092000006,2626300
6.6775600920000056,2236112
6.678560092000005,1813026
6.679560092000005,2624814
6.680560092000006,2768592
6.681560092000005,2031184
6.6825600920000054,1802216
6.683560092000006,1554570
6.684560092000005,1897960
6.685560092000006,1948466
6.686560092000006,1116570
6.687560092000005,953164
6.688560092000006,629246
6.689560092000006,1005892
6.6905600920000055,633098
6.691560092000005,1075820
6.692560092000006,556680
6.693560092000006,936010
6.694560092000005,527672
6.695560092000005,1454950
6.696560092000006,1396782
6.697560092000005,1198104
6.6985600920000055,956360
6.699560092000006,547668
6.700560092000005,789484
6.701560092000006,812776
6.702560092000006,518190
6.703560092000005,986570
6.704560092000006,519692
6.705560092000006,1498774
6.7065600920000055,943990
6.707560092000005,945492
6.708560092000006,1667850
6.709560092000006,643154
6.710560092000005,927036
6.711560092000005,1029042
6.712560092000006,939738
6.713560092000005,1056094
6.7145600920000055,624740
6.715560092000006,947102
6.716560092000005,1016140
6.717560092000006,997970
6.718560092000006,1071730
6.719560092000005,1114310
6.720560092000006,519692
6.721560092000006,1540110
6.7225600920000055,940516
6.723560092000005,1056710
6.724560092000006,538186
6.725560092000006,986570
6.726560092000005,518190
6.727560092000005,685506
6.728560092000006,820756
6.729560092000005,902496
6.7305600920000055,1157306
6.731560092000006,1059892
6.732560092000005,1040988
6.733560092000006,1115812
6.734560092000006,518190
6.735560092000005,518190
6.736560092000006,518190
6.737560092000006,988072
6.7385600920000055,518190
6.739560092000005,943990
6.740560092000006,1384064
6.741560092000006,1101538
6.742560092000005,518190
6.743560092000005,519692
6.744560092000006,943990
6.745560092000005,986570
6.7465600920000055,519692
6.747560092000006,1594772
6.748560092000005,1041782
6.749560092000006,1207492
6.750560092000006,1586354
6.751560092000005,987146
6.752560092000006,986570
6.753560092000006,519692
6.7545600920000055,1454950
6.755560092000005,624590
6.756560092000006,945492
6.757560092000006,1125148
6.758560092000005,994192
6.759560092000005,1085348
6.760560092000006,945492
6.761560092000005,1029150
6.7625600920000055,1071730
6.763560092000006,519692
6.764560092000005,1412370
6.765560092000006,1156890
6.766560092000006,660604
6.767560092000005,973398
6.768560092000006,529028
6.769560092000006,519692
6.7705600920000055,1114310
6.771560092000005,986570
6.772560092000006,519434
6.773560092000006,998910
6.774560092000005,1158958
6.775560092000005,1457670
6.776560092000006,961944
6.777560092000005,986570
6.7785600920000055,1114310
6.779560092000006,1030652
6.780560092000005,624590
6.781560092000006,832210
6.782560092000006,800290
6.783560092000005,1349690
6.784560092000006,1082196
6.785560092000006,1034878
6.7865600920000055,1050222
6.787560092000005,2100880
6.788560092000006,1036380
6.789560092000006,1676582
6.790560092000005,1676582
6.791560092000005,1463424
6.792560092000006,1037882
6.793560092000005,1634002
6.7945600920000055,1036380
6.795560092000006,1540038
6.796560092000005,1216906
6.797560092000006,1193598
6.798560092000006,1304962
6.799560092000005,1676582
6.800560092000006,2149510
6.801560092000006,1880498
6.8025600920000056,1660328
6.803560092000005,1492702
6.804560092000006,1623996
6.805560092000006,1032702
6.806560092000005,1028870
6.8075600920000054,1075704
6.808560092000006,755322
6.809560092000005,1138608
6.810560092000006,559214
6.811560092000006,518244
6.812560092000005,1117314
6.813560092000006,559214
6.814560092000006,986570
6.8155600920000055,530746
6.816560092000006,1497314
6.817560092000006,1412370
6.818560092000006,518190
6.819560092000005,519692
6.820560092000006,943990
6.821560092000006,986570
6.822560092000005,1594814
6.8235600920000055,1359168
6.824560092000006,551828
6.825560092000005,954434
6.826560092000006,518190
6.827560092000006,1540110
6.828560092000005,1178130
6.829560092000006,519692
6.830560092000006,1003146
6.8315600920000055,544194
6.832560092000006,988072
6.833560092000006,986570
6.834560092000006,1656342
6.835560092000005,1267670
6.836560092000006,973960
6.837560092000006,519434
6.838560092000005,1029150
6.8395600920000055,519692
6.840560092000006,697846
6.841560092000005,764334
6.842560092000006,945492
6.843560092000006,968026
6.844560092000005,755180
6.845560092000006,577708
6.846560092000006,741928
6.8475600920000055,764334
6.848560092000006,641894
6.849560092000006,821788
6.850560092000006,518190
6.851560092000005,1135550
6.852560092000006,520936
6.853560092000006,518190
6.854560092000005,1114310
6.8555600920000055,1631386
6.856560092000006,1036822
6.857560092000005,718804
6.858560092000006,584980
6.859560092000006,1006442
6.860560092000005,518190
6.861560092000006,1071730
6.862560092000006,519692
6.8635600920000055,518190
6.864560092000006,940678
6.865560092000006,650744
6.866560092000006,1125148
6.867560092000005,1317928
6.868560092000006,617192
6.869560092000006,1205370
6.870560092000005,834506
6.8715600920000055,1301378
6.872560092000006,106346
6.873560092000005,596174
6.874560092000006,0
6.875560092000006,468380
6.876560092000005,468380
6.877560092000006,0
6.878560092000006,0
6.8795600920000055,1021920
6.880560092000006,1064500
6.881560092000006,0
6.882560092000006,0
6.883560092000005,638700
6.884560092000006,1074214
6.885560092000006,1523166
6.886560092000005,286984
6.8875600920000055,347226
6.888560092000006,398548
6.889560092000005,526974
6.890560092000006,750426
6.891560092000006,468380
6.892560092000005,532200
6.893560092000006,0
6.894560092000006,0
6.8955600920000055,0
6.896560092000006,621708
6.897560092000006,831804
6.898560092000006,590328
6.899560092000005,0
6.900560092000006,0
6.901560092000006,936760
6.902560092000005,10784
6.9035600920000055,468434
6.904560092000006,0
6.905560092000005,0
6.906560092000006,0
6.907560092000006,0
6.908560092000005,894180
6.909560092000006,174988
6.910560092000006,421132
6.9115600920000055,0
6.912560092000006,945934
6.913560092000006,1097906
6.914560092000006,0
6.915560092000005,638700
6.916560092000006,510960
6.917560092000006,0
6.918560092000005,0
6.9195600920000055,0
6.920560092000006,517470
6.921560092000005,515288
6.922560092000006,0
6.923560092000006,0
6.924560092000005,468380
6.925560092000006,0
6.926560092000006,0
6.9275600920000056,596120
6.928560092000006,553540
6.929560092000006,334524
6.930560092000006,272434
6.931560092000005,0
6.932560092000006,0
6.933560092000006,337382
6.934560092000005,184416
6.935560092000006,468380
6.936560092000006,1107080
6.937560092000005,0
6.938560092000006,978870
6.939560092000006,108534
6.9405600920000055,594456
6.941560092000006,45172
6.942560092000006,598158
6.943560092000006,381508
6.944560092000006,1023320
6.945560092000006,689852
6.946560092000006,0
6.947560092000005,468380
6.948560092000006,436368
6.949560092000006,32012
6.950560092000005,0
6.951560092000006,553540
6.952560092000006,147790
6.953560092000005,320590
6.954560092000006,0
6.955560092000006,0
6.9565600920000055,894180
6.957560092000006,0
6.958560092000006,468380
6.959560092000006,0
6.960560092000006,1002632
6.961560092000006,200500
6.962560092000006,615106
6.963560092000005,140442
6.964560092000006,33692
6.965560092000006,488106
6.966560092000005,596120
6.967560092000006,32136
6.968560092000006,436244
6.969560092000005,0
6.970560092000006,0
6.971560092000006,318094
6.9725600920000055,869852
6.973560092000006,304842
6.974560092000006,468380
6.975560092000006,468380
6.976560092000006,860774
6.977560092000006,555204
6.978560092000006,1029576
6.979560092000005,503304
6.980560092000006,468380
6.981560092000006,1039366
6.982560092000005,370280
6.983560092000006,506354
6.984560092000006,553540
6.985560092000005,0
6.986560092000006,436584
6.987560092000006,726032
6.9885600920000055,778360
6.989560092000006,625906
6.990560092000006,1103806
6.991560092000006,88434
6.992560092000006,801456
6.993560092000006,731424
6.994560092000006,117238
6.995560092000005,468380
6.996560092000006,945140
6.997560092000006,530902
6.998560092000005,908734
6.999560092000006,977558
7.000560092000006,518190
7.001560092000005,1029150
7.002560092000006,1030652
7.003560092000006,986570
7.0045600920000055,518190
7.005560092000006,519692
7.006560092000006,986570
7.007560092000006,1454950
7.008560092000006,519692
7.009560092000006,1071730
7.010560092000006,518190
7.011560092000005,943990
7.012560092000006,988072
7.013560092000006,986570
7.014560092000005,1030290
7.015560092000006,702618
7.016560092000006,888908
7.017560092000005,624590
7.018560092000006,945546
7.019560092000006,695558
7.0205600920000055,41024
7.021560092000006,0
7.022560092000006,0
7.023560092000006,638700
7.024560092000006,510960
7.025560092000006,849936
7.026560092000006,535408
7.027560092000005,104956
7.028560092000006,270472
7.029560092000006,985068
7.030560092000005,300732
7.031560092000006,789920
7.032560092000006,542762
7.033560092000005,649390
7.034560092000006,2042
7.035560092000006,423758
7.0365600920000055,0
7.037560092000006,401298
7.038560092000006,24502
7.039560092000006,596120
7.040560092000006,512516
7.041560092000006,637144
7.042560092000006,0
7.043560092000005,574780
7.044560092000006,468380
7.045560092000006,510960
7.046560092000005,553540
7.047560092000006,0
7.048560092000006,0
7.049560092000005,0
7.050560092000006,940792
7.051560092000006,698488
7.0525600920000056,425800
7.053560092000006,0
7.054560092000006,357616
7.055560092000006,621724
7.056560092000006,1151642
7.057560092000006,849764
7.058560092000006,764330
7.059560092000005,1004696
7.0605600920000064,556366
7.061560092000006,144618
7.062560092000005,705604
7.063560092000006,254032
7.064560092000006,0
7.0655600920000055,243048
7.066560092000006,1008472
7.067560092000006,1057428
7.068560092000006,489008
7.069560092000006,140064
7.070560092000006,0
7.071560092000006,106400
7.072560092000006,0
7.073560092000006,0
7.074560092000006,425800
7.075560092000005,0
7.0765600920000065,0
7.077560092000006,0
7.078560092000005,14220
7.079560092000006,539320
7.080560092000006,316338
7.0815600920000055,536818
7.082560092000006,594564
7.083560092000006,0
7.084560092000006,0
7.085560092000006,227920
7.086560092000006,836580
7.087560092000006,468380
7.088560092000006,0
7.089560092000006,683840
7.090560092000006,983982
7.091560092000005,1208484
7.0925600920000065,863658
7.093560092000006,950398
7.094560092000005,338282
7.095560092000006,10838
7.096560092000006,468380
7.0975600920000055,0
7.098560092000006,0
7.099560092000006,553540
7.100560092000006,596120
7.101560092000006,448870
7.102560092000006,402730
7.103560092000006,0
7.104560092000006,10838
7.105560092000006,0
7.106560092000006,425800
7.107560092000005,553540
7.1085600920000065,425800
7.109560092000006,425800
7.110560092000005,425800
7.111560092000006,2096
7.112560092000006,466284
7.1135600920000055,0
7.114560092000006,162
7.115560092000006,638538
7.116560092000006,935766
7.117560092000006,256474
7.118560092000006,0
7.119560092000006,0
7.120560092000006,468380
7.121560092000006,468380
7.122560092000006,638700
7.123560092000005,468380
7.1245600920000065,1021920
7.125560092000006,0
7.126560092000005,320806
7.127560092000006,147574
7.128560092000006,0
7.1295600920000055,0
7.130560092000006,1244
7.131560092000006,384776
7.132560092000006,51862
7.133560092000006,106400
7.134560092000006,0
7.135560092000006,0
7.136560092000006,512516
7.137560092000006,41024
7.138560092000006,425800
7.139560092000005,0
7.1405600920000065,6710
7.141560092000006,670106
7.142560092000005,1047698
7.143560092000006,986570
7.144560092000006,988072
7.1455600920000055,986570
7.146560092000006,944584
7.147560092000006,1455858
7.148560092000006,1173978
7.149560092000006,522342
7.150560092000006,538418
7.151560092000006,1053004
7.152560092000006,882646
7.153560092000006,1186492
7.154560092000006,1237286
7.155560092000005,971496
7.1565600920000065,943990
7.157560092000006,519692
7.158560092000005,518190
7.159560092000006,518190
7.160560092000006,518190
7.1615600920000055,1180876
7.162560092000006,1321794
7.163560092000006,488284
7.164560092000006,479218
7.165560092000006,532200
7.166560092000006,596120
7.167560092000006,425800
7.168560092000006,538386
7.169560092000006,995738
7.170560092000006,894180
7.171560092000005,231420
7.1725600920000065,507676
7.173560092000006,348796
7.174560092000005,0
7.175560092000006,468380
7.176560092000006,510960
7.1775600920000056,596120
7.178560092000006,909794
7.179560092000006,922390
7.180560092000006,659940
7.181560092000006,468380
7.182560092000006,0
7.183560092000006,468380
7.184560092000006,553540
7.1855600920000064,468380
7.186560092000006,0
7.187560092000005,0
7.188560092000007,468380
7.189560092000006,1021920
7.1905600920000055,599178
7.191560092000006,314852
7.192560092000006,235630
7.193560092000006,425800
7.194560092000006,521798
7.195560092000006,975866
7.196560092000006,3474
7.197560092000006,823516
7.198560092000006,240984
7.199560092000006,381410
7.200560092000006,601042
7.2015600920000065,82048
7.202560092000006,510960
7.203560092000005,0
7.204560092000007,468380
7.205560092000006,0
7.2065600920000055,0
7.207560092000006,510960
7.208560092000006,0
7.209560092000006,510960
7.210560092000006,50322
7.211560092000006,789170
7.212560092000006,368848
7.213560092000006,590858
7.214560092000006,984100
7.215560092000006,755516
7.216560092000006,1114310
7.2175600920000065,315330
7.218560092000006,760994
7.219560092000005,468380
7.220560092000007,0
7.221560092000006,0
7.2225600920000055,979340
7.223560092000006,332926
7.224560092000006,1194558
7.225560092000006,622756
7.226560092000006,0
7.227560092000006,0
7.228560092000006,530744
7.229560092000006,286884
7.230560092000006,269356
7.231560092000006,0
7.232560092000006,106400
7.2335600920000065,853156
7.234560092000006,41024
7.235560092000005,427356
7.236560092000007,782950
7.237560092000006,1182894
7.2385600920000055,695952
7.239560092000006,0
7.240560092000006,0
7.241560092000006,1262056
7.242560092000006,696624
7.243560092000006,408592
7.244560092000006,325300
7.245560092000006,857598
7.246560092000006,831094
7.247560092000006,411088
7.248560092000006,0
7.2495600920000065,510960
7.250560092000006,351580
7.251560092000005,1068726
7.252560092000007,518190
7.253560092000006,518190
7.2545600920000055,1114310
7.255560092000006,611168
7.256560092000006,1464206
7.257560092000006,1037882
7.258560092000006,1073564
7.259560092000006,1071730
7.260560092000006,518190
7.261560092000006,1344510
7.262560092000006,673956
7.263560092000006,518190
7.264560092000006,1202582
7.2655600920000065,1069034
7.266560092000006,774756
7.267560092000005,1053236
7.268560092000007,942542
7.269560092000006,657854
7.2705600920000055,868350
7.271560092000006,157108
7.272560092000006,523354
7.273560092000006,41132
7.274560092000006,425692
7.275560092000006,0
7.276560092000006,15132
7.277560092000006,197668
7.278560092000006,510960
7.279560092000006,0
7.280560092000006,649538
7.2815600920000065,0
7.282560092000006,783362
7.283560092000005,621778
7.284560092000007,0
7.285560092000006,1107080
7.2865600920000055,576112
7.287560092000006,583316
7.288560092000006,786234
7.289560092000006,1100910
7.290560092000006,0
7.291560092000006,532200
7.292560092000006,0
7.293560092000006,0
7.294560092000006,468380
7.295560092000006,979340
7.296560092000006,423882
7.2975600920000065,226834
7.298560092000006,286044
7.299560092000005,851600
7.300560092000007,574780
7.301560092000006,357270
7.3025600920000056,540022
7.303560092000006,96268
7.304560092000006,539320
7.305560092000006,425800
7.306560092000006,468380
7.307560092000006,1192240
7.308560092000006,0
7.309560092000006,0
7.3105600920000064,0
7.311560092000006,596120
7.312560092000006,425800
7.313560092000007,0
7.314560092000006,1021920
7.3155600920000055,0
7.316560092000007,0
7.317560092000006,468380
7.318560092000006,578620
7.319560092000006,358140
7.320560092000006,894180
7.321560092000006,112
7.322560092000006,431074
7.323560092000006,1363620
7.324560092000006,694680
7.325560092000006,1264792
7.3265600920000065,518190
7.327560092000006,1454950
7.328560092000006,518190
7.329560092000007,1108864
7.330560092000006,1036098
7.3315600920000055,943990
7.332560092000007,519692
7.333560092000006,943990
7.334560092000006,1412370
7.335560092000006,1541612
7.336560092000006,1114310
7.337560092000006,1454950
7.338560092000006,1412370
7.339560092000006,626092
7.340560092000006,943990
7.341560092000006,518190
7.3425600920000065,945492
7.343560092000006,541376
7.344560092000006,0
7.345560092000007,0
7.346560092000006,0
7.3475600920000055,0
7.348560092000007,0
7.349560092000006,1064500
7.350560092000006,199274
7.351560092000006,1011714
7.352560092000006,162410
7.353560092000006,553594
7.354560092000006,1137736
7.355560092000006,533668
7.356560092000006,468380
7.357560092000006,0
7.3585600920000065,828800
7.359560092000006,746660
7.360560092000006,596120
7.361560092000007,510960
7.362560092000006,247030
7.3635600920000055,306510
7.364560092000007,106400
7.365560092000006,434720
7.366560092000006,805488
7.367560092000006,134434
7.368560092000006,18834
7.369560092000006,1258566
7.370560092000006,553540
7.371560092000006,483512
7.372560092000006,816062
7.373560092000006,942488
7.3745600920000065,762704
7.375560092000006,468850
7.376560092000006,438956
7.377560092000007,179348
7.378560092000006,914576
7.3795600920000055,0
7.380560092000007,0
7.381560092000006,449194
7.382560092000006,966784
7.383560092000006,468380
7.384560092000006,0
7.385560092000006,0
7.386560092000006,454418
7.387560092000006,1027470
7.388560092000006,629168
7.389560092000006,0
7.3905600920000065,951892
7.391560092000006,1065722
7.392560092000006,518190
7.393560092000007,42388
7.394560092000006,186388
7.3955600920000055,367152
7.396560092000007,491176
7.397560092000006,41024
7.398560092000006,0
7.399560092000006,1021920
7.400560092000006,740182
7.401560092000006,68738
7.402560092000006,1107080
7.403560092000006,525672
7.404560092000006,113028
7.405560092000006,468380
7.4065600920000065,155246
7.407560092000006,270554
7.408560092000006,468380
7.409560092000007,436638
7.410560092000006,0
7.4115600920000055,510960
7.412560092000007,389844
7.413560092000006,659112
7.414560092000006,867144
7.415560092000006,553540
7.416560092000006,387628
7.417560092000006,1468522
7.418560092000006,212746
7.419560092000006,533382
7.420560092000006,486874
7.421560092000006,0
7.4225600920000065,425800
7.423560092000006,127782
7.424560092000006,495660
7.425560092000007,1330268
7.426560092000006,578852
7.4275600920000056,1916226
7.428560092000007,1600434
7.429560092000006,1195642
7.430560092000006,559214
7.431560092000006,519692
7.432560092000006,952040
7.433560092000006,935940
7.434560092000006,1300120
7.4355600920000064,802262
7.436560092000006,518190
7.437560092000006,518190
7.438560092000007,945492
7.439560092000006,519434
7.440560092000006,518190
7.441560092000007,1371292
7.442560092000006,902966
7.443560092000006,1030706
7.444560092000007,480978
7.445560092000006,0
7.446560092000006,0
7.447560092000006,0
7.448560092000006,0
7.449560092000006,468380
7.450560092000006,0
7.4515600920000065,164366
7.452560092000006,346594
7.453560092000006,0
7.454560092000007,267388
7.455560092000006,200992
7.456560092000006,58
7.457560092000007,588476
7.458560092000006,444224
7.459560092000006,933344
7.460560092000007,67236
7.461560092000006,102248
7.462560092000006,56834
7.463560092000006,1143806
7.464560092000006,1106610
7.465560092000006,443262
7.466560092000006,0
7.4675600920000065,0
7.468560092000006,0
7.469560092000006,464906
7.470560092000007,599594
7.471560092000006,638700
7.472560092000006,0
7.473560092000007,596120
7.474560092000006,425800
7.475560092000006,425800
7.476560092000007,108
7.477560092000006,1064392
7.478560092000006,851600
7.479560092000006,0
7.480560092000006,512204
7.481560092000006,10838
7.482560092000006,106400
7.4835600920000065,0
7.484560092000006,596120
7.485560092000006,0
7.486560092000007,1277400
7.487560092000006,259958
7.488560092000006,509178
7.489560092000007,519692
7.490560092000006,518190
7.491560092000006,1025784
7.492560092000007,1076656
7.493560092000006,625776
7.494560092000006,772060
7.495560092000006,734202
7.496560092000006,986570
7.497560092000006,1582690
7.498560092000006,1071730
7.4995600920000065,1073232
7.500560092000006,987814
7.501560092000006,643450
7.502560092000007,1288612
7.503560092000006,986570
7.504560092000006,1029150
7.505560092000007,1051892
7.506560092000006,518190
7.507560092000006,518190
7.508560092000007,721616
7.509560092000006,553540
7.510560092000006,413876
7.511560092000006,608044
7.512560092000006,62230
7.513560092000006,907276
7.514560092000006,988072
7.5155600920000065,518190
7.516560092000006,1114310
7.517560092000006,1115812
7.518560092000007,986570
7.519560092000006,943990
7.520560092000006,518190
7.521560092000007,519692
7.522560092000006,624590
7.523560092000006,533322
7.524560092000007,805998
7.525560092000006,1600552
7.526560092000006,569540
7.527560092000006,1399506
7.528560092000006,610190
7.529560092000006,958702
7.530560092000006,1058262
7.5315600920000065,1032208
7.532560092000006,559214
7.533560092000006,860024
7.534560092000007,183020
7.535560092000006,343752
7.536560092000006,82048
7.537560092000007,698368
7.538560092000006,4152
7.539560092000006,305154
7.540560092000007,801926
7.541560092000006,0
7.542560092000006,58
7.543560092000006,456160
7.544560092000006,576540
7.545560092000006,10838
7.546560092000006,553540
7.5475600920000065,0
7.548560092000006,596120
7.549560092000006,0
7.550560092000007,1021920
7.551560092000006,468380
7.552560092000006,1024978
7.553560092000007,465322
7.554560092000006,15132
7.555560092000006,890966
7.556560092000007,873866
7.557560092000006,298106
7.558560092000006,425800
7.559560092000006,574780
7.5605600920000064,510960
7.561560092000006,893964
7.562560092000006,128010
7.563560092000007,553486
7.564560092000006,106400
7.565560092000006,425800
7.566560092000007,0
7.567560092000006,10676
7.5685600920000065,628024
7.569560092000007,106400
7.570560092000006,510960
7.571560092000006,0
7.572560092000007,0
7.573560092000006,0
7.574560092000006,638700
7.575560092000006,553594
7.5765600920000065,1021866
7.577560092000006,0
7.578560092000006,0
7.579560092000007,179656
7.580560092000006,246144
7.581560092000006,460400
7.582560092000007,476360
7.583560092000006,512516
7.5845600920000065,330942
7.585560092000007,178462
7.586560092000006,15132
7.587560092000006,1246048
7.588560092000007,1400408
7.589560092000006,521788
7.590560092000006,1794418
7.591560092000006,1326286
7.5925600920000065,518190
7.593560092000006,518190
7.594560092000006,519692
7.595560092000007,1385690
7.596560092000006,1036380
7.597560092000006,754094
7.598560092000007,1100446
7.599560092000006,1106834
7.6005600920000065,1073286
7.601560092000007,986516
7.602560092000006,518190
7.603560092000006,773508
7.604560092000007,943628
7.605560092000006,1389894
7.606560092000006,805952
7.607560092000006,724812
7.6085600920000065,664948
7.609560092000006,774286
7.610560092000006,902334
7.611560092000007,797194
7.612560092000006,518190
7.613560092000006,826510
7.614560092000007,679752
7.615560092000006,1030706
7.6165600920000065,665614
7.617560092000007,943520
7.618560092000006,988542
7.619560092000006,1029150
7.620560092000007,642002
7.621560092000006,906840
7.622560092000006,518244
7.623560092000006,1605344
7.6245600920000065,1495962
7.625560092000006,934244
7.626560092000006,1423944
7.627560092000007,854764
7.628560092000006,896418
7.629560092000006,1005280
7.630560092000007,683788
7.631560092000006,1029150
7.6325600920000065,518190
7.633560092000007,1489550
7.634560092000006,706966
7.635560092000006,822092
7.636560092000007,933476
7.637560092000006,570106
7.638560092000006,943936
7.639560092000006,518190
7.6405600920000065,1115812
7.641560092000006,1029150
7.642560092000006,943990
7.643560092000007,1158392
7.644560092000006,527742
7.645560092000006,998586
7.646560092000007,1520044
7.647560092000006,518190
7.6485600920000065,1114310
7.649560092000007,764458
7.650560092000006,741804
7.651560092000006,1047282
7.652560092000007,1138758
7.653560092000006,521302
7.654560092000006,984960
7.655560092000006,811690
7.6565600920000065,1523090
7.657560092000006,1456280
7.658560092000006,903974
7.659560092000007,519692
7.660560092000006,1345136
7.661560092000006,1849932
7.662560092000007,2004872
7.663560092000006,1364148
7.6645600920000065,1634002
7.665560092000007,1369936
7.666560092000006,2024452
7.667560092000006,1742408
7.668560092000007,1440736
7.669560092000006,1101906
7.670560092000006,1037882
7.671560092000006,1036380
7.6725600920000065,1500978
7.673560092000006,1169404
7.674560092000006,1601990
7.675560092000007,1494192
7.676560092000006,1037882
7.677560092000006,1548842
7.678560092000007,1086756
7.679560092000006,1626206
7.6805600920000066,1037882
7.681560092000007,1176268
7.682560092000006,519692
7.683560092000006,518190
7.684560092000007,1412370
7.6855600920000064,986570
7.686560092000006,1339722
7.687560092000006,1501756
7.688560092000007,1036380
7.689560092000006,1037882
7.690560092000006,1548842
7.691560092000007,1504760
7.692560092000006,1037882
7.6935600920000065,1582976
7.694560092000007,1843652
7.695560092000006,1451034
7.696560092000007,1040574
7.697560092000007,1504814
7.698560092000006,1036380
7.699560092000006,1357132
7.700560092000007,1528862
7.7015600920000065,1363772
7.702560092000006,1694470
7.703560092000006,1559724
7.704560092000007,2483172
7.705560092000006,1825848
7.706560092000006,1712096
7.707560092000007,1981972
7.708560092000006,1627394
7.7095600920000065,1202032
7.710560092000007,1548534
7.711560092000006,1164428
7.712560092000007,1048720
7.713560092000007,1036380
7.714560092000006,1560550
7.715560092000006,1374686
7.716560092000007,1227420
7.7175600920000065,1466686
7.718560092000006,1432140
7.719560092000006,1397074
7.720560092000007,1697454
7.721560092000006,2408718
7.722560092000006,2163682
7.723560092000007,2325228
7.724560092000006,1201932
7.7255600920000065,1039384
7.726560092000007,1675080
7.727560092000006,1957138
7.728560092000007,1504706
7.729560092000007,1652804
7.730560092000006,1524756
7.731560092000006,1555416
7.732560092000007,1958164
7.7335600920000065,1554570
7.734560092000006,1981872
7.735560092000006,2196274
7.736560092000007,1554570
7.737560092000006,1554628
7.738560092000006,2121894
7.739560092000007,2109612
7.740560092000006,2150690
7.7415600920000065,2121952
7.742560092000007,1600124
7.743560092000006,1215874
7.744560092000007,1382720
7.745560092000007,1161424
7.746560092000006,1095606
7.747560092000006,1488114
7.748560092000007,1422188
7.7495600920000065,1079376
7.750560092000006,1036380
7.751560092000006,1373038
7.752560092000007,1139364
7.753560092000006,1037624
7.754560092000006,1506262
7.755560092000007,1100528
7.756560092000006,1442114
7.7575600920000065,1070180
7.758560092000007,1601704
7.759560092000006,1036380
7.760560092000007,1589920
7.761560092000007,1056608
7.762560092000006,2147476
7.763560092000006,1036380
7.764560092000007,1548842
7.7655600920000065,1596106
7.766560092000006,1542656
7.767560092000006,1492274
7.768560092000007,1706610
7.769560092000006,1541052
7.770560092000006,1604838
7.771560092000007,2364136
7.772560092000006,2169708
7.7735600920000065,1702144
7.774560092000007,1556072
7.775560092000006,1556072
7.776560092000007,2083272
7.777560092000007,2321978
7.778560092000006,2197482
7.779560092000006,1561048
7.780560092000007,1556072
7.7815600920000065,1983428
7.782560092000006,1922046
7.783560092000006,1783160
7.784560092000007,1761316
7.785560092000006,1773208
7.786560092000006,1945824
7.787560092000007,1638120
7.788560092000006,1840980
7.7895600920000065,1627352
7.790560092000007,1037882
7.791560092000006,1562414
7.792560092000007,1251614
7.793560092000007,1829494
7.794560092000006,1039384
7.795560092000006,1589920
7.796560092000007,1436456
7.7975600920000065,1716276
7.798560092000006,1226306
7.799560092000006,572170
7.800560092000007,519692
7.801560092000006,1582690
7.802560092000006,962126
7.803560092000007,609200
7.804560092000006,1071730
7.8055600920000066,519434
7.806560092000007,1029150
7.807560092000006,1073232
7.808560092000007,973408
7.809560092000007,1460678
7.8105600920000064,1147882
7.811560092000006,539866
7.812560092000007,1454372
7.813560092000007,733228
7.814560092000006,1092912
7.815560092000006,1114310
7.816560092000007,1074442
7.817560092000006,1027940
7.8185600920000065,624590
7.819560092000007,518190
7.820560092000006,519692
7.821560092000007,1150358
7.822560092000007,780202
7.823560092000006,1073232
7.824560092000007,1412370
7.825560092000007,624590
7.8265600920000065,624590
7.827560092000006,519692
7.828560092000007,518190
7.829560092000007,986570
7.830560092000006,519692
7.831560092000006,1245096
7.832560092000007,1028870
7.833560092000006,1582480
7.8345600920000065,1982082
7.835560092000007,1634002
7.836560092000006,1037882
7.837560092000007,1036380
7.838560092000007,1134122
7.839560092000006,1685240
7.840560092000007,1037882
7.841560092000007,1504760
7.8425600920000065,1037882
7.843560092000006,1037882
7.844560092000007,1504760
7.845560092000007,1427218
7.846560092000006,1776866
7.847560092000006,1036380
7.848560092000007,2144962
7.849560092000006,1036380
7.8505600920000065,1591422
7.851560092000007,1036380
7.852560092000006,900598
7.853560092000007,519692
7.854560092000007,986570
7.855560092000006,1710430
7.856560092000007,519746
7.857560092000007,1071676
7.8585600920000065,986570
7.859560092000006,1584192
7.860560092000007,524792
7.861560092000007,942980
7.862560092000006,606358
7.863560092000006,967288
7.864560092000007,1634002
7.865560092000006,1001090
7.8665600920000065,659756
7.867560092000007,986570
7.868560092000006,518190
7.869560092000007,988072
7.870560092000007,518190
7.871560092000006,518190
7.872560092000007,518190
7.873560092000007,988072
7.8745600920000065,986570
7.875560092000006,624590
7.876560092000007,1115812
7.877560092000007,1082676
7.878560092000006,1029042
7.879560092000006,1063334
7.880560092000007,570668
7.881560092000006,604560
7.8825600920000065,936502
7.883560092000007,611130
7.884560092000006,1319700
7.885560092000007,823760
7.886560092000007,526402
7.887560092000006,1065078
7.888560092000007,528970
7.889560092000007,1030652
7.8905600920000065,1533270
7.891560092000006,1078570
7.892560092000007,1030652
7.893560092000007,910476
7.894560092000006,1147824
7.895560092000006,1083800
7.896560092000007,550202
7.897560092000006,954612
7.8985600920000065,1231428
7.899560092000007,519692
7.900560092000006,1071730
7.901560092000007,1454950
7.902560092000007,1444744
7.903560092000006,968962
7.904560092000007,1030236
7.905560092000007,718242
7.9065600920000065,1558648
7.907560092000006,1036434
7.908560092000007,622160
7.909560092000007,519692
7.910560092000006,1497530
7.911560092000006,986570
7.912560092000007,735130
7.913560092000006,1445118
7.9145600920000065,1331892
7.915560092000007,1082730
7.916560092000006,917916
7.917560092000007,1279600
7.918560092000007,1827394
7.919560092000006,705718
7.920560092000007,753944
7.921560092000007,750816
7.9225600920000065,519692
7.923560092000006,518190
7.924560092000007,986570
7.925560092000007,519692
7.926560092000006,945546
7.927560092000006,559214
7.928560092000007,1178130
7.929560092000006,956330
7.9305600920000066,986570
7.931560092000007,518190
7.932560092000006,988072
7.933560092000007,518190
7.934560092000007,518190
7.9355600920000064,765998
7.936560092000007,697684
7.937560092000007,518190
7.938560092000007,1255568
7.939560092000006,1740994
7.940560092000007,735072
7.941560092000007,1170374
7.942560092000006,843550
7.9435600920000065,638700
7.944560092000007,0
7.945560092000006,553540
7.946560092000007,596120
7.947560092000007,979340
7.948560092000006,511014
7.949560092000007,553486
7.950560092000007,425800
7.9515600920000065,42758
7.952560092000007,1064322
7.953560092000007,553540
7.954560092000007,0
7.955560092000006,0
7.956560092000007,425854
7.957560092000007,894180
7.958560092000006,723848
7.9595600920000065,495660
7.960560092000007,464450
7.961560092000006,594
7.962560092000007,893586
7.963560092000007,553540
7.964560092000006,468380
7.965560092000007,855566
7.966560092000007,444634
7.9675600920000065,533852
7.968560092000007,92886
7.969560092000007,0
7.970560092000007,0
7.971560092000006,433364
7.972560092000007,45854
7.973560092000007,553540
7.974560092000006,596120
7.9755600920000065,425800
7.976560092000007,1021920
7.977560092000006,554730
7.978560092000007,54
7.979560092000007,706468
7.980560092000006,1333898
7.981560092000007,471854
7.982560092000007,0
7.9835600920000065,638700
7.984560092000007,0
7.985560092000007,1107080
7.986560092000007,302312
7.987560092000006,166068
7.988560092000007,396792
7.989560092000007,497388
7.990560092000006,0
7.9915600920000065,468380
7.992560092000007,510960
7.993560092000006,596120
7.994560092000007,10838
7.995560092000007,15132
7.996560092000006,602228
7.997560092000007,638700
7.998560092000007,339564
7.9995600920000065,1453448
8.000560092000008,870340
8.001560092000007,510960
8.002560092000007,1104684
8.003560092000006,499812
8.004560092000007,483976
8.005560092000007,0
8.006560092000006,0
8.007560092000006,0
8.008560092000007,0
8.009560092000006,0
8.010560092000006,0
8.011560092000007,894180
8.012560092000006,553540
8.013560092000006,0
8.014560092000007,0
8.015560092000007,1244
8.016560092000006,0
8.017560092000007,229006
8.018560092000007,922210
8.019560092000006,637144
8.020560092000007,553540
8.021560092000007,0
8.022560092000006,0
8.023560092000007,639944
8.024560092000007,0
8.025560092000006,903046
8.026560092000008,300032
8.027560092000007,468380
8.028560092000006,0
8.029560092000008,0
8.030560092000007,0
8.031560092000007,0
8.032560092000008,638700
8.033560092000007,1284882
8.034560092000007,1072296
8.035560092000006,1084894
8.036560092000007,518838
8.037560092000007,1134902
8.038560092000006,840066
8.039560092000006,623616
8.040560092000007,1156890
8.041560092000006,519692
8.042560092000006,1275510
8.043560092000007,1251170
8.044560092000006,1073232
8.045560092000006,608904
8.046560092000007,1321656
8.047560092000007,1388630
8.048560092000006,727756
8.049560092000007,887406
8.050560092000007,518190
8.051560092000006,863444
8.052560092000007,600238
8.053560092000007,518190
8.054560092000006,1103388
8.055560092000007,563834
8.056560092000007,477770
8.057560092000006,953956
8.058560092000008,131784
8.059560092000007,234290
8.060560092000006,649992
8.061560092000008,105896
8.062560092000007,0
8.063560092000007,468380
8.064560092000008,511014
8.065560092000007,1490246
8.066560092000007,0
8.067560092000006,543038
8.068560092000007,0
8.069560092000007,824304
8.070560092000006,768256
8.071560092000006,847884
8.072560092000007,611480
8.073560092000006,1375626
8.074560092000006,1643430
8.075560092000007,1077404
8.076560092000006,1342258
8.077560092000006,1200384
8.078560092000007,1559118
8.079560092000007,2133184
8.080560092000006,1036380
8.081560092000007,1037882
8.082560092000007,1591422
8.083560092000006,1462180
8.084560092000007,1098556
8.085560092000007,1445588
8.086560092000006,1036380
8.087560092000007,1036380
8.088560092000007,1039384
8.089560092000006,1504760
8.090560092000008,1152690
8.091560092000007,943990
8.092560092000006,1471898
8.093560092000008,962180
8.094560092000007,218122
8.095560092000007,0
8.096560092000008,425800
8.097560092000007,1107080
8.098560092000007,894180
8.099560092000006,638700
8.100560092000007,10838
8.101560092000007,0
8.102560092000006,0
8.103560092000006,450448
8.104560092000007,17932
8.105560092000006,0
8.106560092000006,0
8.107560092000007,93934
8.108560092000006,1120790
8.109560092000006,878274
8.110560092000007,58486
8.111560092000007,1058848
8.112560092000006,986570
8.113560092000007,185618
8.114560092000007,308196
8.115560092000006,38960
8.116560092000007,423676
8.117560092000007,516688
8.118560092000006,576440
8.119560092000008,484378
8.120560092000007,23470
8.121560092000006,0
8.122560092000008,468380
8.123560092000007,0
8.124560092000007,1021920
8.125560092000008,60192
8.126560092000007,1013152
8.127560092000007,1158392
8.128560092000008,623176
8.129560092000007,0
8.130560092000007,553540
8.131560092000006,0
8.132560092000007,662856
8.133560092000007,1423564
8.134560092000006,0
8.135560092000006,425800
8.136560092000007,0
8.137560092000006,0
8.138560092000006,468380
8.139560092000007,0
8.140560092000007,1064856
8.141560092000006,518190
8.142560092000007,518190
8.143560092000007,1073232
8.144560092000006,518190
8.145560092000007,1071730
8.146560092000007,519692
8.147560092000006,1233200
8.148560092000007,1548960
8.149560092000007,519692
8.150560092000006,820204
8.151560092000008,1455194
8.152560092000007,1408308
8.153560092000006,1512832
8.154560092000008,1186396
8.155560092000007,1489744
8.156560092000007,1464246
8.157560092000008,1980370
8.158560092000007,1566910
8.159560092000007,2157454
8.160560092000008,2146930
8.161560092000007,1073328
8.162560092000007,1504760
8.163560092000006,1144282
8.164560092000007,1591422
8.165560092000007,1589920
8.166560092000006,1389868
8.167560092000006,1237934
8.168560092000007,1179156
8.169560092000006,1406066
8.170560092000006,1463682
8.171560092000007,1634002
8.172560092000007,1036380
8.173560092000006,1676582
8.174560092000007,1463682
8.175560092000007,1696320
8.176560092000006,1037882
8.177560092000007,1904404
8.178560092000007,1554570
8.179560092000006,1207940
8.180560092000007,2036802
8.181560092000007,1291660
8.182560092000006,1253986
8.183560092000008,1057878
8.184560092000007,1548842
8.185560092000006,1036380
8.186560092000008,1037882
8.187560092000007,1634002
8.188560092000007,1036434
8.189560092000008,1627470
8.190560092000007,1692396
8.191560092000007,1037882
8.192560092000008,1036380
8.193560092000007,1037936
8.194560092000007,1435706
8.195560092000006,1538852
8.196560092000007,1159452
8.197560092000007,1591422
8.198560092000006,1036380
8.199560092000006,1036380
8.200560092000007,1037882
8.201560092000006,1506262
8.202560092000006,1036380
8.203560092000007,1740402
8.204560092000007,2014418
8.205560092000006,1124344
8.206560092000007,1634002
8.207560092000007,1037882
8.208560092000006,1036380
8.209560092000007,1338730
8.210560092000007,1161332
8.211560092000006,1463682
8.212560092000007,1589920
8.213560092000007,1239182
8.214560092000006,1304962
8.215560092000008,1036380
8.216560092000007,1591422
8.217560092000006,1037882
8.218560092000008,1547340
8.219560092000007,1037882
8.220560092000007,1889482
8.221560092000008,1036380
8.222560092000007,1548842
8.223560092000007,1395152
8.224560092000008,1104910
8.225560092000007,1036380
8.226560092000007,1037882
8.227560092000006,1270804
8.228560092000007,1816652
8.229560092000007,1750208
8.230560092000006,1568558
8.231560092000006,1554570
8.232560092000007,1981872
8.233560092000006,1955922
8.234560092000006,1606108
8.235560092000007,1574566
8.236560092000007,1556072
8.237560092000006,2153436
8.238560092000007,2152192
8.239560092000007,1556072
8.240560092000006,2151084
8.241560092000007,1992370
8.242560092000007,2244208
8.243560092000006,1932236
8.244560092000008,1567056
8.245560092000007,2369036
8.246560092000006,1850188
8.247560092000008,1556072
8.248560092000007,1714946
8.249560092000007,1068392
8.250560092000008,1463682
8.251560092000007,1036380
8.252560092000007,1591422
8.253560092000008,1037882
8.254560092000007,1036380
8.255560092000007,2050882
8.256560092000008,1909850
8.257560092000007,1579072
8.258560092000007,1556072
8.259560092000006,2079102
8.260560092000008,1586582
8.261560092000007,2175662
8.262560092000006,2384202
8.263560092000006,2175246
8.264560092000007,1618464
8.265560092000007,2102902
8.266560092000006,1603574
8.267560092000007,1556072
8.268560092000007,2024452
8.269560092000006,2109612
8.270560092000007,1566694
8.271560092000007,2091134
8.272560092000006,2277246
8.273560092000007,2574708
8.274560092000007,2182164
8.275560092000006,2818214
8.276560092000008,2075410
8.277560092000007,1908418
8.278560092000006,2108110
8.279560092000008,1714538
8.280560092000007,2004456
8.281560092000007,1785910
8.282560092000008,2080350
8.283560092000007,1716132
8.284560092000007,1556072
8.285560092000008,2058636
8.286560092000007,1812854
8.287560092000007,1818646
8.288560092000008,2103188
8.289560092000007,1820668
8.290560092000007,2005612
8.291560092000006,1954766
8.292560092000008,2156752
8.293560092000007,1388656
8.294560092000006,1462180
8.295560092000006,1548842
8.296560092000007,1037882
8.297560092000007,1506004
8.298560092000006,1507452
8.299560092000007,1037936
8.300560092000007,1036380
8.301560092000006,1037882
8.302560092000007,1643338
8.303560092000007,1932062
8.304560092000006,1403278
8.305560092000007,1139364
8.306560092000007,1394374
8.307560092000006,1223946
8.308560092000008,1600958
8.309560092000007,1606442
8.310560092000006,1074940
8.311560092000008,1921008
8.312560092000007,1036380
8.313560092000007,1068570
8.314560092000008,2076362
8.315560092000007,1744118
8.316560092000007,1347396
8.317560092000008,1504452
8.318560092000007,1405358
8.319560092000007,1351994
8.320560092000008,1504760
8.321560092000007,1972572
8.322560092000007,1730336
8.323560092000006,1877224
8.324560092000008,1559546
8.325560092000007,1554570
8.326560092000006,2121952
8.327560092000006,2022950
8.328560092000007,2620572
8.329560092000007,1861026
8.330560092000006,1804658
8.331560092000007,2109612
8.332560092000007,1556072
8.333560092000006,2135782
8.334560092000007,1633264
8.335560092000007,1797002
8.336560092000006,2118986
8.337560092000007,1776120
8.338560092000007,1957944
8.339560092000006,1815642
8.340560092000008,1797310
8.341560092000007,2037916
8.342560092000006,1257420
8.343560092000008,1142780
8.344560092000007,1755476
8.345560092000007,1488438
8.346560092000008,1357148
8.347560092000007,1357062
8.348560092000007,1098074
8.349560092000008,1084090
8.350560092000007,1440736
8.351560092000007,1409902
8.352560092000008,1240846
8.353560092000007,1504760
8.354560092000007,1037882
8.355560092000006,1536048
8.356560092000008,1176914
8.357560092000007,1301142
8.358560092000006,1241500
8.359560092000006,1037882
8.360560092000007,586568
8.361560092000007,525700
8.362560092000006,554778
8.363560092000007,908904
8.364560092000007,1071730
8.365560092000006,466408
8.366560092000007,0
8.367560092000007,510960
8.368560092000006,10838
8.369560092000008,638700
8.370560092000007,630708
8.371560092000006,1608748
8.372560092000008,849696
8.373560092000007,425800
8.374560092000007,10838
8.375560092000008,554784
8.376560092000007,10838
8.377560092000007,553540
8.378560092000008,0
8.379560092000007,0
8.380560092000007,545684
8.381560092000008,944616
8.382560092000007,638700
8.383560092000007,0
8.384560092000008,0
8.385560092000008,905018
8.386560092000007,510960
8.387560092000006,894180
8.388560092000008,288416
8.389560092000007,179964
8.390560092000007,1192240
8.391560092000006,0
8.392560092000007,0
8.393560092000007,219324
8.394560092000006,260110
8.395560092000007,1128104
8.396560092000007,0
8.397560092000006,1021920
8.398560092000007,553070
8.399560092000007,468850
8.400560092000006,0
8.401560092000008,0
8.402560092000007,0
8.403560092000006,0
8.404560092000008,0
8.405560092000007,425800
8.406560092000007,569442
8.407560092000008,601458
8.408560092000007,468380
8.409560092000007,0
8.410560092000008,468380
8.411560092000007,1244
8.412560092000007,553540
8.413560092000008,574726
8.414560092000007,216
8.415560092000007,468326
8.416560092000008,1021812
8.417560092000008,425800
8.418560092000007,425800
8.419560092000006,0
8.420560092000008,936760
8.421560092000007,425800
8.422560092000007,0
8.423560092000006,425800
8.424560092000007,0
8.425560092000007,0
8.426560092000006,0
8.427560092000007,468380
8.428560092000007,10838
8.429560092000006,425800
8.430560092000007,0
8.431560092000007,362094
8.432560092000006,516430
8.433560092000008,210612
8.434560092000007,425800
8.435560092000006,469082
8.436560092000008,552838
8.437560092000007,0
8.438560092000007,425800
8.439560092000008,638700
8.440560092000007,0
8.441560092000007,732818
8.442560092000008,246522
8.443560092000007,462840
8.444560092000007,607956
8.445560092000008,123496
8.446560092000007,108
8.447560092000007,425692
8.448560092000008,638700
8.449560092000008,0
8.450560092000007,313484
8.451560092000006,551012
8.452560092000008,518190
8.453560092000007,1108826
8.454560092000007,865720
8.455560092000006,1115650
8.456560092000007,736012
8.457560092000007,768748
8.458560092000006,519692
8.459560092000007,518244
8.460560092000007,1540056
8.461560092000006,988072
8.462560092000007,943990
8.463560092000007,986570
8.464560092000006,1497530
8.465560092000008,872548
8.466560092000007,689466
8.467560092000006,1620174
8.468560092000008,1128976
8.469560092000007,613356
8.470560092000007,1216926
8.471560092000008,1630998
8.472560092000007,594514
8.473560092000007,1115812
8.474560092000008,986570
8.475560092000007,1497530
8.476560092000007,519692
8.477560092000008,1114310
8.478560092000007,922650
8.479560092000007,914658
8.480560092000008,592144
8.481560092000008,943450
8.482560092000007,1209780
8.483560092000006,573202
8.484560092000008,518190
8.485560092000007,736910
8.486560092000007,960912
8.487560092000006,518190
8.488560092000007,980092
8.489560092000007,951970
8.490560092000006,1178130
8.491560092000007,607464
8.492560092000007,0
8.493560092000006,468380
8.494560092000008,0
8.495560092000007,0
8.496560092000006,162
8.497560092000008,1192078
8.498560092000007,425800
8.499560092000007,12082
8.500560092000008,459622
8.501560092000007,320498
8.502560092000007,421294
8.503560092000008,984300
8.504560092000007,28446
8.505560092000007,936760
8.506560092000008,762388
8.507560092000006,1196746
8.508560092000007,212446
8.509560092000008,0
8.510560092000006,638700
8.511560092000007,553540
8.512560092000008,345572
8.513560092000006,1191344
8.514560092000007,1300590
8.515560092000008,1029150
8.516560092000006,1464724
8.517560092000007,593576
8.518560092000008,925562
8.519560092000006,1236148
8.520560092000007,2207524
8.521560092000009,1556072
8.522560092000006,1556072
8.523560092000007,1554570
8.524560092000009,2153694
8.525560092000006,1981872
8.526560092000008,2108110
8.527560092000007,2379560
8.528560092000006,2068254
8.529560092000008,2372794
8.530560092000007,1557316
8.531560092000007,1557574
8.532560092000008,2024194
8.533560092000007,1305896
8.534560092000007,1507764
8.535560092000008,2183036
8.536560092000007,1466740
8.537560092000007,1446852
8.538560092000008,1204512
8.539560092000006,1401214
8.540560092000007,1787922
8.541560092000008,518244
8.542560092000006,987814
8.543560092000007,1115812
8.544560092000008,1004232
8.545560092000006,869826
8.546560092000007,808832
8.547560092000008,995690
8.548560092000006,606570
8.549560092000007,1071730
8.550560092000008,988072
8.551560092000006,518190
8.552560092000007,986570
8.553560092000009,1457122
8.554560092000006,602680
8.555560092000007,518190
8.556560092000009,518190
8.557560092000006,519692
8.558560092000008,1243914
8.559560092000007,729280
8.560560092000006,1467236
8.561560092000008,518190
8.562560092000007,518190
8.563560092000007,519692
8.564560092000008,1305496
8.565560092000007,667644
8.566560092000007,518190
8.567560092000008,1073232
8.568560092000007,1033856
8.569560092000007,609482
8.570560092000008,519692
8.571560092000006,741928
8.572560092000007,762832
8.573560092000008,720992
8.574560092000006,756262
8.575560092000007,547198
8.576560092000008,530530
8.577560092000006,943990
8.578560092000007,518190
8.579560092000008,518190
8.580560092000006,519692
8.581560092000007,518298
8.582560092000008,1029042
8.583560092000006,519692
8.584560092000007,1305106
8.585560092000009,1588418
8.586560092000006,1078200
8.587560092000007,723310
8.588560092000009,724616
8.589560092000006,1189574
8.590560092000008,1816646
8.591560092000007,1223256
8.592560092000006,728756
8.593560092000008,519692
8.594560092000007,518190
8.595560092000007,913264
8.596560092000008,699942
8.597560092000007,961004
8.598560092000007,649712
8.599560092000008,519692
8.600560092000007,1030706
8.601560092000007,1112754
8.602560092000008,982060
8.603560092000006,1184142
8.604560092000007,943990
8.605560092000008,518190
8.606560092000006,1183514
8.607560092000007,556888
8.608560092000008,1714206
8.609560092000006,1258400
8.610560092000007,1037882
8.611560092000008,1036380
8.612560092000006,1036380
8.613560092000007,1039384
8.614560092000008,1256590
8.615560092000006,1241970
8.616560092000007,1566920
8.617560092000009,1573344
8.618560092000006,1423328
8.619560092000008,1161894
8.620560092000009,1305810
8.621560092000006,1364572
8.622560092000008,1635558
8.623560092000007,1078906
8.624560092000007,1411674
8.625560092000008,1086886
8.626560092000007,1167594
8.627560092000007,1267504
8.628560092000008,1618804
8.629560092000007,1244372
8.630560092000007,1495278
8.631560092000008,1605464
8.632560092000007,1075902
8.633560092000007,1349676
8.634560092000008,1192966
8.635560092000006,1036380
8.636560092000007,1037990
8.637560092000008,1476184
8.638560092000006,1960530
8.639560092000007,1550398
8.640560092000008,1078906
8.641560092000006,1036380
8.642560092000007,1037882
8.643560092000008,1246692
8.644560092000006,1721750
8.645560092000007,1591476
8.646560092000009,1462126
8.647560092000006,1037882
8.648560092000007,1036380
8.649560092000009,1263838
8.650560092000006,1252306
8.651560092000008,635574
8.652560092000009,519692
8.653560092000006,518190
8.654560092000008,518190
8.655560092000007,754052
8.656560092000007,837370
8.657560092000008,986570
8.658560092000007,518190
8.659560092000007,519692
8.660560092000008,986570
8.661560092000007,518190
8.662560092000007,1115812
8.663560092000008,518190
8.664560092000007,1503430
8.665560092000007,1079602
8.666560092000008,633660
8.667560092000006,847808
8.668560092000007,1032046
8.669560092000008,538656
8.670560092000006,986570
8.671560092000007,521356
8.672560092000008,1070066
8.673560092000006,997408
8.674560092000007,518190
8.675560092000008,1169992
8.676560092000006,1273030
8.677560092000007,986570
8.678560092000009,990114
8.679560092000006,1377106
8.680560092000007,735736
8.681560092000009,851450
8.682560092000006,675116
8.683560092000008,975932
8.684560092000009,579680
8.685560092000006,519692
8.686560092000008,1156890
8.687560092000007,1454950
8.688560092000007,1073232
8.689560092000008,1131918
8.690560092000007,543162
8.691560092000007,518190
8.692560092000008,519692
8.693560092000007,518190
8.694560092000007,518190
8.695560092000008,1073232
8.696560092000007,518190
8.697560092000007,1444290
8.698560092000008,541190
8.699560092000006,943990
8.700560092000007,518190
8.701560092000008,519692
8.702560092000006,1156890
8.703560092000007,518190
8.704560092000008,551828
8.705560092000006,954434
8.706560092000007,986570
8.707560092000008,1549322
8.708560092000006,1234340
8.709560092000007,790546
8.710560092000009,1260002
8.711560092000006,1627418
8.712560092000007,1263602
8.713560092000009,837278
8.714560092000006,1071730
8.715560092000008,1073232
8.716560092000009,726746
8.717560092000006,1254174
8.718560092000008,1051734
8.719560092000007,904680
8.720560092000007,943936
8.721560092000008,969578
8.722560092000007,1047644
8.723560092000007,943990
8.724560092000008,1380828
8.725560092000007,1380870
8.726560092000007,1072354
8.727560092000008,1048730
8.728560092000007,542692
8.729560092000007,508220
8.730560092000008,0
8.731560092000006,282100
8.732560092000007,314020
8.733560092000008,0
8.734560092000006,58
8.735560092000007,707166
8.736560092000008,839250
8.737560092000006,730184
8.738560092000007,1083140
8.739560092000008,27414
8.740560092000006,0
8.741560092000007,225348
8.742560092000009,434592
8.743560092000006,0
8.744560092000008,0
8.745560092000009,647338
8.746560092000006,1138758
8.747560092000008,943990
8.748560092000009,518190
8.749560092000007,945492
8.750560092000008,1071730
8.751560092000007,1392682
8.752560092000007,709700
8.753560092000008,530800
8.754560092000007,1612660
8.755560092000007,518190
8.756560092000008,519692
8.757560092000007,1071730
8.758560092000007,1071730
8.759560092000008,930672
8.760560092000008,815904
8.761560092000007,788836
8.762560092000008,946578
8.763560092000006,1144020
8.764560092000007,1083514
8.765560092000008,518190
8.766560092000006,519692
8.767560092000007,518190
8.768560092000008,518190
8.769560092000006,1115812
8.770560092000007,518190
8.771560092000009,986732
8.772560092000006,1711770
8.773560092000007,986570
8.774560092000009,518190
8.775560092000006,519692
8.776560092000008,1502106
8.777560092000009,939414
8.778560092000006,518190
8.779560092000008,988072
8.780560092000009,518244
8.781560092000007,1156836
8.782560092000008,988072
8.783560092000007,518190
8.784560092000007,529028
8.785560092000008,519692
8.786560092000007,529028
8.787560092000007,1071730
8.788560092000008,518190
8.789560092000007,519692
8.790560092000007,518190
8.791560092000008,866766
8.792560092000008,1033376
8.793560092000007,1212202
8.794560092000008,518190
8.795560092000006,984598
8.796560092000007,521664
8.797560092000008,518190
8.798560092000006,518190
8.799560092000007,1136998
8.800560092000008,1074988
8.801560092000006,600146
8.802560092000007,787150
8.803560092000009,846852
8.804560092000006,518190
8.805560092000007,519692
8.806560092000009,943990
8.807560092000006,518190
8.808560092000008,947048
8.809560092000009,559214
8.810560092000006,1540110
8.811560092000008,518190
8.812560092000009,519692
8.813560092000007,943990
8.814560092000008,518190
8.815560092000007,519692
8.816560092000007,1114310
8.817560092000008,1114310
8.818560092000007,988072
8.819560092000007,986570
8.820560092000008,633956
8.821560092000007,1009344
8.822560092000007,1426464
8.823560092000008,986570
8.824560092000008,518190
8.825560092000007,519692
8.826560092000008,518190
8.827560092000006,1156890
8.828560092000007,1632360
8.829560092000008,704162
8.830560092000006,518190
8.831560092000007,1004702
8.832560092000008,586720
8.833560092000006,986570
8.834560092000007,1029150
8.835560092000009,519692
8.836560092000006,986570
8.837560092000007,518190
8.838560092000009,947048
8.839560092000006,559214
8.840560092000008,518190
8.841560092000009,931034
8.842560092000006,695566
8.843560092000008,908812
8.844560092000009,1029150
8.845560092000007,800976
8.846560092000008,705286
8.847560092000007,902966
8.848560092000007,560716
8.849560092000008,1114310
8.850560092000007,1029150
8.851560092000007,519692
8.852560092000008,1114310
8.853560092000007,569852
8.854560092000007,936410
8.855560092000008,548878
8.856560092000008,1466842
8.857560092000007,986570
8.858560092000008,625106
8.859560092000006,2095234
8.860560092000007,1037882
8.861560092000008,1974642
8.862560092000006,2186040
8.863560092000007,1589920
8.864560092000008,1156622
8.865560092000006,1504760
8.866560092000007,1452806
8.867560092000009,1261004
8.868560092000006,1814312
8.869560092000008,1504760
8.870560092000009,1463682
8.871560092000006,1037882
8.872560092000008,1675080
8.873560092000009,1037882
8.874560092000007,1510930
8.875560092000008,1452454
8.876560092000009,1547060
8.877560092000007,2027510
8.878560092000008,1595594
8.879560092000007,1904022
8.880560092000007,1761662
8.881560092000008,1556072
8.882560092000007,1556130
8.883560092000007,1985698
8.884560092000008,2072760
8.885560092000008,2159076
8.886560092000007,2473988
8.887560092000008,2701416
8.888560092000008,2116788
8.889560092000007,2550168
8.890560092000008,2492714
8.891560092000006,2326506
8.892560092000007,2165554
8.893560092000008,2494076
8.894560092000006,2671738
8.895560092000007,2075764
8.896560092000009,1784422
8.897560092000006,2508084
8.898560092000007,2075764
8.899560092000009,2268178
8.900560092000006,1566910
8.901560092000008,1597070
8.902560092000009,2580818
8.903560092000006,1556072
8.904560092000008,1698324
8.905560092000009,1882200
8.906560092000007,2109612
8.907560092000008,2065530
8.908560092000009,2060554
8.909560092000007,1562550
8.910560092000008,2160512
8.911560092000007,2187954
8.912560092000007,1554570
8.913560092000008,1954928
8.914560092000007,1583016
8.915560092000007,1981872
8.916560092000008,1556072
8.917560092000008,1556072
8.918560092000007,1947056
8.919560092000008,2125156
8.920560092000008,2235504
8.921560092000007,2222922
8.922560092000008,2394090
8.923560092000006,2248402
8.924560092000007,2475052
8.925560092000008,2158844
8.926560092000006,2421634
8.927560092000007,2196772
8.928560092000009,2466040
8.929560092000006,2740660
8.930560092000007,2699210
8.931560092000009,2523692
8.932560092000006,2223046
8.933560092000008,2436438
8.934560092000009,2254534
8.935560092000006,2500116
8.936560092000008,2404896
8.937560092000009,2075764
8.938560092000007,2075506
8.939560092000008,2381550
8.940560092000009,2221366
8.941560092000007,2366344
8.942560092000008,1668630
8.943560092000007,1556072
8.944560092000007,1557574
8.945560092000008,2047302
8.946560092000007,1638120
8.947560092000007,2492832
8.948560092000008,2024452
8.949560092000008,2051596
8.950560092000007,1614088
8.951560092000008,1598722
8.952560092000008,2013938
8.953560092000007,2098716
8.954560092000008,2366848
8.955560092000006,1424612
8.956560092000007,1544056
8.957560092000008,1942404
8.958560092000006,1130776
8.959560092000007,1515178
8.960560092000009,1325120
8.961560092000006,1311532
8.962560092000007,1511292
8.963560092000009,1588364
8.964560092000006,1463682
8.965560092000008,1040994
8.966560092000009,1927448
8.967560092000006,1167648
8.968560092000008,1374994
8.969560092000009,1634002
8.970560092000007,1930560
8.971560092000008,1506262
8.972560092000009,1418876
8.973560092000007,1481252
8.974560092000008,1276516
8.975560092000007,1648248
8.976560092000007,1171114
8.977560092000008,1037882
8.978560092000007,1036380
8.979560092000007,1923930
8.980560092000008,1742460
8.981560092000008,1555566
8.982560092000007,1575932
8.983560092000008,1690570
8.984560092000008,1037882
8.985560092000007,1506262
8.986560092000008,1589920
8.987560092000006,1037882
8.988560092000007,1047218
8.989560092000008,1037882
8.990560092000006,2337766
8.991560092000007,1036380
8.992560092000009,1037882
8.993560092000006,1296786
8.994560092000008,1255696
8.995560092000009,1091862
8.996560092000006,1480258
8.997560092000008,1062384
8.998560092000009,1507818
8.999560092000007,1077404
9.000560092000008,1571426
9.001560092000009,1056376
9.002560092000007,1517100
9.003560092000008,1632500
9.004560092000009,2272150
9.005560092000007,2079102
9.006560092000008,1586582
9.007560092000007,1662472
9.008560092000007,1981872
9.009560092000008,2096136
9.010560092000008,2347220
9.011560092000007,2603686
9.012560092000008,1924256
9.013560092000008,2194772
9.014560092000007,1981872
9.015560092000008,2067032
9.016560092000008,2173868
9.017560092000007,2488272
9.018560092000008,1816112
9.019560092000006,1554570
9.020560092000007,1965820
9.021560092000009,1625542
9.022560092000006,1556072
9.023560092000007,1973892
9.024560092000009,1935002
9.025560092000006,1427146
9.026560092000008,1575932
9.027560092000009,1051870
9.028560092000006,1390964
9.029560092000008,2414204
9.030560092000009,1584050
9.031560092000007,1253424
9.032560092000008,1079376
9.033560092000009,1037882
9.034560092000007,1036380
9.035560092000008,1525896
9.036560092000009,1103408
9.037560092000007,1036380
9.038560092000008,1037882
9.039560092000007,1436176
9.040560092000007,1063886
9.041560092000008,1495278
9.042560092000008,1675080
9.043560092000007,1048866
9.044560092000008,1504760
9.045560092000008,1037882
9.046560092000007,1807996
9.047560092000008,1429822
9.048560092000008,1443820
9.049560092000007,1850576
9.050560092000008,2873616
9.051560092000006,1811560
9.052560092000007,1556072
9.053560092000009,1823476
9.054560092000006,1842208
9.055560092000007,2029066
9.056560092000009,1597096
9.057560092000006,1594092
9.058560092000008,1557574
9.059560092000009,2067032
9.060560092000006,2490082
9.061560092000008,1686562
9.062560092000009,1770328
9.063560092000007,2181616
9.064560092000008,1736690
9.065560092000009,1778000
9.066560092000007,1897312
9.067560092000008,1837772
9.06856009200001,1528138
9.069560092000007,1982206
9.070560092000008,915342
9.071560092000007,1130188
9.072560092000007,1021360
9.073560092000008,1823892
9.074560092000008,1503274
9.075560092000007,2080884
9.076560092000008,675524
9.077560092000008,518190
9.078560092000007,518190
9.079560092000008,789938
9.080560092000008,673802
9.081560092000007,624532
9.082560092000008,518190
9.083560092000006,869452
9.084560092000007,1026092
9.085560092000009,1229482
9.086560092000006,1071396
9.087560092000007,1036380
9.088560092000009,1036380
9.089560092000006,1463682
9.090560092000008,1506262
9.091560092000009,1036380
9.092560092000006,1449974
9.093560092000008,533322
9.094560092000009,685152
9.095560092000007,1464416
9.096560092000008,526402
9.097560092000009,1887450
9.098560092000007,1478328
9.099560092000008,993864
9.10056009200001,518190
9.101560092000007,518190
9.102560092000008,519692
9.103560092000007,943990
9.104560092000007,943990
9.105560092000008,1071730
9.106560092000008,819316
9.107560092000007,759292
9.108560092000008,220048
9.109560092000008,0
9.110560092000007,957842
9.111560092000008,21498
9.112560092000008,10838
9.113560092000007,0
9.114560092000008,851600
9.115560092000006,0
9.116560092000007,468380
9.117560092000009,553598
9.118560092000006,428124
9.119560092000008,1155388
9.120560092000009,143022
9.121560092000006,0
9.122560092000008,553540
9.123560092000009,0
9.124560092000007,978038
9.125560092000008,377936
9.126560092000009,219486
9.127560092000007,674860
9.128560092000008,1269086
9.129560092000009,1626410
9.130560092000007,1160262
9.131560092000008,898390
9.13256009200001,677036
9.133560092000007,294802
9.134560092000008,585556
9.135560092000008,631182
9.136560092000007,1190
9.137560092000008,979394
9.138560092000008,553540
9.139560092000007,468380
9.140560092000008,182282
9.141560092000008,754478
9.142560092000007,0
9.143560092000008,0
9.144560092000008,638700
9.145560092000007,0
9.146560092000009,0
9.147560092000006,0
9.148560092000007,1244
9.149560092000009,479218
9.150560092000006,894180
9.151560092000008,468434
9.152560092000009,1107026
9.153560092000006,468380
9.154560092000008,879062
9.155560092000009,555852
9.156560092000007,1573398
9.157560092000008,1548842
9.158560092000009,1506262
9.159560092000007,1675080
9.160560092000008,1622228
9.161560092000009,1747674
9.162560092000007,1737322
9.163560092000008,2279840
9.16456009200001,1556072
9.165560092000007,1556130
9.166560092000008,1662414
9.167560092000008,1856520
9.168560092000007,1809164
9.169560092000008,1556072
9.170560092000008,1556072
9.171560092000007,1554678
9.172560092000008,1994088
9.173560092000008,1714068
9.174560092000007,1570292
9.175560092000008,1713282
9.176560092000008,1037882
9.177560092000007,1589920
9.178560092000009,1506262
9.179560092000006,1037882
9.180560092000007,1974642
9.181560092000009,808068
9.182560092000006,976964
9.183560092000008,533322
9.184560092000009,902702
9.185560092000006,1673578
9.186560092000008,691252
9.187560092000009,538310
9.188560092000007,1372250
9.189560092000008,688672
9.190560092000009,927830
9.191560092000007,1125624
9.192560092000008,1028870
9.19356009200001,1281092
9.194560092000007,1308706
9.195560092000008,1454130
9.19656009200001,1208834
9.197560092000007,2020064
9.198560092000008,1463682
9.199560092000008,1037624
9.200560092000007,1591422
9.201560092000008,1589920
9.202560092000008,1037882
9.203560092000007,1463682
9.204560092000008,1036380
9.205560092000008,1037936
9.206560092000007,1675026
9.207560092000008,1548842
9.208560092000008,1152736
9.209560092000007,1794154
9.210560092000009,1316158
9.211560092000006,1455286
9.212560092000007,810386
9.213560092000009,1073232
9.214560092000006,518190
9.215560092000008,1698052
9.216560092000009,913788
9.217560092000006,519692
9.218560092000008,1619354
9.219560092000009,524106
9.220560092000007,519692
9.221560092000008,926998
9.222560092000009,1003562
9.223560092000007,988072
9.224560092000008,518190
9.22556009200001,518190
9.226560092000007,988072
9.227560092000008,518190
9.22856009200001,518352
9.229560092000007,1880534
9.230560092000008,1286186
9.231560092000008,986570
9.232560092000007,556658
9.233560092000008,960442
9.234560092000008,1582690
9.235560092000007,1029150
9.236560092000008,877280
9.237560092000008,1671818
9.238560092000007,1566504
9.239560092000008,1398680
9.240560092000008,1211460
9.241560092000007,1037882
9.242560092000009,1036380
9.243560092000006,1512486
9.244560092000008,1162456
9.245560092000009,1075902
9.246560092000006,1463682
9.247560092000008,1463682
9.248560092000009,1753420
9.249560092000007,2173022
9.250560092000008,1036380
9.251560092000009,1463682
9.252560092000007,1504818
9.253560092000008,1560596
9.254560092000009,1069894
9.255560092000007,1547340
9.256560092000008,1677826
9.25756009200001,669290
9.258560092000007,518190
9.259560092000008,519692
9.26056009200001,1753010
9.261560092000007,518190
9.262560092000008,518190
9.263560092000008,1669352
9.264560092000007,1497530
9.265560092000008,986570
9.266560092000008,519692
9.267560092000007,541422
9.268560092000008,1312882
9.269560092000008,1568658
9.270560092000007,1119692
9.271560092000009,1607330
9.272560092000008,626150
9.273560092000007,1508342
9.274560092000009,1036380
9.275560092000006,1077022
9.276560092000008,649458
9.277560092000009,856804
9.278560092000006,1114310
9.279560092000008,519692
9.280560092000009,1264418
9.281560092000007,1085518
9.282560092000008,567194
9.283560092000009,519692
9.284560092000007,1250430
9.285560092000008,1642194
9.286560092000009,1218310
9.287560092000007,1542536
9.288560092000008,1056240
9.28956009200001,535182
9.290560092000007,518190
9.291560092000008,687008
9.29256009200001,819254
9.293560092000007,518190
9.294560092000008,1071730
9.295560092000008,518190
9.296560092000007,1222212
9.297560092000008,933676
9.298560092000008,613664
9.299560092000007,519692
9.300560092000008,518190
9.301560092000008,1156890
9.302560092000007,1584192
9.303560092000009,624590
9.304560092000008,518190
9.305560092000007,945492
9.306560092000009,1071730
9.307560092000006,518190
9.308560092000008,954828
9.309560092000009,519692
9.310560092000006,1721268
9.311560092000008,1060800
9.312560092000009,976056
9.313560092000007,583716
9.314560092000008,956676
9.315560092000009,592166
9.316560092000007,943990
9.317560092000008,943990
9.31856009200001,518190
9.319560092000007,519746
9.320560092000008,1114256
9.32156009200001,1498774
9.322560092000007,519692
9.323560092000008,986570
9.32456009200001,518190
9.325560092000007,988072
9.326560092000008,1029150
9.327560092000008,924356
9.328560092000007,1220606
9.329560092000008,955790
9.330560092000008,761362
9.331560092000007,859338
9.332560092000008,519692
9.333560092000008,518190
9.334560092000007,518248
9.335560092000009,1010810
9.336560092000008,559214
9.337560092000007,972582
9.338560092000009,1129800
9.339560092000006,518190
9.340560092000008,819038
9.341560092000009,827920
9.342560092000006,1191328
9.343560092000008,683696
9.344560092000009,1515608
9.345560092000007,969994
9.346560092000008,1200036
9.347560092000009,538864
9.348560092000007,1021170
9.349560092000008,527672
9.35056009200001,986570
9.351560092000007,945492
9.352560092000008,986570
9.35356009200001,533322
9.354560092000007,1493792
9.355560092000008,1695254
9.35656009200001,1142986
9.357560092000007,943990
9.358560092000008,988072
9.359560092000008,1450346
9.360560092000007,1033376
9.361560092000008,1506262
9.362560092000008,1655242
9.363560092000007,1473018
9.364560092000008,1462180
9.365560092000008,1338826
9.366560092000007,1092970
9.367560092000009,986570
9.368560092000008,1030652
9.369560092000008,1497530
9.370560092000009,518190
9.371560092000006,1156890
9.372560092000008,519692
9.373560092000009,518190
9.374560092000007,592328
9.375560092000008,1435732
9.376560092000009,518190
9.377560092000007,943990
9.378560092000008,526456
9.379560092000009,1575926
9.380560092000007,554370
9.381560092000008,1244
9.38256009200001,894180
9.383560092000007,468380
9.384560092000008,1107080
9.38556009200001,0
9.386560092000007,574780
9.387560092000008,0
9.38856009200001,420404
9.389560092000007,588772
9.390560092000008,587524
9.391560092000008,468380
9.392560092000007,620168
9.393560092000008,827552
9.394560092000008,73710
9.395560092000007,586230
9.396560092000009,425800
9.397560092000008,425800
9.398560092000007,779406
9.399560092000009,512182
9.400560092000008,733064
9.401560092000008,0
9.402560092000009,142252
9.403560092000006,879668
9.404560092000008,553540
9.405560092000009,553540
9.406560092000007,911080
9.407560092000008,36518
9.408560092000009,627704
9.409560092000007,1055208
9.410560092000008,426900
9.411560092000009,585098
9.412560092000007,351662
9.413560092000008,0
9.41456009200001,69686
9.415560092000007,869020
9.416560092000008,978638
9.41756009200001,468380
9.418560092000007,596120
9.419560092000008,0
9.42056009200001,468380
9.421560092000007,853502
9.422560092000008,645490
9.423560092000008,126262
9.424560092000007,823100
9.425560092000008,1064446
9.426560092000008,979340
9.427560092000007,2096
9.428560092000009,428264
9.429560092000008,465376
9.430560092000007,41024
9.431560092000009,0
9.432560092000008,618916
9.433560092000008,41024
9.434560092000009,54184
9.435560092000006,478016
9.436560092000008,596120
9.437560092000009,369556
9.438560092000007,737054
9.439560092000008,470
9.440560092000009,468380
9.441560092000007,596120
9.442560092000008,1490300
9.44356009200001,0
9.444560092000007,51608
9.445560092000008,927732
9.44656009200001,258938
9.447560092000007,209442
9.448560092000008,1026572
9.44956009200001,37928
9.450560092000007,0
9.451560092000008,0
9.45256009200001,58140
9.453560092000007,410240
9.454560092000008,0
9.455560092000008,0
9.456560092000007,0
9.457560092000008,0
9.458560092000008,427356
9.459560092000007,576124
9.460560092000009,61020
9.461560092000008,0
9.462560092000007,514142
9.463560092000009,507778
9.464560092000008,1402600
9.465560092000008,914782
9.466560092000009,942090
9.467560092000006,665282
9.468560092000008,367476
9.469560092000009,0
9.470560092000007,743440
9.471560092000008,789440
9.472560092000009,0
9.473560092000007,0
9.474560092000008,638700
9.47556009200001,617360
9.476560092000007,468380
9.477560092000008,596120
9.47856009200001,553540
9.479560092000007,510960
9.480560092000008,589642
9.48156009200001,602598
9.482560092000007,553540
9.483560092000008,596120
9.48456009200001,0
9.485560092000007,0
9.486560092000008,0
9.487560092000008,0
9.488560092000007,0
9.489560092000008,553540
9.490560092000008,594
9.491560092000007,893586
9.492560092000009,0
9.493560092000008,596120
9.494560092000008,0
9.495560092000009,468380
9.496560092000008,596120
9.497560092000008,0
9.498560092000009,0
9.499560092000007,353888
9.500560092000008,71912
9.501560092000009,510960
9.502560092000007,468380
9.503560092000008,468380
9.504560092000009,0
9.505560092000007,468974
9.506560092000008,467786
9.50756009200001,553540
9.508560092000007,220318
9.509560092000008,295202
9.51056009200001,448654
9.511560092000007,453360
9.512560092000008,935204
9.51356009200001,0
9.514560092000007,989498
9.515560092000008,1314724
9.51656009200001,617098
9.517560092000007,425800
9.518560092000008,596120
9.519560092000008,574780
9.520560092000007,95220
9.521560092000009,373160
9.522560092000008,0
9.523560092000007,453646
9.524560092000009,610854
9.525560092000008,437232
9.526560092000008,467786
9.527560092000009,468380
9.528560092000008,106400
9.529560092000008,0
9.530560092000009,9714
9.531560092000007,543826
9.532560092000008,1065520
9.533560092000009,1055208
9.534560092000007,414884
9.535560092000008,468380
9.536560092000009,527224
9.537560092000007,558516
9.538560092000008,1032758
9.53956009200001,468380
9.540560092000007,0
9.541560092000008,510960
9.54256009200001,0
9.543560092000007,1086176
9.544560092000008,468380
9.54556009200001,312918
9.546560092000007,623842
9.547560092000008,0
9.54856009200001,468380
9.549560092000007,0
9.550560092000008,0
9.551560092000008,54
9.552560092000007,921470
9.553560092000009,611356
9.554560092000008,1192074
9.555560092000007,21406
9.556560092000009,643470
9.557560092000008,678158
9.558560092000008,1030394
9.559560092000009,519692
9.560560092000008,986570
9.561560092000008,518190
9.562560092000009,518190
9.563560092000007,519692
9.564560092000008,1071730
9.565560092000009,934038
9.566560092000007,529644
9.567560092000008,518190
9.56856009200001,1071730
9.569560092000007,1025676
9.570560092000008,523166
9.57156009200001,518190
9.572560092000007,518190
9.573560092000008,519692
9.57456009200001,518190
9.575560092000007,740426
9.576560092000008,765836
9.57756009200001,431844
9.578560092000007,1216072
9.579560092000008,1124526
9.58056009200001,1585748
9.581560092000007,559214
9.582560092000008,851444
9.583560092000008,750874
9.584560092000007,1094468
9.585560092000009,956622
9.586560092000008,589162
9.587560092000007,1445468
9.588560092000009,1423354
9.589560092000008,1548290
9.590560092000008,891998
9.591560092000009,767246
9.592560092000008,538186
9.593560092000008,519692
9.594560092000009,1030706
9.595560092000007,559214
9.596560092000008,1071730
9.597560092000009,674510
9.598560092000007,1016854
9.599560092000008,1218656
9.60056009200001,553540
9.601560092000007,0
9.602560092000008,468380
9.60356009200001,0
9.604560092000007,1244
9.605560092000008,10838
9.60656009200001,553540
9.607560092000007,468380
9.608560092000008,1244
9.60956009200001,553540
9.610560092000007,468380
9.611560092000008,0
9.61256009200001,35248
9.613560092000007,791768
9.614560092000008,510680
9.615560092000008,303736
9.616560092000007,521798
9.617560092000009,0
9.618560092000008,0
9.619560092000008,0
9.620560092000009,108
9.621560092000008,553432
9.622560092000008,0
9.623560092000009,0
9.624560092000008,45816
9.625560092000008,976104
9.626560092000009,648760
9.627560092000007,954168
9.628560092000008,451750
9.629560092000009,0
9.630560092000007,0
9.631560092000008,425800
9.63256009200001,638754
9.633560092000007,468326
9.634560092000008,468380
9.63556009200001,468380
9.636560092000007,212484
9.637560092000008,894596
9.63856009200001,0
9.639560092000007,641358
9.640560092000008,760924
9.64156009200001,840956
9.642560092000007,972980
9.643560092000008,1644650
9.64456009200001,519692
9.645560092000007,1156582
9.646560092000009,1582998
9.647560092000008,924140
9.648560092000007,1146500
9.649560092000009,943990
9.650560092000008,518190
9.651560092000008,519692
9.652560092000009,714152
9.653560092000008,1458932
9.654560092000008,1114214
9.655560092000009,681724
9.656560092000008,656406
9.657560092000008,849856
9.658560092000009,945546
9.659560092000007,1086858
9.660560092000008,1056548
9.661560092000009,518190
9.662560092000007,518190
9.663560092000008,802724
9.66456009200001,0
9.665560092000007,0
9.666560092000008,553540
9.66756009200001,58
9.668560092000007,1186
9.669560092000008,264400
9.67056009200001,1153760
9.671560092000007,1490532
9.672560092000008,1027692
9.67356009200001,1024642
9.674560092000007,518244
9.675560092000008,519692
9.67656009200001,986570
9.677560092000007,730990
9.678560092000009,519692
9.679560092000008,943990
9.680560092000007,943990
9.681560092000009,518190
9.682560092000008,519692
9.683560092000008,943990
9.684560092000009,518190
9.685560092000008,607402
9.686560092000008,1606170
9.687560092000009,1052210
9.688560092000008,2243096
9.689560092000008,1069894
9.690560092000009,1758872
9.691560092000007,2071900
9.692560092000008,2051124
9.69356009200001,1462180
9.694560092000007,1696320
9.695560092000008,1976144
9.69656009200001,1036380
9.697560092000007,1036380
9.698560092000008,1037882
9.69956009200001,1891934
9.700560092000007,2065530
9.701560092000008,1773950
9.70256009200001,1507764
9.703560092000007,1036380
9.704560092000008,1036380
9.70556009200001,1039384
9.706560092000007,2100880
9.707560092000008,1186350
9.70856009200001,630748
9.709560092000007,1380342
9.710560092000009,763118
9.711560092000008,587984
9.712560092000007,928430
9.713560092000009,593198
9.714560092000008,566366
9.715560092000008,577916
9.716560092000009,846036
9.717560092000008,658724
9.718560092000008,1030652
9.719560092000009,518190
9.720560092000008,518190
9.721560092000008,971804
9.722560092000009,662198
9.723560092000007,1285310
9.724560092000008,1278018
9.72556009200001,634176
9.726560092000007,559392
9.727560092000008,967952
9.72856009200001,1004594
9.729560092000007,521664
9.730560092000008,626446
9.73156009200001,1707778
9.732560092000007,1442022
9.733560092000008,1036380
9.73456009200001,1592924
9.735560092000007,1501286
9.736560092000008,1039854
9.73756009200001,1634110
9.738560092000007,1463574
9.739560092000008,1589920
9.74056009200001,1037882
9.741560092000007,1037882
9.742560092000009,1833076
9.743560092000008,1177946
9.744560092000008,1037882
9.745560092000009,1036380
9.746560092000008,1385832
9.747560092000008,1241970
9.748560092000009,1542492
9.749560092000008,1928432
9.750560092000008,2657490
9.751560092000009,1105202
9.752560092000008,521788
9.753560092000008,982972
9.754560092000009,1073232
9.755560092000007,518190
9.756560092000008,518190
9.75756009200001,1030652
9.758560092000007,1369790
9.759560092000008,518190
9.76056009200001,943990
9.761560092000007,1541670
9.762560092000008,1264252
9.76356009200001,1488238
9.764560092000007,934576
9.765560092000008,518190
9.76656009200001,518190
9.767560092000007,1073232
9.768560092000008,1541666
9.76956009200001,892036
9.770560092000007,653748
9.771560092000009,825824
9.77256009200001,753166
9.773560092000007,679602
9.774560092000009,519692
9.775560092000008,518190
9.776560092000008,519434
9.777560092000009,519692
9.778560092000008,962026
9.779560092000008,734294
9.780560092000009,519692
9.781560092000008,943990
9.782560092000008,1071730
9.783560092000009,1009366
9.784560092000008,826656
9.785560092000008,763210
9.786560092000009,518190
9.787560092000007,519692
9.788560092000008,518190
9.78956009200001,519434
9.790560092000007,519692
9.791560092000008,986570
9.79256009200001,1095816
9.793560092000007,863764
9.794560092000008,1017696
9.79556009200001,687262
9.796560092000007,567194
9.797560092000008,945492
9.79856009200001,943990
9.799560092000007,986570
9.800560092000008,1626772
9.80156009200001,986570
9.802560092000007,518190
9.803560092000009,954828
9.80456009200001,530530
9.805560092000007,677808
9.806560092000009,1018512
9.807560092000008,1149380
9.808560092000008,648014
9.809560092000009,885080
9.810560092000008,564190
9.811560092000008,867588
9.812560092000009,876156
9.813560092000008,1047364
9.814560092000008,1037882
9.815560092000009,1228252
9.816560092000008,1359066
9.817560092000008,1502664
9.81856009200001,1037882
9.819560092000007,1036380
9.820560092000008,1037882
9.82156009200001,1037882
9.822560092000007,1589920
9.823560092000008,1463682
9.82456009200001,1037882
9.825560092000007,1826598
9.826560092000008,1608722
9.82756009200001,1156622
9.828560092000007,1149142
9.829560092000008,1541052
9.83056009200001,2050954
9.831560092000007,1155208
9.832560092000008,1036380
9.83356009200001,1285898
9.834560092000007,518660
9.835560092000009,518190
9.83656009200001,861942
9.837560092000007,601740
9.838560092000009,943990
9.839560092000008,534824
9.840560092000008,609458
9.841560092000009,518298
9.842560092000008,1412262
9.843560092000008,1030710
9.844560092000009,1190718
9.845560092000008,1335002
9.846560092000008,671726
9.847560092000009,518190
9.848560092000008,518190
9.849560092000008,1029150
9.85056009200001,1115812
9.851560092000007,518190
9.852560092000008,1465788
9.85356009200001,1073232
9.854560092000007,518190
9.855560092000008,986570
9.85656009200001,519692
9.857560092000007,943990
9.858560092000008,1625270
9.85956009200001,723434
9.860560092000007,782828
9.861560092000008,1114310
9.86256009200001,1497530
9.863560092000007,1230450
9.864560092000008,1242920
9.86556009200001,764562
9.866560092000007,792942
9.867560092000009,1142232
9.86856009200001,600238
9.869560092000008,519692
9.870560092000009,1030706
9.871560092000008,1012304
9.872560092000008,720916
9.873560092000009,970956
9.874560092000008,828050
9.875560092000008,634130
9.876560092000009,988072
9.877560092000008,518190
9.878560092000008,968076
9.879560092000009,538186
9.880560092000009,1522354
9.881560092000008,824434
9.88256009200001,633214
9.883560092000007,838172
9.884560092000008,416426
9.88556009200001,135558
9.886560092000007,0
9.887560092000008,469936
9.88856009200001,51862
9.889560092000007,596120
9.890560092000008,643314
9.89156009200001,975266
9.892560092000007,893640
9.893560092000008,0
9.89456009200001,553540
9.895560092000007,389082
9.896560092000009,484042
9.89756009200001,933476
9.898560092000007,345792
9.899560092000009,0
9.90056009200001,0
9.901560092000008,112066
9.902560092000009,367152
9.903560092000008,979340
9.904560092000008,0
9.905560092000009,794978
9.906560092000008,737902
9.907560092000008,2258
9.908560092000009,593862
9.909560092000008,1064500
9.910560092000008,0
9.911560092000009,1000580
9.912560092000009,256954
9.913560092000008,1389370
9.91456009200001,889288
9.915560092000007,54
9.916560092000008,936706
9.91756009200001,0
9.918560092000007,445472
9.919560092000008,22908
9.92056009200001,529686
9.921560092000007,960614
9.922560092000008,468380
9.92356009200001,780266
9.924560092000007,156494
9.925560092000008,510960
9.92656009200001,0
9.927560092000007,468380
9.928560092000009,0
9.92956009200001,0
9.930560092000007,1138114
9.931560092000009,533344
9.93256009200001,596120
9.933560092000008,102248
9.934560092000009,1320126
9.935560092000008,1570672
9.936560092000008,215496
9.937560092000009,564378
9.938560092000008,555204
9.939560092000008,551876
9.940560092000009,393718
9.941560092000008,202402
9.942560092000008,0
9.94356009200001,0
9.944560092000009,345308
9.945560092000008,123072
9.94656009200001,0
9.947560092000007,614198
9.948560092000008,620622
9.94956009200001,60890
9.950560092000007,684210
9.951560092000008,0
9.95256009200001,819506
9.953560092000007,863336
9.954560092000008,597290
9.95556009200001,371004
9.956560092000007,225116
9.957560092000008,638700
9.95856009200001,0
9.959560092000007,468380
9.960560092000009,284434
9.96156009200001,318688
9.962560092000007,730992
9.963560092000009,539406
9.96456009200001,0
9.965560092000008,0
9.966560092000009,553540
9.967560092000008,638700
9.968560092000008,468380
9.969560092000009,0
9.970560092000008,0
9.971560092000008,351150
9.972560092000009,714594
9.973560092000008,613820
9.974560092000008,212316
9.97556009200001,451264
9.976560092000009,106400
9.977560092000008,936760
9.97856009200001,0
9.979560092000007,0
9.980560092000008,468380
9.98156009200001,30634
9.982560092000007,437746
9.983560092000008,0
9.98456009200001,1107080
9.985560092000007,1007466
9.986560092000008,512182
9.98756009200001,695212
9.988560092000007,667546
9.989560092000008,36426
9.99056009200001,425800
9.991560092000007,510960
9.992560092000009,0
9.99356009200001,545706
9.994560092000008,50414
9.995560092000009,289210
9.99656009200001,190008
9.997560092000008,425800
