# Time(s) BytesReceived
0.000 0
0.001 0
0.002 0
0.003 0
0.004 0
0.005 0
0.006 0
0.007 0
0.008 0
0.009 0
0.010 0
0.011 0
0.012 0
0.013 0
0.014 0
0.015 0
0.016 0
0.017 0
0.018 0
0.019 0
0.020 0
0.021 0
0.022 0
0.023 0
0.024 0
0.025 0
0.026 0
0.027 0
0.028 0
0.029 0
0.030 0
0.031 0
0.032 0
0.033 0
0.034 0
0.035 0
0.036 0
0.037 0
0.038 0
0.039 0
0.040 0
0.041 0
0.042 0
0.043 0
0.044 0
0.045 0
0.046 0
0.047 0
0.048 0
0.049 0
0.050 0
0.051 0
0.052 0
0.053 0
0.054 0
0.055 0
0.056 0
0.057 0
0.058 0
0.059 0
0.060 0
0.061 0
0.062 0
0.063 0
0.064 0
0.065 0
0.066 0
0.067 0
0.068 0
0.069 0
0.070 0
0.071 0
0.072 0
0.073 0
0.074 0
0.075 0
0.076 0
0.077 0
0.078 0
0.079 0
0.080 0
0.081 0
0.082 0
0.083 0
0.084 0
0.085 0
0.086 0
0.087 0
0.088 0
0.089 0
0.090 0
0.091 0
0.092 0
0.093 0
0.094 0
0.095 0
0.096 0
0.097 0
0.098 0
0.099 0
0.100 0
0.101 0
0.102 0
0.103 0
0.104 0
0.105 0
0.106 0
0.107 0
0.108 0
0.109 0
0.110 0
0.111 0
0.112 0
0.113 0
0.114 0
0.115 0
0.116 0
0.117 0
0.118 0
0.119 0
0.120 0
0.121 0
0.122 0
0.123 0
0.124 0
0.125 0
0.126 0
0.127 0
0.128 0
0.129 0
0.130 0
0.131 0
0.132 0
0.133 0
0.134 0
0.135 0
0.136 0
0.137 0
0.138 0
0.139 0
0.140 0
0.141 0
0.142 0
0.143 0
0.144 0
0.145 0
0.146 0
0.147 0
0.148 0
0.149 0
0.150 0
0.151 0
0.152 0
0.153 0
0.154 0
0.155 0
0.156 0
0.157 0
0.158 0
0.159 0
0.160 0
0.161 0
0.162 0
0.163 0
0.164 0
0.165 0
0.166 0
0.167 0
0.168 0
0.169 0
0.170 0
0.171 0
0.172 0
0.173 0
0.174 0
0.175 0
0.176 0
0.177 0
0.178 0
0.179 0
0.180 0
0.181 0
0.182 0
0.183 0
0.184 0
0.185 0
0.186 0
0.187 0
0.188 0
0.189 0
0.190 0
0.191 0
0.192 0
0.193 0
0.194 0
0.195 0
0.196 0
0.197 0
0.198 0
0.199 0
0.200 0
0.201 0
0.202 0
0.203 0
0.204 0
0.205 0
0.206 0
0.207 0
0.208 0
0.209 0
0.210 0
0.211 0
0.212 0
0.213 0
0.214 0
0.215 0
0.216 0
0.217 0
0.218 0
0.219 0
0.220 0
0.221 0
0.222 0
0.223 0
0.224 0
0.225 0
0.226 0
0.227 0
0.228 0
0.229 0
0.230 0
0.231 0
0.232 0
0.233 0
0.234 0
0.235 0
0.236 0
0.237 0
0.238 0
0.239 0
0.240 0
0.241 0
0.242 0
0.243 0
0.244 0
0.245 0
0.246 0
0.247 0
0.248 0
0.249 0
0.250 0
0.251 0
0.252 0
0.253 0
0.254 0
0.255 0
0.256 0
0.257 0
0.258 0
0.259 0
0.260 0
0.261 0
0.262 0
0.263 0
0.264 0
0.265 0
0.266 0
0.267 0
0.268 0
0.269 0
0.270 0
0.271 0
0.272 0
0.273 0
0.274 0
0.275 0
0.276 0
0.277 0
0.278 0
0.279 0
0.280 0
0.281 0
0.282 0
0.283 0
0.284 0
0.285 0
0.286 0
0.287 0
0.288 0
0.289 0
0.290 0
0.291 0
0.292 0
0.293 0
0.294 0
0.295 0
0.296 0
0.297 0
0.298 0
0.299 0
0.300 0
0.301 0
0.302 0
0.303 0
0.304 0
0.305 0
0.306 0
0.307 0
0.308 0
0.309 0
0.310 0
0.311 0
0.312 0
0.313 0
0.314 0
0.315 0
0.316 0
0.317 0
0.318 0
0.319 0
0.320 0
0.321 0
0.322 0
0.323 0
0.324 0
0.325 0
0.326 0
0.327 0
0.328 0
0.329 0
0.330 0
0.331 0
0.332 0
0.333 0
0.334 0
0.335 0
0.336 0
0.337 0
0.338 0
0.339 0
0.340 0
0.341 0
0.342 0
0.343 0
0.344 0
0.345 0
0.346 0
0.347 0
0.348 0
0.349 0
0.350 0
0.351 0
0.352 0
0.353 0
0.354 0
0.355 0
0.356 0
0.357 0
0.358 0
0.359 0
0.360 0
0.361 0
0.362 0
0.363 0
0.364 0
0.365 0
0.366 0
0.367 0
0.368 0
0.369 0
0.370 0
0.371 0
0.372 0
0.373 0
0.374 0
0.375 0
0.376 0
0.377 0
0.378 0
0.379 0
0.380 0
0.381 0
0.382 0
0.383 0
0.384 0
0.385 0
0.386 0
0.387 0
0.388 0
0.389 0
0.390 0
0.391 0
0.392 0
0.393 0
0.394 0
0.395 0
0.396 0
0.397 0
0.398 0
0.399 0
0.400 0
0.401 0
0.402 0
0.403 0
0.404 0
0.405 0
0.406 0
0.407 0
0.408 0
0.409 0
0.410 0
0.411 0
0.412 0
0.413 0
0.414 0
0.415 0
0.416 0
0.417 0
0.418 0
0.419 0
0.420 0
0.421 0
0.422 0
0.423 0
0.424 0
0.425 0
0.426 0
0.427 0
0.428 0
0.429 0
0.430 0
0.431 0
0.432 0
0.433 0
0.434 0
0.435 0
0.436 0
0.437 0
0.438 0
0.439 0
0.440 0
0.441 0
0.442 0
0.443 0
0.444 0
0.445 0
0.446 0
0.447 0
0.448 0
0.449 0
0.450 0
0.451 0
0.452 0
0.453 0
0.454 0
0.455 0
0.456 0
0.457 0
0.458 0
0.459 0
0.460 0
0.461 0
0.462 0
0.463 0
0.464 0
0.465 0
0.466 0
0.467 0
0.468 0
0.469 0
0.470 0
0.471 0
0.472 0
0.473 0
0.474 0
0.475 0
0.476 0
0.477 0
0.478 0
0.479 0
0.480 0
0.481 0
0.482 0
0.483 0
0.484 0
0.485 0
0.486 0
0.487 0
0.488 0
0.489 0
0.490 0
0.491 0
0.492 0
0.493 0
0.494 0
0.495 0
0.496 0
0.497 0
0.498 0
0.499 0
0.500 58
0.501 58
0.502 58
0.503 342626
0.504 515244
0.505 230196
0.506 58
0.507 58
0.508 58
0.509 58
0.510 58
0.511 159382
0.512 501726
0.513 518248
0.514 518248
0.515 519692
0.516 518190
0.517 518190
0.518 519692
0.519 518190
0.520 518190
0.521 624536
0.522 519746
0.523 518190
0.524 518190
0.525 519692
0.526 530272
0.527 518190
0.528 519692
0.529 518190
0.530 518190
0.531 518190
0.532 362882
0.533 0
0.534 0
0.535 0
0.536 0
0.537 0
0.538 0
0.539 0
0.540 0
0.541 0
0.542 0
0.543 405652
0.544 516688
0.545 519692
0.546 648976
0.547 1015352
0.548 1037882
0.549 1036380
0.550 1037882
0.551 1037882
0.552 1036380
0.553 1037882
0.554 1036380
0.555 1048720
0.556 1037624
0.557 1144282
0.558 1037882
0.559 1036380
0.560 1037882
0.561 1037882
0.562 1036380
0.563 1037882
0.564 618222
0.565 518190
0.566 519692
0.567 394424
0.568 0
0.569 0
0.570 1302
0.571 481900
0.572 516742
0.573 195592
0.574 0
0.575 0
0.576 0
0.577 0
0.578 0
0.579 0
0.580 1244
0.581 0
0.582 0
0.583 0
0.584 0
0.585 0
0.586 0
0.587 0
0.588 0
0.589 0
0.590 0
0.591 0
0.592 0
0.593 0
0.594 0
0.595 0
0.596 1244
0.597 0
0.598 0
0.599 0
0.600 0
0.601 0
0.602 0
0.603 0
0.604 0
0.605 0
0.606 0
0.607 0
0.608 0
0.609 0
0.610 0
0.611 0
0.612 0
0.613 0
0.614 0
0.615 10838
0.616 851600
0.617 553540
0.618 596120
0.619 235792
0.620 782654
0.621 471854
0.622 0
0.623 0
0.624 511014
0.625 553486
0.626 553540
0.627 851600
0.628 0
0.629 0
0.630 650894
0.631 498766
0.632 510960
0.633 468380
0.634 0
0.635 0
0.636 0
0.637 457396
0.638 10984
0.639 461902
0.640 418344
0.641 567474
0.642 248894
0.643 409440
0.644 791666
0.645 168040
0.646 90232
0.647 586986
0.648 517020
0.649 1107134
0.650 41094
0.651 384706
0.652 0
0.653 425800
0.654 790444
0.655 518190
0.656 722172
0.657 675126
0.658 704306
0.659 507730
0.660 897776
0.661 0
0.662 0
0.663 10838
0.664 0
0.665 640904
0.666 551336
0.667 0
0.668 468380
0.669 0
0.670 349544
0.671 672376
0.672 425800
0.673 1342412
0.674 518190
0.675 1073232
0.676 518190
0.677 529028
0.678 519692
0.679 518190
0.680 1071730
0.681 943990
0.682 945492
0.683 518190
0.684 997408
0.685 1514164
0.686 1013850
0.687 1062508
0.688 1146276
0.689 1545540
0.690 600238
0.691 1071730
0.692 519692
0.693 943990
0.694 566910
0.695 468380
0.696 894180
0.697 553540
0.698 0
0.699 979340
0.700 564534
0.701 895488
0.702 777530
0.703 745100
0.704 425800
0.705 1064500
0.706 1107080
0.707 210392
0.708 506174
0.709 988072
0.710 518190
0.711 1092970
0.712 986570
0.713 1541612
0.714 1071730
0.715 530692
0.716 1071626
0.717 624532
0.718 1050390
0.719 519692
0.720 518190
0.721 518190
0.722 520232
0.723 1496990
0.724 1156890
0.725 1438840
0.726 622206
0.727 518190
0.728 753514
0.729 519692
0.730 1016248
0.731 573672
0.732 519692
0.733 518190
0.734 986624
0.735 988018
0.736 932082
0.737 889356
0.738 1068618
0.739 634784
0.740 526170
0.741 1369790
0.742 519692
0.743 1167782
0.744 986516
0.745 945492
0.746 1029204
0.747 1095820
0.748 706846
0.749 88718
0.750 1053496
0.751 1193234
0.752 765446
0.753 0
0.754 425800
0.755 510960
0.756 425800
0.757 468380
0.758 0
0.759 0
0.760 510960
0.761 0
0.762 10838
0.763 0
0.764 468380
0.765 0
0.766 766786
0.767 127394
0.768 425854
0.769 468326
0.770 0
0.771 468380
0.772 0
0.773 596120
0.774 0
0.775 0
0.776 450086
0.777 638516
0.778 401698
0.779 438902
0.780 497858
0.781 510960
0.782 510960
0.783 0
0.784 58
0.785 1404058
0.786 832528
0.787 903338
0.788 424876
0.789 135120
0.790 452766
0.791 425800
0.792 639944
0.793 909924
0.794 537796
0.795 468380
0.796 425800
0.797 553540
0.798 425854
0.799 1059470
0.800 430776
0.801 878538
0.802 1071730
0.803 713084
0.804 106346
0.805 10892
0.806 106400
0.807 0
0.808 0
0.809 553540
0.810 108684
0.811 317116
0.812 638700
0.813 0
0.814 223360
0.815 670820
0.816 1251180
0.817 961976
0.818 518190
0.819 518190
0.820 592798
0.821 1402888
0.822 880366
0.823 1156890
0.824 519692
0.825 773092
0.826 1200048
0.827 519692
0.828 986570
0.829 943990
0.830 519692
0.831 801122
0.832 746218
0.833 740426
0.834 765836
0.835 1029150
0.836 1369790
0.837 520936
0.838 1071730
0.839 995166
0.840 1147466
0.841 1075464
0.842 1441136
0.843 1550614
0.844 1288748
0.845 1521768
0.846 1338680
0.847 1404370
0.848 2043340
0.849 1972062
0.850 2109612
0.851 1557574
0.852 1980370
0.853 1981872
0.854 1556072
0.855 2024452
0.856 1561334
0.857 2146930
0.858 1981872
0.859 1980370
0.860 1557574
0.861 2010522
0.862 2042922
0.863 2024452
0.864 1557574
0.865 1887808
0.866 1648634
0.867 2120234
0.868 1660160
0.869 1556072
0.870 1652288
0.871 1036380
0.872 1504922
0.873 2102220
0.874 1676582
0.875 1462180
0.876 1037882
0.877 1037882
0.878 1382882
0.879 1296836
0.880 1039384
0.881 1471246
0.882 1069894
0.883 991506
0.884 1115396
0.885 996214
0.886 717464
0.887 945330
0.888 624590
0.889 518190
0.890 1499032
0.891 1071730
0.892 1156890
0.893 1115870
0.894 887736
0.895 1033376
0.896 1507764
0.897 1037624
0.898 1462180
0.899 1039384
0.900 1504760
0.901 1036380
0.902 1037882
0.903 1037882
0.904 1036380
0.905 1080478
0.906 1421248
0.907 1781318
0.908 1504868
0.909 1465076
0.910 1589920
0.911 1431200
0.912 1537242
0.913 1037882
0.914 1324288
0.915 878824
0.916 519746
0.917 922850
0.918 1084578
0.919 977612
0.920 580712
0.921 518190
0.922 519692
0.923 1156890
0.924 624590
0.925 518190
0.926 1073232
0.927 1071730
0.928 1412370
0.929 519692
0.930 518190
0.931 624590
0.932 1754512
0.933 1497530
0.934 1040658
0.935 847322
0.936 928554
0.937 588546
0.938 518190
0.939 519692
0.940 986732
0.941 1448256
0.942 1335244
0.943 518190
0.944 953056
0.945 934924
0.946 1073232
0.947 1071730
0.948 518190
0.949 712542
0.950 1263290
0.951 518244
0.952 519692
0.953 943990
0.954 518190
0.955 1117056
0.956 518190
0.957 1178130
0.958 1071730
0.959 945492
0.960 529028
0.961 1412370
0.962 519692
0.963 518190
0.964 1452200
0.965 650290
0.966 1022618
0.967 992994
0.968 947048
0.969 560458
0.970 624590
0.971 1156890
0.972 1456194
0.973 837748
0.974 518190
0.975 519692
0.976 529028
0.977 755662
0.978 919418
0.979 1158446
0.980 1413872
0.981 986258
0.982 519692
0.983 986570
0.984 518190
0.985 1051892
0.986 954828
0.987 518190
0.988 518190
0.989 1058778
0.990 1660964
0.991 518190
0.992 542762
0.993 1474460
0.994 518190
0.995 988072
0.996 518190
0.997 518190
0.998 1584192
0.999 987814
1.000 518190
1.001 1158392
1.002 518190
1.003 518190
1.004 999126
1.005 1422456
1.006 1414116
1.007 1036380
1.008 1247838
1.009 1449694
1.010 876468
1.011 519692
1.012 518190
1.013 1156890
1.014 518190
1.015 519692
1.016 624590
1.017 518190
1.018 1030652
1.019 986570
1.020 1625270
1.021 519692
1.022 518190
1.023 518190
1.024 1667850
1.025 945492
1.026 1029366
1.027 457742
1.028 425800
1.029 510008
1.030 405266
1.031 255626
1.032 416480
1.033 137060
1.034 0
1.035 427356
1.036 41024
1.037 436638
1.038 552654
1.039 204370
1.040 266140
1.041 0
1.042 0
1.043 471492
1.044 82048
1.045 41256
1.046 512284
1.047 510960
1.048 888988
1.049 672014
1.050 324280
1.051 889204
1.052 1010120
1.053 345654
1.054 596120
1.055 0
1.056 553540
1.057 0
1.058 593348
1.059 1109852
1.060 1021920
1.061 52682
1.062 327784
1.063 280718
1.064 302728
1.065 646426
1.066 51862
1.067 0
1.068 244388
1.069 197988
1.070 26004
1.071 564378
1.072 523030
1.073 758102
1.074 1601400
1.075 986570
1.076 518190
1.077 624590
1.078 519692
1.079 1082568
1.080 943990
1.081 519692
1.082 1412370
1.083 943990
1.084 988072
1.085 518190
1.086 1082568
1.087 638462
1.088 1821838
1.089 1571504
1.090 663230
1.091 1541612
1.092 518190
1.093 1071730
1.094 451500
1.095 844706
1.096 476048
1.097 695284
1.098 923226
1.099 0
1.100 0
1.101 0
1.102 0
1.103 638700
1.104 0
1.105 395382
1.106 950802
1.107 58956
1.108 54
1.109 1192186
1.110 1021920
1.111 0
1.112 155154
1.113 699558
1.114 82048
1.115 427356
1.116 41024
1.117 417820
1.118 7980
1.119 596120
1.120 553540
1.121 468380
1.122 900296
1.123 419684
1.124 293954
1.125 174426
1.126 425800
1.127 0
1.128 673008
1.129 519290
1.130 542308
1.131 809302
1.132 518190
1.133 519692
1.134 518190
1.135 518298
1.136 1456344
1.137 1114310
1.138 1146388
1.139 887622
1.140 1044440
1.141 986570
1.142 518190
1.143 519692
1.144 1114310
1.145 1029150
1.146 988072
1.147 788998
1.148 673182
1.149 519692
1.150 518190
1.151 518190
1.152 883288
1.153 1143724
1.154 1582356
1.155 1833892
1.156 1417828
1.157 1208364
1.158 1299640
1.159 1243002
1.160 1036380
1.161 1037882
1.162 1037882
1.163 1515124
1.164 1133918
1.165 1036380
1.166 1761714
1.167 1780788
1.168 1901528
1.169 1156448
1.170 1340610
1.171 1271194
1.172 1834000
1.173 1316478
1.174 722510
1.175 892382
1.176 559538
1.177 529676
1.178 1039340
1.179 945492
1.180 584002
1.181 1154898
1.182 519692
1.183 978590
1.184 526170
1.185 988072
1.186 518190
1.187 1172666
1.188 1715894
1.189 1115812
1.190 986570
1.191 1114310
1.192 1578800
1.193 907056
1.194 645676
1.195 1557918
1.196 956654
1.197 829860
1.198 518190
1.199 988072
1.200 552098
1.201 963500
1.202 519692
1.203 518190
1.204 624590
1.205 1073232
1.206 518190
1.207 1540110
1.208 535306
1.209 1186752
1.210 1281734
1.211 518190
1.212 519692
1.213 518190
1.214 518190
1.215 1316480
1.216 700742
1.217 1115866
1.218 986516
1.219 522750
1.220 543724
1.221 527202
1.222 538298
1.223 1610024
1.224 1046894
1.225 598128
1.226 527202
1.227 523652
1.228 902480
1.229 536538
1.230 521194
1.231 519692
1.232 522696
1.233 521194
1.234 525700
1.235 535182
1.236 518244
1.237 1071676
1.238 519692
1.239 1497530
1.240 720630
1.241 870792
1.242 518190
1.243 762432
1.244 993356
1.245 864784
1.246 986570
1.247 535306
1.248 1292238
1.249 1033376
1.250 770858
1.251 519692
1.252 943990
1.253 518190
1.254 986570
1.255 519692
1.256 1540110
1.257 1082568
1.258 1163464
1.259 534358
1.260 986732
1.261 1531806
1.262 1160298
1.263 1141336
1.264 948094
1.265 518190
1.266 518190
1.267 656968
1.268 1456252
1.269 1114310
1.270 1109392
1.271 962782
1.272 1036380
1.273 982252
1.274 1030372
1.275 1071290
1.276 743214
1.277 1354970
1.278 1187870
1.279 1142232
1.280 518190
1.281 1520272
1.282 943990
1.283 518190
1.284 519692
1.285 518190
1.286 518190
1.287 1055436
1.288 1472646
1.289 943990
1.290 745532
1.291 1231702
1.292 1218118
1.293 554940
1.294 1841946
1.295 1031874
1.296 1266274
1.297 1030652
1.298 986570
1.299 518298
1.300 1912772
1.301 1347314
1.302 1727550
1.303 1160954
1.304 1506262
1.305 1589920
1.306 1459754
1.307 1270470
1.308 1531580
1.309 1865860
1.310 2176278
1.311 1222398
1.312 1500924
1.313 1500778
1.314 1281342
1.315 1036380
1.316 1037882
1.317 1493776
1.318 1559826
1.319 1036380
1.320 1039384
1.321 1036380
1.322 1756250
1.323 1114310
1.324 519692
1.325 943990
1.326 1114310
1.327 519692
1.328 1029150
1.329 986570
1.330 1115812
1.331 986570
1.332 518190
1.333 583424
1.334 965418
1.335 1071730
1.336 518190
1.337 1158392
1.338 899026
1.339 1283842
1.340 903696
1.341 1080542
1.342 701158
1.343 972366
1.344 519692
1.345 861580
1.346 812576
1.347 902334
1.348 896180
1.349 1055208
1.350 711764
1.351 988072
1.352 986570
1.353 1114310
1.354 988072
1.355 518190
1.356 1114310
1.357 519692
1.358 518190
1.359 514530
1.360 413044
1.361 55390
1.362 468380
1.363 218908
1.364 292052
1.365 468380
1.366 553540
1.367 332054
1.368 1068726
1.369 240652
1.370 0
1.371 468380
1.372 0
1.373 894180
1.374 0
1.375 0
1.376 510960
1.377 851600
1.378 0
1.379 649446
1.380 542794
1.381 521856
1.382 757326
1.383 545696
1.384 289256
1.385 453556
1.386 0
1.387 596174
1.388 638646
1.389 54
1.390 1133056
1.391 509178
1.392 540198
1.393 323372
1.394 1065338
1.395 514958
1.396 67498
1.397 597364
1.398 0
1.399 122202
1.400 1086344
1.401 849968
1.402 918612
1.403 3474
1.404 405480
1.405 701600
1.406 0
1.407 0
1.408 0
1.409 329856
1.410 826832
1.411 739686
1.412 850234
1.413 518190
1.414 566366
1.415 1006988
1.416 1595546
1.417 672790
1.418 924394
1.419 1612726
1.420 1149596
1.421 518190
1.422 519692
1.423 1126392
1.424 1071730
1.425 1073232
1.426 518190
1.427 1156890
1.428 518190
1.429 1030652
1.430 1018398
1.431 1318428
1.432 469936
1.433 41024
1.434 0
1.435 468380
1.436 0
1.437 106400
1.438 510960
1.439 0
1.440 425800
1.441 0
1.442 469624
1.443 0
1.444 0
1.445 638700
1.446 384468
1.447 594872
1.448 0
1.449 152512
1.450 486188
1.451 0
1.452 736102
1.453 750816
1.454 197094
1.455 425800
1.456 702520
1.457 1117918
1.458 0
1.459 0
1.460 0
1.461 510960
1.462 0
1.463 0
1.464 468380
1.465 0
1.466 468380
1.467 425800
1.468 0
1.469 468380
1.470 554784
1.471 457454
1.472 1457500
1.473 715962
1.474 330496
1.475 468380
1.476 510960
1.477 0
1.478 348688
1.479 1453692
1.480 1279792
1.481 188576
1.482 1618026
1.483 986570
1.484 1497530
1.485 1073232
1.486 943990
1.487 1667850
1.488 530530
1.489 1030394
1.490 1454950
1.491 986570
1.492 1073232
1.493 519854
1.494 1410706
1.495 519692
1.496 1455620
1.497 864384
1.498 683788
1.499 525862
1.500 937874
1.501 1080742
1.502 1105406
1.503 1071568
1.504 1506180
1.505 736390
1.506 846382
1.507 1139310
1.508 1112052
1.509 518190
1.510 1114310
1.511 519692
1.512 518190
1.513 518190
1.514 518190
1.515 988072
1.516 518190
1.517 935858
1.518 1463682
1.519 670224
1.520 1029150
1.521 988072
1.522 943990
1.523 518190
1.524 518298
1.525 1139860
1.526 962414
1.527 1336476
1.528 1055354
1.529 697122
1.530 518190
1.531 1405946
1.532 662256
1.533 1454372
1.534 1983374
1.535 1635836
1.536 1300872
1.537 1326930
1.538 1037882
1.539 1422350
1.540 1205452
1.541 1530560
1.542 1687096
1.543 1533768
1.544 1037882
1.545 1036380
1.546 1269638
1.547 1336824
1.548 1837366
1.549 1273890
1.550 1269188
1.551 1313300
1.552 1088150
1.553 1518154
1.554 1059380
1.555 1463682
1.556 1462180
1.557 1037882
1.558 1589974
1.559 1591368
1.560 1517866
1.561 1506506
1.562 2577992
1.563 1081934
1.564 1616906
1.565 1485478
1.566 2447826
1.567 1734498
1.568 1118428
1.569 1037882
1.570 1463424
1.571 1548842
1.572 1507506
1.573 1504760
1.574 1037882
1.575 1357386
1.576 1281254
1.577 1217538
1.578 1284026
1.579 1036380
1.580 1596036
1.581 1713046
1.582 1037882
1.583 1036380
1.584 1037882
1.585 1037882
1.586 1462180
1.587 1463682
1.588 1676582
1.589 1036380
1.590 1037882
1.591 1036380
1.592 1037882
1.593 1675080
1.594 1697822
1.595 1037882
1.596 1036380
1.597 1463682
1.598 1037882
1.599 1500254
1.600 1042388
1.601 1477254
1.602 1704088
1.603 1036380
1.604 1037882
1.605 1591422
1.606 1036380
1.607 1080640
1.608 1548664
1.609 1869124
1.610 1610278
1.611 1463682
1.612 1070018
1.613 1983584
1.614 1036380
1.615 1506262
1.616 1504760
1.617 1037882
1.618 1037882
1.619 1504760
1.620 1037882
1.621 1506262
1.622 2100880
1.623 1548842
1.624 1548842
1.625 1632500
1.626 1313250
1.627 1493684
1.628 1192966
1.629 1532266
1.630 1579406
1.631 1071396
1.632 1036380
1.633 1037940
1.634 1559622
1.635 1462180
1.636 1548842
1.637 1504760
1.638 1506262
1.639 1036380
1.640 1037882
1.641 1602260
1.642 1462180
1.643 1037882
1.644 1619160
1.645 2248438
1.646 1789864
1.647 1045862
1.648 1676582
1.649 1504760
1.650 1506262
1.651 1506262
1.652 1504760
1.653 1341284
1.654 2290222
1.655 1788624
1.656 1255488
1.657 1066890
1.658 1036380
1.659 1466848
1.660 1160954
1.661 1037882
1.662 1036380
1.663 1591422
1.664 1104082
1.665 2108634
1.666 2067032
1.667 1065250
1.668 1036380
1.669 2036332
1.670 1059850
1.671 1474520
1.672 1672754
1.673 1178686
1.674 2017222
1.675 1504760
1.676 1451196
1.677 1507818
1.678 1089890
1.679 1135624
1.680 1813026
1.681 2618902
1.682 2575372
1.683 1840038
1.684 1037882
1.685 1036380
1.686 1559410
1.687 1538274
1.688 1871096
1.689 1212616
1.690 1433572
1.691 1229180
1.692 1625270
1.693 986570
1.694 519692
1.695 882192
1.696 707728
1.697 1073232
1.698 1071730
1.699 1352436
1.700 1094730
1.701 599206
1.702 943990
1.703 519692
1.704 531762
1.705 1441378
1.706 1156890
1.707 945550
1.708 519376
1.709 1463908
1.710 872614
1.711 986570
1.712 532302
1.713 973960
1.714 518190
1.715 570014
1.716 1062486
1.717 945492
1.718 1454276
1.719 880744
1.720 749184
1.721 927398
1.722 1029150
1.723 879080
1.724 1052982
1.725 944098
1.726 1279962
1.727 779732
1.728 907472
1.729 554708
1.730 519692
1.731 518190
1.732 986570
1.733 519692
1.734 518352
1.735 1028988
1.736 988072
1.737 518190
1.738 845658
1.739 659102
1.740 817028
1.741 700072
1.742 1415238
1.743 10984
1.744 0
1.745 1055958
1.746 61960
1.747 270246
1.748 155554
1.749 0
1.750 468380
1.751 510960
1.752 11108
1.753 886692
1.754 465434
1.755 508778
1.756 986408
1.757 635192
1.758 581666
1.759 477636
1.760 986570
1.761 588126
1.762 894904
1.763 82048
1.764 385030
1.765 636890
1.766 425800
1.767 0
1.768 537780
1.769 116052
1.770 91268
1.771 0
1.772 232750
1.773 235630
1.774 471022
1.775 99206
1.776 1586164
1.777 519692
1.778 1252326
1.779 1389188
1.780 1151202
1.781 997408
1.782 863736
1.783 822236
1.784 913260
1.785 595440
1.786 948426
1.787 909186
1.788 559272
1.789 1528916
1.790 1495802
1.791 759906
1.792 952932
1.793 945492
1.794 1156890
1.795 1114310
1.796 986570
1.797 114810
1.798 0
1.799 0
1.800 425858
1.801 1295268
1.802 1024898
1.803 524340
1.804 287168
1.805 0
1.806 343752
1.807 720748
1.808 638700
1.809 5208
1.810 548332
1.811 638700
1.812 0
1.813 0
1.814 510960
1.815 510960
1.816 54
1.817 425746
1.818 481914
1.819 688774
1.820 277032
1.821 10838
1.822 584120
1.823 395220
1.824 345572
1.825 1388068
1.826 333592
1.827 0
1.828 129766
1.829 361256
1.830 468624
1.831 518190
1.832 519692
1.833 1071730
1.834 945492
1.835 1540110
1.836 518190
1.837 518190
1.838 519692
1.839 518190
1.840 828682
1.841 1021024
1.842 1200290
1.843 1088030
1.844 1485756
1.845 1589974
1.846 852078
1.847 1495748
1.848 1734130
1.849 1114310
1.850 518190
1.851 23754
1.852 0
1.853 596120
1.854 0
1.855 553540
1.856 533078
1.857 595242
1.858 553540
1.859 425800
1.860 0
1.861 638700
1.862 885730
1.863 16554
1.864 854064
1.865 585552
1.866 10838
1.867 639790
1.868 1142972
1.869 908342
1.870 1580718
1.871 520162
1.872 1274278
1.873 955898
1.874 945492
1.875 559214
1.876 1117368
1.877 559214
1.878 997408
1.879 626092
1.880 518190
1.881 529082
1.882 988018
1.883 635428
1.884 1275872
1.885 654688
1.886 1030652
1.887 916484
1.888 964832
1.889 596174
1.890 468380
1.891 284796
1.892 142560
1.893 736750
1.894 416568
1.895 510680
1.896 754966
1.897 285312
1.898 908984
1.899 1220016
1.900 50268
1.901 609672
1.902 0
1.903 0
1.904 425800
1.905 10838
1.906 1244
1.907 468380
1.908 454954
1.909 13426
1.910 510960
1.911 638700
1.912 54
1.913 478894
1.914 12016
1.915 10514
1.916 9482
1.917 526034
1.918 27560
1.919 468326
1.920 0
1.921 1170190
1.922 1095654
1.923 1117894
1.924 3474
1.925 649538
1.926 0
1.927 425800
1.928 425858
1.929 916122
1.930 1095918
1.931 553540
1.932 510960
1.933 436638
1.934 468380
1.935 0
1.936 468380
1.937 553540
1.938 468380
1.939 468380
1.940 425800
1.941 617164
1.942 362176
1.943 936760
1.944 0
1.945 638700
1.946 328970
1.947 139410
1.948 0
1.949 317034
1.950 513684
1.951 1338394
1.952 592220
1.953 945438
1.954 943990
1.955 518190
1.956 945492
1.957 986570
1.958 518190
1.959 988072
1.960 1157052
1.961 1177968
1.962 1071730
1.963 519692
1.964 1582690
1.965 1710430
1.966 1387262
1.967 1034878
1.968 1591422
1.969 1180134
1.970 1035972
1.971 518190
1.972 519692
1.973 986570
1.974 518190
1.975 1163622
1.976 737942
1.977 986570
1.978 820648
1.979 1196574
1.980 518190
1.981 1030652
1.982 1029150
1.983 1156890
1.984 585342
1.985 1474460
1.986 1582690
1.987 191654
1.988 669896
1.989 866582
1.990 549942
1.991 0
1.992 553540
1.993 0
1.994 468380
1.995 468380
1.996 119172
1.997 583348
1.998 0
1.999 1064500
2.000 399942
2.001 536818
2.002 553540
2.003 541054
2.004 118886
2.005 425800
2.006 0
2.007 0
2.008 0
2.009 425800
2.010 468380
2.011 596120
2.012 493644
2.013 59896
2.014 1244
2.015 285266
2.016 537018
2.017 157056
2.018 15132
2.019 91268
2.020 811770
2.021 817108
2.022 638700
2.023 0
2.024 425800
2.025 425800
2.026 0
2.027 596120
2.028 468380
2.029 0
2.030 468380
2.031 977368
2.032 586600
2.033 820512
2.034 0
2.035 468380
2.036 638700
2.037 553540
2.038 425800
2.039 0
2.040 731154
2.041 128604
2.042 502802
2.043 0
2.044 10838
2.045 1064500
2.046 510960
2.047 478478
2.048 500862
2.049 804968
2.050 232566
2.051 432770
2.052 322724
2.053 123072
2.054 0
2.055 1192240
2.056 510960
2.057 652260
2.058 1351820
2.059 893412
2.060 107706
2.061 914214
2.062 0
2.063 468380
2.064 0
2.065 425858
2.066 649480
2.067 468380
2.068 468380
2.069 638700
2.070 553540
2.071 0
2.072 396468
2.073 411304
2.074 754736
2.075 473130
2.076 703048
2.077 529036
2.078 951902
2.079 0
2.080 638700
2.081 0
2.082 468380
2.083 0
2.084 638700
2.085 744056
2.086 363024
2.087 244874
2.088 308666
2.089 1255874
2.090 564044
2.091 1018384
2.092 1035440
2.093 1253558
2.094 508202
2.095 553540
2.096 0
2.097 425800
2.098 433044
2.099 791872
2.100 1134560
2.101 956072
2.102 1528294
2.103 616668
2.104 986570
2.105 518190
2.106 518190
2.107 527256
2.108 936426
2.109 518190
2.110 1084070
2.111 566366
2.112 2084882
2.113 1037882
2.114 1133644
2.115 518190
2.116 938290
2.117 695712
2.118 1540110
2.119 1056054
2.120 511014
2.121 295456
2.122 747704
2.123 530540
2.124 23000
2.125 322454
2.126 188506
2.127 0
2.128 574780
2.129 425800
2.130 0
2.131 864232
2.132 924128
2.133 894180
2.134 418960
2.135 1057206
2.136 31520
2.137 887632
2.138 0
2.139 0
2.140 553540
2.141 0
2.142 1149660
2.143 425800
2.144 553540
2.145 0
2.146 0
2.147 510960
2.148 0
2.149 468380
2.150 553540
2.151 936760
2.152 0
2.153 425800
2.154 0
2.155 596120
2.156 468380
2.157 0
2.158 425800
2.159 0
2.160 0
2.161 3166
2.162 1061334
2.163 468380
2.164 0
2.165 545576
2.166 391184
2.167 532200
2.168 1165296
2.169 26944
2.170 362370
2.171 287168
2.172 10838
2.173 468380
2.174 468380
2.175 553540
2.176 0
2.177 425800
2.178 566646
2.179 50714
2.180 468380
2.181 0
2.182 0
2.183 15132
2.184 586414
2.185 577512
2.186 1013762
2.187 0
2.188 468380
2.189 0
2.190 1600442
2.191 1341398
2.192 1045386
2.193 666884
2.194 638700
2.195 553540
2.196 425800
2.197 856094
2.198 1420388
2.199 891498
2.200 565468
2.201 559338
2.202 888346
2.203 571372
2.204 1021920
2.205 0
2.206 425800
2.207 510960
2.208 777462
2.209 244458
2.210 0
2.211 0
2.212 223792
2.213 390060
2.214 453706
2.215 321368
2.216 376958
2.217 836672
2.218 79984
2.219 468380
2.220 636728
2.221 1972
2.222 510960
2.223 0
2.224 0
2.225 425800
2.226 469624
2.227 425800
2.228 136794
2.229 1171164
2.230 1014754
2.231 638700
2.232 10838
2.233 425800
2.234 596120
2.235 558100
2.236 48858
2.237 936760
2.238 468380
2.239 845268
2.240 194476
2.241 852062
2.242 194514
2.243 0
2.244 483512
2.245 494158
2.246 1378694
2.247 264408
2.248 510960
2.249 512624
2.250 1062836
2.251 574780
2.252 0
2.253 425800
2.254 553540
2.255 0
2.256 468380
2.257 479056
2.258 1160224
2.259 638700
2.260 911518
2.261 379886
2.262 369216
2.263 0
2.264 0
2.265 0
2.266 638700
2.267 135882
2.268 417658
2.269 478482
2.270 462616
2.271 1073232
2.272 618512
2.273 584050
2.274 596120
2.275 0
2.276 0
2.277 0
2.278 468380
2.279 101502
2.280 1087042
2.281 518190
2.282 19858
2.283 468380
2.284 468380
2.285 894180
2.286 479218
2.287 975088
2.288 131992
2.289 0
2.290 0
2.291 0
2.292 468434
2.293 42526
2.294 0
2.295 0
2.296 54
2.297 979340
2.298 42526
2.299 0
2.300 165332
2.301 983566
2.302 864476
2.303 1152746
2.304 518190
2.305 1169996
2.306 1081366
2.307 1029150
2.308 943990
2.309 519692
2.310 1155388
2.311 694934
2.312 1281210
2.313 926998
2.314 535182
2.315 518190
2.316 1084270
2.317 1742638
2.318 894964
2.319 929932
2.320 518190
2.321 341854
2.322 386020
2.323 41132
2.324 729208
2.325 513684
2.326 1156890
2.327 518190
2.328 1030652
2.329 1918354
2.330 1034126
2.331 519692
2.332 518190
2.333 1625270
2.334 518190
2.335 519692
2.336 943990
2.337 986570
2.338 1541612
2.339 986570
2.340 1339026
2.341 1109804
2.342 725282
2.343 518190
2.344 1312590
2.345 955992
2.346 0
2.347 576718
2.348 802002
2.349 122418
2.350 0
2.351 739134
2.352 666006
2.353 979340
2.354 468380
2.355 553540
2.356 468380
2.357 54
2.358 596066
2.359 894180
2.360 638700
2.361 0
2.362 468380
2.363 703448
2.364 497928
2.365 444786
2.366 569554
2.367 41024
2.368 425800
2.369 0
2.370 0
2.371 0
2.372 0
2.373 0
2.374 1137428
2.375 529000
2.376 207092
2.377 468380
2.378 425800
2.379 0
2.380 938316
2.381 41024
2.382 734936
2.383 755364
2.384 0
2.385 907346
2.386 986624
2.387 567320
2.388 648
2.389 1208184
2.390 409208
2.391 638700
2.392 0
2.393 1117918
2.394 1390936
2.395 248344
2.396 936760
2.397 936760
2.398 468380
2.399 0
2.400 468380
2.401 0
2.402 340624
2.403 301096
2.404 334258
2.405 849580
2.406 666234
2.407 874080
2.408 1064500
2.409 0
2.410 430468
2.411 689006
2.412 375440
2.413 133964
2.414 347372
2.415 589388
2.416 0
2.417 301322
2.418 836154
2.419 931666
2.420 210990
2.421 19638
2.422 514118
2.423 637144
2.424 258376
2.425 210004
2.426 0
2.427 877546
2.428 676574
2.429 0
2.430 425800
2.431 979340
2.432 425800
2.433 425800
2.434 895478
2.435 579452
2.436 334670
2.437 0
2.438 425800
2.439 425800
2.440 0
2.441 0
2.442 553540
2.443 106400
2.444 1432382
2.445 644044
2.446 693326
2.447 0
2.448 427356
2.449 51862
2.450 58
2.451 369546
2.452 1068726
2.453 671482
2.454 0
2.455 0
2.456 428966
2.457 976336
2.458 1554038
2.459 245052
2.460 287168
2.461 0
2.462 384776
2.463 553540
2.464 1062944
2.465 596120
2.466 1090574
2.467 1294856
2.468 1068726
2.469 273696
2.470 0
2.471 510960
2.472 0
2.473 468380
2.474 841432
2.475 137908
2.476 288794
2.477 179586
2.478 0
2.479 0
2.480 482060
2.481 582440
2.482 425800
2.483 108846
2.484 444694
2.485 510960
2.486 0
2.487 1192440
2.488 84960
2.489 0
2.490 0
2.491 0
2.492 0
2.493 10838
2.494 235700
2.495 190100
2.496 428912
2.497 82048
2.498 469936
2.499 41024
2.500 0
2.501 425800
2.502 638700
2.503 510960
2.504 1021920
2.505 0
2.506 0
2.507 457688
2.508 95852
2.509 0
2.510 194838
2.511 827082
2.512 386332
2.513 82048
2.514 1075338
2.515 0
2.516 0
2.517 0
2.518 18576
2.519 621368
2.520 0
2.521 0
2.522 405334
2.523 476360
2.524 438286
2.525 0
2.526 0
2.527 596120
2.528 564324
2.529 511014
2.530 9606
2.531 458774
2.532 426394
2.533 467786
2.534 0
2.535 6710
2.536 548074
2.537 564378
2.538 907076
2.539 943990
2.540 641966
2.541 0
2.542 0
2.543 0
2.544 305316
2.545 163064
2.546 1129876
2.547 743652
2.548 805854
2.549 865700
2.550 914476
2.551 32482
2.552 425800
2.553 0
2.554 510960
2.555 468380
2.556 617418
2.557 1308370
2.558 540320
2.559 854558
2.560 354158
2.561 979286
2.562 468380
2.563 553540
2.564 0
2.565 0
2.566 253508
2.567 1059626
2.568 1105514
2.569 638762
2.570 621670
2.571 783470
2.572 0
2.573 0
2.574 851500
2.575 638700
2.576 468434
2.577 425746
2.578 0
2.579 425800
2.580 468380
2.581 553540
2.582 553540
2.583 488500
2.584 448260
2.585 0
2.586 774928
2.587 757952
2.588 263660
2.589 375040
2.590 158266
2.591 363532
2.592 425800
2.593 427356
2.594 637144
2.595 10784
2.596 166
2.597 854718
2.598 1017204
2.599 1424316
2.600 652678
2.601 1022402
2.602 518190
2.603 1319646
2.604 782736
2.605 518190
2.606 519692
2.607 828698
2.608 846382
2.609 1115812
2.610 518190
2.611 943990
2.612 986570
2.613 1030652
2.614 1399214
2.615 1297786
2.616 1094472
2.617 518190
2.618 1279732
2.619 425800
2.620 553540
2.621 0
2.622 0
2.623 553540
2.624 1149660
2.625 1021920
2.626 157218
2.627 796892
2.628 26474
2.629 0
2.630 1048594
2.631 354844
2.632 214602
2.633 471492
2.634 82048
2.635 483512
2.636 91268
2.637 0
2.638 0
2.639 0
2.640 6710
2.641 546830
2.642 0
2.643 1358534
2.644 1108356
2.645 570198
2.646 1003146
2.647 546236
2.648 1049850
2.649 861726
2.650 1398020
2.651 829206
2.652 518190
2.653 836726
2.654 1034878
2.655 1134244
2.656 668768
2.657 1710430
2.658 1540110
2.659 518190
2.660 531124
2.661 1454356
2.662 518190
2.663 1162444
2.664 585842
2.665 0
2.666 0
2.667 0
2.668 425800
2.669 0
2.670 553540
2.671 468380
2.672 510960
2.673 0
2.674 0
2.675 924274
2.676 12486
2.677 425800
2.678 468380
2.679 553540
2.680 468434
2.681 1380502
2.682 1491522
2.683 302234
2.684 106400
2.685 425800
2.686 0
2.687 229114
2.688 409586
2.689 425800
2.690 468380
2.691 0
2.692 242524
2.693 311016
2.694 0
2.695 408770
2.696 123866
2.697 556652
2.698 316500
2.699 957788
2.700 482438
2.701 1007862
2.702 1149660
2.703 108
2.704 1576962
2.705 466770
2.706 0
2.707 0
2.708 425800
2.709 510960
2.710 0
2.711 676952
2.712 943470
2.713 519692
2.714 693558
2.715 526092
2.716 559648
2.717 0
2.718 554784
2.719 468380
2.720 596120
2.721 1107080
2.722 0
2.723 638700
2.724 425800
2.725 425800
2.726 510960
2.727 0
2.728 468380
2.729 1107080
2.730 596120
2.731 0
2.732 553540
2.733 0
2.734 510960
2.735 510960
2.736 553540
2.737 510960
2.738 0
2.739 0
2.740 0
2.741 635766
2.742 740674
2.743 199020
2.744 596120
2.745 0
2.746 0
2.747 254648
2.748 833262
2.749 518190
2.750 394282
2.751 333168
2.752 479218
2.753 500030
2.754 302004
2.755 347626
2.756 334740
2.757 127486
2.758 581370
2.759 425800
2.760 1174258
2.761 956530
2.762 958310
2.763 810468
2.764 211506
2.765 0
2.766 0
2.767 52682
2.768 607258
2.769 959458
2.770 1112754
2.771 740120
2.772 0
2.773 425800
2.774 0
2.775 0
2.776 0
2.777 1021920
2.778 10838
2.779 0
2.780 0
2.781 812948
2.782 719932
2.783 553540
2.784 390676
2.785 248024
2.786 225348
2.787 328192
2.788 427356
2.789 509404
2.790 1719398
2.791 26382
2.792 493606
2.793 103704
2.794 511014
2.795 553540
2.796 436638
2.797 0
2.798 553540
2.799 425800
2.800 36642
2.801 900118
2.802 10838
2.803 106400
2.804 0
2.805 0
2.806 596120
2.807 0
2.808 348512
2.809 249234
2.810 1526278
2.811 473356
2.812 54
2.813 553486
2.814 980584
2.815 0
2.816 510960
2.817 585848
2.818 489178
2.819 350322
2.820 300336
2.821 0
2.822 0
2.823 520096
2.824 459244
2.825 510960
2.826 0
2.827 510960
2.828 0
2.829 10838
2.830 349128
2.831 516476
2.832 369216
2.833 128264
2.834 340116
2.835 0
2.836 0
2.837 936760
2.838 425800
2.839 0
2.840 468380
2.841 0
2.842 468380
2.843 596120
2.844 0
2.845 692896
2.846 414184
2.847 553540
2.848 54
2.849 979340
2.850 468326
2.851 358032
2.852 152928
2.853 0
2.854 0
2.855 468380
2.856 475478
2.857 1181942
2.858 1539830
2.859 1570082
2.860 1036380
2.861 1814284
2.862 2021448
2.863 1407464
2.864 1037882
2.865 1632500
2.866 1037882
2.867 1634002
2.868 1036380
2.869 1591422
2.870 1591422
2.871 1589920
2.872 1462180
2.873 1548842
2.874 1048504
2.875 1451558
2.876 1337444
2.877 1347212
2.878 1196216
2.879 1107108
2.880 542222
2.881 535182
2.882 945492
2.883 518190
2.884 986570
2.885 529028
2.886 1018548
2.887 1791156
2.888 1580908
2.889 1678084
2.890 1752892
2.891 1485088
2.892 1418644
2.893 1067360
2.894 1036380
2.895 1037882
2.896 1519834
2.897 1065388
2.898 1506262
2.899 1553456
2.900 1670466
2.901 1238658
2.902 1262906
2.903 1036380
2.904 1340664
2.905 1203222
2.906 1037882
2.907 1036380
2.908 1420640
2.909 988072
2.910 518190
2.911 1071730
2.912 946736
2.913 986570
2.914 1217548
2.915 842254
2.916 847954
2.917 1053652
2.918 589724
2.919 923994
2.920 539688
2.921 518190
2.922 988072
2.923 1117908
2.924 982972
2.925 988072
2.926 624590
2.927 518190
2.928 697630
2.929 1114472
2.930 723310
2.931 518190
2.932 528866
2.933 1062556
2.934 783460
2.935 680222
2.936 940364
2.937 1036380
2.938 1319140
2.939 1202918
2.940 1333934
2.941 519434
2.942 1584354
2.943 1263094
2.944 1462536
2.945 1745300
2.946 1010814
2.947 518190
2.948 1073232
2.949 518190
2.950 912340
2.951 762740
2.952 899546
2.953 606716
2.954 518190
2.955 995744
2.956 744658
2.957 624590
2.958 530530
2.959 518190
2.960 518190
2.961 519692
2.962 518190
2.963 518190
2.964 518190
2.965 1126612
2.966 1103510
2.967 518190
2.968 519692
2.969 1029150
2.970 943990
2.971 986570
2.972 945492
2.973 555852
2.974 588970
2.975 1369250
2.976 1284272
2.977 923008
2.978 988072
2.979 1469192
2.980 631688
2.981 945492
2.982 1156890
2.983 518784
2.984 987478
2.985 518190
2.986 1497530
2.987 954828
2.988 626092
2.989 1029150
2.990 783514
2.991 1134090
2.992 532648
2.993 633152
2.994 1041928
2.995 1073232
2.996 1412370
2.997 1667850
2.998 1438016
2.999 1525334
3.000 1037882
3.001 1894350
3.002 1244412
3.003 1036380
3.004 1110090
3.005 1889472
3.006 1753960
3.007 1037936
3.008 1498872
3.009 1118428
3.010 1463682
3.011 1506262
3.012 1589920
3.013 1801480
3.014 1466524
3.015 1525896
3.016 1130984
3.017 1416110
3.018 1065658
3.019 1036488
3.020 1651650
3.021 729642
3.022 1293334
3.023 682756
3.024 519692
3.025 943990
3.026 518190
3.027 1073232
3.028 1090348
3.029 1521492
3.030 529028
3.031 519692
3.032 518190
3.033 518190
3.034 1069816
3.035 1453292
3.036 1062384
3.037 685244
3.038 943990
3.039 943990
3.040 519692
3.041 518190
3.042 1795590
3.043 518244
3.044 1073178
3.045 765998
3.046 1005480
3.047 636194
3.048 518190
3.049 943990
3.050 519692
3.051 943990
3.052 1412370
3.053 1625270
3.054 945492
3.055 518190
3.056 1178130
3.057 519692
3.058 943990
3.059 1711674
3.060 567010
3.061 1033478
3.062 551704
3.063 856804
3.064 777198
3.065 685630
3.066 855058
3.067 894180
3.068 425800
3.069 63678
3.070 404702
3.071 787630
3.072 405854
3.073 468438
3.074 659882
3.075 0
3.076 1021920
3.077 553540
3.078 425800
3.079 611252
3.080 1130796
3.081 25134
3.082 638538
3.083 1113250
3.084 462210
3.085 510960
3.086 0
3.087 425800
3.088 1103832
3.089 1352554
3.090 1200476
3.091 644690
3.092 1039826
3.093 636756
3.094 1156890
3.095 519692
3.096 518190
3.097 1029150
3.098 988072
3.099 943990
3.100 1156890
3.101 943990
3.102 1371292
3.103 1508768
3.104 948096
3.105 759828
3.106 910324
3.107 1503258
3.108 1248828
3.109 679506
3.110 553540
3.111 468380
3.112 425800
3.113 0
3.114 979340
3.115 468380
3.116 511526
3.117 1586218
3.118 1797092
3.119 950934
3.120 0
3.121 553594
3.122 468326
3.123 189792
3.124 237252
3.125 0
3.126 0
3.127 596120
3.128 0
3.129 494056
3.130 439804
3.131 217044
3.132 386332
3.133 82048
3.134 0
3.135 0
3.136 0
3.137 597676
3.138 133240
3.139 482564
3.140 638700
3.141 512204
3.142 0
3.143 553594
3.144 1064446
3.145 553540
3.146 0
3.147 563118
3.148 907942
3.149 510958
3.150 979394
3.151 0
3.152 0
3.153 254594
3.154 447926
3.155 0
3.156 261704
3.157 209430
3.158 1008484
3.159 1184600
3.160 1457654
3.161 949352
3.162 0
3.163 0
3.164 468380
3.165 106400
3.166 0
3.167 784826
3.168 300914
3.169 0
3.170 0
3.171 547062
3.172 1028398
3.173 482438
3.174 411742
3.175 393636
3.176 518190
3.177 176066
3.178 553540
3.179 0
3.180 106400
3.181 0
3.182 0
3.183 468380
3.184 425854
3.185 638646
3.186 0
3.187 638700
3.188 0
3.189 596120
3.190 106400
3.191 553594
3.192 553486
3.193 1177014
3.194 785302
3.195 1187082
3.196 847538
3.197 656190
3.198 34878
3.199 425800
3.200 638700
3.201 0
3.202 0
3.203 0
3.204 468380
3.205 596120
3.206 0
3.207 0
3.208 0
3.209 638758
3.210 1186
3.211 1021920
3.212 553540
3.213 0
3.214 596120
3.215 0
3.216 0
3.217 15830
3.218 1048670
3.219 0
3.220 328100
3.221 268020
3.222 1038496
3.223 26004
3.224 615160
3.225 659664
3.226 941388
3.227 936760
3.228 1244
3.229 553540
3.230 936760
3.231 0
3.232 894180
3.233 0
3.234 336442
3.235 736238
3.236 849400
3.237 510680
3.238 315752
3.239 468380
3.240 979340
3.241 108
3.242 783362
3.243 527352
3.244 264638
3.245 485988
3.246 428804
3.247 497166
3.248 1228002
3.249 0
3.250 425800
3.251 845176
3.252 495794
3.253 319650
3.254 468434
3.255 1532826
3.256 553540
3.257 0
3.258 468380
3.259 396106
3.260 710974
3.261 979340
3.262 425800
3.263 436638
3.264 0
3.265 0
3.266 0
3.267 1064500
3.268 10838
3.269 0
3.270 0
3.271 468380
3.272 0
3.273 446206
3.274 549844
3.275 592936
3.276 520936
3.277 518190
3.278 518190
3.279 1114380
3.280 945422
3.281 678158
3.282 954342
3.283 1074788
3.284 559214
3.285 1029150
3.286 1158392
3.287 986570
3.288 518352
3.289 1498870
3.290 1167728
3.291 518190
3.292 518190
3.293 991184
3.294 224248
3.295 1130500
3.296 0
3.297 0
3.298 425800
3.299 468380
3.300 0
3.301 427244
3.302 615916
3.303 510960
3.304 10838
3.305 0
3.306 1107080
3.307 0
3.308 468380
3.309 425800
3.310 702
3.311 711612
3.312 309606
3.313 894180
3.314 761410
3.315 814050
3.316 42596
3.317 851584
3.318 512204
3.319 12070
3.320 917472
3.321 338966
3.322 329548
3.323 9482
3.324 384776
3.325 633724
3.326 46162
3.327 633562
3.328 622178
3.329 21498
3.330 0
3.331 0
3.332 0
3.333 0
3.334 1244
3.335 0
3.336 550028
3.337 344152
3.338 553540
3.339 468380
3.340 425800
3.341 0
3.342 0
3.343 425800
3.344 594
3.345 755170
3.346 1160336
3.347 181304
3.348 878274
3.349 515882
3.350 0
3.351 468380
3.352 0
3.353 0
3.354 0
3.355 859472
3.356 205028
3.357 639790
3.358 1002638
3.359 519692
3.360 586392
3.361 425800
3.362 425800
3.363 0
3.364 45172
3.365 877902
3.366 518190
3.367 668548
3.368 679470
3.369 427610
3.370 343752
3.371 82048
3.372 425800
3.373 555096
3.374 41024
3.375 0
3.376 1064500
3.377 677270
3.378 518190
3.379 1071730
3.380 986570
3.381 1499032
3.382 584390
3.383 992822
3.384 1507764
3.385 545558
3.386 1795590
3.387 519692
3.388 624590
3.389 962468
3.390 714114
3.391 958702
3.392 631218
3.393 518190
3.394 945492
3.395 518298
3.396 978482
3.397 527672
3.398 295292
3.399 10838
3.400 638700
3.401 468380
3.402 0
3.403 510960
3.404 553540
3.405 425800
3.406 1149660
3.407 0
3.408 0
3.409 553540
3.410 615646
3.411 278534
3.412 215084
3.413 317116
3.414 596120
3.415 468380
3.416 553540
3.417 907282
3.418 403588
3.419 1070228
3.420 197094
3.421 0
3.422 0
3.423 0
3.424 468380
3.425 936760
3.426 63624
3.427 985386
3.428 486982
3.429 550428
3.430 405804
3.431 573536
3.432 639944
3.433 425800
3.434 0
3.435 183356
3.436 747612
3.437 1562064
3.438 464636
3.439 90148
3.440 0
3.441 0
3.442 358356
3.443 502158
3.444 1029204
3.445 220094
3.446 0
3.447 427356
3.448 594564
3.449 0
3.450 638700
3.451 468380
3.452 0
3.453 425800
3.454 468380
3.455 574780
3.456 436638
3.457 468380
3.458 638700
3.459 0
3.460 0
3.461 587816
3.462 50884
3.463 166862
3.464 386678
3.465 433364
3.466 737536
3.467 468380
3.468 510960
3.469 1170900
3.470 1075338
3.471 649538
3.472 95012
3.473 1563770
3.474 1457674
3.475 510160
3.476 82048
3.477 0
3.478 0
3.479 0
3.480 564378
3.481 0
3.482 553540
3.483 638700
3.484 0
3.485 0
3.486 0
3.487 596120
3.488 80200
3.489 388180
3.490 54
3.491 425800
3.492 553486
3.493 0
3.494 0
3.495 0
3.496 468380
3.497 446612
3.498 106928
3.499 0
3.500 0
3.501 0
3.502 222236
3.503 246144
3.504 0
3.505 512516
3.506 594564
3.507 0
3.508 553540
3.509 0
3.510 0
3.511 305878
3.512 162502
3.513 0
3.514 425800
3.515 596120
3.516 0
3.517 0
3.518 425800
3.519 3166
3.520 1572294
3.521 468380
3.522 800072
3.523 564660
3.524 780980
3.525 714298
3.526 970048
3.527 1014076
3.528 518190
3.529 519692
3.530 1454950
3.531 518190
3.532 1053448
3.533 1027594
3.534 986570
3.535 945492
3.536 1159040
3.537 1452800
3.538 519434
3.539 519692
3.540 960978
3.541 1262370
3.542 887006
3.543 1163518
3.544 240984
3.545 0
3.546 0
3.547 553540
3.548 425800
3.549 0
3.550 333556
3.551 983566
3.552 877850
3.553 468380
3.554 0
3.555 553540
3.556 65238
3.557 804288
3.558 518190
3.559 679516
3.560 597364
3.561 425800
3.562 555608
3.563 1119340
3.564 518190
3.565 471458
3.566 510960
3.567 0
3.568 468380
3.569 0
3.570 0
3.571 559314
3.572 569006
3.573 444440
3.574 131122
3.575 654120
3.576 601258
3.577 0
3.578 553540
3.579 594
3.580 936166
3.581 553540
3.582 191198
3.583 642844
3.584 146542
3.585 0
3.586 0
3.587 0
3.588 302728
3.589 123072
3.590 638700
3.591 0
3.592 0
3.593 0
3.594 21622
3.595 1009472
3.596 1193904
3.597 510960
3.598 0
3.599 877950
3.600 697510
3.601 19688
3.602 576432
3.603 425800
3.604 314528
3.605 944366
3.606 1011126
3.607 1457832
3.608 1244
3.609 460038
3.610 546392
3.611 15490
3.612 425800
3.613 0
3.614 143230
3.615 750950
3.616 749448
3.617 315052
3.618 300918
3.619 252622
3.620 468380
3.621 597676
3.622 41024
3.623 510960
3.624 0
3.625 0
3.626 638700
3.627 1244
3.628 425800
3.629 0
3.630 665890
3.631 985366
3.632 2039900
3.633 1029150
3.634 943990
3.635 1248112
3.636 1677450
3.637 1812140
3.638 1788272
3.639 575860
3.640 930402
3.641 1540110
3.642 1158392
3.643 1040366
3.644 1060514
3.645 988072
3.646 1369790
3.647 986570
3.648 1540110
3.649 519692
3.650 1531860
3.651 611600
3.652 956888
3.653 917478
3.654 682286
3.655 1077322
3.656 988704
3.657 1235880
3.658 1497476
3.659 519692
3.660 1029150
3.661 1384394
3.662 1016048
3.663 1284560
3.664 1039722
3.665 1427094
3.666 815918
3.667 518190
3.668 999872
3.669 655752
3.670 928430
3.671 913476
3.672 700688
3.673 776004
3.674 763772
3.675 870526
3.676 869876
3.677 851494
3.678 888908
3.679 933676
3.680 613664
3.681 722440
3.682 706226
3.683 983674
3.684 641262
3.685 980092
3.686 526170
3.687 1253180
3.688 948366
3.689 887406
3.690 518190
3.691 898156
3.692 1062854
3.693 1522946
3.694 1165930
3.695 1481976
3.696 1232488
3.697 1547340
3.698 1037882
3.699 1676582
3.700 1589920
3.701 1098182
3.702 2213282
3.703 2283190
3.704 1782690
3.705 1821192
3.706 1824654
3.707 1899878
3.708 1679144
3.709 1557574
3.710 2067086
3.711 1597096
3.712 1557574
3.713 1704518
3.714 1036380
3.715 1614946
3.716 1461398
3.717 1036380
3.718 1510822
3.719 1189092
3.720 1774790
3.721 2231366
3.722 1010190
3.723 1497746
3.724 1799880
3.725 770720
3.726 518190
3.727 518190
3.728 898260
3.729 778322
3.730 1114310
3.731 957092
3.732 1060130
3.733 529028
3.734 945492
3.735 1071730
3.736 1156890
3.737 518190
3.738 1179632
3.739 518190
3.740 785270
3.741 1111992
3.742 709322
3.743 878464
3.744 599206
3.745 861942
3.746 600238
3.747 519692
3.748 1071730
3.749 1625270
3.750 1540110
3.751 1354672
3.752 1347650
3.753 1745582
3.754 1591368
3.755 1037882
3.756 1399976
3.757 2187828
3.758 2192030
3.759 1601132
3.760 1044222
3.761 1039384
3.762 1504760
3.763 1358684
3.764 2084780
3.765 1788698
3.766 1238520
3.767 1401560
3.768 1521822
3.769 2017384
3.770 1572696
3.771 1976144
3.772 657274
3.773 518190
3.774 1073232
3.775 800706
3.776 1208536
3.777 553800
3.778 1512480
3.779 518190
3.780 1115812
3.781 986570
3.782 1553828
3.783 1058012
3.784 988072
3.785 1071730
3.786 1114310
3.787 1028788
3.788 989612
3.789 1126704
3.790 1102240
3.791 986570
3.792 986570
3.793 1405740
3.794 1501772
3.795 1162832
3.796 1134992
3.797 967390
3.798 1029150
3.799 518190
3.800 530692
3.801 1580556
3.802 1415586
3.803 945492
3.804 518190
3.805 518190
3.806 1412370
3.807 907320
3.808 1588418
3.809 701766
3.810 988072
3.811 518190
3.812 1114310
3.813 684528
3.814 1513270
3.815 956276
3.816 1663550
3.817 1834616
3.818 1147000
3.819 518190
3.820 1117056
3.821 943990
3.822 1104374
3.823 912848
3.824 518190
3.825 1369790
3.826 1605836
3.827 1287796
3.828 674538
3.829 518190
3.830 520936
3.831 1071730
3.832 986570
3.833 1038290
3.834 2189514
3.835 1250890
3.836 995232
3.837 1107766
3.838 791748
3.839 518190
3.840 392810
3.841 913290
3.842 23470
3.843 0
3.844 939040
3.845 168040
3.846 869262
3.847 67498
3.848 425800
3.849 596120
3.850 553848
3.851 1502560
3.852 719436
3.853 862662
3.854 945546
3.855 1029096
3.856 943990
3.857 732592
3.858 1122090
3.859 723310
3.860 725028
3.861 781234
3.862 1030706
3.863 1197914
3.864 519692
3.865 986570
3.866 1071730
3.867 945492
3.868 986570
3.869 518244
3.870 971566
3.871 886242
3.872 425800
3.873 659940
3.874 553540
3.875 511018
3.876 1186
3.877 638700
3.878 425800
3.879 425800
3.880 686402
3.881 335518
3.882 58
3.883 819736
3.884 576676
3.885 714586
3.886 425800
3.887 510960
3.888 0
3.889 0
3.890 0
3.891 106400
3.892 0
3.893 1149660
3.894 425800
3.895 1244
3.896 1218352
3.897 635388
3.898 190100
3.899 343752
3.900 82750
3.901 958010
3.902 190948
3.903 344368
3.904 134850
3.905 0
3.906 309972
3.907 329926
3.908 468326
3.909 0
3.910 417820
3.911 21660
3.912 1135980
3.913 54
3.914 425746
3.915 0
3.916 477986
3.917 968016
3.918 395830
3.919 287168
3.920 0
3.921 0
3.922 555096
3.923 466824
3.924 596120
3.925 468380
3.926 0
3.927 820096
3.928 286984
3.929 65596
3.930 360204
3.931 386332
3.932 82048
3.933 0
3.934 479218
3.935 468380
3.936 425330
3.937 528076
3.938 462572
3.939 0
3.940 936760
3.941 0
3.942 0
3.943 468380
3.944 0
3.945 979340
3.946 0
3.947 0
3.948 553540
3.949 979340
3.950 108738
3.951 359642
3.952 190316
3.953 1215970
3.954 518190
3.955 740120
3.956 468380
3.957 0
3.958 0
3.959 0
3.960 553540
3.961 790780
3.962 145980
3.963 938004
3.964 596120
3.965 459930
3.966 519410
3.967 848288
3.968 738010
3.969 57670
3.970 410710
3.971 1399278
3.972 390654
3.973 344714
3.974 551006
3.975 507848
3.976 0
3.977 10838
3.978 553540
3.979 0
3.980 425800
3.981 0
3.982 0
3.983 638700
3.984 0
3.985 0
3.986 1149660
3.987 640310
3.988 424190
3.989 0
3.990 934372
3.991 915542
3.992 643558
3.993 680840
3.994 384776
3.995 41024
3.996 539772
3.997 1577044
3.998 1217536
3.999 575598
4.000 437414
4.001 534576
4.002 444764
4.003 436286
4.004 974072
4.005 1089598
4.006 1957554
4.007 1037882
4.008 1381634
4.009 1118428
4.010 1548896
4.011 1078906
4.012 1506262
4.013 1036380
4.014 1463682
4.015 2155800
4.016 1036380
4.017 1506262
4.018 1737186
4.019 1459716
4.020 1388134
4.021 1096368
4.022 1507818
4.023 1051400
4.024 1063886
4.025 1037882
4.026 550690
4.027 1012062
4.028 632720
4.029 518190
4.030 988072
4.031 518190
4.032 518190
4.033 518190
4.034 519692
4.035 1029150
4.036 518190
4.037 945492
4.038 518190
4.039 1114310
4.040 519692
4.041 518190
4.042 518190
4.043 1345758
4.044 1158192
4.045 1185006
4.046 1036380
4.047 1128090
4.048 969578
4.049 1003562
4.050 945492
4.051 986570
4.052 636264
4.053 880836
4.054 1059244
4.055 1221330
4.056 1360416
4.057 1158392
4.058 586428
4.059 1599612
4.060 1035562
4.061 1357306
4.062 1305856
4.063 958032
4.064 559214
4.065 1795590
4.066 688028
4.067 1450218
4.068 1632500
4.069 1077404
4.070 1039384
4.071 1515598
4.072 1036380
4.073 2403138
4.074 1421988
4.075 1354998
4.076 1349622
4.077 1204982
4.078 1556876
4.079 1042388
4.080 1578882
4.081 1181636
4.082 1676058
4.083 1323926
4.084 1308598
4.085 1588428
4.086 1899878
4.087 1510318
4.088 1592978
4.089 1077404
4.090 1506262
4.091 1504760
4.092 1037882
4.093 1257368
4.094 1870572
4.095 1176444
4.096 1465238
4.097 1077404
4.098 1037882
4.099 1634164
4.100 1674918
4.101 1483802
4.102 2123340
4.103 2017222
4.104 1037882
4.105 1036380
4.106 639412
4.107 1539948
4.108 751170
4.109 1039650
4.110 1504818
4.111 1322138
4.112 2438814
4.113 2042006
4.114 1658240
4.115 1999568
4.116 2029066
4.117 1635116
4.118 1981872
4.119 1557574
4.120 1991266
4.121 2786334
4.122 2354860
4.123 1700596
4.124 1881330
4.125 1727802
4.126 1925758
4.127 1985546
4.128 2147016
4.129 1361220
4.130 1448122
4.131 1303768
4.132 1157612
4.133 740772
4.134 518190
4.135 518248
4.136 1870816
4.137 1467830
4.138 827638
4.139 657438
4.140 1317204
4.141 908034
4.142 555648
4.143 986570
4.144 518190
4.145 518190
4.146 988072
4.147 1114310
4.148 1114364
4.149 1158392
4.150 1071676
4.151 986570
4.152 1466750
4.153 774264
4.154 805358
4.155 519692
4.156 518190
4.157 518190
4.158 963570
4.159 890210
4.160 785302
4.161 882900
4.162 1092812
4.163 1009570
4.164 518190
4.165 988072
4.166 1249788
4.167 1340712
4.168 518190
4.169 530530
4.170 1039988
4.171 1582690
4.172 945492
4.173 935848
4.174 906402
4.175 778322
4.176 518190
4.177 603004
4.178 943920
4.179 563932
4.180 986570
4.181 529028
4.182 519692
4.183 945546
4.184 772610
4.185 1494246
4.186 1354892
4.187 530314
4.188 1061108
4.189 529028
4.190 1156944
4.191 1071676
4.192 1158392
4.193 831162
4.194 716178
4.195 1117056
4.196 518190
4.197 518190
4.198 988072
4.199 518190
4.200 1178130
4.201 518190
4.202 1552450
4.203 1454950
4.204 518190
4.205 1316302
4.206 1582464
4.207 1557444
4.208 2213790
4.209 1620942
4.210 1103478
4.211 1358094
4.212 1057580
4.213 609012
4.214 1314400
4.215 697214
4.216 673490
4.217 832772
4.218 1254066
4.219 804234
4.220 661944
4.221 1399102
4.222 518190
4.223 943990
4.224 988072
4.225 1239878
4.226 562026
4.227 368654
4.228 323432
4.229 144948
4.230 0
4.231 0
4.232 425800
4.233 30688
4.234 1118972
4.235 1298936
4.236 377244
4.237 421078
4.238 500030
4.239 619120
4.240 498890
4.241 411418
4.242 1108302
4.243 910636
4.244 596120
4.245 4668
4.246 463712
4.247 10838
4.248 0
4.249 229918
4.250 507676
4.251 529028
4.252 986628
4.253 1395168
4.254 1037882
4.255 1105036
4.256 518190
4.257 519746
4.258 1625216
4.259 518190
4.260 945492
4.261 518190
4.262 987814
4.263 1073232
4.264 983096
4.265 947464
4.266 1114310
4.267 519692
4.268 1156890
4.269 1114310
4.270 286280
4.271 427044
4.272 0
4.273 0
4.274 894180
4.275 0
4.276 553540
4.277 553540
4.278 0
4.279 553540
4.280 468380
4.281 555204
4.282 1062836
4.283 1032758
4.284 596120
4.285 553540
4.286 425800
4.287 60674
4.288 876086
4.289 529054
4.290 447298
4.291 397046
4.292 638700
4.293 0
4.294 37662
4.295 68738
4.296 0
4.297 425854
4.298 425746
4.299 979340
4.300 468380
4.301 468380
4.302 106400
4.303 0
4.304 15186
4.305 919904
4.306 988072
4.307 655030
4.308 0
4.309 885140
4.310 847792
4.311 930420
4.312 10784
4.313 511014
4.314 0
4.315 553540
4.316 468380
4.317 510960
4.318 544112
4.319 1073928
4.320 0
4.321 936760
4.322 451118
4.323 655962
4.324 638700
4.325 441540
4.326 360224
4.327 488150
4.328 519692
4.329 814494
4.330 691510
4.331 520936
4.332 518190
4.333 904522
4.334 867156
4.335 721154
4.336 824030
4.337 706318
4.338 536684
4.339 518190
4.340 1019776
4.341 614226
4.342 1497530
4.343 518190
4.344 519692
4.345 1039988
4.346 1164924
4.347 852298
4.348 518190
4.349 1090456
4.350 1649124
4.351 945492
4.352 518190
4.353 986570
4.354 626092
4.355 518190
4.356 518190
4.357 988072
4.358 518190
4.359 529028
4.360 1030652
4.361 518190
4.362 986570
4.363 1156890
4.364 519692
4.365 829216
4.366 1036380
4.367 1037882
4.368 1506262
4.369 1036380
4.370 1037882
4.371 1037882
4.372 1504760
4.373 2326262
4.374 1156480
4.375 1504166
4.376 1565418
4.377 1723826
4.378 1036380
4.379 1462238
4.380 1207420
4.381 1519518
4.382 1598528
4.383 1462180
4.384 1731464
4.385 1621700
4.386 711346
4.387 1073232
4.388 518190
4.389 565346
4.390 1237420
4.391 984976
4.392 776820
4.393 702444
4.394 761238
4.395 870484
4.396 1103900
4.397 1030652
4.398 1071730
4.399 975840
4.400 1016464
4.401 585688
4.402 991238
4.403 1281464
4.404 518190
4.405 542762
4.406 1345218
4.407 1158392
4.408 518190
4.409 518190
4.410 519692
4.411 518190
4.412 1540110
4.413 925804
4.414 860564
4.415 961944
4.416 1030652
4.417 518190
4.418 518190
4.419 518190
4.420 1158392
4.421 518190
4.422 986570
4.423 519692
4.424 518190
4.425 586536
4.426 1190862
4.427 949574
4.428 986570
4.429 1156890
4.430 519692
4.431 518190
4.432 518190
4.433 1073232
4.434 518190
4.435 986570
4.436 938598
4.437 665406
4.438 1306028
4.439 634692
4.440 612928
4.441 531096
4.442 518190
4.443 519692
4.444 624536
4.445 518244
4.446 519692
4.447 721072
4.448 1577904
4.449 898528
4.450 518190
4.451 1597764
4.452 1014076
4.453 519692
4.454 1581532
4.455 1538620
4.456 1962074
4.457 1852086
4.458 1248104
4.459 724812
4.460 820918
4.461 641262
4.462 1071730
4.463 519692
4.464 1029150
4.465 787750
4.466 1087652
4.467 830330
4.468 943990
4.469 519692
4.470 518190
4.471 1013244
4.472 933530
4.473 631218
4.474 518352
4.475 1710268
4.476 519692
4.477 934250
4.478 593872
4.479 1029774
4.480 518190
4.481 1071730
4.482 519692
4.483 518190
4.484 943990
4.485 1030652
4.486 1173698
4.487 1097502
4.488 1071730
4.489 519692
4.490 943990
4.491 1582278
4.492 583924
4.493 530854
4.494 1016486
4.495 1058774
4.496 958448
4.497 986570
4.498 529028
4.499 1626772
4.500 518190
4.501 1071730
4.502 626092
4.503 528974
4.504 1029204
4.505 519692
4.506 518190
4.507 943990
4.508 862288
4.509 881554
4.510 981470
4.511 1160072
4.512 1050578
4.513 945126
4.514 943990
4.515 519692
4.516 1156890
4.517 518190
4.518 519692
4.519 986570
4.520 1029150
4.521 943990
4.522 1296538
4.523 731522
4.524 518190
4.525 530530
4.526 986570
4.527 955590
4.528 550672
4.529 518190
4.530 1449088
4.531 828336
4.532 683788
4.533 873958
4.534 1056602
4.535 1000142
4.536 346830
4.537 364986
4.538 518190
4.539 529028
4.540 1029150
4.541 518190
4.542 577470
4.543 1567492
4.544 518248
4.545 1084012
4.546 888708
4.547 1084432
4.548 519692
4.549 1071730
4.550 529028
4.551 944048
4.552 530472
4.553 518190
4.554 1029150
4.555 519692
4.556 518190
4.557 518190
4.558 925546
4.559 934978
4.560 519692
4.561 986570
4.562 518190
4.563 519692
4.564 986570
4.565 1497530
4.566 832610
4.567 673652
4.568 518190
4.569 1071730
4.570 1054738
4.571 536742
4.572 528970
4.573 519692
4.574 518190
4.575 943990
4.576 1178130
4.577 519692
4.578 940100
4.579 824184
4.580 0
4.581 468380
4.582 256954
4.583 1417962
4.584 903276
4.585 936760
4.586 553540
4.587 901068
4.588 986570
4.589 1158392
4.590 1114310
4.591 528974
4.592 518244
4.593 519692
4.594 943990
4.595 1029258
4.596 1498924
4.597 518190
4.598 568350
4.599 937912
4.600 986570
4.601 518298
4.602 1073124
4.603 518190
4.604 518190
4.605 1497530
4.606 988072
4.607 1156890
4.608 700996
4.609 1469154
4.610 961382
4.611 1582690
4.612 1115812
4.613 529028
4.614 986570
4.615 943990
4.616 1073232
4.617 533322
4.618 1487826
4.619 1529036
4.620 1679206
4.621 1360676
4.622 2115446
4.623 1083938
4.624 518190
4.625 1142458
4.626 1115894
4.627 1364952
4.628 1201080
4.629 901302
4.630 518190
4.631 856242
4.632 752788
4.633 543162
4.634 518190
4.635 931504
4.636 1023142
4.637 538186
4.638 1582690
4.639 1073232
4.640 529028
4.641 1071730
4.642 988072
4.643 624590
4.644 1454950
4.645 1180280
4.646 1028502
4.647 518190
4.648 943990
4.649 800544
4.650 1019630
4.651 715238
4.652 519692
4.653 518190
4.654 518190
4.655 1556744
4.656 739552
4.657 1953506
4.658 1119930
4.659 1512378
4.660 1419708
4.661 1200476
4.662 1039384
4.663 1421156
4.664 1503204
4.665 1697734
4.666 1485110
4.667 1973140
4.668 1048720
4.669 1037882
4.670 1759716
4.671 1292384
4.672 1039384
4.673 1446852
4.674 1179448
4.675 1039384
4.676 2186040
4.677 1632500
4.678 1164776
4.679 518190
4.680 1030706
4.681 560716
4.682 1435570
4.683 580150
4.684 852460
4.685 611222
4.686 986570
4.687 986570
4.688 626092
4.689 518190
4.690 945546
4.691 560716
4.692 1367040
4.693 738778
4.694 907310
4.695 519692
4.696 1114310
4.697 667116
4.698 945546
4.699 546782
4.700 1135874
4.701 562272
4.702 542692
4.703 518190
4.704 1065252
4.705 551758
4.706 1333120
4.707 1077458
4.708 1060882
4.709 1036380
4.710 1480258
4.711 1063886
4.712 1036380
4.713 1037882
4.714 2063330
4.715 1799292
4.716 1463682
4.717 1036380
4.718 1037882
4.719 1462180
4.720 1076188
4.721 1596886
4.722 1504814
4.723 2019020
4.724 2171722
4.725 2156192
4.726 1955028
4.727 2195866
4.728 1282340
4.729 1899002
4.730 1398302
4.731 1407546
4.732 1439876
4.733 2088250
4.734 1725830
4.735 2022356
4.736 2151934
4.737 2109612
4.738 2111114
4.739 1554570
4.740 1556072
4.741 2447610
4.742 1771614
4.743 1837302
4.744 1785456
4.745 2024798
4.746 1939346
4.747 1146488
4.748 1475628
4.749 1036380
4.750 1886532
4.751 1381472
4.752 1384638
4.753 925894
4.754 707420
4.755 1311358
4.756 559214
4.757 519692
4.758 1019668
4.759 918304
4.760 1036380
4.761 970764
4.762 799728
4.763 909702
4.764 702960
4.765 518190
4.766 1397884
4.767 1095898
4.768 1383442
4.769 732550
4.770 946952
4.771 708290
4.772 518190
4.773 986570
4.774 1205424
4.775 769218
4.776 948188
4.777 643234
4.778 1156890
4.779 518190
4.780 519692
4.781 518190
4.782 518190
4.783 1156890
4.784 519692
4.785 1029150
4.786 986570
4.787 1073232
4.788 518190
4.789 518190
4.790 945492
4.791 986570
4.792 518190
4.793 1030652
4.794 518190
4.795 1418324
4.796 1009396
4.797 293646
4.798 468380
4.799 1107080
4.800 0
4.801 445028
4.802 518190
4.803 689052
4.804 425800
4.805 0
4.806 896562
4.807 712596
4.808 834744
4.809 1172434
4.810 844788
4.811 810080
4.812 1290800
4.813 808524
4.814 1080958
4.815 1317716
4.816 1469620
4.817 1039802
4.818 782736
4.819 1156890
4.820 945492
4.821 518190
4.822 518190
4.823 1029150
4.824 519692
4.825 943990
4.826 518190
4.827 631042
4.828 499176
4.829 565324
4.830 29132
4.831 439248
4.832 0
4.833 0
4.834 0
4.835 0
4.836 553540
4.837 638700
4.838 553540
4.839 0
4.840 510960
4.841 0
4.842 1064500
4.843 548002
4.844 303652
4.845 553486
4.846 532200
4.847 468380
4.848 0
4.849 606958
4.850 638700
4.851 425800
4.852 783432
4.853 281068
4.854 388342
4.855 612238
4.856 1055018
4.857 679162
4.858 267080
4.859 0
4.860 156802
4.861 1287004
4.862 1589884
4.863 979946
4.864 811890
4.865 864692
4.866 665418
4.867 1307722
4.868 1033764
4.869 600292
4.870 1361702
4.871 783206
4.872 986570
4.873 986570
4.874 1137052
4.875 578810
4.876 883370
4.877 1199470
4.878 1286132
4.879 518838
4.880 1057688
4.881 1001466
4.882 699086
4.883 425800
4.884 702
4.885 563676
4.886 0
4.887 183946
4.888 369594
4.889 41476
4.890 1342324
4.891 936760
4.892 757470
4.893 971550
4.894 465952
4.895 54
4.896 1021866
4.897 0
4.898 58
4.899 106342
4.900 468380
4.901 895574
4.902 679886
4.903 425800
4.904 633188
4.905 506174
4.906 1284410
4.907 519692
4.908 1077806
4.909 472324
4.910 110494
4.911 0
4.912 468380
4.913 0
4.914 468380
4.915 0
4.916 325966
4.917 142414
4.918 0
4.919 425800
4.920 638700
4.921 0
4.922 0
4.923 638700
4.924 979340
4.925 745100
4.926 0
4.927 0
4.928 468380
4.929 596120
4.930 0
4.931 528298
4.932 110402
4.933 294802
4.934 173578
4.935 405652
4.936 860440
4.937 611292
4.938 934438
4.939 518190
4.940 596834
4.941 866848
4.942 518190
4.943 978682
4.944 1246708
4.945 1527734
4.946 1080388
4.947 519692
4.948 1213554
4.949 581460
4.950 889378
4.951 518190
4.952 1114310
4.953 988072
4.954 935540
4.955 1109338
4.956 1105096
4.957 479470
4.958 0
4.959 510960
4.960 638700
4.961 0
4.962 468380
4.963 638700
4.964 638354
4.965 959994
4.966 20936
4.967 342192
4.968 180850
4.969 638700
4.970 600392
4.971 1033478
4.972 518190
4.973 1030652
4.974 518190
4.975 1141346
4.976 1259096
4.977 943990
4.978 764630
4.979 1027368
4.980 2059802
4.981 1036380
4.982 1548842
4.983 1634002
4.984 1039924
4.985 1460138
4.986 1037882
4.987 1050438
4.988 2362254
4.989 2024452
4.990 1262552
4.991 1864280
4.992 1776854
4.993 1167074
4.994 1515518
4.995 2450252
4.996 1645372
4.997 1753292
4.998 1092894
4.999 1723206
5.000 518190
5.001 986570
5.002 519692
5.003 1071730
5.004 1071730
5.005 988072
5.006 986570
5.007 518190
5.008 815618
5.009 1080088
5.010 682286
5.011 1016718
5.012 644452
5.013 1021920
5.014 0
5.015 702520
5.016 553540
5.017 468380
5.018 0
5.019 596120
5.020 425800
5.021 192958
5.022 1258192
5.023 1111306
5.024 518190
5.025 1582690
5.026 519692
5.027 518190
5.028 1255206
5.029 1139028
5.030 737298
5.031 518190
5.032 624590
5.033 1032208
5.034 559214
5.035 943990
5.036 1506596
5.037 553206
5.038 1010710
5.039 1006566
5.040 571554
5.041 1071730
5.042 986570
5.043 164618
5.044 808280
5.045 682020
5.046 0
5.047 596120
5.048 755642
5.049 586822
5.050 0
5.051 479218
5.052 0
5.053 0
5.054 0
5.055 553540
5.056 468380
5.057 468380
5.058 666826
5.059 546654
5.060 510960
5.061 425800
5.062 468380
5.063 0
5.064 596120
5.065 425800
5.066 0
5.067 0
5.068 0
5.069 0
5.070 606958
5.071 306520
5.072 513684
5.073 778648
5.074 10838
5.075 0
5.076 0
5.077 894180
5.078 468380
5.079 822468
5.080 156872
5.081 0
5.082 133818
5.083 398224
5.084 21498
5.085 0
5.086 425800
5.087 410310
5.088 15490
5.089 702520
5.090 468380
5.091 638700
5.092 77304
5.093 1072356
5.094 638700
5.095 425800
5.096 0
5.097 504444
5.098 347156
5.099 0
5.100 68130
5.101 372802
5.102 497162
5.103 986570
5.104 57408
5.105 468380
5.106 596402
5.107 446758
5.108 468380
5.109 1190
5.110 1078704
5.111 411650
5.112 0
5.113 0
5.114 0
5.115 384776
5.116 570062
5.117 24502
5.118 555096
5.119 41024
5.120 425800
5.121 596120
5.122 510960
5.123 442576
5.124 110964
5.125 266318
5.126 244642
5.127 1244
5.128 0
5.129 556652
5.130 82048
5.131 0
5.132 894180
5.133 596120
5.134 638700
5.135 0
5.136 1151864
5.137 551336
5.138 496934
5.139 823046
5.140 638700
5.141 540
5.142 425260
5.143 108
5.144 425692
5.145 553540
5.146 461432
5.147 560488
5.148 468380
5.149 0
5.150 574780
5.151 0
5.152 0
5.153 468380
5.154 638700
5.155 990178
5.156 425858
5.157 106342
5.158 482022
5.159 1072098
5.160 2096
5.161 466284
5.162 569662
5.163 409678
5.164 0
5.165 515250
5.166 229850
5.167 44422
5.168 392216
5.169 1021920
5.170 0
5.171 0
5.172 423676
5.173 943990
5.174 843374
5.175 367152
5.176 0
5.177 553540
5.178 553540
5.179 0
5.180 553540
5.181 596120
5.182 703398
5.183 41702
5.184 0
5.185 597210
5.186 474632
5.187 518190
5.188 604940
5.189 108
5.190 1106972
5.191 289140
5.192 306980
5.193 3706
5.194 444316
5.195 588610
5.196 113028
5.197 0
5.198 106400
5.199 0
5.200 0
5.201 596120
5.202 1190268
5.203 116236
5.204 494158
5.205 519434
5.206 519692
5.207 518190
5.208 1816830
5.209 518190
5.210 519692
5.211 518190
5.212 902966
5.213 560716
5.214 1114310
5.215 1071730
5.216 1499032
5.217 624590
5.218 518244
5.219 1084232
5.220 1539894
5.221 1242682
5.222 943358
5.223 988072
5.224 1350710
5.225 553540
5.226 425800
5.227 267468
5.228 1403358
5.229 652382
5.230 1778674
5.231 884044
5.232 1488238
5.233 1022286
5.234 1430902
5.235 548700
5.236 923994
5.237 552244
5.238 1442394
5.239 1584192
5.240 624536
5.241 518244
5.242 519750
5.243 1109308
5.244 1409766
5.245 623238
5.246 912032
5.247 592728
5.248 245726
5.249 0
5.250 468380
5.251 0
5.252 590744
5.253 431176
5.254 402384
5.255 1002756
5.256 936760
5.257 508988
5.258 528006
5.259 495886
5.260 721834
5.261 907044
5.262 514126
5.263 1061334
5.264 792028
5.265 761988
5.266 64024
5.267 1076640
5.268 456240
5.269 342234
5.270 375580
5.271 291416
5.272 611610
5.273 41024
5.274 461686
5.275 134434
5.276 404194
5.277 234506
5.278 1107080
5.279 596120
5.280 649538
5.281 0
5.282 10838
5.283 468380
5.284 425800
5.285 773734
5.286 120446
5.287 0
5.288 455424
5.289 438756
5.290 0
5.291 106400
5.292 0
5.293 425800
5.294 0
5.295 468380
5.296 510960
5.297 532200
5.298 553540
5.299 162
5.300 425638
5.301 1170846
5.302 596174
5.303 36160
5.304 70240
5.305 0
5.306 553540
5.307 0
5.308 0
5.309 404302
5.310 660198
5.311 137496
5.312 1619084
5.313 480972
5.314 0
5.315 469936
5.316 42268
5.317 425800
5.318 936760
5.319 553540
5.320 0
5.321 0
5.322 110710
5.323 357670
5.324 224500
5.325 329040
5.326 515628
5.327 123072
5.328 656724
5.329 280036
5.330 396068
5.331 595342
5.332 923026
5.333 640364
5.334 0
5.335 0
5.336 0
5.337 0
5.338 0
5.339 1366180
5.340 38960
5.341 468380
5.342 638700
5.343 0
5.344 553540
5.345 425800
5.346 510960
5.347 238542
5.348 357578
5.349 553540
5.350 510960
5.351 468380
5.352 0
5.353 427044
5.354 0
5.355 468380
5.356 0
5.357 468380
5.358 963384
5.359 38440
5.360 1575460
5.361 468380
5.362 0
5.363 468380
5.364 0
5.365 360592
5.366 942488
5.367 210612
5.368 574888
5.369 468272
5.370 425800
5.371 936760
5.372 545160
5.373 434180
5.374 10838
5.375 162
5.376 553378
5.377 425800
5.378 510960
5.379 0
5.380 0
5.381 425800
5.382 0
5.383 649538
5.384 114264
5.385 1047698
5.386 1012698
5.387 1430324
5.388 986570
5.389 1742992
5.390 1037882
5.391 2143460
5.392 1036380
5.393 1037882
5.394 1600974
5.395 2042178
5.396 1443178
5.397 1160954
5.398 1613028
5.399 1495224
5.400 1068392
5.401 1274198
5.402 1863062
5.403 1037882
5.404 2172494
5.405 1454836
5.406 950802
5.407 986624
5.408 518190
5.409 519692
5.410 854840
5.411 1038172
5.412 423228
5.413 542972
5.414 188448
5.415 596120
5.416 425800
5.417 425800
5.418 425800
5.419 805962
5.420 726918
5.421 679848
5.422 427232
5.423 0
5.424 0
5.425 1120830
5.426 1053516
5.427 976574
5.428 1576704
5.429 0
5.430 389444
5.431 164096
5.432 0
5.433 468380
5.434 0
5.435 625744
5.436 438756
5.437 1055018
5.438 374554
5.439 571688
5.440 0
5.441 606958
5.442 905018
5.443 75694
5.444 1031386
5.445 459724
5.446 519692
5.447 108476
5.448 553540
5.449 459930
5.450 8450
5.451 425800
5.452 226002
5.453 327538
5.454 1021920
5.455 0
5.456 540
5.457 425260
5.458 468380
5.459 15132
5.460 91268
5.461 553540
5.462 1021920
5.463 0
5.464 1149660
5.465 1064596
5.466 952510
5.467 901672
5.468 786598
5.469 544274
5.470 574780
5.471 0
5.472 0
5.473 542048
5.474 352132
5.475 553540
5.476 553540
5.477 468380
5.478 782438
5.479 518794
5.480 189068
5.481 58
5.482 745042
5.483 0
5.484 0
5.485 0
5.486 0
5.487 638700
5.488 553540
5.489 0
5.490 212800
5.491 510960
5.492 979394
5.493 436584
5.494 559906
5.495 57454
5.496 500678
5.497 631952
5.498 836942
5.499 553486
5.500 0
5.501 0
5.502 0
5.503 894180
5.504 0
5.505 10838
5.506 0
5.507 0
5.508 553540
5.509 596120
5.510 638700
5.511 638700
5.512 0
5.513 936760
5.514 468380
5.515 510960
5.516 0
5.517 0
5.518 0
5.519 0
5.520 0
5.521 638700
5.522 596120
5.523 425800
5.524 425800
5.525 1149660
5.526 0
5.527 342034
5.528 211506
5.529 468380
5.530 0
5.531 0
5.532 553540
5.533 0
5.534 730900
5.535 291020
5.536 428496
5.537 125044
5.538 0
5.539 1244
5.540 425800
5.541 476052
5.542 460708
5.543 909312
5.544 1134360
5.545 1625270
5.546 118140
5.547 472970
5.548 655330
5.549 855036
5.550 1044434
5.551 425800
5.552 708786
5.553 270554
5.554 468542
5.555 425638
5.556 0
5.557 553540
5.558 468380
5.559 0
5.560 425800
5.561 488262
5.562 518190
5.563 98074
5.564 915452
5.565 518190
5.566 63416
5.567 1021920
5.568 0
5.569 0
5.570 425800
5.571 396640
5.572 1071730
5.573 342350
5.574 347750
5.575 419722
5.576 553540
5.577 638700
5.578 0
5.579 510960
5.580 659940
5.581 737432
5.582 752868
5.583 553540
5.584 937630
5.585 491450
5.586 274120
5.587 0
5.588 1021920
5.589 0
5.590 0
5.591 936760
5.592 1443640
5.593 515186
5.594 236146
5.595 58
5.596 106342
5.597 0
5.598 0
5.599 0
5.600 553540
5.601 638700
5.602 32676
5.603 1170402
5.604 391000
5.605 205120
5.606 0
5.607 1064500
5.608 553540
5.609 638700
5.610 10838
5.611 0
5.612 251756
5.613 1098582
5.614 1333002
5.615 893484
5.616 701250
5.617 895456
5.618 1068618
5.619 800678
5.620 1670682
5.621 1516256
5.622 2684774
5.623 2581450
5.624 1604748
5.625 1578936
5.626 1048866
5.627 1517100
5.628 1506262
5.629 1589920
5.630 1037882
5.631 1611488
5.632 1876364
5.633 1516268
5.634 1358564
5.635 1102580
5.636 1633178
5.637 1039384
5.638 1077462
5.639 1037566
5.640 1468242
5.641 1086740
5.642 1675080
5.643 2069888
5.644 1934208
5.645 1388180
5.646 1504868
5.647 1506154
5.648 1094466
5.649 1692926
5.650 1557708
5.651 1635866
5.652 1036380
5.653 2193258
5.654 1541624
5.655 1814058
5.656 1599980
5.657 1231040
5.658 1463628
5.659 1036380
5.660 1463682
5.661 1037882
5.662 1036380
5.663 1037882
5.664 1827860
5.665 1554254
5.666 1287546
5.667 1036380
5.668 1037882
5.669 1172624
5.670 1370018
5.671 1676582
5.672 1036380
5.673 1487826
5.674 1959866
5.675 2108110
5.676 1129836
5.677 1504760
5.678 1463682
5.679 1504760
5.680 1591422
5.681 1037882
5.682 1504760
5.683 1506262
5.684 1037882
5.685 1037624
5.686 1974642
5.687 1215766
5.688 1661416
5.689 1600526
5.690 1331436
5.691 1219094
5.692 1323548
5.693 1037882
5.694 1306410
5.695 1321392
5.696 1037882
5.697 1403802
5.698 1287820
5.699 1037882
5.700 1036380
5.701 1422658
5.702 1077404
5.703 1037882
5.704 1463682
5.705 1036380
5.706 1676482
5.707 1037940
5.708 1432962
5.709 2450252
5.710 1867186
5.711 1576246
5.712 1909064
5.713 1752212
5.714 1874436
5.715 1821180
5.716 1561048
5.717 1557574
5.718 1739926
5.719 1924256
5.720 1556072
5.721 1556072
5.722 1556072
5.723 1556072
5.724 2121682
5.725 1585080
5.726 1981872
5.727 1607734
5.728 2567072
5.729 2270932
5.730 2131210
5.731 1824184
5.732 2043642
5.733 2586604
5.734 1973140
5.735 1752180
5.736 2043724
5.737 1717958
5.738 1554570
5.739 1556072
5.740 1957840
5.741 1580104
5.742 1961876
5.743 1586906
5.744 2067032
5.745 1981872
5.746 2067032
5.747 2024452
5.748 1554570
5.749 1912872
5.750 2245866
5.751 2336128
5.752 2259854
5.753 1430652
5.754 1282054
5.755 1039854
5.756 1036380
5.757 1037882
5.758 1473018
5.759 1037882
5.760 1451974
5.761 1218408
5.762 1439396
5.763 1230986
5.764 1463682
5.765 1037882
5.766 1589920
5.767 1463682
5.768 1170652
5.769 1371990
5.770 1675080
5.771 1037882
5.772 1474520
5.773 1548842
5.774 1036380
5.775 1144282
5.776 1473072
5.777 1506208
5.778 1634002
5.779 1973140
5.780 1655732
5.781 1766232
5.782 1478540
5.783 1481814
5.784 1103408
5.785 1037882
5.786 1144282
5.787 1506316
5.788 1924400
5.789 1553068
5.790 2175932
5.791 2043292
5.792 1556130
5.793 1958662
5.794 2653406
5.795 2507628
5.796 2023366
5.797 1556072
5.798 1967938
5.799 1986432
5.800 1650606
5.801 2109666
5.802 2193216
5.803 2111708
5.804 2575896
5.805 2109612
5.806 2180222
5.807 1970018
5.808 2008276
5.809 1160444
5.810 1042388
5.811 1083054
5.812 1488482
5.813 2039580
5.814 1180342
5.815 1504760
5.816 1037882
5.817 1632500
5.818 1588472
5.819 1083412
5.820 1471246
5.821 1071396
5.822 1549700
5.823 986570
5.824 1561350
5.825 986570
5.826 1321104
5.827 1504760
5.828 1632500
5.829 615106
5.830 518190
5.831 1071730
5.832 988272
5.833 784362
5.834 800382
5.835 523166
5.836 519692
5.837 518190
5.838 518190
5.839 945492
5.840 518190
5.841 518190
5.842 519692
5.843 582030
5.844 1050470
5.845 986570
5.846 1030652
5.847 554370
5.848 851600
5.849 0
5.850 540200
5.851 524300
5.852 0
5.853 413298
5.854 225402
5.855 186804
5.856 324156
5.857 589696
5.858 49004
5.859 0
5.860 264464
5.861 513684
5.862 533588
5.863 983512
5.864 1156890
5.865 519692
5.866 649874
5.867 1280686
5.868 1050902
5.869 899508
5.870 861722
5.871 1010190
5.872 1467318
5.873 1955678
5.874 1070868
5.875 1030652
5.876 628376
5.877 1388992
5.878 560624
5.879 518190
5.880 1026920
5.881 907480
5.882 637614
5.883 554784
5.884 659940
5.885 0
5.886 510960
5.887 1021920
5.888 468380
5.889 894180
5.890 1244
5.891 425800
5.892 0
5.893 0
5.894 510960
5.895 553540
5.896 574780
5.897 895424
5.898 564970
5.899 201370
5.900 0
5.901 0
5.902 441544
5.903 111996
5.904 471492
5.905 82048
5.906 851600
5.907 58690
5.908 476134
5.909 986570
5.910 588418
5.911 0
5.912 425800
5.913 574854
5.914 655638
5.915 515288
5.916 583454
5.917 1034418
5.918 518190
5.919 1029150
5.920 519692
5.921 1071730
5.922 986570
5.923 1819730
5.924 1102510
5.925 612928
5.926 1618074
5.927 2039682
5.928 1547340
5.929 1037882
5.930 1634002
5.931 1036380
5.932 1036380
5.933 1592924
5.934 1504760
5.935 1589920
5.936 1506262
5.937 1031218
5.938 518244
5.939 530530
5.940 943990
5.941 518190
5.942 835722
5.943 755700
5.944 901360
5.945 1305994
5.946 963682
5.947 1118870
5.948 1111252
5.949 518190
5.950 519692
5.951 1071730
5.952 1582690
5.953 519692
5.954 943990
5.955 1071730
5.956 988072
5.957 986570
5.958 518190
5.959 518190
5.960 1484892
5.961 1504760
5.962 676232
5.963 945492
5.964 986570
5.965 435734
5.966 576162
5.967 0
5.968 553540
5.969 553540
5.970 468380
5.971 1107080
5.972 0
5.973 268366
5.974 157434
5.975 0
5.976 738852
5.977 1071368
5.978 810552
5.979 553540
5.980 468380
5.981 814034
5.982 250466
5.983 0
5.984 0
5.985 147752
5.986 363208
5.987 556598
5.988 647604
5.989 711898
5.990 638700
5.991 0
5.992 0
5.993 468434
5.994 1021866
5.995 0
5.996 596120
5.997 0
5.998 0
5.999 662774
6.000 967044
6.001 492080
6.002 1088624
6.003 389590
6.004 0
6.005 0
6.006 0
6.007 78274
6.008 738008
6.009 641262
6.010 1125148
6.011 965130
6.012 977770
6.013 986570
6.014 986570
6.015 1073232
6.016 518190
6.017 986570
6.018 1039988
6.019 519692
6.020 518190
6.021 1934168
6.022 1115812
6.023 986570
6.024 528974
6.025 945546
6.026 986570
6.027 918856
6.028 948112
6.029 903120
6.030 25442
6.031 420566
6.032 650704
6.033 821172
6.034 644414
6.035 0
6.036 106400
6.037 0
6.038 222236
6.039 246144
6.040 555096
6.041 41024
6.042 979340
6.043 510960
6.044 0
6.045 1021920
6.046 0
6.047 0
6.048 0
6.049 0
6.050 510960
6.051 638700
6.052 0
6.053 638700
6.054 1021920
6.055 58
6.056 479160
6.057 0
6.058 27148
6.059 441696
6.060 1114202
6.061 943990
6.062 519692
6.063 863270
6.064 1368046
6.065 1264248
6.066 986570
6.067 1412370
6.068 518190
6.069 1096286
6.070 842000
6.071 692962
6.072 1062556
6.073 986570
6.074 1564254
6.075 1526890
6.076 1633948
6.077 1036380
6.078 1462180
6.079 1070072
6.080 1033908
6.081 1115400
6.082 968790
6.083 1547340
6.084 1037936
6.085 1568526
6.086 1037882
6.087 1548842
6.088 1504760
6.089 1548842
6.090 1591422
6.091 1909116
6.092 1495748
6.093 1462180
6.094 1112420
6.095 1506262
6.096 1462180
6.097 1359250
6.098 1717972
6.099 1889780
6.100 2060500
6.101 1077736
6.102 1506262
6.103 529604
6.104 1071730
6.105 1499032
6.106 1423208
6.107 518190
6.108 1774196
6.109 948604
6.110 557712
6.111 518190
6.112 519692
6.113 518190
6.114 943990
6.115 1073232
6.116 518190
6.117 1115554
6.118 1267330
6.119 1482736
6.120 1112020
6.121 1881594
6.122 1519164
6.123 1037882
6.124 1036380
6.125 1548842
6.126 1787384
6.127 1393958
6.128 1168276
6.129 1334532
6.130 1463736
6.131 1077404
6.132 1037882
6.133 1460262
6.134 1082380
6.135 1506262
6.136 2230122
6.137 1036380
6.138 1591422
6.139 1037882
6.140 1357032
6.141 1139844
6.142 1557156
6.143 817752
6.144 518190
6.145 1541612
6.146 1156890
6.147 1050336
6.148 956384
6.149 943990
6.150 1029150
6.151 1105688
6.152 1060514
6.153 1029070
6.154 1456274
6.155 519692
6.156 1114310
6.157 1582690
6.158 519692
6.159 640392
6.160 821788
6.161 1073290
6.162 530214
6.163 518190
6.164 986570
6.165 519692
6.166 1029258
6.167 1071622
6.168 1461628
6.169 1063080
6.170 521664
6.171 1339588
6.172 720376
6.173 1635946
6.174 519692
6.175 518190
6.176 943990
6.177 591900
6.178 1461202
6.179 1506262
6.180 1303456
6.181 1373826
6.182 518190
6.183 1497530
6.184 1030652
6.185 519434
6.186 1454950
6.187 1369228
6.188 1680752
6.189 943990
6.190 518190
6.191 988072
6.192 518190
6.193 518190
6.194 519692
6.195 518190
6.196 518190
6.197 1456452
6.198 518190
6.199 518190
6.200 1454950
6.201 592382
6.202 913880
6.203 518190
6.204 519692
6.205 1369790
6.206 1071730
6.207 531070
6.208 1347282
6.209 540158
6.210 606008
6.211 1373042
6.212 1036380
6.213 700264
6.214 770104
6.215 821318
6.216 547322
6.217 958940
6.218 1114310
6.219 943990
6.220 518298
6.221 1456344
6.222 986570
6.223 986570
6.224 1333644
6.225 1139722
6.226 1298918
6.227 1456452
6.228 752226
6.229 1026686
6.230 1173288
6.231 825262
6.232 1002130
6.233 928430
6.234 988072
6.235 986570
6.236 518190
6.237 519692
6.238 518244
6.239 1625216
6.240 1030652
6.241 1114310
6.242 611908
6.243 1259388
6.244 706696
6.245 518190
6.246 518190
6.247 519692
6.248 1036152
6.249 851828
6.250 519692
6.251 1497530
6.252 518190
6.253 519692
6.254 1029150
6.255 986570
6.256 943990
6.257 1626772
6.258 518190
6.259 1114364
6.260 1626718
6.261 518190
6.262 1071730
6.263 1004378
6.264 629624
6.265 1141048
6.266 1253986
6.267 1119176
6.268 1466848
6.269 767762
6.270 840228
6.271 751194
6.272 945546
6.273 560716
6.274 518190
6.275 518190
6.276 519692
6.277 943990
6.278 518190
6.279 1497530
6.280 867534
6.281 1211232
6.282 1702304
6.283 1690542
6.284 1028344
6.285 1064500
6.286 1129772
6.287 727680
6.288 228968
6.289 380882
6.290 216482
6.291 468380
6.292 261704
6.293 508788
6.294 602906
6.295 0
6.296 620746
6.297 912134
6.298 0
6.299 643772
6.300 614966
6.301 1331192
6.302 31004
6.303 512042
6.304 469936
6.305 41024
6.306 0
6.307 0
6.308 0
6.309 58
6.310 117180
6.311 531188
6.312 1065458
6.313 54
6.314 1575460
6.315 468380
6.316 0
6.317 425800
6.318 207496
6.319 930364
6.320 617686
6.321 737486
6.322 375856
6.323 825862
6.324 936480
6.325 1173922
6.326 1096912
6.327 596120
6.328 0
6.329 0
6.330 468380
6.331 510960
6.332 0
6.333 0
6.334 177348
6.335 509178
6.336 518190
6.337 654018
6.338 894824
6.339 518190
6.340 1115866
6.341 560770
6.342 1625216
6.343 518190
6.344 1073286
6.345 1369736
6.346 539920
6.347 1051502
6.348 986570
6.349 1029150
6.350 518190
6.351 734040
6.352 2045612
6.353 1060412
6.354 1039384
6.355 1036380
6.356 1477254
6.357 1065388
6.358 1466740
6.359 1621932
6.360 1045392
6.361 1507402
6.362 1550868
6.363 1159452
6.364 1452752
6.365 1559772
6.366 1036380
6.367 1424214
6.368 1119930
6.369 1462180
6.370 1506262
6.371 1037882
6.372 1935660
6.373 1891430
6.374 519692
6.375 1071730
6.376 518190
6.377 519692
6.378 1168906
6.379 804234
6.380 519692
6.381 1163394
6.382 1025866
6.383 880246
6.384 998640
6.385 550202
6.386 518190
6.387 519692
6.388 518892
6.389 1071028
6.390 519692
6.391 943990
6.392 518190
6.393 529082
6.394 988018
6.395 518190
6.396 986570
6.397 519692
6.398 518190
6.399 518190
6.400 1179632
6.401 553708
6.402 2154130
6.403 519692
6.404 1540110
6.405 943990
6.406 1030394
6.407 945492
6.408 1125148
6.409 518190
6.410 519692
6.411 568350
6.412 936410
6.413 988072
6.414 518190
6.415 519434
6.416 1072920
6.417 1499086
6.418 1030394
6.419 518190
6.420 1593382
6.421 1679812
6.422 1476378
6.423 1622266
6.424 522696
6.425 1003200
6.426 729188
6.427 1567704
6.428 1020192
6.429 592728
6.430 610822
6.431 852860
6.432 896164
6.433 611342
6.434 954558
6.435 977558
6.436 560716
6.437 529028
6.438 1156890
6.439 1071730
6.440 988072
6.441 518190
6.442 518190
6.443 959604
6.444 1367532
6.445 683258
6.446 931996
6.447 1133328
6.448 602874
6.449 1157582
6.450 518190
6.451 1292556
6.452 765744
6.453 519692
6.454 518190
6.455 650220
6.456 1015352
6.457 1506262
6.458 1036380
6.459 1037882
6.460 1463682
6.461 1504760
6.462 1196602
6.463 1465788
6.464 2050510
6.465 1765102
6.466 2468990
6.467 2442446
6.468 2500062
6.469 2586778
6.470 2116788
6.471 2402956
6.472 2213948
6.473 2075764
6.474 2541140
6.475 2603770
6.476 2506566
6.477 2972160
6.478 2780258
6.479 2421072
6.480 2211322
6.481 2180662
6.482 2542642
6.483 2465046
6.484 1949464
6.485 1556234
6.486 2198784
6.487 1517100
6.488 1344846
6.489 1197850
6.490 1548842
6.491 1036380
6.492 1037936
6.493 1506208
6.494 2003704
6.495 1676112
6.496 1048866
6.497 1548842
6.498 1941344
6.499 1438456
6.500 1452606
6.501 1455702
6.502 1183696
6.503 1063886
6.504 1036380
6.505 1037882
6.506 1463682
6.507 1036380
6.508 1462180
6.509 1640604
6.510 1499660
6.511 1643284
6.512 1591476
6.513 1037882
6.514 1601990
6.515 1494192
6.516 1037882
6.517 1591530
6.518 1119930
6.519 1782982
6.520 1402030
6.521 1522238
6.522 1337536
6.523 1592978
6.524 1077404
6.525 1037882
6.526 2102382
6.527 1589920
6.528 1759354
6.529 1380910
6.530 1056500
6.531 1365604
6.532 1156918
6.533 1392472
6.534 1224828
6.535 1037936
6.536 1506208
6.537 1462180
6.538 1037882
6.539 1591422
6.540 1036380
6.541 1036488
6.542 1506154
6.543 1037882
6.544 721748
6.545 761492
6.546 1562342
6.547 1133918
6.548 1194702
6.549 1102910
6.550 865470
6.551 694772
6.552 1291740
6.553 985538
6.554 939414
6.555 986570
6.556 1435986
6.557 1092196
6.558 518190
6.559 945492
6.560 518190
6.561 1156890
6.562 520936
6.563 986570
6.564 1082568
6.565 1071730
6.566 945492
6.567 518190
6.568 518190
6.569 1499032
6.570 518190
6.571 518190
6.572 1073232
6.573 1177436
6.574 1485234
6.575 1384932
6.576 1030652
6.577 1001702
6.578 1503638
6.579 988072
6.580 518190
6.581 518190
6.582 519692
6.583 1029150
6.584 529028
6.585 1030652
6.586 518190
6.587 518190
6.588 518190
6.589 519692
6.590 895304
6.591 1742740
6.592 1512904
6.593 731024
6.594 907442
6.595 612778
6.596 1073232
6.597 943990
6.598 1029150
6.599 984652
6.600 1117730
6.601 1156890
6.602 519692
6.603 932536
6.604 998024
6.605 518190
6.606 1584192
6.607 950456
6.608 1798006
6.609 1043660
6.610 1057396
6.611 1002406
6.612 1158392
6.613 986570
6.614 529028
6.615 988072
6.616 518190
6.617 518190
6.618 988072
6.619 1156890
6.620 518190
6.621 1071730
6.622 519692
6.623 1071730
6.624 1331138
6.625 939446
6.626 745278
6.627 1051318
6.628 1528510
6.629 986100
6.630 1580004
6.631 1041950
6.632 1600796
6.633 1144282
6.634 680422
6.635 1018166
6.636 1084216
6.637 986570
6.638 988072
6.639 1071730
6.640 706858
6.641 1365338
6.642 559214
6.643 943990
6.644 518190
6.645 945492
6.646 518190
6.647 1167728
6.648 519692
6.649 805628
6.650 1167512
6.651 945492
6.652 943990
6.653 1071730
6.654 519692
6.655 689530
6.656 1614476
6.657 934576
6.658 988072
6.659 1188086
6.660 1508914
6.661 570614
6.662 1305902
6.663 1305902
6.664 1037882
6.665 1418900
6.666 1557898
6.667 1694704
6.668 1843240
6.669 1554570
6.670 1557574
6.671 1556072
6.672 1816274
6.673 1720168
6.674 2027510
6.675 2008756
6.676 2626300
6.677 2186546
6.678 1862592
6.679 2560790
6.680 2769716
6.681 2125626
6.682 1800714
6.683 1556072
6.684 1802956
6.685 2022442
6.686 1190168
6.687 933168
6.688 652246
6.689 855168
6.690 789830
6.691 1053852
6.692 578648
6.693 916014
6.694 547668
6.695 1454950
6.696 1240758
6.697 1235470
6.698 1047512
6.699 576676
6.700 633368
6.701 967390
6.702 518190
6.703 988072
6.704 518190
6.705 1498774
6.706 945492
6.707 943990
6.708 1667850
6.709 626146
6.710 943936
6.711 1029150
6.712 783714
6.713 1201604
6.714 635254
6.715 947102
6.716 927052
6.717 1087058
6.718 1071730
6.719 1115812
6.720 518190
6.721 1420134
6.722 1038524
6.723 1055208
6.724 561656
6.725 986570
6.726 519692
6.727 536808
6.728 967952
6.729 856496
6.730 1203306
6.731 1029258
6.732 1073124
6.733 1114310
6.734 518190
6.735 518190
6.736 519692
6.737 986570
6.738 518190
6.739 905500
6.740 1409782
6.741 1114310
6.742 519692
6.743 518190
6.744 943990
6.745 986570
6.746 519692
6.747 1594772
6.748 885196
6.749 1306532
6.750 1612358
6.751 1018634
6.752 988126
6.753 518190
6.754 1454950
6.755 626092
6.756 926998
6.757 1142140
6.758 986628
6.759 1094414
6.760 943990
6.761 1029150
6.762 1073232
6.763 518190
6.764 1412370
6.765 1158392
6.766 568512
6.767 1063988
6.768 529028
6.769 519692
6.770 1114310
6.771 986570
6.772 520936
6.773 997408
6.774 1136428
6.775 1455574
6.776 986570
6.777 986570
6.778 1115812
6.779 1029150
6.780 624590
6.781 675154
6.782 958848
6.783 1192542
6.784 1206300
6.785 1036380
6.786 1048666
6.787 2090420
6.788 1048396
6.789 1676582
6.790 1675080
6.791 1463424
6.792 1039384
6.793 1632500
6.794 1036380
6.795 1415464
6.796 1341480
6.797 1078976
6.798 1421086
6.799 1676582
6.800 2122474
6.801 1780896
6.802 1786966
6.803 1478660
6.804 1511022
6.805 1161220
6.806 1025866
6.807 1098234
6.808 765836
6.809 1137106
6.810 559214
6.811 519692
6.812 1115866
6.813 559214
6.814 986570
6.815 519746
6.816 1508314
6.817 1412370
6.818 519692
6.819 518190
6.820 943990
6.821 988072
6.822 1444614
6.823 1507866
6.824 518190
6.825 988072
6.826 518190
6.827 1436656
6.828 1283086
6.829 518190
6.830 989628
6.831 559214
6.832 986570
6.833 986570
6.834 1500134
6.835 1411268
6.836 986570
6.837 519434
6.838 887206
6.839 661636
6.840 697846
6.841 764334
6.842 945492
6.843 810970
6.844 904726
6.845 586720
6.846 715924
6.847 788836
6.848 523236
6.849 927960
6.850 530676
6.851 1137052
6.852 519434
6.853 518190
6.854 1114310
6.855 1586888
6.856 1076814
6.857 723310
6.858 519746
6.859 1071676
6.860 518190
6.861 975786
6.862 615636
6.863 518190
6.864 927160
6.865 664262
6.866 1125148
6.867 1161342
6.868 770720
6.869 1051750
6.870 921444
6.871 1402660
6.872 93236
6.873 609284
6.874 0
6.875 468380
6.876 468380
6.877 0
6.878 0
6.879 1021920
6.880 1064500
6.881 0
6.882 0
6.883 638700
6.884 1064554
6.885 1410408
6.886 330920
6.887 387618
6.888 436638
6.889 425854
6.890 786112
6.891 533814
6.892 532200
6.893 0
6.894 0
6.895 0
6.896 608190
6.897 658696
6.898 776954
6.899 0
6.900 0
6.901 936760
6.902 58
6.903 479160
6.904 0
6.905 0
6.906 0
6.907 0
6.908 894180
6.909 6170
6.910 589950
6.911 0
6.912 936760
6.913 1023622
6.914 83458
6.915 638700
6.916 510960
6.917 0
6.918 0
6.919 0
6.920 479272
6.921 553486
6.922 0
6.923 0
6.924 468380
6.925 0
6.926 0
6.927 596120
6.928 553540
6.929 146774
6.930 460184
6.931 0
6.932 0
6.933 299924
6.934 221874
6.935 468380
6.936 1107080
6.937 0
6.938 918412
6.939 167328
6.940 596120
6.941 15132
6.942 613124
6.943 365040
6.944 985122
6.945 759592
6.946 0
6.947 468380
6.948 355444
6.949 112936
6.950 0
6.951 553540
6.952 2096
6.953 466284
6.954 0
6.955 0
6.956 894180
6.957 0
6.958 468380
6.959 0
6.960 814504
6.961 388628
6.962 441436
6.963 314112
6.964 54
6.965 521744
6.966 596120
6.967 162
6.968 468218
6.969 0
6.970 0
6.971 130344
6.972 914442
6.973 447948
6.974 468434
6.975 468380
6.976 851600
6.977 564378
6.978 840978
6.979 691902
6.980 468380
6.981 852178
6.982 416280
6.983 647542
6.984 553540
6.985 0
6.986 425858
6.987 549008
6.988 873078
6.989 718938
6.990 916240
6.991 276000
6.992 614830
6.993 885568
6.994 149720
6.995 468380
6.996 764430
6.997 523954
6.998 1067854
6.999 974554
7.000 518190
7.001 1030652
7.002 1029150
7.003 914566
7.004 591696
7.005 518190
7.006 986570
7.007 1445468
7.008 529174
7.009 1071730
7.010 518190
7.011 945492
7.012 986570
7.013 986570
7.014 873888
7.015 860522
7.016 887406
7.017 624590
7.018 933060
7.019 727100
7.020 53510
7.021 0
7.022 0
7.023 638700
7.024 453036
7.025 728182
7.026 531464
7.027 288578
7.028 241934
7.029 982064
7.030 332274
7.031 631454
7.032 643774
7.033 706844
7.034 0
7.035 425800
7.036 0
7.037 392286
7.038 33514
7.039 596120
7.040 512516
7.041 637144
7.042 0
7.043 574780
7.044 468380
7.045 510960
7.046 553540
7.047 0
7.048 0
7.049 0
7.050 754166
7.051 885114
7.052 425800
7.053 0
7.054 168926
7.055 810414
7.056 968398
7.057 1002968
7.058 777200
7.059 1021866
7.060 368800
7.061 296136
7.062 575962
7.063 419722
7.064 0
7.065 59334
7.066 1133068
7.067 928510
7.068 660522
7.069 156586
7.070 0
7.071 106400
7.072 0
7.073 0
7.074 425800
7.075 0
7.076 0
7.077 0
7.078 0
7.079 553540
7.080 134688
7.081 718468
7.082 594564
7.083 0
7.084 0
7.085 54720
7.086 1009780
7.087 468380
7.088 0
7.089 495804
7.090 1134560
7.091 1245888
7.092 773052
7.093 1009516
7.094 369824
7.095 10838
7.096 468380
7.097 0
7.098 0
7.099 553540
7.100 596120
7.101 425854
7.102 425746
7.103 0
7.104 10838
7.105 0
7.106 425800
7.107 553540
7.108 425800
7.109 425800
7.110 425800
7.111 0
7.112 468380
7.113 0
7.114 0
7.115 638700
7.116 747546
7.117 444694
7.118 0
7.119 0
7.120 468380
7.121 468380
7.122 638700
7.123 468380
7.124 896028
7.125 125892
7.126 303814
7.127 164566
7.128 0
7.129 0
7.130 1244
7.131 384776
7.132 51862
7.133 106346
7.134 54
7.135 0
7.136 512516
7.137 41024
7.138 425800
7.139 0
7.140 0
7.141 651282
7.142 1041690
7.143 988072
7.144 986570
7.145 877108
7.146 1053452
7.147 1456452
7.148 1149946
7.149 546374
7.150 519854
7.151 1071568
7.152 726530
7.153 1344110
7.154 1234282
7.155 972998
7.156 945492
7.157 518190
7.158 518190
7.159 518190
7.160 519692
7.161 1179374
7.162 1165770
7.163 675850
7.164 479218
7.165 532200
7.166 596120
7.167 425800
7.168 511018
7.169 1023106
7.170 894180
7.171 201380
7.172 506174
7.173 380338
7.174 0
7.175 468380
7.176 510960
7.177 596120
7.178 894180
7.179 938004
7.180 659940
7.181 468380
7.182 0
7.183 468380
7.184 553540
7.185 468380
7.186 0
7.187 0
7.188 468380
7.189 1021920
7.190 569700
7.191 333816
7.192 246144
7.193 425800
7.194 521798
7.195 947328
7.196 32012
7.197 635388
7.198 429112
7.199 364888
7.200 532696
7.201 166916
7.202 510960
7.203 0
7.204 468380
7.205 0
7.206 0
7.207 510960
7.208 0
7.209 510960
7.210 162
7.211 673640
7.212 529276
7.213 596120
7.214 796288
7.215 911786
7.216 1114310
7.217 200800
7.218 907066
7.219 468380
7.220 0
7.221 0
7.222 979340
7.223 155220
7.224 1189020
7.225 806000
7.226 0
7.227 0
7.228 342708
7.229 427888
7.230 316388
7.231 0
7.232 106400
7.233 853156
7.234 41024
7.235 427356
7.236 755914
7.237 1024714
7.238 881168
7.239 0
7.240 0
7.241 1073458
7.242 885222
7.243 221496
7.244 485360
7.245 848586
7.246 679392
7.247 598838
7.248 0
7.249 510960
7.250 321540
7.251 1067224
7.252 518190
7.253 518190
7.254 1115812
7.255 587136
7.256 1456696
7.257 1037882
7.258 1103604
7.259 1071730
7.260 519692
7.261 1187924
7.262 829040
7.263 518190
7.264 1047406
7.265 1111090
7.266 887876
7.267 929224
7.268 1057542
7.269 598790
7.270 936426
7.271 188650
7.272 523300
7.273 41078
7.274 425800
7.275 0
7.276 58
7.277 212742
7.278 510960
7.279 0
7.280 649484
7.281 54
7.282 595612
7.283 809528
7.284 0
7.285 1107080
7.286 550578
7.287 492710
7.288 896204
7.289 1107080
7.290 0
7.291 532200
7.292 0
7.293 0
7.294 461902
7.295 818340
7.296 573336
7.297 99164
7.298 431738
7.299 851600
7.300 474422
7.301 445612
7.302 552038
7.303 82048
7.304 553540
7.305 425800
7.306 468380
7.307 1192240
7.308 0
7.309 0
7.310 0
7.311 596120
7.312 425800
7.313 0
7.314 1021920
7.315 0
7.316 0
7.317 468380
7.318 468488
7.319 468272
7.320 894180
7.321 58
7.322 401088
7.323 1206002
7.324 850796
7.325 1264738
7.326 518244
7.327 1454950
7.328 519692
7.329 1072816
7.330 1070644
7.331 945492
7.332 518190
7.333 943990
7.334 1412370
7.335 1541612
7.336 1114310
7.337 1454950
7.338 1413872
7.339 624590
7.340 943990
7.341 519692
7.342 943990
7.343 572918
7.344 0
7.345 0
7.346 0
7.347 0
7.348 0
7.349 1064500
7.350 42596
7.351 980172
7.352 350630
7.353 553540
7.354 949754
7.355 721650
7.356 468434
7.357 0
7.358 640672
7.359 911318
7.360 619590
7.361 510960
7.362 59280
7.363 494260
7.364 106400
7.365 382242
7.366 669746
7.367 322654
7.368 0
7.369 1277400
7.370 553540
7.371 468438
7.372 799594
7.373 942488
7.374 686286
7.375 576810
7.376 397462
7.377 114200
7.378 1021218
7.379 0
7.380 0
7.381 436638
7.382 979340
7.383 468380
7.384 0
7.385 0
7.386 378670
7.387 1071676
7.388 660710
7.389 0
7.390 936760
7.391 913846
7.392 653656
7.393 73930
7.394 89790
7.395 463750
7.396 478690
7.397 53510
7.398 0
7.399 1021920
7.400 717652
7.401 91268
7.402 1107080
7.403 474134
7.404 164566
7.405 468380
7.406 8050
7.407 417750
7.408 468380
7.409 434666
7.410 1972
7.411 510960
7.412 255318
7.413 632924
7.414 1021380
7.415 560018
7.416 356086
7.417 1396518
7.418 314628
7.419 523030
7.420 498890
7.421 0
7.422 425800
7.423 103750
7.424 489652
7.425 1328766
7.426 574346
7.427 1765178
7.428 1695908
7.429 1238730
7.430 577708
7.431 518190
7.432 943990
7.433 943990
7.434 1184466
7.435 917916
7.436 518190
7.437 518190
7.438 945492
7.439 519434
7.440 519692
7.441 1354770
7.442 917516
7.443 1032678
7.444 511018
7.445 0
7.446 0
7.447 0
7.448 0
7.449 468380
7.450 0
7.451 11162
7.452 499798
7.453 0
7.454 83204
7.455 385176
7.456 0
7.457 521960
7.458 510798
7.459 909312
7.460 91268
7.461 76714
7.462 64344
7.463 989846
7.464 1251558
7.465 470298
7.466 0
7.467 0
7.468 0
7.469 326906
7.470 737594
7.471 638700
7.472 0
7.473 596120
7.474 425800
7.475 425800
7.476 0
7.477 1064500
7.478 851600
7.479 0
7.480 512204
7.481 10838
7.482 106400
7.483 0
7.484 596120
7.485 0
7.486 1277400
7.487 231420
7.488 507676
7.489 518190
7.490 518190
7.491 1002784
7.492 1099598
7.493 625834
7.494 614912
7.495 891350
7.496 986570
7.497 1476232
7.498 1179690
7.499 1071730
7.500 987814
7.501 524792
7.502 1407270
7.503 986570
7.504 1030652
7.505 1050390
7.506 518190
7.507 518190
7.508 753158
7.509 553540
7.510 294278
7.511 727642
7.512 54
7.513 939412
7.514 986570
7.515 518190
7.516 1114310
7.517 1115812
7.518 986570
7.519 943990
7.520 519692
7.521 518190
7.522 624590
7.523 519750
7.524 670402
7.525 1749720
7.526 522600
7.527 1290422
7.528 766214
7.529 922746
7.530 1095720
7.531 932790
7.532 657130
7.533 822004
7.534 252582
7.535 343752
7.536 82048
7.537 674336
7.538 28184
7.539 117966
7.540 989114
7.541 0
7.542 0
7.543 434720
7.544 598038
7.545 10838
7.546 553540
7.547 0
7.548 596120
7.549 0
7.550 1021920
7.551 468380
7.552 1021920
7.553 468380
7.554 58
7.555 876000
7.556 843826
7.557 358186
7.558 425800
7.559 574780
7.560 510960
7.561 705836
7.562 316084
7.563 553540
7.564 106400
7.565 425800
7.566 0
7.567 0
7.568 638700
7.569 106400
7.570 510960
7.571 0
7.572 0
7.573 0
7.574 638700
7.575 553540
7.576 908984
7.577 112936
7.578 0
7.579 179656
7.580 246144
7.581 445380
7.582 491380
7.583 512516
7.584 143754
7.585 365650
7.586 58
7.587 1094400
7.588 1533616
7.589 521664
7.590 1641338
7.591 1481462
7.592 518190
7.593 519692
7.594 518190
7.595 1354148
7.596 1037882
7.597 784134
7.598 1029204
7.599 1179578
7.600 1071730
7.601 986570
7.602 518190
7.603 617862
7.604 942596
7.605 1406600
7.606 947426
7.607 723310
7.608 548824
7.609 879896
7.610 757202
7.611 952840
7.612 519692
7.613 791964
7.614 712796
7.615 1018220
7.616 679602
7.617 925496
7.618 1005064
7.619 1030652
7.620 523344
7.621 1023996
7.622 519692
7.623 1540218
7.624 1555134
7.625 907208
7.626 1298900
7.627 976426
7.628 920828
7.629 1017296
7.630 682286
7.631 1029150
7.632 519692
7.633 1345542
7.634 822436
7.635 843120
7.636 939484
7.637 559068
7.638 954974
7.639 519692
7.640 1114310
7.641 1029150
7.642 945492
7.643 1156890
7.644 518298
7.645 964002
7.646 1564072
7.647 518190
7.648 1054322
7.649 779478
7.650 786772
7.651 1035266
7.652 1152276
7.653 518190
7.654 986570
7.655 656044
7.656 1564206
7.657 1535794
7.658 938990
7.659 519692
7.660 1313594
7.661 1816888
7.662 2007876
7.663 1395690
7.664 1632500
7.665 1341398
7.666 2022950
7.667 1772448
7.668 1315784
7.669 1226858
7.670 1037882
7.671 1036380
7.672 1475444
7.673 1196440
7.674 1591476
7.675 1504706
7.676 1037882
7.677 1547340
7.678 1037936
7.679 1676528
7.680 1036380
7.681 1207810
7.682 519692
7.683 518190
7.684 1412370
7.685 988072
7.686 1311184
7.687 1497250
7.688 1037882
7.689 1037882
7.690 1547340
7.691 1506262
7.692 1037882
7.693 1557442
7.694 1742548
7.695 1579174
7.696 1036438
7.697 1505946
7.698 1037882
7.699 1231526
7.700 1627432
7.701 1328632
7.702 1732614
7.703 1542608
7.704 2491276
7.705 1733286
7.706 1804658
7.707 1888848
7.708 1731852
7.709 1222240
7.710 1466486
7.711 1244504
7.712 1050692
7.713 1037882
7.714 1435036
7.715 1405574
7.716 1313034
7.717 1463682
7.718 1345678
7.719 1368390
7.720 1794576
7.721 2362102
7.722 2177254
7.723 2355268
7.724 1236478
7.725 1036380
7.726 1675080
7.727 1832094
7.728 1509682
7.729 1749872
7.730 1547756
7.731 1532886
7.732 1949152
7.733 1554570
7.734 1983374
7.735 2194772
7.736 1554570
7.737 1557574
7.738 2120450
7.739 2108110
7.740 2152192
7.741 2121952
7.742 1505120
7.743 1342420
7.744 1363194
7.745 1179448
7.746 1037028
7.747 1537210
7.748 1344646
7.749 1166400
7.750 1037882
7.751 1335488
7.752 1175412
7.753 1039126
7.754 1506262
7.755 1050006
7.756 1491134
7.757 1039384
7.758 1632500
7.759 1036380
7.760 1591422
7.761 1037936
7.762 2164646
7.763 1037882
7.764 1548842
7.765 1547394
7.766 1591368
7.767 1366760
7.768 1802084
7.769 1538048
7.770 1557574
7.771 2319778
7.772 2168768
7.773 1796208
7.774 1556072
7.775 1556072
7.776 1988268
7.777 2368378
7.778 2234070
7.779 1571562
7.780 1557574
7.781 1969440
7.782 1841030
7.783 1870184
7.784 1758782
7.785 1770204
7.786 1959342
7.787 1638120
7.788 1746916
7.789 1752958
7.790 1037882
7.791 1556406
7.792 1142530
7.793 1946088
7.794 1036380
7.795 1589920
7.796 1469500
7.797 1557626
7.798 1371438
7.799 585688
7.800 518190
7.801 1582690
7.802 959122
7.803 612204
7.804 1071730
7.805 519434
7.806 1030652
7.807 1071730
7.808 941866
7.809 1463682
7.810 1176420
7.811 539812
7.812 1297748
7.813 889848
7.814 1092970
7.815 1114310
7.816 988126
7.817 1114256
7.818 624590
7.819 519692
7.820 518190
7.821 995652
7.822 936410
7.823 1071730
7.824 1412370
7.825 624590
7.826 626038
7.827 518244
7.828 518190
7.829 988072
7.830 518190
7.831 1222566
7.832 1021360
7.833 1548896
7.834 1964690
7.835 1683476
7.836 1037882
7.837 1036380
7.838 1110090
7.839 1710774
7.840 1036380
7.841 1506262
7.842 1037882
7.843 1036380
7.844 1497250
7.845 1433226
7.846 1778368
7.847 1037882
7.848 2143460
7.849 1037882
7.850 1589920
7.851 1037882
7.852 932140
7.853 518190
7.854 986570
7.855 1711932
7.856 518190
7.857 1071730
7.858 986570
7.859 1563726
7.860 538656
7.861 934562
7.862 603354
7.863 953770
7.864 1604994
7.865 1055632
7.866 665764
7.867 986570
7.868 519692
7.869 986570
7.870 518190
7.871 518190
7.872 519692
7.873 986570
7.874 986570
7.875 626092
7.876 1114310
7.877 1082568
7.878 1030652
7.879 906840
7.880 725660
7.881 544480
7.882 947016
7.883 660696
7.884 1186022
7.885 958940
7.886 518190
7.887 1071730
7.888 530530
7.889 1029150
7.890 1377246
7.891 1234594
7.892 1030652
7.893 753512
7.894 1304788
7.895 1085302
7.896 548700
7.897 948604
7.898 1238938
7.899 518190
7.900 1071730
7.901 1456452
7.902 1287218
7.903 1095978
7.904 973722
7.905 803764
7.906 1527514
7.907 1037528
7.908 653702
7.909 518190
7.910 1386096
7.911 1098004
7.912 701546
7.913 1448662
7.914 1355924
7.915 1062664
7.916 943990
7.917 1123392
7.918 1827486
7.919 861834
7.920 730944
7.921 775318
7.922 518190
7.923 518190
7.924 988072
7.925 518190
7.926 945546
7.927 559214
7.928 1179632
7.929 954828
7.930 986570
7.931 519692
7.932 986570
7.933 518190
7.934 519692
7.935 624810
7.936 837370
7.937 518190
7.938 1102364
7.939 1894198
7.940 578864
7.941 1350074
7.942 851600
7.943 638700
7.944 0
7.945 553540
7.946 596120
7.947 979340
7.948 510960
7.949 553540
7.950 425800
7.951 54
7.952 1094070
7.953 566496
7.954 0
7.955 0
7.956 425800
7.957 894180
7.958 698368
7.959 489652
7.960 495938
7.961 54
7.962 894180
7.963 553540
7.964 468380
7.965 668848
7.966 622340
7.967 542864
7.968 92886
7.969 0
7.970 0
7.971 427356
7.972 51862
7.973 553540
7.974 596120
7.975 425800
7.976 1021920
7.977 553598
7.978 1186
7.979 596822
7.980 1405524
7.981 509874
7.982 0
7.983 638700
7.984 0
7.985 1107080
7.986 264292
7.987 204088
7.988 390784
7.989 503396
7.990 0
7.991 468380
7.992 510960
7.993 596120
7.994 10838
7.995 58
7.996 617302
7.997 638700
7.998 309524
7.999 1451946
8.000 901882
8.001 510960
8.002 1056620
8.003 516334
8.004 515464
8.005 54
8.006 0
8.007 0
8.008 0
8.009 0
8.010 0
8.011 894180
8.012 553540
8.013 0
8.014 0
8.015 1244
8.016 0
8.017 56276
8.018 1032510
8.019 699574
8.020 553540
8.021 0
8.022 0
8.023 639944
8.024 0
8.025 722806
8.026 480272
8.027 468380
8.028 0
8.029 0
8.030 0
8.031 0
8.032 638700
8.033 1254842
8.034 1046762
8.035 1108926
8.036 518190
8.037 1137052
8.038 682448
8.039 779732
8.040 1158392
8.041 518190
8.042 1135354
8.043 1392828
8.044 1071730
8.045 526294
8.046 1404266
8.047 1232044
8.048 880868
8.049 887406
8.050 523166
8.051 861942
8.052 600238
8.053 519692
8.054 1133428
8.055 438228
8.056 603376
8.057 836364
8.058 249376
8.059 92162
8.060 605402
8.061 292614
8.062 0
8.063 468380
8.064 510960
8.065 1490300
8.066 0
8.067 543038
8.068 0
8.069 637678
8.070 924842
8.071 846382
8.072 588896
8.073 1353150
8.074 1656948
8.075 1077404
8.076 1218154
8.077 1324488
8.078 1463844
8.079 2228458
8.080 1037882
8.081 1037882
8.082 1589920
8.083 1463682
8.084 1038044
8.085 1504598
8.086 1036380
8.087 1039384
8.088 1036380
8.089 1504760
8.090 1184232
8.091 945492
8.092 1424866
8.093 1007710
8.094 249664
8.095 0
8.096 425800
8.097 1107080
8.098 894180
8.099 638700
8.100 10838
8.101 0
8.102 0
8.103 319866
8.104 148514
8.105 0
8.106 0
8.107 6818
8.108 1169978
8.109 760178
8.110 214510
8.111 1028808
8.112 866124
8.113 261004
8.114 337766
8.115 84490
8.116 392134
8.117 516688
8.118 607982
8.119 350414
8.120 157434
8.121 0
8.122 468380
8.123 0
8.124 1021920
8.125 40666
8.126 1001136
8.127 1158392
8.128 654718
8.129 0
8.130 553540
8.131 0
8.132 598270
8.133 1488150
8.134 0
8.135 425800
8.136 0
8.137 0
8.138 468380
8.139 0
8.140 1033314
8.141 518190
8.142 519692
8.143 1071730
8.144 518190
8.145 1073232
8.146 518190
8.147 1087506
8.148 1694654
8.149 519692
8.150 790164
8.151 1328740
8.152 1524248
8.153 1397270
8.154 1292476
8.155 1509682
8.156 1432762
8.157 1980370
8.158 1565408
8.159 2153748
8.160 2152138
8.161 1103368
8.162 1506262
8.163 1142780
8.164 1591422
8.165 1589920
8.166 1265294
8.167 1364010
8.168 1104618
8.169 1480604
8.170 1463682
8.171 1632500
8.172 1037882
8.173 1676582
8.174 1462180
8.175 1696320
8.176 1037882
8.177 1874364
8.178 1553068
8.179 1240984
8.180 1909786
8.181 1373146
8.182 1295010
8.183 1062384
8.184 1547340
8.185 1037882
8.186 1036380
8.187 1634002
8.188 1036380
8.189 1617010
8.190 1600396
8.191 1140396
8.192 1037882
8.193 1037882
8.194 1416234
8.195 1556876
8.196 1159452
8.197 1591422
8.198 1036380
8.199 1037882
8.200 1037882
8.201 1504760
8.202 1037882
8.203 1740402
8.204 1887872
8.205 1249388
8.206 1635504
8.207 1036380
8.208 1036380
8.209 1213594
8.210 1287970
8.211 1462180
8.212 1591422
8.213 1118082
8.214 1424560
8.215 1037882
8.216 1591422
8.217 1036380
8.218 1548842
8.219 1036380
8.220 1889482
8.221 1036380
8.222 1548842
8.223 1270670
8.224 1229392
8.225 1037882
8.226 1037882
8.227 1240764
8.228 1816652
8.229 1738192
8.230 1577570
8.231 1556072
8.232 1981872
8.233 1940902
8.234 1612116
8.235 1583578
8.236 1556072
8.237 2151934
8.238 2153694
8.239 1556072
8.240 2118948
8.241 2025954
8.242 2147664
8.243 2024328
8.244 1570060
8.245 2274972
8.246 1944252
8.247 1554570
8.248 1744986
8.249 1071396
8.250 1462180
8.251 1037882
8.252 1589920
8.253 1037882
8.254 1036380
8.255 1970806
8.256 1955380
8.257 1583578
8.258 1556072
8.259 2079102
8.260 1586582
8.261 2082068
8.262 2477796
8.263 2081182
8.264 1669716
8.265 2136702
8.266 1612586
8.267 1556072
8.268 2024452
8.269 2109612
8.270 1556072
8.271 2009664
8.272 2339298
8.273 2544668
8.274 2210702
8.275 2795684
8.276 2097940
8.277 1846366
8.278 2107640
8.279 1808602
8.280 1990468
8.281 1706304
8.282 2078470
8.283 1811606
8.284 1556072
8.285 2031600
8.286 1744324
8.287 1914212
8.288 2088168
8.289 1740592
8.290 2008616
8.291 2034842
8.292 2165764
8.293 1421700
8.294 1463682
8.295 1548842
8.296 1036380
8.297 1507506
8.298 1504818
8.299 1039068
8.300 1036380
8.301 1037882
8.302 1644840
8.303 1930560
8.304 1278234
8.305 1265910
8.306 1355322
8.307 1253986
8.308 1606442
8.309 1603962
8.310 1069948
8.311 1930506
8.312 1037882
8.313 1036488
8.314 2102274
8.315 1624120
8.316 1472062
8.317 1492436
8.318 1292800
8.319 1476568
8.320 1506262
8.321 1845934
8.322 1731838
8.323 1957300
8.324 1571562
8.325 1557574
8.326 2118948
8.327 2024452
8.328 2561524
8.329 1825540
8.330 1899192
8.331 2109612
8.332 1556072
8.333 2040158
8.334 1718374
8.335 1712420
8.336 2166018
8.337 1824184
8.338 1863410
8.339 1908674
8.340 1774780
8.341 1967414
8.342 1381994
8.343 1144282
8.344 1749468
8.345 1368932
8.346 1475152
8.347 1364572
8.348 1080050
8.349 1100612
8.350 1433226
8.351 1292746
8.352 1365512
8.353 1506262
8.354 1036380
8.355 1412036
8.356 1300926
8.357 1301142
8.358 1243002
8.359 1036380
8.360 621114
8.361 524198
8.362 518244
8.363 943936
8.364 1073232
8.365 496394
8.366 54
8.367 510960
8.368 10838
8.369 638700
8.370 603672
8.371 1605744
8.372 879736
8.373 425800
8.374 10838
8.375 554784
8.376 10838
8.377 553540
8.378 0
8.379 0
8.380 468542
8.381 1021758
8.382 638700
8.383 0
8.384 0
8.385 905018
8.386 510960
8.387 894180
8.388 105734
8.389 362646
8.390 1192240
8.391 0
8.392 0
8.393 104232
8.394 364202
8.395 1139104
8.396 0
8.397 1021920
8.398 502564
8.399 517384
8.400 1972
8.401 0
8.402 0
8.403 0
8.404 0
8.405 425800
8.406 382438
8.407 788462
8.408 468380
8.409 0
8.410 468380
8.411 1244
8.412 553540
8.413 558612
8.414 16168
8.415 468380
8.416 1021920
8.417 425800
8.418 425800
8.419 0
8.420 936760
8.421 425800
8.422 0
8.423 425800
8.424 0
8.425 0
8.426 0
8.427 468380
8.428 10838
8.429 425800
8.430 0
8.431 330552
8.432 516430
8.433 242154
8.434 420824
8.435 473356
8.436 553540
8.437 0
8.438 388904
8.439 675596
8.440 0
8.441 559618
8.442 419722
8.443 416224
8.444 624532
8.445 153536
8.446 0
8.447 425800
8.448 638700
8.449 0
8.450 126766
8.451 706188
8.452 518190
8.453 980686
8.454 995200
8.455 1114310
8.456 604398
8.457 901864
8.458 518190
8.459 518190
8.460 1540110
8.461 988072
8.462 943990
8.463 986570
8.464 1499032
8.465 742436
8.466 723450
8.467 1682788
8.468 1160988
8.469 529244
8.470 1270998
8.471 1629026
8.472 628028
8.473 1114310
8.474 986570
8.475 1499032
8.476 518190
8.477 964110
8.478 1072850
8.479 758072
8.480 748190
8.481 943990
8.482 1203302
8.483 579680
8.484 518190
8.485 650826
8.486 1046996
8.487 518190
8.488 844064
8.489 1087998
8.490 1178130
8.491 639006
8.492 0
8.493 468380
8.494 0
8.495 0
8.496 0
8.497 1192240
8.498 425800
8.499 12082
8.500 272618
8.501 358804
8.502 560818
8.503 806940
8.504 214980
8.505 936760
8.506 576140
8.507 1194774
8.508 400666
8.509 0
8.510 638700
8.511 553540
8.512 314030
8.513 1100284
8.514 1391650
8.515 1029150
8.516 1308046
8.517 751756
8.518 883914
8.519 1225226
8.520 2196956
8.521 1556126
8.522 1554570
8.523 1556072
8.524 2153694
8.525 1950330
8.526 2139652
8.527 2349520
8.528 2066752
8.529 2404336
8.530 1557316
8.531 1556072
8.532 1968712
8.533 1394422
8.534 1506262
8.535 2059024
8.536 1587278
8.537 1336828
8.538 1295480
8.539 1346202
8.540 1865650
8.541 549600
8.542 987814
8.543 1115812
8.544 847268
8.545 1008296
8.546 828828
8.547 989682
8.548 611076
8.549 1073232
8.550 986570
8.551 518190
8.552 986570
8.553 1301568
8.554 758234
8.555 518190
8.556 519692
8.557 518190
8.558 1087798
8.559 886844
8.560 1465788
8.561 518190
8.562 519692
8.563 518190
8.564 1149850
8.565 823290
8.566 519692
8.567 1071730
8.568 876800
8.569 768040
8.570 518190
8.571 740426
8.572 765836
8.573 572856
8.574 888908
8.575 561186
8.576 530530
8.577 943990
8.578 518190
8.579 519692
8.580 518190
8.581 518190
8.582 1030652
8.583 518190
8.584 1275066
8.585 1510406
8.586 1171794
8.587 737768
8.588 568350
8.589 1299278
8.590 1707562
8.591 1341352
8.592 767808
8.593 518190
8.594 518190
8.595 757710
8.596 833712
8.597 932282
8.598 700218
8.599 519692
8.600 1030706
8.601 1112754
8.602 825882
8.603 1340320
8.604 943990
8.605 519692
8.606 1142490
8.607 596410
8.608 1558090
8.609 1384476
8.610 1036380
8.611 1036380
8.612 1039384
8.613 1036380
8.614 1234060
8.615 1266002
8.616 1557908
8.617 1580854
8.618 1299316
8.619 1287408
8.620 1304308
8.621 1364572
8.622 1637060
8.623 1077404
8.624 1287192
8.625 1214372
8.626 1059450
8.627 1308620
8.628 1558254
8.629 1370448
8.630 1480258
8.631 1494970
8.632 1199914
8.633 1341696
8.634 1200946
8.635 1037882
8.636 1037882
8.637 1462180
8.638 1974642
8.639 1550398
8.640 1077404
8.641 1037882
8.642 1037882
8.643 1119584
8.644 1847356
8.645 1591422
8.646 1463682
8.647 1036380
8.648 1037882
8.649 1293878
8.650 1096282
8.651 793100
8.652 518190
8.653 518190
8.654 518190
8.655 745040
8.656 846382
8.657 986570
8.658 519692
8.659 518190
8.660 986570
8.661 519692
8.662 1114310
8.663 518190
8.664 1347784
8.665 1107670
8.666 761238
8.667 822274
8.668 1029042
8.669 567194
8.670 986570
8.671 519692
8.672 1071730
8.673 997408
8.674 519692
8.675 1012282
8.676 1429238
8.677 966574
8.678 1008068
8.679 1222562
8.680 892322
8.681 805920
8.682 610352
8.683 1063696
8.684 603712
8.685 518190
8.686 1156890
8.687 1423500
8.688 1104682
8.689 1118400
8.690 556680
8.691 519692
8.692 518190
8.693 518190
8.694 519692
8.695 1071730
8.696 518190
8.697 1300282
8.698 685198
8.699 943990
8.700 518190
8.701 519692
8.702 1156890
8.703 518190
8.704 519800
8.705 986462
8.706 986570
8.707 1392736
8.708 1390926
8.709 760448
8.710 1132952
8.711 1784566
8.712 1118940
8.713 981940
8.714 1073232
8.715 1071730
8.716 571570
8.717 1253704
8.718 1051734
8.719 1060272
8.720 945492
8.721 960566
8.722 1055154
8.723 943990
8.724 1234194
8.725 1507978
8.726 1089908
8.727 1043192
8.728 550202
8.729 537790
8.730 1972
8.731 93880
8.732 502240
8.733 0
8.734 0
8.735 519004
8.736 995928
8.737 743702
8.738 913598
8.739 214980
8.740 0
8.741 225348
8.742 434592
8.743 0
8.744 0
8.745 618800
8.746 1135754
8.747 943990
8.748 519692
8.749 943990
8.750 1071730
8.751 1266044
8.752 836338
8.753 518190
8.754 1625270
8.755 519692
8.756 518190
8.757 1071730
8.758 1073232
8.759 773146
8.760 958410
8.761 802354
8.762 930056
8.763 1129800
8.764 1114256
8.765 519692
8.766 518190
8.767 518190
8.768 519692
8.769 1114310
8.770 518190
8.771 988072
8.772 1710430
8.773 986570
8.774 518190
8.775 519692
8.776 1462622
8.777 978898
8.778 519692
8.779 986570
8.780 518190
8.781 1158392
8.782 986570
8.783 518190
8.784 529028
8.785 519692
8.786 529028
8.787 1071730
8.788 519692
8.789 518190
8.790 518190
8.791 836726
8.792 1031874
8.793 1243744
8.794 519692
8.795 849602
8.796 655158
8.797 518190
8.798 519692
8.799 1111872
8.800 941556
8.801 758704
8.802 766122
8.803 866378
8.804 519692
8.805 518190
8.806 943990
8.807 518190
8.808 947048
8.809 559214
8.810 1540110
8.811 519692
8.812 518190
8.813 943990
8.814 519692
8.815 518190
8.816 1114310
8.817 1115812
8.818 986570
8.819 986570
8.820 608422
8.821 1004838
8.822 1456450
8.823 986624
8.824 519692
8.825 518190
8.826 518190
8.827 1158392
8.828 1474742
8.829 860278
8.830 518190
8.831 997192
8.832 594230
8.833 986570
8.834 1030652
8.835 518190
8.836 986570
8.837 519692
8.838 945546
8.839 559214
8.840 519692
8.841 773508
8.842 708900
8.843 1051502
8.844 898660
8.845 917948
8.846 718804
8.847 904468
8.848 559214
8.849 1114310
8.850 1030652
8.851 518190
8.852 1114310
8.853 518352
8.854 987910
8.855 518244
8.856 1497476
8.857 988072
8.858 587394
8.859 2099902
8.860 1039384
8.861 1973140
8.862 2186040
8.863 1591422
8.864 1155120
8.865 1489740
8.866 1455810
8.867 1170398
8.868 1916934
8.869 1506262
8.870 1463682
8.871 1036380
8.872 1588526
8.873 1125938
8.874 1498914
8.875 1432928
8.876 1547060
8.877 2026008
8.878 1597096
8.879 1809488
8.880 1856196
8.881 1556072
8.882 1554570
8.883 1955716
8.884 2072760
8.885 2095992
8.886 2516044
8.887 2720942
8.888 2118290
8.889 2486614
8.890 2493838
8.891 2390438
8.892 2102000
8.893 2515574
8.894 2704312
8.895 2082242
8.896 1806304
8.897 2489206
8.898 2074262
8.899 2299720
8.900 1566856
8.901 1558872
8.902 2585556
8.903 1589586
8.904 1607734
8.905 1971288
8.906 2109612
8.907 2059522
8.908 2057550
8.909 1573064
8.910 2152192
8.911 2194772
8.912 1556072
8.913 1895880
8.914 1642064
8.915 1981872
8.916 1554570
8.917 1557574
8.918 1852992
8.919 2186176
8.920 2172920
8.921 2285506
8.922 2332600
8.923 2305386
8.924 2419100
8.925 2220804
8.926 2394598
8.927 2223808
8.928 2402486
8.929 2768166
8.930 2705218
8.931 2552230
8.932 2162496
8.933 2498490
8.934 2190980
8.935 2500586
8.936 2469482
8.937 2074262
8.938 2075506
8.939 2317526
8.940 2277880
8.941 2397832
8.942 1676194
8.943 1557574
8.944 1554570
8.945 2048804
8.946 1638120
8.947 2492832
8.948 1964934
8.949 2100600
8.950 1624602
8.951 1554678
8.952 2024506
8.953 2119028
8.954 2285948
8.955 1535198
8.956 1526032
8.957 1943906
8.958 1162318
8.959 1388724
8.960 1393558
8.961 1350584
8.962 1528754
8.963 1589866
8.964 1462180
8.965 1037882
8.966 1932062
8.967 1045986
8.968 1496656
8.969 1632500
8.970 1932062
8.971 1506262
8.972 1293362
8.973 1599256
8.974 1282524
8.975 1630224
8.976 1190640
8.977 1036380
8.978 1037882
8.979 1890886
8.980 1649898
8.981 1681172
8.982 1565418
8.983 1701084
8.984 1036380
8.985 1506262
8.986 1591422
8.987 1036380
8.988 1048720
8.989 1037882
8.990 2232340
8.991 1141806
8.992 1036380
8.993 1210702
8.994 1323756
8.995 1109886
8.996 1475752
8.997 1066890
8.998 1507818
8.999 1078906
9.000 1563916
9.001 1063886
9.002 1515598
9.003 1634002
9.004 2199584
9.005 2118624
9.006 1588084
9.007 1660970
9.008 1981872
9.009 2073606
9.010 2276718
9.011 2672162
9.012 1950314
9.013 2183788
9.014 1992856
9.015 2067032
9.016 2173868
9.017 2393176
9.018 1909706
9.019 1557574
9.020 1916816
9.021 1663562
9.022 1565554
9.023 1955398
9.024 1858492
9.025 1552190
9.026 1569924
9.027 1059380
9.028 1357920
9.029 2321172
9.030 1583018
9.031 1365512
9.032 1094396
9.033 1036380
9.034 1037882
9.035 1508434
9.036 1119368
9.037 1037882
9.038 1036380
9.039 1430168
9.040 1069894
9.041 1404780
9.042 1756566
9.043 1057878
9.044 1506262
9.045 1037882
9.046 1682482
9.047 1552332
9.048 1421290
9.049 1814528
9.050 2810154
9.051 1905062
9.052 1556072
9.053 1803950
9.054 1861734
9.055 2026062
9.056 1598598
9.057 1597096
9.058 1554570
9.059 2067032
9.060 2397520
9.061 1779124
9.062 1756810
9.063 2102194
9.064 1831132
9.065 1695482
9.066 1949790
9.067 1772808
9.068 1653182
9.069 1980234
9.070 830198
9.071 1220308
9.072 1021360
9.073 1721886
9.074 1603778
9.075 1955462
9.076 830986
9.077 518190
9.078 518190
9.079 767408
9.080 696274
9.081 624590
9.082 519692
9.083 863444
9.084 1026092
9.085 1202446
9.086 1071396
9.087 1036380
9.088 1037882
9.089 1463682
9.090 1489270
9.091 1051870
9.092 1481462
9.093 518244
9.094 624698
9.095 1541504
9.096 518244
9.097 1736958
9.098 1482272
9.099 1147068
9.100 518190
9.101 519692
9.102 518190
9.103 943990
9.104 943990
9.105 1073232
9.106 849356
9.107 579706
9.108 399634
9.109 0
9.110 948830
9.111 30510
9.112 10838
9.113 0
9.114 851600
9.115 0
9.116 468380
9.117 553540
9.118 396640
9.119 1156890
9.120 173062
9.121 0
9.122 427556
9.123 125984
9.124 790002
9.125 428820
9.126 356638
9.127 633366
9.128 1122360
9.129 1636546
9.130 1261312
9.131 943882
9.132 627654
9.133 357702
9.134 593066
9.135 641696
9.136 58
9.137 980526
9.138 553540
9.139 468380
9.140 12556
9.141 924204
9.142 0
9.143 0
9.144 638700
9.145 0
9.146 0
9.147 0
9.148 1190
9.149 479272
9.150 894180
9.151 468380
9.152 1107080
9.153 468380
9.154 847520
9.155 533322
9.156 1565888
9.157 1547340
9.158 1506262
9.159 1566558
9.160 1629176
9.161 1819208
9.162 1643728
9.163 2373434
9.164 1556072
9.165 1556072
9.166 1662472
9.167 1761046
9.168 1903136
9.169 1556072
9.170 1556072
9.171 1556072
9.172 1937120
9.173 1771144
9.174 1556072
9.175 1759044
9.176 1037882
9.177 1589920
9.178 1506262
9.179 1036380
9.180 1974642
9.181 830004
9.182 986570
9.183 519750
9.184 884732
9.185 1673578
9.186 724296
9.187 518190
9.188 1235222
9.189 845820
9.190 769834
9.191 1252078
9.192 1027368
9.193 1260064
9.194 1257168
9.195 1505198
9.196 1111674
9.197 2139754
9.198 1462650
9.199 1039126
9.200 1589920
9.201 1591422
9.202 1036380
9.203 1463682
9.204 1037882
9.205 1036380
9.206 1676582
9.207 1548842
9.208 1037082
9.209 1783170
9.210 1441294
9.211 1420270
9.212 878446
9.213 1071730
9.214 518190
9.215 1541844
9.216 1071498
9.217 518190
9.218 1490274
9.219 654688
9.220 518190
9.221 907002
9.222 1025060
9.223 986570
9.224 518190
9.225 518190
9.226 988072
9.227 518190
9.228 518190
9.229 1724018
9.230 1442864
9.231 986570
9.232 530530
9.233 986570
9.234 1582690
9.235 1030652
9.236 844236
9.237 1673320
9.238 1441460
9.239 1507202
9.240 1227982
9.241 1036380
9.242 1037882
9.243 1512486
9.244 1157480
9.245 1080878
9.246 1462180
9.247 1463682
9.248 1631234
9.249 2295208
9.250 1037882
9.251 1462180
9.252 1501756
9.253 1562156
9.254 1071396
9.255 1548842
9.256 1676324
9.257 700832
9.258 519692
9.259 518190
9.260 1753010
9.261 518190
9.262 519692
9.263 1667850
9.264 1497530
9.265 988072
9.266 518190
9.267 518244
9.268 1180414
9.269 1694264
9.270 1040086
9.271 1716976
9.272 626092
9.273 1476858
9.274 1036380
9.275 1110066
9.276 542816
9.277 961944
9.278 1115812
9.279 518190
9.280 1108772
9.281 1230650
9.282 579210
9.283 518190
9.284 1093752
9.285 1735032
9.286 1184520
9.287 1630684
9.288 1058212
9.289 542692
9.290 518190
9.291 544318
9.292 961944
9.293 518190
9.294 1071730
9.295 519692
9.296 1216558
9.297 782274
9.298 770720
9.299 518190
9.300 518190
9.301 1153416
9.302 1587666
9.303 624590
9.304 518190
9.305 945492
9.306 1071730
9.307 518190
9.308 956330
9.309 518190
9.310 1652360
9.311 1104736
9.312 969016
9.313 615728
9.314 920628
9.315 628214
9.316 943990
9.317 943990
9.318 519692
9.319 518190
9.320 1114310
9.321 1500276
9.322 518190
9.323 986570
9.324 519692
9.325 986570
9.326 1029150
9.327 768240
9.328 1376722
9.329 800236
9.330 875892
9.331 900362
9.332 519692
9.333 518190
9.334 519692
9.335 1009366
9.336 559214
9.337 966574
9.338 1135808
9.339 518190
9.340 662922
9.341 868944
9.342 1150396
9.343 839720
9.344 1392628
9.345 1092974
9.346 1177506
9.347 562896
9.348 1007652
9.349 539688
9.350 986570
9.351 945492
9.352 986570
9.353 518248
9.354 1480328
9.355 1673632
9.356 1193146
9.357 945492
9.358 986570
9.359 1418804
9.360 1034878
9.361 1506262
9.362 1653740
9.363 1472964
9.364 1465238
9.365 1367364
9.366 1072504
9.367 1007036
9.368 1015162
9.369 1513020
9.370 518190
9.371 1158392
9.372 518190
9.373 518190
9.374 538256
9.375 1489804
9.376 518190
9.377 945492
9.378 518190
9.379 1582690
9.380 585912
9.381 1244
9.382 894180
9.383 468380
9.384 1107080
9.385 0
9.386 574780
9.387 0
9.388 233162
9.389 742500
9.390 621038
9.391 468380
9.392 555582
9.393 892138
9.394 51180
9.395 608760
9.396 425800
9.397 425800
9.398 749366
9.399 510680
9.400 764606
9.401 0
9.402 21136
9.403 1000784
9.404 553540
9.405 553540
9.406 906574
9.407 41024
9.408 602170
9.409 1050702
9.410 456940
9.411 511068
9.412 425692
9.413 0
9.414 0
9.415 938004
9.416 979340
9.417 468380
9.418 596120
9.419 0
9.420 468380
9.421 666314
9.422 758610
9.423 129304
9.424 894072
9.425 1064500
9.426 958874
9.427 20466
9.428 427356
9.429 468380
9.430 41024
9.431 0
9.432 618916
9.433 41024
9.434 36160
9.435 496040
9.436 567766
9.437 379886
9.438 583564
9.439 171984
9.440 468380
9.441 596120
9.442 1490300
9.443 0
9.444 7672
9.445 971668
9.446 71188
9.447 397192
9.448 838536
9.449 225964
9.450 0
9.451 0
9.452 58140
9.453 410240
9.454 0
9.455 0
9.456 0
9.457 0
9.458 427356
9.459 561104
9.460 76040
9.461 0
9.462 468434
9.463 553486
9.464 1214656
9.465 1007160
9.466 1037656
9.467 572158
9.468 460600
9.469 0
9.470 556252
9.471 976628
9.472 0
9.473 0
9.474 638700
9.475 617360
9.476 468380
9.477 596120
9.478 553540
9.479 510960
9.480 563638
9.481 628602
9.482 553540
9.483 596120
9.484 0
9.485 0
9.486 0
9.487 0
9.488 0
9.489 553540
9.490 0
9.491 894180
9.492 0
9.493 596120
9.494 0
9.495 468380
9.496 596120
9.497 0
9.498 0
9.499 193736
9.500 232064
9.501 510960
9.502 468380
9.503 468380
9.504 0
9.505 468380
9.506 468380
9.507 449146
9.508 294672
9.509 320682
9.510 444202
9.511 462372
9.512 935204
9.513 0
9.514 833290
9.515 1439336
9.516 648694
9.517 425800
9.518 596120
9.519 574780
9.520 15182
9.521 453198
9.522 0
9.523 425800
9.524 638700
9.525 436638
9.526 468380
9.527 468380
9.528 106400
9.529 0
9.530 0
9.531 553540
9.532 1038484
9.533 1050702
9.534 446426
9.535 378444
9.536 556648
9.537 619028
9.538 1032758
9.539 468380
9.540 0
9.541 510960
9.542 0
9.543 1086176
9.544 468380
9.545 125260
9.546 791034
9.547 20466
9.548 468380
9.549 0
9.550 0
9.551 0
9.552 734428
9.553 798452
9.554 1041496
9.555 171984
9.556 460318
9.557 829768
9.558 1030394
9.559 519692
9.560 986570
9.561 518190
9.562 519692
9.563 518190
9.564 1071730
9.565 870484
9.566 593198
9.567 518190
9.568 1071730
9.569 873218
9.570 675624
9.571 518190
9.572 519692
9.573 518190
9.574 518190
9.575 733948
9.576 772314
9.577 436350
9.578 1178522
9.579 1159072
9.580 1507828
9.581 624648
9.582 850412
9.583 762832
9.584 1094526
9.585 799566
9.586 747720
9.587 1430448
9.588 1436872
9.589 1392266
9.590 899886
9.591 904868
9.592 550202
9.593 518190
9.594 1030706
9.595 559214
9.596 1073232
9.597 647474
9.598 1012348
9.599 1280238
9.600 553540
9.601 0
9.602 468380
9.603 0
9.604 1244
9.605 10838
9.606 553540
9.607 468380
9.608 1244
9.609 553540
9.610 468380
9.611 0
9.612 54
9.613 796922
9.614 509178
9.615 335278
9.616 521798
9.617 0
9.618 0
9.619 0
9.620 0
9.621 553540
9.622 0
9.623 0
9.624 0
9.625 1021920
9.626 575162
9.627 1011136
9.628 468380
9.629 0
9.630 0
9.631 425800
9.632 638700
9.633 468380
9.634 468380
9.635 468380
9.636 30742
9.637 1076338
9.638 0
9.639 567760
9.640 646772
9.641 999628
9.642 873448
9.643 1743220
9.644 518190
9.645 1000374
9.646 1740708
9.647 766992
9.648 1302146
9.649 943990
9.650 519692
9.651 518190
9.652 562450
9.653 1573084
9.654 996302
9.655 837186
9.656 633876
9.657 872386
9.658 945546
9.659 1074842
9.660 1068564
9.661 518190
9.662 518190
9.663 834266
9.664 0
9.665 0
9.666 505190
9.667 48350
9.668 1244
9.669 241870
9.670 1135212
9.671 1465052
9.672 1031166
9.673 1037882
9.674 538048
9.675 518190
9.676 986570
9.677 730990
9.678 519692
9.679 943990
9.680 943990
9.681 519692
9.682 518190
9.683 943990
9.684 519692
9.685 521356
9.686 1663678
9.687 1028924
9.688 2137302
9.689 1194468
9.690 1716816
9.691 2085418
9.692 2079662
9.693 1439180
9.694 1720822
9.695 1974642
9.696 1036380
9.697 1037882
9.698 1037882
9.699 1860392
9.700 2064028
9.701 1808496
9.702 1504760
9.703 1036380
9.704 1037882
9.705 1037882
9.706 2096374
9.707 1199398
9.708 653748
9.709 1224134
9.710 919326
9.711 529406
9.712 968984
9.713 611222
9.714 545338
9.715 598944
9.716 690012
9.717 816250
9.718 1029150
9.719 518190
9.720 519692
9.721 814748
9.722 817752
9.723 1250764
9.724 1284026
9.725 662714
9.726 518298
9.727 1001536
9.728 931088
9.729 602680
9.730 603916
9.731 1577104
9.732 1563684
9.733 1037882
9.734 1576402
9.735 1498282
9.736 1059380
9.737 1634002
9.738 1462180
9.739 1591422
9.740 1037882
9.741 1036380
9.742 1708594
9.743 1303930
9.744 1036380
9.745 1036380
9.746 1261820
9.747 1367484
9.748 1477366
9.749 1874900
9.750 2705554
9.751 1205836
9.752 518190
9.753 988072
9.754 1071730
9.755 518190
9.756 518190
9.757 1030652
9.758 1369790
9.759 518190
9.760 945492
9.761 1540110
9.762 1237274
9.763 1485234
9.764 964616
9.765 518190
9.766 518190
9.767 1073232
9.768 1384702
9.769 1035482
9.770 668768
9.771 667644
9.772 894354
9.773 696540
9.774 518244
9.775 518190
9.776 520936
9.777 518190
9.778 922034
9.779 774286
9.780 519692
9.781 943990
9.782 1071730
9.783 1010868
9.784 669508
9.785 918856
9.786 519692
9.787 518190
9.788 518190
9.789 519434
9.790 519692
9.791 986570
9.792 938852
9.793 1022176
9.794 900216
9.795 789776
9.796 582214
9.797 943990
9.798 943990
9.799 988072
9.800 1625270
9.801 986570
9.802 518190
9.803 956330
9.804 529028
9.805 605472
9.806 1092350
9.807 990914
9.808 742856
9.809 916222
9.810 595170
9.811 832102
9.812 875594
9.813 1053372
9.814 1036380
9.815 1104618
9.816 1480604
9.817 1506262
9.818 1036380
9.819 1037882
9.820 1037882
9.821 1036380
9.822 1586446
9.823 1468658
9.824 1036380
9.825 1701084
9.826 1737240
9.827 1153618
9.828 1126612
9.829 1533542
9.830 1955526
9.831 1280676
9.832 1037882
9.833 1299416
9.834 535182
9.835 518190
9.836 863444
9.837 600238
9.838 943990
9.839 519750
9.840 624532
9.841 518190
9.842 1413872
9.843 1029150
9.844 1035692
9.845 1458544
9.846 703268
9.847 518190
9.848 518190
9.849 1030652
9.850 1114310
9.851 518190
9.852 1467290
9.853 1071730
9.854 518190
9.855 988072
9.856 518190
9.857 943990
9.858 1544816
9.859 791872
9.860 794844
9.861 1114310
9.862 1499032
9.863 1107848
9.864 1208466
9.865 921618
9.866 764404
9.867 1161288
9.868 608218
9.869 519692
9.870 1030706
9.871 857312
9.872 877410
9.873 969454
9.874 670902
9.875 792780
9.876 986570
9.877 518190
9.878 959064
9.879 547198
9.880 1367270
9.881 955486
9.882 634230
9.883 878218
9.884 415918
9.885 150578
9.886 0
9.887 469936
9.888 51862
9.889 596120
9.890 482600
9.891 1135440
9.892 894180
9.893 0
9.894 501154
9.895 415934
9.896 479536
9.897 931974
9.898 377334
9.899 0
9.900 0
9.901 10946
9.902 468272
9.903 979340
9.904 0
9.905 607790
9.906 925090
9.907 0
9.908 596120
9.909 1064500
9.910 0
9.911 903134
9.912 324360
9.913 1377354
9.914 931344
9.915 0
9.916 936760
9.917 0
9.918 256404
9.919 211976
9.920 510960
9.921 979340
9.922 468380
9.923 592138
9.924 344622
9.925 510960
9.926 0
9.927 468380
9.928 0
9.929 0
9.930 950548
9.931 718468
9.932 598562
9.933 78216
9.934 1282576
9.935 1589920
9.936 257830
9.937 464960
9.938 652958
9.939 553540
9.940 206530
9.941 389590
9.942 0
9.943 0
9.944 345308
9.945 123072
9.946 0
9.947 606688
9.948 628132
9.949 54
9.950 744992
9.951 54
9.952 790968
9.953 705248
9.954 783916
9.955 358988
9.956 237132
9.957 638700
9.958 0
9.959 468380
9.960 96776
9.961 419230
9.962 732024
9.963 625490
9.964 0
9.965 0
9.966 553540
9.967 638700
9.968 468380
9.969 0
9.970 0
9.971 162552
9.972 903192
9.973 425784
9.974 380356
9.975 471260
9.976 106400
9.977 936760
9.978 0
9.979 0
9.980 468380
9.981 54
9.982 468326
9.983 0
9.984 1107080
9.985 989442
9.986 500166
9.987 556280
9.988 669980
9.989 202964
9.990 425800
9.991 510960
9.992 0
9.993 358610
9.994 237510
9.995 148114
9.996 331104
9.997 425800
