# Time(s) BytesReceived
0.000 0
0.001 0
0.002 0
0.003 0
0.004 0
0.005 0
0.006 0
0.007 0
0.008 0
0.009 0
0.010 0
0.011 0
0.012 0
0.013 0
0.014 0
0.015 0
0.016 0
0.017 0
0.018 0
0.019 0
0.020 0
0.021 0
0.022 0
0.023 0
0.024 0
0.025 0
0.026 0
0.027 0
0.028 0
0.029 0
0.030 0
0.031 0
0.032 0
0.033 0
0.034 0
0.035 0
0.036 0
0.037 0
0.038 0
0.039 0
0.040 0
0.041 0
0.042 0
0.043 0
0.044 0
0.045 0
0.046 0
0.047 0
0.048 0
0.049 0
0.050 0
0.051 0
0.052 0
0.053 0
0.054 0
0.055 0
0.056 0
0.057 0
0.058 0
0.059 0
0.060 0
0.061 0
0.062 0
0.063 0
0.064 0
0.065 0
0.066 0
0.067 0
0.068 0
0.069 0
0.070 0
0.071 0
0.072 0
0.073 0
0.074 0
0.075 0
0.076 0
0.077 0
0.078 0
0.079 0
0.080 0
0.081 0
0.082 0
0.083 0
0.084 0
0.085 0
0.086 0
0.087 0
0.088 0
0.089 0
0.090 0
0.091 0
0.092 0
0.093 0
0.094 0
0.095 0
0.096 0
0.097 0
0.098 0
0.099 0
0.100 0
0.101 0
0.102 0
0.103 0
0.104 0
0.105 0
0.106 0
0.107 0
0.108 0
0.109 0
0.110 0
0.111 0
0.112 0
0.113 0
0.114 0
0.115 0
0.116 0
0.117 0
0.118 0
0.119 0
0.120 0
0.121 0
0.122 0
0.123 0
0.124 0
0.125 0
0.126 0
0.127 0
0.128 0
0.129 0
0.130 0
0.131 0
0.132 0
0.133 0
0.134 0
0.135 0
0.136 0
0.137 0
0.138 0
0.139 0
0.140 0
0.141 0
0.142 0
0.143 0
0.144 0
0.145 0
0.146 0
0.147 0
0.148 0
0.149 0
0.150 0
0.151 0
0.152 0
0.153 0
0.154 0
0.155 0
0.156 0
0.157 0
0.158 0
0.159 0
0.160 0
0.161 0
0.162 0
0.163 0
0.164 0
0.165 0
0.166 0
0.167 0
0.168 0
0.169 0
0.170 0
0.171 0
0.172 0
0.173 0
0.174 0
0.175 0
0.176 0
0.177 0
0.178 0
0.179 0
0.180 0
0.181 0
0.182 0
0.183 0
0.184 0
0.185 0
0.186 0
0.187 0
0.188 0
0.189 0
0.190 0
0.191 0
0.192 0
0.193 0
0.194 0
0.195 0
0.196 0
0.197 0
0.198 0
0.199 0
0.200 0
0.201 0
0.202 0
0.203 0
0.204 0
0.205 0
0.206 0
0.207 0
0.208 0
0.209 0
0.210 0
0.211 0
0.212 0
0.213 0
0.214 0
0.215 0
0.216 0
0.217 0
0.218 0
0.219 0
0.220 0
0.221 0
0.222 0
0.223 0
0.224 0
0.225 0
0.226 0
0.227 0
0.228 0
0.229 0
0.230 0
0.231 0
0.232 0
0.233 0
0.234 0
0.235 0
0.236 0
0.237 0
0.238 0
0.239 0
0.240 0
0.241 0
0.242 0
0.243 0
0.244 0
0.245 0
0.246 0
0.247 0
0.248 0
0.249 0
0.250 0
0.251 0
0.252 0
0.253 0
0.254 0
0.255 0
0.256 0
0.257 0
0.258 0
0.259 0
0.260 0
0.261 0
0.262 0
0.263 0
0.264 0
0.265 0
0.266 0
0.267 0
0.268 0
0.269 0
0.270 0
0.271 0
0.272 0
0.273 0
0.274 0
0.275 0
0.276 0
0.277 0
0.278 0
0.279 0
0.280 0
0.281 0
0.282 0
0.283 0
0.284 0
0.285 0
0.286 0
0.287 0
0.288 0
0.289 0
0.290 0
0.291 0
0.292 0
0.293 0
0.294 0
0.295 0
0.296 0
0.297 0
0.298 0
0.299 0
0.300 0
0.301 0
0.302 0
0.303 0
0.304 0
0.305 0
0.306 0
0.307 0
0.308 0
0.309 0
0.310 0
0.311 0
0.312 0
0.313 0
0.314 0
0.315 0
0.316 0
0.317 0
0.318 0
0.319 0
0.320 0
0.321 0
0.322 0
0.323 0
0.324 0
0.325 0
0.326 0
0.327 0
0.328 0
0.329 0
0.330 0
0.331 0
0.332 0
0.333 0
0.334 0
0.335 0
0.336 0
0.337 0
0.338 0
0.339 0
0.340 0
0.341 0
0.342 0
0.343 0
0.344 0
0.345 0
0.346 0
0.347 0
0.348 0
0.349 0
0.350 0
0.351 0
0.352 0
0.353 0
0.354 0
0.355 0
0.356 0
0.357 0
0.358 0
0.359 0
0.360 0
0.361 0
0.362 0
0.363 0
0.364 0
0.365 0
0.366 0
0.367 0
0.368 0
0.369 0
0.370 0
0.371 0
0.372 0
0.373 0
0.374 0
0.375 0
0.376 0
0.377 0
0.378 0
0.379 0
0.380 0
0.381 0
0.382 0
0.383 0
0.384 0
0.385 0
0.386 0
0.387 0
0.388 0
0.389 0
0.390 0
0.391 0
0.392 0
0.393 0
0.394 0
0.395 0
0.396 0
0.397 0
0.398 0
0.399 0
0.400 0
0.401 0
0.402 0
0.403 0
0.404 0
0.405 0
0.406 0
0.407 0
0.408 0
0.409 0
0.410 0
0.411 0
0.412 0
0.413 0
0.414 0
0.415 0
0.416 0
0.417 0
0.418 0
0.419 0
0.420 0
0.421 0
0.422 0
0.423 0
0.424 0
0.425 0
0.426 0
0.427 0
0.428 0
0.429 0
0.430 0
0.431 0
0.432 0
0.433 0
0.434 0
0.435 0
0.436 0
0.437 0
0.438 0
0.439 0
0.440 0
0.441 0
0.442 0
0.443 0
0.444 0
0.445 0
0.446 0
0.447 0
0.448 0
0.449 0
0.450 0
0.451 0
0.452 0
0.453 0
0.454 0
0.455 0
0.456 0
0.457 0
0.458 0
0.459 0
0.460 0
0.461 0
0.462 0
0.463 0
0.464 0
0.465 0
0.466 0
0.467 0
0.468 0
0.469 0
0.470 0
0.471 0
0.472 0
0.473 0
0.474 0
0.475 0
0.476 0
0.477 0
0.478 0
0.479 0
0.480 0
0.481 0
0.482 0
0.483 0
0.484 0
0.485 0
0.486 0
0.487 0
0.488 0
0.489 0
0.490 0
0.491 0
0.492 0
0.493 0
0.494 0
0.495 0
0.496 0
0.497 0
0.498 0
0.499 0
0.500 58
0.501 58
0.502 58
0.503 58
0.504 58
0.505 58
0.506 58
0.507 58
0.508 58
0.509 58
0.510 58
0.511 58
0.512 58
0.513 58
0.514 58
0.515 0
0.516 0
0.517 0
0.518 0
0.519 0
0.520 0
0.521 0
0.522 0
0.523 0
0.524 0
0.525 0
0.526 0
0.527 0
0.528 0
0.529 0
0.530 0
0.531 0
0.532 0
0.533 0
0.534 0
0.535 0
0.536 0
0.537 0
0.538 0
0.539 0
0.540 0
0.541 0
0.542 0
0.543 0
0.544 0
0.545 0
0.546 0
0.547 0
0.548 0
0.549 0
0.550 0
0.551 0
0.552 0
0.553 0
0.554 0
0.555 0
0.556 0
0.557 0
0.558 0
0.559 0
0.560 0
0.561 0
0.562 0
0.563 0
0.564 0
0.565 0
0.566 0
0.567 0
0.568 0
0.569 0
0.570 0
0.571 0
0.572 0
0.573 0
0.574 0
0.575 0
0.576 0
0.577 0
0.578 0
0.579 0
0.580 0
0.581 0
0.582 0
0.583 0
0.584 0
0.585 0
0.586 0
0.587 0
0.588 0
0.589 0
0.590 0
0.591 0
0.592 0
0.593 0
0.594 0
0.595 0
0.596 0
0.597 0
0.598 0
0.599 0
0.600 0
0.601 0
0.602 0
0.603 0
0.604 0
0.605 0
0.606 0
0.607 0
0.608 0
0.609 0
0.610 0
0.611 0
0.612 0
0.613 0
0.614 0
0.615 0
0.616 851600
0.617 553540
0.618 596120
0.619 418852
0.620 928002
0.621 143446
0.622 0
0.623 355968
0.624 154992
0.625 553540
0.626 553540
0.627 824186
0.628 27414
0.629 0
0.630 596120
0.631 553540
0.632 510960
0.633 468380
0.634 0
0.635 0
0.636 0
0.637 57670
0.638 410710
0.639 468380
0.640 468380
0.641 510960
0.642 468380
0.643 555204
0.644 594456
0.645 0
0.646 0
0.647 0
0.648 1107080
0.649 425800
0.650 0
0.651 0
0.652 425800
0.653 510960
0.654 0
0.655 468380
0.656 638700
0.657 468380
0.658 553540
0.659 0
0.660 0
0.661 0
0.662 0
0.663 172038
0.664 466662
0.665 553540
0.666 0
0.667 0
0.668 468380
0.669 0
0.670 785912
0.671 650824
0.672 479526
0.673 468218
0.674 320066
0.675 233474
0.676 0
0.677 0
0.678 0
0.679 290404
0.680 263136
0.681 425800
0.682 425800
0.683 0
0.684 0
0.685 1021920
0.686 386278
0.687 39522
0.688 0
0.689 427356
0.690 41186
0.691 1234658
0.692 60782
0.693 492758
0.694 418382
0.695 475798
0.696 451388
0.697 485372
0.698 979340
0.699 0
0.700 304284
0.701 606710
0.702 68346
0.703 553540
0.704 596120
0.705 672284
0.706 787182
0.707 971938
0.708 804676
0.709 0
0.710 0
0.711 468380
0.712 0
0.713 468380
0.714 468380
0.715 1021920
0.716 553540
0.717 343066
0.718 210474
0.719 209226
0.720 216574
0.721 0
0.722 0
0.723 0
0.724 155716
0.725 823624
0.726 638700
0.727 907390
0.728 114530
0.729 0
0.730 0
0.731 0
0.732 553540
0.733 0
0.734 0
0.735 0
0.736 936760
0.737 0
0.738 553540
0.739 894180
0.740 425800
0.741 425800
0.742 264130
0.743 760902
0.744 82048
0.745 395290
0.746 30510
0.747 1064500
0.748 0
0.749 0
0.750 553540
0.751 894180
0.752 1421300
0.753 69000
0.754 425800
0.755 165868
0.756 345092
0.757 894180
0.758 0
0.759 0
0.760 17170
0.761 493790
0.762 0
0.763 0
0.764 41148
0.765 427232
0.766 0
0.767 894180
0.768 6548
0.769 887632
0.770 0
0.771 0
0.772 468380
0.773 50322
0.774 545798
0.775 0
0.776 0
0.777 1021920
0.778 468380
0.779 0
0.780 936760
0.781 510960
0.782 510960
0.783 0
0.784 83312
0.785 1109090
0.786 936598
0.787 899302
0.788 483454
0.789 224770
0.790 308574
0.791 425800
0.792 638700
0.793 561158
0.794 859618
0.795 495324
0.796 425800
0.797 553540
0.798 425800
0.799 795918
0.800 694382
0.801 468380
0.802 553540
0.803 553540
0.804 0
0.805 0
0.806 0
0.807 0
0.808 0
0.809 553540
0.810 264800
0.811 161000
0.812 638700
0.813 0
0.814 468380
0.815 425800
0.816 1064500
0.817 468380
0.818 0
0.819 0
0.820 425800
0.821 894180
0.822 358194
0.823 280506
0.824 0
0.825 204774
0.826 649938
0.827 82048
0.828 0
0.829 468380
0.830 425800
0.831 0
0.832 510960
0.833 0
0.834 568160
0.835 836980
0.836 425800
0.837 409154
0.838 144386
0.839 342920
0.840 337490
0.841 388650
0.842 38020
0.843 468380
0.844 510960
0.845 508134
0.846 513786
0.847 468380
0.848 979340
0.849 0
0.850 361868
0.851 489732
0.852 0
0.853 468380
0.854 54
0.855 596066
0.856 425800
0.857 425800
0.858 402892
0.859 563962
0.860 279404
0.861 201462
0.862 0
0.863 425800
0.864 629218
0.865 9482
0.866 0
0.867 468380
0.868 0
0.869 1021920
0.870 510960
0.871 1064500
0.872 0
0.873 0
0.874 0
0.875 596120
0.876 0
0.877 468380
0.878 1109338
0.879 1019662
0.880 0
0.881 0
0.882 408808
0.883 1064646
0.884 451982
0.885 246144
0.886 596120
0.887 0
0.888 162
0.889 468218
0.890 92162
0.891 333638
0.892 0
0.893 468380
0.894 0
0.895 0
0.896 0
0.897 0
0.898 425800
0.899 638700
0.900 468380
0.901 425800
0.902 553540
0.903 0
0.904 894180
0.905 0
0.906 149346
0.907 361614
0.908 203418
0.909 775922
0.910 510960
0.911 0
0.912 0
0.913 638700
0.914 0
0.915 0
0.916 324010
0.917 783070
0.918 894180
0.919 0
0.920 0
0.921 0
0.922 1234820
0.923 979340
0.924 777154
0.925 74446
0.926 466408
0.927 1972
0.928 0
0.929 0
0.930 1094594
0.931 1119566
0.932 0
0.933 851600
0.934 553540
0.935 116356
0.936 437184
0.937 0
0.938 468380
0.939 468380
0.940 0
0.941 425800
0.942 0
0.943 596120
0.944 0
0.945 553540
0.946 553540
0.947 425800
0.948 0
0.949 894180
0.950 0
0.951 0
0.952 1064500
0.953 422672
0.954 354082
0.955 202586
0.956 468380
0.957 0
0.958 597676
0.959 41024
0.960 1149660
0.961 0
0.962 0
0.963 0
0.964 0
0.965 686072
0.966 1055764
0.967 878128
0.968 19996
0.969 0
0.970 468380
0.971 0
0.972 425800
0.973 425800
0.974 0
0.975 0
0.976 468380
0.977 1107080
0.978 0
0.979 425800
0.980 553540
0.981 0
0.982 468380
0.983 0
0.984 0
0.985 1064500
0.986 468380
0.987 0
0.988 638700
0.989 0
0.990 0
0.991 894180
0.992 468380
0.993 425800
0.994 0
0.995 425800
0.996 425800
0.997 0
0.998 0
0.999 54
1.000 638646
1.001 0
1.002 0
1.003 0
1.004 0
1.005 510960
1.006 487160
1.007 1088300
1.008 0
1.009 0
1.010 521620
1.011 843366
1.012 764014
1.013 510960
1.014 425800
1.015 0
1.016 783902
1.017 834138
1.018 0
1.019 0
1.020 657140
1.021 237040
1.022 596120
1.023 425800
1.024 0
1.025 0
1.026 553540
1.027 553540
1.028 0
1.029 639278
1.030 893602
1.031 553540
1.032 563600
1.033 1425174
1.034 566026
1.035 596120
1.036 0
1.037 553540
1.038 0
1.039 553540
1.040 1303620
1.041 785912
1.042 82048
1.043 0
1.044 512516
1.045 41024
1.046 542156
1.047 437184
1.048 0
1.049 3598
1.050 464782
1.051 556706
1.052 1189128
1.053 1107026
1.054 468380
1.055 0
1.056 0
1.057 0
1.058 553540
1.059 425800
1.060 0
1.061 894180
1.062 425800
1.063 468380
1.064 0
1.065 553540
1.066 39862
1.067 1067218
1.068 979340
1.069 468380
1.070 162
1.071 553378
1.072 425800
1.073 541016
1.074 995408
1.075 975796
1.076 0
1.077 0
1.078 0
1.079 0
1.080 638700
1.081 0
1.082 98170
1.083 1300022
1.084 6948
1.085 479764
1.086 813650
1.087 914268
1.088 6478
1.089 425800
1.090 510960
1.091 468380
1.092 0
1.093 425800
1.094 596120
1.095 553540
1.096 468380
1.097 894180
1.098 425800
1.099 15614
1.100 452766
1.101 425800
1.102 0
1.103 1192240
1.104 0
1.105 468380
1.106 0
1.107 0
1.108 0
1.109 0
1.110 936760
1.111 596120
1.112 510960
1.113 12610
1.114 881570
1.115 468380
1.116 0
1.117 0
1.118 596120
1.119 510960
1.120 468380
1.121 425800
1.122 0
1.123 0
1.124 0
1.125 0
1.126 0
1.127 553540
1.128 510960
1.129 652218
1.130 284542
1.131 468380
1.132 0
1.133 0
1.134 0
1.135 468380
1.136 0
1.137 468380
1.138 20066
1.139 874114
1.140 425800
1.141 469082
1.142 1148958
1.143 553540
1.144 0
1.145 510960
1.146 425800
1.147 0
1.148 596120
1.149 0
1.150 54
1.151 468326
1.152 467910
1.153 470
1.154 624712
1.155 1121068
1.156 596120
1.157 468380
1.158 596120
1.159 1107080
1.160 468380
1.161 210366
1.162 1420560
1.163 157434
1.164 222236
1.165 246144
1.166 0
1.167 386332
1.168 82048
1.169 0
1.170 0
1.171 0
1.172 553540
1.173 0
1.174 553540
1.175 468380
1.176 468380
1.177 656778
1.178 322562
1.179 0
1.180 0
1.181 0
1.182 304284
1.183 422056
1.184 226996
1.185 664704
1.186 468380
1.187 638700
1.188 425800
1.189 553540
1.190 0
1.191 510960
1.192 468380
1.193 553540
1.194 0
1.195 0
1.196 621870
1.197 839476
1.198 71534
1.199 427356
1.200 41024
1.201 0
1.202 0
1.203 0
1.204 425800
1.205 0
1.206 468380
1.207 0
1.208 1021920
1.209 553540
1.210 553540
1.211 0
1.212 508188
1.213 1124926
1.214 428334
1.215 24972
1.216 0
1.217 0
1.218 0
1.219 468380
1.220 596120
1.221 596120
1.222 553540
1.223 0
1.224 0
1.225 0
1.226 0
1.227 468380
1.228 468380
1.229 777570
1.230 546878
1.231 336172
1.232 340370
1.233 85430
1.234 439372
1.235 313804
1.236 141004
1.237 0
1.238 0
1.239 0
1.240 425800
1.241 851600
1.242 425800
1.243 0
1.244 425800
1.245 1107080
1.246 0
1.247 553540
1.248 510960
1.249 468380
1.250 510960
1.251 468380
1.252 0
1.253 596120
1.254 553540
1.255 596120
1.256 162
1.257 695160
1.258 326598
1.259 510960
1.260 638700
1.261 1064500
1.262 0
1.263 977568
1.264 86932
1.265 0
1.266 468380
1.267 510960
1.268 0
1.269 0
1.270 426416
1.271 510344
1.272 596120
1.273 0
1.274 425800
1.275 596120
1.276 510960
1.277 2096
1.278 1062404
1.279 140750
1.280 327630
1.281 0
1.282 510960
1.283 0
1.284 553540
1.285 0
1.286 638700
1.287 638700
1.288 714324
1.289 861136
1.290 0
1.291 511608
1.292 510312
1.293 553540
1.294 553540
1.295 468542
1.296 468218
1.297 596120
1.298 468380
1.299 0
1.300 596120
1.301 0
1.302 0
1.303 0
1.304 468380
1.305 468380
1.306 0
1.307 510960
1.308 468380
1.309 553540
1.310 0
1.311 553540
1.312 0
1.313 108
1.314 468272
1.315 410456
1.316 483724
1.317 0
1.318 0
1.319 510960
1.320 851600
1.321 0
1.322 904694
1.323 287546
1.324 276832
1.325 234128
1.326 425800
1.327 0
1.328 350322
1.329 75478
1.330 0
1.331 0
1.332 963796
1.333 271024
1.334 162
1.335 894018
1.336 0
1.337 6656
1.338 504304
1.339 1107080
1.340 553540
1.341 0
1.342 596120
1.343 0
1.344 462442
1.345 1453658
1.346 941520
1.347 122980
1.348 210312
1.349 688828
1.350 207940
1.351 0
1.352 0
1.353 0
1.354 267712
1.355 629580
1.356 82048
1.357 512516
1.358 41024
1.359 0
1.360 0
1.361 0
1.362 510960
1.363 468380
1.364 1107080
1.365 510960
1.366 0
1.367 0
1.368 945194
1.369 758006
1.370 0
1.371 638700
1.372 0
1.373 45708
1.374 891052
1.375 977006
1.376 89644
1.377 508810
1.378 0
1.379 468380
1.380 0
1.381 0
1.382 510960
1.383 0
1.384 425800
1.385 0
1.386 468380
1.387 0
1.388 0
1.389 638700
1.390 677244
1.391 302096
1.392 0
1.393 638700
1.394 0
1.395 54
1.396 596066
1.397 0
1.398 479126
1.399 1011336
1.400 638538
1.401 0
1.402 0
1.403 258430
1.404 252530
1.405 0
1.406 134742
1.407 333638
1.408 468380
1.409 0
1.410 425800
1.411 0
1.412 468380
1.413 973894
1.414 564108
1.415 463258
1.416 425800
1.417 0
1.418 468434
1.419 510906
1.420 0
1.421 0
1.422 936760
1.423 0
1.424 491310
1.425 410650
1.426 591452
1.427 82048
1.428 979340
1.429 553540
1.430 425800
1.431 1149660
1.432 0
1.433 510960
1.434 936760
1.435 468380
1.436 553540
1.437 344930
1.438 549250
1.439 0
1.440 1021920
1.441 425800
1.442 397408
1.443 1178052
1.444 553540
1.445 468380
1.446 596120
1.447 468380
1.448 1107080
1.449 0
1.450 596120
1.451 0
1.452 0
1.453 0
1.454 0
1.455 468380
1.456 0
1.457 0
1.458 425800
1.459 0
1.460 510960
1.461 468380
1.462 301880
1.463 123920
1.464 0
1.465 553540
1.466 510960
1.467 756796
1.468 687650
1.469 88434
1.470 7618
1.471 929142
1.472 0
1.473 0
1.474 1021920
1.475 0
1.476 553540
1.477 0
1.478 243464
1.479 766726
1.480 1076230
1.481 0
1.482 0
1.483 425800
1.484 0
1.485 1080114
1.486 452766
1.487 553540
1.488 235322
1.489 616278
1.490 0
1.491 553540
1.492 553540
1.493 425800
1.494 0
1.495 1021920
1.496 321568
1.497 231972
1.498 181212
1.499 287168
1.500 478948
1.501 628132
1.502 0
1.503 335302
1.504 90498
1.505 511014
1.506 936706
1.507 0
1.508 0
1.509 553540
1.510 425800
1.511 0
1.512 1234820
1.513 0
1.514 0
1.515 0
1.516 0
1.517 425800
1.518 425800
1.519 638700
1.520 0
1.521 0
1.522 0
1.523 0
1.524 638700
1.525 553540
1.526 0
1.527 0
1.528 425800
1.529 0
1.530 468380
1.531 220356
1.532 664612
1.533 222112
1.534 0
1.535 0
1.536 553540
1.537 0
1.538 553540
1.539 508988
1.540 896152
1.541 425800
1.542 468380
1.543 510960
1.544 321368
1.545 615392
1.546 0
1.547 0
1.548 468380
1.549 0
1.550 468380
1.551 1064500
1.552 510960
1.553 510960
1.554 596120
1.555 468380
1.556 468380
1.557 1021920
1.558 0
1.559 0
1.560 108
1.561 666098
1.562 458952
1.563 776954
1.564 13988
1.565 468380
1.566 0
1.567 0
1.568 553540
1.569 425800
1.570 553540
1.571 1107080
1.572 894180
1.573 0
1.574 638700
1.575 468380
1.576 936760
1.577 66682
1.578 401698
1.579 1564622
1.580 395306
1.581 169072
1.582 0
1.583 93826
1.584 459714
1.585 0
1.586 0
1.587 0
1.588 553540
1.589 596120
1.590 510960
1.591 0
1.592 0
1.593 1021920
1.594 0
1.595 521128
1.596 458212
1.597 425854
1.598 1021866
1.599 405804
1.600 530956
1.601 0
1.602 0
1.603 0
1.604 553540
1.605 979340
1.606 0
1.607 0
1.608 974980
1.609 828708
1.610 623372
1.611 200830
1.612 863670
1.613 511068
1.614 468272
1.615 0
1.616 553540
1.617 553540
1.618 553540
1.619 850298
1.620 461918
1.621 178084
1.622 425800
1.623 0
1.624 0
1.625 590636
1.626 972338
1.627 438286
1.628 0
1.629 638700
1.630 553540
1.631 468380
1.632 162
1.633 468218
1.634 0
1.635 596120
1.636 425800
1.637 596120
1.638 596120
1.639 638700
1.640 0
1.641 510960
1.642 853156
1.643 41078
1.644 894126
1.645 553540
1.646 425800
1.647 0
1.648 0
1.649 468380
1.650 0
1.651 510960
1.652 0
1.653 468380
1.654 0
1.655 468380
1.656 0
1.657 468380
1.658 565156
1.659 414184
1.660 0
1.661 1060140
1.662 46940
1.663 425800
1.664 0
1.665 468380
1.666 510960
1.667 131738
1.668 751604
1.669 465230
1.670 417966
1.671 64402
1.672 862368
1.673 116972
1.674 18618
1.675 449762
1.676 613328
1.677 837504
1.678 82048
1.679 54
1.680 877388
1.681 214110
1.682 356168
1.683 0
1.684 638700
1.685 0
1.686 0
1.687 468380
1.688 553540
1.689 1107080
1.690 0
1.691 556652
1.692 419776
1.693 398580
1.694 328192
1.695 343282
1.696 82572
1.697 468326
1.698 865318
1.699 71442
1.700 510960
1.701 425800
1.702 596120
1.703 510960
1.704 350376
1.705 543804
1.706 638700
1.707 596120
1.708 468380
1.709 0
1.710 0
1.711 0
1.712 425800
1.713 894180
1.714 638700
1.715 428912
1.716 82048
1.717 0
1.718 425854
1.719 1277346
1.720 0
1.721 553540
1.722 14328
1.723 624372
1.724 0
1.725 324426
1.726 697494
1.727 0
1.728 425800
1.729 304792
1.730 546808
1.731 596120
1.732 0
1.733 553540
1.734 425800
1.735 0
1.736 459460
1.737 519880
1.738 0
1.739 0
1.740 468380
1.741 0
1.742 0
1.743 0
1.744 553540
1.745 846408
1.746 359674
1.747 241638
1.748 0
1.749 0
1.750 0
1.751 0
1.752 491018
1.753 950224
1.754 6478
1.755 405118
1.756 148422
1.757 467910
1.758 801710
1.759 125238
1.760 563822
1.761 0
1.762 0
1.763 596120
1.764 0
1.765 553540
1.766 468380
1.767 553540
1.768 553540
1.769 425800
1.770 0
1.771 0
1.772 1064500
1.773 468380
1.774 468380
1.775 972862
1.776 6478
1.777 596120
1.778 553540
1.779 510960
1.780 1058022
1.781 6478
1.782 876718
1.783 325128
1.784 409770
1.785 49004
1.786 561158
1.787 77542
1.788 468380
1.789 0
1.790 0
1.791 348966
1.792 119414
1.793 0
1.794 894180
1.795 0
1.796 510960
1.797 851600
1.798 596120
1.799 386332
1.800 82048
1.801 21568
1.802 378228
1.803 26004
1.804 851600
1.805 0
1.806 0
1.807 553540
1.808 0
1.809 1491110
1.810 637890
1.811 553540
1.812 0
1.813 0
1.814 425800
1.815 0
1.816 0
1.817 468380
1.818 0
1.819 468380
1.820 510960
1.821 638700
1.822 54
1.823 1514424
1.824 18402
1.825 1664
1.826 627554
1.827 563022
1.828 1067742
1.829 39338
1.830 567728
1.831 70972
1.832 0
1.833 425800
1.834 777300
1.835 1053640
1.836 596120
1.837 805492
1.838 259008
1.839 425800
1.840 468380
1.841 0
1.842 468380
1.843 553540
1.844 468380
1.845 468380
1.846 425800
1.847 553540
1.848 425800
1.849 936760
1.850 0
1.851 638700
1.852 208340
1.853 260040
1.854 0
1.855 0
1.856 0
1.857 894180
1.858 425800
1.859 339338
1.860 86462
1.861 255318
1.862 172578
1.863 466284
1.864 0
1.865 737016
1.866 718484
1.867 205120
1.868 0
1.869 553540
1.870 1014086
1.871 357810
1.872 843820
1.873 44730
1.874 549834
1.875 553540
1.876 0
1.877 468380
1.878 0
1.879 0
1.880 468380
1.881 0
1.882 851600
1.883 267388
1.884 200992
1.885 529578
1.886 449762
1.887 510960
1.888 510960
1.889 638700
1.890 0
1.891 1021920
1.892 668902
1.893 395598
1.894 225348
1.895 426524
1.896 455208
1.897 979340
1.898 0
1.899 54
1.900 553486
1.901 468380
1.902 345962
1.903 122418
1.904 596120
1.905 0
1.906 510960
1.907 553540
1.908 936760
1.909 553540
1.910 470082
1.911 83458
1.912 425800
1.913 0
1.914 0
1.915 0
1.916 425800
1.917 468380
1.918 596120
1.919 553540
1.920 0
1.921 0
1.922 790364
1.923 188976
1.924 0
1.925 553540
1.926 1064500
1.927 638700
1.928 0
1.929 425800
1.930 425800
1.931 173956
1.932 422164
1.933 458898
1.934 9482
1.935 468380
1.936 834862
1.937 612912
1.938 936706
1.939 0
1.940 468380
1.941 638700
1.942 553540
1.943 425800
1.944 0
1.945 851600
1.946 510960
1.947 0
1.948 0
1.949 510960
1.950 553540
1.951 510960
1.952 979340
1.953 491580
1.954 530340
1.955 468380
1.956 425800
1.957 523122
1.958 492536
1.959 687542
1.960 0
1.961 510960
1.962 1192240
1.963 0
1.964 468380
1.965 553540
1.966 0
1.967 468380
1.968 425800
1.969 478732
1.970 300156
1.971 328192
1.972 5100
1.973 463280
1.974 638700
1.975 553540
1.976 0
1.977 464906
1.978 434866
1.979 590528
1.980 0
1.981 0
1.982 0
1.983 553540
1.984 99942
1.985 538758
1.986 0
1.987 468380
1.988 638230
1.989 401914
1.990 705636
1.991 54
1.992 558694
1.993 1016712
1.994 596120
1.995 553540
1.996 632762
1.997 431738
1.998 553540
1.999 0
2.000 425800
2.001 143230
2.002 1158256
2.003 444294
2.004 1084080
2.005 23000
2.006 468380
2.007 0
2.008 0
2.009 420824
2.010 4976
2.011 0
2.012 553540
2.013 468380
2.014 638700
2.015 152404
2.016 401136
2.017 0
2.018 596120
2.019 661338
2.020 682998
2.021 231124
2.022 510960
2.023 0
2.024 921832
2.025 247408
2.026 321060
2.027 151318
2.028 359642
2.029 0
2.030 468434
2.031 425746
2.032 0
2.033 894180
2.034 1370178
2.035 418182
2.036 636798
2.037 853502
2.038 460940
2.039 433240
2.040 0
2.041 553540
2.042 0
2.043 1016728
2.044 558732
2.045 553540
2.046 0
2.047 0
2.048 510960
2.049 0
2.050 468380
2.051 553540
2.052 936760
2.053 0
2.054 425800
2.055 0
2.056 596120
2.057 468380
2.058 0
2.059 425800
2.060 0
2.061 0
2.062 0
2.063 1064500
2.064 468380
2.065 0
2.066 468380
2.067 468380
2.068 425800
2.069 622410
2.070 569830
2.071 600864
2.072 37836
2.073 263260
2.074 205120
2.075 430360
2.076 104810
2.077 486750
2.078 0
2.079 402800
2.080 40170
2.081 493790
2.082 468380
2.083 0
2.084 0
2.085 0
2.086 0
2.087 1064500
2.088 1021920
2.089 0
2.090 468380
2.091 0
2.092 1107080
2.093 468542
2.094 1234658
2.095 638700
2.096 638700
2.097 553540
2.098 421856
2.099 514904
2.100 1021920
2.101 504682
2.102 354228
2.103 205590
2.104 197356
2.105 271024
2.106 0
2.107 936760
2.108 596120
2.109 0
2.110 425800
2.111 510960
2.112 1003426
2.113 18494
2.114 0
2.115 0
2.116 428912
2.117 678168
2.118 427356
2.119 216428
2.120 931676
2.121 0
2.122 468380
2.123 638700
2.124 107760
2.125 403200
2.126 0
2.127 0
2.128 425800
2.129 468380
2.130 425800
2.131 0
2.132 1234820
2.133 360166
2.134 278534
2.135 0
2.136 425800
2.137 596120
2.138 596120
2.139 936760
2.140 468380
2.141 510976
2.142 383204
2.143 878420
2.144 100920
2.145 0
2.146 468380
2.147 0
2.148 1064500
2.149 0
2.150 510960
2.151 1064500
2.152 510960
2.153 468380
2.154 241330
2.155 184524
2.156 553486
2.157 0
2.158 468380
2.159 895828
2.160 637052
2.161 638700
2.162 1021920
2.163 629218
2.164 9482
2.165 0
2.166 0
2.167 638700
2.168 369070
2.169 184470
2.170 425800
2.171 20228
2.172 533312
2.173 601328
2.174 588140
2.175 556312
2.176 0
2.177 0
2.178 215850
2.179 252530
2.180 498258
2.181 140442
2.182 0
2.183 0
2.184 468380
2.185 468380
2.186 894180
2.187 468380
2.188 1107080
2.189 0
2.190 0
2.191 0
2.192 0
2.193 510960
2.194 0
2.195 0
2.196 0
2.197 1021920
2.198 0
2.199 0
2.200 0
2.201 468380
2.202 979340
2.203 0
2.204 596120
2.205 510960
2.206 510960
2.207 425800
2.208 0
2.209 638700
2.210 377828
2.211 558932
2.212 425800
2.213 0
2.214 0
2.215 894180
2.216 1021920
2.217 553540
2.218 0
2.219 54
2.220 430360
2.221 421186
2.222 0
2.223 638700
2.224 0
2.225 1064608
2.226 1362452
2.227 0
2.228 0
2.229 554242
2.230 552838
2.231 0
2.232 181250
2.233 695468
2.234 571002
2.235 936760
2.236 468380
2.237 1149660
2.238 0
2.239 979340
2.240 553540
2.241 0
2.242 1064500
2.243 425800
2.244 0
2.245 425800
2.246 979340
2.247 427356
2.248 584120
2.249 436244
2.250 553540
2.251 468380
2.252 234036
2.253 362084
2.254 894180
2.255 638700
2.256 0
2.257 468380
2.258 867074
2.259 342282
2.260 451264
2.261 555096
2.262 43066
2.263 423758
2.264 0
2.265 0
2.266 0
2.267 0
2.268 0
2.269 1277400
2.270 596120
2.271 468380
2.272 425800
2.273 102730
2.274 876610
2.275 959490
2.276 530810
2.277 0
2.278 468380
2.279 468380
2.280 425800
2.281 510960
2.282 507178
2.283 599902
2.284 0
2.285 638700
2.286 510960
2.287 1089180
2.288 1260230
2.289 716404
2.290 936706
2.291 468380
2.292 390460
2.293 77920
2.294 0
2.295 553540
2.296 468380
2.297 553540
2.298 601274
2.299 1059346
2.300 0
2.301 1007246
2.302 610794
2.303 0
2.304 468380
2.305 468380
2.306 0
2.307 638700
2.308 553540
2.309 0
2.310 468380
2.311 596120
2.312 468380
2.313 152712
2.314 741468
2.315 553540
2.316 0
2.317 979340
2.318 851600
2.319 425800
2.320 490170
2.321 419354
2.322 793676
2.323 0
2.324 384776
2.325 41024
2.326 425800
2.327 0
2.328 0
2.329 553540
2.330 114692
2.331 864648
2.332 596120
2.333 0
2.334 468380
2.335 0
2.336 0
2.337 553540
2.338 468380
2.339 0
2.340 0
2.341 425800
2.342 979340
2.343 1130820
2.344 914576
2.345 41024
2.346 210258
2.347 1237570
2.348 1149552
2.349 748416
2.350 741884
2.351 622356
2.352 527304
2.353 0
2.354 110294
2.355 400666
2.356 297428
2.357 269122
2.358 881170
2.359 255934
2.360 212446
2.361 0
2.362 0
2.363 1064608
2.364 425692
2.365 319504
2.366 245198
2.367 499798
2.368 162
2.369 972700
2.370 304538
2.371 0
2.372 0
2.373 0
2.374 0
2.375 0
2.376 220680
2.377 205120
2.378 428912
2.379 82048
2.380 469936
2.381 41024
2.382 0
2.383 425800
2.384 638700
2.385 510960
2.386 920438
2.387 101482
2.388 0
2.389 9714
2.390 543826
2.391 0
2.392 553540
2.393 936760
2.394 468380
2.395 596120
2.396 0
2.397 0
2.398 0
2.399 638700
2.400 0
2.401 0
2.402 0
2.403 425800
2.404 872774
2.405 21406
2.406 0
2.407 596120
2.408 553540
2.409 0
2.410 510960
2.411 468380
2.412 3544
2.413 890636
2.414 0
2.415 0
2.416 553540
2.417 289556
2.418 732364
2.419 171768
2.420 254032
2.421 510960
2.422 0
2.423 0
2.424 0
2.425 468380
2.426 1105810
2.427 980610
2.428 638700
2.429 933934
2.430 513786
2.431 425800
2.432 0
2.433 510960
2.434 468380
2.435 510960
2.436 925776
2.437 11038
2.438 932962
2.439 642552
2.440 894072
2.441 553540
2.442 0
2.443 0
2.444 0
2.445 553540
2.446 936760
2.447 468380
2.448 553540
2.449 851600
2.450 0
2.451 0
2.452 429258
2.453 391902
2.454 456240
2.455 468434
2.456 425746
2.457 0
2.458 425800
2.459 468380
2.460 553540
2.461 553540
2.462 482492
2.463 454268
2.464 0
2.465 746390
2.466 786490
2.467 239628
2.468 399072
2.469 266318
2.470 244642
2.471 425800
2.472 427356
2.473 637144
2.474 0
2.475 0
2.476 468380
2.477 581624
2.478 823516
2.479 475820
2.480 162880
2.481 60620
2.482 365180
2.483 549704
2.484 88996
2.485 0
2.486 0
2.487 638700
2.488 596120
2.489 146234
2.490 747946
2.491 510960
2.492 1107080
2.493 553540
2.494 468380
2.495 638700
2.496 510960
2.497 425800
2.498 553540
2.499 0
2.500 369070
2.501 474026
2.502 860104
2.503 1021920
2.504 425800
2.505 553540
2.506 0
2.507 0
2.508 1107080
2.509 510960
2.510 553540
2.511 468380
2.512 0
2.513 0
2.514 0
2.515 0
2.516 54
2.517 553486
2.518 0
2.519 1064500
2.520 638700
2.521 211398
2.522 381210
2.523 344152
2.524 453090
2.525 1036794
2.526 42996
2.527 0
2.528 0
2.529 93772
2.530 565556
2.531 1043872
2.532 1021920
2.533 0
2.534 89212
2.535 847548
2.536 0
2.537 995446
2.538 26474
2.539 0
2.540 0
2.541 26074
2.542 399726
2.543 0
2.544 553540
2.545 468380
2.546 510960
2.547 0
2.548 0
2.549 936760
2.550 0
2.551 824802
2.552 617472
2.553 55606
2.554 1014340
2.555 765354
2.556 724946
2.557 0
2.558 0
2.559 425800
2.560 0
2.561 638700
2.562 336334
2.563 557846
2.564 0
2.565 553540
2.566 0
2.567 271948
2.568 239012
2.569 1192240
2.570 1035638
2.571 396792
2.572 696570
2.573 1149660
2.574 108
2.575 1619504
2.576 424228
2.577 0
2.578 0
2.579 425800
2.580 510960
2.581 0
2.582 772048
2.583 420192
2.584 0
2.585 553540
2.586 510960
2.587 468380
2.588 0
2.589 553540
2.590 468380
2.591 596174
2.592 1107026
2.593 0
2.594 638700
2.595 425962
2.596 425638
2.597 510960
2.598 0
2.599 468380
2.600 1107080
2.601 596120
2.602 0
2.603 553540
2.604 0
2.605 510960
2.606 510960
2.607 553540
2.608 510960
2.609 0
2.610 0
2.611 0
2.612 596174
2.613 515536
2.614 463750
2.615 596120
2.616 0
2.617 0
2.618 489246
2.619 149454
2.620 0
2.621 306980
2.622 289140
2.623 412428
2.624 56600
2.625 781952
2.626 367060
2.627 276778
2.628 663094
2.629 82048
2.630 425800
2.631 512516
2.632 551984
2.633 468380
2.634 468380
2.635 829940
2.636 191980
2.637 0
2.638 0
2.639 0
2.640 553540
2.641 512694
2.642 551806
2.643 553540
2.644 216
2.645 425584
2.646 0
2.647 0
2.648 0
2.649 1021920
2.650 0
2.651 0
2.652 0
2.653 1021920
2.654 564232
2.655 500268
2.656 638700
2.657 0
2.658 750896
2.659 739404
2.660 1660912
2.661 84868
2.662 381048
2.663 215072
2.664 510960
2.665 553540
2.666 425800
2.667 0
2.668 553540
2.669 425800
2.670 0
2.671 582094
2.672 354666
2.673 0
2.674 0
2.675 0
2.676 283602
2.677 312518
2.678 0
2.679 341942
2.680 211598
2.681 469936
2.682 740436
2.683 833468
2.684 536548
2.685 570532
2.686 425800
2.687 83258
2.688 427702
2.689 1192240
2.690 425800
2.691 0
2.692 0
2.693 468380
2.694 510960
2.695 510960
2.696 0
2.697 453976
2.698 56984
2.699 0
2.700 0
2.701 687050
2.702 547770
2.703 468380
2.704 0
2.705 0
2.706 419376
2.707 517384
2.708 425800
2.709 0
2.710 468380
2.711 0
2.712 468380
2.713 596120
2.714 0
2.715 1107080
2.716 0
2.717 553540
2.718 425800
2.719 1005960
2.720 15960
2.721 510960
2.722 0
2.723 0
2.724 108
2.725 468272
2.726 894180
2.727 8158
2.728 928602
2.729 0
2.730 0
2.731 936760
2.732 0
2.733 0
2.734 0
2.735 596120
2.736 596120
2.737 0
2.738 553540
2.739 553540
2.740 553540
2.741 425800
2.742 510960
2.743 54
2.744 425746
2.745 379168
2.746 268776
2.747 428264
2.748 584412
2.749 0
2.750 425800
2.751 0
2.752 468380
2.753 0
2.754 468380
2.755 946474
2.756 543826
2.757 1149660
2.758 638700
2.759 425800
2.760 0
2.761 0
2.762 510960
2.763 0
2.764 1116270
2.765 501770
2.766 425800
2.767 0
2.768 468380
2.769 0
2.770 0
2.771 638700
2.772 468380
2.773 0
2.774 553540
2.775 425800
2.776 468380
2.777 651294
2.778 370626
2.779 465500
2.780 471260
2.781 425800
2.782 0
2.783 468380
2.784 596120
2.785 468380
2.786 468380
2.787 0
2.788 0
2.789 0
2.790 979340
2.791 0
2.792 0
2.793 553540
2.794 425800
2.795 0
2.796 0
2.797 427918
2.798 40462
2.799 596120
2.800 501208
2.801 397224
2.802 722720
2.803 82048
2.804 596120
2.805 1652316
2.806 259132
2.807 260132
2.808 0
2.809 471492
2.810 82048
2.811 0
2.812 638700
2.813 406420
2.814 61960
2.815 62338
2.816 533782
2.817 0
2.818 0
2.819 0
2.820 0
2.821 0
2.822 0
2.823 0
2.824 0
2.825 784626
2.826 407614
2.827 0
2.828 0
2.829 443932
2.830 67028
2.831 384776
2.832 427356
2.833 507848
2.834 0
2.835 0
2.836 573536
2.837 831604
2.838 510960
2.839 1610
2.840 855366
2.841 480828
2.842 195076
2.843 338776
2.844 296612
2.845 429112
2.846 304284
2.847 164096
2.848 0
2.849 510960
2.850 468380
2.851 425800
2.852 0
2.853 510960
2.854 468380
2.855 425800
2.856 0
2.857 638700
2.858 553540
2.859 894180
2.860 1166776
2.861 877064
2.862 553540
2.863 0
2.864 1064500
2.865 0
2.866 0
2.867 0
2.868 553540
2.869 382804
2.870 429836
2.871 507340
2.872 0
2.873 1149660
2.874 451550
2.875 144570
2.876 553540
2.877 425800
2.878 0
2.879 1107080
2.880 0
2.881 1149660
2.882 0
2.883 425800
2.884 0
2.885 170898
2.886 936182
2.887 1021920
2.888 0
2.889 0
2.890 0
2.891 0
2.892 414038
2.893 693042
2.894 0
2.895 65126
2.896 700012
2.897 86462
2.898 0
2.899 638700
2.900 638700
2.901 553540
2.902 0
2.903 425800
2.904 425800
2.905 0
2.906 425800
2.907 0
2.908 425800
2.909 894234
2.910 1107026
2.911 425800
2.912 0
2.913 553540
2.914 265270
2.915 160530
2.916 1192240
2.917 596120
2.918 0
2.919 596120
2.920 0
2.921 1064500
2.922 894180
2.923 0
2.924 468380
2.925 553540
2.926 638700
2.927 499122
2.928 522798
2.929 468380
2.930 553540
2.931 670204
2.932 309136
2.933 1234820
2.934 425800
2.935 638700
2.936 497728
2.937 1077732
2.938 510960
2.939 0
2.940 425800
2.941 358394
2.942 620946
2.943 425800
2.944 638700
2.945 433580
2.946 205120
2.947 0
2.948 0
2.949 510960
2.950 468380
2.951 425800
2.952 638700
2.953 425800
2.954 851600
2.955 1107080
2.956 553540
2.957 0
2.958 468488
2.959 979232
2.960 530070
2.961 477862
2.962 13988
2.963 425800
2.964 524132
2.965 455208
2.966 894180
2.967 596120
2.968 1362560
2.969 894180
2.970 468380
2.971 115324
2.972 906596
2.973 0
2.974 425800
2.975 0
2.976 0
2.977 449762
2.978 146358
2.979 0
2.980 267512
2.981 882148
2.982 468380
2.983 0
2.984 0
2.985 0
2.986 0
2.987 1107080
2.988 0
2.989 638700
2.990 510960
2.991 15722
2.992 980302
2.993 996154
2.994 179402
2.995 181212
2.996 287168
2.997 343752
2.998 82048
2.999 0
3.000 468434
3.001 510906
3.002 0
3.003 0
3.004 596120
3.005 0
3.006 0
3.007 979340
3.008 553540
3.009 894180
3.010 468380
3.011 0
3.012 0
3.013 468380
3.014 0
3.015 0
3.016 575108
3.017 404232
3.018 0
3.019 0
3.020 553540
3.021 620692
3.022 589572
3.023 705836
3.024 0
3.025 0
3.026 0
3.027 553540
3.028 0
3.029 0
3.030 0
3.031 0
3.032 468380
3.033 125206
3.034 939294
3.035 0
3.036 231086
3.037 407614
3.038 0
3.039 596120
3.040 0
3.041 986634
3.042 120446
3.043 1021920
3.044 1021920
3.045 468380
3.046 0
3.047 425800
3.048 638700
3.049 0
3.050 0
3.051 0
3.052 428480
3.053 618088
3.054 17932
3.055 0
3.056 0
3.057 638700
3.058 0
3.059 605672
3.060 446990
3.061 522798
3.062 596120
3.063 0
3.064 0
3.065 0
3.066 638700
3.067 425800
3.068 0
3.069 596120
3.070 1064500
3.071 0
3.072 468380
3.073 0
3.074 1002956
3.075 487344
3.076 0
3.077 553540
3.078 936760
3.079 0
3.080 894180
3.081 0
3.082 510960
3.083 651364
3.084 498296
3.085 0
3.086 3598
3.087 677628
3.088 766494
3.089 468380
3.090 569262
3.091 537818
3.092 510960
3.093 425800
3.094 1583316
3.095 119884
3.096 425800
3.097 276038
3.098 592516
3.099 323686
3.100 934788
3.101 1534852
3.102 553540
3.103 0
3.104 468380
3.105 141890
3.106 965190
3.107 974364
3.108 430776
3.109 409840
3.110 15960
3.111 0
3.112 0
3.113 1064500
3.114 0
3.115 0
3.116 0
3.117 468380
3.118 0
3.119 0
3.120 0
3.121 0
3.122 0
3.123 0
3.124 0
3.125 553540
3.126 468380
3.127 54
3.128 596066
3.129 596120
3.130 510960
3.131 638700
3.132 468380
3.133 83204
3.134 896136
3.135 638700
3.136 0
3.137 0
3.138 553540
3.139 1090088
3.140 16992
3.141 0
3.142 344314
3.143 357886
3.144 191980
3.145 0
3.146 921832
3.147 395960
3.148 129928
3.149 0
3.150 6602
3.151 1100478
3.152 0
3.153 468380
3.154 425800
3.155 548564
3.156 309260
3.157 164096
3.158 386332
3.159 426454
3.160 234630
3.161 1422224
3.162 0
3.163 384776
3.164 468380
3.165 41024
3.166 469936
3.167 41024
3.168 468380
3.169 553540
3.170 468380
3.171 0
3.172 1066812
3.173 778856
3.174 496232
3.175 0
3.176 0
3.177 0
3.178 0
3.179 0
3.180 0
3.181 468380
3.182 425800
3.183 553540
3.184 468380
3.185 425800
3.186 0
3.187 0
3.188 425800
3.189 0
3.190 471492
3.191 1444608
3.192 420500
3.193 362894
3.194 662608
3.195 129458
3.196 468380
3.197 0
3.198 0
3.199 0
3.200 669372
3.201 395128
3.202 596120
3.203 553540
3.204 0
3.205 501008
3.206 435752
3.207 425800
3.208 0
3.209 0
3.210 425800
3.211 0
3.212 373722
3.213 374602
3.214 330504
3.215 624372
3.216 0
3.217 425800
3.218 425800
3.219 596120
3.220 1664
3.221 1062836
3.222 468380
3.223 0
3.224 553540
3.225 894180
3.226 553540
3.227 0
3.228 0
3.229 468380
3.230 638700
3.231 638700
3.232 0
3.233 0
3.234 638700
3.235 553540
3.236 0
3.237 425800
3.238 0
3.239 468380
3.240 0
3.241 0
3.242 242632
3.243 441722
3.244 422726
3.245 0
3.246 469936
3.247 553540
3.248 41024
3.249 221712
3.250 204088
3.251 553594
3.252 596066
3.253 0
3.254 553540
3.255 425800
3.256 468380
3.257 0
3.258 425800
3.259 596120
3.260 468380
3.261 553540
3.262 468974
3.263 467786
3.264 553540
3.265 0
3.266 0
3.267 0
3.268 0
3.269 468380
3.270 936760
3.271 348350
3.272 716150
3.273 718322
3.274 303598
3.275 425854
3.276 561806
3.277 1056180
3.278 0
3.279 0
3.280 0
3.281 1405140
3.282 356114
3.283 197426
3.284 0
3.285 0
3.286 199236
3.287 269144
3.288 488014
3.289 65526
3.290 0
3.291 374408
3.292 115702
3.293 531810
3.294 134488
3.295 780050
3.296 192542
3.297 0
3.298 425800
3.299 468380
3.300 468380
3.301 77142
3.302 817038
3.303 638700
3.304 0
3.305 0
3.306 410202
3.307 228498
3.308 88288
3.309 442252
3.310 409332
3.311 678168
3.312 304284
3.313 164096
3.314 429474
3.315 720186
3.316 955016
3.317 535446
3.318 638538
3.319 638700
3.320 0
3.321 425800
3.322 468380
3.323 0
3.324 0
3.325 48766
3.326 504774
3.327 290496
3.328 263044
3.329 638700
3.330 0
3.331 0
3.332 0
3.333 596120
3.334 468380
3.335 0
3.336 323286
3.337 380994
3.338 275060
3.339 0
3.340 0
3.341 0
3.342 468380
3.343 57778
3.344 495762
3.345 0
3.346 0
3.347 0
3.348 468380
3.349 0
3.350 483600
3.351 623480
3.352 162
3.353 553378
3.354 0
3.355 0
3.356 468380
3.357 0
3.358 0
3.359 425800
3.360 596120
3.361 0
3.362 425800
3.363 0
3.364 832998
3.365 779104
3.366 431738
3.367 553540
3.368 0
3.369 936760
3.370 468380
3.371 0
3.372 69686
3.373 867074
3.374 364456
3.375 572304
3.376 468380
3.377 425800
3.378 1149660
3.379 425800
3.380 0
3.381 0
3.382 468380
3.383 979340
3.384 638700
3.385 553540
3.386 0
3.387 0
3.388 385122
3.389 275038
3.390 319180
3.391 0
3.392 0
3.393 416372
3.394 52062
3.395 638646
3.396 468380
3.397 0
3.398 553540
3.399 233312
3.400 235068
3.401 0
3.402 510960
3.403 596120
3.404 425800
3.405 468380
3.406 638700
3.407 0
3.408 468380
3.409 510960
3.410 0
3.411 468380
3.412 0
3.413 0
3.414 572720
3.415 449200
3.416 447914
3.417 96106
3.418 861120
3.419 425800
3.420 54
3.421 553486
3.422 928310
3.423 561990
3.424 0
3.425 553540
3.426 425800
3.427 0
3.428 0
3.429 0
3.430 425800
3.431 638700
3.432 0
3.433 0
3.434 0
3.435 232372
3.436 906012
3.437 1034752
3.438 548510
3.439 3474
3.440 461486
3.441 838914
3.442 275060
3.443 596120
3.444 425800
3.445 0
3.446 553594
3.447 1020510
3.448 591122
3.449 474734
3.450 0
3.451 553594
3.452 468326
3.453 425800
3.454 0
3.455 0
3.456 785280
3.457 662494
3.458 510906
3.459 18726
3.460 1003194
3.461 65396
3.462 622016
3.463 462248
3.464 0
3.465 0
3.466 638700
3.467 0
3.468 425800
3.469 0
3.470 510960
3.471 0
3.472 1064500
3.473 510960
3.474 495594
3.475 1015042
3.476 1257064
3.477 1021920
3.478 314982
3.479 158066
3.480 1443036
3.481 212916
3.482 391924
3.483 587054
3.484 85522
3.485 54
3.486 894126
3.487 894180
3.488 0
3.489 1021920
3.490 12826
3.491 1094254
3.492 205752
3.493 688428
3.494 475766
3.495 362278
3.496 873844
3.497 491396
3.498 480812
3.499 41024
3.500 510960
3.501 180218
3.502 249180
3.503 631066
3.504 453360
3.505 731046
3.506 522830
3.507 0
3.508 0
3.509 284072
3.510 312048
3.511 468380
3.512 759800
3.513 176960
3.514 596120
3.515 596120
3.516 266972
3.517 243988
3.518 102676
3.519 876664
3.520 12610
3.521 455770
3.522 571272
3.523 956632
3.524 4976
3.525 108
3.526 468272
3.527 596120
3.528 638700
3.529 510960
3.530 0
3.531 638700
3.532 553540
3.533 313858
3.534 793222
3.535 553540
3.536 425800
3.537 468380
3.538 0
3.539 553540
3.540 0
3.541 638700
3.542 0
3.543 496988
3.544 397192
3.545 0
3.546 510960
3.547 903478
3.548 1140362
3.549 0
3.550 1095696
3.551 948144
3.552 455894
3.553 12486
3.554 0
3.555 0
3.556 638700
3.557 596120
3.558 468380
3.559 510960
3.560 0
3.561 425800
3.562 941774
3.563 250466
3.564 225348
3.565 328192
3.566 0
3.567 0
3.568 596120
3.569 468380
3.570 425800
3.571 425800
3.572 0
3.573 553540
3.574 1107080
3.575 1211766
3.576 278534
3.577 425908
3.578 1149552
3.579 0
3.580 0
3.581 553540
3.582 99780
3.583 411180
3.584 0
3.585 0
3.586 434958
3.587 58102
3.588 1039820
3.589 425800
3.590 0
3.591 894180
3.592 1107080
3.593 470476
3.594 466284
3.595 0
3.596 128372
3.597 425168
3.598 979340
3.599 158774
3.600 863146
3.601 557160
3.602 38960
3.603 451388
3.604 573644
3.605 264854
3.606 753954
3.607 468434
3.608 553486
3.609 596174
3.610 1021866
3.611 1149660
3.612 468380
3.613 468380
3.614 468380
3.615 851600
3.616 510960
3.617 553540
3.618 13680
3.619 497280
3.620 0
3.621 597676
3.622 1361004
3.623 425800
3.624 0
3.625 0
3.626 894180
3.627 0
3.628 553540
3.629 0
3.630 468380
3.631 29294
3.632 566826
3.633 463550
3.634 600950
3.635 425800
3.636 979340
3.637 596120
3.638 425800
3.639 0
3.640 861952
3.641 628348
3.642 510960
3.643 0
3.644 851600
3.645 800948
3.646 1063906
3.647 136406
3.648 0
3.649 0
3.650 553540
3.651 521544
3.652 877118
3.653 1113558
3.654 553540
3.655 468380
3.656 0
3.657 468542
3.658 468218
3.659 0
3.660 850514
3.661 256566
3.662 936760
3.663 20066
3.664 523646
3.665 709548
3.666 237040
3.667 947944
3.668 73976
3.669 851600
3.670 511014
3.671 425746
3.672 483454
3.673 538466
3.674 468380
3.675 1192240
3.676 0
3.677 468380
3.678 553540
3.679 425800
3.680 468380
3.681 0
3.682 425854
3.683 468326
3.684 425800
3.685 555744
3.686 551336
3.687 510960
3.688 0
3.689 638700
3.690 425800
3.691 425800
3.692 1021920
3.693 0
3.694 98224
3.695 370156
3.696 553540
3.697 936760
3.698 0
3.699 0
3.700 0
3.701 0
3.702 0
3.703 638700
3.704 936760
3.705 0
3.706 852470
3.707 722990
3.708 468380
3.709 979340
3.710 596120
3.711 468380
3.712 0
3.713 0
3.714 894180
3.715 0
3.716 0
3.717 425800
3.718 968194
3.719 181466
3.720 425800
3.721 0
3.722 54
3.723 936706
3.724 638700
3.725 553540
3.726 0
3.727 116410
3.728 905510
3.729 596120
3.730 468380
3.731 0
3.732 1003626
3.733 103454
3.734 191202
3.735 234598
3.736 427356
3.737 41024
3.738 0
3.739 427356
3.740 41024
3.741 468920
3.742 893640
3.743 510960
3.744 0
3.745 468380
3.746 468380
3.747 0
3.748 0
3.749 468380
3.750 425854
3.751 553486
3.752 0
3.753 430090
3.754 659598
3.755 443192
3.756 446882
3.757 21498
3.758 386332
3.759 635588
3.760 162
3.761 553378
3.762 468380
3.763 0
3.764 0
3.765 0
3.766 553540
3.767 936760
3.768 0
3.769 947436
3.770 585444
3.771 839460
3.772 139880
3.773 342866
3.774 597006
3.775 594564
3.776 41024
3.777 468380
3.778 638700
3.779 468380
3.780 638700
3.781 1037480
3.782 410240
3.783 0
3.784 136352
3.785 417188
3.786 425800
3.787 0
3.788 0
3.789 638700
3.790 0
3.791 0
3.792 630898
3.793 1157462
3.794 425800
3.795 0
3.796 553540
3.797 979340
3.798 0
3.799 553540
3.800 425800
3.801 0
3.802 1125752
3.803 492288
3.804 553540
3.805 0
3.806 0
3.807 557084
3.808 422256
3.809 468380
3.810 0
3.811 936760
3.812 0
3.813 425800
3.814 363624
3.815 412152
3.816 246144
3.817 0
3.818 343752
3.819 82048
3.820 1107080
3.821 66682
3.822 401698
3.823 979340
3.824 553540
3.825 510960
3.826 0
3.827 0
3.828 0
3.829 596120
3.830 0
3.831 416934
3.832 51446
3.833 0
3.834 0
3.835 0
3.836 93772
3.837 417188
3.838 425800
3.839 0
3.840 376634
3.841 219486
3.842 0
3.843 0
3.844 4668
3.845 1144992
3.846 553540
3.847 0
3.848 688736
3.849 716404
3.850 425800
3.851 468380
3.852 233874
3.853 234506
3.854 553540
3.855 868738
3.856 664142
3.857 638700
3.858 510960
3.859 638700
3.860 596120
3.861 468542
3.862 468218
3.863 1277400
3.864 0
3.865 1064500
3.866 0
3.867 468380
3.868 861952
3.869 628348
3.870 638700
3.871 979340
3.872 510960
3.873 1064500
3.874 382804
3.875 42996
3.876 446882
3.877 617618
3.878 468380
3.879 468380
3.880 0
3.881 27792
3.882 1164448
3.883 437962
3.884 30418
3.885 32298
3.886 1202522
3.887 55082
3.888 839098
3.889 1107080
3.890 510960
3.891 0
3.892 0
3.893 1021920
3.894 0
3.895 0
3.896 468380
3.897 0
3.898 535116
3.899 932724
3.900 448260
3.901 553540
3.902 425800
3.903 0
3.904 425800
3.905 979340
3.906 39592
3.907 854588
3.908 807972
3.909 535262
3.910 104486
3.911 468380
3.912 425800
3.913 0
3.914 0
3.915 559094
3.916 417312
3.917 428734
3.918 468380
3.919 468380
3.920 425800
3.921 129766
3.922 338614
3.923 0
3.924 420878
3.925 643622
3.926 596120
3.927 638700
3.928 553540
3.929 468380
3.930 785026
3.931 377082
3.932 328192
3.933 0
3.934 0
3.935 89682
3.936 378698
3.937 510960
3.938 748508
3.939 624782
3.940 159590
3.941 0
3.942 331320
3.943 665628
3.944 397316
3.945 480812
3.946 41024
3.947 0
3.948 510960
3.949 402168
3.950 423698
3.951 541362
3.952 123072
3.953 108
3.954 596012
3.955 468380
3.956 0
3.957 553540
3.958 41148
3.959 427232
3.960 0
3.961 461902
3.962 6478
3.963 468380
3.964 468380
3.965 553540
3.966 0
3.967 54
3.968 1192186
3.969 175042
3.970 463658
3.971 346864
3.972 164096
3.973 596120
3.974 0
3.975 0
3.976 54
3.977 468326
3.978 553540
3.979 0
3.980 998450
3.981 725724
3.982 234506
3.983 425800
3.984 553540
3.985 0
3.986 468380
3.987 510960
3.988 425800
3.989 0
3.990 510960
3.991 553540
3.992 0
3.993 468380
3.994 1021920
3.995 0
3.996 866550
3.997 155370
3.998 171676
3.999 254124
4.000 386332
4.001 352024
4.002 240984
4.003 425800
4.004 468380
4.005 0
4.006 468380
4.007 0
4.008 0
4.009 425800
4.010 0
4.011 1201322
4.012 1481218
4.013 553594
4.014 1247830
4.015 370156
4.016 574622
4.017 21498
4.018 638700
4.019 596120
4.020 468380
4.021 0
4.022 0
4.023 0
4.024 0
4.025 0
4.026 468380
4.027 0
4.028 468380
4.029 0
4.030 425800
4.031 0
4.032 596120
4.033 510960
4.034 425800
4.035 0
4.036 0
4.037 468380
4.038 1021920
4.039 435568
4.040 586352
4.041 0
4.042 638700
4.043 596120
4.044 0
4.045 425800
4.046 0
4.047 340424
4.048 553756
4.049 553540
4.050 0
4.051 553540
4.052 250034
4.053 525742
4.054 246144
4.055 430468
4.056 123072
4.057 1064500
4.058 1021920
4.059 596120
4.060 553540
4.061 425800
4.062 0
4.063 911318
4.064 482838
4.065 479364
4.066 425800
4.067 162
4.068 638538
4.069 0
4.070 0
4.071 0
4.072 47102
4.073 804498
4.074 425800
4.075 609708
4.076 421818
4.077 458774
4.078 0
4.079 0
4.080 425800
4.081 468380
4.082 596120
4.083 0
4.084 425800
4.085 510960
4.086 638700
4.087 0
4.088 387888
4.089 123072
4.090 0
4.091 553540
4.092 468380
4.093 510960
4.094 425168
4.095 549412
4.096 602436
4.097 41024
4.098 895736
4.099 41024
4.100 54
4.101 1107026
4.102 638700
4.103 596120
4.104 0
4.105 0
4.106 0
4.107 468380
4.108 0
4.109 0
4.110 480990
4.111 455770
4.112 409478
4.113 101482
4.114 0
4.115 596120
4.116 523138
4.117 456202
4.118 0
4.119 162
4.120 979178
4.121 510960
4.122 0
4.123 567760
4.124 1135440
4.125 425800
4.126 4614
4.127 463766
4.128 0
4.129 0
4.130 0
4.131 468380
4.132 0
4.133 0
4.134 510960
4.135 468380
4.136 54
4.137 638646
4.138 0
4.139 0
4.140 0
4.141 108
4.142 468272
4.143 0
4.144 0
4.145 431392
4.146 980934
4.147 461194
4.148 468380
4.149 544058
4.150 541524
4.151 21498
4.152 110186
4.153 315614
4.154 0
4.155 468380
4.156 425800
4.157 931098
4.158 376412
4.159 395690
4.160 0
4.161 509042
4.162 44498
4.163 0
4.164 468380
4.165 1021920
4.166 222274
4.167 494330
4.168 645956
4.169 510960
4.170 553540
4.171 794362
4.172 227558
4.173 1234820
4.174 0
4.175 400358
4.176 451242
4.177 638700
4.178 0
4.179 0
4.180 0
4.181 5208
4.182 1016712
4.183 596120
4.184 1107080
4.185 0
4.186 0
4.187 0
4.188 0
4.189 638700
4.190 241384
4.191 226996
4.192 0
4.193 0
4.194 596120
4.195 468380
4.196 468380
4.197 638700
4.198 0
4.199 0
4.200 0
4.201 553540
4.202 0
4.203 468380
4.204 412428
4.205 55952
4.206 894180
4.207 0
4.208 0
4.209 0
4.210 0
4.211 0
4.212 0
4.213 0
4.214 0
4.215 526034
4.216 27506
4.217 0
4.218 468380
4.219 638700
4.220 468380
4.221 317840
4.222 1300200
4.223 3166
4.224 944508
4.225 797020
4.226 649414
4.227 586492
4.228 0
4.229 257960
4.230 253000
4.231 1149660
4.232 425800
4.233 0
4.234 0
4.235 314058
4.236 707862
4.237 0
4.238 1192240
4.239 0
4.240 425800
4.241 409894
4.242 58486
4.243 553540
4.244 0
4.245 0
4.246 425800
4.247 454538
4.248 267928
4.249 1023314
4.250 553540
4.251 0
4.252 54
4.253 851546
4.254 596120
4.255 0
4.256 510960
4.257 0
4.258 979340
4.259 468380
4.260 0
4.261 1107080
4.262 0
4.263 553540
4.264 0
4.265 314004
4.266 196956
4.267 0
4.268 0
4.269 425800
4.270 553540
4.271 1030300
4.272 758060
4.273 425800
4.274 110186
4.275 315614
4.276 625744
4.277 12956
4.278 0
4.279 91184
4.280 377196
4.281 320012
4.282 202002
4.283 414746
4.284 940850
4.285 38490
4.286 0
4.287 0
4.288 468380
4.289 468380
4.290 0
4.291 208340
4.292 771000
4.293 432348
4.294 887632
4.295 510960
4.296 0
4.297 0
4.298 0
4.299 510960
4.300 0
4.301 0
4.302 699936
4.303 407144
4.304 553540
4.305 0
4.306 936760
4.307 0
4.308 553540
4.309 0
4.310 425800
4.311 0
4.312 0
4.313 510960
4.314 0
4.315 0
4.316 0
4.317 553540
4.318 425800
4.319 23124
4.320 445256
4.321 0
4.322 0
4.323 468380
4.324 979340
4.325 468380
4.326 0
4.327 0
4.328 553540
4.329 553540
4.330 0
4.331 0
4.332 0
4.333 180780
4.334 289280
4.335 509280
4.336 0
4.337 979340
4.338 0
4.339 468380
4.340 0
4.341 773318
4.342 716982
4.343 936760
4.344 553540
4.345 468380
4.346 468434
4.347 638646
4.348 596120
4.349 0
4.350 0
4.351 0
4.352 700752
4.353 682420
4.354 532928
4.355 0
4.356 468380
4.357 0
4.358 468380
4.359 553540
4.360 0
4.361 0
4.362 979340
4.363 294894
4.364 812186
4.365 0
4.366 1021920
4.367 553540
4.368 1259484
4.369 401136
4.370 0
4.371 468380
4.372 425800
4.373 553540
4.374 0
4.375 425800
4.376 0
4.377 553540
4.378 979340
4.379 936760
4.380 0
4.381 119198
4.382 777246
4.383 561044
4.384 586352
4.385 0
4.386 596120
4.387 0
4.388 54
4.389 761718
4.390 174988
4.391 1064500
4.392 553540
4.393 0
4.394 553540
4.395 468380
4.396 238380
4.397 698380
4.398 573714
4.399 490786
4.400 0
4.401 425800
4.402 453538
4.403 525802
4.404 0
4.405 0
4.406 0
4.407 1021920
4.408 638700
4.409 456002
4.410 97538
4.411 512516
4.412 509404
4.413 0
4.414 412374
4.415 439226
4.416 997618
4.417 194168
4.418 852054
4.419 0
4.420 165760
4.421 813580
4.422 0
4.423 164890
4.424 388650
4.425 0
4.426 1149660
4.427 596120
4.428 596120
4.429 6170
4.430 973170
4.431 553540
4.432 425800
4.433 468380
4.434 468380
4.435 0
4.436 0
4.437 468380
4.438 1021920
4.439 425800
4.440 0
4.441 638700
4.442 261380
4.443 760540
4.444 0
4.445 54
4.446 1064446
4.447 0
4.448 468380
4.449 0
4.450 0
4.451 894180
4.452 1260084
4.453 59896
4.454 0
4.455 0
4.456 425800
4.457 553216
4.458 42904
4.459 446412
4.460 409856
4.461 207778
4.462 894634
4.463 155300
4.464 951780
4.465 596120
4.466 979340
4.467 425800
4.468 1064500
4.469 596120
4.470 553540
4.471 553540
4.472 0
4.473 640310
4.474 675996
4.475 770114
4.476 894180
4.477 0
4.478 596120
4.479 596120
4.480 425800
4.481 425800
4.482 596120
4.483 4668
4.484 506292
4.485 0
4.486 0
4.487 553540
4.488 468380
4.489 499290
4.490 139410
4.491 226904
4.492 369216
4.493 397084
4.494 113876
4.495 0
4.496 317802
4.497 150578
4.498 427356
4.499 468380
4.500 41024
4.501 0
4.502 512516
4.503 41024
4.504 638700
4.505 0
4.506 0
4.507 0
4.508 0
4.509 638700
4.510 351462
4.511 159498
4.512 475998
4.513 545922
4.514 0
4.515 231286
4.516 194514
4.517 468380
4.518 59226
4.519 451734
4.520 72744
4.521 1573148
4.522 322124
4.523 356600
4.524 528244
4.525 468380
4.526 0
4.527 0
4.528 551568
4.529 251190
4.530 176582
4.531 0
4.532 420878
4.533 47502
4.534 42704
4.535 468256
4.536 635750
4.537 343590
4.538 468380
4.539 596120
4.540 851600
4.541 468380
4.542 468380
4.543 44206
4.544 466754
4.545 638700
4.546 425800
4.547 0
4.548 451534
4.549 59426
4.550 41094
4.551 384706
4.552 54
4.553 553486
4.554 1064500
4.555 0
4.556 386332
4.557 82048
4.558 0
4.559 0
4.560 0
4.561 0
4.562 553540
4.563 638700
4.564 553540
4.565 0
4.566 510960
4.567 0
4.568 1064500
4.569 425800
4.570 425800
4.571 553540
4.572 425800
4.573 468380
4.574 54
4.575 596066
4.576 638700
4.577 425800
4.578 1062058
4.579 2442
4.580 425800
4.581 792536
4.582 504714
4.583 705566
4.584 371912
4.585 94912
4.586 0
4.587 306348
4.588 763274
4.589 633578
4.590 894180
4.591 810
4.592 637890
4.593 936760
4.594 596120
4.595 638700
4.596 468380
4.597 3166
4.598 826666
4.599 617888
4.600 0
4.601 425800
4.602 510960
4.603 936760
4.604 0
4.605 510960
4.606 510960
4.607 468380
4.608 425800
4.609 702
4.610 552838
4.611 0
4.612 229946
4.613 323594
4.614 2312
4.615 1275088
4.616 936760
4.617 638700
4.618 468380
4.619 0
4.620 74300
4.621 947620
4.622 0
4.623 0
4.624 0
4.625 468380
4.626 1094124
4.627 520928
4.628 415286
4.629 396722
4.630 0
4.631 468380
4.632 370102
4.633 448254
4.634 246144
4.635 345308
4.636 123072
4.637 0
4.638 468380
4.639 0
4.640 468380
4.641 0
4.642 39646
4.643 428734
4.644 0
4.645 425854
4.646 638646
4.647 0
4.648 0
4.649 874654
4.650 743386
4.651 638700
4.652 0
4.653 0
4.654 468380
4.655 596120
4.656 0
4.657 609784
4.658 28916
4.659 468380
4.660 0
4.661 425800
4.662 425800
4.663 0
4.664 162
4.665 425638
4.666 0
4.667 425800
4.668 468380
4.669 553540
4.670 0
4.671 596120
4.672 237294
4.673 188506
4.674 0
4.675 596120
4.676 468380
4.677 425800
4.678 799938
4.679 179402
4.680 0
4.681 0
4.682 299362
4.683 413114
4.684 437184
4.685 0
4.686 468380
4.687 638700
4.688 553540
4.689 553540
4.690 510960
4.691 0
4.692 510960
4.693 638700
4.694 510960
4.695 553540
4.696 0
4.697 510960
4.698 0
4.699 555566
4.700 806994
4.701 425800
4.702 0
4.703 0
4.704 1021920
4.705 0
4.706 510960
4.707 596120
4.708 423828
4.709 1972
4.710 54
4.711 979286
4.712 468380
4.713 540
4.714 629094
4.715 690346
4.716 0
4.717 379946
4.718 514234
4.719 936760
4.720 425800
4.721 468488
4.722 468272
4.723 0
4.724 468380
4.725 553540
4.726 66790
4.727 889604
4.728 65526
4.729 468380
4.730 0
4.731 468380
4.732 581278
4.733 994182
4.734 1021920
4.735 0
4.736 596120
4.737 553540
4.738 468380
4.739 0
4.740 602668
4.741 419252
4.742 476090
4.743 630990
4.744 596120
4.745 162
4.746 1064338
4.747 0
4.748 265886
4.749 841194
4.750 468380
4.751 0
4.752 0
4.753 553540
4.754 176274
4.755 717906
4.756 553540
4.757 553540
4.758 468380
4.759 999482
4.760 22438
4.761 425800
4.762 468380
4.763 596120
4.764 0
4.765 1192240
4.766 638700
4.767 0
4.768 35140
4.769 433240
4.770 0
4.771 0
4.772 0
4.773 553540
4.774 632692
4.775 304068
4.776 734952
4.777 372128
4.778 601620
4.779 335140
4.780 468380
4.781 0
4.782 596120
4.783 425800
4.784 0
4.785 0
4.786 0
4.787 0
4.788 596120
4.789 0
4.790 0
4.791 510960
4.792 0
4.793 0
4.794 0
4.795 894180
4.796 468380
4.797 979340
4.798 0
4.799 0
4.800 553540
4.801 0
4.802 416318
4.803 193266
4.804 242016
4.805 419630
4.806 644870
4.807 638700
4.808 0
4.809 836672
4.810 684046
4.811 267642
4.812 425800
4.813 0
4.814 481914
4.815 369686
4.816 0
4.817 102676
4.818 323124
4.819 0
4.820 468380
4.821 0
4.822 468380
4.823 599648
4.824 337112
4.825 468380
4.826 51716
4.827 1159110
4.828 279474
4.829 0
4.830 0
4.831 0
4.832 311270
4.833 590528
4.834 77542
4.835 312140
4.836 283980
4.837 138632
4.838 679762
4.839 203526
4.840 0
4.841 510960
4.842 550066
4.843 3474
4.844 510960
4.845 0
4.846 0
4.847 638700
4.848 0
4.849 894180
4.850 596120
4.851 638700
4.852 0
4.853 1149660
4.854 448492
4.855 105048
4.856 453376
4.857 866604
4.858 638700
4.859 2042
4.860 423758
4.861 540
4.862 425260
4.863 553540
4.864 378352
4.865 643568
4.866 468380
4.867 0
4.868 468380
4.869 0
4.870 0
4.871 468380
4.872 1107080
4.873 510960
4.874 425800
4.875 0
4.876 936760
4.877 510960
4.878 468380
4.879 0
4.880 979340
4.881 0
4.882 0
4.883 638700
4.884 0
4.885 425800
4.886 1021920
4.887 0
4.888 0
4.889 0
4.890 425800
4.891 608730
4.892 455770
4.893 0
4.894 527628
4.895 579452
4.896 0
4.897 553540
4.898 596120
4.899 42866
4.900 595834
4.901 0
4.902 445672
4.903 107868
4.904 0
4.905 184324
4.906 362738
4.907 6478
4.908 524532
4.909 582548
4.910 591144
4.911 4976
4.912 191926
4.913 818324
4.914 139410
4.915 0
4.916 0
4.917 0
4.918 0
4.919 540168
4.920 617812
4.921 630380
4.922 0
4.923 0
4.924 0
4.925 0
4.926 802088
4.927 390152
4.928 0
4.929 0
4.930 181720
4.931 244080
4.932 596120
4.933 287584
4.934 489748
4.935 714524
4.936 41024
4.937 0
4.938 259516
4.939 294024
4.940 425800
4.941 596120
4.942 1149660
4.943 108
4.944 468272
4.945 936760
4.946 553540
4.947 425800
4.948 83150
4.949 811030
4.950 6116
4.951 1320180
4.952 164004
4.953 468380
4.954 282408
4.955 739512
4.956 420824
4.957 400266
4.958 541470
4.959 1064500
4.960 0
4.961 0
4.962 0
4.963 1017706
4.964 338646
4.965 219108
4.966 144786
4.967 323594
4.968 0
4.969 0
4.970 457396
4.971 10984
4.972 200360
4.973 672576
4.974 148984
4.975 280906
4.976 1124234
4.977 936760
4.978 510960
4.979 553540
4.980 468380
4.981 979340
4.982 1131258
4.983 571056
4.984 524564
4.985 1094362
4.986 510960
4.987 1021974
4.988 510906
4.989 120970
4.990 542302
4.991 997348
4.992 0
4.993 596120
4.994 0
4.995 638700
4.996 547732
4.997 776862
4.998 378606
4.999 459114
5.000 179586
5.001 0
5.002 468380
5.003 0
5.004 851600
5.005 468380
5.006 0
5.007 0
5.008 894180
5.009 0
5.010 0
5.011 0
5.012 425800
5.013 0
5.014 468380
5.015 510960
5.016 1556
5.017 424352
5.018 553432
5.019 425800
5.020 1064500
5.021 519702
5.022 76418
5.023 0
5.024 0
5.025 21730
5.026 531810
5.027 0
5.028 0
5.029 832528
5.030 231972
5.031 214364
5.032 339176
5.033 555096
5.034 41024
5.035 0
5.036 3652
5.037 507308
5.038 425854
5.039 936706
5.040 553540
5.041 0
5.042 0
5.043 50160
5.044 418220
5.045 155408
5.046 398132
5.047 638700
5.048 468380
5.049 468380
5.050 233566
5.051 1341894
5.052 979340
5.053 0
5.054 0
5.055 0
5.056 0
5.057 0
5.058 937354
5.059 467786
5.060 468380
5.061 638700
5.062 0
5.063 553540
5.064 425800
5.065 510960
5.066 139410
5.067 456710
5.068 553540
5.069 510960
5.070 468380
5.071 0
5.072 425800
5.073 0
5.074 468380
5.075 0
5.076 468380
5.077 894180
5.078 0
5.079 1575460
5.080 468380
5.081 0
5.082 468380
5.083 0
5.084 0
5.085 425800
5.086 0
5.087 653720
5.088 283040
5.089 425800
5.090 936760
5.091 435514
5.092 543826
5.093 0
5.094 0
5.095 979340
5.096 510960
5.097 0
5.098 0
5.099 425800
5.100 0
5.101 638700
5.102 0
5.103 553540
5.104 629688
5.105 775452
5.106 468380
5.107 1021920
5.108 0
5.109 1107080
5.110 0
5.111 0
5.112 979340
5.113 638808
5.114 468272
5.115 638700
5.116 425800
5.117 1556
5.118 1062944
5.119 0
5.120 894180
5.121 0
5.122 54
5.123 468326
5.124 0
5.125 0
5.126 553540
5.127 1107080
5.128 979340
5.129 596120
5.130 425800
5.131 425800
5.132 425800
5.133 638700
5.134 894180
5.135 638700
5.136 468380
5.137 0
5.138 0
5.139 1064500
5.140 1021920
5.141 1064500
5.142 1500544
5.143 74916
5.144 152312
5.145 401228
5.146 0
5.147 468380
5.148 0
5.149 606688
5.150 457812
5.151 1064500
5.152 510960
5.153 425800
5.154 0
5.155 1064500
5.156 425800
5.157 1107080
5.158 0
5.159 0
5.160 0
5.161 430468
5.162 123072
5.163 405950
5.164 62430
5.165 0
5.166 425800
5.167 553540
5.168 232788
5.169 789132
5.170 0
5.171 425800
5.172 146288
5.173 322092
5.174 0
5.175 553540
5.176 463404
5.177 508010
5.178 50506
5.179 530540
5.180 578096
5.181 252006
5.182 591776
5.183 520334
5.184 82048
5.185 425800
5.186 468920
5.187 851060
5.188 468380
5.189 0
5.190 0
5.191 661176
5.192 233004
5.193 553540
5.194 553540
5.195 468380
5.196 885044
5.197 400136
5.198 205120
5.199 0
5.200 556652
5.201 82048
5.202 0
5.203 0
5.204 0
5.205 0
5.206 1192240
5.207 0
5.208 0
5.209 510960
5.210 425800
5.211 979340
5.212 0
5.213 510960
5.214 0
5.215 1064500
5.216 475960
5.217 971760
5.218 0
5.219 0
5.220 0
5.221 468434
5.222 425746
5.223 0
5.224 0
5.225 0
5.226 553540
5.227 370156
5.228 320368
5.229 544296
5.230 638700
5.231 0
5.232 582656
5.233 356200
5.234 706220
5.235 271024
5.236 0
5.237 0
5.238 0
5.239 0
5.240 36858
5.241 602004
5.242 1021758
5.243 121170
5.244 900750
5.245 553540
5.246 0
5.247 553540
5.248 468380
5.249 0
5.250 0
5.251 0
5.252 553540
5.253 468380
5.254 553540
5.255 553540
5.256 0
5.257 0
5.258 425800
5.259 468380
5.260 468380
5.261 894180
5.262 638700
5.263 1107080
5.264 235322
5.265 190478
5.266 865010
5.267 976644
5.268 713146
5.269 425800
5.270 979340
5.271 53164
5.272 841016
5.273 0
5.274 0
5.275 1002486
5.276 19434
5.277 385338
5.278 40462
5.279 0
5.280 0
5.281 0
5.282 425800
5.283 0
5.284 54
5.285 1021866
5.286 0
5.287 0
5.288 425800
5.289 0
5.290 553540
5.291 468380
5.292 468380
5.293 0
5.294 921778
5.295 270462
5.296 59696
5.297 451264
5.298 238018
5.299 315522
5.300 553540
5.301 721780
5.302 768520
5.303 468380
5.304 1234820
5.305 0
5.306 1021920
5.307 0
5.308 0
5.309 936760
5.310 1107080
5.311 0
5.312 0
5.313 0
5.314 0
5.315 0
5.316 0
5.317 0
5.318 553540
5.319 638700
5.320 96938
5.321 1095302
5.322 596120
5.323 0
5.324 1056520
5.325 561520
5.326 638700
5.327 0
5.328 0
5.329 0
5.330 705490
5.331 1125504
5.332 1319926
5.333 0
5.334 1064500
5.335 722590
5.336 1421068
5.337 581462
5.338 306078
5.339 247462
5.340 402384
5.341 79676
5.342 446720
5.343 7980
5.344 553540
5.345 512516
5.346 127286
5.347 1063398
5.348 510960
5.349 0
5.350 596120
5.351 225332
5.352 717744
5.353 164004
5.354 1192240
5.355 0
5.356 468380
5.357 468380
5.358 4560
5.359 894196
5.360 932184
5.361 596120
5.362 1064500
5.363 425800
5.364 915570
5.365 330142
5.366 287168
5.367 0
5.368 425800
5.369 0
5.370 0
5.371 0
5.372 151264
5.373 317116
5.374 0
5.375 0
5.376 0
5.377 0
5.378 468380
5.379 638700
5.380 0
5.381 425800
5.382 468380
5.383 553540
5.384 0
5.385 468380
5.386 425800
5.387 468380
5.388 553540
5.389 0
5.390 468380
5.391 468380
5.392 0
5.393 468380
5.394 468380
5.395 1107080
5.396 635242
5.397 386678
5.398 0
5.399 553540
5.400 510960
5.401 0
5.402 0
5.403 425800
5.404 0
5.405 162
5.406 425638
5.407 0
5.408 425800
5.409 0
5.410 8104
5.411 886076
5.412 468380
5.413 510960
5.414 0
5.415 425800
5.416 468380
5.417 0
5.418 0
5.419 553540
5.420 0
5.421 0
5.422 0
5.423 0
5.424 596120
5.425 425800
5.426 330472
5.427 685148
5.428 517260
5.429 1107080
5.430 635226
5.431 3474
5.432 0
5.433 195238
5.434 230562
5.435 0
5.436 351262
5.437 74538
5.438 510960
5.439 425800
5.440 979340
5.441 0
5.442 0
5.443 842118
5.444 1031402
5.445 0
5.446 0
5.447 54
5.448 425746
5.449 0
5.450 596120
5.451 596120
5.452 425800
5.453 0
5.454 597638
5.455 381702
5.456 468380
5.457 81918
5.458 556782
5.459 425800
5.460 0
5.461 510960
5.462 0
5.463 425800
5.464 468380
5.465 569176
5.466 331228
5.467 591452
5.468 316554
5.469 840146
5.470 672684
5.471 510960
5.472 0
5.473 0
5.474 501478
5.475 477862
5.476 492466
5.477 614614
5.478 0
5.479 510960
5.480 1313502
5.481 6478
5.482 424914
5.483 511846
5.484 553540
5.485 678454
5.486 982166
5.487 553540
5.488 1064500
5.489 979340
5.490 0
5.491 0
5.492 0
5.493 0
5.494 485010
5.495 68530
5.496 468380
5.497 0
5.498 596120
5.499 596120
5.500 204866
5.501 648182
5.502 722412
5.503 936760
5.504 468380
5.505 425800
5.506 468380
5.507 596120
5.508 0
5.509 0
5.510 550066
5.511 3474
5.512 512516
5.513 509404
5.514 0
5.515 0
5.516 0
5.517 263768
5.518 162032
5.519 0
5.520 0
5.521 0
5.522 596120
5.523 468380
5.524 510960
5.525 425800
5.526 851130
5.527 470
5.528 328462
5.529 736038
5.530 0
5.531 0
5.532 638700
5.533 510960
5.534 638700
5.535 0
5.536 0
5.537 0
5.538 0
5.539 468380
5.540 638700
5.541 0
5.542 0
5.543 643152
5.544 272866
5.545 1127822
5.546 894180
5.547 596120
5.548 745704
5.549 616856
5.550 194298
5.551 784626
5.552 42996
5.553 0
5.554 294894
5.555 812186
5.556 596120
5.557 553540
5.558 553540
5.559 0
5.560 510960
5.561 1021920
5.562 468380
5.563 894180
5.564 162
5.565 425638
5.566 0
5.567 0
5.568 510960
5.569 553540
5.570 468380
5.571 894180
5.572 381648
5.573 171892
5.574 0
5.575 0
5.576 522560
5.577 30980
5.578 512516
5.579 41024
5.580 851600
5.581 0
5.582 0
5.583 468380
5.584 553540
5.585 0
5.586 425800
5.587 690978
5.588 658172
5.589 396630
5.590 605872
5.591 501208
5.592 0
5.593 510960
5.594 0
5.595 553540
5.596 853302
5.597 1020218
5.598 468380
5.599 30796
5.600 1457786
5.601 555928
5.602 84490
5.603 525148
5.604 70972
5.605 0
5.606 506600
5.607 515320
5.608 553540
5.609 468380
5.610 0
5.611 0
5.612 0
5.613 329764
5.614 96036
5.615 0
5.616 553540
5.617 0
5.618 553540
5.619 638700
5.620 553540
5.621 0
5.622 0
5.623 1153258
5.624 464782
5.625 0
5.626 425854
5.627 1021866
5.628 468380
5.629 0
5.630 0
5.631 553540
5.632 80200
5.633 388180
5.634 425800
5.635 468380
5.636 0
5.637 596120
5.638 0
5.639 553540
5.640 553540
5.641 468380
5.642 1107080
5.643 0
5.644 63624
5.645 362176
5.646 0
5.647 468380
5.648 638700
5.649 524132
5.650 455208
5.651 468434
5.652 1064446
5.653 0
5.654 0
5.655 0
5.656 511122
5.657 1442582
5.658 473356
5.659 638700
5.660 0
5.661 0
5.662 520512
5.663 969788
5.664 332698
5.665 263422
5.666 0
5.667 0
5.668 354936
5.669 156024
5.670 404356
5.671 64024
5.672 936760
5.673 596120
5.674 0
5.675 0
5.676 0
5.677 0
5.678 323848
5.679 698072
5.680 468380
5.681 499992
5.682 394188
5.683 468380
5.684 553540
5.685 468380
5.686 472470
5.687 38490
5.688 0
5.689 560088
5.690 1441172
5.691 413930
5.692 54450
5.693 425800
5.694 0
5.695 468380
5.696 947836
5.697 425616
5.698 287168
5.699 54
5.700 386224
5.701 425854
5.702 82048
5.703 553540
5.704 0
5.705 0
5.706 0
5.707 168818
5.708 787252
5.709 233798
5.710 853972
5.711 510960
5.712 0
5.713 1021920
5.714 0
5.715 0
5.716 0
5.717 0
5.718 510960
5.719 638700
5.720 0
5.721 664936
5.722 995684
5.723 0
5.724 468380
5.725 0
5.726 0
5.727 523268
5.728 72852
5.729 326760
5.730 99040
5.731 0
5.732 343752
5.733 82048
5.734 185286
5.735 240514
5.736 468380
5.737 894180
5.738 0
5.739 596120
5.740 468380
5.741 1021920
5.742 544620
5.743 354228
5.744 676612
5.745 596120
5.746 0
5.747 425800
5.748 0
5.749 510960
5.750 403146
5.751 150394
5.752 266318
5.753 244642
5.754 66628
5.755 359172
5.756 0
5.757 469936
5.758 41024
5.759 468380
5.760 510960
5.761 553540
5.762 936760
5.763 894180
5.764 468380
5.765 425800
5.766 468380
5.767 468380
5.768 873244
5.769 20936
5.770 468380
5.771 0
5.772 553540
5.773 1418712
5.774 454808
5.775 0
5.776 1149660
5.777 468380
5.778 0
5.779 0
5.780 0
5.781 425800
5.782 226942
5.783 326598
5.784 438032
5.785 158088
5.786 688212
5.787 759508
5.788 221334
5.789 758006
5.790 425800
5.791 0
5.792 510960
5.793 81702
5.794 1025378
5.795 425800
5.796 468380
5.797 0
5.798 0
5.799 468380
5.800 1064554
5.801 596066
5.802 553540
5.803 0
5.804 83366
5.805 938554
5.806 468434
5.807 1064446
5.808 0
5.809 733342
5.810 904278
5.811 448800
5.812 425800
5.813 425800
5.814 510960
5.815 468380
5.816 553540
5.817 468380
5.818 979340
5.819 0
5.820 596120
5.821 1064500
5.822 0
5.823 425800
5.824 0
5.825 553540
5.826 0
5.827 468380
5.828 0
5.829 0
5.830 1064500
5.831 5100
5.832 1016820
5.833 468380
5.834 676266
5.835 684106
5.836 768628
5.837 0
5.838 0
5.839 425800
5.840 57670
5.841 879090
5.842 553540
5.843 1064500
5.844 0
5.845 819842
5.846 670458
5.847 0
5.848 936760
5.849 593116
5.850 1030478
5.851 766008
5.852 37458
5.853 443408
5.854 24972
5.855 0
5.856 0
5.857 0
5.858 0
5.859 936760
5.860 0
5.861 0
5.862 913760
5.863 23000
5.864 468380
5.865 0
5.866 0
5.867 851600
5.868 533544
5.869 19996
5.870 425800
5.871 425800
5.872 0
5.873 553540
5.874 0
5.875 0
5.876 95798
5.877 457742
5.878 468380
5.879 177992
5.880 820928
5.881 23000
5.882 472940
5.883 463820
5.884 468380
5.885 819410
5.886 117350
5.887 195870
5.888 357670
5.889 343752
5.890 432570
5.891 160438
5.892 319466
5.893 276654
5.894 638700
5.895 468380
5.896 473426
5.897 486404
5.898 402730
5.899 468380
5.900 0
5.901 0
5.902 429620
5.903 677460
5.904 797566
5.905 309514
5.906 263260
5.907 205120
5.908 430468
5.909 123072
5.910 0
5.911 0
5.912 0
5.913 425800
5.914 425800
5.915 0
5.916 979340
5.917 0
5.918 0
5.919 197788
5.920 313172
5.921 442376
5.922 26004
5.923 979340
5.924 553540
5.925 0
5.926 1234928
5.927 468272
5.928 553540
5.929 0
5.930 596120
5.931 0
5.932 425800
5.933 501154
5.934 52386
5.935 348420
5.936 205120
5.937 431862
5.938 36518
5.939 0
5.940 0
5.941 0
5.942 384776
5.943 41024
5.944 666822
5.945 312518
5.946 439426
5.947 561050
5.948 949700
5.949 636490
5.950 777154
5.951 638700
5.952 1005544
5.953 1166036
5.954 468380
5.955 510960
5.956 0
5.957 596120
5.958 468380
5.959 330380
5.960 563800
5.961 468380
5.962 0
5.963 1064500
5.964 468380
5.965 0
5.966 553540
5.967 510960
5.968 512586
5.969 472870
5.970 504844
5.971 0
5.972 0
5.973 0
5.974 0
5.975 0
5.976 1064500
5.977 425800
5.978 547078
5.979 1487280
5.980 9482
5.981 329856
5.982 95944
5.983 425800
5.984 0
5.985 468380
5.986 510960
5.987 894180
5.988 425800
5.989 553540
5.990 797166
5.991 1013778
5.992 19996
5.993 0
5.994 6602
5.995 461778
5.996 510960
5.997 0
5.998 0
5.999 0
6.000 0
6.001 0
6.002 510960
6.003 0
6.004 78914
6.005 742338
6.006 924528
6.007 0
6.008 772340
6.009 632800
6.010 362030
6.011 228152
6.012 431738
6.013 510960
6.014 0
6.015 463404
6.016 1069476
6.017 0
6.018 0
6.019 437962
6.020 30418
6.021 468380
6.022 553540
6.023 0
6.024 1107080
6.025 0
6.026 936760
6.027 0
6.028 468380
6.029 425800
6.030 468380
6.031 0
6.032 1362560
6.033 638700
6.034 197464
6.035 356076
6.036 0
6.037 0
6.038 936760
6.039 0
6.040 0
6.041 425800
6.042 0
6.043 0
6.044 510960
6.045 0
6.046 0
6.047 0
6.048 553540
6.049 0
6.050 425800
6.051 0
6.052 423412
6.053 44968
6.054 0
6.055 468380
6.056 0
6.057 0
6.058 0
6.059 553540
6.060 553540
6.061 529038
6.062 578042
6.063 630266
6.064 817454
6.065 213932
6.066 696354
6.067 26474
6.068 596120
6.069 0
6.070 0
6.071 468380
6.072 278464
6.073 189916
6.074 0
6.075 0
6.076 811862
6.077 732180
6.078 499798
6.079 468488
6.080 1703092
6.081 505984
6.082 569100
6.083 1053916
6.084 0
6.085 553540
6.086 1107080
6.087 553540
6.088 0
6.089 425800
6.090 468380
6.091 468380
6.092 468380
6.093 638700
6.094 107344
6.095 446196
6.096 0
6.097 468380
6.098 0
6.099 0
6.100 894180
6.101 553540
6.102 1107080
6.103 638700
6.104 0
6.105 468380
6.106 553540
6.107 0
6.108 0
6.109 0
6.110 0
6.111 468380
6.112 0
6.113 0
6.114 425800
6.115 468380
6.116 425800
6.117 268004
6.118 242956
6.119 979340
6.120 425800
6.121 553540
6.122 466408
6.123 1972
6.124 0
6.125 830032
6.126 340672
6.127 323686
6.128 382242
6.129 93156
6.130 457272
6.131 0
6.132 468380
6.133 425800
6.134 162
6.135 882456
6.136 224462
6.137 468380
6.138 36696
6.139 474264
6.140 0
6.141 787306
6.142 1299114
6.143 0
6.144 1131112
6.145 274028
6.146 816368
6.147 588772
6.148 0
6.149 0
6.150 425800
6.151 0
6.152 474620
6.153 1015680
6.154 0
6.155 596120
6.156 553540
6.157 104394
6.158 917526
6.159 0
6.160 638700
6.161 638700
6.162 83366
6.163 1066294
6.164 596120
6.165 0
6.166 1064500
6.167 979340
6.168 638700
6.169 468380
6.170 0
6.171 425800
6.172 545522
6.173 348658
6.174 553540
6.175 0
6.176 0
6.177 468380
6.178 0
6.179 0
6.180 0
6.181 908460
6.182 377844
6.183 203996
6.184 1070654
6.185 632546
6.186 607228
6.187 925652
6.188 927840
6.189 562460
6.190 0
6.191 425800
6.192 485302
6.193 153398
6.194 0
6.195 263260
6.196 228352
6.197 530308
6.198 553540
6.199 425800
6.200 0
6.201 0
6.202 979340
6.203 0
6.204 0
6.205 553540
6.206 329440
6.207 607320
6.208 468380
6.209 510960
6.210 468380
6.211 894180
6.212 468380
6.213 0
6.214 0
6.215 0
6.216 510960
6.217 114800
6.218 396160
6.219 0
6.220 0
6.221 0
6.222 0
6.223 0
6.224 1064500
6.225 553540
6.226 849466
6.227 172454
6.228 305262
6.229 508426
6.230 123072
6.231 0
6.232 1064500
6.233 638700
6.234 0
6.235 389844
6.236 504336
6.237 0
6.238 1064500
6.239 566312
6.240 583348
6.241 1021920
6.242 638700
6.243 468380
6.244 0
6.245 468380
6.246 0
6.247 0
6.248 468380
6.249 638700
6.250 0
6.251 553540
6.252 0
6.253 553540
6.254 1021920
6.255 468380
6.256 1368460
6.257 569392
6.258 744688
6.259 468380
6.260 0
6.261 0
6.262 0
6.263 1064500
6.264 468380
6.265 404448
6.266 594002
6.267 23470
6.268 1064500
6.269 425800
6.270 0
6.271 425800
6.272 0
6.273 638700
6.274 0
6.275 1610
6.276 935150
6.277 425800
6.278 425800
6.279 553540
6.280 0
6.281 0
6.282 596120
6.283 9120
6.284 829832
6.285 736616
6.286 553432
6.287 0
6.288 596120
6.289 0
6.290 0
6.291 0
6.292 0
6.293 425800
6.294 0
6.295 0
6.296 0
6.297 425908
6.298 1061950
6.299 2442
6.300 553540
6.301 425800
6.302 1149660
6.303 596120
6.304 0
6.305 510960
6.306 510960
6.307 553540
6.308 468380
6.309 596120
6.310 0
6.311 425800
6.312 922302
6.313 190840
6.314 334578
6.315 425800
6.316 54
6.317 553486
6.318 468380
6.319 0
6.320 979340
6.321 425800
6.322 425800
6.323 1149660
6.324 65126
6.325 360728
6.326 510906
6.327 553540
6.328 510960
6.329 510960
6.330 894180
6.331 553540
6.332 596120
6.333 76164
6.334 945756
6.335 425800
6.336 553540
6.337 468380
6.338 0
6.339 66682
6.340 401698
6.341 425800
6.342 596120
6.343 1064500
6.344 489192
6.345 106928
6.346 0
6.347 0
6.348 0
6.349 468380
6.350 0
6.351 839114
6.352 1034406
6.353 0
6.354 0
6.355 44098
6.356 668146
6.357 181936
6.358 595304
6.359 469196
6.360 553540
6.361 1107080
6.362 0
6.363 468380
6.364 26128
6.365 910632
6.366 0
6.367 425800
6.368 1064500
6.369 0
6.370 894180
6.371 510960
6.372 0
6.373 553540
6.374 425800
6.375 894634
6.376 212446
6.377 308952
6.378 287168
6.379 0
6.380 0
6.381 555096
6.382 41024
6.383 468380
6.384 0
6.385 500624
6.386 623972
6.387 1259884
6.388 0
6.389 468380
6.390 596120
6.391 510960
6.392 0
6.393 596120
6.394 553540
6.395 425800
6.396 0
6.397 0
6.398 638700
6.399 425800
6.400 638700
6.401 445310
6.402 290998
6.403 328192
6.404 0
6.405 444040
6.406 152080
6.407 0
6.408 468380
6.409 0
6.410 425800
6.411 638700
6.412 591630
6.413 387710
6.414 510960
6.415 560250
6.416 546830
6.417 468380
6.418 553540
6.419 0
6.420 638700
6.421 468380
6.422 0
6.423 979340
6.424 894180
6.425 0
6.426 0
6.427 425800
6.428 468380
6.429 932432
6.430 983668
6.431 54
6.432 468326
6.433 0
6.434 1021920
6.435 553540
6.436 0
6.437 510960
6.438 178300
6.439 758460
6.440 728204
6.441 1145316
6.442 468380
6.443 0
6.444 510960
6.445 0
6.446 425800
6.447 425800
6.448 638700
6.449 332444
6.450 135936
6.451 425800
6.452 0
6.453 510960
6.454 0
6.455 596120
6.456 553540
6.457 638700
6.458 638700
6.459 553540
6.460 0
6.461 0
6.462 553540
6.463 0
6.464 553540
6.465 596120
6.466 880192
6.467 32606
6.468 918142
6.469 553540
6.470 468380
6.471 0
6.472 596120
6.473 0
6.474 770784
6.475 165976
6.476 0
6.477 524062
6.478 498020
6.479 1064338
6.480 0
6.481 0
6.482 638700
6.483 1602550
6.484 994830
6.485 596120
6.486 425800
6.487 425800
6.488 425800
6.489 641650
6.490 678330
6.491 0
6.492 0
6.493 0
6.494 44368
6.495 1062712
6.496 936760
6.497 0
6.498 0
6.499 936760
6.500 0
6.501 468380
6.502 0
6.503 0
6.504 0
6.505 0
6.506 894180
6.507 71350
6.508 524770
6.509 0
6.510 936760
6.511 1092622
6.512 14458
6.513 638700
6.514 510960
6.515 0
6.516 0
6.517 0
6.518 470044
6.519 551876
6.520 0
6.521 0
6.522 468380
6.523 0
6.524 0
6.525 596120
6.526 553540
6.527 373630
6.528 222490
6.529 0
6.530 0
6.531 108230
6.532 402730
6.533 427356
6.534 594564
6.535 477500
6.536 76040
6.537 386332
6.538 593008
6.539 228498
6.540 367622
6.541 0
6.542 510960
6.543 0
6.544 468434
6.545 553486
6.546 0
6.547 468380
6.548 352910
6.549 115470
6.550 0
6.551 553540
6.552 42650
6.553 425730
6.554 0
6.555 0
6.556 894180
6.557 0
6.558 468380
6.559 0
6.560 816006
6.561 428150
6.562 473448
6.563 241076
6.564 290912
6.565 220048
6.566 596120
6.567 26128
6.568 442252
6.569 0
6.570 0
6.571 280544
6.572 1062274
6.573 147482
6.574 468380
6.575 468380
6.576 851600
6.577 553540
6.578 721942
6.579 810938
6.580 468380
6.581 983884
6.582 323626
6.583 372690
6.584 412444
6.585 164096
6.586 0
6.587 425800
6.588 1064500
6.589 638770
6.590 609784
6.591 1008186
6.592 468380
6.593 596120
6.594 468380
6.595 468380
6.596 638700
6.597 468380
6.598 1021920
6.599 468380
6.600 0
6.601 510960
6.602 510960
6.603 12610
6.604 455770
6.605 0
6.606 468380
6.607 794816
6.608 141944
6.609 553540
6.610 0
6.611 425800
6.612 468380
6.613 389990
6.614 157250
6.615 985640
6.616 0
6.617 468380
6.618 425800
6.619 0
6.620 286660
6.621 352040
6.622 226796
6.623 476144
6.624 387148
6.625 442792
6.626 468380
6.627 0
6.628 468380
6.629 0
6.630 35140
6.631 433240
6.632 425800
6.633 425800
6.634 0
6.635 425800
6.636 0
6.637 596120
6.638 1149660
6.639 0
6.640 468380
6.641 468380
6.642 510960
6.643 553540
6.644 0
6.645 0
6.646 0
6.647 979340
6.648 588626
6.649 390714
6.650 0
6.651 553540
6.652 1191316
6.653 384144
6.654 510960
6.655 985494
6.656 36426
6.657 853156
6.658 807464
6.659 0
6.660 586638
6.661 726464
6.662 807718
6.663 817200
6.664 0
6.665 0
6.666 0
6.667 0
6.668 425800
6.669 0
6.670 0
6.671 0
6.672 0
6.673 553540
6.674 0
6.675 881694
6.676 566026
6.677 0
6.678 0
6.679 510960
6.680 553540
6.681 468380
6.682 0
6.683 468380
6.684 564578
6.685 1308942
6.686 469936
6.687 41024
6.688 0
6.689 0
6.690 468380
6.691 0
6.692 0
6.693 553540
6.694 596120
6.695 447368
6.696 404232
6.697 0
6.698 0
6.699 0
6.700 425800
6.701 553540
6.702 425800
6.703 425800
6.704 425800
6.705 379006
6.706 89374
6.707 0
6.708 322616
6.709 316084
6.710 638700
6.711 553540
6.712 0
6.713 0
6.714 468380
6.715 468380
6.716 638700
6.717 530556
6.718 959744
6.719 0
6.720 468380
6.721 0
6.722 0
6.723 0
6.724 425800
6.725 0
6.726 0
6.727 0
6.728 553540
6.729 389374
6.730 36426
6.731 0
6.732 553540
6.733 30742
6.734 991178
6.735 128264
6.736 340116
6.737 894180
6.738 936760
6.739 553540
6.740 0
6.741 11216
6.742 542324
6.743 468380
6.744 553540
6.745 944524
6.746 545776
6.747 0
6.748 0
6.749 0
6.750 0
6.751 553540
6.752 936760
6.753 468380
6.754 894180
6.755 318618
6.756 375110
6.757 328192
6.758 387888
6.759 123072
6.760 532042
6.761 489932
6.762 894126
6.763 0
6.764 0
6.765 0
6.766 234906
6.767 437832
6.768 306602
6.769 596120
6.770 1143074
6.771 687866
6.772 553540
6.773 468380
6.774 0
6.775 468380
6.776 553540
6.777 468380
6.778 0
6.779 0
6.780 468380
6.781 1021920
6.782 638700
6.783 936760
6.784 510960
6.785 809890
6.786 169450
6.787 573806
6.788 490694
6.789 474442
6.790 590058
6.791 387980
6.792 122980
6.793 468380
6.794 0
6.795 0
6.796 510960
6.797 0
6.798 510960
6.799 45816
6.800 779834
6.801 366590
6.802 596120
6.803 553540
6.804 538050
6.805 15490
6.806 555096
6.807 41024
6.808 553540
6.809 936760
6.810 0
6.811 0
6.812 431862
6.813 547478
6.814 1192240
6.815 384776
6.816 466824
6.817 0
6.818 0
6.819 128372
6.820 850968
6.821 0
6.822 0
6.823 468380
6.824 894180
6.825 1064500
6.826 468380
6.827 0
6.828 0
6.829 407306
6.830 912674
6.831 638700
6.832 553540
6.833 0
6.834 1192240
6.835 0
6.836 510960
6.837 0
6.838 553540
6.839 0
6.840 0
6.841 596120
6.842 0
6.843 468380
6.844 0
6.845 553540
6.846 553540
6.847 0
6.848 957842
6.849 21498
6.850 0
6.851 1036994
6.852 27506
6.853 393788
6.854 32012
6.855 553540
6.856 882256
6.857 11924
6.858 553540
6.859 425800
6.860 0
6.861 0
6.862 0
6.863 510960
6.864 0
6.865 638700
6.866 0
6.867 553556
6.868 851584
6.869 0
6.870 1107080
6.871 425800
6.872 54
6.873 425746
6.874 1107080
6.875 0
6.876 425800
6.877 0
6.878 0
6.879 468380
6.880 1040014
6.881 830086
6.882 473464
6.883 424136
6.884 1275266
6.885 438826
6.886 287168
6.887 384776
6.888 41024
6.889 468380
6.890 597676
6.891 594564
6.892 0
6.893 0
6.894 0
6.895 665752
6.896 356168
6.897 468380
6.898 553540
6.899 0
6.900 0
6.901 468380
6.902 936760
6.903 33584
6.904 860596
6.905 0
6.906 0
6.907 1021920
6.908 0
6.909 638700
6.910 468380
6.911 468380
6.912 0
6.913 1107080
6.914 425800
6.915 0
6.916 425800
6.917 894180
6.918 1021920
6.919 596120
6.920 936760
6.921 894180
6.922 0
6.923 425800
6.924 0
6.925 425800
6.926 468380
6.927 0
6.928 0
6.929 0
6.930 0
6.931 0
6.932 1064500
6.933 206784
6.934 950278
6.935 205498
6.936 553540
6.937 775614
6.938 885006
6.939 468380
6.940 0
6.941 837812
6.942 737648
6.943 596120
6.944 510960
6.945 198966
6.946 354574
6.947 0
6.948 296304
6.949 172076
6.950 535008
6.951 359172
6.952 140496
6.953 1115406
6.954 575038
6.955 54
6.956 468488
6.957 851438
6.958 0
6.959 1064500
6.960 0
6.961 510960
6.962 1021920
6.963 0
6.964 0
6.965 425800
6.966 979340
6.967 468380
6.968 0
6.969 0
6.970 0
6.971 553540
6.972 390930
6.973 77450
6.974 936760
6.975 155878
6.976 397662
6.977 0
6.978 0
6.979 553540
6.980 425800
6.981 560704
6.982 465776
6.983 591560
6.984 0
6.985 1107080
6.986 638700
6.987 0
6.988 468380
6.989 425800
6.990 54
6.991 468326
6.992 425800
6.993 337474
6.994 173486
6.995 851600
6.996 807464
6.997 655492
6.998 155084
6.999 0
7.000 979340
7.001 553540
7.002 468380
7.003 0
7.004 425800
7.005 0
7.006 303852
7.007 547748
7.008 636798
7.009 981242
7.010 510960
7.011 248840
7.012 602760
7.013 521204
7.014 379200
7.015 164096
7.016 0
7.017 0
7.018 302728
7.019 123072
7.020 0
7.021 0
7.022 508950
7.023 768450
7.024 553540
7.025 0
7.026 0
7.027 0
7.028 0
7.029 468380
7.030 0
7.031 1664
7.032 509296
7.033 0
7.034 24626
7.035 443754
7.036 0
7.037 511122
7.038 510798
7.039 894180
7.040 0
7.041 0
7.042 0
7.043 859056
7.044 1355104
7.045 425800
7.046 0
7.047 0
7.048 0
7.049 468380
7.050 596120
7.051 638700
7.052 0
7.053 596120
7.054 427842
7.055 423758
7.056 255480
7.057 651964
7.058 157056
7.059 384776
7.060 466824
7.061 152350
7.062 358610
7.063 0
7.064 0
7.065 0
7.066 596120
7.067 0
7.068 1277400
7.069 0
7.070 0
7.071 0
7.072 0
7.073 1064500
7.074 0
7.075 4560
7.076 463820
7.077 468380
7.078 978038
7.079 640002
7.080 553540
7.081 468380
7.082 171822
7.083 722358
7.084 468380
7.085 510960
7.086 425800
7.087 0
7.088 0
7.089 468380
7.090 553540
7.091 425800
7.092 596120
7.093 399526
7.094 111434
7.095 468380
7.096 0
7.097 596120
7.098 596228
7.099 468272
7.100 425800
7.101 0
7.102 0
7.103 0
7.104 0
7.105 638700
7.106 556652
7.107 82048
7.108 425800
7.109 596120
7.110 594634
7.111 384706
7.112 986526
7.113 35394
7.114 425800
7.115 596120
7.116 0
7.117 227612
7.118 633324
7.119 246144
7.120 0
7.121 0
7.122 304284
7.123 164096
7.124 553540
7.125 524624
7.126 28916
7.127 287454
7.128 303690
7.129 4976
7.130 468380
7.131 1021920
7.132 525126
7.133 965174
7.134 0
7.135 0
7.136 979340
7.137 425800
7.138 468380
7.139 510960
7.140 698326
7.141 323648
7.142 553486
7.143 0
7.144 425800
7.145 0
7.146 162
7.147 638538
7.148 0
7.149 510960
7.150 0
7.151 0
7.152 0
7.153 638700
7.154 553540
7.155 1021920
7.156 0
7.157 0
7.158 261704
7.159 164096
7.160 655222
7.161 794054
7.162 356946
7.163 152458
7.164 0
7.165 716874
7.166 986326
7.167 164312
7.168 1385322
7.169 536786
7.170 0
7.171 0
7.172 0
7.173 425800
7.174 0
7.175 378028
7.176 645448
7.177 41024
7.178 553540
7.179 468380
7.180 0
7.181 38090
7.182 437924
7.183 1099446
7.184 468380
7.185 468380
7.186 596120
7.187 0
7.188 0
7.189 468380
7.190 553540
7.191 425800
7.192 468380
7.193 510960
7.194 510960
7.195 0
7.196 425800
7.197 1149714
7.198 468326
7.199 0
7.200 553540
7.201 425854
7.202 638646
7.203 510960
7.204 0
7.205 979340
7.206 510960
7.207 851600
7.208 0
7.209 596120
7.210 510960
7.211 425800
7.212 638700
7.213 0
7.214 444418
7.215 1045882
7.216 0
7.217 596120
7.218 421440
7.219 675304
7.220 521296
7.221 468380
7.222 0
7.223 553540
7.224 979340
7.225 0
7.226 425800
7.227 596120
7.228 425800
7.229 0
7.230 596120
7.231 396938
7.232 539822
7.233 0
7.234 468380
7.235 0
7.236 0
7.237 0
7.238 1192240
7.239 425800
7.240 0
7.241 510960
7.242 638700
7.243 0
7.244 38252
7.245 515288
7.246 0
7.247 425800
7.248 936760
7.249 500646
7.250 326814
7.251 237040
7.252 0
7.253 0
7.254 510960
7.255 468380
7.256 0
7.257 1064500
7.258 596120
7.259 0
7.260 468380
7.261 0
7.262 41148
7.263 1023352
7.264 553540
7.265 339916
7.266 596844
7.267 425800
7.268 0
7.269 1389742
7.270 233436
7.271 420662
7.272 0
7.273 54
7.274 1064986
7.275 851060
7.276 596120
7.277 468380
7.278 425800
7.279 0
7.280 0
7.281 638700
7.282 960992
7.283 480250
7.284 879306
7.285 66990
7.286 848542
7.287 0
7.288 274374
7.289 725632
7.290 64494
7.291 0
7.292 553540
7.293 553540
7.294 596120
7.295 553540
7.296 638700
7.297 468380
7.298 0
7.299 510960
7.300 425800
7.301 0
7.302 425800
7.303 0
7.304 447914
7.305 20466
7.306 468380
7.307 0
7.308 596120
7.309 0
7.310 553540
7.311 398640
7.312 308606
7.313 314674
7.314 467964
7.315 42996
7.316 469936
7.317 398548
7.318 196016
7.319 468380
7.320 468380
7.321 0
7.322 739296
7.323 878744
7.324 0
7.325 0
7.326 425800
7.327 425800
7.328 0
7.329 407922
7.330 613998
7.331 468488
7.332 425692
7.333 425800
7.334 3058
7.335 865318
7.336 664504
7.337 553540
7.338 144786
7.339 783994
7.340 902160
7.341 596120
7.342 0
7.343 1064500
7.344 425800
7.345 0
7.346 553540
7.347 0
7.348 510960
7.349 553540
7.350 0
7.351 425800
7.352 510960
7.353 54
7.354 1149606
7.355 0
7.356 485658
7.357 834214
7.358 809128
7.359 0
7.360 0
7.361 0
7.362 425800
7.363 468380
7.364 553540
7.365 894180
7.366 0
7.367 0
7.368 0
7.369 0
7.370 468380
7.371 0
7.372 596120
7.373 0
7.374 510960
7.375 979340
7.376 596120
7.377 0
7.378 0
7.379 0
7.380 638700
7.381 0
7.382 468380
7.383 0
7.384 0
7.385 468380
7.386 1021920
7.387 0
7.388 1107080
7.389 0
7.390 553540
7.391 0
7.392 0
7.393 174826
7.394 821090
7.395 664704
7.396 553540
7.397 468380
7.398 360366
7.399 704134
7.400 468380
7.401 0
7.402 0
7.403 596822
7.404 552838
7.405 468380
7.406 468380
7.407 0
7.408 0
7.409 0
7.410 468380
7.411 127232
7.412 341148
7.413 596120
7.414 510074
7.415 399342
7.416 155084
7.417 0
7.418 555096
7.419 41024
7.420 0
7.421 596120
7.422 638754
7.423 468326
7.424 0
7.425 553540
7.426 0
7.427 510960
7.428 1012638
7.429 562822
7.430 510960
7.431 845522
7.432 358804
7.433 401228
7.434 12486
7.435 933740
7.436 215920
7.437 0
7.438 359966
7.439 193574
7.440 384776
7.441 551984
7.442 1107080
7.443 979340
7.444 86208
7.445 382172
7.446 0
7.447 0
7.448 603176
7.449 844544
7.450 138724
7.451 287076
7.452 468380
7.453 936760
7.454 553540
7.455 936814
7.456 553486
7.457 468380
7.458 0
7.459 0
7.460 86208
7.461 382172
7.462 339484
7.463 682436
7.464 425800
7.465 468380
7.466 0
7.467 468380
7.468 0
7.469 0
7.470 50106
7.471 375694
7.472 0
7.473 687812
7.474 1270868
7.475 234906
7.476 836142
7.477 845052
7.478 638700
7.479 0
7.480 553540
7.481 596120
7.482 979340
7.483 619806
7.484 444694
7.485 425800
7.486 235484
7.487 543404
7.488 340910
7.489 540822
7.490 0
7.491 0
7.492 425800
7.493 501494
7.494 988806
7.495 0
7.496 0
7.497 0
7.498 585044
7.499 862676
7.500 468380
7.501 387456
7.502 1076840
7.503 451804
7.504 0
7.505 0
7.506 468380
7.507 553540
7.508 596120
7.509 425800
7.510 1021920
7.511 553540
7.512 0
7.513 674926
7.514 1263866
7.515 144694
7.516 428734
7.517 12826
7.518 625874
7.519 510960
7.520 1062528
7.521 222274
7.522 673878
7.523 0
7.524 468380
7.525 510960
7.526 596120
7.527 0
7.528 0
7.529 510960
7.530 638700
7.531 0
7.532 936760
7.533 638700
7.534 510960
7.535 894180
7.536 0
7.537 0
7.538 0
7.539 0
7.540 0
7.541 0
7.542 0
7.543 0
7.544 894180
7.545 553540
7.546 0
7.547 0
7.548 0
7.549 0
7.550 0
7.551 724076
7.552 1036778
7.553 581046
7.554 0
7.555 0
7.556 638700
7.557 0
7.558 638700
7.559 553540
7.560 468380
7.561 0
7.562 0
7.563 0
7.564 0
7.565 638700
7.566 428858
7.567 1061442
7.568 254540
7.569 299000
7.570 264816
7.571 246144
7.572 0
7.573 401298
7.574 24502
7.575 638700
7.576 0
7.577 937846
7.578 552454
7.579 553540
7.580 160276
7.581 733904
7.582 965352
7.583 482368
7.584 0
7.585 425800
7.586 0
7.587 886200
7.588 824240
7.589 631460
7.590 425800
7.591 0
7.592 864902
7.593 114438
7.594 0
7.595 468380
7.596 607790
7.597 1393470
7.598 0
7.599 425800
7.600 0
7.601 537780
7.602 201532
7.603 325188
7.604 162
7.605 980734
7.606 41024
7.607 0
7.608 468380
7.609 54
7.610 1358508
7.611 259478
7.612 0
7.613 329926
7.614 223614
7.615 425800
7.616 0
7.617 468380
7.618 0
7.619 0
7.620 0
7.621 468380
7.622 108
7.623 894072
7.624 488160
7.625 107960
7.626 0
7.627 0
7.628 132154
7.629 318272
7.630 443754
7.631 1064500
7.632 471438
7.633 635642
7.634 0
7.635 0
7.636 0
7.637 468380
7.638 0
7.639 0
7.640 0
7.641 638700
7.642 894180
7.643 510960
7.644 596120
7.645 149292
7.646 319088
7.647 425800
7.648 0
7.649 0
7.650 541540
7.651 395220
7.652 0
7.653 468380
7.654 278464
7.655 743456
7.656 0
7.657 784626
7.658 407614
7.659 302312
7.660 166068
7.661 179440
7.662 374100
7.663 410618
7.664 419900
7.665 1238910
7.666 16992
7.667 425800
7.668 0
7.669 0
7.670 468380
7.671 0
7.672 596120
7.673 0
7.674 0
7.675 553540
7.676 0
7.677 553540
7.678 0
7.679 1144684
7.680 537072
7.681 64024
7.682 0
7.683 0
7.684 506578
7.685 944686
7.686 422256
7.687 425800
7.688 0
7.689 762096
7.690 430144
7.691 14112
7.692 390244
7.693 64024
7.694 0
7.695 512516
7.696 41024
7.697 553540
7.698 553540
7.699 0
7.700 510960
7.701 498652
7.702 523268
7.703 0
7.704 638700
7.705 468558
7.706 510782
7.707 38144
7.708 430236
7.709 0
7.710 342596
7.711 679324
7.712 468380
7.713 510960
7.714 0
7.715 0
7.716 596120
7.717 27792
7.718 1177642
7.719 29386
7.720 0
7.721 0
7.722 468380
7.723 491018
7.724 62522
7.725 553540
7.726 0
7.727 0
7.728 441906
7.729 26474
7.730 592646
7.731 535716
7.732 532258
7.733 596120
7.734 0
7.735 0
7.736 347318
7.737 278696
7.738 233798
7.739 545328
7.740 468380
7.741 0
7.742 553540
7.743 0
7.744 510960
7.745 0
7.746 711158
7.747 140442
7.748 510960
7.749 69632
7.750 356168
7.751 0
7.752 0
7.753 0
7.754 468380
7.755 0
7.756 0
7.757 425800
7.758 468380
7.759 0
7.760 596120
7.761 596120
7.762 0
7.763 1021920
7.764 510960
7.765 553540
7.766 1107080
7.767 0
7.768 0
7.769 425800
7.770 425800
7.771 0
7.772 553540
7.773 0
7.774 0
7.775 1009996
7.776 480304
7.777 0
7.778 123866
7.779 429674
7.780 894234
7.781 578328
7.782 613858
7.783 638700
7.784 0
7.785 468380
7.786 553540
7.787 420824
7.788 601096
7.789 0
7.790 510960
7.791 638700
7.792 0
7.793 419322
7.794 560018
7.795 468380
7.796 894180
7.797 0
7.798 0
7.799 553540
7.800 613328
7.801 876140
7.802 560634
7.803 760178
7.804 425800
7.805 434542
7.806 76418
7.807 437400
7.808 499360
7.809 0
7.810 0
7.811 0
7.812 596120
7.813 894180
7.814 468380
7.815 0
7.816 553540
7.817 1149660
7.818 820766
7.819 73414
7.820 0
7.821 1044504
7.822 488376
7.823 553540
7.824 623858
7.825 525802
7.826 468380
7.827 553540
7.828 468380
7.829 0
7.830 553540
7.831 468380
7.832 1064500
7.833 553540
7.834 512516
7.835 41024
7.836 0
7.837 638700
7.838 430468
7.839 591452
7.840 553540
7.841 851600
7.842 0
7.843 638700
7.844 1064500
7.845 0
7.846 0
7.847 468380
7.848 979340
7.849 0
7.850 0
7.851 638700
7.852 468380
7.853 0
7.854 0
7.855 0
7.856 433472
7.857 545868
7.858 0
7.859 0
7.860 510960
7.861 0
7.862 638700
7.863 914792
7.864 660668
7.865 425800
7.866 425800
7.867 306078
7.868 247462
7.869 0
7.870 553540
7.871 0
7.872 0
7.873 784410
7.874 705890
7.875 638700
7.876 0
7.877 0
7.878 888734
7.879 227828
7.880 756958
7.881 425800
7.882 468380
7.883 907698
7.884 284542
7.885 0
7.886 108
7.887 894072
7.888 596120
7.889 0
7.890 1021920
7.891 553540
7.892 468380
7.893 0
7.894 0
7.895 0
7.896 0
7.897 425800
7.898 0
7.899 1064500
7.900 468380
7.901 0
7.902 468380
7.903 0
7.904 553540
7.905 468380
7.906 199798
7.907 460454
7.908 830048
7.909 425800
7.910 425800
7.911 0
7.912 936760
7.913 425800
7.914 0
7.915 425800
7.916 0
7.917 0
7.918 0
7.919 468380
7.920 0
7.921 425800
7.922 0
7.923 0
7.924 0
7.925 0
7.926 425800
7.927 1014502
7.928 7418
7.929 0
7.930 369286
7.931 477608
7.932 217606
7.933 0
7.934 828384
7.935 150956
7.936 0
7.937 0
7.938 0
7.939 0
7.940 425800
7.941 638700
7.942 0
7.943 0
7.944 425800
7.945 0
7.946 425800
7.947 510960
7.948 596120
7.949 116718
7.950 351662
7.951 0
7.952 0
7.953 1021920
7.954 468380
7.955 425800
7.956 468380
7.957 979340
7.958 425800
7.959 539082
7.960 1164118
7.961 0
7.962 425800
7.963 54
7.964 596066
7.965 596120
7.966 468380
7.967 946858
7.968 32482
7.969 677698
7.970 216482
7.971 468380
7.972 425800
7.973 0
7.974 638700
7.975 0
7.976 0
7.977 553540
7.978 0
7.979 201862
7.980 692318
7.981 553540
7.982 468380
7.983 0
7.984 468380
7.985 0
7.986 0
7.987 497264
7.988 328764
7.989 389282
7.990 402730
7.991 0
7.992 596120
7.993 596120
7.994 468380
7.995 553540
7.996 936760
7.997 959906
7.998 1057622
7.999 154052
8.000 0
8.001 638700
8.002 553540
8.003 0
8.004 803266
8.005 644454
8.006 627624
8.007 905256
8.008 0
8.009 638700
8.010 596120
8.011 0
8.012 0
8.013 596120
8.014 0
8.015 979340
8.016 510960
8.017 0
8.018 553540
8.019 0
8.020 0
8.021 468380
8.022 468380
8.023 596120
8.024 1021920
8.025 553648
8.026 1106972
8.027 365396
8.028 169828
8.029 529276
8.030 553540
8.031 468380
8.032 553540
8.033 553540
8.034 468380
8.035 0
8.036 468542
8.037 1021758
8.038 0
8.039 0
8.040 0
8.041 159806
8.042 776954
8.043 522014
8.044 414746
8.045 0
8.046 0
8.047 510960
8.048 425800
8.049 0
8.050 553540
8.051 60836
8.052 535284
8.053 220356
8.054 248024
8.055 468380
8.056 0
8.057 425800
8.058 0
8.059 0
8.060 0
8.061 0
8.062 510960
8.063 0
8.064 468380
8.065 0
8.066 553540
8.067 510960
8.068 749810
8.069 655330
8.070 596120
8.071 0
8.072 0
8.073 553540
8.074 596120
8.075 0
8.076 537580
8.077 569500
8.078 553540
8.079 608606
8.080 285574
8.081 0
8.082 596120
8.083 425800
8.084 553540
8.085 0
8.086 0
8.087 0
8.088 0
8.089 425800
8.090 806432
8.091 258068
8.092 510960
8.093 54
8.094 1054332
8.095 180434
8.096 149146
8.097 276654
8.098 0
8.099 343752
8.100 82048
8.101 351262
8.102 100666
8.103 970496
8.104 67876
8.105 311794
8.106 156586
8.107 0
8.108 62122
8.109 561034
8.110 575308
8.111 164096
8.112 553540
8.113 0
8.114 0
8.115 0
8.116 427356
8.117 466824
8.118 369162
8.119 386564
8.120 223614
8.121 0
8.122 0
8.123 386332
8.124 82048
8.125 568668
8.126 70032
8.127 0
8.128 0
8.129 0
8.130 0
8.131 553540
8.132 468380
8.133 0
8.134 0
8.135 468380
8.136 0
8.137 596120
8.138 0
8.139 1192240
8.140 468380
8.141 0
8.142 475906
8.143 375694
8.144 468380
8.145 29240
8.146 524300
8.147 468380
8.148 0
8.149 979340
8.150 425908
8.151 936652
8.152 581208
8.153 569392
8.154 277124
8.155 366552
8.156 292144
8.157 0
8.158 123974
8.159 514726
8.160 895736
8.161 594564
8.162 638700
8.163 0
8.164 0
8.165 0
8.166 0
8.167 0
8.168 553540
8.169 279874
8.170 656886
8.171 0
8.172 425800
8.173 0
8.174 21838
8.175 616862
8.176 0
8.177 468380
8.178 3598
8.179 542140
8.180 988698
8.181 582932
8.182 96792
8.183 0
8.184 512046
8.185 427826
8.186 635588
8.187 510960
8.188 9120
8.189 544474
8.190 553486
8.191 638700
8.192 553594
8.193 692680
8.194 286606
8.195 468380
8.196 510960
8.197 425800
8.198 1192240
8.199 468380
8.200 516168
8.201 548332
8.202 468380
8.203 0
8.204 568706
8.205 27414
8.206 0
8.207 0
8.208 278388
8.209 275152
8.210 0
8.211 1107080
8.212 638700
8.213 0
8.214 435628
8.215 117912
8.216 0
8.217 150810
8.218 402730
8.219 553648
8.220 425692
8.221 56114
8.222 369686
8.223 553540
8.224 1064500
8.225 0
8.226 468380
8.227 638700
8.228 0
8.229 425114
8.230 681966
8.231 0
8.232 761826
8.233 685894
8.234 1149660
8.235 0
8.236 0
8.237 0
8.238 0
8.239 0
8.240 596120
8.241 468380
8.242 648414
8.243 1012206
8.244 0
8.245 0
8.246 362808
8.247 1042332
8.248 0
8.249 468380
8.250 0
8.251 638700
8.252 0
8.253 468380
8.254 0
8.255 0
8.256 0
8.257 553540
8.258 0
8.259 0
8.260 0
8.261 0
8.262 0
8.263 594
8.264 467786
8.265 0
8.266 468380
8.267 0
8.268 0
8.269 487960
8.270 23000
8.271 638700
8.272 596120
8.273 0
8.274 54
8.275 425746
8.276 0
8.277 468380
8.278 969442
8.279 52478
8.280 0
8.281 425800
8.282 0
8.283 0
8.284 596120
8.285 596120
8.286 219324
8.287 717436
8.288 0
8.289 0
8.290 347410
8.291 428296
8.292 118474
8.293 0
8.294 0
8.295 638700
8.296 1050766
8.297 141474
8.298 0
8.299 364942
8.300 188598
8.301 468380
8.302 510960
8.303 0
8.304 468380
8.305 0
8.306 0
8.307 468380
8.308 0
8.309 0
8.310 425800
8.311 553540
8.312 38198
8.313 941142
8.314 425800
8.315 596120
8.316 510960
8.317 0
8.318 596120
8.319 0
8.320 468380
8.321 0
8.322 979340
8.323 468380
8.324 24842
8.325 1082238
8.326 0
8.327 993144
8.328 1093276
8.329 553540
8.330 0
8.331 468380
8.332 979394
8.333 894126
8.334 0
8.335 425800
8.336 0
8.337 638700
8.338 0
8.339 596120
8.340 510960
8.341 0
8.342 553540
8.343 0
8.344 0
8.345 0
8.346 0
8.347 553594
8.348 1192186
8.349 553540
8.350 164890
8.351 942190
8.352 0
8.353 510960
8.354 0
8.355 596120
8.356 0
8.357 54
8.358 1064446
8.359 0
8.360 468380
8.361 553540
8.362 466554
8.363 555366
8.364 29294
8.365 1205526
8.366 0
8.367 269868
8.368 510760
8.369 70972
8.370 0
8.371 0
8.372 546262
8.373 1114358
8.374 416048
8.375 584914
8.376 446758
8.377 801294
8.378 135466
8.379 0
8.380 510960
8.381 205806
8.382 730954
8.383 0
8.384 0
8.385 892208
8.386 1972
8.387 0
8.388 3598
8.389 910162
8.390 491380
8.391 777932
8.392 243988
8.393 468380
8.394 468380
8.395 571110
8.396 365650
8.397 0
8.398 468380
8.399 936760
8.400 1021920
8.401 425800
8.402 170736
8.403 723444
8.404 468380
8.405 320120
8.406 470206
8.407 445380
8.408 254594
8.409 445380
8.410 23000
8.411 553540
8.412 510960
8.413 638700
8.414 0
8.415 114746
8.416 353634
8.417 553540
8.418 498620
8.419 558062
8.420 135558
8.421 0
8.422 473588
8.423 548332
8.424 0
8.425 0
8.426 406620
8.427 785620
8.428 0
8.429 0
8.430 425800
8.431 468380
8.432 510960
8.433 553540
8.434 468380
8.435 596120
8.436 936760
8.437 553540
8.438 0
8.439 425800
8.440 425800
8.441 18834
8.442 1215986
8.443 1064500
8.444 510960
8.445 596120
8.446 1192240
8.447 0
8.448 421440
8.449 46940
8.450 425800
8.451 553540
8.452 553540
8.453 0
8.454 3058
8.455 784572
8.456 106550
8.457 553540
8.458 0
8.459 0
8.460 0
8.461 553540
8.462 0
8.463 0
8.464 425800
8.465 439372
8.466 667708
8.467 108
8.468 468272
8.469 402800
8.470 813980
8.471 230940
8.472 63786
8.473 463750
8.474 538520
8.475 41024
8.476 0
8.477 553540
8.478 553540
8.479 6656
8.480 541108
8.481 1027696
8.482 468380
8.483 553540
8.484 596120
8.485 425800
8.486 979340
8.487 596120
8.488 0
8.489 887702
8.490 667832
8.491 956686
8.492 0
8.493 0
8.494 54
8.495 425746
8.496 0
8.497 44098
8.498 850082
8.499 425800
8.500 0
8.501 0
8.502 425800
8.503 468380
8.504 102730
8.505 365650
8.506 0
8.507 1021920
8.508 0
8.509 1107080
8.510 1084836
8.511 618364
8.512 0
8.513 0
8.514 0
8.515 425800
8.516 425800
8.517 553540
8.518 596120
8.519 957372
8.520 21968
8.521 0
8.522 979340
8.523 0
8.524 0
8.525 191764
8.526 659836
8.527 0
8.528 468380
8.529 553540
8.530 20336
8.531 618364
8.532 0
8.533 0
8.534 553540
8.535 0
8.536 1064500
8.537 510960
8.538 54
8.539 1169780
8.540 1384966
8.541 1021920
8.542 0
8.543 916494
8.544 1020688
8.545 21498
8.546 567598
8.547 965282
8.548 468380
8.549 87656
8.550 849104
8.551 0
8.552 0
8.553 638700
8.554 0
8.555 0
8.556 0
8.557 0
8.558 468380
8.559 894180
8.560 468380
8.561 1107080
8.562 468380
8.563 510960
8.564 0
8.565 553540
8.566 510960
8.567 468380
8.568 638700
8.569 553540
8.570 419322
8.571 474858
8.572 0
8.573 0
8.574 0
8.575 553540
8.576 0
8.577 0
8.578 0
8.579 596120
8.580 0
8.581 553540
8.582 0
8.583 553540
8.584 468380
8.585 41094
8.586 895666
8.587 468380
8.588 0
8.589 0
8.590 1556
8.591 637144
8.592 0
8.593 468380
8.594 468380
8.595 0
8.596 638700
8.597 0
8.598 131684
8.599 805076
8.600 957210
8.601 460162
8.602 158088
8.603 0
8.604 389444
8.605 707684
8.606 9952
8.607 93664
8.608 332136
8.609 0
8.610 638700
8.611 30688
8.612 480272
8.613 553540
8.614 596120
8.615 260440
8.616 207940
8.617 553540
8.618 510960
8.619 1064500
8.620 0
8.621 638700
8.622 468380
8.623 0
8.624 0
8.625 894180
8.626 468380
8.627 0
8.628 0
8.629 468380
8.630 0
8.631 439302
8.632 501294
8.633 596898
8.634 550482
8.635 41024
8.636 468380
8.637 77196
8.638 391184
8.639 1064500
8.640 510960
8.641 0
8.642 638700
8.643 596120
8.644 468380
8.645 0
8.646 0
8.647 638700
8.648 425800
8.649 425800
8.650 585784
8.651 1159996
8.652 0
8.653 425800
8.654 629796
8.655 392124
8.656 510960
8.657 599178
8.658 39522
8.659 0
8.660 0
8.661 638754
8.662 596066
8.663 0
8.664 611372
8.665 1309126
8.666 676882
8.667 0
8.668 0
8.669 553540
8.670 894180
8.671 54
8.672 1021866
8.673 0
8.674 510960
8.675 0
8.676 468380
8.677 468380
8.678 0
8.679 596120
8.680 0
8.681 894180
8.682 468380
8.683 0
8.684 492952
8.685 1934108
8.686 428912
8.687 679724
8.688 41024
8.689 553540
8.690 0
8.691 0
8.692 468380
8.693 0
8.694 553540
8.695 0
8.696 596120
8.697 507016
8.698 3944
8.699 0
8.700 0
8.701 950170
8.702 753030
8.703 0
8.704 36588
8.705 942752
8.706 0
8.707 0
8.708 425800
8.709 626214
8.710 540022
8.711 631730
8.712 458774
8.713 510960
8.714 425800
8.715 425800
8.716 0
8.717 128426
8.718 563330
8.719 854696
8.720 29008
8.721 468380
8.722 0
8.723 468380
8.724 76218
8.725 434742
8.726 1089618
8.727 115794
8.728 863600
8.729 59988
8.730 0
8.731 0
8.732 414816
8.733 479364
8.734 596120
8.735 0
8.736 425800
8.737 468380
8.738 553540
8.739 468380
8.740 979340
8.741 596120
8.742 0
8.743 510960
8.744 468380
8.745 0
8.746 425854
8.747 468326
8.748 553540
8.749 638700
8.750 510960
8.751 0
8.752 894180
8.753 553540
8.754 0
8.755 468380
8.756 510960
8.757 405896
8.758 445704
8.759 468380
8.760 594
8.761 650122
8.762 787522
8.763 988822
8.764 0
8.765 638700
8.766 0
8.767 0
8.768 53110
8.769 926230
8.770 0
8.771 425800
8.772 296088
8.773 687866
8.774 80546
8.775 384776
8.776 41024
8.777 392432
8.778 75948
8.779 425800
8.780 979340
8.781 596120
8.782 0
8.783 468380
8.784 0
8.785 510960
8.786 425800
8.787 553540
8.788 1021920
8.789 398294
8.790 413838
8.791 82048
8.792 0
8.793 553540
8.794 425800
8.795 425800
8.796 468380
8.797 0
8.798 468380
8.799 0
8.800 468380
8.801 553540
8.802 553540
8.803 554134
8.804 936166
8.805 468380
8.806 553540
8.807 0
8.808 510960
8.809 425800
8.810 0
8.811 0
8.812 846824
8.813 1069276
8.814 468380
8.815 596120
8.816 0
8.817 331412
8.818 640596
8.819 944092
8.820 425800
8.821 1021920
8.822 510960
8.823 979340
8.824 204866
8.825 731894
8.826 0
8.827 553540
8.828 0
8.829 425800
8.830 2258
8.831 1232562
8.832 468380
8.833 286352
8.834 778148
8.835 1021920
8.836 468380
8.837 0
8.838 979340
8.839 0
8.840 468380
8.841 349382
8.842 715118
8.843 0
8.844 0
8.845 0
8.846 468380
8.847 0
8.848 0
8.849 0
8.850 468380
8.851 596120
8.852 3598
8.853 778840
8.854 239482
8.855 987466
8.856 1184114
8.857 569154
8.858 452766
8.859 0
8.860 619336
8.861 913544
8.862 0
8.863 0
8.864 638700
8.865 510960
8.866 468380
8.867 596120
8.868 319504
8.869 282748
8.870 586168
8.871 1068320
8.872 0
8.873 1149660
8.874 0
8.875 0
8.876 0
8.877 0
8.878 0
8.879 0
8.880 553540
8.881 743224
8.882 150956
8.883 72852
8.884 523268
8.885 349436
8.886 639586
8.887 75478
8.888 0
8.889 0
8.890 425800
8.891 0
8.892 685786
8.893 761934
8.894 0
8.895 0
8.896 936760
8.897 0
8.898 555690
8.899 977190
8.900 1356082
8.901 6478
8.902 430414
8.903 932146
8.904 468380
8.905 425800
8.906 596120
8.907 468380
8.908 77196
8.909 391184
8.910 0
8.911 425800
8.912 638700
8.913 425800
8.914 468380
8.915 468380
8.916 0
8.917 0
8.918 0
8.919 553540
8.920 894180
8.921 553540
8.922 0
8.923 199328
8.924 599848
8.925 648544
8.926 1021920
8.927 468380
8.928 0
8.929 510960
8.930 0
8.931 1064608
8.932 468272
8.933 441906
8.934 494854
8.935 0
8.936 468380
8.937 0
8.938 0
8.939 119360
8.940 897638
8.941 503396
8.942 660792
8.943 458774
8.944 0
8.945 468380
8.946 510960
8.947 0
8.948 468380
8.949 0
8.950 0
8.951 0
8.952 553540
8.953 425800
8.954 0
8.955 0
8.956 553540
8.957 510960
8.958 0
8.959 0
8.960 0
8.961 0
8.962 0
8.963 468380
8.964 0
8.965 510960
8.966 886654
8.967 445774
8.968 328192
8.969 469936
8.970 41024
8.971 427356
8.972 41024
8.973 489570
8.974 1341370
8.975 917634
8.976 404372
8.977 338614
8.978 0
8.979 553540
8.980 553540
8.981 0
8.982 0
8.983 553540
8.984 553540
8.985 0
8.986 468380
8.987 0
8.988 0
8.989 0
8.990 553540
8.991 468380
8.992 0
8.993 553540
8.994 468380
8.995 0
8.996 200468
8.997 353072
8.998 0
8.999 0
9.000 387888
9.001 123072
9.002 0
9.003 0
9.004 0
9.005 553540
9.006 0
9.007 0
9.008 0
9.009 596120
9.010 425800
9.011 1021920
9.012 1021920
9.013 0
9.014 0
9.015 0
9.016 425800
9.017 1107080
9.018 0
9.019 468380
9.020 468380
9.021 553540
9.022 553540
9.023 0
9.024 1107080
9.025 638700
9.026 894180
9.027 1064500
9.028 468380
9.029 425800
9.030 1277400
9.031 468380
9.032 553540
9.033 425800
9.034 0
9.035 0
9.036 553540
9.037 596120
9.038 638700
9.039 57670
9.040 410710
9.041 1112126
9.042 420754
9.043 0
9.044 594
9.045 467786
9.046 0
9.047 0
9.048 553540
9.049 0
9.050 65288
9.051 1467592
9.052 468380
9.053 0
9.054 0
9.055 0
9.056 262882
9.057 205498
9.058 0
9.059 199274
9.060 226526
9.061 425800
9.062 0
9.063 0
9.064 425800
9.065 0
9.066 468380
9.067 468380
9.068 638700
9.069 510960
9.070 596120
9.071 979340
9.072 425800
9.073 801402
9.074 688898
9.075 0
9.076 0
9.077 0
9.078 1064500
9.079 468380
9.080 468380
9.081 0
9.082 0
9.083 0
9.084 655292
9.085 920168
9.086 553540
9.087 553540
9.088 0
9.089 553540
9.090 0
9.091 0
9.092 0
9.093 499068
9.094 480272
9.095 0
9.096 0
9.097 596120
9.098 553540
9.099 0
9.100 510960
9.101 468380
9.102 0
9.103 0
9.104 1107080
9.105 0
9.106 0
9.107 719824
9.108 302096
9.109 596120
9.110 425800
9.111 553540
9.112 0
9.113 0
9.114 539568
9.115 397192
9.116 0
9.117 0
9.118 463604
9.119 89936
9.120 225186
9.121 586946
9.122 82048
9.123 1192240
9.124 0
9.125 11108
9.126 457272
9.127 553540
9.128 0
9.129 0
9.130 511068
9.131 851492
9.132 0
9.133 851600
9.134 596120
9.135 936760
9.136 0
9.137 0
9.138 0
9.139 0
9.140 979340
9.141 1107080
9.142 0
9.143 596120
9.144 0
9.145 0
9.146 0
9.147 0
9.148 179910
9.149 373630
9.150 425800
9.151 553540
9.152 432456
9.153 504304
9.154 0
9.155 0
9.156 0
9.157 0
9.158 0
9.159 468380
9.160 596120
9.161 936760
9.162 425800
9.163 425800
9.164 468380
9.165 1107080
9.166 468380
9.167 0
9.168 283294
9.169 142506
9.170 0
9.171 553540
9.172 42866
9.173 595834
9.174 425800
9.175 9660
9.176 501300
9.177 0
9.178 168872
9.179 707014
9.180 103454
9.181 0
9.182 0
9.183 0
9.184 0
9.185 763328
9.186 216012
9.187 245890
9.188 690870
9.189 425800
9.190 0
9.191 0
9.192 0
9.193 553540
9.194 468380
9.195 0
9.196 0
9.197 425800
9.198 425800
9.199 0
9.200 0
9.201 425800
9.202 841432
9.203 137908
9.204 266372
9.205 287168
9.206 0
9.207 0
9.208 0
9.209 0
9.210 1025032
9.211 82048
9.212 0
9.213 675218
9.214 815082
9.215 0
9.216 468380
9.217 0
9.218 425800
9.219 578274
9.220 997186
9.221 1021920
9.222 553540
9.223 979340
9.224 596120
9.225 820404
9.226 158936
9.227 553540
9.228 553540
9.229 553540
9.230 425800
9.231 468380
9.232 0
9.233 468380
9.234 596120
9.235 596120
9.236 0
9.237 936760
9.238 0
9.239 510960
9.240 596120
9.241 468380
9.242 1149660
9.243 894180
9.244 0
9.245 339122
9.246 401854
9.247 451264
9.248 425800
9.249 0
9.250 0
9.251 0
9.252 452982
9.253 18942
9.254 418782
9.255 557014
9.256 399942
9.257 664558
9.258 468380
9.259 596120
9.260 120916
9.261 832150
9.262 111434
9.263 468380
9.264 425800
9.265 491450
9.266 956270
9.267 54
9.268 936706
9.269 0
9.270 435428
9.271 32952
9.272 523678
9.273 966622
9.274 468380
9.275 524548
9.276 412212
9.277 510960
9.278 0
9.279 468380
9.280 0
9.281 0
9.282 1192240
9.283 468380
9.284 596120
9.285 0
9.286 904948
9.287 116972
9.288 0
9.289 1037610
9.290 598038
9.291 24972
9.292 596120
9.293 0
9.294 0
9.295 0
9.296 468380
9.297 238126
9.298 891646
9.299 105048
9.300 599178
9.301 39522
9.302 0
9.303 553540
9.304 638700
9.305 0
9.306 463566
9.307 771254
9.308 0
9.309 468380
9.310 0
9.311 510960
9.312 425854
9.313 936706
9.314 0
9.315 0
9.316 553540
9.317 638700
9.318 468380
9.319 0
9.320 0
9.321 389428
9.322 675072
9.323 592322
9.324 438934
9.325 246144
9.326 0
9.327 936760
9.328 0
9.329 0
9.330 468380
9.331 468380
9.332 0
9.333 0
9.334 1499982
9.335 543858
9.336 0
9.337 425800
9.338 468380
9.339 0
9.340 426448
9.341 510312
9.342 0
9.343 596120
9.344 0
9.345 468380
9.346 425800
9.347 0
9.348 0
9.349 0
9.350 0
9.351 510960
9.352 936760
9.353 447422
9.354 915138
9.355 638700
9.356 0
9.357 468380
9.358 0
9.359 596120
9.360 0
9.361 468380
9.362 468380
9.363 74246
9.364 922902
9.365 176722
9.366 451734
9.367 35016
9.368 0
9.369 0
9.370 524532
9.371 29008
9.372 979340
9.373 0
9.374 468380
9.375 468380
9.376 596120
9.377 553540
9.378 0
9.379 314982
9.380 153398
9.381 138632
9.382 287168
9.383 386332
9.384 82048
9.385 0
9.386 0
9.387 512516
9.388 100196
9.389 1388548
9.390 425800
9.391 1064500
9.392 0
9.393 553540
9.394 425800
9.395 0
9.396 425800
9.397 553540
9.398 1362560
9.399 142306
9.400 829054
9.401 476360
9.402 0
9.403 510960
9.404 468542
9.405 894018
9.406 638700
9.407 127340
9.408 426200
9.409 0
9.410 553540
9.411 425800
9.412 894180
9.413 0
9.414 0
9.415 0
9.416 425800
9.417 0
9.418 638700
9.419 1234820
9.420 0
9.421 0
9.422 553540
9.423 1064500
9.424 553540
9.425 553540
9.426 450648
9.427 102892
9.428 316516
9.429 322184
9.430 0
9.431 553540
9.432 979340
9.433 638700
9.434 596120
9.435 425800
9.436 0
9.437 0
9.438 425800
9.439 0
9.440 553540
9.441 1277400
9.442 0
9.443 0
9.444 468380
9.445 468380
9.446 823570
9.447 290274
9.448 558846
9.449 456310
9.450 0
9.451 0
9.452 384776
9.453 41024
9.454 618704
9.455 573536
9.456 0
9.457 0
9.458 0
9.459 1234188
9.460 809652
9.461 979340
9.462 0
9.463 553540
9.464 0
9.465 468380
9.466 920330
9.467 16430
9.468 468380
9.469 0
9.470 510960
9.471 0
9.472 0
9.473 553540
9.474 628710
9.475 895390
9.476 562320
9.477 425800
9.478 425800
9.479 0
9.480 553540
9.481 553540
9.482 468380
9.483 425800
9.484 468434
9.485 510906
9.486 638700
9.487 3598
9.488 464782
9.489 385646
9.490 254572
9.491 381702
9.492 54
9.493 553486
9.494 14220
9.495 539320
9.496 596120
9.497 425800
9.498 841594
9.499 265486
9.500 994414
9.501 815336
9.502 191510
9.503 468380
9.504 0
9.505 638700
9.506 425800
9.507 553540
9.508 468380
9.509 0
9.510 32244
9.511 521296
9.512 468380
9.513 553540
9.514 0
9.515 0
9.516 0
9.517 741322
9.518 294926
9.519 624372
9.520 425800
9.521 0
9.522 979340
9.523 0
9.524 0
9.525 0
9.526 0
9.527 553540
9.528 0
9.529 0
9.530 596120
9.531 0
9.532 553540
9.533 468380
9.534 0
9.535 1021920
9.536 478910
9.537 841070
9.538 553540
9.539 0
9.540 512624
9.541 466716
9.542 865426
9.543 908530
9.544 355044
9.545 468380
9.546 0
9.547 553540
9.548 468380
9.549 510960
9.550 189846
9.551 855198
9.552 445256
9.553 638700
9.554 453430
9.555 440750
9.556 0
9.557 468380
9.558 596120
9.559 425800
9.560 1064500
9.561 0
9.562 553540
9.563 905094
9.564 199160
9.565 513786
9.566 468380
9.567 0
9.568 0
9.569 553540
9.570 0
9.571 1064500
9.572 425800
9.573 468380
9.574 54
9.575 1064446
9.576 0
9.577 1021920
9.578 555150
9.579 739550
9.580 688606
9.581 954714
9.582 635118
9.583 216482
9.584 596120
9.585 0
9.586 0
9.587 429398
9.588 1018322
9.589 494616
9.590 953104
9.591 0
9.592 842318
9.593 94442
9.594 191456
9.595 1000784
9.596 0
9.597 638700
9.598 0
9.599 21622
9.600 446758
9.601 428912
9.602 550428
9.603 0
9.604 553540
9.605 0
9.606 461902
9.607 645178
9.608 0
9.609 0
9.610 553540
9.611 468380
9.612 936760
9.613 0
9.614 0
9.615 1017614
9.616 89466
9.617 0
9.618 269430
9.619 326690
9.620 0
9.621 553540
9.622 0
9.623 0
9.624 427410
9.625 466770
9.626 0
9.627 553540
9.628 0
9.629 197518
9.630 898632
9.631 53510
9.632 0
9.633 0
9.634 0
9.635 108
9.636 1023368
9.637 429620
9.638 303576
9.639 287168
9.640 0
9.641 0
9.642 0
9.643 0
9.644 0
9.645 0
9.646 0
9.647 425800
9.648 0
9.649 0
9.650 445380
9.651 23000
9.652 1107080
9.653 0
9.654 553540
9.655 468380
9.656 468380
9.657 0
9.658 596120
9.659 510960
9.660 596120
9.661 3544
9.662 422310
9.663 936706
9.664 596120
9.665 0
9.666 514072
9.667 82048
9.668 0
9.669 0
9.670 0
9.671 468380
9.672 0
9.673 490640
9.674 531280
9.675 0
9.676 0
9.677 0
9.678 0
9.679 0
9.680 443878
9.681 24502
9.682 41148
9.683 427232
9.684 638700
9.685 553540
9.686 553540
9.687 1064500
9.688 0
9.689 0
9.690 0
9.691 468380
9.692 553540
9.693 0
9.694 0
9.695 557230
9.696 464690
9.697 261704
9.698 425168
9.699 538828
9.700 222020
9.701 596120
9.702 798706
9.703 95474
9.704 1107080
9.705 0
9.706 230400
9.707 237980
9.708 0
9.709 553540
9.710 273088
9.711 630428
9.712 246144
9.713 638700
9.714 0
9.715 411650
9.716 780590
9.717 936760
9.718 817616
9.719 332044
9.720 0
9.721 398510
9.722 795178
9.723 450934
9.724 356638
9.725 0
9.726 0
9.727 0
9.728 0
9.729 162
9.730 468218
9.731 0
9.732 20174
9.733 490786
9.734 0
9.735 0
9.736 2150
9.737 977190
9.738 0
9.739 510960
9.740 0
9.741 0
9.742 510960
9.743 510960
9.744 469936
9.745 1105524
9.746 164258
9.747 261542
9.748 0
9.749 596120
9.750 246414
9.751 690346
9.752 553594
9.753 1301432
9.754 444294
9.755 0
9.756 638700
9.757 896714
9.758 295526
9.759 54
9.760 405280
9.761 20466
9.762 207362
9.763 303598
9.764 979340
9.765 0
9.766 0
9.767 29132
9.768 439248
9.769 553540
9.770 0
9.771 1021920
9.772 326436
9.773 419284
9.774 191040
9.775 0
9.776 468380
9.777 1234820
9.778 638700
9.779 0
9.780 0
9.781 0
9.782 1107080
9.783 468380
9.784 203996
9.785 392124
9.786 468380
9.787 619736
9.788 367384
9.789 205120
9.790 407398
9.791 123104
9.792 959798
9.793 0
9.794 1004928
9.795 16992
9.796 0
9.797 425800
9.798 510960
9.799 0
9.800 0
9.801 425800
9.802 596120
9.803 425800
9.804 0
9.805 0
9.806 481482
9.807 428950
9.808 612966
9.809 648182
9.810 638700
9.811 468380
9.812 0
9.813 425800
9.814 510960
9.815 0
9.816 553540
9.817 553540
9.818 0
9.819 596120
9.820 1149660
9.821 0
9.822 0
9.823 0
9.824 425800
9.825 0
9.826 468380
9.827 528076
9.828 1089964
9.829 0
9.830 596120
9.831 0
9.832 468488
9.833 596012
9.834 0
9.835 596120
9.836 1107080
9.837 565318
9.838 1124456
9.839 13426
9.840 226326
9.841 284634
9.842 638700
9.843 425800
9.844 553540
9.845 1192294
9.846 1064446
9.847 475036
9.848 1263126
9.849 1370178
9.850 468380
9.851 342488
9.852 125892
9.853 0
9.854 54
9.855 359804
9.856 108522
9.857 0
9.858 425800
9.859 401352
9.860 67028
9.861 0
9.862 425800
9.863 1021920
9.864 0
9.865 0
9.866 0
9.867 585892
9.868 1202468
9.869 0
9.870 553540
9.871 0
9.872 776484
9.873 694090
9.874 701006
9.875 0
9.876 596120
9.877 553540
9.878 553540
9.879 54
9.880 553486
9.881 0
9.882 0
9.883 553540
9.884 0
9.885 596120
9.886 479072
9.887 1053808
9.888 468380
9.889 0
9.890 0
9.891 0
9.892 553540
9.893 596120
9.894 645248
9.895 419252
9.896 0
9.897 420878
9.898 574476
9.899 361214
9.900 389212
9.901 425800
9.902 0
9.903 468380
9.904 0
9.905 553540
9.906 468380
9.907 553540
9.908 0
9.909 0
9.910 0
9.911 468380
9.912 0
9.913 0
9.914 0
9.915 425800
9.916 0
9.917 638700
9.918 425800
9.919 0
9.920 425800
9.921 553540
9.922 0
9.923 1447720
9.924 513110
9.925 508810
9.926 0
9.927 468380
9.928 1362560
9.929 0
9.930 553540
9.931 0
9.932 425800
9.933 425800
9.934 0
9.935 553540
9.936 0
9.937 766132
9.938 504914
9.939 466754
9.940 456364
9.941 19996
9.942 553540
9.943 553540
9.944 1064500
9.945 0
9.946 425800
9.947 425800
9.948 259516
9.949 668032
9.950 590928
9.951 56984
9.952 468380
9.953 553540
9.954 638700
9.955 200268
9.956 736492
9.957 0
9.958 553540
9.959 425800
9.960 0
9.961 425800
9.962 468380
9.963 425800
9.964 0
9.965 0
9.966 553540
9.967 0
9.968 0
9.969 468380
9.970 0
9.971 553540
9.972 0
9.973 162
9.974 1362398
9.975 54
9.976 638646
9.977 0
9.978 0
9.979 468380
9.980 425800
9.981 936760
9.982 0
9.983 468380
9.984 0
9.985 638700
9.986 425800
9.987 425800
9.988 510960
9.989 0
9.990 607212
9.991 1266308
9.992 0
9.993 468380
9.994 27738
9.995 525802
9.996 691794
9.997 287546
9.998 468380
