Time(s),BytesReceived
0.500560092,58
0.5015600920000001,116
0.502560092,58
0.5035600920000001,58
0.504560092,0
0.5055600920000001,58
0.506560092,58
0.5075600920000001,58
0.508560092,58
0.5095600920000001,145864
0.510560092,500224
0.5115600920000001,441978
0.512560092,58
0.5135600920000001,58
0.514560092,58
0.5155600920000001,0
0.516560092,0
0.5175600920000001,0
0.518560092,0
0.5195600920000001,0
0.520560092,0
0.5215600920000001,0
0.522560092,0
0.5235600920000001,0
0.524560092,0
0.5255600920000001,0
0.526560092,0
0.5275600920000001,0
0.528560092,0
0.5295600920000001,0
0.530560092,0
0.5315600920000001,0
0.532560092,0
0.5335600920000001,0
0.534560092,115766
0.5355600920000001,491154
0.536560092,518190
0.5375600920000001,518190
0.538560092,519692
0.5395600920000001,518190
0.540560092,518190
0.5415600920000001,519692
0.542560092,518190
0.5435600920000001,518190
0.544560092,518190
0.5455600920000001,519692
0.546560092,518190
0.5475600920000001,518190
0.548560092,519692
0.5495600920000001,518190
0.550560092,518190
0.5515600920000001,518190
0.552560092,519692
0.5535600920000001,518190
0.554560092,518190
0.5555600920000001,416954
0.556560092,0
0.5575600920000001,0
0.558560092,0
0.5595600920000001,0
0.560560092,0
0.5615600920000001,0
0.562560092,0
0.5635600920000001,0
0.564560092,15132
0.5655600920000001,91268
0.566560092,0
0.5675600920000001,0
0.568560092,0
0.5695600920000001,0
0.570560092,0
0.5715600920000001,0
0.572560092,0
0.5735600920000001,0
0.574560092,0
0.5755600920000001,0
0.576560092,0
0.5775600920000001,0
0.578560092,1302
0.5795600920000001,10780
0.580560092,0
0.5815600920000001,0
0.582560092,0
0.5835600920000001,0
0.584560092,0
0.5855600920000001,0
0.586560092,0
0.5875600920000001,0
0.588560092,0
0.5895600920000001,0
0.590560092,0
0.5915600920000001,0
0.592560092,0
0.5935600920000002,0
0.594560092,0
0.5955600920000002,0
0.596560092,0
0.5975600920000002,0
0.598560092,0
0.5995600920000002,0
0.600560092,0
0.6015600920000002,0
0.602560092,0
0.6035600920000002,0
0.604560092,0
0.6055600920000002,0
0.606560092,0
0.6075600920000002,0
0.608560092,0
0.6095600920000002,0
0.610560092,0
0.6115600920000002,0
0.6125600920000001,0
0.6135600920000002,0
0.6145600920000001,0
0.6155600920000002,0
0.6165600920000001,851600
0.6175600920000002,553540
0.6185600920000001,596120
0.6195600920000002,425800
0.6205600920000001,1029484
0.6215600920000002,35016
0.6225600920000001,0
0.6235600920000002,419430
0.6245600920000001,91530
0.6255600920000002,553540
0.6265600920000001,489608
0.6275600920000002,489732
0.6285600920000001,425800
0.6295600920000002,339564
0.6305600920000001,585034
0.6315600920000002,1596500
0.6325600920000001,1028680
0.6335600920000002,520162
0.6345600920000001,986570
0.6355600920000002,519692
0.6365600920000001,518190
0.6375600920000002,518190
0.6385600920000001,988072
0.6395600920000002,555852
0.6405600920000001,1488238
0.6415600920000002,1504760
0.6425600920000001,1550344
0.6435600920000002,1504760
0.6445600920000001,1589920
0.6455600920000002,1634002
0.6465600920000001,1037882
0.6475600920000002,1036380
0.6485600920000001,1037882
0.6495600920000002,2144962
0.6505600920000001,690858
0.6515600920000002,940446
0.6525600920000001,519692
0.6535600920000002,943990
0.6545600920000001,1029150
0.6555600920000002,519692
0.6565600920000001,696490
0.6575600920000002,1446970
0.6585600920000001,986570
0.6595600920000002,519692
0.6605600920000001,1036582
0.6615600920000002,0
0.6625600920000001,0
0.6635600920000002,0
0.6645600920000001,0
0.6655600920000002,649538
0.6665600920000001,553540
0.6675600920000002,0
0.6685600920000001,54
0.6695600920000002,469570
0.6705600920000001,0
0.6715600920000002,1128320
0.6725600920000001,425800
0.6735600920000002,883812
0.6745600920000001,52948
0.6755600920000002,547062
0.6765600920000001,6478
0.6775600920000002,0
0.6785600920000001,0
0.6795600920000002,0
0.6805600920000001,553540
0.6815600920000002,132716
0.6825600920000001,718884
0.6835600920000002,0
0.6845600920000001,0
0.6855600920000002,1021920
0.6865600920000001,425800
0.6875600920000002,0
0.6885600920000001,468380
0.6895600920000002,907752
0.6905600920000001,327068
0.6915600920000002,553540
0.6925600920000001,0
0.6935600920000002,425800
0.6945600920000001,468380
0.6955600920000002,468434
0.6965600920000001,894126
0.6975600920000002,553540
0.6985600920000001,23124
0.6995600920000002,956216
0.7005600920000001,553540
0.7015600920000002,596120
0.7025600920000001,640742
0.7035600920000002,561034
0.7045600920000001,989400
0.7055600920000002,1044904
0.7065600920000001,0
0.7075600920000003,0
0.7085600920000001,468380
0.7095600920000003,0
0.7105600920000001,468380
0.7115600920000003,469570
0.7125600920000001,1119716
0.7135600920000003,1038686
0.7145600920000001,1033860
0.7155600920000003,131084
0.7165600920000001,259262
0.7175600920000003,166538
0.7185600920000002,0
0.7195600920000003,0
0.7205600920000002,0
0.7215600920000003,0
0.7225600920000002,220680
0.7235600920000003,431122
0.7245600920000002,633724
0.7255600920000003,750080
0.7265600920000002,604354
0.7275600920000003,0
0.7285600920000002,0
0.7295600920000003,0
0.7305600920000002,0
0.7315600920000003,553540
0.7325600920000002,0
0.7335600920000003,0
0.7345600920000002,208810
0.7355600920000003,727950
0.7365600920000002,0
0.7375600920000003,849412
0.7385600920000002,598308
0.7395600920000003,425908
0.7405600920000002,426936
0.7415600920000003,492812
0.7425600920000002,450172
0.7435600920000003,164096
0.7445600920000002,343752
0.7455600920000003,82048
0.7465600920000002,488992
0.7475600920000003,575508
0.7485600920000002,0
0.7495600920000003,54
0.7505600920000002,979286
0.7515600920000003,1107080
0.7525600920000002,384776
0.7535600920000003,384776
0.7545600920000002,82048
0.7555600920000003,0
0.7565600920000002,384776
0.7575600920000003,41024
0.7585600920000002,469936
0.7595600920000003,41024
0.7605600920000002,894180
0.7615600920000003,0
0.7625600920000002,0
0.7635600920000003,54720
0.7645600920000002,456240
0.7655600920000003,0
0.7665600920000002,0
0.7675600920000003,104232
0.7685600920000002,364148
0.7695600920000003,0
0.7705600920000002,894180
0.7715600920000003,15560
0.7725600920000002,878620
0.7735600920000003,0
0.7745600920000002,0
0.7755600920000003,468380
0.7765600920000002,81864
0.7775600920000003,514256
0.7785600920000002,0
0.7795600920000003,0
0.7805600920000002,1021920
0.7815600920000003,468380
0.7825600920000002,0
0.7835600920000003,936760
0.7845600920000002,510960
0.7855600920000003,510960
0.7865600920000002,0
0.7875600920000003,17224
0.7885600920000002,1644640
0.7895600920000003,468380
0.7905600920000002,936760
0.7915600920000003,510960
0.7925600920000002,468380
0.7935600920000003,0
0.7945600920000002,425854
0.7955600920000003,945664
0.7965600920000002,714902
0.7975600920000003,425854
0.7985600920000002,468326
0.7995600920000003,621762
0.8005600920000002,357578
0.8015600920000003,1064500
0.8025600920000002,425854
0.8035600920000003,639624
0.8045600920000002,254502
0.8055600920000003,1107080
0.8065600920000002,0
0.8075600920000003,0
0.8085600920000002,0
0.8095600920000003,0
0.8105600920000002,0
0.8115600920000003,348420
0.8125600920000002,205120
0.8135600920000003,54
0.8145600920000002,425746
0.8155600920000003,406728
0.8165600920000002,231972
0.8175600920000003,0
0.8185600920000002,468380
0.8195600920000004,425800
0.8205600920000002,1064554
0.8215600920000004,468326
0.8225600920000002,0
0.8235600920000004,0
0.8245600920000002,857284
0.8255600920000004,462696
0.8265600920000002,627716
0.8275600920000004,10984
0.8285600920000002,0
0.8295600920000004,936760
0.8305600920000002,0
0.8315600920000004,468380
0.8325600920000003,425800
0.8335600920000004,0
0.8345600920000003,0
0.8355600920000004,510960
0.8365600920000003,78698
0.8375600920000004,900642
0.8385600920000003,851600
0.8395600920000004,0
0.8405600920000003,553540
0.8415600920000004,510960
0.8425600920000003,596120
0.8435600920000004,468380
0.8445600920000003,510960
0.8455600920000004,152296
0.8465600920000003,880462
0.8475600920000004,0
0.8485600920000003,894180
0.8495600920000004,553540
0.8505600920000003,0
0.8515600920000004,603576
0.8525600920000003,248024
0.8535600920000004,0
0.8545600920000003,468380
0.8555600920000004,596120
0.8565600920000003,343844
0.8575600920000004,501278
0.8585600920000003,6478
0.8595600920000004,425800
0.8605600920000003,553540
0.8615600920000004,468380
0.8625600920000003,0
0.8635600920000004,108
0.8645600920000003,425692
0.8655600920000004,638700
0.8665600920000003,0
0.8675600920000004,9606
0.8685600920000003,458774
0.8695600920000004,387364
0.8705600920000003,852432
0.8715600920000004,719338
0.8725600920000003,515174
0.8735600920000004,123072
0.8745600920000003,0
0.8755600920000004,0
0.8765600920000003,492574
0.8775600920000004,103546
0.8785600920000003,0
0.8795600920000004,468380
0.8805600920000003,589350
0.8815600920000004,1308148
0.8825600920000003,231502
0.8835600920000004,0
0.8845600920000003,0
0.8855600920000004,979340
0.8865600920000003,1044288
0.8875600920000004,254788
0.8885600920000003,489284
0.8895600920000004,0
0.8905600920000003,0
0.8915600920000004,427356
0.8925600920000003,41024
0.8935600920000004,0
0.8945600920000003,425800
0.8955600920000004,0
0.8965600920000003,468380
0.8975600920000004,0
0.8985600920000003,0
0.8995600920000004,0
0.9005600920000003,0
0.9015600920000004,425800
0.9025600920000003,422218
0.9035600920000004,217076
0.9045600920000003,893586
0.9055600920000004,406528
0.9065600920000003,147012
0.9075600920000004,425800
0.9085600920000003,468380
0.9095600920000004,0
0.9105600920000003,510960
0.9115600920000004,0
0.9125600920000003,663256
0.9135600920000004,662100
0.9145600920000003,164944
0.9155600920000004,0
0.9165600920000003,196070
0.9175600920000004,442630
0.9185600920000003,0
0.9195600920000004,0
0.9205600920000003,553540
0.9215600920000004,705782
0.9225600920000003,741938
0.9235600920000004,0
0.9245600920000003,0
0.9255600920000004,473702
0.9265600920000003,473950
0.9275600920000004,775366
0.9285600920000003,266026
0.9295600920000004,568868
0.9305600920000003,82048
0.9315600920000005,384776
0.9325600920000003,41024
0.9335600920000005,371404
0.9345600920000003,96976
0.9355600920000005,0
0.9365600920000003,0
0.9375600920000005,1077132
0.9385600920000003,311340
0.9395600920000005,784664
0.9405600920000003,472210
0.9415600920000005,931034
0.9425600920000003,625448
0.9435600920000005,611764
0.9445600920000004,553540
0.9455600920000005,0
0.9465600920000004,0
0.9475600920000005,703756
0.9485600920000004,233004
0.9495600920000005,0
0.9505600920000004,425800
0.9515600920000005,0
0.9525600920000004,596120
0.9535600920000005,525656
0.9545600920000004,381464
0.9555600920000005,340186
0.9565600920000004,285574
0.9575600920000005,248424
0.9585600920000004,645756
0.9595600920000005,0
0.9605600920000004,0
0.9615600920000005,1064500
0.9625600920000004,553540
0.9635600920000005,798408
0.9645600920000004,986570
0.9655600920000005,197094
0.9665600920000004,638700
0.9675600920000005,553540
0.9685600920000004,596120
0.9695600920000005,0
0.9705600920000004,0
0.9715600920000005,0
0.9725600920000004,638700
0.9735600920000005,638700
0.9745600920000004,745196
0.9755600920000005,965940
0.9765600920000004,513684
0.9775600920000005,225632
0.9785600920000004,468380
0.9795600920000005,425800
0.9805600920000004,425800
0.9815600920000005,0
0.9825600920000004,0
0.9835600920000005,468380
0.9845600920000004,739550
0.9855600920000005,367530
0.9865600920000004,0
0.9875600920000005,689352
0.9885600920000004,289988
0.9895600920000005,10838
0.9905600920000004,468380
0.9915600920000005,0
0.9925600920000004,0
0.9935600920000005,1064500
0.9945600920000004,468380
0.9955600920000005,0
0.9965600920000004,638700
0.9975600920000005,0
0.9985600920000004,0
0.9995600920000005,468380
1.0005600920000004,894180
1.0015600920000005,377828
1.0025600920000004,47972
1.0035600920000005,425800
1.0045600920000004,92162
1.0055600920000005,333638
1.0065600920000004,0
1.0075600920000005,0
1.0085600920000004,638700
1.0095600920000005,0
1.0105600920000004,0
1.0115600920000005,0
1.0125600920000004,0
1.0135600920000005,510960
1.0145600920000004,468380
1.0155600920000005,1107080
1.0165600920000004,0
1.0175600920000005,0
1.0185600920000004,0
1.0195600920000005,1446698
1.0205600920000004,907942
1.0215600920000005,868204
1.0225600920000004,762740
1.0235600920000005,1029150
1.0245600920000004,945492
1.0255600920000005,518190
1.0265600920000004,1582690
1.0275600920000005,1073232
1.0285600920000004,518190
1.0295600920000005,518190
1.0305600920000004,1413872
1.0315600920000005,518190
1.0325600920000004,1114310
1.0335600920000005,954828
1.0345600920000004,519692
1.0355600920000005,536916
1.0365600920000004,1053004
1.0375600920000005,1073232
1.0385600920000004,518190
1.0395600920000005,1540110
1.0405600920000004,714630
1.0415600920000005,553540
1.0425600920000004,1090504
1.0435600920000005,1464296
1.0445600920000004,0
1.0455600920000006,596120
1.0465600920000004,0
1.0475600920000006,553540
1.0485600920000004,0
1.0495600920000006,1149660
1.0505600920000004,524532
1.0515600920000006,584104
1.0525600920000004,466824
1.0535600920000006,10838
1.0545600920000004,427086
1.0555600920000006,126454
1.0565600920000005,575200
1.0575600920000006,567970
1.0585600920000005,501668
1.0595600920000006,890774
1.0605600920000005,212484
1.0615600920000006,1107658
1.0625600920000005,1258128
1.0635600920000006,274590
1.0645600920000005,468380
1.0655600920000006,0
1.0665600920000005,0
1.0675600920000006,553540
1.0685600920000005,0
1.0695600920000006,425800
1.0705600920000005,824240
1.0715600920000006,124552
1.0725600920000005,533998
1.0735600920000006,305570
1.0745600920000005,553540
1.0755600920000006,0
1.0765600920000005,638700
1.0775600920000006,676196
1.0785600920000005,845716
1.0795600920000006,394188
1.0805600920000005,553540
1.0815600920000006,0
1.0825600920000005,835224
1.0835600920000006,689838
1.0845600920000005,699920
1.0855600920000006,713038
1.0865600920000005,0
1.0875600920000006,0
1.0885600920000005,0
1.0895600920000006,0
1.0905600920000005,638700
1.0915600920000006,0
1.0925600920000005,402422
1.0935600920000006,1002718
1.0945600920000005,0
1.0955600920000006,552238
1.0965600920000005,676590
1.0975600920000006,985332
1.0985600920000005,0
1.0995600920000006,184162
1.1005600920000005,752598
1.1015600920000006,417722
1.1025600920000005,986516
1.1035600920000006,577834
1.1045600920000005,0
1.1055600920000006,596120
1.1065600920000005,553540
1.1075600920000006,468380
1.1085600920000005,1319980
1.1095600920000006,0
1.1105600920000005,549600
1.1115600920000006,25180
1.1125600920000005,425800
1.1135600920000006,0
1.1145600920000005,1192240
1.1155600920000006,0
1.1165600920000005,386332
1.1175600920000006,82048
1.1185600920000005,0
1.1195600920000006,0
1.1205600920000005,0
1.1215600920000006,149292
1.1225600920000005,1050430
1.1235600920000006,1106800
1.1245600920000005,1029150
1.1255600920000006,986570
1.1265600920000005,1412370
1.1275600920000006,519692
1.1285600920000005,518190
1.1295600920000006,518190
1.1305600920000005,864692
1.1315600920000006,1224880
1.1325600920000005,750848
1.1335600920000006,911550
1.1345600920000005,523844
1.1355600920000006,930002
1.1365600920000005,532178
1.1375600920000006,519692
1.1385600920000005,518190
1.1395600920000006,518190
1.1405600920000005,519692
1.1415600920000006,694626
1.1425600920000005,888816
1.1435600920000006,765698
1.1445600920000005,470352
1.1455600920000006,468380
1.1465600920000005,468380
1.1475600920000006,10838
1.1485600920000005,0
1.1495600920000006,0
1.1505600920000005,519560
1.1515600920000006,55220
1.1525600920000005,468380
1.1535600920000006,0
1.1545600920000005,988094
1.1555600920000006,12486
1.1565600920000005,705674
1.1575600920000007,723552
1.1585600920000005,614614
1.1595600920000007,553540
1.1605600920000005,0
1.1615600920000007,510960
1.1625600920000005,425800
1.1635600920000007,0
1.1645600920000005,596120
1.1655600920000007,0
1.1665600920000005,269360
1.1675600920000007,199020
1.1685600920000005,468380
1.1695600920000007,0
1.1705600920000006,661986
1.1715600920000007,1083794
1.1725600920000006,943114
1.1735600920000007,121386
1.1745600920000006,562606
1.1755600920000007,588610
1.1765600920000006,551984
1.1775600920000007,469624
1.1785600920000006,526790
1.1795600920000007,1261570
1.1805600920000006,0
1.1815600920000007,468380
1.1825600920000006,0
1.1835600920000007,468380
1.1845600920000006,360592
1.1855600920000007,519692
1.1865600920000006,518190
1.1875600920000007,1071730
1.1885600920000006,519692
1.1895600920000007,1540110
1.1905600920000006,518190
1.1915600920000007,986732
1.1925600920000006,1498870
1.1935600920000007,518190
1.1945600920000006,518190
1.1955600920000007,519692
1.1965600920000006,518190
1.1975600920000007,1497530
1.1985600920000006,1160488
1.1995600920000007,984474
1.2005600920000006,1466188
1.2015600920000007,634692
1.2025600920000006,1073232
1.2035600920000007,518190
1.2045600920000006,1029150
1.2055600920000007,611970
1.2065600920000006,553540
1.2075600920000007,0
1.2085600920000006,10838
1.2095600920000007,966584
1.2105600920000006,206092
1.2115600920000007,360204
1.2125600920000006,345308
1.2135600920000007,123072
1.2145600920000006,0
1.2155600920000007,0
1.2165600920000006,0
1.2175600920000007,425800
1.2185600920000006,0
1.2195600920000007,468380
1.2205600920000006,0
1.2215600920000007,591214
1.2225600920000006,984246
1.2235600920000007,256512
1.2245600920000006,297028
1.2255600920000007,468380
1.2265600920000006,596120
1.2275600920000007,596120
1.2285600920000006,425800
1.2295600920000007,0
1.2305600920000006,0
1.2315600920000007,10838
1.2325600920000006,0
1.2335600920000007,1064500
1.2345600920000006,596120
1.2355600920000007,553540
1.2365600920000006,0
1.2375600920000007,0
1.2385600920000006,0
1.2395600920000007,0
1.2405600920000006,468380
1.2415600920000007,468380
1.2425600920000006,468380
1.2435600920000007,747304
1.2445600920000006,551336
1.2455600920000007,425800
1.2465600920000006,574834
1.2475600920000007,425746
1.2485600920000006,0
1.2495600920000007,0
1.2505600920000006,88730
1.2515600920000007,443470
1.2525600920000006,851600
1.2535600920000007,425800
1.2545600920000006,0
1.2555600920000007,627662
1.2565600920000006,905218
1.2575600920000007,244026
1.2585600920000006,820474
1.2595600920000007,264946
1.2605600920000006,226612
1.2615600920000007,491380
1.2625600920000006,464782
1.2635600920000007,596120
1.2645600920000006,372452
1.2655600920000007,181088
1.2665600920000006,596120
1.2675600920000007,0
1.2685600920000006,476592
1.2695600920000008,545328
1.2705600920000006,510960
1.2715600920000008,638700
1.2725600920000006,1064500
1.2735600920000008,0
1.2745600920000006,518524
1.2755600920000008,504952
1.2765600920000006,41024
1.2775600920000008,0
1.2785600920000006,29132
1.2795600920000008,950208
1.2805600920000006,0
1.2815600920000008,0
1.2825600920000007,0
1.2835600920000008,936760
1.2845600920000007,596120
1.2855600920000008,0
1.2865600920000007,436638
1.2875600920000008,596120
1.2885600920000007,508988
1.2895600920000008,1972
1.2905600920000007,801548
1.2915600920000008,262952
1.2925600920000007,430360
1.2935600920000008,38020
1.2945600920000007,0
1.2955600920000008,510960
1.2965600920000007,0
1.2975600920000008,553540
1.2985600920000007,0
1.2995600920000008,638700
1.3005600920000007,638700
1.3015600920000008,471530
1.3025600920000007,1103460
1.3035600920000008,470
1.3045600920000007,116302
1.3055600920000008,905618
1.3065600920000007,0
1.3075600920000008,974148
1.3085600920000007,132932
1.3095600920000008,936760
1.3105600920000007,0
1.3115600920000008,987520
1.3125600920000007,76980
1.3135600920000008,585136
1.3145600920000007,10984
1.3155600920000008,0
1.3165600920000007,0
1.3175600920000008,41148
1.3185600920000007,427232
1.3195600920000008,468380
1.3205600920000007,262466
1.3215600920000008,248548
1.3225600920000007,468326
1.3235600920000008,553540
1.3245600920000007,0
1.3255600920000008,553540
1.3265600920000007,0
1.3275600920000008,468380
1.3285600920000007,0
1.3295600920000008,468380
1.3305600920000007,425800
1.3315600920000008,0
1.3325600920000007,648
1.3335600920000008,929634
1.3345600920000007,432278
1.3355600920000008,12772
1.3365600920000007,1160974
1.3375600920000008,18494
1.3385600920000007,324896
1.3395600920000008,186064
1.3405600920000007,425800
1.3415600920000008,0
1.3425600920000007,384776
1.3435600920000008,41024
1.3445600920000007,0
1.3455600920000008,476706
1.3465600920000007,512532
1.3475600920000008,245582
1.3485600920000007,0
1.3495600920000008,894180
1.3505600920000007,0
1.3515600920000008,0
1.3525600920000007,510960
1.3535600920000008,810522
1.3545600920000007,563796
1.3555600920000008,393946
1.3565600920000007,596120
1.3575600920000008,0
1.3585600920000007,420354
1.3595600920000008,899626
1.3605600920000007,1192240
1.3615600920000008,468380
1.3625600920000007,0
1.3635600920000008,468380
1.3645600920000007,638700
1.3655600920000008,0
1.3665600920000007,0
1.3675600920000008,0
1.3685600920000007,754878
1.3695600920000008,224462
1.3705600920000007,553540
1.3715600920000008,0
1.3725600920000007,0
1.3735600920000008,0
1.3745600920000007,510960
1.3755600920000008,468380
1.3765600920000007,815802
1.3775600920000008,803482
1.3785600920000007,0
1.3795600920000008,0
1.3805600920000007,596120
1.3815600920000009,1107080
1.3825600920000007,0
1.3835600920000009,638700
1.3845600920000007,0
1.3855600920000009,0
1.3865600920000007,936760
1.3875600920000009,638700
1.3885600920000007,425800
1.3895600920000009,510960
1.3905600920000007,0
1.3915600920000009,468380
1.3925600920000007,0
1.3935600920000009,0
1.3945600920000008,510960
1.3955600920000009,0
1.3965600920000008,425800
1.3975600920000009,0
1.3985600920000008,413460
1.3995600920000009,54920
1.4005600920000008,0
1.4015600920000009,480704
1.4025600920000008,260834
1.4035600920000009,1171006
1.4045600920000008,518190
1.4055600920000009,913898
1.4065600920000008,0
1.4075600920000009,0
1.4085600920000008,596120
1.4095600920000009,0
1.4105600920000008,425800
1.4115600920000009,1064500
1.4125600920000008,638700
1.4135600920000009,40666
1.4145600920000008,65734
1.4155600920000009,10784
1.4165600920000008,511014
1.4175600920000009,0
1.4185600920000008,0
1.4195600920000009,574780
1.4205600920000008,468380
1.4215600920000009,0
1.4225600920000008,425800
1.4235600920000009,0
1.4245600920000008,468380
1.425560092000001,971922
1.4265600920000008,558570
1.427560092000001,470768
1.4285600920000008,425800
1.429560092000001,0
1.4305600920000008,468380
1.431560092000001,510960
1.4325600920000008,0
1.433560092000001,0
1.4345600920000008,665736
1.435560092000001,271024
1.4365600920000008,201046
1.437560092000001,1374414
1.4385600920000008,417350
1.439560092000001,913128
1.4405600920000008,202402
1.441560092000001,302728
1.4425600920000008,123072
1.443560092000001,908206
1.4445600920000008,241454
1.445560092000001,443932
1.4465600920000008,536964
1.447560092000001,466824
1.4485600920000008,557700
1.449560092000001,570620
1.4505600920000008,1284434
1.451560092000001,572640
1.4525600920000008,529298
1.453560092000001,1530504
1.4545600920000008,943990
1.455560092000001,986570
1.4565600920000008,1626772
1.457560092000001,1071730
1.4585600920000008,986570
1.459560092000001,1117908
1.4605600920000008,987640
1.461560092000001,1622104
1.4625600920000008,519692
1.463560092000001,1114310
1.4645600920000008,518190
1.465560092000001,518190
1.4665600920000008,519692
1.467560092000001,518190
1.4685600920000008,986570
1.469560092000001,519692
1.4705600920000008,518190
1.471560092000001,943990
1.4725600920000008,519692
1.473560092000001,845150
1.4745600920000008,702298
1.475560092000001,986462
1.4765600920000008,945492
1.477560092000001,518190
1.4785600920000008,1071730
1.479560092000001,1030652
1.4805600920000008,572910
1.481560092000001,1400230
1.4825600920000008,1115812
1.483560092000001,518190
1.4845600920000008,1167404
1.485560092000001,805736
1.4865600920000008,519692
1.487560092000001,1158500
1.4885600920000008,899800
1.489560092000001,1073232
1.4905600920000008,518190
1.491560092000001,518190
1.4925600920000008,1273538
1.493560092000001,1529142
1.4945600920000008,839812
1.495560092000001,519692
1.4965600920000008,518190
1.497560092000001,943990
1.4985600920000008,1368742
1.499560092000001,1003940
1.5005600920000008,716270
1.501560092000001,948658
1.5025600920000008,642764
1.503560092000001,655412
1.5045600920000008,806768
1.505560092000001,904468
1.5065600920000009,559214
1.507560092000001,518190
1.5085600920000009,1039718
1.509560092000001,1105244
1.5105600920000009,943990
1.511560092000001,518190
1.5125600920000009,994242
1.513560092000001,1066804
1.5145600920000009,1071730
1.515560092000001,519692
1.5165600920000009,1497530
1.517560092000001,745094
1.5185600920000009,888908
1.519560092000001,518190
1.5205600920000009,943990
1.521560092000001,1029150
1.5225600920000009,1252536
1.523560092000001,1504760
1.5245600920000009,1036380
1.525560092000001,1095660
1.5265600920000009,1533644
1.527560092000001,1462180
1.5285600920000009,1037882
1.529560092000001,2283540
1.5305600920000009,1036380
1.531560092000001,1036380
1.5325600920000009,1039384
1.533560092000001,1036380
1.5345600920000009,1462180
1.535560092000001,1463682
1.5365600920000009,1676582
1.537560092000001,1036380
1.5385600920000009,1037882
1.539560092000001,1037882
1.5405600920000009,1155150
1.541560092000001,2169238
1.5425600920000009,2109612
1.543560092000001,1277600
1.5445600920000009,1036438
1.545560092000001,1475964
1.5465600920000009,1036380
1.547560092000001,1506004
1.5485600920000009,1037882
1.549560092000001,1774336
1.550560092000001,1407006
1.551560092000001,1037882
1.552560092000001,1037882
1.553560092000001,1589920
1.554560092000001,1036380
1.555560092000001,1121194
1.556560092000001,1508110
1.557560092000001,1414878
1.558560092000001,1670336
1.559560092000001,1857870
1.560560092000001,1036380
1.561560092000001,1425200
1.562560092000001,1002968
1.563560092000001,961690
1.564560092000001,1010980
1.565560092000001,520162
1.566560092000001,518190
1.567560092000001,986570
1.568560092000001,519692
1.569560092000001,968076
1.570560092000001,716070
1.571560092000001,1527116
1.572560092000001,906840
1.573560092000001,1029150
1.574560092000001,1115812
1.575560092000001,986570
1.576560092000001,986624
1.577560092000001,1540056
1.578560092000001,519692
1.579560092000001,518190
1.580560092000001,557890
1.581560092000001,1253780
1.582560092000001,788452
1.583560092000001,1113208
1.584560092000001,796724
1.585560092000001,1219492
1.586560092000001,1025866
1.587560092000001,1036380
1.588560092000001,1571426
1.589560092000001,1109486
1.590560092000001,1410572
1.591560092000001,1591422
1.592560092000001,2144962
1.593560092000001,1888126
1.594560092000001,1080316
1.595560092000001,1675080
1.596560092000001,1506262
1.597560092000001,1506262
1.598560092000001,1504760
1.599560092000001,1506262
1.600560092000001,1410734
1.601560092000001,1921926
1.602560092000001,1530348
1.603560092000001,1414516
1.604560092000001,1378948
1.605560092000001,2010010
1.606560092000001,1128202
1.607560092000001,519692
1.608560092000001,518190
1.609560092000001,1019722
1.610560092000001,570198
1.611560092000001,1050286
1.612560092000001,583716
1.613560092000001,988126
1.614560092000001,560716
1.615560092000001,518190
1.616560092000001,518190
1.617560092000001,1228532
1.618560092000001,831270
1.619560092000001,943990
1.620560092000001,1073232
1.621560092000001,834528
1.622560092000001,1649572
1.623560092000001,521734
1.624560092000001,926458
1.625560092000001,857166
1.626560092000001,678158
1.627560092000001,547198
1.628560092000001,518190
1.629560092000001,518190
1.630560092000001,1073232
1.631560092000001,1197968
1.632560092000001,817752
1.633560092000001,518190
1.634560092000001,1073232
1.635560092000001,954558
1.636560092000001,1030652
1.637560092000001,986786
1.638560092000001,986624
1.639560092000001,986570
1.640560092000001,1033764
1.641560092000001,1111198
1.642560092000001,986570
1.643560092000001,519692
1.644560092000001,1071730
1.645560092000001,635016
1.646560092000001,1119794
1.647560092000001,1334142
1.648560092000001,1427698
1.649560092000001,679730
1.650560092000001,892944
1.651560092000001,564190
1.652560092000001,518190
1.653560092000001,947048
1.654560092000001,766052
1.655560092000001,779732
1.656560092000001,1156890
1.657560092000001,945492
1.658560092000001,518190
1.659560092000001,1116324
1.660560092000001,521296
1.661560092000001,468380
1.662560092000001,466408
1.663560092000001,1972
1.664560092000001,106400
1.665560092000001,594148
1.666560092000001,427772
1.667560092000001,596120
1.668560092000001,596120
1.669560092000001,638700
1.670560092000001,456040
1.671560092000001,94566
1.672560092000001,854534
1.673560092000001,393318
1.674560092000001,500862
1.6755600920000011,553540
1.676560092000001,425800
1.6775600920000011,0
1.678560092000001,0
1.6795600920000011,468380
1.680560092000001,0
1.6815600920000011,111908
1.682560092000001,947394
1.6835600920000011,986570
1.684560092000001,518190
1.6855600920000011,972582
1.686560092000001,533680
1.6875600920000011,877578
1.688560092000001,628738
1.6895600920000011,1497476
1.690560092000001,518190
1.6915600920000011,646358
1.692560092000001,1499848
1.6935600920000011,550272
1.694560092000001,913410
1.6955600920000011,640446
1.696560092000001,864314
1.6975600920000011,1029150
1.698560092000001,988072
1.6995600920000011,986570
1.700560092000001,943990
1.7015600920000011,988072
1.702560092000001,715414
1.7035600920000011,737956
1.704560092000001,0
1.7055600920000011,468380
1.706560092000001,468380
1.7075600920000011,1064500
1.708560092000001,0
1.7095600920000011,1021920
1.710560092000001,425800
1.7115600920000011,0
1.712560092000001,237002
1.7135600920000011,327722
1.714560092000001,73976
1.7155600920000011,0
1.716560092000001,0
1.7175600920000011,468380
1.718560092000001,553540
1.7195600920000012,1107080
1.720560092000001,58
1.7215600920000012,745042
1.722560092000001,638700
1.7235600920000012,851600
1.724560092000001,468380
1.7255600920000012,510960
1.726560092000001,425800
1.7275600920000012,294008
1.728560092000001,642752
1.7295600920000012,596120
1.730560092000001,0
1.7315600920000012,510960
1.732560092000001,468380
1.7335600920000012,1064500
1.734560092000001,596120
1.7355600920000012,468380
1.736560092000001,0
1.7375600920000012,0
1.738560092000001,0
1.7395600920000012,232788
1.740560092000001,618812
1.7415600920000012,468380
1.742560092000001,638700
1.7435600920000012,510960
1.744560092000001,26074
1.7455600920000012,1622768
1.746560092000001,54358
1.7475600920000012,61252
1.748560092000001,492288
1.7495600920000012,0
1.750560092000001,629218
1.7515600920000012,9482
1.752560092000001,58
1.7535600920000012,512146
1.754560092000001,510960
1.7555600920000012,0
1.756560092000001,425800
1.7575600920000012,405804
1.758560092000001,445796
1.7595600920000012,596120
1.760560092000001,0
1.7615600920000012,553540
1.762560092000001,425800
1.7635600920000012,0
1.764560092000001,0
1.7655600920000012,387834
1.766560092000001,591506
1.7675600920000012,0
1.768560092000001,0
1.7695600920000012,468380
1.770560092000001,0
1.7715600920000012,0
1.772560092000001,0
1.7735600920000012,395394
1.774560092000001,658334
1.7755600920000012,541616
1.776560092000001,512316
1.7775600920000012,0
1.778560092000001,0
1.7795600920000012,0
1.780560092000001,0
1.7815600920000012,533544
1.782560092000001,365304
1.7835600920000012,548872
1.784560092000001,0
1.7855600920000012,553540
1.786560092000001,0
1.7875600920000012,222236
1.788560092000001,246144
1.7895600920000012,425800
1.790560092000001,468380
1.7915600920000012,596120
1.792560092000001,0
1.7935600920000012,106346
1.794560092000001,146504
1.7955600920000012,449670
1.796560092000001,553540
1.7975600920000012,407922
1.798560092000001,118236
1.7995600920000012,495762
1.8005600920000011,553540
1.8015600920000012,425800
1.8025600920000011,0
1.8035600920000012,638700
1.8045600920000011,894180
1.8055600920000012,71188
1.8065600920000011,822992
1.8075600920000012,553540
1.8085600920000011,0
1.8095600920000012,596120
1.8105600920000011,1064500
1.8115600920000012,101228
1.8125600920000011,974110
1.8135600920000012,553540
1.8145600920000011,369556
1.8155600920000012,269144
1.8165600920000011,468380
1.8175600920000012,638700
1.8185600920000011,66682
1.8195600920000012,401698
1.8205600920000011,0
1.8215600920000012,0
1.8225600920000011,468380
1.8235600920000012,0
1.8245600920000011,425800
1.8255600920000012,468380
1.8265600920000011,510960
1.8275600920000012,54
1.8285600920000011,851546
1.8295600920000012,596120
1.8305600920000011,468380
1.8315600920000012,173270
1.8325600920000011,257090
1.8335600920000013,847040
1.8345600920000011,0
1.8355600920000013,0
1.8365600920000011,553540
1.8375600920000013,0
1.8385600920000011,1468894
1.8395600920000013,660106
1.8405600920000011,553540
1.8415600920000013,0
1.8425600920000011,0
1.8435600920000013,425800
1.8445600920000012,0
1.8455600920000013,0
1.8465600920000012,468380
1.8475600920000013,0
1.8485600920000012,468380
1.8495600920000013,482514
1.8505600920000012,667146
1.8515600920000013,0
1.8525600920000012,1469252
1.8535600920000013,64872
1.8545600920000012,1556
1.8555600920000013,575654
1.8565600920000012,615030
1.8575600920000013,682474
1.8585600920000012,424606
1.8595600920000013,638700
1.8605600920000012,0
1.8615600920000013,345346
1.8625600920000012,506254
1.8635600920000013,894342
1.8645600920000012,1085512
1.8655600920000013,289022
1.8665600920000012,287168
1.8675600920000013,498474
1.8685600920000012,12486
1.8695600920000013,425800
1.8705600920000012,468380
1.8715600920000013,106346
1.8725600920000012,726448
1.8735600920000013,295526
1.8745600920000012,468380
1.8755600920000013,468434
1.8765600920000012,425746
1.8775600920000013,979340
1.8785600920000012,227866
1.8795600920000013,708894
1.8805600920000012,638700
1.8815600920000013,0
1.8825600920000012,272126
1.8835600920000013,207092
1.8845600920000012,0
1.8855600920000013,0
1.8865600920000012,0
1.8875600920000013,102676
1.8885600920000012,791504
1.8895600920000013,425800
1.8905600920000012,425800
1.8915600920000013,0
1.8925600920000012,425800
1.8935600920000013,468380
1.8945600920000012,0
1.8955600920000013,468380
1.8965600920000012,1192240
1.8975600920000013,0
1.8985600920000012,553540
1.8995600920000013,415432
1.9005600920000012,971668
1.9015600920000013,869640
1.9025600920000012,553540
1.9035600920000013,480596
1.9045600920000012,72944
1.9055600920000013,468380
1.9065600920000012,0
1.9075600920000013,0
1.9085600920000012,469624
1.9095600920000013,0
1.9105600920000012,851600
1.9115600920000013,111068
1.9125600920000012,463712
1.9135600920000013,510960
1.9145600920000012,468380
1.9155600920000013,510960
1.9165600920000012,617360
1.9175600920000013,638700
1.9185600920000012,0
1.9195600920000013,1021920
1.9205600920000012,652380
1.9215600920000013,412120
1.9225600920000012,548564
1.9235600920000013,959814
1.9245600920000012,578042
1.9255600920000013,0
1.9265600920000012,17224
1.9275600920000013,536316
1.9285600920000012,479218
1.9295600920000013,443970
1.9305600920000012,24410
1.9315600920000013,596120
1.9325600920000012,0
1.9335600920000013,510960
1.9345600920000012,553540
1.9355600920000013,936760
1.9365600920000012,553540
1.9375600920000013,553540
1.9385600920000012,0
1.9395600920000013,425800
1.9405600920000012,0
1.9415600920000013,0
1.9425600920000012,0
1.9435600920000013,518016
1.9445600920000012,377408
1.9455600920000014,596120
1.9465600920000012,553540
1.9475600920000014,0
1.9485600920000012,24572
1.9495600920000014,954768
1.9505600920000012,0
1.9515600920000014,0
1.9525600920000012,962494
1.9535600920000014,655546
1.9545600920000012,638700
1.9555600920000014,0
1.9565600920000012,532200
1.9575600920000014,425800
1.9585600920000013,596120
1.9595600920000014,4618
1.9605600920000013,369552
1.9615600920000014,105048
1.9625600920000013,400882
1.9635600920000014,237818
1.9645600920000013,1274958
1.9655600920000014,470822
1.9665600920000013,468380
1.9675600920000014,468380
1.9685600920000013,0
1.9695600920000014,1101122
1.9705600920000013,197518
1.9715600920000014,425800
1.9725600920000013,23070
1.9735600920000014,828530
1.9745600920000013,510960
1.9755600920000014,0
1.9765600920000013,0
1.9775600920000014,1027042
1.9785600920000013,179202
1.9795600920000014,369216
1.9805600920000013,374462
1.9815600920000014,136498
1.9825600920000013,427356
1.9835600920000014,41024
1.9845600920000013,1021920
1.9855600920000014,468380
1.9865600920000013,425800
1.9875600920000014,126870
1.9885600920000013,1114082
1.9895600920000014,462248
1.9905600920000013,510960
1.9915600920000014,1192240
1.9925600920000013,0
1.9935600920000014,345308
1.9945600920000013,477214
1.9955600920000014,199398
1.9965600920000013,5100
1.9975600920000014,425260
1.9985600920000013,39264
1.9995600920000014,425800
2.0005600920000015,573736
2.0015600920000014,65072
2.0025600920000013,458790
2.0035600920000016,9482
2.004560092000001,360328
2.0055600920000014,108052
2.0065600920000013,638700
2.007560092000001,553540
2.0085600920000015,0
2.0095600920000014,468380
2.0105600920000013,1015534
2.0115600920000016,6386
2.012560092000001,0
2.0135600920000014,0
2.0145600920000013,266372
2.015560092000001,287168
2.0165600920000015,0
2.0175600920000014,827594
2.0185600920000013,548700
2.0195600920000016,350298
2.020560092000001,468380
2.0215600920000014,638700
2.0225600920000013,222236
2.023560092000001,242670
2.0245600920000015,478078
2.0255600920000014,535202
2.0265600920000013,1068726
2.0275600920000016,836842
2.028560092000001,386678
2.0295600920000014,596120
2.0305600920000013,553702
2.031560092000001,1064338
2.0325600920000015,0
2.0335600920000014,553540
2.0345600920000013,0
2.0355600920000017,425800
2.036560092000001,425800
2.0375600920000014,894342
2.0385600920000013,425638
2.039560092000001,1107080
2.0405600920000015,468380
2.0415600920000014,0
2.0425600920000013,0
2.0435600920000017,0
2.044560092000001,425800
2.0455600920000014,0
2.0465600920000013,553540
2.047560092000001,0
2.0485600920000016,1213426
2.0495600920000014,54
2.0505600920000013,553540
2.0515600920000017,0
2.052560092000001,596120
2.0535600920000014,62176
2.0545600920000013,966454
2.0555600920000012,1057790
2.0565600920000016,0
2.0575600920000015,468380
2.0585600920000013,468380
2.0595600920000017,553540
2.060560092000001,0
2.0615600920000015,510960
2.0625600920000013,0
2.0635600920000012,468380
2.0645600920000016,425800
2.0655600920000015,0
2.0665600920000013,752706
2.0675600920000017,1169926
2.068560092000001,759908
2.0695600920000015,553540
2.0705600920000014,936760
2.0715600920000012,425800
2.0725600920000016,468380
2.0735600920000015,0
2.0745600920000014,466608
2.0755600920000017,86932
2.076560092000001,139826
2.0775600920000015,413714
2.0785600920000014,691536
2.0795600920000012,436784
2.0805600920000016,553540
2.0815600920000015,0
2.0825600920000014,0
2.0835600920000017,510960
2.084560092000001,0
2.0855600920000015,468380
2.0865600920000014,553540
2.0875600920000013,878928
2.0885600920000016,57890
2.0895600920000015,450094
2.0905600920000014,82048
2.0915600920000017,0
2.092560092000001,524586
2.0935600920000015,539914
2.0945600920000014,0
2.0955600920000013,366844
2.0965600920000016,58956
2.0975600920000015,0
2.0985600920000014,0
2.0995600920000017,596120
2.100560092000001,920330
2.1015600920000015,16430
2.1025600920000014,322870
2.1035600920000013,613420
2.1045600920000016,470
2.1055600920000015,425800
2.1065600920000014,1192240
2.1075600920000017,0
2.108560092000001,269484
2.1095600920000015,369216
2.1105600920000014,0
2.1115600920000013,468380
2.1125600920000016,479164
2.1135600920000015,553594
2.1145600920000014,0
2.1155600920000017,425800
2.116560092000001,510960
2.1175600920000015,0
2.1185600920000014,469624
2.1195600920000013,0
2.1205600920000016,0
2.1215600920000015,0
2.1225600920000014,529038
2.1235600920000017,563146
2.124560092000001,994236
2.1255600920000015,0
2.1265600920000014,468380
2.1275600920000013,0
2.1285600920000016,1176766
2.1295600920000015,977822
2.1305600920000014,707570
2.1315600920000017,711266
2.132560092000001,514256
2.1335600920000015,553540
2.1345600920000014,425800
2.1355600920000013,979340
2.1365600920000016,553540
2.1375600920000015,596120
2.1385600920000014,468380
2.1395600920000017,468380
2.140560092000001,0
2.1415600920000015,936760
2.1425600920000014,596120
2.1435600920000013,407398
2.1445600920000016,18402
2.1455600920000015,788392
2.1465600920000014,744488
2.1475600920000018,0
2.148560092000001,0
2.1495600920000015,119306
2.1505600920000014,987828
2.1515600920000013,474388
2.1525600920000016,1101018
2.1535600920000015,0
2.1545600920000014,311794
2.1555600920000018,156586
2.156560092000001,597676
2.1575600920000015,41024
2.1585600920000014,510960
2.1595600920000013,0
2.1605600920000017,0
2.1615600920000015,21568
2.1625600920000014,411904
2.1635600920000018,460708
2.164560092000001,425800
2.1655600920000015,277648
2.1665600920000014,946188
2.1675600920000013,76380
2.1685600920000017,573304
2.1695600920000015,0
2.1705600920000014,425800
2.1715600920000018,596120
2.172560092000001,596120
2.1735600920000016,936760
2.1745600920000014,468380
2.1755600920000013,468380
2.1765600920000017,425800
2.1775600920000016,642228
2.1785600920000014,337112
2.179560092000002,0
2.1805600920000012,468380
2.1815600920000016,0
2.1825600920000015,1064500
2.1835600920000013,0
2.1845600920000017,511014
2.1855600920000016,1326200
2.1865600920000015,380232
2.187560092000002,443754
2.1885600920000012,425800
2.1895600920000016,426146
2.1905600920000015,128638
2.1915600920000013,180742
2.1925600920000017,287638
2.1935600920000016,30634
2.1945600920000015,437746
2.195560092000002,468438
2.1965600920000012,1245600
2.1975600920000016,305786
2.1985600920000015,162594
2.1995600920000014,523354
2.2005600920000017,333222
2.2015600920000016,346502
2.2025600920000015,0
2.203560092000002,0
2.2045600920000012,556652
2.2055600920000016,82048
2.2065600920000015,553540
2.2075600920000014,422326
2.2085600920000017,3474
2.2095600920000016,553540
2.2105600920000015,0
2.211560092000002,1149660
2.2125600920000013,596120
2.2135600920000016,10838
2.2145600920000015,0
2.2155600920000014,0
2.2165600920000017,468380
2.2175600920000016,0
2.2185600920000015,638700
2.219560092000002,0
2.2205600920000013,58
2.2215600920000016,944568
2.2225600920000015,997408
2.2235600920000014,1330414
2.2245600920000017,983566
2.2255600920000016,1097734
2.2265600920000015,886044
2.227560092000002,764334
2.2285600920000013,518190
2.2295600920000016,519692
2.2305600920000015,518190
2.2315600920000014,518190
2.2325600920000017,1126068
2.2335600920000016,529174
2.2345600920000015,518190
2.235560092000002,519692
2.2365600920000013,944044
2.2375600920000016,1114256
2.2385600920000015,518190
2.2395600920000014,530530
2.2405600920000017,529298
2.2415600920000016,1413980
2.2425600920000015,570260
2.243560092000002,378136
2.2445600920000013,217984
2.2455600920000016,598724
2.2465600920000015,848996
2.2475600920000014,0
2.2485600920000017,15182
2.2495600920000016,623518
2.2505600920000015,427464
2.251560092000002,524424
2.2525600920000013,410672
2.2535600920000016,0
2.2545600920000015,425854
2.2555600920000014,998990
2.2565600920000017,1044796
2.2575600920000016,0
2.2585600920000015,0
2.259560092000002,436638
2.2605600920000013,425800
2.2615600920000016,0
2.2625600920000015,638758
2.2635600920000014,414606
2.2645600920000017,659934
2.2655600920000016,524254
2.2665600920000015,443986
2.267560092000002,961154
2.2685600920000013,510960
2.2695600920000016,0
2.2705600920000015,219994
2.2715600920000014,887086
2.2725600920000018,0
2.2735600920000016,0
2.2745600920000015,425800
2.275560092000002,661338
2.2765600920000013,837066
2.2775600920000016,492412
2.2785600920000015,1366418
2.2795600920000014,219486
2.2805600920000018,553540
2.2815600920000016,979340
2.2825600920000015,0
2.283560092000002,553540
2.2845600920000013,334378
2.2855600920000017,176690
2.2865600920000015,392178
2.2875600920000014,33514
2.2885600920000018,0
2.2895600920000017,460944
2.2905600920000015,959552
2.291560092000002,1208114
2.2925600920000013,225494
2.2935600920000017,553540
2.2945600920000015,468380
2.2955600920000014,460746
2.2965600920000018,135374
2.2975600920000017,415902
2.2985600920000016,478278
2.299560092000002,638700
2.3005600920000013,0
2.3015600920000017,468380
2.3025600920000016,903122
2.3035600920000014,341812
2.304560092000002,415686
2.3055600920000017,555096
2.3065600920000016,41024
2.307560092000002,425800
2.3085600920000013,0
2.3095600920000017,0
2.3105600920000016,0
2.3115600920000015,0
2.312560092000002,0
2.3135600920000017,1277400
2.3145600920000016,596120
2.315560092000002,468380
2.3165600920000013,425800
2.3175600920000017,54
2.3185600920000016,979286
2.3195600920000015,699358
2.320560092000002,790942
2.3215600920000017,0
2.3225600920000016,468380
2.323560092000002,468380
2.3245600920000014,425800
2.3255600920000017,510960
2.3265600920000016,520696
2.3275600920000015,586384
2.328560092000002,162
2.3295600920000017,638538
2.3305600920000016,510960
2.331560092000002,1325464
2.3325600920000014,1271122
2.3335600920000017,724492
2.3345600920000016,681442
2.3355600920000015,468380
2.336560092000002,468380
2.3375600920000017,0
2.3385600920000016,0
2.339560092000002,553540
2.3405600920000014,468380
2.3415600920000017,553594
2.3425600920000016,602722
2.3435600920000015,1057844
2.344560092000002,0
2.3455600920000017,1023768
2.3465600920000016,594272
2.347560092000002,0
2.3485600920000014,468380
2.3495600920000017,468380
2.3505600920000016,0
2.3515600920000015,638700
2.352560092000002,553540
2.3535600920000017,0
2.3545600920000016,468434
2.355560092000002,596066
2.3565600920000014,468380
2.3575600920000017,324880
2.3585600920000016,569300
2.3595600920000015,553540
2.360560092000002,0
2.3615600920000017,979340
2.3625600920000016,851600
2.363560092000002,425800
2.3645600920000014,176436
2.3655600920000017,973224
2.3665600920000016,553540
2.3675600920000015,0
2.368560092000002,425800
2.3695600920000017,425800
2.3705600920000016,0
2.371560092000002,146396
2.3725600920000014,407144
2.3735600920000017,425800
2.3745600920000016,553540
2.3755600920000015,596120
2.376560092000002,0
2.3775600920000017,468380
2.3785600920000016,0
2.379560092000002,0
2.3805600920000014,566150
2.3815600920000017,455770
2.3825600920000016,0
2.3835600920000015,10622
2.384560092000002,968718
2.3855600920000017,360274
2.3865600920000016,578042
2.387560092000002,538698
2.3885600920000014,1035206
2.3895600920000017,73710
2.3905600920000016,898022
2.3915600920000015,1831514
2.392560092000002,1375852
2.3935600920000017,1401224
2.3945600920000016,1143642
2.395560092000002,1161412
2.3965600920000014,1007944
2.3975600920000018,518190
2.3985600920000016,605954
2.3995600920000015,942888
2.400560092000002,697992
2.4015600920000018,1144604
2.4025600920000016,1161196
2.403560092000002,986570
2.4045600920000014,519692
2.4055600920000018,518190
2.4065600920000016,676656
2.4075600920000015,1631478
2.408560092000002,738238
2.4095600920000018,1071730
2.4105600920000017,724520
2.411560092000002,824322
2.4125600920000014,518190
2.4135600920000018,1094368
2.4145600920000017,1327314
2.4155600920000015,529028
2.416560092000002,518190
2.4175600920000018,519692
2.4185600920000017,518190
2.419560092000002,518190
2.4205600920000014,518190
2.4215600920000018,781396
2.4225600920000017,682286
2.4235600920000016,1003146
2.424560092000002,929170
2.4255600920000018,645676
2.4265600920000017,518190
2.427560092000002,945492
2.4285600920000014,1003400
2.429560092000002,671680
2.4305600920000017,668946
2.4315600920000016,879896
2.432560092000002,998694
2.433560092000002,1059606
2.4345600920000017,519692
2.435560092000002,518190
2.4365600920000015,1071730
2.437560092000002,519692
2.4385600920000017,518190
2.4395600920000016,1540110
2.440560092000002,988072
2.441560092000002,1582690
2.4425600920000017,518190
2.443560092000002,518190
2.4445600920000015,519692
2.445560092000002,518190
2.4465600920000017,878264
2.4475600920000016,798318
2.448560092000002,518190
2.449560092000002,518190
2.4505600920000017,519692
2.451560092000002,979130
2.4525600920000015,1377230
2.453560092000002,518190
2.4545600920000017,519692
2.4555600920000016,1114310
2.456560092000002,1262596
2.457560092000002,1520304
2.4585600920000017,1051400
2.459560092000002,1411728
2.4605600920000015,1130914
2.461560092000002,1381634
2.4625600920000017,1343290
2.4635600920000016,1281400
2.464560092000002,1037882
2.465560092000002,1036380
2.4665600920000017,1500454
2.467560092000002,1128850
2.4685600920000015,1597592
2.469560092000002,1497088
2.4705600920000017,1463682
2.4715600920000016,1366344
2.472560092000002,1218878
2.473560092000002,1036380
2.4745600920000017,1039384
2.475560092000002,1176568
2.4765600920000015,1364572
2.477560092000002,1234360
2.4785600920000017,1114310
2.4795600920000016,909282
2.480560092000002,1232568
2.481560092000002,1156890
2.4825600920000017,1412370
2.483560092000002,1073232
2.4845600920000015,943990
2.485560092000002,518190
2.4865600920000017,1030652
2.4875600920000016,886590
2.488560092000002,618170
2.489560092000002,1414542
2.4905600920000017,1095412
2.491560092000002,600238
2.4925600920000015,945546
2.493560092000002,560716
2.4945600920000017,1019722
2.4955600920000016,1123738
2.496560092000002,1406454
2.497560092000002,544334
2.4985600920000017,1053004
2.499560092000002,929850
2.5005600920000015,1036380
2.501560092000002,1231274
2.5025600920000017,986570
2.5035600920000016,988072
2.504560092000002,986570
2.505560092000002,1497530
2.5065600920000017,945492
2.507560092000002,518190
2.5085600920000015,518190
2.509560092000002,1134922
2.5105600920000017,1180360
2.5115600920000016,845096
2.512560092000002,1085464
2.513560092000002,519692
2.5145600920000017,943990
2.515560092000002,972582
2.5165600920000015,1083746
2.517560092000002,521664
2.5185600920000017,1071730
2.5195600920000016,1456452
2.520560092000002,518190
2.521560092000002,518190
2.5225600920000018,1641392
2.523560092000002,929370
2.5245600920000015,1156890
2.525560092000002,518190
2.5265600920000018,1030652
2.5275600920000016,1412370
2.528560092000002,1114310
2.529560092000002,530530
2.5305600920000018,518190
2.531560092000002,997408
2.5325600920000015,1377030
2.533560092000002,871386
2.5345600920000018,712796
2.5355600920000017,1038648
2.536560092000002,648772
2.537560092000002,518190
2.5385600920000018,697846
2.539560092000002,765836
2.5405600920000015,1093898
2.541560092000002,581182
2.5425600920000018,519692
2.5435600920000017,518190
2.544560092000002,1263290
2.545560092000002,1114310
2.5465600920000018,825046
2.547560092000002,1107016
2.5485600920000016,1029150
2.549560092000002,1626772
2.5505600920000018,1071730
2.5515600920000017,986570
2.552560092000002,1094930
2.553560092000002,850974
2.554560092000002,759828
2.555560092000002,861942
2.5565600920000016,601740
2.557560092000002,1030706
2.558560092000002,559214
2.5595600920000017,519692
2.560560092000002,1071730
2.561560092000002,1132566
2.562560092000002,1523410
2.563560092000002,1071676
2.5645600920000016,943990
2.565560092000002,1179632
2.566560092000002,518190
2.5675600920000017,812106
2.568560092000002,1331354
2.569560092000002,1030652
2.570560092000002,1071730
2.571560092000002,949112
2.5725600920000016,557150
2.573560092000002,518190
2.574560092000002,518190
2.5755600920000017,519692
2.576560092000002,518190
2.577560092000002,1071730
2.578560092000002,518190
2.579560092000002,1127482
2.5805600920000016,1124408
2.581560092000002,1007382
2.582560092000002,1030652
2.5835600920000017,943990
2.584560092000002,518190
2.585560092000002,1510248
2.586560092000002,1060514
2.587560092000002,518190
2.5885600920000016,519692
2.589560092000002,518190
2.590560092000002,1029150
2.5915600920000017,1710430
2.592560092000002,1541612
2.593560092000002,518190
2.594560092000002,981124
2.595560092000002,993518
2.5965600920000016,518190
2.597560092000002,1071838
2.598560092000002,987964
2.5995600920000017,344746
2.600560092000002,0
2.601560092000002,0
2.602560092000002,436638
2.603560092000002,0
2.6045600920000016,553540
2.605560092000002,468380
2.606560092000002,510960
2.6075600920000017,0
2.608560092000002,0
2.609560092000002,936760
2.610560092000002,0
2.611560092000002,739188
2.6125600920000016,645540
2.613560092000002,169338
2.614560092000002,468488
2.6155600920000017,1107026
2.616560092000002,979340
2.617560092000002,0
2.618560092000002,0
2.619560092000002,425800
2.6205600920000016,0
2.621560092000002,209588
2.622560092000002,429112
2.6235600920000017,894180
2.624560092000002,0
2.625560092000002,3706
2.626560092000002,549834
2.627560092000002,0
2.6285600920000016,510960
2.629560092000002,638700
2.630560092000002,1192240
2.6315600920000017,468380
2.632560092000002,576756
2.633560092000002,1061512
2.634560092000002,533312
2.635560092000002,1503078
2.6365600920000016,540762
2.637560092000002,0
2.638560092000002,0
2.6395600920000017,425800
2.640560092000002,510960
2.641560092000002,0
2.642560092000002,638700
2.643560092000002,387472
2.6445600920000016,166068
2.645560092000002,0
2.646560092000002,512516
2.6475600920000018,551984
2.648560092000002,0
2.649560092000002,468380
2.650560092000002,0
2.651560092000002,553540
2.6525600920000016,838066
2.653560092000002,470006
2.654560092000002,367622
2.6555600920000018,495886
2.656560092000002,0
2.657560092000002,638700
2.658560092000002,557014
2.659560092000002,294586
2.6605600920000017,510960
2.661560092000002,0
2.662560092000002,591160
2.6635600920000018,984300
2.664560092000002,596120
2.665560092000002,90822
2.666560092000002,462718
2.667560092000002,0
2.6685600920000017,674790
2.669560092000002,1014130
2.670560092000002,974432
2.6715600920000018,510960
2.672560092000002,0
2.673560092000002,0
2.674560092000002,0
2.675560092000002,599718
2.6765600920000017,618634
2.677560092000002,357108
2.678560092000002,596120
2.679560092000002,0
2.680560092000002,0
2.681560092000002,612788
2.682560092000002,25912
2.6835600920000022,0
2.6845600920000017,203904
2.685560092000002,392216
2.686560092000002,290950
2.687560092000002,453792
2.688560092000002,843204
2.689560092000002,40932
2.690560092000002,242794
2.6915600920000022,656054
2.6925600920000017,123072
2.693560092000002,425800
2.694560092000002,512516
2.695560092000002,551984
2.696560092000002,468380
2.697560092000002,468380
2.698560092000002,703302
2.6995600920000022,318618
2.7005600920000017,0
2.701560092000002,0
2.702560092000002,0
2.703560092000002,553540
2.704560092000002,750480
2.705560092000002,314020
2.706560092000002,553540
2.7075600920000022,6548
2.7085600920000017,419252
2.709560092000002,0
2.710560092000002,0
2.711560092000002,0
2.712560092000002,1021920
2.713560092000002,0
2.714560092000002,0
2.7155600920000023,0
2.7165600920000017,1021920
2.717560092000002,511014
2.718560092000002,553486
2.719560092000002,638700
2.720560092000002,0
2.721560092000002,1021920
2.722560092000002,614776
2.7235600920000023,1470018
2.7245600920000017,129366
2.725560092000002,204936
2.726560092000002,391184
2.727560092000002,469936
2.728560092000002,594564
2.729560092000002,0
2.730560092000002,425800
2.7315600920000023,0
2.7325600920000017,884898
2.733560092000002,94442
2.734560092000002,468380
2.735560092000002,468380
2.736560092000002,0
2.737560092000002,0
2.738560092000002,0
2.7395600920000023,0
2.7405600920000017,596120
2.741560092000002,0
2.742560092000002,553540
2.743560092000002,424656
2.744560092000002,1204730
2.745560092000002,766900
2.746560092000002,665764
2.7475600920000023,546924
2.7485600920000017,239428
2.749560092000002,817454
2.750560092000002,0
2.751560092000002,510960
2.752560092000002,553594
2.753560092000002,1064446
2.754560092000002,0
2.7555600920000023,0
2.7565600920000017,66682
2.757560092000002,912658
2.758560092000002,21676
2.759560092000002,489284
2.760560092000002,0
2.761560092000002,510960
2.762560092000002,0
2.7635600920000023,0
2.7645600920000017,596120
2.765560092000002,638700
2.766560092000002,468380
2.767560092000002,0
2.768560092000002,0
2.769560092000002,254902
2.770560092000002,681858
2.7715600920000023,425800
2.7725600920000018,10838
2.773560092000002,468380
2.774560092000002,0
2.775560092000002,468438
2.776560092000002,702462
2.777560092000002,0
2.778560092000002,1099662
2.7795600920000023,7418
2.7805600920000018,553540
2.781560092000002,341872
2.782560092000002,637522
2.783560092000002,468326
2.784560092000002,499506
2.785560092000002,11454
2.786560092000002,0
2.7875600920000023,111260
2.7885600920000018,819470
2.789560092000002,625542
2.790560092000002,343752
2.791560092000002,509404
2.792560092000002,41024
2.793560092000002,510960
2.794560092000002,425800
2.7955600920000023,0
2.7965600920000018,417966
2.797560092000002,518794
2.798560092000002,0
2.799560092000002,0
2.800560092000002,574622
2.801560092000002,21498
2.802560092000002,596120
2.8035600920000023,0
2.804560092000002,553540
2.805560092000002,564378
2.806560092000002,553540
2.807560092000002,425800
2.8085600920000022,510960
2.809560092000002,276346
2.810560092000002,149454
2.8115600920000023,586638
2.812560092000002,367232
2.813560092000002,1111144
2.814560092000002,683498
2.815560092000002,425800
2.8165600920000022,0
2.817560092000002,0
2.818560092000002,468380
2.8195600920000023,106400
2.820560092000002,915830
2.821560092000002,1891518
2.822560092000002,240468
2.823560092000002,569230
2.8245600920000022,585746
2.825560092000002,674478
2.826560092000002,384706
2.8275600920000024,0
2.828560092000002,162
2.829560092000002,510798
2.830560092000002,468380
2.831560092000002,1149660
2.8325600920000022,425800
2.833560092000002,0
2.834560092000002,0
2.8355600920000024,468380
2.836560092000002,0
2.837560092000002,0
2.838560092000002,638700
2.839560092000002,468380
2.8405600920000023,381556
2.841560092000002,389282
2.842560092000002,258662
2.8435600920000024,524620
2.844560092000002,1021920
2.845560092000002,412374
2.846560092000002,524386
2.847560092000002,425800
2.8485600920000023,0
2.849560092000002,468380
2.850560092000002,596120
2.8515600920000024,468380
2.852560092000002,260910
2.853560092000002,207470
2.854560092000002,0
2.855560092000002,0
2.8565600920000023,979340
2.857560092000002,0
2.858560092000002,0
2.8595600920000024,553540
2.860560092000002,369848
2.861560092000002,55952
2.862560092000002,106400
2.863560092000002,110240
2.8645600920000023,358140
2.865560092000002,669830
2.866560092000002,307750
2.8675600920000024,860844
2.868560092000002,818324
2.869560092000002,883142
2.870560092000002,1165150
2.871560092000002,468380
2.8725600920000023,0
2.873560092000002,553540
2.874560092000002,0
2.8755600920000024,745100
2.876560092000002,81702
2.877560092000002,386678
2.878560092000002,0
2.879560092000002,596120
2.8805600920000023,0
2.881560092000002,0
2.882560092000002,15132
2.8835600920000024,390520
2.884560092000002,516688
2.885560092000002,165552
2.886560092000002,0
2.887560092000002,0
2.8885600920000023,609924
2.889560092000002,582316
2.890560092000002,0
2.8915600920000024,0
2.892560092000002,510960
2.893560092000002,425800
2.894560092000002,605602
2.895560092000002,288578
2.8965600920000023,0
2.897560092000002,425800
2.898560092000002,425908
2.8995600920000024,841432
2.900560092000002,512958
2.901560092000002,979060
2.902560092000002,1351714
2.903560092000002,0
2.9045600920000023,752656
2.905560092000002,1102008
2.906560092000002,986570
2.9075600920000024,518190
2.908560092000002,1285554
2.909560092000002,731668
2.910560092000002,943990
2.911560092000002,855194
2.9125600920000023,693648
2.913560092000002,904522
2.914560092000002,668368
2.9155600920000024,877362
2.916560092000002,518190
2.917560092000002,1156890
2.918560092000002,1249976
2.919560092000002,1404498
2.9205600920000023,1543130
2.921560092000002,1368218
2.922560092000002,1073232
2.9235600920000024,518190
2.924560092000002,1582690
2.925560092000002,233710
2.926560092000002,0
2.927560092000002,446206
2.9285600920000023,1071730
2.9295600920000022,155578
2.930560092000002,478370
2.9315600920000024,809528
2.932560092000002,0
2.9335600920000022,1149660
2.934560092000002,596120
2.935560092000002,553540
2.9365600920000023,425800
2.9375600920000022,0
2.938560092000002,1081168
2.9395600920000025,25912
2.940560092000002,768050
2.9415600920000022,381610
2.942560092000002,171206
2.943560092000002,360994
2.9445600920000023,0
2.9455600920000022,553540
2.946560092000002,1021920
2.9475600920000025,553540
2.948560092000002,0
2.9495600920000022,0
2.950560092000002,0
2.951560092000002,0
2.9525600920000024,553540
2.9535600920000022,553540
2.954560092000002,0
2.9555600920000025,425800
2.956560092000002,425800
2.9575600920000022,0
2.958560092000002,0
2.959560092000002,638700
2.9605600920000024,638700
2.9615600920000023,553540
2.962560092000002,0
2.9635600920000025,425854
2.964560092000002,425746
2.9655600920000023,0
2.966560092000002,425800
2.967560092000002,0
2.9685600920000024,506000
2.9695600920000023,1437752
2.970560092000002,310292
2.9715600920000025,196086
2.972560092000002,399256
2.9735600920000023,3474
2.974560092000002,553540
2.975560092000002,0
2.9765600920000024,425800
2.9775600920000023,738534
2.978560092000002,453706
2.9795600920000025,596120
2.980560092000002,65342
2.9815600920000023,530778
2.982560092000002,638700
2.983560092000002,894180
2.9845600920000024,425800
2.9855600920000023,26128
2.986560092000002,442252
2.9875600920000025,800678
2.988560092000002,391562
2.9895600920000023,1021920
2.990560092000002,0
2.991560092000002,557700
2.9925600920000024,711250
2.9935600920000023,625290
2.994560092000002,107020
2.9955600920000025,1216326
2.996560092000002,219178
2.9975600920000023,225116
2.998560092000002,535154
2.999560092000002,103546
3.0005600920000024,726032
3.0015600920000023,849428
3.002560092000002,510960
3.0035600920000025,0
3.004560092000002,419322
3.0055600920000023,6478
3.006560092000002,979340
3.007560092000002,425800
3.0085600920000024,66898
3.0095600920000023,572612
3.010560092000002,637890
3.0115600920000025,0
3.012560092000002,0
3.0135600920000023,510960
3.014560092000002,468380
3.015560092000002,480682
3.0165600920000024,924884
3.0175600920000023,1365284
3.018560092000002,1088776
3.0195600920000025,1481986
3.020560092000002,1071730
3.0215600920000023,518248
3.022560092000002,1038024
3.023560092000002,1448764
3.0245600920000024,1071260
3.0255600920000023,973052
3.026560092000002,533680
3.0275600920000025,943990
3.028560092000002,914982
3.0295600920000023,1102240
3.030560092000002,1005134
3.031560092000002,925426
3.0325600920000024,1626880
3.0335600920000023,1795482
3.034560092000002,1454950
3.0355600920000025,519692
3.036560092000002,1071730
3.0375600920000023,636002
3.038560092000002,75640
3.039560092000002,350160
3.0405600920000024,0
3.0415600920000023,0
3.042560092000002,596120
3.0435600920000025,0
3.044560092000002,287130
3.0455600920000023,862530
3.046560092000002,468380
3.047560092000002,0
3.0485600920000024,0
3.0495600920000023,0
3.050560092000002,15830
3.0515600920000026,1091250
3.052560092000002,638700
3.0535600920000023,59226
3.0545600920000022,451734
3.055560092000002,269560
3.0565600920000024,709780
3.0575600920000023,638808
3.0585600920000022,553432
3.0595600920000026,440966
3.060560092000002,130090
3.0615600920000023,323124
3.0625600920000022,161308
3.063560092000002,818032
3.0645600920000025,0
3.0655600920000023,0
3.0665600920000022,45816
3.0675600920000026,550304
3.068560092000002,0
3.0695600920000023,425800
3.0705600920000022,553540
3.071560092000002,802904
3.0725600920000025,644924
3.0735600920000024,468272
3.0745600920000022,0
3.0755600920000026,0
3.076560092000002,468380
3.0775600920000024,0
3.0785600920000022,0
3.079560092000002,979340
3.0805600920000025,0
3.0815600920000024,0
3.0825600920000022,0
3.0835600920000026,565664
3.084560092000002,1009796
3.0855600920000024,894180
3.0865600920000023,0
3.087560092000002,0
3.0885600920000025,0
3.0895600920000024,0
3.0905600920000023,553540
3.0915600920000026,0
3.092560092000002,0
3.0935600920000024,0
3.0945600920000023,0
3.095560092000002,468380
3.0965600920000025,748508
3.0975600920000024,315992
3.0985600920000023,0
3.0995600920000026,612696
3.100560092000002,26004
3.1015600920000024,115766
3.1025600920000023,1087274
3.103560092000002,480972
3.1045600920000025,1107080
3.1055600920000024,260910
3.1065600920000023,839708
3.1075600920000026,1411602
3.108560092000002,0
3.1095600920000024,0
3.1105600920000023,1064500
3.111560092000002,0
3.1125600920000025,0
3.1135600920000024,0
3.1145600920000023,0
3.1155600920000026,279782
3.116560092000002,188598
3.1175600920000024,567112
3.1185600920000023,29008
3.119560092000002,0
3.1205600920000025,0
3.1215600920000024,638700
3.1225600920000023,0
3.1235600920000026,580160
3.124560092000002,441760
3.1255600920000024,553540
3.1265600920000023,596120
3.127560092000002,0
3.1285600920000025,0
3.1295600920000024,0
3.1305600920000023,638700
3.1315600920000026,425800
3.132560092000002,0
3.1335600920000024,596120
3.1345600920000023,731986
3.135560092000002,332514
3.1365600920000025,265886
3.1375600920000024,202494
3.1385600920000023,519556
3.1395600920000026,797258
3.140560092000002,173486
3.1415600920000024,24734
3.1425600920000023,997186
3.143560092000002,468380
3.1445600920000025,572558
3.1455600920000024,385142
3.1465600920000023,450600
3.1475600920000026,1029150
3.148560092000002,1216080
3.1495600920000024,0
3.1505600920000023,0
3.151560092000002,468380
3.1525600920000025,979340
3.1535600920000024,158304
3.1545600920000023,863616
3.1555600920000026,659940
3.156560092000002,473972
3.1575600920000024,211760
3.1585600920000023,694906
3.159560092000002,1259322
3.1605600920000025,0
3.1615600920000024,425800
3.1625600920000023,553540
3.1635600920000027,638700
3.164560092000002,1164102
3.1655600920000024,1569560
3.1665600920000023,289518
3.167560092000002,462464
3.1685600920000025,5916
3.1695600920000024,553540
3.1705600920000023,578220
3.1715600920000027,1313750
3.172560092000002,940986
3.1735600920000024,639416
3.1745600920000023,0
3.175560092000002,0
3.1765600920000026,0
3.1775600920000024,1064500
3.1785600920000023,0
3.1795600920000027,0
3.180560092000002,107236
3.1815600920000024,361144
3.1825600920000023,0
3.1835600920000022,0
3.1845600920000026,0
3.1855600920000025,0
3.1865600920000023,0
3.1875600920000027,0
3.188560092000002,0
3.1895600920000025,1021920
3.1905600920000023,0
3.1915600920000022,584666
3.1925600920000026,157904
3.1935600920000025,450968
3.1945600920000023,510906
3.1955600920000027,638700
3.196560092000002,468380
3.1975600920000025,394404
3.1985600920000024,584936
3.1995600920000022,638700
3.2005600920000026,0
3.2015600920000025,0
3.2025600920000024,553540
3.2035600920000027,1107080
3.204560092000002,0
3.2055600920000025,0
3.2065600920000024,396322
3.2075600920000022,388866
3.2085600920000026,108992
3.2095600920000025,0
3.2105600920000024,936760
3.2115600920000027,350992
3.212560092000002,159968
3.2135600920000025,0
3.2145600920000024,66682
3.2155600920000023,1040398
3.2165600920000026,0
3.2175600920000025,468380
3.2185600920000024,425800
3.2195600920000027,507632
3.220560092000002,339208
3.2215600920000025,175080
3.2225600920000024,427356
3.2235600920000023,466824
3.2245600920000026,427356
3.2255600920000025,345038
3.2265600920000024,803066
3.2275600920000027,21568
3.228560092000002,872612
3.2295600920000025,510960
3.2305600920000024,10568
3.2315600920000023,911106
3.2325600920000026,688704
3.2335600920000025,891442
3.2345600920000024,555178
3.2355600920000027,863444
3.236560092000002,1197914
3.2375600920000025,910746
3.2385600920000024,806860
3.2395600920000023,1155388
3.2405600920000026,519692
3.2415600920000025,518190
3.2425600920000024,519692
3.2435600920000027,518190
3.244560092000002,824710
3.2455600920000025,1031874
3.2465600920000024,1255760
3.2475600920000023,943990
3.2485600920000026,1057742
3.2495600920000025,1037018
3.2505600920000024,705826
3.2515600920000027,829298
3.252560092000002,492054
3.2535600920000025,169234
3.2545600920000024,256566
3.2555600920000023,468380
3.2565600920000026,974958
3.2575600920000025,579162
3.2585600920000024,988044
3.2595600920000027,587416
3.260560092000002,0
3.2615600920000025,468380
3.2625600920000024,0
3.2635600920000023,0
3.2645600920000026,0
3.2655600920000025,525180
3.2665600920000024,539320
3.2675600920000027,596120
3.268560092000002,553540
3.2695600920000025,1244
3.2705600920000024,510960
3.2715600920000023,436638
3.2725600920000026,425800
3.2735600920000025,0
3.2745600920000024,0
3.2755600920000028,425800
3.276560092000002,0
3.2775600920000025,57832
3.2785600920000024,1006668
3.2795600920000023,638700
3.2805600920000026,425800
3.2815600920000025,56114
3.2825600920000024,965806
3.2835600920000028,0
3.284560092000002,281500
3.2855600920000025,783000
3.2865600920000024,468380
3.2875600920000023,0
3.2885600920000027,553540
3.2895600920000025,509474
3.2905600920000024,938246
3.2915600920000028,0
3.292560092000002,0
3.2935600920000025,468380
3.2945600920000024,208086
3.2955600920000023,1069314
3.2965600920000027,0
3.2975600920000026,0
3.2985600920000024,638700
3.2995600920000028,540584
3.300560092000002,12956
3.3015600920000026,72636
3.3025600920000024,353164
3.3035600920000023,468380
3.3045600920000027,0
3.3055600920000026,0
3.3065600920000024,0
3.307560092000003,638700
3.3085600920000022,468380
3.3095600920000026,54
3.3105600920000025,1064446
3.3115600920000023,106400
3.3125600920000027,317278
3.3135600920000026,108576
3.3145600920000025,1067558
3.315560092000003,82048
3.3165600920000022,0
3.3175600920000026,553540
3.3185600920000025,425800
3.3195600920000023,468380
3.3205600920000027,0
3.3215600920000026,425800
3.3225600920000025,596120
3.323560092000003,468380
3.3245600920000022,553540
3.3255600920000026,468488
3.3265600920000025,469516
3.3275600920000024,553540
3.3285600920000027,0
3.3295600920000026,0
3.3305600920000025,0
3.331560092000003,0
3.3325600920000022,468380
3.3335600920000026,936760
3.3345600920000025,143230
3.3355600920000024,921270
3.3365600920000027,542556
3.3375600920000026,479364
3.3385600920000025,425800
3.339560092000003,553540
3.3405600920000023,697818
3.3415600920000026,366682
3.3425600920000025,0
3.3435600920000024,0
3.3445600920000027,974926
3.3455600920000026,430214
3.3465600920000025,553540
3.347560092000003,0
3.3485600920000023,0
3.3495600920000026,421910
3.3505600920000025,353018
3.3515600920000024,246992
3.3525600920000027,0
3.3535600920000026,475944
3.3545600920000025,545976
3.355560092000003,185556
3.3565600920000023,1098872
3.3575600920000026,510680
3.3585600920000025,604584
3.3595600920000024,221080
3.3605600920000027,427356
3.3615600920000026,41024
3.3625600920000025,427356
3.363560092000003,41024
3.3645600920000023,425800
3.3655600920000026,468380
3.3665600920000025,638700
3.3675600920000024,0
3.3685600920000027,0
3.3695600920000026,745100
3.3705600920000025,0
3.371560092000003,614214
3.3725600920000023,1014664
3.3735600920000026,468380
3.3745600920000025,532798
3.3755600920000024,1042662
3.3765600920000027,1064500
3.3775600920000026,638700
3.3785600920000025,426254
3.379560092000003,212446
3.3805600920000023,179656
3.3815600920000026,246144
3.3825600920000025,349814
3.3835600920000024,118566
3.3845600920000027,0
3.3855600920000026,0
3.3865600920000025,74300
3.387560092000003,479240
3.3885600920000023,389066
3.3895600920000026,164474
3.3905600920000025,638700
3.3915600920000024,0
3.3925600920000027,0
3.3935600920000026,0
3.3945600920000025,596120
3.395560092000003,0
3.3965600920000023,244766
3.3975600920000026,223614
3.3985600920000025,0
3.3995600920000024,306764
3.4005600920000028,119036
3.4015600920000026,553540
3.4025600920000025,0
3.403560092000003,0
3.4045600920000023,0
3.4055600920000026,468380
3.4065600920000025,0
3.4075600920000024,553540
3.4085600920000028,0
3.4095600920000027,0
3.4105600920000025,1244
3.411560092000003,468380
3.4125600920000023,0
3.4135600920000027,553540
3.4145600920000025,553540
3.4155600920000024,520506
3.4165600920000028,782644
3.4175600920000027,338282
3.4185600920000025,0
3.419560092000003,448384
3.4205600920000023,19996
3.4215600920000027,0
3.4225600920000026,384306
3.4235600920000024,96322
3.4245600920000028,541292
3.4255600920000027,0
3.4265600920000026,425800
3.427560092000003,0
3.4285600920000023,1064500
3.4295600920000027,979340
3.4305600920000026,0
3.4315600920000024,553540
3.432560092000003,0
3.4335600920000027,1228180
3.4345600920000026,177018
3.435560092000003,425120
3.4365600920000023,1342656
3.4375600920000027,1129592
3.4385600920000026,765200
3.4395600920000025,386678
3.440560092000003,592084
3.4415600920000027,352472
3.4425600920000026,1102828
3.443560092000003,433094
3.4445600920000023,75212
3.4455600920000027,482466
3.4465600920000026,1239554
3.4475600920000025,1246048
3.448560092000003,1156890
3.4495600920000027,1030706
3.4505600920000026,560716
3.451560092000003,518190
3.4525600920000024,518190
3.4535600920000027,944806
3.4545600920000026,703200
3.4555600920000025,887406
3.456560092000003,519692
3.4575600920000027,518190
3.4585600920000026,863498
3.459560092000003,641262
3.4605600920000024,1120372
3.4615600920000027,1024590
3.4625600920000026,518190
3.4635600920000025,519692
3.464560092000003,1082568
3.4655600920000027,986570
3.4665600920000026,519692
3.467560092000003,779624
3.4685600920000024,1007290
3.4695600920000027,877482
3.4705600920000026,943990
3.4715600920000025,986570
3.472560092000003,1115866
3.4735600920000027,560716
3.4745600920000026,881144
3.475560092000003,623616
3.4765600920000024,1030652
3.4775600920000027,518190
3.4785600920000026,986570
3.4795600920000025,519692
3.480560092000003,518190
3.4815600920000027,1324098
3.4825600920000026,734202
3.483560092000003,792996
3.4845600920000024,713266
3.4855600920000027,902966
3.4865600920000026,1050178
3.4875600920000025,965488
3.488560092000003,518190
3.4895600920000027,1073232
3.4905600920000026,986570
3.491560092000003,986570
3.4925600920000024,1073232
3.4935600920000027,688618
3.4945600920000026,1327102
3.4955600920000025,518190
3.496560092000003,519692
3.4975600920000027,518190
3.4985600920000026,518190
3.499560092000003,945492
3.5005600920000024,1156890
3.5015600920000027,518190
3.5025600920000026,519692
3.5035600920000025,518190
3.504560092000003,986570
3.5055600920000027,1710430
3.5065600920000026,1073232
3.507560092000003,1029150
3.5085600920000024,518190
3.5095600920000027,1499032
3.5105600920000026,1114310
3.5115600920000025,1114310
3.512560092000003,814440
3.5135600920000027,649242
3.5145600920000026,518190
3.515560092000003,1050232
3.5165600920000024,1094730
3.5175600920000027,962122
3.5185600920000026,1053598
3.5195600920000025,1073232
3.520560092000003,518190
3.5215600920000028,1071730
3.5225600920000026,1003204
3.523560092000003,712604
3.5245600920000024,840844
3.5255600920000028,519692
3.5265600920000026,943990
3.5275600920000025,1355640
3.528560092000003,1172596
3.5295600920000028,560716
3.5305600920000026,716124
3.531560092000003,878896
3.5325600920000024,982972
3.5335600920000028,1156890
3.5345600920000027,1029150
3.5355600920000025,519692
3.536560092000003,518190
3.5375600920000028,1156890
3.5385600920000027,518190
3.539560092000003,945492
3.5405600920000024,518190
3.5415600920000028,1029150
3.5425600920000027,519692
3.5435600920000025,1582690
3.544560092000003,1029150
3.5455600920000028,945492
3.5465600920000027,1100916
3.547560092000003,2277364
3.5485600920000024,969108
3.5495600920000028,1090694
3.5505600920000027,986570
3.5515600920000026,1226262
3.552560092000003,1620322
3.553560092000003,1375952
3.5545600920000027,600238
3.555560092000003,1030652
3.5565600920000024,1071730
3.557560092000003,986570
3.5585600920000027,1152276
3.5595600920000026,1205586
3.560560092000003,1102926
3.561560092000003,955374
3.5625600920000027,1163384
3.563560092000003,981578
3.5645600920000025,1412370
3.565560092000003,519692
3.5665600920000027,1114310
3.5675600920000026,1627950
3.568560092000003,1322450
3.569560092000003,734672
3.5705600920000027,1029150
3.571560092000003,943990
3.5725600920000025,1456452
3.573560092000003,986570
3.5745600920000027,1454950
3.5755600920000026,519692
3.576560092000003,518190
3.577560092000003,518190
3.5785600920000027,1115812
3.579560092000003,986570
3.5805600920000025,986570
3.581560092000003,988072
3.5825600920000027,1114310
3.5835600920000026,1114310
3.584560092000003,518190
3.585560092000003,1030652
3.5865600920000027,518190
3.587560092000003,1497530
3.5885600920000025,519692
3.589560092000003,986570
3.5905600920000027,943990
3.5915600920000026,1626772
3.592560092000003,518190
3.593560092000003,819092
3.5945600920000027,1148856
3.595560092000003,652624
3.5965600920000025,1007344
3.597560092000003,1178696
3.5985600920000027,940688
3.5995600920000026,1828110
3.600560092000003,1428080
3.601560092000003,1115748
3.6025600920000027,1509374
3.603560092000003,1118428
3.6045600920000025,1037882
3.605560092000003,1465238
3.6065600920000027,1276478
3.6075600920000026,1981574
3.608560092000003,1087356
3.609560092000003,1482300
3.6105600920000027,1484640
3.611560092000003,1049098
3.6125600920000025,1580206
3.613560092000003,1045554
3.6145600920000027,1667408
3.6155600920000026,1037936
3.616560092000003,1889482
3.617560092000003,1078906
3.6185600920000027,1037882
3.619560092000003,1343252
3.6205600920000025,1240468
3.621560092000003,1413176
3.6225600920000027,1514188
3.6235600920000026,2228620
3.624560092000003,1144228
3.625560092000003,2017978
3.6265600920000027,2261486
3.627560092000003,1344954
3.6285600920000025,1037882
3.629560092000003,1036380
3.6305600920000027,1675080
3.6315600920000026,1527452
3.632560092000003,1144432
3.633560092000003,1104564
3.6345600920000027,1361098
3.635560092000003,1584798
3.6365600920000025,1077404
3.637560092000003,1037882
3.6385600920000027,1463682
3.6395600920000026,1589920
3.640560092000003,1675080
3.641560092000003,1039384
3.6425600920000027,1696320
3.643560092000003,1036380
3.6445600920000025,1267412
3.645560092000003,1404472
3.6465600920000028,1504760
3.6475600920000026,1463682
3.648560092000003,1370180
3.649560092000003,1129882
3.6505600920000028,1398880
3.651560092000003,1230424
3.6525600920000025,1996718
3.653560092000003,1265726
3.6545600920000028,1420404
3.6555600920000026,1379256
3.656560092000003,518190
3.657560092000003,1564844
3.6585600920000028,1048498
3.659560092000003,518190
3.6605600920000025,560948
3.661560092000003,1030474
3.6625600920000028,1029150
3.6635600920000027,518190
3.664560092000003,519692
3.665560092000003,518190
3.6665600920000028,986570
3.667560092000003,1212064
3.6685600920000025,890318
3.669560092000003,943990
3.6705600920000028,986570
3.6715600920000027,1504240
3.672560092000003,1066576
3.673560092000003,1454896
3.6745600920000028,519692
3.675560092000003,518190
3.6765600920000026,1071730
3.677560092000003,1073232
3.678560092000003,823922
3.6795600920000027,638258
3.680560092000003,877016
3.681560092000003,1182786
3.682560092000003,1027204
3.683560092000003,1445026
3.6845600920000026,1318152
3.685560092000003,1543352
3.686560092000003,901048
3.6875600920000027,712450
3.688560092000003,1402364
3.689560092000003,548700
3.690560092000003,1155620
3.691560092000003,1500302
3.6925600920000026,1667850
3.693560092000003,986570
3.694560092000003,1220994
3.6955600920000027,1492744
3.696560092000003,1433482
3.697560092000003,804958
3.698560092000003,1271982
3.699560092000003,828736
3.7005600920000026,1029150
3.701560092000003,519692
3.702560092000003,622584
3.7035600920000027,1478296
3.704560092000003,1413872
3.705560092000003,943990
3.706560092000003,518190
3.707560092000003,519692
3.7085600920000026,1412370
3.709560092000003,518190
3.710560092000003,1074476
3.7115600920000027,518190
3.712560092000003,986570
3.713560092000003,521950
3.714560092000003,1112052
3.715560092000003,826186
3.7165600920000026,1275938
3.717560092000003,945492
3.718560092000003,1497530
3.7195600920000027,1114310
3.720560092000003,945492
3.721560092000003,518190
3.722560092000003,1277536
3.723560092000003,1249144
3.7245600920000026,1030652
3.725560092000003,518190
3.726560092000003,1369790
3.7275600920000027,1115866
3.728560092000003,1485530
3.729560092000003,966720
3.730560092000003,519746
3.731560092000003,518190
3.7325600920000026,1076830
3.733560092000003,1245384
3.734560092000003,1146068
3.7355600920000027,1346174
3.736560092000003,843756
3.737560092000003,1233038
3.738560092000003,826764
3.739560092000003,518190
3.7405600920000026,519692
3.741560092000003,1454950
3.742560092000003,518190
3.7435600920000027,814802
3.744560092000003,1330160
3.745560092000003,919488
3.746560092000003,1053652
3.747560092000003,693432
3.7485600920000026,770304
3.749560092000003,1158408
3.750560092000003,1313206
3.7515600920000027,1170824
3.752560092000003,943520
3.753560092000003,1323990
3.754560092000003,796794
3.755560092000003,798318
3.7565600920000026,519692
3.757560092000003,922600
3.758560092000003,1135700
3.7595600920000027,722494
3.760560092000003,783768
3.761560092000003,1030706
3.762560092000003,1156890
3.763560092000003,560716
3.7645600920000026,985068
3.765560092000003,631542
3.766560092000003,1387182
3.7675600920000027,518190
3.768560092000003,986570
3.769560092000003,943990
3.770560092000003,988072
3.771560092000003,943990
3.7725600920000026,1043754
3.773560092000003,1079240
3.774560092000003,540158
3.7755600920000028,1029150
3.776560092000003,519692
3.777560092000003,1156890
3.778560092000003,943990
3.779560092000003,943990
3.7805600920000026,1531098
3.781560092000003,528704
3.782560092000003,550438
3.7835600920000028,1008244
3.784560092000003,572170
3.785560092000003,977196
3.786560092000003,614226
3.787560092000003,1454950
3.7885600920000027,518190
3.789560092000003,519692
3.790560092000003,518190
3.7915600920000028,518190
3.792560092000003,518190
3.793560092000003,1158392
3.794560092000003,1454950
3.795560092000003,518190
3.7965600920000027,1536636
3.797560092000003,1076706
3.798560092000003,986570
3.7995600920000028,1499032
3.800560092000003,1114310
3.801560092000003,986570
3.802560092000003,518190
3.8035600920000032,519692
3.8045600920000027,1389932
3.805560092000003,540628
3.806560092000003,519692
3.807560092000003,943990
3.808560092000003,993058
3.809560092000003,594472
3.810560092000003,425800
3.8115600920000032,0
3.8125600920000027,0
3.813560092000003,936760
3.814560092000003,638700
3.815560092000003,553540
3.816560092000003,0
3.817560092000003,0
3.818560092000003,1021920
3.8195600920000032,596120
3.8205600920000027,468380
3.821560092000003,0
3.822560092000003,1107080
3.823560092000003,0
3.824560092000003,252222
3.825560092000003,173578
3.826560092000003,427356
3.8275600920000032,41024
3.8285600920000027,0
3.829560092000003,427356
3.830560092000003,41078
3.831560092000003,673138
3.832560092000003,689368
3.833560092000003,510960
3.834560092000003,0
3.8355600920000033,682258
3.8365600920000027,254502
3.837560092000003,0
3.838560092000003,71188
3.839560092000003,397192
3.840560092000003,863400
3.841560092000003,115940
3.842560092000003,0
3.8435600920000033,551568
3.8445600920000027,843966
3.845560092000003,137346
3.846560092000003,225240
3.847560092000003,243140
3.848560092000003,0
3.849560092000003,345308
3.850560092000003,635588
3.8515600920000033,41024
3.8525600920000027,12718
3.853560092000003,540822
3.854560092000003,468380
3.855560092000003,0
3.856560092000003,0
3.857560092000003,0
3.858560092000003,553648
3.8595600920000033,936652
3.8605600920000027,54
3.861560092000003,936706
3.862560092000003,596120
3.863560092000003,481044
3.864560092000003,498296
3.865560092000003,1021920
3.866560092000003,553540
3.8675600920000033,468380
3.8685600920000027,584720
3.869560092000003,317240
3.870560092000003,720748
3.871560092000003,123072
3.872560092000003,1021920
3.873560092000003,425800
3.874560092000003,0
3.8755600920000033,0
3.8765600920000027,553540
3.877560092000003,425800
3.878560092000003,0
3.879560092000003,0
3.880560092000003,638700
3.881560092000003,0
3.882560092000003,0
3.8835600920000033,553594
3.8845600920000027,1160790
3.885560092000003,171584
3.886560092000003,328192
3.887560092000003,0
3.888560092000003,512516
3.889560092000003,425800
3.890560092000003,594564
3.8915600920000033,0
3.8925600920000027,553540
3.893560092000003,156748
3.894560092000003,269052
3.895560092000003,583812
3.896560092000003,1034228
3.897560092000003,553540
3.898560092000003,0
3.8995600920000033,0
3.9005600920000028,553540
3.901560092000003,436638
3.902560092000003,468380
3.903560092000003,0
3.904560092000003,498004
3.905560092000003,438756
3.906560092000003,0
3.9075600920000033,425800
3.9085600920000028,553540
3.909560092000003,468380
3.910560092000003,0
3.911560092000003,425800
3.912560092000003,1107080
3.913560092000003,468380
3.914560092000003,0
3.9155600920000033,979340
3.9165600920000028,553540
3.917560092000003,510960
3.918560092000003,0
3.919560092000003,0
3.920560092000003,0
3.921560092000003,596120
3.922560092000003,0
3.9235600920000033,468380
3.9245600920000028,10838
3.925560092000003,0
3.926560092000003,0
3.927560092000003,0
3.9285600920000032,329964
3.929560092000003,180996
3.930560092000003,425800
3.9315600920000033,0
3.932560092000003,405172
3.933560092000003,190948
3.934560092000003,0
3.935560092000003,0
3.9365600920000032,60782
3.937560092000003,1088878
3.938560092000003,553540
3.9395600920000033,0
3.940560092000003,936760
3.941560092000003,628132
3.942560092000003,266048
3.943560092000003,468380
3.9445600920000032,468380
3.945560092000003,0
3.946560092000003,693820
3.9475600920000034,1129086
3.948560092000003,270332
3.949560092000003,631882
3.950560092000003,120808
3.951560092000003,1028852
3.9525600920000032,596120
3.953560092000003,285790
3.954560092000003,609946
3.9555600920000034,41024
3.956560092000003,1276930
3.957560092000003,470
3.958560092000003,674910
3.959560092000003,389590
3.9605600920000033,468380
3.961560092000003,445784
3.962560092000003,659536
3.9635600920000034,704180
3.964560092000003,857258
3.965560092000003,1061588
3.966560092000003,326160
3.967560092000003,1054894
3.9685600920000033,425800
3.969560092000003,468380
3.970560092000003,596120
3.9715600920000034,468380
3.972560092000003,468380
3.973560092000003,0
3.974560092000003,577626
3.975560092000003,614614
3.9765600920000033,468380
3.977560092000003,0
3.978560092000003,409678
3.9795600920000034,578998
3.980560092000003,246144
3.981560092000003,425800
3.982560092000003,810614
3.983560092000003,711336
3.9845600920000033,482422
3.985560092000003,82048
3.986560092000003,0
3.9875600920000034,0
3.988560092000003,939024
3.989560092000003,82896
3.990560092000003,0
3.991560092000003,444910
3.9925600920000033,23470
3.993560092000003,468380
3.994560092000003,1339932
3.9955600920000034,983566
3.996560092000003,765654
3.997560092000003,425800
3.998560092000003,0
3.9995600920000034,416318
4.000560092000003,647674
4.001560092000004,341148
4.002560092000003,425800
4.003560092000003,909870
4.004560092000003,580430
4.005560092000003,425800
4.006560092000003,0
4.007560092000003,468380
4.008560092000003,425800
4.009560092000003,0
4.010560092000003,80200
4.011560092000003,856560
4.012560092000003,468380
4.013560092000003,0
4.0145600920000035,936760
4.015560092000003,436638
4.016560092000003,0
4.017560092000004,468380
4.018560092000003,212746
4.019560092000003,11000
4.020560092000003,1064392
4.021560092000003,562606
4.022560092000003,516282
4.023560092000003,374894
4.024560092000003,334578
4.025560092000003,164312
4.026560092000003,477392
4.027560092000003,891176
4.028560092000003,302728
4.029560092000003,123072
4.0305600920000035,0
4.031560092000003,0
4.032560092000003,345308
4.033560092000004,123072
4.034560092000003,616694
4.035560092000003,1368190
4.036560092000003,58956
4.037560092000003,0
4.038560092000003,747422
4.039560092000003,1060474
4.040560092000003,1026096
4.041560092000003,644744
4.042560092000003,518190
4.043560092000003,664608
4.044560092000003,1522610
4.045560092000003,943990
4.0465600920000036,544158
4.047560092000003,245052
4.048560092000003,328192
4.049560092000004,0
4.050560092000003,371512
4.051560092000003,149546
4.052560092000003,32482
4.053560092000003,468380
4.054560092000003,0
4.055560092000003,0
4.056560092000003,427356
4.057560092000003,41024
4.058560092000003,468380
4.0595600920000035,468380
4.060560092000003,553540
4.061560092000003,0
4.062560092000004,0
4.063560092000003,374062
4.064560092000003,818178
4.065560092000004,0
4.066560092000003,638700
4.0675600920000035,510960
4.068560092000003,592646
4.069560092000003,3474
4.070560092000003,0
4.071560092000003,0
4.072560092000003,468380
4.073560092000003,334524
4.074560092000003,219016
4.0755600920000035,535046
4.076560092000003,813834
4.077560092000003,609800
4.078560092000004,0
4.079560092000003,437016
4.080560092000003,542324
4.081560092000004,18618
4.082560092000003,960722
4.0835600920000035,12556
4.084560092000003,413244
4.085560092000003,503072
4.086560092000003,561428
4.087560092000003,0
4.088560092000003,468380
4.089560092000003,553540
4.090560092000003,468380
4.0915600920000035,0
4.092560092000003,1021920
4.093560092000003,0
4.094560092000004,425800
4.095560092000003,468380
4.096560092000003,936760
4.097560092000004,468380
4.098560092000003,0
4.0995600920000035,468380
4.100560092000003,0
4.101560092000003,0
4.102560092000003,425800
4.103560092000003,0
4.104560092000003,1118210
4.105560092000003,376758
4.106560092000003,634032
4.1075600920000035,535046
4.108560092000003,572034
4.109560092000003,1149714
4.110560092000004,468326
4.111560092000003,591706
4.112560092000003,4576
4.113560092000004,566534
4.114560092000003,72004
4.1155600920000035,596120
4.116560092000003,468380
4.117560092000003,0
4.118560092000003,0
4.119560092000003,0
4.120560092000003,0
4.121560092000003,0
4.122560092000003,468380
4.1235600920000035,1244
4.124560092000003,468380
4.125560092000003,0
4.126560092000004,425800
4.127560092000003,0
4.128560092000003,596120
4.129560092000004,510960
4.130560092000003,425800
4.1315600920000035,106400
4.132560092000003,0
4.133560092000003,468380
4.134560092000003,1021920
4.135560092000003,467110
4.136560092000003,554810
4.137560092000003,0
4.138560092000003,638700
4.1395600920000035,596120
4.140560092000003,0
4.141560092000003,425800
4.142560092000004,0
4.143560092000003,392994
4.144560092000003,501186
4.145560092000004,553540
4.146560092000003,5208
4.1475600920000035,548332
4.148560092000003,553540
4.149560092000003,181212
4.150560092000003,287168
4.151560092000003,512516
4.152560092000003,559640
4.153560092000003,973802
4.154560092000003,700402
4.1555600920000035,596120
4.156560092000003,553540
4.157560092000003,425800
4.158560092000004,63678
4.159560092000003,873082
4.160560092000003,581624
4.161560092000004,466824
4.162560092000003,314112
4.1635600920000035,638700
4.164560092000003,0
4.165560092000003,0
4.166560092000003,0
4.167560092000003,0
4.168560092000003,498436
4.169560092000003,353164
4.170560092000003,979340
4.1715600920000036,468380
4.172560092000003,468380
4.173560092000003,0
4.174560092000004,0
4.175560092000003,171768
4.176560092000003,301188
4.177560092000004,635734
4.178560092000003,381610
4.179560092000004,0
4.180560092000003,936760
4.181560092000003,0
4.182560092000003,638700
4.183560092000003,0
4.1845600920000035,510960
4.185560092000003,0
4.186560092000003,553540
4.187560092000004,468380
4.188560092000003,510960
4.189560092000003,809074
4.190560092000004,808966
4.191560092000003,468542
4.1925600920000035,468218
4.193560092000004,842064
4.194560092000003,265070
4.195560092000004,638646
4.196560092000003,596120
4.197560092000003,0
4.198560092000003,0
4.199560092000003,468380
4.2005600920000035,0
4.201560092000003,0
4.202560092000003,192850
4.203560092000004,743910
4.204560092000003,0
4.205560092000003,510960
4.206560092000004,0
4.207560092000003,0
4.2085600920000035,596120
4.209560092000004,979340
4.210560092000003,0
4.211560092000004,0
4.212560092000003,510960
4.213560092000003,979340
4.214560092000003,0
4.215560092000003,0
4.2165600920000035,1122856
4.217560092000003,1006144
4.218560092000003,0
4.219560092000004,468380
4.220560092000003,0
4.221560092000003,0
4.222560092000004,0
4.223560092000003,479218
4.2245600920000035,0
4.225560092000004,0
4.226560092000003,501478
4.227560092000004,9482
4.228560092000003,468380
4.229560092000003,369740
4.230560092000003,268960
4.231560092000003,0
4.2325600920000035,0
4.233560092000003,0
4.234560092000003,6602
4.235560092000004,439102
4.236560092000003,33514
4.237560092000003,0
4.238560092000004,0
4.239560092000003,345308
4.2405600920000035,357054
4.241560092000004,1171158
4.242560092000003,468380
4.243560092000004,0
4.244560092000003,1107080
4.245560092000003,0
4.246560092000003,425800
4.247560092000003,0
4.2485600920000035,468380
4.249560092000003,779218
4.250560092000003,711082
4.251560092000004,638700
4.252560092000003,0
4.253560092000003,173432
4.254560092000004,380108
4.255560092000003,0
4.2565600920000035,468380
4.257560092000004,1021920
4.258560092000003,212322
4.259560092000004,538828
4.260560092000003,611410
4.261560092000003,510960
4.262560092000003,553540
4.263560092000003,942498
4.2645600920000035,387444
4.265560092000003,1747002
4.266560092000003,267688
4.267560092000004,425800
4.268560092000003,425800
4.269560092000003,638700
4.270560092000004,0
4.271560092000003,0
4.2725600920000035,106400
4.273560092000004,0
4.274560092000003,1021920
4.275560092000004,596120
4.276560092000003,929206
4.277560092000003,1068672
4.278560092000003,197094
4.279560092000003,0
4.2805600920000035,0
4.281560092000003,638700
4.282560092000003,0
4.283560092000004,468380
4.284560092000003,0
4.285560092000003,0
4.286560092000004,10892
4.287560092000003,712314
4.2885600920000035,352132
4.289560092000004,468380
4.290560092000003,638700
4.291560092000004,0
4.292560092000003,0
4.293560092000003,492704
4.294560092000003,60836
4.295560092000003,0
4.2965600920000036,346340
4.297560092000003,122040
4.298560092000003,411866
4.299560092000004,56514
4.300560092000003,485442
4.301560092000003,408738
4.302560092000004,0
4.303560092000003,0
4.304560092000004,0
4.305560092000004,0
4.306560092000003,0
4.307560092000004,0
4.308560092000003,0
4.3095600920000035,263256
4.310560092000003,396684
4.311560092000003,0
4.312560092000004,468380
4.313560092000003,645302
4.314560092000003,461778
4.315560092000004,423358
4.316560092000003,1194682
4.3175600920000035,180018
4.318560092000004,927062
4.319560092000003,778240
4.320560092000004,541270
4.321560092000004,554010
4.322560092000003,0
4.323560092000004,464020
4.324560092000003,46940
4.3255600920000035,1149660
4.326560092000003,425800
4.327560092000003,204384
4.328560092000004,506174
4.329560092000003,593992
4.330560092000003,1464308
4.331560092000004,518190
4.332560092000003,991184
4.3335600920000035,1197914
4.334560092000004,559214
4.335560092000003,519692
4.336560092000004,943990
4.337560092000004,1043758
4.338560092000003,568904
4.339560092000004,1071730
4.340560092000003,518190
4.3415600920000035,519434
4.342560092000003,945492
4.343560092000003,835522
4.344560092000004,753452
4.345560092000003,1723716
4.346560092000003,518244
4.347560092000004,1023234
4.348560092000003,361758
4.3495600920000035,0
4.350560092000004,425854
4.351560092000003,1021866
4.352560092000004,0
4.353560092000004,617306
4.354560092000003,54
4.355560092000004,430468
4.356560092000003,325350
4.3575600920000035,223522
4.358560092000003,468380
4.359560092000003,553540
4.360560092000004,512516
4.361560092000003,41024
4.362560092000003,554784
4.363560092000004,0
4.364560092000003,0
4.3655600920000035,510960
4.366560092000004,48176
4.367560092000003,455106
4.368560092000004,814532
4.369560092000004,211600
4.370560092000003,735390
4.371560092000004,1057006
4.372560092000003,533890
4.3735600920000035,425692
4.374560092000003,425800
4.375560092000003,0
4.376560092000004,638700
4.377560092000003,0
4.378560092000003,0
4.379560092000004,468380
4.380560092000003,513002
4.3815600920000035,423758
4.382560092000004,979340
4.383560092000003,0
4.384560092000004,0
4.385560092000004,0
4.386560092000003,468380
4.387560092000004,468380
4.388560092000003,0
4.3895600920000035,468542
4.390560092000003,936598
4.391560092000003,502996
4.392560092000004,471010
4.393560092000003,537534
4.394560092000003,0
4.395560092000004,0
4.396560092000003,0
4.3975600920000035,510960
4.398560092000004,0
4.399560092000003,54774
4.400560092000004,1052306
4.401560092000004,0
4.402560092000003,570174
4.403560092000004,904484
4.404560092000003,939484
4.4055600920000035,372028
4.406560092000003,345562
4.407560092000003,0
4.408560092000004,425800
4.409560092000003,0
4.410560092000003,0
4.411560092000004,510960
4.412560092000003,0
4.4135600920000035,0
4.414560092000004,0
4.415560092000003,553540
4.416560092000004,425800
4.417560092000004,300902
4.418560092000003,167478
4.419560092000004,0
4.420560092000003,11108
4.4215600920000036,457434
4.422560092000003,979178
4.423560092000003,468380
4.424560092000004,0
4.425560092000003,54
4.426560092000003,553486
4.427560092000004,553540
4.428560092000003,0
4.429560092000004,0
4.430560092000004,0
4.431560092000003,425800
4.432560092000004,439664
4.433560092000004,113876
4.4345600920000035,54
4.435560092000004,979286
4.436560092000003,0
4.437560092000004,468380
4.438560092000003,0
4.439560092000003,936760
4.440560092000004,576664
4.441560092000003,972916
4.4425600920000035,494260
4.443560092000004,468380
4.444560092000003,961754
4.445560092000004,167110
4.446560092000004,497826
4.447560092000003,76510
4.448560092000004,0
4.449560092000004,0
4.4505600920000035,0
4.451560092000004,425800
4.452560092000003,510960
4.453560092000004,979340
4.454560092000003,0
4.455560092000003,108
4.456560092000004,468272
4.457560092000003,155300
4.4585600920000035,313080
4.459560092000004,553540
4.460560092000003,0
4.461560092000004,383928
4.462560092000004,595412
4.463560092000003,479218
4.464560092000004,638700
4.465560092000004,485604
4.4665600920000035,1089856
4.467560092000004,397554
4.468560092000003,1263066
4.469560092000004,0
4.470560092000003,0
4.471560092000003,694690
4.472560092000004,838756
4.473560092000003,489652
4.4745600920000035,522012
4.475560092000004,416302
4.476560092000003,0
4.477560092000004,469520
4.478560092000004,84020
4.479560092000003,738826
4.480560092000004,1177274
4.481560092000004,0
4.4825600920000035,0
4.483560092000004,425800
4.484560092000003,1021920
4.485560092000004,596120
4.486560092000003,0
4.487560092000003,596120
4.488560092000004,0
4.489560092000003,166834
4.4905600920000035,1048276
4.491560092000004,920358
4.492560092000003,1582690
4.493560092000004,1073232
4.494560092000004,518190
4.495560092000003,1071730
4.496560092000004,988072
4.497560092000004,518190
4.4985600920000035,1454950
4.499560092000004,1071730
4.500560092000004,1030652
4.501560092000004,518190
4.502560092000003,943990
4.503560092000003,732484
4.504560092000004,1284738
4.505560092000003,518190
4.5065600920000035,519692
4.507560092000004,518190
4.508560092000003,1540110
4.509560092000004,519746
4.510560092000004,1534040
4.511560092000003,51770
4.512560092000004,970150
4.513560092000004,0
4.5145600920000035,425800
4.515560092000003,425800
4.516560092000004,1107080
4.517560092000004,576086
4.518560092000003,360674
4.519560092000003,0
4.520560092000004,425800
4.521560092000003,553540
4.5225600920000035,0
4.523560092000004,553540
4.524560092000003,0
4.525560092000004,1149660
4.526560092000004,596120
4.527560092000003,596120
4.528560092000004,453716
4.529560092000004,1071730
4.5305600920000035,1095326
4.531560092000003,711292
4.532560092000004,587876
4.533560092000004,642912
4.534560092000003,508372
4.535560092000003,0
4.536560092000004,0
4.537560092000003,468380
4.5385600920000035,635712
4.539560092000004,1223668
4.540560092000003,515186
4.541560092000004,161046
4.542560092000004,638700
4.543560092000003,468434
4.544560092000004,553486
4.545560092000004,0
4.5465600920000036,596120
4.547560092000003,468380
4.548560092000004,33638
4.549560092000004,434742
4.550560092000003,0
4.551560092000003,329856
4.552560092000004,1032704
4.553560092000003,862438
4.554560092000004,0
4.555560092000004,0
4.556560092000003,424860
4.557560092000004,940
4.558560092000004,596120
4.5595600920000035,468380
4.560560092000004,510960
4.561560092000004,979340
4.562560092000004,0
4.563560092000003,1107080
4.564560092000004,596120
4.565560092000004,573136
4.566560092000003,832004
4.5675600920000035,1064500
4.568560092000004,596120
4.569560092000003,553540
4.570560092000004,659940
4.571560092000004,0
4.572560092000003,638700
4.573560092000004,468380
4.574560092000004,979340
4.5755600920000035,590582
4.576560092000004,303598
4.577560092000004,170482
4.578560092000004,1021758
4.579560092000003,425800
4.580560092000004,0
4.581560092000004,1021920
4.582560092000003,0
4.5835600920000035,510960
4.584560092000004,0
4.585560092000003,0
4.586560092000004,553540
4.587560092000004,468380
4.588560092000003,0
4.589560092000004,638700
4.590560092000004,335610
4.5915600920000035,260510
4.592560092000004,510960
4.593560092000004,0
4.594560092000004,468380
4.595560092000003,468380
4.596560092000004,468380
4.597560092000004,420046
4.598560092000003,144386
4.5995600920000035,638646
4.600560092000004,0
4.601560092000003,0
4.602560092000004,0
4.603560092000004,235926
4.604560092000003,1155388
4.605560092000004,1029150
4.606560092000004,518190
4.6075600920000035,1021818
4.608560092000004,1037984
4.609560092000004,518190
4.610560092000004,718966
4.611560092000003,744716
4.612560092000004,986570
4.613560092000004,732592
4.614560092000003,816250
4.6155600920000035,679552
4.616560092000004,2089090
4.617560092000003,742960
4.618560092000004,879766
4.619560092000004,1036952
4.620560092000003,1003562
4.621560092000004,519692
4.622560092000004,518190
4.6235600920000035,518244
4.624560092000004,824746
4.625560092000004,425800
4.626560092000004,20120
4.627560092000003,448260
4.628560092000004,510960
4.629560092000004,193320
4.630560092000003,770530
4.6315600920000035,15490
4.632560092000004,468380
4.633560092000003,596120
4.634560092000004,557338
4.635560092000004,343244
4.636560092000003,898616
4.637560092000004,40666
4.638560092000004,576694
4.6395600920000035,577302
4.640560092000004,76958
4.641560092000004,410240
4.642560092000004,0
4.643560092000003,0
4.644560092000004,498798
4.645560092000004,23000
4.646560092000003,0
4.6475600920000035,405804
4.648560092000004,30780
4.649560092000003,250558
4.650560092000004,352714
4.651560092000004,1121222
4.652560092000003,0
4.653560092000004,468380
4.654560092000004,0
4.6555600920000035,0
4.656560092000004,0
4.657560092000004,0
4.658560092000004,439664
4.659560092000003,216822
4.660560092000004,501770
4.661560092000004,474588
4.662560092000003,112936
4.6635600920000035,0
4.664560092000004,419430
4.665560092000003,91530
4.666560092000004,223414
4.667560092000004,290712
4.668560092000003,512354
4.669560092000004,463820
4.670560092000004,425800
4.6715600920000036,553540
4.672560092000004,425800
4.673560092000004,468380
4.674560092000004,0
4.675560092000003,596120
4.676560092000004,638700
4.677560092000004,425800
4.678560092000003,786436
4.679560092000004,278064
4.680560092000004,425800
4.681560092000003,1170900
4.682560092000004,312826
4.683560092000004,801336
4.6845600920000035,974500
4.685560092000004,404370
4.686560092000004,0
4.687560092000004,406420
4.688560092000004,178424
4.689560092000004,1118356
4.690560092000004,1000580
4.691560092000003,0
4.692560092000004,638700
4.693560092000004,470476
4.694560092000003,516606
4.695560092000004,1092590
4.696560092000004,191072
4.697560092000003,369216
4.698560092000004,0
4.699560092000004,455894
4.7005600920000035,439842
4.701560092000004,41024
4.702560092000004,510960
4.703560092000004,320374
4.704560092000004,211826
4.705560092000004,978870
4.706560092000004,468850
4.707560092000003,314474
4.708560092000004,266226
4.709560092000004,441220
4.710560092000003,468380
4.711560092000004,425800
4.712560092000004,702
4.713560092000003,552838
4.714560092000004,0
4.715560092000004,209950
4.7165600920000035,354428
4.717560092000004,810
4.718560092000004,1277834
4.719560092000004,936760
4.720560092000004,638700
4.721560092000004,468380
4.722560092000004,0
4.723560092000003,56276
4.724560092000004,965644
4.725560092000004,0
4.726560092000003,0
4.727560092000004,0
4.728560092000004,468380
4.729560092000003,1107080
4.730560092000004,757774
4.731560092000004,245090
4.7325600920000035,317116
4.733560092000004,0
4.734560092000004,468380
4.735560092000004,397608
4.736560092000004,502796
4.737560092000004,164096
4.738560092000004,427356
4.739560092000003,41024
4.740560092000004,0
4.741560092000004,468380
4.742560092000003,0
4.743560092000004,468380
4.744560092000004,0
4.745560092000003,282408
4.746560092000004,185972
4.747560092000004,0
4.7485600920000035,506216
4.749560092000004,558284
4.750560092000004,0
4.751560092000004,0
4.752560092000004,1043818
4.753560092000004,533198
4.754560092000004,679724
4.755560092000003,0
4.756560092000004,0
4.757560092000004,468380
4.758560092000003,596120
4.759560092000004,0
4.760560092000004,0
4.761560092000003,638700
4.762560092000004,468380
4.763560092000004,187862
4.7645600920000035,939484
4.765560092000004,812146
4.766560092000004,0
4.767560092000004,0
4.768560092000004,425800
4.769560092000004,0
4.770560092000004,425800
4.771560092000003,468380
4.772560092000004,553540
4.773560092000004,0
4.774560092000003,1610
4.775560092000004,594510
4.776560092000004,436638
4.777560092000003,0
4.778560092000004,179494
4.779560092000004,416680
4.7805600920000035,468380
4.781560092000004,894126
4.782560092000004,510960
4.783560092000004,0
4.784560092000004,0
4.785560092000004,510960
4.786560092000004,649538
4.787560092000003,0
4.788560092000004,468380
4.789560092000004,638700
4.790560092000003,744996
4.791560092000004,873044
4.792560092000004,0
4.793560092000003,366482
4.794560092000004,144478
4.795560092000004,638700
4.7965600920000036,884536
4.797560092000004,179964
4.798560092000004,0
4.799560092000004,521798
4.800560092000004,57616
4.801560092000004,836564
4.802560092000004,468380
4.803560092000003,425800
4.8045600920000044,0
4.805560092000004,0
4.806560092000003,1021920
4.807560092000004,0
4.808560092000004,510960
4.8095600920000035,596120
4.810560092000004,425800
4.811560092000004,0
4.812560092000004,171768
4.813560092000004,807680
4.814560092000004,468272
4.815560092000004,425800
4.816560092000004,468380
4.817560092000004,425800
4.818560092000004,0
4.819560092000003,649160
4.8205600920000045,713400
4.821560092000004,485442
4.822560092000003,408900
4.823560092000004,936598
4.824560092000004,0
4.8255600920000035,468380
4.826560092000004,0
4.827560092000004,553540
4.828560092000004,553540
4.829560092000004,468380
4.830560092000004,468380
4.831560092000004,0
4.832560092000004,468380
4.833560092000004,1107080
4.834560092000004,468380
4.835560092000003,1021920
4.8365600920000045,0
4.837560092000004,596120
4.838560092000003,553540
4.839560092000004,468380
4.840560092000004,0
4.8415600920000035,650732
4.842560092000004,371188
4.843560092000004,553540
4.844560092000004,553540
4.845560092000004,596120
4.846560092000004,122472
4.847560092000004,1008228
4.848560092000004,461114
4.849560092000004,904614
4.850560092000004,1240348
4.851560092000003,986570
4.8525600920000045,518190
4.853560092000004,519692
4.854560092000003,1071730
4.855560092000004,599838
4.856560092000004,1332224
4.8575600920000035,1071730
4.858560092000004,1071730
4.859560092000004,988072
4.860560092000004,1126396
4.861560092000004,931904
4.862560092000004,937512
4.863560092000004,994550
4.864560092000004,1114310
4.865560092000004,518190
4.866560092000004,1205186
4.867560092000003,1219974
4.8685600920000045,938666
4.869560092000004,54
4.870560092000003,468380
4.871560092000004,0
4.872560092000004,0
4.8735600920000035,0
4.874560092000004,553540
4.875560092000004,468380
4.876560092000004,468380
4.877560092000004,596120
4.878560092000004,510960
4.879560092000004,510960
4.880560092000004,425800
4.881560092000004,468380
4.882560092000004,0
4.883560092000003,596120
4.8845600920000045,532200
4.885560092000004,0
4.886560092000003,0
4.887560092000004,0
4.888560092000004,0
4.8895600920000035,596120
4.890560092000004,0
4.891560092000004,0
4.892560092000004,510960
4.893560092000004,0
4.894560092000004,0
4.895560092000004,0
4.896560092000004,894180
4.897560092000004,468380
4.898560092000004,979398
4.899560092000003,432630
4.9005600920000045,518190
4.901560092000004,662992
4.902560092000003,928430
4.903560092000004,518190
4.904560092000004,608850
4.9055600920000035,854832
4.906560092000004,943990
4.907560092000004,519692
4.908560092000004,1114310
4.909560092000004,1282242
4.910560092000004,862720
4.911560092000004,892144
4.912560092000004,697776
4.913560092000004,1114310
4.914560092000004,1158392
4.915560092000003,943990
4.9165600920000045,518190
4.917560092000004,945492
4.918560092000003,943990
4.919560092000004,518190
4.920560092000004,71494
4.9215600920000036,425800
4.922560092000004,0
4.923560092000004,453452
4.924560092000004,14928
4.925560092000004,468380
4.926560092000004,469624
4.927560092000004,479218
4.928560092000004,468380
4.9295600920000044,0
4.930560092000004,936922
4.931560092000003,553378
4.932560092000005,0
4.933560092000004,0
4.9345600920000035,0
4.935560092000004,974364
4.936560092000004,4976
4.937560092000004,596120
4.938560092000004,69632
4.939560092000004,952288
4.940560092000004,0
4.941560092000004,510960
4.942560092000004,553540
4.943560092000004,289502
4.944560092000004,221458
4.9455600920000045,0
4.946560092000004,496286
4.947560092000003,142414
4.948560092000005,441436
4.949560092000004,452744
4.9505600920000035,596120
4.951560092000004,638700
4.952560092000004,54
4.953560092000004,1393070
4.954560092000004,310076
4.955560092000004,790672
4.956560092000004,529308
4.957560092000004,638700
4.958560092000004,12556
4.959560092000004,413244
4.960560092000004,15560
4.9615600920000045,410294
4.962560092000004,553486
4.963560092000003,468380
4.964560092000005,553540
4.965560092000004,468380
4.9665600920000035,0
4.967560092000004,468380
4.968560092000004,0
4.969560092000004,0
4.970560092000004,468380
4.971560092000004,661824
4.972560092000004,956216
4.973560092000004,425800
4.974560092000004,0
4.975560092000004,872828
4.976560092000004,574892
4.9775600920000045,6602
4.978560092000004,461778
4.979560092000003,479542
4.980560092000005,499798
4.981560092000004,0
4.9825600920000035,569792
4.983560092000004,68908
4.984560092000004,240206
4.985560092000004,185594
4.986560092000004,343752
4.987560092000004,423666
4.988560092000004,254502
4.989560092000004,106400
4.990560092000004,0
4.991560092000004,404302
4.992560092000004,617618
4.9935600920000045,308790
4.994560092000004,159590
4.995560092000003,0
4.996560092000005,141890
4.997560092000004,588086
4.9985600920000035,377104
4.999560092000004,0
5.000560092000004,1149660
5.001560092000004,84922
5.002560092000004,553778
5.003560092000004,0
5.004560092000004,397138
5.005560092000004,156402
5.006560092000004,0
5.007560092000004,134850
5.008560092000004,400196
5.0095600920000045,18494
5.010560092000004,512516
5.011560092000003,594564
5.012560092000005,0
5.013560092000004,454350
5.0145600920000035,248170
5.015560092000004,0
5.016560092000004,538050
5.017560092000004,611610
5.018560092000004,0
5.019560092000004,0
5.020560092000004,0
5.021560092000004,0
5.022560092000004,544674
5.023560092000004,598508
5.024560092000004,645178
5.0255600920000045,0
5.026560092000004,0
5.027560092000003,0
5.028560092000005,0
5.029560092000004,638700
5.0305600920000035,553540
5.031560092000004,0
5.032560092000004,0
5.033560092000004,0
5.034560092000004,425800
5.035560092000004,596120
5.036560092000004,553540
5.037560092000004,979340
5.038560092000004,0
5.039560092000004,0
5.040560092000004,553540
5.0415600920000045,1021920
5.042560092000004,596120
5.043560092000003,553540
5.044560092000005,469624
5.045560092000004,936760
5.0465600920000036,553540
5.047560092000004,425800
5.048560092000004,12556
5.049560092000004,881624
5.050560092000004,54
5.051560092000004,1227672
5.052560092000004,262574
5.053560092000004,468380
5.0545600920000044,399472
5.055560092000004,622448
5.056560092000004,532200
5.057560092000005,425800
5.058560092000004,711844
5.0595600920000035,863616
5.060560092000005,0
5.061560092000004,10838
5.062560092000004,0
5.063560092000004,1133208
5.064560092000004,442252
5.065560092000004,468380
5.066560092000004,0
5.067560092000004,0
5.068560092000004,468380
5.069560092000004,0
5.0705600920000045,468380
5.071560092000004,553540
5.072560092000004,0
5.073560092000005,883196
5.074560092000004,990324
5.0755600920000035,468380
5.076560092000005,510960
5.077560092000004,1021920
5.078560092000004,251336
5.079560092000004,871504
5.080560092000004,1006160
5.081560092000004,1064500
5.082560092000004,553540
5.083560092000004,918050
5.084560092000004,568830
5.085560092000004,1110500
5.0865600920000045,0
5.087560092000004,638700
5.088560092000004,774458
5.089560092000005,247462
5.090560092000004,555096
5.0915600920000035,41024
5.092560092000005,226110
5.093560092000004,412590
5.094560092000004,1107080
5.095560092000004,596120
5.096560092000004,362700
5.097560092000004,276000
5.098560092000004,0
5.099560092000004,468380
5.100560092000004,375294
5.101560092000004,50560
5.1025600920000045,819680
5.103560092000004,74446
5.104560092000004,0
5.105560092000005,0
5.106560092000004,894180
5.1075600920000035,0
5.108560092000005,0
5.109560092000004,0
5.110560092000004,425800
5.111560092000004,0
5.112560092000004,468380
5.113560092000004,510960
5.114560092000004,0
5.115560092000004,425800
5.116560092000004,553540
5.117560092000004,425800
5.1185600920000045,640834
5.119560092000004,541578
5.120560092000004,478208
5.121560092000005,0
5.122560092000004,0
5.1235600920000035,162
5.124560092000005,553378
5.125560092000004,0
5.126560092000004,0
5.127560092000004,680918
5.128560092000004,383582
5.129560092000004,553540
5.130560092000004,596120
5.131560092000004,0
5.132560092000004,0
5.133560092000004,521798
5.1345600920000045,425800
5.135560092000004,594672
5.136560092000004,836294
5.137560092000005,59334
5.138560092000004,0
5.1395600920000035,0
5.140560092000005,165722
5.141560092000004,302658
5.142560092000004,0
5.143560092000004,430468
5.144560092000004,123072
5.145560092000004,597676
5.146560092000004,41024
5.147560092000004,728820
5.148560092000004,207940
5.149560092000004,672230
5.1505600920000045,1310266
5.151560092000004,572304
5.152560092000004,0
5.153560092000005,0
5.154560092000004,0
5.1555600920000035,0
5.156560092000005,45708
5.157560092000004,1359432
5.158560092000004,0
5.159560092000004,526266
5.160560092000004,580814
5.161560092000004,0
5.162560092000004,553540
5.163560092000004,427950
5.164560092000004,508810
5.165560092000004,596120
5.1665600920000045,0
5.167560092000004,1064500
5.168560092000004,468380
5.169560092000005,0
5.170560092000004,0
5.1715600920000036,425800
5.172560092000005,330472
5.173560092000004,626170
5.174560092000004,518190
5.175560092000004,587910
5.176560092000004,856090
5.177560092000004,58
5.178560092000004,1681802
5.1795600920000044,468380
5.180560092000004,0
5.181560092000004,468380
5.182560092000005,0
5.183560092000004,0
5.184560092000004,425800
5.185560092000005,0
5.186560092000004,789840
5.187560092000004,146920
5.188560092000005,425800
5.189560092000004,936760
5.190560092000004,692356
5.191560092000004,286984
5.192560092000004,0
5.193560092000004,12718
5.194560092000004,790132
5.1955600920000045,596482
5.196560092000004,90968
5.197560092000004,10838
5.198560092000005,364310
5.199560092000004,61490
5.200560092000004,141998
5.201560092000005,496702
5.202560092000004,553540
5.203560092000004,302496
5.204560092000005,634264
5.205560092000004,468380
5.206560092000004,468380
5.207560092000004,471438
5.208560092000004,550482
5.209560092000004,682474
5.210560092000004,424606
5.2115600920000045,0
5.212560092000004,553540
5.213560092000004,650878
5.214560092000005,882002
5.215560092000004,0
5.216560092000004,1064500
5.217560092000005,0
5.218560092000004,468380
5.219560092000004,596120
5.220560092000005,425800
5.221560092000004,468380
5.222560092000004,0
5.223560092000004,468380
5.224560092000004,377114
5.225560092000004,515186
5.226560092000004,533120
5.2275600920000045,769552
5.228560092000004,1021920
5.229560092000004,707834
5.230560092000005,1100792
5.231560092000004,812146
5.232560092000004,425800
5.233560092000005,425800
5.234560092000004,741376
5.235560092000004,791504
5.236560092000005,968610
5.237560092000004,138470
5.238560092000004,0
5.239560092000004,54
5.240560092000004,1508670
5.241560092000004,443640
5.242560092000004,651186
5.2435600920000045,547370
5.244560092000004,1511528
5.245560092000004,63932
5.246560092000005,61252
5.247560092000004,492288
5.248560092000004,0
5.249560092000005,239412
5.250560092000004,228968
5.251560092000004,551676
5.252560092000005,371912
5.253560092000004,535732
5.254560092000004,669680
5.255560092000004,510960
5.256560092000004,425800
5.257560092000004,54
5.258560092000004,1064446
5.2595600920000045,425800
5.260560092000004,1107080
5.261560092000004,0
5.262560092000005,0
5.263560092000004,0
5.264560092000004,553540
5.265560092000005,0
5.266560092000004,468380
5.267560092000004,248898
5.268560092000005,653148
5.269560092000004,1071730
5.270560092000004,1088286
5.271560092000004,37928
5.272560092000004,0
5.273560092000004,458694
5.274560092000004,73506
5.2755600920000045,494118
5.276560092000004,621736
5.277560092000004,546818
5.278560092000005,321098
5.279560092000004,232442
5.280560092000004,107706
5.281560092000005,886238
5.282560092000004,27976
5.283560092000004,887648
5.284560092000005,815552
5.285560092000004,851600
5.286560092000004,425800
5.287560092000004,468380
5.288560092000004,851600
5.289560092000004,460400
5.290560092000004,7980
5.2915600920000045,0
5.292560092000004,425800
5.293560092000004,468380
5.294560092000005,553540
5.295560092000004,132878
5.296560092000004,767736
5.297560092000005,1450444
5.298560092000004,1073826
5.299560092000004,985976
5.300560092000005,996922
5.301560092000004,679660
5.302560092000004,518190
5.303560092000004,519434
5.3045600920000044,529028
5.305560092000004,584056
5.306560092000004,1041550
5.307560092000005,1122706
5.308560092000004,519692
5.309560092000004,518190
5.310560092000005,1029150
5.311560092000004,945492
5.3125600920000045,1497530
5.313560092000005,518190
5.314560092000004,1030652
5.315560092000004,518352
5.316560092000005,1582528
5.317560092000004,598090
5.318560092000004,1011244
5.319560092000004,0
5.3205600920000045,0
5.321560092000004,0
5.322560092000004,468380
5.323560092000005,425800
5.324560092000004,0
5.325560092000004,0
5.326560092000005,0
5.327560092000004,553540
5.3285600920000045,301156
5.329560092000005,763090
5.330560092000004,170574
5.331560092000004,649538
5.332560092000005,0
5.333560092000004,936760
5.334560092000004,296396
5.335560092000004,758902
5.3365600920000045,741242
5.337560092000004,270692
5.338560092000004,0
5.339560092000005,0
5.340560092000004,0
5.341560092000004,77412
5.342560092000005,561450
5.343560092000004,986364
5.3445600920000045,44514
5.345560092000005,1012800
5.346560092000004,434974
5.347560092000004,118566
5.348560092000005,0
5.349560092000004,553540
5.350560092000004,17116
5.351560092000004,451264
5.3525600920000045,0
5.353560092000004,0
5.354560092000004,553540
5.355560092000005,468380
5.356560092000004,553540
5.357560092000004,553540
5.358560092000005,0
5.359560092000004,0
5.3605600920000045,0
5.361560092000005,894180
5.362560092000004,468380
5.363560092000004,383366
5.364560092000005,531150
5.365560092000004,706182
5.366560092000004,1125608
5.367560092000004,425854
5.3685600920000045,154014
5.369560092000004,910486
5.370560092000004,851600
5.371560092000005,638700
5.372560092000004,457990
5.373560092000004,947150
5.374560092000005,468380
5.375560092000004,425800
5.3765600920000045,0
5.377560092000005,0
5.378560092000004,1021920
5.379560092000004,0
5.380560092000005,425800
5.381560092000004,0
5.382560092000004,0
5.383560092000004,0
5.3845600920000045,104178
5.385560092000004,428022
5.386560092000004,0
5.387560092000005,553540
5.388560092000004,468380
5.389560092000004,0
5.390560092000005,69632
5.391560092000004,356168
5.3925600920000045,0
5.393560092000005,553540
5.394560092000004,468380
5.395560092000004,468380
5.396560092000005,377612
5.397560092000004,814628
5.398560092000004,0
5.399560092000004,510960
5.4005600920000045,553540
5.401560092000004,553540
5.402560092000004,947598
5.403560092000005,553702
5.404560092000004,1106918
5.405560092000004,596120
5.406560092000005,3760
5.407560092000004,1018160
5.4085600920000045,0
5.409560092000005,397408
5.410560092000004,791250
5.411560092000004,855182
5.412560092000005,0
5.413560092000004,0
5.414560092000004,0
5.415560092000004,0
5.4165600920000045,0
5.417560092000004,0
5.418560092000004,0
5.419560092000005,553540
5.420560092000004,638700
5.421560092000004,470752
5.422560092000005,393296
5.423560092000004,328192
5.4245600920000046,596120
5.425560092000005,0
5.426560092000004,611356
5.427560092000004,1006684
5.428560092000005,617294
5.4295600920000044,21406
5.430560092000004,0
5.431560092000004,0
5.432560092000005,638700
5.433560092000004,1192240
5.434560092000004,796118
5.435560092000005,523862
5.436560092000004,416210
5.4375600920000045,566242
5.438560092000005,82048
5.439560092000004,526142
5.440560092000005,763382
5.441560092000005,924636
5.442560092000004,510960
5.443560092000004,553540
5.444560092000005,468380
5.4455600920000045,468380
5.446560092000004,553540
5.447560092000004,0
5.448560092000005,344476
5.449560092000004,459514
5.450560092000004,563692
5.451560092000005,832490
5.452560092000004,13988
5.4535600920000045,596120
5.454560092000005,0
5.455560092000004,345308
5.456560092000005,123072
5.457560092000005,597676
5.458560092000004,41024
5.459560092000004,1192240
5.460560092000005,0
5.4615600920000045,468380
5.462560092000004,468380
5.463560092000004,148206
5.464560092000005,962802
5.465560092000004,719932
5.466560092000004,596120
5.467560092000005,450918
5.468560092000004,605602
5.4695600920000045,7980
5.470560092000005,894180
5.471560092000004,1058584
5.472560092000005,5916
5.473560092000005,0
5.474560092000004,425800
5.475560092000004,0
5.476560092000005,0
5.4775600920000045,0
5.478560092000004,468380
5.479560092000004,0
5.480560092000005,0
5.481560092000004,0
5.482560092000004,0
5.483560092000005,468380
5.484560092000004,68400
5.4855600920000045,570300
5.486560092000005,425800
5.487560092000004,468380
5.488560092000005,553540
5.489560092000005,0
5.490560092000004,468380
5.491560092000004,425800
5.492560092000005,468380
5.4935600920000045,553540
5.494560092000004,0
5.495560092000004,468380
5.496560092000005,468380
5.497560092000004,0
5.498560092000004,0
5.499560092000005,936760
5.500560092000004,510960
5.5015600920000045,679520
5.502560092000005,576540
5.503560092000004,468380
5.504560092000005,0
5.505560092000005,553540
5.506560092000004,0
5.507560092000004,441960
5.508560092000005,69000
5.5095600920000045,0
5.510560092000004,0
5.511560092000004,436638
5.512560092000005,0
5.513560092000004,425800
5.514560092000004,0
5.515560092000005,425800
5.516560092000004,0
5.5175600920000045,10838
5.518560092000005,894180
5.519560092000004,468380
5.520560092000005,510960
5.521560092000005,0
5.522560092000004,425800
5.523560092000004,468380
5.524560092000005,0
5.5255600920000045,0
5.526560092000004,553540
5.527560092000004,0
5.528560092000005,0
5.529560092000004,0
5.530560092000004,0
5.531560092000005,57832
5.532560092000004,538288
5.5335600920000045,425800
5.534560092000005,468434
5.535560092000004,1064446
5.536560092000005,344996
5.537560092000005,868484
5.538560092000004,638700
5.539560092000004,0
5.540560092000005,0
5.5415600920000045,425800
5.542560092000004,0
5.543560092000004,425800
5.544560092000005,510960
5.545560092000004,445974
5.546560092000004,959166
5.547560092000005,0
5.548560092000004,41094
5.5495600920000046,920854
5.550560092000005,911572
5.551560092000004,106400
5.552560092000005,0
5.553560092000005,425800
5.5545600920000044,0
5.555560092000004,0
5.556560092000005,596120
5.557560092000005,599178
5.558560092000004,422742
5.559560092000004,0
5.560560092000005,979340
5.561560092000004,0
5.5625600920000045,468380
5.563560092000005,212592
5.564560092000004,426108
5.565560092000005,425800
5.566560092000005,0
5.567560092000004,510960
5.568560092000005,0
5.569560092000005,425800
5.5705600920000045,486516
5.571560092000004,1022688
5.572560092000005,1454950
5.573560092000005,721118
5.574560092000004,1192240
5.575560092000004,209804
5.576560092000005,301156
5.577560092000004,10838
5.5785600920000045,106400
5.579560092000005,507486
5.580560092000004,471854
5.581560092000005,409008
5.582560092000005,698072
5.583560092000004,0
5.584560092000005,510960
5.585560092000005,959306
5.5865600920000045,360674
5.587560092000004,110710
5.588560092000005,826050
5.589560092000005,553540
5.590560092000004,1063814
5.591560092000004,596806
5.592560092000005,947878
5.593560092000004,1577482
5.5945600920000045,1135502
5.595560092000005,24410
5.596560092000004,0
5.597560092000005,0
5.598560092000005,0
5.599560092000004,146304
5.600560092000005,407236
5.601560092000005,468380
5.6025600920000045,308022
5.603560092000004,1065776
5.604560092000005,310214
5.605560092000005,596120
5.606560092000004,468380
5.607560092000004,638700
5.608560092000005,468974
5.609560092000004,936166
5.6105600920000045,468380
5.611560092000005,425800
5.612560092000004,468380
5.613560092000005,596120
5.614560092000005,0
5.615560092000004,540584
5.616560092000005,12956
5.617560092000005,1021920
5.6185600920000045,0
5.619560092000004,0
5.620560092000005,0
5.621560092000005,0
5.622560092000004,425800
5.623560092000004,0
5.624560092000005,0
5.625560092000004,0
5.6265600920000045,596120
5.627560092000005,59172
5.628560092000004,920168
5.629560092000005,425800
5.630560092000005,348350
5.631560092000004,503250
5.632560092000005,0
5.633560092000005,1064500
5.6345600920000045,0
5.635560092000004,0
5.636560092000005,638700
5.637560092000005,373522
5.638560092000004,772664
5.639560092000004,3474
5.640560092000005,0
5.641560092000004,0
5.6425600920000045,0
5.643560092000005,463404
5.644560092000004,29818
5.645560092000005,613858
5.646560092000005,0
5.647560092000004,425800
5.648560092000005,468380
5.649560092000005,796026
5.6505600920000045,779434
5.651560092000004,582256
5.652560092000005,908044
5.653560092000005,936760
5.654560092000004,0
5.655560092000004,261704
5.656560092000005,164150
5.657560092000004,472994
5.6585600920000045,123072
5.659560092000005,0
5.660560092000004,42650
5.661560092000005,1064430
5.662560092000005,491634
5.663560092000004,104486
5.664560092000005,512516
5.665560092000005,41024
5.6665600920000045,553540
5.667560092000004,510960
5.668560092000005,468380
5.669560092000005,1021920
5.670560092000004,178246
5.671560092000004,715934
5.672560092000005,425800
5.673560092000004,0
5.6745600920000046,0
5.675560092000005,0
5.676560092000004,510960
5.677560092000005,553540
5.678560092000005,469624
5.6795600920000044,894180
5.680560092000005,553540
5.681560092000005,0
5.682560092000005,0
5.683560092000004,296034
5.684560092000005,257506
5.685560092000005,601716
5.686560092000004,1181284
5.6875600920000045,658632
5.688560092000005,51400
5.689560092000004,594
5.690560092000005,494022
5.691560092000005,527304
5.692560092000004,408900
5.693560092000005,527860
5.694560092000005,638700
5.6955600920000045,596120
5.696560092000005,275222
5.697560092000005,842696
5.698560092000005,0
5.699560092000004,510960
5.700560092000005,0
5.701560092000005,553540
5.702560092000004,618142
5.7035600920000045,1255378
5.704560092000005,468380
5.705560092000004,257506
5.706560092000005,1360534
5.707560092000005,510960
5.708560092000004,10838
5.709560092000005,596120
5.710560092000005,0
5.7115600920000045,0
5.712560092000005,553540
5.713560092000005,491612
5.714560092000005,530308
5.715560092000004,468380
5.716560092000005,0
5.717560092000005,0
5.718560092000004,0
5.7195600920000045,425800
5.720560092000005,106400
5.721560092000004,553540
5.722560092000005,106400
5.723560092000005,553540
5.724560092000004,4668
5.725560092000005,1187572
5.726560092000005,0
5.7275600920000045,0
5.728560092000005,677460
5.729560092000005,940580
5.730560092000005,0
5.731560092000004,425800
5.732560092000005,553540
5.733560092000005,607158
5.734560092000004,496436
5.7355600920000045,501668
5.736560092000005,570292
5.737560092000004,402638
5.738560092000005,468380
5.739560092000005,0
5.740560092000004,425800
5.741560092000005,468380
5.742560092000005,596120
5.7435600920000045,0
5.744560092000005,553540
5.745560092000005,62284
5.746560092000005,959636
5.747560092000004,431392
5.748560092000005,675688
5.749560092000005,0
5.750560092000004,425800
5.7515600920000045,0
5.752560092000005,0
5.753560092000004,468380
5.754560092000005,763664
5.755560092000005,960776
5.756560092000004,468380
5.757560092000005,425800
5.758560092000005,638700
5.7595600920000045,0
5.760560092000005,0
5.761560092000005,510960
5.762560092000005,596120
5.763560092000004,867214
5.764560092000005,1091466
5.765560092000005,0
5.766560092000004,0
5.7675600920000045,316862
5.768560092000005,996478
5.769560092000004,176960
5.770560092000005,596120
5.771560092000005,0
5.772560092000004,0
5.773560092000005,510960
5.774560092000005,556848
5.7755600920000045,17932
5.776560092000005,936760
5.777560092000005,596120
5.778560092000005,0
5.779560092000004,0
5.780560092000005,0
5.781560092000005,0
5.782560092000004,423828
5.7835600920000045,598092
5.784560092000005,468380
5.785560092000004,690654
5.786560092000005,203580
5.787560092000005,468326
5.788560092000004,553540
5.789560092000005,468380
5.790560092000005,423466
5.7915600920000045,87494
5.792560092000005,0
5.793560092000005,553540
5.794560092000005,1321266
5.795560092000004,136060
5.796560092000005,458774
5.797560092000005,425800
5.798560092000004,0
5.7995600920000046,468380
5.800560092000005,596120
5.801560092000004,1064500
5.802560092000005,0
5.803560092000005,425800
5.8045600920000044,468380
5.805560092000005,553540
5.806560092000005,0
5.807560092000005,0
5.808560092000005,0
5.809560092000005,789920
5.810560092000005,1108302
5.811560092000004,964458
5.812560092000005,280214
5.813560092000005,499798
5.814560092000004,596120
5.815560092000005,425800
5.816560092000005,0
5.817560092000004,0
5.818560092000005,0
5.819560092000005,510960
5.8205600920000045,162
5.821560092000005,638538
5.822560092000005,638700
5.823560092000005,553540
5.824560092000005,468380
5.825560092000005,440496
5.826560092000005,27884
5.827560092000004,0
5.828560092000005,0
5.829560092000005,596120
5.830560092000004,425800
5.831560092000005,0
5.832560092000005,0
5.833560092000004,425800
5.834560092000005,396414
5.835560092000005,46502
5.8365600920000045,1345444
5.837560092000005,0
5.838560092000005,27792
5.839560092000005,1320882
5.840560092000005,1164670
5.841560092000005,660968
5.842560092000005,1021920
5.843560092000004,553702
5.844560092000005,595958
5.845560092000005,0
5.846560092000004,425800
5.847560092000005,510490
5.848560092000005,470
5.849560092000004,337436
5.850560092000005,216104
5.851560092000005,428912
5.8525600920000045,82048
5.853560092000005,0
5.854560092000005,425800
5.855560092000005,0
5.856560092000005,510960
5.857560092000005,468380
5.858560092000005,510960
5.859560092000004,391130
5.860560092000005,489602
5.861560092000005,532912
5.862560092000004,555874
5.863560092000005,754208
5.864560092000005,139972
5.865560092000004,425800
5.866560092000005,479488
5.867560092000005,457272
5.8685600920000045,894180
5.869560092000005,0
5.870560092000005,468380
5.871560092000005,241492
5.872560092000005,865588
5.873560092000005,345816
5.874560092000005,516352
5.875560092000004,457812
5.876560092000005,0
5.877560092000005,1149660
5.878560092000004,468380
5.879560092000005,0
5.880560092000005,0
5.881560092000004,0
5.882560092000005,425800
5.883560092000005,4614
5.8845600920000045,548926
5.885560092000005,596120
5.886560092000005,468380
5.887560092000005,979340
5.888560092000005,0
5.889560092000005,740328
5.890560092000005,664812
5.891560092000004,0
5.892560092000005,510960
5.893560092000005,0
5.894560092000004,1107080
5.895560092000005,425800
5.896560092000005,468380
5.897560092000004,0
5.898560092000005,0
5.899560092000005,468380
5.9005600920000045,1064500
5.901560092000005,611252
5.902560092000005,1014654
5.903560092000005,519692
5.904560092000005,518244
5.905560092000005,1540056
5.906560092000005,1134522
5.907560092000004,1436240
5.908560092000005,518190
5.909560092000005,1227500
5.910560092000004,1471002
5.911560092000005,820918
5.912560092000005,642764
5.913560092000004,861942
5.914560092000005,600238
5.915560092000005,944152
5.9165600920000045,1067132
5.917560092000005,1311338
5.918560092000005,816720
5.919560092000005,988072
5.920560092000005,1497530
5.921560092000005,518190
5.922560092000005,1115812
5.923560092000004,935472
5.924560092000005,155462
5.925560092000005,108
5.926560092000004,425692
5.927560092000005,553540
5.928560092000005,0
5.9295600920000044,0
5.930560092000005,468380
5.931560092000005,0
5.932560092000005,510960
5.933560092000005,553540
5.934560092000005,907482
5.935560092000005,582818
5.936560092000005,0
5.937560092000005,1021920
5.938560092000005,1105108
5.939560092000004,1972
5.9405600920000055,0
5.941560092000005,141166
5.942560092000004,284634
5.943560092000005,0
5.944560092000005,386332
5.9455600920000045,82048
5.946560092000005,427356
5.947560092000005,510636
5.948560092000005,83982
5.949560092000005,1064446
5.950560092000005,0
5.951560092000005,753134
5.952560092000005,843566
5.953560092000005,0
5.954560092000005,936760
5.955560092000004,870240
5.9565600920000055,1131020
5.957560092000005,425800
5.958560092000004,0
5.959560092000005,468380
5.960560092000005,0
5.9615600920000045,0
5.962560092000005,0
5.963560092000005,0
5.964560092000005,267388
5.965560092000005,669372
5.966560092000005,0
5.967560092000005,1244
5.968560092000005,936760
5.969560092000005,433456
5.970560092000005,34924
5.971560092000004,0
5.9725600920000055,37716
5.973560092000005,1353214
5.974560092000004,1071730
5.975560092000005,671934
5.976560092000005,1217548
5.9775600920000045,518190
5.978560092000005,862850
5.979560092000005,728572
5.980560092000005,518190
5.981560092000005,519692
5.982560092000005,620466
5.983560092000005,969454
5.984560092000005,518190
5.985560092000005,947048
5.986560092000005,559214
5.987560092000004,1114310
5.9885600920000055,945492
5.989560092000005,867680
5.990560092000004,1105460
5.991560092000005,988072
5.992560092000005,1153886
5.9935600920000045,784106
5.994560092000005,65288
5.995560092000005,501878
5.996560092000005,923134
5.997560092000005,454176
5.998560092000005,780644
5.999560092000005,468380
6.000560092000005,468380
6.001560092000005,425800
6.002560092000005,468380
6.003560092000004,468380
6.0045600920000055,0
6.005560092000005,0
6.006560092000004,80308
6.007560092000005,1026772
6.008560092000005,814088
6.0095600920000045,292992
6.010560092000005,335826
6.011560092000005,482568
6.012560092000005,203526
6.013560092000005,0
6.014560092000005,0
6.015560092000005,0
6.016560092000005,540492
6.017560092000005,311108
6.018560092000005,0
6.019560092000004,979340
6.0205600920000055,0
6.021560092000005,0
6.022560092000004,510960
6.023560092000005,468380
6.024560092000005,750372
6.0255600920000045,782508
6.026560092000005,0
6.027560092000005,1234820
6.028560092000005,306818
6.029560092000005,161562
6.030560092000005,471492
6.031560092000005,82048
6.032560092000005,108900
6.033560092000005,487220
6.034560092000005,0
6.035560092000004,436638
6.0365600920000055,0
6.037560092000005,553540
6.038560092000004,3112
6.039560092000005,550428
6.040560092000005,468380
6.0415600920000045,0
6.042560092000005,0
6.043560092000005,0
6.044560092000005,436638
6.045560092000005,425800
6.046560092000005,553540
6.047560092000005,510960
6.048560092000005,1107080
6.049560092000005,1192942
6.050560092000005,1191538
6.051560092000004,596120
6.0525600920000056,1410046
6.053560092000005,592770
6.0545600920000044,407036
6.055560092000005,144948
6.056560092000005,0
6.057560092000005,596120
6.058560092000005,445380
6.059560092000005,23000
6.060560092000005,468380
6.061560092000005,887702
6.062560092000005,6478
6.063560092000005,279096
6.064560092000005,785404
6.0655600920000055,468380
6.066560092000005,162
6.067560092000004,553378
6.068560092000006,510960
6.069560092000005,897854
6.0705600920000045,363948
6.071560092000005,228498
6.072560092000005,0
6.073560092000005,0
6.074560092000005,0
6.075560092000005,0
6.076560092000005,0
6.077560092000005,1064500
6.078560092000005,425800
6.079560092000005,470476
6.080560092000005,1330316
6.0815600920000055,243048
6.082560092000005,120700
6.083560092000004,305100
6.084560092000006,425800
6.085560092000005,0
6.0865600920000045,468380
6.087560092000005,510960
6.088560092000005,894180
6.089560092000005,425800
6.090560092000005,553540
6.091560092000005,1234820
6.092560092000005,596120
6.093560092000005,0
6.094560092000005,0
6.095560092000005,468380
6.096560092000005,510960
6.0975600920000055,0
6.098560092000005,0
6.099560092000004,0
6.100560092000006,0
6.101560092000005,0
6.1025600920000045,162
6.103560092000005,510798
6.104560092000005,0
6.105560092000005,638700
6.106560092000005,879614
6.107560092000005,227466
6.108560092000005,455154
6.109560092000005,401114
6.110560092000005,428426
6.111560092000005,120446
6.112560092000005,7672
6.1135600920000055,514888
6.114560092000005,112682
6.115560092000004,386678
6.116560092000006,510960
6.117560092000005,0
6.1185600920000045,468380
6.119560092000005,1064500
6.120560092000005,0
6.121560092000005,0
6.122560092000005,468380
6.123560092000005,0
6.124560092000005,536672
6.125560092000005,485248
6.126560092000005,120862
6.127560092000005,986218
6.128560092000005,50160
6.1295600920000055,886600
6.130560092000005,0
6.131560092000004,516984
6.132560092000006,377196
6.133560092000005,468380
6.1345600920000045,140280
6.135560092000005,1328230
6.136560092000005,532750
6.137560092000005,553540
6.138560092000005,0
6.139560092000005,0
6.140560092000005,304376
6.141560092000005,632384
6.142560092000005,0
6.143560092000005,0
6.144560092000005,425800
6.1455600920000055,0
6.146560092000005,0
6.147560092000004,510960
6.148560092000006,0
6.149560092000005,0
6.1505600920000045,176436
6.151560092000005,377104
6.152560092000005,0
6.153560092000005,425800
6.154560092000005,0
6.155560092000005,877036
6.156560092000005,515186
6.157560092000005,174888
6.158560092000005,468380
6.159560092000005,0
6.160560092000005,0
6.1615600920000055,71296
6.162560092000005,482244
6.163560092000004,645864
6.164560092000006,1014756
6.165560092000005,468380
6.1665600920000045,979340
6.167560092000005,173378
6.168560092000005,662932
6.169560092000005,100450
6.170560092000005,596120
6.171560092000005,0
6.172560092000005,0
6.173560092000005,468380
6.174560092000005,197356
6.175560092000005,271024
6.176560092000005,0
6.1775600920000056,0
6.178560092000005,783324
6.1795600920000044,852664
6.180560092000006,418690
6.181560092000005,509636
6.182560092000005,1661944
6.183560092000005,182768
6.184560092000005,839152
6.185560092000005,843886
6.186560092000005,369594
6.187560092000005,538050
6.188560092000005,473756
6.189560092000005,422196
6.1905600920000055,226672
6.191560092000005,553486
6.192560092000005,366844
6.193560092000006,58956
6.194560092000005,468380
6.1955600920000045,468380
6.196560092000006,468380
6.197560092000005,638700
6.198560092000005,553540
6.199560092000005,0
6.200560092000005,468380
6.201560092000005,0
6.202560092000005,54
6.203560092000005,894126
6.204560092000005,553540
6.205560092000005,1107080
6.2065600920000055,638700
6.207560092000005,0
6.208560092000005,468380
6.209560092000006,553540
6.210560092000005,0
6.2115600920000045,0
6.212560092000006,0
6.213560092000005,0
6.214560092000005,483512
6.215560092000005,392022
6.216560092000005,516688
6.217560092000005,589850
6.218560092000005,468380
6.219560092000005,425800
6.220560092000005,479510
6.221560092000005,137850
6.2225600920000055,979340
6.223560092000005,425800
6.224560092000005,553540
6.225560092000006,468380
6.226560092000005,0
6.2275600920000045,54
6.228560092000006,1021866
6.229560092000005,182768
6.230560092000005,328192
6.231560092000005,351262
6.232560092000005,81140
6.233560092000005,472616
6.234560092000005,0
6.235560092000005,468380
6.236560092000005,425800
6.237560092000005,185556
6.2385600920000055,921524
6.239560092000005,0
6.240560092000005,468380
6.241560092000006,238434
6.242560092000005,272526
6.2435600920000045,0
6.244560092000006,936760
6.245560092000005,1149660
6.246560092000005,0
6.247560092000005,1333228
6.248560092000005,71912
6.249560092000005,944416
6.250560092000005,460724
6.251560092000005,0
6.252560092000005,0
6.253560092000005,739830
6.2545600920000055,512182
6.255560092000005,770846
6.256560092000005,981134
6.257560092000006,0
6.258560092000005,596120
6.2595600920000045,553540
6.260560092000006,219016
6.261560092000005,802904
6.262560092000005,0
6.263560092000005,638700
6.264560092000005,638700
6.265560092000005,379958
6.266560092000005,876102
6.267560092000005,596120
6.268560092000005,9714
6.269560092000005,1054840
6.2705600920000055,979286
6.271560092000005,638700
6.272560092000005,468380
6.273560092000006,62122
6.274560092000005,363678
6.2755600920000045,894180
6.276560092000006,0
6.277560092000005,553540
6.278560092000005,0
6.279560092000005,0
6.280560092000005,468380
6.281560092000005,0
6.282560092000005,15132
6.283560092000005,115840
6.284560092000005,954768
6.285560092000005,510960
6.2865600920000055,3058
6.287560092000005,1104022
6.288560092000005,596120
6.289560092000006,1064500
6.290560092000005,527552
6.2915600920000045,990940
6.292560092000006,440188
6.293560092000005,0
6.294560092000005,425800
6.295560092000005,638700
6.296560092000005,0
6.297560092000005,0
6.298560092000005,491612
6.299560092000005,1083848
6.300560092000005,425800
6.301560092000005,0
6.3025600920000056,106346
6.303560092000005,579760
6.304560092000005,399634
6.305560092000006,0
6.306560092000005,408122
6.307560092000005,145418
6.308560092000006,936760
6.309560092000005,2096
6.310560092000005,466284
6.311560092000005,979340
6.312560092000005,623626
6.313560092000005,738934
6.314560092000005,0
6.3155600920000055,0
6.316560092000005,0
6.317560092000005,444494
6.318560092000006,66466
6.319560092000005,510960
6.320560092000005,0
6.321560092000006,0
6.322560092000005,0
6.323560092000005,0
6.324560092000006,0
6.325560092000005,571272
6.326560092000005,1046768
6.327560092000005,468380
6.328560092000005,553540
6.329560092000005,513028
6.330560092000005,530132
6.3315600920000055,526092
6.332560092000005,998132
6.333560092000005,1263236
6.334560092000006,110032
6.335560092000005,425800
6.336560092000005,468380
6.337560092000006,737432
6.338560092000005,327068
6.339560092000005,1149660
6.340560092000006,167262
6.341560092000005,854658
6.342560092000005,744434
6.343560092000005,362646
6.344560092000005,468380
6.345560092000005,0
6.346560092000005,0
6.3475600920000055,468380
6.348560092000005,315992
6.349560092000005,333546
6.350560092000006,414038
6.351560092000005,139502
6.352560092000005,179552
6.353560092000006,1115650
6.354560092000005,1349794
6.355560092000005,486790
6.356560092000006,1573434
6.357560092000005,460870
6.358560092000005,648182
6.359560092000005,468380
6.360560092000005,0
6.361560092000005,0
6.362560092000005,0
6.3635600920000055,1064500
6.364560092000005,468380
6.365560092000005,454392
6.366560092000006,532042
6.367560092000005,35486
6.368560092000005,1064500
6.369560092000006,425800
6.370560092000005,0
6.371560092000005,422326
6.372560092000006,3474
6.373560092000005,638700
6.374560092000005,0
6.375560092000005,0
6.376560092000005,697748
6.377560092000005,664812
6.378560092000005,425800
6.3795600920000055,553540
6.380560092000005,0
6.381560092000005,0
6.382560092000006,596120
6.383560092000005,0
6.384560092000005,480558
6.385560092000006,1047022
6.386560092000005,507448
6.387560092000005,93972
6.388560092000006,0
6.389560092000005,555096
6.390560092000005,41024
6.391560092000005,0
6.392560092000005,0
6.393560092000005,0
6.394560092000005,0
6.3955600920000055,425800
6.396560092000005,0
6.397560092000005,0
6.398560092000006,0
6.399560092000005,638230
6.400560092000005,852070
6.401560092000006,71296
6.402560092000005,932956
6.403560092000005,943990
6.404560092000006,1268650
6.405560092000005,596120
6.406560092000005,0
6.407560092000005,510960
6.408560092000005,510960
6.409560092000005,553540
6.410560092000005,468380
6.4115600920000055,596120
6.412560092000005,0
6.413560092000005,425800
6.414560092000006,911880
6.415560092000005,174226
6.416560092000005,361614
6.417560092000006,425800
6.418560092000005,137384
6.419560092000005,416156
6.420560092000006,468380
6.421560092000005,0
6.422560092000005,979340
6.423560092000005,425800
6.424560092000005,425800
6.425560092000005,1149660
6.426560092000005,343282
6.4275600920000056,228860
6.428560092000005,364618
6.429560092000005,538050
6.430560092000006,526450
6.431560092000005,427594
6.4325600920000054,741538
6.433560092000006,236008
6.434560092000005,553540
6.435560092000005,596120
6.436560092000006,0
6.437560092000005,1021920
6.438560092000005,425800
6.439560092000005,553540
6.4405600920000055,468380
6.441560092000005,0
6.442560092000005,0
6.443560092000006,468380
6.444560092000005,308828
6.445560092000005,713092
6.446560092000006,1064500
6.447560092000005,321060
6.4485600920000055,275060
6.449560092000006,0
6.450560092000005,0
6.451560092000005,0
6.452560092000006,468380
6.453560092000005,0
6.454560092000005,827190
6.455560092000005,1046330
6.4565600920000055,0
6.457560092000005,0
6.458560092000005,182282
6.459560092000006,635388
6.460560092000005,76510
6.461560092000005,638862
6.462560092000006,425638
6.463560092000005,553540
6.4645600920000055,1107080
6.465560092000006,0
6.466560092000005,468380
6.467560092000005,59172
6.468560092000006,877588
6.469560092000005,0
6.470560092000005,425800
6.471560092000005,1064500
6.4725600920000055,0
6.473560092000005,894180
6.474560092000005,510960
6.475560092000006,0
6.476560092000005,553540
6.477560092000005,425800
6.478560092000006,1007662
6.479560092000005,99418
6.4805600920000055,359874
6.481560092000006,247084
6.482560092000005,0
6.483560092000005,0
6.484560092000006,555096
6.485560092000005,41024
6.486560092000005,468380
6.487560092000005,0
6.4885600920000055,1021920
6.489560092000005,220680
6.490560092000005,655006
6.491560092000006,486874
6.492560092000005,0
6.493560092000005,772448
6.494560092000006,574044
6.495560092000005,228968
6.4965600920000055,0
6.497560092000006,596120
6.498560092000005,553540
6.499560092000005,425800
6.500560092000006,0
6.501560092000005,0
6.502560092000005,1016620
6.503560092000005,47880
6.5045600920000055,638700
6.505560092000005,638700
6.506560092000005,425800
6.507560092000006,54
6.508560092000005,596066
6.509560092000005,0
6.510560092000006,468380
6.511560092000005,0
6.5125600920000055,425800
6.513560092000006,638700
6.514560092000005,596136
6.515560092000005,383204
6.516560092000006,510960
6.517560092000005,557246
6.518560092000005,549834
6.519560092000005,468380
6.5205600920000055,553540
6.521560092000005,0
6.522560092000005,638700
6.523560092000006,468380
6.524560092000005,0
6.525560092000005,979340
6.526560092000006,894180
6.527560092000005,0
6.5285600920000055,0
6.529560092000006,425800
6.530560092000005,468380
6.531560092000005,1236776
6.532560092000006,679324
6.533560092000005,162
6.534560092000005,468218
6.535560092000005,0
6.5365600920000055,914992
6.537560092000005,660468
6.538560092000005,0
6.539560092000006,510960
6.540560092000005,0
6.541560092000005,936760
6.542560092000006,824710
6.543560092000005,1059702
6.5445600920000055,468326
6.545560092000006,0
6.546560092000005,510960
6.547560092000005,0
6.548560092000006,425800
6.549560092000005,425800
6.550560092000005,638700
6.551560092000005,24626
6.5525600920000056,443754
6.553560092000005,425800
6.554560092000005,0
6.555560092000006,512204
6.556560092000005,0
6.5575600920000054,596120
6.558560092000006,184324
6.559560092000005,371528
6.560560092000006,636388
6.561560092000006,638700
6.562560092000005,14220
6.563560092000005,539320
6.564560092000006,0
6.5655600920000055,553540
6.566560092000005,0
6.567560092000005,0
6.568560092000006,553540
6.569560092000005,686834
6.570560092000005,803466
6.571560092000006,468380
6.572560092000005,468380
6.5735600920000055,680302
6.574560092000006,341618
6.575560092000005,596120
6.576560092000006,0
6.577560092000006,59172
6.578560092000005,877588
6.579560092000005,0
6.580560092000006,0
6.5815600920000055,1021920
6.582560092000005,1030516
6.583560092000005,33984
6.584560092000006,0
6.585560092000005,0
6.586560092000005,403394
6.587560092000006,496486
6.588560092000005,1416356
6.5895600920000055,930682
6.590560092000006,596120
6.591560092000005,425800
6.592560092000006,425800
6.593560092000006,586022
6.594560092000005,733958
6.595560092000005,425800
6.596560092000006,0
6.5975600920000055,0
6.598560092000005,0
6.599560092000005,702378
6.600560092000006,873082
6.601560092000005,468380
6.602560092000005,0
6.603560092000006,468380
6.604560092000005,468380
6.6055600920000055,0
6.606560092000006,468380
6.607560092000005,0
6.608560092000006,0
6.609560092000006,0
6.610560092000005,469624
6.611560092000005,436638
6.612560092000006,596120
6.6135600920000055,0
6.614560092000005,542982
6.615560092000005,1892480
6.616560092000006,491150
6.617560092000005,205120
6.618560092000005,311162
6.619560092000006,327538
6.620560092000005,510960
6.6215600920000055,0
6.622560092000006,0
6.623560092000005,0
6.624560092000006,330380
6.625560092000006,691540
6.626560092000005,0
6.627560092000005,0
6.628560092000006,162
6.6295600920000055,468218
6.630560092000005,0
6.631560092000005,128426
6.632560092000006,467694
6.633560092000005,553540
6.634560092000005,596120
6.635560092000006,0
6.636560092000005,0
6.6375600920000055,0
6.638560092000006,617414
6.639560092000005,779850
6.640560092000006,795556
6.641560092000006,0
6.642560092000005,1085740
6.643560092000005,214980
6.644560092000006,381140
6.6455600920000055,0
6.646560092000005,510960
6.647560092000005,0
6.648560092000006,1021920
6.649560092000005,34658
6.650560092000005,71742
6.651560092000006,454392
6.652560092000005,13988
6.6535600920000055,386332
6.654560092000006,82048
6.655560092000005,0
6.656560092000006,235484
6.657560092000006,289048
6.658560092000005,29008
6.659560092000005,468380
6.660560092000006,0
6.6615600920000055,0
6.662560092000005,425854
6.663560092000005,468326
6.664560092000006,468380
6.665560092000005,0
6.666560092000005,425800
6.667560092000006,643746
6.668560092000005,995534
6.6695600920000055,510960
6.670560092000006,645798
6.671560092000005,476134
6.672560092000006,986570
6.673560092000006,43890
6.674560092000005,0
6.675560092000005,0
6.676560092000006,1021920
6.6775600920000056,479218
6.678560092000005,468380
6.679560092000005,468380
6.680560092000006,851600
6.681560092000005,553540
6.6825600920000054,612296
6.683560092000006,920584
6.684560092000005,468380
6.685560092000006,1226370
6.686560092000006,107614
6.687560092000005,369216
6.688560092000006,389444
6.689560092000006,164096
6.6905600920000055,0
6.691560092000005,425800
6.692560092000006,1064500
6.693560092000006,955600
6.694560092000005,641612
6.695560092000005,659528
6.696560092000006,468380
6.697560092000005,596120
6.6985600920000055,468380
6.699560092000006,468380
6.700560092000005,638700
6.701560092000006,816956
6.702560092000006,1535604
6.703560092000005,693542
6.704560092000006,470
6.705560092000006,510960
6.7065600920000055,457542
6.707560092000005,64256
6.708560092000006,468380
6.709560092000006,0
6.710560092000005,468380
6.711560092000005,468380
6.712560092000006,468380
6.713560092000005,553540
6.7145600920000055,0
6.715560092000006,425800
6.716560092000005,468380
6.717560092000006,249364
6.718560092000006,221274
6.719560092000005,1062242
6.720560092000006,0
6.721560092000006,468380
6.7225600920000055,635950
6.723560092000005,2650
6.724560092000006,0
6.725560092000006,638700
6.726560092000005,510960
6.727560092000005,1021920
6.728560092000006,468380
6.729560092000005,0
6.7305600920000055,468380
6.731560092000006,0
6.732560092000005,0
6.733560092000006,468380
6.734560092000006,425800
6.735560092000005,425800
6.736560092000006,0
6.737560092000006,425800
6.7385600920000055,0
6.739560092000005,596120
6.740560092000006,1149660
6.741560092000006,0
6.742560092000005,427356
6.743560092000005,45584
6.744560092000006,708732
6.745560092000005,266048
6.7465600920000055,553540
6.747560092000006,0
6.748560092000005,0
6.749560092000006,0
6.750560092000006,979340
6.751560092000005,512516
6.752560092000006,94134
6.753560092000006,372690
6.7545600920000055,0
6.755560092000005,553540
6.756560092000006,1137244
6.757560092000006,438216
6.758560092000005,615300
6.759560092000005,917580
6.760560092000006,638700
6.761560092000005,472994
6.7625600920000055,507902
6.763560092000006,41024
6.764560092000005,0
6.765560092000006,596282
6.766560092000006,1149498
6.767560092000005,1192240
6.768560092000006,0
6.769560092000006,0
6.7705600920000055,0
6.771560092000005,0
6.772560092000006,425800
6.773560092000006,10838
6.774560092000005,0
6.775560092000005,0
6.776560092000006,0
6.777560092000005,553540
6.7785600920000055,0
6.779560092000006,861790
6.780560092000005,585930
6.781560092000006,0
6.782560092000006,0
6.783560092000005,510960
6.784560092000006,553540
6.785560092000006,468380
6.7865600920000055,0
6.787560092000005,479218
6.788560092000006,766224
6.789560092000006,1107296
6.790560092000005,379080
6.791560092000005,731614
6.792560092000006,518190
6.793560092000005,518190
6.7945600920000055,519800
6.795560092000006,986462
6.796560092000005,518190
6.797560092000006,846236
6.798560092000006,1259258
6.799560092000005,600238
6.800560092000006,905970
6.801560092000006,983512
6.8025600920000056,518190
6.803560092000005,518190
6.804560092000006,519692
6.805560092000006,518190
6.806560092000005,943990
6.8075600920000054,1073232
6.808560092000006,1369790
6.809560092000005,518190
6.810560092000006,945492
6.811560092000006,901856
6.812560092000005,0
6.813560092000006,0
6.814560092000006,638700
6.8155600920000055,638700
6.816560092000006,553540
6.817560092000006,0
6.818560092000006,0
6.819560092000005,468380
6.820560092000006,468380
6.821560092000006,638700
6.822560092000005,539568
6.8235600920000055,950732
6.824560092000006,0
6.825560092000005,468380
6.826560092000006,0
6.827560092000006,0
6.828560092000005,0
6.829560092000006,425800
6.830560092000006,0
6.8315600920000055,0
6.832560092000006,0
6.833560092000006,321098
6.834560092000006,235608
6.835560092000005,422634
6.836560092000006,0
6.837560092000006,516552
6.838560092000005,36988
6.8395600920000055,553540
6.840560092000006,468380
6.841560092000005,468380
6.842560092000006,609076
6.843560092000006,753484
6.844560092000005,468380
6.845560092000006,553540
6.846560092000006,0
6.8475600920000055,553540
6.848560092000006,0
6.849560092000006,538286
6.850560092000006,590088
6.851560092000005,1489776
6.852560092000006,470
6.853560092000006,0
6.854560092000005,0
6.8555600920000055,0
6.856560092000006,553540
6.857560092000005,526050
6.858560092000006,879090
6.859560092000006,468380
6.860560092000005,425800
6.861560092000006,596120
6.862560092000006,425800
6.8635600920000055,511014
6.864560092000006,1021866
6.865560092000006,894180
6.866560092000006,0
6.867560092000005,0
6.868560092000006,0
6.869560092000006,0
6.870560092000005,468380
6.8715600920000055,510960
6.872560092000006,596120
6.873560092000005,908292
6.874560092000006,922648
6.875560092000006,553540
6.876560092000005,468380
6.877560092000006,0
6.878560092000006,468380
6.8795600920000055,553540
6.880560092000006,468380
6.881560092000006,0
6.882560092000006,58
6.883560092000005,469566
6.884560092000006,1021920
6.885560092000006,615230
6.886560092000005,534538
6.8875600920000055,936182
6.888560092000006,554010
6.889560092000005,425800
6.890560092000006,425800
6.891560092000006,638700
6.892560092000005,510960
6.893560092000006,553540
6.894560092000006,510960
6.8955600920000055,0
6.896560092000006,468380
6.897560092000006,0
6.898560092000006,510960
6.899560092000005,0
6.900560092000006,20174
6.901560092000006,490786
6.902560092000005,596120
6.9035600920000055,596120
6.904560092000006,596120
6.905560092000005,159914
6.906560092000006,947166
6.907560092000006,183758
6.908560092000005,518762
6.909560092000006,553540
6.910560092000006,936760
6.9115600920000055,0
6.912560092000006,0
6.913560092000006,979340
6.914560092000006,0
6.915560092000005,547116
6.916560092000006,657680
6.917560092000006,839044
6.918560092000005,0
6.9195600920000055,0
6.920560092000006,3706
6.921560092000005,975634
6.922560092000006,0
6.923560092000006,0
6.924560092000005,468380
6.925560092000006,1212328
6.926560092000006,717344
6.9275600920000056,456364
6.928560092000006,41024
6.929560092000006,0
6.930560092000006,485258
6.931560092000005,902966
6.932560092000006,1454896
6.933560092000006,1156890
6.934560092000005,1071730
6.935560092000006,519692
6.936560092000006,789068
6.937560092000005,1173034
6.938560092000006,784708
6.939560092000006,519692
6.9405600920000055,783006
6.941560092000006,764334
6.942560092000006,519692
6.943560092000006,989682
6.944560092000006,600238
6.945560092000006,569370
6.946560092000006,574912
6.947560092000005,1114310
6.948560092000006,607402
6.949560092000006,898860
6.950560092000005,521896
6.951560092000006,568758
6.952560092000006,553540
6.953560092000005,0
6.954560092000006,979340
6.955560092000006,0
6.9565600920000055,0
6.957560092000006,1064500
6.958560092000006,425800
6.959560092000006,16634
6.960560092000006,1436472
6.961560092000006,943990
6.962560092000006,641550
6.963560092000005,385338
6.964560092000006,90968
6.965560092000006,0
6.966560092000005,0
6.967560092000006,0
6.968560092000006,510960
6.969560092000005,0
6.970560092000006,638700
6.971560092000006,0
6.9725600920000055,592608
6.973560092000006,812532
6.974560092000006,0
6.975560092000006,1107080
6.976560092000006,425800
6.977560092000006,54612
6.978560092000006,381864
6.979560092000005,1096404
6.980560092000006,10838
6.981560092000006,425800
6.982560092000005,0
6.983560092000006,0
6.984560092000006,468434
6.985560092000005,1160120
6.986560092000006,755926
6.987560092000006,582548
6.9885600920000055,269052
6.989560092000006,1416832
6.990560092000006,351802
6.991560092000006,232626
6.992560092000006,384776
6.993560092000006,41024
6.994560092000006,468380
6.995560092000005,597676
6.996560092000006,594564
6.997560092000006,0
6.998560092000005,0
6.999560092000006,0
7.000560092000006,605618
7.001560092000005,416302
7.002560092000006,384452
7.003560092000006,637468
7.0045600920000055,0
7.005560092000006,0
7.006560092000006,468380
7.007560092000006,936760
7.008560092000006,108
7.009560092000006,894072
7.010560092000006,0
7.011560092000005,0
7.012560092000006,1021920
7.013560092000006,0
7.014560092000005,638700
7.015560092000006,468380
7.016560092000006,468380
7.017560092000005,0
7.018560092000006,1107080
7.019560092000006,425800
7.0205600920000055,0
7.021560092000006,425800
7.022560092000006,894180
7.023560092000006,973948
7.024560092000006,644092
7.025560092000006,480558
7.026560092000006,924582
7.027560092000005,425800
7.028560092000006,29078
7.029560092000006,396722
7.030560092000005,162
7.031560092000006,894018
7.032560092000006,0
7.033560092000005,0
7.034560092000006,0
7.035560092000006,0
7.0365600920000055,0
7.037560092000006,440404
7.038560092000006,624096
7.039560092000006,894180
7.040560092000006,468380
7.041560092000006,274066
7.042560092000006,833014
7.043560092000005,1080228
7.044560092000006,959462
7.045560092000006,518190
7.046560092000005,573852
7.047560092000006,468434
7.048560092000006,1229320
7.049560092000005,516406
7.050560092000006,0
7.051560092000006,553540
7.0525600920000056,0
7.053560092000006,102248
7.054560092000006,912936
7.055560092000006,453776
7.056560092000006,0
7.057560092000006,1139962
7.058560092000006,280738
7.059560092000005,410240
7.0605600920000064,427356
7.061560092000006,41024
7.062560092000005,425800
7.063560092000006,425800
7.064560092000006,414184
7.0655600920000055,514758
7.066560092000006,135558
7.067560092000006,502980
7.068560092000006,391600
7.069560092000006,596806
7.070560092000006,41494
7.071560092000006,0
7.072560092000006,7564
7.073560092000006,844036
7.074560092000006,553540
7.075560092000005,468380
7.0765600920000065,0
7.077560092000006,0
7.078560092000005,553540
7.079560092000006,0
7.080560092000006,468380
7.0815600920000055,413368
7.082560092000006,523392
7.083560092000006,553540
7.084560092000006,0
7.085560092000006,10838
7.086560092000006,553540
7.087560092000006,425800
7.088560092000006,0
7.089560092000006,1032758
7.090560092000006,511722
7.091560092000005,84398
7.0925600920000065,278388
7.093560092000006,828692
7.094560092000005,638700
7.095560092000006,0
7.096560092000006,468380
7.0975600920000055,425800
7.098560092000006,0
7.099560092000006,468380
7.100560092000006,425800
7.101560092000006,0
7.102560092000006,510960
7.103560092000006,851600
7.104560092000006,721942
7.105560092000006,896098
7.106560092000006,0
7.107560092000005,630774
7.1085600920000065,898632
7.109560092000006,225710
7.110560092000005,246144
7.111560092000006,0
7.112560092000006,343752
7.1135600920000055,82048
7.114560092000006,0
7.115560092000006,513456
7.116560092000006,649144
7.117560092000006,1291550
7.118560092000006,141744
7.119560092000006,384706
7.120560092000006,0
7.121560092000006,425800
7.122560092000006,384776
7.123560092000005,41024
7.1245600920000065,690308
7.125560092000006,374192
7.126560092000005,0
7.127560092000006,0
7.128560092000006,425800
7.1295600920000055,0
7.130560092000006,0
7.131560092000006,851600
7.132560092000006,371820
7.133560092000006,525472
7.134560092000006,82048
7.135560092000006,0
7.136560092000006,345572
7.137560092000006,518190
7.138560092000006,224130
7.139560092000005,468380
7.1405600920000065,0
7.141560092000006,3652
7.142560092000005,507308
7.143560092000006,0
7.144560092000006,27630
7.1455600920000055,440750
7.146560092000006,0
7.147560092000006,617414
7.148560092000006,510906
7.149560092000006,894180
7.150560092000006,0
7.151560092000006,0
7.152560092000006,0
7.153560092000006,1096188
7.154560092000006,1119636
7.155560092000005,424136
7.1565600920000065,1244
7.157560092000006,0
7.158560092000005,0
7.159560092000006,0
7.160560092000006,434866
7.1615600920000055,629634
7.162560092000006,597676
7.163560092000006,41024
7.164560092000006,0
7.165560092000006,596120
7.166560092000006,668632
7.167560092000006,182968
7.168560092000006,500592
7.169560092000006,399812
7.170560092000006,164096
7.171560092000005,566496
7.1725600920000065,285104
7.173560092000006,277956
7.174560092000005,233004
7.175560092000006,0
7.176560092000006,0
7.1775600920000056,0
7.178560092000006,596120
7.179560092000006,0
7.180560092000006,1277400
7.181560092000006,0
7.182560092000006,0
7.183560092000006,0
7.184560092000006,0
7.1855600920000064,1064500
7.186560092000006,0
7.187560092000005,57670
7.188560092000007,410710
7.189560092000006,468380
7.1905600920000055,1064500
7.191560092000006,553540
7.192560092000006,553540
7.193560092000006,468380
7.194560092000006,147790
7.195560092000006,746390
7.196560092000006,468380
7.197560092000006,510960
7.198560092000006,425800
7.199560092000006,0
7.200560092000006,0
7.2015600920000065,479596
7.202560092000006,542324
7.203560092000005,425800
7.204560092000007,596120
7.205560092000006,510960
7.2065600920000055,32136
7.207560092000006,436244
7.208560092000006,0
7.209560092000006,619406
7.210560092000006,1041214
7.211560092000006,162
7.212560092000006,425638
7.213560092000006,0
7.214560092000006,0
7.215560092000006,0
7.216560092000006,0
7.2175600920000065,638700
7.218560092000006,638700
7.219560092000005,425800
7.220560092000007,596120
7.221560092000006,553540
7.2225600920000055,425800
7.223560092000006,650262
7.224560092000006,371658
7.225560092000006,425800
7.226560092000006,596120
7.227560092000006,0
7.228560092000006,356692
7.229560092000006,750388
7.230560092000006,0
7.231560092000006,0
7.232560092000006,277340
7.2335600920000065,744580
7.234560092000006,0
7.235560092000005,553540
7.236560092000007,0
7.237560092000006,596120
7.2385600920000055,0
7.239560092000006,917434
7.240560092000006,572866
7.241560092000006,984462
7.242560092000006,505838
7.243560092000006,0
7.244560092000006,443202
7.245560092000006,1055278
7.246560092000006,609846
7.247560092000006,853086
7.248560092000006,510960
7.2495600920000065,437130
7.250560092000006,584790
7.251560092000005,471492
7.252560092000007,92886
7.253560092000006,0
7.2545600920000055,425800
7.255560092000006,0
7.256560092000006,80416
7.257560092000006,569122
7.258560092000006,0
7.259560092000006,510960
7.260560092000006,0
7.261560092000006,0
7.262560092000006,0
7.263560092000006,638700
7.264560092000006,581116
7.2655600920000065,994344
7.266560092000006,0
7.267560092000005,0
7.268560092000007,272542
7.269560092000006,164096
7.2705600920000055,468380
7.271560092000006,468380
7.272560092000006,512516
7.273560092000006,509404
7.274560092000006,10838
7.275560092000006,259570
7.276560092000006,804930
7.277560092000006,638700
7.278560092000006,468380
7.279560092000006,1550164
7.280560092000006,67876
7.2815600920000065,33156
7.282560092000006,509178
7.283560092000005,524738
7.284560092000007,391608
7.285560092000006,55012
7.2865600920000055,0
7.287560092000006,387888
7.288560092000006,123072
7.289560092000006,524532
7.290560092000006,29008
7.291560092000006,726864
7.292560092000006,295056
7.293560092000006,0
7.294560092000006,425800
7.295560092000006,484486
7.296560092000006,624242
7.2975600920000065,509312
7.298560092000006,418998
7.299560092000005,517076
7.300560092000007,128426
7.301560092000006,0
7.3025600920000056,468380
7.303560092000006,635438
7.304560092000006,24502
7.305560092000006,477462
7.306560092000006,416830
7.307560092000006,1025904
7.308560092000006,1027648
7.309560092000006,162548
7.3105600920000064,779434
7.311560092000006,728998
7.312560092000006,535408
7.313560092000007,0
7.314560092000006,363624
7.3155600920000055,199468
7.316560092000007,803920
7.317560092000006,251028
7.318560092000006,381972
7.319560092000006,128988
7.320560092000006,468380
7.321560092000006,510960
7.322560092000006,731262
7.323560092000006,631298
7.324560092000006,0
7.325560092000006,596714
7.3265600920000065,510420
7.327560092000006,711936
7.328560092000006,352510
7.329560092000007,271748
7.330560092000006,154052
7.3315600920000055,1064500
7.332560092000007,0
7.333560092000006,369686
7.334560092000006,251118
7.335560092000006,454588
7.336560092000006,1149606
7.337560092000006,0
7.338560092000006,468380
7.339560092000006,0
7.340560092000006,692788
7.341560092000006,840092
7.3425600920000065,0
7.343560092000006,425800
7.344560092000006,1021920
7.345560092000007,0
7.346560092000006,596120
7.3475600920000055,0
7.348560092000007,468380
7.349560092000006,468380
7.350560092000006,468380
7.351560092000006,0
7.352560092000006,0
7.353560092000006,0
7.354560092000006,596120
7.355560092000006,1021920
7.356560092000006,0
7.357560092000006,510960
7.3585600920000065,0
7.359560092000006,638700
7.360560092000006,0
7.361560092000007,553540
7.362560092000006,0
7.3635600920000055,0
7.364560092000007,893710
7.365560092000006,468850
7.366560092000006,596120
7.367560092000006,468380
7.368560092000006,0
7.369560092000006,0
7.370560092000006,510960
7.371560092000006,468380
7.372560092000006,0
7.373560092000006,856090
7.3745600920000065,612928
7.375560092000006,191602
7.376560092000006,0
7.377560092000007,402476
7.378560092000006,65904
7.3795600920000055,0
7.380560092000007,182806
7.381560092000006,867448
7.382560092000006,431500
7.383560092000006,137530
7.384560092000006,21676
7.385560092000006,874060
7.386560092000006,41024
7.387560092000006,425800
7.388560092000006,435514
7.389560092000006,969626
7.3905600920000065,649538
7.391560092000006,0
7.392560092000006,0
7.393560092000007,797890
7.394560092000006,692410
7.3955600920000055,593748
7.396560092000007,428172
7.397560092000006,468380
7.398560092000006,425800
7.399560092000006,0
7.400560092000006,0
7.401560092000006,639402
7.402560092000006,1021218
7.403560092000006,790726
7.404560092000006,571834
7.405560092000006,851600
7.4065600920000065,0
7.407560092000006,0
7.408560092000006,578636
7.409560092000007,496702
7.410560092000006,106400
7.4115600920000055,334054
7.412560092000007,773026
7.413560092000006,596120
7.414560092000006,553540
7.415560092000006,638700
7.416560092000006,468380
7.417560092000006,0
7.418560092000006,510960
7.419560092000006,425800
7.420560092000006,0
7.421560092000006,425800
7.4225600920000065,0
7.423560092000006,172292
7.424560092000006,296088
7.425560092000007,468380
7.426560092000006,0
7.4275600920000056,596120
7.428560092000007,0
7.429560092000006,553540
7.430560092000006,295564
7.431560092000006,726356
7.432560092000006,0
7.433560092000006,510960
7.434560092000006,651348
7.4355600920000064,413152
7.436560092000006,468380
7.437560092000006,468380
7.438560092000007,0
7.439560092000006,979340
7.440560092000006,638700
7.441560092000007,0
7.442560092000006,1244
7.443560092000006,428858
7.444560092000007,422742
7.445560092000006,0
7.446560092000006,468380
7.447560092000006,553540
7.448560092000006,894180
7.449560092000006,282354
7.450560092000006,143446
7.4515600920000065,545560
7.452560092000006,448058
7.453560092000006,645662
7.454560092000007,553540
7.455560092000006,468380
7.456560092000006,769698
7.457560092000007,592862
7.458560092000006,596120
7.459560092000006,0
7.460560092000007,1065744
7.461560092000006,425800
7.462560092000006,0
7.463560092000006,553540
7.464560092000006,0
7.465560092000006,510960
7.466560092000006,553540
7.4675600920000065,0
7.468560092000006,425800
7.469560092000006,510960
7.470560092000007,323594
7.471560092000006,826066
7.472560092000006,17116
7.473560092000007,456526
7.474560092000006,868198
7.475560092000006,787160
7.476560092000007,0
7.477560092000006,0
7.478560092000006,0
7.479560092000006,425800
7.480560092000006,468380
7.481560092000006,553540
7.482560092000006,894180
7.4835600920000065,0
7.484560092000006,0
7.485560092000006,0
7.486560092000007,0
7.487560092000006,479218
7.488560092000006,0
7.489560092000007,596120
7.490560092000006,0
7.491560092000006,510960
7.492560092000007,979340
7.493560092000006,596120
7.494560092000006,0
7.495560092000006,0
7.496560092000006,0
7.497560092000006,638700
7.498560092000006,0
7.4995600920000065,468380
7.500560092000006,0
7.501560092000006,0
7.502560092000007,468380
7.503560092000006,1021920
7.504560092000006,3706
7.505560092000007,1103374
7.506560092000006,0
7.507560092000006,553540
7.508560092000007,0
7.509560092000006,0
7.510560092000006,435428
7.511560092000006,583018
7.512560092000006,642174
7.513560092000006,553540
7.514560092000006,466408
7.5155600920000065,180218
7.516560092000006,886254
7.517560092000006,468380
7.518560092000007,0
7.519560092000006,0
7.520560092000006,596120
7.521560092000007,553540
7.522560092000006,468380
7.523560092000006,239882
7.524560092000007,228498
7.525560092000006,0
7.526560092000006,0
7.527560092000006,468380
7.528560092000006,0
7.529560092000006,468380
7.530560092000006,596120
7.5315600920000065,14220
7.532560092000006,1050280
7.533560092000006,0
7.534560092000007,596120
7.535560092000006,0
7.536560092000006,596120
7.537560092000007,636728
7.538560092000006,470352
7.539560092000006,0
7.540560092000007,553540
7.541560092000006,0
7.542560092000006,510960
7.543560092000006,638700
7.544560092000006,887286
7.545560092000006,560434
7.546560092000006,425800
7.5475600920000065,596120
7.548560092000006,596120
7.549560092000006,510960
7.550560092000007,638700
7.551560092000006,553540
7.552560092000006,101174
7.553560092000007,694112
7.554560092000006,568830
7.555560092000006,665736
7.556560092000007,439788
7.557560092000006,553540
7.558560092000006,468380
7.559560092000006,0
7.5605600920000064,0
7.561560092000006,434072
7.562560092000006,583412
7.563560092000007,430236
7.564560092000006,425800
7.565560092000006,180834
7.566560092000007,1224306
7.567560092000006,378
7.5685600920000065,1021542
7.569560092000007,1021920
7.570560092000006,323042
7.571560092000006,980562
7.572560092000007,934356
7.573560092000006,1034878
7.574560092000006,1504760
7.575560092000006,1037882
7.5765600920000065,1616610
7.577560092000006,1514658
7.578560092000006,1533494
7.579560092000007,1507764
7.580560092000006,1036380
7.581560092000006,1504760
7.582560092000007,1037882
7.583560092000006,1037882
7.5845600920000065,1918900
7.585560092000007,1556072
7.586560092000006,1150864
7.587560092000006,2058300
7.588560092000007,1973140
7.589560092000006,1369144
7.590560092000006,1836496
7.591560092000006,1503204
7.5925600920000065,1465184
7.593560092000006,1247910
7.594560092000006,645060
7.595560092000007,1100792
7.596560092000006,959934
7.597560092000006,1497476
7.598560092000007,1183526
7.599560092000006,918856
7.6005600920000065,943990
7.601560092000007,539920
7.602560092000006,1580540
7.603560092000006,947718
7.604560092000007,666704
7.605560092000006,519692
7.606560092000006,518190
7.607560092000006,902966
7.6085600920000065,779516
7.609560092000006,725190
7.610560092000006,1425818
7.611560092000007,675062
7.612560092000006,519692
7.613560092000006,518190
7.614560092000007,576330
7.615560092000006,929932
7.6165600920000065,837440
7.617560092000007,770104
7.618560092000006,927868
7.619560092000006,986570
7.620560092000007,1540110
7.621560092000006,1412370
7.622560092000006,519692
7.623560092000006,518190
7.6245600920000065,986570
7.625560092000006,1073232
7.626560092000006,1114310
7.627560092000007,943990
7.628560092000006,1390656
7.629560092000006,743446
7.630560092000007,997430
7.631560092000006,1115812
7.6325600920000065,948658
7.633560092000007,1067062
7.634560092000006,1197444
7.635560092000006,777198
7.636560092000007,778846
7.637560092000006,896234
7.638560092000006,828066
7.639560092000006,1304410
7.6405600920000065,999056
7.641560092000006,1013676
7.642560092000006,918386
7.643560092000007,518190
7.644560092000006,986570
7.645560092000006,1030652
7.646560092000007,1114310
7.647560092000006,518190
7.6485600920000065,519692
7.649560092000007,1029150
7.650560092000006,1156890
7.651560092000006,524738
7.652560092000007,1449904
7.653560092000006,1156890
7.654560092000006,1030652
7.655560092000006,1423208
7.6565600920000065,518190
7.657560092000006,518190
7.658560092000006,530530
7.659560092000007,518190
7.660560092000006,624590
7.661560092000006,519692
7.662560092000007,929850
7.663560092000006,1034878
7.6645600920000065,1932062
7.665560092000007,1591422
7.666560092000006,1036380
7.667560092000006,1037882
7.668560092000007,1037882
7.669560092000006,1036380
7.670560092000006,1036380
7.671560092000006,1637292
7.6725600920000065,2226832
7.673560092000006,1525896
7.674560092000006,1103408
7.675560092000007,1036380
7.676560092000006,1036542
7.677560092000006,1676420
7.678560092000007,1037882
7.679560092000006,1675080
7.6805600920000066,1591422
7.681560092000007,1037882
7.682560092000006,1504760
7.683560092000006,612214
7.684560092000007,519692
7.6855600920000064,518190
7.686560092000006,526510
7.687560092000006,1150072
7.688560092000007,1540110
7.689560092000006,986570
7.690560092000006,1071730
7.691560092000007,806660
7.692560092000006,742182
7.6935600920000065,524738
7.694560092000007,938944
7.695560092000006,1156890
7.696560092000007,518190
7.697560092000007,557944
7.698560092000006,1459332
7.699560092000006,1029096
7.700560092000007,1073232
7.7015600920000065,986570
7.702560092000006,1369790
7.703560092000006,1071730
7.704560092000007,988072
7.705560092000006,559284
7.706560092000006,902896
7.707560092000007,880112
7.708560092000006,1310742
7.7095600920000065,1133582
7.710560092000007,1093228
7.711560092000006,943990
7.712560092000007,518190
7.713560092000007,943990
7.714560092000006,1073232
7.715560092000006,519434
7.716560092000007,986570
7.7175600920000065,866556
7.718560092000006,682286
7.719560092000006,1533632
7.720560092000007,994550
7.721560092000006,593830
7.722560092000006,868350
7.723560092000007,518190
7.724560092000006,1158392
7.7255600920000065,943990
7.726560092000007,988774
7.727560092000006,1071028
7.728560092000007,632936
7.729560092000007,871824
7.730560092000006,1183618
7.731560092000006,1453810
7.732560092000007,536684
7.7335600920000065,519692
7.734560092000006,1071730
7.735560092000006,943990
7.736560092000007,518190
7.737560092000006,989316
7.738560092000006,518190
7.739560092000007,518190
7.740560092000006,519692
7.7415600920000065,986570
7.742560092000007,601394
7.743560092000006,1330668
7.744560092000007,924302
7.745560092000007,708198
7.746560092000006,518190
7.747560092000006,519692
7.748560092000007,626312
7.7495600920000065,835922
7.750560092000006,974030
7.751560092000006,1347622
7.752560092000007,1235626
7.753560092000006,1158392
7.754560092000006,518190
7.755560092000007,518190
7.756560092000006,519692
7.7575600920000065,986570
7.758560092000007,518190
7.759560092000006,518190
7.760560092000007,519692
7.761560092000007,1076436
7.762560092000006,861904
7.763560092000006,922114
7.764560092000007,1246664
7.7655600920000065,529174
7.766560092000006,1074788
7.767560092000006,559214
7.768560092000007,986570
7.769560092000006,930002
7.770560092000006,533680
7.771560092000007,518190
7.772560092000006,518190
7.7735600920000065,1294982
7.774560092000007,679660
7.775560092000006,518190
7.776560092000007,988072
7.777560092000007,518190
7.778560092000006,1646510
7.779560092000006,519692
7.780560092000007,606898
7.7815600920000065,638700
7.782560092000006,468380
7.783560092000006,0
7.784560092000007,553540
7.785560092000006,0
7.786560092000006,652342
7.787560092000007,1434078
7.788560092000006,0
7.7895600920000065,425800
7.790560092000007,0
7.791560092000006,0
7.792560092000007,468380
7.793560092000007,0
7.794560092000006,596120
7.795560092000006,0
7.796560092000007,343628
7.7975600920000065,209912
7.798560092000006,0
7.799560092000006,553540
7.800560092000007,0
7.801560092000006,503034
7.802560092000006,1110846
7.803560092000007,131900
7.804560092000006,0
7.8055600920000066,0
7.806560092000007,468542
7.807560092000006,981220
7.808560092000007,803876
7.809560092000007,940986
7.8105600920000064,192588
7.811560092000006,948344
7.812560092000007,243896
7.813560092000007,78698
7.814560092000006,390356
7.815560092000006,562688
7.816560092000007,518190
7.817560092000006,518856
7.8185600920000065,41078
7.819560092000007,553486
7.820560092000006,553540
7.821560092000007,0
7.822560092000007,510960
7.823560092000006,440982
7.824560092000007,580938
7.825560092000007,1244
7.8265600920000065,638700
7.827560092000006,425962
7.828560092000007,553378
7.829560092000007,108
7.830560092000006,468272
7.831560092000006,0
7.832560092000007,553540
7.833560092000006,468380
7.8345600920000065,468380
7.835560092000007,510960
7.836560092000006,0
7.837560092000007,0
7.838560092000007,596120
7.839560092000006,596178
7.840560092000007,639886
7.841560092000007,0
7.8425600920000065,0
7.843560092000006,468434
7.844560092000007,553486
7.845560092000007,553540
7.846560092000006,0
7.847560092000006,0
7.848560092000007,361922
7.849560092000006,106458
7.8505600920000065,554626
7.851560092000007,123412
7.852560092000006,982582
7.853560092000007,596120
7.854560092000007,0
7.855560092000006,0
7.856560092000007,389374
7.857560092000007,303668
7.8585600920000065,172778
7.859560092000006,539320
7.860560092000007,468380
7.861560092000007,0
7.862560092000006,553540
7.863560092000006,0
7.864560092000007,482514
7.865560092000006,28446
7.8665600920000065,384776
7.867560092000007,466824
7.868560092000006,106400
7.869560092000007,510960
7.870560092000007,425800
7.871560092000006,0
7.872560092000007,106400
7.873560092000007,0
7.8745600920000065,10838
7.875560092000006,468380
7.876560092000007,0
7.877560092000007,368346
7.878560092000006,424822
7.879560092000006,101012
7.880560092000007,0
7.881560092000006,596120
7.8825600920000065,596120
7.883560092000007,0
7.884560092000006,921000
7.885560092000007,543442
7.886560092000007,621978
7.887560092000006,352748
7.888560092000007,673786
7.889560092000007,80546
7.8905600920000065,0
7.891560092000006,425800
7.892560092000007,0
7.893560092000007,404302
7.894560092000006,21498
7.895560092000006,512516
7.896560092000007,41024
7.897560092000006,0
7.8985600920000065,0
7.899560092000007,553540
7.900560092000006,936760
7.901560092000007,0
7.902560092000007,0
7.903560092000006,553540
7.904560092000007,497458
7.905560092000007,950262
7.9065600920000065,638700
7.907560092000006,638700
7.908560092000007,0
7.909560092000007,468380
7.910560092000006,83312
7.911560092000006,470228
7.912560092000007,425800
7.913560092000006,596120
7.9145600920000065,510960
7.915560092000007,54
7.916560092000006,638646
7.917560092000007,0
7.918560092000007,979340
7.919560092000006,425946
7.920560092000007,510814
7.921560092000007,532200
7.9225600920000065,0
7.923560092000006,553540
7.924560092000007,468380
7.925560092000007,596120
7.926560092000006,510960
7.927560092000006,1234820
7.928560092000007,155154
7.929560092000006,247646
7.9305600920000066,129400
7.931560092000007,510960
7.932560092000006,0
7.933560092000007,468380
7.934560092000007,468380
7.9355600920000064,0
7.936560092000007,0
7.937560092000007,0
7.938560092000007,596120
7.939560092000006,894180
7.940560092000007,468380
7.941560092000007,0
7.942560092000006,620330
7.9435600920000065,1082870
7.944560092000007,894180
7.945560092000006,0
7.946560092000007,0
7.947560092000007,1072172
7.948560092000006,925344
7.949560092000007,647566
7.950560092000007,590998
7.9515600920000065,0
7.952560092000007,468380
7.953560092000007,561644
7.954560092000007,460276
7.955560092000006,0
7.956560092000007,553540
7.957560092000007,468380
7.958560092000006,1064500
7.9595600920000065,553540
7.960560092000007,553540
7.961560092000006,10838
7.962560092000007,638700
7.963560092000007,1021920
7.964560092000006,340532
7.965560092000007,638808
7.966560092000007,532200
7.9675600920000065,176544
7.968560092000007,1015696
7.969560092000007,428912
7.970560092000007,82048
7.971560092000006,0
7.972560092000007,42650
7.973560092000007,425730
7.974560092000006,979340
7.9755600920000065,0
7.976560092000007,0
7.977560092000006,768466
7.978560092000007,338614
7.979560092000007,0
7.980560092000006,0
7.981560092000007,0
7.982560092000007,979340
7.9835600920000065,0
7.984560092000007,0
7.985560092000007,0
7.986560092000007,510960
7.987560092000006,219070
7.988560092000007,419630
7.989560092000007,902868
7.990560092000006,712184
7.9915600920000065,386208
7.992560092000007,425800
7.993560092000006,553540
7.994560092000007,0
7.995560092000007,492612
7.996560092000006,290846
7.997560092000007,507676
7.998560092000007,518190
7.9995600920000065,1540110
8.000560092000008,988072
8.001560092000007,1156890
8.002560092000007,518190
8.003560092000006,678936
8.004560092000007,1253126
8.005560092000007,1031246
8.006560092000006,1410274
8.007560092000006,988072
8.008560092000007,841838
8.009560092000006,1275726
8.010560092000006,630748
8.011560092000007,518190
8.012560092000006,518190
8.013560092000006,988072
8.014560092000007,1765052
8.015560092000007,1077404
8.016560092000006,821926
8.017560092000007,1308200
8.018560092000007,553540
8.019560092000006,468380
8.020560092000007,0
8.021560092000007,0
8.022560092000006,0
8.023560092000007,0
8.024560092000007,347318
8.025560092000006,184882
8.026560092000008,746768
8.027560092000007,796950
8.028560092000006,0
8.029560092000008,468380
8.030560092000007,0
8.031560092000007,553540
8.032560092000008,468380
8.033560092000007,0
8.034560092000007,468380
8.035560092000006,1021920
8.036560092000007,425800
8.037560092000007,425800
8.038560092000006,0
8.039560092000006,936760
8.040560092000007,311740
8.041560092000006,114060
8.042560092000006,192796
8.043560092000007,233004
8.044560092000006,0
8.045560092000006,0
8.046560092000007,0
8.047560092000007,215380
8.048560092000006,253000
8.049560092000007,0
8.050560092000007,425800
8.051560092000006,0
8.052560092000007,0
8.053560092000007,0
8.054560092000006,0
8.055560092000007,426394
8.056560092000007,1032164
8.057560092000006,0
8.058560092000008,0
8.059560092000007,607320
8.060560092000006,457180
8.061560092000008,468380
8.062560092000007,510960
8.063560092000007,0
8.064560092000008,0
8.065560092000007,0
8.066560092000007,0
8.067560092000006,425800
8.068560092000007,638700
8.069560092000007,0
8.070560092000006,0
8.071560092000006,320752
8.072560092000007,105048
8.073560092000006,0
8.074560092000006,425800
8.075560092000007,510960
8.076560092000006,596120
8.077560092000006,0
8.078560092000007,468380
8.079560092000007,0
8.080560092000006,0
8.081560092000007,1021920
8.082560092000007,140188
8.083560092000006,328192
8.084560092000007,343844
8.085560092000007,81956
8.086560092000006,386332
8.087560092000007,606580
8.088560092000007,249688
8.089560092000006,205120
8.090560092000008,343752
8.091560092000007,82048
8.092560092000006,523354
8.093560092000008,41024
8.094560092000007,1149660
8.095560092000007,0
8.096560092000008,425800
8.097560092000007,596120
8.098560092000007,0
8.099560092000006,555096
8.100560092000007,364456
8.101560092000007,524894
8.102560092000006,599394
8.103560092000006,0
8.104560092000007,930340
8.105560092000006,947048
8.106560092000006,652878
8.107560092000007,315476
8.108560092000006,30510
8.109560092000006,556652
8.110560092000007,82048
8.111560092000007,0
8.112560092000006,0
8.113560092000007,553540
8.114560092000007,0
8.115560092000006,0
8.116560092000007,894180
8.117560092000007,553540
8.118560092000006,467910
8.119560092000008,470
8.120560092000007,468380
8.121560092000006,0
8.122560092000008,0
8.123560092000007,0
8.124560092000007,596876
8.125560092000008,1021164
8.126560092000007,0
8.127560092000007,162
8.128560092000008,619244
8.129560092000007,695090
8.130560092000007,899664
8.131560092000006,0
8.132560092000007,1102628
8.133560092000007,813472
8.134560092000006,1192240
8.135560092000006,0
8.136560092000007,303652
8.137560092000006,335048
8.138560092000006,553540
8.139560092000007,0
8.140560092000007,606126
8.141560092000006,841594
8.142560092000007,556560
8.143560092000007,976320
8.144560092000006,0
8.145560092000007,638700
8.146560092000007,596120
8.147560092000006,0
8.148560092000007,0
8.149560092000007,596120
8.150560092000006,108
8.151560092000008,979232
8.152560092000007,510960
8.153560092000006,0
8.154560092000008,553540
8.155560092000007,0
8.156560092000007,0
8.157560092000008,468380
8.158560092000007,468380
8.159560092000007,596120
8.160560092000008,553540
8.161560092000007,520150
8.162560092000007,572958
8.163560092000006,1035892
8.164560092000007,468380
8.165560092000007,358140
8.166560092000006,237980
8.167560092000006,553540
8.168560092000007,552604
8.169560092000006,575716
8.170560092000006,553540
8.171560092000007,468380
8.172560092000007,0
8.173560092000006,470584
8.174560092000007,1019716
8.175560092000007,0
8.176560092000006,0
8.177560092000007,1244
8.178560092000007,221388
8.179560092000006,715372
8.180560092000007,794816
8.181560092000007,141944
8.182560092000006,0
8.183560092000008,0
8.184560092000007,510960
8.185560092000006,425800
8.186560092000008,0
8.187560092000007,553540
8.188560092000007,0
8.189560092000008,596120
8.190560092000007,54
8.191560092000007,468326
8.192560092000008,468380
8.193560092000007,0
8.194560092000007,425800
8.195560092000006,0
8.196560092000007,0
8.197560092000007,0
8.198560092000006,0
8.199560092000006,510960
8.200560092000007,0
8.201560092000006,468380
8.202560092000006,116356
8.203560092000007,531426
8.204560092000007,416718
8.205560092000006,979340
8.206560092000007,845522
8.207560092000007,176398
8.208560092000006,0
8.209560092000007,0
8.210560092000007,471492
8.211560092000006,82048
8.212560092000007,596120
8.213560092000007,0
8.214560092000006,908622
8.215560092000008,198458
8.216560092000007,1023164
8.217560092000006,425800
8.218560092000008,0
8.219560092000007,596120
8.220560092000007,407868
8.221560092000008,657198
8.222560092000007,20674
8.223560092000007,0
8.224560092000008,0
8.225560092000007,0
8.226560092000007,0
8.227560092000006,873914
8.228560092000007,500824
8.229560092000007,115562
8.230560092000006,428912
8.231560092000006,82048
8.232560092000007,0
8.233560092000006,1234820
8.234560092000006,0
8.235560092000007,238704
8.236560092000007,187096
8.237560092000006,0
8.238560092000007,425800
8.239560092000007,456160
8.240560092000006,76040
8.241560092000007,468380
8.242560092000007,596120
8.243560092000006,468380
8.244560092000008,0
8.245560092000007,0
8.246560092000006,938332
8.247560092000008,472994
8.248560092000007,504774
8.249560092000007,0
8.250560092000008,0
8.251560092000007,412990
8.252560092000007,481190
8.253560092000008,756288
8.254560092000007,223052
8.255560092000007,0
8.256560092000008,0
8.257560092000007,468380
8.258560092000007,638700
8.259560092000006,0
8.260560092000008,0
8.261560092000007,0
8.262560092000006,0
8.263560092000006,553540
8.264560092000007,468380
8.265560092000007,431186
8.266560092000006,516746
8.267560092000007,1465762
8.268560092000007,1036380
8.269560092000006,1206264
8.270560092000007,519692
8.271560092000007,1637016
8.272560092000006,1012012
8.273560092000007,566162
8.274560092000007,945022
8.275560092000006,944460
8.276560092000008,518190
8.277560092000007,988072
8.278560092000006,1071730
8.279560092000008,598390
8.280560092000007,907872
8.281560092000007,518190
8.282560092000008,943990
8.283560092000007,1499032
8.284560092000007,1020208
8.285560092000008,1378732
8.286560092000007,628038
8.287560092000007,468380
8.288560092000008,638700
8.289560092000007,0
8.290560092000007,638700
8.291560092000006,468380
8.292560092000008,697386
8.293560092000007,419970
8.294560092000006,543264
8.295560092000006,0
8.296560092000007,0
8.297560092000007,0
8.298560092000006,0
8.299560092000007,553540
8.300560092000007,0
8.301560092000006,929812
8.302560092000007,6948
8.303560092000007,425800
8.304560092000006,0
8.305560092000007,0
8.306560092000007,638700
8.307560092000006,0
8.308560092000008,461902
8.309560092000007,6478
8.310560092000006,468380
8.311560092000008,817000
8.312560092000007,928780
8.313560092000007,0
8.314560092000008,553540
8.315560092000007,468380
8.316560092000007,1064500
8.317560092000008,15132
8.318560092000007,895056
8.319560092000007,600238
8.320560092000008,684546
8.321560092000007,638700
8.322560092000007,553540
8.323560092000006,553540
8.324560092000008,425800
8.325560092000007,453922
8.326560092000006,525418
8.327560092000006,425800
8.328560092000007,1163324
8.329560092000007,497296
8.330560092000006,510960
8.331560092000007,553540
8.332560092000007,12178
8.333560092000006,456202
8.334560092000007,0
8.335560092000007,596120
8.336560092000006,0
8.337560092000007,0
8.338560092000007,54
8.339560092000006,553486
8.340560092000008,638700
8.341560092000007,1107080
8.342560092000006,0
8.343560092000008,0
8.344560092000007,553540
8.345560092000007,0
8.346560092000008,0
8.347560092000007,1113628
8.348560092000007,419252
8.349560092000008,96668
8.350560092000007,745298
8.351560092000007,1070228
8.352560092000008,1219538
8.353560092000007,0
8.354560092000007,468380
8.355560092000006,638700
8.356560092000008,0
8.357560092000007,179910
8.358560092000006,927170
8.359560092000006,10838
8.360560092000007,979340
8.361560092000007,520150
8.362560092000006,1097890
8.363560092000007,0
8.364560092000007,0
8.365560092000006,0
8.366560092000007,0
8.367560092000007,596120
8.368560092000006,0
8.369560092000008,427356
8.370560092000007,41186
8.371560092000006,1192136
8.372560092000008,469566
8.373560092000007,0
8.374560092000007,0
8.375560092000008,1403168
8.376560092000007,1972
8.377560092000007,0
8.378560092000008,468380
8.379560092000007,189030
8.380560092000007,449670
8.381560092000008,468380
8.382560092000007,0
8.383560092000007,0
8.384560092000008,0
8.385560092000008,0
8.386560092000007,553540
8.387560092000006,0
8.388560092000008,1244
8.389560092000007,0
8.390560092000007,0
8.391560092000006,0
8.392560092000007,468380
8.393560092000007,0
8.394560092000006,468380
8.395560092000007,0
8.396560092000007,0
8.397560092000006,0
8.398560092000007,510960
8.399560092000007,638700
8.400560092000006,119884
8.401560092000008,476236
8.402560092000007,0
8.403560092000006,0
8.404560092000008,425800
8.405560092000007,0
8.406560092000007,468380
8.407560092000008,825434
8.408560092000007,196486
8.409560092000007,0
8.410560092000008,425800
8.411560092000007,0
8.412560092000007,0
8.413560092000008,596120
8.414560092000007,596120
8.415560092000007,107236
8.416560092000008,829524
8.417560092000008,106400
8.418560092000007,0
8.419560092000006,188760
8.420560092000008,443408
8.421560092000007,262012
8.422560092000007,0
8.423560092000006,0
8.424560092000007,654534
8.425560092000007,1177650
8.426560092000006,0
8.427560092000007,54
8.428560092000007,553486
8.429560092000006,709818
8.430560092000007,269522
8.431560092000007,326906
8.432560092000006,141474
8.433560092000008,0
8.434560092000007,468380
8.435560092000006,0
8.436560092000008,20066
8.437560092000007,405734
8.438560092000007,553540
8.439560092000008,510960
8.440560092000007,468380
8.441560092000007,425800
8.442560092000008,596120
8.443560092000007,955664
8.444560092000007,526456
8.445560092000008,712852
8.446560092000007,125260
8.447560092000007,343120
8.448560092000008,165868
8.449560092000008,813472
8.450560092000007,468380
8.451560092000006,434234
8.452560092000008,593802
8.453560092000007,79044
8.454560092000007,9606
8.455560092000006,1524830
8.456560092000007,41024
8.457560092000007,511122
8.458560092000006,553378
8.459560092000007,0
8.460560092000007,979340
8.461560092000006,575562
8.462560092000007,787056
8.463560092000007,106504
8.464560092000006,425638
8.465560092000008,0
8.466560092000007,638700
8.467560092000006,0
8.468560092000008,596120
8.469560092000007,510960
8.470560092000007,0
8.471560092000008,553540
8.472560092000007,0
8.473560092000007,294504
8.474560092000008,512182
8.475560092000007,281206
8.476560092000007,144894
8.477560092000008,1600886
8.478560092000007,609226
8.479560092000007,453604
8.480560092000008,1626772
8.481560092000008,58910
8.482560092000007,458574
8.483560092000006,52386
8.484560092000008,596120
8.485560092000007,0
8.486560092000007,0
8.487560092000006,1062528
8.488560092000007,1972
8.489560092000007,44152
8.490560092000006,424228
8.491560092000007,553540
8.492560092000007,1021920
8.493560092000006,0
8.494560092000008,1234820
8.495560092000007,106400
8.496560092000006,0
8.497560092000008,425800
8.498560092000007,425800
8.499560092000007,0
8.500560092000008,0
8.501560092000007,54
8.502560092000007,1107026
8.503560092000008,553540
8.504560092000007,919764
8.505560092000007,634356
8.506560092000008,468380
8.507560092000006,468380
8.508560092000007,0
8.509560092000008,510960
8.510560092000006,42650
8.511560092000007,894110
8.512560092000008,0
8.513560092000006,0
8.514560092000007,894180
8.515560092000008,0
8.516560092000006,0
8.517560092000007,468380
8.518560092000008,533560
8.519560092000006,623086
8.520560092000007,802034
8.521560092000009,0
8.522560092000006,823354
8.523560092000007,512316
8.524560092000009,552982
8.525560092000006,429572
8.526560092000008,986570
8.527560092000007,124998
8.528560092000006,1116146
8.529560092000008,1164880
8.530560092000007,103454
8.531560092000007,425800
8.532560092000008,468380
8.533560092000007,468380
8.534560092000007,596120
8.535560092000008,510506
8.536560092000007,852054
8.537560092000007,63786
8.538560092000008,1000714
8.539560092000006,638700
8.540560092000007,0
8.541560092000008,99244
8.542560092000006,475536
8.543560092000007,273504
8.544560092000008,280036
8.545560092000006,1192240
8.546560092000007,0
8.547560092000008,468380
8.548560092000006,553540
8.549560092000007,0
8.550560092000008,0
8.551560092000006,0
8.552560092000007,1192240
8.553560092000009,0
8.554560092000006,0
8.555560092000007,425800
8.556560092000009,468380
8.557560092000006,86262
8.558560092000008,616154
8.559560092000007,362084
8.560560092000006,468380
8.561560092000008,596120
8.562560092000007,936760
8.563560092000007,553540
8.564560092000008,0
8.565560092000007,425800
8.566560092000007,425800
8.567560092000008,638862
8.568560092000007,1234658
8.569560092000007,329352
8.570560092000008,202848
8.571560092000006,510960
8.572560092000007,514072
8.573560092000008,82102
8.574560092000006,1192186
8.575560092000007,0
8.576560092000008,468380
8.577560092000006,0
8.578560092000007,425800
8.579560092000008,639266
8.580560092000006,1032678
8.581560092000007,518190
8.582560092000008,430638
8.583560092000006,468380
8.584560092000007,553540
8.585560092000009,0
8.586560092000006,0
8.587560092000007,387736
8.588560092000009,1068618
8.589560092000006,185078
8.590560092000008,111126
8.591560092000007,314674
8.592560092000006,468380
8.593560092000008,638700
8.594560092000007,468380
8.595560092000007,0
8.596560092000008,425800
8.597560092000007,1021920
8.598560092000007,0
8.599560092000008,1107080
8.600560092000007,0
8.601560092000007,54
8.602560092000008,553486
8.603560092000006,553540
8.604560092000007,0
8.605560092000008,510960
8.606560092000006,1064500
8.607560092000007,0
8.608560092000008,1021920
8.609560092000006,529654
8.610560092000007,490294
8.611560092000008,385808
8.612560092000006,595504
8.613560092000007,596120
8.614560092000008,0
8.615560092000006,613112
8.616560092000007,866852
8.617560092000009,1032256
8.618560092000006,0
8.619560092000008,0
8.620560092000009,0
8.621560092000006,425800
8.622560092000008,0
8.623560092000007,54
8.624560092000007,894126
8.625560092000008,425800
8.626560092000007,0
8.627560092000007,0
8.628560092000008,425800
8.629560092000007,469624
8.630560092000007,162
8.631560092000008,468218
8.632560092000007,0
8.633560092000007,1021920
8.634560092000008,0
8.635560092000006,1107080
8.636560092000007,1047508
8.637560092000008,635696
8.638560092000006,19996
8.639560092000007,0
8.640560092000008,0
8.641560092000006,0
8.642560092000007,425800
8.643560092000008,473064
8.644560092000006,874368
8.645560092000007,228028
8.646560092000009,979340
8.647560092000006,0
8.648560092000007,0
8.649560092000009,979340
8.650560092000006,0
8.651560092000008,0
8.652560092000009,851600
8.653560092000006,0
8.654560092000008,468380
8.655560092000007,3706
8.656560092000007,549834
8.657560092000008,638700
8.658560092000007,0
8.659560092000007,0
8.660560092000008,0
8.661560092000007,553540
8.662560092000007,510960
8.663560092000008,578220
8.664560092000007,486280
8.665560092000007,660376
8.666560092000008,1468624
8.667560092000006,1021920
8.668560092000007,425800
8.669560092000008,0
8.670560092000006,1490300
8.671560092000007,468380
8.672560092000008,553540
8.673560092000006,1315658
8.674560092000007,765960
8.675560092000008,560394
8.676560092000006,0
8.677560092000007,404302
8.678560092000009,532458
8.679560092000006,0
8.680560092000007,0
8.681560092000009,638700
8.682560092000006,0
8.683560092000008,0
8.684560092000009,1244
8.685560092000006,0
8.686560092000008,468434
8.687560092000007,894126
8.688560092000007,488554
8.689560092000008,1086906
8.690560092000007,468380
8.691560092000007,510960
8.692560092000008,0
8.693560092000007,559710
8.694560092000007,504790
8.695560092000008,468380
8.696560092000007,638700
8.697560092000007,553540
8.698560092000008,425800
8.699560092000006,468380
8.700560092000007,0
8.701560092000008,0
8.702560092000006,0
8.703560092000007,553540
8.704560092000008,0
8.705560092000006,0
8.706560092000007,0
8.707560092000008,596120
8.708560092000006,58
8.709560092000007,1029728
8.710560092000009,641024
8.711560092000006,524162
8.712560092000007,468380
8.713560092000009,425800
8.714560092000006,510960
8.715560092000008,468380
8.716560092000009,0
8.717560092000006,0
8.718560092000008,638700
8.719560092000007,0
8.720560092000007,0
8.721560092000008,162718
8.722560092000007,305662
8.723560092000007,427356
8.724560092000008,41024
8.725560092000007,21838
8.726560092000007,584850
8.727560092000008,32012
8.728560092000007,0
8.729560092000007,936760
8.730560092000008,422726
8.731560092000006,685910
8.732560092000007,466354
8.733560092000008,470
8.734560092000006,553540
8.735560092000007,553540
8.736560092000008,0
8.737560092000006,425800
8.738560092000007,0
8.739560092000008,169034
8.740560092000006,469666
8.741560092000007,510960
8.742560092000009,553540
8.743560092000006,596120
8.744560092000008,0
8.745560092000009,468380
8.746560092000006,553540
8.747560092000008,173378
8.748560092000009,1402082
8.749560092000007,0
8.750560092000008,410202
8.751560092000007,696878
8.752560092000007,0
8.753560092000008,0
8.754560092000007,894180
8.755560092000007,468380
8.756560092000008,0
8.757560092000007,0
8.758560092000007,468380
8.759560092000008,0
8.760560092000008,135990
8.761560092000007,1474070
8.762560092000008,518940
8.763560092000006,468380
8.764560092000007,125260
8.765560092000008,343120
8.766560092000006,1064500
8.767560092000007,510960
8.768560092000008,0
8.769560092000006,638700
8.770560092000007,596120
8.771560092000009,468380
8.772560092000006,0
8.773560092000007,0
8.774560092000009,638700
8.775560092000006,425800
8.776560092000008,425800
8.777560092000009,661354
8.778560092000006,1084426
8.779560092000008,0
8.780560092000009,425800
8.781560092000007,785442
8.782560092000008,236478
8.783560092000007,510960
8.784560092000007,638700
8.785560092000008,0
8.786560092000007,0
8.787560092000007,0
8.788560092000008,1234820
8.789560092000007,112
8.790560092000007,10726
8.791560092000008,1149660
8.792560092000008,979340
8.793560092000007,468380
8.794560092000008,0
8.795560092000006,518146
8.796560092000007,216606
8.797560092000008,597028
8.798560092000006,115940
8.799560092000007,486042
8.800560092000008,67552
8.801560092000006,428804
8.802560092000007,39522
8.803560092000009,48712
8.804560092000006,473086
8.805560092000007,0
8.806560092000009,468380
8.807560092000006,468380
8.808560092000008,162
8.809560092000009,595958
8.810560092000006,123758
8.811560092000008,784534
8.812560092000009,454268
8.813560092000007,0
8.814560092000008,1085944
8.815560092000007,1341170
8.816560092000007,1149606
8.817560092000008,535046
8.818560092000007,18494
8.819560092000007,462728
8.820560092000008,873634
8.821560092000007,631126
8.822560092000007,518190
8.823560092000008,1073232
8.824560092000008,624590
8.825560092000007,1114310
8.826560092000008,976672
8.827560092000006,572170
8.828560092000007,518190
8.829560092000008,520936
8.830560092000006,1310742
8.831560092000007,1428838
8.832560092000008,518190
8.833560092000006,530746
8.834560092000007,1381520
8.835560092000009,623146
8.836560092000006,519692
8.837560092000007,799420
8.838560092000009,662760
8.839560092000006,1035320
8.840560092000008,164526
8.841560092000009,1149660
8.842560092000006,468380
8.843560092000008,510960
8.844560092000009,425800
8.845560092000007,166230
8.846560092000008,259570
8.847560092000007,0
8.848560092000007,596120
8.849560092000008,979340
8.850560092000007,0
8.851560092000007,468380
8.852560092000008,0
8.853560092000007,468380
8.854560092000007,510960
8.855560092000008,593262
8.856560092000008,262698
8.857560092000007,251120
8.858560092000008,442484
8.859560092000006,111056
8.860560092000007,468380
8.861560092000008,0
8.862560092000006,0
8.863560092000007,324410
8.864560092000008,511284
8.865560092000006,654606
8.866560092000007,0
8.867560092000009,126708
8.868560092000006,454392
8.869560092000008,866620
8.870560092000009,406008
8.871560092000006,1052550
8.872560092000008,596120
8.873560092000009,0
8.874560092000007,510960
8.875560092000008,267858
8.876560092000009,200522
8.877560092000007,425800
8.878560092000008,468380
8.879560092000007,0
8.880560092000007,1078834
8.881560092000008,332222
8.882560092000007,292144
8.883560092000007,0
8.884560092000008,640938
8.885560092000008,359642
8.886560092000007,521528
8.887560092000008,33256
8.888560092000008,468380
8.889560092000007,510960
8.890560092000008,42596
8.891560092000006,809004
8.892560092000007,468380
8.893560092000008,138778
8.894560092000006,797982
8.895560092000007,702254
8.896560092000009,788046
8.897560092000006,0
8.898560092000007,638700
8.899560092000009,0
8.900560092000006,0
8.901560092000008,425800
8.902560092000009,553540
8.903560092000006,425800
8.904560092000008,106400
8.905560092000009,596120
8.906560092000007,468380
8.907560092000008,425800
8.908560092000009,468380
8.909560092000007,425800
8.910560092000008,979340
8.911560092000007,596120
8.912560092000007,298930
8.913560092000008,180288
8.914560092000007,0
8.915560092000007,510960
8.916560092000008,956340
8.917560092000008,89682
8.918560092000007,955238
8.919560092000008,425800
8.920560092000008,468380
8.921560092000007,553540
8.922560092000008,18564
8.923560092000006,407236
8.924560092000007,425800
8.925560092000008,468380
8.926560092000006,0
8.927560092000007,468380
8.928560092000009,0
8.929560092000006,468380
8.930560092000007,553540
8.931560092000009,553540
8.932560092000006,812948
8.933560092000008,677352
8.934560092000009,468380
8.935560092000006,553540
8.936560092000008,0
8.937560092000009,511068
8.938560092000007,425692
8.939560092000008,0
8.940560092000009,8104
8.941560092000007,928710
8.942560092000008,979286
8.943560092000007,468380
8.944560092000007,596120
8.945560092000008,0
8.946560092000007,468380
8.947560092000007,830972
8.948560092000008,616748
8.949560092000008,408808
8.950560092000007,616748
8.951560092000008,933124
8.952560092000008,979340
8.953560092000007,249364
8.954560092000008,688640
8.955560092000006,0
8.956560092000007,553540
8.957560092000008,0
8.958560092000006,425800
8.959560092000007,596120
8.960560092000009,638700
8.961560092000006,468380
8.962560092000007,332914
8.963560092000009,731586
8.964560092000006,1128320
8.965560092000008,468380
8.966560092000009,0
8.967560092000006,979340
8.968560092000008,10838
8.969560092000009,468380
8.970560092000007,390876
8.971560092000008,673624
8.972560092000009,0
8.973560092000007,0
8.974560092000008,0
8.975560092000007,468380
8.976560092000007,0
8.977560092000008,0
8.978560092000007,0
8.979560092000007,461902
8.980560092000008,602598
8.981560092000008,0
8.982560092000007,468434
8.983560092000008,553486
8.984560092000008,753430
8.985560092000007,1418150
8.986560092000008,553540
8.987560092000006,468380
8.988560092000007,0
8.989560092000008,542264
8.990560092000006,990616
8.991560092000007,0
8.992560092000009,0
8.993560092000006,638700
8.994560092000008,510960
8.995560092000009,468380
8.996560092000006,596120
8.997560092000008,553540
8.998560092000009,510960
8.999560092000007,596120
9.000560092000008,596120
9.001560092000009,553540
9.002560092000007,597364
9.003560092000008,0
9.004560092000009,0
9.005560092000007,0
9.006560092000008,0
9.007560092000007,0
9.008560092000007,553540
9.009560092000008,0
9.010560092000008,894180
9.011560092000007,0
9.012560092000008,596120
9.013560092000008,0
9.014560092000007,468380
9.015560092000008,596120
9.016560092000008,0
9.017560092000007,0
9.018560092000008,26074
9.019560092000006,399726
9.020560092000007,510960
9.021560092000009,468380
9.022560092000006,468380
9.023560092000007,0
9.024560092000009,468380
9.025560092000006,468380
9.026560092000008,412158
9.027560092000009,406198
9.028560092000006,515034
9.029560092000008,626846
9.030560092000009,705204
9.031560092000007,230000
9.032560092000008,425800
9.033560092000009,936760
9.034560092000007,468380
9.035560092000008,425800
9.036560092000009,596120
9.037560092000007,468380
9.038560092000008,1556
9.039560092000007,466824
9.040560092000007,0
9.041560092000008,425800
9.042560092000008,638700
9.043560092000007,425800
9.044560092000008,468380
9.045560092000008,468380
9.046560092000007,0
9.047560092000008,0
9.048560092000008,0
9.049560092000007,553540
9.050560092000008,894180
9.051560092000006,553540
9.052560092000007,0
9.053560092000009,75694
9.054560092000006,641526
9.055560092000007,761134
9.056560092000009,991286
9.057560092000006,468380
9.058560092000008,0
9.059560092000009,510960
9.060560092000006,158520
9.061560092000008,1126336
9.062560092000009,248024
9.063560092000007,468380
9.064560092000008,468380
9.065560092000009,63678
9.066560092000007,404702
9.067560092000008,0
9.06856009200001,0
9.069560092000007,553540
9.070560092000008,223792
9.071560092000007,287168
9.072560092000007,468380
9.073560092000008,1068416
9.074560092000008,812306
9.075560092000007,392948
9.076560092000008,389682
9.077560092000008,510960
9.078560092000007,0
9.079560092000008,468380
9.080560092000008,0
9.081560092000007,0
9.082560092000008,0
9.083560092000006,553540
9.084560092000007,425800
9.085560092000009,0
9.086560092000006,0
9.087560092000007,553540
9.088560092000009,510960
9.089560092000006,0
9.090560092000008,0
9.091560092000009,0
9.092560092000006,0
9.093560092000008,0
9.094560092000009,759880
9.095560092000007,510680
9.096560092000008,796672
9.097560092000009,887124
9.098560092000007,750026
9.099560092000008,435012
9.10056009200001,567798
9.101560092000007,466408
9.102560092000008,896152
9.103560092000007,544290
9.104560092000007,1031170
9.105560092000008,553540
9.106560092000008,0
9.107560092000007,0
9.108560092000008,573768
9.109560092000008,533312
9.110560092000007,0
9.111560092000008,54774
9.112560092000008,1008370
9.113560092000007,43936
9.114560092000008,0
9.115560092000006,468380
9.116560092000007,0
9.117560092000009,0
9.118560092000006,524062
9.119560092000008,29532
9.120560092000009,468326
9.121560092000006,0
9.122560092000008,553540
9.123560092000009,468380
9.124560092000007,0
9.125560092000008,553540
9.126560092000009,0
9.127560092000007,0
9.128560092000008,0
9.129560092000009,510960
9.130560092000007,0
9.131560092000008,0
9.13256009200001,157822
9.133560092000007,1042722
9.134560092000008,548700
9.135560092000008,518190
9.136560092000007,519692
9.137560092000008,704070
9.138560092000008,928430
9.139560092000007,943990
9.140560092000008,1541612
9.141560092000008,1478620
9.142560092000007,579680
9.143560092000008,519692
9.144560092000008,518190
9.145560092000007,943990
9.146560092000009,1158392
9.147560092000006,986570
9.148560092000007,1348664
9.149560092000009,1501756
9.150560092000006,730304
9.151560092000008,1625270
9.152560092000009,518190
9.153560092000006,899900
9.154560092000008,553540
9.155560092000009,1107080
9.156560092000007,750172
9.157560092000008,1208508
9.158560092000009,0
9.159560092000007,1449260
9.160560092000008,253940
9.161560092000009,386332
9.162560092000007,594564
9.163560092000008,53580
9.16456009200001,428376
9.165560092000007,91268
9.166560092000008,0
9.167560092000008,553540
9.168560092000007,596120
9.169560092000008,638700
9.170560092000008,167316
9.171560092000007,301064
9.172560092000008,1188728
9.173560092000008,344152
9.174560092000007,0
9.175560092000008,72690
9.176560092000008,395690
9.177560092000007,0
9.178560092000009,0
9.179560092000006,553540
9.180560092000007,0
9.181560092000009,161886
9.182560092000006,1370994
9.183560092000008,468380
9.184560092000009,0
9.185560092000006,0
9.186560092000008,0
9.187560092000009,468380
9.188560092000007,0
9.189560092000008,0
9.190560092000009,307326
9.191560092000007,118474
9.192560092000008,425800
9.19356009200001,0
9.194560092000007,0
9.195560092000008,425800
9.19656009200001,0
9.197560092000007,468380
9.198560092000008,479218
9.199560092000008,638700
9.200560092000007,510960
9.201560092000008,601166
9.202560092000008,974294
9.203560092000007,436476
9.204560092000008,1004766
9.205560092000008,474858
9.206560092000007,0
9.207560092000008,0
9.208560092000008,0
9.209560092000007,1064500
9.210560092000009,468380
9.211560092000006,468380
9.212560092000007,0
9.213560092000009,0
9.214560092000006,0
9.215560092000008,623750
9.216560092000009,951710
9.217560092000006,553540
9.218560092000008,553540
9.219560092000009,0
9.220560092000007,553540
9.221560092000008,0
9.222560092000009,0
9.223560092000007,0
9.224560092000008,475944
9.22556009200001,503396
9.226560092000007,0
9.227560092000008,0
9.22856009200001,596120
9.229560092000007,553540
9.230560092000008,0
9.231560092000008,462048
9.232560092000007,517292
9.233560092000008,0
9.234560092000008,0
9.235560092000007,1085582
9.236560092000008,21498
9.237560092000008,106400
9.238560092000007,307396
9.239560092000008,246144
9.240560092000008,468380
9.241560092000007,69848
9.242560092000009,952072
9.243560092000006,376580
9.244560092000008,176960
9.245560092000009,0
9.246560092000006,425800
9.247560092000008,510960
9.248560092000009,0
9.249560092000007,0
9.250560092000008,0
9.251560092000009,553540
9.252560092000007,687180
9.253560092000008,760540
9.254560092000009,882136
9.255560092000007,509178
9.256560092000008,803658
9.25756009200001,111850
9.258560092000007,441690
9.259560092000008,0
9.26056009200001,510960
9.261560092000007,425800
9.262560092000008,425800
9.263560092000008,360366
9.264560092000007,491234
9.265560092000008,596120
9.266560092000008,936760
9.267560092000007,0
9.268560092000008,0
9.269560092000008,0
9.270560092000007,0
9.271560092000009,972862
9.272560092000008,714864
9.273560092000007,398694
9.274560092000009,596120
9.275560092000006,0
9.276560092000008,0
9.277560092000009,0
9.278560092000006,0
9.279560092000008,0
9.280560092000009,553540
9.281560092000007,425800
9.282560092000008,553540
9.283560092000009,395852
9.284560092000007,540908
9.285560092000008,0
9.286560092000009,0
9.287560092000007,0
9.288560092000008,0
9.28956009200001,0
9.290560092000007,468380
9.291560092000008,284634
9.29256009200001,737340
9.293560092000007,510906
9.294560092000008,425800
9.295560092000008,425800
9.296560092000007,1023164
9.297560092000008,274914
9.298560092000008,278626
9.299560092000007,468380
9.300560092000008,0
9.301560092000008,425800
9.302560092000007,0
9.303560092000009,0
9.304560092000008,553540
9.305560092000007,486804
9.306560092000009,341314
9.307560092000006,885920
9.308560092000008,438354
9.309560092000009,436422
9.310560092000006,74538
9.311560092000008,0
9.312560092000009,0
9.313560092000007,496972
9.314560092000008,482368
9.315560092000009,0
9.316560092000007,0
9.317560092000008,0
9.31856009200001,1190
9.319560092000007,54
9.320560092000008,979340
9.32156009200001,0
9.322560092000007,468380
9.323560092000008,894180
9.32456009200001,0
9.325560092000007,0
9.326560092000008,0
9.327560092000008,543118
9.328560092000007,10422
9.329560092000008,765888
9.330560092000008,512182
9.331560092000007,278202
9.332560092000008,425800
9.333560092000008,425800
9.334560092000007,0
9.335560092000009,0
9.336560092000008,425800
9.337560092000007,979340
9.338560092000009,0
9.339560092000006,553540
9.340560092000008,0
9.341560092000009,0
9.342560092000006,0
9.343560092000008,0
9.344560092000009,1107080
9.345560092000007,0
9.346560092000008,511068
9.347560092000009,979232
9.348560092000007,0
9.349560092000008,468380
9.35056009200001,0
9.351560092000007,425800
9.352560092000008,786490
9.35356009200001,789726
9.354560092000007,1021164
9.355560092000008,611264
9.35656009200001,921616
9.357560092000007,596120
9.358560092000008,979340
9.359560092000008,0
9.360560092000007,471492
9.361560092000008,117296
9.362560092000008,1071832
9.363560092000007,0
9.364560092000008,425800
9.365560092000008,468380
9.366560092000007,57188
9.367560092000009,517650
9.368560092000008,607062
9.369560092000008,595958
9.370560092000009,45600
9.371560092000006,891160
9.372560092000008,0
9.373560092000009,510960
9.374560092000007,596120
9.375560092000008,1021920
9.376560092000009,368562
9.377560092000007,538450
9.378560092000008,352726
9.379560092000009,230562
9.380560092000007,0
9.381560092000008,896714
9.38256009200001,295526
9.383560092000007,425800
9.384560092000008,0
9.38556009200001,0
9.386560092000007,0
9.387560092000008,468380
9.38856009200001,425330
9.389560092000007,554010
9.390560092000008,369902
9.391560092000008,666622
9.392560092000007,496356
9.393560092000008,122418
9.394560092000008,473702
9.395560092000007,1064500
9.396560092000009,0
9.397560092000008,894180
9.398560092000007,54
9.399560092000009,1000526
9.400560092000008,553540
9.401560092000008,794816
9.402560092000009,141944
9.403560092000006,0
9.404560092000008,468380
9.405560092000009,0
9.406560092000007,1490300
9.407560092000008,468380
9.408560092000009,574780
9.409560092000007,468380
9.410560092000008,510960
9.411560092000009,10838
9.412560092000007,468380
9.413560092000008,10838
9.41456009200001,0
9.415560092000007,604386
9.416560092000008,1011828
9.41756009200001,640526
9.418560092000007,548454
9.419560092000008,1486736
9.42056009200001,1162514
9.421560092000007,0
9.422560092000008,498150
9.423560092000008,615100
9.424560092000007,547370
9.425560092000008,571710
9.426560092000008,24410
9.427560092000007,0
9.428560092000009,0
9.429560092000008,61144
9.430560092000007,407236
9.431560092000009,54
9.432560092000008,638646
9.433560092000008,596120
9.434560092000009,531772
9.435560092000006,106928
9.436560092000008,61252
9.437560092000009,461778
9.438560092000007,30510
9.439560092000008,556652
9.440560092000009,82048
9.441560092000007,148746
9.442560092000008,1096912
9.44356009200001,0
9.444560092000007,468380
9.445560092000008,54
9.44656009200001,510906
9.447560092000007,651640
9.448560092000008,710920
9.44956009200001,0
9.450560092000007,0
9.451560092000008,553702
9.45256009200001,638538
9.453560092000007,468380
9.454560092000008,0
9.455560092000008,0
9.456560092000007,468380
9.457560092000008,596120
9.458560092000008,638700
9.459560092000007,638700
9.460560092000009,0
9.461560092000008,936760
9.462560092000007,0
9.463560092000009,0
9.464560092000008,468380
9.465560092000008,441998
9.466560092000009,26382
9.467560092000006,0
9.468560092000008,1107080
9.469560092000009,936760
9.470560092000007,0
9.471560092000008,199274
9.472560092000009,676974
9.473560092000007,17932
9.474560092000008,425800
9.47556009200001,510960
9.476560092000007,0
9.477560092000008,596120
9.47856009200001,0
9.479560092000007,468380
9.480560092000008,425800
9.48156009200001,0
9.482560092000007,0
9.483560092000008,0
9.48456009200001,0
9.485560092000007,0
9.486560092000008,1379282
9.487560092000008,403740
9.488560092000007,827298
9.489560092000008,388520
9.490560092000008,450140
9.491560092000007,0
9.492560092000009,468380
9.493560092000008,378606
9.494560092000008,217514
9.495560092000009,54
9.496560092000008,468326
9.497560092000008,468380
9.498560092000009,465052
9.499560092000007,604570
9.500560092000008,491018
9.501560092000009,99980
9.502560092000007,0
9.503560092000008,0
9.504560092000009,553540
9.505560092000007,903484
9.506560092000008,75856
9.50756009200001,0
9.508560092000007,332352
9.509560092000008,522360
9.51056009200001,82048
9.511560092000007,596120
9.512560092000008,553540
9.51356009200001,0
9.514560092000007,239882
9.515560092000008,228498
9.51656009200001,334270
9.517560092000007,554464
9.518560092000008,5446
9.519560092000008,0
9.520560092000007,702
9.521560092000009,729636
9.522560092000008,1267448
9.523560092000007,427302
9.524560092000009,1066472
9.525560092000008,0
9.526560092000008,553540
9.527560092000009,54
9.528560092000008,425746
9.529560092000008,425800
9.530560092000009,553540
9.531560092000007,936760
9.532560092000008,425800
9.533560092000009,510960
9.534560092000007,936760
9.535560092000008,0
9.536560092000009,510960
9.537560092000007,468380
9.538560092000008,894180
9.53956009200001,54
9.540560092000007,638646
9.541560092000008,553540
9.54256009200001,0
9.543560092000007,0
9.544560092000008,553540
9.54556009200001,894180
9.546560092000007,425800
9.547560092000008,0
9.54856009200001,0
9.549560092000007,0
9.550560092000008,425800
9.551560092000008,583872
9.552560092000007,158660
9.553560092000009,492288
9.554560092000008,638700
9.555560092000007,0
9.556560092000009,0
9.557560092000008,553540
9.558560092000008,1064500
9.559560092000009,553540
9.560560092000008,553540
9.561560092000008,553540
9.562560092000009,0
9.563560092000007,638700
9.564560092000008,0
9.565560092000009,553540
9.566560092000007,997476
9.567560092000008,1039734
9.56856009200001,1112808
9.569560092000007,710424
9.570560092000008,753258
9.57156009200001,518190
9.572560092000007,943990
9.573560092000008,518190
9.57456009200001,673598
9.575560092000007,2074778
9.576560092000008,638636
9.57756009200001,519692
9.578560092000007,978590
9.579560092000008,991076
9.58056009200001,638020
9.581560092000007,1510416
9.582560092000008,1114310
9.583560092000008,945492
9.584560092000007,518190
9.585560092000009,518190
9.586560092000008,943990
9.587560092000007,1158392
9.588560092000009,640054
9.589560092000008,0
9.590560092000008,0
9.591560092000009,162
9.592560092000008,1403568
9.593560092000008,640164
9.594560092000009,979286
9.595560092000007,0
9.596560092000008,553540
9.597560092000009,106400
9.598560092000007,468380
9.599560092000008,936760
9.60056009200001,0
9.601560092000007,468380
9.602560092000008,63732
9.60356009200001,447228
9.604560092000007,0
9.605560092000008,0
9.60656009200001,553540
9.607560092000007,979340
9.608560092000008,960722
9.60956009200001,146358
9.610560092000007,272218
9.611560092000008,153582
9.61256009200001,384776
9.613560092000007,41024
9.614560092000008,0
9.615560092000008,553598
9.616560092000007,513702
9.617560092000009,41024
9.618560092000008,894180
9.619560092000008,0
9.620560092000009,755348
9.621560092000008,330392
9.622560092000008,638700
9.623560092000009,291982
9.624560092000008,176398
9.625560092000008,596120
9.626560092000009,373322
9.627560092000007,52478
9.628560092000008,553540
9.629560092000009,553540
9.630560092000007,315614
9.631560092000008,287812
9.63256009200001,509058
9.633560092000007,1017760
9.634560092000008,468380
9.63556009200001,896914
9.636560092000007,635966
9.637560092000008,468380
9.63856009200001,0
9.639560092000007,638700
9.640560092000008,425800
9.64156009200001,553540
9.642560092000007,23124
9.643560092000008,445256
9.64456009200001,0
9.645560092000007,553540
9.646560092000009,468380
9.647560092000008,469050
9.648560092000007,84490
9.649560092000009,0
9.650560092000008,120272
9.651560092000008,494212
9.652560092000009,1495328
9.653560092000008,638700
9.654560092000008,0
9.655560092000009,425800
9.656560092000008,553540
9.657560092000008,425800
9.658560092000009,0
9.659560092000007,0
9.660560092000008,0
9.661560092000009,438162
9.662560092000007,115378
9.663560092000008,0
9.66456009200001,345000
9.665560092000007,251120
9.666560092000008,0
9.66756009200001,553540
9.668560092000007,468380
9.669560092000008,0
9.67056009200001,661450
9.671560092000007,1173428
9.672560092000008,959480
9.67356009200001,1188974
9.674560092000007,0
9.675560092000008,0
9.67656009200001,979340
9.677560092000007,512516
9.678560092000009,509404
9.679560092000008,1107080
9.680560092000007,468380
9.681560092000009,1244
9.682560092000008,553540
9.683560092000008,468380
9.684560092000009,510960
9.685560092000008,318456
9.686560092000008,703464
9.687560092000009,468380
9.688560092000008,1038344
9.689560092000008,840444
9.690560092000009,518462
9.691560092000007,190008
9.692560092000008,33514
9.69356009200001,0
9.694560092000007,427356
9.695560092000008,41024
9.69656009200001,597364
9.697560092000007,425800
9.698560092000008,1064500
9.69956009200001,54
9.700560092000007,553486
9.701560092000008,1012584
9.70256009200001,187798
9.703560092000007,417712
9.704560092000008,468326
9.70556009200001,0
9.706560092000007,0
9.707560092000008,553540
9.70856009200001,74354
9.709560092000007,990200
9.710560092000009,425746
9.711560092000008,468380
9.712560092000007,147844
9.713560092000009,916656
9.714560092000008,11216
9.715560092000008,1117158
9.716560092000009,650624
9.717560092000008,795070
9.718560092000008,712260
9.719560092000009,780012
9.720560092000008,851600
9.721560092000008,0
9.722560092000009,596120
9.723560092000007,0
9.724560092000008,0
9.72556009200001,612642
9.726560092000007,835078
9.727560092000008,667816
9.72856009200001,779904
9.729560092000007,0
9.730560092000008,936760
9.73156009200001,0
9.732560092000007,338652
9.733560092000008,853588
9.73456009200001,0
9.735560092000007,638700
9.736560092000008,0
9.73756009200001,119722
9.738560092000007,348658
9.739560092000008,978870
9.74056009200001,470
9.741560092000007,0
9.742560092000009,553540
9.743560092000008,0
9.744560092000008,468380
9.745560092000009,638700
9.746560092000008,1244
9.747560092000008,0
9.748560092000009,553540
9.749560092000008,936760
9.750560092000008,468380
9.751560092000009,0
9.752560092000008,261942
9.753560092000008,845138
9.754560092000009,0
9.755560092000007,0
9.756560092000008,596120
9.75756009200001,0
9.758560092000007,553540
9.759560092000008,0
9.76056009200001,0
9.761560092000007,493984
9.762560092000008,400196
9.76356009200001,0
9.764560092000007,553540
9.765560092000008,0
9.76656009200001,544204
9.767560092000007,463890
9.768560092000008,141566
9.76956009200001,0
9.770560092000007,0
9.771560092000009,0
9.77256009200001,0
9.773560092000007,1022536
9.774560092000009,41964
9.775560092000008,563092
9.776560092000008,416248
9.777560092000009,0
9.778560092000008,0
9.779560092000008,0
9.780560092000009,0
9.781560092000008,0
9.782560092000008,0
9.783560092000009,0
9.784560092000008,425800
9.785560092000008,0
9.786560092000009,0
9.787560092000007,479164
9.788560092000008,1107134
9.78956009200001,0
9.790560092000007,498528
9.791560092000008,523392
9.79256009200001,0
9.793560092000007,468380
9.794560092000008,596120
9.79556009200001,510960
9.796560092000007,596120
9.797560092000008,0
9.79856009200001,425800
9.799560092000007,936760
9.800560092000008,0
9.80156009200001,596120
9.802560092000007,596120
9.803560092000009,0
9.80456009200001,0
9.805560092000007,0
9.806560092000009,468380
9.807560092000008,0
9.808560092000008,0
9.809560092000009,553540
9.810560092000008,468380
9.811560092000008,0
9.812560092000009,0
9.813560092000008,0
9.814560092000008,0
9.815560092000009,0
9.816560092000008,561616
9.817560092000008,485146
9.81856009200001,977836
9.819560092000007,638754
9.820560092000008,553540
9.82156009200001,135882
9.822560092000007,961424
9.823560092000008,520734
9.82456009200001,0
9.825560092000007,0
9.826560092000008,97966
9.82756009200001,925198
9.828560092000007,0
9.829560092000008,0
9.83056009200001,425800
9.831560092000007,596120
9.832560092000008,3058
9.83356009200001,1018862
9.834560092000007,425800
9.835560092000009,141944
9.83656009200001,922556
9.837560092000007,425800
9.838560092000009,944108
9.839560092000008,162972
9.840560092000008,0
9.841560092000009,468380
9.842560092000008,0
9.843560092000008,553540
9.844560092000009,0
9.845560092000008,1149660
9.846560092000008,638700
9.847560092000009,0
9.848560092000008,50322
9.849560092000008,1141918
9.85056009200001,778294
9.851560092000007,669426
9.852560092000008,638700
9.85356009200001,0
9.854560092000007,596120
9.855560092000008,851600
9.85656009200001,553540
9.857560092000007,0
9.858560092000008,0
9.85956009200001,0
9.860560092000007,0
9.861560092000008,0
9.86256009200001,468380
9.863560092000007,0
9.864560092000008,0
9.86556009200001,510960
9.866560092000007,0
9.867560092000009,0
9.86856009200001,0
9.869560092000008,979340
9.870560092000009,0
9.871560092000008,484016
9.872560092000008,26944
9.873560092000009,0
9.874560092000008,214872
9.875560092000008,807048
9.876560092000009,50160
9.877560092000008,1525300
9.878560092000008,0
9.879560092000009,425800
9.880560092000009,0
9.881560092000008,597364
9.88256009200001,0
9.883560092000007,925306
9.884560092000008,564994
9.88556009200001,746228
9.886560092000007,883612
9.887560092000008,115940
9.88856009200001,0
9.889560092000007,1145770
9.890560092000008,685170
9.89156009200001,49678
9.892560092000007,1071772
9.893560092000008,1021360
9.89456009200001,1104582
9.895560092000007,902550
9.896560092000009,626890
9.89756009200001,1016756
9.898560092000007,519746
9.899560092000009,518190
9.90056009200001,986570
9.901560092000008,518244
9.902560092000009,1073178
9.903560092000008,1028318
9.904560092000008,770882
9.905560092000009,778792
9.906560092000008,945546
9.907560092000008,559214
9.908560092000009,1027236
9.909560092000008,1027368
9.910560092000008,1369764
9.911560092000009,801524
9.912560092000009,1031414
9.913560092000008,1471472
9.91456009200001,799728
9.915560092000007,519692
9.916560092000008,518190
9.91756009200001,912702
9.918560092000007,1232260
9.919560092000008,986570
9.92056009200001,1114310
9.921560092000007,519692
9.922560092000008,863498
9.92356009200001,641262
9.924560092000007,1156890
9.925560092000008,1073232
9.92656009200001,658886
9.927560092000007,803294
9.928560092000009,1584192
9.92956009200001,518190
9.930560092000007,1298564
9.931560092000009,761238
9.93256009200001,518190
9.933560092000008,943990
9.934560092000009,1029150
9.935560092000008,519692
9.936560092000008,518190
9.937560092000009,943990
9.938560092000008,1115812
9.939560092000008,712866
9.940560092000009,733824
9.941560092000008,535182
9.942560092000008,518190
9.94356009200001,518190
9.944560092000009,975640
9.945560092000008,573202
9.94656009200001,1099922
9.947560092000007,958378
9.948560092000008,1158392
9.94956009200001,1156890
9.950560092000007,986570
9.951560092000008,519692
9.95256009200001,943990
9.953560092000007,712596
9.954560092000008,836246
9.95556009200001,1071730
9.956560092000007,1178130
9.957560092000008,518190
9.95856009200001,996306
9.959560092000007,1276396
9.960560092000009,1029150
9.96156009200001,519692
9.962560092000007,518190
9.963560092000009,641894
9.96456009200001,821788
9.965560092000008,986570
9.966560092000009,943628
9.967560092000008,1047120
9.968560092000008,1183364
9.969560092000009,518190
9.970560092000008,1114310
9.971560092000008,519692
9.972560092000009,986570
9.973560092000008,1114310
9.974560092000008,519692
9.97556009200001,1114310
9.976560092000009,1478820
9.977560092000008,751318
9.97856009200001,1029874
9.979560092000007,1028410
9.980560092000008,1114310
9.98156009200001,519692
9.982560092000007,1030814
9.983560092000008,1567600
9.98456009200001,852152
9.985560092000007,752750
9.986560092000008,2011332
9.98756009200001,1283236
9.988560092000007,986624
9.989560092000008,1582744
9.99056009200001,1540002
9.991560092000007,1541612
9.992560092000009,518248
9.99356009200001,1342690
9.994560092000008,1162456
9.995560092000009,607140
9.99656009200001,518190
9.997560092000008,988072
9.998560092000009,518190
9.999560092000008,486648
