Time(s),BytesReceived
0.500560092,15190
0.5015600920000001,419174
0.502560092,518248
0.5035600920000001,372998
0.504560092,507676
0.5055600920000001,519750
0.506560092,624648
0.5075600920000001,530330
0.508560092,518248
0.5095600920000001,519750
0.510560092,518248
0.5115600920000001,518248
0.512560092,534882
0.5135600920000001,901316
0.514560092,1455550
0.5155600920000001,1556072
0.516560092,1568154
0.5175600920000001,1660970
0.518560092,1556072
0.5195600920000001,1557574
0.520560092,1554570
0.5215600920000001,2004782
0.522560092,2071258
0.5235600920000001,1787770
0.524560092,1314834
0.5255600920000001,1037882
0.526560092,1037882
0.5275600920000001,1036380
0.528560092,1039126
0.5295600920000001,1037882
0.530560092,1036380
0.5315600920000001,1036380
0.532560092,1037882
0.5335600920000001,1037882
0.534560092,638072
0.5355600920000001,83510
0.536560092,0
0.5375600920000001,0
0.538560092,0
0.5395600920000001,0
0.540560092,0
0.5415600920000001,0
0.542560092,0
0.5435600920000001,58
0.544560092,585592
0.5455600920000001,518190
0.546560092,457052
0.5475600920000001,727080
0.548560092,720060
0.5495600920000001,372882
0.550560092,0
0.5515600920000001,18136
0.552560092,416054
0.5535600920000001,529028
0.554560092,519692
0.5555600920000001,613252
0.556560092,1000332
0.5575600920000001,1037882
0.558560092,521526
0.5595600920000001,518190
0.560560092,946372
0.5615600920000001,1141278
0.562560092,1023306
0.5635600920000001,1138274
0.564560092,1048720
0.5655600920000001,1250682
0.566560092,1036380
0.5675600920000001,1039126
0.568560092,1348908
0.5695600920000001,1557574
0.570560092,1565408
0.5715600920000001,1556072
0.572560092,1556072
0.5735600920000001,1118712
0.574560092,1249180
0.5755600920000001,1144282
0.576560092,1037882
0.5775600920000001,1036380
0.578560092,1047218
0.5795600920000001,1039384
0.580560092,1036380
0.5815600920000001,1036380
0.582560092,1039384
0.5835600920000001,666286
0.584560092,518190
0.5855600920000001,625834
0.586560092,519692
0.5875600920000001,519434
0.588560092,518190
0.5895600920000001,191654
0.590560092,333556
0.5915600920000001,638544
0.592560092,339430
0.5935600920000002,0
0.594560092,15190
0.5955600920000002,571962
0.596560092,518190
0.5975600920000002,519692
0.598560092,518190
0.5995600920000002,518190
0.600560092,519692
0.6015600920000002,519434
0.602560092,913652
0.6035600920000002,1036380
0.604560092,1497672
0.6055600920000002,1554570
0.606560092,1556072
0.6075600920000002,1557574
0.608560092,1751444
0.6095600920000002,2060744
0.610560092,2359754
0.6115600920000002,2536878
0.6125600920000001,2293886
0.6135600920000002,2049052
0.6145600920000001,2075764
0.6155600920000002,2074262
0.6165600920000001,2580458
0.6175600920000002,2080270
0.6185600920000001,2526476
0.6195600920000002,2680812
0.6205600920000001,2743478
0.6215600920000002,2749600
0.6225600920000001,2730864
0.6235600920000002,2312948
0.6245600920000001,2501726
0.6255600920000002,1729352
0.6265600920000001,1854602
0.6275600920000002,1956588
0.6285600920000001,1570060
0.6295600920000002,1695832
0.6305600920000001,1585090
0.6315600920000002,1284728
0.6325600920000001,1334656
0.6335600920000002,1214464
0.6345600920000001,1037882
0.6355600920000002,1041276
0.6365600920000001,1536952
0.6375600920000002,1371224
0.6385600920000001,1383298
0.6395600920000002,1185280
0.6405600920000001,946736
0.6415600920000002,1144774
0.6425600920000001,524522
0.6435600920000002,1059244
0.6445600920000001,568492
0.6455600920000002,1112662
0.6465600920000001,574500
0.6475600920000002,544252
0.6485600920000001,962122
0.6495600920000002,528500
0.6505600920000001,546728
0.6515600920000002,654984
0.6525600920000001,1284322
0.6535600920000002,1557914
0.6545600920000001,933764
0.6555600920000002,955652
0.6565600920000001,452156
0.6575600920000002,506286
0.6585600920000001,588542
0.6595600920000002,568904
0.6605600920000001,453604
0.6615600920000002,491690
0.6625600920000001,527202
0.6635600920000002,620326
0.6645600920000001,620326
0.6655600920000002,994642
0.6665600920000001,655342
0.6675600920000002,551704
0.6685600920000001,624590
0.6695600920000002,998506
0.6705600920000001,524722
0.6715600920000002,1277282
0.6725600920000001,1163740
0.6735600920000002,1167552
0.6745600920000001,1259794
0.6755600920000002,1235928
0.6765600920000001,1389728
0.6775600920000002,1542554
0.6785600920000001,1275588
0.6795600920000002,1039538
0.6805600920000001,1557908
0.6815600920000002,1042388
0.6825600920000001,1027368
0.6835600920000002,1024364
0.6845600920000001,1033376
0.6855600920000002,1051400
0.6865600920000001,1042388
0.6875600920000002,1040886
0.6885600920000001,1540466
0.6895600920000002,1520548
0.6905600920000001,1649196
0.6915600920000002,1699314
0.6925600920000001,1556072
0.6935600920000002,1127400
0.6945600920000001,1037882
0.6955600920000002,1688640
0.6965600920000001,2091642
0.6975600920000002,1565084
0.6985600920000001,1560578
0.6995600920000002,1670094
0.7005600920000001,1954102
0.7015600920000002,2096792
0.7025600920000001,1734380
0.7035600920000002,2003602
0.7045600920000001,1660970
0.7055600920000002,1916816
0.7065600920000001,1999854
0.7075600920000003,1796208
0.7085600920000001,1554570
0.7095600920000003,1556072
0.7105600920000001,2274210
0.7115600920000003,2019726
0.7125600920000001,1591088
0.7135600920000003,2029990
0.7145600920000001,1558044
0.7155600920000003,2109612
0.7165600920000001,1459454
0.7175600920000003,1538048
0.7185600920000002,1565408
0.7195600920000003,1068254
0.7205600920000002,1584944
0.7215600920000003,1059488
0.7225600920000002,1106412
0.7235600920000003,1345278
0.7245600920000002,1263830
0.7255600920000003,1057878
0.7265600920000002,1036380
0.7275600920000003,1155120
0.7285600920000002,1579972
0.7295600920000003,1509510
0.7305600920000002,2034820
0.7315600920000003,1444502
0.7325600920000002,1665576
0.7335600920000003,1265070
0.7345600920000002,1142838
0.7355600920000003,1037882
0.7365600920000002,1231156
0.7375600920000003,664166
0.7385600920000002,905970
0.7395600920000003,557712
0.7405600920000002,1243992
0.7415600920000003,1559076
0.7425600920000002,1266630
0.7435600920000003,1568142
0.7445600920000002,1664252
0.7455600920000003,1107498
0.7465600920000002,1459214
0.7475600920000003,1262674
0.7485600920000002,1447928
0.7495600920000003,1710778
0.7505600920000002,1400142
0.7515600920000003,1530982
0.7525600920000002,1548358
0.7535600920000003,1563582
0.7545600920000002,1983898
0.7555600920000003,1575598
0.7565600920000002,2016472
0.7575600920000003,1666658
0.7585600920000002,1556072
0.7595600920000003,2109612
0.7605600920000002,1951210
0.7615600920000003,1752232
0.7625600920000002,1272526
0.7635600920000003,1037882
0.7645600920000002,1779608
0.7655600920000003,2039738
0.7665600920000002,1666498
0.7675600920000003,1689116
0.7685600920000002,1553068
0.7695600920000003,1659070
0.7705600920000002,1596398
0.7715600920000003,1463682
0.7725600920000002,887080
0.7735600920000003,1251780
0.7745600920000002,1487106
0.7755600920000003,2139848
0.7765600920000002,1877046
0.7775600920000003,1158328
0.7785600920000002,1525426
0.7795600920000003,1106882
0.7805600920000002,1217484
0.7815600920000003,1365978
0.7825600920000002,1442450
0.7835600920000003,1110918
0.7845600920000002,1086486
0.7855600920000003,1488842
0.7865600920000002,1726774
0.7875600920000003,1703964
0.7885600920000002,983810
0.7895600920000003,1555774
0.7905600920000002,1787714
0.7915600920000003,1450786
0.7925600920000002,1594092
0.7935600920000003,1763904
0.7945600920000002,2744348
0.7955600920000003,1915714
0.7965600920000002,1601948
0.7975600920000003,1634056
0.7985600920000002,1676582
0.7995600920000003,1462180
0.8005600920000002,1506262
0.8015600920000003,2102382
0.8025600920000002,1781480
0.8035600920000003,1036380
0.8045600920000002,928970
0.8055600920000003,1408744
0.8065600920000002,1034878
0.8075600920000003,1096078
0.8085600920000002,559268
0.8095600920000003,1011862
0.8105600920000002,1412728
0.8115600920000003,2120180
0.8125600920000002,1625934
0.8135600920000003,1080462
0.8145600920000002,1696320
0.8155600920000003,1595782
0.8165600920000002,1044360
0.8175600920000003,1037882
0.8185600920000002,1391644
0.8195600920000004,1216732
0.8205600920000002,1587614
0.8215600920000004,1423712
0.8225600920000002,1046952
0.8235600920000004,1484506
0.8245600920000002,1062384
0.8255600920000004,1547340
0.8265600920000002,1067976
0.8275600920000004,1054874
0.8285600920000002,1827818
0.8295600920000004,1365372
0.8305600920000002,1460414
0.8315600920000004,1996962
0.8325600920000003,1512568
0.8335600920000004,1864192
0.8345600920000003,1495014
0.8355600920000004,1506976
0.8365600920000003,1527534
0.8375600920000004,1081440
0.8385600920000003,1036380
0.8395600920000004,1048882
0.8405600920000003,1548680
0.8415600920000004,1072482
0.8425600920000003,1053642
0.8435600920000004,1039438
0.8445600920000003,1036380
0.8455600920000004,1462180
0.8465600920000003,1493576
0.8475600920000004,1462180
0.8485600920000003,1080462
0.8495600920000004,1313330
0.8505600920000003,1750802
0.8515600920000004,1750076
0.8525600920000003,1723364
0.8535600920000004,1346206
0.8545600920000003,2170614
0.8555600920000004,2963240
0.8565600920000003,2025394
0.8575600920000004,1046894
0.8585600920000003,1045392
0.8595600920000004,1068392
0.8605600920000003,1036380
0.8615600920000004,1608052
0.8625600920000003,1431504
0.8635600920000004,1276328
0.8645600920000003,1048866
0.8655600920000004,1516572
0.8665600920000003,1087918
0.8675600920000004,1128472
0.8685600920000003,1623564
0.8695600920000004,1806300
0.8705600920000003,1730590
0.8715600920000004,1473462
0.8725600920000003,1500822
0.8735600920000004,2017844
0.8745600920000003,1543456
0.8755600920000004,1890850
0.8765600920000003,1818488
0.8775600920000004,2712730
0.8785600920000003,2758716
0.8795600920000004,2176746
0.8805600920000003,1611104
0.8815600920000004,1939646
0.8825600920000003,1722776
0.8835600920000004,2442196
0.8845600920000003,2121006
0.8855600920000004,2159634
0.8865600920000003,2521452
0.8875600920000004,2629494
0.8885600920000003,2700814
0.8895600920000004,1827392
0.8905600920000003,1915632
0.8915600920000004,2071258
0.8925600920000003,1801230
0.8935600920000004,1559076
0.8945600920000003,1559076
0.8955600920000004,1555040
0.8965600920000003,1754022
0.8975600920000004,1755296
0.8985600920000003,1565142
0.8995600920000004,1560578
0.9005600920000003,1553068
0.9015600920000004,1566586
0.9025600920000003,1610726
0.9035600920000004,2483216
0.9045600920000003,2140820
0.9055600920000004,2055392
0.9065600920000003,1436634
0.9075600920000004,1566958
0.9085600920000003,1218030
0.9095600920000004,1039384
0.9105600920000003,1374766
0.9115600920000004,1554570
0.9125600920000003,1920906
0.9135600920000004,1752238
0.9145600920000003,1586082
0.9155600920000004,1675228
0.9165600920000003,1552090
0.9175600920000004,1563582
0.9185600920000003,2327764
0.9195600920000004,2261262
0.9205600920000003,1816250
0.9215600920000004,1571216
0.9225600920000003,1574150
0.9235600920000004,1587614
0.9245600920000003,1607140
0.9255600920000004,1566178
0.9265600920000003,1835610
0.9275600920000004,2022016
0.9285600920000003,1754992
0.9295600920000004,1559076
0.9305600920000003,1559134
0.9315600920000005,1395022
0.9325600920000003,1040886
0.9335600920000005,1037882
0.9345600920000003,1110090
0.9355600920000005,1514486
0.9365600920000003,1981872
0.9375600920000005,1890288
0.9385600920000003,1647714
0.9395600920000005,2065118
0.9405600920000003,2053234
0.9415600920000005,2075764
0.9425600920000003,2537732
0.9435600920000005,2092756
0.9445600920000004,2071258
0.9455600920000005,2673386
0.9465600920000004,2075764
0.9475600920000005,2072760
0.9485600920000004,2099108
0.9495600920000005,2712360
0.9505600920000004,2680858
0.9515600920000005,2509324
0.9525600920000004,2075764
0.9535600920000005,2525650
0.9545600920000004,2549894
0.9555600920000005,2367166
0.9565600920000004,1816696
0.9575600920000005,1582076
0.9585600920000004,1566586
0.9595600920000005,1725798
0.9605600920000004,1831838
0.9615600920000005,1426900
0.9625600920000004,1464450
0.9635600920000005,1484770
0.9645600920000004,1516058
0.9655600920000005,1957824
0.9665600920000004,1488536
0.9675600920000005,1948318
0.9685600920000004,2067900
0.9695600920000005,1702156
0.9705600920000004,1509510
0.9715600920000005,1497494
0.9725600920000004,1789106
0.9735600920000005,2449762
0.9745600920000004,2388512
0.9755600920000005,1657038
0.9765600920000004,1545558
0.9775600920000005,1887912
0.9785600920000004,1879056
0.9795600920000005,2119434
0.9805600920000004,2080726
0.9815600920000005,1604136
0.9825600920000004,1556072
0.9835600920000005,1568466
0.9845600920000004,1569590
0.9855600920000005,1557574
0.9865600920000004,1661028
0.9875600920000005,1571092
0.9885600920000004,1568146
0.9895600920000005,1580158
0.9905600920000004,1583432
0.9915600920000005,1574096
0.9925600920000004,1583108
0.9935600920000005,1547060
0.9945600920000004,1541052
0.9955600920000005,1538048
0.9965600920000004,1551566
0.9975600920000005,1559076
0.9985600920000004,1571092
0.9995600920000005,1581606
1.0005600920000004,1700022
1.0015600920000005,1543724
1.0025600920000004,1198650
1.0035600920000005,1213616
1.0045600920000004,888528
1.0055600920000005,763052
1.0065600920000004,588784
1.0075600920000005,1131288
1.0085600920000004,1194218
1.0095600920000005,733416
1.0105600920000004,1021526
1.0115600920000005,1188136
1.0125600920000004,802736
1.0135600920000005,522696
1.0145600920000004,536214
1.0155600920000005,545334
1.0165600920000004,524198
1.0175600920000005,538960
1.0185600920000004,734590
1.0195600920000005,1023566
1.0205600920000004,433232
1.0215600920000005,25588
1.0225600920000004,251852
1.0235600920000005,306520
1.0245600920000004,615820
1.0255600920000005,635436
1.0265600920000004,304906
1.0275600920000005,302180
1.0285600920000004,1614
1.0295600920000005,15074
1.0305600920000004,30152
1.0315600920000005,420560
1.0325600920000004,552328
1.0335600920000005,194256
1.0345600920000004,389018
1.0355600920000005,516688
1.0365600920000004,179864
1.0375600920000005,0
1.0385600920000004,225802
1.0395600920000005,240660
1.0405600920000004,464700
1.0415600920000005,621940
1.0425600920000004,565954
1.0435600920000005,521194
1.0445600920000004,521194
1.0455600920000006,628064
1.0465600920000004,519434
1.0475600920000006,1132198
1.0485600920000004,1257984
1.0495600920000006,1058910
1.0505600920000004,1089420
1.0515600920000006,1173062
1.0525600920000004,1284210
1.0535600920000006,1410378
1.0545600920000004,1491868
1.0555600920000006,1502524
1.0565600920000005,1506506
1.0575600920000006,1515988
1.0585600920000005,1515518
1.0595600920000006,1520024
1.0605600920000005,1515518
1.0615600920000006,1068822
1.0625600920000005,1006340
1.0635600920000006,1421156
1.0645600920000005,1020798
1.0655600920000006,1010962
1.0665600920000005,1012348
1.0675600920000006,1013908
1.0685600920000005,780196
1.0695600920000006,497162
1.0705600920000005,497162
1.0715600920000006,606920
1.0725600920000005,941866
1.0735600920000006,998854
1.0745600920000005,661212
1.0755600920000006,815698
1.0765600920000005,1018414
1.0775600920000006,769356
1.0785600920000005,614076
1.0795600920000006,504672
1.0805600920000005,612574
1.0815600920000006,509178
1.0825600920000005,503228
1.0835600920000006,1021230
1.0845600920000005,1033700
1.0855600920000006,1003780
1.0865600920000005,1299586
1.0875600920000006,883886
1.0885600920000005,509178
1.0895600920000006,507676
1.0905600920000005,912296
1.0915600920000006,1025866
1.0925600920000005,670224
1.0935600920000006,506174
1.0945600920000005,506174
1.0955600920000006,509178
1.0965600920000005,507676
1.0975600920000006,507676
1.0985600920000005,515510
1.0995600920000006,503170
1.1005600920000005,471628
1.1015600920000006,512236
1.1025600920000005,507676
1.1035600920000006,500166
1.1045600920000005,521518
1.1055600920000006,507418
1.1065600920000005,504672
1.1075600920000006,495660
1.1085600920000005,504996
1.1095600920000006,485146
1.1105600920000005,482200
1.1115600920000006,710566
1.1125600920000005,884678
1.1135600920000006,945148
1.1145600920000005,625792
1.1155600920000006,503282
1.1165600920000005,563008
1.1175600920000006,992904
1.1185600920000005,985312
1.1195600920000006,563582
1.1205600920000005,590722
1.1215600920000006,811080
1.1225600920000005,1184594
1.1235600920000006,550064
1.1245600920000005,525700
1.1255600920000006,519692
1.1265600920000005,521194
1.1275600920000006,533534
1.1285600920000005,517012
1.1295600920000006,410428
1.1305600920000005,384512
1.1315600920000006,465620
1.1325600920000005,638350
1.1335600920000006,515186
1.1345600920000005,516746
1.1355600920000006,773208
1.1365600920000005,743738
1.1375600920000006,437082
1.1385600920000005,489394
1.1395600920000006,510680
1.1405600920000005,597908
1.1415600920000006,532856
1.1425600920000005,545284
1.1435600920000006,1024418
1.1445600920000005,1139776
1.1455600920000006,1022974
1.1465600920000005,1480972
1.1475600920000006,1554570
1.1485600920000005,1170714
1.1495600920000006,1031874
1.1505600920000005,1030372
1.1515600920000006,1010846
1.1525600920000005,968790
1.1535600920000006,955272
1.1545600920000005,1338394
1.1555600920000006,1698520
1.1565600920000005,1346124
1.1575600920000007,1034878
1.1585600920000005,1035260
1.1595600920000007,1030372
1.1605600920000005,1046894
1.1615600920000007,1036434
1.1625600920000005,1034878
1.1635600920000007,1232598
1.1645600920000005,1025920
1.1655600920000007,892320
1.1665600920000005,534766
1.1675600920000007,540720
1.1685600920000005,558744
1.1695600920000007,541814
1.1705600920000006,518244
1.1715600920000007,518190
1.1725600920000006,518190
1.1735600920000007,516688
1.1745600920000006,839730
1.1755600920000007,588452
1.1765600920000006,269780
1.1775600920000007,10838
1.1785600920000006,386126
1.1795600920000007,516688
1.1805600920000006,512142
1.1815600920000007,488150
1.1825600920000006,485478
1.1835600920000007,12340
1.1845600920000006,0
1.1855600920000007,0
1.1865600920000006,0
1.1875600920000007,0
1.1885600920000006,1302
1.1895600920000007,0
1.1905600920000006,58
1.1915600920000007,107902
1.1925600920000006,0
1.1935600920000007,0
1.1945600920000006,0
1.1955600920000007,0
1.1965600920000006,1302
1.1975600920000007,58
1.1985600920000006,3004
1.1995600920000007,11916
1.2005600920000006,15128
1.2015600920000007,54
1.2025600920000006,4506
1.2035600920000007,12016
1.2045600920000006,12016
1.2055600920000007,10514
1.2065600920000006,21028
1.2075600920000007,827938
1.2085600920000006,1312210
1.2095600920000007,1482174
1.2105600920000006,1084776
1.2115600920000007,922228
1.2125600920000006,1209110
1.2135600920000007,1255672
1.2145600920000006,1251166
1.2155600920000007,1114866
1.2165600920000006,1510882
1.2175600920000007,1550064
1.2185600920000006,1565084
1.2195600920000007,1548562
1.2205600920000006,1542554
1.2215600920000007,1578344
1.2225600920000006,1556072
1.2235600920000007,1557632
1.2245600920000006,1536546
1.2255600920000007,1420892
1.2265600920000006,1494490
1.2275600920000007,1749942
1.2285600920000006,1316298
1.2295600920000007,1037882
1.2305600920000006,1037940
1.2315600920000007,1320370
1.2325600920000006,1557574
1.2335600920000007,1322150
1.2345600920000006,1040628
1.2355600920000007,1037512
1.2365600920000006,1037994
1.2375600920000007,770006
1.2385600920000006,518190
1.2395600920000007,521194
1.2405600920000006,518190
1.2415600920000007,489652
1.2425600920000006,636664
1.2435600920000007,644058
1.2445600920000006,519692
1.2455600920000007,519692
1.2465600920000006,636930
1.2475600920000007,518190
1.2485600920000006,519692
1.2495600920000007,582888
1.2505600920000006,884678
1.2515600920000007,1249776
1.2525600920000006,1587696
1.2535600920000007,1216952
1.2545600920000006,950766
1.2555600920000007,972118
1.2565600920000006,964284
1.2575600920000007,965786
1.2585600920000006,965786
1.2595600920000007,978126
1.2605600920000006,961280
1.2615600920000007,964284
1.2625600920000006,964342
1.2635600920000007,961280
1.2645600920000006,977856
1.2655600920000007,1001834
1.2665600920000006,1051512
1.2675600920000007,1136872
1.2685600920000006,1390538
1.2695600920000008,1076988
1.2705600920000006,1051454
1.2715600920000008,1070668
1.2725600920000006,1155038
1.2735600920000008,681252
1.2745600920000006,596406
1.2755600920000008,655400
1.2765600920000006,1042608
1.2775600920000008,1478304
1.2785600920000006,1143130
1.2795600920000008,1318402
1.2805600920000006,1542554
1.2815600920000008,1419834
1.2825600920000007,1517020
1.2835600920000008,1591088
1.2845600920000007,1566378
1.2855600920000008,1518576
1.2865600920000007,1565138
1.2875600920000008,1155582
1.2885600920000007,1464984
1.2895600920000008,1036380
1.2905600920000007,1050164
1.2915600920000008,1128114
1.2925600920000007,1055606
1.2935600920000008,1052902
1.2945600920000007,1048454
1.2955600920000008,1050056
1.2965600920000007,1159356
1.2975600920000008,1530478
1.2985600920000007,1450932
1.2995600920000008,1356638
1.3005600920000007,934446
1.3015600920000008,761514
1.3025600920000007,1024476
1.3035600920000008,1425398
1.3045600920000007,926936
1.3055600920000008,519804
1.3065600920000007,521306
1.3075600920000008,639664
1.3085600920000007,1053068
1.3095600920000008,1533542
1.3105600920000007,1173672
1.3115600920000008,531762
1.3125600920000007,534770
1.3135600920000008,543408
1.3145600920000007,534304
1.3155600920000008,518190
1.3165600920000007,519692
1.3175600920000008,928160
1.3185600920000007,1028870
1.3195600920000008,417888
1.3205600920000007,1560
1.3215600920000008,58
1.3225600920000007,0
1.3235600920000008,1502
1.3245600920000007,1132
1.3255600920000008,470
1.3265600920000007,511014
1.3275600920000008,42634
1.3285600920000007,12340
1.3295600920000008,25588
1.3305600920000007,12340
1.3315600920000008,27148
1.3325600920000007,510596
1.3335600920000008,515240
1.3345600920000007,521194
1.3355600920000008,518190
1.3365600920000007,518190
1.3375600920000008,530530
1.3385600920000007,627336
1.3395600920000008,521194
1.3405600920000007,624590
1.3415600920000008,530530
1.3425600920000007,518190
1.3435600920000008,519692
1.3445600920000007,519692
1.3455600920000008,519434
1.3465600920000007,635428
1.3475600920000008,519692
1.3485600920000007,518190
1.3495600920000008,512182
1.3505600920000007,492656
1.3515600920000008,542222
1.3525600920000007,528704
1.3535600920000008,98530
1.3545600920000007,0
1.3555600920000008,1502
1.3565600920000007,58
1.3575600920000008,308022
1.3585600920000007,512182
1.3595600920000008,523140
1.3605600920000007,510680
1.3615600920000008,324394
1.3625600920000007,0
1.3635600920000008,398142
1.3645600920000007,567922
1.3655600920000008,971794
1.3665600920000007,1142780
1.3675600920000008,587614
1.3685600920000007,521194
1.3695600920000008,529028
1.3705600920000007,519692
1.3715600920000008,519692
1.3725600920000007,518190
1.3735600920000008,618936
1.3745600920000007,525346
1.3755600920000008,772140
1.3765600920000007,1027368
1.3775600920000008,847460
1.3785600920000007,519692
1.3795600920000008,523940
1.3805600920000007,647474
1.3815600920000009,1016596
1.3825600920000007,1007254
1.3835600920000009,1404234
1.3845600920000007,814908
1.3855600920000009,458690
1.3865600920000007,117184
1.3875600920000009,7618
1.3885600920000007,12016
1.3895600920000009,24144
1.3905600920000007,146954
1.3915600920000009,301874
1.3925600920000007,1202826
1.3935600920000009,1067976
1.3945600920000008,126124
1.3955600920000009,383220
1.3965600920000008,25642
1.3975600920000009,38020
1.3985600920000008,15020
1.3995600920000009,6478
1.4005600920000008,358718
1.4015600920000009,35070
1.4025600920000008,25534
1.4035600920000009,474858
1.4045600920000008,85160
1.4055600920000009,352710
1.4065600920000008,174868
1.4075600920000009,494158
1.4085600920000008,522696
1.4095600920000009,611426
1.4105600920000008,540366
1.4115600920000009,522908
1.4125600920000008,1209780
1.4135600920000009,569470
1.4145600920000008,863806
1.4155600920000009,548396
1.4165600920000008,571230
1.4175600920000009,1221918
1.4185600920000008,1099372
1.4195600920000009,1245548
1.4205600920000008,1124452
1.4215600920000009,997142
1.4225600920000008,573872
1.4235600920000009,547668
1.4245600920000008,989316
1.425560092000001,545334
1.4265600920000008,568226
1.427560092000001,853792
1.4285600920000008,97500
1.429560092000001,33044
1.4305600920000008,470
1.431560092000001,129284
1.4325600920000008,495402
1.433560092000001,464450
1.4345600920000008,0
1.435560092000001,553540
1.4365600920000008,0
1.437560092000001,342196
1.4385600920000008,57342
1.439560092000001,388480
1.4405600920000008,1038328
1.441560092000001,1037428
1.4425600920000008,1069894
1.443560092000001,652200
1.4445600920000008,518190
1.445560092000001,1009366
1.4465600920000008,595316
1.447560092000001,900378
1.4485600920000008,521248
1.449560092000001,748578
1.4505600920000008,1320122
1.451560092000001,1077216
1.4525600920000008,676930
1.453560092000001,961602
1.4545600920000008,620850
1.455560092000001,554238
1.4565600920000008,812976
1.457560092000001,935166
1.4585600920000008,1031928
1.459560092000001,1040886
1.4605600920000008,1224712
1.461560092000001,1701524
1.4625600920000008,1554570
1.463560092000001,1940794
1.4645600920000008,1680496
1.465560092000001,1731368
1.4665600920000008,1801450
1.467560092000001,1646532
1.4685600920000008,1928400
1.469560092000001,1562080
1.4705600920000008,1569860
1.471560092000001,1665530
1.4725600920000008,1554570
1.473560092000001,1553068
1.4745600920000008,1566586
1.475560092000001,1862592
1.4765600920000008,2110422
1.477560092000001,2888458
1.4785600920000008,2905768
1.479560092000001,1952764
1.4805600920000008,1557632
1.481560092000001,1349696
1.4825600920000008,1054458
1.483560092000001,1045392
1.4845600920000008,1055906
1.485560092000001,1063416
1.4865600920000008,1073930
1.487560092000001,1104082
1.4885600920000008,1611404
1.489560092000001,1668722
1.4905600920000008,1394724
1.491560092000001,1790248
1.4925600920000008,1707656
1.493560092000001,1544580
1.4945600920000008,1428700
1.495560092000001,1505062
1.4965600920000008,1250248
1.497560092000001,557574
1.4985600920000008,530530
1.499560092000001,521252
1.5005600920000008,911826
1.501560092000001,1144024
1.5025600920000008,701766
1.503560092000001,522696
1.5045600920000008,533680
1.505560092000001,913128
1.5065600920000009,1293354
1.507560092000001,1355630
1.5085600920000009,1413176
1.509560092000001,1122988
1.5105600920000009,1044360
1.511560092000001,1415206
1.5125600920000009,1198562
1.513560092000001,1072428
1.5145600920000009,1038352
1.515560092000001,1519618
1.5165600920000009,1481966
1.517560092000001,1587372
1.5185600920000009,1185152
1.519560092000001,1442238
1.5205600920000009,1115478
1.521560092000001,1074782
1.5225600920000009,1251868
1.523560092000001,1672130
1.5245600920000009,1464622
1.525560092000001,1806332
1.5265600920000009,630238
1.527560092000001,1071730
1.5285600920000009,1030652
1.529560092000001,1114310
1.5305600920000009,997408
1.531560092000001,1041490
1.5325600920000009,586374
1.533560092000001,1471926
1.5345600920000009,518190
1.535560092000001,963424
1.5365600920000009,1382574
1.537560092000001,1621932
1.5385600920000009,638740
1.539560092000001,949998
1.5405600920000009,954828
1.541560092000001,519692
1.5425600920000009,943990
1.543560092000001,560828
1.5445600920000009,998224
1.545560092000001,631272
1.5465600920000009,889448
1.547560092000001,860758
1.5485600920000009,1033376
1.549560092000001,1868276
1.550560092000001,1613676
1.551560092000001,1454936
1.552560092000001,1746624
1.553560092000001,1648072
1.554560092000001,1517344
1.555560092000001,1571092
1.556560092000001,1590618
1.557560092000001,1583108
1.558560092000001,1577158
1.559560092000001,1574096
1.560560092000001,1601132
1.561560092000001,1529036
1.562560092000001,1580104
1.563560092000001,1851532
1.564560092000001,2414594
1.565560092000001,2003292
1.566560092000001,1628168
1.567560092000001,1584610
1.568560092000001,1851820
1.569560092000001,2088362
1.570560092000001,2649546
1.571560092000001,2209366
1.572560092000001,1806774
1.573560092000001,1514016
1.574560092000001,1932306
1.575560092000001,1539132
1.576560092000001,2131040
1.577560092000001,1530538
1.578560092000001,1532040
1.579560092000001,2024452
1.580560092000001,1742320
1.581560092000001,2226698
1.582560092000001,2068744
1.583560092000001,2707040
1.584560092000001,2961686
1.585560092000001,2966450
1.586560092000001,3084270
1.587560092000001,3122938
1.588560092000001,3122936
1.589560092000001,3121264
1.590560092000001,3122658
1.591560092000001,3124106
1.592560092000001,3122304
1.593560092000001,3122658
1.594560092000001,2522190
1.595560092000001,2427232
1.596560092000001,2428734
1.597560092000001,2566918
1.598560092000001,2654990
1.599560092000001,3049004
1.600560092000001,2651470
1.601560092000001,2705426
1.602560092000001,3067984
1.603560092000001,2447870
1.604560092000001,1826208
1.605560092000001,1724408
1.606560092000001,1678058
1.607560092000001,1335610
1.608560092000001,1109720
1.609560092000001,1084502
1.610560092000001,1147552
1.611560092000001,1209280
1.612560092000001,1786924
1.613560092000001,2127666
1.614560092000001,1594146
1.615560092000001,1476520
1.616560092000001,1446168
1.617560092000001,1493458
1.618560092000001,1502470
1.619560092000001,1926752
1.620560092000001,1713836
1.621560092000001,1931950
1.622560092000001,2118048
1.623560092000001,2022994
1.624560092000001,2121314
1.625560092000001,2561346
1.626560092000001,2973960
1.627560092000001,3110642
1.628560092000001,2987552
1.629560092000001,2804234
1.630560092000001,2824038
1.631560092000001,2524604
1.632560092000001,2402652
1.633560092000001,2143354
1.634560092000001,2093846
1.635560092000001,2088046
1.636560092000001,2072760
1.637560092000001,2089606
1.638560092000001,2182164
1.639560092000001,2074262
1.640560092000001,2161490
1.641560092000001,2323352
1.642560092000001,2635090
1.643560092000001,2872480
1.644560092000001,2583440
1.645560092000001,2155046
1.646560092000001,2202320
1.647560092000001,1780156
1.648560092000001,2027754
1.649560092000001,1597422
1.650560092000001,1539550
1.651560092000001,1998448
1.652560092000001,1528112
1.653560092000001,2026170
1.654560092000001,2173274
1.655560092000001,2166180
1.656560092000001,2074754
1.657560092000001,1553392
1.658560092000001,1544056
1.659560092000001,2155416
1.660560092000001,2947922
1.661560092000001,2263422
1.662560092000001,2521102
1.663560092000001,2352796
1.664560092000001,2898818
1.665560092000001,2131924
1.666560092000001,2074262
1.667560092000001,2163944
1.668560092000001,2428670
1.669560092000001,2065250
1.670560092000001,2477532
1.671560092000001,2078768
1.672560092000001,2335458
1.673560092000001,2228406
1.674560092000001,2005640
1.6755600920000011,2029202
1.676560092000001,2069756
1.6775600920000011,2069756
1.678560092000001,2176156
1.6795600920000011,2431532
1.680560092000001,1919894
1.6815600920000011,2163080
1.682560092000001,1715724
1.6835600920000011,1489010
1.684560092000001,2314504
1.6855600920000011,2419986
1.686560092000001,2037738
1.6875600920000011,2894226
1.688560092000001,2319528
1.6895600920000011,1667552
1.690560092000001,1494490
1.6915600920000011,1505004
1.692560092000001,1500498
1.6935600920000011,1606640
1.694560092000001,1497494
1.6955600920000011,1497494
1.696560092000001,1502000
1.6975600920000011,1675990
1.698560092000001,1566586
1.6995600920000011,1557898
1.700560092000001,1620770
1.7015600920000011,1593592
1.702560092000001,1554570
1.7035600920000011,1547060
1.704560092000001,1531782
1.7055600920000011,1644690
1.706560092000001,1686746
1.7075600920000011,1789530
1.708560092000001,1817420
1.7095600920000011,1662714
1.710560092000001,1551566
1.7115600920000011,2217388
1.712560092000001,2104302
1.7135600920000011,2046518
1.714560092000001,2217400
1.7155600920000011,2259472
1.716560092000001,2162880
1.7175600920000011,2387854
1.718560092000001,2958102
1.7195600920000012,2589448
1.720560092000001,2778640
1.7215600920000012,2531382
1.722560092000001,2187494
1.7235600920000012,2106952
1.724560092000001,2190028
1.7255600920000012,2555372
1.726560092000001,2983956
1.7275600920000012,2979654
1.728560092000001,2697030
1.7295600920000012,2608974
1.730560092000001,2606440
1.7315600920000012,2596958
1.732560092000001,2214410
1.7335600920000012,2472956
1.734560092000001,2497490
1.7355600920000012,2582632
1.736560092000001,3088224
1.7375600920000012,3123272
1.738560092000001,2916776
1.7395600920000012,2069756
1.740560092000001,1876800
1.7415600920000012,1556072
1.742560092000001,1582042
1.7435600920000012,2061752
1.744560092000001,1847800
1.7455600920000012,1593530
1.746560092000001,1641798
1.7475600920000012,2034968
1.748560092000001,2421180
1.7495600920000012,2279382
1.750560092000001,2640142
1.7515600920000012,2500656
1.752560092000001,2542048
1.7535600920000012,2074262
1.754560092000001,2075764
1.7555600920000012,2230140
1.756560092000001,2591780
1.7575600920000012,2622018
1.758560092000001,2164144
1.7595600920000012,2153626
1.760560092000001,2202014
1.7615600920000012,1758186
1.762560092000001,1550534
1.7635600920000012,1998502
1.764560092000001,1657700
1.7655600920000012,1563582
1.766560092000001,1551778
1.7675600920000012,2333044
1.768560092000001,1690704
1.7695600920000012,1280676
1.770560092000001,1916828
1.7715600920000012,1550064
1.772560092000001,1562134
1.7735600920000012,1563582
1.774560092000001,1847200
1.7755600920000012,1651438
1.776560092000001,1588192
1.7775600920000012,1688360
1.778560092000001,1990620
1.7795600920000012,2063896
1.780560092000001,2007888
1.7815600920000012,1898876
1.782560092000001,1593622
1.7835600920000012,1577100
1.784560092000001,1620658
1.7855600920000012,1591088
1.786560092000001,1551566
1.7875600920000012,1557574
1.788560092000001,1841862
1.7895600920000012,1709654
1.790560092000001,2249278
1.7915600920000012,1781916
1.792560092000001,1795692
1.7935600920000012,1554570
1.794560092000001,1728914
1.7955600920000012,2062246
1.796560092000001,1970956
1.7975600920000012,1505004
1.798560092000001,1492988
1.7995600920000012,1488482
1.8005600920000011,1492988
1.8015600920000012,1520024
1.8025600920000011,1548562
1.8035600920000012,1625746
1.8045600920000011,2043478
1.8055600920000012,1586220
1.8065600920000011,1697018
1.8075600920000012,1568558
1.8085600920000011,1944960
1.8095600920000012,2071258
1.8105600920000011,2080740
1.8115600920000012,2074262
1.8125600920000011,2180662
1.8135600920000012,1867832
1.8145600920000011,2032594
1.8155600920000012,1612440
1.8165600920000011,1562080
1.8175600920000012,1631342
1.8185600920000011,1972180
1.8195600920000012,2197130
1.8205600920000011,1702152
1.8215600920000012,1949412
1.8225600920000011,2524658
1.8235600920000012,2346456
1.8245600920000011,1616484
1.8255600920000012,1559076
1.8265600920000011,1557574
1.8275600920000012,1556072
1.8285600920000011,1572706
1.8295600920000012,1367312
1.8305600920000011,1245324
1.8315600920000012,1542554
1.8325600920000011,1550122
1.8335600920000013,2114390
1.8345600920000011,1614462
1.8355600920000013,1356638
1.8365600920000011,1153648
1.8375600920000013,1526032
1.8385600920000011,1523360
1.8395600920000013,1039126
1.8405600920000011,1048932
1.8415600920000013,1795212
1.8425600920000011,1554624
1.8435600920000013,1766464
1.8445600920000012,2065250
1.8455600920000013,2075764
1.8465600920000012,2323706
1.8475600920000013,2581996
1.8485600920000012,2821200
1.8495600920000013,2586444
1.8505600920000012,2209774
1.8515600920000013,1899428
1.8525600920000012,1554570
1.8535600920000013,1545558
1.8545600920000012,1677492
1.8555600920000013,1556072
1.8565600920000012,1689862
1.8575600920000013,1941372
1.8585600920000012,1557574
1.8595600920000013,1556072
1.8605600920000012,1556072
1.8615600920000013,1557632
1.8625600920000012,1181796
1.8635600920000013,1052956
1.8645600920000012,931640
1.8655600920000013,544048
1.8665600920000012,539218
1.8675600920000013,660638
1.8685600920000012,544818
1.8695600920000013,518244
1.8705600920000012,519692
1.8715600920000013,814520
1.8725600920000012,1041210
1.8735600920000013,812914
1.8745600920000012,519692
1.8755600920000013,521194
1.8765600920000012,567868
1.8775600920000013,454150
1.8785600920000012,0
1.8795600920000013,3004
1.8805600920000012,550054
1.8815600920000013,577350
1.8825600920000012,453270
1.8835600920000013,54
1.8845600920000012,0
1.8855600920000013,42580
1.8865600920000012,466462
1.8875600920000013,36518
1.8885600920000012,9224
1.8895600920000013,0
1.8905600920000012,0
1.8915600920000013,0
1.8925600920000012,4560
1.8935600920000013,9012
1.8945600920000012,27036
1.8955600920000013,289644
1.8965600920000012,329208
1.8975600920000013,557636
1.8985600920000012,992748
1.8995600920000013,498776
1.9005600920000012,527172
1.9015600920000013,663996
1.9025600920000012,991320
1.9035600920000013,845958
1.9045600920000012,530318
1.9055600920000013,654684
1.9065600920000012,997328
1.9075600920000013,966118
1.9085600920000012,495660
1.9095600920000013,608068
1.9105600920000012,501668
1.9115600920000013,497432
1.9125600920000012,603562
1.9135600920000013,922962
1.9145600920000012,497162
1.9155600920000013,605064
1.9165600920000012,511004
1.9175600920000013,498664
1.9185600920000012,970516
1.9195600920000013,1267446
1.9205600920000012,1527534
1.9215600920000013,1367206
1.9225600920000012,1147610
1.9235600920000013,1025866
1.9245600920000012,1030372
1.9255600920000013,1028870
1.9265600920000012,1028870
1.9275600920000013,1026336
1.9285600920000012,1459500
1.9295600920000013,1022862
1.9305600920000012,1033430
1.9315600920000013,1060624
1.9325600920000012,1022862
1.9335600920000013,1024364
1.9345600920000012,1471840
1.9355600920000013,1025866
1.9365600920000012,1621986
1.9375600920000013,1307200
1.9385600920000012,1404472
1.9395600920000013,1299190
1.9405600920000012,1039876
1.9415600920000013,614076
1.9425600920000012,1403358
1.9435600920000013,749610
1.9445600920000012,1025554
1.9455600920000014,1851556
1.9465600920000012,560624
1.9475600920000014,921152
1.9485600920000012,1076544
1.9495600920000014,936534
1.9505600920000012,551704
1.9515600920000014,510680
1.9525600920000012,1149380
1.9535600920000014,1064220
1.9545600920000012,1106800
1.9555600920000014,510738
1.9565600920000012,511866
1.9575600920000014,618324
1.9585600920000013,1150882
1.9595600920000014,1299692
1.9605600920000013,1614704
1.9615600920000014,1816200
1.9625600920000013,523020
1.9635600920000014,512182
1.9645600920000013,982064
1.9655600920000014,1226802
1.9665600920000013,1491862
1.9675600920000014,1534012
1.9685600920000013,1563906
1.9695600920000014,1550064
1.9705600920000013,2018444
1.9715600920000014,2265974
1.9725600920000013,2650610
1.9735600920000014,2025444
1.9745600920000013,1661024
1.9755600920000014,1553538
1.9765600920000013,1550064
1.9775600920000014,1970504
1.9785600920000013,2111710
1.9795600920000014,1548562
1.9805600920000013,2015440
1.9815600920000014,1548562
1.9825600920000013,1579250
1.9835600920000014,2276592
1.9845600920000013,2604602
1.9855600920000014,2351750
1.9865600920000013,1297126
1.9875600920000014,1009324
1.9885600920000013,615466
1.9895600920000014,1268150
1.9905600920000013,1018680
1.9915600920000014,1104060
1.9925600920000013,951554
1.9935600920000014,548700
1.9945600920000013,1371234
1.9955600920000014,661220
1.9965600920000013,891512
1.9975600920000014,778962
1.9985600920000013,1039730
1.9995600920000014,543016
2.0005600920000015,851654
2.0015600920000014,10838
2.0025600920000013,0
2.0035600920000016,596120
2.004560092000001,6062
2.0055600920000014,36518
2.0065600920000013,0
2.007560092000001,0
2.0085600920000015,0
2.0095600920000014,0
2.0105600920000013,244766
2.0115600920000016,224858
2.012560092000001,12070
2.0135600920000014,434660
2.0145600920000013,924314
2.015560092000001,291628
2.0165600920000015,7564
2.0175600920000014,22530
2.0185600920000013,389600
2.0195600920000016,1495406
2.020560092000001,710778
2.0215600920000014,463114
2.0225600920000013,534712
2.023560092000001,747052
2.0245600920000015,106400
2.0255600920000014,0
2.0265600920000013,13572
2.0275600920000016,153316
2.028560092000001,574346
2.0295600920000014,495638
2.0305600920000013,10838
2.031560092000001,236462
2.0325600920000015,274498
2.0335600920000014,57246
2.0345600920000013,494212
2.0355600920000017,599410
2.036560092000001,1707188
2.0375600920000014,1577570
2.0385600920000013,1430560
2.039560092000001,1048450
2.0405600920000015,1158154
2.0415600920000014,1054370
2.0425600920000013,1431890
2.0435600920000017,1037882
2.044560092000001,1040940
2.0455600920000014,1057408
2.0465600920000013,1056376
2.047560092000001,1480782
2.0485600920000016,1047364
2.0495600920000014,1434264
2.0505600920000013,1563636
2.0515600920000017,1292052
2.052560092000001,1454518
2.0535600920000014,1999950
2.0545600920000013,1223430
2.0555600920000012,1039126
2.0565600920000016,1052956
2.0575600920000015,1055906
2.0585600920000013,1044360
2.0595600920000017,1493988
2.060560092000001,1071396
2.0615600920000015,1086116
2.0625600920000013,1410190
2.0635600920000012,1999386
2.0645600920000016,2233806
2.0655600920000015,1719090
2.0665600920000013,2122152
2.0675600920000017,1586112
2.068560092000001,1834054
2.0695600920000015,2071370
2.0705600920000014,1887168
2.0715600920000012,1583902
2.0725600920000016,1951632
2.0735600920000015,1659434
2.0745600920000014,2027802
2.0755600920000017,2125146
2.076560092000001,2447546
2.0775600920000015,1709932
2.0785600920000014,1598182
2.0795600920000012,1554570
2.0805600920000016,1553646
2.0815600920000015,1902990
2.0825600920000014,1738154
2.0835600920000017,1572594
2.084560092000001,1549032
2.0855600920000015,1626456
2.0865600920000014,1037994
2.0875600920000013,1082022
2.0885600920000016,1476466
2.0895600920000015,1530538
2.0905600920000014,1074262
2.0915600920000017,994324
2.092560092000001,1170960
2.0935600920000015,1441810
2.0945600920000014,1550118
2.0955600920000013,1442722
2.0965600920000016,1028870
2.0975600920000015,1184836
2.0985600920000014,1465350
2.0995600920000017,1071504
2.100560092000001,1083882
2.1015600920000015,1043890
2.1025600920000014,1567898
2.1035600920000013,1166076
2.1045600920000016,1293222
2.1055600920000015,1356776
2.1065600920000014,1459036
2.1075600920000017,1857136
2.108560092000001,1912536
2.1095600920000015,2017186
2.1105600920000014,2120824
2.1115600920000013,2445650
2.1125600920000016,3110344
2.1135600920000015,2616870
2.1145600920000014,2264774
2.1155600920000017,2267778
2.116560092000001,2128392
2.1175600920000015,2488920
2.1185600920000014,2085466
2.1195600920000013,2338042
2.1205600920000016,1978134
2.1215600920000015,1946592
2.1225600920000014,2242598
2.1235600920000017,2427702
2.124560092000001,2668222
2.1255600920000015,2327498
2.1265600920000014,2122380
2.1275600920000013,2209932
2.1285600920000016,2583440
2.1295600920000015,2186310
2.1305600920000014,2120824
2.1315600920000017,2122596
2.132560092000001,2098348
2.1335600920000015,2305682
2.1345600920000014,2551898
2.1355600920000013,2574898
2.1365600920000016,2737000
2.1375600920000015,2824250
2.1385600920000014,3040102
2.1395600920000017,3070088
2.140560092000001,2639670
2.1415600920000015,2515850
2.1425600920000014,2505448
2.1435600920000013,2866772
2.1445600920000016,3122528
2.1455600920000015,2868644
2.1465600920000014,1997998
2.1475600920000018,1976632
2.148560092000001,1902432
2.1495600920000015,1502112
2.1505600920000014,1957106
2.1515600920000013,1984142
2.1525600920000016,1886714
2.1535600920000015,2038862
2.1545600920000014,1800296
2.1555600920000018,1559400
2.156560092000001,1605962
2.1575600920000015,1634500
2.1585600920000014,1614650
2.1595600920000013,1698874
2.1605600920000017,2119492
2.1615600920000015,2165160
2.1625600920000014,1551898
2.1635600920000018,1544110
2.164560092000001,1575598
2.1655600920000015,1599630
2.1665600920000014,1656706
2.1675600920000013,1808520
2.1685600920000017,2149420
2.1695600920000015,2630056
2.1705600920000014,2661602
2.1715600920000018,2157204
2.172560092000001,2286156
2.1735600920000016,2496236
2.1745600920000014,2318638
2.1755600920000013,2695286
2.1765600920000017,2538380
2.1775600920000016,2542940
2.1785600920000014,2536932
2.179560092000002,2512904
2.1805600920000012,2538380
2.1815600920000016,2529692
2.1825600920000015,2623752
2.1835600920000013,2509842
2.1845600920000017,2488814
2.1855600920000016,2529110
2.1865600920000015,2497826
2.187560092000002,2538380
2.1885600920000012,2428132
2.1895600920000016,2041218
2.1905600920000015,2036712
2.1915600920000013,2038272
2.1925600920000017,2039716
2.1935600920000016,2060744
2.1945600920000015,2170530
2.195560092000002,1848360
2.1965600920000012,1537790
2.1975600920000016,1548616
2.1985600920000015,1541118
2.1995600920000014,1529036
2.2005600920000017,1575228
2.2015600920000016,1634504
2.2025600920000015,1622214
2.203560092000002,1939194
2.2045600920000012,2131338
2.2055600920000016,1882080
2.2065600920000015,1627044
2.2075600920000014,1623716
2.2085600920000017,1607140
2.2095600920000016,1602634
2.2105600920000015,1601132
2.211560092000002,1592120
2.2125600920000013,1604460
2.2135600920000016,1897138
2.2145600920000015,2104302
2.2155600920000014,1862812
2.2165600920000017,1592120
2.2175600920000016,2042536
2.2185600920000015,2096846
2.219560092000002,1801230
2.2205600920000013,1571092
2.2215600920000016,1565084
2.2225600920000015,1554570
2.2235600920000014,1558668
2.2245600920000017,1554570
2.2255600920000016,1554570
2.2265600920000015,1563582
2.227560092000002,1560578
2.2285600920000013,1560578
2.2295600920000016,1795056
2.2305600920000015,2511198
2.2315600920000014,2430568
2.2325600920000017,1703600
2.2335600920000016,1566586
2.2345600920000015,1569914
2.235560092000002,1529036
2.2365600920000013,1522770
2.2375600920000016,1640184
2.2385600920000015,1743822
2.2395600920000014,1766464
2.2405600920000017,2141852
2.2415600920000016,2257564
2.2425600920000015,1874570
2.243560092000002,1895718
2.2445600920000013,1818568
2.2455600920000016,2000776
2.2465600920000015,2093136
2.2475600920000014,2289246
2.2485600920000017,1906038
2.2495600920000016,1216396
2.2505600920000015,1013850
2.251560092000002,1072428
2.2525600920000013,1100966
2.2535600920000016,1104024
2.2545600920000015,1102522
2.2555600920000014,1207778
2.2565600920000017,1581606
2.2575600920000016,1605638
2.2585600920000015,1604136
2.259560092000002,1610198
2.2605600920000013,1610144
2.2615600920000016,1611646
2.2625600920000015,1176912
2.2635600920000014,1045392
2.2645600920000017,1303536
2.2655600920000016,1556180
2.2665600920000015,1370156
2.267560092000002,1051458
2.2685600920000013,1068188
2.2695600920000016,1060470
2.2705600920000015,1182098
2.2715600920000014,1072428
2.2725600920000018,1096784
2.2735600920000016,1093456
2.2745600920000015,1106774
2.275560092000002,1122980
2.2765600920000013,1046292
2.2775600920000016,639482
2.2785600920000015,762774
2.2795600920000014,674456
2.2805600920000018,693662
2.2815600920000016,733300
2.2825600920000015,772028
2.283560092000002,794558
2.2845600920000013,829428
2.2855600920000017,857642
2.2865600920000015,1018210
2.2875600920000014,1395358
2.2885600920000018,1444924
2.2895600920000017,1940808
2.2905600920000015,2346124
2.291560092000002,2442252
2.2925600920000013,2712724
2.2935600920000017,2921390
2.2945600920000015,3086368
2.2955600920000014,2705492
2.2965600920000018,2581026
2.2975600920000017,2554902
2.2985600920000016,2548894
2.299560092000002,2573250
2.3005600920000013,2557648
2.3015600920000017,2572926
2.3025600920000016,2678066
2.3035600920000014,2884164
2.304560092000002,3050562
2.3055600920000017,3068698
2.3065600920000016,3122028
2.307560092000002,3123884
2.3085600920000013,3122712
2.3095600920000017,3122658
2.3105600920000016,2228994
2.3115600920000015,1632728
2.312560092000002,1693848
2.3135600920000017,1589282
2.3145600920000016,1978134
2.315560092000002,2060744
2.3165600920000013,1652532
2.3175600920000017,1587614
2.3185600920000016,1588858
2.3195600920000015,1565408
2.320560092000002,1521526
2.3215600920000017,1527534
2.3225600920000016,2035322
2.323560092000002,2183666
2.3245600920000014,1693086
2.3255600920000017,1574420
2.3265600920000016,1565084
2.3275600920000015,2056350
2.328560092000002,2211026
2.3295600920000017,1714114
2.3305600920000016,1556072
2.331560092000002,1559076
2.3325600920000014,1898640
2.3335600920000017,2075764
2.3345600920000016,2102564
2.3355600920000015,1824092
2.336560092000002,1554678
2.3375600920000017,2153586
2.3385600920000016,1556072
2.339560092000002,2686716
2.3405600920000014,2666940
2.3415600920000017,2503460
2.3425600920000016,1753028
2.3435600920000015,1919096
2.344560092000002,1922840
2.3455600920000017,2000766
2.3465600920000016,2490232
2.347560092000002,2253286
2.3485600920000014,2240138
2.3495600920000017,2417000
2.3505600920000016,3101852
2.3515600920000015,3121626
2.352560092000002,3122770
2.3535600920000017,3122770
2.3545600920000016,3123128
2.355560092000002,3122658
2.3565600920000014,3122990
2.3575600920000017,3122774
2.3585600920000016,3121700
2.3595600920000015,3122824
2.360560092000002,3122712
2.3615600920000017,3122520
2.3625600920000016,3122824
2.363560092000002,3122816
2.3645600920000014,3123236
2.3655600920000017,3121626
2.3665600920000016,3122658
2.3675600920000015,3122936
2.368560092000002,3123260
2.3695600920000017,3122204
2.3705600920000016,3123128
2.371560092000002,3122848
2.3725600920000014,3122766
2.3735600920000017,3122658
2.3745600920000016,2751842
2.3755600920000015,2476798
2.376560092000002,2731334
2.3775600920000017,2403202
2.3785600920000016,2433250
2.379560092000002,2231318
2.3805600920000014,2115610
2.3815600920000017,2084576
2.3825600920000016,2273094
2.3835600920000015,1557632
2.384560092000002,2279740
2.3855600920000017,2369900
2.3865600920000016,2095614
2.387560092000002,2311476
2.3885600920000014,2682790
2.3895600920000017,2424346
2.3905600920000016,2811580
2.3915600920000015,3037794
2.392560092000002,2927188
2.3935600920000017,2811800
2.3945600920000016,2423760
2.395560092000002,2094258
2.3965600920000014,2074262
2.3975600920000018,2071258
2.3985600920000016,2516596
2.3995600920000015,2267366
2.400560092000002,2089282
2.4015600920000018,2083486
2.4025600920000016,2081772
2.403560092000002,2566682
2.4045600920000014,2080270
2.4055600920000018,2069498
2.4065600920000016,1716242
2.4075600920000015,1574150
2.408560092000002,1566586
2.4095600920000018,1592390
2.4105600920000017,1601186
2.411560092000002,1626370
2.4125600920000014,1609844
2.4135600920000018,1557574
2.4145600920000017,1557574
2.4155600920000015,1556072
2.416560092000002,1569914
2.4175600920000018,1667448
2.4185600920000017,1556072
2.419560092000002,1999950
2.4205600920000014,1592968
2.4215600920000018,1980316
2.4225600920000017,1765860
2.4235600920000016,1772084
2.424560092000002,2022950
2.4255600920000018,1557574
2.4265600920000017,2120450
2.427560092000002,1556072
2.4285600920000014,2204108
2.429560092000002,2082068
2.4305600920000017,2488634
2.4315600920000016,2116186
2.432560092000002,1706166
2.433560092000002,2483556
2.4345600920000017,2169428
2.435560092000002,2414180
2.4365600920000015,1748684
2.437560092000002,2517426
2.4385600920000017,1778816
2.4395600920000016,2340498
2.440560092000002,1559076
2.441560092000002,1564826
2.4425600920000017,1557316
2.443560092000002,1566910
2.4445600920000015,2086250
2.445560092000002,1875892
2.4465600920000017,1569656
2.4475600920000016,1776752
2.448560092000002,1854398
2.449560092000002,2260248
2.4505600920000017,2433974
2.451560092000002,2168888
2.4525600920000015,2534316
2.453560092000002,2566782
2.4545600920000017,2181024
2.4555600920000016,2243746
2.456560092000002,2529162
2.457560092000002,2160816
2.4585600920000017,2525924
2.459560092000002,3123618
2.4605600920000015,3025360
2.461560092000002,2669272
2.4625600920000017,2399628
2.4635600920000016,2503316
2.464560092000002,2091254
2.465560092000002,2381400
2.4665600920000017,2382570
2.467560092000002,2575930
2.4685600920000015,2966714
2.469560092000002,2078068
2.4705600920000017,2377922
2.4715600920000016,1666978
2.472560092000002,1661212
2.473560092000002,2039580
2.4745600920000017,1582076
2.475560092000002,1610614
2.4765600920000015,1649778
2.477560092000002,2528296
2.4785600920000017,2613242
2.4795600920000016,2568316
2.480560092000002,2041514
2.481560092000002,1966636
2.4825600920000017,1556072
2.483560092000002,2024452
2.4845600920000015,1858892
2.485560092000002,1679052
2.4865600920000017,1554570
2.4875600920000016,1759964
2.488560092000002,1650994
2.489560092000002,1078556
2.4905600920000017,1156768
2.491560092000002,1037882
2.4925600920000015,1681584
2.493560092000002,1572648
2.4945600920000017,1674958
2.4955600920000016,1557574
2.496560092000002,1429272
2.497560092000002,1037882
2.4985600920000017,1145526
2.499560092000002,1579364
2.5005600920000015,1039180
2.501560092000002,1299396
2.5025600920000017,1565084
2.5035600920000016,1631694
2.504560092000002,1326834
2.505560092000002,1069894
2.5065600920000017,1634002
2.507560092000002,1547340
2.5085600920000015,1048720
2.509560092000002,1853110
2.5105600920000017,1583712
2.5115600920000016,1037882
2.512560092000002,1036380
2.513560092000002,827378
2.5145600920000017,1754388
2.515560092000002,1259464
2.5165600920000015,1321312
2.517560092000002,1010810
2.5185600920000017,665614
2.5195600920000016,625834
2.520560092000002,519750
2.521560092000002,944812
2.5225600920000018,1034878
2.523560092000002,954214
2.5245600920000015,1554904
2.525560092000002,1277614
2.5265600920000018,1492744
2.5275600920000016,1710140
2.528560092000002,1978926
2.529560092000002,1463790
2.5305600920000018,1078906
2.531560092000002,1142438
2.5325600920000015,1411042
2.533560092000002,1234160
2.5345600920000018,1063740
2.5355600920000017,1184174
2.536560092000002,1779140
2.537560092000002,1659468
2.5385600920000018,1603700
2.539560092000002,1089004
2.5405600920000015,1129732
2.541560092000002,1383082
2.5425600920000018,1061968
2.5435600920000017,1104910
2.544560092000002,1430222
2.545560092000002,1107444
2.5465600920000018,588710
2.547560092000002,901522
2.5485600920000016,540720
2.549560092000002,538564
2.5505600920000018,908650
2.5515600920000017,650478
2.552560092000002,546844
2.553560092000002,524198
2.554560092000002,538186
2.555560092000002,1120874
2.5565600920000016,1088398
2.557560092000002,1071676
2.558560092000002,181028
2.5595600920000017,629442
2.560560092000002,425800
2.561560092000002,1302
2.562560092000002,585190
2.563560092000002,45060
2.5645600920000016,70918
2.565560092000002,195372
2.566560092000002,725678
2.5675600920000017,1290330
2.568560092000002,769634
2.569560092000002,615554
2.570560092000002,242890
2.571560092000002,72096
2.5725600920000016,20732
2.573560092000002,4506
2.574560092000002,45172
2.5755600920000017,497162
2.576560092000002,519692
2.577560092000002,464562
2.578560092000002,519750
2.579560092000002,519692
2.5805600920000016,519692
2.581560092000002,522438
2.582560092000002,521194
2.5835600920000017,519692
2.584560092000002,521194
2.585560092000002,520162
2.586560092000002,887422
2.587560092000002,600312
2.5885600920000016,770042
2.589560092000002,584394
2.590560092000002,521194
2.5915600920000017,524198
2.592560092000002,521194
2.593560092000002,522696
2.594560092000002,622006
2.595560092000002,541868
2.5965600920000016,889296
2.597560092000002,1050010
2.598560092000002,685616
2.5995600920000017,519746
2.600560092000002,1089604
2.601560092000002,539276
2.602560092000002,529174
2.603560092000002,554408
2.6045600920000016,1032140
2.605560092000002,1037882
2.606560092000002,1145784
2.6075600920000017,1145784
2.608560092000002,1037940
2.609560092000002,1040258
2.610560092000002,1040940
2.611560092000002,1144282
2.6125600920000016,1050222
2.613560092000002,1051724
2.614560092000002,1040886
2.6155600920000017,1043890
2.616560092000002,1777370
2.617560092000002,1305954
2.618560092000002,899676
2.619560092000002,1163672
2.6205600920000016,549282
2.621560092000002,1162944
2.622560092000002,518190
2.6235600920000017,518244
2.624560092000002,490606
2.625560092000002,10514
2.626560092000002,453716
2.627560092000002,528704
2.6285600920000016,807750
2.629560092000002,1628702
2.630560092000002,1448710
2.6315600920000017,519692
2.632560092000002,518190
2.633560092000002,519746
2.634560092000002,551346
2.635560092000002,618470
2.6365600920000016,530206
2.637560092000002,1128162
2.638560092000002,1204328
2.6395600920000017,868488
2.640560092000002,520936
2.641560092000002,541098
2.642560092000002,531708
2.643560092000002,533210
2.6445600920000016,796940
2.645560092000002,711294
2.646560092000002,533322
2.6475600920000018,907262
2.648560092000002,1774086
2.649560092000002,1924506
2.650560092000002,1879804
2.651560092000002,1799522
2.6525600920000016,1077874
2.653560092000002,1037882
2.654560092000002,1054458
2.6555600920000018,1071038
2.656560092000002,1455908
2.657560092000002,2027456
2.658560092000002,1554628
2.659560092000002,1598248
2.6605600920000017,2164736
2.661560092000002,1556072
2.662560092000002,1595502
2.6635600920000018,1898862
2.664560092000002,1834228
2.665560092000002,1538160
2.666560092000002,2462056
2.667560092000002,3094590
2.6685600920000017,2824722
2.669560092000002,2115140
2.670560092000002,2107776
2.6715600920000018,2103178
2.672560092000002,2110634
2.673560092000002,2067222
2.674560092000002,2090784
2.675560092000002,2064072
2.6765600920000017,2094316
2.677560092000002,1660610
2.678560092000002,1960578
2.679560092000002,1683766
2.680560092000002,1760510
2.681560092000002,2085246
2.682560092000002,2114928
2.6835600920000022,2577432
2.6845600920000017,2593954
2.685560092000002,2124862
2.686560092000002,2686792
2.687560092000002,1799264
2.688560092000002,1711950
2.689560092000002,1970850
2.690560092000002,2043184
2.6915600920000022,2095990
2.6925600920000017,2246336
2.693560092000002,2641710
2.694560092000002,1976722
2.695560092000002,1660970
2.696560092000002,1556072
2.697560092000002,1664626
2.698560092000002,2639658
2.6995600920000022,2372120
2.7005600920000017,2536634
2.701560092000002,2305390
2.702560092000002,1866764
2.703560092000002,1915426
2.704560092000002,1746850
2.705560092000002,1862528
2.706560092000002,1801654
2.7075600920000022,1557574
2.7085600920000017,1917128
2.709560092000002,2125146
2.710560092000002,2505092
2.711560092000002,2228132
2.712560092000002,1723022
2.713560092000002,1574420
2.714560092000002,1570130
2.7155600920000023,1966312
2.7165600920000017,2311344
2.717560092000002,1920220
2.718560092000002,1996946
2.719560092000002,1565084
2.720560092000002,1389218
2.721560092000002,1089120
2.722560092000002,1576800
2.7235600920000023,1638794
2.7245600920000017,1986240
2.725560092000002,1786896
2.726560092000002,1065720
2.727560092000002,1037882
2.728560092000002,1621944
2.729560092000002,1037936
2.730560092000002,1545368
2.7315600920000023,1550814
2.7325600920000017,1589920
2.733560092000002,1592924
2.734560092000002,1036380
2.735560092000002,1504760
2.736560092000002,1612504
2.737560092000002,1212226
2.738560092000002,1544056
2.7395600920000023,1461778
2.7405600920000017,1606820
2.741560092000002,1088712
2.742560092000002,1462180
2.743560092000002,1040628
2.744560092000002,1036380
2.745560092000002,1036380
2.746560092000002,1039384
2.7475600920000023,1504760
2.7485600920000017,1712542
2.749560092000002,1919140
2.750560092000002,2105330
2.751560092000002,1872972
2.752560092000002,1554570
2.753560092000002,1204936
2.754560092000002,1037624
2.7555600920000023,1086486
2.7565600920000017,1443728
2.757560092000002,1062392
2.758560092000002,1471246
2.759560092000002,1424306
2.760560092000002,1870956
2.761560092000002,2573682
2.762560092000002,1690128
2.7635600920000023,1767270
2.7645600920000017,1770674
2.765560092000002,2002954
2.766560092000002,1743088
2.767560092000002,2029154
2.768560092000002,1565408
2.769560092000002,1557574
2.770560092000002,1745518
2.7715600920000023,2407050
2.7725600920000018,2735968
2.773560092000002,2785648
2.774560092000002,3027734
2.775560092000002,2856036
2.776560092000002,2756170
2.777560092000002,2986822
2.778560092000002,3111430
2.7795600920000023,3122906
2.7805600920000018,3122190
2.781560092000002,2689388
2.782560092000002,2240770
2.783560092000002,2443536
2.784560092000002,2993792
2.785560092000002,2952232
2.786560092000002,2644638
2.7875600920000023,2696166
2.7885600920000018,2658298
2.789560092000002,3062334
2.790560092000002,2471116
2.791560092000002,2152108
2.792560092000002,2484680
2.793560092000002,1685582
2.794560092000002,1714538
2.7955600920000023,2529722
2.7965600920000018,2565410
2.797560092000002,2554718
2.798560092000002,2876248
2.799560092000002,3011176
2.800560092000002,2650068
2.801560092000002,2981718
2.802560092000002,2718378
2.8035600920000023,3003728
2.804560092000002,3123938
2.805560092000002,3121958
2.806560092000002,2759644
2.807560092000002,2612772
2.8085600920000022,2594424
2.809560092000002,2851676
2.810560092000002,2809172
2.8115600920000023,2712370
2.812560092000002,2608974
2.813560092000002,2110178
2.814560092000002,2658928
2.815560092000002,2094782
2.8165600920000022,2089282
2.817560092000002,2092286
2.818560092000002,2449440
2.8195600920000023,2931298
2.820560092000002,3025708
2.821560092000002,2478042
2.822560092000002,2635626
2.823560092000002,2707630
2.8245600920000022,2885866
2.825560092000002,2719970
2.826560092000002,2998352
2.8275600920000024,3060044
2.828560092000002,3122658
2.829560092000002,3122658
2.830560092000002,3122658
2.831560092000002,3123186
2.8325600920000022,3122936
2.833560092000002,3122490
2.834560092000002,3121680
2.8355600920000024,3123036
2.836560092000002,3122884
2.837560092000002,2842936
2.838560092000002,2618618
2.839560092000002,2657948
2.8405600920000023,2151096
2.841560092000002,2074262
2.842560092000002,2075764
2.8435600920000024,2306072
2.844560092000002,2388028
2.845560092000002,2393350
2.846560092000002,2804734
2.847560092000002,2705572
2.8485600920000023,2696414
2.849560092000002,2607942
2.850560092000002,2620676
2.8515600920000024,3119606
2.852560092000002,2653400
2.853560092000002,3068144
2.854560092000002,2267594
2.855560092000002,2279182
2.8565600920000023,2381804
2.857560092000002,2237542
2.858560092000002,2381566
2.8595600920000024,2651186
2.860560092000002,2249288
2.861560092000002,2996358
2.862560092000002,3004124
2.863560092000002,2713210
2.8645600920000023,2907682
2.865560092000002,2588740
2.866560092000002,2536878
2.8675600920000024,2827998
2.868560092000002,2149914
2.869560092000002,2187160
2.870560092000002,2352234
2.871560092000002,2174418
2.8725600920000023,1683858
2.873560092000002,1556446
2.874560092000002,2151772
2.8755600920000024,2047452
2.876560092000002,2126188
2.877560092000002,1579072
2.878560092000002,1568412
2.879560092000002,2191626
2.8805600920000023,1077874
2.881560092000002,1160192
2.882560092000002,1467252
2.8835600920000024,1866230
2.884560092000002,1781658
2.885560092000002,1585648
2.886560092000002,1953568
2.887560092000002,1971882
2.8885600920000023,1639622
2.889560092000002,1758004
2.890560092000002,2053656
2.8915600920000024,2484500
2.892560092000002,2072760
2.893560092000002,2519978
2.894560092000002,2433314
2.895560092000002,2186316
2.8965600920000023,2074262
2.897560092000002,2180662
2.898560092000002,2169898
2.8995600920000024,2435564
2.900560092000002,2100790
2.901560092000002,2298416
2.902560092000002,2289480
2.903560092000002,2228048
2.9045600920000023,2582262
2.905560092000002,2995326
2.906560092000002,3121830
2.9075600920000024,2711018
2.908560092000002,2983532
2.909560092000002,3121896
2.910560092000002,3123426
2.911560092000002,2807616
2.9125600920000023,2328582
2.913560092000002,2466328
2.914560092000002,2139696
2.9155600920000024,2094258
2.916560092000002,2236478
2.917560092000002,2753214
2.918560092000002,2817626
2.919560092000002,2587384
2.9205600920000023,2561234
2.921560092000002,2708554
2.922560092000002,2845186
2.9235600920000024,2578168
2.924560092000002,2645808
2.925560092000002,2622004
2.926560092000002,2699812
2.927560092000002,2513478
2.9285600920000023,2109748
2.9295600920000022,1639014
2.930560092000002,1812080
2.9315600920000024,1879874
2.932560092000002,2297254
2.9335600920000022,2501472
2.934560092000002,2056238
2.935560092000002,2652358
2.9365600920000023,2646350
2.9375600920000022,2063802
2.938560092000002,2807318
2.9395600920000025,2736060
2.940560092000002,2855210
2.9415600920000022,2742560
2.942560092000002,2889848
2.943560092000002,2866642
2.9445600920000023,2586352
2.9455600920000022,2734658
2.946560092000002,2567674
2.9475600920000025,3036676
2.948560092000002,2887756
2.9495600920000022,2849672
2.950560092000002,2565740
2.951560092000002,2393942
2.9525600920000024,2266312
2.9535600920000022,2642642
2.954560092000002,2093226
2.9555600920000025,2059242
2.956560092000002,2436146
2.9575600920000022,2178840
2.958560092000002,2110504
2.959560092000002,2473596
2.9605600920000024,1963832
2.9615600920000023,1938384
2.962560092000002,1345394
2.9635600920000025,1814664
2.964560092000002,1564052
2.9655600920000023,1128770
2.966560092000002,1438826
2.967560092000002,1552936
2.9685600920000024,1123142
2.9695600920000023,1012348
2.970560092000002,1565460
2.9715600920000025,1718758
2.972560092000002,2116408
2.9735600920000023,1791998
2.974560092000002,2610302
2.975560092000002,2140074
2.9765600920000024,2600064
2.9775600920000023,2540108
2.978560092000002,2062246
2.9795600920000025,2354044
2.980560092000002,2235824
2.9815600920000023,2541356
2.982560092000002,2226342
2.983560092000002,2066752
2.9845600920000024,2065250
2.9855600920000023,2086926
2.986560092000002,2454532
2.9875600920000025,2531030
2.988560092000002,2894170
2.9895600920000023,2445608
2.990560092000002,2496958
2.991560092000002,2277880
2.9925600920000024,2068724
2.9935600920000023,2068254
2.994560092000002,2066752
2.9955600920000025,2317110
2.996560092000002,2695456
2.9975600920000023,2741560
2.998560092000002,2672996
2.999560092000002,2456196
3.0005600920000024,2236964
3.0015600920000023,2585168
3.002560092000002,2276556
3.0035600920000025,2387434
3.004560092000002,2024452
3.0055600920000023,1551566
3.006560092000002,1952744
3.007560092000002,1229272
3.0085600920000024,2534018
3.0095600920000023,1766342
3.010560092000002,1562404
3.0115600920000025,1889110
3.012560092000002,2015050
3.0135600920000023,2051732
3.014560092000002,2144114
3.015560092000002,3008586
3.0165600920000024,2853616
3.0175600920000023,2805330
3.018560092000002,2973684
3.0195600920000025,3071966
3.020560092000002,3121800
3.0215600920000023,3123724
3.022560092000002,2800198
3.023560092000002,2723596
3.0245600920000024,2639014
3.0255600920000023,2609568
3.026560092000002,3110236
3.0275600920000025,2825732
3.028560092000002,2925034
3.0295600920000023,3113346
3.030560092000002,3122658
3.031560092000002,3122518
3.0325600920000024,3122304
3.0335600920000023,3123108
3.034560092000002,2717234
3.0355600920000025,2384144
3.036560092000002,2608844
3.0375600920000023,2951542
3.038560092000002,2862790
3.039560092000002,2373160
3.0405600920000024,2377666
3.0415600920000023,2373160
3.042560092000002,2481062
3.0435600920000025,2484420
3.044560092000002,2875298
3.0455600920000023,2845120
3.046560092000002,2648240
3.047560092000002,2601284
3.0485600920000024,2598218
3.0495600920000023,2598514
3.050560092000002,2607796
3.0515600920000026,2938870
3.052560092000002,3121026
3.0535600920000023,3122712
3.0545600920000022,3122658
3.055560092000002,3122082
3.0565600920000024,3122982
3.0575600920000023,3122712
3.0585600920000022,3122770
3.0595600920000026,3122658
3.060560092000002,3122658
3.0615600920000023,2804566
3.0625600920000022,2592452
3.063560092000002,2559408
3.0645600920000025,2768410
3.0655600920000023,3122658
3.0665600920000022,3122658
3.0675600920000026,3122990
3.068560092000002,3122658
3.0695600920000023,3122658
3.0705600920000022,3122658
3.071560092000002,3122770
3.0725600920000025,3122226
3.0735600920000024,3123202
3.0745600920000022,3122824
3.0755600920000026,3122748
3.076560092000002,2995458
3.0775600920000024,2918386
3.0785600920000022,3091792
3.079560092000002,3123128
3.0805600920000025,3122712
3.0815600920000024,3064928
3.0825600920000022,2985976
3.0835600920000026,2986300
3.084560092000002,2925896
3.0855600920000024,3040160
3.0865600920000023,3037944
3.087560092000002,2792550
3.0885600920000025,2819424
3.0895600920000024,3112198
3.0905600920000023,3121600
3.0915600920000026,3122378
3.092560092000002,2807238
3.0935600920000024,2568420
3.0945600920000023,2565482
3.095560092000002,2544388
3.0965600920000025,2908096
3.0975600920000024,3108538
3.0985600920000023,3038546
3.0995600920000026,3055504
3.100560092000002,3105782
3.1015600920000024,3001054
3.1025600920000023,2985976
3.103560092000002,2972458
3.1045600920000025,2960442
3.1055600920000024,3083772
3.1065600920000023,3122770
3.1075600920000026,3123052
3.108560092000002,3122466
3.1095600920000024,3122250
3.1105600920000023,3122400
3.111560092000002,3122712
3.1125600920000025,3122658
3.1135600920000024,3122658
3.1145600920000023,3122716
3.1155600920000026,3123790
3.116560092000002,3122658
3.1175600920000024,3122712
3.1185600920000023,3122658
3.119560092000002,3122002
3.1205600920000025,3122712
3.1215600920000024,3122716
3.1225600920000023,3122774
3.1235600920000026,3122870
3.124560092000002,3122396
3.1255600920000024,3122658
3.1265600920000023,3122770
3.127560092000002,3122770
3.1285600920000025,3122716
3.1295600920000024,3122288
3.1305600920000023,3122342
3.1315600920000026,3122712
3.132560092000002,3123562
3.1335600920000024,3122474
3.1345600920000023,3122766
3.135560092000002,3122712
3.1365600920000025,3122716
3.1375600920000024,3122658
3.1385600920000023,3122288
3.1395600920000026,3122770
3.140560092000002,3122716
3.1415600920000024,3122712
3.1425600920000023,3122716
3.143560092000002,3121434
3.1445600920000025,3122736
3.1455600920000024,3122712
3.1465600920000023,3122924
3.1475600920000026,3122250
3.148560092000002,3122824
3.1495600920000024,3123790
3.1505600920000023,3122250
3.151560092000002,3122766
3.1525600920000025,3122770
3.1535600920000024,3122712
3.1545600920000023,3122658
3.1555600920000026,3122060
3.156560092000002,3122658
3.1575600920000024,3122770
3.1585600920000023,3122712
3.159560092000002,3121900
3.1605600920000025,3123728
3.1615600920000024,3122516
3.1625600920000023,3122820
3.1635600920000027,3122716
3.164560092000002,3122520
3.1655600920000024,3122470
3.1665600920000023,3122018
3.167560092000002,3122932
3.1685600920000025,3123564
3.1695600920000024,2661356
3.1705600920000023,2786210
3.1715600920000027,2647180
3.172560092000002,2452878
3.1735600920000024,2775696
3.1745600920000023,2694662
3.175560092000002,2271024
3.1765600920000026,2337224
3.1775600920000024,2308220
3.1785600920000023,2259008
3.1795600920000027,2383786
3.180560092000002,2385050
3.1815600920000024,2044222
3.1825600920000023,1743822
3.1835600920000022,2200386
3.1845600920000026,1818884
3.1855600920000025,1586338
3.1865600920000023,1365318
3.1875600920000027,1441974
3.188560092000002,1613148
3.1895600920000025,1986226
3.1905600920000023,2073084
3.1915600920000022,1871824
3.1925600920000026,1719548
3.1935600920000025,1524530
3.1945600920000023,1417888
3.1955600920000027,1417888
3.196560092000002,1536546
3.1975600920000025,1622160
3.1985600920000024,1571092
3.1995600920000022,1514016
3.2005600920000026,1470458
3.2015600920000025,1473462
3.2025600920000024,1554570
3.2035600920000027,1715608
3.204560092000002,2151962
3.2055600920000025,2410822
3.2065600920000024,2113292
3.2075600920000022,1879326
3.2085600920000026,1735414
3.2095600920000025,1580216
3.2105600920000024,1978246
3.2115600920000027,2152390
3.212560092000002,1551898
3.2135600920000025,1543202
3.2145600920000024,1529036
3.2155600920000023,1529036
3.2165600920000026,1655074
3.2175600920000025,1648482
3.2185600920000024,1533542
3.2195600920000027,1622218
3.220560092000002,1637180
3.2215600920000025,1759974
3.2225600920000024,1794944
3.2235600920000023,2514442
3.2245600920000026,2792188
3.2255600920000025,2012056
3.2265600920000024,1538048
3.2275600920000027,1539874
3.228560092000002,1529036
3.2295600920000025,1820536
3.2305600920000024,1958608
3.2315600920000023,1642554
3.2325600920000026,1730364
3.2335600920000025,1405476
3.2345600920000024,1846336
3.2355600920000027,1885010
3.236560092000002,1481304
3.2375600920000025,1389350
3.2385600920000024,967010
3.2395600920000023,922698
3.2405600920000026,980806
3.2415600920000025,950766
3.2425600920000024,991432
3.2435600920000027,1392354
3.244560092000002,1338528
3.2455600920000025,1410588
3.2465600920000024,1165780
3.2475600920000023,1033376
3.2485600920000026,1024526
3.2495600920000025,1629388
3.2505600920000024,1065130
3.2515600920000027,1703816
3.252560092000002,2059242
3.2535600920000025,2668258
3.2545600920000024,1568558
3.2555600920000023,1562192
3.2565600920000026,2475788
3.2575600920000025,2827376
3.2585600920000024,3063516
3.2595600920000027,2740756
3.260560092000002,2921362
3.2615600920000025,2830478
3.2625600920000024,2066752
3.2635600920000023,2021090
3.2645600920000026,1653460
3.2655600920000025,1952502
3.2665600920000024,1670714
3.2675600920000027,1936078
3.268560092000002,2062246
3.2695600920000025,2454090
3.2705600920000024,2164760
3.2715600920000023,2066752
3.2725600920000026,2536634
3.2735600920000025,2069756
3.2745600920000024,2627844
3.2755600920000028,2563914
3.276560092000002,2683444
3.2775600920000025,1928214
3.2785600920000024,1951016
3.2795600920000023,2268306
3.2805600920000026,2083744
3.2815600920000025,1586444
3.2825600920000024,1669724
3.2835600920000028,1662942
3.284560092000002,1905832
3.2855600920000025,1700492
3.2865600920000024,1627856
3.2875600920000023,1840668
3.2885600920000027,2066682
3.2895600920000025,1845682
3.2905600920000024,1206244
3.2915600920000028,1454844
3.292560092000002,1261400
3.2935600920000025,1119102
3.2945600920000024,2255284
3.2955600920000023,1786634
3.2965600920000027,1551566
3.2975600920000026,1551566
3.2985600920000024,2110444
3.2995600920000028,2359216
3.300560092000002,2395308
3.3015600920000026,1607722
3.3025600920000024,1645838
3.3035600920000023,2524854
3.3045600920000027,2551654
3.3055600920000026,2081336
3.3065600920000024,1754638
3.307560092000003,1910322
3.3085600920000022,1574096
3.3095600920000026,1665476
3.3105600920000025,1559076
3.3115600920000023,1559076
3.3125600920000027,1557574
3.3135600920000026,1553596
3.3145600920000025,2467048
3.315560092000003,1568670
3.3165600920000022,1140674
3.3175600920000026,1052956
3.3185600920000025,1063528
3.3195600920000023,1482474
3.3205600920000027,1587938
3.3215600920000026,1195924
3.3225600920000025,1088950
3.323560092000003,1206218
3.3245600920000022,1623720
3.3255600920000026,1735088
3.3265600920000025,1481080
3.3275600920000024,1204936
3.3285600920000027,1103562
3.3295600920000026,1047272
3.3305600920000025,1401536
3.331560092000003,1576034
3.3325600920000022,1287812
3.3335600920000026,1149030
3.3345600920000025,1243656
3.3355600920000024,1317912
3.3365600920000027,1443422
3.3375600920000026,999440
3.3385600920000025,521248
3.339560092000003,519692
3.3405600920000023,519692
3.3415600920000026,522438
3.3425600920000025,534824
3.3435600920000024,610960
3.3445600920000027,521194
3.3455600920000026,655454
3.3465600920000025,1547340
3.347560092000003,952654
3.3485600920000023,533534
3.3495600920000026,519692
3.3505600920000025,520994
3.3515600920000024,547106
3.3525600920000027,560570
3.3535600920000026,931110
3.3545600920000025,1031520
3.355560092000003,854970
3.3565600920000023,519692
3.3575600920000026,522438
3.3585600920000025,521194
3.3595600920000024,627594
3.3605600920000027,733088
3.3615600920000026,1028870
3.3625600920000025,1152320
3.363560092000003,1037882
3.3645600920000023,1463736
3.3655600920000026,2185986
3.3665600920000025,1037882
3.3675600920000024,1929608
3.3685600920000027,2024564
3.3695600920000026,1700700
3.3705600920000025,2511046
3.371560092000003,2292270
3.3725600920000023,1754206
3.3735600920000026,2256496
3.3745600920000025,2168538
3.3755600920000024,1888346
3.3765600920000027,2365762
3.3775600920000026,1640562
3.3785600920000025,1554570
3.379560092000003,1984618
3.3805600920000023,1954268
3.3815600920000026,2348336
3.3825600920000025,1290042
3.3835600920000024,1245740
3.3845600920000027,1924272
3.3855600920000026,1458828
3.3865600920000025,1167282
3.387560092000003,1039180
3.3885600920000023,1568526
3.3895600920000026,1055960
3.3905600920000025,1058910
3.3915600920000024,1550814
3.3925600920000027,1037882
3.3935600920000026,1071304
3.3945600920000025,1052902
3.395560092000003,1605734
3.3965600920000023,1506316
3.3975600920000026,1094250
3.3985600920000025,1063470
3.3995600920000024,1326848
3.4005600920000028,1971358
3.4015600920000026,1559130
3.4025600920000025,1638906
3.403560092000003,2151882
3.4045600920000023,2689984
3.4055600920000026,2655550
3.4065600920000025,1733698
3.4075600920000024,1574308
3.4085600920000028,1566586
3.4095600920000027,1563636
3.4105600920000025,1565084
3.411560092000003,1563852
3.4125600920000023,1863002
3.4135600920000027,1756270
3.4145600920000025,2214060
3.4155600920000024,2642018
3.4165600920000028,2586812
3.4175600920000027,2069810
3.4185600920000025,1572926
3.419560092000003,1568412
3.4205600920000023,1276098
3.4215600920000027,1170170
3.4225600920000026,1542116
3.4235600920000024,2375824
3.4245600920000028,1567164
3.4255600920000027,2120072
3.4265600920000026,1588084
3.427560092000003,1556072
3.4285600920000023,1772500
3.4295600920000027,1873242
3.4305600920000026,1661794
3.4315600920000024,2048728
3.432560092000003,2077266
3.4335600920000027,1840394
3.4345600920000026,1997830
3.435560092000003,2915436
3.4365600920000023,3028502
3.4375600920000027,2231134
3.4385600920000026,2002166
3.4395600920000025,2017298
3.440560092000003,2878300
3.4415600920000027,3122712
3.4425600920000026,2956380
3.443560092000003,2639250
3.4445600920000023,2133798
3.4455600920000027,2003352
3.4465600920000026,2165808
3.4475600920000025,2277318
3.448560092000003,2123882
3.4495600920000027,2161378
3.4505600920000026,2278292
3.451560092000003,2171892
3.4525600920000024,2154338
3.4535600920000027,2246138
3.4545600920000026,2612766
3.4555600920000025,1662166
3.456560092000003,1577100
3.4575600920000027,1562080
3.4585600920000026,1589182
3.459560092000003,1567114
3.4605600920000024,1508804
3.4615600920000027,632210
3.4625600920000026,943990
3.4635600920000025,521248
3.464560092000003,535036
3.4655600920000027,521194
3.4665600920000026,603916
3.467560092000003,1001834
3.4685600920000024,1040886
3.4695600920000027,524530
3.4705600920000026,530206
3.4715600920000025,682490
3.472560092000003,1444156
3.4735600920000027,954102
3.4745600920000026,923042
3.475560092000003,1442134
3.4765600920000024,1980360
3.4775600920000027,2168994
3.4785600920000026,2332374
3.4795600920000025,2082298
3.480560092000003,1798144
3.4815600920000027,1141428
3.4825600920000026,1037882
3.483560092000003,1481760
3.4845600920000024,1540100
3.4855600920000027,1037882
3.4865600920000026,1037786
3.4875600920000025,2124962
3.488560092000003,1291760
3.4895600920000027,1378322
3.4905600920000026,1247978
3.491560092000003,1037882
3.4925600920000024,1133210
3.4935600920000027,2105250
3.4945600920000026,2539140
3.4955600920000025,1546738
3.496560092000003,1036380
3.4975600920000027,846526
3.4985600920000026,970938
3.499560092000003,1025920
3.5005600920000024,1404952
3.5015600920000027,1838274
3.5025600920000026,1636976
3.5035600920000025,1017248
3.504560092000003,1327242
3.5055600920000027,1606578
3.5065600920000026,1589116
3.507560092000003,1721958
3.5085600920000024,1000490
3.5095600920000027,1288456
3.5105600920000026,1166130
3.5115600920000025,1496186
3.512560092000003,1349336
3.5135600920000027,1520606
3.5145600920000026,1484300
3.515560092000003,1552232
3.5165600920000024,947820
3.5175600920000027,1395850
3.5185600920000026,1085080
3.5195600920000025,1069960
3.520560092000003,1174680
3.5215600920000028,738530
3.5225600920000026,836954
3.523560092000003,555386
3.5245600920000024,1458066
3.5255600920000028,715500
3.5265600920000026,521722
3.5275600920000025,1136994
3.528560092000003,549844
3.5295600920000028,530360
3.5305600920000026,520936
3.531560092000003,954558
3.5325600920000024,1075110
3.5335600920000028,1659034
3.5345600920000027,1594092
3.5355600920000025,1875430
3.536560092000003,1774818
3.5375600920000028,1903616
3.5385600920000027,2098764
3.539560092000003,1811744
3.5405600920000024,1870708
3.5415600920000028,1597150
3.5425600920000027,1608696
3.5435600920000025,1678432
3.544560092000003,2005958
3.5455600920000028,1565138
3.5465600920000027,1595124
3.547560092000003,1559604
3.5485600920000024,1962314
3.5495600920000028,2574222
3.5505600920000027,2485434
3.5515600920000026,1829822
3.552560092000003,1577570
3.553560092000003,1264082
3.5545600920000027,634744
3.555560092000003,521194
3.5565600920000024,530264
3.557560092000003,1387134
3.5585600920000027,1278784
3.5595600920000026,1244236
3.560560092000003,1462948
3.561560092000003,1448398
3.5625600920000027,1706716
3.563560092000003,1944846
3.5645600920000025,1676756
3.565560092000003,1603482
3.5665600920000027,1586112
3.5675600920000026,1807488
3.568560092000003,2281932
3.569560092000003,2359270
3.5705600920000027,2103270
3.571560092000003,2269634
3.5725600920000025,2917834
3.573560092000003,2750514
3.5745600920000027,2576230
3.5755600920000026,2156610
3.576560092000003,2094258
3.577560092000003,1689530
3.5785600920000027,1557220
3.579560092000003,1355704
3.5805600920000025,1295322
3.581560092000003,1885058
3.5825600920000027,1592174
3.5835600920000026,1139886
3.584560092000003,1387858
3.585560092000003,1448148
3.5865600920000027,1837528
3.587560092000003,1772692
3.5885600920000025,1455528
3.589560092000003,1365900
3.5905600920000027,2103662
3.5915600920000026,1340278
3.592560092000003,1152262
3.593560092000003,1093780
3.5945600920000027,1091954
3.595560092000003,1066482
3.5965600920000025,1473822
3.597560092000003,2038214
3.5985600920000027,2016016
3.5995600920000026,1556072
3.600560092000003,2074708
3.601560092000003,1733342
3.6025600920000027,1543494
3.603560092000003,2203114
3.6045600920000025,1679464
3.605560092000003,1808990
3.6065600920000027,2094790
3.6075600920000026,2025514
3.608560092000003,1842790
3.609560092000003,1820594
3.6105600920000027,1675990
3.611560092000003,1854652
3.6125600920000025,1899096
3.613560092000003,1636314
3.6145600920000027,1620362
3.6155600920000026,2128264
3.616560092000003,2546902
3.617560092000003,2019080
3.6185600920000027,1125800
3.619560092000003,1036438
3.6205600920000025,1048662
3.621560092000003,1959790
3.6225600920000027,1257096
3.6235600920000026,756308
3.624560092000003,518190
3.625560092000003,989628
3.6265600920000027,593814
3.627560092000003,526170
3.6285600920000025,948550
3.629560092000003,568280
3.6305600920000027,533534
3.6315600920000026,521194
3.632560092000003,522696
3.633560092000003,522696
3.6345600920000027,522696
3.635560092000003,928348
3.6365600920000025,1378992
3.637560092000003,1134562
3.6385600920000027,1447576
3.6395600920000026,714160
3.640560092000003,565276
3.641560092000003,550056
3.6425600920000027,931822
3.643560092000003,1505326
3.6445600920000025,1187348
3.645560092000003,1039384
3.6465600920000028,1060624
3.6475600920000026,1042388
3.648560092000003,1050010
3.649560092000003,1042388
3.6505600920000028,1041356
3.651560092000003,1052956
3.6525600920000025,1570082
3.653560092000003,1051400
3.6545600920000028,1069478
3.6555600920000026,1210012
3.656560092000003,1722550
3.657560092000003,1757456
3.6585600920000028,1195978
3.659560092000003,1057936
3.6605600920000025,1043632
3.661560092000003,1064918
3.6625600920000028,1039854
3.6635600920000027,1402608
3.664560092000003,1030764
3.665560092000003,531762
3.6665600920000028,548700
3.667560092000003,901410
3.6685600920000025,570868
3.669560092000003,563070
3.6705600920000028,624532
3.6715600920000027,752372
3.672560092000003,1481818
3.673560092000003,1133452
3.6745600920000028,1153764
3.675560092000003,1033376
3.6765600920000026,1487472
3.677560092000003,987338
3.678560092000003,1382574
3.6795600920000027,986922
3.680560092000003,957244
3.681560092000003,1037640
3.682560092000003,1002898
3.683560092000003,1380024
3.6845600920000026,955326
3.685560092000003,958276
3.686560092000003,1061672
3.6875600920000027,958276
3.688560092000003,953770
3.689560092000003,955272
3.690560092000003,1054162
3.691560092000003,946260
3.6925600920000026,1052660
3.693560092000003,1204782
3.694560092000003,1505004
3.6955600920000027,1811446
3.696560092000003,862128
3.697560092000003,1030372
3.698560092000003,825038
3.699560092000003,519434
3.7005600920000026,519692
3.701560092000003,522696
3.702560092000003,521194
3.7035600920000027,519692
3.704560092000003,585892
3.705560092000003,611072
3.706560092000003,965786
3.707560092000003,1039384
3.7085600920000026,599954
3.709560092000003,519692
3.710560092000003,518190
3.7115600920000027,521194
3.712560092000003,805184
3.713560092000003,1344160
3.714560092000003,1319146
3.715560092000003,1047218
3.7165600920000026,1057520
3.717560092000003,1443422
3.718560092000003,1560086
3.7195600920000027,1707846
3.720560092000003,1077582
3.721560092000003,1594302
3.722560092000003,1170544
3.723560092000003,1359612
3.7245600920000026,1440324
3.725560092000003,1129990
3.726560092000003,1482268
3.7275600920000027,1457170
3.728560092000003,1254972
3.729560092000003,1082380
3.730560092000003,1261520
3.731560092000003,1039126
3.7325600920000026,1119584
3.733560092000003,1435128
3.734560092000003,860256
3.7355600920000027,948084
3.736560092000003,800378
3.737560092000003,1151792
3.738560092000003,891018
3.739560092000003,524198
3.7405600920000026,521664
3.741560092000003,988072
3.742560092000003,519746
3.7435600920000027,522696
3.744560092000003,630598
3.745560092000003,521194
3.746560092000003,521194
3.747560092000003,521194
3.7485600920000026,519692
3.749560092000003,521194
3.750560092000003,627540
3.7515600920000027,527256
3.752560092000003,828840
3.753560092000003,749222
3.754560092000003,545280
3.755560092000003,524198
3.7565600920000026,521194
3.757560092000003,521194
3.758560092000003,521194
3.7595600920000027,521194
3.760560092000003,520162
3.761560092000003,902966
3.762560092000003,988710
3.763560092000003,1037882
3.7645600920000026,1046894
3.765560092000003,1046894
3.766560092000003,1049190
3.7675600920000027,1031874
3.768560092000003,1057732
3.769560092000003,1548842
3.770560092000003,1104082
3.771560092000003,1104914
3.7725600920000026,1054616
3.773560092000003,1462180
3.774560092000003,1856394
3.7755600920000028,1565554
3.776560092000003,1289102
3.777560092000003,679692
3.778560092000003,532178
3.779560092000003,1584192
3.7805600920000026,518190
3.781560092000003,518248
3.782560092000003,641108
3.7835600920000028,540720
3.784560092000003,906386
3.785560092000003,671264
3.786560092000003,1016966
3.787560092000003,1540864
3.7885600920000027,1572594
3.789560092000003,1336162
3.790560092000003,1463682
3.7915600920000028,1036380
3.792560092000003,1066856
3.793560092000003,1455438
3.794560092000003,1550288
3.795560092000003,1712878
3.7965600920000027,1594092
3.797560092000003,1532484
3.798560092000003,2151014
3.7995600920000028,1278034
3.800560092000003,1037882
3.801560092000003,1234810
3.802560092000003,1568146
3.8035600920000032,1439248
3.8045600920000027,1280264
3.805560092000003,1416546
3.806560092000003,1058964
3.807560092000003,1061914
3.808560092000003,1048866
3.809560092000003,1485470
3.810560092000003,1179094
3.8115600920000032,1481918
3.8125600920000027,1037882
3.813560092000003,1081706
3.814560092000003,1047326
3.815560092000003,1463574
3.816560092000003,1051454
3.817560092000003,1065388
3.818560092000003,1386760
3.8195600920000032,1087356
3.8205600920000027,1171372
3.821560092000003,1962328
3.822560092000003,1613672
3.823560092000003,2162172
3.824560092000003,2038440
3.825560092000003,1612494
3.826560092000003,1671838
3.8275600920000032,2426156
3.8285600920000027,2240308
3.829560092000003,1640296
3.830560092000003,2340282
3.831560092000003,2648728
3.832560092000003,2539846
3.833560092000003,2113784
3.834560092000003,2074262
3.8355600920000033,2627802
3.8365600920000027,2077320
3.837560092000003,2204352
3.838560092000003,2561220
3.839560092000003,2075818
3.840560092000003,2087780
3.841560092000003,2176980
3.842560092000003,2107010
3.8435600920000033,2074262
3.8445600920000027,2233206
3.845560092000003,1566910
3.846560092000003,1665530
3.847560092000003,1575922
3.848560092000003,1572594
3.849560092000003,1566586
3.850560092000003,1637292
3.8515600920000033,1446842
3.8525600920000027,1117050
3.853560092000003,1477130
3.854560092000003,1556040
3.855560092000003,1072428
3.856560092000003,1076934
3.857560092000003,1369990
3.858560092000003,1601190
3.8595600920000033,1701314
3.8605600920000027,1553238
3.861560092000003,1919426
3.862560092000003,1774306
3.863560092000003,2027700
3.864560092000003,2199140
3.865560092000003,2146802
3.866560092000003,2227466
3.8675600920000033,2101576
3.8685600920000027,2080740
3.869560092000003,2693178
3.870560092000003,2190056
3.871560092000003,2568528
3.872560092000003,2649286
3.873560092000003,2200820
3.874560092000003,2158806
3.8755600920000033,2109956
3.8765600920000027,2422838
3.877560092000003,2586444
3.878560092000003,2592452
3.879560092000003,2701856
3.880560092000003,2704602
3.881560092000003,2596958
3.882560092000003,2528878
3.8835600920000033,2414974
3.8845600920000027,2587946
3.885560092000003,2317918
3.886560092000003,2077378
3.887560092000003,2076896
3.888560092000003,2078768
3.889560092000003,2090896
3.890560092000003,2072760
3.8915600920000033,2075764
3.8925600920000027,2077266
3.893560092000003,2074262
3.894560092000003,2078768
3.895560092000003,2075764
3.896560092000003,2075822
3.897560092000003,2218914
3.898560092000003,2075822
3.8995600920000033,2195736
3.9005600920000028,2179160
3.901560092000003,2077266
3.902560092000003,2077266
3.903560092000003,2517934
3.904560092000003,2593696
3.905560092000003,2883050
3.906560092000003,2587742
3.9075600920000033,2408562
3.9085600920000028,2560720
3.909560092000003,2111104
3.910560092000003,2072760
3.911560092000003,2182110
3.912560092000003,2182164
3.913560092000003,2179214
3.914560092000003,2075764
3.9155600920000033,2075764
3.9165600920000028,2072760
3.917560092000003,2074262
3.918560092000003,2075764
3.919560092000003,2075818
3.920560092000003,2074262
3.921560092000003,2075822
3.922560092000003,2075506
3.9235600920000033,2083598
3.9245600920000028,2075764
3.925560092000003,2177658
3.926560092000003,2077266
3.927560092000003,2072502
3.9285600920000032,2072760
3.929560092000003,2080324
3.930560092000003,2074262
3.9315600920000033,2077266
3.932560092000003,2521658
3.933560092000003,2595140
3.934560092000003,2197758
3.935560092000003,2077266
3.9365600920000032,2072760
3.937560092000003,2123940
3.938560092000003,2149120
3.9395600920000033,2024696
3.940560092000003,2014182
3.941560092000003,2174896
3.942560092000003,2129948
3.943560092000003,2557906
3.9445600920000032,2963558
3.945560092000003,2631890
3.946560092000003,2591008
3.9475600920000034,2700354
3.948560092000003,2593954
3.949560092000003,2592452
3.950560092000003,2593954
3.951560092000003,2594012
3.9525600920000032,2592452
3.953560092000003,2594940
3.954560092000003,2593954
3.9555600920000034,2595456
3.956560092000003,2955806
3.957560092000003,3122658
3.958560092000003,3121646
3.959560092000003,3122362
3.9605600920000033,3122658
3.961560092000003,3122658
3.962560092000003,3122870
3.9635600920000034,3122770
3.964560092000003,3122304
3.965560092000003,2991382
3.966560092000003,2595198
3.967560092000003,2700412
3.9685600920000033,2593954
3.969560092000003,2661722
3.970560092000003,3068344
3.9715600920000034,3122712
3.972560092000003,3122670
3.973560092000003,2343286
3.974560092000003,2162526
3.975560092000003,2086490
3.9765600920000033,2078822
3.977560092000003,1716184
3.978560092000003,1573780
3.9795600920000034,1554624
3.980560092000003,1559076
3.981560092000003,1566640
3.982560092000003,1916664
3.983560092000003,2092286
3.9845600920000033,2157196
3.985560092000003,2408030
3.986560092000003,2491818
3.9875600920000034,2346726
3.988560092000003,2056404
3.989560092000003,2090134
3.990560092000003,2033762
3.991560092000003,2150976
3.9925600920000033,2572926
3.993560092000003,2682608
3.994560092000003,2138402
3.9955600920000034,2102542
3.996560092000003,1627454
3.997560092000003,1557574
3.998560092000003,1554570
3.9995600920000034,1556072
4.000560092000003,1607252
4.001560092000004,2018688
4.002560092000003,2074262
4.003560092000003,1613480
4.004560092000003,1556072
4.005560092000003,1580540
4.006560092000003,1805162
4.007560092000003,2086602
4.008560092000003,1967952
4.009560092000003,1969562
4.010560092000003,2490424
4.011560092000003,2241316
4.012560092000003,2072760
4.013560092000003,2075764
4.0145600920000035,2077266
4.015560092000003,2072760
4.016560092000003,2182164
4.017560092000004,2074262
4.018560092000003,2180662
4.019560092000003,2075506
4.020560092000003,2088104
4.021560092000003,2074262
4.022560092000003,2072760
4.023560092000003,2077266
4.024560092000003,2075764
4.025560092000003,2083598
4.026560092000003,1906120
4.027560092000003,1662472
4.028560092000003,1596738
4.029560092000003,1620304
4.0305600920000035,1557574
4.031560092000003,1127142
4.032560092000003,1484088
4.033560092000004,1882288
4.034560092000003,1706250
4.035560092000003,1569760
4.036560092000003,1767524
4.037560092000003,1538048
4.038560092000003,1556072
4.039560092000003,1565084
4.040560092000003,1574420
4.041560092000003,1692866
4.042560092000003,2054736
4.043560092000003,2048892
4.044560092000003,1975436
4.045560092000003,1586582
4.0465600920000036,2029936
4.047560092000003,2143110
4.048560092000003,1897608
4.049560092000004,2397570
4.050560092000003,2523472
4.051560092000003,2221436
4.052560092000003,2811720
4.053560092000003,2588886
4.054560092000003,2812386
4.055560092000003,2766176
4.056560092000003,2863076
4.057560092000003,2697084
4.058560092000003,2887426
4.0595600920000035,3080714
4.060560092000003,3121488
4.061560092000003,3122884
4.062560092000004,3122944
4.063560092000003,3123128
4.064560092000003,3122658
4.065560092000004,3121650
4.066560092000003,3123668
4.0675600920000035,3122528
4.068560092000003,3122474
4.069560092000003,3122658
4.070560092000003,3122658
4.071560092000003,3122154
4.072560092000003,3122870
4.073560092000003,3122712
4.074560092000003,3122658
4.0755600920000035,3122774
4.076560092000003,3121998
4.077560092000003,3122770
4.078560092000004,3123864
4.079560092000003,3122712
4.080560092000003,3121268
4.081560092000004,3122762
4.082560092000003,3123376
4.0835600920000035,3121954
4.084560092000003,3123930
4.085560092000003,2964110
4.086560092000003,2627938
4.087560092000003,2602966
4.088560092000003,2612448
4.089560092000003,2946924
4.090560092000003,2743122
4.0915600920000035,2898188
4.092560092000003,2639538
4.093560092000003,2630002
4.094560092000004,2601934
4.095560092000003,2986412
4.096560092000003,3121214
4.097560092000004,2883930
4.098560092000003,2595514
4.0995600920000035,2784956
4.100560092000003,2822320
4.101560092000003,2102800
4.102560092000003,2089282
4.103560092000003,2105804
4.104560092000003,2114816
4.105560092000003,2122326
4.106560092000003,2126890
4.1075600920000035,2143096
4.108560092000003,2152366
4.109560092000003,2162880
4.110560092000004,2185410
4.111560092000003,2208380
4.112560092000003,2200430
4.113560092000004,2225964
4.114560092000003,2209774
4.1155600920000035,2075764
4.116560092000003,2072760
4.117560092000003,2075764
4.118560092000003,2077320
4.119560092000003,2084776
4.120560092000003,2219956
4.121560092000003,2355136
4.122560092000003,2458774
4.1235600920000035,2508664
4.124560092000003,2523360
4.125560092000003,2538380
4.126560092000004,2553400
4.127560092000003,2563914
4.128560092000003,2572926
4.129560092000004,2839004
4.130560092000003,3079100
4.1315600920000035,2948758
4.132560092000003,2613480
4.133560092000003,2634508
4.134560092000003,2180904
4.135560092000003,2205260
4.136560092000003,2236802
4.137560092000003,2296940
4.138560092000003,2566376
4.1395600920000035,2529126
4.140560092000003,2516860
4.141560092000003,3061082
4.142560092000004,2582408
4.143560092000003,2724310
4.144560092000003,3121820
4.145560092000004,3102100
4.146560092000003,3028198
4.1475600920000035,3122886
4.148560092000003,3122766
4.149560092000003,3122250
4.150560092000003,3122982
4.151560092000003,3122712
4.152560092000003,3122658
4.153560092000003,3122658
4.154560092000003,3122658
4.1555600920000035,3122658
4.156560092000003,3122658
4.157560092000003,3122774
4.158560092000004,3122658
4.159560092000003,3122658
4.160560092000003,3122658
4.161560092000004,3122870
4.162560092000003,3122986
4.1635600920000035,3122716
4.164560092000003,3122056
4.165560092000003,3122824
4.166560092000003,3122870
4.167560092000003,3122658
4.168560092000003,3122342
4.169560092000003,3122002
4.170560092000003,3122712
4.1715600920000036,3122712
4.172560092000003,3123558
4.173560092000003,3122770
4.174560092000004,3004598
4.175560092000003,2056238
4.176560092000003,2068578
4.177560092000004,2359754
4.178560092000003,2822316
4.179560092000004,3014950
4.180560092000003,3122770
4.181560092000003,3122694
4.182560092000003,3121422
4.183560092000003,3122658
4.1845600920000035,3122658
4.185560092000003,3122828
4.186560092000003,3122924
4.187560092000004,3122770
4.188560092000003,3122732
4.189560092000003,3123206
4.190560092000004,3122358
4.191560092000003,3122628
4.1925600920000035,3122604
4.193560092000004,3123090
4.194560092000003,3122002
4.195560092000004,3123036
4.196560092000003,2706936
4.197560092000003,2656796
4.198560092000003,2894208
4.199560092000003,3092618
4.2005600920000035,3114090
4.201560092000003,3122658
4.202560092000003,3122990
4.203560092000004,2766962
4.204560092000003,2654088
4.205560092000003,2764682
4.206560092000004,2682056
4.207560092000003,2658282
4.2085600920000035,2996602
4.209560092000004,3116762
4.210560092000003,3121488
4.211560092000004,3122658
4.212560092000003,3122658
4.213560092000003,3123752
4.214560092000003,3122658
4.215560092000003,3121592
4.2165600920000035,3122716
4.217560092000003,3122990
4.218560092000003,3122470
4.219560092000004,2769504
4.220560092000003,2577432
4.221560092000003,2590950
4.222560092000004,2108940
4.223560092000003,2075876
4.2245600920000035,2074262
4.225560092000004,2087892
4.226560092000003,2171538
4.227560092000004,2074262
4.228560092000003,2080270
4.229560092000003,2076896
4.230560092000003,1629508
4.231560092000003,1975184
4.2325600920000035,2075764
4.233560092000003,2072760
4.234560092000003,2077266
4.235560092000004,2074262
4.236560092000003,2088162
4.237560092000003,2130002
4.238560092000004,2586444
4.239560092000003,2593954
4.2405600920000035,2593954
4.241560092000004,2846402
4.242560092000003,3109464
4.243560092000004,3077598
4.244560092000003,3115260
4.245560092000003,3122658
4.246560092000003,3121268
4.247560092000003,3123848
4.2485600920000035,3122712
4.249560092000003,3122658
4.250560092000003,3122658
4.251560092000004,3122658
4.252560092000003,3121434
4.253560092000003,3123616
4.254560092000004,3122774
4.255560092000003,3122766
4.2565600920000035,3122924
4.257560092000004,3121326
4.258560092000003,3122716
4.259560092000004,3123898
4.260560092000003,3122060
4.261560092000003,3121992
4.262560092000003,3122824
4.263560092000003,3122590
4.2645600920000035,3122770
4.265560092000003,3122334
4.266560092000003,3092672
4.267560092000004,2761008
4.268560092000003,2859808
4.269560092000003,2867318
4.270560092000004,2849294
4.271560092000003,2970956
4.2725600920000035,3029646
4.273560092000004,3122982
4.274560092000003,3122624
4.275560092000004,3123044
4.276560092000003,3122712
4.277560092000003,2936410
4.278560092000003,2855302
4.279560092000003,2889848
4.2805600920000035,2873326
4.281560092000003,2943920
4.282560092000003,3098738
4.283560092000004,3122716
4.284560092000003,3122990
4.285560092000003,3095074
4.286560092000004,2590950
4.287560092000003,2523360
4.2885600920000035,2142698
4.289560092000004,2080594
4.290560092000003,2065628
4.291560092000004,2051790
4.292560092000003,1072544
4.293560092000003,1058910
4.294560092000003,1071138
4.295560092000003,1069482
4.2965600920000036,1075432
4.297560092000003,1101074
4.298560092000003,1096460
4.299560092000004,1110032
4.300560092000003,1123654
4.301560092000003,1165552
4.302560092000004,1897026
4.303560092000003,2188468
4.304560092000004,2234976
4.305560092000004,2283364
4.306560092000003,2307072
4.307560092000004,2332606
4.308560092000003,2371774
4.3095600920000035,2544304
4.310560092000003,2550396
4.311560092000003,2539882
4.312560092000004,2571690
4.313560092000003,2918498
4.314560092000003,3067250
4.315560092000004,3109584
4.316560092000003,3122712
4.3175600920000035,3123052
4.318560092000004,3122454
4.319560092000003,3122770
4.320560092000004,3122454
4.321560092000004,3122882
4.322560092000003,3122304
4.323560092000004,3122658
4.324560092000003,3122658
4.3255600920000035,3123504
4.326560092000003,3122658
4.327560092000003,3122770
4.328560092000004,3122346
4.329560092000003,2935016
4.330560092000003,2806180
4.331560092000004,2681070
4.332560092000003,2687402
4.3335600920000035,2831382
4.334560092000004,3122658
4.335560092000003,3122928
4.336560092000004,2881790
4.337560092000004,2733640
4.338560092000003,2739648
4.339560092000004,2695488
4.340560092000003,2219698
4.3415600920000035,2228968
4.342560092000003,2231972
4.343560092000003,2269522
4.344560092000004,2349128
4.345560092000003,2407706
4.346560092000003,2416718
4.347560092000004,2427290
4.348560092000003,2518912
4.3495600920000035,2653734
4.350560092000004,2650788
4.351560092000003,2171290
4.352560092000004,1990208
4.353560092000004,1979636
4.354560092000003,1794288
4.355560092000004,1803772
4.356560092000003,1946646
4.3575600920000035,1537334
4.358560092000003,1718806
4.359560092000003,1982964
4.360560092000004,1874828
4.361560092000003,1464192
4.362560092000003,1481084
4.363560092000004,1557220
4.364560092000003,1468956
4.3655600920000035,1489984
4.366560092000004,1915050
4.367560092000003,1747672
4.368560092000004,1144856
4.369560092000004,1141520
4.370560092000003,1435654
4.371560092000004,1742320
4.372560092000003,1916876
4.3735600920000035,2017298
4.374560092000003,2111812
4.375560092000003,2167710
4.376560092000004,2033688
4.377560092000003,2176886
4.378560092000003,1756778
4.379560092000004,1721292
4.380560092000003,1742644
4.3815600920000035,1758896
4.382560092000004,1757340
4.383560092000003,1775422
4.384560092000004,1477070
4.385560092000004,1320582
4.386560092000003,1312748
4.387560092000004,1347348
4.388560092000003,1386782
4.3895600920000035,1805404
4.390560092000003,1642752
4.391560092000003,838448
4.392560092000004,719516
4.393560092000003,717656
4.394560092000003,808400
4.395560092000004,783802
4.396560092000003,756708
4.3975600920000035,761780
4.398560092000004,785546
4.399560092000003,788142
4.400560092000004,761568
4.401560092000004,764572
4.402560092000003,770526
4.403560092000004,781098
4.404560092000003,891946
4.4055600920000035,1171754
4.406560092000003,1294724
4.407560092000003,1173394
4.408560092000004,857642
4.409560092000003,868156
4.410560092000003,884478
4.411560092000004,886180
4.412560092000003,1034990
4.4135600920000035,1408680
4.414560092000004,1054072
4.415560092000003,1053338
4.416560092000004,1030372
4.417560092000004,885524
4.418560092000003,521248
4.419560092000004,519750
4.420560092000003,800736
4.4215600920000036,1033376
4.422560092000003,821926
4.423560092000003,519692
4.424560092000004,521194
4.425560092000003,522696
4.426560092000003,551342
4.427560092000004,521194
4.428560092000003,522750
4.429560092000004,521194
4.430560092000004,551504
4.431560092000003,557508
4.432560092000004,540720
4.433560092000004,437670
4.4345600920000035,256954
4.435560092000004,641882
4.436560092000003,625280
4.437560092000004,336094
4.438560092000003,431074
4.439560092000003,507734
4.440560092000004,419356
4.441560092000003,6008
4.4425600920000035,7252
4.443560092000004,12124
4.444560092000003,85826
4.445560092000004,519692
4.446560092000004,551620
4.447560092000003,515186
4.448560092000004,585522
4.449560092000004,1006718
4.4505600920000035,1051724
4.451560092000004,569590
4.452560092000003,539330
4.453560092000004,527260
4.454560092000003,553884
4.455560092000003,519692
4.456560092000004,518190
4.457560092000003,536268
4.4585600920000035,519268
4.459560092000004,518190
4.460560092000003,522696
4.461560092000004,892358
4.462560092000004,1053168
4.463560092000003,727354
4.464560092000004,530206
4.465560092000004,530206
4.4665600920000035,638108
4.467560092000004,802014
4.468560092000003,536214
4.469560092000004,158424
4.470560092000003,13110
4.471560092000003,1560
4.472560092000004,15074
4.473560092000003,3058
4.4745600920000035,16576
4.475560092000004,7510
4.476560092000003,13518
4.477560092000004,18024
4.478560092000004,16522
4.479560092000003,28538
4.480560092000004,25534
4.481560092000004,30040
4.4825600920000035,49420
4.483560092000004,124370
4.484560092000003,146954
4.485560092000004,54072
4.486560092000003,710316
4.487560092000003,1066420
4.488560092000004,548952
4.489560092000003,417668
4.4905600920000035,583158
4.491560092000004,770338
4.492560092000003,1063416
4.493560092000004,1116310
4.494560092000004,625330
4.495560092000003,608692
4.496560092000004,1035044
4.497560092000004,1128060
4.4985600920000035,881706
4.499560092000004,634830
4.500560092000004,1027480
4.501560092000004,1584722
4.502560092000003,1814158
4.503560092000003,2284654
4.504560092000004,2677286
4.505560092000003,2191342
4.5065600920000035,1624960
4.507560092000004,1629670
4.508560092000003,1634176
4.509560092000004,1624322
4.510560092000004,1527156
4.511560092000003,1559076
4.512560092000004,1563636
4.513560092000004,1668480
4.5145600920000035,1563582
4.515560092000003,1655316
4.516560092000004,1726816
4.517560092000004,2047226
4.518560092000003,2086332
4.519560092000003,1610476
4.520560092000004,1563582
4.521560092000003,1177020
4.5225600920000035,651478
4.523560092000004,756906
4.524560092000003,531708
4.525560092000004,979416
4.526560092000004,1049956
4.527560092000003,634234
4.528560092000004,571084
4.529560092000004,562396
4.5305600920000035,566466
4.531560092000003,208176
4.532560092000004,51234
4.533560092000004,107790
4.534560092000003,468794
4.535560092000003,558744
4.536560092000004,182074
4.537560092000003,61582
4.5385600920000035,208224
4.539560092000004,421746
4.540560092000003,465944
4.541560092000004,206164
4.542560092000004,128884
4.543560092000003,133648
4.544560092000004,115712
4.545560092000004,129172
4.5465600920000036,244530
4.547560092000003,247642
4.548560092000004,147196
4.549560092000004,277982
4.550560092000003,674398
4.551560092000003,722794
4.552560092000004,277870
4.553560092000003,392346
4.554560092000004,485146
4.555560092000004,521194
4.556560092000003,587318
4.557560092000004,557000
4.558560092000004,450924
4.5595600920000035,503494
4.560560092000004,488150
4.561560092000004,456608
4.562560092000004,498664
4.563560092000003,492656
4.564560092000004,479138
4.565560092000004,914996
4.566560092000003,1085650
4.5675600920000035,703380
4.568560092000004,919224
4.569560092000003,1018356
4.570560092000004,623662
4.571560092000004,500166
4.572560092000003,498722
4.573560092000004,128328
4.574560092000004,107960
4.5755600920000035,3936
4.576560092000004,109458
4.577560092000004,1502
4.578560092000004,4506
4.579560092000003,2634
4.580560092000004,0
4.581560092000004,28704
4.582560092000003,756522
4.5835600920000035,524668
4.584560092000004,525500
4.585560092000003,646320
4.586560092000004,518190
4.587560092000004,524198
4.588560092000003,527256
4.589560092000004,540774
4.590560092000004,538098
4.5915600920000035,527202
4.592560092000004,599410
4.593560092000004,555386
4.594560092000004,543936
4.595560092000003,542222
4.596560092000004,537774
4.597560092000004,1171372
4.598560092000003,1240356
4.5995600920000035,1081826
4.600560092000004,1049898
4.601560092000003,1051400
4.602560092000004,1318850
4.603560092000004,896536
4.604560092000003,1306988
4.605560092000004,1548562
4.606560092000004,1188414
4.6075600920000035,1135678
4.608560092000004,1557574
4.609560092000004,1517352
4.610560092000004,1040886
4.611560092000003,1054786
4.612560092000004,1058910
4.613560092000004,1680704
4.614560092000003,2065250
4.6155600920000035,1663370
4.616560092000004,1892632
4.617560092000003,2377836
4.618560092000004,2747414
4.619560092000004,2493866
4.620560092000003,1816250
4.621560092000004,1559076
4.622560092000004,1566586
4.6235600920000035,1568088
4.624560092000004,1693660
4.625560092000004,1309142
4.626560092000004,1050280
4.627560092000003,1069478
4.628560092000004,1118582
4.629560092000004,1046948
4.630560092000003,1524288
4.6315600920000035,1663974
4.632560092000004,1159618
4.633560092000003,1036438
4.634560092000004,825876
4.635560092000004,522696
4.636560092000003,545226
4.637560092000004,539218
4.638560092000004,251326
4.6395600920000035,4248
4.640560092000004,54
4.641560092000004,1502
4.642560092000004,428182
4.643560092000003,626092
4.644560092000004,141520
4.645560092000004,1502
4.646560092000003,10838
4.6475600920000035,1502
4.648560092000004,109404
4.649560092000003,0
4.650560092000004,1502
4.651560092000004,1502
4.652560092000003,0
4.653560092000004,1502
4.654560092000004,0
4.6555600920000035,470
4.656560092000004,447040
4.657560092000004,4668
4.658560092000004,56368
4.659560092000003,1502
4.660560092000004,6124
4.661560092000004,1502
4.662560092000003,437222
4.6635600920000035,580120
4.664560092000004,321706
4.665560092000003,3058
4.666560092000004,460910
4.667560092000004,985182
4.668560092000003,628114
4.669560092000004,539330
4.670560092000004,933120
4.6715600920000036,1037882
4.672560092000004,670278
4.673560092000004,813996
4.674560092000004,1046948
4.675560092000003,1063416
4.676560092000004,1342900
4.677560092000004,1567734
4.678560092000003,1424398
4.679560092000004,1509510
4.680560092000004,1565554
4.681560092000003,1081772
4.682560092000004,1040886
4.683560092000004,1040886
4.6845600920000035,1051724
4.685560092000004,1064210
4.686560092000004,1249180
4.687560092000004,1304504
4.688560092000004,1406698
4.689560092000004,1061714
4.690560092000004,1038352
4.691560092000003,1548900
4.692560092000004,1055960
4.693560092000004,1060412
4.694560092000003,1006764
4.695560092000004,1204494
4.696560092000004,1165256
4.697560092000003,1052956
4.698560092000004,1412090
4.699560092000004,1048866
4.7005600920000035,1045446
4.701560092000004,1054404
4.702560092000004,1043890
4.703560092000004,1048866
4.704560092000004,1465238
4.705560092000004,1641972
4.706560092000004,1991818
4.707560092000003,1673614
4.708560092000004,2005282
4.709560092000004,2089282
4.710560092000003,1742764
4.711560092000004,1615798
4.712560092000004,2118890
4.713560092000003,1630722
4.714560092000004,2128204
4.715560092000004,2574482
4.7165600920000035,1781168
4.717560092000004,1083016
4.718560092000004,1054462
4.719560092000004,1507748
4.720560092000004,1798388
4.721560092000004,1723430
4.722560092000004,2054736
4.723560092000003,2332262
4.724560092000004,1884264
4.725560092000004,2471108
4.726560092000003,2079708
4.727560092000004,2286678
4.728560092000004,1688338
4.729560092000003,1985484
4.730560092000004,1642442
4.731560092000004,2283752
4.7325600920000035,1949282
4.733560092000004,2024452
4.734560092000004,1555868
4.735560092000004,2013884
4.736560092000004,1550064
4.737560092000004,1606286
4.738560092000004,2088838
4.739560092000003,1990830
4.740560092000004,1913862
4.741560092000004,1126670
4.742560092000003,1519380
4.743560092000004,1015788
4.744560092000004,1128118
4.745560092000003,1558808
4.746560092000004,948922
4.747560092000004,1409424
4.7485600920000035,1807396
4.749560092000004,1735006
4.750560092000004,1186808
4.751560092000004,1504818
4.752560092000004,1454200
4.753560092000004,1047364
4.754560092000004,1466536
4.755560092000003,1870782
4.756560092000004,1835438
4.757560092000004,1507648
4.758560092000003,1044360
4.759560092000004,1304204
4.760560092000004,1621036
4.761560092000003,1562192
4.762560092000004,1189916
4.763560092000004,1466740
4.7645600920000035,1472542
4.765560092000004,1553068
4.766560092000004,1632292
4.767560092000004,1162264
4.768560092000004,1045878
4.769560092000004,1447876
4.770560092000004,1528582
4.771560092000003,1553068
4.772560092000004,1535494
4.773560092000004,1156032
4.774560092000003,1044360
4.775560092000004,1199514
4.776560092000004,1352464
4.777560092000003,1929112
4.778560092000004,1093510
4.779560092000004,1086998
4.7805600920000035,1036380
4.781560092000004,1696320
4.782560092000004,1110938
4.783560092000004,2145968
4.784560092000004,2221740
4.785560092000004,2072760
4.786560092000004,2478564
4.787560092000003,2100266
4.788560092000004,2071258
4.789560092000004,2545758
4.790560092000003,2600608
4.791560092000004,2163404
4.792560092000004,2451112
4.793560092000003,2145796
4.794560092000004,2085246
4.795560092000004,2695488
4.7965600920000036,2615040
4.797560092000004,2550348
4.798560092000004,2552062
4.799560092000004,2497112
4.800560092000004,2128916
4.801560092000004,2330378
4.802560092000004,2412888
4.803560092000003,2008174
4.8045600920000044,1692846
4.805560092000004,1074416
4.806560092000003,990288
4.807560092000004,1389462
4.808560092000004,2015066
4.8095600920000035,2590554
4.810560092000004,2869430
4.811560092000004,2631894
4.812560092000004,2564828
4.813560092000004,2059574
4.814560092000004,2114816
4.815560092000004,2167444
4.816560092000004,2167440
4.817560092000004,2572796
4.818560092000004,2660042
4.819560092000003,2490648
4.8205600920000045,2386678
4.821560092000004,2442310
4.822560092000003,2724424
4.823560092000004,2837336
4.824560092000004,2453434
4.8255600920000035,2077736
4.826560092000004,2361558
4.827560092000004,2170298
4.828560092000004,1630624
4.829560092000004,1584664
4.830560092000004,1553068
4.831560092000004,1554570
4.832560092000004,1562550
4.833560092000004,1571416
4.834560092000004,1557574
4.835560092000003,1559076
4.8365600920000045,1559076
4.837560092000004,1560578
4.838560092000003,1571474
4.839560092000004,1892422
4.840560092000004,1700172
4.8415600920000035,1593888
4.842560092000004,1541522
4.843560092000004,1486980
4.844560092000004,1949520
4.845560092000004,2069814
4.846560092000004,2068790
4.847560092000004,1975246
4.848560092000004,2115082
4.849560092000004,2063806
4.850560092000004,2175166
4.851560092000003,2173448
4.8525600920000045,2239510
4.853560092000004,2085300
4.854560092000003,2317526
4.855560092000004,2286892
4.856560092000004,2066752
4.8575600920000035,2145326
4.858560092000004,2383772
4.859560092000004,2272542
4.860560092000004,2123736
4.861560092000004,2075764
4.862560092000004,2388292
4.863560092000004,2587946
4.864560092000004,2338946
4.865560092000004,1770480
4.866560092000004,1657854
4.867560092000003,1560578
4.8685600920000045,1563582
4.869560092000004,1578926
4.870560092000003,1575598
4.871560092000004,1880828
4.872560092000004,2419932
4.8735600920000035,1853258
4.874560092000004,1913602
4.875560092000004,2003106
4.876560092000004,2304786
4.877560092000004,1531434
4.878560092000004,1520818
4.879560092000004,1446426
4.880560092000004,1462386
4.881560092000004,1462948
4.882560092000004,1969456
4.883560092000003,1619384
4.8845600920000045,1514772
4.885560092000004,1512514
4.886560092000003,1518522
4.887560092000004,1503972
4.888560092000004,1500498
4.8895600920000035,1503502
4.890560092000004,1975566
4.891560092000004,2023194
4.892560092000004,1613480
4.893560092000004,1506564
4.894560092000004,1455438
4.895560092000004,1610256
4.896560092000004,1669870
4.897560092000004,1432252
4.898560092000004,1016854
4.899560092000003,988370
4.9005600920000045,962782
4.901560092000004,958276
4.902560092000003,955272
4.903560092000004,946260
4.904560092000004,979304
4.9055600920000035,1003394
4.906560092000004,1010900
4.907560092000004,1012406
4.908560092000004,1144578
4.909560092000004,1138516
4.910560092000004,1183958
4.911560092000004,1170116
4.912560092000004,1205752
4.913560092000004,1207662
4.914560092000004,1264684
4.915560092000003,1465952
4.9165600920000045,1693848
4.917560092000004,1764608
4.918560092000003,1484030
4.919560092000004,1468956
4.920560092000004,1598240
4.9215600920000036,1966118
4.922560092000004,2202044
4.923560092000004,2724740
4.924560092000004,2951504
4.925560092000004,2571838
4.926560092000004,2092286
4.927560092000004,2078826
4.928560092000004,2111812
4.9295600920000044,2187440
4.930560092000004,2557960
4.931560092000003,2741262
4.932560092000005,2514758
4.933560092000004,2464614
4.9345600920000035,2200954
4.935560092000004,1633578
4.936560092000004,1557628
4.937560092000004,1560578
4.938560092000004,1560578
4.939560092000004,1556072
4.940560092000004,1554570
4.941560092000004,1810684
4.942560092000004,1545612
4.943560092000004,1554570
4.944560092000004,1928680
4.9455600920000045,2072760
4.946560092000004,1760676
4.947560092000003,1557574
4.948560092000005,1559076
4.949560092000004,1557574
4.9505600920000035,1557574
4.951560092000004,1562080
4.952560092000004,1550064
4.953560092000004,1566586
4.954560092000004,1559400
4.955560092000004,1554628
4.956560092000004,1583432
4.957560092000004,1417822
4.958560092000004,1040886
4.959560092000004,1147286
4.960560092000004,1045392
4.9615600920000045,1050368
4.962560092000004,1405604
4.963560092000003,1042912
4.964560092000005,2061128
4.965560092000004,518190
4.9665600920000035,1154918
4.967560092000004,1161866
4.968560092000004,943990
4.969560092000004,1050336
4.970560092000004,945546
4.971560092000004,527256
4.972560092000004,540520
4.973560092000004,926080
4.974560092000004,1196132
4.975560092000004,1014954
4.976560092000004,974910
4.9775600920000045,1123608
4.978560092000004,1121810
4.979560092000003,1098186
4.980560092000005,1617300
4.981560092000004,1551308
4.9825600920000035,1094112
4.983560092000004,1187952
4.984560092000004,1128084
4.985560092000004,1548674
4.986560092000004,2063748
4.987560092000004,1657096
4.988560092000004,1108508
4.989560092000004,994648
4.990560092000004,1015352
4.991560092000004,1079938
4.992560092000004,1066420
4.9935600920000045,1060412
4.994560092000004,1009344
4.995560092000003,971794
4.996560092000005,970292
4.997560092000004,1024364
4.9985600920000035,1113418
4.999560092000004,719746
5.000560092000004,532032
5.001560092000004,518190
5.002560092000004,884644
5.003560092000004,1466422
5.004560092000004,1616494
5.005560092000004,674580
5.006560092000004,545226
5.007560092000004,536684
5.008560092000004,665498
5.0095600920000045,1019858
5.010560092000004,967620
5.011560092000003,518660
5.012560092000005,986570
5.013560092000004,532086
5.0145600920000035,530530
5.015560092000004,573876
5.016560092000004,527260
5.017560092000004,528704
5.018560092000004,528704
5.019560092000004,560358
5.020560092000004,1406136
5.021560092000004,1079376
5.022560092000004,1227036
5.023560092000004,528704
5.024560092000004,550202
5.0255600920000045,867684
5.026560092000004,745448
5.027560092000003,983096
5.028560092000005,882916
5.029560092000004,1152190
5.0305600920000035,1664420
5.031560092000004,1062384
5.032560092000004,1635504
5.033560092000004,1517100
5.034560092000004,1039384
5.035560092000004,1039384
5.036560092000004,1428514
5.037560092000004,1836050
5.038560092000004,1715478
5.039560092000004,2046982
5.040560092000004,1584698
5.0415600920000045,1948828
5.042560092000004,1665538
5.043560092000003,1996130
5.044560092000005,1713744
5.045560092000004,1529036
5.0465600920000036,1590184
5.047560092000004,2046954
5.048560092000004,1598598
5.049560092000004,1574420
5.050560092000004,1562080
5.051560092000004,1554570
5.052560092000004,1563582
5.053560092000004,1556072
5.0545600920000044,1976502
5.055560092000004,2041218
5.056560092000004,2095760
5.057560092000005,1710176
5.058560092000004,1929036
5.0595600920000035,1707328
5.060560092000005,2172242
5.061560092000004,1598352
5.062560092000004,1532940
5.063560092000004,1557574
5.064560092000004,1778580
5.065560092000004,1092166
5.066560092000004,1059704
5.067560092000004,1051724
5.068560092000004,1550398
5.069560092000004,1281646
5.0705600920000045,1590784
5.071560092000004,1456918
5.072560092000004,1039384
5.073560092000005,1037882
5.074560092000004,1040886
5.0755600920000035,681306
5.076560092000005,519692
5.077560092000004,521194
5.078560092000004,518190
5.079560092000004,521194
5.080560092000004,532032
5.081560092000004,519692
5.082560092000004,530530
5.083560092000004,519692
5.084560092000004,531978
5.085560092000004,533376
5.0865600920000045,634392
5.087560092000004,541868
5.088560092000004,519380
5.089560092000005,519746
5.090560092000004,626092
5.0915600920000035,519692
5.092560092000005,615932
5.093560092000004,531096
5.094560092000004,962894
5.095560092000004,1402980
5.096560092000004,1182206
5.097560092000004,706742
5.098560092000004,1117880
5.099560092000004,1155752
5.100560092000004,1064918
5.101560092000004,1165780
5.1025600920000045,1039184
5.103560092000004,1037882
5.104560092000004,1145784
5.105560092000005,1037882
5.106560092000004,1039558
5.1075600920000035,1051724
5.108560092000005,1037882
5.109560092000004,1040886
5.110560092000004,1037882
5.111560092000004,1037882
5.112560092000004,1077046
5.113560092000004,1100612
5.114560092000004,982308
5.115560092000004,965786
5.116560092000004,976300
5.117560092000004,1082942
5.1185600920000045,1126500
5.119560092000004,1154140
5.120560092000004,521248
5.121560092000005,519692
5.122560092000004,602414
5.1235600920000035,555386
5.124560092000005,515656
5.125560092000004,632158
5.126560092000004,935802
5.127560092000004,783202
5.128560092000004,862260
5.129560092000004,1066474
5.130560092000004,1037882
5.131560092000004,1036380
5.132560092000004,1042446
5.133560092000004,1184890
5.1345600920000045,1105176
5.135560092000004,1062246
5.136560092000004,1145730
5.137560092000005,1076842
5.138560092000004,1103616
5.1395600920000035,1054786
5.140560092000005,1076138
5.141560092000004,1416440
5.142560092000004,1556072
5.143560092000004,1557574
5.144560092000004,1556542
5.145560092000004,1983428
5.146560092000004,1640920
5.147560092000004,1725198
5.148560092000004,1727586
5.149560092000004,1204056
5.1505600920000045,1060412
5.151560092000004,1054874
5.152560092000004,1145838
5.153560092000005,1039384
5.154560092000004,1237760
5.1555600920000035,1557574
5.156560092000005,1560320
5.157560092000004,1666978
5.158560092000004,1666978
5.159560092000004,1559076
5.160560092000004,1559076
5.161560092000004,1728914
5.162560092000004,2059242
5.163560092000004,1979968
5.164560092000004,1575410
5.165560092000004,1557628
5.1665600920000045,1556072
5.167560092000004,1572918
5.168560092000004,2060614
5.169560092000005,2075506
5.170560092000004,2096904
5.1715600920000036,2158490
5.172560092000005,2448470
5.173560092000004,2092344
5.174560092000004,2077266
5.175560092000004,1858874
5.176560092000004,1691688
5.177560092000004,2048728
5.178560092000004,2313578
5.1795600920000044,2084888
5.180560092000004,2081772
5.181560092000004,2075764
5.182560092000005,2185168
5.183560092000004,2075822
5.184560092000004,2077266
5.185560092000005,2078768
5.186560092000004,2080270
5.187560092000004,2633230
5.188560092000005,2559378
5.189560092000004,1854700
5.190560092000004,1587614
5.191560092000004,1712022
5.192560092000004,1882006
5.193560092000004,2055996
5.194560092000004,1667498
5.1955600920000045,1557628
5.196560092000004,1560378
5.197560092000004,1559076
5.198560092000005,1557574
5.199560092000004,1264082
5.200560092000004,1210724
5.201560092000005,1542554
5.202560092000004,1466342
5.203560092000004,1051400
5.204560092000005,1057054
5.205560092000004,1144282
5.206560092000004,1062026
5.207560092000004,1535368
5.208560092000004,1554570
5.209560092000004,1560578
5.210560092000004,1557574
5.2115600920000045,1554570
5.212560092000004,1559076
5.213560092000004,1559076
5.214560092000005,1826602
5.215560092000004,1960110
5.216560092000004,2078804
5.217560092000005,1556126
5.218560092000004,1556072
5.219560092000004,1569914
5.220560092000005,1559134
5.221560092000004,1568412
5.222560092000004,1871604
5.223560092000004,2082096
5.224560092000004,1819254
5.225560092000004,1628022
5.226560092000004,2026256
5.2275600920000045,2076610
5.228560092000004,1566640
5.229560092000004,1569590
5.230560092000005,1590676
5.231560092000004,2134666
5.232560092000004,2249792
5.233560092000005,1945422
5.234560092000004,1954380
5.235560092000004,1566798
5.236560092000005,1559130
5.237560092000004,1554570
5.238560092000004,1477312
5.239560092000004,1040628
5.240560092000004,1410490
5.241560092000004,1565412
5.242560092000004,1648520
5.2435600920000045,1767370
5.244560092000004,1556072
5.245560092000004,1557574
5.246560092000005,1481030
5.247560092000004,1061312
5.248560092000004,1329382
5.249560092000005,1557898
5.250560092000004,1898610
5.251560092000004,2090954
5.252560092000005,2601094
5.253560092000004,2592564
5.254560092000004,2607738
5.255560092000004,2593954
5.256560092000004,2602808
5.257560092000004,2593954
5.258560092000004,2592510
5.2595600920000045,2709690
5.260560092000004,2593954
5.261560092000004,2586502
5.262560092000005,2584942
5.263560092000004,2198384
5.264560092000004,2116430
5.265560092000005,2141074
5.266560092000004,2065250
5.267560092000004,2090784
5.268560092000005,2074262
5.269560092000004,1801910
5.270560092000004,1556072
5.271560092000004,1557574
5.272560092000004,1940754
5.273560092000004,2079900
5.274560092000004,1738204
5.2755600920000045,1665418
5.276560092000004,1557690
5.277560092000004,1569856
5.278560092000005,1557574
5.279560092000004,1556072
5.280560092000004,1559076
5.281560092000005,1662472
5.282560092000004,1557150
5.283560092000004,1560578
5.284560092000005,1566968
5.285560092000004,1556126
5.286560092000004,1663974
5.287560092000004,1557574
5.288560092000004,1562080
5.289560092000004,1554570
5.290560092000004,1557574
5.2915600920000045,1559076
5.292560092000004,1553068
5.293560092000004,1890222
5.294560092000005,2084884
5.295560092000004,1826764
5.296560092000004,1560578
5.297560092000005,1557574
5.298560092000004,1559134
5.299560092000004,1560578
5.300560092000005,1572706
5.301560092000004,1985644
5.302560092000004,2081772
5.303560092000004,2081772
5.3045600920000044,2080270
5.305560092000004,2080270
5.306560092000004,2080270
5.307560092000005,2084776
5.308560092000004,2093788
5.309560092000004,2334108
5.310560092000005,2592452
5.311560092000004,2822370
5.3125600920000045,3107962
5.313560092000005,2972790
5.314560092000004,2601464
5.315560092000004,2660154
5.316560092000005,2665696
5.317560092000004,2628500
5.318560092000004,2975220
5.319560092000004,3122658
5.3205600920000045,3122362
5.321560092000004,3123156
5.322560092000004,3122002
5.323560092000005,3122358
5.324560092000004,3122658
5.325560092000004,3122716
5.326560092000005,3122982
5.327560092000004,3122924
5.3285600920000045,3122658
5.329560092000005,3122658
5.330560092000004,3123208
5.331560092000004,3122458
5.332560092000005,3122678
5.333560092000004,3122990
5.334560092000004,3122658
5.335560092000004,2782948
5.3365600920000045,2592452
5.337560092000004,2593954
5.338560092000004,2593954
5.339560092000005,2283940
5.340560092000004,2074262
5.341560092000004,2074262
5.342560092000005,2074262
5.343560092000004,2077266
5.3445600920000045,2086602
5.345560092000005,2074262
5.346560092000004,2063806
5.347560092000004,2079038
5.348560092000005,2107472
5.349560092000004,2103066
5.350560092000004,2118554
5.351560092000004,1766464
5.3525600920000045,2083710
5.353560092000004,2181810
5.354560092000004,2065366
5.355560092000005,2119376
5.356560092000004,2265398
5.357560092000004,2428380
5.358560092000005,2504000
5.359560092000004,2925932
5.3605600920000045,2594332
5.361560092000005,2214280
5.362560092000004,2078880
5.363560092000004,2111812
5.364560092000005,2268020
5.365560092000004,2480326
5.366560092000004,2734690
5.367560092000004,2164548
5.3685600920000045,2158490
5.369560092000004,2102542
5.370560092000004,2110310
5.371560092000005,2070226
5.372560092000004,1803300
5.373560092000004,1969346
5.374560092000005,2563914
5.375560092000004,2811972
5.3765600920000045,3101950
5.377560092000005,3123098
5.378560092000004,3122764
5.379560092000004,3068640
5.380560092000005,2780202
5.381560092000004,2823760
5.382560092000004,2991984
5.383560092000004,3071648
5.3845600920000045,3070146
5.385560092000004,3122712
5.386560092000004,3122658
5.387560092000005,3122716
5.388560092000004,3122304
5.389560092000004,3122454
5.390560092000005,3122658
5.391560092000004,3122658
5.3925600920000045,3122770
5.393560092000005,3122304
5.394560092000004,3122960
5.395560092000004,3122766
5.396560092000005,3122658
5.397560092000004,2678398
5.398560092000004,2987590
5.399560092000004,3122658
5.4005600920000045,2786542
5.401560092000004,2604468
5.402560092000004,2569922
5.403560092000005,2288392
5.404560092000004,2129890
5.405560092000004,2081830
5.406560092000005,2059624
5.407560092000004,2117774
5.4085600920000045,2111924
5.409560092000005,2201632
5.410560092000004,2098618
5.411560092000004,2078768
5.412560092000005,2078826
5.413560092000004,2189728
5.414560092000004,1718876
5.415560092000004,1574150
5.4165600920000045,1605638
5.417560092000004,1617654
5.418560092000004,1649196
5.419560092000005,1673228
5.420560092000004,1736482
5.421560092000004,1847106
5.422560092000005,1790438
5.423560092000004,1688526
5.4245600920000046,1569152
5.425560092000005,2040546
5.426560092000004,1919298
5.427560092000004,2104410
5.428560092000005,2268692
5.4295600920000044,2218266
5.430560092000004,1877832
5.431560092000004,1638682
5.432560092000005,1689750
5.433560092000004,1802516
5.434560092000004,2020522
5.435560092000005,1861144
5.436560092000004,2089282
5.4375600920000045,1888346
5.438560092000005,1611646
5.439560092000004,1637180
5.440560092000005,1718870
5.441560092000005,2051814
5.442560092000004,2353958
5.443560092000004,2213168
5.444560092000005,1645892
5.4455600920000045,1559076
5.446560092000004,1554628
5.447560092000004,1557574
5.448560092000005,1557632
5.449560092000004,1686488
5.450560092000004,1922560
5.451560092000005,1976686
5.452560092000004,1730582
5.4535600920000045,1663974
5.454560092000005,1556126
5.455560092000004,1619268
5.456560092000005,2015684
5.457560092000005,2074262
5.458560092000004,1610476
5.459560092000004,1554570
5.460560092000005,1187368
5.4615600920000045,870446
5.462560092000004,518190
5.463560092000004,521194
5.464560092000005,518190
5.465560092000004,520162
5.466560092000004,530476
5.467560092000005,1022838
5.468560092000004,539318
5.4695600920000045,522750
5.470560092000005,534712
5.471560092000004,910534
5.472560092000005,565276
5.473560092000005,654984
5.474560092000004,660638
5.475560092000004,767168
5.476560092000005,767522
5.4775600920000045,932742
5.478560092000004,590564
5.479560092000004,521248
5.480560092000005,519692
5.481560092000004,519750
5.482560092000004,519692
5.483560092000005,519692
5.484560092000004,521194
5.4855600920000045,522696
5.486560092000005,800678
5.487560092000004,1311358
5.488560092000005,1715396
5.489560092000005,1837278
5.490560092000004,1457272
5.491560092000004,1036380
5.492560092000005,1037882
5.4935600920000045,1930406
5.494560092000004,2168858
5.495560092000004,2075764
5.496560092000005,2015684
5.497560092000004,2078880
5.498560092000004,2545890
5.499560092000005,2649640
5.500560092000004,2637844
5.5015600920000045,2595456
5.502560092000005,2184298
5.503560092000004,2194446
5.504560092000005,2075764
5.505560092000005,2088104
5.506560092000004,2075822
5.507560092000004,1790968
5.508560092000005,1643366
5.5095600920000045,1594512
5.510560092000004,1556072
5.511560092000004,1556542
5.512560092000005,1557574
5.513560092000004,1942786
5.514560092000004,1608510
5.515560092000005,1557628
5.516560092000004,1134666
5.5175600920000045,1037882
5.518560092000005,1039384
5.519560092000004,1040886
5.520560092000005,1048720
5.521560092000005,1039384
5.522560092000004,1036380
5.523560092000004,1048720
5.524560092000005,1156622
5.5255600920000045,1036380
5.526560092000004,1042130
5.527560092000004,1037882
5.528560092000005,1039384
5.529560092000004,1039384
5.530560092000004,1160916
5.531560092000005,924518
5.532560092000004,1034878
5.5335600920000045,671726
5.534560092000005,522696
5.535560092000004,529028
5.536560092000005,521194
5.537560092000005,520936
5.538560092000004,519692
5.539560092000004,519750
5.540560092000005,530472
5.5415600920000045,519750
5.542560092000004,530472
5.543560092000004,519692
5.544560092000005,525700
5.545560092000004,627594
5.546560092000004,534882
5.547560092000005,536326
5.548560092000004,653482
5.5495600920000046,1016854
5.550560092000005,1056542
5.551560092000004,1911074
5.552560092000005,1744520
5.553560092000005,1160146
5.5545600920000044,1144336
5.555560092000004,1507294
5.556560092000005,1036850
5.557560092000005,1050222
5.558560092000004,1147286
5.559560092000004,1182776
5.560560092000005,1445026
5.561560092000004,1491420
5.5625600920000045,2216922
5.563560092000005,1628280
5.564560092000004,1458420
5.565560092000005,1036380
5.566560092000005,1037882
5.567560092000004,1038530
5.568560092000005,1554256
5.569560092000005,1847348
5.5705600920000045,521664
5.571560092000004,1161206
5.572560092000005,1166162
5.573560092000005,1341346
5.574560092000004,1179664
5.575560092000004,978540
5.576560092000005,1384864
5.577560092000004,909292
5.5785600920000045,1646130
5.579560092000005,736312
5.580560092000004,519750
5.581560092000005,667328
5.582560092000005,970864
5.583560092000004,1062248
5.584560092000005,543016
5.585560092000005,931558
5.5865600920000045,579210
5.587560092000004,1060746
5.588560092000005,837224
5.589560092000005,892610
5.590560092000004,1538424
5.591560092000004,1651280
5.592560092000005,1879334
5.593560092000004,2161112
5.5945600920000045,1713760
5.595560092000005,1871686
5.596560092000004,2150232
5.597560092000005,2443844
5.598560092000005,2930180
5.599560092000004,2467534
5.600560092000005,2294402
5.601560092000005,2107888
5.6025600920000045,2578798
5.603560092000004,2129274
5.604560092000005,2077266
5.605560092000005,2613868
5.606560092000004,2136892
5.607560092000004,2632200
5.608560092000005,2606574
5.609560092000004,2549744
5.6105600920000045,2678978
5.611560092000005,1746452
5.612560092000004,2111114
5.613560092000005,2196274
5.614560092000005,2130852
5.615560092000004,1573404
5.616560092000005,2390836
5.617560092000005,2364882
5.6185600920000045,1837966
5.619560092000004,1559288
5.620560092000005,1665476
5.621560092000005,1557574
5.622560092000004,1892222
5.623560092000004,1702144
5.624560092000005,1559076
5.625560092000004,1984876
5.6265600920000045,2128880
5.627560092000005,1610726
5.628560092000004,2534154
5.629560092000005,2139388
5.630560092000005,2875498
5.631560092000004,2447330
5.632560092000005,2320406
5.633560092000005,2508624
5.6345600920000045,2802772
5.635560092000004,3122304
5.636560092000005,3123106
5.637560092000005,3121964
5.638560092000004,2754106
5.639560092000004,2495292
5.640560092000005,2464782
5.641560092000004,2520356
5.6425600920000045,2579404
5.643560092000005,2773260
5.644560092000004,3122474
5.645560092000005,3122712
5.646560092000005,2889618
5.647560092000004,2565416
5.648560092000005,2553400
5.649560092000005,2555014
5.6505600920000045,2632350
5.651560092000004,2598256
5.652560092000005,2251942
5.653560092000005,2087426
5.654560092000004,2074262
5.655560092000004,1425754
5.656560092000005,1037940
5.657560092000004,1052956
5.6585600920000045,1063270
5.659560092000005,1081440
5.660560092000004,1345612
5.661560092000005,1580270
5.662560092000005,1625254
5.663560092000004,1557898
5.664560092000005,1430618
5.665560092000005,1144340
5.6665600920000045,1051724
5.667560092000004,1039384
5.668560092000005,1040886
5.669560092000005,1053226
5.670560092000004,1054986
5.671560092000004,1714138
5.672560092000005,1648692
5.673560092000004,1528132
5.6745600920000046,1673098
5.675560092000005,1634176
5.676560092000004,1844198
5.677560092000005,1997660
5.678560092000005,1835722
5.6795600920000044,1557628
5.680560092000005,1751444
5.681560092000005,2061214
5.682560092000005,1948426
5.683560092000004,1822952
5.684560092000005,2069176
5.685560092000005,2075506
5.686560092000004,1873326
5.6875600920000045,1583578
5.688560092000005,1930896
5.689560092000004,1607048
5.690560092000005,1554570
5.691560092000005,1556072
5.692560092000004,1568142
5.693560092000005,1560636
5.694560092000005,1336290
5.6955600920000045,1693190
5.696560092000005,2054736
5.697560092000005,1477130
5.698560092000005,1012406
5.699560092000004,933008
5.700560092000005,1019970
5.701560092000005,1946910
5.702560092000004,1919554
5.7035600920000045,575134
5.704560092000005,522750
5.705560092000004,524198
5.706560092000005,525700
5.707560092000005,524198
5.708560092000004,524198
5.709560092000005,536538
5.710560092000005,525700
5.7115600920000045,522696
5.712560092000005,904938
5.713560092000005,548230
5.714560092000005,528704
5.715560092000004,523220
5.716560092000005,524198
5.717560092000005,527260
5.718560092000004,524198
5.7195600920000045,551670
5.720560092000005,527202
5.721560092000004,537716
5.722560092000005,540720
5.723560092000005,1087220
5.724560092000004,542222
5.725560092000005,543724
5.726560092000005,558798
5.7275600920000045,859198
5.728560092000005,1079938
5.729560092000005,1107418
5.730560092000005,1084444
5.731560092000004,1081440
5.732560092000005,1082942
5.733560092000005,1201100
5.734560092000004,1121848
5.7355600920000045,1198712
5.736560092000005,1419502
5.737560092000004,1625164
5.738560092000005,1652528
5.739560092000005,1757152
5.740560092000004,1671996
5.741560092000005,1671780
5.742560092000005,1697314
5.7435600920000045,1700264
5.744560092000005,1713782
5.745560092000005,1721292
5.746560092000005,1973798
5.747560092000004,2230470
5.748560092000005,2391184
5.749560092000005,2319088
5.750560092000004,2336622
5.7515600920000045,2471022
5.752560092000005,2542558
5.753560092000004,1927536
5.754560092000005,1946592
5.755560092000005,1978134
5.756560092000004,2012680
5.757560092000005,2080324
5.758560092000005,2171704
5.7595600920000045,2032318
5.760560092000005,2005170
5.761560092000005,2117820
5.762560092000005,2147860
5.763560092000004,2536990
5.764560092000005,2578934
5.765560092000005,2596754
5.766560092000004,2689840
5.7675600920000045,2580436
5.768560092000005,2563258
5.769560092000004,2135926
5.770560092000005,2018688
5.771560092000005,2222888
5.772560092000004,2527682
5.773560092000005,2520526
5.774560092000005,2648084
5.7755600920000045,3056736
5.776560092000005,3122658
5.777560092000005,2891166
5.778560092000005,2706658
5.779560092000004,2793890
5.780560092000005,3122170
5.781560092000005,3122658
5.782560092000004,3122990
5.7835600920000045,2832772
5.784560092000005,2883952
5.785560092000004,3123040
5.786560092000005,3122770
5.787560092000005,3121600
5.788560092000004,3123918
5.789560092000005,3121600
5.790560092000005,3123752
5.7915600920000045,3122528
5.792560092000005,3122770
5.793560092000005,3122658
5.794560092000005,3121594
5.795560092000004,3123040
5.796560092000005,3123044
5.797560092000005,3122990
5.798560092000004,3122520
5.7995600920000046,3121492
5.800560092000005,3122824
5.801560092000004,3122780
5.802560092000005,3123560
5.803560092000005,2890172
5.8045600920000044,2577432
5.805560092000005,2597012
5.806560092000005,2777198
5.807560092000005,2765518
5.808560092000005,2927156
5.809560092000005,3005502
5.810560092000005,2846290
5.811560092000004,2377180
5.812560092000005,2622492
5.813560092000005,2637570
5.814560092000004,2640628
5.815560092000005,2643520
5.816560092000005,2751422
5.817560092000004,2660096
5.818560092000005,2690036
5.819560092000005,2700808
5.8205600920000045,2705102
5.821560092000005,2846838
5.822560092000005,3122304
5.823560092000005,3122824
5.824560092000005,3122712
5.825560092000005,3122658
5.826560092000005,3121488
5.827560092000004,3122658
5.828560092000005,3122774
5.829560092000005,3123848
5.830560092000004,3121264
5.831560092000005,3122716
5.832560092000005,3122712
5.833560092000004,3123154
5.834560092000005,3122712
5.835560092000005,3122824
5.8365600920000045,3122716
5.837560092000005,3122658
5.838560092000005,3122770
5.839560092000005,3122362
5.840560092000005,3122712
5.841560092000005,3122512
5.842560092000005,3122658
5.843560092000004,3122416
5.844560092000005,3122658
5.845560092000005,3122342
5.846560092000004,3123096
5.847560092000005,3122362
5.848560092000005,3122770
5.849560092000004,3122516
5.850560092000005,3123790
5.851560092000005,3122766
5.8525600920000045,3121322
5.853560092000005,3122658
5.854560092000005,3122712
5.855560092000005,3122658
5.856560092000005,3123752
5.857560092000005,3122658
5.858560092000005,3122658
5.859560092000004,3122712
5.860560092000005,3122716
5.861560092000005,3122770
5.862560092000004,3122712
5.863560092000005,3122716
5.864560092000005,3122212
5.865560092000004,3122358
5.866560092000005,3122712
5.867560092000005,3122716
5.8685600920000045,3122030
5.869560092000005,2691584
5.870560092000005,2535376
5.871560092000005,2520410
5.872560092000005,2523360
5.873560092000005,2523360
5.874560092000005,2521858
5.875560092000004,2521858
5.876560092000005,2523360
5.877560092000005,2526364
5.878560092000004,2559150
5.879560092000005,2723296
5.880560092000005,2885046
5.881560092000004,2980080
5.882560092000005,3062844
5.883560092000005,3123902
5.8845600920000045,3121542
5.885560092000005,3122770
5.886560092000005,3123864
5.887560092000005,3070300
5.888560092000005,2996490
5.889560092000005,3022078
5.890560092000005,3086934
5.891560092000004,3085432
5.892560092000005,3094348
5.893560092000005,3122782
5.894560092000004,3122658
5.895560092000005,3122658
5.896560092000005,3122548
5.897560092000004,3122362
5.898560092000005,3123652
5.899560092000005,3122458
5.9005600920000045,3122712
5.901560092000005,3122304
5.902560092000005,3122658
5.903560092000005,3122658
5.904560092000005,3122770
5.905560092000005,3122658
5.906560092000005,3122716
5.907560092000004,3122990
5.908560092000005,3122824
5.909560092000005,3122658
5.910560092000004,3122658
5.911560092000005,3122658
5.912560092000005,3121492
5.913560092000004,3122612
5.914560092000005,3122766
5.915560092000005,3122716
5.9165600920000045,3122986
5.917560092000005,3122978
5.918560092000005,3122770
5.919560092000005,3121638
5.920560092000005,3122824
5.921560092000005,3122658
5.922560092000005,3122870
5.923560092000004,3122770
5.924560092000005,3122712
5.925560092000005,3122658
5.926560092000004,3122832
5.927560092000005,3122936
5.928560092000005,3122820
5.9295600920000044,3122712
5.930560092000005,3122716
5.931560092000005,3122658
5.932560092000005,3122658
5.933560092000005,3122060
5.934560092000005,3122308
5.935560092000005,3122982
5.936560092000005,3122936
5.937560092000005,3122924
5.938560092000005,3122620
5.939560092000004,3122712
5.9405600920000055,3122712
5.941560092000005,3122658
5.942560092000004,3122308
5.943560092000005,3122770
5.944560092000005,3122712
5.9455600920000045,3122658
5.946560092000005,3121948
5.947560092000005,3122952
5.948560092000005,3122712
5.949560092000005,3122658
5.950560092000005,3122882
5.951560092000005,3122400
5.952560092000005,3122770
5.953560092000005,3122936
5.954560092000005,3122770
5.955560092000004,3122474
5.9565600920000055,3122712
5.957560092000005,3122658
5.958560092000004,3122658
5.959560092000005,3122716
5.960560092000005,3122304
5.9615600920000045,3122712
5.962560092000005,3122716
5.963560092000005,3122994
5.964560092000005,3122558
5.965560092000005,3122056
5.966560092000005,3122820
5.967560092000005,3122658
5.968560092000005,3122658
5.969560092000005,3122716
5.970560092000005,3122716
5.971560092000004,3122712
5.9725600920000055,3122712
5.973560092000005,3122716
5.974560092000004,3122658
5.975560092000005,3122102
5.976560092000005,3122716
5.9775600920000045,3122824
5.978560092000005,3122716
5.979560092000005,3122716
5.980560092000005,3122882
5.981560092000005,3122870
5.982560092000005,3121626
5.983560092000005,3122770
5.984560092000005,3122936
5.985560092000005,3123398
5.986560092000005,3121804
5.987560092000004,3122712
5.9885600920000055,3122716
5.989560092000005,3123190
5.990560092000004,3122638
5.991560092000005,3121946
5.992560092000005,3123036
5.9935600920000045,3122400
5.994560092000005,3094120
5.995560092000005,2969566
5.996560092000005,3122658
5.997560092000005,3122990
5.998560092000005,3119972
5.999560092000005,2692844
6.000560092000005,2557906
6.001560092000005,2588416
6.002560092000005,2682742
6.003560092000004,3023190
6.0045600920000055,3121626
6.005560092000005,2570040
6.006560092000004,2237888
6.007560092000005,2210398
6.008560092000005,2089282
6.0095600920000045,2108808
6.010560092000005,2080740
6.011560092000005,2079296
6.012560092000005,2186940
6.013560092000005,2374094
6.014560092000005,2478882
6.015560092000005,2648966
6.016560092000005,2387176
6.017560092000005,2418332
6.018560092000005,2957438
6.019560092000004,3123128
6.0205600920000055,2987810
6.021560092000005,2553016
6.022560092000004,3123900
6.023560092000005,2779170
6.024560092000005,3024108
6.0255600920000045,3107638
6.026560092000005,2732266
6.027560092000005,2589448
6.028560092000005,2590950
6.029560092000005,2600286
6.030560092000005,2596958
6.031560092000005,2350186
6.032560092000005,2080270
6.033560092000005,2075818
6.034560092000005,2069756
6.035560092000004,2053234
6.0365600920000055,2020302
6.037560092000005,2139452
6.038560092000004,2053758
6.039560092000005,2349054
6.040560092000005,1601656
6.0415600920000045,1487730
6.042560092000005,1045392
6.043560092000005,1039438
6.044560092000005,1059080
6.045560092000005,1178828
6.046560092000005,1103970
6.047560092000005,1270450
6.048560092000005,1296608
6.049560092000005,1255016
6.050560092000005,1234420
6.051560092000004,356606
6.0525600920000056,71442
6.053560092000005,403442
6.0545600920000044,528704
6.055560092000005,211082
6.056560092000005,386278
6.057560092000005,133490
6.058560092000005,25534
6.059560092000005,33514
6.060560092000005,109616
6.061560092000005,1560
6.062560092000005,582186
6.063560092000005,453770
6.064560092000005,565846
6.0655600920000055,638162
6.066560092000005,533680
6.067560092000004,521194
6.068560092000006,523940
6.069560092000005,626092
6.0705600920000045,521194
6.071560092000005,930320
6.072560092000005,1636936
6.073560092000005,1021746
6.074560092000005,1025624
6.075560092000005,956828
6.076560092000005,988316
6.077560092000005,1167490
6.078560092000005,1496462
6.079560092000005,1404702
6.080560092000005,1016966
6.0815600920000055,1084444
6.082560092000005,1011994
6.083560092000004,1011778
6.084560092000006,624026
6.085560092000005,599002
6.0865600920000045,498718
6.087560092000005,500166
6.088560092000005,697040
6.089560092000005,1007842
6.090560092000005,909636
6.091560092000005,503694
6.092560092000005,974554
6.093560092000005,1028788
6.094560092000005,804564
6.095560092000005,1081556
6.096560092000005,1024364
6.0975600920000055,1027368
6.098560092000005,1047688
6.099560092000004,1541024
6.100560092000006,1135890
6.101560092000005,1022862
6.1025600920000045,744992
6.103560092000005,943990
6.104560092000005,1007186
6.105560092000005,1446236
6.106560092000005,1948584
6.107560092000005,697488
6.108560092000005,1226572
6.109560092000005,1026670
6.110560092000005,516688
6.111560092000005,1076182
6.112560092000005,510680
6.1135600920000055,1308976
6.114560092000005,1485234
6.115560092000004,807474
6.116560092000006,974554
6.117560092000005,1058212
6.1185600920000045,933530
6.119560092000005,677068
6.120560092000005,845986
6.121560092000005,849926
6.122560092000005,580242
6.123560092000005,514154
6.124560092000005,988292
6.125560092000005,654988
6.126560092000005,519692
6.127560092000005,512182
6.128560092000005,510680
6.1295600920000055,552848
6.130560092000005,682814
6.131560092000004,513684
6.132560092000006,692276
6.133560092000005,1030484
6.1345600920000045,1227986
6.135560092000005,1477882
6.136560092000005,1045500
6.137560092000005,1065388
6.138560092000005,1034878
6.139560092000005,1031874
6.140560092000005,1028870
6.141560092000005,1034878
6.142560092000005,1141336
6.143560092000005,1044214
6.144560092000005,1034878
6.1455600920000055,1363928
6.146560092000005,1552036
6.147560092000004,1940848
6.148560092000006,1647186
6.149560092000005,2026632
6.1505600920000045,1568558
6.151560092000005,2255118
6.152560092000005,1561102
6.153560092000005,1396316
6.154560092000005,1046128
6.155560092000005,1415148
6.156560092000005,1045446
6.157560092000005,1101436
6.158560092000005,1032402
6.159560092000005,1034562
6.160560092000005,1034620
6.1615600920000055,1033118
6.162560092000005,1375626
6.163560092000004,1513776
6.164560092000006,1141274
6.165560092000005,1078706
6.1665600920000045,723886
6.167560092000005,527526
6.168560092000005,516688
6.169560092000005,517932
6.170560092000005,623034
6.171560092000005,516742
6.172560092000005,516688
6.173560092000005,516688
6.174560092000005,515186
6.175560092000005,516688
6.176560092000005,515186
6.1775600920000056,518190
6.178560092000005,516688
6.1795600920000044,516688
6.180560092000006,515656
6.181560092000005,901410
6.182560092000005,748162
6.183560092000005,1031874
6.184560092000005,900500
6.185560092000005,927156
6.186560092000005,553372
6.187560092000005,545280
6.188560092000005,654684
6.189560092000005,668564
6.1905600920000055,590406
6.191560092000005,629450
6.192560092000005,734478
6.193560092000006,851280
6.194560092000005,933020
6.1955600920000045,518244
6.196560092000006,316274
6.197560092000005,3004
6.198560092000005,1502
6.199560092000005,76714
6.200560092000005,45030
6.201560092000005,3004
6.202560092000005,145864
6.203560092000005,609512
6.204560092000005,458442
6.205560092000005,37312
6.2065600920000055,10780
6.207560092000005,1502
6.208560092000005,1502
6.209560092000006,0
6.210560092000005,1560
6.2115600920000045,0
6.212560092000006,1502
6.213560092000005,10726
6.214560092000005,416606
6.215560092000005,1045936
6.216560092000005,949332
6.217560092000005,428236
6.218560092000005,492656
6.219560092000005,195916
6.220560092000005,16846
6.221560092000005,274978
6.2225600920000055,519692
6.223560092000005,320258
6.224560092000005,3062
6.225560092000006,24298
6.226560092000005,121366
6.2275600920000045,15074
6.228560092000006,15020
6.229560092000005,15078
6.230560092000005,326158
6.231560092000005,591846
6.232560092000005,576360
6.233560092000005,552790
6.234560092000005,555740
6.235560092000005,561748
6.236560092000005,941866
6.237560092000005,1109978
6.2385600920000055,836946
6.239560092000005,662440
6.240560092000005,743174
6.241560092000006,902814
6.242560092000005,1602280
6.2435600920000045,2304180
6.244560092000006,2076154
6.245560092000005,1825216
6.246560092000005,1577424
6.247560092000005,1595178
6.248560092000005,1565084
6.249560092000005,1539550
6.250560092000005,1551566
6.251560092000005,1509510
6.252560092000005,1691364
6.253560092000005,1963114
6.2545600920000055,1984142
6.255560092000005,1996158
6.256560092000005,1993154
6.257560092000006,1988648
6.258560092000005,1982640
6.2595600920000045,1982698
6.260560092000006,1991918
6.261560092000005,1973686
6.262560092000005,2034666
6.263560092000005,2073230
6.264560092000005,1868924
6.265560092000005,1944926
6.266560092000005,1595124
6.267560092000005,1589328
6.268560092000005,2049986
6.269560092000005,1567718
6.2705600920000055,1967996
6.271560092000005,1688364
6.272560092000005,1556072
6.273560092000006,1351198
6.274560092000005,1056018
6.2755600920000045,1052956
6.276560092000006,1034878
6.277560092000005,1046894
6.278560092000005,1150644
6.279560092000005,1553068
6.280560092000005,1573784
6.281560092000005,1575598
6.282560092000005,1545558
6.283560092000005,1512514
6.284560092000005,1533654
6.285560092000005,1276098
6.2865600920000055,1602716
6.287560092000005,1557628
6.288560092000005,1349298
6.289560092000006,1545558
6.290560092000005,1743934
6.2915600920000045,2083016
6.292560092000006,1955936
6.293560092000005,1524530
6.294560092000005,1602800
6.295560092000005,1746472
6.296560092000005,1805404
6.297560092000005,1979694
6.298560092000005,2020190
6.299560092000005,1940306
6.300560092000005,1700264
6.301560092000005,1715562
6.3025600920000056,1613202
6.303560092000005,1595124
6.304560092000005,1590618
6.305560092000006,1590996
6.306560092000005,1565084
6.307560092000005,1730416
6.308560092000006,2044222
6.309560092000005,2304400
6.310560092000005,1761190
6.311560092000005,1069810
6.312560092000005,1186580
6.313560092000005,1389112
6.314560092000005,1258360
6.3155600920000055,1054516
6.316560092000005,1127702
6.317560092000005,565652
6.318560092000006,841232
6.319560092000005,1031874
6.320560092000005,1037882
6.321560092000006,1048720
6.322560092000005,1039384
6.323560092000005,1059080
6.324560092000006,1387494
6.325560092000005,1047218
6.326560092000005,1145730
6.327560092000005,1036434
6.328560092000005,1036438
6.329560092000005,1374654
6.330560092000005,1551566
6.3315600920000055,1392444
6.332560092000005,1037882
6.333560092000005,1037882
6.334560092000006,1129674
6.335560092000005,1627922
6.336560092000005,1557320
6.337560092000006,1557628
6.338560092000005,1554570
6.339560092000005,1331430
6.340560092000006,1039384
6.341560092000005,1036380
6.342560092000005,1037882
6.343560092000005,1037882
6.344560092000005,1373052
6.345560092000005,1596272
6.346560092000005,1556072
6.3475600920000055,1556072
6.348560092000005,1566856
6.349560092000005,1556126
6.350560092000006,1557574
6.351560092000005,2006784
6.352560092000005,2074262
6.353560092000006,1676564
6.354560092000005,1578602
6.355560092000005,1698874
6.356560092000006,2263514
6.357560092000005,2480246
6.358560092000005,2185742
6.359560092000005,1892852
6.360560092000005,1569702
6.361560092000005,1647286
6.362560092000005,1579304
6.3635600920000055,1846070
6.364560092000005,2077590
6.365560092000005,2075764
6.366560092000006,2074262
6.367560092000005,2385288
6.368560092000005,2597282
6.369560092000006,2337444
6.370560092000005,2091054
6.371560092000005,2434854
6.372560092000006,2707864
6.373560092000005,2275916
6.374560092000005,2078510
6.375560092000005,2074262
6.376560092000005,2075764
6.377560092000005,2075506
6.378560092000005,2191754
6.3795600920000055,2733014
6.380560092000005,2604792
6.381560092000005,2202264
6.382560092000006,2074262
6.383560092000005,2074262
6.384560092000005,1929580
6.385560092000006,2057798
6.386560092000005,2074262
6.387560092000005,2092340
6.388560092000006,2075764
6.389560092000005,2074262
6.390560092000005,2074262
6.391560092000005,2626824
6.392560092000005,2139318
6.393560092000005,2086278
6.394560092000005,2081826
6.3955600920000055,2087780
6.396560092000005,2100120
6.397560092000005,2093788
6.398560092000006,2095290
6.399560092000005,2087780
6.400560092000005,2206196
6.401560092000006,2185522
6.402560092000005,2156518
6.403560092000005,2123828
6.404560092000006,2237738
6.405560092000005,2001564
6.406560092000005,1652258
6.407560092000005,1674730
6.408560092000005,1744862
6.409560092000005,1820424
6.410560092000005,1811206
6.4115600920000055,1595178
6.412560092000005,1597774
6.413560092000005,1554570
6.414560092000006,1571416
6.415560092000005,1663974
6.416560092000005,1554570
6.417560092000006,1559076
6.418560092000005,1557574
6.419560092000005,1557574
6.420560092000006,1633110
6.421560092000005,2020190
6.422560092000005,2078768
6.423560092000005,1716876
6.424560092000005,1573064
6.425560092000005,2088114
6.426560092000005,1594092
6.4275600920000056,2093404
6.428560092000005,2353644
6.429560092000005,1478786
6.430560092000006,1840436
6.431560092000005,2316758
6.4325600920000054,1654496
6.433560092000006,1852992
6.434560092000005,1814306
6.435560092000005,1732770
6.436560092000006,1509194
6.437560092000005,2329468
6.438560092000005,1539550
6.439560092000005,1637292
6.4405600920000055,1556860
6.441560092000005,1810354
6.442560092000005,1677704
6.443560092000006,1907968
6.444560092000005,1124752
6.445560092000005,1214822
6.446560092000006,1149142
6.447560092000005,1211814
6.4485600920000055,1341398
6.449560092000006,1551566
6.450560092000005,1538326
6.451560092000005,944812
6.452560092000006,1562274
6.453560092000005,1500498
6.454560092000005,1086278
6.455560092000005,1001834
6.4565600920000055,1473574
6.457560092000005,1560848
6.458560092000005,1164760
6.459560092000006,1300844
6.460560092000005,1578602
6.461560092000005,1777310
6.462560092000006,1533542
6.463560092000005,1512514
6.4645600920000055,1516046
6.465560092000006,2025380
6.466560092000005,1535622
6.467560092000005,1526032
6.468560092000006,1521526
6.469560092000005,1532040
6.470560092000005,1517020
6.471560092000005,1695870
6.4725600920000055,2008174
6.473560092000005,1936410
6.474560092000005,1559076
6.475560092000006,1614392
6.476560092000005,1643188
6.477560092000005,1675990
6.478560092000006,1523028
6.479560092000005,1532040
6.4805600920000055,1568088
6.481560092000006,1577100
6.482560092000005,1322660
6.483560092000005,1069482
6.484560092000006,1069636
6.485560092000005,1042500
6.486560092000005,1027368
6.487560092000005,1111238
6.4885600920000055,1010846
6.489560092000005,1070926
6.490560092000005,1054404
6.491560092000006,1054728
6.492560092000005,1030372
6.493560092000005,1009344
6.494560092000006,992822
6.495560092000005,991320
6.4965600920000055,1095540
6.497560092000006,1966494
6.498560092000005,2030116
6.499560092000005,1943642
6.500560092000006,2128392
6.501560092000005,2035450
6.502560092000005,2121148
6.503560092000005,2135844
6.5045600920000055,2141852
6.505560092000005,2158432
6.506560092000005,2881002
6.507560092000006,3122658
6.508560092000005,3121812
6.509560092000005,3033782
6.510560092000006,3015886
6.511560092000005,3122304
6.5125600920000055,3050562
6.513560092000006,3032538
6.514560092000005,3101388
6.515560092000005,3092942
6.516560092000006,3029534
6.517560092000005,3041550
6.518560092000005,3091928
6.519560092000005,3124014
6.5205600920000055,3122416
6.521560092000005,3122362
6.522560092000005,2887798
6.523560092000006,2487524
6.524560092000005,2467786
6.525560092000005,2463450
6.526560092000006,3065690
6.527560092000005,3122658
6.5285600920000055,3123064
6.529560092000006,2898360
6.530560092000005,2666162
6.531560092000005,2826764
6.532560092000006,2992096
6.533560092000005,3121434
6.534560092000005,3004386
6.535560092000005,2505336
6.5365600920000055,2804050
6.537560092000005,3085486
6.538560092000005,3000996
6.539560092000006,2650428
6.540560092000005,2774064
6.541560092000005,2508340
6.542560092000006,2647526
6.543560092000005,2545890
6.5445600920000055,2356248
6.545560092000006,2132656
6.546560092000005,2128558
6.547560092000005,2813246
6.548560092000006,3065906
6.549560092000005,2246478
6.550560092000005,2006672
6.551560092000005,2080382
6.5525600920000056,2051378
6.553560092000005,2120640
6.554560092000005,2057852
6.555560092000006,2165288
6.556560092000005,1973628
6.5575600920000054,2075522
6.558560092000006,2273898
6.559560092000005,2402174
6.560560092000006,1949928
6.561560092000006,1577482
6.562560092000005,1550064
6.563560092000005,1927036
6.564560092000006,1939406
6.5655600920000055,1735196
6.566560092000005,1532098
6.567560092000005,1575706
6.568560092000006,1828258
6.569560092000005,2529422
6.570560092000005,2412544
6.571560092000006,1789214
6.572560092000005,1806906
6.5735600920000055,1964786
6.574560092000006,1771002
6.575560092000005,1482474
6.576560092000006,1477968
6.577560092000006,1546140
6.578560092000005,1635478
6.579560092000005,2153946
6.580560092000006,2510706
6.5815600920000055,1782228
6.582560092000005,1667690
6.583560092000005,1647694
6.584560092000006,1676556
6.585560092000005,1758896
6.586560092000005,1759936
6.587560092000006,1681062
6.588560092000005,1643188
6.5895600920000055,1643188
6.590560092000006,1634176
6.591560092000005,1637034
6.592560092000006,1730004
6.593560092000006,1620658
6.594560092000005,1619156
6.595560092000005,1626724
6.596560092000006,1642930
6.5975600920000055,1643188
6.598560092000005,1638682
6.599560092000005,1644902
6.600560092000006,1631172
6.601560092000005,1638428
6.602560092000005,1637234
6.603560092000006,1661324
6.604560092000005,1691742
6.6055600920000055,1692966
6.606560092000006,1709276
6.607560092000005,1741966
6.608560092000006,1830696
6.609560092000006,1836758
6.610560092000005,2044334
6.611560092000005,2278534
6.612560092000006,2296558
6.6135600920000055,2304068
6.614560092000005,2319088
6.615560092000005,2545760
6.616560092000006,2843286
6.617560092000005,3088224
6.618560092000005,3123048
6.619560092000006,2831926
6.620560092000005,2512588
6.6215600920000055,2499328
6.622560092000006,2496066
6.623560092000005,2491818
6.624560092000006,2819108
6.625560092000006,3000738
6.626560092000005,2714188
6.627560092000005,2470790
6.628560092000006,2455770
6.6295600920000055,2373160
6.630560092000005,2009020
6.631560092000005,1668120
6.632560092000006,1599630
6.633560092000005,2101522
6.634560092000005,2633006
6.635560092000006,2370488
6.636560092000005,2251934
6.6375600920000055,2577432
6.638560092000006,2603352
6.639560092000005,2204936
6.640560092000006,2134454
6.641560092000006,2245602
6.642560092000005,2874586
6.643560092000005,2922892
6.644560092000006,2592842
6.6455600920000055,2686762
6.646560092000005,2664606
6.647560092000005,2637566
6.648560092000006,2978224
6.649560092000005,3122574
6.650560092000005,3122712
6.651560092000006,2844788
6.652560092000005,2679568
6.6535600920000055,2682572
6.654560092000006,2479200
6.655560092000005,2221570
6.656560092000006,2610476
6.657560092000006,2665792
6.658560092000005,2173726
6.659560092000005,2150976
6.660560092000006,2498374
6.6615600920000055,3049060
6.662560092000005,2650760
6.663560092000005,1765506
6.664560092000006,1673228
6.665560092000005,1731806
6.666560092000005,1730416
6.667560092000006,1779516
6.668560092000005,1672050
6.6695600920000055,1634176
6.670560092000006,1623662
6.671560092000005,1658320
6.672560092000006,2003410
6.673560092000006,2071258
6.674560092000005,1560910
6.675560092000005,1529036
6.676560092000006,1506564
6.6775600920000056,1480972
6.678560092000005,1452434
6.679560092000005,1443422
6.680560092000006,1446426
6.681560092000005,1545382
6.6825600920000054,1441920
6.683560092000006,1492988
6.684560092000005,1764962
6.685560092000006,1988648
6.686560092000006,1864072
6.687560092000005,1459686
6.688560092000006,1450932
6.689560092000006,1446426
6.6905600920000055,1446426
6.691560092000005,1873106
6.692560092000006,1957430
6.693560092000006,1625496
6.694560092000005,1486980
6.695560092000005,1471960
6.696560092000006,1508008
6.697560092000005,1496316
6.6985600920000055,1482474
6.699560092000006,1876758
6.700560092000005,2027758
6.701560092000006,2374564
6.702560092000006,2068254
6.703560092000005,2129948
6.704560092000006,2596716
6.705560092000006,2566918
6.7065600920000055,2598784
6.707560092000005,2855302
6.708560092000006,3122400
6.709560092000006,3058396
6.710560092000005,2427232
6.711560092000005,2388050
6.712560092000006,2640516
6.713560092000005,2679892
6.7145600920000055,2924248
6.715560092000006,3101630
6.716560092000005,2027628
6.717560092000006,2120882
6.718560092000006,2373326
6.719560092000005,2641942
6.720560092000006,2475108
6.721560092000006,2041932
6.7225600920000055,1867098
6.723560092000005,1951068
6.724560092000006,1851966
6.725560092000006,1845958
6.726560092000005,1588988
6.727560092000005,1545558
6.728560092000006,2061986
6.729560092000005,1343954
6.7305600920000055,1279704
6.731560092000006,1654020
6.732560092000005,1267746
6.733560092000006,1245158
6.734560092000006,1242154
6.735560092000005,1327822
6.736560092000006,1407374
6.737560092000006,1541522
6.7385600920000055,1401444
6.739560092000005,1712470
6.740560092000006,2189278
6.741560092000006,2071784
6.742560092000005,1554570
6.743560092000005,1557574
6.744560092000006,2003538
6.745560092000005,2072814
6.7465600920000055,1678264
6.747560092000006,1643300
6.748560092000005,1596742
6.749560092000006,2033788
6.750560092000006,1557574
6.751560092000005,1662472
6.752560092000006,1554570
6.753560092000006,1557632
6.7545600920000055,1569386
6.755560092000005,1569590
6.756560092000006,1817532
6.757560092000006,2458006
6.758560092000005,1921860
6.759560092000005,1556072
6.760560092000006,1591320
6.761560092000005,1130404
6.7625600920000055,1044418
6.763560092000006,1875608
6.764560092000005,2022410
6.765560092000006,1750784
6.766560092000006,1560526
6.767560092000005,1361476
6.768560092000006,1898558
6.769560092000006,1826514
6.7705600920000055,1599738
6.771560092000005,1553538
6.772560092000006,1691700
6.773560092000006,1814232
6.774560092000005,1598182
6.775560092000005,1571562
6.776560092000006,1633738
6.777560092000005,1986832
6.7785600920000055,1753000
6.779560092000006,2124676
6.780560092000005,2472972
6.781560092000006,2125384
6.782560092000006,2111812
6.783560092000005,2587194
6.784560092000006,2223242
6.785560092000006,2361068
6.7865600920000055,2878796
6.787560092000005,3112202
6.788560092000006,3120886
6.789560092000006,3122334
6.790560092000005,3124042
6.791560092000005,3122598
6.792560092000006,3122474
6.793560092000005,3122952
6.7945600920000055,3121896
6.795560092000006,3122766
6.796560092000005,3123128
6.797560092000006,3122658
6.798560092000006,3121426
6.799560092000005,3123902
6.800560092000006,3122110
6.801560092000006,3123240
6.8025600920000056,3098738
6.803560092000005,3122474
6.804560092000006,2934656
6.805560092000006,2814418
6.806560092000005,2472218
6.8075600920000054,2083274
6.808560092000006,2111924
6.809560092000005,2568420
6.810560092000006,2650406
6.811560092000006,1904230
6.812560092000005,1583578
6.813560092000006,1559076
6.814560092000006,1559130
6.8155600920000055,1796504
6.816560092000006,2141964
6.817560092000006,1968068
6.818560092000006,1622272
6.819560092000005,1623366
6.820560092000006,1574566
6.821560092000006,1557574
6.822560092000005,1572706
6.8235600920000055,1985644
6.824560092000006,2074262
6.825560092000005,2072760
6.826560092000006,2081772
6.827560092000006,2077266
6.828560092000005,2088104
6.829560092000006,2074262
6.830560092000006,2083598
6.8315600920000055,2066752
6.832560092000006,2073558
6.833560092000006,2111920
6.834560092000006,2383414
6.835560092000005,2914124
6.836560092000006,2530640
6.837560092000006,2068254
6.838560092000005,2124676
6.8395600920000055,2087780
6.840560092000006,2033708
6.841560092000005,2041746
6.842560092000006,2281824
6.843560092000006,2361804
6.844560092000005,2448414
6.845560092000006,2034980
6.846560092000006,1646358
6.8475600920000055,2051944
6.848560092000006,2043260
6.849560092000006,1930380
6.850560092000006,1598448
6.851560092000005,1568558
6.852560092000006,1915568
6.853560092000006,1748614
6.854560092000005,1705052
6.8555600920000055,1951210
6.856560092000006,2365656
6.857560092000005,1922708
6.858560092000006,1681124
6.859560092000006,1580686
6.860560092000005,2051488
6.861560092000006,1589964
6.862560092000006,1589586
6.8635600920000055,1795808
6.864560092000006,1675578
6.865560092000006,1598710
6.866560092000006,2348036
6.867560092000005,2299344
6.868560092000006,2204884
6.869560092000006,2520096
6.870560092000005,1684602
6.8715600920000055,2023666
6.872560092000006,1631042
6.873560092000005,1608754
6.874560092000006,1680496
6.875560092000006,1613588
6.876560092000005,1880728
6.877560092000006,2835316
6.878560092000006,2623514
6.8795600920000055,2115618
6.880560092000006,2096792
6.881560092000006,2078768
6.882560092000006,2069756
6.883560092000005,2048728
6.884560092000006,2104302
6.885560092000006,2092286
6.886560092000005,2545760
6.8875600920000055,2603236
6.888560092000006,2283426
6.889560092000005,2075764
6.890560092000006,2088104
6.891560092000006,2075764
6.892560092000005,2040186
6.893560092000006,2042720
6.894560092000006,2045724
6.8955600920000055,2075764
6.896560092000006,2363888
6.897560092000006,2053758
6.898560092000006,2211716
6.899560092000005,2165488
6.900560092000006,2281572
6.901560092000006,2090430
6.902560092000005,2080270
6.9035600920000055,2081830
6.904560092000006,2084406
6.905560092000005,2074374
6.906560092000006,2334486
6.907560092000006,2563206
6.908560092000005,2348070
6.909560092000006,2012680
6.910560092000006,2150310
6.9115600920000055,2147602
6.912560092000006,2371712
6.913560092000006,2663046
6.914560092000006,2360056
6.915560092000005,2292052
6.916560092000006,2185410
6.917560092000006,2192662
6.918560092000005,2149474
6.9195600920000055,2118968
6.920560092000006,2138116
6.921560092000005,1719076
6.922560092000006,1545578
6.923560092000006,1039438
6.924560092000005,1037940
6.925560092000006,1048662
6.926560092000006,1144282
6.9275600920000056,1050222
6.928560092000006,1036380
6.929560092000006,1212226
6.930560092000006,1558818
6.931560092000005,1741532
6.932560092000006,1556126
6.933560092000006,1557574
6.934560092000005,1556130
6.935560092000006,2038592
6.936560092000006,2074262
6.937560092000005,1657038
6.938560092000006,1555040
6.939560092000006,1986540
6.9405600920000055,1644128
6.941560092000006,1575652
6.942560092000006,1576068
6.943560092000006,1557574
6.944560092000006,1559076
6.945560092000006,1662472
6.946560092000006,1560578
6.947560092000005,1662472
6.948560092000006,1557574
6.949560092000006,1556072
6.950560092000005,1558818
6.951560092000006,1553068
6.952560092000006,1237046
6.953560092000005,1049898
6.954560092000006,1037882
6.955560092000006,1039384
6.9565600920000055,1036380
6.957560092000006,1105584
6.958560092000006,1494490
6.959560092000006,1562080
6.960560092000006,1571416
6.961560092000006,1554570
6.962560092000006,1556184
6.963560092000005,1987146
6.964560092000006,2114928
6.965560092000006,1763068
6.966560092000005,1557574
6.967560092000006,1556072
6.968560092000006,1659468
6.969560092000005,1559076
6.970560092000006,1557574
6.971560092000006,1994768
6.9725600920000055,1966906
6.973560092000006,1287628
6.974560092000006,1036380
6.975560092000006,1039384
6.976560092000006,1039442
6.977560092000006,1037882
6.978560092000006,1013194
6.979560092000005,583000
6.980560092000006,576468
6.981560092000006,519692
6.982560092000005,730990
6.983560092000006,525130
6.984560092000006,528704
6.985560092000005,703048
6.986560092000006,1123662
6.987560092000006,1533542
6.9885600920000055,1571370
6.989560092000006,1058964
6.990560092000006,1129616
6.991560092000006,1648954
6.992560092000006,1613148
6.993560092000006,1287982
6.994560092000006,1622160
6.995560092000005,1646470
6.996560092000006,1197148
6.997560092000006,1231640
6.998560092000005,1275522
6.999560092000006,1308242
7.000560092000006,1362314
7.001560092000005,1041674
7.002560092000006,950766
7.003560092000006,974798
7.0045600920000055,994648
7.005560092000006,988374
7.006560092000006,1091712
7.007560092000006,991320
7.008560092000006,1001888
7.009560092000006,987284
7.010560092000006,1415576
7.011560092000005,1178474
7.012560092000006,997328
7.013560092000006,998830
7.014560092000005,1014286
7.015560092000006,1097974
7.016560092000006,1201600
7.017560092000005,1219736
7.018560092000006,1363574
7.019560092000006,718502
7.0205600920000055,821706
7.021560092000006,1051196
7.022560092000006,1031140
7.023560092000006,729618
7.024560092000006,758510
7.025560092000006,863650
7.026560092000006,586058
7.027560092000005,521248
7.028560092000006,519692
7.029560092000006,518190
7.030560092000005,623088
7.031560092000006,630544
7.032560092000006,522750
7.033560092000005,548512
7.034560092000006,976524
7.035560092000006,1246334
7.0365600920000055,1023248
7.037560092000006,950766
7.038560092000006,964284
7.039560092000006,959778
7.040560092000006,956774
7.041560092000006,967288
7.042560092000006,976624
7.043560092000005,965786
7.044560092000006,965844
7.045560092000006,1016854
7.046560092000005,1279874
7.047560092000006,1560902
7.048560092000006,1563582
7.049560092000005,1566798
7.050560092000006,1651134
7.051560092000006,1584256
7.0525600920000056,1940794
7.053560092000006,1584664
7.054560092000006,1562080
7.055560092000006,1554570
7.056560092000006,1595124
7.057560092000006,2184712
7.058560092000006,1435422
7.059560092000005,1553538
7.0605600920000064,1340062
7.061560092000006,1218396
7.062560092000005,2038440
7.063560092000006,1482806
7.064560092000006,1732706
7.0655600920000055,1455650
7.066560092000006,1935178
7.067560092000006,1318154
7.068560092000006,598128
7.069560092000006,524198
7.070560092000006,1081324
7.071560092000006,553260
7.072560092000006,1130886
7.073560092000006,544194
7.074560092000006,858078
7.075560092000005,1456172
7.0765600920000065,1192152
7.077560092000006,1231606
7.078560092000005,2340832
7.079560092000006,1492732
7.080560092000006,1048662
7.0815600920000055,1466740
7.082560092000006,1215312
7.083560092000006,1449278
7.084560092000006,1094866
7.085560092000006,1484876
7.086560092000006,1085184
7.087560092000006,1601786
7.088560092000006,1386928
7.089560092000006,2017000
7.090560092000006,1847604
7.091560092000005,1943468
7.0925600920000065,1595648
7.093560092000006,1619950
7.094560092000005,1916870
7.095560092000006,1649482
7.096560092000006,1844680
7.0975600920000055,2118144
7.098560092000006,2333108
7.099560092000006,1976612
7.100560092000006,2119918
7.101560092000006,1876966
7.102560092000006,1591088
7.103560092000006,1559076
7.104560092000006,2257090
7.105560092000006,1586166
7.106560092000006,2368450
7.107560092000005,2167498
7.1085600920000065,1828906
7.109560092000006,2801078
7.110560092000005,2654974
7.111560092000006,1791646
7.112560092000006,1896546
7.1135600920000055,1915908
7.114560092000006,1616264
7.115560092000006,1931064
7.116560092000006,2388444
7.117560092000006,1836824
7.118560092000006,1613148
7.119560092000006,1686746
7.120560092000006,1605696
7.121560092000006,1547796
7.122560092000006,1275802
7.123560092000005,1081494
7.1245600920000065,1522314
7.125560092000006,1078490
7.126560092000005,1493830
7.127560092000006,1095390
7.128560092000006,1085454
7.1295600920000055,1338584
7.130560092000006,1095428
7.131560092000006,1149030
7.132560092000006,1138486
7.133560092000006,1068716
7.134560092000006,1534442
7.135560092000006,1568612
7.136560092000006,2075524
7.137560092000006,1995532
7.138560092000006,2076234
7.139560092000005,2446034
7.1405600920000065,2121786
7.141560092000006,2104626
7.142560092000005,2210264
7.143560092000006,2479996
7.144560092000006,2108862
7.1455600920000055,2203412
7.146560092000006,2381896
7.147560092000006,2306392
7.148560092000006,2460994
7.149560092000006,2077378
7.150560092000006,2115286
7.151560092000006,2793188
7.152560092000006,2559878
7.153560092000006,2819532
7.154560092000006,3122716
7.155560092000005,3121958
7.1565600920000065,3123778
7.157560092000006,2664324
7.158560092000005,1955604
7.159560092000006,2352298
7.160560092000006,2500588
7.1615600920000055,2007904
7.162560092000006,1492988
7.163560092000006,1716786
7.164560092000006,2013004
7.165560092000006,2244162
7.166560092000006,2354754
7.167560092000006,1712808
7.168560092000006,2101152
7.169560092000006,2284624
7.170560092000006,1822312
7.171560092000005,1488482
7.1725600920000065,1512984
7.173560092000006,1886056
7.174560092000005,1069894
7.175560092000006,1117300
7.176560092000006,964284
7.1775600920000056,933212
7.178560092000006,968790
7.179560092000006,949264
7.180560092000006,950766
7.181560092000006,960102
7.182560092000006,947762
7.183560092000006,946260
7.184560092000006,946260
7.1855600920000064,947762
7.186560092000006,949264
7.187560092000005,941754
7.188560092000007,941754
7.189560092000006,1395470
7.1905600920000055,1461446
7.191560092000006,1057740
7.192560092000006,940310
7.193560092000006,951032
7.194560092000006,937248
7.195560092000006,940252
7.196560092000006,977802
7.197560092000006,1323374
7.198560092000006,1512572
7.199560092000006,1316518
7.200560092000006,519692
7.2015600920000065,522750
7.202560092000006,535094
7.203560092000005,521194
7.204560092000007,522696
7.205560092000006,521194
7.2065600920000055,522438
7.207560092000006,527202
7.208560092000006,533210
7.209560092000006,756628
7.210560092000006,1816690
7.211560092000006,1286568
7.212560092000006,862426
7.213560092000006,652262
7.214560092000006,663642
7.215560092000006,959218
7.216560092000006,544194
7.2175600920000065,558798
7.218560092000006,535182
7.219560092000005,946016
7.220560092000007,545604
7.221560092000006,575790
7.2225600920000055,693070
7.223560092000006,1019858
7.224560092000006,1050222
7.225560092000006,1042446
7.226560092000006,1041002
7.227560092000006,1073984
7.228560092000006,1161158
7.229560092000006,1689750
7.230560092000006,2027812
7.231560092000006,1661544
7.232560092000006,1855248
7.2335600920000065,1885176
7.234560092000006,2302678
7.235560092000005,2280368
7.236560092000007,1870792
7.237560092000006,1511012
7.2385600920000055,2131942
7.239560092000006,2075076
7.240560092000006,2024342
7.241560092000006,1741150
7.242560092000006,1559076
7.243560092000006,1629670
7.244560092000006,1668834
7.245560092000006,2141610
7.246560092000006,2263272
7.247560092000006,1800052
7.248560092000006,1740688
7.2495600920000065,2050230
7.250560092000006,2126594
7.251560092000005,2247946
7.252560092000007,2092452
7.253560092000006,2090784
7.2545600920000055,2129952
7.255560092000006,2176152
7.256560092000006,2314228
7.257560092000006,2473906
7.258560092000006,2954434
7.259560092000006,3043052
7.260560092000006,3059074
7.261560092000006,2925896
7.262560092000006,2997584
7.263560092000006,3089780
7.264560092000006,3123240
7.2655600920000065,3122416
7.266560092000006,3121966
7.267560092000005,3123094
7.268560092000007,3122866
7.269560092000006,3122716
7.2705600920000055,3122870
7.271560092000006,3122056
7.272560092000006,3122998
7.273560092000006,3122222
7.274560092000006,3123844
7.275560092000006,3121546
7.276560092000006,3123548
7.277560092000006,3122820
7.278560092000006,3122716
7.279560092000006,3121238
7.280560092000006,3123998
7.2815600920000065,2986088
7.282560092000006,2333738
7.283560092000005,2892664
7.284560092000007,2207670
7.285560092000006,1629670
7.2865600920000055,1638682
7.287560092000006,1557574
7.288560092000006,1575598
7.289560092000006,1559604
7.290560092000006,1724798
7.291560092000006,1824908
7.292560092000006,1674850
7.293560092000006,1566644
7.294560092000006,1569644
7.295560092000006,1634758
7.296560092000006,2016928
7.2975600920000065,2140674
7.298560092000006,1614982
7.299560092000005,1525642
7.300560092000007,1137014
7.301560092000006,1134010
7.3025600920000056,1126500
7.303560092000006,1100966
7.304560092000006,1049898
7.305560092000006,1129674
7.306560092000006,1122862
7.307560092000006,1396962
7.308560092000006,1051454
7.309560092000006,1024364
7.3105600920000064,1062442
7.311560092000006,1266676
7.312560092000006,1529564
7.313560092000007,1627754
7.314560092000006,1515350
7.3155600920000055,1405872
7.316560092000007,1757976
7.317560092000006,1642018
7.318560092000006,1565084
7.319560092000006,1559076
7.320560092000006,1559076
7.321560092000006,1574420
7.322560092000006,2045642
7.323560092000006,1641124
7.324560092000006,1577100
7.325560092000006,1568612
7.3265600920000065,1583108
7.327560092000006,1563090
7.328560092000006,2025468
7.329560092000007,1575652
7.330560092000006,1594092
7.3315600920000055,1559076
7.332560092000007,1556072
7.333560092000006,1562080
7.334560092000006,1569914
7.335560092000006,1560578
7.336560092000006,1742432
7.337560092000006,2062246
7.338560092000006,2077266
7.339560092000006,2080740
7.340560092000006,2569292
7.341560092000006,2655590
7.3425600920000065,2740302
7.343560092000006,2426312
7.344560092000006,2542328
7.345560092000007,2386048
7.346560092000006,2150972
7.3475600920000055,2173452
7.348560092000007,2219956
7.349560092000006,2259008
7.350560092000006,2259008
7.351560092000006,2341322
7.352560092000006,2636010
7.353560092000006,2530924
7.354560092000006,2597340
7.355560092000006,2715786
7.356560092000006,3101260
7.357560092000006,3123836
7.3585600920000065,2491518
7.359560092000006,2843776
7.360560092000006,2726130
7.361560092000007,2266850
7.362560092000006,2270910
7.3635600920000055,2658468
7.364560092000007,2697204
7.365560092000006,2340560
7.366560092000006,2136992
7.367560092000006,2202044
7.368560092000006,2566918
7.369560092000006,2578934
7.370560092000006,2599962
7.371560092000006,2602966
7.372560092000006,2589448
7.373560092000006,2699318
7.3745600920000065,3071590
7.375560092000006,3109140
7.376560092000006,3112202
7.377560092000007,3116392
7.378560092000006,3121268
7.3795600920000055,3122658
7.380560092000007,3122936
7.381560092000006,3122712
7.382560092000006,3122658
7.383560092000006,2989038
7.384560092000006,2698852
7.385560092000006,2598460
7.386560092000006,2596958
7.387560092000006,2593954
7.388560092000006,2480702
7.389560092000006,2198744
7.3905600920000065,2499382
7.391560092000006,2598460
7.392560092000006,2458596
7.393560092000007,2534654
7.394560092000006,2142438
7.3955600920000055,2074262
7.396560092000007,2559520
7.397560092000006,2676126
7.398560092000006,2872218
7.399560092000006,2734018
7.400560092000006,2631616
7.401560092000006,2685576
7.402560092000006,2955936
7.403560092000006,3121380
7.404560092000006,3122658
7.405560092000006,3122936
7.4065600920000065,3122770
7.407560092000006,3122982
7.408560092000006,3122828
7.409560092000007,3122766
7.410560092000006,3122304
7.4115600920000055,3122478
7.412560092000007,3122396
7.413560092000006,3122712
7.414560092000006,3122658
7.415560092000006,3122716
7.416560092000006,3122658
7.417560092000006,3122716
7.418560092000006,3122766
7.419560092000006,3122658
7.420560092000006,3122716
7.421560092000006,3122658
7.4225600920000065,3122658
7.423560092000006,3122716
7.424560092000006,3122712
7.425560092000007,3122716
7.426560092000006,3122712
7.4275600920000056,3122716
7.428560092000007,3123128
7.429560092000006,3122774
7.430560092000006,3122712
7.431560092000006,3122716
7.432560092000006,3121368
7.433560092000006,3122716
7.434560092000006,3122770
7.4355600920000064,3122382
7.436560092000006,3123182
7.437560092000006,3122400
7.438560092000007,3122716
7.439560092000006,3122736
7.440560092000006,3122716
7.441560092000007,3122712
7.442560092000006,3122716
7.443560092000006,3123240
7.444560092000007,3122362
7.445560092000006,3122304
7.446560092000006,3122226
7.447560092000006,3122882
7.448560092000006,3122936
7.449560092000006,3122712
7.450560092000006,3122832
7.4515600920000065,3122716
7.452560092000006,3122824
7.453560092000006,3122936
7.454560092000007,3122712
7.455560092000006,3122712
7.456560092000006,3121422
7.457560092000007,3122774
7.458560092000006,3123844
7.459560092000006,3122716
7.460560092000007,3121214
7.461560092000006,3122770
7.462560092000006,3122824
7.463560092000006,3123652
7.464560092000006,3122516
7.465560092000006,3122658
7.466560092000006,3121792
7.4675600920000065,3122716
7.468560092000006,3122928
7.469560092000006,3122204
7.470560092000007,3123752
7.471560092000006,3122250
7.472560092000006,3122626
7.473560092000007,3122712
7.474560092000006,3122658
7.475560092000006,3123044
7.476560092000007,3122766
7.477560092000006,3122712
7.478560092000006,3122308
7.479560092000006,3122990
7.480560092000006,3122658
7.481560092000006,3121684
7.482560092000006,3122658
7.4835600920000065,3122342
7.484560092000006,3122770
7.485560092000006,3122936
7.486560092000007,3122712
7.487560092000006,3122658
7.488560092000006,3122712
7.489560092000007,3122658
7.490560092000006,3123048
7.491560092000006,3122906
7.492560092000007,3122658
7.493560092000006,3122990
7.494560092000006,3122658
7.495560092000006,3121256
7.496560092000006,3123094
7.497560092000006,3122770
7.498560092000006,3123106
7.4995600920000065,3122658
7.500560092000006,3122712
7.501560092000006,3122978
7.502560092000007,3121654
7.503560092000006,3122304
7.504560092000006,3122658
7.505560092000007,3122770
7.506560092000006,3122658
7.507560092000006,3122770
7.508560092000007,3123160
7.509560092000006,3122716
7.510560092000006,3122774
7.511560092000006,3122056
7.512560092000006,3122820
7.513560092000006,3122766
7.514560092000006,3123382
7.5155600920000065,3122770
7.516560092000006,3121272
7.517560092000006,3122712
7.518560092000007,3122716
7.519560092000006,3122766
7.520560092000006,3122824
7.521560092000007,3122712
7.522560092000006,3122658
7.523560092000006,3123154
7.524560092000007,3122304
7.525560092000006,3123402
7.526560092000006,3122820
7.527560092000006,3122108
7.528560092000006,3123036
7.529560092000006,3121434
7.530560092000006,3123580
7.5315600920000065,3122474
7.532560092000006,3122712
7.533560092000006,3122882
7.534560092000007,3122466
7.535560092000006,3122716
7.536560092000006,3123148
7.537560092000007,3122346
7.538560092000006,3121770
7.539560092000006,3122716
7.540560092000007,3122766
7.541560092000006,3122412
7.542560092000006,3123494
7.543560092000006,3122870
7.544560092000006,3122002
7.545560092000006,3123160
7.546560092000006,3123036
7.5475600920000065,3121546
7.548560092000006,3122770
7.549560092000006,3122712
7.550560092000007,3123036
7.551560092000006,3122268
7.552560092000006,3122936
7.553560092000007,3122658
7.554560092000006,3122878
7.555560092000006,3122766
7.556560092000007,3122716
7.557560092000006,3122774
7.558560092000006,3122770
7.559560092000006,3122870
7.5605600920000064,3122280
7.561560092000006,3122770
7.562560092000006,3122716
7.563560092000007,3121762
7.564560092000006,3123806
7.565560092000006,3122658
7.566560092000007,3122412
7.567560092000006,3122658
7.5685600920000065,3122824
7.569560092000007,3122308
7.570560092000006,3122250
7.571560092000006,3122766
7.572560092000007,3122716
7.573560092000006,3122582
7.574560092000006,3122712
7.575560092000006,3122774
7.5765600920000065,3122712
7.577560092000006,3122716
7.578560092000006,3122828
7.579560092000007,3122712
7.580560092000006,3122366
7.581560092000006,3122110
7.582560092000007,3122712
7.583560092000006,3122712
7.5845600920000065,3122824
7.585560092000007,3122712
7.586560092000006,3122060
7.587560092000006,3123450
7.588560092000007,3123048
7.589560092000006,3122304
7.590560092000006,3122770
7.591560092000006,3122508
7.5925600920000065,3122658
7.593560092000006,3122924
7.594560092000006,3122250
7.595560092000007,3122166
7.596560092000006,3123244
7.597560092000006,3122766
7.598560092000007,3122928
7.599560092000006,3122712
7.6005600920000065,3122716
7.601560092000007,3121750
7.602560092000006,3123504
7.603560092000006,3122056
7.604560092000007,3122774
7.605560092000006,3122712
7.606560092000006,3123048
7.607560092000006,3122720
7.6085600920000065,3122576
7.609560092000006,3122432
7.610560092000006,3123322
7.611560092000007,3121504
7.612560092000006,3122820
7.613560092000006,3122522
7.614560092000007,3122770
7.615560092000006,3062336
7.6165600920000065,3046168
7.617560092000007,3074796
7.618560092000006,2353772
7.619560092000006,2018754
7.620560092000007,2007196
7.621560092000006,2009676
7.622560092000006,1768516
7.623560092000006,1512572
7.6245600920000065,1791998
7.625560092000006,2051732
7.626560092000006,1883840
7.627560092000007,1663000
7.628560092000006,1653460
7.629560092000006,1540490
7.630560092000007,1626894
7.631560092000006,2147560
7.6325600920000065,2625666
7.633560092000007,3103132
7.634560092000006,2759484
7.635560092000006,2112136
7.636560092000007,2068254
7.637560092000006,2071258
7.638560092000006,2077266
7.639560092000006,2075764
7.6405600920000065,2058834
7.641560092000006,2054736
7.642560092000006,2060744
7.643560092000007,2065304
7.644560092000006,2163828
7.645560092000006,2038180
7.646560092000007,2201932
7.647560092000006,2472292
7.6485600920000065,2822536
7.649560092000007,2534310
7.650560092000006,2420966
7.651560092000006,2335610
7.652560092000007,2474018
7.653560092000006,2945068
7.654560092000006,2953210
7.655560092000006,2388234
7.6565600920000065,2599962
7.657560092000006,2601464
7.658560092000006,2509530
7.659560092000007,2553512
7.660560092000006,2635640
7.661560092000006,2724740
7.662560092000007,2630334
7.663560092000006,2634562
7.6645600920000065,3082386
7.665560092000007,3122358
7.666560092000006,3122694
7.667560092000006,3123204
7.668560092000007,2764994
7.669560092000006,2231972
7.670560092000006,2268344
7.671560092000006,2388238
7.6725600920000065,2433240
7.673560092000006,2585154
7.674560092000006,2837390
7.675560092000007,3083606
7.676560092000006,3017518
7.677560092000006,2960442
7.678560092000007,3037126
7.679560092000006,2958940
7.6805600920000066,3008506
7.681560092000007,2897470
7.682560092000006,2861780
7.683560092000006,3074594
7.684560092000007,3077552
7.6855600920000064,3094460
7.686560092000006,3122208
7.687560092000006,3122770
7.688560092000007,3122712
7.689560092000006,3123052
7.690560092000006,3121480
7.691560092000007,3122832
7.692560092000006,3123340
7.6935600920000065,3122936
7.694560092000007,3122110
7.695560092000006,3122990
7.696560092000007,3122712
7.697560092000007,3122658
7.698560092000006,2742652
7.699560092000006,2508340
7.700560092000007,2579316
7.7015600920000065,2786550
7.702560092000006,2697292
7.703560092000006,2643990
7.704560092000007,2535302
7.705560092000006,2323652
7.706560092000006,2084076
7.707560092000007,1991706
7.708560092000006,2155840
7.7095600920000065,2446728
7.710560092000007,2476798
7.711560092000006,2478690
7.712560092000007,2616538
7.713560092000007,2592156
7.714560092000006,2422892
7.715560092000006,2837548
7.716560092000007,3049114
7.7175600920000065,2636342
7.718560092000006,2677920
7.719560092000006,2981794
7.720560092000007,2862112
7.721560092000006,2958816
7.722560092000006,2457796
7.723560092000007,2412212
7.724560092000006,2461070
7.7255600920000065,2558018
7.726560092000007,2485456
7.727560092000006,2413714
7.728560092000007,2921502
7.729560092000007,3093862
7.730560092000006,2658872
7.731560092000006,2577432
7.732560092000007,2629216
7.7335600920000065,2062300
7.734560092000006,2063394
7.735560092000006,2177900
7.736560092000007,2176868
7.737560092000006,2604910
7.738560092000006,2036262
7.739560092000007,2340116
7.740560092000006,2404760
7.7415600920000065,2762344
7.742560092000007,2906594
7.743560092000006,3122748
7.744560092000007,3122416
7.745560092000007,3122420
7.746560092000006,3122320
7.747560092000006,3122454
7.748560092000007,3122346
7.7495600920000065,3124068
7.750560092000006,3122304
7.751560092000006,3122114
7.752560092000007,3122470
7.753560092000006,3034040
7.754560092000006,2952674
7.755560092000007,3085432
7.756560092000006,3098684
7.7575600920000065,3115148
7.758560092000007,3122658
7.759560092000006,3121214
7.760560092000007,3123844
7.761560092000007,3121480
7.762560092000006,3122940
7.763560092000006,3122454
7.764560092000007,3122770
7.7655600920000065,3122936
7.766560092000006,3122944
7.767560092000006,3123024
7.768560092000007,3122766
7.769560092000006,3121804
7.770560092000006,3123044
7.771560092000007,3123128
7.772560092000006,3122712
7.7735600920000065,3121434
7.774560092000007,3122716
7.775560092000006,3123864
7.776560092000007,3122716
7.777560092000007,3121322
7.778560092000006,3122712
7.779560092000006,3123182
7.780560092000007,3122712
7.7815600920000065,3122658
7.782560092000006,3122658
7.783560092000006,3122658
7.784560092000007,3122716
7.785560092000006,3122716
7.786560092000006,3122176
7.787560092000007,3122720
7.788560092000006,3123148
7.7895600920000065,3122932
7.790560092000007,3122824
7.791560092000006,3121842
7.792560092000007,3122712
7.793560092000007,3122658
7.794560092000006,3122658
7.795560092000006,3123214
7.796560092000007,3122716
7.7975600920000065,3122882
7.798560092000006,3121542
7.799560092000006,3122774
7.800560092000007,3123050
7.801560092000006,3122828
7.802560092000006,3122770
7.803560092000007,3121766
7.804560092000006,3123304
7.8055600920000066,3123182
7.806560092000007,3122712
7.807560092000006,3122712
7.808560092000007,3121434
7.809560092000007,3122712
7.8105600920000064,3123464
7.811560092000006,3123036
7.812560092000007,3121638
7.813560092000007,3122978
7.814560092000006,3122982
7.815560092000006,3122416
7.816560092000007,2906370
7.817560092000006,2944090
7.8185600920000065,3109982
7.819560092000007,3054002
7.820560092000006,3122990
7.821560092000007,2977296
7.822560092000007,2741754
7.823560092000006,2519024
7.824560092000007,2166124
7.825560092000007,2057386
7.8265600920000065,2018858
7.827560092000006,2000664
7.828560092000007,2021488
7.829560092000007,2015684
7.830560092000006,2031028
7.831560092000006,2033708
7.832560092000007,2066752
7.833560092000006,2072760
7.8345600920000065,2072760
7.835560092000007,2061838
7.836560092000006,2530982
7.837560092000007,2684186
7.838560092000007,2448404
7.839560092000006,2216148
7.840560092000007,2411342
7.841560092000007,2697206
7.8425600920000065,2312072
7.843560092000006,2098468
7.844560092000007,1774892
7.845560092000007,1575710
7.846560092000006,1152882
7.847560092000006,1092894
7.848560092000007,1051928
7.849560092000006,1171372
7.8505600920000065,1448662
7.851560092000007,1061968
7.852560092000006,1054404
7.853560092000007,1055964
7.854560092000007,1062708
7.855560092000006,1175146
7.856560092000007,2088148
7.857560092000007,2254226
7.8585600920000065,1942472
7.859560092000006,1563582
7.860560092000007,1574890
7.861560092000007,1562080
7.862560092000006,1562874
7.863560092000006,1871902
7.864560092000007,1713236
7.865560092000006,1592232
7.8665600920000065,1952712
7.867560092000007,2706474
7.868560092000006,2751434
7.869560092000007,2891464
7.870560092000007,2810120
7.871560092000006,2584242
7.872560092000007,2110780
7.873560092000007,2182164
7.8745600920000065,2280954
7.875560092000006,2269808
7.876560092000007,2083328
7.877560092000007,2244100
7.878560092000006,2577432
7.879560092000006,2597428
7.880560092000007,2494880
7.881560092000006,2717718
7.8825600920000065,2125142
7.883560092000007,2513370
7.884560092000006,2610476
7.885560092000007,2233098
7.886560092000007,2073230
7.887560092000006,2022592
7.888560092000007,1933284
7.889560092000007,1737814
7.8905600920000065,2062624
7.891560092000006,2229080
7.892560092000007,2541708
7.893560092000007,2571536
7.894560092000006,2085108
7.895560092000006,2274668
7.896560092000007,2556466
7.897560092000006,2768404
7.8985600920000065,2384916
7.899560092000007,2136368
7.900560092000006,2205164
7.901560092000007,2100266
7.902560092000007,2297048
7.903560092000006,3002610
7.904560092000007,3040380
7.905560092000007,2278978
7.9065600920000065,2293282
7.907560092000006,1834842
7.908560092000007,1906620
7.909560092000007,2396462
7.910560092000006,1798696
7.911560092000006,1574096
7.912560092000007,1556072
7.913560092000006,1557574
7.9145600920000065,1562134
7.915560092000007,1563582
7.916560092000006,1562080
7.917560092000007,1585192
7.918560092000007,1975130
7.919560092000006,2081772
7.920560092000007,1730636
7.921560092000007,1617882
7.9225600920000065,2479770
7.923560092000006,2072760
7.924560092000007,1724386
7.925560092000007,1560902
7.926560092000006,1553122
7.927560092000006,1540794
7.928560092000007,1512514
7.929560092000006,1552826
7.9305600920000066,1402868
7.931560092000007,1423954
7.932560092000006,1451834
7.933560092000007,1857336
7.934560092000007,1602862
7.9355600920000064,1490362
7.936560092000007,1472284
7.937560092000007,1671892
7.938560092000007,2062358
7.939560092000006,2266592
7.940560092000007,1922152
7.941560092000007,1886724
7.942560092000006,1858086
7.9435600920000065,2320644
7.944560092000007,2350630
7.945560092000006,2350630
7.946560092000007,2398694
7.947560092000007,2428734
7.948560092000006,2463280
7.949560092000007,2541384
7.950560092000007,2735200
7.9515600920000065,2738258
7.952560092000007,2503120
7.953560092000007,2180904
7.954560092000007,2452824
7.955560092000006,2610272
7.956560092000007,2244378
7.957560092000007,2441074
7.958560092000006,3073204
7.9595600920000065,2580166
7.960560092000007,1999664
7.961560092000006,2014182
7.962560092000007,1370944
7.963560092000007,1557908
7.964560092000006,592180
7.965560092000007,528762
7.966560092000007,546840
7.9675600920000065,1111674
7.968560092000007,1438916
7.969560092000007,1565142
7.970560092000007,1200430
7.971560092000006,1317312
7.972560092000007,1662996
7.973560092000007,1555814
7.974560092000006,1553068
7.9755600920000065,1548562
7.976560092000007,1547118
7.977560092000006,1517020
7.978560092000007,1461446
7.979560092000007,1502224
7.980560092000006,1936872
7.981560092000007,2035680
7.982560092000007,2190162
7.9835600920000065,1563690
7.984560092000007,1542554
7.985560092000007,1551566
7.986560092000007,1990620
7.987560092000006,2035210
7.988560092000007,1049628
7.989560092000007,988016
7.990560092000006,934514
7.9915600920000065,880550
7.992560092000007,608656
7.993560092000006,590098
7.994560092000007,549732
7.995560092000007,578270
7.996560092000006,572262
7.997560092000007,547376
7.998560092000007,448066
7.9995600920000065,408868
8.000560092000008,811250
8.001560092000007,1342004
8.002560092000007,699286
8.003560092000006,545226
8.004560092000007,536538
8.005560092000007,500220
8.006560092000006,714090
8.007560092000006,1417942
8.008560092000007,1449430
8.009560092000006,1262414
8.010560092000006,1057674
8.011560092000007,1037940
8.012560092000006,1427834
8.013560092000006,1120924
8.014560092000007,1052902
8.015560092000007,1071308
8.016560092000006,1166608
8.017560092000007,1140018
8.018560092000007,1562080
8.019560092000006,1499798
8.020560092000007,1039384
8.021560092000007,1039384
8.022560092000006,1037940
8.023560092000007,1203268
8.024560092000007,1567830
8.025560092000006,1517464
8.026560092000008,1081032
8.027560092000007,1145896
8.028560092000006,549130
8.029560092000008,638432
8.030560092000007,519692
8.031560092000007,519692
8.032560092000008,519692
8.033560092000007,530530
8.034560092000007,521722
8.035560092000006,518190
8.036560092000007,855156
8.037560092000007,545750
8.038560092000006,780948
8.039560092000006,1092070
8.040560092000007,1059288
8.041560092000006,1054462
8.042560092000006,1057462
8.043560092000007,1040944
8.044560092000006,1455832
8.045560092000006,2058064
8.046560092000007,1949928
8.047560092000007,2110292
8.048560092000006,2121972
8.049560092000007,2299674
8.050560092000007,2583440
8.051560092000006,2435074
8.052560092000007,2065250
8.053560092000007,2100120
8.054560092000006,2078768
8.055560092000007,2078768
8.056560092000007,2075764
8.057560092000006,2288564
8.058560092000008,2077324
8.059560092000007,2078768
8.060560092000006,2078768
8.061560092000008,2488100
8.062560092000007,2147460
8.063560092000007,2099854
8.064560092000008,2120262
8.065560092000007,1967076
8.066560092000007,1602742
8.067560092000006,1597096
8.068560092000007,1216018
8.069560092000007,1040532
8.070560092000006,1635548
8.071560092000006,1557574
8.072560092000007,1122326
8.073560092000006,1040628
8.074560092000006,1040886
8.075560092000007,1045392
8.076560092000006,1045392
8.077560092000006,1176148
8.078560092000007,1045862
8.079560092000007,1435760
8.080560092000006,1115952
8.081560092000007,1043890
8.082560092000007,1065242
8.083560092000006,1450744
8.084560092000007,1574620
8.085560092000007,1268020
8.086560092000006,1054146
8.087560092000007,1051400
8.088560092000007,1057408
8.089560092000006,1077050
8.090560092000008,1056230
8.091560092000007,1553348
8.092560092000006,1119426
8.093560092000008,1608454
8.094560092000007,1883508
8.095560092000007,2191942
8.096560092000008,1606082
8.097560092000007,1553068
8.098560092000007,1589174
8.099560092000006,1567114
8.100560092000007,1557574
8.101560092000007,1980370
8.102560092000006,1674812
8.103560092000006,1569644
8.104560092000007,1680496
8.105560092000006,1677296
8.106560092000006,2000898
8.107560092000007,1557632
8.108560092000006,1589236
8.109560092000006,1580104
8.110560092000007,2498954
8.111560092000007,2167910
8.112560092000006,1706404
8.113560092000007,1671072
8.114560092000007,1146626
8.115560092000006,1368792
8.116560092000007,1874814
8.117560092000007,1804762
8.118560092000006,1559130
8.119560092000008,1096846
8.120560092000007,1028928
8.121560092000006,1020382
8.122560092000008,1102904
8.123560092000007,1285828
8.124560092000007,1732124
8.125560092000008,1609170
8.126560092000007,1230736
8.127560092000007,1051724
8.128560092000008,1079230
8.129560092000007,1422658
8.130560092000007,1174322
8.131560092000006,1043890
8.132560092000007,1047418
8.133560092000007,1051458
8.134560092000006,1147382
8.135560092000006,1057524
8.136560092000007,1490826
8.137560092000006,1200796
8.138560092000006,1039384
8.139560092000007,1084934
8.140560092000007,1144170
8.141560092000006,1042858
8.142560092000007,1332980
8.143560092000007,2363800
8.144560092000006,2388216
8.145560092000007,2671900
8.146560092000007,2278010
8.147560092000006,1223954
8.148560092000007,1045446
8.149560092000007,1063416
8.150560092000006,1048866
8.151560092000008,1047218
8.152560092000007,1460208
8.153560092000006,1041356
8.154560092000008,1036380
8.155560092000007,1060208
8.156560092000007,1048866
8.157560092000008,1473126
8.158560092000007,1385708
8.159560092000007,1084914
8.160560092000008,1052902
8.161560092000007,1049898
8.162560092000007,1385000
8.163560092000006,1159210
8.164560092000007,1421058
8.165560092000007,1579072
8.166560092000006,1275384
8.167560092000006,1423896
8.168560092000007,1566382
8.169560092000006,1225964
8.170560092000006,1153648
8.171560092000007,1044006
8.172560092000007,1040886
8.173560092000006,1037940
8.174560092000007,1040570
8.175560092000007,1145842
8.176560092000006,1039126
8.177560092000007,1039384
8.178560092000007,1037882
8.179560092000006,1039442
8.180560092000007,1144282
8.181560092000007,1039384
8.182560092000006,1040886
8.183560092000008,1364252
8.184560092000007,1550064
8.185560092000006,1302566
8.186560092000008,1036438
8.187560092000007,1144282
8.188560092000007,1147286
8.189560092000008,1039384
8.190560092000007,1037882
8.191560092000007,1314606
8.192560092000008,1249504
8.193560092000007,1599658
8.194560092000007,1571258
8.195560092000006,2261124
8.196560092000007,2594332
8.197560092000007,2064356
8.198560092000006,1563582
8.199560092000006,1366910
8.200560092000007,1042388
8.201560092000006,1062026
8.202560092000006,1489332
8.203560092000007,1209164
8.204560092000007,1431406
8.205560092000006,1592174
8.206560092000007,1706272
8.207560092000007,1734810
8.208560092000006,1984724
8.209560092000007,2508696
8.210560092000007,2724860
8.211560092000006,2580776
8.212560092000007,2415216
8.213560092000007,2521670
8.214560092000006,2482714
8.215560092000008,2544446
8.216560092000007,2204362
8.217560092000006,2188472
8.218560092000008,2168222
8.219560092000007,2122380
8.220560092000007,2131720
8.221560092000008,2406316
8.222560092000007,2795222
8.223560092000007,2664622
8.224560092000008,2119322
8.225560092000007,2032206
8.226560092000007,2158756
8.227560092000006,2748826
8.228560092000007,3007004
8.229560092000007,3040326
8.230560092000006,2417428
8.231560092000006,2074262
8.232560092000007,2204994
8.233560092000006,2263838
8.234560092000006,2158074
8.235560092000007,2056238
8.236560092000007,2026198
8.237560092000006,2112960
8.238560092000007,2252816
8.239560092000007,2132952
8.240560092000006,2225722
8.241560092000007,2092344
8.242560092000007,2143520
8.243560092000006,2153868
8.244560092000008,2143354
8.245560092000007,2233232
8.246560092000006,2281482
8.247560092000008,2305494
8.248560092000007,1686502
8.249560092000007,1595124
8.250560092000008,1682410
8.251560092000007,2029202
8.252560092000007,2038214
8.253560092000008,1532372
8.254560092000007,1506248
8.255560092000007,1661648
8.256560092000008,1751332
8.257560092000007,1987470
8.258560092000007,1996630
8.259560092000006,1363870
8.260560092000008,1398362
8.261560092000007,1480972
8.262560092000006,1472342
8.263560092000006,1470258
8.264560092000007,1446480
8.265560092000007,1497606
8.266560092000006,1836762
8.267560092000007,1936078
8.268560092000007,1754464
8.269560092000006,1698874
8.270560092000007,1688248
8.271560092000007,1683742
8.272560092000006,1878368
8.273560092000007,1823452
8.274560092000007,1649774
8.275560092000006,1709446
8.276560092000008,1682376
8.277560092000007,1628168
8.278560092000006,1607140
8.279560092000008,1587614
8.280560092000007,1681208
8.281560092000007,1614650
8.282560092000008,1630930
8.283560092000007,1506506
8.284560092000007,1470200
8.285560092000008,1407374
8.286560092000007,1360812
8.287560092000007,1464450
8.288560092000008,1511012
8.289560092000007,1503502
8.290560092000007,1497494
8.291560092000006,1500498
8.292560092000008,1486980
8.293560092000007,1494814
8.294560092000006,1573854
8.295560092000006,1479470
8.296560092000007,1476466
8.297560092000007,1446426
8.298560092000006,1482216
8.299560092000007,1463418
8.300560092000007,1720038
8.301560092000006,1797148
8.302560092000007,1838556
8.303560092000007,1757810
8.304560092000006,1709330
8.305560092000007,1566586
8.306560092000007,1509510
8.307560092000006,1529036
8.308560092000008,1602634
8.309560092000007,1611646
8.310560092000006,1589116
8.311560092000008,1536138
8.312560092000007,1492988
8.313560092000007,1571204
8.314560092000008,1638682
8.315560092000007,1628222
8.316560092000007,1601132
8.317560092000008,1554570
8.318560092000007,1657966
8.319560092000007,1694014
8.320560092000008,1598128
8.321560092000007,1983022
8.322560092000007,2149474
8.323560092000006,2498350
8.324560092000008,2855550
8.325560092000007,2350508
8.326560092000006,2700990
8.327560092000006,2838522
8.328560092000007,2430846
8.329560092000007,2121418
8.330560092000006,2068308
8.331560092000007,2070134
8.332560092000007,2049198
8.333560092000006,2030704
8.334560092000007,1988648
8.335560092000007,2027700
8.336560092000006,2014182
8.337560092000007,2008644
8.338560092000007,2040364
8.339560092000006,2432056
8.340560092000008,2071782
8.341560092000007,2031644
8.342560092000006,1779268
8.343560092000008,1477968
8.344560092000007,1479524
8.345560092000007,1514016
8.346560092000008,1647694
8.347560092000007,1649254
8.348560092000007,1646192
8.349560092000008,1646192
8.350560092000007,2251368
8.351560092000007,2182876
8.352560092000008,1738146
8.353560092000007,2123962
8.354560092000007,1747616
8.355560092000006,1670810
8.356560092000008,1754206
8.357560092000007,1682294
8.358560092000006,1749830
8.359560092000006,1916552
8.360560092000007,2095290
8.361560092000007,2004112
8.362560092000006,2114816
8.363560092000007,1861310
8.364560092000007,1986432
8.365560092000006,1689712
8.366560092000007,1566640
8.367560092000007,1559130
8.368560092000006,1593622
8.369560092000008,1547272
8.370560092000007,1556072
8.371560092000006,1624684
8.372560092000008,1512838
8.373560092000007,1511012
8.374560092000007,1496166
8.375560092000008,1827728
8.376560092000007,1496462
8.377560092000007,1909154
8.378560092000008,1966176
8.379560092000007,1955716
8.380560092000007,1955604
8.381560092000008,1960434
8.382560092000007,2060826
8.383560092000007,2044042
8.384560092000008,1969766
8.385560092000008,2006264
8.386560092000007,1938282
8.387560092000006,1946592
8.388560092000008,1904536
8.389560092000007,1827934
8.390560092000007,1806906
8.391560092000006,1803902
8.392560092000007,1802400
8.393560092000007,1802454
8.394560092000006,1791886
8.395560092000007,1829760
8.396560092000007,1897026
8.397560092000006,1967620
8.398560092000007,1629126
8.399560092000007,1801492
8.400560092000006,1583764
8.401560092000008,1768232
8.402560092000007,1799450
8.403560092000006,1386678
8.404560092000008,1697372
8.405560092000007,1985644
8.406560092000007,2011236
8.407560092000008,2265680
8.408560092000007,2298130
8.409560092000007,2075764
8.410560092000008,2086656
8.411560092000007,2511510
8.412560092000007,2962442
8.413560092000008,3122528
8.414560092000007,3062578
8.415560092000007,2503066
8.416560092000008,1840480
8.417560092000008,1584310
8.418560092000007,1541106
8.419560092000006,1543348
8.420560092000008,1527534
8.421560092000007,1526032
8.422560092000007,1512984
8.423560092000006,1505004
8.424560092000007,1500498
8.425560092000007,1249062
8.426560092000006,974798
8.427560092000007,1021360
8.428560092000007,1123496
8.429560092000006,1055138
8.430560092000007,584278
8.431560092000007,585838
8.432560092000006,130072
8.433560092000008,69150
8.434560092000007,84224
8.435560092000006,255834
8.436560092000008,603562
8.437560092000007,1207124
8.438560092000007,727578
8.439560092000008,85722
8.440560092000007,100376
8.441560092000007,151456
8.442560092000008,578440
8.443560092000007,648864
8.444560092000007,674398
8.445560092000008,823208
8.446560092000007,1194090
8.447560092000007,1254070
8.448560092000008,1251278
8.449560092000008,1374088
8.450560092000007,1330460
8.451560092000006,1369936
8.452560092000008,1426954
8.453560092000007,1464450
8.454560092000007,1503560
8.455560092000006,1590726
8.456560092000007,1660858
8.457560092000007,1623662
8.458560092000006,1649196
8.459560092000007,1664216
8.460560092000007,1794890
8.461560092000006,2048980
8.462560092000007,2228968
8.463560092000007,1881274
8.464560092000006,1887528
8.465560092000008,1464890
8.466560092000007,1225308
8.467560092000006,155092
8.468560092000008,4564
8.469560092000007,433012
8.470560092000007,516688
8.471560092000008,533534
8.472560092000007,518190
8.473560092000007,518190
8.474560092000008,518248
8.475560092000007,531974
8.476560092000007,519692
8.477560092000008,519692
8.478560092000007,523940
8.479560092000007,519692
8.480560092000008,518190
8.481560092000008,534824
8.482560092000007,624590
8.483560092000006,518248
8.484560092000008,639876
8.485560092000007,521194
8.486560092000007,624590
8.487560092000006,518190
8.488560092000007,522696
8.489560092000007,529028
8.490560092000006,85012
8.491560092000007,177672
8.492560092000007,593144
8.493560092000006,450902
8.494560092000008,10838
8.495560092000007,1502
8.496560092000006,3004
8.497560092000008,109146
8.498560092000007,1502
8.499560092000007,13842
8.500560092000008,1502
8.501560092000007,1502
8.502560092000007,12340
8.503560092000008,3004
8.504560092000007,12340
8.505560092000007,4248
8.506560092000008,339026
8.507560092000006,612586
8.508560092000007,521302
8.509560092000008,523166
8.510560092000006,860758
8.511560092000007,1139776
8.512560092000008,974978
8.513560092000006,800918
8.514560092000007,534712
8.515560092000008,710504
8.516560092000006,1156240
8.517560092000007,1048866
8.518560092000008,1144228
8.519560092000006,1426960
8.520560092000007,1080462
8.521560092000009,1039384
8.522560092000006,1037624
8.523560092000007,982308
8.524560092000009,1019858
8.525560092000006,1124998
8.526560092000008,1055906
8.527560092000007,1319180
8.528560092000006,1439018
8.529560092000008,1466686
8.530560092000007,1046948
8.531560092000007,1290666
8.532560092000008,1241204
8.533560092000007,1083412
8.534560092000007,1031616
8.535560092000008,1390646
8.536560092000007,808892
8.537560092000007,465674
8.538560092000008,626092
8.539560092000006,537716
8.540560092000007,524198
8.541560092000008,539688
8.542560092000006,549732
8.543560092000007,1421280
8.544560092000008,1068134
8.545560092000006,752704
8.546560092000007,1070742
8.547560092000008,1003336
8.548560092000006,532886
8.549560092000007,6062
8.550560092000008,9012
8.551560092000006,410892
8.552560092000007,454598
8.553560092000009,512182
8.554560092000006,527016
8.555560092000007,71118
8.556560092000009,13988
8.557560092000006,0
8.558560092000008,4306
8.559560092000007,621392
8.560560092000006,56098
8.561560092000008,397262
8.562560092000007,480244
8.563560092000007,618124
8.564560092000008,1030976
8.565560092000007,862784
8.566560092000007,1031874
8.567560092000008,1598836
8.568560092000007,1052902
8.569560092000007,724350
8.570560092000008,536684
8.571560092000006,553638
8.572560092000007,948388
8.573560092000008,564452
8.574560092000006,529948
8.575560092000007,680276
8.576560092000008,584394
8.577560092000006,784450
8.578560092000007,694750
8.579560092000008,611784
8.580560092000006,538510
8.581560092000007,542546
8.582560092000008,631126
8.583560092000006,934620
8.584560092000007,577762
8.585560092000009,139462
8.586560092000006,24502
8.587560092000007,7510
8.588560092000009,3004
8.589560092000006,9012
8.590560092000008,4506
8.591560092000007,125318
8.592560092000006,823640
8.593560092000008,1619260
8.594560092000007,248686
8.595560092000007,16634
8.596560092000008,734644
8.597560092000007,1060412
8.598560092000007,664686
8.599560092000008,1283634
8.600560092000007,1993310
8.601560092000007,1385176
8.602560092000008,1051870
8.603560092000006,1045446
8.604560092000007,1826472
8.605560092000008,2215586
8.606560092000006,1803202
8.607560092000007,1581664
8.608560092000008,1984352
8.609560092000006,1560224
8.610560092000007,1559130
8.611560092000008,1583108
8.612560092000006,1580158
8.613560092000007,1695162
8.614560092000008,2075764
8.615560092000006,2120610
8.616560092000007,1859200
8.617560092000009,1238602
8.618560092000006,1036380
8.619560092000008,1053014
8.620560092000009,713076
8.621560092000006,1013850
8.622560092000008,1085080
8.623560092000007,1386472
8.624560092000007,1138532
8.625560092000008,799964
8.626560092000007,610282
8.627560092000007,892524
8.628560092000008,1656148
8.629560092000007,1838726
8.630560092000007,1495014
8.631560092000008,1591878
8.632560092000007,1698986
8.633560092000007,2825432
8.634560092000008,3005534
8.635560092000006,2517352
8.636560092000007,2620490
8.637560092000008,2515850
8.638560092000006,2613238
8.639560092000007,2500888
8.640560092000008,2532484
8.641560092000006,2577432
8.642560092000007,2612032
8.643560092000008,2666050
8.644560092000006,2240382
8.645560092000007,2223018
8.646560092000009,2199398
8.647560092000006,2314582
8.648560092000007,2624580
8.649560092000009,1981192
8.650560092000006,2083390
8.651560092000008,2080270
8.652560092000009,2158428
8.653560092000006,2365650
8.654560092000008,1853712
8.655560092000007,1775272
8.656560092000007,1984142
8.657560092000008,1898860
8.658560092000007,1619214
8.659560092000007,1729488
8.660560092000008,1889790
8.661560092000007,1964116
8.662560092000007,1848650
8.663560092000008,1940638
8.664560092000007,1791968
8.665560092000007,1671700
8.666560092000008,1888180
8.667560092000006,2493486
8.668560092000007,2309752
8.669560092000008,1263256
8.670560092000006,1054458
8.671560092000007,1514452
8.672560092000008,1268180
8.673560092000006,652200
8.674560092000007,521248
8.675560092000008,521194
8.676560092000006,518190
8.677560092000007,519434
8.678560092000009,521194
8.679560092000006,519692
8.680560092000007,519692
8.681560092000009,509502
8.682560092000006,482142
8.683560092000008,513684
8.684560092000009,564752
8.685560092000006,545284
8.686560092000008,920838
8.687560092000007,1033376
8.688560092000007,1044102
8.689560092000008,1049586
8.690560092000007,1040682
8.691560092000007,1040940
8.692560092000008,1527350
8.693560092000007,1571258
8.694560092000007,1335314
8.695560092000008,1107140
8.696560092000007,1037882
8.697560092000007,1040886
8.698560092000008,1042388
8.699560092000006,1039384
8.700560092000007,1042388
8.701560092000008,1040886
8.702560092000006,1036438
8.703560092000007,1095764
8.704560092000008,1421140
8.705560092000006,1090718
8.706560092000007,1037882
8.707560092000008,735136
8.708560092000006,537716
8.709560092000007,528704
8.710560092000009,543952
8.711560092000006,1054516
8.712560092000007,1186284
8.713560092000009,1580424
8.714560092000006,1603216
8.715560092000008,1924426
8.716560092000009,1638228
8.717560092000006,1891794
8.718560092000008,1575598
8.719560092000007,1574262
8.720560092000007,1560578
8.721560092000008,1572594
8.722560092000007,1571092
8.723560092000007,1583108
8.724560092000008,1689508
8.725560092000007,1708002
8.726560092000007,1581606
8.727560092000008,1592120
8.728560092000007,1596626
8.729560092000007,1599630
8.730560092000008,1617654
8.731560092000006,1635678
8.732560092000007,1762970
8.733560092000008,1965840
8.734560092000006,1727300
8.735560092000007,1276774
8.736560092000008,1132528
8.737560092000006,1130764
8.738560092000007,1024888
8.739560092000008,1021360
8.740560092000006,1111592
8.741560092000007,1710890
8.742560092000009,1999216
8.743560092000006,2006872
8.744560092000008,2013204
8.745560092000009,2065250
8.746560092000006,2072872
8.747560092000008,2194350
8.748560092000009,2466338
8.749560092000007,2655648
8.750560092000008,2764012
8.751560092000007,2728892
8.752560092000007,2662692
8.753560092000008,2669054
8.754560092000007,2601464
8.755560092000007,2712724
8.756560092000008,2772338
8.757560092000007,2772434
8.758560092000007,3068344
8.759560092000008,2974238
8.760560092000008,2639014
8.761560092000007,2598514
8.762560092000008,2357538
8.763560092000006,2078768
8.764560092000007,2078826
8.765560092000008,1678488
8.766560092000006,2117262
8.767560092000007,2189674
8.768560092000008,1653626
8.769560092000006,1539662
8.770560092000007,1581606
8.771560092000009,1076332
8.772560092000006,1043890
8.773560092000007,1036380
8.774560092000009,1053172
8.775560092000006,1039438
8.776560092000008,1034878
8.777560092000009,1328316
8.778560092000006,1660858
8.779560092000008,1352132
8.780560092000009,1042388
8.781560092000007,1043890
8.782560092000008,1150290
8.783560092000007,1042388
8.784560092000007,1046894
8.785560092000008,1063528
8.786560092000007,1320128
8.787560092000007,1577100
8.788560092000008,1600890
8.789560092000007,1927066
8.790560092000007,2028440
8.791560092000008,2081884
8.792560092000008,2147860
8.793560092000007,2369442
8.794560092000008,2241978
8.795560092000006,2249828
8.796560092000007,2618638
8.797560092000008,2712578
8.798560092000006,2974102
8.799560092000007,2919554
8.800560092000008,2798578
8.801560092000006,2596958
8.802560092000007,2840908
8.803560092000009,2821712
8.804560092000006,2724386
8.805560092000007,2833032
8.806560092000009,3122474
8.807560092000006,3123048
8.808560092000008,2950122
8.809560092000009,3029836
8.810560092000006,2682200
8.811560092000008,2314356
8.812560092000009,2381042
8.813560092000007,2330088
8.814560092000008,2128446
8.815560092000007,2583440
8.816560092000007,2653950
8.817560092000008,2245544
8.818560092000007,2087780
8.819560092000007,2330644
8.820560092000008,2555794
8.821560092000007,1747276
8.822560092000007,2499998
8.823560092000008,2048844
8.824560092000008,2271136
8.825560092000007,2502332
8.826560092000008,2561354
8.827560092000006,2502914
8.828560092000007,2692866
8.829560092000008,2861882
8.830560092000006,2538546
8.831560092000007,3038546
8.832560092000008,3122658
8.833560092000006,3121480
8.834560092000007,3122770
8.835560092000009,3122716
8.836560092000006,3122214
8.837560092000007,3122882
8.838560092000009,3123194
8.839560092000006,3122824
8.840560092000008,3122928
8.841560092000009,3122924
8.842560092000006,3122658
8.843560092000008,3121210
8.844560092000009,3122716
8.845560092000007,3123790
8.846560092000008,3122658
8.847560092000007,3122658
8.848560092000007,3122114
8.849560092000008,3122936
8.850560092000007,3122870
8.851560092000007,3122658
8.852560092000008,3122284
8.853560092000007,3122362
8.854560092000007,3123666
8.855560092000008,3121484
8.856560092000008,3122828
8.857560092000007,3123150
8.858560092000008,2599774
8.859560092000006,2373142
8.860560092000007,1779978
8.861560092000008,1955604
8.862560092000006,1996158
8.863560092000007,2006672
8.864560092000008,2021434
8.865560092000006,1718346
8.866560092000007,1508008
8.867560092000009,1514016
8.868560092000006,1517020
8.869560092000008,1523028
8.870560092000009,1515518
8.871560092000006,1529036
8.872560092000008,1526502
8.873560092000009,1764898
8.874560092000007,1763634
8.875560092000008,2109148
8.876560092000009,2309670
8.877560092000007,1772654
8.878560092000008,1991316
8.879560092000007,1558044
8.880560092000007,1784328
8.881560092000008,1659580
8.882560092000007,1160332
8.883560092000007,976416
8.884560092000008,1087148
8.885560092000008,986814
8.886560092000007,1457434
8.887560092000008,1512198
8.888560092000008,1110310
8.889560092000007,1105230
8.890560092000008,1001834
8.891560092000006,1102468
8.892560092000007,1566698
8.893560092000008,2391166
8.894560092000006,2600294
8.895560092000007,1958940
8.896560092000009,1533542
8.897560092000006,1620658
8.898560092000007,1554570
8.899560092000009,1571092
8.900560092000006,1569590
8.901560092000008,1596626
8.902560092000009,1714792
8.903560092000006,2212094
8.904560092000008,2067280
8.905560092000009,1702892
8.906560092000007,1988966
8.907560092000008,1688318
8.908560092000009,1924644
8.909560092000007,2063548
8.910560092000008,2076292
8.911560092000007,2481946
8.912560092000007,2501412
8.913560092000008,2603436
8.914560092000007,2233806
8.915560092000007,2599006
8.916560092000008,2066752
8.917560092000008,2080270
8.918560092000007,2080270
8.919560092000008,2070226
8.920560092000008,2420926
8.921560092000007,2416254
8.922560092000008,2588178
8.923560092000006,2776390
8.924560092000007,3062964
8.925560092000008,2983362
8.926560092000006,2734826
8.927560092000007,2897100
8.928560092000009,3017630
8.929560092000006,2365380
8.930560092000007,2120824
8.931560092000009,2098294
8.932560092000006,2084776
8.933560092000008,2065250
8.934560092000009,2319670
8.935560092000006,2987396
8.936560092000008,2618984
8.937560092000009,2545944
8.938560092000007,2542886
8.939560092000008,2560910
8.940560092000009,2562004
8.941560092000007,2573250
8.942560092000008,2615036
8.943560092000007,3056682
8.944560092000007,3115260
8.945560092000008,3122346
8.946560092000007,3122882
8.947560092000007,3121928
8.948560092000008,3123598
8.949560092000008,3122770
8.950560092000007,3122658
8.951560092000008,3122658
8.952560092000008,3122716
8.953560092000007,3122400
8.954560092000008,3122712
8.955560092000006,3122716
8.956560092000007,3122114
8.957560092000008,3122516
8.958560092000006,3122766
8.959560092000007,3122832
8.960560092000009,3123256
8.961560092000006,3121264
8.962560092000007,3122658
8.963560092000009,3122716
8.964560092000006,3123558
8.965560092000008,3123160
8.966560092000009,3122358
8.967560092000006,3121538
8.968560092000008,3123160
8.969560092000009,2957762
8.970560092000007,3099040
8.971560092000008,3123108
8.972560092000009,3005556
8.973560092000007,3115730
8.974560092000008,3123318
8.975560092000007,3121708
8.976560092000007,3122770
8.977560092000008,3122658
8.978560092000007,3122990
8.979560092000007,3122512
8.980560092000008,3122658
8.981560092000008,3122658
8.982560092000007,3076096
8.983560092000008,3032538
8.984560092000008,3122658
8.985560092000007,3122770
8.986560092000008,3121972
8.987560092000006,2630056
8.988560092000007,2662804
8.989560092000008,2548894
8.990560092000006,2611978
8.991560092000007,2313596
8.992560092000009,2545538
8.993560092000006,2550882
8.994560092000008,2461778
8.995560092000009,2482806
8.996560092000006,2213234
8.997560092000008,2014294
8.998560092000009,1798498
8.999560092000007,1970678
9.000560092000008,2009676
9.001560092000009,1583182
9.002560092000007,1472018
9.003560092000008,1462948
9.004560092000009,1481454
9.005560092000007,1879168
9.006560092000008,2364260
9.007560092000007,2348800
9.008560092000007,1485926
9.009560092000008,1745378
9.010560092000008,1850464
9.011560092000007,1469400
9.012560092000008,1363816
9.013560092000008,1362314
9.014560092000007,1326266
9.015560092000008,1318756
9.016560092000008,1414884
9.017560092000007,1467454
9.018560092000008,1462948
9.019560092000006,1449430
9.020560092000007,1395358
9.021560092000009,1371326
9.022560092000006,1419390
9.023560092000007,1441920
9.024560092000009,1443164
9.025560092000006,1540810
9.026560092000008,1435912
9.027560092000009,1435654
9.028560092000006,1489984
9.029560092000008,1673286
9.030560092000009,1990150
9.031560092000007,1519422
9.032560092000008,1495992
9.033560092000009,1491486
9.034560092000007,1488482
9.035560092000008,1828046
9.036560092000009,2005494
9.037560092000007,1760788
9.038560092000008,1942144
9.039560092000007,2059242
9.040560092000007,1601464
9.041560092000008,1203890
9.042560092000008,1126258
9.043560092000007,1018356
9.044560092000008,1205776
9.045560092000008,1041776
9.046560092000007,1141686
9.047560092000008,1520024
9.048560092000008,1485868
9.049560092000007,1012348
9.050560092000008,1013850
9.051560092000006,1031986
9.052560092000007,1420892
9.053560092000009,1533542
9.054560092000006,1650780
9.055560092000007,1529036
9.056560092000009,1548620
9.057560092000006,1641386
9.058560092000008,1538048
9.059560092000009,1532040
9.060560092000006,1535044
9.061560092000008,1536546
9.062560092000009,1532040
9.063560092000007,1589228
9.064560092000008,1578306
9.065560092000009,1766464
9.066560092000007,1530280
9.067560092000008,1138848
9.06856009200001,1033700
9.069560092000007,1585870
9.070560092000008,1538048
9.071560092000007,1535044
9.072560092000007,1634288
9.073560092000008,1539196
9.074560092000008,1531690
9.075560092000007,2430402
9.076560092000008,2392142
9.077560092000008,1789380
9.078560092000007,1575244
9.079560092000008,1535044
9.080560092000008,1542554
9.081560092000007,1625164
9.082560092000008,1635736
9.083560092000006,1755950
9.084560092000007,2171946
9.085560092000009,2183908
9.086560092000006,2188414
9.087560092000007,2197426
9.088560092000009,2210944
9.089560092000006,2335368
9.090560092000008,2243988
9.091560092000009,2287600
9.092560092000006,2335934
9.093560092000008,2359642
9.094560092000009,2227744
9.095560092000007,2135188
9.096560092000008,1627964
9.097560092000009,1622160
9.098560092000007,2032372
9.099560092000008,2132840
9.10056009200001,1777198
9.101560092000007,1614650
9.102560092000008,1721050
9.103560092000007,1613148
9.104560092000007,1603292
9.105560092000008,1097962
9.106560092000008,1099464
9.107560092000007,1199856
9.108560092000008,1194202
9.109560092000008,1167136
9.110560092000007,1145672
9.111560092000008,1090452
9.112560092000008,1084444
9.113560092000007,1084444
9.114560092000008,1078436
9.115560092000006,1072428
9.116560092000007,1088950
9.117560092000009,1180572
9.118560092000006,1174564
9.119560092000008,1167054
9.120560092000009,1186750
9.121560092000006,1177568
9.122560092000008,1542724
9.123560092000009,1880078
9.124560092000007,1347626
9.125560092000008,1265944
9.126560092000009,1259936
9.127560092000007,1173116
9.128560092000008,1218122
9.129560092000009,1426770
9.130560092000007,1750154
9.131560092000008,1738370
9.13256009200001,1140400
9.133560092000007,1383566
9.134560092000008,1589170
9.135560092000008,1348758
9.136560092000007,1191320
9.137560092000008,547876
9.138560092000008,541190
9.139560092000007,957524
9.140560092000008,726048
9.141560092000008,1062238
9.142560092000007,1009730
9.143560092000008,572262
9.144560092000008,647474
9.145560092000007,1052902
9.146560092000009,1112982
9.147560092000006,1124998
9.148560092000007,1134010
9.149560092000009,1147528
9.150560092000006,1153536
9.151560092000008,1165552
9.152560092000009,1075710
9.153560092000006,1037882
9.154560092000008,1037882
9.155560092000009,1037882
9.156560092000007,1037882
9.157560092000008,1037678
9.158560092000009,1039384
9.159560092000007,1493100
9.160560092000008,1671808
9.161560092000009,1156872
9.162560092000007,1036380
9.163560092000008,1037882
9.16456009200001,1039384
9.165560092000007,1175522
9.166560092000008,1025404
9.167560092000008,945090
9.168560092000007,519692
9.169560092000008,883354
9.170560092000008,1031874
9.171560092000007,781542
9.172560092000008,1016854
9.173560092000008,1039384
9.174560092000007,1036380
9.175560092000008,1040944
9.176560092000008,1039384
9.177560092000007,1131118
9.178560092000009,1517020
9.179560092000006,1558818
9.180560092000007,1557574
9.181560092000009,1662472
9.182560092000006,2101168
9.183560092000008,2075822
9.184560092000009,1793478
9.185560092000006,1568412
9.186560092000008,1561822
9.187560092000009,1554570
9.188560092000007,1556072
9.189560092000008,1559076
9.190560092000009,1555814
9.191560092000007,1622272
9.192560092000008,2168398
9.19356009200001,2167144
9.194560092000007,1964948
9.195560092000008,1556072
9.19656009200001,1559076
9.197560092000007,1557574
9.198560092000008,1594280
9.199560092000008,1203214
9.200560092000007,1808520
9.201560092000008,1649196
9.202560092000008,1628280
9.203560092000007,2045724
9.204560092000008,2078768
9.205560092000008,1828702
9.206560092000007,2056238
9.207560092000008,2172336
9.208560092000008,2071258
9.209560092000007,1893022
9.210560092000009,2045936
9.211560092000006,2450140
9.212560092000007,2183342
9.213560092000009,1538372
9.214560092000006,1931684
9.215560092000008,2059242
9.216560092000009,1693086
9.217560092000006,1536546
9.218560092000008,1536546
9.219560092000009,1876110
9.220560092000007,2053234
9.221560092000008,1772434
9.222560092000009,1541052
9.223560092000007,1647452
9.224560092000008,1539550
9.22556009200001,1544056
9.226560092000007,2052536
9.227560092000008,1677604
9.22856009200001,1648788
9.229560092000007,1573766
9.230560092000008,1545558
9.231560092000008,1553392
9.232560092000007,1642434
9.233560092000008,1097870
9.234560092000008,1144282
9.235560092000007,1022920
9.236560092000008,1101290
9.237560092000008,1552878
9.238560092000007,1045862
9.239560092000008,641772
9.240560092000008,552790
9.241560092000007,1006664
9.242560092000009,1400030
9.243560092000006,1132894
9.244560092000008,691722
9.245560092000009,599152
9.246560092000006,994324
9.247560092000008,1039384
9.248560092000009,550064
9.249560092000007,545550
9.250560092000008,771544
9.251560092000009,531412
9.252560092000007,714984
9.253560092000008,1102246
9.254560092000009,1070926
9.255560092000007,772472
9.256560092000008,711822
9.25756009200001,1137052
9.258560092000007,778260
9.259560092000008,1551420
9.26056009200001,1923058
9.261560092000007,1440750
9.262560092000008,1562080
9.263560092000008,1213948
9.264560092000007,1509704
9.265560092000008,1671954
9.266560092000008,2146754
9.267560092000007,1883864
9.268560092000008,1657138
9.269560092000008,1677546
9.270560092000007,1574096
9.271560092000009,1570060
9.272560092000008,1765934
9.273560092000007,2006994
9.274560092000009,1597774
9.275560092000006,1567526
9.276560092000008,1858854
9.277560092000009,1679992
9.278560092000006,1605750
9.279560092000008,1747054
9.280560092000009,2048528
9.281560092000007,1578054
9.282560092000008,1566586
9.283560092000009,1905512
9.284560092000007,1753236
9.285560092000008,1255132
9.286560092000009,1070926
9.287560092000007,1054986
9.288560092000008,1843838
9.28956009200001,1945908
9.290560092000007,1696668
9.291560092000008,1327068
9.29256009200001,1039384
9.293560092000007,1060412
9.294560092000008,1051400
9.295560092000008,1041356
9.296560092000007,1695032
9.297560092000008,1539604
9.298560092000008,1283094
9.299560092000007,1067976
9.300560092000008,1057878
9.301560092000008,752486
9.302560092000007,1043890
9.303560092000009,1051400
9.304560092000008,1043948
9.305560092000007,1333946
9.306560092000009,1571616
9.307560092000006,1827776
9.308560092000008,1569082
9.309560092000009,1597000
9.310560092000006,1153868
9.311560092000008,1109774
9.312560092000009,1113452
9.313560092000007,1144524
9.314560092000008,1188082
9.315560092000009,1263182
9.316560092000007,1415208
9.317560092000008,1592444
9.31856009200001,1544334
9.319560092000007,1497548
9.320560092000008,1551566
9.32156009200001,1564376
9.322560092000007,1551566
9.323560092000008,1545558
9.32456009200001,1556396
9.325560092000007,1554570
9.326560092000008,1548562
9.327560092000008,1547118
9.328560092000007,1554682
9.329560092000008,1929356
9.330560092000008,1618290
9.331560092000007,1620358
9.332560092000008,1552090
9.333560092000008,1587052
9.334560092000007,1559076
9.335560092000009,1557574
9.336560092000008,1779510
9.337560092000007,1574686
9.338560092000009,1661324
9.339560092000006,1746472
9.340560092000008,1991764
9.341560092000009,2110634
9.342560092000006,1930348
9.343560092000008,1601244
9.344560092000009,1581660
9.345560092000007,1521526
9.346560092000008,1925676
9.347560092000009,2137346
9.348560092000007,2189916
9.349560092000008,2207940
9.35056009200001,2271024
9.351560092000007,2729008
9.352560092000008,2987532
9.35356009200001,3074464
9.354560092000007,2999198
9.355560092000008,2952448
9.35656009200001,2957138
9.357560092000007,2897416
9.358560092000008,3071590
9.359560092000008,2981116
9.360560092000007,2936410
9.361560092000008,2978466
9.362560092000008,2953044
9.363560092000007,3115148
9.364560092000008,3122658
9.365560092000008,3122250
9.366560092000007,3122658
9.367560092000009,3123504
9.368560092000008,3122770
9.369560092000008,3122658
9.370560092000009,3122712
9.371560092000006,3122828
9.372560092000008,3122550
9.373560092000009,3122454
9.374560092000007,3122936
9.375560092000008,3121820
9.376560092000009,3027400
9.377560092000007,2383998
9.378560092000008,2499328
9.379560092000009,2161710
9.380560092000007,2050230
9.381560092000008,2395802
9.38256009200001,3049114
9.383560092000007,3043384
9.384560092000008,2215172
9.38556009200001,2269522
9.386560092000007,2269580
9.387560092000008,2262012
9.38856009200001,2262012
9.389560092000007,2442364
9.390560092000008,2748290
9.391560092000008,2630334
9.392560092000007,2217476
9.393560092000008,2698958
9.394560092000008,2212916
9.395560092000007,2164236
9.396560092000009,2399276
9.397560092000008,2642018
9.398560092000007,2795720
9.399560092000009,2589190
9.400560092000008,2319474
9.401560092000008,2215450
9.402560092000009,1961538
9.403560092000006,1679236
9.404560092000008,1657854
9.405560092000009,1575598
9.406560092000007,1571204
9.407560092000008,1569590
9.408560092000009,1623832
9.409560092000007,1655692
9.410560092000008,1461038
9.411560092000009,1147860
9.412560092000007,968844
9.413560092000008,953770
9.41456009200001,941812
9.415560092000007,1060112
9.416560092000008,1022862
9.41756009200001,1018356
9.418560092000007,1345962
9.419560092000008,1623986
9.42056009200001,1619214
9.421560092000007,1718046
9.422560092000008,1600762
9.423560092000008,1589116
9.424560092000007,1544056
9.425560092000008,1521580
9.426560092000008,1557574
9.427560092000007,1584722
9.428560092000009,2086390
9.429560092000008,2575930
9.430560092000007,2577432
9.431560092000009,2121156
9.432560092000008,2152366
9.433560092000008,2410904
9.434560092000009,2311548
9.435560092000006,2217276
9.436560092000008,2185792
9.437560092000009,2200484
9.438560092000007,2128334
9.439560092000008,1761244
9.440560092000009,1589116
9.441560092000007,1710836
9.442560092000008,1823482
9.44356009200001,1954102
9.444560092000007,1733232
9.445560092000008,1581660
9.44656009200001,1569590
9.447560092000007,1559076
9.448560092000008,1536546
9.44956009200001,1508008
9.450560092000007,1544056
9.451560092000008,1565084
9.45256009200001,1565084
9.453560092000007,1568088
9.454560092000008,1575922
9.455560092000008,1562550
9.456560092000007,1952712
9.457560092000008,2072760
9.458560092000008,2166076
9.459560092000007,1790612
9.460560092000009,1658208
9.461560092000008,1653760
9.462560092000007,1649254
9.463560092000009,1779516
9.464560092000008,1559188
9.465560092000008,1677758
9.466560092000009,1578602
9.467560092000006,1567056
9.468560092000008,2174934
9.469560092000009,1595178
9.470560092000007,1566586
9.471560092000008,1560848
9.472560092000009,1560262
9.473560092000007,1560578
9.474560092000008,1571416
9.47556009200001,1578714
9.476560092000007,1700080
9.477560092000008,1659056
9.47856009200001,1674434
9.479560092000007,1566640
9.480560092000008,1228636
9.48156009200001,1154796
9.482560092000007,1483786
9.483560092000008,1083466
9.48456009200001,1083000
9.485560092000007,1080786
9.486560092000008,1045392
9.487560092000008,1155320
9.488560092000007,1052902
9.489560092000008,1052902
9.490560092000008,1052902
9.491560092000007,1041734
9.492560092000009,1428292
9.493560092000008,1057674
9.494560092000008,1048450
9.495560092000009,1089004
9.496560092000008,1381840
9.497560092000008,1423896
9.498560092000009,1146828
9.499560092000007,1073930
9.500560092000008,1140018
9.501560092000009,1132832
9.502560092000007,1051458
9.503560092000008,1060412
9.504560092000009,1485478
9.505560092000007,1508008
9.506560092000008,1135586
9.50756009200001,1036380
9.508560092000007,1028870
9.509560092000008,1063158
9.51056009200001,1044984
9.511560092000007,1421680
9.512560092000008,1003806
9.51356009200001,1036850
9.514560092000007,1880880
9.515560092000008,1613618
9.51656009200001,1613202
9.517560092000007,1584934
9.518560092000008,1572594
9.519560092000008,1570060
9.520560092000007,1951104
9.521560092000009,1701736
9.522560092000008,1600154
9.523560092000007,1940852
9.524560092000009,1562134
9.525560092000008,1402208
9.526560092000008,1082942
9.527560092000009,1604364
9.528560092000008,2107852
9.529560092000008,1622630
9.530560092000009,1585758
9.531560092000007,1556072
9.532560092000008,1682052
9.533560092000009,1680442
9.534560092000007,1986902
9.535560092000008,1559076
9.536560092000009,1571316
9.537560092000007,2604280
9.538560092000008,2703454
9.53956009200001,2168924
9.540560092000007,2345824
9.541560092000008,2403670
9.54256009200001,2510166
9.543560092000007,2865048
9.544560092000008,2582050
9.54556009200001,2579312
9.546560092000007,2358464
9.547560092000008,2387636
9.54856009200001,2134508
9.549560092000007,2178556
9.550560092000008,2017244
9.551560092000008,1799728
9.552560092000007,1559076
9.553560092000009,1744046
9.554560092000008,2062716
9.555560092000007,1975262
9.556560092000009,1982146
9.557560092000008,1690374
9.558560092000008,1575598
9.559560092000009,1597774
9.560560092000008,1567226
9.561560092000008,1583586
9.562560092000009,1569590
9.563560092000007,1863776
9.564560092000008,1966754
9.565560092000009,2217534
9.566560092000007,2370488
9.567560092000008,2095568
9.56856009200001,2077432
9.569560092000007,2188884
9.570560092000008,2016016
9.57156009200001,1954102
9.572560092000007,1893992
9.573560092000008,1849602
9.57456009200001,1873048
9.575560092000007,2512980
9.576560092000008,2074262
9.57756009200001,2104684
9.578560092000007,2132470
9.579560092000008,2407930
9.58056009200001,2538380
9.581560092000007,2671928
9.582560092000008,2783316
9.583560092000008,2298168
9.584560092000007,2313134
9.585560092000009,2296558
9.586560092000008,2323594
9.587560092000007,2296558
9.588560092000009,2350630
9.589560092000008,2546002
9.590560092000008,3101372
9.591560092000009,2960774
9.592560092000008,2763550
9.593560092000008,3113646
9.594560092000009,3123128
9.595560092000007,3121474
9.596560092000008,3122712
9.597560092000009,3122658
9.598560092000007,3122770
9.599560092000008,3122990
9.60056009200001,3123392
9.601560092000007,3122222
9.602560092000008,3122658
9.60356009200001,2416696
9.604560092000007,2074262
9.605560092000008,2059242
9.60656009200001,2041218
9.607560092000007,2045724
9.608560092000008,2045724
9.60956009200001,2319200
9.610560092000007,2559408
9.611560092000008,2349460
9.61256009200001,2053234
9.613560092000007,2054736
9.614560092000008,2055926
9.615560092000008,2050284
9.616560092000007,2047226
9.617560092000009,2041276
9.618560092000008,2013338
9.619560092000008,1556126
9.620560092000009,1663974
9.621560092000008,1566910
9.622560092000008,1556072
9.623560092000009,1557574
9.624560092000008,1556130
9.625560092000008,1552756
9.626560092000009,1545612
9.627560092000007,1571092
9.628560092000008,1557574
9.629560092000009,1556130
9.630560092000007,1571146
9.631560092000008,1556072
9.63256009200001,1613260
9.633560092000007,2006672
9.634560092000008,2089606
9.63556009200001,1630060
9.636560092000007,1568088
9.637560092000008,1520812
9.63856009200001,1057204
9.639560092000007,1066478
9.640560092000008,1085804
9.64156009200001,1054404
9.642560092000007,1061968
9.643560092000008,1076526
9.64456009200001,1159768
9.645560092000007,1571998
9.646560092000009,1554624
9.647560092000008,1719260
9.648560092000007,1917382
9.649560092000009,1603782
9.650560092000008,1575598
9.651560092000008,1738396
9.652560092000009,2062246
9.653560092000008,2000996
9.654560092000008,1668576
9.655560092000009,2040244
9.656560092000008,2078768
9.657560092000008,1616802
9.658560092000009,1190282
9.659560092000007,1214800
9.660560092000008,1594174
9.661560092000009,1416386
9.662560092000007,1234976
9.663560092000008,1045134
9.66456009200001,1090922
9.665560092000007,1466724
9.666560092000008,657798
9.66756009200001,741504
9.668560092000007,542658
9.669560092000008,546782
9.67056009200001,570164
9.671560092000007,654988
9.672560092000008,579364
9.67356009200001,519746
9.674560092000007,937030
9.675560092000008,1127648
9.67656009200001,920928
9.677560092000007,519692
9.678560092000009,519692
9.679560092000008,533276
9.680560092000007,519692
9.681560092000009,518190
9.682560092000008,522754
9.683560092000008,530272
9.684560092000009,520936
9.685560092000008,532032
9.686560092000008,518190
9.687560092000009,519692
9.688560092000008,519750
9.689560092000008,991756
9.690560092000009,1057944
9.691560092000007,860058
9.692560092000008,1313666
9.69356009200001,1104348
9.694560092000007,1125634
9.695560092000008,1342788
9.69656009200001,1417946
9.697560092000007,1278534
9.698560092000008,1110090
9.69956009200001,1045392
9.700560092000007,1066432
9.701560092000008,1051400
9.70256009200001,1006606
9.703560092000007,998830
9.704560092000008,1358114
9.70556009200001,1541106
9.706560092000007,1595124
9.707560092000008,1674730
9.70856009200001,1890776
9.709560092000007,1981250
9.710560092000009,1931238
9.711560092000008,1718342
9.712560092000007,1124674
9.713560092000009,474632
9.714560092000008,582588
9.715560092000008,492656
9.716560092000009,558744
9.717560092000008,701434
9.718560092000008,859144
9.719560092000009,952268
9.720560092000008,953770
9.721560092000008,1082870
9.722560092000009,1429958
9.723560092000007,1347352
9.724560092000008,1018356
9.72556009200001,972528
9.726560092000007,522696
9.727560092000008,519746
9.72856009200001,525700
9.729560092000007,629096
9.730560092000008,968644
9.73156009200001,1075190
9.732560092000007,754094
9.733560092000008,614376
9.73456009200001,1003336
9.735560092000007,1006340
9.736560092000008,1007472
9.73756009200001,1455550
9.738560092000007,1581660
9.739560092000008,1298060
9.74056009200001,1332274
9.741560092000007,1433344
9.742560092000009,1453936
9.743560092000008,1502112
9.744560092000008,1897142
9.745560092000009,2265776
9.746560092000008,1733640
9.747560092000008,1942410
9.748560092000009,2171892
9.749560092000008,1883894
9.750560092000008,1721292
9.751560092000009,1818002
9.752560092000008,1965386
9.753560092000008,679432
9.754560092000009,569474
9.755560092000007,527672
9.756560092000008,533210
9.75756009200001,542222
9.758560092000007,561748
9.759560092000008,534046
9.76056009200001,536380
9.761560092000007,609458
9.762560092000008,542222
9.76356009200001,521194
9.764560092000007,584390
9.765560092000008,561394
9.76656009200001,518190
9.767560092000007,519692
9.768560092000008,608422
9.76956009200001,1001834
9.770560092000007,1036716
9.771560092000009,527904
9.77256009200001,515186
9.773560092000007,537774
9.774560092000009,518190
9.775560092000008,521194
9.776560092000008,533264
9.777560092000009,518190
9.778560092000008,527202
9.779560092000008,530206
9.780560092000009,698542
9.781560092000008,1044214
9.782560092000008,963114
9.783560092000009,551234
9.784560092000008,667000
9.785560092000008,585426
9.786560092000009,621940
9.787560092000007,1060848
9.788560092000008,1239150
9.78956009200001,979636
9.790560092000007,680684
9.791560092000008,530584
9.79256009200001,599410
9.793560092000007,1100782
9.794560092000008,1147228
9.79556009200001,1036438
9.796560092000007,1052956
9.797560092000008,1058910
9.79856009200001,1083000
9.799560092000007,1121678
9.800560092000008,1194090
9.80156009200001,1287214
9.802560092000007,1425456
9.803560092000009,1173398
9.80456009200001,1601410
9.805560092000007,1991652
9.806560092000009,1862070
9.807560092000008,1603782
9.808560092000008,1666100
9.809560092000009,1661682
9.810560092000008,1882234
9.811560092000008,2507468
9.812560092000009,1807292
9.813560092000008,1505904
9.814560092000008,1064714
9.815560092000009,1264796
9.816560092000008,1713894
9.817560092000008,2467898
9.81856009200001,2596958
9.819560092000007,2615094
9.820560092000008,2597428
9.82156009200001,2821998
9.822560092000007,2750686
9.823560092000008,2647318
9.82456009200001,2593696
9.825560092000007,2240124
9.826560092000008,2084630
9.82756009200001,2081772
9.828560092000007,2080328
9.829560092000008,2083274
9.83056009200001,2075764
9.831560092000007,2078768
9.832560092000008,2081772
9.83356009200001,2177566
9.834560092000007,2408782
9.835560092000009,2127356
9.83656009200001,2082242
9.837560092000007,1911444
9.838560092000009,1134910
9.839560092000008,1039384
9.840560092000008,1040940
9.841560092000009,1057520
9.842560092000008,1059022
9.843560092000008,1431464
9.844560092000009,1559076
9.845560092000008,1328070
9.846560092000008,1040886
9.847560092000009,1053284
9.848560092000008,1458550
9.849560092000008,1568412
9.85056009200001,1563324
9.851560092000007,1751656
9.852560092000008,2051474
9.85356009200001,1961890
9.854560092000007,1557628
9.855560092000008,1557574
9.85656009200001,1557632
9.857560092000007,1571204
9.858560092000008,1811382
9.85956009200001,2177940
9.860560092000007,2008456
9.861560092000008,1557574
9.86256009200001,1556072
9.863560092000007,1560578
9.864560092000008,1554570
9.86556009200001,1559076
9.866560092000007,1743692
9.867560092000009,2032206
9.86856009200001,2077324
9.869560092000008,1673004
9.870560092000009,1598452
9.871560092000008,1676402
9.872560092000008,1714930
9.873560092000009,2193032
9.874560092000008,2394188
9.875560092000008,2421502
9.876560092000009,2280090
9.877560092000008,2586502
9.878560092000008,2859352
9.879560092000009,2700408
9.880560092000009,2196726
9.881560092000008,2601856
9.88256009200001,2631316
9.883560092000007,2595456
9.884560092000008,2179734
9.88556009200001,2080328
9.886560092000007,2074262
9.887560092000008,2096302
9.88856009200001,2026198
9.889560092000007,2180662
9.890560092000008,1587946
9.89156009200001,1557574
9.892560092000007,1556130
9.893560092000008,1583162
9.89456009200001,1296888
9.895560092000007,1075198
9.896560092000009,1039442
9.89756009200001,1036380
9.898560092000007,1039442
9.899560092000009,1036380
9.90056009200001,1039384
9.901560092000008,1053168
9.902560092000009,1040944
9.903560092000008,1148842
9.904560092000008,1043262
9.905560092000009,1040886
9.906560092000008,1042442
9.907560092000008,1039384
9.908560092000009,1056230
9.909560092000008,1042388
9.910560092000008,1144282
9.911560092000009,1039384
9.912560092000009,1160862
9.913560092000008,1332710
9.91456009200001,1566344
9.915560092000007,1527276
9.916560092000008,1500144
9.91756009200001,1503502
9.918560092000007,1520078
9.919560092000008,1647806
9.92056009200001,2017186
9.921560092000007,2007328
9.922560092000008,1523028
9.92356009200001,1527534
9.924560092000007,1536546
9.925560092000008,1538106
9.92656009200001,1540020
9.927560092000007,1553122
9.928560092000009,1541052
9.92956009200001,1551566
9.930560092000007,1557574
9.931560092000009,1459230
9.93256009200001,1048396
9.933560092000008,1055906
9.934560092000009,1061914
9.935560092000008,1067922
9.936560092000008,1075432
9.937560092000009,1135074
9.938560092000008,1575454
9.939560092000008,1607988
9.940560092000009,1685298
9.941560092000008,1353634
9.942560092000008,1278202
9.94356009200001,1068200
9.944560092000009,1013904
9.945560092000008,1013850
9.94656009200001,1000332
9.947560092000007,1000332
9.948560092000008,1006340
9.94956009200001,1045392
9.950560092000007,1030372
9.951560092000008,1033376
9.95256009200001,1042712
9.953560092000007,1033376
9.954560092000008,1733532
9.95556009200001,2202044
9.956560092000007,2253332
9.957560092000008,2049052
9.95856009200001,2074316
9.959560092000007,2065250
9.960560092000009,2092610
9.96156009200001,2180662
9.962560092000007,2071258
9.963560092000009,2069756
9.96456009200001,2074262
9.965560092000008,2072760
9.966560092000009,2069756
9.967560092000008,2427086
9.968560092000008,2566918
9.969560092000009,2312022
9.970560092000008,2443808
9.971560092000008,2569922
9.972560092000009,2215782
9.973560092000008,2447194
9.974560092000008,2547392
9.97556009200001,2187812
9.976560092000009,2062716
9.977560092000008,2013004
9.97856009200001,1991652
9.979560092000007,2062004
9.980560092000008,2117578
9.98156009200001,2032206
9.982560092000007,2017186
9.983560092000008,1574996
9.98456009200001,1556072
9.985560092000007,1557574
9.986560092000008,1557574
9.98756009200001,2002278
9.988560092000007,2374532
9.989560092000008,2591008
9.99056009200001,2456102
9.991560092000007,2071258
9.992560092000009,2060744
9.99356009200001,2065250
9.994560092000008,1704280
9.995560092000009,1599276
9.99656009200001,1541110
9.997560092000008,1542554
9.998560092000009,1645950
9.999560092000008,1548416
