Time(s),BytesReceived
0.002860878,107644
0.003860878,57188
0.004860878,49212
0.005860878,0
0.006860878,0
0.007860878,1244
0.008860877999999999,0
0.009860878,0
0.010860878000000001,15132
0.011860878000000002,503170
0.012860878,518190
0.013860878,51400
0.014860878000000001,10838
0.015860878000000002,10838
0.016860878,0
0.017860878,0
0.018860878,0
0.019860878000000002,0
0.020860878,0
0.021860878,0
0.022860878,0
0.023860878000000002,0
0.024860878,0
0.025860878,0
0.026860878,0
0.027860878000000002,0
0.028860878,0
0.029860878,0
0.030860878,0
0.031860877999999995,58
0.032860877999999996,471682
0.033860878,518190
0.034860878,219848
0.035860878,510084
0.036860878,519692
0.037860878,519434
0.038860878,518190
0.039860877999999995,518190
0.040860877999999996,519692
0.041860878,518190
0.042860878,518190
0.043860878,519692
0.044860878,518190
0.045860877999999994,518190
0.046860877999999995,519692
0.047860877999999996,530272
0.048860877999999996,974910
0.049860878,1037882
0.050860878,631172
0.051860878,518190
0.052860878,518190
0.053860878,519692
0.054860878,518190
0.055860877999999996,518190
0.056860878,85012
0.057860878,0
0.058860878,0
0.059860878,0
0.060860878,0
0.061860877999999994,0
0.062860878,0
0.063860878,0
0.064860878,0
0.065860878,1244
0.066860878,0
0.067860878,0
0.068860878,0
0.069860878,15132
0.070860878,91268
0.071860878,10784
0.072860878,54
0.073860878,0
0.07486087799999999,0
0.07586087799999999,106400
0.076860878,78216
0.077860878,518190
0.078860878,519692
0.079860878,617434
0.080860878,1110090
0.081860878,1556072
0.082860878,1544658
0.083860878,1036434
0.084860878,1037882
0.085860878,1037882
0.086860878,1037624
0.087860878,1036380
0.088860878,1039384
0.089860878,1036380
0.09086087799999999,1036380
0.09186087799999999,1037882
0.092860878,1110148
0.093860878,1565350
0.094860878,1535322
0.095860878,1037936
0.096860878,1036380
0.097860878,944156
0.098860878,519692
0.099860878,518190
0.100860878,404938
0.101860878,0
0.102860878,0
0.103860878,0
0.104860878,0
0.105860878,0
0.10686087799999999,28650
0.107860878,77750
0.108860878,1244
0.109860878,0
0.110860878,0
0.111860878,0
0.112860878,0
0.113860878,0
0.114860878,0
0.115860878,0
0.116860878,0
0.117860878,348318
0.118860878,698042
0.119860878,1036380
0.120860878,1017132
0.121860878,519746
0.12286087799999999,518190
0.123860878,519434
0.12486087800000001,913328
0.125860878,1145784
0.126860878,1036380
0.127860878,1036380
0.128860878,1037882
0.129860878,1037882
0.130860878,1118844
0.13186087800000001,1064306
0.13286087800000002,1037882
0.13386087800000002,1036380
0.13486087800000002,1037882
0.13586087800000002,1037882
0.13686087800000002,1036380
0.13786087800000002,1036380
0.13886087800000002,676800
0.13986087800000002,518190
0.14086087800000002,518190
0.14186087800000002,635428
0.14286087800000002,519692
0.14386087800000003,518190
0.14486087800000003,518190
0.14586087800000003,109044
0.14686087800000003,0
0.147860878,0
0.148860878,0
0.149860878,157580
0.150860878,55220
0.151860878,0
0.152860878,199878
0.153860878,518190
0.154860878,686858
0.155860878,519692
0.156860878,263194
0.157860878,54
0.158860878,106400
0.159860878,0
0.160860878,0
0.161860878,0
0.16286087800000001,150312
0.16386087800000002,519692
0.16486087800000002,417888
0.16586087800000002,0
0.16686087800000002,0
0.16786087800000002,0
0.16886087800000002,55686
0.16986087800000002,516688
0.17086087800000002,515464
0.17186087800000002,260012
0.17286087800000002,520936
0.17386087800000002,308300
0.17486087800000003,1186
0.17586087800000003,0
0.17686087800000003,0
0.177860878,1244
0.178860878,0
0.179860878,0
0.180860878,106400
0.181860878,106346
0.182860878,54
0.183860878,0
0.184860878,0
0.185860878,0
0.186860878,0
0.187860878,0
0.188860878,10838
0.189860878,0
0.190860878,0
0.191860878,15132
0.192860878,91268
0.19386087800000001,0
0.19486087800000002,10838
0.19586087800000002,522566
0.19686087800000002,529028
0.19786087800000002,153536
0.19886087800000002,0
0.19986087800000002,0
0.20086087800000002,0
0.20186087800000002,0
0.20286087800000002,0
0.20386087800000002,455218
0.20486087800000002,518190
0.20586087800000002,114484
0.20686087800000003,54184
0.20786087800000003,158616
0.20886087800000003,0
0.20986087800000003,0
0.21086087800000003,106400
0.211860878,106400
0.212860878,0
0.213860878,0
0.214860878,0
0.215860878,205886
0.216860878,518190
0.217860878,363816
0.218860878,58
0.219860878,106342
0.220860878,10838
0.221860878,0
0.222860878,0
0.223860878,0
0.22486087800000001,0
0.22586087800000001,0
0.22686087800000002,0
0.22786087800000002,0
0.22886087800000002,0
0.22986087800000002,0
0.23086087800000002,0
0.23186087800000002,0
0.23286087800000002,0
0.23386087800000002,0
0.23486087800000002,0
0.23586087800000002,240302
0.23686087800000002,1033376
0.23786087800000003,990208
0.23886087800000003,531716
0.23986087800000003,518190
0.24086087800000003,518190
0.241860878,519692
0.242860878,529028
0.243860878,518190
0.244860878,519692
0.245860878,682020
0.246860878,1036380
0.247860878,1107160
0.248860878,1037882
0.249860878,916822
0.250860878,518244
0.251860878,519692
0.252860878,679016
0.253860878,1037882
0.254860878,954214
0.255860878,597442
0.256860878,471026
0.257860878,0
0.258860878,0
0.259860878,0
0.260860878,0
0.261860878,0
0.262860878,0
0.263860878,1244
0.264860878,0
0.265860878,0
0.266860878,0
0.267860878,0
0.268860878,106400
0.269860878,0
0.270860878,0
0.27186087800000003,112762
0.27286087800000003,518190
0.27386087800000003,817274
0.27486087800000003,519750
0.27586087800000003,806144
0.27686087800000003,549378
0.27786087800000003,518190
0.27886087800000003,519692
0.27986087800000004,518190
0.28086087800000004,518190
0.28186087800000004,530530
0.28286087800000004,518190
0.28386087800000004,518190
0.28486087800000004,534824
0.28586087800000004,1021360
0.28686087800000004,1036380
0.28786087800000004,569590
0.28886087800000004,519692
0.28986087800000004,518190
0.29086087800000004,671264
0.291860878,648622
0.292860878,1045716
0.293860878,1037882
0.294860878,663282
0.295860878,518190
0.296860878,602414
0.297860878,1037882
0.298860878,1003668
0.299860878,518190
0.300860878,519692
0.301860878,518190
0.302860878,518190
0.303860878,567868
0.304860878,1037366
0.305860878,1047218
0.306860878,1037882
0.307860878,1037882
0.308860878,1217992
0.309860878,1067568
0.310860878,1037882
0.311860878,1037882
0.312860878,954670
0.313860878,518190
0.314860878,519692
0.315860878,518190
0.316860878,518190
0.317860878,519692
0.318860878,518190
0.319860878,518190
0.320860878,518190
0.321860878,692534
0.322860878,1037882
0.323860878,1036380
0.324860878,1037882
0.325860878,1036380
0.326860878,1048720
0.327860878,1144282
0.328860878,1036380
0.329860878,1039126
0.330860878,1036380
0.331860878,1037882
0.332860878,1037882
0.333860878,1036380
0.33486087800000003,1037882
0.33586087800000003,1047218
0.33686087800000003,1037882
0.33786087800000003,1428256
0.33886087800000003,1554570
0.33986087800000003,1218454
0.34086087800000003,1048720
0.34186087800000003,1036380
0.34286087800000004,860368
0.34386087800000004,529028
0.34486087800000004,520936
0.34586087800000004,518190
0.34686087800000004,518190
0.34786087800000004,519692
0.34886087800000004,518190
0.34986087800000004,518190
0.35086087800000004,599410
0.35186087800000004,544872
0.35286087800000004,518190
0.353860878,674510
0.354860878,1037882
0.355860878,931572
0.356860878,518190
0.357860878,519692
0.358860878,621940
0.359860878,1036380
0.360860878,1427344
0.361860878,1037882
0.362860878,644690
0.363860878,546840
0.364860878,1031874
0.365860878,1037882
0.366860878,1036380
0.367860878,1037882
0.368860878,1036380
0.369860878,1037882
0.370860878,1037882
0.371860878,1135624
0.372860878,1045038
0.373860878,1048720
0.374860878,1036380
0.375860878,1037882
0.376860878,1036380
0.377860878,1037940
0.378860878,1048662
0.379860878,1036380
0.380860878,1037882
0.381860878,1036380
0.382860878,1037882
0.383860878,1037882
0.384860878,999730
0.385860878,518190
0.386860878,519692
0.387860878,518190
0.388860878,518190
0.389860878,518190
0.390860878,626092
0.391860878,518190
0.392860878,519434
0.393860878,519692
0.394860878,518190
0.395860878,518190
0.39686087800000003,626150
0.39786087800000003,519376
0.39886087800000003,623442
0.39986087800000003,519338
0.40086087800000003,519692
0.40186087800000003,529028
0.40286087800000003,529028
0.40386087800000003,519692
0.40486087800000004,518190
0.40586087800000004,518190
0.40686087800000004,519692
0.40786087800000004,528974
0.40886087800000004,635512
0.40986087800000004,1039384
0.41086087800000004,1071370
0.41186087800000004,522342
0.41286087800000004,518190
0.41386087800000004,519692
0.41486087800000004,518190
0.41586087800000004,518190
0.41686087800000005,522180
0.41786087800000005,518190
0.41886087800000005,533322
0.419860878,610960
0.420860878,624590
0.421860878,518190
0.422860878,518190
0.423860878,530530
0.424860878,518190
0.425860878,518190
0.426860878,519692
0.427860878,518190
0.428860878,518190
0.429860878,519692
0.430860878,518190
0.431860878,739366
0.432860878,1036434
0.433860878,1024566
0.434860878,1024364
0.435860878,1037882
0.436860878,542554
0.437860878,518190
0.438860878,518190
0.439860878,519692
0.440860878,518190
0.441860878,826212
0.442860878,1037882
0.443860878,1037882
0.444860878,1036380
0.445860878,1479582
0.446860878,1557574
0.447860878,1162880
0.448860878,1186450
0.449860878,1100612
0.450860878,1037882
0.451860878,1036380
0.452860878,1048720
0.453860878,1048720
0.454860878,1047218
0.455860878,1036380
0.456860878,1039384
0.457860878,1036380
0.458860878,1036380
0.45986087800000003,1039384
0.46086087800000003,1036380
0.46186087800000003,1036380
0.46286087800000003,715852
0.46386087800000003,533322
0.46486087800000003,609458
0.46586087800000003,519692
0.46686087800000003,518190
0.46786087800000004,518190
0.46886087800000004,518190
0.46986087800000004,519692
0.47086087800000004,518190
0.47186087800000004,529028
0.47286087800000004,820204
0.47386087800000004,1036380
0.47486087800000004,788624
0.47586087800000004,519692
0.47686087800000004,518190
0.47786087800000004,624590
0.47886087800000005,540832
0.47986087800000005,603450
0.48086087800000005,518190
0.481860878,624590
0.482860878,519692
0.483860878,518248
0.484860878,519376
0.485860878,519692
0.486860878,518190
0.487860878,569370
0.488860878,574912
0.489860878,518190
0.490860878,730936
0.491860878,624644
0.492860878,626092
0.493860878,518190
0.494860878,518190
0.495860878,519692
0.496860878,518190
0.497860878,518190
0.498860878,519692
0.499860878,519434
0.5008608779999999,518190
0.501860878,518190
0.5028608779999999,519692
0.503860878,518190
0.5048608779999999,624590
0.505860878,520936
0.5068608779999999,518190
0.507860878,529028
0.5088608779999999,519692
0.509860878,518190
0.5108608779999999,518190
0.511860878,518190
0.5128608779999999,519692
0.513860878,325220
0.5148608779999999,106400
0.515860878,0
0.5168608779999999,0
0.517860878,0
0.5188608779999999,106400
0.519860878,10838
0.5208608779999999,0
0.521860878,0
0.5228608779999999,449322
0.523860878,583924
0.5248608779999999,519692
0.525860878,934680
0.5268608779999999,1036380
0.527860878,1037882
0.5288608779999999,1084556
0.529860878,1553068
0.5308608779999999,1662472
0.531860878,1556072
0.5328608779999999,1556072
0.533860878,1556072
0.5348608779999999,1556072
0.535860878,1556072
0.5368608779999999,1554570
0.537860878,1557574
0.5388608779999999,1556072
0.539860878,1554570
0.5408608779999999,1556072
0.541860878,1557574
0.5428608779999999,1554570
0.543860878,1322772
0.5448608779999999,1556072
0.545860878,1416718
0.5468608779999999,616720
0.547860878,519692
0.5488608779999999,518190
0.549860878,459010
0.5508608779999999,0
0.551860878,452214
0.552860878,518190
0.5538608780000001,955384
0.554860878,1111592
0.5558608780000001,789788
0.556860878,984034
0.5578608780000001,1673310
0.558860878,1278534
0.5598608780000001,1051512
0.560860878,1127648
0.5618608780000001,1039384
0.562860878,1036380
0.5638608780000001,1037624
0.564860878,1039384
0.5658608780000001,1047218
0.566860878,1037624
0.5678608780000001,1037882
0.568860878,1037882
0.5698608780000001,1107086
0.570860878,1073576
0.5718608780000001,1083054
0.572860878,1613260
0.5738608780000001,2072760
0.574860878,1607862
0.5758608780000001,1553122
0.576860878,1724408
0.5778608780000001,1557906
0.578860878,1437746
0.5798608779999999,1036380
0.580860878,1037882
0.5818608779999999,1037882
0.582860878,1036380
0.5838608779999999,1036380
0.584860878,1039384
0.5858608779999999,1036380
0.586860878,1036380
0.5878608779999999,1039384
0.588860878,1036380
0.5898608779999999,1036380
0.590860878,1037882
0.5918608779999999,1037882
0.592860878,1037624
0.5938608779999999,1037882
0.594860878,1144282
0.5958608779999999,1099576
0.596860878,1553068
0.5978608779999999,1547338
0.598860878,1224054
0.5998608779999999,1554570
0.600860878,1537148
0.6018608779999999,1037936
0.602860878,1036380
0.6038608779999999,1037882
0.604860878,1037882
0.6058608779999999,1036380
0.606860878,1036380
0.6078608779999999,1039384
0.608860878,1036380
0.6098608779999999,1424008
0.610860878,1558818
0.6118608779999999,1218454
0.612860878,1036380
0.6138608779999999,1037882
0.614860878,1037882
0.6158608779999999,1036380
0.616860878,1142726
0.6178608779999999,1039438
0.618860878,1036380
0.6198608779999999,1036380
0.620860878,1039384
0.6218608779999999,1142780
0.622860878,1036380
0.6238608779999999,1048720
0.624860878,1225744
0.6258608779999999,1555814
0.626860878,1419722
0.6278608779999999,1037882
0.628860878,1089062
0.6298608779999999,1553068
0.630860878,1557574
0.6318608779999999,1914920
0.632860878,2125442
0.6338608779999999,1927044
0.634860878,1557574
0.6358608779999999,1554570
0.636860878,1599742
0.6378608779999999,2068254
0.638860878,2074320
0.6398608779999999,2562466
0.640860878,2593954
0.6418608779999999,2274472
0.642860878,2592452
0.6438608779999999,2606414
0.644860878,2593954
0.6458608779999999,2561188
0.646860878,2180716
0.6478608779999999,2458886
0.648860878,2593954
0.6498608779999999,2259340
0.650860878,2074262
0.6518608779999999,2182164
0.652860878,2072760
0.6538608779999999,2086602
0.654860878,2075764
0.6558608779999999,2083598
0.656860878,2074262
0.6578608779999999,2025596
0.658860878,1660970
0.6598608779999999,1556130
0.660860878,2041272
0.6618608779999999,2074262
0.662860878,2072760
0.6638608779999999,2086602
0.664860878,2075764
0.6658608779999999,2072760
0.666860878,2362758
0.6678608779999999,3011734
0.668860878,2660374
0.6698608779999999,2867928
0.670860878,2161544
0.6718608779999999,2093434
0.672860878,2075764
0.6738608779999999,2074262
0.674860878,2074262
0.6758608779999999,2074262
0.676860878,2206550
0.677860878,2606036
0.6788608780000001,2592452
0.679860878,2592452
0.6808608780000001,2593954
0.681860878,2262912
0.6828608780000001,2099908
0.683860878,2646636
0.6848608780000001,2652448
0.685860878,2105932
0.6868608780000001,2075764
0.687860878,2074262
0.6888608780000001,2074262
0.689860878,2075764
0.6908608780000001,2085100
0.691860878,2165996
0.6928608780000001,2088928
0.693860878,2075764
0.6948608780000001,2072760
0.695860878,2085100
0.6968608780000001,2075764
0.697860878,1927966
0.6988608780000001,1556072
0.699860878,1557574
0.7008608780000001,1554570
0.701860878,1554570
0.7028608780000001,1579250
0.703860878,1566910
0.7048608780000001,1554570
0.705860878,1557574
0.7068608779999999,1556072
0.707860878,1554570
0.7088608779999999,1556072
0.709860878,1568412
0.7108608779999999,1554570
0.711860878,1556072
0.7128608779999999,1556072
0.713860878,1607252
0.7148608779999999,2071258
0.715860878,2182164
0.7168608779999999,2075764
0.717860878,2072760
0.7188608779999999,2074262
0.719860878,2182164
0.7208608779999999,2075506
0.721860878,2074262
0.7228608779999999,2092398
0.723860878,2228726
0.7248608779999999,2590950
0.725860878,2580714
0.7268608779999999,2075818
0.727860878,2072760
0.7288608779999999,2075764
0.729860878,2074262
0.7308608779999999,2074262
0.731860878,2074262
0.7328608779999999,2075764
0.733860878,2085046
0.7348608779999999,2010630
0.735860878,1556072
0.7368608779999999,1556072
0.737860878,1554570
0.7388608779999999,1557574
0.739860878,1662472
0.7408608779999999,1554570
0.741860878,1556072
0.7428608779999999,1557574
0.743860878,1554570
0.7448608779999999,1556072
0.745860878,1557574
0.7468608779999999,1554570
0.747860878,1671808
0.7488608779999999,1557574
0.749860878,1662472
0.7508608779999999,1638794
0.751860878,1579750
0.7528608779999999,1556072
0.753860878,1554570
0.7548608779999999,1556072
0.755860878,1557574
0.7568608779999999,1554570
0.757860878,1556072
0.7588608779999999,1556072
0.759860878,1556072
0.7608608779999999,1554570
0.761860878,1121280
0.7628608779999999,1037882
0.763860878,1036380
0.7648608779999999,1037882
0.765860878,1037882
0.7668608779999999,1285110
0.767860878,1036380
0.7688608779999999,1318868
0.769860878,1557574
0.7708608779999999,1324838
0.771860878,1036380
0.7728608779999999,1037882
0.773860878,1037882
0.7748608779999999,1036380
0.775860878,1037882
0.7768608779999999,1055760
0.777860878,1126146
0.7788608779999999,1037882
0.779860878,1037882
0.7808608779999999,1036380
0.781860878,1036380
0.7828608779999999,1039384
0.783860878,1095070
0.7848608779999999,1554570
0.785860878,1548840
0.7868608779999999,1144282
0.787860878,759222
0.7888608779999999,519692
0.789860878,518190
0.7908608779999999,518190
0.791860878,519692
0.7928608779999999,919336
0.793860878,1037882
0.7948608779999999,1036380
0.795860878,1048720
0.7968608779999999,1037882
0.797860878,1047218
0.7988608779999999,1037882
0.799860878,1384956
0.8008608779999999,1571204
0.801860878,2086722
0.802860878,2075764
0.8038608780000001,1331436
0.804860878,1036380
0.8058608780000001,1037882
0.806860878,1037882
0.8078608780000001,1036380
0.808860878,1037882
0.8098608780000001,1037882
0.810860878,1036380
0.8118608780000001,1037882
0.812860878,1037882
0.8138608780000001,619724
0.814860878,518190
0.8158608780000001,519692
0.816860878,518190
0.8178608780000001,518190
0.818860878,519692
0.8198608780000001,518190
0.820860878,518190
0.8218608780000001,519692
0.822860878,518190
0.8238608780000001,518190
0.824860878,519692
0.8258608780000001,572374
0.826860878,1034878
0.8278608780000001,1035156
0.828860878,519746
0.8298608780000001,518190
0.830860878,519434
0.8318608780000001,519692
0.832860878,518190
0.8338608780000001,529028
0.834860878,519692
0.8358608779999999,555852
0.836860878,1059928
0.8378608779999999,1037882
0.838860878,1002622
0.8398608779999999,518190
0.840860878,519692
0.8418608779999999,518190
0.842860878,518190
0.8438608779999999,530530
0.844860878,518190
0.8458608779999999,518190
0.846860878,519692
0.8478608779999999,518190
0.848860878,529086
0.8498608779999999,624532
0.850860878,519692
0.8518608779999999,624590
0.852860878,528974
0.8538608779999999,519746
0.854860878,815698
0.8558608779999999,1036380
0.856860878,1048720
0.8578608779999999,655772
0.858860878,518190
0.8598608779999999,518190
0.860860878,530530
0.8618608779999999,518190
0.862860878,518190
0.8638608779999999,519692
0.864860878,518190
0.8658608779999999,624590
0.866860878,518190
0.8678608779999999,519692
0.868860878,908822
0.8698608779999999,1037882
0.870860878,697260
0.8718608779999999,529028
0.872860878,518190
0.8738608779999999,519692
0.874860878,529028
0.8758608779999999,206674
0.876860878,0
0.8778608779999999,0
0.878860878,0
0.8798608779999999,0
0.880860878,0
0.8818608779999999,450712
0.882860878,625834
0.8838608779999999,179182
0.884860878,390602
0.8858608779999999,530530
0.886860878,234644
0.8878608779999999,0
0.888860878,106400
0.8898608779999999,0
0.890860878,0
0.8918608779999999,0
0.892860878,0
0.8938608779999999,106400
0.894860878,58690
0.8958608779999999,457868
0.896860878,518190
0.8978608779999999,159544
0.898860878,106400
0.8998608779999999,0
0.900860878,0
0.9018608779999999,0
0.902860878,0
0.9038608779999999,177348
0.904860878,518190
0.9058608779999999,518190
0.906860878,519692
0.9078608779999999,578382
0.908860878,564398
0.9098608779999999,519692
0.910860878,518190
0.9118608779999999,518190
0.912860878,518190
0.9138608779999999,519692
0.914860878,518190
0.9158608779999999,624590
0.916860878,519692
0.9178608779999999,539866
0.918860878,518190
0.9198608779999999,530530
0.920860878,624590
0.9218608779999999,518190
0.922860878,519692
0.9238608779999999,518190
0.924860878,328078
0.9258608779999999,0
0.926860878,0
0.927860878,0
0.9288608780000001,0
0.929860878,0
0.9308608780000001,0
0.931860878,58
0.9328608780000001,106342
0.933860878,178850
0.9348608780000001,626092
0.935860878,389350
0.9368608780000001,0
0.937860878,0
0.9388608780000001,2488
0.939860878,10838
0.9408608780000001,58
0.941860878,10780
0.9428608780000001,84224
0.943860878,516688
0.9448608780000001,486980
0.945860878,0
0.9468608780000001,0
0.947860878,154818
0.9488608780000001,518190
0.949860878,458554
0.9508608780000001,62730
0.951860878,0
0.9528608780000001,0
0.953860878,0
0.9548608780000001,0
0.955860878,0
0.9568608780000001,0
0.957860878,0
0.9588608780000001,0
0.959860878,0
0.9608608780000001,770750
0.961860878,1037882
0.9628608779999999,662826
0.963860878,1013592
0.9648608779999999,1107086
0.965860878,723442
0.9668608779999999,518190
0.967860878,624590
0.9688608779999999,519692
0.969860878,518190
0.9708608779999999,518190
0.971860878,519692
0.9728608779999999,575378
0.973860878,1034878
0.9748608779999999,1033654
0.975860878,518244
0.9768608779999999,576880
0.977860878,567402
0.9788608779999999,518190
0.979860878,624536
0.9808608779999999,529082
0.981860878,595804
0.9828608779999999,519434
0.983860878,147528
0.9848608779999999,40666
0.985860878,590398
0.9868608779999999,608068
0.987860878,345550
0.9888608779999999,518190
0.989860878,285712
0.9908608779999999,0
0.991860878,106400
0.9928608779999999,0
0.993860878,106400
0.9948608779999999,0
0.995860878,0
0.9968608779999999,0
0.997860878,106512
0.9988608779999999,901312
0.999860878,1036380
1.0008608780000001,592178
1.001860878,519750
1.002860878,518248
1.003860878,599468
1.0048608780000001,544930
1.005860878,518248
1.006860878,518248
1.007860878,650536
1.0088608780000001,1339954
1.009860878,1556130
1.010860878,1302624
1.011860878,1039442
1.0128608780000001,1036438
1.013860878,1036438
1.014860878,1037940
1.015860878,1037940
1.0168608780000001,1142838
1.017860878,1037940
1.018860878,1037940
1.019860878,1036438
1.0208608780000001,1036438
1.021860878,1039442
1.022860878,1036438
1.023860878,1036438
1.0248608780000001,1037940
1.025860878,1048778
1.026860878,1036438
1.0278608779999998,1037940
1.028860878,891644
1.029860878,518248
1.030860878,519750
1.0318608779999998,518248
1.032860878,518248
1.033860878,518248
1.034860878,519750
1.0358608779999998,518248
1.036860878,518248
1.037860878,839900
1.038860878,1554628
1.0398608779999998,1337448
1.040860878,519804
1.041860878,518248
1.042860878,518248
1.0438608779999998,518248
1.044860878,519750
1.045860878,518248
1.046860878,905876
1.0478608779999998,1037940
1.048860878,817560
1.049860878,518248
1.050860878,520994
1.0518608779999998,518248
1.052860878,542392
1.053860878,1407544
1.054860878,1556130
1.0558608779999998,744212
1.056860878,518248
1.057860878,842496
1.058860878,1078660
1.0598608779999998,1386736
1.060860878,1037882
1.061860878,530538
1.062860878,518190
1.0638608779999998,519692
1.064860878,518190
1.065860878,518190
1.066860878,518190
1.0678608779999998,519692
1.068860878,530218
1.069860878,624644
1.070860878,519692
1.0718608779999999,518190
1.072860878,519434
1.073860878,519692
1.074860878,913086
1.0758608779999999,1036380
1.076860878,1037882
1.077860878,1036380
1.078860878,1095070
1.0798608779999999,1707656
1.080860878,2768186
1.081860878,2814860
1.082860878,2739294
1.0838608779999999,2592410
1.084860878,2630110
1.085860878,2785202
1.086860878,2799840
1.0878608779999999,2737138
1.088860878,2732632
1.089860878,2729628
1.090860878,2775676
1.0918608779999999,2561384
1.092860878,2516376
1.093860878,2535990
1.094860878,2591364
1.0958608779999999,2364048
1.096860878,1452414
1.097860878,1452434
1.098860878,1471960
1.0998608779999999,1482474
1.100860878,1277600
1.101860878,991320
1.102860878,994324
1.1038608779999999,998830
1.104860878,1004580
1.105860878,1006340
1.106860878,1007842
1.1078608779999999,1007842
1.108860878,1012348
1.109860878,1012348
1.110860878,1302346
1.1118608779999999,1535044
1.112860878,1293554
1.113860878,1015352
1.114860878,1016854
1.115860878,1019858
1.116860878,1050010
1.1178608780000001,919770
1.118860878,519692
1.119860878,518190
1.120860878,518190
1.1218608780000001,519692
1.122860878,518190
1.123860878,529086
1.124860878,625776
1.1258608780000001,801938
1.126860878,1037882
1.127860878,910544
1.128860878,519692
1.1298608780000001,518190
1.130860878,518190
1.131860878,519692
1.132860878,518190
1.1338608780000001,518190
1.134860878,518190
1.135860878,519692
1.136860878,518248
1.1378608780000001,1347460
1.138860878,1556072
1.139860878,1251498
1.140860878,1037882
1.1418608780000001,1037882
1.142860878,1036380
1.143860878,1037882
1.144860878,1037940
1.1458608780000001,1142722
1.146860878,1037882
1.147860878,1036380
1.148860878,1037882
1.1498608780000001,1037882
1.150860878,1036380
1.151860878,1037882
1.152860878,1036380
1.1538608780000001,1037882
1.154860878,1037882
1.155860878,1036380
1.1568608779999998,1159414
1.157860878,1127648
1.158860878,559914
1.159860878,518244
1.1608608779999998,518190
1.161860878,519692
1.162860878,518190
1.163860878,518190
1.1648608779999998,519692
1.165860878,518190
1.166860878,518190
1.167860878,519692
1.1688608779999998,624536
1.169860878,518244
1.170860878,518190
1.171860878,519692
1.1728608779999998,518190
1.173860878,518190
1.174860878,832220
1.175860878,1036380
1.1768608779999998,775364
1.177860878,519692
1.178860878,518190
1.179860878,518190
1.1808608779999998,518190
1.181860878,519692
1.182860878,518190
1.183860878,528974
1.1848608779999998,519746
1.185860878,518190
1.186860878,518190
1.187860878,519692
1.1888608779999998,518190
1.189860878,518190
1.190860878,519692
1.191860878,518190
1.1928608779999998,518190
1.193860878,518190
1.194860878,519692
1.195860878,624590
1.1968608779999999,518248
1.197860878,530472
1.198860878,518190
1.199860878,518190
1.2008608779999999,519692
1.201860878,518190
1.202860878,518190
1.203860878,596406
1.2048608779999999,1037882
1.205860878,1009622
1.206860878,557408
1.207860878,1039450
1.2088608779999999,1036380
1.209860878,541110
1.210860878,636872
1.211860878,518190
1.2128608779999999,410946
1.213860878,495660
1.214860878,518190
1.215860878,236582
1.2168608779999999,518190
1.217860878,402868
1.218860878,0
1.219860878,0
1.2208608779999999,0
1.221860878,0
1.222860878,0
1.223860878,106400
1.2248608779999999,0
1.225860878,0
1.226860878,0
1.227860878,0
1.2288608779999999,305018
1.229860878,519692
1.230860878,263182
1.231860878,0
1.2328608779999999,106400
1.233860878,0
1.234860878,0
1.235860878,0
1.2368608779999999,0
1.237860878,0
1.238860878,0
1.239860878,21622
1.240860878,54
1.241860878,0
1.2428608780000001,0
1.243860878,0
1.244860878,0
1.245860878,10838
1.2468608780000001,0
1.247860878,332378
1.248860878,519692
1.249860878,246660
1.2508608780000001,183356
1.251860878,519692
1.252860878,384844
1.253860878,10838
1.2548608780000001,0
1.255860878,1244
1.256860878,0
1.257860878,0
1.2588608780000001,0
1.259860878,0
1.260860878,106400
1.261860878,273234
1.2628608780000001,518190
1.263860878,404170
1.264860878,494212
1.265860878,518190
1.2668608780000001,90564
1.267860878,504672
1.268860878,518190
1.269860878,49898
1.2708608780000001,0
1.271860878,0
1.272860878,0
1.273860878,58
1.2748608780000001,1186
1.275860878,10838
1.276860878,203206
1.277860878,518190
1.2788608780000001,519692
1.279860878,518190
1.280860878,528974
1.281860878,518244
1.282860878,530530
1.283860878,518190
1.284860878,624590
1.2858608779999998,530530
1.286860878,518190
1.287860878,518190
1.288860878,519692
1.2898608779999998,529028
1.290860878,518190
1.291860878,519692
1.292860878,518190
1.2938608779999998,518190
1.294860878,518190
1.295860878,530530
1.296860878,518190
1.2978608779999998,311814
1.298860878,54184
1.299860878,63054
1.300860878,228416
1.3018608779999998,904316
1.302860878,859476
1.303860878,183576
1.304860878,106400
1.3058608779999998,0
1.306860878,0
1.307860878,0
1.308860878,0
1.3098608779999998,55686
1.310860878,76360
1.311860878,80754
1.312860878,0
1.3138608779999998,0
1.314860878,0
1.315860878,0
1.316860878,0
1.3178608779999998,0
1.318860878,0
1.319860878,0
1.320860878,81220
1.3218608779999999,25180
1.322860878,0
1.323860878,107644
1.324860878,0
1.3258608779999999,0
1.326860878,271974
1.327860878,518248
1.328860878,665530
1.3298608779999999,518190
1.330860878,308354
1.331860878,1132
1.332860878,0
1.3338608779999999,0
1.334860878,10838
1.335860878,0
1.336860878,107644
1.3378608779999999,0
1.338860878,0
1.339860878,0
1.340860878,0
1.3418608779999999,58
1.342860878,1186
1.343860878,0
1.344860878,0
1.3458608779999999,10838
1.346860878,0
1.347860878,347074
1.348860878,626092
1.3498608779999999,221126
1.350860878,220906
1.351860878,519692
1.352860878,530330
1.3538608779999999,624532
1.354860878,519692
1.355860878,730990
1.356860878,518190
1.3578608779999999,518190
1.358860878,519692
1.359860878,518190
1.360860878,518190
1.3618608779999999,519692
1.362860878,518190
1.363860878,518190
1.364860878,519692
1.365860878,518190
1.366860878,518190
1.3678608780000001,518190
1.368860878,561860
1.369860878,593260
1.370860878,518190
1.3718608780000001,283276
1.372860878,0
1.373860878,0
1.374860878,0
1.3758608780000001,10838
1.376860878,353082
1.377860878,624590
1.378860878,216620
1.3798608780000001,0
1.380860878,302014
1.381860878,518190
1.382860878,267688
1.3838608780000001,0
1.384860878,10838
1.385860878,0
1.386860878,0
1.3878608780000001,1244
1.388860878,0
1.389860878,264576
1.390860878,879930
1.3918608780000001,909042
1.392860878,228636
1.393860878,106400
1.394860878,0
1.3958608780000001,10838
1.396860878,1244
1.397860878,0
1.398860878,0
1.3998608780000001,0
1.400860878,0
1.401860878,0
1.402860878,0
1.4038608780000001,106400
1.404860878,0
1.405860878,0
1.406860878,0
1.4078608780000001,0
1.408860878,0
1.409860878,0
1.4108608779999998,0
1.411860878,0
1.412860878,1244
1.413860878,10838
1.4148608779999998,0
1.415860878,0
1.416860878,0
1.417860878,0
1.4188608779999998,0
1.419860878,0
1.420860878,0
1.421860878,0
1.4228608779999998,0
1.423860878,0
1.424860878,0
1.425860878,0
1.4268608779999998,0
1.427860878,0
1.428860878,0
1.429860878,0
1.4308608779999998,1244
1.431860878,0
1.432860878,0
1.433860878,339564
1.4348608779999998,519434
1.435860878,230138
1.436860878,0
1.437860878,0
1.4388608779999998,1244
1.439860878,0
1.440860878,0
1.441860878,46674
1.4428608779999998,516688
1.443860878,518190
1.444860878,7584
1.445860878,0
1.4468608779999999,0
1.447860878,1190
1.448860878,54
1.449860878,0
1.4508608779999999,361852
1.451860878,518190
1.452860878,520936
1.453860878,519380
1.4548608779999999,518302
1.455860878,624532
1.456860878,519692
1.457860878,519434
1.4588608779999999,632454
1.459860878,1144282
1.460860878,1036380
1.461860878,1036380
1.4628608779999999,1039384
1.463860878,1036380
1.464860878,1058056
1.465860878,1037882
1.4668608779999999,1037882
1.467860878,1047218
1.468860878,1250740
1.469860878,1830862
1.4708608779999999,2085100
1.471860878,1804860
1.472860878,1662414
1.473860878,1556072
1.4748608779999999,1554570
1.475860878,1557574
1.476860878,1725780
1.477860878,2130984
1.4788608779999999,2074262
1.479860878,1465682
1.480860878,1036380
1.481860878,1036380
1.4828608779999999,1037882
1.483860878,1059558
1.484860878,1036380
1.485860878,1049964
1.4868608779999999,1039126
1.487860878,1051512
1.488860878,1583220
1.489860878,2071258
1.490860878,1607472
1.491860878,1556072
1.4928608780000001,1557574
1.493860878,1660970
1.494860878,1566910
1.495860878,1556072
1.4968608780000001,1556072
1.497860878,1565408
1.498860878,1663974
1.499860878,1556072
1.5008608780000001,1554570
1.501860878,1556072
1.502860878,1557574
1.503860878,1554570
1.5048608780000001,1556072
1.505860878,1556072
1.506860878,1556072
1.507860878,1556072
1.5088608780000001,1566910
1.509860878,1501398
1.510860878,1036380
1.511860878,1051512
1.5128608780000001,1130652
1.513860878,1036380
1.514860878,1036380
1.515860878,1039384
1.5168608780000001,1579120
1.517860878,1566910
1.518860878,1556130
1.519860878,1662414
1.5208608780000001,1556072
1.521860878,1601244
1.522860878,2069756
1.523860878,2074262
1.5248608780000001,2083598
1.525860878,2182164
1.526860878,2075764
1.527860878,2072760
1.5288608780000001,2074262
1.529860878,2075764
1.530860878,2074262
1.531860878,2181128
1.5328608780000001,2685222
1.533860878,2552230
1.534860878,2072760
1.535860878,2136280
1.5368608780000002,2132486
1.537860878,1653424
1.538860878,1557574
1.5398608779999998,1556072
1.540860878,1910656
1.541860878,2074262
1.542860878,2022650
1.5438608779999998,1565350
1.544860878,1554570
1.545860878,1557574
1.546860878,1638794
1.5478608779999998,2071258
1.548860878,2075764
1.549860878,2075764
1.550860878,2072760
1.5518608779999998,2074262
1.552860878,2075764
1.553860878,2074262
1.554860878,2074262
1.5558608779999998,2077008
1.556860878,2074262
1.557860878,2072760
1.558860878,2075764
1.5598608779999998,2075764
1.560860878,2179160
1.561860878,2075764
1.562860878,2334220
1.5638608779999998,2593954
1.564860878,2592452
1.565860878,2593954
1.566860878,2593954
1.5678608779999998,2506506
1.568860878,2142666
1.569860878,2136992
1.570860878,2072760
1.5718608779999999,2075764
1.572860878,2075764
1.573860878,2179160
1.574860878,2085100
1.5758608779999999,2075764
1.576860878,2074262
1.577860878,2074262
1.578860878,2180662
1.5798608779999999,2075764
1.580860878,2072760
1.581860878,2075764
1.582860878,2230582
1.5838608779999999,2316984
1.584860878,2074262
1.585860878,2075764
1.586860878,2074262
1.5878608779999999,2074262
1.588860878,2182164
1.589860878,2074262
1.590860878,2072760
1.5918608779999999,2075764
1.592860878,2075764
1.593860878,2072760
1.594860878,2075764
1.5958608779999999,2074262
1.596860878,2180662
1.597860878,2074262
1.598860878,2077066
1.5998608779999999,2538434
1.600860878,2592452
1.601860878,2179734
1.602860878,2182164
1.6038608779999999,1902432
1.604860878,1557574
1.605860878,1556072
1.606860878,2008286
1.6078608779999999,2074262
1.608860878,1673560
1.609860878,1554570
1.610860878,1556072
1.6118608779999999,1831050
1.612860878,2074262
1.613860878,1849294
1.614860878,1557574
1.615860878,1662472
1.616860878,1554570
1.6178608780000001,1557574
1.618860878,1556072
1.619860878,1554570
1.620860878,1566910
1.6218608780000001,1557574
1.622860878,2005282
1.623860878,2137458
1.624860878,2193252
1.6258608780000001,2062524
1.626860878,1565462
1.627860878,1557574
1.628860878,1556072
1.6298608780000001,1554570
1.630860878,1556072
1.631860878,1665830
1.632860878,2072760
1.6338608780000001,2017518
1.634860878,1557574
1.635860878,1985756
1.636860878,2072760
1.6378608780000001,2075764
1.638860878,2075764
1.639860878,2072760
1.640860878,2074262
1.6418608780000001,2075764
1.642860878,2074262
1.643860878,2074262
1.644860878,2138960
1.6458608780000001,2592452
1.646860878,2579212
1.647860878,2075818
1.648860878,2075764
1.6498608780000001,2072760
1.650860878,2075764
1.651860878,2075764
1.652860878,2449874
1.6538608780000001,2592452
1.654860878,2593954
1.655860878,2622604
1.656860878,2292710
1.6578608780000001,2155128
1.658860878,2139996
1.659860878,2072760
1.660860878,2075764
1.6618608780000002,2076954
1.662860878,2072814
1.663860878,2074262
1.664860878,2097440
1.6658608780000002,2074262
1.666860878,2074262
1.667860878,2075764
1.6688608779999998,2085100
1.669860878,2072760
1.670860878,2491688
1.671860878,2593954
1.6728608779999998,2332938
1.673860878,2075764
1.674860878,2074262
1.675860878,2074262
1.6768608779999998,2085100
1.677860878,2075764
1.678860878,1978922
1.679860878,1187368
1.6808608779999998,1037882
1.681860878,1144282
1.682860878,1036380
1.683860878,1037882
1.6848608779999998,1037882
1.685860878,1036380
1.686860878,1153618
1.687860878,1145784
1.6888608779999998,1036380
1.689860878,1036380
1.690860878,1039384
1.691860878,1036380
1.6928608779999998,1036380
1.693860878,1037882
1.694860878,1178940
1.695860878,1108122
1.6968608779999999,1037882
1.697860878,1037882
1.698860878,1342900
1.699860878,1554570
1.7008608779999999,1557632
1.701860878,1557258
1.702860878,1554570
1.703860878,1556072
1.7048608779999999,1629782
1.705860878,1654704
1.706860878,2179160
1.707860878,2250386
1.7088608779999999,2074316
1.709860878,2072760
1.710860878,2075764
1.711860878,2075764
1.7128608779999999,2072760
1.713860878,2146212
1.714860878,2111458
1.715860878,2074262
1.7168608779999999,2074262
1.717860878,2182164
1.718860878,2074262
1.719860878,1752232
1.7208608779999999,1557574
1.721860878,1556072
1.722860878,1660970
1.723860878,1663920
1.7248608779999999,1556126
1.725860878,1554570
1.726860878,1556072
1.727860878,1614762
1.7288608779999999,1869388
1.729860878,1551844
1.730860878,1037936
1.731860878,1036380
1.7328608779999999,1036380
1.733860878,1050222
1.734860878,1051570
1.735860878,1556338
1.7368608779999999,1556072
1.737860878,1083274
1.738860878,1036380
1.739860878,1049964
1.740860878,1138628
1.741860878,1042034
1.7428608780000001,1036380
1.743860878,1039384
1.744860878,1036380
1.745860878,1036380
1.7468608780000001,1050222
1.747860878,1047218
1.748860878,1036380
1.749860878,1037882
1.7508608780000001,533998
1.751860878,932612
1.752860878,1037882
1.753860878,886270
1.7548608780000001,518190
1.755860878,518190
1.756860878,520936
1.757860878,518248
1.7588608780000001,528970
1.759860878,518190
1.760860878,519692
1.761860878,529028
1.7628608780000001,518190
1.763860878,519692
1.764860878,751112
1.765860878,1270804
1.7668608780000001,1401810
1.767860878,932720
1.768860878,518190
1.769860878,519692
1.7708608780000001,518190
1.771860878,518190
1.772860878,518190
1.773860878,519692
1.7748608780000001,518190
1.775860878,685024
1.776860878,1113094
1.777860878,1556130
1.7788608780000001,1580760
1.779860878,1544110
1.780860878,1608754
1.781860878,1577432
1.7828608780000001,1554570
1.783860878,1557574
1.784860878,1556072
1.785860878,1849074
1.7868608780000002,2075764
1.787860878,1831270
1.788860878,1554570
1.789860878,1556072
1.7908608780000002,1557574
1.791860878,1626778
1.792860878,2328212
1.793860878,2968342
1.794860878,2391570
1.795860878,1726130
1.796860878,1376732
1.7978608779999998,1036380
1.798860878,1036380
1.799860878,1037882
1.800860878,1037882
1.8018608779999998,971192
1.802860878,519692
1.803860878,518190
1.804860878,518190
1.8058608779999998,624590
1.806860878,519692
1.807860878,518190
1.808860878,518190
1.8098608779999998,519750
1.810860878,528970
1.811860878,518190
1.812860878,530530
1.8138608779999998,776404
1.814860878,1036380
1.815860878,1153564
1.816860878,1039438
1.8178608779999998,1036380
1.818860878,1036380
1.819860878,1037882
1.820860878,1037882
1.8218608779999999,1037624
1.822860878,1039126
1.823860878,1037882
1.824860878,1102580
1.8258608779999999,1078082
1.826860878,1037882
1.827860878,1036380
1.828860878,1038868
1.8298608779999999,1037882
1.830860878,1037882
1.831860878,1212226
1.832860878,1557574
1.8338608779999999,1430236
1.834860878,871802
1.835860878,519692
1.836860878,518190
1.8378608779999999,518190
1.838860878,518190
1.839860878,578382
1.840860878,1036380
1.8418608779999999,1036380
1.842860878,1105584
1.843860878,1076580
1.844860878,1036380
1.8458608779999999,1279816
1.846860878,1556072
1.847860878,1364148
1.848860878,1037882
1.8498608779999999,1142780
1.850860878,1037882
1.851860878,1142780
1.852860878,1108588
1.8538608779999999,1662472
1.854860878,1535322
1.855860878,1037936
1.856860878,1087560
1.8578608779999999,1553068
1.858860878,1556072
1.859860878,1488926
1.860860878,1483374
1.8618608779999999,633408
1.862860878,54
1.863860878,0
1.864860878,0
1.865860878,0
1.866860878,70706
1.8678608780000001,116914
1.868860878,146712
1.869860878,506174
1.870860878,518190
1.8718608780000001,48396
1.872860878,389130
1.873860878,862260
1.874860878,1036380
1.8758608780000001,959368
1.876860878,518190
1.877860878,519692
1.878860878,518190
1.8798608780000001,518190
1.880860878,519692
1.881860878,518190
1.882860878,579884
1.8838608780000001,1144024
1.884860878,1027646
1.885860878,529082
1.886860878,626092
1.8878608780000001,518190
1.888860878,518190
1.889860878,518190
1.890860878,520936
1.8918608780000001,518190
1.892860878,518190
1.893860878,173742
1.894860878,373756
1.8958608780000001,626446
1.896860878,760344
1.897860878,518190
1.898860878,519692
1.8998608780000001,518190
1.900860878,518190
1.901860878,519692
1.902860878,518190
1.9038608780000001,518190
1.904860878,530530
1.905860878,539866
1.906860878,624590
1.9078608780000001,518190
1.908860878,519692
1.909860878,518190
1.910860878,518190
1.9118608780000002,519692
1.912860878,518190
1.913860878,518190
1.914860878,519692
1.9158608780000002,518190
1.916860878,397428
1.917860878,0
1.918860878,10838
1.9198608780000002,12082
1.920860878,0
1.921860878,0
1.9228608779999998,75212
1.923860878,31188
1.924860878,0
1.925860878,0
1.9268608779999998,0
1.927860878,0
1.928860878,0
1.929860878,0
1.9308608779999998,0
1.931860878,0
1.932860878,0
1.933860878,0
1.9348608779999998,0
1.935860878,0
1.936860878,0
1.937860878,0
1.9388608779999998,15132
1.939860878,91268
1.940860878,0
1.941860878,0
1.9428608779999998,0
1.943860878,0
1.944860878,0
1.945860878,0
1.9468608779999999,1244
1.947860878,0
1.948860878,10838
1.949860878,0
1.9508608779999999,265966
1.951860878,518190
1.952860878,303736
1.953860878,0
1.9548608779999999,0
1.955860878,1244
1.956860878,0
1.957860878,0
1.9588608779999999,0
1.959860878,0
1.960860878,0
1.961860878,58
1.9628608779999999,462670
1.963860878,519692
1.964860878,252780
1.965860878,519692
1.9668608779999999,518190
1.967860878,616256
1.968860878,1037882
1.969860878,1011502
1.9708608779999999,529028
1.971860878,518190
1.972860878,869770
1.973860878,1037882
1.9748608779999999,736312
1.975860878,530588
1.976860878,635370
1.977860878,518190
1.9788608779999999,519692
1.979860878,518190
1.980860878,518190
1.981860878,518190
1.9828608779999999,519692
1.983860878,518190
1.984860878,518190
1.985860878,356874
1.9868608779999999,1244
1.987860878,0
1.988860878,0
1.989860878,0
1.990860878,0
1.991860878,0
1.9928608780000001,0
1.993860878,0
1.994860878,10838
1.995860878,0
1.9968608780000001,0
1.997860878,10838
1.998860878,0
1.999860878,455218
2.000860878,518190
2.0018608780000005,114484
2.002860878,0
2.0038608780000002,0
2.0048608780000006,0
2.005860878,61694
2.0068608780000003,516688
2.0078608780000002,509456
2.008860878,10892
2.0098608780000005,21676
2.010860878,0
2.0118608780000002,0
2.0128608780000006,58
2.013860878,467176
2.0148608780000004,518190
2.0158608780000002,102526
2.016860878,479192
2.0178608780000005,626092
2.018860878,88950
2.0198608780000002,0
2.0208608780000006,0
2.021860878,0
2.0228608780000004,0
2.0238608780000003,0
2.024860878,0
2.0258608780000005,0
2.026860878,0
2.0278608780000003,0
2.0288608780000006,0
2.029860878,0
2.0308608780000004,0
2.0318608780000003,0
2.032860878,0
2.0338608780000005,0
2.034860878,0
2.0358608780000003,0
2.0368608780000006,106400
2.037860878,0
2.0388608780000004,0
2.0398608780000003,0
2.040860878,0
2.0418608780000005,0
2.042860878,0
2.0438608780000003,0
2.0448608780000006,45172
2.045860878,61228
2.0468608780000004,0
2.0478608780000003,0
2.048860878,0
2.0498608780000005,0
2.050860878,0
2.0518608780000003,0
2.052860878,0
2.053860878,10838
2.0548608780000004,0
2.055860878,106400
2.056860878,0
2.0578608780000005,0
2.058860878,0
2.0598608780000003,15132
2.060860878,91268
2.061860878,33156
2.0628608780000004,172812
2.063860878,17670
2.064860878,0
2.0658608780000005,0
2.066860878,0
2.0678608780000003,0
2.068860878,43412
2.069860878,64290
2.0708608780000004,486702
2.071860878,518190
2.072860878,82942
2.0738608780000005,0
2.074860878,58
2.0758608780000003,106342
2.076860878,48176
2.077860878,58224
2.0788608780000004,0
2.079860878,74358
2.080860878,516688
2.0818608780000005,518468
2.082860878,10892
2.0838608780000003,0
2.084860878,0
2.085860878,0
2.0868608780000004,48176
2.087860878,515186
2.088860878,518190
2.0898608780000005,112740
2.090860878,0
2.0918608780000003,1244
2.092860878,0
2.093860878,0
2.0948608780000004,0
2.095860878,0
2.096860878,2127068
2.0978608780000005,2602966
2.098860878,2754668
2.0998608780000003,2257506
2.100860878,2394188
2.101860878,2489308
2.1028608780000004,2387152
2.103860878,2294028
2.104860878,2110784
2.1058608780000005,2641808
2.106860878,2204362
2.1078608780000003,2545316
2.108860878,2075422
2.109860878,356942
2.1108608780000004,15132
2.111860878,524522
2.112860878,518190
2.1138608780000006,40944
2.114860878,106342
2.1158608780000003,10784
2.1168608780000002,39218
2.117860878,629450
2.1188608780000004,1036380
2.119860878,542554
2.1208608780000002,518190
2.1218608780000006,518190
2.122860878,599410
2.1238608780000003,544872
2.1248608780000002,518190
2.125860878,519692
2.1268608780000005,518190
2.127860878,624590
2.1288608780000002,624590
2.1298608780000006,519692
2.130860878,518190
2.1318608780000003,518190
2.1328608780000002,519692
2.133860878,518190
2.1348608780000005,518248
2.135860878,530472
2.1368608780000002,518190
2.1378608780000006,518190
2.138860878,382408
2.1398608780000004,0
2.1408608780000002,0
2.141860878,10784
2.1428608780000005,54
2.143860878,0
2.1448608780000002,0
2.1458608780000006,0
2.146860878,94738
2.1478608780000004,518190
2.1488608780000003,474964
2.149860878,0
2.1508608780000005,0
2.151860878,0
2.1528608780000003,0
2.1538608780000006,0
2.154860878,0
2.1558608780000004,303516
2.1568608780000003,518190
2.157860878,519692
2.1588608780000005,518190
2.159860878,518190
2.1608608780000003,518248
2.1618608780000006,636872
2.162860878,950878
2.1638608780000004,1036380
2.1648608780000003,1039384
2.165860878,1036380
2.1668608780000005,1036438
2.167860878,1040570
2.1688608780000003,1036380
2.1698608780000006,1036380
2.170860878,1037882
2.1718608780000004,1037882
2.1728608780000003,1036380
2.173860878,1048720
2.1748608780000005,1037882
2.175860878,1036380
2.1768608780000003,1142780
2.1778608780000006,1039384
2.178860878,1069536
2.1798608780000004,1109624
2.180860878,1037882
2.181860878,1037882
2.1828608780000005,1093568
2.183860878,638896
2.1848608780000003,519692
2.185860878,518190
2.186860878,518190
2.1878608780000004,519692
2.188860878,518190
2.189860878,518190
2.1908608780000005,519692
2.191860878,518190
2.1928608780000003,519434
2.193860878,518190
2.194860878,519692
2.1958608780000004,518190
2.196860878,614754
2.197860878,553996
2.1988608780000005,610960
2.199860878,529028
2.2008608780000003,519692
2.201860878,913328
2.202860878,1036380
2.2038608780000004,694256
2.204860878,518190
2.205860878,518190
2.2068608780000005,518190
2.207860878,521306
2.2088608780000003,633814
2.209860878,518190
2.210860878,519692
2.2118608780000004,529028
2.212860878,979416
2.213860878,1037882
2.2148608780000005,1037882
2.215860878,1138370
2.2168608780000003,1554570
2.217860878,1508340
2.218860878,1036380
2.2198608780000004,1212226
2.220860878,1557574
2.221860878,1430236
2.2228608780000005,1036380
2.223860878,1144282
2.2248608780000003,1037882
2.225860878,1036380
2.226860878,1037882
2.2278608780000004,1037882
2.228860878,1036380
2.229860878,1036380
2.2308608780000005,1039384
2.231860878,1102580
2.2328608780000003,1553068
2.233860878,1082340
2.234860878,1036380
2.2358608780000004,1142780
2.236860878,1039384
2.237860878,1036380
2.2388608780000006,1036380
2.239860878,1037882
2.2408608780000003,1037882
2.2418608780000002,1036380
2.242860878,1037882
2.2438608780000004,1037882
2.244860878,1036380
2.2458608780000002,1036380
2.2468608780000006,1039384
2.247860878,1047218
2.2488608780000003,1036380
2.2498608780000002,1039126
2.250860878,1037882
2.2518608780000005,1484088
2.252860878,1477366
2.2538608780000002,640184
2.2548608780000006,518190
2.255860878,518190
2.2568608780000003,519692
2.2578608780000002,518190
2.258860878,518190
2.2598608780000005,519692
2.260860878,519434
2.2618608780000002,518190
2.2628608780000006,518190
2.263860878,530530
2.2648608780000004,542334
2.2658608780000002,600446
2.266860878,519692
2.2678608780000005,518190
2.268860878,518190
2.2698608780000002,530530
2.2708608780000006,518190
2.271860878,518190
2.2728608780000004,518190
2.2738608780000003,519692
2.274860878,518190
2.2758608780000005,518190
2.276860878,519692
2.2778608780000003,518190
2.2788608780000006,518190
2.279860878,519692
2.2808608780000004,569370
2.2818608780000003,573410
2.282860878,519692
2.2838608780000005,623442
2.284860878,1036380
2.2858608780000003,1086058
2.2868608780000006,1094662
2.287860878,1673394
2.2888608780000004,2084888
2.2898608780000003,2031368
2.290860878,1556072
2.2918608780000005,1104302
2.292860878,1037940
2.2938608780000003,1515572
2.2948608780000006,1558818
2.295860878,1125330
2.2968608780000004,1037882
2.2978608780000003,1402980
2.298860878,1556072
2.2998608780000005,1240984
2.300860878,1037882
2.3018608780000003,1142780
2.3028608780000006,1053014
2.303860878,1127648
2.3048608780000004,918622
2.3058608780000003,519692
2.306860878,518190
2.3078608780000005,518190
2.308860878,518190
2.3098608780000003,519692
2.310860878,518190
2.311860878,665498
2.3128608780000004,1144282
2.313860878,940584
2.314860878,518190
2.3158608780000005,519692
2.316860878,518190
2.3178608780000003,518190
2.318860878,518190
2.319860878,519692
2.3208608780000004,612928
2.321860878,1086058
2.322860878,1509842
2.3238608780000005,1036380
2.324860878,523028
2.3258608780000003,519692
2.326860878,518190
2.327860878,518190
2.3288608780000004,529028
2.329860878,519692
2.330860878,624590
2.3318608780000005,518190
2.332860878,964396
2.3338608780000003,1375944
2.334860878,1554570
2.335860878,1556072
2.3368608780000004,1557574
2.337860878,1554570
2.338860878,1556072
2.3398608780000005,1557574
2.340860878,1554570
2.3418608780000003,1554570
2.342860878,1557574
2.343860878,1556072
2.3448608780000004,1554570
2.345860878,1556072
2.346860878,1557574
2.3478608780000005,1554570
2.348860878,1556072
2.3498608780000003,1557574
2.350860878,1554570
2.351860878,1595236
2.3528608780000004,2072560
2.353860878,1616794
2.354860878,1615028
2.3558608780000005,2074262
2.356860878,2075764
2.3578608780000003,2072760
2.358860878,2074262
2.359860878,2075764
2.3608608780000004,2074262
2.361860878,2074262
2.362860878,2074262
2.3638608780000006,2121260
2.364860878,2587946
2.3658608780000003,2144142
2.3668608780000002,2466720
2.367860878,2593954
2.3688608780000004,2262086
2.369860878,2075764
2.3708608780000002,2074262
2.3718608780000006,2074262
2.372860878,2024094
2.3738608780000003,1554570
2.3748608780000002,1556072
2.375860878,1493888
2.3768608780000005,1036380
2.377860878,1037882
2.3788608780000002,1431018
2.3798608780000006,1554570
2.380860878,1619010
2.3818608780000003,2075764
2.3828608780000002,2472682
2.383860878,2120990
2.3848608780000005,1729680
2.385860878,1037882
2.3868608780000002,1036380
2.3878608780000006,1037882
2.388860878,1037882
2.3898608780000004,1036380
2.3908608780000002,1036380
2.391860878,1039384
2.3928608780000005,1036380
2.393860878,1036380
2.3948608780000002,1037882
2.3958608780000006,1037882
2.396860878,1036380
2.3978608780000004,1037882
2.3988608780000003,1037882
2.399860878,747718
2.4008608780000005,519434
2.401860878,519692
2.4028608780000003,518190
2.4038608780000006,518190
2.404860878,519692
2.4058608780000004,518190
2.4068608780000003,529028
2.407860878,518190
2.4088608780000005,519692
2.409860878,518190
2.4108608780000003,518190
2.4118608780000006,626092
2.412860878,519492
2.4138608780000004,528970
2.4148608780000003,519692
2.415860878,624536
2.4168608780000005,624644
2.417860878,518190
2.4188608780000003,519692
2.4198608780000006,525812
2.420860878,849890
2.4218608780000004,1250682
2.4228608780000003,854970
2.423860878,518190
2.4248608780000005,955384
2.425860878,1037882
2.4268608780000003,650698
2.4278608780000006,519692
2.428860878,518190
2.4298608780000004,518190
2.4308608780000003,518190
2.431860878,519692
2.4328608780000005,518190
2.433860878,518190
2.4348608780000003,519692
2.435860878,518190
2.436860878,518190
2.4378608780000004,519692
2.438860878,518190
2.439860878,518190
2.4408608780000005,518190
2.441860878,530530
2.4428608780000003,518190
2.443860878,518190
2.444860878,519692
2.4458608780000004,518190
2.446860878,624590
2.447860878,530530
2.4488608780000005,518190
2.449860878,518190
2.4508608780000003,868268
2.451860878,1037882
2.452860878,737814
2.4538608780000004,518190
2.454860878,519692
2.455860878,518190
2.4568608780000005,518190
2.457860878,522180
2.4588608780000003,518190
2.459860878,529028
2.460860878,519692
2.4618608780000004,518190
2.462860878,518190
2.463860878,563362
2.4648608780000005,580920
2.465860878,519434
2.4668608780000003,518190
2.467860878,519692
2.468860878,518190
2.4698608780000004,518190
2.470860878,519692
2.471860878,518190
2.4728608780000005,518190
2.473860878,530588
2.4748608780000003,988370
2.475860878,1037882
2.476860878,616152
2.4778608780000004,519692
2.478860878,518190
2.479860878,533322
2.4808608780000005,610960
2.481860878,518190
2.4828608780000003,518190
2.483860878,626092
2.484860878,519434
2.4858608780000004,518190
2.486860878,518190
2.487860878,519692
2.4888608780000006,518190
2.489860878,529028
2.4908608780000003,519692
2.4918608780000002,624590
2.492860878,518190
2.4938608780000004,519692
2.494860878,518190
2.4958608780000002,518190
2.4968608780000006,518190
2.497860878,530530
2.4988608780000003,518190
2.4998608780000002,518248
2.500860878,530472
2.5018608780000005,518190
2.502860878,518190
2.5038608780000002,519692
2.5048608780000006,529028
2.505860878,530272
2.5068608780000003,626092
2.5078608780000002,624590
2.508860878,518190
2.5098608780000005,624536
2.510860878,519746
2.5118608780000002,518190
2.5128608780000006,844348
2.513860878,1554570
2.5148608780000004,1563852
2.5158608780000002,1574262
2.516860878,1647340
2.5178608780000005,1556072
2.518860878,1612082
2.5198608780000002,1615798
2.5208608780000006,1557574
2.521860878,1556072
2.5228608780000004,1565408
2.5238608780000003,1556072
2.524860878,1612082
2.5258608780000005,1617300
2.526860878,1556072
2.5278608780000003,1557574
2.5288608780000006,1901644
2.529860878,2074262
2.5308608780000004,1778700
2.5318608780000003,1586224
2.532860878,1630818
2.5338608780000005,1474362
2.534860878,1037882
2.5358608780000003,1047218
2.5368608780000006,1037882
2.537860878,1037882
2.5388608780000004,1036380
2.5398608780000003,1037882
2.540860878,1037882
2.5418608780000005,1123608
2.542860878,1554570
2.5438608780000003,1140896
2.5448608780000006,519692
2.545860878,518190
2.5468608780000004,518190
2.5478608780000003,519692
2.548860878,518190
2.5498608780000005,518190
2.550860878,519692
2.5518608780000003,518190
2.5528608780000006,518190
2.553860878,518190
2.5548608780000004,519692
2.5558608780000003,569370
2.556860878,644116
2.5578608780000005,1037882
2.558860878,1017132
2.5598608780000003,518244
2.5608608780000006,519692
2.561860878,518190
2.5628608780000004,575702
2.563860878,1037624
2.564860878,1036438
2.5658608780000005,1142722
2.566860878,1037882
2.5678608780000003,1037882
2.568860878,1036380
2.569860878,1037940
2.5708608780000004,1512568
2.571860878,1660970
2.572860878,1132840
2.5738608780000005,1037882
2.574860878,1036438
2.5758608780000003,1530916
2.576860878,1852078
2.577860878,2075764
2.5788608780000004,2053678
2.579860878,2085100
2.580860878,1901864
2.5818608780000005,1554570
2.582860878,1566910
2.5838608780000003,1678858
2.584860878,1579750
2.585860878,1681182
2.5868608780000004,1556072
2.587860878,1566910
2.588860878,1742432
2.5898608780000005,2074262
2.590860878,2375106
2.5918608780000003,2086602
2.592860878,1687078
2.593860878,1558818
2.5948608780000004,1590730
2.595860878,1626312
2.596860878,1556072
2.5978608780000005,1557574
2.598860878,1554570
2.5998608780000003,1556072
2.600860878,1795002
2.601860878,2074262
2.6028608780000004,1886586
2.603860878,1557574
2.604860878,1556072
2.6058608780000005,1554570
2.606860878,1369222
2.6078608780000003,1036380
2.608860878,1294948
2.609860878,1659738
2.6108608780000004,1468988
2.611860878,1036380
2.612860878,1037882
2.6138608780000006,1037882
2.614860878,1036380
2.6158608780000003,1036380
2.6168608780000002,1039384
2.617860878,1142780
2.6188608780000004,1142780
2.619860878,1039126
2.6208608780000002,1037882
2.6218608780000006,1036380
2.622860878,1037882
2.6238608780000003,1037882
2.6248608780000002,1036380
2.625860878,1036380
2.6268608780000005,1135624
2.627860878,1046540
2.6288608780000002,1036380
2.6298608780000006,1039384
2.630860878,1410490
2.6318608780000003,1785990
2.6328608780000002,1751664
2.633860878,1377408
2.6348608780000005,1142726
2.635860878,1215284
2.6368608780000002,1970736
2.6378608780000006,1949670
2.638860878,1191160
2.6398608780000004,1039384
2.6408608780000002,1036380
2.641860878,1036380
2.6428608780000005,1037882
2.643860878,1048720
2.6448608780000002,1036380
2.6458608780000006,1037882
2.646860878,1037882
2.6478608780000004,1036438
2.6488608780000003,1142722
2.649860878,1039384
2.6508608780000005,1036380
2.651860878,1036380
2.6528608780000003,1039384
2.6538608780000006,1036380
2.654860878,1036380
2.6558608780000004,1111592
2.6568608780000003,1070572
2.657860878,1036380
2.6588608780000005,1037882
2.659860878,1037882
2.6608608780000003,1036380
2.6618608780000006,1036380
2.662860878,1155150
2.6638608780000004,1554570
2.6648608780000003,1556072
2.665860878,1605750
2.6668608780000005,2072760
2.667860878,2180662
2.6688608780000003,2075764
2.6698608780000006,2074262
2.670860878,2072760
2.6718608780000004,2075764
2.6728608780000003,2075764
2.673860878,2072760
2.6748608780000005,2085046
2.675860878,2075818
2.6768608780000003,2074262
2.6778608780000006,2085100
2.678860878,2075764
2.6798608780000004,2074262
2.6808608780000003,2072760
2.681860878,2075764
2.6828608780000005,2414150
2.683860878,2462678
2.6848608780000003,2253112
2.6858608780000006,2711192
2.686860878,2463612
2.6878608780000004,2075764
2.6888608780000003,2074262
2.689860878,2074262
2.6908608780000005,2074262
2.691860878,2075764
2.6928608780000003,2074262
2.693860878,2074262
2.694860878,2074262
2.6958608780000004,2086602
2.696860878,2074262
2.697860878,2508452
2.6988608780000005,2592452
2.699860878,2248938
2.7008608780000003,2141498
2.701860878,2506950
2.702860878,2592452
2.7038608780000004,1869720
2.704860878,1556072
2.705860878,1557574
2.7068608780000005,1554570
2.707860878,1556072
2.7088608780000003,1557574
2.709860878,1554570
2.710860878,1554570
2.7118608780000004,1557574
2.712860878,1616006
2.713860878,1602280
2.7148608780000005,1557574
2.715860878,1556072
2.7168608780000003,1584834
2.717860878,2146004
2.718860878,2075764
2.7198608780000004,2074262
2.720860878,2074262
2.721860878,2329772
2.7228608780000005,2199982
2.723860878,1868820
2.7248608780000003,1557574
2.725860878,1662472
2.726860878,1554570
2.7278608780000004,1557574
2.728860878,1556072
2.729860878,1554570
2.7308608780000005,1566910
2.731860878,1557574
2.7328608780000003,1554570
2.733860878,1865596
2.734860878,2074262
2.7358608780000004,1816250
2.736860878,1554570
2.737860878,1654306
2.7388608780000006,1036434
2.739860878,1037624
2.7408608780000003,1096572
2.7418608780000002,1085592
2.742860878,1036380
2.7438608780000004,1037882
2.744860878,1037882
2.7458608780000002,1036438
2.7468608780000006,1142722
2.747860878,1039384
2.7488608780000003,1036380
2.7498608780000002,1036380
2.750860878,1037882
2.7518608780000005,1191522
2.752860878,1554570
2.7538608780000002,1464782
2.7548608780000006,1039126
2.755860878,1036380
2.7568608780000003,1036380
2.7578608780000002,1039384
2.758860878,1036380
2.7598608780000005,1036380
2.760860878,1158154
2.7618608780000002,1662472
2.7628608780000006,1556130
2.763860878,1557258
2.7648608780000004,1936190
2.7658608780000002,2075764
2.766860878,1754992
2.7678608780000005,1557316
2.768860878,1556072
2.7698608780000002,1554570
2.7708608780000006,1663920
2.771860878,1554624
2.7728608780000004,1673310
2.7738608780000003,1556072
2.774860878,1556072
2.7758608780000005,1556072
2.776860878,1556072
2.7778608780000003,1556072
2.7788608780000006,1566910
2.779860878,1554570
2.7808608780000004,1557574
2.7818608780000003,1420290
2.782860878,1475188
2.7838608780000005,1616122
2.784860878,1442708
2.7858608780000003,1037882
2.7868608780000006,1037882
2.787860878,1037624
2.7888608780000004,1037882
2.7898608780000003,1037882
2.790860878,1037624
2.7918608780000005,1037882
2.792860878,1036380
2.7938608780000003,1037882
2.7948608780000006,1384956
2.795860878,1554570
2.7968608780000004,1556130
2.7978608780000003,2026252
2.798860878,2144968
2.7998608780000005,2933388
2.800860878,2639014
2.8018608780000003,2769688
2.8028608780000006,3123380
2.803860878,2584364
2.8048608780000004,2065250
2.8058608780000003,2066752
2.806860878,2063748
2.8078608780000005,2065250
2.808860878,2067996
2.8098608780000003,2066752
2.8108608780000006,2077590
2.811860878,2077590
2.8128608780000004,2068254
2.8138608780000003,2110164
2.814860878,2164140
2.8158608780000005,2431248
2.816860878,2225368
2.8178608780000003,1569922
2.818860878,1337680
2.819860878,1031874
2.8208608780000004,883576
2.821860878,518190
2.822860878,519692
2.8238608780000005,518190
2.824860878,518190
2.8258608780000003,519692
2.826860878,560358
2.827860878,582422
2.8288608780000004,573876
2.829860878,1034878
2.830860878,1036380
2.8318608780000005,1037882
2.832860878,1037882
2.8338608780000003,1036380
2.834860878,1037882
2.835860878,1037882
2.8368608780000004,1036380
2.837860878,1037882
2.838860878,1037882
2.8398608780000005,1036380
2.840860878,1036380
2.8418608780000003,1048720
2.842860878,1037882
2.843860878,1036380
2.8448608780000004,1037882
2.845860878,1037882
2.846860878,1036380
2.8478608780000005,1037882
2.848860878,1037882
2.8498608780000003,1036380
2.850860878,1036380
2.851860878,1037940
2.8528608780000004,1541430
2.853860878,1554570
2.854860878,1232054
2.8558608780000005,1037882
2.856860878,1036380
2.8578608780000003,1037940
2.858860878,1524584
2.859860878,1556072
2.8608608780000004,1130160
2.861860878,1037882
2.862860878,1036380
2.8638608780000006,1036380
2.864860878,1037882
2.8658608780000003,1037882
2.8668608780000002,1036380
2.867860878,1037882
2.8688608780000004,1037882
2.869860878,1036380
2.8708608780000002,1037882
2.8718608780000006,1037882
2.872860878,1322196
2.8738608780000003,1554570
2.8748608780000002,1332606
2.875860878,1037882
2.8768608780000005,932252
2.877860878,1571204
2.8788608780000002,1412136
2.8798608780000006,518244
2.880860878,519692
2.8818608780000003,529028
2.8828608780000002,612928
2.883860878,531354
2.8848608780000005,518190
2.885860878,624590
2.8868608780000002,518190
2.8878608780000006,519692
2.888860878,518190
2.8898608780000004,743602
2.8908608780000002,1037882
2.891860878,922672
2.8928608780000005,564398
2.893860878,519692
2.8948608780000002,518190
2.8958608780000006,518190
2.896860878,518190
2.8978608780000004,519692
2.8988608780000003,529028
2.899860878,624536
2.9008608780000005,626146
2.901860878,518190
2.9028608780000003,518190
2.9038608780000006,519692
2.904860878,519434
2.9058608780000004,518190
2.9068608780000003,519692
2.907860878,529028
2.9088608780000005,518190
2.909860878,529028
2.9108608780000003,519692
2.9118608780000006,624590
2.912860878,518190
2.9138608780000004,519692
2.9148608780000003,518248
2.915860878,1013904
2.9168608780000005,1775588
2.917860878,1631562
2.9188608780000003,1393072
2.9198608780000006,1036438
2.920860878,623928
2.9218608780000004,518190
2.9228608780000003,518190
2.923860878,519750
2.9248608780000005,1007896
2.925860878,1036380
2.9268608780000003,599630
2.9278608780000006,518190
2.928860878,518190
2.9298608780000004,519692
2.9308608780000003,518190
2.931860878,646212
2.9328608780000005,518244
2.933860878,790092
2.9348608780000003,1035726
2.9358608780000006,1036380
2.936860878,1474818
2.9378608780000004,1556072
2.9388608780000003,1170390
2.939860878,1037940
2.9408608780000005,1518576
2.941860878,1554570
2.9428608780000003,1125330
2.9438608780000006,1037882
2.944860878,1053014
2.9458608780000004,1127648
2.946860878,1037882
2.947860878,1037882
2.9488608780000005,1036380
2.949860878,1048720
2.9508608780000003,1037882
2.951860878,1036380
2.952860878,1036380
2.9538608780000004,1040628
2.954860878,1036380
2.955860878,553694
2.9568608780000005,988370
2.957860878,1037882
2.9588608780000003,628492
2.959860878,519692
2.960860878,537828
2.9618608780000004,604952
2.962860878,519692
2.963860878,518190
2.9648608780000005,764630
2.965860878,1037624
2.9668608780000003,949354
2.967860878,624648
2.968860878,994378
2.9698608780000004,1261792
2.970860878,1129836
2.971860878,1037882
2.9728608780000005,1037882
2.973860878,1036380
2.9748608780000003,1036380
2.975860878,1037882
2.976860878,1144282
2.9778608780000004,1036380
2.978860878,1037882
2.979860878,1053014
2.9808608780000005,1127648
2.981860878,1037882
2.9828608780000003,1311358
2.983860878,1554570
2.984860878,1556072
2.9858608780000004,1557574
2.986860878,1660970
2.987860878,1565408
2.9888608780000006,1557574
2.989860878,1556072
2.9908608780000003,1316652
2.9918608780000002,1037882
2.992860878,1037882
2.9938608780000004,1036380
2.994860878,1039126
2.9958608780000002,1037882
2.9968608780000006,1473574
2.997860878,1557574
2.9988608780000003,1167386
2.9998608780000002,1037882
3.000860878,1142726
3.0018608780000005,1037936
3.002860878,1037882
3.0038608780000002,1142726
3.0048608780000006,1144336
3.005860878,1207720
3.0068608780000003,1554570
3.0078608780000002,1438990
3.008860878,1037882
3.0098608780000005,1036380
3.010860878,1036380
3.0118608780000002,1037882
3.0128608780000006,1037882
3.013860878,1036380
3.0148608780000004,1037882
3.0158608780000002,1037882
3.016860878,1036380
3.0178608780000005,1037882
3.018860878,1048720
3.0198608780000002,1036380
3.0208608780000006,1098074
3.021860878,1082588
3.0228608780000004,1037882
3.0238608780000003,1036380
3.024860878,1037882
3.0258608780000005,1037882
3.026860878,1036380
3.0278608780000003,1037882
3.0288608780000006,1037882
3.029860878,1144024
3.0308608780000004,1037882
3.0318608780000003,1036380
3.032860878,1037882
3.0338608780000005,1036380
3.034860878,1037882
3.0358608780000003,1037882
3.0368608780000006,1315864
3.037860878,1557574
3.0388608780000004,1126118
3.0398608780000003,519434
3.040860878,519692
3.0418608780000005,518190
3.042860878,518190
3.0438608780000003,519692
3.0448608780000006,518190
3.045860878,518190
3.0468608780000004,574200
3.0478608780000003,582110
3.048860878,518244
3.0498608780000005,518190
3.050860878,519692
3.0518608780000003,725336
3.0528608780000006,523844
3.053860878,530530
3.0548608780000004,599410
3.0558608780000003,543370
3.056860878,518190
3.0578608780000005,578124
3.058860878,567402
3.0598608780000003,518190
3.0608608780000006,519692
3.061860878,529028
3.0628608780000004,529028
3.0638608780000003,761626
3.064860878,1048720
3.0658608780000005,1036380
3.066860878,1036380
3.0678608780000003,1037882
3.0688608780000006,1037882
3.069860878,1036380
3.0708608780000004,1037882
3.0718608780000003,1037882
3.072860878,1113094
3.0738608780000005,1556072
3.074860878,1556072
3.0758608780000003,1554570
3.076860878,1557574
3.077860878,1554570
3.0788608780000004,1556072
3.079860878,1556072
3.080860878,1556072
3.0818608780000005,1556072
3.082860878,1556072
3.0838608780000003,1556072
3.084860878,1298628
3.085860878,1036380
3.0868608780000004,1039384
3.087860878,1036380
3.088860878,1111592
3.0898608780000005,1556072
3.090860878,1533562
3.0918608780000003,1036434
3.092860878,1037882
3.093860878,1037882
3.0948608780000004,1036380
3.095860878,1036380
3.096860878,1039384
3.0978608780000005,1036380
3.098860878,1351912
3.0998608780000003,1557574
3.100860878,1290550
3.101860878,1036380
3.1028608780000004,1144282
3.103860878,1037882
3.104860878,1036380
3.1058608780000005,1037882
3.106860878,1048720
3.1078608780000003,1036380
3.108860878,1293504
3.109860878,2692086
3.1108608780000004,3122658
3.111860878,3122658
3.112860878,2852954
3.1138608780000006,2562412
3.114860878,2657038
3.1158608780000003,2728126
3.1168608780000002,2709094
3.117860878,2658540
3.1188608780000004,2692572
3.119860878,2774174
3.1208608780000002,2642452
3.1218608780000006,2634468
3.122860878,2554328
3.1238608780000003,2514560
3.1248608780000002,2516740
3.125860878,2742098
3.1268608780000005,2068512
3.127860878,1659876
3.1288608780000002,2009676
3.1298608780000006,1897682
3.130860878,1509510
3.1318608780000003,1508008
3.1328608780000002,1519766
3.133860878,1529360
3.1348608780000005,1526032
3.135860878,1524530
3.1368608780000002,1527534
3.1378608780000006,1529036
3.138860878,1544122
3.1398608780000004,1533026
3.1408608780000002,1533542
3.141860878,1532040
3.1428608780000005,1535044
3.143860878,1535044
3.1448608780000002,1548886
3.1458608780000006,1283608
3.146860878,1047218
3.1478608780000004,1037882
3.1488608780000003,1039126
3.149860878,1090564
3.1508608780000005,1554570
3.151860878,1556072
3.1528608780000003,1554570
3.1538608780000006,1557574
3.154860878,1556072
3.1558608780000004,1554570
3.1568608780000003,1556072
3.157860878,1557574
3.1588608780000005,1554570
3.159860878,1556072
3.1608608780000003,1556072
3.1618608780000006,1556072
3.162860878,1554570
3.1638608780000004,1557574
3.1648608780000003,1556072
3.165860878,1554570
3.1668608780000005,1556072
3.167860878,1663974
3.1688608780000003,1611758
3.1698608780000006,2072760
3.170860878,2009074
3.1718608780000004,1677604
3.1728608780000003,1656676
3.173860878,1556072
3.1748608780000005,1663974
3.175860878,1554570
3.1768608780000003,1556072
3.1778608780000006,1844680
3.178860878,2117466
3.1798608780000004,2085100
3.1808608780000003,2075764
3.181860878,2075506
3.1828608780000005,2074262
3.183860878,2257376
3.1848608780000003,2105450
3.1858608780000006,2074262
3.186860878,2074262
3.1878608780000004,2182164
3.1888608780000003,2074062
3.189860878,2470242
3.1908608780000005,2075764
3.191860878,1658540
3.1928608780000003,1556072
3.1938608780000006,1873106
3.194860878,2075764
3.1958608780000004,2085046
3.1968608780000003,2074316
3.197860878,2106462
3.1988608780000005,1575244
3.199860878,1554570
3.2008608780000003,1556072
3.2018608780000006,1556072
3.202860878,1556072
3.2038608780000004,1736182
3.204860878,2074262
3.205860878,2052010
3.2068608780000005,1554624
3.207860878,1556072
3.2088608780000003,1557574
3.209860878,1554570
3.210860878,1556072
3.2118608780000004,1556072
3.212860878,1566910
3.213860878,1556072
3.2148608780000005,1566910
3.215860878,1662472
3.2168608780000003,1670336
3.217860878,2075764
3.218860878,2180608
3.2198608780000004,2074316
3.220860878,2074262
3.221860878,2481416
3.2228608780000005,2738258
3.223860878,2756502
3.2248608780000003,2990594
3.225860878,3112144
3.226860878,3120098
3.2278608780000004,3115148
3.228860878,3116762
3.229860878,2666050
3.2308608780000005,2861310
3.231860878,2881160
3.2328608780000003,3123094
3.233860878,2676564
3.234860878,3122400
3.2358608780000004,2611978
3.236860878,3122770
3.237860878,2931550
3.2388608780000006,3123040
3.239860878,3115748
3.2408608780000003,3121156
3.2418608780000002,3106468
3.242860878,3011510
3.2438608780000004,3016016
3.244860878,3023526
3.2458608780000002,2549794
3.2468608780000006,2520356
3.247860878,2526364
3.2488608780000003,2527866
3.2498608780000002,2384332
3.250860878,2029202
3.2518608780000005,2226076
3.252860878,2561234
3.2538608780000002,2406594
3.2548608780000006,2044546
3.255860878,2144556
3.2568608780000003,2038214
3.2578608780000002,1836344
3.258860878,1542554
3.2598608780000005,1598240
3.260860878,1602604
3.2618608780000002,1544056
3.2628608780000006,1542612
3.263860878,1648896
3.2648608780000004,1544056
3.2658608780000002,1864094
3.266860878,2062246
3.2678608780000005,1792218
3.268860878,1622272
3.2698608780000002,1573742
3.2708608780000006,1545558
3.271860878,1641798
3.2728608780000004,2065250
3.2738608780000003,2019020
3.274860878,1545558
3.2758608780000005,1608754
3.276860878,1602604
3.2778608780000003,1546802
3.2788608780000006,1547060
3.279860878,1547060
3.2808608780000004,1548562
3.2818608780000003,1547060
3.282860878,1548562
3.2838608780000005,1548562
3.284860878,1559400
3.2858608780000003,1653460
3.2868608780000006,1548562
3.287860878,1557898
3.2888608780000004,1560902
3.2898608780000003,1550064
3.290860878,1522260
3.2918608780000005,1037936
3.292860878,1048720
3.2938608780000003,1036380
3.2948608780000006,1037882
3.295860878,1036380
3.2968608780000004,1037882
3.2978608780000003,1142780
3.298860878,1037882
3.2998608780000005,1037882
3.300860878,1036380
3.3018608780000003,1037882
3.3028608780000006,1037882
3.303860878,1036380
3.3048608780000004,1144282
3.3058608780000003,1463060
3.306860878,1554570
3.3078608780000005,1566910
3.308860878,1556072
3.3098608780000003,1566910
3.3108608780000006,1554570
3.311860878,1558818
3.3128608780000004,1556072
3.3138608780000003,1554570
3.314860878,1556072
3.3158608780000005,1568412
3.316860878,1554570
3.3178608780000003,1556072
3.3188608780000006,1556072
3.319860878,1556072
3.3208608780000004,1554570
3.3218608780000003,1611758
3.322860878,1803772
3.3238608780000005,2667664
3.324860878,3005834
3.3258608780000003,2097124
3.3268608780000006,1635076
3.327860878,1655316
3.3288608780000004,2075764
3.3298608780000003,2133284
3.330860878,2075506
3.3318608780000005,2017518
3.332860878,1556072
3.3338608780000003,1554570
3.334860878,1557574
3.335860878,1556072
3.3368608780000004,1599742
3.337860878,1617300
3.338860878,1557574
3.3398608780000005,1554570
3.340860878,1556072
3.3418608780000003,1556072
3.342860878,1571204
3.343860878,1645838
3.3448608780000004,1568412
3.345860878,1556072
3.346860878,1554570
3.3478608780000005,1557574
3.348860878,1556072
3.3498608780000003,1554570
3.350860878,1556072
3.351860878,1556072
3.3528608780000004,1556072
3.353860878,1565408
3.354860878,1557574
3.3558608780000005,1556072
3.356860878,1554570
3.3578608780000003,1557574
3.358860878,1556072
3.359860878,1554570
3.3608608780000004,1577748
3.361860878,1557574
3.362860878,1565408
3.3638608780000006,1556072
3.364860878,1556072
3.3658608780000003,1849074
3.3668608780000002,2074262
3.367860878,2074262
3.3688608780000004,2077008
3.369860878,2203546
3.3708608780000002,2593954
3.3718608780000006,2514680
3.372860878,2072760
3.3738608780000003,2074262
3.3748608780000002,2352244
3.375860878,2593954
3.3768608780000005,2365982
3.377860878,2075764
3.3788608780000002,2074262
3.3798608780000006,2072760
3.380860878,2075764
3.3818608780000003,2075764
3.3828608780000002,2072760
3.383860878,2075764
3.3848608780000005,2180662
3.385860878,2074262
3.3868608780000002,1767252
3.3878608780000006,1556072
3.388860878,1490772
3.3898608780000004,1036380
3.3908608780000002,1037882
3.391860878,1037882
3.3928608780000005,1047218
3.393860878,1037940
3.3948608780000002,1517074
3.3958608780000006,1554570
3.396860878,1128334
3.3978608780000004,1264258
3.3988608780000003,1528832
3.399860878,1554570
3.4008608780000005,1102800
3.401860878,1037882
3.4028608780000003,1036380
3.4038608780000006,1037882
3.404860878,883964
3.4058608780000004,518190
3.4068608780000003,567868
3.407860878,1031874
3.4088608780000005,1036380
3.409860878,526032
3.4108608780000003,519692
3.4118608780000006,518190
3.412860878,529028
3.4138608780000004,530588
3.4148608780000003,988370
3.415860878,1037882
3.4168608780000005,1037882
3.417860878,1220060
3.4188608780000003,1556072
3.4198608780000006,1662472
3.420860878,1556072
3.4218608780000004,1565408
3.4228608780000003,1686858
3.423860878,2075764
3.4248608780000005,2099886
3.425860878,1556072
3.4268608780000003,1556072
3.4278608780000006,1662472
3.428860878,1556072
3.4298608780000004,1556130
3.4308608780000003,2026310
3.431860878,2563968
3.4328608780000005,2170722
3.433860878,1639014
3.4348608780000003,1689862
3.4358608780000006,1590016
3.436860878,1663974
3.4378608780000004,1554570
3.4388608780000003,1380060
3.439860878,1037882
3.4408608780000005,1036380
3.441860878,1155120
3.4428608780000003,1037882
3.4438608780000006,1036380
3.444860878,1037882
3.4458608780000004,1077046
3.4468608780000003,1103616
3.447860878,1036380
3.4488608780000005,1080050
3.449860878,1551566
3.4508608780000003,1556072
3.4518608780000006,1050230
3.452860878,1037882
3.4538608780000004,1072540
3.4548608780000003,1563648
3.455860878,1405270
3.4568608780000005,548886
3.457860878,518190
3.4588608780000003,518190
3.459860878,519692
3.460860878,518190
3.4618608780000004,518190
3.462860878,519692
3.463860878,518190
3.4648608780000005,518190
3.465860878,519692
3.4668608780000003,518190
3.467860878,624590
3.468860878,624590
3.4698608780000004,519692
3.470860878,518190
3.471860878,518190
3.4728608780000005,520936
3.473860878,518190
3.4748608780000003,518190
3.475860878,519692
3.476860878,518190
3.4778608780000004,518190
3.478860878,518190
3.479860878,519692
3.4808608780000005,518190
3.481860878,518190
3.4828608780000003,519692
3.483860878,518190
3.484860878,599410
3.4858608780000004,1037882
3.486860878,1006618
3.487860878,761438
3.4888608780000006,1142780
3.489860878,1299342
3.4908608780000003,1556072
3.4918608780000002,1344622
3.492860878,1039384
3.4938608780000004,1059250
3.494860878,1142830
3.4958608780000002,1037882
3.4968608780000006,1144282
3.497860878,1266734
3.4988608780000003,1716190
3.4998608780000002,1547150
3.500860878,1036380
3.5018608780000005,1036380
3.502860878,1145784
3.5038608780000002,1036380
3.5048608780000006,1244754
3.505860878,1556072
3.5068608780000003,1401698
3.5078608780000002,1036380
3.508860878,887080
3.5098608780000005,518190
3.510860878,518190
3.5118608780000002,691144
3.5128608780000006,1556072
3.513860878,1484586
3.5148608780000004,518244
3.5158608780000002,519692
3.516860878,518190
3.5178608780000005,518190
3.518860878,519692
3.5198608780000002,529028
3.5208608780000006,624590
3.521860878,519692
3.5228608780000004,533322
3.5238608780000003,609458
3.524860878,529028
3.5258608780000005,519692
3.526860878,518190
3.5278608780000003,529028
3.5288608780000006,519692
3.529860878,624590
3.5308608780000004,518190
3.5318608780000003,519692
3.532860878,698542
3.5338608780000005,804358
3.534860878,387848
3.5358608780000003,0
3.5368608780000006,0
3.537860878,0
3.5388608780000004,106400
3.5398608780000003,0
3.540860878,0
3.5418608780000005,0
3.542860878,106400
3.5438608780000003,0
3.5448608780000006,0
3.545860878,0
3.5468608780000004,0
3.5478608780000003,0
3.548860878,75212
3.5498608780000005,31188
3.550860878,291500
3.5518608780000003,518190
3.5528608780000006,606920
3.553860878,537362
3.5548608780000004,518190
3.5558608780000003,518190
3.556860878,626092
3.5578608780000005,737594
3.558860878,1036380
3.5598608780000003,869990
3.5608608780000006,518190
3.561860878,518190
3.5628608780000004,519692
3.5638608780000003,686526
3.564860878,1037882
3.5658608780000005,918054
3.566860878,519692
3.5678608780000003,878782
3.5688608780000006,1037882
3.569860878,738138
3.5708608780000004,518190
3.5718608780000003,518190
3.572860878,560100
3.5738608780000005,1033376
3.574860878,1036380
3.5758608780000003,535044
3.5768608780000006,518190
3.577860878,518190
3.5788608780000004,518190
3.5798608780000003,519692
3.580860878,518190
3.5818608780000005,518190
3.582860878,519692
3.5838608780000003,518190
3.5848608780000006,518190
3.585860878,519692
3.5868608780000004,518190
3.587860878,590398
3.588860878,1036380
3.5898608780000005,1037882
3.590860878,1036380
3.5918608780000003,1200210
3.592860878,1557574
3.593860878,1565408
3.5948608780000004,1556072
3.595860878,1662472
3.596860878,1556072
3.5978608780000005,1554570
3.598860878,1663974
3.5998608780000003,1556072
3.600860878,1554570
3.601860878,1556072
3.6028608780000004,1557574
3.603860878,1554570
3.604860878,1556072
3.6058608780000005,1556072
3.606860878,1566910
3.6078608780000003,1554570
3.608860878,1557574
3.609860878,1556072
3.6108608780000004,1554570
3.611860878,1556072
3.612860878,1379736
3.6138608780000006,1036380
3.614860878,1144282
3.6158608780000003,1037882
3.6168608780000002,1036380
3.617860878,1092066
3.6188608780000004,1090098
3.619860878,1036380
3.6208608780000002,1036380
3.6218608780000006,1065030
3.622860878,1551624
3.6238608780000003,1662414
3.6248608780000002,1171650
3.625860878,1037882
3.6268608780000005,1036380
3.627860878,1037882
3.6288608780000002,1037882
3.6298608780000006,1036380
3.630860878,1036380
3.6318608780000003,1039384
3.6328608780000002,1036380
3.633860878,1081552
3.6348608780000005,1553068
3.635860878,1556072
3.6368608780000002,1045724
3.6378608780000006,1037882
3.638860878,1037882
3.6398608780000004,1392466
3.6408608780000002,1557574
3.641860878,1556072
3.6428608780000005,1554570
3.643860878,1556072
3.6448608780000002,1556072
3.6458608780000006,1556072
3.646860878,1556072
3.6478608780000004,1556072
3.6488608780000003,1556072
3.649860878,1554570
3.6508608780000005,1619268
3.651860878,2072760
3.6528608780000003,2074262
3.6538608780000006,2074262
3.654860878,2075764
3.6558608780000004,2075506
3.6568608780000003,2074262
3.657860878,2074262
3.6588608780000005,2150976
3.659860878,2592452
3.6608608780000003,2220856
3.6618608780000006,2075764
3.662860878,2074262
3.6638608780000004,2074262
3.6648608780000003,2074262
3.665860878,2075764
3.6668608780000005,2072760
3.667860878,2146470
3.6688608780000003,2111458
3.6698608780000006,2083598
3.670860878,2074262
3.6718608780000004,2001564
3.6728608780000003,1554570
3.673860878,1796616
3.6748608780000005,2081984
3.675860878,1888346
3.6768608780000003,1554570
3.6778608780000006,1557574
3.678860878,1556072
3.6798608780000004,1465350
3.6808608780000003,1037882
3.681860878,1037882
3.6828608780000005,1036380
3.683860878,1037882
3.6848608780000003,1037882
3.6858608780000006,1036380
3.686860878,1037882
3.6878608780000004,1037882
3.6888608780000003,1036380
3.689860878,1036380
3.6908608780000005,1048720
3.691860878,1037882
3.6928608780000003,1036380
3.6938608780000006,1037882
3.694860878,1048720
3.6958608780000004,1036380
3.6968608780000003,1037882
3.697860878,1155066
3.6988608780000005,1036434
3.699860878,1036438
3.7008608780000003,1518576
3.7018608780000006,1557574
3.702860878,1660970
3.7038608780000004,1556072
3.7048608780000003,1556072
3.705860878,1556072
3.7068608780000005,1556072
3.707860878,1556072
3.7088608780000003,1556130
3.7098608780000006,1660912
3.710860878,1557574
3.7118608780000004,1556072
3.7128608780000003,1554570
3.713860878,1556072
3.7148608780000005,1557574
3.715860878,1554570
3.7168608780000003,1556072
3.717860878,1662472
3.718860878,1566910
3.7198608780000004,1571204
3.720860878,1757098
3.721860878,1578000
3.7228608780000005,1496324
3.723860878,1037882
3.7248608780000003,1037882
3.725860878,1036380
3.726860878,1037882
3.7278608780000004,1037882
3.728860878,1036380
3.729860878,1037882
3.7308608780000005,1039126
3.731860878,1036380
3.7328608780000003,1036380
3.733860878,1039384
3.734860878,1405984
3.7358608780000004,1554570
3.736860878,1237980
3.737860878,1037882
3.7388608780000006,1142780
3.739860878,1037882
3.7408608780000003,1039126
3.7418608780000002,1036380
3.742860878,1037882
3.7438608780000004,1087560
3.744860878,1093102
3.7458608780000002,1036380
3.7468608780000006,1037882
3.747860878,1200210
3.7488608780000003,1556072
3.7498608780000002,1443754
3.750860878,1037882
3.7518608780000005,1036380
3.752860878,1037882
3.7538608780000002,1048720
3.7548608780000006,1047218
3.755860878,1036380
3.7568608780000003,1119102
3.7578608780000002,1063062
3.758860878,1353526
3.7598608780000005,2074262
3.760860878,1431626
3.7618608780000002,518244
3.7628608780000006,519692
3.763860878,518190
3.7648608780000004,518190
3.7658608780000002,519692
3.766860878,518248
3.7678608780000005,624532
3.768860878,949376
3.7698608780000002,1048720
3.7708608780000006,656706
3.771860878,529028
3.7728608780000004,519692
3.7738608780000003,518190
3.774860878,518190
3.7758608780000005,519692
3.776860878,518190
3.7778608780000003,518190
3.7788608780000006,518190
3.779860878,626092
3.7808608780000004,952380
3.7818608780000003,1048720
3.782860878,760102
3.7838608780000005,635458
3.784860878,1036380
3.7858608780000003,972126
3.7868608780000006,575378
3.787860878,567402
3.7888608780000004,518190
3.7898608780000003,519692
3.790860878,549844
3.7918608780000005,1031874
3.792860878,1145784
3.7938608780000003,583220
3.7948608780000006,1030372
3.795860878,1037882
3.7968608780000004,533542
3.7978608780000003,299686
3.798860878,0
3.7998608780000005,383122
3.800860878,518190
3.8018608780000003,186580
3.8028608780000006,0
3.803860878,63196
3.8048608780000004,518190
3.8058608780000003,506452
3.806860878,54
3.8078608780000005,0
3.808860878,0
3.8098608780000003,0
3.8108608780000006,0
3.811860878,106400
3.8128608780000004,0
3.8138608780000003,0
3.814860878,0
3.8158608780000005,1244
3.816860878,0
3.8178608780000003,0
3.8188608780000006,0
3.819860878,0
3.8208608780000004,0
3.8218608780000003,0
3.822860878,0
3.8238608780000005,0
3.824860878,0
3.8258608780000003,0
3.8268608780000006,0
3.827860878,0
3.8288608780000004,0
3.8298608780000003,0
3.830860878,0
3.8318608780000005,106400
3.832860878,0
3.8338608780000003,273588
3.8348608780000006,1021360
3.835860878,830938
3.8368608780000004,49898
3.8378608780000003,0
3.838860878,10838
3.8398608780000005,0
3.840860878,0
3.8418608780000003,212746
3.842860878,54
3.843860878,0
3.8448608780000004,0
3.845860878,0
3.846860878,0
3.8478608780000005,0
3.848860878,0
3.8498608780000003,0
3.850860878,10838
3.851860878,0
3.8528608780000004,0
3.853860878,0
3.854860878,0
3.8558608780000005,0
3.856860878,0
3.8578608780000003,0
3.858860878,0
3.859860878,0
3.8608608780000004,0
3.861860878,0
3.862860878,0
3.8638608780000006,1244
3.864860878,296006
3.8658608780000003,518190
3.8668608780000002,273696
3.867860878,0
3.8688608780000004,10838
3.869860878,10838
3.8708608780000002,437194
3.8718608780000006,518190
3.872860878,132508
3.8738608780000003,1244
3.8748608780000002,0
3.875860878,0
3.8768608780000005,0
3.877860878,106400
3.8788608780000002,0
3.8798608780000006,0
3.880860878,24202
3.8818608780000003,93036
3.8828608780000002,42168
3.883860878,509178
3.8848608780000005,519434
3.885860878,529028
3.8868608780000002,519692
3.8878608780000006,518190
3.888860878,518190
3.8898608780000004,518190
3.8908608780000002,519692
3.891860878,518190
3.8928608780000005,518190
3.893860878,519692
3.8948608780000002,519380
3.8958608780000006,529082
3.896860878,519692
3.8978608780000004,518190
3.8988608780000003,518190
3.899860878,518190
3.9008608780000005,519692
3.901860878,518190
3.9028608780000003,518190
3.9038608780000006,472528
3.904860878,0
3.9058608780000004,0
3.9068608780000003,10838
3.907860878,342568
3.9088608780000005,518190
3.909860878,228378
3.9108608780000003,0
3.9118608780000006,0
3.912860878,0
3.9138608780000004,0
3.9148608780000003,0
3.915860878,106346
3.9168608780000005,54
3.917860878,0
3.9188608780000003,0
3.9198608780000006,0
3.920860878,387628
3.9218608780000004,518190
3.9228608780000003,615932
3.923860878,528350
3.9248608780000005,518190
3.925860878,624590
3.9268608780000003,519692
3.9278608780000006,533322
3.928860878,1024364
3.9298608780000004,1037882
3.9308608780000003,566644
3.931860878,534508
3.9328608780000005,609458
3.933860878,530530
3.9348608780000003,518190
3.9358608780000006,529028
3.936860878,626092
3.9378608780000004,518190
3.9388608780000003,533322
3.939860878,610960
3.9408608780000005,518190
3.941860878,116554
3.9428608780000003,0
3.9438608780000006,0
3.944860878,0
3.9458608780000004,387628
3.9468608780000003,518190
3.947860878,182074
3.9488608780000005,0
3.949860878,0
3.9508608780000003,0
3.9518608780000006,0
3.952860878,40666
3.9538608780000004,513684
3.9548608780000003,519692
3.955860878,13850
3.9568608780000005,0
3.957860878,0
3.9588608780000003,54184
3.9598608780000006,519434
3.960860878,518190
3.9618608780000004,518190
3.9628608780000003,518190
3.963860878,519692
3.9648608780000005,518190
3.965860878,529028
3.9668608780000003,519692
3.9678608780000006,518190
3.968860878,529028
3.9698608780000004,519692
3.970860878,518190
3.971860878,518190
3.9728608780000005,519692
3.973860878,624590
3.9748608780000003,764372
3.975860878,1036380
3.976860878,1037882
3.9778608780000004,1037882
3.978860878,1036380
3.979860878,969690
3.9808608780000005,519692
3.981860878,529028
3.9828608780000003,519380
3.983860878,518244
3.984860878,603916
3.9858608780000004,1036380
3.986860878,1003668
3.987860878,519692
3.9888608780000006,625834
3.989860878,518190
3.9908608780000003,519692
3.9918608780000002,518190
3.992860878,518190
3.9938608780000004,518190
3.994860878,520936
3.9958608780000002,518190
3.9968608780000006,518190
3.997860878,519692
3.9988608780000003,518190
3.9998608780000002,519434
4.000860878,519692
4.0018608780000005,529028
4.002860878,518190
4.003860878,519692
4.004860878000001,779650
4.005860878,1036380
4.006860878,1036380
4.007860878000001,1039384
4.008860878,1036380
4.009860878,1036380
4.010860878000001,1039384
4.011860878,1036380
4.012860878,1047218
4.013860878000001,1037882
4.014860878,1037882
4.015860878,1036380
4.016860878,1037882
4.0178608780000005,1037882
4.018860878,1036380
4.019860878,1407598
4.020860878000001,2054736
4.021860878,2085100
4.022860878,1611978
4.023860878000001,1556072
4.024860878,1556130
4.025860878,1291384
4.026860878000001,1037882
4.027860878,1036380
4.028860878,1048666
4.029860878000001,1036434
4.030860878,1048720
4.031860878,1036380
4.032860878,1037882
4.0338608780000005,1037882
4.034860878,1036380
4.035860878,1037882
4.036860878000001,1037882
4.037860878,1036380
4.038860878,1037882
4.039860878000001,1084556
4.040860878,1181472
4.041860878,1036380
4.042860878000001,1047276
4.043860878,1252126
4.044860878,1036380
4.045860878000001,1036380
4.046860878,1039442
4.047860878,1037566
4.048860878,1036438
4.0498608780000005,1457980
4.050860878,1556072
4.051860878,1662472
4.052860878000001,1554570
4.053860878,1557574
4.054860878,1746696
4.055860878000001,2144968
4.056860878,2559740
4.057860878,2065852
4.058860878000001,1565462
4.059860878,1557316
4.060860878,1498394
4.061860878000001,1037882
4.062860878,1036380
4.063860878,1037882
4.064860878,1037882
4.0658608780000005,1036380
4.066860878,1037882
4.067860878,1037882
4.068860878000001,1036380
4.069860878,1037882
4.070860878,604704
4.071860878000001,863762
4.072860878,1036380
4.073860878,743822
4.074860878000001,518190
4.075860878,518190
4.076860878,519692
4.077860878000001,624590
4.078860878,519434
4.079860878,519692
4.080860878,518190
4.0818608780000005,518190
4.082860878,519692
4.083860878,518190
4.084860878000001,518190
4.085860878,528974
4.086860878,626146
4.087860878000001,518190
4.088860878,518190
4.089860878,569370
4.090860878000001,574912
4.091860878,518190
4.092860878,519692
4.093860878000001,518190
4.094860878,518190
4.095860878,529028
4.096860878,567868
4.0978608780000005,1034878
4.098860878,1320128
4.099860878,1044222
4.100860878000001,909042
4.101860878,530272
4.1028608779999995,626092
4.103860878000001,518190
4.104860878,518190
4.105860878,519692
4.106860878000001,518190
4.107860878,518190
4.108860878,925344
4.109860878,1037882
4.110860878,1037882
4.111860878,1036380
4.112860878,1037882
4.1138608780000006,1036380
4.114860878,1037882
4.115860878,1037882
4.116860878000001,1036380
4.117860878,1037882
4.118860878,1036380
4.119860878000001,1350410
4.120860878,1556072
4.121860878,1293554
4.122860878000001,1144282
4.123860878,1059022
4.124860878,1767966
4.125860878,2180662
4.1268608780000005,2732706
4.127860878,3058728
4.128860878,3076208
4.129860878000001,2922892
4.130860878,2762178
4.131860878,2696990
4.132860878000001,2705708
4.133860878,2530870
4.134860878,2623078
4.135860878000001,2632492
4.136860878,2547352
4.137860878,2489848
4.138860878000001,2544382
4.139860878,2631918
4.140860878,2493280
4.141860878,2119756
4.1428608780000005,1410378
4.143860878,1435912
4.144860878,1447986
4.145860878000001,1563282
4.146860878,1462948
4.147860878,1474964
4.148860878000001,1604218
4.149860878,1913660
4.150860878,2014182
4.151860878000001,1642018
4.152860878,1601356
4.153860878,2094936
4.154860878000001,2026198
4.155860878,2038538
4.156860878,2027700
4.157860878,2146212
4.1588608780000005,2553400
4.159860878,2777966
4.160860878,2553400
4.161860878000001,2393586
4.162860878,2056238
4.163860878,2162638
4.164860878000001,2140462
4.165860878,2577432
4.166860878,2545910
4.167860878000001,2059296
4.168860878,2070080
4.169860878,2165642
4.170860878000001,2060744
4.171860878,2060744
4.172860878,2060744
4.173860878,1980536
4.1748608780000005,1542554
4.175860878,1542554
4.176860878,1542554
4.177860878000001,1546802
4.178860878,1544056
4.179860878,1542554
4.180860878000001,1249062
4.181860878,1027368
4.182860878,1025866
4.183860878000001,1098074
4.184860878,1739652
4.185860878,3077876
4.186860878000001,2573582
4.187860878,2063802
4.188860878,1992440
4.189860878,1557898
4.1908608780000005,1545558
4.191860878,1607252
4.192860878,1594770
4.193860878000001,1547060
4.194860878,1548562
4.195860878,1548562
4.196860878000001,1547060
4.197860878,1548562
4.198860878,1548562
4.199860878000001,1547060
4.200860878,1548562
4.201860878,1550064
4.202860878000001,1548562
4.203860878,1548562
4.204860878,1550064
4.205860878,1472860
4.2068608780000005,1031874
4.207860878,1030372
4.208860878,1031874
4.209860878000001,1041210
4.210860878,1031874
4.211860878,1033376
4.212860878000001,1042712
4.213860878,1138274
4.214860878,1031874
4.215860878000001,1033376
4.216860878,1078548
4.217860878,1366578
4.218860878000001,1550064
4.219860878,1550064
4.220860878,1551566
4.221860878,1553068
4.2228608780000005,1551566
4.223860878,1551566
4.224860878,1553068
4.225860878000001,1551566
4.226860878,1551566
4.2278608779999995,1554570
4.228860878000001,1551566
4.229860878,1552810
4.230860878,1596738
4.231860878000001,2068254
4.232860878,2071258
4.233860878,1563914
4.234860878,1554570
4.235860878,1657966
4.236860878,1553068
4.237860878,1554570
4.2388608780000006,1265584
4.239860878,1034878
4.240860878,1034878
4.241860878000001,1036380
4.242860878,1034878
4.243860878,1034878
4.244860878000001,1036380
4.245860878,1034878
4.246860878,1036122
4.247860878000001,1047218
4.248860878,1120604
4.249860878,1553068
4.250860878,1520356
4.2518608780000005,1036380
4.252860878,1034878
4.253860878,1034878
4.254860878000001,1048720
4.255860878,1034878
4.256860878,1395470
4.257860878000001,1554570
4.258860878,1556072
4.259860878,1838560
4.260860878000001,2074262
4.261860878,2178012
4.262860878,2592452
4.263860878000001,2592452
4.264860878,2592452
4.265860878,2592452
4.266860878,2592452
4.2678608780000005,2592452
4.268860878,2635864
4.269860878,2658186
4.270860878000001,2861746
4.271860878,3112144
4.272860878,2947368
4.273860878000001,2666020
4.274860878,2592452
4.275860878,2604792
4.276860878000001,2590950
4.277860878,2327256
4.278860878,2085100
4.279860878000001,2072760
4.280860878,1776264
4.281860878,1556072
4.282860878,1435310
4.2838608780000005,1037882
4.284860878,1036380
4.285860878,1142780
4.286860878000001,1126612
4.287860878,1055552
4.288860878,1142780
4.289860878000001,1190956
4.290860878,1556072
4.291860878,1556072
4.292860878000001,1050554
4.293860878,1144282
4.294860878,1037882
4.295860878000001,1142780
4.296860878,1037882
4.297860878,1037882
4.298860878,1036380
4.2998608780000005,1036380
4.300860878,1084556
4.301860878,1097608
4.302860878000001,1036380
4.303860878,1039384
4.304860878,1036380
4.305860878000001,1142780
4.306860878,1037882
4.307860878,1037882
4.308860878000001,1036380
4.309860878,1036380
4.310860878,1039384
4.311860878000001,1036380
4.312860878,1036380
4.313860878,1039384
4.314860878,1036380
4.3158608780000005,1036380
4.316860878,1037882
4.317860878,1144282
4.318860878000001,1036380
4.319860878,1037882
4.320860878,1037882
4.321860878000001,1036380
4.322860878,1036380
4.323860878,1039384
4.324860878000001,1036380
4.325860878,1365118
4.326860878,1556126
4.327860878000001,1280036
4.328860878,1047164
4.329860878,1037936
4.330860878,1048720
4.3318608780000005,1036380
4.332860878,1098074
4.333860878,1084090
4.334860878000001,1036380
4.335860878,1036380
4.336860878,1039384
4.337860878000001,1048462
4.338860878,1036380
4.339860878,1048720
4.340860878000001,1155120
4.341860878,1047218
4.342860878,1037882
4.343860878000001,1037882
4.344860878,1036380
4.345860878,1036438
4.346860878,1526410
4.3478608780000005,1660970
4.348860878,1559520
4.349860878,1556072
4.350860878000001,1066150
4.351860878,1051512
4.352860878,1529036
4.353860878000001,1556072
4.354860878,1099796
4.355860878,1037882
4.356860878000001,1037882
4.357860878,1036380
4.358860878,1144282
4.359860878,1037882
4.360860878,1036380
4.361860878,1037882
4.362860878,1037882
4.3638608780000006,1036380
4.364860878,1036380
4.365860878,1294836
4.366860878000001,1556072
4.367860878,1554570
4.368860878,1556072
4.369860878000001,1558818
4.370860878,1913660
4.371860878,1949106
4.372860878000001,1260156
4.373860878,1036380
4.374860878,1036380
4.375860878,1037882
4.3768608780000005,1037882
4.377860878,1036380
4.378860878,1037882
4.379860878000001,1037940
4.380860878,1530916
4.381860878,1554570
4.382860878000001,1125330
4.383860878,1036380
4.384860878,1037624
4.385860878000001,1039384
4.386860878,765418
4.387860878,518190
4.388860878000001,518190
4.389860878,530476
4.390860878,518244
4.391860878,624590
4.3928608780000005,519692
4.393860878,518190
4.394860878,312946
4.395860878000001,10838
4.396860878,0
4.397860878,106400
4.398860878000001,156320
4.399860878,530530
4.400860878,411880
4.401860878000001,0
4.402860878,106400
4.403860878,0
4.404860878000001,0
4.405860878,0
4.406860878,16634
4.407860878,513684
4.4088608780000005,518190
4.409860878,519692
4.410860878,518190
4.411860878000001,518248
4.412860878,988370
4.413860878,1104082
4.414860878000001,657854
4.415860878,518190
4.416860878,519692
4.417860878000001,518190
4.418860878,518190
4.419860878,519692
4.420860878000001,624590
4.421860878,518190
4.422860878,519692
4.423860878,518190
4.4248608780000005,624590
4.425860878,518190
4.426860878,519692
4.427860878000001,492058
4.428860878,106396
4.429860878,94738
4.430860878000001,518190
4.431860878,474964
4.432860878,10838
4.433860878000001,0
4.434860878,0
4.435860878,1244
4.436860878000001,64698
4.437860878,733088
4.438860878,1048720
4.439860878,871492
4.4408608780000005,548666
4.441860878,1031874
4.442860878,1078548
4.443860878000001,620304
4.444860878,518190
4.445860878,519692
4.446860878000001,529028
4.447860878,518190
4.448860878,530530
4.449860878000001,529028
4.450860878,518190
4.451860878,519692
4.452860878000001,518190
4.453860878,529028
4.454860878,781264
4.455860878,1527534
4.4568608780000005,1556072
4.457860878,1030102
4.458860878,520936
4.459860878000001,874276
4.460860878,1036380
4.461860878,1037882
4.462860878000001,1037882
4.463860878,1142780
4.464860878,1037882
4.465860878000001,1037882
4.466860878,1224566
4.467860878,1554570
4.468860878000001,1556072
4.469860878,1593734
4.470860878,2089394
4.471860878,2161024
4.4728608780000005,1574428
4.473860878,1556072
4.474860878,1556072
4.475860878000001,1286612
4.476860878,1221238
4.477860878,1556072
4.478860878000001,1421224
4.479860878,1040628
4.480860878,666286
4.481860878000001,519380
4.482860878,519746
4.483860878,518190
4.484860878,518190
4.485860878,518190
4.486860878,519692
4.487860878,326834
4.4888608780000006,106400
4.489860878,0
4.490860878,106400
4.491860878000001,0
4.492860878,0
4.493860878,0
4.494860878000001,147066
4.495860878,65734
4.496860878,169838
4.497860878000001,518190
4.498860878,628280
4.499860878,519692
4.500860878,518190
4.5018608780000005,518190
4.502860878,519692
4.503860878,518190
4.504860878000001,624590
4.505860878,519692
4.506860878,594904
4.507860878000001,1047218
4.508860878,1011124
4.509860878,519746
4.510860878000001,518190
4.511860878,624590
4.512860878,519692
4.513860878000001,518190
4.514860878,518190
4.515860878,694036
4.516860878,1037882
4.5178608780000005,912046
4.518860878,519692
4.519860878,274264
4.520860878000001,0
4.521860878,0
4.522860878,411660
4.523860878000001,518190
4.524860878,275280
4.525860878,106400
4.526860878000001,0
4.527860878,0
4.528860878,0
4.529860878000001,0
4.530860878,106400
4.531860878,0
4.532860878,0
4.5338608780000005,0
4.534860878,1244
4.535860878,0
4.536860878000001,0
4.537860878,0
4.538860878,0
4.539860878000001,0
4.540860878,0
4.541860878,0
4.542860878000001,0
4.543860878,0
4.544860878,10838
4.545860878000001,10838
4.546860878,0
4.547860878,121478
4.548860878,166534
4.5498608780000005,137588
4.550860878,0
4.551860878,0
4.552860878000001,0
4.553860878,0
4.554860878,0
4.555860878000001,106400
4.556860878,0
4.557860878,0
4.558860878000001,0
4.559860878,117238
4.560860878,0
4.561860878000001,0
4.562860878,0
4.563860878,210262
4.564860878,108938
4.5658608780000005,106400
4.566860878,0
4.567860878,21676
4.568860878000001,0
4.569860878,0
4.570860878,0
4.571860878000001,1244
4.572860878,1244
4.573860878,372608
4.574860878000001,519692
4.575860878,518190
4.576860878,518190
4.577860878000001,529028
4.578860878,519692
4.579860878,614430
4.580860878,528350
4.5818608780000005,519692
4.582860878,529028
4.583860878,518190
4.584860878000001,519692
4.585860878,518190
4.586860878,624590
4.587860878000001,518190
4.588860878,519692
4.589860878,518190
4.590860878000001,561860
4.591860878,1036122
4.592860878,1036380
4.593860878000001,529036
4.594860878,131574
4.595860878,0
4.596860878,0
4.5978608780000005,351580
4.598860878,518190
4.599860878,518190
4.600860878000001,626092
4.601860878,518190
4.602860878,518190
4.603860878000001,519692
4.604860878,518190
4.605860878,518190
4.606860878000001,518190
4.607860878,519692
4.608860878,529028
4.609860878000001,596406
4.610860878,1036380
4.611860878,1048720
4.612860878,1036380
4.6138608780000006,1037882
4.614860878,1144282
4.615860878,1142780
4.616860878000001,1318868
4.617860878,1557574
4.618860878,1323594
4.619860878000001,1036380
4.620860878,1039184
4.621860878,1048662
4.622860878000001,1036380
4.623860878,1081552
4.624860878,1100612
4.625860878,1419502
4.6268608780000005,1582042
4.627860878,2064072
4.628860878,2072760
4.629860878000001,1613538
4.630860878,1572936
4.631860878,1036380
4.632860878000001,1037882
4.633860878,1037882
4.634860878,1036380
4.635860878000001,1037882
4.636860878,1039126
4.637860878,1036380
4.638860878000001,1037882
4.639860878,1142780
4.640860878,1107198
4.641860878,1644336
4.6428608780000005,1581996
4.643860878,1551620
4.644860878,1556072
4.645860878000001,1065250
4.646860878,1107086
4.647860878,1565408
4.648860878000001,1566910
4.649860878,1557574
4.650860878,1554570
4.651860878000001,1565408
4.652860878,1557574
4.653860878,1903146
4.654860878000001,2083598
4.655860878,1782690
4.656860878,1556072
4.657860878,1554570
4.6588608780000005,1556072
4.659860878,1557574
4.660860878,1554570
4.661860878000001,1556072
4.662860878,1556072
4.663860878,1556072
4.664860878000001,1728914
4.665860878,2075764
4.666860878,1951430
4.667860878000001,1471358
4.668860878,1037882
4.669860878,1037882
4.670860878000001,1036380
4.671860878,1062026
4.672860878,1118636
4.673860878,1037882
4.6748608780000005,1036380
4.675860878,1039126
4.676860878,1037882
4.677860878000001,1209222
4.678860878,1557574
4.679860878,1556072
4.680860878000001,1554570
4.681860878,1566910
4.682860878,1557574
4.683860878000001,1554570
4.684860878,1555814
4.685860878,1558818
4.686860878000001,1993266
4.687860878,2072760
4.688860878,1772804
4.689860878,2379280
4.6908608780000005,2559740
4.691860878,1820756
4.692860878,1557574
4.693860878000001,1565408
4.694860878,1556072
4.695860878,1556072
4.696860878000001,1556072
4.697860878,1554570
4.698860878,1369222
4.699860878000001,1207720
4.700860878,1556072
4.701860878,1436244
4.702860878000001,1037882
4.703860878,1179182
4.704860878,1556072
4.705860878,1556072
4.7068608780000005,1556072
4.707860878,1554570
4.708860878,1557574
4.709860878000001,1556072
4.710860878,1554570
4.711860878,1556072
4.712860878000001,1557574
4.713860878,1635790
4.714860878,1581252
4.715860878000001,1557574
4.716860878,1554570
4.717860878,1556072
4.718860878000001,1556072
4.719860878,1689974
4.720860878,2589448
4.721860878,2583718
4.7228608780000005,2183462
4.723860878,2073950
4.724860878,1917506
4.725860878000001,1557632
4.726860878,2266684
4.727860878,2592452
4.728860878000001,2426386
4.729860878,2494934
4.730860878,2666162
4.731860878000001,2739980
4.732860878,2573204
4.733860878,2220234
4.734860878000001,3116762
4.735860878,2768186
4.736860878,3121488
4.737860878,2780646
4.7388608780000006,2635656
4.739860878,2589448
4.740860878,2587946
4.741860878000001,2592194
4.742860878,2587946
4.743860878,2957550
4.744860878000001,3109140
4.745860878,2792292
4.746860878,2587946
4.747860878000001,2590950
4.748860878,2863248
4.749860878,3118152
4.750860878,3107638
4.7518608780000005,3107638
4.752860878,3109140
4.753860878,3119412
4.754860878000001,3122658
4.755860878,2815648
4.756860878,2593954
4.757860878000001,2592452
4.758860878,2606036
4.759860878,2592452
4.760860878000001,2604792
4.761860878,2592452
4.762860878,2603290
4.763860878000001,2700354
4.764860878,2593954
4.765860878,2603290
4.766860878,2701598
4.7678608780000005,2593954
4.768860878,2669166
4.769860878,2336156
4.770860878000001,2182164
4.771860878,2180662
4.772860878,2074262
4.773860878000001,2075764
4.774860878,2074262
4.775860878,2180404
4.776860878000001,2075764
4.777860878,2075764
4.778860878,2515962
4.779860878000001,2593954
4.780860878,2200762
4.781860878,2310512
4.782860878,2592452
4.7838608780000005,2477242
4.784860878,2123474
4.785860878,2072760
4.786860878000001,2075764
4.787860878,2075764
4.788860878,2179160
4.789860878000001,2075764
4.790860878,2086660
4.791860878,2083540
4.792860878000001,2074262
4.793860878,2075764
4.794860878,2074262
4.795860878000001,2413568
4.796860878,2593954
4.797860878,2307146
4.798860878,2179160
4.7998608780000005,2075764
4.800860878,2075764
4.801860878,2072760
4.802860878000001,2407818
4.803860878,2593954
4.804860878,2310408
4.805860878000001,2074262
4.806860878,2075764
4.807860878,1720636
4.808860878000001,2047280
4.809860878,2075764
4.810860878,2075764
4.811860878000001,2072760
4.812860878,2075764
4.813860878,2074262
4.814860878,2074262
4.8158608780000005,2181906
4.816860878,2075764
4.817860878,2074262
4.818860878000001,2074262
4.819860878,2074262
4.820860878,2075764
4.821860878000001,2072760
4.822860878,2075764
4.823860878,2075764
4.824860878000001,2072760
4.825860878,2074262
4.826860878,2075764
4.827860878000001,2074320
4.828860878,2245302
4.829860878,2593954
4.830860878,2579212
4.8318608780000005,2072814
4.832860878,2075764
4.833860878,2439360
4.834860878000001,2603290
4.835860878,2208728
4.836860878,2074262
4.837860878000001,2075764
4.838860878,2083598
4.839860878,2075764
4.840860878000001,2223184
4.841860878,3112144
4.842860878,3119690
4.843860878000001,2672112
4.844860878,2593954
4.845860878,2592452
4.846860878,2593954
4.8478608780000005,2592452
4.848860878,2614128
4.849860878,2595198
4.850860878000001,2593954
4.851860878,2698852
4.852860878,2593954
4.853860878000001,2592452
4.854860878,2593954
4.855860878,2592452
4.856860878000001,2593954
4.857860878,2593954
4.858860878,2670668
4.859860878000001,3110642
4.860860878,3085386
4.861860878,2592506
4.862860878,2593954
4.8638608780000006,2923116
4.864860878,2575930
4.865860878,2604468
4.866860878000001,3123268
4.867860878,2652586
4.868860878,2592452
4.869860878000001,2593954
4.870860878,2661656
4.871860878,2631150
4.872860878000001,2745880
4.873860878,2808852
4.874860878,2769688
4.875860878,2836108
4.8768608780000005,3115148
4.877860878,3122770
4.878860878,2865816
4.879860878000001,2673672
4.880860878,3063726
4.881860878,2911200
4.882860878000001,3052064
4.883860878,2756170
4.884860878,3116982
4.885860878000001,2760676
4.886860878,3092618
4.887860878,2751988
4.888860878000001,3045202
4.889860878,2910876
4.890860878,3119654
4.891860878,2715616
4.8928608780000005,3113646
4.893860878,2674804
4.894860878,3113646
4.895860878000001,2880836
4.896860878,2948426
4.897860878,3073092
4.898860878000001,2715616
4.899860878,3099526
4.900860878,3094232
4.901860878000001,3122304
4.902860878,3065582
4.903860878,3082216
4.904860878000001,3123806
4.905860878,3085108
4.906860878,3073092
4.907860878,3076096
4.9088608780000005,3077598
4.909860878,3080602
4.910860878,3120656
4.911860878000001,2681970
4.912860878,2587946
4.913860878,2587946
4.914860878000001,2589448
4.915860878,2587946
4.916860878,2589448
4.917860878000001,2589448
4.918860878,2753278
4.919860878,3107962
4.920860878000001,3118152
4.921860878,3107638
4.922860878,3107638
4.923860878,3109140
4.9248608780000005,3121268
4.925860878,2565416
4.926860878,2599962
4.927860878000001,2518854
4.928860878,3061408
4.929860878,3097124
4.930860878000001,3097124
4.931860878,3097124
4.932860878,3109464
4.933860878000001,3098626
4.934860878,2977752
4.935860878,2584684
4.936860878000001,2581938
4.937860878,2603614
4.938860878,2583440
4.939860878,2584942
4.9408608780000005,2329000
4.941860878,2018086
4.942860878,1656676
4.943860878000001,1582042
4.944860878,1647340
4.945860878,1757268
4.946860878000001,1568920
4.947860878,1556072
4.948860878,1556072
4.949860878000001,1662472
4.950860878,1556072
4.951860878,1556072
4.952860878000001,1566910
4.953860878,1556072
4.954860878,1554570
4.955860878,1556072
4.9568608780000005,1556072
4.957860878,1556072
4.958860878,1556072
4.959860878000001,1580216
4.960860878,1638328
4.961860878,1913402
4.962860878000001,2085100
4.963860878,1769688
4.964860878,1556072
4.965860878000001,1554570
4.966860878,1556072
4.967860878,1556072
4.968860878000001,1556072
4.969860878,1976744
4.970860878,2074262
4.971860878,1705102
4.9728608780000005,1556072
4.973860878,1556072
4.974860878,1556072
4.975860878000001,1554570
4.976860878,1556072
4.977860878,1556072
4.978860878000001,1556072
4.979860878,1556072
4.980860878,1556072
4.981860878000001,1571204
4.982860878,1753740
4.983860878,1556072
4.984860878000001,1556072
4.985860878,1566910
4.986860878,1556072
4.987860878,1556072
4.9888608780000006,1554570
4.989860878,1556072
4.990860878,1556072
4.991860878000001,1556072
4.992860878,1566856
4.9938608780000004,1556126
4.994860878000001,1556072
4.995860878,1556072
4.996860878,1556072
4.997860878000001,1556072
4.998860878,1554570
4.999860878,1556072
5.000860878,1556072
5.0018608780000005,1556072
5.002860878,1556072
5.003860878,1556072
5.004860878000001,1556072
5.005860878,1556072
5.006860878,1556072
5.007860878000001,1566910
5.008860878,1556072
5.009860878,1556072
5.010860878000001,1554570
5.011860878,1566910
5.012860878,1556072
5.013860878000001,1556072
5.014860878,1556072
5.015860878,1556072
5.016860878,1556072
5.0178608780000005,1566910
5.018860878,1556072
5.019860878,1856584
5.020860878000001,2074262
5.021860878,1823760
5.022860878,1469744
5.023860878000001,1195462
5.024860878,1093102
5.025860878,1048462
5.026860878000001,1155066
5.027860878,1037936
5.028860878,1036380
5.029860878000001,1037882
5.030860878,1128114
5.031860878,1052548
5.032860878,1039072
5.0338608780000005,1036434
5.034860878,1037882
5.035860878,1036380
5.036860878000001,1037882
5.037860878,1065030
5.038860878,1769468
5.039860878000001,2445110
5.040860878,2593954
5.041860878,2285198
5.042860878000001,2074262
5.043860878,2075764
5.044860878,2074262
5.045860878000001,2083598
5.046860878,2418332
5.047860878,2593954
5.048860878,2125052
5.0498608780000005,2165530
5.050860878,2085100
5.051860878,2075764
5.052860878000001,2180608
5.053860878,2461944
5.054860878,2593954
5.055860878000001,2034828
5.056860878,1554570
5.057860878,1557574
5.058860878000001,1566698
5.059860878,1809366
5.060860878,1558760
5.061860878000001,1118144
5.062860878,1036380
5.063860878,1037882
5.064860878,1037882
5.0658608780000005,1116098
5.066860878,1064564
5.067860878,679804
5.068860878000001,518190
5.069860878,518190
5.070860878,518190
5.071860878000001,519692
5.072860878,518190
5.073860878,519434
5.074860878000001,531774
5.075860878,791666
5.076860878,1036438
5.077860878000001,1048662
5.078860878,1037882
5.079860878,1037624
5.080860878,1037882
5.0818608780000005,1037882
5.082860878,1036380
5.083860878,1036380
5.084860878000001,1037882
5.085860878,1037882
5.086860878,1036380
5.087860878000001,1037882
5.088860878,1037882
5.089860878,1036438
5.090860878000001,1527588
5.091860878,1556072
5.092860878,1116318
5.093860878000001,1036380
5.094860878,1037882
5.095860878,1428514
5.096860878,1269832
5.0978608780000005,708098
5.098860878,518190
5.099860878,518190
5.100860878000001,519692
5.101860878,518190
5.102860878,518190
5.103860878000001,530530
5.104860878,518190
5.105860878,624590
5.106860878000001,518190
5.107860878,519692
5.108860878,518190
5.109860878000001,518190
5.110860878,519692
5.111860878,518190
5.112860878,518190
5.1138608780000006,519692
5.114860878,518190
5.115860878,518190
5.116860878000001,518190
5.117860878,695538
5.1188608780000004,1037882
5.119860878000001,921382
5.120860878,519692
5.121860878,518190
5.122860878000001,518190
5.123860878,727080
5.124860878,1036380
5.125860878,880504
5.1268608780000005,520936
5.127860878,518190
5.128860878,518190
5.129860878000001,624590
5.130860878,519692
5.131860878,518190
5.132860878000001,518190
5.133860878,519692
5.134860878,518190
5.135860878000001,518248
5.136860878,627278
5.137860878,561860
5.138860878000001,1028870
5.139860878,1036380
5.140860878,1039384
5.141860878,1571328
5.1428608780000005,3122658
5.143860878,2976964
5.144860878,2834274
5.145860878000001,2837278
5.146860878,2556956
5.147860878,2821958
5.148860878000001,2705102
5.149860878,2821250
5.150860878,2563400
5.151860878000001,2773792
5.152860878,2560376
5.153860878,2530810
5.154860878000001,2441718
5.155860878,2704034
5.156860878,2512716
5.157860878,2884466
5.1588608780000005,2075636
5.159860878,1529036
5.160860878,1527534
5.161860878000001,1530538
5.162860878,1533542
5.163860878,1533542
5.164860878000001,1415526
5.165860878,1050222
5.166860878,1036380
5.167860878000001,1036380
5.168860878,1452870
5.169860878,1557574
5.170860878000001,1200430
5.171860878,1037882
5.172860878,1037882
5.173860878,1392208
5.1748608780000005,1658320
5.175860878,1772434
5.176860878,1662472
5.177860878000001,1565408
5.178860878,1274596
5.179860878,1037882
5.180860878000001,1142780
5.181860878,1036380
5.182860878,1041872
5.183860878000001,1442032
5.184860878,1554570
5.185860878,1201932
5.186860878000001,1037882
5.187860878,1036380
5.188860878,1037882
5.189860878,1037882
5.1908608780000005,1036380
5.191860878,1037624
5.192860878,1039384
5.193860878000001,1036380
5.194860878,1036380
5.195860878,921626
5.196860878000001,519434
5.197860878,518190
5.198860878,626092
5.199860878000001,730990
5.200860878,518190
5.201860878,519692
5.202860878000001,518190
5.203860878,518190
5.204860878,518190
5.205860878,845738
5.2068608780000005,1037882
5.207860878,1142780
5.208860878,1037882
5.209860878000001,1037882
5.210860878,1036380
5.211860878,1048720
5.212860878000001,1036380
5.213860878,1037882
5.214860878,1036380
5.215860878000001,1221238
5.216860878,1557574
5.217860878,1565408
5.218860878000001,1556072
5.219860878,1571204
5.220860878,2069756
5.221860878,2074262
5.2228608780000005,2074262
5.223860878,2075764
5.224860878,2072760
5.225860878000001,2416830
5.226860878,2252398
5.227860878,1783206
5.228860878000001,1571262
5.229860878,2161078
5.230860878,2074262
5.231860878000001,1612036
5.232860878,2102966
5.233860878,2592452
5.234860878000001,2148470
5.235860878,1557370
5.236860878,1357206
5.237860878,1466064
5.2388608780000006,1556072
5.239860878,1177900
5.240860878,1176178
5.241860878000001,1556072
5.242860878,1557574
5.2438608780000004,1554570
5.244860878000001,1602746
5.245860878,2072502
5.246860878,2181906
5.247860878000001,2105916
5.248860878,2589448
5.249860878,2593954
5.250860878,2095622
5.2518608780000005,2075764
5.252860878,2049628
5.253860878,2068254
5.254860878000001,2116430
5.255860878,1635398
5.256860878,1566598
5.257860878000001,1554624
5.258860878,1557574
5.259860878,1556072
5.260860878000001,1554570
5.261860878,1568412
5.262860878,1556072
5.263860878000001,1554570
5.264860878,1556072
5.265860878,1499896
5.266860878,1036380
5.2678608780000005,1036380
5.268860878,1039384
5.269860878,1051512
5.270860878000001,1127648
5.271860878,1144228
5.272860878,1037936
5.273860878000001,1036380
5.274860878,1037882
5.275860878,1144282
5.276860878000001,1036380
5.277860878,1142780
5.278860878,1039384
5.279860878000001,1036380
5.280860878,1036380
5.281860878,1039384
5.282860878,1036380
5.2838608780000005,1036380
5.284860878,1037882
5.285860878,1039126
5.286860878000001,1036380
5.287860878,1048720
5.288860878,1053014
5.289860878000001,1539550
5.290860878,1554570
5.291860878,1101622
5.292860878000001,1036380
5.293860878,1036380
5.294860878,1037882
5.295860878000001,1037882
5.296860878,1036380
5.297860878,1048720
5.298860878,1037882
5.2998608780000005,1036380
5.300860878,1047218
5.301860878,1039384
5.302860878000001,1036380
5.303860878,1138628
5.304860878,1557574
5.305860878000001,1942198
5.306860878,2072760
5.307860878,2131450
5.308860878000001,2224220
5.309860878,2592452
5.310860878,2651120
5.311860878000001,2075764
5.312860878,2074262
5.313860878,2085100
5.314860878,2086602
5.3158608780000005,2085100
5.316860878,2074262
5.317860878,2180662
5.318860878000001,2119434
5.319860878,2476556
5.320860878,2593954
5.321860878000001,2304400
5.322860878,2072760
5.323860878,2131450
5.324860878000001,2008778
5.325860878,1557258
5.326860878,1152934
5.327860878000001,1037882
5.328860878,1037882
5.329860878,1051512
5.330860878,1129150
5.3318608780000005,1413494
5.332860878,1554570
5.333860878,1230470
5.334860878000001,1039384
5.335860878,1036380
5.336860878,1036380
5.337860878000001,1039384
5.338860878,1305350
5.339860878,1557316
5.340860878000001,1337112
5.341860878,1037882
5.342860878,1472072
5.343860878000001,1556072
5.344860878,1171892
5.345860878,1036380
5.346860878,1142780
5.3478608780000005,1039384
5.348860878,1047218
5.349860878,1205976
5.350860878000001,1081086
5.351860878,1037882
5.352860878,1047218
5.353860878000001,1037882
5.354860878,1037882
5.355860878,1036380
5.356860878000001,1084556
5.357860878,1766576
5.358860878,2590950
5.359860878000001,1951762
5.360860878,1057740
5.361860878,1036380
5.362860878,1142726
5.3638608780000006,1037936
5.364860878,1099576
5.365860878,1081086
5.366860878000001,1192812
5.367860878,1623420
5.3688608780000004,1597794
5.369860878000001,1185002
5.370860878,1553068
5.371860878,1556072
5.372860878000001,1095402
5.373860878,1097608
5.374860878,1037882
5.375860878000001,1036380
5.3768608780000005,1037882
5.377860878,1037882
5.378860878,1036380
5.379860878000001,1036380
5.380860878,1039384
5.381860878,1036380
5.382860878000001,1036438
5.383860878,1050164
5.384860878,1036380
5.385860878000001,1036380
5.386860878,1039126
5.387860878,1037882
5.388860878000001,1036380
5.389860878,1048720
5.390860878,1037882
5.391860878,1036380
5.3928608780000005,1036438
5.393860878,1145726
5.394860878,1049706
5.395860878000001,1047218
5.396860878,1037882
5.397860878,1037882
5.398860878000001,1117600
5.399860878,1063062
5.400860878,1037882
5.401860878000001,1036380
5.402860878,1036380
5.403860878,1145730
5.404860878000001,1036434
5.405860878,1075544
5.406860878,1545558
5.407860878,1556072
5.4088608780000005,1554570
5.409860878,1557316
5.410860878,1663974
5.411860878000001,1554570
5.412860878,1554570
5.413860878,1557574
5.414860878000001,1556072
5.415860878,1660970
5.416860878,1622272
5.417860878000001,2085100
5.418860878,2074262
5.419860878,2074262
5.420860878000001,2075764
5.421860878,2072760
5.422860878,2075764
5.423860878,2075764
5.4248608780000005,2072760
5.425860878,2074262
5.426860878,2034608
5.427860878000001,1554570
5.428860878,1556072
5.429860878,1399150
5.430860878000001,1047218
5.431860878,1047218
5.432860878,1039384
5.433860878000001,1036380
5.434860878,1036380
5.435860878,1037940
5.436860878000001,1590526
5.437860878,1517566
5.438860878,1036380
5.439860878,1037882
5.4408608780000005,1037882
5.441860878,1036380
5.442860878,1037882
5.443860878000001,1036380
5.444860878,1144282
5.445860878,1131118
5.446860878000001,1556072
5.447860878,1523684
5.448860878,1463060
5.449860878000001,1556072
5.450860878,999708
5.451860878,518190
5.452860878000001,518190
5.453860878,529028
5.454860878,519692
5.455860878,529028
5.4568608780000005,519434
5.457860878,18924
5.458860878,0
5.459860878000001,1244
5.460860878,0
5.461860878,0
5.462860878000001,0
5.463860878,0
5.464860878,0
5.465860878000001,0
5.466860878,106400
5.467860878,0
5.468860878000001,106346
5.469860878,10892
5.470860878,10838
5.471860878,0
5.4728608780000005,0
5.473860878,0
5.474860878,0
5.475860878000001,106400
5.476860878,0
5.477860878,0
5.478860878000001,0
5.479860878,106400
5.480860878,10838
5.481860878000001,0
5.482860878,0
5.483860878,0
5.484860878000001,1244
5.485860878,10838
5.486860878,0
5.487860878,399644
5.4888608780000006,519692
5.489860878,449542
5.490860878,518248
5.491860878000001,519376
5.492860878,519692
5.4938608780000004,593726
5.494860878000001,666292
5.495860878,519692
5.496860878,529028
5.497860878000001,518190
5.498860878,576880
5.499860878,1034878
5.500860878000001,1032152
5.5018608780000005,519746
5.502860878,518190
5.503860878,518190
5.504860878000001,518190
5.505860878,519692
5.506860878,518190
5.507860878000001,518190
5.508860878,732492
5.509860878,721072
5.510860878000001,741386
5.511860878,530530
5.512860878,529028
5.513860878000001,978026
5.514860878,1554570
5.515860878,1199206
5.516860878,518244
5.5178608780000005,518190
5.518860878,626092
5.519860878,518190
5.520860878000001,518190
5.521860878,626092
5.522860878,518190
5.523860878000001,518190
5.524860878,519692
5.525860878,624590
5.526860878000001,518190
5.527860878,518190
5.528860878,626092
5.529860878000001,518190
5.530860878,302544
5.531860878,0
5.532860878,0
5.5338608780000005,0
5.534860878,0
5.535860878,10838
5.536860878000001,0
5.537860878,0
5.538860878,186118
5.539860878000001,125926
5.540860878,7156
5.541860878,0
5.542860878000001,0
5.543860878,0
5.544860878,0
5.545860878000001,0
5.546860878,0
5.547860878,0
5.548860878,10838
5.5498608780000005,0
5.550860878,1244
5.551860878,0
5.552860878000001,324544
5.553860878,518190
5.554860878,336038
5.555860878000001,516688
5.556860878,501946
5.557860878,54
5.558860878000001,392134
5.559860878,518190
5.560860878,283968
5.561860878000001,0
5.562860878,0
5.563860878,0
5.564860878,0
5.5658608780000005,0
5.566860878,0
5.567860878,147308
5.568860878000001,519692
5.569860878,420892
5.570860878,0
5.571860878000001,0
5.572860878,0
5.573860878,410158
5.574860878000001,518190
5.575860878,159544
5.576860878,0
5.577860878000001,1244
5.578860878,1244
5.579860878,0
5.580860878,0
5.5818608780000005,0
5.582860878,0
5.583860878,10838
5.584860878000001,10838
5.585860878,0
5.586860878,0
5.587860878000001,0
5.588860878,0
5.589860878,21676
5.590860878000001,1244
5.591860878,0
5.592860878,0
5.593860878000001,0
5.594860878,0
5.595860878,0
5.596860878,10838
5.5978608780000005,0
5.598860878,0
5.599860878,106400
5.600860878000001,0
5.601860878,28650
5.602860878,184150
5.603860878000001,0
5.604860878,0
5.605860878,75212
5.606860878000001,529028
5.607860878,530272
5.608860878,518190
5.609860878000001,530530
5.610860878,775144
5.611860878,1036380
5.612860878,901644
5.6138608780000006,1300844
5.614860878,1768244
5.615860878,1662526
5.616860878000001,1556072
5.617860878,1556072
5.6188608780000004,1566910
5.619860878000001,1556072
5.620860878,1556072
5.621860878,1554570
5.622860878000001,1572706
5.623860878,2059512
5.624860878,2074316
5.625860878000001,2074262
5.6268608780000005,2181906
5.627860878,2183412
5.628860878,2085096
5.629860878000001,2074262
5.630860878,2075764
5.631860878,2373272
5.632860878000001,2593954
5.633860878,2592452
5.634860878,2315482
5.635860878000001,1828834
5.636860878,1554570
5.637860878,1556072
5.638860878000001,1557574
5.639860878,1554570
5.640860878,1556072
5.641860878,1556072
5.6428608780000005,1556072
5.643860878,1550910
5.644860878,1037936
5.645860878000001,1037882
5.646860878,1036380
5.647860878,1036380
5.648860878000001,1039384
5.649860878,1142780
5.650860878,1036380
5.651860878000001,1037882
5.652860878,723362
5.653860878,529028
5.654860878000001,529028
5.655860878,530530
5.656860878,518190
5.657860878,518190
5.6588608780000005,519692
5.659860878,518190
5.660860878,518190
5.661860878000001,519692
5.662860878,518190
5.663860878,518190
5.664860878000001,624590
5.665860878,519692
5.666860878,518190
5.667860878000001,518190
5.668860878,519692
5.669860878,518190
5.670860878000001,518190
5.671860878,519692
5.672860878,621940
5.673860878,1036380
5.6748608780000005,1142780
5.675860878,1039384
5.676860878,1036380
5.677860878000001,1047218
5.678860878,1039384
5.679860878,1036380
5.680860878000001,1197206
5.681860878,1566910
5.682860878,1556072
5.683860878000001,1556072
5.684860878,1556072
5.685860878,1556072
5.686860878000001,1556072
5.687860878,1554570
5.688860878,1713894
5.689860878,2074262
5.6908608780000005,1967952
5.691860878,1556072
5.692860878,1556072
5.693860878000001,1524040
5.694860878,1662472
5.695860878,1936634
5.696860878000001,2080594
5.697860878,1926120
5.698860878,2084988
5.699860878000001,1952932
5.700860878,1556072
5.701860878,1381238
5.702860878000001,1036380
5.703860878,1037882
5.704860878,1048666
5.705860878,1299138
5.7068608780000005,1662472
5.707860878,1556072
5.708860878,1662472
5.709860878000001,1566910
5.710860878,1557316
5.711860878,1566910
5.712860878000001,1556072
5.713860878,1556072
5.714860878,1556072
5.715860878000001,1554570
5.716860878,1502900
5.717860878,1037882
5.718860878000001,1036380
5.719860878,1036380
5.720860878,1117600
5.721860878,1556072
5.7228608780000005,1526310
5.723860878,1037936
5.724860878,1048720
5.725860878000001,1036380
5.726860878,760912
5.727860878,519692
5.728860878000001,518190
5.729860878,518190
5.730860878,518248
5.731860878000001,995880
5.732860878,1036380
5.733860878,611646
5.734860878000001,519692
5.735860878,518190
5.736860878,730990
5.737860878,519692
5.7388608780000006,674622
5.739860878,1553068
5.740860878,1493320
5.741860878000001,530280
5.742860878,519434
5.7438608780000004,518190
5.744860878000001,519750
5.745860878,528970
5.746860878,624590
5.747860878000001,519692
5.748860878,518190
5.749860878,518190
5.750860878000001,651954
5.7518608780000005,662248
5.752860878,1034878
5.753860878,1047218
5.754860878000001,1281318
5.755860878,1556072
5.756860878,1362646
5.757860878000001,1039384
5.758860878,1119102
5.7598608780000005,1060058
5.760860878000001,1037882
5.761860878,1037882
5.762860878,1036380
5.763860878000001,1037882
5.764860878,1144282
5.765860878,1037624
5.766860878,1077046
5.7678608780000005,1557898
5.768860878,2130030
5.769860878,1575930
5.770860878000001,1149362
5.771860878,1037882
5.772860878,971192
5.773860878000001,519692
5.774860878,624536
5.775860878,518244
5.776860878000001,518190
5.777860878,519692
5.778860878,518190
5.779860878000001,530318
5.780860878,613964
5.781860878,518190
5.782860878,518190
5.7838608780000005,519692
5.784860878,518248
5.785860878,624532
5.786860878000001,518190
5.787860878,519692
5.788860878,518190
5.789860878000001,518190
5.790860878,519692
5.791860878,518190
5.792860878000001,533322
5.793860878,1445036
5.794860878,1557574
5.795860878000001,1084776
5.796860878,1037882
5.797860878,1037882
5.798860878,1036380
5.7998608780000005,1036380
5.800860878,1039384
5.801860878,1036380
5.802860878000001,1036380
5.803860878,1198708
5.804860878,1556072
5.805860878000001,1456094
5.806860878,1037882
5.807860878,1048720
5.808860878000001,1037624
5.809860878,1142780
5.810860878,1039384
5.811860878000001,1036380
5.812860878,1451044
5.813860878,1557574
5.814860878,1119890
5.8158608780000005,814872
5.816860878,539866
5.817860878,519692
5.818860878000001,529028
5.819860878,518190
5.820860878,518190
5.821860878000001,519692
5.822860878,518190
5.823860878,518190
5.824860878000001,636930
5.825860878,518190
5.826860878,518190
5.827860878000001,590398
5.828860878,553884
5.829860878,518190
5.830860878,519692
5.8318608780000005,518190
5.832860878,518190
5.833860878,100356
5.834860878000001,0
5.835860878,0
5.836860878,0
5.837860878000001,0
5.838860878,0
5.839860878,0
5.840860878000001,0
5.841860878,10838
5.842860878,0
5.843860878000001,0
5.844860878,0
5.845860878,0
5.846860878,1244
5.8478608780000005,0
5.848860878,0
5.849860878,10838
5.850860878000001,21676
5.851860878,1244
5.852860878,0
5.853860878000001,0
5.854860878,0
5.855860878,0
5.856860878000001,0
5.857860878,1244
5.858860878,0
5.859860878000001,0
5.860860878,0
5.861860878,1244
5.862860878,0
5.8638608780000006,0
5.864860878,0
5.865860878,0
5.866860878000001,0
5.867860878,0
5.8688608780000004,0
5.869860878000001,0
5.870860878,300254
5.871860878,518190
5.872860878000001,529028
5.873860878,530530
5.874860878,558856
5.875860878000001,1025866
5.8768608780000005,1048720
5.877860878,645950
5.878860878,518190
5.879860878000001,518190
5.880860878,530530
5.881860878,560358
5.882860878000001,1028612
5.883860878,1252184
5.8848608780000005,1036380
5.885860878000001,1036380
5.886860878,1069536
5.887860878,1112628
5.888860878000001,1036380
5.889860878,1037882
5.890860878,1037882
5.891860878,989328
5.8928608780000005,1036380
5.893860878,823428
5.894860878,518190
5.895860878000001,518190
5.896860878,929850
5.897860878,1037882
5.898860878000001,1036380
5.899860878,1037882
5.900860878,1062350
5.901860878000001,1129150
5.902860878,989216
5.903860878,624590
5.904860878000001,519692
5.905860878,574200
5.906860878,1300844
5.907860878,1556072
5.9088608780000005,829768
5.909860878,518190
5.910860878,518190
5.911860878000001,530530
5.912860878,518190
5.913860878,518190
5.914860878000001,519692
5.915860878,518190
5.916860878,518190
5.917860878000001,94024
5.918860878,10838
5.919860878,0
5.920860878000001,0
5.921860878,0
5.922860878,0
5.923860878,0
5.9248608780000005,0
5.925860878,0
5.926860878,1244
5.927860878000001,0
5.928860878,78216
5.929860878,904316
5.930860878000001,1021962
5.931860878,518244
5.932860878,518248
5.933860878000001,626034
5.934860878,518190
5.935860878,518190
5.936860878000001,530530
5.937860878,518190
5.938860878,578382
5.939860878,1037882
5.9408608780000005,1036380
5.941860878,1047218
5.942860878,1037882
5.943860878000001,1037882
5.944860878,1371438
5.945860878,1558818
5.946860878000001,1556072
5.947860878,1554570
5.948860878,1556072
5.949860878000001,1557574
5.950860878,1152934
5.951860878,1037940
5.952860878000001,1039068
5.953860878,1036380
5.954860878,1036380
5.955860878,1145784
5.9568608780000005,1037624
5.957860878,1036380
5.958860878,1039384
5.959860878000001,962180
5.960860878,518190
5.961860878,519692
5.962860878000001,529028
5.963860878,518190
5.964860878,871272
5.965860878000001,685812
5.966860878,1027592
5.967860878,1091924
5.968860878000001,641686
5.969860878,518190
5.970860878,530530
5.971860878,518190
5.9728608780000005,624590
5.973860878,519692
5.974860878,539330
5.975860878000001,1031874
5.976860878,1036380
5.977860878,554570
5.978860878000001,518190
5.979860878,518190
5.980860878,627336
5.981860878000001,518190
5.982860878,859256
5.983860878,1037882
5.984860878000001,1036380
5.985860878,1144228
5.986860878,1063582
5.987860878,1551566
5.9888608780000006,1557574
5.989860878,1554570
5.990860878,1556072
5.991860878000001,1556072
5.992860878,1556072
5.9938608780000004,1556072
5.994860878000001,1951210
5.995860878,2110422
5.996860878,2247066
5.997860878000001,2074262
5.998860878,2075764
5.999860878,2072760
6.000860878000001,2075764
6.0018608780000005,2074262
6.002860878,2074262
6.003860878,1836514
6.004860878000001,2566972
6.005860878,2621102
6.006860878,2791976
6.007860878000001,3118264
6.008860878,3122334
6.0098608780000005,2519240
6.010860878000001,2075764
6.011860878,2072760
6.012860878,2075764
6.013860878000001,2074262
6.014860878,2074262
6.015860878,2074262
6.016860878000001,2028600
6.0178608780000005,1554570
6.018860878,1662472
6.019860878,1556072
6.020860878000001,1556072
6.021860878,1554570
6.022860878,1557574
6.023860878000001,1556072
6.024860878,1424538
6.025860878,541944
6.026860878000001,519692
6.027860878,518190
6.028860878,842492
6.029860878000001,1050222
6.030860878,985726
6.031860878,518190
6.032860878,668502
6.0338608780000005,1120604
6.034860878,961258
6.035860878,518190
6.036860878000001,519692
6.037860878,518190
6.038860878,518190
6.039860878000001,519692
6.040860878,518190
6.041860878,518190
6.042860878000001,519692
6.043860878,518190
6.044860878,605418
6.045860878000001,1036380
6.046860878,1524754
6.047860878,2161490
6.048860878,2591228
6.0498608780000005,2037098
6.050860878,1571204
6.051860878,2053234
6.052860878000001,2379280
6.053860878,2130168
6.054860878,2074262
6.055860878000001,2074262
6.056860878,2074262
6.057860878,2075822
6.058860878000001,2544442
6.059860878,2593954
6.060860878,2593954
6.061860878000001,2603032
6.062860878,2593954
6.063860878,2593954
6.064860878,2592452
6.0658608780000005,2492718
6.066860878,2074262
6.067860878,1627566
6.068860878000001,1566910
6.069860878,1556072
6.070860878,1556072
6.071860878000001,1556072
6.072860878,1556072
6.073860878,1556072
6.074860878000001,1554570
6.075860878,1557574
6.076860878,1554570
6.077860878000001,1556072
6.078860878,1556072
6.079860878,1556072
6.080860878,1566910
6.0818608780000005,1556072
6.082860878,1566910
6.083860878,1961724
6.084860878000001,2072760
6.085860878,1721624
6.086860878,1556072
6.087860878000001,1554570
6.088860878,1556072
6.089860878,1556072
6.090860878000001,1556072
6.091860878,1556072
6.092860878,1556072
6.093860878000001,1556072
6.094860878,1556072
6.095860878,1556072
6.096860878,1556072
6.0978608780000005,1565408
6.098860878,1557574
6.099860878,1751444
6.100860878000001,2074262
6.101860878,1928900
6.102860878,1556072
6.103860878000001,1556072
6.104860878,1556072
6.105860878,1556072
6.106860878000001,1601244
6.107860878,2072760
6.108860878,2075764
6.109860878000001,1563656
6.110860878,1554570
6.111860878,1556072
6.112860878,1607252
6.1138608780000006,2245602
6.114860878,2595256
6.115860878,1964044
6.116860878000001,1557316
6.117860878,1665830
6.1188608780000004,2075764
6.119860878000001,2025352
6.120860878,1554570
6.121860878,1557574
6.122860878000001,1554570
6.123860878,1556072
6.124860878,1556072
6.125860878000001,1556072
6.1268608780000005,1556072
6.127860878,1556072
6.128860878,1662530
6.129860878000001,2019986
6.130860878,2149474
6.131860878,1868578
6.132860878000001,2072760
6.133860878,2001108
6.1348608780000005,1612794
6.135860878000001,1556072
6.136860878,1556072
6.137860878,1556072
6.138860878000001,1556072
6.139860878,1556072
6.140860878,1565408
6.141860878000001,1557574
6.1428608780000005,1556072
6.143860878,1565408
6.144860878,1557574
6.145860878000001,1565408
6.146860878,1566910
6.147860878,1556072
6.148860878000001,1556072
6.149860878,1556072
6.150860878,1556072
6.151860878000001,1662472
6.152860878,1556072
6.153860878,1554570
6.154860878000001,1557574
6.155860878,1554570
6.156860878,1556072
6.157860878,1556072
6.1588608780000005,2601700
6.159860878,2898918
6.160860878,2987162
6.161860878000001,2823760
6.162860878,2864426
6.163860878,2903424
6.164860878000001,2749846
6.165860878,2745656
6.166860878,2755656
6.167860878000001,2842772
6.168860878,2810222
6.169860878,2718144
6.170860878000001,2896030
6.171860878,2715576
6.172860878,2658480
6.173860878,2907914
6.1748608780000005,2623420
6.175860878,2715082
6.176860878,2521088
6.177860878000001,1554624
6.178860878,1557574
6.179860878,1550798
6.180860878000001,1144078
6.181860878,1037882
6.182860878,1037882
6.183860878000001,1036380
6.184860878,1048720
6.185860878,1065030
6.186860878000001,1550064
6.187860878,1556072
6.188860878,1557574
6.189860878,1554570
6.1908608780000005,1556072
6.191860878,1556072
6.192860878,1556072
6.193860878000001,1556072
6.194860878,1556072
6.195860878,1556072
6.196860878000001,1554570
6.197860878,1632786
6.198860878,2074262
6.199860878000001,2074262
6.200860878,2074262
6.201860878,2075764
6.202860878000001,2074262
6.203860878,2074262
6.204860878,2153980
6.205860878,2592452
6.2068608780000005,2527542
6.207860878,1556126
6.208860878,1605750
6.209860878000001,2074004
6.210860878,2072760
6.211860878,1560910
6.212860878000001,1556072
6.213860878,1554570
6.214860878,1556072
6.215860878000001,1557574
6.216860878,1554570
6.217860878,1556072
6.218860878000001,1466852
6.219860878,1036380
6.220860878,1036380
6.221860878,1039384
6.2228608780000005,1047218
6.223860878,1036380
6.224860878,1071362
6.225860878000001,1121640
6.226860878,1047218
6.227860878,1037882
6.228860878000001,1210724
6.229860878,1556072
6.230860878,1431738
6.231860878000001,1039384
6.232860878,1129616
6.233860878,1554570
6.234860878000001,1515850
6.235860878,1047218
6.236860878,1036380
6.237860878,1037882
6.2388608780000006,1037882
6.239860878,1142780
6.240860878,1439028
6.241860878000001,1557574
6.242860878,1203434
6.2438608780000004,1036380
6.244860878000001,1054516
6.245860878,1127648
6.246860878,1036380
6.247860878000001,1037882
6.248860878,1037882
6.249860878,1047218
6.250860878000001,1039126
6.2518608780000005,1037882
6.252860878,1036380
6.253860878,1047218
6.254860878000001,1039384
6.255860878,1047218
6.256860878,1105584
6.257860878000001,1076580
6.258860878,1036380
6.2598608780000005,1036380
6.260860878000001,1037882
6.261860878,1048720
6.262860878,1142780
6.263860878000001,1039126
6.264860878,1037882
6.265860878,1036380
6.266860878000001,1036380
6.2678608780000005,1039384
6.268860878,552022
6.269860878,518190
6.270860878000001,518190
6.271860878,626092
6.272860878,518248
6.273860878000001,611898
6.274860878,518190
6.275860878,518190
6.276860878000001,518190
6.277860878,519692
6.278860878,518190
6.279860878000001,518190
6.280860878,626092
6.281860878,519380
6.282860878,518244
6.2838608780000005,519692
6.284860878,518190
6.285860878,519434
6.286860878000001,518190
6.287860878,530530
6.288860878,518190
6.289860878000001,518190
6.290860878,530530
6.291860878,518190
6.292860878000001,518190
6.293860878,519692
6.294860878,296794
6.295860878000001,107644
6.296860878,0
6.297860878,0
6.298860878,0
6.2998608780000005,0
6.300860878,15132
6.301860878,489652
6.302860878000001,518190
6.303860878,64918
6.304860878,0
6.305860878000001,0
6.306860878,93236
6.307860878,518190
6.308860878000001,519380
6.309860878,518244
6.310860878,519692
6.311860878000001,518190
6.312860878,518190
6.313860878,530530
6.314860878,518190
6.3158608780000005,518190
6.316860878,520936
6.317860878,518190
6.318860878000001,836726
6.319860878,1036380
6.320860878,1039384
6.321860878000001,1270804
6.322860878,1846070
6.323860878,2506950
6.324860878000001,2592452
6.325860878,2214022
6.326860878,2074262
6.327860878000001,1968520
6.328860878,1554570
6.329860878,1557574
6.330860878,1556072
6.3318608780000005,1728672
6.332860878,2167498
6.333860878,2592452
6.334860878000001,2593954
6.335860878,2592452
6.336860878,2594012
6.337860878000001,2798038
6.338860878,2599608
6.339860878,2272248
6.340860878000001,2074262
6.341860878,2074262
6.342860878,2075764
6.343860878000001,1830448
6.344860878,2074262
6.345860878,2064026
6.346860878,1556126
6.3478608780000005,1623774
6.348860878,2074262
6.349860878,2058018
6.350860878000001,1733232
6.351860878,1591508
6.352860878,1557574
6.353860878000001,1447326
6.354860878,1201712
6.355860878,1556072
6.356860878000001,1442252
6.357860878,1037882
6.358860878,1037882
6.359860878000001,1036380
6.360860878,1037882
6.361860878,1036380
6.362860878,1037882
6.3638608780000006,1142780
6.364860878,1428256
6.365860878,1577748
6.366860878000001,1216952
6.367860878,1037882
6.3688608780000004,1037882
6.369860878000001,1249776
6.370860878,1557574
6.371860878,1497584
6.372860878000001,1063528
6.373860878,1117134
6.374860878,1037882
6.375860878000001,1037882
6.3768608780000005,1036380
6.377860878,1037882
6.378860878,1037882
6.379860878000001,1036380
6.380860878,1037882
6.381860878,1037882
6.382860878000001,1036380
6.383860878,1037882
6.3848608780000005,1142780
6.385860878000001,1037882
6.386860878,1036380
6.387860878,1037882
6.388860878000001,1037882
6.389860878,1359422
6.390860878,1557574
6.391860878000001,1566910
6.3928608780000005,1554570
6.393860878,1556072
6.394860878,1557316
6.395860878000001,1556072
6.396860878,1556072
6.397860878,1566910
6.398860878000001,1566910
6.399860878,1554570
6.4008608780000005,1557574
6.401860878000001,1599742
6.402860878,2068254
6.403860878,2449874
6.404860878000001,2593954
6.405860878,2266850
6.406860878,2075764
6.407860878,2074262
6.4088608780000005,2490428
6.409860878,2592452
6.410860878,1890748
6.411860878000001,1556072
6.412860878,1556072
6.413860878,1556072
6.414860878000001,1556072
6.415860878,1554570
6.416860878,1568412
6.417860878000001,1554570
6.418860878,1604248
6.419860878,1614296
6.420860878000001,1556072
6.421860878,1556072
6.422860878,1502900
6.423860878,1144282
6.4248608780000005,1037882
6.425860878,1036380
6.426860878,1037882
6.427860878000001,1037882
6.428860878,1047218
6.429860878,1047218
6.430860878000001,1037882
6.431860878,1144282
6.432860878,1036380
6.433860878000001,1037882
6.434860878,1144960
6.435860878,1556072
6.436860878000001,1509842
6.437860878,1037882
6.438860878,1128114
6.439860878,1566910
6.4408608780000005,1514348
6.441860878,1037882
6.442860878,1036380
6.443860878000001,1037882
6.444860878,1037882
6.445860878,1036380
6.446860878000001,1037882
6.447860878,1037940
6.448860878,1523082
6.449860878000001,1556072
6.450860878,1568412
6.451860878,1565408
6.452860878000001,1661028
6.453860878,1568354
6.454860878,1556072
6.455860878,1970736
6.4568608780000005,2536990
6.457860878,2238636
6.458860878,1663046
6.459860878000001,1556072
6.460860878,1557574
6.461860878,1565408
6.462860878000001,1556072
6.463860878,1556072
6.464860878,1556072
6.465860878000001,1554570
6.466860878,1557574
6.467860878,1556072
6.468860878000001,1554570
6.469860878,1055304
6.470860878,1037882
6.471860878,1036380
6.4728608780000005,1037882
6.473860878,1036380
6.474860878,1144282
6.475860878000001,1036380
6.476860878,1037882
6.477860878,1037882
6.478860878000001,1036380
6.479860878,1037882
6.480860878,1037882
6.481860878000001,1036380
6.482860878,1037882
6.483860878,1057520
6.484860878000001,1123142
6.485860878,1037882
6.486860878,1036380
6.487860878,1037882
6.4888608780000006,1440530
6.489860878,1556072
6.490860878,1203434
6.491860878000001,1036380
6.492860878,1037882
6.4938608780000004,1144282
6.494860878000001,1037624
6.495860878,1048720
6.496860878,1036380
6.497860878000001,1037882
6.498860878,1036380
6.499860878,1037882
6.500860878000001,1093568
6.5018608780000005,1497576
6.502860878,1557574
6.503860878,1556072
6.504860878000001,1554628
6.505860878,1662414
6.506860878,1948206
6.507860878000001,2074262
6.508860878,1733640
6.5098608780000005,1556072
6.510860878000001,1556072
6.511860878,1730416
6.512860878,2087846
6.513860878000001,1949928
6.514860878,1554570
6.515860878,1556072
6.516860878000001,1822038
6.5178608780000005,2074262
6.518860878,1870646
6.519860878,1556072
6.520860878000001,1662472
6.521860878,1790238
6.522860878,2226076
6.523860878000001,2529812
6.524860878,2492150
6.5258608780000005,2007004
6.526860878000001,1556072
6.527860878,1671808
6.528860878,1604248
6.529860878000001,1691010
6.530860878,2114332
6.531860878,1693542
6.532860878,1183908
6.5338608780000005,1090564
6.534860878,1660970
6.535860878,1557574
6.536860878000001,1554570
6.537860878,1556072
6.538860878,1566910
6.539860878000001,1556072
6.540860878,1554570
6.541860878,1343576
6.542860878000001,1036380
6.543860878,1036380
6.544860878,1037882
6.545860878000001,1037882
6.546860878,1036380
6.547860878,1037882
6.548860878,1144282
6.5498608780000005,1036380
6.550860878,1037882
6.551860878,1037882
6.552860878000001,1137126
6.553860878,1554570
6.554860878,1438646
6.555860878000001,519692
6.556860878,519434
6.557860878,518190
6.558860878000001,519692
6.559860878,518190
6.560860878,518190
6.561860878000001,519692
6.562860878,518190
6.563860878,519434
6.564860878,519692
6.5658608780000005,518190
6.566860878,624536
6.567860878,518244
6.568860878000001,519692
6.569860878,518190
6.570860878,533322
6.571860878000001,610960
6.572860878,518190
6.573860878,518190
6.574860878000001,591900
6.575860878,920484
6.576860878,1036380
6.577860878000001,1037882
6.578860878,1037940
6.579860878,1160288
6.580860878,1127702
6.5818608780000005,1039384
6.582860878,1036380
6.583860878,1036380
6.584860878000001,1037882
6.585860878,1048720
6.586860878,1036380
6.587860878000001,1048720
6.588860878,1037882
6.589860878,1142780
6.590860878000001,1058056
6.591860878,1039384
6.592860878,1036380
6.593860878000001,1047218
6.594860878,1039384
6.595860878,1036380
6.596860878,654270
6.5978608780000005,626092
6.598860878,518190
6.599860878,518190
6.600860878000001,518190
6.601860878,519692
6.602860878,518190
6.603860878000001,529028
6.604860878,519692
6.605860878,518190
6.606860878000001,518190
6.607860878,626092
6.608860878,518190
6.609860878000001,518190
6.610860878,519692
6.611860878,518190
6.612860878,518190
6.6138608780000006,518190
6.614860878,519692
6.615860878,528974
6.616860878000001,596842
6.617860878,1094658
6.6188608780000004,1096572
6.619860878000001,1419946
6.620860878,1625088
6.621860878,872806
6.622860878000001,624590
6.623860878,694148
6.624860878,1132154
6.625860878000001,924062
6.6268608780000005,518190
6.627860878,519692
6.628860878,518190
6.629860878000001,518190
6.630860878,519692
6.631860878,518190
6.632860878000001,518190
6.633860878,575378
6.6348608780000005,1036380
6.635860878000001,1032152
6.636860878,518244
6.637860878,519692
6.638860878000001,518190
6.639860878,518248
6.640860878,986868
6.641860878000001,1037882
6.6428608780000005,1081552
6.643860878,1550064
6.644860878,1556072
6.645860878000001,1556072
6.646860878,1554570
6.647860878,1557574
6.648860878000001,1554570
6.649860878,1566910
6.6508608780000005,1556072
6.651860878000001,1556072
6.652860878,1556072
6.653860878,1556072
6.654860878000001,1556072
6.655860878,1685114
6.656860878,2153980
6.657860878000001,2111570
6.6588608780000005,1679214
6.659860878,1556072
6.660860878,1557574
6.661860878000001,1071826
6.662860878,1428514
6.663860878,1502900
6.664860878000001,1057852
6.665860878,1037882
6.666860878,727300
6.667860878000001,518190
6.668860878,529028
6.669860878,518190
6.670860878000001,519692
6.671860878,518190
6.672860878,518190
6.673860878,560358
6.6748608780000005,583924
6.675860878,518190
6.676860878,519692
6.677860878000001,518190
6.678860878,518190
6.679860878,529032
6.680860878000001,636926
6.681860878,569370
6.682860878,573410
6.683860878000001,519692
6.684860878,518190
6.685860878,518190
6.686860878000001,519692
6.687860878,518190
6.688860878,518190
6.689860878,530530
6.6908608780000005,518190
6.691860878,518190
6.692860878,624590
6.693860878000001,530476
6.694860878,561914
6.695860878,687320
6.696860878000001,519692
6.697860878,624590
6.698860878,518190
6.699860878000001,519692
6.700860878,518190
6.701860878,518190
6.702860878000001,518190
6.703860878,519692
6.704860878,518190
6.705860878,519434
6.7068608780000005,519692
6.707860878,518190
6.708860878,518190
6.709860878000001,519692
6.710860878,499722
6.711860878,54
6.712860878000001,0
6.713860878,455218
6.714860878,518190
6.715860878000001,114484
6.716860878,0
6.717860878,58
6.718860878000001,1186
6.719860878,0
6.720860878,243436
6.721860878,519692
6.7228608780000005,695538
6.723860878,1036380
6.724860878,912046
6.725860878000001,575378
6.726860878,1069536
6.727860878,1105396
6.728860878000001,624644
6.729860878,518190
6.730860878,518190
6.731860878000001,519692
6.732860878,518190
6.733860878,518190
6.734860878000001,672766
6.735860878,577916
6.736860878,518190
6.737860878,530530
6.7388608780000006,518190
6.739860878,518190
6.740860878,518190
6.741860878000001,260746
6.742860878,0
6.7438608780000004,0
6.744860878000001,0
6.745860878,0
6.746860878,0
6.747860878000001,0
6.748860878,416490
6.749860878,518190
6.750860878000001,164050
6.7518608780000005,0
6.752860878,0
6.753860878,0
6.754860878000001,0
6.755860878,10838
6.756860878,0
6.757860878000001,1190
6.758860878,54
6.7598608780000005,51238
6.760860878000001,519376
6.761860878,518190
6.762860878,332
6.763860878000001,0
6.764860878,0
6.765860878,0
6.766860878000001,0
6.7678608780000005,1244
6.768860878,15132
6.769860878,510680
6.770860878000001,518190
6.771860878,518190
6.772860878,626092
6.773860878000001,518190
6.774860878,518190
6.7758608780000005,625834
6.776860878000001,519692
6.777860878,518190
6.778860878,518190
6.779860878000001,530530
6.780860878,518190
6.781860878,518190
6.782860878000001,519692
6.7838608780000005,518190
6.784860878,518190
6.785860878,518190
6.786860878000001,519692
6.787860878,668502
6.788860878,1037624
6.789860878000001,939082
6.790860878,518190
6.791860878,826436
6.792860878000001,2047226
6.793860878,1873658
6.794860878,590618
6.795860878000001,519692
6.796860878,518248
6.797860878,980860
6.798860878,1036380
6.7998608780000005,1039384
6.800860878,1240764
6.801860878,1554570
6.802860878000001,1557574
6.803860878,1554570
6.804860878,1556072
6.805860878000001,1556072
6.806860878,1556072
6.807860878,1556072
6.808860878000001,1556072
6.809860878,1556072
6.810860878,1556072
6.811860878000001,1554570
6.812860878,1557574
6.813860878,1554570
6.814860878,1556072
6.8158608780000005,1556072
6.816860878,1823540
6.817860878,2085100
6.818860878000001,1470300
6.819860878,1660146
6.820860878,1530516
6.821860878000001,817988
6.822860878,519692
6.823860878,518190
6.824860878000001,518190
6.825860878,519692
6.826860878,518190
6.827860878000001,518190
6.828860878,626092
6.829860878,518190
6.830860878,518248
6.8318608780000005,624532
6.832860878,530530
6.833860878,519434
6.834860878000001,518190
6.835860878,519692
6.836860878,518190
6.837860878000001,518190
6.838860878,530530
6.839860878,518190
6.840860878000001,518190
6.841860878,519692
6.842860878,518190
6.843860878000001,618936
6.844860878,523844
6.845860878,519692
6.846860878,641224
6.8478608780000005,1042712
6.848860878,1037882
6.849860878,557574
6.850860878000001,529028
6.851860878,519692
6.852860878,518190
6.853860878000001,518190
6.854860878,518190
6.855860878,519692
6.856860878000001,518190
6.857860878,518190
6.858860878,519692
6.859860878000001,518190
6.860860878,626446
6.861860878,1037882
6.862860878,979636
6.8638608780000006,518190
6.864860878,518190
6.865860878,519692
6.866860878000001,518190
6.867860878,518190
6.8688608780000004,530530
6.869860878000001,518190
6.870860878,533322
6.871860878,1015352
6.872860878000001,1037882
6.873860878,1036380
6.874860878,1039126
6.875860878000001,1037882
6.8768608780000005,1036380
6.877860878,1078548
6.878860878,1550064
6.879860878000001,1556072
6.880860878,1554570
6.881860878,1556072
6.882860878000001,1557574
6.883860878,1584722
6.8848608780000005,2074374
6.885860878000001,2176044
6.886860878,1581938
6.887860878,1554570
6.888860878000001,1557574
6.889860878,1556072
6.890860878,1554570
6.891860878000001,1549408
6.8928608780000005,1037936
6.893860878,1036380
6.894860878,1037882
6.895860878000001,1037882
6.896860878,1047218
6.897860878,1037882
6.898860878000001,1036380
6.899860878,1037882
6.9008608780000005,1036380
6.901860878000001,1037882
6.902860878,1037882
6.903860878,1036380
6.904860878000001,1037882
6.905860878,1037882
6.906860878,1036380
6.907860878000001,1037882
6.9088608780000005,1212338
6.909860878,1600520
6.910860878,1493320
6.911860878000001,1037882
6.912860878,1037882
6.913860878,1036380
6.914860878000001,1037882
6.915860878,1037882
6.916860878,1036380
6.917860878000001,1037882
6.918860878,1036380
6.919860878,1037882
6.920860878000001,1037882
6.921860878,1036380
6.922860878,1037882
6.923860878,1408988
6.9248608780000005,1556072
6.925860878,1234976
6.926860878,1036380
6.927860878000001,1037882
6.928860878,1037882
6.929860878,1036380
6.930860878000001,1037882
6.931860878,1142780
6.932860878,1037882
6.933860878000001,1036380
6.934860878,1037882
6.935860878,1039126
6.936860878000001,1048520
6.937860878,1250624
6.938860878,1048720
6.939860878,1036380
6.9408608780000005,1348908
6.941860878,1556072
6.942860878,1295056
6.943860878000001,1056018
6.944860878,1124644
6.945860878,1037882
6.946860878000001,1036380
6.947860878,1037882
6.948860878,1037882
6.949860878000001,1036380
6.950860878,1048720
6.951860878,1037882
6.952860878000001,1058056
6.953860878,1448040
6.954860878,1565408
6.955860878,1557574
6.9568608780000005,1554570
6.957860878,1634346
6.958860878,1595036
6.959860878000001,1556072
6.960860878,1566910
6.961860878,1556072
6.962860878000001,1556072
6.963860878,1556072
6.964860878,1554570
6.965860878000001,1557574
6.966860878,1554570
6.967860878,1556072
6.968860878000001,1557574
6.969860878,1554570
6.970860878,1556072
6.971860878,1790496
6.9728608780000005,2077008
6.973860878,1900686
6.974860878,1662472
6.975860878000001,1556072
6.976860878,1568154
6.977860878,1554570
6.978860878000001,1403656
6.979860878,1036380
6.980860878,1038868
6.981860878000001,1144282
6.982860878,1037882
6.983860878,1036380
6.984860878000001,1037882
6.985860878,1037940
6.986860878,1500552
6.987860878,1554570
6.9888608780000006,1555014
6.989860878,1554628
6.990860878,1690136
6.991860878000001,1557574
6.992860878,1111812
6.9938608780000004,1036380
6.994860878000001,1037882
6.995860878,1037882
6.996860878,1152146
6.997860878000001,1554570
6.998860878,1493320
6.999860878,1036380
7.000860878000001,1036380
7.0018608780000005,1039384
7.002860878,1036380
7.003860878,1036380
7.004860878000001,1037882
7.005860878,1037882
7.006860878,1036380
7.007860878000001,1037882
7.008860878,1037882
7.0098608780000005,1149142
7.010860878000001,1554570
7.011860878,1496324
7.012860878,1144024
7.013860878000001,1037624
7.014860878,1037882
7.015860878,1037882
7.016860878000001,1036380
7.0178608780000005,1337216
7.018860878,1557574
7.019860878,1316084
7.020860878000001,1037624
7.021860878,1039384
7.022860878,1036380
7.023860878000001,1036380
7.024860878,1054516
7.0258608780000005,1234048
7.026860878000001,1036380
7.027860878,1037940
7.028860878,1144224
7.029860878000001,1036380
7.030860878,1037882
7.031860878,1144282
7.032860878000001,1142780
7.0338608780000005,1036380
7.034860878,1039384
7.035860878,1036380
7.036860878000001,1036380
7.037860878,1037882
7.038860878,1037882
7.039860878000001,1445036
7.040860878,1556072
7.0418608780000005,1229192
7.042860878000001,2078880
7.043860878,2590950
7.044860878,2142462
7.045860878000001,1556126
7.046860878,1554570
7.047860878,1557574
7.048860878,1554570
7.0498608780000005,1791998
7.050860878,2074262
7.051860878,1889848
7.052860878000001,1556072
7.053860878,1556072
7.054860878,1557316
7.055860878000001,1556072
7.056860878,1565408
7.057860878,1557574
7.058860878000001,1554570
7.059860878,1556072
7.060860878,1556072
7.061860878000001,1556072
7.062860878,1556072
7.063860878,1556072
7.064860878,1955716
7.0658608780000005,2191500
7.066860878,1831028
7.067860878,1601244
7.068860878000001,2068254
7.069860878,2074262
7.070860878,1569922
7.071860878000001,1660970
7.072860878,1728914
7.073860878,2074262
7.074860878000001,1954176
7.075860878,1556072
7.076860878,1556072
7.077860878000001,1556072
7.078860878,1556072
7.079860878,1554570
7.080860878,1558818
7.0818608780000005,1554570
7.082860878,1556072
7.083860878,1556072
7.084860878000001,1556072
7.085860878,1556072
7.086860878,1556072
7.087860878000001,1373616
7.088860878,1037882
7.089860878,1036380
7.090860878000001,1090888
7.091860878,1100612
7.092860878,1037882
7.093860878000001,1622384
7.094860878,2072760
7.095860878,1592784
7.096860878,1037882
7.0978608780000005,1036380
7.098860878,1037882
7.099860878,1036380
7.100860878000001,1037882
7.101860878,1037882
7.102860878,1142780
7.103860878000001,1037882
7.104860878,1065030
7.105860878,1553068
7.106860878000001,1556072
7.107860878,1062246
7.108860878,1037882
7.109860878000001,1037882
7.110860878,1036380
7.111860878,1037882
7.112860878,1036380
7.1138608780000006,1039126
7.114860878,1036380
7.115860878,1037882
7.116860878000001,1144282
7.117860878,1047218
7.1188608780000004,1037882
7.119860878000001,1037882
7.120860878,1036380
7.121860878,1037882
7.122860878000001,1036380
7.123860878,1037882
7.124860878,1037882
7.125860878000001,1036380
7.1268608780000005,1037882
7.127860878,1036380
7.128860878,1037882
7.129860878000001,1037882
7.130860878,1036380
7.131860878,1037882
7.132860878000001,1037882
7.133860878,1102580
7.1348608780000005,1554570
7.135860878000001,1556072
7.136860878,1976744
7.137860878,2072760
7.138860878000001,1707794
7.139860878,1556126
7.140860878,1625334
7.141860878000001,2086544
7.1428608780000005,2097182
7.143860878,1618856
7.144860878,1556072
7.145860878000001,1955716
7.146860878,2074262
7.147860878,1726130
7.148860878000001,1556072
7.149860878,1556072
7.1508608780000005,1555814
7.151860878000001,1557574
7.152860878,1608754
7.153860878,1608288
7.154860878000001,1477366
7.155860878,1037570
7.156860878,1323428
7.157860878000001,1566910
7.1588608780000005,1556072
7.159860878,1692924
7.160860878,2085042
7.161860878000001,2095380
7.162860878,1516306
7.163860878,1095070
7.164860878000001,1085592
7.165860878,1037882
7.1668608780000005,1036380
7.167860878000001,1037882
7.168860878,1037882
7.169860878,1036380
7.170860878000001,1051512
7.171860878,1536546
7.172860878,1556072
7.173860878,1092286
7.1748608780000005,1145784
7.175860878,1036380
7.176860878,1587850
7.177860878000001,3122658
7.178860878,2669954
7.179860878,2578934
7.180860878000001,2726242
7.181860878,2624488
7.182860878,2672876
7.183860878000001,2885666
7.184860878,2424702
7.185860878,2556898
7.186860878000001,2454484
7.187860878,2480276
7.188860878,2543210
7.189860878,2574520
7.1908608780000005,2469742
7.191860878,2469762
7.192860878,2503260
7.193860878000001,1769134
7.194860878,1744274
7.195860878,1458442
7.196860878000001,1476790
7.197860878,1479470
7.198860878,1485478
7.199860878000001,1569702
7.200860878,2022016
7.201860878,1987424
7.202860878000001,1609956
7.203860878,1883620
7.204860878,2027700
7.205860878,2029202
7.2068608780000005,2030704
7.207860878,2032206
7.208860878,2032206
7.209860878000001,2036712
7.210860878,2141610
7.211860878,2039716
7.212860878000001,1617052
7.213860878,1642946
7.214860878,1539550
7.215860878000001,1536546
7.216860878,1538048
7.217860878,1539550
7.218860878000001,1541052
7.219860878,1539550
7.220860878,1725910
7.221860878,2059242
7.2228608780000005,1925896
7.223860878,1541052
7.224860878,1384354
7.225860878000001,1873106
7.226860878,1987236
7.227860878,1895636
7.228860878000001,2060744
7.229860878,1773016
7.230860878,1544056
7.231860878000001,1544114
7.232860878,1556338
7.233860878,1544056
7.234860878000001,1545558
7.235860878,1544056
7.236860878,1598240
7.237860878,2134454
7.2388608780000006,2583440
7.239860878,2259210
7.240860878,2087168
7.241860878000001,2077590
7.242860878,2066494
7.2438608780000004,2077590
7.244860878000001,2065250
7.245860878,2066810
7.246860878,1731528
7.247860878000001,1559342
7.248860878,1548562
7.249860878,1613260
7.250860878000001,1998920
7.2518608780000005,2068254
7.252860878,2065250
7.253860878,2069756
7.254860878000001,2611848
7.255860878,2658652
7.256860878,2233452
7.257860878000001,1822826
7.258860878,1573742
7.2598608780000005,1551566
7.260860878000001,1559400
7.261860878,1610256
7.262860878,1596272
7.263860878000001,1551566
7.264860878,1551566
7.265860878,1550064
7.266860878000001,1562404
7.2678608780000005,1551566
7.268860878,1550064
7.269860878,1551566
7.270860878000001,1560902
7.271860878,1233800
7.272860878,1033376
7.273860878000001,1033376
7.274860878,1033376
7.2758608780000005,1033376
7.276860878000001,1033376
7.277860878,1033376
7.278860878,1045716
7.279860878000001,1033376
7.280860878,1033376
7.281860878,1034878
7.282860878000001,1033376
7.2838608780000005,1209222
7.284860878,1554570
7.285860878,1551566
7.286860878000001,1895636
7.287860878,2083598
7.288860878,2072760
7.289860878000001,2071258
7.290860878,2072760
7.2918608780000005,2090896
7.292860878000001,2162268
7.293860878,2071316
7.294860878,2179102
7.295860878000001,2179160
7.296860878,2072760
7.297860878,2072760
7.298860878,2072760
7.2998608780000005,2083598
7.300860878,2090896
7.301860878,2161024
7.302860878000001,2083598
7.303860878,2072760
7.304860878,1882906
7.305860878000001,1569702
7.306860878,2039716
7.307860878,2074262
7.308860878000001,2072760
7.309860878,2072760
7.310860878,2074262
7.311860878000001,2072760
7.312860878,2085100
7.313860878,2074262
7.314860878,2072760
7.3158608780000005,2074262
7.316860878,2074262
7.317860878,2074262
7.318860878000001,2086344
7.319860878,2072760
7.320860878,2074262
7.321860878000001,2075764
7.322860878,2072760
7.323860878,2074262
7.324860878000001,2074262
7.325860878,2074262
7.326860878,2074262
7.327860878000001,1558474
7.328860878,1631284
7.329860878,2072760
7.330860878,2050508
7.3318608780000005,1556126
7.332860878,1556130
7.333860878,2144668
7.334860878000001,2074262
7.335860878,2074262
7.336860878,2075506
7.337860878000001,2074262
7.338860878,2075764
7.339860878,2072760
7.340860878000001,2075764
7.341860878,2075764
7.342860878,2072760
7.343860878000001,2180662
7.344860878,2075764
7.345860878,2074262
7.346860878,2074262
7.3478608780000005,2075764
7.348860878,2074262
7.349860878,2072760
7.350860878000001,2120936
7.351860878,2136992
7.352860878,2072760
7.353860878000001,2074262
7.354860878,1579502
7.355860878,1554570
7.356860878000001,1556072
7.357860878,1566910
7.358860878,1556072
7.359860878000001,1554570
7.360860878,1557574
7.361860878,1556072
7.362860878,1554570
7.3638608780000006,1556072
7.364860878,1663920
7.365860878,1554624
7.366860878000001,1556072
7.367860878,1566910
7.3688608780000004,1557316
7.369860878000001,1556072
7.370860878,1556072
7.371860878,1557316
7.372860878000001,1554570
7.373860878,1556072
7.374860878,1557574
7.375860878000001,1569702
7.3768608780000005,1658178
7.377860878,1557574
7.378860878,1554570
7.379860878000001,1556072
7.380860878,1556072
7.381860878,1556072
7.382860878000001,1554570
7.383860878,1557574
7.3848608780000005,1662418
7.385860878000001,1661024
7.386860878,1556072
7.387860878,1557574
7.388860878000001,1554570
7.389860878,1556072
7.390860878,1556072
7.391860878000001,1556072
7.3928608780000005,1556072
7.393860878,1556072
7.394860878,1556072
7.395860878000001,1554570
7.396860878,1556072
7.397860878,1557574
7.398860878000001,1510410
7.399860878,1556072
7.4008608780000005,1662472
7.401860878000001,1556072
7.402860878,1556072
7.403860878,1554570
7.404860878000001,1568412
7.405860878,1554570
7.406860878,1662472
7.407860878000001,1557574
7.4088608780000005,1554570
7.409860878,1556072
7.410860878,1556072
7.411860878000001,1566910
7.412860878,1556072
7.413860878,1554570
7.414860878000001,1557574
7.415860878,1554570
7.4168608780000005,1613530
7.417860878000001,2072814
7.418860878,2074262
7.419860878,1649038
7.420860878000001,1556072
7.421860878,1298060
7.422860878,1144282
7.423860878000001,1083054
7.4248608780000005,1097608
7.425860878,1037882
7.426860878,1036380
7.427860878000001,1037882
7.428860878,1036380
7.429860878,1048720
7.430860878000001,1037882
7.431860878,1036380
7.432860878,1037882
7.433860878000001,1264796
7.434860878,1554570
7.435860878,1709720
7.436860878000001,1556072
7.437860878,1556072
7.438860878,1554570
7.439860878,1665942
7.4408608780000005,1660504
7.441860878,1622542
7.442860878,2074316
7.443860878000001,2145292
7.444860878,2135602
7.445860878,2167032
7.446860878000001,2074262
7.447860878,1854256
7.448860878,1556072
7.449860878000001,1556072
7.450860878,1556072
7.451860878,1663716
7.452860878000001,1554570
7.453860878,1598240
7.454860878,2063748
7.455860878,2074262
7.4568608780000005,1232872
7.457860878,1036380
7.458860878,1037882
7.459860878000001,1036380
7.460860878,1037882
7.461860878,1037882
7.462860878000001,965184
7.463860878,519750
7.464860878,997382
7.465860878000001,1037882
7.466860878,608642
7.467860878,518190
7.468860878000001,518190
7.469860878,519692
7.470860878,529028
7.471860878,518190
7.4728608780000005,518190
7.473860878,519692
7.474860878,518190
7.475860878000001,518190
7.476860878,519692
7.477860878,518190
7.478860878000001,518190
7.479860878,519692
7.480860878,518190
7.481860878000001,518190
7.482860878,518190
7.483860878,519692
7.484860878000001,913328
7.485860878,1174676
7.486860878,1557574
7.487860878,1467786
7.4888608780000006,1037882
7.489860878,1037882
7.490860878,1036380
7.491860878000001,1142780
7.492860878,1037882
7.4938608780000004,1170170
7.494860878000001,1566652
7.495860878,1475296
7.496860878,567690
7.497860878000001,518190
7.498860878,519692
7.499860878,518190
7.500860878000001,518190
7.5018608780000005,626092
7.502860878,518190
7.503860878,518190
7.504860878000001,844236
7.505860878,627234
7.506860878,243656
7.507860878000001,0
7.508860878,58
7.5098608780000005,1186
7.510860878000001,0
7.511860878,0
7.512860878,0
7.513860878000001,58
7.514860878,106342
7.515860878,0
7.516860878000001,0
7.5178608780000005,0
7.518860878,0
7.519860878,0
7.520860878000001,0
7.521860878,10838
7.522860878,10838
7.523860878000001,15190
7.524860878,509186
7.5258608780000005,518190
7.526860878000001,579884
7.527860878,1034878
7.528860878,1039986
7.529860878000001,519746
7.530860878,518248
7.531860878,1003390
7.532860878000001,1037882
7.5338608780000005,602634
7.534860878,518190
7.535860878,518190
7.536860878000001,603916
7.537860878,1036380
7.538860878,1036380
7.539860878000001,1037882
7.540860878,1125110
7.5418608780000005,1055552
7.542860878000001,1048720
7.543860878,1037882
7.544860878,1029458
7.545860878000001,518244
7.546860878,626092
7.547860878,518190
7.548860878000001,529028
7.5498608780000005,518190
7.550860878,519692
7.551860878,624590
7.552860878000001,518190
7.553860878,519692
7.554860878,518190
7.555860878000001,518190
7.556860878,519692
7.557860878,419958
7.558860878000001,10838
7.559860878,0
7.560860878,0
7.561860878000001,0
7.562860878,0
7.563860878,0
7.564860878,0
7.5658608780000005,0
7.566860878,0
7.567860878,0
7.568860878000001,1244
7.569860878,0
7.570860878,15132
7.571860878000001,91268
7.572860878,0
7.573860878,10838
7.574860878000001,10838
7.575860878,10838
7.576860878,1244
7.577860878000001,58
7.578860878,483698
7.579860878,530530
7.580860878,120604
7.5818608780000005,515186
7.582860878,518190
7.583860878,518190
7.584860878000001,519692
7.585860878,518190
7.586860878,518190
7.587860878000001,518190
7.588860878,594904
7.589860878,1036380
7.590860878000001,1012626
7.591860878,519746
7.592860878,518190
7.593860878000001,518190
7.594860878,959648
7.595860878,1037882
7.596860878,1036380
7.5978608780000005,1037882
7.598860878,1048666
7.599860878,1036434
7.600860878000001,1036380
7.601860878,993410
7.602860878,518244
7.603860878000001,518248
7.604860878,528970
7.605860878,519692
7.606860878000001,529028
7.607860878,518190
7.608860878,620438
7.609860878000001,1036380
7.610860878,987146
7.611860878,519692
7.612860878,518190
7.6138608780000006,624590
7.614860878,519692
7.615860878,169124
7.616860878000001,15132
7.617860878,91268
7.6188608780000004,42168
7.619860878000001,64232
7.620860878,0
7.621860878,46674
7.622860878000001,516688
7.623860878,518190
7.624860878,6340
7.625860878000001,121532
7.6268608780000005,91268
7.627860878,58
7.628860878,10780
7.629860878000001,0
7.630860878,0
7.631860878,0
7.632860878000001,0
7.633860878,0
7.6348608780000005,0
7.635860878000001,0
7.636860878,10838
7.637860878,0
7.638860878000001,0
7.639860878,0
7.640860878,402648
7.641860878000001,895304
7.6428608780000005,1036380
7.643860878,712280
7.644860878,519692
7.645860878000001,518190
7.646860878,518190
7.647860878,519692
7.648860878000001,518190
7.649860878,518190
7.6508608780000005,518190
7.651860878000001,519692
7.652860878,524310
7.653860878,618470
7.654860878000001,519692
7.655860878,518190
7.656860878,518190
7.657860878000001,519692
7.6588608780000005,518190
7.659860878,820204
7.660860878,1036380
7.661860878000001,369222
7.662860878,0
7.663860878,10838
7.664860878000001,0
7.665860878,0
7.6668608780000005,0
7.667860878000001,0
7.668860878,55686
7.669860878,157114
7.670860878000001,0
7.671860878,87228
7.672860878,19172
7.673860878000001,0
7.6748608780000005,0
7.675860878,0
7.676860878,0
7.677860878000001,58
7.678860878,10780
7.679860878,0
7.680860878000001,212800
7.681860878,0
7.682860878,0
7.683860878000001,0
7.684860878,0
7.685860878,0
7.686860878000001,0
7.687860878,315532
7.688860878,518190
7.689860878,360628
7.6908608780000005,10780
7.691860878,0
7.692860878,30152
7.693860878000001,621586
7.694860878,518190
7.695860878,742100
7.696860878000001,1036380
7.697860878,865484
7.698860878,518190
7.699860878000001,518190
7.700860878,519692
7.701860878,519434
7.702860878000001,518190
7.703860878,519692
7.704860878,624590
7.705860878,529028
7.7068608780000005,518190
7.707860878,626092
7.708860878,518190
7.709860878000001,519434
7.710860878,520940
7.711860878,992930
7.712860878000001,1036380
7.713860878,573494
7.714860878,0
7.715860878000001,0
7.716860878,0
7.717860878,0
7.718860878000001,0
7.719860878,0
7.720860878,10838
7.721860878,0
7.7228608780000005,0
7.723860878,0
7.724860878,0
7.725860878000001,264788
7.726860878,529028
7.727860878,316996
7.728860878000001,0
7.729860878,106400
7.730860878,106400
7.731860878000001,58
7.732860878,594958
7.733860878,1080050
7.734860878000001,1488814
7.735860878,1036438
7.736860878,1000718
7.737860878,1126612
7.7388608780000006,1208052
7.739860878,1075078
7.740860878,1037882
7.741860878000001,1089062
7.742860878,1091600
7.7438608780000004,1037882
7.744860878000001,1036380
7.745860878,1037882
7.746860878,1036380
7.747860878000001,1037882
7.748860878,1048666
7.749860878,1036434
7.750860878000001,1037882
7.7518608780000005,1037882
7.752860878,1037624
7.753860878,537114
7.754860878000001,530530
7.755860878,808188
7.756860878,1036380
7.757860878000001,808732
7.758860878,416954
7.7598608780000005,0
7.760860878000001,0
7.761860878,0
7.762860878,0
7.763860878000001,106400
7.764860878,258456
7.765860878,518190
7.766860878000001,311246
7.7678608780000005,0
7.768860878,0
7.769860878,10838
7.770860878000001,21734
7.771860878,117126
7.772860878,10892
7.773860878000001,0
7.774860878,428182
7.7758608780000005,518190
7.776860878000001,247866
7.777860878,1298
7.778860878,0
7.779860878000001,0
7.780860878,0
7.781860878,0
7.782860878000001,94738
7.7838608780000005,566366
7.784860878,576414
7.785860878,530530
7.786860878000001,518190
7.787860878,518190
7.788860878,518190
7.789860878000001,519692
7.790860878,518190
7.7918608780000005,518190
7.792860878000001,530530
7.793860878,518190
7.794860878,518190
7.795860878000001,520882
7.796860878,518244
7.797860878,518190
7.798860878000001,519692
7.7998608780000005,674268
7.800860878,574912
7.801860878,518190
7.802860878000001,519692
7.803860878,409444
7.804860878,0
7.805860878000001,0
7.806860878,0
7.8078608780000005,12082
7.808860878000001,10838
7.809860878,0
7.810860878,0
7.811860878000001,0
7.812860878,0
7.813860878,106400
7.814860878,0
7.8158608780000005,0
7.816860878,0
7.817860878,0
7.818860878000001,0
7.819860878,10838
7.820860878,0
7.821860878000001,10838
7.822860878,0
7.823860878,1244
7.824860878000001,0
7.825860878,0
7.826860878,79718
7.827860878000001,26682
7.828860878,0
7.829860878,73710
7.830860878,516688
7.8318608780000005,659490
7.832860878,1037882
7.833860878,946592
7.834860878000001,519692
7.835860878,518190
7.836860878,518190
7.837860878000001,519434
7.838860878,519692
7.839860878,518190
7.840860878000001,573876
7.841860878,570406
7.842860878,518190
7.843860878000001,624590
7.844860878,519692
7.845860878,518190
7.846860878,518190
7.8478608780000005,519692
7.848860878,518190
7.849860878,518248
7.850860878000001,538316
7.851860878,0
7.852860878,0
7.853860878000001,58690
7.854860878,223556
7.855860878,626092
7.856860878000001,518190
7.857860878,529028
7.858860878,519692
7.859860878000001,519434
7.860860878,518190
7.861860878,518190
7.862860878,519692
7.8638608780000006,518190
7.864860878,519434
7.865860878,519692
7.866860878000001,518190
7.867860878,518190
7.8688608780000004,519750
7.869860878000001,624532
7.870860878,660846
7.871860878,631746
7.872860878000001,583924
7.873860878,518190
7.874860878,518248
7.875860878000001,800018
7.8768608780000005,583000
7.877860878,1122022
7.878860878,1509564
7.879860878000001,1554570
7.880860878,1556072
7.881860878,1557574
7.882860878000001,1958720
7.883860878,2075764
7.8848608780000005,2074262
7.885860878000001,2180662
7.886860878,2180662
7.887860878,2086602
7.888860878000001,2074262
7.889860878,2072760
7.890860878,2400308
7.891860878000001,2593954
7.8928608780000005,2424318
7.893860878,2182164
7.894860878,2074262
7.895860878000001,2074262
7.896860878,2085100
7.897860878,2028600
7.898860878000001,1556072
7.899860878,1070324
7.9008608780000005,1037882
7.901860878000001,1036380
7.902860878,1036380
7.903860878,619724
7.904860878000001,518190
7.905860878,518190
7.906860878,563362
7.907860878000001,683168
7.9088608780000005,522342
7.909860878,529028
7.910860878,530530
7.911860878000001,518190
7.912860878,518190
7.913860878,806686
7.914860878000001,1037882
7.915860878,1036380
7.9168608780000005,1037882
7.917860878000001,1144282
7.918860878,1036380
7.919860878,1036380
7.920860878000001,1039384
7.921860878,1036380
7.922860878,1117712
7.923860878000001,2155128
7.9248608780000005,2061022
7.925860878,1568208
7.926860878,1556072
7.927860878000001,1566910
7.928860878,1556072
7.929860878,1554570
7.930860878000001,1557574
7.931860878,1565408
7.9328608780000005,1557316
7.933860878000001,1557574
7.934860878,1262904
7.935860878,1037882
7.936860878000001,1037882
7.937860878,1036380
7.938860878,1037882
7.939860878,1037882
7.9408608780000005,1036380
7.941860878,1048720
7.942860878,1047218
7.943860878000001,1118446
7.944860878,538918
7.945860878,518190
7.946860878000001,1021230
7.947860878,1047218
7.948860878,692754
7.949860878000001,519692
7.950860878,518190
7.951860878,529028
7.952860878000001,604240
7.953860878,1040370
7.954860878,1012626
7.955860878,529082
7.9568608780000005,520936
7.957860878,518190
7.958860878,624590
7.959860878000001,519692
7.960860878,519434
7.961860878,518190
7.962860878000001,519692
7.963860878,518190
7.964860878,557354
7.965860878000001,1025866
7.966860878,1037882
7.967860878,1036380
7.968860878000001,1036380
7.969860878,1039384
7.970860878,1249180
7.971860878,1095070
7.9728608780000005,1085592
7.973860878,1037882
7.974860878,1036380
7.975860878000001,1037882
7.976860878,1037882
7.977860878,1036380
7.978860878000001,1036380
7.979860878,1050222
7.980860878,1036380
7.981860878000001,1036380
7.982860878,1050222
7.983860878,1036380
7.984860878000001,1099576
7.985860878,1513414
7.986860878,1026144
7.987860878,518244
7.9888608780000006,518190
7.989860878,519692
7.990860878,518190
7.991860878000001,542334
7.992860878,1033376
7.9938608780000004,1036380
7.994860878000001,1037882
7.995860878,1048720
7.996860878,1036380
7.997860878000001,1039126
7.998860878,1142726
7.999860878,1037936
8.000860878000001,1039126
8.001860877999999,1036380
8.002860878,1037882
8.003860878,1036380
8.004860877999999,1037882
8.005860878,1037882
8.006860878,1386458
8.007860877999999,1557574
8.008860878,1933186
8.009860878,2193002
8.010860877999999,1756494
8.011860878,1768764
8.012860878,1522534
8.013860878,1037882
8.014860878,1036380
8.015860877999998,1037882
8.016860878,1036380
8.017860878,1037882
8.018860877999998,1037882
8.019860878,1142780
8.020860878,1037882
8.021860877999998,1047218
8.022860878,1037882
8.023860878,1037882
8.024860877999998,1036380
8.025860878,1671950
8.026860878,2072760
8.027860877999998,1816576
8.028860878,1556072
8.029860878000001,1556072
8.030860877999999,1556072
8.031860878,1556072
8.032860878,1556072
8.033860877999999,1673310
8.034860878,1554570
8.035860878,1579250
8.036860877999999,1554570
8.037860878,1556072
8.038860878,1694480
8.039860877999999,2590950
8.040860878,2592452
8.041860878,2811968
8.042860877999999,2768186
8.043860878,2771302
8.044860878,3121932
8.045860878,3122770
8.046860878,2736622
8.047860877999998,2661054
8.048860878,2961944
8.049860878,2569084
8.050860877999998,2385288
8.051860878,2592452
8.052860878,2590216
8.053860877999998,2592452
8.054860878,2399026
8.055860878,2075764
8.056860877999998,2072818
8.057860878,2311956
8.058860878,2593954
8.059860877999999,2417050
8.060860878,1852866
8.061860878000001,1611758
8.062860877999999,2074262
8.063860878,2068532
8.064860878,1557628
8.065860877999999,1556072
8.066860878,1554570
8.067860878,1557574
8.068860877999999,1619268
8.069860878,1597774
8.070860878,1556072
8.071860877999999,1556072
8.072860878,1662472
8.073860878,1581718
8.074860877999999,2069756
8.075860878,2074262
8.076860877999998,2074320
8.077860878,2182106
8.078860878,2147972
8.079860877999998,2603290
8.080860878,2570200
8.081860878,2348998
8.082860877999998,2594008
8.083860878,2593954
8.084860878,2592452
8.085860877999998,2354422
8.086860878,2075764
8.087860878,2074262
8.088860877999998,2074262
8.089860878,2077008
8.090860878,2074262
8.091860877999999,2074262
8.092860878,2074262
8.093860878,2209666
8.094860877999999,2699398
8.095860878,2075764
8.096860878,2074262
8.097860877999999,2074262
8.098860878,2074262
8.099860878,2075764
8.100860877999999,2074262
8.101860878,2074262
8.102860878,2085100
8.103860877999999,2074262
8.104860878,2074262
8.105860878,2075764
8.106860877999999,2074262
8.107860878,2075506
8.108860877999998,2074262
8.109860878,2075764
8.110860878,2074262
8.111860877999998,2074262
8.112860878,2075764
8.113860878,2072760
8.114860877999998,1997058
8.115860878,1556072
8.116860878,1554570
8.117860877999998,1556072
8.118860878,1991522
8.119860878,2074262
8.120860877999998,1796724
8.121860878,1566910
8.122860878000001,1556072
8.123860877999999,1556072
8.124860878,1556072
8.125860878,1556072
8.126860877999999,1554570
8.127860878,1566910
8.128860878,1557574
8.129860877999999,1569702
8.130860878,1647340
8.131860878,1673340
8.132860877999999,2126944
8.133860878,2127980
8.134860878,2085100
8.135860877999999,2178012
8.136860878,2092044
8.137860878,2176368
8.138860878,2075764
8.139860878,2074262
8.140860877999998,2074262
8.141860878,2075764
8.142860878,2074262
8.143860877999998,2095402
8.144860878,2587946
8.145860878,2700708
8.146860877999998,2628832
8.147860878,2535708
8.148860878,2075822
8.149860877999998,2083540
8.150860878,2074262
8.151860878,2075764
8.152860877999998,1942986
8.153860878,1557316
8.154860878000001,1557316
8.155860877999999,1556072
8.156860878,1556072
8.157860878,1920928
8.158860877999999,2085100
8.159860878,1865816
8.160860878,1984478
8.161860877999999,2670526
8.162860878,2306180
8.163860878,1556126
8.164860877999999,1556072
8.165860878,1556072
8.166860878,1556072
8.167860877999999,1556072
8.168860878,1556072
8.169860878,1556072
8.170860878,1556072
8.171860878,1556072
8.172860877999998,1554570
8.173860878,1556072
8.174860878,1557574
8.175860877999998,1554570
8.176860878,1556072
8.177860878,1556072
8.178860877999998,1556072
8.179860878,1862916
8.180860878,2085100
8.181860877999998,1936168
8.182860878,1554570
8.183860878,1566910
8.184860877999999,1563694
8.185860878,2090896
8.186860878000001,2136992
8.187860877999999,1626998
8.188860878,1556072
8.189860878,1556072
8.190860877999999,1566910
8.191860878,1706384
8.192860878,2074262
8.193860877999999,2075506
8.194860878,2568656
8.195860878,3122770
8.196860877999999,3020522
8.197860878,2879334
8.198860878,2931904
8.199860877999999,2936410
8.200860878,2739706
8.201860877999998,2915082
8.202860878,3004000
8.203860878,2789708
8.204860877999998,2853800
8.205860878,2897852
8.206860878,2760676
8.207860877999998,2826230
8.208860878,2743640
8.209860878,2683026
8.210860877999998,2690516
8.211860878,2681544
8.212860878,2640970
8.213860877999998,2266972
8.214860878,2800104
8.215860878,2934980
8.216860877999999,2855442
8.217860878,2010340
8.218860878,2163898
8.219860877999999,1958608
8.220860878,1972126
8.221860878,1906938
8.222860877999999,1502000
8.223860878,1505004
8.224860878,1508066
8.225860877999999,1984196
8.226860878,2029260
8.227860878,1715316
8.228860877999999,1560690
8.229860878,1575244
8.230860878,1518522
8.231860877999999,1520024
8.232860878,1694368
8.233860877999998,2086390
8.234860878,2100944
8.235860878,2347850
8.236860877999998,3077598
8.237860878,2876940
8.238860878,2045778
8.239860877999998,2044222
8.240860878,2045724
8.241860878,2047226
8.242860877999998,2375098
8.243860878,2566918
8.244860878,1839892
8.245860877999998,1542554
8.246860878,1541052
8.247860878000001,1746938
8.248860877999999,2062246
8.249860878,1909374
8.250860878,1544056
8.251860877999999,1544056
8.252860878,1544056
8.253860878,1354202
8.254860877999999,1027368
8.255860878,1036704
8.256860878,1025866
8.257860877999999,1028870
8.258860878,1027368
8.259860878,947048
8.260860877999999,519692
8.261860878,518190
8.262860878,518190
8.263860878,518190
8.264860878,519692
8.265860877999998,519434
8.266860878,518190
8.267860878,620438
8.268860877999998,523844
8.269860878,518190
8.270860878,519692
8.271860877999998,518190
8.272860878,518190
8.273860878,531774
8.274860877999998,518190
8.275860878,518190
8.276860878,519380
8.277860877999998,519746
8.278860878,518190
8.279860878000001,518190
8.280860877999999,570872
8.281860878,1050010
8.282860878,1539550
8.283860877999999,1556072
8.284860878,1195682
8.285860878,1036380
8.286860877999999,1037882
8.287860878,1037882
8.288860878,1478080
8.289860877999999,1972238
8.290860878,1686820
8.291860878,1556072
8.292860877999999,1554570
8.293860878,1557574
8.294860878,1556072
8.295860878,1565466
8.296860878,2032584
8.297860877999998,2182110
8.298860878,1374002
8.299860878,1440530
8.300860877999998,1556072
8.301860878,1705186
8.302860878,1036380
8.303860877999998,1078548
8.304860878,1103616
8.305860878,1051512
8.306860877999998,1529036
8.307860878,1557574
8.308860878,1554570
8.309860877999999,1556072
8.310860878,1557574
8.311860878000001,1565408
8.312860877999999,1637292
8.313860878,1581252
8.314860878,1667332
8.315860877999999,2075506
8.316860878,2120914
8.317860878,1556072
8.318860877999999,1554570
8.319860878,1556072
8.320860878,1139416
8.321860877999999,1036438
8.322860878,1144224
8.323860878,1037882
8.324860877999999,1036380
8.325860878,1145526
8.326860877999998,1032720
8.327860878,519746
8.328860878,518190
8.329860877999998,518190
8.330860878,519692
8.331860878,624536
8.332860877999998,518244
8.333860878,519692
8.334860878,518190
8.335860877999998,518190
8.336860878,519692
8.337860878,518190
8.338860877999998,518190
8.339860878,518190
8.340860878,519692
8.341860877999999,518190
8.342860878,518190
8.343860878,519692
8.344860877999999,545338
8.345860878,1042712
8.346860878,1037882
8.347860877999999,548304
8.348860878,518190
8.349860878,518190
8.350860877999999,519692
8.351860878,518248
8.352860878,1003390
8.353860877999999,1039384
8.354860878,601132
8.355860878,817200
8.356860877999999,1141374
8.357860878,793034
8.358860877999998,518190
8.359860878,883288
8.360860878,1037882
8.361860877999998,1036380
8.362860878,1036380
8.363860878,1039384
8.364860877999998,1036380
8.365860878,1047218
8.366860878,1037882
8.367860877999998,1037882
8.368860878,1036380
8.369860878,1039126
8.370860877999998,1039126
8.371860878,1036380
8.372860878000001,1036380
8.373860877999999,1039384
8.374860878,1036380
8.375860878,1142780
8.376860877999999,1048720
8.377860878,1037882
8.378860878,1036380
8.379860877999999,1037882
8.380860878,765176
8.381860878,518190
8.382860877999999,518190
8.383860878,519692
8.384860878,518190
8.385860877999999,518190
8.386860878,519692
8.387860878,536326
8.388860878,606454
8.389860878,852764
8.390860877999998,1142780
8.391860878,1037882
8.392860878,1037882
8.393860877999998,1036380
8.394860878,1036380
8.395860878,1037882
8.396860877999998,1048720
8.397860878,1142780
8.398860878,1037882
8.399860877999998,1037882
8.400860878,1036380
8.401860878,1037882
8.402860877999998,1037882
8.403860878,1440530
8.404860878000001,1556072
8.405860877999999,1201932
8.406860878,1037882
8.407860878,1036380
8.408860877999999,1048720
8.409860878,1037882
8.410860878,902100
8.411860877999999,518190
8.412860878,578706
8.413860878,1045716
8.414860877999999,1036380
8.415860878,524530
8.416860878,518190
8.417860877999999,604240
8.418860878,549378
8.419860878,519692
8.420860878,519434
8.421860878,518190
8.422860877999998,534824
8.423860878,609458
8.424860878,519434
8.425860877999998,519692
8.426860878,518190
8.427860878,624590
8.428860877999998,578382
8.429860878,1036380
8.430860878,1037940
8.431860877999998,1153560
8.432860878,1390964
8.433860878,1770970
8.434860877999999,1771190
8.435860878,1392686
8.436860878000001,1036380
8.437860877999999,1037882
8.438860878,1075544
8.439860878,1551566
8.440860877999999,1622272
8.441860878,1093434
8.442860878,1063852
8.443860877999999,1129150
8.444860878,1036380
8.445860878,1099576
8.446860877999999,1569702
8.447860878,1637104
8.448860878,1048774
8.449860877999999,1047218
8.450860878,1037882
8.451860877999998,1036380
8.452860878,1037882
8.453860878,1037882
8.454860877999998,1036380
8.455860878,1037882
8.456860878,1037624
8.457860877999998,1037882
8.458860878,1037882
8.459860878,1036380
8.460860877999998,1037940
8.461860878,1037566
8.462860878,1037882
8.463860877999998,1037882
8.464860878,1036380
8.465860878,1037882
8.466860877999999,1037882
8.467860878,1036380
8.468860878,1037882
8.469860877999999,1036380
8.470860878,1212226
8.471860878,1556072
8.472860877999999,1431738
8.473860878,1037882
8.474860878,1058002
8.475860877999999,1037936
8.476860878,1037882
8.477860878,1036380
8.478860877999999,1037882
8.479860878,1036380
8.480860878,1037882
8.481860877999999,1266298
8.482860878,1556072
8.483860877999998,1625276
8.484860878,2167498
8.485860878,2176138
8.486860877999998,2044330
8.487860878,2074262
8.488860878,1732250
8.489860877999998,1567734
8.490860878,1565408
8.491860878,1556072
8.492860877999998,1556072
8.493860878,1556072
8.494860878,1556072
8.495860877999998,1556072
8.496860878,1556072
8.497860878000001,1554570
8.498860877999999,1510298
8.499860878,1037882
8.500860878,1036380
8.501860877999999,1037882
8.502860878,1036380
8.503860878,1144282
8.504860877999999,1037882
8.505860878,1036380
8.506860878,1037882
8.507860877999999,1037882
8.508860878,1036380
8.509860878,1037882
8.510860877999999,1104082
8.511860878,1076580
8.512860878,1037882
8.513860878,1036380
8.514860878,1039126
8.515860877999998,1036380
8.516860878,1037882
8.517860878,1037882
8.518860877999998,1036380
8.519860878,1037882
8.520860878,1036380
8.521860877999998,1037882
8.522860878,1037882
8.523860878,1036380
8.524860877999998,1037882
8.525860878,1036380
8.526860878,1353414
8.527860877999998,1574208
8.528860878,1819366
8.529860878000001,1753740
8.530860877999999,1075764
8.531860878,1036380
8.532860878,1431518
8.533860877999999,1554570
8.534860878,1557574
8.535860878,1556072
8.536860877999999,1554570
8.537860878,1662472
8.538860878,1598240
8.539860877999999,2076088
8.540860878,2343232
8.541860878,2092618
8.542860877999999,1867642
8.543860878,1554570
8.544860878,1557574
8.545860878,1556072
8.546860878,1554570
8.547860877999998,1557574
8.548860878,1554570
8.549860878,1556072
8.550860877999998,1556072
8.551860878,1566968
8.552860878,2050284
8.553860877999998,1665116
8.554860878,1556072
8.555860878,1557574
8.556860877999998,1554570
8.557860878,1556072
8.558860878,1556072
8.559860877999999,1557316
8.560860878,1556072
8.561860878000001,1556072
8.562860877999999,1566856
8.563860878,1556126
8.564860878,1556072
8.565860877999999,1556072
8.566860878,1554570
8.567860878,1663716
8.568860877999999,1557574
8.569860878,1569702
8.570860878,1647340
8.571860877999999,1556072
8.572860878,1556072
8.573860878,1047794
8.574860877999999,1036380
8.575860878,1037882
8.576860878,1036380
8.577860878,1037882
8.578860878,1037882
8.579860877999998,1047218
8.580860878,1037882
8.581860878,1036380
8.582860877999998,1037882
8.583860878,1037882
8.584860878,1210724
8.585860877999998,1563178
8.586860878,1660600
8.587860878,1554570
8.588860877999998,1566856
8.589860878,1635844
8.590860878,2074262
8.591860877999999,2046002
8.592860878,1556126
8.593860878,1556072
8.594860877999999,1554570
8.595860878,1556072
8.596860878,1557574
8.597860877999999,1554628
8.598860878,1566910
8.599860878,1566852
8.600860877999999,1577212
8.601860878,1641332
8.602860878,1557316
8.603860877999999,1556072
8.604860878,1599742
8.605860878,1428948
8.606860877999999,1037882
8.607860878,1036380
8.608860877999998,1037882
8.609860878,1053014
8.610860878,1127648
8.611860877999998,1037882
8.612860878,1036380
8.613860878,1037882
8.614860877999998,1037882
8.615860878,1036380
8.616860878,1037940
8.617860877999998,1411676
8.618860878,1556072
8.619860878,1234718
8.620860877999998,1036380
8.621860878,1037882
8.622860878000001,1036380
8.623860877999999,1037882
8.624860878,1037882
8.625860878,1036380
8.626860877999999,1037882
8.627860878,1036380
8.628860878,1037882
8.629860877999999,1037882
8.630860878,1036380
8.631860878,1368434
8.632860877999999,1554570
8.633860878,1336966
8.634860878,1554570
8.635860877999999,1556072
8.636860878,1557316
8.637860878,1554570
8.638860878,1351086
8.639860878,1039126
8.640860877999998,1047218
8.641860878,1144282
8.642860878,1037882
8.643860877999998,1036380
8.644860878,1047218
8.645860878,1063852
8.646860877999998,1541052
8.647860878,1554570
8.648860878,1822038
8.649860877999998,2074262
8.650860878,1861052
8.651860878,1556072
8.652860877999998,1556072
8.653860878,1556072
8.654860878000001,1483374
8.655860877999999,1047218
8.656860878,1039384
8.657860878,1036380
8.658860877999999,1037624
8.659860878,1039384
8.660860878,1473898
8.661860877999999,1556072
8.662860878,1556072
8.663860878,1607252
8.664860877999999,1611292
8.665860878,1556072
8.666860878,1541898
8.667860877999999,1194256
8.668860878,1556072
8.669860878,1609086
8.670860878,1556072
8.671860878,1446758
8.672860877999998,1037882
8.673860878,1036380
8.674860878,1497364
8.675860877999998,1556072
8.676860878,1298172
8.677860878,1548562
8.678860877999998,1566910
8.679860878,1050230
8.680860878,1036380
8.681860877999998,1037882
8.682860878,1037882
8.683860878,1036380
8.684860877999999,1037882
8.685860878,1037882
8.686860878000001,1419502
8.687860877999999,1663920
8.688860878,1223014
8.689860878,1036380
8.690860877999999,1036380
8.691860878,661668
8.692860878,518190
8.693860877999999,518190
8.694860878,519692
8.695860878,635200
8.696860877999999,1037882
8.697860878,972126
8.698860878,584390
8.699860877999999,1036380
8.700860878,1036380
8.701860878,1037882
8.702860878,1036380
8.703860878,1037940
8.704860877999998,1048662
8.705860878,1142780
8.706860878,1037882
8.707860877999998,1048720
8.708860878,1036380
8.709860878,1039126
8.710860877999998,1037882
8.711860878,1036380
8.712860878,1037882
8.713860877999998,1047218
8.714860878,1037882
8.715860878,1142780
8.716860877999999,1037882
8.717860878,1037882
8.718860878,1036380
8.719860877999999,957674
8.720860878,626092
8.721860878,518190
8.722860877999999,518190
8.723860878,590398
8.724860878,1037882
8.725860877999999,1015630
8.726860878,518244
8.727860878,519692
8.728860877999999,518190
8.729860878,518190
8.730860878,519692
8.731860877999999,518190
8.732860878,518190
8.733860877999998,519692
8.734860878,518190
8.735860878,624590
8.736860877999998,518190
8.737860878,626092
8.738860878,518190
8.739860877999998,518190
8.740860878,534824
8.741860878,1019858
8.742860877999998,1036380
8.743860878,572594
8.744860878,518190
8.745860877999998,518190
8.746860878,518190
8.747860878000001,519692
8.748860877999999,518248
8.749860878,1010900
8.750860878,1037882
8.751860877999999,595124
8.752860878,518190
8.753860878,519692
8.754860877999999,518190
8.755860878,624590
8.756860878,529028
8.757860877999999,519692
8.758860878,572374
8.759860878,1080050
8.760860877999999,1097886
8.761860878,518244
8.762860878,519434
8.763860878,519692
8.764860878,518190
8.765860877999998,518190
8.766860878,530530
8.767860878,518190
8.768860877999998,518190
8.769860878,518190
8.770860878,519692
8.771860877999998,569370
8.772860878,573410
8.773860878,519692
8.774860877999998,518190
8.775860878,518190
8.776860878,519692
8.777860877999998,518190
8.778860878,518190
8.779860878000001,529028
8.780860877999999,530530
8.781860878,518190
8.782860878,544160
8.783860877999999,1222740
8.784860878,1556072
8.785860878,937912
8.786860877999999,519692
8.787860878,518190
8.788860878,518190
8.789860877999999,519692
8.790860878,518190
8.791860878,561860
8.792860877999999,580920
8.793860878,519692
8.794860878,518190
8.795860878,518190
8.796860878,519692
8.797860877999998,518190
8.798860878,518190
8.799860878,519692
8.800860877999998,823532
8.801860878,1037882
8.802860878,791886
8.803860877999998,519692
8.804860878,518190
8.805860878,730990
8.806860877999998,626092
8.807860878,518190
8.808860878,518190
8.809860877999999,519692
8.810860878,518190
8.811860878000001,895304
8.812860877999999,1037882
8.813860878,808520
8.814860878,572020
8.815860877999999,1031874
8.816860878,1144282
8.817860878,1037882
8.818860877999999,1036380
8.819860878,1037882
8.820860878,1037882
8.821860877999999,1037624
8.822860878,1037882
8.823860878,1036380
8.824860877999999,1037882
8.825860878,1036380
8.826860878,1356418
8.827860878,1557574
8.828860878,1286044
8.829860877999998,1037882
8.830860878,1037882
8.831860878,1036380
8.832860877999998,1037882
8.833860878,1036380
8.834860878,1039126
8.835860877999998,981706
8.836860878,519692
8.837860878,518190
8.838860877999998,518190
8.839860878,519692
8.840860878,518190
8.841860877999999,518190
8.842860878,519692
8.843860878,518190
8.844860877999999,518190
8.845860878,519692
8.846860878,529028
8.847860877999999,518190
8.848860878,518190
8.849860878,519692
8.850860877999999,518190
8.851860878,518190
8.852860878,593402
8.853860877999999,1036380
8.854860878,1014128
8.855860878,519746
8.856860877999999,518190
8.857860878,519434
8.858860877999998,518190
8.859860878,519692
8.860860878,518190
8.861860877999998,529028
8.862860878,561860
8.863860878,582422
8.864860877999998,518190
8.865860878,837970
8.866860878,1036380
8.867860877999998,1036380
8.868860878,1053014
8.869860878,1072920
8.870860877999998,988370
8.871860878,1037882
8.872860878000001,618844
8.873860877999999,519488
8.874860878,518190
8.875860878,519692
8.876860877999999,518190
8.877860878,518190
8.878860878,519692
8.879860877999999,518190
8.880860878,518190
8.881860878,519692
8.882860877999999,591900
8.883860878,550880
8.884860878,518190
8.885860877999999,730084
8.886860878,705338
8.887860878,359310
8.888860878,0
8.889860878,52682
8.890860877999998,516688
8.891860878,529306
8.892860878,10892
8.893860877999998,10838
8.894860878,0
8.895860878,0
8.896860877999998,0
8.897860878,0
8.898860878,58
8.899860877999998,10780
8.900860878,0
8.901860878,0
8.902860877999998,0
8.903860878,0
8.904860878000001,0
8.905860877999999,88730
8.906860878,17670
8.907860878,0
8.908860877999999,0
8.909860878,0
8.910860878,0
8.911860877999999,0
8.912860878,0
8.913860878,52682
8.914860877999999,688028
8.915860878,1038160
8.916860878,396914
8.917860877999999,0
8.918860878,10838
8.919860878,0
8.920860878,0
8.921860878,0
8.922860877999998,106400
8.923860878,0
8.924860878,0
8.925860877999998,0
8.926860878,0
8.927860878,0
8.928860877999998,1244
8.929860878,0
8.930860878,0
8.931860877999998,170274
8.932860878,585426
8.933860878,518190
8.934860877999999,519692
8.935860878,518190
8.936860878000001,518190
8.937860877999999,641224
8.938860878,1028870
8.939860878,1036380
8.940860877999999,563324
8.941860878,789098
8.942860878,1556072
8.943860877999999,1445646
8.944860878,577970
8.945860878,518190
8.946860877999999,518190
8.947860878,626092
8.948860878,518190
8.949860877999999,518190
8.950860878,519692
8.951860878,518190
8.952860878,394748
8.953860878,0
8.954860877999998,117238
8.955860878,0
8.956860878,0
8.957860877999998,0
8.958860878,0
8.959860878,0
8.960860877999998,0
8.961860878,187974
8.962860878,609458
8.963860877999998,515342
8.964860878,0
8.965860878,0
8.966860877999999,0
8.967860878,0
8.968860878,0
8.969860877999999,0
8.970860878,0
8.971860878,0
8.972860877999999,0
8.973860878,10838
8.974860878,0
8.975860877999999,1244
8.976860878,0
8.977860878,0
8.978860877999999,0
8.979860878,324544
8.980860878,518190
8.981860877999999,245158
8.982860878,0
8.983860877999998,0
8.984860878,10838
8.985860878,15132
8.986860877999998,563362
8.987860878,1034878
8.988860878,562358
8.989860877999998,54
8.990860878,0
8.991860878,335058
8.992860877999998,518190
8.993860878,249776
8.994860878,91268
8.995860877999998,117296
8.996860878,106342
8.997860878000001,0
8.998860877999999,0
8.999860878,0
9.000860878,0
9.001860877999999,0
9.002860878,0
9.003860878,0
9.004860877999999,0
9.005860878,15132
9.006860878,91268
9.007860877999999,0
9.008860878,0
9.009860878,0
9.010860877999999,58
9.011860878,467176
9.012860878,518190
9.013860878,102468
9.014860878,0
9.015860877999998,0
9.016860878,0
9.017860878,106400
9.018860877999998,0
9.019860878,0
9.020860878,0
9.021860877999998,0
9.022860878,0
9.023860878,0
9.024860877999998,0
9.025860878,0
9.026860878,54184
9.027860877999998,516688
9.028860878,516966
9.029860878000001,54
9.030860877999999,1244
9.031860878,106400
9.032860878,0
9.033860877999999,0
9.034860878,45172
9.035860878,61228
9.036860877999999,0
9.037860878,0
9.038860878,0
9.039860877999999,0
9.040860878,1190
9.041860878,45226
9.042860877999999,219050
9.043860878,529028
9.044860878,518190
9.045860878,519692
9.046860878,518190
9.047860877999998,518190
9.048860878,519692
9.049860878,518190
9.050860877999998,624590
9.051860878,519692
9.052860878,518190
9.053860877999998,518190
9.054860878,518190
9.055860878,519692
9.056860877999998,518190
9.057860878,558856
9.058860878,596264
9.059860877999999,518190
9.060860878,518190
9.061860878000001,530530
9.062860877999999,529028
9.063860878,624590
9.064860878,529028
9.065860877999999,519692
9.066860878,518190
9.067860878,518190
9.068860877999999,530530
9.069860878,518190
9.070860878,518190
9.071860877999999,519692
9.072860878,518190
9.073860878,518190
9.074860877999999,519692
9.075860878,665822
9.076860878,1036380
9.077860878,1084556
9.078860878,1310858
9.079860877999998,1605284
9.080860878,1449762
9.081860878,1037882
9.082860877999998,1116098
9.083860878,1064564
9.084860878,1493100
9.085860877999998,1556072
9.086860878,1556072
9.087860878,1660970
9.088860877999998,1773974
9.089860878,2074262
9.090860878,2121862
9.091860877999999,1557628
9.092860878,1556072
9.093860878,1554570
9.094860877999999,1557316
9.095860878,1607252
9.096860878,1920456
9.097860877999999,1556072
9.098860878,1039716
9.099860878,1037882
9.100860877999999,1142780
9.101860878,1037882
9.102860878,1144228
9.103860877999999,1036434
9.104860878,1110202
9.105860878,1597850
9.106860877999999,1550342
9.107860878,1037936
9.108860877999998,1144282
9.109860878,1036380
9.110860878,1036380
9.111860877999998,1039384
9.112860878,1036380
9.113860878,1036380
9.114860877999998,1037882
9.115860878,1037882
9.116860878,1036380
9.117860877999998,1048720
9.118860878,1037882
9.119860878,1036380
9.120860877999998,1037882
9.121860878,1037882
9.122860878000001,1036380
9.123860877999999,1036380
9.124860878,1037882
9.125860878,1024952
9.126860877999999,518244
9.127860878,626446
9.128860878,1036380
9.129860877999999,981138
9.130860878,519692
9.131860878,518190
9.132860877999999,518190
9.133860878,518190
9.134860878,519692
9.135860877999999,518190
9.136860878,518248
9.137860878,1003390
9.138860878,1036438
9.139860878,1145022
9.140860877999998,1554570
9.141860878,1118098
9.142860878,518244
9.143860877999998,567868
9.144860878,652274
9.145860878,570406
9.146860877999998,518190
9.147860878,626092
9.148860878,518190
9.149860877999998,518190
9.150860878,519692
9.151860878,614754
9.152860877999998,645264
9.153860878,520936
9.154860878000001,518190
9.155860877999999,624590
9.156860878,518190
9.157860878,519692
9.158860877999999,518190
9.159860878,558856
9.160860878,1036650
9.161860877999999,1037936
9.162860878,550388
9.163860878,519692
9.164860877999999,518190
9.165860878,518190
9.166860878,518190
9.167860877999999,519692
9.168860878,518190
9.169860878,518190
9.170860878,519692
9.171860878,518190
9.172860877999998,518190
9.173860878,519692
9.174860878,518190
9.175860877999998,518190
9.176860878,519692
9.177860878,518190
9.178860877999998,518190
9.179860878,676012
9.180860878,1037882
9.181860877999998,1037882
9.182860878,1036380
9.183860878,1037882
9.184860877999999,1314362
9.185860878,1556072
9.186860878000001,1340440
9.187860877999999,1048720
9.188860878,1036380
9.189860878,1142780
9.190860877999999,1145784
9.191860878,1036380
9.192860878,1036380
9.193860877999999,1037882
9.194860878,1048666
9.195860878,1036434
9.196860877999999,1037882
9.197860878,1037882
9.198860878,1036380
9.199860877999999,1037882
9.200860878,864550
9.201860878,585892
9.202860878,1142780
9.203860878,1021638
9.204860877999998,518244
9.205860878,518190
9.206860878,519692
9.207860877999998,529028
9.208860878,518190
9.209860878,519692
9.210860877999998,537828
9.211860878,604952
9.212860878,624590
9.213860877999998,519692
9.214860878,518190
9.215860878,569370
9.216860877999999,2153750
9.217860878,2966450
9.218860878000001,2699094
9.219860877999999,2676564
9.220860878,2652644
9.221860878,2548894
9.222860877999999,2606444
9.223860878,2603460
9.224860878,2624962
9.225860877999999,2393464
9.226860878,2297192
9.227860878,2169836
9.228860877999999,2486264
9.229860878,2572846
9.230860878,1500228
9.231860877999999,518190
9.232860878,520936
9.233860877999998,518190
9.234860878,518190
9.235860878,519692
9.236860877999998,719894
9.237860878,1036380
9.238860878,897026
9.239860877999998,519692
9.240860878,518190
9.241860878,582888
9.242860877999998,1036380
9.243860878,1048720
9.244860878,1036380
9.245860877999998,1418000
9.246860878,1557574
9.247860878000001,1224462
9.248860877999999,1059504
9.249860878,1037936
9.250860878,1037624
9.251860877999999,1036380
9.252860878,1037882
9.253860878,1037882
9.254860877999999,1037570
9.255860878,1037936
9.256860878,793844
9.257860877999999,518190
9.258860878,518190
9.259860878,519692
9.260860877999999,545338
9.261860878,612574
9.262860878,532254
9.263860878,0
9.264860878,0
9.265860877999998,0
9.266860878,0
9.267860878,0
9.268860877999998,0
9.269860878,0
9.270860878,106346
9.271860877999998,54
9.272860878,0
9.273860878,0
9.274860877999998,15132
9.275860878,91268
9.276860878,58
9.277860877999998,462670
9.278860878,519692
9.279860878000001,529028
9.280860877999999,518190
9.281860878,518190
9.282860878,519692
9.283860877999999,615932
9.284860878,526906
9.285860878,520878
9.286860877999999,518190
9.287860878,519434
9.288860878,519692
9.289860877999999,518190
9.290860878,518190
9.291860878,626092
9.292860877999999,581386
9.293860878,1036380
9.294860878,1036380
9.295860878,1037882
9.296860878,1037882
9.297860877999998,1110090
9.298860878,698734
9.299860878,519692
9.300860877999998,518190
9.301860878,518190
9.302860878,624590
9.303860877999998,519692
9.304860878,991756
9.305860878,1047218
9.306860877999998,626666
9.307860878,518190
9.308860878,518190
9.309860877999999,519692
9.310860878,529028
9.311860878000001,518190
9.312860877999999,519692
9.313860878,451770
9.314860878,54
9.315860877999999,0
9.316860878,0
9.317860878,0
9.318860877999999,0
9.319860878,0
9.320860878,0
9.321860877999999,1244
9.322860878,0
9.323860878,0
9.324860877999999,0
9.325860878,0
9.326860878,0
9.327860878,0
9.328860878,1244
9.329860877999998,0
9.330860878,0
9.331860878,0
9.332860877999998,0
9.333860878,55686
9.334860878,531820
9.335860877999998,1107010
9.336860878,518244
9.337860878,69424
9.338860877999998,0
9.339860878,0
9.340860878,0
9.341860877999999,0
9.342860878,0
9.343860878000001,0
9.344860877999999,66200
9.345860878,40200
9.346860878,0
9.347860877999999,318536
9.348860878,518190
9.349860878,518190
9.350860877999999,530530
9.351860878,518190
9.352860878,579884
9.353860877999999,564398
9.354860878,624590
9.355860878,519434
9.356860877999999,632512
9.357860878,1064714
9.358860877999998,1223534
9.359860878,1036380
9.360860878,1037882
9.361860877999998,1141632
9.362860878,1039030
9.363860878,1101078
9.364860877999998,1081086
9.365860878,1036380
9.366860878,1048720
9.367860877999998,1036380
9.368860878,705338
9.369860878,529028
9.370860877999998,518190
9.371860878,519692
9.372860878000001,518190
9.373860877999999,624590
9.374860878,519692
9.375860878,519434
9.376860877999999,518190
9.377860878,402258
9.378860878,0
9.379860877999999,0
9.380860878,405652
9.381860878,832602
9.382860877999999,1198982
9.383860878,1476578
9.384860878,1146116
9.385860877999999,755542
9.386860878,518244
9.387860878,519692
9.388860878,518190
9.389860878,518190
9.390860877999998,519692
9.391860878,518190
9.392860878,518190
9.393860877999998,519692
9.394860878,518190
9.395860878,931352
9.396860877999998,1037882
9.397860878,674730
9.398860878,907320
9.399860877999998,1036380
9.400860878,700264
9.401860878,518190
9.402860877999998,250232
9.403860878,0
9.404860878000001,154576
9.405860877999999,516688
9.406860878,518190
9.407860878,4838
9.408860877999999,0
9.409860878,0
9.410860878,0
9.411860877999999,0
9.412860878,0
9.413860878,0
9.414860877999999,0
9.415860878,0
9.416860878,0
9.417860877999999,0
9.418860878,0
9.419860878,0
9.420860878,0
9.421860878,0
9.422860877999998,0
9.423860878,72208
9.424860878,518190
9.425860877999998,821984
9.426860878,519488
9.427860878,245158
9.428860877999998,10838
9.429860878,0
9.430860878,0
9.431860877999998,0
9.432860878,106400
9.433860878,0
9.434860877999999,42168
9.435860878,515186
9.436860878000001,518190
9.437860877999999,12348
9.438860878,0
9.439860878,0
9.440860877999999,0
9.441860878,0
9.442860878,0
9.443860877999999,0
9.444860878,0
9.445860878,0
9.446860877999999,0
9.447860878,0
9.448860878,0
9.449860877999999,214898
9.450860878,518190
9.451860878,518190
9.452860878,519692
9.453860878,518190
9.454860877999998,529028
9.455860878,545662
9.456860878,620296
9.457860877999998,518190
9.458860878,518190
9.459860878,519692
9.460860877999998,518190
9.461860878,518190
9.462860878,519692
9.463860877999998,518190
9.464860878,518190
9.465860878,626092
9.466860877999999,624590
9.467860878,518190
9.468860878000001,530530
9.469860877999999,518190
9.470860878,395684
9.471860878,0
9.472860877999999,0
9.473860878,15132
9.474860878,506174
9.475860877999999,518190
9.476860878,48396
9.477860878,0
9.478860877999999,15132
9.479860878,500166
9.480860878,518190
9.481860877999999,54404
9.482860878,0
9.483860877999998,58
9.484860878,10780
9.485860878,0
9.486860877999998,0
9.487860878,107644
9.488860878,0
9.489860877999998,0
9.490860878,0
9.491860878,0
9.492860877999998,0
9.493860878,0
9.494860878,0
9.495860877999998,0
9.496860878,10838
9.497860878000001,0
9.498860877999999,0
9.499860878,0
9.500860878,10838
9.501860877999999,0
9.502860878,0
9.503860878,0
9.504860877999999,58
9.505860878,186060
9.506860878,261106
9.507860877999999,518190
9.508860878,624536
9.509860878,530584
9.510860877999999,654984
9.511860878,1036380
9.512860878,952600
9.513860878,518190
9.514860878,518190
9.515860877999998,518190
9.516860878,519692
9.517860878,529028
9.518860877999998,518190
9.519860878,519692
9.520860878,518190
9.521860877999998,518190
9.522860878,519692
9.523860878,518190
9.524860877999998,518190
9.525860878,530318
9.526860878,1006340
9.527860877999998,787948
9.528860878,70926
9.529860878000001,95120
9.530860877999999,33014
9.531860878,12024
9.532860878,0
9.533860877999999,0
9.534860878,0
9.535860878,117238
9.536860877999999,0
9.537860878,0
9.538860878,0
9.539860877999999,10838
9.540860878,0
9.541860878,10838
9.542860877999999,0
9.543860878,0
9.544860878,0
9.545860878,0
9.546860878,106400
9.547860877999998,10838
9.548860878,0
9.549860878,0
9.550860877999998,0
9.551860878,0
9.552860878,0
9.553860877999998,0
9.554860878,0
9.555860878,0
9.556860877999998,12082
9.557860878,0
9.558860878,0
9.559860877999999,0
9.560860878,0
9.561860878000001,0
9.562860877999999,0
9.563860878,10838
9.564860878,45172
9.565860877999999,61228
9.566860878,0
9.567860878,0
9.568860877999999,0
9.569860878,106400
9.570860878,0
9.571860877999999,0
9.572860878,0
9.573860878,0
9.574860877999999,0
9.575860878,0
9.576860878,0
9.577860878,0
9.578860878,0
9.579860877999998,0
9.580860878,175846
9.581860878,518190
9.582860877999998,393856
9.583860878,0
9.584860878,0
9.585860877999998,1244
9.586860878,0
9.587860878,1244
9.588860877999998,0
9.589860878,0
9.590860878,0
9.591860877999999,61694
9.592860878,44706
9.593860878000001,1190
9.594860877999999,54
9.595860878,10838
9.596860878,0
9.597860877999999,25970
9.598860878,505916
9.599860878,518190
9.600860877999999,518190
9.601860878,519692
9.602860878,518190
9.603860877999999,569370
9.604860878,1034878
9.605860878,1036380
9.606860877999999,521526
9.607860878,518190
9.608860877999998,519692
9.609860878,624590
9.610860878,519380
9.611860877999998,519746
9.612860878,624590
9.613860878,518190
9.614860877999998,519692
9.615860878,518190
9.616860878,518190
9.617860877999998,519692
9.618860878,502514
9.619860878,54
9.620860877999998,0
9.621860878,0
9.622860878000001,0
9.623860877999999,10838
9.624860878,0
9.625860878,0
9.626860877999999,0
9.627860878,0
9.628860878,0
9.629860877999999,0
9.630860878,0
9.631860878,19962
9.632860877999999,1714
9.633860878,0
9.634860878,0
9.635860877999999,49678
9.636860878,516688
9.637860878,518190
9.638860878,3336
9.639860878,0
9.640860877999998,0
9.641860878,0
9.642860878,332054
9.643860877999998,518190
9.644860878,237648
9.645860878,0
9.646860877999998,1244
9.647860878,30152
9.648860878,515186
9.649860877999998,518190
9.650860878,130822
9.651860878,1186
9.652860877999998,0
9.653860878,0
9.654860878000001,0
9.655860877999999,0
9.656860878,0
9.657860878,0
9.658860877999999,0
9.659860878,58
9.660860878,12024
9.661860877999999,0
9.662860878,0
9.663860878,0
9.664860877999999,0
9.665860878,0
9.666860878,10838
9.667860877999999,208890
9.668860878,518190
9.669860878,360812
9.670860878,0
9.671860878,241934
9.672860877999998,811304
9.673860878,895170
9.674860878,518190
9.675860877999998,518190
9.676860878,519692
9.677860878,518190
9.678860877999998,518190
9.679860878,519692
9.680860878,518190
9.681860877999998,624590
9.682860878,519692
9.683860878,518190
9.684860877999999,529028
9.685860878,519692
9.686860878000001,529028
9.687860877999999,518190
9.688860878,518190
9.689860878,760124
9.690860877999999,1037882
9.691860878,845958
9.692860878,530530
9.693860877999999,268256
9.694860878,0
9.695860878,0
9.696860877999999,0
9.697860878,0
9.698860878,0
9.699860877999999,0
9.700860878,25388
9.701860878,524522
9.702860878,541368
9.703860878,30430
9.704860877999998,12024
9.705860878,152816
9.706860878,512182
9.707860877999998,518190
9.708860878,12348
9.709860878,0
9.710860877999998,0
9.711860878,133902
9.712860878,556888
9.713860877999998,503448
9.714860878,54
9.715860878,0
9.716860877999999,0
9.717860878,1244
9.718860878000001,0
9.719860877999999,1244
9.720860878,0
9.721860878,0
9.722860877999999,0
9.723860878,0
9.724860878,0
9.725860877999999,0
9.726860878,0
9.727860878,0
9.728860877999999,10838
9.729860878,106400
9.730860878,0
9.731860877999999,0
9.732860878,0
9.733860877999998,0
9.734860878,0
9.735860878,0
9.736860877999998,0
9.737860878,0
9.738860878,0
9.739860877999998,120596
9.740860878,518190
9.741860878,459944
9.742860877999998,0
9.743860878,0
9.744860878,0
9.745860877999998,0
9.746860878,0
9.747860878000001,0
9.748860877999999,0
9.749860878,0
9.750860878,0
9.751860877999999,0
9.752860878,0
9.753860878,0
9.754860877999999,0
9.755860878,10838
9.756860878,0
9.757860877999999,0
9.758860878,0
9.759860878,0
9.760860877999999,0
9.761860878,0
9.762860878,0
9.763860878,0
9.764860878,136794
9.765860877999998,518190
9.766860878,432908
9.767860878,0
9.768860877999998,42168
9.769860878,64232
9.770860878,0
9.771860877999998,0
9.772860878,0
9.773860878,0
9.774860877999998,0
9.775860878,0
9.776860878,0
9.777860877999998,0
9.778860878,0
9.779860878000001,0
9.780860877999999,0
9.781860878,0
9.782860878,0
9.783860877999999,201380
9.784860878,759866
9.785860878,1048720
9.786860877999999,847460
9.787860878,518190
9.788860878,518190
9.789860877999999,519692
9.790860878,529028
9.791860878,518190
9.792860877999999,695538
9.793860878,1036380
9.794860878,1037882
9.795860878,1037882
9.796860878,1036380
9.797860877999998,1037882
9.798860878,1037882
9.799860878,1036380
9.800860877999998,1036380
9.801860878,1037882
9.802860878,1037882
9.803860877999998,1036380
9.804860878,822494
9.805860878,554350
9.806860877999998,588430
9.807860878,850302
9.808860878,1249122
9.809860877999999,757340
9.810860878,519692
9.811860878000001,518190
9.812860877999999,518190
9.813860878,715964
9.814860878,518190
9.815860877999999,541368
9.816860878,624590
9.817860878,518190
9.818860877999999,518190
9.819860878,519692
9.820860878,518190
9.821860877999999,588896
9.822860878,1360924
9.823860878,1554570
9.824860877999999,1285786
9.825860878,1037882
9.826860878,1036380
9.827860878,1181120
9.828860878,1585758
9.829860877999998,2263738
9.830860878,2607584
9.831860878,2334086
9.832860877999998,2075764
9.833860878,2074262
9.834860878,1672626
9.835860877999998,1556072
9.836860878,1556072
9.837860878,1775476
9.838860877999998,2074262
9.839860878,1906370
9.840860878,1556072
9.841860877999999,1554570
9.842860878,1556072
9.843860878000001,1976744
9.844860877999999,2074262
9.845860878,1705102
9.846860878,1556072
9.847860877999999,1556072
9.848860878,1484876
9.849860878,1037882
9.850860877999999,715852
9.851860878,639722
9.852860878,1031874
9.853860877999999,1173174
9.854860878,1078768
9.855860878,951098
9.856860877999999,781152
9.857860878,1039384
9.858860877999998,823428
9.859860878,518190
9.860860878,695538
9.861860877999998,1047218
9.862860878,1037882
9.863860878,1037882
9.864860877999998,1036380
9.865860878,1037882
9.866860878,1036380
9.867860877999998,1048720
9.868860878,1037882
9.869860878,1036380
9.870860877999998,1037882
9.871860878,1142780
9.872860878000001,1037882
9.873860877999999,1037882
9.874860878,1084556
9.875860878,1250682
9.876860877999999,1096106
9.877860878,1036380
9.878860878,1066532
9.879860877999999,1114130
9.880860878,1037882
9.881860878,1144228
9.882860877999999,1036434
9.883860878,1155120
9.884860878,1036380
9.885860877999999,1327880
9.886860878,1556072
9.887860878,1358252
9.888860878,1548304
9.889860878,1556072
9.890860877999998,1054736
9.891860878,1037882
9.892860878,1116098
9.893860877999998,1064564
9.894860878,1036380
9.895860878,1111592
9.896860877999998,1070572
9.897860878,1036380
9.898860878,1155120
9.899860877999998,1037882
9.900860878,1036380
9.901860878,1037882
9.902860877999998,1036380
9.903860878,1039126
9.904860878000001,1037882
9.905860877999999,1036380
9.906860878,1037882
9.907860878,1036380
9.908860877999999,1037882
9.909860878,1037882
9.910860878,1036380
9.911860877999999,1037882
9.912860878,1036380
9.913860878,1037882
9.914860877999999,1037882
9.915860878,1036380
9.916860878,1048720
9.917860877999999,1036380
9.918860878,1037882
9.919860878,1048720
9.920860878,1036380
9.921860878,1068034
9.922860877999998,1112628
9.923860878,1048720
9.924860878,1037882
9.925860877999998,1036438
9.926860878,1527588
9.927860878,1556072
9.928860877999998,1556072
9.929860878,1556072
9.930860878,1554570
9.931860877999998,1557574
9.932860878,1556072
9.933860878,1554570
9.934860877999999,1631396
9.935860878,2099442
9.936860878000001,2076954
9.937860877999999,1612032
9.938860878,1556072
9.939860878,1739752
9.940860877999999,2180608
9.941860878,1952986
9.942860878,1556072
9.943860877999999,1554570
9.944860878,1557574
9.945860878,1554570
9.946860877999999,1556072
9.947860878,1052300
9.948860878,1036380
9.949860877999999,1037882
9.950860878,1037624
9.951860878,1037882
9.952860878,1037882
9.953860878,1036380
9.954860877999998,1037882
9.955860878,1037882
9.956860878,1047218
9.957860877999998,1037882
9.958860878,1036380
9.959860878,1037882
9.960860877999998,1037882
9.961860878,1036380
9.962860878,1381952
9.963860877999998,1660970
9.964860878,1557574
9.965860878,1556072
9.966860877999999,1660970
9.967860878,1557574
9.968860878000001,1554570
9.969860877999999,1556072
9.970860878,1556072
9.971860878,1556072
9.972860877999999,1556072
9.973860878,1556072
9.974860878,1662472
9.975860877999999,1556072
9.976860878,1554628
9.977860878,2029256
9.978860877999999,2075764
9.979860878,2074004
9.980860878,2074262
9.981860877999999,2509954
9.982860878,2636122
9.983860878,2359372
9.984860878,2075764
9.985860878,2074262
9.986860877999998,2074262
9.987860878,2421336
9.988860878,2592452
9.989860877999998,2296890
9.990860878,2075764
9.991860878,2075506
9.992860877999998,2074262
9.993860878,2075764
9.994860878,2074262
9.995860877999998,2074262
9.996860878,2085100
9.997860878000001,2075764
9.998860877999999,1587012
9.999860878,994324
