time length
0.0 0
2.320000000111122e-06 1
2.320000000111122e-06 0
2.424999999917077e-06 1
2.424999999917077e-06 0
2.925000000431055e-06 1
2.925000000431055e-06 0
3.0500000001154604e-06 1
3.0500000001154604e-06 0
3.1649999998606404e-06 1
3.1649999998606404e-06 0
3.2850000000195223e-06 1
3.2850000000195223e-06 0
3.3349999997156488e-06 1
3.3349999997156488e-06 0
3.43499999999608e-06 1
3.43499999999608e-06 0
3.437000000161561e-06 1
3.437000000161561e-06 0
3.4549999998745307e-06 1
3.4549999998745307e-06 0
3.4849999996922065e-06 1
3.558999999597745e-06 0
3.6349999996687643e-06 1
3.678999999756627e-06 0
3.7050000001315198e-06 1
3.7050000001315198e-06 0
3.985000000206185e-06 1
3.985000000206185e-06 0
4.030000000376788e-06 1
4.030000000376788e-06 0
4.041999999593315e-06 1
4.041999999593315e-06 0
4.0449999998415365e-06 1
4.0449999998415365e-06 0
4.105000000365067e-06 1
4.161999999752197e-06 0
4.165000000000418e-06 1
4.166000000083159e-06 0
4.2049999997573195e-06 1
4.2340000003804334e-06 2
4.255000000341624e-06 3
4.286000000242041e-06 2
4.299999999624049e-06 3
4.329000000247163e-06 4
4.369000000004064e-06 5
4.4060000004009225e-06 4
4.409999999843706e-06 3
4.414000000174667e-06 2
4.41799999961745e-06 1
4.421999999948412e-06 0
4.443999999992343e-06 1
4.443999999992343e-06 0
4.534000000333549e-06 1
4.534000000333549e-06 0
4.57400000009045e-06 1
4.57400000009045e-06 0
4.601999999742645e-06 1
4.601999999742645e-06 0
4.609000000321828e-06 1
4.609000000321828e-06 0
4.613999999847351e-06 1
4.6290000002002785e-06 2
4.68899999983563e-06 3
4.694000000249332e-06 4
4.721999999901527e-06 3
4.726000000232489e-06 2
4.729999999675272e-06 1
4.734000000006233e-06 0
4.74900000035916e-06 1
4.74900000035916e-06 0
4.751999999719203e-06 1
4.751999999719203e-06 0
4.792000000364283e-06 1
4.792000000364283e-06 0
4.792999999558845e-06 1
4.793999999641585e-06 2
4.814999999602776e-06 3
4.8220000001819585e-06 4
4.8670000003525615e-06 5
4.868000000435302e-06 6
4.872999999960825e-06 5
4.875000000126306e-06 6
4.889999999591055e-06 7
4.895000000004757e-06 8
4.926999999987913e-06 9
4.930000000236134e-06 10
4.9339999996789174e-06 11
4.993000000119707e-06 10
4.995000000285188e-06 11
4.99699999956249e-06 10
5.000999999893452e-06 9
5.005000000224413e-06 8
5.009999999749937e-06 9
5.027000000268345e-06 10
5.053999999837799e-06 11
5.089000000069177e-06 12
5.118999999886853e-06 13
5.125000000383295e-06 12
5.13400000023978e-06 13
5.168999999582979e-06 14
5.199000000288834e-06 15
5.244999999653999e-06 14
5.24899999998496e-06 13
5.253000000315922e-06 12
5.256999999758705e-06 11
5.261000000089666e-06 10
5.347000000099911e-06 11
5.348000000182651e-06 12
5.3739999996693655e-06 13
5.381000000248548e-06 12
5.384999999691331e-06 11
5.389000000022293e-06 10
5.404999999569782e-06 11
5.428999999779194e-06 12
5.503999999767473e-06 13
5.504999999850213e-06 14
5.5090000001811745e-06 13
5.552000000186297e-06 14
5.552000000186297e-06 15
5.553000000269037e-06 16
5.564000000291003e-06 17
5.613999999987129e-06 18
5.619000000400831e-06 19
5.6290000003400564e-06 18
5.643999999804805e-06 19
5.649000000218507e-06 20
5.719999999875824e-06 21
5.739999999754275e-06 22
5.741999999919756e-06 23
5.74899999961076e-06 22
5.752999999941721e-06 21
5.757000000272683e-06 20
5.760999999715466e-06 19
5.7650000000464274e-06 18
5.769000000377389e-06 17
5.771999999737432e-06 18
5.772999999820172e-06 19
5.772999999820172e-06 18
5.800000000277805e-06 19
5.802999999637848e-06 20
5.803999999720588e-06 21
5.804999999803329e-06 22
5.819000000073515e-06 23
5.859999999913157e-06 24
5.868999999769642e-06 25
5.869999999852382e-06 26
5.8709999999351226e-06 27
5.892999999979054e-06 26
5.897000000310015e-06 25
5.898999999587318e-06 26
5.9009999997527984e-06 25
5.90500000008376e-06 24
5.909000000414721e-06 23
5.920000000436687e-06 24
5.930000000375912e-06 25
5.931999999653215e-06 26
5.9820000002375195e-06 27
5.998999999867749e-06 28
6.028999999685425e-06 27
6.033000000016386e-06 26
6.037000000347348e-06 27
6.038000000430088e-06 28
6.049999999646616e-06 29
6.055000000060318e-06 30
6.094999999817219e-06 31
6.109000000087406e-06 32
6.153000000175268e-06 31
6.214999999976101e-06 32
6.263999999589487e-06 33
6.264999999672227e-06 34
6.27300000033415e-06 33
6.276999999776933e-06 32
6.281000000107895e-06 31
6.285000000438856e-06 30
6.288999999881639e-06 29
6.293000000212601e-06 28
6.296999999655384e-06 27
6.300999999986345e-06 26
6.305000000317307e-06 25
6.30899999976009e-06 26
6.3289999996385404e-06 27
6.371999999643663e-06 28
6.3739999998091434e-06 29
6.374999999891884e-06 30
6.416999999814266e-06 31
6.4189999999797465e-06 32
6.424000000393448e-06 33
6.42499999958801e-06 32
6.438999999858197e-06 33
6.468999999675873e-06 34
6.5090000003209525e-06 35
6.5420000003868495e-06 36
6.544999999746892e-06 35
6.549000000077854e-06 34
6.553000000408815e-06 33
6.560000000099819e-06 34
6.564000000430781e-06 35
6.602000000022201e-06 36
6.622999999983392e-06 37
6.628000000397094e-06 38
6.6329999999226175e-06 39
6.642999999861843e-06 40
6.648000000275545e-06 41
6.649000000358285e-06 42
6.652999999801068e-06 43
6.65800000021477e-06 44
6.662999999740293e-06 45
6.668000000153995e-06 46
6.672999999679519e-06 47
6.672999999679519e-06 46
6.67700000001048e-06 45
6.6780000000932205e-06 46
6.681000000341442e-06 45
6.682999999618744e-06 46
6.684999999784225e-06 45
6.688000000032446e-06 46
6.692999999557969e-06 47
6.6939999996407096e-06 48
6.710000000076377e-06 49
6.724000000346564e-06 50
6.725000000429304e-06 51
6.725999999623866e-06 52
6.7269999997066066e-06 53
6.727999999789347e-06 54
6.728999999872087e-06 55
6.729999999954828e-06 56
6.731000000037568e-06 57
6.732000000120308e-06 58
6.737999999728572e-06 59
6.743000000142274e-06 60
6.7479999996677975e-06 61
6.753000000081499e-06 62
6.783999999981916e-06 63
6.785000000064656e-06 64
6.786000000147396e-06 65
6.787000000230137e-06 66
6.788000000312877e-06 67
6.7890000003956175e-06 68
6.789999999590179e-06 69
6.799000000334843e-06 70
6.802999999777626e-06 71
6.8049999999431066e-06 70
6.829000000152519e-06 71
6.864000000383896e-06 72
6.864999999578458e-06 73
6.865999999661199e-06 74
6.896000000367053e-06 75
6.896999999561615e-06 76
6.897999999644355e-06 77
6.898999999727096e-06 78
6.899999999809836e-06 79
6.9250000001019885e-06 78
6.92900000043295e-06 77
6.929999999627512e-06 78
6.930999999710252e-06 79
6.932999999875733e-06 78
6.9370000002066945e-06 77
6.9610000004161066e-06 78
6.9619999996106685e-06 79
6.962999999693409e-06 80
6.963999999776149e-06 81
6.993999999593825e-06 82
6.9949999996765655e-06 83
6.995999999759306e-06 84
6.996999999842046e-06 85
6.997999999924787e-06 86
6.999000000007527e-06 87
7.028999999825203e-06 88
7.029999999907943e-06 89
7.030999999990684e-06 90
7.032000000073424e-06 91
7.033000000156164e-06 92
7.034000000238905e-06 93
7.035000000321645e-06 94
7.057000000365576e-06 93
7.0609999998083595e-06 92
7.065000000139321e-06 93
7.066000000222061e-06 94
7.067000000304802e-06 95
7.068000000387542e-06 96
7.068999999582104e-06 97
7.069999999664844e-06 98
7.070999999747585e-06 99
7.071999999830325e-06 100
7.0729999999130655e-06 101
7.073999999995806e-06 102
7.103999999813482e-06 103
7.104999999896222e-06 104
7.134999999713898e-06 105
7.135999999796638e-06 106
7.136999999879379e-06 107
7.137999999962119e-06 108
7.1390000000448595e-06 109
7.146999999818604e-06 110
7.166999999697055e-06 111
7.168999999862535e-06 112
7.169999999945276e-06 113
7.171000000028016e-06 114
7.1720000001107564e-06 115
7.173000000193497e-06 116
7.174000000276237e-06 117
7.1750000003589776e-06 118
7.176000000441718e-06 119
7.17699999963628e-06 120
7.17799999971902e-06 121
7.178999999801761e-06 122
7.179999999884501e-06 123
7.180999999967241e-06 124
7.180999999967241e-06 123
7.182000000049982e-06 124
7.183000000132722e-06 125
7.1840000002154625e-06 126
7.214000000033138e-06 127
7.215000000115879e-06 128
7.216000000198619e-06 129
7.2170000002813595e-06 130
7.2180000003641e-06 131
7.218999999558662e-06 132
7.219999999641402e-06 133
7.2500000003472564e-06 134
7.280000000164932e-06 135
7.281000000247673e-06 136
7.282000000330413e-06 137
7.2830000004131534e-06 138
7.283999999607715e-06 139
7.284999999690456e-06 140
7.301000000126123e-06 139
7.304999999568906e-06 138
7.31500000039631e-06 139
7.315999999590872e-06 140
7.316999999673612e-06 141
7.317999999756353e-06 142
7.318999999839093e-06 143
7.3199999999218335e-06 144
7.321000000004574e-06 145
7.322000000087314e-06 146
7.322000000087314e-06 147
7.35199999990499e-06 148
7.3529999999877305e-06 149
7.354000000070471e-06 150
7.355000000153211e-06 151
7.3560000002359516e-06 152
7.357000000318692e-06 153
7.358000000401432e-06 154
7.358999999595994e-06 155
7.359999999678735e-06 156
7.390000000384589e-06 157
7.390999999579151e-06 158
7.391999999661891e-06 159
7.392999999744632e-06 160
7.393999999827372e-06 161
7.394999999910112e-06 162
7.395999999992853e-06 163
7.397000000075593e-06 164
7.3980000001583335e-06 165
7.399000000241074e-06 166
7.424999999727788e-06 165
7.42900000005875e-06 166
7.42900000005875e-06 165
7.43000000014149e-06 166
7.4310000002242305e-06 167
7.432000000306971e-06 168
7.433000000389711e-06 169
7.433000000389711e-06 168
7.433999999584273e-06 169
7.4349999996670135e-06 170
7.435999999749754e-06 171
7.436999999832494e-06 172
7.436999999832494e-06 171
7.437999999915235e-06 172
7.438999999997975e-06 173
7.440000000080715e-06 174
7.441000000163456e-06 175
7.441000000163456e-06 174
7.442000000246196e-06 175
7.472000000063872e-06 176
7.473000000146612e-06 177
7.474000000229353e-06 178
7.504000000047029e-06 179
7.5339999998647045e-06 180
7.534999999947445e-06 181
7.536000000030185e-06 182
7.537000000112926e-06 183
7.538000000195666e-06 184
7.561000000322338e-06 183
7.568000000013342e-06 184
7.597999999831018e-06 185
7.6279999996486936e-06 186
7.628999999731434e-06 187
7.648000000415323e-06 188
7.659000000437288e-06 189
7.65999999963185e-06 190
7.66099999971459e-06 191
7.661999999797331e-06 192
7.680999999593041e-06 191
7.691999999615007e-06 192
7.722000000320861e-06 193
7.723000000403601e-06 194
7.723999999598163e-06 195
7.724999999680904e-06 196
7.725999999763644e-06 197
7.726999999846385e-06 198
7.727999999929125e-06 199
7.7579999997468e-06 200
7.787999999564477e-06 201
7.788999999647217e-06 202
7.789999999729957e-06 203
7.790999999812698e-06 204
7.791999999895438e-06 205
7.800999999751923e-06 204
7.805000000082885e-06 203
7.821999999713114e-06 204
7.822999999795854e-06 205
7.823999999878595e-06 206
7.824999999961335e-06 207
7.826000000044075e-06 208
7.837000000066041e-06 209
7.855999999861751e-06 210
7.856999999944492e-06 211
7.858000000027232e-06 212
7.859000000109972e-06 213
7.860000000192713e-06 214
7.861000000275453e-06 215
7.862000000358194e-06 216
7.89200000017587e-06 217
7.89300000025861e-06 218
7.89400000034135e-06 219
7.924000000159026e-06 220
7.925000000241766e-06 219
7.92899999968455e-06 218
7.953999999976702e-06 219
7.955000000059442e-06 220
7.956000000142183e-06 221
7.957000000224923e-06 222
7.958000000307663e-06 223
7.959000000390404e-06 224
7.98900000020808e-06 225
8.012000000334751e-06 226
8.019000000025756e-06 227
8.020000000108496e-06 228
8.021000000191236e-06 229
8.022000000273977e-06 230
8.023000000356717e-06 231
8.024000000439457e-06 232
8.02499999963402e-06 233
8.02599999971676e-06 234
8.0269999997995e-06 235
8.04699999967795e-06 236
8.048999999843431e-06 235
8.056999999617176e-06 236
8.057999999699916e-06 237
8.058999999782657e-06 238
8.059999999865397e-06 239
8.060999999948137e-06 240
8.062000000030878e-06 241
8.063000000113618e-06 242
8.064000000196359e-06 243
8.094000000014034e-06 244
8.12399999983171e-06 245
8.12499999991445e-06 246
8.125999999997191e-06 247
8.127000000079931e-06 248
8.128000000162672e-06 249
8.129000000245412e-06 250
8.130000000328153e-06 251
8.160000000145828e-06 252
8.161000000228569e-06 253
8.166999999836833e-06 254
8.169000000002313e-06 253
8.172000000250534e-06 254
8.173000000333275e-06 253
8.191000000046245e-06 254
8.192000000128985e-06 255
8.193000000211725e-06 256
8.194000000294466e-06 257
8.195000000377206e-06 258
8.225000000194882e-06 259
8.226000000277622e-06 260
8.227000000360363e-06 261
8.228000000443103e-06 262
8.228999999637665e-06 263
8.25900000034352e-06 264
8.26000000042626e-06 265
8.290000000243936e-06 266
8.291000000326676e-06 267
8.292000000409416e-06 268
8.292999999603978e-06 269
8.292999999603978e-06 268
8.29699999993494e-06 267
8.301000000265901e-06 266
8.304999999708684e-06 265
8.309000000039646e-06 264
8.313000000370607e-06 263
8.323000000309833e-06 264
8.353000000127508e-06 265
8.382999999945184e-06 266
8.384000000027925e-06 267
8.385000000110665e-06 268
8.386000000193405e-06 269
8.387000000276146e-06 270
8.388000000358886e-06 271
8.389000000441627e-06 272
8.389999999636188e-06 273
8.390999999718929e-06 274
8.39199999980167e-06 275
8.39299999988441e-06 276
8.422999999702085e-06 277
8.423999999784826e-06 278
8.424999999867566e-06 279
8.43299999964131e-06 278
8.436999999972272e-06 277
8.441000000303234e-06 276
8.454999999685242e-06 277
8.485000000391096e-06 278
8.485999999585658e-06 279
8.486999999668399e-06 280
8.487999999751139e-06 281
8.48899999983388e-06 282
8.48999999991662e-06 283
8.49099999999936e-06 284
8.4920000000821e-06 285
8.493000000164841e-06 286
8.494000000247581e-06 287
8.495000000330322e-06 288
8.521999999899776e-06 289
8.525000000147998e-06 290
8.554999999965673e-06 291
8.560999999573937e-06 290
8.564999999904899e-06 289
8.56900000023586e-06 288
8.572999999678643e-06 287
8.577000000009605e-06 286
8.581000000340566e-06 285
8.58499999978335e-06 286
8.58499999978335e-06 285
8.58599999986609e-06 286
8.58699999994883e-06 287
8.58800000003157e-06 288
8.58900000011431e-06 289
8.58900000011431e-06 288
8.590000000197051e-06 289
8.591000000279791e-06 290
8.592000000362532e-06 291
8.592999999557094e-06 292
8.592999999557094e-06 291
8.593999999639834e-06 292
8.594999999722575e-06 293
8.595999999805315e-06 294
8.596999999888055e-06 293
8.601000000219017e-06 292
8.6049999996618e-06 291
8.608999999992761e-06 290
8.613000000323723e-06 289
8.616999999766506e-06 288
8.621000000097467e-06 287
8.625000000428429e-06 286
8.62599999962299e-06 287
8.628999999871212e-06 286
8.656000000328845e-06 287
8.657000000411585e-06 288
8.657999999606147e-06 289
8.688000000312002e-06 290
8.689000000394742e-06 291
8.689999999589304e-06 292
8.720000000295158e-06 293
8.721000000377899e-06 294
8.72199999957246e-06 295
8.722999999655201e-06 296
8.749000000030094e-06 295
8.753000000361055e-06 296
8.753000000361055e-06 295
8.754000000443796e-06 296
8.756999999803838e-06 295
8.7610000001348e-06 294
8.764999999577583e-06 293
8.768999999908544e-06 292
8.773000000239506e-06 291
8.776999999682289e-06 290
8.78100000001325e-06 289
8.784000000261472e-06 290
8.785000000344212e-06 289
8.788999999786995e-06 288
8.793000000117956e-06 287
8.79699999956074e-06 286
8.814000000079147e-06 287
8.815000000161888e-06 288
8.816000000244628e-06 289
8.817000000327369e-06 290
8.827000000266594e-06 291
8.847000000145044e-06 292
8.848000000227785e-06 293
8.849000000310525e-06 294
8.850000000393266e-06 295
8.880000000210941e-06 296
8.910000000028617e-06 297
8.911000000111358e-06 298
8.912000000194098e-06 299
8.916999999719621e-06 298
8.921000000050583e-06 297
8.925000000381544e-06 296
8.928999999824327e-06 295
8.933000000155289e-06 294
8.936999999598072e-06 293
8.940999999929033e-06 292
8.942000000011774e-06 293
8.943000000094514e-06 294
8.944000000177255e-06 295
8.945000000259995e-06 296
8.945000000259995e-06 295
8.948999999702778e-06 294
8.95300000003374e-06 293
8.975000000077671e-06 294
8.976000000160411e-06 295
9.005999999978087e-06 296
9.007000000060827e-06 297
9.008000000143568e-06 298
9.009000000226308e-06 299
9.039000000043984e-06 300
9.040000000126724e-06 301
9.041000000209465e-06 302
9.042000000292205e-06 303
9.043000000374946e-06 304
9.073000000192621e-06 305
9.073000000192621e-06 304
9.074000000275362e-06 305
9.075000000358102e-06 306
9.076999999635404e-06 305
9.080999999966366e-06 304
9.105000000175778e-06 305
9.106000000258518e-06 306
9.136000000076194e-06 307
9.137000000158935e-06 308
9.138000000241675e-06 309
9.168000000059351e-06 310
9.169000000142091e-06 311
9.170000000224832e-06 312
9.171000000307572e-06 313
9.201000000125248e-06 314
9.201000000125248e-06 313
9.204999999568031e-06 312
9.208999999898992e-06 311
9.213000000229954e-06 310
9.216999999672737e-06 309
9.230999999942924e-06 310
9.2609999997606e-06 311
9.26199999984334e-06 312
9.291999999661016e-06 313
9.292999999743756e-06 314
9.322999999561432e-06 315
9.323999999644172e-06 316
9.324999999726913e-06 317
9.325999999809653e-06 318
9.333000000388836e-06 319
9.336999999831619e-06 318
9.34100000016258e-06 317
9.355999999627329e-06 318
9.35699999971007e-06 319
9.35799999979281e-06 320
9.387999999610486e-06 321
9.388999999693226e-06 322
9.389999999775966e-06 323
9.390999999858707e-06 324
9.420999999676383e-06 325
9.451000000382237e-06 326
9.451999999576799e-06 327
9.45299999965954e-06 328
9.461000000321462e-06 327
9.464999999764245e-06 326
9.469000000095207e-06 325
9.473000000426168e-06 324
9.483000000365394e-06 325
9.51300000018307e-06 326
9.51400000026581e-06 327
9.51500000034855e-06 328
9.51600000043129e-06 329
9.546000000248966e-06 330
9.547000000331707e-06 331
9.548000000414447e-06 332
9.578000000232123e-06 333
9.592999999696872e-06 332
9.597000000027833e-06 331
9.601000000358795e-06 330
9.604999999801578e-06 329
9.608000000049799e-06 330
9.60900000013254e-06 331
9.60900000013254e-06 330
9.61000000021528e-06 331
9.612999999575322e-06 330
9.640000000032956e-06 331
9.641000000115696e-06 332
9.670999999933372e-06 333
9.672000000016112e-06 334
9.673000000098853e-06 335
9.702999999916528e-06 336
9.732999999734204e-06 337
9.732999999734204e-06 336
9.737000000065166e-06 335
9.741000000396127e-06 334
9.74499999983891e-06 333
9.749000000169872e-06 332
9.752999999612655e-06 331
9.756999999943616e-06 330
9.763000000440059e-06 331
9.76399999963462e-06 332
9.764999999717361e-06 333
9.765999999800101e-06 334
9.766999999882842e-06 335
9.796999999700517e-06 336
9.827000000406372e-06 337
9.857000000224048e-06 338
9.858000000306788e-06 339
9.859000000389528e-06 340
9.877000000102498e-06 339
9.88100000043346e-06 338
9.884999999876243e-06 337
9.889000000207204e-06 338
9.889000000207204e-06 337
9.892999999649987e-06 336
9.896999999980949e-06 335
9.90100000031191e-06 334
9.904999999754693e-06 333
9.909000000085655e-06 332
9.913000000416616e-06 331
9.91900000002488e-06 332
9.948999999842556e-06 333
9.949999999925296e-06 334
9.979999999742972e-06 335
9.980999999825713e-06 336
9.981999999908453e-06 337
9.982999999991193e-06 338
9.984000000073934e-06 339
9.985000000156674e-06 340
9.986000000239414e-06 341
1.001600000005709e-05 342
1.001700000013983e-05 343
1.0018000000222571e-05 344
1.0019000000305311e-05 345
1.003299999968732e-05 344
1.0037000000018281e-05 343
1.0046999999957507e-05 344
1.0049000000122987e-05 345
1.0078999999940663e-05 346
1.0080000000023404e-05 347
1.0081000000106144e-05 348
1.011099999992382e-05 349
1.011200000000656e-05 350
1.01130000000893e-05 351
1.0114000000172041e-05 352
1.0115000000254781e-05 353
1.0145000000072457e-05 354
1.0157000000177163e-05 353
1.0160999999619946e-05 352
1.0164999999950908e-05 351
1.016900000028187e-05 350
1.0172999999724652e-05 349
1.0174999999890133e-05 350
1.0175999999972873e-05 351
1.0177000000055614e-05 352
1.020699999987329e-05 353
1.0236999999690966e-05 354
1.0237999999773706e-05 355
1.0238999999856446e-05 356
1.0239999999939187e-05 357
1.0241000000021927e-05 358
1.0242000000104667e-05 359
1.0243000000187408e-05 360
1.0273000000005084e-05 361
1.0274000000087824e-05 362
1.0275000000170564e-05 363
1.0276000000253305e-05 364
1.0292999999883534e-05 363
1.030600000007098e-05 364
1.0307000000153721e-05 365
1.0308000000236461e-05 366
1.0309000000319202e-05 367
1.0310000000401942e-05 368
1.0340000000219618e-05 369
1.0341000000302358e-05 370
1.0371000000120034e-05 371
1.040099999993771e-05 372
1.040200000002045e-05 373
1.040300000010319e-05 374
1.0413000000042416e-05 373
1.0432999999920867e-05 374
1.0434000000003607e-05 375
1.0463999999821283e-05 376
1.0493999999638959e-05 377
1.04949999997217e-05 378
1.049599999980444e-05 379
1.049699999988718e-05 380
1.0526999999704856e-05 381
1.0527999999787596e-05 382
1.0533000000201298e-05 381
1.0536999999644081e-05 380
1.0540999999975043e-05 379
1.0544000000223264e-05 380
1.0545000000306004e-05 379
1.0548999999748787e-05 378
1.0553000000079749e-05 377
1.055700000041071e-05 376
1.0557999999605272e-05 377
1.0558999999688012e-05 378
1.0559999999770753e-05 379
1.0560999999853493e-05 378
1.0565000000184455e-05 377
1.0568999999627238e-05 376
1.05729999999582e-05 375
1.057700000028916e-05 374
1.0580999999731944e-05 373
1.0585000000062905e-05 372
1.0589000000393867e-05 371
1.0589999999588429e-05 372
1.0590999999671169e-05 373
1.059199999975391e-05 374
1.059299999983665e-05 373
1.0621999999571585e-05 374
1.0622999999654326e-05 375
1.065300000036018e-05 376
1.065400000044292e-05 377
1.0654999999637482e-05 378
1.0676999999681414e-05 379
1.0685000000343337e-05 380
1.0686000000426077e-05 381
1.0686999999620639e-05 382
1.068799999970338e-05 383
1.0712999999995532e-05 382
1.0717000000326493e-05 381
1.0718000000409234e-05 382
1.0718999999603795e-05 383
1.0719999999686536e-05 384
1.0720999999769276e-05 385
1.0720999999769276e-05 384
1.0721999999852017e-05 385
1.0725000000100238e-05 384
1.07290000004312e-05 383
1.0732999999873982e-05 382
1.0737000000204944e-05 381
1.0751999999669692e-05 382
1.0782000000375547e-05 383
1.0812000000193223e-05 384
1.0842000000010898e-05 385
1.0843000000093639e-05 386
1.084400000017638e-05 387
1.0857000000363826e-05 386
1.0873999999994055e-05 387
1.0903999999811731e-05 388
1.0904999999894471e-05 389
1.0905999999977212e-05 390
1.0907000000059952e-05 391
1.0908000000142692e-05 392
1.0909000000225433e-05 393
1.0939000000043109e-05 394
1.0968999999860785e-05 395
1.0976999999634529e-05 394
1.098099999996549e-05 393
1.0985000000296452e-05 392
1.0988999999739235e-05 391
1.0993000000070197e-05 390
1.0997000000401158e-05 389
1.099899999967846e-05 390
1.09999999997612e-05 391
1.1029999999578877e-05 392
1.1030999999661617e-05 393
1.1031999999744357e-05 394
1.1032999999827098e-05 395
1.1062999999644774e-05 396
1.1093000000350628e-05 397
1.1094000000433368e-05 398
1.109499999962793e-05 399
1.109599999971067e-05 400
1.1096999999793411e-05 401
1.1116999999671862e-05 400
1.1121000000002823e-05 399
1.1125000000333785e-05 398
1.1126999999611087e-05 399
1.1127999999693827e-05 400
1.1128999999776568e-05 399
1.1133000000107529e-05 398
1.113700000043849e-05 397
1.1140999999881274e-05 396
1.1158000000399682e-05 397
1.1188000000217357e-05 398
1.1189000000300098e-05 399
1.1219000000117774e-05 400
1.1220000000200514e-05 401
1.1221000000283254e-05 402
1.125100000010093e-05 403
1.125200000018367e-05 404
1.1253000000266411e-05 405
1.1261000000040156e-05 404
1.1265000000371117e-05 403
1.1283000000084087e-05 404
1.1312999999901763e-05 405
1.1313999999984503e-05 406
1.1315000000067243e-05 407
1.1316000000149984e-05 408
1.134599999996766e-05 409
1.13470000000504e-05 410
1.134800000013314e-05 411
1.134900000021588e-05 412
1.1379000000033557e-05 413
1.1380000000116297e-05 414
1.138499999964182e-05 413
1.1388999999972782e-05 412
1.1393000000303743e-05 411
1.1396999999746527e-05 410
1.1401000000077488e-05 409
1.140500000040845e-05 408
1.1408999999851233e-05 407
1.1409999999933973e-05 408
1.1413000000182194e-05 407
1.1416999999624977e-05 406
1.1439999999751649e-05 407
1.144099999983439e-05 408
1.144199999991713e-05 409
1.144299999999987e-05 410
1.144400000008261e-05 411
1.144500000016535e-05 412
1.1446000000248091e-05 413
1.1447000000330831e-05 414
1.1448000000413572e-05 415
1.1448999999608134e-05 416
1.1479000000313988e-05 417
1.1509000000131664e-05 418
1.1510000000214404e-05 419
1.1511000000297145e-05 420
1.1512000000379885e-05 421
1.1512999999574447e-05 422
1.1513999999657187e-05 423
1.1514999999739928e-05 424
1.1515999999822668e-05 425
1.1516999999905408e-05 426
1.1536999999783859e-05 425
1.154100000011482e-05 424
1.1544999999557604e-05 423
1.1546999999723084e-05 424
1.1547999999805825e-05 425
1.1548999999888565e-05 426
1.1548999999888565e-05 425
1.1549999999971305e-05 426
1.1551000000054046e-05 427
1.1552000000136786e-05 428
1.1553000000219527e-05 427
1.155699999966231e-05 426
1.1560999999993271e-05 425
1.1565000000324233e-05 424
1.1568999999767016e-05 423
1.1573000000097977e-05 422
1.1581999999954462e-05 423
1.1611999999772138e-05 424
1.1641999999589814e-05 425
1.1672000000295668e-05 426
1.1673000000378408e-05 427
1.167399999957297e-05 428
1.167499999965571e-05 429
1.1675999999738451e-05 430
1.1676999999821192e-05 431
1.1677999999903932e-05 432
1.1678999999986672e-05 433
1.1680000000069413e-05 434
1.1681000000152153e-05 435
1.1693000000256859e-05 434
1.1696999999699642e-05 433
1.1701000000030604e-05 432
1.1705000000361565e-05 431
1.1708999999804348e-05 430
1.1710999999969829e-05 431
1.171300000013531e-05 430
1.1716999999578093e-05 429
1.1720999999909054e-05 428
1.1725000000240016e-05 427
1.1728999999682799e-05 426
1.173300000001376e-05 425
1.1737000000344722e-05 424
1.1740999999787505e-05 425
1.1740999999787505e-05 424
1.1741999999870245e-05 425
1.1742999999952985e-05 426
1.1745000000118466e-05 425
1.1772999999770661e-05 426
1.1773999999853402e-05 427
1.1774999999936142e-05 428
1.1776000000018882e-05 429
1.1777000000101623e-05 430
1.1778000000184363e-05 431
1.1808000000002039e-05 432
1.1837999999819715e-05 433
1.1838999999902455e-05 434
1.1839999999985196e-05 435
1.1841000000067936e-05 436
1.1842000000150676e-05 437
1.1843000000233417e-05 438
1.1865000000277348e-05 437
1.1868999999720131e-05 436
1.1873000000051093e-05 437
1.1873000000051093e-05 436
1.1874000000133833e-05 437
1.1875000000216573e-05 438
1.190500000003425e-05 439
1.1934999999851925e-05 440
1.1935999999934666e-05 441
1.1937000000017406e-05 442
1.1966999999835082e-05 443
1.1993000000209975e-05 442
1.1996999999652758e-05 443
1.2027000000358612e-05 444
1.2057000000176288e-05 445
1.2058000000259028e-05 446
1.2088000000076704e-05 447
1.2113000000368856e-05 446
1.211699999981164e-05 445
1.211799999989438e-05 446
1.211899999997712e-05 447
1.2121000000142601e-05 446
1.2124999999585384e-05 445
1.2128999999916346e-05 444
1.2148999999794796e-05 445
1.2149999999877537e-05 446
1.2150999999960277e-05 447
1.2152000000043017e-05 448
1.2153000000125758e-05 449
1.2154000000208498e-05 450
1.2184000000026174e-05 451
1.221399999984385e-05 452
1.221499999992659e-05 453
1.221600000000933e-05 454
1.2217000000092071e-05 455
1.2218000000174811e-05 456
1.2219000000257552e-05 457
1.2220000000340292e-05 458
1.2229000000196777e-05 459
1.2249000000075227e-05 458
1.2250000000157968e-05 459
1.2279999999975644e-05 460
1.2281000000058384e-05 461
1.2282000000141124e-05 462
1.2283000000223865e-05 463
1.2284000000306605e-05 464
1.2314000000124281e-05 465
1.2315000000207021e-05 466
1.2316000000289762e-05 467
1.2317000000372502e-05 468
1.2317999999567064e-05 469
1.2348000000272918e-05 470
1.2349000000355659e-05 471
1.236900000023411e-05 470
1.2379000000173335e-05 471
1.2380000000256075e-05 472
1.2381000000338815e-05 473
1.2411000000156491e-05 474
1.2440999999974167e-05 475
1.2442000000056908e-05 476
1.2443000000139648e-05 477
1.2472999999957324e-05 478
1.2489000000392991e-05 477
1.2492999999835774e-05 476
1.2502999999775e-05 477
1.250399999985774e-05 478
1.250499999994048e-05 479
1.2534999999758156e-05 480
1.2564999999575832e-05 481
1.2565999999658573e-05 482
1.2566999999741313e-05 483
1.2596999999558989e-05 484
1.2612999999994656e-05 483
1.2627000000264843e-05 484
1.2628000000347583e-05 485
1.265800000016526e-05 486
1.2659000000248e-05 487
1.266000000033074e-05 488
1.2690000000148416e-05 489
1.2719999999966092e-05 490
1.2721000000048832e-05 491
1.2733000000153538e-05 490
1.2736999999596321e-05 489
1.2740999999927283e-05 488
1.2745000000258244e-05 487
1.2750999999866508e-05 488
1.2751999999949248e-05 489
1.2781999999766924e-05 490
1.2782999999849665e-05 491
1.2783999999932405e-05 492
1.2813999999750081e-05 493
1.2814999999832821e-05 494
1.2821000000329263e-05 495
1.2844999999650497e-05 496
1.2845999999733237e-05 497
1.2865000000417126e-05 496
1.2876000000439092e-05 497
1.2906000000256768e-05 498
1.2907000000339508e-05 499
1.2908000000422248e-05 500
1.2938000000239924e-05 501
1.2939000000322665e-05 502
1.296900000014034e-05 503
1.298499999968783e-05 502
1.2989000000018791e-05 501
1.2993000000349753e-05 500
1.2996999999792536e-05 499
1.2998999999958016e-05 500
1.3000000000040757e-05 501
1.3001000000123497e-05 502
1.3001000000123497e-05 501
1.300499999956628e-05 500
1.3008999999897242e-05 499
1.3030999999941173e-05 500
1.3060999999758849e-05 501
1.3090999999576525e-05 502
1.3091999999659265e-05 503
1.312200000036512e-05 504
1.3129000000056124e-05 503
1.3152000000182795e-05 504
1.3153000000265536e-05 505
1.3154000000348276e-05 506
1.3155000000431016e-05 507
1.3155999999625578e-05 508
1.3186000000331433e-05 509
1.3216000000149108e-05 510
1.3217000000231849e-05 511
1.321800000031459e-05 512
1.321900000039733e-05 513
1.3219999999591892e-05 514
1.3220999999674632e-05 515
1.3249000000215005e-05 514
1.3251000000380486e-05 515
1.3252999999657789e-05 514
1.325699999998875e-05 513
1.3261000000319711e-05 512
1.3264999999762495e-05 511
1.3281000000198162e-05 512
1.3282000000280902e-05 513
1.3283000000363643e-05 514
1.3283999999558205e-05 515
1.3314000000264059e-05 516
1.3344000000081735e-05 517
1.3345000000164475e-05 518
1.3374999999982151e-05 519
1.3384999999921376e-05 518
1.3389000000252338e-05 517
1.3392999999695121e-05 516
1.3397000000026082e-05 515
1.3401000000357044e-05 514
1.3404999999799827e-05 515
1.3405999999882567e-05 516
1.3435999999700243e-05 517
1.3466000000406098e-05 518
1.346699999960066e-05 519
1.34679999996834e-05 520
1.3498000000389254e-05 521
1.3520999999627747e-05 520
1.352800000020693e-05 521
1.352900000028967e-05 522
1.3559000000107346e-05 523
1.3588999999925022e-05 524
1.3618999999742698e-05 525
1.3619999999825438e-05 526
1.3620999999908179e-05 527
1.364099999978663e-05 526
1.364500000011759e-05 525
1.3648999999560374e-05 524
1.3650999999725855e-05 525
1.3651999999808595e-05 526
1.3652999999891335e-05 527
1.3652999999891335e-05 526
1.3653999999974076e-05 527
1.3657000000222297e-05 526
1.366099999966508e-05 525
1.3664999999996041e-05 524
1.3683999999791752e-05 525
1.3713999999609428e-05 526
1.3714999999692168e-05 527
1.3715999999774908e-05 528
1.3745999999592584e-05 529
1.3746999999675324e-05 530
1.3747999999758065e-05 531
1.377799999957574e-05 532
1.3778999999658481e-05 533
1.3785000000154923e-05 532
1.3788999999597706e-05 533
1.3788999999597706e-05 532
1.3792999999928668e-05 531
1.3809000000364335e-05 532
1.3839000000182011e-05 533
1.3840000000264752e-05 534
1.3870000000082428e-05 535
1.3871000000165168e-05 536
1.3872000000247908e-05 537
1.3902000000065584e-05 538
1.3903000000148324e-05 539
1.391300000008755e-05 538
1.3932999999966e-05 539
1.3962999999783676e-05 540
1.3963999999866417e-05 541
1.3964999999949157e-05 542
1.3966000000031897e-05 543
1.3967000000114638e-05 544
1.3996999999932314e-05 545
1.402699999974999e-05 546
1.4033000000246432e-05 545
1.4036999999689215e-05 544
1.4041000000020176e-05 543
1.4045000000351138e-05 542
1.404899999979392e-05 541
1.4053000000124882e-05 540
1.4056999999567665e-05 541
1.4057999999650406e-05 542
1.4058999999733146e-05 543
1.4059999999815886e-05 544
1.4060999999898627e-05 545
1.4090999999716303e-05 546
1.4121000000422157e-05 547
1.4121999999616719e-05 548
1.412299999969946e-05 549
1.41239999997822e-05 550
1.4153999999599876e-05 551
1.4154999999682616e-05 552
1.4173000000283764e-05 551
1.418500000038847e-05 552
1.4185999999583032e-05 553
1.4216000000288886e-05 554
1.4217000000371627e-05 555
1.4217999999566189e-05 556
1.4248000000272043e-05 557
1.4278000000089719e-05 558
1.4293000000442646e-05 557
1.4307999999907395e-05 558
1.4308999999990135e-05 559
1.4310000000072876e-05 560
1.4311000000155616e-05 561
1.4312000000238356e-05 562
1.4342000000056032e-05 563
1.4343000000138773e-05 564
1.4344000000221513e-05 565
1.4374000000039189e-05 566
1.4375000000121929e-05 567
1.437600000020467e-05 568
1.437700000028741e-05 569
1.4407000000105086e-05 570
1.441299999971335e-05 569
1.4417000000044311e-05 568
1.4421000000375273e-05 567
1.4424999999818056e-05 566
1.4429000000149017e-05 565
1.44329999995918e-05 564
1.4436999999922762e-05 565
1.4436999999922762e-05 564
1.4441000000253723e-05 563
1.4444999999696506e-05 562
1.4466999999740437e-05 563
1.4467999999823178e-05 564
1.4497999999640854e-05 565
1.4498999999723594e-05 566
1.4499999999806334e-05 567
1.4500999999889075e-05 568
1.4501999999971815e-05 569
1.4531999999789491e-05 570
1.4561999999607167e-05 571
1.4562999999689907e-05 572
1.4563999999772648e-05 573
1.4564999999855388e-05 572
1.4593999999590324e-05 573
1.4594999999673064e-05 574
1.4595999999755804e-05 575
1.462599999957348e-05 576
1.462699999965622e-05 577
1.4627999999738961e-05 578
1.4657999999556637e-05 579
1.4658999999639377e-05 580
1.4659999999722118e-05 581
1.468500000001427e-05 580
1.4689000000345231e-05 579
1.4690000000427972e-05 580
1.4690999999622534e-05 581
1.4691999999705274e-05 582
1.4692999999788015e-05 583
1.4692999999788015e-05 582
1.4697000000118976e-05 581
1.4700999999561759e-05 580
1.470499999989272e-05 579
1.4709000000223682e-05 578
1.4712999999666465e-05 577
1.472299999960569e-05 578
1.4753000000311545e-05 579
1.4754000000394285e-05 580
1.4784000000211961e-05 581
1.4814000000029637e-05 582
1.4815000000112377e-05 583
1.4816000000195118e-05 584
1.4832999999825347e-05 583
1.4846000000012793e-05 584
1.4847000000095534e-05 585
1.4848000000178274e-05 586
1.487799999999595e-05 587
1.487900000007869e-05 588
1.4908999999896366e-05 589
1.4909999999979107e-05 590
1.4939999999796783e-05 591
1.4940999999879523e-05 592
1.4952999999984229e-05 591
1.495700000031519e-05 590
1.4960999999757973e-05 589
1.4965000000088935e-05 588
1.4969000000419896e-05 587
1.4970999999697199e-05 588
1.4971999999779939e-05 589
1.497299999986268e-05 590
1.497299999986268e-05 589
1.4977000000193641e-05 588
1.5002999999680355e-05 589
1.503300000038621e-05 590
1.5033999999580772e-05 591
1.5064000000286626e-05 592
1.5094000000104302e-05 593
1.5095000000187042e-05 594
1.5097000000352523e-05 593
1.5100999999795306e-05 592
1.5125000000004718e-05 593
1.5126000000087458e-05 594
1.5127000000170199e-05 595
1.5156999999987875e-05 596
1.5158000000070615e-05 597
1.5159000000153355e-05 598
1.5160000000236096e-05 599
1.5190000000053772e-05 600
1.5191000000136512e-05 601
1.5220999999954188e-05 602
1.5220999999954188e-05 601
1.5222000000036928e-05 602
1.5223000000119669e-05 603
1.5252999999937344e-05 604
1.5254000000020085e-05 605
1.528399999983776e-05 606
1.5313999999655437e-05 607
1.5314999999738177e-05 608
1.534100000011307e-05 607
1.534500000044403e-05 608
1.5345999999638593e-05 609
1.5346999999721334e-05 610
1.5377000000427188e-05 611
1.5407000000244864e-05 612
1.5408000000327604e-05 613
1.543800000014528e-05 614
1.546100000027195e-05 613
1.5464999999714735e-05 612
1.5467999999962956e-05 613
1.5469000000045696e-05 614
1.5469000000045696e-05 613
1.5473000000376658e-05 612
1.547699999981944e-05 611
1.5498999999863372e-05 612
1.5499999999946112e-05 613
1.5501000000028853e-05 614
1.553099999984653e-05 615
1.5560999999664205e-05 616
1.5561999999746945e-05 617
1.5562999999829685e-05 618
1.559299999964736e-05 619
1.5596999999978323e-05 618
1.5601000000309284e-05 617
1.5604999999752067e-05 616
1.560900000008303e-05 615
1.561300000041399e-05 614
1.5623000000353215e-05 615
1.5624000000435956e-05 616
1.5654000000253632e-05 617
1.5655000000336372e-05 618
1.5685000000154048e-05 619
1.568600000023679e-05 620
1.5716000000054464e-05 621
1.5717000000137205e-05 622
1.5718000000219945e-05 623
1.5732999999684694e-05 622
1.5737000000015655e-05 621
1.574800000003762e-05 622
1.574900000012036e-05 623
1.57500000002031e-05 624
1.5780000000020777e-05 625
1.5781000000103518e-05 626
1.5810999999921194e-05 627
1.584099999973887e-05 628
1.584199999982161e-05 629
1.584299999990435e-05 630
1.584399999998709e-05 631
1.584500000006983e-05 632
1.5857000000174537e-05 631
1.586099999961732e-05 630
1.586499999994828e-05 629
1.5869000000279243e-05 628
1.5874999999887507e-05 629
1.5904999999705183e-05 630
1.5935000000411037e-05 631
1.59359999996056e-05 632
1.593699999968834e-05 633
1.593799999977108e-05 634
1.5967999999588756e-05 635
1.5968999999671496e-05 636
1.5989000000438125e-05 635
1.599900000037735e-05 636
1.6029000000195026e-05 637
1.6030000000277767e-05 638
1.6031000000360507e-05 639
1.6032000000443247e-05 640
1.6049000000073477e-05 641
1.6062000000260923e-05 642
1.6063000000343663e-05 643
1.6064000000426404e-05 644
1.6064999999620966e-05 645
1.609500000032682e-05 646
1.610899999970883e-05 645
1.6125000000144496e-05 646
1.6126000000227236e-05 647
1.6127000000309977e-05 648
1.6157000000127653e-05 649
1.6158000000210393e-05 650
1.6159000000293133e-05 651
1.6160000000375874e-05 652
1.619000000019355e-05 653
1.619100000027629e-05 654
1.6221000000093966e-05 655
1.6222000000176706e-05 656
1.6223000000259447e-05 657
1.6224000000342187e-05 658
1.622899999986771e-05 657
1.6233000000198672e-05 656
1.6236999999641455e-05 655
1.6240999999972416e-05 654
1.6245000000303378e-05 653
1.624899999974616e-05 652
1.6253000000077122e-05 651
1.6254000000159863e-05 652
1.6257000000408084e-05 651
1.6260999999850867e-05 650
1.626500000018183e-05 649
1.626899999962461e-05 648
1.628399999997754e-05 649
1.6313999999795215e-05 650
1.6314999999877955e-05 651
1.6315999999960695e-05 652
1.6317000000043436e-05 653
1.634699999986111e-05 654
1.6347999999943852e-05 655
1.6349000000026592e-05 656
1.6378999999844268e-05 657
1.6388999999783493e-05 656
1.6393000000114455e-05 655
1.6396999999557238e-05 654
1.6408999999661944e-05 655
1.6439000000367798e-05 656
1.643999999956236e-05 657
1.6470000000268215e-05 658
1.6471000000350955e-05 659
1.650100000016863e-05 660
1.650200000025137e-05 661
1.651699999971612e-05 660
1.6532000000069047e-05 661
1.6533000000151787e-05 662
1.6562999999969463e-05 663
1.6564000000052204e-05 664
1.6565000000134944e-05 665
1.659499999995262e-05 666
1.659600000003536e-05 667
1.6625999999853036e-05 668
1.6626999999935776e-05 669
1.6628000000018517e-05 670
1.6629000000101257e-05 671
1.6630000000183998e-05 672
1.6636999999875002e-05 671
1.6641000000205963e-05 670
1.6644999999648746e-05 669
1.6648999999979708e-05 668
1.665300000031067e-05 667
1.6656999999753452e-05 666
1.6660000000001673e-05 667
1.6661000000084414e-05 668
1.6661000000084414e-05 667
1.6662000000167154e-05 668
1.6663000000249895e-05 669
1.6665000000415375e-05 668
1.666899999985816e-05 667
1.667300000018912e-05 666
1.6676999999631903e-05 665
1.669300000006757e-05 666
1.6722999999885246e-05 667
1.6723999999967987e-05 668
1.6725000000050727e-05 669
1.6726000000133467e-05 670
1.6755999999951143e-05 671
1.6757000000033884e-05 672
1.6758000000116624e-05 673
1.6759000000199364e-05 674
1.6760000000282105e-05 675
1.679000000009978e-05 676
1.679100000018252e-05 677
1.6796999999790785e-05 676
1.6821000000000197e-05 677
1.6850999999817873e-05 678
1.6851999999900613e-05 679
1.688199999971829e-05 680
1.688299999980103e-05 681
1.688399999988377e-05 682
1.688499999996651e-05 683
1.6914999999784186e-05 684
1.6916999999949667e-05 683
1.6944999999601862e-05 684
1.6945999999684602e-05 685
1.6976000000390457e-05 686
1.697699999958502e-05 687
1.7007000000290873e-05 688
1.703700000010855e-05 689
1.703700000010855e-05 688
1.7066999999926225e-05 689
1.70969999997439e-05 690
1.7126999999561576e-05 691
1.7127999999644317e-05 692
1.715700000026743e-05 691
1.715800000035017e-05 692
1.715900000043291e-05 693
1.7160999999710214e-05 692
1.7165000000041175e-05 691
1.7169000000372137e-05 690
1.717299999981492e-05 689
1.717700000014588e-05 688
1.7180999999588664e-05 687
1.7184999999919626e-05 686
1.7189000000250587e-05 687
1.7189000000250587e-05 686
1.7190000000333328e-05 687
1.7191000000416068e-05 688
1.719299999969337e-05 687
1.7197000000024332e-05 686
1.7201000000355293e-05 685
1.7221000000233744e-05 686
1.7222000000316484e-05 687
1.7223000000399225e-05 688
1.72530000002169e-05 689
1.725400000029964e-05 690
1.725500000038238e-05 691
1.7255999999576943e-05 692
1.7286000000282797e-05 693
1.7287000000365538e-05 694
1.72879999995601e-05 695
1.728899999964284e-05 696
1.728999999972558e-05 697
1.7320000000431435e-05 698
1.7320999999625997e-05 699
1.7320999999625997e-05 698
1.735100000033185e-05 699
1.735200000041459e-05 700
1.7352999999609153e-05 701
1.7383000000315008e-05 702
1.7384000000397748e-05 703
1.738499999959231e-05 704
1.738599999967505e-05 705
1.738699999975779e-05 706
1.7416999999575467e-05 707
1.7417999999658207e-05 708
1.7418999999740947e-05 709
1.744099999978488e-05 708
1.744500000011584e-05 707
1.7448999999558623e-05 708
1.7448999999558623e-05 707
1.7449999999641364e-05 708
1.7450999999724104e-05 709
1.7451999999806844e-05 710
1.748199999962452e-05 711
1.748299999970726e-05 712
1.7513000000413115e-05 713
1.754300000023079e-05 714
1.754400000031353e-05 715
1.754500000039627e-05 716
1.7568999999717505e-05 715
1.7573000000048467e-05 714
1.7575000000213947e-05 715
1.7576000000296688e-05 716
1.7577000000379428e-05 715
1.7606000000114364e-05 716
1.7607000000197104e-05 717
1.7608000000279844e-05 718
1.763800000009752e-05 719
1.7667999999915196e-05 720
1.769699999965013e-05 719
1.7697999999732872e-05 720
1.7700999999981093e-05 719
1.7705000000312054e-05 718
1.7708999999754838e-05 717
1.7728000000438726e-05 718
1.7728999999633288e-05 719
1.772999999971603e-05 720
1.7760000000421883e-05 721
1.7760999999616445e-05 722
1.77910000003223e-05 723
1.779200000040504e-05 724
1.7822000000222715e-05 725
1.782899999991372e-05 724
1.783300000024468e-05 723
1.785200000004039e-05 724
1.785300000012313e-05 725
1.7854000000205872e-05 726
1.7855000000288612e-05 727
1.7885000000106288e-05 728
1.7914999999923964e-05 729
1.7916000000006704e-05 730
1.794599999982438e-05 731
1.794699999990712e-05 732
1.794799999998986e-05 733
1.7953000000403563e-05 732
1.7977999999807537e-05 733
1.7978999999890277e-05 734
1.7979999999973018e-05 735
1.8009999999790693e-05 736
1.8010999999873434e-05 737
1.8011999999956174e-05 738
1.8013000000038915e-05 739
1.8014000000121655e-05 740
1.804399999993933e-05 741
1.8072999999674266e-05 740
1.8073999999757007e-05 741
1.8074999999839747e-05 742
1.8077000000005228e-05 741
1.808100000033619e-05 740
1.8084999999778972e-05 739
1.8104999999657423e-05 740
1.8105999999740163e-05 741
1.8106999999822904e-05 742
1.813699999964058e-05 743
1.813799999972332e-05 744
1.8168000000429174e-05 745
1.8168999999623736e-05 746
1.8169999999706477e-05 747
1.820000000041233e-05 748
1.8200999999606893e-05 749
1.8201999999689633e-05 750
1.8204999999937854e-05 749
1.8232000000395487e-05 750
1.823299999959005e-05 751
1.8263000000295904e-05 752
1.8264000000378644e-05 753
1.8264999999573206e-05 754
1.829500000027906e-05 755
1.82960000003618e-05 756
1.8325000000096736e-05 755
1.8326000000179477e-05 756
1.8327000000262217e-05 757
1.8329000000427698e-05 756
1.833299999987048e-05 755
1.8337000000201442e-05 754
1.8357000000079893e-05 755
1.838699999989757e-05 756
1.838799999998031e-05 757
1.8417999999797985e-05 758
1.844799999961566e-05 759
1.8457000000360324e-05 758
1.8478000000321515e-05 759
1.8479000000404255e-05 760
1.8479999999598817e-05 761
1.851000000030467e-05 762
1.8511000000387412e-05 763
1.8511999999581974e-05 764
1.8512999999664714e-05 765
1.854300000037057e-05 766
1.8573000000188244e-05 767
1.8574000000270985e-05 768
1.8576999999631028e-05 767
1.858099999996199e-05 766
1.858500000029295e-05 765
1.860400000008866e-05 766
1.8633999999906337e-05 767
1.8663999999724012e-05 768
1.8664999999806753e-05 769
1.8665999999889493e-05 770
1.869599999970717e-05 771
1.8704999999563654e-05 770
1.8708999999894615e-05 769
1.8713000000225577e-05 768
1.871699999966836e-05 767
1.8726000000413023e-05 768
1.8726999999607585e-05 769
1.875700000031344e-05 770
1.875800000039618e-05 771
1.8758999999590742e-05 772
1.8789000000296596e-05 773
1.8790000000379337e-05 774
1.8820000000197012e-05 775
1.8821000000279753e-05 776
1.8836999999827242e-05 775
1.8841000000158203e-05 774
1.885100000009743e-05 775
1.885200000018017e-05 776
1.885300000026291e-05 777
1.8883000000080585e-05 778
1.8884000000163326e-05 779
1.8913999999981e-05 780
1.8915000000063742e-05 781
1.8944999999881418e-05 782
1.8945999999964158e-05 783
1.89470000000469e-05 784
1.8961000000317085e-05 783
1.896499999975987e-05 782
1.896900000009083e-05 781
1.897300000042179e-05 780
1.8976999999864574e-05 781
1.8977999999947315e-05 782
1.900799999976499e-05 783
1.900899999984773e-05 784
1.9038999999665407e-05 785
1.9039999999748147e-05 786
1.9069999999565823e-05 787
1.9092999999692495e-05 786
1.9097000000023456e-05 785
1.9100000000271677e-05 786
1.9101000000354418e-05 785
1.91049999997972e-05 784
1.9109000000128162e-05 783
1.9130000000089353e-05 784
1.9131000000172094e-05 785
1.916099999998977e-05 786
1.9190999999807445e-05 787
1.9191999999890186e-05 788
1.922199999970786e-05 789
1.9222999999790602e-05 790
1.9223999999873342e-05 791
1.9229000000287044e-05 790
1.9232999999729827e-05 789
1.923700000006079e-05 788
1.9253999999691018e-05 789
1.9284000000396873e-05 790
1.9284999999591435e-05 791
1.931500000029729e-05 792
1.931600000038003e-05 793
1.931699999957459e-05 794
1.9347000000280445e-05 795
1.9348000000363186e-05 796
1.9348999999557748e-05 797
1.9349999999640488e-05 798
1.935099999972323e-05 799
1.935700000021967e-05 798
1.9360999999662454e-05 797
1.9381000000429083e-05 798
1.9381999999623645e-05 799
1.9382999999706385e-05 800
1.941300000041224e-05 801
1.9443000000229915e-05 802
1.947300000004759e-05 803
1.9480999999821336e-05 802
1.9485000000152297e-05 801
1.948899999959508e-05 800
1.9502999999865267e-05 801
1.9503999999948007e-05 802
1.9533999999765683e-05 803
1.9534999999848424e-05 804
1.95649999996661e-05 805
1.956599999974884e-05 806
1.9595999999566516e-05 807
1.9596999999649256e-05 808
1.9608999999753962e-05 807
1.9613000000084924e-05 806
1.9617000000415885e-05 805
1.9620999999858668e-05 804
1.962700000035511e-05 805
1.9657000000172786e-05 806
1.9658000000255527e-05 807
1.9688000000073203e-05 808
1.971799999989088e-05 809
1.974100000001755e-05 808
1.9747999999708554e-05 809
1.977800000041441e-05 810
1.977899999960897e-05 811
1.9809000000314825e-05 812
1.98390000001325e-05 813
1.9861000000176432e-05 812
1.9868999999950177e-05 813
1.9870000000032917e-05 814
1.9871000000115657e-05 815
1.9900999999933333e-05 816
1.9902000000016073e-05 817
1.9903000000098814e-05 818
1.993299999991649e-05 819
1.9962999999734166e-05 820
1.9963999999816906e-05 821
1.9964999999899646e-05 822
1.9981000000335314e-05 821
1.9984999999778097e-05 820
1.9994999999717322e-05 821
2.0025000000423177e-05 822
2.002599999961774e-05 823
2.0056000000323593e-05 824
2.0057000000406333e-05 825
2.008700000022401e-05 826
2.008800000030675e-05 827
2.008900000038949e-05 828
2.008999999958405e-05 829
2.010499999993698e-05 828
2.010900000026794e-05 827
2.0120000000289906e-05 828
2.0150000000107582e-05 829
2.0151000000190322e-05 830
2.0152000000273063e-05 831
2.018200000009074e-05 832
2.0211999999908414e-05 833
2.0229000000426822e-05 832
2.0232999999869605e-05 831
2.0237000000200567e-05 830
2.024099999964335e-05 829
2.024199999972609e-05 830
2.024299999980883e-05 831
2.024399999989157e-05 832
2.0273999999709247e-05 833
2.0274999999791987e-05 834
2.0304999999609663e-05 835
2.0305999999692403e-05 836
2.0336000000398258e-05 837
2.0360999999802232e-05 836
2.0366000000215934e-05 837
2.0367000000298674e-05 838
2.039700000011635e-05 839
2.0426999999934026e-05 840
2.0428000000016766e-05 841
2.0457999999834442e-05 842
2.0480999999961114e-05 841
2.0485000000292075e-05 840
2.0487999999652118e-05 841
2.0488999999734858e-05 840
2.0518000000357972e-05 841
2.0519000000440712e-05 842
2.054900000025839e-05 843
2.055000000034113e-05 844
2.055100000042387e-05 845
2.055199999961843e-05 846
2.055299999970117e-05 847
2.0583000000407026e-05 848
2.0583999999601588e-05 849
2.0584999999684328e-05 850
2.060899999989374e-05 849
2.06130000002247e-05 848
2.0615000000390182e-05 849
2.0615999999584744e-05 850
2.0616999999667485e-05 849
2.0620999999998446e-05 848
2.06460000002906e-05 849
2.064700000037334e-05 850
2.06479999995679e-05 851
2.0678000000273755e-05 852
2.0679000000356496e-05 853
2.0680000000439236e-05 854
2.0680999999633798e-05 855
2.0711000000339652e-05 856
2.0741000000157328e-05 857
2.0741000000157328e-05 856
2.0770999999975004e-05 857
2.080099999979268e-05 858
2.080199999987542e-05 859
2.080299999995816e-05 860
2.08040000000409e-05 861
2.0833999999858577e-05 862
2.0834999999941317e-05 863
2.086100000031621e-05 862
2.0864999999758993e-05 863
2.0864999999758993e-05 862
2.0869000000089954e-05 861
2.089499999957667e-05 862
2.0925000000282523e-05 863
2.0926000000365264e-05 864
2.095600000018294e-05 865
2.0986000000000615e-05 866
2.0989000000248836e-05 865
2.101599999981829e-05 866
2.101699999990103e-05 867
2.1017999999983772e-05 868
2.1019000000066512e-05 869
2.1020000000149253e-05 870
2.104999999996693e-05 871
2.105100000004967e-05 872
2.1080999999867345e-05 873
2.1081999999950085e-05 874
2.1109000000407718e-05 873
2.111199999976776e-05 874
2.11129999998505e-05 875
2.11129999998505e-05 874
2.1117000000181463e-05 873
2.1120999999624246e-05 872
2.1142999999668177e-05 873
2.1143999999750918e-05 874
2.1173999999568593e-05 875
2.1174999999651334e-05 876
2.1205000000357188e-05 877
2.1235000000174864e-05 878
2.1240999999783128e-05 877
2.124500000011409e-05 876
2.1248999999556872e-05 875
2.126499999999254e-05 876
2.126600000007528e-05 877
2.126700000015802e-05 878
2.1296999999975696e-05 879
2.1326999999793372e-05 880
2.1327999999876113e-05 881
2.1328999999958853e-05 882
2.135899999977653e-05 883
2.1368999999715754e-05 882
2.1388999999594205e-05 883
2.141900000030006e-05 884
2.1449000000117735e-05 885
2.1450000000200475e-05 886
2.148000000001815e-05 887
2.148100000010089e-05 888
2.1488999999874636e-05 887
2.1493000000205598e-05 886
2.149699999964838e-05 885
2.1510999999918567e-05 886
2.1540999999736243e-05 887
2.1571000000442098e-05 888
2.1601000000259774e-05 889
2.1602000000342514e-05 890
2.1616999999807263e-05 889
2.1621000000138224e-05 888
2.163200000016019e-05 889
2.1661999999977866e-05 890
2.169199999979554e-05 891
2.1692999999878282e-05 892
2.1693999999961022e-05 893
2.1695000000043763e-05 894
2.172499999986144e-05 895
2.172599999994418e-05 896
2.172700000002692e-05 897
2.1741000000297106e-05 896
2.174499999973989e-05 895
2.174900000007085e-05 894
2.1756999999844595e-05 895
2.178699999966227e-05 896
2.1817000000368125e-05 897
2.18470000001858e-05 898
2.184800000026854e-05 899
2.1849000000351282e-05 900
2.1850000000434022e-05 901
2.1850999999628584e-05 902
2.1869000000229732e-05 901
2.188100000033444e-05 902
2.1911000000152114e-05 903
2.194099999996979e-05 904
2.1970999999787466e-05 905
2.1971999999870206e-05 906
2.1972999999952947e-05 907
2.1989000000388614e-05 906
2.2002999999770623e-05 907
2.2003999999853363e-05 908
2.203399999967104e-05 909
2.2064000000376893e-05 910
2.2064999999571455e-05 911
2.209500000027731e-05 912
2.2108999999659318e-05 911
2.211299999999028e-05 910
2.211700000032124e-05 909
2.2120999999764024e-05 908
2.2125000000094985e-05 909
2.2125000000094985e-05 908
2.2126000000177726e-05 909
2.2127000000260466e-05 910
2.2157000000078142e-05 911
2.2158000000160882e-05 912
2.2187999999978558e-05 913
2.21890000000613e-05 914
2.2218999999878974e-05 915
2.2245000000253867e-05 914
2.224899999969665e-05 915
2.224999999977939e-05 916
2.2279999999597067e-05 917
2.231000000030292e-05 918
2.2340000000120597e-05 919
2.2341000000203337e-05 920
2.2342000000286077e-05 921
2.2343000000368818e-05 922
2.234399999956338e-05 923
2.236500000041275e-05 922
2.2374000000269234e-05 923
2.240400000008691e-05 924
2.2433999999904586e-05 925
2.2434999999987326e-05 926
2.2436000000070067e-05 927
2.2437000000152807e-05 928
2.2438000000235547e-05 929
2.2439000000318288e-05 930
2.2469000000135964e-05 931
2.2484999999683453e-05 930
2.2489000000014414e-05 929
2.2493000000345376e-05 928
2.249899999995364e-05 929
2.250000000003638e-05 930
2.2529999999854056e-05 931
2.2530999999936796e-05 932
2.2560999999754472e-05 933
2.2561999999837212e-05 934
2.2591999999654888e-05 935
2.261299999961608e-05 934
2.2622000000360742e-05 935
2.2623000000443483e-05 936
2.265300000026116e-05 937
2.2683000000078835e-05 938
2.2684000000161575e-05 939
2.2685000000244315e-05 940
2.271500000006199e-05 941
2.273299999977496e-05 940
2.2744999999879667e-05 941
2.2745999999962407e-05 942
2.2747000000045148e-05 943
2.2748000000127888e-05 944
2.2777999999945564e-05 945
2.280799999976324e-05 946
2.2837999999580916e-05 947
2.2838999999663656e-05 948
2.2839999999746396e-05 949
2.2852999999933843e-05 948
2.2857000000264804e-05 947
2.2869999999564072e-05 948
2.2870999999646813e-05 949
2.2871999999729553e-05 950
2.2872999999812293e-05 951
2.2873999999895034e-05 952
2.2874999999977774e-05 953
2.290499999979545e-05 954
2.290599999987819e-05 955
2.290699999996093e-05 956
2.2936999999778607e-05 957
2.2966999999596283e-05 958
2.2977000000423686e-05 957
2.298099999986647e-05 956
2.298500000019743e-05 955
2.2988999999640214e-05 954
2.2992999999971175e-05 953
2.2997000000302137e-05 954
2.2997000000302137e-05 953
2.2998000000384877e-05 954
2.299899999957944e-05 955
2.300099999974492e-05 954
2.3029000000285293e-05 955
2.305900000010297e-05 956
2.306000000018571e-05 957
2.3090000000003386e-05 958
2.3091000000086126e-05 959
2.3120999999903802e-05 960
2.3120999999903802e-05 959
2.3125000000234763e-05 958
2.3128999999677546e-05 957
2.3133000000008508e-05 956
2.3150999999721478e-05 957
2.3151999999804218e-05 958
2.3181999999621894e-05 959
2.3212000000327748e-05 960
2.321300000041049e-05 961
2.3243000000228164e-05 962
2.325300000016739e-05 961
2.327300000004584e-05 962
2.327400000012858e-05 963
2.327500000021132e-05 964
2.327600000029406e-05 965
2.3277000000376802e-05 966
2.3307000000194478e-05 967
2.3308000000277218e-05 968
2.330900000035996e-05 969
2.33100000004427e-05 970
2.3340000000260375e-05 971
2.337000000007805e-05 972
2.337300000032627e-05 971
2.3399999999895726e-05 972
2.3429999999713402e-05 973
2.3430999999796143e-05 974
2.3431999999878883e-05 975
2.346199999969656e-05 976
2.34629999997793e-05 977
2.3492999999596975e-05 978
2.3492999999596975e-05 977
2.3496999999927937e-05 976
2.3501000000258898e-05 975
2.352300000030283e-05 976
2.352400000038557e-05 977
2.3554000000203246e-05 978
2.3555000000285986e-05 979
2.3556000000368726e-05 980
2.355699999956329e-05 981
2.3587000000269143e-05 982
2.361700000008682e-05 983
2.362100000041778e-05 982
2.3624999999860563e-05 981
2.3629000000191525e-05 980
2.3632999999634308e-05 979
2.363699999996527e-05 978
2.3646999999904494e-05 979
2.367699999972217e-05 980
2.3707000000428025e-05 981
2.37370000002457e-05 982
2.373800000032844e-05 983
2.375700000012415e-05 982
2.3768000000146117e-05 983
2.3769000000228857e-05 984
2.3770000000311597e-05 985
2.3800000000129273e-05 986
2.3801000000212014e-05 987
2.383100000002969e-05 988
2.383200000011243e-05 989
2.3861999999930106e-05 990
2.3863000000012846e-05 991
2.3864000000095587e-05 992
2.3865000000178327e-05 993
2.3877000000283033e-05 992
2.3880999999725816e-05 991
2.3885000000056777e-05 990
2.3894999999996003e-05 991
2.3896000000078743e-05 992
2.3897000000161484e-05 993
2.3898000000244224e-05 994
2.3899000000326964e-05 995
2.3900000000409705e-05 996
2.393000000022738e-05 997
2.3960000000045056e-05 998
2.3989999999862732e-05 999
2.400500000021566e-05 998
2.4019999999680408e-05 999
2.4050000000386262e-05 1000
2.4050999999580824e-05 1001
2.4051999999663565e-05 1002
2.4052999999746305e-05 1003
2.4053999999829045e-05 1004
2.408399999964672e-05 1005
2.4084999999729462e-05 1006
2.4115000000435316e-05 1007
2.4115999999629878e-05 1008
2.411699999971262e-05 1009
2.411799999979536e-05 1010
2.412500000037454e-05 1009
2.4128999999817324e-05 1008
2.4132000000065545e-05 1009
2.4133000000148286e-05 1008
2.413699999959107e-05 1007
2.414099999992203e-05 1006
2.4145000000252992e-05 1005
2.4148999999695775e-05 1004
2.416199999988322e-05 1005
2.4162999999965962e-05 1006
2.4164000000048702e-05 1007
2.4193999999866378e-05 1008
2.419499999994912e-05 1009
2.4224999999766794e-05 1010
2.425499999958447e-05 1011
2.425599999966721e-05 1012
2.425699999974995e-05 1013
2.425799999983269e-05 1014
2.425899999991543e-05 1015
2.4268999999854657e-05 1014
2.427300000018562e-05 1013
2.42769999996284e-05 1012
2.4280999999959363e-05 1011
2.4288999999733107e-05 1012
2.4289999999815848e-05 1013
2.4319999999633524e-05 1014
2.4350000000339378e-05 1015
2.4380000000157054e-05 1016
2.4381000000239794e-05 1017
2.4401000000118245e-05 1016
2.4404999999561028e-05 1015
2.440899999989199e-05 1014
2.441100000005747e-05 1015
2.441300000022295e-05 1014
2.4416999999665734e-05 1013
2.4440999999875146e-05 1014
2.4470999999692822e-05 1015
2.4471999999775562e-05 1016
2.4501999999593238e-05 1017
2.4532000000299092e-05 1018
2.4533000000381833e-05 1019
2.4536999999824616e-05 1018
2.4541000000155577e-05 1017
2.456300000019951e-05 1018
2.4593000000017184e-05 1019
2.462299999983486e-05 1020
2.46239999999176e-05 1021
2.462500000000034e-05 1022
2.4654999999818017e-05 1023
2.4655999999900757e-05 1024
2.466100000031446e-05 1023
2.4685999999718433e-05 1024
2.4686999999801174e-05 1025
2.4687999999883914e-05 1026
2.4688999999966654e-05 1027
2.471899999978433e-05 1028
2.471999999986707e-05 1029
2.472099999994981e-05 1030
2.4750999999767487e-05 1031
2.4780999999585163e-05 1032
2.4780999999585163e-05 1031
2.4784999999916124e-05 1030
2.4789000000247086e-05 1029
2.4811000000291017e-05 1030
2.4841000000108693e-05 1031
2.487099999992637e-05 1032
2.487200000000911e-05 1033
2.487300000009185e-05 1034
2.4902999999909525e-05 1035
2.4909000000405968e-05 1034
2.491299999984875e-05 1033
2.49329999997272e-05 1034
2.493399999980994e-05 1035
2.4934999999892682e-05 1036
2.4935999999975422e-05 1037
2.4937000000058163e-05 1038
2.4938000000140903e-05 1039
2.496799999995858e-05 1040
2.496900000004132e-05 1041
2.497000000012406e-05 1042
2.4999999999941735e-05 1043
2.5001000000024476e-05 1044
2.5002000000107216e-05 1045
2.5031999999924892e-05 1046
2.5033000000007632e-05 1047
2.5033000000007632e-05 1046
2.5034000000090373e-05 1047
2.5035000000173113e-05 1048
2.506499999999079e-05 1049
2.5094999999808465e-05 1050
2.512499999962614e-05 1051
2.5153000000166514e-05 1050
2.5155000000331995e-05 1051
2.5156999999609297e-05 1050
2.516099999994026e-05 1049
2.516500000027122e-05 1048
2.518500000014967e-05 1049
2.518600000023241e-05 1050
2.5216000000050087e-05 1051
2.5217000000132828e-05 1052
2.5218000000215568e-05 1053
2.521900000029831e-05 1054
2.5249000000115984e-05 1055
2.527899999993366e-05 1056
2.52800000000164e-05 1057
2.528100000009914e-05 1058
2.5285000000430102e-05 1057
2.5288999999872885e-05 1056
2.5310999999916817e-05 1057
2.5311999999999557e-05 1058
2.5313000000082297e-05 1059
2.5342999999899973e-05 1060
2.5343999999982714e-05 1061
2.5345000000065454e-05 1062
2.5346000000148194e-05 1063
2.537599999996587e-05 1064
2.5405999999783546e-05 1065
2.5406999999866287e-05 1066
2.5407999999949027e-05 1067
2.5409000000031767e-05 1068
2.5409000000031767e-05 1067
2.5410000000114508e-05 1068
2.5439999999932184e-05 1069
2.546999999974986e-05 1070
2.5499999999567535e-05 1071
2.552900000019065e-05 1070
2.553000000027339e-05 1071
2.5532999999633432e-05 1070
2.5536999999964394e-05 1069
2.5560000000091065e-05 1070
2.558999999990874e-05 1071
2.559099999999148e-05 1072
2.5592000000074222e-05 1073
2.5593000000156962e-05 1074
2.5622999999974638e-05 1075
2.5652999999792314e-05 1076
2.5657000000123276e-05 1075
2.566099999956606e-05 1074
2.566499999989702e-05 1073
2.568299999960999e-05 1074
2.5713000000315844e-05 1075
2.5714000000398585e-05 1076
2.574400000021626e-05 1077
2.5774000000033936e-05 1078
2.5775000000116677e-05 1079
2.5785000000055902e-05 1078
2.5789000000386864e-05 1077
2.5804999999934353e-05 1078
2.583499999975203e-05 1079
2.5864999999569704e-05 1080
2.5865999999652445e-05 1081
2.5866999999735185e-05 1082
2.589700000044104e-05 1083
2.5908999999657567e-05 1082
2.591299999998853e-05 1081
2.591700000031949e-05 1080
2.5927000000258715e-05 1081
2.5928000000341456e-05 1082
2.595800000015913e-05 1083
2.5959000000241872e-05 1084
2.5989000000059548e-05 1085
2.5990000000142288e-05 1086
2.599100000022503e-05 1087
2.6021000000042704e-05 1088
2.6036999999590194e-05 1087
2.605099999986038e-05 1088
2.6080999999678056e-05 1089
2.6081999999760797e-05 1090
2.6111999999578472e-05 1091
2.6142000000284327e-05 1092
2.6156999999749075e-05 1091
2.6161000000080037e-05 1090
2.6165000000411e-05 1089
2.616899999985378e-05 1088
2.6172000000102003e-05 1089
2.620199999991968e-05 1090
2.6231999999737354e-05 1091
2.626200000044321e-05 1092
2.6289000000012663e-05 1091
2.6292000000260884e-05 1092
2.6293000000343625e-05 1091
2.6296999999786408e-05 1090
2.630100000011737e-05 1089
2.6304999999560152e-05 1088
2.632200000007856e-05 1089
2.63230000001613e-05 1090
2.6352999999978977e-05 1091
2.6382999999796652e-05 1092
2.641299999961433e-05 1093
2.6424999999719034e-05 1092
2.6443000000320183e-05 1093
2.647300000013786e-05 1094
2.6502999999955534e-05 1095
2.653299999977321e-05 1096
2.6544999999877916e-05 1095
2.6562999999590886e-05 1096
2.659300000029674e-05 1097
2.6623000000114416e-05 1098
2.6652999999932092e-05 1099
2.6665000000036798e-05 1098
2.6682999999749768e-05 1099
2.6712999999567444e-05 1100
2.6743000000273298e-05 1101
2.6773000000090974e-05 1102
2.678500000019568e-05 1101
2.6788999999638463e-05 1100
2.6792999999969425e-05 1099
2.680299999990865e-05 1100
2.6832999999726326e-05 1101
2.686300000043218e-05 1102
2.6893000000249856e-05 1103
2.6913000000128307e-05 1102
2.6923000000067532e-05 1103
2.6952999999885208e-05 1104
2.6982999999702884e-05 1105
2.7013000000408738e-05 1106
2.703300000028719e-05 1105
2.703699999972997e-05 1104
2.7041000000060933e-05 1103
2.7043000000226414e-05 1104
2.7045000000391894e-05 1103
2.7048999999834678e-05 1102
2.705300000016564e-05 1101
2.707300000004409e-05 1102
2.7102999999861765e-05 1103
2.713299999967944e-05 1104
2.7163000000385296e-05 1105
2.717300000032452e-05 1104
2.719300000020297e-05 1105
2.7223000000020647e-05 1106
2.7252999999838323e-05 1107
2.7282999999656e-05 1108
2.7292999999595224e-05 1107
2.7313000000361853e-05 1108
2.734300000017953e-05 1109
2.7372999999997205e-05 1110
2.740299999981488e-05 1111
2.7412999999754106e-05 1110
2.7417000000085068e-05 1109
2.7432999999632557e-05 1110
2.746300000033841e-05 1111
2.7493000000156087e-05 1112
2.7522999999973763e-05 1113
2.753700000024395e-05 1112
2.7540999999686733e-05 1111
2.7545000000017694e-05 1110
2.7549000000348656e-05 1109
2.755299999979144e-05 1110
2.7582999999609115e-05 1111
2.761300000031497e-05 1112
2.7643000000132645e-05 1113
2.766899999961936e-05 1112
2.767299999995032e-05 1113
2.7702999999767997e-05 1114
2.7732999999585672e-05 1115
2.7763000000291527e-05 1116
2.778899999977824e-05 1115
2.7793000000109203e-05 1116
2.7793000000109203e-05 1115
2.7797000000440164e-05 1114
2.7800999999882947e-05 1113
2.780500000021391e-05 1112
2.782299999992688e-05 1113
2.7852999999744554e-05 1114
2.7873999999705745e-05 1115
2.788299999956223e-05 1116
2.7913000000268084e-05 1117
2.792500000037279e-05 1116
2.7928999999815574e-05 1115
2.794300000008576e-05 1116
2.7972999999903436e-05 1117
2.8002999999721112e-05 1118
2.8033000000426966e-05 1119
2.8048999999974455e-05 1118
2.8063000000244642e-05 1119
2.8093000000062318e-05 1120
2.8122999999879994e-05 1121
2.815299999969767e-05 1122
2.8169000000133337e-05 1121
2.817299999957612e-05 1120
2.8183000000403524e-05 1121
2.82130000002212e-05 1122
2.8243000000038876e-05 1123
2.8272999999856552e-05 1124
2.8292999999735002e-05 1123
2.8297000000065964e-05 1122
2.8301000000396925e-05 1121
2.8302999999674228e-05 1122
2.8333000000380082e-05 1123
2.8363000000197758e-05 1124
2.8393000000015434e-05 1125
2.842099999966763e-05 1124
2.842299999983311e-05 1125
2.842499999999859e-05 1124
2.8429000000329552e-05 1123
2.8452999999650785e-05 1124
2.848300000035664e-05 1125
2.8513000000174316e-05 1126
2.854299999999199e-05 1127
2.8548999999600255e-05 1126
2.8572999999809667e-05 1127
2.8602999999627343e-05 1128
2.8633000000333197e-05 1129
2.8663000000150873e-05 1130
2.8668999999759137e-05 1129
2.86730000000901e-05 1128
2.867700000042106e-05 1127
2.8680999999863843e-05 1126
2.869299999996855e-05 1127
2.8722999999786225e-05 1128
2.87529999996039e-05 1129
2.8783000000309755e-05 1130
2.8801000000022725e-05 1129
2.8805000000353687e-05 1128
2.880899999979647e-05 1127
2.881300000012743e-05 1128
2.881300000012743e-05 1127
2.8842999999945107e-05 1128
2.8872999999762783e-05 1129
2.890299999958046e-05 1130
2.8933000000286313e-05 1131
2.8933000000286313e-05 1130
2.8936999999729096e-05 1129
2.896300000010399e-05 1130
2.8992999999921665e-05 1131
2.902299999973934e-05 1132
2.9052999999557017e-05 1133
2.9056999999887978e-05 1132
2.908300000026287e-05 1133
2.9113000000080547e-05 1134
2.9142999999898223e-05 1135
2.91729999997159e-05 1136
2.917700000004686e-05 1135
2.918100000037782e-05 1134
2.9184999999820604e-05 1133
2.9189000000151566e-05 1132
2.919299999959435e-05 1131
2.919699999992531e-05 1130
2.9201000000256272e-05 1129
2.9203000000421753e-05 1130
2.9204999999699055e-05 1129
2.9209000000030017e-05 1128
2.9213000000360978e-05 1127
2.923300000023943e-05 1128
2.9263000000057104e-05 1129
2.929299999987478e-05 1130
2.9322999999692456e-05 1131
2.933299999963168e-05 1130
2.935300000039831e-05 1131
2.9383000000215986e-05 1132
2.9413000000033662e-05 1133
2.9442999999851338e-05 1134
2.9452999999790563e-05 1133
2.9457000000121525e-05 1132
2.9460999999564308e-05 1131
2.946499999989527e-05 1130
2.946900000022623e-05 1129
2.9472999999669014e-05 1130
2.9472999999669014e-05 1129
2.9476999999999975e-05 1128
2.9481000000330937e-05 1127
2.948499999977372e-05 1126
2.9503000000374868e-05 1127
2.9533000000192544e-05 1128
2.956300000001022e-05 1129
2.9592999999827896e-05 1130
2.9604999999932602e-05 1129
2.9609000000263563e-05 1128
2.9612999999706346e-05 1127
2.9617000000037308e-05 1126
2.962100000036827e-05 1125
2.9622999999645572e-05 1126
2.9624999999811052e-05 1125
2.9653000000351426e-05 1126
2.9683000000169102e-05 1127
2.9712999999986778e-05 1128
2.9742999999804454e-05 1129
2.9744999999969934e-05 1128
2.977299999962213e-05 1129
2.9803000000327984e-05 1130
2.983300000014566e-05 1131
2.9862999999963336e-05 1132
2.9865000000128816e-05 1131
2.989299999978101e-05 1132
2.9922999999598687e-05 1133
2.995300000030454e-05 1134
2.9983000000122217e-05 1135
2.9985000000287698e-05 1134
3.0012999999939893e-05 1135
3.004299999975757e-05 1136
3.0072999999575245e-05 1137
3.01030000002811e-05 1138
3.01049999995584e-05 1137
3.0108999999889363e-05 1136
3.0113000000220325e-05 1135
3.0116999999663108e-05 1134
3.012099999999407e-05 1133
3.012500000032503e-05 1132
3.0128999999767814e-05 1131
3.0133000000098775e-05 1132
3.0133000000098775e-05 1131
3.0137000000429737e-05 1130
3.014099999987252e-05 1129
3.016299999991645e-05 1130
3.0192999999734127e-05 1131
3.022300000043998e-05 1132
3.0253000000257657e-05 1133
3.02610000000314e-05 1132
3.0283000000075333e-05 1133
3.031299999989301e-05 1134
3.0342999999710685e-05 1135
3.037300000041654e-05 1136
3.0381000000190284e-05 1135
3.0384999999633067e-05 1134
3.0388999999964028e-05 1133
3.0403000000234215e-05 1134
3.043300000005189e-05 1135
3.0462999999869567e-05 1136
3.0492999999687243e-05 1137
3.050900000012291e-05 1136
3.0512999999565693e-05 1135
3.0516999999896655e-05 1134
3.0521000000227616e-05 1133
3.05230000003931e-05 1134
3.05249999996704e-05 1133
3.052900000000136e-05 1132
3.055300000021077e-05 1133
3.058300000002845e-05 1134
3.0612999999846124e-05 1135
3.06429999996638e-05 1136
3.064900000016024e-05 1135
3.0673000000369655e-05 1136
3.070300000018733e-05 1137
3.0733000000005006e-05 1138
3.076299999982268e-05 1139
3.0769000000319124e-05 1138
3.077299999976191e-05 1137
3.077700000009287e-05 1136
3.078100000042383e-05 1135
3.0784999999866614e-05 1134
3.0789000000197575e-05 1133
3.079299999964036e-05 1134
3.082300000034621e-05 1135
3.085300000016389e-05 1136
3.0882999999981564e-05 1137
3.090900000035646e-05 1136
3.091299999979924e-05 1137
3.091299999979924e-05 1136
3.09170000001302e-05 1135
3.0942999999616916e-05 1136
3.097300000032277e-05 1137
3.1003000000140446e-05 1138
3.103299999995812e-05 1139
3.103700000028908e-05 1138
3.10629999997758e-05 1139
3.1092999999593474e-05 1140
3.112300000029933e-05 1141
3.1153000000117004e-05 1142
3.115699999955979e-05 1141
3.116099999989075e-05 1140
3.116500000022171e-05 1139
3.118299999993468e-05 1140
3.1212999999752356e-05 1141
3.124299999957003e-05 1142
3.1273000000275886e-05 1143
3.128500000038059e-05 1142
3.130300000009356e-05 1143
3.133299999991124e-05 1144
3.136299999972891e-05 1145
3.139300000043477e-05 1146
3.1404999999651295e-05 1145
3.1423000000252443e-05 1146
3.145300000007012e-05 1147
3.1482999999887795e-05 1148
3.151299999970547e-05 1149
3.152499999981018e-05 1148
3.1543000000411325e-05 1149
3.1573000000229e-05 1150
3.160300000004668e-05 1151
3.163299999986435e-05 1152
3.164499999996906e-05 1151
3.164900000030002e-05 1150
3.166299999968203e-05 1151
3.169300000038788e-05 1152
3.172300000020556e-05 1153
3.1753000000023235e-05 1154
3.1768999999570724e-05 1153
3.178299999984091e-05 1154
3.1812999999658587e-05 1155
3.184300000036444e-05 1156
3.187300000018212e-05 1157
3.1888999999729606e-05 1156
3.189300000006057e-05 1155
3.190299999999979e-05 1156
3.193299999981747e-05 1157
3.1962999999635144e-05 1158
3.1993000000341e-05 1159
3.201300000021945e-05 1158
3.201699999966223e-05 1157
3.2020999999993194e-05 1156
3.2023000000158675e-05 1157
3.2025000000324155e-05 1156
3.202899999976694e-05 1155
3.20330000000979e-05 1154
3.205299999997635e-05 1155
3.2082999999794026e-05 1156
3.21129999996117e-05 1157
3.2143000000317556e-05 1158
3.215300000025678e-05 1157
3.217300000013523e-05 1158
3.220299999995291e-05 1159
3.2232999999770584e-05 1160
3.226299999958826e-05 1161
3.2273000000415664e-05 1160
3.227699999985845e-05 1159
3.228100000018941e-05 1158
3.228499999963219e-05 1157
3.228899999996315e-05 1156
3.2293000000294114e-05 1157
3.2293000000294114e-05 1156
3.22969999997369e-05 1155
3.232300000011179e-05 1156
3.2352999999929466e-05 1157
3.238299999974714e-05 1158
3.241299999956482e-05 1159
3.241699999989578e-05 1158
3.244300000027067e-05 1159
3.247300000008835e-05 1160
3.2502999999906024e-05 1161
3.25329999997237e-05 1162
3.253700000005466e-05 1161
3.2563000000429554e-05 1162
3.259300000024723e-05 1163
3.2623000000064906e-05 1164
3.265299999988258e-05 1165
3.265700000021354e-05 1164
3.2660999999656326e-05 1163
3.266499999998729e-05 1162
3.266900000031825e-05 1161
3.267299999976103e-05 1160
3.268299999970026e-05 1161
3.271300000040611e-05 1162
3.274300000022379e-05 1163
3.2773000000041463e-05 1164
3.2792999999919914e-05 1163
3.2797000000250875e-05 1162
3.280099999969366e-05 1161
3.280299999985914e-05 1162
3.280500000002462e-05 1161
3.280900000035558e-05 1160
3.2832999999676815e-05 1161
3.286300000038267e-05 1162
3.2893000000200345e-05 1163
3.292300000001802e-05 1164
3.2928999999626285e-05 1163
3.2932999999957246e-05 1162
3.29529999998357e-05 1163
3.298299999965337e-05 1164
3.301300000035923e-05 1165
3.30430000001769e-05 1166
3.305300000011613e-05 1165
3.305699999955891e-05 1164
3.306099999988987e-05 1163
3.307299999999458e-05 1164
3.3102999999812255e-05 1165
3.313299999962993e-05 1166
3.3163000000335785e-05 1167
3.3181000000048755e-05 1166
3.319300000015346e-05 1167
3.322299999997114e-05 1168
3.325299999978881e-05 1169
3.328299999960649e-05 1170
3.330100000020764e-05 1169
3.330499999965042e-05 1168
3.330899999998138e-05 1167
3.331300000031234e-05 1168
3.334300000013002e-05 1169
3.3372999999947695e-05 1170
3.340299999976537e-05 1171
3.342900000014026e-05 1170
3.3432999999583046e-05 1171
3.34630000002889e-05 1172
3.3493000000106576e-05 1173
3.352299999992425e-05 1174
3.3549000000299145e-05 1173
3.355299999974193e-05 1174
3.355299999974193e-05 1173
3.355700000007289e-05 1172
3.3582999999559604e-05 1173
3.361300000026546e-05 1174
3.3643000000083134e-05 1175
3.367299999990081e-05 1176
3.367700000023177e-05 1175
3.3702999999718486e-05 1176
3.373300000042434e-05 1177
3.3763000000242016e-05 1178
3.379300000005969e-05 1179
3.3797000000390653e-05 1178
3.3800999999833437e-05 1177
3.38050000001644e-05 1176
3.382299999987737e-05 1177
3.3852999999695044e-05 1178
3.38830000004009e-05 1179
3.3913000000218574e-05 1180
3.392500000032328e-05 1179
3.394300000003625e-05 1180
3.3972999999853926e-05 1181
3.40029999996716e-05 1182
3.4033000000377456e-05 1183
3.404499999959398e-05 1182
3.4048999999924945e-05 1181
3.406300000019513e-05 1182
3.409300000001281e-05 1183
3.412299999983048e-05 1184
3.415299999964816e-05 1185
3.416900000008383e-05 1184
3.417300000041479e-05 1183
3.417699999985757e-05 1182
3.4183000000354014e-05 1183
3.421300000017169e-05 1184
3.4242999999989365e-05 1185
3.427299999980704e-05 1186
3.429700000001645e-05 1185
3.430299999962472e-05 1186
3.433300000033057e-05 1187
3.436300000014825e-05 1188
3.439299999996592e-05 1189
3.4417000000175335e-05 1188
3.442099999961812e-05 1187
3.44229999997836e-05 1188
3.4452999999601275e-05 1189
3.448300000030713e-05 1190
3.4513000000124805e-05 1191
3.4540999999777e-05 1190
3.454299999994248e-05 1191
3.454500000010796e-05 1190
3.457299999976016e-05 1191
3.460299999957783e-05 1192
3.463300000028369e-05 1193
3.466300000010136e-05 1194
3.4665000000266843e-05 1193
3.4668999999709627e-05 1192
3.467300000004059e-05 1191
3.469299999991904e-05 1192
3.4722999999736714e-05 1193
3.475300000044257e-05 1194
3.4783000000260245e-05 1195
3.479300000019947e-05 1194
3.479699999964225e-05 1193
3.481300000007792e-05 1194
3.4842999999895596e-05 1195
3.487299999971327e-05 1196
3.488199999956976e-05 1197
3.4903000000419127e-05 1198
3.4916999999801135e-05 1197
3.49330000002368e-05 1198
3.496300000005448e-05 1199
3.4992999999872154e-05 1200
3.502299999968983e-05 1201
3.503699999996002e-05 1200
3.504100000029098e-05 1199
3.5053000000395684e-05 1200
3.508300000021336e-05 1201
3.5113000000031036e-05 1202
3.514299999984871e-05 1203
3.516099999956168e-05 1202
3.517299999966639e-05 1203
3.520300000037224e-05 1204
3.523300000018992e-05 1205
3.5263000000007594e-05 1206
3.5280999999720564e-05 1205
3.5285000000051525e-05 1204
3.528900000038249e-05 1203
3.529299999982527e-05 1204
3.5322999999642946e-05 1205
3.53530000003488e-05 1206
3.5383000000166476e-05 1207
3.540899999965319e-05 1206
3.541299999998415e-05 1207
3.541299999998415e-05 1206
3.544299999980183e-05 1207
3.54729999996195e-05 1208
3.550300000032536e-05 1209
3.5533000000143034e-05 1210
3.5533000000143034e-05 1209
3.556299999996071e-05 1210
3.5592999999778385e-05 1211
3.562299999959606e-05 1212
3.5653000000301915e-05 1213
3.5653000000301915e-05 1212
3.56569999997447e-05 1211
3.566100000007566e-05 1210
3.568300000011959e-05 1211
3.571299999993727e-05 1212
3.574299999975494e-05 1213
3.577299999957262e-05 1214
3.578100000023454e-05 1213
3.580300000027847e-05 1214
3.583300000009615e-05 1215
3.5862999999913825e-05 1216
3.58929999997315e-05 1217
3.5901000000393424e-05 1216
3.5923000000437355e-05 1217
3.595300000025503e-05 1218
3.598300000007271e-05 1219
3.601299999989038e-05 1220
3.602099999966413e-05 1219
3.602499999999509e-05 1218
3.604299999970806e-05 1219
3.607300000041391e-05 1220
3.610300000023159e-05 1221
3.6133000000049265e-05 1222
3.614500000015397e-05 1221
3.616299999986694e-05 1222
3.6192999999684616e-05 1223
3.622300000039047e-05 1224
3.6253000000208147e-05 1225
3.626500000031285e-05 1224
3.6268999999755636e-05 1223
3.62730000000866e-05 1222
3.627700000041756e-05 1221
3.628099999986034e-05 1220
3.628300000002582e-05 1221
3.63129999998435e-05 1222
3.6342999999661174e-05 1223
3.637300000036703e-05 1224
3.6401000000019224e-05 1223
3.6403000000184704e-05 1224
3.643300000000238e-05 1225
3.6462999999820056e-05 1226
3.649299999963773e-05 1227
3.6521000000178105e-05 1226
3.6523000000343586e-05 1227
3.652499999962089e-05 1226
3.652899999995185e-05 1225
3.653300000028281e-05 1224
3.6536999999725595e-05 1223
3.6541000000056556e-05 1222
3.655300000016126e-05 1223
3.658299999997894e-05 1224
3.6612999999796614e-05 1225
3.664299999961429e-05 1226
3.666100000021544e-05 1225
3.6673000000320144e-05 1226
3.670300000013782e-05 1227
3.6732999999955496e-05 1228
3.676299999977317e-05 1229
3.678100000037432e-05 1228
3.67849999998171e-05 1227
3.6789000000148064e-05 1226
3.679299999959085e-05 1227
3.679299999959085e-05 1226
3.68230000002967e-05 1227
3.685300000011438e-05 1228
3.6882999999932053e-05 1229
3.691299999974973e-05 1230
3.691299999974973e-05 1229
3.6942999999567405e-05 1230
3.697300000027326e-05 1231
3.7003000000090935e-05 1232
3.703299999990861e-05 1233
3.703299999990861e-05 1232
3.703700000023957e-05 1231
3.706299999972629e-05 1232
3.709300000043214e-05 1233
3.712300000024982e-05 1234
3.715300000006749e-05 1235
3.7157000000398455e-05 1234
3.718299999988517e-05 1235
3.7212999999702845e-05 1236
3.72430000004087e-05 1237
3.7273000000226375e-05 1238
3.727699999966916e-05 1237
3.728100000000012e-05 1236
3.730300000004405e-05 1237
3.733299999986173e-05 1238
3.73629999996794e-05 1239
3.739300000038526e-05 1240
3.7401000000159e-05 1239
3.742300000020293e-05 1240
3.7445000000246864e-05 1241
3.745300000002061e-05 1242
3.7482999999838285e-05 1243
3.751299999965596e-05 1244
3.7521000000317883e-05 1243
3.7524999999760666e-05 1242
3.752900000009163e-05 1241
3.7543000000361815e-05 1242
3.757300000017949e-05 1243
3.7602999999997166e-05 1244
3.763299999981484e-05 1245
3.764900000025051e-05 1244
3.766299999963252e-05 1245
3.769300000033837e-05 1246
3.772300000015605e-05 1247
3.7752999999973724e-05 1248
3.776900000040939e-05 1247
3.7772999999852175e-05 1246
3.77829999997914e-05 1247
3.7812999999609076e-05 1248
3.782699999987926e-05 1249
3.785699999969694e-05 1250
3.788700000040279e-05 1251
3.789300000001106e-05 1250
3.79009999997848e-05 1251
3.793099999960248e-05 1252
3.796100000030833e-05 1253
3.799100000012601e-05 1254
3.8005000000396194e-05 1255
3.801300000016994e-05 1254
3.803500000021387e-05 1255
3.8065000000031546e-05 1256
3.809499999984922e-05 1257
3.81249999996669e-05 1258
3.813300000032882e-05 1257
3.8136999999771604e-05 1256
3.8141000000102565e-05 1255
3.815500000037275e-05 1256
3.818500000019043e-05 1257
3.8215000000008104e-05 1258
3.824499999982578e-05 1259
3.826100000026145e-05 1258
3.826499999970423e-05 1257
3.826900000003519e-05 1256
3.827300000036615e-05 1255
3.8392999999636857e-05 1254
3.84719999999561e-05 1255
3.851299999979574e-05 1254
3.85170000001267e-05 1255
3.85170000001267e-05 1254
3.852099999956948e-05 1253
3.8640999999728365e-05 1252
3.8645000000059326e-05 1251
3.864900000039029e-05 1250
3.866700000010326e-05 1251
3.876899999966099e-05 1250
3.877299999999195e-05 1249
3.877400000007469e-05 1250
3.8893000000150835e-05 1249
3.9013000000309717e-05 1248
3.913299999958042e-05 1247
3.913699999991138e-05 1246
3.9257000000070263e-05 1245
3.9261000000401225e-05 1244
3.926499999984401e-05 1243
3.938500000000289e-05 1242
3.938900000033385e-05 1241
3.9508999999604555e-05 1240
3.962899999976344e-05 1239
3.96330000000944e-05 1238
3.963700000042536e-05 1237
3.964099999986814e-05 1236
3.9645000000199104e-05 1235
3.9765000000357986e-05 1234
3.988499999962869e-05 1233
3.99020000001471e-05 1234
4.000499999978757e-05 1233
4.000900000011853e-05 1232
4.0012999999561316e-05 1231
4.001699999989228e-05 1230
4.002100000022324e-05 1229
4.014100000038212e-05 1228
4.0260999999652824e-05 1227
4.0264999999983786e-05 1226
4.026900000031475e-05 1225
4.027299999975753e-05 1224
4.039299999991641e-05 1223
4.0397000000247374e-05 1222
4.0517000000406256e-05 1221
4.052099999984904e-05 1220
4.064100000000792e-05 1219
4.064500000033888e-05 1218
4.0648999999781665e-05 1217
4.076899999994055e-05 1216
4.088900000009943e-05 1215
4.100900000025831e-05 1214
4.1012999999701094e-05 1213
4.1017000000032056e-05 1212
4.102100000036302e-05 1211
4.10249999998058e-05 1210
4.111700000031249e-05 1211
4.114499999996468e-05 1210
4.1149000000295644e-05 1209
4.1152999999738427e-05 1208
4.1248999999687896e-05 1209
4.127299999989731e-05 1208
4.127700000022827e-05 1207
4.128099999967105e-05 1206
4.1285000000002015e-05 1205
4.1286000000084755e-05 1206
4.1405000000160896e-05 1205
4.1420999999708386e-05 1206
4.152500000031978e-05 1205
4.15629999999112e-05 1206
4.1634999999651257e-05 1207
4.164499999959048e-05 1206
4.164899999992144e-05 1205
4.166500000035711e-05 1206
4.1769000000080325e-05 1205
4.177300000041129e-05 1204
4.177699999985407e-05 1203
4.178100000018503e-05 1202
4.1784999999627814e-05 1201
4.1904999999786696e-05 1200
4.202499999994558e-05 1199
4.202900000027654e-05 1198
4.203299999971932e-05 1197
4.2152999999878205e-05 1196
4.2157000000209166e-05 1195
4.216099999965195e-05 1194
4.228099999981083e-05 1193
4.228500000014179e-05 1192
4.2288999999584576e-05 1191
4.239100000003049e-05 1192
4.240899999974346e-05 1191
4.241300000007442e-05 1190
4.241700000040538e-05 1189
4.2536999999676084e-05 1188
4.2541000000007045e-05 1187
4.254500000033801e-05 1186
4.254899999978079e-05 1185
4.266899999993967e-05 1184
4.2789000000098554e-05 1183
4.2793000000429515e-05 1182
4.291299999970022e-05 1181
4.2985000000328455e-05 1182
4.30329999998591e-05 1181
4.303700000019006e-05 1180
4.3040999999632845e-05 1179
4.310499999959916e-05 1180
4.316099999979173e-05 1179
4.316500000012269e-05 1178
4.316899999956547e-05 1177
4.3288999999724354e-05 1176
4.3293000000055315e-05 1175
4.34130000002142e-05 1174
4.341699999965698e-05 1173
4.353699999981586e-05 1172
4.354100000014682e-05 1171
4.359700000033939e-05 1172
4.3661000000305705e-05 1171
4.366499999974849e-05 1170
4.366900000007945e-05 1169
4.378900000023833e-05 1168
4.388600000027054e-05 1169
4.3909000000397214e-05 1168
4.391299999984e-05 1167
4.403299999999888e-05 1166
4.415300000015776e-05 1165
4.4156999999600544e-05 1164
4.4276999999759425e-05 1163
4.428100000009039e-05 1162
4.428500000042135e-05 1161
4.440499999969205e-05 1160
4.4409000000023013e-05 1159
4.4413000000353975e-05 1158
4.441699999979676e-05 1157
4.448500000009403e-05 1158
4.453699999995564e-05 1157
4.45410000002866e-05 1156
4.4660999999557305e-05 1155
4.4664999999888266e-05 1154
4.466900000021923e-05 1153
4.478900000037811e-05 1152
4.479299999982089e-05 1151
4.4912999999979775e-05 1150
4.5033000000138657e-05 1149
4.503699999958144e-05 1148
4.515699999974032e-05 1147
4.516100000007128e-05 1146
4.5165000000402244e-05 1145
4.528499999967295e-05 1144
4.540499999983183e-05 1143
4.540900000016279e-05 1142
4.552900000032167e-05 1141
4.564899999959238e-05 1140
4.565299999992334e-05 1139
4.577300000008222e-05 1138
4.577700000041318e-05 1137
4.5780999999855965e-05 1136
4.5881000000136396e-05 1137
4.5901000000014847e-05 1136
4.600100000029528e-05 1137
4.602100000017373e-05 1136
4.602499999961651e-05 1135
4.602899999994747e-05 1134
4.6149000000106355e-05 1133
4.626900000026524e-05 1132
4.627299999970802e-05 1131
4.63929999998669e-05 1130
4.639700000019786e-05 1129
4.6517000000356745e-05 1128
4.652099999979953e-05 1127
4.664099999995841e-05 1126
4.664500000028937e-05 1125
4.6648999999732155e-05 1124
4.676899999989104e-05 1123
4.6773000000222e-05 1122
4.677699999966478e-05 1121
4.689699999982366e-05 1120
4.6901000000154625e-05 1119
4.7021000000313506e-05 1118
4.714099999958421e-05 1117
4.714499999991517e-05 1116
4.714900000024613e-05 1115
4.7152999999688916e-05 1114
4.715700000001988e-05 1113
4.725400000005209e-05 1114
4.727700000017876e-05 1113
4.739700000033764e-05 1112
4.7516999999608345e-05 1111
4.7520999999939306e-05 1110
4.752500000027027e-05 1109
4.752899999971305e-05 1108
4.753600000029223e-05 1109
4.764899999987193e-05 1108
4.7653000000202894e-05 1107
4.7773000000361776e-05 1106
4.789299999963248e-05 1105
4.789699999996344e-05 1104
4.79010000002944e-05 1103
4.7904999999737186e-05 1102
4.802499999989607e-05 1101
4.814500000005495e-05 1100
4.814900000038591e-05 1099
4.8152999999828694e-05 1098
4.8157000000159655e-05 1097
4.827700000031854e-05 1096
4.839699999958924e-05 1095
4.84009999999202e-05 1094
4.8405000000251164e-05 1093
4.8525000000410046e-05 1092
4.852899999985283e-05 1091
4.853300000018379e-05 1090
4.853699999962657e-05 1089
4.865000000009445e-05 1090
4.8656999999785455e-05 1089
4.866100000011642e-05 1088
4.872299999991725e-05 1089
4.877000000025333e-05 1090
4.87810000002753e-05 1089
4.878499999971808e-05 1088
4.878900000004904e-05 1087
4.8793000000380005e-05 1086
4.891299999965071e-05 1085
4.903299999980959e-05 1084
4.9117999999737094e-05 1085
4.915299999996847e-05 1084
4.9157000000299433e-05 1083
4.9160999999742216e-05 1082
4.916500000007318e-05 1081
4.928500000023206e-05 1080
4.928899999967484e-05 1079
4.9293000000005804e-05 1078
4.9413000000164686e-05 1077
4.953300000032357e-05 1076
4.9605000000063626e-05 1077
4.965299999959427e-05 1076
4.965699999992523e-05 1075
4.9777000000084115e-05 1074
4.9781000000415077e-05 1073
4.984699999965869e-05 1074
4.9877000000364546e-05 1075
4.990099999968578e-05 1074
4.990500000001674e-05 1073
4.9988999999861505e-05 1074
5.0025000000175623e-05 1073
5.0028999999618406e-05 1072
5.014899999977729e-05 1071
5.015300000010825e-05 1070
5.015700000043921e-05 1069
5.0276999999709915e-05 1068
5.0281000000040876e-05 1067
5.040100000019976e-05 1066
5.040499999964254e-05 1065
5.04089999999735e-05 1064
5.0413000000304464e-05 1063
5.041699999974725e-05 1062
5.053699999990613e-05 1061
5.054100000023709e-05 1060
5.0544999999679874e-05 1059
5.0549000000010835e-05 1058
5.05530000003418e-05 1059
5.057699999966303e-05 1060
5.066900000016972e-05 1059
5.07890000003286e-05 1058
5.079299999977138e-05 1057
5.0797000000102344e-05 1056
5.0801000000433305e-05 1055
5.0876999999616146e-05 1056
5.092099999970401e-05 1055
5.092500000003497e-05 1054
5.092900000036593e-05 1053
5.0932999999808715e-05 1052
5.0937000000139676e-05 1051
5.105700000029856e-05 1050
5.106099999974134e-05 1049
5.118099999990022e-05 1048
5.118199999998296e-05 1049
5.1301000000059105e-05 1048
5.1305000000390066e-05 1047
5.135500000008619e-05 1048
5.142499999966077e-05 1047
5.142899999999173e-05 1046
5.143300000032269e-05 1045
5.1436999999765476e-05 1044
5.14850000001843e-05 1045
5.155699999992436e-05 1044
5.167700000008324e-05 1043
5.16810000004142e-05 1042
5.1800999999684905e-05 1041
5.1805000000015866e-05 1040
5.192500000017475e-05 1039
5.204500000033363e-05 1038
5.2164999999604333e-05 1037
5.224099999967535e-05 1038
5.2284999999763215e-05 1037
5.24049999999221e-05 1036
5.240900000025306e-05 1035
5.250099999987157e-05 1036
5.252900000041194e-05 1035
5.2532999999854724e-05 1034
5.2653000000013606e-05 1033
5.265700000034457e-05 1032
5.266099999978735e-05 1031
5.275699999973682e-05 1032
5.278099999994623e-05 1031
5.2785000000277194e-05 1030
5.2788999999719977e-05 1029
5.2884999999669446e-05 1030
5.290899999987886e-05 1029
5.291300000020982e-05 1028
5.29150000003753e-05 1029
5.29169999996526e-05 1028
5.2920999999983565e-05 1027
5.3041000000142446e-05 1026
5.304499999958523e-05 1025
5.304899999991619e-05 1024
5.305300000024715e-05 1023
5.3056999999689936e-05 1022
5.317699999984882e-05 1021
5.318100000017978e-05 1020
5.330100000033866e-05 1019
5.3304999999781444e-05 1018
5.3309000000112405e-05 1017
5.332300000038259e-05 1018
5.342900000027129e-05 1017
5.343299999971407e-05 1016
5.343700000004503e-05 1015
5.344100000037599e-05 1014
5.3444999999818776e-05 1015
5.3444999999818776e-05 1014
5.356499999997766e-05 1013
5.356900000030862e-05 1012
5.35729999997514e-05 1011
5.3692999999910285e-05 1010
5.3697000000241246e-05 1009
5.370099999968403e-05 1008
5.370500000001499e-05 1007
5.382500000017387e-05 1006
5.3828999999616656e-05 1005
5.394899999977554e-05 1004
5.406899999993442e-05 1003
5.407300000026538e-05 1002
5.4076999999708164e-05 1001
5.409300000014383e-05 1002
5.4196999999867046e-05 1001
5.420100000019801e-05 1000
5.432100000035689e-05 999
5.432499999979967e-05 998
5.4329000000130634e-05 997
5.438099999999224e-05 998
5.4449000000289516e-05 997
5.456899999956022e-05 996
5.46889999997191e-05 995
5.480899999987798e-05 994
5.4813000000208945e-05 993
5.481699999965173e-05 992
5.4933000000367826e-05 993
5.493699999981061e-05 992
5.494100000014157e-05 991
5.506100000030045e-05 990
5.5064999999743236e-05 989
5.513700000037147e-05 990
5.518499999990212e-05 989
5.526999999982962e-05 990
5.5305000000061e-05 989
5.530900000039196e-05 988
5.5312999999834744e-05 987
5.5317000000165706e-05 986
5.543700000032459e-05 985
5.5525999999694875e-05 986
5.555699999959529e-05 985
5.556099999992625e-05 984
5.56539999996275e-05 985
5.5681000000085135e-05 984
5.5685000000416096e-05 983
5.568899999985888e-05 982
5.574999999957697e-05 983
5.580900000001776e-05 982
5.581300000034872e-05 981
5.5816999999791506e-05 980
5.5933999999702166e-05 981
5.593699999995039e-05 980
5.594100000028135e-05 979
5.594499999972413e-05 978
5.5949000000055094e-05 977
5.5953000000386055e-05 976
5.603099999973438e-05 977
5.607299999965676e-05 976
5.6124000000323804e-05 977
5.615400000014148e-05 978
5.6183999999959156e-05 979
5.619299999981564e-05 978
5.61970000001466e-05 977
5.623299999957254e-05 978
5.6317000000305484e-05 977
5.632099999974827e-05 978
5.632099999974827e-05 977
5.632500000007923e-05 976
5.644500000023811e-05 975
5.644899999968089e-05 974
5.6451999999929114e-05 975
5.6568999999839775e-05 974
5.657300000017074e-05 973
5.657699999961352e-05 972
5.663399999988883e-05 973
5.66969999997724e-05 972
5.670100000010336e-05 971
5.6702000000186104e-05 972
5.6705000000434325e-05 971
5.673200000000378e-05 972
5.682499999970503e-05 971
5.682900000003599e-05 970
5.694900000019487e-05 969
5.6952999999637655e-05 968
5.6956999999968616e-05 967
5.696499999974236e-05 968
5.6994999999560036e-05 969
5.702500000026589e-05 970
5.706399999994005e-05 971
5.70770000001275e-05 970
5.708099999957028e-05 969
5.7149999999950296e-05 970
5.720099999972916e-05 969
5.7205000000060124e-05 968
5.722000000041305e-05 969
5.725000000023073e-05 970
5.7325000000219006e-05 969
5.744500000037789e-05 968
5.744899999982067e-05 967
5.756899999997955e-05 966
5.7689000000138435e-05 965
5.77399999999173e-05 966
5.780900000029732e-05 965
5.78129999997401e-05 964
5.781700000007106e-05 963
5.785300000038518e-05 964
5.7883000000202856e-05 965
5.790600000032953e-05 966
5.7937000000229943e-05 965
5.7940999999672727e-05 964
5.794500000000369e-05 963
5.794900000033465e-05 962
5.796299999971666e-05 963
5.806899999960535e-05 962
5.8188999999764235e-05 961
5.8193000000095196e-05 960
5.831300000025408e-05 959
5.843300000041296e-05 958
5.8552999999683664e-05 957
5.8557000000014625e-05 956
5.856100000034559e-05 955
5.868099999961629e-05 954
5.880099999977517e-05 953
5.8805000000106133e-05 952
5.891699999960309e-05 953
5.8925000000265015e-05 952
5.89289999997078e-05 951
5.893300000003876e-05 950
5.905300000019764e-05 949
5.9056999999640425e-05 948
5.917699999979931e-05 947
5.918100000013027e-05 946
5.930100000028915e-05 945
5.930499999973193e-05 944
5.9309000000062895e-05 943
5.942900000022178e-05 942
5.943299999966456e-05 941
5.955299999982344e-05 940
5.95570000001544e-05 939
5.958399999972386e-05 940
5.9677000000313285e-05 939
5.968099999975607e-05 938
5.968500000008703e-05 937
5.975799999990983e-05 938
5.980500000024591e-05 937
5.9808999999688695e-05 936
5.9928999999847576e-05 935
5.993300000017854e-05 934
6.005300000033742e-05 933
6.00569999997802e-05 932
6.012500000007748e-05 933
6.0176999999939085e-05 932
6.029700000009797e-05 931
6.036100000006428e-05 932
6.041700000025685e-05 931
6.042099999969963e-05 930
6.0540999999858514e-05 929
6.0661000000017395e-05 928
6.066500000034836e-05 927
6.074900000019312e-05 928
6.078499999961906e-05 927
6.078899999995002e-05 926
6.079300000028098e-05 925
6.0913000000439865e-05 924
6.101700000016308e-05 925
6.103299999971057e-05 924
6.103700000004153e-05 923
6.109799999975962e-05 924
6.115700000020041e-05 923
6.11609999996432e-05 922
6.116499999997416e-05 921
6.128500000013304e-05 920
6.128899999957582e-05 919
6.129299999990678e-05 918
6.129700000023774e-05 917
6.130099999968053e-05 916
6.137699999975155e-05 917
6.142099999983941e-05 916
6.142500000017037e-05 915
6.142899999961315e-05 914
6.154899999977204e-05 913
6.166899999993092e-05 912
6.1722999999958e-05 913
6.177299999965413e-05 914
6.17890000000898e-05 913
6.190900000024868e-05 912
6.191299999969146e-05 911
6.203299999985035e-05 910
6.203700000018131e-05 909
6.210400000039584e-05 910
6.213400000021352e-05 911
6.215700000034019e-05 910
6.216099999978297e-05 909
6.228099999994186e-05 908
6.228500000027282e-05 907
6.24050000004317e-05 906
6.25249999997024e-05 905
6.252900000003336e-05 904
6.264900000019225e-05 903
6.276900000035113e-05 902
6.288899999962183e-05 901
6.289400000003553e-05 902
6.300899999978071e-05 901
6.301300000011167e-05 900
6.313300000027056e-05 899
6.325300000042944e-05 898
6.325699999987222e-05 899
6.337299999970014e-05 898
6.33770000000311e-05 897
6.338100000036206e-05 896
6.338900000013581e-05 897
6.346600000028957e-05 898
6.350099999963277e-05 897
6.350399999988099e-05 898
6.350499999996373e-05 897
6.350900000029469e-05 896
6.36289999995654e-05 895
6.374899999972428e-05 894
6.375300000005524e-05 893
6.37570000003862e-05 892
6.38769999996569e-05 891
6.391299999997102e-05 892
6.399699999981578e-05 891
6.400100000014675e-05 890
6.412100000030563e-05 889
6.412499999974841e-05 888
6.417300000016724e-05 889
6.420700000031587e-05 890
6.424499999990729e-05 889
6.424900000023825e-05 888
6.425299999968104e-05 887
6.4257000000012e-05 886
6.436600000014892e-05 887
6.437700000017088e-05 886
6.44029999996576e-05 887
6.445899999985016e-05 888
6.449700000032976e-05 887
6.450099999977255e-05 886
6.450500000010351e-05 885
6.462500000026239e-05 884
6.464600000022358e-05 885
6.467600000004126e-05 886
6.474500000042127e-05 885
6.486499999969197e-05 884
6.486900000002294e-05 883
6.48730000003539e-05 882
6.49929999996246e-05 881
6.499699999995556e-05 880
6.511700000011444e-05 879
6.512099999955723e-05 878
6.524099999971611e-05 877
6.536099999987499e-05 876
6.536500000020595e-05 875
6.548500000036483e-05 874
6.560499999963554e-05 873
6.56089999999665e-05 872
6.572900000012538e-05 871
6.584900000028426e-05 870
6.596900000044315e-05 869
6.597299999988593e-05 868
6.602599999983028e-05 869
6.609300000004481e-05 868
6.609700000037577e-05 867
6.610099999981855e-05 866
6.610500000014952e-05 865
6.61089999995923e-05 864
6.613600000004993e-05 865
6.615800000009386e-05 866
6.622899999975118e-05 865
6.623300000008214e-05 864
6.62370000004131e-05 863
6.635699999968381e-05 862
6.636100000001477e-05 861
6.648100000017365e-05 860
6.648499999961643e-05 859
6.64889999999474e-05 858
6.660900000010628e-05 857
6.661300000043724e-05 856
6.661699999988002e-05 855
6.662100000021098e-05 854
6.668300000001182e-05 855
6.6697000000282e-05 856
6.674100000036987e-05 855
6.686099999964057e-05 854
6.698099999979945e-05 853
6.700500000000886e-05 854
6.710099999995833e-05 853
6.71050000002893e-05 852
6.710899999973208e-05 851
6.711300000006304e-05 850
6.712899999961053e-05 851
6.716600000000739e-05 852
6.723300000022192e-05 851
6.72369999996647e-05 850
6.728400000000079e-05 851
6.735699999982359e-05 850
6.747699999998247e-05 849
6.75269999996786e-05 850
6.759700000014135e-05 849
6.760099999958413e-05 848
6.76290000001245e-05 849
6.772099999974301e-05 848
6.78409999999019e-05 847
6.78599999996976e-05 848
6.796100000006078e-05 847
6.796500000039174e-05 846
6.796899999983452e-05 845
6.797300000016548e-05 844
6.797699999960827e-05 843
6.798899999971297e-05 844
6.799300000004393e-05 845
6.809699999976715e-05 844
6.810100000009811e-05 843
6.811300000020282e-05 844
6.822100000025699e-05 843
6.822499999969978e-05 842
6.834499999985866e-05 841
6.834900000018962e-05 840
6.84690000003485e-05 839
6.847299999979128e-05 838
6.852300000037559e-05 839
6.859299999995017e-05 838
6.859700000028113e-05 837
6.871700000044001e-05 836
6.874299999992672e-05 837
6.883699999971071e-05 836
6.89569999998696e-05 835
6.896100000020056e-05 834
6.896499999964334e-05 833
6.908100000035944e-05 834
6.908499999980222e-05 833
6.92049999999611e-05 832
6.920900000029206e-05 831
6.921299999973485e-05 830
6.933299999989373e-05 829
6.945300000005261e-05 828
6.952100000034989e-05 829
6.95730000002115e-05 828
6.969300000037038e-05 827
6.969699999981316e-05 826
6.973300000012728e-05 827
6.981100000036378e-05 828
6.981699999997204e-05 827
6.9821000000303e-05 826
6.99409999995737e-05 825
7.002500000030665e-05 826
7.006099999973259e-05 825
7.010100000037767e-05 826
7.018099999989147e-05 825
7.030100000005035e-05 824
7.030500000038131e-05 823
7.035299999991196e-05 824
7.042499999965202e-05 823
7.054199999956268e-05 824
7.05449999998109e-05 823
7.05849999995678e-05 824
7.066499999996978e-05 823
7.066900000030074e-05 822
7.067299999974352e-05 821
7.067700000007449e-05 820
7.079700000023337e-05 819
7.080099999967615e-05 818
7.080500000000711e-05 817
7.082499999988556e-05 818
7.087300000030439e-05 819
7.0925000000166e-05 818
7.095299999981819e-05 819
7.100900000001076e-05 820
7.104500000032488e-05 819
7.116499999959558e-05 818
7.123600000014108e-05 819
7.128499999975446e-05 818
7.128900000008542e-05 817
7.129300000041638e-05 816
7.129699999985917e-05 815
7.130100000019013e-05 814
7.132899999984232e-05 815
7.142100000034901e-05 814
7.154099999961971e-05 813
7.16609999997786e-05 812
7.172699999991039e-05 813
7.178099999993748e-05 812
7.178500000026844e-05 811
7.178899999971122e-05 810
7.190300000026184e-05 811
7.19089999998701e-05 810
7.191300000020107e-05 809
7.203300000035995e-05 808
7.207699999955963e-05 809
7.214299999969143e-05 810
7.215299999963065e-05 809
7.215699999996161e-05 808
7.22770000001205e-05 807
7.239700000027938e-05 806
7.240099999972216e-05 805
7.240500000005312e-05 804
7.24070000002186e-05 805
7.2525000000212e-05 804
7.252899999965479e-05 803
7.262899999993522e-05 804
7.264899999981367e-05 803
7.265300000014463e-05 802
7.273299999965843e-05 803
7.277300000030351e-05 802
7.281300000006041e-05 803
7.28270000003306e-05 804
7.289299999957422e-05 803
7.289699999990518e-05 802
7.296199999995423e-05 803
7.299700000018561e-05 804
7.301700000006406e-05 803
7.313700000022294e-05 802
7.323400000025515e-05 803
7.325700000038182e-05 802
7.32609999998246e-05 801
7.326500000015557e-05 800
7.326899999959835e-05 799
7.327299999992931e-05 798
7.33930000000882e-05 797
7.349899999997689e-05 798
7.351300000024708e-05 797
7.356900000043964e-05 798
7.363300000040596e-05 797
7.363699999984874e-05 796
7.36410000001797e-05 795
7.364499999962248e-05 794
7.364899999995345e-05 793
7.365300000028441e-05 792
7.36809999999366e-05 793
7.377300000044329e-05 792
7.377799999996881e-05 793
7.384899999962613e-05 794
7.389299999971399e-05 793
7.389700000004495e-05 792
7.401700000020384e-05 791
7.402099999964662e-05 790
7.40730000003964e-05 791
7.41409999998055e-05 790
7.414500000013646e-05 789
7.426500000029534e-05 788
7.43439999997264e-05 789
7.438499999956605e-05 788
7.438899999989701e-05 787
7.448399999976374e-05 788
7.450900000005589e-05 787
7.454899999981279e-05 788
7.462900000021477e-05 787
7.463299999965756e-05 786
7.463699999998852e-05 785
7.47570000001474e-05 784
7.483599999957846e-05 785
7.487700000030628e-05 784
7.488099999974906e-05 783
7.488500000008003e-05 782
7.488900000041099e-05 781
7.499799999965973e-05 782
7.500899999968169e-05 781
7.504900000032677e-05 782
7.512899999984057e-05 781
7.515799999957551e-05 782
7.524899999999946e-05 781
7.525300000033042e-05 780
7.52569999997732e-05 779
7.529300000008732e-05 780
7.5322999999905e-05 781
7.537699999993208e-05 780
7.538100000026304e-05 779
7.538499999970583e-05 778
7.538900000003679e-05 777
7.539300000036775e-05 776
7.539699999981053e-05 775
7.539799999989327e-05 776
7.551699999996941e-05 775
7.552100000030038e-05 774
7.552499999974316e-05 773
7.55659999995828e-05 774
7.561299999991888e-05 775
7.564499999990204e-05 774
7.570899999986835e-05 775
7.576500000006092e-05 774
7.576600000014366e-05 775
7.58730000001151e-05 776
7.58850000002198e-05 775
7.588899999966259e-05 774
7.589299999999355e-05 773
7.592199999972848e-05 774
7.595200000043434e-05 775
7.601300000015243e-05 774
7.609800000007994e-05 775
7.613000000006309e-05 776
7.613300000031131e-05 775
7.61369999997541e-05 774
7.625699999991298e-05 773
7.626100000024394e-05 772
7.628899999989613e-05 773
7.631899999971381e-05 774
7.635299999986245e-05 775
7.638100000040282e-05 774
7.638800000009383e-05 775
7.64179999999115e-05 776
7.650099999967352e-05 775
7.650500000000449e-05 774
7.661799999958419e-05 775
7.662500000016337e-05 774
7.666399999983753e-05 775
7.674500000032225e-05 774
7.674899999976503e-05 773
7.686899999992391e-05 772
7.691899999962004e-05 773
7.69490000003259e-05 774
7.698299999958635e-05 775
7.69890000000828e-05 774
7.699300000041376e-05 773
7.699699999985654e-05 772
7.70010000001875e-05 771
7.700499999963029e-05 770
7.70289999998397e-05 771
7.706800000040204e-05 772
7.71190000001809e-05 773
7.712499999978917e-05 772
7.712900000012013e-05 771
7.713299999956291e-05 770
7.713699999989387e-05 769
7.715300000032954e-05 770
7.725700000005276e-05 769
7.727900000009669e-05 770
7.730899999991436e-05 771
7.733899999973204e-05 772
7.736900000043789e-05 773
7.737700000021164e-05 772
7.739900000025557e-05 773
7.742900000007324e-05 774
7.749300000003956e-05 775
7.749700000037052e-05 774
7.752299999985723e-05 775
7.761699999964122e-05 774
7.762099999997218e-05 773
7.762500000030315e-05 772
7.763300000007689e-05 773
7.766600000014279e-05 774
7.77300000001091e-05 775
7.774499999957385e-05 774
7.774899999990481e-05 773
7.775999999992678e-05 774
7.786900000006369e-05 773
7.787300000039465e-05 774
7.79279999996163e-05 775
7.795800000032216e-05 776
7.798900000022257e-05 775
7.799299999966536e-05 774
7.803499999958774e-05 775
7.80650000002936e-05 776
7.809500000011127e-05 777
7.811299999982424e-05 776
7.81170000001552e-05 775
7.812099999959798e-05 774
7.812499999992895e-05 775
7.812499999992895e-05 774
7.815799999999484e-05 775
7.818799999981252e-05 776
7.82179999996302e-05 777
7.824500000008783e-05 776
7.824800000033605e-05 777
7.836400000016397e-05 778
7.836500000024671e-05 777
7.842800000013028e-05 778
7.848500000040559e-05 777
7.849500000034482e-05 778
7.850899999972683e-05 779
7.853900000043268e-05 780
7.86049999996763e-05 779
7.861100000017274e-05 780
7.864899999976416e-05 781
7.869199999976928e-05 782
7.872199999958696e-05 783
7.872499999983518e-05 782
7.875200000029281e-05 783
7.878200000011049e-05 784
7.881199999992816e-05 785
7.884199999974584e-05 786
7.884499999999406e-05 785
7.884900000032502e-05 784
7.887199999956351e-05 785
7.890200000026937e-05 786
7.896899999959572e-05 785
7.897299999992669e-05 784
7.897700000025765e-05 783
7.901599999993181e-05 784
7.904599999974948e-05 785
7.907599999956716e-05 786
7.909700000041653e-05 785
7.910099999985931e-05 784
7.910600000027301e-05 785
7.913600000009069e-05 786
7.916800000007385e-05 787
7.919799999989152e-05 788
7.92210000000182e-05 787
7.922500000034916e-05 786
7.92279999997092e-05 787
7.931399999971944e-05 788
7.934499999961986e-05 787
7.934899999995082e-05 786
7.935300000028178e-05 785
7.935699999972456e-05 784
7.938799999962498e-05 785
7.941800000033084e-05 786
7.944800000014851e-05 787
7.947699999988345e-05 786
7.948000000013167e-05 787
7.948100000021441e-05 786
7.948499999965719e-05 785
7.948899999998815e-05 784
7.949300000031911e-05 783
7.94969999997619e-05 782
7.950999999994934e-05 783
7.953999999976702e-05 784
7.95699999995847e-05 785
7.960000000029055e-05 786
7.961699999992078e-05 785
7.96650000003396e-05 786
7.969500000015728e-05 787
7.972499999997495e-05 788
7.973700000007966e-05 787
7.975499999979263e-05 788
7.97849999996103e-05 789
7.981500000031616e-05 790
7.984500000013384e-05 791
7.985700000023854e-05 790
7.987499999995151e-05 791
7.990499999976919e-05 792
7.993499999958686e-05 793
7.996500000029272e-05 794
7.997700000039742e-05 793
7.99950000001104e-05 794
8.002499999992807e-05 795
8.005499999974575e-05 796
8.008499999956342e-05 797
8.009699999966813e-05 796
8.010099999999909e-05 795
8.010500000033005e-05 794
8.010899999977283e-05 793
8.01130000001038e-05 792
8.011500000026928e-05 793
8.014500000008695e-05 794
8.017499999990463e-05 795
8.02049999997223e-05 796
8.023300000026268e-05 795
8.023500000042816e-05 796
8.023699999970546e-05 795
8.026500000024583e-05 796
8.029500000006351e-05 797
8.032499999988119e-05 798
8.035499999969886e-05 799
8.035699999986434e-05 798
8.03610000001953e-05 797
8.036499999963809e-05 796
8.036899999996905e-05 795
8.038500000040472e-05 796
8.041500000022239e-05 797
8.042600000024436e-05 796
8.044500000004007e-05 797
8.047499999985774e-05 798
8.050499999967542e-05 799
8.053500000038127e-05 800
8.054600000040324e-05 799
8.054999999984602e-05 798
8.055400000017698e-05 797
8.056500000019895e-05 798
8.059500000001663e-05 799
8.06249999998343e-05 800
8.065499999965198e-05 801
8.067400000033587e-05 800
8.067799999977865e-05 799
8.068500000035783e-05 800
8.068899999980061e-05 801
8.071500000017551e-05 802
8.074499999999318e-05 803
8.077499999981086e-05 804
8.079799999993753e-05 803
8.080499999962854e-05 804
8.083500000033439e-05 805
8.086500000015207e-05 806
8.089499999996974e-05 807
8.090900000023993e-05 808
8.091800000009641e-05 807
8.092200000042737e-05 806
8.092599999987016e-05 805
8.093000000020112e-05 804
8.09339999996439e-05 803
8.09390000000576e-05 804
8.096899999987528e-05 805
8.098600000039369e-05 806
8.099899999969296e-05 807
8.102900000039881e-05 808
8.105399999980278e-05 807
8.105800000013375e-05 806
8.105900000021649e-05 807
8.108900000003416e-05 808
8.111899999985184e-05 809
8.114899999966951e-05 810
8.117800000029263e-05 809
8.117900000037537e-05 810
8.120900000019304e-05 811
8.123900000001072e-05 812
8.12689999998284e-05 813
8.129799999956333e-05 812
8.129899999964607e-05 813
8.132900000035193e-05 814
8.13590000001696e-05 815
8.138899999998728e-05 816
8.141799999972221e-05 815
8.141899999980495e-05 816
8.142200000005317e-05 815
8.144899999962263e-05 816
8.147900000032848e-05 817
8.150900000014616e-05 818
8.153899999996383e-05 819
8.154200000021206e-05 818
8.156899999978151e-05 819
8.159899999959919e-05 820
8.162900000030504e-05 821
8.165900000012272e-05 822
8.166200000037094e-05 821
8.168899999994039e-05 822
8.171899999975807e-05 823
8.174899999957574e-05 824
8.17790000002816e-05 825
8.178199999964164e-05 824
8.17859999999726e-05 823
8.180900000009927e-05 824
8.183899999991695e-05 825
8.186899999973463e-05 826
8.189900000044048e-05 827
8.190600000013148e-05 826
8.192900000025816e-05 827
8.195900000007583e-05 828
8.198899999989351e-05 829
8.201899999971118e-05 830
8.202600000029037e-05 829
8.202999999973315e-05 828
8.204900000041704e-05 829
8.207900000023471e-05 830
8.210900000005239e-05 831
8.213899999987007e-05 832
8.214999999989203e-05 831
8.216899999968774e-05 832
8.21990000003936e-05 833
8.222900000021127e-05 834
8.225900000002895e-05 835
8.227000000005091e-05 834
8.228899999984662e-05 835
8.23189999996643e-05 836
8.234900000037015e-05 837
8.237900000018783e-05 838
8.23900000002098e-05 837
8.239399999965258e-05 836
8.239799999998354e-05 835
8.24090000000055e-05 836
8.243899999982318e-05 837
8.246899999964086e-05 838
8.249900000034671e-05 839
8.251800000014242e-05 838
8.25219999995852e-05 837
8.252900000016439e-05 838
8.255899999998206e-05 839
8.258899999979974e-05 840
8.260300000006993e-05 841
8.26329999998876e-05 842
8.264199999974409e-05 841
8.264600000007505e-05 840
8.265000000040601e-05 839
8.265399999984879e-05 838
8.266299999970528e-05 839
8.269300000041113e-05 840
8.272300000022881e-05 841
8.275300000004648e-05 842
8.277400000000767e-05 841
8.277800000033864e-05 840
8.278199999978142e-05 839
8.278299999986416e-05 840
8.281299999968184e-05 841
8.284300000038769e-05 842
8.287300000020537e-05 843
8.29019999999403e-05 842
8.290300000002304e-05 843
8.293299999984072e-05 844
8.29629999996584e-05 845
8.299300000036425e-05 846
8.302200000009918e-05 845
8.302300000018192e-05 846
8.30529999999996e-05 847
8.308299999981728e-05 848
8.311299999963495e-05 849
8.314200000025807e-05 848
8.31430000003408e-05 849
8.317300000015848e-05 850
8.320299999997616e-05 851
8.323299999979383e-05 852
8.326200000041695e-05 851
8.326299999961151e-05 852
8.329300000031736e-05 853
8.332300000013504e-05 854
8.335299999995271e-05 855
8.338199999968765e-05 854
8.338299999977039e-05 855
8.338600000001861e-05 854
8.339000000034957e-05 853
8.341299999958807e-05 854
8.344300000029392e-05 855
8.34730000001116e-05 856
8.350299999992927e-05 857
8.350999999962028e-05 856
8.353299999974695e-05 857
8.356299999956462e-05 858
8.359300000027048e-05 859
8.362300000008815e-05 860
8.362999999977916e-05 859
8.363400000011012e-05 858
8.363800000044108e-05 857
8.364199999988386e-05 856
8.364600000021483e-05 855
8.364999999965761e-05 854
8.365299999990583e-05 855
8.36829999997235e-05 856
8.371300000042936e-05 857
8.374300000024704e-05 858
8.376999999981649e-05 857
8.377300000006471e-05 858
8.377400000014745e-05 857
8.377799999959024e-05 856
8.380299999988239e-05 857
8.383299999970006e-05 858
8.386300000040592e-05 859
8.38930000002236e-05 860
8.389799999974912e-05 859
8.390200000008008e-05 858
8.390600000041104e-05 857
8.392300000004127e-05 858
8.395299999985895e-05 859
8.398299999967662e-05 860
8.401300000038248e-05 861
8.402599999968174e-05 860
8.402699999976448e-05 861
8.40300000000127e-05 860
8.403400000034367e-05 859
8.403799999978645e-05 858
8.405699999958216e-05 859
8.408700000028801e-05 860
8.411700000010569e-05 861
8.414699999992337e-05 862
8.415799999994533e-05 861
8.417699999974104e-05 862
8.420699999955872e-05 863
8.423700000026457e-05 864
8.426700000008225e-05 865
8.427800000010421e-05 864
8.429699999989992e-05 865
8.43269999997176e-05 866
8.435700000042345e-05 867
8.438700000024113e-05 868
8.43980000002631e-05 867
8.44170000000588e-05 868
8.444699999987648e-05 869
8.447699999969416e-05 870
8.450700000040001e-05 871
8.451800000042198e-05 870
8.453700000021769e-05 871
8.456700000003536e-05 872
8.459699999985304e-05 873
8.462699999967072e-05 874
8.463799999969268e-05 873
8.464200000002364e-05 872
8.465700000037657e-05 873
8.468700000019425e-05 874
8.471700000001192e-05 875
8.47469999998296e-05 876
8.476200000018252e-05 875
8.476599999962531e-05 874
8.476999999995627e-05 873
8.477400000028723e-05 872
8.477699999964727e-05 873
8.480700000035313e-05 874
8.48370000001708e-05 875
8.486699999998848e-05 876
8.489399999955793e-05 875
8.489699999980616e-05 876
8.492699999962383e-05 877
8.495700000032969e-05 878
8.498700000014736e-05 879
8.501399999971682e-05 878
8.501699999996504e-05 879
8.501800000004778e-05 878
8.502200000037874e-05 877
8.504699999978271e-05 878
8.507699999960039e-05 879
8.510700000030624e-05 880
8.513700000012392e-05 881
8.514199999964944e-05 880
8.51459999999804e-05 879
8.515000000031137e-05 878
8.51669999999416e-05 879
8.519699999975927e-05 880
8.522699999957695e-05 881
8.52570000002828e-05 882
8.526999999958207e-05 881
8.527399999991303e-05 880
8.527800000024399e-05 879
8.528199999968678e-05 878
8.528700000010048e-05 879
8.531699999991815e-05 880
8.534699999973583e-05 881
8.537700000044168e-05 882
8.540199999984566e-05 881
8.540700000025936e-05 882
8.543700000007703e-05 883
8.546699999989471e-05 884
8.549699999971239e-05 885
8.552200000000454e-05 884
8.55260000003355e-05 883
8.552700000041824e-05 884
8.552999999977828e-05 883
8.553400000010924e-05 882
8.55380000004402e-05 881
8.555700000023592e-05 882
8.558700000005359e-05 883
8.561699999987127e-05 884
8.564699999968894e-05 885
8.565799999971091e-05 884
8.56770000003948e-05 885
8.570700000021247e-05 886
8.573700000003015e-05 887
8.576699999984783e-05 888
8.577799999986979e-05 887
8.57969999996655e-05 888
8.582700000037136e-05 889
8.585700000018903e-05 890
8.588700000000671e-05 891
8.589800000002867e-05 890
8.591699999982438e-05 891
8.594699999964206e-05 892
8.597700000034791e-05 893
8.600700000016559e-05 894
8.601800000018756e-05 893
8.603699999998327e-05 894
8.606699999980094e-05 895
8.609699999961862e-05 896
8.612700000032447e-05 897
8.613800000034644e-05 896
8.615700000014215e-05 897
8.618699999995982e-05 898
8.62169999997775e-05 899
8.624699999959518e-05 900
8.625799999961714e-05 899
8.62619999999481e-05 898
8.626600000027906e-05 897
8.626999999972185e-05 896
8.627700000030103e-05 897
8.63070000001187e-05 898
8.633699999993638e-05 899
8.636699999975406e-05 900
8.638999999988073e-05 899
8.639699999957173e-05 900
8.642700000027759e-05 901
8.645700000009526e-05 902
8.648699999991294e-05 903
8.651000000003961e-05 902
8.651699999973061e-05 903
8.654700000043647e-05 904
8.657700000025415e-05 905
8.660700000007182e-05 906
8.663000000019849e-05 905
8.66369999998895e-05 906
8.666699999970717e-05 907
8.669700000041303e-05 908
8.67270000002307e-05 909
8.675000000035737e-05 908
8.675399999980016e-05 907
8.675700000004838e-05 908
8.678699999986605e-05 909
8.680100000013624e-05 910
8.684799999958415e-05 911
8.687399999995904e-05 910
8.69129999996332e-05 911
8.699400000011792e-05 910
8.69979999995607e-05 909
8.70639999996925e-05 910
8.709400000039835e-05 911
8.711799999971959e-05 910
8.722300000041372e-05 911
8.723799999987847e-05 910
8.735800000003735e-05 909
8.736200000036831e-05 908
8.73659999998111e-05 907
8.748599999996998e-05 906
8.760600000012886e-05 905
8.760999999957164e-05 904
8.762600000000731e-05 905
8.767200000026065e-05 906
8.772999999973052e-05 905
8.773400000006149e-05 904
8.775399999993994e-05 905
8.778399999975761e-05 906
8.782899999992821e-05 907
8.785400000022037e-05 906
8.785799999966315e-05 905
8.786199999999411e-05 904
8.787400000009882e-05 905
8.7982000000153e-05 904
8.807800000010246e-05 905
8.810200000031188e-05 904
8.821700000005706e-05 905
8.822199999958258e-05 904
8.822599999991354e-05 903
8.834600000007242e-05 902
8.84660000002313e-05 901
8.85059999999882e-05 902
8.853799999997136e-05 903
8.858600000039019e-05 902
8.859300000008119e-05 903
8.862999999958987e-05 904
8.870599999966089e-05 903
8.871300000024007e-05 904
8.879000000039383e-05 905
8.882599999981977e-05 904
8.883399999959352e-05 905
8.886999999990763e-05 906
8.888400000017782e-05 907
8.894599999997865e-05 906
8.900300000025396e-05 907
8.906600000013754e-05 906
8.907399999991128e-05 907
8.918600000029642e-05 906
8.91899999997392e-05 905
8.921700000019683e-05 906
8.930999999989808e-05 905
8.941599999978678e-05 906
8.943000000005696e-05 905
8.945999999987464e-05 906
8.948999999969232e-05 907
8.952000000039817e-05 908
8.955000000021585e-05 907
8.956000000015507e-05 908
8.958999999997275e-05 909
8.961999999979042e-05 910
8.96499999996081e-05 911
8.967000000037473e-05 910
8.968000000031395e-05 911
8.976400000015872e-05 912
8.978999999964543e-05 911
8.984800000000348e-05 912
8.987999999998664e-05 913
8.989400000025682e-05 914
8.990999999980431e-05 913
8.994299999987021e-05 914
8.997299999968789e-05 915
8.998200000043255e-05 916
9.000300000039374e-05 917
9.00299999999632e-05 916
9.003300000021142e-05 917
9.00369999996542e-05 918
9.006300000002909e-05 919
9.009299999984677e-05 920
9.015000000012208e-05 919
9.020099999990094e-05 920
9.023099999971862e-05 921
9.026100000042447e-05 922
9.027000000028096e-05 921
9.029799999993315e-05 922
9.039000000043984e-05 921
9.050999999971054e-05 920
9.057100000031681e-05 921
9.060699999974275e-05 922
9.062999999986943e-05 921
9.075000000002831e-05 920
9.083399999987307e-05 921
9.086399999969075e-05 922
9.087000000018719e-05 921
9.091100000002683e-05 922
9.09619999998057e-05 923
9.098600000001511e-05 924
9.099000000034607e-05 923
9.109400000006929e-05 924
9.110999999961678e-05 923
9.121500000031091e-05 924
9.122999999977566e-05 923
9.124500000012858e-05 924
9.127499999994626e-05 925
9.130499999976394e-05 926
9.134999999993454e-05 927
9.134999999993454e-05 926
9.140199999979615e-05 927
9.141600000006633e-05 928
9.143000000033652e-05 929
9.147000000009342e-05 928
9.148200000019813e-05 929
9.151500000026402e-05 930
9.155399999993818e-05 931
9.156099999962919e-05 932
9.156299999979467e-05 933
9.15900000002523e-05 932
9.159299999961235e-05 933
9.164400000027939e-05 934
9.164799999972217e-05 935
9.169299999989278e-05 936
9.171000000041118e-05 935
9.173000000028964e-05 936
9.176200000027279e-05 937
9.177999999998576e-05 938
9.182999999968189e-05 937
9.184999999956034e-05 938
9.187399999976975e-05 939
9.194999999984077e-05 938
9.196999999971922e-05 939
9.200000000042508e-05 940
9.206999999999965e-05 939
9.209699999956911e-05 940
9.219000000015853e-05 939
9.223500000032914e-05 940
9.227600000016878e-05 941
9.231000000031742e-05 940
9.242999999958812e-05 939
9.244199999969283e-05 940
9.247200000039868e-05 941
9.250200000021636e-05 942
9.2549999999747e-05 941
9.259399999983486e-05 942
9.263000000014898e-05 943
9.265999999996666e-05 944
9.266999999990588e-05 943
9.268999999978433e-05 944
9.271999999960201e-05 945
9.275000000030786e-05 946
9.278000000012554e-05 947
9.279000000006477e-05 946
9.280999999994322e-05 947
9.291000000022365e-05 946
9.293400000043306e-05 947
9.296899999977626e-05 948
9.299899999959393e-05 949
9.302900000029979e-05 950
9.303000000038253e-05 949
9.305900000011746e-05 950
9.308899999993514e-05 951
9.311899999975282e-05 952
9.314899999957049e-05 953
9.314999999965323e-05 952
9.317900000027635e-05 953
9.320900000009402e-05 954
9.326999999981211e-05 953
9.329900000043523e-05 954
9.33290000002529e-05 955
9.335900000007058e-05 956
9.338899999988826e-05 957
9.3389999999971e-05 956
9.341899999970593e-05 957
9.344900000041179e-05 958
9.350200000035613e-05 959
9.351000000012988e-05 958
9.353200000017381e-05 959
9.356199999999149e-05 960
9.359199999980916e-05 961
9.362199999962684e-05 962
9.363000000028876e-05 961
9.365200000033269e-05 962
9.368699999967589e-05 963
9.374999999955946e-05 962
9.379699999989555e-05 963
9.382699999971322e-05 964
9.385700000041908e-05 965
9.386999999971835e-05 964
9.388700000023675e-05 965
9.391700000005443e-05 966
9.39469999998721e-05 967
9.397699999968978e-05 968
9.398999999987723e-05 967
9.400700000039564e-05 968
9.403700000021331e-05 969
9.406700000003099e-05 970
9.409699999984866e-05 971
9.411000000003611e-05 970
9.412699999966634e-05 971
9.415700000037219e-05 972
9.418700000018987e-05 973
9.421700000000754e-05 974
9.423000000019499e-05 973
9.424699999982522e-05 974
9.42769999996429e-05 975
9.430700000034875e-05 976
9.433700000016643e-05 977
9.435000000035387e-05 976
9.43669999999841e-05 977
9.439699999980178e-05 978
9.442699999961945e-05 979
9.445700000032531e-05 980
9.446999999962458e-05 979
9.447099999970732e-05 980
9.450100000041317e-05 981
9.453100000023085e-05 982
9.456100000004852e-05 983
9.458999999978346e-05 982
9.45909999998662e-05 983
9.462099999968387e-05 984
9.465100000038973e-05 985
9.46810000002074e-05 986
9.47020000001686e-05 987
9.470999999994234e-05 986
9.471100000002508e-05 987
9.474099999984276e-05 988
9.477099999966043e-05 989
9.480100000036629e-05 990
9.483000000010122e-05 989
9.483100000018396e-05 990
9.486100000000164e-05 991
9.487500000027183e-05 992
9.49050000000895e-05 993
9.493499999990718e-05 994
9.49500000002601e-05 993
9.496499999972485e-05 994
9.499500000043071e-05 995
9.502500000024838e-05 996
9.505500000006606e-05 997
9.507000000041899e-05 996
9.508100000044095e-05 997
9.508499999988373e-05 998
9.511499999970141e-05 999
9.514500000040726e-05 1000
9.517500000022494e-05 1001
9.518999999968969e-05 1000
9.520500000004262e-05 1001
9.523499999986029e-05 1002
9.526499999967797e-05 1003
9.529500000038382e-05 1004
9.530999999984857e-05 1003
9.53250000002015e-05 1004
9.535500000001917e-05 1005
9.536700000012388e-05 1004
9.538499999983685e-05 1005
9.541499999965453e-05 1006
9.544500000036038e-05 1007
9.547500000017806e-05 1008
9.548700000028276e-05 1007
9.550499999999573e-05 1008
9.553499999981341e-05 1009
9.556499999963108e-05 1010
9.559500000033694e-05 1011
9.560700000044164e-05 1010
9.562500000015461e-05 1011
9.565499999997229e-05 1012
9.568499999978997e-05 1013
9.571499999960764e-05 1014
9.572699999971235e-05 1013
9.57450000003135e-05 1014
9.577500000013117e-05 1015
9.580499999994885e-05 1016
9.583499999976652e-05 1017
9.584699999987123e-05 1016
9.58649999995842e-05 1017
9.589500000029005e-05 1018
9.592500000010773e-05 1019
9.59549999999254e-05 1020
9.596700000003011e-05 1019
9.598499999974308e-05 1020
9.601499999956076e-05 1021
9.604500000026661e-05 1022
9.607500000008429e-05 1023
9.6087000000189e-05 1022
9.610499999990196e-05 1023
9.613499999971964e-05 1024
9.61650000004255e-05 1025
9.619500000024317e-05 1026
9.620700000034788e-05 1025
9.622500000006085e-05 1026
9.625499999987852e-05 1027
9.62849999996962e-05 1028
9.631500000040205e-05 1029
9.632699999961858e-05 1028
9.634500000021973e-05 1029
9.63750000000374e-05 1030
9.640499999985508e-05 1031
9.643499999967275e-05 1032
9.644699999977746e-05 1031
9.646500000037861e-05 1032
9.649500000019628e-05 1033
9.650600000021825e-05 1034
9.652500000001396e-05 1035
9.655499999983164e-05 1036
9.656699999993634e-05 1035
9.658499999964931e-05 1036
9.661300000018969e-05 1037
9.661500000035517e-05 1038
9.664500000017284e-05 1039
9.667499999999052e-05 1040
9.668700000009522e-05 1039
9.67049999998082e-05 1040
9.673499999962587e-05 1041
9.676500000033172e-05 1042
9.67950000001494e-05 1043
9.68070000002541e-05 1042
9.682499999996708e-05 1043
9.685499999978475e-05 1044
9.688499999960243e-05 1045
9.691500000030828e-05 1046
9.692700000041299e-05 1045
9.694500000012596e-05 1046
9.697499999994363e-05 1047
9.700499999976131e-05 1048
9.703499999957899e-05 1049
9.704699999968369e-05 1048
9.706500000028484e-05 1049
9.709500000010252e-05 1050
9.712499999992019e-05 1051
9.715499999973787e-05 1052
9.716699999984257e-05 1051
9.718500000044372e-05 1052
9.72150000002614e-05 1053
9.724500000007907e-05 1054
9.727499999989675e-05 1055
9.728700000000146e-05 1054
9.730499999971443e-05 1055
9.733500000042028e-05 1056
9.736500000023796e-05 1057
9.739500000005563e-05 1058
9.740700000016034e-05 1057
9.742499999987331e-05 1058
9.745499999969098e-05 1059
9.748500000039684e-05 1060
9.751500000021451e-05 1061
9.752700000031922e-05 1060
9.754500000003219e-05 1061
9.757499999984987e-05 1062
9.760499999966754e-05 1063
9.76350000003734e-05 1064
9.764699999958992e-05 1063
9.766500000019107e-05 1064
9.769500000000875e-05 1065
9.772499999982642e-05 1066
9.77549999996441e-05 1067
9.77669999997488e-05 1066
9.778500000034995e-05 1067
9.781500000016763e-05 1068
9.78449999999853e-05 1069
9.787499999980298e-05 1070
9.788699999990769e-05 1069
9.790499999962066e-05 1070
9.793500000032651e-05 1071
9.796500000014419e-05 1072
9.799499999996186e-05 1073
9.800700000006657e-05 1072
9.802499999977954e-05 1073
9.805499999959721e-05 1074
9.808500000030307e-05 1075
9.811500000012074e-05 1076
9.812700000022545e-05 1075
9.814499999993842e-05 1076
9.81749999997561e-05 1077
9.820499999957377e-05 1078
9.823500000027963e-05 1079
9.824700000038433e-05 1078
9.82650000000973e-05 1079
9.829499999991498e-05 1080
9.832499999973265e-05 1081
9.835500000043851e-05 1082
9.836699999965504e-05 1081
9.838500000025618e-05 1082
9.841500000007386e-05 1083
9.844499999989154e-05 1084
9.847499999970921e-05 1085
9.848699999981392e-05 1084
9.850500000041507e-05 1085
9.854300000000649e-05 1086
9.857299999982416e-05 1087
9.860499999980732e-05 1088
9.86069999999728e-05 1087
9.868199999996108e-05 1088
9.872700000013168e-05 1087
9.880200000011996e-05 1088
9.884700000029056e-05 1087
9.896699999956127e-05 1086
9.904200000043772e-05 1087
9.90720000002554e-05 1088
9.908699999972015e-05 1087
9.910200000007308e-05 1088
9.914600000016094e-05 1089
9.916199999970843e-05 1090
9.920699999987903e-05 1089
9.928199999986731e-05 1090
9.931600000001595e-05 1091
9.932700000003791e-05 1090
9.938899999983875e-05 1091
9.94140000001309e-05 1092
9.94470000001968e-05 1091
9.951499999960589e-05 1092
9.954500000031175e-05 1093
9.956700000035568e-05 1092
9.957500000012942e-05 1093
9.96049999999471e-05 1094
9.965799999989144e-05 1095
9.968699999962638e-05 1094
9.976199999961466e-05 1095
9.979200000032051e-05 1096
9.980699999978526e-05 1095
9.982200000013819e-05 1096
9.985199999995586e-05 1097
9.988199999977354e-05 1098
9.991199999959122e-05 1099
9.992699999994414e-05 1098
0.00010000199999993242 1099
0.00010004700000010303 1098
0.00010011599999959486 1099
0.00010014600000030072 1100
0.00010016700000026191 1099
0.00010023399999958826 1100
0.00010026400000029412 1101
0.00010028700000042079 1100
0.00010040699999969149 1099
0.00010047199999974055 1100
0.00010049100000042444 1101
0.00010050199999955822 1102
0.00010052699999985037 1101
0.0001005369999997896 1102
0.00010060199999983865 1103
0.00010063499999990455 1104
0.00010064700000000926 1103
0.00010070599999956187 1104
0.00010076700000016814 1103
0.00010088700000032702 1102
0.00010097699999978005 1103
0.00010100699999959772 1102
0.00010105700000018203 1103
0.0001010869999999997 1104
0.00010111100000020912 1105
0.00010111699999981738 1106
0.0001011269999997566 1105
0.00010114699999963506 1106
0.00010117700000034091 1107
0.00010120700000015859 1108
0.00010123699999997626 1109
0.00010124699999991549 1108
0.0001013179999995728 1109
0.00010134800000027866 1110
0.00010136700000007437 1109
0.00010137800000009634 1110
0.00010140799999991401 1111
0.0001014220000001842 1112
0.00010145200000000187 1113
0.00010148199999981955 1114
0.00010148700000023325 1113
0.00010151199999963723 1114
0.00010154200000034308 1115
0.00010157200000016076 1116
0.00010160199999997843 1117
0.00010160700000039213 1116
0.00010166199999961378 1117
0.00010172699999966284 1116
0.00010179700000012559 1117
0.00010182699999994327 1118
0.00010184699999982172 1117
0.00010185699999976094 1118
0.00010188699999957862 1119
0.00010191700000028447 1120
0.0001019669999999806 1119
0.00010204199999996888 1120
0.00010208700000013948 1119
0.00010214799999985757 1120
0.00010217799999967525 1121
0.00010219199999994544 1122
0.00010220700000029836 1121
0.00010230300000024783 1122
0.00010232699999956907 1121
0.00010236700000021415 1122
0.00010236999999957419 1123
0.0001023939999997836 1124
0.00010242399999960128 1125
0.00010244699999972795 1124
0.00010245400000030713 1125
0.00010248400000012481 1126
0.00010251399999994248 1127
0.00010254399999976016 1128
0.00010256699999988683 1127
0.00010262099999991392 1128
0.0001026509999997316 1129
0.00010268100000043745 1130
0.00010268700000004571 1129
0.0001027340000003818 1130
0.00010276400000019947 1131
0.00010279400000001715 1132
0.0001028070000002046 1131
0.00010282399999983483 1132
0.0001028539999996525 1133
0.00010288400000035836 1134
0.00010291400000017603 1135
0.00010292700000036348 1134
0.00010294399999999371 1135
0.00010297399999981138 1136
0.00010300399999962906 1137
0.00010303400000033491 1138
0.00010304699999963418 1137
0.00010306400000015259 1138
0.00010309399999997026 1139
0.00010312399999978794 1140
0.00010315399999960562 1141
0.00010316699999979306 1140
0.00010318400000031147 1141
0.00010321400000012915 1142
0.00010324399999994682 1143
0.0001032739999997645 1144
0.00010328699999995195 1143
0.00010330399999958217 1144
0.00010333999999989629 1145
0.00010336999999971397 1146
0.00010340000000041982 1147
0.00010340700000011083 1146
0.0001034750000004081 1147
0.00010351199999991678 1148
0.00010352700000026971 1147
0.00010354199999973446 1148
0.00010360599999970077 1149
0.00010363600000040663 1150
0.00010364700000042859 1149
0.0001036660000002243 1150
0.00010369600000004198 1151
0.0001037669999996993 1150
0.000103778999999804 1151
0.00010380899999962168 1152
0.00010385100000043224 1153
0.00010388100000024991 1154
0.00010388699999985818 1153
0.00010391100000006759 1154
0.00010395099999982449 1155
0.00010399000000038683 1156
0.00010400700000001706 1155
0.0001040200000002045 1156
0.00010405000000002218 1157
0.00010407999999983986 1158
0.00010410999999965753 1159
0.00010412700000017594 1158
0.00010414000000036339 1159
0.00010422999999981641 1160
0.00010424700000033482 1159
0.00010426600000013053 1160
0.00010429599999994821 1161
0.0001043449999995616 1162
0.00010436699999960553 1161
0.00010441500000002435 1162
0.00010444499999984203 1163
0.00010448300000032162 1164
0.00010448699999976441 1163
0.00010460200000039777 1164
0.00010460699999992329 1163
0.00010464699999968019 1164
0.00010469600000018175 1165
0.00010472599999999943 1166
0.00010472700000008217 1165
0.0001047559999998171 1166
0.00010478599999963478 1167
0.00010484700000024105 1166
0.00010485900000034576 1167
0.00010488900000016343 1168
0.0001049330000002513 1169
0.00010496700000039993 1168
0.00010499800000030035 1169
0.00010508699999967064 1168
0.00010518599999986833 1169
0.00010520699999982952 1168
0.000105215999999686 1169
0.00010528099999973506 1170
0.00010532599999990566 1171
0.0001053269999999884 1170
0.00010535599999972334 1171
0.00010538600000042919 1172
0.00010541600000024687 1173
0.00010544700000014728 1172
0.00010545900000025199 1173
0.00010550100000017437 1174
0.00010553099999999205 1175
0.00010556099999980972 1176
0.00010556700000030617 1175
0.0001055909999996274 1176
0.00010566599999961568 1177
0.00010568699999957687 1176
0.00010569600000032153 1177
0.00010572600000013921 1178
0.0001057400000004094 1179
0.00010580699999973575 1178
0.00010581899999984046 1179
0.00010583300000011064 1180
0.00010588099999964129 1181
0.00010592699999989463 1180
0.00010593899999999934 1181
0.00010597500000031346 1182
0.00010600500000013113 1183
0.00010604700000005352 1182
0.00010605900000015822 1183
0.0001060889999999759 1184
0.00010611899999979357 1185
0.00010614899999961125 1186
0.00010616299999988144 1187
0.0001061670000002124 1186
0.00010624300000028342 1187
0.00010628700000037128 1186
0.00010629500000014502 1187
0.0001063249999999627 1188
0.00010635499999978038 1189
0.00010638499999959805 1190
0.00010640699999964198 1189
0.0001064150000003039 1190
0.00010642899999968591 1191
0.00010645900000039177 1192
0.00010651699999986164 1193
0.00010652699999980086 1192
0.00010660900000036833 1193
0.00010664699999995975 1192
0.00010665900000006445 1193
0.00010676700000011863 1192
0.00010677900000022333 1193
0.00010682699999975398 1194
0.00010685699999957166 1195
0.00010687099999984184 1196
0.00010688700000027751 1195
0.00010698400000030972 1196
0.00010700700000043639 1195
0.0001071269999997071 1194
0.00010720399999986086 1195
0.00010724699999986598 1194
0.00010732400000001974 1195
0.00010735399999983741 1196
0.00010736700000002486 1195
0.00010740400000042172 1196
0.00010744400000017862 1197
0.00010748700000018374 1196
0.00010760700000034262 1195
0.00010772699999961333 1194
0.00010773899999971803 1195
0.00010776900000042389 1196
0.00010784699999977221 1195
0.00010785899999987691 1196
0.00010796699999993109 1195
0.00010800300000024521 1196
0.00010808700000008997 1195
0.00010820700000024885 1194
0.00010821900000035356 1195
0.00010832700000040774 1194
0.00010835500000005993 1195
0.00010844699999967844 1194
0.00010856699999983732 1193
0.00010857899999994203 1194
0.0001086869999999962 1193
0.00010869900000010091 1194
0.00010880700000015509 1193
0.00010881900000025979 1194
0.00010892700000031397 1193
0.00010904699999958467 1192
0.00010905899999968938 1193
0.00010916699999974355 1192
0.00010917899999984826 1193
0.00010921899999960516 1194
0.00010928699999990243 1193
0.00010931500000044281 1194
0.00010940700000006132 1193
0.00010941900000016602 1194
0.00010947999999988411 1195
0.0001095270000002202 1194
0.0001095390000003249 1195
0.00010964700000037908 1194
0.00010964799999957364 1195
0.0001096780000002795 1196
0.00010976699999964978 1195
0.00010988699999980867 1194
0.00010989899999991337 1195
0.00011000699999996755 1194
0.00011001900000007225 1195
0.00011012700000012643 1194
0.00011013900000023114 1195
0.00011024700000028531 1194
0.00011033000000004733 1195
0.00011036700000044419 1194
0.0001104259999999968 1195
0.0001104869999997149 1194
0.00011052400000011176 1195
0.00011059699999993455 1196
0.00011060699999987378 1195
0.00011072700000003266 1194
0.0001107349999998064 1195
0.00011084700000019154 1194
0.00011085900000029625 1195
0.00011096700000035042 1194
0.00011097899999956695 1195
0.00011108699999962113 1194
0.00011109899999972583 1195
0.00011120699999978001 1194
0.00011121899999988472 1195
0.00011132699999993889 1194
0.00011144700000009777 1193
0.00011145900000020248 1194
0.00011154300000004724 1195
0.00011156700000025666 1194
0.00011159499999990885 1195
0.0001116860000003328 1196
0.00011168700000041554 1195
0.00011173700000011166 1196
0.00011180699999968624 1195
0.00011192699999984512 1194
0.000112047000000004 1195
0.000112047000000004 1194
0.00011210300000019657 1195
0.00011211699999957858 1196
0.00011216700000016289 1195
0.00011228700000032177 1194
0.00011240699999959247 1193
0.00011244399999998933 1194
0.00011252699999975135 1193
0.00011264699999991024 1192
0.00011265900000001494 1193
0.00011276700000006912 1192
0.00011277900000017382 1193
0.00011282400000034443 1194
0.00011286199999993585 1195
0.000112887000000228 1194
0.0001128990000003327 1195
0.00011298999999986847 1196
0.00011300700000038688 1195
0.00011301999999968615 1196
0.000113050000000392 1197
0.00011312699999965758 1196
0.00011313899999976229 1197
0.00011324699999981647 1196
0.00011325899999992117 1197
0.00011329600000031803 1198
0.00011333499999999219 1199
0.00011336699999997535 1198
0.00011337900000008005 1199
0.00011348700000013423 1198
0.00011349900000023894 1199
0.00011360700000029311 1198
0.00011361800000031508 1199
0.00011372699999956382 1198
0.00011375500000010419 1199
0.0001138469999997227 1198
0.00011396699999988158 1197
0.00011408700000004046 1196
0.00011409900000014517 1197
0.00011412899999996284 1198
0.00011420700000019934 1197
0.00011432700000035823 1196
0.00011433899999957475 1197
0.00011436900000028061 1198
0.00011438299999966262 1199
0.00011444699999962893 1198
0.00011456699999978781 1197
0.00011457899999989252 1198
0.00011468699999994669 1197
0.0001146990000000514 1198
0.00011474300000013926 1199
0.00011480700000010557 1198
0.00011492700000026446 1197
0.00011504700000042334 1196
0.00011508900000034572 1197
0.00011516699999969404 1196
0.00011517899999979875 1197
0.0001152319999997431 1198
0.00011528699999985292 1197
0.00011529899999995763 1198
0.0001154070000000118 1197
0.00011541900000011651 1198
0.00011552700000017069 1197
0.0001155390000002754 1198
0.00011564700000032957 1197
0.00011565900000043428 1198
0.00011576699999960027 1197
0.00011580399999999713 1198
0.00011588699999975915 1197
0.00011600699999991804 1196
0.00011612700000007692 1195
0.00011618200000018675 1196
0.00011621200000000442 1197
0.0001162470000002358 1196
0.0001162590000003405 1197
0.00011636700000039468 1196
0.00011637899999961121 1197
0.00011640900000031706 1198
0.00011643900000013474 1199
0.00011648699999966539 1198
0.00011652400000006224 1199
0.00011660699999982427 1198
0.00011661899999992897 1199
0.00011671299999971296 1200
0.00011672699999998315 1199
0.00011684700000014203 1198
0.00011691799999979935 1199
0.00011696700000030091 1198
0.00011708699999957162 1197
0.00011709899999967632 1198
0.00011712900000038218 1199
0.0001172069999997305 1198
0.0001172189999998352 1199
0.00011732699999988938 1198
0.00011744700000004826 1197
0.00011745900000015297 1198
0.00011748899999997064 1199
0.00011756700000020714 1198
0.00011758099999958915 1199
0.00011768700000036603 1198
0.00011769899999958255 1199
0.00011771299999985274 1200
0.00011780699999963673 1199
0.00011781699999957596 1200
0.00011784700000028181 1201
0.00011792699999979561 1200
0.0001180469999999545 1199
0.0001180590000000592 1200
0.00011807599999968943 1201
0.00011813099999979926 1202
0.00011816099999961693 1203
0.00011816700000011338 1202
0.00011819100000032279 1203
0.00011822100000014046 1204
0.00011823500000041065 1205
0.00011828700000027226 1204
0.00011837599999964254 1205
0.00011840700000043114 1204
0.00011842800000039233 1205
0.00011852699999970184 1204
0.00011853899999980655 1205
0.0001186090000002693 1206
0.00011864699999986072 1205
0.00011876700000001961 1204
0.00011877900000012431 1205
0.00011888700000017849 1204
0.00011900700000033737 1203
0.00011901900000044208 1204
0.00011906699999997272 1205
0.00011912699999960807 1204
0.00011913899999971278 1205
0.0001191819999997179 1206
0.00011919599999998809 1207
0.00011924699999976696 1206
0.00011925899999987166 1207
0.00011936699999992584 1206
0.00011937900000003054 1207
0.00011948700000008472 1206
0.00011956400000023848 1207
0.0001196070000002436 1206
0.00011961900000034831 1207
0.00011971400000021504 1208
0.00011972700000040248 1207
0.00011974400000003271 1208
0.00011984699999967319 1207
0.00011994100000034535 1208
0.00011996699999983207 1207
0.00011997899999993678 1208
0.00012008699999999095 1207
0.00012020499999998435 1208
0.00012020700000014983 1207
0.00012032700000030871 1206
0.00012033900000041342 1207
0.00012044699999957942 1206
0.0001205669999997383 1205
0.00012062199999984813 1206
0.00012068699999989718 1205
0.00012069900000000189 1206
0.00012080700000005606 1205
0.00012085000000006119 1206
0.00012092700000021495 1205
0.00012096399999972363 1206
0.00012104700000037383 1205
0.00012111800000003115 1206
0.00012116699999964453 1205
0.0001211779999996665 1206
0.00012120800000037235 1207
0.00012122700000016806 1208
0.00012127699999986419 1209
0.00012128699999980341 1208
0.0001214069999999623 1207
0.000121419000000067 1208
0.00012144899999988468 1209
0.00012152700000012118 1208
0.00012153099999956396 1209
0.00012156100000026981 1210
0.00012164700000028006 1209
0.00012167499999993225 1210
0.00012170499999974993 1211
0.00012176700000043894 1210
0.00012177899999965547 1211
0.00012183100000040525 1212
0.00012188699999970964 1211
0.00012200699999986853 1210
0.00012201899999997323 1211
0.00012206799999958662 1212
0.0001221270000000274 1211
0.00012213900000013211 1212
0.00012219699999960199 1213
0.0001222470000001863 1212
0.000122259000000291 1213
0.00012236700000034517 1212
0.00012243699999991975 1213
0.00012248699999961588 1212
0.00012249899999972058 1213
0.00012260699999977476 1212
0.00012272699999993364 1211
0.00012284700000009252 1210
0.0001229169999996671 1211
0.0001229670000002514 1210
0.0001229790000003561 1211
0.00012304100000015694 1212
0.00012308700000041028 1211
0.0001230989999996268 1212
0.000123206999999681 1211
0.0001232189999997857 1212
0.00012332699999983987 1211
0.00012344699999999875 1210
0.00012350400000027406 1209
0.00012357900000026234 1210
0.00012362400000043294 1209
0.00012374399999970365 1208
0.00012386399999986253 1207
0.0001238819999995755 1208
0.00012391399999955865 1209
0.0001239440000002645 1210
0.0001239840000000214 1209
0.0001240590000000097 1210
0.0001241040000001803 1209
0.00012420399999957255 1210
0.00012422400000033917 1209
0.00012430600000001846 1210
0.00012434399999960988 1209
0.00012441899999959816 1210
0.000124449000000304 1211
0.00012446299999968602 1212
0.00012446399999976876 1211
0.00012453200000006603 1212
0.0001245619999998837 1213
0.00012458399999992764 1212
0.00012459199999970139 1213
0.00012470400000008652 1212
0.0001248240000002454 1211
0.00012489900000023368 1212
0.0001249440000004043 1211
0.000125063999999675 1210
0.00012512300000011578 1211
0.00012515299999993346 1212
0.00012518399999983387 1211
0.00012530399999999275 1210
0.0001253950000004167 1211
0.00012542400000015164 1210
0.00012549900000013992 1211
0.00012554400000031052 1210
0.00012566399999958122 1209
0.0001257389999995695 1210
0.0001257839999997401 1209
0.00012590399999989899 1208
0.00012602400000005787 1207
0.0001260700000003112 1208
0.0001261000000001289 1209
0.00012614400000021675 1208
0.00012615099999990775 1209
0.00012626400000037563 1208
0.0001263390000003639 1209
0.00012638399999964633 1208
0.00012641300000026945 1209
0.00012650399999980522 1208
0.0001266239999999641 1207
0.00012669899999995238 1208
0.00012674400000012298 1207
0.00012681900000011126 1208
0.00012684899999992894 1209
0.00012686400000028186 1208
0.00012696900000008782 1209
0.00012698400000044074 1208
0.00012705900000042902 1209
0.00012710399999971145 1208
0.00012717899999969973 1209
0.00012722399999987033 1208
0.0001272989999998586 1209
0.00012732899999967628 1210
0.0001273440000000292 1209
0.0001273739999998469 1210
0.0001273929999996426 1211
0.00012742300000034845 1212
0.0001274640000001881 1211
0.0001275280000001544 1212
0.00012755799999997208 1213
0.00012758400000034698 1212
0.00012758799999978976 1213
0.00012765900000033525 1214
0.00012767000000035722 1215
0.00012767299999971726 1216
0.00012770399999961768 1215
0.00012778299999993692 1216
0.00012779500000004163 1217
0.00012782399999977656 1216
0.00012794399999993544 1215
0.0001279829999996096 1216
0.00012806400000009432 1215
0.0001281390000000826 1216
0.00012814900000002183 1217
0.00012816400000037476 1218
0.0001281840000002532 1217
0.00012821500000015362 1218
0.0001283040000004121 1217
0.00012837900000040037 1218
0.0001284239999996828 1217
0.00012854399999984167 1216
0.00012863999999979114 1217
0.00012866400000000056 1216
0.000128677000000188 1217
0.00012878400000015944 1216
0.00012881500000005985 1217
0.00012884499999987753 1218
0.0001288749999996952 1219
0.0001288940000003791 1220
0.00012890400000031832 1219
0.00012891400000025754 1220
0.0001289790000003066 1221
0.00012902399999958902 1220
0.0001290830000000298 1221
0.0001290989999995773 1222
0.0001291439999997479 1221
0.0001292639999999068 1220
0.00012928499999986798 1221
0.0001293279999998731 1222
0.00012935799999969078 1223
0.00012938400000006567 1222
0.00012938800000039663 1223
0.00012945900000005395 1224
0.00012950400000022455 1223
0.00012951300000008104 1224
0.00012957900000021283 1225
0.00012962400000038343 1224
0.00012962899999990896 1225
0.00012964300000017914 1226
0.0001297149999999192 1227
0.00012974399999965414 1226
0.00012974499999973688 1227
0.00012976300000033802 1228
0.0001298089999997032 1229
0.00012986399999981302 1228
0.0001299839999999719 1227
0.00013010400000013078 1226
0.00013017900000011906 1227
0.00013022400000028966 1226
0.00013029900000027794 1227
0.00013032900000009562 1228
0.00013034399999956037 1227
0.0001303589999999133 1228
0.00013044099999959258 1229
0.00013046399999971925 1228
0.00013048000000015492 1229
0.00013051899999982908 1230
0.00013054899999964675 1231
0.0001305790000003526 1232
0.00013058399999987813 1231
0.00013060900000017028 1232
0.00013063899999998796 1233
0.00013065300000025815 1234
0.00013068300000007582 1235
0.000130704000000037 1234
0.0001307129999998935 1235
0.00013074299999971117 1236
0.00013077300000041703 1237
0.0001308030000002347 1238
0.0001308240000001959 1237
0.00013083300000005238 1238
0.00013086299999987006 1239
0.00013089299999968773 1240
0.00013092300000039359 1241
0.00013094400000035478 1240
0.00013095300000021126 1241
0.00013098300000002894 1242
0.0001310129999998466 1243
0.0001310429999996643 1244
0.00013106399999962548 1243
0.00013107599999973019 1244
0.00013118399999978436 1243
0.00013119599999988907 1244
0.0001312420000001424 1245
0.00013130099999969502 1246
0.00013130399999994324 1245
0.00013133100000040088 1246
0.00013142400000010213 1245
0.00013143600000020683 1246
0.0001314660000000245 1247
0.00013149599999984218 1248
0.00013152599999965986 1249
0.000131544000000261 1248
0.00013155600000036571 1249
0.0001315860000001834 1250
0.00013161600000000107 1251
0.00013164599999981874 1252
0.0001316640000004199 1251
0.00013167599999963642 1252
0.00013170600000034227 1253
0.00013173600000015995 1254
0.00013176599999997762 1255
0.0001317839999996906 1254
0.0001317959999997953 1255
0.00013182599999961297 1256
0.00013185600000031883 1257
0.0001318860000001365 1258
0.00013190399999984947 1257
0.00013191599999995418 1258
0.00013194599999977186 1259
0.00013197599999958953 1260
0.0001320060000002954 1261
0.00013202400000000836 1260
0.00013203600000011306 1261
0.00013206599999993074 1262
0.00013209599999974841 1263
0.0001321259999995661 1264
0.00013213999999983628 1265
0.00013214400000016724 1264
0.00013216999999965395 1265
0.0001322000000003598 1266
0.00013221399999974182 1267
0.0001322439999995595 1268
0.00013226400000032612 1267
0.00013227400000026535 1268
0.00013230400000008302 1269
0.0001323339999999007 1270
0.00013236399999971837 1271
0.00013238399999959682 1270
0.00013239400000042423 1271
0.0001324240000002419 1272
0.00013245400000005958 1273
0.00013248399999987726 1274
0.0001325039999997557 1273
0.00013251399999969493 1274
0.00013254400000040079 1275
0.00013257400000021846 1276
0.00013258799999960047 1277
0.00013261800000030632 1278
0.0001326239999999146 1277
0.000132648000000124 1278
0.00013267799999994168 1279
0.00013270799999975935 1280
0.00013273799999957703 1281
0.00013274400000007347 1280
0.00013276800000028288 1281
0.00013279800000010056 1282
0.00013282799999991823 1283
0.0001328579999997359 1284
0.00013286400000023235 1283
0.00013288800000044176 1284
0.00013291800000025944 1285
0.00013294800000007712 1286
0.0001329779999998948 1287
0.00013298400000039123 1286
0.00013300799999971247 1287
0.00013303800000041832 1288
0.000133068000000236 1289
0.00013309800000005367 1290
0.00013310399999966194 1289
0.00013311200000032386 1290
0.00013314200000014154 1291
0.0001331719999999592 1292
0.0001332019999997769 1293
0.00013322399999982082 1292
0.00013323199999959456 1293
0.00013326200000030042 1294
0.0001332920000001181 1295
0.00013332199999993577 1296
0.0001333439999999797 1295
0.00013335199999975345 1296
0.00013338199999957112 1297
0.00013341200000027698 1298
0.00013344200000009465 1299
0.00013346400000013858 1298
0.00013347199999991233 1299
0.00013350199999973 1300
0.00013353200000043586 1301
0.00013356200000025353 1302
0.00013358400000029746 1301
0.0001335920000000712 1302
0.00013362199999988889 1303
0.00013365199999970656 1304
0.00013368200000041242 1305
0.00013370399999956817 1304
0.0001337120000002301 1305
0.00013374200000004777 1306
0.00013377199999986544 1307
0.00013380199999968312 1308
0.00013382399999972705 1307
0.00013383200000038897 1308
0.00013386200000020665 1309
0.00013389200000002432 1310
0.000133921999999842 1311
0.00013394399999988593 1310
0.00013395199999965968 1311
0.00013398200000036553 1312
0.0001340120000001832 1313
0.00013404200000000088 1314
0.00013406400000004481 1313
0.00013407199999981856 1314
0.00013410199999963623 1315
0.0001341320000003421 1316
0.0001341459999997241 1317
0.00013417600000042995 1318
0.0001341840000002037 1317
0.00013420600000024763 1318
0.0001342360000000653 1319
0.00013426599999988298 1320
0.00013429599999970065 1321
0.00013430400000036258 1320
0.0001343260000004065 1321
0.00013435600000022418 1322
0.00013438600000004186 1323
0.00013441599999985954 1324
0.00013442399999963328 1323
0.0001344459999996772 1324
0.00013447600000038307 1325
0.00013450600000020074 1326
0.00013453600000001842 1327
0.00013454399999979216 1326
0.0001345659999998361 1327
0.00013459599999965377 1328
0.00013462600000035962 1329
0.0001346560000001773 1330
0.00013466399999995105 1329
0.00013468599999999498 1330
0.00013471599999981265 1331
0.00013474599999963033 1332
0.00013477600000033618 1333
0.00013478400000010993 1332
0.00013480600000015386 1333
0.00013483599999997153 1334
0.0001348659999997892 1335
0.00013489599999960689 1336
0.0001349040000002688 1335
0.00013492600000031274 1336
0.00013495600000013042 1337
0.0001349859999999481 1338
0.00013501599999976577 1339
0.0001350240000004277 1338
0.00013504599999958344 1339
0.0001350760000002893 1340
0.00013510600000010697 1341
0.00013513599999992465 1342
0.0001351439999996984 1341
0.00013516599999974233 1342
0.00013519599999956 1343
0.00013522600000026586 1344
0.00013525600000008353 1345
0.00013526399999985728 1344
0.0001352859999999012 1345
0.00013531599999971888 1346
0.00013534600000042474 1347
0.0001353760000002424 1348
0.00013538400000001616 1347
0.0001354060000000601 1348
0.00013543599999987777 1349
0.00013544100000029147 1348
0.00013546599999969544 1349
0.0001354960000004013 1350
0.00013552600000021897 1351
0.00013555600000003665 1352
0.00013556099999956217 1351
0.00013558599999985432 1352
0.000135615999999672 1353
0.00013564600000037785 1354
0.00013567600000019553 1355
0.00013568099999972105 1354
0.0001357060000000132 1355
0.00013573599999983088 1356
0.00013573799999999636 1355
0.00013576599999964856 1356
0.00013577999999991874 1357
0.00013580999999973642 1358
0.00013584000000044227 1359
0.00013585800000015524 1358
0.00013587000000025995 1359
0.00013590000000007763 1360
0.0001359299999998953 1361
0.00013595999999971298 1362
0.00013597800000031413 1361
0.00013599000000041883 1362
0.0001360200000002365 1363
0.00013605000000005418 1364
0.00013607999999987186 1365
0.00013609799999958483 1364
0.00013610999999968953 1365
0.0001361400000003954 1366
0.00013615499999986014 1365
0.00013617000000021307 1366
0.00013620000000003074 1367
0.00013622999999984842 1368
0.0001362599999996661 1369
0.00013627500000001902 1368
0.0001362890000002892 1369
0.00013629000000037195 1370
0.00013632000000018962 1371
0.0001363500000000073 1372
0.00013637999999982497 1373
0.00013639400000009516 1374
0.0001363950000001779 1373
0.00013642399999991284 1374
0.00013651500000033678 1373
0.00013655900000042465 1374
0.0001366349999996075 1373
0.0001367160000000922 1374
0.00013675499999976637 1373
0.00013677200000028478 1374
0.00013680200000010245 1375
0.0001368360000002511 1376
0.00013687499999992525 1375
0.00013693200000020056 1376
0.00013696200000001824 1377
0.00013697600000028842 1378
0.00013699500000008413 1379
0.00013699500000008413 1378
0.00013707300000032063 1379
0.0001371030000001383 1380
0.00013711500000024301 1379
0.00013713299999995598 1380
0.00013717000000035284 1381
0.00013720000000017052 1382
0.0001372299999999882 1383
0.0001372350000004019 1382
0.00013724400000025838 1383
0.0001373549999996726 1382
0.00013743600000015732 1383
0.000137465999999975 1384
0.00013747499999983148 1383
0.00013748000000024518 1384
0.0001375320000001068 1383
0.0001375890000003821 1382
0.00013766100000012216 1383
0.00013769200000002257 1384
0.0001377089999996528 1383
0.00013782899999981169 1382
0.000137886000000087 1381
0.0001379989999996667 1382
0.00013800600000024588 1381
0.0001380610000003557 1382
0.00013810500000044357 1383
0.00013812600000040476 1382
0.00013824599999967546 1381
0.00013825500000042013 1382
0.0001382850000002378 1383
0.00013834800000012137 1384
0.00013836599999983434 1383
0.00013837799999993905 1384
0.00013840799999975673 1385
0.00013848599999999323 1384
0.00013851499999972816 1385
0.00013852899999999835 1386
0.00013855899999981602 1387
0.0001386060000001521 1386
0.0001386270000001133 1387
0.000138726000000311 1386
0.00013878900000019456 1387
0.0001388420000001389 1388
0.0001388459999995817 1387
0.00013887600000028755 1388
0.000138902999999857 1387
0.00013890600000010522 1388
0.00013899599999955825 1389
0.00013902300000001588 1388
0.0001391179999998826 1389
0.00013914300000017477 1388
0.00013916600000030144 1389
0.0001391960000001191 1390
0.00013926300000033365 1389
0.00013930999999978155 1390
0.00013931999999972078 1389
0.00013937199999958239 1390
0.0001393769999999961 1389
0.00013940200000028824 1390
0.00013943200000010592 1391
0.0001394340000002714 1390
0.0001394619999999236 1391
0.00013949199999974127 1392
0.00013954799999993384 1393
0.00013955400000043028 1392
0.0001395779999997515 1393
0.0001396079999995692 1394
0.0001396109999998174 1393
0.00013963800000027504 1394
0.00013966800000009272 1395
0.0001396979999999104 1396
0.00013972799999972807 1397
0.0001397309999999763 1396
0.00013975800000043392 1397
0.00013981199999957283 1398
0.0001398420000002787 1399
0.00013985100000013517 1398
0.00013987200000009636 1399
0.00013990199999991404 1400
0.00013993199999973172 1401
0.00013996200000043757 1402
0.00013997100000029405 1401
0.00013999200000025525 1402
0.00014002200000007292 1403
0.0001400519999998906 1404
0.00014008199999970827 1405
0.00014009099999956476 1404
0.00014011200000041413 1405
0.00014013300000037532 1406
0.0001401420000002318 1407
0.00014017200000004948 1408
0.00014020199999986716 1409
0.00014021099999972364 1408
0.00014023199999968483 1409
0.00014026200000039069 1410
0.0001402759999997727 1411
0.00014030599999959037 1412
0.00014033099999988252 1411
0.00014033600000029622 1412
0.0001403660000001139 1413
0.00014039599999993158 1414
0.00014040100000034528 1415
0.00014042599999974925 1416
0.0001404510000000414 1415
0.0001404630000001461 1416
0.00014047099999991985 1417
0.0001404770000004163 1418
0.00014052199999969872 1419
0.0001405569999999301 1420
0.00014057100000020029 1419
0.00014058699999974777 1420
0.00014069100000035917 1419
0.00014070499999974118 1420
0.00014078899999958594 1421
0.00014081099999962987 1420
0.0001408190000002918 1421
0.00014084900000010947 1422
0.00014087899999992715 1423
0.00014090899999974482 1424
0.00014093099999978875 1423
0.0001409389999995625 1424
0.00014096900000026835 1425
0.00014099900000008603 1426
0.0001410289999999037 1427
0.00014105099999994763 1426
0.00014105899999972138 1427
0.00014108900000042723 1428
0.0001411190000002449 1429
0.00014114900000006259 1430
0.00014117100000010652 1429
0.00014117899999988026 1430
0.00014120899999969794 1431
0.0001412390000004038 1432
0.00014126900000022147 1433
0.0001412910000002654 1432
0.00014129900000003914 1433
0.00014132899999985682 1434
0.000141343000000127 1435
0.00014137299999994468 1436
0.00014140299999976236 1437
0.00014141100000042428 1436
0.00014143299999958003 1437
0.0001414630000002859 1438
0.00014149300000010356 1439
0.00014152299999992124 1440
0.00014153099999969498 1439
0.00014155299999973892 1440
0.0001415829999995566 1441
0.00014161300000026245 1442
0.00014164300000008012 1443
0.00014165099999985387 1442
0.0001416729999998978 1443
0.00014170299999971547 1444
0.00014173300000042133 1445
0.000141763000000239 1446
0.00014177100000001275 1445
0.00014179300000005668 1446
0.00014182299999987436 1447
0.00014185299999969203 1448
0.00014188300000039789 1449
0.00014189100000017163 1448
0.00014191300000021556 1449
0.00014194300000003324 1450
0.00014195700000030342 1451
0.0001419870000001211 1452
0.0001420110000003305 1451
0.00014201699999993878 1452
0.00014204699999975645 1453
0.00014207699999957413 1454
0.00014208899999967883 1455
0.00014210700000027998 1456
0.00014213099999960122 1455
0.00014213700000009766 1456
0.00014216699999991533 1457
0.000142196999999733 1458
0.0001422110000000032 1459
0.00014224099999982087 1460
0.0001422509999997601 1459
0.00014227099999963855 1460
0.0001423010000003444 1461
0.0001423080000000354 1460
0.00014233100000016208 1461
0.00014236099999997975 1462
0.00014236500000031072 1461
0.00014239099999979743 1462
0.0001424209999996151 1463
0.00014242199999969785 1462
0.00014245100000032096 1463
0.00014247899999997315 1462
0.00014248100000013864 1463
0.0001425109999999563 1464
0.000142540999999774 1465
0.00014257099999959166 1466
0.00014259900000013204 1465
0.00014260100000029752 1466
0.0001426310000001152 1467
0.00014266099999993287 1468
0.00014269099999975055 1469
0.00014271900000029092 1468
0.00014272099999956822 1469
0.00014275100000027408 1470
0.00014278100000009175 1471
0.0001427959999995565 1472
0.00014281099999990943 1473
0.00014283899999956162 1472
0.0001428409999997271 1473
0.00014287100000043296 1474
0.00014290100000025063 1475
0.0001429310000000683 1476
0.0001429589999997205 1475
0.00014296099999988598 1476
0.00014299099999970366 1477
0.00014302100000040951 1478
0.0001430510000002272 1479
0.00014307899999987939 1478
0.00014308100000004487 1479
0.00014311099999986254 1480
0.00014314099999968022 1481
0.00014317100000038607 1482
0.00014318499999976808 1483
0.00014319900000003827 1484
0.00014319900000003827 1483
0.00014322899999985594 1484
0.00014325899999967362 1485
0.00014328900000037947 1486
0.00014331900000019715 1487
0.00014331900000019715 1486
0.00014334900000001483 1487
0.00014337599999958428 1486
0.0001433789999998325 1487
0.00014340899999965018 1488
0.00014343900000035603 1489
0.0001434690000001737 1490
0.00014349599999974316 1489
0.00014349899999999138 1490
0.00014351300000026157 1491
0.00014354300000007925 1492
0.00014357299999989692 1493
0.0001436029999997146 1494
0.00014361599999990204 1493
0.00014363300000042045 1494
0.00014366300000023813 1495
0.0001436930000000558 1496
0.00014372299999987348 1497
0.00014373600000006093 1496
0.00014375299999969116 1497
0.000143783000000397 1498
0.00014381300000021469 1499
0.00014384300000003236 1500
0.0001438560000002198 1499
0.00014387299999985004 1500
0.0001439029999996677 1501
0.0001439169999999379 1502
0.00014394699999975558 1503
0.0001439760000003787 1502
0.00014397699999957325 1503
0.0001440070000002791 1504
0.00014403700000009678 1505
0.00014406699999991446 1506
0.0001440959999996494 1505
0.00014409699999973213 1506
0.000144127000000438 1507
0.00014415700000025566 1508
0.0001441790000002996 1509
0.00014418700000007334 1510
0.00014421599999980828 1509
0.00014421699999989102 1510
0.0001442469999997087 1511
0.00014427300000008358 1510
0.00014431900000033693 1511
0.00014439100000007699 1512
0.00014439300000024247 1511
0.00014444900000043503 1512
0.00014451300000040135 1511
0.00014452000000009235 1512
0.00014458800000038963 1513
0.00014460199999977164 1514
0.00014463299999967205 1513
0.00014466100000021243 1514
0.00014475299999983093 1515
0.00014475299999983093 1514
0.0001447829999996486 1515
0.00014481300000035446 1516
0.00014486799999957611 1517
0.00014487299999998982 1516
0.00014492100000040864 1517
0.00014493000000026512 1516
0.00014495100000022632 1517
0.000144981000000044 1518
0.00014501099999986167 1519
0.00014504099999967934 1520
0.000145050000000424 1519
0.0001450710000003852 1520
0.00014510100000020287 1521
0.00014513100000002055 1522
0.00014516099999983822 1523
0.0001451699999996947 1522
0.0001451909999996559 1523
0.0001452049999999261 1524
0.00014521900000019627 1525
0.00014524900000001395 1526
0.00014527899999983163 1527
0.0001452899999998536 1526
0.0001453089999996493 1527
0.0001453470000001289 1526
0.00014538200000036028 1527
0.00014541200000017795 1528
0.00014544199999999563 1529
0.00014545600000026582 1530
0.00014546700000028778 1529
0.0001454860000000835 1530
0.00014553000000017136 1531
0.00014555999999998903 1532
0.00014558699999955849 1531
0.0001455899999998067 1532
0.00014561999999962438 1533
0.00014565000000033024 1534
0.00014566399999971225 1535
0.0001456940000004181 1536
0.00014570699999971737 1535
0.00014582699999987625 1534
0.00014594700000003513 1533
0.00014603199999996264 1534
0.0001460619999997803 1535
0.00014606700000019401 1534
0.00014609900000017717 1535
0.00014617099999991723 1536
0.0001461870000003529 1535
0.00014621700000017057 1536
0.0001463069999996236 1535
0.00014630999999987182 1536
0.00014637600000000361 1537
0.0001464059999998213 1538
0.00014642699999978248 1537
0.00014644799999974367 1538
0.00014647799999956135 1539
0.00014649199999983153 1540
0.0001465219999996492 1541
0.00014654699999994136 1540
0.00014655200000035506 1541
0.00014658200000017274 1542
0.00014660400000021667 1541
0.00014668299999964773 1542
0.0001467130000003536 1543
0.00014672400000037555 1542
0.00014674500000033674 1543
0.00014677500000015442 1544
0.00014682100000040776 1545
0.00014684399999964626 1544
0.00014685100000022544 1545
0.0001469229999999655 1546
0.00014695299999978317 1547
0.00014696399999980514 1546
0.0001470169999997495 1547
0.00014704699999956716 1548
0.00014708399999996402 1547
0.0001470980000002342 1548
0.00014717200000013975 1549
0.0001472040000001229 1548
0.00014722999999960962 1549
0.00014726000000031547 1550
0.00014729000000013315 1551
0.00014731999999995082 1552
0.00014732400000028179 1551
0.00014738399999991714 1552
0.00014744400000044067 1551
0.00014744799999988345 1552
0.00014752800000028543 1553
0.00014756399999971137 1552
0.00014762899999976042 1553
0.00014765099999980436 1554
0.00014768399999987025 1553
0.00014774000000006282 1554
0.0001477699999998805 1555
0.00014779999999969817 1556
0.00014780400000002913 1555
0.00014783000000040403 1556
0.0001478600000002217 1557
0.00014789000000003938 1558
0.00014792400000018802 1557
0.000147948999999592 1558
0.00014797900000029784 1559
0.0001480440000003469 1558
0.00014806899999975087 1559
0.00014809899999956855 1560
0.00014810099999973403 1559
0.0001482020000000972 1560
0.0001482209999998929 1559
0.00014826900000031173 1560
0.00014827800000016822 1559
0.00014839700000024436 1560
0.0001483980000003271 1559
0.00014845499999971423 1558
0.00014846799999990168 1559
0.00014855299999982918 1560
0.00014857499999987311 1559
0.00014860599999977353 1560
0.000148695000000032 1559
0.00014881500000019088 1558
0.00014881700000035636 1559
0.00014887100000038345 1560
0.00014890100000020112 1561
0.0001489310000000188 1562
0.00014893500000034976 1561
0.00014901700000002904 1562
0.00014905499999962046 1561
0.00014917499999977935 1560
0.0001491859999998013 1561
0.00014922899999980643 1562
0.0001492589999996241 1563
0.00014929499999993823 1562
0.0001494150000000971 1561
0.000149535000000256 1560
0.00014956299999990819 1561
0.00014965500000041487 1560
0.0001497209999996585 1561
0.00014975100000036434 1562
0.00014977499999968558 1561
0.00014983600000029185 1562
0.00014989499999984446 1561
0.00015001500000000334 1560
0.00015013500000016222 1559
0.00015016700000014538 1560
0.0001502550000003211 1559
0.0001503070000001827 1560
0.0001503749999995918 1559
0.000150388999999862 1560
0.0001504949999997507 1559
0.0001505000000001644 1560
0.00015052999999998207 1561
0.00015055999999979974 1562
0.00015057400000006993 1563
0.00015061499999990957 1562
0.0001506859999995669 1563
0.00015071600000027274 1564
0.00015073500000006845 1563
0.00015082599999960422 1564
0.00015085500000022734 1563
0.00015096599999964155 1564
0.00015097500000038622 1563
0.0001509960000003474 1564
0.00015106100000039646 1565
0.00015109499999965692 1564
0.0001511179999997836 1565
0.00015118099999966716 1566
0.0001512149999998158 1565
0.0001512269999999205 1566
0.00015125699999973818 1567
0.00015128700000044404 1568
0.00015131700000026171 1569
0.00015133499999997468 1568
0.0001513470000000794 1569
0.00015137699999989707 1570
0.00015141699999965397 1571
0.00015145500000013357 1570
0.0001515290000000391 1571
0.0001515430000003093 1572
0.00015157500000029245 1571
0.00015162600000007131 1572
0.000151655999999889 1573
0.00015168599999970667 1574
0.00015169499999956315 1573
0.00015171600000041252 1574
0.0001517460000002302 1575
0.00015177600000004787 1576
0.00015180599999986555 1577
0.00015181499999972203 1576
0.00015182000000013574 1577
0.0001518499999999534 1578
0.0001518799999997711 1579
0.0001518799999997711 1580
0.00015190999999958876 1581
0.00015193499999988092 1580
0.00015194000000029462 1581
0.0001519700000001123 1582
0.00015198400000038248 1583
0.00015201400000020016 1584
0.00015204400000001783 1585
0.0001520550000000398 1584
0.0001520739999998355 1585
0.00015210399999965318 1586
0.00015213400000035904 1587
0.0001521640000001767 1588
0.00015217500000019868 1587
0.0001521939999999944 1588
0.00015222399999981207 1589
0.00015225399999962974 1590
0.0001522840000003356 1591
0.00015229500000035756 1590
0.0001522979999997176 1591
0.00015232800000042346 1592
0.00015235800000024113 1593
0.0001523880000000588 1594
0.00015241499999962826 1593
0.00015241799999987649 1594
0.00015244799999969416 1595
0.00015247800000040002 1596
0.0001525080000002177 1597
0.0001525219999995997 1598
0.00015253499999978715 1597
0.00015255200000030555 1598
0.00015258200000012323 1599
0.0001526119999999409 1600
0.00015264199999975858 1601
0.00015265499999994603 1600
0.00015267199999957626 1601
0.0001527020000002821 1602
0.00015271200000022134 1601
0.0001527320000000998 1602
0.00015276199999991746 1603
0.00015279199999973514 1604
0.00015280600000000533 1605
0.00015283200000038022 1604
0.000152835999999823 1605
0.00015286599999964068 1606
0.00015289600000034653 1607
0.0001529260000001642 1608
0.00015295199999965092 1607
0.00015295599999998188 1608
0.00015298599999979956 1609
0.00015301599999961724 1610
0.0001530460000003231 1611
0.0001530719999998098 1610
0.00015307600000014077 1611
0.00015310599999995844 1612
0.00015312000000022863 1613
0.0001531500000000463 1614
0.00015317999999986398 1615
0.0001531919999999687 1614
0.00015320999999968166 1615
0.0001532400000003875 1616
0.0001532700000002052 1617
0.00015330000000002286 1618
0.00015331200000012757 1617
0.00015332999999984054 1618
0.00015335999999965821 1619
0.00015339000000036407 1620
0.00015340399999974608 1621
0.00015343200000028645 1620
0.00015343399999956375 1621
0.0001534640000002696 1622
0.00015348899999967358 1621
0.00015349400000008728 1622
0.00015352399999990496 1623
0.00015355399999972263 1624
0.0001535840000004285 1625
0.00015360899999983246 1624
0.00015361400000024616 1625
0.00015364400000006384 1626
0.00015367399999988152 1627
0.0001537039999996992 1628
0.00015372899999999134 1627
0.00015373400000040505 1628
0.00015376400000022272 1629
0.0001537940000000404 1630
0.00015382399999985807 1631
0.00015384900000015023 1630
0.00015385399999967575 1631
0.0001538840000003816 1632
0.00015391400000019928 1633
0.00015394400000001696 1634
0.0001539690000003091 1633
0.00015397399999983463 1634
0.0001540039999996523 1635
0.00015403400000035816 1636
0.00015404799999974017 1637
0.00015407799999955785 1638
0.0001540889999995798 1637
0.0001541080000002637 1638
0.00015413800000008138 1639
0.00015416799999989905 1640
0.00015419799999971673 1641
0.0001542089999997387 1640
0.00015422800000042258 1641
0.00015425800000024026 1642
0.00015427199999962227 1643
0.00015430200000032812 1644
0.00015432899999989758 1643
0.0001543320000001458 1644
0.00015436199999996347 1645
0.00015439199999978115 1646
0.00015442199999959882 1647
0.00015444900000005646 1646
0.00015445200000030468 1647
0.00015448200000012235 1648
0.00015451199999994003 1649
0.0001545419999997577 1650
0.00015456900000021534 1649
0.00015457199999957538 1650
0.00015460200000028124 1651
0.0001546320000000989 1652
0.0001546619999999166 1653
0.00015468900000037422 1652
0.00015469199999973426 1653
0.00015470600000000445 1654
0.00015473599999982213 1655
0.0001547659999996398 1656
0.00015477999999991 1657
0.00015480899999964493 1656
0.00015480999999972767 1657
0.00015484000000043352 1658
0.00015486599999992023 1657
0.0001548700000002512 1658
0.00015490000000006887 1659
0.00015492999999988655 1660
0.00015495999999970422 1661
0.00015498600000007912 1660
0.00015499000000041008 1661
0.00015502000000022775 1662
0.00015505000000004543 1663
0.0001550799999998631 1664
0.000155106000000238 1663
0.00015510999999968078 1664
0.00015514000000038664 1665
0.0001551700000002043 1666
0.000155200000000022 1667
0.00015522600000039688 1666
0.00015522999999983966 1667
0.00015524400000010985 1668
0.00015525800000038004 1669
0.000155282999999784 1668
0.0001552880000001977 1669
0.00015534799999983306 1670
0.00015536899999979426 1671
0.00015537799999965074 1672
0.0001554029999999429 1671
0.0001554080000003566 1672
0.00015543800000017427 1673
0.0001554840000004276 1674
0.0001555140000002453 1675
0.00015552300000010177 1674
0.00015554400000006297 1675
0.00015557399999988064 1676
0.00015560399999969832 1677
0.00015563400000040417 1678
0.00015564300000026066 1677
0.00015566600000038733 1678
0.00015571399999991797 1679
0.00015572000000041442 1680
0.00015574399999973565 1681
0.00015575800000000584 1682
0.00015576300000041954 1681
0.00015587800000016472 1682
0.00015588299999969024 1681
0.0001559410000000483 1682
0.00015595500000031848 1683
0.00015600299999984912 1682
0.000156123000000008 1681
0.00015618100000036605 1682
0.0001562430000001669 1681
0.00015625999999979712 1682
0.00015636300000032577 1681
0.00015648299999959647 1682
0.00015648299999959647 1681
0.00015650000000011488 1682
0.00015653999999987178 1681
0.0001565640000000812 1682
0.00015664300000040043 1683
0.00015666000000003066 1682
0.00015673700000018442 1683
0.00015675099999956643 1684
0.00015678000000018955 1683
0.00015687399999997353 1684
0.00015688800000024372 1685
0.00015690000000034843 1684
0.0001569870000004414 1685
0.00015701999999961913 1684
0.00015709899999993837 1685
0.000157139999999778 1684
0.00015715099999979998 1685
0.0001572599999999369 1684
0.00015731600000012946 1685
0.00015733000000039965 1686
0.00015736000000021733 1687
0.00015738000000009578 1686
0.0001574890000002327 1687
0.00015750000000025466 1686
0.00015762000000041354 1685
0.00015762399999985632 1686
0.00015772899999966228 1687
0.00015773999999968424 1686
0.00015774299999993247 1687
0.00015785999999984313 1686
0.00015790600000009647 1687
0.00015793599999991415 1688
0.000157980000000002 1687
0.0001580289999996154 1688
0.0001581000000001609 1687
0.00015822000000031977 1686
0.00015833999999959047 1685
0.00015835199999969518 1686
0.00015843799999970543 1687
0.0001584519999999756 1688
0.00015845999999974936 1687
0.0001585339999996549 1688
0.00015857999999990824 1687
0.0001586380000002663 1688
0.0001586519999996483 1689
0.00015870000000006712 1688
0.00015875199999992873 1689
0.00015881399999972956 1690
0.000158820000000226 1689
0.00015884400000043541 1690
0.00015894000000038488 1689
0.00015896800000003708 1690
0.0001590599999996556 1689
0.0001591010000003834 1690
0.00015917999999981447 1689
0.00015928300000034312 1690
0.00015929999999997335 1689
0.00015938000000037533 1690
0.00015942000000013223 1689
0.0001594259999997405 1690
0.00015948199999993307 1691
0.00015951199999975074 1692
0.00015954000000029112 1691
0.00015965999999956182 1690
0.0001596759999999975 1691
0.0001597799999997207 1690
0.00015989999999987958 1689
0.00016002000000003846 1688
0.00016013800000003187 1689
0.00016014000000019735 1688
0.00016026000000035623 1687
0.0001602939999996167 1688
0.0001603680000004104 1689
0.00016037999999962693 1688
0.00016039800000022808 1689
0.00016049700000042577 1690
0.00016049999999978581 1689
0.00016052700000024345 1690
0.00016055499999989564 1691
0.00016060100000014899 1692
0.0001606199999999447 1691
0.00016067700000022 1690
0.00016070900000020316 1691
0.0001607970000003789 1690
0.00016085700000001424 1691
0.00016088100000022365 1692
0.0001609169999996496 1691
0.00016103699999980847 1690
0.0001610989999996093 1691
0.00016115699999996735 1690
0.00016127700000012624 1689
0.00016129599999992195 1690
0.00016139700000028512 1689
0.000161517000000444 1688
0.0001616230000003327 1689
0.0001616369999997147 1688
0.00016165300000015037 1689
0.0001617029999998465 1690
0.00016175699999987359 1689
0.00016177499999958656 1690
0.00016187700000003247 1689
0.00016199700000019135 1688
0.00016205899999999218 1689
0.00016209899999974908 1690
0.00016211700000035023 1689
0.00016217199999957188 1690
0.00016223699999962093 1689
0.00016228399999995702 1690
0.0001622980000002272 1691
0.00016234100000023233 1692
0.00016235699999977982 1691
0.0001624769999999387 1690
0.00016259700000009758 1689
0.00016262000000022425 1690
0.00016271700000025646 1689
0.00016283700000041534 1688
0.00016285299999996283 1689
0.0001628829999997805 1690
0.00016291299999959818 1691
0.00016295699999968605 1690
0.00016295999999993427 1691
0.00016298999999975194 1692
0.00016307699999984493 1691
0.0001631970000000038 1690
0.0001633170000001627 1689
0.00016333499999987566 1690
0.00016343700000032158 1689
0.00016355699999959228 1688
0.00016367699999975116 1687
0.00016376399999984415 1688
0.00016379699999991004 1687
0.00016391700000006892 1686
0.0001639349999997819 1687
0.00016402199999987488 1688
0.0001640370000002278 1687
0.00016411200000021609 1688
0.0001641570000003867 1687
0.00016417199999985144 1688
0.0001642769999996574 1687
0.00016439699999981627 1686
0.00016451699999997516 1685
0.000164578999999776 1686
0.00016459300000004617 1687
0.00016463700000013404 1686
0.00016475700000029292 1685
0.00016475999999965296 1686
0.00016487699999956362 1685
0.0001648840000001428 1686
0.00016493900000025263 1687
0.0001649969999997225 1686
0.00016511699999988139 1685
0.00016521499999999634 1686
0.00016523700000004027 1685
0.00016531200000002855 1686
0.00016535700000019915 1685
0.00016547700000035803 1684
0.00016559699999962874 1683
0.00016571699999978762 1682
0.0001658369999999465 1681
0.00016589899999974733 1682
0.00016595700000010538 1681
0.00016596399999979639 1682
0.00016599399999961406 1683
0.0001660279999997627 1684
0.00016605799999958037 1685
0.00016607700000026426 1684
0.00016608800000028623 1685
0.0001661180000001039 1686
0.00016619700000042315 1685
0.00016624000000042827 1686
0.00016631699999969385 1685
0.00016643699999985273 1684
0.0001665570000000116 1683
0.00016656200000042531 1684
0.0001666770000001705 1683
0.00016674599999966233 1684
0.00016679700000032938 1683
0.00016691699999960008 1682
0.00016702100000021147 1683
0.00016703699999975896 1682
0.00016705100000002915 1683
0.00016713599999995665 1684
0.00016715699999991784 1683
0.0001671700000001053 1684
0.0001672030000001712 1685
0.00016727700000007673 1684
0.0001673970000002356 1683
0.0001675170000003945 1682
0.00016759200000038277 1683
0.0001676369999996652 1682
0.00016765300000010086 1683
0.00016775699999982407 1682
0.00016778899999980723 1683
0.00016785499999993903 1684
0.00016787699999998296 1683
0.0001678849999997567 1684
0.0001679059999997179 1685
0.00016799700000014184 1684
0.00016811700000030072 1683
0.00016816299999966589 1684
0.00016819300000037174 1685
0.00016822300000018942 1686
0.00016823699999957142 1685
0.0001682530000000071 1686
0.00016828299999982477 1687
0.00016831299999964244 1688
0.00016835200000020478 1689
0.0001683569999997303 1688
0.0001684769999998892 1687
0.00016856399999998217 1688
0.00016859700000004807 1687
0.00016860800000007004 1688
0.00016868600000030654 1689
0.0001687160000001242 1690
0.00016871700000020695 1689
0.00016873600000000266 1690
0.00016883700000036583 1689
0.00016895699999963654 1688
0.00016899600000019888 1689
0.000169045999999895 1690
0.00016907599999971268 1691
0.00016907699999979542 1690
0.0001691969999999543 1689
0.00016923899999987668 1690
0.0001692540000002296 1689
0.0001692870000002955 1690
0.0001693740000003885 1689
0.0001694939999996592 1688
0.00016953699999966432 1689
0.00016961399999981808 1688
0.00016973399999997696 1687
0.00016985400000013584 1686
0.00016987999999962256 1687
0.00016997400000029472 1686
0.0001699779999997375 1687
0.00017009399999956543 1686
0.00017012600000043676 1687
0.0001702139999997243 1686
0.00017023000000015998 1687
0.00017025999999997765 1688
0.00017028999999979533 1689
0.000170319999999613 1690
0.0001703339999998832 1689
0.00017040899999987147 1690
0.00017045400000004207 1689
0.0001704880000001907 1690
0.00017057400000020095 1689
0.00017069400000035984 1688
0.00017073799999955952 1689
0.0001707519999998297 1690
0.00017081399999963054 1689
0.00017093399999978942 1688
0.0001709449999998114 1689
0.00017097699999979454 1690
0.0001710539999999483 1689
0.00017117400000010718 1690
0.00017117400000010718 1689
0.00017129400000026607 1688
0.00017141400000042495 1687
0.0001714980000002697 1688
0.00017153399999969565 1687
0.0001715659999996788 1688
0.00017162700000028508 1689
0.00017165399999985453 1688
0.0001716859999998377 1689
0.00017177400000001342 1688
0.000171843999999588 1689
0.0001718940000001723 1688
0.00017194900000028213 1689
0.00017201400000033118 1688
0.00017206199999986183 1689
0.00017211000000028065 1690
0.00017213399999960188 1689
0.00017215999999997678 1690
0.00017218999999979445 1691
0.00017225399999976077 1690
0.00017235899999956672 1691
0.00017237399999991965 1690
0.00017249400000007853 1689
0.0001726140000002374 1688
0.0001727080000000214 1689
0.0001727340000003963 1688
0.00017278199999992694 1689
0.00017281199999974461 1690
0.000172853999999667 1689
0.00017285499999974974 1690
0.0001729629999998039 1691
0.00017297399999982588 1690
0.00017300799999997452 1691
0.00017309399999998476 1690
0.00017321400000014364 1689
0.00017333400000030252 1688
0.00017343800000002574 1689
0.00017345399999957323 1688
0.0001735739999997321 1687
0.00017359200000033326 1688
0.00017364200000002938 1689
0.00017368800000028273 1690
0.000173693999999891 1689
0.0001737180000001004 1690
0.00017381299999996713 1691
0.00017381400000004987 1690
0.00017392699999962957 1691
0.00017393400000020875 1690
0.00017405400000036764 1689
0.00017414099999957244 1690
0.00017417399999963834 1689
0.00017429399999979722 1688
0.00017435599999959805 1689
0.0001744139999999561 1688
0.00017443399999983455 1689
0.00017448200000025338 1690
0.00017453400000011499 1689
0.00017465400000027387 1688
0.00017468600000025702 1689
0.00017477400000043275 1688
0.00017489399999970345 1687
0.00017495600000039246 1688
0.00017501399999986234 1687
0.00017513400000002122 1686
0.0001752540000001801 1685
0.00017537400000033898 1684
0.00017544900000032726 1685
0.00017549399999960968 1684
0.00017561399999976857 1683
0.00017566999999996114 1684
0.00017573399999992745 1683
0.00017585400000008633 1682
0.0001759740000002452 1681
0.0001760940000004041 1680
0.00017613500000024374 1681
0.00017614899999962574 1682
0.00017615099999979122 1681
0.00017616299999989593 1682
0.0001762709999999501 1681
0.00017629800000040774 1682
0.000176391000000109 1681
0.00017651100000026787 1680
0.00017663100000042675 1679
0.00017666599999976995 1680
0.00017668000000004014 1681
0.00017675099999969746 1680
0.00017687099999985634 1679
0.00017693800000007087 1680
0.00017699100000001522 1679
0.00017705499999998153 1680
0.0001771110000001741 1679
0.00017711300000033958 1680
0.00017723100000033298 1679
0.0001773509999996037 1678
0.00017747099999976257 1677
0.00017759099999992145 1676
0.00017771100000008033 1675
0.00017783100000023921 1674
0.0001779510000003981 1673
0.00017796200000042006 1674
0.0001780709999996688 1673
0.00017816699999961827 1674
0.00017819099999982768 1673
0.0001782270000001418 1674
0.00017831099999998656 1673
0.00017843100000014545 1672
0.0001784630000001286 1673
0.00017849299999994628 1674
0.00017850700000021646 1675
0.00017855100000030433 1674
0.00017857499999962556 1675
0.00017867099999957503 1674
0.0001787909999997339 1673
0.00017888699999968338 1674
0.0001789109999998928 1673
0.00017903100000005168 1672
0.00017915100000021056 1671
0.00017927100000036944 1670
0.00017939099999964014 1669
0.00017941100000040677 1670
0.00017951099999979903 1669
0.0001795390000003394 1670
0.0001796309999999579 1669
0.0001797510000001168 1668
0.00017987100000027567 1667
0.00017999100000043455 1666
0.00018011099999970526 1665
0.0001801710000002288 1666
0.00018023099999986414 1665
0.00018035100000002302 1664
0.0001804710000001819 1663
0.00018054299999992196 1664
0.00018059100000034078 1663
0.00018066600000032906 1664
0.0001807109999996115 1663
0.0001807190000002734 1664
0.00018083099999977037 1663
0.00018095099999992925 1662
0.00018107100000008813 1661
0.00018119100000024702 1660
0.0001813110000004059 1659
0.0001814309999996766 1658
0.00018155099999983548 1657
0.00018167099999999436 1656
0.00018179100000015325 1655
0.00018184800000042856 1654
0.00018196799999969926 1653
0.00018208799999985814 1652
0.00018209500000043732 1653
0.00018220800000001702 1652
0.0001823280000001759 1651
0.00018239899999983322 1652
0.0001824480000003348 1651
0.00018251599999974388 1652
0.0001825679999996055 1651
0.00018268799999976437 1650
0.00018274900000037064 1651
0.00018280799999992325 1650
0.00018292800000008214 1649
0.00018304800000024102 1648
0.0001831059999997109 1649
0.0001831680000003999 1648
0.0001832879999996706 1647
0.00018329700000041527 1648
0.00018340799999982949 1647
0.00018352799999998837 1646
0.00018364800000014725 1645
0.00018376800000030613 1644
0.00018388799999957683 1643
0.00018393399999983018 1644
0.00018400799999973572 1643
0.0001841279999998946 1642
0.00018424800000005348 1641
0.00018436800000021236 1640
0.00018448800000037124 1639
0.00018460799999964195 1638
0.00018472799999980083 1637
0.0001848479999999597 1636
0.0001849680000001186 1635
0.00018508800000027748 1634
0.00018520800000043636 1633
0.00018527200000040267 1634
0.00018532799999970706 1633
0.00018544799999986594 1632
0.00018556800000002482 1631
0.00018558499999965505 1632
0.0001856880000001837 1631
0.00018571699999991864 1632
0.0001858080000003426 1631
0.00018582099999964186 1632
0.0001859279999996133 1631
0.00018604799999977217 1630
0.00018616799999993106 1629
0.00018628800000008994 1628
0.00018640800000024882 1627
0.0001864100000004143 1628
0.0001865280000004077 1627
0.00018661599999969525 1628
0.0001866479999996784 1627
0.00018676799999983729 1626
0.00018688799999999617 1625
0.00018700800000015505 1624
0.00018712800000031393 1623
0.00018724799999958464 1622
0.00018736799999974352 1621
0.0001874309999996271 1622
0.0001874879999999024 1621
0.00018760800000006128 1620
0.00018772800000022016 1619
0.00018784800000037905 1618
0.00018796799999964975 1617
0.00018808799999980863 1616
0.00018810300000016156 1617
0.0001882079999999675 1616
0.0001883280000001264 1615
0.00018844800000028528 1614
0.00018856199999994772 1615
0.00018856800000044416 1614
0.00018868799999971486 1613
0.00018873800000029917 1614
0.00018875199999968117 1615
0.00018880799999987374 1614
0.00018892800000003263 1613
0.00018902299999989935 1614
0.0001890480000001915 1613
0.0001891680000003504 1612
0.00018918900000031158 1613
0.0001892879999996211 1612
0.00018940799999977997 1611
0.00018952799999993886 1610
0.00018961600000011458 1611
0.00018964800000009774 1610
0.0001897529999999037 1611
0.00018976800000025662 1610
0.00018980399999968256 1611
0.0001898880000004155 1610
0.0001900079999996862 1609
0.00019006399999987877 1610
0.0001901279999998451 1609
0.00019013400000034153 1610
0.00019024800000000397 1609
0.00019036800000016285 1608
0.00019041100000016797 1609
0.00019048800000032173 1608
0.00019060799999959244 1607
0.00019072100000006031 1608
0.00019072799999975132 1607
0.0001908479999999102 1606
0.0001908530000003239 1607
0.00019096800000006908 1606
0.00019108800000022796 1605
0.00019120800000038685 1604
0.00019123700000012178 1605
0.00019132799999965755 1604
0.00019144799999981643 1603
0.00019146300000016936 1604
0.00019156799999997531 1603
0.0001916880000001342 1602
0.00019180800000029308 1601
0.0001918979999997461 1602
0.00019192799999956378 1601
0.00019204799999972266 1600
0.00019216799999988154 1599
0.00019228800000004043 1598
0.0001924080000001993 1597
0.0001925280000003582 1596
0.0001926479999996289 1595
0.00019276799999978778 1594
0.00019288799999994666 1593
0.00019289799999988588 1594
0.00019294500000022197 1593
0.00019306300000021537 1594
0.00019306500000038085 1593
0.0001931180000003252 1594
0.00019318499999965155 1593
0.00019327900000032372 1594
0.00019330499999981043 1593
0.0001933090000001414 1594
0.00019337799999963323 1595
0.00019342499999996932 1594
0.00019351799999967056 1595
0.0001935450000001282 1594
0.0001936020000004035 1593
0.0001937219999996742 1592
0.00019373900000019262 1593
0.0001938419999998331 1592
0.00019396199999999197 1591
0.00019408200000015086 1590
0.00019413900000042617 1589
0.00019425899999969687 1588
0.00019437899999985575 1587
0.0001943869999996295 1588
0.00019449900000001463 1587
0.00019461900000017351 1586
0.0001947390000003324 1585
0.0001948589999996031 1584
0.00019493799999992234 1585
0.00019497899999976198 1584
0.00019509899999992086 1583
0.00019521900000007975 1582
0.00019533900000023863 1581
0.00019539599999962576 1580
0.00019551599999978464 1579
0.00019563599999994352 1578
0.0001957560000001024 1577
0.00019587600000026129 1576
0.00019599600000042017 1575
0.00019611599999969087 1574
0.00019623599999984975 1573
0.00019635600000000863 1572
0.00019637299999963886 1573
0.00019647600000016752 1572
0.00019655599999968132 1573
0.0001965960000003264 1572
0.0001967159999995971 1571
0.0001967870000001426 1572
0.00019683599999975598 1571
0.00019690199999988778 1572
0.00019695599999991487 1571
0.00019707600000007375 1570
0.00019719600000023263 1569
0.00019725299999961976 1568
0.00019737299999977864 1567
0.00019749299999993752 1566
0.00019750500000004223 1567
0.00019756699999984306 1568
0.0001976130000000964 1567
0.00019762300000003563 1568
0.0001977330000002553 1567
0.00019785300000041417 1566
0.00019791600000029774 1567
0.00019797299999968487 1566
0.00019809299999984376 1565
0.00019821300000000264 1564
0.00019833300000016152 1563
0.00019838299999985765 1564
0.0001984530000003204 1563
0.0001985659999999001 1564
0.0001985729999995911 1563
0.00019861200000015344 1564
0.00019866199999984957 1565
0.00019869299999974999 1564
0.00019869700000008095 1565
0.00019881299999990887 1564
0.00019893300000006775 1563
0.00019905300000022663 1562
0.00019917300000038551 1561
0.00019924199999987735 1562
0.00019929199999957348 1563
0.00019929299999965622 1562
0.00019930599999984366 1563
0.00019937700000038916 1564
0.0001994129999998151 1563
0.00019946200000031666 1564
0.0001994700000000904 1563
0.0001994979999997426 1564
0.00019953999999966499 1565
0.00019956600000003988 1566
0.0001995900000002493 1565
0.00019963400000033715 1566
0.00019971000000040817 1565
0.0001997930000001702 1566
0.00019982999999967888 1565
0.000199872999999684 1566
0.00019989100000028515 1567
0.00019994999999983776 1566
0.00019997099999979895 1567
0.00019998500000006914 1568
0.00020004300000042718 1569
0.00020006999999999664 1568
0.00020010500000022802 1569
0.00020011899999961003 1570
0.00020019000000015552 1569
0.00020023699999960343 1570
0.0002002509999998736 1571
0.00020030599999998344 1572
0.0002003100000003144 1571
0.00020035200000023679 1572
0.0002003659999996188 1573
0.00020036699999970153 1572
0.00020037999999988898 1573
0.0002003989999996847 1574
0.0002004319999997506 1575
0.00020048699999986042 1574
0.00020050000000004786 1575
0.00020053300000011376 1576
0.00020054400000013572 1575
0.00020057299999987066 1576
0.00020058700000014085 1577
0.0002006349999996715 1578
0.00020065100000010716 1579
0.0002006640000002946 1578
0.00020074000000036563 1579
0.00020076200000040956 1580
0.0002007839999995653 1579
0.00020087499999998926 1580
0.00020089100000042492 1581
0.0002009039999997242 1580
0.00020102399999988307 1579
0.00020104700000000975 1580
0.00020106100000027993 1581
0.00020107499999966194 1582
0.00020108899999993213 1583
0.00020110300000020231 1584
0.00020111699999958432 1585
0.0002011309999998545 1586
0.00020114400000004196 1585
0.00020117199999969415 1586
0.0002012249999996385 1587
0.00020126400000020084 1586
0.000201296000000184 1587
0.00020133199999960993 1588
0.00020138400000035972 1587
0.00020150399999963042 1586
0.00020153400000033628 1587
0.00020154799999971829 1588
0.0002015650000002367 1589
0.0002016239999997893 1588
0.00020163699999997675 1589
0.00020169200000008658 1590
0.00020170600000035677 1591
0.0002017439999999482 1590
0.00020186400000010707 1589
0.00020190900000027767 1590
0.00020196499999958206 1591
0.00020198400000026595 1590
0.00020210400000042483 1589
0.00020211400000036406 1590
0.00020212799999974607 1591
0.00020215999999972922 1592
0.00020222399999969554 1591
0.0002022400000001312 1592
0.00020234399999985442 1591
0.00020236299999965013 1592
0.00020237699999992032 1593
0.0002024640000000133 1592
0.00020253900000000158 1593
0.00020258400000017218 1592
0.00020265900000016046 1593
0.00020269799999983462 1594
0.00020270400000033106 1593
0.0002027120000001048 1594
0.00020280499999980606 1595
0.00020282399999960177 1594
0.00020284899999989392 1595
0.0002028630000001641 1596
0.00020294399999976065 1595
0.00020295200000042257 1596
0.00020297499999966107 1597
0.00020298899999993125 1598
0.00020300300000020144 1599
0.00020301699999958345 1600
0.00020303099999985363 1601
0.00020304500000012382 1602
0.00020306399999991953 1601
0.0002031840000000784 1600
0.00020320099999970864 1601
0.0002033040000002373 1600
0.00020334999999960246 1601
0.0002033959999998558 1602
0.000203410000000126 1603
0.00020342400000039618 1604
0.00020342400000039618 1603
0.0002035400000002241 1604
0.00020354399999966688 1603
0.00020357000000004177 1604
0.00020358599999958926 1605
0.00020365499999996928 1606
0.00020366399999982576 1605
0.00020376600000027167 1606
0.00020377999999965368 1607
0.00020378399999998464 1606
0.0002038490000000337 1607
0.00020389899999972982 1608
0.00020390400000014353 1607
0.0002040240000003024 1606
0.00020404099999993264 1607
0.0002041439999995731 1606
0.00020418500000030093 1607
0.0002042429999997708 1608
0.000204263999999732 1607
0.00020426499999981473 1608
0.0002042949999996324 1609
0.00020438399999989088 1608
0.00020439199999966462 1609
0.00020444899999993993 1610
0.00020450400000004976 1609
0.0002045690000000988 1610
0.00020462400000020864 1609
0.00020467399999990477 1610
0.00020474400000036752 1609
0.00020486399999963822 1608
0.0002049560000001449 1609
0.0002049839999997971 1608
0.00020501100000025474 1609
0.0002050259999997195 1610
0.000205103999999956 1609
0.00020521600000034113 1610
0.00020522400000011487 1609
0.0002052619999997063 1610
0.00020534400000027375 1609
0.00020546400000043263 1608
0.00020558000000026055 1609
0.00020558399999970334 1608
0.00020570399999986222 1607
0.0002058240000000211 1606
0.00020594400000017998 1605
0.00020606400000033886 1604
0.00020608500000030006 1605
0.00020618399999960957 1604
0.00020630399999976845 1603
0.000206377999999674 1604
0.00020642399999992733 1603
0.00020651899999979406 1604
0.00020654400000008621 1603
0.0002066640000002451 1602
0.00020678400000040398 1601
0.0002068790000002707 1602
0.00020690399999967468 1601
0.00020702399999983356 1600
0.00020714399999999245 1599
0.0002071570000001799 1600
0.00020723200000016817 1601
0.00020726400000015133 1600
0.00020732299999970394 1601
0.00020735900000001806 1602
0.0002073840000003102 1601
0.0002075039999995809 1600
0.0002076239999997398 1599
0.00020774399999989868 1598
0.00020774499999998142 1599
0.00020779100000023476 1600
0.00020786400000005756 1599
0.00020798400000021644 1598
0.00020801199999986864 1599
0.00020810400000037532 1598
0.00020822399999964603 1597
0.00020822699999989425 1598
0.0002083439999998049 1597
0.00020838699999981003 1598
0.0002084639999999638 1597
0.00020858400000012267 1596
0.0002085940000000619 1597
0.00020865399999969725 1598
0.00020870400000028155 1597
0.00020874199999987297 1598
0.00020879800000006554 1599
0.00020882400000044044 1598
0.00020894399999971114 1597
0.00020906399999987002 1596
0.00020910300000043236 1597
0.00020912100000014533 1598
0.0002091840000000289 1597
0.00020930400000018778 1596
0.00020935000000044113 1597
0.00020942400000034667 1596
0.0002094670000003518 1597
0.00020954399999961737 1596
0.00020960099999989268 1595
0.00020960999999974916 1596
0.00020965199999967155 1597
0.00020972100000005156 1596
0.0002097220000001343 1597
0.00020984100000021044 1596
0.00020996100000036932 1595
0.0002099790000000823 1596
0.00021008099999964003 1595
0.00021009399999982747 1596
0.0002101559999996283 1597
0.00021018600000033416 1598
0.0002102009999997989 1597
0.00021020500000012987 1598
0.00021021999999959462 1599
0.0002103209999999578 1598
0.0002104320000002602 1599
0.00021044100000011667 1598
0.00021051600000010495 1599
0.00021053000000037514 1600
0.00021056100000027556 1599
0.00021068100000043444 1598
0.00021077799999957847 1599
0.00021080099999970514 1598
0.0002108569999998977 1599
0.00021089400000029457 1600
0.00021092099999986402 1599
0.0002110410000000229 1598
0.00021105400000021035 1599
0.0002111610000001818 1598
0.00021117400000036923 1599
0.00021128100000034067 1598
0.0002113379999997278 1597
0.00021141399999979882 1598
0.00021145799999988668 1597
0.00021153299999987496 1598
0.00021154700000014515 1599
0.00021157800000004556 1598
0.00021160400000042046 1599
0.00021169800000020444 1598
0.0002117090000002264 1599
0.00021181800000036333 1598
0.00021193799999963403 1597
0.00021195700000031792 1598
0.00021201200000042775 1599
0.0002120579999997929 1598
0.00021211900000039918 1599
0.00021215599999990786 1600
0.0002121779999999518 1599
0.0002122800000003977 1600
0.00021229800000011068 1599
0.0002123200000001546 1600
0.00021237500000026444 1601
0.00021241800000026956 1600
0.0002124710000002139 1601
0.00021253800000042844 1600
0.0002125839999997936 1601
0.00021260900000008576 1602
0.00021265799999969914 1601
0.00021277799999985803 1600
0.00021283600000021607 1601
0.0002128600000004255 1602
0.0002128980000000169 1601
0.0002129069999998734 1602
0.00021292100000014358 1603
0.000212952000000044 1604
0.00021299800000029734 1605
0.0002130180000001758 1604
0.0002130420000003852 1605
0.00021307200000020288 1606
0.0002130889999998331 1607
0.00021313800000033467 1606
0.0002131619999996559 1607
0.00021321699999976573 1608
0.0002132469999995834 1609
0.00021325799999960537 1608
0.00021327199999987556 1609
0.00021331700000004616 1610
0.00021334399999961562 1611
0.00021337799999976426 1610
0.0002134170000003266 1611
0.00021343299999987408 1612
0.0002134519999996698 1613
0.00021347699999996195 1614
0.00021349799999992314 1613
0.00021352799999974081 1614
0.000213542000000011 1615
0.0002135819999997679 1616
0.00021361800000008202 1615
0.00021365599999967344 1616
0.0002137380000002409 1615
0.00021375599999995387 1616
0.00021377000000022406 1617
0.00021380699999973274 1618
0.00021383300000010763 1619
0.00021384700000037782 1620
0.00021385800000039978 1619
0.00021386199999984257 1620
0.00021387600000011275 1621
0.00021392799999997436 1622
0.00021394200000024455 1623
0.00021395999999995752 1624
0.0002139779999996705 1623
0.0002140680000000117 1624
0.00021409799999982937 1623
0.00021411200000009956 1624
0.000214131999999978 1625
0.0002141460000002482 1626
0.0002141599999996302 1627
0.0002141980000001098 1628
0.00021421799999998825 1627
0.00021423200000025844 1628
0.0002143229999997942 1629
0.0002143370000000644 1630
0.00021433800000014713 1629
0.00021435100000033458 1630
0.0002143649999997166 1631
0.00021445800000030601 1630
0.00021448499999987547 1631
0.00021457799999957672 1630
0.0002145799999997422 1631
0.00021459400000001239 1632
0.00021460800000028257 1633
0.00021462199999966458 1634
0.00021464299999962577 1635
0.00021467200000024889 1636
0.0002146859999996309 1637
0.0002146979999997356 1636
0.00021473199999988424 1637
0.00021474600000015442 1638
0.0002147600000004246 1639
0.00021477399999980662 1640
0.00021481799999989448 1639
0.0002148350000004129 1640
0.00021492100000042313 1641
0.00021493800000005336 1640
0.0002149669999997883 1641
0.00021499899999977146 1642
0.00021504800000027302 1643
0.00021505800000021225 1642
0.00021515400000016172 1643
0.0002151680000004319 1644
0.00021517800000037113 1643
0.00021526699999974142 1644
0.00021528500000034256 1645
0.00021529799999964183 1644
0.00021529899999972457 1645
0.0002154179999998007 1644
0.0002155379999999596 1643
0.00021555300000031252 1644
0.00021556699999969453 1645
0.00021558099999996472 1646
0.00021565800000011848 1645
0.00021567900000007967 1646
0.00021577099999969818 1647
0.00021577800000027736 1646
0.00021582000000019974 1647
0.00021589800000043624 1646
0.00021589999999971354 1647
0.00021594499999988415 1648
0.00021595900000015433 1649
0.00021601300000018142 1650
0.00021601799999970694 1649
0.00021612599999976112 1650
0.00021613799999986583 1649
0.00021614100000011405 1650
0.00021620999999960588 1651
0.0002162580000000247 1650
0.00021633199999993025 1651
0.0002163780000001836 1650
0.0002164420000001499 1651
0.00021649800000034247 1650
0.00021661799999961318 1649
0.00021671399999956265 1650
0.00021673799999977206 1649
0.0002167579999996505 1650
0.00021678099999977718 1651
0.00021681800000017404 1652
0.00021685599999976546 1653
0.00021685799999993094 1652
0.00021690400000018428 1653
0.0002169539999998804 1654
0.00021697800000008982 1653
0.0002170980000002487 1652
0.00021710099999960875 1653
0.00021712100000037537 1654
0.00021721800000040759 1653
0.00021723900000036878 1654
0.0002172839999996512 1655
0.0002173379999996783 1654
0.00021740800000014104 1655
0.00021745799999983717 1654
0.00021746200000016813 1655
0.00021752600000013445 1656
0.00021757799999999605 1655
0.00021769800000015493 1654
0.0002177679999997295 1655
0.00021781800000031382 1654
0.00021782600000008756 1655
0.00021793799999958452 1654
0.0002180579999997434 1653
0.00021817799999990228 1652
0.00021829800000006117 1651
0.00021841800000022005 1650
0.00021853800000037893 1649
0.0002185389999995735 1650
0.00021861599999972725 1651
0.00021865799999964963 1650
0.00021877799999980851 1649
0.0002188979999999674 1648
0.00021901800000012628 1647
0.00021913800000028516 1646
0.00021925800000044404 1645
0.00021932800000001862 1646
0.00021937799999971475 1645
0.00021938999999981945 1646
0.00021947000000022143 1647
0.00021949799999987363 1646
0.0002196180000000325 1645
0.0002196879999996071 1646
0.0002197380000001914 1645
0.00021985800000035027 1644
0.00021997799999962098 1643
0.00022009799999977986 1642
0.00022016800000024261 1643
0.0002202049999997513 1644
0.00022021799999993874 1643
0.00022033800000009762 1642
0.0002204580000002565 1641
0.00022048900000015692 1642
0.00022056700000039342 1643
0.00022057800000041539 1642
0.0002206769999997249 1643
0.0002206979999996861 1642
0.00022081799999984497 1641
0.00022090700000010344 1642
0.00022093800000000385 1641
0.00022096899999990427 1642
0.00022105800000016274 1641
0.00022106599999993648 1642
0.00022110499999961064 1643
0.00022117800000032162 1642
0.00022118299999984714 1643
0.00022129799999959232 1642
0.00022139300000034723 1643
0.0002214179999997512 1642
0.00022153799999991008 1641
0.00022165800000006897 1640
0.00022177800000022785 1639
0.00022189800000038673 1638
0.00022190999999960326 1639
0.00022192399999987344 1640
0.00022201799999965743 1639
0.0002220270000004021 1640
0.00022207299999976726 1641
0.00022213799999981632 1640
0.0002222579999999752 1639
0.0002223639999998639 1640
0.00022237800000013408 1639
0.00022249800000029296 1638
0.00022255699999984557 1639
0.00022261799999956366 1638
0.00022273799999972255 1637
0.00022285799999988143 1636
0.00022285899999996417 1637
0.00022287300000023436 1638
0.0002229780000000403 1637
0.0002230980000001992 1636
0.00022321800000035807 1635
0.00022333799999962878 1634
0.00022344400000040565 1635
0.00022345799999978766 1634
0.00022350299999995826 1635
0.00022357799999994654 1634
0.00022369800000010542 1633
0.0002238180000002643 1632
0.0002239380000004232 1631
0.0002240579999996939 1630
0.00022417799999985277 1629
0.00022429800000001165 1628
0.00022441800000017054 1627
0.00022443000000027524 1628
0.00022453800000032942 1627
0.00022465799999960012 1626
0.000224777999999759 1625
0.00022483900000036527 1626
0.00022489799999991789 1625
0.00022501800000007677 1624
0.00022513800000023565 1623
0.00022525800000039453 1622
0.00022537799999966524 1621
0.00022549799999982412 1620
0.000225617999999983 1619
0.00022573800000014188 1618
0.00022585800000030076 1617
0.00022597799999957147 1616
0.00022609799999973035 1615
0.00022621799999988923 1614
0.00022631299999975596 1615
0.0002263380000000481 1614
0.000226458000000207 1613
0.00022657800000036588 1612
0.0002266730000002326 1613
0.00022669799999963658 1612
0.00022681799999979546 1611
0.00022693799999995434 1610
0.00022705800000011322 1609
0.0002271780000002721 1608
0.000227298000000431 1607
0.0002274179999997017 1606
0.00022753799999986057 1605
0.00022765800000001946 1604
0.0002277370000003387 1605
0.00022777800000017834 1604
0.00022789800000033722 1603
0.00022801799999960792 1602
0.00022806800000019223 1603
0.0002281379999997668 1602
0.0002282579999999257 1601
0.0002282700000000304 1602
0.00022837800000008457 1601
0.00022849800000024345 1600
0.0002285060000000172 1601
0.00022861800000040233 1600
0.00022873799999967304 1599
0.00022885799999983192 1598
0.0002289779999999908 1597
0.00022909800000014968 1596
0.00022921800000030856 1595
0.00022924100000043524 1596
0.00022925499999981724 1597
0.00022933799999957927 1596
0.00022945799999973815 1595
0.00022946999999984286 1596
0.00022951399999993072 1597
0.00022957799999989703 1596
0.0002296980000000559 1595
0.0002298180000002148 1594
0.00022993800000037368 1593
0.00023005799999964438 1592
0.0002301200000003334 1593
0.00023017799999980326 1592
0.00023029799999996214 1591
0.00023030300000037585 1592
0.00023041800000012103 1591
0.0002305380000002799 1590
0.00023060200000024622 1591
0.0002306580000004388 1590
0.00023070399999980395 1591
0.0002307779999997095 1590
0.00023089799999986838 1589
0.00023101800000002726 1588
0.00023102300000044096 1589
0.00023113800000018614 1588
0.00023125800000034502 1587
0.00023126299999987054 1588
0.00023137799999961572 1587
0.0002314979999997746 1586
0.0002316179999999335 1585
0.00023173800000009237 1584
0.00023185800000025125 1583
0.00023190399999961642 1584
0.00023197800000041013 1583
0.00023209799999968084 1582
0.00023221799999983972 1581
0.00023224200000004913 1582
0.00023227500000011503 1581
0.0002323430000004123 1582
0.0002323950000002739 1581
0.0002325150000004328 1580
0.0002326349999997035 1579
0.00023275499999986238 1578
0.00023278000000015453 1579
0.00023287500000002126 1578
0.00023291299999961268 1579
0.00023299500000018014 1578
0.0002330549999998155 1579
0.00023311500000033902 1578
0.00023323499999960973 1577
0.0002333549999997686 1576
0.0002334749999999275 1575
0.00023359500000008637 1574
0.0002336659999997437 1575
0.00023371500000024525 1574
0.00023383500000040414 1573
0.0002338479999997034 1574
0.0002338619999999736 1575
0.00023395499999967484 1574
0.00023407499999983372 1573
0.00023411300000031332 1574
0.00023413200000010903 1573
0.0002341340000002745 1574
0.00023418900000038434 1573
0.00023430899999965504 1572
0.00023442899999981393 1571
0.00023449099999961476 1572
0.0002345489999999728 1571
0.00023459300000006067 1572
0.0002346690000001317 1571
0.00023478900000029057 1570
0.00023490899999956127 1569
0.00023502899999972016 1568
0.00023514400000035351 1569
0.00023514899999987904 1568
0.00023521800000025905 1569
0.00023526900000003792 1568
0.00023528799999983363 1569
0.0002353890000001968 1568
0.00023542100000017996 1569
0.00023547199999995883 1570
0.00023550900000035568 1569
0.0002356289999996264 1568
0.00023574899999978527 1567
0.00023579299999987313 1568
0.00023586899999994415 1567
0.00023598900000010303 1566
0.00023610900000026191 1565
0.00023615300000034978 1566
0.00023618999999985846 1567
0.0002362290000004208 1566
0.0002363489999996915 1565
0.00023646899999985038 1564
0.00023658900000000926 1563
0.00023670900000016815 1562
0.00023672799999996386 1563
0.00023682900000032703 1562
0.00023683700000010077 1563
0.00023694899999959773 1562
0.00023695700000025965 1563
0.0002370689999997566 1562
0.0002371889999999155 1561
0.00023730900000007438 1560
0.00023733899999989205 1561
0.00023742900000023326 1560
0.00023754900000039214 1559
0.00023760799999994475 1560
0.00023766899999966284 1559
0.0002377249999998554 1560
0.0002377549999996731 1561
0.00023776899999994328 1562
0.00023778899999982173 1561
0.00023781799999955666 1562
0.0002379089999999806 1561
0.0002380290000001395 1560
0.00023812999999961448 1561
0.00023814900000029837 1560
0.00023822899999981217 1561
0.00023826899999956908 1560
0.00023838899999972796 1559
0.00023846499999979898 1560
0.00023850899999988684 1559
0.00023862900000004572 1558
0.00023870299999995126 1559
0.0002387490000002046 1558
0.00023886900000036349 1557
0.0002389889999996342 1556
0.00023910899999979307 1555
0.00023922899999995195 1554
0.00023934900000011083 1553
0.00023946900000026972 1552
0.00023950300000041835 1553
0.00023954699999961804 1554
0.0002395890000004286 1553
0.0002397089999996993 1552
0.00023971999999972127 1553
0.00023982899999985818 1552
0.00023994900000001707 1551
0.00024006900000017595 1550
0.00024018900000033483 1549
0.00024030899999960553 1548
0.00024042899999976441 1547
0.0002405489999999233 1546
0.00024061900000038605 1547
0.00024066900000008218 1546
0.00024078900000024106 1545
0.00024088999999971605 1546
0.00024090900000039994 1545
0.00024102899999967065 1544
0.0002410920000004424 1545
0.00024114899999982953 1544
0.00024121900000029228 1545
0.0002412689999999884 1544
0.0002413890000001473 1543
0.00024150900000030617 1542
0.00024162899999957688 1541
0.00024174899999973576 1540
0.00024181900000019851 1541
0.00024186899999989464 1540
0.00024198200000036252 1541
0.00024198900000005352 1540
0.00024199599999974453 1541
0.00024205099999985435 1542
0.00024206500000012454 1543
0.0002421090000002124 1542
0.00024222900000037129 1541
0.000242348999999642 1540
0.00024246899999980087 1539
0.00024258899999995975 1538
0.00024270900000011864 1537
0.00024271900000005786 1538
0.00024274200000018453 1539
0.00024279899999957166 1540
0.00024282900000027752 1539
0.0002429490000004364 1538
0.00024296099999965293 1539
0.00024304200000013765 1540
0.0002430689999997071 1539
0.0002430740000001208 1540
0.00024318899999986598 1539
0.00024324199999981033 1540
0.00024330900000002487 1539
0.00024342900000018375 1538
0.00024354900000034263 1537
0.00024366899999961333 1536
0.0002437630000002855 1537
0.00024378899999977222 1536
0.0002439089999999311 1535
0.00024391699999970484 1536
0.00024402900000008998 1535
0.00024404699999980295 1536
0.00024409500000022177 1537
0.00024414900000024886 1536
0.00024426900000040774 1535
0.00024438899999967845 1534
0.00024444599999995376 1533
0.00024456600000011264 1532
0.00024462300000038795 1531
0.0002446410000001009 1532
0.00024474299999965865 1531
0.00024486299999981753 1530
0.0002449829999999764 1529
0.00024505900000004743 1530
0.0002451030000001353 1529
0.0002452230000002942 1528
0.0002452990000003652 1529
0.0002453429999995649 1528
0.00024546299999972376 1527
0.00024558299999988265 1526
0.00024564000000015795 1525
0.00024576000000031684 1524
0.00024577900000011255 1525
0.00024587999999958754 1524
0.0002459999999997464 1523
0.0002461199999999053 1522
0.0002462400000000642 1521
0.00024636000000022307 1520
0.0002464169999996102 1519
0.0002464340000001286 1520
0.0002465369999997691 1519
0.00024665699999992796 1518
0.00024677700000008684 1517
0.0002468970000002457 1516
0.0002470170000004046 1515
0.0002471369999996753 1514
0.0002472569999998342 1513
0.0002473140000001095 1512
0.0002474340000002684 1511
0.00024755400000042727 1510
0.00024767399999969797 1509
0.00024779399999985685 1508
0.00024791400000001573 1507
0.00024797100000029104 1506
0.00024809099999956175 1505
0.00024821099999972063 1504
0.0002483309999998795 1503
0.0002484510000000384 1502
0.0002485710000001973 1501
0.00024869100000035615 1500
0.00024881099999962686 1499
0.00024893099999978574 1498
0.0002490509999999446 1497
0.0002491710000001035 1496
0.0002492910000002624 1495
0.00024941100000042127 1494
0.00024953099999969197 1493
0.00024965099999985085 1492
0.00024977100000000974 1491
0.0002498910000001686 1490
0.0002500110000003275 1489
0.0002501309999995982 1488
0.0002502509999997571 1487
0.00025037099999991597 1486
0.00025049100000007485 1485
0.00025061100000023373 1484
0.0002507310000003926 1483
0.00025078799999977974 1482
0.0002509079999999386 1481
0.0002510280000000975 1480
0.00025113500000006894 1481
0.0002511480000002564 1480
0.00025126800000041527 1479
0.000251387999999686 1478
0.00025150799999984486 1477
0.00025162800000000374 1476
0.0002517480000001626 1475
0.0002518680000003215 1474
0.0002519879999995922 1473
0.0002521079999997511 1472
0.00025222799999990997 1471
0.00025234800000006885 1470
0.00025240500000034416 1469
0.0002524619999997313 1468
0.00025258199999989017 1467
0.00025270200000004905 1466
0.00025282200000020794 1465
0.0002529420000003668 1464
0.0002530619999996375 1463
0.0002531819999997964 1462
0.0002533019999999553 1461
0.00025342200000011417 1460
0.00025344500000024084 1461
0.00025354200000027305 1460
0.00025366200000043193 1459
0.00025378199999970263 1458
0.0002539019999998615 1457
0.0002540220000000204 1456
0.0002541420000001793 1455
0.00025424100000037697 1456
0.00025426200000033816 1455
0.00025438199999960887 1454
0.00025450199999976775 1453
0.00025462199999992663 1452
0.0002547420000000855 1451
0.0002548620000002444 1450
0.0002549189999996315 1449
0.0002550389999997904 1448
0.0002551589999999493 1447
0.00025527900000010817 1446
0.00025539900000026705 1445
0.0002554159999998973 1446
0.00025551900000042593 1445
0.00025563899999969664 1444
0.0002557589999998555 1443
0.0002558790000000144 1442
0.0002559990000001733 1441
0.0002560159999998035 1442
0.00025611900000033216 1441
0.0002561759999997193 1440
0.00025623700000032557 1441
0.0002562959999998782 1440
0.00025636700000042367 1441
0.00025641600000003706 1440
0.00025653600000019594 1439
0.0002566560000003548 1438
0.00025672700000001214 1439
0.00025673900000011685 1440
0.0002567759999996255 1439
0.0002568959999997844 1438
0.0002569530000000597 1437
0.0002570730000002186 1436
0.0002571930000003775 1435
0.0002573129999996482 1434
0.00025743299999980707 1433
0.000257530999999922 1434
0.00025755299999996595 1433
0.00025767300000012483 1432
0.0002576960000002515 1433
0.0002577930000002837 1432
0.0002579130000004426 1431
0.0002580329999997133 1430
0.0002581529999998722 1429
0.0002582100000001475 1428
0.00025823300000027416 1429
0.0002583160000000362 1430
0.00025833000000030637 1429
0.00025835300000043304 1430
0.0002584499999995771 1429
0.00025856999999973596 1428
0.00025862700000001126 1427
0.00025874700000017015 1426
0.00025886700000032903 1425
0.00025898699999959973 1424
0.0002591069999997586 1423
0.0002591640000000339 1422
0.0002592840000001928 1421
0.00025934099999957994 1420
0.0002594609999997388 1419
0.0002595809999998977 1418
0.0002597010000000566 1417
0.00025982100000021546 1416
0.00025994100000037434 1415
0.00026006099999964505 1414
0.00026018099999980393 1413
0.00026023800000007924 1412
0.0002603580000002381 1411
0.000260478000000397 1410
0.0002605979999996677 1409
0.0002607179999998266 1408
0.00026083799999998547 1407
0.00026095800000014435 1406
0.00026107800000030323 1405
0.00026110599999995543 1406
0.00026119799999957394 1405
0.0002613179999997328 1404
0.0002614379999998917 1403
0.000261495000000167 1402
0.0002616150000003259 1401
0.000261671999999713 1400
0.00026172899999998833 1399
0.00026178600000026364 1398
0.0002619060000004225 1397
0.0002620259999996932 1396
0.00026208299999996854 1395
0.0002621359999999129 1396
0.00026214000000024384 1395
0.0002622600000004027 1394
0.00026229299999958045 1395
0.00026237999999967343 1394
0.0002624479999999707 1395
0.0002624999999998323 1394
0.00026250099999991505 1395
0.0002626199999999912 1394
0.0002627400000001501 1393
0.00026286000000030896 1392
0.00026297999999957966 1391
0.00026309999999973854 1390
0.0002632199999998974 1389
0.0002632430000000241 1390
0.0002633369999998081 1391
0.0002633400000000563 1390
0.0002634600000002152 1389
0.00026358000000037407 1388
0.0002636999999996448 1387
0.00026381999999980366 1386
0.00026393999999996254 1385
0.0002640600000001214 1384
0.0002640879999997736 1385
0.0002641800000002803 1384
0.0002643000000004392 1383
0.00026435100000021805 1384
0.0002644199999997099 1383
0.00026453999999986877 1382
0.00026466000000002765 1381
0.00026478000000018653 1380
0.0002648360000003791 1381
0.0002649000000003454 1380
0.00026494300000035054 1381
0.0002649979999995722 1382
0.0002650199999996161 1381
0.000265139999999775 1380
0.0002651970000000503 1379
0.0002652540000003256 1378
0.00026537000000015354 1379
0.0002653739999995963 1378
0.0002654939999997552 1377
0.0002655510000000305 1376
0.0002656549999997537 1377
0.0002656710000001894 1376
0.0002657910000003483 1375
0.000265910999999619 1374
0.00026603099999977786 1373
0.00026615099999993674 1372
0.0002661919999997764 1373
0.0002662129999997376 1374
0.0002662710000000956 1373
0.0002663910000002545 1372
0.0002665110000004134 1371
0.0002666309999996841 1370
0.000266750999999843 1369
0.00026687100000000186 1368
0.00026699100000016074 1367
0.00026709199999963573 1368
0.0002671110000003196 1367
0.0002671459999996628 1368
0.0002672309999995903 1367
0.0002673509999997492 1366
0.0002673629999998539 1367
0.0002674709999999081 1366
0.00026759100000006697 1365
0.00026771100000022585 1364
0.00026780299999984436 1365
0.00026783100000038473 1364
0.00026795099999965544 1363
0.0002679949999997433 1364
0.0002680709999998143 1363
0.0002681909999999732 1362
0.0002683110000001321 1361
0.00026843100000029096 1360
0.000268433999999651 1361
0.00026847500000037883 1362
0.00026855099999956167 1361
0.00026867099999972055 1360
0.00026879099999987943 1359
0.0002689110000000383 1358
0.0002689550000001262 1359
0.0002690310000001972 1358
0.0002691510000003561 1357
0.0002692079999997432 1356
0.0002693279999999021 1355
0.00026935100000002876 1356
0.00026944800000006097 1355
0.00026956800000021985 1354
0.0002695849999998501 1355
0.00026968800000037874 1354
0.00026980799999964944 1353
0.00026986499999992475 1352
0.00026998500000008363 1351
0.0002701050000002425 1350
0.0002702250000004014 1349
0.0002703449999996721 1348
0.000270464999999831 1347
0.00027058499999998986 1346
0.00027066500000039184 1347
0.00027070500000014874 1346
0.0002708250000003076 1345
0.00027094499999957833 1344
0.0002710649999997372 1343
0.0002711849999998961 1342
0.000271305000000055 1341
0.00027133100000042987 1342
0.00027142500000021386 1341
0.00027154500000037274 1340
0.00027161600000003006 1341
0.00027166499999964344 1340
0.0002717849999998023 1339
0.00027179299999957607 1340
0.0002718650000002043 1341
0.0002719049999999612 1340
0.0002720250000001201 1339
0.00027214500000027897 1338
0.00027222499999979277 1339
0.00027226500000043785 1338
0.0002722730000002116 1339
0.000272321999999825 1338
0.00027244199999998386 1337
0.00027256200000014275 1336
0.00027261900000041805 1335
0.00027269899999993186 1336
0.00027273899999968876 1335
0.0002727639999999809 1336
0.00027285899999984764 1335
0.0002729790000000065 1334
0.0002730990000001654 1333
0.0002732190000003243 1332
0.0002732899999999816 1333
0.000273338999999595 1332
0.00027345899999975387 1331
0.0002735659999997253 1332
0.00027357899999991275 1331
0.00027364999999957007 1332
0.00027369900000007163 1331
0.0002738190000002305 1330
0.0002739390000003894 1329
0.00027395600000001963 1330
0.0002740589999996601 1329
0.0002741159999999354 1328
0.0002742360000000943 1327
0.0002743159999996081 1328
0.0002743560000002532 1327
0.00027447600000041206 1326
0.00027459599999968276 1325
0.00027467600000008474 1326
0.00027471599999984164 1325
0.0002748360000000005 1324
0.0002748800000000884 1325
0.0002749560000001594 1324
0.0002750760000003183 1323
0.000275195999999589 1322
0.00027527599999999097 1323
0.0002753159999997479 1322
0.00027543599999990676 1321
0.0002754799999999946 1322
0.00027555600000006564 1321
0.0002756760000002245 1320
0.0002757960000003834 1319
0.0002758399999995831 1320
0.0002759159999996541 1319
0.000276035999999813 1318
0.00027615599999997187 1317
0.00027627600000013075 1316
0.00027639600000028963 1315
0.00027651599999956034 1314
0.0002765599999996482 1315
0.0002766359999997192 1314
0.0002766799999998071 1315
0.0002767559999998781 1314
0.000276876000000037 1313
0.00027699600000019586 1312
0.00027711600000035475 1311
0.00027723599999962545 1310
0.00027735599999978433 1309
0.0002774759999999432 1308
0.00027754999999984875 1309
0.0002775960000001021 1308
0.00027767000000000763 1309
0.000277716000000261 1308
0.00027783600000041986 1307
0.00027795599999969056 1306
0.00027807599999984944 1305
0.00027811400000032904 1306
0.0002781960000000083 1305
0.0002783160000001672 1304
0.00027839000000007275 1305
0.0002784360000003261 1304
0.0002785559999995968 1303
0.0002786759999997557 1302
0.00027879599999991456 1301
0.0002788699999998201 1302
0.00027891600000007344 1301
0.0002790360000002323 1300
0.0002791560000003912 1299
0.00027916700000041317 1300
0.00027921299999977833 1299
0.0002793329999999372 1298
0.0002794530000000961 1297
0.0002795100000003714 1296
0.0002796299999996421 1295
0.000279749999999801 1294
0.0002798699999999599 1293
0.00027999000000011875 1292
0.00028011000000027764 1291
0.0002802300000004365 1290
0.0002803309999999115 1291
0.0002803499999997072 1290
0.0002804699999998661 1289
0.000280590000000025 1288
0.0002806639999999305 1289
0.00028071000000018387 1288
0.0002807840000000894 1289
0.00028083000000034275 1288
0.0002809040000002483 1289
0.00028094999999961345 1288
0.00028100699999988876 1287
0.00028102400000040717 1288
0.00028112700000004764 1287
0.0002811439999996779 1288
0.0002812470000002065 1287
0.00028126399999983676 1288
0.0002813670000003654 1287
0.00028138399999999564 1288
0.0002814869999996361 1287
0.000281530999999724 1288
0.000281606999999795 1287
0.0002817269999999539 1286
0.0002818009999998594 1287
0.00028184700000011276 1286
0.0002819210000000183 1287
0.00028196700000027164 1286
0.0002820870000004305 1285
0.00028216100000033606 1286
0.0002822069999997012 1285
0.0002823269999998601 1284
0.00028240099999976565 1285
0.000282447000000019 1284
0.0002825209999999245 1285
0.00028256700000017787 1284
0.0002826410000000834 1285
0.00028268700000033675 1284
0.0002827310000004246 1285
0.00028280699999960746 1284
0.00028292699999976634 1283
0.0002830009999996719 1284
0.0002830469999999252 1283
0.00028310400000020053 1282
0.0002832240000003594 1281
0.0002833439999996301 1280
0.0002833610000001485 1281
0.000283463999999789 1280
0.0002834810000003074 1281
0.00028357099999976043 1282
0.0002835839999999479 1281
0.00028370400000010676 1280
0.00028382400000026564 1279
0.00028384099999989587 1280
0.0002839440000004245 1279
0.0002840639999996952 1278
0.00028408100000021363 1279
0.0002841839999998541 1278
0.0002842010000003725 1279
0.000284304000000013 1278
0.00028442400000017187 1277
0.00028454400000033075 1276
0.000284560999999961 1277
0.00028466399999960146 1276
0.00028468100000011987 1277
0.00028478399999976034 1276
0.00028480100000027875 1277
0.0002849039999999192 1276
0.00028492100000043763 1277
0.0002850240000000781 1276
0.00028504099999970833 1277
0.000285144000000237 1276
0.00028526400000039587 1275
0.0002852810000000261 1276
0.00028538399999966657 1275
0.00028550399999982545 1274
0.00028552100000034386 1275
0.0002856050000001886 1276
0.00028562399999998433 1275
0.00028564099999961456 1276
0.0002857440000001432 1275
0.0002858640000003021 1274
0.00028588099999993233 1275
0.0002859839999995728 1274
0.0002860220000000524 1275
0.0002861039999997317 1274
0.00028622399999989057 1273
0.000286241000000409 1274
0.00028634400000004945 1273
0.0002863609999996797 1274
0.00028646400000020833 1273
0.00028648099999983856 1274
0.0002865840000003672 1273
0.00028665800000027275 1274
0.0002867039999996379 1273
0.0002867420000001175 1274
0.00028677800000043163 1275
0.0002868239999997968 1274
0.0002869439999999557 1273
0.00028695499999997764 1274
0.00028706400000011456 1273
0.00028718400000027344 1272
0.0002871950000002954 1273
0.0002872409999996606 1272
0.0002873149999995661 1273
0.00028736099999981946 1272
0.00028748099999997834 1271
0.0002875549999998839 1272
0.0002876010000001372 1271
0.00028767500000004276 1272
0.0002877210000002961 1271
0.00028779500000020164 1272
0.0002878409999995668 1271
0.00028793500000023897 1272
0.0002879609999997257 1271
0.00028808099999988457 1270
0.00028820100000004345 1269
0.000288274999999949 1270
0.00028832100000020233 1269
0.0002884410000003612 1268
0.0002885609999996319 1267
0.0002885719999996539 1268
0.0002886809999997908 1267
0.00028869199999981277 1268
0.0002888009999999497 1267
0.00028881199999997165 1268
0.00028892100000010856 1267
0.00028893200000013053 1268
0.00028904100000026745 1267
0.0002891610000004263 1266
0.00028928099999969703 1265
0.000289291999999719 1266
0.0002894009999998559 1265
0.0002894119999998779 1266
0.0002895210000000148 1265
0.00028953200000003676 1266
0.0002896410000001737 1265
0.00028965200000019564 1266
0.00028976100000033256 1265
0.0002897720000003545 1266
0.00028988099999960326 1265
0.00028989199999962523 1266
0.00029000099999976214 1265
0.000290120999999921 1264
0.000290131999999943 1265
0.0002902410000000799 1264
0.0002902520000001019 1265
0.00029027899999967133 1266
0.0002903610000002388 1265
0.00029048100000039767 1264
0.00029054899999980677 1265
0.0002906009999996684 1264
0.00029066899999996565 1265
0.00029072099999982726 1264
0.00029078900000012453 1265
0.00029084099999998614 1264
0.000290961000000145 1263
0.0002909979999996537 1264
0.0002910290000004423 1265
0.0002910810000003039 1264
0.0002912009999995746 1263
0.0002913209999997335 1262
0.0002913590000002131 1263
0.00029144099999989237 1262
0.00029150900000018964 1263
0.00029156100000005125 1262
0.0002916290000003485 1263
0.00029168100000021013 1262
0.00029174899999961923 1263
0.000291801000000369 1262
0.0002919209999996397 1261
0.0002920409999997986 1260
0.0002921090000000959 1261
0.0002921609999999575 1260
0.00029227400000042536 1261
0.00029228100000011636 1260
0.00029234900000041364 1261
0.00029240100000027525 1260
0.00029252100000043413 1259
0.00029263400000001383 1260
0.00029264099999970483 1259
0.0002927609999998637 1258
0.0002928810000000226 1257
0.0002929680000001156 1258
0.00029298200000038577 1259
0.0002930010000001815 1258
0.0002930689999995906 1259
0.00029312100000034036 1258
0.00029318899999974946 1259
0.00029324099999961106 1258
0.00029336099999976994 1257
0.0002934809999999288 1256
0.0002935490000002261 1257
0.0002936010000000877 1256
0.0002936120000001097 1257
0.0002937210000002466 1256
0.0002937779999996337 1255
0.0002938160000001133 1256
0.0002938979999997926 1255
0.00029390899999981457 1256
0.0002939829999997201 1257
0.0002940179999999515 1256
0.00029402899999997345 1257
0.00029407400000014405 1258
0.00029413800000011037 1257
0.0002941390000001931 1258
0.0002941529999995751 1259
0.00029425800000026925 1258
0.0002942690000002912 1259
0.00029429599999986067 1260
0.000294348999999805 1261
0.00029437800000042813 1260
0.00029449799999969883 1259
0.0002945089999997208 1260
0.0002946179999998577 1259
0.0002946440000002326 1260
0.000294686000000155 1261
0.0002947380000000166 1260
0.00029480600000031387 1261
0.0002948580000001755 1260
0.0002949259999995846 1261
0.00029497800000033436 1260
0.00029504599999974346 1261
0.00029509799999960507 1260
0.00029516599999990234 1261
0.00029521799999976395 1260
0.0002952970000000832 1261
0.0002953110000003534 1262
0.00029533799999992283 1261
0.0002953909999998672 1262
0.00029540500000013736 1263
0.00029541900000040755 1264
0.0002954580000000817 1265
0.0002954580000000817 1264
0.0002955780000002406 1263
0.0002956459999996497 1264
0.0002956980000003995 1263
0.0002957549999997866 1262
0.00029576599999980857 1263
0.0002958749999999455 1262
0.00029588599999996745 1263
0.00029597099999989496 1264
0.00029599500000010437 1263
0.0002960239999998393 1264
0.0002960380000001095 1265
0.00029611500000026325 1264
0.0002961260000002852 1265
0.00029623500000042213 1264
0.00029629199999980926 1263
0.00029641199999996815 1262
0.0002964859999998737 1263
0.00029653200000012703 1262
0.0002966520000002859 1261
0.0002967719999995566 1260
0.00029684600000035033 1261
0.0002968919999997155 1260
0.00029696599999962103 1261
0.0002970119999998744 1260
0.0002970859999997799 1261
0.00029711300000023755 1262
0.00029713200000003326 1261
0.0002972059999999388 1262
0.00029725200000019214 1261
0.00029730899999957927 1260
0.0002973260000000977 1261
0.00029742899999973815 1260
0.00029754899999989703 1259
0.00029756600000041544 1260
0.0002976690000000559 1259
0.00029768599999968615 1260
0.0002977890000002148 1259
0.0002979090000003737 1258
0.0002979260000000039 1259
0.0002980289999996444 1258
0.00029814899999980327 1257
0.0002982060000000786 1256
0.00029832600000023746 1255
0.00029840599999975126 1256
0.00029844600000039634 1255
0.00029850299999978347 1254
0.00029852599999991014 1255
0.00029862299999994235 1254
0.000298646000000069 1255
0.00029874300000010123 1254
0.0002987660000002279 1255
0.00029880000000037654 1254
0.00029891999999964725 1253
0.00029903999999980613 1252
0.00029912599999981637 1253
0.000299159999999965 1252
0.00029924599999997525 1253
0.0002992800000001239 1252
0.0002994000000002828 1251
0.000299486000000293 1252
0.00029952000000044166 1251
0.0002996059999995637 1252
0.00029963999999971236 1251
0.0002997259999997226 1252
0.00029975999999987124 1251
0.00029977700000038965 1252
0.00029981700000014655 1251
0.0002998940000003003 1252
0.00029993700000030543 1251
0.00030005699999957613 1250
0.00030008600000019925 1251
0.000300176999999735 1250
0.0003002969999998939 1249
0.00030032599999962883 1250
0.0003004170000000528 1249
0.0003004459999997877 1250
0.00030047300000024535 1251
0.00030053700000021166 1250
0.0003005659999999466 1251
0.00030060699999978624 1252
0.00030065700000037054 1251
0.0003006860000001055 1252
0.00030077699999964125 1251
0.00030080600000026436 1252
0.00030089699999980013 1251
0.00030092600000042324 1252
0.000301016999999959 1251
0.00030104599999969395 1252
0.0003011370000001179 1251
0.00030122300000012814 1252
0.0003012570000002768 1251
0.000301343000000287 1252
0.00030137700000043566 1251
0.00030149699999970636 1250
0.00030161699999986524 1249
0.0003017370000000241 1248
0.000301857000000183 1247
0.00030194300000019325 1248
0.0003019770000003419 1247
0.00030206300000035213 1248
0.0003020969999996126 1247
0.0003022169999997715 1246
0.0003023029999997817 1247
0.00030233699999993036 1246
0.0003024229999999406 1247
0.00030245700000008924 1246
0.0003025770000002481 1245
0.00030266300000025836 1246
0.000302697000000407 1245
0.0003028169999996777 1244
0.0003029369999998366 1243
0.00030302299999984683 1244
0.00030305699999999547 1243
0.00030317700000015435 1242
0.00030329700000031323 1241
0.0003033200000004399 1242
0.00030341699999958394 1241
0.0003035369999997428 1240
0.0003035599999998695 1241
0.0003036569999999017 1240
0.0003037770000000606 1239
0.0003038569999995744 1240
0.00030389700000021946 1239
0.00030401700000037835 1238
0.0003040739999997655 1237
0.00030409699999989215 1238
0.00030419399999992436 1237
0.00030431400000008324 1236
0.0003044340000002421 1235
0.0003044570000003688 1236
0.000304554000000401 1235
0.0003046739999996717 1234
0.000304730999999947 1233
0.0003048510000001059 1232
0.00030487400000023257 1233
0.0003049710000002648 1232
0.00030499400000039145 1233
0.00030509100000042366 1232
0.00030521099999969437 1231
0.00030533099999985325 1230
0.0003053539999999799 1231
0.00030545100000001213 1230
0.000305571000000171 1229
0.00030562799999955814 1228
0.00030568499999983345 1227
0.00030580499999999233 1226
0.0003059250000001512 1225
0.0003060450000003101 1224
0.0003061649999995808 1223
0.0003062849999997397 1222
0.00030636500000014166 1223
0.00030640499999989856 1222
0.00030652500000005745 1221
0.00030664500000021633 1220
0.0003067650000003752 1219
0.000306844999999889 1220
0.0003068849999996459 1219
0.0003069650000000479 1220
0.0003070049999998048 1219
0.0003071249999999637 1218
0.00030724500000012256 1217
0.00030736500000028144 1216
0.0003074850000004403 1215
0.000307604999999711 1214
0.00030762200000022943 1215
0.0003077249999998699 1214
0.0003077960000004154 1215
0.0003078450000000288 1214
0.000307861999999659 1215
0.00030796500000018767 1214
0.00030808500000034655 1213
0.00030820499999961726 1212
0.00030832499999977614 1211
0.000308444999999935 1210
0.00030850200000021033 1209
0.0003086220000003692 1208
0.0003087419999996399 1207
0.0003088619999997988 1206
0.0003089819999999577 1205
0.00030910200000011656 1204
0.00030922200000027544 1203
0.00030930199999978925 1204
0.0003093420000004343 1203
0.00030946199999970503 1202
0.0003095819999998639 1201
0.0003097020000000228 1200
0.0003098220000001817 1199
0.00030994200000034056 1198
0.00031006199999961126 1197
0.00031018199999977014 1196
0.0003102620000001721 1197
0.000310301999999929 1196
0.0003104220000000879 1195
0.0003105420000002468 1194
0.00031066200000040567 1193
0.00031078199999967637 1192
0.00031090199999983525 1191
0.00031094000000031485 1192
0.00031095900000011056 1191
0.00031107900000026945 1190
0.00031119900000042833 1189
0.00031131899999969903 1188
0.0003113419999998257 1189
0.0003114389999998579 1188
0.0003115590000000168 1187
0.0003116790000001757 1186
0.00031179900000033456 1185
0.00031187899999984836 1186
0.00031191899999960526 1185
0.00031201999999996843 1186
0.00031203899999976414 1185
0.00031209600000003945 1184
0.00031217600000044143 1185
0.00031221600000019833 1184
0.0003123360000003572 1183
0.0003124559999996279 1182
0.0003125759999997868 1181
0.0003126959999999457 1180
0.00031281600000010457 1179
0.00031289599999961837 1180
0.00031293600000026345 1179
0.00031305600000042233 1178
0.00031317599999969303 1177
0.00031324999999959857 1178
0.0003132959999998519 1177
0.0003134160000000108 1176
0.0003135360000001697 1175
0.00031365600000032856 1174
0.00031377599999959926 1173
0.00031389599999975815 1172
0.0003139699999996637 1173
0.00031401599999991703 1172
0.00031402399999969077 1173
0.0003141360000000759 1172
0.0003142560000002348 1171
0.0003143760000003937 1170
0.0003144329999997808 1169
0.0003145529999999397 1168
0.00031467300000009857 1167
0.00031479300000025745 1166
0.00031491300000041633 1165
0.00031493000000004656 1166
0.00031503299999968704 1165
0.0003151529999998459 1164
0.0003151700000003643 1165
0.0003152730000000048 1164
0.00031528999999963503 1165
0.0003153930000001637 1164
0.00031551300000032256 1163
0.00031563299999959327 1162
0.0003156500000001117 1163
0.00031575299999975215 1162
0.00031587299999991103 1161
0.0003159930000000699 1160
0.0003160500000003452 1159
0.00031606699999997545 1160
0.0003160940000004331 1161
0.00031610699999973235 1160
0.00031618700000013433 1161
0.00031622699999989123 1160
0.0003163470000000501 1159
0.000316467000000209 1158
0.0003165870000003679 1157
0.0003166940000003393 1158
0.0003167069999996386 1157
0.00031678700000004056 1158
0.00031682699999979747 1157
0.00031694699999995635 1156
0.00031706700000011523 1155
0.0003171870000002741 1154
0.000317307000000433 1153
0.0003173639999998201 1152
0.000317483999999979 1151
0.00031759099999995044 1152
0.0003176040000001379 1151
0.00031772400000029677 1150
0.00031784399999956747 1149
0.00031789999999976004 1150
0.00031796399999972635 1149
0.00031808399999988524 1148
0.0003182040000000441 1147
0.0003182270000001708 1148
0.000318324000000203 1147
0.0003184440000003619 1146
0.0003185639999996326 1145
0.00031868399999979147 1144
0.00031880399999995035 1143
0.00031892400000010923 1142
0.00031898100000038454 1141
0.00031910099999965524 1140
0.0003192209999998141 1139
0.00031929499999971966 1140
0.000319340999999973 1139
0.0003193640000000997 1140
0.00031944799999994444 1141
0.0003194610000001319 1140
0.0003195409999996457 1141
0.00031958100000029077 1140
0.0003197009999995615 1139
0.00031982099999972036 1138
0.00031990100000012234 1139
0.00031994099999987924 1138
0.0003200610000000381 1137
0.000320181000000197 1136
0.0003203010000003559 1135
0.0003203809999998697 1136
0.0003204209999996266 1135
0.00032054099999978547 1134
0.00032062799999987845 1135
0.00032066099999994435 1134
0.00032071800000021966 1133
0.00032083800000037854 1132
0.00032089200000040563 1133
0.00032095799999964925 1132
0.0003209809999997759 1133
0.00032101499999992456 1132
0.00032107200000019986 1131
0.00032119200000035875 1130
0.00032131199999962945 1129
0.00032143199999978833 1128
0.0003215519999999472 1127
0.0003216720000001061 1126
0.00032170099999984103 1127
0.0003217470000000944 1128
0.000321792000000265 1127
0.00032191200000042386 1126
0.00032196200000012 1127
0.00032203199999969456 1126
0.0003221179999997048 1127
0.00032215199999985344 1126
0.0003222720000000123 1125
0.0003223920000001712 1124
0.00032247800000018145 1125
0.0003225120000003301 1124
0.0003225259999997121 1125
0.0003226319999996008 1124
0.0003227519999997597 1123
0.000322809000000035 1122
0.0003228660000003103 1121
0.000322985999999581 1120
0.0003231059999997399 1119
0.00032322599999989876 1118
0.00032333900000036664 1119
0.00032334600000005764 1118
0.0003234660000002165 1117
0.00032355200000022677 1118
0.0003235860000003754 1117
0.00032364299999976254 1116
0.00032367200000038565 1117
0.0003237629999999214 1116
0.00032379199999965635 1117
0.0003238830000000803 1116
0.00032391199999981524 1117
0.0003240030000002392 1116
0.00032412300000039806 1115
0.00032416699999959775 1116
0.00032424299999966877 1115
0.0003242720000002919 1116
0.00032436299999982765 1115
0.00032442000000010296 1114
0.00032454000000026184 1113
0.0003246600000004207 1112
0.0003247799999996914 1111
0.00032480900000031454 1112
0.0003248999999998503 1111
0.0003249570000001256 1110
0.0003250770000002845 1109
0.00032519600000036064 1110
0.0003251970000004434 1109
0.0003252890000000619 1110
0.0003253169999997141 1109
0.00032540900000022077 1110
0.00032543699999987297 1109
0.00032552900000037965 1110
0.00032555700000003185 1109
0.00032567700000019073 1108
0.0003257330000003833 1109
0.00032573399999957786 1108
0.00032585399999973674 1107
0.0003259739999998956 1106
0.000326009000000127 1107
0.0003260940000000545 1106
0.0003261290000002859 1107
0.0003262069999996342 1108
0.0003262140000002134 1107
0.0003262489999995566 1108
0.00032633400000037227 1107
0.0003264259999999908 1108
0.000326453999999643 1107
0.00032654600000014966 1108
0.00032657399999980186 1107
0.00032666600000030854 1108
0.00032669399999996074 1107
0.00032678599999957925 1108
0.0003268140000001196 1107
0.00032690599999973813 1108
0.0003269340000002785 1107
0.000327025999999897 1108
0.0003270540000004374 1107
0.0003271460000000559 1108
0.0003271739999997081 1107
0.00032729399999986697 1106
0.00032740700000033485 1107
0.00032741400000002585 1106
0.00032750599999964436 1107
0.00032753400000018473 1106
0.0003276540000003436 1105
0.0003277739999996143 1104
0.000327866000000121 1105
0.0003278939999997732 1104
0.0003279860000002799 1105
0.0003280139999999321 1104
0.00032813400000009096 1103
0.00032825400000024985 1102
0.0003282829999999848 1103
0.00032837400000040873 1102
0.00032849399999967943 1101
0.00032855099999995474 1100
0.0003286710000001136 1099
0.0003287910000002725 1098
0.00032887700000028275 1099
0.0003289110000004314 1098
0.00032899700000044163 1099
0.0003290309999997021 1098
0.00032915099999986097 1097
0.0003292369999998712 1098
0.00032927100000001985 1097
0.0003293570000000301 1098
0.00032939100000017874 1097
0.0003295110000003376 1096
0.0003295550000004255 1097
0.00032959700000034786 1098
0.0003296309999996083 1097
0.00032971699999961857 1098
0.0003297509999997672 1097
0.0003298709999999261 1096
0.00032995699999993633 1097
0.00032999100000008497 1096
0.0003300770000000952 1097
0.00033011100000024385 1096
0.00033023100000040273 1095
0.00033031099999991653 1096
0.00033035099999967343 1095
0.0003304709999998323 1094
0.0003305510000002343 1095
0.0003305909999999912 1094
0.0003307110000001501 1093
0.0003307909999996639 1094
0.00033083100000030896 1093
0.00033091099999982276 1094
0.00033095099999957966 1093
0.00033107099999973855 1092
0.00033108800000025695 1093
0.00033119099999989743 1092
0.00033120800000041584 1093
0.0003313110000000563 1092
0.00033132799999968654 1093
0.0003314310000002152 1092
0.0003314479999998454 1093
0.0003315510000003741 1092
0.0003315889999999655 1093
0.0003316709999996448 1092
0.00033179099999980366 1091
0.0003318649999997092 1092
0.00033191099999996254 1091
0.0003320310000001214 1090
0.00033210500000002696 1091
0.0003321510000002803 1090
0.00033222500000018584 1091
0.0003322710000004392 1090
0.0003323909999997099 1089
0.00033240199999973186 1090
0.00033251099999986877 1089
0.00033263100000002765 1088
0.0003326420000000496 1089
0.0003326689999996191 1090
0.00033268800000030296 1089
0.0003327620000002085 1090
0.00033280799999957367 1089
0.0003328820000003674 1090
0.00033292799999973255 1089
0.0003330019999996381 1090
0.00033304799999989143 1089
0.0003331680000000503 1088
0.0003331790000000723 1089
0.0003332880000002092 1088
0.00033329900000023116 1089
0.0003333449999995963 1088
0.00033341900000039004 1089
0.0003334649999997552 1088
0.0003335220000000305 1087
0.0003336420000001894 1086
0.00033365899999981963 1087
0.0003337620000003483 1086
0.000333881999999619 1085
0.0003338990000001374 1086
0.00033400199999977787 1085
0.00033412199999993675 1084
0.000334138999999567 1085
0.00033424200000009563 1084
0.00033425899999972586 1085
0.0003342860000001835 1086
0.0003343620000002545 1085
0.00033437899999988474 1086
0.0003344820000004134 1085
0.0003344990000000436 1086
0.0003345259999996131 1087
0.0003345389999998005 1086
0.0003346589999999594 1085
0.0003347390000003614 1086
0.0003347790000001183 1085
0.0003348589999996321 1086
0.00033489900000027717 1085
0.00033497899999979097 1086
0.00033501900000043605 1085
0.00033513899999970675 1084
0.00033521900000010874 1085
0.00033525899999986564 1084
0.0003353390000002676 1085
0.00033536599999983707 1086
0.0003353790000000245 1085
0.00033543600000029983 1084
0.0003354590000004265 1085
0.00033555599999957053 1084
0.00033561299999984584 1083
0.0003357330000000047 1082
0.00033581900000001497 1083
0.0003358530000001636 1082
0.0003359730000003225 1081
0.0003360929999995932 1080
0.0003361499999998685 1079
0.00033623599999987874 1080
0.0003362700000000274 1079
0.0003363560000000376 1080
0.00033639000000018626 1079
0.0003364760000001965 1080
0.00033651000000034514 1079
0.0003365960000003554 1080
0.00033662999999961585 1079
0.00033674999999977473 1078
0.0003368699999999336 1077
0.0003369900000000925 1076
0.0003371100000002514 1075
0.00033723000000041026 1074
0.00033734999999968096 1073
0.00033740699999995627 1072
0.0003374359999996912 1073
0.00033752700000011515 1072
0.00033764700000027403 1071
0.0003377670000004329 1070
0.0003378869999997036 1069
0.00033791600000032673 1070
0.0003380069999998625 1069
0.00033803599999959744 1070
0.0003381270000000214 1069
0.00033824700000018026 1068
0.0003383039999995674 1067
0.0003383960000000741 1068
0.0003384239999997263 1067
0.00033851600000023296 1068
0.00033854399999988516 1067
0.00033866400000004404 1066
0.0003387840000002029 1065
0.0003388830000004006 1066
0.0003389040000003618 1065
0.0003390239999996325 1064
0.0003391439999997914 1063
0.0003392360000002981 1064
0.00033926399999995027 1063
0.00033938400000010915 1062
0.00033944100000038446 1061
0.00033956099999965517 1060
0.00033959599999988654 1061
0.00033968099999981405 1060
0.00033980099999997293 1059
0.0003398360000002043 1060
0.0003399210000001318 1059
0.0003399560000003632 1060
0.0003400410000002907 1059
0.0003401609999995614 1058
0.0003402530000000681 1059
0.0003402809999997203 1058
0.00034040099999987916 1057
0.00034049300000038585 1058
0.00034052100000003804 1057
0.0003406410000001969 1056
0.00034069799999958406 1055
0.00034081799999974294 1054
0.0003409379999999018 1053
0.0003410580000000607 1052
0.00034108699999979564 1053
0.0003411780000002196 1052
0.00034129800000037847 1051
0.00034141799999964917 1050
0.00034153799999980805 1049
0.00034165799999996693 1048
0.0003417780000001258 1047
0.0003418350000004011 1046
0.0003419549999996718 1045
0.0003420749999998307 1044
0.0003421949999999896 1043
0.00034231500000014847 1042
0.00034243500000030735 1041
0.00034255499999957806 1040
0.00034258400000020117 1041
0.00034267499999973694 1040
0.0003427949999998958 1039
0.00034288099999990607 1040
0.0003429150000000547 1039
0.0003430350000002136 1038
0.00034315500000037247 1037
0.00034327499999964317 1036
0.00034339499999980205 1035
0.00034351499999996093 1034
0.0003436350000001198 1033
0.0003437550000002787 1032
0.0003438750000004376 1031
0.0003439949999997083 1030
0.00034411499999986717 1029
0.00034419500000026915 1030
0.00034423500000002605 1029
0.00034435500000018493 1028
0.00034441199999957206 1027
0.00034453199999973094 1026
0.0003446519999998898 1025
0.0003446750000000165 1026
0.0003447720000000487 1025
0.0003448519999995625 1026
0.0003448920000002076 1025
0.00034501200000036647 1024
0.0003451319999996372 1023
0.00034525199999979606 1022
0.00034530900000007136 1021
0.00034542900000023025 1020
0.00034554900000038913 1019
0.00034566899999965983 1018
0.0003457490000000618 1019
0.0003457889999998187 1018
0.0003459089999999776 1017
0.0003460290000001365 1016
0.00034614900000029536 1015
0.00034622899999980916 1016
0.00034626899999956606 1015
0.00034638899999972494 1014
0.0003465089999998838 1013
0.0003466290000000427 1012
0.0003467089999995565 1013
0.0003467490000002016 1012
0.00034686900000036047 1011
0.0003469889999996312 1010
0.0003470060000001496 1011
0.0003470459999999065 1010
0.00034712600000030847 1011
0.00034716600000006537 1010
0.00034728600000022425 1009
0.0003473429999996114 1008
0.00034736599999973805 1009
0.00034746299999977026 1008
0.00034758299999992914 1007
0.000347703000000088 1006
0.0003478230000002469 1005
0.0003479430000004058 1004
0.0003480629999996765 1003
0.0003481829999998354 1002
0.00034830299999999426 1001
0.00034842300000015314 1000
0.000348543000000312 999
0.0003486229999998258 1000
0.0003486629999995827 999
0.0003487829999997416 998
0.0003488630000001436 999
0.0003489029999999005 998
0.00034898300000030247 999
0.00034902300000005937 998
0.00034914300000021825 997
0.0003491999999996054 996
0.0003492569999998807 995
0.00034937700000003957 994
0.00034949700000019845 993
0.0003495539999995856 992
0.00034967399999974447 991
0.0003497599999997547 992
0.00034979399999990335 991
0.00034991400000006223 990
0.0003500000000000725 991
0.0003500340000002211 990
0.00035015400000038 989
0.00035024000000039024 990
0.0003502739999996507 989
0.0003503939999998096 988
0.00035051399999996846 987
0.00035063400000012734 986
0.0003507540000002862 985
0.00035087399999955693 984
0.0003509939999997158 983
0.00035107999999972606 984
0.0003511139999998747 983
0.00035117100000015 982
0.00035119999999988494 983
0.0003512910000003089 982
0.0003514109999995796 981
0.0003514679999998549 980
0.0003515880000000138 979
0.0003516450000002891 978
0.0003517649999995598 977
0.0003518219999998351 976
0.000351941999999994 975
0.00035197700000022536 976
0.00035206200000015286 975
0.00035218200000031175 974
0.00035221699999965494 975
0.0003522389999996989 974
0.00035235899999985776 973
0.00035241600000013307 972
0.0003524569999999727 973
0.0003524730000004084 972
0.0003525929999996791 971
0.00035271299999983796 970
0.00035283299999999684 969
0.0003528739999998365 970
0.00035289000000027215 969
0.00035301000000043103 968
0.00035311400000015425 969
0.00035312999999970174 968
0.00035318699999997705 967
0.00035330700000013593 966
0.00035336400000041124 965
0.00035345900000027797 966
0.00035348399999968194 965
0.0003536039999998408 964
0.0003537140000000605 965
0.0003537239999999997 964
0.00035383400000021936 965
0.0003538440000001586 964
0.00035396400000031747 963
0.0003540209999997046 962
0.0003541409999998635 961
0.00035426100000002236 960
0.00035431800000029767 959
0.0003543749999996848 958
0.0003544910000004009 959
0.0003544949999998437 958
0.0003546109999996716 959
0.00035461500000000257 958
0.00035473500000016145 957
0.00035485500000032033 956
0.00035497499999959103 955
0.00035503199999986634 954
0.00035514799999969426 955
0.0003551520000000252 954
0.0003552720000001841 953
0.000355392000000343 952
0.0003555119999996137 951
0.0003556280000003298 952
0.0003556319999997726 951
0.00035575199999993146 950
0.00035587200000009034 949
0.0003559920000002492 948
0.00035600899999987945 949
0.00035610800000007714 950
0.0003561120000004081 949
0.0003562319999996788 948
0.0003562889999999541 947
0.000356409000000113 946
0.0003565290000002719 945
0.00035664900000043076 944
0.0003567020000003751 945
0.0003567059999998179 944
0.00035682599999997677 943
0.0003568830000002521 942
0.00035700300000041096 941
0.00035712299999968167 940
0.00035724299999984055 939
0.00035735899999966847 940
0.00035736299999999943 939
0.0003574830000001583 938
0.0003575400000004336 937
0.00035759699999982075 936
0.00035765400000009606 935
0.00035771100000037137 934
0.0003577190000001451 935
0.0003577679999997585 934
0.0003578879999999174 933
0.00035800800000007627 932
0.00035812800000023515 931
0.00035824800000039403 930
0.00035836799999966473 929
0.0003584879999998236 928
0.0003586079999999825 927
0.0003586650000002578 926
0.0003587359999999151 927
0.0003587850000004167 926
0.0003589049999996874 925
0.00035902499999984627 924
0.0003590899999998953 925
0.00035914500000000515 924
0.00035926500000016404 923
0.0003592670000003295 924
0.00035932200000043935 923
0.0003593869999996002 924
0.00035944199999971005 923
0.00035956199999986893 922
0.0003596820000000278 921
0.0003596840000001933 922
0.0003598020000001867 921
0.0003599220000003456 920
0.0003600419999996163 919
0.0003601580000003324 920
0.00036016199999977516 919
0.00036028199999993404 918
0.0003603349999998784 919
0.0003604020000000929 918
0.0003605220000002518 917
0.0003606420000004107 916
0.0003607619999996814 915
0.0003608090000000175 916
0.0003608819999998403 915
0.00036092900000017636 916
0.00036100199999999916 915
0.00036112200000015804 914
0.0003612420000003169 913
0.0003613619999995876 912
0.0003614819999997465 911
0.0003616019999999054 910
0.00036172200000006427 909
0.00036184200000022315 908
0.00036196200000038203 907
0.00036208199999965274 906
0.0003622019999998116 905
0.00036229999999992657 906
0.0003623219999999705 905
0.0003623790000002458 904
0.0003624990000004047 903
0.0003626189999996754 902
0.00036271699999979035 903
0.0003627389999998343 902
0.00036285899999999316 901
0.00036297900000015204 900
0.0003630990000003109 899
0.00036315599999969805 898
0.00036327599999985694 897
0.00036333300000013224 896
0.00036338299999982837 897
0.00036343699999985546 898
0.0003634530000002911 897
0.00036357299999956183 896
0.00036362999999983714 895
0.00036368700000011245 894
0.00036373399999956035 895
0.00036380700000027133 894
0.00036385399999971924 895
0.0003639270000004302 894
0.0003639739999998781 895
0.0003640469999997009 894
0.0003641510000003123 895
0.0003641669999998598 894
0.0003642870000000187 893
0.00036440700000017756 892
0.0003644480000000172 893
0.00036452700000033644 892
0.0003645680000001761 893
0.00036464699999960715 892
0.00036476699999976603 891
0.00036480799999960567 892
0.0003648869999999249 891
0.0003650070000000838 890
0.0003651270000002427 889
0.00036524700000040156 888
0.0003653039999997887 887
0.0003653330000004118 888
0.00036542399999994757 887
0.0003654529999996825 888
0.0003654810000002229 887
0.00036560100000038176 886
0.00036569300000000027 887
0.00036572099999965246 886
0.00036584099999981134 885
0.00036593300000031803 886
0.0003659609999999702 885
0.0003660810000001291 884
0.00036610999999986404 885
0.000366201000000288 884
0.0003663209999995587 883
0.0003663500000001818 884
0.000366377999999834 883
0.0003664700000003407 884
0.0003664979999999929 883
0.0003665899999996114 884
0.00036661800000015177 883
0.00036673800000031065 882
0.0003667670000000456 883
0.00036685799999958135 882
0.00036697799999974023 881
0.00036700700000036335 882
0.0003670979999998991 881
0.0003671550000001744 880
0.00036724699999979293 881
0.0003672750000003333 880
0.0003673669999999518 881
0.000367394999999604 880
0.0003675149999997629 879
0.0003676070000002696 880
0.0003676349999999218 879
0.00036775500000008066 878
0.00036784699999969916 879
0.00036787500000023954 878
0.0003679950000003984 877
0.00036805199999978555 876
0.00036817199999994443 875
0.0003682070000001758 876
0.0003682920000001033 875
0.0003684120000002622 874
0.0003684469999996054 875
0.0003685320000004211 874
0.0003685669999997643 875
0.0003685889999998082 874
0.0003687089999999671 873
0.0003687660000002424 872
0.00036880700000008204 873
0.00036882299999962953 872
0.0003689270000002409 873
0.0003689429999997884 872
0.0003690629999999473 871
0.0003691669999996705 872
0.0003691830000001062 871
0.0003692400000003815 870
0.0003692869999998294 871
0.0003693599999996522 870
0.00036940699999998827 871
0.0003694169999999275 870
0.0003694740000002028 869
0.00036953099999958994 868
0.00036964700000030604 869
0.0003696509999997488 868
0.00036970800000002413 867
0.00036976500000029944 866
0.00036982399999985205 867
0.00036988499999957014 866
0.000370004999999729 865
0.0003701249999998879 864
0.0003701820000001632 863
0.0003703020000003221 862
0.0003704219999995928 861
0.0003705419999997517 860
0.000370599000000027 859
0.00037060100000019247 860
0.0003706560000003023 859
0.000370775999999573 858
0.0003707779999997385 859
0.0003708959999997319 858
0.00037089799999989737 859
0.00037101599999989077 858
0.0003711319999997187 859
0.00037113600000004965 858
0.00037119300000032496 857
0.00037125199999987757 858
0.00037131299999959566 857
0.00037137200000003645 858
0.00037143299999975454 857
0.00037149000000002985 856
0.00037149200000019533 857
0.00037154700000030516 856
0.0003716039999996923 855
0.0003717239999998512 854
0.0003717810000001265 853
0.00037190100000028536 852
0.0003719579999996725 851
0.0003719719999999427 852
0.0003720149999999478 851
0.00037209200000010156 852
0.0003721350000001067 851
0.00037221200000026045 852
0.00037225500000026557 851
0.00037233200000041933 852
0.00037237500000042445 851
0.00037245199999969003 852
0.00037249499999969515 851
0.0003725719999998489 852
0.00037261499999985404 851
0.0003727350000000129 850
0.0003727920000002882 849
0.00037291199999955893 848
0.0003730319999997178 847
0.000373045999999988 848
0.0003730889999999931 847
0.00037314600000026843 846
0.00037320299999965556 845
0.00037325999999993087 844
0.00037328600000030576 845
0.0003733170000002062 844
0.0003733739999995933 843
0.00037340599999957647 844
0.0003734309999998686 843
0.0003734880000001439 842
0.00037354500000041924 841
0.00037360199999980637 840
0.00037364599999989423 841
0.0003736590000000817 840
0.00037377900000024056 839
0.00037389900000039944 838
0.0003739429999995991 839
0.00037401899999967014 838
0.000374062999999758 839
0.000374138999999829 838
0.0003741829999999169 839
0.00037419600000010433 838
0.00037425300000037964 837
0.00037430300000007577 838
0.00037437299999965035 837
0.00037442300000023465 838
0.00037449299999980923 837
0.00037455000000008454 836
0.0003746700000002434 835
0.0003747900000004023 834
0.00037484000000009843 835
0.000374909999999673 834
0.0003749600000002573 835
0.0003750299999998319 834
0.0003750870000001072 833
0.0003751440000003825 832
0.0003751999999996869 833
0.0003752639999996532 832
0.0003753209999999285 831
0.0003754410000000874 830
0.0003755610000002463 829
0.00037561700000043885 830
0.00037568100000040516 829
0.0003757379999997923 828
0.0003757950000000676 827
0.0003758520000003429 826
0.00037585699999986844 827
0.00037590899999973004 826
0.00037596600000000535 825
0.00037602300000028066 824
0.0003760340000003026 825
0.0003760799999996678 824
0.0003761369999999431 823
0.0003761940000002184 822
0.00037625099999960554 821
0.00037626800000012395 822
0.00037630799999988085 821
0.00037636500000015616 820
0.00037638800000028283 821
0.00037642200000043147 820
0.0003764789999998186 819
0.0003765080000004417 820
0.0003765360000000939 819
0.0003765930000003692 818
0.00037664999999975635 817
0.0003766849999999877 818
0.00037670700000003166 817
0.00037676400000030696 816
0.0003768209999996941 815
0.0003768779999999694 814
0.00037697600000008435 815
0.0003769980000001283 814
0.0003770550000004036 813
0.0003771119999997907 812
0.00037716900000006603 811
0.00037722600000034134 810
0.0003772700000004292 811
0.00037733000000006456 812
0.00037734599999961205 811
0.00037740299999988736 810
0.00037745000000022344 811
0.00037746000000016267 810
0.000377517000000438 809
0.0003775739999998251 808
0.00037762699999976945 809
0.0003776310000001004 808
0.0003776880000003757 807
0.00037772900000021536 808
0.00037774499999976285 807
0.00037774699999992833 808
0.00037780200000003816 807
0.00037785900000031347 806
0.0003778670000000872 807
0.0003779159999997006 806
0.0003779729999999759 805
0.0003780300000002512 804
0.00037808699999963835 803
0.00037814399999991366 802
0.00037820100000018897 801
0.0003782579999995761 800
0.0003783149999998514 799
0.0003783720000001267 798
0.00037842900000040203 797
0.00037848599999978916 796
0.00037854300000006447 795
0.0003786000000003398 794
0.0003786379999999312 795
0.0003786569999997269 794
0.0003787140000000022 793
0.0003787710000002775 792
0.0003788910000004364 791
0.00037894799999982354 790
0.00037900500000009885 789
0.00037906200000037416 788
0.0003791189999997613 787
0.0003791760000000366 786
0.0003792330000003119 785
0.00037928999999969903 784
0.00037934699999997434 783
0.00037940400000024965 782
0.0003794609999996368 781
0.0003795179999999121 780
0.000379638000000071 779
0.0003796950000003463 778
0.0003797519999997334 777
0.0003798090000000087 776
0.00037986600000028403 775
0.00037992299999967116 774
0.00037997999999994647 773
0.0003800370000002218 772
0.0003800939999996089 771
0.0003801509999998842 770
0.00038020800000015953 769
0.00038026500000043484 768
0.00038032199999982197 767
0.00038035700000005335 768
0.0003803790000000973 767
0.0003804360000003726 766
0.0003804929999997597 765
0.000380550000000035 764
0.00038060700000031034 763
0.00038066399999969747 762
0.0003807209999999728 761
0.0003807780000002481 760
0.0003808349999996352 759
0.0003808919999999105 758
0.00038094900000018583 757
0.00038100599999957296 756
0.00038112599999973185 755
0.00038118300000000715 754
0.0003812239999998468 755
0.00038124000000028246 754
0.0003812969999996696 753
0.0003813440000000057 754
0.0003813539999999449 753
0.00038146400000016456 754
0.0003814740000001038 753
0.0003815310000003791 752
0.0003815879999997662 751
0.0003817079999999251 750
0.000381828000000084 749
0.0003818850000003593 748
0.00038194199999974643 747
0.0003819949999996908 748
0.00038199900000002174 747
0.00038205600000029705 746
0.0003821129999996842 745
0.0003821699999999595 744
0.0003822270000002348 743
0.0003823470000003937 742
0.0003823550000001674 743
0.0003824669999996644 742
0.0003825239999999397 741
0.000382581000000215 740
0.0003827010000003739 739
0.0003828209999996446 738
0.00038294099999980347 737
0.00038306099999996235 736
0.00038311800000023766 735
0.0003831749999996248 734
0.0003832319999999001 733
0.000383352000000059 732
0.00038347200000021786 731
0.00038359200000037674 730
0.0003836489999997639 729
0.00038376899999992276 728
0.00038388900000008164 727
0.0003840090000002405 726
0.0003841290000003994 725
0.00038418599999978653 724
0.00038424300000006184 723
0.00038429299999975797 724
0.00038430000000033715 723
0.00038441999999960785 722
0.00038453300000007573 723
0.00038453999999976674 722
0.0003846599999999256 721
0.0003846709999999476 722
0.0003847800000000845 721
0.0003848370000003598 720
0.0003849569999996305 719
0.0003850769999997894 718
0.0003851969999999483 717
0.0003852540000002236 716
0.0003853109999996107 715
0.0003854309999997696 714
0.0003855509999999285 713
0.0003856080000002038 712
0.00038572800000036267 711
0.0003857849999997498 710
0.0003858420000000251 709
0.000385962000000184 708
0.0003860820000003429 707
0.0003862019999996136 706
0.00038621599999988376 707
0.0003862589999998889 706
0.0003863160000001642 705
0.0003863730000004395 704
0.00038642999999982663 703
0.00038648700000010194 702
0.00038654400000037725 701
0.0003866009999997644 700
0.00038660299999992986 701
0.0003866580000000397 700
0.000386715000000315 699
0.00038677199999970213 698
0.00038682899999997744 697
0.00038688600000025275 696
0.0003869429999996399 695
0.0003869999999999152 694
0.0003870570000001905 693
0.00038711399999957763 692
0.00038717099999985294 691
0.00038722800000012825 690
0.00038728500000040356 689
0.0003873419999997907 688
0.000387399000000066 687
0.0003874560000003413 686
0.000387575999999612 685
0.0003876329999998873 684
0.0003876900000001626 683
0.00038774700000043794 682
0.00038780399999982507 681
0.0003878610000001004 680
0.0003879180000003757 679
0.0003879749999997628 678
0.0003880320000000381 677
0.00038808900000031343 676
0.00038814599999970056 675
0.0003882029999999759 674
0.0003882600000002512 673
0.0003883169999996383 672
0.0003883739999999136 671
0.0003884940000000725 670
0.0003885510000003478 669
0.00038857799999991727 670
0.00038860799999973494 669
0.00038866500000001025 668
0.00038872200000028556 667
0.0003887789999996727 666
0.0003887840000000864 667
0.000388835999999948 666
0.0003888930000002233 665
0.00038894999999961044 664
0.00038900699999988575 663
0.00038906400000016106 662
0.00038912100000043637 661
0.0003891779999998235 660
0.0003892350000000988 659
0.0003892920000003741 658
0.00038934899999976125 657
0.00038940600000003656 656
0.00038946300000031187 655
0.000389519999999699 654
0.0003895769999999743 653
0.0003896340000002496 652
0.00038969099999963674 651
0.00038974799999991205 650
0.00038980500000018736 649
0.00038985199999963527 650
0.0003898619999995745 649
0.0003899189999998498 648
0.0003899760000001251 647
0.0003900330000004004 646
0.00039004100000017417 647
0.00039008999999978755 646
0.00039020999999994643 645
0.00039026700000022174 644
0.00039032399999960887 643
0.0003903809999998842 642
0.0003904380000001595 641
0.0003904950000004348 640
0.00039055199999982193 639
0.00039060900000009724 638
0.00039066600000037255 637
0.0003907229999997597 636
0.000390780000000035 635
0.0003908370000003103 634
0.00039085700000018875 635
0.00039089399999969743 634
0.00039095099999997274 633
0.00039097700000034763 634
0.00039100800000024805 633
0.0003910649999996352 632
0.00039109699999961833 633
0.0003911219999999105 632
0.0003911790000001858 631
0.0003912359999995729 630
0.00039129299999984823 629
0.0003914130000000071 628
0.0003914700000002824 627
0.00039152699999966956 626
0.00039158399999994487 625
0.0003916410000002202 624
0.0003916979999996073 623
0.0003917549999998826 622
0.0003918120000001579 621
0.00039186500000010227 622
0.00039186900000043323 621
0.00039192599999982036 620
0.00039198300000009567 619
0.000392040000000371 618
0.0003920969999997581 617
0.0003921540000000334 616
0.00039221100000030873 615
0.00039226799999969586 614
0.00039238799999985474 613
0.00039244500000013005 612
0.00039250200000040536 611
0.0003925589999997925 610
0.00039267899999995137 609
0.0003927360000002267 608
0.0003927929999996138 607
0.000392876000000264 608
0.0003929129999997727 607
0.0003930329999999316 606
0.00039305299999981 607
0.0003930900000002069 606
0.00039321000000036577 605
0.00039332999999963647 604
0.00039344999999979535 603
0.00039356999999995423 602
0.0003936900000001131 601
0.000393810000000272 600
0.00039386699999965913 599
0.00039392399999993444 598
0.00039398100000020975 597
0.0003940379999995969 596
0.0003940949999998722 595
0.0003941520000001475 594
0.0003942720000003064 593
0.0003943289999996935 592
0.0003943859999999688 591
0.0003944430000002441 590
0.000394563000000403 589
0.00039461999999979014 588
0.00039467700000006545 587
0.00039479700000022433 586
0.00039485399999961146 585
0.00039491099999988677 584
0.00039503100000004565 583
0.00039508800000032096 582
0.0003951449999997081 581
0.0003952019999999834 580
0.0003953220000001423 579
0.0003953790000004176 578
0.0003954359999998047 577
0.00039549300000008003 576
0.00039555000000035534 575
0.00039560699999974247 574
0.00039572699999990135 573
0.00039578400000017666 572
0.00039581900000040804 573
0.0003958409999995638 572
0.0003958979999998391 571
0.000396017999999998 570
0.0003960750000002733 569
0.0003961319999996604 568
0.00039618899999993573 567
0.00039624600000021104 566
0.00039630299999959817 565
0.0003963599999998735 564
0.0003964170000001488 563
0.0003964740000004241 562
0.00039653099999981123 561
0.00039658800000008654 560
0.00039664500000036185 559
0.000396701999999749 558
0.00039673699999998036 559
0.0003967590000000243 558
0.00039687900000018317 557
0.00039699900000034205 556
0.0003970559999997292 555
0.0003971130000000045 554
0.0003971700000002798 553
0.00039722699999966693 552
0.00039728399999994224 551
0.00039734100000021755 550
0.0003973979999996047 549
0.00039751799999976356 548
0.00039753500000028197 549
0.00039757399999995613 550
0.00039757500000003887 549
0.0003976320000003142 548
0.0003976889999997013 547
0.0003977459999999766 546
0.00039780799999977745 547
0.0003978660000001355 546
0.0003979860000002944 545
0.0003981059999995651 544
0.0003982249999996412 545
0.00039822599999972397 544
0.00039834599999988285 543
0.00039840300000015816 542
0.00039852300000031704 541
0.00039858500000011787 542
0.00039864299999958774 541
0.00039869999999986305 540
0.00039870500000027675 541
0.00039882000000002193 540
0.00039887700000029724 539
0.0003989339999996844 538
0.00039905399999984326 537
0.00039911100000011857 536
0.0003991680000003939 535
0.000399224999999781 534
0.0003992820000000563 533
0.00039934399999985715 534
0.0003994020000002152 533
0.0003994589999996023 532
0.0003995789999997612 531
0.0003996989999999201 530
0.00039981900000007897 529
0.0003998760000003543 528
0.0003999329999997414 527
0.0004000529999999003 526
0.0004001100000001756 525
0.0004002300000003345 524
0.0004002869999997216 523
0.0004003439999999969 522
0.0004004640000001558 521
0.0004005210000004311 520
0.0004005349999998131 521
0.00040057100000012724 522
0.00040057799999981825 521
0.00040063500000009356 520
0.0004006910000002861 521
0.00040069200000036886 520
0.000400748999999756 519
0.0004007750000001309 520
0.0004008060000000313 519
0.0004008630000003066 518
0.0004009829999995773 517
0.0004011029999997362 516
0.0004012229999998951 515
0.00040134300000005396 514
0.00040140000000032927 513
0.0004014569999997164 512
0.0004015139999999917 511
0.0004016340000001506 510
0.0004016910000004259 509
0.00040174799999981303 508
0.00040180500000008834 507
0.00040186200000036365 506
0.00040188799999985036 507
0.00040190200000012055 508
0.0004019189999997508 507
0.0004019760000000261 506
0.0004020330000003014 505
0.00040208999999968853 504
0.00040214699999996384 503
0.00040220400000023915 502
0.0004022609999996263 501
0.00040238099999978516 500
0.0004024129999997683 501
0.00040243800000006047 500
0.0004024950000003358 499
0.0004025519999997229 498
0.00040264699999958964 499
0.0004026719999998818 498
0.0004027290000001571 497
0.0004027860000004324 496
0.00040288100000029914 497
0.0004029059999997031 496
0.0004029629999999784 495
0.00040302000000025373 494
0.0004030520000002369 495
0.0004031400000004126 494
0.00040319699999979974 493
0.00040325400000007505 492
0.00040331100000035036 491
0.0004033430000003335 492
0.0004033679999997375 491
0.0004034250000000128 490
0.0004034820000002881 489
0.0004035379999995925 490
0.00040353899999967524 489
0.0004036589999998341 488
0.00040371600000010943 487
0.00040377300000038474 486
0.00040382999999977187 485
0.0004038870000000472 484
0.0004039440000003225 483
0.000403948999999848 484
0.0004040009999997096 483
0.00040405799999998493 482
0.00040411500000026024 481
0.00040417199999964737 480
0.0004042289999999227 479
0.000404286000000198 478
0.00040429700000021995 479
0.0004043429999995851 478
0.0004043999999998604 477
0.00040445700000013574 476
0.00040451400000041104 475
0.0004045709999997982 474
0.00040459399999992485 475
0.0004046280000000735 474
0.0004046850000003488 473
0.00040471400000008373 474
0.0004047419999997359 473
0.00040479900000001123 472
0.00040485600000028654 471
0.00040491299999967367 470
0.000404969999999949 469
0.0004050270000002243 468
0.0004050839999996114 467
0.00040514099999988673 466
0.00040519099999958286 467
0.00040519800000016204 466
0.00040525500000043735 465
0.0004053119999998245 464
0.0004053690000000998 463
0.0004054260000003751 462
0.00040548299999976223 461
0.00040554000000003754 460
0.00040559700000031285 459
0.0004056539999997 458
0.0004057109999999753 457
0.0004057680000002506 456
0.0004058249999996377 455
0.0004058479999997644 456
0.00040588199999991303 455
0.00040593900000018834 454
0.0004059959999995755 453
0.00040599799999974095 454
0.0004060529999998508 453
0.0004061100000001261 452
0.00040611799999989984 453
0.00040614500000035747 454
0.0004061670000004014 453
0.00040622399999978853 452
0.0004062380000000587 453
0.00040628100000006384 452
0.00040633800000033915 451
0.0004063949999997263 450
0.0004064520000000016 449
0.0004065090000002769 448
0.00040656599999966403 447
0.00040662299999993934 446
0.00040668000000021465 445
0.0004067369999996018 444
0.0004067939999998771 443
0.0004068510000001524 442
0.00040690400000009674 443
0.0004069080000004277 442
0.00040696499999981484 441
0.00040702200000009015 440
0.00040707900000036545 439
0.0004071359999997526 438
0.0004071930000000279 437
0.0004072500000003032 436
0.00040730699999969033 435
0.00040736399999996564 434
0.00040737800000023583 435
0.00040742100000024095 434
0.0004074779999996281 433
0.0004075349999999034 432
0.0004075920000001787 431
0.00040764899999956583 430
0.00040770599999984114 429
0.00040776300000011645 428
0.00040778899999960316 429
0.00040782000000039176 428
0.0004078769999997789 427
0.0004079340000000542 426
0.0004079910000003295 425
0.00040804799999971664 424
0.00040810499999999195 423
0.00040816200000026726 422
0.0004082189999996544 421
0.0004082759999999297 420
0.00040830799999991285 421
0.000408333000000205 420
0.00040838999999959213 419
0.00040844699999986744 418
0.00040850400000014275 417
0.00040856100000041806 416
0.0004086179999998052 415
0.0004086750000000805 414
0.0004087320000003558 413
0.00040878899999974294 412
0.00040884600000001825 411
0.00040890300000029356 410
0.00040895899999959795 411
0.0004089599999996807 410
0.000409016999999956 409
0.0004090740000002313 408
0.00040913099999961844 407
0.00040918799999989375 406
0.00040924500000016906 405
0.00040936500000032794 404
0.00040942199999971507 403
0.0004094789999999904 402
0.0004095360000002657 401
0.0004095929999996528 400
0.00040964999999992813 399
0.00040970700000020344 398
0.0004098270000003623 397
0.00040988399999974945 396
0.00041000399999990833 395
0.0004101240000000672 394
0.0004101810000003425 393
0.00041023799999972965 392
0.00041029500000000496 391
0.00041035200000028027 390
0.00041047200000043915 389
0.0004105289999998263 388
0.0004105860000001016 387
0.0004107060000002605 386
0.0004107629999996476 385
0.0004108199999999229 384
0.0004109400000000818 383
0.0004109970000003571 382
0.00041105399999974424 381
0.00041111100000001954 380
0.0004112310000001784 379
0.00041128799999956556 378
0.00041140799999972444 377
0.00041146499999999975 376
0.00041152200000027506 375
0.0004115789999996622 374
0.0004116359999999375 373
0.0004116930000002128 372
0.0004118130000003717 371
0.0004118699999997588 370
0.0004119899999999177 369
0.000412047000000193 368
0.00041210399999958014 367
0.000412223999999739 366
0.00041228100000001433 365
0.00041233800000028964 364
0.00041239499999967677 363
0.00041251499999983565 362
0.00041263499999999453 361
0.00041269200000026984 360
0.000412748999999657 359
0.0004128059999999323 358
0.0004128630000002076 357
0.0004129199999995947 356
0.00041297699999987003 355
0.00041303400000014534 354
0.00041309100000042065 353
0.0004131479999998078 352
0.0004132050000000831 351
0.0004132620000003584 350
0.00041331899999974553 349
0.00041337600000002084 348
0.00041343300000029615 347
0.0004134899999996833 346
0.0004135469999999586 345
0.0004136040000002339 344
0.000413660999999621 343
0.00041371799999989634 342
0.00041377500000017164 341
0.0004138319999995588 340
0.0004138889999998341 339
0.0004139460000001094 338
0.0004140030000003847 337
0.00041405999999977183 336
0.00041411700000004714 335
0.00041417400000032245 334
0.0004142309999997096 333
0.0004142879999999849 332
0.0004143450000002602 331
0.00041440199999964733 330
0.00041445899999992264 329
0.00041451600000019795 328
0.0004145729999995851 327
0.0004146299999998604 326
0.0004146870000001357 325
0.000414744000000411 324
0.00041480099999979814 323
0.00041485800000007345 322
0.00041491500000034875 321
0.0004149719999997359 320
0.0004150290000000112 319
0.0004150860000002865 318
0.00041514299999967363 317
0.00041519999999994894 316
0.00041525700000022425 315
0.0004153139999996114 314
0.0004153709999998867 313
0.000415428000000162 312
0.0004154850000004373 311
0.00041554199999982444 310
0.00041559900000009975 309
0.00041565600000037506 308
0.0004157129999997622 307
0.0004157700000000375 306
0.0004158270000003128 305
0.00041588399999969994 304
0.00041594099999997525 303
0.00041599800000025056 302
0.0004160549999996377 301
0.000416111999999913 300
0.0004161690000001883 299
0.00041622599999957544 298
0.00041628299999985074 297
0.00041634000000012605 296
0.00041639700000040136 295
0.0004164539999997885 294
0.0004165110000000638 293
0.0004165680000003391 292
0.00041662499999972624 291
0.00041668200000000155 290
0.0004166899999997753 291
0.00041673900000027686 290
0.000416795999999664 289
0.0004168529999999393 288
0.0004169100000002146 287
0.00041696699999960174 286
0.00041702399999987705 285
0.00041708100000015236 284
0.00041713800000042767 283
0.0004171519999998097 284
0.0004171949999998148 283
0.0004172520000000901 282
0.0004173090000003654 281
0.00041732900000024387 282
0.00041736599999975255 281
0.00041742300000002786 280
0.00041744900000040275 281
0.00041754300000018674 280
0.00041759999999957387 279
0.0004176569999998492 278
0.0004177140000001245 277
0.0004177710000003998 276
0.0004177969999998865 277
0.0004178279999997869 276
0.00041788500000006223 275
0.00041794200000033754 274
0.0004179989999997247 273
0.00041803099999970783 274
0.000418056 273
0.0004181130000002753 272
0.0004181699999996624 271
0.00041822699999993773 270
0.00041826500000041733 271
0.00041828400000021304 270
0.00041834099999960017 269
0.0004183979999998755 268
0.0004184550000001508 267
0.0004185120000004261 266
0.0004185559999996258 267
0.00041856899999981323 266
0.00041862600000008854 265
0.00041868300000036385 264
0.00041873300000006 265
0.000418739999999751 264
0.0004187970000000263 263
0.0004188540000003016 262
0.0004189109999996887 261
0.00041896799999996404 260
0.00041902500000023934 259
0.0004190819999996265 258
0.00041913799999981904 259
0.0004191389999999018 258
0.0004191960000001771 257
0.0004192529999995642 256
0.00041930999999983953 255
0.00041931500000025324 256
0.00041936700000011484 255
0.00041942400000039015 254
0.0004194809999997773 253
0.0004195380000000526 252
0.00041954900000007456 253
0.0004195950000003279 252
0.00041965199999971503 251
0.00041970899999999034 250
0.00041976600000026565 249
0.0004198229999996528 248
0.0004198400000001712 249
0.0004198799999999281 248
0.0004199370000002034 247
0.00041996000000033007 248
0.00041999399999959053 247
0.00042005099999986584 246
0.00042010800000014115 245
0.00042016500000041646 244
0.0004202219999998036 243
0.0004202790000000789 242
0.0004203360000003542 241
0.00042039299999974133 240
0.00042045000000001664 239
0.00042050700000029195 238
0.0004205639999996791 237
0.0004206209999999544 236
0.0004206780000002297 235
0.00042073499999961683 234
0.00042079199999989214 233
0.00042084900000016745 232
0.00042090600000044276 231
0.0004209629999998299 230
0.0004210200000001052 229
0.0004210770000003805 228
0.00042113399999976764 227
0.00042119100000004295 226
0.00042124800000031826 225
0.0004213049999997054 224
0.0004213619999999807 223
0.000421419000000256 222
0.00042147599999964314 221
0.00042153299999991845 220
0.00042159000000019375 219
0.0004216469999995809 218
0.0004217039999998562 217
0.0004217610000001315 216
0.0004218180000004068 215
0.00042187499999979394 214
0.00042193200000006925 213
0.00042198900000034456 212
0.0004220459999997317 211
0.000422103000000007 210
0.0004221600000002823 209
0.00042221699999966944 208
0.00042227399999994475 207
0.00042233100000022006 206
0.0004223879999996072 205
0.0004224449999998825 204
0.0004225020000001578 203
0.0004225590000004331 202
0.00042261599999982025 201
0.00042267300000009556 200
0.00042273000000037086 199
0.000422786999999758 198
0.0004229069999999169 197
0.0004229640000001922 196
0.0004230209999995793 195
0.0004230779999998546 194
0.00042313500000012993 193
0.00042319200000040524 192
0.0004232489999997924 191
0.0004233060000000677 190
0.000423363000000343 189
0.0004234199999997301 188
0.00042347700000000543 187
0.00042353400000028074 186
0.00042359099999966787 185
0.0004236479999999432 184
0.0004237050000002185 183
0.0004237619999996056 182
0.00042381899999988093 181
0.00042387600000015624 180
0.00042393300000043155 179
0.0004239899999998187 178
0.000424047000000094 177
0.0004241040000003693 176
0.00042416099999975643 175
0.00042421800000003174 174
0.00042427500000030705 173
0.0004243319999996942 172
0.0004243889999999695 171
0.0004244460000002448 170
0.0004245029999996319 169
0.00042455999999990723 168
0.00042461700000018254 167
0.0004246739999995697 166
0.000424730999999845 165
0.0004247880000001203 164
0.0004248450000003956 163
0.00042490199999978273 162
0.00042495900000005804 161
0.00042501600000033335 160
0.0004250729999997205 159
0.0004251299999999958 158
0.0004251870000002711 157
0.00042524399999965823 156
0.00042530099999993354 155
0.00042535800000020885 154
0.000425414999999596 153
0.0004254719999998713 152
0.0004255290000001466 151
0.0004255860000004219 150
0.00042564299999980904 149
0.00042570000000008434 148
0.00042575700000035965 147
0.0004258139999997468 146
0.0004258710000000221 145
0.0004259280000002974 144
0.00042598499999968453 143
0.00042604199999995984 142
0.00042609900000023515 141
0.0004261559999996223 140
0.0004262129999998976 139
0.0004262700000001729 138
0.00042632699999956003 137
0.00042638399999983534 136
0.00042644100000011065 135
0.00042649800000038596 134
0.0004265549999997731 133
0.0004266120000000484 132
0.0004266690000003237 131
0.00042672599999971084 130
0.00042678299999998615 129
0.00042684000000026145 128
0.0004268969999996486 127
0.0004269539999999239 126
0.0004270110000001992 125
0.00042706799999958633 124
0.00042712499999986164 123
0.00042718200000013695 122
0.00042723900000041226 121
0.0004272959999997994 120
0.0004273530000000747 119
0.00042741000000035 118
0.00042746699999973714 117
0.00042752400000001245 116
0.00042758100000028776 115
0.0004276379999996749 114
0.0004276949999999502 113
0.0004277520000002255 112
0.00042780899999961264 111
0.00042786599999988795 110
0.00042792300000016326 109
0.00042798000000043857 108
0.0004280369999998257 107
0.000428094000000101 106
0.0004281510000003763 105
0.00042820799999976344 104
0.00042826500000003875 103
0.00042832200000031406 102
0.0004283789999997012 101
0.0004284359999999765 100
0.0004284930000002518 99
0.00042854999999963894 98
0.00042860699999991425 97
0.00042866400000018956 96
0.0004287209999995767 95
0.000428777999999852 94
0.0004288350000001273 93
0.0004288920000004026 92
0.00042894899999978975 91
0.00042900600000006506 90
0.00042906300000034037 89
0.0004291199999997275 88
0.0004291770000000028 87
0.0004292340000002781 86
0.00042929099999966525 85
0.00042934799999994055 84
0.00042940500000021586 83
0.000429461999999603 82
0.0004295189999998783 81
0.0004295760000001536 80
0.0004296330000004289 79
0.00042968999999981605 78
0.00042974700000009136 77
0.00042980400000036667 76
0.0004298609999997538 75
0.0004299180000000291 74
0.0004299750000003044 73
0.00043003199999969155 72
0.00043008899999996686 71
0.00043014600000024217 70
0.0004302029999996293 69
0.0004302599999999046 68
0.0004303170000001799 67
0.00043037399999956705 66
0.00043043099999984236 65
0.00043048800000011767 64
0.000430545000000393 63
0.0004306019999997801 62
0.0004306590000000554 61
0.0004307160000003307 60
0.00043077299999971785 59
0.00043082999999999316 58
0.00043095000000015204 57
0.00043100700000042735 56
0.0004310639999998145 55
0.0004311210000000898 54
0.0004311780000003651 53
0.00043123499999975223 52
0.00043129200000002754 51
0.00043134900000030285 50
0.00043140599999969 49
0.0004314629999999653 48
0.0004315200000002406 47
0.00043157699999962773 46
0.00043163399999990304 45
0.00043169100000017835 44
0.0004317479999995655 43
0.0004318049999998408 42
0.0004318620000001161 41
0.0004319190000003914 40
0.00043197599999977854 39
0.00043203300000005385 38
0.00043209000000032916 37
0.0004321469999997163 36
0.0004322039999999916 35
0.0004322610000002669 34
0.00043231799999965403 33
0.00043237499999992934 32
0.00043243200000020465 31
0.0004324889999995918 30
0.0004325459999998671 29
0.0004326030000001424 28
0.0004326600000004177 27
0.00043271699999980484 26
0.00043277400000008015 25
0.00043283100000035546 24
0.0004328879999997426 23
0.0004329450000000179 22
0.0004330020000002932 21
0.00043305899999968034 20
0.00043311599999995565 19
0.00043317300000023096 18
0.0004332299999996181 17
0.0004332869999998934 16
0.0004333440000001687 15
0.000433401000000444 14
0.00043345799999983115 13
0.00043351500000010645 12
0.00043357200000038176 11
0.0004336289999997689 10
0.0004336860000000442 9
0.0004337430000003195 8
0.00043379999999970664 7
0.00043385699999998195 6
0.00043391400000025726 5
0.0004339709999996444 4
0.0004340279999999197 3
0.000434085000000195 2
0.00043414199999958214 1
0.00043419899999985745 0
0.0004774180000000072 1
0.0004774180000000072 0
0.0005225849999996868 1
0.0005225849999996868 0
0.0005385899999996724 1
0.0005385899999996724 0
0.0005392469999998539 0