time length
0.0 0
1.8750000005951506e-06 1
1.8750000005951506e-06 0
2.190000000013015e-06 1
2.190000000013015e-06 0
2.2050000012541204e-06 1
2.2050000012541204e-06 0
2.2500000014247235e-06 1
2.2500000014247235e-06 0
3.3669999996988054e-06 1
3.3669999996988054e-06 0
3.991999999897189e-06 1
3.991999999897189e-06 0
4.2340000003804334e-06 1
4.2340000003804334e-06 0
4.239000000794135e-06 1
4.239000000794135e-06 0
4.322000000556159e-06 1
4.322000000556159e-06 0
4.329000001135341e-06 1
4.329000001135341e-06 0
4.364000000478541e-06 1
4.441999999826862e-06 0
4.449000000406045e-06 1
4.449000000406045e-06 0
4.469000000284495e-06 1
4.469000000284495e-06 0
4.542000000995472e-06 1
4.542000000995472e-06 0
4.543000001078212e-06 1
4.543000001078212e-06 0
4.544000001160953e-06 1
4.548999999798298e-06 2
4.627000000922976e-06 3
4.629000001088457e-06 4
4.6620000002661754e-06 3
4.666000000597137e-06 2
4.670000000928098e-06 1
4.67400000125906e-06 0
4.697000001385732e-06 1
4.697999999692115e-06 2
4.6989999997748555e-06 3
4.699999999857596e-06 4
4.73000000056345e-06 5
4.7310000006461905e-06 6
4.794000000529763e-06 5
4.798000000860725e-06 4
4.918000000131428e-06 3
4.92200000046239e-06 2
4.926000000793351e-06 1
4.930000001124313e-06 0
5.3070000003430096e-06 1
5.3070000003430096e-06 0
5.504000000655651e-06 1
5.504000000655651e-06 0
5.804000000608767e-06 1
5.804000000608767e-06 0
5.874000001071522e-06 1
5.874000001071522e-06 0
6.4090000009287e-06 1
6.4090000009287e-06 0
6.438999999858197e-06 1
6.438999999858197e-06 0
6.623000000871571e-06 1
6.623000000871571e-06 0
6.6280000012852724e-06 1
6.6329999999226175e-06 2
6.648000001163723e-06 3
6.649000001246463e-06 2
6.652999999801068e-06 3
6.652999999801068e-06 2
6.6570000001320295e-06 1
6.65800000021477e-06 2
6.661000000462991e-06 1
6.663000000628472e-06 2
6.6650000007939525e-06 1
6.668000001042174e-06 2
6.669000001124914e-06 1
6.672999999679519e-06 2
6.672999999679519e-06 1
6.67700000001048e-06 0
6.6780000000932205e-06 1
6.681000000341442e-06 0
6.688000000920624e-06 1
6.688000000920624e-06 0
6.693000001334326e-06 1
6.693000001334326e-06 0
6.697999999971671e-06 1
6.697999999971671e-06 0
6.703000000385373e-06 1
6.703000000385373e-06 0
6.708000000799075e-06 1
6.708000000799075e-06 0
6.713000001212777e-06 1
6.713000001212777e-06 0
6.717999999850122e-06 1
6.717999999850122e-06 0
6.7230000002638235e-06 1
6.7230000002638235e-06 0
6.728000000677525e-06 1
6.728000000677525e-06 0
6.737999999728572e-06 1
6.737999999728572e-06 0
6.743000000142274e-06 1
6.743000000142274e-06 0
6.748000000555976e-06 1
6.748000000555976e-06 0
6.753000000969678e-06 1
6.753000000969678e-06 0
6.75800000138338e-06 1
6.75800000138338e-06 0
6.763000000020725e-06 1
6.763000000020725e-06 0
6.773000000848128e-06 1
6.773000000848128e-06 0
6.77800000126183e-06 1
6.77800000126183e-06 0
6.788000000312877e-06 1
6.788000000312877e-06 0
6.793000000726579e-06 1
6.793000000726579e-06 0
6.808000000191328e-06 1
6.808000000191328e-06 0
6.844000001393624e-06 1
6.844000001393624e-06 0
6.874000000323122e-06 1
6.874000000323122e-06 0
6.875000000405862e-06 1
6.876000000488602e-06 2
6.877000000571343e-06 3
6.878000000654083e-06 4
6.8790000007368235e-06 5
6.880000000819564e-06 6
6.881000000902304e-06 7
6.882000000985045e-06 8
6.883000001067785e-06 9
6.884000001150525e-06 10
6.88799999970513e-06 11
6.914000000080023e-06 12
6.915000000162763e-06 13
6.9160000002455035e-06 14
6.917000000328244e-06 15
6.918000000410984e-06 16
6.9480000011168386e-06 17
6.949000001199579e-06 18
6.950000001282319e-06 19
6.95100000136506e-06 20
6.951999999671443e-06 21
6.952999999754184e-06 22
6.953999999836924e-06 23
6.954999999919664e-06 24
6.964000000664328e-06 23
6.985000000625519e-06 24
6.986000000708259e-06 25
7.016000001414113e-06 26
7.016999999720497e-06 27
7.017999999803237e-06 28
7.0189999998859776e-06 29
7.019999999968718e-06 30
7.021000000051458e-06 31
7.022000000134199e-06 32
7.023000000216939e-06 33
7.024000000299679e-06 34
7.02500000038242e-06 35
7.02600000046516e-06 36
7.0270000005479005e-06 37
7.028000000630641e-06 38
7.0690000004702824e-06 39
7.070000000553023e-06 40
7.071000000635763e-06 41
7.0720000007185035e-06 42
7.083999999935031e-06 41
7.088000000265993e-06 40
7.092000000596954e-06 39
7.096000000927916e-06 38
7.100000001258877e-06 37
7.102000001424358e-06 38
7.102999999730741e-06 39
7.103999999813482e-06 38
7.108000000144443e-06 37
7.112000000475405e-06 36
7.116000000806366e-06 35
7.120000001137328e-06 34
7.123999999691932e-06 33
7.133000000436596e-06 34
7.134000000519336e-06 35
7.135000000602076e-06 36
7.165000001307931e-06 37
7.166000001390671e-06 38
7.166999999697055e-06 39
7.167999999779795e-06 40
7.198000000485649e-06 41
7.19900000056839e-06 42
7.229000001274244e-06 43
7.230000001356984e-06 44
7.244000000738993e-06 43
7.260000000286482e-06 44
7.261000000369222e-06 45
7.291000001075076e-06 46
7.292000001157817e-06 47
7.293000001240557e-06 48
7.2940000013232975e-06 49
7.295000001406038e-06 50
7.325000000335535e-06 51
7.326000000418276e-06 52
7.327000000501016e-06 53
7.35700000120687e-06 54
7.364000000009696e-06 53
7.368000000340658e-06 52
7.372000000671619e-06 51
7.3760000010025806e-06 50
7.380000001333542e-06 49
7.387000000136368e-06 50
7.417000000842222e-06 51
7.4469999997717196e-06 52
7.477000000477574e-06 53
7.5000000006042455e-06 52
7.504000000935207e-06 51
7.507000001183428e-06 52
7.5080000012661685e-06 51
7.511999999820773e-06 50
7.516000000151735e-06 49
7.520000000482696e-06 48
7.524000000813658e-06 47
7.528000001144619e-06 46
7.537000000112926e-06 47
7.56700000081878e-06 48
7.596999999748277e-06 49
7.627000000454132e-06 50
7.648000000415323e-06 49
7.652000000746284e-06 48
7.657000001159986e-06 49
7.75800000063498e-06 50
7.772000000016988e-06 49
7.776000000347949e-06 48
7.78000000067891e-06 47
7.784000001009872e-06 46
7.788000001340833e-06 45
7.791999999895438e-06 44
7.7960000002264e-06 43
7.800000000557361e-06 42
7.804000000888323e-06 41
7.808000001219284e-06 40
7.811999999773889e-06 39
7.81600000010485e-06 38
7.820000000435812e-06 37
7.824000000766773e-06 38
7.855999999861751e-06 39
7.891000000981307e-06 40
7.920999999910805e-06 41
7.939999999706515e-06 40
7.944000000037477e-06 39
7.948000000368438e-06 38
7.95100000061666e-06 39
7.9520000006994e-06 38
7.981000001322514e-06 39
8.011000000252011e-06 40
8.041000000957865e-06 41
8.070999999887363e-06 42
8.071999999970103e-06 41
8.076000000301065e-06 40
8.101000000593217e-06 41
8.131000001299071e-06 42
8.161000000228569e-06 43
8.191000000934423e-06 44
8.196000001348125e-06 43
8.19999999990273e-06 42
8.20300000015095e-06 43
8.204000000233691e-06 42
8.22099999986392e-06 43
8.251000000569775e-06 44
8.281000001275629e-06 45
8.324000001280751e-06 44
8.327999999835356e-06 43
8.332000000166317e-06 42
8.336000000497279e-06 41
8.34100000091098e-06 42
8.370999999840478e-06 43
8.401000000546333e-06 44
8.455999999767982e-06 43
8.460000000098944e-06 42
8.580000001146004e-06 41
8.583999999700609e-06 40
8.644000001112317e-06 41
8.700000000416708e-06 42
8.70400000074767e-06 41
8.70800000107863e-06 40
8.730000001122562e-06 41
8.770000000879463e-06 42
8.828000000349334e-06 41
8.832000000680296e-06 40
8.836000001011257e-06 39
8.840000001342219e-06 38
8.843999999896823e-06 37
8.859000001137929e-06 38
8.889000000067426e-06 39
8.91900000077328e-06 40
8.948999999702778e-06 41
8.964000000943884e-06 40
8.968000001274845e-06 39
8.97199999982945e-06 38
8.979000000408632e-06 39
9.009000001114487e-06 40
9.039000000043984e-06 41
9.069000000749838e-06 42
9.09200000087651e-06 41
9.098999999679336e-06 42
9.12900000038519e-06 43
9.159000001091044e-06 44
9.189000000020542e-06 45
9.212000000147214e-06 44
9.219000000726396e-06 45
9.24900000143225e-06 46
9.279000000361748e-06 47
9.309000001067602e-06 48
9.332000001194274e-06 47
9.3389999999971e-06 48
9.369000000702954e-06 49
9.399000001408808e-06 50
9.429000000338306e-06 51
9.452000000464977e-06 50
9.45900000104416e-06 51
9.488999999973657e-06 52
9.519000000679512e-06 53
9.549000001385366e-06 54
9.57199999973568e-06 53
9.579000000314863e-06 54
9.692000000782741e-06 53
9.740000001201565e-06 54
9.770000000131063e-06 55
9.784000001289428e-06 56
9.800000000836917e-06 57
9.812000000053445e-06 56
9.861000000555009e-06 57
9.891000001260863e-06 58
9.921000000190361e-06 59
9.932000001100505e-06 58
9.951000000896215e-06 59
9.980999999825713e-06 60
1.0011000000531567e-05 61
1.0041000001237421e-05 62
1.0052000000371208e-05 61
1.0071000000166919e-05 62
1.0101000000872773e-05 63
1.013099999980227e-05 64
1.0161000000508125e-05 65
1.0172000001418269e-05 64
1.0191000001213979e-05 65
1.0221000000143476e-05 66
1.025100000084933e-05 67
1.0280999999778828e-05 68
1.0292000000688972e-05 67
1.0311000000484682e-05 68
1.0341000001190537e-05 69
1.0371000000120034e-05 70
1.0401000000825888e-05 71
1.0411999999959676e-05 70
1.0430999999755386e-05 71
1.046100000046124e-05 72
1.0491000001167095e-05 73
1.0521000000096592e-05 74
1.0532000001006736e-05 73
1.0551000000802446e-05 74
1.0580999999731944e-05 75
1.0611000000437798e-05 76
1.0641000001143652e-05 77
1.065200000027744e-05 76
1.067100000007315e-05 77
1.0701000000779004e-05 78
1.0730999999708501e-05 79
1.0761000000414356e-05 80
1.07720000013245e-05 79
1.079100000112021e-05 80
1.0821000000049708e-05 81
1.0851000000755562e-05 82
1.088099999968506e-05 83
1.0892000000595203e-05 82
1.0911000000390914e-05 83
1.0941000001096768e-05 84
1.0971000000026265e-05 85
1.100100000073212e-05 86
1.1011999999865907e-05 85
1.1030999999661617e-05 86
1.1061000000367471e-05 87
1.1091000001073326e-05 88
1.1098999999958892e-05 89
1.1121000000002823e-05 90
1.1132000000912967e-05 89
1.1151000000708677e-05 90
1.1181000001414532e-05 91
1.1211000000344029e-05 92
1.1241000001049883e-05 93
1.125200000018367e-05 92
1.127099999997938e-05 93
1.1301000000685235e-05 94
1.133100000139109e-05 95
1.1361000000320587e-05 96
1.1372000001230731e-05 95
1.1391000001026441e-05 96
1.1420999999955939e-05 97
1.1451000000661793e-05 98
1.1481000001367647e-05 99
1.1492000000501434e-05 98
1.1511000000297145e-05 99
1.1541000001002999e-05 100
1.1570999999932496e-05 101
1.160100000063835e-05 102
1.1611999999772138e-05 101
1.1613999999937619e-05 102
1.1631000001344205e-05 103
1.1661000000273702e-05 104
1.1691000000979557e-05 105
1.1720999999909054e-05 106
1.1732000000819198e-05 105
1.1751000000614908e-05 106
1.1781000001320763e-05 107
1.181100000025026e-05 108
1.1841000000956114e-05 109
1.1852000000089902e-05 108
1.1870999999885612e-05 109
1.1901000000591466e-05 110
1.193100000129732e-05 111
1.1961000000226818e-05 112
1.1972000001136962e-05 111
1.1991000000932672e-05 112
1.202099999986217e-05 113
1.2051000000568024e-05 114
1.2081000001273878e-05 115
1.2092000000407666e-05 114
1.2111000000203376e-05 115
1.214100000090923e-05 116
1.2170999999838727e-05 117
1.2201000000544582e-05 118
1.2211999999678369e-05 117
1.2231000001250436e-05 118
1.2261000000179934e-05 119
1.2291000000885788e-05 120
1.2320999999815285e-05 121
1.233200000072543e-05 120
1.235100000052114e-05 121
1.2381000001226994e-05 122
1.2411000000156491e-05 123
1.2441000000862346e-05 124
1.2451999999996133e-05 123
1.2470999999791843e-05 124
1.2501000000497697e-05 125
1.2572000001043193e-05 124
1.2636000001009506e-05 125
1.2665999999939004e-05 126
1.2680000001097369e-05 127
1.2692000000313897e-05 126
1.2696000000644858e-05 127
1.275700000036295e-05 128
1.2787000001068805e-05 129
1.2812000001360957e-05 128
1.2816999999998302e-05 129
1.2847000000704156e-05 130
1.287700000141001e-05 131
1.2907000000339508e-05 132
1.293200000063166e-05 131
1.2937000001045362e-05 132
1.296699999997486e-05 133
1.2997000000680714e-05 134
1.3027000001386568e-05 135
1.3051999999902364e-05 134
1.3057000000316066e-05 135
1.308700000102192e-05 136
1.3116999999951418e-05 137
1.3147000000657272e-05 138
1.3172000000949424e-05 137
1.3177000001363126e-05 138
1.3207000000292624e-05 139
1.3237000000998478e-05 140
1.3266999999927975e-05 141
1.3292000000220128e-05 140
1.329700000063383e-05 141
1.3327000001339684e-05 142
1.3357000000269181e-05 143
1.3387000000975036e-05 144
1.3412000001267188e-05 143
1.3416999999904533e-05 144
1.3447000000610387e-05 145
1.3477000001316242e-05 146
1.3507000000245739e-05 147
1.3532000000537892e-05 146
1.3537000000951593e-05 147
1.356699999988109e-05 148
1.3597000000586945e-05 149
1.36270000012928e-05 150
1.3651999999808595e-05 149
1.3657000000222297e-05 150
1.3687000000928151e-05 151
1.3716999999857649e-05 152
1.3747000000563503e-05 153
1.3772000000855655e-05 152
1.3777000001269357e-05 153
1.3807000000198855e-05 154
1.3837000000904709e-05 155
1.3866999999834206e-05 156
1.3892000000126359e-05 155
1.389700000054006e-05 156
1.3927000001245915e-05 157
1.3957000000175412e-05 158
1.3987000000881267e-05 159
1.3994999999766833e-05 160
1.4012000001173419e-05 159
1.4016999999810764e-05 160
1.4047000000516618e-05 161
1.4077000001222473e-05 162
1.410700000015197e-05 163
1.4132000000444123e-05 162
1.4137000000857824e-05 163
1.4166999999787322e-05 164
1.4197000000493176e-05 165
1.422700000119903e-05 166
1.4251999999714826e-05 165
1.4257000000128528e-05 166
1.4287000000834382e-05 167
1.431699999976388e-05 168
1.4347000000469734e-05 169
1.4372000000761886e-05 168
1.4377000001175588e-05 169
1.4407000000105086e-05 170
1.443700000081094e-05 171
1.4466999999740437e-05 172
1.449200000003259e-05 171
1.4497000000446292e-05 172
1.4527000001152146e-05 173
1.4557000000081644e-05 174
1.4587000000787498e-05 175
1.461200000107965e-05 174
1.4616999999716995e-05 175
1.4675000000963223e-05 176
1.470499999989272e-05 177
1.4732000000350354e-05 176
1.4735000000598575e-05 177
1.4765000001304429e-05 178
1.4795000000233927e-05 179
1.4825000000939781e-05 180
1.4852000001397414e-05 179
1.4854999999869278e-05 180
1.4885000000575133e-05 181
1.4915000001280987e-05 182
1.4945000000210484e-05 183
1.4972000000668118e-05 182
1.4975000000916339e-05 183
1.5004999999845836e-05 184
1.503500000055169e-05 185
1.5065000001257545e-05 186
1.5085000001135995e-05 187
1.5091999999938821e-05 186
1.5095000000187042e-05 187
1.5125000000892896e-05 188
1.5154999999822394e-05 189
1.5185000000528248e-05 190
1.5212000000985881e-05 189
1.5215000001234102e-05 190
1.52450000001636e-05 191
1.5275000000869454e-05 192
1.530499999979895e-05 193
1.5332000000256585e-05 192
1.5335000000504806e-05 193
1.5452000001303645e-05 192
1.5470000001016615e-05 193
1.5532000000817447e-05 194
1.5561999999746945e-05 195
1.557200000057435e-05 194
1.557600000090531e-05 195
1.55920000004528e-05 196
1.565300000017089e-05 197
1.5683000000876746e-05 198
1.5691999999845052e-05 197
1.5712999999806243e-05 198
1.5743000000512097e-05 199
1.577300000121795e-05 200
1.580300000014745e-05 201
1.5812000000892112e-05 200
1.5833000000853303e-05 201
1.58629999997828e-05 202
1.5893000000488655e-05 203
1.592300000119451e-05 204
1.5932000000162816e-05 203
1.5953000000124007e-05 204
1.598300000082986e-05 205
1.601299999975936e-05 206
1.6043000000465213e-05 207
1.6052000001209876e-05 206
1.6073000001171067e-05 207
1.6103000000100565e-05 208
1.613300000080642e-05 209
1.6162999999735916e-05 210
1.617200000048058e-05 209
1.619300000044177e-05 210
1.6223000001147625e-05 211
1.6253000000077122e-05 212
1.6283000000782977e-05 213
1.6291999999751283e-05 212
1.6312999999712474e-05 213
1.634300000041833e-05 214
1.6373000001124183e-05 215
1.640300000005368e-05 216
1.6412000000798344e-05 215
1.6433000000759534e-05 216
1.6462999999689032e-05 217
1.6493000000394886e-05 218
1.652300000110074e-05 219
1.6532000000069047e-05 218
1.6553000000030238e-05 219
1.6583000000736092e-05 220
1.661299999966559e-05 221
1.6643000000371444e-05 222
1.6652000001116107e-05 221
1.6673000001077298e-05 222
1.6703000000006796e-05 223
1.673300000071265e-05 224
1.6763000001418504e-05 225
1.677200000038681e-05 224
1.6793000000348002e-05 225
1.6823000001053856e-05 226
1.6852999999983354e-05 227
1.6883000000689208e-05 228
1.689100000135113e-05 229
1.6891999999657514e-05 228
1.6913000001395062e-05 229
1.694300000032456e-05 230
1.6973000001030414e-05 231
1.700299999995991e-05 232
1.7012000000704575e-05 231
1.7033000000665766e-05 232
1.706300000137162e-05 233
1.7093000000301117e-05 234
1.712300000100697e-05 235
1.7131999999975278e-05 234
1.715299999993647e-05 235
1.7183000000642323e-05 236
1.7213000001348178e-05 237
1.7243000000277675e-05 238
1.725200000102234e-05 237
1.727300000098353e-05 238
1.7302999999913027e-05 239
1.733300000061888e-05 240
1.7372000000293042e-05 239
1.738799999984053e-05 240
1.7418000000546385e-05 241
1.7458000000303286e-05 242
1.7492000001340102e-05 241
1.7574000001019385e-05 242
1.7603999999948883e-05 243
1.7612000000610806e-05 242
1.7634000000654737e-05 243
1.766400000136059e-05 244
1.769400000029009e-05 245
1.7724000000995943e-05 246
1.773199999988151e-05 245
1.775399999992544e-05 246
1.7784000000631295e-05 247
1.781400000133715e-05 248
1.7844000000266647e-05 249
1.785200000092857e-05 248
1.78740000009725e-05 249
1.7903999999902e-05 250
1.7934000000607853e-05 251
1.7964000001313707e-05 252
1.7972000000199273e-05 251
1.7994000000243204e-05 252
1.802400000094906e-05 253
1.8053999999878556e-05 254
1.808400000058441e-05 255
1.8092000001246333e-05 254
1.8114000001290265e-05 255
1.8144000000219762e-05 256
1.8174000000925616e-05 257
1.8203999999855114e-05 258
1.8212000000517037e-05 257
1.833199999978774e-05 256
1.833399999995322e-05 257
1.842800000062539e-05 258
1.84520000008348e-05 257
1.847200000071325e-05 258
1.848500000001252e-05 259
1.8548999999978832e-05 260
1.8572000000105504e-05 259
1.8579000000684687e-05 260
1.860900000139054e-05 261
1.8650000001230183e-05 262
1.868000000015968e-05 263
1.8692000001152564e-05 262
1.8710000000865534e-05 263
1.8739999999795032e-05 264
1.8770000000500886e-05 265
1.880000000120674e-05 266
1.8812000000423268e-05 265
1.8830000000136238e-05 266
1.885800000067661e-05 267
1.8860000000842092e-05 268
1.888999999977159e-05 269
1.8920000000477444e-05 270
1.893199999969397e-05 269
1.8950000001183298e-05 270
1.8980000000112796e-05 271
1.901000000081865e-05 272
1.9039999999748147e-05 273
1.9052000000741032e-05 272
1.9070000000454e-05 273
1.9100000001159856e-05 274
1.9130000000089353e-05 275
1.9160000000795208e-05 276
1.9172000000011735e-05 275
1.9189999999724705e-05 276
1.922000000043056e-05 277
1.9250000001136414e-05 278
1.928000000006591e-05 279
1.9292000001058796e-05 278
1.9310000000771765e-05 279
1.9341999999866744e-05 280
1.9407999999998538e-05 281
1.94120000003295e-05 280
1.948999999967782e-05 281
1.9520000000383675e-05 282
1.953200000137656e-05 281
1.955000000108953e-05 282
1.9580000000019027e-05 283
1.961000000072488e-05 284
1.9640000001430735e-05 285
1.9652000000647263e-05 284
1.9670000000360233e-05 285
1.9700000001066087e-05 286
1.9729999999995584e-05 287
1.976000000070144e-05 288
1.9771999999917966e-05 287
1.9787000001159072e-05 288
1.9790000001407293e-05 289
1.982000000033679e-05 290
1.9850000001042645e-05 291
1.9879999999972142e-05 292
1.9892000000965027e-05 291
1.9910000000677996e-05 292
1.994000000138385e-05 293
1.9970000000313348e-05 294
2.0000000001019203e-05 295
2.001200000023573e-05 294
2.00299999999487e-05 295
2.0060000000654554e-05 296
2.009000000136041e-05 297
2.0120000000289906e-05 298
2.013200000128279e-05 297
2.015000000099576e-05 298
2.0179999999925258e-05 299
2.0252000000553494e-05 298
2.028400000142483e-05 299
2.0314000000354326e-05 300
2.0354000000111228e-05 301
2.0371999999824197e-05 300
2.0470000000827326e-05 301
2.0492000000871258e-05 300
2.0525000000048976e-05 301
2.0560000001168532e-05 302
2.059000000009803e-05 303
2.061200000014196e-05 302
2.0625000001217586e-05 303
2.0655000000147083e-05 304
2.0685000000852938e-05 305
2.073200000118902e-05 304
2.0735999999743626e-05 305
2.0818000001199266e-05 306
2.0852000000459725e-05 305
2.0855000000707946e-05 306
2.08850000014138e-05 307
2.0915000000343298e-05 308
2.0945000001049152e-05 309
2.097199999973043e-05 308
2.097499999997865e-05 309
2.1005000000684504e-05 310
2.1035000001390358e-05 311
2.109200000077749e-05 310
2.1103999999994016e-05 311
2.1212000000048192e-05 310
2.1259000000384276e-05 311
2.132400000043333e-05 312
2.1332000001095253e-05 311
2.1354000001139184e-05 312
2.1368000000521192e-05 313
2.1452000000365956e-05 312
2.1470000000078926e-05 313
2.1546000001038124e-05 314
2.1572000001413016e-05 313
2.1581000000381323e-05 314
2.1611000001087177e-05 315
2.1641000000016675e-05 316
2.167100000072253e-05 317
2.169200000068372e-05 316
2.1701000001428383e-05 317
2.173100000035788e-05 318
2.1761000001063735e-05 319
2.1790999999993232e-05 320
2.1811999999954423e-05 319
2.1821000000699087e-05 320
2.185100000140494e-05 321
2.188100000033444e-05 322
2.1911000001040293e-05 323
2.1932000001001484e-05 322
2.194099999996979e-05 323
2.1971000000675645e-05 324
2.20010000013815e-05 325
2.2031000000310996e-05 326
2.2052000000272187e-05 325
2.206100000101685e-05 326
2.2090999999946348e-05 327
2.2121000000652202e-05 328
2.2151000001358057e-05 329
2.2172000001319248e-05 328
2.2181000000287554e-05 329
2.2246000000336608e-05 330
2.229200000058995e-05 329
2.230399999980648e-05 330
2.238600000126212e-05 331
2.2411999999860654e-05 330
2.2416000000191616e-05 331
2.244600000089747e-05 332
2.2475999999826968e-05 333
2.2506000000532822e-05 334
2.2532000000907715e-05 333
2.2536000001238676e-05 334
2.2566000000168174e-05 335
2.2596000000874028e-05 336
2.2625999999803525e-05 337
2.2652000000178418e-05 336
2.265600000050938e-05 337
2.2683000000967013e-05 338
2.2686000001215234e-05 339
2.271600000014473e-05 340
2.2746000000850586e-05 341
2.277200000122548e-05 340
2.2775999999780083e-05 341
2.2806000000485938e-05 342
2.2836000001191792e-05 343
2.286600000012129e-05 344
2.2892000000496182e-05 343
2.2896000000827144e-05 344
2.292599999975664e-05 345
2.2956000000462495e-05 346
2.3011999999766886e-05 345
2.302400000075977e-05 346
2.3132000000813946e-05 345
2.3144000000030474e-05 346
2.319900000102848e-05 347
2.324999999991917e-05 348
2.325200000008465e-05 347
2.3366000000635267e-05 348
2.337200000113171e-05 347
2.3420999999856917e-05 348
2.3456000000976474e-05 349
2.348599999990597e-05 350
2.3492000000402413e-05 349
2.3521000001025527e-05 350
2.3550999999955025e-05 351
2.358100000066088e-05 352
2.3611999999673117e-05 351
2.366100000017468e-05 352
2.3732000000720177e-05 351
2.3751000000515887e-05 352
2.378100000122174e-05 353
2.381100000015124e-05 354
2.3841000000857093e-05 355
2.385199999999088e-05 354
2.387099999978659e-05 355
2.3901000000492445e-05 356
2.39310000011983e-05 357
2.397200000103794e-05 356
2.398400000025447e-05 357
2.4092000000308644e-05 356
2.415900000052318e-05 357
2.4212000001355705e-05 356
2.422000000024127e-05 357
2.4250000000947125e-05 358
2.4264000000329133e-05 359
2.4332000000626408e-05 358
2.4343999999842936e-05 359
2.437400000054879e-05 360
2.4442000000846065e-05 361
2.445199999989711e-05 360
2.4471999999775562e-05 361
2.4502000000481416e-05 362
2.453200000118727e-05 363
2.4541000000155577e-05 364
2.4572000000944172e-05 363
2.45840000001607e-05 364
2.4614000000866554e-05 365
2.464399999979605e-05 366
2.4674000000501906e-05 367
2.4692000000214875e-05 366
2.470400000120776e-05 367
2.4734000000137257e-05 368
2.476400000084311e-05 369
2.479399999977261e-05 370
2.4812000001261936e-05 369
2.4824000000478463e-05 370
2.4854000001184318e-05 371
2.4884000000113815e-05 372
2.491400000081967e-05 373
2.493200000053264e-05 372
2.4943999999749167e-05 373
2.497400000045502e-05 374
2.5004000001160875e-05 375
2.5034000000090373e-05 376
2.5051999999803343e-05 375
2.5064000000796227e-05 376
2.5172000000850403e-05 375
2.5200000001390777e-05 376
2.528200000107006e-05 377
2.5292000000121106e-05 376
2.5311999999999557e-05 377
2.534200000070541e-05 378
2.5372000001411266e-05 379
2.5402000000340763e-05 380
2.5412000001168167e-05 379
2.5432000001046617e-05 380
2.5461999999976115e-05 381
2.549200000068197e-05 382
2.5522000001387823e-05 383
2.553200000043887e-05 382
2.555200000031732e-05 383
2.5579000000774954e-05 384
2.5582000001023175e-05 385
2.5611999999952673e-05 386
2.5633999999996604e-05 387
2.5642000000658527e-05 388
2.5651999999709574e-05 387
2.567200000136438e-05 388
2.570200000029388e-05 389
2.5732000000999733e-05 390
2.576199999992923e-05 391
2.5772000000756634e-05 390
2.5792000000635085e-05 391
2.582200000134094e-05 392
2.5852000000270436e-05 393
2.588200000097629e-05 394
2.5892000000027338e-05 393
2.5911999999905788e-05 394
2.6012000001074398e-05 393
2.6024000000290926e-05 394
2.609500000083642e-05 395
2.61320000003451e-05 394
2.614599999972711e-05 395
2.6252000001392162e-05 394
2.626200000044321e-05 395
2.631699999966486e-05 396
2.6352000000784415e-05 397
2.6372000000662865e-05 396
2.6381999999713912e-05 397
2.6417000000833468e-05 398
2.6446999999762966e-05 399
2.649199999993357e-05 398
2.6556999999982622e-05 399
2.661200000098063e-05 398
2.664700000032383e-05 399
2.6677000001029683e-05 400
2.670699999995918e-05 401
2.6732000000251332e-05 400
2.6737000000665034e-05 401
2.676700000137089e-05 402
2.6797000000300386e-05 403
2.682700000100624e-05 404
2.6852000001298393e-05 403
2.688000000006241e-05 404
2.6972000000569096e-05 403
2.705900000066208e-05 404
2.70919999998398e-05 403
2.7116000000049212e-05 404
2.7160000000137074e-05 405
2.721200000088686e-05 404
2.7332000000157564e-05 403
2.7338000000654006e-05 404
2.7372999999997205e-05 405
2.740800000111676e-05 406
2.7452000001204624e-05 405
2.747999999996864e-05 406
2.7510000000674495e-05 407
2.754000000138035e-05 408
2.7570000000309847e-05 409
2.7572000000475327e-05 408
2.76000000010157e-05 409
2.76299999999452e-05 410
2.7660000000651053e-05 411
2.7690000001356907e-05 412
2.769199999974603e-05 411
2.7720000000286404e-05 412
2.775000000099226e-05 413
2.779200000091464e-05 414
2.781200000079309e-05 413
2.7862000001377396e-05 414
2.7932000000063795e-05 413
2.8009000001105733e-05 414
2.8052000001110855e-05 413
2.8096000001198718e-05 414
2.817200000038156e-05 413
2.8207999999807498e-05 414
2.8238000000513352e-05 415
2.8268000001219207e-05 416
2.829200000142862e-05 415
2.8298000000148704e-05 416
2.832800000085456e-05 417
2.8357999999784056e-05 418
2.838800000048991e-05 419
2.8412000000699322e-05 418
2.8418000001195765e-05 419
2.8448000000125262e-05 420
2.8475000000582895e-05 421
2.8478000000831116e-05 422
2.8507999999760614e-05 423
2.8531999999970026e-05 422
2.8538000000466468e-05 423
2.8613000001342925e-05 424
2.8643000000272423e-05 425
2.8652000001017086e-05 424
2.8673000000978277e-05 425
2.8702999999907775e-05 426
2.873300000061363e-05 427
2.8763000001319483e-05 428
2.877200000028779e-05 427
2.889200000133485e-05 426
2.8991000000644362e-05 427
2.9012000000605553e-05 426
2.9022000001432957e-05 427
2.9042000001311408e-05 428
2.9131999999876257e-05 427
2.9213000001249156e-05 428
2.9248000000592356e-05 429
2.9252000000923317e-05 428
2.9343000001347264e-05 429
2.937200000019402e-05 428
2.949200000124108e-05 427
2.954300000013177e-05 428
2.9573000000837624e-05 429
2.960299999976712e-05 430
2.9612000000511784e-05 429
2.9633000000472975e-05 430
2.966300000117883e-05 431
2.9731999999782488e-05 430
2.9852000000829548e-05 429
2.9972000000100252e-05 428
2.9984000001093136e-05 429
3.0055999999945016e-05 430
3.0092000001147312e-05 429
3.0212000000418016e-05 428
3.0234000000461947e-05 429
3.0268999999805146e-05 430
3.0304000000924702e-05 431
3.033199999968872e-05 430
3.039400000126591e-05 431
3.045200000073578e-05 430
3.046800000028327e-05 431
3.0498000000989123e-05 432
3.052799999991862e-05 433
3.057200000000648e-05 432
3.057300000008922e-05 433
3.068800000072258e-05 434
3.069200000105354e-05 433
3.075800000118534e-05 434
3.081200000032425e-05 433
3.093200000137131e-05 432
3.099200000100666e-05 433
3.105200000064201e-05 432
3.1104000001391796e-05 433
3.1134000000321294e-05 434
3.1171999999912714e-05 433
3.11840000009056e-05 434
3.12240000006625e-05 435
3.1254000001368354e-05 436
3.1292000000959774e-05 435
3.1293000001042515e-05 436
3.132299999997201e-05 437
3.1353000000677866e-05 438
3.1389000000103806e-05 439
3.141200000023048e-05 438
3.151900000020191e-05 439
3.153200000127754e-05 438
3.161800000128778e-05 439
3.165200000054824e-05 438
3.1771999999818945e-05 437
3.1887000000452304e-05 438
3.1892000000866005e-05 437
3.193800000111935e-05 438
3.201200000013671e-05 437
3.2083000000682205e-05 438
3.21090000010571e-05 439
3.213200000118377e-05 438
3.21440000004003e-05 439
3.2239000001155205e-05 440
3.225200000045447e-05 439
3.2371999999725176e-05 438
3.243899999993971e-05 439
3.2492000000772236e-05 438
3.261200000004294e-05 437
3.273200000109e-05 436
3.28019999997764e-05 437
3.2852000000360704e-05 436
3.2972000001407764e-05 435
3.2989000001037994e-05 436
3.309200000067847e-05 435
3.321199999994917e-05 434
3.329000000107385e-05 435
3.333200000099623e-05 434
3.334400000021276e-05 435
3.337400000091861e-05 436
3.3452000000266935e-05 435
3.3572000001313995e-05 434
3.358400000053052e-05 435
3.365400000099328e-05 436
3.36920000005847e-05 435
3.38119999998554e-05 434
3.393200000090246e-05 433
3.3997000000951516e-05 434
3.400000000119974e-05 435
3.4030000000129235e-05 436
3.4052000000173166e-05 435
3.408000000071354e-05 436
3.412000000047044e-05 437
3.4172000001220226e-05 436
3.4184000000436754e-05 437
3.421400000114261e-05 438
3.4244000000072106e-05 439
3.428499999991175e-05 440
3.429200000049093e-05 439
3.436700000136739e-05 440
3.441199999976163e-05 439
3.4415000000009854e-05 440
3.4514000001095724e-05 441
3.4532000000808694e-05 440
3.46520000000794e-05 439
3.477200000112646e-05 438
3.4784000000342985e-05 439
3.489200000039716e-05 438
3.500500000086504e-05 439
3.5011999999667864e-05 438
3.5132000000714925e-05 437
3.5135000000963146e-05 438
3.514399999993145e-05 439
3.520200000117768e-05 440
3.525199999998563e-05 439
3.537200000103269e-05 438
3.549200000030339e-05 437
3.561200000135045e-05 436
3.5732000000621156e-05 435
3.585199999989186e-05 434
3.586000000055378e-05 435
3.597200000093892e-05 434
3.609200000020962e-05 433
3.6212000001256683e-05 432
3.628199999994308e-05 433
3.633200000052739e-05 432
3.645199999979809e-05 431
3.6480000000338464e-05 432
3.655000000080122e-05 433
3.657200000084515e-05 432
3.6692000000115854e-05 431
3.6812000001162914e-05 430
3.689600000100768e-05 431
3.693200000043362e-05 430
3.697600000052148e-05 431
3.701600000027838e-05 432
3.705199999970432e-05 431
3.7064000000697206e-05 432
3.709400000140306e-05 433
3.712400000033256e-05 434
3.717200000075138e-05 433
3.724200000121414e-05 434
3.7292000000022085e-05 433
3.730400000101497e-05 434
3.7410000000903665e-05 435
3.7412000001069146e-05 434
3.743999999983316e-05 435
3.753200000033985e-05 434
3.7544000001332734e-05 435
3.765200000138691e-05 434
3.777200000065761e-05 433
3.778399999987414e-05 434
3.7891999999928316e-05 433
3.79040000009212e-05 434
3.801200000097538e-05 433
3.8024000000191904e-05 434
3.813200000024608e-05 433
3.820500000095706e-05 434
3.825200000129314e-05 433
3.826400000050967e-05 434
3.8372000000563844e-05 433
3.838399999978037e-05 434
3.849199999983455e-05 433
3.8527000000954104e-05 434
3.861200000088161e-05 433
3.8624000000098135e-05 434
3.873200000015231e-05 433
3.885200000119937e-05 432
3.88640000004159e-05 433
3.8972000000470075e-05 432
3.89839999996866e-05 433
3.909199999974078e-05 432
3.910400000073366e-05 433
3.921200000078784e-05 432
3.9224000000004366e-05 433
3.933200000005854e-05 432
3.934400000105143e-05 433
3.9376000000146405e-05 434
3.944600000060916e-05 435
3.94520000011056e-05 434
3.9476000001315015e-05 435
3.9572000000376306e-05 434
3.958400000136919e-05 435
3.964200000083906e-05 436
3.9692000001423366e-05 435
3.981200000069407e-05 434
3.98239999999106e-05 435
3.9931999999964773e-05 434
3.994400000095766e-05 435
4.0052000001011834e-05 434
4.006400000022836e-05 435
4.017200000028254e-05 434
4.018400000127542e-05 435
4.02920000013296e-05 434
4.0304000000546125e-05 435
4.04120000006003e-05 434
4.042399999981683e-05 435
4.0482000001063057e-05 436
4.0531999999871005e-05 435
4.054400000086389e-05 436
4.060200000033376e-05 437
4.0652000000918065e-05 436
4.066400000013459e-05 437
4.072200000138082e-05 438
4.075200000031032e-05 439
4.077200000018877e-05 438
4.0842000000651524e-05 439
4.089200000123583e-05 438
4.0904000000452356e-05 439
4.101200000050653e-05 438
4.102399999972306e-05 439
4.1131999999777236e-05 438
4.114400000077012e-05 439
4.1252000000824296e-05 438
4.1264000000040824e-05 439
4.1372000000095e-05 438
4.138000000075692e-05 439
4.1384000001087884e-05 440
4.149200000114206e-05 439
4.150400000035859e-05 440
4.161200000041276e-05 439
4.162400000140565e-05 440
4.173199999968347e-05 439
4.174000000034539e-05 440
4.174400000067635e-05 441
4.185200000073053e-05 440
4.1863999999947055e-05 441
4.197200000000123e-05 440
4.1984000000994115e-05 441
4.209200000104829e-05 440
4.2212000000318994e-05 439
4.222400000131188e-05 440
4.2271999999954346e-05 441
4.2332000001366055e-05 440
4.23420000004171e-05 441
4.2372000001122956e-05 442
4.245200000063676e-05 441
4.2463999999853286e-05 442
4.257199999990746e-05 441
4.2584000000900346e-05 442
4.2619000000243545e-05 443
4.269200000095452e-05 442
4.270400000017105e-05 443
4.2812000000225225e-05 442
4.288200000068798e-05 443
4.2932000001272286e-05 442
4.305200000054299e-05 441
4.3122000001005745e-05 442
4.317199999981369e-05 441
4.329200000086075e-05 440
4.3412000000131457e-05 439
4.342400000112434e-05 440
4.353200000117852e-05 439
4.3544000000395044e-05 440
4.365200000044922e-05 439
4.366399999966575e-05 440
4.3771999999719924e-05 439
4.378400000071281e-05 440
4.3892000000766984e-05 439
4.390399999998351e-05 440
4.396200000122974e-05 441
4.401200000003769e-05 440
4.402400000103057e-05 441
4.413200000108475e-05 440
4.4144000000301276e-05 441
4.425200000035545e-05 440
4.4264000001348336e-05 441
4.429400000027783e-05 442
4.437200000140251e-05 441
4.438400000061904e-05 442
4.4492000000673215e-05 441
4.450399999988974e-05 442
4.460500000114109e-05 443
4.461199999994392e-05 442
4.463500000007059e-05 443
4.473200000099098e-05 442
4.474400000020751e-05 443
4.485200000026168e-05 442
4.486400000125457e-05 443
4.497200000130874e-05 442
4.498400000052527e-05 443
4.5092000000579446e-05 442
4.521199999985015e-05 441
4.5224000000843034e-05 442
4.533200000089721e-05 441
4.5452000000167914e-05 440
4.54640000011608e-05 441
4.5572000001214974e-05 440
4.569200000048568e-05 439
4.5703999999702205e-05 440
4.581199999975638e-05 439
4.5824000000749265e-05 440
4.593200000080344e-05 439
4.594400000001997e-05 440
4.6052000000074145e-05 439
4.606400000106703e-05 440
4.6172000001121205e-05 439
4.618400000033773e-05 440
4.629200000039191e-05 439
4.6362000000854664e-05 440
4.641199999966261e-05 439
4.653200000070967e-05 438
4.65439999999262e-05 439
4.6651999999980376e-05 438
4.6772000001027436e-05 437
4.6784000000243964e-05 438
4.6841999999713835e-05 439
4.689200000029814e-05 438
4.6904000001291024e-05 439
4.70120000013452e-05 438
4.7020000000230766e-05 439
4.702400000056173e-05 440
4.7132000000615903e-05 439
4.714399999983243e-05 440
4.720200000107866e-05 441
4.725199999988661e-05 440
4.726400000087949e-05 441
4.737200000093367e-05 440
4.7384000000150195e-05 441
4.744200000139642e-05 442
4.749200000020437e-05 441
4.7504000001197255e-05 442
4.761200000125143e-05 441
4.762400000046796e-05 442
4.7732000000522135e-05 441
4.774399999973866e-05 442
4.785199999979284e-05 441
4.786400000078572e-05 442
4.79720000008399e-05 441
4.7984000000056426e-05 442
4.80920000001106e-05 441
4.8104000001103486e-05 442
4.821200000115766e-05 441
4.822400000037419e-05 442
4.828199999984406e-05 443
4.8332000000428366e-05 442
4.834400000142125e-05 443
4.845199999969907e-05 442
4.8464000000691954e-05 443
4.857200000074613e-05 442
4.858399999996266e-05 443
4.869200000001683e-05 442
4.870400000100972e-05 443
4.881200000106389e-05 442
4.89320000003346e-05 441
4.894400000132748e-05 442
4.905200000138166e-05 441
4.9064000000598185e-05 442
4.917200000065236e-05 441
4.918399999986889e-05 442
4.9291999999923064e-05 441
4.9412000000970124e-05 440
4.942400000018665e-05 441
4.953200000024083e-05 440
4.954400000123371e-05 441
4.965200000128789e-05 440
4.977200000055859e-05 439
4.978399999977512e-05 440
4.9891999999829295e-05 439
5.0012000000876355e-05 438
5.002400000009288e-05 439
5.013200000014706e-05 438
5.014400000113994e-05 439
5.025200000119412e-05 438
5.026400000041065e-05 439
5.037200000046482e-05 438
5.038399999968135e-05 439
5.0491999999735526e-05 438
5.050400000072841e-05 439
5.056200000019828e-05 440
5.0612000000782587e-05 439
5.0623999999999114e-05 440
5.073200000005329e-05 439
5.085200000110035e-05 438
5.086400000031688e-05 439
5.0972000000371054e-05 438
5.098400000136394e-05 439
5.1092000001418114e-05 438
5.110400000063464e-05 439
5.121200000068882e-05 438
5.1223999999905345e-05 439
5.133199999995952e-05 438
5.1344000000952406e-05 439
5.1402000000422277e-05 440
5.145200000100658e-05 439
5.146400000022311e-05 440
5.152199999969298e-05 441
5.1572000000277285e-05 440
5.158400000127017e-05 441
5.164200000074004e-05 442
5.1692000001324345e-05 441
5.170400000054087e-05 442
5.181200000059505e-05 441
5.1823999999811576e-05 442
5.193199999986575e-05 441
5.205200000091281e-05 440
5.206400000012934e-05 441
5.2172000000183516e-05 440
5.218000000084544e-05 441
5.21840000011764e-05 442
5.2292000001230576e-05 441
5.2304000000447104e-05 442
5.241200000050128e-05 441
5.242399999971781e-05 442
5.253199999977198e-05 441
5.254400000076487e-05 442
5.2652000000819044e-05 441
5.266400000003557e-05 442
5.277200000008975e-05 441
5.278400000108263e-05 442
5.289200000113681e-05 441
5.2904000000353335e-05 442
5.301200000040751e-05 441
5.3131999999678214e-05 440
5.31440000006711e-05 441
5.320200000014097e-05 442
5.3252000000725275e-05 441
5.32639999999418e-05 442
5.337199999999598e-05 441
5.338400000098886e-05 442
5.349200000104304e-05 441
5.3504000000259566e-05 442
5.356199999972944e-05 443
5.361200000031374e-05 442
5.3620000000975665e-05 443
5.3624000001306626e-05 444
5.37320000013608e-05 443
5.374400000057733e-05 444
5.38020000000472e-05 445
5.3852000000631506e-05 444
5.397199999990221e-05 443
5.399099999969792e-05 444
5.409200000094927e-05 443
5.421200000021997e-05 442
5.422400000121286e-05 443
5.4332000001267033e-05 442
5.434400000048356e-05 443
5.445200000053774e-05 442
5.4463999999754265e-05 443
5.452200000100049e-05 444
5.457199999980844e-05 443
5.4584000000801325e-05 444
5.46920000008555e-05 443
5.470400000007203e-05 444
5.4812000000126204e-05 443
5.482400000111909e-05 444
5.4932000001173265e-05 443
5.494400000038979e-05 444
5.505200000044397e-05 443
5.5063999999660496e-05 444
5.517199999971467e-05 443
5.5184000000707556e-05 444
5.529200000076173e-05 443
5.530399999997826e-05 444
5.5412000000032435e-05 443
5.542400000102532e-05 444
5.5532000001079496e-05 443
5.554400000029602e-05 444
5.56520000003502e-05 443
5.577200000139726e-05 442
5.578400000061379e-05 443
5.589200000066796e-05 442
5.590399999988449e-05 443
5.6011999999938666e-05 442
5.613200000098573e-05 441
5.6144000000202254e-05 442
5.625200000025643e-05 441
5.637200000130349e-05 440
5.638400000052002e-05 441
5.6492000000574194e-05 440
5.650399999979072e-05 441
5.66119999998449e-05 440
5.662400000083778e-05 441
5.673200000089196e-05 440
5.6744000000108485e-05 441
5.685200000016266e-05 440
5.6864000001155546e-05 441
5.692200000062542e-05 442
5.697200000120972e-05 441
5.7092000000480425e-05 440
5.710000000114235e-05 441
5.721199999975113e-05 440
5.722400000074401e-05 441
5.733200000079819e-05 440
5.7344000000014717e-05 441
5.7402000001260944e-05 442
5.745200000006889e-05 441
5.746400000106178e-05 442
5.757200000111595e-05 441
5.758400000033248e-05 442
5.7692000000386656e-05 441
5.770400000137954e-05 442
5.776200000084941e-05 443
5.781199999965736e-05 442
5.7824000000650244e-05 443
5.793200000070442e-05 442
5.794399999992095e-05 443
5.8002000001167175e-05 444
5.8051999999975124e-05 443
5.806400000096801e-05 444
5.8172000001022184e-05 443
5.818400000023871e-05 444
5.824199999970858e-05 445
5.829200000029289e-05 444
5.830400000128577e-05 445
5.841200000133995e-05 444
5.8424000000556475e-05 445
5.853200000061065e-05 444
5.8651999999881355e-05 443
5.866400000087424e-05 444
5.8772000000928415e-05 443
5.878400000014494e-05 444
5.889200000019912e-05 443
5.8904000001192e-05 444
5.901200000124618e-05 443
5.9024000000462706e-05 444
5.913200000051688e-05 443
5.914399999973341e-05 444
5.9251999999787586e-05 443
5.926400000078047e-05 444
5.9372000000834646e-05 443
5.949200000010535e-05 442
5.9504000001098234e-05 443
5.961200000115241e-05 442
5.962400000036894e-05 443
5.973200000042311e-05 442
5.9744000001416e-05 443
5.985199999969382e-05 442
5.997200000074088e-05 441
5.9983999999957405e-05 442
6.009200000001158e-05 441
6.0104000001004465e-05 442
6.021200000105864e-05 441
6.0332000000329344e-05 440
6.034400000132223e-05 441
6.0452000001376405e-05 440
6.05220000000628e-05 441
6.057200000064711e-05 440
6.0583999999863636e-05 441
6.069199999991781e-05 440
6.081200000096487e-05 439
6.08240000001814e-05 440
6.0932000000235575e-05 439
6.094400000122846e-05 440
6.105200000128264e-05 439
6.106400000049916e-05 440
6.117200000055334e-05 439
6.118399999976987e-05 440
6.129199999982404e-05 439
6.130400000081693e-05 440
6.13620000002868e-05 441
6.14120000008711e-05 440
6.142400000008763e-05 441
6.148200000133386e-05 442
6.15320000001418e-05 441
6.154400000113469e-05 442
6.160200000060456e-05 443
6.165200000118887e-05 442
6.166000000007443e-05 443
6.16640000004054e-05 444
6.177200000045957e-05 443
6.17839999996761e-05 444
6.189199999973027e-05 443
6.190400000072316e-05 444
6.201200000077733e-05 443
6.213200000004804e-05 442
6.214400000104092e-05 443
6.22520000010951e-05 442
6.226400000031163e-05 443
6.23720000003658e-05 442
6.238400000135869e-05 443
6.249200000141286e-05 442
6.250400000062939e-05 443
6.261200000068357e-05 442
6.262399999990009e-05 443
6.268200000114632e-05 444
6.273199999995427e-05 443
6.274400000094715e-05 444
6.285200000100133e-05 443
6.286400000021786e-05 444
6.297200000027203e-05 443
6.304200000073479e-05 444
6.309200000131909e-05 443
6.310400000053562e-05 444
6.32120000005898e-05 443
6.322399999980632e-05 444
6.328200000105255e-05 445
6.33319999998605e-05 444
6.345200000090756e-05 443
6.346400000012409e-05 444
6.357200000017826e-05 443
6.358400000117115e-05 444
6.369200000122532e-05 443
6.370400000044185e-05 444
6.381200000049603e-05 443
6.388200000095878e-05 444
6.393199999976673e-05 443
6.405200000081379e-05 442
6.41720000000845e-05 441
6.418400000107738e-05 442
6.429200000113156e-05 441
6.430400000034808e-05 442
6.441200000040226e-05 441
6.442400000139514e-05 442
6.453199999967296e-05 441
6.454000000033489e-05 442
6.454400000066585e-05 443
6.465200000072002e-05 442
6.466399999993655e-05 443
6.477199999999073e-05 442
6.478400000098361e-05 443
6.489200000103779e-05 442
6.490400000025431e-05 443
6.501200000030849e-05 442
6.502400000130137e-05 443
6.513200000135555e-05 442
6.525200000062625e-05 441
6.526399999984278e-05 442
6.537199999989696e-05 441
6.538400000088984e-05 442
6.549200000094402e-05 441
6.561200000021472e-05 440
6.56240000012076e-05 441
6.573200000126178e-05 440
6.585200000053248e-05 439
6.586399999974901e-05 440
6.597199999980319e-05 439
6.598000000046511e-05 440
6.598400000079607e-05 441
6.604200000026594e-05 442
6.609200000085025e-05 441
6.610400000006678e-05 442
6.621200000012095e-05 441
6.622400000111384e-05 442
6.633200000116801e-05 441
6.640199999985441e-05 442
6.645200000043872e-05 441
6.64640000014316e-05 442
6.657199999970942e-05 441
6.669200000075648e-05 440
6.670399999997301e-05 441
6.681200000002718e-05 440
6.682400000102007e-05 441
6.688200000048994e-05 442
6.693200000107424e-05 441
6.694400000029077e-05 442
6.705200000034495e-05 441
6.706400000133783e-05 442
6.71220000008077e-05 443
6.717200000139201e-05 442
6.718400000060853e-05 443
6.729200000066271e-05 442
6.730399999987924e-05 443
6.741199999993341e-05 442
6.74240000009263e-05 443
6.753200000098047e-05 442
6.765200000025118e-05 441
6.766400000124406e-05 442
6.777200000129824e-05 441
6.778400000051477e-05 442
6.789200000056894e-05 441
6.790399999978547e-05 442
6.801199999983965e-05 441
6.802400000083253e-05 442
6.81320000008867e-05 441
6.814400000010323e-05 442
6.825200000015741e-05 441
6.82640000011503e-05 442
6.837200000120447e-05 441
6.8384000000421e-05 442
6.849200000047517e-05 441
6.861199999974588e-05 440
6.862400000073876e-05 441
6.873200000079294e-05 440
6.874400000000946e-05 441
6.885200000006364e-05 440
6.89720000011107e-05 439
6.898400000032723e-05 440
6.90920000003814e-05 439
6.910400000137429e-05 440
6.921200000142846e-05 439
6.922400000064499e-05 440
6.933200000069917e-05 439
6.940200000116192e-05 440
6.945199999996987e-05 439
6.957200000101693e-05 438
6.969200000028763e-05 437
6.970400000128052e-05 438
6.98120000013347e-05 437
6.982400000055122e-05 438
6.99320000006054e-05 437
6.994399999982193e-05 438
7.000200000106815e-05 439
7.00519999998761e-05 438
7.006000000053803e-05 439
7.006400000086899e-05 440
7.012200000033886e-05 441
7.017200000092316e-05 440
7.018400000013969e-05 441
7.029200000019387e-05 440
7.030400000118675e-05 441
7.041200000124093e-05 440
7.042400000045745e-05 441
7.053200000051163e-05 440
7.054399999972816e-05 441
7.065199999978233e-05 440
7.066400000077522e-05 441
7.07720000008294e-05 440
7.078400000004592e-05 441
7.08920000001001e-05 440
7.090000000076202e-05 441
7.101200000114716e-05 440
7.102400000036369e-05 441
7.113200000041786e-05 440
7.114400000141075e-05 441
7.125199999968856e-05 440
7.126400000068145e-05 441
7.137200000073562e-05 440
7.138399999995215e-05 441
7.144200000119838e-05 442
7.149200000000633e-05 441
7.150400000099921e-05 442
7.161200000105339e-05 441
7.162400000026992e-05 442
7.168199999973979e-05 443
7.173200000032409e-05 442
7.174400000131698e-05 443
7.185200000137115e-05 442
7.197200000064186e-05 441
7.198399999985838e-05 442
7.209199999991256e-05 441
7.210400000090544e-05 442
7.221200000095962e-05 441
7.222400000017615e-05 442
7.228200000142238e-05 443
7.233200000023032e-05 442
7.234400000122321e-05 443
7.245200000127738e-05 442
7.257200000054809e-05 441
7.269199999981879e-05 440
7.270400000081167e-05 441
7.281200000086585e-05 440
7.282400000008238e-05 441
7.293200000013655e-05 440
7.294400000112944e-05 441
7.305200000118361e-05 440
7.306400000040014e-05 441
7.317200000045432e-05 440
7.318399999967085e-05 441
7.329199999972502e-05 440
7.33040000007179e-05 441
7.341200000077208e-05 440
7.342399999998861e-05 441
7.353200000004279e-05 440
7.354400000103567e-05 441
7.365200000108985e-05 440
7.366400000030637e-05 441
7.377200000036055e-05 440
7.378400000135343e-05 441
7.389200000140761e-05 440
7.401200000067831e-05 439
7.402399999989484e-05 440
7.413199999994902e-05 439
7.425200000099608e-05 438
7.42640000002126e-05 439
7.437200000026678e-05 438
7.438400000125966e-05 439
7.444200000072954e-05 440
7.449200000131384e-05 439
7.450400000053037e-05 440
7.461200000058454e-05 439
7.462399999980107e-05 440
7.473199999985525e-05 439
7.474000000051717e-05 440
7.485200000090231e-05 439
7.486400000011884e-05 440
7.497200000017301e-05 439
7.509200000122007e-05 438
7.51040000004366e-05 439
7.516199999990647e-05 440
7.521200000049078e-05 439
7.52239999997073e-05 440
7.533199999976148e-05 439
7.534400000075436e-05 440
7.545200000080854e-05 439
7.546400000002507e-05 440
7.55220000012713e-05 441
7.557200000007924e-05 440
7.558400000107213e-05 441
7.56920000011263e-05 440
7.570400000034283e-05 441
7.5812000000397e-05 440
7.593199999966771e-05 439
7.59440000006606e-05 440
7.605200000071477e-05 439
7.60639999999313e-05 440
7.617199999998547e-05 439
7.618400000097836e-05 440
7.629200000103253e-05 439
7.630400000024906e-05 440
7.641200000030324e-05 439
7.642400000129612e-05 440
7.65320000013503e-05 439
7.654400000056683e-05 440
7.6652000000621e-05 439
7.666399999983753e-05 440
7.674300000104495e-05 441
7.67719999998917e-05 440
7.678400000088459e-05 441
7.689200000093876e-05 440
7.701200000020947e-05 439
7.702400000120235e-05 440
7.713200000125653e-05 439
7.714400000047306e-05 440
7.725200000052723e-05 439
7.726399999974376e-05 440
7.737199999979794e-05 439
7.7492000000845e-05 438
7.750400000006152e-05 439
7.76120000001157e-05 438
7.773200000116276e-05 437
7.774400000037929e-05 438
7.785200000043346e-05 437
7.786400000142635e-05 438
7.792200000089622e-05 439
7.797199999970417e-05 438
7.809200000075123e-05 437
7.810399999996775e-05 438
7.821200000002193e-05 437
7.822400000101482e-05 438
7.833200000106899e-05 437
7.834400000028552e-05 438
7.84520000003397e-05 437
7.846000000100162e-05 438
7.846400000133258e-05 439
7.857200000138675e-05 438
7.858400000060328e-05 439
7.864200000007315e-05 440
7.869200000065746e-05 439
7.870399999987399e-05 440
7.876200000112021e-05 441
7.881199999992816e-05 440
7.882400000092105e-05 441
7.893200000097522e-05 440
7.894400000019175e-05 441
7.905200000024593e-05 440
7.906400000123881e-05 441
7.917200000129299e-05 440
7.918400000050951e-05 441
7.929200000056369e-05 440
7.941199999983439e-05 439
7.942400000082728e-05 440
7.953200000088145e-05 439
7.954400000009798e-05 440
7.965200000015216e-05 439
7.977200000119922e-05 438
7.978400000041574e-05 439
7.989200000046992e-05 438
7.990399999968645e-05 439
7.996200000093268e-05 440
8.001199999974062e-05 439
8.002400000073351e-05 440
8.013200000078768e-05 439
8.014400000000421e-05 440
8.020200000125044e-05 441
8.025200000005839e-05 440
8.026400000105127e-05 441
8.037200000110545e-05 440
8.049200000037615e-05 439
8.050400000136904e-05 440
8.061200000142321e-05 439
8.062400000063974e-05 440
8.073200000069392e-05 439
8.074399999991044e-05 440
8.080200000115667e-05 441
8.085199999996462e-05 440
8.08640000009575e-05 441
8.097200000101168e-05 440
8.109200000028238e-05 439
8.121200000132944e-05 438
8.133200000060015e-05 437
8.134399999981667e-05 438
8.145199999987085e-05 437
8.146400000086373e-05 438
8.157200000091791e-05 437
8.158400000013444e-05 438
8.169200000018861e-05 437
8.170000000085054e-05 438
8.17040000011815e-05 439
8.181200000123567e-05 438
8.18240000004522e-05 439
8.193200000050638e-05 438
8.19439999997229e-05 439
8.205199999977708e-05 438
8.206400000076997e-05 439
8.217200000082414e-05 438
8.218400000004067e-05 439
8.229200000009484e-05 438
8.230400000108773e-05 439
8.23620000005576e-05 440
8.24120000011419e-05 439
8.253200000041261e-05 438
8.254400000140549e-05 439
8.260200000087536e-05 440
8.265199999968331e-05 439
8.272200000014607e-05 440
8.277200000073037e-05 439
8.27839999999469e-05 440
8.289200000000108e-05 439
8.290400000099396e-05 440
8.296200000046383e-05 441
8.301200000104814e-05 440
8.30199999999337e-05 441
8.302400000026466e-05 442
8.313200000031884e-05 441
8.314400000131172e-05 442
8.32520000013659e-05 441
8.33720000006366e-05 440
8.349199999990731e-05 439
8.350400000090019e-05 440
8.361200000095437e-05 439
8.36240000001709e-05 440
8.373200000022507e-05 439
8.374400000121796e-05 440
8.385200000127213e-05 439
8.386400000048866e-05 440
8.397200000054283e-05 439
8.409199999981354e-05 438
8.42120000008606e-05 437
8.422400000007713e-05 438
8.43320000001313e-05 437
8.434000000079322e-05 438
8.434400000112419e-05 439
8.445200000117836e-05 438
8.446400000039489e-05 439
8.457200000044907e-05 438
8.45839999996656e-05 439
8.469199999971977e-05 438
8.470400000071265e-05 439
8.481200000076683e-05 438
8.493200000003753e-05 437
8.494400000103042e-05 438
8.50520000010846e-05 437
8.51720000003553e-05 436
8.529200000140236e-05 435
8.530400000061888e-05 436
8.536200000008876e-05 437
8.541200000067306e-05 436
8.553199999994376e-05 435
8.554400000093665e-05 436
8.560200000040652e-05 437
8.565200000099082e-05 436
8.566400000020735e-05 437
8.577200000026153e-05 436
8.578400000125441e-05 437
8.589200000130859e-05 436
8.590400000052512e-05 437
8.601200000057929e-05 436
8.602399999979582e-05 437
8.613199999985e-05 436
8.614400000084288e-05 437
8.625200000089706e-05 436
8.626400000011358e-05 437
8.632200000135981e-05 438
8.637200000016776e-05 437
8.638400000116064e-05 438
8.649200000121482e-05 437
8.650400000043135e-05 438
8.656199999990122e-05 439
8.661200000048552e-05 438
8.673199999975623e-05 437
8.674400000074911e-05 438
8.685200000080329e-05 437
8.686400000001981e-05 438
8.697200000007399e-05 437
8.698400000106687e-05 438
8.709200000112105e-05 437
8.710400000033758e-05 438
8.721200000039175e-05 437
8.733199999966246e-05 436
8.734000000032438e-05 437
8.745200000070952e-05 436
8.746399999992605e-05 437
8.757199999998022e-05 436
8.75840000009731e-05 437
8.769200000102728e-05 436
8.770400000024381e-05 437
8.781200000029799e-05 436
8.788200000076074e-05 437
8.793200000134505e-05 436
8.800200000003144e-05 437
8.805200000061575e-05 436
8.81220000010785e-05 437
8.817199999988645e-05 436
8.818400000087934e-05 437
8.829200000093351e-05 436
8.830400000015004e-05 437
8.841200000020422e-05 436
8.84240000011971e-05 437
8.853200000125128e-05 436
8.85440000004678e-05 437
8.865200000052198e-05 436
8.866399999973851e-05 437
8.877199999979268e-05 436
8.87800000004546e-05 437
8.889200000083974e-05 436
8.890400000005627e-05 437
8.901200000011045e-05 436
8.913200000115751e-05 435
8.925200000042821e-05 434
8.937199999969891e-05 433
8.93840000006918e-05 434
8.949200000074597e-05 433
8.95039999999625e-05 434
8.956200000120873e-05 435
8.961200000001668e-05 434
8.962400000100956e-05 435
8.973200000106374e-05 434
8.974400000028027e-05 435
8.985200000033444e-05 434
8.99720000013815e-05 433
9.00920000006522e-05 432
9.021199999992291e-05 431
9.033200000096997e-05 430
9.045200000024067e-05 429
9.052200000070343e-05 430
9.057200000128773e-05 429
9.05800000001733e-05 430
9.069200000055844e-05 429
9.081199999982914e-05 428
9.082000000049106e-05 429
9.09320000008762e-05 428
9.094400000009273e-05 429
9.100200000133896e-05 430
9.10520000001469e-05 429
9.112200000060966e-05 430
9.117200000119396e-05 429
9.118400000041049e-05 430
9.129200000046467e-05 429
9.141199999973537e-05 428
9.153200000078243e-05 427
9.165200000005314e-05 426
9.17720000011002e-05 425
9.18920000003709e-05 424
9.190400000136378e-05 425
9.201200000141796e-05 424
9.213200000068866e-05 423
9.225199999995937e-05 422
9.237200000100643e-05 421
9.238400000022295e-05 422
9.249200000027713e-05 421
9.250400000127001e-05 422
9.261200000132419e-05 421
9.262400000054072e-05 422
9.27320000005949e-05 421
9.274399999981142e-05 422
9.28519999998656e-05 421
9.297200000091266e-05 420
9.309200000018336e-05 419
9.310400000117625e-05 420
9.316200000064612e-05 421
9.321200000123042e-05 420
9.333200000050113e-05 419
9.334399999971765e-05 420
9.345199999977183e-05 419
9.347599999998124e-05 420
9.357200000081889e-05 419
9.369200000008959e-05 418
9.381200000113665e-05 417
9.382400000035318e-05 418
9.38980000011469e-05 419
9.393200000040736e-05 418
9.394400000140024e-05 419
9.40180000004176e-05 420
9.405199999967806e-05 419
9.406400000067094e-05 420
9.417200000072512e-05 419
9.418399999994165e-05 420
9.429199999999582e-05 419
9.441200000104288e-05 418
9.442400000025941e-05 419
9.448199999972928e-05 420
9.453200000031359e-05 419
9.454400000130647e-05 420
9.465200000136065e-05 419
9.466400000057718e-05 420
9.477200000063135e-05 419
9.478399999984788e-05 420
9.489199999990205e-05 419
9.490400000089494e-05 420
9.501200000094912e-05 419
9.513200000021982e-05 418
9.525200000126688e-05 417
9.52800000000309e-05 418
9.537200000053758e-05 417
9.549199999980829e-05 416
9.561200000085535e-05 415
9.573200000012605e-05 414
9.585200000117311e-05 413
9.597200000044381e-05 412
9.609199999971452e-05 411
9.621200000076158e-05 410
9.633200000003228e-05 409
9.645200000107934e-05 408
9.657200000035004e-05 407
9.66920000013971e-05 406
9.672000000016112e-05 407
9.679400000095484e-05 408
9.681200000066781e-05 407
9.682000000132973e-05 408
9.691400000022554e-05 409
9.693199999993851e-05 408
9.696000000047889e-05 409
9.705200000098557e-05 408
9.707999999974959e-05 409
9.712199999967197e-05 410
9.717200000025628e-05 409
9.718400000124916e-05 410
9.729200000130334e-05 409
9.730400000051986e-05 410
9.733400000122572e-05 411
9.741200000057404e-05 410
9.742399999979057e-05 411
9.745400000049642e-05 412
9.753199999984474e-05 411
9.76520000008918e-05 410
9.77720000001625e-05 409
9.789200000120957e-05 408
9.801200000048027e-05 407
9.813199999975097e-05 406
9.814400000074386e-05 407
9.825200000079803e-05 406
9.826400000001456e-05 407
9.837200000006874e-05 406
9.838400000106162e-05 407
9.84420000005315e-05 408
9.84920000011158e-05 407
9.86120000003865e-05 406
9.868200000084926e-05 407
9.873200000143356e-05 406
9.874400000065009e-05 407
9.885200000070427e-05 406
9.886399999992079e-05 407
9.897199999997497e-05 406
9.909200000102203e-05 405
9.921200000029273e-05 404
9.933200000133979e-05 403
9.94520000006105e-05 402
9.95719999998812e-05 401
9.969200000092826e-05 400
9.981200000019896e-05 399
9.993200000124602e-05 398
9.994400000046255e-05 399
0.00010005200000051673 398
0.00010006399999973326 399
0.00010017199999978743 398
0.00010029200000083449 397
0.00010030400000005102 398
0.00010036200000129725 399
0.0001004120000001052 398
0.00010048200000056795 399
0.00010053200000115226 398
0.00010065200000042296 397
0.00010077199999969366 396
0.00010078400000068655 397
0.00010089200000074072 396
0.00010101200000001143 395
0.00010102400000100431 396
0.00010113200000105849 395
0.00010125200000032919 394
0.00010137200000137625 393
0.00010138400000059278 394
0.00010149200000064695 393
0.00010150399999986348 394
0.00010161199999991766 393
0.00010173200000096472 392
0.00010185200000023542 391
0.0001018640000012283 392
0.00010197200000128248 391
0.00010198400000049901 392
0.00010204199999996888 393
0.00010209200000055318 392
0.00010210399999976971 393
0.00010221199999982389 392
0.00010233200000087095 391
0.00010245200000014165 390
0.00010246000000080357 391
0.00010252200000060441 392
0.00010257200000118871 391
0.00010258400000040524 392
0.00010269200000045942 391
0.00010281199999973012 390
0.00010293200000077718 389
0.00010305200000004788 388
0.00010317200000109494 387
0.00010329200000036565 386
0.00010330400000135853 387
0.00010341200000141271 386
0.00010342400000062923 387
0.00010353200000068341 386
0.00010354399999989994 387
0.00010365199999995411 386
0.00010377200000100117 385
0.00010389200000027188 384
0.00010390400000126476 385
0.00010401200000131894 384
0.00010402400000053547 385
0.00010413200000058964 384
0.00010425199999986035 383
0.00010426400000085323 384
0.0001043220000003231 385
0.0001043720000009074 384
0.00010438400000012393 385
0.00010449200000017811 384
0.00010461200000122517 383
0.0001046240000004417 384
0.00010468199999991157 385
0.00010473200000049587 384
0.00010485199999976658 383
0.00010497200000081364 382
0.00010509200000008434 381
0.0001052120000011314 380
0.0001052819999998178 381
0.0001053320000004021 380
0.00010545199999967281 379
0.00010546400000066569 380
0.00010557200000071987 379
0.0001055839999999364 380
0.00010564200000118262 381
0.00010569199999999057 380
0.00010581200000103763 379
0.00010593200000030834 378
0.0001060520000013554 377
0.0001061720000006261 376
0.00010618399999984263 377
0.0001062919999998968 376
0.00010641200000094386 375
0.00010653200000021457 374
0.00010660200000067732 375
0.00010665200000126163 374
0.00010666400000047815 375
0.00010677200000053233 374
0.00010689199999980303 373
0.0001070120000008501 372
0.0001071320000001208 371
0.00010725200000116786 370
0.00010737200000043856 369
0.00010749199999970926 368
0.00010761200000075632 367
0.00010773200000002703 366
0.00010785200000107409 365
0.00010785999999995965 366
0.00010797200000034479 365
0.00010809200000139185 364
0.00010821200000066256 363
0.00010833199999993326 362
0.00010834400000092614 363
0.00010845200000098032 362
0.00010852199999966672 363
0.00010857200000025102 362
0.00010869200000129808 361
0.00010881200000056879 360
0.0001088810000009488 361
0.00010893199999983949 360
0.00010894400000083238 361
0.00010905200000088655 360
0.00010917200000015725 359
0.00010918400000115014 360
0.00010929200000120431 359
0.00010930400000042084 360
0.00010936199999989071 361
0.00010941200000047502 360
0.00010942399999969155 361
0.00010953199999974572 360
0.00010954000000040764 361
0.0001095440000007386 362
0.00010960200000020848 363
0.00010965200000079278 362
0.00010966400000000931 363
0.00010977200000006349 362
0.00010978400000105637 363
0.00010984200000052624 364
0.00010989200000111055 363
0.00010990400000032707 364
0.00011001200000038125 363
0.00011013200000142831 362
0.00011014400000064484 363
0.00011025200000069901 362
0.00011026399999991554 363
0.00011037199999996972 362
0.0001103840000009626 363
0.00011049200000101678 362
0.0001105040000002333 363
0.00011061200000028748 362
0.00011062400000128036 363
0.00011073200000133454 362
0.00011074400000055107 363
0.00011085200000060524 362
0.00011097199999987595 361
0.00011109200000092301 360
0.00011110400000013954 361
0.00011121200000019371 360
0.0001112240000011866 361
0.00011133200000124077 360
0.0001113440000004573 361
0.00011140199999992717 362
0.00011145200000051148 361
0.000111463999999728 362
0.00011157199999978218 361
0.00011158400000077506 362
0.00011169200000082924 361
0.00011170400000004577 362
0.00011181200000009994 361
0.0001118820000005627 362
0.000111932000001147 361
0.00011194400000036353 362
0.0001120520000004177 361
0.00011217199999968841 360
0.0001121840000006813 361
0.00011229200000073547 360
0.00011236200000119823 361
0.00011241200000000617 360
0.00011242400000099906 361
0.00011253200000105323 360
0.00011254400000026976 361
0.00011265200000032394 360
0.00011266400000131682 361
0.000112772000001371 360
0.00011278000000025656 361
0.0001128920000006417 360
0.00011290399999985823 361
0.00011296200000110446 362
0.0001130119999999124 361
0.00011302400000090529 362
0.00011313200000095947 361
0.00011314400000017599 362
0.00011325200000023017 361
0.00011326400000122305 362
0.00011337200000127723 361
0.00011338400000049376 362
0.00011349200000054793 361
0.00011350399999976446 362
0.00011361199999981864 361
0.00011362400000081152 362
0.0001137320000008657 361
0.00011374400000008222 362
0.0001138520000001364 361
0.00011397200000118346 360
0.00011398400000039999 361
0.00011409200000045416 360
0.00011410399999967069 361
0.00011421199999972487 360
0.00011422400000071775 361
0.00011433200000077193 360
0.00011445200000004263 359
0.00011457200000108969 358
0.00011458400000030622 359
0.0001146920000003604 358
0.00011470400000135328 359
0.00011481200000140745 358
0.00011493200000067816 357
0.00011494399999989469 358
0.00011505199999994886 357
0.00011506400000094175 358
0.00011512200000041162 359
0.00011517200000099592 358
0.00011518400000021245 359
0.00011529200000026663 358
0.00011530400000125951 359
0.00011541200000131369 358
0.00011553200000058439 357
0.00011554399999980092 358
0.00011560200000104714 359
0.00011565199999985509 358
0.00011566400000084798 359
0.00011577200000090215 358
0.00011578400000011868 359
0.00011589200000017286 358
0.00011590400000116574 359
0.00011601200000121992 358
0.00011602400000043644 359
0.00011608199999990632 360
0.00011613200000049062 359
0.00011614399999970715 360
0.00011625199999976132 359
0.00011626400000075421 360
0.00011637200000080838 359
0.00011638400000002491 360
0.00011644200000127114 361
0.00011649200000007909 360
0.00011650400000107197 361
0.00011661200000112615 360
0.00011662400000034268 361
0.00011673200000039685 360
0.00011674400000138974 361
0.00011680200000085961 362
0.00011685199999966756 361
0.00011686400000066044 362
0.00011697200000071462 361
0.00011698399999993114 362
0.00011709199999998532 361
0.0001171040000009782 362
0.00011721200000103238 361
0.00011722400000024891 362
0.00011733200000030308 361
0.00011734400000129597 362
0.00011745200000135014 361
0.00011746400000056667 362
0.00011757200000062085 361
0.00011758000000128277 362
0.00011769199999989155 361
0.00011781200000093861 360
0.00011782400000015514 361
0.00011793200000020931 360
0.0001179440000012022 361
0.00011805200000125637 360
0.00011817200000052708 359
0.0001181839999997436 360
0.00011829199999979778 359
0.00011830400000079067 360
0.00011841200000084484 359
0.00011842400000006137 360
0.00011853200000011554 359
0.0001186020000005783 360
0.0001186520000011626 359
0.00011866400000037913 360
0.00011877200000043331 359
0.00011878400000142619 360
0.00011889199999970401 359
0.00011901200000075107 358
0.0001190239999999676 359
0.00011913200000002178 358
0.00011914400000101466 359
0.00011925200000106884 358
0.00011937200000033954 357
0.00011938400000133242 358
0.0001194420000008023 359
0.0001194920000013866 358
0.00011950400000060313 359
0.0001196120000006573 358
0.00011962399999987383 359
0.00011968200000112006 360
0.00011973199999992801 359
0.00011974400000092089 360
0.00011985200000097507 359
0.0001198640000001916 360
0.00011992199999966147 361
0.00011997200000024577 360
0.00011998400000123866 361
0.00012009200000129283 360
0.00012010400000050936 361
0.00012021200000056353 360
0.00012022399999978006 361
0.00012033199999983424 360
0.00012034000000049616 361
0.00012034400000082712 362
0.0001204520000008813 361
0.00012046400000009783 362
0.000120572000000152 361
0.00012058400000114489 362
0.00012069200000119906 361
0.00012070400000041559 362
0.00012081200000046977 361
0.0001208239999996863 362
0.00012093199999974047 361
0.00012094400000073335 362
0.00012105200000078753 361
0.00012112200000125029 362
0.00012117200000005823 361
0.00012118400000105112 362
0.0001212920000011053 361
0.00012130400000032182 362
0.000121412000000376 361
0.00012142400000136888 362
0.00012148200000083875 363
0.00012153200000142306 362
0.00012154000000030862 363
0.00012154400000063958 364
0.00012165200000069376 363
0.00012166399999991029 364
0.00012177199999996446 363
0.00012178400000095735 364
0.00012184200000042722 365
0.00012189200000101152 364
0.00012201200000028223 363
0.00012202400000127511 364
0.0001221320000013293 363
0.0001222520000006 362
0.00012226399999981652 363
0.00012232200000106275 364
0.0001223719999998707 363
0.00012249200000091776 362
0.00012261200000018846 361
0.00012262400000118134 362
0.00012273200000123552 361
0.00012274400000045205 362
0.00012285200000050622 361
0.00012286399999972275 362
0.00012297199999977693 361
0.0001229840000007698 362
0.000123092000000824 361
0.00012310400000004051 362
0.0001232120000000947 361
0.00012322400000108757 362
0.00012333200000114175 361
0.00012334400000035828 362
0.00012345200000041245 361
0.00012346400000140534 362
0.00012357199999968316 361
0.00012369200000073022 360
0.00012370399999994675 361
0.00012381200000000092 360
0.0001238240000009938 361
0.00012393200000104798 360
0.00012405200000031869 359
0.00012406400000131157 360
0.00012417200000136575 359
0.00012418400000058227 360
0.00012424200000005214 361
0.00012429200000063645 360
0.00012441199999990715 359
0.00012442400000090004 360
0.0001245320000009542 359
0.00012454400000017074 360
0.00012460200000141697 361
0.00012465200000022492 360
0.0001246640000012178 361
0.00012477200000127198 360
0.00012489200000054268 359
0.0001249039999997592 360
0.00012501199999981338 359
0.00012502400000080627 360
0.00012508200000027614 361
0.00012513200000086044 360
0.00012514400000007697 361
0.00012525200000013115 360
0.0001253720000011782 359
0.00012538400000039474 360
0.0001254419999998646 361
0.0001254920000004489 360
0.00012550000000111083 361
0.00012550399999966544 362
0.00012561199999971961 361
0.0001256240000007125 362
0.00012573200000076667 361
0.0001257439999999832 362
0.00012585200000003738 361
0.00012586400000103026 362
0.00012597200000108444 361
0.00012598400000030097 362
0.00012609200000035514 361
0.00012610400000134803 362
0.0001262120000014022 361
0.00012622400000061873 362
0.0001263320000006729 361
0.00012634399999988943 362
0.0001264519999999436 361
0.00012657200000099067 360
0.0001265840000002072 361
0.00012669200000026137 360
0.00012681200000130843 359
0.00012682400000052496 360
0.00012693200000057914 359
0.00012694399999979566 360
0.00012705199999984984 359
0.0001271720000008969 358
0.00012718400000011343 359
0.0001272920000001676 358
0.0001273040000011605 359
0.00012736200000063036 360
0.00012741200000121466 359
0.0001274240000004312 360
0.00012753200000048537 359
0.00012765199999975607 358
0.00012766400000074896 359
0.00012777200000080313 358
0.00012778400000001966 359
0.0001278420000012659 360
0.00012789200000007384 359
0.0001280120000011209 358
0.00012802400000033742 359
0.0001281320000003916 358
0.00012820200000085435 359
0.0001282519999996623 358
0.0001282640000006552 359
0.00012837200000070936 358
0.0001283839999999259 359
0.00012849199999998007 358
0.00012850400000097295 359
0.00012861200000102713 358
0.00012862400000024365 359
0.00012873200000029783 358
0.00012874400000129071 359
0.0001288520000013449 358
0.00012886400000056142 359
0.0001289720000006156 358
0.00012898399999983212 359
0.0001290919999998863 358
0.00012910400000087918 359
0.00012921200000093336 358
0.00012922400000014989 359
0.00012933200000020406 358
0.00012934400000119695 359
0.00012945200000125112 358
0.00012946400000046765 359
0.00012957200000052183 358
0.00012958399999973835 359
0.00012964200000098458 360
0.00012969199999979253 359
0.0001297040000007854 360
0.0001298120000008396 359
0.0001299320000001103 358
0.00012994400000110318 359
0.00013000200000057305 360
0.00013005200000115735 359
0.00013006400000037388 360
0.00013017200000042806 359
0.00013018400000142094 360
0.00013029199999969876 359
0.00013030000000036068 360
0.00013041200000074582 359
0.00013053200000001652 358
0.0001305440000010094 359
0.00013060200000047928 360
0.00013065200000106358 359
0.0001307720000003343 358
0.00013078400000132717 359
0.00013089200000138135 358
0.00013090400000059788 359
0.00013101200000065205 358
0.00013102399999986858 359
0.00013113199999992275 358
0.00013114400000091564 359
0.00013125200000096982 358
0.00013126400000018634 359
0.00013137200000024052 358
0.0001313840000012334 359
0.00013149200000128758 358
0.00013161200000055828 357
0.0001316239999997748 358
0.00013173199999982899 357
0.00013174400000082187 358
0.00013185200000087605 357
0.00013186400000009257 358
0.00013197200000014675 357
0.00013198400000113963 358
0.0001320920000011938 357
0.0001322120000004645 356
0.00013222399999968104 357
0.00013233199999973522 356
0.0001323440000007281 357
0.00013245200000078228 356
0.00013257200000005298 355
0.00013258400000104587 356
0.00013269200000110004 355
0.00013270400000031657 356
0.00013281200000037074 355
0.00013282400000136363 356
0.0001329320000014178 355
0.00013294400000063433 356
0.0001330520000006885 355
0.0001331719999999592 354
0.0001331840000009521 355
0.00013329200000100627 354
0.0001333040000002228 355
0.00013341200000027698 354
0.00013342400000126986 355
0.00013353200000132404 354
0.00013354400000054056 355
0.00013360200000001043 356
0.00013365200000059474 355
0.00013366399999981127 356
0.00013377199999986544 355
0.00013378000000052737 356
0.00013378400000085833 357
0.0001338920000009125 356
0.00013390400000012903 357
0.0001340120000001832 356
0.0001340240000011761 357
0.00013413200000123027 356
0.0001341440000004468 357
0.00013425200000050097 356
0.0001342639999997175 357
0.00013437199999977167 356
0.00013438400000076456 357
0.00013449200000081873 356
0.00013450400000003526 357
0.00013461200000008944 356
0.00013462400000108232 357
0.0001347320000011365 356
0.00013474400000035303 357
0.0001348520000004072 356
0.0001349719999996779 355
0.0001349840000006708 356
0.00013509200000072497 355
0.0001351039999999415 356
0.00013521199999999567 355
0.00013533200000104273 354
0.00013534400000025926 355
0.00013545200000031343 354
0.00013546400000130632 355
0.0001355720000013605 354
0.0001356920000006312 353
0.00013570399999984772 354
0.00013576200000109395 355
0.0001358119999999019 354
0.00013582400000089478 355
0.00013593200000094896 354
0.0001359440000001655 355
0.00013605200000021966 354
0.00013617200000126672 353
0.00013618400000048325 354
0.00013629200000053743 353
0.00013630399999975396 354
0.00013641199999980813 353
0.00013642400000080102 354
0.0001365320000008552 353
0.00013654400000007172 354
0.00013660200000131795 355
0.0001366520000001259 354
0.00013666400000111878 355
0.00013677200000117296 354
0.00013678400000038948 355
0.00013684199999985935 356
0.00013689200000044366 355
0.00013690399999966019 356
0.00013701199999971436 355
0.00013702400000070725 356
0.00013713200000076142 355
0.00013714399999997795 356
0.00013725200000003213 355
0.00013737200000107919 354
0.00013738400000029571 355
0.0001374920000003499 354
0.00013750400000134277 355
0.00013761200000139695 354
0.00013762400000061348 355
0.00013773200000066765 354
0.00013774399999988418 355
0.00013785199999993836 354
0.00013786400000093124 355
0.0001379220000004011 356
0.00013797200000098542 355
0.00013798400000020195 356
0.00013809200000025612 355
0.000138104000001249 356
0.00013821200000130318 355
0.00013828199999998958 356
0.00013833200000057388 355
0.0001383439999997904 356
0.0001384519999998446 355
0.00013846400000083747 356
0.00013850400000059437 357
0.00013857200000089165 356
0.00013858400000010818 357
0.00013869200000016235 356
0.0001388120000012094 355
0.00013882400000042594 356
0.0001388819999998958 357
0.00013893200000048012 356
0.00013894399999969664 357
0.00013905199999975082 356
0.00013917200000079788 355
0.0001391840000000144 356
0.00013929200000006858 355
0.00013941200000111564 354
0.00013942400000033217 355
0.00013953200000038635 354
0.00013954400000137923 355
0.0001396520000014334 354
0.00013966000000031897 355
0.00013966400000064993 356
0.0001397720000007041 355
0.00013978399999992064 356
0.00013989199999997481 355
0.0001399040000009677 356
0.00014001200000102187 355
0.0001400240000002384 356
0.00014013200000029258 355
0.00014014400000128546 356
0.00014025200000133964 355
0.00014026400000055617 356
0.00014032200000002604 357
0.00014037200000061034 356
0.00014049199999988105 355
0.00014050400000087393 356
0.0001406120000009281 355
0.00014062400000014463 356
0.00014068200000139086 357
0.0001407320000001988 356
0.00014085200000124587 355
0.0001408640000004624 356
0.00014097200000051657 355
0.0001409839999997331 356
0.00014109199999978728 355
0.00014110400000078016 356
0.00014121200000083434 355
0.00014122400000005086 356
0.00014133200000010504 355
0.0001414520000011521 354
0.00014146400000036863 355
0.0001415720000004228 354
0.0001415840000014157 355
0.0001416919999996935 354
0.0001417040000006864 355
0.00014181200000074057 354
0.0001418239999999571 355
0.00014193200000001127 354
0.00014205200000105833 353
0.00014206400000027486 354
0.00014217200000032904 353
0.00014218400000132192 354
0.0001422920000013761 353
0.00014230400000059262 354
0.0001424120000006468 353
0.00014242399999986333 354
0.0001425319999999175 353
0.00014254000000057943 354
0.0001425440000009104 355
0.00014265200000096456 354
0.0001426640000001811 355
0.00014277200000023527 354
0.00014289200000128233 353
0.00014290400000049885 354
0.00014296199999996873 355
0.00014301200000055303 354
0.00014313199999982373 353
0.0001432020000002865 354
0.0001432520000008708 353
0.00014326400000008732 354
0.0001433720000001415 353
0.00014338400000113438 354
0.00014349200000118856 353
0.00014361200000045926 352
0.00014373199999972996 351
0.00014374400000072285 352
0.00014385200000077702 351
0.00014386399999999355 352
0.00014397200000004773 351
0.00014398000000070965 352
0.0001439840000010406 353
0.00014404200000051048 354
0.0001440920000010948 353
0.00014410400000031132 354
0.0001442120000003655 353
0.00014422400000135838 354
0.00014433200000141255 353
0.00014434400000062908 354
0.00014440200000009895 355
0.00014445200000068326 354
0.00014457199999995396 353
0.00014469200000100102 352
0.00014470400000021755 353
0.00014481200000027172 352
0.0001448240000012646 353
0.00014493200000131878 352
0.0001449440000005353 353
0.0001450520000005895 352
0.0001450600000012514 353
0.00014506399999980601 354
0.0001451719999998602 353
0.00014518400000085308 354
0.00014529200000090725 353
0.00014530400000012378 354
0.00014541200000017795 353
0.00014543600000038737 354
0.0001454820000006407 355
0.00014553200000122501 354
0.00014554400000044154 355
0.0001456019999999114 356
0.00014565200000049572 355
0.00014572200000095847 356
0.00014577199999976642 355
0.0001457840000007593 356
0.00014589200000081348 355
0.00014590400000003 356
0.00014601200000008419 355
0.00014602400000107707 356
0.00014613200000113125 355
0.00014614400000034777 356
0.00014625200000040195 355
0.00014626400000139483 356
0.00014637199999967265 355
0.00014638400000066554 356
0.0001464920000007197 355
0.00014661199999999042 354
0.0001466240000009833 355
0.00014673200000103748 354
0.000146744000000254 355
0.00014685200000030818 354
0.00014697200000135524 353
0.00014698400000057177 354
0.00014709200000062594 353
0.00014710399999984247 354
0.00014721199999989665 353
0.00014722400000088953 354
0.0001472820000003594 355
0.0001473320000009437 354
0.00014734400000016024 355
0.0001474520000002144 354
0.00014757200000126147 353
0.000147584000000478 354
0.00014769200000053218 353
0.0001477039999997487 354
0.00014781199999980288 353
0.00014782400000079576 354
0.00014793200000084994 353
0.00014805200000012064 352
0.0001481720000011677 351
0.0001482920000004384 350
0.0001483040000014313 351
0.0001483320000001953 352
0.00014837800000044865 353
0.0001484119999997091 352
0.000148424000000702 353
0.00014849799999971935 354
0.00014853200000075617 353
0.0001485439999999727 354
0.00014865200000002687 353
0.00014866400000101976 354
0.00014877200000107393 353
0.00014878400000029046 354
0.00014884199999976033 355
0.00014889200000034464 354
0.0001490120000013917 353
0.00014902400000060823 354
0.0001491320000006624 353
0.00014914399999987893 354
0.0001492519999999331 353
0.000149264000000926 354
0.00014937200000098017 353
0.00014949200000025087 352
0.00014950400000124375 353
0.00014961200000129793 352
0.00014973200000056863 351
0.00014985199999983934 350
0.0001499720000008864 349
0.00015004200000134915 350
0.0001500920000001571 349
0.00015021200000120416 348
0.00015033200000047486 347
0.00015045199999974557 346
0.00015046400000073845 347
0.00015057200000079263 346
0.00015069200000006333 345
0.0001507200000006037 346
0.0001508120000011104 345
0.0001509320000003811 344
0.00015105200000142815 343
0.00015117200000069886 342
0.00015118399999991539 343
0.00015121400000062124 344
0.00015122800000000325 345
0.0001512740000002566 346
0.00015129199999996956 345
0.00015132000000050994 346
0.00015139400000130365 347
0.00015141200000101662 346
0.00015143999999978064 347
0.00015153200000028733 346
0.0001515600000008277 347
0.00015165200000133439 346
0.0001517720000006051 345
0.0001518919999998758 344
0.00015201200000092285 343
0.00015213200000019356 342
0.00015214000000085548 343
0.00015214400000118644 344
0.00015225200000124062 343
0.00015237200000051132 342
0.00015249199999978202 341
0.00015256200000024478 342
0.00015261200000082908 341
0.0001527320000000998 340
0.00015285200000114685 339
0.00015286400000036338 340
0.00015297200000041755 339
0.00015309199999968826 338
0.00015321200000073532 337
0.00015322399999995184 338
0.00015333200000000602 337
0.00015345200000105308 336
0.00015357200000032378 335
0.00015369200000137084 334
0.00015381200000064155 333
0.00015382399999985807 334
0.00015393199999991225 333
0.0001540520000009593 332
0.00015417000000006453 333
0.00015417200000023001 332
0.0001542900000011116 333
0.00015429200000127707 332
0.0001543200000000411 333
0.00015441200000054778 332
0.0001544239999997643 333
0.00015453199999981848 332
0.00015454400000081137 333
0.00015465200000086554 332
0.00015466400000008207 333
0.00015477200000013625 332
0.00015478400000112913 333
0.0001548920000011833 332
0.00015490400000039983 333
0.000155012000000454 332
0.00015504000000099438 333
0.0001551319999997247 332
0.00015525200000077177 331
0.00015537200000004248 330
0.00015549200000108954 329
0.00015561200000036024 328
0.00015562000000102216 329
0.00015562400000135312 330
0.000155682000000823 331
0.0001557320000014073 330
0.000155852000000678 329
0.0001559719999999487 328
0.00015609200000099577 327
0.00015611999999975978 328
0.00015621200000026647 327
0.00015622400000125936 328
0.00015633200000131353 327
0.00015645200000058423 326
0.00015657199999985494 325
0.000156692000000902 324
0.00015671999999966602 325
0.00015676200000136475 326
0.0001568120000001727 325
0.00015693200000121976 324
0.00015705200000049047 323
0.00015706599999987247 324
0.00015717199999976117 323
0.00015718600000091953 324
0.00015721599999984903 325
0.00015724600000055489 326
0.00015729200000080823 325
0.00015730400000002476 326
0.00015741200000007893 325
0.00015742400000107182 326
0.00015745400000000132 327
0.000157532000001126 326
0.0001576520000003967 325
0.00015766400000138958 326
0.0001577719999996674 325
0.00015784200000013016 326
0.00015789200000071446 325
0.00015793600000080232 326
0.00015801199999998516 325
0.00015813200000103222 324
0.00015819600000099854 325
0.00015825200000030293 324
0.0001582640000012958 325
0.00015832200000076568 326
0.00015837200000135 325
0.0001584920000006207 324
0.0001586119999998914 323
0.00015868200000035415 324
0.00015873200000093846 323
0.00015885200000020916 322
0.00015886000000087108 323
0.00015897200000125622 322
0.00015899100000105193 323
0.00015909200000052692 322
0.00015921199999979763 321
0.0001593320000008447 320
0.0001594520000001154 319
0.00015957200000116245 318
0.00015969200000043315 317
0.00015981199999970386 316
0.00015993200000075092 315
0.00015996199999968042 316
0.00016005200000002162 315
0.0001600640000010145 316
0.000160093999999944 317
0.00016017200000106868 316
0.0001601840000002852 317
0.00016029200000033939 316
0.00016041200000138645 315
0.00016042400000060297 316
0.00016053200000065715 315
0.00016065199999992785 314
0.0001607720000009749 313
0.00016089200000024562 312
0.00016101200000129268 311
0.0001610240000005092 312
0.00016113200000056338 311
0.00016125199999983408 310
0.00016126400000082697 311
0.00016137200000088114 310
0.00016138400000009767 311
0.00016149200000015185 310
0.00016150400000114473 311
0.0001615620000006146 312
0.0001616120000011989 311
0.00016162400000041544 312
0.0001617320000004696 311
0.00016174399999968614 312
0.00016185199999974031 311
0.0001618640000007332 312
0.00016197200000078738 311
0.00016209200000005808 310
0.00016221200000110514 309
0.00016233200000037584 308
0.00016234400000136873 309
0.0001624520000014229 308
0.0001625720000006936 307
0.00016258399999991013 308
0.0001626919999999643 307
0.00016281200000101137 306
0.0001628240000002279 307
0.00016293200000028207 306
0.00016305200000132913 305
0.00016317200000059984 304
0.00016318399999981636 305
0.00016329199999987054 304
0.0001633620000003333 305
0.0001634120000009176 304
0.00016342400000013413 305
0.0001635320000001883 304
0.0001635440000011812 305
0.00016365200000123536 304
0.0001636640000004519 305
0.00016377200000050607 304
0.000163780000001168 305
0.00016384200000096882 306
0.00016389199999977677 305
0.00016401200000082383 304
0.00016413200000009454 303
0.00016414400000108742 304
0.0001642520000011416 303
0.00016426400000035812 304
0.0001643720000004123 303
0.00016438400000140518 304
0.0001644380000005441 305
0.00016446800000124995 306
0.000164491999999683 305
0.0001645040000006759 306
0.00016461200000073006 305
0.00016473200000000077 304
0.00016474400000099365 305
0.00016485200000104783 304
0.00016486400000026435 305
0.00016492199999973423 306
0.00016497200000031853 305
0.0001650920000013656 304
0.00016510400000058212 305
0.0001652120000006363 304
0.000165331999999907 303
0.00016534400000089988 304
0.00016540200000036975 305
0.00016545200000095406 304
0.00016546400000017059 305
0.00016557200000022476 304
0.00016569200000127182 303
0.00016570400000048835 304
0.00016581200000054253 303
0.00016593199999981323 302
0.0001659440000008061 303
0.0001660520000008603 302
0.00016606400000007682 303
0.000166172000000131 302
0.00016618400000112388 303
0.00016629200000117805 302
0.00016641200000044876 301
0.00016642000000111068 302
0.00016642399999966528 303
0.0001664930000000453 304
0.00016653199999971946 303
0.00016665200000076652 302
0.00016677200000003722 301
0.00016689200000108428 300
0.00016696199999977068 301
0.000167012000000355 300
0.00016713200000140205 299
0.00016714400000061858 300
0.00016725200000067275 299
0.00016726399999988928 300
0.00016737199999994345 299
0.00016749200000099052 298
0.00016761200000026122 297
0.00016768200000072397 298
0.00016773200000130828 297
0.0001677440000005248 298
0.00016785200000057898 297
0.0001678600000012409 298
0.00016797199999984969 297
0.00016798400000084257 298
0.00016804200000031244 299
0.00016809200000089675 298
0.00016810400000011327 299
0.00016821200000016745 298
0.0001683320000012145 297
0.0001684019999999009 298
0.00016845200000048521 297
0.00016846399999970174 298
0.00016857199999975592 297
0.0001685840000007488 298
0.00016869200000080298 297
0.00016881200000007368 296
0.00016893200000112074 295
0.00016894400000033727 296
0.00016905200000039144 295
0.00016917199999966215 294
0.0001692920000007092 293
0.00016930399999992574 294
0.0001694119999999799 293
0.00016953200000102697 292
0.0001695440000002435 293
0.00016965200000029768 292
0.00016972200000076043 293
0.00016977200000134474 292
0.00016978400000056126 293
0.00016989200000061544 292
0.00016990399999983197 293
0.00017001199999988614 292
0.00017002400000087903 293
0.0001701320000009332 292
0.00017020200000139596 293
0.0001702520000002039 292
0.0001702640000011968 293
0.00017037200000125097 292
0.0001703840000004675 293
0.00017049200000052167 292
0.00017061199999979237 291
0.00017062400000078526 292
0.00017073200000083943 291
0.00017074400000005596 292
0.0001708020000013022 293
0.00017085200000011014 292
0.0001709720000011572 291
0.00017098400000037373 292
0.0001710920000004279 291
0.00017110400000142079 292
0.00017116200000089066 293
0.0001712119999996986 292
0.00017133200000074567 291
0.00017145200000001637 290
0.00017146400000100925 291
0.00017157200000106343 290
0.000171579999999949 291
0.00017158400000027996 292
0.00017169200000033413 291
0.00017170400000132702 292
0.0001718120000013812 291
0.00017182400000059772 292
0.0001719320000006519 291
0.00017194399999986842 292
0.0001720519999999226 291
0.00017206400000091548 292
0.00017217200000096966 291
0.00017229200000024036 290
0.00017230400000123325 291
0.00017241200000128742 290
0.00017242400000050395 291
0.00017253200000055813 290
0.00017254399999977466 291
0.00017265199999982883 290
0.0001727220000002916 291
0.0001727720000008759 290
0.0001728920000001466 289
0.00017290400000113948 290
0.00017301200000119366 289
0.00017302400000041018 290
0.00017308199999988005 291
0.00017313200000046436 290
0.0001731439999996809 291
0.00017325199999973506 290
0.00017337200000078212 289
0.00017338399999999865 290
0.00017349200000005283 289
0.0001735040000010457 290
0.00017356200000051558 291
0.0001736120000010999 290
0.0001737320000003706 289
0.00017374400000136347 290
0.00017385200000141765 289
0.00017386400000063418 290
0.00017392200000010405 291
0.00017397200000068835 290
0.00017398399999990488 291
0.00017409199999995906 290
0.00017410400000095194 291
0.00017421200000100612 290
0.00017422400000022265 291
0.00017433200000027682 290
0.0001743440000012697 291
0.00017445200000132388 290
0.0001744640000005404 291
0.00017457200000059458 290
0.0001745839999998111 291
0.0001746919999998653 290
0.00017470400000085817 291
0.00017481200000091235 290
0.00017482400000012888 291
0.00017493200000018305 290
0.00017494400000117594 291
0.0001750520000012301 290
0.00017506400000044664 291
0.00017517200000050082 290
0.00017529199999977152 289
0.0001753040000007644 290
0.00017541200000081858 289
0.0001754240000000351 290
0.00017553200000008928 289
0.00017565200000113634 288
0.00017566400000035287 289
0.00017572199999982274 290
0.00017577200000040705 289
0.00017578400000139993 290
0.00017589199999967775 289
0.00017590400000067064 290
0.0001760120000007248 289
0.00017613199999999551 288
0.0001761440000009884 289
0.00017620200000045827 290
0.00017625200000104257 289
0.00017625999999992814 290
0.0001762640000002591 291
0.00017637200000031328 290
0.00017644200000077603 291
0.00017649200000136034 290
0.00017661200000063104 289
0.00017662399999984757 290
0.00017673199999990175 289
0.00017674400000089463 290
0.0001768520000009488 289
0.00017686400000016533 290
0.0001769720000002195 289
0.0001769840000012124 290
0.00017709200000126657 289
0.0001771040000004831 290
0.00017721200000053727 289
0.0001772239999997538 290
0.00017733199999980798 289
0.00017734400000080086 290
0.00017745200000085504 289
0.00017746400000007156 290
0.00017757200000012574 289
0.00017758400000111862 290
0.0001776920000011728 289
0.00017770400000038933 290
0.0001778120000004435 289
0.00017782399999966003 290
0.0001779319999997142 289
0.0001779440000007071 290
0.00017800200000017696 291
0.00017805200000076127 290
0.0001780639999999778 291
0.00017817200000003197 290
0.00017829200000107903 289
0.00017830400000029556 290
0.00017836199999976543 291
0.00017841200000034974 290
0.00017842400000134262 291
0.0001785320000013968 290
0.00017854400000061332 291
0.0001786520000006675 290
0.0001787719999999382 289
0.0001787840000009311 290
0.00017889200000098526 289
0.00017896199999967166 290
0.00017901200000025597 289
0.00017902400000124885 290
0.00017913200000130303 289
0.00017914400000051955 290
0.00017925200000057373 289
0.00017926000000123565 290
0.00017926399999979026 291
0.00017937199999984443 290
0.00017938400000083732 291
0.0001794920000008915 290
0.00017950400000010802 291
0.0001796120000001622 290
0.00017962400000115508 291
0.00017973200000120926 290
0.00017974400000042579 291
0.00017985200000047996 290
0.0001798639999996965 291
0.00017997199999975066 290
0.00017998400000074355 291
0.00018009200000079773 290
0.00018010400000001425 291
0.00018021200000006843 290
0.0001802240000010613 291
0.0001803320000011155 290
0.00018034400000033202 291
0.0001804520000003862 290
0.00018057200000143325 289
0.00018069200000070396 288
0.00018070399999992048 289
0.00018081199999997466 288
0.00018093200000102172 287
0.00018094400000023825 288
0.00018105200000029242 287
0.0001810640000012853 288
0.00018117200000133948 287
0.0001812920000006102 286
0.00018130399999982671 287
0.0001814119999998809 286
0.00018148200000034365 287
0.00018153200000092795 286
0.00018154400000014448 287
0.00018165200000019865 286
0.00018166400000119154 287
0.00018177200000124571 286
0.00018178400000046224 287
0.00018189200000051642 286
0.00018190399999973295 287
0.00018201199999978712 286
0.00018202400000078 287
0.00018213200000083418 286
0.0001821440000000507 287
0.00018225200000010489 286
0.00018226400000109777 287
0.00018237200000115195 286
0.00018238400000036847 287
0.00018249200000042265 286
0.00018250400000141553 287
0.00018261199999969335 286
0.00018262400000068624 287
0.0001827320000007404 286
0.00018274399999995694 287
0.00018285200000001112 286
0.000182864000001004 287
0.00018297200000105818 286
0.0001829840000002747 287
0.00018309200000032888 286
0.00018310400000132177 287
0.00018321200000137594 286
0.00018322400000059247 287
0.00018333200000064664 286
0.00018334399999986317 287
0.00018345199999991735 286
0.00018346400000091023 287
0.0001835220000003801 288
0.0001835720000009644 287
0.00018358400000018094 288
0.0001836920000002351 287
0.000183704000001228 288
0.00018381200000128217 287
0.0001838240000004987 288
0.00018393200000055288 287
0.00018405199999982358 286
0.00018406400000081646 287
0.00018417200000087064 286
0.00018429200000014134 285
0.00018430400000113423 286
0.0001843620000006041 287
0.0001844120000011884 286
0.00018442400000040493 287
0.0001845320000004591 286
0.00018454399999967563 287
0.0001846519999997298 286
0.0001846640000007227 287
0.00018472200000019257 288
0.00018477200000077687 287
0.0001847839999999934 288
0.00018489200000004757 287
0.00018490400000104046 288
0.00018501200000109463 287
0.0001850199999999802 288
0.00018502400000031116 289
0.00018513200000036534 288
0.00018514400000135822 289
0.0001852520000014124 288
0.00018526400000062893 289
0.0001853720000006831 288
0.0001854919999999538 287
0.0001855040000009467 288
0.00018561200000100087 287
0.0001856240000002174 288
0.00018573200000027157 287
0.00018574400000126445 288
0.00018580200000073432 289
0.00018585200000131863 288
0.00018586400000053516 289
0.00018597200000058933 288
0.00018609199999986004 287
0.00018610400000085292 288
0.0001861620000003228 289
0.0001862120000009071 288
0.00018622400000012362 289
0.0001863320000001778 288
0.00018634400000117068 289
0.00018645200000122486 288
0.0001864640000004414 289
0.00018657200000049556 288
0.0001865839999997121 289
0.00018669199999976627 288
0.00018670400000075915 289
0.00018681200000081333 288
0.00018688200000127608 289
0.00018693200000008403 288
0.00018694400000107692 289
0.0001870520000011311 288
0.00018706400000034762 289
0.0001871720000004018 288
0.0001872919999996725 287
0.00018730400000066538 288
0.00018741200000071956 287
0.00018742399999993609 288
0.00018753199999999026 287
0.00018754400000098315 288
0.00018765200000103732 287
0.00018766400000025385 288
0.00018777200000030803 287
0.0001877840000013009 288
0.00018789200000135509 287
0.00018790400000057161 288
0.0001880120000006258 287
0.00018802399999984232 288
0.0001881319999998965 287
0.00018814400000088938 288
0.00018825200000094355 287
0.00018837200000021426 286
0.00018838400000120714 287
0.00018849200000126132 286
0.00018850400000047784 287
0.00018861200000053202 286
0.00018873199999980272 285
0.0001887440000007956 286
0.00018885200000084978 285
0.0001888640000000663 286
0.0001889720000001205 285
0.0001889800000007824 286
0.00018909200000116755 285
0.00018910400000038408 286
0.00018921200000043825 285
0.00018922400000143114 286
0.00018933199999970896 285
0.00018945200000075602 284
0.00018946399999997254 285
0.00018957200000002672 284
0.0001895840000010196 285
0.00018969200000107378 284
0.0001897040000002903 285
0.0001898010000012107 286
0.00018981200000034448 285
0.0001898310000001402 286
0.00018993200000139154 285
0.00019005200000066225 284
0.00019006399999987877 285
0.00019017199999993295 284
0.00019018400000092583 285
0.00019029200000098 284
0.00019030400000019654 285
0.00019041200000025071 284
0.0001904240000012436 285
0.00019053200000129777 284
0.0001905440000005143 285
0.00019065200000056848 284
0.0001906600000012304 285
0.000190663999999785 286
0.00019072200000103123 287
0.00019077199999983918 286
0.00019084200000030194 287
0.00019089200000088624 286
0.00019101200000015695 285
0.00019102400000114983 286
0.000191132000001204 285
0.0001912520000004747 284
0.00019126399999969124 285
0.0001913719999997454 284
0.0001913840000007383 285
0.00019149200000079247 284
0.000191504000000009 285
0.00019161200000006318 284
0.00019168200000052593 285
0.00019173200000111024 284
0.00019174400000032676 285
0.00019185200000038094 284
0.00019186400000137382 285
0.000191972000001428 284
0.00019198400000064453 285
0.0001920920000006987 284
0.00019210399999991523 285
0.00019216200000116146 286
0.0001922119999999694 285
0.0001922240000009623 286
0.00019233200000101647 285
0.000192344000000233 286
0.00019245200000028717 285
0.00019246400000128006 286
0.00019257200000133423 285
0.00019258400000055076 286
0.00019269200000060493 285
0.00019281199999987564 284
0.00019282400000086852 285
0.0001929320000009227 284
0.00019294400000013923 285
0.0001930520000001934 284
0.0001930640000011863 285
0.00019317200000124046 284
0.00019329200000051117 283
0.00019341199999978187 282
0.00019342400000077475 283
0.00019348200000024462 284
0.00019353200000082893 283
0.00019354400000004546 284
0.00019355600000103834 285
0.00019365200000009963 284
0.00019366400000109252 285
0.0001937720000011467 284
0.00019378400000036322 285
0.0001938920000004174 284
0.0001940119999996881 283
0.00019402400000068099 284
0.00019413200000073516 283
0.00019425200000000586 282
0.00019426400000099875 283
0.00019437200000105292 282
0.00019438400000026945 283
0.00019449200000032363 282
0.0001945040000013165 283
0.0001946120000013707 282
0.0001947320000006414 281
0.00019474399999985792 282
0.0001948519999999121 281
0.00019486400000090498 282
0.00019497200000095916 281
0.00019498400000017568 282
0.00019509200000022986 281
0.00019521200000127692 280
0.00019522400000049345 281
0.00019533200000054762 280
0.00019534399999976415 281
0.00019545199999981833 280
0.0001954640000008112 281
0.0001955720000008654 280
0.0001956920000001361 279
0.00019581200000118315 278
0.00019582400000039968 279
0.00019588199999986955 280
0.00019593200000045385 279
0.00019605199999972456 278
0.00019606000000038648 279
0.00019617200000077162 278
0.00019618399999998815 279
0.00019629200000004232 278
0.0001963040000010352 279
0.00019637800000005257 280
0.00019641200000108938 279
0.0001964240000003059 280
0.00019645200000084628 281
0.00019653200000036009 280
0.00019654400000135297 281
0.00019660200000082284 282
0.00019665200000140715 281
0.00019666400000062367 282
0.00019677200000067785 281
0.00019678399999989438 282
0.00019689199999994855 281
0.00019690400000094144 282
0.0001970120000009956 281
0.00019702400000021214 282
0.00019713200000026632 281
0.0001971440000012592 282
0.00019720200000072907 283
0.00019725200000131338 282
0.0001972640000005299 283
0.00019737200000058408 282
0.0001973839999998006 283
0.00019749199999985478 282
0.00019761200000090184 281
0.00019762400000011837 282
0.00019773200000017255 281
0.00019774400000116543 282
0.0001978520000012196 281
0.00019786400000043614 282
0.0001979720000004903 281
0.00019798399999970684 282
0.00019809199999976101 281
0.0001981040000007539 282
0.00019821200000080808 281
0.00019833200000007878 280
0.00019845200000112584 279
0.00019846400000034237 280
0.00019857200000039654 279
0.00019869199999966725 278
0.00019870400000066013 279
0.0001987779999996775 280
0.0001988120000007143 279
0.00019882399999993083 280
0.000198931999999985 279
0.0001989440000009779 280
0.00019905200000103207 279
0.00019917200000030277 278
0.00019918400000129566 279
0.0001992739999998605 280
0.00019929200000134983 279
0.00019930400000056636 280
0.00019934800000065422 281
0.00019941200000062054 280
0.00019942399999983706 281
0.00019953199999989124 280
0.00019954400000088413 281
0.0001996520000009383 280
0.000199772000000209 279
0.00019989200000125606 278
0.00020001200000052677 277
0.00020013199999979747 276
0.00020025200000084453 275
0.00020037200000011524 274
0.00020038000000077716 275
0.0002004920000011623 274
0.0002005619999998487 275
0.000200612000000433 274
0.0002007319999997037 273
0.00020085200000075076 272
0.00020088000000129114 273
0.00020097200000002147 272
0.00020100000000056184 273
0.00020104200000048422 274
0.00020109200000106853 273
0.00020121200000033923 272
0.0002013320000013863 271
0.00020134400000060282 272
0.00020137400000130867 273
0.000201452000000657 272
0.0002015719999999277 271
0.00020160000000046807 272
0.0002016740000012618 273
0.00020169200000097476 272
0.00020171999999973877 273
0.00020181200000024546 272
0.00020193200000129252 271
0.00020205200000056323 270
0.00020206399999977975 271
0.00020216999999966845 272
0.00020217199999983393 271
0.000202292000000881 270
0.00020236200000134374 271
0.0002024120000001517 270
0.00020253200000119875 269
0.00020260199999988515 270
0.00020265200000046946 269
0.00020266399999968598 270
0.00020277199999974016 269
0.00020289200000078722 268
0.00020301200000005792 267
0.00020313200000110498 266
0.0002032520000003757 265
0.00020337200000142275 264
0.00020338400000063928 265
0.00020349200000069345 264
0.00020361199999996415 263
0.00020373200000101122 262
0.00020385200000028192 261
0.0002038640000012748 262
0.00020397200000132898 261
0.00020409200000059968 260
0.00020421199999987039 259
0.00020424000000041076 260
0.00020433200000091745 259
0.00020434400000013397 260
0.00020445200000018815 259
0.00020457000000106973 260
0.0002045720000012352 259
0.00020469200000050591 258
0.00020481199999977662 257
0.00020493200000082368 256
0.00020505200000009438 255
0.00020506600000125275 256
0.00020512200000055714 257
0.00020517200000114144 256
0.00020529200000041214 255
0.00020541199999968285 254
0.00020542000000034477 255
0.00020542400000067573 256
0.0002055320000007299 255
0.00020556000000127028 256
0.0002056520000000006 255
0.00020577200000104767 254
0.00020589200000031838 253
0.00020601200000136544 252
0.00020602400000058196 253
0.00020613200000063614 252
0.00020614399999985267 253
0.00020625199999990684 252
0.00020626400000089973 253
0.0002063720000009539 252
0.00020637999999983947 253
0.0002064920000002246 252
0.00020661200000127167 251
0.00020673200000054237 250
0.00020680200000100513 251
0.00020685199999981307 250
0.00020697200000086013 249
0.00020698400000007666 250
0.00020709200000013084 249
0.00020710400000112372 250
0.0002071620000005936 251
0.0002072120000011779 250
0.00020722400000039443 251
0.0002073320000004486 250
0.0002074519999997193 249
0.00020746600000087767 250
0.00020757200000076637 249
0.00020769200000003707 248
0.00020770400000102995 249
0.00020781200000108413 248
0.00020782400000030066 249
0.00020793200000035483 248
0.0002079620000010607 249
0.0002080520000014019 248
0.0002081720000006726 247
0.00020824200000113535 248
0.0002082919999999433 247
0.00020841200000099036 246
0.0002084240000002069 247
0.00020845600000107822 248
0.00020853200000026106 247
0.00020854400000125395 248
0.00020860200000072382 249
0.00020865200000130812 248
0.00020877200000057883 247
0.00020889199999984953 246
0.0002090120000008966 245
0.00020902400000011312 246
0.00020908200000135935 247
0.0002091320000001673 246
0.00020925200000121436 245
0.00020926000000009992 246
0.00020932199999990075 247
0.00020937200000048506 246
0.0002093839999997016 247
0.00020949199999975576 246
0.00020950400000074865 247
0.00020961200000080282 246
0.00020973200000007353 245
0.0002097440000010664 246
0.0002098520000011206 245
0.0002099720000003913 244
0.00021004200000085405 245
0.000210091999999662 244
0.00021021200000070905 243
0.00021022399999992558 244
0.00021033199999997976 243
0.0002103620000006856 244
0.00021045200000102682 243
0.00021057200000029752 242
0.00021069200000134458 241
0.00021081200000061528 240
0.00021085800000086863 241
0.000210931999999886 240
0.00021105200000093305 239
0.00021117200000020375 238
0.0002112920000012508 237
0.00021141200000052152 236
0.00021148200000098427 237
0.00021153199999979222 236
0.00021165200000083928 235
0.00021177200000010998 234
0.00021189200000115704 235
0.00021189200000115704 234
0.00021192200000008654 235
0.00021201000000026227 236
0.00021201200000042775 235
0.00021204000000096812 236
0.00021213199999969845 235
0.0002122520000007455 234
0.00021237200000001621 233
0.00021249200000106327 232
0.00021261200000033398 231
0.00021273200000138104 230
0.00021280200000006744 231
0.00021285200000065174 230
0.00021286399999986827 231
0.00021297199999992245 230
0.0002130920000009695 229
0.00021310400000018603 230
0.0002132120000002402 229
0.0002132240000012331 230
0.00021325800000049355 231
0.00021333200000128727 230
0.00021345200000055797 229
0.0002134639999997745 230
0.00021357199999982868 229
0.00021369200000087574 228
0.00021370400000009226 229
0.00021375400000067657 230
0.00021381200000014644 229
0.00021382000000080836 230
0.00021382400000113932 231
0.0002139320000011935 230
0.0002140019999998799 231
0.0002140520000004642 230
0.00021406399999968073 231
0.0002141719999997349 230
0.00021429200000078197 229
0.00021441200000005267 228
0.00021442400000104556 229
0.00021453200000109973 228
0.00021454400000031626 229
0.00021465200000037044 228
0.0002147720000014175 227
0.00021478400000063402 228
0.0002148920000006882 227
0.00021490399999990473 228
0.0002150119999999589 227
0.00021513200000100596 226
0.0002151440000002225 227
0.00021525200000027667 226
0.00021537200000132373 225
0.00021538400000054025 226
0.00021549200000059443 225
0.00021561199999986513 224
0.0002156820000003279 225
0.0002157320000009122 224
0.00021574400000012872 225
0.0002158520000001829 224
0.00021597200000122996 223
0.00021598400000044649 224
0.00021609200000050066 223
0.00021616200000096342 224
0.00021621199999977136 223
0.00021622400000076425 224
0.00021633200000081843 223
0.00021634400000003495 224
0.00021645200000008913 223
0.00021652200000055188 224
0.0002165720000011362 223
0.0002166920000004069 222
0.00021670400000139978 223
0.0002168119999996776 222
0.00021682000000033952 223
0.00021682400000067048 224
0.00021693200000072466 223
0.00021694399999994118 224
0.00021705199999999536 223
0.00021706400000098824 224
0.00021717200000104242 223
0.00021718400000025895 224
0.00021729200000031312 223
0.00021741200000136018 222
0.0002174240000005767 223
0.0002175320000006309 222
0.00021754399999984741 223
0.0002176519999999016 222
0.00021777200000094865 221
0.00021789200000021935 220
0.00021790400000121224 221
0.00021801200000126641 220
0.00021802400000048294 221
0.00021808199999995281 222
0.00021813200000053712 221
0.00021825199999980782 220
0.0002182640000008007 221
0.00021837200000085488 220
0.0002183840000000714 221
0.00021844200000131764 222
0.00021849200000012559 221
0.00021861200000117265 220
0.00021873200000044335 219
0.00021885199999971405 218
0.0002189220000001768 219
0.0002189720000007611 218
0.00021909200000003182 217
0.00021921200000107888 216
0.0002192240000002954 217
0.00021933200000034958 216
0.00021934400000134247 217
0.00021945200000139664 216
0.00021946400000061317 217
0.00021957200000066734 216
0.00021969199999993805 215
0.00021970400000093093 216
0.0002198120000009851 215
0.00021982400000020164 216
0.0002199320000002558 215
0.00022005200000130287 214
0.00022017200000057358 213
0.0002201839999997901 214
0.00022029199999984428 213
0.00022030400000083716 214
0.00022041200000089134 213
0.00022042400000010787 214
0.00022053200000016204 213
0.0002206520000012091 212
0.00022066400000042563 213
0.0002207720000004798 212
0.00022078399999969633 213
0.0002208919999997505 212
0.00022101200000079757 211
0.00022108200000126033 212
0.00022113200000006827 211
0.00022114400000106116 212
0.00022125200000111533 211
0.00022126400000033186 212
0.00022137200000038604 211
0.0002214920000014331 210
0.00022150400000064963 211
0.0002216120000007038 210
0.00022162399999992033 211
0.0002217319999999745 210
0.00022185200000102157 209
0.0002218640000002381 210
0.00022197200000029227 209
0.00022198400000128515 210
0.00022209200000133933 209
0.00022210400000055586 210
0.00022221200000061003 209
0.00022222399999982656 210
0.00022233199999988074 209
0.00022234000000054266 210
0.00022234400000087362 211
0.0002224520000009278 210
0.00022246400000014432 211
0.0002225720000001985 210
0.00022258400000119138 211
0.00022269200000124556 210
0.0002227040000004621 211
0.00022281200000051626 210
0.0002228239999997328 211
0.00022293199999978697 210
0.00022294400000077985 211
0.00022305200000083403 210
0.00022306400000005056 211
0.00022317200000010473 210
0.00022318400000109762 211
0.0002232420000005675 212
0.0002232920000011518 211
0.00022330400000036832 212
0.0002234120000004225 211
0.00022342400000141538 212
0.0002235319999996932 211
0.00022365200000074026 210
0.00022366399999995679 211
0.00022377200000001096 210
0.00022378400000100385 211
0.00022389200000105802 210
0.00022390400000027455 211
0.00022396199999974442 212
0.00022401200000032873 211
0.0002240240000013216 212
0.00022413200000137579 211
0.00022414400000059231 212
0.0002242520000006465 211
0.00022426399999986302 212
0.0002243719999999172 211
0.00022438400000091008 212
0.00022444200000037995 213
0.00022449200000096425 212
0.00022450400000018078 213
0.00022461200000023496 212
0.00022462400000122784 213
0.00022473200000128202 212
0.00022474400000049854 213
0.00022485200000055272 212
0.00022486399999976925 213
0.00022497199999982342 212
0.0002249840000008163 213
0.00022509200000087048 212
0.000225104000000087 213
0.0002252120000001412 212
0.00022522400000113407 213
0.00022533200000118825 212
0.00022534400000040478 213
0.00022545200000045895 212
0.00022546399999967548 213
0.00022557199999972966 212
0.00022558400000072254 213
0.0002256420000001924 214
0.00022569200000077672 213
0.00022581200000004742 212
0.0002258240000010403 213
0.00022593200000109448 212
0.000225944000000311 213
0.00022600199999978088 214
0.00022605200000036518 213
0.0002260600000010271 214
0.00022606400000135807 215
0.00022617200000141224 214
0.00022618400000062877 215
0.00022629200000068295 214
0.00022630399999989947 215
0.00022641199999995365 214
0.0002265320000010007 213
0.00022654400000021724 214
0.00022665200000027141 213
0.0002266640000012643 214
0.00022672200000073417 215
0.00022677200000131847 214
0.000226784000000535 215
0.00022689200000058918 214
0.00022701199999985988 213
0.00022702400000085277 214
0.00022713200000090694 213
0.00022714400000012347 214
0.00022725200000017765 213
0.0002273720000012247 212
0.00022738400000044123 213
0.0002274920000004954 212
0.00022750399999971194 213
0.0002276119999997661 212
0.000227624000000759 213
0.00022773200000081317 212
0.0002277440000000297 213
0.00022785200000008388 212
0.00022786400000107676 213
0.00022797200000113094 212
0.00022798400000034746 213
0.00022809200000040164 212
0.00022821199999967234 211
0.00022822400000066523 212
0.0002283320000007194 211
0.00022834399999993593 212
0.0002284519999999901 211
0.00022857200000103717 210
0.0002285840000002537 211
0.00022869200000030787 210
0.00022870400000130076 211
0.00022881200000135493 210
0.00022882400000057146 211
0.00022893200000062564 210
0.00022894399999984216 211
0.00022905199999989634 210
0.00022906400000088922 211
0.0002291720000009434 210
0.0002292920000002141 209
0.000229304000001207 210
0.00022941200000126116 209
0.0002294240000004777 210
0.00022953200000053187 209
0.0002295439999997484 210
0.00022965199999980257 209
0.00022966400000079545 210
0.00022977200000084963 209
0.00022978400000006616 210
0.00022989200000012033 209
0.00022990400000111322 210
0.0002300120000011674 209
0.0002301320000004381 208
0.00023014400000143098 209
0.0002302519999997088 208
0.00023026400000070169 209
0.00023032200000017156 210
0.00023037200000075586 209
0.0002303839999999724 210
0.00023044200000121862 211
0.00023049200000002656 210
0.0002305000000006885 211
0.00023050400000101945 212
0.00023061200000107362 211
0.00023062400000029015 212
0.00023073200000034433 211
0.0002307440000013372 212
0.0002308520000013914 211
0.00023086400000060792 212
0.0002309720000006621 211
0.00023104200000112485 212
0.0002310919999999328 211
0.00023110400000092568 212
0.00023121200000097986 211
0.00023122400000019638 212
0.00023133200000025056 211
0.00023134400000124344 212
0.00023145200000129762 211
0.00023146400000051415 212
0.00023157200000056832 211
0.00023158399999978485 212
0.00023164200000103108 213
0.00023169199999983903 212
0.0002318120000008861 211
0.0002319320000001568 210
0.00023194400000114967 211
0.00023205200000120385 210
0.00023206400000042038 211
0.00023217200000047455 210
0.00023218399999969108 211
0.00023229199999974526 210
0.00023230000000040718 211
0.00023230400000073814 212
0.00023241200000079232 211
0.00023242400000000885 212
0.00023253200000006302 211
0.00023265200000111008 210
0.0002326640000003266 211
0.00023277200000038079 210
0.00023289200000142785 209
0.00023301200000069855 208
0.00023302399999991508 209
0.00023313199999996925 208
0.00023314400000096214 209
0.0002332520000010163 208
0.00023326400000023284 209
0.00023337200000028702 208
0.0002333840000012799 209
0.00023339600000049643 210
0.00023349200000133408 209
0.00023361200000060478 208
0.0002336239999998213 209
0.00023373199999987548 208
0.00023374400000086837 209
0.00023385200000092254 208
0.00023386400000013907 209
0.00023397200000019325 208
0.00023398400000118613 209
0.0002340920000012403 208
0.000234212000000511 207
0.00023422399999972754 208
0.00023433199999978171 207
0.0002343440000007746 208
0.00023445200000082878 207
0.0002344640000000453 208
0.00023457200000009948 207
0.00023458400000109236 208
0.00023469200000114654 207
0.00023470400000036307 208
0.00023481200000041724 207
0.00023482400000141013 208
0.00023493199999968795 207
0.00023494400000068083 208
0.00023497400000138668 209
0.000235052000000735 208
0.00023506399999995153 209
0.0002351720000000057 208
0.00023529200000105277 207
0.0002353040000002693 208
0.00023541200000032347 207
0.00023553200000137053 206
0.00023554400000058706 207
0.00023565200000064124 206
0.00023566399999985777 207
0.00023577199999991194 206
0.00023578400000090483 207
0.000235892000000959 206
0.00023590400000017553 207
0.0002360120000002297 206
0.0002360240000012226 207
0.00023613200000127677 206
0.00023614000000016233 207
0.0002361440000004933 208
0.00023625200000054747 207
0.000236263999999764 208
0.00023629200000030437 209
0.00023637199999981817 208
0.00023638400000081106 209
0.00023649200000086523 208
0.00023650400000008176 209
0.00023661200000013594 208
0.00023662400000112882 209
0.000236732000001183 208
0.00023674400000039952 209
0.0002368520000004537 208
0.0002369719999997244 207
0.0002369840000007173 208
0.00023709200000077146 207
0.00023721200000004217 206
0.00023733200000108923 205
0.00023734400000030575 206
0.00023745200000035993 205
0.00023746400000135282 206
0.00023752200000082269 207
0.000237572000001407 206
0.0002376920000006777 205
0.00023770399999989422 206
0.0002378119999999484 205
0.00023793200000099546 204
0.00023794400000021199 205
0.00023800199999968186 206
0.00023805200000026616 205
0.00023817200000131322 204
0.00023818400000052975 205
0.00023829200000058393 204
0.00023830399999980045 205
0.00023841199999985463 204
0.0002384240000008475 205
0.0002385320000009017 204
0.00023854400000011822 205
0.0002386520000001724 204
0.00023866400000116528 205
0.00023872200000063515 206
0.00023877200000121945 205
0.00023889200000049016 204
0.00023890399999970668 205
0.00023901199999976086 204
0.00023902400000075374 205
0.00023908200000022362 206
0.00023913200000080792 205
0.00023914400000002445 206
0.0002391880000001123 207
0.00023925200000007862 206
0.0002392640000010715 207
0.00023937200000112568 206
0.0002393840000003422 207
0.0002394920000003964 206
0.0002395000000010583 207
0.00023950400000138927 208
0.0002396119999996671 207
0.00023962400000065998 208
0.00023973200000071415 207
0.00023974399999993068 208
0.00023985199999998486 207
0.00023986400000097774 208
0.00023997200000103192 207
0.00024004199999971831 208
0.00024009200000030262 207
0.0002401040000012955 208
0.00024021200000134968 207
0.0002402240000005662 208
0.00024033200000062038 207
0.0002403439999998369 208
0.00024041800000063063 209
0.00024045199999989109 208
0.00024057200000093815 207
0.00024058400000015467 208
0.00024069200000020885 207
0.0002408120000012559 206
0.00024082400000047244 207
0.00024089800000126615 208
0.00024093200000052661 207
0.00024094399999974314 208
0.00024105199999979732 207
0.00024117200000084438 206
0.00024129200000011508 205
0.00024141200000116214 204
0.00024153200000043284 203
0.0002416180000004431 204
0.00024165199999970355 203
0.00024166400000069643 204
0.0002417720000007506 203
0.0002418920000000213 202
0.00024201200000106837 201
0.00024208199999975477 202
0.00024213200000033908 201
0.00024225200000138614 200
0.00024237200000065684 199
0.0002424000000011972 200
0.0002424420000011196 201
0.00024249199999992754 200
0.00024252000000046792 201
0.0002426120000009746 200
0.00024263999999973862 201
0.0002427320000002453 200
0.00024276000000078568 201
0.00024285200000129237 200
0.00024297200000056307 199
0.00024300000000110344 200
0.00024309199999983377 199
0.00024316200000029653 200
0.00024321200000088083 199
0.00024331400000043857 200
0.00024333200000015154 199
0.0002434520000011986 198
0.0002435720000004693 197
0.00024364200000093206 198
0.00024369199999974 197
0.0002437940000010741 198
0.00024381200000078707 197
0.00024388200000124982 198
0.00024393200000005777 197
0.00024394400000105065 198
0.00024405200000110483 197
0.00024406400000032136 198
0.00024417200000037553 197
0.00024418000000103746 198
0.0002442920000014226 197
0.0002444120000006933 196
0.000244531999999964 195
0.0002445600000005044 196
0.00024460200000042676 197
0.00024465200000101106 196
0.0002446640000002276 197
0.00024477200000028176 196
0.0002448920000013288 195
0.00024501200000059953 194
0.0002450820000010623 195
0.00024513199999987023 194
0.0002452520000009173 193
0.0002452640000001338 194
0.000245372000000188 193
0.0002453840000011809 194
0.00024549200000123506 193
0.00024561200000050576 192
0.0002456820000009685 193
0.00024573199999977646 192
0.00024574400000076935 193
0.0002458520000008235 192
0.0002459720000000942 191
0.0002459840000010871 192
0.0002460920000011413 191
0.0002462100000002465 192
0.000246212000000412 191
0.0002463319999996827 190
0.0002463400000003446 191
0.00024645200000072975 190
0.00024657200000000046 189
0.00024669000000088204 190
0.0002466920000010475 189
0.00024671999999981153 190
0.0002468120000003182 189
0.0002468400000008586 190
0.000246882000000781 191
0.0002469320000013653 190
0.000247052000000636 189
0.0002471719999999067 188
0.00024729200000095375 187
0.00024741200000022445 186
0.0002475320000012715 185
0.0002476520000005422 184
0.00024766399999975874 185
0.0002477719999998129 184
0.0002477840000008058 185
0.0002478420000002757 186
0.00024789200000086 185
0.0002480120000001307 184
0.00024813200000117774 183
0.00024820199999986414 184
0.00024825200000044845 183
0.00024837199999971915 182
0.0002484920000007662 181
0.00024850399999998274 182
0.00024856200000122897 183
0.0002486120000000369 182
0.000248732000001084 181
0.0002488520000003547 180
0.00024886400000134756 181
0.00024897200000140174 180
0.00024909200000067244 179
0.00024910600000005445 180
0.00024921199999994315 179
0.00024922400000093603 180
0.0002493320000009902 179
0.0002494520000002609 178
0.0002494640000012538 179
0.00024957200000130797 178
0.00024958600000069 179
0.0002496920000005787 178
0.0002497039999997952 179
0.0002498119999998494 178
0.00024982400000084226 179
0.00024993200000089644 178
0.00024994400000011296 179
0.00025005200000016714 178
0.00025006400000116 179
0.0002501720000012142 178
0.00025018400000043073 179
0.0002502920000004849 178
0.00025030000000114683 179
0.00025036200000094766 180
0.0002504119999997556 179
0.0002504240000007485 180
0.00025053200000080267 179
0.0002505440000000192 180
0.00025065200000007337 179
0.00025077200000112043 178
0.00025089200000039114 177
0.000250904000001384 178
0.00025101199999966184 177
0.0002511320000007089 176
0.0002511439999999254 177
0.0002512519999999796 176
0.00025137200000102666 175
0.0002513840000002432 176
0.00025149200000029737 175
0.00025150400000129025 176
0.0002516120000013444 175
0.0002516820000000308 176
0.00025173200000061513 175
0.00025174399999983166 176
0.00025185199999988583 175
0.0002518640000008787 176
0.0002519720000009329 175
0.0002519840000001494 176
0.0002520140000008553 177
0.0002520920000002036 176
0.0002521040000011965 177
0.00025221200000125066 176
0.00025233200000052136 175
0.00025245199999979206 174
0.0002524820000004979 175
0.0002525720000008391 174
0.00025258400000005565 175
0.00025269200000010983 174
0.0002528120000011569 173
0.0002529320000004276 172
0.0002530519999996983 171
0.00025317200000074536 170
0.00025329200000001606 169
0.0002534120000010631 168
0.0002535320000003338 167
0.0002535440000013267 168
0.0002536520000013809 167
0.0002537720000006516 166
0.0002537839999998681 167
0.00025384200000111434 168
0.0002538919999999223 167
0.0002539040000009152 168
0.00025401200000096935 167
0.00025413200000024005 166
0.0002542520000012871 165
0.00025426400000050364 166
0.0002543720000005578 165
0.0002544919999998285 164
0.00025450000000049045 165
0.0002545040000008214 166
0.0002545620000002913 167
0.0002546120000008756 166
0.0002546240000000921 167
0.0002547320000001463 166
0.00025474400000113917 167
0.00025485200000119335 166
0.0002548640000004099 167
0.00025497200000046405 166
0.0002549839999996806 167
0.00025505900000055703 168
0.00025509199999973475 167
0.00025510400000072764 168
0.0002551620000001975 169
0.0002552120000007818 168
0.0002553320000000525 167
0.0002553440000010454 168
0.0002554520000010996 167
0.0002555720000003703 166
0.00025558400000136317 167
0.00025569200000141734 166
0.00025570400000063387 167
0.00025581200000068804 166
0.00025593199999995875 165
0.00025594400000095163 166
0.0002560520000010058 165
0.00025606400000022234 166
0.0002561720000002765 165
0.0002561840000012694 166
0.00025629200000132357 165
0.0002564120000005943 164
0.0002564239999998108 165
0.00025648200000105703 166
0.000256531999999865 165
0.00025665200000091204 164
0.00025666400000012857 165
0.00025677200000018274 164
0.0002568420000006455 165
0.0002568920000012298 164
0.00025690400000044633 165
0.0002570120000005005 164
0.0002571319999997712 163
0.0002571440000007641 164
0.00025725200000081827 163
0.000257372000000089 162
0.00025738400000108186 163
0.00025749200000113603 162
0.00025750400000035256 163
0.00025761200000040674 162
0.0002576820000008695 163
0.00025773199999967744 162
0.0002577440000006703 163
0.0002578520000007245 162
0.00025786399999994103 163
0.0002579719999999952 162
0.0002579840000009881 163
0.00025809200000104227 162
0.00025821200000031297 161
0.00025822400000130585 162
0.00025833200000136003 161
0.00025845200000063073 160
0.00025846399999984726 161
0.00025857199999990144 160
0.0002585840000008943 161
0.0002586920000009485 160
0.000258704000000165 161
0.0002588120000002192 160
0.0002588240000012121 161
0.00025893200000126626 160
0.00025905200000053696 159
0.0002590639999997535 160
0.00025917199999980767 159
0.00025918400000080055 160
0.00025929200000085473 159
0.00025941200000012543 158
0.0002595320000011725 157
0.0002596520000004432 156
0.0002597719999997139 155
0.0002597840000007068 156
0.00025989200000076096 155
0.0002599039999999775 156
0.00026001200000003166 155
0.00026002400000102455 156
0.0002601320000010787 155
0.0002602520000003494 154
0.0002602640000013423 155
0.0002603720000013965 154
0.0002604920000006672 153
0.0002605039999998837 154
0.0002606119999999379 153
0.0002606240000009308 154
0.00026068200000040065 155
0.00026073200000098495 154
0.00026085200000025566 153
0.0002609220000007184 154
0.0002609720000013027 153
0.00026098400000051925 154
0.0002610920000005734 153
0.00026110399999978995 154
0.0002612119999998441 153
0.000261224000000837 154
0.0002613320000008912 153
0.00026133999999977675 154
0.0002613440000001077 155
0.0002614520000001619 154
0.00026146400000115477 155
0.00026157200000120895 154
0.0002615840000004255 155
0.00026164199999989535 156
0.00026169200000047965 155
0.00026181199999975036 154
0.00026182400000074324 155
0.0002619320000007974 154
0.0002620520000000681 153
0.000262064000001061 154
0.0002621720000011152 153
0.0002621840000003317 154
0.0002622920000003859 153
0.00026230400000137877 154
0.00026236200000084864 155
0.00026241200000143294 154
0.00026242400000064947 155
0.00026253200000070365 154
0.0002625439999999202 155
0.00026265199999997435 154
0.00026266400000096723 155
0.0002627720000010214 154
0.00026278400000023794 155
0.0002628920000002921 154
0.000262904000001285 155
0.0002630120000013392 154
0.0002630240000005557 155
0.0002631320000006099 154
0.0002632519999998806 153
0.00026326400000087347 154
0.00026337200000092764 153
0.00026349200000019835 152
0.0002636120000012454 151
0.00026362400000046193 152
0.0002637320000005161 151
0.00026374000000117803 152
0.00026374399999973264 153
0.0002638519999997868 152
0.0002638640000007797 153
0.0002639720000008339 152
0.0002639840000000504 153
0.0002640920000001046 152
0.00026421200000115164 151
0.00026422400000036816 152
0.00026423600000136105 153
0.00026433200000042234 152
0.0002643440000014152 153
0.00026445199999969304 152
0.00026446400000068593 153
0.0002645720000007401 152
0.00026458399999995663 153
0.0002646920000000108 152
0.0002647040000010037 153
0.00026481200000105787 152
0.00026493200000032857 151
0.00026494400000132146 152
0.00026505200000137563 151
0.00026506400000059216 152
0.00026517200000064634 151
0.00026518399999986286 152
0.00026529199999991704 151
0.0002654120000009641 150
0.0002654240000001806 151
0.0002655320000002348 150
0.0002655440000012277 151
0.00026565200000128186 150
0.0002656640000004984 151
0.00026577200000055257 150
0.0002657839999997691 151
0.00026589199999982327 150
0.00026590400000081615 151
0.00026601200000087033 150
0.00026602400000008686 151
0.00026613200000014103 150
0.0002661440000011339 151
0.0002662520000011881 150
0.0002663720000004588 149
0.0002663839999996753 150
0.0002664919999997295 149
0.0002665040000007224 150
0.00026661200000077656 149
0.0002666239999999931 150
0.00026673200000004726 149
0.00026674400000104015 150
0.0002668520000010943 149
0.00026686400000031085 150
0.00026697200000036503 149
0.0002669840000013579 150
0.0002670920000014121 149
0.00026710000000029765 150
0.0002671040000006286 151
0.000267132000001169 152
0.0002672120000006828 151
0.0002672239999998993 152
0.0002673319999999535 151
0.0002673440000009464 152
0.00026745200000100056 151
0.0002674640000002171 152
0.00026757200000027126 151
0.00026758400000126414 152
0.0002676920000013183 151
0.000267812000000589 150
0.00026782399999980555 151
0.0002679319999998597 150
0.0002679440000008526 151
0.0002680520000009068 150
0.0002680640000001233 151
0.0002681720000001775 150
0.0002681840000011704 151
0.00026829200000122455 150
0.0002683040000004411 151
0.00026841200000049525 150
0.0002684239999997118 151
0.00026853199999976596 150
0.00026854400000075884 151
0.000268652000000813 150
0.0002687720000000837 149
0.0002687840000010766 150
0.0002688920000011308 149
0.0002689040000003473 150
0.0002690120000004015 149
0.0002691319999996722 148
0.0002691440000006651 149
0.00026925200000071925 148
0.0002692639999999358 149
0.00026937199999998995 148
0.00026938400000098284 149
0.000269492000001037 148
0.00026950400000025354 149
0.0002696120000003077 148
0.0002696240000013006 149
0.0002697320000013548 148
0.0002697440000005713 149
0.0002698520000006255 148
0.000269863999999842 149
0.0002699719999998962 148
0.00027009200000094324 147
0.00027010400000015977 148
0.000270162000001406 149
0.00027021200000021395 148
0.00027022400000120683 149
0.000270332000001261 148
0.0002704520000005317 147
0.00027046399999974824 148
0.0002705719999998024 147
0.0002705840000007953 148
0.00027064200000026517 149
0.0002706920000008495 148
0.00027069999999973504 149
0.000270704000000066 150
0.0002708120000001202 149
0.00027082400000111306 150
0.00027093200000116724 149
0.00027094400000038377 150
0.00027100199999985364 151
0.00027105200000043794 150
0.00027117199999970865 149
0.00027118400000070153 150
0.0002712420000001714 151
0.0002712920000007557 150
0.00027130399999997223 151
0.0002714120000000264 150
0.00027148200000048917 151
0.00027153200000107347 150
0.00027154400000029 151
0.0002716520000003442 150
0.00027172200000080693 151
0.00027177200000139123 150
0.00027178400000060776 151
0.00027189200000066194 150
0.00027190399999987847 151
0.00027201199999993264 150
0.00027202000000059456 151
0.0002721320000009797 150
0.00027214400000019623 151
0.0002722520000002504 150
0.0002722640000012433 151
0.00027237200000129747 150
0.000272384000000514 151
0.00027249200000056817 150
0.0002725039999997847 151
0.0002725620000010309 152
0.00027261199999983887 151
0.00027273200000088593 150
0.00027274400000010246 151
0.00027285200000015664 150
0.0002728640000011495 151
0.0002729720000012037 150
0.0002729840000004202 151
0.0002730920000004744 150
0.0002732119999997451 149
0.000273224000000738 150
0.00027333200000079216 149
0.0002733440000000087 150
0.0002734020000012549 151
0.00027345200000006287 150
0.0002735380000000731 151
0.00027357200000110993 150
0.00027358400000032645 151
0.00027369200000038063 150
0.0002738120000014277 149
0.0002738979999996616 150
0.0002739320000006984 149
0.0002740519999999691 148
0.00027413799999997934 149
0.00027417200000101616 148
0.00027429200000028686 147
0.0002744120000013339 146
0.0002745320000006046 145
0.00027465199999987533 144
0.0002747720000009224 143
0.0002748920000001931 142
0.0002749160000004025 143
0.00027496200000065585 144
0.00027501200000124015 143
0.00027504000000000417 144
0.00027513200000051086 143
0.00027516000000105123 144
0.00027525199999978156 143
0.00027528000000032193 144
0.0002753220000002443 145
0.0002753720000008286 144
0.000275400000001369 145
0.0002754420000012914 146
0.0002754920000000993 145
0.0002756120000011464 144
0.0002756399999999104 145
0.0002756819999998328 146
0.0002757320000004171 145
0.00027574400000140997 146
0.0002758519999996878 145
0.00027597200000073485 144
0.0002759839999999514 145
0.00027609200000000556 144
0.0002762120000010526 143
0.00027622400000026914 144
0.0002763320000003233 143
0.00027643399999988105 144
0.0002764520000013704 143
0.0002765720000006411 142
0.0002766919999999118 141
0.0002767940000012459 142
0.00027681200000095885 141
0.000276920000001013 142
0.00027693200000022955 141
0.0002770520000012766 140
0.0002770600000001622 141
0.000277121999999963 142
0.0002771720000005473 141
0.00027718399999976384 142
0.000277291999999818 141
0.0002773040000008109 142
0.0002774120000008651 141
0.0002775320000001358 140
0.00027754400000112867 141
0.00027765200000118284 140
0.00027766400000039937 141
0.00027777200000045354 140
0.00027789199999972425 139
0.000277962000000187 140
0.0002780120000007713 139
0.00027802399999998784 140
0.000278132000000042 139
0.00027825200000108907 138
0.0002783720000003598 137
0.00027849200000140684 136
0.00027861200000067754 135
0.00027862399999989407 136
0.00027873199999994824 135
0.0002788520000009953 134
0.00027886400000021183 135
0.000278972000000266 134
0.0002789840000012589 135
0.00027909200000131307 134
0.0002791040000005296 135
0.00027916199999999947 136
0.00027921200000058377 135
0.000279329999999689 136
0.0002793319999998545 135
0.00027945200000090153 134
0.00027957200000017224 133
0.0002796900000010538 134
0.0002796920000012193 133
0.0002797619999999057 134
0.00027981200000049 133
0.00027982399999970653 134
0.0002799319999997607 133
0.0002799440000007536 134
0.00028005200000080777 133
0.0002800640000000243 134
0.00028017200000007847 133
0.00028018400000107135 134
0.00028021400000000085 135
0.00028029200000112553 134
0.00028030400000034206 135
0.00028041200000039623 134
0.00028053199999966694 133
0.0002805440000006598 134
0.0002806020000001297 135
0.000280652000000714 134
0.0002807719999999847 133
0.0002807840000009776 134
0.00028089200000103176 133
0.00028101200000030246 132
0.0002811320000013495 131
0.00028125200000062023 130
0.00028137199999989093 129
0.0002813840000008838 130
0.000281492000000938 129
0.0002815040000001545 130
0.00028156200000140075 131
0.0002816120000002087 130
0.00028173200000125576 129
0.00028180199999994215 130
0.00028185200000052646 129
0.000281863999999743 130
0.00028197199999979716 129
0.0002820920000008442 128
0.00028210400000006075 129
0.0002822120000001149 128
0.0002822260000012733 129
0.000282332000001162 128
0.0002824019999998484 129
0.0002824520000004327 128
0.0002824640000014256 129
0.0002825719999997034 128
0.00028258600000086176 129
0.00028269200000075045 128
0.000282703999999967 129
0.00028281200000002116 128
0.0002829320000010682 127
0.00028294400000028475 128
0.0002830520000003389 127
0.000283172000001386 126
0.0002831840000006025 127
0.0002832920000006567 126
0.0002834119999999274 125
0.00028353200000097445 124
0.000283544000000191 125
0.00028365200000024515 124
0.0002837720000012922 123
0.00028378400000050874 124
0.0002838920000005629 123
0.00028390399999977944 124
0.0002840119999998336 123
0.0002841320000008807 122
0.0002841440000000972 123
0.0002842520000001514 122
0.00028437200000119844 121
0.00028438400000041497 122
0.00028444199999988484 123
0.00028449200000046915 122
0.0002845039999996857 123
0.0002845620000009319 124
0.00028461199999973985 123
0.00028462400000073274 124
0.0002847320000007869 123
0.00028474400000000344 124
0.0002848520000000576 123
0.0002849720000011047 122
0.0002850920000003754 121
0.00028510400000136826 122
0.00028521200000142244 121
0.00028522400000063897 122
0.00028533200000069314 121
0.00028534000000135507 122
0.00028534399999990967 123
0.00028545199999996385 122
0.00028546400000095673 123
0.0002855220000004266 124
0.0002855720000010109 123
0.0002856920000002816 122
0.0002857040000012745 123
0.00028581200000132867 122
0.0002858240000005452 123
0.0002859320000005994 122
0.0002859439999998159 123
0.0002860519999998701 122
0.00028606400000086296 123
0.00028612200000033283 124
0.00028617200000091714 123
0.00028629200000018784 122
0.0002863040000011807 123
0.0002864120000012349 122
0.0002865320000005056 121
0.00028654399999972213 122
0.0002866519999997763 121
0.0002866640000007692 122
0.00028677200000082337 121
0.00028689200000009407 120
0.00028701200000114113 119
0.00028713200000041184 118
0.0002871440000014047 119
0.00028725199999968254 118
0.0002872640000006754 119
0.0002873720000007296 118
0.0002873839999999461 119
0.0002874920000000003 118
0.00028761200000104736 117
0.0002876240000002639 118
0.00028773200000031807 117
0.0002878520000013651 116
0.0002878600000002507 117
0.00028786400000058165 118
0.00028797200000063583 117
0.00028809199999990653 116
0.0002881040000008994 117
0.0002882120000009536 116
0.0002882240000001701 117
0.000288236000001163 118
0.0002883320000002243 117
0.0002883440000012172 118
0.00028845200000127136 117
0.0002884640000004879 118
0.00028857200000054206 117
0.00028869199999981277 116
0.00028870400000080565 117
0.0002888120000008598 116
0.00028882400000007635 117
0.00028893200000013053 116
0.0002889440000011234 117
0.0002890520000011776 116
0.0002890640000003941 117
0.0002891720000004483 116
0.0002891839999996648 117
0.000289291999999719 116
0.0002893040000007119 117
0.00028941200000076606 116
0.0002894239999999826 117
0.00028953200000003676 116
0.00028954400000102964 117
0.0002896520000010838 116
0.0002897720000003545 115
0.0002897840000013474 116
0.0002898920000014016 115
0.0002899040000006181 116
0.0002900120000006723 115
0.0002900239999998888 116
0.000290131999999943 115
0.0002901440000009359 116
0.00029025200000099005 115
0.00029037200000026075 114
0.00029038400000125364 115
0.0002904920000013078 114
0.0002906120000005785 113
0.00029062399999979505 114
0.0002907319999998492 113
0.0002907440000008421 114
0.0002908520000008963 113
0.0002908640000001128 114
0.000290972000000167 113
0.00029098400000115987 114
0.00029109200000121405 113
0.00029121200000048475 112
0.0002912239999997013 113
0.00029133199999975545 112
0.0002913400000004174 113
0.00029134400000074834 114
0.0002914520000008025 113
0.00029146400000001904 114
0.0002915720000000732 113
0.0002915840000010661 114
0.0002916920000011203 113
0.0002917040000003368 114
0.000291812000000391 113
0.0002919319999996617 112
0.00029194400000065457 113
0.00029205200000070874 112
0.00029206399999992527 113
0.00029217199999997945 112
0.00029218400000097233 113
0.0002922920000010265 112
0.00029230400000024304 113
0.0002924120000002972 112
0.00029253200000134427 111
0.0002925440000005608 112
0.000292652000000615 111
0.0002926639999998315 112
0.0002927719999998857 111
0.00029289200000093274 110
0.00029290400000014927 111
0.00029301200000020344 110
0.0002931320000012505 109
0.00029314400000046703 110
0.0002932019999999369 111
0.0002932520000005212 110
0.0002933719999997919 109
0.0002933840000007848 110
0.00029349200000083897 109
0.0002935040000000555 110
0.0002936120000001097 109
0.00029373200000115673 108
0.00029374400000037326 109
0.00029385200000042744 108
0.0002938640000014203 109
0.00029397199999969814 108
0.000293984000000691 109
0.0002940920000007452 108
0.00029410399999996173 109
0.0002942120000000159 108
0.00029433200000106297 107
0.0002943440000002795 108
0.00029445200000033367 107
0.00029446400000132655 108
0.0002945220000007964 109
0.00029457200000138073 108
0.00029458400000059726 109
0.00029469200000065143 108
0.00029470399999986796 109
0.0002947620000011142 110
0.00029481199999992214 109
0.00029482000000058406 110
0.000294824000000915 111
0.0002949320000009692 110
0.0002949440000001857 111
0.0002950520000002399 110
0.0002950640000012328 111
0.00029517200000128696 110
0.0002951840000005035 111
0.00029529200000055766 110
0.0002953039999997742 111
0.00029541199999982837 110
0.00029542400000082125 111
0.00029553200000087543 110
0.00029554400000009196 111
0.00029565200000014613 110
0.0002957720000011932 109
0.0002957840000004097 110
0.0002958920000004639 109
0.0002959039999996804 110
0.00029596200000092665 111
0.0002960119999997346 110
0.0002960240000007275 111
0.0002960720000011463 112
0.00029613200000078166 111
0.00029625200000005236 110
0.0002963720000010994 109
0.00029638400000031595 110
0.0002964920000003701 109
0.000296504000001363 110
0.0002966120000014172 109
0.0002966240000006337 110
0.0002966820000001036 111
0.0002967320000006879 110
0.0002967400000013498 111
0.00029680200000115065 112
0.0002968519999999586 111
0.0002968640000009515 112
0.00029697200000100565 111
0.00029704199999969205 112
0.00029709200000027636 111
0.00029710400000126924 112
0.0002972120000013234 111
0.0002973320000005941 110
0.00029734399999981065 111
0.0002974020000010569 112
0.0002974319999999864 113
0.0002974519999998648 112
0.0002975720000009119 111
0.0002975840000001284 112
0.0002976920000001826 111
0.00029770400000117547 112
0.00029781200000122965 111
0.00029793200000050035 110
0.0002979439999997169 111
0.00029805199999977106 110
0.00029806400000076394 111
0.0002981220000002338 112
0.0002981720000008181 111
0.00029818400000003464 112
0.0002982920000000888 111
0.0002983040000010817 112
0.0002984120000011359 111
0.0002985320000004066 110
0.00029854400000139947 111
0.0002986519999996773 110
0.00029866400000067017 111
0.00029877200000072435 110
0.0002987839999999409 111
0.00029889199999999505 110
0.00029890400000098793 111
0.0002990120000010421 110
0.00029902400000025864 111
0.0002991320000003128 110
0.0002992520000013599 109
0.0002993720000006306 108
0.0002993839999998471 109
0.0002994919999999013 108
0.00029961200000094834 107
0.0002996980000009586 108
0.00029973200000021905 107
0.0002998520000012661 106
0.00029993800000127635 107
0.0002999720000005368 106
0.0003000919999998075 105
0.0003002120000008546 104
0.0003002980000008648 105
0.0003003320000001253 104
0.00030045200000117234 103
0.00030057200000044304 102
0.0003006420000009058 103
0.00030069199999971374 102
0.0003008120000007608 101
0.0003008400000013012 102
0.0003009320000000315 101
0.0003009440000010244 102
0.0003009739999999539 103
0.00030101800000004175 104
0.00030105200000107857 103
0.0003010640000002951 104
0.00030109400000100095 105
0.00030117200000034927 104
0.00030118400000134216 105
0.00030121400000027165 106
0.00030129200000139633 105
0.00030141200000066704 104
0.0003014400000012074 105
0.00030153199999993774 104
0.0003016520000009848 103
0.0003017720000002555 102
0.00030189200000130256 101
0.0003019040000005191 102
0.00030196199999998896 103
0.00030201200000057327 102
0.00030213199999984397 101
0.00030214400000083685 102
0.00030225200000089103 101
0.00030226400000010756 102
0.00030237200000016173 101
0.0003024920000012088 100
0.00030259400000076653 101
0.0003026120000004795 100
0.000302623999999696 101
0.0003027319999997502 100
0.0003027440000007431 101
0.0003028340000010843 102
0.00030285200000079726 101
0.0003028640000000138 102
0.00030297200000006796 101
0.00030298400000106085 102
0.0003030420000005307 103
0.000303092000001115 102
0.00030321200000038573 101
0.0003033320000014328 100
0.0003034520000007035 99
0.0003035719999999742 98
0.0003035840000009671 99
0.00030369200000102126 98
0.00030381200000029196 97
0.00030382400000128484 98
0.000303932000001339 97
0.0003040520000006097 96
0.0003041719999998804 95
0.0003042920000009275 94
0.000304304000000144 95
0.00030436200000139024 96
0.0003044120000001982 95
0.00030453200000124525 94
0.0003045440000004618 95
0.00030465200000051595 94
0.0003046600000011779 95
0.0003046639999997325 96
0.00030477199999978666 95
0.00030478400000077954 96
0.0003048579999997969 97
0.0003048920000008337 96
0.0003050120000001044 95
0.0003051320000011515 94
0.00030514000000003705 95
0.000305144000000368 96
0.0003052520000004222 95
0.00030526400000141507 96
0.0003053719999996929 95
0.00030549000000057447 96
0.00030549200000073995 95
0.0003055620000012027 96
0.00030561200000001065 95
0.00030562400000100354 96
0.00030573000000089223 97
0.0003057320000010577 96
0.0003058520000003284 95
0.0003058640000013213 96
0.0003059720000013755 95
0.000305984000000592 96
0.0003060920000006462 95
0.00030616200000110894 96
0.0003062119999999169 95
0.00030622400000090977 96
0.00030633200000096394 95
0.00030645200000023465 94
0.0003065720000012817 93
0.00030658400000049824 94
0.0003066920000005524 93
0.00030670399999976894 94
0.0003068119999998231 93
0.0003069320000008702 92
0.0003070520000001409 91
0.00030717200000118794 90
0.00030718400000040447 91
0.00030729200000045864 90
0.00030730399999967517 91
0.00030741199999972935 90
0.00030742400000072223 91
0.0003075320000007764 90
0.0003076520000000471 89
0.00030777200000109417 88
0.0003077840000003107 89
0.0003078920000003649 88
0.00030801200000141193 87
0.000308035999999845 88
0.00030813200000068264 87
0.00030814399999989917 88
0.00030825199999995334 87
0.0003082640000009462 88
0.0003083720000010004 87
0.0003084920000002711 86
0.00030861200000131817 85
0.00030873200000058887 84
0.0003087439999998054 85
0.00030885199999985957 84
0.00030897200000090663 83
0.00030909200000017734 82
0.0003092120000012244 81
0.0003092240000004409 82
0.0003093320000004951 81
0.00030934399999971163 82
0.0003094519999997658 81
0.0003094640000007587 82
0.00030957200000081286 81
0.00030969200000008357 80
0.00030970400000107645 81
0.00030981200000113063 80
0.00030993200000040133 79
0.0003099440000013942 80
0.00031005199999967203 79
0.0003101720000007191 78
0.0003101839999999356 79
0.0003102919999999898 78
0.0003103040000009827 79
0.00031041200000103686 78
0.0003104240000002534 79
0.00031053200000030756 78
0.00031054400000130045 79
0.0003106520000013546 78
0.00031066400000057115 79
0.0003107720000006253 78
0.00031078000000128725 79
0.00031089199999989603 78
0.0003109040000008889 79
0.0003110120000009431 78
0.0003111320000002138 77
0.0003111440000012067 78
0.00031125200000126085 77
0.0003112640000004774 78
0.00031137200000053156 77
0.0003113839999997481 78
0.00031149199999980226 77
0.00031150400000079514 78
0.0003116120000008493 77
0.00031162400000006585 78
0.0003116820000013121 79
0.00031173200000012 78
0.0003117440000011129 79
0.0003118520000011671 78
0.0003118640000003836 79
0.0003119720000004378 78
0.00031198400000143067 79
0.0003120919999997085 78
0.0003121040000007014 79
0.00031221200000075555 78
0.0003122239999999721 79
0.00031233200000002626 78
0.00031234400000101914 79
0.0003124520000010733 78
0.00031246400000028984 79
0.000312572000000344 78
0.0003126920000013911 77
0.0003127040000006076 78
0.0003128120000006618 77
0.0003128200000013237 78
0.0003129319999999325 77
0.00031294400000092537 78
0.00031305200000097955 77
0.0003130640000001961 78
0.00031312199999966595 79
0.00031317200000025025 78
0.00031318400000124313 79
0.0003132920000012973 78
0.000313412000000568 77
0.00031342399999978454 78
0.0003135319999998387 77
0.0003135440000008316 78
0.0003136520000008858 77
0.0003136640000001023 78
0.0003137720000001565 77
0.00031378400000114937 78
0.00031389200000120354 77
0.00031401200000047425 76
0.00031402399999969077 77
0.00031413199999974495 76
0.000314252000000792 75
0.00031426400000000854 76
0.0003143720000000627 75
0.0003143840000010556 76
0.00031444200000052547 77
0.00031449200000110977 76
0.0003145040000003263 77
0.0003146120000003805 76
0.00031462400000137336 77
0.00031473200000142754 76
0.00031474400000064406 77
0.00031485200000069824 76
0.00031486399999991477 77
0.00031497199999996894 76
0.00031498400000096183 77
0.000315092000001016 76
0.00031510400000023253 77
0.0003151619999997024 78
0.0003152120000002867 77
0.00031533200000133377 76
0.0003153440000005503 77
0.00031545200000060447 76
0.000315463999999821 77
0.0003155719999998752 76
0.00031569200000092223 75
0.00031581200000019294 74
0.0003158240000011858 75
0.00031593200000124 74
0.0003159440000004565 75
0.0003160019999999264 76
0.0003160520000005107 75
0.00031606399999972723 76
0.00031612200000097346 77
0.0003161719999997814 76
0.0003161840000007743 77
0.00031629200000082847 76
0.000316304000000045 77
0.00031641200000009917 76
0.00031642400000109205 77
0.00031653200000114623 76
0.00031654400000036276 77
0.00031665200000041693 76
0.0003166640000014098 77
0.00031677199999968764 76
0.0003167840000006805 77
0.0003168920000007347 76
0.0003170120000000054 75
0.0003170240000009983 76
0.00031713200000105246 75
0.00031725200000032316 74
0.00031726400000131605 75
0.0003173720000013702 74
0.00031738400000058675 75
0.00031749200000064093 74
0.00031750399999985746 75
0.00031761199999991163 74
0.0003177320000009587 73
0.00031780200000142145 74
0.0003178520000002294 73
0.0003179129999999475 74
0.00031794300000065334 75
0.00031797200000127646 74
0.000317984000000493 75
0.00031809200000054716 74
0.0003181620000010099 75
0.00031821199999981786 74
0.00031822400000081075 75
0.0003183320000008649 74
0.00031834400000008145 75
0.0003184520000001356 74
0.0003185720000011827 73
0.0003186419999998691 74
0.0003186920000004534 73
0.0003187039999996699 74
0.0003188119999997241 73
0.000318820000000386 74
0.000318824000000717 75
0.00031889799999973434 76
0.00031893200000077115 75
0.0003189439999999877 76
0.00031905200000004186 75
0.00031906400000103474 76
0.0003191720000010889 75
0.0003192920000003596 74
0.0003194120000014067 73
0.0003194240000006232 74
0.0003195320000006774 73
0.0003196519999999481 72
0.000319664000000941 73
0.00031977200000099515 72
0.0003197840000002117 73
0.00031989200000026585 72
0.00031990400000125874 73
0.0003200120000013129 72
0.00032002400000052944 73
0.0003201320000005836 72
0.00032014399999980014 73
0.0003202519999998543 72
0.0003203720000009014 71
0.0003204920000001721 70
0.00032056200000063484 71
0.00032061200000121914 70
0.0003206980000012294 71
0.00032073200000048985 70
0.0003208180000005001 71
0.00032085199999976055 70
0.00032086400000075344 71
0.0003209720000008076 70
0.0003210920000000783 69
0.0003212120000011254 68
0.0003212240000003419 69
0.0003213320000003961 68
0.000321340000001058 69
0.00032134400000138896 70
0.0003214519999996668 69
0.00032146400000065967 70
0.000321537999999677 71
0.00032157200000071384 70
0.0003216420000011766 71
0.00032169199999998455 70
0.00032170400000097743 71
0.0003218120000010316 70
0.00032182400000024813 71
0.000321854000000954 72
0.0003219320000003023 71
0.0003219600000008427 72
0.00032205200000134937 71
0.0003220640000005659 72
0.0003221720000006201 71
0.0003221839999998366 72
0.00032224200000108283 73
0.0003222919999998908 72
0.00032232000000043115 73
0.00032241200000093784 72
0.00032242400000015436 73
0.00032253200000020854 72
0.0003225440000012014 73
0.0003226520000012556 72
0.0003227720000005263 71
0.00032278399999974283 72
0.00032284200000098906 73
0.000322891999999797 72
0.0003229040000007899 73
0.00032301200000084407 72
0.00032301999999972963 73
0.00032313200000011477 72
0.00032314400000110766 73
0.00032325200000116183 72
0.00032326400000037836 73
0.00032337200000043254 72
0.0003233840000014254 73
0.00032349199999970324 72
0.00032359400000103733 73
0.0003236120000007503 72
0.0003236239999999668 73
0.00032371400000030803 74
0.000323732000000021 73
0.00032385200000106806 72
0.0003238640000002846 73
0.00032397200000033877 72
0.00032398400000133165 73
0.0003240920000013858 72
0.00032421200000065653 71
0.00032433199999992723 70
0.0003243440000009201 71
0.0003244520000009743 70
0.0003244640000001908 71
0.000324572000000245 70
0.00032469200000129206 69
0.00032481200000056276 68
0.0003248239999997793 69
0.00032493199999983347 68
0.0003249400000004954 69
0.0003250520000008805 68
0.00032506400000009705 69
0.00032517200000015123 68
0.0003252920000011983 67
0.000325412000000469 66
0.0003254239999996855 67
0.0003255319999997397 66
0.0003255440000007326 67
0.00032565200000078676 66
0.00032577200000005746 65
0.0003258920000011045 64
0.0003260120000003752 63
0.0003260240000013681 64
0.0003261320000014223 63
0.0003261440000006388 64
0.000326252000000693 63
0.00032632200000115574 64
0.0003263719999999637 63
0.0003263840000009566 64
0.00032649200000101075 63
0.0003265040000002273 64
0.00032661200000028145 63
0.00032662400000127434 64
0.0003267320000013285 63
0.00032674400000054504 64
0.0003268520000005992 63
0.00032686399999981575 64
0.0003269719999998699 63
0.0003269840000008628 64
0.000327092000000917 63
0.0003271040000001335 64
0.0003272120000001877 63
0.00032722400000118057 64
0.00032733200000123475 63
0.00032745200000050545 62
0.000327463999999722 63
0.00032757199999977615 62
0.00032758400000076904 63
0.0003276920000008232 62
0.0003277200000013636 63
0.00032776200000128597 64
0.0003278120000000939 63
0.0003278240000010868 64
0.000327932000001141 63
0.0003280520000004117 62
0.0003281719999996824 61
0.00032818400000067527 62
0.00032829200000072944 61
0.00032830399999994597 62
0.00032841200000000015 61
0.00032842400000099303 62
0.0003285320000010472 61
0.00032854400000026374 62
0.0003286520000003179 61
0.0003286640000013108 62
0.00032877200000136497 61
0.00032884200000005137 62
0.0003288920000006357 61
0.0003289039999998522 62
0.0003290119999999064 61
0.00032913200000095344 60
0.00032914400000016997 61
0.00032925200000022414 60
0.00032926400000121703 61
0.0003293720000012712 60
0.00032938400000048773 61
0.0003294920000005419 60
0.00032950399999975843 61
0.0003296119999998126 60
0.0003296240000008055 61
0.00032968200000027537 62
0.00032973200000085967 61
0.0003297440000000762 62
0.0003298520000001304 61
0.00032997200000117743 60
0.00033009200000044814 59
0.00033010399999966467 60
0.00033021199999971884 59
0.0003303320000007659 58
0.0003304520000000366 57
0.00033046000000069853 58
0.0003304640000010295 59
0.00033052200000049936 60
0.00033057200000108367 59
0.00033069200000035437 58
0.00033070400000134725 59
0.00033081200000140143 58
0.00033082400000061796 59
0.00033093200000067213 58
0.00033094399999988866 59
0.00033105199999994284 58
0.0003311720000009899 57
0.0003311840000002064 58
0.0003312920000002606 57
0.00033141200000130766 56
0.0003314240000005242 57
0.00033153200000057836 56
0.0003315439999997949 57
0.00033165199999984907 56
0.00033166400000084195 57
0.00033177200000089613 56
0.00033189200000016683 55
0.0003320120000012139 54
0.0003320240000004304 55
0.0003321320000004846 54
0.0003322519999997553 53
0.0003322640000007482 54
0.00033232200000021805 55
0.00033237200000080236 54
0.0003323799999996879 55
0.0003323840000000189 56
0.00033249200000007306 55
0.00033250400000106595 56
0.0003326120000011201 55
0.00033262400000033665 56
0.0003327320000003908 55
0.00033285199999966153 54
0.0003328640000006544 55
0.0003329720000007086 54
0.0003330919999999793 53
0.0003331040000009722 54
0.00033316200000044205 55
0.00033321200000102635 54
0.0003332240000002429 55
0.00033333200000029706 54
0.00033334400000128994 55
0.0003334520000013441 54
0.00033346400000056065 55
0.0003335720000006148 54
0.00033358399999983135 55
0.0003336919999998855 54
0.0003337040000008784 55
0.0003338120000009326 54
0.0003338240000001491 55
0.0003339320000002033 54
0.00033394400000119617 55
0.00033405200000125035 54
0.0003340640000004669 55
0.00033417200000052105 54
0.0003341839999997376 55
0.0003342420000009838 56
0.00033429199999979176 55
0.0003343620000002545 56
0.0003344120000008388 55
0.00033448200000130157 56
0.0003345320000001095 55
0.00033454000000077144 56
0.0003346520000011566 55
0.0003346640000003731 56
0.0003347720000004273 55
0.000334891999999698 54
0.00033490400000069087 55
0.00033501200000074505 54
0.0003350239999999616 55
0.00033513200000001575 54
0.0003352020000004785 55
0.0003352520000010628 54
0.00033526400000027934 55
0.0003353219999997492 56
0.0003353720000003335 55
0.0003354920000013806 54
0.0003355040000005971 55
0.0003356120000006513 54
0.000335731999999922 53
0.00033574400000091487 54
0.00033585200000096904 53
0.00033586400000018557 54
0.00033597200000023975 53
0.00033598000000090167 54
0.00033598400000123263 55
0.0003360920000012868 54
0.00033610400000050333 55
0.0003361619999999732 56
0.0003362120000005575 55
0.00033622399999977404 56
0.0003363319999998282 55
0.0003363440000008211 56
0.0003364520000008753 55
0.0003364640000000918 56
0.000336572000000146 55
0.00033658400000113886 56
0.00033669200000119304 55
0.00033676199999987944 56
0.00033681200000046374 55
0.00033693199999973444 54
0.0003370520000007815 53
0.00033706399999999803 54
0.0003371720000000522 53
0.0003371840000010451 54
0.00033729200000109927 53
0.00033741200000036997 52
0.00033742400000136286 53
0.0003374820000008327 54
0.00033753200000141703 53
0.00033754400000063356 54
0.00033765200000068774 53
0.0003377220000011505 54
0.00033777199999995844 53
0.0003378920000010055 52
0.000337904000000222 53
0.0003380120000002762 52
0.0003380240000012691 53
0.00033813200000132326 52
0.00033825200000059397 51
0.00033837199999986467 50
0.00033838400000085755 51
0.00033849200000091173 50
0.00033850400000012826 51
0.00033861200000018243 50
0.0003386400000007228 51
0.0003387320000012295 50
0.0003387599999999935 51
0.0003388520000005002 50
0.0003388639999997167 51
0.0003388940000004226 52
0.0003389719999997709 51
0.0003389840000007638 52
0.00033909200000081796 51
0.0003391040000000345 52
0.0003391620000012807 53
0.00033921200000008866 52
0.0003393320000011357 51
0.00033934400000035225 52
0.00033945200000040643 51
0.00033957199999967713 50
0.00033958400000067 51
0.0003396920000007242 50
0.0003397039999999407 51
0.0003398119999999949 50
0.0003398240000009878 51
0.00033993200000104196 50
0.00034005200000031266 49
0.00034006400000130554 50
0.0003401720000013597 49
0.0003401800000002453 50
0.0003402920000006304 49
0.00034030399999984695 50
0.0003404119999999011 49
0.000340424000000894 50
0.0003405320000009482 49
0.0003405440000001647 50
0.00034060200000141094 51
0.0003406520000002189 50
0.0003406640000012118 51
0.0003407180000003507 52
0.00034077200000126595 51
0.00034089200000053665 50
0.00034101199999980736 49
0.00034102400000080024 50
0.0003411320000008544 49
0.00034114400000007095 50
0.0003412520000001251 49
0.0003413720000011722 48
0.0003413840000003887 49
0.0003414419999998586 50
0.0003414920000004429 49
0.0003415039999996594 50
0.0003416119999997136 49
0.00034173200000076065 48
0.00034174000000142257 49
0.0003417439999999772 50
0.00034185200000003135 49
0.00034186400000102424 50
0.0003419720000010784 49
0.00034198400000029494 50
0.00034205800000108866 51
0.0003420920000003491 50
0.000342104000001342 51
0.0003422120000013962 50
0.0003422240000006127 51
0.0003422820000000826 52
0.0003423320000006669 51
0.0003423439999998834 52
0.0003424519999999376 51
0.00034246400000093047 52
0.00034257200000098464 51
0.00034258400000020117 52
0.00034269200000025535 51
0.00034270400000124823 52
0.0003428120000013024 51
0.00034282400000051894 52
0.0003428819999999888 53
0.0003429320000005731 52
0.00034294399999978964 53
0.0003430519999998438 52
0.00034307600000005323 53
0.0003431720000008909 52
0.0003431840000001074 53
0.0003432920000001616 52
0.00034330400000115446 53
0.00034341200000120864 52
0.00034342400000042517 53
0.0003434980000012189 54
0.00034353200000047934 53
0.00034354399999969587 54
0.00034365199999975005 53
0.00034366400000074293 54
0.0003437720000007971 53
0.00034378400000001363 54
0.0003438920000000678 53
0.00034401200000111487 52
0.00034402000000000044 53
0.0003440240000003314 54
0.00034408199999980127 55
0.0003441320000003856 54
0.00034414400000137846 55
0.00034425200000143263 54
0.00034426400000064916 55
0.000344294000001355 56
0.0003443379999996665 57
0.00034437200000070334 56
0.00034438399999991987 57
0.0003444140000006257 58
0.00034449199999997404 57
0.0003445040000009669 58
0.0003446120000010211 57
0.00034462400000023763 58
0.0003446360000012305 59
0.0003446540000009435 60
0.0003447320000002918 59
0.0003447600000008322 60
0.00034485200000133887 59
0.0003448640000005554 60
0.00034489400000126125 61
0.00034492400000019074 62
0.0003449540000008966 63
0.00034497200000060957 62
0.0003449839999998261 63
0.00034501400000053195 64
0.00034509199999988027 63
0.00034512000000042065 64
0.0003451779999998905 65
0.00034521200000092733 64
0.0003452199999998129 65
0.00034522400000014386 66
0.0003452540000008497 67
0.00034533200000019804 66
0.0003453600000007384 67
0.0003454520000012451 66
0.0003454640000004616 67
0.0003454940000011675 68
0.0003455720000005158 67
0.00034558399999973233 68
0.0003456140000004382 69
0.0003456919999997865 68
0.0003457040000007794 69
0.0003457339999997089 70
0.00034577799999979675 71
0.00034581200000083356 70
0.0003458240000000501 71
0.00034593200000010427 70
0.00034594400000109715 71
0.00034597199999986117 72
0.00034605200000115133 71
0.00034606400000036786 72
0.0003460940000010737 73
0.0003461240000000032 74
0.00034617200000042203 73
0.0003461840000014149 74
0.0003462140000003444 75
0.00034624400000105027 76
0.00034629199999969273 75
0.0003463040000006856 76
0.0003463340000013915 77
0.00034636400000032097 78
0.0003464120000007398 77
0.0003464239999999563 78
0.0003464540000006622 79
0.0003465320000000105 78
0.00034656000000055087 79
0.00034665200000105756 78
0.0003466799999998216 79
0.00034677200000032826 78
0.00034678400000132115 79
0.0003468920000013753 78
0.00034690400000059185 79
0.0003469159999998084 80
0.0003469340000012977 81
0.0003469640000002272 82
0.00034699400000093306 83
0.000347012000000646 82
0.00034702399999986255 83
0.00034713199999991673 82
0.0003471440000009096 83
0.0003471739999998391 84
0.00034720400000054497 85
0.0003472340000012508 86
0.0003472520000009638 85
0.0003472799999997278 86
0.00034731000000043366 87
0.0003473720000002345 86
0.00034740000000077487 87
0.00034749200000128155 86
0.0003475040000004981 87
0.00034753200000103845 88
0.00034753400000120394 89
0.00034756400000013343 90
0.00034761200000055226 89
0.0003476239999997688 90
0.0003476560000006401 91
0.00034773199999982296 90
0.00034774400000081584 91
0.00034777399999974534 92
0.0003478040000004512 93
0.00034783400000115705 94
0.00034785200000087 93
0.00034786400000008655 94
0.0003478940000007924 95
0.0003479239999997219 96
0.0003479720000001407 95
0.0003480160000002286 96
0.00034804600000093444 97
0.00034807599999986394 98
0.0003480920000011878 97
0.0003481060000005698 98
0.0003481160000013972 99
0.00034813600000127565 100
0.00034816600000020514 101
0.0003482120000004585 100
0.00034825600000054635 101
0.0003483319999997292 100
0.00034836000000026957 101
0.0003483900000009754 102
0.00034845200000077625 101
0.0003484639999999928 102
0.00034849400000069863 103
0.0003485240000014045 104
0.00034857200000004696 103
0.00034860000000058733 104
0.0003486300000012932 105
0.0003486600000002227 106
0.00034869000000092853 107
0.000348692000001094 106
0.00034871999999985803 107
0.0003488120000003647 106
0.0003488400000009051 107
0.0003489320000014118 106
0.00034894000000029735 107
0.0003489600000001758 108
0.00034899000000088165 109
0.00034901999999981115 110
0.0003490520000006825 109
0.000349063999999899 110
0.00034909400000060486 111
0.0003491240000013107 112
0.0003491540000002402 113
0.0003491719999999532 112
0.00034918400000094607 113
0.00034921399999987557 114
0.00034925799999996343 115
0.00034929200000100025 114
0.0003493040000002168 115
0.00034933400000092263 116
0.0003493639999998521 117
0.00034941200000027095 116
0.000349532000001318 115
0.00034954400000053454 116
0.0003495760000014059 117
0.0003496520000005887 116
0.0003496800000011291 117
0.0003497719999998594 116
0.0003497840000008523 117
0.0003498120000013927 118
0.0003498139999997818 119
0.00034984400000048765 120
0.0003498740000011935 121
0.0003498920000009065 120
0.000349904000000123 121
0.00034993400000082886 122
0.00034996399999975836 123
0.0003500120000001772 122
0.00035002400000117007 123
0.00035005400000009956 124
0.0003500840000008054 125
0.0003501139999997349 126
0.00035013200000122424 125
0.0003501760000013121 126
0.00035025200000049495 125
0.00035026399999971147 126
0.0003502960000005828 127
0.00035037199999976565 126
0.00035038400000075853 127
0.00035041399999968803 128
0.0003504280000008464 129
0.0003504440000003939 130
0.0003504920000008127 129
0.0003505200000013531 130
0.0003506120000000834 129
0.0003506240000010763 130
0.0003506560000001713 131
0.00035068600000087713 132
0.0003507159999998066 133
0.00035073200000113047 132
0.0003507460000005125 133
0.00035077600000121834 134
0.00035080600000014783 135
0.0003508520000004012 134
0.00035086400000139406 135
0.0003509380000004114 136
0.0003509719999996719 135
0.00035098400000066476 136
0.00035101200000120514 137
0.0003510140000013706 138
0.0003510440000003001 139
0.00035109200000071894 138
0.00035121199999998964 137
0.00035122400000098253 138
0.0003512560000000775 139
0.0003513320000010367 138
0.00035134400000025323 139
0.0003513740000009591 140
0.0003514039999998886 141
0.0003514520000003074 140
0.0003514640000013003 141
0.00035149600000039527 142
0.00035153800000031765 143
0.00035157200000135447 142
0.000351615999999666 143
0.00035169200000062517 142
0.0003517039999998417 143
0.00035173600000071303 144
0.0003518119999998959 143
0.00035188200000035863 144
0.00035191400000122997 145
0.00035193200000094294 144
0.00035194400000015946 145
0.0003519740000008653 146
0.0003520039999997948 147
0.00035203400000050067 148
0.00035205200000021364 147
0.0003520640000012065 148
0.000352094000000136 149
0.00035215399999977137 150
0.0003521720000012607 149
0.00035218000000014626 150
0.0003521840000004772 151
0.0003522140000011831 152
0.0003522440000001126 153
0.0003522920000005314 152
0.00035230399999974793 153
0.0003524119999998021 152
0.0003524400000003425 153
0.00035253200000084917 152
0.00035257600000093703 153
0.0003526059999998665 154
0.00035265200000011987 153
0.00035266400000111275 154
0.00035269400000004225 155
0.0003527539999996776 156
0.00035277200000116693 155
0.00035279999999993095 156
0.0003528300000006368 157
0.00035289200000043763 156
0.0003529040000014305 157
0.00035293400000036 158
0.00035296400000106587 159
0.00035299399999999537 160
0.00035301199999970834 159
0.0003530240000007012 160
0.0003531320000007554 159
0.0003531400000014173 160
0.00035316000000129577 161
0.0003532520000000261 160
0.000353264000001019 161
0.0003532939999999485 162
0.00035337200000107316 161
0.0003533840000002897 162
0.000353416000001161 163
0.00035349200000034386 162
0.00035350400000133675 163
0.00035353400000026625 164
0.0003535780000003541 165
0.0003536120000013909 164
0.00035362400000060745 165
0.0003536540000013133 166
0.0003536840000002428 167
0.00035373200000066163 166
0.00035374399999987816 167
0.000353774000000584 168
0.00035383400000021936 169
0.00035385199999993233 168
0.0003538800000004727 169
0.00035391000000117856 170
0.0003539720000009794 169
0.0003539840000001959 170
0.0003540920000002501 169
0.000354104000001243 170
0.0003541340000001725 171
0.00035421200000129716 170
0.0003542240000005137 171
0.00035425400000121954 172
0.00035428400000014904 173
0.00035433200000056786 172
0.00035436000000110823 173
0.0003544020000010306 174
0.00035445199999983856 173
0.0003544600000005005 174
0.00035446400000083145 175
0.0003545720000008856 174
0.000354600000001426 175
0.0003546920000001563 174
0.0003547040000011492 175
0.0003548120000012034 174
0.0003548240000004199 175
0.00035485400000112577 176
0.0003549320000004741 175
0.0003549439999996906 176
0.00035497400000039647 177
0.0003550040000011023 178
0.0003550519999997448 177
0.00035508000000028517 178
0.000355110000000991 179
0.0003551399999999205 180
0.00035517200000079185 179
0.0003551840000000084 180
0.00035521400000071424 181
0.00035529200000006256 180
0.0003553360000001504 181
0.0003554120000011096 180
0.00035542400000032615 181
0.0003555320000003803 180
0.0003555440000013732 181
0.0003555740000003027 182
0.0003556520000014274 181
0.0003556640000006439 182
0.0003556959999997389 183
0.0003557720000006981 182
0.00035578000000136 183
0.00035580000000123846 184
0.00035583000000016796 185
0.0003558600000008738 186
0.0003558919999999688 185
0.0003559040000009617 186
0.00035593399999989117 187
0.00035601200000101585 186
0.0003560240000002324 187
0.0003560560000011037 188
0.00035613200000028655 187
0.0003561760000003744 188
0.0003562520000013336 187
0.00035626400000055014 188
0.000356294000001256 189
0.0003563240000001855 190
0.00035635400000089135 191
0.0003563720000006043 190
0.00035638399999982084 191
0.0003564140000005267 192
0.000356491999999875 191
0.0003565040000008679 192
0.0003565339999997974 193
0.00035656400000050326 194
0.0003566120000009221 193
0.0003566240000001386 194
0.00035665400000084446 195
0.0003567320000001928 194
0.00035674400000118567 195
0.00035677600000028065 196
0.00035685200000123984 195
0.00035688000000000386 196
0.00035697200000051055 195
0.0003569839999997271 196
0.00035701400000043293 197
0.0003570440000011388 198
0.00035709199999978125 197
0.0003571200000003216 198
0.0003571500000010275 199
0.0003572120000008283 198
0.00035722400000004484 199
0.0003572560000009162 200
0.000357332000000099 199
0.0003573440000010919 200
0.0003573740000000214 201
0.0003574520000011461 200
0.0003574640000003626 201
0.0003575219999998325 202
0.0003575720000004168 201
0.00035760000000095715 202
0.00035764200000087953 203
0.0003576919999996875 202
0.00035770400000068037 203
0.0003577340000013862 204
0.00035781200000073454 203
0.00035782399999995107 204
0.0003578560000008224 205
0.00035793200000000525 204
0.00035794400000099813 205
0.0003579760000000931 206
0.0003580180000000155 207
0.0003580520000010523 206
0.00035809600000114017 207
0.00035812600000006967 208
0.000358172000000323 207
0.0003581840000013159 208
0.00035829200000137007 207
0.0003584120000006408 206
0.0003584239999998573 207
0.00035845600000072864 208
0.0003585319999999115 207
0.00035854400000090436 208
0.00035865200000095854 207
0.00035866400000017506 208
0.0003586960000010464 209
0.00035877200000022924 208
0.0003588160000003171 209
0.0003588920000012763 208
0.00035890400000049283 209
0.000359012000000547 208
0.00035902399999976353 209
0.0003591319999998177 208
0.0003591440000008106 209
0.00035917599999990557 210
0.00035925200000086477 209
0.0003592640000000813 210
0.00035929600000095263 211
0.00035937200000013547 210
0.00035949200000118253 209
0.00035950400000039906 210
0.0003595360000012704 211
0.00035961200000045324 210
0.00035962399999966976 211
0.00035973199999972394 210
0.0003597440000007168 211
0.0003597759999998118 212
0.000359852000000771 211
0.00035986399999998753 212
0.0003598940000006934 213
0.00035992400000139924 214
0.0003599720000000417 213
0.00036001600000012957 214
0.00036009200000108876 213
0.00036021200000035947 212
0.00036022400000135235 213
0.00036025600000044733 214
0.00036033200000140653 213
0.00036034400000062305 214
0.00036045200000067723 213
0.00036046399999989376 214
0.0003604960000007651 215
0.0003605380000006875 216
0.00036057199999994793 215
0.0003606160000000358 216
0.000360692000000995 215
0.0003608120000002657 214
0.0003608240000012586 215
0.00036093200000131276 214
0.00036105200000058346 213
0.00036108000000112384 214
0.00036117199999985417 213
0.0003612920000009012 212
0.00036131999999966524 213
0.00036141200000017193 212
0.000361532000001219 211
0.000361559999999983 212
0.0003616520000004897 211
0.0003617719999997604 210
0.00036189200000080746 209
0.00036201200000007816 208
0.0003621320000011252 207
0.00036215999999988924 208
0.0003622520000003959 207
0.00036237199999966663 206
0.0003624920000007137 205
0.0003626119999999844 204
0.00036264000000052476 205
0.00036273200000103145 204
0.0003627760000011193 205
0.00036285200000030216 204
0.0003629720000013492 203
0.0003630920000006199 202
0.0003632119999998906 201
0.0003633320000009377 200
0.0003634520000002084 199
0.00036357200000125545 198
0.00036369200000052615 197
0.00036381199999979685 196
0.0003639320000008439 195
0.0003640520000001146 194
0.0003641720000011617 193
0.0003642920000004324 192
0.0003644119999997031 191
0.00036453200000075014 190
0.00036454000000141207 191
0.00036465200000002085 190
0.0003647720000010679 189
0.0003648920000003386 188
0.00036501200000138567 187
0.0003651320000006564 186
0.0003652519999999271 185
0.00036537200000097414 184
0.00036549200000024484 183
0.0003656120000012919 182
0.0003657320000005626 181
0.0003658519999998333 180
0.00036597200000088037 179
0.0003660920000001511 178
0.00036621200000119813 177
0.00036633200000046884 176
0.00036645199999973954 175
0.0003665720000007866 174
0.00036664200000124936 175
0.0003666920000000573 174
0.00036670000000071923 175
0.00036681200000110437 174
0.00036693200000037507 173
0.00036705200000142213 172
0.00036717200000069283 171
0.00036729199999996354 170
0.0003673620000004263 171
0.0003674120000010106 170
0.0003675320000002813 169
0.00036765200000132836 168
0.00036777200000059906 167
0.0003678420000010618 168
0.00036789199999986977 167
0.00036790400000086265 168
0.00036801200000091683 167
0.00036802400000013336 168
0.00036813200000018753 167
0.0003681440000011804 168
0.0003682020000006503 169
0.0003682520000012346 168
0.0003682640000004511 169
0.0003683720000005053 168
0.0003684550000002673 169
0.000368491999999776 168
0.0003685040000007689 169
0.00036861200000082306 168
0.0003686199999997086 169
0.0003686240000000396 170
0.00036873200000009376 169
0.00036874400000108665 170
0.0003688520000011408 169
0.00036886400000035735 170
0.0003689720000004115 169
0.00036909199999968223 168
0.0003692120000007293 167
0.0003692239999999458 168
0.000369332 167
0.0003693440000009929 168
0.00036945200000104705 167
0.00036952199999973345 168
0.00036957200000031776 167
0.00036958400000131064 168
0.0003696420000007805 169
0.0003696920000013648 168
0.00036970400000058135 169
0.0003698120000006355 168
0.0003699319999999062 167
0.0003700520000009533 166
0.0003700640000001698 167
0.000370172000000224 166
0.0003701800000008859 167
0.0003701840000012169 168
0.00037029200000127105 167
0.00037036199999995745 168
0.00037041200000054175 167
0.00037053199999981246 166
0.00037054400000080534 167
0.0003706520000008595 166
0.0003707720000001302 165
0.0003708920000011773 164
0.0003709040000003938 165
0.000371012000000448 164
0.0003711319999997187 163
0.00037125200000076575 162
0.0003712639999999823 163
0.00037137200000003645 162
0.00037138400000102934 163
0.0003714920000010835 162
0.0003716120000003542 161
0.0003717320000014013 160
0.0003717440000006178 161
0.0003718020000000877 162
0.000371852000000672 161
0.0003719719999999427 160
0.00037209200000098974 159
0.00037221200000026045 158
0.0003723320000013075 157
0.00037234400000052403 158
0.0003724019999999939 159
0.0003724520000005782 158
0.0003725719999998489 157
0.0003725840000008418 158
0.000372692000000896 157
0.0003727040000001125 158
0.0003728120000001667 157
0.00037293200000121374 156
0.0003729400000000993 157
0.00037294400000043026 158
0.00037305200000048444 157
0.00037317199999975514 156
0.00037318400000074803 157
0.0003732920000008022 156
0.0003734120000000729 155
0.0003734240000010658 156
0.00037353200000111997 155
0.00037365200000039067 154
0.00037366400000138356 155
0.0003737719999996614 154
0.00037378400000065426 155
0.00037384200000012413 156
0.00037389200000070844 155
0.00037401199999997914 154
0.000374024000000972 155
0.0003741320000010262 154
0.0003742520000002969 153
0.00037437200000134396 152
0.00037444200000003036 153
0.00037449200000061467 152
0.0003745039999998312 153
0.00037461199999988537 152
0.00037462400000087825 153
0.00037473200000093243 152
0.00037485200000020313 151
0.0003749220000006659 152
0.0003749720000012502 151
0.0003750920000005209 150
0.0003751000000011828 151
0.0003752119999997916 150
0.0003752240000007845 151
0.00037528200000025436 152
0.00037533200000083866 151
0.0003753440000000552 152
0.00037545200000010936 151
0.0003755720000011564 150
0.00037558400000037295 151
0.00037569200000042713 150
0.00037581199999969783 149
0.0003758240000006907 150
0.0003759320000007449 149
0.0003759439999999614 150
0.0003760520000000156 149
0.00037617200000106266 148
0.0003761840000002792 149
0.00037624199999974905 150
0.00037629200000033336 149
0.0003764120000013804 148
0.00037642400000059695 149
0.0003765320000006511 148
0.0003766020000011139 149
0.00037665199999992183 148
0.0003766640000009147 149
0.0003767720000009689 148
0.0003768920000002396 147
0.00037701200000128665 146
0.00037713200000055735 145
0.0003771439999997739 146
0.00037725199999982806 145
0.00037726400000082094 146
0.0003773220000002908 147
0.0003773720000008751 146
0.0003774920000001458 145
0.0003776120000011929 144
0.0003776240000004094 145
0.0003777320000004636 144
0.0003778519999997343 143
0.00037797200000078135 142
0.00037801500000078647 143
0.00037809200000005205 142
0.000378100000000714 143
0.00037810400000104494 144
0.0003782120000010991 143
0.00037822400000031564 144
0.0003783320000003698 143
0.0003784520000014169 142
0.0003784640000006334 143
0.0003785720000006876 142
0.0003785839999999041 143
0.0003786919999999583 142
0.00037881200000100534 141
0.00037888199999969174 142
0.00037893200000027605 141
0.00037894400000126893 142
0.0003790520000013231 141
0.0003791720000005938 140
0.00037918399999981034 141
0.00037924200000105657 142
0.0003792919999998645 141
0.0003793040000008574 142
0.0003794120000009116 141
0.0003795320000001823 140
0.00037954400000117516 141
0.00037965200000122934 140
0.00037966400000044587 141
0.00037977200000050004 140
0.00037989199999977075 139
0.0003800120000008178 138
0.0003801320000000885 137
0.0003801440000010814 138
0.00038025200000113557 137
0.0003803720000004063 136
0.00038038400000139916 137
0.00038044200000086903 138
0.000380491999999677 137
0.0003805000000003389 138
0.00038061200000072404 137
0.00038062399999994057 138
0.00038073199999999474 137
0.0003808520000010418 136
0.00038086400000025833 137
0.0003809720000003125 136
0.00038109200000135957 135
0.00038121200000063027 134
0.0003812239999998468 135
0.00038133199999990097 134
0.00038145200000094803 133
0.00038157200000021874 132
0.0003815840000012116 133
0.0003816920000012658 132
0.0003818120000005365 131
0.00038182399999975303 132
0.00038188200000099926 133
0.0003819319999998072 132
0.0003819440000008001 133
0.00038205200000085426 132
0.00038217200000012497 131
0.00038229200000117203 130
0.00038230400000038856 131
0.00038241200000044273 130
0.00038253199999971343 129
0.0003826520000007605 128
0.000382663999999977 129
0.0003827720000000312 128
0.0003827840000010241 129
0.00038289200000107826 128
0.00038301200000034896 127
0.000383132000001396 126
0.0003832520000006667 125
0.00038326399999988325 126
0.0003833220000011295 127
0.00038337199999993743 126
0.0003834920000009845 125
0.0003836120000002552 124
0.0003836240000012481 125
0.00038373200000130225 124
0.00038385200000057296 123
0.00038397199999984366 122
0.00038398400000083655 123
0.0003840920000008907 122
0.00038410400000010725 123
0.0003842120000001614 122
0.0003842240000011543 123
0.0003842820000006242 124
0.0003843320000012085 123
0.0003844520000004792 122
0.0003844639999996957 123
0.0003845719999997499 122
0.00038469200000079695 121
0.0003847040000000135 122
0.00038481200000006766 121
0.00038482400000106054 122
0.0003849320000011147 121
0.00038494400000033124 122
0.0003850210000013732 123
0.0003850520000003854 122
0.0003851720000014325 121
0.000385184000000649 122
0.0003852920000007032 121
0.0003853039999999197 122
0.0003854119999999739 121
0.00038553200000102095 120
0.00038565200000029165 119
0.00038566400000128453 120
0.0003857720000013387 119
0.0003858920000006094 118
0.00038590399999982594 119
0.0003860119999998801 118
0.0003861320000009272 117
0.0003861440000001437 118
0.0003862520000001979 117
0.00038626400000119077 118
0.00038637200000124494 117
0.00038638400000046147 118
0.00038649200000051565 117
0.0003865039999997322 118
0.00038661199999978635 117
0.00038662400000077923 118
0.0003867320000008334 117
0.0003868520000001041 116
0.000386864000001097 117
0.00038692200000056687 118
0.0003869720000011512 117
0.0003869840000003677 118
0.0003870920000004219 117
0.00038716200000088463 118
0.0003872119999996926 117
0.00038722400000068546 118
0.00038733200000073964 117
0.00038734399999995617 118
0.00038745200000001034 117
0.00038746400000100323 118
0.0003875720000010574 117
0.00038758400000027393 118
0.0003876920000003281 117
0.00038781200000137517 116
0.0003878240000005917 117
0.00038793200000064587 116
0.0003879439999998624 117
0.0003880020000011086 118
0.0003880519999999166 117
0.00038806400000090946 118
0.00038817200000096364 117
0.0003882420000014264 118
0.00038829200000023434 117
0.0003883040000012272 118
0.0003884120000012814 117
0.0003884240000004979 118
0.0003885320000005521 117
0.0003886519999998228 116
0.0003886640000008157 117
0.00038877200000086987 116
0.0003887840000000864 117
0.00038889200000014057 116
0.00038890400000113345 117
0.00038901200000118763 116
0.00038902400000040416 117
0.00038913200000045833 116
0.00038914399999967486 117
0.00038925199999972904 116
0.0003892640000007219 117
0.0003893720000007761 116
0.0003894920000000468 115
0.00038961200000109386 114
0.00038973200000036456 113
0.00038974400000135745 114
0.0003898520000014116 113
0.00038997200000068233 112
0.00038998399999989886 113
0.00039009199999995303 112
0.0003901040000009459 113
0.0003902120000010001 112
0.0003902240000002166 113
0.0003903320000002708 112
0.0003903440000012637 113
0.00039045200000131786 112
0.00039057200000058856 111
0.0003905839999998051 112
0.00039069199999985926 111
0.0003908120000009063 110
0.00039082400000012285 111
0.000390932000000177 110
0.0003909440000011699 111
0.0003910520000012241 110
0.0003910640000004406 111
0.0003911720000004948 110
0.0003911839999997113 111
0.0003912919999997655 110
0.0003913040000007584 111
0.00039141200000081255 110
0.0003914240000000291 111
0.00039153200000008326 110
0.00039154400000107614 111
0.000391602000000546 112
0.0003916520000011303 111
0.00039166400000034685 112
0.000391772000000401 111
0.0003917840000013939 112
0.0003918919999996717 111
0.0003919040000006646 112
0.0003920120000007188 111
0.0003920239999999353 112
0.0003921319999999895 111
0.0003921440000009824 112
0.00039225200000103655 111
0.0003922640000002531 112
0.00039237200000030725 111
0.00039238400000130014 112
0.0003924920000013543 111
0.00039250400000057084 112
0.000392612000000625 111
0.00039262399999984154 112
0.0003927319999998957 111
0.0003927440000008886 112
0.0003928520000009428 111
0.0003928640000001593 112
0.0003929720000002135 111
0.00039298400000120637 112
0.00039309200000126054 111
0.00039310400000047707 112
0.00039321200000053125 111
0.0003932239999997478 112
0.00039333199999980195 111
0.00039334400000079484 112
0.000393452000000849 111
0.00039346400000006554 112
0.0003935720000001197 111
0.0003935840000011126 112
0.0003936920000011668 111
0.0003937040000003833 112
0.0003938120000004375 111
0.00039382400000143036 112
0.0003939319999997082 111
0.00039394400000070107 112
0.00039405200000075524 111
0.00039417200000002595 110
0.00039418400000101883 111
0.000394292000001073 110
0.00039430400000028953 111
0.0003944120000003437 110
0.0003944240000013366 111
0.00039453200000139077 110
0.00039454000000027634 111
0.0003945440000006073 112
0.0003946520000006615 111
0.000394663999999878 112
0.0003947719999999322 111
0.00039489200000097924 110
0.00039501200000024994 109
0.0003950400000007903 110
0.000395132000001297 109
0.0003952520000005677 108
0.0003952629999997015 107
0.00039538300000074855 106
0.00039550300000001926 105
0.0003956230000010663 104
0.00039564000000069655 105
0.000395743000000337 104
0.0003958630000013841 103
0.00039598000000040656 104
0.0003959830000006548 103
0.000396000000000285 104
0.0003961029999999255 103
0.00039622300000097255 102
0.00039634300000024325 101
0.0003964630000012903 100
0.000396583000000561 99
0.0003967029999998317 98
0.0003968230000008788 97
0.0003969430000001495 96
0.00039706300000119654 95
0.00039718300000046725 94
0.00039730299999973795 93
0.000397423000000785 92
0.00039742400000086775 93
0.0003975430000000557 92
0.0003976630000011028 91
0.0003977220000006554 92
0.0003977830000003735 91
0.00039790300000142054 90
0.0003979110000003061 91
0.00039796200000097315 92
0.00039802300000069124 91
0.00039814299999996194 90
0.000398263000001009 89
0.00039826400000109174 90
0.0003983220000005616 91
0.0003983830000002797 90
0.00039850300000132677 89
0.00039862300000059747 88
0.0003987429999998682 87
0.0003987439999999509 88
0.00039886300000091524 87
0.00039898300000018594 86
0.000399103000001233 85
0.0003992230000005037 84
0.0003993429999997744 83
0.00039946300000082147 82
0.00039958300000009217 81
0.00039964200000142114 82
0.00039970300000113923 81
0.0003997110000000248 82
0.00039982300000040993 81
0.0003998240000004927 82
0.00039994299999968064 81
0.0004000630000007277 80
0.0004001220000002803 81
0.0004001829999999984 80
0.00040030300000104546 79
0.00040042300000031616 78
0.0004005430000013632 77
0.0004005439999996696 78
0.00040066300000063393 77
0.00040078299999990463 76
0.0004009030000009517 75
0.0004010230000002224 74
0.00040114300000126946 73
0.00040126300000054016 72
0.0004013330000010029 73
0.00040138299999981086 72
0.0004013839999998936 73
0.0004015030000008579 72
0.0004015870000007027 73
0.00040162300000012863 72
0.00040162400000021137 73
0.0004017430000011757 72
0.00040174400000125843 73
0.0004018630000004464 72
0.0004019829999997171 71
0.00040198399999979983 72
0.00040205300000017985 73
0.00040210300000076415 72
0.00040222300000003486 71
0.0004022240000001176 72
0.0004023430000010819 71
0.00040234400000116466 72
0.0004024630000003526 71
0.00040246400000043536 72
0.0004025830000013997 71
0.0004027030000006704 70
0.0004028229999999411 69
0.00040294300000098815 68
0.00040306300000025885 67
0.00040307500000125174 68
0.0004031830000013059 67
0.0004033030000005766 66
0.00040331499999979314 67
0.0004034229999998473 66
0.0004035430000008944 65
0.0004035550000001109 66
0.00040361300000135714 67
0.0004036630000001651 66
0.00040378300000121214 65
0.00040390300000048285 64
0.0004039149999996994 65
0.00040402299999975355 64
0.00040403500000074644 65
0.0004041430000008006 64
0.00040415500000001714 65
0.00040421300000126337 66
0.0004042630000000713 65
0.0004043830000011184 64
0.0004045030000003891 63
0.0004046229999996598 62
0.00040474300000070684 61
0.00040475499999992337 62
0.00040486299999997755 61
0.00040487500000097043 62
0.0004049830000010246 61
0.0004051030000002953 60
0.0004051150000012882 61
0.00040522300000134237 60
0.0004053430000006131 59
0.0004054629999998838 58
0.00040547500000087666 59
0.00040558300000093084 58
0.00040570300000020154 57
0.0004057150000011944 58
0.0004058230000012486 57
0.0004059430000005193 56
0.00040595499999973583 57
0.00040606299999979 56
0.00040613300000025276 57
0.00040618300000083707 56
0.0004061950000000536 57
0.00040630300000010777 56
0.00040631500000110066 57
0.00040642300000115483 56
0.00040654300000042554 55
0.0004065550000014184 56
0.00040666299999969624 55
0.0004067830000007433 54
0.000406903000000014 53
0.0004069150000010069 54
0.00040702300000106106 53
0.00040714300000033177 52
0.0004072130000007945 53
0.00040726300000137883 52
0.00040738300000064953 51
0.0004074530000011123 52
0.00040750299999992023 51
0.0004075150000009131 52
0.0004076230000009673 51
0.0004076350000001838 52
0.000407743000000238 51
0.00040786300000128506 50
0.00040798300000055576 49
0.0004079949999997723 50
0.00040810299999982647 49
0.00040811500000081935 50
0.0004082230000008735 49
0.00040823500000009005 50
0.00040834300000014423 49
0.0004084630000011913 48
0.0004084750000004078 49
0.000408583000000462 48
0.0004087029999997327 47
0.0004087150000007256 48
0.00040882300000077976 47
0.00040894300000005046 46
0.00040895500000104335 47
0.0004090630000010975 46
0.00040907500000031405 47
0.0004091830000003682 46
0.0004091950000013611 47
0.0004093030000014153 46
0.0004093150000006318 47
0.000409423000000686 46
0.0004094349999999025 47
0.0004095429999999567 46
0.0004095550000009496 47
0.00040966300000100375 46
0.00040978300000027446 45
0.0004099030000013215 44
0.0004100230000005922 43
0.000410093000001055 44
0.0004101429999998629 43
0.0004101550000008558 44
0.00041026300000091 43
0.0004102750000001265 44
0.0004103830000001807 43
0.00041039500000117357 44
0.00041050300000122775 43
0.0004105110000001133 44
0.0004105150000004443 45
0.00041062300000049845 44
0.000410634999999715 45
0.00041074299999976915 44
0.0004108630000008162 43
0.00041087500000003274 44
0.0004109830000000869 43
0.0004109950000010798 44
0.000411103000001134 43
0.00041111100000001954 44
0.0004111150000003505 45
0.0004112230000004047 44
0.00041123500000139757 45
0.0004113429999996754 44
0.00041135500000066827 45
0.00041146300000072245 44
0.000411474999999939 45
0.00041158299999999315 44
0.00041159100000065507 45
0.00041159500000098603 46
0.0004117030000010402 45
0.00041171500000025674 46
0.0004118230000003109 45
0.000411943000001358 44
0.0004119550000005745 45
0.0004120630000006287 44
0.0004120749999998452 45
0.0004121829999998994 44
0.00041230300000094644 43
0.000412310999999832 44
0.00041231500000016297 45
0.00041242300000021714 44
0.00041243500000121003 45
0.0004125430000012642 44
0.0004126630000005349 43
0.00041267499999975144 44
0.0004127829999998056 43
0.0004127950000007985 44
0.00041290300000085267 43
0.0004129150000000692 44
0.0004130230000001234 43
0.00041303500000111626 44
0.00041314300000117044 43
0.00041315500000038696 44
0.00041326300000044114 43
0.00041327499999965767 44
0.00041338299999971184 43
0.0004133950000007047 44
0.0004135030000007589 43
0.00041351499999997543 44
0.0004136230000000296 43
0.0004136350000010225 44
0.00041374300000107667 43
0.0004137550000002932 44
0.00041386300000034737 43
0.00041387500000134025 44
0.0004139330000008101 45
0.00041398300000139443 44
0.00041399500000061096 45
0.00041410300000066513 44
0.0004141730000011279 45
0.00041422299999993584 44
0.0004142350000009287 45
0.0004143430000009829 44
0.0004143550000001994 45
0.0004144129999996693 46
0.0004144630000002536 45
0.0004144750000012465 46
0.00041458300000130066 45
0.0004145950000005172 46
0.00041465299999998706 47
0.00041470300000057136 46
0.0004147149999997879 47
0.00041482299999984207 46
0.00041483500000083495 47
0.00041494300000088913 46
0.00041495500000010566 47
0.0004150130000013519 48
0.00041506300000015983 47
0.0004150750000011527 48
0.0004151830000012069 47
0.0004151950000004234 48
0.0004152529999998933 49
0.0004153030000004776 48
0.0004153149999996941 49
0.0004154229999997483 48
0.00041554300000079536 47
0.0004155550000000119 48
0.00041566300000006606 47
0.00041567500000105895 48
0.0004157830000011131 47
0.0004159030000003838 46
0.0004159730000008466 47
0.0004160230000014309 46
0.0004160510000001949 47
0.0004161430000007016 46
0.0004161549999999181 47
0.0004162629999999723 46
0.0004162750000009652 47
0.00041638300000101935 46
0.00041650300000029006 45
0.0004166230000013371 44
0.00041665100000010113 45
0.0004167430000006078 44
0.00041675499999982435 45
0.0004168130000010706 46
0.0004168629999998785 45
0.0004169830000009256 44
0.0004169950000001421 45
0.0004171030000001963 44
0.00041722300000124335 43
0.00041729299999992975 44
0.00041734300000051405 43
0.0004173549999997306 44
0.00041746299999978476 43
0.0004175830000008318 42
0.00041759500000004834 43
0.0004177030000001025 42
0.0004178230000011496 41
0.0004178350000003661 42
0.0004179430000004203 41
0.000418062999999691 40
0.00041807500000068387 41
0.00041813300000015374 42
0.00041818300000073805 41
0.0004181949999999546 42
0.00041830300000000875 41
0.00041831500000100164 42
0.0004184230000010558 41
0.0004185430000003265 40
0.00041855100000098844 41
0.0004185550000013194 42
0.0004186630000013736 41
0.0004186750000005901 42
0.00041873300000006 43
0.0004187830000006443 42
0.0004187949999998608 43
0.00041885300000110703 44
0.000418902999999915 43
0.00041891500000090787 44
0.00041902300000096204 43
0.00041903500000017857 44
0.00041914300000023275 43
0.00041915100000089467 44
0.00041915500000122563 45
0.0004192630000012798 44
0.0004193830000005505 43
0.00041939499999976704 44
0.0004195029999998212 43
0.0004195150000008141 44
0.0004196230000008683 43
0.0004196350000000848 44
0.000419743000000139 43
0.0004197510000008009 44
0.00041986300000118604 43
0.00041987500000040257 44
0.00041998300000045674 43
0.00041999499999967327 44
0.00042010299999972744 43
0.00042011500000072033 44
0.0004201889999997377 45
0.0004202230000007745 44
0.00042023499999999103 45
0.0004203430000000452 44
0.00042035100000070713 45
0.0004203550000010381 46
0.00042046300000109227 45
0.0004204750000003088 46
0.00042053299999977867 47
0.00042058300000036297 46
0.00042070300000141003 45
0.00042071500000062656 46
0.00042082300000068074 45
0.00042083499999989726 46
0.00042094299999995144 45
0.0004209550000009443 46
0.0004210289999999617 47
0.0004210630000009985 46
0.00042107500000021503 47
0.0004211830000002692 46
0.00042130300000131626 45
0.00042142300000058697 44
0.0004214349999998035 45
0.0004214470000007964 46
0.00042154299999985767 45
0.00042162300000114783 46
0.0004216530000000773 47
0.00042166300000090473 46
0.0004216830000007832 47
0.000421749000000915 48
0.00042178300000017543 47
0.0004217950000011683 48
0.0004219030000012225 47
0.000421915000000439 48
0.0004220230000004932 47
0.0004220349999997097 48
0.0004220470000007026 49
0.0004221429999997639 48
0.0004221550000007568 49
0.00042226300000081096 48
0.0004222750000000275 49
0.00042230500000073334 50
0.00042238300000008167 49
0.00042239500000107455 50
0.00042242500000000405 51
0.0004225030000011287 50
0.00042251500000034525 51
0.0004225450000010511 52
0.00042262300000039943 51
0.0004226350000013923 52
0.00042264700000060884 53
0.00042274299999967013 52
0.000422755000000663 53
0.00042278500000136887 54
0.0004228630000007172 53
0.0004228749999999337 54
0.0004229050000006396 55
0.0004229829999999879 54
0.00042301100000052827 55
0.000423085000001322 56
0.00042310300000103496 55
0.0004231150000002515 56
0.00042314500000095734 57
0.00042322300000030566 56
0.00042323500000129854 57
0.00042324700000051507 58
0.00042326500000022804 59
0.0004233430000013527 58
0.00042335500000056925 59
0.0004233850000012751 60
0.00042342900000136297 61
0.0004234630000006234 60
0.00042358299999989413 59
0.000423595000000887 60
0.0004236249999998165 61
0.0004237030000009412 60
0.0004237150000001577 61
0.00042374500000086357 62
0.0004238230000002119 61
0.0004238350000012048 62
0.0004238650000001343 63
0.0004239249999997696 64
0.00042394300000125895 63
0.0004239550000004755 64
0.00042398500000118133 65
0.00042406300000052966 64
0.00042418299999980036 63
0.00042419500000079324 64
0.0004243030000008474 63
0.00042431500000006395 64
0.0004243430000006043 65
0.0004243450000007698 66
0.0004244230000001181 65
0.000424435000001111 66
0.0004244930000005809 67
0.0004245430000011652 66
0.0004245550000003817 67
0.00042458500000108756 68
0.0004246450000007229 69
0.0004246630000004359 68
0.00042469100000097626 69
0.00042473300000089864 70
0.0004247829999997066 69
0.0004247950000006995 70
0.00042482500000140533 71
0.00042490300000075365 70
0.0004249149999999702 71
0.00042494300000051055 72
0.00042494500000067603 73
0.00042502300000002435 72
0.00042503500000101724 73
0.00042506499999994674 74
0.0004250950000006526 75
0.0004251430000010714 74
0.00042515500000028794 75
0.0004251850000009938 76
0.0004252630000003421 75
0.0004252910000008825 76
0.000425320999999812 77
0.0004253830000013892 76
0.0004253950000006057 77
0.00042542500000131156 78
0.00042545500000024106 79
0.0004255030000006599 78
0.0004255149999998764 79
0.0004255430000004168 80
0.00042554500000058226 81
0.0004256229999999306 80
0.00042563500000092347 81
0.00042566499999985297 82
0.00042574300000097764 81
0.00042575500000019417 82
0.0004257850000009 83
0.00042586300000024835 82
0.00042587500000124123 83
0.0004259330000007111 84
0.0004259830000012954 83
0.00042599500000051194 84
0.0004260250000012178 85
0.0004261030000005661 84
0.00042611499999978264 85
0.000426143000000323 86
0.0004261450000004885 87
0.0004262229999998368 86
0.0004262350000008297 87
0.0004262649999997592 88
0.00042629500000046505 89
0.0004263430000008839 88
0.0004263550000001004 89
0.0004264630000001546 88
0.00042647500000114746 89
0.00042650500000007696 90
0.00042658300000120164 89
0.00042659500000041817 90
0.000426625000001124 91
0.00042670300000047234 90
0.00042671499999968887 91
0.0004267450000003947 92
0.0004267750000011006 93
0.00042682299999974305 92
0.00042683500000073593 93
0.00042686499999966543 94
0.0004269430000007901 93
0.0004270630000000608 92
0.0004270750000010537 93
0.0004271049999999832 94
0.00042718300000110787 93
0.0004272109999998719 94
0.00042723900000041226 95
0.0004273030000003786 94
0.00042731500000137146 95
0.00042734500000030096 96
0.0004273890000003888 97
0.00042742300000142563 96
0.00042743500000064216 97
0.000427465000001348 98
0.0004274950000002775 99
0.00042752500000098337 100
0.00042754300000069634 99
0.0004276290000007066 100
0.00042766299999996704 99
0.0004276750000009599 100
0.0004277049999998894 101
0.0004277350000005953 102
0.00042776500000130113 103
0.0004277830000010141 102
0.00042779500000023063 103
0.0004278260000010192 104
0.0004278390000003185 105
0.0004279030000002848 104
0.0004279310000008252 105
0.0004279609999997547 106
0.00042802300000133187 105
0.0004280350000005484 106
0.00042806500000125425 107
0.00042809500000018375 108
0.00042814300000060257 107
0.0004281549999998191 108
0.00042826299999987327 107
0.00042827500000086616 108
0.00042830499999979565 109
0.0004283350000005015 110
0.00042836500000120736 111
0.00042838300000092033 110
0.00042841099999968435 111
0.0004284390000002247 112
0.0004284410000003902 113
0.00042850300000019104 112
0.0004285150000011839 113
0.0004285450000001134 114
0.00042857500000081927 115
0.0004286230000012381 114
0.0004286350000004546 115
0.0004286650000011605 116
0.0004287430000005088 115
0.0004287710000010492 116
0.00042882900000051904 117
0.0004288629999997795 116
0.0004288750000007724 117
0.0004289049999997019 118
0.00042898300000082656 117
0.0004289950000000431 118
0.00042903900000013095 119
0.0004290530000012893 120
0.00042910300000009727 119
0.00042911500000109015 120
0.00042914500000001965 121
0.0004291750000007255 122
0.00042920500000143136 123
0.00042922300000114433 122
0.00042925099999990834 123
0.0004292929999998307 124
0.00042934300000041503 123
0.0004293550000014079 124
0.0004293850000003374 125
0.00042946299999968574 124
0.0004294750000006786 125
0.0004295050000013845 126
0.00042953500000031397 127
0.0004295830000007328 126
0.0004295949999999493 127
0.00042962700000082066 128
0.00042966900000074304 129
0.0004297030000000035 128
0.0004297150000009964 129
0.0004297449999999259 130
0.00042977500000063174 131
0.00042982300000105056 130
0.0004298350000002671 131
0.00042994300000032126 130
0.00042997100000086164 131
0.00043000099999979113 132
0.0004300630000013683 131
0.00043007500000058485 132
0.0004301350000002202 133
0.000430183000000639 132
0.0004302110000011794 133
0.0004302410000001089 134
0.00043030299999990973 133
0.0004303150000009026 134
0.0004303449999998321 135
0.00043038899999992 136
0.0004304230000009568 135
0.0004304350000001733 136
0.0004305430000002275 135
0.0004305550000012204 136
0.0004305850000001499 137
0.00043066300000127455 136
0.0004306750000004911 137
0.00043070500000119694 138
0.00043073500000012643 139
0.00043073500000012643 140
0.00043078300000054526 139
0.00043090299999981596 138
0.00043091500000080885 139
0.00043094499999973834 140
0.0004309750000004442 141
0.000431023000000863 140
0.00043103500000007955 141
0.0004310650000007854 142
0.0004311430000001337 141
0.0004311710000006741 142
0.0004312630000011808 141
0.0004312750000003973 142
0.0004313329999998672 143
0.0004313830000004515 142
0.000431394999999668 143
0.00043142500000037387 144
0.0004314550000010797 145
0.0004315029999997222 144
0.00043153100000026257 145
0.0004315610000009684 146
0.00043162300000076925 145
0.0004316349999999858 146
0.0004316670000008571 147
0.00043174300000003996 146
0.0004317510000007019 147
0.00043177100000058033 148
0.0004318130000005027 149
0.000431863000001087 148
0.00043187500000030354 149
0.0004319050000010094 150
0.0004319830000003577 149
0.0004319950000013506 150
0.0004320250000002801 151
0.0004321030000014048 150
0.0004321469999997163 151
0.0004322230000006755 150
0.000432234999999892 151
0.00043226500000059787 152
0.0004323429999999462 151
0.00043235500000093907 152
0.00043238499999986857 153
0.0004324150000005744 154
0.0004324450000012803 155
0.00043246300000099325 154
0.0004324750000002098 155
0.00043250500000091563 156
0.000432565000000551 157
0.00043258300000026395 156
0.00043259500000125684 157
0.00043262500000018633 158
0.0004326550000008922 159
0.000432703000001311 158
0.00043273100000007503 159
0.0004328230000005817 158
0.00043283499999979824 159
0.0004328670000006696 160
0.0004329429999998524 159
0.00043295100000051434 160
0.0004329550000008453 161
0.0004329849999997748 162
0.0004330630000008995 161
0.000433075000000116 162
0.0004331830000001702 161
0.00043321100000071056 162
0.0004332849999997279 163
0.00043330300000121724 162
0.00043331500000043377 163
0.0004333450000011396 164
0.00043342300000048795 163
0.0004334510000010283 164
0.0004334809999999578 165
0.00043354299999975865 164
0.00043355500000075153 165
0.00043358499999968103 166
0.0004336630000008057 165
0.00043367500000002224 166
0.0004337830000000764 165
0.0004338110000006168 166
0.00043384100000132264 167
0.0004339030000011235 166
0.00043391500000034 167
0.00043394500000104586 168
0.00043397499999997535 169
0.0004340230000003942 168
0.00043403500000138706 169
0.0004341429999996649 168
0.00043415500000065776 169
0.0004341850000013636 170
0.00043426300000071194 169
0.0004342910000012523 170
0.00043438299999998264 169
0.00043439500000097553 170
0.0004344270000000705 171
0.0004345030000010297 170
0.00043451500000024623 171
0.0004345450000009521 172
0.0004346230000003004 171
0.00043474300000134747 170
0.0004347710000001115 171
0.00043480100000081734 172
0.00043486300000061817 171
0.0004348710000012801 172
0.00043489100000115855 173
0.00043493300000108093 174
0.0004349829999998889 173
0.00043499500000088176 174
0.00043510300000093594 173
0.00043513099999969995 174
0.00043522300000020664 173
0.0004352350000011995 174
0.0004353090000002169 175
0.0004353430000012537 174
0.0004353550000004702 175
0.0004353850000011761 176
0.0004354630000005244 175
0.00043547499999974093 176
0.0004355829999997951 175
0.00043570300000084217 174
0.0004357150000000587 175
0.00043582300000011287 174
0.00043583500000110575 175
0.0004358930000005756 176
0.00043594300000115993 175
0.00043595500000037646 176
0.00043606300000043063 175
0.0004360750000014235 176
0.00043618299999970134 175
0.0004363030000007484 174
0.0004363149999999649 175
0.0004364230000000191 174
0.000436435000001012 175
0.00043654300000106616 174
0.0004365550000002827 175
0.00043666300000033687 174
0.0004367330000007996 175
0.0004367830000013839 174
0.00043679500000060045 175
0.00043690300000065463 174
0.00043691499999987116 175
0.00043702299999992533 174
0.0004370350000009182 175
0.0004371430000009724 174
0.0004371550000001889 175
0.0004372630000002431 174
0.000437275000001236 175
0.00043738300000129016 174
0.00043750300000056086 173
0.0004375149999997774 174
0.00043762299999983156 173
0.00043763500000082445 174
0.0004377430000008786 173
0.00043775500000009515 174
0.00043776700000108804 175
0.00043782900000088887 176
0.00043786300000014933 175
0.0004379830000011964 174
0.0004379950000004129 175
0.0004381030000004671 174
0.0004381149999996836 175
0.0004382229999997378 174
0.0004382350000007307 175
0.00043826699999982566 176
0.00043834300000078485 175
0.00043846300000005556 174
0.00043847500000104844 175
0.0004385830000011026 174
0.00043859500000031915 175
0.0004387030000003733 174
0.0004387150000013662 175
0.00043878900000038357 176
0.0004388230000014204 175
0.0004388350000006369 176
0.00043886500000134276 177
0.0004389430000006911 176
0.0004389549999999076 177
0.0004390629999999618 176
0.0004390750000009547 177
0.00043918300000100885 176
0.00043930300000027955 175
0.00043931500000127244 176
0.00043934500000020194 177
0.0004394230000013266 176
0.00043943500000054314 177
0.0004395430000005973 176
0.00043955499999981384 177
0.00043962900000060756 178
0.000439662999999868 177
0.0004396750000008609 178
0.0004397830000009151 177
0.0004398109999996791 178
0.0004399030000001858 177
0.00043991500000117867 178
0.00044002300000123284 177
0.00044005099999999686 178
0.00044014300000050355 177
0.0004401710000010439 178
0.00044026299999977425 177
0.0004403830000008213 176
0.0004403939999999551 175
0.00044051400000100216 174
0.0004405310000006324 175
0.00044063400000027286 174
0.0004406350000003556 175
0.0004407540000013199 174
0.0004408740000005906 173
0.00044089100000022086 174
0.00044099399999986133 173
0.0004411140000009084 172
0.0004411310000005386 173
0.0004412340000001791 172
0.00044135400000122615 171
0.00044147400000049686 170
0.0004414910000001271 171
0.00044159399999976756 170
0.0004417140000008146 169
0.00044173100000044485 170
0.0004418340000000853 169
0.0004419540000011324 168
0.0004419710000007626 169
0.0004420740000004031 168
0.0004421939999996738 167
0.00044231400000072085 166
0.0004423310000003511 167
0.00044243399999999156 166
0.0004425540000010386 165
0.0004426740000003093 164
0.0004427940000013564 163
0.0004428110000009866 164
0.0004429140000006271 163
0.0004430339999998978 162
0.0004430420000005597 163
0.00044315400000094485 162
0.00044327400000021555 161
0.0004433940000012626 160
0.00044339500000134535 161
0.0004435140000005333 160
0.000443633999999804 159
0.00044374600000018916 160
0.0004437540000008511 159
0.0004438740000001218 158
0.00044399400000116884 157
0.00044411400000043955 156
0.00044417299999999216 157
0.00044423399999971025 156
0.0004443540000007573 155
0.000444474000000028 154
0.00044448200000068994 155
0.0004445940000010751 154
0.0004447140000003458 153
0.0004447729999998984 154
0.00044483400000139284 153
0.00044495400000066354 152
0.00044507399999993424 151
0.0004451940000009813 150
0.000445314000000252 149
0.00044543400000129907 148
0.00044555400000056977 147
0.0004456739999998405 146
0.00044579400000088754 145
0.00044591400000015824 144
0.00044592200000082016 145
0.0004460340000012053 144
0.000446154000000476 143
0.0004462739999997467 142
0.00044639400000079377 141
0.00044651400000006447 140
0.0004465150000001472 141
0.00044663400000111153 140
0.00044670399999979793 141
0.00044675400000038223 140
0.0004468740000014293 139
0.0004468749999997357 140
0.0004469940000007 139
0.0004471139999999707 138
0.00044711500000005344 139
0.00044723400000101776 138
0.00044735400000028847 137
0.0004474740000013355 136
0.00044747500000141827 137
0.00044759400000060623 136
0.00044771399999987693 135
0.0004477149999999597 136
0.000447834000000924 135
0.00044790400000138675 136
0.0004479540000001947 135
0.00044807400000124176 134
0.0004480860000004583 135
0.00044819400000051246 134
0.000448205999999729 135
0.00044831399999978316 134
0.0004484340000008302 133
0.00044844600000004675 134
0.00044855400000010093 133
0.0004485660000010938 134
0.000448674000001148 133
0.0004487940000004187 132
0.0004489139999996894 131
0.0004489260000006823 132
0.00044898400000015215 133
0.00044903400000073646 132
0.00044915400000000716 131
0.0004492240000004699 132
0.0004492740000010542 131
0.00044928600000027075 132
0.0004493940000003249 131
0.000449514000001372 130
0.0004495260000005885 131
0.0004496340000006427 130
0.0004497539999999134 129
0.0004497660000009063 130
0.00044987400000096045 129
0.000449886000000177 130
0.00044999400000023115 129
0.0004500020000008931 130
0.0004501140000012782 129
0.00045012600000049474 130
0.0004501839999999646 131
0.0004502340000005489 130
0.00045024599999976544 131
0.0004503539999998196 130
0.0004504740000008667 129
0.0004504860000000832 130
0.0004505940000001374 129
0.00045060600000113027 130
0.00045071400000118444 129
0.00045083400000045515 128
0.00045095399999972585 127
0.0004510740000007729 126
0.0004511940000000436 125
0.0004512060000010365 126
0.0004513140000010907 125
0.0004513260000003072 126
0.0004514340000003614 125
0.00045155400000140844 124
0.00045156600000062497 125
0.00045167400000067914 124
0.0004517440000011419 125
0.00045179399999994985 124
0.00045180600000094273 125
0.0004519140000009969 124
0.00045192600000021343 125
0.0004520340000002676 124
0.00045204200000092953 125
0.00045215400000131467 124
0.0004521660000005312 125
0.0004522740000005854 124
0.0004522859999998019 125
0.00045234500000113087 126
0.0004523939999998561 125
0.00045251400000090314 124
0.00045252600000011967 125
0.0004525840000013659 126
0.00045263400000017384 125
0.0004527540000012209 124
0.00045276600000043743 125
0.0004528740000004916 124
0.00045288599999970813 125
0.0004529939999997623 124
0.0004530060000007552 125
0.00045311400000080937 124
0.00045323400000008007 123
0.00045324600000107296 124
0.00045335400000112713 123
0.00045336600000034366 124
0.00045347400000039784 123
0.00045359399999966854 122
0.0004537140000007156 121
0.00045372599999993213 122
0.0004538339999999863 121
0.0004538460000009792 122
0.00045395400000103336 121
0.00045407400000030407 120
0.00045408600000129695 121
0.00045419400000135113 120
0.00045431400000062183 119
0.00045443399999989254 118
0.0004545540000009396 117
0.0004545660000001561 118
0.0004546740000002103 117
0.00045474400000067305 118
0.00045479400000125736 117
0.0004548020000001429 118
0.0004548060000004739 119
0.00045491400000052806 118
0.00045503399999979877 117
0.0004551540000008458 116
0.00045527400000011653 115
0.0004552860000011094 116
0.0004553940000011636 115
0.0004554060000003801 116
0.0004555140000004343 115
0.000455633999999705 114
0.0004556460000006979 115
0.00045575400000075206 114
0.0004557659999999686 115
0.00045587400000002276 114
0.0004559440000004855 115
0.0004559940000010698 114
0.0004561140000003405 113
0.0004562340000013876 112
0.0004562460000006041 113
0.0004563540000006583 112
0.0004563659999998748 113
0.00045642400000112104 114
0.000456473999999929 113
0.0004564860000009219 114
0.00045659400000097605 113
0.0004566060000001926 114
0.00045671400000024676 113
0.0004567840000007095 114
0.0004568340000012938 113
0.00045684600000051034 114
0.0004569540000005645 113
0.0004570739999998352 112
0.0004570860000008281 113
0.0004571940000008823 112
0.000457314000000153 111
0.00045743400000120005 110
0.0004574460000004166 111
0.00045755400000047075 110
0.00045767399999974145 109
0.00045768600000073434 110
0.0004577940000007885 109
0.00045780600000000504 110
0.00045786400000125127 111
0.0004579140000000592 110
0.0004580340000011063 109
0.0004580460000003228 110
0.000458154000000377 109
0.0004581620000010389 110
0.00045827400000142404 109
0.00045828600000064057 110
0.00045839400000069475 109
0.00045851399999996545 108
0.00045852600000095833 109
0.0004586340000010125 108
0.00045864600000022904 109
0.0004587540000002832 108
0.0004587660000012761 109
0.0004588740000013303 108
0.000458994000000601 107
0.0004591139999998717 106
0.00045912600000086456 107
0.00045923400000091874 106
0.00045935400000018944 105
0.00045936600000118233 106
0.0004594740000012365 105
0.0004595940000005072 104
0.00045960599999972374 105
0.0004597139999997779 104
0.00045983400000082497 103
0.0004599540000000957 102
0.00045996600000108856 103
0.00046007400000114274 102
0.00046019400000041344 101
0.0004602060000014063 102
0.0004602089999998782 103
0.00046031399999968414 102
0.0004604340000007312 101
0.0004605540000000019 100
0.0004605660000009948 101
0.00046067400000104897 100
0.0004606860000002655 101
0.00046079400000031967 100
0.00046080600000131255 101
0.0004608640000007824 102
0.00046091400000136673 101
0.00046094400000029623 102
0.00046103400000063743 101
0.00046104599999985396 102
0.00046115399999990814 101
0.0004612740000009552 100
0.0004612860000001717 101
0.00046134400000141795 102
0.0004613940000002259 101
0.0004614020000008878 102
0.0004614060000012188 103
0.00046151400000127296 102
0.00046163400000054367 101
0.0004616459999997602 102
0.00046175399999981437 101
0.00046176600000080725 102
0.00046187400000086143 101
0.00046199400000013213 100
0.0004620640000005949 101
0.0004621140000011792 100
0.0004621260000003957 101
0.0004622340000004499 100
0.0004622459999996664 101
0.0004623539999997206 100
0.00046247400000076766 99
0.0004624859999999842 100
0.00046259400000003836 99
0.0004627140000010854 98
0.00046272600000030195 99
0.0004627839999997718 100
0.00046283400000035613 99
0.000462846000001349 100
0.0004629540000014032 99
0.0004630740000006739 98
0.0004631939999999446 97
0.0004632060000009375 98
0.00046331400000099165 97
0.00046343400000026236 96
0.00046344600000125524 97
0.0004635540000013094 96
0.00046356600000052595 97
0.0004636740000005801 96
0.00046368599999979665 97
0.0004637939999998508 96
0.0004639140000008979 95
0.0004639260000001144 96
0.00046398400000136064 97
0.0004640340000001686 96
0.0004640460000011615 97
0.00046415400000121565 96
0.0004641660000004322 97
0.00046427400000048635 96
0.0004642859999997029 97
0.00046439399999975706 96
0.00046440600000074994 97
0.0004645140000008041 96
0.0004646340000000748 95
0.0004646460000010677 96
0.0004647540000011219 95
0.0004647660000003384 96
0.0004648740000003926 95
0.00046488600000138547 96
0.00046496000000040283 97
0.0004649939999996633 96
0.00046500600000065617 97
0.00046511400000071035 96
0.0004651259999999269 97
0.00046523399999998105 96
0.0004653540000010281 95
0.00046536600000024464 96
0.0004654740000002988 95
0.0004654860000012917 96
0.0004655940000013459 95
0.0004656060000005624 96
0.0004657140000006166 95
0.0004657259999998331 96
0.0004658339999998873 95
0.00046584600000088017 96
0.00046595400000093434 95
0.00046596600000015087 96
0.0004660240000013971 97
0.00046607400000020505 96
0.00046608600000119793 97
0.0004661940000012521 96
0.00046620600000046863 97
0.0004663140000005228 96
0.0004664339999997935 95
0.0004665540000008406 94
0.0004665660000000571 95
0.0004666740000001113 94
0.00046668600000110416 95
0.00046679400000115834 94
0.00046680600000037487 95
0.00046691400000042904 94
0.0004669420000009694 95
0.00046703399999969974 94
0.00046704600000069263 95
0.0004671540000007468 94
0.00046716599999996333 95
0.0004672740000000175 94
0.0004672860000010104 95
0.00046739400000106457 94
0.00046751400000033527 93
0.00046752600000132816 94
0.00046763400000138233 93
0.00046764600000059886 94
0.00046775400000065304 93
0.00046776599999986956 94
0.00046787399999992374 93
0.0004678860000009166 94
0.0004679940000009708 93
0.00046800600000018733 94
0.0004681140000002415 93
0.0004681260000012344 94
0.00046818400000070426 95
0.00046823400000128856 94
0.0004682460000005051 95
0.00046835400000055927 94
0.0004683620000012212 95
0.0004683659999997758 96
0.000468424000001022 97
0.00046847399999982997 96
0.00046859400000087703 95
0.00046860600000009356 96
0.00046871400000014773 95
0.0004687260000011406 96
0.0004687840000006105 97
0.0004688340000011948 96
0.0004688460000004113 97
0.0004689540000004655 96
0.000468965999999682 97
0.0004690739999997362 96
0.0004690860000007291 97
0.00046919400000078326 96
0.0004692059999999998 97
0.00046931400000005397 96
0.0004693840000005167 97
0.000469434000001101 96
0.00046946199999986504 97
0.00046955400000037173 96
0.0004696740000014188 95
0.0004697020000001828 96
0.0004697940000006895 95
0.0004698020000013514 96
0.0004699139999999602 95
0.00047003400000100726 94
0.0004700619999997713 95
0.00047010399999969366 96
0.00047015400000027796 95
0.000470274000001325 94
0.0004703940000005957 93
0.0004704220000011361 94
0.00047051399999986643 93
0.0004706340000009135 92
0.0004707540000001842 91
0.00047078200000072457 92
0.00047087400000123125 91
0.00047099400000050196 90
0.00047111399999977266 89
0.00047114200000031303 90
0.0004712340000008197 89
0.0004713540000000904 88
0.0004713660000010833 89
0.0004714740000011375 88
0.0004715940000004082 87
0.00047160600000140107 88
0.0004717139999996789 87
0.0004717220000003408 88
0.00047174200000021926 89
0.00047183400000072595 88
0.00047195399999999665 87
0.00047196600000098954 88
0.0004720740000010437 87
0.0004721940000003144 86
0.0004723140000013615 85
0.0004724340000006322 84
0.0004724459999998487 85
0.0004725539999999029 84
0.00047258900000102244 85
0.00047267400000094995 84
0.00047268500000008373 83
0.0004728050000011308 82
0.00047280600000121353 83
0.0004729250000004015 82
0.0004730449999996722 81
0.00047316500000071926 80
0.00047328499999998996 79
0.000473405000001037 78
0.00047352500000030773 77
0.0004736450000013548 76
0.0004737650000006255 75
0.0004738849999998962 74
0.00047388599999997894 75
0.00047400500000094326 74
0.000474006000001026 75
0.00047412199999996574 76
0.00047412500000021396 75
0.000474245000001261 74
0.0004743650000005317 73
0.0004744849999998024 72
0.0004746050000008495 71
0.0004746060000009322 72
0.0004747250000001202 71
0.00047484500000116725 70
0.00047496500000043795 69
0.00047508499999970866 68
0.0004750859999997914 69
0.0004752050000007557 68
0.00047526400000030833 69
0.0004753250000000264 68
0.0004754450000010735 67
0.0004755650000003442 66
0.0004755660000004269 67
0.0004756239999998968 68
0.00047568500000139124 67
0.00047580500000066195 66
0.00047592499999993265 65
0.0004760450000009797 64
0.00047604600000106245 65
0.0004761650000002504 64
0.00047616600000033316 65
0.0004762850000012975 64
0.0004762860000013802 65
0.0004763440000008501 66
0.0004764050000005682 65
0.0004765249999998389 64
0.00047664500000088594 63
0.00047676500000015665 62
0.0004767660000002394 63
0.0004768850000012037 62
0.0004770050000004744 61
0.00047700600000055715 62
0.0004770179999997737 63
0.0004771249999997451 62
0.0004772450000007922 61
0.0004772460000008749 62
0.0004773650000000629 61
0.00047748500000110994 60
0.0004774860000011927 61
0.00047760500000038064 60
0.0004776060000004634 61
0.0004777250000014277 60
0.0004778450000006984 59
0.0004779649999999691 58
0.00047796600000005185 59
0.00047808500000101617 58
0.00047815499999970257 59
0.00047820500000028687 58
0.0004782060000003696 59
0.00047832500000133393 58
0.0004783260000014167 59
0.00047844500000060464 58
0.00047856499999987534 57
0.0004785659999999581 58
0.0004786350000003381 59
0.0004786850000009224 58
0.00047868600000100514 59
0.0004788050000001931 58
0.00047892500000124016 57
0.0004789260000013229 58
0.00047904500000051087 57
0.00047916499999978157 56
0.0004791659999998643 57
0.00047928500000082863 56
0.00047928600000091137 57
0.00047940500000009934 56
0.0004795250000011464 55
0.00047952600000122914 56
0.0004796450000004171 55
0.00047964600000049984 56
0.0004797649999996878 55
0.00047976599999977054 56
0.00047983500000015056 57
0.00047988500000073486 56
0.0004798860000008176 57
0.00048000500000000557 56
0.0004800060000000883 57
0.0004801250000010526 56
0.00048012600000113537 57
0.00048024500000032333 56
0.0004802570000013162 57
0.0004803650000013704 56
0.0004803770000005869 57
0.0004804850000006411 56
0.0004804969999998576 57
0.0004806049999999118 56
0.00048072500000095886 55
0.00048084500000022956 54
0.00048085700000122245 55
0.0004809650000012766 54
0.00048097700000049315 55
0.00048105100000128687 56
0.0004810850000005473 55
0.00048120499999981803 54
0.0004813250000008651 53
0.0004813370000000816 54
0.0004814450000001358 53
0.0004814570000011287 54
0.00048156500000118285 53
0.0004815770000003994 54
0.00048163499999986925 55
0.00048168500000045356 54
0.00048180499999972426 53
0.00048181700000071714 54
0.0004819250000007713 53
0.00048193699999998785 54
0.000482045000000042 53
0.0004820570000010349 54
0.0004821650000010891 53
0.0004821770000003056 54
0.0004822850000003598 53
0.00048240500000140685 52
0.0004824130000002924 53
0.0004824170000006234 54
0.00048252500000067755 53
0.0004825369999998941 54
0.00048264499999994825 53
0.00048265700000094114 54
0.0004827309999999585 55
0.0004827650000009953 54
0.0004827760000001291 53
0.00048277700000021184 54
0.00048289600000117616 53
0.0004828970000012589 54
0.00048301600000044687 53
0.0004830170000005296 54
0.00048313599999971757 53
0.00048325600000076463 52
0.00048325700000084737 53
0.00048337600000003533 52
0.0004833770000001181 53
0.0004834960000010824 52
0.00048349700000116513 53
0.0004836160000003531 52
0.00048361700000043584 53
0.00048373600000140016 52
0.00048385600000067086 51
0.0004838570000007536 52
0.00048397599999994156 51
0.0004839770000000243 52
0.0004840960000009886 51
0.00048421600000025933 50
0.0004843360000013064 49
0.00048433700000138913 50
0.0004844560000005771 49
0.00048445700000065983 50
0.00048451099999979874 51
0.0004845759999998478 50
0.00048463500000117676 51
0.00048469600000089486 50
0.0004846970000009776 51
0.00048481600000016556 50
0.0004849330000009644 51
0.0004849360000012126 50
0.0004850560000004833 49
0.00048505700000056606 50
0.00048511500000003593 51
0.000485175999999754 50
0.0004852960000008011 49
0.0004854160000000718 48
0.00048541700000015453 49
0.00048547500000140076 50
0.00048553600000111885 49
0.00048565600000038955 48
0.0004856570000004723 49
0.00048577599999966026 48
0.0004858960000007073 47
0.0004859360000004642 48
0.000486015999999978 47
0.00048601700000006076 48
0.000486075000001307 49
0.0004861360000010251 48
0.0004862560000002958 47
0.0004862570000003785 48
0.00048637600000134285 47
0.00048649600000061355 46
0.0004864970000006963 47
0.00048661599999988425 46
0.000486616999999967 47
0.0004866750000012132 48
0.0004867360000009313 47
0.000486856000000202 46
0.00048685700000028476 47
0.0004869760000012491 46
0.0004869770000013318 47
0.0004870960000005198 46
0.0004872159999997905 45
0.0004872240000004524 46
0.00048733600000083754 45
0.00048745600000010825 44
0.000487457000000191 45
0.0004875760000011553 44
0.000487696000000426 43
0.00048769700000050875 44
0.0004878159999996967 43
0.00048781699999977945 44
0.0004879360000007438 43
0.0004880560000000145 42
0.00048817600000106154 41
0.0004881770000011443 42
0.0004882960000003322 41
0.000488297000000415 42
0.0004884160000013793 41
0.0004884169999996857 42
0.00048853600000065 41
0.0004886060000011128 42
0.0004886559999999207 41
0.0004886570000000034 42
0.0004887760000009678 41
0.0004887770000010505 42
0.0004888460000014305 43
0.0004888960000002385 42
0.0004890160000012855 41
0.0004890170000013683 42
0.0004891360000005562 41
0.0004892559999998269 40
0.0004892569999999097 41
0.0004893260000002897 42
0.000489376000000874 41
0.0004893770000009567 42
0.0004894960000001447 41
0.0004894970000002274 42
0.0004896160000011918 41
0.0004896170000012745 42
0.0004897360000004625 41
0.0004897370000005452 42
0.0004898559999997332 41
0.0004899760000007802 40
0.000489977000000863 41
0.0004900960000000509 40
0.0004900970000001337 41
0.000490216000001098 40
0.0004902170000011807 41
0.0004902859999997844 42
0.0004903360000003687 41
0.0004903480000013616 42
0.0004904560000014158 41
0.0004904680000006323 42
0.0004905760000006865 41
0.000490587999999903 42
0.0004906959999999572 41
0.0004907660000004199 42
0.0004908160000010042 41
0.0004908280000002208 42
0.0004909360000002749 41
0.000491056000001322 40
0.0004911760000005927 39
0.0004911879999998092 40
0.0004912959999998634 39
0.0004914160000009105 38
0.000491423999999796 39
0.000491428000000127 40
0.0004915360000001812 39
0.000491548000001174 40
0.0004916560000012282 39
0.0004916680000004447 40
0.0004917259999999146 41
0.0004917760000004989 40
0.0004917870000014091 39
0.0004919070000006798 38
0.0004919080000007625 39
0.0004920269999999505 38
0.0004920280000000332 39
0.0004921470000009975 38
0.0004922220000000976 39
0.0004922670000002682 38
0.000492268000000351 39
0.0004923870000013153 38
0.000492388000001398 39
0.000492507000000586 38
0.0004925080000006687 39
0.0004926269999998567 38
0.0004926279999999394 39
0.0004927470000009038 38
0.0004928670000001745 37
0.0004928680000002572 38
0.0004929870000012215 37
0.0004929880000013043 38
0.0004931070000004922 37
0.000493108000000575 38
0.0004931820000013687 39
0.0004932269999997629 38
0.0004932860000010919 39
0.00049334700000081 38
0.0004933480000008927 39
0.0004934670000000807 38
0.0004934680000001634 39
0.0004935870000011278 38
0.0004935880000012105 39
0.0004936620000002279 40
0.0004937040000001502 41
0.0004937070000003985 40
0.0004937080000004812 41
0.0004938269999996692 40
0.0004938279999997519 41
0.0004939470000007162 40
0.000493948000000799 41
0.0004940669999999869 40
0.0004940680000000697 41
0.000494187000001034 40
0.0004943070000003047 39
0.0004943080000003874 40
0.0004943200000013803 41
0.0004943380000010933 42
0.0004944270000013518 41
0.0004944279999996581 42
0.000494458000000364 43
0.0004945470000006225 42
0.0004945480000007052 43
0.0004945780000014111 44
0.0004946219999997226 45
0.0004946669999998932 44
0.0004946679999999759 45
0.0004947870000009402 44
0.000494788000001023 45
0.0004948179999999525 46
0.0004949070000002109 45
0.0004949080000002937 46
0.0004949380000009995 47
0.000495027000001258 46
0.0004950280000013407 47
0.0004951470000005287 46
0.0004951480000006114 47
0.0004951780000013173 48
0.0004952669999997994 47
0.000495284000001206 48
0.0004953870000008465 47
0.0004953880000009292 48
0.000495394999999732 49
0.0004954179999998587 50
0.0004955070000001172 49
0.0004955080000001999 50
0.0004955380000009058 51
0.0004956270000011642 50
0.000495628000001247 51
0.0004957470000004349 50
0.0004957640000000652 51
0.0004958669999997056 50
0.0004958679999997884 51
0.0004958980000004942 52
0.0004959280000012001 53
0.0004959870000007527 52
0.0004959880000008354 53
0.0004960179999997649 54
0.0004960780000011766 55
0.0004961070000000234 54
0.0004961080000001061 55
0.0004961820000008998 56
0.0004962270000010705 55
0.0004962280000011532 56
0.0004962580000000827 57
0.0004963470000003412 56
0.0004963639999999714 57
0.0004964059999998938 58
0.0004964670000013882 57
0.0004964679999996946 58
0.0004964980000004005 59
0.0004965870000006589 58
0.0004965880000007417 59
0.0004965999999999582 60
0.0004966179999996712 61
0.000496648000000377 62
0.0004966510000006252 63
0.0004967069999999296 62
0.0004967080000000124 63
0.0004967380000007182 64
0.0004968270000009767 63
0.0004969470000002474 62
0.0004969480000003301 63
0.000496978000001036 64
0.0004970170000007101 65
0.0004970670000012944 64
0.0004970680000013772 65
0.0004971870000005651 64
0.0004971880000006479 65
0.0004972160000011883 66
0.0004972180000013537 67
0.0004973069999998359 66
0.0004973240000012424 67
0.0004974270000008829 66
0.0004974280000009657 67
0.0004974579999998952 68
0.0004974970000013457 69
0.0004975270000002752 70
0.0004975470000001536 69
0.000497557000000981 70
0.0004975869999999105 71
0.0004976670000012007 70
0.0004976680000012834 71
0.0004976980000002129 72
0.0004977870000004714 71
0.0004977880000005541 72
0.00049781800000126 73
0.0004979069999997421 72
0.0004979079999998248 73
0.0004979380000005307 74
0.0004980270000007891 73
0.0004980280000008719 74
0.0004980579999998014 75
0.0004981470000000598 74
0.0004981480000001426 75
0.0004982670000011069 74
0.0004982680000011896 75
0.0004982910000013163 76
0.0004982980000001191 77
0.0004983870000003776 76
0.0004984040000000078 77
0.0004985070000014247 76
0.0004985079999997311 77
0.0004985380000004369 78
0.0004986270000006954 77
0.0004986970000011581 78
0.0004987469999999661 77
0.0004987480000000488 78
0.0004987780000007547 79
0.0004988220000008425 80
0.0004988670000010131 79
0.0004988840000006434 80
0.0004989870000002838 79
0.0004989880000003666 80
0.0004990180000010724 81
0.0004990570000007466 82
0.0004990600000009948 83
0.0004991070000013309 82
0.0004991240000009611 83
0.0004992270000006016 82
0.0004992280000006843 83
0.0004993019999997017 84
0.0004993469999998723 83
0.0004993590000008652 84
0.0004993889999997947 85
0.0004994190000005005 86
0.0004994670000009194 85
0.0004994840000005496 86
0.0004994959999997661 87
0.0004995420000000195 88
0.0004995870000001901 87
0.000499599000001183 88
0.0004996290000001125 89
0.0004997070000012371 88
0.0004997190000004537 89
0.0004998270000005078 88
0.0004998389999997244 89
0.0004998690000004302 90
0.0004999130000005181 91
0.0004999469999997785 90
0.0004999640000011851 91
0.0005000670000008256 90
0.0005000790000000421 91
0.000500109000000748 92
0.0005001120000009962 93
0.0005001870000000963 92
0.0005001990000010892 93
0.0005003070000011434 92
0.0005003240000007736 93
0.0005003769999998298 94
0.0005004070000005356 95
0.0005004270000004141 94
0.000500439000001407 95
0.0005004690000003365 96
0.0005005469999996848 95
0.0005005590000006777 96
0.0005005890000013835 97
0.0005006670000007318 96
0.0005006789999999484 97
0.0005007090000006542 98
0.0005007870000000025 97
0.0005007990000009954 98
0.0005008289999999249 99
0.0005008590000006308 100
0.0005009070000010496 99
0.0005009190000002661 100
0.000500949000000972 101
0.0005010270000003203 100
0.0005010390000013132 101
0.0005010690000002427 102
0.0005011470000013674 101
0.0005012670000006381 100
0.0005012789999998546 101
0.0005013869999999088 100
0.0005013990000009017 101
0.0005014289999998311 102
0.0005015070000009558 101
0.0005015930000009661 102
0.0005016270000002265 101
0.0005016390000012194 102
0.0005016690000001489 103
0.0005016990000008548 104
0.0005017470000012736 103
0.0005017590000004901 104
0.0005018670000005443 103
0.0005018840000001745 104
0.0005019530000005545 105
0.000501986999999815 104
0.0005019990000008079 105
0.0005021070000008621 104
0.0005021190000000786 105
0.0005021490000007844 106
0.0005022270000001328 105
0.0005022390000011256 106
0.0005022690000000551 107
0.000502313000000143 108
0.0005023470000011798 107
0.0005023590000003963 108
0.0005023920000013504 109
0.0005024670000004505 108
0.000502478999999667 109
0.0005025090000003729 110
0.0005025390000010788 111
0.0005025869999997212 110
0.0005025990000007141 111
0.00050262900000142 112
0.0005027070000007683 111
0.0005027189999999848 112
0.0005027490000006907 113
0.000502827000000039 112
0.0005028600000009931 113
0.000502947000001086 112
0.0005029590000003026 113
0.0005029890000010084 114
0.0005030080000008041 115
0.0005030189999999379 116
0.0005030670000003568 115
0.0005030790000013496 116
0.0005031090000002791 117
0.000503139000000985 118
0.0005031870000014038 117
0.0005031990000006203 118
0.0005032290000013262 119
0.0005032730000014141 120
0.0005033070000006745 119
0.0005033350000012149 120
0.0005033650000001444 121
0.0005034269999999452 120
0.0005034390000009381 121
0.0005034689999998676 122
0.0005034990000005735 123
0.0005035470000009923 122
0.0005035590000002088 123
0.0005035890000009147 124
0.0005036189999998442 125
0.000503667000000263 124
0.0005036950000008034 125
0.0005037249999997329 126
0.0005037550000004387 127
0.00050378700000131 126
0.0005037990000005266 127
0.0005038290000012324 128
0.0005038590000001619 129
0.0005039070000005808 128
0.0005039189999997973 129
0.0005039490000005031 130
0.000503979000001209 131
0.0005040269999998515 130
0.0005040350000005134 131
0.0005040390000008443 132
0.0005041470000008985 131
0.0005041749999996625 132
0.0005042670000001692 131
0.0005042780000010794 130
0.0005042790000011621 131
0.0005043090000000916 132
0.0005043390000007975 133
0.0005043980000003501 132
0.0005043990000004328 133
0.0005045180000013971 132
0.0005045350000010274 133
0.0005045649999999569 134
0.0005046380000006678 133
0.0005046390000007506 134
0.0005046689999996801 135
0.0005047579999999385 134
0.0005047590000000213 135
0.0005047890000007271 136
0.0005048490000003625 137
0.0005048780000009856 136
0.0005048790000010683 137
0.0005049089999999978 138
0.0005049980000002563 137
0.000504999000000339 138
0.0005050290000010449 139
0.0005050589999999744 140
0.0005051180000013034 139
0.0005051190000013861 140
0.0005051490000003156 141
0.0005051790000010214 142
0.000505208999999951 143
0.0005052380000005741 142
0.0005052390000006568 143
0.0005052690000013627 144
0.0005052990000002922 145
0.0005053579999998448 144
0.0005053589999999275 145
0.0005053890000006334 146
0.0005054190000013392 147
0.0005054780000008918 146
0.0005054950000005221 147
0.0005055980000001625 146
0.0005056149999997928 147
0.0005056450000004986 148
0.0005057180000012096 147
0.0005057190000012923 148
0.0005058380000004803 147
0.0005058550000001105 148
0.0005058850000008164 149
0.000505957999999751 148
0.0005059589999998337 149
0.0005059890000005396 150
0.0005060780000007981 149
0.0005060950000004283 150
0.0005061980000000688 149
0.0005062310000010228 150
0.0005063180000011158 149
0.0005063190000011986 150
0.0005063490000001281 151
0.0005063790000008339 152
0.0005064380000003865 151
0.0005064390000004693 152
0.0005064690000011751 153
0.0005065550000011854 154
0.0005065580000014336 153
0.0005066490000000812 154
0.0005066780000007043 153
0.000506679000000787 154
0.000506797999999975 153
0.0005067990000000577 154
0.000506918000001022 153
0.0005070380000002928 152
0.0005070390000003755 153
0.0005071580000013398 152
0.0005071590000014226 153
0.0005072780000006105 152
0.0005072790000006933 153
0.0005073979999998812 152
0.000507398999999964 153
0.0005074570000012102 154
0.0005075180000009283 153
0.000507519000001011 154
0.000507638000000199 153
0.000507758000001246 152
0.0005077590000013288 153
0.0005077660000001316 154
0.0005078170000007987 155
0.0005078780000005167 154
0.0005078790000005995 155
0.0005079979999997875 154
0.0005079989999998702 155
0.0005080570000011164 156
0.0005081180000008345 155
0.0005081190000009173 156
0.0005082380000001052 155
0.000508239000000188 156
0.0005083580000011523 155
0.000508359000001235 156
0.000508478000000423 155
0.0005084790000005057 156
0.0005085369999999756 157
0.0005085979999996937 156
0.0005085989999997764 157
0.0005087180000007407 156
0.0005087190000008235 157
0.0005088380000000114 156
0.0005088390000000942 157
0.0005089580000010585 156
0.0005089690000001923 155
0.000509079000000412 156
0.0005090890000012394 155
0.0005091989999996827 156
0.0005092090000005101 155
0.0005092570000009289 156
0.0005093190000007297 157
0.0005093289999997808 156
0.0005094390000000004 157
0.0005094490000008278 156
0.0005095590000010475 157
0.0005095690000000985 156
0.0005096790000003182 157
0.0005096890000011456 156
0.0005097990000013652 157
0.0005098090000004163 156
0.0005098679999999689 157
0.000509928999999687 156
0.0005099350000001834 157
0.0005100389999999067 158
0.000510049000000734 157
0.0005101590000009537 158
0.0005101690000000048 157
0.0005101889999998832 158
0.0005102890000010518 157
0.0005103990000012715 158
0.0005104090000003225 157
0.000510429000000201 158
0.0005105290000013696 157
0.0005106389999998129 158
0.0005106490000006403 157
0.0005106619999999396 158
0.0005107130000006066 159
0.0005107590000008599 160
0.000510768999999911 159
0.000510889000000958 158
0.0005108949999996781 159
0.0005109530000009244 160
0.0005110090000002288 159
0.0005111190000004484 160
0.0005111290000012758 159
0.0005111490000011543 160
0.0005112389999997191 161
0.0005112490000005465 160
0.0005113590000007662 161
0.0005113689999998172 160
0.0005114890000008643 159
0.0005114950000013607 160
0.0005115990000010839 161
0.000511609000000135 160
0.0005116290000000134 161
0.000511729000001182 160
0.0005118490000004527 159
0.0005118500000005355 160
0.0005119689999997235 159
0.0005119699999998062 160
0.000512000000000512 161
0.0005120890000007705 160
0.0005120900000008533 161
0.0005122090000000412 160
0.000512210000000124 161
0.0005122400000008298 162
0.000512243000001078 163
0.0005123290000010883 162
0.000512449000000359 161
0.0005124500000004417 162
0.000512569000001406 161
0.0005125699999997124 162
0.0005126890000006767 161
0.0005126950000011732 162
0.0005128089999999474 161
0.0005129290000009945 160
0.0005130490000002652 159
0.0005130550000007617 160
0.0005131690000013123 159
0.000513289000000583 158
0.0005134089999998537 157
0.0005135290000009007 156
0.0005136490000001714 155
0.0005136550000006679 156
0.0005137690000012185 155
0.0005138890000004892 154
0.0005140089999997599 153
0.000514129000000807 152
0.0005141350000013034 153
0.0005142490000000777 152
0.0005143690000011247 151
0.0005144890000003954 150
0.0005144950000008919 151
0.0005146089999996661 150
0.0005147290000007132 149
0.0005148489999999839 148
0.0005148500000000666 149
0.0005148800000007725 150
0.000514969000001031 149
0.0005150890000003017 148
0.0005151059999999319 149
0.0005152090000013487 148
0.0005153290000006194 147
0.0005154489999998901 146
0.0005155690000009372 145
0.0005156890000002079 144
0.000515809000001255 143
0.0005159290000005257 142
0.0005160489999997964 141
0.0005161690000008434 140
0.0005162890000001141 139
0.0005164090000011612 138
0.0005165290000004319 137
0.0005166489999997026 136
0.0005167190000001654 137
0.0005167690000007497 136
0.0005168890000000204 135
0.0005170090000010674 134
0.0005171290000003381 133
0.0005172490000013852 132
0.0005173690000006559 131
0.0005174889999999266 130
0.0005176090000009737 129
0.0005177290000002444 128
0.0005178490000012914 127
0.0005179690000005621 126
0.000517977000001224 127
0.0005180889999998328 126
0.0005182090000008799 125
0.0005183290000001506 124
0.0005184490000011976 123
0.0005185690000004683 122
0.000518688999999739 121
0.0005187590000002018 122
0.0005188090000007861 121
0.0005189290000000568 120
0.0005189410000010497 121
0.0005190490000011039 120
0.0005191189999997903 121
0.0005191690000003746 120
0.0005192890000014216 119
0.0005194090000006923 118
0.0005194209999999089 119
0.0005194790000011551 120
0.000519528999999963 119
0.0005196490000010101 118
0.0005196610000002266 119
0.0005197690000002808 118
0.0005198890000013279 117
0.0005199010000005444 118
0.0005200090000005986 117
0.0005201289999998693 116
0.0005201410000008622 117
0.000520199000000332 118
0.0005202490000009163 117
0.000520369000000187 116
0.0005204890000012341 115
0.0005205010000004506 116
0.0005206090000005048 115
0.0005207289999997755 114
0.0005207410000007684 115
0.0005208490000008226 114
0.0005209690000000933 113
0.0005210890000011403 112
0.0005211010000003569 113
0.000521209000000411 112
0.0005213289999996817 111
0.0005214490000007288 110
0.0005214609999999453 111
0.0005215689999999995 110
0.0005216890000010466 109
0.0005217010000002631 110
0.0005218090000003173 109
0.0005218520000003224 110
0.0005219290000013643 109
0.000522049000000635 108
0.0005221689999999057 107
0.0005221810000008986 108
0.0005222890000009528 107
0.0005222969999998384 108
0.0005223010000001693 109
0.0005224090000002235 108
0.0005225290000012706 107
0.0005225410000004871 108
0.000522598999999957 109
0.0005226490000005413 108
0.000522768999999812 107
0.000522889000000859 106
0.0005230090000001297 105
0.0005230210000011226 106
0.0005231290000011768 105
0.0005231410000003933 106
0.0005232490000004475 105
0.000523260999999664 106
0.0005233689999997182 105
0.0005234890000007653 104
0.0005235009999999818 105
0.000523609000000036 104
0.000523729000001083 103
0.0005237410000002996 104
0.0005238490000003537 103
0.0005238610000013466 104
0.0005239190000008165 105
0.0005239690000014008 104
0.0005240890000006715 103
0.000524100999999888 104
0.0005242089999999422 103
0.0005243290000009893 102
0.0005243410000002058 103
0.00052444900000026 102
0.000524569000001307 101
0.0005245810000005235 102
0.0005246890000005777 101
0.0005248089999998484 100
0.0005249290000008955 99
0.000524941000000112 100
0.0005250490000001662 99
0.0005251690000012132 98
0.0005251810000004298 99
0.000525289000000484 98
0.0005253009999997005 99
0.0005254089999997547 98
0.0005255290000008017 97
0.0005256490000000724 96
0.0005256610000010653 97
0.0005257690000011195 96
0.0005258890000003902 95
0.0005259010000013831 96
0.0005260089999996609 95
0.0005260210000006538 96
0.000526129000000708 95
0.0005261409999999245 96
0.0005262489999999787 95
0.0005262610000009715 96
0.0005263190000004414 97
0.0005263690000010257 96
0.0005264890000002964 95
0.0005266090000013435 94
0.00052662100000056 95
0.0005267290000006142 94
0.0005267409999998307 95
0.0005268489999998849 94
0.0005269690000009319 93
0.0005269810000001485 94
0.0005270890000002026 93
0.0005271010000011955 94
0.0005272090000012497 93
0.0005273290000005204 92
0.0005274489999997911 91
0.000527461000000784 92
0.0005275190000002539 93
0.0005275690000008382 92
0.0005275769999997237 93
0.0005276890000001089 92
0.0005277010000011018 93
0.0005278090000011559 92
0.0005278210000003725 93
0.0005279290000004266 92
0.0005280489999996973 91
0.0005280610000006902 92
0.0005281690000007444 91
0.0005281809999999609 92
0.0005282890000000151 91
0.0005284090000010622 90
0.0005284210000002787 91
0.0005285290000003329 90
0.0005286490000013799 89
0.0005286610000005965 90
0.0005287690000006506 89
0.0005288889999999213 88
0.0005288970000005833 89
0.0005290090000009684 88
0.0005290210000001849 89
0.0005291290000002391 88
0.0005292490000012862 87
0.0005292610000005027 88
0.0005293690000005569 87
0.0005293809999997734 88
0.0005294889999998276 87
0.0005296090000008746 86
0.0005296210000000912 87
0.0005297290000001453 86
0.0005298490000011924 85
0.0005298610000004089 86
0.0005299690000004631 85
0.0005300889999997338 84
0.0005301590000001966 85
0.0005302090000007809 84
0.0005302209999999974 85
0.0005303290000000516 84
0.0005304490000010986 83
0.0005304610000003152 84
0.0005305690000003693 83
0.0005305810000013622 84
0.0005306890000014164 83
0.0005307010000006329 84
0.0005308090000006871 83
0.0005308209999999036 84
0.0005309289999999578 83
0.0005309410000009507 84
0.0005309990000004206 85
0.0005310490000010049 84
0.0005311690000002756 83
0.0005311810000012684 84
0.0005312890000013226 83
0.0005313010000005391 84
0.0005314090000005933 83
0.0005314790000010561 84
0.000531528999999864 83
0.0005315410000008569 84
0.0005316490000009111 83
0.0005316610000001276 84
0.0005317690000001818 83
0.0005317810000011747 84
0.0005318390000006445 85
0.0005318890000012289 84
0.0005319000000003626 83
0.0005320200000014097 82
0.0005320209999997161 83
0.0005321400000006804 82
0.0005321410000007631 83
0.0005322599999999511 82
0.0005323770000007499 83
0.0005323800000009982 82
0.0005323810000010809 83
0.0005324390000005508 84
0.0005325000000002689 83
0.0005326200000013159 82
0.0005327400000005866 81
0.0005328599999998573 80
0.0005328609999999401 81
0.0005329800000009044 80
0.0005329810000009871 81
0.0005331000000001751 80
0.0005331010000002578 81
0.0005331589999997277 82
0.0005332200000012222 81
0.0005332210000013049 82
0.0005333400000004929 81
0.0005333410000005756 82
0.0005334599999997636 81
0.0005335800000008106 80
0.0005335810000008934 81
0.0005337000000000813 80
0.0005337010000001641 81
0.0005338200000011284 80
0.000533879000000681 81
0.0005339400000003991 80
0.0005340599999996698 79
0.0005340609999997525 80
0.0005341800000007169 79
0.0005341810000007996 80
0.0005342999999999876 79
0.0005344200000010346 78
0.0005344210000011174 79
0.0005345400000003053 78
0.0005345410000003881 79
0.0005346600000013524 78
0.0005346609999996588 79
0.0005347800000006231 78
0.0005347810000007058 79
0.0005348999999998938 78
0.0005349590000012228 79
0.0005350200000009409 78
0.0005350210000010236 79
0.0005350310000000746 78
0.0005351410000002943 79
0.0005351510000011217 78
0.0005352610000013414 79
0.0005352710000003924 78
0.0005353190000008112 79
0.0005353810000006121 80
0.0005353909999996631 79
0.0005355009999998828 80
0.0005355110000007102 79
0.0005356309999999809 78
0.0005357410000002005 79
0.0005357510000010279 78
0.0005358610000012476 79
0.0005358710000002986 78
0.0005359910000013457 77
0.000536100999999789 78
0.0005361110000006164 77
0.0005362210000008361 78
0.0005362309999998871 77
0.0005363510000009342 76
0.0005364610000011538 77
0.0005364710000002049 76
0.0005365810000004245 77
0.0005365910000012519 76
0.0005367009999996952 77
0.0005367110000005226 76
0.0005368210000007423 77
0.0005368309999997933 76
0.000536941000000013 77
0.0005369510000008404 76
0.00053706100000106 77
0.0005370710000001111 76
0.0005371810000003308 77
0.0005371910000011582 76
0.0005373110000004289 75
0.0005374309999996996 74
0.0005375409999999192 75
0.0005375510000007466 74
0.0005376610000009663 75
0.0005376710000000173 74
0.0005377910000010644 73
0.00053779899999995 74
0.000537901000001284 75
0.0005379110000003351 74
0.0005380210000005547 75
0.0005380310000013822 74
0.0005381409999998255 75
0.0005381510000006529 74
0.0005382100000002055 75
0.0005382610000008725 76
0.0005382709999999236 75
0.0005383810000001432 76
0.0005383910000009706 75
0.0005384500000005232 76
0.0005385010000011903 77
0.0005385110000002413 76
0.000538621000000461 77
0.0005386310000012884 76
0.0005387409999997317 77
0.0005387510000005591 76
0.0005388610000007787 77
0.0005388709999998298 76
0.0005389000000004529 77
0.0005389810000000494 78
0.0005389910000008769 77
0.0005391010000010965 78
0.0005391110000001476 77
0.0005392210000003672 78
0.0005392310000011946 77
0.0005393410000014143 78
0.0005393510000004653 77
0.000539470999999736 76
0.0005394719999998188 77
0.0005395910000007831 76
0.0005395920000008658 77
0.0005397110000000538 76
0.0005398310000011008 75
0.0005398320000011836 76
0.0005399510000003716 75
0.0005400710000014186 74
0.0005401910000006893 73
0.00054031099999996 72
0.0005403120000000428 73
0.0005404310000010071 72
0.0005404369999997272 73
0.0005405510000002778 72
0.0005406710000013248 71
0.0005407910000005955 70
0.0005409109999998662 69
0.0005410310000009133 68
0.0005410370000014098 69
0.000541151000000184 68
0.0005412710000012311 67
0.0005412790000001166 68
0.0005413910000005018 67
0.0005413970000009982 68
0.0005415109999997725 67
0.0005416310000008195 66
0.0005417510000000902 65
0.0005417570000005867 66
0.0005418710000011373 65
0.000541991000000408 64
0.0005421109999996787 63
0.0005421170000001752 64
0.0005422310000007258 63
0.0005423509999999965 62
0.0005424710000010435 61
0.0005425910000003142 60
0.0005427110000013613 59
0.000542831000000632 58
0.0005429010000010948 59
0.0005429509999999027 58
0.0005430710000009498 57
0.0005431910000002205 56
0.0005433110000012675 55
0.0005434310000005382 54
0.0005435509999998089 53
0.0005435630000008018 54
0.0005436210000002717 55
0.000543671000000856 54
0.0005437910000001267 53
0.0005439110000011738 52
0.0005440310000004445 51
0.0005441509999997152 50
0.0005442710000007622 49
0.0005442829999999788 50
0.0005443910000000329 49
0.0005444030000010258 50
0.00054451100000108 49
0.0005446310000003507 48
0.0005446430000013436 49
0.0005447510000013978 48
0.0005447630000006143 49
0.0005448710000006685 48
0.0005448790000013304 49
0.000544882999999885 50
0.0005449909999999392 49
0.000545003000000932 50
0.0005451110000009862 49
0.0005451230000002028 50
0.0005452310000002569 49
0.0005452430000012498 50
0.0005453010000007197 51
0.000545351000001304 50
0.0005454710000005747 49
0.0005454829999997912 50
0.0005455909999998454 49
0.0005456030000008383 50
0.0005457110000008925 49
0.000545723000000109 50
0.0005458310000001632 49
0.000545843000001156 50
0.0005459510000012102 49
0.0005459630000004267 50
0.0005460710000004809 49
0.0005461410000009437 50
0.0005461909999997516 49
0.0005463110000007987 48
0.0005463230000000152 49
0.0005464310000000694 48
0.0005464430000010623 49
0.0005465010000005321 50
0.0005465510000011164 49
0.000546563000000333 50
0.0005466710000003872 49
0.00054668300000138 50
0.0005467909999996579 49
0.0005468030000006507 50
0.0005469110000007049 49
0.0005469229999999214 50
0.0005469810000011677 51
0.0005470309999999756 50
0.0005471510000010227 49
0.0005471630000002392 50
0.0005472710000002934 49
0.0005472830000012863 50
0.0005473910000013404 49
0.000547403000000557 50
0.0005475110000006111 49
0.0005475229999998277 50
0.0005475810000010739 51
0.0005476309999998819 50
0.0005476430000008747 51
0.0005477510000009289 50
0.0005478710000001996 49
0.0005478830000011925 50
0.0005479910000012467 49
0.0005480030000004632 50
0.0005480609999999331 51
0.0005481110000005174 50
0.0005481229999997339 51
0.0005482309999997881 50
0.0005482420000006982 49
0.000548243000000781 50
0.0005483619999999689 49
0.0005483630000000517 50
0.000548482000001016 49
0.0005484830000010987 50
0.0005486020000002867 49
0.0005486609999998393 50
0.0005487220000013338 49
0.0005487230000014165 50
0.0005488420000006045 49
0.0005488430000006872 50
0.0005489619999998752 49
0.0005490820000009222 48
0.000549083000001005 49
0.0005492020000001929 48
0.0005492030000002757 49
0.00054932200000124 48
0.0005493230000013227 49
0.0005494390000002625 50
0.0005494420000005107 49
0.0005495010000000633 50
0.0005495619999997814 49
0.0005495629999998641 50
0.0005496820000008285 49
0.0005496830000009112 50
0.0005498020000000992 49
0.0005499220000011462 48
0.000549923000001229 49
0.0005499810000006988 50
0.0005500420000004169 49
0.0005501619999996876 48
0.0005501629999997704 49
0.0005502820000007347 48
0.0005504020000000054 47
0.0005504030000000881 48
0.0005505220000010524 47
0.0005506420000003232 46
0.0005507620000013702 45
0.0005507629999996766 46
0.0005508820000006409 45
0.0005510019999999116 44
0.0005510029999999944 45
0.0005511220000009587 44
0.0005512420000002294 43
0.0005512430000003121 44
0.0005513620000012764 43
0.0005514820000005471 42
0.0005514830000006299 43
0.0005516019999998178 42
0.0005517220000008649 41
0.0005517230000009476 42
0.0005518420000001356 41
0.0005518430000002184 42
0.0005519620000011827 41
0.0005520820000004534 40
0.0005520900000011153 41
0.0005522019999997241 40
0.0005523220000007711 39
0.0005523230000008539 40
0.0005523810000003238 41
0.0005524420000000418 40
0.0005525620000010889 39
0.0005526820000003596 38
0.0005526830000004423 39
0.0005527409999999122 40
0.0005528020000014067 39
0.0005529220000006774 38
0.0005529230000007601 39
0.0005530419999999481 38
0.0005530430000000308 39
0.0005531620000009951 38
0.0005532820000002658 37
0.0005532830000003486 38
0.0005534020000013129 37
0.0005534030000013956 38
0.0005534100000001985 39
0.0005535220000005836 38
0.0005536419999998543 37
0.000553642999999937 38
0.0005537620000009014 37
0.0005537630000009841 38
0.0005538820000001721 37
0.0005538830000002548 38
0.0005540020000012191 37
0.0005540030000013019 38
0.0005541220000004898 37
0.0005542419999997605 36
0.0005542429999998433 37
0.0005543620000008076 36
0.0005544820000000783 35
0.000554483000000161 36
0.0005546020000011254 35
0.0005546030000012081 36
0.0005547220000003961 35
0.0005548419999996668 34
0.0005549620000007138 33
0.0005549630000007966 34
0.0005550320000011766 35
0.0005550819999999845 34
0.0005550830000000673 35
0.0005552020000010316 34
0.000555271999999718 35
0.0005553220000003023 34
0.0005554420000013494 33
0.0005554430000014321 34
0.0005555620000006201 33
0.0005555630000007028 34
0.0005556819999998908 33
0.0005558020000009378 32
0.0005558140000001544 33
0.0005559220000002085 32
0.0005559340000012014 33
0.0005560420000012556 32
0.0005561620000005263 31
0.0005561739999997428 32
0.000556281999999797 31
0.0005562940000007899 32
0.0005563060000000064 33
0.0005564020000008441 32
0.0005564140000000606 33
0.0005564720000013068 34
0.0005565220000001148 33
0.0005565340000011076 34
0.0005566420000011618 33
0.0005566540000003783 34
0.0005567620000004325 33
0.0005567740000014254 34
0.0005568819999997032 33
0.0005568940000006961 34
0.0005570020000007503 33
0.000557122000000021 32
0.0005571340000010139 33
0.0005571920000004837 34
0.000557242000001068 33
0.0005572540000002846 34
0.0005573620000003388 33
0.0005573740000013316 34
0.0005574820000013858 33
0.0005575520000000722 34
0.0005576020000006565 33
0.000557613999999873 34
0.0005577219999999272 33
0.0005578420000009743 32
0.0005578540000001908 33
0.0005579280000009845 34
0.000557962000000245 33
0.0005579740000012379 34
0.000558082000001292 33
0.0005580900000001776 34
0.0005580940000005086 35
0.0005581519999999784 36
0.0005581820000006843 37
0.0005582020000005627 36
0.0005582139999997793 37
0.0005583219999998335 36
0.0005584420000008805 35
0.000558454000000097 36
0.0005585620000001512 35
0.0005585740000011441 36
0.0005586820000011983 35
0.0005586940000004148 36
0.0005587519999998847 37
0.000558802000000469 36
0.0005588139999996855 37
0.0005589219999997397 36
0.0005590420000007867 35
0.0005590540000000033 36
0.0005591620000000574 35
0.0005591740000010503 36
0.0005592320000005202 37
0.0005592820000011045 36
0.000559294000000321 37
0.0005593680000011148 38
0.0005594020000003752 37
0.0005594140000013681 38
0.0005595220000014223 37
0.0005595340000006388 38
0.000559642000000693 37
0.0005597619999999637 36
0.0005597700000006256 37
0.0005597740000009566 38
0.0005598320000004264 39
0.0005598820000010107 38
0.0005598940000002273 39
0.0005600020000002814 38
0.0005600880000002917 39
0.0005601220000013285 38
0.000560134000000545 39
0.0005602420000005992 38
0.0005602539999998157 39
0.0005603619999998699 38
0.0005603740000008628 39
0.000560482000000917 38
0.0005604940000001335 39
0.0005605240000008394 40
0.0005606020000001877 39
0.0005606720000006504 40
0.0005607220000012347 39
0.0005607340000004513 40
0.0005607640000011571 41
0.0005608420000005054 40
0.0005608500000011674 41
0.000560853999999722 42
0.0005608840000004278 43
0.0005609619999997761 42
0.000560974000000769 43
0.0005609859999999856 44
0.0005610039999996985 45
0.0005610820000008232 44
0.0005610940000000397 45
0.0005611240000007456 46
0.0005611539999996751 47
0.0005612020000000939 46
0.000561322000001141 45
0.0005613340000003575 46
0.0005613640000010633 47
0.0005614420000004117 46
0.0005614540000014046 47
0.000561484000000334 48
0.0005615619999996824 47
0.0005615740000006753 48
0.0005616040000013811 49
0.0005616479999996926 50
0.0005616820000007294 49
0.0005617100000012698 50
0.0005618020000000001 49
0.000561814000000993 50
0.0005619220000010472 49
0.0005619340000002637 50
0.0005619640000009696 51
0.0005620420000003179 50
0.0005620540000013108 51
0.0005620840000002403 52
0.0005621280000003281 53
0.000562162000001365 52
0.0005621740000005815 53
0.0005622040000012873 54
0.0005622820000006357 53
0.000562310000001176 54
0.0005624019999999064 53
0.0005624140000008993 54
0.0005624439999998287 55
0.0005624740000005346 56
0.0005625220000009534 55
0.00056253400000017 56
0.0005626420000002241 55
0.000562654000001217 56
0.0005626660000004335 57
0.0005626840000001465 58
0.0005627140000008524 59
0.0005627439999997819 60
0.0005627620000012712 59
0.0005627740000004877 60
0.0005628040000011936 61
0.0005628820000005419 60
0.0005628939999997584 61
0.0005629840000000996 62
0.0005630019999998126 61
0.000563030000000353 62
0.0005631220000008597 61
0.0005631500000014 62
0.0005632420000001304 61
0.0005632540000011232 62
0.0005632840000000527 63
0.0005633620000011774 62
0.000563374000000394 63
0.0005634040000010998 64
0.0005634820000004481 63
0.0005634939999996647 64
0.0005635680000004584 65
0.0005636019999997188 64
0.0005636300000002592 65
0.0005637220000007659 64
0.0005637339999999824 65
0.0005637460000009753 66
0.0005637640000006883 67
0.0005638420000000366 66
0.0005638540000010295 67
0.0005638819999997935 68
0.000563883999999959 69
0.0005639620000010837 68
0.0005639740000003002 69
0.000564004000001006 70
0.0005640480000010939 71
0.0005640820000003544 70
0.0005640940000013472 71
0.0005642020000014014 70
0.0005642140000006179 71
0.0005642440000013238 72
0.0005642530000002921 73
0.0005643220000006721 72
0.0005643339999998886 73
0.0005643640000005945 74
0.0005643940000013004 75
0.0005644419999999428 74
0.0005644540000009357 75
0.0005645440000012769 76
0.0005645620000009899 75
0.0005645740000002064 76
0.0005646319999996763 77
0.0005646820000002606 76
0.000564710000000801 77
0.0005648020000013076 76
0.0005648140000005242 77
0.00056484400000123 78
0.0005649220000005784 77
0.0005649500000011187 78
0.0005650240000001361 79
0.000565041999999849 78
0.0005650540000008419 79
0.0005650839999997714 80
0.0005651620000008961 79
0.0005652820000001668 78
0.0005652940000011597 79
0.0005653240000000892 80
0.0005653680000001771 81
0.0005654020000012139 80
0.0005654140000004304 81
0.0005654440000011363 82
0.0005655220000004846 81
0.0005655339999997011 82
0.0005655620000002415 83
0.000565564000000407 84
0.0005656080000004948 85
0.0005656380000012007 86
0.0005656419999997553 85
0.0005656680000001302 86
0.000565698000000836 87
0.0005657279999997655 88
0.0005657620000008023 87
0.0005657900000013427 88
0.000565882000000073 87
0.0005658940000010659 88
0.0005660020000011201 87
0.0005660140000003366 88
0.0005661220000003908 87
0.0005661340000013837 88
0.0005661640000003132 89
0.0005662419999996615 88
0.0005662540000006544 89
0.0005662840000013603 90
0.0005663620000007086 89
0.0005663739999999251 90
0.000566404000000631 91
0.0005664340000013368 92
0.0005664819999999793 91
0.0005664940000009722 92
0.0005666020000010263 91
0.0005666140000002429 92
0.0005666420000007832 93
0.0005666440000009487 94
0.000566722000000297 93
0.0005667340000012899 94
0.0005667640000002194 95
0.0005667780000013778 96
0.0005667940000009253 97
0.0005668420000013441 96
0.0005668700000001081 97
0.0005669620000006148 96
0.0005669739999998313 97
0.0005670040000005372 98
0.0005670819999998855 97
0.0005671100000004259 98
0.0005672020000009326 97
0.0005672140000001491 98
0.000567244000000855 99
0.0005672880000009428 100
0.0005673220000002033 99
0.0005673340000011962 100
0.0005673640000001257 101
0.0005674420000012503 100
0.0005674540000004669 101
0.0005674840000011727 102
0.000567562000000521 101
0.0005675739999997376 102
0.0005676320000009838 103
0.0005676819999997917 102
0.0005676940000007846 103
0.0005677239999997141 104
0.00056775400000042 105
0.0005678020000008388 104
0.0005678140000000553 105
0.0005679220000001095 104
0.0005679500000006499 105
0.0005680420000011566 104
0.0005680540000003731 105
0.0005681620000004273 104
0.0005681900000009676 105
0.000568281999999698 104
0.0005682940000006909 105
0.0005683240000013967 106
0.0005683540000003262 107
0.000568402000000745 106
0.0005684139999999616 107
0.0005684440000006674 108
0.0005684580000000494 109
0.0005685220000000157 108
0.0005685340000010086 109
0.0005685639999999381 110
0.0005686420000010628 109
0.0005686540000002793 110
0.0005687620000003335 109
0.0005687740000013264 110
0.0005688040000002559 111
0.0005688340000009617 112
0.0005688820000013806 111
0.0005689100000001446 112
0.0005690020000006513 111
0.0005690139999998678 112
0.0005690440000005736 113
0.0005690740000012795 114
0.000569121999999922 113
0.0005691340000009149 114
0.0005691639999998443 115
0.000569242000000969 114
0.000569269999999733 115
0.0005693620000002397 114
0.0005693740000012326 115
0.0005694040000001621 116
0.0005694820000012868 115
0.0005694940000005033 116
0.0005695240000012092 117
0.0005695380000005912 118
0.0005695540000001387 119
0.0005696020000005575 118
0.0005696300000010979 119
0.0005696600000000274 120
0.0005696740000011857 121
0.0005696900000007332 122
0.0005697219999998282 121
0.0005697340000008211 122
0.0005697659999999161 123
0.0005698420000008753 122
0.0005698700000014156 123
0.0005699000000003451 124
0.000569930000001051 125
0.000569962000000146 124
0.0005699740000011388 125
0.0005700060000002338 126
0.000570082000001193 125
0.000570109999999957 126
0.0005701400000006629 127
0.0005701840000007508 128
0.0005702020000004637 127
0.0005702300000010041 128
0.0005702599999999336 129
0.0005703219999997344 128
0.0005703340000007273 129
0.0005703640000014332 130
0.0005703940000003627 131
0.0005704420000007815 130
0.000570453999999998 131
0.0005704840000007039 132
0.0005705620000000522 131
0.0005705740000010451 132
0.0005706039999999746 133
0.0005706340000006804 134
0.0005706640000013863 135
0.0005706820000010993 134
0.0005706940000003158 135
0.0005707240000010216 136
0.0005707539999999511 137
0.00057080200000037 136
0.0005708460000004578 137
0.000570922000001417 136
0.0005709340000006335 137
0.0005709640000013394 138
0.0005710420000006877 137
0.0005710539999999042 138
0.0005710860000007756 139
0.0005711619999999584 138
0.0005711740000009513 139
0.0005712039999998808 140
0.0005712340000005867 141
0.0005712820000010055 140
0.0005714020000002762 139
0.0005714140000012691 140
0.0005714440000001986 141
0.0005714740000009044 142
0.0005715220000013232 141
0.0005715500000000873 142
0.000571642000000594 141
0.0005716539999998105 142
0.0005716840000005163 143
0.0005717619999998647 142
0.0005717740000008575 143
0.0005718059999999525 144
0.0005718820000009117 143
0.0005719099999996757 144
0.0005719520000013745 145
0.000571982000000304 146
0.0005720020000001824 145
0.0005720140000011753 146
0.0005720440000001048 147
0.0005720740000008107 148
0.0005721220000012295 147
0.0005722420000005002 146
0.0005722500000011621 147
0.0005722539999997167 148
0.000572286000000588 149
0.0005723250000002622 150
0.0005723619999997709 149
0.000572482000000818 148
0.0005724940000000345 149
0.0005725260000009058 150
0.0005726020000000887 149
0.0005726140000010815 150
0.0005727220000011357 149
0.0005727340000003522 150
0.0005727919999998221 151
0.0005728420000004064 150
0.0005728540000013993 151
0.0005729619999996771 150
0.00057297400000067 151
0.0005730820000007242 150
0.000573092999999858 149
0.000573126000000812 150
0.000573213000000905 149
0.0005732140000009878 150
0.0005733330000001757 149
0.0005733340000002585 150
0.0005733660000011298 151
0.0005734000000003903 152
0.0005734530000012228 151
0.0005735730000004935 150
0.0005735740000005762 151
0.0005736059999996712 152
0.0005736360000003771 153
0.0005736929999997642 152
0.0005736939999998469 153
0.0005738130000008113 152
0.000573814000000894 153
0.000573845999999989 154
0.000573933000000082 153
0.000574053000001129 152
0.0005740540000012118 153
0.0005741730000003997 152
0.0005741740000004825 153
0.0005742929999996704 152
0.0005742939999997532 153
0.0005743520000009994 154
0.0005744130000007175 153
0.0005745329999999882 152
0.0005745340000000709 153
0.0005746530000010353 152
0.000574654000001118 153
0.000574773000000306 152
0.0005747740000003887 153
0.000574893000001353 152
0.0005748939999996594 153
0.0005749520000009056 154
0.0005750130000006237 153
0.0005750720000001763 154
0.0005751329999998944 153
0.0005751339999999772 154
0.0005752530000009415 153
0.0005753730000002122 152
0.0005753740000002949 153
0.0005754930000012592 152
0.000575494000001342 153
0.0005755520000008119 154
0.00057561300000053 153
0.0005756140000006127 154
0.0005757329999998007 153
0.0005757339999998834 154
0.0005758530000008477 153
0.0005758540000009305 154
0.00057588399999986 155
0.0005758870000001082 156
0.0005759730000001184 155
0.0005759740000002012 156
0.0005760930000011655 155
0.0005762130000004362 154
0.0005762140000005189 155
0.0005762440000012248 156
0.0005763329999997069 155
0.0005763339999997896 156
0.0005764530000007539 155
0.0005764540000008367 156
0.0005765120000003066 157
0.0005765730000000246 156
0.0005765740000001074 157
0.0005766040000008132 158
0.0005766930000010717 157
0.0005766940000011544 158
0.0005768130000003424 157
0.0005769330000013895 156
0.0005769339999996959 157
0.0005769640000004017 158
0.0005770530000006602 157
0.0005770540000007429 158
0.0005771729999999309 157
0.0005771900000013375 158
0.0005772930000009779 157
0.0005772940000010607 158
0.0005774130000002486 157
0.0005775330000012957 156
0.0005775500000009259 157
0.0005776530000005664 156
0.0005776540000006491 157
0.0005777729999998371 156
0.0005777739999999199 157
0.0005778040000006257 158
0.0005778930000008842 157
0.0005778940000009669 158
0.0005780130000001549 157
0.0005780299999997851 158
0.0005781330000012019 157
0.0005781340000012847 158
0.0005782530000004726 157
0.0005782540000005554 158
0.0005782840000012612 159
0.0005783729999997433 158
0.0005783739999998261 159
0.0005784480000006198 160
0.0005784930000007904 159
0.0005784940000008731 160
0.0005786130000000611 159
0.0005786140000001438 160
0.0005786440000008497 161
0.0005787330000011082 160
0.0005787340000011909 161
0.0005788530000003789 160
0.0005788540000004616 161
0.0005788840000011675 162
0.0005789730000014259 161
0.0005790930000006966 160
0.0005790940000007794 161
0.0005792129999999673 160
0.0005792140000000501 161
0.0005792440000007559 162
0.0005793330000010144 161
0.0005793500000006446 162
0.0005794080000001145 163
0.0005794530000002851 162
0.0005795730000013322 161
0.0005795900000009624 162
0.0005796930000006029 161
0.0005798129999998736 160
0.0005799330000009206 159
0.0005800530000001913 158
0.0005801730000012384 157
0.0005801900000008686 158
0.0005802930000005091 157
0.0005804129999997798 156
0.0005805330000008269 155
0.0005806530000000976 154
0.0005806699999997278 155
0.0005807730000011446 154
0.0005808930000004153 153
0.0005809010000010773 154
0.000581012999999686 153
0.0005810300000010926 154
0.0005811330000007331 153
0.0005811500000003633 154
0.0005812530000000038 153
0.0005813730000010509 152
0.0005813900000006811 153
0.0005814930000003216 152
0.0005816130000013686 151
0.0005816300000009988 152
0.0005817330000006393 151
0.00058185299999991 150
0.0005819730000009571 149
0.0005819900000005873 150
0.0005820930000002278 149
0.0005822130000012748 148
0.0005823330000005456 147
0.0005824529999998163 146
0.0005825730000008633 145
0.000582693000000134 144
0.0005828130000011811 143
0.0005829330000004518 142
0.0005830529999997225 141
0.0005831730000007695 140
0.0005832930000000403 139
0.0005834130000010873 138
0.000583533000000358 137
0.0005836530000014051 136
0.0005837730000006758 135
0.0005838929999999465 134
0.0005840130000009935 133
0.0005841330000002642 132
0.0005841410000009262 133
0.0005842530000013113 132
0.0005843229999999977 133
0.000584373000000582 132
0.0005844929999998527 131
0.0005846130000008998 130
0.0005847330000001705 129
0.0005848530000012175 128
0.0005849730000004882 127
0.000585043000000951 128
0.0005850929999997589 127
0.000585213000000806 126
0.0005853330000000767 125
0.0005854030000005395 126
0.0005854530000011238 125
0.0005855730000003945 124
0.0005856929999996652 123
0.0005858130000007122 122
0.0005859329999999829 121
0.00058605300000103 120
0.0005860650000002465 121
0.0005861730000003007 120
0.0005862430000007635 121
0.0005862930000013478 120
0.0005864130000006185 119
0.000586424999999835 120
0.0005865329999998892 119
0.0005866530000009362 118
0.0005866650000001528 119
0.0005867730000002069 118
0.0005867810000008689 119
0.000586893000001254 118
0.0005870130000005247 117
0.0005871329999997954 116
0.0005872530000008425 115
0.000587265000000059 116
0.0005873230000013052 117
0.0005873730000001132 116
0.0005874930000011602 115
0.0005876130000004309 114
0.0005877329999997016 113
0.0005877450000006945 114
0.0005878030000001644 115
0.0005878530000007487 114
0.0005879730000000194 113
0.0005880930000010665 112
0.000588105000000283 113
0.0005882130000003372 112
0.0005883330000013842 111
0.0005883450000006007 112
0.0005884530000006549 111
0.0005885729999999256 110
0.0005885850000009185 111
0.0005886930000009727 110
0.0005888130000002434 109
0.0005889330000012905 108
0.000588945000000507 109
0.0005890530000005612 108
0.0005891729999998319 107
0.0005892930000008789 106
0.0005893630000013417 107
0.0005894130000001496 106
0.0005895330000011967 105
0.0005896530000004674 104
0.0005896649999996839 105
0.0005897729999997381 104
0.0005898930000007852 103
0.0005899050000000017 104
0.0005900130000000559 103
0.000590056000000061 104
0.0005901330000011029 103
0.0005901450000003194 104
0.0005902530000003736 103
0.0005902640000012838 102
0.0005903840000005545 101
0.0005905039999998252 100
0.0005905049999999079 101
0.0005905630000011541 102
0.0005906240000008722 101
0.000590625000000955 102
0.0005907440000001429 101
0.00059086400000119 100
0.0005908650000012727 101
0.0005909840000004607 100
0.0005911039999997314 99
0.0005911049999998141 100
0.0005912240000007785 99
0.0005913440000000492 98
0.0005913450000001319 99
0.0005914640000010962 98
0.000591465000001179 99
0.0005915840000003669 98
0.0005915850000004497 99
0.000591704000001414 98
0.0005917630000009666 99
0.0005918240000006847 98
0.0005919439999999554 97
0.0005920030000012844 98
0.0005920640000010025 97
0.0005920650000010852 98
0.0005921840000002732 97
0.0005921850000003559 98
0.0005923040000013202 97
0.000592305000001403 98
0.0005924240000005909 97
0.0005925410000013898 98
0.0005925439999998616 97
0.0005926640000009087 96
0.0005926650000009914 97
0.0005927840000001794 96
0.0005927850000002621 97
0.0005929040000012264 96
0.0005929050000013092 97
0.0005930240000004972 96
0.0005931439999997679 95
0.0005932640000008149 94
0.0005932650000008977 95
0.0005933840000000856 94
0.0005935040000011327 93
0.0005935050000012154 94
0.0005936240000004034 93
0.0005936250000004861 94
0.0005937439999996741 93
0.0005938640000007211 92
0.0005939839999999919 91
0.0005941040000010389 90
0.0005941050000011217 91
0.0005942240000003096 90
0.0005943440000013567 89
0.0005943449999996631 90
0.0005944030000009093 91
0.0005944640000006274 90
0.00059452300000018 91
0.0005945839999998981 90
0.0005945950000008082 89
0.0005947050000010279 90
0.0005947150000000789 89
0.0005948250000002986 90
0.000594835000001126 89
0.0005949550000003967 88
0.0005950650000006164 89
0.0005950749999996674 88
0.0005951950000007145 87
0.0005953050000009341 88
0.0005953149999999852 87
0.0005954350000010322 86
0.0005955450000012519 87
0.0005955550000003029 86
0.0005956650000005226 87
0.00059567500000135 86
0.0005957950000006207 85
0.0005958540000001733 86
0.0005959050000008403 87
0.0005959149999998914 86
0.000596025000000111 87
0.0005960350000009385 86
0.0005961450000011581 87
0.0005961550000002092 86
0.0005962750000012562 85
0.0005963849999996995 86
0.0005963950000005269 85
0.0005965149999997976 84
0.0005966250000000173 85
0.0005966350000008447 84
0.0005967450000010643 85
0.0005967550000001154 84
0.0005968750000011624 83
0.0005969950000004332 82
0.0005971149999997039 81
0.0005972249999999235 82
0.0005972350000007509 81
0.0005973450000009706 82
0.0005973550000000216 81
0.0005974750000010687 80
0.0005975950000003394 79
0.000597705000000559 80
0.0005977150000013864 79
0.0005978350000006571 78
0.0005978940000002098 79
0.0005979549999999278 78
0.0005979560000000106 79
0.0005980750000009749 78
0.0005981950000002456 77
0.0005983150000012927 76
0.0005984350000005634 75
0.000598494000000116 76
0.0005985549999998341 75
0.0005985559999999168 76
0.000598614000001163 77
0.0005986750000008811 76
0.0005987950000001518 75
0.0005989150000011989 74
0.0005989160000012816 75
0.0005990350000004696 74
0.0005990360000005523 75
0.0005990940000000222 76
0.0005991549999997403 75
0.000599155999999823 76
0.0005992750000007874 75
0.0005992760000008701 76
0.0005993950000000581 75
0.0005993960000001408 76
0.0005995150000011051 75
0.0005996350000003758 74
0.0005996360000004586 75
0.0005997550000014229 74
0.0005997559999997293 75
0.0005998750000006936 74
0.0005998760000007763 75
0.0005999949999999643 74
0.000599996000000047 75
0.0006001150000010114 74
0.0006001160000010941 75
0.0006002350000002821 74
0.0006002360000003648 75
0.0006003050000007448 76
0.0006003550000013291 75
0.0006004750000005998 74
0.0006004760000006826 75
0.0006005949999998705 74
0.0006005959999999533 75
0.0006007150000009176 74
0.0006007160000010003 75
0.0006008350000001883 74
0.000600836000000271 75
0.0006009550000012354 74
0.0006010750000005061 73
0.0006011949999997768 72
0.0006011959999998595 73
0.0006013150000008238 72
0.0006013160000009066 73
0.0006014350000000945 72
0.0006014360000001773 73
0.0006015550000011416 72
0.0006016750000004123 71
0.000601676000000495 72
0.000601794999999683 71
0.0006017959999997657 72
0.0006019150000007301 71
0.0006019160000008128 72
0.0006020350000000008 71
0.0006020360000000835 72
0.0006021550000010478 71
0.0006021670000002644 72
0.0006022750000003185 71
0.0006022870000013114 72
0.0006023950000013656 71
0.0006024060000004994 70
0.0006024070000005821 71
0.0006025259999997701 70
0.0006025269999998528 71
0.000602585000001099 72
0.0006026460000008171 71
0.0006026470000008999 72
0.0006027660000000878 71
0.0006028860000011349 70
0.0006028870000012176 71
0.0006030060000004056 70
0.0006030070000004883 71
0.0006031259999996763 70
0.000603126999999759 71
0.0006032460000007234 70
0.0006032470000008061 71
0.0006033659999999941 70
0.0006033670000000768 71
0.0006034860000010411 70
0.0006034870000011239 71
0.0006036030000000636 72
0.0006036060000003118 71
0.0006036070000003946 72
0.0006037260000013589 71
0.0006037269999996653 72
0.0006038460000006296 71
0.0006038470000007123 72
0.0006039050000001822 73
0.0006039659999999003 72
0.000603966999999983 73
0.0006040860000009474 72
0.0006040870000010301 73
0.0006042060000002181 72
0.0006042070000003008 73
0.0006043260000012651 72
0.0006043270000013479 73
0.0006044460000005358 72
0.0006044470000006186 73
0.0006045659999998065 72
0.0006045669999998893 73
0.0006046860000008536 72
0.0006046870000009363 73
0.0006048060000001243 72
0.000604807000000207 73
0.0006049260000011714 72
0.0006049270000012541 73
0.0006050460000004421 72
0.0006051659999997128 71
0.0006051669999997955 72
0.0006052860000007598 71
0.0006052870000008426 72
0.0006054060000000305 71
0.0006054070000001133 72
0.0006055260000010776 71
0.0006055270000011603 72
0.0006056460000003483 71
0.000605647000000431 72
0.0006057660000013954 71
0.0006057669999997017 72
0.0006058860000006661 71
0.0006058870000007488 72
0.0006060059999999368 71
0.0006060070000000195 72
0.0006061260000009838 71
0.0006061270000010666 72
0.0006062460000002545 71
0.0006062470000003373 72
0.0006063660000013016 71
0.0006063899999997346 72
0.0006064860000005723 71
0.000606487000000655 72
0.000606605999999843 71
0.0006066230000012496 72
0.00060672600000089 71
0.0006067339999997756 72
0.0006068460000001608 71
0.0006069660000012078 70
0.000606983000000838 71
0.0006070860000004785 70
0.0006072059999997492 69
0.0006073260000007963 68
0.000607446000000067 67
0.0006074629999996972 68
0.000607566000001114 67
0.0006075830000007443 68
0.0006076860000003848 67
0.0006077560000008475 68
0.0006078060000014318 67
0.0006078460000011887 68
0.0006079260000007025 67
0.0006080459999999732 66
0.0006081660000010203 65
0.000608286000000291 64
0.000608406000001338 63
0.0006084230000009683 64
0.0006085260000006087 63
0.0006086459999998795 62
0.0006087160000003422 63
0.0006087660000009265 62
0.0006087830000005567 63
0.0006088860000001972 62
0.0006090060000012443 61
0.000609126000000515 60
0.0006092459999997857 59
0.0006093660000008327 58
0.0006094860000001034 57
0.0006094870000001862 58
0.0006096060000011505 57
0.0006097260000004212 56
0.000609727000000504 57
0.0006098459999996919 56
0.000609966000000739 55
0.0006099779999999555 56
0.0006100860000000097 55
0.0006102060000010567 54
0.0006102759999997431 55
0.0006103260000003274 54
0.0006103380000013203 55
0.0006103960000007902 56
0.0006104460000013745 55
0.0006105660000006452 54
0.0006105779999998617 55
0.0006106859999999159 54
0.000610806000000963 53
0.0006109260000002337 52
0.0006109380000012266 53
0.0006110460000012807 52
0.0006111660000005514 51
0.0006112360000010142 52
0.0006112859999998221 51
0.000611298000000815 52
0.0006114060000008692 51
0.0006114180000000857 52
0.0006115260000001399 51
0.0006115380000011328 52
0.000611646000001187 51
0.0006117660000004577 50
0.0006117779999996742 51
0.0006118859999997284 50
0.0006118980000007213 51
0.0006120060000007754 50
0.000612017999999992 51
0.0006121260000000461 50
0.000612138000001039 51
0.0006122460000010932 50
0.0006122580000003097 51
0.0006123660000003639 50
0.0006123780000013568 51
0.0006124360000008267 52
0.000612486000001411 51
0.0006124980000006275 52
0.0006126060000006817 51
0.0006126179999998982 52
0.0006126760000011444 53
0.0006127259999999524 52
0.0006128460000009994 51
0.0006129159999996858 52
0.0006129660000002701 51
0.0006130860000013172 50
0.0006130980000005337 51
0.0006132060000005879 50
0.0006133259999998586 49
0.0006133380000008515 50
0.0006134460000009057 49
0.0006134580000001222 50
0.0006135660000001764 49
0.0006135780000011692 50
0.0006136860000012234 49
0.0006138060000004941 48
0.0006138179999997107 49
0.0006139259999997648 48
0.0006139380000007577 49
0.0006140460000008119 48
0.0006140580000000284 49
0.0006141660000000826 48
0.0006141780000010755 49
0.0006142860000011297 48
0.0006142980000003462 49
0.0006144060000004004 48
0.0006144180000013932 49
0.0006144760000008631 50
0.0006145259999996711 49
0.0006145380000006639 50
0.0006146460000007181 49
0.0006146579999999346 50
0.0006147659999999888 49
0.0006147780000009817 50
0.0006148860000010359 49
0.0006150060000003066 48
0.0006150180000012995 49
0.0006151260000013536 48
0.0006151370000004874 47
0.0006152569999997581 46
0.0006153770000008052 45
0.0006154970000000759 44
0.000615617000001123 43
0.0006156180000012057 44
0.0006157370000003937 43
0.0006158569999996644 42
0.0006158579999997471 43
0.0006159770000007114 42
0.0006159780000007942 43
0.0006159879999998452 42
0.0006160980000000649 43
0.0006161080000008923 42
0.000616228000000163 41
0.0006163380000003826 42
0.00061634800000121 41
0.0006163959999998525 42
0.0006164580000014297 43
0.0006164680000004807 42
0.0006165879999997514 41
0.0006166979999999711 42
0.0006167080000007985 41
0.0006168280000000692 40
0.0006169480000011163 39
0.0006170580000013359 40
0.000617068000000387 39
0.0006171879999996577 38
0.0006172979999998773 39
0.0006173080000007047 38
0.0006174279999999754 37
0.0006175480000010225 36
0.0006176680000002932 35
0.0006177780000005129 36
0.0006177880000013403 35
0.0006178359999999827 36
0.0006178979999997836 37
0.000617908000000611 36
0.0006180250000014098 37
0.0006180279999998817 36
0.0006181380000001013 37
0.0006181480000009287 36
0.0006182580000011484 37
0.0006182680000001994 36
0.0006183880000012465 35
0.0006184979999996898 36
0.0006185080000005172 35
0.0006186180000007369 36
0.0006186279999997879 35
0.000618748000000835 34
0.0006188680000001057 33
0.0006189880000011527 32
0.0006190980000013724 33
0.0006191080000004234 32
0.0006192180000006431 33
0.0006192279999996941 32
0.0006193480000007412 31
0.0006194580000009609 32
0.0006194680000000119 31
0.0006195780000002316 32
0.000619588000001059 31
0.0006196980000012786 32
0.0006197080000003297 31
0.0006198280000013767 30
0.00061993799999982 31
0.0006199480000006474 30
0.0006200679999999181 29
0.0006201780000001378 30
0.0006201880000009652 29
0.0006203080000002359 28
0.0006204180000004555 29
0.000620428000001283 28
0.0006205480000005537 27
0.0006206580000007733 28
0.0006206679999998244 27
0.000620778000000044 28
0.0006207880000008714 27
0.0006208980000010911 28
0.0006209080000001421 27
0.0006209669999996947 28
0.0006210280000011892 27
0.0006211480000004599 26
0.0006212180000009226 27
0.0006212580000006795 28
0.0006212679999997306 27
0.0006213779999999502 28
0.0006213880000007777 27
0.0006215080000000484 26
0.000621618000000268 27
0.0006216280000010954 26
0.0006217380000013151 27
0.0006217480000003661 26
0.0006218180000008289 27
0.0006218680000014132 26
0.0006219779999998565 27
0.0006219880000006839 26
0.0006220580000011466 27
0.0006220980000009035 28
0.0006221079999999546 27
0.0006222280000010016 26
0.0006223380000012213 27
0.0006223480000002724 26
0.0006224180000007351 27
0.000622458000000492 28
0.0006224680000013194 27
0.0006225779999997627 28
0.0006225880000005901 27
0.0006227079999998608 26
0.0006227089999999436 27
0.0006228280000009079 26
0.0006228290000009906 27
0.0006229480000001786 26
0.0006230680000012256 25
0.0006230690000013084 26
0.0006231880000004963 25
0.0006231890000005791 26
0.000623307999999767 25
0.0006233089999998498 26
0.0006234280000008141 25
0.0006235480000000848 24
0.0006235600000010777 25
0.0006236180000005476 26
0.0006236680000011319 25
0.0006237880000004026 24
0.0006238000000013955 25
0.0006239079999996733 24
0.0006239200000006662 25
0.000623978000000136 26
0.0006240280000007203 25
0.0006240399999999369 26
0.0006240980000011831 27
0.0006241280000001126 28
0.000624147999999991 27
0.0006241600000009839 28
0.0006242680000010381 27
0.0006243880000003088 26
0.0006244000000013017 27
0.0006245080000013559 26
0.0006246280000006266 25
0.0006246399999998431 26
0.0006247140000006368 27
0.0006247479999998973 26
0.0006247600000008902 27
0.0006248680000009443 26
0.0006249540000009546 27
0.000624988000000215 26
0.0006250000000012079 27
0.0006251080000012621 26
0.0006251160000001477 27
0.0006251200000004786 28
0.0006252280000005328 27
0.0006252399999997493 28
0.000625314000000543 29
0.0006253479999998035 28
0.0006253600000007964 29
0.0006254180000002663 30
0.0006254680000008506 29
0.0006254800000000671 30
0.0006255880000001213 29
0.0006256000000011142 30
0.0006257080000011683 29
0.0006257200000003849 30
0.000625828000000439 29
0.0006258400000014319 30
0.0006259479999997097 29
0.0006259600000007026 30
0.0006260680000007568 29
0.0006261880000000275 28
0.0006262000000010204 29
0.0006263080000010746 28
0.0006263200000002911 29
0.0006264280000003453 28
0.0006265140000003555 29
0.0006265480000013923 28
0.0006266180000000787 29
0.000626668000000663 28
0.0006266799999998796 29
0.0006267879999999337 28
0.0006268000000009266 29
0.0006268299999998561 30
0.000626873999999944 31
0.0006269080000009808 30
0.0006269200000001973 31
0.0006269500000009032 32
0.000626994000000991 33
0.0006270280000002515 32
0.0006270400000012444 33
0.0006270700000001739 34
0.0006271480000012986 33
0.0006271600000005151 34
0.0006272680000005693 33
0.0006272799999997858 34
0.0006273100000004916 35
0.00062738799999984 34
0.0006274000000008328 35
0.000627508000000887 34
0.0006275200000001036 35
0.0006275500000008094 36
0.0006276100000004448 37
0.0006276280000001577 36
0.0006276400000011506 37
0.0006276700000000801 38
0.0006277480000012048 37
0.0006277600000004213 38
0.0006278680000004755 37
0.0006278960000010159 38
0.0006279879999997462 37
0.0006280000000007391 38
0.0006280119999999556 39
0.0006280299999996686 40
0.0006281080000007933 39
0.0006281200000000098 40
0.0006281500000007156 41
0.000628210000000351 42
0.000628228000000064 41
0.0006282400000010568 42
0.0006282699999999863 43
0.0006283140000000742 44
0.000628348000001111 43
0.0006283600000003275 44
0.0006283900000010334 45
0.0006284680000003817 44
0.0006284800000013746 45
0.0006285100000003041 46
0.0006285880000014288 45
0.0006286000000006453 46
0.0006286300000013512 47
0.0006287080000006995 46
0.000628719999999916 47
0.0006287500000006219 48
0.0006288279999999702 47
0.0006288400000009631 48
0.0006288699999998926 49
0.0006289480000010172 48
0.0006289600000002338 49
0.000629068000000288 48
0.0006290960000008283 49
0.000629188000001335 48
0.0006292000000005515 49
0.0006292300000012574 50
0.0006293080000006057 49
0.0006293199999998222 50
0.0006294100000001634 51
0.0006294279999998764 50
0.0006294400000008693 51
0.0006294980000003392 52
0.000629528000001045 53
0.0006295480000009235 52
0.00062956000000014 53
0.0006295900000008459 54
0.0006296199999997754 55
0.0006296680000001942 54
0.0006296800000011871 55
0.0006297100000001166 56
0.0006297699999997519 57
0.0006297880000012412 56
0.0006298160000000053 57
0.000629890000000799 58
0.000629908000000512 57
0.0006299199999997285 58
0.0006299500000004343 59
0.0006300279999997827 58
0.000630056000000323 59
0.0006301480000008297 58
0.0006301600000000462 59
0.0006301900000007521 60
0.0006302680000001004 59
0.0006302800000010933 60
0.0006303100000000228 61
0.0006303880000011475 60
0.000630400000000364 61
0.0006304300000010699 62
0.0006304599999999994 63
0.0006305060000002527 64
0.0006305080000004182 63
0.0006305360000009586 64
0.000630565999999888 65
0.0006306279999996889 64
0.0006306400000006818 65
0.0006306700000013876 66
0.0006307480000007359 65
0.0006307599999999525 66
0.0006308680000000066 65
0.0006308800000009995 66
0.0006309079999997635 67
0.000630909999999929 68
0.0006309880000010537 67
0.0006310000000002702 68
0.0006310300000009761 69
0.0006311060000001589 70
0.0006311080000003244 69
0.0006311360000008648 70
0.0006311659999997943 71
0.0006312099999998821 72
0.0006312280000013715 71
0.000631240000000588 72
0.0006312700000012939 73
0.0006313480000006422 72
0.0006313599999998587 73
0.0006313900000005646 74
0.0006313990000013092 75
0.0006314679999999129 74
0.0006314800000009058 75
0.0006315880000009599 74
0.0006316000000001765 75
0.0006317080000002306 74
0.0006317200000012235 75
0.000631750000000153 76
0.0006317800000008589 77
0.0006318280000012777 76
0.0006318400000004942 77
0.0006318700000012001 78
0.0006319480000005484 77
0.0006320679999998191 76
0.0006320960000003595 77
0.0006321880000008662 76
0.0006322000000000827 77
0.0006322300000007886 78
0.0006323059999999714 79
0.0006323080000001369 78
0.0006323360000006772 79
0.0006323660000013831 80
0.0006323960000003126 81
0.0006324280000011839 80
0.0006324400000004005 81
0.0006324700000011063 82
0.0006325480000004546 81
0.0006325599999996712 82
0.000632590000000377 83
0.0006326200000010829 84
0.0006326660000013362 85
0.0006326679999997253 84
0.0006326689999998081 85
0.0006327880000007724 84
0.0006327999999999889 85
0.0006328300000006948 86
0.0006329080000000431 85
0.0006329750000002576 86
0.0006330280000010902 85
0.0006330400000003067 86
0.0006330700000010125 87
0.0006331480000003609 86
0.0006331600000013538 87
0.0006331900000002832 88
0.0006332680000014079 87
0.0006332960000001719 88
0.0006333540000014182 89
0.0006333880000006786 88
0.0006333999999998952 89
0.000633430000000601 90
0.0006334600000013069 91
0.0006335079999999493 90
0.0006335200000009422 91
0.0006335499999998717 92
0.0006336280000009964 91
0.0006336400000002129 92
0.0006336700000009188 93
0.0006337480000002671 92
0.00063376000000126 93
0.0006337900000001895 94
0.0006338040000013478 95
0.0006338680000013142 94
0.0006338800000005307 95
0.0006339100000012365 96
0.0006339880000005849 95
0.0006339999999998014 96
0.0006340300000005072 97
0.0006340600000012131 98
0.0006341079999998556 97
0.0006341200000008484 98
0.000634149999999778 99
0.0006341800000004838 100
0.0006342280000009026 99
0.0006342400000001192 100
0.000634270000000825 101
0.0006343480000001733 100
0.0006343760000007137 101
0.0006344680000012204 100
0.0006344800000004369 101
0.0006345100000011428 102
0.0006345880000004911 101
0.0006345999999997076 102
0.0006346300000004135 103
0.0006347079999997618 102
0.0006347360000003022 103
0.000634766000001008 104
0.0006348280000008089 103
0.0006348400000000254 104
0.0006349480000000796 103
0.0006350680000011266 102
0.0006350959999998906 103
0.0006351260000005965 104
0.0006351880000003973 103
0.0006352000000013902 104
0.0006352300000003197 105
0.0006352600000010256 106
0.0006352899999999551 107
0.000635307999999668 106
0.0006353200000006609 107
0.0006353500000013668 108
0.0006353800000002963 109
0.0006354100000010021 110
0.0006354280000007151 109
0.0006354399999999316 110
0.0006354700000006375 111
0.0006355000000013433 112
0.0006355300000002728 113
0.0006355479999999858 112
0.0006356680000010329 111
0.0006356800000002494 112
0.0006357100000009552 113
0.0006357399999998847 114
0.0006357700000005906 115
0.0006357880000003036 114
0.0006359080000013506 113
0.0006359200000005671 114
0.000635950000001273 115
0.0006359800000002025 116
0.0006360280000006213 115
0.0006360560000011617 116
0.000636147999999892 115
0.0006361600000008849 116
0.0006361919999999799 117
0.0006362500000012261 118
0.0006362680000009391 117
0.0006362800000001556 118
0.0006363100000008615 119
0.0006363880000002098 118
0.0006364160000007502 119
0.0006364459999996797 120
0.0006365080000012568 119
0.0006365200000004734 120
0.0006365500000011792 121
0.0006366280000005275 120
0.0006366560000010679 121
0.0006366859999999974 122
0.0006367000000011558 123
0.0006367479999997983 122
0.0006367600000007911 123
0.0006367899999997206 124
0.0006368680000008453 123
0.0006368800000000618 124
0.0006369100000007677 125
0.0006369399999996972 126
0.000636988000000116 125
0.0006370000000011089 126
0.0006370300000000384 127
0.0006371080000011631 126
0.0006371200000003796 127
0.0006371500000010855 128
0.000637180000000015 129
0.0006372280000004338 128
0.0006372400000014267 129
0.0006372720000005216 130
0.0006373479999997045 129
0.0006373600000006974 130
0.0006373900000014032 131
0.0006374680000007515 130
0.0006374799999999681 131
0.0006375120000008394 132
0.0006375880000000222 131
0.0006377080000010693 130
0.00063782800000034 129
0.0006378400000013329 130
0.0006379480000013871 129
0.0006379600000006036 130
0.0006380680000006578 129
0.0006380799999998743 130
0.0006381120000007456 131
0.0006381879999999285 130
0.0006382320000000163 131
0.0006382470000012574 132
0.0006383080000009755 131
0.0006383200000001921 132
0.0006383779999996619 133
0.0006384280000002462 132
0.0006384400000012391 133
0.0006385480000012933 132
0.0006385920000013812 133
0.000638668000000564 132
0.0006386799999997805 133
0.0006387380000010268 134
0.0006387879999998347 133
0.0006388000000008276 134
0.0006389080000008818 133
0.0006389200000000983 134
0.0006389520000009696 135
0.0006390280000001525 134
0.0006390400000011454 135
0.0006391480000011995 134
0.0006391600000004161 135
0.0006392680000004702 134
0.0006393879999997409 133
0.0006394000000007338 134
0.000639508000000788 133
0.0006395200000000045 134
0.0006396280000000587 133
0.0006397480000011058 132
0.0006397600000003223 133
0.0006398680000003765 132
0.0006398800000013694 133
0.0006399880000014235 132
0.0006400000000006401 133
0.0006400739999996574 134
0.0006401080000006942 133
0.0006401199999999108 134
0.0006402279999999649 133
0.0006402400000009578 134
0.000640348000001012 133
0.0006404680000002827 132
0.0006404790000011928 131
0.0006404800000012756 132
0.0006405990000004635 131
0.0006406000000005463 132
0.0006406580000000162 133
0.0006407189999997343 132
0.000640719999999817 133
0.0006408390000007813 132
0.0006408980000003339 133
0.000640959000000052 132
0.0006409600000001348 133
0.0006409900000008406 134
0.0006410199999997701 135
0.0006410790000010991 134
0.0006410800000011818 135
0.0006411990000003698 134
0.0006412740000012462 135
0.0006413190000014168 134
0.0006413199999997232 135
0.0006413500000004291 136
0.0006414390000006875 135
0.0006414400000007703 136
0.0006415589999999582 135
0.000641560000000041 136
0.0006416790000010053 135
0.000641680000001088 136
0.0006417100000000175 137
0.0006417400000007234 138
0.000641799000000276 137
0.0006418000000003588 138
0.0006419190000013231 137
0.0006419200000014058 138
0.0006420390000005938 137
0.000642056000000224 138
0.0006421589999998645 137
0.0006421599999999472 138
0.0006422790000009115 137
0.0006422800000009943 138
0.0006423990000001822 137
0.000642400000000265 138
0.0006424300000009708 139
0.0006425190000012293 138
0.000642520000001312 139
0.0006426390000005 138
0.0006426400000005827 139
0.0006427589999997707 138
0.0006427599999998534 139
0.0006427900000005593 140
0.0006428790000008178 139
0.0006428800000009005 140
0.0006428899999999516 139
0.0006430000000001712 140
0.0006430100000009986 139
0.0006430300000008771 140
0.0006431300000002693 139
0.0006431410000011795 138
0.0006431780000006881 139
0.000643240000000489 140
0.0006432610000004502 139
0.0006432979999999588 140
0.0006433760000010835 141
0.0006433809999997209 140
0.0006435010000007679 139
0.0006435539999998241 140
0.0006436000000000774 141
0.0006436210000000386 140
0.0006436300000007833 141
0.0006437200000011245 142
0.0006437410000010857 141
0.0006438610000003564 140
0.0006439140000011889 141
0.0006439599999996659 142
0.0006439810000014035 141
0.0006439900000003718 142
0.000644080000000713 143
0.0006441010000006742 142
0.0006442209999999449 141
0.0006443200000010307 142
0.0006443410000009919 141
0.0006443499999999602 142
0.0006444610000002626 141
0.0006445600000013485 142
0.0006445810000013097 141
0.000644590000000278 142
0.0006446340000003659 143
0.0006446800000006192 144
0.0006447010000005804 143
0.0006447999999998899 144
0.0006448209999998511 143
0.0006448300000005958 144
0.000644920000000937 145
0.0006449410000008982 144
0.0006450400000002077 145
0.0006450610000001689 144
0.0006450700000009135 145
0.0006451600000012547 146
0.0006451810000012159 145
0.0006452960000000729 146
0.0006453010000004866 145
0.0006453999999997961 146
0.0006454209999997573 145
0.0006455200000008432 146
0.0006455410000008044 145
0.0006455499999997727 146
0.0006456610000000751 145
0.0006456950000011119 146
0.0006457760000007084 147
0.0006457810000011222 146
0.0006458800000004317 147
0.0006459010000003929 146
0.0006459999999997024 147
0.0006460209999996636 146
0.0006461200000007494 147
0.0006461410000007106 146
0.0006462400000000201 147
0.0006462609999999813 146
0.0006463810000010284 145
0.0006465010000002991 144
0.0006466160000009324 145
0.0006466210000013461 144
0.0006467410000006169 143
0.0006468609999998876 142
0.0006469760000005209 143
0.0006469810000009346 142
0.0006471010000002053 141
0.0006472160000008387 142
0.0006472210000012524 141
0.0006473410000005231 140
0.0006474609999997938 139
0.0006475760000004271 140
0.0006475810000008408 139
0.0006475889999997264 140
0.0006476959999996978 141
0.0006477010000001115 140
0.0006478210000011586 139
0.0006479360000000156 140
0.0006479410000004293 139
0.0006480609999997 138
0.0006481810000007471 137
0.0006483010000000178 136
0.0006484160000006511 137
0.0006484210000010648 136
0.0006485410000003355 135
0.0006486610000013826 134
0.0006487810000006533 133
0.0006488960000012867 134
0.000648900999999924 133
0.0006490210000009711 132
0.0006491359999998281 133
0.0006491410000002418 132
0.0006492610000012888 131
0.0006493810000005595 130
0.0006495009999998302 129
0.0006496210000008773 128
0.000649741000000148 127
0.0006498610000011951 126
0.0006499810000004658 125
0.0006501009999997365 124
0.0006502210000007835 123
0.0006503410000000542 122
0.0006504610000011013 121
0.0006505309999997877 122
0.000650581000000372 121
0.0006507010000014191 120
0.0006508210000006898 119
0.0006509409999999605 118
0.0006510110000004232 119
0.0006510610000010075 118
0.0006511810000002782 117
0.0006513010000013253 116
0.000651421000000596 115
0.0006515409999998667 114
0.0006516610000009138 113
0.0006517810000001845 112
0.0006519010000012315 111
0.0006520210000005022 110
0.0006521409999997729 109
0.0006521530000007658 110
0.00065226100000082 109
0.0006523810000000907 108
0.0006523930000010836 109
0.0006525010000011378 108
0.0006526210000004085 107
0.0006527409999996792 106
0.000652753000000672 107
0.0006528610000007262 106
0.0006529809999999969 105
0.000653101000001044 104
0.0006532210000003147 103
0.0006533410000013617 102
0.0006533530000005783 103
0.0006534610000006325 102
0.0006535809999999032 101
0.0006537010000009502 100
0.0006537130000001667 101
0.0006537440000009553 102
0.0006538210000002209 101
0.0006538290000008828 102
0.0006538320000011311 101
0.0006539520000004018 100
0.0006540719999996725 99
0.0006540729999997552 100
0.0006540880000009963 101
0.0006541920000007195 100
0.0006543119999999902 99
0.000654313000000073 100
0.0006544320000010373 99
0.00065443300000112 100
0.000654552000000308 99
0.0006545530000003907 100
0.0006546720000013551 99
0.0006547920000006258 98
0.0006547930000007085 99
0.0006549119999998965 98
0.0006549129999999792 99
0.0006550320000009435 98
0.0006551520000002142 97
0.0006552109999997668 98
0.0006552720000012613 97
0.000655392000000532 96
0.0006555119999998027 95
0.0006555129999998854 96
0.0006556320000008498 95
0.0006557520000001205 94
0.0006557530000002032 95
0.0006558720000011675 94
0.0006558730000012503 95
0.0006559920000004382 94
0.0006561119999997089 93
0.0006561129999997917 94
0.000656232000000756 93
0.0006562330000008387 94
0.0006563520000000267 93
0.0006564720000010738 92
0.0006565920000003445 91
0.0006567120000013915 90
0.0006568320000006622 89
0.000656833000000745 90
0.0006569519999999329 89
0.00065707200000098 88
0.0006570730000010627 89
0.0006571920000002507 88
0.0006571930000003334 89
0.0006573120000012977 88
0.0006573130000013805 89
0.0006574320000005685 88
0.0006574910000001211 89
0.0006575519999998392 88
0.0006575529999999219 89
0.0006576720000008862 88
0.0006577920000001569 87
0.000657912000001204 86
0.0006579130000012867 87
0.0006580320000004747 86
0.0006580330000005574 87
0.0006581519999997454 86
0.0006581529999998281 87
0.0006582720000007924 86
0.0006583920000000631 85
0.0006583930000001459 86
0.0006585120000011102 85
0.000658513000001193 86
0.0006586320000003809 85
0.0006586330000004637 86
0.000658752000001428 85
0.0006588720000006987 84
0.0006589919999999694 83
0.0006589930000000521 84
0.0006590620000004321 85
0.0006591120000010164 84
0.0006592320000002871 83
0.0006592330000003699 84
0.0006593520000013342 83
0.0006593530000014169 84
0.0006594720000006049 83
0.0006595919999998756 82
0.0006595929999999584 83
0.0006597120000009227 82
0.0006598320000001934 81
0.0006598330000002761 82
0.0006599520000012404 81
0.0006600720000005111 80
0.0006601919999997818 79
0.0006601929999998646 80
0.0006603120000008289 79
0.0006604320000000996 78
0.0006604330000001823 79
0.0006605520000011467 78
0.0006606720000004174 77
0.0006606730000005001 78
0.0006607919999996881 77
0.0006608620000001508 78
0.0006609120000007351 77
0.0006610320000000058 76
0.0006610330000000886 77
0.0006611520000010529 76
0.0006611530000011356 77
0.0006612720000003236 76
0.0006612730000004063 77
0.0006613920000013707 76
0.0006614620000000571 77
0.0006615120000006414 76
0.0006616319999999121 75
0.000661644000000905 76
0.000661671999999669 77
0.0006617020000003748 78
0.0006617520000009591 77
0.0006617640000001757 78
0.0006618720000002298 77
0.0006619920000012769 76
0.0006620619999999633 77
0.0006621120000005476 76
0.0006621239999997641 77
0.0006622319999998183 76
0.0006623020000002811 77
0.0006623520000008654 76
0.0006623640000000819 77
0.0006624720000001361 76
0.0006625920000011831 75
0.0006626040000003997 76
0.0006627120000004538 75
0.0006628319999997245 74
0.0006628440000007174 75
0.0006629520000007716 74
0.0006630720000000423 73
0.0006630840000010352 74
0.0006631920000010894 73
0.0006632030000002231 72
0.0006633230000012702 71
0.0006634430000005409 70
0.0006635629999998116 69
0.0006635639999998943 70
0.0006636830000008587 69
0.0006636840000009414 70
0.0006638030000001294 69
0.0006638040000002121 70
0.0006639230000011764 69
0.0006640430000004471 68
0.0006640440000005299 69
0.0006641629999997178 68
0.0006642830000007649 67
0.0006642840000008476 68
0.0006644030000000356 67
0.0006644040000001183 68
0.0006645230000010827 67
0.0006646430000003534 66
0.0006646440000004361 67
0.0006647630000014004 66
0.0006648830000006711 65
0.0006648840000007539 66
0.0006649420000002237 67
0.0006650029999999418 66
0.0006650040000000246 67
0.0006650350000008132 68
0.0006651230000009889 67
0.0006651240000010716 68
0.0006651820000005415 69
0.0006652430000002596 68
0.0006652440000003423 69
0.0006653630000013067 68
0.0006653640000013894 69
0.0006654220000008593 70
0.0006654830000005774 69
0.0006654840000006601 70
0.0006656029999998481 69
0.0006657230000008951 68
0.0006657240000009779 69
0.0006658430000001658 68
0.0006658440000002486 69
0.000665854000001076 68
0.0006659019999997184 69
0.0006659640000012956 70
0.0006659740000003467 69
0.0006660840000005663 70
0.0006660940000013937 69
0.0006661050000005275 68
0.000666203999999837 69
0.0006662249999997982 68
0.0006663240000008841 69
0.0006663450000008453 68
0.0006664440000001548 69
0.000666465000000116 68
0.0006665640000012019 69
0.000666585000001163 68
0.0006666840000004726 69
0.0006667050000004338 68
0.0006668039999997433 69
0.0006668249999997045 68
0.0006669240000007903 69
0.0006669450000007515 68
0.000667044000000061 69
0.0006670470000003093 70
0.0006670650000000222 69
0.0006671640000011081 70
0.0006671850000010693 69
0.00066730500000034 68
0.000667425000001387 67
0.0006675240000006966 68
0.0006675450000006578 67
0.0006676649999999285 66
0.0006677640000010143 67
0.0006677850000009755 66
0.0006679050000002462 65
0.0006680040000013321 66
0.0006680250000012933 65
0.0006681240000006028 66
0.000668145000000564 65
0.0006682439999998735 66
0.0006682649999998347 65
0.0006683850000008817 64
0.0006684840000001913 65
0.0006685019999999042 66
0.0006685050000001524 65
0.0006686040000012383 66
0.0006686250000011995 65
0.000668724000000509 66
0.0006687450000004702 65
0.0006688439999997797 66
0.0006688649999997409 65
0.0006689640000008268 66
0.000668985000000788 65
0.0006690840000000975 66
0.0006691050000000587 65
0.0006692040000011445 66
0.0006692250000011057 65
0.0006693450000003764 64
0.000669443999999686 65
0.0006694650000014235 64
0.000669564000000733 65
0.0006695850000006942 64
0.0006696840000000037 65
0.0006697049999999649 64
0.0006698040000010508 65
0.000669825000001012 64
0.0006699240000003215 65
0.0006699450000002827 64
0.0006700440000013685 65
0.0006700650000013297 64
0.0006701640000006392 65
0.0006701850000006004 64
0.00067028399999991 65
0.0006703049999998711 64
0.000670404000000957 65
0.0006704250000009182 64
0.0006705240000002277 65
0.0006705450000001889 64
0.0006706440000012748 65
0.000670665000001236 64
0.0006706760000003698 63
0.0006707749999996793 64
0.0006707960000014168 63
0.0006708950000007263 64
0.0006709160000006875 63
0.000671014999999997 64
0.0006710359999999582 63
0.0006711350000010441 64
0.0006711560000010053 63
0.0006712550000003148 64
0.000671276000000276 63
0.0006713750000013619 64
0.000671396000001323 63
0.0006715160000005937 62
0.000671620000000317 63
0.0006716359999998645 62
0.000671740000001364 63
0.0006717560000009115 62
0.0006718150000004641 63
0.0006718760000001822 62
0.0006719960000012293 61
0.0006721160000005 60
0.0006722359999997707 59
0.0006723400000012703 60
0.0006723560000008177 59
0.000672460000000541 60
0.0006724760000000884 59
0.0006725960000011355 58
0.0006727160000004062 57
0.0006728149999997157 58
0.0006728359999996769 57
0.0006728450000004216 58
0.000672956000000724 57
0.0006729669999998578 56
0.0006730550000000335 57
0.0006730870000009048 56
0.0006731750000010805 57
0.0006732070000001755 56
0.0006732950000003513 57
0.0006733270000012226 56
0.0006734200000000357 57
0.0006734470000004933 56
0.0006735459999998028 57
0.000673566999999764 56
0.000673687000000811 55
0.0006737970000010307 56
0.0006738070000000818 55
0.000673910999999805 56
0.0006739270000011288 55
0.0006740370000013485 56
0.0006740470000003995 55
0.0006741510000001227 56
0.0006741669999996702 55
0.0006742870000007173 54
0.000674406999999988 53
0.000674527000001035 52
0.0006746470000003058 51
0.0006747570000005254 52
0.0006747670000013528 51
0.0006748870000006235 50
0.0006750069999998942 49
0.000675055000000313 50
0.0006751170000001139 51
0.0006751270000009413 50
0.000675247000000212 49
0.0006752580000011221 48
0.0006753780000003928 47
0.0006754979999996635 46
0.0006756180000007106 45
0.0006757170000000201 46
0.0006757379999999813 45
0.0006757860000004001 46
0.0006758370000010672 47
0.0006758580000010284 46
0.0006759780000002991 45
0.0006760770000013849 46
0.0006760980000013461 45
0.0006761970000006556 46
0.0006762180000006168 45
0.0006763169999999263 46
0.0006763379999998875 45
0.0006764580000009346 44
0.0006765780000002053 43
0.0006766770000012912 44
0.0006766980000012524 43
0.0006767970000005619 44
0.0006768180000005231 43
0.0006769169999998326 44
0.0006769379999997938 43
0.0006770370000008796 44
0.0006770580000008408 43
0.0006771570000001503 44
0.0006771780000001115 43
0.0006772770000011974 44
0.0006772980000011586 43
0.0006773970000004681 44
0.0006774180000004293 43
0.0006775379999997 42
0.000677658000000747 41
0.0006777570000000566 42
0.0006777780000000178 41
0.0006778260000004366 42
0.0006778770000011036 43
0.0006778980000010648 42
0.0006780180000003355 41
0.0006781380000013826 40
0.0006781970000009352 41
0.0006782580000006533 40
0.0006783680000008729 41
0.000678377999999924 40
0.000678498000000971 39
0.0006785570000005237 40
0.0006786180000002418 39
0.0006787380000012888 38
0.0006787460000001744 39
0.0006788479999997321 40
0.0006788580000005595 39
0.0006789779999998302 38
0.0006790370000011592 39
0.0006790980000008773 38
0.000679218000000148 37
0.0006793280000003676 38
0.000679338000001195 37
0.0006794580000004657 36
0.0006795680000006854 37
0.0006795779999997364 36
0.0006796980000007835 35
0.0006798180000000542 34
0.0006799280000002739 35
0.0006799380000011013 34
0.000680058000000372 33
0.0006801680000005916 34
0.000680178000001419 33
0.0006802980000006897 32
0.0006804080000009094 33
0.0006804179999999604 32
0.0006805380000010075 31
0.0006806580000002782 30
0.0006807780000013253 29
0.000680779000001408 30
0.000680898000000596 29
0.0006810179999998667 28
0.0006811380000009137 27
0.0006811390000009965 28
0.0006812580000001844 27
0.0006812590000002672 28
0.0006813780000012315 27
0.0006814980000005022 26
0.0006816179999997729 25
0.0006816189999998556 26
0.0006816419999999823 27
0.00068173800000082 26
0.0006818580000000907 25
0.0006818590000001734 26
0.0006819780000011377 25
0.0006820980000004084 24
0.0006820990000004912 25
0.0006822179999996791 24
0.0006822189999997619 25
0.0006823380000007262 24
0.0006824579999999969 23
0.0006824590000000796 24
0.000682578000001044 23
0.0006825790000011267 24
0.0006826980000003147 23
0.0006828180000013617 22
0.0006828300000005783 23
0.0006829380000006324 22
0.000682949999999849 23
0.0006830579999999031 22
0.000683070000000896 23
0.0006831780000009502 22
0.0006831900000001667 23
0.0006832980000002209 22
0.0006833100000012138 23
0.000683418000001268 22
0.0006835380000005387 21
0.0006835499999997552 22
0.0006836579999998094 21
0.0006837780000008564 20
0.000683790000000073 21
0.0006838980000001271 20
0.0006840180000011742 19
0.0006841380000004449 18
0.0006841499999996614 19
0.0006842579999997156 18
0.0006842700000007085 19
0.0006843280000001783 20
0.0006843780000007627 19
0.0006843899999999792 20
0.0006844980000000334 19
0.0006845100000010262 20
0.0006845379999997903 21
0.0006845379999997903 22
0.0006846180000010804 21
0.0006846300000002969 22
0.0006847380000003511 21
0.000684750000001344 22
0.0006848580000013982 21
0.0006848700000006147 22
0.0006849780000006689 21
0.0006849899999998854 22
0.0006850979999999396 21
0.0006851100000009325 22
0.0006852180000009866 21
0.0006852300000002032 22
0.0006853380000002574 21
0.0006853500000012502 22
0.0006854580000013044 21
0.0006854700000005209 22
0.0006855780000005751 21
0.0006855899999997916 22
0.0006856979999998458 21
0.0006857100000008387 22
0.0006858180000008929 21
0.0006858300000001094 22
0.0006859380000001636 21
0.0006859500000011565 22
0.0006860580000012106 21
0.0006860700000004272 22
0.000686127999999897 23
0.0006861780000004813 22
0.0006861899999996979 23
0.000686297999999752 22
0.0006863100000007449 23
0.0006864180000007991 22
0.0006864300000000156 23
0.0006864880000012619 24
0.0006865380000000698 23
0.0006865500000010627 24
0.0006866580000011169 23
0.0006866700000003334 24
0.0006867780000003876 23
0.0006868979999996583 22
0.0006870180000007053 21
0.000687137999999976 20
0.0006871500000009689 21
0.0006872239999999863 22
0.0006872580000010231 21
0.0006872690000001569 20
0.000687389000001204 19
0.0006873900000012867 20
0.0006874200000002162 21
0.0006874340000013746 22
0.0006875090000004747 21
0.0006875100000005574 22
0.0006875400000012633 23
0.0006876289999997454 22
0.0006876299999998281 23
0.0006877490000007924 22
0.0006878690000000631 21
0.0006878700000001459 22
0.0006879000000008517 23
0.0006879890000011102 22
0.0006879900000011929 23
0.0006881090000003809 22
0.0006881260000000111 23
0.000688229000001428 22
0.0006882299999997343 23
0.0006883490000006987 22
0.0006884689999999694 21
0.0006884700000000521 22
0.000688500000000758 23
0.0006885299999996874 24
0.0006885890000010164 23
0.0006887090000002871 22
0.0006887100000003699 23
0.0006888290000013342 22
0.0006888300000014169 23
0.0006888600000003464 24
0.0006888900000010523 25
0.0006889490000006049 24
0.0006889660000002351 25
0.000689023999999705 26
0.0006890689999998756 25
0.0006890699999999583 26
0.0006891890000009226 25
0.0006891900000010054 26
0.0006892199999999349 27
0.0006893090000001934 26
0.0006893100000002761 27
0.0006893840000010698 28
0.0006894290000012404 27
0.0006894300000013232 28
0.0006895490000005111 27
0.0006895500000005939 28
0.0006896689999997818 27
0.0006896699999998646 28
0.0006897890000008289 27
0.0006897900000009116 28
0.0006899090000000996 27
0.0006899100000001823 28
0.0006900290000011466 27
0.0006900300000012294 28
0.0006900600000001589 29
0.0006901199999997942 30
0.0006901490000004173 29
0.0006901500000005001 30
0.000690268999999688 29
0.0006902699999997708 30
0.0006903000000004766 31
0.0006903300000011825 32
0.0006903300000011825 33
0.0006903890000007351 32
0.0006903900000008178 33
0.0006904199999997473 34
0.0006904500000004532 35
0.0006905090000000058 34
0.0006905260000014124 35
0.0006906290000010529 34
0.0006906300000011356 35
0.0006907490000003236 34
0.0006907659999999538 35
0.0006907960000006597 36
0.0006908690000013706 35
0.000690869999999677 36
0.0006909000000003829 37
0.0006909030000006311 38
0.0006909890000006413 37
0.000691108999999912 36
0.0006911260000013186 37
0.0006912290000009591 36
0.0006912300000010418 37
0.0006913490000002298 36
0.00069136599999986 37
0.0006913960000005659 38
0.0006914260000012717 39
0.0006914690000012769 38
0.0006914700000013596 39
0.0006915890000005476 38
0.0006915900000006303 39
0.0006916200000013362 40
0.0006917089999998183 39
0.000691709999999901 40
0.0006917400000006069 41
0.0006917700000013127 42
0.0006917729999997846 43
0.0006918030000004904 44
0.0006918290000008653 43
0.0006918330000011963 44
0.0006918630000001258 45
0.0006919200000012893 46
0.000691949000000136 45
0.0006919500000002188 46
0.0006920690000011831 45
0.0006920700000012658 46
0.0006921000000001953 47
0.0006921300000009012 48
0.0006921890000004538 47
0.0006921900000005365 48
0.0006922200000012424 49
0.0006922800000008777 50
0.0006923089999997245 49
0.0006923099999998072 50
0.0006923400000005131 51
0.0006924290000007716 50
0.0006924300000008543 51
0.0006924599999997838 52
0.0006925490000000423 51
0.0006925659999996725 52
0.0006926690000010893 51
0.0006926860000007196 52
0.00069278900000036 51
0.0006927900000004428 52
0.0006928200000011486 53
0.0006929090000014071 52
0.0006929099999997135 53
0.0006929400000004193 54
0.0006930160000013785 55
0.0006930290000006778 54
0.000693046000000308 55
0.0006930760000010139 56
0.0006931489999999485 55
0.0006931500000000312 56
0.0006931800000007371 57
0.0006932260000009904 58
0.0006932690000009956 57
0.0006932700000010783 58
0.0006933000000000078 59
0.0006933890000002663 58
0.000693390000000349 59
0.0006935090000013133 58
0.0006935100000013961 59
0.0006935400000003256 60
0.000693629000000584 59
0.0006936300000006668 60
0.0006937489999998547 59
0.0006937499999999375 60
0.0006937800000006433 61
0.0006938690000009018 60
0.0006938700000009845 61
0.0006939890000001725 60
0.0006939900000002552 61
0.0006941090000012196 60
0.0006941100000013023 61
0.0006941400000002318 62
0.0006942290000004903 61
0.000694230000000573 62
0.000694348999999761 61
0.0006943660000011675 62
0.000694469000000808 61
0.0006944700000008908 62
0.0006944999999998203 63
0.0006945170000012268 64
0.0006945890000000787 63
0.0006945900000001615 64
0.0006946200000008673 65
0.0006947090000011258 64
0.000694726000000756 65
0.0006947650000004302 66
0.0006948160000010972 67
0.0006948290000003965 66
0.0006948460000000267 67
0.0006948760000007326 68
0.0006949489999996672 67
0.0006949610000006601 68
0.0006949910000013659 69
0.0006950690000007143 68
0.0006950809999999308 69
0.0006951110000006366 70
0.0006951760000006857 71
0.000695188999999985 70
0.0006952060000013915 71
0.000695236000000321 72
0.000695309000001032 71
0.0006953210000002485 72
0.0006953510000009544 73
0.0006954290000003027 72
0.0006955490000013498 71
0.0006955600000004836 70
0.0006955610000005663 71
0.0006956799999997543 70
0.000695680999999837 71
0.0006957110000005429 72
0.0006958000000008013 71
0.0006958010000008841 72
0.0006958309999998136 73
0.0006959120000011865 74
0.000695920000000072 73
0.000695942000000116 74
0.0006959720000008218 75
0.0006960400000011191 74
0.0006960410000012018 75
0.0006960710000001313 76
0.0006961220000007984 77
0.0006961600000003898 76
0.0006961610000004725 77
0.0006961910000011784 78
0.0006962799999996605 77
0.0006962809999997432 78
0.0006963110000004491 79
0.0006964000000007076 78
0.000696406000001204 79
0.0006965199999999783 78
0.000696521000000061 79
0.0006965510000007669 80
0.0006965809999996964 81
0.0006966400000010253 80
0.0006966410000011081 81
0.0006966710000000376 82
0.000696760000000296 81
0.0006967610000003788 82
0.0006967910000010846 83
0.0006968800000013431 82
0.0006968860000000632 83
0.0006968910000004769 82
0.0006970010000006965 83
0.0006970109999997476 82
0.0006970310000014024 83
0.0006971209999999672 84
0.0006971310000007946 83
0.0006971510000006731 84
0.0006972410000010143 85
0.0006972510000000653 84
0.0006972709999999438 85
0.0006973660000006987 86
0.0006973710000011124 85
0.0006973960000014046 86
0.0006974810000013321 87
0.0006974910000003831 86
0.0006976010000006028 87
0.0006976110000014302 86
0.0006976310000013086 87
0.0006977120000009052 88
0.0006977310000007009 87
0.0006978410000009205 88
0.0006978509999999716 87
0.00069787099999985 88
0.0006979010000005559 89
0.0006979610000001912 90
0.0006979710000010186 89
0.0006979910000008971 90
0.0006980720000004936 91
0.0006980910000002893 90
0.0006981020000011995 91
0.000698132000000129 92
0.000698201000000509 93
0.0006982110000013364 92
0.0006982310000012149 93
0.0006983209999997797 94
0.0006983310000006071 93
0.0006984410000008268 94
0.0006984509999998778 93
0.0006984709999997563 94
0.0006985710000009249 93
0.0006985770000014213 94
0.0006986810000011445 95
0.0006986910000001956 94
0.000698711000000074 95
0.0006988010000004152 96
0.0006988110000012426 95
0.0006988310000011211 96
0.0006988610000000506 97
0.0006988910000007564 98
0.0006989209999996859 99
0.0006989310000005133 98
0.0006989510000003918 99
0.0006989649999997738 100
0.0006990180000006063 101
0.000699050999999784 100
0.0006990620000006942 101
0.0006991610000000037 102
0.0006991710000008311 101
0.0006992810000010508 102
0.0006992910000001018 101
0.000699312000000063 102
0.0006994010000003215 103
0.0006994110000011489 102
0.0006994310000010273 103
0.0006994609999999568 104
0.0006995310000004196 103
0.0006996410000006392 104
0.0006996509999996903 103
0.0006996710000013451 104
0.0006997010000002746 105
0.0006997710000007373 104
0.000699891000000008 103
0.0006998970000005045 104
0.0007000110000010551 103
0.0007000169999997752 104
0.000700047000000481 105
0.0007001210000012748 106
0.0007001310000003258 105
0.0007002410000005455 106
0.0007002510000013729 105
0.0007003710000006436 104
0.0007004810000008632 105
0.0007004909999999143 104
0.0007006010000001339 105
0.0007006110000009613 104
0.0007006310000008398 105
0.000700721000001181 106
0.000700731000000232 105
0.0007008410000004517 106
0.0007008510000012791 105
0.000700873000001323 106
0.0007009609999997224 107
0.0007009710000005498 106
0.0007010810000007694 107
0.0007010909999998205 106
0.0007012010000000402 107
0.0007012110000008676 106
0.0007013310000001383 105
0.0007013600000007614 106
0.0007014410000003579 107
0.0007014510000011853 106
0.0007014730000012293 107
0.000701561000001405 108
0.000701571000000456 107
0.0007016810000006757 108
0.0007016909999997267 107
0.0007017110000013815 108
0.0007018110000007738 107
0.0007019140000004143 108
0.0007019210000009934 109
0.0007019310000000445 108
0.0007020410000002641 109
0.0007020510000010916 108
0.0007020620000002253 107
0.0007021610000013112 108
0.0007021820000012724 107
0.0007022810000005819 108
0.0007023020000005431 107
0.0007023129999996769 108
0.0007024009999998526 109
0.0007024219999998138 108
0.000702433000000724 107
0.0007025210000008997 108
0.0007025529999999947 107
0.0007026410000001704 108
0.0007026730000010417 107
0.0007027610000012174 108
0.0007027930000003124 107
0.0007028810000004881 108
0.0007029130000013595 107
0.0007030009999997588 108
0.0007030330000006302 107
0.0007031529999999009 106
0.0007032010000003197 107
0.0007032520000009868 108
0.0007032730000009479 107
0.0007032799999997508 108
0.0007033720000002575 109
0.0007033930000002186 108
0.0007034920000013045 109
0.0007035130000012657 108
0.000703522000000234 109
0.0007036330000005364 108
0.0007037319999998459 109
0.0007037529999998071 108
0.000703852000000893 109
0.0007038730000008542 108
0.0007039720000001637 109
0.0007039930000001249 108
0.0007040920000012107 109
0.0007041130000011719 108
0.0007041220000001402 109
0.0007042120000004815 110
0.0007042330000004426 109
0.0007043319999997522 110
0.0007043529999997133 109
0.0007044730000007604 108
0.0007045770000004836 109
0.0007045930000000311 108
0.0007046070000011895 109
0.000704637000000119 110
0.0007047030000002508 111
0.0007047130000010782 110
0.0007048100000002222 111
0.0007048170000008014 112
0.0007048330000003489 111
0.0007049430000005685 112
0.0007049530000013959 111
0.0007050570000011191 112
0.0007050730000006666 111
0.0007050870000000486 112
0.0007051770000003899 113
0.0007051929999999373 112
0.0007052969999996606 113
0.0007053130000009844 112
0.0007053270000003664 113
0.0007054230000012041 114
0.0007054330000002551 113
0.0007055369999999783 114
0.0007055530000013022 113
0.0007055670000006842 114
0.0007056570000010254 115
0.0007056730000005729 114
0.0007057830000007925 115
0.0007057929999998436 114
0.0007058970000013431 115
0.0007059130000008906 114
0.0007059270000002726 115
0.0007060230000011103 116
0.0007060330000001613 115
0.0007060970000001277 116
0.0007061530000012084 115
0.000706263000001428 116
0.0007062659999998999 117
0.0007062730000004791 116
0.0007062960000006058 117
0.0007063830000006988 118
0.0007063929999997498 117
0.0007064130000014046 118
0.0007065029999999695 119
0.0007065130000007969 118
0.0007066230000010165 119
0.0007066330000000676 118
0.0007067430000002872 119
0.0007067530000011146 118
0.0007068630000013343 119
0.0007068730000003853 118
0.0007068930000002638 119
0.0007069930000014324 118
0.0007071029999998757 119
0.0007071130000007031 118
0.0007071330000005815 119
0.0007072230000009228 120
0.0007072329999999738 119
0.0007072529999998522 120
0.0007073430000001935 121
0.0007073530000010209 120
0.0007074630000012405 121
0.0007074730000002916 120
0.0007075930000013386 119
0.0007075990000000587 120
0.0007077029999997819 121
0.0007077130000006093 120
0.000707823000000829 121
0.00070783299999988 120
0.0007079530000009271 119
0.0007080630000011467 120
0.0007080730000001978 119
0.0007081830000004175 120
0.0007081930000012449 119
0.0007082130000011233 120
0.0007083029999996882 121
0.0007083130000005156 120
0.0007084230000007352 121
0.0007084329999997863 120
0.0007084529999996647 121
0.0007085430000000059 122
0.0007085530000008333 121
0.000708663000001053 122
0.000708673000000104 121
0.0007087830000003237 122
0.0007087930000011511 121
0.0007088130000010295 122
0.0007089030000013707 123
0.0007089130000004218 122
0.0007090230000006414 123
0.0007090329999996925 122
0.0007091429999999121 123
0.0007091530000007396 122
0.000709173000000618 123
0.0007092630000009592 124
0.0007092730000000103 123
0.0007092929999998887 124
0.0007093830000002299 125
0.0007093930000010573 124
0.000709503000001277 125
0.000709513000000328 124
0.0007095330000002065 125
0.0007096330000013751 124
0.0007096339999996815 125
0.0007097530000006458 124
0.0007097540000007285 125
0.000709783999999658 126
0.0007098729999999165 125
0.0007098739999999992 126
0.0007099070000009533 127
0.0007099930000009635 126
0.0007101130000002343 125
0.0007101190000007307 126
0.0007102330000012813 125
0.000710353000000552 124
0.0007103590000010485 125
0.0007104729999998227 124
0.0007105930000008698 123
0.0007107130000001405 122
0.0007107190000006369 123
0.0007108330000011875 122
0.0007108440000003213 121
0.0007109640000013684 120
0.0007110790000002254 121
0.0007110840000006391 120
0.0007112039999999098 119
0.0007113240000009569 118
0.0007113350000000906 117
0.0007114389999998139 118
0.0007114550000011377 117
0.0007115750000004084 116
0.0007116949999996791 115
0.0007118150000007262 114
0.0007119190000004494 115
0.0007119349999999969 114
0.0007120550000010439 113
0.0007121750000003146 112
0.0007122950000013617 111
0.0007124150000006324 110
0.0007125349999999031 109
0.0007126500000005365 110
0.0007126550000009502 109
0.0007127750000002209 108
0.0007128950000012679 107
0.0007130150000005386 106
0.0007131349999998093 105
0.0007132550000008564 104
0.0007133750000001271 103
0.0007134920000009259 104
0.0007134950000011742 103
0.0007136150000004449 102
0.0007137349999997156 101
0.0007137460000006257 100
0.0007138659999998964 99
0.0007139860000009435 98
0.0007141060000002142 97
0.0007142260000012612 96
0.0007143460000005319 95
0.0007144659999998026 94
0.0007145860000008497 93
0.0007147060000001204 92
0.0007148260000011675 91
0.0007149460000004382 90
0.0007150659999997089 89
0.0007151860000007559 88
0.0007153060000000266 87
0.0007153430000013117 88
0.0007154260000010737 87
0.0007155460000003444 86
0.0007156660000013915 85
0.0007157860000006622 84
0.0007158849999999717 85
0.0007159059999999329 84
0.0007160050000010187 85
0.0007160260000009799 84
0.0007160370000001137 83
0.0007161250000002894 84
0.0007161570000011608 83
0.0007162450000013365 84
0.0007162770000004315 83
0.000716279000000597 84
0.0007163969999997022 83
0.0007165170000007492 82
0.000716605000000925 83
0.00071663700000002 82
0.000716757000001067 81
0.0007168450000012427 82
0.0007168770000003377 81
0.0007169650000005134 82
0.0007169970000013848 81
0.0007171170000006555 80
0.0007172050000008312 81
0.0007172369999999262 80
0.0007173250000001019 81
0.0007173570000009732 80
0.000717477000000244 79
0.0007175650000004197 80
0.000717597000001291 79
0.0007177170000005617 78
0.0007178369999998324 77
0.0007179250000000081 78
0.0007179570000008795 77
0.0007180450000010552 78
0.0007180760000000674 79
0.0007180770000001502 78
0.0007181650000003259 79
0.0007181970000011972 78
0.000718285000001373 79
0.0007183170000004679 78
0.0007184369999997386 77
0.0007185360000008245 78
0.0007185570000007857 77
0.0007186770000000564 76
0.0007187970000011035 75
0.0007189170000003742 74
0.0007190270000005938 75
0.0007190370000014212 74
0.0007191469999998645 75
0.0007191570000006919 74
0.0007192670000009116 75
0.0007192769999999626 74
0.0007193870000001823 75
0.0007193970000010097 74
0.0007195070000012294 75
0.0007195170000002804 74
0.0007196270000005001 75
0.0007196370000013275 74
0.0007197469999997708 75
0.0007197570000005982 74
0.0007198670000008178 75
0.0007198769999998689 74
0.000719888000000779 73
0.0007199870000000885 74
0.0007200080000000497 73
0.0007201280000010968 72
0.0007202480000003675 71
0.0007203680000014145 70
0.0007204880000006852 69
0.000720607999999956 68
0.000720728000001003 67
0.0007208270000003125 68
0.0007208480000002737 67
0.0007208960000006925 68
0.0007209680000013208 67
0.0007210880000005915 66
0.000721186999999901 67
0.0007212079999998622 66
0.0007213280000009092 65
0.0007214380000011289 66
0.0007214480000001799 65
0.000721568000001227 64
0.0007216779999996703 65
0.0007216880000004977 64
0.0007218079999997684 63
0.0007219280000008155 62
0.0007219460000005284 63
0.0007220380000010351 64
0.0007220480000000862 63
0.0007221680000011332 62
0.0007222780000013529 63
0.0007222880000004039 62
0.0007223980000006236 63
0.0007224079999996746 62
0.0007225179999998943 63
0.0007225280000007217 62
0.0007226380000009414 63
0.0007226479999999924 62
0.0007227680000010395 61
0.0007228780000012591 62
0.0007228880000003102 61
0.0007229980000005298 62
0.0007230080000013572 61
0.0007231280000006279 60
0.0007232380000008476 61
0.0007232479999998986 60
0.0007233680000009457 59
0.0007234880000002164 58
0.0007236080000012635 57
0.0007236090000013462 58
0.0007237280000005342 57
0.0007237290000006169 58
0.0007238479999998049 57
0.0007239680000008519 56
0.0007239690000009347 57
0.0007240880000001226 56
0.0007240890000002054 57
0.0007242080000011697 56
0.0007242090000012524 57
0.0007243280000004404 56
0.0007244479999997111 55
0.0007244489999997938 56
0.0007245680000007582 55
0.0007245690000008409 56
0.0007246880000000289 55
0.000724699000000939 54
0.0007247470000013578 55
0.0007248090000011587 56
0.0007248190000002097 55
0.0007249390000012568 54
0.0007250489999997001 55
0.0007250590000005275 54
0.0007251789999997982 53
0.0007252990000008452 52
0.0007254090000010649 53
0.0007254190000001159 52
0.0007255290000003356 53
0.000725539000001163 52
0.0007256490000013827 53
0.0007256590000004337 52
0.0007257690000006534 53
0.0007257789999997044 52
0.0007258889999999241 53
0.0007258990000007515 52
0.0007260090000009711 53
0.0007260190000000222 52
0.0007261290000002418 53
0.0007261390000010692 52
0.0007262490000012889 53
0.0007262590000003399 52
0.0007262700000012501 51
0.0007263690000005596 52
0.0007263900000005208 51
0.0007264889999998303 52
0.0007265099999997915 51
0.0007266090000008774 52
0.0007266300000008385 51
0.0007267290000001481 52
0.0007267500000001093 51
0.0007268490000011951 52
0.0007268700000011563 51
0.0007269690000004658 52
0.000726990000000427 51
0.0007270889999997365 52
0.0007271099999996977 51
0.0007272300000007448 50
0.0007272409999998786 49
0.0007273290000000543 50
0.0007273610000009256 49
0.0007274600000002351 50
0.0007274810000001963 49
0.0007275800000012822 50
0.0007276010000012434 49
0.0007277000000005529 50
0.0007277210000005141 49
0.0007278199999998236 50
0.0007278409999997848 49
0.0007279400000008707 50
0.0007279610000008319 49
0.0007280600000001414 50
0.0007280810000001026 49
0.0007281800000011884 50
0.0007282010000011496 49
0.0007283000000004591 50
0.0007283210000004203 49
0.0007284199999997298 50
0.000728440999999691 49
0.0007285400000007769 50
0.0007285610000007381 49
0.0007286600000000476 50
0.0007286810000000088 49
0.0007288010000010559 48
0.0007289000000003654 49
0.0007289210000003266 48
0.0007290200000014124 49
0.0007290410000013736 48
0.0007291610000006443 47
0.0007292599999999538 48
0.000729280999999915 47
0.0007292920000008252 46
0.0007293800000010009 47
0.0007294120000000959 46
0.0007295000000002716 47
0.0007295320000011429 46
0.0007296200000013187 47
0.0007296520000004136 46
0.0007297400000005894 47
0.0007297719999996843 46
0.0007298599999998601 47
0.0007298920000007314 46
0.0007299800000009071 47
0.0007300120000000021 46
0.0007301000000001778 47
0.0007301320000010492 46
0.0007302200000012249 47
0.0007302520000003199 46
0.0007303400000004956 47
0.0007303720000013669 46
0.0007304599999997663 47
0.0007304920000006376 46
0.0007305800000008134 47
0.0007306119999999083 46
0.0007307000000000841 47
0.0007307320000009554 46
0.0007308200000011311 47
0.0007308520000002261 46
0.0007309400000004018 47
0.0007309720000012732 46
0.0007310599999996725 47
0.0007310920000005439 46
0.0007311800000007196 47
0.0007312119999998146 46
0.0007312999999999903 47
0.0007313320000008616 46
0.0007314200000010374 47
0.0007314520000001323 46
0.0007315400000003081 47
0.0007315720000011794 46
0.0007316600000013551 47
0.0007316920000004501 46
0.0007317800000006258 47
0.0007318119999997208 46
0.0007318999999998965 47
0.0007319320000007679 46
0.0007320200000009436 47
0.0007320520000000386 46
0.0007321400000002143 47
0.0007321720000010856 46
0.0007322710000003951 47
0.0007322920000003563 46
0.0007323909999996658 47
0.0007324120000014034 46
0.0007325110000007129 47
0.0007325320000006741 46
0.0007326309999999836 47
0.0007326519999999448 46
0.0007327720000009919 45
0.0007328920000002626 44
0.0007330120000013096 43
0.0007331160000010328 44
0.0007331320000005803 43
0.000733251999999851 42
0.0007333720000008981 41
0.0007334710000002076 42
0.0007334920000001688 41
0.0007336120000012158 40
0.0007337160000009391 41
0.0007337320000004866 40
0.0007338519999997573 39
0.0007339619999999769 40
0.0007339720000008043 39
0.000734092000000075 38
0.0007342020000002947 39
0.0007342120000011221 38
0.0007343320000003928 37
0.0007344519999996635 36
0.0007345619999998831 37
0.0007345720000007105 36
0.0007346919999999812 35
0.0007347959999997045 36
0.0007348120000010283 35
0.0007348189999998311 36
0.000734932000000299 35
0.0007349330000003818 36
0.0007350520000013461 35
0.0007351720000006168 34
0.0007352919999998875 33
0.0007354120000009345 32
0.0007355320000002052 31
0.000735533000000288 32
0.0007356520000012523 31
0.000735772000000523 30
0.0007357730000006057 31
0.0007358919999997937 30
0.0007358929999998765 31
0.0007360120000008408 30
0.0007361320000001115 29
0.0007362020000005742 30
0.0007362520000011585 29
0.0007362530000012413 30
0.0007363720000004292 29
0.0007364919999996999 28
0.000736612000000747 27
0.0007366130000008297 28
0.0007367320000000177 27
0.0007367330000001004 28
0.0007368520000010648 27
0.0007368640000002813 28
0.0007369720000003355 27
0.0007369840000013284 28
0.0007370920000013825 27
0.0007371040000005991 28
0.0007372120000006532 27
0.0007372239999998698 28
0.0007373319999999239 27
0.0007373440000009168 28
0.000737452000000971 27
0.0007374640000001875 28
0.0007375720000002417 27
0.0007375840000012346 28
0.0007376920000012888 27
0.0007377040000005053 28
0.0007378120000005595 27
0.000737823999999776 28
0.0007379319999998302 27
0.000737944000000823 28
0.0007380520000008772 27
0.0007380640000000938 28
0.0007381720000001479 27
0.0007381840000011408 28
0.000738292000001195 27
0.0007383040000004115 28
0.0007384120000004657 27
0.0007384239999996822 28
0.0007385319999997364 27
0.0007385440000007293 28
0.0007386520000007835 27
0.0007387720000000542 26
0.0007388920000011012 25
0.0007390120000003719 24
0.000739132000001419 23
0.0007391440000006355 24
0.0007392520000006897 23
0.0007392629999998235 22
0.0007393830000008705 21
0.0007393840000009533 22
0.0007395030000001412 21
0.0007396230000011883 20
0.0007396289999999084 21
0.0007396630000009452 22
0.000739743000000459 21
0.0007397440000005417 22
0.0007397740000012476 23
0.0007398629999997297 22
0.0007398639999998124 23
0.0007399830000007768 22
0.000740000000000407 23
0.0007400230000005337 24
0.0007401030000000475 23
0.0007401040000001302 24
0.0007402230000010945 23
0.0007403430000003652 22
0.000740344000000448 23
0.0007403740000011538 24
0.0007404630000014123 23
0.0007404800000010425 24
0.000740583000000683 23
0.0007405840000007657 24
0.0007406139999996952 25
0.0007407029999999537 24
0.0007407040000000364 25
0.0007408230000010008 24
0.0007408240000010835 25
0.0007409430000002715 24
0.0007409440000003542 25
0.0007409740000010601 26
0.0007410630000013185 25
0.0007410640000014013 26
0.0007410940000003308 27
0.0007411830000005892 26
0.000741184000000672 27
0.0007413029999998599 26
0.0007413039999999427 27
0.000741423000000907 26
0.0007414240000009897 27
0.0007415430000001777 26
0.0007415440000002604 27
0.0007416630000012248 26
0.0007416640000013075 27
0.0007417830000004955 26
0.0007417840000005782 27
0.0007419029999997662 26
0.0007419039999998489 27
0.0007420230000008132 26
0.000742024000000896 27
0.0007420539999998255 28
0.0007421430000000839 27
0.0007421440000001667 28
0.000742263000001131 27
0.0007422640000012137 28
0.0007423830000004017 27
0.0007423840000004844 28
0.0007423940000013118 27
0.0007425039999997551 28
0.0007425140000005825 27
0.000742534000000461 28
0.0007426240000008022 29
0.0007426339999998532 28
0.0007426559999998972 29
0.0007427440000000729 30
0.0007427540000009003 29
0.0007427740000007788 30
0.00074286400000112 31
0.000742874000000171 30
0.0007428850000010812 29
0.0007429840000003907 30
0.0007430050000003519 29
0.0007431039999996614 30
0.0007431250000013989 29
0.0007432240000007084 30
0.0007432450000006696 29
0.0007432559999998034 30
0.0007433439999999791 31
0.0007433649999999403 30
0.0007434640000010262 31
0.0007434850000009874 30
0.0007434960000001212 31
0.0007435840000002969 32
0.0007436050000002581 31
0.0007436140000010028 32
0.0007436229999999711 33
0.000743704000001344 34
0.0007437250000013051 33
0.0007438240000006147 34
0.0007438450000005759 33
0.0007439439999998854 34
0.0007439649999998466 33
0.0007440640000009324 34
0.0007440850000008936 33
0.0007441840000002031 34
0.0007442050000001643 33
0.000744214000000909 34
0.0007443040000012502 35
0.0007443250000012114 34
0.0007444240000005209 35
0.0007444450000004821 34
0.0007445439999997916 35
0.0007445649999997528 34
0.0007446640000008387 35
0.0007446850000007998 34
0.0007446939999997682 35
0.0007447030000005128 36
0.0007447840000001094 37
0.0007448050000000705 36
0.0007448530000004894 37
0.0007449040000011564 38
0.0007449070000014046 39
0.0007449250000011176 38
0.0007449370000003341 39
0.0007450450000003883 38
0.0007451439999996978 39
0.000745164999999659 38
0.0007451740000004037 39
0.0007452640000007449 40
0.0007452850000007061 39
0.0007454049999999768 38
0.0007455250000010238 37
0.0007455519999997051 38
0.0007456240000003334 39
0.0007456450000002945 38
0.0007456540000010392 39
0.0007456839999999687 40
0.0007457440000013804 41
0.0007457650000013416 40
0.0007458640000006511 41
0.0007458850000006123 40
0.000746004999999883 39
0.0007461040000009689 40
0.0007461250000009301 39
0.0007461339999998984 40
0.000746174999999738 41
0.0007462399999997871 42
0.0007462450000002008 41
0.0007463440000012866 42
0.0007463650000012478 41
0.0007463740000002161 42
0.0007464640000005573 43
0.0007464850000005185 42
0.0007464960000014287 43
0.000746583999999828 44
0.0007466049999997892 43
0.0007466140000005339 44
0.0007467200000004226 45
0.0007467250000008363 44
0.000746835000001056 45
0.000746845000000107 44
0.0007468649999999855 45
0.0007469550000003267 46
0.0007469650000011541 45
0.0007469850000010325 46
0.0007470750000013737 47
0.0007470850000004248 46
0.0007471050000003032 47
0.0007471950000006444 48
0.0007472049999996955 47
0.0007472250000013503 48
0.0007473250000007425 47
0.0007474350000009622 48
0.0007474450000000132 47
0.0007474649999998917 48
0.0007475550000002329 49
0.0007475650000010603 48
0.0007475850000009387 49
0.00074767500000128 50
0.000747685000000331 49
0.0007476960000012411 48
0.0007477490000002973 49
0.0007478000000009644 50
0.0007478160000005118 49
0.0007479359999997826 48
0.0007480350000008684 49
0.0007480560000008296 48
0.0007480649999997979 49
0.0007480950000005038 50
0.0007481550000001391 51
0.0007481760000001003 50
0.000748185000000845 51
0.0007482310000010983 52
0.0007482960000011474 51
0.0007483950000004569 52
0.0007484160000004181 51
0.0007485149999997276 52
0.0007485359999996888 51
0.0007485450000004334 52
0.0007485750000011393 53
0.0007486400000011884 54
0.0007486560000007358 53
0.0007487600000004591 54
0.0007487760000000065 53
0.0007488750000010924 54
0.0007488960000010536 53
0.0007489950000003631 54
0.0007490160000003243 53
0.000749025000001069 54
0.0007490270000012345 53
0.0007490549999999985 54
0.0007490580000002467 55
0.0007491150000014102 56
0.0007491470000005052 55
0.0007492350000006809 56
0.0007492650000013867 57
0.0007492669999997759 56
0.0007493549999999516 57
0.0007493850000006574 58
0.0007493870000008229 57
0.0007493979999999567 56
0.0007494800000014123 57
0.0007495100000003418 58
0.0007495180000010038 57
0.0007495950000002694 58
0.0007496380000002745 57
0.0007497150000013164 58
0.0007497450000002459 59
0.0007497580000013215 58
0.0007497750000009518 59
0.0007498510000001346 60
0.0007498780000005922 59
0.0007498810000008405 60
0.000749966000000768 61
0.0007499959999996975 62
0.0007499979999998629 61
0.0007500910000004524 62
0.00075011800000091 61
0.0007502060000010857 62
0.0007502380000001807 61
0.0007503310000007701 62
0.0007503580000012278 61
0.0007504510000000408 62
0.0007504780000004985 61
0.0007504810000007467 62
0.0007505109999996762 63
0.0007505710000010879 64
0.0007505979999997692 63
0.0007506010000000174 64
0.0007507180000008162 63
0.0007508380000000869 62
0.0007508490000009971 61
0.0007509310000006764 62
0.0007509610000013822 63
0.0007509690000002678 62
0.0007509910000003117 63
0.0007510509999999471 64
0.0007510890000013148 63
0.0007511769999997142 64
0.0007512090000005855 63
0.0007512910000002648 64
0.0007513210000009707 65
0.0007513289999998563 64
0.0007514110000013119 65
0.0007514490000009033 64
0.000751569000000174 63
0.0007516570000003497 64
0.0007516890000012211 63
0.0007518090000004918 62
0.0007518910000001711 63
0.0007519210000008769 64
0.0007519240000011251 65
0.0007519289999997625 64
0.0007520110000012181 65
0.0007520410000001476 66
0.0007520490000008095 65
0.0007521370000009853 66
0.0007521690000000802 65
0.0007522509999997595 66
0.0007522810000004654 67
0.0007522890000011273 66
0.000752377000001303 67
0.000752409000000398 66
0.0007525289999996687 65
0.0007526110000011244 66
0.0007526410000000539 67
0.0007526490000007158 66
0.0007527689999999865 65
0.0007528570000001622 66
0.0007528890000010335 65
0.0007530090000003042 64
0.00075309700000048 65
0.0007531290000013513 64
0.0007532169999997507 65
0.000753249000000622 64
0.0007533370000007977 65
0.0007533689999998927 64
0.0007534670000008958 65
0.0007534890000009398 64
0.0007534969999998253 65
0.0007535770000011155 66
0.0007536090000002105 65
0.0007537290000012575 64
0.0007538170000014333 65
0.0007538470000003628 66
0.0007538490000005282 65
0.000753937000000704 66
0.0007539689999997989 65
0.0007540569999999747 66
0.000754089000000846 65
0.0007541770000010217 66
0.0007542090000001167 65
0.0007542200000010268 64
0.0007542570000005355 65
0.0007542970000002924 66
0.0007543270000009983 67
0.0007543400000002976 66
0.0007544170000013395 67
0.0007544600000013446 66
0.0007545370000006102 67
0.0007545800000006153 66
0.0007546569999998809 67
0.000754690000000835 68
0.000754699999999886 67
0.000754777000000928 68
0.0007548069999998575 69
0.0007548200000009331 68
0.0007548370000005633 69
0.0007549400000002038 68
0.0007550170000012457 69
0.0007550600000012508 68
0.0007551370000005164 69
0.0007551670000012223 70
0.0007551800000005215 69
0.0007552680000006973 70
0.0007552999999997922 69
0.000755387999999968 70
0.0007554200000008393 69
0.0007554309999999731 68
0.0007555070000009323 69
0.0007555369999998618 70
0.0007555510000010202 69
0.0007555670000005676 70
0.0007556280000002857 71
0.0007556710000002909 70
0.0007557480000013328 71
0.0007557910000013379 70
0.0007558680000006035 71
0.0007559110000006086 70
0.0007559879999998742 71
0.0007560309999998793 70
0.0007561510000009264 69
0.000756228000000192 70
0.0007562580000008978 71
0.0007562710000001971 70
0.000756348000001239 71
0.0007563780000001685 72
0.0007563910000012442 71
0.0007564080000008744 72
0.0007565110000005149 71
0.0007566309999997856 70
0.0007567510000008326 69
0.0007568390000010083 70
0.0007568710000001033 69
0.0007569700000011892 70
0.0007569910000011504 69
0.0007570730000008297 70
0.0007571029999997592 71
0.0007571110000004211 70
0.0007571930000001004 71
0.0007572230000008062 72
0.0007572309999996918 71
0.0007573300000007777 72
0.0007573510000007388 71
0.0007574330000004181 72
0.0007574710000000096 71
0.0007575700000010954 72
0.0007575910000010566 71
0.0007576829999997869 72
0.0007577110000003273 71
0.0007577130000004928 72
0.0007578100000014132 73
0.0007578310000013744 72
0.0007579130000010537 73
0.0007579429999999832 74
0.0007579510000006451 73
0.0007580489999998719 74
0.0007580709999999158 73
0.0007580790000005777 74
0.0007581700000010017 75
0.0007581910000009628 74
0.0007582900000002724 75
0.0007583110000002335 74
0.0007584090000012367 75
0.0007584310000012806 74
0.0007584390000001662 75
0.0007584789999999231 76
0.0007585510000005513 75
0.0007586440000011407 76
0.000758670999999822 75
0.0007586740000000702 76
0.0007587810000000417 77
0.0007587910000008691 76
0.0007589010000010887 77
0.0007589110000001398 76
0.0007590210000003594 77
0.0007590310000011868 76
0.0007591290000004136 77
0.0007591510000004575 76
0.0007591590000011195 77
0.0007592610000006772 78
0.0007592709999997282 77
0.0007593809999999479 78
0.0007593910000007753 77
0.000759501000000995 78
0.000759511000000046 77
0.0007595220000009562 76
0.0007596210000002657 77
0.0007596420000002269 76
0.0007597410000013127 77
0.0007597620000012739 76
0.0007598610000005834 77
0.0007598820000005446 76
0.0007598910000012893 77
0.0007599809999998541 78
0.0007600019999998153 77
0.0007600889999999083 78
0.0007601190000006142 79
0.0007601220000008624 78
0.0007602210000001719 79
0.0007602420000001331 78
0.000760341000001219 79
0.0007603620000011801 78
0.0007604610000004897 79
0.0007604820000004509 78
0.0007605809999997604 79
0.0007606019999997216 78
0.0007607010000008074 79
0.0007607220000007686 78
0.0007607309999997369 79
0.0007608090000008616 80
0.0007608389999997911 81
0.0007608420000000393 80
0.0007609620000010864 79
0.0007610610000003959 80
0.0007610820000003571 79
0.0007611809999996666 80
0.0007612020000014041 79
0.0007613010000007137 80
0.0007613220000006748 79
0.0007613310000014195 80
0.000761374999999731 81
0.0007614209999999844 82
0.0007614419999999456 81
0.0007615400000009487 82
0.0007615620000009926 81
0.0007615699999998782 82
0.0007616610000003021 83
0.0007616820000002633 82
0.000761792000000483 83
0.0007618020000013104 82
0.0007618220000011888 83
0.0007619119999997537 84
0.0007619220000005811 83
0.0007620320000008007 84
0.0007620419999998518 83
0.0007621520000000714 84
0.0007621620000008988 83
0.0007621820000007773 84
0.0007622720000011185 85
0.0007622820000001695 84
0.0007623920000003892 85
0.0007624020000012166 84
0.0007625119999996599 85
0.0007625220000004873 84
0.000762632000000707 85
0.000762641999999758 84
0.0007626530000006682 83
0.0007627519999999777 84
0.0007627729999999389 83
0.0007628720000010247 84
0.0007628930000009859 83
0.0007629019999999542 84
0.0007630130000002566 83
0.0007631169999999798 84
0.0007631330000013037 83
0.000763242999999747 84
0.0007632530000005744 83
0.0007633570000002976 84
0.0007633729999998451 83
0.0007633870000010035 84
0.0007634830000000647 85
0.0007634930000008922 84
0.0007636030000011118 85
0.0007636130000001629 84
0.0007637230000003825 85
0.0007637330000012099 84
0.0007638430000014296 85
0.0007638530000004806 84
0.0007639570000002038 85
0.0007639729999997513 84
0.0007639870000009097 85
0.000764082999999971 86
0.0007640930000007984 85
0.0007641080000002631 86
0.0007641970000005216 87
0.0007642130000000691 86
0.0007642270000012275 87
0.0007643230000002887 88
0.0007643330000011161 87
0.0007644430000013358 88
0.0007644530000003869 87
0.0007645570000001101 88
0.0007645729999996576 87
0.0007645870000008159 88
0.0007646829999998772 89
0.0007646930000007046 88
0.0007648030000009243 89
0.0007648129999999753 88
0.000764923000000195 89
0.0007649330000010224 88
0.0007649530000009008 89
0.000765043000001242 90
0.0007650530000002931 89
0.0007650730000001715 90
0.0007651630000005127 91
0.0007651730000013401 90
0.0007651930000012186 91
0.0007652829999997834 92
0.0007652930000006108 91
0.0007653130000004893 92
0.0007654030000008305 93
0.0007654129999998815 92
0.0007655230000001012 93
0.0007655330000009286 92
0.0007656430000011483 93
0.0007656530000001993 92
0.0007656730000000778 93
0.000765763000000419 94
0.0007657730000012464 93
0.0007657930000011248 94
0.0007658829999996897 95
0.0007658930000005171 94
0.0007660030000007367 95
0.0007660129999997878 94
0.0007661230000000074 95
0.0007661330000008348 94
0.0007661530000007133 95
0.0007662430000010545 96
0.0007662530000001055 95
0.0007663630000003252 96
0.0007663730000011526 95
0.0007663930000010311 96
0.0007664830000013723 97
0.0007664930000004233 96
0.0007665130000003018 97
0.000766603000000643 98
0.000766612999999694 97
0.0007666330000013488 98
0.0007667229999999137 99
0.0007667330000007411 98
0.0007668430000009607 99
0.0007668530000000118 98
0.0007669630000002314 99
0.0007669730000010588 98
0.0007669930000009373 99
0.0007670930000003295 98
0.000767099000000826 99
0.0007672130000013766 98
0.000767213999999683 99
0.0007672440000003888 100
0.0007673330000006473 99
0.0007673390000011437 100
0.000767452999999918 99
0.0007675730000009651 98
0.0007675789999996852 99
0.0007676070000002255 100
0.0007676930000002358 99
0.0007676990000007322 100
0.0007678130000012828 99
0.0007679330000005535 98
0.00076793900000105 99
0.0007680529999998242 98
0.0007680590000003207 99
0.0007681730000008713 98
0.000768174000000954 99
0.0007682039999998835 100
0.000768293000000142 99
0.0007684130000011891 98
0.0007684140000012718 99
0.0007685330000004598 98
0.0007685340000005425 99
0.0007686529999997305 98
0.0007686539999998132 99
0.0007687730000007775 98
0.0007687740000008603 99
0.0007688930000000482 98
0.000768894000000131 99
0.0007689240000008368 100
0.0007690130000010953 99
0.000769014000001178 100
0.0007690440000001075 101
0.0007690580000012659 102
0.000769133000000366 101
0.0007692530000014131 100
0.0007693730000006838 99
0.0007694929999999545 98
0.0007696130000010015 97
0.0007696140000010843 98
0.0007697330000002722 97
0.0007697390000007687 98
0.0007698530000013193 97
0.0007698930000010762 98
0.00076997300000059 97
0.0007700929999998607 96
0.0007702130000009078 95
0.0007703330000001785 94
0.0007704530000012255 93
0.0007705730000004962 92
0.0007706929999997669 91
0.000770813000000814 90
0.0007708250000000305 91
0.0007709330000000847 90
0.0007710530000011317 89
0.0007711730000004025 88
0.0007711850000013953 89
0.0007712929999996732 88
0.0007714130000007202 87
0.0007714249999999367 88
0.0007715329999999909 87
0.000771653000001038 86
0.0007717730000003087 85
0.0007718930000013557 84
0.000771910000000986 85
0.0007720130000006264 84
0.0007721329999998972 83
0.0007722530000009442 82
0.0007723730000002149 81
0.000772493000001262 80
0.0007726130000005327 79
0.0007726249999997492 80
0.0007727329999998034 79
0.0007727450000007963 80
0.0007728530000008504 79
0.000772865000000067 80
0.0007729730000001211 79
0.0007730930000011682 78
0.0007732130000004389 77
0.0007733329999997096 76
0.0007733450000007025 77
0.0007734530000007567 76
0.0007734649999999732 77
0.0007735730000000274 76
0.0007736930000010744 75
0.0007738130000003451 74
0.0007739330000013922 73
0.0007739450000006087 74
0.0007740530000006629 73
0.0007740649999998794 74
0.00077410400000133 75
0.0007741729999999336 74
0.0007742930000009807 73
0.0007743050000001972 74
0.0007744130000002514 73
0.0007744250000012443 74
0.0007745330000012984 73
0.0007745440000004322 72
0.0007746639999997029 71
0.0007746649999997857 72
0.00077478400000075 71
0.0007749040000000207 70
0.0007749050000001034 71
0.0007750240000010677 70
0.0007751440000003385 69
0.0007751450000004212 70
0.0007752640000013855 69
0.0007752649999996919 70
0.0007753840000006562 69
0.0007755039999999269 68
0.0007755050000000097 69
0.000775624000000974 68
0.0007757440000002447 67
0.0007757450000003274 68
0.0007758640000012917 67
0.0007758650000013745 68
0.0007759840000005624 67
0.0007759850000006452 68
0.0007761039999998331 67
0.0007762240000008802 66
0.000776225000000963 67
0.0007763440000001509 66
0.000776464000001198 65
0.0007764650000012807 66
0.0007765840000004687 65
0.0007767039999997394 64
0.0007767049999998221 65
0.0007768240000007864 64
0.0007769440000000571 63
0.0007769450000001399 64
0.0007770640000011042 63
0.0007771840000003749 62
0.0007771850000004576 63
0.000777304000001422 62
0.0007774240000006927 61
0.0007774250000007754 62
0.0007775439999999634 61
0.0007776640000010104 60
0.0007776650000010932 61
0.0007777840000002811 60
0.0007777850000003639 61
0.0007779040000013282 60
0.0007779050000014109 61
0.0007780240000005989 60
0.0007780250000006816 61
0.0007781439999998696 60
0.0007781449999999523 61
0.0007782640000009167 60
0.0007783840000001874 59
0.0007783850000002701 60
0.0007785040000012344 59
0.0007785050000013172 60
0.0007786240000005051 59
0.0007787439999997758 58
0.0007787449999998586 59
0.0007788640000008229 58
0.0007788650000009056 59
0.0007789840000000936 58
0.0007791040000011407 57
0.0007791050000012234 58
0.0007792240000004114 57
0.0007792250000004941 58
0.0007793439999996821 57
0.0007793449999997648 58
0.0007794640000007291 57
0.0007794650000008119 58
0.0007795839999999998 57
0.00077959500000091 56
0.0007797050000011296 57
0.0007797150000001807 56
0.0007798250000004003 57
0.0007798350000012277 56
0.000779944999999671 57
0.0007799550000004984 56
0.0007800650000007181 57
0.0007800749999997691 56
0.0007801849999999888 57
0.0007801950000008162 56
0.0007803050000010359 57
0.0007803150000000869 56
0.0007804250000003066 57
0.000780435000001134 56
0.0007805450000013536 57
0.0007805550000004047 56
0.0007806749999996754 55
0.000780784999999895 56
0.0007807950000007224 55
0.0007809050000009421 56
0.0007809149999999931 55
0.0007810250000002128 56
0.0007810350000010402 55
0.0007811450000012599 56
0.0007811550000003109 55
0.000781166000001221 54
0.0007812860000004918 53
0.0007813849999998013 54
0.0007814059999997625 53
0.0007814170000006726 52
0.0007815050000008483 53
0.0007815369999999433 52
0.000781625000000119 53
0.0007816570000009904 52
0.0007817450000011661 53
0.0007817770000002611 52
0.0007818650000004368 53
0.0007818970000013081 52
0.0007819849999997075 53
0.0007820170000005788 52
0.0007821159999998883 53
0.0007821369999998495 52
0.0007822360000009354 53
0.0007822570000008966 52
0.0007823560000002061 53
0.0007823770000001673 52
0.0007824760000012532 53
0.0007824970000012144 52
0.0007825960000005239 53
0.0007826170000004851 52
0.0007827159999997946 53
0.0007827369999997558 52
0.0007827480000006659 51
0.0007828360000008416 52
0.0007828679999999366 51
0.0007829560000001123 52
0.0007829880000009837 51
0.0007830760000011594 52
0.0007831080000002544 51
0.0007832280000013014 50
0.0007833159999997008 51
0.0007833480000005721 50
0.0007834360000007479 51
0.0007834679999998428 50
0.0007835560000000186 51
0.0007835880000008899 50
0.0007836760000010656 51
0.0007837080000001606 50
0.0007837960000003363 51
0.0007838280000012077 50
0.0007839160000013834 51
0.0007839480000004784 50
0.0007840360000006541 51
0.0007840679999997491 50
0.0007841559999999248 51
0.0007841880000007961 50
0.0007842760000009719 51
0.0007843080000000668 50
0.0007843960000002426 51
0.0007844280000011139 50
0.0007845160000012896 51
0.0007845480000003846 50
0.0007846360000005603 51
0.0007846680000014317 50
0.000784755999999831 51
0.0007847880000007024 50
0.0007848760000008781 51
0.0007849079999999731 50
0.0007849960000001488 51
0.0007850280000010201 50
0.0007851160000011959 51
0.0007851480000002908 50
0.00078515500000087 51
0.0007852360000004666 52
0.0007852680000013379 51
0.0007853559999997373 52
0.0007853880000006086 51
0.0007855079999998793 50
0.000785596000000055 51
0.0007856280000009264 50
0.0007857160000011021 51
0.0007857480000001971 50
0.0007858360000003728 51
0.0007858680000012441 50
0.0007859560000014199 51
0.0007859880000005148 50
0.0007860760000006906 51
0.0007861079999997855 50
0.0007861959999999613 51
0.0007862280000008326 50
0.0007863160000010083 51
0.0007863480000001033 50
0.000786436000000279 51
0.0007864680000011504 50
0.0007864749999999532 51
0.0007865560000013261 52
0.0007865880000004211 51
0.0007867079999996918 50
0.0007867959999998675 51
0.0007868280000007388 50
0.0007869480000000095 49
0.0007870360000001853 50
0.0007870680000010566 49
0.0007871670000003661 50
0.0007871880000003273 49
0.0007871950000009065 50
0.0007872870000014132 51
0.0007873080000013744 50
0.0007874070000006839 51
0.0007874280000006451 50
0.0007875269999999546 51
0.0007875479999999158 50
0.0007876680000009628 49
0.0007877670000002723 50
0.0007877880000002335 49
0.0007878870000013194 50
0.0007879080000012806 49
0.0007880070000005901 50
0.0007880280000005513 49
0.0007881269999998608 50
0.000788147999999822 49
0.0007882470000009079 50
0.000788268000000869 49
0.0007883670000001786 50
0.0007883880000001398 49
0.0007885080000011868 48
0.0007886070000004963 49
0.0007886280000004575 48
0.0007886350000010367 49
0.0007887380000006772 50
0.0007887479999997282 49
0.0007887550000003074 50
0.0007888680000007753 49
0.000788988000000046 48
0.0007890919999997692 49
0.000789108000001093 48
0.0007892280000003637 47
0.0007893480000014108 46
0.0007894680000006815 45
0.0007894750000012607 46
0.0007895879999999522 45
0.0007897080000009993 44
0.00078982800000027 43
0.000789948000001317 42
0.0007900680000005877 41
0.0007901879999998584 40
0.0007903080000009055 39
0.000790320000000122 40
0.0007904280000001762 39
0.0007905480000012233 38
0.0007905660000009362 39
0.000790668000000494 38
0.0007907879999997647 37
0.0007909080000008117 36
0.0007910280000000824 35
0.0007911480000011295 34
0.0007912680000004002 33
0.0007913879999996709 32
0.0007913990000005811 31
0.0007915189999998518 30
0.0007916390000008988 29
0.0007917590000001695 28
0.0007917600000002523 29
0.0007918790000012166 28
0.0007918800000012993 29
0.0007919990000004873 28
0.00079200000000057 29
0.000792118999999758 28
0.000792239000000805 27
0.0007923590000000758 26
0.0007923600000001585 27
0.0007924790000011228 26
0.0007924800000012056 27
0.0007925990000003935 26
0.0007926100000013037 25
0.000792719999999747 26
0.0007927300000005744 25
0.000792840000000794 26
0.0007928499999998451 25
0.0007929600000000647 26
0.0007929700000008921 25
0.0007930800000011118 26
0.0007930900000001628 25
0.000793101000001073 24
0.0007932000000003825 25
0.0007932210000003437 24
0.0007933200000014295 25
0.0007933410000013907 24
0.0007934400000007003 25
0.0007934610000006614 24
0.000793559999999971 25
0.0007935809999999321 24
0.000793680000001018 25
0.0007937010000009792 24
0.0007938000000002887 25
0.0007938210000002499 24
0.0007939200000013358 25
0.000793941000001297 24
0.0007940400000006065 25
0.0007940610000005677 24
0.0007941599999998772 25
0.0007941809999998384 24
0.0007942800000009242 25
0.0007943010000008854 24
0.0007943120000000192 23
0.000794400000000195 24
0.0007944320000010663 23
0.0007944430000002001 22
0.000794520000001242 23
0.0007945630000012471 22
0.0007945740000003809 21
0.0007946400000005127 22
0.000794694000001428 21
0.0007947050000005618 20
0.0007947760000011073 21
0.0007948249999998325 20
0.0007948800000008305 21
0.00079490999999976 22
0.0007949450000008795 21
0.0007950650000001502 20
0.0007951200000011482 21
0.0007951850000011973 20
0.0007952400000004189 21
0.000795305000000468 20
0.0007954249999997387 19
0.0007954800000007367 20
0.0007955450000007858 19
0.0007956160000013313 20
0.0007956650000000565 19
0.0007957200000010545 20
0.0007957850000011035 19
0.0007958400000003252 20
0.0007959050000003742 19
0.0007959600000013722 20
0.0007960250000014213 19
0.0007960800000006429 20
0.000796145000000692 19
0.0007962390000013642 20
0.0007962649999999627 19
0.0007963850000010098 18
0.0007964400000002314 19
0.0007965050000002805 18
0.0007965600000012785 19
0.000796590000000208 20
0.0007966250000013275 19
0.0007966800000005492 20
0.0007967450000005982 19
0.0007967999999998199 20
0.0007968649999998689 19
0.0007969200000008669 20
0.000796985000000916 19
0.0007970400000001376 20
0.0007970789999998118 21
0.0007971050000001867 20
0.0007971600000011847 21
0.0007971900000001142 22
0.0007972250000012338 21
0.0007972800000004554 22
0.0007973450000005045 21
0.0007973999999997261 22
0.0007974649999997752 21
0.0007975850000008222 20
0.0007976400000000439 21
0.0007977050000000929 20
0.0007977600000010909 21
0.0007977920000001859 22
0.00079782500000114 21
0.0007979450000004107 20
0.0007980000000014087 21
0.0007980300000003382 22
0.0007980649999996814 21
0.0007981200000006794 22
0.0007981850000007285 21
0.0007983049999999992 20
0.0007983600000009972 21
0.0007984250000010462 20
0.0007984800000002679 21
0.0007985450000003169 20
0.0007986000000013149 21
0.000798665000001364 20
0.0007986760000004978 19
0.0007987200000005856 20
0.0007987959999997685 19
0.0007988399999998563 20
0.0007988700000005622 21
0.0007989160000008155 20
0.0007990360000000862 19
0.0007990910000010842 20
0.0007991560000011333 19
0.000799276000000404 18
0.000799331000001402 19
0.0007993959999996747 18
0.0007994720000006339 19
0.0007995160000007218 18
0.0007995269999998555 17
0.0007996470000009026 16
0.0007997670000001733 15
0.0007998870000012204 14
0.0008000070000004911 13
0.0008000510000005789 14
0.0008000810000012848 15
0.0008001110000002143 16
0.0008001269999997618 15
0.0008001820000007598 16
0.0008002470000008088 15
0.0008002960000013104 16
0.0008003670000000795 15
0.0008004220000010775 16
0.0008004870000011266 15
0.0008005420000003483 16
0.0008006070000003973 15
0.0008006730000005291 16
0.000800703000001235 17
0.000800726999999668 16
0.0008007929999997998 17
0.0008008470000007151 16
0.0008008960000012166 17
0.0008009260000001461 18
0.0008009669999999858 17
0.0008010160000004873 18
0.0008010460000011932 19
0.0008010870000010328 18
0.0008012070000003035 17
0.0008013270000013506 16
0.0008014470000006213 15
0.000801566999999892 14
0.0008016330000000238 15
0.0008016870000009391 14
0.0008017520000009881 15
0.0008017819999999176 16
0.0008018070000002098 15
0.0008018840000012517 16
0.0008019270000012568 15
0.0008020470000005275 14
0.000802145999999837 15
0.0008021669999997982 14
0.0008022270000012099 15
0.0008022770000000179 16
0.0008022870000008453 15
0.000802407000000116 14
0.0008025270000011631 13
0.0008026370000013827 14
0.0008026470000004338 13
0.0008027570000006534 14
0.0008027669999997045 13
0.0008028769999999241 14
0.0008028870000007515 13
0.0008029470000003869 14
0.0008029770000010927 15
0.0008030070000000222 14
0.0008031170000002419 15
0.0008031270000010693 14
0.0008031920000011183 15
0.00080324700000034 14
0.0008033180000008855 15
0.0008033570000005597 16
0.0008033670000013871 15
0.0008034380000001562 16
0.0008034769999998304 17
0.0008034870000006578 16
0.000803569000000337 17
0.0008035990000010429 18
0.0008036069999999285 17
0.0008036289999999724 18
0.0008036890000013841 19
0.0008036950000001042 20
0.0008037270000009755 19
0.0008037920000010246 20
0.0008038370000011952 21
0.0008038470000002462 20
0.0008039670000012933 19
0.0008040769999997366 20
0.000804087000000564 19
0.0008042069999998347 18
0.0008043170000000543 19
0.0008043200000003026 20
0.0008043270000008818 19
0.0008044370000011014 20
0.0008044470000001525 19
0.0008045670000011995 18
0.0008046480000007961 19
0.0008046779999997256 20
0.0008046870000004702 19
0.0008047800000010596 20
0.0008048069999997409 19
0.0008048099999999891 20
0.000804927000000788 19
0.0008049560000014111 20
0.0008050370000010076 21
0.0008050470000000587 20
0.0008050669999999371 21
0.0008051670000011057 20
0.0008052770000013254 21
0.0008052870000003765 20
0.0008053970000005961 21
0.0008054070000014235 20
0.0008055270000006942 19
0.0008055330000011907 20
0.0008056469999999649 19
0.0008056530000004614 20
0.0008056560000007096 21
0.0008057570000001846 22
0.000805767000001012 21
0.0008057870000008904 22
0.0008058770000012316 23
0.0008058870000002827 22
0.0008060070000013297 21
0.0008060130000000498 22
0.0008060880000009263 23
0.0008061179999998558 24
0.0008061270000006004 23
0.0008061379999997342 22
0.0008062530000003676 23
0.0008062580000007813 22
0.000806368000001001 23
0.000806378000000052 22
0.0008063979999999304 23
0.0008064800000013861 24
0.0008064980000010991 23
0.0008065100000003156 24
0.0008066080000013187 25
0.0008066180000003698 24
0.0008066290000012799 23
0.0008067280000005894 24
0.0008067490000005506 23
0.0008067580000012953 24
0.0008068689999998213 23
0.0008069680000009072 24
0.0008069890000008684 23
0.0008069979999998367 24
0.0008071090000001391 23
0.0008071160000007183 24
0.0008072290000011861 23
0.0008072400000003199 22
0.0008073390000014058 23
0.000807360000001367 22
0.0008074800000006377 21
0.000807544000000604 22
0.0008075789999999472 23
0.0008075999999999084 22
0.0008076760000008676 23
0.0008077200000009555 22
0.0008077210000010382 23
0.0008078400000002262 22
0.000807939000001312 23
0.0008079600000012732 22
0.000807971000000407 21
0.0008080909999996777 20
0.0008081730000011333 21
0.0008082110000007248 20
0.0008082990000009005 21
0.0008083309999999955 20
0.0008084290000009986 21
0.0008084510000010425 20
0.0008085710000003132 19
0.0008086529999999925 20
0.0008086830000006984 21
0.0008086910000013603 20
0.0008087130000014042 21
0.0008087789999997597 22
0.000808811000000631 21
0.0008089089999998578 22
0.0008089309999999017 21
0.0008089840000007342 22
0.0008090510000009488 21
0.0008091390000011245 22
0.0008091710000002195 21
0.0008092640000008089 22
0.0008092910000012665 21
0.0008092939999997384 22
0.000809376000001194 23
0.0008094060000001235 24
0.0008094110000005372 23
0.0008094360000008294 24
0.0008095309999998079 23
0.0008096290000008111 24
0.000809651000000855 23
0.0008097390000010307 24
0.0008097710000001257 23
0.0008098690000011288 24
0.0008098910000011728 23
0.0008099020000003065 22
0.0008099790000013485 23
0.0008100220000013536 22
0.0008100990000006192 23
0.0008101420000006243 22
0.0008102189999998899 23
0.000810261999999895 22
0.0008103820000009421 21
0.0008103930000000759 20
0.0008104400000004119 21
0.0008104700000011178 22
0.0008105000000000473 23
0.0008105130000011229 22
0.0008105720000006755 23
0.0008106330000003936 22
0.0008107529999996643 21
0.00081083500000112 22
0.0008108730000007114 21
0.0008109390000008432 22
0.0008109929999999821 21
0.0008110690000009413 22
0.0008111130000010291 21
0.0008111950000007084 22
0.0008112330000002999 21
0.0008113530000013469 20
0.0008114730000006176 19
0.0008115489999998005 20
0.0008115790000005063 21
0.0008115929999998883 20
0.000811675000001344 21
0.0008117130000009354 20
0.0008118330000002061 19
0.0008118800000005422 20
0.000811910000001248 21
0.0008119530000012531 20
0.0008120190000013849 21
0.0008120490000003144 22
0.0008120730000005238 21
0.0008121390000006556 22
0.0008121690000013615 23
0.0008121719999998334 24
0.0008121929999997946 23
0.0008122750000012502 24
0.0008123130000008416 23
0.0008124330000001123 22
0.0008124990000002441 23
0.00081252900000095 24
0.0008125530000011594 23
0.0008126350000008387 24
0.0008126730000004301 23
0.0008127929999997008 22
0.0008128589999998326 23
0.0008128890000005384 24
0.0008129130000007478 23
0.0008129950000004271 24
0.0008130330000000185 23
0.0008130990000001503 24
0.0008131530000010656 23
0.0008132190000011974 24
0.0008132730000003363 23
0.0008133360000002199 24
0.0008133930000013834 23
0.0008134589999997388 24
0.0008134890000004447 25
0.0008135130000006541 24
0.0008135790000007859 25
0.0008136329999999248 24
0.0008137310000009279 25
0.0008137530000009718 24
0.0008138730000002425 23
0.0008139500000012845 24
0.000813980000000214 25
0.0008139930000012896 24
0.0008140700000005552 25
0.0008141130000005603 24
0.000814232999999831 23
0.0008143530000008781 22
0.0008144730000001488 21
0.0008145930000011958 20
0.0008146810000013716 21
0.0008147130000004665 20
0.0008147760000003501 21
0.000814811999999776 22
0.0008148329999997372 21
0.0008149530000007843 20
0.000815073000000055 19
0.0008150840000009651 18
0.0008152040000002359 19
0.0008152040000002359 18
0.0008153240000012829 17
0.0008154440000005536 16
0.0008155429999998631 17
0.0008155639999998243 16
0.0008156840000008714 15
0.0008158040000001421 14
0.0008159240000011891 13
0.0008160440000004598 12
0.0008161429999997694 13
0.0008161639999997305 12
0.0008162840000007776 11
0.0008163830000000871 12
0.0008164040000000483 11
0.0008165240000010954 10
0.0008166440000003661 9
0.0008167640000014131 8
0.0008168610000005572 9
0.0008168840000006838 8
0.0008170039999999545 7
0.0008171240000010016 6
0.0008172440000002723 5
0.0008173640000013194 4
0.0008174840000005901 3
0.0008174949999997239 2
0.0008176150000007709 1
0.0008177350000000416 0
0.0008363960000004056 1
0.0008363960000004056 0
0.0008390200000008008 1
0.0008390200000008008 0
0.0008408290000012641 1
0.0008408290000012641 0
0.0008411180000003071 1
0.0008411180000003071 0
0.000841162000000395 1
0.000841162000000395 0
0.0008412290000006095 1
0.0008412380000013542 0
0.0008415440000000274 1
0.0008415440000000274 0
0.0008417210000004616 1
0.0008417210000004616 0
0.0008417740000012941 1
0.0008417740000012941 0
0.0008418940000005648 1
0.0008418940000005648 0
0.0008419990000003708 1
0.0008419990000003708 0
0.0008430140000008635 1
0.0008430140000008635 0
0.0008445780000005954 1
0.0008445780000005954 0
0.000846708000000973 1
0.000846708000000973 0
0.0008478250000010235 1
0.0008478250000010235 0
0.0008485350000011493 1
0.0008485350000011493 0
0.0008487979999998174 1
0.0008487979999998174 0
0.0008497140000010006 1
0.0008497140000010006 0
0.0008502670000005708 1
0.0008502670000005708 0
0.0008514650000002177 1
0.0008514650000002177 0
0.0008516250000010217 1
0.0008516250000010217 0
0.0008517730000008328 1
0.0008517730000008328 0
0.0008520580000013211 1
0.0008520580000013211 0
0.0008530170000007331 1
0.0008530170000007331 0
0.0008531920000010018 1
0.0008531920000010018 0
0.0008567800000012227 1
0.0008567800000012227 0
0.000860673000000034 1
0.000860673000000034 0
0.0008701680000005041 1
0.0008701680000005041 0
0.0008740459999998507 1
0.0008740459999998507 0
0.0008799540000001826 1
0.0008799540000001826 0
0.0008849939999997503 1
0.0008849939999997503 0
0.0008882010000004215 1
0.0008882010000004215 0
0.0008922299999998273 1
0.0008922299999998273 0
0.0008925580000003208 1
0.0008925580000003208 0
0.0008938590000013846 1
0.0008938590000013846 0
0.0008939500000000322 1
0.0008939500000000322 0
0.0008950340000009049 1
0.0008950340000009049 0
0.0008953130000008969 1
0.0008953130000008969 0
0.0008998640000008606 1
0.0008998640000008606 0
0.0009046060000006406 1
0.0009046060000006406 0
0.0009052900000003916 1
0.0009052900000003916 0
0.0009070590000010981 1
0.0009070590000010981 0
0.000907081000001142 1
0.000907081000001142 0
0.0009076940000003475 1
0.0009076940000003475 0
0.0009077949999998225 1
0.0009077949999998225 0
0.0009078270000006938 1
0.0009078270000006938 0
0.0009082459999998349 1
0.0009082459999998349 0
0.0009099130000009836 1
0.0009099130000009836 0
0.0009107840000002199 1
0.0009107840000002199 0
0.000914100000001028 1
0.000914100000001028 0
0.000914780000000448 1
0.000914780000000448 0
0.0009155740000004187 1
0.0009155740000004187 0
0.0009170880000013426 1
0.0009170880000013426 0
0.0009173469999996797 1
0.0009173469999996797 0
0.0009177170000000956 1
0.0009177170000000956 0
0.0009184520000005136 1
0.0009184520000005136 0
0.0009191790000002698 1
0.0009191790000002698 0
0.0009194739999998092 1
0.0009194739999998092 0
0.0009219040000001399 1
0.0009219040000001399 0
0.000927928000001188 1
0.000927928000001188 0
0.0009296240000011835 1
0.0009296240000011835 0
0.0009321980000009944 1
0.0009321980000009944 0
0.000933028000000391 1
0.000933028000000391 0
0.0009333649999998528 1
0.0009333649999998528 0
0.000941462000000115 1
0.000941462000000115 0
0.0009415019999998719 1
0.0009415019999998719 0
0.0009466700000011485 1
0.0009466700000011485 0
0.0009470829999997932 1
0.0009470829999997932 0
0.0009501640000006972 1
0.0009501640000006972 0
0.000951276000000334 1
0.000951276000000334 0
0.0009514209999998968 1
0.0009514209999998968 0
0.0009542450000008529 1
0.0009542450000008529 0
0.0009548900000009297 1
0.0009548900000009297 0
0.0009550090000001177 1
0.0009550090000001177 0
0.0009553550000003241 1
0.0009553550000003241 0
0.0009580700000011433 1
0.0009580700000011433 0
0.0009586250000008789 1
0.0009586250000008789 0
0.0009591130000004 1
0.0009591130000004 0
0.0009591919999998311 1
0.0009591919999998311 0
0.0009609470000011555 1
0.0009609470000011555 0
0.0009642840000001485 1
0.0009642840000001485 0
0.0009652440000014195 1
0.0009652440000014195 0
0.0009655980000005115 1
0.0009655980000005115 0
0.0009669710000004272 1
0.0009669710000004272 0
0.0009678270000001987 1
0.0009678270000001987 0
0.000968887000000862 1
0.000968887000000862 0
0.0009712670000006085 1
0.0009712670000006085 0
0.0009727260000005344 1
0.0009727260000005344 0
0.0009754740000005313 1
0.0009754740000005313 0
0.0009755850000008337 1
0.0009755850000008337 0
0.0009779390000002053 1
0.0009779390000002053 0
0.000978871000000936 1
0.000978871000000936 0
0.0009815260000003434 1
0.0009815260000003434 0
0.0009819699999997766 1
0.0009819699999997766 0
0.0009821090000006194 1
0.0009821090000006194 0
0.0009833150000009283 1
0.0009833150000009283 0
0.000990049000000326 1
0.000990049000000326 0
0.0009906560000008113 1
0.0009906560000008113 0
0.0009913900000011466 1
0.0009913900000011466 0
0.0009915360000007922 1
0.0009915360000007922 0
0.0009955560000012298 1
0.0009955560000012298 0
0.0009959039999998254 1
0.0009959039999998254 0
0.0010008740000007066 1
0.0010008740000007066 0
0.001001046000000727 1
0.001001046000000727 0
0.001002910000000412 1
0.001002910000000412 0
0.001005005999999753 1
0.001005005999999753 0
0.001007743000000616 1
0.001007743000000616 0
0.0010162870000005597 1
0.0010162870000005597 0
0.0010171960000011637 1
0.0010171960000011637 0
0.0010176980000000668 1
0.0010176980000000668 0
0.001020078999999896 1
0.001020078999999896 0
0.0010213160000009935 1
0.0010213160000009935 0
0.001022073999999762 1
0.001022073999999762 0
0.001024971000001429 1
0.001024971000001429 0
0.0010267860000006124 1
0.0010267860000006124 0
0.00102938300000055 1
0.00102938300000055 0
0.0010308720000011817 1
0.0010308720000011817 0
0.0010309020000001112 1
0.0010309020000001112 0
0.0010317260000007877 1
0.0010317260000007877 0
0.001034634999999895 1
0.001034634999999895 0
0.0010351240000012751 1
0.0010351240000012751 0
0.0010398200000008018 1
0.0010398200000008018 0
0.001044000000000267 1
0.001044000000000267 0
0.001044038999999941 1
0.001044038999999941 0
0.0010480949999998046 1
0.0010480949999998046 0
0.0010519960000010542 1
0.0010519960000010542 0
0.001053412000000975 1
0.001053412000000975 0
0.0010553330000000472 1
0.0010553330000000472 0
0.0010570269999998771 1
0.0010570269999998771 0
0.0010570730000001305 1
0.0010570730000001305 0
0.0010576530000001583 1
0.0010576530000001583 0
0.001060662000000434 1
0.001060662000000434 0
0.0010631810000010233 1
0.0010631810000010233 0
0.001065948000000816 1
0.001065948000000816 0
0.0010671070000007887 1
0.0010671070000007887 0
0.0010675420000012537 1
0.0010675420000012537 0
0.0010703050000007153 1
0.0010703050000007153 0
0.0010799260000009525 1
0.0010799260000009525 0
0.00108468400000028 1
0.00108468400000028 0
0.0010873110000009234 1
0.0010873110000009234 0
0.0010883830000008032 1
0.0010883830000008032 0
0.001093521000001374 1
0.001093521000001374 0
0.001096427000000233 1
0.001096427000000233 0
0.0010970009999997643 1
0.0010970009999997643 0
0.0010979659999996727 1
0.0010979659999996727 0
0.0011045060000007823 1
0.0011045060000007823 0
0.001105008999999768 1
0.001105008999999768 0
0.0011108880000012533 1
0.0011108880000012533 0
0.0011155850000008627 1
0.0011155850000008627 0
0.001120382999999947 1
0.001120382999999947 0
0.001120514000000128 1
0.001120514000000128 0
0.0011222919999998027 1
0.0011222919999998027 0
0.0011233459999999695 1
0.0011233459999999695 0
0.0011257880000012932 1
0.0011257880000012932 0
0.0011340999999998047 1
0.0011340999999998047 0
0.0011377519999999919 1
0.0011377519999999919 0
0.0011444110000002894 1
0.0011444110000002894 0
0.0011474850000006143 1
0.0011474850000006143 0
0.0011527520000012004 1
0.0011527520000012004 0
0.0011534500000003334 1
0.0011534500000003334 0
0.0011611590000004668 1
0.0011611590000004668 0
0.0011695480000000202 1
0.0011695480000000202 0
0.0011886560000000657 1
0.0011886560000000657 0
0.001189267000000882 0