time length
0.0 0
1.880000000120674e-06 1
1.880000000120674e-06 0
1.8850000000902867e-06 1
1.8850000000902867e-06 0
1.9999999998354667e-06 1
1.9999999998354667e-06 0
2.1100000000551233e-06 1
2.1100000000551233e-06 0
2.1199999999943486e-06 1
2.1199999999943486e-06 0
2.2300000002140052e-06 1
2.2300000002140052e-06 0
2.3300000000503474e-06 1
2.3300000000503474e-06 0
2.4500000002092293e-06 1
2.4500000002092293e-06 0
2.480000000026905e-06 1
2.480000000026905e-06 0
2.600000000185787e-06 1
2.600000000185787e-06 0
2.690000000082904e-06 1
2.690000000082904e-06 0
2.820000000181011e-06 1
2.820000000181011e-06 0
2.8300000001202363e-06 1
2.8300000001202363e-06 0
2.949999999835029e-06 1
2.949999999835029e-06 0
2.949999999835029e-06 1
2.949999999835029e-06 0
3.069999999993911e-06 1
3.069999999993911e-06 0
3.1350000000429645e-06 1
3.1350000000429645e-06 0
3.2050000000616308e-06 1
3.2050000000616308e-06 0
3.2349999998793066e-06 1
3.2349999998793066e-06 0
3.524999999893197e-06 1
3.524999999893197e-06 0
3.7250000000099703e-06 1
3.7250000000099703e-06 0
3.845000000168852e-06 1
3.845000000168852e-06 0
3.936999999787361e-06 1
3.936999999787361e-06 0
4.010000000054248e-06 1
4.010000000054248e-06 0
4.174999999939644e-06 1
4.174999999939644e-06 0
4.228999999966732e-06 1
4.228999999966732e-06 0
4.298999999985398e-06 1
4.298999999985398e-06 0
4.41900000014428e-06 1
4.41900000014428e-06 0
4.468999999840406e-06 1
4.468999999840406e-06 0
4.494000000132559e-06 1
4.494000000132559e-06 0
4.618999999816964e-06 1
4.618999999816964e-06 0
4.623999999786577e-06 1
4.623999999786577e-06 0
4.634000000169891e-06 1
4.634000000169891e-06 0
4.7890000001160615e-06 1
4.7890000001160615e-06 0
4.806999999829031e-06 1
4.806999999829031e-06 0
4.818999999933737e-06 1
4.818999999933737e-06 0
4.879000000013178e-06 1
4.908999999830854e-06 2
4.926999999987913e-06 1
4.9309999998747855e-06 0
4.988999999788746e-06 1
4.988999999788746e-06 0
5.025000000102864e-06 1
5.025000000102864e-06 0
5.0570000000860205e-06 1
5.0570000000860205e-06 0
5.079000000129952e-06 1
5.079000000129952e-06 0
5.127000000104687e-06 1
5.176999999800813e-06 0
5.240000000128475e-06 1
5.240000000128475e-06 0
5.2649999999765384e-06 1
5.278999999802636e-06 2
5.300999999846567e-06 1
5.305000000177529e-06 0
5.338999999882077e-06 1
5.338999999882077e-06 0
5.348999999821302e-06 1
5.348999999821302e-06 0
5.352000000069523e-06 1
5.352000000069523e-06 0
5.359999999843268e-06 1
5.359999999843268e-06 0
5.408999999900743e-06 1
5.434999999831547e-06 2
5.456999999875478e-06 3
5.4729999998670564e-06 2
5.545000000051203e-06 3
5.593000000025938e-06 2
5.594000000108679e-06 3
5.596999999912811e-06 2
5.600999999799683e-06 1
5.613999999987129e-06 2
5.625000000009095e-06 3
5.642000000083414e-06 4
5.643999999804805e-06 5
5.669000000096958e-06 6
5.720999999958565e-06 5
5.724999999845437e-06 4
5.784999999924878e-06 5
5.789999999894491e-06 6
5.792000000059971e-06 7
5.793000000142712e-06 8
5.822999999960388e-06 9
5.845000000004319e-06 8
5.848999999891191e-06 7
5.853000000222153e-06 8
5.853000000222153e-06 7
5.853999999860804e-06 8
5.854999999943544e-06 9
5.856000000026285e-06 10
5.857000000109025e-06 11
5.863999999800029e-06 12
5.884000000122569e-06 13
5.899000000031407e-06 14
5.90500000008376e-06 15
5.934999999901436e-06 16
5.9399999998710484e-06 17
5.9640000000804605e-06 18
5.972999999936945e-06 17
5.976999999823818e-06 16
5.981000000154779e-06 15
5.9850000000416514e-06 14
5.988999999928524e-06 13
5.993999999898136e-06 14
5.9970000001463575e-06 15
6.00200000011597e-06 16
6.041999999872871e-06 17
6.072000000134636e-06 18
6.0999999997868315e-06 19
6.101999999952312e-06 20
6.103000000035053e-06 21
6.109000000087406e-06 20
6.112999999974278e-06 19
6.1329999998527285e-06 20
6.133999999935469e-06 21
6.135000000018209e-06 22
6.13600000010095e-06 23
6.207000000202356e-06 24
6.208999999923748e-06 25
6.23300000013316e-06 24
6.241999999989645e-06 25
6.255000000177091e-06 26
6.271999999807321e-06 27
6.273999999972801e-06 28
6.288999999881639e-06 29
6.29200000012986e-06 30
6.2989999998208646e-06 31
6.339000000021855e-06 32
6.3439999999914676e-06 33
6.34899999996108e-06 34
6.3529999998479525e-06 33
6.357000000178914e-06 32
6.361000000065786e-06 31
6.3649999999526585e-06 30
6.368999999839531e-06 29
6.373000000170492e-06 28
6.3770000000573646e-06 27
6.380999999944237e-06 26
6.399000000101296e-06 27
6.475000000172315e-06 28
6.476999999893707e-06 29
6.501000000103119e-06 28
6.504999999989991e-06 27
6.508999999876863e-06 26
6.52200000006431e-06 27
6.523999999785701e-06 28
6.5519999998819856e-06 29
6.583999999865142e-06 30
6.62000000017926e-06 31
6.629000000035745e-06 30
6.643999999944583e-06 31
6.6450000000273235e-06 32
6.646000000110064e-06 33
6.647000000192804e-06 34
6.647999999831455e-06 35
6.648999999914196e-06 36
6.649999999996936e-06 37
6.6510000000796765e-06 38
6.652999999801068e-06 39
6.65800000021477e-06 40
6.662000000101642e-06 41
6.6630000001843825e-06 42
6.668000000153995e-06 43
6.673000000123608e-06 44
6.6780000000932205e-06 45
6.683000000062833e-06 46
6.697999999971671e-06 47
6.707999999910896e-06 48
6.712999999880509e-06 49
6.713999999963249e-06 50
6.717999999850122e-06 51
6.722999999819734e-06 52
6.727999999789347e-06 53
6.733000000203049e-06 54
6.7380000001726614e-06 55
6.743000000142274e-06 56
6.748000000111887e-06 57
6.749000000194627e-06 56
6.753000000081499e-06 57
6.758000000051112e-06 58
6.763000000020725e-06 59
6.767999999990337e-06 60
6.7989999998907535e-06 61
6.799999999973494e-06 62
6.801000000056234e-06 63
6.802000000138975e-06 64
6.803000000221715e-06 65
6.803999999860366e-06 66
6.8049999999431066e-06 67
6.806000000025847e-06 68
6.808999999829979e-06 69
6.81300000016094e-06 70
6.818000000130553e-06 71
6.828000000069778e-06 72
6.833000000039391e-06 73
6.8380000000090035e-06 74
6.842999999978616e-06 75
6.847999999948229e-06 76
6.8529999999178415e-06 77
6.854000000000582e-06 78
6.857999999887454e-06 79
6.862999999857067e-06 80
6.86899999990942e-06 79
6.878000000209994e-06 80
6.8830000001796066e-06 81
6.948999999867311e-06 82
6.949999999950052e-06 83
6.951000000032792e-06 84
6.9520000001155324e-06 85
6.953000000198273e-06 86
6.953999999836924e-06 87
6.984000000098689e-06 88
6.985000000181429e-06 89
6.9859999998200806e-06 90
6.986999999902821e-06 91
6.987999999985561e-06 92
6.989000000068302e-06 93
6.989000000068302e-06 92
6.990000000151042e-06 93
6.990999999789693e-06 94
6.991999999872434e-06 95
6.992999999955174e-06 96
6.994000000037914e-06 97
7.02399999985559e-06 98
7.0249999999383306e-06 99
7.026000000021071e-06 100
7.027000000103811e-06 101
7.028000000186552e-06 102
7.028999999825203e-06 103
7.029999999907943e-06 104
7.030999999990684e-06 105
7.032000000073424e-06 106
7.033000000156164e-06 107
7.0339999997948155e-06 108
7.034999999877556e-06 109
7.039000000208517e-06 110
7.073999999995806e-06 111
7.075000000078546e-06 112
7.104999999896222e-06 113
7.1059999999789625e-06 114
7.107000000061703e-06 115
7.108000000144443e-06 116
7.108999999783094e-06 115
7.137999999962119e-06 116
7.1390000000448595e-06 117
7.1400000001276e-06 118
7.14100000021034e-06 119
7.141999999848991e-06 120
7.142999999931732e-06 121
7.144000000014472e-06 122
7.1450000000972125e-06 123
7.146000000179953e-06 124
7.146999999818604e-06 125
7.147999999901344e-06 126
7.148999999984085e-06 127
7.150000000066825e-06 128
7.1510000001495655e-06 129
7.151999999788217e-06 130
7.152999999870957e-06 131
7.153999999953697e-06 132
7.1840000002154625e-06 133
7.184999999854114e-06 134
7.215000000115879e-06 135
7.216000000198619e-06 136
7.228999999941976e-06 135
7.2329999998288486e-06 134
7.246000000016295e-06 135
7.247000000099035e-06 136
7.248000000181776e-06 137
7.252000000068648e-06 138
7.2779999999994516e-06 139
7.279000000082192e-06 140
7.308999999899868e-06 141
7.309999999982608e-06 142
7.3110000000653486e-06 143
7.312000000148089e-06 144
7.31299999978674e-06 145
7.3139999998694805e-06 146
7.314999999952221e-06 147
7.316000000034961e-06 148
7.3170000001177016e-06 149
7.318000000200442e-06 150
7.318999999839093e-06 151
7.322000000087314e-06 152
7.349000000100858e-06 153
7.3529999999877305e-06 152
7.356999999874603e-06 151
7.371999999783441e-06 152
7.378999999918534e-06 153
7.409000000180299e-06 154
7.40999999981895e-06 155
7.410999999901691e-06 156
7.411999999984431e-06 157
7.413000000067171e-06 158
7.414000000149912e-06 159
7.414999999788563e-06 160
7.415999999871303e-06 161
7.446000000133068e-06 162
7.447000000215809e-06 163
7.44799999985446e-06 164
7.4489999999372e-06 165
7.450000000019941e-06 166
7.477000000033485e-06 165
7.4799999998376165e-06 166
7.480999999920357e-06 167
7.480999999920357e-06 166
7.482000000003097e-06 167
7.483000000085838e-06 168
7.484000000168578e-06 169
7.484999999807229e-06 168
7.489000000138191e-06 167
7.513999999986254e-06 168
7.515000000068994e-06 169
7.516000000151735e-06 170
7.516999999790386e-06 171
7.547000000052151e-06 172
7.548000000134891e-06 173
7.549000000217632e-06 174
7.549999999856283e-06 175
7.550999999939023e-06 176
7.5520000000217635e-06 177
7.553000000104504e-06 178
7.58299999992218e-06 179
7.608999999852983e-06 178
7.613000000183945e-06 179
7.613000000183945e-06 178
7.613999999822596e-06 179
7.614999999905336e-06 180
7.615999999988077e-06 181
7.617000000070817e-06 182
7.6180000001535575e-06 183
7.618999999792209e-06 184
7.619999999874949e-06 185
7.620999999957689e-06 186
7.62200000004043e-06 187
7.651999999858106e-06 188
7.652999999940846e-06 189
7.654000000023586e-06 190
7.655000000106327e-06 191
7.656000000189067e-06 192
7.656999999827718e-06 193
7.657999999910459e-06 194
7.658999999993199e-06 195
7.66000000007594e-06 196
7.689999999893615e-06 197
7.690999999976356e-06 198
7.720999999794032e-06 199
7.721999999876772e-06 200
7.722999999959512e-06 201
7.724000000042253e-06 202
7.725000000124993e-06 203
7.732999999898738e-06 202
7.73699999978561e-06 201
7.742000000199312e-06 202
7.754999999942669e-06 203
7.75600000002541e-06 204
7.785999999843085e-06 205
7.786999999925825e-06 206
7.788000000008566e-06 207
7.789000000091306e-06 208
7.790000000174047e-06 209
7.790999999812698e-06 210
7.791999999895438e-06 211
7.822000000157203e-06 212
7.851999999974879e-06 213
7.85300000005762e-06 214
7.85400000014036e-06 215
7.8550000002231e-06 216
7.855999999861751e-06 217
7.856999999944492e-06 216
7.860999999831364e-06 215
7.865000000162325e-06 214
7.886000000123516e-06 215
7.887000000206257e-06 216
7.887999999844908e-06 217
7.918000000106673e-06 218
7.919000000189413e-06 219
7.94900000000709e-06 220
7.95000000008983e-06 221
7.95100000017257e-06 222
7.951999999811221e-06 223
7.952999999893962e-06 224
7.953999999976702e-06 225
7.955000000059442e-06 226
7.984999999877118e-06 227
7.984999999877118e-06 226
7.985999999959859e-06 227
7.98900000020808e-06 226
7.993000000094952e-06 225
7.996999999981824e-06 224
8.000999999868696e-06 223
8.005000000199658e-06 222
8.00900000008653e-06 221
8.016000000221624e-06 222
8.016999999860275e-06 223
8.04700000012204e-06 224
8.04800000020478e-06 225
8.057000000061265e-06 226
8.078000000022456e-06 227
8.079000000105196e-06 228
8.080000000187937e-06 229
8.080999999826588e-06 230
8.081999999909328e-06 231
8.112000000171093e-06 232
8.112999999809745e-06 233
8.113999999892485e-06 234
8.114999999975225e-06 235
8.128999999801323e-06 234
8.14199999998877e-06 235
8.144999999792901e-06 236
8.145999999875642e-06 237
8.176000000137407e-06 238
8.177000000220147e-06 239
8.177999999858798e-06 240
8.208000000120563e-06 241
8.23799999993824e-06 242
8.248999999960205e-06 241
8.252999999847077e-06 240
8.268000000200004e-06 241
8.268999999838655e-06 242
8.29900000010042e-06 243
8.328999999918096e-06 244
8.330000000000837e-06 245
8.331000000083577e-06 246
8.360999999901253e-06 247
8.361999999983993e-06 248
8.363000000066734e-06 249
8.373000000005959e-06 248
8.381999999862444e-06 249
8.39299999988441e-06 250
8.39399999996715e-06 251
8.39500000004989e-06 252
8.39600000013263e-06 253
8.425999999950307e-06 254
8.456000000212072e-06 255
8.456999999850723e-06 256
8.457999999933463e-06 257
8.459000000016204e-06 258
8.460000000098944e-06 259
8.461000000181684e-06 260
8.461999999820335e-06 261
8.4920000000821e-06 262
8.493000000164841e-06 263
8.493000000164841e-06 262
8.493999999803492e-06 263
8.494999999886232e-06 264
8.495999999968973e-06 265
8.497000000051713e-06 266
8.497000000051713e-06 265
8.498000000134454e-06 266
8.52799999995213e-06 267
8.558000000213895e-06 268
8.58800000003157e-06 269
8.58900000011431e-06 270
8.590000000197051e-06 271
8.590999999835702e-06 272
8.591999999918443e-06 273
8.593000000001183e-06 274
8.594000000083923e-06 275
8.617000000210595e-06 274
8.621000000097467e-06 273
8.6239999999016e-06 274
8.62499999998434e-06 275
8.62499999998434e-06 274
8.62600000006708e-06 275
8.62700000014982e-06 276
8.627999999788472e-06 277
8.628999999871212e-06 278
8.628999999871212e-06 277
8.629999999953952e-06 278
8.631000000036693e-06 279
8.632000000119433e-06 280
8.633000000202173e-06 281
8.633000000202173e-06 280
8.633999999840825e-06 281
8.637000000089046e-06 280
8.640999999975918e-06 279
8.64499999986279e-06 278
8.649000000193752e-06 277
8.653000000080624e-06 276
8.66400000010259e-06 277
8.66500000018533e-06 278
8.665999999823981e-06 279
8.666999999906722e-06 280
8.667999999989462e-06 281
8.697999999807138e-06 282
8.698999999889878e-06 283
8.699999999972619e-06 284
8.701000000055359e-06 285
8.7020000001381e-06 286
8.70300000022084e-06 287
8.70399999985949e-06 288
8.704999999942231e-06 289
8.706000000024972e-06 290
8.707000000107712e-06 291
8.708000000190452e-06 292
8.738000000008128e-06 293
8.739000000090869e-06 294
8.768999999908544e-06 295
8.769999999991285e-06 296
8.771000000074025e-06 297
8.772999999795417e-06 296
8.777000000126378e-06 295
8.78100000001325e-06 294
8.784999999900123e-06 293
8.788999999786995e-06 292
8.793000000117956e-06 291
8.797000000004829e-06 290
8.800999999891701e-06 291
8.800999999891701e-06 290
8.801999999974441e-06 291
8.803000000057182e-06 292
8.804000000139922e-06 293
8.805000000222662e-06 294
8.805000000222662e-06 293
8.805999999861314e-06 294
8.806999999944054e-06 295
8.809000000109535e-06 294
8.812999999996407e-06 293
8.81699999988328e-06 292
8.82100000021424e-06 291
8.825000000101113e-06 290
8.828999999987985e-06 289
8.832999999874858e-06 288
8.837000000205819e-06 289
8.837000000205819e-06 288
8.83799999984447e-06 289
8.83899999992721e-06 290
8.840000000009951e-06 291
8.841000000092691e-06 292
8.841000000092691e-06 291
8.842000000175432e-06 292
8.842999999814083e-06 293
8.843999999896823e-06 294
8.844999999979564e-06 293
8.848999999866436e-06 292
8.853000000197397e-06 291
8.874000000158588e-06 292
8.87499999979724e-06 293
8.87599999987998e-06 294
8.87699999996272e-06 295
8.87800000004546e-06 296
8.907999999863137e-06 297
8.908999999945877e-06 298
8.910000000028617e-06 299
8.911000000111358e-06 300
8.940999999929033e-06 301
8.971000000190799e-06 302
8.97299999991219e-06 301
8.976999999799062e-06 300
8.981000000130024e-06 299
8.985000000016896e-06 298
8.988999999903768e-06 297
8.99299999979064e-06 296
8.997000000121602e-06 295
9.001000000008474e-06 296
9.001000000008474e-06 295
9.002000000091215e-06 296
9.004999999895347e-06 295
9.008999999782219e-06 294
9.01300000011318e-06 293
9.017000000000053e-06 292
9.020999999886925e-06 291
9.025000000217887e-06 290
9.029000000104759e-06 289
9.03199999990889e-06 290
9.032999999991631e-06 289
9.036999999878503e-06 288
9.041000000209465e-06 287
9.045000000096337e-06 286
9.04899999998321e-06 285
9.052999999870082e-06 284
9.057000000201043e-06 283
9.062000000170656e-06 284
9.062999999809307e-06 285
9.063999999892047e-06 286
9.094000000153812e-06 287
9.094999999792464e-06 288
9.125000000054229e-06 289
9.126000000136969e-06 290
9.12700000021971e-06 291
9.12799999985836e-06 292
9.128999999941101e-06 293
9.130000000023841e-06 294
9.131000000106582e-06 295
9.160999999924258e-06 296
9.162000000006998e-06 297
9.163000000089738e-06 298
9.176999999915836e-06 297
9.180999999802708e-06 296
9.18500000013367e-06 295
9.189000000020542e-06 294
9.192999999907414e-06 295
9.192999999907414e-06 294
9.193999999990154e-06 295
9.195000000072895e-06 296
9.196000000155635e-06 297
9.196999999794286e-06 296
9.217000000116826e-06 297
9.225999999973311e-06 298
9.227000000056051e-06 299
9.228000000138792e-06 300
9.229000000221532e-06 301
9.229000000221532e-06 302
9.259000000039208e-06 303
9.260000000121948e-06 304
9.261000000204689e-06 305
9.26199999984334e-06 306
9.26299999992608e-06 307
9.26400000000882e-06 308
9.293999999826497e-06 309
9.294999999909237e-06 310
9.295999999991977e-06 311
9.297000000074718e-06 312
9.298000000157458e-06 313
9.316999999953168e-06 312
9.32099999984004e-06 311
9.325000000171002e-06 310
9.327999999975134e-06 311
9.329000000057874e-06 312
9.329000000057874e-06 311
9.330000000140615e-06 312
9.332999999944747e-06 311
9.336999999831619e-06 310
9.34100000016258e-06 309
9.345000000049453e-06 308
9.348999999936325e-06 307
9.352999999823197e-06 306
9.357000000154159e-06 305
9.35999999995829e-06 306
9.361000000041031e-06 307
9.362000000123771e-06 308
9.363000000206512e-06 309
9.363999999845163e-06 310
9.394000000106928e-06 311
9.423999999924604e-06 312
9.425000000007344e-06 313
9.426000000090085e-06 314
9.45599999990776e-06 315
9.476999999868951e-06 314
9.481000000199913e-06 313
9.485000000086785e-06 312
9.486000000169525e-06 313
9.486999999808177e-06 314
9.487999999890917e-06 315
9.488999999973657e-06 314
9.49299999986053e-06 313
9.497000000191491e-06 312
9.501000000078363e-06 311
9.504999999965236e-06 310
9.508999999852108e-06 309
9.51300000018307e-06 308
9.517000000069942e-06 307
9.518000000152682e-06 308
9.520999999956814e-06 307
9.524999999843686e-06 306
9.547999999970358e-06 307
9.577999999788034e-06 308
9.578999999870774e-06 309
9.59200000005822e-06 310
9.60900000013254e-06 311
9.61000000021528e-06 312
9.61099999985393e-06 313
9.611999999936671e-06 314
9.642000000198436e-06 315
9.642999999837087e-06 316
9.643999999919828e-06 317
9.645000000002568e-06 316
9.64899999988944e-06 315
9.674000000181593e-06 316
9.674999999820244e-06 317
9.675999999902984e-06 318
9.676999999985725e-06 319
9.678000000068465e-06 320
9.707999999886141e-06 321
9.708999999968881e-06 322
9.710000000051622e-06 323
9.711000000134362e-06 324
9.737000000065166e-06 325
9.740999999952038e-06 326
9.742000000034778e-06 327
9.743000000117519e-06 328
9.744000000200259e-06 329
9.769000000048322e-06 328
9.772999999935195e-06 327
9.774000000017935e-06 328
9.775000000100675e-06 329
9.776999999822067e-06 328
9.781000000153028e-06 327
9.804999999918351e-06 328
9.806000000001092e-06 329
9.835999999818767e-06 330
9.866000000080533e-06 331
9.867000000163273e-06 332
9.867999999801924e-06 333
9.89800000006369e-06 334
9.89900000014643e-06 335
9.89999999978508e-06 336
9.900999999867821e-06 337
9.900999999867821e-06 336
9.901999999950561e-06 337
9.903000000033302e-06 338
9.905000000198783e-06 337
9.906999999920174e-06 338
9.909000000085655e-06 337
9.912999999972527e-06 336
9.9169999998594e-06 335
9.921000000190361e-06 334
9.925000000077233e-06 333
9.928999999964105e-06 332
9.932999999850978e-06 333
9.932999999850978e-06 332
9.933999999933718e-06 333
9.93700000018194e-06 332
9.941000000068811e-06 331
9.944999999955684e-06 330
9.948999999842556e-06 329
9.953000000173517e-06 328
9.95700000006039e-06 327
9.960999999947262e-06 326
9.964000000195483e-06 327
9.964999999834134e-06 328
9.964999999834134e-06 327
9.965999999916875e-06 328
9.966999999999615e-06 329
9.996999999817291e-06 330
9.997999999900031e-06 331
1.0028000000161796e-05 332
1.0028999999800448e-05 333
1.0029999999883188e-05 334
1.0030999999965928e-05 335
1.005199999992712e-05 336
1.0060999999783604e-05 337
1.0061999999866345e-05 338
1.0062999999949085e-05 339
1.0084999999993016e-05 338
1.0088999999879888e-05 337
1.009300000021085e-05 338
1.0093999999849501e-05 339
1.0124000000111266e-05 340
1.0153999999928942e-05 341
1.0155000000011682e-05 342
1.0184999999829358e-05 343
1.020900000003877e-05 342
1.0212999999925643e-05 341
1.0215000000091123e-05 342
1.0216000000173864e-05 343
1.0216999999812515e-05 344
1.0217999999895255e-05 345
1.024800000015702e-05 346
1.0248999999795672e-05 347
1.0249999999878412e-05 348
1.0280000000140177e-05 349
1.0281000000222917e-05 350
1.0281999999861569e-05 351
1.0282999999944309e-05 352
1.028400000002705e-05 353
1.0313999999844725e-05 354
1.0333000000084525e-05 353
1.0336999999971397e-05 352
1.0340999999858269e-05 351
1.034400000010649e-05 352
1.034500000018923e-05 353
1.0345999999827882e-05 354
1.0346999999910622e-05 355
1.0377000000172387e-05 356
1.0406999999990063e-05 357
1.0408000000072803e-05 358
1.0409000000155544e-05 359
1.0409999999794195e-05 360
1.0410999999876935e-05 361
1.0411999999959676e-05 362
1.0413000000042416e-05 363
1.0414000000125156e-05 364
1.0443999999942832e-05 365
1.0461000000017151e-05 364
1.0474000000204597e-05 365
1.0474999999843249e-05 366
1.0475999999925989e-05 367
1.0506000000187754e-05 368
1.0506999999826405e-05 369
1.0507999999909146e-05 370
1.0508999999991886e-05 371
1.0510000000074626e-05 372
1.0511000000157367e-05 373
1.0511999999796018e-05 374
1.0512999999878758e-05 375
1.0513999999961499e-05 376
1.0544000000223264e-05 377
1.057400000004094e-05 378
1.057500000012368e-05 379
1.0581000000176033e-05 378
1.0585000000062905e-05 377
1.0604999999941356e-05 378
1.0635000000203121e-05 379
1.0635999999841772e-05 380
1.0636999999924512e-05 381
1.0667000000186277e-05 382
1.0667999999824929e-05 383
1.0668999999907669e-05 384
1.066999999999041e-05 385
1.0699999999808085e-05 386
1.0700999999890826e-05 387
1.0701999999973566e-05 388
1.0705000000221787e-05 387
1.070900000010866e-05 386
1.0712999999995532e-05 385
1.0716999999882404e-05 384
1.0721000000213365e-05 383
1.0725000000100238e-05 382
1.072899999998711e-05 381
1.0731999999791242e-05 382
1.0732999999873982e-05 383
1.0732999999873982e-05 382
1.0733999999956723e-05 383
1.0735000000039463e-05 384
1.0736000000122203e-05 385
1.0737000000204944e-05 384
1.0741000000091816e-05 383
1.0744999999978688e-05 382
1.076599999993988e-05 383
1.0796000000201644e-05 384
1.0796999999840295e-05 385
1.0797999999923036e-05 386
1.0828000000184801e-05 387
1.0828999999823452e-05 388
1.0859000000085217e-05 389
1.0860000000167958e-05 390
1.0860999999806609e-05 391
1.086500000013757e-05 390
1.0891000000068374e-05 391
1.0892000000151114e-05 392
1.0892999999789765e-05 393
1.0893999999872506e-05 394
1.0894999999955246e-05 395
1.0925000000217011e-05 396
1.0955000000034687e-05 397
1.0956000000117427e-05 398
1.0957000000200168e-05 399
1.0957999999838819e-05 400
1.095899999992156e-05 401
1.0984999999852363e-05 400
1.0989000000183324e-05 401
1.0989999999821976e-05 402
1.102000000008374e-05 403
1.1049999999901416e-05 404
1.1050999999984157e-05 405
1.1052000000066897e-05 406
1.1053000000149638e-05 407
1.1053999999788289e-05 408
1.1054999999871029e-05 409
1.105599999995377e-05 410
1.1086000000215535e-05 411
1.1086999999854186e-05 412
1.1105000000011245e-05 411
1.111700000011595e-05 412
1.1146999999933627e-05 413
1.1148000000016367e-05 414
1.1149000000099107e-05 415
1.1178999999916783e-05 416
1.1179999999999524e-05 417
1.1181000000082264e-05 418
1.1182000000165004e-05 419
1.1182999999803656e-05 420
1.121300000006542e-05 421
1.1225000000170127e-05 420
1.1242999999883097e-05 421
1.1273000000144862e-05 422
1.1273999999783513e-05 423
1.1304000000045278e-05 424
1.1333999999862954e-05 425
1.134499999988492e-05 424
1.134900000021588e-05 423
1.1353000000102753e-05 422
1.1356999999989625e-05 421
1.1360999999876498e-05 420
1.1364000000124719e-05 421
1.1365000000207459e-05 422
1.1365000000207459e-05 421
1.136599999984611e-05 422
1.1369000000094331e-05 421
1.1372999999981204e-05 420
1.1396000000107875e-05 421
1.1425999999925551e-05 422
1.1427000000008292e-05 423
1.1428000000091032e-05 424
1.1457999999908708e-05 425
1.1458999999991448e-05 426
1.1488999999809124e-05 427
1.1493000000140086e-05 426
1.1497000000026958e-05 425
1.150099999991383e-05 424
1.1504999999800702e-05 423
1.1509000000131664e-05 422
1.151900000007089e-05 423
1.152000000015363e-05 424
1.152099999979228e-05 425
1.1521999999875021e-05 426
1.1552000000136786e-05 427
1.1581999999954462e-05 428
1.1612000000216227e-05 429
1.1612999999854878e-05 430
1.1628999999846457e-05 429
1.1633000000177418e-05 428
1.163700000006429e-05 427
1.1640999999951163e-05 426
1.1643000000116643e-05 427
1.1644000000199384e-05 428
1.1644999999838035e-05 427
1.167400000001706e-05 428
1.16750000000998e-05 429
1.1704999999917476e-05 430
1.1735000000179241e-05 431
1.1735999999817892e-05 432
1.1736999999900632e-05 433
1.1764999999996917e-05 432
1.1767000000162398e-05 433
1.1768999999883789e-05 432
1.177300000021475e-05 431
1.1777000000101623e-05 430
1.1796999999980073e-05 431
1.182699999979775e-05 432
1.1857000000059514e-05 433
1.188699999987719e-05 434
1.188799999995993e-05 435
1.1889000000042671e-05 436
1.1890000000125411e-05 437
1.1896999999816416e-05 436
1.1901000000147377e-05 435
1.190500000003425e-05 434
1.1908999999921122e-05 433
1.1912999999807994e-05 432
1.1917000000138955e-05 431
1.1919999999943087e-05 432
1.1921000000025828e-05 431
1.1950000000204852e-05 432
1.1950999999843503e-05 433
1.1951999999926244e-05 434
1.1982000000188009e-05 435
1.198299999982666e-05 436
1.2013000000088425e-05 437
1.2014000000171166e-05 438
1.204100000018471e-05 437
1.2043999999988841e-05 438
1.2073999999806517e-05 439
1.2104000000068282e-05 440
1.2105000000151023e-05 441
1.2105999999789674e-05 442
1.2106999999872414e-05 443
1.2107999999955155e-05 444
1.2109000000037895e-05 445
1.2110000000120635e-05 446
1.2111000000203376e-05 447
1.2111999999842027e-05 448
1.2125000000029473e-05 449
1.2142000000103792e-05 450
1.2160999999899502e-05 449
1.2164999999786374e-05 448
1.2169000000117336e-05 447
1.2171999999921468e-05 448
1.2173000000004208e-05 447
1.217699999989108e-05 446
1.2181000000222042e-05 445
1.2185000000108914e-05 444
1.2188999999995787e-05 443
1.2192999999882659e-05 442
1.219700000021362e-05 441
1.2202000000183233e-05 442
1.2202999999821884e-05 443
1.2203999999904624e-05 444
1.2204999999987365e-05 445
1.223499999980504e-05 446
1.2235999999887781e-05 447
1.2266000000149546e-05 448
1.2266999999788197e-05 449
1.2267999999870938e-05 450
1.2268999999953678e-05 451
1.2270000000036418e-05 452
1.2271000000119159e-05 453
1.22720000002019e-05 454
1.227299999984055e-05 455
1.2303000000102315e-05 456
1.2304000000185056e-05 457
1.2316999999928413e-05 456
1.2320999999815285e-05 455
1.2325000000146247e-05 454
1.2329000000033119e-05 453
1.2332999999919991e-05 452
1.2334000000002732e-05 453
1.2336999999806864e-05 452
1.2341000000137825e-05 451
1.2345000000024697e-05 450
1.234899999991157e-05 449
1.2363999999820408e-05 450
1.2394000000082173e-05 451
1.2423999999899848e-05 452
1.2454000000161614e-05 453
1.2454999999800265e-05 454
1.2455999999883005e-05 455
1.2456999999965745e-05 456
1.2469000000070452e-05 455
1.2472999999957324e-05 454
1.2486999999783421e-05 455
1.2487999999866162e-05 456
1.2518000000127927e-05 457
1.2519000000210667e-05 458
1.2549000000028343e-05 459
1.2550000000111083e-05 460
1.2551000000193824e-05 461
1.25810000000115e-05 462
1.258200000009424e-05 463
1.2593000000116206e-05 462
1.2597000000003078e-05 461
1.260099999988995e-05 460
1.2605000000220912e-05 459
1.2609000000107784e-05 458
1.2611999999911916e-05 459
1.2612999999994656e-05 460
1.2614000000077397e-05 461
1.2643999999895073e-05 462
1.2674000000156838e-05 463
1.2703999999974513e-05 464
1.2705000000057254e-05 465
1.2728999999822577e-05 464
1.273499999987493e-05 465
1.2765000000136695e-05 466
1.279499999995437e-05 467
1.2796000000037111e-05 468
1.2797000000119851e-05 469
1.2798000000202592e-05 470
1.2798999999841243e-05 471
1.2799999999923983e-05 472
1.2801000000006724e-05 473
1.2802000000089464e-05 474
1.283199999990714e-05 475
1.283299999998988e-05 476
1.283400000007262e-05 477
1.2835000000155361e-05 478
1.2835999999794012e-05 479
1.2848999999981459e-05 478
1.2852999999868331e-05 477
1.2866000000055777e-05 478
1.2867000000138518e-05 479
1.2896999999956194e-05 480
1.2927000000217959e-05 481
1.2957000000035634e-05 482
1.2973000000027213e-05 481
1.2976999999914085e-05 480
1.2980999999800957e-05 479
1.2985000000131919e-05 478
1.298699999985331e-05 479
1.298799999993605e-05 480
1.2989000000018791e-05 481
1.2989000000018791e-05 480
1.2990000000101531e-05 481
1.2992999999905663e-05 480
1.2996999999792536e-05 479
1.3019999999919207e-05 480
1.3019999999919207e-05 481
1.3043000000045879e-05 482
1.3050000000180972e-05 483
1.3050999999819624e-05 484
1.3081000000081389e-05 485
1.3110999999899065e-05 486
1.3116999999951418e-05 485
1.314100000016083e-05 486
1.3170999999978505e-05 487
1.3172000000061246e-05 488
1.3173000000143986e-05 489
1.3173999999782637e-05 490
1.3174999999865378e-05 491
1.3205000000127143e-05 492
1.3206000000209883e-05 493
1.3206999999848534e-05 494
1.32370000001103e-05 495
1.32370000001103e-05 494
1.323800000019304e-05 495
1.3238999999831691e-05 496
1.3240999999997172e-05 495
1.3244999999884044e-05 494
1.3249000000215005e-05 493
1.3253000000101878e-05 492
1.3269000000093456e-05 493
1.3270000000176196e-05 494
1.3299999999993872e-05 495
1.3329999999811548e-05 496
1.3330999999894289e-05 497
1.3331999999977029e-05 498
1.333300000005977e-05 499
1.333400000014251e-05 500
1.333500000022525e-05 501
1.3365000000042926e-05 502
1.337299999981667e-05 501
1.3377000000147632e-05 500
1.3381000000034504e-05 499
1.3394999999860602e-05 500
1.3395999999943342e-05 501
1.3397000000026082e-05 502
1.3398000000108823e-05 503
1.3427999999926499e-05 504
1.3429000000009239e-05 505
1.343000000009198e-05 506
1.343100000017472e-05 507
1.3431999999813371e-05 508
1.3432999999896111e-05 509
1.3463000000157876e-05 510
1.3492999999975552e-05 511
1.3494000000058293e-05 512
1.3495000000141033e-05 513
1.3501000000193386e-05 512
1.3505000000080258e-05 511
1.3524999999958709e-05 512
1.352600000004145e-05 513
1.352700000012419e-05 514
1.352800000020693e-05 515
1.3558000000024606e-05 516
1.3587999999842282e-05 517
1.3618000000104047e-05 518
1.3619000000186787e-05 519
1.3619999999825438e-05 520
1.3620999999908179e-05 521
1.3621999999990919e-05 522
1.3624999999795051e-05 521
1.3629000000126013e-05 520
1.3633000000012885e-05 519
1.3636999999899757e-05 518
1.364099999978663e-05 517
1.364500000011759e-05 516
1.3649000000004463e-05 515
1.3651999999808595e-05 516
1.3652999999891335e-05 517
1.3653999999974076e-05 518
1.3655000000056816e-05 519
1.3684999999874492e-05 520
1.3685999999957232e-05 521
1.3687000000039973e-05 522
1.3688000000122713e-05 523
1.3689000000205453e-05 524
1.371900000002313e-05 525
1.3748999999840805e-05 526
1.3749999999923546e-05 527
1.3751000000006286e-05 528
1.3769000000163345e-05 527
1.3773000000050217e-05 526
1.3780999999823962e-05 527
1.3781999999906702e-05 528
1.3782999999989443e-05 529
1.3784000000072183e-05 530
1.3785000000154923e-05 531
1.38149999999726e-05 532
1.381600000005534e-05 533
1.381700000013808e-05 534
1.3846999999955756e-05 535
1.3877000000217521e-05 536
1.3877999999856172e-05 537
1.38930000002091e-05 536
1.3897000000095971e-05 535
1.3908000000117937e-05 536
1.3937999999935613e-05 537
1.3939000000018353e-05 538
1.3940000000101094e-05 539
1.3941000000183834e-05 540
1.397100000000151e-05 541
1.4000999999819186e-05 542
1.4001999999901926e-05 543
1.4002999999984667e-05 544
1.4004000000067407e-05 545
1.4005000000150147e-05 546
1.4005999999788799e-05 547
1.4006999999871539e-05 548
1.4016999999810764e-05 547
1.4021000000141726e-05 546
1.4037000000133304e-05 547
1.406699999995098e-05 548
1.406800000003372e-05 549
1.4097999999851396e-05 550
1.4128000000113161e-05 551
1.4129000000195902e-05 552
1.4140999999856518e-05 551
1.4159000000013577e-05 552
1.4160000000096318e-05 553
1.4161000000179058e-05 554
1.4190999999996734e-05 555
1.4192000000079474e-05 556
1.4193000000162215e-05 557
1.422299999997989e-05 558
1.4224000000062631e-05 559
1.4225000000145371e-05 560
1.4253999999880307e-05 561
1.4254999999963047e-05 562
1.4256000000045788e-05 563
1.42610000000154e-05 562
1.4264999999902273e-05 561
1.4268999999789145e-05 560
1.4273000000120106e-05 559
1.4277000000006979e-05 558
1.4285999999863463e-05 559
1.4286999999946204e-05 560
1.4288000000028944e-05 561
1.431799999984662e-05 562
1.431899999992936e-05 563
1.43200000000121e-05 564
1.4321000000094841e-05 565
1.4350999999912517e-05 566
1.4351999999995257e-05 567
1.4381999999812933e-05 568
1.4382999999895674e-05 569
1.4383999999978414e-05 570
1.4385000000061154e-05 571
1.4386000000143895e-05 572
1.4386999999782546e-05 573
1.439700000016586e-05 572
1.4401000000052733e-05 571
1.4404999999939605e-05 570
1.4408999999826477e-05 569
1.4417000000044311e-05 570
1.4418000000127051e-05 571
1.4419000000209792e-05 572
1.4419999999848443e-05 573
1.4420999999931183e-05 574
1.4422000000013924e-05 575
1.44519999998316e-05 576
1.4482000000093365e-05 577
1.4483000000176105e-05 578
1.4483999999814756e-05 579
1.4484999999897497e-05 580
1.4485999999980237e-05 581
1.4487000000062977e-05 582
1.4488000000145718e-05 583
1.4488999999784369e-05 584
1.4519000000046134e-05 585
1.452899999998536e-05 584
1.454899999986381e-05 585
1.454999999994655e-05 586
1.455100000002929e-05 587
1.4552000000112031e-05 588
1.4553000000194771e-05 589
1.4553999999833422e-05 590
1.4554999999916163e-05 591
1.4585000000177928e-05 592
1.4614999999995604e-05 593
1.4616000000078344e-05 594
1.4617000000161084e-05 595
1.4617999999799736e-05 596
1.46480000000615e-05 597
1.4649000000144241e-05 598
1.4649000000144241e-05 597
1.4649999999782892e-05 598
1.4650999999865633e-05 599
1.4651999999948373e-05 600
1.4653000000031113e-05 599
1.4682000000210138e-05 600
1.468299999984879e-05 601
1.468399999993153e-05 602
1.4714000000193295e-05 603
1.474400000001097e-05 604
1.4745000000093711e-05 605
1.4746000000176451e-05 606
1.4746999999815102e-05 607
1.4773000000189995e-05 606
1.4777000000076868e-05 607
1.4777000000076868e-05 606
1.4778000000159608e-05 607
1.4778999999798259e-05 608
1.4779999999881e-05 609
1.478099999996374e-05 610
1.478099999996374e-05 609
1.478200000004648e-05 610
1.478300000012922e-05 611
1.4812999999946896e-05 612
1.4814000000029637e-05 613
1.4843999999847313e-05 614
1.4844999999930053e-05 615
1.4846000000012793e-05 616
1.487599999983047e-05 617
1.4901000000122622e-05 616
1.4906000000092234e-05 617
1.4907000000174975e-05 618
1.4907999999813626e-05 619
1.4938000000075391e-05 620
1.4957999999953842e-05 621
1.4967999999893067e-05 622
1.4968999999975807e-05 623
1.4998999999793483e-05 624
1.4999999999876223e-05 625
1.5000999999958964e-05 626
1.5020999999837414e-05 625
1.5031000000220729e-05 626
1.503199999985938e-05 627
1.503299999994212e-05 628
1.503400000002486e-05 629
1.5035000000107601e-05 630
1.5036000000190342e-05 631
1.5036999999828993e-05 632
1.5067000000090758e-05 633
1.5068000000173498e-05 634
1.5097999999991174e-05 635
1.5099000000073914e-05 636
1.512899999989159e-05 637
1.512999999997433e-05 638
1.5131000000057071e-05 639
1.5132000000139811e-05 640
1.5140999999996296e-05 639
1.5144999999883169e-05 638
1.5161999999957487e-05 639
1.5192000000219252e-05 640
1.5222000000036928e-05 641
1.5223000000119669e-05 642
1.5224000000202409e-05 643
1.5254000000020085e-05 644
1.5255000000102825e-05 645
1.526500000004205e-05 644
1.52849999999205e-05 645
1.528600000000324e-05 646
1.5315999999820917e-05 647
1.5316999999903658e-05 648
1.5347000000165423e-05 649
1.5347999999804074e-05 650
1.537800000006584e-05 651
1.5385000000200932e-05 650
1.5389000000087805e-05 649
1.5392999999974677e-05 648
1.5407999999883515e-05 649
1.5408999999966255e-05 650
1.543899999978393e-05 651
1.543999999986667e-05 652
1.5470000000128437e-05 653
1.5471000000211177e-05 654
1.5471999999849828e-05 655
1.547299999993257e-05 656
1.5503000000194334e-05 657
1.5503999999832985e-05 658
1.551300000013356e-05 657
1.551700000002043e-05 656
1.5520999999907303e-05 655
1.553400000009475e-05 656
1.5563999999912426e-05 657
1.5564999999995166e-05 658
1.5566000000077906e-05 659
1.5567000000160647e-05 660
1.5596999999978323e-05 661
1.5598000000061063e-05 662
1.562799999987874e-05 663
1.5641000000066185e-05 662
1.5658000000140504e-05 663
1.5659000000223244e-05 664
1.5659999999861896e-05 665
1.569000000012366e-05 666
1.5719999999941336e-05 667
1.5721000000024077e-05 668
1.5750999999841753e-05 669
1.5751999999924493e-05 670
1.5761000000225067e-05 669
1.576500000011194e-05 668
1.5768999999998812e-05 667
1.5772999999885684e-05 666
1.5782000000186258e-05 667
1.578299999982491e-05 668
1.5813000000086674e-05 669
1.584299999990435e-05 670
1.584399999998709e-05 671
1.584500000006983e-05 672
1.5874999999887507e-05 673
1.5875999999970247e-05 674
1.5877000000052988e-05 675
1.5889000000157694e-05 676
1.5893000000044566e-05 675
1.5906999999870663e-05 676
1.593700000013243e-05 677
1.5966999999950104e-05 678
1.5968000000032845e-05 679
1.5969000000115585e-05 680
1.5970000000198326e-05 681
1.5970999999836977e-05 682
1.6001000000098742e-05 683
1.6002000000181482e-05 684
1.6013000000203448e-05 683
1.601700000009032e-05 682
1.6020999999977192e-05 681
1.6024999999864065e-05 680
1.6029000000195026e-05 679
1.6031999999999158e-05 680
1.60330000000819e-05 681
1.60330000000819e-05 680
1.603699999996877e-05 679
1.6062999999899574e-05 680
1.6063999999982315e-05 681
1.6065000000065055e-05 682
1.609499999988273e-05 683
1.609599999996547e-05 684
1.6125999999783147e-05 685
1.6154999999962172e-05 686
1.6156000000044912e-05 687
1.6157000000127653e-05 688
1.6157000000127653e-05 687
1.6158000000210393e-05 688
1.6158999999849044e-05 689
1.6161000000014525e-05 688
1.6164999999901397e-05 687
1.616899999978827e-05 686
1.617300000011923e-05 685
1.6177000000006103e-05 684
1.6180999999892975e-05 683
1.618900000011081e-05 684
1.619000000019355e-05 685
1.61909999998322e-05 686
1.6221000000093966e-05 687
1.6222000000176706e-05 688
1.6251999999994382e-05 689
1.6281999999812058e-05 690
1.6301000000051857e-05 689
1.6312000000073823e-05 690
1.6313000000156563e-05 691
1.6313999999795215e-05 692
1.634400000005698e-05 693
1.634500000013972e-05 694
1.6374999999957396e-05 695
1.6376000000040136e-05 696
1.6377000000122877e-05 697
1.6378000000205617e-05 698
1.6408000000023293e-05 699
1.642100000021074e-05 698
1.643799999984097e-05 699
1.6468000000102734e-05 700
1.6469000000185474e-05 701
1.6469999999824125e-05 702
1.6470999999906866e-05 703
1.650100000016863e-05 704
1.6530999999986307e-05 705
1.6540999999925532e-05 704
1.6544999999812404e-05 703
1.6549000000143366e-05 702
1.6553000000030238e-05 701
1.655699999991711e-05 700
1.6560999999803983e-05 701
1.6560999999803983e-05 700
1.6561999999886723e-05 701
1.6562999999969463e-05 702
1.6565000000134944e-05 701
1.6569000000021816e-05 702
1.659299999978714e-05 703
1.6623000000048904e-05 704
1.6624000000131645e-05 705
1.6625000000214385e-05 706
1.6625999999853036e-05 707
1.6626999999935776e-05 708
1.6628000000018517e-05 709
1.6657999999836193e-05 710
1.6684999999849737e-05 709
1.6688000000097958e-05 710
1.6689000000180698e-05 711
1.6689000000180698e-05 710
1.668999999981935e-05 711
1.669300000006757e-05 710
1.6696999999954443e-05 709
1.6700999999841315e-05 708
1.6705000000172276e-05 707
1.670900000005915e-05 706
1.671299999994602e-05 705
1.6716999999832893e-05 704
1.6720000000081114e-05 705
1.6721000000163855e-05 706
1.6721000000163855e-05 705
1.6725000000050727e-05 704
1.675099999998153e-05 705
1.675200000006427e-05 706
1.675300000014701e-05 707
1.6782999999964687e-05 708
1.6812999999782363e-05 709
1.6843000000044128e-05 710
1.684500000020961e-05 709
1.684900000009648e-05 708
1.6852999999983354e-05 707
1.6856999999870226e-05 706
1.6861000000201187e-05 705
1.6872999999861804e-05 706
1.6873999999944544e-05 707
1.6875000000027285e-05 708
1.690499999984496e-05 709
1.69059999999277e-05 710
1.6936000000189466e-05 711
1.6936999999828117e-05 712
1.6937999999910858e-05 713
1.6938999999993598e-05 714
1.694000000007634e-05 715
1.6969999999894014e-05 716
1.698099999991598e-05 715
1.6984999999802852e-05 714
1.6989000000133814e-05 713
1.6993000000020686e-05 712
1.6996999999907558e-05 711
1.700000000015578e-05 712
1.700099999979443e-05 711
1.7005000000125392e-05 710
1.7009000000012264e-05 709
1.7012999999899137e-05 708
1.701699999978601e-05 707
1.702100000011697e-05 706
1.7029999999973455e-05 707
1.7031000000056196e-05 708
1.7056999999987e-05 709
1.706099999987387e-05 710
1.7061999999956612e-05 711
1.7063000000039352e-05 712
1.7092999999857028e-05 713
1.709399999993977e-05 714
1.709500000002251e-05 715
1.7124999999840185e-05 716
1.7125999999922925e-05 717
1.7127000000005665e-05 718
1.7128000000088406e-05 719
1.713599999986215e-05 720
1.7140999999831763e-05 719
1.7145000000162725e-05 718
1.7157999999906082e-05 719
1.7158999999988822e-05 720
1.7160000000071562e-05 721
1.718999999988924e-05 722
1.719099999997198e-05 723
1.7220999999789655e-05 724
1.725100000005142e-05 725
1.725200000013416e-05 726
1.7264999999877517e-05 725
1.726900000020848e-05 724
1.727300000009535e-05 723
1.7281999999951836e-05 724
1.7283000000034576e-05 725
1.7312999999852252e-05 726
1.7313999999934993e-05 727
1.7344000000196758e-05 728
1.7374000000014433e-05 729
1.7392999999810144e-05 728
1.7397000000141105e-05 727
1.7401000000027977e-05 726
1.740399999983211e-05 727
1.740499999991485e-05 726
1.7408999999801722e-05 725
1.7413000000132683e-05 724
1.7417000000019556e-05 723
1.7434000000093874e-05 724
1.746399999991155e-05 725
1.7494000000173315e-05 726
1.7494999999811967e-05 727
1.7495999999894707e-05 728
1.7496999999977447e-05 729
1.7526999999795123e-05 730
1.7537000000178438e-05 729
1.754100000006531e-05 728
1.7544999999952182e-05 727
1.7548999999839054e-05 726
1.7553000000170016e-05 725
1.7557000000056888e-05 726
1.7557000000056888e-05 725
1.756099999994376e-05 724
1.7564999999830633e-05 723
1.7586999999874564e-05 724
1.761700000013633e-05 725
1.761800000021907e-05 726
1.761899999985772e-05 727
1.7649000000119486e-05 728
1.7650000000202226e-05 729
1.7650999999840877e-05 730
1.7681000000102642e-05 731
1.7684999999989515e-05 730
1.7688999999876387e-05 729
1.769300000020735e-05 728
1.769700000009422e-05 727
1.7700999999981093e-05 726
1.7710999999920318e-05 727
1.771200000000306e-05 728
1.7741999999820735e-05 729
1.77720000000825e-05 730
1.7801999999900175e-05 731
1.7802999999982916e-05 732
1.7804000000065656e-05 733
1.7805000000148397e-05 734
1.7805999999787048e-05 735
1.7806999999869788e-05 736
1.7821000000139975e-05 735
1.7825000000026847e-05 734
1.782899999991372e-05 733
1.7832999999800592e-05 732
1.7837000000131553e-05 733
1.7838000000214294e-05 734
1.7838999999852945e-05 735
1.786900000011471e-05 736
1.7898999999932386e-05 737
1.792900000019415e-05 738
1.7929999999832802e-05 739
1.7930999999915542e-05 740
1.7952999999959474e-05 739
1.7961000000177307e-05 740
1.796199999981596e-05 741
1.7992000000077724e-05 742
1.7993000000160464e-05 743
1.802299999997814e-05 744
1.8052999999795816e-05 745
1.8053999999878556e-05 746
1.8054999999961296e-05 747
1.8056000000044037e-05 748
1.8073000000118356e-05 747
1.8085999999861713e-05 748
1.8086999999944453e-05 749
1.8088000000027193e-05 750
1.811799999984487e-05 751
1.811899999992761e-05 752
1.812000000001035e-05 753
1.8149999999828026e-05 754
1.818000000008979e-05 755
1.818100000017253e-05 756
1.8181999999811183e-05 757
1.8192999999833148e-05 756
1.819700000016411e-05 755
1.8212000000072948e-05 756
1.8213000000155688e-05 757
1.821399999979434e-05 758
1.821499999987708e-05 759
1.8245000000138845e-05 760
1.8246000000221585e-05 761
1.827600000003926e-05 762
1.8305999999856937e-05 763
1.8306999999939677e-05 764
1.8308000000022417e-05 765
1.8316999999878902e-05 764
1.8337999999840093e-05 765
1.836800000010186e-05 766
1.8397999999919534e-05 767
1.8399000000002275e-05 768
1.8400000000085015e-05 769
1.842999999990269e-05 770
1.8437000000037784e-05 769
1.8440999999924657e-05 768
1.844499999981153e-05 767
1.8460000000164456e-05 768
1.8489999999982132e-05 769
1.8491000000064872e-05 770
1.8520999999882548e-05 771
1.8551000000144313e-05 772
1.856499999997041e-05 771
1.8568999999857283e-05 770
1.858099999996199e-05 771
1.8611000000223754e-05 772
1.8611999999862405e-05 773
1.8612999999945146e-05 774
1.8614000000027886e-05 775
1.8643999999845562e-05 776
1.8644999999928302e-05 777
1.8675000000190067e-05 778
1.867599999982872e-05 779
1.867699999991146e-05 780
1.86779999999942e-05 781
1.8689000000016165e-05 780
1.8692999999903037e-05 779
1.869699999978991e-05 778
1.870100000012087e-05 777
1.8705000000007743e-05 776
1.8707999999811875e-05 777
1.8708999999894615e-05 776
1.8713000000225577e-05 775
1.873800000007364e-05 776
1.873900000015638e-05 777
1.8768999999974056e-05 778
1.8798999999791732e-05 779
1.8799999999874473e-05 780
1.8800999999957213e-05 781
1.8802000000039953e-05 782
1.883199999985763e-05 783
1.883299999994037e-05 782
1.8836999999827242e-05 781
1.8841000000158203e-05 780
1.8862000000119394e-05 781
1.889199999993707e-05 782
1.889300000001981e-05 783
1.889400000010255e-05 784
1.889500000018529e-05 785
1.8895999999823943e-05 786
1.8896999999906683e-05 787
1.8927000000168448e-05 788
1.89279999998071e-05 789
1.8958000000068864e-05 790
1.8960999999872996e-05 789
1.8965000000203958e-05 788
1.896900000009083e-05 787
1.8972999999977702e-05 786
1.898799999988654e-05 787
1.898899999996928e-05 788
1.899000000005202e-05 789
1.9019999999869697e-05 790
1.9050000000131462e-05 791
1.9051000000214202e-05 792
1.9081000000031878e-05 793
1.908200000011462e-05 794
1.908300000019736e-05 795
1.9093000000136584e-05 794
1.9113000000015035e-05 795
1.9114000000097775e-05 796
1.914399999991545e-05 797
1.9174000000177216e-05 798
1.9203999999994892e-05 799
1.9212999999851377e-05 798
1.9217000000182338e-05 797
1.922100000006921e-05 796
1.9233999999812568e-05 797
1.9264000000074333e-05 798
1.9265000000157073e-05 799
1.929499999997475e-05 800
1.929600000005749e-05 801
1.9325999999875165e-05 802
1.9326999999957906e-05 803
1.9340999999784003e-05 802
1.9345000000114965e-05 801
1.935700000021967e-05 802
1.9357999999858322e-05 803
1.9358999999941062e-05 804
1.9389000000202827e-05 805
1.9419000000020503e-05 806
1.9420000000103244e-05 807
1.9421000000185984e-05 808
1.945100000000366e-05 809
1.9464999999829757e-05 808
1.946900000016072e-05 807
1.947300000004759e-05 806
1.9476999999934463e-05 805
1.9480999999821336e-05 806
1.9480999999821336e-05 805
1.9481999999904076e-05 806
1.9482999999986816e-05 807
1.9484000000069557e-05 808
1.9485000000152297e-05 809
1.9485000000152297e-05 808
1.9514999999969973e-05 809
1.954499999978765e-05 810
1.954599999987039e-05 811
1.954699999995313e-05 812
1.954800000003587e-05 813
1.9577999999853546e-05 814
1.9578999999936286e-05 815
1.9580000000019027e-05 816
1.960499999986709e-05 815
1.960900000019805e-05 814
1.9609999999836703e-05 815
1.9613000000084924e-05 814
1.9616999999971796e-05 813
1.9620999999858668e-05 812
1.9640000000098468e-05 813
1.9641000000181208e-05 814
1.964199999981986e-05 815
1.96429999999026e-05 816
1.9673000000164365e-05 817
1.970299999998204e-05 818
1.9732999999799716e-05 819
1.9733999999882457e-05 820
1.974100000001755e-05 819
1.9744999999904422e-05 818
1.9748999999791295e-05 817
1.9764000000144222e-05 818
1.9793999999961898e-05 819
1.9795000000044638e-05 820
1.979600000012738e-05 821
1.979700000021012e-05 822
1.9827000000027795e-05 823
1.985699999984547e-05 824
1.985799999992821e-05 825
1.985900000001095e-05 826
1.9868999999950177e-05 825
1.987299999983705e-05 824
1.987700000016801e-05 823
1.9881000000054883e-05 822
1.9884999999941755e-05 821
1.9888999999828627e-05 822
1.9889999999911367e-05 823
1.9920000000173133e-05 824
1.9920999999811784e-05 825
1.9921999999894524e-05 826
1.995200000015629e-05 827
1.995299999979494e-05 828
1.9983000000056705e-05 829
1.9984000000139446e-05 830
2.0005000000100637e-05 829
2.001399999995712e-05 830
2.0044000000218887e-05 831
2.0074000000036563e-05 832
2.010399999985424e-05 833
2.012499999981543e-05 832
2.012900000014639e-05 831
2.0133000000033263e-05 830
2.0134000000116004e-05 831
2.0135000000198744e-05 832
2.0135999999837395e-05 833
2.016600000009916e-05 834
2.01670000001819e-05 835
2.016799999982055e-05 836
2.0168999999903292e-05 837
2.0199000000165057e-05 838
2.0228999999982733e-05 839
2.0253000000192145e-05 838
2.025899999980041e-05 839
2.0289000000062174e-05 840
2.031899999987985e-05 841
2.031999999996259e-05 842
2.032100000004533e-05 843
2.032200000012807e-05 844
2.032300000021081e-05 845
2.0323999999849462e-05 846
2.0354000000111228e-05 847
2.0372999999906938e-05 846
2.037699999979381e-05 845
2.038100000012477e-05 844
2.0383999999928903e-05 845
2.0385000000011644e-05 846
2.041499999982932e-05 847
2.041599999991206e-05 848
2.04169999999948e-05 849
2.041800000007754e-05 850
2.0447999999895217e-05 851
2.0478000000156982e-05 852
2.0500999999839564e-05 851
2.0507999999974658e-05 852
2.0509000000057398e-05 853
2.0538999999875074e-05 854
2.0539999999957814e-05 855
2.0541000000040555e-05 856
2.057099999985823e-05 857
2.057199999994097e-05 858
2.0602000000202736e-05 859
2.0602999999841387e-05 860
2.0620999999998446e-05 859
2.0633000000103152e-05 860
2.0634000000185893e-05 861
2.066400000000357e-05 862
2.0693999999821244e-05 863
2.072400000008301e-05 864
2.072500000016575e-05 865
2.07259999998044e-05 866
2.0741000000157328e-05 865
2.07450000000442e-05 864
2.0756000000066166e-05 865
2.0785999999883842e-05 866
2.0816000000145607e-05 867
2.0816999999784258e-05 868
2.0847000000046023e-05 869
2.0848000000128764e-05 870
2.0865000000203082e-05 869
2.087799999994644e-05 870
2.087900000002918e-05 871
2.0908999999846856e-05 872
2.0909999999929596e-05 873
2.0911000000012336e-05 874
2.0912000000095077e-05 875
2.0941999999912753e-05 876
2.0942999999995493e-05 877
2.0944000000078233e-05 878
2.097399999989591e-05 879
2.097499999997865e-05 880
2.0984999999917875e-05 879
2.0988999999804747e-05 878
2.099300000013571e-05 877
2.099700000002258e-05 876
2.1004999999796325e-05 877
2.103500000005809e-05 878
2.1064999999875766e-05 879
2.1065999999958507e-05 880
2.1096000000220272e-05 881
2.1117000000181463e-05 880
2.1121000000068335e-05 879
2.1124999999955207e-05 878
2.1126000000037948e-05 879
2.1127000000120688e-05 880
2.1156999999938364e-05 881
2.1158000000021104e-05 882
2.118799999983878e-05 883
2.1218000000100545e-05 884
2.124500000011409e-05 883
2.124799999991822e-05 884
2.124900000000096e-05 883
2.1252999999887834e-05 882
2.1257000000218795e-05 881
2.1261000000105668e-05 880
2.1278000000179986e-05 881
2.1307999999997662e-05 882
2.1309000000080403e-05 883
2.1310000000163143e-05 884
2.133999999998082e-05 885
2.134100000006356e-05 886
2.13420000001463e-05 887
2.1371999999963975e-05 888
2.138099999982046e-05 887
2.1385000000151422e-05 886
2.1389000000038294e-05 885
2.1392999999925166e-05 884
2.140200000022574e-05 885
2.140299999986439e-05 886
2.1403999999947132e-05 887
2.1434000000208897e-05 888
2.1464000000026573e-05 889
2.1465000000109313e-05 890
2.1466000000192054e-05 891
2.149600000000973e-05 892
2.149700000009247e-05 893
2.149800000017521e-05 894
2.149899999981386e-05 895
2.1513000000084048e-05 894
2.1529000000075627e-05 895
2.1558999999893302e-05 896
2.1589000000155067e-05 897
2.158999999979372e-05 898
2.159099999987646e-05 899
2.1621000000138224e-05 900
2.163299999979884e-05 899
2.1637000000129802e-05 898
2.1641000000016675e-05 897
2.1644999999903547e-05 896
2.16509999999559e-05 897
2.165200000003864e-05 898
2.1681999999856316e-05 899
2.171200000011808e-05 900
2.1741999999935757e-05 901
2.1743000000018498e-05 902
2.176500000006243e-05 901
2.17689999999493e-05 900
2.1772999999836173e-05 901
2.180300000009794e-05 902
2.180400000018068e-05 903
2.1833999999998355e-05 904
2.186399999981603e-05 905
2.186499999989877e-05 906
2.186599999998151e-05 907
2.1867000000064252e-05 908
2.1889000000108183e-05 907
2.1892999999995055e-05 906
2.1896999999881928e-05 907
2.1897999999964668e-05 908
2.1927999999782344e-05 909
2.1928999999865084e-05 910
2.195900000012685e-05 911
2.1988999999944525e-05 912
2.2013000000153937e-05 911
2.201900000020629e-05 912
2.201999999984494e-05 913
2.2050000000106706e-05 914
2.2079999999924382e-05 915
2.209400000019457e-05 916
2.2124000000012245e-05 917
2.2125000000094985e-05 918
2.213299999986873e-05 917
2.213700000019969e-05 916
2.2141000000086564e-05 915
2.215499999991266e-05 916
2.2185000000174426e-05 917
2.2185999999813077e-05 918
2.2216000000074843e-05 919
2.2217000000157583e-05 920
2.2217999999796234e-05 921
2.2248000000058e-05 922
2.224900000014074e-05 923
2.2260999999801356e-05 922
2.2265000000132318e-05 921
2.226900000001919e-05 920
2.2272999999906062e-05 919
2.2276999999792935e-05 918
2.2278999999958415e-05 919
2.2280000000041156e-05 920
2.2281000000123896e-05 919
2.230999999985883e-05 920
2.2310999999941572e-05 921
2.2312000000024312e-05 922
2.2341999999841988e-05 923
2.2372000000103753e-05 924
2.240099999983869e-05 923
2.240199999992143e-05 924
2.240300000000417e-05 925
2.2432999999821845e-05 926
2.246300000008361e-05 927
2.246400000016635e-05 928
2.2464999999805002e-05 929
2.2495000000066767e-05 930
2.2496000000149508e-05 931
2.249699999978816e-05 932
2.24979999998709e-05 933
2.249899999995364e-05 934
2.252099999999757e-05 933
2.2524999999884443e-05 932
2.2529000000215404e-05 933
2.255900000003308e-05 934
2.256000000011582e-05 935
2.2589999999933497e-05 936
2.2591000000016237e-05 937
2.2620999999833913e-05 938
2.2621999999916653e-05 939
2.2645000000043325e-05 938
2.2648999999930197e-05 937
2.2652000000178418e-05 938
2.265299999981707e-05 937
2.265700000014803e-05 936
2.2681999999996094e-05 937
2.271199999981377e-05 938
2.271299999989651e-05 939
2.271399999997925e-05 940
2.271500000006199e-05 941
2.2744999999879667e-05 942
2.2775000000141432e-05 943
2.2776999999862824e-05 942
2.2781000000193785e-05 941
2.2804999999959108e-05 942
2.2835000000220873e-05 943
2.286500000003855e-05 944
2.286600000012129e-05 945
2.286700000020403e-05 946
2.286799999984268e-05 947
2.286899999992542e-05 948
2.287000000000816e-05 949
2.2899999999825837e-05 950
2.2900999999908578e-05 949
2.290499999979545e-05 948
2.290900000012641e-05 947
2.2913000000013284e-05 946
2.2930000000087603e-05 947
2.2931000000170343e-05 948
2.2931999999808994e-05 949
2.296200000007076e-05 950
2.2991999999888435e-05 951
2.2992999999971175e-05 952
2.302299999978885e-05 953
2.302399999987159e-05 954
2.3033000000172166e-05 953
2.3054000000133357e-05 954
2.3083999999951033e-05 955
2.3114000000212798e-05 956
2.311499999985145e-05 957
2.3145000000113214e-05 958
2.3146000000195954e-05 959
2.3146999999834605e-05 960
2.315299999988696e-05 959
2.315700000021792e-05 958
2.3161000000104792e-05 957
2.317700000009637e-05 958
2.3206999999914046e-05 959
2.323700000017581e-05 960
2.3266999999993487e-05 961
2.3268000000076228e-05 962
2.3280999999819585e-05 961
2.3285000000150546e-05 960
2.3297999999893904e-05 961
2.3298999999976644e-05 962
2.332899999979432e-05 963
2.3359000000056085e-05 964
2.338899999987376e-05 965
2.3393000000204722e-05 966
2.340499999986534e-05 965
2.3419000000135526e-05 966
2.3420000000218266e-05 967
2.3450000000035942e-05 968
2.3479999999853618e-05 969
2.348099999993636e-05 970
2.34820000000191e-05 971
2.3511999999836775e-05 972
2.352500000002422e-05 971
2.3528999999911093e-05 970
2.354200000009854e-05 971
2.3571999999916216e-05 972
2.3572999999998956e-05 973
2.3602999999816632e-05 974
2.3633000000078397e-05 975
2.3634000000161137e-05 976
2.363499999979979e-05 977
2.3649000000069975e-05 976
2.3665000000061553e-05 977
2.369499999987923e-05 978
2.369599999996197e-05 979
2.3726000000223735e-05 980
2.3726999999862386e-05 981
2.375700000012415e-05 982
2.3768999999784768e-05 981
2.377300000011573e-05 980
2.37770000000026e-05 979
2.3780999999889474e-05 978
2.3786999999941827e-05 979
2.3788000000024567e-05 980
2.3789000000107308e-05 981
2.3818999999924984e-05 982
2.384900000018675e-05 983
2.38499999998254e-05 984
2.3880000000087165e-05 985
2.3901000000048356e-05 984
2.3904999999935228e-05 983
2.39089999998221e-05 982
2.390999999990484e-05 983
2.3940000000166606e-05 984
2.3940999999805257e-05 985
2.3971000000067022e-05 986
2.4000999999884698e-05 987
2.4028999999980982e-05 986
2.4031000000146463e-05 987
2.4031999999785114e-05 988
2.4032999999867855e-05 987
2.4037000000198816e-05 986
2.4041000000085688e-05 985
2.404499999997256e-05 984
2.406200000004688e-05 985
2.4091999999864555e-05 986
2.4092999999947295e-05 987
2.4094000000030036e-05 988
2.4095000000112776e-05 989
2.4096000000195517e-05 990
2.4096999999834168e-05 991
2.4127000000095933e-05 992
2.415699999991361e-05 993
2.415799999999635e-05 994
2.415900000007909e-05 995
2.4165000000131442e-05 994
2.4188999999896765e-05 995
2.4189999999979506e-05 996
2.421999999979718e-05 997
2.4250000000058947e-05 998
2.4279999999876622e-05 999
2.4280999999959363e-05 1000
2.4284999999846235e-05 999
2.4289000000177197e-05 998
2.429300000006407e-05 997
2.429699999995094e-05 996
2.4311000000221128e-05 997
2.4341000000038804e-05 998
2.4342000000121544e-05 999
2.4343000000204285e-05 1000
2.4343999999842936e-05 1001
2.43740000001047e-05 1002
2.4403999999922377e-05 1003
2.4417000000109823e-05 1002
2.4434000000184142e-05 1003
2.4434999999822793e-05 1004
2.4465000000084558e-05 1005
2.44660000001673e-05 1006
2.446699999980595e-05 1007
2.4497000000067715e-05 1008
2.452699999988539e-05 1009
2.452799999996813e-05 1010
2.4536999999824616e-05 1009
2.4541000000155577e-05 1008
2.454500000004245e-05 1007
2.4548999999929322e-05 1006
2.4552999999816194e-05 1005
2.4557000000147156e-05 1004
2.4557999999785807e-05 1005
2.4561000000034028e-05 1004
2.45649999999209e-05 1003
2.4588000000047572e-05 1004
2.4589000000130312e-05 1005
2.4590000000213053e-05 1006
2.462000000003073e-05 1007
2.4649999999848404e-05 1008
2.4650999999931145e-05 1009
2.4652000000013885e-05 1010
2.468199999983156e-05 1011
2.46829999999143e-05 1012
2.4685000000079782e-05 1011
2.4713000000176066e-05 1012
2.4713999999814718e-05 1013
2.4744000000076483e-05 1014
2.4745000000159223e-05 1015
2.4745999999797874e-05 1016
2.477600000005964e-05 1017
2.4804999999794575e-05 1016
2.4805999999877315e-05 1017
2.4806999999960055e-05 1018
2.4809000000125536e-05 1017
2.481300000001241e-05 1016
2.483700000022182e-05 1017
2.4867000000039496e-05 1018
2.4896999999857172e-05 1019
2.4897999999939913e-05 1020
2.4899000000022653e-05 1021
2.492899999984033e-05 1022
2.493300000017129e-05 1021
2.4937000000058163e-05 1020
2.4940999999945035e-05 1019
2.4944999999831907e-05 1018
2.494900000016287e-05 1017
2.495300000004974e-05 1016
2.4956999999936613e-05 1015
2.4959000000102094e-05 1016
2.4960000000184834e-05 1017
2.4960999999823485e-05 1018
2.4960999999823485e-05 1017
2.4961999999906226e-05 1018
2.4962999999988966e-05 1019
2.4964000000071707e-05 1020
2.4965000000154447e-05 1019
2.4993999999889382e-05 1020
2.5024000000151148e-05 1021
2.5053999999968823e-05 1022
2.5055000000051564e-05 1023
2.508499999986924e-05 1024
2.508499999986924e-05 1023
2.508599999995198e-05 1024
2.508700000003472e-05 1025
2.5116999999852396e-05 1026
2.514700000011416e-05 1027
2.5148000000196902e-05 1028
2.5148999999835553e-05 1029
2.5179000000097318e-05 1030
2.518000000018006e-05 1031
2.520500000002812e-05 1030
2.5208999999914994e-05 1029
2.5209999999997734e-05 1030
2.5211000000080475e-05 1031
2.5212000000163215e-05 1032
2.5212999999801866e-05 1033
2.5213999999884606e-05 1034
2.524400000014637e-05 1035
2.5244999999785023e-05 1036
2.5275000000046788e-05 1037
2.5304999999864464e-05 1038
2.5305999999947204e-05 1039
2.5307000000029944e-05 1040
2.5308000000112685e-05 1041
2.5309000000195425e-05 1042
2.5329000000073876e-05 1041
2.533500000012623e-05 1042
2.53390000000131e-05 1043
2.534000000009584e-05 1044
2.5341000000178582e-05 1045
2.5341999999817233e-05 1046
2.5372000000078998e-05 1047
2.5401999999896674e-05 1048
2.543200000015844e-05 1049
2.543299999979709e-05 1050
2.544899999978867e-05 1049
2.545300000011963e-05 1048
2.5457000000006502e-05 1047
2.5463000000058855e-05 1048
2.5464000000141596e-05 1049
2.5465000000224336e-05 1050
2.5465999999862987e-05 1051
2.5496000000124752e-05 1052
2.5497000000207493e-05 1053
2.552700000002517e-05 1054
2.5556999999842844e-05 1055
2.5557999999925585e-05 1056
2.5577000000165384e-05 1055
2.5581000000052256e-05 1054
2.558499999993913e-05 1053
2.558800000018735e-05 1054
2.5588999999826e-05 1055
2.5588999999826e-05 1054
2.558999999990874e-05 1055
2.5620000000170506e-05 1056
2.5620999999809158e-05 1057
2.5651000000070923e-05 1058
2.5652000000153663e-05 1059
2.568199999997134e-05 1060
2.5708999999984883e-05 1059
2.5711999999789015e-05 1060
2.5712999999871755e-05 1061
2.5712999999871755e-05 1060
2.5713999999954495e-05 1061
2.5717000000202717e-05 1060
2.574400000021626e-05 1061
2.5744999999854912e-05 1062
2.5745999999937652e-05 1063
2.5747000000020392e-05 1064
2.577699999983807e-05 1065
2.577799999992081e-05 1066
2.5808000000182574e-05 1067
2.583699999991751e-05 1066
2.583800000000025e-05 1067
2.584099999980438e-05 1066
2.5845000000135343e-05 1065
2.5849000000022215e-05 1064
2.5852999999909088e-05 1063
2.5867999999817926e-05 1064
2.589800000007969e-05 1065
2.589900000016243e-05 1066
2.5928999999980107e-05 1067
2.5958999999797783e-05 1068
2.597300000006797e-05 1067
2.5989000000059548e-05 1068
2.6018999999877224e-05 1069
2.6019999999959964e-05 1070
2.605000000022173e-05 1071
2.6080000000039405e-05 1072
2.6092999999782762e-05 1071
2.6097000000113724e-05 1070
2.6101000000000596e-05 1069
2.610999999985708e-05 1070
2.6140000000118846e-05 1071
2.6169999999936522e-05 1072
2.6200000000198287e-05 1073
2.6221000000159478e-05 1072
2.622500000004635e-05 1071
2.6230000000015963e-05 1072
2.625999999983364e-05 1073
2.6290000000095404e-05 1074
2.631999999991308e-05 1075
2.6345000000205232e-05 1074
2.6349000000092104e-05 1073
2.6350000000174845e-05 1074
2.6352999999978977e-05 1073
2.637999999999252e-05 1074
2.6409999999810196e-05 1075
2.644000000007196e-05 1076
2.6469999999889637e-05 1077
2.647300000013786e-05 1076
2.647700000002473e-05 1075
2.6480999999911603e-05 1074
2.6484999999798475e-05 1073
2.6489000000129437e-05 1072
2.6500000000151402e-05 1073
2.652999999996908e-05 1074
2.6559999999786754e-05 1075
2.659000000004852e-05 1076
2.660899999984423e-05 1075
2.6619999999866195e-05 1076
2.665000000012796e-05 1077
2.66510000002107e-05 1078
2.6681000000028376e-05 1079
2.6710999999846052e-05 1080
2.672900000000311e-05 1079
2.6732999999889984e-05 1078
2.6737000000220945e-05 1077
2.6741000000107817e-05 1078
2.6741000000107817e-05 1077
2.674499999999469e-05 1076
2.6770999999925493e-05 1077
2.680100000018726e-05 1078
2.6831000000004934e-05 1079
2.686099999982261e-05 1080
2.686500000015357e-05 1079
2.6869000000040444e-05 1078
2.6891000000084375e-05 1079
2.692099999990205e-05 1080
2.6951000000163816e-05 1081
2.6980999999981492e-05 1082
2.6989000000199326e-05 1081
2.7010999999799168e-05 1082
2.7041000000060933e-05 1083
2.707099999987861e-05 1084
2.7101000000140374e-05 1085
2.710899999991412e-05 1084
2.711299999980099e-05 1083
2.7117000000131952e-05 1082
2.7121000000018824e-05 1081
2.7124999999905697e-05 1080
2.712899999979257e-05 1079
2.713099999995805e-05 1080
2.713300000012353e-05 1079
2.7161000000219815e-05 1080
2.719100000003749e-05 1081
2.7220999999855167e-05 1082
2.725100000011693e-05 1083
2.7252999999838323e-05 1082
2.7257000000169285e-05 1081
2.7280999999934608e-05 1082
2.7311000000196373e-05 1083
2.734100000001405e-05 1084
2.7370999999831724e-05 1085
2.7376999999884077e-05 1084
2.740100000009349e-05 1085
2.7430999999911165e-05 1086
2.746100000017293e-05 1087
2.7490999999990606e-05 1088
2.749700000004296e-05 1087
2.750099999992983e-05 1086
2.7504999999816704e-05 1085
2.7520999999808282e-05 1086
2.7551000000070047e-05 1087
2.7580999999887723e-05 1088
2.7611000000149488e-05 1089
2.7624999999975586e-05 1088
2.7628999999862458e-05 1087
2.763300000019342e-05 1086
2.7637000000080292e-05 1085
2.7640999999967164e-05 1086
2.7640999999967164e-05 1085
2.767099999978484e-05 1086
2.7701000000046605e-05 1087
2.771300000015131e-05 1088
2.773099999986428e-05 1089
2.7761000000126046e-05 1090
2.7761000000126046e-05 1089
2.7790999999943722e-05 1090
2.7821000000205487e-05 1091
2.7851000000023163e-05 1092
2.788099999984084e-05 1093
2.788099999984084e-05 1092
2.7911000000102604e-05 1093
2.794099999992028e-05 1094
2.7971000000182045e-05 1095
2.800099999999972e-05 1096
2.800099999999972e-05 1095
2.8004999999886593e-05 1094
2.8030999999817396e-05 1095
2.806100000007916e-05 1096
2.8090999999896837e-05 1097
2.8121000000158602e-05 1098
2.8125000000045475e-05 1097
2.815099999997628e-05 1098
2.8180999999793954e-05 1099
2.821100000005572e-05 1100
2.8240999999873395e-05 1101
2.8245000000204357e-05 1100
2.827100000013516e-05 1101
2.8300999999952836e-05 1102
2.83310000002146e-05 1103
2.8361000000032277e-05 1104
2.836499999991915e-05 1103
2.836899999980602e-05 1102
2.8373000000136983e-05 1101
2.8390999999849953e-05 1102
2.8421000000111718e-05 1103
2.8450999999929394e-05 1104
2.848100000019116e-05 1105
2.8492999999851776e-05 1104
2.8511000000008835e-05 1105
2.854099999982651e-05 1106
2.8571000000088276e-05 1107
2.860099999990595e-05 1108
2.8613000000010658e-05 1107
2.861699999989753e-05 1106
2.8620999999784402e-05 1105
2.8631000000167717e-05 1106
2.8660999999985393e-05 1107
2.869099999980307e-05 1108
2.8721000000064834e-05 1109
2.8740999999943284e-05 1108
2.8744999999830156e-05 1107
2.875099999988251e-05 1108
2.8781000000144275e-05 1109
2.881099999996195e-05 1110
2.8841000000223715e-05 1111
2.886499999998904e-05 1110
2.887100000004139e-05 1111
2.8900999999859067e-05 1112
2.8931000000120832e-05 1113
2.8960999999938508e-05 1114
2.898500000014792e-05 1113
2.8989000000034792e-05 1112
2.8991000000200273e-05 1113
2.8992999999921665e-05 1112
2.8996999999808537e-05 1111
2.902100000001795e-05 1112
2.9050999999835625e-05 1113
2.908100000009739e-05 1114
2.9110999999915066e-05 1115
2.911699999996742e-05 1114
2.914100000017683e-05 1115
2.9170999999994507e-05 1116
2.9200999999812183e-05 1117
2.9231000000073948e-05 1118
2.92370000001263e-05 1117
2.9260999999891624e-05 1118
2.929100000015339e-05 1119
2.9320999999971065e-05 1120
2.935099999978874e-05 1121
2.9356999999841094e-05 1120
2.9361000000172055e-05 1119
2.9381000000050506e-05 1120
2.941099999986818e-05 1121
2.9441000000129947e-05 1122
2.9470999999947622e-05 1123
2.9480999999886848e-05 1122
2.948500000021781e-05 1121
2.9501000000209388e-05 1122
2.9531000000027063e-05 1123
2.956099999984474e-05 1124
2.9591000000106504e-05 1125
2.9604999999932602e-05 1124
2.9608999999819474e-05 1123
2.962099999992418e-05 1124
2.9651000000185945e-05 1125
2.968100000000362e-05 1126
2.9710999999821297e-05 1127
2.9728999999978356e-05 1126
2.9741000000083062e-05 1127
2.9770999999900738e-05 1128
2.9801000000162503e-05 1129
2.983099999998018e-05 1130
2.9849000000137238e-05 1129
2.985300000002411e-05 1128
2.9856999999910983e-05 1127
2.9860999999797855e-05 1128
2.989100000005962e-05 1129
2.9920999999877296e-05 1130
2.995100000013906e-05 1131
2.9977000000069864e-05 1130
2.9980999999956737e-05 1131
3.0011000000218502e-05 1132
3.0041000000036178e-05 1133
3.0070999999853854e-05 1134
3.0096999999784657e-05 1133
3.010100000011562e-05 1134
3.0130999999933294e-05 1135
3.016100000019506e-05 1136
3.0191000000012735e-05 1137
3.021699999994354e-05 1136
3.022099999983041e-05 1137
3.0251000000092176e-05 1138
3.0280999999909852e-05 1139
3.0311000000171617e-05 1140
3.033700000010242e-05 1139
3.0340999999989293e-05 1140
3.037099999980697e-05 1141
3.0401000000068734e-05 1142
3.043099999988641e-05 1143
3.0456999999817214e-05 1142
3.0461000000148175e-05 1143
3.0461000000148175e-05 1142
3.0465000000035047e-05 1141
3.046899999992192e-05 1140
3.049099999996585e-05 1141
3.052099999978353e-05 1142
3.055100000004529e-05 1143
3.058099999986297e-05 1144
3.05890000000808e-05 1143
3.061100000012473e-05 1144
3.064099999994241e-05 1145
3.0671000000204174e-05 1146
3.070100000002185e-05 1147
3.0708999999795594e-05 1146
3.0713000000126556e-05 1145
3.071700000001343e-05 1144
3.0730999999839526e-05 1145
3.076100000010129e-05 1146
3.0790999999918967e-05 1147
3.082100000018073e-05 1148
3.083700000017231e-05 1147
3.084100000005918e-05 1146
3.085099999999841e-05 1147
3.088099999981608e-05 1148
3.091100000007785e-05 1149
3.0940999999895524e-05 1150
3.0961000000218064e-05 1149
3.0965000000104936e-05 1148
3.097100000015729e-05 1149
3.1000999999974965e-05 1150
3.103099999979264e-05 1151
3.1061000000054406e-05 1152
3.108499999981973e-05 1151
3.109099999987208e-05 1152
3.112100000013385e-05 1153
3.115099999995152e-05 1154
3.118100000021329e-05 1155
3.120499999997861e-05 1154
3.1211000000030964e-05 1155
3.124099999984864e-05 1156
3.1271000000110405e-05 1157
3.130099999992808e-05 1158
3.132500000013749e-05 1157
3.1329000000024365e-05 1156
3.1331000000189846e-05 1157
3.133299999991124e-05 1156
3.133699999979811e-05 1155
3.134100000012907e-05 1154
3.1345000000015943e-05 1153
3.1348999999902816e-05 1152
3.135299999978969e-05 1151
3.135700000012065e-05 1150
3.136100000000752e-05 1151
3.13909999998252e-05 1152
3.142100000008696e-05 1153
3.145099999990464e-05 1154
3.147699999983544e-05 1153
3.1481000000166404e-05 1154
3.151099999998408e-05 1155
3.1540999999801755e-05 1156
3.157100000006352e-05 1157
3.1596999999994324e-05 1156
3.1600999999881196e-05 1157
3.163100000014296e-05 1158
3.166099999996064e-05 1159
3.16910000002224e-05 1160
3.1717000000153206e-05 1159
3.172100000004008e-05 1160
3.1750999999857754e-05 1161
3.178100000011952e-05 1162
3.1810999999937195e-05 1163
3.1836999999868e-05 1162
3.184100000019896e-05 1163
3.184100000019896e-05 1162
3.184500000008583e-05 1161
3.1848999999972705e-05 1160
3.1871000000016636e-05 1161
3.190099999983431e-05 1162
3.193100000009608e-05 1163
3.196099999991375e-05 1164
3.1969000000131587e-05 1163
3.197300000001846e-05 1162
3.199100000017552e-05 1163
3.2020999999993194e-05 1164
3.205099999981087e-05 1165
3.2081000000072635e-05 1166
3.209300000017734e-05 1165
3.209700000006421e-05 1164
3.2100999999951085e-05 1163
3.210499999983796e-05 1162
3.210900000016892e-05 1161
3.211099999989031e-05 1162
3.211300000005579e-05 1161
3.2116999999942664e-05 1160
3.2120999999829536e-05 1159
3.2141000000152076e-05 1160
3.217099999996975e-05 1161
3.220099999978743e-05 1162
3.223100000004919e-05 1163
3.224099999998842e-05 1162
3.224499999987529e-05 1161
3.226099999986687e-05 1162
3.2291000000128633e-05 1163
3.232099999994631e-05 1164
3.2351000000208074e-05 1165
3.236500000003417e-05 1164
3.238100000002575e-05 1165
3.2410999999843426e-05 1166
3.244100000010519e-05 1167
3.247099999992287e-05 1168
3.2485000000193054e-05 1167
3.250100000018463e-05 1168
3.253100000000231e-05 1169
3.2560999999819984e-05 1170
3.259100000008175e-05 1171
3.2604999999907847e-05 1170
3.2620999999899425e-05 1171
3.265100000016119e-05 1172
3.2680999999978866e-05 1173
3.271099999979654e-05 1174
3.272500000006673e-05 1173
3.274100000005831e-05 1174
3.277099999987598e-05 1175
3.280100000013775e-05 1176
3.2830999999955424e-05 1177
3.284500000022561e-05 1176
3.284900000011248e-05 1175
3.2852999999999355e-05 1174
3.285699999988623e-05 1173
3.286100000021719e-05 1174
3.2891000000034865e-05 1175
3.292099999985254e-05 1176
3.2951000000114306e-05 1177
3.297700000004511e-05 1176
3.298099999993198e-05 1177
3.298099999993198e-05 1176
3.3011000000193746e-05 1177
3.304100000001142e-05 1178
3.30709999998291e-05 1179
3.310100000009086e-05 1180
3.310100000009086e-05 1179
3.3104999999977736e-05 1178
3.313099999990854e-05 1179
3.3161000000170304e-05 1180
3.319099999998798e-05 1181
3.3220999999805656e-05 1182
3.322500000013662e-05 1181
3.322900000002349e-05 1180
3.323299999991036e-05 1179
3.325100000006742e-05 1180
3.32809999998851e-05 1181
3.331100000014686e-05 1182
3.334099999996454e-05 1183
3.3353000000069244e-05 1182
3.3356999999956116e-05 1181
3.3370999999782214e-05 1182
3.340100000004398e-05 1183
3.3430999999861655e-05 1184
3.346100000012342e-05 1185
3.3471000000062645e-05 1186
3.3477000000115e-05 1185
3.348100000000187e-05 1184
3.348499999988874e-05 1183
3.3490999999941096e-05 1184
3.352100000020286e-05 1185
3.355100000002054e-05 1186
3.358099999983821e-05 1187
3.3605000000047625e-05 1186
3.361100000009998e-05 1187
3.3640999999917653e-05 1188
3.367100000017942e-05 1189
3.3700999999997094e-05 1190
3.3725000000206506e-05 1189
3.373099999981477e-05 1190
3.3761000000076535e-05 1191
3.379099999989421e-05 1192
3.3821000000155976e-05 1193
3.38449999999213e-05 1192
3.384899999980817e-05 1191
3.385099999997365e-05 1192
3.388099999979133e-05 1193
3.391100000005309e-05 1194
3.394099999987077e-05 1195
3.396899999996705e-05 1194
3.3971000000132534e-05 1195
3.400099999995021e-05 1196
3.4031000000211975e-05 1197
3.406100000002965e-05 1198
3.4089000000125935e-05 1197
3.409099999984733e-05 1198
3.412100000010909e-05 1199
3.415099999992677e-05 1200
3.418100000018853e-05 1201
3.420899999984073e-05 1200
3.421100000000621e-05 1201
3.421300000017169e-05 1200
3.421700000005856e-05 1199
3.4220999999945434e-05 1198
3.4224999999832306e-05 1197
3.422900000016327e-05 1196
3.423300000005014e-05 1195
3.423699999993701e-05 1194
3.4240999999823885e-05 1195
3.427100000008565e-05 1196
3.4300999999903325e-05 1197
3.433100000016509e-05 1198
3.4357000000095894e-05 1197
3.4360999999982766e-05 1198
3.4360999999982766e-05 1197
3.436499999986964e-05 1196
3.43690000002006e-05 1195
3.437300000008747e-05 1194
3.439099999980044e-05 1195
3.442100000006221e-05 1196
3.445099999987988e-05 1197
3.448100000014165e-05 1198
3.4492999999802265e-05 1197
3.449700000013323e-05 1196
3.4510999999959324e-05 1197
3.454100000022109e-05 1198
3.4571000000038765e-05 1199
3.460099999985644e-05 1200
3.461699999984802e-05 1199
3.4631000000118206e-05 1200
3.466099999993588e-05 1201
3.469100000019765e-05 1202
3.472100000001532e-05 1203
3.47370000000069e-05 1202
3.4750999999833e-05 1203
3.4781000000094764e-05 1204
3.481099999991244e-05 1205
3.4841000000174205e-05 1206
3.485700000016578e-05 1205
3.487099999999188e-05 1206
3.4900999999809557e-05 1207
3.493100000007132e-05 1208
3.4960999999889e-05 1209
3.4976999999880576e-05 1208
3.498100000021154e-05 1207
3.498500000009841e-05 1206
3.498899999998528e-05 1205
3.499100000015076e-05 1206
3.502099999996844e-05 1207
3.5050999999786114e-05 1208
3.508100000004788e-05 1209
3.5109000000144164e-05 1208
3.5110999999865555e-05 1209
3.514100000012732e-05 1210
3.5170999999944996e-05 1211
3.520100000020676e-05 1212
3.5228999999858956e-05 1211
3.523100000002444e-05 1212
3.526099999984211e-05 1213
3.529100000010388e-05 1214
3.5320999999921554e-05 1215
3.534900000001784e-05 1214
3.535100000018332e-05 1215
3.5381000000000995e-05 1216
3.541099999981867e-05 1217
3.5441000000080436e-05 1218
3.546900000017672e-05 1217
3.547099999989811e-05 1218
3.547300000006359e-05 1217
3.550100000015988e-05 1218
3.553099999997755e-05 1219
3.556099999979523e-05 1220
3.5591000000056994e-05 1221
3.5593000000222474e-05 1220
3.562099999987467e-05 1221
3.5651000000136435e-05 1222
3.568099999995411e-05 1223
3.5711000000215876e-05 1224
3.571299999993727e-05 1223
3.574100000003355e-05 1224
3.577099999985123e-05 1225
3.580100000011299e-05 1226
3.583099999993067e-05 1227
3.583300000009615e-05 1226
3.5861000000192433e-05 1227
3.589100000001011e-05 1228
3.5920999999827785e-05 1229
3.595100000008955e-05 1230
3.595299999981094e-05 1229
3.59570000001419e-05 1228
3.5961000000028776e-05 1227
3.596499999991565e-05 1226
3.596899999980252e-05 1225
3.5980999999907226e-05 1226
3.601100000016899e-05 1227
3.604099999998667e-05 1228
3.607099999980434e-05 1229
3.60889999999614e-05 1228
3.6092999999848274e-05 1227
3.6097000000179236e-05 1226
3.610100000006611e-05 1227
3.6130999999883784e-05 1228
3.616100000014555e-05 1229
3.6190999999963225e-05 1230
3.621699999989403e-05 1229
3.622100000022499e-05 1230
3.622100000022499e-05 1229
3.622500000011186e-05 1228
3.6251000000042666e-05 1229
3.628099999986034e-05 1230
3.631100000012211e-05 1231
3.634099999993978e-05 1232
3.6344999999826655e-05 1231
3.6349000000157616e-05 1230
3.637100000020155e-05 1231
3.6401000000019224e-05 1232
3.64309999998369e-05 1233
3.6461000000098664e-05 1234
3.646899999987241e-05 1233
3.649099999991634e-05 1234
3.6521000000178105e-05 1235
3.655099999999578e-05 1236
3.658099999981346e-05 1237
3.658900000003129e-05 1236
3.659299999991816e-05 1235
3.6596999999805035e-05 1234
3.6601000000136e-05 1233
3.660500000002287e-05 1232
3.660899999990974e-05 1231
3.661100000007522e-05 1232
3.66409999998929e-05 1233
3.667100000015466e-05 1234
3.670099999997234e-05 1235
3.6729000000068623e-05 1234
3.6730999999790015e-05 1235
3.676100000005178e-05 1236
3.6790999999869456e-05 1237
3.682100000013122e-05 1238
3.6848999999783416e-05 1237
3.68509999999489e-05 1238
3.685300000011438e-05 1237
3.685700000000125e-05 1236
3.686099999988812e-05 1235
3.688100000021066e-05 1236
3.691100000002834e-05 1237
3.6940999999846014e-05 1238
3.697100000010778e-05 1239
3.6981000000047004e-05 1238
3.6984999999933876e-05 1237
3.698899999982075e-05 1236
3.699300000015171e-05 1235
3.699700000003858e-05 1234
3.7000999999925455e-05 1235
3.7000999999925455e-05 1234
3.703100000018722e-05 1235
3.7061000000004896e-05 1236
3.709099999982257e-05 1237
3.7121000000084337e-05 1238
3.7121000000084337e-05 1237
3.715099999990201e-05 1238
3.718100000016378e-05 1239
3.721099999998145e-05 1240
3.724099999979913e-05 1241
3.724099999979913e-05 1240
3.724500000013009e-05 1239
3.724900000001696e-05 1238
3.7271000000060894e-05 1239
3.730099999987857e-05 1240
3.7331000000140335e-05 1241
3.736099999995801e-05 1242
3.7369000000175845e-05 1241
3.737300000006272e-05 1240
3.737699999994959e-05 1239
3.738099999983646e-05 1238
3.7391000000219776e-05 1239
3.742100000003745e-05 1240
3.745099999985513e-05 1241
3.748100000011689e-05 1242
3.7500999999995344e-05 1241
3.751099999993457e-05 1242
3.7541000000196334e-05 1243
3.757100000001401e-05 1244
3.7600999999831686e-05 1245
3.7621000000154226e-05 1244
3.763100000009345e-05 1245
3.766099999991113e-05 1246
3.769100000017289e-05 1247
3.772099999999057e-05 1248
3.774099999986902e-05 1247
3.774500000019998e-05 1246
3.774900000008685e-05 1245
3.7750999999808244e-05 1246
3.7752999999973724e-05 1245
3.7756999999860597e-05 1244
3.778100000007001e-05 1245
3.7810999999887684e-05 1246
3.784100000014945e-05 1247
3.7870999999967125e-05 1248
3.787700000001948e-05 1247
3.788099999990635e-05 1246
3.788499999979322e-05 1245
3.7889000000124184e-05 1244
3.79009999997848e-05 1245
3.7931000000046566e-05 1246
3.796099999986424e-05 1247
3.799100000012601e-05 1248
3.800899999983898e-05 1247
3.801300000016994e-05 1246
3.801700000005681e-05 1245
3.802099999994368e-05 1246
3.802099999994368e-05 1245
3.8024999999830555e-05 1244
3.805100000020545e-05 1245
3.8081000000023124e-05 1246
3.81109999998408e-05 1247
3.8141000000102565e-05 1248
3.814499999998944e-05 1247
3.817099999992024e-05 1248
3.8201000000182006e-05 1249
3.823099999999968e-05 1250
3.826099999981736e-05 1251
3.826500000014832e-05 1250
3.826900000003519e-05 1249
3.8272999999922064e-05 1248
3.829100000007912e-05 1249
3.83209999998968e-05 1250
3.8351000000158564e-05 1251
3.838099999997624e-05 1252
3.8393000000080946e-05 1251
3.839699999996782e-05 1250
3.840099999985469e-05 1249
3.840500000018565e-05 1248
3.8409000000072524e-05 1247
3.8410999999793916e-05 1248
3.844100000005568e-05 1249
3.8470999999873357e-05 1250
3.850100000013512e-05 1251
3.852899999978732e-05 1250
3.85309999999528e-05 1251
3.853300000011828e-05 1250
3.853700000000515e-05 1249
3.856100000021456e-05 1250
3.859100000003224e-05 1251
3.8620999999849914e-05 1252
3.865100000011168e-05 1253
3.865700000016403e-05 1252
3.8680999999929355e-05 1253
3.871100000019112e-05 1254
3.8741000000008796e-05 1255
3.877099999982647e-05 1256
3.8776999999878825e-05 1255
3.8781000000209787e-05 1254
3.880100000008824e-05 1255
3.883099999990591e-05 1256
3.886100000016768e-05 1257
3.8890999999985354e-05 1258
3.890099999992458e-05 1257
3.892099999980303e-05 1258
3.8951000000064795e-05 1259
3.898099999988247e-05 1260
3.9011000000144236e-05 1261
3.902100000008346e-05 1260
3.9024999999970333e-05 1259
3.9028999999857206e-05 1258
3.903300000018817e-05 1257
3.904099999996191e-05 1258
3.907100000022368e-05 1259
3.910100000004135e-05 1260
3.913099999985903e-05 1261
3.915299999990296e-05 1260
3.9161000000120794e-05 1261
3.919099999993847e-05 1262
3.9221000000200235e-05 1263
3.925100000001791e-05 1264
3.927300000006184e-05 1263
3.9276999999948714e-05 1262
3.9280999999835586e-05 1263
3.9280999999835586e-05 1262
3.928500000016655e-05 1261
3.928900000005342e-05 1260
3.929299999994029e-05 1259
3.9296999999827165e-05 1258
3.931100000009735e-05 1259
3.934099999991503e-05 1260
3.937100000017679e-05 1261
3.940099999999447e-05 1262
3.9416999999986047e-05 1261
3.9430999999812144e-05 1262
3.946100000007391e-05 1263
3.9490999999891585e-05 1264
3.952100000015335e-05 1265
3.953700000014493e-05 1264
3.95410000000318e-05 1263
3.9550999999971026e-05 1264
3.95809999997887e-05 1265
3.961100000005047e-05 1266
3.964099999986814e-05 1267
3.966100000019068e-05 1266
3.967100000012991e-05 1267
3.9700999999947584e-05 1268
3.973100000020935e-05 1269
3.9761000000027025e-05 1270
3.9780999999905475e-05 1269
3.978499999979235e-05 1268
3.97909999998447e-05 1269
3.9821000000106466e-05 1270
3.985099999992414e-05 1271
3.988100000018591e-05 1272
3.990499999995123e-05 1271
3.99089999998381e-05 1270
3.991100000000358e-05 1271
3.991300000016906e-05 1270
3.994099999982126e-05 1271
3.9971000000083023e-05 1272
4.00009999999007e-05 1273
4.0031000000162464e-05 1274
4.0032999999883856e-05 1273
4.003700000021482e-05 1272
4.004100000010169e-05 1271
4.006099999998014e-05 1272
4.0090999999797816e-05 1273
4.012100000005958e-05 1274
4.015099999987726e-05 1275
4.016099999981648e-05 1274
4.0165000000147444e-05 1273
4.0169000000034316e-05 1272
4.018100000013902e-05 1273
4.02109999999567e-05 1274
4.024100000021846e-05 1275
4.027100000003614e-05 1276
4.02890000001932e-05 1275
4.0300999999853815e-05 1276
4.033100000011558e-05 1277
4.0360999999933256e-05 1278
4.039100000019502e-05 1279
4.040899999990799e-05 1278
4.041299999979486e-05 1277
4.04210000000127e-05 1278
4.045099999983037e-05 1279
4.048100000009214e-05 1280
4.0510999999909814e-05 1281
4.0532999999953745e-05 1280
4.053699999984062e-05 1279
4.054100000017158e-05 1280
4.054100000017158e-05 1279
4.0570999999989255e-05 1280
4.060099999980693e-05 1281
4.0631000000068695e-05 1282
4.066099999988637e-05 1283
4.066099999988637e-05 1282
4.066500000021733e-05 1281
4.0669000000104205e-05 1280
4.067299999999108e-05 1279
4.0691000000148136e-05 1280
4.072099999996581e-05 1281
4.075099999978349e-05 1282
4.078100000004525e-05 1283
4.079300000014996e-05 1282
4.079700000003683e-05 1281
4.081099999986293e-05 1282
4.0841000000124694e-05 1283
4.087099999994237e-05 1284
4.0901000000204135e-05 1285
4.0917000000195713e-05 1284
4.0921000000082586e-05 1283
4.092499999996946e-05 1282
4.092899999985633e-05 1281
4.093100000002181e-05 1282
4.093300000018729e-05 1281
4.0937000000074164e-05 1280
4.096099999983949e-05 1281
4.099100000010125e-05 1282
4.102099999991893e-05 1283
4.105100000018069e-05 1284
4.105699999978896e-05 1283
4.106100000011992e-05 1282
4.106500000000679e-05 1281
4.106899999989366e-05 1280
4.1073000000224624e-05 1279
4.1077000000111497e-05 1278
4.108099999999837e-05 1279
4.1110999999816045e-05 1280
4.114100000007781e-05 1281
4.1170999999895486e-05 1282
4.119699999982629e-05 1281
4.120100000015725e-05 1282
4.1230999999974927e-05 1283
4.12609999997926e-05 1284
4.129100000005437e-05 1285
4.131699999998517e-05 1284
4.1320999999872043e-05 1285
4.1320999999872043e-05 1284
4.1325000000203005e-05 1283
4.132900000008988e-05 1282
4.133299999997675e-05 1281
4.133699999986362e-05 1280
4.134100000019458e-05 1279
4.1345000000081455e-05 1278
4.135100000013381e-05 1279
4.1364999999959906e-05 1280
4.146499999979625e-05 1279
4.158499999995513e-05 1278
4.1588999999842e-05 1277
4.1593000000172964e-05 1278
4.1593000000172964e-05 1277
4.1597000000059836e-05 1276
4.160099999994671e-05 1275
4.160499999983358e-05 1274
4.160900000016454e-05 1273
4.1652000000169664e-05 1274
4.1728999999879335e-05 1273
4.1786999999793295e-05 1274
4.184900000003822e-05 1273
4.185299999992509e-05 1272
4.185699999981196e-05 1271
4.186100000014292e-05 1270
4.1944999999987687e-05 1271
4.1980999999857715e-05 1270
4.198500000018868e-05 1269
4.198900000007555e-05 1268
4.199299999996242e-05 1267
4.1996999999849294e-05 1266
4.2117000000008176e-05 1265
4.212099999989505e-05 1264
4.212500000022601e-05 1263
4.22449999999408e-05 1262
4.2365000000099684e-05 1261
4.2368999999986556e-05 1260
4.237299999987343e-05 1259
4.237700000020439e-05 1258
4.249699999991918e-05 1257
4.2500999999806055e-05 1256
4.2505000000137017e-05 1255
4.250900000002389e-05 1254
4.251299999991076e-05 1253
4.251699999979763e-05 1252
4.2521000000128595e-05 1251
4.2615999999995324e-05 1252
4.264099999984339e-05 1251
4.264500000017435e-05 1250
4.276499999988914e-05 1249
4.27690000002201e-05 1248
4.2773000000106975e-05 1247
4.281700000019484e-05 1248
4.289299999982177e-05 1247
4.301299999998065e-05 1246
4.301699999986752e-05 1245
4.3021000000198484e-05 1244
4.3096999999825414e-05 1245
4.3140999999913276e-05 1244
4.3196000000023105e-05 1245
4.3198000000188586e-05 1244
4.331799999990338e-05 1243
4.332199999979025e-05 1242
4.344199999994913e-05 1241
4.3445999999836005e-05 1240
4.3450000000166966e-05 1239
4.356999999988176e-05 1238
4.357400000021272e-05 1237
4.357800000009959e-05 1236
4.3581999999986465e-05 1235
4.358599999987334e-05 1234
4.35900000002043e-05 1233
4.359400000009117e-05 1232
4.3640999999983165e-05 1233
4.3713999999805964e-05 1232
4.3718000000136925e-05 1231
4.372099999994106e-05 1232
4.3810999999838174e-05 1233
4.383799999985172e-05 1232
4.384200000018268e-05 1231
4.3853000000204645e-05 1232
4.392300000022331e-05 1233
4.396199999989747e-05 1232
4.3965999999784344e-05 1231
4.3970000000115306e-05 1230
4.397400000000218e-05 1229
4.404100000021671e-05 1230
4.409400000016106e-05 1229
4.410000000021341e-05 1230
4.413000000003109e-05 1231
4.421399999987585e-05 1230
4.428600000006e-05 1231
4.4334000000034735e-05 1230
4.4335000000117475e-05 1231
4.433799999992161e-05 1230
4.434199999980848e-05 1229
4.446199999996736e-05 1228
4.446599999985423e-05 1227
4.4491000000146386e-05 1228
4.4586000000013115e-05 1227
4.458999999989999e-05 1226
4.471000000005887e-05 1225
4.471399999994574e-05 1224
4.4834000000104623e-05 1223
4.4837999999991496e-05 1222
4.495800000015038e-05 1221
4.507799999986517e-05 1220
4.508200000019613e-05 1219
4.514000000011009e-05 1220
4.5201999999910925e-05 1219
4.52059999997978e-05 1218
4.532599999995668e-05 1217
4.532999999984355e-05 1216
4.533400000017451e-05 1215
4.5338000000061385e-05 1214
4.545800000022027e-05 1213
4.546200000010714e-05 1212
4.558199999982193e-05 1211
4.559700000017486e-05 1212
4.5701999999980814e-05 1211
4.5705999999867686e-05 1210
4.571000000019865e-05 1209
4.571400000008552e-05 1208
4.583399999980031e-05 1207
4.5838000000131274e-05 1206
4.5957999999846066e-05 1205
4.598099999997274e-05 1206
4.607800000000495e-05 1205
4.608199999989182e-05 1204
4.608600000022278e-05 1203
4.613400000019752e-05 1204
4.6205999999937575e-05 1203
4.632600000009646e-05 1202
4.632999999998333e-05 1201
4.645000000014221e-05 1200
4.645400000002908e-05 1199
4.651199999994304e-05 1200
4.654299999984346e-05 1201
4.6572000000022484e-05 1202
4.6574000000187965e-05 1201
4.657800000007484e-05 1200
4.660199999984016e-05 1201
4.669799999978963e-05 1200
4.681799999994851e-05 1199
4.6821999999835384e-05 1198
4.6826000000166346e-05 1197
4.694599999988114e-05 1196
4.69500000002121e-05 1195
4.695400000009897e-05 1194
4.702099999986942e-05 1195
4.706100000007041e-05 1196
4.7073999999813765e-05 1195
4.719399999997265e-05 1194
4.731400000013153e-05 1193
4.739599999981081e-05 1194
4.742600000007258e-05 1195
4.743399999984632e-05 1194
4.743800000017728e-05 1193
4.7442000000064155e-05 1192
4.744599999995103e-05 1191
4.74499999998379e-05 1190
4.748500000006928e-05 1191
4.756999999999678e-05 1190
4.7573999999883654e-05 1189
4.759099999995797e-05 1190
4.7694000000042536e-05 1189
4.769799999992941e-05 1188
4.770100000017763e-05 1189
4.781800000008829e-05 1188
4.782199999997516e-05 1187
4.7825999999862034e-05 1186
4.7946000000020916e-05 1185
4.794999999990779e-05 1184
4.805099999982687e-05 1185
4.807000000006667e-05 1184
4.812400000009376e-05 1185
4.819000000022555e-05 1184
4.8309999999940345e-05 1183
4.831399999982722e-05 1182
4.831800000015818e-05 1181
4.832200000004505e-05 1180
4.844200000020393e-05 1179
4.8446000000090805e-05 1178
4.844999999997768e-05 1177
4.857000000013656e-05 1176
4.857400000002343e-05 1175
4.8694000000182314e-05 1174
4.8813999999897106e-05 1173
4.893400000005599e-05 1172
4.893799999994286e-05 1171
4.894199999982973e-05 1170
4.9061999999988615e-05 1169
4.906599999987549e-05 1168
4.918600000003437e-05 1167
4.918999999992124e-05 1166
4.9193999999808113e-05 1165
4.9198000000139075e-05 1164
4.931799999985387e-05 1163
4.943800000001275e-05 1162
4.955800000017163e-05 1161
4.9562000000058504e-05 1160
4.9565999999945376e-05 1159
4.956999999983225e-05 1158
4.968999999999113e-05 1157
4.981000000015001e-05 1156
4.9929999999864805e-05 1155
4.9934000000195766e-05 1154
4.993800000008264e-05 1153
5.005799999979743e-05 1152
5.009300000002881e-05 1153
5.017799999995631e-05 1152
5.019600000011337e-05 1153
5.0298000000115195e-05 1152
5.030200000000207e-05 1151
5.030599999988894e-05 1150
5.03100000002199e-05 1149
5.031400000010677e-05 1148
5.0317999999993646e-05 1147
5.043800000015253e-05 1146
5.04559999998655e-05 1147
5.055799999986732e-05 1146
5.056200000019828e-05 1145
5.0566000000085154e-05 1144
5.065499999989953e-05 1145
5.068599999979995e-05 1144
5.069000000013091e-05 1143
5.07700000000888e-05 1144
5.08099999998457e-05 1143
5.081400000017666e-05 1142
5.0818000000063535e-05 1141
5.0938000000222416e-05 1140
5.105799999993721e-05 1139
5.1165999999991385e-05 1140
5.117800000009609e-05 1139
5.1297999999810884e-05 1138
5.1302000000141845e-05 1137
5.130600000002872e-05 1136
5.14260000001876e-05 1135
5.143000000007447e-05 1134
5.1490999999792564e-05 1135
5.1513999999919236e-05 1136
5.1549999999789264e-05 1135
5.1554000000120226e-05 1134
5.15580000000071e-05 1133
5.156199999989397e-05 1132
5.156600000022493e-05 1131
5.1666000000061274e-05 1132
5.1685999999939725e-05 1131
5.1806000000098607e-05 1130
5.19259999998134e-05 1129
5.193000000014436e-05 1128
5.196999999990126e-05 1129
5.204999999985915e-05 1128
5.21619999998002e-05 1129
5.2170000000018035e-05 1128
5.217399999990491e-05 1127
5.217799999979178e-05 1126
5.229799999995066e-05 1125
5.2301999999837534e-05 1124
5.2306000000168495e-05 1123
5.242599999988329e-05 1122
5.243000000021425e-05 1121
5.243400000010112e-05 1120
5.2437999999987994e-05 1119
5.25229999999155e-05 1120
5.2558000000146876e-05 1119
5.267799999986167e-05 1118
5.268200000019263e-05 1117
5.26860000000795e-05 1116
5.2805999999794295e-05 1115
5.281000000012526e-05 1114
5.292999999984005e-05 1113
5.304999999999893e-05 1112
5.3053999999885804e-05 1111
5.3094000000086794e-05 1112
5.3174000000044686e-05 1111
5.317799999993156e-05 1110
5.329800000009044e-05 1109
5.330199999997731e-05 1108
5.3422000000136194e-05 1107
5.3541999999850987e-05 1106
5.3620000000087487e-05 1107
5.366200000000987e-05 1106
5.377799999983779e-05 1107
5.378200000016875e-05 1106
5.3792000000107976e-05 1107
5.390199999988354e-05 1106
5.4022000000042425e-05 1105
5.40259999999293e-05 1104
5.402999999981617e-05 1103
5.403400000014713e-05 1102
5.415100000005779e-05 1103
5.4153999999861924e-05 1102
5.4274000000020806e-05 1101
5.43799999999095e-05 1102
5.439400000017969e-05 1101
5.451399999989448e-05 1100
5.451800000022544e-05 1099
5.4522000000112314e-05 1098
5.4577999999860793e-05 1099
5.464199999982711e-05 1098
5.464600000015807e-05 1099
5.464600000015807e-05 1098
5.465000000004494e-05 1097
5.477000000020382e-05 1096
5.478400000002992e-05 1097
5.4889999999918615e-05 1096
5.489399999980549e-05 1095
5.501399999996437e-05 1094
5.513400000012325e-05 1093
5.5181000000015246e-05 1094
5.5253999999838044e-05 1093
5.5258000000169005e-05 1092
5.526200000005588e-05 1091
5.526599999994275e-05 1090
5.526999999982962e-05 1091
5.526999999982962e-05 1090
5.5274000000160584e-05 1089
5.5393999999875376e-05 1088
5.539800000020634e-05 1087
5.540200000009321e-05 1086
5.547499999991601e-05 1087
5.5521999999808e-05 1086
5.5641999999966885e-05 1087
5.5641999999966885e-05 1086
5.568800000022023e-05 1087
5.5762000000125767e-05 1086
5.576600000001264e-05 1085
5.576999999989951e-05 1084
5.585200000002288e-05 1085
5.589000000005839e-05 1084
5.5893999999945265e-05 1083
5.601400000010415e-05 1082
5.601799999999102e-05 1081
5.61380000001499e-05 1080
5.6257999999864694e-05 1079
5.6262000000195656e-05 1078
5.626600000008253e-05 1077
5.62699999999694e-05 1076
5.639000000012828e-05 1075
5.6394000000015154e-05 1074
5.6397999999902027e-05 1073
5.651800000006091e-05 1072
5.652199999994778e-05 1071
5.652599999983465e-05 1070
5.661500000009312e-05 1071
5.6645999999993535e-05 1070
5.676600000015242e-05 1069
5.677000000003929e-05 1068
5.677399999992616e-05 1067
5.689000000019817e-05 1068
5.689400000008504e-05 1067
5.6897999999971915e-05 1066
5.690199999985879e-05 1065
5.690600000018975e-05 1064
5.69069999998284e-05 1065
5.702599999990454e-05 1064
5.7029999999791414e-05 1063
5.7030999999874155e-05 1064
5.7149999999950296e-05 1063
5.727000000010918e-05 1062
5.727399999999605e-05 1061
5.727799999988292e-05 1060
5.7398000000041804e-05 1059
5.7518000000200686e-05 1058
5.763799999991548e-05 1057
5.764199999980235e-05 1056
5.764600000013331e-05 1055
5.7765999999848106e-05 1054
5.7841999999919125e-05 1055
5.788600000000699e-05 1054
5.800600000016587e-05 1053
5.801000000005274e-05 1052
5.8130000000211624e-05 1051
5.8249999999926416e-05 1050
5.83700000000853e-05 1049
5.848999999980009e-05 1048
5.849400000013105e-05 1047
5.8498000000017925e-05 1046
5.85019999999048e-05 1045
5.862200000006368e-05 1044
5.862599999995055e-05 1043
5.874600000010943e-05 1042
5.8749999999996305e-05 1041
5.875399999988318e-05 1040
5.875800000021414e-05 1039
5.887799999992893e-05 1038
5.8998000000087814e-05 1037
5.9001999999974686e-05 1036
5.912200000013357e-05 1035
5.924199999984836e-05 1034
5.924600000017932e-05 1033
5.9250000000066194e-05 1032
5.9251999999787586e-05 1033
5.9253999999953066e-05 1032
5.937400000011195e-05 1031
5.949399999982674e-05 1030
5.961399999998562e-05 1029
5.9617999999872495e-05 1028
5.962200000020346e-05 1027
5.962600000009033e-05 1026
5.96299999999772e-05 1025
5.9633999999864074e-05 1024
5.9754000000022955e-05 1023
5.975799999990983e-05 1022
5.987800000006871e-05 1021
5.9911000000134607e-05 1022
5.99979999997835e-05 1021
6.0002000000114464e-05 1020
6.0006000000001336e-05 1019
6.012600000016022e-05 1018
6.018599999979557e-05 1019
6.024599999987501e-05 1018
6.025000000020597e-05 1017
6.0369999999920765e-05 1016
6.037399999980764e-05 1015
6.03780000001386e-05 1014
6.049799999985339e-05 1013
6.050200000018435e-05 1012
6.053699999997164e-05 1013
6.0621999999899145e-05 1012
6.074200000005803e-05 1011
6.086200000021691e-05 1010
6.09819999999317e-05 1009
6.099400000003641e-05 1010
6.110200000009058e-05 1009
6.110599999997746e-05 1008
6.122600000013634e-05 1007
6.123000000002321e-05 1006
6.135000000018209e-05 1005
6.135400000006896e-05 1004
6.147399999978376e-05 1003
6.147800000011472e-05 1002
6.148200000000159e-05 1001
6.160200000016047e-05 1000
6.160600000004735e-05 1001
6.172199999987527e-05 1000
6.172600000020623e-05 999
6.17300000000931e-05 998
6.184999999980789e-05 997
6.196999999996677e-05 996
6.197399999985365e-05 995
6.197800000018461e-05 994
6.198200000007148e-05 993
6.198599999995835e-05 992
6.209400000001253e-05 993
6.210600000011723e-05 992
6.222599999983203e-05 991
6.223000000016299e-05 990
6.223400000004986e-05 989
6.223799999993673e-05 988
6.235800000009561e-05 987
6.236199999998249e-05 986
6.236599999986936e-05 985
6.248600000002824e-05 984
6.258599999986458e-05 985
6.260600000018712e-05 984
6.2610000000074e-05 983
6.261399999996087e-05 982
6.261799999984774e-05 981
6.273800000000662e-05 980
6.279800000008606e-05 981
6.28580000001655e-05 980
6.288099999984809e-05 981
6.29779999998803e-05 980
6.298200000021126e-05 979
6.300999999986345e-05 980
6.310199999992605e-05 979
6.322200000008493e-05 978
6.32259999999718e-05 977
6.322999999985868e-05 976
6.323400000018964e-05 975
6.334199999979973e-05 976
6.335399999990443e-05 975
6.347400000006331e-05 974
6.347799999995019e-05 973
6.348199999983706e-05 972
6.358999999989123e-05 973
6.360199999999594e-05 972
6.360599999988281e-05 971
6.37260000000417e-05 970
6.372999999992857e-05 969
6.373399999981544e-05 968
6.385399999997432e-05 967
6.385799999986119e-05 966
6.397800000002007e-05 965
6.398199999990695e-05 964
6.410200000006583e-05 963
6.422200000022471e-05 962
6.43419999999395e-05 961
6.43870000001101e-05 962
6.446200000009839e-05 961
6.458199999981318e-05 960
6.458600000014414e-05 959
6.459000000003101e-05 958
6.47100000001899e-05 957
6.471400000007677e-05 956
6.471799999996364e-05 955
6.472199999985051e-05 954
6.484200000000939e-05 953
6.496200000016827e-05 952
6.496999999994202e-05 953
6.508199999988307e-05 952
6.520200000004195e-05 951
6.532200000020083e-05 950
6.53260000000877e-05 949
6.532999999997458e-05 948
6.533399999986145e-05 947
6.533800000019241e-05 946
6.534200000007928e-05 945
6.546199999979407e-05 944
6.549300000013858e-05 945
6.558199999995296e-05 944
6.558599999983983e-05 943
6.570599999999871e-05 942
6.570999999988558e-05 941
6.571400000021654e-05 940
6.571800000010342e-05 939
6.582199999982663e-05 940
6.583799999981821e-05 939
6.595799999997709e-05 938
6.607399999980501e-05 939
6.607800000013597e-05 938
6.608200000002284e-05 937
6.620200000018173e-05 936
6.62060000000686e-05 935
6.620999999995547e-05 934
6.633000000011435e-05 933
6.633400000000123e-05 932
6.645400000016011e-05 931
6.645800000004698e-05 930
6.657800000020586e-05 929
6.658200000009273e-05 928
6.669400000003378e-05 929
6.670199999980753e-05 928
6.678200000020951e-05 929
6.682199999996641e-05 928
6.694200000012529e-05 927
6.694600000001216e-05 926
6.694999999989903e-05 925
6.707000000005792e-05 924
6.71900000002168e-05 923
6.727299999997882e-05 924
6.730999999993159e-05 923
6.731399999981846e-05 922
6.743399999997735e-05 921
6.743799999986422e-05 920
6.75580000000231e-05 919
6.756199999990997e-05 918
6.768200000006885e-05 917
6.768599999995573e-05 916
6.76899999998426e-05 915
6.769400000017356e-05 914
6.781399999988835e-05 913
6.781800000021931e-05 912
6.782200000010619e-05 911
6.794199999982098e-05 910
6.794600000015194e-05 909
6.806599999986673e-05 908
6.818600000002562e-05 907
6.83060000001845e-05 906
6.831000000007137e-05 905
6.833499999991943e-05 906
6.834900000018962e-05 907
6.842999999978616e-05 906
6.854999999994504e-05 905
6.855399999983192e-05 904
6.86739999999908e-05 903
6.867799999987767e-05 902
6.879800000003655e-05 901
6.891800000019543e-05 900
6.903799999991023e-05 899
6.915800000006911e-05 898
6.917400000006069e-05 899
6.92779999997839e-05 898
6.928200000011486e-05 897
6.928600000000174e-05 896
6.940600000016062e-05 895
6.941000000004749e-05 894
6.941399999993436e-05 893
6.953400000009324e-05 892
6.965399999980804e-05 891
6.9658000000139e-05 890
6.966200000002587e-05 889
6.978200000018475e-05 888
6.990199999989954e-05 887
6.990599999978642e-05 886
6.991000000011738e-05 885
6.993800000021366e-05 886
7.002999999983217e-05 885
7.003400000016313e-05 884
7.003800000005e-05 883
7.004199999993688e-05 882
7.016200000009576e-05 881
7.028199999981055e-05 880
7.040199999996943e-05 879
7.04059999998563e-05 878
7.041000000018727e-05 877
7.052999999990206e-05 876
7.065000000006094e-05 875
7.065399999994781e-05 874
7.07740000001067e-05 873
7.089399999982149e-05 872
7.101399999998037e-05 871
7.101799999986724e-05 870
7.105400000018136e-05 871
7.113800000002612e-05 870
7.117799999978303e-05 871
7.1258000000185e-05 870
7.126200000007188e-05 869
7.138199999978667e-05 868
7.139600000005686e-05 869
7.150199999994555e-05 868
7.150599999983243e-05 867
7.151000000016339e-05 866
7.151400000005026e-05 865
7.163400000020914e-05 864
7.163800000009601e-05 863
7.17579999998108e-05 862
7.176200000014177e-05 861
7.18119999998379e-05 862
7.188199999985656e-05 861
7.190299999981775e-05 862
7.200200000001544e-05 861
7.212200000017432e-05 860
7.21260000000612e-05 859
7.224600000022008e-05 858
7.236599999993487e-05 857
7.242300000021018e-05 856
7.254299999992497e-05 855
7.254699999981185e-05 854
7.265399999978328e-05 855
7.266699999997073e-05 854
7.278700000012961e-05 853
7.279100000001648e-05 852
7.291100000017536e-05 851
7.291500000006224e-05 850
7.291899999994911e-05 849
7.303900000010799e-05 848
7.304299999999486e-05 847
7.316300000015374e-05 846
7.316700000004062e-05 845
7.32870000001995e-05 844
7.329100000008637e-05 843
7.329499999997324e-05 842
7.337100000004426e-05 843
7.341500000013212e-05 842
7.342500000007135e-05 843
7.353499999984692e-05 842
7.36550000000058e-05 841
7.365899999989267e-05 840
7.377900000005155e-05 839
7.389900000021044e-05 838
7.390300000009731e-05 837
7.390699999998418e-05 836
7.402700000014306e-05 835
7.403100000002993e-05 834
7.40349999999168e-05 833
7.403899999980368e-05 832
7.404300000013464e-05 831
7.416299999984943e-05 830
7.428300000000831e-05 829
7.428699999989519e-05 828
7.440700000005407e-05 827
7.441099999994094e-05 826
7.44689999998549e-05 827
7.452199999979925e-05 828
7.453100000009982e-05 827
7.45349999999867e-05 826
7.465500000014558e-05 825
7.476200000011701e-05 826
7.477499999986037e-05 825
7.488600000016277e-05 826
7.489500000001925e-05 825
7.489899999990612e-05 824
7.4902999999793e-05 823
7.490700000012396e-05 822
7.502699999983875e-05 821
7.513399999981019e-05 822
7.514699999999763e-05 821
7.516400000007195e-05 822
7.524100000022571e-05 823
7.526700000015651e-05 822
7.527100000004339e-05 823
7.538699999987131e-05 822
7.550700000003019e-05 821
7.551099999991706e-05 820
7.551499999980393e-05 819
7.55190000001349e-05 818
7.552300000002177e-05 817
7.552699999990864e-05 816
7.564700000006752e-05 815
7.576699999978231e-05 814
7.577100000011328e-05 813
7.577500000000015e-05 812
7.589500000015903e-05 811
7.601499999987382e-05 810
7.601900000020478e-05 809
7.613899999991958e-05 808
7.614299999980645e-05 807
7.626299999996533e-05 806
7.638300000012421e-05 805
7.64509999999774e-05 806
7.6502999999839e-05 805
7.650700000016997e-05 804
7.662699999988476e-05 803
7.663100000021572e-05 802
7.66350000001026e-05 801
7.675499999981739e-05 800
7.685799999990195e-05 801
7.687499999997627e-05 800
7.699500000013515e-05 799
7.70810000001454e-05 800
7.711499999984994e-05 799
7.71190000001809e-05 798
7.72389999998957e-05 797
7.724299999978257e-05 796
7.728599999978769e-05 797
7.735400000008497e-05 798
7.736299999994145e-05 797
7.748200000001759e-05 798
7.748300000010033e-05 797
7.760299999981513e-05 796
7.76049999999806e-05 797
7.772299999997401e-05 796
7.784300000013289e-05 795
7.784700000001976e-05 794
7.796700000017864e-05 793
7.808699999989344e-05 792
7.80910000002244e-05 791
7.809500000011127e-05 790
7.810199999980227e-05 791
7.821499999982606e-05 790
7.833499999998494e-05 789
7.845500000014383e-05 788
7.84590000000307e-05 787
7.857900000018958e-05 786
7.869899999990437e-05 785
7.870299999979125e-05 784
7.870700000012221e-05 783
7.870999999992634e-05 784
7.8826999999837e-05 783
7.894699999999588e-05 782
7.895099999988275e-05 781
7.897699999981356e-05 782
7.907100000004164e-05 781
7.907499999992851e-05 780
7.919500000008739e-05 779
7.931499999980218e-05 778
7.931900000013314e-05 777
7.932300000002002e-05 776
7.94430000001789e-05 775
7.956299999989369e-05 774
7.956700000022465e-05 773
7.965299999979081e-05 774
7.968699999993945e-05 773
7.980700000009833e-05 772
7.992699999981312e-05 771
7.993100000014408e-05 770
8.005099999985887e-05 769
8.017100000001776e-05 768
8.025099999997565e-05 769
8.029100000017664e-05 768
8.029500000006351e-05 767
8.03629999999167e-05 768
8.041500000022239e-05 767
8.053499999993718e-05 766
8.053899999982406e-05 765
8.054300000015502e-05 764
8.054700000004189e-05 763
8.055099999992876e-05 762
8.055499999981564e-05 761
8.067499999997452e-05 760
8.07950000001334e-05 759
8.079900000002027e-05 758
8.080299999990714e-05 757
8.092300000006603e-05 756
8.09269999999529e-05 755
8.098700000003234e-05 756
8.104700000011178e-05 755
8.116699999982657e-05 754
8.123099999979289e-05 755
8.128699999998545e-05 754
8.129099999987233e-05 753
8.141100000003121e-05 752
8.153100000019009e-05 751
8.153500000007696e-05 750
8.153899999996383e-05 749
8.154299999985071e-05 748
8.166300000000959e-05 747
8.178300000016847e-05 746
8.190299999988326e-05 745
8.190700000021423e-05 744
8.202699999992902e-05 743
8.203099999981589e-05 742
8.203500000014685e-05 741
8.210699999988691e-05 742
8.215499999986164e-05 741
8.227500000002053e-05 740
8.22789999999074e-05 739
8.239900000006628e-05 738
8.251900000022516e-05 737
8.252300000011203e-05 736
8.252699999999891e-05 735
8.264700000015779e-05 734
8.266099999998389e-05 735
8.276699999987258e-05 734
8.277100000020354e-05 733
8.277500000009042e-05 732
8.289499999980521e-05 731
8.289900000013617e-05 730
8.295900000021561e-05 731
8.301899999985096e-05 730
8.302300000018192e-05 729
8.314299999989672e-05 728
8.314699999978359e-05 727
8.315100000011455e-05 726
8.31969999999238e-05 727
8.322700000018557e-05 728
8.325700000000325e-05 729
8.327099999982934e-05 728
8.330499999997798e-05 729
8.339099999998822e-05 728
8.33949999998751e-05 727
8.351500000003398e-05 726
8.363500000019286e-05 725
8.375499999990765e-05 724
8.375899999979453e-05 723
8.376300000012549e-05 722
8.388299999984028e-05 721
8.400299999999916e-05 720
8.400699999988603e-05 719
8.4011000000217e-05 718
8.401500000010387e-05 717
8.401899999999074e-05 716
8.402299999987761e-05 715
8.41430000000365e-05 714
8.426300000019538e-05 713
8.438299999991017e-05 712
8.438699999979704e-05 711
8.450699999995592e-05 710
8.45109999998428e-05 709
8.451500000017376e-05 708
8.456700000003536e-05 709
8.463499999988855e-05 708
8.469100000008112e-05 709
8.475500000004743e-05 708
8.47589999999343e-05 707
8.476299999982118e-05 706
8.4817999999931e-05 707
8.488299999998006e-05 706
8.488699999986693e-05 705
8.500700000002581e-05 704
8.501099999991268e-05 703
8.501499999979956e-05 702
8.501900000013052e-05 701
8.502300000001739e-05 700
8.514300000017627e-05 699
8.514700000006314e-05 698
8.526700000022203e-05 697
8.538699999993682e-05 696
8.539099999982369e-05 695
8.539500000015465e-05 694
8.539900000004153e-05 693
8.54029999999284e-05 692
8.540500000009388e-05 693
8.552300000008728e-05 692
8.553900000007886e-05 693
8.564299999980207e-05 692
8.564700000013303e-05 691
8.56510000000199e-05 690
8.565499999990678e-05 689
8.577500000006566e-05 688
8.589500000022454e-05 687
8.595700000002537e-05 688
8.601499999993933e-05 687
8.60189999998262e-05 686
8.613899999998509e-05 685
8.614299999987196e-05 684
8.614700000020292e-05 683
8.61510000000898e-05 682
8.627099999980459e-05 681
8.627500000013555e-05 680
8.639499999985034e-05 679
8.63990000001813e-05 680
8.651500000000922e-05 679
8.65189999998961e-05 678
8.663900000005498e-05 677
8.664299999994185e-05 676
8.664699999982872e-05 675
8.67669999999876e-05 674
8.677099999987448e-05 673
8.689100000003336e-05 672
8.689499999992023e-05 671
8.701500000007911e-05 670
8.71349999997939e-05 669
8.713900000012487e-05 668
8.714300000001174e-05 667
8.726300000017062e-05 666
8.726599999997475e-05 667
8.726700000005749e-05 666
8.727099999994437e-05 665
8.727499999983124e-05 664
8.739499999999012e-05 663
8.739899999987699e-05 662
8.751900000003587e-05 661
8.763900000019476e-05 660
8.767399999998204e-05 661
8.775899999990955e-05 660
8.787900000006843e-05 659
8.78829999999553e-05 658
8.800300000011418e-05 657
8.812299999982898e-05 656
8.824299999998786e-05 655
8.824699999987473e-05 656
8.836300000014674e-05 655
8.836700000003361e-05 654
8.84870000001925e-05 653
8.849899999985311e-05 654
8.860699999990729e-05 653
8.862899999995122e-05 654
8.86430000002214e-05 655
8.872700000006617e-05 654
8.879399999983661e-05 655
8.884700000022505e-05 654
8.896699999993984e-05 653
8.908700000009873e-05 652
8.914600000009543e-05 653
8.920699999981352e-05 652
8.93269999999724e-05 651
8.94449999999658e-05 652
8.944700000013128e-05 651
8.956699999984608e-05 650
8.968700000000496e-05 649
8.979700000022461e-05 650
8.980700000016384e-05 649
8.987399999993428e-05 650
8.992699999987863e-05 649
9.004700000003751e-05 648
9.009899999989912e-05 649
9.01670000001964e-05 648
9.018300000018797e-05 649
9.028699999991119e-05 648
9.040700000007007e-05 647
9.052699999978486e-05 646
9.055900000021211e-05 647
9.059899999996901e-05 648
9.064699999994374e-05 647
9.076700000010263e-05 646
9.08160000001601e-05 647
9.088699999981742e-05 646
9.089100000014838e-05 645
9.093499999979215e-05 646
9.096500000005392e-05 647
9.101099999986317e-05 646
9.113100000002206e-05 645
9.120700000009307e-05 646
9.125100000018094e-05 645
9.13210000001996e-05 646
9.137099999989573e-05 645
9.149100000005461e-05 644
9.16110000002135e-05 643
9.171499999993671e-05 644
9.173099999992829e-05 643
9.185100000008717e-05 642
9.192299999982723e-05 643
9.197099999980196e-05 642
9.200200000014647e-05 643
9.208700000007397e-05 644
9.209099999996084e-05 643
9.220699999978876e-05 644
9.221100000011972e-05 643
9.224400000018562e-05 644
9.233099999983452e-05 643
9.24509999999934e-05 642
9.245900000021123e-05 643
9.257100000015228e-05 642
9.25949999999176e-05 643
9.269099999986707e-05 642
9.276400000013396e-05 643
9.281100000002596e-05 642
9.286500000005304e-05 643
9.293100000018484e-05 642
9.299400000006841e-05 643
9.305099999989963e-05 642
9.31660000000889e-05 643
9.317100000005851e-05 642
9.321099999981541e-05 643
9.324100000007718e-05 644
9.328699999988643e-05 645
9.32910000002174e-05 644
9.334699999996587e-05 645
9.341099999993219e-05 644
9.341800000006728e-05 645
9.350299999999478e-05 646
9.353100000009107e-05 645
9.365099999980586e-05 644
9.377099999996474e-05 643
9.378599999987358e-05 644
9.389100000012363e-05 643
9.400099999989919e-05 644
9.401099999983842e-05 643
9.401699999989077e-05 644
9.41309999999973e-05 643
9.425100000015618e-05 642
9.431000000015288e-05 643
9.437099999987097e-05 642
9.442999999986768e-05 643
9.446699999982044e-05 644
9.449100000002986e-05 643
9.458699999997933e-05 644
9.461100000018874e-05 643
9.473099999990353e-05 642
9.475299999994746e-05 643
9.485100000006241e-05 642
9.490600000017224e-05 643
9.49710000002213e-05 642
9.502400000016564e-05 643
9.509099999993609e-05 642
9.521100000009497e-05 643
9.521100000009497e-05 642
9.53059999999617e-05 643
9.533099999980976e-05 642
9.545099999996864e-05 641
9.557100000012753e-05 640
9.55750000000144e-05 641
9.569000000020367e-05 642
9.569099999984232e-05 641
9.58110000000012e-05 640
9.587200000016338e-05 641
9.593100000016008e-05 640
9.605099999987488e-05 639
9.617100000003376e-05 638
9.629100000019264e-05 637
9.631399999987522e-05 638
9.634400000013699e-05 639
9.635799999996308e-05 640
9.641099999990743e-05 639
9.648300000009158e-05 640
9.653100000006631e-05 639
9.654200000008828e-05 640
9.664300000000736e-05 641
9.66510000002252e-05 640
9.677099999993999e-05 639
9.677900000015782e-05 640
9.689100000009887e-05 639
9.689899999987261e-05 640
9.701099999981366e-05 639
9.70190000000315e-05 640
9.713099999997254e-05 639
9.725100000013143e-05 638
9.737099999984622e-05 637
9.74910000000051e-05 636
9.761100000016398e-05 635
9.767600000021304e-05 636
9.773099999987878e-05 635
9.785100000003766e-05 634
9.78589999998114e-05 635
9.797100000019654e-05 634
9.809099999991133e-05 633
9.814600000002116e-05 634
9.821100000007021e-05 633
9.833099999978501e-05 632
9.833900000000284e-05 633
9.836899999982052e-05 634
9.845099999994389e-05 633
9.84630000000486e-05 634
9.857100000010277e-05 633
9.869099999981756e-05 632
9.881099999997645e-05 631
9.893100000013533e-05 630
9.905099999985012e-05 629
9.906299999995483e-05 630
9.9171000000009e-05 629
9.929100000016788e-05 628
9.941099999988268e-05 627
9.953100000004156e-05 626
9.965100000020044e-05 625
9.977099999991523e-05 624
9.989100000007411e-05 623
0.00010001099999978891 622
0.00010002299999989361 623
0.00010010700000018247 624
0.00010013099999994779 623
0.00010025100000010667 622
0.00010037099999982146 621
0.00010048800000017621 622
0.00010049099999998035 621
0.00010061100000013923 620
0.00010073099999985402 619
0.00010074299999995873 620
0.0001008510000000129 619
0.00010086300000011761 620
0.0001008769999999437 621
0.00010097100000017178 620
0.0001009829999998324 621
0.00010109099999988658 620
0.00010110299999999128 621
0.0001011860000001974 622
0.00010121100000004546 621
0.00010122300000015017 622
0.00010123699999997626 623
0.00010133100000020434 622
0.00010145099999991913 621
0.00010157100000007802 620
0.00010169099999979281 619
0.00010181099999995169 618
0.00010193100000011057 617
0.00010205099999982536 616
0.00010217099999998425 615
0.00010229100000014313 614
0.00010230299999980375 615
0.00010241099999985792 614
0.0001025310000000168 613
0.00010265100000017569 612
0.00010277099999989048 611
0.00010277500000022144 612
0.00010289100000004936 611
0.00010301100000020824 610
0.00010310399999990949 611
0.00010313099999992303 610
0.00010325100000008192 609
0.00010326300000018662 610
0.00010337099999979671 609
0.00010349099999995559 608
0.0001035030000000603 609
0.00010353299999987797 610
0.00010361100000011447 609
0.00010373099999982927 608
0.00010385099999998815 607
0.00010397100000014703 606
0.00010409099999986182 605
0.0001042110000000207 604
0.00010433100000017959 603
0.00010434799999980982 604
0.00010442999999993319 605
0.00010445099999989438 604
0.00010457100000005326 603
0.00010469100000021214 602
0.00010481099999992693 601
0.00010493100000008582 600
0.00010505099999980061 599
0.00010506299999990532 600
0.00010517099999995949 599
0.00010529100000011837 598
0.00010531800000013192 599
0.00010541099999983317 598
0.00010553099999999205 597
0.00010565100000015093 596
0.00010577099999986572 595
0.00010583400000019338 596
0.0001058910000000246 595
0.00010601100000018349 594
0.00010606599999984923 595
0.00010613099999989828 594
0.00010625100000005716 593
0.00010637100000021604 592
0.00010638299999987666 593
0.00010649099999993084 592
0.00010661100000008972 591
0.00010662300000019442 592
0.00010673099999980451 591
0.00010685099999996339 590
0.00010697100000012227 589
0.00010698299999978289 590
0.00010709099999983707 589
0.00010721099999999595 588
0.00010733100000015483 587
0.00010745099999986962 586
0.0001075710000000285 585
0.00010769100000018739 584
0.00010781099999990218 583
0.00010784600000013356 584
0.00010793100000006106 583
0.00010794300000016577 584
0.00010795699999999187 585
0.00010805100000021994 584
0.00010817099999993474 583
0.00010827600000018478 584
0.00010829100000009362 583
0.00010841099999980841 582
0.00010842299999991312 583
0.00010851399999989297 584
0.00010853099999996729 583
0.00010854400000015474 584
0.00010865100000012617 583
0.00010877099999984097 582
0.00010878299999994567 583
0.00010889099999999985 582
0.00010901100000015873 581
0.00010913099999987352 580
0.0001092510000000324 579
0.00010937100000019129 578
0.00010949099999990608 577
0.00010961100000006496 576
0.00010964599999985225 577
0.00010972000000020188 578
0.00010973100000022384 577
0.00010976600000001113 578
0.00010982299999984235 579
0.00010985099999993864 578
0.00010997100000009752 577
0.00011009099999981231 576
0.00011021099999997119 575
0.0001102230000000759 576
0.00011025299999989358 577
0.00011033100000013008 576
0.00011045099999984487 575
0.00011057100000000375 574
0.00011069100000016263 573
0.00011081099999987742 572
0.00011082299999998213 573
0.0001109310000000363 572
0.00011105100000019519 571
0.00011117099999990998 570
0.00011129100000006886 569
0.00011141099999978366 568
0.00011153099999994254 567
0.00011165100000010142 566
0.00011166300000020613 567
0.0001117590000001556 568
0.00011177099999981621 567
0.00011178899999997327 568
0.0001118909999999751 567
0.00011201100000013398 566
0.00011213099999984877 565
0.00011214299999995347 566
0.00011225100000000765 565
0.00011237100000016653 564
0.00011238299999982715 565
0.00011249099999988132 564
0.0001126110000000402 563
0.00011269800000013319 564
0.00011273100000019909 563
0.00011282799999978721 564
0.00011285099999991388 563
0.00011287400000004055 564
0.00011297100000007276 563
0.00011309099999978756 562
0.00011321099999994644 561
0.00011322300000005114 562
0.00011333100000010532 561
0.00011345099999982011 560
0.00011346299999992482 561
0.000113570999999979 560
0.00011369100000013788 559
0.00011370299999979849 560
0.00011381099999985267 559
0.00011393100000001155 558
0.00011405100000017043 557
0.00011417099999988523 556
0.00011429100000004411 555
0.00011430300000014881 556
0.00011436600000003239 557
0.00011441100000020299 556
0.00011453099999991778 555
0.00011465100000007666 554
0.00011477099999979146 553
0.00011489099999995034 552
0.00011501100000010922 551
0.00011513099999982401 550
0.0001152509999999829 549
0.00011536100000020255 550
0.00011537100000014178 549
0.00011539100000002023 550
0.00011549099999985657 549
0.00011550299999996128 550
0.00011561100000001545 549
0.00011564799999996822 550
0.0001156779999997859 551
0.00011573100000017433 550
0.00011585099999988913 549
0.00011586299999999383 550
0.00011597100000004801 549
0.00011604800000020177 550
0.00011609100000020689 549
0.00011621099999992168 548
0.00011633100000008056 547
0.00011645099999979536 546
0.00011646299999990006 547
0.00011657099999995424 546
0.00011658300000005895 547
0.00011669100000011312 546
0.00011670300000021783 547
0.00011674199999989199 548
0.0001167799999999275 549
0.00011681099999982791 548
0.0001169309999999868 547
0.00011705100000014568 546
0.00011717099999986047 545
0.00011729100000001935 544
0.00011741100000017823 543
0.00011752599999992341 544
0.00011753099999989303 543
0.00011765100000005191 542
0.00011777100000021079 541
0.00011778299999987141 542
0.00011789099999992558 541
0.00011801100000008447 540
0.00011802300000018917 541
0.00011805699999989372 542
0.00011813099999979926 541
0.00011825099999995814 540
0.00011826300000006285 541
0.00011830799999978936 540
0.00011836600000014741 541
0.00011839599999996508 542
0.00011842799999994824 541
0.00011854800000010712 540
0.00011866799999982192 539
0.00011869800000008368 540
0.00011875800000016312 541
0.0001187879999999808 540
0.0001188660000002173 541
0.00011890800000013968 540
0.00011898300000012796 541
0.00011902799999985447 540
0.00011914800000001335 539
0.00011926800000017224 538
0.00011938799999988703 537
0.00011950800000004591 536
0.00011957499999981636 537
0.00011962800000020479 536
0.00011974799999991959 535
0.00011986800000007847 534
0.00011994300000006675 535
0.00011998799999979326 534
0.00012010799999995214 533
0.00012013800000021391 534
0.00012015200000004 535
0.00012022800000011102 534
0.00012034799999982582 533
0.0001204229999998141 534
0.0001204679999999847 533
0.00012058800000014358 532
0.00012070799999985837 531
0.00012074099999992427 532
0.00012082800000001725 531
0.00012090300000000553 532
0.00012094800000017614 531
0.00012106799999989093 530
0.00012115799999978805 531
0.00012117999999983198 532
0.00012118800000004981 531
0.0001213080000002087 530
0.00012142799999992349 529
0.00012154800000008237 528
0.00012162300000007065 529
0.00012166299999982755 530
0.00012166799999979716 529
0.00012174299999978544 530
0.00012178799999995604 529
0.00012186299999994432 530
0.00012190800000011492 529
0.00012202799999982972 528
0.0001221479999999886 527
0.00012222299999997688 528
0.00012226800000014748 527
0.00012238799999986227 526
0.00012247800000020348 527
0.00012250800000002116 526
0.00012262800000018004 525
0.00012274799999989483 524
0.00012286699999997097 525
0.0001228680000000537 524
0.0001229880000002126 523
0.00012308599999988346 524
0.0001231079999999274 523
0.00012322800000008627 522
0.00012334799999980106 521
0.0001233680000001236 522
0.00012346799999995994 521
0.0001235240000001525 522
0.00012358800000011883 521
0.0001236630000001071 522
0.0001236769999999332 523
0.00012370799999983362 522
0.0001238279999999925 521
0.00012394800000015138 520
0.00012406799999986617 519
0.00012409800000012794 520
0.00012418800000002506 519
0.00012426300000001334 520
0.00012429700000016197 521
0.00012430800000018394 520
0.00012431099999998807 521
0.00012442799999989873 520
0.0001245480000000576 519
0.00012465700000019453 520
0.0001246680000002165 519
0.0001247879999999313 518
0.00012486199999983683 519
0.00012490800000009017 518
0.00012502799999980496 517
0.00012514799999996384 516
0.00012526800000012273 515
0.0001252769999999792 516
0.00012538799999983752 515
0.00012541800000009928 516
0.0001254629999998258 517
0.00012548599999995247 518
0.0001255079999999964 517
0.00012562800000015528 516
0.00012574799999987007 515
0.00012586800000002896 514
0.0001259349999997994 515
0.00012598800000018784 514
0.00012610799999990263 513
0.0001261640000000952 514
0.0001262280000000615 513
0.0001263480000002204 512
0.0001264679999999352 511
0.00012658800000009407 510
0.00012670799999980886 509
0.0001268059999999238 510
0.00012682799999996774 509
0.00012686899999980739 510
0.00012694800000012663 509
0.00012695999999978724 510
0.00012706799999984142 509
0.00012707999999994612 510
0.0001271880000000003 509
0.000127200000000105 510
0.00012728299999986703 511
0.00012730800000015918 510
0.00012742799999987398 509
0.00012743999999997868 510
0.00012754800000003286 509
0.00012766800000019174 508
0.00012767999999985236 509
0.00012778799999990653 508
0.00012790800000006541 507
0.0001280280000002243 506
0.00012802899999986295 507
0.0001280559999998765 508
0.0001281479999999391 507
0.00012820400000013166 508
0.00012826800000009797 507
0.00012838799999981276 506
0.00012850799999997164 505
0.00012862800000013053 504
0.00012863999999979114 505
0.00012874799999984532 504
0.0001288680000000042 503
0.00012898800000016308 502
0.0001289999999998237 503
0.00012910799999987788 502
0.00012916400000007044 503
0.0001292170000000148 504
0.00012922800000003676 503
0.00012934800000019564 502
0.00012936400000018722 503
0.00012946799999991043 502
0.00012958599999990383 503
0.00012958800000006931 502
0.0001296160000001656 503
0.0001297079999997841 502
0.000129827999999943 501
0.0001299179999998401 502
0.00012994800000010187 501
0.00012997799999991955 502
0.00013006799999981666 501
0.00013010800000001765 502
0.00013018799999997555 501
0.00013019299999994516 502
0.0001302860000000905 503
0.00013030800000013443 502
0.00013033199999989975 503
0.00013042799999984922 502
0.00013043600000006705 503
0.0001305480000000081 502
0.00013066800000016698 501
0.0001306799999998276 502
0.00013078799999988178 501
0.00013090800000004066 500
0.00013102800000019954 499
0.00013103999999986016 500
0.00013114799999991433 499
0.00013116000000001904 500
0.00013126800000007322 499
0.00013131999999993482 500
0.000131387999999788 499
0.00013148599999990296 500
0.0001315079999999469 499
0.00013162800000010577 498
0.00013165799999992345 499
0.00013172600000022072 500
0.00013174799999982056 499
0.00013183800000016177 500
0.00013186799999997945 499
0.00013198800000013833 498
0.00013210799999985312 497
0.000132228000000012 496
0.000132268000000213 497
0.00013234800000017088 496
0.00013246799999988568 495
0.00013258800000004456 494
0.00013270800000020344 493
0.00013271999999986406 494
0.000132817999999979 495
0.00013282799999991823 494
0.00013284799999979668 495
0.00013294800000007712 494
0.00013295800000001634 495
0.0001329760000001734 496
0.0001330679999997919 495
0.00013309300000008406 496
0.0001331879999999508 495
0.00013330800000010967 494
0.00013342799999982446 493
0.0001334570000000035 494
0.00013354799999998335 493
0.00013366800000014223 492
0.00013378799999985702 491
0.0001339080000000159 490
0.00013402800000017479 489
0.00013414799999988958 488
0.00013426800000004846 487
0.00013438800000020734 486
0.00013450799999992213 485
0.0001345779999999408 486
0.00013462800000008102 485
0.0001347479999997958 484
0.0001348679999999547 483
0.00013489600000005098 484
0.00013496799999979103 485
0.00013498800000011357 484
0.0001349909999999177 485
0.00013510799999982837 484
0.00013511999999993307 485
0.00013522799999998725 484
0.00013524000000009195 485
0.0001353139999999975 486
0.00013534800000014613 485
0.00013546799999986092 484
0.0001355880000000198 483
0.0001356000000001245 484
0.00013562999999994219 485
0.00013566000000020395 486
0.00013567400000003005 487
0.00013570399999984772 488
0.00013570800000017869 487
0.0001357340000001095 488
0.00013574400000004871 489
0.0001357479999999356 490
0.00013582799999989348 489
0.00013594800000005236 488
0.00013596400000004394 489
0.00013606800000021124 488
0.00013618799999992603 487
0.00013622999999984842 488
0.00013628299999979276 489
0.00013630800000008492 488
0.00013632000000018962 489
0.0001364279999997997 488
0.00013645300000009186 489
0.00013648299999990954 490
0.00013653599999985389 491
0.0001365479999999586 490
0.00013656600000011565 491
0.00013659599999993333 492
0.0001366260000001951 493
0.00013666800000011747 492
0.00013678799999983227 491
0.0001368309999998374 492
0.00013688400000022583 493
0.00013690799999999115 492
0.00013699600000016687 493
0.00013700999999999297 494
0.00013702800000015003 493
0.00013714799999986482 492
0.00013715999999996953 493
0.00013719199999995269 494
0.00013722200000021445 495
0.0001372680000000237 494
0.0001372800000001284 495
0.00013737700000016062 496
0.00013738800000018259 495
0.0001374069999999783 496
0.00013743699999979597 497
0.00013750799999989738 496
0.0001375769999998333 497
0.00013762800000005626 496
0.000137676000000031 497
0.00013770599999984867 498
0.00013774800000021514 497
0.00013786199999987758 498
0.00013786799999992994 497
0.00013791599999990467 498
0.00013798800000008882 497
0.00013802100000015471 498
0.00013809500000006025 499
0.0001381079999998036 498
0.0001382279999999625 497
0.00013834800000012137 496
0.00013836000000022608 497
0.00013846799999983617 496
0.00013848899999979736 497
0.00013849200000004558 498
0.00013858799999999505 497
0.00013861600000009133 498
0.000138645999999909 499
0.00013867600000017077 500
0.00013870800000015393 499
0.0001387660000000679 500
0.00013882799999986872 499
0.00013883999999997343 500
0.0001388699999997911 501
0.0001389480000000276 500
0.0001390680000001865 499
0.0001390869999999822 500
0.00013913499999995693 501
0.00013918799999990128 500
0.00013928100000004662 501
0.00013930800000006016 500
0.0001393109999998643 501
0.00013934100000012606 502
0.0001394270000001363 503
0.00013942800000021904 502
0.00013952699999997265 503
0.00013954799999993384 502
0.00013956000000003854 503
0.00013958999999985622 504
0.00013966599999992724 505
0.00013966800000009272 504
0.000139696000000189 505
0.0001397879999998075 504
0.00013983199999989537 505
0.00013986200000015714 506
0.0001399079999999664 505
0.00013991100000021461 506
0.0001399410000000323 507
0.00013997099999984997 508
0.00013998500000012015 509
0.00014002800000012527 508
0.00014005500000013882 509
0.00014010099999994807 510
0.00014014799999984007 509
0.00014016200000011025 510
0.00014019199999992793 511
0.00014025400000017285 512
0.00014026799999999895 511
0.000140333000000048 512
0.0001403780000002186 513
0.00014038800000015783 512
0.00014044100000010218 513
0.00014050799999987262 512
0.00014051999999997733 513
0.000140549999999795 514
0.00014058000000005677 515
0.00014059399999988287 516
0.0001406280000000315 515
0.00014063300000000112 516
0.0001406629999998188 517
0.00014069499999980195 518
0.0001407480000001904 517
0.00014080899999990848 518
0.00014083900000017024 519
0.00014086799999990518 518
0.00014086899999998792 519
0.00014098499999981584 520
0.00014098800000006406 519
0.00014105900000016547 520
0.00014110800000022294 519
0.00014114900000006259 520
0.00014117899999988026 521
0.00014120900000014203 522
0.00014122799999993774 521
0.0001412389999999597 522
0.00014131100000014385 523
0.00014134800000009662 522
0.00014136000000020132 523
0.0001414679999998114 522
0.00014147700000011199 523
0.0001415879999999703 522
0.0001416019999997964 523
0.00014163200000005816 524
0.00014166199999987583 525
0.0001416920000001376 526
0.00014170800000012918 525
0.00014172199999995527 526
0.00014176200000015626 527
0.00014179199999997394 528
0.00014182199999979161 529
0.00014182799999984397 528
0.00014185200000005338 529
0.00014188199999987106 530
0.00014194800000000285 529
0.00014196000000010756 530
0.0001419660000001599 531
0.00014198999999992523 532
0.000142020000000187 533
0.00014205000000000467 534
0.00014206800000016173 533
0.00014207999999982235 534
0.0001421100000000841 535
0.0001421399999999018 536
0.00014218799999987652 535
0.0001422299999997989 536
0.00014226000000006067 537
0.0001423080000000354 536
0.00014231300000000502 537
0.0001423809999998582 538
0.00014241100000011997 539
0.0001424280000001943 538
0.00014244099999993765 539
0.0001424710000001994 540
0.00014250100000001709 541
0.00014254799999990908 540
0.00014262799999986697 541
0.00014265800000012874 542
0.00014266800000006796 541
0.0001426879999999464 542
0.00014278799999978276 541
0.00014279200000011372 542
0.0001428859999998977 543
0.00014290799999994164 542
0.0001429189999999636 543
0.00014302800000010052 542
0.00014305500000011406 543
0.00014308499999993174 544
0.0001431479999998153 543
0.00014318900000009904 544
0.00014321899999991672 545
0.00014324599999993026 546
0.0001432679999999742 545
0.00014338800000013308 544
0.0001434950000001045 545
0.00014350799999984787 544
0.00014356900000001005 545
0.00014360499999988008 546
0.00014362800000000675 545
0.00014363500000014184 546
0.00014366499999995952 547
0.00014369500000022128 548
0.00014374800000016563 547
0.0001437869999998398 548
0.00014386799999988042 547
0.00014387799999981965 548
0.00014390800000008142 549
0.0001439379999998991 550
0.00014396800000016086 551
0.0001439880000000393 550
0.00014399799999997853 551
0.0001440279999997962 552
0.00014403200000012717 553
0.00014405800000005797 554
0.0001441080000001982 553
0.00014412800000007664 554
0.00014415799999989432 555
0.00014421099999983866 556
0.00014422799999991298 555
0.00014424100000010043 556
0.0001443299999999148 557
0.00014434800000007186 556
0.00014436000000017657 557
0.0001444030000001817 558
0.0001444170000000078 559
0.00014445600000012604 560
0.00014446799999978666 559
0.00014454300000021902 560
0.0001445730000000367 561
0.0001445869999998628 562
0.00014458799999994554 561
0.0001446980000001652 562
0.00014470800000010442 561
0.00014472799999998287 562
0.00014475799999980055 563
0.00014477200000007073 564
0.0001448019999998884 565
0.0001448279999998192 564
0.00014483200000015017 565
0.00014486199999996785 566
0.00014489199999978553 567
0.0001449220000000473 568
0.0001449479999999781 567
0.00014495199999986497 568
0.00014498200000012673 569
0.0001450119999999444 570
0.00014504200000020617 571
0.00014506800000013698 570
0.0001451179999998331 571
0.00014514800000009487 572
0.00014517799999991254 573
0.00014518799999985177 572
0.00014530800000001065 571
0.0001453210000001981 572
0.00014535100000001577 573
0.000145407999999847 574
0.00014542800000016953 573
0.00014543800000010876 574
0.00014546799999992643 575
0.0001454980000001882 576
0.00014552800000000587 577
0.00014554799999988433 576
0.00014555799999982355 577
0.00014558800000008532 578
0.000145617999999903 579
0.00014564800000016476 580
0.0001456680000000432 579
0.00014567799999998243 580
0.0001457079999998001 581
0.00014573800000006187 582
0.00014576799999987955 583
0.0001457880000002021 582
0.00014579800000014131 583
0.0001458119999999674 584
0.0001458419999997851 585
0.00014587200000004685 586
0.00014588599999987295 587
0.00014590799999991688 586
0.00014591600000013472 587
0.00014602800000007576 586
0.00014613700000021268 587
0.00014614799999979056 586
0.00014619799999993077 587
0.00014626799999994944 586
0.0001463329999999985 587
0.0001463780000001691 588
0.00014638800000010832 587
0.000146458000000127 588
0.00014648799999994466 589
0.0001465079999998231 588
0.00014651800000020643 589
0.0001465480000000241 590
0.00014657799999984178 591
0.00014660800000010354 592
0.000146627999999982 591
0.00014663799999992122 592
0.00014666800000018299 593
0.00014669800000000066 594
0.00014672799999981834 595
0.00014674800000014088 594
0.0001467580000000801 595
0.00014678799999989778 596
0.00014681800000015954 597
0.00014684799999997722 598
0.00014686799999985567 597
0.0001468779999997949 598
0.00014690800000005666 599
0.00014693799999987434 600
0.00014697200000002297 601
0.00014698800000001455 600
0.00014700199999984065 601
0.0001471070000000907 602
0.00014710800000017343 601
0.00014713699999990837 602
0.00014716700000017013 603
0.0001471969999999878 604
0.00014722799999988823 603
0.00014728299999999805 604
0.00014731299999981573 605
0.0001473430000000775 606
0.0001473480000000471 605
0.00014737299999989517 606
0.00014740300000015694 607
0.0001474329999999746 608
0.0001474629999997923 609
0.000147468000000206 608
0.00014749300000005405 609
0.00014752299999987173 610
0.0001475530000001335 611
0.0001475860000001994 612
0.00014758799999992078 611
0.00014761600000001707 612
0.00014764599999983474 613
0.0001476760000000965 614
0.00014770599999991418 615
0.00014770800000007966 614
0.00014773600000017595 615
0.00014776599999999362 616
0.0001477959999998113 617
0.00014782600000007307 618
0.00014782799999979446 617
0.00014785599999989074 618
0.0001478860000001525 619
0.0001478999999999786 620
0.00014792999999979628 621
0.00014794799999995334 620
0.0001479729999998014 621
0.00014806800000011222 620
0.0001480979999999299 621
0.00014818799999982701 620
0.00014822400000014113 621
0.00014829699999996393 622
0.0001483079999999859 621
0.0001483270000002257 622
0.0001483719999999522 623
0.0001483860000002224 624
0.00014841800000020555 625
0.00014842800000014478 624
0.00014844800000002323 625
0.0001484779999998409 626
0.00014850800000010267 627
0.00014853799999992034 628
0.00014854799999985957 627
0.0001485680000001821 628
0.00014859799999999979 629
0.00014862799999981746 630
0.00014866800000001845 629
0.0001487020000001671 630
0.00014873199999998477 631
0.00014876199999980244 632
0.00014878800000017733 631
0.0001487920000000642 632
0.0001488059999998903 633
0.00014887300000010484 634
0.00014890299999992251 635
0.00014890799999989213 634
0.00014893300000018428 635
0.000149028000000051 634
0.0001490629999998383 635
0.00014909900000015242 636
0.0001491480000002099 635
0.00014917500000022343 636
0.00014918900000004953 637
0.0001492189999998672 638
0.00014924900000012897 639
0.00014926799999992468 638
0.00014927899999994665 639
0.00014930900000020841 640
0.0001493579999998218 641
0.00014938800000008357 640
0.00014939300000005318 641
0.00014946599999987598 642
0.00014949600000013774 643
0.00014950799999979836 642
0.00014952599999995542 643
0.00014955600000021718 644
0.00014958600000003486 645
0.00014961599999985253 646
0.00014962799999995724 645
0.0001496460000001143 646
0.00014967599999993197 647
0.00014974800000011612 646
0.00014976300000002496 647
0.00014977699999985106 648
0.00014983099999987814 649
0.00014986799999983091 648
0.00014987999999993562 649
0.00014991000000019739 650
0.00014992500000010622 649
0.00014994000000001506 650
0.00015004499999982102 649
0.00015010200000009633 648
0.00015012599999986165 649
0.00015014299999993597 650
0.00015022199999981112 649
0.00015031700000012194 650
0.00015034199999997 649
0.0001503469999999396 650
0.00015046200000012888 649
0.0001504670000000985 650
0.00015049900000008165 651
0.0001505729999999872 652
0.00015058199999984367 651
0.0001506039999998876 652
0.00015064300000000586 653
0.00015065699999983195 654
0.00015070200000000256 653
0.00015071900000007687 654
0.0001507929999999824 655
0.00015082200000016144 654
0.0001509180000001109 655
0.00015094199999987623 654
0.00015094799999992858 655
0.00015097800000019035 656
0.00015100800000000802 657
0.0001510379999998257 658
0.0001510620000000351 657
0.00015106800000008747 658
0.00015108199999991356 659
0.00015111200000017533 660
0.00015117199999981068 661
0.000151182000000194 660
0.00015120200000007245 661
0.00015128300000011308 662
0.0001513019999999088 661
0.00015138900000000177 662
0.00015140299999982787 663
0.00015142200000006767 662
0.00015143300000008963 663
0.0001514629999999073 664
0.00015149300000016908 665
0.00015154199999978246 664
0.0001515759999999311 665
0.00015157700000001384 666
0.00015161100000016248 667
0.00015165800000005447 668
0.00015166199999994134 667
0.00015172099999993804 668
0.0001517510000001998 669
0.00015178200000010023 668
0.00015185300000020163 669
0.0001518830000000193 670
0.00015190199999981502 669
0.00015191299999983698 670
0.00015194300000009875 671
0.00015197299999991642 672
0.0001520030000001782 673
0.0001520219999999739 672
0.00015203299999999587 673
0.00015211099999978828 674
0.00015214100000005004 675
0.00015214200000013278 674
0.00015217099999986772 675
0.00015220100000012948 676
0.00015225400000007383 677
0.00015226199999984757 676
0.0001523429999998882 677
0.00015237300000014997 678
0.00015238200000000646 677
0.00015240299999996765 678
0.00015243299999978532 679
0.0001524630000000471 680
0.00015249299999986476 681
0.00015250200000016534 680
0.00015255699999983108 681
0.00015262199999988013 680
0.000152742000000039 681
0.000152742000000039 680
0.0001527839999999614 681
0.00015284099999979261 682
0.0001528620000001979 681
0.00015287100000005438 682
0.00015288900000021144 683
0.00015291900000002911 682
0.00015293600000010343 683
0.00015300399999995662 684
0.00015303400000021838 685
0.000153039000000188 684
0.00015304699999996174 685
0.00015306400000003606 686
0.00015309399999985374 687
0.0001531240000001155 688
0.00015314100000018982 689
0.0001531589999999028 688
0.00015327599999981345 689
0.00015327900000006167 688
0.00015339100000000272 689
0.00015339900000022055 688
0.0001534209999998204 689
0.00015345100000008216 690
0.00015348099999989984 691
0.00015349500000017002 692
0.00015351899999993535 691
0.0001535249999999877 692
0.00015355499999980537 693
0.00015356900000007556 694
0.00015360100000005872 695
0.00015362099999993717 696
0.0001536309999998764 697
0.00015363900000009423 696
0.00015366100000013816 697
0.00015369099999995584 698
0.0001537210000002176 699
0.0001537350000000437 700
0.00015375899999980902 699
0.00015376499999986137 700
0.00015379500000012314 701
0.00015380899999994924 702
0.0001538409999999324 703
0.0001538789999999679 702
0.00015392099999989028 703
0.00015393500000016047 704
0.0001539710000000305 705
0.00015399900000012678 704
0.00015400099999984818 705
0.00015403100000010994 706
0.000154055999999958 705
0.00015406099999992762 706
0.00015409100000018938 707
0.00015412100000000706 708
0.00015415099999982473 709
0.00015417600000011689 708
0.0001541810000000865 709
0.00015421099999990417 710
0.0001542329999999481 709
0.00015424100000016594 710
0.00015428900000014067 711
0.00015429000000022342 710
0.00015431899999995835 711
0.00015434700000005463 710
0.00015438199999984192 711
0.0001544120000001037 712
0.00015444199999992136 713
0.00015446700000021352 712
0.00015447200000018313 713
0.00015448600000000923 714
0.0001545420000002018 715
0.00015457200000001947 716
0.0001545869999999283 715
0.00015460199999983715 716
0.0001546320000000989 717
0.0001546619999999166 718
0.0001547070000000872 717
0.00015474400000003996 718
0.0001547639999999184 717
0.00015477399999985764 718
0.0001548040000001194 719
0.0001548179999999455 720
0.00015484800000020726 721
0.00015487800000002494 722
0.0001548840000000773 721
0.00015490799999984262 722
0.00015493800000010438 723
0.0001549409999999085 722
0.00015496799999992206 723
0.00015499800000018382 724
0.0001550280000000015 725
0.00015505799999981917 726
0.0001550610000000674 725
0.00015508800000008094 726
0.00015511799999989861 727
0.00015511799999989861 726
0.00015514800000016038 727
0.00015517500000017392 726
0.00015517799999997806 727
0.0001551809999997822 728
0.00015520799999979573 729
0.0001552380000000575 730
0.00015526799999987517 731
0.00015529499999988872 730
0.00015529800000013694 731
0.0001553279999999546 732
0.00015535800000021638 733
0.00015538800000003405 734
0.0001554150000000476 733
0.00015541799999985173 734
0.0001554480000001135 735
0.00015547199999987882 734
0.00015547799999993117 735
0.00015550800000019294 736
0.00015552900000015413 735
0.0001555380000000106 736
0.0001555679999998283 737
0.00015559800000009005 738
0.00015562799999990773 739
0.00015564899999986892 738
0.0001556580000001695 739
0.00015568799999998717 740
0.00015571799999980485 741
0.0001557480000000666 742
0.0001557690000000278 741
0.0001557779999998843 742
0.00015580800000014605 743
0.00015583799999996373 744
0.0001558680000002255 745
0.00015588900000018668 744
0.00015589800000004317 745
0.00015592799999986084 746
0.0001559460000000179 745
0.0001559580000001226 746
0.00015598799999994029 747
0.00015600299999984912 746
0.00015601800000020205 747
0.00015604800000001973 748
0.00015606600000017679 749
0.0001560779999998374 750
0.00015610800000009917 751
0.000156123000000008 750
0.00015613799999991684 751
0.0001561680000001786 752
0.00015618800000005706 753
0.00015619799999999628 754
0.00015622799999981396 755
0.0001562430000001669 754
0.00015625800000007573 755
0.0001562879999998934 756
0.0001562999999999981 755
0.00015631800000015517 756
0.00015633199999998126 757
0.00015635699999982933 756
0.00015636199999979894 757
0.0001563920000000607 758
0.00015642199999987838 759
0.00015645200000014015 760
0.0001564769999999882 759
0.00015648199999995782 760
0.0001565120000002196 761
0.00015652600000004568 762
0.00015655599999986336 763
0.00015658600000012513 764
0.0001565970000001471 763
0.0001566159999999428 764
0.00015664600000020457 765
0.00015666600000008302 766
0.00015667600000002224 767
0.00015670599999983992 768
0.00015671699999986188 767
0.00015673600000010168 768
0.00015676599999991936 769
0.0001567740000001372 768
0.00015679600000018112 769
0.0001568259999999988 770
0.00015685599999981648 771
0.00015688600000007824 772
0.00015689399999985199 771
0.00015691599999989592 772
0.00015694600000015768 773
0.0001569510000001273 772
0.00015697599999997536 773
0.00015700599999979303 774
0.00015700799999995851 773
0.0001570360000000548 774
0.00015706499999978973 773
0.00015706599999987247 774
0.00015709600000013424 775
0.00015709700000021698 776
0.00015712200000006504 775
0.00015712599999995192 776
0.00015715600000021368 777
0.00015717899999989626 776
0.00015718600000003136 777
0.00015721599999984903 778
0.0001572460000001108 779
0.00015727599999992847 780
0.00015729900000005514 779
0.00015730600000019024 780
0.00015733600000000791 781
0.0001573659999998256 782
0.00015739600000008735 783
0.00015741900000021403 782
0.00015742599999990503 783
0.0001574560000001668 784
0.00015748599999998447 785
0.00015751599999980215 786
0.00015753899999992882 785
0.0001575460000000639 786
0.0001575759999998816 787
0.00015760600000014335 788
0.00015763599999996103 789
0.0001576590000000877 788
0.0001576660000002228 789
0.00015769600000004047 790
0.00015771599999991892 789
0.00015772599999985815 790
0.0001577560000001199 791
0.0001577859999999376 792
0.00015781600000019935 793
0.0001578360000000778 792
0.00015784600000001703 793
0.0001578759999998347 794
0.00015789299999990902 793
0.00015790600000009647 794
0.00015793599999991415 795
0.0001579660000001759 796
0.00015799599999999359 797
0.0001580130000000679 796
0.00015802599999981126 797
0.00015805600000007303 798
0.0001580859999998907 799
0.00015811600000015247 800
0.0001581329999997827 799
0.00015814599999997014 800
0.00015817599999978782 801
0.000158190000000058 800
0.00015820600000004958 801
0.00015823400000014587 802
0.00015823599999986726 803
0.00015826600000012903 804
0.0001582959999999467 805
0.0001583100000002169 804
0.00015832600000020847 805
0.00015835600000002614 806
0.00015838599999984382 807
0.00015841600000010558 808
0.00015842999999993168 807
0.00015844599999992326 808
0.00015847600000018502 809
0.0001585060000000027 810
0.00015852099999991154 811
0.00015853599999982038 812
0.00015855000000009056 811
0.00015856600000008214 812
0.00015859599999989982 813
0.00015862600000016158 814
0.00015865599999997926 815
0.00015866999999980536 816
0.00015866999999980536 815
0.00015870000000006712 816
0.0001587299999998848 817
0.00015876000000014656 818
0.00015878999999996424 819
0.00015878999999996424 818
0.000158820000000226 819
0.00015884699999979546 818
0.00015885000000004368 819
0.00015887999999986135 820
0.00015889400000013154 821
0.00015892399999994922 822
0.00015895400000021098 823
0.00015896699999995434 822
0.00015898400000002866 823
0.00015901399999984633 824
0.0001590440000001081 825
0.00015907399999992577 826
0.00015908700000011322 825
0.00015910400000018754 826
0.00015913400000000522 827
0.00015914399999994444 826
0.0001591639999998229 827
0.00015919400000008466 828
0.00015922399999990233 829
0.00015923800000017252 830
0.00015926400000010332 829
0.0001592679999999902 830
0.00015929799999980787 831
0.00015932800000006964 832
0.0001593579999998873 833
0.00015938399999981812 832
0.00015938800000014908 833
0.00015941799999996675 834
0.00015944799999978443 835
0.0001594780000000462 836
0.000159503999999977 835
0.00015950799999986387 836
0.00015953800000012563 837
0.0001595679999999433 838
0.00015959800000020508 839
0.00015962400000013588 838
0.00015962800000002275 839
0.00015965799999984043 840
0.0001596880000001022 841
0.00015971799999991987 842
0.00015974399999985067 841
0.00015974800000018163 842
0.0001597779999999993 843
0.00015980799999981699 844
0.00015983800000007875 845
0.00015986400000000955 844
0.00015986799999989643 845
0.0001598980000001582 846
0.00015992799999997587 847
0.00015995799999979354 848
0.00015997200000006373 849
0.00015998400000016844 848
0.0001600019999998814 849
0.00016003200000014317 850
0.00016006199999996085 851
0.0001600920000002226 852
0.00016010399999988323 851
0.0001601060000000487 852
0.00016013599999986639 853
0.00016016600000012815 854
0.00016019599999994583 855
0.0001602240000000421 854
0.0001602260000002076 855
0.00016025600000002527 856
0.00016026999999985136 857
0.00016028099999987333 856
0.00016030000000011313 857
0.0001603299999999308 858
0.00016033800000014864 857
0.00016036000000019257 858
0.00016039000000001025 859
0.00016041999999982792 860
0.0001604500000000897 861
0.00016045799999986343 860
0.00016047999999990736 861
0.00016051000000016913 862
0.0001605399999999868 863
0.00016056999999980448 864
0.00016057800000002231 863
0.00016060000000006625 864
0.00016062999999988392 865
0.00016066000000014569 866
0.00016068999999996336 867
0.0001606980000001812 866
0.00016070399999978946 867
0.00016073400000005122 868
0.0001607639999998689 869
0.00016079400000013067 870
0.000160817999999896 869
0.00016082399999994834 870
0.0001608540000002101 871
0.00016088400000002778 872
0.00016091399999984546 873
0.00016093800000005487 872
0.00016094400000010722 873
0.0001609739999999249 874
0.00016100400000018666 875
0.00016103400000000434 876
0.00016105800000021375 875
0.00016106399999982202 876
0.0001610780000000922 877
0.00016110799999990988 878
0.00016113800000017164 879
0.00016116799999998932 880
0.00016117799999992855 879
0.000161197999999807 880
0.00016122800000006876 881
0.00016125799999988644 882
0.00016127200000015662 883
0.00016129800000008743 882
0.0001613019999999743 883
0.00016133199999979198 884
0.00016136200000005374 885
0.00016139199999987142 886
0.00016141799999980222 885
0.00016142200000013318 886
0.00016145199999995086 887
0.00016146600000022104 888
0.00016147500000007753 887
0.00016149600000003872 888
0.00016150999999986482 889
0.00016154000000012658 890
0.00016156999999994426 891
0.00016159499999979232 890
0.00016160000000020602 891
0.0001616300000000237 892
0.00016165999999984138 893
0.00016169000000010314 894
0.0001617149999999512 893
0.00016171999999992082 894
0.00016175000000018258 895
0.00016178000000000026 896
0.00016179399999982635 897
0.00016180800000009654 898
0.00016183500000011009 897
0.00016183799999991422 898
0.00016186800000017598 899
0.0001618919999999413 898
0.00016189799999999366 899
0.00016192799999981133 900
0.0001619580000000731 901
0.00016198799999989077 902
0.00016200200000016096 903
0.0001620120000001002 902
0.00016203199999997864 903
0.0001620619999997963 904
0.00016209200000005808 905
0.00016212199999987575 906
0.00016213199999981498 905
0.00016215200000013752 906
0.0001621819999999552 907
0.00016221200000021696 908
0.00016222600000004306 909
0.00016225199999997386 908
0.00016225599999986073 909
0.0001622860000001225 910
0.00016230899999980508 909
0.00016231599999994017 910
0.00016234600000020194 911
0.00016237600000001962 912
0.0001624059999998373 913
0.00016242899999996396 912
0.00016243600000009906 913
0.00016246599999991673 914
0.00016248000000018692 915
0.0001625100000000046 916
0.00016253999999982227 917
0.00016254900000012285 916
0.00016257000000008404 917
0.0001625999999999017 918
0.00016263000000016348 919
0.00016265999999998115 920
0.00016266899999983764 919
0.00016268999999979883 920
0.0001627200000000606 921
0.0001627339999998867 922
0.00016276400000014846 923
0.00016278899999999652 922
0.00016279399999996613 923
0.0001628239999997838 924
0.00016285400000004557 925
0.00016286799999987167 926
0.00016289800000013344 927
0.0001629090000001554 926
0.0001629279999999511 927
0.00016295800000021288 928
0.00016298800000003055 929
0.00016301799999984823 930
0.0001630289999998702 929
0.00016304800000011 930
0.00016307799999992767 931
0.00016310800000018943 932
0.0001631380000000071 933
0.00016314900000002908 932
0.0001631679999998248 933
0.00016319800000008655 934
0.00016322799999990423 935
0.000163258000000166 936
0.00016326900000018796 935
0.00016328799999998367 936
0.00016331799999980134 937
0.0001633480000000631 938
0.00016337799999988079 939
0.00016338899999990275 938
0.00016340800000014255 939
0.00016343799999996023 940
0.000163468000000222 941
0.00016349800000003967 942
0.00016350900000006163 941
0.00016352799999985734 942
0.0001635580000001191 943
0.00016356599999989285 942
0.00016358799999993678 943
0.00016361800000019855 944
0.00016364800000001622 945
0.0001636779999998339 946
0.00016368600000005173 945
0.00016370800000009567 946
0.00016373799999991334 947
0.0001637680000001751 948
0.00016379799999999278 949
0.00016380600000021062 948
0.00016382799999981046 949
0.00016385800000007222 950
0.00016387199999989832 951
0.00016390200000016009 952
0.0001639259999999254 951
0.00016393199999997776 952
0.00016396199999979544 953
0.0001639920000000572 954
0.00016402199999987488 955
0.0001640460000000843 954
0.00016405200000013664 955
0.00016406599999996274 956
0.0001640960000002245 957
0.00016412600000004218 958
0.00016415599999985986 959
0.00016416599999979908 958
0.00016418600000012162 959
0.0001642159999999393 960
0.00016424600000020106 961
0.00016427600000001874 962
0.00016428599999995797 961
0.00016430599999983642 962
0.00016433600000009818 963
0.00016436599999991586 964
0.00016439600000017762 965
0.00016440600000011685 964
0.0001644259999999953 965
0.0001644399999998214 966
0.00016447000000008316 967
0.00016449999999990084 968
0.00016452599999983164 967
0.0001645300000001626 968
0.00016455999999998028 969
0.00016457399999980638 970
0.00016460400000006814 971
0.00016463399999988582 972
0.00016464599999999052 971
0.00016466400000014758 972
0.00016469399999996526 973
0.00016472399999978293 974
0.0001647540000000447 975
0.0001647660000001494 974
0.00016478399999986237 975
0.00016481400000012414 976
0.00016484399999994181 977
0.00016487400000020358 978
0.0001648859999998642 977
0.00016489400000008203 978
0.00016490400000002126 979
0.00016493399999983893 980
0.0001649640000001007 981
0.0001649779999999268 982
0.00016499200000019698 983
0.00016500600000002308 982
0.00016502200000001466 983
0.00016505199999983233 984
0.0001650629999998543 983
0.0001650820000000941 984
0.0001650959999999202 985
0.00016512600000018196 986
0.00016514000000000806 987
0.00016516999999982573 988
0.00016518300000001318 987
0.0001652000000000875 988
0.0001652399999998444 987
0.00016528700000018048 988
0.0001652970000001197 987
0.00016535700000019915 988
0.00016537100000002525 989
0.0001654169999998345 988
0.00016545800000011823 989
0.00016553699999999338 988
0.00016561699999995128 989
0.00016563500000010833 990
0.00016565700000015227 989
0.00016571399999998349 988
0.00016574099999999703 989
0.00016583300000005963 990
0.00016583400000014237 989
0.00016595399999985716 988
0.00016607400000001604 987
0.00016611499999985568 988
0.00016619400000017492 987
0.00016631399999988972 986
0.00016642300000002663 987
0.0001664340000000486 986
0.00016655400000020748 985
0.00016658899999999477 986
0.00016667399999992227 985
0.00016679400000008116 984
0.00016682899999986844 985
0.00016685099999991237 984
0.00016697100000007126 983
0.00016709099999978605 982
0.0001671540000001137 983
0.00016721099999994493 982
0.00016722099999988416 983
0.0001673210000001646 984
0.0001673310000001038 983
0.0001674509999998186 982
0.00016755600000006865 983
0.0001675709999999775 982
0.00016769100000013637 981
0.00016781099999985116 980
0.00016790299999991376 981
0.00016793100000001004 980
0.00016797199999984969 981
0.00016802300000007264 982
0.00016805100000016893 981
0.0001681659999999141 982
0.00016817099999988372 981
0.0001682700000000814 982
0.0001682910000000426 981
0.00016841100000020148 980
0.0001684680000000327 979
0.00016857100000011727 980
0.00016858800000019158 979
0.00016863000000011397 980
0.00016870799999990638 979
0.00016882800000006526 978
0.00016888499999989648 977
0.00016894100000008905 978
0.00016900500000005536 977
0.00016912500000021424 976
0.00016924499999992904 975
0.00016933699999999163 976
0.00016936500000008792 975
0.00016945700000015052 976
0.0001694849999998027 975
0.0001696049999999616 974
0.0001696619999997928 973
0.0001697819999999517 972
0.00016990200000011058 971
0.00017002199999982537 970
0.00017011399999988797 971
0.00017014199999998425 970
0.00017026200000014313 969
0.00017038199999985792 968
0.00017047399999992052 969
0.0001705020000000168 968
0.00017055899999984803 967
0.00017056700000006586 968
0.0001706790000000069 967
0.0001707990000001658 966
0.00017091899999988058 965
0.00017103900000003947 964
0.00017113100000010206 965
0.00017115900000019835 964
0.00017127899999991314 963
0.00017133600000018845 962
0.00017145599999990324 961
0.00017149100000013462 962
0.00017157600000006212 961
0.000171696000000221 960
0.0001718159999999358 959
0.00017192399999998997 960
0.00017193600000009468 959
0.00017205599999980947 958
0.00017217599999996835 957
0.00017223299999979957 956
0.00017235299999995846 955
0.00017247300000011734 954
0.00017259299999983213 953
0.00017265000000010744 952
0.00017276999999982223 951
0.00017288999999998111 950
0.0001729039999998072 951
0.00017293400000006898 952
0.00017294699999981233 951
0.0001729820000000437 952
0.00017304399999984454 953
0.00017306699999997122 952
0.00017312399999980244 951
0.00017317000000005578 952
0.00017324399999996132 951
0.0001733640000001202 950
0.000173483999999835 949
0.00017360399999999387 948
0.00017365500000021683 949
0.000173693999999891 950
0.00017372400000015276 949
0.0001738030000000279 950
0.00017384399999986755 949
0.00017387800000001619 950
0.00017390100000014286 949
0.00017402099999985765 948
0.00017414100000001653 947
0.00017426100000017541 946
0.0001742650000000623 947
0.00017436599999998137 948
0.0001743809999998902 947
0.00017443800000016552 946
0.0001745579999998803 945
0.0001746780000000392 944
0.00017479800000019807 943
0.0001748550000000293 942
0.00017497500000018817 941
0.0001750320000000194 940
0.00017505000000017645 941
0.00017507999999999413 942
0.00017508899999985061 941
0.0001752090000000095 940
0.00017521899999994872 941
0.00017532900000016838 940
0.00017540199999999118 941
0.00017542299999995237 942
0.00017544899999988317 941
0.00017545300000021413 942
0.0001754830000000318 943
0.00017551299999984948 944
0.00017552700000011967 945
0.00017556900000004205 944
0.00017562599999987327 943
0.00017568300000014858 942
0.000175714000000049 943
0.0001757399999999798 942
0.00017574399999986667 943
0.00017575800000013686 944
0.00017578799999995454 945
0.0001758180000002163 946
0.00017586000000013868 945
0.00017597999999985348 944
0.00017600099999981467 945
0.00017610000000001236 944
0.00017617799999980477 945
0.00017622000000017124 944
0.00017633999999988603 943
0.00017636900000006506 944
0.00017641200000007018 945
0.00017642599999989628 946
0.00017646000000004491 945
0.00017646700000018 946
0.00017649699999999768 947
0.00017653000000006358 948
0.00017656400000021222 949
0.0001765800000002038 948
0.0001765940000000299 949
0.000176607999999856 950
0.00017663800000011776 951
0.0001766999999999186 950
0.00017670900000021916 951
0.00017672300000004526 952
0.00017682000000007747 951
0.0001768630000000826 952
0.00017693999999979226 951
0.00017699700000006757 950
0.0001770259999998025 951
0.00017709400000009978 952
0.00017710799999992588 953
0.00017711699999978237 952
0.00017719899999990574 953
0.00017723699999994125 952
0.00017732900000000384 953
0.00017735700000010013 952
0.00017747699999981492 951
0.00017749399999988924 952
0.000177524000000151 953
0.00017755399999996868 954
0.00017758399999978636 955
0.0001775969999999738 954
0.00017761400000004812 955
0.00017765399999980502 954
0.00017775000000019858 955
0.0001777739999999639 954
0.00017778000000001626 955
0.0001778940000001228 954
0.00017801399999983758 953
0.00017803499999979877 954
0.00017806500000006054 955
0.0001780949999998782 956
0.00017813399999999646 955
0.00017825400000015534 954
0.00017837399999987014 953
0.00017839400000019268 954
0.00017847800000003744 955
0.00017849400000002902 954
0.00017851999999995982 955
0.00017853399999978592 956
0.0001786140000001879 955
0.00017864500000008832 956
0.0001787339999999027 955
0.0001787809999997947 956
0.00017885400000006157 955
0.0001789680000001681 956
0.00017897400000022046 955
0.0001790270000001648 956
0.0001790409999999909 957
0.00017909399999993525 956
0.00017912900000016663 957
0.00017915100000021056 956
0.00017927099999992535 955
0.00017927800000006044 956
0.00017930799999987812 957
0.0001793220000001483 958
0.00017939100000008423 957
0.00017942499999978878 958
0.00017945700000021603 959
0.0001794870000000337 960
0.00017951099999979903 959
0.00017962300000018416 960
0.0001796309999999579 959
0.00017965300000000184 960
0.0001797510000001168 959
0.00017976200000013876 960
0.00017979800000000878 961
0.00017987099999983158 960
0.00017999099999999046 959
0.00018006599999997874 960
0.00018011100000014935 959
0.00018017000000014605 960
0.00018019999999996372 961
0.0001802300000002255 962
0.00018023099999986414 961
0.00018024400000005159 962
0.00018035100000002302 961
0.00018039199999986266 962
0.00018044099999992014 963
0.0001804710000001819 962
0.0001805649999999659 963
0.000180578999999792 964
0.0001805909999998967 963
0.00018071100000005558 962
0.0001807679999998868 961
0.00018076899999996954 962
0.00018087400000021958 963
0.00018088800000004568 962
0.00018092899999988532 963
0.00018100800000020456 962
0.0001810490000000442 963
0.00018112799999991935 962
0.00018124800000007824 961
0.00018127400000000904 962
0.00018130499999990946 961
0.0001813059999999922 962
0.00018134699999983184 963
0.0001813859999999501 964
0.00018142500000006834 963
0.00018147699999992994 964
0.0001815070000001917 965
0.0001815210000000178 966
0.00018154499999978313 965
0.00018155099999983548 966
0.00018164399999998082 967
0.000181664999999942 966
0.0001817850000001009 965
0.00018188300000021584 966
0.00018190499999981569 965
0.0001819290000000251 966
0.00018202499999997457 965
0.00018214500000013345 964
0.00018220199999996467 963
0.0001822589999997959 962
0.00018230000000007962 963
0.0001823160000000712 962
0.0001823960000000291 963
0.000182435999999786 962
0.0001824930000000613 961
0.00018261300000022018 960
0.00018270400000020004 961
0.00018273299999993498 960
0.0001827880000000448 961
0.00018285300000009386 960
0.0001828939999999335 961
0.00018290999999992508 960
0.00018303000000008396 959
0.00018308699999991518 958
0.0001831280000001989 959
0.00018320700000007406 958
0.00018323799999997448 959
0.00018329400000016705 960
0.00018332699999978885 959
0.00018344699999994774 958
0.00018346699999982619 959
0.00018350400000022304 958
0.00018362399999993784 957
0.00018366500000022157 958
0.00018368100000021315 957
0.00018373800000004437 956
0.0001837810000000495 957
0.00018385800000020325 956
0.00018397799999991804 955
0.00018402499999981003 956
0.00018409800000007692 955
0.00018421799999979172 954
0.00018427500000006702 953
0.00018434600000016843 954
0.0001843950000002259 953
0.0001845149999999407 952
0.00018456100000019404 953
0.00018463500000009958 952
0.0001846919999999308 951
0.00018472799999980083 952
0.0001847490000002061 951
0.00018476800000000182 952
0.0001848689999999209 951
0.00018498900000007978 950
0.000185045999999911 949
0.00018516600000006989 948
0.0001852229999999011 947
0.00018527400000012406 948
0.0001853270000000684 949
0.00018534300000006 948
0.00018546300000021887 947
0.00018556900000010756 948
0.00018558299999993366 947
0.00018569900000020567 948
0.00018570300000009254 947
0.00018581100000014672 948
0.00018582299999980734 947
0.00018582499999997282 948
0.00018594299999996622 947
0.00018599999999979744 946
0.00018605899999979414 947
0.00018611999999995632 946
0.00018618899999989225 947
0.0001862400000001152 946
0.00018633000000001232 947
0.00018635999999983 946
0.00018647999999998888 945
0.00018660000000014776 944
0.00018665699999997898 943
0.00018677700000013786 942
0.00018680900000012102 943
0.00018689699999985265 942
0.00018690000000010087 943
0.00018695400000012796 942
0.00018707399999984275 941
0.00018709499999980395 942
0.00018713100000011806 941
0.00018719600000016712 942
0.00018725099999983286 941
0.0001873489999999478 942
0.00018737099999999174 941
0.00018749100000015062 940
0.0001876109999998654 939
0.00018766800000014072 938
0.0001876979999999584 939
0.00018772800000022016 940
0.00018775800000003784 941
0.00018778799999985551 942
0.00018778799999985551 941
0.0001879080000000144 940
0.00018793299999986246 941
0.0001879740000001462 942
0.00018800399999996387 943
0.00018802800000017328 942
0.00018809999999991334 943
0.0001881300000001751 944
0.00018814799999988807 943
0.00018823399999989832 944
0.00018826800000004695 943
0.00018834900000008759 944
0.00018838800000020584 943
0.0001884529999998108 944
0.00018850799999992063 943
0.00018851399999997298 944
0.0001885779999999393 945
0.00018860800000020106 946
0.0001886280000000795 945
0.00018865000000012344 946
0.00018870499999978918 947
0.0001887479999997943 946
0.00018874999999995978 947
0.00018881100000012196 948
0.00018886799999995318 947
0.00018898800000011207 946
0.000189010000000156 947
0.00018903999999997367 948
0.00018905399999979977 949
0.00018910100000013585 950
0.00018910799999982686 949
0.00018913099999995353 950
0.0001891610000002153 951
0.00018916500000010217 950
0.0001891750000000414 951
0.0001891889999998675 952
0.00018921900000012926 953
0.00018924899999994693 954
0.00018926300000021712 955
0.00018928499999981696 954
0.00018930400000005676 955
0.00018933399999987444 956
0.0001893640000001362 957
0.0001893779999999623 958
0.00018939399999995388 959
0.00018940499999997584 958
0.00018952500000013472 957
0.00018958199999996594 956
0.00018963899999979716 955
0.00018967000000014167 956
0.00018975899999995605 955
0.00018982500000008784 956
0.00018986499999984474 957
0.00018987900000011493 956
0.0001898950000001065 957
0.0001899540000001032 958
0.00018999899999982972 957
0.00019005799999982642 958
0.0001901189999999886 957
0.00019012399999995822 958
0.0001901850000001204 959
0.00019022599999996004 960
0.00019023900000014748 959
0.00019029700000006144 960
0.00019035899999986228 959
0.00019046199999994684 960
0.00019047900000002116 959
0.00019059900000018004 958
0.00019071500000000796 959
0.00019071899999989483 958
0.00019074999999979525 959
0.00019083900000005372 958
0.00019084500000010607 959
0.00019087899999981062 960
0.0001908930000000808 961
0.00019092299999989848 962
0.00019095300000016024 963
0.0001909590000002126 962
0.0001910789999999274 961
0.0001911360000002027 960
0.0001912559999999175 959
0.0001913029999998095 960
0.00019137600000007637 959
0.00019142299999996837 960
0.00019149599999979117 959
0.00019154300000012725 960
0.00019161599999995005 959
0.00019168599999996871 960
0.0001917159999997864 961
0.00019173600000010893 960
0.00019185599999982372 959
0.00019193900000002984 960
0.0001919689999998475 961
0.0001919759999999826 960
0.00019199900000010928 961
0.00019207199999993207 962
0.0001920960000001415 961
0.00019214400000011622 962
0.00019221599999985628 961
0.00019228400000015355 962
0.00019231399999997123 963
0.00019233600000001516 962
0.00019234499999987165 963
0.0001924099999999207 964
0.00019244000000018247 965
0.00019245600000017404 964
0.00019247299999980427 965
0.00019257599999988884 964
0.0001925869999999108 965
0.00019269600000004772 964
0.0001927639999999009 965
0.00019276999999995326 966
0.00019278800000011032 967
0.0001928160000002066 966
0.0001929359999999214 965
0.00019301800000004476 966
0.00019304799999986244 967
0.00019305600000008027 966
0.00019310000000016814 967
0.00019315900000016484 968
0.00019317599999979507 967
0.0001932189999998002 968
0.00019329599999995395 967
0.00019331900000008062 968
0.0001933489999998983 969
0.00019337900000016006 970
0.00019340899999997774 971
0.00019341600000011283 970
0.0001934389999997954 971
0.00019349000000001837 972
0.0001935139999997837 973
0.00019351999999983605 974
0.00019353599999982762 973
0.0001936559999999865 972
0.00019370000000007437 973
0.00019372999999989204 974
0.0001937600000001538 975
0.0001937760000001454 974
0.00019378999999997149 975
0.00019389599999986018 974
0.0001938990000001084 975
0.00019400399999991436 976
0.00019401600000001906 975
0.0001941090000001644 976
0.00019413600000017794 975
0.00019425599999989274 974
0.00019428699999979315 975
0.00019430100000006334 976
0.00019437600000005162 975
0.00019442699999983049 976
0.00019445999999989638 977
0.0001944960000002105 976
0.00019453200000008053 977
0.0001945760000001684 978
0.0001946159999999253 977
0.0001946230000000604 978
0.00019473600000008418 977
0.00019481600000004207 978
0.00019485599999979897 977
0.00019493299999995273 978
0.00019497599999995785 977
0.00019501399999999336 978
0.00019509399999995125 979
0.00019509600000011673 978
0.00019512700000001715 979
0.00019518600000001385 980
0.00019520099999992269 981
0.00019521599999983152 980
0.0001953100000000596 981
0.0001953359999999904 980
0.00019537699999983005 981
0.0001954070000000918 982
0.0001954560000001493 981
0.00019549099999993658 982
0.00019553999999999405 983
0.00019556999999981173 984
0.00019557599999986408 983
0.00019569600000002296 982
0.0001957489999999673 983
0.00019579199999997243 984
0.00019581600000018184 983
0.00019583299999981207 984
0.00019587300000001306 983
0.00019594599999983586 984
0.00019596000000010605 985
0.00019599300000017195 984
0.00019605200000016865 985
0.00019610199999986477 986
0.00019611299999988674 985
0.00019617699999985305 986
0.0001962299999997974 987
0.00019623300000004562 986
0.0001963530000002045 985
0.00019642200000014043 986
0.00019645300000004084 987
0.0001964729999999193 986
0.00019659300000007818 985
0.00019668699999986217 986
0.00019671299999979297 985
0.00019671700000012393 986
0.0001967469999999416 987
0.00019680900000018653 988
0.00019683299999995185 987
0.0001968390000000042 988
0.00019695300000011073 987
0.0001970419999999251 988
0.00019707299999982553 987
0.00019715800000019712 988
0.0001971880000000148 989
0.0001971929999999844 988
0.00019721799999983247 989
0.00019724999999981563 988
0.00019728299999988153 989
0.00019732400000016526 990
0.0001973699999999745 989
0.0001974900000001334 988
0.00019760999999984818 987
0.00019763699999986173 988
0.0001976670000001235 989
0.0001977069999998804 990
0.00019773000000000707 989
0.0001977430000001945 990
0.00019778400000003415 991
0.0001978039999999126 992
0.00019785000000016595 991
0.00019796300000018974 992
0.00019796999999988074 991
0.0001980019999998639 992
0.00019809000000003962 991
0.0001982100000001985 990
0.0001982169999998895 991
0.0001983299999999133 990
0.0001984130000001194 991
0.00019845000000007218 990
0.0001984670000001465 991
0.00019850300000001653 992
0.0001985329999998342 993
0.00019856999999978697 992
0.00019864800000002347 993
0.00019867799999984115 994
0.00019868999999994585 993
0.00019881000000010474 992
0.00019889199999978402 993
0.00019892999999981953 992
0.00019903199999982135 993
0.0001990499999999784 992
0.0001991700000001373 991
0.00019921800000011203 992
0.00019928499999988247 993
0.00019928999999985209 992
0.0001993659999999231 993
0.00019939699999982352 994
0.00019941000000001097 993
0.0001995240000001175 994
0.00019953000000016985 993
0.00019955399999993517 994
0.00019964999999988464 993
0.00019965300000013286 994
0.00019970700000015995 993
0.00019976299999990843 994
0.0001997930000001702 995
0.00019982699999987474 994
0.00019994700000003363 993
0.00020004099999981761 994
0.0002000670000001925 993
0.00020017099999991572 994
0.0002001869999999073 993
0.00020030700000006618 992
0.00020034400000001895 993
0.00020042700000022506 992
0.00020054699999993986 991
0.00020066700000009874 990
0.00020078699999981353 989
0.00020082900000018 990
0.00020086299999988455 991
0.0002009069999999724 990
0.00020096700000005185 991
0.00020099699999986953 992
0.0002010270000001313 991
0.00020105400000014484 992
0.00020110999999989332 993
0.0002011469999998461 992
0.00020117899999982924 993
0.00020121199999989514 994
0.000201255999999983 995
0.00020126700000000497 994
0.00020127199999997458 995
0.00020128799999996616 996
0.00020138200000019424 997
0.00020138700000016385 996
0.00020141300000009466 997
0.00020150699999987864 996
0.00020158299999994966 997
0.00020161300000021143 998
0.00020162700000003753 997
0.00020171800000001738 998
0.0002017470000001964 997
0.00020174799999983506 998
0.00020182100000010195 999
0.0002018669999999112 1000
0.0002018669999999112 999
0.00020195600000016967 1000
0.00020198700000007008 999
0.00020207900000013268 1000
0.00020210699999978488 999
0.00020216799999994706 1000
0.00020219800000020882 1001
0.00020222699999994376 1000
0.0002022350000001616 1001
0.0002022749999999185 1002
0.00020234700000010264 1001
0.00020246699999981743 1000
0.00020253299999994923 1001
0.00020258699999997631 1000
0.0002026009999998024 1001
0.00020263899999983792 1002
0.0002026740000000693 1003
0.0002027070000001352 1002
0.00020282699999985 1001
0.00020286900000021646 1002
0.00020289900000003414 1003
0.00020294700000000887 1002
0.00020295800000003084 1003
0.00020306700000016775 1002
0.00020313100000013407 1003
0.00020318699999988254 1002
0.00020328399999991476 1003
0.00020330700000004143 1002
0.0002033159999998979 1003
0.00020336399999987265 1002
0.00020348400000003153 1003
0.00020348400000003153 1002
0.0002035139999998492 1003
0.00020357000000004177 1004
0.00020359999999985945 1005
0.0002036040000001904 1004
0.00020363000000012121 1005
0.00020370899999999637 1006
0.0002037239999999052 1005
0.00020373899999981404 1006
0.00020377199999987994 1007
0.00020384400000006409 1006
0.0002039549999999224 1007
0.00020396400000022297 1006
0.00020399500000012338 1007
0.00020406900000002892 1008
0.00020408399999993776 1007
0.0002041489999999868 1008
0.0002041789999998045 1009
0.00020420400000009664 1008
0.00020421400000003587 1009
0.00020424899999982316 1010
0.00020427900000008492 1011
0.00020429299999991102 1012
0.00020432399999981143 1011
0.00020436400000001242 1012
0.00020444399999997032 1011
0.0002045640000001292 1010
0.00020457599999978981 1011
0.00020460600000005158 1012
0.0002046560000001918 1013
0.000204683999999844 1012
0.00020480400000000287 1011
0.0002048970000001482 1012
0.00020492400000016175 1011
0.00020504399999987655 1010
0.00020516400000003543 1009
0.0002051870000001621 1010
0.00020521699999997978 1011
0.00020524699999979745 1012
0.00020527700000005922 1013
0.0002052840000001943 1012
0.0002053069999998769 1013
0.00020533700000013866 1014
0.00020536699999995633 1015
0.0002053970000002181 1016
0.0002054039999999091 1015
0.00020542700000003578 1016
0.00020548100000006286 1017
0.00020549499999988896 1018
0.00020552400000006799 1017
0.00020561899999993472 1018
0.00020564399999978278 1017
0.00020567099999979632 1018
0.00020576399999994166 1017
0.00020588400000010054 1016
0.00020593300000015802 1017
0.00020600399999981533 1016
0.0002060290000001075 1017
0.00020606100000009064 1016
0.00020614399999985267 1017
0.00020618099999980544 1016
0.00020630099999996432 1015
0.00020631900000012138 1016
0.0002064210000001232 1015
0.00020647799999995442 1014
0.00020652900000017738 1015
0.0002065789999998735 1016
0.0002065980000001133 1015
0.0002066310000001792 1016
0.0002067179999998281 1015
0.00020683799999998698 1014
0.00020683900000006972 1015
0.0002068689999998874 1016
0.0002068949999998182 1015
0.00020689900000014916 1016
0.00020692899999996683 1017
0.00020697500000022018 1018
0.00020701499999997708 1017
0.00020713500000013596 1016
0.00020725499999985075 1015
0.00020737500000000963 1014
0.00020749500000016852 1013
0.0002076149999998833 1012
0.00020763199999995763 1013
0.0002077159999998024 1014
0.0002077350000000422 1013
0.00020780399999997812 1014
0.00020785500000020107 1013
0.00020797499999991587 1012
0.00020809500000007475 1011
0.00020821499999978954 1010
0.00020833499999994842 1009
0.0002084550000001073 1008
0.0002085749999998221 1007
0.00020869499999998098 1006
0.00020881500000013986 1005
0.00020893499999985465 1004
0.00020905500000001354 1003
0.00020913999999994104 1004
0.00020917500000017242 1003
0.0002092949999998872 1002
0.0002094150000000461 1001
0.00020953500000020497 1000
0.00020965499999991977 999
0.00020977500000007865 998
0.00020989499999979344 997
0.00020993100000010756 998
0.00021001499999995232 997
0.00021009999999987983 998
0.0002101350000001112 997
0.000210254999999826 996
0.0002103120000001013 995
0.0002104319999998161 994
0.00021055199999997498 993
0.0002106089999998062 992
0.00021072899999996508 991
0.00021084900000012397 990
0.00021096899999983876 989
0.00021108899999999764 988
0.00021120900000015652 987
0.00021132899999987131 986
0.0002114490000000302 985
0.00021156900000018908 984
0.00021168899999990387 983
0.00021180900000006275 982
0.0002118829999999683 983
0.00021192900000022163 982
0.00021204899999993643 981
0.0002121690000000953 980
0.0002122889999998101 979
0.00021240899999996898 978
0.00021252900000012787 977
0.00021264899999984266 976
0.00021276900000000154 975
0.00021278299999982764 976
0.00021286299999978553 977
0.00021288900000016042 976
0.00021290900000003887 977
0.00021300299999982286 978
0.00021300899999987521 977
0.0002131200000001776 978
0.0002131290000000341 977
0.00021324900000019298 976
0.00021336899999990777 975
0.00021348900000006665 974
0.00021360900000022554 973
0.00021372899999994033 972
0.0002138490000000992 971
0.00021393199999986123 972
0.000213968999999814 971
0.00021408899999997288 970
0.00021420900000013177 969
0.00021432700000012517 970
0.00021432899999984656 969
0.00021444900000000544 968
0.00021446600000007976 969
0.00021456900000016432 968
0.00021468899999987912 967
0.0002147830000001072 968
0.000214809000000038 967
0.0002148210000001427 968
0.00021485700000001273 969
0.00021490200000018334 970
0.00021492900000019688 969
0.00021494900000007533 970
0.00021504899999991167 969
0.00021506100000001638 970
0.00021507499999984248 971
0.00021515199999999624 972
0.00021516900000007055 971
0.00021528899999978535 970
0.00021532699999982086 971
0.00021540899999994423 970
0.0002154509999998666 971
0.0002155290000001031 970
0.0002155309999998245 971
0.0002156109999997824 972
0.0002156489999998179 971
0.00021569100000018437 972
0.00021572100000000205 973
0.00021573499999982815 974
0.00021574900000009833 975
0.00021576899999997678 974
0.0002158520000001829 975
0.00021588900000013567 974
0.00021596699999992808 975
0.00021600899999985046 974
0.00021607200000017812 975
0.00021612900000000934 974
0.00021624900000016822 973
0.00021627600000018177 974
0.00021634600000020043 975
0.00021636000000002653 976
0.00021636899999988302 975
0.00021645700000005874 976
0.0002164800000001854 977
0.0002164890000000419 976
0.00021653099999996428 977
0.00021654499999979038 978
0.00021654599999987312 977
0.00021659100000004372 978
0.00021662900000007923 979
0.000216666000000032 978
0.00021666800000019748 979
0.00021672100000014183 980
0.0002167509999999595 981
0.00021678100000022127 982
0.00021678600000019088 981
0.00021681100000003894 982
0.00021684099999985662 983
0.00021687100000011839 984
0.00021688499999994448 985
0.00021690599999990567 984
0.00021694600000010666 985
0.00021697599999992434 986
0.0002170060000001861 987
0.00021702600000006456 986
0.00021703600000000378 987
0.00021706599999982146 988
0.00021709600000008322 989
0.0002171259999999009 990
0.00021714600000022344 989
0.00021718100000001073 990
0.00021725200000011213 991
0.00021726599999993823 990
0.0002172819999999298 991
0.00021731200000019157 992
0.0002173760000001579 993
0.0002173860000000971 992
0.00021740599999997556 993
0.00021743599999979324 994
0.00021744299999992833 993
0.000217466000000055 994
0.00021749599999987268 995
0.00021753499999999093 996
0.00021756300000008721 995
0.0002175649999998086 996
0.0002176689999999759 997
0.000217682999999802 996
0.00021776200000012125 997
0.00021779199999993892 998
0.0002178029999999609 997
0.0002178220000002007 998
0.00021785200000001836 999
0.00021790100000007584 1000
0.00021792300000011977 999
0.00021793099999989352 1000
0.00021796100000015528 1001
0.00021799099999997296 1002
0.00021802099999979063 1003
0.00021803500000006082 1004
0.00021804299999983456 1003
0.0002180720000000136 1004
0.00021810600000016223 1005
0.0002181359999999799 1006
0.00021816299999999345 1005
0.00021816599999979758 1006
0.00021819600000005934 1007
0.00021822599999987702 1008
0.00021825600000013878 1009
0.00021828300000015233 1008
0.00021828599999995646 1009
0.00021831600000021822 1010
0.00021836599999991435 1011
0.00021839600000017612 1012
0.00021840299999986712 1011
0.00021846899999999891 1012
0.0002184989999998166 1013
0.000218523000000026 1012
0.00021859900000009702 1013
0.0002186289999999147 1014
0.00021864300000018488 1013
0.00021865900000017646 1014
0.00021868899999999414 1015
0.00021876299999989968 1014
0.00021879300000016144 1015
0.00021882299999997912 1016
0.00021888300000005856 1015
0.00021890799999990662 1016
0.00021893999999988978 1015
0.00021896599999982058 1016
0.00021899600000008235 1017
0.00021902599999990002 1018
0.0002190560000001618 1019
0.00021906000000004866 1018
0.00021908599999997946 1019
0.00021911599999979714 1020
0.0002191460000000589 1021
0.00021917599999987658 1022
0.00021918000000020754 1021
0.00021920600000013835 1022
0.00021923599999995602 1023
0.0002192660000002178 1024
0.00021927699999979566 1025
0.00021929600000003546 1026
0.00021929999999992233 1025
0.00021932599999985314 1026
0.00021934000000012333 1027
0.000219369999999941 1028
0.00021940000000020277 1029
0.00021942000000008122 1028
0.00021943000000002044 1029
0.00021945999999983812 1030
0.00021949000000009988 1031
0.00021951999999991756 1032
0.000219539999999796 1031
0.00021955000000017932 1032
0.000219579999999997 1033
0.00021960999999981468 1034
0.00021964000000007644 1035
0.0002196599999999549 1034
0.00021966999999989412 1035
0.00021970000000015588 1036
0.0002197169999997861 1035
0.00021972999999997356 1036
0.00021974399999979966 1037
0.0002197569999999871 1038
0.00021977400000006142 1039
0.0002198039999998791 1040
0.00021983400000014086 1041
0.000219836999999945 1040
0.00021986399999995854 1041
0.0002198940000002203 1042
0.00021992400000003798 1043
0.00021995399999985565 1044
0.00021995700000010387 1043
0.00021998400000011742 1044
0.0002200139999999351 1045
0.00022004400000019686 1046
0.00022007400000001454 1047
0.00022007699999981867 1046
0.0002201039999998322 1047
0.00022013400000009398 1048
0.00022016399999991165 1049
0.00022019400000017342 1050
0.00022019699999997755 1049
0.0002202410000000654 1050
0.00022031700000013643 1049
0.00022035099999984098 1050
0.00022041599999989003 1051
0.00022043699999985122 1050
0.0002204460000001518 1051
0.0002204599999999779 1052
0.000220473999999804 1053
0.00022050400000006576 1054
0.00022053399999988343 1055
0.0002205570000000101 1054
0.0002205640000001452 1055
0.00022059399999996288 1056
0.00022062400000022464 1057
0.00022065400000004232 1058
0.000220677000000169 1057
0.00022068399999986 1058
0.00022077200000003572 1059
0.00022079699999988378 1058
0.00022084200000005438 1059
0.00022087199999987206 1060
0.00022090200000013382 1061
0.00022091700000004266 1060
0.00022093599999983837 1061
0.00022103700000020154 1060
0.00022106599999993648 1061
0.00022109600000019825 1062
0.00022112600000001592 1063
0.0002211559999998336 1064
0.00022115699999991634 1063
0.00022118600000009536 1064
0.00022121599999991304 1065
0.000221267000000136 1066
0.00022127700000007522 1065
0.00022129699999995367 1066
0.00022132700000021543 1067
0.0002213570000000331 1068
0.00022139699999979 1067
0.00022149300000018357 1068
0.0002215169999999489 1067
0.00022152300000000125 1068
0.00022155299999981892 1069
0.0002215740000002242 1068
0.0002216279999998072 1069
0.00022165800000006897 1070
0.00022168799999988664 1071
0.000221693999999939 1070
0.0002217180000001484 1071
0.00022174799999996608 1072
0.00022177799999978376 1073
0.00022181099999984966 1074
0.00022181400000009788 1073
0.00022182500000011984 1074
0.00022186599999995948 1075
0.00022189600000022125 1076
0.00022191000000004735 1077
0.00022193399999981267 1076
0.00022193999999986502 1077
0.0002220529999998888 1078
0.00022205399999997155 1077
0.00022208300000015058 1078
0.00022211299999996825 1079
0.00022212699999979435 1080
0.00022215700000005612 1081
0.00022217400000013043 1080
0.0002221869999998738 1081
0.00022221700000013556 1082
0.00022223099999996165 1081
0.00022224699999995323 1082
0.000222277000000215 1083
0.00022230700000003267 1084
0.00022233699999985035 1085
0.00022235100000012054 1084
0.00022236700000011211 1085
0.0002223969999999298 1086
0.00022241100000019998 1087
0.00022244100000001765 1088
0.00022247099999983533 1087
0.0002225459999998236 1088
0.0002225909999999942 1087
0.00022259700000004656 1088
0.0002227110000001531 1087
0.0002227559999998796 1088
0.00022279399999991512 1089
0.00022280200000013295 1090
0.00022282400000017688 1091
0.00022283099999986788 1090
0.00022289599999991694 1091
0.0002229260000001787 1092
0.00022295100000002677 1091
0.00022295599999999638 1092
0.00022298599999981406 1093
0.00022306600000021604 1094
0.00022307100000018565 1093
0.0002230960000000337 1094
0.0002231259999998514 1095
0.00022312800000001687 1094
0.00022324800000017575 1093
0.000223293999999985 1094
0.00022334699999992935 1095
0.00022336799999989054 1094
0.00022338399999988212 1095
0.00022341400000014389 1096
0.00022342799999996998 1097
0.00022348800000004942 1096
0.00022350099999979278 1097
0.00022353100000005455 1098
0.00022354499999988064 1099
0.00022357600000022515 1100
0.0002236080000002083 1099
0.00022364199999991285 1100
0.000223720999999788 1101
0.0002237279999999231 1100
0.00022376700000004135 1101
0.00022384800000008198 1100
0.0002238530000000516 1101
0.00022391499999985243 1102
0.0002239639999999099 1103
0.00022396799999979677 1102
0.0002239780000001801 1103
0.00022400799999999776 1104
0.00022402199999982386 1105
0.0002240819999999033 1106
0.00022408799999995566 1105
0.00022411200000016507 1106
0.00022414199999998274 1107
0.00022414499999978688 1106
0.00022417199999980042 1107
0.00022420200000006218 1108
0.00022426499999994576 1107
0.00022426899999983263 1108
0.00022430900000003362 1109
0.00022438500000010464 1108
0.00022439199999979564 1109
0.00022444699999990547 1110
0.00022450499999981943 1109
0.00022462499999997831 1108
0.0002246669999999007 1109
0.00022471599999995817 1110
0.0002247450000001372 1109
0.00022474600000021994 1110
0.0002247760000000376 1111
0.00022480199999996842 1110
0.0002248059999998553 1111
0.00022483600000011705 1112
0.00022486599999993473 1113
0.0002248960000001965 1114
0.0002249220000001273 1113
0.00022493900000020162 1114
0.0002249690000000193 1115
0.0002250419999998421 1114
0.00022505000000005992 1115
0.0002250799999998776 1116
0.00022511000000013937 1117
0.00022515200000006175 1118
0.00022516200000000097 1117
0.00022516599999988784 1118
0.0002251960000001496 1119
0.00022522599999996729 1120
0.0002252689999999724 1121
0.00022528200000015985 1120
0.00022529899999979008 1121
0.00022532900000005185 1122
0.0002253539999998999 1123
0.00022536899999980875 1124
0.00022540199999987465 1123
0.0002254220000001972 1124
0.0002254619999999541 1125
0.00022547600000022427 1126
0.00022550600000004195 1127
0.00022551999999986805 1128
0.00022552200000003353 1127
0.0002255500000001298 1128
0.0002255799999999475 1129
0.00022561000000020925 1130
0.00022564000000002693 1131
0.0002256420000001924 1130
0.0002256699999998446 1131
0.00022570000000010637 1132
0.00022572999999992405 1133
0.0002257600000001858 1134
0.0002257619999999072 1133
0.0002257900000000035 1134
0.00022581999999982116 1135
0.00022585000000008293 1136
0.0002258799999999006 1137
0.00022588200000006609 1136
0.00022591000000016237 1137
0.00022593999999998005 1138
0.00022596999999979772 1139
0.0002260000000000595 1140
0.00022600200000022497 1139
0.00022602999999987716 1140
0.00022606000000013893 1141
0.0002260899999999566 1142
0.00022612000000021837 1143
0.00022612199999993976 1142
0.00022615000000003604 1143
0.00022617999999985372 1144
0.00022621000000011549 1145
0.00022623999999993316 1146
0.00022624200000009864 1145
0.00022627000000019493 1146
0.0002263000000000126 1147
0.0002263139999998387 1148
0.00022634400000010046 1149
0.00022635799999992656 1150
0.00022636199999981343 1149
0.00022638800000018833 1150
0.000226418000000006 1151
0.00022644799999982368 1152
0.00022647800000008544 1153
0.00022648199999997232 1152
0.00022650799999990312 1153
0.00022653800000016489 1154
0.00022656799999998256 1155
0.00022659799999980024 1156
0.0002266020000001312 1155
0.000226628000000062 1156
0.00022665799999987968 1157
0.00022668800000014144 1158
0.00022671799999995912 1159
0.000226721999999846 1158
0.00022674800000022088 1159
0.00022677800000003856 1160
0.00022680799999985624 1161
0.000226838000000118 1162
0.00022684200000000487 1161
0.00022686799999993568 1162
0.00022689800000019744 1163
0.00022692800000001512 1164
0.0002269579999998328 1165
0.00022696200000016375 1164
0.00022698800000009456 1165
0.00022701799999991223 1166
0.000227048000000174 1167
0.0002270620000000001 1168
0.00022708199999987855 1167
0.00022709199999981777 1168
0.00022712200000007954 1169
0.00022715199999989721 1170
0.00022718200000015898 1171
0.00022720200000003743 1170
0.00022721199999997665 1171
0.00022724199999979433 1172
0.0002272720000000561 1173
0.00022730199999987377 1174
0.0002273220000001963 1173
0.00022733200000013554 1174
0.0002273619999999532 1175
0.00022739200000021498 1176
0.00022742200000003265 1177
0.0002274419999999111 1176
0.00022745199999985033 1177
0.0002274820000001121 1178
0.00022751199999992977 1179
0.00022754200000019154 1180
0.00022756200000006999 1179
0.0002275720000000092 1180
0.0002276019999998269 1181
0.00022763200000008865 1182
0.00022766199999990633 1183
0.00022768199999978478 1182
0.0002276920000001681 1183
0.0002277059999999942 1184
0.00022773599999981187 1185
0.00022776600000007363 1186
0.0002277959999998913 1187
0.00022780199999994366 1186
0.00022782600000015307 1187
0.00022785599999997075 1188
0.00022788599999978842 1189
0.0002279160000000502 1190
0.00022792200000010254 1189
0.00022794599999986787 1190
0.00022797600000012963 1191
0.0002280059999999473 1192
0.00022803600000020907 1193
0.00022804199999981734 1192
0.00022806600000002675 1193
0.00022809599999984442 1194
0.0002281260000001062 1195
0.00022815599999992386 1196
0.00022816199999997622 1195
0.00022818600000018563 1196
0.0002282160000000033 1197
0.0002282299999998294 1198
0.00022826000000009117 1199
0.0002282820000001351 1198
0.00022828999999990884 1199
0.0002283200000001706 1200
0.00022834999999998828 1201
0.00022837999999980596 1202
0.0002284019999998499 1201
0.00022841000000006773 1202
0.0002284399999998854 1203
0.00022847000000014717 1204
0.00022848399999997326 1205
0.00022851399999979094 1206
0.00022852200000000877 1205
0.00022852800000006113 1206
0.0002285579999998788 1207
0.00022858800000014057 1208
0.00022864200000016766 1207
0.00022865100000002414 1208
0.00022866499999985024 1209
0.000228695000000112 1210
0.00022872499999992968 1211
0.00022875500000019144 1212
0.00022876199999988245 1211
0.00022878500000000912 1212
0.00022879899999983522 1213
0.0002288130000001054 1214
0.00022884299999992308 1215
0.00022887300000018485 1216
0.00022888200000004133 1215
0.00022890300000000252 1216
0.0002289329999998202 1217
0.00022896300000008196 1218
0.00022899299999989964 1219
0.0002290020000002002 1218
0.0002290230000001614 1219
0.0002290369999999875 1220
0.0002290509999998136 1221
0.00022908100000007536 1222
0.00022909499999990146 1223
0.000229121999999915 1222
0.00022913899999998932 1223
0.00022917900000019031 1222
0.00022921600000014308 1223
0.00022922999999996918 1224
0.00022925999999978686 1225
0.00022929000000004862 1226
0.0002292989999999051 1225
0.00022932999999980552 1226
0.0002293440000000757 1227
0.00022941400000009438 1228
0.000229419000000064 1227
0.00022947200000000834 1228
0.000229501999999826 1229
0.0002295160000000962 1230
0.00022953900000022287 1229
0.00022963000000020273 1230
0.00022965899999993766 1229
0.00022969699999997317 1230
0.00022971099999979927 1231
0.00022972500000006946 1232
0.00022975300000016574 1233
0.00022977900000009654 1232
0.00022989899999981134 1231
0.00022993199999987723 1232
0.000229962000000139 1233
0.0002299759999999651 1234
0.00023001899999997022 1233
0.0002300590000001712 1234
0.00023008899999998889 1235
0.0002301390000001291 1234
0.00023015900000000755 1235
0.00023017299999983365 1236
0.00023024200000021366 1237
0.0002302570000001225 1238
0.0002302589999998439 1237
0.0002303160000001192 1236
0.00023033999999988453 1237
0.000230435999999834 1236
0.00023047800000020047 1237
0.00023054800000021913 1238
0.00023055599999999288 1237
0.0002305940000000284 1238
0.00023060799999985448 1239
0.0002306129999998241 1238
0.00023062200000012467 1239
0.00023073299999998298 1238
0.0002308439999998413 1239
0.00023085300000014186 1238
0.0002309060000000862 1239
0.00023093599999990388 1240
0.00023095000000017407 1241
0.00023097299999985665 1240
0.00023105499999998003 1241
0.00023109300000001554 1240
0.00023109500000018102 1241
0.00023112000000002908 1242
0.00023118699999979953 1243
0.0002312010000000697 1244
0.00023121300000017442 1243
0.00023129200000004957 1244
0.0002313329999998892 1243
0.00023139000000016452 1242
0.00023146599999979145 1243
0.00023150700000007518 1244
0.0002315099999998793 1243
0.00023159099999991994 1244
0.00023160500000019013 1245
0.00023161900000001623 1246
0.0002316300000000382 1245
0.00023168699999986941 1244
0.00023170200000022234 1245
0.00023173200000004002 1246
0.00023174599999986611 1247
0.0002318070000000283 1246
0.00023192700000018718 1245
0.00023194499999990015 1246
0.00023198000000013153 1247
0.0002319840000000184 1246
0.00023209800000012493 1247
0.00023210400000017728 1246
0.00023211199999995102 1247
0.0002321260000002212 1248
0.0002321400000000473 1249
0.00023219199999990892 1250
0.00023222399999989207 1249
0.00023234400000005095 1248
0.00023238599999997334 1249
0.00023246099999996162 1250
0.00023246400000020984 1249
0.000232502999999884 1250
0.00023258399999992463 1249
0.0002327040000000835 1248
0.0002328239999997983 1247
0.0002328810000000736 1248
0.0002329300000001311 1249
0.00023294399999995719 1248
0.00023306400000011607 1247
0.0002331780000002226 1248
0.00023318399999983086 1247
0.00023330399999998974 1246
0.00023331600000009445 1247
0.00023342400000014862 1246
0.0002335179999999326 1247
0.0002335320000002028 1248
0.00023354399999986342 1247
0.00023357500000020792 1248
0.00023362999999987366 1249
0.00023364400000014385 1250
0.0002336640000000223 1249
0.00023366799999990917 1250
0.00023377800000012883 1251
0.00023378400000018118 1250
0.0002338740000000783 1251
0.00023390399999989597 1250
0.00023396100000017128 1249
0.0002340250000001376 1250
0.0002340389999999637 1251
0.00023408099999988607 1250
0.0002341359999999959 1251
0.00023420100000004496 1250
0.00023432100000020384 1249
0.00023433000000006032 1250
0.0002344139999999051 1251
0.00023444099999991863 1250
0.00023445799999999295 1251
0.00023453099999981575 1252
0.00023454500000008593 1253
0.0002345610000000775 1252
0.0002345909999998952 1253
0.00023460500000016538 1254
0.00023461899999999147 1255
0.0002346809999997923 1254
0.00023470799999980585 1255
0.00023472200000007604 1256
0.0002347679999998853 1257
0.0002348009999999512 1256
0.00023492100000011007 1255
0.00023492999999996655 1256
0.0002349779999999413 1255
0.00023499999999998522 1256
0.00023509800000010017 1255
0.00023521799999981496 1254
0.00023533799999997385 1253
0.00023535899999993504 1254
0.00023545800000013273 1253
0.00023557799999984752 1252
0.0002356980000000064 1251
0.0002357380000002074 1252
0.00023581800000016528 1251
0.0002359080000000624 1252
0.0002359219999998885 1253
0.00023593799999988008 1252
0.00023605800000003896 1251
0.00023617800000019784 1250
0.00023629799999991263 1249
0.00023630600000013047 1250
0.00023636400000004443 1251
0.00023641800000007152 1250
0.0002365379999997863 1249
0.0002366579999999452 1248
0.00023670200000003305 1249
0.00023677800000010407 1248
0.00023687099999980532 1249
0.00023689000000004512 1250
0.00023689799999981886 1249
0.00023694199999990673 1250
0.00023701799999997775 1249
0.00023713800000013663 1248
0.00023725799999985142 1247
0.0002373780000000103 1246
0.00023749800000016918 1245
0.00023761799999988398 1244
0.00023773800000004286 1243
0.00023778700000010033 1244
0.00023785800000020174 1243
0.00023797799999991653 1242
0.00023809800000007542 1241
0.00023819400000002489 1242
0.0002382179999997902 1241
0.0002383379999999491 1240
0.00023834199999983596 1241
0.00023845800000010797 1240
0.00023857799999982277 1239
0.00023859700000006256 1240
0.0002386520000001724 1241
0.00023869799999998165 1240
0.00023881800000014053 1239
0.00023893799999985532 1238
0.00023899699999985202 1239
0.00023904699999999224 1240
0.0002390580000000142 1239
0.00023911499999984542 1240
0.00023917800000017309 1239
0.00023929799999988788 1238
0.00023941800000004676 1237
0.00023953800000020564 1236
0.00023955900000016683 1237
0.00023965799999992043 1236
0.00023977800000007932 1235
0.00023980199999984464 1236
0.0002398979999997941 1235
0.000240017999999953 1234
0.00024013800000011187 1233
0.0002402329999999786 1234
0.0002402520000002184 1235
0.00024025799999982667 1234
0.00024037799999998555 1233
0.0002404949999998962 1234
0.00024049800000014443 1233
0.0002405090000001664 1234
0.0002405229999999925 1235
0.00024061799999985922 1234
0.0002407380000000181 1233
0.00024085800000017699 1232
0.00024097799999989178 1231
0.00024102900000011473 1232
0.00024105700000021102 1233
0.00024109800000005066 1232
0.0002411250000000642 1233
0.00024119699999980426 1234
0.00024121800000020954 1233
0.00024133799999992434 1232
0.00024139500000019964 1231
0.0002414650000002183 1232
0.00024149199999978777 1233
0.00024151499999991444 1232
0.000241571000000107 1233
0.00024163500000007332 1232
0.0002417549999997881 1231
0.000241874999999947 1230
0.00024195200000010075 1231
0.00024199500000010588 1230
0.00024211499999982067 1229
0.00024217200000009598 1228
0.00024229199999981077 1227
0.00024241199999996965 1226
0.00024253200000012853 1225
0.0002426400000001827 1226
0.00024265199999984333 1225
0.0002427720000000022 1224
0.0002428920000001611 1223
0.00024301199999987588 1222
0.00024302000000009372 1223
0.00024313200000003476 1222
0.00024325200000019365 1221
0.00024337199999990844 1220
0.00024338799999990002 1221
0.00024349200000006732 1220
0.00024361199999978211 1219
0.000243731999999941 1218
0.00024385200000009988 1217
0.00024397199999981467 1216
0.00024409199999997355 1215
0.00024421200000013243 1214
0.0002443319999998472 1213
0.0002444520000000061 1212
0.000244572000000165 1211
0.0002446919999998798 1210
0.0002447609999998157 1211
0.00024481200000003867 1210
0.00024493200000019755 1209
0.00024505199999991234 1208
0.0002450679999999039 1209
0.0002450980000001657 1210
0.0002451119999999918 1211
0.0002451720000000712 1210
0.000245291999999786 1209
0.0002453249999998519 1210
0.0002453390000001221 1211
0.0002454049999998098 1212
0.0002454119999999449 1211
0.00024541900000008 1212
0.0002455320000001038 1211
0.00024565199999981857 1210
0.00024577199999997745 1209
0.00024589200000013633 1208
0.00024596999999992875 1209
0.00024601199999985113 1208
0.00024613200000001 1207
0.0002462520000001689 1206
0.0002463719999998837 1205
0.00024649200000004257 1204
0.0002465940000000444 1205
0.00024661200000020145 1204
0.00024673199999991624 1203
0.0002468520000000751 1202
0.0002469719999997899 1201
0.0002470919999999488 1200
0.00024718799999989827 1201
0.0002472120000001077 1200
0.00024733199999982247 1199
0.00024734999999997953 1200
0.00024745199999998135 1199
0.0002475099999998953 1200
0.00024757200000014024 1199
0.00024769199999985503 1198
0.0002478120000000139 1197
0.0002479320000001728 1196
0.00024799899999994324 1197
0.0002480519999998876 1196
0.00024817200000004647 1195
0.00024829200000020535 1194
0.0002482950000000095 1195
0.00024841199999992014 1194
0.000248532000000079 1193
0.00024862900000011123 1194
0.0002486519999997938 1193
0.0002487719999999527 1192
0.0002488920000001116 1191
0.00024901199999982637 1190
0.0002490740000000713 1191
0.00024913199999998525 1190
0.0002491889999998165 1189
0.000249302999999923 1190
0.00024930899999997536 1189
0.00024942900000013424 1188
0.00024954899999984903 1187
0.0002496340000002206 1188
0.0002496690000000079 1187
0.0002497890000001668 1186
0.0002499089999998816 1185
0.00025002900000004047 1184
0.00025014900000019935 1183
0.00025026899999991414 1182
0.000250389000000073 1181
0.0002504480000000697 1182
0.0002505089999997878 1181
0.0002506289999999467 1180
0.0002506480000001865 1181
0.0002507490000001056 1180
0.0002508689999998204 1179
0.00025098899999997926 1178
0.0002510319999999844 1179
0.00025110900000013814 1178
0.00025116599999996936 1177
0.00025128600000012824 1176
0.00025129799999978886 1177
0.00025140599999984303 1176
0.00025142500000008283 1177
0.0002515260000000019 1176
0.0002516460000001608 1175
0.00025171799999990085 1176
0.0002517570000000191 1177
0.0002517659999998756 1176
0.00025177699999989755 1177
0.00025188600000003447 1176
0.0002519059999999129 1177
0.00025200600000019335 1176
0.0002520630000000246 1175
0.0002521220000000213 1176
0.00025218300000018345 1175
0.00025230299999989825 1174
0.00025242300000005713 1173
0.000252543000000216 1172
0.00025261200000015194 1173
0.0002526629999999308 1172
0.000252666000000179 1173
0.0002526800000000051 1174
0.0002527830000000897 1173
0.0002529029999998045 1174
0.0002529029999998045 1173
0.00025293300000006624 1174
0.0002529629999998839 1175
0.00025302299999996336 1174
0.0002530620000000816 1175
0.0002530919999998993 1176
0.00025314300000012224 1175
0.00025326299999983704 1174
0.0002533709999998912 1175
0.0002533829999999959 1174
0.00025343999999982714 1173
0.000253559999999986 1172
0.0002536800000001449 1171
0.00025379700000005556 1172
0.0002537999999998597 1171
0.0002539200000000186 1170
0.00025397799999993254 1171
0.00025404000000017746 1170
0.00025411799999996987 1171
0.00025415999999989225 1170
0.00025428000000005113 1169
0.00025440000000021 1168
0.0002544630000000936 1169
0.0002544769999999197 1170
0.0002545199999999248 1169
0.00025459899999979996 1170
0.0002546400000000837 1169
0.0002547599999997985 1168
0.0002547860000001734 1169
0.00025487999999995736 1168
0.0002549190000000756 1169
0.00025500000000011624 1168
0.00025511999999983104 1167
0.0002552399999999899 1166
0.0002553600000001488 1165
0.0002554799999998636 1164
0.0002556000000000225 1163
0.00025572000000018136 1162
0.00025583999999989615 1161
0.00025593699999992836 1162
0.00025596000000005503 1161
0.0002560800000002139 1160
0.0002561999999999287 1159
0.0002563200000000876 1158
0.0002563769999999188 1157
0.00025641800000020254 1158
0.0002564970000000777 1157
0.0002566169999997925 1156
0.00025673699999995137 1155
0.0002567589999999953 1156
0.00025682400000004435 1157
0.000256853999999862 1158
0.00025685700000011025 1157
0.00025691399999994147 1156
0.00025703400000010035 1155
0.00025715399999981514 1154
0.000257273999999974 1153
0.0002573940000001329 1152
0.0002575020000001871 1153
0.0002575139999998477 1152
0.000257571000000123 1151
0.0002576909999998378 1150
0.00025780300000022294 1151
0.0002578109999999967 1150
0.00025793100000015556 1149
0.0002579530000001995 1150
0.00025805099999987036 1149
0.00025806000000017093 1150
0.0002580899999999886 1151
0.00025817100000002924 1150
0.0002582910000001881 1149
0.0002584109999999029 1148
0.0002585310000000618 1147
0.0002585339999998659 1148
0.0002586510000002207 1147
0.00025877099999993547 1146
0.00025889100000009435 1145
0.00025901099999980914 1144
0.000259130999999968 1143
0.0002592510000001269 1142
0.00025930799999995813 1141
0.000259428000000117 1140
0.0002595479999998318 1139
0.0002596679999999907 1138
0.00025978800000014957 1137
0.00025990799999986436 1136
0.00026002800000002324 1135
0.0002601480000001821 1134
0.0002602679999998969 1133
0.0002603880000000558 1132
0.0002605080000002147 1131
0.00026062799999992947 1130
0.00026074800000008835 1129
0.0002608049999999196 1128
0.00026086600000008175 1129
0.00026092500000007846 1128
0.00026104499999979325 1127
0.00026116499999995213 1126
0.00026125800000009747 1127
0.000261285000000111 1126
0.0002614049999998258 1125
0.0002615160000001282 1126
0.0002615249999999847 1125
0.0002615819999998159 1124
0.0002617019999999748 1123
0.00026182200000013367 1122
0.00026194199999984846 1121
0.00026206200000000734 1120
0.0002621820000001662 1119
0.000262301999999881 1118
0.00026235900000015633 1117
0.0002624789999998711 1116
0.00026253600000014643 1115
0.00026260899999996923 1116
0.0002626559999998612 1115
0.0002627429999999542 1116
0.0002627760000000201 1115
0.0002627830000001552 1116
0.00026285700000006074 1117
0.000262896000000179 1116
0.0002630159999998938 1115
0.0002630680000001995 1116
0.00026313600000005266 1115
0.00026325600000021154 1114
0.00026337599999992634 1113
0.0002634960000000852 1112
0.0002636159999998 1111
0.0002636730000000753 1110
0.00026372999999990654 1109
0.0002638500000000654 1108
0.0002639649999998106 1109
0.0002639700000002243 1108
0.00026399500000007237 1109
0.0002640569999998732 1110
0.0002640899999999391 1109
0.000264210000000098 1108
0.00026432999999981277 1107
0.00026435600000018766 1108
0.00026444999999997165 1107
0.0002644929999999768 1108
0.00026450699999980287 1107
0.00026452299999979445 1108
0.00026462699999996175 1107
0.00026474700000012064 1106
0.0002647580000001426 1107
0.00026486500000011404 1108
0.00026486699999983543 1107
0.0002649869999999943 1106
0.0002651070000001532 1105
0.000265226999999868 1104
0.00026534700000002687 1103
0.0002654039999998581 1102
0.0002655059999998599 1103
0.00026552400000001697 1102
0.00026564400000017585 1101
0.00026574299999992945 1102
0.00026576399999989064 1101
0.0002658840000000495 1100
0.0002660040000002084 1099
0.0002660809999999181 1100
0.00026611100000017984 1101
0.0002661239999999232 1100
0.0002662440000000821 1099
0.0002663639999997969 1098
0.0002663859999998408 1099
0.0002664210000000722 1098
0.0002664430000001161 1099
0.000266540999999787 1098
0.0002666520000000894 1099
0.00026666099999994586 1098
0.00026678100000010474 1097
0.00026679800000017906 1098
0.00026682799999999673 1099
0.00026690099999981953 1098
0.0002670209999999784 1097
0.0002671410000001373 1096
0.0002672609999998521 1095
0.00026734000000017133 1096
0.00026738100000001097 1095
0.0002674379999998422 1094
0.00026755800000000107 1093
0.00026767800000015995 1092
0.00026769199999998605 1093
0.00026779799999987475 1092
0.0002678089999998967 1093
0.0002678629999999238 1094
0.00026791800000003363 1093
0.00026797499999986485 1092
0.00026809500000002373 1091
0.0002681220000000373 1092
0.0002682150000001826 1091
0.000268216999999904 1092
0.0002683349999998974 1091
0.00026843699999989923 1092
0.0002684550000000563 1091
0.00026856699999999734 1092
0.00026857500000021517 1091
0.00026869499999992996 1090
0.0002687570000001749 1091
0.00026881500000008884 1090
0.00026883200000016316 1091
0.00026893499999980364 1090
0.0002690549999999625 1089
0.0002691750000001214 1088
0.0002692949999998362 1087
0.0002694149999999951 1086
0.00026953500000015396 1085
0.00026965499999986875 1084
0.00026977500000002763 1083
0.0002698950000001865 1082
0.0002700149999999013 1081
0.0002701350000000602 1080
0.00027025500000021907 1079
0.00027037499999993386 1078
0.00027046400000019233 1079
0.00027049500000009274 1078
0.0002705220000001063 1079
0.00027061499999980754 1078
0.0002707349999999664 1077
0.0002708550000001253 1076
0.0002709749999998401 1075
0.000271094999999999 1074
0.00027121500000015786 1073
0.00027133499999987265 1072
0.0002713789999999605 1073
0.00027145500000003153 1072
0.0002715750000001904 1071
0.0002716949999999052 1070
0.0002718150000000641 1069
0.00027193500000022297 1068
0.0002719920000000542 1067
0.00027211200000021307 1066
0.00027223199999992787 1065
0.00027235200000008675 1064
0.00027247199999980154 1063
0.0002725919999999604 1062
0.00027260400000006513 1063
0.0002727120000001193 1062
0.0002727689999999505 1061
0.0002728890000001094 1060
0.0002730089999998242 1059
0.0002731289999999831 1058
0.00027324900000014196 1057
0.00027336899999985675 1056
0.00027348900000001564 1055
0.0002736090000001745 1054
0.0002737289999998893 1053
0.0002738490000000482 1052
0.0002739690000002071 1051
0.00027408899999992187 1050
0.00027420900000008075 1049
0.00027426599999991197 1048
0.00027438600000007085 1047
0.00027450599999978564 1046
0.0002746259999999445 1045
0.0002747460000001034 1044
0.00027480299999993463 1043
0.0002749230000000935 1042
0.0002750429999998083 1041
0.00027513200000006677 1042
0.0002751629999999672 1041
0.00027528300000012607 1040
0.00027540299999984086 1039
0.00027552299999999974 1038
0.0002756189999999492 1039
0.0002756430000001586 1038
0.0002757629999998734 1037
0.0002758830000000323 1036
0.0002760030000001912 1035
0.0002760600000000224 1034
0.0002761800000001813 1033
0.0002762199999999382 1034
0.0002762999999998961 1033
0.00027642000000005496 1032
0.0002764769999998862 1031
0.0002765340000001615 1030
0.0002766450000000198 1031
0.0002766539999998763 1030
0.0002766589999998459 1031
0.00027677400000003516 1030
0.00027689400000019404 1029
0.00027695100000002526 1028
0.00027707100000018414 1027
0.00027712800000001536 1026
0.00027724800000017424 1025
0.00027736799999988904 1024
0.0002774880000000479 1023
0.0002776080000002068 1022
0.000277665000000038 1021
0.00027772199999986924 1020
0.0002777499999999655 1021
0.0002778420000000281 1020
0.00027789899999985934 1019
0.0002780190000000182 1018
0.00027807599999984944 1017
0.00027813300000012475 1016
0.00027825299999983955 1015
0.00027829099999987505 1016
0.00027831000000011485 1015
0.00027835300000012 1016
0.0002783669999999461 1015
0.00027848700000010496 1014
0.00027860699999981975 1013
0.00027863499999991603 1014
0.00027872699999997863 1013
0.000278779999999923 1014
0.0002788470000001375 1013
0.00027890399999996873 1012
0.0002790240000001276 1011
0.00027908099999995883 1010
0.00027913999999995553 1011
0.0002792010000001177 1010
0.0002793209999998325 1009
0.0002794409999999914 1008
0.00027956100000015027 1007
0.0002796179999999815 1006
0.0002796749999998127 1005
0.000279732000000088 1004
0.00027978899999991924 1003
0.0002797970000001371 1004
0.00027984600000019455 1003
0.00027996599999990934 1002
0.00027998299999998366 1003
0.00028002300000018465 1002
0.00028008000000001587 1001
0.00028020000000017475 1000
0.00028031999999988955 999
0.00028044000000004843 998
0.00028049699999987965 997
0.00028058000000008576 998
0.00028061700000003853 997
0.0002806610000001264 998
0.0002807370000001974 997
0.0002808569999999122 996
0.00028094100000020106 997
0.0002809770000000711 996
0.00028105400000022485 997
0.0002810969999997859 996
0.00028114400000012196 997
0.00028120499999984006 998
0.00028121699999994476 997
0.00028133700000010364 996
0.00028145699999981844 995
0.0002815769999999773 994
0.00028163700000005676 995
0.0002816970000001362 994
0.000281816999999851 993
0.0002819370000000099 992
0.00028197199999979716 993
0.00028205700000016876 992
0.00028217699999988355 991
0.0002822060000000626 992
0.00028229300000015556 993
0.00028229700000004243 992
0.000282400000000127 993
0.0002824170000002013 992
0.00028247400000003253 991
0.0002825940000001914 990
0.0002827139999999062 989
0.0002827710000001815 988
0.0002828909999998963 987
0.0002830110000000552 986
0.00028313100000021407 985
0.00028325099999992887 984
0.00028337100000008775 983
0.00028343700000021954 984
0.00028349099999980254 983
0.0002836109999999614 982
0.0002836249999997875 983
0.0002837310000001203 982
0.0002837919999998384 983
0.0002838509999998351 982
0.000283970999999994 981
0.0002839790000002118 982
0.00028409100000015286 981
0.00028421099999986765 980
0.00028422799999994197 981
0.00028426800000014296 980
0.00028438799999985775 979
0.00028450800000001664 978
0.00028456499999984786 977
0.00028468500000000674 976
0.0002848050000001656 975
0.0002849249999998804 974
0.0002849629999999159 975
0.0002849820000001557 974
0.0002850190000001085 975
0.0002851019999998705 974
0.00028520899999984195 975
0.0002852220000000294 974
0.0002853420000001883 973
0.00028534399999990967 974
0.00028546199999990307 973
0.00028558200000006195 972
0.00028570200000022083 971
0.00028582199999993563 970
0.00028586300000021936 971
0.0002859420000000945 970
0.00028599199999979064 971
0.0002860519999998701 972
0.0002860619999998093 971
0.00028617200000002896 972
0.0002861819999999682 971
0.00028630200000012707 970
0.00028634900000001906 971
0.00028642199999984186 970
0.00028654200000000074 969
0.000286570000000097 970
0.000286616999999989 971
0.00028664600000016804 972
0.0002866620000001596 971
0.00028676599999988284 972
0.0002867819999998744 971
0.0002868390000001497 970
0.0002868860000000417 971
0.0002869589999998645 970
0.0002870160000001398 969
0.0002871359999998546 968
0.0002872560000000135 967
0.0002872909999998008 968
0.0002873129999998447 967
0.0002874330000000036 966
0.0002875530000001625 965
0.00028760700000018957 966
0.0002876729999998773 965
0.0002877300000001526 964
0.0002878499999998674 963
0.00028797000000002626 962
0.00028809000000018514 961
0.00028820999999989994 960
0.0002882379999999962 961
0.0002883300000000588 960
0.0002884500000002177 959
0.0002885070000000489 958
0.0002885090000002144 959
0.00028854100000019756 960
0.0002886270000002078 959
0.0002887469999999226 958
0.0002888300000001287 959
0.0002888599999999464 960
0.0002888670000000815 959
0.00028890400000003424 960
0.00028898699999979627 959
0.0002890440000000716 958
0.0002891009999999028 957
0.00028914200000018653 958
0.0002892210000000617 957
0.00028934100000022056 956
0.0002893980000000518 955
0.00028951800000021066 954
0.00028963799999992546 953
0.00028969500000020076 952
0.00028974200000009276 953
0.000289752000000032 952
0.000289787999999902 953
0.00028987200000019087 952
0.00028999199999990566 951
0.00029003899999979765 952
0.00029011200000006454 951
0.0002902320000002234 950
0.0002903519999999382 949
0.0002903590000000733 950
0.0002904440000000008 951
0.0002904720000000971 950
0.0002905289999999283 949
0.0002906490000000872 948
0.00029068499999995723 949
0.000290768999999802 948
0.0002908260000000773 947
0.0002909459999997921 946
0.0002910030000000674 945
0.0002911229999997822 944
0.00029117600000017063 945
0.0002912429999999411 944
0.00029136300000009996 943
0.0002914199999999312 942
0.00029154000000009006 941
0.0002916139999999956 942
0.00029165999999980485 941
0.00029167599999979643 942
0.0002917130000001933 943
0.00029175900000000254 944
0.00029177999999996374 943
0.00029182500000013434 944
0.000291854999999952 945
0.0002919000000001226 944
0.00029195699999995384 943
0.0002920770000001127 942
0.00029213000000005707 943
0.00029213399999994394 942
0.0002922540000001028 941
0.0002923739999998176 940
0.0002924939999999765 939
0.0002926140000001354 938
0.00029273399999985017 937
0.00029285400000000905 936
0.00029297400000016793 935
0.0002930939999998827 934
0.0002932140000000416 933
0.00029327099999987283 932
0.00029332800000014814 931
0.00029338499999997936 930
0.0002934780000001247 931
0.00029350500000013824 930
0.000293512999999912 931
0.00029352700000018217 932
0.00029362499999985303 931
0.0002936270000000185 932
0.0002937450000000119 931
0.0002938650000001708 930
0.000293922000000002 929
0.0002940420000001609 928
0.00029410700000020995 929
0.0002941619999998757 928
0.00029428200000003457 927
0.00029440200000019345 926
0.00029452199999990825 925
0.00029464200000006713 924
0.000294692999999846 925
0.000294762000000226 924
0.0002948819999999408 923
0.0002950020000000997 922
0.0002951219999998145 921
0.00029524199999997336 920
0.00029536200000013224 919
0.00029541899999996346 918
0.00029553900000012234 917
0.00029565899999983714 916
0.000295778999999996 915
0.00029583599999982724 914
0.0002959559999999861 913
0.00029601299999981734 912
0.0002961329999999762 911
0.0002962530000001351 910
0.0002963729999998499 909
0.0002964300000001252 908
0.00029654999999984 907
0.000296666000000112 908
0.0002966699999999989 907
0.00029679000000015776 906
0.000296846999999989 905
0.0002969039999998202 904
0.0002970239999999791 903
0.00029714400000013796 902
0.0002971970000000823 903
0.0002972009999999692 902
0.00029732100000012807 901
0.000297436999999956 902
0.00029744099999984286 901
0.00029756100000000174 900
0.00029761799999983296 899
0.00029767500000010827 898
0.00029767699999982966 899
0.00029779499999982306 898
0.00029791499999998194 897
0.00029797399999997864 898
0.0002980350000001408 897
0.0002981549999998556 896
0.0002982750000000145 895
0.0002983319999998457 894
0.0002984520000000046 893
0.0002985720000001635 892
0.0002986919999998783 891
0.00029881200000003716 890
0.00029893200000019604 889
0.00029905199999991083 888
0.0002991720000000697 887
0.0002992919999997845 886
0.0002994119999999434 885
0.0002994690000002187 884
0.0002995889999999335 883
0.0002997090000000924 882
0.0002997659999999236 881
0.0002998230000001989 880
0.0002998800000000301 879
0.000300000000000189 878
0.0003001199999999038 877
0.0003002400000000627 876
0.00030036000000022156 875
0.00030047999999993635 874
0.00030060000000009524 873
0.00030071999999981003 872
0.0003008399999999689 871
0.0003009600000001278 870
0.00030103699999983746 871
0.00030106700000009923 872
0.0003010799999998426 871
0.00030120000000000147 870
0.00030132000000016035 869
0.00030143999999987514 868
0.000301560000000034 867
0.0003016800000001929 866
0.0003017999999999077 865
0.000301857000000183 864
0.0003019769999998978 863
0.0003020970000000567 862
0.00030221700000021556 861
0.00030233699999993036 860
0.00030245700000008924 859
0.00030257299999991716 860
0.00030257699999980403 859
0.0003026969999999629 858
0.0003028170000001218 857
0.0003029369999998366 856
0.00030305699999999547 855
0.00030317700000015435 854
0.00030329699999986914 853
0.000303417000000028 852
0.0003035370000001869 851
0.0003036569999999017 850
0.0003037770000000606 849
0.00030387500000017553 850
0.00030389700000021946 849
0.0003039049999999932 850
0.00030401699999993426 849
0.00030413700000009314 848
0.00030425699999980793 847
0.00030426500000002576 848
0.0003043769999999668 847
0.00030443399999979803 846
0.0003045539999999569 845
0.0003046740000001158 844
0.0003047939999998306 843
0.0003048510000001059 842
0.0003049709999998207 841
0.000305028000000096 840
0.0003051479999998108 839
0.0003052679999999697 838
0.00030538800000012856 837
0.00030550799999984335 836
0.00030556500000011866 835
0.0003056219999999499 834
0.00030574200000010876 833
0.0003057619999999872 834
0.00030586199999982355 833
0.00030598199999998243 832
0.0003061020000001413 831
0.0003062219999998561 830
0.000306342000000015 829
0.0003064620000001739 828
0.00030658199999988867 827
0.0003066020000002112 828
0.000306639000000164 827
0.00030675899999987877 826
0.0003068160000001541 825
0.00030693599999986887 824
0.00030705600000002775 823
0.00030714499999984213 824
0.00030717600000018663 823
0.0003072959999999014 822
0.0003074160000000603 821
0.0003075360000002192 820
0.000307655999999934 819
0.00030777600000009286 818
0.00030789599999980766 817
0.00030801599999996654 816
0.0003081360000001254 815
0.0003082559999998402 814
0.0003083759999999991 813
0.000308496000000158 812
0.00030861599999987277 811
0.00030867200000006534 812
0.00030873600000003165 811
0.00030879299999986287 810
0.00030891300000002175 809
0.00030903300000018064 808
0.00030915299999989543 807
0.0003092730000000543 806
0.00030930199999978925 807
0.0003093930000002132 806
0.00030942199999994813 807
0.0003094500000000444 806
0.0003095700000002033 805
0.0003096899999999181 804
0.0003097610000000195 805
0.00030981000000007697 804
0.00030990200000013957 805
0.00030992999999979176 804
0.00031004299999981555 805
0.00031004999999995064 804
0.0003101700000001095 803
0.0003102899999998243 802
0.0003104099999999832 801
0.0003105300000001421 800
0.00031060199999988214 801
0.0003106499999998569 800
0.00031077000000001576 799
0.0003108769999999872 800
0.00031089000000017464 799
0.00031098199999979315 800
0.00031100999999988943 799
0.000311036999999903 800
0.0003111300000000483 799
0.00031123700000001975 800
0.0003112500000002072 799
0.000311369999999922 798
0.0003113799999998612 799
0.00031149000000008087 798
0.00031160999999979566 797
0.00031172999999995454 796
0.0003118500000001134 795
0.00031187899999984836 796
0.0003119699999998282 795
0.0003120899999999871 794
0.0003121190000001661 795
0.000312210000000146 794
0.0003122549999998725 795
0.0003122960000001562 796
0.0003123299999998608 795
0.0003123750000000314 796
0.00031245000000001966 795
0.00031257000000017854 794
0.00031268999999989333 793
0.0003128100000000522 792
0.0003128330000001789 793
0.0003129109999999713 794
0.0003129300000002111 793
0.0003130499999999259 792
0.00031317000000008477 791
0.0003131870000001591 792
0.00031328999999979956 791
0.00031340999999995844 790
0.0003135300000001173 789
0.0003136499999998321 788
0.000313769999999991 787
0.0003138900000001499 786
0.0003139070000002242 787
0.0003139280000001854 788
0.0003140099999998647 787
0.00031413000000002356 786
0.00031416800000005907 787
0.00031425000000018244 786
0.0003142610000002044 787
0.00031430700000001366 786
0.0003143809999999192 787
0.00031442700000017254 786
0.0003145010000000781 787
0.00031454699999988733 786
0.0003146670000000462 785
0.00031474099999995175 786
0.0003147870000002051 785
0.00031486100000011064 786
0.0003149069999999199 785
0.0003149150000001377 786
0.00031498099999982543 787
0.00031502700000007877 786
0.0003151009999999843 787
0.00031514699999979356 786
0.00031526699999995245 785
0.00031538700000011133 784
0.0003155069999998261 783
0.00031556900000007104 784
0.00031558299999989714 785
0.000315626999999985 784
0.0003157470000001439 783
0.0003158210000000494 784
0.0003158669999998587 783
0.0003158750000000765 784
0.00031596800000022185 785
0.00031598700000001756 784
0.0003160609999999231 785
0.00031610700000017644 784
0.00031622699999989123 783
0.0003163470000000501 782
0.000316467000000209 781
0.0003165869999999238 780
0.0003166249999999593 781
0.00031670700000008267 780
0.00031682699999979747 779
0.000316864999999833 780
0.00031694699999995635 779
0.00031701499999980953 780
0.00031706700000011523 779
0.0003171349999999684 780
0.00031718699999983 779
0.0003173069999999889 778
0.000317407999999908 779
0.0003174270000001478 778
0.0003174530000000786 779
0.00031749500000000097 780
0.0003175469999998626 779
0.00031761500000015985 780
0.00031766700000002146 779
0.00031778700000018034 778
0.00031790699999989513 777
0.0003179750000001924 778
0.000318027000000054 777
0.0003180949999999072 778
0.00031814100000016055 779
0.0003181470000002129 778
0.0003182669999999277 777
0.000318324000000203 776
0.0003184439999999178 775
0.00031845499999993976 776
0.0003185640000000767 775
0.00031857500000009864 776
0.00031868399999979147 775
0.00031878500000015464 776
0.00031880399999995035 775
0.0003188149999999723 776
0.00031892400000010923 775
0.00031892900000007884 776
0.000319043999999824 775
0.0003191639999999829 774
0.00031917500000000487 775
0.0003192840000001418 774
0.0003194039999998566 773
0.00031941499999987855 774
0.00031952400000001546 773
0.00031953500000003743 774
0.00031964400000017434 773
0.0003196550000001963 774
0.00031976399999988914 773
0.0003197749999999111 774
0.000319884000000048 773
0.00031989500000007 774
0.0003200040000002069 773
0.0003200149999997848 774
0.0003201239999999217 773
0.00032013499999994366 774
0.000320181000000197 773
0.0003203009999999118 772
0.00032037499999981733 773
0.0003204210000000707 772
0.0003204779999999019 771
0.0003205980000000608 770
0.0003206150000001351 771
0.00032071800000021966 770
0.00032083799999993445 769
0.00032095800000009334 768
0.00032097500000016765 769
0.00032107799999980813 768
0.00032109499999988245 769
0.000321197999999967 768
0.0003213180000001259 767
0.0003214379999998407 766
0.000321454999999915 767
0.00032155799999999957 766
0.0003215750000000739 767
0.00032160200000008743 768
0.00032167800000015845 767
0.00032173499999998967 766
0.000321752000000064 767
0.0003217919999998209 766
0.00032191199999997977 765
0.00032199199999993766 766
0.00032203200000013865 765
0.00032215199999985344 764
0.00032220199999999366 765
0.00032223199999981134 766
0.0003222720000000123 765
0.0003223519999999702 766
0.0003223920000001712 765
0.00032244900000000243 764
0.00032255300000016973 765
0.0003225690000001613 764
0.00032262599999999253 763
0.0003227120000000028 764
0.0003227460000001514 763
0.00032280299999998263 762
0.00032283200000016166 763
0.00032285999999981385 762
0.00032289500000004523 763
0.00032295199999987645 764
0.00032297999999997273 763
0.00032307200000003533 764
0.0003231000000001316 763
0.0003231920000001942 764
0.0003232199999998464 763
0.00032323500000019934 764
0.0003233400000000053 763
0.00032343999999984163 764
0.0003234540000001118 765
0.00032346000000016417 764
0.0003235519999997827 765
0.00032356299999980465 766
0.00032357999999987896 765
0.00032367199999994156 766
0.00032370000000003785 765
0.00032375699999986907 764
0.00032379200000010044 765
0.00032387700000002795 764
0.00032391199999981524 765
0.00032393399999985917 764
0.0003239910000001345 763
0.00032411099999984927 762
0.000324152000000133 763
0.00032423100000000815 762
0.0003242719999998478 763
0.00032435100000016703 762
0.0003243920000000067 763
0.00032442199999982435 764
0.0003244709999998818 763
0.00032451200000016556 764
0.0003245910000000407 763
0.0003247110000001996 762
0.00032475200000003923 763
0.0003247680000000308 762
0.00032482499999986203 761
0.0003248720000001981 762
0.0003249190000000901 763
0.0003249450000000209 762
0.0003249919999999129 763
0.0003250650000001798 762
0.0003251120000000718 763
0.0003251849999998946 762
0.0003252319999997866 763
0.00032530500000005347 762
0.00032535199999994546 763
0.00032542500000021235 762
0.00032547200000010434 763
0.00032548200000004357 762
0.00032559199999981914 763
0.00032560200000020245 762
0.00032565900000003367 761
0.0003257610000000355 762
0.0003257749999998616 763
0.00032577900000019255 762
0.0003258360000000238 761
0.0003258889999999681 762
0.00032595600000018266 761
0.000326009000000127 762
0.00032607599999989745 761
0.0003261289999998418 762
0.00032613300000017276 761
0.0003262490000000007 762
0.00032625299999988755 761
0.00032637300000004643 760
0.00032644599999986923 761
0.0003264930000002053 760
0.00032660900000003323 761
0.0003266129999999201 760
0.0003267290000001921 761
0.000326733000000079 760
0.000326815999999841 761
0.0003268489999999069 762
0.0003268529999997938 761
0.0003269100000000691 760
0.0003269359999999999 761
0.0003269690000000658 762
0.0003270299999997839 761
0.00032714999999994276 760
0.00032720899999993946 761
0.00032727000000010165 760
0.00032732900000009835 761
0.00032738999999981644 760
0.00032740699999989076 761
0.00032744899999981314 762
0.00032746400000016607 763
0.0003275099999999753 762
0.00032762599999980324 763
0.0003276300000001342 762
0.00032768099999991307 763
0.0003277459999999621 764
0.000327749999999849 763
0.0003278700000000079 762
0.0003279229999999522 763
0.00032799000000016676 762
0.0003280430000001111 763
0.0003280810000001466 764
0.00032810999999988155 763
0.00032811499999985116 764
0.0003281629999998259 765
0.00032823000000004043 764
0.0003282829999999848 765
0.0003283500000001993 764
0.00032840300000014366 765
0.0003284699999999141 764
0.00032852299999985846 765
0.000328590000000073 764
0.00032864300000001734 765
0.0003287099999997878 764
0.00032882999999994666 763
0.000328882999999891 764
0.000328887000000222 763
0.0003290030000000499 764
0.00032900699999993677 763
0.00032912700000009565 762
0.00032924299999992357 763
0.00032924699999981044 762
0.0003293570000000301 763
0.0003293669999999693 762
0.0003294870000001282 761
0.000329606999999843 760
0.0003297270000000019 759
0.00032984700000016076 758
0.00032996699999987555 757
0.00033007999999989934 758
0.00033008700000003444 757
0.0003302070000001933 756
0.00033026400000002454 755
0.0003303049999998642 756
0.0003303840000001834 755
0.00033048100000021563 756
0.0003305039999998982 755
0.0003306240000000571 754
0.0003306740000001973 755
0.000330744000000216 754
0.0003307850000000556 755
0.00033086399999993077 754
0.0003309050000002145 755
0.00033096700000001533 756
0.00033098400000008965 755
0.0003310249999999293 756
0.00033110399999980444 755
0.0003312019999999194 756
0.0003312239999999633 755
0.00033129500000006473 756
0.0003313440000001222 755
0.0003314360000001848 756
0.000331463999999837 755
0.00033150799999992486 756
0.00033152200000019505 757
0.0003315559999998996 758
0.0003315839999999959 757
0.0003316760000000585 758
0.00033170400000015476 757
0.00033182399999986956 756
0.00033189700000013644 757
0.00033191599999993215 758
0.00033194400000002844 757
0.00033203600000009104 758
0.0003320640000001873 757
0.0003321839999999021 756
0.00033226999999991236 757
0.000332304000000061 756
0.00033239000000007124 757
0.0003324240000002199 756
0.0003324430000000156 757
0.00033246799999986365 758
0.00033254399999993467 757
0.0003326299999999449 758
0.00033266400000009355 757
0.0003327500000001038 758
0.00033278399999980834 757
0.0003329039999999672 756
0.0003329270000000939 757
0.0003329569999999116 758
0.0003330240000001261 757
0.0003330969999999489 758
0.0003331110000002191 759
0.0003331439999998409 758
0.0003332639999999998 757
0.0003332810000000741 758
0.00033338400000015866 757
0.0003334009999997889 758
0.00033350399999987346 757
0.0003335780000002231 758
0.00033362400000003234 757
0.0003336979999999379 758
0.0003337440000001912 757
0.0003337619999999042 758
0.00033381800000009676 759
0.000333863999999906 758
0.0003339019999999415 759
0.0003339840000000649 758
0.00033405799999997043 759
0.0003340980000001714 760
0.0003341040000002238 759
0.0003341780000001293 760
0.00033422399999993857 759
0.00033434400000009745 758
0.0003343550000001194 759
0.00033438200000013296 760
0.00033439599999995906 761
0.00033440099999992867 760
0.00033446700000006047 761
0.00033448099999988656 762
0.00033452100000008755 761
0.0003345949999999931 762
0.00033464099999980235 761
0.000334715000000152 762
0.00033476099999996123 761
0.00033479199999986164 762
0.00033483499999986677 763
0.0003348810000001201 762
0.00033495500000002565 763
0.0003350009999998349 762
0.00033507500000018453 763
0.0003351209999999938 762
0.0003351949999998993 763
0.00033524100000015267 762
0.0003353150000000582 763
0.00033536099999986746 762
0.0003354350000002171 763
0.00033548100000002634 762
0.0003355549999999319 763
0.0003356010000001852 762
0.00033563700000005525 763
0.0003356989999998561 764
0.00033571300000012627 765
0.0003357209999999 764
0.00033579499999980555 765
0.0003358410000000589 764
0.00033591499999996444 765
0.0003359610000002178 764
0.000336018000000049 763
0.0003360350000001233 764
0.0003361380000002079 763
0.0003361549999998381 764
0.0003362579999999227 763
0.00033637800000008156 762
0.0003364519999999871 763
0.00033649799999979635 762
0.00033656899999989776 763
0.000336572000000146 764
0.00033661799999995523 763
0.0003367380000001141 762
0.0003368579999998289 761
0.00033693200000017853 762
0.0003369779999999878 761
0.0003370519999998933 762
0.00033709800000014667 761
0.0003371720000000522 762
0.00033721799999986146 761
0.0003372920000002111 762
0.00033733800000002034 761
0.0003374119999999259 762
0.0003374389999999394 763
0.0003374580000001792 762
0.00033752700000011515 763
0.00033754099999994125 764
0.0003375590000000983 765
0.000337577999999894 764
0.0003376980000000529 763
0.00033770900000007487 764
0.0003378180000002118 763
0.00033782899999978966 764
0.0003379379999999266 763
0.00033794899999994854 764
0.00033805800000008546 763
0.0003380640000001378 764
0.0003380779999999639 765
0.00033817799999980025 764
0.0003381889999998222 765
0.00033829799999995913 764
0.00033832700000013816 765
0.00033834099999996425 766
0.000338418000000118 767
0.000338418000000118 766
0.00033847499999994923 765
0.0003384839999998057 766
0.00033853200000022454 765
0.00033860299999988186 766
0.00033865199999993933 765
0.00033866900000001365 766
0.0003387720000000982 765
0.00033878900000017254 766
0.000338891999999813 765
0.00033890899999988733 766
0.0003390119999999719 765
0.0003390290000000462 766
0.0003391320000001308 765
0.0003391490000002051 766
0.00033925199999984557 765
0.0003392689999999199 766
0.00033937200000000445 765
0.00033938900000007877 766
0.00033949200000016333 765
0.00033950899999979356 766
0.0003396119999998781 765
0.0003396709999998748 766
0.000339685000000145 767
0.000339732000000037 766
0.0003397490000001113 767
0.0003398520000001959 766
0.0003399719999999107 765
0.00034009200000006956 764
0.0003401090000001439 765
0.0003401869999999363 766
0.00034021199999978435 765
0.00034022899999985867 766
0.00034033199999994324 765
0.00034034900000001755 766
0.0003404520000001021 765
0.00034046900000017644 766
0.0003405719999998169 765
0.00034058899999989123 766
0.0003406919999999758 765
0.0003407090000000501 766
0.0003408120000001347 765
0.000340829000000209 766
0.00034093199999984947 765
0.0003409489999999238 766
0.00034105200000000835 765
0.00034106400000011305 766
0.00034107799999993915 767
0.00034117200000016723 766
0.00034121500000017235 767
0.00034122899999999845 768
0.000341291999999882 767
0.00034130899999995634 768
0.00034137500000008814 769
0.0003414120000000409 768
0.0003415320000001998 767
0.00034154899999983 768
0.0003416519999999146 767
0.0003416689999999889 768
0.0003416989999998066 769
0.00034177200000007346 768
0.000341845999999979 769
0.00034189199999978825 768
0.0003419660000001379 769
0.00034201199999994714 768
0.0003420859999998527 769
0.000342132000000106 770
0.000342132000000106 769
0.00034220600000001156 770
0.0003422519999998208 769
0.00034232600000017044 770
0.0003423719999999797 769
0.0003424289999998109 768
0.00034244599999988523 769
0.0003425489999999698 768
0.0003425660000000441 769
0.00034259300000005766 770
0.0003426690000001287 769
0.000342686000000203 770
0.0003427259999999599 769
0.0003428059999999178 770
0.0003428460000001188 769
0.0003429129999998892 770
0.0003429270000001594 771
0.00034296599999983357 770
0.00034304599999979146 771
0.00034308599999999245 770
0.00034316599999995034 771
0.00034320600000015133 770
0.0003432120000002037 771
0.00034326299999998255 770
0.0003432860000001092 771
0.00034338300000014144 770
0.00034350299999985623 769
0.0003435889999998665 770
0.00034360300000013666 771
0.0003436230000000151 770
0.000343702999999973 771
0.000343743000000174 770
0.0003438230000001319 771
0.0003438629999998888 770
0.0003439429999998467 771
0.00034398300000004767 770
0.00034406300000000556 771
0.00034410300000020655 770
0.00034418300000016444 771
0.00034422299999992134 770
0.00034430299999987923 771
0.0003443430000000802 770
0.00034439999999991144 769
0.0003444230000000381 770
0.0003445200000000703 769
0.000344543000000197 770
0.0003446399999997851 769
0.0003446629999999118 770
0.00034474700000020064 771
0.000344759999999944 770
0.00034478300000007067 771
0.0003448800000001029 770
0.00034490299999978546 771
0.0003449999999998177 770
0.00034511999999997656 769
0.00034514300000010323 770
0.00034524000000013544 769
0.000345262999999818 770
0.00034535999999985023 769
0.0003453829999999769 770
0.0003454800000000091 769
0.0003455030000001358 770
0.000345600000000168 769
0.0003456229999998506 770
0.0003457199999998828 769
0.00034574300000000946 770
0.00034584000000004167 769
0.00034589400000006876 770
0.00034592399999988643 771
0.00034596000000020055 770
0.0003459769999998308 771
0.000346067000000172 772
0.00034607999999991534 771
0.00034609699999998966 772
0.0003462000000000742 771
0.00034621700000014854 772
0.00034630700000004566 773
0.000346319999999789 772
0.00034633699999986334 773
0.0003464399999999479 772
0.0003464570000000222 773
0.0003465600000001068 772
0.0003465770000001811 773
0.000346616999999938 772
0.0003466969999998959 773
0.0003467370000000969 772
0.0003468170000000548 773
0.0003468569999998117 772
0.000346914000000087 771
0.00034693700000021366 772
0.0003470339999998018 771
0.00034705699999992845 772
0.00034715399999996066 771
0.0003472109999997919 770
0.0003472969999998021 771
0.00034733099999995076 770
0.000347416999999961 771
0.00034745100000010964 770
0.0003475370000001199 771
0.00034757099999982444 770
0.0003475850000000946 771
0.0003476569999998347 772
0.0003476909999999833 771
0.00034774799999981454 770
0.00034777699999999356 771
0.0003478679999999734 770
0.00034792499999980464 769
0.00034801699999986724 770
0.0003480449999999635 769
0.0003481370000000261 770
0.0003481650000001224 769
0.000348257000000185 770
0.0003482849999998372 769
0.0003483769999998998 770
0.000348397999999861 771
0.0003484049999999961 770
0.00034851800000001987 771
0.00034852500000015496 770
0.00034861700000021756 771
0.00034864499999986975 770
0.00034876500000002864 769
0.00034885700000009123 770
0.0003488850000001875 769
0.000348976999999806 770
0.0003490049999999023 769
0.0003490969999999649 770
0.0003491250000000612 769
0.0003492170000001238 770
0.000349238000000085 771
0.0003492450000002201 770
0.0003493369999998386 771
0.00034936499999993487 770
0.00034945699999999746 771
0.00034948500000009375 770
0.00034957700000015635 771
0.00034960499999980854 770
0.00034969699999987114 771
0.0003497249999999674 770
0.00034977500000010764 771
0.0003498450000001263 770
0.00034987399999986124 771
0.0003499649999998411 770
0.0003499940000000201 771
0.000350085 770
0.0003501710000000102 771
0.00035020500000015886 770
0.0003502910000001691 771
0.00035032499999987365 770
0.0003504109999998839 771
0.00035044500000003254 770
0.0003505310000000428 771
0.0003505650000001914 770
0.0003506849999999062 769
0.0003507080000000329 770
0.0003507350000000464 771
0.0003507420000001815 770
0.0003508619999998963 769
0.00035087899999997063 770
0.0003509820000000552 769
0.00035106800000006544 770
0.0003511020000002141 769
0.0003511880000002243 770
0.00035122199999992887 769
0.0003513079999999391 770
0.00035134200000008775 769
0.000351428000000098 770
0.00035146199999980254 769
0.0003515479999998128 770
0.0003515819999999614 769
0.0003517020000001203 768
0.0003518219999998351 767
0.00035184499999996177 768
0.0003518790000001104 767
0.00035196500000012065 768
0.0003519989999998252 767
0.0003520560000001005 766
0.00035208499999983545 767
0.0003521759999998153 766
0.0003522959999999742 765
0.0003523250000001532 766
0.00035241600000013307 765
0.00035253599999984786 764
0.0003525650000000269 765
0.00035265600000000674 764
0.00035268500000018577 765
0.0003527760000001656 764
0.00035280499999990056 765
0.0003528959999998804 764
0.00035292500000005944 765
0.0003530160000000393 764
0.0003530450000002183 765
0.0003531360000001982 764
0.000353255999999913 763
0.000353285000000092 764
0.00035337600000007185 763
0.0003534049999998068 764
0.00035349599999978665 763
0.00035352499999996567 764
0.00035361599999994553 763
0.00035364500000012455 764
0.0003537360000001044 763
0.00035376499999983935 764
0.0003538559999998192 763
0.00035388499999999823 764
0.0003539269999999206 765
0.0003539759999999781 764
0.00035406199999998833 765
0.00035409600000013697 764
0.0003541820000001472 765
0.00035421599999985176 764
0.00035433600000001064 763
0.0003543590000001373 764
0.0003544560000001695 763
0.0003544789999998521 764
0.0003545759999998843 763
0.0003546559999998422 764
0.0003546960000000432 763
0.0003547760000000011 764
0.0003548160000002021 763
0.00035489600000015997 764
0.0003549359999999169 763
0.00035501599999987477 764
0.00035505600000007576 763
0.00035517599999979055 762
0.00035519299999986487 763
0.00035523300000006586 762
0.00035535300000022474 761
0.00035536999999985497 762
0.00035541000000005596 761
0.00035549000000001385 762
0.00035553000000021484 761
0.00035561000000017273 762
0.00035564999999992963 761
0.0003557299999998875 762
0.00035575699999990107 763
0.0003557700000000885 762
0.0003558500000000464 763
0.0003558899999998033 762
0.0003560099999999622 761
0.00035611099999988127 762
0.00035612500000015146 763
0.00035613000000012107 762
0.00035621000000007896 763
0.00035624999999983586 762
0.00035626199999994057 763
0.00035632999999979376 764
0.00035636999999999475 763
0.00035644999999995264 764
0.00035649000000015363 763
0.000356496000000206 764
0.0003565700000001115 765
0.0003566099999998684 764
0.0003566899999998263 765
0.0003567300000000273 764
0.0003568099999999852 765
0.0003568500000001862 764
0.0003569300000001441 765
0.000356969999999901 764
0.00035704999999985887 765
0.00035709000000005986 764
0.00035717000000001775 765
0.00035721000000021874 764
0.00035729000000017663 765
0.00035732999999993353 764
0.0003574099999998914 765
0.0003574500000000924 764
0.0003575300000000503 765
0.0003575699999998072 764
0.0003576500000002092 765
0.0003576899999999661 764
0.000357769999999924 765
0.00035781000000012497 764
0.00035789000000008286 765
0.00035792999999983977 764
0.00035804999999999865 763
0.00035817000000015753 762
0.00035822699999998875 761
0.00035830699999994664 762
0.00035834700000014763 761
0.0003584270000001055 762
0.0003584669999998624 761
0.0003585469999998203 762
0.0003585870000000213 761
0.0003586669999999792 762
0.0003587070000001802 761
0.000358826999999895 760
0.00035890699999985287 761
0.00035894700000005386 760
0.00035902700000001175 761
0.00035906700000021274 760
0.00035914700000017064 761
0.00035918699999992754 760
0.0003593070000000864 759
0.00035932400000016074 760
0.000359416999999862 761
0.0003594269999998012 760
0.00035950100000015084 761
0.0003595469999999601 760
0.00035962099999986563 761
0.000359667000000119 760
0.0003597410000000245 761
0.00035978699999983377 760
0.0003598610000001834 761
0.00035990699999999265 760
0.0003599809999998982 761
0.00036002700000015153 760
0.00036010100000005707 761
0.0003601469999998663 760
0.00036022100000021595 761
0.0003602670000000252 760
0.0003603870000001841 759
0.0003604610000000896 760
0.0003605069999998989 759
0.0003605809999998044 760
0.00036062700000005776 759
0.0003607009999999633 760
0.00036074700000021664 759
0.00036080400000004786 758
0.0003608210000001222 759
0.00036092400000020675 758
0.000360940999999837 759
0.00036104399999992154 758
0.00036106099999999586 759
0.0003611640000000804 758
0.00036118100000015474 759
0.0003612839999997952 758
0.00036130099999986953 759
0.0003614039999999541 758
0.0003614210000000284 759
0.000361524000000113 758
0.0003615410000001873 759
0.0003615880000000793 760
0.00036164399999982777 759
0.0003616609999999021 760
0.00036176399999998665 759
0.00036178100000006097 760
0.00036188400000014553 759
0.00036190100000021985 760
0.0003620039999998603 759
0.00036202099999993465 760
0.0003621240000000192 759
0.0003621410000000935 760
0.0003622440000001781 759
0.0003622609999998083 760
0.0003623639999998929 759
0.0003623809999999672 760
0.00036248400000005176 759
0.0003625010000001261 760
0.00036260400000021065 759
0.0003626780000001162 760
0.00036272399999992544 759
0.0003628440000000843 758
0.0003628550000001063 759
0.00036290099999991554 758
0.0003629749999998211 759
0.0003630210000000744 758
0.00036309499999997996 759
0.0003631409999997892 758
0.00036321500000013884 759
0.0003632609999999481 758
0.00036333499999985364 759
0.000363381000000107 758
0.0003634550000000125 759
0.00036350099999982177 758
0.0003635750000001714 759
0.00036362099999998065 758
0.0003636949999998862 759
0.00036374100000013954 758
0.00036386099999985433 757
0.00036391800000012964 756
0.00036393500000020396 757
0.00036403799999984443 756
0.00036405499999991875 757
0.00036409500000011974 756
0.00036417500000007763 757
0.00036421499999983453 756
0.0003642949999997924 757
0.0003643349999999934 756
0.0003644149999999513 757
0.0003644550000001523 756
0.0003645119999999835 755
0.0003645350000001102 756
0.0003646320000001424 755
0.000364654999999825 756
0.0003647519999998572 755
0.00036487200000001607 754
0.00036499200000017495 753
0.00036501499999985754 754
0.0003650490000000062 753
0.0003651059999998374 752
0.0003652259999999963 751
0.0003652550000001753 752
0.00036534600000015516 751
0.0003653749999998901 752
0.00036546599999986995 751
0.000365495000000049 752
0.00036558600000002883 751
0.0003656720000000391 752
0.0003657060000001877 751
0.00036579200000019796 752
0.0003658259999999025 751
0.00036591199999991275 752
0.0003659460000000614 751
0.0003660029999998926 750
0.00036603200000007163 751
0.0003660600000001679 750
0.0003661519999997864 751
0.0003661799999998827 750
0.000366237000000158 749
0.00036629399999998924 748
0.0003663920000001042 749
0.0003664140000001481 748
0.00036647099999997934 747
0.000366511999999819 748
0.0003665910000001382 747
0.00036663199999997786 748
0.000366710999999853 747
0.00036675200000013675 748
0.0003667680000001283 747
0.00036682499999995954 746
0.00036687199999985154 747
0.0003669450000001184 746
0.0003669920000000104 747
0.0003670649999998332 746
0.0003671120000001693 747
0.0003671849999999921 746
0.0003672319999998841 747
0.0003672419999998233 746
0.000367352000000043 747
0.0003673619999999822 746
0.00036747200000020186 747
0.0003674820000001411 746
0.0003675389999999723 745
0.00036759199999991665 746
0.0003675959999998035 745
0.00036765300000007883 744
0.00036771200000007553 745
0.0003677729999997936 744
0.0003678319999997903 745
0.0003678929999999525 744
0.00036794999999978373 743
0.0003680699999999426 742
0.0003680720000001081 743
0.0003681900000001015 742
0.0003682490000000982 743
0.0003683099999998163 742
0.0003683670000000916 741
0.000368368999999813 742
0.0003684869999998064 741
0.00036848899999997187 742
0.0003685440000000817 741
0.0003686009999999129 740
0.00036860900000013075 741
0.0003686580000001882 740
0.00036871500000001944 739
0.00036872899999984554 740
0.0003688350000001783 739
0.0003688490000000044 740
0.00036889200000000955 739
0.00036894899999984077 738
0.0003689690000001633 739
0.00036906899999999965 738
0.0003690889999998781 739
0.00036918900000015853 738
0.0003693089999998733 737
0.00036932900000019586 738
0.00036936600000014863 737
0.00036942299999997985 736
0.00036944899999991065 737
0.00036947999999981107 736
0.0003695370000000864 735
0.00036956900000006954 736
0.00036965699999980117 735
0.00036968899999978433 736
0.0003697140000000765 735
0.0003698339999997913 734
0.0003699290000001021 735
0.00036995399999995016 734
0.00037007400000010904 733
0.00037016899999997577 734
0.00037019399999982383 733
0.0003702410000001599 734
0.00037025100000009914 733
0.00037030799999993036 732
0.00037034599999996587 733
0.00037042800000008924 732
0.00037046600000012475 733
0.00037054799999980403 732
0.00037058599999983954 733
0.00037060500000007934 732
0.00037066199999991056 731
0.00037071900000018587 730
0.0003708260000001573 731
0.00037083899999990066 730
0.000370896000000176 729
0.0003709459999998721 730
0.0003709530000000072 729
0.0003710099999998384 728
0.000371066000000031 729
0.0003711299999999973 728
0.00037118600000018986 729
0.0003712500000001562 728
0.00037136300000017997 729
0.00037136999999987097 728
0.0003714270000001463 727
0.0003714839999999775 726
0.00037154000000017007 727
0.0003715409999998087 726
0.00037159800000008403 725
0.00037165499999991525 724
0.00037165999999988486 725
0.00037171200000019056 724
0.0003717690000000218 723
0.00037178000000004374 724
0.000371825999999853 723
0.0003719460000000119 722
0.00037195700000003384 723
0.0003720029999998431 722
0.0003720600000001184 721
0.0003721169999999496 720
0.00037217400000022494 719
0.00037229399999993973 718
0.0003723170000000664 719
0.00037235100000021504 718
0.00037240800000004626 717
0.0003724649999998775 716
0.00037258500000003636 715
0.0003726419999998676 714
0.0003726990000001429 713
0.0003727559999999741 712
0.0003727910000002055 713
0.000372876000000133 712
0.0003729329999999642 711
0.00037296499999994737 712
0.00037298999999979543 711
0.00037303100000007916 712
0.00037304700000007074 711
0.00037310399999990196 710
0.00037315099999979395 711
0.00037322400000006084 710
0.00037327099999995283 711
0.00037328099999989206 710
0.00037333800000016737 709
0.00037345799999988216 708
0.00037350500000021825 709
0.00037351500000015747 708
0.0003735719999999887 707
0.0003736289999998199 706
0.0003737489999999788 705
0.0003738690000001377 704
0.00037391600000002967 705
0.0003739259999999689 704
0.0003739829999998001 703
0.00037403600000018855 704
0.0003740400000000754 703
0.00037409699999990664 702
0.00037415400000018195 701
0.00037427399999989674 700
0.00037433100000017205 699
0.0003743880000000033 698
0.00037439000000016875 699
0.0003744449999998345 698
0.0003745020000001098 697
0.00037450999999988355 698
0.000374558999999941 697
0.0003746790000000999 696
0.0003747359999999311 695
0.00037479300000020643 694
0.00037480700000003253 695
0.0003749129999999212 694
0.0003749690000001138 695
0.00037497000000019653 694
0.00037508999999991133 693
0.00037509800000012916 694
0.00037514700000018664 693
0.00037520400000001786 692
0.00037521799999984395 693
0.0003752609999998491 692
0.0003753180000001244 691
0.0003753749999999556 690
0.0003754950000001145 689
0.00037551499999999294 690
0.0003756149999998293 689
0.0003756350000001518 690
0.0003756720000001046 689
0.0003757289999999358 688
0.0003758120000001419 689
0.0003758490000000947 688
0.0003759689999998095 687
0.00037608899999996837 686
0.0003761459999997996 685
0.00037616000000006977 686
0.0003762030000000749 685
0.0003763229999997897 684
0.0003763939999998911 685
0.00037644299999994857 684
0.0003765000000002239 683
0.00037661999999993867 682
0.00037663400000020886 683
0.000376677000000214 682
0.0003767340000000452 681
0.0003767909999998764 680
0.0003769110000000353 679
0.0003769820000001367 680
0.0003770310000001942 679
0.000377150999999909 678
0.00037727100000006786 677
0.00037739099999978265 676
0.00037751099999994153 675
0.00037751900000015937 676
0.0003776310000001004 675
0.00037768799999993163 674
0.0003778080000000905 673
0.0003778329999999386 674
0.0003779279999998053 673
0.0003780479999999642 672
0.00037816800000012307 671
0.00037828799999983787 670
0.00037840799999999675 669
0.00037852800000015563 668
0.00037857600000013036 669
0.00037858999999995646 670
0.0003786479999998704 669
0.00037870500000014573 668
0.0003788249999998605 667
0.00037888200000013583 666
0.00037893899999996705 665
0.00037905900000012593 664
0.0003791789999998407 663
0.0003792709999999033 664
0.0003792989999999996 663
0.00037935599999983083 662
0.0003794759999999897 661
0.0003795960000001486 660
0.0003797159999998634 659
0.0003797360000001859 660
0.00037983600000002227 659
0.0003799099999999278 660
0.00037995600000018115 659
0.00038007599999989594 658
0.0003801960000000548 657
0.0003803160000002137 656
0.0003804359999999285 655
0.0003805560000000874 654
0.0003806129999999186 653
0.0003806700000001939 652
0.0003807430000000167 653
0.0003807830000002177 654
0.0003807899999999087 653
0.0003808730000001148 654
0.0003809100000000676 653
0.0003810299999997824 652
0.00038114999999994126 651
0.00038127000000010014 650
0.00038138999999981493 649
0.0003815099999999738 648
0.0003816300000001327 647
0.0003817499999998475 646
0.0003818070000001228 645
0.0003819269999998376 644
0.00038204699999999647 643
0.00038216700000015535 642
0.00038228699999987015 641
0.0003824059999999463 642
0.00038240700000002903 641
0.0003825270000001879 640
0.0003826469999999027 639
0.00038270300000009527 640
0.0003827670000000616 639
0.00038288700000022047 638
0.00038294299999996895 639
0.00038300699999993526 638
0.00038312700000009414 637
0.0003831829999998426 638
0.00038324699999980893 637
0.0003833669999999678 636
0.0003834230000001604 637
0.0003834870000001267 636
0.0003836069999998415 635
0.0003836480000001252 636
0.0003837199999998653 637
0.0003837270000000004 636
0.00038376799999984 637
0.00038384700000015926 636
0.00038396699999987405 635
0.00038408700000003293 634
0.0003842070000001918 633
0.00038423599999992675 634
0.0003843269999999066 633
0.00038437099999999447 634
0.0003844470000000655 633
0.0003844759999998004 634
0.00038456700000022437 633
0.00038468699999993916 632
0.0003847160000001182 633
0.00038480700000009804 632
0.00038492699999981284 631
0.00038495599999999186 632
0.0003849919999998619 633
0.0003850469999999717 632
0.0003851670000001306 631
0.00038521100000021846 632
0.00038523200000017965 633
0.00038525300000014084 634
0.0003852869999998454 633
0.0003854070000000043 632
0.0003854930000000145 633
0.00038552700000016316 632
0.00038564699999987795 631
0.00038576700000003683 630
0.00038580500000007234 631
0.0003858870000001957 630
0.00038597300000020596 631
0.0003860069999999105 630
0.0003861270000000694 629
0.0003862469999997842 628
0.0003862849999998197 629
0.00038636699999994306 628
0.0003863840000000174 629
0.00038640499999997857 630
0.00038648700000010194 629
0.00038650400000017626 630
0.00038660699999981674 629
0.0003867269999999756 628
0.0003868470000001345 627
0.00038692100000004004 628
0.00038694200000000123 629
0.0003869669999998493 628
0.0003870240000001246 627
0.0003870620000001601 628
0.0003870809999999558 627
0.0003871609999999137 628
0.0003871819999998749 629
0.0003872010000001147 628
0.0003872579999999459 627
0.0003872810000000726 628
0.00038731500000022123 627
0.000387434999999936 626
0.00038752099999994627 627
0.0003875550000000949 626
0.0003876119999999261 625
0.000387732000000085 624
0.00038778899999991623 623
0.00038784600000019154 622
0.0003878809999999788 623
0.00038796599999990633 622
0.0003880860000000652 621
0.00038814299999989643 620
0.0003882630000000553 619
0.00038831999999988653 618
0.0003884400000000454 617
0.0003884749999998327 618
0.00038849699999987664 617
0.0003885949999999916 618
0.0003886170000000355 617
0.0003887370000001944 616
0.0003888569999999092 615
0.00038895500000002414 616
0.0003889770000000681 615
0.000389075000000183 616
0.00038909699999978287 615
0.00038910200000019657 616
0.00038921699999994175 615
0.00038927400000021706 614
0.00038939399999993185 613
0.00038945100000020716 612
0.00038957099999992195 611
0.0003895819999999439 612
0.00038962800000019726 611
0.0003897319999999205 612
0.00038974799999991205 611
0.00038986800000007094 610
0.00038992499999990216 609
0.00038997199999979415 610
0.00038998200000017746 609
0.0003900390000000087 608
0.0003900959999998399 607
0.0003901530000001152 606
0.00039018199999985015 607
0.00039020999999994643 606
0.0003903300000001053 605
0.0003904499999998201 604
0.0003904519999999856 605
0.0003905070000000954 604
0.00039056399999992664 603
0.00039062100000020195 602
0.0003906429999998018 603
0.00039067800000003317 602
0.00039079800000019205 601
0.00039085500000002327 600
0.000390932000000177 601
0.00039097500000018215 600
0.00039109499999989694 599
0.0003912150000000558 598
0.00039126800000000017 599
0.0003913350000002147 598
0.0003914549999999295 597
0.0003915120000002048 596
0.00039156900000003603 595
0.0003916890000001949 594
0.00039174600000002613 593
0.00039186199999985405 594
0.000391866000000185 593
0.0003919859999998998 592
0.0003921060000000587 591
0.0003921629999998899 590
0.0003922830000000488 589
0.00039240300000020767 588
0.0003924600000000389 587
0.00039249200000002205 588
0.00039258000000019777 587
0.00039269999999991256 586
0.00039282000000007145 585
0.00039287699999990267 584
0.000392934000000178 583
0.00039305399999989277 582
0.0003931110000001681 581
0.0003931679999999993 580
0.0003932249999998305 579
0.00039333500000005017 580
0.0003933449999999894 579
0.0003934019999998206 578
0.0003934590000000959 577
0.00039351599999992715 576
0.00039357300000020246 575
0.00039357800000017207 576
0.0003936300000000337 575
0.00039367400000012154 576
0.0003936869999998649 575
0.0003938070000000238 574
0.00039392700000018266 573
0.0003939840000000139 572
0.0003940409999998451 571
0.0003940980000001204 570
0.00039415499999995163 569
0.00039417200000002595 570
0.00039421199999978285 569
0.00039433199999994173 568
0.00039438900000021704 567
0.00039444600000004826 566
0.0003945029999998795 565
0.00039452600000000615 566
0.0003945600000001548 565
0.000394616999999986 564
0.0003946739999998172 563
0.00039473100000009254 562
0.00039475999999982747 563
0.00039478799999992376 562
0.00039484500000019906 561
0.00039487999999998635 562
0.0003949020000000303 561
0.0003949589999998615 560
0.0003950160000001368 559
0.00039505699999997645 560
0.00039507299999996803 559
0.00039512999999979925 558
0.00039518700000007456 557
0.0003952439999999058 556
0.0003953010000001811 555
0.0003953580000000123 554
0.00039541099999995666 555
0.00039541499999984353 554
0.00039547200000011884 553
0.00039552899999995006 552
0.00039558600000022537 551
0.00039558799999994676 552
0.0003956430000000566 551
0.0003956999999998878 550
0.0003957570000001631 549
0.00039581399999999434 548
0.00039587099999982556 547
0.0003958719999999083 548
0.00039592800000010087 547
0.0003959849999999321 546
0.0003960420000002074 545
0.0003960730000001078 546
0.0003960990000000386 545
0.00039615599999986983 544
0.00039618199999980064 545
0.00039621300000014514 544
0.00039626999999997636 543
0.0003963269999998076 542
0.0003964309999999749 543
0.00039644699999996647 542
0.0003965039999997977 541
0.000396561000000073 540
0.0003966179999999042 539
0.0003966750000001795 538
0.00039673200000001074 537
0.0003968520000001696 536
0.0003969719999998844 535
0.0003970290000001597 534
0.00039708599999999095 533
0.00039714299999982217 532
0.0003972000000000975 531
0.00039731999999981227 530
0.0003973770000000876 529
0.0003974339999999188 528
0.0003974910000001941 527
0.0003975480000000253 526
0.0003976680000001842 525
0.00039771100000018933 526
0.00039772500000001543 525
0.00039778199999984665 524
0.00039783900000012196 523
0.00039787000000002237 524
0.0003978959999999532 523
0.0003979529999997844 522
0.0003980100000000597 521
0.0003980669999998909 520
0.00039812400000016623 519
0.00039818099999999745 518
0.0003982379999998287 517
0.000398295000000104 516
0.0003983519999999352 515
0.0003984090000002105 514
0.0003984560000001025 515
0.00039846600000004173 514
0.00039852299999987295 513
0.00039857500000017865 514
0.00039858000000014826 513
0.0003986249999998748 514
0.0003986369999999795 513
0.0003986939999998107 512
0.000398751000000086 511
0.00039880799999991723 510
0.0003989280000000761 509
0.00039898499999990733 508
0.00039904200000018264 507
0.00039909900000001386 506
0.0003991559999998451 505
0.0003992130000001204 504
0.0003992699999999516 503
0.00039932699999978283 502
0.0003994469999999417 501
0.000399504000000217 500
0.00039956100000004824 499
0.0003996810000002071 498
0.00039973800000003834 497
0.00039979499999986956 496
0.00039985200000014487 495
0.0003999089999999761 494
0.0003999659999998073 493
0.00040000899999981243 494
0.0004000230000000826 493
0.0004001429999997974 492
0.0004002000000000727 491
0.00040025699999990394 490
0.00040031400000017925 489
0.00040043399999989404 488
0.00040043700000014226 489
0.00040049100000016935 488
0.00040054800000000057 487
0.0004006049999998318 486
0.0004006620000001071 485
0.0004007160000001342 486
0.0004007189999999383 485
0.00040077600000021363 484
0.0004008959999999284 483
0.00040095300000020373 482
0.00040101000000003495 481
0.00040106699999986617 480
0.0004011240000001415 479
0.0004011809999999727 478
0.0004012379999998039 477
0.00040129500000007923 476
0.00040135199999991045 475
0.00040147200000006933 474
0.00040152899999990055 473
0.00040158600000017586 472
0.0004016430000000071 471
0.0004016999999998383 470
0.0004017570000001136 469
0.0004018769999998284 468
0.0004019340000001037 467
0.00040199099999993493 466
0.00040204800000021024 465
0.00040210500000004146 464
0.0004021619999998727 463
0.000402219000000148 462
0.0004022759999999792 461
0.0004022780000001447 462
0.0004023329999998104 461
0.00040239000000008573 460
0.00040244699999991695 459
0.00040250400000019226 458
0.00040251500000021423 459
0.0004025610000000235 458
0.0004026179999998547 457
0.00040267500000013 456
0.00040273199999996123 455
0.00040278899999979245 454
0.00040284600000006776 453
0.000402902999999899 452
0.0004029600000001743 451
0.0004030170000000055 450
0.00040307399999983673 449
0.00040313100000011204 448
0.00040318799999994326 447
0.00040324500000021857 446
0.0004033020000000498 445
0.000403358999999881 444
0.0004034160000001563 443
0.00040347299999998754 442
0.0004034769999998744 443
0.00040352999999981876 442
0.00040355100000022404 443
0.0004035849999999286 444
0.00040358700000009406 443
0.0004036439999999253 442
0.0004037010000002006 441
0.0004037580000000318 440
0.00040381499999986303 439
0.00040387200000013834 438
0.00040392899999996956 437
0.0004039859999998008 436
0.0004040430000000761 435
0.0004040999999999073 434
0.0004041570000001826 433
0.00040421400000001384 432
0.00040427099999984506 431
0.00040432800000012037 430
0.0004043849999999516 429
0.0004045010000002236 430
0.00040450500000011047 429
0.0004045619999999417 428
0.000404619000000217 427
0.0004046760000000482 426
0.00040473299999987944 425
0.00040479000000015475 424
0.00040484699999998597 423
0.0004049039999998172 422
0.0004049610000000925 421
0.0004050179999999237 420
0.000405075000000199 419
0.00040513200000003025 418
0.00040518899999986147 417
0.0004052460000001368 416
0.0004052979999999984 417
0.000405302999999968 416
0.0004053599999997992 415
0.00040540600000005256 416
0.0004054170000000745 415
0.00040547399999990574 414
0.00040553100000018105 413
0.00040558800000001227 412
0.0004056449999998435 411
0.0004057020000001188 410
0.00040575899999995 409
0.00040581600000022533 408
0.00040587300000005655 407
0.00040592999999988777 406
0.0004059870000001631 405
0.0004060439999999943 404
0.0004061640000001532 403
0.0004062209999999844 402
0.00040625299999996756 403
0.0004062779999998156 402
0.00040633500000009093 401
0.00040635700000013486 402
0.00040639199999992215 401
0.00040644900000019746 400
0.000406476000000211 401
0.0004065060000000287 400
0.0004065459999997856 401
0.0004065629999998599 400
0.00040659499999984305 401
0.0004066200000001352 400
0.0004066769999999664 399
0.00040673399999979765 398
0.00040679100000007296 397
0.0004068479999999042 396
0.0004069050000001795 395
0.0004069620000000107 394
0.0004070820000001696 393
0.0004071390000000008 392
0.000407195999999832 391
0.00040725300000010733 390
0.00040730999999993855 389
0.00040736700000021386 388
0.0004074240000000451 387
0.0004074809999998763 386
0.0004075380000001516 385
0.0004076579999998664 384
0.0004077150000001417 383
0.00040777199999997293 382
0.00040782899999980415 381
0.00040788600000007946 380
0.0004079429999999107 379
0.000408000000000186 378
0.0004080570000000172 377
0.00040811399999984843 376
0.00040817100000012374 375
0.00040822799999995496 374
0.0004082849999997862 373
0.0004083420000000615 372
0.00040846200000022037 371
0.0004085190000000516 370
0.0004085759999998828 369
0.0004086330000001581 368
0.00040868600000010247 369
0.0004087529999998729 368
0.0004088100000001482 367
0.00040883700000016177 368
0.00040886699999997944 367
0.00040892399999981066 366
0.00040898100000008597 365
0.0004090379999999172 364
0.0004090950000001925 363
0.0004091520000000237 362
0.0004092720000001826 361
0.0004093290000000138 360
0.0004094490000001727 359
0.0004095060000000039 358
0.00040956299999983514 357
0.000409682999999994 356
0.00040973999999982524 355
0.00040979700000010055 354
0.00040991699999981535 353
0.00040997400000009065 352
0.0004100309999999219 351
0.0004100880000001972 350
0.000410207999999912 349
0.0004102200000000167 350
0.0004102650000001873 349
0.0004103220000000185 348
0.0004103789999998497 347
0.00041043600000012503 346
0.00041049299999995625 345
0.00041051000000003057 346
0.0004105499999997875 345
0.00041055900000008805 346
0.0004106070000000628 345
0.000410663999999894 344
0.0004107210000001693 343
0.00041077800000000053 342
0.00041083499999983175 341
0.00041095499999999063 340
0.00041101199999982185 339
0.00041113199999998074 338
0.00041118899999981195 337
0.00041124600000008726 336
0.0004113029999999185 335
0.0004113600000001938 334
0.000411417000000025 333
0.00041147399999985623 332
0.00041153100000013154 331
0.00041158799999996276 330
0.000411644999999794 329
0.0004117020000000693 328
0.0004117589999999005 327
0.0004118160000001758 326
0.00041187300000000704 325
0.00041192999999983826 324
0.00041198700000011357 323
0.0004119999999998569 324
0.0004120439999999448 323
0.0004121010000002201 322
0.0004121580000000513 321
0.00041221499999988254 320
0.0004123350000000414 319
0.0004124550000002003 318
0.0004125120000000315 317
0.00041256200000017174 318
0.00041256899999986274 317
0.00041262600000013805 316
0.00041268299999996927 315
0.0004127399999998005 314
0.0004127970000000758 313
0.000412853999999907 312
0.0004129110000001823 311
0.00041296800000001355 310
0.00041302499999984477 309
0.0004130820000001201 308
0.0004131389999999513 307
0.0004131959999997825 306
0.0004132530000000578 305
0.00041330999999988904 304
0.00041336700000016435 303
0.00041342399999999557 302
0.0004134809999998268 301
0.0004135380000001021 300
0.0004135949999999333 299
0.00041365200000020863 298
0.00041370900000003985 297
0.00041376599999987107 296
0.0004137929999998846 297
0.0004138230000001464 296
0.0004138799999999776 295
0.0004139369999998088 294
0.00041399400000008413 293
0.00041405099999991535 292
0.00041410800000019066 291
0.0004141560000001654 292
0.0004141650000000219 291
0.0004142219999998531 290
0.0004142790000001284 289
0.0004143359999999596 288
0.00041439299999979085 287
0.00041445000000006615 286
0.0004145069999998974 285
0.0004145640000001727 284
0.0004146210000000039 283
0.0004146779999998351 282
0.00041473500000011043 281
0.00041479199999994165 280
0.00041484900000021696 279
0.0004148779999999519 280
0.0004149060000000482 279
0.00041502600000020706 278
0.0004150830000000383 277
0.0004151399999998695 276
0.0004151970000001448 275
0.00041525399999997603 274
0.00041531099999980725 273
0.00041536800000008256 272
0.0004154249999999138 271
0.0004154820000001891 270
0.0004155390000000203 269
0.00041559599999985153 268
0.00041565300000012684 267
0.00041570999999995806 266
0.0004157669999997893 265
0.0004158240000000646 264
0.0004158809999998958 263
0.0004159380000001711 262
0.00041599500000000234 261
0.00041605199999983355 260
0.00041610900000010886 259
0.0004161659999999401 258
0.0004162230000002154 257
0.0004162800000000466 256
0.00041633699999987783 255
0.00041639400000015314 254
0.00041645099999998436 253
0.0004165079999998156 252
0.0004165650000000909 251
0.0004166219999999221 250
0.0004166790000001974 249
0.00041673600000002864 248
0.00041679299999985986 247
0.00041685000000013517 246
0.0004169069999999664 245
0.00041695800000018934 246
0.0004169639999997976 245
0.0004170210000000729 244
0.00041707799999990414 243
0.000417121999999992 244
0.000417198000000063 243
0.00041725499999989424 242
0.00041731200000016955 241
0.00041743199999988434 240
0.00041748900000015965 239
0.00041754599999999087 238
0.00041766600000014975 237
0.00041772299999998097 236
0.0004177799999998122 235
0.0004178370000000875 234
0.0004178939999999187 233
0.00041795100000019403 232
0.00041800800000002525 231
0.00041806499999985647 230
0.0004181220000001318 229
0.000418178999999963 228
0.0004182359999997942 227
0.0004182930000000695 226
0.00041834999999990075 225
0.0004183730000000274 226
0.00041840700000017605 225
0.0004184640000000073 224
0.0004185190000001171 225
0.0004185209999998385 224
0.0004185780000001138 223
0.000418634999999945 222
0.00041869200000022033 221
0.00041874900000005155 220
0.00041880599999988277 219
0.0004188630000001581 220
0.0004188630000001581 219
0.0004189199999999893 218
0.0004189769999998205 217
0.00041903400000009583 216
0.0004190830000001533 217
0.00041909099999992705 216
0.00041914800000020236 215
0.0004192050000000336 214
0.0004192619999998648 213
0.0004193190000001401 212
0.00041937599999997133 211
0.00041943299999980255 210
0.00041949000000007786 209
0.0004195469999999091 208
0.0004196040000001844 207
0.00041962900000003245 208
0.0004196610000000156 207
0.0004196770000000072 208
0.0004197179999998468 207
0.00041977500000012213 206
0.00041983199999995335 205
0.000419942000000173 206
0.00041995200000011224 205
0.00042000899999994346 204
0.00042006600000021876 203
0.00042012300000005 202
0.0004201799999998812 201
0.0004202370000001565 200
0.00042029399999998773 199
0.00042035099999981895 198
0.00042040800000009426 197
0.0004204649999999255 196
0.0004205220000002008 195
0.000420579000000032 194
0.00042063599999986323 193
0.00042069300000013854 192
0.00042074999999996976 191
0.000420806999999801 190
0.0004208499999998061 191
0.0004208640000000763 190
0.0004209209999999075 189
0.0004209780000001828 188
0.00042103500000001404 187
0.00042109199999984526 186
0.00042114900000012057 185
0.0004212059999999518 184
0.000421262999999783 183
0.0004213200000000583 182
0.00042137699999988953 181
0.00042143400000016484 180
0.00042149099999999606 179
0.0004215479999998273 178
0.0004216050000001026 177
0.0004216619999999338 176
0.0004217190000002091 175
0.00042177600000004034 174
0.00042183299999987156 173
0.00042189000000014687 172
0.0004219469999999781 171
0.0004220039999998093 170
0.0004220610000000846 169
0.00042211799999991584 168
0.00042217500000019115 167
0.00042223200000002237 166
0.0004222889999998536 165
0.00042231400000014574 166
0.0004223460000001289 165
0.0004224029999999601 164
0.00042245999999979134 163
0.00042251700000006664 162
0.00042257399999989786 161
0.0004226310000001732 160
0.0004226880000000044 159
0.0004227449999998356 158
0.0004228020000001109 157
0.00042285899999994214 156
0.00042291600000021745 155
0.00042297300000004867 154
0.0004230299999998799 153
0.0004230870000001552 152
0.0004231439999999864 151
0.00042320099999981764 150
0.00042325800000009295 149
0.00042331499999992417 148
0.0004233540000000424 149
0.0004233720000001995 148
0.0004234290000000307 147
0.0004234859999998619 146
0.0004235430000001372 145
0.00042359999999996845 144
0.00042365699999979967 143
0.000423714000000075 142
0.0004237709999999062 141
0.00042378400000009364 142
0.0004238280000001815 141
0.0004238850000000127 140
0.00042394199999984394 139
0.00042399900000011925 138
0.00042405599999995047 137
0.0004240989999999556 138
0.0004241130000002258 137
0.000424170000000057 136
0.00042420200000004016 137
0.0004242269999998882 136
0.00042428400000016353 135
0.00042434099999999475 134
0.00042439799999982597 133
0.00042441899999978716 134
0.0004244550000001013 133
0.00042449400000021953 134
0.0004245119999999325 133
0.0004245690000002078 132
0.00042462600000003903 131
0.00042468299999987025 130
0.00042474000000014556 129
0.0004247969999999768 128
0.000424853999999808 127
0.0004249110000000833 126
0.0004249679999999145 125
0.00042502500000018983 124
0.00042508200000002105 123
0.0004251389999998523 122
0.0004251960000001276 121
0.0004252529999999588 120
0.00042530999999979 119
0.00042536700000006533 118
0.00042542399999989655 117
0.0004254580000000452 118
0.00042548100000017186 117
0.00042560099999988665 116
0.00042572100000004554 115
0.00042577799999987676 114
0.00042583500000015206 113
0.0004258919999999833 112
0.0004259489999998145 111
0.0004260689999999734 110
0.0004261259999998046 109
0.0004261830000000799 108
0.00042618400000016265 109
0.00042623999999991113 108
0.00042629700000018644 107
0.00042635400000001766 106
0.0004264109999998489 105
0.0004264680000001242 104
0.0004265249999999554 103
0.00042658199999978663 102
0.00042663900000006194 101
0.00042669599999989316 100
0.00042675300000016847 99
0.0004268099999999997 98
0.0004268669999998309 97
0.0004269240000001062 96
0.00042698099999993744 95
0.00042703800000021275 94
0.00042709500000004397 93
0.0004271519999998752 92
0.0004272090000001505 91
0.0004272659999999817 90
0.00042732299999981294 89
0.00042738000000008824 88
0.00042743699999991946 87
0.0004274940000001948 86
0.000427551000000026 85
0.0004276079999998572 84
0.0004276650000001325 83
0.00042772199999996374 82
0.00042777899999979496 81
0.00042783600000007027 80
0.0004278929999999015 79
0.0004279500000001768 78
0.000428007000000008 77
0.00042806399999983924 76
0.00042812100000011455 75
0.00042817799999994577 74
0.0004282350000002211 73
0.0004282920000000523 72
0.0004283489999998835 71
0.0004284060000001588 70
0.00042846299999999005 69
0.00042851999999982127 68
0.0004285770000000966 67
0.0004286339999999278 66
0.0004286910000002031 65
0.0004287480000000343 64
0.00042880499999986554 63
0.00042886200000014085 62
0.00042891899999997207 61
0.0004289759999998033 60
0.0004290330000000786 59
0.0004290899999999098 58
0.00042914700000018513 57
0.00042920400000001635 56
0.00042926099999984757 55
0.0004293180000001229 54
0.0004293749999999541 53
0.0004294319999997853 52
0.00042948900000006063 51
0.00042954599999989185 50
0.00042960300000016716 49
0.0004296599999999984 48
0.0004297169999998296 47
0.0004297740000001049 46
0.0004298309999999361 45
0.00042988800000021143 44
0.00042994500000004265 43
0.00042997999999982994 44
0.0004300019999998739 43
0.00043012200000003276 42
0.000430178999999864 41
0.0004302360000001393 40
0.0004302929999999705 39
0.0004303499999998017 38
0.00043040700000007703 37
0.00043046399999990825 36
0.00043052100000018356 35
0.0004305780000000148 34
0.000430634999999846 33
0.0004306920000001213 32
0.00043074899999995253 31
0.00043080599999978375 30
0.00043086300000005906 29
0.0004309199999998903 28
0.0004309770000001656 27
0.0004310339999999968 26
0.00043109099999982803 25
0.00043114800000010334 24
0.00043120499999993456 23
0.00043126200000020987 22
0.00043130900000010186 23
0.0004313190000000411 22
0.0004313759999998723 21
0.0004314330000001476 20
0.00043148999999997883 19
0.00043154699999981005 18
0.00043160400000008536 17
0.0004316609999999166 16
0.0004317180000001919 15
0.0004317750000000231 14
0.00043183199999985433 13
0.00043188900000012964 12
0.00043194599999996086 11
0.0004320029999997921 10
0.0004320600000000674 9
0.0004321169999998986 8
0.0004321740000001739 7
0.00043223100000000514 6
0.00043228799999983636 5
0.00043234500000011167 4
0.0004324019999999429 3
0.0004324590000002182 2
0.0004325160000000494 1
0.00043257299999988064 0
0.0004349650000001759 1
0.0004349650000001759 0
0.00043673299999991144 1
0.00043673299999991144 0
0.00044010000000005434 1
0.00044010000000005434 0
0.00044128499999995796 1
0.00044128499999995796 0
0.00044142600000007803 1
0.00044142600000007803 0
0.0004415060000000359 1
0.0004415060000000359 0
0.00044218099999993044 1
0.00044218099999993044 0
0.0004429940000001409 1
0.0004429940000001409 0
0.00044365099999987834 1
0.00044365099999987834 0
0.00044403099999978934 1
0.00044403099999978934 0
0.0004459390000000063 1
0.0004459390000000063 0
0.00044633599999999163 1
0.00044633599999999163 0
0.00045137200000011646 1
0.00045137200000011646 0
0.000451446000000022 1
0.000451446000000022 0
0.00045229199999985426 1
0.00045229199999985426 0
0.00045238200000019546 1
0.00045238200000019546 0
0.00045370999999994055 1
0.00045370999999994055 0
0.00045372400000021074 1
0.00045372400000021074 0
0.00045390299999992223 1
0.00045390299999992223 0
0.0004564949999998902 1
0.0004564949999998902 0
0.00045689299999995825 1
0.00045689299999995825 0
0.0004640509999997988 1
0.0004640509999997988 0
0.0004682630000001353 1
0.0004682630000001353 0
0.0004781079999998106 1
0.0004781079999998106 0
0.0004890959999999112 1
0.0004890959999999112 0
0.00048921600000007 1
0.00048921600000007 0
0.0004927920000001862 1
0.0004927920000001862 0
0.0005104669999997924 1
0.0005104669999997924 0
0.0005443409999998927 1
0.0005443409999998927 0
0.000557531000000111 1
0.000557531000000111 0
0.0005654869999998091 1
0.0005654869999998091 0
0.0005663909999999994 1
0.0005663909999999994 0
0.0005666209999999339 1
0.0005666209999999339 0
0.0005672780000001154 0