time length
0.0 0
1.8600000002422235e-06 1
1.8600000002422235e-06 0
1.919999999877575e-06 1
1.919999999877575e-06 0
2.0749999998237456e-06 1
2.0749999998237456e-06 0
2.2550000000620685e-06 1
2.2550000000620685e-06 0
2.3750000002209504e-06 1
2.3750000002209504e-06 0
2.5049999998749684e-06 1
2.5049999998749684e-06 0
2.530000000167121e-06 1
2.530000000167121e-06 0
2.7049999999917418e-06 1
2.7049999999917418e-06 0
2.7099999999613544e-06 1
2.7099999999613544e-06 0
3.0199999998536953e-06 1
3.0199999998536953e-06 0
3.5050000000147463e-06 1
3.5050000000147463e-06 0
3.621999999925407e-06 1
3.621999999925407e-06 0
3.6350000001128535e-06 1
3.6350000001128535e-06 0
3.6470000002175595e-06 1
3.742000000084289e-06 0
3.8099999999374745e-06 1
3.8099999999374745e-06 0
3.940000000035582e-06 1
3.940000000035582e-06 0
3.964999999883645e-06 1
3.964999999883645e-06 0
4.037000000067792e-06 1
4.037000000067792e-06 0
4.155000000061193e-06 1
4.155000000061193e-06 0
4.192000000013962e-06 1
4.192000000013962e-06 0
4.279000000106947e-06 1
4.279000000106947e-06 0
4.280000000189688e-06 1
4.3039999999550105e-06 2
4.312000000172844e-06 1
4.3160000000597165e-06 0
4.318999999863848e-06 1
4.319999999946589e-06 0
4.344000000156001e-06 1
4.344000000156001e-06 0
4.378999999943289e-06 1
4.378999999943289e-06 0
4.409999999843706e-06 1
4.409999999843706e-06 0
4.434000000053118e-06 1
4.434000000053118e-06 0
4.450000000044696e-06 1
4.450000000044696e-06 0
4.51500000009375e-06 1
4.51500000009375e-06 0
4.554000000212e-06 1
4.554000000212e-06 0
4.5690000001208375e-06 1
4.5690000001208375e-06 0
4.61200000012596e-06 1
4.61200000012596e-06 0
4.694000000249332e-06 1
4.694000000249332e-06 0
4.7319999998407525e-06 1
4.7319999998407525e-06 0
4.732999999923493e-06 1
4.736000000171714e-06 0
4.748999999915071e-06 1
4.752000000163292e-06 2
4.813999999964125e-06 3
4.827000000151571e-06 4
4.854000000165115e-06 5
4.855999999886507e-06 4
4.860000000217468e-06 5
4.860000000217468e-06 4
4.86400000010434e-06 3
4.869000000073953e-06 4
4.874000000043566e-06 5
4.9789999998495205e-06 6
4.983999999819133e-06 5
4.988000000150095e-06 4
5.004000000141673e-06 5
5.048999999868187e-06 6
5.081999999934084e-06 7
5.100000000091143e-06 8
5.107999999864887e-06 7
5.112000000195849e-06 6
5.116000000082721e-06 5
5.119999999969593e-06 4
5.123999999856466e-06 3
5.128000000187427e-06 2
5.132000000074299e-06 1
5.135999999961172e-06 0
5.1569999999223626e-06 1
5.193999999875132e-06 2
5.194999999957872e-06 3
5.219000000167284e-06 4
5.240000000128475e-06 5
5.2560000001200535e-06 4
5.260000000006926e-06 3
5.272000000111632e-06 4
5.359999999843268e-06 5
5.380000000165808e-06 4
5.38400000005268e-06 3
5.387999999939552e-06 2
5.3919999998264245e-06 1
5.396000000157386e-06 0
5.408999999900743e-06 1
5.454000000071346e-06 2
5.459000000040959e-06 3
5.4640000000105715e-06 4
5.473999999949797e-06 5
5.515999999872179e-06 4
5.52000000020314e-06 5
5.579000000199841e-06 6
5.585000000252194e-06 7
5.613999999987129e-06 8
5.636000000031061e-06 7
5.639999999917933e-06 8
5.639999999917933e-06 7
5.760000000076815e-06 6
5.763999999963687e-06 5
5.767999999850559e-06 4
5.772000000181521e-06 3
5.776000000068393e-06 2
5.778999999872525e-06 3
5.779999999955265e-06 2
5.783999999842138e-06 3
5.783999999842138e-06 2
5.788000000173099e-06 1
5.7890000002558395e-06 2
5.819000000073515e-06 3
5.821999999877647e-06 4
5.829000000012741e-06 5
5.869000000213731e-06 6
5.869999999852382e-06 7
5.907999999887892e-06 6
5.912000000218853e-06 5
5.9160000001057256e-06 4
5.919999999992598e-06 3
5.92399999987947e-06 2
5.939000000232397e-06 3
5.976999999823818e-06 4
5.976999999823818e-06 5
6.0090000002510635e-06 6
6.044000000038352e-06 7
6.044000000038352e-06 6
6.045000000121092e-06 7
6.047999999925224e-06 6
6.0570000002257984e-06 7
6.094000000178568e-06 8
6.109000000087406e-06 9
6.120000000109371e-06 10
6.128999999965856e-06 11
6.13700000018369e-06 12
6.168000000084106e-06 11
6.1719999999709785e-06 10
6.175999999857851e-06 9
6.2170000001415815e-06 10
6.239999999824164e-06 11
6.2440000001551255e-06 12
6.296000000016733e-06 11
6.309000000204179e-06 12
6.312000000008311e-06 13
6.334000000052242e-06 14
6.394000000131683e-06 15
6.4160000001756146e-06 14
6.420000000062487e-06 13
6.423999999949359e-06 14
6.4250000000320995e-06 15
6.4250000000320995e-06 16
6.42600000011484e-06 17
6.42700000019758e-06 18
6.439999999940937e-06 19
6.44399999982781e-06 20
6.469000000119962e-06 21
6.475000000172315e-06 22
6.4850000001115404e-06 23
6.513999999846476e-06 24
6.539000000138628e-06 25
6.540000000221369e-06 24
6.544000000108241e-06 23
6.563999999986692e-06 24
6.604999999826333e-06 25
6.622999999983392e-06 26
6.627999999953005e-06 27
6.631999999839877e-06 28
6.6329999999226175e-06 29
6.63799999989223e-06 30
6.642999999861843e-06 31
6.647999999831455e-06 32
6.648999999914196e-06 33
6.653000000245157e-06 34
6.65800000021477e-06 35
6.6630000001843825e-06 36
6.663999999823034e-06 35
6.668000000153995e-06 34
6.6720000000408675e-06 33
6.673000000123608e-06 34
6.67599999992774e-06 33
6.6780000000932205e-06 34
6.680000000258701e-06 33
6.688000000032446e-06 34
6.693000000002058e-06 35
6.697999999971671e-06 36
6.702999999941284e-06 37
6.712999999880509e-06 38
6.717999999850122e-06 39
6.733000000203049e-06 40
6.7380000001726614e-06 41
6.743000000142274e-06 42
6.753000000081499e-06 43
6.758000000051112e-06 44
6.763000000020725e-06 45
6.767999999990337e-06 46
6.77299999995995e-06 47
6.777999999929563e-06 48
6.787999999868788e-06 49
6.7929999998384005e-06 50
6.798000000252102e-06 51
6.799999999973494e-06 50
6.803000000221715e-06 51
6.808000000191328e-06 52
6.818000000130553e-06 53
6.8199999998519445e-06 54
6.823000000100166e-06 55
6.828000000069778e-06 56
6.833000000039391e-06 57
6.842999999978616e-06 58
6.8440000000613566e-06 59
6.847999999948229e-06 60
6.8529999999178415e-06 61
6.857999999887454e-06 62
6.862999999857067e-06 63
6.86899999990942e-06 64
6.8739999998790324e-06 65
6.920000000132376e-06 64
6.924000000019248e-06 65
6.953999999836924e-06 66
6.954999999919664e-06 67
6.956000000002405e-06 68
6.957000000085145e-06 69
6.9580000001678854e-06 70
6.959000000250626e-06 71
6.959999999889277e-06 72
6.960999999972017e-06 73
6.962000000054758e-06 74
6.963000000137498e-06 75
6.9640000002202385e-06 76
6.96499999985889e-06 77
6.995000000120655e-06 78
7.0249999999383306e-06 79
7.026000000021071e-06 80
7.027000000103811e-06 81
7.028000000186552e-06 82
7.028999999825203e-06 83
7.029999999907943e-06 84
7.030999999990684e-06 85
7.032000000073424e-06 86
7.0399999998471685e-06 85
7.04400000017813e-06 84
7.048000000065002e-06 83
7.0619999998911e-06 84
7.06299999997384e-06 85
7.093000000235605e-06 86
7.0939999998742564e-06 87
7.094999999956997e-06 88
7.125000000218762e-06 89
7.125999999857413e-06 90
7.1269999999401534e-06 91
7.128000000022894e-06 92
7.15799999984057e-06 93
7.168000000223884e-06 92
7.1720000001107564e-06 91
7.188000000102335e-06 92
7.189000000185075e-06 93
7.189999999823726e-06 94
7.190999999906467e-06 95
7.191999999989207e-06 96
7.193000000071947e-06 97
7.222999999889623e-06 98
7.223999999972364e-06 99
7.225000000055104e-06 100
7.226000000137844e-06 101
7.227000000220585e-06 102
7.227999999859236e-06 103
7.228999999941976e-06 104
7.230000000024717e-06 105
7.231000000107457e-06 106
7.260999999925133e-06 107
7.262000000007873e-06 108
7.263000000090614e-06 109
7.264000000173354e-06 110
7.265000000256094e-06 111
7.291999999825549e-06 110
7.29500000007377e-06 111
7.324999999891446e-06 112
7.3259999999741865e-06 113
7.327000000056927e-06 114
7.328000000139667e-06 115
7.329000000222408e-06 116
7.329999999861059e-06 117
7.330999999943799e-06 118
7.3320000000265395e-06 119
7.33300000010928e-06 120
7.362999999926956e-06 121
7.393000000188721e-06 122
7.393999999827372e-06 123
7.411999999984431e-06 122
7.415999999871303e-06 121
7.420000000202265e-06 120
7.424000000089137e-06 121
7.424000000089137e-06 120
7.427999999976009e-06 119
7.431999999862882e-06 118
7.436000000193843e-06 117
7.440000000080715e-06 116
7.443999999967588e-06 115
7.44799999985446e-06 114
7.452000000185421e-06 113
7.453999999906813e-06 114
7.454999999989553e-06 115
7.456000000072294e-06 116
7.456000000072294e-06 115
7.457000000155034e-06 116
7.4580000002377744e-06 117
7.458999999876426e-06 118
7.459999999959166e-06 119
7.459999999959166e-06 118
7.461000000041906e-06 119
7.462000000124647e-06 120
7.463000000207387e-06 121
7.493000000025063e-06 122
7.494000000107803e-06 123
7.495000000190544e-06 124
7.495999999829195e-06 125
7.496999999911935e-06 126
7.5270000001737e-06 127
7.528000000256441e-06 128
7.542000000082538e-06 129
7.5580000000741165e-06 130
7.559000000156857e-06 131
7.560000000239597e-06 132
7.5609999998782484e-06 133
7.561999999960989e-06 134
7.563000000043729e-06 135
7.580000000118048e-06 134
7.58400000000492e-06 133
7.587999999891792e-06 132
7.592999999861405e-06 133
7.5939999999441454e-06 134
7.595000000026886e-06 135
7.596000000109626e-06 136
7.5970000001923665e-06 137
7.597999999831018e-06 138
7.598999999913758e-06 139
7.5999999999964984e-06 140
7.601000000079239e-06 141
7.602000000161979e-06 142
7.6030000002447196e-06 143
7.603999999883371e-06 144
7.62200000004043e-06 145
7.634000000145136e-06 146
7.635000000227876e-06 147
7.635999999866527e-06 148
7.666000000128292e-06 149
7.667000000211033e-06 150
7.667999999849684e-06 151
7.668999999932424e-06 152
7.69900000019419e-06 153
7.69999999983284e-06 154
7.700999999915581e-06 155
7.701999999998321e-06 156
7.701999999998321e-06 157
7.703000000081062e-06 158
7.708000000050674e-06 157
7.711999999937547e-06 156
7.715999999824419e-06 155
7.72000000015538e-06 154
7.724000000042253e-06 153
7.727999999929125e-06 152
7.731999999815997e-06 151
7.732999999898738e-06 152
7.733999999981478e-06 153
7.735000000064218e-06 154
7.736000000146959e-06 155
7.736000000146959e-06 154
7.737000000229699e-06 155
7.73799999986835e-06 156
7.740000000033831e-06 155
7.743999999920703e-06 154
7.748000000251665e-06 153
7.752000000138537e-06 152
7.75600000002541e-06 151
7.759999999912282e-06 150
7.764000000243243e-06 149
7.768000000130115e-06 150
7.768000000130115e-06 149
7.769000000212856e-06 150
7.769999999851507e-06 151
7.770999999934247e-06 152
7.772000000016988e-06 153
7.772000000016988e-06 152
7.773000000099728e-06 153
7.774000000182468e-06 154
7.77499999982112e-06 155
7.77599999990386e-06 156
7.77599999990386e-06 155
7.7769999999866e-06 156
7.77800000006934e-06 157
7.780000000234821e-06 156
7.784000000121694e-06 155
7.788000000008566e-06 154
7.791999999895438e-06 153
7.7960000002264e-06 152
7.800000000113272e-06 151
7.804000000000144e-06 150
7.807999999887016e-06 151
7.807999999887016e-06 150
7.808999999969757e-06 151
7.810000000052497e-06 152
7.811000000135238e-06 153
7.812000000217978e-06 154
7.812000000217978e-06 153
7.812999999856629e-06 154
7.81399999993937e-06 155
7.81600000010485e-06 154
7.819999999991722e-06 153
7.823999999878595e-06 152
7.828000000209556e-06 151
7.832000000096428e-06 150
7.8359999999833e-06 149
7.839999999870173e-06 148
7.844000000201135e-06 149
7.844000000201135e-06 148
7.844999999839786e-06 149
7.845999999922526e-06 150
7.848000000088007e-06 149
7.851999999974879e-06 148
7.855999999861751e-06 147
7.860000000192713e-06 146
7.864000000079585e-06 145
7.867999999966457e-06 144
7.87199999985333e-06 143
7.876000000184291e-06 144
7.876000000184291e-06 143
7.876999999822942e-06 144
7.877999999905683e-06 145
7.880000000071163e-06 144
7.908000000167448e-06 145
7.909000000250188e-06 146
7.90999999988884e-06 147
7.91099999997158e-06 148
7.91200000005432e-06 149
7.91300000013706e-06 150
7.9140000002198e-06 151
7.926999999963158e-06 152
7.944000000037477e-06 153
7.973999999855153e-06 154
7.974999999937893e-06 155
7.976000000020633e-06 156
7.977000000103374e-06 157
7.978000000186114e-06 158
7.978999999824765e-06 159
7.979999999907506e-06 160
8.000000000230045e-06 159
8.01000000016927e-06 160
8.039999999986946e-06 161
8.041000000069687e-06 162
8.042000000152427e-06 163
8.043000000235168e-06 164
8.073000000052843e-06 165
8.074000000135584e-06 166
8.10399999995326e-06 167
8.105000000036e-06 168
8.10600000011874e-06 169
8.10700000020148e-06 170
8.107999999840132e-06 171
8.108999999922872e-06 172
8.119999999944838e-06 171
8.12399999983171e-06 170
8.128000000162672e-06 169
8.132000000049544e-06 168
8.135999999936416e-06 167
8.139000000184637e-06 168
8.139999999823289e-06 167
8.14400000015425e-06 166
8.148000000041122e-06 165
8.151999999927995e-06 164
8.156000000258956e-06 163
8.160000000145828e-06 162
8.1640000000327e-06 161
8.169000000002313e-06 162
8.170000000085054e-06 163
8.171000000167794e-06 164
8.20099999998547e-06 165
8.20200000006821e-06 166
8.231999999885886e-06 167
8.232999999968627e-06 168
8.263000000230392e-06 169
8.263999999869043e-06 170
8.264999999951783e-06 171
8.266000000034524e-06 172
8.267000000117264e-06 173
8.284000000191583e-06 172
8.29699999993494e-06 173
8.29800000001768e-06 174
8.29900000010042e-06 175
8.300000000183161e-06 176
8.300999999821812e-06 177
8.301999999904552e-06 178
8.302999999987293e-06 179
8.333000000249058e-06 180
8.333999999887709e-06 181
8.33499999997045e-06 182
8.33600000005319e-06 183
8.365999999870866e-06 184
8.366999999953606e-06 185
8.397000000215371e-06 186
8.397000000215371e-06 187
8.397999999854022e-06 188
8.403999999906375e-06 187
8.408000000237337e-06 186
8.412000000124209e-06 185
8.416000000011081e-06 184
8.419999999897954e-06 183
8.424000000228915e-06 182
8.428000000115787e-06 183
8.428000000115787e-06 182
8.429000000198528e-06 183
8.43200000000266e-06 182
8.459000000016204e-06 183
8.460000000098944e-06 184
8.461000000181684e-06 185
8.461999999820335e-06 186
8.462999999903076e-06 187
8.463999999985816e-06 188
8.465000000068557e-06 189
8.466000000151297e-06 190
8.495999999968973e-06 191
8.526000000230738e-06 192
8.526999999869389e-06 193
8.526999999869389e-06 194
8.52799999995213e-06 195
8.52900000003487e-06 196
8.53000000011761e-06 197
8.53100000020035e-06 198
8.531999999839002e-06 199
8.532999999921742e-06 200
8.534000000004482e-06 201
8.535000000087223e-06 202
8.536000000169963e-06 203
8.537000000252704e-06 204
8.537999999891355e-06 205
8.538999999974095e-06 206
8.540000000056835e-06 207
8.541000000139576e-06 208
8.542000000222316e-06 209
8.542999999860967e-06 210
8.543999999943708e-06 211
8.552000000161541e-06 210
8.556000000048414e-06 209
8.56700000007038e-06 210
8.574000000205473e-06 211
8.591999999918443e-06 212
8.604000000023149e-06 213
8.605000000105889e-06 214
8.60600000018863e-06 215
8.636000000006305e-06 216
8.665999999823981e-06 217
8.676000000207296e-06 216
8.680000000094168e-06 215
8.68399999998104e-06 214
8.696000000085746e-06 215
8.697000000168487e-06 216
8.698000000251227e-06 217
8.728000000068903e-06 218
8.757999999886579e-06 219
8.758999999969319e-06 220
8.76000000005206e-06 221
8.789999999869735e-06 222
8.804000000139922e-06 221
8.808000000026794e-06 220
8.811999999913667e-06 219
8.816000000244628e-06 218
8.8200000001315e-06 219
8.82100000021424e-06 220
8.821999999852892e-06 221
8.822999999935632e-06 222
8.824000000018373e-06 223
8.825000000101113e-06 224
8.826000000183853e-06 225
8.85600000000153e-06 226
8.85700000008427e-06 227
8.85800000016701e-06 228
8.887999999984686e-06 229
8.889000000067426e-06 230
8.890000000150167e-06 231
8.891000000232907e-06 232
8.921000000050583e-06 233
8.922000000133323e-06 234
8.923000000216064e-06 235
8.935999999959421e-06 234
8.95300000003374e-06 235
8.95400000011648e-06 236
8.95500000019922e-06 237
8.955999999837871e-06 238
8.986000000099637e-06 239
8.987000000182377e-06 240
8.987999999821028e-06 241
9.018000000082793e-06 242
9.047999999900469e-06 243
9.04899999998321e-06 244
9.05000000006595e-06 245
9.05100000014869e-06 246
9.05200000023143e-06 247
9.052999999870082e-06 248
9.053999999952822e-06 249
9.056000000118303e-06 248
9.060000000005175e-06 247
9.063999999892047e-06 246
9.068000000223009e-06 245
9.072000000109881e-06 244
9.075999999996753e-06 243
9.084000000214587e-06 244
9.084999999853238e-06 245
9.085999999935979e-06 246
9.116000000197744e-06 247
9.14600000001542e-06 248
9.14700000009816e-06 249
9.176999999915836e-06 250
9.177999999998576e-06 251
9.179000000081317e-06 252
9.196000000155635e-06 251
9.200000000042508e-06 250
9.20399999992938e-06 249
9.207999999816252e-06 248
9.208999999898992e-06 249
9.209999999981733e-06 250
9.211000000064473e-06 251
9.212000000147214e-06 250
9.216000000034086e-06 249
9.219999999920958e-06 248
9.22400000025192e-06 247
9.228000000138792e-06 246
9.240999999882149e-06 247
9.24199999996489e-06 248
9.24300000004763e-06 249
9.272999999865306e-06 250
9.273999999948046e-06 251
9.304000000209811e-06 252
9.304999999848462e-06 253
9.305999999931203e-06 254
9.307000000013943e-06 255
9.336999999831619e-06 256
9.33799999991436e-06 257
9.347999999853585e-06 256
9.352000000184546e-06 255
9.356000000071418e-06 254
9.35999999995829e-06 253
9.363999999845163e-06 252
9.368000000176124e-06 253
9.369000000258865e-06 254
9.369999999897516e-06 255
9.370999999980256e-06 256
9.372000000062997e-06 257
9.401999999880672e-06 258
9.432000000142438e-06 259
9.433000000225178e-06 260
9.433999999863829e-06 261
9.43499999994657e-06 262
9.43600000002931e-06 263
9.43700000011205e-06 264
9.466999999929726e-06 265
9.468000000012466e-06 266
9.484000000004045e-06 265
9.497999999830142e-06 266
9.528000000091907e-06 267
9.529000000174648e-06 268
9.530000000257388e-06 269
9.53099999989604e-06 270
9.556999999826843e-06 271
9.561000000157804e-06 272
9.59099999997548e-06 273
9.604000000162927e-06 272
9.608000000049799e-06 271
9.611999999936671e-06 270
9.615999999823543e-06 269
9.620000000154505e-06 268
9.621000000237245e-06 269
9.621999999875896e-06 270
9.624000000041377e-06 269
9.62799999992825e-06 268
9.632000000259211e-06 267
9.636000000146083e-06 266
9.652000000137662e-06 267
9.681999999955337e-06 268
9.712000000217103e-06 269
9.712999999855754e-06 270
9.713999999938494e-06 271
9.715000000021234e-06 272
9.716000000103975e-06 273
9.717000000186715e-06 274
9.747000000004391e-06 275
9.755999999860876e-06 274
9.776999999822067e-06 275
9.777999999904807e-06 276
9.778999999987548e-06 277
9.780000000070288e-06 278
9.781000000153028e-06 279
9.810999999970704e-06 280
9.84100000023247e-06 281
9.84199999987112e-06 282
9.842999999953861e-06 283
9.844000000036601e-06 284
9.845000000119342e-06 285
9.846000000202082e-06 286
9.846999999840733e-06 287
9.876000000019758e-06 286
9.877000000102498e-06 287
9.878000000185239e-06 288
9.87999999990663e-06 287
9.908000000002914e-06 288
9.909000000085655e-06 289
9.910000000168395e-06 290
9.911000000251136e-06 291
9.911999999889787e-06 292
9.942000000151552e-06 293
9.943000000234292e-06 294
9.943999999872943e-06 295
9.944999999955684e-06 296
9.946000000038424e-06 297
9.9759999998561e-06 298
9.97699999993884e-06 299
9.97800000002158e-06 300
1.0000000000065512e-05 299
1.0007999999839257e-05 300
1.0008999999921997e-05 301
1.0010000000004737e-05 302
1.0011000000087478e-05 303
1.0012000000170218e-05 304
1.0041999999987894e-05 305
1.0072000000249659e-05 306
1.007299999988831e-05 307
1.007399999997105e-05 308
1.0075000000053791e-05 309
1.0076000000136531e-05 310
1.0077000000219272e-05 311
1.0107000000036948e-05 312
1.0108000000119688e-05 313
1.0120000000224394e-05 312
1.0124000000111266e-05 311
1.0127999999998138e-05 310
1.013199999988501e-05 309
1.0136000000215972e-05 308
1.0137999999937364e-05 309
1.0140000000102845e-05 308
1.0143999999989717e-05 307
1.0147999999876589e-05 306
1.015200000020755e-05 305
1.0156000000094423e-05 304
1.0168000000199129e-05 305
1.016899999983778e-05 306
1.016999999992052e-05 307
1.017100000000326e-05 308
1.0200999999820937e-05 309
1.0231000000082702e-05 310
1.0260999999900378e-05 311
1.0276000000253305e-05 310
1.0280000000140177e-05 309
1.028400000002705e-05 308
1.0287999999913922e-05 307
1.0291000000162143e-05 308
1.0292000000244883e-05 307
1.0320999999979819e-05 308
1.0351000000241584e-05 309
1.0351999999880235e-05 310
1.0382000000142e-05 311
1.0411999999959676e-05 312
1.0411999999959676e-05 311
1.0413000000042416e-05 312
1.0415999999846548e-05 311
1.0442999999860092e-05 312
1.0473000000121857e-05 313
1.0502999999939533e-05 314
1.0533000000201298e-05 315
1.053600000000543e-05 314
1.0563000000018974e-05 315
1.0564000000101714e-05 316
1.0565000000184455e-05 317
1.0565999999823106e-05 318
1.0566999999905846e-05 319
1.0567999999988587e-05 320
1.0569000000071327e-05 321
1.0598999999889003e-05 322
1.0599999999971743e-05 323
1.0630000000233508e-05 324
1.063099999987216e-05 325
1.06319999999549e-05 326
1.063300000003764e-05 327
1.063400000012038e-05 328
1.0656000000164312e-05 327
1.0660000000051184e-05 326
1.0663999999938056e-05 327
1.0663999999938056e-05 326
1.0667999999824929e-05 325
1.067200000015589e-05 324
1.0676000000042762e-05 323
1.0694000000199821e-05 324
1.0694999999838473e-05 325
1.0695999999921213e-05 326
1.0726000000182978e-05 327
1.072699999982163e-05 328
1.072799999990437e-05 329
1.072899999998711e-05 330
1.073000000006985e-05 331
1.0759999999887526e-05 332
1.0760999999970267e-05 333
1.0791000000232032e-05 334
1.0796000000201644e-05 333
1.0800000000088517e-05 332
1.0803999999975389e-05 331
1.0807999999862261e-05 330
1.0812000000193223e-05 329
1.0816000000080095e-05 328
1.0819999999966967e-05 327
1.0821000000049708e-05 328
1.0822000000132448e-05 329
1.0823000000215188e-05 330
1.082399999985384e-05 331
1.082399999985384e-05 330
1.0828000000184801e-05 329
1.0832000000071673e-05 328
1.0835999999958545e-05 327
1.0839999999845418e-05 326
1.0854000000115605e-05 327
1.0855000000198345e-05 328
1.0855999999836996e-05 329
1.0886000000098761e-05 330
1.0915999999916437e-05 331
1.0916999999999177e-05 332
1.0918000000081918e-05 333
1.0936999999877628e-05 334
1.0947999999899594e-05 335
1.0948999999982334e-05 336
1.09600000000043e-05 335
1.0979000000244099e-05 336
1.1009000000061775e-05 337
1.1010000000144515e-05 338
1.1011000000227256e-05 339
1.1011999999865907e-05 340
1.1012999999948647e-05 341
1.1014000000031388e-05 342
1.1015000000114128e-05 343
1.1016000000196868e-05 344
1.101699999983552e-05 345
1.101799999991826e-05 346
1.1019000000001e-05 347
1.102000000008374e-05 348
1.1021000000166481e-05 349
1.1022000000249221e-05 350
1.1052000000066897e-05 351
1.1080000000163182e-05 350
1.1081999999884573e-05 351
1.1082999999967313e-05 352
1.1084000000050054e-05 353
1.1084000000050054e-05 352
1.1085000000132794e-05 353
1.1087999999936926e-05 352
1.111499999995047e-05 353
1.1145000000212235e-05 354
1.1175000000029911e-05 355
1.1204999999847587e-05 356
1.1208000000095808e-05 355
1.121199999998268e-05 354
1.1215999999869553e-05 353
1.1220000000200514e-05 352
1.1235000000109352e-05 353
1.1236000000192092e-05 354
1.1236999999830743e-05 355
1.1237999999913484e-05 356
1.1268000000175249e-05 357
1.1297999999992925e-05 358
1.132800000025469e-05 359
1.1328999999893341e-05 360
1.1329999999976081e-05 361
1.1339999999915307e-05 360
1.1344000000246268e-05 359
1.134800000013314e-05 358
1.1360000000237847e-05 359
1.1390000000055522e-05 360
1.1391000000138263e-05 361
1.1392000000221003e-05 362
1.1392999999859654e-05 363
1.1393999999942395e-05 364
1.1395000000025135e-05 365
1.1424999999842811e-05 366
1.1425999999925551e-05 367
1.1456000000187316e-05 368
1.1467999999847933e-05 367
1.1472000000178895e-05 366
1.1476000000065767e-05 365
1.1486000000004992e-05 366
1.1515999999822668e-05 367
1.1516999999905408e-05 368
1.1517999999988149e-05 369
1.151900000007089e-05 370
1.1548999999888565e-05 371
1.157900000015033e-05 372
1.1596000000224649e-05 371
1.1600000000111521e-05 370
1.1603999999998393e-05 369
1.1607999999885266e-05 368
1.1608999999968006e-05 369
1.1610000000050746e-05 370
1.1611000000133487e-05 371
1.1612000000216227e-05 372
1.1612000000216227e-05 371
1.1612999999854878e-05 372
1.1613999999937619e-05 373
1.16160000001031e-05 372
1.1644000000199384e-05 373
1.1644999999838035e-05 374
1.1645999999920775e-05 375
1.1647000000003516e-05 376
1.1676999999821192e-05 377
1.1707000000082957e-05 378
1.1708000000165697e-05 379
1.1709000000248437e-05 380
1.1709999999887089e-05 381
1.1710999999969829e-05 382
1.171200000005257e-05 383
1.171300000013531e-05 384
1.171400000021805e-05 385
1.1714999999856701e-05 386
1.1735999999817892e-05 385
1.1740000000148854e-05 384
1.1744000000035726e-05 383
1.1745000000118466e-05 384
1.1746000000201207e-05 385
1.1746999999839858e-05 386
1.1747999999922598e-05 387
1.1747999999922598e-05 386
1.1749000000005339e-05 387
1.1750000000088079e-05 388
1.175200000025356e-05 387
1.1756000000140432e-05 386
1.1760000000027304e-05 385
1.1763999999914176e-05 384
1.1768000000245138e-05 383
1.177200000013201e-05 382
1.1776000000018882e-05 381
1.1779999999905755e-05 382
1.1780999999988495e-05 383
1.181100000025026e-05 384
1.1811999999888911e-05 385
1.1842000000150676e-05 386
1.1871999999968352e-05 387
1.1873000000051093e-05 388
1.1874000000133833e-05 389
1.1896000000177764e-05 388
1.1900000000064637e-05 387
1.1903999999951509e-05 388
1.1903999999951509e-05 387
1.190500000003425e-05 388
1.190600000011699e-05 389
1.190700000019973e-05 390
1.1907999999838381e-05 391
1.1907999999838381e-05 390
1.1908999999921122e-05 391
1.1912000000169343e-05 390
1.1916000000056215e-05 389
1.1919999999943087e-05 388
1.1939000000182887e-05 389
1.1939999999821538e-05 390
1.1940999999904278e-05 391
1.1941999999987019e-05 392
1.1943000000069759e-05 393
1.19440000001525e-05 394
1.1973999999970175e-05 395
1.1975000000052916e-05 396
1.1976000000135656e-05 397
1.1977000000218396e-05 398
1.2007000000036072e-05 399
1.2008000000118813e-05 400
1.2009000000201553e-05 401
1.2039000000019229e-05 402
1.2040000000101969e-05 401
1.2043999999988841e-05 400
1.2047999999875714e-05 399
1.2068999999836905e-05 400
1.2069999999919645e-05 401
1.2071000000002385e-05 402
1.2072000000085126e-05 403
1.2073000000167866e-05 404
1.2102999999985542e-05 405
1.2133000000247307e-05 406
1.2133999999885958e-05 407
1.2134999999968699e-05 408
1.2165000000230464e-05 409
1.2165999999869115e-05 410
1.2168000000034596e-05 409
1.2171999999921468e-05 408
1.217600000025243e-05 407
1.219600000013088e-05 408
1.2225999999948556e-05 409
1.2227000000031296e-05 410
1.2228000000114037e-05 411
1.2257999999931712e-05 412
1.2288000000193477e-05 413
1.2295999999967222e-05 412
1.2299999999854094e-05 411
1.2304000000185056e-05 410
1.2308000000071928e-05 409
1.23119999999588e-05 408
1.2315999999845673e-05 407
1.2318000000011153e-05 408
1.2320000000176634e-05 407
1.234799999982883e-05 408
1.234899999991157e-05 409
1.2379000000173335e-05 410
1.240899999999101e-05 411
1.2439000000252776e-05 412
1.2439999999891427e-05 413
1.2439999999891427e-05 412
1.2470000000153192e-05 413
1.2499999999970868e-05 414
1.2501000000053608e-05 415
1.2502000000136348e-05 416
1.2503000000219089e-05 417
1.250399999985774e-05 418
1.2534000000119505e-05 419
1.2535000000202245e-05 420
1.2560000000050309e-05 419
1.2565000000019921e-05 420
1.2594999999837597e-05 421
1.2595999999920338e-05 422
1.2597000000003078e-05 423
1.2626999999820754e-05 424
1.2657000000082519e-05 425
1.265800000016526e-05 426
1.268000000020919e-05 425
1.2684000000096063e-05 424
1.2687999999982935e-05 425
1.2687999999982935e-05 424
1.2691999999869807e-05 423
1.2696000000200769e-05 422
1.2700000000087641e-05 421
1.2703999999974513e-05 420
1.27180000002447e-05 421
1.2718999999883351e-05 422
1.2749000000145116e-05 423
1.2778999999962792e-05 424
1.2780000000045533e-05 425
1.2781000000128273e-05 426
1.2782000000211013e-05 427
1.281200000002869e-05 428
1.2824000000133395e-05 427
1.2841999999846365e-05 428
1.287200000010813e-05 429
1.287300000019087e-05 430
1.2873999999829522e-05 431
1.2874999999912262e-05 432
1.2905000000174027e-05 433
1.2934999999991703e-05 434
1.2936000000074444e-05 435
1.2937000000157184e-05 436
1.2943999999848188e-05 435
1.294800000017915e-05 434
1.2952000000066022e-05 433
1.2955999999952894e-05 432
1.296699999997486e-05 433
1.2997000000236625e-05 434
1.2997999999875276e-05 435
1.3028000000137041e-05 436
1.3029000000219781e-05 437
1.3029999999858433e-05 438
1.3060000000120198e-05 439
1.3061000000202938e-05 440
1.3076000000111776e-05 439
1.3079999999998648e-05 438
1.3091000000020614e-05 439
1.3092000000103354e-05 440
1.312199999992103e-05 441
1.312300000000377e-05 442
1.3152999999821446e-05 443
1.3153999999904187e-05 444
1.3154999999986927e-05 445
1.3156000000069668e-05 446
1.3157000000152408e-05 447
1.3158000000235148e-05 448
1.3188000000052824e-05 449
1.320000000015753e-05 448
1.3204000000044402e-05 447
1.3207999999931275e-05 446
1.3211999999818147e-05 445
1.3216000000149108e-05 444
1.32179999998705e-05 445
1.321899999995324e-05 446
1.322000000003598e-05 445
1.3249000000215005e-05 446
1.3249999999853657e-05 447
1.3250999999936397e-05 448
1.3252000000019137e-05 449
1.3253000000101878e-05 450
1.3254000000184618e-05 451
1.325499999982327e-05 452
1.325599999990601e-05 453
1.325699999998875e-05 454
1.3287000000250515e-05 455
1.3287999999889166e-05 456
1.3288999999971907e-05 457
1.3319000000233672e-05 458
1.3319999999872323e-05 459
1.3320999999955063e-05 460
1.3322000000037804e-05 461
1.3340000000194863e-05 460
1.335199999985548e-05 461
1.335299999993822e-05 462
1.335400000002096e-05 463
1.33550000001037e-05 464
1.3356000000186441e-05 465
1.3356999999825092e-05 466
1.3387000000086857e-05 467
1.3416999999904533e-05 468
1.3417999999987273e-05 469
1.3419000000070014e-05 470
1.3420000000152754e-05 471
1.3421000000235495e-05 472
1.3421999999874146e-05 473
1.3422999999956886e-05 474
1.3453000000218651e-05 475
1.3459999999909655e-05 474
1.3464000000240617e-05 473
1.3468000000127489e-05 472
1.3483000000036327e-05 473
1.3484000000119067e-05 474
1.3513999999936743e-05 475
1.3544000000198508e-05 476
1.3574000000016184e-05 477
1.3587999999842282e-05 476
1.3592000000173243e-05 475
1.360399999983386e-05 476
1.3634000000095625e-05 477
1.3635000000178366e-05 478
1.3635999999817017e-05 479
1.3666000000078782e-05 480
1.3695999999896458e-05 481
1.3696999999979198e-05 482
1.3698000000061938e-05 483
1.3711999999888036e-05 482
1.3716000000218997e-05 481
1.3727999999879614e-05 482
1.375800000014138e-05 483
1.375900000022412e-05 484
1.3759999999862771e-05 485
1.3790000000124536e-05 486
1.3819999999942212e-05 487
1.3821000000024952e-05 488
1.3822000000107693e-05 489
1.3823000000190433e-05 490
1.3823999999829084e-05 491
1.3824999999911824e-05 492
1.383599999993379e-05 491
1.3839999999820662e-05 490
1.3844000000151624e-05 489
1.3848000000038496e-05 488
1.3851999999925368e-05 487
1.385500000017359e-05 488
1.3884999999991265e-05 489
1.391500000025303e-05 490
1.3915999999891682e-05 491
1.3946000000153447e-05 492
1.397200000008425e-05 491
1.3975999999971123e-05 492
1.3975999999971123e-05 491
1.3977000000053863e-05 492
1.3978000000136603e-05 493
1.3979999999857995e-05 492
1.3984000000188956e-05 491
1.3988000000075829e-05 490
1.3991999999962701e-05 489
1.3995999999849573e-05 488
1.400799999995428e-05 489
1.400900000003702e-05 490
1.4038999999854695e-05 491
1.4039999999937436e-05 492
1.4041000000020176e-05 493
1.4070999999837852e-05 494
1.4101000000099617e-05 495
1.4102000000182358e-05 496
1.4116000000008455e-05 495
1.4119999999895327e-05 494
1.4124000000226289e-05 493
1.4128000000113161e-05 492
1.4132000000000033e-05 493
1.416199999981771e-05 494
1.416299999990045e-05 495
1.4193000000162215e-05 496
1.422299999997989e-05 497
1.4247999999827954e-05 496
1.4252000000158915e-05 495
1.4253000000241656e-05 496
1.4283000000059332e-05 497
1.4284000000142072e-05 498
1.4313999999959748e-05 499
1.4315000000042488e-05 500
1.4344999999860164e-05 501
1.4345999999942904e-05 502
1.4347000000025645e-05 503
1.4348000000108385e-05 504
1.4349000000191126e-05 505
1.4371999999873708e-05 504
1.4379000000008801e-05 505
1.4408999999826477e-05 506
1.4439000000088242e-05 507
1.4440000000170983e-05 508
1.4469999999988659e-05 509
1.4471000000071399e-05 510
1.449200000003259e-05 509
1.4495999999919462e-05 508
1.4500999999889075e-05 509
1.4501999999971815e-05 510
1.453200000023358e-05 511
1.4562000000051256e-05 512
1.4563000000133997e-05 513
1.4564000000216737e-05 514
1.4594000000034413e-05 515
1.4616000000078344e-05 514
1.4619999999965216e-05 513
1.4623999999852089e-05 514
1.4624999999934829e-05 515
1.462600000001757e-05 516
1.462700000010031e-05 517
1.4656999999917986e-05 518
1.468700000017975e-05 519
1.4687999999818402e-05 520
1.4688999999901142e-05 521
1.4719000000162907e-05 522
1.4720000000245648e-05 523
1.4720999999884299e-05 524
1.472199999996704e-05 525
1.472300000004978e-05 526
1.472400000013252e-05 527
1.472500000021526e-05 528
1.4725999999853912e-05 529
1.4726999999936652e-05 530
1.4740000000124098e-05 529
1.474400000001097e-05 528
1.4747999999897843e-05 527
1.4752000000228804e-05 526
1.4756000000115677e-05 525
1.4757000000198417e-05 526
1.4757999999837068e-05 527
1.4758999999919808e-05 528
1.4760000000002549e-05 529
1.4760000000002549e-05 528
1.476100000008529e-05 529
1.4763999999889421e-05 528
1.4768000000220383e-05 527
1.4790999999902965e-05 528
1.4791999999985705e-05 529
1.4793000000068446e-05 530
1.4822999999886122e-05 531
1.4823999999968862e-05 532
1.4825000000051602e-05 533
1.4826000000134343e-05 534
1.4827000000217083e-05 535
1.4857000000034759e-05 536
1.48580000001175e-05 537
1.4887999999935175e-05 538
1.4887999999935175e-05 537
1.491800000019694e-05 538
1.4918999999835592e-05 539
1.4919999999918332e-05 540
1.4950000000180097e-05 541
1.4950999999818748e-05 542
1.4951999999901489e-05 543
1.4952999999984229e-05 544
1.4983000000245994e-05 545
1.5008000000094057e-05 544
1.501300000006367e-05 545
1.501400000014641e-05 546
1.501500000022915e-05 547
1.5015999999867802e-05 548
1.5016999999950542e-05 549
1.5018000000033283e-05 550
1.5019000000116023e-05 551
1.5048999999933699e-05 552
1.5050000000016439e-05 553
1.505100000009918e-05 554
1.5080999999916855e-05 555
1.511100000017862e-05 556
1.5111999999817272e-05 557
1.5112999999900012e-05 558
1.5128000000252939e-05 557
1.5132000000139811e-05 556
1.5136000000026684e-05 555
1.5139999999913556e-05 554
1.5143000000161777e-05 555
1.5144000000244517e-05 556
1.5144000000244517e-05 555
1.5144999999883169e-05 556
1.514800000013139e-05 555
1.5152000000018262e-05 554
1.5155999999905134e-05 553
1.5160000000236096e-05 552
1.5164000000122968e-05 551
1.516800000000984e-05 550
1.5171999999896713e-05 549
1.5175000000144934e-05 550
1.5176000000227674e-05 551
1.5176000000227674e-05 550
1.5180000000114546e-05 549
1.5184000000001419e-05 548
1.5187999999888291e-05 547
1.5192000000219252e-05 546
1.5196000000106125e-05 545
1.5199999999992997e-05 544
1.520600000004535e-05 545
1.520700000012809e-05 546
1.520800000021083e-05 547
1.5208999999849482e-05 548
1.5209999999932222e-05 549
1.5211000000014963e-05 550
1.5212000000097703e-05 551
1.5241999999915379e-05 552
1.524299999999812e-05 553
1.524400000008086e-05 554
1.52450000001636e-05 555
1.524600000024634e-05 556
1.5246999999884991e-05 557
1.5247999999967732e-05 558
1.5278000000229497e-05 559
1.5308000000047173e-05 560
1.532000000015188e-05 559
1.533799999986485e-05 560
1.5368000000126614e-05 561
1.539799999994429e-05 562
1.5428000000206055e-05 563
1.543999999986667e-05 562
1.545800000002373e-05 563
1.545900000010647e-05 564
1.5488999999924147e-05 565
1.5490000000006887e-05 566
1.5519999999824563e-05 567
1.5550000000086328e-05 568
1.555100000016907e-05 569
1.555200000025181e-05 570
1.555299999989046e-05 571
1.55539999999732e-05 572
1.555500000005594e-05 573
1.5560000000025553e-05 572
1.5584999999873617e-05 573
1.5585999999956357e-05 574
1.5587000000039097e-05 575
1.5616999999856773e-05 576
1.5617999999939514e-05 577
1.564800000020128e-05 578
1.564899999983993e-05 579
1.5679000000101695e-05 580
1.5680000000184435e-05 581
1.5680000000184435e-05 580
1.5680999999823086e-05 581
1.5684000000071308e-05 580
1.568799999995818e-05 579
1.571100000008485e-05 580
1.5712000000167592e-05 581
1.5741999999985268e-05 582
1.5743000000068008e-05 583
1.5772999999885684e-05 584
1.5773999999968424e-05 585
1.5775000000051165e-05 586
1.5776000000133905e-05 587
1.5777000000216646e-05 588
1.5777999999855297e-05 589
1.5778999999938037e-05 590
1.5808000000117062e-05 589
1.5809000000199802e-05 590
1.5809999999838453e-05 591
1.584000000010022e-05 592
1.584100000018296e-05 593
1.584199999982161e-05 594
1.5872000000083375e-05 595
1.5873000000166115e-05 596
1.5874000000248856e-05 597
1.5874999999887507e-05 598
1.5875999999970247e-05 599
1.5906000000232012e-05 600
1.5906999999870663e-05 601
1.5907999999953404e-05 602
1.5927999999831854e-05 601
1.593800000021517e-05 602
1.593899999985382e-05 603
1.5969000000115585e-05 604
1.599899999993326e-05 605
1.6000000000016e-05 606
1.6001000000098742e-05 607
1.6002000000181482e-05 608
1.6031999999999158e-05 609
1.6047999999990736e-05 608
1.605199999987761e-05 607
1.605600000020857e-05 606
1.6061999999816834e-05 607
1.6062999999899574e-05 608
1.609300000016134e-05 609
1.609400000024408e-05 610
1.609499999988273e-05 611
1.609599999996547e-05 612
1.6126000000227236e-05 613
1.6156000000044912e-05 614
1.6157000000127653e-05 615
1.6158000000210393e-05 616
1.6175999999923363e-05 615
1.618800000002807e-05 616
1.618900000011081e-05 617
1.6218999999928485e-05 618
1.624900000019025e-05 619
1.62499999998289e-05 620
1.6280000000090666e-05 621
1.6281000000173407e-05 622
1.6282000000256147e-05 623
1.6296000000082245e-05 622
1.6299999999969117e-05 621
1.630399999985599e-05 620
1.6312000000073823e-05 621
1.6313000000156563e-05 622
1.6314000000239304e-05 623
1.634400000005698e-05 624
1.6373999999874655e-05 625
1.640400000013642e-05 626
1.640500000021916e-05 627
1.642400000001487e-05 626
1.6435000000036837e-05 627
1.6436000000119577e-05 628
1.6465999999937253e-05 629
1.6496000000199018e-05 630
1.649699999983767e-05 631
1.6527000000099434e-05 632
1.6528000000182175e-05 633
1.6544000000173753e-05 632
1.6548000000060625e-05 631
1.6551999999947498e-05 630
1.655599999983437e-05 629
1.655799999999985e-05 630
1.655900000008259e-05 631
1.656000000016533e-05 630
1.6564000000052204e-05 629
1.6567999999939076e-05 628
1.6588999999900267e-05 629
1.6619000000162032e-05 630
1.6620000000244772e-05 631
1.6620999999883423e-05 632
1.6621999999966164e-05 633
1.665200000022793e-05 634
1.6682000000045605e-05 635
1.6688000000097958e-05 634
1.669199999998483e-05 633
1.6695999999871702e-05 632
1.671199999986328e-05 633
1.6742000000125046e-05 634
1.6743000000207786e-05 635
1.6773000000025462e-05 636
1.6774000000108202e-05 637
1.6775000000190943e-05 638
1.6775999999829594e-05 639
1.6776999999912334e-05 640
1.68070000001741e-05 641
1.680800000025684e-05 642
1.6816000000030584e-05 641
1.6819999999917457e-05 640
1.6824000000248418e-05 639
1.682800000013529e-05 638
1.6838000000074516e-05 639
1.6839000000157256e-05 640
1.6840000000239996e-05 641
1.6870000000057672e-05 642
1.6899999999875348e-05 643
1.690099999995809e-05 644
1.690200000004083e-05 645
1.6931999999858505e-05 646
1.6947999999850083e-05 645
1.6952000000181044e-05 644
1.6956000000067917e-05 643
1.696200000012027e-05 644
1.6991999999937946e-05 645
1.702200000019971e-05 646
1.7022999999838362e-05 647
1.7053000000100127e-05 648
1.7054000000182867e-05 649
1.70760000002268e-05 648
1.708000000011367e-05 647
1.7084000000000543e-05 648
1.7084000000000543e-05 647
1.7087999999887415e-05 646
1.711399999981822e-05 647
1.711499999990096e-05 648
1.7145000000162725e-05 649
1.7146000000245465e-05 650
1.717600000006314e-05 651
1.7205999999880817e-05 652
1.7206999999963557e-05 653
1.7208000000046297e-05 654
1.7208000000046297e-05 653
1.7209000000129038e-05 654
1.7210000000211778e-05 655
1.721099999985043e-05 656
1.721199999993317e-05 657
1.721199999993317e-05 656
1.7215999999820042e-05 655
1.7242000000194935e-05 656
1.7242999999833586e-05 657
1.727300000009535e-05 658
1.7302999999913027e-05 659
1.7333000000174792e-05 660
1.7334000000257532e-05 661
1.7334999999896183e-05 662
1.7335999999978924e-05 661
1.736500000015795e-05 662
1.736600000024069e-05 663
1.7396000000058365e-05 664
1.742599999987604e-05 665
1.7456000000137806e-05 666
1.7456000000137806e-05 665
1.7460000000024678e-05 664
1.746399999991155e-05 663
1.7468000000242512e-05 662
1.7472000000129384e-05 661
1.7476000000016256e-05 660
1.747999999990313e-05 659
1.748599999995548e-05 660
1.7487000000038222e-05 661
1.7488000000120962e-05 662
1.7489000000203703e-05 663
1.7489999999842354e-05 664
1.752000000010412e-05 665
1.752100000018686e-05 666
1.752199999982551e-05 667
1.7552000000087276e-05 668
1.758199999990495e-05 669
1.760000000006201e-05 668
1.7603999999948883e-05 667
1.7607999999835755e-05 666
1.7612000000166717e-05 667
1.7613000000249457e-05 668
1.7643000000067133e-05 669
1.7644000000149873e-05 670
1.767399999996755e-05 671
1.7704000000229314e-05 672
1.7727999999994637e-05 671
1.773400000004699e-05 672
1.773500000012973e-05 673
1.7764999999947406e-05 674
1.7766000000030147e-05 675
1.7795999999847822e-05 676
1.7796999999930563e-05 677
1.7798000000013303e-05 678
1.7799000000096044e-05 679
1.7800000000178784e-05 680
1.782999999999646e-05 681
1.78310000000792e-05 682
1.783200000016194e-05 683
1.784800000015352e-05 682
1.785200000004039e-05 681
1.7861999999979616e-05 682
1.7863000000062357e-05 683
1.7864000000145097e-05 684
1.7893999999962773e-05 685
1.7895000000045513e-05 686
1.7896000000128254e-05 687
1.792599999994593e-05 688
1.792700000002867e-05 689
1.792800000011141e-05 690
1.7957999999929086e-05 691
1.7959000000011827e-05 692
1.7960000000094567e-05 693
1.7961000000177307e-05 694
1.7972000000199273e-05 693
1.7976000000086145e-05 692
1.7979999999973018e-05 691
1.7990999999994983e-05 692
1.7992000000077724e-05 693
1.80219999998954e-05 694
1.802299999997814e-05 695
1.8053000000239905e-05 696
1.8053999999878556e-05 697
1.8054999999961296e-05 698
1.808500000022306e-05 699
1.81000000001319e-05 698
1.8104000000018772e-05 697
1.8107999999905644e-05 696
1.8115000000040737e-05 697
1.8116000000123478e-05 698
1.8145999999941154e-05 699
1.817600000020292e-05 700
1.8206000000020595e-05 701
1.8207000000103335e-05 702
1.8228000000064526e-05 701
1.8231999999951398e-05 700
1.823599999983827e-05 699
1.823699999992101e-05 700
1.8267000000182776e-05 701
1.8297000000000452e-05 702
1.8298000000083192e-05 703
1.8299000000165933e-05 704
1.8300000000248673e-05 705
1.8300999999887324e-05 706
1.8301999999970064e-05 707
1.8303000000052805e-05 708
1.833299999987048e-05 709
1.8355999999997152e-05 708
1.8359999999884025e-05 707
1.8363000000132246e-05 708
1.8364000000214986e-05 709
1.8364999999853637e-05 710
1.8365999999936378e-05 711
1.8396000000198143e-05 712
1.8396999999836794e-05 713
1.8397999999919534e-05 714
1.84280000001813e-05 715
1.8457999999998975e-05 716
1.8480000000042907e-05 715
1.848399999992978e-05 714
1.848799999981665e-05 715
1.848799999981665e-05 714
1.8492000000147613e-05 713
1.8518000000078416e-05 714
1.8547999999896092e-05 715
1.8548999999978832e-05 716
1.8550000000061573e-05 717
1.857999999987925e-05 718
1.8610000000141014e-05 719
1.8611000000223754e-05 720
1.8611999999862405e-05 721
1.8611999999862405e-05 720
1.8612999999945146e-05 721
1.8616000000193367e-05 720
1.864300000020691e-05 721
1.8643999999845562e-05 722
1.8674000000107327e-05 723
1.8703999999925003e-05 724
1.8705000000007743e-05 725
1.8706000000090484e-05 726
1.8707000000173224e-05 727
1.873599999990816e-05 726
1.87369999999909e-05 727
1.873800000007364e-05 728
1.874000000023912e-05 727
1.8744000000125993e-05 726
1.8748000000012865e-05 725
1.8751999999899738e-05 724
1.8767999999891316e-05 725
1.879800000015308e-05 726
1.879900000023582e-05 727
1.8799999999874473e-05 728
1.8830000000136238e-05 729
1.8831000000218978e-05 730
1.8861000000036654e-05 731
1.8862000000119394e-05 732
1.8863000000202135e-05 733
1.887200000005862e-05 732
1.889300000001981e-05 733
1.8922999999837486e-05 734
1.8923999999920227e-05 735
1.8954000000181992e-05 736
1.8954999999820643e-05 737
1.8985000000082408e-05 738
1.898600000016515e-05 739
1.898700000024789e-05 740
1.89920000002175e-05 739
1.8996000000104374e-05 738
1.8999999999991246e-05 737
1.900399999987812e-05 736
1.900800000020908e-05 735
1.9012000000095952e-05 734
1.9017000000065565e-05 735
1.9018000000148305e-05 736
1.904799999996598e-05 737
1.904900000004872e-05 738
1.9078999999866397e-05 739
1.9079999999949138e-05 740
1.9081000000031878e-05 741
1.908200000011462e-05 742
1.9111999999932294e-05 743
1.9113000000015035e-05 744
1.9114000000097775e-05 745
1.9132000000254834e-05 744
1.9136000000141706e-05 743
1.914399999991545e-05 744
1.914499999999819e-05 745
1.9174999999815867e-05 746
1.9175999999898607e-05 747
1.9206000000160373e-05 748
1.9207000000243113e-05 749
1.9207999999881764e-05 750
1.9208999999964504e-05 751
1.9210000000047245e-05 752
1.923999999986492e-05 753
1.92559999998565e-05 752
1.9270000000126686e-05 753
1.9271000000209426e-05 754
1.9271999999848077e-05 755
1.9272999999930818e-05 756
1.9303000000192583e-05 757
1.9303999999831234e-05 758
1.9334000000093e-05 759
1.933500000017574e-05 760
1.9364999999993415e-05 761
1.937600000001538e-05 760
1.9379999999902253e-05 759
1.9384000000233215e-05 758
1.9388000000120087e-05 757
1.939500000025518e-05 758
1.9425000000072856e-05 759
1.9454999999890532e-05 760
1.9455999999973272e-05 761
1.9486000000235038e-05 762
1.950799999983488e-05 761
1.9516000000052713e-05 762
1.9517000000135454e-05 763
1.9518000000218194e-05 764
1.9518999999856845e-05 765
1.9519999999939586e-05 766
1.955000000020135e-05 767
1.9580000000019027e-05 768
1.9581000000101767e-05 769
1.9582000000184507e-05 770
1.958299999982316e-05 771
1.9613000000084924e-05 772
1.9614000000167664e-05 773
1.962799999999376e-05 772
1.964399999998534e-05 773
1.9674000000247105e-05 774
1.9674999999885756e-05 775
1.9675999999968496e-05 776
1.9677000000051237e-05 777
1.9678000000133977e-05 778
1.9679000000216718e-05 779
1.9709000000034393e-05 780
1.973899999985207e-05 781
1.973999999993481e-05 782
1.9748000000152643e-05 781
1.9770000000196575e-05 782
1.9770999999835226e-05 783
1.980100000009699e-05 784
1.980200000017973e-05 785
1.9831999999997407e-05 786
1.9833000000080148e-05 787
1.9862999999897823e-05 788
1.9863999999980564e-05 789
1.9867999999867436e-05 788
1.9872000000198398e-05 787
1.989400000024233e-05 788
1.989499999988098e-05 789
1.989599999996372e-05 790
1.989700000004646e-05 791
1.98980000001292e-05 792
1.9927999999946877e-05 793
1.9929000000029617e-05 794
1.9958999999847293e-05 795
1.9959999999930034e-05 796
1.9961000000012774e-05 797
1.999099999983045e-05 798
1.999199999991319e-05 797
2.0021000000092215e-05 798
2.0022000000174955e-05 799
2.0023000000257696e-05 800
2.005300000007537e-05 801
2.0082999999893048e-05 802
2.0083999999975788e-05 803
2.0112000000072072e-05 802
2.0114000000237553e-05 803
2.014400000005523e-05 804
2.014500000013797e-05 805
2.014600000022071e-05 806
2.014699999985936e-05 807
2.0177000000121126e-05 808
2.02069999999388e-05 809
2.0208000000021542e-05 810
2.0232000000230954e-05 809
2.0236000000117826e-05 808
2.0237999999839218e-05 809
2.023899999992196e-05 810
2.02400000000047e-05 811
2.02400000000047e-05 810
2.024100000008744e-05 811
2.024399999989157e-05 810
2.0248000000222532e-05 809
2.0252000000109405e-05 808
2.0270999999905115e-05 809
2.0271999999987855e-05 810
2.030200000024962e-05 811
2.030299999988827e-05 812
2.0303999999971012e-05 813
2.0334000000232777e-05 814
2.0364000000050453e-05 815
2.0371999999824197e-05 814
2.039399999986813e-05 815
2.039499999995087e-05 816
2.0425000000212634e-05 817
2.045500000003031e-05 818
2.0484999999847986e-05 819
2.0485999999930726e-05 820
2.0487000000013467e-05 821
2.049199999998308e-05 820
2.049599999986995e-05 819
2.0500000000200913e-05 818
2.0504000000087785e-05 817
2.0507999999974658e-05 816
2.0516999999831143e-05 817
2.0547000000092908e-05 818
2.0548000000175648e-05 819
2.054900000025839e-05 820
2.054999999989704e-05 821
2.0580000000158805e-05 822
2.0581000000241545e-05 823
2.061100000005922e-05 824
2.062800000013354e-05 823
2.0640999999876897e-05 824
2.0671000000138662e-05 825
2.0672000000221402e-05 826
2.0672999999860053e-05 827
2.070300000012182e-05 828
2.0732999999939494e-05 829
2.0747999999848332e-05 828
2.0752000000179294e-05 827
2.0756000000066166e-05 826
2.0759999999953038e-05 825
2.076300000020126e-05 826
2.076399999983991e-05 825
2.0768000000170872e-05 824
2.0772000000057744e-05 823
2.0793000000018935e-05 824
2.082299999983661e-05 825
2.082399999991935e-05 826
2.0825000000002092e-05 827
2.0854999999819768e-05 828
2.0885000000081533e-05 829
2.0886000000164273e-05 830
2.0887000000247014e-05 831
2.0892000000216626e-05 830
2.08960000001035e-05 829
2.091700000006469e-05 830
2.091800000014743e-05 831
2.0947999999965106e-05 832
2.097800000022687e-05 833
2.0978999999865522e-05 834
2.0979999999948262e-05 835
2.0981000000031003e-05 836
2.101099999984868e-05 837
2.101199999993142e-05 838
2.101599999981829e-05 837
2.1020000000149253e-05 836
2.1024000000036125e-05 835
2.1027999999922997e-05 834
2.103200000025396e-05 833
2.1042000000193184e-05 834
2.1042999999831835e-05 835
2.1043999999914575e-05 836
2.1044999999997316e-05 837
2.1046000000080056e-05 838
2.1075999999897732e-05 839
2.1106000000159497e-05 840
2.1107000000242238e-05 841
2.110799999988089e-05 842
2.1138000000142654e-05 843
2.115199999996875e-05 842
2.1155999999855624e-05 841
2.1160000000186585e-05 840
2.1164000000073457e-05 839
2.1166000000238938e-05 840
2.116799999996033e-05 841
2.116799999996033e-05 840
2.116900000004307e-05 841
2.117000000012581e-05 842
2.1199999999943486e-05 843
2.123000000020525e-05 844
2.1230999999843903e-05 845
2.1261000000105668e-05 846
2.1262000000188408e-05 847
2.128800000011921e-05 846
2.1292000000006084e-05 847
2.1292000000006084e-05 846
2.1293000000088824e-05 847
2.1295999999892956e-05 846
2.13229999999065e-05 847
2.1353000000168265e-05 848
2.138299999998594e-05 849
2.138400000006868e-05 850
2.1413999999886357e-05 851
2.1414999999969098e-05 852
2.1416000000051838e-05 853
2.1416000000051838e-05 852
2.141700000013458e-05 853
2.141999999993871e-05 852
2.1423999999825583e-05 851
2.1428000000156544e-05 850
2.1432000000043416e-05 849
2.1446999999952254e-05 850
2.1448000000034995e-05 851
2.147799999985267e-05 852
2.147899999993541e-05 853
2.1509000000197176e-05 854
2.1509999999835827e-05 855
2.1510999999918567e-05 856
2.1541000000180333e-05 857
2.1541999999818984e-05 858
2.1542999999901724e-05 859
2.1552000000202298e-05 858
2.157300000016349e-05 859
2.1602999999981165e-05 860
2.163300000024293e-05 861
2.1663000000060606e-05 862
2.1664000000143346e-05 863
2.167199999991709e-05 862
2.1676000000248052e-05 861
2.1680000000134925e-05 860
2.1684000000021797e-05 859
2.168799999990867e-05 858
2.169200000023963e-05 857
2.1693999999961022e-05 858
2.1695000000043763e-05 859
2.172499999986144e-05 860
2.172599999994418e-05 861
2.1756000000205944e-05 862
2.178600000002362e-05 863
2.178700000010636e-05 864
2.17880000001891e-05 865
2.1788999999827752e-05 866
2.1789999999910492e-05 867
2.1811999999954423e-05 866
2.1815999999841296e-05 865
2.1820000000172257e-05 866
2.1849999999989933e-05 867
2.1880000000251698e-05 868
2.188099999989035e-05 869
2.188199999997309e-05 870
2.1912000000234855e-05 871
2.1912999999873506e-05 872
2.1936000000000178e-05 871
2.194300000013527e-05 872
2.1972999999952947e-05 873
2.1974000000035687e-05 874
2.1975000000118428e-05 875
2.1976000000201168e-05 876
2.2006000000018844e-05 877
2.2007000000101584e-05 878
2.2008000000184325e-05 879
2.2038000000002e-05 880
2.205600000015906e-05 879
2.2060000000045932e-05 878
2.2063999999932804e-05 877
2.2067999999819676e-05 878
2.2067999999819676e-05 877
2.209800000008144e-05 878
2.2099000000164182e-05 879
2.2128999999981858e-05 880
2.2130000000064598e-05 881
2.213100000014734e-05 882
2.2160999999965014e-05 883
2.2187999999978558e-05 882
2.219100000022678e-05 883
2.219199999986543e-05 884
2.2222000000127196e-05 885
2.225199999994487e-05 886
2.2253000000027612e-05 887
2.2282999999845288e-05 888
2.230800000013744e-05 887
2.2313000000107053e-05 888
2.234299999992473e-05 889
2.2373000000186494e-05 890
2.2373999999825145e-05 891
2.240400000008691e-05 892
2.2427999999852233e-05 891
2.2433999999904586e-05 892
2.246400000016635e-05 893
2.246500000024909e-05 894
2.2465999999887742e-05 895
2.2466999999970483e-05 896
2.2468000000053223e-05 897
2.24979999998709e-05 898
2.249899999995364e-05 899
2.2529000000215404e-05 900
2.2548000000011115e-05 899
2.255900000003308e-05 900
2.256000000011582e-05 901
2.256100000019856e-05 902
2.2591000000016237e-05 903
2.2620999999833913e-05 904
2.2621999999916653e-05 905
2.2652000000178418e-05 906
2.265299999981707e-05 907
2.265399999989981e-05 908
2.2668000000169997e-05 907
2.2684000000161575e-05 908
2.2685000000244315e-05 909
2.271500000006199e-05 910
2.2744999999879667e-05 911
2.2775000000141432e-05 912
2.2776000000224172e-05 913
2.278799999988479e-05 912
2.279200000021575e-05 911
2.280600000004185e-05 912
2.280700000012459e-05 913
2.2836999999942265e-05 914
2.2838000000025005e-05 915
2.2839000000107745e-05 916
2.2840000000190486e-05 917
2.2840999999829137e-05 918
2.2841999999911877e-05 919
2.2842999999994618e-05 920
2.2844000000077358e-05 921
2.2873999999895034e-05 922
2.2874999999977774e-05 923
2.290500000023954e-05 924
2.290599999987819e-05 925
2.290699999996093e-05 926
2.2911999999930543e-05 925
2.2937000000222696e-05 926
2.2937999999861347e-05 927
2.2938999999944087e-05 928
2.2969000000205853e-05 929
2.2969999999844504e-05 930
2.300000000010627e-05 931
2.300100000018901e-05 932
2.3031000000006685e-05 933
2.3032000000089425e-05 932
2.3035999999976298e-05 931
2.306099999982436e-05 932
2.3091000000086126e-05 933
2.3092000000168866e-05 934
2.3121999999986542e-05 935
2.3123000000069283e-05 936
2.3124000000152023e-05 937
2.31539999999697e-05 938
2.315600000013518e-05 937
2.3184000000231464e-05 938
2.321400000004914e-05 939
2.321500000013188e-05 940
2.321600000021462e-05 941
2.321699999985327e-05 942
2.3247000000115037e-05 943
2.3248000000197777e-05 944
2.3248999999836428e-05 945
2.3275999999849972e-05 944
2.3279000000098193e-05 945
2.3280000000180934e-05 946
2.330999999999861e-05 947
2.331100000008135e-05 948
2.331200000016409e-05 949
2.331300000024683e-05 950
2.3313999999885482e-05 951
2.3339999999816285e-05 952
2.3344000000147247e-05 953
2.3345000000229987e-05 954
2.334599999986864e-05 955
2.3376000000130404e-05 956
2.3377000000213144e-05 957
2.3377999999851795e-05 958
2.3396000000008854e-05 957
2.340800000011356e-05 958
2.3437999999931236e-05 959
2.3468000000193e-05 960
2.3498000000010677e-05 961
2.3499000000093417e-05 962
2.3516000000167736e-05 961
2.3528999999911093e-05 962
2.3529999999993834e-05 963
2.3531000000076574e-05 964
2.356099999989425e-05 965
2.356199999997699e-05 966
2.356300000005973e-05 967
2.3592999999877406e-05 968
2.3593999999960147e-05 969
2.3624000000221912e-05 970
2.3624999999860563e-05 971
2.363599999988253e-05 970
2.364000000021349e-05 969
2.3644000000100363e-05 968
2.3647999999987235e-05 967
2.3651999999874107e-05 966
2.3655000000122328e-05 967
2.365600000020507e-05 968
2.365600000020507e-05 967
2.365699999984372e-05 968
2.365799999992646e-05 969
2.366000000009194e-05 968
2.3688000000188225e-05 969
2.3688999999826876e-05 970
2.371900000008864e-05 971
2.3720000000171382e-05 972
2.3749999999989058e-05 973
2.3780000000250823e-05 974
2.3780000000250823e-05 973
2.3784000000137695e-05 972
2.38100000000685e-05 973
2.381100000015124e-05 974
2.381200000023398e-05 975
2.3842000000051655e-05 976
2.387199999986933e-05 977
2.387299999995207e-05 978
2.3903000000213837e-05 979
2.3903999999852488e-05 980
2.3903999999852488e-05 979
2.3904999999935228e-05 980
2.390800000018345e-05 979
2.391200000007032e-05 978
2.3915999999957194e-05 977
2.3919999999844066e-05 976
2.3935000000196993e-05 977
2.396500000001467e-05 978
2.396600000009741e-05 979
2.396700000018015e-05 980
2.39679999998188e-05 981
2.396899999990154e-05 982
2.3999000000163306e-05 983
2.4000000000246047e-05 984
2.4030000000063723e-05 985
2.4031000000146463e-05 986
2.4032000000229203e-05 987
2.4032999999867855e-05 988
2.4040000000002948e-05 987
2.406300000012962e-05 988
2.4092999999947295e-05 989
2.412300000020906e-05 990
2.4153000000026736e-05 991
2.416000000016183e-05 990
2.4164000000048702e-05 989
2.4167999999935574e-05 988
2.4182999999844412e-05 989
2.4213000000106177e-05 990
2.4242999999923853e-05 991
2.4244000000006594e-05 992
2.4245000000089334e-05 993
2.427499999990701e-05 994
2.427599999998975e-05 995
2.4288000000094456e-05 994
2.429199999998133e-05 993
2.42959999998682e-05 992
2.4300000000199162e-05 991
2.4304000000086035e-05 990
2.4306000000251515e-05 991
2.433600000006919e-05 992
2.4365999999886867e-05 993
2.4366999999969607e-05 994
2.4397000000231372e-05 995
2.4424000000244916e-05 994
2.442700000004905e-05 995
2.442800000013179e-05 994
2.4456999999866724e-05 995
2.448700000012849e-05 996
2.448800000021123e-05 997
2.448899999984988e-05 998
2.448999999993262e-05 999
2.4520000000194386e-05 1000
2.4520999999833037e-05 1001
2.4521999999915778e-05 1002
2.4522999999998518e-05 1003
2.452400000008126e-05 1004
2.454799999984658e-05 1003
2.4553999999898934e-05 1004
2.45840000001607e-05 1005
2.4613999999978375e-05 1006
2.464400000024014e-05 1007
2.4668000000005463e-05 1006
2.4671999999892336e-05 1005
2.4674000000057816e-05 1006
2.4676000000223297e-05 1005
2.468000000011017e-05 1004
2.4703999999875492e-05 1005
2.4734000000137257e-05 1006
2.4735000000219998e-05 1007
2.473599999985865e-05 1008
2.4766000000120414e-05 1009
2.479599999993809e-05 1010
2.479700000002083e-05 1011
2.4799999999824962e-05 1010
2.4804000000155924e-05 1009
2.4808000000042796e-05 1008
2.4826999999838506e-05 1009
2.485700000010027e-05 1010
2.485800000018301e-05 1011
2.4888000000000687e-05 1012
2.4917999999818363e-05 1013
2.4928000000201678e-05 1012
2.4948000000080128e-05 1013
2.494900000016287e-05 1014
2.495000000024561e-05 1015
2.495099999988426e-05 1016
2.4981000000146025e-05 1017
2.4982000000228766e-05 1018
2.4982999999867417e-05 1019
2.4983999999950157e-05 1020
2.5014000000211922e-05 1021
2.5044000000029598e-05 1022
2.504500000011234e-05 1023
2.504600000019508e-05 1024
2.504699999983373e-05 1025
2.504799999991647e-05 1024
2.5052000000247432e-05 1023
2.5056000000134304e-05 1022
2.5077000000095495e-05 1023
2.510699999991317e-05 1024
2.5137000000174936e-05 1025
2.5166999999992612e-05 1026
2.5168000000075352e-05 1027
2.5169000000158093e-05 1028
2.5170000000240833e-05 1029
2.5170999999879484e-05 1030
2.5175999999849097e-05 1029
2.520100000014125e-05 1030
2.520200000022399e-05 1031
2.5232000000041666e-05 1032
2.5233000000124406e-05 1033
2.5262999999942082e-05 1034
2.5264000000024822e-05 1035
2.5265000000107563e-05 1036
2.5266000000190303e-05 1037
2.529600000000798e-05 1038
2.529600000000798e-05 1037
2.529999999989485e-05 1036
2.5325999999825655e-05 1037
2.535600000008742e-05 1038
2.5385999999905096e-05 1039
2.541600000016686e-05 1040
2.54170000002496e-05 1041
2.5417999999888252e-05 1042
2.5420000000053733e-05 1041
2.5448000000150017e-05 1042
2.5449000000232758e-05 1043
2.5479000000050434e-05 1044
2.550899999986811e-05 1045
2.550999999995085e-05 1046
2.5540000000212615e-05 1047
2.5540000000212615e-05 1046
2.5540999999851266e-05 1047
2.5541999999934006e-05 1048
2.5543000000016747e-05 1049
2.5544000000099487e-05 1050
2.5544000000099487e-05 1049
2.5545000000182227e-05 1050
2.554799999998636e-05 1049
2.555199999987323e-05 1048
2.5556000000204193e-05 1047
2.5560000000091065e-05 1046
2.5563999999977938e-05 1045
2.556799999986481e-05 1044
2.557200000019577e-05 1043
2.5574999999999903e-05 1044
2.5576000000082644e-05 1043
2.5579999999969516e-05 1042
2.5583999999856388e-05 1041
2.558800000018735e-05 1040
2.5592000000074222e-05 1039
2.560499999981758e-05 1040
2.5635000000079344e-05 1041
2.566499999989702e-05 1042
2.566599999997976e-05 1043
2.5696000000241526e-05 1044
2.5712000000233104e-05 1043
2.57260000000592e-05 1044
2.5727000000141942e-05 1045
2.5756999999959618e-05 1046
2.5787000000221383e-05 1047
2.581700000003906e-05 1048
2.5831999999947897e-05 1047
2.583599999983477e-05 1046
2.584000000016573e-05 1045
2.5844000000052603e-05 1044
2.5846999999856735e-05 1045
2.58770000001185e-05 1046
2.587800000020124e-05 1047
2.587899999983989e-05 1048
2.5909000000101656e-05 1049
2.5938999999919332e-05 1050
2.5964000000211485e-05 1049
2.5969000000181097e-05 1050
2.596999999981975e-05 1051
2.6000000000081513e-05 1052
2.602999999989919e-05 1053
2.6060000000160954e-05 1054
2.6083999999926277e-05 1053
2.608999999997863e-05 1054
2.609100000006137e-05 1055
2.6120999999879047e-05 1056
2.615100000014081e-05 1057
2.6180999999958487e-05 1058
2.6182000000041228e-05 1059
2.620400000008516e-05 1058
2.6211999999858904e-05 1059
2.6212999999941644e-05 1060
2.624300000020341e-05 1061
2.6273000000021085e-05 1062
2.630299999983876e-05 1063
2.632400000024404e-05 1062
2.6333000000100526e-05 1063
2.6362999999918202e-05 1064
2.6393000000179967e-05 1065
2.6422999999997643e-05 1066
2.6443999999958834e-05 1065
2.6447999999845706e-05 1064
2.6452000000176668e-05 1063
2.6453000000259408e-05 1064
2.645600000006354e-05 1063
2.6483000000077084e-05 1064
2.651299999989476e-05 1065
2.6543000000156525e-05 1066
2.65729999999742e-05 1067
2.6576000000222422e-05 1066
2.6603000000235966e-05 1067
2.663300000005364e-05 1068
2.6662999999871317e-05 1069
2.6693000000133082e-05 1070
2.6695999999937214e-05 1069
2.672299999995076e-05 1070
2.6753000000212523e-05 1071
2.67830000000302e-05 1072
2.6812999999847875e-05 1073
2.6816000000096096e-05 1072
2.681999999998297e-05 1071
2.682399999986984e-05 1070
2.684300000010964e-05 1071
2.6872999999927316e-05 1072
2.690300000018908e-05 1073
2.6933000000006757e-05 1074
2.6944000000028723e-05 1073
2.6962999999824433e-05 1074
2.6993000000086198e-05 1075
2.7022999999903874e-05 1076
2.705300000016564e-05 1077
2.7064000000187605e-05 1076
2.7068000000074477e-05 1075
2.707199999996135e-05 1074
2.707599999984822e-05 1073
2.7080000000179183e-05 1072
2.7082999999983315e-05 1073
2.7084000000066055e-05 1072
2.711300000024508e-05 1073
2.7143000000062756e-05 1074
2.717299999988043e-05 1075
2.7203000000142197e-05 1076
2.7204000000224937e-05 1075
2.720800000011181e-05 1074
2.7232999999959873e-05 1075
2.7263000000221638e-05 1076
2.7293000000039314e-05 1077
2.732299999985699e-05 1078
2.7327999999826602e-05 1077
2.7353000000118755e-05 1078
2.738299999993643e-05 1079
2.7413000000198195e-05 1080
2.744300000001587e-05 1081
2.7447999999985484e-05 1080
2.7472999999833547e-05 1081
2.7503000000095312e-05 1082
2.7532999999912988e-05 1083
2.7563000000174753e-05 1084
2.7568000000144366e-05 1083
2.7572000000031238e-05 1082
2.757599999991811e-05 1081
2.7580000000249072e-05 1080
2.759299999999243e-05 1081
2.7623000000254194e-05 1082
2.765300000007187e-05 1083
2.7682999999889546e-05 1084
2.7699999999963865e-05 1083
2.771300000015131e-05 1084
2.7742999999968987e-05 1085
2.7773000000230752e-05 1086
2.7803000000048428e-05 1087
2.7820000000122747e-05 1086
2.7832999999866104e-05 1087
2.786300000012787e-05 1088
2.7892999999945545e-05 1089
2.792300000020731e-05 1090
2.793999999983754e-05 1089
2.79440000001685e-05 1088
2.7948000000055373e-05 1087
2.7951999999942245e-05 1086
2.7953000000024986e-05 1087
2.7955999999829118e-05 1086
2.796000000016008e-05 1085
2.798299999984266e-05 1086
2.8013000000104427e-05 1087
2.8042999999922102e-05 1088
2.8073000000183868e-05 1089
2.8079999999874872e-05 1088
2.8084000000205833e-05 1087
2.8088000000092705e-05 1086
2.8091999999979578e-05 1085
2.8103000000001543e-05 1086
2.813299999981922e-05 1087
2.8163000000080984e-05 1088
2.819299999989866e-05 1089
2.821200000013846e-05 1088
2.8223000000160425e-05 1089
2.82529999999781e-05 1090
2.8283000000239866e-05 1091
2.8313000000057542e-05 1092
2.8331999999853252e-05 1091
2.8336000000184214e-05 1090
2.8340000000071086e-05 1089
2.8342999999875218e-05 1090
2.834399999995796e-05 1089
2.834799999984483e-05 1088
2.8352000000175792e-05 1087
2.8356000000062664e-05 1086
2.8359999999949537e-05 1085
2.836399999983641e-05 1084
2.8373000000136983e-05 1085
2.840299999995466e-05 1086
2.8433000000216424e-05 1087
2.84630000000341e-05 1088
2.848399999999529e-05 1087
2.8487999999882163e-05 1086
2.8492000000213125e-05 1085
2.8492999999851776e-05 1086
2.8496000000099997e-05 1085
2.849999999998687e-05 1084
2.850399999987374e-05 1083
2.852300000011354e-05 1084
2.8552999999931217e-05 1085
2.8583000000192982e-05 1086
2.8613000000010658e-05 1087
2.8624000000032623e-05 1086
2.8627999999919496e-05 1085
2.8642999999828334e-05 1086
2.86730000000901e-05 1087
2.8702999999907775e-05 1088
2.873300000016954e-05 1089
2.8748000000078378e-05 1088
2.875199999996525e-05 1087
2.8762999999987215e-05 1088
2.879300000024898e-05 1089
2.8823000000066656e-05 1090
2.8852999999884332e-05 1091
2.8872000000124132e-05 1090
2.8883000000146097e-05 1091
2.8912999999963773e-05 1092
2.894300000022554e-05 1093
2.8973000000043214e-05 1094
2.8991999999838924e-05 1093
2.8996000000169886e-05 1092
2.9000000000056758e-05 1091
2.900299999986089e-05 1092
2.9033000000122655e-05 1093
2.906299999994033e-05 1094
2.9093000000202096e-05 1095
2.912000000021564e-05 1094
2.9123000000019772e-05 1095
2.9124000000102512e-05 1094
2.9127999999989385e-05 1093
2.9131999999876257e-05 1092
2.913600000020722e-05 1091
2.914000000009409e-05 1090
2.9152999999837448e-05 1091
2.9183000000099213e-05 1092
2.921299999991689e-05 1093
2.9243000000178654e-05 1094
2.9260000000252973e-05 1093
2.9264000000139845e-05 1092
2.9268000000026717e-05 1091
2.927199999991359e-05 1090
2.927299999999633e-05 1091
2.927600000024455e-05 1090
2.9280000000131423e-05 1089
2.9303000000258095e-05 1090
2.933300000007577e-05 1091
2.9362999999893447e-05 1092
2.939300000015521e-05 1093
2.9399999999846216e-05 1092
2.9404000000177177e-05 1091
2.940800000006405e-05 1090
2.9411999999950922e-05 1089
2.9422999999972888e-05 1090
2.9453000000234653e-05 1091
2.948300000005233e-05 1092
2.9512999999870004e-05 1093
2.9532000000109804e-05 1092
2.9535999999996676e-05 1091
2.9539999999883548e-05 1090
2.954300000013177e-05 1091
2.9572999999949445e-05 1092
2.960300000021121e-05 1093
2.9633000000028886e-05 1094
2.966000000004243e-05 1093
2.9662999999846562e-05 1094
2.9693000000108327e-05 1095
2.9722999999926003e-05 1096
2.9753000000187768e-05 1097
2.9780000000201312e-05 1096
2.9783000000005444e-05 1097
2.9784000000088184e-05 1096
2.9787999999975057e-05 1095
2.979199999986193e-05 1094
2.979600000019289e-05 1093
2.981299999982312e-05 1094
2.9843000000084885e-05 1095
2.987299999990256e-05 1096
2.9903000000164326e-05 1097
2.9915999999907683e-05 1096
2.9932999999982002e-05 1097
2.9963000000243767e-05 1098
2.9993000000061443e-05 1099
3.002299999987912e-05 1100
3.0036000000066565e-05 1099
3.0039999999953437e-05 1098
3.004399999984031e-05 1097
3.0053000000140884e-05 1098
3.008299999995856e-05 1099
3.0113000000220325e-05 1100
3.0143000000038e-05 1101
3.016399999999919e-05 1100
3.0167999999886064e-05 1099
3.0172999999855676e-05 1100
3.020300000011744e-05 1101
3.0232999999935117e-05 1102
3.0263000000196882e-05 1103
3.0288000000044946e-05 1102
3.0293000000014558e-05 1103
3.0322999999832234e-05 1104
3.0353000000094e-05 1105
3.0382999999911675e-05 1106
3.0408000000203828e-05 1105
3.04120000000907e-05 1104
3.041300000017344e-05 1105
3.0415999999977572e-05 1104
3.0442999999991116e-05 1105
3.047300000025288e-05 1106
3.0503000000070557e-05 1107
3.053299999988823e-05 1108
3.0536000000136454e-05 1107
3.056300000015e-05 1108
3.0592999999967674e-05 1109
3.062300000022944e-05 1110
3.0653000000047115e-05 1111
3.065599999985125e-05 1110
3.068299999986479e-05 1111
3.0713000000126556e-05 1112
3.074299999994423e-05 1113
3.0773000000206e-05 1114
3.077600000001013e-05 1113
3.080300000002367e-05 1114
3.083299999984135e-05 1115
3.0863000000103114e-05 1116
3.089299999992079e-05 1117
3.089600000016901e-05 1116
3.090000000005588e-05 1115
3.0923000000182554e-05 1116
3.095300000000023e-05 1117
3.0982999999817906e-05 1118
3.101300000007967e-05 1119
3.1020000000214765e-05 1118
3.104299999989735e-05 1119
3.107300000015911e-05 1120
3.110299999997679e-05 1121
3.113300000023855e-05 1122
3.113999999992956e-05 1121
3.116300000005623e-05 1122
3.1192999999873905e-05 1123
3.122300000013567e-05 1124
3.1252999999953346e-05 1125
3.126000000008844e-05 1124
3.126399999997531e-05 1123
3.128300000021511e-05 1124
3.131300000003279e-05 1125
3.134299999985046e-05 1126
3.137300000011223e-05 1127
3.1384000000134193e-05 1126
3.1402999999929904e-05 1127
3.143300000019167e-05 1128
3.1463000000009345e-05 1129
3.149299999982702e-05 1130
3.1503999999848986e-05 1129
3.150800000017995e-05 1128
3.151200000006682e-05 1127
3.151599999995369e-05 1126
3.1519999999840564e-05 1125
3.1523000000088786e-05 1126
3.155299999990646e-05 1127
3.1583000000168227e-05 1128
3.16129999999859e-05 1129
3.1639999999999446e-05 1128
3.164300000024767e-05 1129
3.164399999988632e-05 1128
3.167300000006534e-05 1129
3.170299999988302e-05 1130
3.1733000000144784e-05 1131
3.176299999996246e-05 1132
3.17640000000452e-05 1131
3.1793000000224225e-05 1132
3.18230000000419e-05 1133
3.185299999985958e-05 1134
3.188300000012134e-05 1135
3.188400000020408e-05 1134
3.1888000000090955e-05 1133
3.189199999997783e-05 1132
3.191299999993902e-05 1133
3.194300000020078e-05 1134
3.197300000001846e-05 1135
3.2002999999836135e-05 1136
3.201200000013671e-05 1135
3.20330000000979e-05 1136
3.2062999999915576e-05 1137
3.209300000017734e-05 1138
3.212299999999502e-05 1139
3.21319999998515e-05 1138
3.213600000018246e-05 1137
3.215300000025678e-05 1138
3.218300000007446e-05 1139
3.2212999999892133e-05 1140
3.22430000001539e-05 1141
3.2255999999897256e-05 1140
3.2272999999971574e-05 1141
3.230300000023334e-05 1142
3.2333000000051015e-05 1143
3.236299999986869e-05 1144
3.237600000005614e-05 1143
3.237999999994301e-05 1142
3.2393000000130456e-05 1143
3.242299999994813e-05 1144
3.24530000002099e-05 1145
3.248300000002757e-05 1146
3.250000000010189e-05 1145
3.251299999984525e-05 1146
3.2543000000107014e-05 1147
3.257299999992469e-05 1148
3.2603000000186455e-05 1149
3.2619999999816685e-05 1148
3.2624000000147646e-05 1147
3.262800000003452e-05 1146
3.263199999992139e-05 1145
3.263300000000413e-05 1146
3.266299999982181e-05 1147
3.269300000008357e-05 1148
3.272299999990125e-05 1149
3.275200000008027e-05 1148
3.275300000016301e-05 1149
3.278299999998069e-05 1150
3.2813000000242454e-05 1151
3.284300000006013e-05 1152
3.2872000000239154e-05 1151
3.2872999999877806e-05 1152
3.290300000013957e-05 1153
3.2932999999957246e-05 1154
3.295399999991844e-05 1155
3.296300000021901e-05 1156
3.299199999995395e-05 1155
3.299300000003669e-05 1156
3.299599999984082e-05 1155
3.300000000017178e-05 1154
3.300400000005865e-05 1153
3.302299999985436e-05 1154
3.305300000011613e-05 1155
3.3082999999933804e-05 1156
3.311300000019557e-05 1157
3.3124000000217535e-05 1156
3.3143000000013245e-05 1157
3.317299999983092e-05 1158
3.3203000000092686e-05 1159
3.323299999991036e-05 1160
3.324399999993233e-05 1159
3.32479999998192e-05 1158
3.325200000015016e-05 1157
3.326300000017213e-05 1158
3.32929999999898e-05 1159
3.332300000025157e-05 1160
3.3353000000069244e-05 1161
3.3371999999864954e-05 1160
3.338299999988692e-05 1161
3.3413000000148685e-05 1162
3.344299999996636e-05 1163
3.3473000000228126e-05 1164
3.3492000000023836e-05 1163
3.349599999991071e-05 1162
3.35030000000458e-05 1163
3.353299999986348e-05 1164
3.356300000012524e-05 1165
3.359299999994292e-05 1166
3.361600000006959e-05 1165
3.361999999995646e-05 1164
3.3623000000204684e-05 1165
3.3623999999843335e-05 1164
3.365300000002236e-05 1165
3.3682999999840035e-05 1166
3.37130000001018e-05 1167
3.3742999999919476e-05 1168
3.374400000000222e-05 1167
3.374799999988909e-05 1166
3.377300000018124e-05 1167
3.380299999999892e-05 1168
3.383299999981659e-05 1169
3.386300000007836e-05 1170
3.386800000004797e-05 1169
3.387199999993484e-05 1168
3.3892999999896034e-05 1169
3.39230000001578e-05 1170
3.3952999999975475e-05 1171
3.398300000023724e-05 1172
3.3992000000093725e-05 1171
3.39959999999806e-05 1170
3.4013000000054916e-05 1171
3.404299999987259e-05 1172
3.407300000013436e-05 1173
3.410299999995203e-05 1174
3.411600000013948e-05 1173
3.412000000002635e-05 1172
3.4123999999913224e-05 1171
3.4128000000244185e-05 1170
3.413200000013106e-05 1169
3.41330000002138e-05 1170
3.413600000001793e-05 1169
3.4163000000031474e-05 1170
3.419299999984915e-05 1171
3.4223000000110915e-05 1172
3.425299999992859e-05 1173
3.425600000017681e-05 1172
3.4283000000190356e-05 1173
3.431300000000803e-05 1174
3.434299999982571e-05 1175
3.437300000008747e-05 1176
3.4375999999891604e-05 1175
3.4380000000222566e-05 1174
3.440299999990515e-05 1175
3.4433000000166913e-05 1176
3.446299999998459e-05 1177
3.4493000000246354e-05 1178
3.449999999993736e-05 1177
3.450399999982423e-05 1176
3.450800000015519e-05 1175
3.4512000000042065e-05 1174
3.451599999992894e-05 1173
3.451800000009442e-05 1174
3.451999999981581e-05 1173
3.452300000006403e-05 1174
3.452400000014677e-05 1173
3.452800000003364e-05 1172
3.4531999999920515e-05 1171
3.4552999999881706e-05 1172
3.458300000014347e-05 1173
3.461299999996115e-05 1174
3.464300000022291e-05 1175
3.46520000000794e-05 1174
3.465599999996627e-05 1173
3.465999999985314e-05 1172
3.467300000004059e-05 1173
3.4702999999858264e-05 1174
3.473300000012003e-05 1175
3.4762999999937705e-05 1176
3.4780000000012024e-05 1175
3.4783999999898896e-05 1174
3.478800000022986e-05 1173
3.479200000011673e-05 1172
3.479300000019947e-05 1173
3.4823000000017146e-05 1174
3.485299999983482e-05 1175
3.488300000009659e-05 1176
3.491199999983152e-05 1175
3.491299999991426e-05 1176
3.4916000000162484e-05 1175
3.4920000000049356e-05 1174
3.492399999993623e-05 1173
3.49279999998231e-05 1172
3.493200000015406e-05 1171
3.494300000017603e-05 1172
3.4972999999993704e-05 1173
3.500300000025547e-05 1174
3.5033000000073145e-05 1175
3.5051999999868855e-05 1174
3.506299999989082e-05 1175
3.5093000000152585e-05 1176
3.512299999997026e-05 1177
3.5153000000232026e-05 1178
3.517200000002774e-05 1177
3.517599999991461e-05 1176
3.518000000024557e-05 1175
3.51830000000497e-05 1176
3.518400000013244e-05 1175
3.5188000000019315e-05 1174
3.519199999990619e-05 1173
3.519600000023715e-05 1172
3.521299999986738e-05 1173
3.524300000012914e-05 1174
3.527299999994682e-05 1175
3.5303000000208584e-05 1176
3.531599999995194e-05 1175
3.533300000002626e-05 1176
3.5362999999843936e-05 1177
3.53930000001057e-05 1178
3.542299999992338e-05 1179
3.543600000011082e-05 1178
3.5439999999997696e-05 1177
3.545300000018514e-05 1178
3.548300000000282e-05 1179
3.5512999999820494e-05 1180
3.554300000008226e-05 1181
3.556000000015658e-05 1180
3.5572999999899935e-05 1181
3.56030000001617e-05 1182
3.5632999999979376e-05 1183
3.566300000024114e-05 1184
3.567999999987137e-05 1183
3.5693000000058817e-05 1184
3.572299999987649e-05 1185
3.575300000013826e-05 1186
3.5782999999955933e-05 1187
3.580000000003025e-05 1186
3.58130000002177e-05 1187
3.5843000000035374e-05 1188
3.587299999985305e-05 1189
3.5903000000114815e-05 1190
3.5920000000189134e-05 1189
3.593299999993249e-05 1190
3.5963000000194256e-05 1191
3.599300000001193e-05 1192
3.602299999982961e-05 1193
3.603999999990393e-05 1192
3.604400000023489e-05 1191
3.604800000012176e-05 1190
3.605300000009137e-05 1191
3.608299999990905e-05 1192
3.6113000000170814e-05 1193
3.614299999998849e-05 1194
3.616799999983655e-05 1193
3.6173000000250255e-05 1194
3.620300000006793e-05 1195
3.623299999988561e-05 1196
3.626300000014737e-05 1197
3.6287999999995435e-05 1196
3.629199999988231e-05 1195
3.629299999996505e-05 1196
3.629600000021327e-05 1195
3.632300000022681e-05 1196
3.635300000004449e-05 1197
3.6382999999862164e-05 1198
3.641300000012393e-05 1199
3.641599999992806e-05 1198
3.6442999999941605e-05 1199
3.647300000020337e-05 1200
3.6503000000021046e-05 1201
3.653299999983872e-05 1202
3.653600000008694e-05 1201
3.6539999999973816e-05 1200
3.654399999986069e-05 1199
3.656300000010049e-05 1200
3.659299999991816e-05 1201
3.662300000017993e-05 1202
3.6652999999997604e-05 1203
3.666400000001957e-05 1202
3.668300000025937e-05 1203
3.6713000000077045e-05 1204
3.674299999989472e-05 1205
3.6773000000156486e-05 1206
3.678400000017845e-05 1205
3.6788000000065324e-05 1204
3.6791999999952196e-05 1203
3.679599999983907e-05 1202
3.680000000017003e-05 1201
3.680299999997416e-05 1202
3.68040000000569e-05 1201
3.683300000023593e-05 1202
3.68630000000536e-05 1203
3.689299999987128e-05 1204
3.6923000000133044e-05 1205
3.6924000000215784e-05 1204
3.695299999995072e-05 1205
3.6983000000212485e-05 1206
3.701300000003016e-05 1207
3.7042999999847837e-05 1208
3.704399999993058e-05 1207
3.70730000001096e-05 1208
3.710299999992728e-05 1209
3.713300000018904e-05 1210
3.716300000000672e-05 1211
3.716400000008946e-05 1210
3.716799999997633e-05 1209
3.7192999999824394e-05 1210
3.722300000008616e-05 1211
3.7252999999903835e-05 1212
3.72830000001656e-05 1213
3.728800000013521e-05 1212
3.7312999999983276e-05 1213
3.734300000024504e-05 1214
3.737300000006272e-05 1215
3.740299999988039e-05 1216
3.7407999999850006e-05 1215
3.741200000018097e-05 1214
3.741600000006784e-05 1213
3.743300000014216e-05 1214
3.7462999999959834e-05 1215
3.74930000002216e-05 1216
3.753600000022672e-05 1215
3.7540000000113594e-05 1214
3.7541000000196334e-05 1215
3.7659999999828386e-05 1214
3.766400000015935e-05 1213
3.766800000004622e-05 1212
3.77880000002051e-05 1211
3.7907999999919895e-05 1210
3.7912000000250856e-05 1209
3.803199999996565e-05 1208
3.815200000012453e-05 1207
3.81560000000114e-05 1206
3.8276000000170285e-05 1205
3.839599999988508e-05 1204
3.8431000000116455e-05 1205
3.851600000004396e-05 1204
3.8621999999932655e-05 1205
3.863600000020284e-05 1204
3.8640000000089714e-05 1203
3.8760000000248596e-05 1204
3.8760000000248596e-05 1203
3.876400000013547e-05 1202
3.888399999985026e-05 1201
3.888800000018122e-05 1200
3.8892000000068094e-05 1199
3.8895999999954967e-05 1198
3.889999999984184e-05 1197
3.902000000000072e-05 1196
3.91400000001596e-05 1195
3.9259999999874395e-05 1194
3.926400000020536e-05 1193
3.938399999992015e-05 1192
3.938800000025111e-05 1191
3.944399999999959e-05 1192
3.9507999999965904e-05 1191
3.9511999999852776e-05 1190
3.9590000000089276e-05 1191
3.96139999998546e-05 1192
3.963200000001166e-05 1191
3.975200000017054e-05 1190
3.975600000005741e-05 1189
3.9759999999944284e-05 1188
3.9880000000103166e-05 1187
3.999999999981796e-05 1186
4.000400000014892e-05 1185
4.000800000003579e-05 1184
4.0011999999922665e-05 1183
4.0129999999916066e-05 1184
4.013200000008155e-05 1183
4.013900000021664e-05 1184
4.0242999999939855e-05 1185
4.025200000024043e-05 1184
4.02560000001273e-05 1183
4.026000000001417e-05 1182
4.0380000000173055e-05 1181
4.038400000005993e-05 1180
4.03879999999468e-05 1179
4.039199999983367e-05 1178
4.0396000000164634e-05 1177
4.0400000000051506e-05 1176
4.040399999993838e-05 1175
4.040799999982525e-05 1174
4.041200000015621e-05 1173
4.0531999999871005e-05 1172
4.0536000000201966e-05 1171
4.054000000008884e-05 1170
4.054399999997571e-05 1169
4.054799999986258e-05 1168
4.0552999999832195e-05 1169
4.0668000000021465e-05 1168
4.067199999990834e-05 1167
4.06760000002393e-05 1166
4.072300000013129e-05 1167
4.079599999995409e-05 1166
4.0799999999840963e-05 1165
4.0804000000171925e-05 1164
4.08080000000588e-05 1163
4.081199999994567e-05 1162
4.093200000010455e-05 1161
4.0935999999991424e-05 1160
4.1056000000150306e-05 1159
4.11759999998651e-05 1158
4.118000000019606e-05 1157
4.118400000008293e-05 1156
4.1304000000241814e-05 1155
4.1308000000128686e-05 1154
4.131200000001556e-05 1153
4.131599999990243e-05 1152
4.141000000013051e-05 1153
4.143600000006131e-05 1152
4.1556000000220195e-05 1151
4.156000000010707e-05 1150
4.156399999999394e-05 1149
4.156799999988081e-05 1148
4.157200000021177e-05 1147
4.1576000000098645e-05 1146
4.157999999998552e-05 1145
4.1653999999891056e-05 1146
4.17000000001444e-05 1145
4.170400000003127e-05 1144
4.1707999999918144e-05 1143
4.1824999999828805e-05 1144
4.1828000000077026e-05 1143
4.1885999999990986e-05 1144
4.191900000005688e-05 1145
4.194800000023591e-05 1144
4.195200000012278e-05 1143
4.195600000000965e-05 1142
4.2018999999893225e-05 1143
4.2076000000168534e-05 1142
4.2080000000055406e-05 1141
4.208399999994228e-05 1140
4.220400000010116e-05 1139
4.220799999998803e-05 1138
4.221900000001e-05 1139
4.2328000000146915e-05 1138
4.233200000003379e-05 1137
4.233599999992066e-05 1136
4.234000000025162e-05 1135
4.234400000013849e-05 1134
4.2348000000025365e-05 1133
4.235199999991224e-05 1132
4.247200000007112e-05 1131
4.247599999995799e-05 1130
4.2479999999844864e-05 1129
4.2484000000175826e-05 1128
4.24880000000627e-05 1127
4.249199999994957e-05 1126
4.249599999983644e-05 1125
4.2615999999995324e-05 1124
4.263300000006964e-05 1125
4.267999999996164e-05 1126
4.2736000000154206e-05 1125
4.2855999999869e-05 1124
4.297600000002788e-05 1123
4.303500000002458e-05 1124
4.309600000018676e-05 1123
4.310700000020873e-05 1124
4.3156999999904855e-05 1125
4.318700000016662e-05 1126
4.3215999999901555e-05 1125
4.3216999999984296e-05 1126
4.324700000024606e-05 1127
4.327700000006374e-05 1128
4.330699999988141e-05 1129
4.333600000006044e-05 1128
4.333700000014318e-05 1129
4.333999999994731e-05 1128
4.346000000010619e-05 1127
4.3463999999993064e-05 1126
4.35570000001384e-05 1127
4.3584000000151946e-05 1126
4.361100000016549e-05 1127
4.370399999986674e-05 1126
4.37080000001977e-05 1125
4.371200000008457e-05 1124
4.3715999999971444e-05 1123
4.371999999985832e-05 1122
4.372400000018928e-05 1121
4.378200000010324e-05 1122
4.382699999982975e-05 1123
4.384399999990407e-05 1122
4.384800000023503e-05 1121
4.3852000000121905e-05 1120
4.391299999984e-05 1121
4.39719999998367e-05 1120
4.397600000016766e-05 1119
4.409599999988245e-05 1118
4.410000000021341e-05 1117
4.419199999983192e-05 1118
4.4219999999928206e-05 1117
4.422400000025917e-05 1116
4.422800000014604e-05 1115
4.429300000019509e-05 1116
4.434799999986083e-05 1115
4.4352000000191794e-05 1114
4.4471999999906586e-05 1113
4.447600000023755e-05 1112
4.4487999999898165e-05 1113
4.459400000023095e-05 1114
4.459599999995234e-05 1113
4.459999999983921e-05 1112
4.4604000000170174e-05 1111
4.4608000000057046e-05 1110
4.461199999994392e-05 1109
4.461599999983079e-05 1108
4.462000000016175e-05 1107
4.4624000000048625e-05 1108
4.4739999999876545e-05 1107
4.474400000020751e-05 1106
4.48639999999223e-05 1105
4.486800000025326e-05 1104
4.487200000014013e-05 1103
4.498699999988531e-05 1104
4.4991999999854926e-05 1103
4.499600000018589e-05 1102
4.500000000007276e-05 1101
4.500399999995963e-05 1100
4.5007999999846504e-05 1099
4.504400000016062e-05 1100
4.512199999995303e-05 1101
4.5128000000005386e-05 1100
4.513199999989226e-05 1099
4.513600000022322e-05 1098
4.5201999999910925e-05 1099
4.524900000024701e-05 1100
4.525599999993801e-05 1099
4.5259999999824885e-05 1098
4.537999999998377e-05 1097
4.5395999999975345e-05 1098
4.542600000023711e-05 1099
4.5456000000054786e-05 1100
4.548599999987246e-05 1101
4.550000000014265e-05 1100
4.550400000002952e-05 1099
4.550799999991639e-05 1098
4.5512000000247355e-05 1097
4.563199999996215e-05 1096
4.563400000012763e-05 1097
4.5721999999859264e-05 1098
4.575200000012103e-05 1099
4.575200000012103e-05 1098
4.57560000000079e-05 1097
4.5781999999938705e-05 1098
4.587600000016678e-05 1097
4.5880000000053656e-05 1096
4.588399999994053e-05 1095
4.58879999998274e-05 1094
4.600799999998628e-05 1093
4.6128000000145164e-05 1092
4.6132000000032036e-05 1091
4.613599999991891e-05 1090
4.621400000015541e-05 1091
4.625600000007779e-05 1090
4.625999999996466e-05 1089
4.6380000000123545e-05 1088
4.639600000011512e-05 1089
4.640700000013709e-05 1090
4.6436999999954764e-05 1091
4.647200000018614e-05 1092
4.649999999983834e-05 1091
4.650200000000382e-05 1092
4.65040000001693e-05 1091
4.662399999988409e-05 1090
4.662800000021505e-05 1089
4.6632000000101925e-05 1088
4.665699999994999e-05 1089
4.675199999981672e-05 1088
4.675600000014768e-05 1087
4.676000000003455e-05 1086
4.6880000000193434e-05 1085
4.693200000005504e-05 1086
4.698399999991665e-05 1087
4.6999999999908226e-05 1086
4.712000000006711e-05 1085
4.712399999995398e-05 1084
4.712799999984085e-05 1085
4.724099999986464e-05 1086
4.724400000011286e-05 1085
4.7247999999999735e-05 1084
4.72920000000876e-05 1085
4.7368000000158617e-05 1084
4.7481999999821056e-05 1085
4.748799999987341e-05 1084
4.749200000020437e-05 1083
4.751200000008282e-05 1084
4.7557000000253424e-05 1085
4.7611999999919163e-05 1084
4.7616000000250125e-05 1083
4.773599999996492e-05 1082
4.773999999985179e-05 1081
4.786000000001067e-05 1080
4.7980000000169554e-05 1079
4.7984000000056426e-05 1078
4.79879999999433e-05 1077
4.799199999983017e-05 1076
4.799700000024387e-05 1077
4.8097000000080214e-05 1078
4.811199999998905e-05 1077
4.8211999999825395e-05 1078
4.8232000000147934e-05 1077
4.825900000016148e-05 1078
4.835199999986273e-05 1077
4.8447000000173546e-05 1078
4.847200000002161e-05 1077
4.847599999990848e-05 1076
4.859600000006736e-05 1075
4.8599999999954235e-05 1074
4.860399999984111e-05 1073
4.860800000017207e-05 1072
4.861200000005894e-05 1071
4.868700000004722e-05 1072
4.873200000021782e-05 1071
4.8736000000104696e-05 1070
4.8794000000018656e-05 1071
4.885599999981949e-05 1070
4.886000000015045e-05 1069
4.886400000003732e-05 1068
4.89720000000915e-05 1069
4.8984000000196204e-05 1068
4.9001999999909174e-05 1069
4.903200000017094e-05 1070
4.9103999999911e-05 1069
4.910800000024196e-05 1068
4.911200000012883e-05 1067
4.914400000011199e-05 1068
4.923199999984362e-05 1067
4.9352000000002505e-05 1066
4.945700000025255e-05 1067
4.947200000016139e-05 1066
4.949599999992671e-05 1067
4.953100000015809e-05 1068
4.959199999987618e-05 1067
4.959600000020714e-05 1066
4.9603999999980886e-05 1067
4.9715999999921934e-05 1066
4.9720000000252895e-05 1065
4.976600000006215e-05 1066
4.9796999999962566e-05 1067
4.983999999996769e-05 1066
4.996000000012657e-05 1065
4.996400000001344e-05 1064
5.0067000000098005e-05 1065
5.0084000000172324e-05 1064
5.0088000000059196e-05 1063
5.020800000021808e-05 1062
5.029300000014558e-05 1063
5.032799999993287e-05 1062
5.033199999981974e-05 1061
5.0336000000150705e-05 1060
5.034000000003758e-05 1059
5.034399999992445e-05 1058
5.034800000025541e-05 1057
5.035200000014228e-05 1056
5.0356000000029155e-05 1057
5.038599999984683e-05 1058
5.0471999999857076e-05 1057
5.047600000018804e-05 1056
5.050499999992297e-05 1057
5.059599999990283e-05 1056
5.0664000000200105e-05 1057
5.069400000001778e-05 1058
5.071600000006171e-05 1057
5.075400000009722e-05 1058
5.0836000000220594e-05 1057
5.0840000000107466e-05 1056
5.084399999999434e-05 1055
5.096400000015322e-05 1054
5.096800000004009e-05 1053
5.1088000000198974e-05 1052
5.1146000000112934e-05 1053
5.120100000022276e-05 1054
5.120799999991377e-05 1053
5.129399999992401e-05 1054
5.132800000007265e-05 1053
5.141300000000015e-05 1054
5.144800000023153e-05 1053
5.145100000003566e-05 1054
5.14520000001184e-05 1053
5.1456000000005275e-05 1052
5.145999999989215e-05 1051
5.146400000022311e-05 1050
5.153900000021139e-05 1051
5.15839999999379e-05 1050
5.1587999999824774e-05 1049
5.1592000000155736e-05 1048
5.16360000002436e-05 1049
5.1689000000187946e-05 1050
5.171199999987053e-05 1049
5.172200000025384e-05 1050
5.1763000000093484e-05 1051
5.176900000014584e-05 1052
5.183200000002941e-05 1051
5.195200000018829e-05 1050
5.1956000000075164e-05 1049
5.205900000015973e-05 1050
5.2076000000234046e-05 1049
5.208000000012092e-05 1048
5.219599999994884e-05 1049
5.219999999983571e-05 1048
5.227099999993712e-05 1049
5.230100000019888e-05 1050
5.231999999999459e-05 1049
5.234700000000814e-05 1050
5.2382000000239515e-05 1051
5.2440000000153475e-05 1050
5.244400000004035e-05 1049
5.2478999999827636e-05 1050
5.252600000016372e-05 1051
5.2555999999981395e-05 1052
5.256400000019923e-05 1051
5.25680000000861e-05 1050
5.258900000004729e-05 1051
5.268800000024498e-05 1050
5.2692000000131856e-05 1049
5.269600000001873e-05 1048
5.26999999999056e-05 1047
5.270400000023656e-05 1046
5.2806000000238384e-05 1047
5.2823999999951354e-05 1046
5.2827999999838227e-05 1045
5.283200000016919e-05 1044
5.288900000000041e-05 1045
5.293500000025375e-05 1046
5.295199999988398e-05 1045
5.295600000021494e-05 1044
5.2960000000101815e-05 1043
5.296500000007143e-05 1044
5.29949999998891e-05 1045
5.302500000015087e-05 1046
5.3054999999968544e-05 1047
5.307999999981661e-05 1046
5.308400000014757e-05 1045
5.308500000023031e-05 1046
5.308800000003444e-05 1045
5.3115000000047985e-05 1046
5.314499999986566e-05 1047
5.3175000000127426e-05 1048
5.32049999999451e-05 1049
5.320800000019332e-05 1048
5.3212000000080195e-05 1047
5.321599999996707e-05 1046
5.323500000020687e-05 1047
5.326500000002454e-05 1048
5.329499999984222e-05 1049
5.3325000000103984e-05 1050
5.333600000012595e-05 1049
5.334000000001282e-05 1048
5.3343999999899694e-05 1047
5.3348000000230655e-05 1046
5.335499999992166e-05 1047
5.3385000000183425e-05 1048
5.34150000000011e-05 1049
5.3444999999818776e-05 1050
5.346799999994545e-05 1049
5.347199999983232e-05 1048
5.347500000008054e-05 1049
5.350499999989822e-05 1050
5.353500000015998e-05 1051
5.356499999997766e-05 1052
5.35919999999912e-05 1051
5.359500000023942e-05 1052
5.3595999999878075e-05 1051
5.36250000000571e-05 1052
5.3654999999874775e-05 1053
5.368500000013654e-05 1054
5.3714999999954216e-05 1055
5.3716000000036956e-05 1054
5.371999999992383e-05 1053
5.372400000025479e-05 1052
5.374500000021598e-05 1053
5.384399999996958e-05 1052
5.395400000018924e-05 1053
5.3964000000128465e-05 1052
5.396800000001534e-05 1051
5.402499999984656e-05 1052
5.405500000010832e-05 1053
5.4084999999926e-05 1054
5.408800000017422e-05 1053
5.411500000018776e-05 1054
5.414500000000544e-05 1055
5.420799999988901e-05 1054
5.4328000000047894e-05 1053
5.4331999999934766e-05 1052
5.4368999999887535e-05 1053
5.4448000000206775e-05 1054
5.445200000009365e-05 1053
5.447800000002445e-05 1054
5.457200000025253e-05 1055
5.457200000025253e-05 1054
5.4602000000070205e-05 1055
5.469199999996732e-05 1054
5.4695999999854195e-05 1053
5.4700000000185156e-05 1052
5.470400000007203e-05 1051
5.47079999999589e-05 1050
5.471199999984577e-05 1049
5.4716000000176734e-05 1048
5.476400000015147e-05 1049
5.482900000020052e-05 1050
5.483599999989153e-05 1049
5.490599999991019e-05 1050
5.495600000005041e-05 1049
5.495999999993728e-05 1048
5.4963999999824154e-05 1047
5.4968000000155115e-05 1046
5.49960000002514e-05 1047
5.5044000000226134e-05 1048
5.507400000004381e-05 1049
5.508799999986991e-05 1048
5.509200000020087e-05 1047
5.509600000008774e-05 1046
5.5103999999861486e-05 1047
5.518900000023308e-05 1048
5.521600000024662e-05 1047
5.5219000000050755e-05 1048
5.524899999986843e-05 1049
5.5279000000130196e-05 1050
5.530899999994787e-05 1051
5.5335999999961416e-05 1050
5.538000000004928e-05 1051
5.54560000001203e-05 1050
5.5471000000029136e-05 1051
5.550099999984681e-05 1052
5.557599999983509e-05 1051
5.563400000019314e-05 1052
5.569599999999397e-05 1051
5.5699999999880845e-05 1050
5.5704000000211806e-05 1049
5.580199999988267e-05 1050
5.58239999999266e-05 1049
5.583300000022717e-05 1050
5.586300000004485e-05 1051
5.591900000023742e-05 1052
5.594400000008548e-05 1051
5.594799999997235e-05 1050
5.5951999999859225e-05 1049
5.595600000019019e-05 1048
5.5971000000099025e-05 1049
5.607599999990498e-05 1048
5.608000000023594e-05 1047
5.619100000009425e-05 1048
5.6199999999950734e-05 1047
5.6220999999911925e-05 1048
5.625100000017369e-05 1049
5.6280999999991366e-05 1050
5.6320000000109616e-05 1049
5.632399999999649e-05 1048
5.632799999988336e-05 1047
5.633200000021432e-05 1046
5.636300000011474e-05 1047
5.6392999999932414e-05 1048
5.6451999999929114e-05 1047
5.645599999981599e-05 1046
5.6488999999881884e-05 1047
5.651900000014365e-05 1048
5.6548999999961325e-05 1049
5.657599999997487e-05 1048
5.6609000000040766e-05 1049
5.663899999985844e-05 1050
5.6686999999833176e-05 1051
5.669600000013375e-05 1050
5.670000000002062e-05 1049
5.6703999999907495e-05 1048
5.67940000002487e-05 1049
5.682400000006638e-05 1048
5.682799999995325e-05 1047
5.68809999998976e-05 1048
5.694800000011213e-05 1047
5.6951999999999003e-05 1046
5.6955999999885876e-05 1045
5.69710000002388e-05 1046
5.700200000013922e-05 1047
5.707600000004476e-05 1046
5.708100000001437e-05 1047
5.711799999996714e-05 1048
5.719600000020364e-05 1047
5.720000000009051e-05 1046
5.7203999999977384e-05 1047
5.7320000000249394e-05 1046
5.7324000000136266e-05 1045
5.7439999999964186e-05 1046
5.744399999985106e-05 1045
5.744800000018202e-05 1044
5.745200000006889e-05 1043
5.749899999996089e-05 1044
5.7572000000227774e-05 1043
5.7576000000114647e-05 1042
5.769599999982944e-05 1041
5.77000000001604e-05 1040
5.7782999999922424e-05 1041
5.7819999999875193e-05 1040
5.7824000000206155e-05 1039
5.782800000009303e-05 1038
5.78319999999799e-05 1037
5.795200000013878e-05 1036
5.7956000000025654e-05 1035
5.7959999999912526e-05 1034
5.808000000007141e-05 1033
5.808399999995828e-05 1032
5.817600000002088e-05 1033
5.820400000011716e-05 1032
5.8208000000004034e-05 1031
5.822399999999561e-05 1032
5.8328000000162916e-05 1031
5.833200000004979e-05 1030
5.833599999993666e-05 1029
5.833999999982353e-05 1028
5.8344000000154495e-05 1027
5.846399999986929e-05 1026
5.855999999981876e-05 1027
5.858400000002817e-05 1026
5.858799999991504e-05 1025
5.8592000000246e-05 1024
5.8596000000132875e-05 1023
5.86789999998949e-05 1024
5.871599999984767e-05 1023
5.872000000017863e-05 1022
5.878000000025807e-05 1023
5.883999999989342e-05 1022
5.8844000000224383e-05 1021
5.8963999999939176e-05 1020
5.908400000009806e-05 1019
5.9197000000121847e-05 1020
5.920400000025694e-05 1019
5.932399999997173e-05 1018
5.9327999999858605e-05 1017
5.939500000007314e-05 1018
5.944800000001749e-05 1017
5.956800000017637e-05 1016
5.95709999999805e-05 1017
5.957200000006324e-05 1016
5.957599999995011e-05 1015
5.9579999999836986e-05 1014
5.958400000016795e-05 1013
5.970399999988274e-05 1012
5.972900000017489e-05 1013
5.982400000004162e-05 1012
5.9827999999928494e-05 1011
5.9831999999815366e-05 1010
5.983600000014633e-05 1009
5.995599999986112e-05 1008
5.996000000019208e-05 1007
6.0079999999906875e-05 1006
6.0198999999983016e-05 1007
6.0200000000065756e-05 1006
6.020399999995263e-05 1005
6.02079999998395e-05 1004
6.021200000017046e-05 1003
6.0216000000057335e-05 1002
6.021999999994421e-05 1001
6.033699999985487e-05 1002
6.034000000010309e-05 1001
6.045999999981788e-05 1000
6.046400000014884e-05 999
6.0583999999863636e-05 998
6.05880000001946e-05 997
6.0659999999934655e-05 998
6.070799999990939e-05 997
6.071200000024035e-05 996
6.0831999999955144e-05 995
6.0835999999842016e-05 994
6.09560000000009e-05 993
6.095999999988777e-05 992
6.108000000004665e-05 991
6.108399999993352e-05 990
6.10879999998204e-05 989
6.109200000015136e-05 988
6.109600000003823e-05 987
6.121600000019711e-05 986
6.122000000008399e-05 985
6.129000000010265e-05 986
6.134000000024287e-05 985
6.134400000012974e-05 984
6.134800000001661e-05 983
6.14680000001755e-05 982
6.158799999989029e-05 981
6.159200000022125e-05 980
6.159600000010812e-05 979
6.171599999982291e-05 978
6.17420000001978e-05 979
6.18359999999818e-05 978
6.183999999986867e-05 977
6.196000000002755e-05 976
6.205300000017289e-05 977
6.208000000018643e-05 976
6.20840000000733e-05 975
6.208799999996018e-05 974
6.209199999984705e-05 973
6.221200000000593e-05 972
6.233200000016481e-05 971
6.233600000005168e-05 970
6.245600000021057e-05 969
6.246000000009744e-05 968
6.246399999998431e-05 967
6.246799999987118e-05 966
6.258800000003006e-05 965
6.259199999991694e-05 964
6.268200000025814e-05 965
6.271200000007582e-05 964
6.271599999996269e-05 963
6.271999999984956e-05 962
6.284000000000844e-05 961
6.296000000016733e-05 960
6.307999999988212e-05 959
6.308400000021308e-05 958
6.320399999992787e-05 957
6.330200000004282e-05 958
6.332400000008676e-05 957
6.344400000024564e-05 956
6.344800000013251e-05 955
6.345200000001938e-05 954
6.357200000017826e-05 953
6.369199999989306e-05 952
6.369600000022402e-05 951
6.370000000011089e-05 950
6.370399999999776e-05 949
6.372300000023756e-05 950
6.382400000015664e-05 949
6.382800000004352e-05 948
6.39480000002024e-05 947
6.406199999986484e-05 948
6.406799999991719e-05 947
6.418800000007607e-05 946
6.419199999996295e-05 945
6.419599999984982e-05 944
6.43160000000087e-05 943
6.443600000016758e-05 942
6.455599999988237e-05 941
6.467600000004126e-05 940
6.473299999987248e-05 941
6.479600000020014e-05 940
6.480000000008701e-05 939
6.480399999997388e-05 938
6.492400000013276e-05 937
6.50189999999995e-05 938
6.504399999984756e-05 937
6.504800000017852e-05 936
6.505200000006539e-05 935
6.517200000022427e-05 934
6.517600000011115e-05 933
6.529599999982594e-05 932
6.541599999998482e-05 931
6.541999999987169e-05 930
6.542400000020265e-05 929
6.542800000008953e-05 928
6.545199999985485e-05 929
6.554800000024841e-05 928
6.555200000013528e-05 927
6.567199999985007e-05 926
6.567600000018103e-05 925
6.56800000000679e-05 924
6.568399999995478e-05 923
6.568799999984165e-05 922
6.580800000000053e-05 921
6.583999999998369e-05 922
6.592800000015941e-05 921
6.593200000004629e-05 920
6.593599999993316e-05 919
6.601900000013927e-05 920
6.605600000009204e-05 919
6.616800000003309e-05 920
6.617600000025092e-05 919
6.629200000007884e-05 920
6.629599999996572e-05 919
6.629999999985259e-05 918
6.630400000018355e-05 917
6.642399999989834e-05 916
6.645699999996424e-05 917
6.654400000005722e-05 916
6.65479999999441e-05 915
6.666800000010298e-05 914
6.667199999998985e-05 913
6.671999999996459e-05 914
6.679200000014873e-05 913
6.67960000000356e-05 912
6.691600000019449e-05 911
6.700500000000886e-05 912
6.703599999990928e-05 911
6.715100000009855e-05 912
6.715600000006816e-05 911
6.715999999995503e-05 910
6.728000000011392e-05 909
6.728400000000079e-05 908
6.728799999988766e-05 907
6.729200000021862e-05 906
6.741199999993341e-05 905
6.741599999982029e-05 904
6.746300000015637e-05 905
6.753599999997917e-05 904
6.753999999986604e-05 903
6.766000000002492e-05 902
6.76639999999118e-05 901
6.766800000024276e-05 900
6.772199999982575e-05 901
6.778799999995755e-05 900
6.779199999984442e-05 899
6.779600000017538e-05 898
6.791599999989018e-05 897
6.803600000004906e-05 896
6.812700000002891e-05 897
6.815600000020794e-05 896
6.827599999992273e-05 895
6.82800000002537e-05 894
6.83580000000461e-05 895
6.839999999996849e-05 894
6.840399999985536e-05 893
6.852400000001424e-05 892
6.852799999990111e-05 891
6.864699999997725e-05 892
6.864800000006e-05 891
6.867700000023902e-05 892
6.876800000021888e-05 891
6.877200000010575e-05 890
6.877599999999262e-05 889
6.877999999987949e-05 888
6.878400000021045e-05 887
6.890399999992525e-05 886
6.902400000008413e-05 885
6.904000000007571e-05 886
6.914400000024301e-05 885
6.914800000012988e-05 884
6.915200000001676e-05 883
6.922700000000503e-05 884
6.927200000017564e-05 883
6.927600000006251e-05 882
6.928999999988861e-05 883
6.93819999999512e-05 884
6.939600000022139e-05 883
6.951599999993618e-05 882
6.951999999982306e-05 881
6.952400000015402e-05 880
6.952800000004089e-05 879
6.964800000019977e-05 878
6.965200000008664e-05 877
6.965599999997352e-05 876
6.97760000001324e-05 875
6.989599999984719e-05 874
7.001600000000607e-05 873
7.001999999989295e-05 872
7.013799999988635e-05 873
7.014000000005183e-05 872
7.01439999999387e-05 871
7.014799999982557e-05 870
7.026799999998445e-05 869
7.03730000002345e-05 870
7.038800000014334e-05 869
7.039200000003021e-05 868
7.051200000018909e-05 867
7.063199999990388e-05 866
7.063600000023484e-05 865
7.064000000012172e-05 866
7.075599999994964e-05 865
7.087600000010852e-05 864
7.099599999982331e-05 863
7.108799999988591e-05 864
7.11159999999822e-05 863
7.111999999986907e-05 862
7.124000000002795e-05 861
7.136000000018683e-05 860
7.147999999990162e-05 859
7.148400000023258e-05 858
7.148800000011946e-05 857
7.149200000000633e-05 856
7.14959999998932e-05 855
7.161600000005208e-05 854
7.161999999993895e-05 853
7.167399999996604e-05 854
7.174000000009784e-05 853
7.186000000025672e-05 852
7.186400000014359e-05 851
7.186800000003046e-05 850
7.198800000018934e-05 849
7.210799999990414e-05 848
7.21120000002351e-05 847
7.223199999994989e-05 846
7.223599999983676e-05 845
7.224000000016773e-05 844
7.235999999988252e-05 843
7.236400000021348e-05 842
7.248399999992827e-05 841
7.260400000008715e-05 840
7.272400000024604e-05 839
7.272800000013291e-05 838
7.28479999998477e-05 837
7.285200000017866e-05 836
7.297199999989346e-05 835
7.297600000022442e-05 834
7.298000000011129e-05 833
7.298100000019403e-05 834
7.298399999999816e-05 833
7.298799999988503e-05 832
7.2992000000216e-05 831
7.299600000010287e-05 830
7.299999999998974e-05 829
7.312000000014862e-05 828
7.31240000000355e-05 827
7.324400000019438e-05 826
7.324800000008125e-05 825
7.325199999996812e-05 824
7.3372000000127e-05 823
7.337600000001387e-05 822
7.337999999990075e-05 821
7.350000000005963e-05 820
7.35039999999465e-05 819
7.362400000010538e-05 818
7.362799999999226e-05 817
7.372000000005485e-05 818
7.374800000015114e-05 817
7.383500000024412e-05 818
7.386799999986593e-05 817
7.398800000002481e-05 816
7.399199999991168e-05 815
7.411200000007057e-05 814
7.411599999995744e-05 813
7.411999999984431e-05 814
7.411999999984431e-05 813
7.424000000000319e-05 812
7.436000000016207e-05 811
7.438999999997975e-05 812
7.447999999987687e-05 811
7.448400000020783e-05 810
7.44880000000947e-05 809
7.449199999998157e-05 808
7.450500000016902e-05 809
7.459700000023162e-05 810
7.461200000014045e-05 809
7.461600000002733e-05 808
7.46199999999142e-05 807
7.469700000006796e-05 808
7.474000000007308e-05 807
7.474399999995995e-05 806
7.486400000011884e-05 805
7.486800000000571e-05 804
7.487199999989258e-05 803
7.487600000022354e-05 802
7.488000000011041e-05 801
7.489700000018473e-05 802
7.49999999998252e-05 801
7.511999999998409e-05 800
7.512399999987096e-05 799
7.512800000020192e-05 798
7.524799999991671e-05 797
7.525200000024768e-05 796
7.525600000013455e-05 795
7.537599999984934e-05 794
7.549600000000822e-05 793
7.56160000001671e-05 792
7.565700000000675e-05 793
7.57359999998819e-05 792
7.574000000021286e-05 791
7.585200000015391e-05 792
7.585999999992765e-05 791
7.586400000025861e-05 790
7.586800000014549e-05 789
7.596199999992947e-05 790
7.598799999986028e-05 789
7.599200000019124e-05 788
7.599600000007811e-05 787
7.6116000000237e-05 786
7.612000000012387e-05 785
7.623999999983866e-05 784
7.624400000016962e-05 783
7.636399999988441e-05 782
7.636800000021537e-05 781
7.637200000010225e-05 780
7.637599999998912e-05 779
7.647599999982546e-05 780
7.6496000000148e-05 779
7.650000000003487e-05 778
7.662000000019376e-05 777
7.662400000008063e-05 776
7.674400000023951e-05 775
7.68639999999543e-05 774
7.698400000011318e-05 773
7.698800000000006e-05 772
7.699199999988693e-05 771
7.70999999999411e-05 772
7.711200000004581e-05 771
7.723200000020469e-05 770
7.723600000009156e-05 769
7.735600000025045e-05 768
7.736000000013732e-05 767
7.736400000002419e-05 766
7.748400000018307e-05 765
7.752799999982685e-05 766
7.760399999989787e-05 765
7.760800000022883e-05 764
7.76120000001157e-05 763
7.761600000000257e-05 762
7.761999999988944e-05 761
7.774000000004833e-05 760
7.77439999999352e-05 759
7.776499999989639e-05 760
7.786400000009408e-05 759
7.786799999998095e-05 758
7.787199999986782e-05 757
7.787600000019879e-05 756
7.799599999991358e-05 755
7.811600000007246e-05 754
7.823600000023134e-05 753
7.830300000000179e-05 754
7.835599999994614e-05 753
7.847600000010502e-05 752
7.859599999981981e-05 751
7.871599999997869e-05 750
7.871999999986556e-05 749
7.872400000019653e-05 748
7.879499999985384e-05 749
7.884399999991132e-05 748
7.884800000024228e-05 747
7.896799999995707e-05 746
7.908800000011595e-05 745
7.920799999983075e-05 744
7.921200000016171e-05 743
7.93319999998765e-05 742
7.945200000003538e-05 741
7.957200000019427e-05 740
7.969199999990906e-05 739
7.969600000024002e-05 738
7.970000000012689e-05 737
7.970400000001376e-05 736
7.981200000006794e-05 737
7.982400000017265e-05 736
7.982800000005952e-05 735
7.983199999994639e-05 734
7.983599999983326e-05 733
7.984000000016422e-05 732
7.98629999998468e-05 733
7.995999999987902e-05 732
7.999799999991453e-05 733
8.007799999987242e-05 734
8.00800000000379e-05 733
8.020000000019678e-05 732
8.031999999991157e-05 731
8.042099999983066e-05 732
8.044000000007046e-05 731
8.056000000022934e-05 730
8.059799999982076e-05 731
8.064799999996097e-05 732
8.067999999994413e-05 731
8.0683999999831e-05 730
8.068800000016196e-05 729
8.080799999987676e-05 728
8.092800000003564e-05 727
8.093199999992251e-05 726
8.105200000008139e-05 725
8.117200000024027e-05 724
8.117600000012715e-05 723
8.129599999984194e-05 722
8.141600000000082e-05 721
8.144000000021023e-05 722
8.149400000023732e-05 723
8.15360000001597e-05 722
8.154000000004658e-05 721
8.154399999993345e-05 720
8.154799999982032e-05 719
8.16679999999792e-05 718
8.167199999986607e-05 717
8.167600000019704e-05 716
8.168000000008391e-05 715
8.180000000024279e-05 714
8.189299999994404e-05 715
8.191999999995758e-05 714
8.192399999984445e-05 713
8.192800000017542e-05 712
8.193200000006229e-05 711
8.205200000022117e-05 710
8.217199999993596e-05 709
8.217799999998832e-05 710
8.220800000025008e-05 711
8.229200000009484e-05 710
8.241200000025373e-05 709
8.24160000001406e-05 708
8.242000000002747e-05 707
8.242399999991434e-05 706
8.24280000002453e-05 705
8.25479999999601e-05 704
8.255199999984697e-05 703
8.257200000016951e-05 704
8.267200000000585e-05 703
8.267599999989272e-05 702
8.27960000000516e-05 701
8.279999999993848e-05 700
8.280399999982535e-05 699
8.280800000015631e-05 698
8.29279999998711e-05 697
8.304800000002999e-05 696
8.316800000018887e-05 695
8.328799999990366e-05 694
8.340800000006254e-05 693
8.341199999994942e-05 692
8.341599999983629e-05 691
8.353599999999517e-05 690
8.353999999988204e-05 689
8.366000000004092e-05 688
8.369200000002408e-05 689
8.37800000001998e-05 688
8.378400000008668e-05 687
8.390400000024556e-05 686
8.390800000013243e-05 685
8.39120000000193e-05 684
8.391599999990618e-05 683
8.392000000023714e-05 682
8.392400000012401e-05 681
8.393199999989776e-05 682
8.40439999998388e-05 681
8.416399999999769e-05 680
8.419599999998084e-05 681
8.428400000015657e-05 680
8.43929999998494e-05 681
8.440399999987136e-05 680
8.440800000020232e-05 679
8.452799999991711e-05 678
8.458300000002694e-05 679
8.4648000000076e-05 678
8.465199999996287e-05 677
8.472300000006427e-05 678
8.475299999988195e-05 679
8.477200000012175e-05 678
8.489199999983654e-05 677
8.501199999999542e-05 676
8.51320000001543e-05 675
8.519200000023375e-05 676
8.52519999998691e-05 675
8.525600000020006e-05 674
8.526000000008693e-05 673
8.538000000024581e-05 672
8.54550000002341e-05 673
8.549999999996061e-05 672
8.556800000025788e-05 673
8.562000000011949e-05 672
8.562400000000636e-05 671
8.574400000016524e-05 670
8.586399999988004e-05 669
8.598400000003892e-05 668
8.61040000001978e-05 667
8.610800000008467e-05 666
8.622800000024355e-05 665
8.634799999995835e-05 664
8.64200000001425e-05 665
8.646800000011723e-05 664
8.64720000000041e-05 663
8.659200000016298e-05 662
8.659600000004986e-05 661
8.662800000003301e-05 662
8.665799999985069e-05 663
8.668800000011245e-05 664
8.671600000020874e-05 663
8.683599999992353e-05 662
8.695600000008241e-05 661
8.70760000002413e-05 660
8.710300000025484e-05 661
8.719599999995609e-05 660
8.731600000011497e-05 659
8.743599999982976e-05 658
8.746899999989566e-05 659
8.755599999998864e-05 658
8.767600000014752e-05 657
8.779599999986232e-05 656
8.789200000025588e-05 657
8.79160000000212e-05 656
8.793300000009552e-05 657
8.803600000018008e-05 656
8.815599999989487e-05 655
8.827600000005376e-05 654
8.839600000021264e-05 653
8.851599999992743e-05 652
8.863600000008631e-05 651
8.873400000020126e-05 652
8.87560000002452e-05 651
8.887599999995999e-05 650
8.896500000021845e-05 651
8.899500000003613e-05 652
8.899600000011887e-05 651
8.911599999983366e-05 650
8.923599999999254e-05 649
8.935600000015143e-05 648
8.947599999986622e-05 647
8.95960000000251e-05 646
8.96030000001602e-05 647
8.971600000018398e-05 646
8.974399999983618e-05 647
8.983599999989877e-05 646
8.995600000005766e-05 645
9.000600000019787e-05 646
9.004400000023338e-05 647
9.007600000021654e-05 646
9.019599999993133e-05 645
9.024800000023703e-05 646
9.031600000009021e-05 645
9.04360000002491e-05 644
9.045899999993168e-05 645
9.055599999996389e-05 644
9.067600000012277e-05 643
9.079599999983756e-05 642
9.088600000017877e-05 643
9.091599999999644e-05 642
9.103600000015533e-05 641
9.115599999987012e-05 640
9.1276000000029e-05 639
9.128700000005097e-05 640
9.131699999986864e-05 641
9.134700000013041e-05 642
9.137699999994808e-05 643
9.139600000018788e-05 642
9.151599999990268e-05 641
9.163600000006156e-05 640
9.175600000022044e-05 639
9.187599999993523e-05 638
9.19910000001245e-05 639
9.199600000009411e-05 638
9.209999999981733e-05 639
9.2116000000253e-05 638
9.213399999996597e-05 639
9.222399999986308e-05 640
9.223599999996779e-05 639
9.225400000012485e-05 640
9.235600000012667e-05 639
9.23919999999967e-05 640
9.242200000025846e-05 641
9.247599999984146e-05 640
9.259600000000034e-05 639
9.266600000001901e-05 640
9.269599999983669e-05 641
9.271600000015923e-05 640
9.283599999987402e-05 639
9.29560000000329e-05 638
9.307600000019178e-05 637
9.318700000005009e-05 638
9.319599999990658e-05 637
9.331600000006546e-05 638
9.331600000006546e-05 637
9.343600000022434e-05 636
9.355599999993913e-05 635
9.367600000009801e-05 634
9.37960000002569e-05 633
9.391599999997169e-05 632
9.403600000013057e-05 631
9.415599999984536e-05 630
9.427600000000425e-05 629
9.439600000016313e-05 628
9.451599999987792e-05 627
9.46360000000368e-05 626
9.475600000019568e-05 625
9.484299999984458e-05 626
9.487300000010634e-05 627
9.487599999991048e-05 626
9.490299999992402e-05 627
9.494700000001188e-05 628
9.499600000006936e-05 627
9.506600000008802e-05 628
9.511600000022824e-05 627
9.512799999988886e-05 628
9.515800000015062e-05 629
9.523599999994303e-05 628
9.532599999984015e-05 629
9.535600000010191e-05 628
9.536800000020662e-05 629
9.53980000000243e-05 630
9.54360000000598e-05 631
9.546599999987748e-05 632
9.547599999981671e-05 631
9.549600000013925e-05 632
9.552599999995692e-05 633
9.555600000021869e-05 634
9.558600000003636e-05 635
9.559599999997559e-05 634
9.566999999988113e-05 635
9.571600000013447e-05 634
9.575699999997411e-05 635
9.579600000009236e-05 636
9.582599999991004e-05 637
9.583599999984926e-05 636
9.588200000010261e-05 637
9.592000000013812e-05 638
9.595600000000815e-05 637
9.596900000019559e-05 638
9.604099999993565e-05 639
9.607600000016703e-05 638
9.609999999993235e-05 639
9.613099999983277e-05 640
9.619599999988182e-05 639
9.63160000000407e-05 638
9.637399999995466e-05 639
9.640400000021643e-05 640
9.64340000000341e-05 641
9.643600000019958e-05 640
9.646399999985178e-05 641
9.65069999998569e-05 642
9.655599999991438e-05 641
9.656800000001908e-05 642
9.667600000007326e-05 641
9.677200000002273e-05 642
9.679600000023214e-05 641
9.691599999994693e-05 640
9.696399999992167e-05 641
9.70190000000315e-05 642
9.703600000010582e-05 641
9.704899999984917e-05 642
9.707900000011094e-05 643
9.709299999993704e-05 644
9.71230000001988e-05 645
9.715599999982061e-05 644
9.722599999983927e-05 645
9.727599999997949e-05 644
9.72880000000842e-05 645
9.735200000005051e-05 646
9.739600000013837e-05 645
9.751599999985316e-05 644
9.763600000001205e-05 643
9.769100000012187e-05 644
9.7734000000127e-05 645
9.775600000017093e-05 644
9.787599999988572e-05 643
9.793400000024377e-05 644
9.79960000000446e-05 643
9.811600000020348e-05 642
9.823599999991828e-05 641
9.829700000008046e-05 642
9.835600000007716e-05 641
9.836499999993364e-05 642
9.847600000023604e-05 641
9.848799999989666e-05 642
9.859599999995083e-05 641
9.862400000004712e-05 642
9.871600000010972e-05 641
9.883599999982451e-05 640
9.884799999992921e-05 641
9.890000000023491e-05 642
9.893100000013533e-05 643
9.895599999998339e-05 642
9.896900000017084e-05 643
9.899899999998851e-05 644
9.902900000025028e-05 645
9.907600000014227e-05 644
9.919599999985707e-05 643
9.921699999981826e-05 644
9.930399999991124e-05 645
9.931600000001595e-05 644
9.9334000000173e-05 645
9.936399999999068e-05 646
9.939400000025245e-05 647
9.942400000007012e-05 648
9.943600000017483e-05 647
9.94539999998878e-05 648
9.955599999988962e-05 647
9.962900000015651e-05 648
9.96760000000485e-05 647
9.978900000007229e-05 648
9.979600000020739e-05 647
9.985400000012135e-05 648
9.991599999992218e-05 647
0.00010003600000008106 646
0.00010012400000025679 647
0.00010015400000007446 648
0.00010015600000023994 647
0.00010016799999990056 648
0.00010024899999994119 649
0.00010027599999995473 648
0.0001003459999999734 649
0.00010039600000011362 648
0.00010051599999982841 647
0.00010056700000005137 648
0.00010060000000011726 649
0.00010063599999998729 648
0.00010066900000005319 649
0.00010075600000014617 648
0.00010078900000021207 649
0.00010084999999993016 650
0.00010087599999986097 649
0.00010090600000012273 650
0.00010094099999991002 651
0.00010099600000001985 650
0.0001010140000001769 651
0.00010107200000009087 652
0.00010110900000004364 653
0.00010111600000017873 652
0.00010123599999989352 651
0.00010127700000017725 652
0.0001013560000000524 651
0.00010135800000021788 652
0.00010137400000020946 653
0.00010142399999990559 654
0.00010146699999991071 655
0.00010147600000021129 654
0.00010149700000017248 655
0.00010159599999992608 654
0.0001016269999998265 655
0.00010171600000008496 654
0.00010172899999982832 655
0.00010175900000009008 656
0.00010183600000024384 655
0.00010195200000007176 656
0.00010195599999995864 655
0.00010196300000009373 656
0.00010198199999988944 657
0.0001020120000001512 658
0.00010204199999996888 659
0.00010207399999995204 660
0.00010207600000011752 659
0.00010218099999992347 660
0.00010219599999983231 659
0.00010221100000018524 660
0.00010224100000000291 661
0.00010227099999982059 662
0.00010230100000008235 663
0.00010231599999999119 662
0.00010241099999985792 663
0.00010243600000015007 662
0.00010244100000011969 663
0.00010247099999993736 664
0.00010250100000019913 665
0.0001025310000000168 666
0.00010255599999986487 665
0.00010256099999983448 666
0.00010259100000009624 667
0.00010262099999991392 668
0.00010266100000011491 669
0.00010267600000002375 668
0.00010279600000018263 667
0.00010285799999998346 668
0.00010288800000024523 669
0.00010291599999989742 668
0.0001029180000000629 669
0.00010294799999988058 670
0.00010302299999986886 671
0.0001030360000000563 670
0.00010305300000013062 671
0.0001030829999999483 672
0.00010311300000021006 673
0.00010312700000003616 674
0.00010315600000021519 673
0.0001031679999998758 674
0.00010319800000013757 675
0.00010321199999996367 676
0.00010325700000013427 677
0.00010327099999996037 678
0.00010327599999992998 677
0.00010330100000022213 678
0.00010333100000003981 679
0.00010339600000008886 678
0.00010340800000019357 679
0.00010343800000001124 680
0.00010345199999983734 681
0.00010351600000024774 680
0.0001035169999998864 681
0.00010354700000014816 682
0.00010357699999996584 683
0.0001036070000002276 684
0.00010363599999996254 683
0.000103731999999912 684
0.00010375600000012142 683
0.00010376200000017377 684
0.00010384200000013166 685
0.00010387199999994934 686
0.00010387599999983621 685
0.00010396400000001194 686
0.00010397799999983803 687
0.00010399599999999509 686
0.0001040080000000998 687
0.00010411600000015397 686
0.00010418700000025538 687
0.00010421700000007306 688
0.00010423099999989915 689
0.00010423599999986877 688
0.00010426100000016092 689
0.0001042909999999786 690
0.00010432100000024036 691
0.00010435100000005804 692
0.00010435600000002765 691
0.00010438099999987571 692
0.0001043950000001459 693
0.00010442499999996357 694
0.00010445500000022534 695
0.00010446900000005144 696
0.00010447600000018653 695
0.00010449899999986911 696
0.00010452900000013088 697
0.00010455899999994855 698
0.00010458900000021032 699
0.00010459599999990132 698
0.00010460300000003642 699
0.00010463299999985409 700
0.00010466300000011586 701
0.00010469299999993353 702
0.0001047160000000602 701
0.0001047230000001953 702
0.00010475300000001297 703
0.00010478299999983065 704
0.00010481300000009242 705
0.00010483600000021909 704
0.00010484299999991009 705
0.00010485700000018028 706
0.00010488699999999795 707
0.00010491699999981563 708
0.0001049470000000774 709
0.00010495599999993388 708
0.00010497699999989507 709
0.00010499100000016526 710
0.00010500299999982587 711
0.00010502099999998293 712
0.0001050510000002447 713
0.00010507600000009276 712
0.00010508100000006237 713
0.00010511099999988005 714
0.00010514100000014182 715
0.00010517099999995949 716
0.00010519600000025164 715
0.00010519799999997304 716
0.00010520100000022126 717
0.00010523100000003893 718
0.00010526099999985661 719
0.00010529100000011837 720
0.00010531599999996644 719
0.00010532099999993605 720
0.00010535100000019781 721
0.00010538100000001549 722
0.00010541099999983317 723
0.00010543600000012532 722
0.00010544100000009493 723
0.00010547099999991261 724
0.00010550100000017437 725
0.00010553099999999205 726
0.00010555599999984011 725
0.00010556100000025381 726
0.00010559100000007149 727
0.00010562099999988916 728
0.00010564199999985036 729
0.00010565100000015093 730
0.00010567599999999899 729
0.0001056809999999686 730
0.00010571100000023037 731
0.00010574100000004805 732
0.00010577099999986572 733
0.00010579600000015787 732
0.00010580100000012749 733
0.00010583099999994516 734
0.00010586100000020693 735
0.0001058910000000246 736
0.00010591599999987267 735
0.00010592099999984228 736
0.00010595100000010405 737
0.00010598099999992172 738
0.00010601100000018349 739
0.00010603600000003155 738
0.00010604100000000116 739
0.00010607099999981884 740
0.0001061010000000806 741
0.00010613099999989828 742
0.00010615600000019043 741
0.00010616100000016004 742
0.00010619099999997772 743
0.00010622100000023948 744
0.00010625100000005716 745
0.00010627599999990522 744
0.00010628099999987484 745
0.0001063110000001366 746
0.00010634099999995428 747
0.00010637100000021604 748
0.0001063960000000641 747
0.00010640100000003372 748
0.0001064309999998514 749
0.00010646100000011316 750
0.00010649099999993084 751
0.00010651600000022299 750
0.0001065210000001926 751
0.00010655100000001028 752
0.00010658099999982795 753
0.00010661100000008972 754
0.00010663599999993778 753
0.00010664099999990739 754
0.00010665500000017758 755
0.00010668499999999526 756
0.00010671500000025702 757
0.0001067450000000747 758
0.00010675600000009666 757
0.00010677499999989237 758
0.00010680500000015414 759
0.00010683499999997181 760
0.00010686500000023358 761
0.00010687600000025554 760
0.00010689500000005125 761
0.00010692499999986893 762
0.0001069550000001307 763
0.00010697000000003953 764
0.00010699599999997034 763
0.00010711600000012922 762
0.00010723599999984401 761
0.00010724799999994872 762
0.0001073560000000029 761
0.00010736400000022073 762
0.00010747600000016178 761
0.00010748799999982239 762
0.00010756399999989341 763
0.00010759599999987657 762
0.00010760799999998127 763
0.00010763999999996443 764
0.0001076700000002262 765
0.00010771600000003545 764
0.00010772800000014016 765
0.00010781800000003727 766
0.00010783199999986337 767
0.00010783600000019433 766
0.00010786200000012514 767
0.00010790699999985165 768
0.00010795599999990912 767
0.000108076000000068 766
0.00010808800000017271 767
0.00010819600000022689 766
0.0001082079999998875 767
0.00010826799999996695 768
0.00010831599999994168 767
0.00010843600000010056 766
0.00010855599999981536 765
0.00010856799999992006 766
0.00010867599999997424 765
0.00010868800000007894 766
0.00010879600000013312 765
0.00010891599999984791 764
0.00010898699999994932 765
0.0001090360000000068 764
0.00010904099999997641 765
0.00010907100000023817 766
0.00010915600000016568 765
0.00010919499999983984 766
0.00010921000000019276 767
0.00010927599999988047 766
0.00010928799999998517 767
0.00010931800000024694 768
0.00010938399999993464 769
0.00010939600000003935 768
0.00010951600000019823 767
0.00010952799999985885 768
0.00010963599999991303 767
0.00010964800000001773 768
0.00010975600000007191 767
0.00010976800000017661 768
0.00010979799999999429 769
0.00010987600000023079 768
0.00010999599999994558 767
0.00011003000000009422 768
0.00011009699999986466 769
0.00011011600000010446 768
0.00011013499999990017 769
0.00011023599999981926 768
0.00011029900000014692 769
0.00011035599999997814 768
0.00011036800000008284 769
0.00011043400000021464 770
0.00011044800000004074 771
0.00011047600000013702 770
0.00011051400000017253 771
0.00011056899999983827 772
0.00011059599999985181 771
0.00011061700000025709 772
0.00011066400000014909 773
0.0001107160000000107 772
0.0001107280000001154 773
0.00011083600000016958 772
0.0001108530000002439 773
0.0001109449999998624 774
0.00011095599999988437 773
0.00011097500000012417 774
0.00011103400000012087 775
0.00011107600000004325 774
0.00011107999999993012 775
0.00011109400000020031 776
0.00011115900000024936 777
0.00011119600000020213 776
0.00011131599999991693 775
0.00011135200000023104 776
0.00011138200000004872 777
0.00011143600000007581 776
0.00011155600000023469 775
0.00011167599999994948 774
0.00011179600000010836 773
0.00011180800000021307 774
0.00011191599999982316 773
0.00011192799999992786 774
0.00011199699999986379 775
0.00011203599999998204 774
0.00011203700000006478 775
0.00011215600000014092 774
0.00011216800000024563 775
0.00011227599999985571 774
0.00011232700000007867 775
0.0001123960000000146 776
0.0001123960000000146 775
0.00011244500000007207 776
0.00011249599999985094 777
0.00011251600000017348 776
0.00011252700000019544 777
0.0001125590000001786 778
0.00011263599999988827 777
0.00011275600000004715 776
0.00011278599999986483 777
0.00011286199999993585 778
0.00011287600000020603 777
0.00011289200000019761 778
0.00011292200000001529 779
0.00011295199999983296 780
0.0001129859999999816 781
0.00011299599999992083 780
0.00011311600000007971 779
0.00011312800000018441 780
0.00011321200000002918 781
0.00011323600000023859 780
0.0001132689999998604 781
0.00011334800000017964 782
0.00011335599999995338 781
0.00011342599999997205 782
0.00011345600000023381 783
0.00011347600000011226 782
0.00011348600000005149 783
0.00011353699999983036 784
0.00011356700000009212 785
0.00011359599999982706 784
0.00011360799999993176 785
0.00011362200000020195 786
0.00011365200000001963 787
0.00011371599999998594 786
0.00011383600000014482 785
0.00011393900000022938 786
0.00011395599999985961 785
0.00011396900000004706 786
0.00011403400000009611 787
0.0001140760000000185 786
0.0001140880000001232 787
0.00011411799999994088 788
0.00011419600000017738 787
0.000114207999999838 788
0.00011431599999989217 787
0.00011432799999999688 788
0.00011435800000025864 789
0.0001143969999999328 790
0.00011443600000005105 789
0.00011450600000006972 790
0.00011455600000020993 789
0.00011456799999987055 790
0.00011467400000020334 791
0.00011467599999992473 790
0.00011479600000008361 789
0.00011487200000015463 790
0.00011491600000024249 789
0.00011492799999990311 790
0.00011496700000002136 791
0.00011503599999995728 790
0.00011504800000006199 791
0.00011515600000011617 790
0.00011527599999983096 789
0.00011528400000004879 790
0.00011531399999986647 791
0.00011534400000012823 792
0.00011539599999998984 791
0.00011551600000014872 790
0.00011553700000010991 791
0.00011559200000021974 792
0.00011563599999986351 791
0.00011564799999996822 792
0.0001157560000000224 791
0.00011580899999996674 792
0.00011584200000003264 793
0.00011587600000018128 792
0.0001158879999998419 793
0.00011599599999989607 792
0.00011600800000000078 793
0.00011602199999982687 794
0.00011611600000005495 793
0.00011620800000011755 794
0.00011623600000021383 793
0.00011623799999993523 794
0.00011635599999992863 793
0.00011639399999996414 794
0.00011647600000008751 793
0.00011650099999993557 794
0.00011653100000019734 795
0.00011659600000024639 794
0.00011671599999996118 793
0.00011672800000006589 794
0.00011683600000012007 793
0.00011687800000004245 794
0.00011695599999983486 793
0.00011696799999993956 794
0.0001170090000002233 795
0.00011703900000004097 796
0.00011707599999999374 795
0.00011708300000012883 796
0.00011711299999994651 797
0.00011714300000020827 798
0.00011717300000002595 799
0.00011719600000015262 798
0.00011722900000021852 799
0.00011731599999986742 798
0.00011732799999997212 799
0.00011736900000025585 800
0.0001174360000000263 799
0.000117448000000131 800
0.00011755600000018518 799
0.00011757600000006363 800
0.0001176389999999472 801
0.00011767599999989997 800
0.00011777699999981905 801
0.00011779600000005885 800
0.00011780800000016356 801
0.00011791600000021774 800
0.00011792799999987835 801
0.00011803599999993253 800
0.00011815600000009141 799
0.00011820199999990066 800
0.00011827600000025029 799
0.00011827699999988894 800
0.00011839599999996508 799
0.00011851100000015435 800
0.00011851600000012397 799
0.00011863599999983876 798
0.00011864799999994347 799
0.00011875599999999764 798
0.00011887600000015652 797
0.00011899599999987132 796
0.00011903399999990683 797
0.0001191160000000302 796
0.0001191280000001349 797
0.00011923600000018908 796
0.00011935599999990387 795
0.0001193659999998431 796
0.00011942400000020115 797
0.00011947600000006275 796
0.00011948800000016746 797
0.00011959400000005616 798
0.00011959600000022164 797
0.0001196920000001711 798
0.00011971599999993643 797
0.00011983600000009531 796
0.00011995600000025419 795
0.00011998600000007187 796
0.00012007599999996899 795
0.00012008800000007369 796
0.00012019600000012787 795
0.00012031599999984266 794
0.00012043600000000154 793
0.00012044800000010625 794
0.00012055600000016042 793
0.00012056799999982104 794
0.00012067599999987522 793
0.00012068799999997992 794
0.00012070200000025011 795
0.00012076199999988546 796
0.0001207960000000341 795
0.0001208080000001388 796
0.00012091600000019298 795
0.00012103599999990777 794
0.00012115600000006665 793
0.00012116800000017136 794
0.00012127600000022554 793
0.00012137800000022736 794
0.00012139599999994033 793
0.00012140800000004504 794
0.0001214780000000637 795
0.00012151600000009921 794
0.00012152800000020392 795
0.00012163600000025809 794
0.00012175599999997289 793
0.00012187600000013177 792
0.00012199599999984656 791
0.00012207799999996993 792
0.00012211600000000544 791
0.00012213300000007976 792
0.00012223600000016432 791
0.0001223230000002573 792
0.00012235599999987912 791
0.00012236799999998382 792
0.0001223980000002456 793
0.00012242099999992817 794
0.0001224639999999333 795
0.000122476000000038 794
0.00012254999999994354 795
0.00012256400000021372 796
0.00012259600000019688 795
0.00012262100000004494 796
0.00012271599999991167 795
0.00012283600000007056 794
0.00012284800000017526 795
0.00012295600000022944 794
0.00012301300000006066 795
0.00012307599999994423 794
0.00012308800000004894 795
0.00012311399999997974 796
0.0001231960000001031 795
0.00012320800000020782 796
0.0001233159999998179 795
0.00012333299999989222 796
0.000123363000000154 797
0.00012339299999997166 798
0.00012342300000023343 799
0.0001234359999999768 798
0.00012355600000013567 797
0.00012356800000024037 798
0.00012359800000005805 799
0.00012362799999987573 800
0.00012367599999985046 799
0.0001237309999999603 800
0.00012379600000000934 799
0.00012387700000004997 800
0.00012391600000016822 799
0.00012394300000018177 800
0.00012403599999988302 799
0.00012411900000008913 800
0.0001241560000000419 799
0.0001241680000001466 800
0.00012422800000022605 801
0.00012427600000020078 800
0.00012436000000004555 801
0.00012439599999991557 800
0.0001244129999999899 801
0.00012444300000025166 802
0.00012451600000007446 801
0.00012452800000017916 802
0.00012463600000023334 801
0.00012475599999994813 800
0.000124876000000107 799
0.00012488800000021172 800
0.00012495499999998216 801
0.0001249959999998218 800
0.0001250079999999265 801
0.00012503800000018828 802
0.00012506800000000595 803
0.0001251159999999807 802
0.00012517399999989465 803
0.0001252040000001564 804
0.00012523600000013957 803
0.00012524800000024428 804
0.00012527800000006195 805
0.00012535599999985436 804
0.00012536799999995907 805
0.00012547600000001324 804
0.00012548800000011795 805
0.00012559600000017213 804
0.00012571599999988692 803
0.0001258360000000458 802
0.0001258480000001505 803
0.00012587799999996818 804
0.00012595600000020468 803
0.00012603100000019296 804
0.00012607599999991947 803
0.00012608800000002418 804
0.00012619600000007836 803
0.00012620800000018306 804
0.00012631600000023724 803
0.00012632799999989786 804
0.00012635800000015962 805
0.00012643599999995203 804
0.00012644800000005674 805
0.00012649300000022734 806
0.0001265560000001109 805
0.00012656800000021562 806
0.00012661500000010761 807
0.0001266759999998257 806
0.0001266879999999304 807
0.0001267959999999846 806
0.00012681900000011126 807
0.00012688800000004719 808
0.00012691600000014347 807
0.00012703599999985826 806
0.00012704299999999336 807
0.0001270749999999765 808
0.0001271080000000424 809
0.00012713799999986009 810
0.00012715600000001714 809
0.00012716800000012185 810
0.00012719799999993953 811
0.00012727600000017603 810
0.00012728799999983664 811
0.00012732400000015076 812
0.00012737300000020824 813
0.00012739599999989082 812
0.00012745300000016613 813
0.0001274829999999838 814
0.00012751300000024557 815
0.0001275160000000497 814
0.00012754300000006324 815
0.00012757299999988092 816
0.00012760300000014269 817
0.00012763299999996036 818
0.00012763600000020858 817
0.00012764700000023055 818
0.00012768400000018332 819
0.0001277399999999318 820
0.00012775599999992338 819
0.00012777000000019356 820
0.00012780000000001124 821
0.00012782999999982891 822
0.00012786000000009068 823
0.00012787600000008226 822
0.00012788999999990835 823
0.00012792000000017012 824
0.0001279499999999878 825
0.0001279830000000537 826
0.00012799600000024114 825
0.00012801299999987137 826
0.0001280679999999812 827
0.00012809800000024296 828
0.00012811599999995593 827
0.0001281600000000438 828
0.00012818999999986147 829
0.00012822000000012324 830
0.00012823600000011481 829
0.0001282499999999409 830
0.00012828000000020268 831
0.00012831999999995958 832
0.0001283559999998296 831
0.000128467000000132 832
0.0001284759999999885 831
0.00012849699999994968 832
0.00012852700000021144 833
0.00012855700000002912 834
0.0001285869999998468 835
0.00012859600000014737 834
0.00012861700000010856 835
0.00012864699999992624 836
0.000128677000000188 837
0.00012870700000000568 838
0.00012871599999986216 837
0.00012873699999982335 838
0.00012876700000008512 839
0.0001287969999999028 840
0.00012882700000016456 841
0.00012883600000002104 840
0.00012885699999998224 841
0.000128887000000244 842
0.00012891700000006168 843
0.00012894699999987935 844
0.00012895600000017993 843
0.00012896100000014954 844
0.00012899099999996722 845
0.00012902100000022898 846
0.00012905100000004666 847
0.00012907599999989472 846
0.00012908699999991669 847
0.00012911700000017845 848
0.0001291629999999877 849
0.0001291960000000536 848
0.0001292340000000891 849
0.00012927800000017697 850
0.00012930799999999465 851
0.00012931600000021248 850
0.00012933800000025641 851
0.0001293680000000741 852
0.00012939799999989177 853
0.00012942800000015353 854
0.00012943599999992728 853
0.0001294579999999712 854
0.00012948800000023297 855
0.00012951800000005065 856
0.00012954799999986832 857
0.00012955600000008616 856
0.0001295780000001301 857
0.00012960799999994776 858
0.00012963800000020953 859
0.0001296680000000272 860
0.00012967600000024504 859
0.00012969799999984488 860
0.00012972800000010665 861
0.00012975799999992432 862
0.0001297880000001861 863
0.00012979599999995983 862
0.00012981800000000376 863
0.00012984799999982144 864
0.0001298780000000832 865
0.00012990799999990088 866
0.00012991200000023184 867
0.00012991600000011871 866
0.00012993800000016265 867
0.00012996799999998032 868
0.0001299980000002421 869
0.00013002800000005976 870
0.0001300359999998335 869
0.00013005799999987744 870
0.0001300880000001392 871
0.00013011799999995688 872
0.00013014800000021864 873
0.0001301559999999924 872
0.00013017800000003632 873
0.000130207999999854 874
0.00013027600000015127 873
0.00013031400000018678 874
0.00013036800000021387 875
0.00013039599999986606 874
0.00013040300000000116 875
0.00013043299999981883 876
0.0001304630000000806 877
0.00013049299999989827 878
0.00013051600000002495 877
0.00013052300000016004 878
0.00013055299999997771 879
0.00013058300000023948 880
0.00013061300000005716 881
0.00013063600000018383 880
0.00013064299999987483 881
0.0001306730000001366 882
0.00013070199999987153 883
0.00013075599999989862 882
0.00013077799999994255 883
0.00013080800000020432 884
0.00013087399999989202 885
0.0001308760000000575 884
0.00013090400000015379 885
0.00013093399999997146 886
0.00013096400000023323 887
0.0001309940000000509 888
0.00013099600000021638 887
0.00013102399999986858 888
0.00013105400000013034 889
0.00013108399999994802 890
0.00013111400000020978 891
0.00013111599999993118 890
0.00013114400000002746 891
0.00013117399999984514 892
0.0001312040000001069 893
0.00013123399999992458 894
0.00013123600000009006 893
0.00013126400000018634 894
0.00013129400000000402 895
0.0001313239999998217 896
0.00013135400000008346 897
0.00013135600000024894 896
0.00013138399999990114 897
0.0001314140000001629 898
0.00013144399999998058 899
0.00013147400000024234 900
0.00013147599999996373 899
0.00013150400000006002 900
0.0001315339999998777 901
0.00013156400000013946 902
0.00013159399999995713 903
0.00013159600000012261 902
0.0001316240000002189 903
0.00013165400000003658 904
0.00013168399999985425 905
0.00013171400000011602 906
0.0001317159999998374 905
0.0001317439999999337 906
0.00013177400000019546 907
0.00013180400000001313 908
0.0001318339999998308 909
0.0001318359999999963 908
0.00013186400000009257 909
0.00013189399999991025 910
0.00013190800000018044 911
0.0001319379999999981 912
0.00013195600000015517 911
0.0001319679999998158 912
0.00013199800000007755 913
0.00013201199999990365 914
0.00013202799999989523 915
0.000132058000000157 916
0.00013207599999986996 915
0.00013208799999997467 916
0.00013211800000023644 917
0.0001321480000000541 918
0.0001321779999998718 919
0.00013219600000002885 918
0.00013220800000013355 919
0.00013223799999995123 920
0.000132268000000213 921
0.00013229800000003067 922
0.00013231600000018773 921
0.00013232799999984834 922
0.0001323580000001101 923
0.00013238799999992779 924
0.00013241800000018955 925
0.00013243599999990252 924
0.00013244800000000723 925
0.0001324779999998249 926
0.00013250800000008667 927
0.0001325560000000614 926
0.0001325680000001661 927
0.00013262800000024555 928
0.00013265800000006323 929
0.00013267600000022028 928
0.0001326879999998809 929
0.00013271800000014267 930
0.00013274799999996034 931
0.00013279599999993508 930
0.00013287300000008884 931
0.00013291600000009396 930
0.00013291800000025944 931
0.00013295400000012947 932
0.00013298399999994714 933
0.00013302400000014813 934
0.00013303600000025284 933
0.00013308300000014484 934
0.0001331129999999625 935
0.00013314300000022428 936
0.00013315599999996763 935
0.00013317300000004195 936
0.00013320299999985963 937
0.0001332330000001214 938
0.00013326299999993907 939
0.00013327600000012652 938
0.00013329300000020083 939
0.0001333230000000185 940
0.00013335299999983619 941
0.00013338300000009795 942
0.0001333959999998413 941
0.00013341299999991563 942
0.0001334170000002466 943
0.0001334430000001774 944
0.00013347299999999507 945
0.00013350300000025683 946
0.0001335160000000002 945
0.0001335330000000745 946
0.00013356299999989218 947
0.00013359300000015395 948
0.00013362299999997163 949
0.00013363600000015907 948
0.0001336530000002334 949
0.00013373399999982993 950
0.00013375599999987386 949
0.0001337640000000917 950
0.00013387600000003275 949
0.00013388300000016784 950
0.00013391299999998552 951
0.00013394300000024728 952
0.00013397300000006496 953
0.00013399600000019163 952
0.00013400299999988263 953
0.0001340330000001444 954
0.00013406299999996207 955
0.00013409300000022384 956
0.00013411599999990642 955
0.00013412300000004151 956
0.0001341529999998592 957
0.00013418300000012096 958
0.0001342360000000653 957
0.00013424800000017 958
0.00013435600000022418 957
0.00013447400000021759 958
0.00013447599999993898 957
0.00013450400000003526 958
0.00013454700000004038 959
0.00013459600000009786 958
0.00013460800000020257 959
0.00013471600000025674 958
0.00013472400000003049 959
0.00013480399999998838 960
0.00013483599999997153 959
0.00013484400000018937 960
0.00013495600000013042 959
0.00013496800000023512 960
0.0001350759999998452 959
0.00013508799999994991 960
0.0001351960000000041 959
0.0001352130000000784 960
0.00013531600000016297 959
0.00013532399999993672 960
0.00013534100000001104 961
0.00013543599999987777 960
0.00013544799999998247 961
0.00013555600000003665 960
0.00013556400000025448 961
0.00013563100000002493 962
0.00013567600000019553 961
0.00013568799999985615 962
0.00013573799999999636 963
0.00013579599999991032 962
0.00013580800000001503 963
0.0001358379999998327 964
0.0001359160000000692 963
0.0001359280000001739 964
0.00013599700000010984 965
0.00013603600000022809 964
0.0001360479999998887 965
0.00013615599999994288 964
0.00013627600000010176 963
0.00013628800000020647 964
0.00013639599999981655 963
0.00013640100000023025 964
0.00013643100000004793 965
0.0001364609999998656 966
0.00013651599999997543 965
0.00013652800000008014 966
0.00013663600000013432 965
0.00013664800000023902 966
0.0001367559999998491 965
0.00013676799999995382 966
0.000136876000000008 965
0.00013699600000016687 964
0.0001370079999998275 965
0.00013711599999988167 964
0.00013712799999998637 965
0.00013723600000004055 964
0.00013724800000014525 965
0.00013727799999996293 966
0.00013735600000019943 965
0.00013743500000007458 966
0.00013747599999991422 965
0.00013748800000001893 966
0.0001375960000000731 965
0.00013768400000024883 966
0.00013771600000023199 965
0.00013783599999994678 964
0.00013784800000005148 965
0.00013795600000010566 964
0.00013796100000007527 965
0.00013799099999989295 966
0.00013802100000015471 967
0.00013807599999982045 966
0.00013814599999983912 967
0.00013816399999999618 968
0.00013819599999997934 967
0.00013828300000007232 968
0.00013831299999989 969
0.00013831600000013822 968
0.00013838600000015688 969
0.000138435999999853 968
0.00013844799999995772 969
0.0001385560000000119 968
0.0001385680000001166 969
0.00013862300000022643 970
0.0001386530000000441 971
0.00013867600000017077 970
0.00013868299999986178 971
0.00013871300000012354 972
0.00013874299999994122 973
0.00013879599999988557 972
0.00013890500000002248 973
0.00013891600000004445 972
0.00013893499999984016 973
0.00013900400000022017 974
0.00013903600000020333 973
0.00013905000000002943 974
0.00013915599999991812 973
0.00013916800000002283 974
0.0001391979999998405 975
0.0001392120000001107 976
0.000139276000000077 975
0.0001393960000002359 974
0.0001394480000000975 975
0.00013950600000001145 976
0.00013951599999995068 975
0.00013951999999983755 976
0.00013963100000013995 977
0.00013963600000010956 976
0.00013970600000012823 977
0.00013975599999982435 976
0.00013984100000019595 977
0.00013987599999998324 976
0.00013995599999994113 977
0.00013999600000014212 976
0.00014000800000024682 977
0.0001401159999998569 976
0.00014017099999996674 977
0.0001402360000000158 976
0.00014035600000017467 975
0.00014039599999993158 976
0.00014042600000019334 977
0.00014047599999988947 976
0.0001404910000002424 977
0.00014059600000004835 976
0.00014068800000011095 977
0.00014071600000020723 976
0.00014073100000011607 977
0.0001407860000002259 978
0.00014081600000004357 979
0.00014083599999992202 978
0.00014088000000000989 979
0.0001409560000000809 978
0.00014102100000012996 979
0.0001410430000001739 980
0.00014107299999999157 981
0.0001410760000002398 980
0.0001411159999999967 981
0.00014119599999995458 980
0.00014126599999997325 981
0.00014131600000011346 980
0.00014132300000024856 981
0.00014143599999982825 980
0.0001414560000001508 981
0.00014155599999998714 980
0.00014163700000002777 981
0.00014167600000014602 980
0.0001417959999998608 979
0.00014181299999993513 980
0.00014189700000022398 981
0.0001419160000000197 980
0.00014203600000017857 979
0.00014215599999989337 978
0.00014219100000012475 979
0.00014227600000005225 978
0.00014232600000019247 979
0.00014239600000021113 978
0.0001424660000002298 979
0.00014251599999992592 978
0.0001426360000000848 977
0.00014270600000010347 978
0.00014273599999992115 979
0.0001427560000002437 978
0.00014278999999994824 979
0.00014282000000021 980
0.00014287599999995848 979
0.0001428809999999281 980
0.00014299600000011736 979
0.00014306700000021877 980
0.00014311599999983216 979
0.00014314600000009392 980
0.00014320600000017336 981
0.00014323599999999104 980
0.00014328299999988303 981
0.00014335600000014992 980
0.00014342899999997272 981
0.00014345900000023448 982
0.0001434759999998647 981
0.0001435960000000236 980
0.0001436790000002297 981
0.0001436859999999207 982
0.00014370900000004738 983
0.00014371600000018248 982
0.00014373899999986506 983
0.00014376900000012682 984
0.00014383599999989727 983
0.00014395600000005615 982
0.00014407600000021503 981
0.00014411599999997193 982
0.0001441460000002337 983
0.00014419599999992982 982
0.00014429100000024064 983
0.00014429600000021026 984
0.0001443160000000887 983
0.00014432600000002793 984
0.0001443559999998456 985
0.00014438600000010737 986
0.00014441599999992505 987
0.0001444360000002476 986
0.00014451100000023587 987
0.00014455599999996238 986
0.00014467600000012126 985
0.00014479599999983606 984
0.00014481899999996273 985
0.0001448490000002245 986
0.00014487900000004217 987
0.00014491599999999494 986
0.00014491900000024316 987
0.0001449860000000136 988
0.00014502199999988363 989
0.00014503600000015382 988
0.00014509600000023326 989
0.0001451559999998686 988
0.0001452760000000275 987
0.0001453090000000934 988
0.00014539600000018638 987
0.00014541399999989935 988
0.0001454440000001611 989
0.0001454739999999788 990
0.00014551599999990117 991
0.00014551599999990117 990
0.00014554600000016293 991
0.0001455759999999806 992
0.00014560600000024237 993
0.00014563600000006005 994
0.00014563600000006005 993
0.00014566599999987773 994
0.0001456960000001395 995
0.00014574300000003149 996
0.00014575600000021893 995
0.00014575699999985758 996
0.0001457930000001717 997
0.00014582299999998938 998
0.00014585300000025114 999
0.00014587599999993373 998
0.00014588300000006882 999
0.0001459129999998865 1000
0.00014594300000014826 1001
0.00014598100000018377 1002
0.0001459960000000926 1001
0.00014601100000000145 1002
0.00014604900000003695 1003
0.00014606100000014166 1004
0.00014607899999985463 1005
0.00014609300000012482 1006
0.0001461160000002515 1005
0.0001461300000000776 1006
0.00014615999999989526 1007
0.00014619000000015703 1008
0.0001462199999999747 1009
0.00014623599999996628 1008
0.00014625000000023647 1009
0.00014628000000005414 1010
0.00014630999999987182 1011
0.00014634000000013359 1012
0.00014635600000012516 1011
0.00014636999999995126 1012
0.00014640000000021303 1013
0.00014647599999983996 1012
0.00014654900000010684 1013
0.00014657899999992452 1014
0.00014659599999999884 1013
0.00014660900000018628 1014
0.00014663900000000396 1015
0.00014666899999982164 1016
0.0001466990000000834 1017
0.00014671600000015772 1016
0.00014672899999990108 1017
0.00014675900000016284 1018
0.00014678899999998052 1019
0.00014681900000024228 1020
0.0001468359999998725 1019
0.00014684900000005996 1020
0.00014687899999987764 1021
0.0001469090000001394 1022
0.00014693899999995708 1023
0.0001469560000000314 1022
0.00014696900000021884 1023
0.00014699900000003652 1024
0.0001470289999998542 1025
0.00014705900000011596 1026
0.00014707600000019028 1025
0.00014708899999993363 1026
0.00014710300000020382 1027
0.0001471330000000215 1028
0.00014716299999983917 1029
0.00014719300000010094 1030
0.00014719599999990507 1029
0.0001472229999999186 1030
0.0001472370000001888 1031
0.00014726700000000648 1032
0.00014729699999982415 1033
0.00014731600000006395 1032
0.00014732700000008592 1033
0.0001473569999999036 1034
0.00014738700000016536 1035
0.00014741699999998303 1036
0.00014743600000022283 1035
0.0001474470000002448 1036
0.00014747700000006247 1037
0.00014750699999988015 1038
0.00014753700000014192 1039
0.00014755599999993763 1038
0.0001475669999999596 1039
0.00014759700000022136 1040
0.00014762700000003903 1041
0.0001476569999998567 1042
0.0001476760000000965 1041
0.00014768700000011847 1042
0.00014771699999993615 1043
0.00014774700000019791 1044
0.0001477960000002554 1043
0.00014780899999999875 1044
0.00014782299999982484 1045
0.00014786099999986035 1046
0.00014790600000003096 1047
0.00014791599999997018 1046
0.0001479209999999398 1047
0.00014796700000019314 1048
0.00014799700000001081 1049
0.0001480269999998285 1050
0.00014803600000012906 1049
0.00014814200000001776 1050
0.00014815599999984386 1049
0.00014816100000025756 1050
0.00014821700000000604 1051
0.00014827600000000274 1050
0.00014828099999997235 1051
0.00014839600000016162 1050
0.0001485159999998764 1049
0.00014852099999984603 1050
0.0001486360000000353 1049
0.00014875600000019418 1048
0.0001487610000001638 1049
0.00014887599999990897 1048
0.00014899600000006785 1047
0.00014899899999987198 1048
0.00014901300000014217 1049
0.00014910199999995655 1050
0.00014911600000022673 1051
0.00014911600000022673 1050
0.00014913000000005283 1051
0.00014922300000019817 1052
0.00014923599999994153 1051
0.00014925300000001585 1052
0.00014927700000022526 1053
0.0001493560000001004 1052
0.0001494760000002593 1051
0.00014947699999989794 1052
0.0001495070000001597 1053
0.00014959100000000447 1054
0.00014959599999997408 1053
0.00014971600000013296 1052
0.00014972100000010258 1053
0.00014980300000022595 1054
0.00014983599999984776 1053
0.00014995600000000664 1052
0.00014996800000011135 1053
0.00014998199999993744 1054
0.00015002300000022117 1055
0.00015007600000016552 1054
0.00015019599999988031 1053
0.00015020799999998502 1054
0.0001502220000002552 1055
0.0001503160000000392 1054
0.0001503210000000088 1055
0.00015033800000008313 1056
0.00015040400000021492 1057
0.00015043600000019808 1056
0.0001504410000001677 1057
0.0001505310000000648 1058
0.00015055599999991287 1057
0.00015067600000007175 1056
0.00015068800000017646 1057
0.00015079600000023063 1056
0.00015080799999989125 1057
0.00015090200000011933 1058
0.00015091599999994543 1059
0.00015091599999994543 1058
0.0001510360000001043 1057
0.00015104100000007392 1058
0.0001511559999998191 1057
0.0001511610000002328 1058
0.00015127599999997798 1057
0.00015129099999988682 1058
0.000151305000000157 1059
0.00015139600000013687 1058
0.00015140100000010648 1059
0.00015151599999985166 1058
0.00015152099999982127 1059
0.00015162200000018444 1060
0.00015163600000001054 1059
0.00015165300000008486 1060
0.00015175600000016942 1059
0.00015176100000013903 1060
0.00015184399999990106 1061
0.00015187599999988421 1060
0.00015188099999985383 1061
0.0001519960000000431 1060
0.00015205700000020528 1061
0.00015208700000002295 1062
0.00015211600000020198 1061
0.0001521279999998626 1062
0.00015214200000013278 1063
0.00015223599999991677 1062
0.00015224099999988638 1063
0.00015235600000007565 1062
0.00015236100000004527 1063
0.00015244999999985964 1064
0.00015247600000023454 1063
0.00015248100000020415 1064
0.00015259599999994933 1063
0.00015260099999991894 1064
0.00015266900000021622 1065
0.0001527160000001082 1064
0.00015272100000007782 1065
0.00015278799999984827 1066
0.0001528080000001708 1067
0.000152835999999823 1066
0.0001528410000002367 1067
0.00015295599999998188 1066
0.00015303800000010526 1067
0.00015307600000014077 1066
0.00015308100000011038 1067
0.00015319599999985556 1066
0.00015320099999982517 1067
0.00015331600000001444 1066
0.00015332099999998405 1067
0.00015343600000017332 1066
0.00015344100000014294 1067
0.00015355599999988812 1066
0.0001535580000000536 1067
0.000153676000000047 1066
0.0001536810000000166 1067
0.00015377099999991373 1068
0.00015379600000020588 1067
0.0001538079999998665 1068
0.00015382200000013668 1069
0.00015391599999992067 1068
0.00015392099999989028 1069
0.00015403600000007955 1068
0.00015404100000004917 1069
0.00015410600000009822 1070
0.0001541290000002249 1071
0.00015415600000023844 1070
0.00015420900000018278 1071
0.00015422300000000888 1072
0.00015425299999982656 1073
0.00015427599999995323 1072
0.00015429300000002755 1073
0.00015430699999985364 1074
0.0001543960000001121 1073
0.0001545159999998269 1072
0.0001545210000002406 1073
0.00015463599999998578 1072
0.00015467000000013442 1073
0.00015468399999996052 1074
0.00015475600000014467 1073
0.00015477300000021899 1074
0.00015478700000004508 1075
0.00015487599999985946 1074
0.00015488099999982907 1075
0.00015492700000008242 1076
0.0001549569999999001 1077
0.00015498700000016186 1078
0.00015499600000001834 1077
0.00015500099999998795 1078
0.00015511600000017722 1077
0.00015512100000014684 1078
0.00015523599999989202 1077
0.00015526799999987517 1078
0.00015528200000014536 1079
0.0001553420000002248 1080
0.0001553560000000509 1079
0.00015541000000007799 1080
0.00015546799999999195 1081
0.00015547600000020978 1080
0.00015548199999981804 1081
0.00015558200000009847 1082
0.00015559599999992457 1081
0.00015560099999989419 1082
0.00015563100000015595 1083
0.00015571600000008345 1082
0.00015572100000005307 1083
0.00015580300000017644 1084
0.00015583299999999412 1085
0.00015583600000024234 1084
0.00015586300000025588 1085
0.00015589300000007356 1086
0.00015595599999995713 1085
0.00015596800000006183 1086
0.00015598199999988793 1087
0.00015601300000023244 1086
0.00015608100000008562 1087
0.00015613299999994723 1086
0.0001561890000001398 1087
0.0001562530000001061 1086
0.0001563020000001636 1087
0.0001563209999999593 1088
0.0001563729999998209 1087
0.00015644100000011818 1088
0.0001564929999999798 1089
0.0001564929999999798 1088
0.00015658799999984652 1089
0.0001566020000001167 1090
0.00015661300000013867 1089
0.00015673299999985346 1088
0.00015675700000006287 1089
0.00015685300000001234 1088
0.00015692800000000062 1089
0.00015694199999982672 1090
0.00015697300000017123 1089
0.0001569959999998538 1090
0.00015703499999997206 1091
0.00015706500000023382 1092
0.00015707900000005992 1093
0.00015709299999988602 1092
0.00015711300000020856 1093
0.00015718999999991823 1094
0.00015720400000018842 1095
0.0001572130000000449 1094
0.0001572340000000061 1095
0.00015726399999982377 1096
0.00015729400000008553 1097
0.00015732899999987282 1098
0.00015733300000020378 1097
0.000157390000000035 1096
0.00015740100000005697 1097
0.00015751000000019388 1096
0.0001575289999999896 1097
0.00015757099999991198 1098
0.00015762999999990868 1097
0.0001576349999998783 1098
0.0001576920000001536 1099
0.00015775000000006756 1098
0.00015781299999995113 1099
0.0001578430000002129 1100
0.00015787000000022644 1099
0.0001578810000002484 1100
0.00015798999999994123 1099
0.00015799999999988046 1100
0.0001580009999999632 1101
0.00015804700000021654 1100
0.00015816699999993133 1099
0.00015818000000011878 1100
0.0001582110000000192 1101
0.00015824099999983687 1102
0.00015828700000009022 1101
0.00015834200000020004 1102
0.00015836099999999576 1103
0.0001584070000002491 1102
0.00015852400000015976 1103
0.0001585269999999639 1102
0.00015855399999997744 1103
0.00015857100000005175 1104
0.00015864700000012277 1103
0.00015864899999984416 1104
0.00015876699999983757 1103
0.00015881900000014326 1104
0.0001588410000001872 1105
0.00015888699999999645 1104
0.00015898799999991553 1105
0.00015900200000018572 1106
0.00015900700000015533 1105
0.0001590320000000034 1106
0.00015906199999982107 1107
0.00015912699999987012 1106
0.00015920799999991075 1107
0.00015922200000018094 1108
0.000159247000000029 1107
0.00015930399999986022 1106
0.0001593149999998822 1107
0.00015934500000014395 1108
0.00015935899999997005 1109
0.00015938900000023182 1110
0.0001594240000000191 1109
0.00015946300000013736 1110
0.000159544000000178 1109
0.00015966399999989278 1108
0.0001596809999999671 1109
0.00015971699999983713 1110
0.00015978400000005166 1109
0.00015980100000012598 1110
0.00015990400000021054 1109
0.00015992099999984077 1110
0.00016000000000016001 1111
0.00016002399999992534 1110
0.00016014400000008422 1109
0.00016016100000015854 1110
0.0001602640000002431 1109
0.00016028099999987333 1110
0.0001603820000002365 1111
0.0001603839999999579 1110
0.0001604010000000322 1111
0.00016050400000011678 1110
0.00016062399999983157 1109
0.00016064500000023685 1110
0.00016072000000022513 1111
0.00016074399999999045 1110
0.00016076100000006477 1111
0.00016083399999988757 1112
0.00016086400000014933 1111
0.00016090999999995859 1112
0.00016092400000022877 1113
0.00016098399999986412 1112
0.000161104000000023 1111
0.00016121800000012954 1112
0.0001612240000001819 1111
0.0001612479999999472 1112
0.00016127800000020898 1113
0.00016133399999995746 1114
0.00016134399999989668 1113
0.00016136400000021922 1114
0.0001614340000002379 1115
0.00016146400000005556 1114
0.00016148100000012988 1115
0.00016158400000021444 1114
0.00016158900000018406 1115
0.00016170399999992924 1114
0.00016172300000016904 1115
0.0001617670000002569 1116
0.00016182400000008812 1115
0.00016184100000016244 1116
0.000161944000000247 1115
0.00016201399999982158 1116
0.0001620620000002404 1117
0.0001620639999999618 1116
0.00016210400000016278 1117
0.00016211799999998888 1118
0.00016214800000025065 1119
0.00016218400000012068 1118
0.00016222800000020854 1119
0.00016225900000010895 1120
0.00016229200000017485 1121
0.00016230399999983547 1120
0.00016234299999995372 1121
0.00016242399999999435 1120
0.00016245900000022573 1121
0.00016252499999991343 1122
0.00016254400000015323 1121
0.00016257700000021913 1122
0.0001626470000002378 1123
0.00016266399999986803 1122
0.00016273999999993904 1123
0.0001627840000000269 1122
0.0001629040000001858 1121
0.0001629109999998768 1122
0.0001629439999999427 1123
0.00016302399999990058 1122
0.000163124000000181 1123
0.00016314400000005946 1122
0.00016317399999987714 1123
0.00016326400000021835 1122
0.0001633170000001627 1123
0.00016338399999993314 1122
0.0001634020000000902 1123
0.00016349199999998731 1124
0.00016350400000009202 1123
0.00016352200000024908 1124
0.00016355200000006676 1125
0.00016360700000017658 1126
0.0001636240000002509 1125
0.00016369800000015644 1126
0.0001637439999999657 1125
0.00016375700000015314 1126
0.00016383999999991516 1127
0.00016384900000021574 1128
0.00016386400000012458 1127
0.00016387900000003341 1128
0.0001638929999998595 1129
0.00016393800000003012 1130
0.00016398399999983937 1129
0.00016410399999999825 1128
0.00016414200000003376 1129
0.00016418899999992576 1130
0.00016422400000015713 1129
0.00016425500000005755 1130
0.00016429800000006267 1131
0.00016434399999987193 1130
0.0001644640000000308 1129
0.0001645840000001897 1128
0.00016468199999986055 1129
0.00016470399999990448 1128
0.00016478499999994511 1129
0.00016482400000006336 1128
0.00016483500000008533 1129
0.00016488900000011242 1130
0.00016494400000022225 1129
0.00016506399999993704 1128
0.0001651289999999861 1129
0.00016518400000009592 1128
0.00016519500000011789 1129
0.00016528299999984952 1130
0.0001653040000002548 1129
0.00016531499999983268 1130
0.00016537399999982938 1131
0.00016540400000009114 1132
0.0001654239999999696 1131
0.00016543399999990882 1132
0.00016549199999982278 1133
0.00016554400000012848 1132
0.0001656009999999597 1131
0.00016561400000014714 1132
0.00016562799999997324 1133
0.00016572100000011858 1132
0.00016578899999997176 1133
0.00016584099999983337 1132
0.00016596099999999225 1131
0.0001660590000001072 1132
0.00016608100000015114 1131
0.00016614199999986923 1132
0.000166172000000131 1133
0.00016620099999986593 1132
0.0001663210000000248 1131
0.0001664410000001837 1130
0.00016645899999989666 1131
0.00016656099999989848 1130
0.00016660299999982087 1131
0.00016668100000005737 1130
0.00016678599999986332 1131
0.00016680100000021625 1130
0.0001668609999998516 1131
0.0001668750000001218 1132
0.00016688899999994788 1133
0.00016692099999993104 1132
0.0001669980000000848 1133
0.00016704100000008992 1132
0.00016712200000013056 1133
0.00016713599999995665 1134
0.0001671610000002488 1133
0.0001672809999999636 1132
0.00016733200000018655 1133
0.00016740100000012248 1132
0.00016752099999983727 1131
0.00016758199999999945 1132
0.00016764099999999615 1131
0.00016776100000015504 1130
0.00016788099999986983 1129
0.0001680010000000287 1128
0.00016804000000014696 1129
0.0001681210000001876 1128
0.00016816300000010997 1129
0.00016824099999990239 1128
0.00016836100000006127 1127
0.00016839599999984856 1128
0.00016848100000022015 1127
0.00016854699999990785 1128
0.00016859099999999572 1129
0.00016860099999993494 1128
0.00016862100000025748 1129
0.00016865100000007516 1130
0.00016871000000007186 1131
0.00016872100000009382 1130
0.00016878600000014288 1131
0.0001688410000002527 1130
0.0001689090000001059 1131
0.0001689609999999675 1130
0.00016896300000013298 1131
0.00016908100000012638 1130
0.00016919300000006743 1131
0.00016920099999984117 1130
0.00016932100000000005 1129
0.00016944100000015894 1128
0.00016956099999987373 1127
0.0001696810000000326 1126
0.00016974399999991618 1127
0.00016977900000014756 1128
0.0001698010000001915 1127
0.00016986299999999233 1128
0.00016992099999990629 1127
0.00016993699999989786 1128
0.00017004100000006517 1127
0.00017016100000022405 1126
0.00017022900000007724 1127
0.0001702589999998949 1128
0.00017028099999993884 1127
0.00017040100000009772 1126
0.0001705210000002566 1125
0.00017062399999989708 1126
0.0001706409999999714 1125
0.00017070200000013358 1126
0.00017076100000013028 1125
0.00017082899999998347 1126
0.00017088099999984507 1125
0.00017100100000000396 1124
0.00017106200000016614 1125
0.00017112100000016284 1124
0.00017117099999985896 1125
0.00017124099999987763 1124
0.00017133899999999258 1125
0.0001713610000000365 1124
0.00017147000000017343 1125
0.0001714810000001954 1124
0.00017154900000004858 1125
0.0001716009999999102 1124
0.00017164299999983257 1125
0.00017172100000006907 1124
0.00017175900000010458 1125
0.0001718230000000709 1126
0.00017184100000022795 1125
0.00017194700000011665 1126
0.00017196099999994274 1125
0.00017208100000010162 1124
0.00017214199999981972 1125
0.00017220099999981642 1124
0.0001723209999999753 1123
0.00017244100000013418 1122
0.00017256099999984897 1121
0.00017268100000000786 1120
0.000172712999999991 1121
0.0001727269999998171 1122
0.00017280100000016674 1121
0.00017292099999988153 1120
0.00017293600000023446 1121
0.00017296600000005213 1122
0.0001730410000000404 1121
0.0001731610000001993 1120
0.0001732809999999141 1119
0.00017329199999993605 1120
0.00017334200000007627 1121
0.00017340100000007297 1120
0.00017352100000023185 1119
0.00017352600000020146 1120
0.00017364099999994664 1119
0.00017374100000022707 1120
0.00017376100000010553 1119
0.00017381299999996713 1120
0.0001738430000002289 1121
0.00017388099999982032 1120
0.00017397600000013114 1121
0.00017398999999995723 1122
0.0001740009999999792 1121
0.00017412100000013808 1120
0.0001741779999999693 1119
0.00017429800000012818 1118
0.00017441799999984298 1117
0.00017453800000000186 1116
0.00017462199999984662 1117
0.00017465800000016074 1116
0.00017474599999989238 1117
0.00017476000000016256 1118
0.00017477799999987553 1117
0.00017481099999994143 1118
0.00017489800000003441 1117
0.0001750180000001933 1116
0.0001751379999999081 1115
0.00017517099999997399 1116
0.00017520100000023575 1117
0.00017521500000006185 1118
0.00017522899999988795 1119
0.00017525800000006697 1118
0.0001753149999998982 1119
0.00017537800000022585 1118
0.00017549799999994065 1117
0.00017561800000009953 1116
0.0001757380000002584 1115
0.00017580899999991573 1116
0.00017582300000018591 1117
0.0001758579999999732 1116
0.0001759099999998348 1117
0.000175924000000105 1118
0.00017597800000013208 1117
0.00017604599999998527 1118
0.00017609799999984688 1117
0.00017621800000000576 1116
0.00017622199999989263 1117
0.0001762520000001544 1118
0.00017628199999997207 1119
0.00017633800000016464 1118
0.00017645799999987943 1117
0.00017657800000003832 1116
0.00017662999999989992 1117
0.0001766459999998915 1118
0.0001766980000001972 1117
0.000176817999999912 1116
0.00017693800000007087 1115
0.00017694199999995774 1116
0.00017700099999995444 1117
0.00017705800000022975 1116
0.00017716800000000532 1117
0.00017717799999994455 1116
0.00017721900000022828 1117
0.00017728200000011185 1118
0.00017729800000010343 1117
0.00017741799999981822 1116
0.00017746099999982334 1117
0.00017750599999999395 1118
0.0001775379999999771 1117
0.00017765800000013598 1116
0.0001777149999999672 1115
0.0001778350000001261 1114
0.00017783900000001296 1115
0.00017795499999984088 1114
0.00017807499999999976 1113
0.0001781470000001839 1114
0.00017816100000001 1115
0.00017819500000015864 1114
0.0001782619999999291 1115
0.00017831499999987344 1114
0.00017843500000003232 1113
0.00017844899999985842 1114
0.00017847900000012018 1115
0.00017854599999989063 1116
0.0001785550000001912 1115
0.0001786070000000528 1116
0.00017863799999995322 1117
0.000178674999999906 1116
0.00017869099999989757 1117
0.00017879500000006487 1116
0.00017891500000022376 1115
0.00017901299999989462 1116
0.00017903499999993855 1115
0.00017904300000015638 1116
0.00017907699999986093 1117
0.00017909100000013112 1118
0.00017915500000009743 1117
0.0001792130000000114 1118
0.0001792750000002563 1117
0.00017931299999984773 1118
0.00017936799999995756 1119
0.0001793949999999711 1118
0.00017939800000021933 1119
0.00017943199999992387 1120
0.00017946200000018564 1121
0.00017951500000013 1120
0.00017963499999984478 1119
0.00017969800000017244 1120
0.00017975500000000366 1119
0.00017977800000013033 1120
0.000179807999999948 1121
0.00017983800000020977 1122
0.00017986800000002745 1123
0.00017987500000016254 1122
0.00017989799999984513 1123
0.0001799280000001069 1124
0.00017995799999992457 1125
0.00017998800000018633 1126
0.00017999499999987734 1125
0.000180018000000004 1126
0.00018005200000015265 1127
0.00018008199999997032 1128
0.0001801120000002321 1129
0.00018011500000003622 1128
0.00018020700000009882 1129
0.0001802350000001951 1128
0.00018024299999996884 1129
0.0001802730000002306 1130
0.0001803080000000179 1131
0.0001803549999999099 1130
0.00018036499999984912 1131
0.00018039500000011088 1132
0.00018042999999989817 1133
0.00018046000000015994 1134
0.00018047500000006877 1133
0.00018051300000010428 1134
0.00018055299999986119 1135
0.0001805820000000402 1136
0.00018059500000022766 1135
0.0001806829999999593 1136
0.00018071499999994245 1135
0.00018075199999989522 1136
0.00018081199999997466 1137
0.00018083500000010133 1136
0.00018084200000023642 1137
0.00018089199999993255 1138
0.00018090600000020274 1139
0.00018093600000002041 1140
0.00018095499999981612 1139
0.0001809659999998381 1140
0.00018099600000009985 1141
0.00018102599999991753 1142
0.0001810560000001793 1143
0.000181074999999975 1142
0.00018109800000010168 1143
0.00018112799999991935 1144
0.00018115800000018112 1145
0.0001811879999999988 1146
0.0001811950000001339 1145
0.00018121799999981647 1146
0.00018124800000007824 1147
0.0001812779999998959 1148
0.00018130800000015768 1149
0.00018131499999984868 1148
0.00018133799999997535 1149
0.00018143500000000756 1148
0.0001814879999999519 1149
0.00018155500000016644 1148
0.00018160300000014118 1149
0.00018163299999995886 1150
0.00018166300000022062 1151
0.00018167499999988124 1150
0.0001816930000000383 1151
0.00018172299999985597 1152
0.00018173700000012616 1153
0.00018176699999994383 1154
0.00018179500000004012 1153
0.0001817970000002056 1154
0.00018182700000002328 1155
0.000181915000000199 1154
0.0001819479999998208 1155
0.00018197800000008257 1156
0.00018200799999990025 1157
0.0001820349999999138 1156
0.00018203800000016201 1157
0.00018213799999999836 1158
0.00018215500000007268 1157
0.00018216799999981603 1158
0.0001821980000000778 1159
0.00018222799999989547 1160
0.00018225800000015724 1161
0.00018227500000023156 1160
0.00018228799999997491 1161
0.00018231800000023668 1162
0.00018235000000021984 1163
0.0001823800000000375 1164
0.00018239499999994635 1163
0.0001824099999998552 1164
0.00018244000000011695 1165
0.00018246999999993463 1166
0.0001825000000001964 1167
0.00018251500000010523 1166
0.00018253000000001407 1167
0.00018254399999984017 1168
0.00018257400000010193 1169
0.00018263499999982002 1168
0.00018269300000017807 1169
0.00018272299999999575 1170
0.00018275300000025752 1171
0.0001827549999999789 1170
0.0001827830000000752 1171
0.00018281299999989287 1172
0.00018284300000015463 1173
0.0001828729999999723 1174
0.0001828750000001378 1173
0.00018290800000020369 1174
0.00018293800000002136 1175
0.00018296799999983904 1176
0.00018299499999985258 1175
0.00018303700000021905 1176
0.00018310299999990676 1177
0.00018311500000001146 1176
0.00018313300000016852 1177
0.0001831629999999862 1178
0.00018322800000003525 1179
0.00018323500000017034 1178
0.00018325799999985293 1179
0.00018330799999999314 1180
0.0001833380000002549 1181
0.00018335499999988514 1180
0.00018336800000007258 1181
0.00018339799999989026 1182
0.00018342800000015202 1183
0.0001834579999999697 1184
0.00018347500000004402 1183
0.00018348800000023147 1184
0.00018351800000004914 1185
0.00018354799999986682 1186
0.00018357800000012858 1187
0.0001835950000002029 1186
0.00018360799999994626 1187
0.00018363800000020802 1188
0.00018365200000003412 1187
0.0001836680000000257 1188
0.00018369799999984338 1189
0.00018372800000010514 1190
0.00018375799999992282 1191
0.000183772000000193 1190
0.00018378800000018458 1191
0.00018380200000001068 1192
0.00018383199999982835 1193
0.00018386200000009012 1194
0.0001838919999999078 1195
0.0001838919999999078 1194
0.00018392200000016956 1195
0.0001839490000001831 1194
0.00018395199999998724 1195
0.00018396600000025742 1196
0.0001839960000000751 1197
0.00018402599999989278 1198
0.00018405600000015454 1199
0.0001840689999998979 1198
0.00018408599999997222 1199
0.00018411600000023398 1200
0.0001841260000001732 1199
0.00018414600000005166 1200
0.00018417599999986933 1201
0.0001842060000001311 1202
0.00018423599999994877 1203
0.000184245999999888 1202
0.00018426600000021054 1203
0.00018428000000003664 1204
0.0001843099999998543 1205
0.00018434000000011608 1206
0.00018436600000004688 1205
0.00018436999999993375 1206
0.00018440000000019552 1207
0.00018441400000002162 1208
0.0001844439999998393 1209
0.00018447400000010106 1210
0.00018448600000020576 1209
0.00018450399999991873 1210
0.00018451800000018892 1211
0.0001845480000000066 1212
0.00018457799999982427 1213
0.00018460599999992056 1212
0.00018460800000008604 1213
0.0001846379999999037 1214
0.00018466300000019586 1213
0.00018466800000016548 1214
0.00018469799999998315 1215
0.00018471200000025334 1216
0.00018474200000007102 1217
0.0001847719999998887 1218
0.00018478299999991066 1217
0.00018480200000015046 1218
0.00018483199999996813 1219
0.00018484600000023832 1220
0.00018489200000004757 1221
0.00018490300000006954 1220
0.00018492199999986525 1221
0.00018495300000020976 1222
0.00018498300000002743 1223
0.0001850129999998451 1224
0.00018502300000022842 1223
0.00018504499999982826 1224
0.00018514299999994321 1223
0.00018519800000005304 1224
0.00018522799999987072 1225
0.00018525800000013248 1226
0.0001852630000001021 1225
0.00018528799999995016 1226
0.00018531800000021192 1227
0.00018533200000003802 1228
0.0001853669999998253 1229
0.0001853829999998169 1228
0.00018539700000008708 1229
0.00018542699999990475 1230
0.00018545700000016652 1231
0.0001854869999999842 1232
0.00018550299999997577 1231
0.00018551700000024596 1232
0.00018554700000006363 1233
0.0001855769999998813 1234
0.00018560700000014307 1235
0.00018562300000013465 1234
0.00018566700000022252 1235
0.0001856970000000402 1236
0.00018572699999985787 1237
0.00018574299999984945 1236
0.00018575700000011963 1237
0.0001857869999999373 1238
0.00018580000000012475 1237
0.00018581700000019907 1238
0.00018583499999991204 1239
0.00018584700000001675 1240
0.00018587699999983442 1241
0.0001859070000000962 1242
0.00018591999999983955 1241
0.00018593699999991387 1242
0.00018595100000018405 1243
0.00018598100000000173 1244
0.0001860109999998194 1245
0.00018603999999999843 1244
0.00018608799999997316 1245
0.0001861600000001573 1244
0.00018619200000014047 1245
0.00018621699999998853 1244
0.00018622199999995814 1245
0.0001862520000002199 1246
0.00018628200000003758 1247
0.00018631199999985526 1248
0.0001863370000001474 1247
0.00018634200000011703 1248
0.0001863719999999347 1249
0.00018640200000019647 1250
0.00018643300000009688 1251
0.0001864569999998622 1250
0.00018650599999991968 1251
0.00018657200000005147 1252
0.0001865770000000211 1251
0.0001866650000001968 1252
0.00018669700000017997 1251
0.00018672699999999764 1252
0.00018681699999989476 1251
0.00018687400000017007 1250
0.00018699399999988486 1249
0.00018711400000004375 1248
0.00018714499999994416 1249
0.00018717099999987497 1248
0.00018729100000003385 1247
0.00018741100000019273 1246
0.00018741299999991412 1247
0.00018753099999990752 1246
0.0001876510000000664 1245
0.00018770600000017623 1246
0.00018770799999989762 1245
0.00018774999999982 1246
0.0001878280000000565 1245
0.0001879480000002154 1244
0.00018806799999993018 1243
0.00018818800000008906 1242
0.00018824700000008576 1243
0.00018830800000024794 1242
0.0001883729999998529 1243
0.00018840900000016703 1244
0.00018842799999996274 1243
0.00018854800000012162 1242
0.00018866600000011502 1243
0.0001886679999998364 1242
0.00018867999999994112 1243
0.00018872500000011172 1242
0.0001888449999998265 1241
0.00018888700000019298 1242
0.0001889649999999854 1241
0.00018897300000020323 1242
0.00018902600000014758 1243
0.0001890740000001223 1244
0.00018908500000014428 1243
0.00018920499999985907 1242
0.00018926200000013438 1241
0.00018938199999984917 1240
0.00018950200000000805 1239
0.00018962200000016693 1238
0.00018974199999988173 1237
0.0001898620000000406 1236
0.00018987400000014532 1237
0.000189903999999963 1238
0.0001899820000001995 1237
0.00019010199999991428 1236
0.00019022200000007317 1235
0.00019025299999997358 1236
0.00019034200000023205 1235
0.00019046199999994684 1234
0.00019058200000010572 1233
0.00019067400000016832 1234
0.00019070199999982052 1233
0.0001908219999999794 1232
0.00019094200000013828 1231
0.00019095300000016024 1232
0.00019106199999985307 1231
0.00019118200000001195 1230
0.00019130200000017084 1229
0.00019142199999988563 1228
0.00019149299999998703 1229
0.0001915420000000445 1228
0.00019158000000008002 1229
0.0001916620000002034 1228
0.00019169800000007342 1229
0.00019178199999991818 1228
0.00019179500000010563 1229
0.00019190200000007707 1228
0.0001919099999998508 1229
0.00019202200000023595 1228
0.00019214199999995074 1227
0.0001921860000000386 1228
0.00019226200000010962 1227
0.00019234800000011987 1228
0.00019238199999982442 1227
0.00019246799999983466 1228
0.0001925019999999833 1227
0.00019262200000014218 1226
0.00019274199999985697 1225
0.0001927500000000748 1226
0.0001928229999998976 1227
0.00019286200000001585 1226
0.00019298200000017474 1225
0.00019310199999988953 1224
0.0001932220000000484 1223
0.00019324500000017508 1224
0.00019325900000000118 1225
0.00019330800000005866 1226
0.0001933420000002073 1225
0.00019341100000014322 1226
0.00019346199999992209 1225
0.00019358200000008097 1224
0.00019370200000023985 1223
0.00019382199999995464 1222
0.00019394200000011352 1221
0.00019406199999982832 1220
0.00019406600000015928 1221
0.0001941819999999872 1220
0.00019430200000014608 1219
0.00019442199999986087 1218
0.000194534000000246 1219
0.00019454200000001975 1218
0.0001946469999998257 1219
0.00019466200000017864 1218
0.00019468099999997435 1219
0.00019474999999991027 1220
0.00019478199999989343 1219
0.00019481800000020755 1220
0.00019487000000006915 1221
0.0001949020000000523 1220
0.0001950220000002112 1219
0.00019514199999992599 1218
0.00019526200000008487 1217
0.00019530600000017273 1218
0.00019538200000024375 1217
0.00019550199999995854 1216
0.00019562200000011742 1215
0.00019567000000009216 1216
0.00019574199999983222 1215
0.00019585200000005187 1216
0.0001958619999999911 1215
0.00019598200000014998 1214
0.00019610199999986477 1213
0.00019622200000002366 1212
0.00019627899999985488 1211
0.0001963720000000002 1212
0.00019639900000001376 1211
0.00019651900000017264 1210
0.00019656600000006463 1211
0.00019663899999988743 1210
0.0001967590000000463 1209
0.0001968790000002052 1208
0.00019699899999992 1207
0.0001970110000000247 1208
0.0001970560000001953 1209
0.00019708600000001297 1210
0.00019711599999983065 1211
0.00019711900000007887 1210
0.00019713000000010084 1211
0.00019723599999998953 1212
0.00019723900000023775 1211
0.00019735899999995254 1210
0.00019742000000011473 1211
0.00019747900000011143 1210
0.0001974900000001334 1211
0.00019751999999995107 1212
0.00019753599999994265 1211
0.00019755000000021283 1212
0.0001975800000000305 1213
0.00019760999999984818 1214
0.00019765600000010153 1213
0.000197752000000051 1214
0.00019777599999981632 1213
0.0001977869999998383 1214
0.00019780100000010847 1215
0.0001978959999999752 1214
0.00019800600000019486 1215
0.00019801600000013408 1214
0.0001980819999998218 1215
0.00019813599999984888 1214
0.0001981770000001326 1215
0.00019825600000000776 1214
0.00019828199999993856 1215
0.00019837600000016664 1214
0.00019838500000002313 1215
0.0001984149999998408 1216
0.00019845000000007218 1217
0.00019847999999988986 1218
0.00019849599999988143 1217
0.00019861499999995758 1218
0.00019861600000004032 1217
0.00019862900000022776 1218
0.00019864300000005386 1219
0.00019865699999987996 1220
0.00019867299999987154 1219
0.0001986980000001637 1220
0.00019876499999993413 1221
0.00019879300000003042 1220
0.0001987950000001959 1221
0.00019882500000001357 1222
0.00019885499999983125 1223
0.00019888500000009302 1224
0.0001989130000001893 1223
0.0001990329999999041 1222
0.00019903500000006957 1223
0.00019906499999988725 1224
0.00019915300000006297 1223
0.00019916099999983672 1224
0.00019923699999990774 1225
0.00019927300000022186 1224
0.00019931600000022698 1225
0.00019933000000005308 1226
0.00019939299999993665 1225
0.00019940200000023722 1226
0.00019951300000009553 1225
0.00019952000000023062 1226
0.00019962500000003658 1227
0.0001996330000002544 1226
0.0001996920000002511 1227
0.00019973800000006037 1228
0.0001997529999999692 1227
0.00019976799999987804 1228
0.0001998260000002361 1229
0.00019985600000005377 1230
0.00019986999999987987 1231
0.0001998730000001281 1230
0.00019990799999991538 1231
0.00019993800000017714 1232
0.00019999299999984288 1231
0.00020011300000000176 1230
0.00020016499999986337 1231
0.00020019500000012513 1232
0.00020023300000016064 1231
0.00020024499999982126 1232
0.00020028999999999186 1233
0.00020032000000025363 1234
0.0002003500000000713 1235
0.00020035299999987544 1234
0.00020040500000018113 1235
0.0002004349999999988 1236
0.00020046499999981648 1237
0.00020047300000003432 1236
0.00020050899999990435 1237
0.0002005930000001932 1236
0.00020062699999989775 1237
0.000200712999999908 1236
0.00020075499999983037 1237
0.00020083300000006687 1236
0.0002008500000001412 1237
0.00020092500000012947 1238
0.00020095300000022576 1237
0.00020099000000017853 1238
0.00020107299999994055 1237
0.00020110999999989332 1238
0.00020119300000009943 1237
0.0002012769999999442 1238
0.00020130700000020596 1239
0.0002013130000002583 1238
0.00020133700000002364 1239
0.0002013669999998413 1240
0.00020137000000008953 1239
0.00020139700000010308 1240
0.00020142699999992075 1241
0.00020145700000018252 1242
0.0002014870000000002 1243
0.00020149000000024841 1242
0.00020151699999981787 1243
0.00020154700000007963 1244
0.0002015769999998973 1245
0.00020160700000015908 1246
0.0002016099999999632 1245
0.00020163699999997675 1246
0.00020166700000023852 1247
0.00020166700000023852 1246
0.0002016970000000562 1247
0.00020172400000006974 1246
0.00020172699999987387 1247
0.00020175700000013563 1248
0.0002017869999999533 1249
0.00020181700000021507 1250
0.00020184400000022862 1249
0.00020184700000003275 1250
0.00020187699999985043 1251
0.0002019070000001122 1252
0.0002019639999999434 1251
0.00020196999999999576 1252
0.00020200000000025753 1253
0.0002020300000000752 1254
0.00020205999999989288 1255
0.0002020840000001023 1254
0.00020209000000015465 1255
0.00020211999999997232 1256
0.00020218000000005176 1257
0.00020220399999981709 1256
0.0002022280000000265 1257
0.00020228200000005359 1258
0.00020231199999987126 1259
0.00020232399999997597 1258
0.00020234200000013303 1259
0.00020243200000003014 1260
0.00020244400000013485 1259
0.0002024849999999745 1260
0.00020255499999999316 1261
0.00020256399999984964 1260
0.00020262100000012495 1259
0.0002026499999998599 1260
0.00020268000000012165 1261
0.00020274099999983974 1260
0.00020278999999989722 1261
0.00020279800000011505 1260
0.00020282000000015898 1261
0.00020288500000020804 1262
0.00020291799999982985 1261
0.00020299999999995322 1262
0.00020303799999998873 1261
0.00020305299999989757 1262
0.00020308300000015933 1263
0.000203112999999977 1264
0.0002031580000001476 1263
0.00020316200000003448 1264
0.00020320000000007 1265
0.00020322999999988767 1266
0.00020326000000014943 1267
0.0002032779999998624 1266
0.00020339800000002128 1265
0.0002034499999998829 1266
0.00020348000000014466 1267
0.00020351499999993194 1268
0.00020351800000018017 1267
0.0002035870000001161 1268
0.0002036009999999422 1269
0.0002036250000001516 1270
0.00020363799999989496 1269
0.00020369500000017027 1270
0.00020372499999998794 1271
0.00020375800000005384 1270
0.00020378500000006738 1271
0.00020381499999988506 1272
0.00020382900000015525 1273
0.00020384400000006409 1274
0.00020387800000021272 1273
0.00020388999999987334 1274
0.0002039200000001351 1275
0.00020399799999992752 1274
0.00020410100000001208 1275
0.0002041180000000864 1274
0.00020413099999982975 1275
0.00020422000000008822 1276
0.00020423800000024528 1275
0.0002042499999999059 1276
0.00020435799999996007 1275
0.00020439800000016106 1276
0.00020442799999997874 1277
0.0002044580000002405 1278
0.0002044720000000666 1279
0.00020447800000011895 1278
0.0002044859999998927 1279
0.0002045850000000904 1280
0.00020459799999983375 1279
0.00020464500000016983 1280
0.00020471799999999263 1279
0.00020476800000013284 1280
0.00020479799999995052 1281
0.0002048380000001515 1280
0.0002049579999998663 1279
0.00020507800000002518 1278
0.00020511200000017382 1279
0.0002051820000001925 1280
0.00020519800000018407 1279
0.00020521200000001016 1280
0.00020524299999991058 1281
0.00020529500000021628 1282
0.00020531799999989886 1281
0.00020538000000014378 1282
0.00020539399999996988 1283
0.00020543800000005774 1282
0.00020555800000021662 1281
0.00020567799999993142 1280
0.00020570700000011044 1281
0.0002057980000000903 1280
0.00020581400000008188 1281
0.0002058919999998743 1282
0.00020591800000024918 1281
0.00020592200000013605 1282
0.00020593599999996215 1283
0.00020596600000022391 1284
0.0002059960000000416 1285
0.00020603799999996397 1284
0.00020608499999985597 1285
0.0002061399999999658 1286
0.00020615800000012285 1285
0.00020627799999983765 1284
0.0002063030000001298 1285
0.00020639799999999653 1284
0.00020642700000017555 1285
0.00020645499999982775 1284
0.00020656200000024327 1285
0.00020657499999998663 1284
0.0002065999999998347 1285
0.0002066950000001455 1284
0.0002068149999998603 1283
0.0002069350000000192 1282
0.00020695800000014586 1283
0.00020698299999999392 1284
0.00020705500000017807 1283
0.00020707799999986065 1284
0.000207124000000114 1285
0.00020717499999989286 1284
0.00020729500000005174 1283
0.00020741500000021063 1282
0.00020753499999992542 1281
0.0002075580000000521 1282
0.0002076550000000843 1281
0.00020768700000006746 1282
0.00020777500000024318 1281
0.00020789499999995797 1280
0.0002079620000001725 1281
0.00020801500000011686 1280
0.00020813499999983165 1279
0.00020815799999995832 1280
0.00020825499999999053 1279
0.0002083750000001494 1278
0.00020845199999985908 1279
0.0002084949999998642 1278
0.00020860299999991838 1279
0.0002086150000000231 1278
0.00020870200000011607 1279
0.00020873500000018197 1278
0.00020884800000020576 1279
0.00020885499999989676 1278
0.00020897299999989016 1279
0.00020897500000005564 1278
0.0002090869999999967 1279
0.00020909500000021453 1278
0.00020921499999992932 1277
0.00020923300000008638 1278
0.0002093350000000882 1277
0.0002094129999998806 1278
0.00020945500000024708 1277
0.00020956999999999226 1278
0.00020957499999996188 1277
0.00020964899999986741 1278
0.00020969500000012076 1277
0.00020970799999986411 1278
0.00020975199999995198 1277
0.00020978200000021374 1278
0.00020987200000011086 1277
0.00020999199999982565 1276
0.00021007700000019724 1277
0.00021011199999998453 1276
0.00021023200000014342 1275
0.0002103519999998582 1274
0.00021036799999984979 1275
0.0002104059999998853 1276
0.0002104720000000171 1275
0.00021059200000017597 1274
0.0002106799999999076 1275
0.00021071199999989076 1274
0.00021072600000016095 1275
0.00021083200000004965 1274
0.00021090800000012067 1275
0.00021095200000020853 1274
0.00021107199999992332 1273
0.00021114799999999434 1274
0.0002111920000000822 1273
0.00021131200000024108 1272
0.00021143199999995588 1271
0.00021155200000011476 1270
0.00021167199999982955 1269
0.00021168000000004739 1270
0.00021179199999998843 1269
0.00021184499999993278 1270
0.00021188000000016416 1271
0.00021189399999999026 1272
0.00021191200000014732 1271
0.0002120319999998621 1270
0.00021210799999993313 1271
0.00021212200000020331 1272
0.000212152000000021 1271
0.0002122230000001224 1272
0.00021227200000017987 1271
0.00021227999999995362 1272
0.00021239199999989467 1271
0.00021251200000005355 1270
0.00021263200000021243 1269
0.00021264499999995579 1270
0.00021275199999992722 1269
0.0002128250000001941 1270
0.0002128720000000861 1269
0.00021290299999998652 1270
0.00021299200000024499 1269
0.00021299299999988364 1270
0.00021300700000015382 1271
0.00021303900000013698 1272
0.00021311199999995978 1271
0.0002131479999998298 1272
0.00021316999999987374 1273
0.00021323200000011866 1272
0.000213331999999955 1273
0.00021335199999983345 1272
0.00021340900000010876 1271
0.00021352899999982355 1270
0.00021364299999993008 1271
0.00021364899999998244 1270
0.00021365700000020027 1271
0.00021367100000002637 1272
0.00021369500000023578 1273
0.00021376900000014132 1272
0.00021386400000000805 1273
0.00021387799999983415 1274
0.0002138889999998561 1273
0.00021395999999995752 1274
0.0002139740000002277 1275
0.000214009000000015 1274
0.00021402000000003696 1275
0.0002140659999998462 1276
0.0002140800000001164 1277
0.00021410999999993408 1278
0.00021412900000017387 1277
0.00021424899999988867 1276
0.00021436900000004755 1275
0.00021441800000010502 1276
0.00021442599999987877 1275
0.0002144479999999227 1276
0.00021454600000003765 1275
0.00021464500000023534 1276
0.00021466600000019653 1275
0.00021478599999991133 1274
0.0002149060000000702 1273
0.0002150260000002291 1272
0.00021510000000013463 1273
0.00021514599999994388 1272
0.00021526600000010276 1271
0.0002152899999998681 1272
0.0002153850000001789 1273
0.00021538599999981756 1272
0.00021550599999997644 1271
0.00021556000000000353 1272
0.00021562600000013532 1271
0.0002157459999998501 1270
0.000215866000000009 1269
0.00021592299999984021 1268
0.00021593999999991453 1269
0.00021596699999992808 1270
0.0002160429999999991 1269
0.00021616300000015798 1268
0.0002162199999999892 1267
0.00021629300000025609 1268
0.00021634000000014808 1267
0.00021645999999986287 1266
0.00021658000000002176 1265
0.00021670000000018064 1264
0.00021681999999989543 1263
0.00021682499999986504 1264
0.0002169400000000543 1263
0.0002170600000002132 1262
0.00021717999999992799 1261
0.00021730000000008687 1260
0.00021737199999982693 1261
0.00021742000000024575 1260
0.00021748300000012932 1261
0.00021753999999996054 1260
0.00021766000000011942 1259
0.00021777999999983422 1258
0.00021783700000010953 1257
0.0002178879999998884 1258
0.00021789399999994075 1257
0.00021795100000021606 1258
0.00021801400000009963 1257
0.0002181340000002585 1256
0.0002182539999999733 1255
0.00021837400000013218 1254
0.00021849399999984698 1253
0.00021861400000000586 1252
0.00021873400000016474 1251
0.00021885399999987953 1250
0.00021887900000017169 1251
0.0002189189999999286 1252
0.00021897400000003842 1251
0.00021899899999988648 1252
0.0002190940000001973 1251
0.0002192139999999121 1250
0.00021933400000007097 1249
0.00021945400000022985 1248
0.00021957399999994465 1247
0.00021969400000010353 1246
0.00021981399999981832 1245
0.000219836999999945 1246
0.0002199339999999772 1245
0.00022005400000013609 1244
0.00022017399999985088 1243
0.00022028199999990505 1244
0.00022029400000000976 1243
0.00022037600000013313 1244
0.00022041400000016864 1243
0.00022046899999983438 1244
0.00022053399999988343 1243
0.00022054100000001853 1244
0.0002205709999998362 1245
0.00022060100000009797 1246
0.00022065400000004232 1245
0.0002207740000002012 1244
0.00022081700000020632 1245
0.00022087900000000715 1246
0.000220893999999916 1245
0.00022090899999982483 1246
0.00022101400000007487 1245
0.00022101900000004449 1246
0.00022104899999986216 1247
0.00022107900000012393 1248
0.00022113400000023375 1247
0.00022125399999994855 1246
0.00022137400000010743 1245
0.00022149399999982222 1244
0.0002215360000001887 1245
0.0002216139999999811 1244
0.00022173400000013999 1243
0.0002217600000000708 1244
0.00022185399999985478 1243
0.00022197400000001366 1242
0.00022209400000017254 1241
0.00022221399999988733 1240
0.00022233400000004622 1239
0.00022241100000019998 1240
0.0002224540000002051 1239
0.00022246699999994846 1240
0.0002225739999999199 1239
0.00022269400000007877 1238
0.00022281400000023766 1237
0.00022283099999986788 1238
0.00022293399999995245 1237
0.00022305400000011133 1236
0.00022317399999982612 1235
0.00022325900000019772 1236
0.000223293999999985 1235
0.00022341400000014389 1234
0.00022353399999985868 1233
0.00022356500000020318 1234
0.00022361399999981657 1235
0.00022365400000001756 1236
0.00022365400000001756 1235
0.00022377400000017644 1234
0.00022380700000024234 1235
0.00022383100000000766 1234
0.00022395100000016654 1233
0.00022407099999988134 1232
0.00022410399999994723 1233
0.00022419100000004022 1232
0.0002243110000001991 1231
0.00022438500000010464 1232
0.0002244309999999139 1231
0.00022455100000007278 1230
0.00022467100000023166 1229
0.00022474900000002407 1230
0.00022479099999994645 1229
0.00022491100000010533 1228
0.00022503000000018147 1229
0.00022503099999982012 1228
0.00022505999999999915 1229
0.00022508999999981683 1230
0.000225150999999979 1229
0.0002252710000001379 1228
0.00022538400000016168 1229
0.00022539099999985268 1228
0.00022541399999997935 1229
0.00022551100000001156 1228
0.00022561500000017887 1229
0.00022563100000017045 1228
0.00022564800000024476 1229
0.00022575099999988524 1228
0.00022584400000003058 1229
0.00022587100000004412 1228
0.0002259389999998973 1229
0.000225991000000203 1228
0.00022609600000000896 1229
0.0002261109999999178 1228
0.00022616399999986214 1229
0.00022623100000007668 1228
0.00022635100000023556 1227
0.00022644000000004993 1228
0.00022646400000025935 1229
0.00022647099999995035 1228
0.00022659100000010923 1227
0.00022670900000010263 1228
0.00022671099999982403 1227
0.0002268309999999829 1226
0.00022684400000017035 1227
0.00022688700000017548 1228
0.00022691699999999315 1229
0.0002269510000001418 1228
0.00022695700000019414 1229
0.00022698700000001182 1230
0.00022707099999985658 1229
0.00022719100000001546 1228
0.00022725899999986865 1229
0.00022731100000017435 1228
0.00022737400000005792 1229
0.0002274039999998756 1230
0.00022743099999988914 1229
0.00022755100000004802 1228
0.0002276710000002069 1227
0.00022778800000011756 1228
0.0002277909999999217 1227
0.00022784399999986604 1228
0.00022791100000008058 1227
0.00022803100000023946 1226
0.00022815099999995425 1225
0.00022820800000022956 1224
0.00022821900000025153 1225
0.00022832799999994435 1224
0.00022844400000021636 1225
0.00022844800000010324 1224
0.00022856799999981803 1223
0.00022859400000019292 1224
0.0002286640000002116 1225
0.0002286879999999769 1224
0.0002287939999998656 1225
0.0002288080000001358 1224
0.00022884899999997543 1225
0.00022892799999985058 1224
0.00022898400000004315 1225
0.00022899799999986925 1226
0.00022902800000013102 1227
0.00022904800000000947 1226
0.0002290889999998491 1227
0.00022916800000016835 1226
0.00022921500000006034 1227
0.00022928799999988314 1226
0.00022940800000004202 1225
0.00022942000000014673 1226
0.0002295280000002009 1225
0.0002296479999999157 1224
0.00022976800000007458 1223
0.00022988800000023346 1222
0.00023000799999994825 1221
0.00023012800000010714 1220
0.00023024799999982193 1219
0.0002303679999999808 1218
0.0002304880000001397 1217
0.00023050400000013127 1218
0.00023060799999985448 1217
0.00023072800000001337 1216
0.00023084800000017225 1215
0.00023096799999988704 1214
0.00023108800000004592 1213
0.000231142000000073 1214
0.0002312080000002048 1213
0.0002313279999999196 1212
0.00023144800000007848 1211
0.00023156800000023736 1210
0.00023163600000009055 1211
0.00023168799999995215 1210
0.00023180800000011104 1209
0.00023183500000012458 1210
0.00023186499999994226 1211
0.00023192799999982583 1210
0.0002320479999999847 1209
0.00023216200000009124 1210
0.0002321680000001436 1209
0.00023219199999990892 1210
0.00023224300000013187 1211
0.00023228799999985839 1210
0.00023240800000001727 1209
0.00023245499999990926 1210
0.00023252800000017615 1209
0.00023264799999989094 1208
0.00023276800000004982 1207
0.0002328880000002087 1206
0.00023289999999986932 1207
0.0002330079999999235 1206
0.00023312800000008238 1205
0.00023315100000020905 1206
0.00023324800000024126 1205
0.00023336799999995606 1204
0.00023348800000011494 1203
0.00023360799999982973 1202
0.0002337279999999886 1201
0.0002338480000001475 1200
0.00023396799999986229 1199
0.00023408800000002117 1198
0.00023415599999987435 1199
0.00023420800000018005 1198
0.00023426000000004166 1199
0.00023432799999989484 1198
0.00023444800000005372 1197
0.0002345680000002126 1196
0.0002346879999999274 1195
0.00023480800000008628 1194
0.00023492800000024516 1193
0.00023504799999995996 1192
0.0002350730000002521 1193
0.00023510300000006978 1194
0.00023516800000011884 1193
0.00023528799999983363 1192
0.0002354079999999925 1191
0.0002355280000001514 1190
0.0002356479999998662 1189
0.00023576800000002507 1188
0.00023588800000018395 1187
0.00023600799999989874 1186
0.00023612800000005763 1185
0.0002362480000002165 1184
0.0002363679999999313 1183
0.00023640499999988407 1184
0.00023648800000009018 1183
0.0002365000000001949 1184
0.00023660800000024906 1183
0.00023672799999996386 1182
0.0002367930000000129 1183
0.00023684800000012274 1182
0.00023696799999983753 1181
0.00023697999999994224 1182
0.0002370879999999964 1181
0.0002372080000001553 1180
0.0002373279999998701 1179
0.00023744800000002897 1178
0.00023753100000023508 1179
0.00023756800000018785 1178
0.00023768799999990264 1177
0.00023780800000006153 1176
0.0002379280000002204 1175
0.0002380479999999352 1174
0.00023816800000009408 1173
0.00023828800000025296 1172
0.00023840799999996776 1171
0.00023842200000023794 1172
0.00023852800000012664 1171
0.00023864799999984143 1170
0.0002387680000000003 1169
0.0002388880000001592 1168
0.000239007999999874 1167
0.0002390650000001493 1166
0.0002391849999998641 1165
0.00023930500000002297 1164
0.00023942500000018185 1163
0.00023954499999989665 1162
0.00023966500000005553 1161
0.0002397850000002144 1160
0.0002399049999999292 1159
0.00024002500000008808 1158
0.0002401029999998805 1159
0.00024014500000024697 1158
0.00024026499999996176 1157
0.00024038500000012064 1156
0.00024050499999983543 1155
0.00024062499999999432 1154
0.0002407450000001532 1153
0.00024074799999995733 1154
0.0002408160000002546 1155
0.000240864999999868 1154
0.00024098500000002687 1153
0.00024110500000018575 1152
0.00024122499999990055 1151
0.00024134500000005943 1150
0.0002414650000002183 1149
0.0002415849999999331 1148
0.00024170500000009199 1147
0.00024179100000010223 1148
0.00024180499999992833 1149
0.00024182500000025087 1148
0.00024194499999996566 1147
0.00024206500000012454 1146
0.00024218499999983933 1145
0.00024230499999999822 1144
0.0002424250000001571 1143
0.0002425449999998719 1142
0.00024266500000003077 1141
0.0002426959999999312 1142
0.00024278500000018965 1141
0.00024290499999990445 1140
0.00024302500000006333 1139
0.0002431450000002222 1138
0.000243264999999937 1137
0.00024331100000019035 1138
0.00024338500000009589 1137
0.00024350500000025477 1136
0.00024362499999996956 1135
0.00024374500000012844 1134
0.00024386499999984323 1133
0.00024393599999994464 1134
0.00024398500000000212 1133
0.000244105000000161 1132
0.0002442249999998758 1131
0.0002443450000000347 1130
0.00024446500000019356 1129
0.00024458499999990835 1128
0.00024470500000006723 1127
0.0002448250000002261 1126
0.0002449449999999409 1125
0.0002450650000000998 1124
0.00024518500000025867 1123
0.0002451880000000628 1124
0.0002452019999998889 1125
0.00024530499999997346 1124
0.00024542500000013234 1123
0.00024554499999984714 1122
0.000245665000000006 1121
0.0002457850000001649 1120
0.0002458530000000181 1121
0.0002459049999998797 1120
0.0002460250000000386 1119
0.00024614500000019746 1118
0.0002461480000000016 1119
0.00024626499999991225 1118
0.00024638500000007113 1117
0.00024650500000023 1116
0.0002466249999999448 1115
0.00024663599999996677 1116
0.0002467450000001037 1115
0.0002468649999998185 1114
0.00024698499999997736 1113
0.0002469930000001952 1114
0.00024710500000013624 1113
0.00024722499999985104 1112
0.0002473450000000099 1111
0.0002474650000001688 1110
0.0002475849999998836 1109
0.0002477050000000425 1108
0.0002477619999998737 1107
0.0002477910000000527 1108
0.0002478820000000326 1107
0.00024800200000019146 1106
0.00024812199999990625 1105
0.00024824200000006513 1104
0.0002482879999998744 1105
0.000248362000000224 1104
0.00024841900000005523 1103
0.0002485390000002141 1102
0.0002485500000002361 1103
0.0002486589999999289 1102
0.00024875900000020934 1103
0.0002487790000000878 1102
0.0002488990000002467 1101
0.00024901899999996147 1100
0.00024913900000012035 1099
0.00024925899999983514 1098
0.000249378999999994 1097
0.00024943599999982524 1096
0.0002495559999999841 1095
0.0002496050000000416 1096
0.000249676000000143 1095
0.0002497959999998578 1094
0.0002499160000000167 1093
0.0002499569999998563 1094
0.00025003600000017556 1093
0.00025015599999989035 1092
0.00025016799999999506 1093
0.00025017000000016054 1094
0.00025027600000004924 1093
0.00025034700000015064 1094
0.0002503960000002081 1093
0.0002505159999999229 1092
0.0002506360000000818 1091
0.0002507560000002407 1090
0.000250826999999898 1091
0.00025087599999995547 1090
0.00025099600000011435 1089
0.00025111599999982914 1088
0.000251124000000047 1089
0.00025116099999999975 1090
0.00025117300000010445 1089
0.00025129299999981924 1088
0.0002514129999999781 1087
0.000251533000000137 1086
0.00025154099999991075 1087
0.0002516529999998518 1086
0.0002517730000000107 1085
0.0002518299999998419 1084
0.0002519500000000008 1083
0.00025207000000015967 1082
0.00025218999999987446 1081
0.00025231000000003334 1080
0.00025242400000013987 1081
0.0002524300000001922 1080
0.00025245399999995755 1081
0.000252549999999907 1080
0.0002526390000001655 1081
0.0002526700000000659 1080
0.00025272300000001025 1081
0.0002527900000002248 1080
0.00025280799999993775 1081
0.0002528380000001995 1082
0.00025287900000003916 1083
0.00025290999999993957 1082
0.0002529529999999447 1083
0.00025298300000020646 1084
0.00025303000000009845 1083
0.00025315000000025734 1082
0.00025326999999997213 1081
0.0002533050000002035 1082
0.00025332700000024744 1081
0.00025341899999986595 1082
0.00025344699999996223 1081
0.000253513000000094 1082
0.0002535670000001211 1081
0.000253600000000187 1082
0.0002536869999998359 1081
0.0002537440000001112 1080
0.00025377299999984615 1081
0.000253863999999826 1080
0.0002539839999999849 1079
0.0002540030000002247 1080
0.0002540409999998161 1079
0.000254160999999975 1078
0.0002541680000001101 1079
0.00025419799999992776 1080
0.0002542280000001895 1081
0.0002542580000000072 1082
0.00025428100000013387 1081
0.00025440099999984866 1080
0.0002544160000002016 1081
0.00025444600000001927 1082
0.00025447599999983694 1083
0.00025450000000004636 1084
0.00025452100000000755 1083
0.0002545459999998556 1084
0.0002545600000001258 1085
0.00025464100000016643 1084
0.0002547609999998812 1083
0.00025486600000013127 1084
0.0002548810000000401 1083
0.00025490800000005365 1084
0.0002549709999999372 1085
0.000255001000000199 1084
0.0002550129999998596 1085
0.00025504300000012137 1086
0.00025507299999993904 1087
0.0002551209999999138 1086
0.00025524100000007266 1085
0.00025528299999999504 1086
0.00025536100000023154 1085
0.00025539899999982296 1086
0.00025548099999994633 1085
0.0002555339999998907 1086
0.00025556400000015245 1087
0.00025557799999997854 1088
0.0002556010000001052 1087
0.00025563300000008837 1088
0.00025568399999986724 1089
0.000255714000000129 1090
0.00025572099999982 1089
0.0002557780000000953 1088
0.00025579300000000416 1089
0.00025582299999982183 1090
0.0002558530000000836 1091
0.0002558980000002542 1090
0.00025593500000020697 1091
0.000256017999999969 1090
0.0002561380000001279 1089
0.0002562379999999642 1090
0.00025625799999984267 1089
0.0002563129999999525 1090
0.00025637800000000155 1091
0.00025637800000000155 1090
0.00025639199999982765 1091
0.00025649800000016043 1092
0.00025649800000016043 1091
0.00025655499999999165 1090
0.00025657599999995284 1091
0.00025666800000001544 1092
0.00025667500000015053 1091
0.0002566979999998331 1092
0.0002567280000000949 1093
0.00025676299999988217 1094
0.0002567949999998653 1093
0.00025679800000011355 1094
0.00025684800000025376 1095
0.00025687800000007144 1096
0.0002569079999998891 1097
0.0002569150000000242 1096
0.0002569380000001509 1097
0.00025696799999996855 1098
0.0002569980000002303 1099
0.000257028000000048 1100
0.0002570350000001831 1099
0.00025705799999986567 1100
0.00025708800000012744 1101
0.00025710199999995353 1102
0.0002571320000002153 1103
0.0002571549999998979 1102
0.000257162000000033 1103
0.00025719199999985065 1104
0.00025720600000012084 1105
0.0002572359999999385 1106
0.0002572660000002003 1107
0.00025727500000005676 1106
0.0002573579999998188 1107
0.000257372000000089 1108
0.00025739500000021565 1107
0.00025743800000022077 1108
0.00025746800000003844 1109
0.00025748199999986454 1110
0.0002575120000001263 1111
0.00025751499999993044 1110
0.0002575679999998748 1111
0.00025759800000013655 1112
0.00025761199999996265 1113
0.0002576350000000893 1112
0.0002576420000002244 1113
0.0002577550000002482 1112
0.0002578730000002416 1113
0.000257874999999963 1112
0.0002579429999998162 1113
0.0002579950000001219 1112
0.0002580120000001962 1113
0.00025804200000001387 1114
0.00025805599999983997 1115
0.00025811499999983667 1114
0.00025823499999999555 1113
0.00025827300000003106 1114
0.00025835500000015443 1113
0.00025838800000022033 1114
0.00025844299999988607 1115
0.0002584749999998692 1114
0.000258587999999893 1115
0.0002585950000000281 1114
0.0002586180000001548 1115
0.000258715000000187 1114
0.00025872799999993035 1115
0.0002587580000001921 1116
0.0002588349999999018 1115
0.00025883800000015 1116
0.00025890300000019906 1117
0.00025895500000006066 1116
0.00025897800000018734 1117
0.0002590239999999966 1118
0.00025907500000021955 1117
0.0002590829999999933 1118
0.00025911300000025506 1119
0.0002591729999998904 1120
0.0002591870000001606 1121
0.00025919499999993434 1120
0.0002592680000002012 1121
0.0002592820000000273 1122
0.0002593150000000932 1121
0.00025932299999986697 1122
0.00025936300000006796 1123
0.0002593950000000511 1124
0.0002594350000002521 1123
0.00025948300000022684 1124
0.0002595130000000445 1125
0.0002595429999998622 1126
0.0002595549999999669 1125
0.00025957300000012395 1126
0.00025960799999991124 1127
0.0002596750000001258 1126
0.00025971900000021364 1127
0.00025979499999984057 1126
0.0002598030000000584 1127
0.00025987500000024255 1128
0.00025989600000020374 1129
0.00025991499999999945 1128
0.0002599260000000214 1129
0.0002599729999999134 1130
0.00026003299999999285 1131
0.00026003500000015833 1130
0.0002601289999999423 1131
0.0002601430000002125 1132
0.0002601549999998731 1131
0.00026017500000019567 1132
0.000260234999999831 1133
0.000260275000000032 1132
0.0002602980000001587 1133
0.0002603759999999511 1134
0.0002603950000001909 1133
0.00026047000000017917 1134
0.0002605149999999057 1133
0.0002605159999999884 1134
0.0002605930000001422 1135
0.00026063500000006457 1134
0.0002606830000000393 1135
0.00026075500000022345 1134
0.0002607679999999668 1135
0.00026087499999993824 1134
0.0002609950000000971 1133
0.00026101200000017144 1134
0.000261115000000256 1133
0.00026111800000006014 1134
0.0002611529999998474 1135
0.00026117999999986097 1136
0.00026118900000016154 1137
0.0002612349999999708 1136
0.00026130899999987633 1137
0.0002613550000001297 1136
0.00026143400000000483 1137
0.00026147499999984447 1136
0.00026150299999994076 1137
0.00026151700000021094 1138
0.00026159500000000335 1137
0.00026171500000016223 1136
0.0002618230000002164 1137
0.00026183499999987703 1136
0.000261845999999899 1137
0.0002618999999999261 1138
0.0002619550000000359 1137
0.0002619660000000579 1138
0.00026204999999990264 1139
0.0002620750000001948 1138
0.00026208600000021676 1139
0.0002621700000000615 1140
0.0002621949999999096 1139
0.00026220599999993155 1140
0.00026231500000006847 1139
0.00026232700000017317 1140
0.00026241800000015303 1141
0.00026243500000022735 1140
0.0002624460000002493 1141
0.00026249200000005857 1140
0.0002625659999999641 1141
0.00026261200000021745 1142
0.00026261200000021745 1141
0.0002626420000000351 1142
0.0002627030000001973 1143
0.0002627170000000234 1144
0.00026273199999993224 1143
0.0002627469999998411 1144
0.0002628520000000911 1143
0.00026287400000013506 1144
0.00026288799999996115 1145
0.0002629290000002449 1146
0.000262943000000071 1147
0.00026297200000025 1146
0.00026298499999999336 1147
0.00026304600000015554 1148
0.0002630919999999648 1147
0.00026313800000021814 1148
0.0002632120000001237 1147
0.00026322300000014565 1148
0.00026327299999984177 1149
0.0002633319999998385 1148
0.00026345199999999735 1147
0.0002634630000000193 1148
0.00026357200000015624 1147
0.00026362899999998746 1146
0.0002636649999998575 1147
0.000263702999999893 1148
0.00026374900000014634 1147
0.00026375199999995047 1148
0.00026376600000022066 1149
0.00026380599999997756 1148
0.0002638230000000519 1149
0.000263836999999878 1150
0.00026385100000014816 1151
0.00026391000000014486 1152
0.00026392600000013644 1151
0.000264000000000042 1152
0.00026404599999985123 1151
0.0002641660000000101 1150
0.000264286000000169 1149
0.00026436000000007454 1150
0.0002644059999998838 1151
0.0002644059999998838 1150
0.00026452600000004267 1149
0.00026464600000020155 1148
0.0002646730000002151 1149
0.0002647200000001071 1150
0.00026476599999991635 1149
0.00026482499999991305 1150
0.0002648399999998219 1151
0.00026488600000007523 1150
0.00026495999999998077 1151
0.0002650060000002341 1150
0.00026508000000013965 1151
0.0002651259999999489 1150
0.00026516299999990167 1151
0.000265179999999976 1152
0.00026519999999985444 1153
0.0002652460000001078 1152
0.0002653659999998226 1151
0.00026541300000015866 1152
0.0002654400000001722 1153
0.00026548599999998146 1152
0.00026551400000007774 1153
0.000265559999999887 1154
0.00026560600000014034 1153
0.00026563900000020624 1154
0.0002657059999999767 1155
0.00026572599999985513 1154
0.0002657980000000393 1155
0.0002658119999998654 1156
0.000265846000000014 1155
0.00026589899999995836 1156
0.0002659660000001729 1155
0.0002660859999998877 1154
0.0002661600000002373 1155
0.00026620600000004657 1154
0.0002662799999999521 1155
0.00026632600000020545 1154
0.000266400000000111 1155
0.00026644599999992025 1154
0.00026646500000016005 1155
0.0002664949999999777 1156
0.0002665199999998258 1157
0.00026656600000007913 1156
0.00026663999999998467 1157
0.000266686000000238 1156
0.0002668059999999528 1155
0.00026687999999985834 1156
0.0002669260000001117 1155
0.0002670459999998265 1154
0.00026705500000012705 1155
0.0002671200000001761 1156
0.00026716599999998536 1155
0.0002672399999998909 1156
0.00026728600000014424 1155
0.00026734299999997546 1154
0.0002673600000000498 1155
0.00026746300000013434 1154
0.00026748000000020866 1155
0.00026758299999984914 1154
0.00026759999999992345 1155
0.000267703000000008 1154
0.00026772000000008234 1155
0.0002678070000001753 1156
0.0002678230000001669 1155
0.0002678400000002412 1156
0.0002678799999999981 1155
0.000267959999999956 1156
0.000268000000000157 1155
0.0002680800000001149 1156
0.0002681199999998718 1155
0.0002682400000000307 1154
0.00026831999999998857 1155
0.00026836000000018956 1154
0.00026847999999990435 1153
0.00026855999999986224 1154
0.00026860000000006323 1153
0.0002686440000001511 1154
0.0002686800000000211 1155
0.0002687200000002221 1154
0.00026880000000018 1155
0.0002688399999999369 1154
0.0002689199999998948 1155
0.0002689600000000958 1154
0.0002690400000000537 1155
0.00026908000000025467 1154
0.00026916000000021256 1155
0.00026919999999996946 1154
0.00026927999999992736 1155
0.00026932000000012835 1154
0.00026940000000008624 1155
0.00026943999999984314 1154
0.0002695200000002451 1155
0.000269560000000002 1154
0.0002696399999999599 1155
0.0002696800000001609 1154
0.0002697600000001188 1155
0.0002697999999998757 1154
0.0002699200000000346 1153
0.0002699370000001089 1154
0.00027004000000019346 1153
0.0002700569999998237 1154
0.0002700970000000247 1153
0.00027017699999998257 1154
0.00027021700000018356 1153
0.00027029700000014145 1154
0.00027033699999989835 1153
0.00027039400000017366 1152
0.00027041699999985624 1153
0.0002705029999998665 1154
0.00027051399999988845 1153
0.00027063400000004734 1152
0.000270657000000174 1153
0.0002707540000002062 1152
0.0002707769999998888 1153
0.000270873999999921 1152
0.0002708970000000477 1153
0.0002709310000001963 1152
0.0002710509999999111 1151
0.0002711080000001864 1150
0.00027116500000001764 1149
0.00027122199999984886 1148
0.0002712510000000279 1149
0.00027134200000000774 1148
0.00027137100000018677 1149
0.00027139899999983896 1148
0.00027149099999990156 1149
0.00027151899999999785 1148
0.00027157599999982907 1147
0.00027161100000006044 1148
0.0002716330000001044 1147
0.0002717310000002193 1148
0.00027175299999981917 1147
0.0002717770000000286 1148
0.0002718509999999341 1149
0.00027187299999997805 1148
0.00027193000000025336 1147
0.000271971000000093 1148
0.00027204999999996815 1147
0.0002720910000002519 1148
0.00027217000000012703 1147
0.00027222699999995825 1146
0.00027228400000023356 1145
0.00027233100000012556 1146
0.00027240399999994835 1145
0.00027252400000010724 1144
0.00027257099999999923 1145
0.00027258099999993846 1144
0.0002726910000001581 1145
0.00027270100000009734 1144
0.0002728109999998729 1145
0.0002728210000002562 1144
0.00027287800000008744 1143
0.0002729310000000318 1144
0.00027293499999991866 1143
0.00027305100000019067 1144
0.00027305500000007754 1143
0.00027317099999990546 1144
0.0002731750000002364 1143
0.00027323200000006764 1142
0.00027328899999989886 1141
0.00027329100000006434 1142
0.00027340900000005774 1141
0.0002734110000002232 1142
0.0002735290000002166 1141
0.000273530999999938 1142
0.00027358100000007823 1143
0.0002736489999999314 1142
0.0002736510000000969 1143
0.00027370600000020673 1142
0.00027376300000003795 1141
0.0002737710000002558 1142
0.00027381999999986917 1141
0.0002738909999999706 1142
0.00027394000000002805 1141
0.00027399699999985927 1140
0.00027401100000012946 1141
0.0002740540000001346 1140
0.0002741109999999658 1139
0.00027414799999991857 1140
0.00027416200000018875 1141
0.0002742310000001247 1140
0.00027425100000000313 1141
0.0002743509999998395 1140
0.000274371000000162 1141
0.0002744080000001148 1140
0.000274464999999946 1139
0.0002744909999998768 1140
0.0002745220000002213 1139
0.0002746110000000357 1140
0.0002746419999999361 1139
0.000274762000000095 1138
0.0002747880000000258 1139
0.00027488200000025387 1138
0.00027490800000018467 1139
0.0002749390000000851 1138
0.0002749959999999163 1137
0.00027502799999989946 1138
0.0002750530000001916 1137
0.00027514800000005835 1138
0.0002751729999999064 1137
0.0002752300000001817 1136
0.00027528700000001294 1135
0.00027532500000004845 1136
0.0002754070000001718 1135
0.00027544500000020733 1136
0.00027546400000000304 1135
0.0002755200000001956 1136
0.0002755649999999221 1137
0.0002755840000001619 1136
0.00027564099999999314 1135
0.000275685000000081 1136
0.00027569799999982436 1135
0.0002758050000002399 1136
0.00027581799999998324 1135
0.00027587500000025855 1134
0.0002759249999999547 1135
0.00027593200000008977 1134
0.000275988999999921 1133
0.00027604500000011356 1134
0.0002760460000001963 1133
0.00027616499999982835 1134
0.0002761659999999111 1133
0.0002762230000001864 1132
0.0002762800000000176 1131
0.00027628499999998724 1132
0.0002764000000001765 1131
0.0002764050000001461 1132
0.0002764570000000077 1131
0.00027651399999983894 1130
0.0002765249999998609 1131
0.00027657100000011425 1130
0.0002766450000000198 1131
0.00027669099999982905 1130
0.0002767650000001787 1131
0.00027681099999998793 1130
0.0002769310000001468 1129
0.00027698799999997803 1128
0.00027700500000005235 1129
0.0002771080000001369 1128
0.00027712500000021123 1129
0.0002772279999998517 1128
0.000277244999999926 1129
0.000277285000000127 1128
0.00027734199999995823 1127
0.0002774620000001171 1126
0.00027751899999994833 1125
0.000277542000000075 1126
0.0002776380000000245 1127
0.0002776390000001072 1126
0.0002776620000002339 1127
0.00027769599999993844 1126
0.00027775300000021375 1125
0.000277839000000224 1126
0.00027787299999992854 1125
0.0002779589999999388 1126
0.0002779930000000874 1125
0.00027807900000009766 1126
0.0002781130000002463 1125
0.0002781530000000032 1126
0.0002781700000000775 1125
0.00027819900000025655 1126
0.00027822699999990874 1125
0.0002783470000000676 1124
0.00027840399999989884 1123
0.0002785240000000577 1122
0.00027857599999991933 1123
0.00027858099999988895 1122
0.00027870100000004783 1121
0.00027875799999987905 1120
0.0002788439999998893 1121
0.00027887800000003793 1120
0.00027893499999986915 1119
0.00027905500000002803 1118
0.00027911199999985925 1117
0.00027923200000001813 1116
0.000279276000000106 1117
0.000279352000000177 1116
0.00027938099999991195 1117
0.0002794719999998918 1116
0.0002795920000000507 1115
0.00027965700000009974 1116
0.00027971200000020957 1115
0.0002797690000000408 1114
0.000279825999999872 1113
0.0002798489999999987 1114
0.0002798830000001473 1113
0.0002800029999998621 1112
0.0002800600000001374 1111
0.00028011699999996864 1110
0.0002802370000001275 1109
0.0002803020000001766 1110
0.0002803569999998423 1109
0.0002804140000001176 1108
0.0002805339999998324 1107
0.0002806539999999913 1106
0.0002807109999998225 1105
0.0002807339999999492 1106
0.0002808309999999814 1105
0.00028085400000010807 1106
0.0002809510000001403 1105
0.00028097399999982287 1106
0.0002810709999998551 1105
0.0002811280000001304 1104
0.0002812479999998452 1103
0.00028136800000000406 1102
0.0002814249999998353 1101
0.00028154499999999416 1100
0.0002815560000000161 1101
0.00028165599999985247 1102
0.00028166500000015304 1101
0.000281676000000175 1102
0.00028178499999986784 1101
0.0002817909999999202 1102
0.0002819050000000267 1101
0.00028196199999985794 1100
0.0002820820000000168 1099
0.00028213899999984804 1098
0.0002822070000001453 1099
0.0002822590000000069 1098
0.00028230699999998166 1099
0.0002823790000001658 1098
0.0002824989999998806 1097
0.0002826190000000395 1096
0.00028266300000012734 1097
0.0002826759999998707 1096
0.0002827960000000296 1095
0.0002828529999998608 1094
0.0002829730000000197 1093
0.00028298199999987617 1094
0.0002830299999998509 1093
0.0002830870000001262 1092
0.000283206999999841 1091
0.0002832640000001163 1090
0.0002833839999998311 1089
0.00028350399999999 1088
0.0002835609999998212 1087
0.0002835850000000306 1088
0.0002836579999998534 1089
0.0002836809999999801 1088
0.00028372500000006795 1089
0.00028380100000013897 1088
0.0002838579999999702 1087
0.0002839500000000328 1088
0.00028397800000012907 1087
0.00028403200000015616 1088
0.0002840349999999603 1087
0.00028404599999998226 1088
0.0002841550000001192 1087
0.00028425600000003826 1088
0.00028427499999983397 1087
0.00028439499999999285 1086
0.00028443300000002836 1087
0.00028445199999982407 1086
0.00028457199999998295 1087
0.00028457199999998295 1086
0.00028469200000014183 1085
0.00028474899999997305 1084
0.00028478700000000856 1085
0.00028486900000013193 1084
0.00028496399999999866 1085
0.0002849889999998467 1084
0.00028504600000012204 1083
0.00028516599999983683 1082
0.00028522300000011214 1081
0.00028527999999994336 1080
0.00028540000000010224 1079
0.0002854289999998372 1080
0.00028545699999993346 1079
0.00028551400000020877 1078
0.00028563399999992356 1077
0.00028569100000019887 1076
0.00028581099999991366 1075
0.00028584899999994917 1076
0.00028586800000018897 1075
0.0002859250000000202 1074
0.00028604500000017907 1073
0.00028614299999984993 1074
0.00028616499999989387 1073
0.0002862029999999294 1074
0.0002862220000001692 1073
0.00028630200000012707 1074
0.00028634199999988397 1073
0.00028646200000004285 1072
0.00028658200000020173 1071
0.0002867019999999165 1070
0.0002868220000000754 1069
0.0002868789999999066 1068
0.00028691699999994213 1069
0.00028693600000018193 1068
0.000287037000000101 1069
0.0002870559999998967 1068
0.0002871760000000556 1067
0.00028722400000003034 1068
0.00028727400000017056 1069
0.0002872960000002145 1068
0.00028732800000019765 1069
0.0002873530000000457 1068
0.0002874730000002046 1067
0.00028751400000004423 1068
0.0002875929999999194 1067
0.00028760600000010683 1068
0.00028771300000007827 1067
0.0002877699999999095 1066
0.00028789000000006837 1065
0.00028790100000009033 1066
0.000287930999999908 1067
0.0002879469999998996 1066
0.00028806700000005847 1065
0.00028818700000021735 1064
0.00028824100000024444 1065
0.00028830699999993215 1064
0.00028836400000020745 1063
0.0002884210000000387 1062
0.00028854100000019756 1061
0.00028866099999991235 1060
0.0002886929999998955 1061
0.00028878100000007123 1060
0.0002889010000002301 1059
0.0002890209999999449 1060
0.0002890209999999449 1059
0.0002890780000002202 1058
0.00028909800000009866 1059
0.000289197999999935 1058
0.00028922999999991816 1059
0.0002893180000000939 1058
0.0002893749999999251 1057
0.00028940699999990827 1058
0.000289495000000084 1057
0.00028961500000024287 1056
0.00028973499999995767 1055
0.00028985500000011655 1054
0.0002898839999998515 1055
0.00028991199999994777 1054
0.00028998500000021465 1055
0.00029003200000010665 1054
0.00029014100000024357 1055
0.00029015199999982144 1054
0.0002902719999999803 1053
0.0002902910000002201 1054
0.0002903920000001392 1053
0.0002904489999999704 1052
0.00029050600000024573 1051
0.00029053200000017654 1052
0.00029056300000007695 1051
0.00029068300000023584 1050
0.0002907009999999488 1051
0.00029080299999995063 1050
0.0002908569999999777 1051
0.00029086000000022594 1050
0.00029097999999994073 1049
0.00029100599999987153 1050
0.0002911000000000996 1049
0.0002911230000002263 1050
0.00029115699999993083 1049
0.0002912369999998887 1050
0.0002912770000000897 1049
0.00029133399999992093 1048
0.00029139100000019624 1047
0.00029144800000002746 1046
0.0002915049999998587 1045
0.00029152099999985026 1046
0.00029162500000001756 1045
0.00029165099999994837 1046
0.0002917199999998843 1047
0.00029174500000017645 1046
0.0002918410000001259 1047
0.00029186499999989124 1046
0.00029192200000016655 1045
0.00029194599999993187 1046
0.00029204199999988134 1045
0.00029207100000006037 1046
0.00029209900000015665 1045
0.00029221899999987144 1044
0.00029227600000014675 1043
0.0002922910000000556 1044
0.00029239599999986154 1043
0.0002925160000000204 1042
0.0002926169999999395 1043
0.0002926360000001793 1042
0.00029269300000001053 1041
0.0002928130000001694 1040
0.0002929329999998842 1039
0.0002929590000002591 1040
0.0002929900000001595 1039
0.00029304699999999073 1038
0.0002931670000001496 1037
0.0002932869999998644 1036
0.0002933440000001397 1035
0.0002933949999999186 1036
0.0002934360000002023 1037
0.0002934639999998545 1036
0.0002934900000002294 1037
0.0002935559999999171 1038
0.0002935840000000134 1037
0.00029360000000000497 1038
0.000293676000000076 1039
0.00029370400000017227 1038
0.0002937610000000035 1037
0.00029379600000023487 1038
0.0002938810000001624 1037
0.00029400099999987717 1036
0.00029412100000003605 1035
0.00029414699999996685 1036
0.00029421300000009865 1037
0.00029424100000019493 1036
0.0002943609999999097 1035
0.0002944810000000686 1034
0.0002946010000002275 1033
0.00029462100000010594 1034
0.0002946580000000587 1033
0.0002947780000002176 1032
0.0002948350000000488 1031
0.00029489199999988003 1030
0.0002949180000002549 1031
0.000294932000000081 1032
0.00029494900000015534 1031
0.00029504600000018755 1032
0.00029506899999987013 1031
0.000295189000000029 1030
0.00029524599999986023 1029
0.00029530300000013554 1028
0.00029535999999996676 1027
0.00029548000000012564 1026
0.0002955120000001088 1027
0.00029559999999984043 1026
0.0002957199999999993 1025
0.00029577699999983054 1024
0.0002958969999999894 1023
0.0002960149999999828 1024
0.0002960170000001483 1023
0.0002960739999999795 1022
0.00029609399999985797 1023
0.00029613100000025483 1022
0.00029618800000008605 1021
0.00029630800000024493 1020
0.00029634599999983635 1021
0.0002964279999999597 1020
0.0002965200000000223 1021
0.0002965480000001186 1020
0.0002966049999999498 1019
0.0002966350000002116 1020
0.00029666200000022513 1019
0.00029678199999993993 1018
0.00029681999999997544 1019
0.0002969020000000988 1018
0.0002969369999998861 1019
0.0002969510000001563 1020
0.00029695899999993003 1019
0.0002970790000000889 1018
0.00029708000000017165 1019
0.00029713599999992013 1018
0.0002971500000001903 1019
0.000297180000000008 1020
0.00029719300000019544 1019
0.00029725000000002666 1018
0.00029737000000018554 1017
0.00029748999999990033 1016
0.00029754700000017564 1015
0.00029766699999989044 1014
0.00029771700000003065 1015
0.0002977870000000493 1014
0.00029784399999988054 1013
0.0002979640000000394 1012
0.0002980080000001273 1013
0.00029802099999987064 1012
0.0002981410000000295 1011
0.00029819799999986074 1010
0.00029825500000013605 1009
0.0002983049999998322 1010
0.00029837499999985084 1009
0.0002984399999998999 1010
0.0002984950000000097 1009
0.00029855199999984094 1008
0.00029860199999998116 1009
0.0002986719999999998 1008
0.00029872899999983105 1007
0.0002987729999999189 1008
0.00029878600000010636 1007
0.00029890599999982115 1006
0.00029902599999998003 1005
0.0002991460000001389 1004
0.0002991900000002268 1005
0.0002992659999998537 1004
0.00029929600000011547 1005
0.000299323000000129 1004
0.0002994429999998438 1003
0.0002995630000000027 1002
0.0002996199999998339 1001
0.0002997210000001971 1002
0.0002997399999999928 1001
0.00029984099999991187 1002
0.00029986000000015167 1001
0.00029997999999986646 1000
0.00030010000000002535 999
0.00030013800000006086 1000
0.00030022000000018423 999
0.000300339999999899 998
0.00030039700000017433 997
0.00030049200000004106 998
0.0003005169999998891 997
0.000300637000000048 996
0.0003007570000002069 995
0.0003007919999999942 996
0.0003008769999999217 995
0.00030090899999990484 996
0.00030099700000008056 995
0.00030111700000023944 994
0.00030123699999995424 993
0.0003013570000001131 992
0.0003014769999998279 991
0.0003015660000000864 992
0.0003015969999999868 991
0.000301653999999818 990
0.0003017739999999769 989
0.00030179700000010357 990
0.00030181099999992966 991
0.0003018310000002522 990
0.000301950999999967 989
0.0003020710000001259 988
0.00030210300000010903 989
0.00030219099999984067 988
0.0003022650000001903 989
0.00030231099999999955 988
0.00030239400000020566 989
0.00030243100000015843 988
0.0003025509999998732 987
0.00030257299999991716 988
0.0003026710000000321 987
0.000302791000000191 986
0.0003028050000000171 987
0.0003029109999999058 986
0.00030303100000006467 985
0.00030304499999989076 986
0.00030315100000022355 985
0.0003032699999998556 986
0.00030327099999993834 985
0.0003033170000001917 986
0.0003033910000000972 985
0.0003035110000002561 984
0.0003035460000000434 985
0.0003036309999999709 984
0.0003037510000001298 983
0.00030387099999984457 982
0.00030387300000001005 983
0.00030399100000000345 982
0.00030404100000014367 983
0.0003041069999998314 984
0.00030411100000016233 983
0.00030412100000010156 984
0.00030423099999987713 983
0.00030433299999987895 984
0.000304351000000036 983
0.00030440399999998036 984
0.0003044710000001949 983
0.0003045909999999097 982
0.00030471100000006857 981
0.00030481500000023587 982
0.00030483100000022745 981
0.00030495099999994224 980
0.00030499200000022597 981
0.0003050710000001011 980
0.00030511199999994076 981
0.00030512799999993234 980
0.0003051290000000151 981
0.00030518500000020765 980
0.00030528899999993087 981
0.00030530499999992244 980
0.0003054250000000813 979
0.00030546599999992097 980
0.0003055450000002402 979
0.000305664999999955 978
0.0003057220000002303 977
0.00030581999999990117 978
0.0003058419999999451 977
0.000305962000000104 976
0.00030599699999989127 977
0.0003060819999998188 976
0.00030620199999997766 975
0.0003062310000001567 976
0.00030632200000013654 975
0.0003063509999998715 976
0.00030644199999985133 975
0.0003065620000000102 974
0.00030659100000018924 975
0.0003066820000001691 974
0.00030676800000017934 975
0.0003068019999998839 974
0.00030688799999989413 975
0.00030692200000004277 974
0.00030704200000020165 973
0.00030716199999991645 972
0.0003071850000000431 973
0.00030728200000007533 972
0.00030731600000022397 973
0.00030733000000005006 974
0.0003074020000002342 973
0.0003074249999999168 974
0.00030745500000017856 975
0.00030748499999999623 976
0.000307521999999949 975
0.0003076210000001467 976
0.0003076420000001079 975
0.0003076750000001738 976
0.0003077619999998227 975
0.0003078290000000372 976
0.0003078429999998633 977
0.00030788199999998156 976
0.00030796199999993945 977
0.00030800200000014044 976
0.0003080060000000273 977
0.0003080099999999142 978
0.00030803300000004086 979
0.0003080689999999109 980
0.0003080830000001811 981
0.00030809700000000717 982
0.00030812199999985523 981
0.00030817900000013054 980
0.0003082020000002572 981
0.0003082160000000833 982
0.00030823400000024037 983
0.00030829899999984534 982
0.000308321999999972 983
0.0003084190000000042 982
0.0003084420000001309 983
0.0003085340000001935 984
0.0003085390000001631 983
0.0003085619999998457 984
0.00030862300000000786 985
0.0003086589999998779 984
0.00030868200000000456 985
0.0003087790000000368 984
0.00030880200000016345 985
0.00030889900000019566 984
0.00030892199999987824 985
0.00030895200000014 986
0.00030901899999991045 985
0.0003090339999998193 986
0.00030909899999986834 987
0.00030913900000006933 986
0.0003092590000002282 985
0.0003092640000001978 986
0.0003092780000000239 987
0.000309378999999943 986
0.00030938899999988223 987
0.0003094030000001524 988
0.0003094290000000832 989
0.00030944399999999206 990
0.0003094639999998705 991
0.00030947900000022344 992
0.0003094990000001019 991
0.0003095160000001762 992
0.0003096189999998167 991
0.000309635999999891 992
0.00030968399999986573 993
0.0003096980000001359 994
0.000309711999999962 995
0.00030973899999997556 994
0.0003097560000000499 995
0.000309839000000256 996
0.00030985900000013444 995
0.00030987600000020876 996
0.00030997899999984924 995
0.00030999599999992355 996
0.0003100750000002428 997
0.0003100990000000081 996
0.00031010899999994734 997
0.00031012300000021753 998
0.00031014699999998285 999
0.0003101690000000268 1000
0.000310219000000167 999
0.0003102360000002413 1000
0.0003102500000000674 1001
0.00031027399999983274 1002
0.0003103389999998818 1001
0.00031038100000024826 1002
0.00031038799999993927 1003
0.0003104590000000407 1002
0.000310476000000115 1003
0.0003105439999999682 1004
0.00031057900000019956 1003
0.00031059500000019113 1004
0.00031069899999991435 1003
0.00031071599999998867 1004
0.00031075600000018966 1003
0.0003108140000001036 1004
0.00031087599999990445 1003
0.0003108940000000615 1004
0.00031094900000017134 1005
0.00031096299999999744 1006
0.00031099600000006333 1005
0.0003110539999999773 1006
0.0003110680000002475 1007
0.0003110820000000736 1008
0.0003110959999998997 1009
0.00031111000000016986 1010
0.0003111160000002222 1009
0.0003111960000001801 1010
0.000311235999999937 1009
0.0003113560000000959 1008
0.00031135700000017863 1009
0.00031147600000025477 1008
0.00031149899999993735 1009
0.00031155600000021266 1010
0.00031157399999992563 1011
0.00031159599999996956 1010
0.0003116389999999747 1011
0.00031167599999992746 1012
0.00031171600000012845 1011
0.0003117480000001116 1012
0.0003117619999999377 1013
0.00031183599999984324 1012
0.0003119160000002452 1013
0.000311948999999867 1014
0.0003119560000000021 1013
0.00031196900000018957 1014
0.0003120239999998553 1015
0.0003120380000001255 1016
0.0003120590000000867 1017
0.000312076000000161 1016
0.0003121090000002269 1017
0.00031212400000013574 1018
0.0003121489999999838 1019
0.000312163000000254 1020
0.0003121770000000801 1021
0.0003121940000001544 1022
0.0003121959999998758 1021
0.00031220900000006324 1022
0.0003122289999999417 1023
0.00031224899999982014 1024
0.00031226300000009033 1025
0.0003122769999999164 1026
0.0003123070000001782 1027
0.0003123160000000347 1026
0.0003123210000000043 1027
0.0003123349999998304 1028
0.0003123490000001006 1029
0.00031236299999992667 1030
0.00031239599999999257 1031
0.00031243100000022395 1032
0.00031243600000019356 1031
0.0003124840000001683 1032
0.00031249900000007713 1033
0.00031255599999990835 1032
0.00031262900000017524 1033
0.00031264300000000134 1034
0.00031265699999982743 1035
0.00031267600000006723 1034
0.0003126990000001939 1035
0.00031271300000002 1036
0.0003127269999998461 1037
0.00031274999999997277 1038
0.0003127880000000083 1039
0.0003127960000002261 1038
0.0003128289999998479 1039
0.00031287000000013165 1040
0.0003129159999999409 1039
0.00031298999999984645 1040
0.0003130360000000998 1039
0.0003130840000000745 1040
0.00031315600000025867 1039
0.0003131640000000324 1040
0.0003131779999998585 1041
0.0003132080000001203 1042
0.0003132219999999464 1043
0.00031323600000021656 1044
0.00031327599999997346 1043
0.00031328699999999543 1044
0.00031330099999982153 1045
0.00031339600000013235 1044
0.0003134089999998757 1045
0.0003134230000001459 1046
0.00031346500000006827 1047
0.00031351599999984714 1046
0.0003135269999998691 1047
0.00031355700000013087 1048
0.00031357099999995697 1049
0.000313636000000006 1048
0.00031364900000019347 1049
0.0003137039999998592 1050
0.0003137560000001649 1049
0.00031376700000018687 1050
0.00031384899999986615 1051
0.0003138740000001583 1052
0.0003138759999998797 1051
0.0003138879999999844 1052
0.0003139960000000386 1051
0.00031400700000006054 1052
0.00031409900000012314 1053
0.00031411600000019746 1052
0.0003141270000002194 1053
0.00031417699999991555 1054
0.00031419100000018574 1055
0.00031420500000001184 1056
0.00031423599999991225 1055
0.0003142469999999342 1056
0.00031427399999994776 1057
0.00031434399999996643 1058
0.00031435600000007113 1057
0.00031435899999987527 1058
0.00031437300000014545 1059
0.00031443399999986354 1060
0.00031447600000023 1059
0.000314487000000252 1060
0.0003145419999999177 1061
0.0003145560000001879 1062
0.0003145959999999448 1061
0.0003146069999999668 1062
0.000314692999999977 1063
0.0003147160000001037 1062
0.00031472700000012566 1063
0.00031474099999995175 1064
0.0003147640000000784 1065
0.0003148359999998185 1064
0.00031484699999984045 1065
0.0003148770000001022 1066
0.0003148909999999283 1067
0.0003148930000000938 1066
0.00031496699999999933 1067
0.0003150130000002527 1066
0.00031506400000003154 1067
0.0003150870000001582 1068
0.00031513299999996747 1067
0.000315206999999873 1068
0.00031523399999988655 1069
0.00031525300000012635 1068
0.00031529299999988325 1069
0.00031530700000015344 1070
0.00031532099999997953 1071
0.0003153350000002497 1072
0.00031537299999984114 1071
0.00031544700000019077 1072
0.000315493 1071
0.00031550299999993925 1072
0.000315533000000201 1073
0.00031554999999983124 1072
0.0003156170000000458 1073
0.0003156309999998719 1074
0.0003156699999999901 1073
0.00031574399999989566 1074
0.000315790000000149 1073
0.00031586400000005455 1074
0.0003159099999998638 1073
0.00031594400000001244 1074
0.00031595799999983853 1075
0.00031598400000021343 1076
0.00031602899999993994 1077
0.0003160300000000227 1076
0.0003160919999998235 1077
0.0003161060000000937 1078
0.00031615000000018156 1077
0.00031615400000006844 1078
0.0003162240000000871 1079
0.00031625800000023574 1080
0.00031626999999989636 1079
0.000316344000000246 1080
0.00031639000000005524 1079
0.0003164639999999608 1080
0.0003165100000002141 1079
0.00031658400000011966 1080
0.0003166299999999289 1079
0.0003166679999999644 1080
0.00031670399999983445 1081
0.0003167500000000878 1080
0.000316806999999919 1079
0.00031682399999999333 1080
0.0003168819999999073 1081
0.0003169270000000779 1080
0.00031693800000009986 1081
0.0003169440000001522 1082
0.0003170470000002368 1081
0.000317063999999867 1082
0.0003170869999999937 1083
0.00031716699999995157 1082
0.0003171769999998908 1083
0.000317191000000161 1084
0.00031728700000011045 1083
0.00031730400000018477 1084
0.00031734399999994167 1083
0.0003174440000002221 1084
0.0003174580000000482 1085
0.00031746400000010055 1084
0.00031754400000005845 1085
0.00031758400000025944 1084
0.00031766400000021733 1085
0.00031770200000025284 1086
0.00031770399999997423 1085
0.00031776100000024954 1084
0.0003177839999999321 1085
0.00031788099999996433 1084
0.00031790000000020413 1085
0.00031791400000003023 1086
0.00031794999999990026 1087
0.00031797300000002693 1088
0.0003180010000001232 1087
0.0003180240000002499 1088
0.00031808700000013346 1089
0.000318120999999838 1088
0.00031820100000024 1089
0.0003182409999999969 1088
0.0003183209999999548 1089
0.00031836100000015577 1088
0.000318406999999965 1089
0.000318458000000188 1090
0.00031848099999987056 1089
0.00031853800000014587 1088
0.00031856099999982845 1089
0.00031865799999986066 1088
0.00031868099999998734 1089
0.00031877800000001955 1088
0.0003188010000001462 1089
0.00031889800000017843 1088
0.000318920999999861 1089
0.00031900199999990164 1090
0.0003190179999998932 1089
0.0003190410000000199 1090
0.00031907500000016853 1089
0.0003191610000001788 1090
0.0003191870000001096 1091
0.0003191949999998833 1090
0.0003192020000000184 1091
0.00031928099999989357 1092
0.00031929500000016375 1093
0.0003193150000000422 1092
0.00031937100000023477 1093
0.00031940100000005245 1094
0.0003194350000002011 1093
0.00031950699999994114 1094
0.00031952100000021133 1095
0.00031953600000012017 1096
0.0003195549999999159 1095
0.00031959100000023 1096
0.0003196409999999261 1097
0.00031967500000007476 1096
0.00031970300000017104 1097
0.00031972199999996676 1098
0.000319761000000085 1099
0.00031979500000023364 1098
0.0003198570000000345 1099
0.0003198810000002439 1100
0.00031991499999994844 1099
0.0003200009999999587 1100
0.0003200350000001073 1099
0.00032012100000011756 1100
0.0003201549999998221 1099
0.00032024099999983235 1100
0.000320274999999981 1099
0.00032036099999999124 1100
0.0003203950000001399 1099
0.0003204070000002446 1100
0.0003204519999999711 1099
0.00032057200000013 1098
0.0003206009999998649 1099
0.00032069199999984477 1098
0.00032081200000000365 1097
0.0003208410000001827 1098
0.00032093200000016253 1097
0.00032096099999989747 1098
0.00032098199999985866 1099
0.0003210120000001204 1100
0.0003210519999998773 1099
0.0003210629999998993 1100
0.00032108100000005635 1101
0.0003211429999998572 1102
0.0003211720000000362 1101
0.00032117499999984034 1102
0.00032120100000021523 1103
0.0003212569999999637 1104
0.0003212920000001951 1103
0.00032132099999993 1104
0.0003214119999999099 1103
0.00032153200000006876 1102
0.0003215610000002478 1103
0.00032165200000022764 1102
0.0003216600000000014 1103
0.0003216809999999626 1104
0.0003217470000000944 1105
0.00032177199999994244 1104
0.0003218920000001013 1103
0.00032192099999983625 1104
0.0003219969999999073 1105
0.0003220119999998161 1104
0.00032204099999999514 1105
0.00032205499999982123 1106
0.000322131999999975 1105
0.000322161000000154 1106
0.00032217800000022834 1107
0.0003222520000001339 1106
0.0003222599999999076 1107
0.0003223380000001441 1108
0.00032237199999984867 1107
0.000322382000000232 1108
0.00032243799999998046 1109
0.0003224579999998589 1110
0.00032249200000000755 1109
0.0003225730000000482 1110
0.0003225869999998743 1111
0.00032261200000016643 1110
0.0003226980000001767 1111
0.0003227319999998812 1110
0.000322798000000013 1111
0.00032281799999989147 1112
0.0003228520000000401 1111
0.0003228779999999709 1112
0.0003229089999998713 1111
0.00032299499999988157 1112
0.0003230290000000302 1111
0.00032307700000000494 1112
0.0003231349999999189 1113
0.0003231490000001891 1114
0.0003231490000001891 1113
0.0003232689999999039 1112
0.0003233000000002484 1113
0.00032335499999991413 1114
0.00032338900000006277 1113
0.000323475000000073 1114
0.00032350900000022165 1113
0.0003235950000002319 1114
0.00032362899999993644 1113
0.0003237149999999467 1114
0.0003237490000000953 1113
0.00032383500000010557 1114
0.0003238690000002542 1113
0.00032395499999982036 1114
0.000323988999999969 1113
0.00032407499999997924 1114
0.0003241090000001279 1113
0.00032422899999984267 1112
0.00032425199999996934 1113
0.00032434900000000155 1112
0.0003243720000001282 1113
0.00032446900000016043 1112
0.000324491999999843 1113
0.00032458899999987523 1112
0.0003246120000000019 1113
0.0003247090000000341 1112
0.000324788999999992 1113
0.000324829000000193 1112
0.00032483699999996674 1113
0.0003249090000001509 1114
0.0003249489999999078 1113
0.0003250289999998657 1114
0.00032506900000006667 1113
0.00032518900000022555 1112
0.00032530899999994034 1111
0.00032532600000001466 1112
0.0003254290000000992 1111
0.00032544600000017354 1112
0.0003255490000002581 1111
0.00032556599999988833 1112
0.0003256689999999729 1111
0.0003256860000000472 1112
0.0003257890000001318 1111
0.0003258060000002061 1112
0.000325845999999963 1111
0.0003259660000001219 1110
0.0003259830000001962 1111
0.0003260420000001929 1112
0.0003260859999998367 1111
0.000326102999999911 1112
0.00032620599999999556 1111
0.0003262230000000699 1112
0.00032632600000015444 1111
0.00032634300000022876 1112
0.00032644599999986923 1111
0.00032652000000021886 1112
0.0003265660000000281 1111
0.00032663999999993365 1112
0.000326686000000187 1111
0.0003267430000000182 1110
0.00032676000000009253 1111
0.0003268630000001771 1110
0.0003268800000002514 1111
0.0003269829999998919 1110
0.0003269999999999662 1111
0.00032710300000005077 1110
0.00032722300000020965 1109
0.0003272399999998399 1110
0.00032734299999992444 1109
0.00032735999999999876 1110
0.00032741400000002585 1111
0.0003274630000000833 1110
0.00032748000000015764 1111
0.0003275830000002422 1110
0.00032759999999987244 1111
0.00032764000000007343 1110
0.00032769699999990465 1109
0.0003277200000000313 1110
0.00032781700000006353 1109
0.00032787399999989475 1108
0.0003278970000000214 1109
0.00032793100000017006 1108
0.0003279880000000013 1107
0.0003280170000001803 1108
0.0003280449999998325 1107
0.0003281369999998951 1108
0.0003281649999999914 1107
0.000328257000000054 1108
0.00032828500000015026 1107
0.00032837700000021286 1108
0.00032840499999986505 1107
0.00032849699999992765 1108
0.00032852500000002394 1107
0.00032861700000008653 1108
0.0003286450000001828 1107
0.0003287370000002454 1108
0.0003287649999998976 1107
0.0003288569999999602 1108
0.0003288850000000565 1107
0.0003289419999998877 1106
0.0003289770000001191 1107
0.0003290620000000466 1106
0.0003290969999998339 1107
0.0003291820000002055 1106
0.00032921699999999277 1107
0.0003292390000000367 1106
0.0003292959999998679 1105
0.00032933700000015165 1106
0.0003294160000000268 1105
0.00032945699999986644 1106
0.0003295360000001857 1105
0.0003295770000000253 1106
0.00032960400000003887 1107
0.0003296559999999005 1106
0.00032977600000005935 1105
0.000329816999999899 1106
0.00032989600000021824 1105
0.0003299280000002014 1106
0.0003299370000000579 1107
0.00032995300000004946 1106
0.00033005700000021676 1107
0.00033007300000020834 1106
0.00033017699999993155 1107
0.00033019299999992313 1106
0.0003302820000001816 1107
0.000330313000000082 1106
0.00033035399999992165 1107
0.0003304330000002409 1106
0.00033047400000008054 1107
0.00033049299999987625 1108
0.0003305529999999557 1107
0.0003305940000002394 1108
0.00033067300000011457 1107
0.0003307139999999542 1108
0.00033079299999982936 1107
0.0003308340000001131 1108
0.00033085000000010467 1107
0.0003309069999999359 1106
0.0003309539999998279 1107
0.0003309640000002112 1106
0.00033107399999998677 1107
0.000331083999999926 1106
0.0003311410000002013 1105
0.00033119400000014565 1106
0.0003312609999999161 1105
0.0003312890000000124 1106
0.00033131399999986044 1107
0.0003313180000001914 1106
0.0003314340000000193 1107
0.0003314379999999062 1106
0.0003315540000001782 1107
0.0003315580000000651 1106
0.000331673999999893 1107
0.00033167800000022396 1106
0.0003317940000000519 1107
0.00033179799999993875 1106
0.00033191800000009763 1105
0.00033197499999992885 1104
0.00033203200000020416 1103
0.0003320890000000354 1102
0.00033215400000008444 1103
0.00033220900000019427 1102
0.00033232899999990906 1101
0.0003323630000000577 1102
0.0003323939999999581 1103
0.00033244900000006794 1102
0.000332514000000117 1103
0.0003325690000002268 1102
0.0003326339999998318 1103
0.0003326889999999416 1102
0.00033275399999999067 1103
0.0003328090000001005 1102
0.00033287400000014955 1103
0.0003329290000002594 1102
0.00033304899999997417 1101
0.0003331140000000232 1102
0.00033316900000013305 1101
0.00033328899999984785 1100
0.0003332910000000133 1101
0.00033340900000000673 1100
0.0003334110000001722 1101
0.00033346599999983795 1100
0.00033352300000011326 1099
0.000333530999999887 1100
0.00033364299999982805 1099
0.0003336510000000459 1100
0.00033376299999998693 1099
0.00033377100000020477 1100
0.0003338830000001458 1099
0.00033389099999991956 1100
0.0003340029999998606 1099
0.0003341230000000195 1098
0.00033424300000017837 1097
0.0003343080000002274 1098
0.00033436299999989316 1097
0.00033442000000016847 1096
0.00033453999999988326 1095
0.0003345480000001011 1096
0.00033466000000004215 1095
0.0003346679999998159 1096
0.00033478000000020103 1095
0.0003348999999999158 1094
0.0003350200000000747 1093
0.0003351400000002336 1092
0.0003352599999999484 1091
0.00033538000000010726 1090
0.00033549999999982205 1089
0.00033561999999998093 1088
0.0003357400000001398 1087
0.0003358599999998546 1086
0.0003359170000001299 1085
0.0003360369999998447 1084
0.0003361570000000036 1083
0.0003362770000001625 1082
0.00033639699999987727 1081
0.00033651700000003615 1080
0.00033663700000019503 1079
0.0003367569999999098 1078
0.0003368770000000687 1077
0.0003369970000002276 1076
0.0003371169999999424 1075
0.00033723700000010126 1074
0.00033735699999981605 1073
0.00033747699999997494 1072
0.0003375970000001338 1071
0.0003377169999998486 1070
0.0003378370000000075 1069
0.0003379570000001664 1068
0.00033807699999988117 1067
0.00033819700000004005 1066
0.00033831700000019893 1065
0.0003383179999998376 1066
0.0003384369999999137 1065
0.0003385570000000726 1064
0.0003386770000002315 1063
0.0003387969999999463 1062
0.0003388829999999565 1063
0.00033891700000010516 1062
0.00033903699999981995 1061
0.00033915699999997884 1060
0.0003392770000001377 1059
0.0003393969999998525 1058
0.0003395170000000114 1057
0.0003396370000001703 1056
0.00033975699999988507 1055
0.00033987700000004395 1054
0.00033999700000020283 1053
0.0003401169999999176 1052
0.0003402370000000765 1051
0.0003403570000002354 1050
0.0003404769999999502 1049
0.00034059700000010906 1048
0.00034071699999982386 1047
0.00034083699999998274 1046
0.0003409570000001416 1045
0.0003410769999998564 1044
0.0003411970000000153 1043
0.0003413170000001742 1042
0.00034143699999988897 1041
0.00034155700000004785 1040
0.00034167700000020673 1039
0.0003417969999999215 1038
0.0003419170000000804 1037
0.0003420370000002393 1036
0.0003421569999999541 1035
0.00034227700000011296 1034
0.00034239699999982776 1033
0.00034251699999998664 1032
0.0003426370000001455 1031
0.0003427569999998603 1030
0.0003428770000000192 1029
0.0003429970000001781 1028
0.00034311699999989287 1027
0.00034323700000005175 1026
0.00034335700000021063 1025
0.0003434769999999254 1024
0.0003435970000000843 1023
0.0003436539999999155 1022
0.00034371100000019084 1021
0.00034383099999990563 1020
0.0003439510000000645 1019
0.0003440710000002234 1018
0.0003441909999999382 1017
0.00034431100000009707 1016
0.00034443100000025595 1015
0.00034455099999997074 1014
0.0003446710000001296 1013
0.0003447909999998444 1012
0.0003448480000001197 1011
0.00034490499999995095 1010
0.00034502500000010983 1009
0.0003451449999998246 1008
0.0003452649999999835 1007
0.0003453850000001424 1006
0.00034546199999985205 1007
0.0003454700000000699 1008
0.0003455049999998572 1007
0.00034562500000001606 1006
0.00034574500000017494 1005
0.00034586499999988973 1004
0.0003459850000000486 1003
0.0003461050000002075 1002
0.0003461620000000387 1001
0.00034619299999993913 1002
0.0003462820000001976 1001
0.0003464019999999124 1000
0.0003465220000000713 999
0.00034664200000023015 998
0.0003466990000000614 997
0.00034681900000022026 996
0.0003468220000000244 997
0.00034693899999993505 996
0.00034705900000009393 995
0.0003471790000002528 994
0.0003472989999999676 993
0.0003474190000001265 992
0.00034746800000018396 993
0.0003475389999998413 992
0.00034765900000000016 991
0.0003477159999998314 990
0.0003477730000001067 989
0.0003478299999999379 988
0.0003479500000000968 987
0.000348006999999928 986
0.0003481270000000869 985
0.0003482470000002458 984
0.000348304000000077 983
0.0003484240000002359 982
0.0003484810000000671 981
0.000348601000000226 980
0.00034870600000003193 981
0.00034872099999994077 980
0.00034884100000009965 979
0.00034886900000019594 980
0.00034896100000025854 979
0.00034908099999997333 978
0.0003492010000001322 977
0.000349320999999847 976
0.0003493780000001223 975
0.0003494979999998371 974
0.000349617999999996 973
0.0003496749999998272 972
0.0003497949999999861 971
0.00034991500000014497 970
0.0003499719999999762 969
0.0003500920000001351 968
0.00035021199999984987 967
0.00035033200000000875 966
0.0003503359999998956 967
0.00035038899999983997 966
0.0003504460000001153 965
0.0003505029999999465 964
0.0003505600000002218 963
0.0003506309999998791 964
0.0003506610000001409 965
0.0003506799999999366 964
0.0003507370000002119 963
0.0003508569999999267 962
0.000350914000000202 961
0.00035097100000003323 962
0.0003510339999999168 961
0.0003510910000001921 960
0.00035111300000023604 961
0.0003512109999999069 960
0.0003513310000000658 959
0.000351387999999897 958
0.0003515080000000559 957
0.00035162800000021477 956
0.0003516289999998534 957
0.000351685000000046 956
0.000351714000000225 957
0.0003517419999998772 956
0.0003517510000001778 957
0.0003517990000001525 956
0.00035185599999998374 955
0.00035191300000025905 954
0.00035197000000009027 953
0.00035209000000024915 952
0.00035214700000008037 951
0.00035219399999997236 952
0.0003522039999999116 951
0.0003522610000001869 950
0.0003523180000000181 949
0.000352438000000177 948
0.0003524950000000082 947
0.0003525540000000049 948
0.0003526150000001671 947
0.0003527349999998819 946
0.0003528550000000408 945
0.000352911999999872 944
0.0003529690000001473 943
0.0003530259999999785 942
0.0003530660000001795 943
0.0003531460000001374 942
0.0003532659999998522 941
0.0003533860000000111 940
0.0003534310000001817 941
0.0003534429999998423 940
0.0003535630000000012 939
0.00035368300000016006 938
0.0003537399999999913 937
0.00035383099999997114 938
0.00035386000000015017 937
0.00035397999999986496 936
0.00035410000000002384 935
0.0003542200000001827 934
0.00035425100000008314 935
0.0003543399999998975 934
0.00035438100000018125 935
0.0003544600000000564 934
0.0003545169999998876 933
0.0003545709999999147 934
0.0003546370000000465 933
0.00035467600000016475 934
0.0003547570000002054 933
0.0003548769999999202 932
0.00035499700000007905 931
0.0003551069999998546 932
0.00035511700000023794 931
0.0003552270000000135 932
0.00035523699999995273 931
0.0003553570000001116 930
0.0003554769999998264 929
0.0003555969999999853 928
0.00035571700000014417 927
0.00035583699999985896 926
0.00035592899999992156 927
0.00035595700000001784 926
0.0003560770000001767 925
0.0003561969999998915 924
0.0003563170000000504 923
0.0003563479999999508 924
0.0003564370000002093 923
0.0003564940000000405 922
0.0003566140000001994 921
0.0003567339999999142 920
0.00035685400000007306 919
0.00035697400000023194 918
0.00035709399999994673 917
0.0003572140000001056 916
0.00035727099999993683 915
0.0003573910000000957 914
0.00035744799999992694 915
0.00035751000000017186 916
0.0003575110000002546 915
0.0003576309999999694 914
0.0003576530000000133 915
0.00035775000000004553 916
0.00035775100000012827 915
0.00035787099999984306 914
0.00035799100000000195 913
0.00035811100000016083 912
0.0003582309999998756 911
0.00035828800000015093 910
0.00035834499999998215 909
0.00035846500000014103 908
0.0003584879999998236 909
0.0003585849999998558 908
0.0003587050000000147 907
0.0003587619999998459 906
0.0003588820000000048 905
0.0003590020000001637 904
0.0003591150000001875 905
0.0003591219999998785 904
0.00035924200000003736 903
0.00035936200000019625 902
0.00035948199999991104 901
0.00035953900000018635 900
0.00035965200000021014 901
0.00035965899999990114 900
0.00035977900000006 899
0.0003598990000002189 898
0.0003600189999999337 897
0.0003600679999999912 898
0.0003601390000000926 897
0.00036025900000025146 896
0.0003603679999999443 897
0.00036037899999996625 896
0.00036049900000012514 895
0.00036061899999983993 894
0.00036068800000021994 895
0.0003607389999999988 894
0.0003608590000001577 893
0.0003609159999999889 892
0.0003610360000001478 891
0.00036113300000018 892
0.0003611559999998626 891
0.00036127600000002147 890
0.00036139600000018035 889
0.0003614249999999153 890
0.00036151599999989514 889
0.00036162899999991893 890
0.000361636000000054 889
0.00036169299999988525 888
0.0003618130000000441 887
0.000361933000000203 886
0.0003620529999999178 885
0.0003621730000000767 884
0.00036229300000023557 883
0.00036241299999995036 882
0.0003625029999998475 883
0.00036251700000011766 884
0.00036253300000010924 883
0.00036265299999982403 882
0.00036271000000009934 881
0.0003628300000002582 880
0.000362949999999973 879
0.0003630420000000356 880
0.0003630700000001319 879
0.0003631899999998467 878
0.0003633100000000056 877
0.0003633669999998368 876
0.0003634869999999957 875
0.00036360700000015456 874
0.00036372699999986935 873
0.00036378400000014466 872
0.00036390399999985945 871
0.00036396100000013476 870
0.00036408099999984955 869
0.00036413800000012486 868
0.0003641949999999561 867
0.0003642520000002314 866
0.0003643090000000626 865
0.0003644290000002215 864
0.0003644860000000527 863
0.00036454299999988393 862
0.0003646630000000428 861
0.00036471999999987403 860
0.0003648400000000329 859
0.0003648589999998286 860
0.00036489699999986414 859
0.0003649289999998473 860
0.000365017000000023 859
0.00036507399999985424 858
0.0003651940000000131 857
0.000365314000000172 856
0.0003654339999998868 855
0.0003655540000000457 854
0.0003656109999998769 853
0.0003656680000001522 852
0.0003657249999999834 851
0.00036578200000025873 850
0.0003659019999999735 849
0.00036595900000024884 848
0.00036607899999996363 847
0.0003661990000001225 846
0.00036625599999995373 845
0.0003663760000001126 844
0.0003664959999998274 843
0.0003666159999999863 842
0.00036673600000014517 841
0.00036685599999985996 840
0.0003669190000001876 841
0.00036697600000001884 840
0.0003670960000001777 839
0.0003672159999998925 838
0.000367305000000151 839
0.0003673360000000514 838
0.0003674560000002103 837
0.0003675759999999251 836
0.00036769600000008396 835
0.0003678119999999119 836
0.00036781600000024284 835
0.00036793599999995763 834
0.0003680560000001165 833
0.0003681759999998313 832
0.0003682959999999902 831
0.00036841600000014907 830
0.00036853599999986386 829
0.00036859300000013917 828
0.00036871299999985396 827
0.00036877000000012927 826
0.00036888999999984406 825
0.00036896099999994547 826
0.00036901000000000295 825
0.00036913000000016183 824
0.0003692499999998766 823
0.00036925800000009446 824
0.0003693700000000355 823
0.00036937800000025334 824
0.0003694900000001944 823
0.00036949799999996813 824
0.0003696099999999092 823
0.000369618000000127 824
0.00036973000000006806 823
0.00036985000000022694 822
0.00036996999999994173 821
0.00037002700000021704 820
0.00037014699999993184 819
0.0003702670000000907 818
0.0003703870000002496 817
0.0003705069999999644 816
0.0003705850000002009 817
0.0003706270000001233 816
0.000370634999999897 817
0.00037074699999983807 816
0.0003708040000001134 815
0.0003708119999998871 816
0.000370896000000176 817
0.00037092399999982817 816
0.00037104399999998705 815
0.00037116400000014593 814
0.00037122099999997715 813
0.00037134100000013603 812
0.00037146099999985083 811
0.00037151800000012614 810
0.00037163799999984093 809
0.0003717579999999998 808
0.0003718780000001587 807
0.0003719979999998735 806
0.00037211800000003237 805
0.00037223800000019125 804
0.00037235799999990604 803
0.00037241599999982 804
0.00037244600000008177 805
0.0003724780000000649 804
0.0003725980000002238 803
0.0003727179999999386 802
0.0003728380000000975 801
0.00037295800000025636 800
0.00037307799999997115 799
0.00037313500000024646 798
0.00037325499999996126 797
0.00037337500000012014 796
0.0003733760000002029 797
0.00037349499999983493 796
0.00037355200000011024 795
0.00037367199999982503 794
0.0003737919999999839 793
0.0003739120000001428 792
0.000373968999999974 791
0.0003740890000001329 790
0.0003742089999998477 789
0.000374266000000123 788
0.0003743859999998378 787
0.0003745059999999967 786
0.00037462600000015556 785
0.0003746829999999868 784
0.00037480300000014566 783
0.00037492299999986045 782
0.00037504300000001933 781
0.0003751630000001782 780
0.000375282999999893 779
0.0003753159999999589 780
0.0003753400000001683 779
0.00037534600000022067 780
0.0003754599999998831 779
0.000375580000000042 778
0.0003757000000002009 777
0.00037581999999991567 776
0.00037594000000007455 775
0.00037606000000023343 774
0.0003761799999999482 773
0.0003763000000001071 772
0.0003764199999998219 771
0.0003764770000000972 770
0.0003765970000002561 769
0.0003767169999999709 768
0.00037678200000001993 769
0.00037683700000012976 768
0.00037695699999984456 767
0.00037701400000011986 766
0.00037713399999983466 765
0.00037719100000010997 764
0.00037731099999982476 763
0.00037743099999998364 762
0.00037748800000025895 761
0.00037758700000001255 762
0.00037760799999997374 761
0.0003777280000001326 760
0.0003778479999998474 759
0.0003779680000000063 758
0.0003780880000001652 757
0.00037820799999988 756
0.00037832800000003886 755
0.0003783849999998701 754
0.0003784420000001454 753
0.0003785619999998602 752
0.00037868200000001906 751
0.00037880200000017794 750
0.00037892199999989273 749
0.00037897900000016804 748
0.00037903599999999926 747
0.0003790929999998305 746
0.00037921299999998936 745
0.0003792699999998206 744
0.0003793270000000959 743
0.0003794470000002548 742
0.00037956699999996957 741
0.00037968700000012845 740
0.0003797759999999428 741
0.00037980699999984324 740
0.00037986199999995307 741
0.00037986400000011855 740
0.00037998399999983334 739
0.0003799970000000208 740
0.00038004100000010865 739
0.00038009799999993987 738
0.0003801550000002152 737
0.0003802120000000464 736
0.0003803320000002053 735
0.0003804519999999201 734
0.0003805090000001954 733
0.0003806289999999102 732
0.0003806860000001855 731
0.0003807430000000167 730
0.0003807999999998479 729
0.00038085700000012324 728
0.00038091399999995446 727
0.00038097100000022976 726
0.000381028000000061 725
0.0003810849999998922 724
0.0003812050000000511 723
0.0003812619999998823 722
0.0003813190000001576 721
0.0003814389999998724 720
0.0003815590000000313 719
0.00038167900000019017 718
0.0003817360000000214 717
0.0003818159999999793 718
0.0003818560000001803 717
0.00038197599999989507 716
0.0003820330000001704 715
0.00038215299999988517 714
0.0003822100000001605 713
0.0003822669999999917 712
0.0003823239999998229 711
0.0003824439999999818 710
0.0003825010000002571 709
0.0003826209999999719 708
0.0003826780000002472 707
0.00038273500000007843 706
0.00038279199999990965 705
0.00038284900000018496 704
0.0003829060000000162 703
0.00038302600000017506 702
0.0003830830000000063 701
0.0003831399999998375 700
0.0003831970000001128 699
0.00038325399999994403 698
0.00038331100000021934 697
0.00038343099999993413 696
0.000383551000000093 695
0.00038360799999992423 694
0.00038366500000019954 693
0.00038372200000003076 692
0.000383778999999862 691
0.0003838360000001373 690
0.0003839559999998521 689
0.0003840130000001274 688
0.0003840699999999586 687
0.0003841900000001175 686
0.0003842469999999487 685
0.0003843670000001076 684
0.0003844239999999388 683
0.0003845440000000977 682
0.0003846640000002566 681
0.00038478399999997137 680
0.0003848410000002467 679
0.00038496099999996147 678
0.0003850180000002368 677
0.000385075000000068 676
0.0003851319999998992 675
0.0003852520000000581 674
0.000385372000000217 673
0.0003854290000000482 672
0.0003854859999998794 671
0.00038554300000015473 670
0.00038559999999998595 669
0.0003856569999998172 668
0.0003857140000000925 667
0.0003857709999999237 666
0.000385828000000199 665
0.00038588500000003023 664
0.00038594199999986145 663
0.00038599900000013676 662
0.000386055999999968 661
0.0003861130000002433 660
0.0003861700000000745 659
0.00038622699999990573 658
0.00038628400000018104 657
0.00038634100000001226 656
0.0003863979999998435 655
0.0003864550000001188 654
0.00038651199999995 653
0.0003865690000002253 652
0.00038662600000005654 651
0.00038668299999988776 650
0.00038674000000016306 649
0.0003867969999999943 648
0.0003868539999998255 647
0.0003869110000001008 646
0.00038696799999993203 645
0.00038702500000020734 644
0.00038708200000003856 643
0.0003871389999998698 642
0.0003871960000001451 641
0.0003873159999998599 640
0.0003873730000001352 639
0.0003874299999999664 638
0.0003874870000002417 637
0.00038754400000007294 636
0.00038760099999990416 635
0.00038765800000017947 634
0.0003877150000000107 633
0.0003877719999998419 632
0.0003878920000000008 631
0.000387948999999832 630
0.0003880060000001073 629
0.00038806299999993854 628
0.00038812000000021385 627
0.00038817700000004507 626
0.0003882339999998763 625
0.0003882910000001516 624
0.0003883479999999828 623
0.0003884050000002581 622
0.00038846200000008935 621
0.00038851899999992057 620
0.0003885760000001959 619
0.0003886330000000271 618
0.000388753000000186 617
0.0003888100000000172 616
0.0003888669999998484 615
0.0003889240000001237 614
0.00038898099999995495 613
0.00038910100000011383 612
0.00038915799999994505 611
0.00038921500000022036 610
0.0003892720000000516 609
0.0003893289999998828 608
0.0003893860000001581 607
0.0003894429999999893 606
0.00038949999999982055 605
0.00038955700000009585 604
0.0003896139999999271 603
0.0003896710000002024 602
0.0003897280000000336 601
0.0003897849999998648 600
0.00038984200000014013 599
0.00038989899999997135 598
0.00038995600000024666 597
0.0003900130000000779 596
0.0003900699999999091 595
0.0003901270000001844 594
0.00039018400000001563 593
0.00039024099999984685 592
0.00039029800000012216 591
0.0003903549999999534 590
0.0003904120000002287 589
0.0003904690000000599 588
0.0003905259999998911 587
0.00039058300000016644 586
0.00039063999999999766 585
0.0003906969999998289 584
0.0003907540000001042 583
0.0003908109999999354 582
0.0003908680000002107 581
0.00039092500000004193 580
0.0003910450000002008 579
0.00039110200000003204 578
0.0003912220000001909 577
0.00039127900000002214 576
0.00039133599999985336 575
0.00039145600000001224 574
0.00039151299999984346 573
0.00039157000000011877 572
0.00039162699999995 571
0.0003916840000002253 570
0.0003917410000000565 569
0.00039179799999988774 568
0.00039185500000016305 567
0.00039197499999987784 566
0.00039203200000015315 565
0.00039215199999986794 564
0.00039220900000014325 563
0.00039232899999985804 562
0.0003924490000000169 561
0.0003925690000001758 560
0.0003926889999998906 559
0.0003928090000000495 558
0.0003928659999998807 557
0.000392923000000156 556
0.0003930429999998708 555
0.0003931000000001461 554
0.00039315699999997733 553
0.00039321400000025264 552
0.00039333399999996743 551
0.00039339100000024274 550
0.00039344800000007396 549
0.0003935049999999052 548
0.0003935620000001805 547
0.0003936190000000117 546
0.00039367599999984293 545
0.00039373300000011824 544
0.00039378999999994946 543
0.00039384700000022477 542
0.00039396699999993956 541
0.00039402400000021487 540
0.0003940810000000461 539
0.0003941379999998773 538
0.0003942580000000362 537
0.00039437800000019507 536
0.00039449799999990987 535
0.00039461800000006875 534
0.00039467499999989997 533
0.00039479500000005885 532
0.00039491500000021773 531
0.00039497200000004895 530
0.00039502899999988017 529
0.0003950860000001555 528
0.0003951429999999867 527
0.0003952630000001456 526
0.0003953829999998604 525
0.0003954400000001357 524
0.0003955599999998505 523
0.00039568000000000936 522
0.0003957369999998406 521
0.0003957940000001159 520
0.0003958509999999471 519
0.000395971000000106 518
0.0003960909999998208 517
0.0003961480000000961 516
0.00039626800000025497 515
0.0003963790000001133 516
0.00039638799999996976 515
0.0003964450000002451 514
0.0003965020000000763 513
0.0003965589999999075 512
0.0003966160000001828 511
0.0003967359999998976 510
0.0003967930000001729 509
0.00039685000000000414 508
0.00039690699999983536 507
0.00039702699999999425 506
0.00039708399999982547 505
0.0003971410000001008 504
0.000397197999999932 503
0.0003972550000002073 502
0.0003973120000000385 501
0.00039736899999986974 500
0.00039742600000014505 499
0.00039748299999997627 498
0.0003975400000002516 497
0.0003976599999999664 496
0.0003977170000002417 495
0.0003977740000000729 494
0.0003978309999999041 493
0.000397951000000063 492
0.0003980079999998942 491
0.00039806500000016953 490
0.00039812200000000075 489
0.00039824200000015963 488
0.00039829899999999085 487
0.0003983559999998221 486
0.00039837000000009226 487
0.0003984130000000974 486
0.0003984699999999286 485
0.0003985270000002039 484
0.0003986469999999187 483
0.000398704000000194 482
0.00039876100000002523 481
0.00039881799999985645 480
0.00039887500000013176 479
0.000398931999999963 478
0.0003989890000002383 477
0.0003990460000000695 476
0.00039910299999990073 475
0.00039916000000017604 474
0.00039921700000000726 473
0.0003992739999998385 472
0.0003993310000001138 471
0.000399387999999945 470
0.0003994450000002203 469
0.00039950200000005154 468
0.00039955899999988276 467
0.00039961600000015807 466
0.0003996729999999893 465
0.0003997299999998205 464
0.0003997870000000958 463
0.00039989400000006725 464
0.0003999070000002547 463
0.0003999640000000859 462
0.00040002099999991714 461
0.00040007800000019245 460
0.0004001339999999409 461
0.00040013500000002367 460
0.0004001919999998549 459
0.0004002490000001302 458
0.0004003059999999614 457
0.0004003630000002367 456
0.00040042000000006794 455
0.00040047699999989916 454
0.00040053400000017447 453
0.0004005910000000057 452
0.0004006479999998369 451
0.0004006589999998589 452
0.0004007050000001122 451
0.00040076199999994344 450
0.00040081900000021875 449
0.00040087600000004997 448
0.0004009329999998812 447
0.0004009900000001565 446
0.0004010469999999877 445
0.00040110399999981894 444
0.0004012239999999778 443
0.00040128100000025313 442
0.00040133800000008435 441
0.00040145800000024323 440
0.00040151500000007445 439
0.00040157199999990567 438
0.00040169200000006455 437
0.00040174899999989577 436
0.0004018060000001711 435
0.0004018630000000023 434
0.0004019199999998335 433
0.0004020399999999924 432
0.0004020969999998236 431
0.00040215400000009893 430
0.00040221099999993015 429
0.00040226800000020546 428
0.0004023250000000367 427
0.0004023819999998679 426
0.0004024390000001432 425
0.00040249599999997443 424
0.00040255300000024974 423
0.00040255800000021935 424
0.00040261000000008096 423
0.0004026669999999122 422
0.0004027240000001875 421
0.0004027810000000187 420
0.00040283799999984993 419
0.00040289500000012524 418
0.00040301499999984003 417
0.00040307200000011534 416
0.00040312899999994656 415
0.00040318600000022187 414
0.0004032430000000531 413
0.0004032999999998843 412
0.0004033570000001596 411
0.00040341399999999084 410
0.00040347099999982206 409
0.00040352800000009736 408
0.0004035849999999286 407
0.00040363399999998606 408
0.0004036420000002039 407
0.0004036990000000351 406
0.00040375599999986633 405
0.00040381300000014164 404
0.00040386999999997286 403
0.0004039229999999172 404
0.00040392700000024817 403
0.0004039840000000794 402
0.0004040409999999106 401
0.0004040980000001859 400
0.00040415500000001714 399
0.00040421199999984836 398
0.00040426900000012367 397
0.00040438899999983846 396
0.00040444600000011377 395
0.000404502999999945 394
0.00040450500000011047 395
0.0004045600000002203 394
0.0004046170000000515 393
0.00040467399999988274 392
0.0004047940000000416 391
0.00040485099999987284 390
0.00040490800000014815 389
0.00040496499999997937 388
0.0004050220000002547 387
0.0004050790000000859 386
0.0004051359999999171 385
0.0004051930000001924 384
0.00040525000000002365 383
0.00040525499999999326 384
0.000405285000000255 385
0.00040530699999985487 384
0.0004053640000001302 383
0.0004054209999999614 382
0.0004054780000002367 381
0.0004055350000000679 380
0.00040559199999989914 379
0.000405712000000058 378
0.00040576899999988925 377
0.00040582600000016456 376
0.0004058829999999958 375
0.000405939999999827 374
0.0004059970000001023 373
0.0004060539999999335 372
0.00040611100000020883 371
0.00040616800000004005 370
0.00040622499999987127 369
0.0004062820000001466 368
0.0004063389999999778 367
0.0004063960000002531 366
0.00040645300000008433 365
0.00040650999999991555 364
0.00040656700000019086 363
0.0004065870000000693 364
0.0004066240000000221 363
0.0004066809999998533 362
0.0004067380000001286 361
0.00040679499999995983 360
0.00040685200000023514 359
0.00040685399999995653 360
0.00040690900000006636 359
0.0004069659999998976 358
0.0004070230000001729 357
0.0004070800000000041 356
0.000407200000000163 355
0.0004072569999999942 354
0.0004072590000001597 355
0.0004073139999998254 354
0.00040737100000010074 353
0.00040742799999993196 352
0.00040748500000020726 351
0.00040760499999992206 350
0.00040766200000019737 349
0.0004077190000000286 348
0.00040783900000018747 347
0.0004078960000000187 346
0.0004079099999998448 347
0.0004079529999998499 346
0.0004080100000001252 345
0.00040806699999995644 344
0.00040812400000023175 343
0.00040818100000006297 342
0.0004082379999998942 341
0.0004082950000001695 340
0.0004083520000000007 339
0.00040840899999983193 338
0.00040846600000010724 337
0.00040858599999982204 336
0.00040864300000009735 335
0.0004087630000002562 334
0.00040882000000008745 333
0.00040887699999991867 332
0.000408934000000194 331
0.0004089910000000252 330
0.0004091110000001841 329
0.0004091680000000153 328
0.0004092249999998465 327
0.0004092820000001218 326
0.0004094019999998366 325
0.00040945900000011193 324
0.00040951599999994315 323
0.00040957300000021846 322
0.0004096300000000497 321
0.0004096869999998809 320
0.0004097440000001562 319
0.0004098009999999874 318
0.00040985799999981865 317
0.00040991500000009395 316
0.0004099719999999252 315
0.00041009200000008406 314
0.00041010099999994054 315
0.0004101489999999153 314
0.0004102060000001906 313
0.0004102630000000218 312
0.000410319999999853 311
0.00041037700000012833 310
0.00041043399999995955 309
0.00041049100000023486 308
0.0004105480000000661 307
0.0004106049999998973 306
0.0004106070000000628 307
0.0004107250000000562 306
0.0004107819999998874 305
0.0004108390000001627 304
0.00041089599999999393 303
0.00041095299999982515 302
0.00041101000000010046 301
0.0004110669999999317 300
0.000411124000000207 299
0.0004112439999999218 298
0.0004113010000001971 297
0.0004113580000000283 296
0.00041141499999985953 295
0.00041147200000013484 294
0.00041152899999996606 293
0.00041158600000024137 292
0.0004116430000000726 291
0.0004116999999999038 290
0.0004117570000001791 289
0.00041181400000001034 288
0.00041187099999984156 287
0.00041199100000000044 286
0.0004121110000001593 285
0.0004122309999998741 284
0.0004122880000001494 283
0.00041234499999998064 284
0.00041234499999998064 283
0.00041240200000025595 282
0.00041245900000008717 281
0.0004124999999999268 282
0.0004125159999999184 281
0.0004125730000001937 280
0.0004126300000000249 279
0.00041268699999985614 278
0.00041274400000013145 277
0.00041286399999984624 276
0.00041292100000012155 275
0.00041297799999995277 274
0.0004130350000002281 273
0.0004130920000000593 272
0.0004131489999998905 271
0.00041320600000016583 270
0.00041326299999999705 269
0.00041331999999982827 268
0.0004133770000001036 267
0.00041349699999981837 266
0.0004135540000000937 265
0.0004136109999999249 264
0.0004136579999998169 265
0.0004136680000002002 264
0.00041372500000003143 263
0.00041378199999986265 262
0.00041383900000013796 261
0.00041395899999985275 260
0.00041401600000012806 259
0.00041402999999995416 260
0.0004140729999999593 259
0.0004141300000002346 258
0.0004141870000000658 257
0.00041424399999989703 256
0.0004142969999998414 257
0.0004143640000000559 256
0.00041442099999988713 255
0.000414541000000046 254
0.00041459799999987723 253
0.00041465500000015254 252
0.00041471199999998376 251
0.00041476900000025907 250
0.0004148260000000903 249
0.0004148549999998252 250
0.0004148829999999215 249
0.0004150030000000804 248
0.0004150599999999116 247
0.0004151170000001869 246
0.0004151640000000789 247
0.00041517400000001814 246
0.00041523099999984936 245
0.00041528800000012467 244
0.0004153449999999559 243
0.0004154020000002312 242
0.0004154590000000624 241
0.00041551599999989364 240
0.00041557300000016895 239
0.00041562000000006094 240
0.00041563000000000017 239
0.0004156869999998314 238
0.0004157440000001067 237
0.0004158009999999379 236
0.0004158580000002132 235
0.00041591100000015757 236
0.00041591500000004444 235
0.00041597199999987566 234
0.00041602900000015097 233
0.00041613899999992654 234
0.00041614899999986577 233
0.0004162060000001411 232
0.0004162629999999723 231
0.0004163200000002476 230
0.0004163770000000788 229
0.00041643399999991004 228
0.0004164360000000755 229
0.00041649100000018535 228
0.00041654800000001657 227
0.0004166049999998478 226
0.0004166620000001231 225
0.0004167189999999543 224
0.00041677600000022963 223
0.00041683300000006085 222
0.00041688999999989207 221
0.0004170060000001641 222
0.00041701000000005095 221
0.00041712599999987887 222
0.00041713000000020983 221
0.00041718700000004105 220
0.00041730700000019993 219
0.0004174169999999755 220
0.00041742699999991473 219
0.00041748400000019004 218
0.00041754100000002126 217
0.0004175979999998525 216
0.0004176550000001278 215
0.0004177749999998426 214
0.0004178320000001179 213
0.0004178889999999491 212
0.0004179460000002244 211
0.00041800300000005564 210
0.00041805999999988686 209
0.00041811700000016216 208
0.0004181739999999934 207
0.0004182309999998246 206
0.0004182880000000999 205
0.00041834499999993113 204
0.00041840200000020644 203
0.00041845900000003766 202
0.0004185159999998689 201
0.00041863600000002776 200
0.000418692999999859 199
0.0004187500000001343 198
0.0004188699999998491 197
0.0004189270000001244 196
0.0004190469999998392 195
0.0004191040000001145 194
0.0004191609999999457 193
0.0004192810000001046 192
0.0004193379999999358 191
0.0004194580000000947 190
0.00041951100000003905 191
0.0004195149999999259 190
0.00041957200000020123 189
0.00041962900000003245 188
0.00041968599999986367 187
0.000419743000000139 186
0.0004197999999999702 185
0.0004198570000002455 184
0.0004199140000000767 183
0.00041997099999990795 182
0.00042002800000018325 181
0.0004200850000000145 180
0.0004201419999998457 179
0.0004201890000001818 180
0.000420199000000121 179
0.0004202559999999522 178
0.00042031300000022753 177
0.00042037000000005875 176
0.00042042699999988997 175
0.0004204840000001653 174
0.0004205409999999965 173
0.0004205979999998277 172
0.00042065500000010303 171
0.00042071199999993425 170
0.00042076900000020956 169
0.0004208260000000408 168
0.000420882999999872 167
0.0004209400000001473 166
0.00042099699999997853 165
0.00042105400000025384 164
0.00042111100000008506 163
0.0004211679999999163 162
0.0004212250000001916 161
0.0004212820000000228 160
0.0004212840000001883 161
0.000421338999999854 160
0.00042139600000012933 159
0.00042145299999996055 158
0.00042151000000023586 157
0.0004215670000000671 156
0.0004216239999998983 155
0.0004216810000001736 154
0.00042168899999994736 155
0.00042173800000000483 154
0.00042179499999983605 153
0.00042185200000011136 152
0.00042186599999993746 153
0.0004219050000000557 154
0.0004219089999999426 153
0.0004219660000002179 152
0.0004220230000000491 151
0.00042207999999988033 150
0.00042213700000015564 149
0.00042219399999998686 148
0.0004222509999998181 147
0.0004223080000000934 146
0.00042232799999997184 147
0.0004223649999999246 146
0.0004224220000001999 145
0.00042247900000003114 144
0.00042253599999986236 143
0.00042259300000013766 142
0.0004226499999999689 141
0.0004227070000002442 140
0.0004227640000000754 139
0.00042282099999990663 138
0.00042287800000018194 137
0.00042293500000001316 136
0.0004229919999998444 135
0.0004230490000001197 134
0.0004231059999999509 133
0.0004231630000002262 132
0.00042322000000005744 131
0.00042327699999988866 130
0.00042339700000004754 129
0.00042345399999987876 128
0.0004234740000002013 129
0.00042351100000015407 128
0.0004235679999999853 127
0.0004236249999998165 126
0.0004236820000000918 125
0.00042373899999992304 124
0.00042379600000019835 123
0.00042385300000002957 122
0.0004239099999998608 121
0.0004239670000001361 120
0.0004240239999999673 119
0.0004240810000002426 118
0.00042413800000007384 117
0.00042419499999990506 116
0.0004242520000001804 115
0.0004243090000000116 114
0.0004243659999998428 113
0.0004244230000001181 112
0.0004244550000001013 113
0.00042447999999994934 112
0.00042453700000022465 111
0.00042459400000005587 110
0.0004246320000000914 111
0.0004246509999998871 110
0.0004247080000001624 109
0.00042475200000025026 110
0.0004247649999999936 109
0.00042482199999982484 108
0.00042487900000010015 107
0.00042493599999993137 106
0.0004249930000002067 105
0.0004250500000000379 104
0.0004251000000001781 105
0.0004251069999998691 104
0.0004251640000001444 103
0.00042522099999997565 102
0.00042527800000025096 101
0.0004253350000000822 100
0.0004253919999999134 99
0.0004254490000001887 98
0.0004255060000000199 97
0.00042556299999985114 96
0.00042562000000012645 95
0.00042567699999995767 94
0.000425734000000233 93
0.0004257910000000642 92
0.0004258479999998954 91
0.00042590500000017073 90
0.0004259609999999192 91
0.00042596200000000195 90
0.00042601899999983317 89
0.0004260760000001085 88
0.0004261329999999397 87
0.000426190000000215 86
0.0004261950000001846 87
0.00042624700000004623 86
0.0004262819999998335 87
0.00042630399999987745 86
0.00042636100000015276 85
0.000426417999999984 84
0.0004264750000002593 83
0.0004265320000000905 82
0.0004265889999999217 81
0.00042660599999999604 82
0.00042664600000019703 81
0.00042670300000002825 80
0.0004267599999998595 79
0.00042678299999998615 80
0.0004268170000001348 79
0.000426873999999966 78
0.0004269310000002413 77
0.00042698800000007253 76
0.00042704499999990375 75
0.00042710200000017906 74
0.00042722199999989385 73
0.00042727900000016916 72
0.0004273360000000004 71
0.00042745600000015926 70
0.00042757599999987406 69
0.00042769600000003294 68
0.00042775299999986416 67
0.00042787300000002304 66
0.00042792999999985426 65
0.00042798700000012957 64
0.0004280439999999608 63
0.0004281010000002361 62
0.0004281200000000318 63
0.0004281580000000673 62
0.00042821499999989854 61
0.00042827200000017385 60
0.00042832900000000507 59
0.00042844900000016395 58
0.00042856899999987874 57
0.0004286890000000376 56
0.0004288090000001965 55
0.0004289289999999113 54
0.0004290490000000702 53
0.0004291059999999014 52
0.0004291630000001767 51
0.00042922000000000793 50
0.00042927699999983915 49
0.00042933400000011446 48
0.0004293909999999457 47
0.00042951100000010456 46
0.0004295679999999358 45
0.0004296250000002111 44
0.0004296820000000423 43
0.00042973899999987353 42
0.0004298590000000324 41
0.0004299790000001913 40
0.0004300360000000225 39
0.00043009299999985373 38
0.0004302130000000126 37
0.0004303330000001715 36
0.0004303900000000027 35
0.00043044699999983393 34
0.00043050400000010924 33
0.00043056099999994046 32
0.00043068100000009935 31
0.000430721999999939 32
0.00043073799999993057 31
0.00043085800000008945 30
0.00043091499999992067 29
0.000430972000000196 28
0.00043109199999991077 27
0.0004311490000001861 26
0.00043126899999990087 25
0.0004313260000001762 24
0.0004313830000000074 23
0.0004314399999998386 22
0.00043149700000011393 21
0.00043155399999994515 20
0.00043161100000022046 19
0.0004316680000000517 18
0.0004317249999998829 17
0.0004318450000000418 16
0.000431901999999873 15
0.0004319590000001483 14
0.00043201599999997953 13
0.00043207300000025484 12
0.00043213000000008606 11
0.0004321869999999173 10
0.0004322440000001926 9
0.0004323010000000238 8
0.000432357999999855 7
0.00043241500000013033 6
0.00043247199999996155 5
0.00043252900000023686 4
0.0004325860000000681 3
0.00043270600000022696 2
0.0004327630000000582 1
0.0004328199999998894 0
0.00043805500000004827 1
0.00043805500000004827 0
0.0004604879999998701 1
0.0004604879999998701 0
0.0004703930000000689 1
0.0004703930000000689 0
0.0004803429999999942 1
0.0004803429999999942 0
0.00048760000000003245 1
0.00048760000000003245 0
0.0005026730000001756 1
0.0005026730000001756 0
0.000509624999999847 1
0.000509624999999847 0
0.0005102500000000454 1
0.0005102500000000454 0
0.0005103200000000641 1
0.0005103200000000641 0
0.0005123099999999603 1
0.0005123099999999603 0
0.0005135269999998471 1
0.0005135269999998471 0
0.0005212810000001511 1
0.0005212810000001511 0
0.0005212960000000599 1
0.0005212960000000599 0
0.0005222410000000899 1
0.0005222410000000899 0
0.0005241809999998459 1
0.0005241809999998459 0
0.0005241950000001161 1
0.0005241950000001161 0
0.0005591680000001098 1
0.0005591680000001098 0
0.000564118999999863 1
0.000564118999999863 0
0.0005652889999998578 1
0.0005652889999998578 0
0.0005664859999998662 1
0.0005664859999998662 0
0.000566914000000196 1
0.000566914000000196 0
0.0005804409999998761 1
0.0005804409999998761 0
0.0005879819999998759 1
0.0005879819999998759 0
0.0006196190000000712 1
0.0006196190000000712 0
0.0006281079999999051 1
0.0006281079999999051 0
0.000667363000000254 1
0.000667363000000254 0
0.00066960699999985 1
0.00066960699999985 0
0.0006781400000002158 1
0.0006781400000002158 0
0.000690360000000112 1
0.000690360000000112 0
0.0006910169999998494 0