time length
0.0 0
1.924999999847188e-06 1
1.924999999847188e-06 0
1.9749999999874035e-06 1
1.9749999999874035e-06 0
2.069999999854133e-06 1
2.069999999854133e-06 0
2.2349999997395287e-06 1
2.2349999997395287e-06 0
2.5450000000759587e-06 1
2.5450000000759587e-06 0
2.5599999999847967e-06 1
2.5599999999847967e-06 0
2.7799999999800207e-06 1
2.7799999999800207e-06 0
2.8699999998771375e-06 1
2.8699999998771375e-06 0
3.215000000000856e-06 1
3.215000000000856e-06 0
3.790000000059024e-06 1
3.790000000059024e-06 0
3.879999999956141e-06 1
3.879999999956141e-06 0
3.8970000000304594e-06 1
3.8970000000304594e-06 0
3.986999999927576e-06 1
3.986999999927576e-06 0
4.000000000115023e-06 1
4.016999999745252e-06 0
4.091999999733531e-06 1
4.114999999860203e-06 2
4.119999999829815e-06 3
4.136999999904134e-06 2
4.228999999966732e-06 3
4.230000000049472e-06 4
4.235000000019085e-06 5
4.257000000063016e-06 4
4.35999999970349e-06 5
4.376999999777809e-06 4
4.38100000010877e-06 3
4.384999999995642e-06 2
4.388999999882515e-06 1
4.389999999965255e-06 2
4.392999999769387e-06 1
4.4189999997001905e-06 2
4.424000000113892e-06 3
4.429000000083505e-06 4
4.5090000000413966e-06 5
4.512999999928269e-06 4
4.516999999815141e-06 3
4.520999999702013e-06 2
4.525000000032975e-06 1
4.528999999919847e-06 0
4.593999999968901e-06 1
4.593999999968901e-06 0
4.598999999938513e-06 1
4.598999999938513e-06 0
4.618999999816964e-06 1
4.618999999816964e-06 0
4.673999999926792e-06 1
4.673999999926792e-06 0
4.676999999730924e-06 1
4.676999999730924e-06 0
4.678999999896405e-06 1
4.678999999896405e-06 0
4.729000000036621e-06 1
4.7770000000113555e-06 2
4.778000000094096e-06 3
4.7979999999725464e-06 2
4.801999999859419e-06 1
4.805999999746291e-06 0
4.8100000000772525e-06 1
4.82499999998609e-06 2
4.907000000109463e-06 3
4.907000000109463e-06 4
4.907999999748114e-06 5
4.909999999913595e-06 6
4.925999999905173e-06 5
4.929999999792045e-06 4
4.934000000123007e-06 3
4.938000000009879e-06 2
4.944999999700883e-06 3
4.968999999910295e-06 4
4.9789999998495205e-06 5
5.004000000141673e-06 6
5.0090000001112855e-06 7
5.038999999928961e-06 8
5.041999999733093e-06 9
5.057999999724672e-06 8
5.058999999807412e-06 9
5.134999999878431e-06 10
5.1569999999223626e-06 11
5.158000000005103e-06 12
5.159000000087843e-06 13
5.1779999998835535e-06 12
5.181999999770426e-06 11
5.186000000101387e-06 10
5.188999999905519e-06 11
5.218999999723195e-06 12
5.24899999998496e-06 13
5.30599999981618e-06 12
5.309000000064401e-06 13
5.309999999703052e-06 12
5.314000000034014e-06 11
5.315000000116754e-06 12
5.317999999920886e-06 11
5.321999999807758e-06 10
5.325000000055979e-06 11
5.32600000013872e-06 10
5.339999999964817e-06 11
5.348999999821302e-06 12
5.352000000069523e-06 13
5.353999999790915e-06 14
5.393999999991905e-06 15
5.398999999961518e-06 16
5.408999999900743e-06 17
5.4459999998535125e-06 16
5.449999999740385e-06 15
5.454000000071346e-06 14
5.535000000111978e-06 15
5.573999999786139e-06 14
5.5780000001171e-06 13
5.582000000003973e-06 12
5.59499999974733e-06 13
5.604000000047904e-06 14
5.605000000130644e-06 15
5.6059999997692955e-06 16
5.606999999852036e-06 17
5.654999999826771e-06 18
5.661999999961864e-06 19
5.67400000006657e-06 20
5.6900000000581485e-06 21
5.6989999999146335e-06 22
5.701999999718765e-06 21
5.761999999798206e-06 22
5.762999999880947e-06 23
5.773999999902912e-06 24
5.778999999872525e-06 25
5.821999999877647e-06 24
5.824000000043128e-06 25
5.863999999800029e-06 26
5.927000000127691e-06 27
5.933999999818695e-06 28
5.942000000036529e-06 27
5.9459999999234014e-06 26
5.949999999810274e-06 25
5.954000000141235e-06 24
5.9580000000281075e-06 23
5.96199999991498e-06 22
5.9640000000804605e-06 23
5.993999999898136e-06 24
6.041999999872871e-06 25
6.042999999955612e-06 26
6.073999999856028e-06 27
6.074999999938768e-06 28
6.082000000073862e-06 27
6.085999999960734e-06 26
6.089999999847606e-06 25
6.0939999997344785e-06 24
6.09800000006544e-06 23
6.101999999952312e-06 22
6.1059999998391845e-06 21
6.186999999879816e-06 22
6.200000000067263e-06 23
6.206999999758267e-06 24
6.207999999841007e-06 25
6.224999999915326e-06 26
6.225999999998066e-06 25
6.229999999884939e-06 24
6.233999999771811e-06 23
6.2380000001027724e-06 22
6.25199999992887e-06 23
6.280000000025154e-06 24
6.353999999930693e-06 25
6.357999999817565e-06 24
6.431999999723104e-06 25
6.469000000119962e-06 26
6.476999999893707e-06 27
6.477999999976447e-06 26
6.481999999863319e-06 25
6.485999999750192e-06 24
6.490000000081153e-06 23
6.503999999907251e-06 24
6.519999999898829e-06 25
6.544000000108241e-06 26
6.559000000017079e-06 27
6.609999999795946e-06 26
6.614000000126907e-06 25
6.6180000000137795e-06 24
6.61900000009652e-06 25
6.621999999900652e-06 24
6.622999999983392e-06 25
6.625999999787524e-06 24
6.627999999953005e-06 25
6.629000000035745e-06 26
6.6300000001184856e-06 25
6.63799999989223e-06 26
6.642999999861843e-06 27
6.647999999831455e-06 28
6.649999999996936e-06 29
6.652999999801068e-06 30
6.657999999770681e-06 31
6.662999999740293e-06 32
6.667999999709906e-06 33
6.673000000123608e-06 34
6.6780000000932205e-06 35
6.683000000062833e-06 36
6.688000000032446e-06 37
6.721999999736994e-06 38
6.722999999819734e-06 39
6.723999999902475e-06 40
6.724999999985215e-06 41
6.726000000067955e-06 42
6.7269999997066066e-06 43
6.727999999789347e-06 44
6.728999999872087e-06 45
6.729999999954828e-06 46
6.731000000037568e-06 47
6.732000000120308e-06 48
6.7329999997589596e-06 49
6.737999999728572e-06 50
6.743000000142274e-06 51
6.748000000111887e-06 52
6.748999999750538e-06 53
6.749999999833278e-06 52
6.753000000081499e-06 53
6.758000000051112e-06 54
6.763000000020725e-06 55
6.769999999711729e-06 56
6.793999999921141e-06 57
6.795000000003881e-06 58
6.796000000086622e-06 59
6.796999999725273e-06 60
6.797999999808013e-06 61
6.7989999998907535e-06 62
6.799999999973494e-06 63
6.802999999777626e-06 64
6.807000000108587e-06 65
6.8079999997472385e-06 66
6.808999999829979e-06 67
6.812999999716851e-06 68
6.818000000130553e-06 69
6.849000000030969e-06 70
6.86999999999216e-06 69
6.878999999848645e-06 70
6.8799999999313854e-06 71
6.881000000014126e-06 72
6.910999999831802e-06 73
6.941000000093567e-06 74
6.941999999732218e-06 75
6.942999999814958e-06 76
6.943999999897699e-06 77
6.944999999980439e-06 78
6.946000000063179e-06 79
6.975999999880855e-06 80
6.976999999963596e-06 81
6.978000000046336e-06 82
6.979000000129076e-06 83
6.9799999997677276e-06 84
6.980999999850468e-06 85
6.981999999933208e-06 86
6.989999999706953e-06 85
7.011999999750884e-06 86
7.0129999998336245e-06 87
7.013999999916365e-06 88
7.027000000103811e-06 89
7.043999999734041e-06 90
7.044999999816781e-06 91
7.0459999998995215e-06 92
7.055999999838747e-06 93
7.075999999717197e-06 94
7.076999999799938e-06 95
7.077999999882678e-06 96
7.0789999999654185e-06 97
7.080000000048159e-06 98
7.081000000130899e-06 99
7.08199999976955e-06 100
7.082999999852291e-06 101
7.083999999935031e-06 102
7.0850000000177715e-06 103
7.086000000100512e-06 104
7.086999999739163e-06 105
7.0879999998219034e-06 106
7.088999999904644e-06 107
7.089999999987384e-06 108
7.0910000000701245e-06 109
7.091999999708776e-06 110
7.092999999791516e-06 111
7.0939999998742564e-06 112
7.094999999956997e-06 113
7.096000000039737e-06 114
7.0970000001224776e-06 115
7.097999999761129e-06 116
7.098999999843869e-06 117
7.0999999999266095e-06 118
7.10100000000935e-06 119
7.109999999865835e-06 118
7.130999999827026e-06 119
7.131999999909766e-06 120
7.1329999999925064e-06 121
7.134000000075247e-06 122
7.134999999713898e-06 123
7.135999999796638e-06 124
7.136999999879379e-06 125
7.137999999962119e-06 126
7.1390000000448595e-06 127
7.1400000001276e-06 128
7.140999999766251e-06 129
7.141999999848991e-06 130
7.1720000001107564e-06 131
7.172999999749408e-06 132
7.203000000011173e-06 133
7.204000000093913e-06 134
7.204999999732564e-06 135
7.205999999815305e-06 136
7.206999999898045e-06 137
7.207999999980785e-06 138
7.209000000063526e-06 139
7.230000000024717e-06 138
7.233999999911589e-06 137
7.236999999715721e-06 138
7.2389999998812016e-06 139
7.269000000142967e-06 140
7.2989999999606425e-06 141
7.300000000043383e-06 142
7.329999999861059e-06 143
7.330999999943799e-06 144
7.3320000000265395e-06 145
7.3320000000265395e-06 146
7.33300000010928e-06 147
7.333999999747931e-06 148
7.354000000070471e-06 147
7.357999999957343e-06 146
7.364000000009696e-06 147
7.3650000000924365e-06 148
7.394999999910112e-06 149
7.395999999992853e-06 150
7.397000000075593e-06 151
7.397000000075593e-06 152
7.397999999714244e-06 153
7.398999999796985e-06 154
7.399999999879725e-06 155
7.43000000014149e-06 156
7.459999999959166e-06 157
7.461000000041906e-06 158
7.462000000124647e-06 159
7.462999999763298e-06 160
7.463999999846038e-06 161
7.464999999928779e-06 162
7.466000000011519e-06 163
7.467000000094259e-06 164
7.4679999997329105e-06 165
7.468999999815651e-06 166
7.469999999898391e-06 167
7.470999999981132e-06 168
7.472000000063872e-06 169
7.472999999702523e-06 170
7.4739999997852635e-06 171
7.474999999868004e-06 172
7.475999999950744e-06 173
7.477000000033485e-06 174
7.478000000116225e-06 175
7.478000000116225e-06 174
7.478999999754876e-06 175
7.4799999998376165e-06 176
7.480999999920357e-06 177
7.482000000003097e-06 176
7.510999999738033e-06 177
7.511999999820773e-06 178
7.5129999999035135e-06 179
7.513999999986254e-06 180
7.54399999980393e-06 181
7.54499999988667e-06 182
7.5459999999694105e-06 183
7.547000000052151e-06 184
7.576999999869827e-06 185
7.577999999952567e-06 186
7.5790000000353075e-06 187
7.580000000118048e-06 188
7.580999999756699e-06 189
7.60199999971789e-06 188
7.6060000000488515e-06 187
7.609999999935724e-06 186
7.611000000018464e-06 187
7.64099999983614e-06 188
7.64199999991888e-06 189
7.671999999736556e-06 190
7.701999999998321e-06 191
7.703000000081062e-06 192
7.730000000094606e-06 191
7.732999999898738e-06 192
7.733999999981478e-06 193
7.733999999981478e-06 192
7.73799999986835e-06 191
7.763999999799154e-06 192
7.764999999881894e-06 193
7.765999999964635e-06 194
7.767000000047375e-06 195
7.768000000130115e-06 196
7.797999999947791e-06 197
7.827999999765467e-06 198
7.828999999848207e-06 199
7.829999999930948e-06 200
7.831000000013688e-06 201
7.832000000096428e-06 202
7.83299999973508e-06 203
7.858000000027232e-06 202
7.861999999914104e-06 201
7.862999999996845e-06 202
7.864000000079585e-06 203
7.864999999718236e-06 204
7.865999999800977e-06 205
7.866999999883717e-06 206
7.867999999966457e-06 207
7.897999999784133e-06 208
7.928000000045898e-06 209
7.929000000128639e-06 210
7.92999999976729e-06 211
7.93099999985003e-06 212
7.93199999993277e-06 213
7.933000000015511e-06 214
7.934000000098251e-06 215
7.934999999736903e-06 216
7.935999999819643e-06 217
7.936999999902383e-06 218
7.966999999720059e-06 219
7.982000000072986e-06 218
7.985999999959859e-06 217
7.98999999984673e-06 216
7.993999999733603e-06 215
7.996999999981824e-06 216
7.998000000064565e-06 217
7.998000000064565e-06 216
7.998999999703216e-06 217
7.999999999785956e-06 218
8.000999999868696e-06 219
8.001999999951437e-06 220
8.001999999951437e-06 219
8.003000000034177e-06 220
8.004000000116918e-06 221
8.004999999755569e-06 222
8.005999999838309e-06 223
8.005999999838309e-06 222
8.00699999992105e-06 223
8.00800000000379e-06 224
8.009999999725181e-06 223
8.014000000056143e-06 222
8.017999999943015e-06 221
8.021999999829887e-06 220
8.02599999971676e-06 219
8.030000000047721e-06 218
8.033999999934593e-06 217
8.037999999821466e-06 218
8.037999999821466e-06 217
8.038999999904206e-06 218
8.039999999986946e-06 219
8.041999999708338e-06 218
8.0460000000393e-06 217
8.049999999926172e-06 216
8.053999999813044e-06 215
8.058000000144006e-06 214
8.062000000030878e-06 213
8.069999999804622e-06 214
8.070999999887363e-06 215
8.071999999970103e-06 216
8.073000000052843e-06 217
8.074000000135584e-06 218
8.074999999774235e-06 219
8.075999999856975e-06 220
8.076999999939716e-06 221
8.078000000022456e-06 222
8.107999999840132e-06 223
8.138000000101897e-06 224
8.138999999740548e-06 225
8.139999999823289e-06 226
8.140999999906029e-06 227
8.14199999998877e-06 228
8.14300000007151e-06 229
8.143999999710161e-06 230
8.144999999792901e-06 231
8.175000000054666e-06 232
8.176000000137407e-06 233
8.176999999776058e-06 234
8.177999999858798e-06 235
8.18199999974567e-06 234
8.186000000076632e-06 233
8.189999999963504e-06 232
8.193999999850377e-06 231
8.197999999737249e-06 230
8.20200000006821e-06 229
8.205999999955083e-06 228
8.208000000120563e-06 229
8.208999999759214e-06 230
8.209999999841955e-06 231
8.209999999841955e-06 230
8.210999999924695e-06 231
8.212000000007436e-06 232
8.213000000090176e-06 233
8.213999999728827e-06 234
8.213999999728827e-06 233
8.214999999811567e-06 234
8.218000000059789e-06 233
8.221999999946661e-06 232
8.225999999833533e-06 231
8.229999999720405e-06 230
8.234000000051367e-06 229
8.23799999993824e-06 228
8.241999999825111e-06 227
8.245000000073333e-06 228
8.245999999711984e-06 229
8.245999999711984e-06 228
8.246999999794724e-06 229
8.250000000042945e-06 228
8.253999999929817e-06 227
8.27700000005649e-06 228
8.27800000013923e-06 229
8.306999999874165e-06 230
8.31699999981339e-06 231
8.33700000013593e-06 232
8.337999999774581e-06 233
8.338999999857322e-06 234
8.339999999940062e-06 235
8.341000000022802e-06 236
8.342000000105543e-06 237
8.342999999744194e-06 238
8.343999999826934e-06 239
8.344999999909675e-06 240
8.345999999992415e-06 241
8.347000000075155e-06 242
8.347000000075155e-06 243
8.347999999713807e-06 244
8.348999999796547e-06 245
8.349999999879287e-06 246
8.350999999962028e-06 247
8.3740000000887e-06 246
8.380999999779704e-06 247
8.381999999862444e-06 248
8.382999999945184e-06 249
8.41299999976286e-06 250
8.4139999998456e-06 251
8.441999999941885e-06 252
8.444000000107366e-06 253
8.444999999746017e-06 254
8.475000000007782e-06 255
8.493999999803492e-06 254
8.498000000134454e-06 253
8.502000000021326e-06 252
8.504999999825458e-06 253
8.505999999908198e-06 252
8.506999999990938e-06 253
8.50999999979507e-06 252
8.514000000126032e-06 251
8.518000000012904e-06 250
8.521999999899776e-06 249
8.535000000087223e-06 250
8.535999999725874e-06 251
8.536999999808614e-06 252
8.537999999891355e-06 253
8.538999999974095e-06 254
8.540000000056835e-06 255
8.569999999874511e-06 256
8.570999999957252e-06 257
8.572000000039992e-06 258
8.573000000122732e-06 259
8.573999999761384e-06 260
8.574999999844124e-06 261
8.575999999926864e-06 262
8.60599999974454e-06 263
8.610000000075502e-06 264
8.636000000006305e-06 265
8.637000000089046e-06 266
8.637000000089046e-06 267
8.637999999727697e-06 268
8.638999999810437e-06 269
8.642000000058658e-06 268
8.64599999994553e-06 267
8.649999999832403e-06 266
8.653999999719275e-06 265
8.658000000050237e-06 264
8.669000000072202e-06 265
8.669999999710853e-06 266
8.699999999972619e-06 267
8.712000000077325e-06 268
8.729999999790294e-06 269
8.730999999873035e-06 270
8.731999999955775e-06 271
8.733000000038516e-06 272
8.762999999856191e-06 273
8.763999999938932e-06 274
8.77799999976503e-06 273
8.793999999756608e-06 274
8.794999999839348e-06 275
8.795999999922088e-06 276
8.797000000004829e-06 277
8.798000000087569e-06 278
8.79899999972622e-06 279
8.79999999980896e-06 280
8.830000000070726e-06 281
8.859999999888402e-06 282
8.860999999971142e-06 283
8.862000000053882e-06 284
8.863000000136623e-06 285
8.863999999775274e-06 286
8.864999999858014e-06 287
8.89500000011978e-06 288
8.897999999923911e-06 287
8.901999999810783e-06 286
8.906000000141745e-06 285
8.924999999937455e-06 286
8.954999999755131e-06 287
8.985000000016896e-06 288
8.986000000099637e-06 289
8.986999999738288e-06 290
8.987999999821028e-06 291
8.988999999903768e-06 292
8.989999999986509e-06 293
9.019999999804185e-06 294
9.020999999886925e-06 295
9.025999999856538e-06 294
9.050999999704601e-06 295
9.051999999787341e-06 296
9.082000000049106e-06 297
9.111999999866782e-06 298
9.142000000128547e-06 299
9.142999999767198e-06 300
9.143999999849939e-06 301
9.14499999993268e-06 302
9.14600000001542e-06 301
9.149999999902292e-06 300
9.153999999789164e-06 299
9.158000000120126e-06 298
9.162000000006998e-06 297
9.16599999989387e-06 296
9.174999999750355e-06 297
9.175999999833095e-06 298
9.176999999915836e-06 299
9.177999999998576e-06 300
9.207999999816252e-06 301
9.238000000078017e-06 302
9.267999999895693e-06 303
9.286000000052752e-06 302
9.289999999939624e-06 301
9.293999999826497e-06 300
9.297999999713369e-06 301
9.297999999713369e-06 300
9.29899999979611e-06 301
9.29999999987885e-06 302
9.30099999996159e-06 303
9.30200000004433e-06 304
9.30200000004433e-06 303
9.30300000012707e-06 304
9.303999999765722e-06 305
9.304999999848462e-06 306
9.305999999931203e-06 305
9.309999999818075e-06 304
9.335000000110227e-06 305
9.335999999748879e-06 306
9.341999999801232e-06 307
9.366000000010644e-06 308
9.367000000093384e-06 309
9.367999999732035e-06 310
9.3979999999938e-06 311
9.39900000007654e-06 312
9.399999999715192e-06 313
9.429999999976957e-06 314
9.429999999976957e-06 313
9.431000000059697e-06 314
9.432000000142438e-06 315
9.433999999863829e-06 314
9.437999999750701e-06 313
9.4569999999905e-06 314
9.461999999960113e-06 315
9.463000000042854e-06 316
9.464000000125594e-06 317
9.464999999764245e-06 318
9.49500000002601e-06 319
9.524999999843686e-06 320
9.525999999926427e-06 321
9.555999999744103e-06 322
9.557999999909583e-06 321
9.586000000005868e-06 322
9.615999999823543e-06 323
9.616999999906284e-06 324
9.617999999989024e-06 325
9.619000000071765e-06 326
9.619999999710416e-06 327
9.620999999793156e-06 328
9.651000000054921e-06 329
9.678000000068465e-06 328
9.680999999872597e-06 329
9.681999999955337e-06 328
9.68599999984221e-06 327
9.711000000134362e-06 328
9.711999999773013e-06 329
9.712999999855754e-06 330
9.713999999938494e-06 331
9.715000000021234e-06 332
9.716000000103975e-06 333
9.716999999742626e-06 334
9.747000000004391e-06 335
9.748000000087131e-06 336
9.777999999904807e-06 337
9.778999999987548e-06 338
9.806000000001092e-06 337
9.808999999805224e-06 338
9.839000000066989e-06 339
9.83999999970564e-06 340
9.84099999978838e-06 341
9.84199999987112e-06 342
9.872000000132886e-06 343
9.872999999771537e-06 344
9.873999999854277e-06 345
9.874999999937017e-06 346
9.876000000019758e-06 347
9.905999999837434e-06 348
9.906999999920174e-06 349
9.908000000002914e-06 350
9.909000000085655e-06 351
9.909999999724306e-06 352
9.910999999807046e-06 353
9.925999999715884e-06 352
9.930000000046846e-06 351
9.933999999933718e-06 350
9.93799999982059e-06 349
9.941000000068811e-06 350
9.941999999707463e-06 349
9.946000000038424e-06 348
9.949999999925296e-06 347
9.952000000090777e-06 348
9.953999999812169e-06 347
9.95800000014313e-06 346
9.962000000030002e-06 345
9.965999999916875e-06 344
9.969999999803747e-06 343
9.970999999886487e-06 344
9.974000000134708e-06 343
9.97800000002158e-06 342
9.981999999908453e-06 341
9.985999999795325e-06 340
9.990000000126287e-06 339
9.994000000013159e-06 338
9.997999999900031e-06 337
1.0000999999704163e-05 338
1.0001999999786904e-05 337
1.0006000000117865e-05 336
1.0010000000004737e-05 335
1.001399999989161e-05 334
1.0017999999778482e-05 333
1.0022000000109443e-05 332
1.0025999999996316e-05 331
1.0030999999965928e-05 332
1.0032000000048669e-05 333
1.0033000000131409e-05 334
1.003399999977006e-05 335
1.00349999998528e-05 336
1.0035999999935541e-05 337
1.0065999999753217e-05 338
1.0096000000014982e-05 339
1.0097000000097722e-05 340
1.0097999999736373e-05 341
1.0098999999819114e-05 342
1.0099999999901854e-05 343
1.0100999999984595e-05 344
1.013099999980227e-05 345
1.013199999988501e-05 346
1.0145999999711108e-05 345
1.015000000004207e-05 344
1.0153999999928942e-05 343
1.0157999999815814e-05 342
1.0161999999702687e-05 343
1.0161999999702687e-05 342
1.0166000000033648e-05 341
1.016999999992052e-05 340
1.0173999999807393e-05 339
1.0178000000138354e-05 338
1.0182000000025226e-05 337
1.0185999999912099e-05 336
1.0189999999798971e-05 335
1.0191999999964452e-05 336
1.0193000000047192e-05 337
1.0194000000129932e-05 338
1.0194999999768584e-05 339
1.0225000000030349e-05 340
1.0254999999848025e-05 341
1.0255999999930765e-05 342
1.0257000000013505e-05 343
1.0258000000096246e-05 344
1.0258999999734897e-05 345
1.0288999999996662e-05 346
1.0290000000079402e-05 347
1.0290999999718053e-05 348
1.0291999999800794e-05 349
1.0292999999883534e-05 350
1.0293999999966275e-05 351
1.0309999999957853e-05 350
1.0313999999844725e-05 349
1.032399999978395e-05 350
1.032499999986669e-05 351
1.0325999999949431e-05 352
1.0327000000032172e-05 353
1.0328000000114912e-05 354
1.0328999999753563e-05 355
1.0329999999836303e-05 356
1.0360000000098069e-05 357
1.036099999973672e-05 358
1.036199999981946e-05 359
1.03629999999022e-05 360
1.0392999999719876e-05 361
1.0393999999802617e-05 362
1.0394999999885357e-05 363
1.0395999999968097e-05 364
1.0397000000050838e-05 365
1.0426999999868514e-05 366
1.0434000000003607e-05 365
1.043799999989048e-05 364
1.0441999999777352e-05 363
1.0446000000108313e-05 362
1.0449999999995185e-05 361
1.0453999999882058e-05 360
1.0457000000130279e-05 361
1.045799999976893e-05 362
1.045799999976893e-05 361
1.045899999985167e-05 362
1.045999999993441e-05 363
1.0461000000017151e-05 364
1.0462000000099891e-05 365
1.0462999999738543e-05 366
1.0493000000000308e-05 367
1.0494000000083048e-05 368
1.0523999999900724e-05 369
1.0524999999983464e-05 370
1.0526000000066205e-05 371
1.0526999999704856e-05 372
1.0556999999966621e-05 373
1.0558000000049361e-05 374
1.0559000000132102e-05 375
1.0559999999770753e-05 376
1.0560999999853493e-05 377
1.0561999999936234e-05 378
1.0563000000018974e-05 379
1.0564000000101714e-05 380
1.0564999999740365e-05 381
1.0577999999927812e-05 380
1.059500000000213e-05 381
1.0596000000084871e-05 382
1.0625999999902547e-05 383
1.0626999999985287e-05 384
1.0656999999802963e-05 385
1.0657999999885703e-05 386
1.0658999999968444e-05 387
1.0660000000051184e-05 388
1.0661000000133924e-05 389
1.0661999999772576e-05 390
1.069200000003434e-05 391
1.0693000000117081e-05 392
1.0693999999755732e-05 393
1.0694999999838473e-05 394
1.0695999999921213e-05 395
1.0697000000003953e-05 396
1.0698000000086694e-05 395
1.072699999982163e-05 396
1.072799999990437e-05 397
1.072899999998711e-05 398
1.073000000006985e-05 399
1.0730999999708501e-05 400
1.0760999999970267e-05 401
1.0762000000053007e-05 402
1.0763000000135747e-05 403
1.0763999999774398e-05 404
1.0764999999857139e-05 405
1.076599999993988e-05 406
1.076700000002262e-05 407
1.0796999999840295e-05 408
1.0797999999923036e-05 409
1.0799000000005776e-05 410
1.0800000000088517e-05 411
1.0800999999727168e-05 412
1.0817999999801486e-05 411
1.0830999999988933e-05 412
1.0860999999806609e-05 413
1.0861999999889349e-05 414
1.086299999997209e-05 415
1.086400000005483e-05 416
1.0893999999872506e-05 417
1.090200000009034e-05 418
1.092400000013427e-05 419
1.0924999999772922e-05 420
1.0937999999960368e-05 419
1.094199999984724e-05 418
1.0955000000034687e-05 419
1.0984999999852363e-05 420
1.0985999999935103e-05 421
1.0987000000017844e-05 422
1.0988000000100584e-05 423
1.101799999991826e-05 424
1.1019000000001e-05 425
1.1048999999818676e-05 426
1.1049999999901416e-05 427
1.1050999999984157e-05 428
1.1052000000066897e-05 429
1.1052999999705548e-05 430
1.1053999999788289e-05 431
1.1054999999871029e-05 432
1.1062000000006122e-05 431
1.1065999999892995e-05 430
1.1085000000132794e-05 431
1.111499999995047e-05 432
1.111600000003321e-05 433
1.1145999999850886e-05 434
1.1146999999933627e-05 435
1.1148000000016367e-05 436
1.1149000000099107e-05 437
1.1149999999737759e-05 438
1.1150999999820499e-05 439
1.1170000000060298e-05 440
1.117399999994717e-05 441
1.1181000000082264e-05 442
1.1186000000051877e-05 441
1.1189999999938749e-05 440
1.1193999999825621e-05 439
1.1197999999712493e-05 438
1.121099999989994e-05 439
1.121199999998268e-05 440
1.1241999999800356e-05 441
1.1272000000062121e-05 442
1.1272999999700772e-05 443
1.1273999999783513e-05 444
1.1274999999866253e-05 445
1.1305000000128018e-05 446
1.130599999976667e-05 447
1.1317999999871375e-05 446
1.1321999999758248e-05 445
1.1336000000028434e-05 446
1.136599999984611e-05 447
1.136699999992885e-05 448
1.1368000000011591e-05 449
1.1369000000094331e-05 450
1.1398999999912007e-05 451
1.1399999999994748e-05 452
1.1429999999812424e-05 453
1.144199999991713e-05 452
1.1445999999804002e-05 451
1.1460000000074189e-05 452
1.146099999971284e-05 453
1.1490999999974605e-05 454
1.1492000000057345e-05 455
1.1493000000140086e-05 456
1.1493999999778737e-05 457
1.1505999999883443e-05 458
1.1524000000040502e-05 459
1.1525000000123242e-05 460
1.1525999999761893e-05 461
1.1526999999844634e-05 462
1.1527999999927374e-05 463
1.1529000000010114e-05 464
1.1530000000092855e-05 465
1.1530999999731506e-05 466
1.1531999999814246e-05 467
1.1562000000076011e-05 468
1.1565999999962884e-05 467
1.1569999999849756e-05 466
1.1570999999932496e-05 467
1.1573999999736628e-05 466
1.157800000006759e-05 465
1.1581999999954462e-05 464
1.1591999999893687e-05 465
1.1592999999976428e-05 466
1.1594000000059168e-05 467
1.1595000000141908e-05 468
1.1624999999959584e-05 469
1.1626000000042325e-05 470
1.165599999986e-05 471
1.1686000000121766e-05 472
1.1686999999760417e-05 473
1.1702000000113344e-05 472
1.1717000000022182e-05 473
1.1718000000104922e-05 474
1.1718999999743573e-05 475
1.1719999999826314e-05 476
1.1720999999909054e-05 477
1.1721999999991795e-05 478
1.1723000000074535e-05 479
1.1723999999713186e-05 480
1.1753999999974951e-05 481
1.1783999999792627e-05 482
1.1784999999875367e-05 483
1.1785999999958108e-05 484
1.1787000000040848e-05 485
1.1788000000123589e-05 486
1.1817999999941264e-05 487
1.1821999999828137e-05 486
1.1825999999715009e-05 485
1.183000000004597e-05 484
1.1833999999932843e-05 483
1.1837999999819715e-05 482
1.1841999999706587e-05 481
1.1846000000037549e-05 480
1.184799999975894e-05 481
1.184899999984168e-05 482
1.1849999999924421e-05 481
1.1853999999811293e-05 480
1.1858000000142255e-05 479
1.1862000000029127e-05 478
1.1865999999916e-05 477
1.1869999999802872e-05 476
1.1874000000133833e-05 475
1.1878000000020705e-05 474
1.1879000000103446e-05 475
1.1881999999907578e-05 474
1.188599999979445e-05 473
1.1890000000125411e-05 472
1.1894000000012284e-05 471
1.1897999999899156e-05 470
1.1901999999786028e-05 469
1.190600000011699e-05 468
1.1908999999921122e-05 469
1.1910000000003862e-05 470
1.1939999999821538e-05 471
1.1970000000083303e-05 472
1.1999999999900979e-05 473
1.2000999999983719e-05 474
1.2025999999831782e-05 473
1.2029999999718655e-05 472
1.2030999999801395e-05 473
1.2034000000049616e-05 472
1.2037999999936488e-05 471
1.206100000006316e-05 472
1.2061999999701811e-05 473
1.2062999999784552e-05 474
1.2085999999911223e-05 475
1.2093000000046317e-05 476
1.2094000000129057e-05 477
1.2094999999767708e-05 478
1.2125000000029473e-05 479
1.2126000000112214e-05 480
1.2126999999750865e-05 481
1.215700000001263e-05 482
1.215800000009537e-05 483
1.215800000009537e-05 482
1.2158999999734021e-05 483
1.2161999999982243e-05 482
1.2165999999869115e-05 481
1.2169999999755987e-05 480
1.2188999999995787e-05 481
1.2190000000078527e-05 482
1.2219999999896203e-05 483
1.2220999999978943e-05 484
1.2222000000061684e-05 485
1.225199999987936e-05 486
1.22529999999621e-05 487
1.2282999999779776e-05 488
1.2283999999862516e-05 489
1.2284999999945256e-05 490
1.2286000000027997e-05 491
1.2289999999914869e-05 490
1.2293999999801741e-05 489
1.2298000000132703e-05 488
1.2302000000019575e-05 487
1.2305999999906447e-05 486
1.2315999999845673e-05 487
1.2316999999928413e-05 488
1.2346999999746089e-05 489
1.234799999982883e-05 490
1.234899999991157e-05 491
1.234999999999431e-05 492
1.235100000007705e-05 493
1.2380999999894726e-05 494
1.2381999999977467e-05 495
1.2383000000060207e-05 496
1.2412999999877883e-05 497
1.242600000006533e-05 496
1.2443000000139648e-05 497
1.2443999999778299e-05 498
1.2474000000040064e-05 499
1.2475000000122805e-05 500
1.2475999999761456e-05 501
1.250600000002322e-05 502
1.2507000000105961e-05 503
1.2536999999923637e-05 504
1.2545999999780122e-05 503
1.2550000000111083e-05 502
1.2566999999741313e-05 503
1.2567999999824053e-05 504
1.2568999999906794e-05 505
1.2569999999989534e-05 506
1.259999999980721e-05 507
1.2630000000068975e-05 508
1.2630999999707626e-05 509
1.2631999999790366e-05 510
1.2632999999873107e-05 511
1.2663000000134872e-05 512
1.2669999999825876e-05 511
1.2692999999952548e-05 512
1.2694000000035288e-05 513
1.2695000000118029e-05 514
1.2724999999935704e-05 515
1.275499999975338e-05 516
1.2785000000015145e-05 517
1.2789999999984758e-05 516
1.279399999987163e-05 515
1.2814999999832821e-05 516
1.2815999999915562e-05 517
1.2816999999998302e-05 518
1.2818000000081042e-05 519
1.2847999999898718e-05 520
1.2848999999981459e-05 521
1.2850000000064199e-05 522
1.2879999999881875e-05 523
1.291000000014364e-05 524
1.2910999999782291e-05 525
1.2911999999865031e-05 526
1.2912999999947772e-05 527
1.2914000000030512e-05 528
1.2914000000030512e-05 527
1.2917999999917384e-05 526
1.2943999999848188e-05 527
1.2974000000109953e-05 528
1.3003999999927629e-05 529
1.300500000001037e-05 530
1.3034999999828045e-05 531
1.3035999999910786e-05 532
1.3038000000076266e-05 531
1.3041999999963139e-05 530
1.3045999999850011e-05 529
1.3049999999736883e-05 528
1.3054000000067845e-05 527
1.3065999999728461e-05 528
1.3066999999811202e-05 529
1.3097000000072967e-05 530
1.3097999999711618e-05 531
1.3127999999973383e-05 532
1.3157999999791059e-05 533
1.31589999998738e-05 534
1.315999999995654e-05 535
1.316100000003928e-05 536
1.3173999999782637e-05 535
1.3190999999856956e-05 536
1.3191999999939696e-05 537
1.3193000000022437e-05 538
1.3222999999840113e-05 539
1.3253000000101878e-05 540
1.3282999999919554e-05 541
1.3284000000002294e-05 542
1.3285000000085034e-05 543
1.3285999999723686e-05 544
1.3286999999806426e-05 545
1.329399999994152e-05 544
1.3297999999828392e-05 543
1.3301999999715264e-05 542
1.3306000000046225e-05 541
1.3309999999933098e-05 540
1.331399999981997e-05 539
1.3317000000068191e-05 540
1.3346999999885867e-05 541
1.3376999999703543e-05 542
1.3377999999786283e-05 543
1.3378999999869023e-05 544
1.3379999999951764e-05 545
1.3381000000034504e-05 546
1.341099999985218e-05 547
1.3433999999978852e-05 546
1.3437999999865724e-05 545
1.3441000000113945e-05 546
1.3441999999752596e-05 547
1.3441999999752596e-05 546
1.3442999999835337e-05 547
1.3446000000083558e-05 546
1.344999999997043e-05 545
1.3453999999857302e-05 544
1.3473000000097102e-05 545
1.3502999999914778e-05 546
1.3503999999997518e-05 547
1.3505000000080258e-05 548
1.350599999971891e-05 549
1.350699999980165e-05 550
1.350799999988439e-05 551
1.3537999999702066e-05 552
1.3567999999963831e-05 553
1.3569000000046572e-05 554
1.3574000000016184e-05 553
1.3598999999864247e-05 554
1.3629000000126013e-05 555
1.3629999999764664e-05 556
1.3630999999847404e-05 557
1.3631999999930144e-05 558
1.3633000000012885e-05 559
1.3634000000095625e-05 560
1.3634999999734276e-05 561
1.3635999999817017e-05 562
1.3636999999899757e-05 563
1.3637999999982497e-05 564
1.3667999999800173e-05 565
1.3693999999730977e-05 564
1.3698000000061938e-05 565
1.3698000000061938e-05 564
1.370199999994881e-05 563
1.3705999999835683e-05 562
1.3709999999722555e-05 561
1.3714000000053517e-05 560
1.3717999999940389e-05 559
1.3721999999827261e-05 558
1.3725999999714134e-05 557
1.3727999999879614e-05 558
1.3728999999962355e-05 559
1.3730000000045095e-05 560
1.3730000000045095e-05 559
1.3759999999862771e-05 560
1.3760999999945511e-05 561
1.3762000000028252e-05 562
1.3763000000110992e-05 563
1.3792999999928668e-05 564
1.3794000000011408e-05 565
1.379799999989828e-05 566
1.3823999999829084e-05 567
1.3824999999911824e-05 568
1.3825999999994565e-05 569
1.3849999999759888e-05 568
1.385599999981224e-05 569
1.3856999999894981e-05 570
1.3857999999977721e-05 571
1.3859000000060462e-05 572
1.3888999999878138e-05 573
1.3889999999960878e-05 574
1.3891000000043618e-05 575
1.3920999999861294e-05 576
1.395100000012306e-05 577
1.395199999976171e-05 578
1.3952999999844451e-05 579
1.3953999999927191e-05 580
1.396999999991877e-05 579
1.3973999999805642e-05 578
1.3978000000136603e-05 577
1.3982000000023476e-05 576
1.3983999999744867e-05 577
1.3984999999827608e-05 578
1.3985999999910348e-05 577
1.398999999979722e-05 576
1.3994000000128182e-05 575
1.3998000000015054e-05 574
1.4001999999901926e-05 573
1.4005999999788799e-05 572
1.4006999999871539e-05 573
1.401000000011976e-05 572
1.4014000000006632e-05 571
1.4015000000089373e-05 572
1.4044999999907049e-05 573
1.4045999999989789e-05 574
1.406599999986824e-05 575
1.4075999999807465e-05 576
1.4076999999890205e-05 577
1.4077999999972945e-05 578
1.4107999999790621e-05 579
1.4108999999873362e-05 580
1.4109999999956102e-05 581
1.4111000000038842e-05 582
1.4133999999721425e-05 581
1.4138000000052386e-05 580
1.4140999999856518e-05 581
1.4141999999939259e-05 582
1.4141999999939259e-05 581
1.4171999999756935e-05 582
1.42020000000187e-05 583
1.4231999999836376e-05 584
1.426200000009814e-05 585
1.426200000009814e-05 584
1.4265999999985013e-05 583
1.4269999999871885e-05 582
1.4273999999758757e-05 581
1.4278000000089719e-05 580
1.4281999999976591e-05 579
1.4285999999863463e-05 578
1.4289999999750336e-05 577
1.4291999999915816e-05 578
1.4292999999998557e-05 579
1.4294000000081297e-05 578
1.4322999999816233e-05 579
1.4323999999898973e-05 580
1.4353999999716649e-05 581
1.4383999999978414e-05 582
1.441399999979609e-05 583
1.441399999979609e-05 582
1.4444000000057855e-05 583
1.4445000000140595e-05 584
1.4474999999958271e-05 585
1.4504999999775947e-05 586
1.4505999999858687e-05 587
1.4533999999954972e-05 586
1.4536000000120453e-05 587
1.4536999999759104e-05 588
1.4537999999841844e-05 589
1.4537999999841844e-05 588
1.4541999999728716e-05 587
1.4546000000059678e-05 586
1.454999999994655e-05 585
1.4553999999833422e-05 584
1.4557999999720295e-05 583
1.4562000000051256e-05 582
1.456800000010361e-05 583
1.456899999974226e-05 584
1.4569999999825e-05 585
1.4600000000086766e-05 586
1.4600999999725417e-05 587
1.4630999999987182e-05 588
1.4660999999804858e-05 589
1.4661999999887598e-05 590
1.4662999999970339e-05 591
1.4664000000053079e-05 592
1.466500000013582e-05 593
1.4681999999766049e-05 592
1.468600000009701e-05 591
1.4689999999983883e-05 590
1.4693999999870755e-05 589
1.4694999999953495e-05 590
1.4724999999771171e-05 591
1.4755000000032936e-05 592
1.4756000000115677e-05 593
1.4785999999933352e-05 594
1.4787000000016093e-05 595
1.4814000000029637e-05 594
1.4816999999833769e-05 595
1.4817999999916509e-05 596
1.4817999999916509e-05 595
1.4821999999803381e-05 594
1.4826000000134343e-05 593
1.4830000000021215e-05 592
1.4833999999908087e-05 591
1.483799999979496e-05 590
1.4842000000125921e-05 589
1.4847999999734185e-05 590
1.487799999999595e-05 591
1.487900000007869e-05 592
1.4908999999896366e-05 593
1.4909999999979107e-05 594
1.4939999999796783e-05 595
1.4961999999840714e-05 594
1.4965999999727586e-05 593
1.4970000000058548e-05 594
1.4970000000058548e-05 593
1.4971000000141288e-05 594
1.4971999999779939e-05 595
1.5002000000041704e-05 596
1.503199999985938e-05 597
1.503299999994212e-05 598
1.503400000002486e-05 599
1.5035000000107601e-05 600
1.5064999999925277e-05 601
1.508999999977334e-05 600
1.5094999999742953e-05 601
1.5095999999825693e-05 602
1.5126000000087458e-05 603
1.512699999972611e-05 604
1.512799999980885e-05 605
1.5158000000070615e-05 606
1.5187999999888291e-05 607
1.5188999999971031e-05 608
1.5209999999932222e-05 607
1.5218999999788707e-05 608
1.5249000000050472e-05 609
1.5250000000133213e-05 610
1.5250999999771864e-05 611
1.528100000003363e-05 612
1.528200000011637e-05 613
1.5311999999934045e-05 614
1.5313000000016785e-05 615
1.5314000000099526e-05 616
1.5314999999738177e-05 617
1.5330000000091104e-05 616
1.5344999999999942e-05 617
1.5346000000082682e-05 618
1.5375999999900358e-05 619
1.53769999999831e-05 620
1.537800000006584e-05 621
1.5407999999883515e-05 622
1.5408999999966255e-05 623
1.543899999978393e-05 624
1.543999999986667e-05 625
1.5449999999805897e-05 624
1.5470000000128437e-05 625
1.5499999999946112e-05 626
1.552999999976379e-05 627
1.553099999984653e-05 628
1.5561000000108294e-05 629
1.556999999996478e-05 628
1.557399999985165e-05 627
1.5577999999738523e-05 626
1.5582000000069485e-05 625
1.5585999999956357e-05 624
1.558999999984323e-05 623
1.559099999992597e-05 624
1.55939999997301e-05 623
1.5598000000061063e-05 622
1.5601999999947935e-05 621
1.5605999999834808e-05 620
1.5620999999743646e-05 621
1.5621999999826386e-05 622
1.5622999999909126e-05 623
1.5652999999726802e-05 624
1.5682999999988567e-05 625
1.5712999999806243e-05 626
1.5713999999888983e-05 627
1.5714999999971724e-05 628
1.572599999999369e-05 627
1.5729999999880562e-05 626
1.5733999999767434e-05 625
1.5738000000098396e-05 624
1.5741999999985268e-05 623
1.57449999997894e-05 624
1.574599999987214e-05 623
1.5775000000051165e-05 624
1.5776000000133905e-05 625
1.5776999999772556e-05 626
1.5777999999855297e-05 627
1.5808000000117062e-05 628
1.5808999999755713e-05 629
1.5839000000017478e-05 630
1.5866000000031022e-05 629
1.5868999999835154e-05 630
1.5869999999917894e-05 631
1.5869999999917894e-05 630
1.5871000000000635e-05 631
1.5873999999804767e-05 630
1.590099999981831e-05 631
1.590199999990105e-05 632
1.590299999998379e-05 633
1.5932999999801467e-05 634
1.5963000000063232e-05 635
1.5963999999701883e-05 636
1.5964999999784624e-05 637
1.5965999999867364e-05 638
1.599399999996365e-05 637
1.599600000012913e-05 638
1.599699999976778e-05 639
1.599799999985052e-05 638
1.6027000000029545e-05 639
1.6028000000112286e-05 640
1.6028999999750937e-05 641
1.6059000000012702e-05 642
1.6060000000095442e-05 643
1.6089999999913118e-05 644
1.609099999999586e-05 645
1.60920000000786e-05 646
1.6118000000009403e-05 645
1.6121999999896275e-05 646
1.6122999999979015e-05 647
1.6124000000061756e-05 648
1.615399999987943e-05 649
1.6184000000141197e-05 650
1.6184999999779848e-05 651
1.6215000000041613e-05 652
1.6237999999724195e-05 651
1.6242000000055157e-05 650
1.624499999985929e-05 651
1.624599999994203e-05 652
1.624700000002477e-05 653
1.624800000010751e-05 654
1.6277999999925186e-05 655
1.630799999974286e-05 656
1.6308999999825602e-05 657
1.6339000000087367e-05 658
1.636199999976995e-05 657
1.6368999999905043e-05 658
1.639899999972272e-05 659
1.6428999999984484e-05 660
1.6430000000067224e-05 661
1.64599999998849e-05 662
1.646099999996764e-05 663
1.646200000005038e-05 664
1.648199999992883e-05 663
1.6491999999868057e-05 664
1.6492999999950797e-05 665
1.6522999999768473e-05 666
1.6553000000030238e-05 667
1.655400000011298e-05 668
1.655499999975163e-05 669
1.6585000000013395e-05 670
1.6602000000087713e-05 669
1.661499999983107e-05 670
1.661599999991381e-05 671
1.661699999999655e-05 672
1.661800000007929e-05 673
1.6618999999717943e-05 674
1.6619999999800683e-05 675
1.6650000000062448e-05 676
1.6679999999880124e-05 677
1.671000000014189e-05 678
1.6721999999802506e-05 677
1.6726000000133467e-05 676
1.673000000002034e-05 675
1.6733999999907212e-05 674
1.6737999999794084e-05 673
1.6739999999959565e-05 674
1.6742000000125046e-05 673
1.676999999977724e-05 674
1.677099999985998e-05 675
1.6801000000121746e-05 676
1.6830999999939422e-05 677
1.6832000000022163e-05 678
1.6833000000104903e-05 679
1.686199999983984e-05 678
1.686299999992258e-05 679
1.686400000000532e-05 680
1.686599999972671e-05 679
1.6870000000057672e-05 678
1.6873999999944544e-05 677
1.6877999999831417e-05 676
1.688199999971829e-05 675
1.688600000004925e-05 674
1.6893999999822995e-05 675
1.6894999999905735e-05 676
1.6895999999988476e-05 677
1.6897000000071216e-05 678
1.6926999999888892e-05 679
1.6927999999971632e-05 680
1.6957999999789308e-05 681
1.695899999987205e-05 682
1.6989000000133814e-05 683
1.7005999999764043e-05 682
1.701899999995149e-05 683
1.7048999999769165e-05 684
1.707900000003093e-05 685
1.708000000011367e-05 686
1.7109999999931347e-05 687
1.7111000000014087e-05 688
1.7125999999922925e-05 687
1.7140999999831763e-05 688
1.7171000000093528e-05 689
1.717199999973218e-05 690
1.7201999999993944e-05 691
1.7203000000076685e-05 692
1.7203999999715336e-05 693
1.72339999999771e-05 694
1.7246000000081807e-05 693
1.7263999999794777e-05 694
1.7264999999877517e-05 695
1.7295000000139282e-05 696
1.7295999999777933e-05 697
1.73260000000397e-05 698
1.732700000012244e-05 699
1.7356999999940115e-05 700
1.7358000000022855e-05 701
1.7359000000105596e-05 702
1.7359999999744247e-05 703
1.73659999997966e-05 702
1.737000000012756e-05 701
1.7374000000014433e-05 700
1.7377999999901306e-05 699
1.7390000000006012e-05 700
1.7391000000088752e-05 701
1.7420999999906428e-05 702
1.742199999998917e-05 703
1.7451999999806844e-05 704
1.748200000006861e-05 705
1.748299999970726e-05 706
1.7498000000060188e-05 705
1.750199999994706e-05 704
1.7512999999969026e-05 705
1.7514000000051766e-05 706
1.7515000000134506e-05 707
1.7544999999952182e-05 708
1.7546000000034923e-05 709
1.75759999998526e-05 710
1.757699999993534e-05 711
1.7606999999753015e-05 712
1.7607999999835755e-05 713
1.7608999999918495e-05 714
1.7610000000001236e-05 715
1.7622000000105942e-05 714
1.763999999981891e-05 715
1.7640999999901652e-05 716
1.7641999999984392e-05 717
1.7671999999802068e-05 718
1.767299999988481e-05 719
1.7702999999702485e-05 720
1.7703999999785225e-05 721
1.7704999999867965e-05 722
1.7705999999950706e-05 723
1.7707000000033446e-05 724
1.7736999999851122e-05 725
1.7737999999933862e-05 726
1.7741999999820735e-05 725
1.7767999999751538e-05 726
1.7798000000013303e-05 727
1.7799000000096044e-05 728
1.782899999991372e-05 729
1.782999999999646e-05 730
1.78310000000792e-05 731
1.7860999999896876e-05 732
1.7861999999979616e-05 733
1.7861999999979616e-05 732
1.786599999986649e-05 731
1.786999999975336e-05 730
1.7874000000084322e-05 729
1.7891999999797292e-05 730
1.7892999999880033e-05 731
1.7893999999962773e-05 732
1.7895000000045513e-05 733
1.7896000000128254e-05 734
1.792599999994593e-05 735
1.792700000002867e-05 736
1.7956999999846346e-05 737
1.798700000010811e-05 738
1.7987999999746762e-05 739
1.7993999999799115e-05 738
1.7998000000130077e-05 737
1.8018000000008527e-05 738
1.8019000000091268e-05 739
1.8048999999908943e-05 740
1.8049999999991684e-05 741
1.8051000000074424e-05 742
1.80809999998921e-05 743
1.808199999997484e-05 744
1.8111999999792516e-05 745
1.8112999999875257e-05 746
1.811799999984487e-05 745
1.812199999973174e-05 744
1.8126000000062703e-05 743
1.8129999999949575e-05 742
1.8133999999836448e-05 741
1.813799999972332e-05 740
1.814200000005428e-05 739
1.8143000000137022e-05 740
1.8143999999775673e-05 741
1.8144999999858413e-05 742
1.817500000012018e-05 743
1.817599999975883e-05 744
1.817699999984157e-05 745
1.8207000000103335e-05 746
1.8207999999741986e-05 747
1.8208999999824727e-05 748
1.823900000008649e-05 749
1.8239999999725143e-05 750
1.8240999999807883e-05 751
1.8241999999890623e-05 752
1.8261999999769074e-05 751
1.82719999997083e-05 752
1.8301999999970064e-05 753
1.833199999978774e-05 754
1.833299999987048e-05 755
1.833399999995322e-05 756
1.8363999999770897e-05 757
1.8381999999927956e-05 756
1.8385999999814828e-05 755
1.83899999997017e-05 754
1.8394000000032662e-05 755
1.8394000000032662e-05 754
1.8395000000115402e-05 755
1.8395999999754054e-05 756
1.8397999999919534e-05 755
1.8401999999806407e-05 754
1.842600000001582e-05 755
1.842700000009856e-05 756
1.8456999999916235e-05 757
1.848699999973391e-05 758
1.8516999999995676e-05 759
1.8518000000078416e-05 760
1.8518999999717067e-05 761
1.852199999996529e-05 760
1.8548999999978832e-05 761
1.8550000000061573e-05 762
1.8550999999700224e-05 763
1.858099999996199e-05 764
1.858200000004473e-05 765
1.8611999999862405e-05 766
1.8612999999945146e-05 767
1.8614000000027886e-05 768
1.864200000012417e-05 767
1.8643999999845562e-05 768
1.8644999999928302e-05 769
1.8646000000011043e-05 770
1.8647000000093783e-05 771
1.867699999991146e-05 772
1.86779999999942e-05 773
1.867900000007694e-05 774
1.8708999999894615e-05 775
1.8709999999977356e-05 776
1.8739999999795032e-05 777
1.8761999999838963e-05 776
1.8770000000056797e-05 777
1.8799999999874473e-05 778
1.8800999999957213e-05 779
1.8802000000039953e-05 780
1.8803000000122694e-05 781
1.883299999994037e-05 782
1.883400000002311e-05 783
1.883500000010585e-05 784
1.8864999999923526e-05 785
1.8881999999997845e-05 784
1.8885999999884717e-05 783
1.888999999977159e-05 782
1.889400000010255e-05 781
1.8894999999741202e-05 782
1.8897999999989423e-05 781
1.8901999999876296e-05 780
1.8925000000002967e-05 781
1.8926000000085708e-05 782
1.8955999999903383e-05 783
1.8956999999986124e-05 784
1.89869999998038e-05 785
1.898799999988654e-05 786
1.9017999999704216e-05 787
1.9018999999786956e-05 788
1.9022000000035177e-05 787
1.902599999992205e-05 786
1.904900000004872e-05 787
1.9050000000131462e-05 788
1.9050999999770113e-05 789
1.9081000000031878e-05 790
1.908200000011462e-05 791
1.9111999999932294e-05 792
1.914199999974997e-05 793
1.914600000008093e-05 792
1.9149999999967804e-05 791
1.9172000000011735e-05 792
1.9173000000094476e-05 793
1.9173999999733127e-05 794
1.9203999999994892e-05 795
1.9205000000077632e-05 796
1.9205999999716283e-05 797
1.9206999999799024e-05 798
1.923700000006079e-05 799
1.923800000014353e-05 800
1.923899999978218e-05 801
1.9269000000043945e-05 802
1.9270000000126686e-05 801
1.929899999986162e-05 802
1.929999999994436e-05 803
1.9301000000027102e-05 804
1.9302000000109842e-05 805
1.9302999999748494e-05 806
1.933300000001026e-05 807
1.9362999999827935e-05 808
1.9363999999910675e-05 809
1.9364999999993415e-05 810
1.938999999984148e-05 809
1.939499999981109e-05 810
1.939599999989383e-05 811
1.9396999999976572e-05 812
1.9398000000059312e-05 813
1.9399000000142053e-05 814
1.942899999995973e-05 815
1.9458999999777404e-05 816
1.9459999999860145e-05 817
1.949000000012191e-05 818
1.949099999976056e-05 819
1.94919999998433e-05 820
1.9492999999926042e-05 821
1.9494000000008782e-05 822
1.951000000000036e-05 821
1.9513999999887233e-05 820
1.9517999999774105e-05 819
1.9522000000105066e-05 818
1.9523999999826458e-05 819
1.9554000000088223e-05 820
1.9554999999726874e-05 821
1.9555999999809615e-05 822
1.9556999999892355e-05 823
1.9557999999975095e-05 824
1.9559000000057836e-05 825
1.9560000000140576e-05 826
1.9560999999779227e-05 827
1.9561999999861968e-05 828
1.9592000000123733e-05 829
1.9592999999762384e-05 830
1.962300000002415e-05 831
1.964199999981986e-05 830
1.964599999970673e-05 829
1.9650000000037693e-05 828
1.9652999999841825e-05 829
1.9653999999924565e-05 830
1.9653999999924565e-05 829
1.968399999974224e-05 830
1.968499999982498e-05 831
1.9685999999907722e-05 832
1.9715999999725398e-05 833
1.9745999999987163e-05 834
1.9747000000069903e-05 835
1.9774000000083447e-05 834
1.977699999988758e-05 835
1.977799999997032e-05 836
1.9807999999787995e-05 837
1.983800000004976e-05 838
1.98390000001325e-05 839
1.9868999999950177e-05 840
1.9870000000032917e-05 841
1.9871000000115657e-05 842
1.989399999979824e-05 841
1.9900999999933333e-05 842
1.993099999975101e-05 843
1.9961000000012774e-05 844
1.9962000000095514e-05 845
1.999199999991319e-05 846
1.999299999999593e-05 847
2.001399999995712e-05 846
2.0022999999813607e-05 847
2.0023999999896347e-05 848
2.0024999999979087e-05 849
2.0026000000061828e-05 850
2.0055999999879504e-05 851
2.0056999999962244e-05 852
2.0058000000044984e-05 853
2.008799999986266e-05 854
2.00889999999454e-05 855
2.0118999999763076e-05 856
2.0119999999845817e-05 857
2.0120999999928557e-05 858
2.0122000000011298e-05 859
2.0123000000094038e-05 860
2.0134000000116004e-05 859
2.0138000000002876e-05 858
2.0141999999889748e-05 857
2.014599999977662e-05 856
2.0150000000107582e-05 855
2.0152999999911714e-05 856
2.0153999999994454e-05 857
2.0153999999994454e-05 856
2.0157999999881326e-05 855
2.01619999997682e-05 854
2.018399999981213e-05 855
2.0214000000073895e-05 856
2.0214999999712546e-05 857
2.024499999997431e-05 858
2.024600000005705e-05 859
2.0275999999874728e-05 860
2.0276999999957468e-05 861
2.027800000004021e-05 862
2.027900000012295e-05 863
2.028199999992708e-05 862
2.0285999999813953e-05 861
2.0308999999940625e-05 862
2.0310000000023365e-05 863
2.033999999984104e-05 864
2.0370000000102806e-05 865
2.0370999999741457e-05 866
2.0371999999824197e-05 867
2.0372999999906938e-05 868
2.0373999999989678e-05 869
2.0403999999807354e-05 870
2.0404999999890094e-05 871
2.0405999999972835e-05 870
2.043499999970777e-05 871
2.043599999979051e-05 872
2.043699999987325e-05 873
2.043799999995599e-05 874
2.0467999999773667e-05 875
2.0498000000035432e-05 876
2.0526000000131717e-05 875
2.0527999999853108e-05 876
2.053000000001859e-05 875
2.053399999990546e-05 874
2.0558000000114873e-05 875
2.0558999999753524e-05 876
2.058900000001529e-05 877
2.059000000009803e-05 878
2.059099999973668e-05 879
2.059199999981942e-05 880
2.0592999999902162e-05 881
2.0593999999984902e-05 882
2.0595000000067643e-05 883
2.062499999988532e-05 884
2.0654000000064343e-05 883
2.0654999999702994e-05 884
2.0655999999785735e-05 885
2.0657999999951215e-05 884
2.0661999999838088e-05 883
2.06860000000475e-05 884
2.068700000013024e-05 885
2.0716999999947916e-05 886
2.0718000000030656e-05 887
2.0719000000113397e-05 888
2.0748999999931073e-05 889
2.0750000000013813e-05 890
2.077999999983149e-05 891
2.078199999999697e-05 890
2.0785999999883842e-05 889
2.0789999999770714e-05 888
2.0810000000093254e-05 889
2.0810999999731905e-05 890
2.084099999999367e-05 891
2.084200000007641e-05 892
2.0871999999894086e-05 893
2.0872999999976827e-05 894
2.0874000000059567e-05 895
2.0903999999877243e-05 896
2.0909999999929596e-05 895
2.0934000000139008e-05 896
2.093499999977766e-05 897
2.0965000000039424e-05 898
2.0966000000122165e-05 899
2.0966999999760816e-05 900
2.099700000002258e-05 901
2.099800000010532e-05 902
2.1027999999922997e-05 903
2.1029000000005738e-05 904
2.1030000000088478e-05 903
2.103399999997535e-05 902
2.1037999999862222e-05 901
2.1041999999749095e-05 900
2.1058999999823413e-05 901
2.1059999999906154e-05 902
2.108999999972383e-05 903
2.109099999980657e-05 904
2.1121000000068335e-05 905
2.1121999999706986e-05 906
2.1122999999789727e-05 907
2.1123999999872467e-05 908
2.1124999999955207e-05 909
2.1126000000037948e-05 910
2.1155999999855624e-05 911
2.1161999999907977e-05 910
2.118600000011739e-05 911
2.118699999975604e-05 912
2.118799999983878e-05 913
2.118899999992152e-05 914
2.119000000000426e-05 915
2.1191000000087e-05 916
2.1220999999904677e-05 917
2.1221999999987418e-05 918
2.1251999999805093e-05 919
2.1252999999887834e-05 920
2.1253999999970574e-05 921
2.128200000006686e-05 920
2.128399999978825e-05 921
2.128499999987099e-05 922
2.128599999995373e-05 923
2.128599999995373e-05 922
2.128700000003647e-05 923
2.1316999999854147e-05 924
2.1347000000115912e-05 925
2.1376999999933588e-05 926
2.1406000000112613e-05 925
2.1406999999751264e-05 926
2.1407999999834004e-05 927
2.143800000009577e-05 928
2.143899999973442e-05 929
2.1468999999996186e-05 930
2.149899999981386e-05 931
2.1525999999827405e-05 930
2.1529000000075627e-05 931
2.1558999999893302e-05 932
2.1588999999710978e-05 933
2.1618999999972743e-05 934
2.1645999999986287e-05 933
2.164899999979042e-05 934
2.164999999987316e-05 933
2.1653999999760032e-05 932
2.1658000000090993e-05 931
2.1661999999977866e-05 930
2.1665999999864738e-05 929
2.1679000000052184e-05 930
2.1680000000134925e-05 931
2.1680999999773576e-05 932
2.171100000003534e-05 933
2.171200000011808e-05 934
2.1712999999756732e-05 935
2.1743000000018498e-05 936
2.1772999999836173e-05 937
2.1773999999918914e-05 938
2.178600000002362e-05 937
2.180399999973659e-05 938
2.1833999999998355e-05 939
2.186399999981603e-05 940
2.1894000000077796e-05 941
2.1894999999716447e-05 942
2.1895999999799187e-05 943
2.1905999999738412e-05 942
2.1926000000060952e-05 943
2.1955999999878628e-05 944
2.195699999996137e-05 945
2.1986999999779044e-05 946
2.1987999999861785e-05 947
2.201800000012355e-05 948
2.20189999997622e-05 949
2.2025999999897294e-05 948
2.2029999999784167e-05 947
2.2034000000115128e-05 946
2.2038000000002e-05 945
2.2041999999888873e-05 944
2.2045999999775745e-05 943
2.2049000000023966e-05 944
2.2050000000106706e-05 945
2.2050000000106706e-05 944
2.2079999999924382e-05 945
2.2109999999742058e-05 946
2.2140000000003823e-05 947
2.2141000000086564e-05 948
2.2141999999725215e-05 949
2.21699999998215e-05 948
2.217199999998698e-05 949
2.217300000006972e-05 950
2.217399999970837e-05 949
2.2202999999887396e-05 950
2.2232999999705072e-05 951
2.2233999999787812e-05 952
2.2234999999870553e-05 953
2.2265000000132318e-05 954
2.2293999999867253e-05 953
2.2294999999949994e-05 954
2.2297999999754126e-05 953
2.232499999976767e-05 954
2.232599999985041e-05 955
2.232699999993315e-05 956
2.232800000001589e-05 957
2.2357999999833567e-05 958
2.2358999999916307e-05 959
2.2359999999999047e-05 960
2.2361000000081788e-05 961
2.2390999999899464e-05 962
2.2417999999913008e-05 961
2.242099999971714e-05 962
2.2450999999978904e-05 963
2.248099999979658e-05 964
2.248199999987932e-05 965
2.248299999996206e-05 966
2.24840000000448e-05 967
2.2513999999862477e-05 968
2.2514999999945218e-05 969
2.2516000000027958e-05 970
2.25170000001107e-05 971
2.251799999974935e-05 972
2.253800000007189e-05 971
2.254199999995876e-05 970
2.2545999999845634e-05 969
2.2548000000011115e-05 970
2.2549000000093855e-05 971
2.2549999999732506e-05 972
2.2549999999732506e-05 971
2.2550999999815247e-05 972
2.258100000007701e-05 973
2.2581999999715663e-05 974
2.2611999999977428e-05 975
2.2613000000060168e-05 976
2.261400000014291e-05 977
2.2643999999960585e-05 978
2.2669999999891388e-05 977
2.267399999977826e-05 978
2.267399999977826e-05 977
2.2674999999861e-05 978
2.267599999994374e-05 979
2.2678000000109222e-05 978
2.2681999999996094e-05 977
2.2685999999882966e-05 976
2.2705999999761417e-05 977
2.2706999999844157e-05 978
2.2737000000105922e-05 979
2.2737999999744574e-05 980
2.2738999999827314e-05 981
2.276900000008908e-05 982
2.276999999972773e-05 983
2.2799999999989495e-05 984
2.280600000004185e-05 983
2.280999999992872e-05 982
2.2813999999815593e-05 981
2.2817999999702465e-05 980
2.2822000000033427e-05 979
2.28259999999203e-05 978
2.282999999980717e-05 979
2.2860000000068936e-05 980
2.2860999999707587e-05 981
2.2861999999790328e-05 982
2.2892000000052093e-05 983
2.292199999986977e-05 984
2.292299999995251e-05 985
2.292400000003525e-05 986
2.294600000007918e-05 985
2.2953999999852925e-05 986
2.2954999999935666e-05 987
2.298499999975334e-05 988
2.2985999999836082e-05 989
2.2986999999918822e-05 990
2.2988000000001563e-05 991
2.301799999981924e-05 992
2.3048000000081004e-05 993
2.3048999999719655e-05 994
2.3065999999793974e-05 993
2.307899999998142e-05 994
2.3108999999799096e-05 995
2.3109999999881836e-05 996
2.3110999999964577e-05 997
2.3140999999782252e-05 998
2.3141999999864993e-05 999
2.3172000000126758e-05 1000
2.3185999999952855e-05 999
2.3201999999944434e-05 1000
2.323199999976211e-05 1001
2.323299999984485e-05 1002
2.323399999992759e-05 1003
2.3263999999745266e-05 1004
2.329400000000703e-05 1005
2.329500000008977e-05 1006
2.3306000000111737e-05 1005
2.3324999999907448e-05 1006
2.3325999999990188e-05 1007
2.3355999999807864e-05 1008
2.3356999999890604e-05 1009
2.338699999970828e-05 1010
2.3416999999970045e-05 1011
2.342599999982653e-05 1010
2.3429999999713402e-05 1009
2.3434000000044364e-05 1008
2.3437999999931236e-05 1007
2.344199999981811e-05 1006
2.344599999970498e-05 1005
2.344699999978772e-05 1006
2.344799999987046e-05 1007
2.3478000000132226e-05 1008
2.3478999999770878e-05 1009
2.3479999999853618e-05 1010
2.3510000000115383e-05 1011
2.353999999993306e-05 1012
2.3565999999863863e-05 1011
2.3569999999750735e-05 1012
2.36000000000125e-05 1013
2.360100000009524e-05 1014
2.3630999999912916e-05 1015
2.3631999999995656e-05 1016
2.3661999999813332e-05 1017
2.3686000000022744e-05 1016
2.3689999999909617e-05 1015
2.3692000000075097e-05 1016
2.369399999979649e-05 1015
2.369800000012745e-05 1014
2.3702000000014323e-05 1013
2.3705999999901195e-05 1012
2.3721999999892773e-05 1013
2.375199999971045e-05 1014
2.375299999979319e-05 1015
2.375399999987593e-05 1016
2.375499999995867e-05 1017
2.3784999999776346e-05 1018
2.3785999999859087e-05 1019
2.381600000012085e-05 1020
2.3816999999759503e-05 1021
2.3817999999842243e-05 1022
2.3826000000060077e-05 1021
2.382999999994695e-05 1020
2.3848000000104008e-05 1021
2.384899999974266e-05 1022
2.38499999998254e-05 1023
2.3880000000087165e-05 1024
2.3880999999725816e-05 1025
2.3881999999808556e-05 1026
2.3882999999891297e-05 1027
2.3912999999708973e-05 1028
2.3942999999970738e-05 1029
2.3944000000053478e-05 1030
2.395000000010583e-05 1029
2.3973999999871154e-05 1030
2.3974999999953894e-05 1031
2.400499999977157e-05 1032
2.400599999985431e-05 1033
2.400699999993705e-05 1034
2.4036999999754727e-05 1035
2.4037999999837467e-05 1036
2.4068000000099232e-05 1037
2.4069999999820624e-05 1036
2.4073999999707496e-05 1035
2.4078000000038458e-05 1034
2.408199999992533e-05 1033
2.4097999999916908e-05 1034
2.409899999999965e-05 1035
2.410000000008239e-05 1036
2.4129999999900065e-05 1037
2.415999999971774e-05 1038
2.4189999999979506e-05 1039
2.4202000000084212e-05 1038
2.421999999979718e-05 1039
2.4250000000058947e-05 1040
2.4251000000141687e-05 1041
2.4280999999959363e-05 1042
2.4282000000042103e-05 1043
2.431199999985978e-05 1044
2.431299999994252e-05 1045
2.431400000002526e-05 1046
2.4315000000108e-05 1047
2.4321999999799004e-05 1046
2.4326000000129966e-05 1045
2.4330000000016838e-05 1044
2.433399999990371e-05 1043
2.4337999999790583e-05 1042
2.4344999999925676e-05 1043
2.4346000000008416e-05 1044
2.4375999999826092e-05 1045
2.4376999999908833e-05 1046
2.440699999972651e-05 1047
2.4436999999988274e-05 1048
2.4457999999949465e-05 1047
2.4461999999836337e-05 1046
2.446599999972321e-05 1045
2.446699999980595e-05 1046
2.447000000005417e-05 1045
2.4473999999941043e-05 1044
2.4477999999827915e-05 1043
2.4497000000067715e-05 1044
2.452699999988539e-05 1045
2.452799999996813e-05 1046
2.4557999999785807e-05 1047
2.4558999999868547e-05 1048
2.4589000000130312e-05 1049
2.4589999999768963e-05 1050
2.4597999999986797e-05 1049
2.460199999987367e-05 1048
2.460599999976054e-05 1047
2.4610000000091503e-05 1046
2.4613999999978375e-05 1045
2.4617999999865248e-05 1044
2.462000000003073e-05 1045
2.462100000011347e-05 1046
2.462199999975212e-05 1047
2.462199999975212e-05 1046
2.462299999983486e-05 1047
2.46239999999176e-05 1048
2.4653999999735277e-05 1049
2.4654999999818017e-05 1050
2.4655999999900757e-05 1051
2.4685999999718433e-05 1052
2.4715999999980198e-05 1053
2.4741999999911002e-05 1052
2.4745999999797874e-05 1053
2.4745999999797874e-05 1052
2.4746999999880614e-05 1053
2.4747999999963355e-05 1054
2.4749000000046095e-05 1055
2.4750000000128836e-05 1054
2.4754000000015708e-05 1053
2.477899999986377e-05 1054
2.4809000000125536e-05 1055
2.4838999999943212e-05 1056
2.4840000000025952e-05 1057
2.4869999999843628e-05 1058
2.487099999992637e-05 1059
2.48739999997305e-05 1058
2.4878000000061462e-05 1057
2.4881999999948334e-05 1056
2.4885999999835207e-05 1055
2.488999999972208e-05 1054
2.4900999999744045e-05 1055
2.493100000000581e-05 1056
2.493200000008855e-05 1057
2.49329999997272e-05 1058
2.4962999999988966e-05 1059
2.4992999999806642e-05 1060
2.4993999999889382e-05 1061
2.500999999988096e-05 1060
2.502399999970706e-05 1061
2.50249999997898e-05 1062
2.5055000000051564e-05 1063
2.5056000000134304e-05 1064
2.508599999995198e-05 1065
2.508700000003472e-05 1066
2.508800000011746e-05 1067
2.5117999999935137e-05 1068
2.5130000000039843e-05 1067
2.5133999999926715e-05 1066
2.5137999999813587e-05 1065
2.514199999970046e-05 1064
2.514600000003142e-05 1063
2.5147999999752813e-05 1064
2.5149999999918293e-05 1063
2.5153999999805166e-05 1062
2.5178000000014578e-05 1063
2.5207999999832253e-05 1064
2.523800000009402e-05 1065
2.5267999999911694e-05 1066
2.5273999999964047e-05 1065
2.527799999985092e-05 1064
2.529799999972937e-05 1065
2.529899999981211e-05 1066
2.529999999989485e-05 1067
2.5329999999712527e-05 1068
2.5359999999974292e-05 1069
2.5361000000057032e-05 1070
2.5390999999874708e-05 1071
2.53980000000098e-05 1070
2.5401999999896674e-05 1069
2.5405999999783546e-05 1068
2.5410000000114508e-05 1067
2.5421000000136473e-05 1068
2.545099999995415e-05 1069
2.5480999999771825e-05 1070
2.551100000003359e-05 1071
2.55299999998293e-05 1070
2.553099999991204e-05 1071
2.5533999999716173e-05 1070
2.5538000000047134e-05 1069
2.5540999999851266e-05 1070
2.5541999999934006e-05 1069
2.554599999982088e-05 1068
2.554999999970775e-05 1067
2.5554000000038712e-05 1066
2.5557999999925585e-05 1065
2.5561999999812457e-05 1064
2.557100000011303e-05 1065
2.5571999999751682e-05 1066
2.5602000000013447e-05 1067
2.5631999999831123e-05 1068
2.5662000000092888e-05 1069
2.568199999997134e-05 1068
2.568599999985821e-05 1067
2.5691999999910564e-05 1068
2.572199999972824e-05 1069
2.5751999999990005e-05 1070
2.578199999980768e-05 1071
2.5806000000017093e-05 1070
2.5809999999903965e-05 1069
2.5812000000069446e-05 1070
2.5841999999887122e-05 1071
2.5871999999704798e-05 1072
2.5901999999966563e-05 1073
2.5930000000062847e-05 1072
2.593199999978424e-05 1073
2.593399999994972e-05 1072
2.5937999999836592e-05 1071
2.5941999999723464e-05 1070
2.5946000000054426e-05 1069
2.5949999999941298e-05 1068
2.5962000000046004e-05 1069
2.599199999986368e-05 1070
2.6022000000125445e-05 1071
2.605199999994312e-05 1072
2.607000000010018e-05 1071
2.6073999999987052e-05 1070
2.6077999999873924e-05 1069
2.6081999999760797e-05 1070
2.6081999999760797e-05 1069
2.6086000000091758e-05 1068
2.608999999997863e-05 1067
2.611200000002256e-05 1068
2.6141999999840237e-05 1069
2.6172000000102003e-05 1070
2.620199999991968e-05 1071
2.6210000000137512e-05 1070
2.6214000000024384e-05 1069
2.6217999999911257e-05 1068
2.622199999979813e-05 1067
2.622600000012909e-05 1066
2.6231999999737354e-05 1067
2.626199999999912e-05 1068
2.6291999999816795e-05 1069
2.632200000007856e-05 1070
2.6345999999843883e-05 1069
2.6349999999730755e-05 1068
2.6351999999896236e-05 1069
2.6354000000061717e-05 1068
2.635799999994859e-05 1067
2.636199999983546e-05 1066
2.6365999999722334e-05 1065
2.6370000000053295e-05 1064
2.6381999999713912e-05 1065
2.6411999999975677e-05 1066
2.6441999999793353e-05 1067
2.6472000000055118e-05 1068
2.6489999999768088e-05 1067
2.649400000009905e-05 1066
2.6497999999985922e-05 1065
2.6501999999872794e-05 1066
2.6501999999872794e-05 1065
2.6505999999759666e-05 1064
2.653200000013456e-05 1065
2.6561999999952235e-05 1066
2.659199999976991e-05 1067
2.6622000000031676e-05 1068
2.6625999999918548e-05 1067
2.6651999999849352e-05 1068
2.6682000000111117e-05 1069
2.6711999999928793e-05 1070
2.674199999974647e-05 1071
2.674600000007743e-05 1070
2.6749999999964302e-05 1069
2.6753999999851175e-05 1068
2.6757999999738047e-05 1067
2.6772000000008234e-05 1068
2.680199999982591e-05 1069
2.6832000000087675e-05 1070
2.686199999990535e-05 1071
2.687799999989693e-05 1070
2.6891999999723026e-05 1071
2.692199999998479e-05 1072
2.6951999999802467e-05 1073
2.6982000000064232e-05 1074
2.699800000005581e-05 1073
2.7011999999881908e-05 1074
2.7042000000143673e-05 1075
2.707199999996135e-05 1076
2.7101999999779025e-05 1077
2.7117999999770603e-05 1076
2.7122000000101565e-05 1075
2.713200000004079e-05 1076
2.7161999999858466e-05 1077
2.719200000012023e-05 1078
2.7221999999937907e-05 1079
2.7241999999816358e-05 1078
2.7251999999755583e-05 1079
2.7282000000017348e-05 1080
2.7311999999835024e-05 1081
2.734200000009679e-05 1082
2.736199999997524e-05 1081
2.7365999999862112e-05 1080
2.7369999999748984e-05 1079
2.7371999999914465e-05 1080
2.7374000000079945e-05 1079
2.740199999973214e-05 1080
2.7431999999993906e-05 1081
2.746199999981158e-05 1082
2.7492000000073347e-05 1083
2.7493999999794738e-05 1082
2.74980000001257e-05 1081
2.7521999999891023e-05 1082
2.75519999997087e-05 1083
2.7581999999970463e-05 1084
2.761199999978814e-05 1085
2.7617999999840492e-05 1084
2.7621999999727365e-05 1083
2.7626000000058326e-05 1082
2.76299999999452e-05 1081
2.763399999983207e-05 1080
2.7637999999718943e-05 1079
2.7642000000049904e-05 1080
2.7642000000049904e-05 1079
2.767199999986758e-05 1080
2.7702000000129345e-05 1081
2.773199999994702e-05 1082
2.7761999999764697e-05 1083
2.7761999999764697e-05 1082
2.7792000000026462e-05 1083
2.7821999999844138e-05 1084
2.7852000000105903e-05 1085
2.788199999992358e-05 1086
2.788199999992358e-05 1085
2.788599999981045e-05 1084
2.7911999999741255e-05 1085
2.794200000000302e-05 1086
2.7971999999820696e-05 1087
2.800200000008246e-05 1088
2.8005999999969333e-05 1087
2.8009999999856205e-05 1086
2.8013999999743078e-05 1085
2.801800000007404e-05 1084
2.802199999996091e-05 1083
2.8025999999847784e-05 1082
2.8031999999900137e-05 1083
2.8061999999717813e-05 1084
2.8091999999979578e-05 1085
2.8121999999797254e-05 1086
2.8146000000006666e-05 1085
2.815200000005902e-05 1086
2.8181999999876695e-05 1087
2.821200000013846e-05 1088
2.8241999999956136e-05 1089
2.826599999972146e-05 1088
2.827199999977381e-05 1089
2.8302000000035576e-05 1090
2.8331999999853252e-05 1091
2.8362000000115017e-05 1092
2.838599999988034e-05 1091
2.8391999999932693e-05 1092
2.842199999975037e-05 1093
2.8452000000012134e-05 1094
2.848199999982981e-05 1095
2.8506000000039222e-05 1094
2.8509999999926094e-05 1093
2.8512000000091575e-05 1094
2.8525999999917673e-05 1095
2.855599999973535e-05 1096
2.8585999999997114e-05 1097
2.861599999981479e-05 1098
2.8630000000084976e-05 1097
2.8646000000076555e-05 1098
2.867599999989423e-05 1099
2.8705999999711906e-05 1100
2.873599999997367e-05 1101
2.874999999979977e-05 1100
2.875400000013073e-05 1099
2.8758000000017603e-05 1098
2.8761999999904475e-05 1097
2.8765999999791347e-05 1098
2.8796000000053112e-05 1099
2.882599999987079e-05 1100
2.8856000000132553e-05 1101
2.8882000000063357e-05 1100
2.888599999995023e-05 1101
2.888599999995023e-05 1100
2.8915999999767905e-05 1101
2.894600000002967e-05 1102
2.8975999999847346e-05 1103
2.900600000010911e-05 1104
2.900600000010911e-05 1103
2.9035999999926787e-05 1104
2.9065999999744463e-05 1105
2.9096000000006228e-05 1106
2.9125999999823904e-05 1107
2.9125999999823904e-05 1106
2.9129999999710776e-05 1105
2.9134000000041738e-05 1104
2.913799999992861e-05 1103
2.915600000008567e-05 1104
2.9185999999903345e-05 1105
2.921599999972102e-05 1106
2.9245999999982786e-05 1107
2.9258000000087492e-05 1106
2.9261999999974364e-05 1105
2.927599999980046e-05 1106
2.9306000000062227e-05 1107
2.9335999999879903e-05 1108
2.9366000000141668e-05 1109
2.9382000000133246e-05 1108
2.9395999999959344e-05 1109
2.942599999977702e-05 1110
2.9456000000038784e-05 1111
2.948599999985646e-05 1112
2.950199999984804e-05 1111
2.950599999973491e-05 1110
2.9516000000118225e-05 1111
2.95459999999359e-05 1112
2.9575999999753577e-05 1113
2.9606000000015342e-05 1114
2.9625999999893793e-05 1113
2.9629999999780665e-05 1112
2.9634000000111627e-05 1111
2.9635999999833018e-05 1112
2.96379999999985e-05 1111
2.9666000000094783e-05 1112
2.969599999991246e-05 1113
2.9725999999730135e-05 1114
2.97559999999919e-05 1115
2.975799999971329e-05 1114
2.9785999999809576e-05 1115
2.981600000007134e-05 1116
2.9845999999889017e-05 1117
2.9875999999706693e-05 1118
2.9877999999872173e-05 1117
2.9881999999759046e-05 1116
2.9886000000090007e-05 1115
2.988999999997688e-05 1114
2.9893999999863752e-05 1113
2.9897999999750624e-05 1112
2.9902000000081586e-05 1111
2.9905999999968458e-05 1112
2.9905999999968458e-05 1111
2.990999999985533e-05 1110
2.9935999999786134e-05 1111
2.99660000000479e-05 1112
2.9995999999865575e-05 1113
3.002600000012734e-05 1114
3.0030000000014212e-05 1113
3.0055999999945016e-05 1114
3.008599999976269e-05 1115
3.0116000000024457e-05 1116
3.0145999999842132e-05 1117
3.0149999999729005e-05 1116
3.0176000000103897e-05 1117
3.0205999999921573e-05 1118
3.023599999973925e-05 1119
3.0266000000001014e-05 1120
3.0269999999887887e-05 1119
3.027399999977476e-05 1118
3.027800000010572e-05 1117
3.0281999999992593e-05 1116
3.029599999981869e-05 1117
3.0326000000080455e-05 1118
3.035599999989813e-05 1119
3.0385999999715807e-05 1120
3.0401999999707385e-05 1119
3.0406000000038347e-05 1118
3.0415999999977572e-05 1119
3.0445999999795248e-05 1120
3.0476000000057013e-05 1121
3.050599999987469e-05 1122
3.052599999975314e-05 1121
3.0536000000136454e-05 1122
3.056599999995413e-05 1123
3.0595999999771806e-05 1124
3.062600000003357e-05 1125
3.064599999991202e-05 1124
3.0649999999798894e-05 1123
3.065599999985125e-05 1124
3.068600000011301e-05 1125
3.071599999993069e-05 1126
3.0745999999748364e-05 1127
3.0769999999957776e-05 1126
3.077399999984465e-05 1125
3.077600000001013e-05 1126
3.077799999973152e-05 1125
3.078200000006248e-05 1124
3.0785999999949354e-05 1123
3.0789999999836226e-05 1122
3.07939999997231e-05 1121
3.079800000005406e-05 1120
3.0805999999827804e-05 1121
3.083600000008957e-05 1122
3.0865999999907245e-05 1123
3.089599999972492e-05 1124
3.091799999976885e-05 1123
3.0925999999986686e-05 1124
3.095599999980436e-05 1125
3.098600000006613e-05 1126
3.10159999998838e-05 1127
3.1037999999927735e-05 1126
3.104199999981461e-05 1125
3.104599999970148e-05 1126
3.104599999970148e-05 1125
3.105000000003244e-05 1124
3.105399999991931e-05 1123
3.1075999999963244e-05 1124
3.110599999978092e-05 1125
3.1136000000042685e-05 1126
3.116599999986036e-05 1127
3.1174000000078195e-05 1126
3.1196000000122126e-05 1127
3.12259999999398e-05 1128
3.125599999975748e-05 1129
3.128600000001924e-05 1130
3.129399999979299e-05 1129
3.129800000012395e-05 1128
3.131599999983692e-05 1129
3.1346000000098684e-05 1130
3.137599999991636e-05 1131
3.1405999999734036e-05 1132
3.141799999983874e-05 1131
3.14359999999958e-05 1132
3.1465999999813477e-05 1133
3.149600000007524e-05 1134
3.152599999989292e-05 1135
3.1537999999997623e-05 1134
3.1541999999884496e-05 1133
3.155599999971059e-05 1134
3.158599999997236e-05 1135
3.1615999999790034e-05 1136
3.16460000000518e-05 1137
3.166200000004338e-05 1136
3.1675999999869475e-05 1137
3.170600000013124e-05 1138
3.1735999999948916e-05 1139
3.176599999976659e-05 1140
3.178199999975817e-05 1139
3.179600000002836e-05 1140
3.182599999984603e-05 1141
3.18560000001078e-05 1142
3.1885999999925474e-05 1143
3.190199999991705e-05 1142
3.1905999999803925e-05 1141
3.191599999974315e-05 1142
3.1946000000004915e-05 1143
3.197599999982259e-05 1144
3.2006000000084356e-05 1145
3.2025999999962806e-05 1144
3.203599999990203e-05 1145
3.206599999971971e-05 1146
3.209599999998147e-05 1147
3.212599999979915e-05 1148
3.214600000012169e-05 1147
3.215000000000856e-05 1146
3.215399999989543e-05 1145
3.2156000000060914e-05 1146
3.218599999987859e-05 1147
3.2216000000140355e-05 1148
3.222299999983136e-05 1149
3.224599999995803e-05 1150
3.2274000000054315e-05 1149
3.2275999999775706e-05 1150
3.230600000003747e-05 1151
3.233599999985515e-05 1152
3.236600000011691e-05 1153
3.239399999976911e-05 1152
3.239599999993459e-05 1153
3.239800000010007e-05 1152
3.240199999998694e-05 1151
3.2425999999752264e-05 1152
3.245600000001403e-05 1153
3.2485999999831705e-05 1154
3.251600000009347e-05 1155
3.2521999999701734e-05 1154
3.2526000000032695e-05 1153
3.252999999991957e-05 1152
3.2545999999911146e-05 1153
3.257599999972882e-05 1154
3.260599999999059e-05 1155
3.263599999980826e-05 1156
3.265000000007845e-05 1155
3.265399999996532e-05 1154
3.2657999999852194e-05 1153
3.266600000007003e-05 1154
3.2677999999730645e-05 1155
3.2695999999887704e-05 1156
3.272599999970538e-05 1157
3.2755999999967145e-05 1158
3.2778000000011076e-05 1157
3.278199999989795e-05 1156
3.278599999978482e-05 1157
3.2816000000046586e-05 1158
3.284599999986426e-05 1159
3.287600000012603e-05 1160
3.290200000005683e-05 1159
3.29059999999437e-05 1160
3.29059999999437e-05 1159
3.2909999999830575e-05 1158
3.293599999976138e-05 1159
3.2966000000023143e-05 1160
3.299599999984082e-05 1161
3.3026000000102584e-05 1162
3.302999999998946e-05 1161
3.303399999987633e-05 1160
3.305599999992026e-05 1161
3.3085999999737936e-05 1162
3.31159999999997e-05 1163
3.314599999981738e-05 1164
3.315400000003521e-05 1163
3.315799999992208e-05 1162
3.3161999999808955e-05 1161
3.316600000013992e-05 1160
3.317600000007914e-05 1161
3.320599999989682e-05 1162
3.3235999999714494e-05 1163
3.326599999997626e-05 1164
3.328599999985471e-05 1163
3.328999999974158e-05 1162
3.3295999999793935e-05 1163
3.33260000000557e-05 1164
3.3355999999873376e-05 1165
3.338600000013514e-05 1166
3.3409999999900464e-05 1165
3.3413999999787336e-05 1164
3.341599999995282e-05 1165
3.34180000001183e-05 1164
3.342200000000517e-05 1163
3.342599999989204e-05 1162
3.344599999977049e-05 1163
3.347600000003226e-05 1164
3.3505999999849934e-05 1165
3.35360000001117e-05 1166
3.3546000000050924e-05 1165
3.3549999999937796e-05 1164
3.355399999982467e-05 1163
3.3565999999929375e-05 1164
3.359599999974705e-05 1165
3.3626000000008816e-05 1166
3.365599999982649e-05 1167
3.367399999998355e-05 1166
3.3686000000088256e-05 1167
3.371599999990593e-05 1168
3.374599999972361e-05 1169
3.377599999998537e-05 1170
3.379400000014243e-05 1169
3.3798000000029305e-05 1168
3.380599999980305e-05 1169
3.3836000000064814e-05 1170
3.386599999988249e-05 1171
3.3895999999700166e-05 1172
3.39179999997441e-05 1171
3.392200000007506e-05 1170
3.392599999996193e-05 1171
3.392599999996193e-05 1170
3.395599999977961e-05 1171
3.398600000004137e-05 1172
3.401599999985905e-05 1173
3.404600000012081e-05 1174
3.404600000012081e-05 1173
3.4050000000007685e-05 1172
3.407599999993849e-05 1173
3.4105999999756165e-05 1174
3.413600000001793e-05 1175
3.4165999999835606e-05 1176
3.416999999972248e-05 1175
3.419600000009737e-05 1176
3.4225999999915047e-05 1177
3.425599999973272e-05 1178
3.428599999999449e-05 1179
3.428999999988136e-05 1178
3.429399999976823e-05 1177
3.4298000000099194e-05 1176
3.4301999999986066e-05 1175
3.4315999999812163e-05 1176
3.434600000007393e-05 1177
3.4375999999891604e-05 1178
3.440599999970928e-05 1179
3.442199999970086e-05 1178
3.4435999999971045e-05 1179
3.446599999978872e-05 1180
3.4496000000050486e-05 1181
3.452599999986816e-05 1182
3.454199999985974e-05 1181
3.454599999974661e-05 1180
3.4550000000077574e-05 1179
3.4553999999964446e-05 1178
3.455600000012993e-05 1179
3.45859999999476e-05 1180
3.461599999976528e-05 1181
3.4646000000027044e-05 1182
3.467400000012333e-05 1181
3.467599999984472e-05 1182
3.4706000000106485e-05 1183
3.473599999992416e-05 1184
3.476599999974184e-05 1185
3.479399999983812e-05 1184
3.47960000000036e-05 1185
3.479799999972499e-05 1184
3.4802000000055955e-05 1185
3.4802000000055955e-05 1184
3.482599999982128e-05 1185
3.485600000008304e-05 1186
3.488599999990072e-05 1187
3.4915999999718395e-05 1188
3.492199999977075e-05 1187
3.494599999998016e-05 1188
3.4975999999797835e-05 1189
3.50060000000596e-05 1190
3.5035999999877276e-05 1191
3.504199999992963e-05 1190
3.506600000013904e-05 1191
3.509599999995672e-05 1192
3.512599999977439e-05 1193
3.515600000003616e-05 1194
3.516200000008851e-05 1193
3.5185999999853834e-05 1194
3.52160000001156e-05 1195
3.5245999999933275e-05 1196
3.527599999975095e-05 1197
3.5281999999803304e-05 1196
3.5286000000134266e-05 1195
3.529000000002114e-05 1194
3.529399999990801e-05 1193
3.5306000000012716e-05 1194
3.533599999983039e-05 1195
3.536600000009216e-05 1196
3.539599999990983e-05 1197
3.541400000006689e-05 1196
3.5417999999953764e-05 1195
3.5421999999840637e-05 1194
3.542599999972751e-05 1195
3.5455999999989274e-05 1196
3.548599999980695e-05 1197
3.5516000000068715e-05 1198
3.554199999999952e-05 1197
3.554599999988639e-05 1198
3.5575999999704067e-05 1199
3.560599999996583e-05 1200
3.563599999978351e-05 1201
3.566199999971431e-05 1200
3.566600000004527e-05 1201
3.566600000004527e-05 1200
3.5669999999932145e-05 1199
3.567399999981902e-05 1198
3.567799999970589e-05 1197
3.569599999986295e-05 1198
3.5726000000124714e-05 1199
3.575599999994239e-05 1200
3.5785999999760065e-05 1201
3.579799999986477e-05 1200
3.581600000002183e-05 1201
3.5845999999839506e-05 1202
3.587600000010127e-05 1203
3.590599999991895e-05 1204
3.591800000002365e-05 1203
3.593599999973662e-05 1204
3.596599999999839e-05 1205
3.5995999999816064e-05 1206
3.602600000007783e-05 1207
3.6037999999738446e-05 1206
3.604200000006941e-05 1205
3.6055999999895505e-05 1206
3.608599999971318e-05 1207
3.6115999999974946e-05 1208
3.614599999979262e-05 1209
3.61619999997842e-05 1208
3.616600000011516e-05 1207
3.617600000005439e-05 1208
3.620599999987206e-05 1209
3.623600000013383e-05 1210
3.6265999999951504e-05 1211
3.6285999999829954e-05 1210
3.6289999999716827e-05 1209
3.629599999976918e-05 1210
3.6326000000030945e-05 1211
3.635599999984862e-05 1212
3.6386000000110386e-05 1213
3.640999999987571e-05 1212
3.641399999976258e-05 1211
3.641599999992806e-05 1212
3.644599999974574e-05 1213
3.64760000000075e-05 1214
3.650599999982518e-05 1215
3.653399999992146e-05 1214
3.653600000008694e-05 1215
3.656599999990462e-05 1216
3.6595999999722295e-05 1217
3.662599999998406e-05 1218
3.6654000000080345e-05 1217
3.6655999999801736e-05 1218
3.665799999996722e-05 1217
3.666199999985409e-05 1216
3.666599999974096e-05 1215
3.66860000000635e-05 1216
3.671599999988118e-05 1217
3.674600000014294e-05 1218
3.677599999996062e-05 1219
3.678599999989984e-05 1218
3.6789999999786716e-05 1217
3.679400000011768e-05 1216
3.6805999999778294e-05 1217
3.683600000004006e-05 1218
3.6865999999857735e-05 1219
3.68960000001195e-05 1220
3.691399999983247e-05 1219
3.6925999999937176e-05 1220
3.695599999975485e-05 1221
3.698600000001662e-05 1222
3.701599999983429e-05 1223
3.703399999999135e-05 1222
3.704600000009606e-05 1223
3.7075999999913734e-05 1224
3.710599999973141e-05 1225
3.7135999999993174e-05 1226
3.7153999999706144e-05 1225
3.7158000000037106e-05 1224
3.716199999992398e-05 1223
3.716599999981085e-05 1224
3.716599999981085e-05 1223
3.717000000014181e-05 1222
3.7196000000072615e-05 1223
3.722599999989029e-05 1224
3.725599999970797e-05 1225
3.728599999996973e-05 1226
3.7289999999856605e-05 1225
3.731599999978741e-05 1226
3.734600000004917e-05 1227
3.737599999986685e-05 1228
3.7406000000128614e-05 1229
3.7410000000015486e-05 1228
3.743599999994629e-05 1229
3.7465999999763966e-05 1230
3.749600000002573e-05 1231
3.752599999984341e-05 1232
3.752999999973028e-05 1231
3.753400000006124e-05 1230
3.753799999994811e-05 1229
3.7541999999834985e-05 1228
3.754599999972186e-05 1227
3.755600000010517e-05 1228
3.758599999992285e-05 1229
3.7615999999740524e-05 1230
3.764600000000229e-05 1231
3.766599999988074e-05 1230
3.7675999999819965e-05 1231
3.770600000008173e-05 1232
3.7735999999899406e-05 1233
3.776599999971708e-05 1234
3.778600000003962e-05 1233
3.7789999999926494e-05 1232
3.7793999999813366e-05 1231
3.7795999999978847e-05 1232
3.782599999979652e-05 1233
3.785600000005829e-05 1234
3.788599999987596e-05 1235
3.791399999997225e-05 1234
3.791600000013773e-05 1235
3.7945999999955404e-05 1236
3.797599999977308e-05 1237
3.8006000000034845e-05 1238
3.803400000013113e-05 1237
3.803599999985252e-05 1238
3.8038000000018e-05 1237
3.8041999999904874e-05 1236
3.8045999999791746e-05 1235
3.805000000012271e-05 1234
3.805400000000958e-05 1233
3.8066000000114286e-05 1234
3.809599999993196e-05 1235
3.812599999974964e-05 1236
3.81560000000114e-05 1237
3.817399999972437e-05 1236
3.818599999982908e-05 1237
3.8216000000090844e-05 1238
3.824599999990852e-05 1239
3.8275999999726196e-05 1240
3.8293999999883255e-05 1239
3.829799999977013e-05 1238
3.830599999998796e-05 1239
3.833599999980564e-05 1240
3.83660000000674e-05 1241
3.839599999988508e-05 1242
3.841799999992901e-05 1241
3.8425999999702753e-05 1242
3.845599999996452e-05 1243
3.8485999999782194e-05 1244
3.851600000004396e-05 1245
3.853800000008789e-05 1244
3.854199999997476e-05 1243
3.8545999999861635e-05 1244
3.8545999999861635e-05 1243
3.854999999974851e-05 1242
3.855400000007947e-05 1241
3.855799999996634e-05 1240
3.8561999999853214e-05 1239
3.8565999999740086e-05 1238
3.857000000007105e-05 1237
3.857399999995792e-05 1236
3.85760000001234e-05 1237
3.8605999999941076e-05 1238
3.863599999975875e-05 1239
3.866600000002052e-05 1240
3.86940000001168e-05 1239
3.869599999983819e-05 1240
3.872600000009996e-05 1241
3.8755999999917634e-05 1242
3.878599999973531e-05 1243
3.8813999999831594e-05 1242
3.8815999999997075e-05 1243
3.884599999981475e-05 1244
3.8876000000076516e-05 1245
3.890599999989419e-05 1246
3.8933999999990476e-05 1245
3.893599999971187e-05 1246
3.893799999987735e-05 1245
3.894199999976422e-05 1244
3.896599999997363e-05 1245
3.899599999979131e-05 1246
3.9026000000053074e-05 1247
3.905599999987075e-05 1248
3.90619999999231e-05 1247
3.9065999999809975e-05 1246
3.9070000000140936e-05 1245
3.907400000002781e-05 1244
3.9086000000132515e-05 1245
3.911599999995019e-05 1246
3.9145999999767866e-05 1247
3.917600000002963e-05 1248
3.91939999997426e-05 1247
3.919800000007356e-05 1246
3.920599999984731e-05 1247
3.923600000010907e-05 1248
3.926599999992675e-05 1249
3.9279999999752846e-05 1250
3.931000000001461e-05 1251
3.9317999999788356e-05 1250
3.933999999983229e-05 1251
3.937000000009405e-05 1252
3.939999999991173e-05 1253
3.9413999999737825e-05 1254
3.943799999994724e-05 1253
3.944199999983411e-05 1252
3.944399999999959e-05 1253
3.944599999972098e-05 1252
3.9473999999817266e-05 1253
3.950400000007903e-05 1254
3.953399999989671e-05 1255
3.956399999971438e-05 1256
3.9565999999879864e-05 1255
3.9569999999766736e-05 1254
3.95740000000977e-05 1253
3.957799999998457e-05 1252
3.959399999997615e-05 1253
3.9623999999793824e-05 1254
3.965400000005559e-05 1255
3.9683999999873265e-05 1256
3.969800000014345e-05 1255
3.9702000000030324e-05 1254
3.9705999999917196e-05 1253
3.971400000013503e-05 1254
3.9743999999952706e-05 1255
3.977399999977038e-05 1256
3.980400000003215e-05 1257
3.982600000007608e-05 1256
3.983399999984982e-05 1257
3.986400000011159e-05 1258
3.9893999999929264e-05 1259
3.990799999975536e-05 1260
3.9938000000017126e-05 1261
3.994599999979087e-05 1260
3.995000000012183e-05 1259
3.9954000000008705e-05 1258
3.995799999989558e-05 1257
3.99679999998348e-05 1258
3.998200000010499e-05 1259
4.0011999999922665e-05 1260
4.004199999974034e-05 1261
4.0072000000002106e-05 1262
4.007800000005446e-05 1261
4.008199999994133e-05 1260
4.010199999981978e-05 1261
4.013200000008155e-05 1262
4.013899999977255e-05 1261
4.016199999989922e-05 1262
4.01919999997169e-05 1263
4.0221999999978664e-05 1264
4.025199999979634e-05 1265
4.025899999993143e-05 1264
4.0282000000058105e-05 1265
4.031199999987578e-05 1266
4.032599999970188e-05 1267
4.035599999996364e-05 1268
4.036999999978974e-05 1269
4.0379000000090315e-05 1268
4.038299999997719e-05 1267
4.038400000005993e-05 1268
4.04139999998776e-05 1269
4.044400000013937e-05 1270
4.0473999999957044e-05 1271
4.050300000013607e-05 1270
4.050399999977472e-05 1271
4.051800000004491e-05 1272
4.054799999986258e-05 1273
4.057800000012435e-05 1274
4.0591999999950445e-05 1275
4.062199999976812e-05 1276
4.062299999985086e-05 1275
4.0626999999737734e-05 1274
4.0631000000068695e-05 1273
4.0652000000029886e-05 1274
4.068199999984756e-05 1275
4.069600000011775e-05 1276
4.070999999994385e-05 1277
4.073999999976152e-05 1278
4.075099999978349e-05 1277
4.075500000011445e-05 1276
4.075900000000132e-05 1275
4.0762999999888194e-05 1274
4.077000000002329e-05 1275
4.0883000000047076e-05 1274
4.088699999993395e-05 1273
4.100700000009283e-05 1272
4.112699999980762e-05 1271
4.1246999999966505e-05 1270
4.125900000007121e-05 1271
4.136700000012539e-05 1270
4.148699999984018e-05 1269
4.149099999972705e-05 1268
4.1497999999862145e-05 1269
4.1610999999885934e-05 1268
4.1614999999772806e-05 1267
4.173499999993169e-05 1266
4.178299999990642e-05 1267
4.185500000009057e-05 1266
4.197499999980536e-05 1265
4.199400000004516e-05 1266
4.202399999986284e-05 1267
4.2094999999964244e-05 1266
4.209899999985112e-05 1265
4.221900000001e-05 1264
4.224600000002354e-05 1265
4.233899999972479e-05 1264
4.234300000005575e-05 1263
4.237500000003891e-05 1264
4.2462999999770545e-05 1263
4.246700000010151e-05 1262
4.247099999998838e-05 1261
4.249400000011505e-05 1262
4.259099999970317e-05 1261
4.259500000003413e-05 1260
4.2598999999921006e-05 1259
4.2713000000027534e-05 1260
4.271900000007989e-05 1259
4.272299999996676e-05 1258
4.274299999984521e-05 1259
4.284300000012564e-05 1258
4.2865999999808224e-05 1259
4.2962999999840434e-05 1258
4.296699999972731e-05 1257
4.296799999981005e-05 1258
4.297100000005827e-05 1257
4.297499999994514e-05 1256
4.297899999983201e-05 1255
4.3098999999990895e-05 1254
4.321899999970569e-05 1253
4.325000000005019e-05 1254
4.333899999986457e-05 1253
4.334299999975144e-05 1252
4.346299999991032e-05 1251
4.3466999999797196e-05 1250
4.348999999992387e-05 1251
4.358699999995608e-05 1250
4.359099999984295e-05 1249
4.359499999972982e-05 1250
4.362499999999159e-05 1251
4.368399999998829e-05 1252
4.371100000000183e-05 1251
4.3830999999716624e-05 1250
4.3835000000047586e-05 1249
4.395499999976238e-05 1248
4.395900000009334e-05 1247
4.407899999980813e-05 1246
4.4198999999967015e-05 1245
4.420299999985389e-05 1244
4.420699999974076e-05 1243
4.432699999989964e-05 1242
4.4394000000114175e-05 1243
4.444700000005852e-05 1242
4.4450999999945395e-05 1241
4.445499999983227e-05 1240
4.445899999971914e-05 1239
4.4485999999732684e-05 1240
4.457899999987802e-05 1239
4.4699000000036904e-05 1238
4.4702999999923776e-05 1237
4.4778999999994795e-05 1238
4.482300000008266e-05 1237
4.482699999996953e-05 1236
4.48309999998564e-05 1235
4.48899999998531e-05 1236
4.4951000000015284e-05 1235
4.507099999973008e-05 1234
4.507500000006104e-05 1233
4.5141999999831484e-05 1234
4.517200000009325e-05 1235
4.519499999977583e-05 1234
4.5237999999780953e-05 1235
4.531499999993471e-05 1234
4.5318999999821585e-05 1233
4.532299999970846e-05 1232
4.544299999986734e-05 1231
4.544699999975421e-05 1230
4.5566999999913094e-05 1229
4.5570999999799966e-05 1228
4.557500000013093e-05 1227
4.55790000000178e-05 1226
4.5629999999796667e-05 1227
4.569899999973259e-05 1226
4.5703000000063554e-05 1225
4.5822999999778347e-05 1224
4.582700000010931e-05 1223
4.583099999999618e-05 1222
4.595099999971097e-05 1221
4.5955000000041935e-05 1220
4.607499999975673e-05 1219
4.607900000008769e-05 1218
4.619899999980248e-05 1217
4.631899999996136e-05 1216
4.6321000000126844e-05 1217
4.638599999973181e-05 1218
4.6439000000120245e-05 1217
4.644300000000712e-05 1216
4.656299999972191e-05 1215
4.657999999979623e-05 1216
4.668299999988079e-05 1215
4.6766999999725556e-05 1216
4.6803000000039674e-05 1215
4.6806999999926546e-05 1214
4.681099999981342e-05 1213
4.684999999993167e-05 1214
4.69309999999723e-05 1213
4.705100000013118e-05 1212
4.716300000007223e-05 1213
4.7170999999845975e-05 1212
4.717499999973285e-05 1211
4.717900000006381e-05 1210
4.72989999997786e-05 1209
4.739799999997629e-05 1210
4.741899999993748e-05 1209
4.7422999999824356e-05 1208
4.742699999971123e-05 1207
4.743100000004219e-05 1206
4.752999999979579e-05 1207
4.755099999975698e-05 1206
4.7555000000087944e-05 1205
4.765899999981116e-05 1206
4.7674999999802736e-05 1205
4.779499999996162e-05 1204
4.779899999984849e-05 1203
4.780299999973536e-05 1202
4.791099999978954e-05 1203
4.7922999999894245e-05 1202
4.792699999978112e-05 1201
4.793100000011208e-05 1200
4.805099999982687e-05 1199
4.807500000003628e-05 1200
4.8134000000032984e-05 1201
4.817099999998575e-05 1200
4.8174999999872625e-05 1199
4.81789999997595e-05 1198
4.818300000009046e-05 1197
4.830299999980525e-05 1196
4.830700000013621e-05 1195
4.839899999975472e-05 1196
4.8426999999851006e-05 1195
4.843099999973788e-05 1194
4.843500000006884e-05 1193
4.855499999978363e-05 1192
4.8559000000114594e-05 1191
4.8578999999993044e-05 1192
4.859299999981914e-05 1193
4.8678999999829387e-05 1192
4.868299999971626e-05 1191
4.868700000004722e-05 1190
4.880699999976201e-05 1189
4.8811000000092974e-05 1188
4.881499999997985e-05 1187
4.893500000013873e-05 1186
4.905499999985352e-05 1185
4.9058999999740394e-05 1184
4.915500000013395e-05 1185
4.9178999999899276e-05 1184
4.929900000005816e-05 1183
4.930299999994503e-05 1182
4.93069999998319e-05 1183
4.93069999998319e-05 1182
4.9310999999718774e-05 1181
4.938099999973744e-05 1182
4.9430999999877656e-05 1181
4.955100000003654e-05 1180
4.955499999992341e-05 1179
4.967500000008229e-05 1178
4.9794999999797085e-05 1177
4.991499999995597e-05 1176
5.003500000011485e-05 1175
5.003900000000172e-05 1174
5.0158999999716514e-05 1173
5.0163000000047475e-05 1172
5.016699999993435e-05 1171
5.028700000009323e-05 1170
5.02909999999801e-05 1169
5.0294999999866974e-05 1170
5.0411000000138984e-05 1169
5.0434999999904306e-05 1170
5.0530999999853776e-05 1169
5.053499999974065e-05 1168
5.053900000007161e-05 1167
5.055099999973223e-05 1168
5.06589999997864e-05 1167
5.0778999999945285e-05 1166
5.078299999983216e-05 1165
5.078699999971903e-05 1164
5.079100000004999e-05 1163
5.079499999993686e-05 1162
5.0798999999823735e-05 1161
5.0915000000095745e-05 1162
5.091899999998262e-05 1161
5.092899999992184e-05 1162
5.0970999999844224e-05 1163
5.10390000001415e-05 1162
5.115899999985629e-05 1161
5.1279000000015174e-05 1160
5.1282999999902046e-05 1161
5.139200000003896e-05 1162
5.1398999999729966e-05 1161
5.140300000006093e-05 1160
5.142199999985664e-05 1161
5.1474999999800986e-05 1162
5.152299999977572e-05 1161
5.16429999999346e-05 1160
5.1646999999821475e-05 1159
5.165099999970835e-05 1160
5.165099999970835e-05 1159
5.177099999986723e-05 1158
5.17749999997541e-05 1157
5.189499999991298e-05 1156
5.1898999999799855e-05 1155
5.190300000013082e-05 1154
5.190700000001769e-05 1153
5.202699999973248e-05 1152
5.203100000006344e-05 1153
5.203100000006344e-05 1152
5.2150999999778236e-05 1151
5.21550000001092e-05 1150
5.222299999996238e-05 1151
5.227499999982399e-05 1150
5.239499999998287e-05 1149
5.2515000000141754e-05 1148
5.2634999999856547e-05 1147
5.263899999974342e-05 1146
5.27589999999023e-05 1145
5.276299999978917e-05 1144
5.2882999999948055e-05 1143
5.300300000010694e-05 1142
5.300699999999381e-05 1141
5.3019000000098515e-05 1142
5.31269999997086e-05 1141
5.313100000003956e-05 1140
5.3134999999926436e-05 1139
5.325500000008532e-05 1138
5.327499999996377e-05 1139
5.337499999980011e-05 1138
5.337900000013107e-05 1137
5.339799999992678e-05 1138
5.342799999974446e-05 1139
5.3498999999845864e-05 1138
5.3502999999732737e-05 1137
5.352699999994215e-05 1138
5.362299999989162e-05 1137
5.362699999977849e-05 1136
5.373999999980228e-05 1137
5.374699999993737e-05 1136
5.3750999999824245e-05 1135
5.375499999971112e-05 1134
5.375900000004208e-05 1133
5.3830000000143485e-05 1134
5.387899999975687e-05 1133
5.388300000008783e-05 1132
5.389099999986158e-05 1133
5.4002999999802626e-05 1132
5.400700000013359e-05 1131
5.412699999984838e-05 1130
5.424399999975904e-05 1131
5.424700000000726e-05 1130
5.4250999999894134e-05 1129
5.4288999999929644e-05 1130
5.4371000000053016e-05 1129
5.437499999993989e-05 1128
5.437899999982676e-05 1127
5.449899999998564e-05 1126
5.4502999999872515e-05 1127
5.4502999999872515e-05 1126
5.4623000000031396e-05 1127
5.4623000000031396e-05 1126
5.462699999991827e-05 1125
5.465299999984907e-05 1126
5.474700000007715e-05 1125
5.475099999996402e-05 1124
5.4754999999850895e-05 1123
5.475899999973777e-05 1122
5.4774999999729346e-05 1123
5.482099999998269e-05 1124
5.487899999989665e-05 1123
5.488299999978352e-05 1122
5.488700000011448e-05 1121
5.5002999999942404e-05 1122
5.5006999999829276e-05 1121
5.501099999971615e-05 1120
5.513099999987503e-05 1119
5.51349999997619e-05 1118
5.5139000000092864e-05 1117
5.5142999999979736e-05 1116
5.514699999986661e-05 1115
5.526700000002549e-05 1114
5.527099999991236e-05 1113
5.5391000000071244e-05 1112
5.550300000001229e-05 1113
5.551099999978604e-05 1112
5.5515000000117e-05 1111
5.563499999983179e-05 1110
5.5638999999718664e-05 1109
5.5643000000049625e-05 1108
5.576299999976442e-05 1107
5.576700000009538e-05 1106
5.588699999981017e-05 1105
5.589100000014113e-05 1104
5.5895000000028006e-05 1103
5.589899999991488e-05 1102
5.590299999980175e-05 1101
5.5914999999906456e-05 1102
5.602299999996063e-05 1101
5.602500000012611e-05 1102
5.6026999999847504e-05 1101
5.605499999994379e-05 1102
5.6147000000006386e-05 1101
5.617199999985445e-05 1102
5.626699999972118e-05 1101
5.627100000005214e-05 1100
5.639099999976693e-05 1099
5.6395000000097895e-05 1098
5.642299999975009e-05 1099
5.651499999981269e-05 1098
5.651900000014365e-05 1097
5.652300000003052e-05 1096
5.6586999999996834e-05 1097
5.659900000010154e-05 1098
5.6630000000001957e-05 1099
5.6642999999745314e-05 1098
5.6647000000076275e-05 1097
5.676699999979107e-05 1096
5.677100000012203e-05 1095
5.678700000011361e-05 1096
5.6820999999818156e-05 1097
5.689099999983682e-05 1096
5.6894999999723694e-05 1095
5.6899000000054656e-05 1094
5.701899999976945e-05 1093
5.702300000010041e-05 1092
5.702699999998728e-05 1091
5.7146999999702075e-05 1090
5.7151000000033036e-05 1089
5.715499999991991e-05 1088
5.727500000007879e-05 1087
5.727899999996566e-05 1086
5.7282999999852535e-05 1085
5.728699999973941e-05 1084
5.731099999994882e-05 1085
5.7361000000089035e-05 1086
5.73859999999371e-05 1087
5.740699999989829e-05 1086
5.742299999988987e-05 1087
5.748699999985618e-05 1088
5.752700000005717e-05 1087
5.7646999999771964e-05 1086
5.7651000000102925e-05 1085
5.76549999999898e-05 1084
5.777499999970459e-05 1083
5.7862999999880316e-05 1084
5.789499999986347e-05 1083
5.7898999999750345e-05 1082
5.7903000000081306e-05 1081
5.794399999992095e-05 1082
5.80229999997961e-05 1081
5.802700000012706e-05 1080
5.814699999984185e-05 1079
5.8267000000000735e-05 1078
5.8285999999796445e-05 1079
5.836799999991982e-05 1080
5.838699999971553e-05 1079
5.839100000004649e-05 1078
5.839499999993336e-05 1077
5.842499999975104e-05 1078
5.8499999999739316e-05 1079
5.851500000009224e-05 1078
5.8518999999979116e-05 1077
5.852299999986599e-05 1076
5.853000000000108e-05 1077
5.862800000011603e-05 1078
5.864300000002487e-05 1077
5.864699999991174e-05 1076
5.868399999986451e-05 1077
5.8767000000070624e-05 1076
5.8770999999957496e-05 1075
5.877499999984437e-05 1074
5.879300000000143e-05 1075
5.8843999999780294e-05 1076
5.889500000000325e-05 1075
5.889899999989012e-05 1074
5.8902999999776995e-05 1073
5.8907000000107956e-05 1072
5.897499999996114e-05 1073
5.901499999971804e-05 1074
5.902699999982275e-05 1073
5.903099999970962e-05 1072
5.903500000004058e-05 1071
5.9154999999755375e-05 1070
5.915900000008634e-05 1069
5.9197000000121847e-05 1070
5.922699999993952e-05 1071
5.92569999997572e-05 1072
5.9271000000027385e-05 1073
5.927899999980113e-05 1072
5.9347000000098404e-05 1073
5.937699999991608e-05 1074
5.939899999996001e-05 1073
5.94789999999179e-05 1074
5.9519000000118893e-05 1073
5.9523000000005766e-05 1072
5.952699999989264e-05 1071
5.953099999977951e-05 1070
5.955600000007166e-05 1071
5.960299999996366e-05 1072
5.965099999993839e-05 1071
5.9654999999825264e-05 1070
5.965899999971214e-05 1069
5.977899999987102e-05 1068
5.9811999999936916e-05 1069
5.98990000000299e-05 1068
6.001899999974469e-05 1067
6.0023000000075655e-05 1066
6.006999999996765e-05 1067
6.011099999980729e-05 1068
6.014299999979045e-05 1067
6.014700000012141e-05 1066
6.0174999999773604e-05 1067
6.018900000004379e-05 1068
6.021899999986147e-05 1069
6.0254999999731496e-05 1070
6.02669999998362e-05 1069
6.0270999999723074e-05 1068
6.030700000003719e-05 1069
6.033699999985487e-05 1070
6.036700000011663e-05 1071
6.0390999999881956e-05 1070
6.039499999976883e-05 1069
6.039699999993431e-05 1070
6.045499999984827e-05 1071
6.049500000004926e-05 1072
6.051499999992771e-05 1071
6.051899999981458e-05 1070
6.0522999999701454e-05 1069
6.057199999975893e-05 1070
6.0642999999860336e-05 1069
6.064699999974721e-05 1068
6.065499999996504e-05 1069
6.066899999979114e-05 1070
6.070699999982665e-05 1071
6.0759000000132346e-05 1072
6.076699999990609e-05 1071
6.078899999995002e-05 1072
6.088700000006497e-05 1071
6.1006999999779765e-05 1070
6.101100000011073e-05 1069
6.101299999983212e-05 1070
6.10149999999976e-05 1069
6.106900000002469e-05 1070
6.113499999971239e-05 1069
6.113699999987787e-05 1070
6.113900000004335e-05 1069
6.114299999993023e-05 1068
6.11469999998171e-05 1067
6.11990000001228e-05 1068
6.122000000008399e-05 1069
6.126699999997598e-05 1068
6.127099999986285e-05 1067
6.127499999974972e-05 1066
6.133099999994229e-05 1067
6.13949999999086e-05 1066
6.145799999979218e-05 1067
6.151500000006749e-05 1066
6.151899999995436e-05 1065
6.152299999984123e-05 1064
6.15269999997281e-05 1063
6.153100000005907e-05 1062
6.156999999973323e-05 1063
6.164699999988699e-05 1064
6.165099999977386e-05 1063
6.16989999997486e-05 1064
6.177099999993274e-05 1063
6.177499999981961e-05 1062
6.177899999970649e-05 1061
6.182299999979435e-05 1062
6.187099999976908e-05 1063
6.189899999986537e-05 1062
6.190299999975224e-05 1061
6.19070000000832e-05 1060
6.191099999997007e-05 1059
6.191499999985695e-05 1058
6.195099999972697e-05 1059
6.203500000001583e-05 1058
6.215499999973062e-05 1057
6.215900000006158e-05 1056
6.21829999998269e-05 1057
6.227899999977637e-05 1056
6.228300000010734e-05 1055
6.228699999999421e-05 1054
6.229099999988108e-05 1053
6.229499999976795e-05 1052
6.237499999972584e-05 1053
6.241499999992683e-05 1052
6.24399999997749e-05 1053
6.24989999997716e-05 1054
6.253500000008572e-05 1053
6.253899999997259e-05 1052
6.254299999985946e-05 1051
6.254699999974633e-05 1050
6.25510000000773e-05 1049
6.255499999996417e-05 1048
6.255899999985104e-05 1047
6.256299999973791e-05 1046
6.256700000006887e-05 1045
6.268699999978367e-05 1044
6.269100000011463e-05 1043
6.281099999982942e-05 1042
6.284299999981258e-05 1043
6.29309999999883e-05 1042
6.293499999987517e-05 1041
6.299999999992423e-05 1042
6.301399999975033e-05 1043
6.305500000003406e-05 1042
6.305899999992093e-05 1041
6.30629999998078e-05 1040
6.306399999989054e-05 1041
6.315200000006627e-05 1042
6.318299999996668e-05 1041
6.321499999994984e-05 1042
6.330300000012556e-05 1041
6.330700000001244e-05 1040
6.33389999999956e-05 1041
6.336899999981327e-05 1042
6.339900000007503e-05 1043
6.342699999972723e-05 1042
6.343100000005819e-05 1041
6.347499999970196e-05 1042
6.350499999996373e-05 1043
6.35349999997814e-05 1044
6.355099999977298e-05 1043
6.356500000004317e-05 1044
6.357899999986927e-05 1045
6.360900000013103e-05 1046
6.367099999993187e-05 1045
6.367499999981874e-05 1044
6.379499999997762e-05 1043
6.379899999986449e-05 1042
6.380299999975136e-05 1041
6.384299999995235e-05 1042
6.387299999977003e-05 1043
6.392299999991025e-05 1042
6.396699999999811e-05 1043
6.404300000006913e-05 1042
6.409499999993074e-05 1043
6.416299999978392e-05 1042
6.416700000011488e-05 1041
6.422699999975023e-05 1042
6.428699999982967e-05 1041
6.429099999971655e-05 1040
6.44009999999362e-05 1041
6.441099999987543e-05 1040
6.44149999997623e-05 1039
6.441900000009326e-05 1038
6.442299999998014e-05 1037
6.444899999991094e-05 1038
6.454300000013902e-05 1037
6.454700000002589e-05 1036
6.455099999991276e-05 1035
6.463999999972714e-05 1036
6.467100000007164e-05 1035
6.467499999995852e-05 1034
6.47950000001174e-05 1033
6.479900000000427e-05 1032
6.480299999989114e-05 1031
6.480699999977801e-05 1030
6.481100000010898e-05 1029
6.4846999999979e-05 1030
6.493099999982377e-05 1029
6.493499999971064e-05 1028
6.494500000009396e-05 1029
6.49789999997985e-05 1030
6.505499999986952e-05 1029
6.514400000012799e-05 1030
6.51750000000284e-05 1029
6.517899999991528e-05 1028
6.524399999996433e-05 1029
6.526799999972965e-05 1030
6.529900000007416e-05 1029
6.530299999996103e-05 1028
6.535499999982264e-05 1029
6.542300000011991e-05 1028
6.542700000000679e-05 1027
6.543099999989366e-05 1026
6.543499999978053e-05 1025
6.555499999993941e-05 1024
6.555899999982628e-05 1023
6.559900000002727e-05 1024
6.56489999997234e-05 1025
6.567899999998517e-05 1024
6.573900000006461e-05 1025
6.579900000014405e-05 1024
6.580300000003092e-05 1023
6.580699999991779e-05 1022
6.581099999980466e-05 1021
6.581500000013563e-05 1020
6.593499999985042e-05 1019
6.593899999973729e-05 1018
6.605899999989617e-05 1017
6.606299999978305e-05 1016
6.6067000000114e-05 1015
6.607100000000088e-05 1014
6.60949999997662e-05 1015
6.612000000005835e-05 1016
6.617799999997231e-05 1017
6.619099999971567e-05 1016
6.623499999980353e-05 1017
6.624900000007372e-05 1018
6.631099999987455e-05 1017
6.637200000003673e-05 1018
6.643100000003344e-05 1017
6.647900000000817e-05 1018
6.655099999974823e-05 1017
6.655500000007919e-05 1016
6.666499999985476e-05 1017
6.667499999979398e-05 1016
6.667900000012494e-05 1015
6.668300000001182e-05 1014
6.668699999989869e-05 1013
6.669099999978556e-05 1012
6.669500000011652e-05 1011
6.66990000000034e-05 1010
6.67389999997603e-05 1011
6.681899999971819e-05 1010
6.686399999988879e-05 1011
6.693899999987707e-05 1010
6.694299999976394e-05 1009
6.697099999986023e-05 1010
6.699599999970829e-05 1011
6.706299999992282e-05 1010
6.70669999998097e-05 1009
6.718699999996858e-05 1008
6.718900000013406e-05 1009
6.719099999985545e-05 1008
6.719499999974232e-05 1007
6.73149999999012e-05 1006
6.731899999978808e-05 1005
6.735099999977123e-05 1006
6.743899999994696e-05 1005
6.747099999993011e-05 1006
6.755900000010584e-05 1005
6.756299999999271e-05 1004
6.761599999993706e-05 1005
6.76829999997075e-05 1004
6.768700000003847e-05 1003
6.771900000002162e-05 1004
6.774799999975656e-05 1005
6.780699999975326e-05 1004
6.781100000008422e-05 1003
6.781499999997109e-05 1002
6.787500000005053e-05 1003
6.793500000012997e-05 1002
6.805499999984477e-05 1001
6.805899999973164e-05 1000
6.806399999970125e-05 1001
6.814900000007285e-05 1002
6.817899999989052e-05 1003
6.817899999989052e-05 1002
6.81829999997774e-05 1001
6.818700000010836e-05 1000
6.830699999982315e-05 999
6.831099999971002e-05 998
6.83389999998063e-05 999
6.84309999998689e-05 998
6.843499999975577e-05 997
6.849499999983522e-05 998
6.85090000001054e-05 999
6.855499999991466e-05 998
6.855899999980153e-05 997
6.867899999996041e-05 996
6.868299999984728e-05 995
6.872699999993515e-05 996
6.880300000000616e-05 995
6.880699999989304e-05 994
6.881099999977991e-05 993
6.881500000011087e-05 992
6.881899999999774e-05 991
6.882299999988462e-05 990
6.884700000009403e-05 991
6.886099999992012e-05 992
6.891299999978173e-05 993
6.89430000000435e-05 992
6.899100000001823e-05 993
6.900499999984433e-05 994
6.906299999975829e-05 993
6.906600000000651e-05 994
6.906700000008925e-05 993
6.907099999997612e-05 992
6.9074999999863e-05 991
6.907899999974987e-05 990
6.907999999983261e-05 991
6.908300000008083e-05 990
6.920299999979562e-05 989
6.920700000012658e-05 988
6.932500000011999e-05 989
6.932699999984138e-05 988
6.933099999972825e-05 987
6.933500000005921e-05 986
6.935499999993766e-05 987
6.936899999976376e-05 988
6.9454999999774e-05 987
6.945900000010496e-05 986
6.946299999999184e-05 985
6.946699999987871e-05 984
6.950799999971835e-05 985
6.958700000003759e-05 984
6.960699999991604e-05 985
6.967400000013058e-05 986
6.970699999975238e-05 985
6.97309999999618e-05 986
6.982699999991127e-05 985
6.986799999975091e-05 986
6.994700000007015e-05 985
6.995099999995702e-05 984
7.00710000001159e-05 983
7.007500000000277e-05 982
7.013899999996909e-05 983
7.019499999971757e-05 982
7.024700000002326e-05 983
7.031499999987645e-05 982
7.036699999973806e-05 983
7.043500000003533e-05 982
7.055499999975012e-05 981
7.063499999970801e-05 982
7.0674999999909e-05 981
7.07549999998669e-05 982
7.079500000006789e-05 981
7.091499999978268e-05 980
7.103499999994156e-05 979
7.103899999982843e-05 978
7.10429999997153e-05 977
7.112300000011729e-05 978
7.116299999987419e-05 977
7.116699999976106e-05 976
7.117100000009202e-05 975
7.124699999971895e-05 976
7.126399999979327e-05 977
7.129099999980681e-05 976
7.14109999999657e-05 975
7.141499999985257e-05 974
7.149499999981046e-05 975
7.153500000001145e-05 974
7.161600000005208e-05 975
7.165499999972624e-05 974
7.175999999997629e-05 975
7.177499999988513e-05 974
7.186300000006085e-05 975
7.189500000004401e-05 974
7.189899999993088e-05 973
7.190299999981775e-05 972
7.202299999997663e-05 971
7.206100000001214e-05 972
7.212299999981298e-05 973
7.214300000013552e-05 972
7.214700000002239e-05 971
7.224699999985873e-05 972
7.226699999973718e-05 971
7.227100000006814e-05 970
7.22770000001205e-05 971
7.239099999978293e-05 970
7.23950000001139e-05 969
7.251499999982869e-05 968
7.251899999971556e-05 967
7.262699999976974e-05 968
7.263899999987444e-05 967
7.264100000003992e-05 968
7.275900000003332e-05 967
7.278199999971591e-05 968
7.28219999999169e-05 969
7.287899999974812e-05 968
7.288300000007908e-05 967
7.288699999996595e-05 966
7.290799999992714e-05 967
7.300700000012483e-05 966
7.30110000000117e-05 965
7.301599999998132e-05 966
7.31309999997265e-05 965
7.31360000001402e-05 966
7.325099999988538e-05 965
7.325499999977225e-05 964
7.325900000010321e-05 963
7.3378999999818e-05 962
7.349899999997689e-05 961
7.361900000013577e-05 960
7.362300000002264e-05 959
7.362699999990951e-05 958
7.363099999979639e-05 957
7.365100000011893e-05 958
7.375099999995527e-05 957
7.375499999984214e-05 956
7.375899999972901e-05 955
7.376300000005998e-05 956
7.376300000005998e-05 955
7.388299999977477e-05 954
7.400099999976817e-05 955
7.400299999993365e-05 954
7.403100000002993e-05 955
7.412300000009253e-05 954
7.414299999997098e-05 955
7.424299999980732e-05 954
7.424700000013829e-05 953
7.425100000002516e-05 952
7.425499999991203e-05 951
7.434200000000502e-05 952
7.437500000007091e-05 951
7.437899999995778e-05 950
7.438299999984466e-05 949
7.438699999973153e-05 948
7.439100000006249e-05 947
7.45019999999208e-05 948
7.451099999977728e-05 947
7.451500000010824e-05 946
7.451899999999512e-05 945
7.452299999988199e-05 944
7.464300000004087e-05 943
7.464699999992774e-05 942
7.476700000008663e-05 943
7.476700000008663e-05 942
7.47709999999735e-05 941
7.477499999986037e-05 940
7.489100000013238e-05 941
7.489500000001925e-05 940
7.501499999973404e-05 939
7.501599999981678e-05 940
7.5019000000065e-05 939
7.502299999995188e-05 938
7.514300000011076e-05 939
7.514300000011076e-05 938
7.514699999999763e-05 937
7.526699999971243e-05 936
7.527100000004339e-05 935
7.527499999993026e-05 934
7.537699999993208e-05 935
7.539500000008914e-05 934
7.539899999997601e-05 933
7.540699999974976e-05 934
7.550700000003019e-05 935
7.55190000001349e-05 934
7.563899999984969e-05 933
7.575900000000857e-05 932
7.576299999989544e-05 931
7.576699999978231e-05 930
7.58869999999412e-05 929
7.600700000010008e-05 928
7.601099999998695e-05 927
7.601499999987382e-05 926
7.61350000000327e-05 925
7.613899999991958e-05 924
7.62270000000953e-05 925
7.625699999991298e-05 926
7.625900000007846e-05 925
7.626299999996533e-05 924
7.62669999998522e-05 923
7.627099999973908e-05 922
7.639099999989796e-05 921
7.639499999978483e-05 922
7.642000000007698e-05 923
7.651100000005684e-05 922
7.651499999994371e-05 921
7.657299999985767e-05 922
7.663199999985437e-05 923
7.66350000001026e-05 922
7.666200000011614e-05 923
7.669199999993381e-05 924
7.672199999975149e-05 925
7.675499999981739e-05 924
7.675899999970426e-05 923
7.676300000003522e-05 922
7.678799999988328e-05 923
7.688299999975001e-05 922
7.688700000008097e-05 921
7.689200000005059e-05 922
7.692199999986826e-05 923
7.693600000013845e-05 924
7.694999999996455e-05 925
7.700699999979577e-05 924
7.712699999995465e-05 923
7.724700000011353e-05 922
7.72510000000004e-05 921
7.725499999988727e-05 920
7.728499999970495e-05 921
7.732100000001907e-05 922
7.737500000004616e-05 921
7.749499999976095e-05 920
7.749900000009191e-05 919
7.76189999998067e-05 918
7.762300000013767e-05 917
7.769099999999085e-05 918
7.770499999981695e-05 919
7.774299999985246e-05 918
7.774699999973933e-05 917
7.786699999989821e-05 916
7.791200000006882e-05 917
7.79870000000571e-05 916
7.810699999977189e-05 915
7.811100000010285e-05 914
7.812100000004207e-05 915
7.823099999981764e-05 914
7.823499999970451e-05 913
7.823900000003547e-05 912
7.82629999998008e-05 913
7.835899999975027e-05 912
7.83669999999681e-05 913
7.840299999983813e-05 914
7.847899999990915e-05 913
7.850499999983995e-05 914
7.859900000006803e-05 913
7.871899999978282e-05 912
7.872300000011379e-05 911
7.874900000004459e-05 912
7.884299999982858e-05 911
7.884699999971545e-05 910
7.89310000000043e-05 911
7.896699999987433e-05 910
7.898699999975278e-05 911
7.908700000003321e-05 910
7.915099999999953e-05 911
7.9206999999748e-05 910
7.929100000003686e-05 911
7.932699999990689e-05 910
7.933099999979376e-05 909
7.933500000012472e-05 908
7.93390000000116e-05 907
7.945899999972639e-05 906
7.946300000005735e-05 905
7.947499999971797e-05 906
7.958299999977214e-05 905
7.95870000001031e-05 904
7.959099999998998e-05 903
7.971099999970477e-05 902
7.971500000003573e-05 901
7.97189999999226e-05 902
7.97189999999226e-05 901
7.979100000010675e-05 902
7.983900000008148e-05 901
7.984299999996836e-05 900
7.984699999985523e-05 899
7.98509999997421e-05 898
7.996700000001411e-05 899
7.997099999990098e-05 898
8.009100000005986e-05 897
8.009499999994674e-05 896
8.021500000010562e-05 895
8.021899999999249e-05 894
8.024700000008878e-05 895
8.033899999970728e-05 894
8.034300000003824e-05 893
8.034699999992512e-05 892
8.0467000000084e-05 891
8.047099999997087e-05 890
8.048800000004519e-05 891
8.059100000012975e-05 890
8.07030000000708e-05 891
8.071099999984455e-05 890
8.071499999973142e-05 889
8.071900000006238e-05 888
8.077999999978047e-05 889
8.083899999977717e-05 888
8.095899999993605e-05 887
8.10709999998771e-05 888
8.107900000009494e-05 887
8.117199999979618e-05 888
8.119899999980973e-05 887
8.122799999998875e-05 888
8.126299999977604e-05 889
8.131899999996861e-05 888
8.132299999985548e-05 887
8.134299999973393e-05 888
8.13729999999957e-05 889
8.144300000001437e-05 888
8.14440000000971e-05 889
8.144699999990124e-05 888
8.147000000002791e-05 889
8.156700000006012e-05 888
8.157099999994699e-05 887
8.157499999983386e-05 886
8.157899999972074e-05 885
8.169899999987962e-05 884
8.170299999976649e-05 883
8.182299999992537e-05 882
8.182699999981224e-05 881
8.188300000000481e-05 882
8.191299999982249e-05 883
8.192700000009268e-05 884
8.194699999997113e-05 883
8.196599999976684e-05 884
8.205100000013843e-05 885
8.206499999996453e-05 886
8.206700000013001e-05 885
8.21869999998448e-05 884
8.219299999989715e-05 885
8.230700000000368e-05 884
8.242699999971848e-05 883
8.243100000004944e-05 882
8.245300000009337e-05 883
8.248299999991104e-05 884
8.255099999976423e-05 883
8.255500000009519e-05 882
8.261499999973054e-05 883
8.267499999980998e-05 882
8.267900000014095e-05 881
8.279899999985574e-05 880
8.280299999974261e-05 879
8.280700000007357e-05 878
8.281099999996044e-05 877
8.281499999984732e-05 876
8.29350000000062e-05 875
8.293899999989307e-05 874
8.294299999977994e-05 873
8.297099999987623e-05 874
8.306299999993882e-05 873
8.31830000000977e-05 872
8.33029999998125e-05 871
8.330700000014346e-05 870
8.331100000003033e-05 869
8.33149999999172e-05 868
8.335599999975685e-05 869
8.343500000007609e-05 868
8.355499999979088e-05 867
8.367499999994976e-05 866
8.367899999983663e-05 865
8.379899999999552e-05 864
8.380299999988239e-05 863
8.384300000008338e-05 864
8.387299999990105e-05 865
8.390299999971873e-05 866
8.392300000004127e-05 865
8.39329999999805e-05 866
8.396700000012913e-05 867
8.40319999997341e-05 868
8.403299999981684e-05 869
8.404299999975606e-05 868
8.404700000008702e-05 867
8.40509999999739e-05 866
8.415199999989298e-05 867
8.416599999971908e-05 868
8.417100000013278e-05 867
8.429099999984757e-05 866
8.429499999973444e-05 865
8.433499999993543e-05 866
8.441499999989333e-05 865
8.44189999997802e-05 864
8.453899999993908e-05 863
8.454299999982595e-05 862
8.465199999996287e-05 863
8.466299999998483e-05 862
8.46669999998717e-05 861
8.467099999975858e-05 860
8.47330000000035e-05 861
8.476299999982118e-05 862
8.479099999991746e-05 861
8.491100000007634e-05 860
8.49430000000595e-05 861
8.503099999979113e-05 860
8.515099999995002e-05 859
8.519500000003788e-05 860
8.52710000001089e-05 859
8.536499999989289e-05 860
8.538400000013269e-05 861
8.539099999982369e-05 860
8.543399999982881e-05 861
8.551099999998257e-05 860
8.551499999986945e-05 859
8.551899999975632e-05 858
8.555899999995731e-05 859
8.558899999977498e-05 860
8.56389999999152e-05 859
8.575900000007408e-05 858
8.576299999996095e-05 857
8.588300000011984e-05 856
8.600299999983463e-05 855
8.605099999980936e-05 856
8.612299999999351e-05 855
8.617599999993786e-05 856
8.62429999997083e-05 855
8.632699999999716e-05 856
8.636299999986718e-05 855
8.641900000005975e-05 856
8.64200000001425e-05 855
8.653999999985729e-05 854
8.663599999980676e-05 855
8.665000000007694e-05 856
8.666000000001617e-05 855
8.666399999990304e-05 854
8.673600000008719e-05 855
8.678199999989644e-05 856
8.678400000006192e-05 855
8.690399999977672e-05 854
8.70239999999356e-05 853
8.714400000009448e-05 852
8.723099999974337e-05 853
8.726399999980927e-05 852
8.730799999989713e-05 853
8.732199999972323e-05 854
8.738399999996815e-05 853
8.74230000000864e-05 854
8.745699999979095e-05 855
8.750400000012704e-05 854
8.762399999984183e-05 853
8.764199999999889e-05 854
8.774400000000071e-05 853
8.77909999998927e-05 854
8.78639999997155e-05 853
8.798399999987438e-05 852
8.810400000003327e-05 851
8.816300000002997e-05 852
8.822399999974806e-05 851
8.829200000004533e-05 852
8.834399999990694e-05 851
8.846400000006582e-05 850
8.858399999978062e-05 849
8.87039999999395e-05 848
8.871299999979598e-05 849
8.877099999970994e-05 850
8.881999999976742e-05 851
8.882400000009838e-05 850
8.888200000001234e-05 851
8.894399999981317e-05 850
8.901899999980145e-05 851
8.906399999997205e-05 850
8.918400000013094e-05 849
8.930399999984573e-05 848
8.942199999983913e-05 849
8.942400000000461e-05 848
8.951899999987134e-05 849
8.95439999997194e-05 848
8.955499999974137e-05 849
8.96029999997161e-05 850
8.963900000003022e-05 851
8.966399999987829e-05 850
8.974600000000166e-05 851
8.978400000003717e-05 850
8.984400000011661e-05 851
8.98789999999039e-05 852
8.990399999975196e-05 851
8.995799999977905e-05 852
8.999999999970143e-05 853
9.002399999991084e-05 852
9.014400000006972e-05 851
9.021799999997526e-05 852
9.025100000004116e-05 853
9.026399999978452e-05 852
9.028099999985884e-05 853
9.03839999999434e-05 852
9.040599999998733e-05 853
9.045000000007519e-05 854
9.050400000010228e-05 853
9.051500000012425e-05 854
9.062399999981707e-05 853
9.068399999989651e-05 854
9.074399999997596e-05 853
9.075000000002831e-05 854
9.077999999984598e-05 855
9.086400000013484e-05 854
9.098399999984963e-05 853
9.105899999983791e-05 854
9.110400000000851e-05 853
9.112700000013518e-05 854
9.12239999997233e-05 853
9.125099999973685e-05 854
9.134399999988219e-05 853
9.146400000004107e-05 852
9.149499999994148e-05 853
9.152999999972877e-05 854
9.155999999999054e-05 855
9.158399999975586e-05 854
9.166699999996197e-05 855
9.170399999991474e-05 854
9.182400000007362e-05 853
9.186899999980014e-05 854
9.191500000005348e-05 855
9.194399999978842e-05 854
9.194499999987116e-05 855
9.19910000001245e-05 856
9.20639999999473e-05 855
9.211499999972617e-05 856
9.218400000010618e-05 855
9.222200000014169e-05 856
9.225199999995937e-05 857
9.230399999982097e-05 856
9.233199999991726e-05 857
9.236299999981767e-05 858
9.242399999997986e-05 857
9.244100000005417e-05 858
9.25359999999209e-05 859
9.254400000013874e-05 858
9.256599999973858e-05 859
9.259600000000034e-05 860
9.262599999981802e-05 861
9.266399999985353e-05 862
9.266399999985353e-05 861
9.278400000001241e-05 860
9.283999999976089e-05 861
9.287000000002266e-05 862
9.29039999997272e-05 861
9.293599999971036e-05 862
9.302399999988609e-05 861
9.306599999980847e-05 862
9.309600000007023e-05 863
9.312599999988791e-05 864
9.314400000004497e-05 863
9.315599999970559e-05 864
9.318599999996735e-05 865
9.321599999978503e-05 866
9.324600000004679e-05 867
9.326399999975976e-05 866
9.333499999986117e-05 867
9.338399999991864e-05 866
9.341099999993219e-05 867
9.345500000002005e-05 868
9.350400000007753e-05 867
9.357199999993071e-05 868
9.360199999974839e-05 869
9.362399999979232e-05 868
9.363200000001015e-05 869
9.37439999999512e-05 868
9.382799999979596e-05 869
9.386400000011008e-05 868
9.390299999978424e-05 869
9.393800000001562e-05 870
9.39679999998333e-05 871
9.398399999982487e-05 870
9.399800000009506e-05 871
9.402799999991274e-05 872
9.405799999973041e-05 873
9.408799999999218e-05 874
9.410399999998376e-05 873
9.411799999980985e-05 874
9.414800000007162e-05 875
9.41779999998893e-05 876
9.420799999970697e-05 877
9.422400000014264e-05 876
9.423799999996874e-05 877
9.429099999991308e-05 878
9.434399999985743e-05 877
9.439099999974943e-05 878
9.443599999992003e-05 879
9.446400000001631e-05 878
9.45839999997311e-05 877
9.468400000001154e-05 878
9.470399999988999e-05 877
9.477899999987827e-05 878
9.482199999988339e-05 879
9.482400000004887e-05 878
9.49050000000895e-05 879
9.494399999976366e-05 878
9.495599999986837e-05 879
9.506399999992254e-05 878
9.507600000002725e-05 879
9.510599999984493e-05 880
9.518400000008143e-05 879
9.519599999974204e-05 880
9.523599999994303e-05 881
9.530399999979622e-05 880
9.535600000010191e-05 881
9.54239999999551e-05 880
9.54360000000598e-05 881
9.546599999987748e-05 882
9.549600000013925e-05 883
9.552599999995692e-05 884
9.554400000011398e-05 883
9.55559999997746e-05 884
9.566399999982877e-05 883
9.572899999987783e-05 884
9.57590000001396e-05 885
9.578399999998766e-05 884
9.587499999996751e-05 885
9.590399999970245e-05 884
9.591599999980716e-05 885
9.593000000007734e-05 886
9.598699999990856e-05 887
9.602399999986133e-05 886
9.603599999996604e-05 887
9.614400000002021e-05 886
9.615600000012492e-05 887
9.617999999989024e-05 888
9.624200000013516e-05 889
9.6263999999735e-05 888
9.635099999982799e-05 889
9.638399999989389e-05 888
9.647099999998687e-05 889
9.650400000005277e-05 888
9.662399999976756e-05 887
9.663599999987227e-05 888
9.674399999992644e-05 887
9.675600000003115e-05 888
9.686400000008533e-05 887
9.688799999985065e-05 888
9.691599999994693e-05 889
9.698399999980012e-05 888
9.700800000000953e-05 889
9.702199999983563e-05 890
9.7103999999959e-05 889
9.711600000006371e-05 890
9.715999999970748e-05 891
9.722400000011788e-05 890
9.723799999994398e-05 891
9.727299999973127e-05 892
9.734399999983268e-05 891
9.746399999999156e-05 890
9.75639999998279e-05 891
9.758399999970635e-05 890
9.759599999981106e-05 891
9.770399999986523e-05 890
9.782400000002411e-05 889
9.783600000012882e-05 890
9.791299999983849e-05 891
9.79439999997389e-05 890
9.795599999984361e-05 891
9.806299999981505e-05 892
9.806399999989779e-05 891
9.80760000000025e-05 892
9.810599999982017e-05 893
9.81470000001039e-05 894
9.818400000005667e-05 893
9.819599999971729e-05 894
9.826799999990143e-05 895
9.830399999977146e-05 894
9.8370999999986e-05 895
9.842399999993034e-05 894
9.848099999976156e-05 893
9.850799999977511e-05 894
9.860099999992045e-05 893
9.866200000008263e-05 894
9.871399999994424e-05 895
9.872100000007933e-05 894
9.875599999986662e-05 895
9.875999999975349e-05 896
9.880200000011996e-05 897
9.881399999978058e-05 898
9.883199999993764e-05 899
9.884099999979412e-05 898
9.888899999976886e-05 899
9.894999999993104e-05 900
9.8960999999953e-05 899
9.900000000007125e-05 900
9.908100000011189e-05 899
9.911999999978605e-05 900
9.920099999982668e-05 899
9.923999999994493e-05 900
9.932099999998556e-05 899
9.944099999970035e-05 898
9.95320000001243e-05 899
9.956099999985923e-05 898
9.957699999985081e-05 899
9.961299999972084e-05 900
9.96429999999826e-05 901
9.967299999980028e-05 902
9.968100000001812e-05 901
9.970300000006205e-05 902
9.974499999998443e-05 903
9.974499999998443e-05 904
9.97749999998021e-05 905
9.980099999973291e-05 904
9.980500000006387e-05 905
9.981899999988997e-05 906
9.987599999972119e-05 907
9.990599999998295e-05 908
9.991999999980905e-05 909
9.992099999989179e-05 908
0.00010004100000005067 907
0.00010005399999979403 908
0.00010016099999976547 907
0.00010028099999992435 906
0.00010040100000008323 905
0.00010052099999979802 904
0.00010056599999996862 905
0.0001005959999997863 906
0.00010061000000005649 907
0.0001006409999999569 906
0.00010064499999984378 907
0.00010067500000010554 908
0.00010068899999993164 909
0.00010071899999974931 910
0.00010074900000001108 911
0.00010076100000011579 910
0.00010083600000010406 911
0.00010086099999995213 912
0.00010088099999983058 911
0.00010094900000012785 912
0.00010100099999998946 911
0.00010105000000004694 912
0.00010107999999986461 913
0.00010111000000012638 914
0.00010112099999970425 913
0.00010117599999981408 914
0.00010120600000007585 915
0.00010124099999986313 914
0.00010131599999985141 915
0.00010136100000002202 914
0.00010137599999993085 915
0.00010148099999973681 914
0.00010155599999972509 915
0.00010158999999987373 916
0.00010160099999989569 915
0.00010172100000005457 914
0.00010179600000004285 915
0.00010182599999986053 916
0.00010184099999976937 915
0.00010186600000006152 916
0.00010194999999990628 917
0.00010196099999992825 916
0.00010203899999972066 917
0.00010208100000008713 916
0.00010208899999986087 917
0.00010211900000012264 918
0.00010220099999980192 919
0.00010220099999980192 918
0.00010225200000002488 919
0.00010228199999984255 920
0.00010230100000008235 921
0.0001023209999999608 920
0.00010234799999997435 921
0.00010239599999994908 922
0.00010242099999979715 923
0.00010244100000011969 922
0.00010245100000005891 923
0.00010248099999987659 924
0.00010248300000004207 925
0.00010256099999983448 924
0.00010259100000009624 925
0.00010263599999982276 926
0.00010266600000008452 927
0.00010267999999991062 928
0.00010268099999999336 927
0.0001027099999997283 928
0.00010271599999978065 929
0.00010276399999975538 930
0.00010280099999970815 929
0.00010285199999993111 930
0.00010288199999974879 931
0.00010291200000001055 932
0.00010292099999986704 931
0.00010294199999982823 932
0.00010297200000008999 933
0.00010300199999990767 934
0.00010303199999972534 935
0.00010304100000002592 934
0.00010306199999998711 935
0.0001031160000000142 936
0.00010316099999974071 935
0.00010317299999984542 936
0.00010328099999989959 935
0.00010335599999988787 936
0.00010338599999970555 937
0.00010340100000005847 936
0.00010341599999996731 937
0.00010344599999978499 938
0.00010347600000004675 939
0.00010350599999986443 940
0.00010352099999977327 939
0.0001035360000001262 940
0.00010358300000001819 941
0.00010361299999983586 942
0.00010364099999993215 941
0.00010371599999992043 942
0.00010375899999992555 943
0.00010376100000009103 942
0.00010379399999971284 943
0.0001038239999999746 944
0.00010385399999979228 945
0.00010388099999980582 944
0.0001039559999997941 945
0.00010398600000005587 946
0.0001040009999999647 945
0.00010401599999987354 946
0.00010404899999993944 947
0.00010407899999975712 948
0.00010410900000001888 949
0.00010412100000012359 948
0.00010413899999983656 949
0.00010421399999982484 950
0.00010424099999983838 949
0.00010430399999972195 950
0.00010431799999999214 951
0.00010434799999980982 952
0.00010436099999999726 951
0.00010437800000007158 952
0.00010442399999988083 953
0.0001044540000001426 954
0.00010448099999971205 953
0.00010448399999996028 954
0.00010454799999992659 955
0.00010460099999987094 954
0.00010469899999998589 955
0.00010472100000002982 954
0.00010473300000013452 955
0.00010477899999994378 956
0.00010484099999974461 955
0.00010496099999990349 954
0.00010498299999994742 955
0.00010503900000013999 956
0.00010506899999995767 957
0.00010508100000006237 956
0.00010510899999971457 957
0.00010513899999997633 958
0.00010516899999979401 959
0.00010519900000005578 960
0.00010520099999977717 959
0.00010521000000007774 960
0.00010522899999987345 961
0.00010525900000013522 962
0.00010528899999995289 963
0.00010531899999977057 964
0.00010532099999993605 963
0.00010534900000003233 964
0.00010537899999985001 965
0.00010540900000011177 966
0.00010542299999993787 967
0.00010544100000009493 966
0.00010545299999975555 967
0.00010553200000007479 968
0.00010556099999980972 967
0.00010556199999989246 968
0.00010559199999971014 969
0.0001056219999999719 970
0.00010566799999978116 971
0.0001056809999999686 970
0.00010573299999983021 971
0.00010574600000001766 972
0.00010576300000009198 973
0.00010580100000012749 972
0.00010581799999975772 973
0.00010584800000001948 974
0.00010587799999983716 975
0.00010590800000009892 976
0.00010592099999984228 975
0.0001059379999999166 976
0.00010596799999973427 977
0.00010600400000004839 978
0.00010603399999986607 979
0.00010604100000000116 978
0.00010606400000012783 979
0.00010616099999971595 978
0.0001062520000001399 979
0.000106265999999966 980
0.00010628099999987484 979
0.0001063179999998276 980
0.00010634800000008937 981
0.00010637799999990705 982
0.00010640100000003372 981
0.00010640799999972472 982
0.00010643799999998649 983
0.00010646799999980416 984
0.00010649800000006593 985
0.00010652099999974851 984
0.0001065279999998836 985
0.00010655799999970128 986
0.00010658799999996305 987
0.00010661799999978072 988
0.00010664099999990739 987
0.0001066530000000121 988
0.00010668299999982978 989
0.00010671300000009154 990
0.00010674299999990922 991
0.00010676100000006628 990
0.00010677299999972689 991
0.00010680299999998866 992
0.00010683299999980633 993
0.00010688099999978107 992
0.00010689299999988577 993
0.00010690699999971187 994
0.00010693699999997364 995
0.00010696699999979131 996
0.00010700099999993995 995
0.00010708900000011567 996
0.00010712100000009883 995
0.00010714800000011238 996
0.00010719699999972576 997
0.00010722699999998753 998
0.00010724099999981362 997
0.0001072569999998052 998
0.00010728700000006697 999
0.00010735399999983741 1000
0.0001073609999999725 999
0.00010748100000013139 998
0.00010749399999987475 999
0.00010752400000013651 1000
0.00010757599999999812 1001
0.00010760099999984618 1000
0.00010763699999971621 1001
0.00010772100000000506 1000
0.00010773300000010977 1001
0.00010777199999978393 1002
0.00010784099999971986 1001
0.0001078419999998026 1002
0.00010796099999987874 1001
0.00010797299999998344 1002
0.00010800299999980112 1003
0.0001080170000000713 1004
0.00010804699999988898 1005
0.00010807299999981979 1006
0.00010808100000003762 1005
0.00010810300000008155 1006
0.00010820099999975241 1005
0.00010825999999974911 1006
0.00010831099999997207 1007
0.00010831499999985894 1008
0.0001083209999999113 1007
0.0001083450000001207 1008
0.00010837499999993838 1009
0.00010838899999976448 1010
0.00010841900000002624 1011
0.00010844100000007018 1010
0.00010844899999984392 1011
0.00010847900000010569 1012
0.00010850899999992336 1013
0.00010853899999974104 1014
0.00010856099999978497 1013
0.0001085690000000028 1014
0.00010859899999982048 1015
0.00010862900000008224 1016
0.00010868099999994385 1015
0.00010869300000004856 1016
0.00010872299999986623 1017
0.00010875599999993213 1018
0.0001087859999997498 1019
0.00010880100000010273 1018
0.00010881600000001157 1019
0.00010884599999982925 1020
0.00010886000000009943 1021
0.00010888999999991711 1022
0.00010891999999973478 1023
0.00010892099999981752 1022
0.00010894999999999655 1023
0.00010902600000006757 1024
0.00010903999999989367 1025
0.00010904099999997641 1024
0.00010910899999982959 1025
0.00010916100000013529 1024
0.00010916199999977394 1025
0.00010919300000011845 1026
0.00010927300000007634 1027
0.00010928099999985008 1026
0.00010940100000000896 1025
0.00010941300000011367 1026
0.00010944299999993135 1027
0.00010945699999975744 1028
0.00010948700000001921 1029
0.00010952099999972376 1028
0.00010952399999997198 1029
0.0001095549999998724 1030
0.00010962800000013928 1031
0.00010964099999988264 1030
0.00010966899999997892 1031
0.00010968299999980502 1032
0.0001096970000000752 1033
0.00010972699999989288 1034
0.00010975699999971056 1035
0.00010976100000004152 1034
0.00010978699999997232 1035
0.00010981699999979 1036
0.00010984700000005176 1037
0.00010987699999986944 1038
0.00010988099999975631 1037
0.0001099070000001312 1038
0.00010993699999994888 1039
0.00010998100000003674 1040
0.0001100009999999152 1039
0.00011005899999982915 1040
0.00011008900000009092 1041
0.0001101189999999086 1042
0.00011012100000007408 1041
0.00011014899999972627 1042
0.00011016599999980059 1043
0.00011017899999998804 1044
0.00011024099999978887 1043
0.00011025299999989358 1044
0.00011030400000011653 1045
0.00011036099999994775 1044
0.00011037300000005246 1045
0.00011040299999987013 1046
0.0001104330000001319 1047
0.00011046299999994957 1048
0.00011046699999983645 1049
0.00011048100000010663 1048
0.00011049299999976725 1049
0.00011052300000002901 1050
0.00011055299999984669 1051
0.00011058300000010846 1052
0.00011060099999982143 1051
0.00011061299999992613 1052
0.00011064299999974381 1053
0.00011067300000000557 1054
0.00011070299999982325 1055
0.00011072099999998031 1054
0.00011073300000008501 1055
0.00011076299999990269 1056
0.00011079299999972037 1057
0.00011082299999998213 1058
0.00011084100000013919 1057
0.0001108529999997998 1058
0.00011088300000006157 1059
0.00011091299999987925 1060
0.00011094300000014101 1061
0.00011096099999985398 1060
0.00011097299999995869 1061
0.00011100299999977636 1062
0.00011103300000003813 1063
0.0001110629999998558 1064
0.00011108100000001286 1063
0.00011109300000011757 1064
0.00011110699999994367 1065
0.00011111299999999602 1066
0.00011113699999976134 1067
0.00011116700000002311 1068
0.00011119699999984078 1069
0.00011120099999972766 1068
0.00011122700000010255 1069
0.00011125699999992023 1070
0.0001112869999997379 1071
0.00011131699999999967 1072
0.00011132099999988654 1071
0.00011134699999981734 1072
0.00011137700000007911 1073
0.00011140699999989678 1074
0.00011143699999971446 1075
0.00011144100000004542 1074
0.00011146699999997622 1075
0.0001114969999997939 1076
0.00011152700000005566 1077
0.00011155699999987334 1078
0.00011156099999976021 1077
0.0001115870000001351 1078
0.00011161699999995278 1079
0.00011164699999977046 1080
0.00011165100000010142 1081
0.00011166100000004064 1082
0.0001116809999999191 1081
0.00011169099999985832 1082
0.00011172100000012009 1083
0.0001117329999997807 1084
0.00011175099999993776 1085
0.0001117989999999125 1086
0.00011180100000007798 1085
0.00011182899999973017 1086
0.00011185899999999194 1087
0.00011188899999980961 1088
0.00011191900000007138 1089
0.00011192099999979277 1088
0.00011194899999988905 1089
0.00011197899999970673 1090
0.0001120089999999685 1091
0.00011203899999978617 1092
0.00011204099999995165 1091
0.00011211499999985719 1092
0.00011214500000011896 1093
0.00011216100000011053 1092
0.00011217499999993663 1093
0.00011220499999975431 1094
0.00011223500000001607 1095
0.00011226499999983375 1096
0.00011228099999982533 1095
0.00011229500000009551 1096
0.00011230899999992161 1097
0.00011233899999973929 1098
0.00011236900000000105 1099
0.00011239899999981873 1100
0.00011240099999998421 1099
0.00011242900000008049 1100
0.00011245899999989817 1101
0.00011248899999971584 1102
0.00011251899999997761 1103
0.00011252100000014309 1102
0.0001125329999998037 1103
0.00011256300000006547 1104
0.00011259299999988315 1105
0.00011262299999970082 1106
0.00011264099999985788 1105
0.00011265299999996259 1106
0.00011268299999978026 1107
0.00011271300000004203 1108
0.000112730999999755 1109
0.0001127429999998597 1110
0.00011276100000001676 1109
0.00011277300000012147 1110
0.00011280299999993915 1111
0.00011283299999975682 1112
0.00011286300000001859 1113
0.00011288099999973156 1112
0.00011289299999983626 1113
0.00011292300000009803 1114
0.0001129529999999157 1115
0.00011298299999973338 1116
0.00011300099999989044 1115
0.00011301299999999515 1116
0.00011304299999981282 1117
0.00011307300000007459 1118
0.00011310299999989226 1119
0.00011312100000004932 1118
0.00011313299999970994 1119
0.0001131629999999717 1120
0.00011319299999978938 1121
0.00011320700000005957 1122
0.00011323699999987724 1123
0.00011324099999976411 1122
0.000113267000000139 1123
0.00011329699999995668 1124
0.00011329800000003942 1123
0.00011332699999977436 1124
0.00011335700000003612 1125
0.0001133869999998538 1126
0.00011341700000011556 1127
0.00011341799999975422 1126
0.00011344699999993324 1127
0.00011347699999975092 1128
0.00011350700000001268 1129
0.00011353699999983036 1130
0.0001135379999999131 1129
0.00011356700000009212 1130
0.0001135969999999098 1131
0.00011362699999972747 1132
0.00011365699999998924 1133
0.00011365800000007198 1132
0.00011368699999980691 1133
0.00011371700000006868 1134
0.00011374699999988636 1135
0.00011376600000012616 1136
0.00011377699999970403 1137
0.00011377799999978677 1136
0.0001138069999999658 1137
0.00011383699999978347 1138
0.00011386700000004524 1139
0.00011389699999986291 1140
0.00011389799999994565 1139
0.00011392700000012468 1140
0.00011395699999994235 1141
0.00011398699999976003 1142
0.0001140170000000218 1143
0.00011401800000010454 1142
0.00011404699999983947 1143
0.00011407700000010124 1144
0.00011410699999991891 1145
0.00011413699999973659 1146
0.00011413799999981933 1145
0.00011416699999999835 1146
0.00011419699999981603 1147
0.0001142270000000778 1148
0.00011425699999989547 1149
0.00011425799999997821 1148
0.00011428699999971315 1149
0.00011431699999997491 1150
0.00011434699999979259 1151
0.00011437700000005435 1152
0.00011437800000013709 1151
0.00011440699999987203 1152
0.00011443700000013379 1153
0.00011446699999995147 1154
0.00011449699999976914 1155
0.00011449799999985188 1154
0.00011452700000003091 1155
0.00011455699999984859 1156
0.00011458700000011035 1157
0.00011461699999992803 1158
0.00011461800000001077 1157
0.0001146469999997457 1158
0.00011467700000000747 1159
0.00011470699999982514 1160
0.00011473700000008691 1161
0.00011473799999972556 1160
0.000114750999999913 1161
0.00011478099999973068 1162
0.00011481099999999245 1163
0.00011484099999981012 1164
0.00011485500000008031 1165
0.00011485799999988444 1164
0.00011488499999989799 1165
0.00011491499999971566 1166
0.00011494499999997743 1167
0.0001149749999997951 1168
0.00011497800000004332 1167
0.00011500500000005687 1168
0.00011503499999987454 1169
0.00011506500000013631 1170
0.00011509499999995398 1171
0.00011509799999975812 1170
0.00011510899999978008 1171
0.00011513900000004185 1172
0.00011516899999985952 1173
0.00011519900000012129 1174
0.00011521299999994739 1175
0.000115217999999917 1174
0.00011524299999976506 1175
0.00011527300000002683 1176
0.0001153029999998445 1177
0.00011533300000010627 1178
0.00011533800000007588 1177
0.00011536299999992394 1178
0.00011539299999974162 1179
0.00011542300000000338 1180
0.00011545299999982106 1181
0.00011545799999979067 1180
0.00011548300000008282 1181
0.0001155129999999005 1182
0.00011554299999971818 1183
0.00011557299999997994 1184
0.00011557799999994955 1183
0.00011560299999979762 1184
0.00011563300000005938 1185
0.00011566299999987706 1186
0.00011569300000013882 1187
0.00011569800000010844 1186
0.0001157229999999565 1187
0.00011575299999977418 1188
0.00011578300000003594 1189
0.00011581299999985362 1190
0.00011581799999982323 1189
0.00011584300000011538 1190
0.00011587299999993306 1191
0.00011590299999975073 1192
0.0001159330000000125 1193
0.00011593799999998211 1192
0.00011596299999983017 1193
0.00011599300000009194 1194
0.00011602299999990962 1195
0.00011605299999972729 1196
0.00011605800000014099 1195
0.00011608299999998906 1196
0.00011611299999980673 1197
0.0001161430000000685 1198
0.00011617299999988617 1199
0.00011617799999985579 1198
0.00011620299999970385 1199
0.00011623299999996561 1200
0.00011626299999978329 1201
0.00011629300000004505 1202
0.00011629800000001467 1201
0.00011632299999986273 1202
0.0001163530000001245 1203
0.00011638299999994217 1204
0.00011641299999975985 1205
0.00011641799999972946 1204
0.00011644300000002161 1205
0.00011647299999983929 1206
0.00011650300000010105 1207
0.00011653299999991873 1208
0.00011653799999988834 1207
0.0001165629999997364 1208
0.00011659299999999817 1209
0.00011662299999981585 1210
0.00011665300000007761 1211
0.00011665800000004722 1210
0.00011668299999989529 1211
0.00011671299999971296 1212
0.00011674299999997473 1213
0.0001167729999997924 1214
0.00011677799999976202 1213
0.00011680300000005417 1214
0.00011681699999988027 1215
0.00011684700000014203 1216
0.00011687699999995971 1217
0.0001168979999999209 1216
0.00011690699999977738 1217
0.00011693700000003915 1218
0.00011696699999985682 1219
0.00011699700000011859 1220
0.00011701800000007978 1219
0.00011702699999993627 1220
0.00011704099999976236 1221
0.00011707100000002413 1222
0.0001171009999998418 1223
0.00011711500000011199 1224
0.00011713799999979457 1223
0.00011714499999992967 1224
0.00011717499999974734 1225
0.00011720500000000911 1226
0.00011723499999982678 1227
0.00011725799999995346 1226
0.00011726500000008855 1227
0.00011729499999990622 1228
0.0001173249999997239 1229
0.00011735499999998567 1230
0.00011737800000011234 1229
0.00011738499999980334 1230
0.0001174150000000651 1231
0.00011744499999988278 1232
0.00011747499999970046 1233
0.00011749799999982713 1232
0.00011750499999996222 1233
0.0001175349999997799 1234
0.00011756500000004166 1235
0.00011759499999985934 1236
0.00011761799999998601 1235
0.0001176250000001211 1236
0.00011765499999993878 1237
0.00011768300000003507 1238
0.00011768499999975646 1239
0.00011771500000001822 1240
0.0001177379999997008 1239
0.0001177449999998359 1240
0.00011777500000009766 1241
0.00011780499999991534 1242
0.00011783499999973301 1243
0.00011785799999985969 1242
0.00011786499999999478 1243
0.00011789499999981246 1244
0.00011792500000007422 1245
0.0001179549999998919 1246
0.00011797800000001857 1245
0.00011798499999970957 1246
0.00011801499999997134 1247
0.00011804499999978901 1248
0.00011807500000005078 1249
0.00011809799999973336 1248
0.00011810499999986845 1249
0.00011813500000013022 1250
0.0001181649999999479 1251
0.00011819499999976557 1252
0.00011821799999989224 1251
0.00011822500000002734 1252
0.00011825499999984501 1253
0.00011828500000010678 1254
0.00011831499999992445 1255
0.00011833800000005112 1254
0.00011834499999974213 1255
0.0001183750000000039 1256
0.00011840499999982157 1257
0.00011843500000008333 1258
0.00011845799999976592 1257
0.00011846499999990101 1258
0.00011849499999971869 1259
0.00011852499999998045 1260
0.00011855499999979813 1261
0.0001185779999999248 1260
0.00011858500000005989 1261
0.00011861499999987757 1262
0.00011864500000013933 1263
0.00011867499999995701 1264
0.00011869800000008368 1263
0.00011870499999977469 1264
0.00011873500000003645 1265
0.00011876499999985413 1266
0.00011879500000011589 1267
0.00011881799999979847 1266
0.00011882499999993357 1267
0.00011885499999975124 1268
0.00011888500000001301 1269
0.00011891499999983068 1270
0.00011893799999995736 1269
0.00011894500000009245 1270
0.00011897499999991012 1271
0.0001190049999997278 1272
0.00011903499999998957 1273
0.00011905800000011624 1272
0.00011906499999980724 1273
0.000119095000000069 1274
0.00011912499999988668 1275
0.00011915499999970436 1276
0.00011917799999983103 1275
0.00011918499999996612 1276
0.00011919899999979222 1277
0.00011922900000005399 1278
0.00011925899999987166 1279
0.00011928900000013343 1280
0.00011929799999998991 1279
0.0001193189999999511 1280
0.00011934899999976878 1281
0.00011937900000003054 1282
0.00011940899999984822 1283
0.0001194179999997047 1282
0.00011943900000010998 1283
0.00011945299999993608 1284
0.00011948299999975376 1285
0.00011951300000001552 1286
0.00011953799999986359 1285
0.0001195429999998332 1286
0.00011955700000010339 1287
0.00011958699999992106 1288
0.00011961699999973874 1289
0.0001196470000000005 1290
0.00011965800000002247 1289
0.00011967699999981818 1290
0.00011970700000007994 1291
0.00011973699999989762 1292
0.0001197669999997153 1293
0.00011977799999973726 1292
0.00011979699999997706 1293
0.00011982699999979474 1294
0.0001198570000000565 1295
0.00011988699999987418 1296
0.00011989799999989614 1295
0.00011991700000013594 1296
0.00011994699999995362 1297
0.0001199769999997713 1298
0.00011999100000004148 1299
0.00012001800000005503 1298
0.00012002099999985916 1299
0.00012005100000012092 1300
0.0001200809999999386 1301
0.00012011099999975627 1302
0.00012013799999976982 1301
0.00012014100000001804 1302
0.00012017099999983571 1303
0.00012020100000009748 1304
0.00012023099999991516 1305
0.0001202579999999287 1304
0.00012026099999973283 1305
0.0001202909999999946 1306
0.00012032099999981227 1307
0.00012035100000007404 1308
0.00012037800000008758 1307
0.00012038099999989171 1308
0.00012041099999970939 1309
0.00012042499999997958 1310
0.00012045499999979725 1311
0.00012048500000005902 1312
0.00012049799999980237 1311
0.00012051499999987669 1312
0.00012054500000013846 1313
0.00012057499999995613 1314
0.00012060499999977381 1315
0.00012061799999996126 1314
0.00012063500000003557 1315
0.00012066499999985325 1316
0.00012069500000011502 1317
0.00012072499999993269 1318
0.00012073800000012014 1317
0.00012075499999975037 1318
0.00012078500000001213 1319
0.00012081499999982981 1320
0.00012084500000009157 1321
0.00012085799999983493 1320
0.00012087499999990925 1321
0.00012090499999972693 1322
0.00012091899999999711 1323
0.00012094899999981479 1324
0.00012097799999999381 1323
0.00012097900000007655 1324
0.00012100899999989423 1325
0.0001210389999997119 1326
0.00012106899999997367 1327
0.0001210979999997086 1326
0.00012109899999979135 1327
0.00012112900000005311 1328
0.00012115899999987079 1329
0.00012118900000013255 1330
0.00012120299999995865 1331
0.00012121799999986749 1330
0.00012123299999977633 1331
0.00012126300000003809 1332
0.00012129299999985577 1333
0.00012133800000002637 1332
0.00012135000000013108 1333
0.00012137999999994875 1334
0.00012145799999974116 1333
0.00012146999999984587 1334
0.00012150000000010763 1335
0.00012157799999990004 1334
0.00012158099999970418 1335
0.00012161099999996594 1336
0.00012168599999995422 1337
0.00012169800000005893 1336
0.00012175100000000327 1337
0.00012178099999982095 1338
0.00012181799999977372 1337
0.00012182999999987842 1338
0.00012190899999975358 1339
0.0001219379999999326 1338
0.00012193900000001534 1339
0.00012196899999983302 1340
0.00012199900000009478 1341
0.00012202899999991246 1342
0.00012205800000009148 1341
0.0001220699999997521 1342
0.00012217799999980627 1341
0.00012218999999991098 1342
0.00012221999999972866 1343
0.00012225499999996003 1344
0.00012229799999996516 1343
0.0001223979999998015 1344
0.00012241800000012404 1343
0.0001224519999998286 1344
0.00012253799999983883 1343
0.00012254999999994354 1344
0.0001226579999999977 1343
0.0001227519999997817 1344
0.0001227779999997125 1343
0.0001227899999998172 1344
0.00012282000000007898 1345
0.0001228979999998714 1344
0.0001229099999999761 1345
0.0001229239999998022 1346
0.00012296500000008592 1347
0.00012301800000003027 1346
0.00012303000000013498 1347
0.00012305999999995265 1348
0.00012308999999977033 1349
0.00012313799999974506 1348
0.00012314999999984977 1349
0.00012324900000004746 1350
0.00012325799999990394 1349
0.0001233489999998838 1350
0.00012337800000006283 1349
0.00012338999999972344 1350
0.00012349799999977762 1349
0.00012350999999988233 1350
0.0001236179999999365 1349
0.0001236300000000412 1350
0.00012373800000009538 1349
0.000123749999999756 1350
0.00012381300000008366 1351
0.00012385799999981018 1350
0.00012386999999991488 1351
0.00012389999999973256 1352
0.00012395599999992513 1353
0.00012397799999996906 1352
0.00012399000000007376 1353
0.00012404599999982224 1354
0.00012409800000012794 1353
0.00012410999999978856 1354
0.00012421799999984273 1353
0.00012432999999978378 1354
0.00012433800000000161 1353
0.00012436000000004555 1354
0.00012442199999984638 1355
0.0001244579999997164 1354
0.0001244699999998211 1355
0.0001245779999998753 1354
0.00012458999999998 1355
0.00012469800000003417 1354
0.00012471000000013888 1355
0.00012472399999996497 1356
0.00012477099999985697 1357
0.00012480100000011873 1358
0.00012481799999974896 1357
0.0001248309999999364 1358
0.00012488399999988076 1359
0.00012493799999990784 1358
0.0001250549999998185 1359
0.00012505800000006673 1358
0.00012508500000008027 1359
0.00012517799999978152 1358
0.00012518999999988623 1359
0.0001252979999999404 1358
0.0001253100000000451 1359
0.00012541800000009928 1358
0.0001254299999997599 1359
0.0001254440000000301 1360
0.00012553799999981408 1359
0.00012554999999991878 1360
0.00012565799999997296 1359
0.00012577800000013184 1358
0.00012584799999970642 1359
0.00012589799999984663 1358
0.00012590999999995134 1359
0.00012593999999976901 1360
0.00012601800000000551 1359
0.00012603000000011022 1360
0.0001261379999997203 1359
0.000126149999999825 1360
0.0001261640000000952 1361
0.0001261779999999213 1362
0.0001262579999998792 1361
0.0001262699999999839 1362
0.00012632299999992824 1363
0.00012637800000003807 1362
0.00012639000000014278 1363
0.00012649799999975286 1362
0.00012650999999985757 1363
0.00012661799999991175 1362
0.00012663000000001645 1363
0.00012673800000007063 1362
0.00012674999999973124 1363
0.000126779999999993 1364
0.00012685799999978542 1363
0.00012686999999989013 1364
0.00012695800000006585 1365
0.0001269779999999443 1364
0.000126990000000049 1365
0.00012709800000010318 1364
0.0001271099999997638 1365
0.00012721799999981798 1364
0.00012722999999992268 1365
0.00012733799999997686 1364
0.00012735000000008156 1365
0.00012737999999989924 1366
0.00012740999999971692 1367
0.00012745800000013574 1366
0.00012746999999979636 1367
0.00012757799999985053 1366
0.00012758999999995524 1367
0.00012769800000000942 1366
0.00012771000000011412 1367
0.0001277399999999318 1368
0.00012780799999978498 1369
0.0001278179999997242 1368
0.00012783800000004675 1369
0.0001279379999998831 1368
0.00012794500000001818 1369
0.00012797499999983586 1370
0.00012805800000004197 1369
0.0001280699999997026 1370
0.00012809999999996435 1371
0.00012812999999978203 1372
0.00012817799999975676 1371
0.00012818999999986147 1372
0.00012822000000012324 1373
0.00012823399999994933 1374
0.000128263999999767 1375
0.00012829799999991565 1374
0.00012831000000002035 1375
0.00012841800000007453 1374
0.00012842800000001375 1375
0.00012845799999983143 1376
0.00012853799999978932 1375
0.00012854999999989403 1376
0.0001285799999997117 1377
0.0001286579999999482 1376
0.0001286700000000529 1377
0.00012869499999990097 1378
0.0001287549999999804 1379
0.00012877800000010708 1378
0.0001287899999997677 1379
0.00012889799999982188 1378
0.00012899099999996722 1379
0.00012901799999998076 1378
0.0001290209999997849 1379
0.00012905100000004666 1380
0.00012908099999986433 1381
0.00012913800000013964 1380
0.00012914999999980026 1381
0.00012925799999985443 1380
0.00012926999999995914 1381
0.00012931500000012974 1382
0.00012937800000001332 1381
0.00012939000000011802 1382
0.0001294979999997281 1381
0.00012950999999983281 1382
0.00012953500000012497 1383
0.000129617999999887 1382
0.0001296299999999917 1383
0.00012973800000004587 1382
0.0001297600000000898 1383
0.00012985799999976066 1382
0.00012986999999986537 1383
0.00012988400000013556 1384
0.00012994999999982326 1385
0.00012997799999991955 1384
0.00012999000000002425 1385
0.00013009800000007843 1384
0.00013010999999973905 1385
0.0001301350000000312 1386
0.00013021799999979322 1385
0.00013022999999989793 1386
0.0001303379999999521 1385
0.0001303500000000568 1386
0.00013037999999987449 1387
0.00013041400000002312 1388
0.00013045800000011099 1387
0.0001304699999997716 1388
0.00013050000000003337 1389
0.00013051399999985946 1390
0.00013057799999982578 1389
0.00013058999999993048 1390
0.00013068599999987995 1391
0.00013069799999998466 1390
0.00013071600000014172 1391
0.00013076199999995097 1392
0.00013081800000014354 1391
0.00013082999999980416 1392
0.00013086000000006592 1393
0.00013087399999989202 1394
0.00013093799999985833 1393
0.00013094999999996304 1394
0.0001309749999998111 1395
0.00013105800000001722 1394
0.000131177999999732 1393
0.00013118999999983672 1394
0.00013122000000009848 1395
0.00013126399999974225 1396
0.0001312979999998909 1395
0.00013141800000004977 1394
0.0001314299999997104 1395
0.0001314799999998506 1396
0.00013153799999976457 1395
0.00013154999999986927 1396
0.00013165799999992345 1395
0.00013167000000002815 1396
0.00013177800000008233 1395
0.00013178999999974295 1396
0.00013189799999979712 1395
0.00013190999999990183 1396
0.000132017999999956 1395
0.0001320300000000607 1396
0.00013213800000011489 1395
0.0001321499999997755 1396
0.00013225799999982968 1395
0.00013226999999993438 1396
0.00013237799999998856 1395
0.00013249799999970335 1394
0.00013250999999980806 1395
0.00013261799999986223 1394
0.00013262999999996694 1395
0.00013265999999978462 1396
0.00013273800000002112 1395
0.00013275000000012582 1396
0.0001328579999997359 1395
0.00013286999999984062 1396
0.0001329779999998948 1395
0.00013299899999985598 1396
0.0001330699999999574 1397
0.00013309800000005367 1396
0.00013311599999976664 1397
0.0001331460000000284 1398
0.00013318199999989844 1399
0.00013321799999976847 1398
0.00013322999999987317 1399
0.00013325499999972124 1400
0.00013333799999992735 1399
0.00013345800000008623 1398
0.00013346999999974685 1399
0.00013357799999980102 1398
0.00013358999999990573 1399
0.0001336149999997538 1400
0.0001336979999999599 1399
0.0001337100000000646 1400
0.00013381800000011879 1399
0.0001338299999997794 1400
0.00013393799999983358 1399
0.00013394999999993829 1400
0.00013397999999975596 1401
0.00013405799999999246 1400
0.00013406900000001443 1401
0.0001340989999998321 1402
0.0001341440000000027 1403
0.00013417399999982038 1404
0.00013417799999970725 1403
0.00013420400000008215 1404
0.00013423399999989982 1405
0.00013429799999986614 1404
0.00013430999999997084 1405
0.00013441800000002502 1404
0.00013442900000004698 1405
0.00013445899999986466 1406
0.0001345310000000488 1407
0.0001345379999997398 1406
0.00013456099999986648 1407
0.00013459100000012825 1408
0.0001346579999998987 1407
0.0001346700000000034 1408
0.00013477800000005757 1407
0.0001347899999997182 1408
0.00013481999999997996 1409
0.00013489799999977237 1408
0.00013490999999987707 1409
0.00013494000000013884 1410
0.000134978999999813 1411
0.00013500900000007476 1412
0.00013501799999993125 1411
0.00013503899999989244 1412
0.00013506899999971012 1413
0.00013513800000009013 1412
0.00013525799999980492 1411
0.00013526999999990963 1412
0.00013534899999978478 1413
0.0001353779999999638 1412
0.0001353900000000685 1413
0.00013544799999998247 1414
0.0001354839999998525 1415
0.0001354980000001227 1414
0.00013551400000011427 1415
0.00013561799999983748 1414
0.00013562999999994219 1415
0.00013572099999992204 1416
0.00013573799999999636 1415
0.00013575000000010107 1416
0.0001357909999999407 1417
0.00013585799999971115 1416
0.00013586999999981586 1417
0.00013597799999987004 1416
0.00013609800000002892 1415
0.00013611000000013362 1416
0.0001361939999999784 1417
0.0001362179999997437 1416
0.00013622999999984842 1417
0.0001363379999999026 1416
0.0001363500000000073 1417
0.00013637999999982497 1418
0.00013641899999994322 1419
0.00013645800000006147 1418
0.00013657799999977627 1417
0.00013658999999988097 1418
0.00013669799999993515 1417
0.00013671000000003986 1418
0.00013672399999986595 1419
0.00013681800000009403 1418
0.00013682999999975465 1419
0.0001369329999998392 1420
0.00013693799999980882 1419
0.00013696300000010098 1420
0.00013699299999991865 1421
0.00013702299999973633 1422
0.0001370579999999677 1421
0.0001370700000000724 1422
0.00013711599999988167 1423
0.000137162000000135 1424
0.0001371780000001266 1423
0.00013719199999995269 1424
0.00013721500000007936 1425
0.00013729799999984138 1424
0.00013730999999994609 1425
0.00013733999999976376 1426
0.00013735400000003395 1427
0.00013741800000000026 1426
0.00013743000000010497 1427
0.0001374969999998754 1428
0.00013753799999971505 1427
0.00013754999999981976 1428
0.00013756400000008995 1429
0.00013757799999991605 1430
0.00013765799999987394 1431
0.00013765799999987394 1430
0.0001376880000001357 1431
0.0001377019999999618 1432
0.00013777800000003282 1431
0.00013779000000013752 1432
0.00013780399999996362 1433
0.0001378979999997476 1432
0.0001379259999998439 1433
0.0001380179999999065 1432
0.00013811200000013457 1433
0.00013813800000006538 1432
0.000138149999999726 1433
0.00013817999999998776 1434
0.00013820999999980543 1435
0.00013825799999978017 1434
0.00013826999999988487 1435
0.00013837799999993905 1434
0.00013839000000004376 1435
0.00013849800000009793 1434
0.00013850999999975855 1435
0.00013861799999981272 1434
0.00013862999999991743 1435
0.00013873599999980613 1436
0.0001387379999999716 1435
0.0001387500000000763 1436
0.0001388580000001305 1435
0.0001388699999997911 1436
0.00013897799999984528 1435
0.00013898999999995 1436
0.00013909800000000416 1435
0.00013911000000010887 1436
0.00013913499999995693 1437
0.00013914899999978303 1438
0.00013921799999971896 1437
0.00013922999999982366 1438
0.00013926000000008543 1439
0.00013928399999985075 1440
0.00013933399999999097 1441
0.00013933799999987784 1440
0.00013936399999980864 1441
0.00013945800000003672 1440
0.00013946300000000633 1441
0.0001395779999997515 1440
0.0001396059999998478 1441
0.0001396979999999104 1440
0.0001397100000000151 1441
0.00013973999999983278 1442
0.00013975400000010296 1443
0.00013981800000006928 1442
0.0001398299999997299 1443
0.00013993799999978407 1442
0.00014005799999994295 1441
0.00014007000000004766 1442
0.00014009999999986533 1443
0.00014017800000010183 1442
0.00014018999999976245 1443
0.00014024499999987228 1444
0.00014029799999981662 1443
0.00014030999999992133 1444
0.0001404179999999755 1443
0.0001404300000000802 1444
0.0001405380000001344 1443
0.000140549999999795 1444
0.0001405640000000652 1445
0.00014065299999987957 1446
0.00014065799999984918 1445
0.00014069499999980195 1446
0.00014077800000000806 1445
0.00014079000000011277 1446
0.00014081999999993045 1447
0.00014089799999972286 1446
0.0001409180000000454 1447
0.00014093500000011971 1448
0.00014099199999995093 1449
0.00014101799999988174 1448
0.00014102500000001683 1449
0.0001410549999998345 1450
0.00014113800000004062 1449
0.00014119499999987184 1450
0.00014123099999974187 1451
0.0001412579999997554 1450
0.00014126100000000363 1451
0.0001412909999998213 1452
0.00014132100000008307 1453
0.00014135099999990075 1454
0.0001413779999999143 1453
0.00014138099999971843 1454
0.0001414109999999802 1455
0.00014149800000007318 1454
0.0001415099999997338 1455
0.00014161799999978797 1454
0.00014173799999994685 1453
0.00014175000000005156 1454
0.00014179499999977807 1453
0.00014184100000003141 1454
0.0001418709999998491 1455
0.00014191499999993695 1454
0.00014198999999992523 1455
0.00014202499999971252 1456
0.00014203500000009583 1455
0.0001420389999999827 1456
0.0001421100000000841 1457
0.00014215499999981063 1456
0.0001422299999997989 1457
0.00014224699999987322 1458
0.0001422749999999695 1457
0.00014228100000002186 1458
0.00014233199999980073 1457
0.0001423499999999578 1458
0.00014237499999980585 1459
0.00014241299999984136 1460
0.0001424519999999596 1461
0.0001424519999999596 1460
0.00014249499999996473 1461
0.0001425720000001185 1460
0.00014258999999983146 1461
0.00014265399999979778 1462
0.00014269199999983329 1461
0.00014270999999999034 1462
0.0001427769999997608 1463
0.00014281199999999217 1462
0.00014282999999970514 1463
0.0001428599999999669 1464
0.00014293199999970696 1463
0.00014305199999986584 1462
0.00014308999999990135 1463
0.00014317200000002472 1462
0.0001431899999997377 1463
0.00014326900000005693 1464
0.00014329199999973952 1463
0.0001432989999998746 1464
0.00014332900000013638 1465
0.00014335899999995405 1466
0.00014338899999977173 1467
0.0001434119999998984 1466
0.00014343000000005546 1467
0.0001434659999999255 1468
0.00014353200000005728 1467
0.00014354999999977025 1468
0.00014358000000003202 1469
0.00014363900000002872 1470
0.00014365199999977207 1469
0.0001436689999998464 1470
0.00014369900000010816 1471
0.00014372899999992583 1472
0.0001437589999997435 1473
0.00014377199999993096 1472
0.00014379000000008801 1473
0.0001438650000000763 1474
0.00014389200000008984 1473
0.00014389499999989397 1474
0.00014392499999971164 1475
0.00014395299999980793 1476
0.00014401199999980463 1475
0.00014402600000007482 1476
0.0001440559999998925 1477
0.0001440699999997186 1478
0.0001441319999999635 1477
0.00014422699999983024 1478
0.0001442520000001224 1477
0.00014428599999982694 1478
0.0001443089999999536 1477
0.00014434999999979325 1478
0.00014438999999999425 1479
0.00014441999999981192 1480
0.0001444290000001125 1479
0.00014447999999989136 1480
0.00014450999999970904 1481
0.0001445489999998273 1480
0.0001446060000001026 1479
0.0001447099999998258 1480
0.0001447259999998174 1479
0.00014474000000008758 1480
0.00014484599999997627 1479
0.00014485800000008098 1480
0.00014489299999986827 1481
0.00014496600000013515 1480
0.00014497999999996125 1481
0.00014500999999977893 1482
0.0001450400000000407 1483
0.0001450799999997976 1484
0.00014508599999984995 1483
0.00014511000000005936 1484
0.00014520600000000883 1483
0.00014520700000009157 1484
0.00014523699999990924 1485
0.00014526699999972692 1486
0.00014529699999998869 1487
0.00014532599999972362 1486
0.00014532699999980636 1487
0.0001454459999998825 1486
0.00014551800000006665 1487
0.00014554799999988433 1488
0.00014556600000004138 1487
0.0001455899999998067 1488
0.00014565399999977302 1489
0.00014568599999975618 1488
0.0001457099999999656 1489
0.00014573999999978327 1490
0.00014575400000005345 1491
0.00014580599999991506 1490
0.00014582299999998938 1491
0.00014587899999973786 1492
0.00014590899999999962 1493
0.00014592600000007394 1492
0.0001459389999998173 1493
0.00014598299999990516 1492
0.00014610300000006404 1491
0.00014614999999995604 1492
0.00014615999999989526 1491
0.00014621000000003548 1492
0.00014621699999972648 1491
0.00014623999999985315 1492
0.00014627000000011492 1493
0.00014630100000001534 1494
0.000146330999999833 1495
0.00014633699999988536 1494
0.00014636100000009478 1495
0.00014639099999991245 1496
0.00014642099999973013 1497
0.0001464509999999919 1498
0.00014645700000004425 1497
0.000146464999999818 1498
0.00014649500000007976 1499
0.00014657699999975904 1498
0.00014666499999993476 1499
0.00014669499999975244 1500
0.00014669699999991792 1499
0.0001467250000000142 1500
0.0001467389999998403 1501
0.00014675399999974914 1500
0.00014676900000010207 1501
0.00014679899999991974 1502
0.00014682899999973742 1503
0.00014687399999990802 1502
0.0001469020000000043 1503
0.00014693199999982198 1504
0.00014694600000009217 1505
0.00014695999999991827 1506
0.0001469940000000669 1505
0.00014699499999970556 1506
0.00014705099999989812 1505
0.000147054999999785 1506
0.00014716500000000465 1507
0.000147171000000057 1506
0.00014719800000007055 1507
0.00014721199999989665 1508
0.00014724199999971432 1509
0.0001472909999997718 1508
0.00014729199999985454 1509
0.00014730600000012473 1510
0.0001473359999999424 1511
0.00014740599999996107 1512
0.00014741099999993068 1511
0.0001474679999997619 1510
0.00014749499999977544 1511
0.0001475250000000372 1512
0.0001475250000000372 1511
0.00014756199999998998 1512
0.000147644999999752 1513
0.000147644999999752 1512
0.0001476590000000222 1513
0.00014768899999983987 1514
0.0001477229999999885 1515
0.00014776499999991088 1514
0.00014788500000006977 1513
0.00014790799999975235 1514
0.00014793800000001411 1515
0.0001479679999998318 1516
0.00014800499999978456 1515
0.00014801499999972378 1516
0.00014806200000005987 1515
0.00014810199999981677 1516
0.00014811600000008696 1517
0.00014814599999990463 1518
0.0001481759999997223 1519
0.00014818199999977466 1518
0.00014820599999998407 1519
0.0001482799999998896 1520
0.00014830199999993354 1519
0.0001483099999997073 1520
0.00014834299999977318 1521
0.0001484000000000485 1522
0.0001484139999998746 1523
0.00014842200000009242 1522
0.00014847899999992364 1521
0.00014858999999978195 1522
0.00014859900000008253 1521
0.00014860400000005214 1522
0.00014865599999991375 1521
0.00014871499999991045 1522
0.00014872899999973654 1523
0.00014877600000007263 1522
0.0001488599999999174 1523
0.00014889599999978742 1522
0.00014895300000006273 1521
0.00014898000000007627 1522
0.00014907299999977752 1521
0.0001491200000001136 1522
0.00014919000000013227 1523
0.0001491929999999364 1522
0.00014921999999994995 1523
0.0001492399999998284 1524
0.00014931300000009529 1523
0.00014943299999981008 1522
0.00014955299999996896 1521
0.00014959499999989134 1522
0.00014959899999977821 1523
0.0001496130000000484 1524
0.00014967300000012784 1525
0.00014967300000012784 1524
0.00014972699999971084 1525
0.00014979299999984264 1524
0.00014982899999971266 1525
0.00014985000000011794 1524
0.0001498820000001011 1525
0.00014995700000008938 1526
0.00014996999999983274 1525
0.00014998699999990706 1526
0.00015008999999999162 1525
0.0001501440000000187 1526
0.0001501839999997756 1527
0.0001501980000000458 1528
0.0001502099999997064 1527
0.0001502119999998719 1528
0.0001503299999998653 1527
0.00015045000000002418 1526
0.0001505069999998554 1525
0.000150511999999825 1526
0.00015054200000008677 1527
0.0001505900000000615 1528
0.00015062700000001428 1527
0.00015066600000013253 1528
0.00015074699999972907 1527
0.00015075299999978142 1528
0.0001507929999999824 1529
0.00015086699999988795 1528
0.00015087400000002305 1529
0.00015098700000004683 1528
0.00015099699999998606 1529
0.00015104399999987805 1528
0.00015116400000003694 1527
0.00015128399999975173 1526
0.00015134100000002704 1525
0.00015139799999985826 1524
0.00015142999999984141 1525
0.00015151800000001714 1524
0.00015159199999992268 1525
0.00015163799999973193 1524
0.00015169500000000724 1523
0.00015181499999972203 1522
0.0001518469999997052 1523
0.00015187199999999734 1522
0.00015187699999996696 1523
0.00015189099999979305 1524
0.00015192899999982856 1523
0.00015204899999998744 1522
0.00015205000000007018 1523
0.00015210599999981866 1522
0.00015222599999997755 1521
0.00015234600000013643 1520
0.00015246599999985122 1519
0.0001525860000000101 1518
0.00015260599999988855 1519
0.00015263599999970623 1520
0.00015264299999984132 1519
0.000152665999999968 1520
0.00015269599999978567 1521
0.00015272600000004743 1522
0.0001527630000000002 1521
0.00015286000000003241 1522
0.000152882999999715 1521
0.00015296499999983837 1522
0.00015300299999987388 1521
0.0001530789999999449 1522
0.00015310899999976257 1523
0.00015312300000003276 1522
0.00015313900000002434 1523
0.00015324299999974755 1522
0.00015326499999979148 1523
0.00015336299999990644 1522
0.00015343099999975962 1523
0.0001534450000000298 1524
0.00015348300000006532 1523
0.00015352899999987457 1524
0.0001536029999997801 1523
0.00015361399999980208 1524
0.00015364400000006384 1525
0.000153722999999939 1524
0.0001537819999999357 1525
0.00015384200000001513 1526
0.00015384300000009787 1525
0.0001539189999997248 1526
0.000153932999999995 1527
0.00015396299999981267 1526
0.0001540319999997486 1527
0.00015405499999987526 1528
0.0001540819999998888 1529
0.00015408299999997155 1528
0.00015411199999970648 1529
0.00015414199999996825 1530
0.00015417199999978592 1531
0.0001542020000000477 1532
0.00015420300000013043 1531
0.00015423199999986537 1532
0.00015425999999996165 1531
0.00015426200000012713 1532
0.0001542919999999448 1533
0.00015431699999979287 1532
0.00015432199999976248 1533
0.00015443699999995175 1532
0.00015444599999980824 1533
0.00015449399999978297 1532
0.00015449999999983532 1533
0.0001545300000000971 1534
0.00015455999999991477 1535
0.00015458999999973244 1536
0.00015461399999994185 1535
0.0001546199999999942 1536
0.00015464999999981188 1537
0.00015468000000007365 1538
0.00015470999999989132 1539
0.00015473400000010074 1538
0.000154739999999709 1539
0.00015475399999997919 1540
0.00015485399999981553 1539
0.00015495400000009596 1540
0.0001549739999999744 1539
0.00015498499999999638 1540
0.0001550280000000015 1541
0.00015508499999983272 1542
0.0001550940000001333 1541
0.00015521399999984808 1540
0.00015527999999997988 1541
0.000155322999999985 1542
0.00015533400000000697 1541
0.0001553579999997723 1542
0.00015539499999972506 1543
0.00015542499999998682 1544
0.00015545399999972176 1543
0.0001554549999998045 1544
0.00015548500000006626 1545
0.00015557399999988064 1544
0.00015565499999992127 1545
0.00015568499999973895 1546
0.00015569400000003952 1545
0.00015571500000000071 1546
0.00015571899999988759 1547
0.0001557449999998184 1548
0.00015577500000008015 1549
0.00015580499999989783 1550
0.00015581399999975432 1549
0.0001558349999997155 1550
0.00015587100000002962 1549
0.0001558749999999165 1550
0.00015591599999975614 1551
0.0001559460000000179 1552
0.00015599099999974442 1551
0.0001561109999999033 1550
0.00015615999999996077 1551
0.00015619799999999628 1552
0.00015622100000012296 1553
0.00015623100000006218 1552
0.00015630600000005046 1553
0.00015635099999977697 1552
0.000156379999999956 1553
0.00015640999999977367 1554
0.00015644000000003544 1555
0.00015646999999985312 1556
0.00015647099999993586 1555
0.00015650000000011488 1556
0.00015652999999993256 1557
0.00015655999999975023 1558
0.000156590000000012 1559
0.00015659100000009474 1558
0.00015661999999982967 1559
0.00015665000000009144 1560
0.00015668999999984834 1561
0.00015671099999980953 1560
0.00015673000000004933 1561
0.00015674399999987543 1562
0.00015677499999977584 1563
0.0001568050000000376 1564
0.0001568309999999684 1563
0.00015683499999985528 1564
0.00015686500000011705 1565
0.00015689499999993473 1566
0.0001569249999997524 1567
0.0001569510000001273 1566
0.00015697999999986223 1567
0.000157010000000124 1568
0.00015703999999994167 1569
0.00015706999999975935 1570
0.0001570709999998421 1569
0.0001571000000000211 1570
0.00015719100000000097 1569
0.00015720499999982707 1570
0.00015728099999989809 1571
0.00015731099999971576 1570
0.00015733999999989479 1571
0.00015736999999971246 1572
0.00015739999999997423 1573
0.0001574299999997919 1574
0.00015743099999987464 1573
0.00015746000000005367 1574
0.00015748999999987134 1575
0.0001575200000001331 1576
0.0001575339999999592 1577
0.00015755100000003353 1576
0.00015758199999993394 1577
0.00015759699999984278 1578
0.00015766799999994419 1579
0.00015767099999974832 1578
0.00015769799999976186 1579
0.00015777599999999836 1580
0.0001577909999999072 1579
0.00015782600000013858 1580
0.00015785599999995625 1581
0.00015788599999977393 1582
0.00015791100000006608 1581
0.0001579160000000357 1582
0.00015794599999985337 1583
0.00015797600000011514 1584
0.0001580059999999328 1585
0.00015803099999978087 1584
0.0001580359999997505 1585
0.00015806600000001225 1586
0.00015809599999982993 1587
0.0001581260000000917 1588
0.0001581399999999178 1589
0.00015815099999993976 1588
0.00015816999999973547 1589
0.00015819999999999723 1590
0.00015820799999977098 1589
0.0001582299999998149 1590
0.00015826000000007667 1591
0.00015828999999989435 1592
0.00015831999999971202 1593
0.00015832799999992986 1592
0.0001583499999999738 1593
0.00015837999999979147 1594
0.00015838499999976108 1593
0.00015841000000005323 1594
0.0001584399999998709 1595
0.00015847000000013267 1596
0.00015849999999995035 1597
0.00015850499999991996 1596
0.00015851399999977644 1597
0.0001585440000000382 1598
0.00015857399999985589 1599
0.00015860400000011765 1600
0.00015862500000007884 1599
0.00015863399999993533 1600
0.000158663999999753 1601
0.00015869400000001477 1602
0.00015872399999983244 1603
0.00015874499999979363 1602
0.0001587540000000942 1603
0.00015878399999991188 1604
0.00015881399999972956 1605
0.00015884399999999133 1606
0.00015886499999995252 1605
0.000158873999999809 1606
0.00015890400000007077 1607
0.00015893399999988844 1608
0.00015896399999970612 1609
0.0001589850000001114 1608
0.0001590199999998987 1609
0.00015904199999994262 1608
0.00015904999999971636 1609
0.00015908499999994774 1610
0.00015912299999998325 1611
0.00015915299999980093 1612
0.0001591620000001015 1611
0.0001591830000000627 1612
0.00015921299999988037 1613
0.00015924300000014213 1614
0.0001592729999999598 1615
0.0001592819999998163 1614
0.00015930299999977748 1615
0.00015933300000003925 1616
0.00015936299999985692 1617
0.0001593930000001187 1618
0.00015940199999997517 1617
0.00015942299999993637 1618
0.00015945299999975404 1619
0.0001594589999998064 1618
0.00015946700000002423 1619
0.0001594969999998419 1620
0.00015952700000010367 1621
0.00015954099999992977 1622
0.00015957099999974744 1623
0.00015957899999996528 1622
0.0001596010000000092 1623
0.00015963099999982688 1624
0.00015966100000008865 1625
0.00015969099999990632 1626
0.00015969900000012416 1625
0.00015970499999973242 1626
0.0001597349999999942 1627
0.00015976499999981186 1628
0.00015979500000007363 1629
0.00015981899999983895 1628
0.0001598249999998913 1629
0.00015985499999970898 1630
0.00015988499999997074 1631
0.00015989899999979684 1632
0.0001599290000000586 1633
0.00015993899999999783 1632
0.00015995899999987628 1633
0.00015998900000013805 1634
0.00016001899999995572 1635
0.0001600489999997734 1636
0.00016005899999971263 1635
0.00016007900000003517 1636
0.00016010899999985284 1637
0.00016011599999998793 1636
0.0001601390000001146 1637
0.00016016899999993228 1638
0.00016019899999974996 1639
0.00016022900000001172 1640
0.00016023599999970273 1639
0.0001602589999998294 1640
0.00016028900000009116 1641
0.00016031899999990884 1642
0.00016034899999972652 1643
0.0001603559999998616 1642
0.00016037899999998828 1643
0.00016040899999980596 1644
0.00016043900000006772 1645
0.0001604689999998854 1646
0.0001604760000000205 1645
0.00016049899999970307 1646
0.00016052899999996484 1647
0.00016055899999978251 1648
0.00016058900000004428 1649
0.00016059599999973528 1648
0.00016061899999986196 1649
0.00016064900000012372 1650
0.0001606789999999414 1651
0.00016070899999975907 1652
0.00016071599999989417 1651
0.00016073900000002084 1652
0.0001607689999998385 1653
0.00016079900000010028 1654
0.00016081299999992638 1655
0.00016083600000005305 1654
0.00016084299999974405 1655
0.00016087300000000582 1656
0.0001609029999998235 1657
0.00016093300000008526 1658
0.00016095599999976784 1657
0.00016096299999990293 1658
0.0001609929999997206 1659
0.00016100800000007354 1660
0.00016101300000004315 1659
0.00016102299999998237 1660
0.00016105299999980005 1661
0.00016108300000006182 1662
0.0001611129999998795 1663
0.00016113299999975794 1662
0.00016114300000014126 1663
0.00016117299999995893 1664
0.0001612029999997766 1665
0.00016123300000003837 1666
0.00016125299999991682 1665
0.00016126299999985605 1666
0.00016129300000011781 1667
0.00016130999999974804 1666
0.0001613229999999355 1667
0.00016135299999975317 1668
0.00016138300000001493 1669
0.0001614129999998326 1670
0.0001614270000001028 1671
0.00016142999999990693 1670
0.0001614409999999289 1671
0.000161454999999755 1672
0.00016148500000001675 1673
0.00016151499999983443 1674
0.0001615450000000962 1675
0.0001615500000000658 1674
0.00016157499999991387 1675
0.00016160499999973155 1676
0.0001616349999999933 1677
0.000161664999999811 1678
0.0001616699999997806 1677
0.00016169500000007275 1678
0.00016172499999989043 1679
0.0001617549999997081 1680
0.00016178499999996987 1681
0.00016178999999993948 1680
0.00016181499999978755 1681
0.0001618450000000493 1682
0.0001618469999997707 1681
0.00016187499999986699 1682
0.00016190500000012875 1683
0.00016191899999995485 1684
0.00016194899999977252 1685
0.00016196699999992958 1684
0.0001619790000000343 1685
0.00016200899999985197 1686
0.00016203900000011373 1687
0.0001620689999999314 1688
0.00016208700000008847 1687
0.00016209899999974908 1688
0.00016212900000001085 1689
0.00016214399999991969 1688
0.00016215899999982852 1689
0.0001621890000000903 1690
0.00016221899999990796 1691
0.00016224899999972564 1692
0.00016226400000007857 1691
0.0001622789999999874 1692
0.00016230899999980508 1693
0.00016233900000006685 1694
0.00016236899999988452 1695
0.00016238399999979336 1694
0.0001623989999997022 1695
0.00016242899999996396 1696
0.00016245899999978164 1697
0.0001624890000000434 1698
0.00016250399999995224 1697
0.00016251899999986108 1698
0.00016254900000012285 1699
0.00016257899999994052 1700
0.0001626089999997582 1701
0.00016262400000011112 1700
0.00016263900000001996 1701
0.00016266899999983764 1702
0.0001626990000000994 1703
0.00016272899999991708 1704
0.00016274299999974318 1705
0.00016274399999982592 1704
0.00016277300000000494 1705
0.00016280299999982262 1706
0.00016283300000008438 1707
0.00016286299999990206 1708
0.0001628639999999848 1707
0.00016289299999971973 1708
0.0001629229999999815 1709
0.00016295299999979918 1710
0.00016298300000006094 1711
0.00016298400000014368 1710
0.00016301299999987862 1711
0.00016304300000014038 1712
0.00016307299999995806 1713
0.00016310299999977573 1714
0.00016310399999985847 1713
0.0001631330000000375 1714
0.00016316100000013378 1713
0.00016316299999985517 1714
0.00016319300000011694 1715
0.00016322299999993461 1716
0.0001632529999997523 1717
0.00016328099999984858 1716
0.00016328300000001406 1717
0.00016331299999983173 1718
0.0001633430000000935 1719
0.00016337299999991117 1720
0.00016340100000000746 1719
0.00016340299999972885 1720
0.00016343299999999061 1721
0.0001634629999998083 1722
0.00016349300000007005 1723
0.00016350699999989615 1724
0.00016352099999972225 1723
0.00016355399999978815 1724
0.0001635840000000499 1725
0.00016364099999988113 1724
0.00016365099999982036 1725
0.00016368399999988625 1726
0.00016371399999970393 1727
0.0001637439999999657 1728
0.00016376100000004 1727
0.0001637629999997614 1728
0.00016381799999987123 1727
0.00016393800000003012 1726
0.00016399499999986134 1725
0.00016399800000010956 1726
0.00016411500000002022 1725
0.0001641619999999122 1726
0.00016420700000008281 1727
0.000164234999999735 1726
0.0001643549999998939 1725
0.00016435599999997663 1726
0.00016441000000000372 1727
0.00016442399999982982 1728
0.00016445400000009158 1729
0.00016447500000005277 1728
0.00016459499999976757 1727
0.00016467799999997368 1728
0.00016470799999979135 1729
0.00016471499999992645 1728
0.00016473800000005312 1729
0.00016480699999998905 1730
0.00016483500000008533 1729
0.00016487999999981184 1730
0.00016489400000008203 1731
0.00016492699999970384 1732
0.00016495499999980012 1731
0.00016501200000007543 1730
0.00016511299999999451 1731
0.00016513199999979022 1730
0.0001651429999998122 1731
0.00016519699999983928 1732
0.0001652519999999491 1731
0.00016528399999993226 1732
0.00016531399999974994 1733
0.0001653459999997331 1734
0.000165372000000108 1733
0.00016538599999993409 1734
0.00016549199999982278 1733
0.00016559999999987696 1734
0.00016561199999998166 1733
0.0001656789999997521 1734
0.00016573200000014054 1733
0.0001657379999997488 1734
0.00016576800000001057 1735
0.00016585199999985534 1734
0.00016588299999975575 1735
0.00016597200000001422 1734
0.00016602899999984544 1733
0.00016607899999998565 1734
0.00016614900000000432 1733
0.0001661529999998912 1734
0.0001662049999997528 1735
0.00016623899999990144 1736
0.00016626899999971911 1737
0.00016626899999971911 1736
0.00016638399999990838 1737
0.000166388999999878 1736
0.00016644599999970922 1735
0.0001664479999998747 1736
0.00016647800000013646 1737
0.00016649199999996256 1738
0.0001665329999998022 1739
0.0001665659999998681 1738
0.0001666230000001434 1737
0.00016671900000009288 1738
0.0001667429999998582 1737
0.00016674899999991055 1738
0.00016677899999972823 1739
0.00016680899999999 1740
0.00016683899999980767 1741
0.00016686300000001708 1740
0.00016686900000006943 1741
0.0001668989999998871 1742
0.0001669199999998483 1741
0.00016692899999970479 1742
0.00016704000000000718 1741
0.00016715999999972198 1740
0.00016720899999977945 1741
0.00016721699999999728 1740
0.00016723900000004122 1741
0.0001672689999998589 1742
0.00016733699999971208 1741
0.00016736399999972562 1742
0.00016739399999998739 1743
0.00016742399999980506 1744
0.00016745699999987096 1743
0.00016751399999970218 1742
0.0001675709999999775 1741
0.00016761299999989987 1742
0.00016764299999971755 1743
0.00016769100000013637 1742
0.00016781099999985116 1741
0.00016781699999990352 1742
0.00016793100000001004 1741
0.00016798799999984126 1740
0.00016802800000004225 1741
0.00016810800000000015 1740
0.00016816499999983137 1739
0.00016822200000010668 1738
0.0001683309999997995 1739
0.00016834199999982147 1738
0.00016846199999998035 1737
0.00016851899999981157 1736
0.00016861599999984378 1737
0.00016863899999997045 1736
0.00016869299999999754 1737
0.00016869599999980167 1736
0.00016881599999996055 1735
0.0001688289999997039 1736
0.00016887299999979177 1735
0.00016891199999991002 1736
0.00016896499999985437 1737
0.00016899299999995065 1736
0.00016911300000010954 1735
0.00016916799999977528 1736
0.00016923299999982433 1735
0.0001693529999999832 1734
0.00016940999999981443 1733
0.0001695299999999733 1732
0.00016958500000008314 1733
0.0001696500000001322 1732
0.00016970699999996341 1731
0.0001698270000001223 1730
0.0001698910000000886 1731
0.0001699049999999147 1732
0.0001699469999998371 1731
0.00016997899999982025 1732
0.00016999300000009043 1733
0.0001700040000001124 1732
0.00017006899999971736 1733
0.0001701239999998272 1732
0.0001701810000001025 1731
0.0001701949999999286 1732
0.00017022499999974627 1733
0.00017023900000001646 1734
0.00017026999999991688 1735
0.0001703009999998173 1734
0.00017042099999997617 1733
0.00017043499999980227 1734
0.00017046500000006404 1735
0.0001704779999998074 1734
0.0001705350000000827 1733
0.0001706549999997975 1732
0.00017067500000012004 1733
0.00017077499999995638 1732
0.00017081599999979602 1733
0.00017089500000011526 1732
0.00017095199999994648 1731
0.00017107200000010536 1730
0.0001711669999999721 1731
0.00017119199999982015 1730
0.00017119699999978977 1731
0.0001712449999997645 1732
0.00017126299999992156 1733
0.00017131199999997904 1732
0.00017143200000013792 1731
0.0001715519999998527 1730
0.0001716720000000116 1729
0.00017170099999974653 1730
0.00017179199999972639 1729
0.0001718490000000017 1728
0.0001719689999997165 1727
0.0001720259999999918 1726
0.00017208299999982302 1725
0.00017212699999991088 1726
0.00017215699999972855 1727
0.0001722029999999819 1726
0.00017232300000014078 1725
0.00017244299999985557 1724
0.00017256300000001445 1723
0.0001726509999997461 1724
0.00017268299999972925 1723
0.00017280299999988813 1722
0.00017281199999974461 1723
0.00017285999999971935 1722
0.00017290100000000308 1723
0.00017297999999987823 1722
0.00017301099999977865 1723
0.0001731000000000371 1722
0.00017311700000011143 1723
0.00017315699999986833 1722
0.00017321400000014364 1721
0.00017323299999993935 1722
0.00017327099999997486 1721
0.00017339100000013374 1720
0.00017351099999984854 1719
0.00017363100000000742 1718
0.00017365499999977274 1719
0.00017370499999991296 1720
0.0001737509999997222 1719
0.000173816999999854 1720
0.0001738709999998811 1719
0.00017388099999982032 1720
0.00017397099999971744 1721
0.00017399100000003997 1720
0.00017402400000010587 1721
0.00017403799999993197 1722
0.00017411099999975477 1721
0.00017423099999991365 1720
0.00017433099999975 1721
0.00017435100000007253 1720
0.00017440799999990375 1719
0.00017452800000006263 1718
0.00017462699999981623 1719
0.00017464799999977743 1718
0.0001746589999997994 1719
0.00017468099999984332 1720
0.00017472200000012705 1721
0.0001747679999999363 1720
0.00017482099999988066 1721
0.0001748880000000952 1720
0.0001749310000001003 1721
0.00017500799999980998 1720
0.0001750979999997071 1721
0.00017512799999996886 1720
0.00017513699999982535 1721
0.00017524800000012775 1720
0.0001752989999999066 1721
0.00017530499999995897 1720
0.00017542500000011785 1719
0.0001754329999998916 1720
0.00017553100000000654 1721
0.00017554499999983264 1720
0.00017566499999999152 1719
0.00017573699999973158 1720
0.00017578499999970632 1719
0.00017579099999975867 1720
0.00017583499999984653 1721
0.0001758960000000087 1722
0.0001759049999998652 1721
0.00017593500000012696 1722
0.0001759620000001405 1721
0.00017597399999980112 1722
0.0001760819999998553 1721
0.00017609000000007313 1722
0.00017620200000001418 1721
0.00017624799999982343 1722
0.0001762589999998454 1721
0.00017629400000007678 1722
0.0001763160000001207 1721
0.00017637099999978645 1722
0.00017641399999979157 1723
0.0001764359999998355 1722
0.00017652899999998084 1723
0.00017655599999999438 1722
0.00017667599999970918 1721
0.00017667799999987466 1722
0.00017672800000001487 1723
0.00017673299999998449 1722
0.00017675799999983255 1723
0.0001767899999998157 1722
0.00017688099999979556 1723
0.0001769099999999746 1722
0.000176981000000076 1723
0.00017703000000013347 1722
0.00017714999999984826 1721
0.00017727000000000714 1720
0.00017729099999996834 1721
0.00017737399999973036 1722
0.00017738999999972194 1721
0.00017741699999973548 1722
0.00017743100000000567 1723
0.00017750999999988082 1722
0.0001776300000000397 1721
0.0001777499999997545 1720
0.00017779799999972923 1721
0.00017784399999998257 1722
0.00017786999999991338 1721
0.00017799000000007226 1720
0.00017809200000007408 1721
0.00017810999999978705 1720
0.0001781369999998006 1721
0.00017816700000006236 1722
0.00017819699999988003 1723
0.0001782270000001418 1724
0.00017822999999994593 1723
0.0001782409999999679 1724
0.00017835000000010481 1723
0.00017835799999987856 1724
0.0001784699999998196 1723
0.0001785899999999785 1722
0.00017861999999979616 1723
0.0001786469999998097 1722
0.00017871199999985876 1723
0.00017874200000012053 1724
0.0001787669999999686 1723
0.0001787719999999382 1724
0.00017880199999975588 1725
0.0001788239999997998 1724
0.00017883200000001764 1725
0.00017889100000001434 1726
0.00017892400000008024 1727
0.0001789439999999587 1726
0.00017895399999989792 1727
0.0001790009999997899 1726
0.0001791209999999488 1725
0.00017912399999975293 1726
0.0001791380000000231 1727
0.00017924100000010768 1726
0.00017936099999982247 1725
0.00017948099999998135 1724
0.00017960100000014023 1723
0.00017965799999997145 1722
0.00017976799999974702 1723
0.00017977800000013033 1722
0.00017989799999984513 1721
0.00017991499999991944 1722
0.00017994499999973712 1723
0.00017995500000012044 1722
0.00018007499999983523 1721
0.00018014700000001937 1722
0.0001801949999999941 1721
0.00018025199999982533 1720
0.00018025500000007355 1721
0.00018029899999971732 1722
0.0001803719999999842 1721
0.0001804920000001431 1720
0.00018052699999993038 1721
0.00018056600000004863 1722
0.00018061199999985789 1721
0.00018073200000001677 1720
0.00018085199999973156 1719
0.00018085600000006252 1720
0.00018090400000003726 1721
0.00018093399999985493 1722
0.00018097199999989044 1723
0.00018097199999989044 1722
0.00018100999999992595 1723
0.00018109200000004932 1722
0.00018109700000001894 1723
0.00018111099999984503 1724
0.00018114999999996328 1725
0.00018121199999976412 1724
0.00018121299999984686 1725
0.000181331999999923 1724
0.00018145200000008188 1723
0.00018150999999999584 1724
0.0001815629999999402 1725
0.00018157199999979667 1724
0.00018159299999975786 1725
0.00018162900000007198 1724
0.00018167599999996398 1725
0.00018174200000009577 1726
0.00018174899999978678 1725
0.00018177199999991345 1726
0.00018181200000011444 1727
0.00018182599999994054 1728
0.00018186899999994566 1727
0.00018192599999977688 1726
0.00018204599999993576 1725
0.00018210299999976698 1724
0.00018212200000000678 1725
0.00018213599999983288 1726
0.00018216600000009464 1727
0.00018222299999992586 1726
0.00018231499999998846 1727
0.00018234300000008474 1726
0.00018236699999985007 1727
0.00018246299999979954 1726
0.00018258299999995842 1725
0.00018269899999978634 1726
0.0001827030000001173 1725
0.00018275999999994852 1724
0.00018281699999977974 1725
0.00018281699999977974 1724
0.00018291899999978156 1725
0.00018293699999993862 1724
0.00018297100000008726 1725
0.0001830570000000975 1724
0.00018310799999987637 1725
0.0001831769999998123 1724
0.00018323199999992212 1725
0.0001832340000000876 1724
0.00018324599999974822 1725
0.0001833539999998024 1724
0.0001834179999997687 1725
0.00018347399999996128 1724
0.00018356600000002388 1725
0.00018359400000012016 1724
0.00018365099999995138 1723
0.0001837079999997826 1722
0.00018382799999994148 1721
0.00018385399999987229 1722
0.00018388800000002092 1723
0.00018394800000010036 1722
0.00018406799999981516 1721
0.00018412500000009047 1720
0.00018424499999980526 1719
0.00018427699999978842 1720
0.00018433599999978512 1721
0.00018436499999996414 1720
0.00018436600000004688 1721
0.00018448500000012302 1720
0.0001844959999997009 1721
0.00018460499999983782 1720
0.0001847249999999967 1719
0.00018476199999994947 1720
0.0001848449999997115 1719
0.0001848479999999597 1720
0.00018496499999987037 1719
0.00018508500000002925 1718
0.00018514199999986047 1717
0.00018523100000011894 1718
0.00018524499999994504 1719
0.00018526200000001936 1718
0.0001852749999997627 1719
0.00018530500000002448 1720
0.00018533499999984215 1721
0.00018538199999973415 1720
0.0001854589999998879 1721
0.00018550199999989303 1720
0.0001856220000000519 1719
0.0001857419999997667 1718
0.0001858619999999256 1717
0.00018598200000008447 1716
0.00018610199999979926 1715
0.00018622199999995814 1714
0.00018634200000011703 1713
0.00018639500000006137 1714
0.00018646199999983182 1713
0.00018651900000010713 1712
0.00018655899999986403 1713
0.00018663899999982192 1712
0.00018671599999997568 1713
0.0001867589999999808 1712
0.00018687900000013968 1711
0.000186902999999905 1712
0.00018699899999985448 1713
0.00018699899999985448 1712
0.00018711799999993062 1713
0.00018711900000001336 1712
0.00018713199999975672 1713
0.00018723899999972815 1712
0.00018735899999988703 1711
0.00018739999999972667 1712
0.00018747900000004591 1711
0.0001875989999997607 1710
0.00018760499999981306 1711
0.0001877189999999196 1710
0.00018783900000007847 1709
0.00018794299999980169 1710
0.00018795700000007187 1711
0.00018795899999979326 1710
0.00018807899999995215 1709
0.00018819900000011103 1708
0.00018831899999982582 1707
0.00018842400000007586 1708
0.0001884389999999847 1707
0.00018845600000005902 1708
0.00018855900000014358 1707
0.0001885659999998346 1708
0.00018862699999999677 1709
0.00018865699999981445 1710
0.00018867899999985838 1709
0.00018879900000001726 1708
0.00018891899999973205 1707
0.00018903899999989093 1706
0.00018915900000004982 1705
0.00018917899999992827 1706
0.0001892789999997646 1705
0.0001892980000000044 1706
0.0001893989999999235 1705
0.00018951900000008237 1704
0.00018963899999979716 1703
0.00018975899999995605 1702
0.00018978800000013507 1703
0.00018987900000011493 1702
0.00018990600000012847 1703
0.00018999899999982972 1702
0.0001901189999999886 1701
0.0001902249999998773 1702
0.0001902389999997034 1701
0.00019032599999979638 1702
0.00019035899999986228 1701
0.00019041099999972388 1702
0.00019047900000002116 1701
0.00019059899999973595 1700
0.00019071899999989483 1699
0.00019083900000005372 1698
0.0001908409999997751 1699
0.0001909190000000116 1700
0.0001909589999997685 1699
0.0001910789999999274 1698
0.00019110599999994093 1699
0.00019115299999983293 1700
0.00019119900000008627 1699
0.00019129000000006613 1700
0.00019131899999980106 1699
0.00019140300000008992 1700
0.00019141699999991602 1701
0.00019143899999995995 1700
0.00019155900000011883 1699
0.0001915700000001408 1700
0.0001915839999999669 1701
0.00019167899999983362 1700
0.0001917989999999925 1699
0.00019181000000001447 1700
0.0001919189999997073 1699
0.00019198899999972596 1700
0.00019203899999986618 1699
0.00019208799999992365 1700
0.00019210399999991523 1701
0.00019215900000002506 1700
0.00019221599999985628 1699
0.00019228999999976182 1700
0.00019233600000001516 1699
0.00019245599999972995 1698
0.00019257599999988884 1697
0.00019269600000004772 1696
0.0001928159999997625 1695
0.0001928909999997508 1696
0.00019290500000002098 1697
0.0001929359999999214 1696
0.00019305600000008027 1695
0.00019306700000010224 1696
0.0001931269999997376 1697
0.00019317599999979507 1696
0.00019329599999995395 1695
0.000193314000000111 1696
0.00019341600000011283 1695
0.00019342100000008244 1696
0.00019353599999982762 1695
0.0001936559999999865 1694
0.0001937759999997013 1693
0.00019378699999972326 1694
0.00019389599999986018 1693
0.0001939530000001355 1692
0.00019396399999971337 1693
0.0001940099999999667 1692
0.00019403999999978438 1693
0.0001941300000001256 1692
0.00019424999999984038 1691
0.00019436999999999927 1690
0.00019448999999971406 1689
0.00019460999999987294 1688
0.00019473000000003182 1687
0.00019480399999993736 1688
0.00019484999999974661 1687
0.00019490700000002192 1686
0.00019496399999985314 1685
0.00019508400000001203 1684
0.00019509000000006438 1685
0.00019520399999972682 1684
0.0001953239999998857 1683
0.00019544400000004458 1682
0.00019556399999975937 1681
0.00019568399999991826 1680
0.0001957059999999622 1681
0.00019580400000007714 1680
0.00019592399999979193 1679
0.0001960439999999508 1678
0.00019610099999978203 1677
0.0001961239999999087 1678
0.00019622099999994091 1677
0.0001962440000000676 1678
0.0001963410000000998 1677
0.00019636399999978238 1678
0.0001964609999998146 1677
0.0001965180000000899 1676
0.0001966379999998047 1675
0.00019675799999996357 1674
0.00019687800000012246 1673
0.00019699799999983725 1672
0.00019711799999999613 1671
0.00019721999999999795 1672
0.00019723799999971092 1671
0.00019729499999998623 1670
0.00019741499999970102 1669
0.00019743699999974496 1670
0.00019745499999990201 1671
0.00019747199999997633 1670
0.00019759200000013522 1669
0.00019764899999996643 1668
0.00019776900000012532 1667
0.0001978889999998401 1666
0.000198008999999999 1665
0.00019812899999971378 1664
0.00019816399999994516 1665
0.00019824899999987267 1664
0.00019828400000010404 1665
0.00019836900000003155 1664
0.00019848899999974634 1663
0.00019860899999990522 1662
0.0001987290000000641 1661
0.0001988489999997789 1660
0.0001988749999997097 1661
0.00019896899999993778 1660
0.00019908900000009666 1659
0.00019914599999992788 1658
0.00019915300000006297 1659
0.00019924400000004283 1660
0.00019926500000000402 1661
0.00019926600000008676 1660
0.00019932299999991798 1659
0.0001993799999997492 1658
0.0001994839999999165 1659
0.00019949999999990808 1658
0.0001995569999997393 1657
0.0001996609999999066 1658
0.00019967699999989819 1657
0.00019979700000005707 1656
0.00019991699999977186 1655
0.00020003699999993074 1654
0.00020014100000009805 1655
0.00020015499999992414 1656
0.00020015700000008962 1655
0.00020026099999981284 1656
0.00020027699999980442 1655
0.00020033400000007973 1654
0.00020039099999991095 1653
0.00020044799999974217 1652
0.00020056799999990105 1651
0.0002005739999999534 1652
0.00020068800000005993 1651
0.00020080799999977472 1650
0.0002009279999999336 1649
0.00020104800000009249 1648
0.00020116799999980728 1647
0.00020128799999996616 1646
0.00020140800000012504 1645
0.00020141999999978566 1646
0.00020152799999983984 1645
0.00020164799999999872 1644
0.00020170499999982994 1643
0.00020182499999998882 1642
0.0002019449999997036 1641
0.00020200199999997892 1640
0.0002021220000001378 1639
0.00020214200000001625 1640
0.00020214699999998587 1641
0.0002022419999998526 1640
0.00020236200000001148 1639
0.00020240899999990347 1640
0.0002024189999998427 1639
0.0002024449999997735 1640
0.00020253900000000158 1639
0.00020262699999973321 1640
0.00020264899999977715 1641
0.00020265899999971637 1640
0.00020271599999999168 1639
0.00020283599999970647 1638
0.00020295599999986536 1637
0.00020307600000002424 1636
0.00020313299999985546 1635
0.00020319000000013077 1634
0.00020330999999984556 1633
0.00020336899999984226 1634
0.00020343000000000444 1633
0.00020349000000008388 1634
0.00020354999999971923 1633
0.00020366599999999124 1634
0.00020366999999987812 1633
0.000203790000000037 1632
0.0002038159999999678 1633
0.0002039099999997518 1632
0.00020402999999991067 1631
0.00020415000000006955 1630
0.00020426999999978435 1629
0.00020438999999994323 1628
0.0002045100000001021 1627
0.0002046299999998169 1626
0.00020474999999997578 1625
0.00020487000000013467 1624
0.00020498999999984946 1623
0.00020504700000012477 1622
0.00020516699999983956 1621
0.00020526700000012 1622
0.00020528699999999844 1621
0.00020540699999971324 1620
0.00020546399999998854 1619
0.0002055739999997641 1620
0.00020558399999970334 1619
0.00020570399999986222 1618
0.00020576100000013753 1617
0.00020588099999985232 1616
0.0002060010000000112 1615
0.000206120999999726 1614
0.00020624099999988488 1613
0.00020636100000004376 1612
0.00020648099999975855 1611
0.00020653800000003386 1610
0.00020665799999974865 1609
0.00020677799999990754 1608
0.00020683999999970837 1609
0.00020689800000006642 1608
0.00020701700000014256 1609
0.0002070179999997812 1608
0.0002071379999999401 1607
0.00020721500000009385 1608
0.00020725800000009897 1607
0.0002073619999998222 1608
0.00020737799999981377 1607
0.00020749799999997265 1606
0.00020761800000013153 1605
0.00020773799999984632 1604
0.0002078580000000052 1603
0.00020797799999972 1602
0.00020804600000001727 1603
0.00020809799999987888 1602
0.00020813499999983165 1603
0.00020820499999985032 1604
0.00020821800000003776 1603
0.0002083250000000092 1604
0.00020833799999975255 1603
0.00020837299999998393 1604
0.00020839000000005825 1605
0.00020845799999991144 1604
0.00020857800000007032 1603
0.00020858599999984406 1604
0.0002086979999997851 1603
0.000208817999999944 1602
0.00020892499999991543 1603
0.00020893800000010287 1602
0.00020898000000002526 1603
0.00020899399999985135 1604
0.00020905799999981767 1603
0.00020911599999973163 1604
0.00020917799999997655 1603
0.0002092430000000256 1604
0.00020929800000013543 1603
0.00020941799999985022 1602
0.0002094999999999736 1603
0.0002095380000000091 1602
0.0002096579999997239 1601
0.00020977799999988278 1600
0.00020989800000004166 1599
0.00021001799999975646 1598
0.00021013799999991534 1597
0.000210167999999733 1598
0.00021022299999984284 1599
0.00021025800000007422 1598
0.000210377999999789 1597
0.0002104979999999479 1596
0.0002105619999999142 1597
0.00021061800000010678 1596
0.00021073799999982157 1595
0.00021077599999985708 1596
0.00021079000000012726 1597
0.00021085799999998045 1596
0.00021091499999981167 1595
0.00021103499999997055 1594
0.00021109199999980177 1593
0.00021121199999996065 1592
0.00021133200000011954 1591
0.00021145199999983433 1590
0.000211474999999961 1591
0.00021152099999977025 1592
0.0002115719999999932 1591
0.000211691999999708 1590
0.00021171499999983467 1591
0.00021181199999986688 1590
0.00021193200000002577 1589
0.00021200800000009679 1590
0.00021205199999974056 1589
0.00021208200000000232 1590
0.00021217199999989944 1589
0.00021229200000005832 1588
0.00021241199999977312 1587
0.000212531999999932 1586
0.00021265200000009088 1585
0.00021277199999980567 1584
0.00021289199999996455 1583
0.00021301200000012344 1582
0.00021313199999983823 1581
0.00021316299999973864 1582
0.0002132519999999971 1581
0.0002133719999997119 1580
0.00021349199999987079 1579
0.00021361200000002967 1578
0.00021373199999974446 1577
0.00021378900000001977 1576
0.00021390899999973456 1575
0.00021402899999989344 1574
0.0002140729999999813 1575
0.00021414900000005233 1574
0.00021426899999976712 1573
0.00021435800000002558 1574
0.000214388999999926 1573
0.00021450900000008488 1572
0.00021462899999979967 1571
0.0002147099999998403 1572
0.00021474899999995856 1571
0.00021486900000011744 1570
0.00021498899999983223 1569
0.00021506999999987286 1570
0.0002151089999999911 1569
0.00021519000000003174 1570
0.0002152289999997059 1569
0.00021525299999991532 1570
0.0002153489999998648 1569
0.00021535700000008262 1570
0.00021543299999970955 1571
0.00021546900000002367 1570
0.00021555799999983805 1571
0.00021558899999973846 1570
0.00021565299999970478 1571
0.00021570899999989734 1570
0.00021582900000005623 1569
0.00021594899999977102 1568
0.0002160689999999299 1567
0.00021612599999976112 1566
0.00021624599999992 1565
0.00021636600000007888 1564
0.00021648599999979368 1563
0.00021660599999995256 1562
0.00021662300000002688 1563
0.00021672600000011144 1562
0.00021684599999982623 1561
0.00021694699999974532 1562
0.00021696599999998512 1561
0.000217086000000144 1560
0.0002172059999998588 1559
0.00021729900000000413 1560
0.00021732600000001767 1559
0.00021744599999973246 1558
0.00021756599999989135 1557
0.00021768600000005023 1556
0.00021780599999976502 1555
0.0002179259999999239 1554
0.00021804600000008278 1553
0.00021806299999971301 1554
0.00021816599999979758 1553
0.00021825299999989056 1554
0.00021828599999995646 1553
0.00021840600000011534 1552
0.00021846299999994656 1551
0.00021858300000010544 1550
0.00021870299999982024 1549
0.00021882299999997912 1548
0.000218943000000138 1547
0.0002190629999998528 1546
0.00021918300000001167 1545
0.00021930299999972647 1544
0.00021942299999988535 1543
0.00021954300000004423 1542
0.00021966299999975902 1541
0.0002197829999999179 1540
0.00021983999999974912 1539
0.00021985899999998892 1540
0.000219959999999908 1539
0.0002200800000000669 1538
0.00022019999999978168 1537
0.00022031999999994056 1536
0.00022041099999992042 1537
0.00022044000000009945 1536
0.00022055999999981424 1535
0.00022061700000008955 1534
0.00022073699999980434 1533
0.00022079400000007965 1532
0.00022081699999976223 1533
0.00022091399999979444 1532
0.00022103399999995332 1531
0.0002211540000001122 1530
0.000221273999999827 1529
0.00022139399999998588 1528
0.00022151399999970067 1527
0.00022157099999997598 1526
0.00022169100000013486 1525
0.0002217249999998394 1526
0.00022181099999984966 1525
0.00022193100000000854 1524
0.00022205099999972333 1523
0.0002221709999998822 1522
0.0002222910000000411 1521
0.0002224109999997559 1520
0.00022253099999991477 1519
0.00022256099999973245 1520
0.00022257500000000263 1521
0.00022265100000007365 1520
0.0002226969999998829 1521
0.00022277099999978844 1520
0.00022289099999994733 1519
0.0002230110000001062 1518
0.0002230339999997888 1519
0.000223130999999821 1518
0.00022325099999997988 1517
0.0002233079999998111 1516
0.00022342799999996998 1515
0.00022354800000012887 1514
0.0002236340000001391 1515
0.00022366799999984366 1514
0.00022378800000000254 1513
0.0002238110000001292 1514
0.00022384499999983376 1513
0.00022396499999999264 1512
0.0002240510000000029 1513
0.00022408499999970743 1512
0.00022420499999986632 1511
0.0002243250000000252 1510
0.00022444499999974 1509
0.00022456499999989887 1508
0.0002246219999997301 1507
0.00022474199999988898 1506
0.0002247729999997894 1507
0.00022486200000004786 1506
0.0002248909999997828 1507
0.0002249499999997795 1508
0.00022498199999976265 1507
0.00022510199999992153 1506
0.0002252220000000804 1505
0.00022527899999991163 1504
0.00022533599999974285 1503
0.00022537099999997423 1504
0.00022545599999990174 1503
0.0002255500000001298 1504
0.00022557600000006062 1503
0.0002256959999997754 1502
0.00022572700000011992 1503
0.0002258159999999343 1502
0.00022593600000009317 1501
0.0002259460000000324 1502
0.00022598799999995478 1503
0.0002260099999999987 1504
0.00022605599999980797 1503
0.00022617599999996685 1502
0.00022626800000002945 1503
0.00022629600000012573 1502
0.0002263380000000481 1503
0.00022635299999995695 1502
0.00022638799999974424 1503
0.00022640899999970543 1504
0.00022647300000011583 1503
0.00022659299999983062 1502
0.0002267129999999895 1501
0.0002267479999997768 1502
0.0002268329999997043 1501
0.00022685300000002684 1502
0.00022695299999986318 1501
0.0002270360000000693 1502
0.00022707300000002206 1501
0.0002271729999998584 1502
0.00022719299999973686 1501
0.00022731299999989574 1500
0.00022743300000005462 1499
0.0002275529999997694 1498
0.0002275670000000396 1499
0.0002276729999999283 1498
0.00022779200000000444 1499
0.00022779300000008718 1498
0.00022791299999980197 1497
0.00022803299999996085 1496
0.00022815300000011973 1495
0.00022827299999983452 1494
0.0002283929999999934 1493
0.0002285129999997082 1492
0.00022863299999986708 1491
0.00022872899999981655 1492
0.00022875300000002596 1491
0.00022887299999974076 1490
0.00022899299999989964 1489
0.00022911300000005852 1488
0.0002292329999997733 1487
0.0002293529999999322 1486
0.0002294709999999256 1487
0.00022947300000009108 1486
0.00022959299999980587 1485
0.00022971299999996475 1484
0.00022983300000012363 1483
0.00022995199999975569 1484
0.00022995299999983843 1483
0.0002299830000001002 1484
0.0002300729999999973 1483
0.0002301929999997121 1482
0.00023031299999987098 1481
0.00023043300000002986 1480
0.0002304409999998036 1481
0.00023045599999971245 1482
0.00023048999999986108 1481
0.00023061000000001997 1480
0.00023068600000009098 1481
0.00023072999999973476 1480
0.00023079300000006242 1481
0.00023083100000009793 1482
0.00023084999999989364 1481
0.00023097000000005252 1480
0.00023108999999976731 1479
0.0002312099999999262 1478
0.00023133000000008508 1477
0.00023144999999979987 1476
0.00023156999999995875 1475
0.00023169000000011764 1474
0.00023180999999983243 1473
0.0002319299999999913 1472
0.0002320499999997061 1471
0.00023216999999986498 1470
0.00023229000000002387 1469
0.00023230100000004583 1470
0.00023240999999973866 1469
0.00023252999999989754 1468
0.00023265000000005642 1467
0.00023266299999979978 1468
0.00023276999999977122 1467
0.0002328899999999301 1466
0.00023294699999976132 1465
0.0002330669999999202 1464
0.0002331380000000216 1465
0.00023318700000007908 1464
0.00023330699999979387 1463
0.00023342699999995276 1462
0.00023354700000011164 1461
0.00023362299999973857 1462
0.00023366699999982643 1461
0.0002337679999997455 1462
0.0002337869999999853 1461
0.0002339070000001442 1460
0.000234026999999859 1459
0.00023403799999988095 1460
0.00023414700000001787 1459
0.00023426699999973266 1458
0.00023436800000009583 1459
0.00023438699999989154 1458
0.00023450700000005043 1457
0.00023462699999976522 1456
0.00023470299999983624 1457
0.0002347469999999241 1456
0.00023486700000008298 1455
0.00023498699999979777 1454
0.0002350629999998688 1455
0.00023510699999995666 1454
0.00023522700000011554 1453
0.00023534699999983033 1452
0.00023540400000010564 1451
0.00023541799999993174 1452
0.00023552399999982043 1451
0.00023564399999997931 1450
0.0002357640000001382 1449
0.00023583499999979551 1450
0.000235883999999853 1449
0.000235959999999924 1450
0.00023600400000001187 1449
0.00023612399999972666 1448
0.00023622699999981123 1449
0.00023624399999988555 1448
0.00023630099999971677 1447
0.00023642099999987565 1446
0.00023654100000003453 1445
0.00023666099999974932 1444
0.00023668499999995873 1445
0.0002367809999999082 1444
0.00023690100000006709 1443
0.00023702099999978188 1442
0.0002370449999999913 1443
0.00023714099999994076 1442
0.00023715800000001508 1443
0.00023726100000009964 1442
0.00023738099999981443 1441
0.00023750099999997332 1440
0.0002376210000001322 1439
0.000237740999999847 1438
0.00023786100000000587 1437
0.00023798099999972067 1436
0.00023810099999987955 1435
0.00023822100000003843 1434
0.00023830200000007906 1435
0.00023834099999975322 1434
0.0002384609999999121 1433
0.00023858100000007099 1432
0.00023866200000011162 1433
0.00023870099999978578 1432
0.00023882099999994466 1431
0.00023894100000010354 1430
0.00023906099999981834 1429
0.00023911800000009364 1428
0.00023923799999980844 1427
0.00023935099999983223 1428
0.00023935799999996732 1427
0.0002394469999997817 1428
0.0002394780000001262 1427
0.000239597999999841 1426
0.0002396689999999424 1427
0.00023971799999999988 1426
0.00023983799999971467 1425
0.00023995799999987355 1424
0.00024007800000003243 1423
0.0002400959999997454 1424
0.00024019799999974722 1423
0.0002403179999999061 1422
0.000240438000000065 1421
0.00024044900000008695 1422
0.00024055799999977978 1421
0.00024067799999993866 1420
0.00024079800000009755 1419
0.00024091799999981234 1418
0.00024099199999971788 1419
0.00024103799999997122 1418
0.0002411580000001301 1417
0.0002412779999998449 1416
0.00024135899999988553 1417
0.00024139800000000378 1416
0.00024151799999971857 1415
0.00024163799999987745 1414
0.0002416510000000649 1415
0.00024175800000003633 1414
0.00024187799999975113 1413
0.00024199799999991 1412
0.0002421180000000689 1411
0.00024223799999978368 1410
0.00024235799999994256 1409
0.00024247800000010145 1408
0.00024259799999981624 1407
0.00024271799999997512 1406
0.000242838000000134 1405
0.0002429579999998488 1404
0.00024307800000000768 1403
0.00024319799999972247 1402
0.00024331799999988135 1401
0.00024343800000004023 1400
0.00024355799999975503 1399
0.0002436779999999139 1398
0.0002437980000000728 1397
0.00024391799999978758 1396
0.00024403799999994646 1395
0.00024415800000010535 1394
0.00024427799999982014 1393
0.000244397999999979 1392
0.0002445180000001379 1391
0.0002446379999998527 1390
0.0002447580000000116 1389
0.00024487799999972637 1388
0.00024499799999988525 1387
0.00024511800000004413 1386
0.0002452379999997589 1385
0.0002453579999999178 1384
0.00024541499999974903 1383
0.0002455349999999079 1382
0.0002456550000000668 1381
0.0002457749999997816 1380
0.0002458110000000957 1381
0.0002458320000000569 1380
0.0002459519999997717 1379
0.00024607199999993057 1378
0.00024619200000008945 1377
0.00024631199999980424 1376
0.0002464319999999631 1375
0.000246552000000122 1374
0.0002466719999998368 1373
0.0002467919999999957 1372
0.0002468489999998269 1371
0.0002468680000000667 1372
0.0002469689999999858 1371
0.0002470889999997006 1370
0.00024720899999985946 1369
0.00024726600000013477 1368
0.00024738599999984956 1367
0.00024750600000000844 1366
0.00024762599999972323 1365
0.0002477459999998821 1364
0.000247866000000041 1363
0.0002479859999997558 1362
0.00024810599999991467 1361
0.00024822600000007355 1360
0.0002482999999999791 1361
0.00024834599999978835 1360
0.00024846599999994723 1359
0.0002485860000001061 1358
0.0002487059999998209 1357
0.0002488259999999798 1356
0.0002488430000000541 1357
0.00024894600000013867 1356
0.00024906599999985346 1355
0.0002491000000000021 1356
0.00024918600000001234 1355
0.00024930599999972713 1354
0.000249425999999886 1353
0.0002495460000000449 1352
0.0002496549999997377 1353
0.0002496659999997597 1352
0.0002497859999999186 1351
0.00024987999999970256 1352
0.00024990600000007746 1351
0.00025002599999979225 1350
0.0002500300000001232 1351
0.00025014599999995113 1350
0.00025026600000011 1349
0.0002503859999998248 1348
0.0002504819999997743 1349
0.0002505059999999837 1348
0.00025062600000014257 1347
0.0002506429999997728 1348
0.00025074599999985736 1347
0.0002508080000001023 1348
0.00025086600000001624 1347
0.00025098599999973104 1346
0.0002511059999998899 1345
0.0002512260000000488 1344
0.00025123700000007076 1345
0.0002513459999997636 1344
0.0002514659999999225 1343
0.00025158600000008136 1342
0.00025170599999979615 1341
0.0002517310000000883 1342
0.00025182599999995503 1341
0.0002519460000001139 1340
0.0002520499999998371 1341
0.0002520659999998287 1340
0.0002521859999999876 1339
0.0002523059999997024 1338
0.00025242599999986126 1337
0.00025247799999972287 1338
0.00025254600000002014 1337
0.00025266599999973494 1336
0.0002527859999998938 1335
0.0002529060000000527 1334
0.00025298700000009333 1335
0.0002530259999997675 1334
0.0002531459999999264 1333
0.000253226999999967 1334
0.00025326600000008526 1333
0.00025338599999980005 1332
0.00025350599999995893 1331
0.0002536260000001178 1330
0.00025363399999989156 1331
0.00025368299999994903 1330
0.00025375199999988496 1331
0.0002538030000001079 1330
0.0002539229999998227 1329
0.0002540429999999816 1328
0.00025416300000014047 1327
0.00025428299999985526 1326
0.00025430599999998194 1327
0.00025440300000001415 1326
0.00025441500000011885 1327
0.00025442899999994495 1328
0.00025452299999972894 1327
0.00025458000000000425 1326
0.00025465600000007527 1327
0.00025469999999971904 1326
0.0002548199999998779 1325
0.0002548309999998999 1326
0.00025487699999970914 1325
0.000254996999999868 1324
0.0002550409999999559 1325
0.0002551170000000269 1324
0.0002552369999997417 1323
0.0002553569999999006 1322
0.00025547700000005946 1321
0.00025559699999977425 1320
0.00025571699999993314 1319
0.000255837000000092 1318
0.0002559569999998068 1317
0.00025604499999998254 1318
0.0002560769999999657 1317
0.0002561970000001246 1316
0.00025631699999983937 1315
0.00025643699999999825 1314
0.0002564499999997416 1315
0.00025655699999971304 1314
0.0002566769999998719 1313
0.0002567970000000308 1312
0.0002569169999997456 1311
0.0002570369999999045 1310
0.0002570939999997357 1309
0.0002572139999998946 1308
0.00025733400000005346 1307
0.00025745399999976826 1306
0.00025757399999992714 1305
0.0002576809999998986 1306
0.000257694000000086 1305
0.0002578139999998008 1304
0.0002579339999999597 1303
0.000257957999999725 1304
0.00025800399999997836 1305
0.0002580540000001186 1304
0.00025817399999983337 1303
0.00025829399999999225 1302
0.00025841399999970704 1301
0.0002585339999998659 1300
0.0002586540000000248 1299
0.0002587739999997396 1298
0.0002588939999998985 1297
0.00025901400000005737 1296
0.00025913399999977216 1295
0.00025925399999993104 1294
0.0002593740000000899 1293
0.000259387999999916 1294
0.0002594939999998047 1293
0.0002596139999999636 1292
0.0002596379999997289 1293
0.0002597340000001225 1292
0.00025985399999983727 1291
0.00025997399999999615 1290
0.00026009399999971095 1289
0.00026011799999992036 1290
0.00026021399999986983 1289
0.00026023099999994415 1290
0.0002603340000000287 1289
0.0002604539999997435 1288
0.0002605739999999024 1287
0.00026069400000006127 1286
0.00026081399999977606 1285
0.0002608569999997812 1286
0.00026093399999993494 1285
0.0002610540000000938 1284
0.0002611739999998086 1283
0.0002612939999999675 1282
0.0002614140000001264 1281
0.00026153399999984117 1280
0.00026165400000000005 1279
0.00026177399999971485 1278
0.00026189399999987373 1277
0.0002620140000000326 1276
0.0002621339999997474 1275
0.0002622539999999063 1274
0.00026237400000006517 1273
0.00026249399999977996 1272
0.00026261399999993884 1271
0.0002627340000000977 1270
0.0002628539999998125 1269
0.0002629739999999714 1268
0.0002630940000001303 1267
0.00026321399999984507 1266
0.0002632710000001204 1265
0.0002633909999998352 1264
0.00026340199999985714 1265
0.00026351099999999406 1264
0.00026363099999970885 1263
0.00026375099999986773 1262
0.0002638710000000266 1261
0.0002639909999997414 1260
0.0002641109999999003 1259
0.00026423100000005917 1258
0.0002642879999998904 1257
0.00026440800000004927 1256
0.00026452799999976406 1255
0.00026464799999992294 1254
0.00026470499999975416 1253
0.00026482499999991305 1252
0.00026494500000007193 1251
0.0002650649999997867 1250
0.00026513900000013635 1251
0.0002651849999999456 1250
0.0002653050000001045 1249
0.0002654249999998193 1248
0.00026554499999997816 1247
0.00026566500000013704 1246
0.00026578499999985183 1245
0.0002659050000000107 1244
0.0002660249999997255 1243
0.0002661449999998844 1242
0.00026626500000004327 1241
0.00026638499999975807 1240
0.0002664420000000334 1239
0.00026656199999974817 1238
0.00026668199999990705 1237
0.00026680200000006593 1236
0.0002669219999997807 1235
0.0002670419999999396 1234
0.0002671620000000985 1233
0.0002672819999998133 1232
0.00026739700000000255 1233
0.00026740199999997216 1232
0.00026752200000013104 1231
0.00026764199999984584 1230
0.0002677620000000047 1229
0.0002678819999997195 1228
0.0002680019999998784 1227
0.0002681220000000373 1226
0.0002681789999998685 1225
0.0002682990000000274 1224
0.00026841899999974217 1223
0.00026853899999990105 1222
0.00026865900000005993 1221
0.0002687789999997747 1220
0.0002688989999999336 1219
0.0002690190000000925 1218
0.0002691389999998073 1217
0.00026925899999996616 1216
0.00026937900000012505 1215
0.00026949899999983984 1214
0.0002696189999999987 1213
0.0002697389999997135 1212
0.0002698589999998724 1211
0.0002699790000000313 1210
0.00027009899999974607 1209
0.0002701560000000214 1208
0.00027027599999973617 1207
0.00027031999999982403 1208
0.00027039599999989505 1207
0.00027051600000005394 1206
0.00027063599999976873 1205
0.0002706660000000305 1206
0.0002707559999999276 1205
0.0002708760000000865 1204
0.0002709959999998013 1203
0.00027111599999996017 1202
0.00027123600000011905 1201
0.00027129299999995027 1200
0.00027141300000010915 1199
0.00027153299999982394 1198
0.0002716529999999828 1197
0.0002717730000001417 1196
0.0002718929999998565 1195
0.0002720130000000154 1194
0.0002721329999997302 1193
0.00027225299999988906 1192
0.00027237300000004794 1191
0.00027249299999976273 1190
0.0002726129999999216 1189
0.0002727330000000805 1188
0.0002728529999997953 1187
0.00027297299999995417 1186
0.00027309300000011305 1185
0.00027321299999982784 1184
0.0002733329999999867 1183
0.0002734529999997015 1182
0.0002735729999998604 1181
0.0002736930000000193 1180
0.0002738129999997341 1179
0.0002738700000000094 1178
0.0002738870000000837 1179
0.0002739269999998406 1178
0.0002740469999999995 1177
0.0002741669999997143 1176
0.00027428699999987316 1175
0.00027440700000003204 1174
0.00027452699999974683 1173
0.0002746469999999057 1172
0.00027470399999973694 1171
0.0002748239999998958 1170
0.0002749440000000547 1169
0.0002750639999997695 1168
0.0002751839999999284 1167
0.00027521399999974605 1168
0.00027530400000008726 1167
0.00027532699999976984 1168
0.00027542399999980205 1167
0.00027554399999996093 1166
0.0002756640000001198 1165
0.0002757839999998346 1164
0.0002759039999999935 1163
0.0002760239999997083 1162
0.00027614399999986716 1161
0.00027626400000002604 1160
0.00027638399999974084 1159
0.0002765039999998997 1158
0.0002766240000000586 1157
0.0002767439999997734 1156
0.0002768639999999323 1155
0.00027698400000009116 1154
0.00027710399999980595 1153
0.00027722399999996483 1152
0.0002773440000001237 1151
0.0002774639999998385 1150
0.0002775839999999974 1149
0.00027762800000008525 1150
0.0002776409999998286 1149
0.0002777609999999875 1148
0.0002778809999997023 1147
0.00027800099999986116 1146
0.00027812100000002005 1145
0.00027824099999973484 1144
0.0002783609999998937 1143
0.0002784810000000526 1142
0.0002786009999997674 1141
0.0002787209999999263 1140
0.0002787779999997575 1139
0.0002788979999999164 1138
0.00027897799999987427 1139
0.00027901800000007526 1138
0.00027913799999979005 1137
0.00027925799999994894 1136
0.0002793780000001078 1135
0.0002794979999998226 1134
0.0002795550000000979 1133
0.00027961199999992914 1132
0.000279732000000088 1131
0.00027978899999991924 1130
0.0002799090000000781 1129
0.0002800289999997929 1128
0.0002801489999999518 1127
0.0002802690000001107 1126
0.00028038899999982547 1125
0.00028050899999998435 1124
0.0002806159999999558 1125
0.00028062900000014324 1124
0.00028074899999985803 1123
0.0002808690000000169 1122
0.0002809889999997317 1121
0.0002811089999998906 1120
0.00028122900000004947 1119
0.00028134899999976426 1118
0.0002813989999999045 1119
0.00028146899999992314 1118
0.000281589000000082 1117
0.00028168600000011423 1118
0.0002817089999997968 1117
0.0002818289999999557 1116
0.0002819490000001146 1115
0.00028206899999982937 1114
0.00028214899999978726 1115
0.00028218899999998825 1114
0.00028230899999970305 1113
0.00028242899999986193 1112
0.0002825490000000208 1111
0.0002826289999999787 1112
0.0002826689999997356 1111
0.0002827889999998945 1110
0.00028290900000005337 1109
0.0002829659999998846 1108
0.00028308600000004347 1107
0.00028320599999975826 1106
0.00028332599999991714 1105
0.000283446000000076 1104
0.0002835659999997908 1103
0.0002836859999999497 1102
0.0002838060000001086 1101
0.0002838629999999398 1100
0.0002839830000000987 1099
0.0002841029999998135 1098
0.00028422299999997236 1097
0.00028434300000013124 1096
0.00028446299999984603 1095
0.0002845830000000049 1094
0.0002847029999997197 1093
0.0002848229999998786 1092
0.00028494300000003747 1091
0.00028506299999975226 1090
0.00028518299999991115 1089
0.00028523999999974237 1088
0.00028535999999990125 1087
0.00028548000000006013 1086
0.0002855999999997749 1085
0.00028565700000005023 1084
0.000285776999999765 1083
0.0002858969999999239 1082
0.0002860170000000828 1081
0.000286073999999914 1080
0.0002861940000000729 1079
0.0002863139999997877 1078
0.00028643399999994656 1077
0.0002864909999997778 1076
0.00028661099999993667 1075
0.00028673100000009555 1074
0.00028678799999992677 1073
0.00028690800000008565 1072
0.00028702799999980044 1071
0.00028705699999997947 1072
0.0002871479999999593 1071
0.0002872680000001182 1070
0.000287387999999833 1069
0.0002875079999999919 1068
0.0002875649999998231 1067
0.000287684999999982 1066
0.0002877419999998132 1065
0.0002878619999999721 1064
0.00028798200000013097 1063
0.0002880389999999622 1062
0.00028815900000012107 1061
0.00028819399999990836 1062
0.0002882159999999523 1061
0.00028833600000011117 1060
0.00028845599999982596 1059
0.00028857599999998484 1058
0.0002886740000000998 1059
0.0002886960000001437 1058
0.0002888159999998585 1057
0.0002889360000000174 1056
0.0002890559999997322 1055
0.0002891759999998911 1054
0.00028929600000004996 1053
0.00028941599999976475 1052
0.00028953599999992363 1051
0.0002896560000000825 1050
0.0002897759999997973 1049
0.0002898330000000726 1048
0.00028987399999991226 1049
0.0002899529999997874 1048
0.0002900729999999463 1047
0.00029019300000010517 1046
0.00029031299999981997 1045
0.0002903700000000953 1044
0.00029048999999981007 1043
0.00029060999999996895 1042
0.00029066699999980017 1041
0.00029078699999995905 1040
0.00029090700000011793 1039
0.0002910269999998327 1038
0.0002911469999999916 1037
0.0002912669999997064 1036
0.0002913869999998653 1035
0.00029150700000002416 1034
0.00029162699999973896 1033
0.0002916680000000227 1034
0.00029174699999989784 1033
0.0002918670000000567 1032
0.0002919869999997715 1031
0.0002921069999999304 1030
0.0002922270000000893 1029
0.00029234699999980407 1028
0.0002923880000000878 1029
0.00029246699999996295 1028
0.00029258700000012183 1027
0.0002927069999998366 1026
0.0002928269999999955 1025
0.00029292500000011046 1026
0.0002929469999997103 1025
0.0002930669999998692 1024
0.00029318700000002806 1023
0.00029330699999974286 1022
0.00029342699999990174 1021
0.0002935470000000606 1020
0.0002936669999997754 1019
0.0002937869999999343 1018
0.0002939070000000932 1017
0.00029402699999980797 1016
0.00029414699999996685 1015
0.0002942329999999771 1016
0.00029426700000012573 1015
0.0002943869999998405 1014
0.0002945069999999994 1013
0.0002946269999997142 1012
0.0002947469999998731 1011
0.00029486700000003196 1010
0.00029498699999974676 1009
0.00029510699999990564 1008
0.0002952270000000645 1007
0.0002953469999997793 1006
0.0002954669999999382 1005
0.0002955870000000971 1004
0.00029570699999981187 1003
0.00029582699999997075 1002
0.00029594700000012963 1001
0.00029600399999996085 1000
0.00029612400000011974 999
0.00029624399999983453 998
0.00029626099999990885 999
0.0002963639999999934 998
0.00029638100000006773 999
0.0002964839999997082 998
0.0002966039999998671 997
0.00029672400000002597 996
0.0002967410000001003 997
0.0002967809999998572 996
0.0002968609999998151 997
0.00029690100000001607 996
0.00029702099999973086 995
0.00029707800000000617 994
0.00029709199999983227 995
0.00029719799999972096 994
0.00029731799999987985 993
0.00029737499999971106 992
0.00029749499999986995 991
0.00029761500000002883 990
0.0002977349999997436 989
0.00029779200000001893 988
0.00029784899999985015 987
0.00029796900000000903 986
0.0002980889999997238 985
0.00029814599999999913 984
0.0002982659999997139 983
0.00029832299999998924 982
0.00029844299999970403 981
0.0002985629999998629 980
0.00029859200000004193 981
0.0002986830000000218 980
0.0002988029999997366 979
0.00029892299999989547 978
0.0002990419999999716 979
0.00029904300000005435 978
0.00029916299999976914 977
0.000299282999999928 976
0.0002994030000000869 975
0.0002995229999998017 974
0.0002996429999999606 973
0.00029976300000011946 972
0.00029988299999983425 971
0.00030000299999999314 970
0.00030005999999982436 969
0.0003000799999997028 970
0.00030011700000009967 969
0.00030023699999981446 968
0.00030035699999997334 967
0.00030039199999976063 968
0.0003004770000001322 967
0.000300596999999847 966
0.0003007170000000059 965
0.0003007739999998371 964
0.000300893999999996 963
0.0003010139999997108 962
0.00030113399999986967 961
0.0003011909999997009 960
0.0003013109999998598 959
0.00030143100000001866 958
0.00030155099999973345 957
0.00030167099999989233 956
0.0003017910000000512 955
0.00030183199999989085 956
0.000301910999999766 955
0.00030198799999991977 956
0.0003020309999999249 955
0.00030215100000008377 954
0.000302207999999915 953
0.00030232800000007387 952
0.0003023849999999051 951
0.00030250500000006397 950
0.00030262499999977877 949
0.00030274499999993765 948
0.00030280199999976887 947
0.00030292199999992775 946
0.0003029419999998062 947
0.00030304200000008663 946
0.0003031619999998014 945
0.0003032819999999603 944
0.0003034020000001192 943
0.000303521999999834 942
0.00030364199999999286 941
0.00030376199999970765 940
0.00030388199999986654 939
0.0003040020000000254 938
0.0003041219999997402 937
0.0003042419999998991 936
0.000304362000000058 935
0.00030448199999977277 934
0.0003045230000000565 935
0.00030460199999993165 934
0.00030463499999999755 935
0.00030464899999982364 936
0.00030472200000009053 935
0.0003048419999998053 934
0.00030487299999970574 935
0.00030489900000008063 934
0.0003050189999997954 933
0.0003051389999999543 932
0.00030519599999978553 931
0.0003053159999999444 930
0.0003054360000001033 929
0.0003054929999999345 928
0.0003056130000000934 927
0.0003057329999998082 926
0.0003057900000000835 925
0.0003059099999997983 924
0.00030602999999995717 923
0.00030615000000011605 922
0.0003061579999998898 923
0.00030626999999983084 922
0.0003063899999999897 921
0.0003065099999997045 920
0.0003066299999998634 919
0.00030672799999997835 920
0.0003067500000000223 919
0.0003068699999997371 918
0.000306967999999852 919
0.00030698999999989596 918
0.00030711000000005484 917
0.00030722999999976963 916
0.0003073499999999285 915
0.0003074700000000874 914
0.0003075899999998022 913
0.00030770999999996107 912
0.00030781300000004563 913
0.00030783000000011995 912
0.0003079370000000914 913
0.00030794999999983474 912
0.0003080699999999936 911
0.0003081899999997084 910
0.0003083099999998673 909
0.0003084300000000262 908
0.000308549999999741 907
0.00030866999999989986 906
0.00030879000000005874 905
0.00030890999999977353 904
0.00030896700000004884 903
0.0003090079999998885 904
0.00030908699999976363 903
0.0003092069999999225 902
0.00030926399999975374 901
0.00030935599999981633 902
0.0003093839999999126 901
0.0003095040000000715 900
0.0003096239999997863 899
0.0003097369999998101 900
0.0003097439999999452 899
0.00030986400000010406 898
0.0003099500000001143 899
0.00030998399999981885 898
0.00031010399999997773 897
0.00031020799999970095 898
0.00031022199999997113 899
0.0003102240000001366 898
0.00031030300000001176 899
0.0003103439999998514 898
0.0003104640000000103 897
0.00031050800000009815 898
0.0003105839999997251 897
0.00031070399999988396 896
0.00031082400000004284 895
0.00031094399999975764 894
0.0003109669999998843 895
0.0003110639999999165 894
0.0003111840000000754 893
0.0003113039999997902 892
0.00031132699999991686 893
0.0003114239999999491 892
0.00031154400000010796 891
0.00031166399999982275 890
0.00031178399999998163 889
0.0003118070000001083 890
0.0003119040000001405 889
0.0003120239999998553 888
0.0003121440000000142 887
0.000312263999999729 886
0.00031238399999988786 885
0.00031248499999980694 886
0.00031250400000004674 885
0.00031256099999987796 884
0.0003126179999997092 883
0.0003127250000001247 884
0.00031273799999986807 883
0.00031285800000002695 882
0.00031297799999974174 881
0.0003130580000001437 882
0.0003130979999999006 881
0.0003132180000000595 880
0.0003133379999997743 879
0.0003133549999998486 880
0.0003134579999999332 879
0.00031357800000009206 878
0.00031369799999980685 877
0.00031371499999988117 878
0.00031381799999996574 877
0.0003139380000001246 876
0.0003139819999997684 877
0.0003140579999998394 876
0.0003141779999999983 875
0.0003141950000000726 876
0.0003142349999998295 875
0.0003143149999997874 876
0.0003143549999999884 875
0.0003144749999997032 874
0.00031459499999986207 873
0.00031471500000002095 872
0.00031477199999985217 871
0.00031489200000001105 870
0.00031501199999972584 869
0.0003151319999998847 868
0.0003152520000000436 867
0.0003152749999997262 868
0.0003153719999997584 867
0.00031539499999988507 868
0.0003154290000000337 867
0.00031548599999986493 866
0.0003156060000000238 865
0.00031563499999975875 866
0.00031566299999985503 865
0.00031575499999991763 866
0.0003157830000000139 865
0.0003159029999997287 864
0.000315960000000004 863
0.0003159949999997913 864
0.0003160799999997188 863
0.0003161149999999502 864
0.0003161999999998777 863
0.0003162569999997089 862
0.0003163769999998678 861
0.0003164970000000267 860
0.00031653199999981396 861
0.00031661699999974147 860
0.00031670899999980406 861
0.00031673699999990035 860
0.00031685700000005923 859
0.00031694900000012183 860
0.000316976999999774 859
0.00031703400000004933 858
0.0003171539999997641 857
0.000317273999999923 856
0.0003173089999997103 857
0.0003173940000000819 856
0.0003175139999997967 855
0.00031754900000002806 856
0.00031763399999995556 855
0.0003176909999997868 854
0.00031778899999990173 855
0.00031781099999994566 854
0.0003178679999997769 853
0.0003179090000000606 854
0.00031798799999993577 853
0.0003180289999997754 854
0.00031810800000009465 853
0.0003181489999999343 854
0.00031822799999980944 853
0.00031826900000009317 854
0.0003183479999999683 853
0.00031838899999980796 854
0.0003184680000001272 853
0.00031850899999996685 854
0.000318587999999842 853
0.00031862900000012573 854
0.0003187080000000009 853
0.0003187649999998321 852
0.0003188689999999994 853
0.000318884999999991 852
0.0003189419999998222 851
0.0003190619999999811 850
0.0003191089999998731 851
0.0003191189999998123 850
0.0003192389999999712 849
0.00031934899999974675 850
0.00031935900000013007 849
0.00031946899999990563 850
0.00031947899999984486 849
0.0003194899999998668 850
0.0003195890000000645 851
0.00031959900000000374 850
0.00031971899999971853 849
0.00031977599999999384 848
0.0003198289999999382 849
0.00031989599999970864 848
0.0003200159999998675 847
0.0003200629999997595 848
0.0003200730000001428 847
0.0003201929999998576 846
0.0003203030000000773 847
0.0003203130000000165 846
0.00032042299999979207 847
0.0003204329999997313 846
0.00032054299999995095 847
0.0003205529999998902 846
0.00032066300000010983 847
0.00032067300000004906 846
0.00032079299999976385 845
0.0003208350000001303 846
0.0003209029999999835 847
0.00032091299999992273 846
0.0003210230000001424 847
0.0003210330000000816 846
0.00032108999999991283 845
0.0003211429999998572 846
0.00032114699999974405 845
0.00032126300000001606 846
0.00032126699999990294 845
0.00032138299999973086 846
0.0003213870000000618 845
0.00032150299999988974 846
0.0003215069999997766 845
0.0003215640000000519 844
0.00032167999999987984 845
0.0003216839999997667 844
0.0003218000000000387 845
0.0003218039999999256 844
0.0003219240000000845 843
0.0003220399999999124 844
0.00032204399999979927 843
0.00032216399999995815 842
0.0003222169999999025 843
0.00032222099999978937 842
0.0003223370000000614 843
0.00032234099999994825 842
0.0003223609999998267 843
0.00032246100000010713 842
0.00032251799999993835 841
0.00032257699999993505 842
0.00032263800000009724 841
0.00032269700000009394 842
0.00032275799999981203 841
0.0003228779999999709 840
0.00032293099999991526 841
0.0003229980000001298 840
0.00032310799999990536 841
0.0003231179999998446 840
0.00032323800000000347 839
0.00032335799999971826 838
0.00032340500000005434 839
0.00032347799999987714 838
0.00032352499999976914 839
0.000323598000000036 838
0.00032370199999975924 839
0.0003237179999997508 838
0.0003238379999999097 837
0.000323942000000077 838
0.0003239580000000686 837
0.0003240619999997918 838
0.00032407799999978337 837
0.0003241350000000587 836
0.0003241819999999507 837
0.0003242549999997735 836
0.00032430200000010956 837
0.00032437499999993236 836
0.00032438200000006745 837
0.00032447900000009966 838
0.00032449500000009124 837
0.00032455199999992246 836
0.00032467200000008134 835
0.00032479199999979613 834
0.00032484900000007144 833
0.00032496899999978623 832
0.0003250889999999451 831
0.0003251359999998371 832
0.000325209000000104 831
0.0003253129999998272 832
0.0003253289999998188 831
0.0003254329999999861 832
0.00032544899999997767 831
0.00032551899999999634 832
0.0003255529999997009 833
0.00032556900000013655 832
0.00032567299999985977 833
0.00032568899999985135 832
0.00032579300000001865 833
0.00032580900000001023 832
0.00032591299999973344 833
0.000325928999999725 832
0.0003260329999998923 833
0.0003260489999998839 832
0.0003261690000000428 831
0.00032620999999988243 832
0.0003262820000000666 833
0.0003262889999997576 832
0.00032638699999987253 833
0.00032640899999991646 832
0.00032652900000007534 831
0.00032656399999986263 832
0.00032657899999977147 833
0.00032664899999979014 832
0.0003266840000000215 833
0.000326768999999949 832
0.0003268039999997363 833
0.0003268890000001079 832
0.0003269239999998952 833
0.00032695099999990873 834
0.0003270089999998227 833
0.0003271289999999816 832
0.00032724900000014046 831
0.00032734099999975896 832
0.00032736899999985525 831
0.00032742600000013056 830
0.00032751799999974907 831
0.00032754599999984535 830
0.0003275540000000632 831
0.00032763799999990795 832
0.00032766600000000423 831
0.000327785999999719 830
0.0003279059999998779 829
0.0003279979999999405 830
0.0003280260000000368 829
0.0003281459999997516 828
0.0003282379999998142 829
0.00032826599999991046 828
0.0003283729999998819 829
0.00032838600000006934 828
0.00032850599999978414 827
0.0003285919999997944 828
0.000328625999999943 827
0.0003287460000001019 826
0.00032883200000011215 827
0.00032885300000007334 828
0.0003288659999998167 827
0.00032897299999978813 828
0.0003289859999999756 827
0.00032910600000013446 826
0.00032922599999984925 825
0.0003292489999999759 826
0.0003292699999999371 827
0.00032934600000000813 826
0.000329390000000096 827
0.0003294659999997229 826
0.0003294889999998496 827
0.0003295859999998818 826
0.0003296659999998397 827
0.0003297060000000407 826
0.0003297859999999986 827
0.0003298259999997555 826
0.00032994599999991436 825
0.00033006600000007325 824
0.0003300829999997035 825
0.00033018599999978804 824
0.0003303059999999469 823
0.00033032300000002124 824
0.00033036299999977814 823
0.00033044299999973603 824
0.000330482999999937 823
0.0003305629999998949 824
0.0003306030000000959 823
0.0003307229999998107 822
0.0003308429999999696 821
0.00033092299999992747 822
0.00033096300000012846 821
0.00033104300000008635 822
0.00033108299999984325 821
0.00033116299999980114 822
0.00033120300000000213 821
0.00033132299999971693 820
0.0003314240000000801 821
0.0003314429999998758 820
0.0003315630000000347 819
0.000331580000000109 820
0.0003316829999997495 819
0.0003316909999999673 820
0.00033180299999990837 819
0.00033192300000006725 818
0.00033197999999989847 817
0.00033210000000005735 816
0.00033211700000013167 817
0.00033221999999977214 816
0.00033229400000012177 817
0.000332339999999931 816
0.0003324600000000899 815
0.0003325799999998047 814
0.00033265399999971024 815
0.0003326809999997238 816
0.0003326999999999636 815
0.00033282000000012246 814
0.000332894000000028 815
0.00033293999999983726 814
0.0003330139999997428 815
0.00033305999999999614 814
0.0003331339999999017 815
0.00033317999999971093 814
0.00033325400000006056 815
0.0003332999999998698 814
0.00033337399999977535 815
0.0003334200000000287 814
0.00033349399999993423 815
0.0003335399999997435 814
0.0003336140000000931 815
0.00033365999999990237 814
0.0003337339999998079 815
0.00033378000000006125 814
0.00033388099999998033 815
0.00033389999999977604 814
0.00033397400000012567 815
0.0003340199999999349 814
0.00033409399999984046 815
0.0003341400000000938 814
0.0003342599999998086 813
0.00033433399999971414 814
0.0003343799999999675 813
0.0003344369999997987 812
0.000334453999999873 813
0.000334494000000074 812
0.00033455099999990523 811
0.0003345740000000319 812
0.0003346710000000641 811
0.0003346939999997467 812
0.0003347909999997789 811
0.0003348709999997368 812
0.0003349109999999378 811
0.0003349909999998957 812
0.00033503100000009667 811
0.00033515099999981146 810
0.00033523099999976935 811
0.00033527099999997034 810
0.00033535099999992823 811
0.0003353779999999418 812
0.0003353910000001292 811
0.0003354710000000871 812
0.000335510999999844 811
0.0003355909999998019 812
0.0003356310000000029 811
0.0003357509999997177 810
0.0003358709999998766 809
0.00033595099999983447 810
0.00033599100000003546 809
0.00033611099999975025 808
0.00033619099999970814 809
0.00033623099999990913 808
0.00033628799999974035 807
0.00033640799999989923 806
0.0003364310000000259 807
0.0003365280000000581 806
0.00033657799999975424 807
0.0003366479999997729 806
0.0003366709999998996 807
0.0003367679999999318 806
0.00033679100000005846 807
0.00033688800000009067 806
0.00033691099999977325 807
0.00033700799999980546 806
0.00033703099999993213 807
0.00033712799999996435 806
0.000337151000000091 807
0.0003372349999999358 808
0.0003372480000001232 807
0.000337367999999838 806
0.0003373909999999647 807
0.0003374879999999969 806
0.0003375110000001236 807
0.0003376079999997117 806
0.0003377279999998706 805
0.0003377849999997018 804
0.0003379049999998607 803
0.00033792799999998735 804
0.00033802500000001956 803
0.00033804799999970214 804
0.0003380749999997157 805
0.00033814499999973435 804
0.000338167999999861 805
0.00033826499999989323 804
0.0003382880000000199 805
0.0003383850000000521 804
0.0003384079999997347 805
0.0003385049999997669 804
0.0003385279999998936 805
0.0003386249999999258 804
0.00033864800000005246 805
0.00033874500000008467 804
0.00033876799999976726 805
0.00033886499999979947 804
0.00033888799999992614 805
0.00033898499999995835 804
0.00033910500000011723 803
0.0003391279999997998 804
0.000339224999999832 803
0.0003392479999999587 804
0.0003393449999999909 803
0.0003394249999999488 804
0.0003394649999997057 803
0.0003395450000001077 804
0.0003395849999998646 803
0.00033970500000002346 802
0.00033978499999998135 803
0.00033982499999973825 802
0.00033990500000014023 803
0.00033994499999989714 802
0.000340024999999855 803
0.000340065000000056 802
0.0003401450000000139 803
0.0003401849999997708 802
0.0003402649999997287 803
0.0003403049999999297 802
0.0003403849999998876 803
0.0003404250000000886 802
0.00034054499999980337 801
0.00034062499999976126 802
0.00034066499999996225 801
0.00034074499999992014 802
0.00034078500000012113 801
0.000340865000000079 802
0.0003409049999998359 801
0.0003409849999997938 802
0.0003410249999999948 801
0.0003411049999999527 802
0.0003411449999997096 801
0.0003412250000001116 802
0.0003412649999998685 801
0.00034134499999982637 802
0.00034138500000002736 801
0.0003414419999998586 800
0.00034146499999998525 801
0.00034156200000001746 800
0.00034158500000014413 801
0.00034168199999973226 800
0.00034170499999985893 801
0.00034173900000000756 800
0.00034185899999972236 799
0.00034197899999988124 798
0.00034199599999995556 799
0.0003420990000000401 798
0.00034211600000011444 799
0.0003422189999997549 798
0.00034223599999982923 799
0.0003423389999999138 798
0.0003423559999999881 799
0.000342395999999745 798
0.0003424759999997029 799
0.0003425159999999039 798
0.0003425959999998618 799
0.0003426360000000628 798
0.00034275599999977757 797
0.00034283599999973546 798
0.00034287599999993645 797
0.00034295599999989435 798
0.00034299600000009534 797
0.00034307600000005323 798
0.00034311599999981013 797
0.00034317300000008544 796
0.000343195999999768 797
0.00034329299999980023 796
0.0003433159999999269 797
0.0003434129999999591 796
0.0003434360000000858 797
0.000343533000000118 796
0.0003435559999998006 797
0.00034364000000008943 798
0.0003436529999998328 797
0.0003437329999997907 798
0.00034377299999999167 797
0.00034385299999994956 798
0.00034389299999970646 797
0.00034397300000010844 798
0.00034401299999986534 797
0.00034409299999982323 798
0.0003441330000000242 797
0.0003442129999999821 798
0.000344252999999739 797
0.000344333000000141 798
0.0003443729999998979 797
0.0003444529999998558 798
0.0003444930000000568 797
0.0003445730000000147 798
0.0003446129999997716 797
0.00034469299999972947 798
0.00034473299999993046 797
0.00034481299999988835 798
0.00034485300000008934 797
0.00034493300000004723 798
0.00034497299999980413 797
0.000345052999999762 798
0.00034507999999977557 799
0.000345092999999963 798
0.0003452130000001219 797
0.0003452299999997521 798
0.0003453329999998367 797
0.000345349999999911 798
0.00034545299999999557 797
0.0003454700000000699 798
0.00034557299999971036 797
0.0003455899999997847 798
0.00034569299999986924 797
0.00034570999999994356 798
0.0003458130000000281 797
0.00034583000000010244 798
0.0003459329999997429 797
0.00034594999999981724 798
0.0003460529999999018 797
0.0003461730000000607 796
0.000346190000000135 797
0.0003462929999997755 796
0.0003463099999998498 797
0.00034641299999993436 796
0.0003464300000000087 797
0.00034653300000009324 796
0.00034654999999972347 797
0.00034665299999980803 796
0.00034666999999988235 797
0.0003467729999999669 796
0.00034679000000004123 797
0.00034682999999979813 796
0.000346909999999756 797
0.000346949999999957 796
0.0003470299999999149 797
0.0003470700000001159 796
0.0003471500000000738 797
0.0003471899999998307 796
0.0003472699999997886 797
0.00034730999999998957 796
0.00034738999999994746 797
0.00034742999999970436 796
0.00034754999999986325 795
0.00034762999999982114 796
0.00034767000000002213 795
0.00034774999999998 796
0.0003477899999997369 795
0.0003478700000001389 796
0.0003479099999998958 795
0.0003479899999998537 796
0.0003480300000000547 795
0.0003481100000000126 796
0.0003481499999997695 795
0.00034822999999972737 796
0.00034826999999992836 795
0.00034834999999988625 796
0.00034839000000008724 795
0.00034847000000004513 796
0.00034850999999980203 795
0.0003485899999997599 796
0.0003486299999999609 795
0.0003487099999999188 796
0.0003487500000001198 795
0.0003488699999998346 794
0.0003488869999999089 795
0.00034898999999999347 794
0.0003490070000000678 795
0.00034910999999970826 794
0.0003491840000000579 795
0.00034922999999986715 794
0.0003493039999997727 795
0.00034935000000002603 794
0.00034940699999985725 793
0.00034942399999993157 794
0.00034946400000013256 793
0.0003495209999999638 792
0.00034954400000009045 793
0.00034964100000012266 792
0.00034966399999980524 793
0.00034976099999983745 792
0.00034984099999979534 793
0.00034988099999999633 792
0.0003499609999999542 793
0.0003500009999997111 792
0.0003500810000001131 793
0.00035012099999987 792
0.0003501350000001402 793
0.0003502009999998279 794
0.0003502410000000289 793
0.0003503209999999868 794
0.0003503609999997437 793
0.0003504409999997016 794
0.00035048099999990256 793
0.00035060100000006145 792
0.00035061800000013577 793
0.00035072099999977624 792
0.0003508409999999351 791
0.00035085800000000944 792
0.000350961000000094 791
0.00035097799999972423 792
0.0003510809999998088 791
0.0003510979999998831 792
0.0003512009999999677 791
0.000351218000000042 792
0.00035132100000012656 791
0.0003513379999997568 792
0.0003513779999999578 791
0.000351428000000098 792
0.00035145799999991567 793
0.00035149800000011666 792
0.00035157800000007455 793
0.00035161799999983145 792
0.00035169799999978935 793
0.00035173799999999034 792
0.00035181799999994823 793
0.00035185799999970513 792
0.0003519380000001071 793
0.00035196500000012065 794
0.000351977999999864 793
0.0003520579999998219 794
0.0003520980000000229 793
0.0003521779999999808 794
0.0003522179999997377 793
0.00035229800000013967 794
0.0003523249999997091 795
0.00035233799999989657 794
0.00035241799999985446 795
0.00035245800000005545 794
0.00035253800000001334 795
0.00035257799999977024 794
0.00035265799999972813 795
0.0003526979999999291 794
0.000352777999999887 795
0.000352818000000088 794
0.0003528980000000459 795
0.0003529379999998028 794
0.0003530179999997607 795
0.0003530579999999617 794
0.00035313799999991957 795
0.00035317800000012056 794
0.00035325800000007845 795
0.00035329799999983535 794
0.00035337799999979325 795
0.00035341799999999424 794
0.00035349799999995213 795
0.00035353799999970903 794
0.000353618000000111 795
0.0003536579999998679 794
0.0003537379999998258 795
0.0003537780000000268 794
0.0003538979999997416 793
0.00035397800000014357 794
0.00035401799999990047 793
0.00035409799999985836 794
0.00035413800000005935 793
0.00035425799999977414 792
0.00035427499999984846 793
0.000354377999999933 792
0.0003544980000000919 791
0.00035451499999972214 792
0.0003546179999998067 791
0.000354634999999881 792
0.000354675000000082 791
0.0003547949999997968 790
0.0003548749999997547 791
0.0003549149999999557 790
0.00035503500000011456 789
0.00035511500000007246 790
0.00035515499999982936 789
0.00035523499999978725 790
0.00035527499999998824 789
0.00035535499999994613 790
0.00035539499999970303 789
0.000355475000000105 790
0.0003554960000000662 791
0.0003555149999998619 790
0.0003555949999998198 791
0.0003556350000000208 790
0.0003557149999999787 791
0.0003557549999997356 790
0.00035583500000013757 791
0.00035587499999989447 790
0.00035595499999985236 791
0.00035599500000005335 790
0.00035607500000001124 791
0.00035609599999997243 792
0.00035611499999976814 791
0.00035619499999972604 792
0.000356234999999927 791
0.0003563149999998849 792
0.0003563550000000859 791
0.0003564350000000438 792
0.0003564749999998007 791
0.0003565549999997586 792
0.0003565949999999596 791
0.0003566749999999175 792
0.00035671500000011847 791
0.00035683499999983326 790
0.00035695499999999214 789
0.0003569660000000141 790
0.00035707499999970693 789
0.0003570859999997289 790
0.0003571949999998658 789
0.0003572059999998878 790
0.0003573150000000247 789
0.00035732600000004666 790
0.0003574349999997395 789
0.00035744599999976145 790
0.00035755499999989837 789
0.00035756599999992034 790
0.00035767500000005725 789
0.0003576860000000792 790
0.00035773199999988847 789
0.000357805999999794 790
0.00035785200000004735 789
0.00035797199999976215 788
0.0003580460000001118 789
0.00035809199999992103 788
0.00035816599999982657 789
0.0003582120000000799 788
0.00035828599999998545 789
0.0003583319999997947 788
0.00035840599999970024 789
0.0003584519999999536 788
0.0003585089999997848 787
0.0003586289999999437 786
0.000358646000000018 787
0.00035874900000010257 786
0.0003588230000000081 787
0.00035886899999981736 786
0.0003589429999997229 787
0.00035898899999997624 786
0.0003590629999998818 787
0.0003591090000001351 786
0.00035916599999996635 785
0.00035918300000004066 786
0.00035928600000012523 785
0.00035930299999975546 786
0.00035940599999984 785
0.00035942299999991434 786
0.0003595259999999989 785
0.0003595430000000732 786
0.0003596459999997137 785
0.000359662999999788 786
0.0003597659999998726 785
0.0003597829999999469 786
0.00035988600000003146 785
0.0003599030000001058 786
0.0003599429999998627 785
0.00036002299999982057 786
0.00036006300000002156 785
0.00036014299999997945 786
0.00036018299999973635 785
0.00036026300000013833 786
0.00036030299999989523 785
0.0003603829999998531 786
0.0003604230000000541 785
0.000360503000000012 786
0.0003605429999997689 785
0.0003606229999997268 786
0.0003606629999999278 785
0.0003607429999998857 786
0.0003607830000000867 785
0.00036086300000004456 786
0.00036090299999980147 785
0.00036098299999975936 786
0.00036102299999996035 785
0.00036110299999991824 786
0.00036114300000011923 785
0.0003612230000000771 786
0.000361262999999834 785
0.0003613429999997919 786
0.0003613829999999929 785
0.0003614629999999508 786
0.0003615029999997077 785
0.0003615830000001097 786
0.0003616229999998666 785
0.00036170299999982447 786
0.00036174300000002546 785
0.00036182299999998335 786
0.00036186299999974025 785
0.00036194300000014223 786
0.0003619699999997117 787
0.00036198299999989914 786
0.000362103000000058 785
0.00036212000000013234 786
0.0003622229999997728 785
0.00036223999999984713 786
0.0003623429999999317 785
0.000362360000000006 786
0.0003624630000000906 785
0.0003624799999997208 786
0.0003625199999999218 785
0.000362570000000062 786
0.0003625999999998797 787
0.0003626400000000807 786
0.00036272000000003857 787
0.00036275999999979547 786
0.00036283999999975336 787
0.00036287999999995435 786
0.00036295999999991224 787
0.00036300000000011323 786
0.0003630800000000711 787
0.000363119999999828 786
0.0003631999999997859 787
0.0003632399999999869 786
0.0003633199999999448 787
0.00036334699999995834 788
0.0003633599999997017 787
0.0003634400000001037 788
0.0003634799999998606 787
0.00036355999999981847 788
0.00036360000000001946 787
0.00036367999999997735 788
0.00036371999999973426 787
0.00036380000000013624 788
0.00036383999999989314 787
0.00036391999999985103 788
0.000363960000000052 787
0.0003640400000000099 788
0.0003640799999997668 787
0.0003641599999997247 788
0.00036418100000013 789
0.0003641999999999257 788
0.0003642799999998836 789
0.0003643200000000846 788
0.00036443999999979937 787
0.00036451999999975726 788
0.00036455999999995825 787
0.00036463999999991614 788
0.00036468000000011713 787
0.000364760000000075 788
0.0003647999999998319 787
0.0003648799999997898 788
0.0003649199999999908 787
0.0003650399999997056 786
0.0003651599999998645 785
0.0003651769999999388 786
0.00036528000000002336 785
0.0003652970000000977 786
0.00036539999999973816 785
0.0003654169999998125 786
0.00036551999999989704 785
0.00036553699999997136 786
0.00036557699999972826 785
0.00036565700000013024 786
0.00036567800000009143 787
0.00036569699999988714 786
0.000365817000000046 785
0.00036587399999987724 784
0.00036595399999983513 785
0.0003659940000000361 784
0.00036605099999986734 783
0.000366073999999994 784
0.00036610800000014265 783
0.0003661939999997088 784
0.00036622799999985745 783
0.00036634800000001633 782
0.00036640499999984755 781
0.00036643400000002657 782
0.00036646200000012286 781
0.00036658199999983765 780
0.0003666380000000302 781
0.00036670199999999653 780
0.00036673099999973147 781
0.0003668219999997113 780
0.00036685099999989035 781
0.0003669419999998702 780
0.00036697100000004923 781
0.0003670620000000291 780
0.000367090999999764 781
0.0003671819999997439 780
0.0003672109999999229 781
0.00036730199999990276 780
0.00036735800000009533 781
0.000367358999999734 780
0.000367387999999913 781
0.00036747899999989286 780
0.0003675080000000719 781
0.00036759900000005175 780
0.0003676279999997867 781
0.00036771899999976654 780
0.0003678389999999254 779
0.00036786800000010444 780
0.0003679590000000843 779
0.00036798799999981924 780
0.0003680789999997991 779
0.000368198999999958 778
0.000368228000000137 779
0.00036831900000011686 778
0.0003683479999998518 779
0.0003683759999999481 778
0.0003684680000000107 779
0.00036849600000010696 778
0.00036858799999972547 779
0.00036861599999982175 778
0.00036870799999988435 779
0.00036873599999998063 778
0.00036882800000004323 779
0.0003688560000001395 778
0.0003689759999998543 777
0.0003690960000000132 776
0.0003691529999998444 775
0.0003692730000000033 774
0.0003693079999997906 775
0.0003693929999997181 774
0.000369454999999963 775
0.00036951299999987697 774
0.00036954800000010835 775
0.0003695699999997082 774
0.0003696269999999835 773
0.00036966799999982314 774
0.0003697470000001424 773
0.00036986699999985717 772
0.0003699649999999721 773
0.00036998700000001605 772
0.000370085000000131 773
0.00037010699999973085 772
0.00037016400000000615 771
0.0003702049999998458 772
0.0003702209999998374 771
0.00037034099999999626 770
0.00037046099999971105 769
0.00037058099999986993 768
0.0003705919999998919 769
0.0003707010000000288 768
0.0003708209999997436 767
0.0003709249999999109 768
0.0003709409999999025 767
0.00037106100000006137 766
0.0003711179999998926 765
0.0003711649999997846 766
0.0003711749999997238 765
0.00037128499999994347 766
0.0003712949999998827 765
0.00037140500000010235 766
0.0003714150000000416 765
0.00037153499999975637 764
0.000371644999999976 765
0.00037165499999991525 764
0.0003717650000001349 765
0.00037177500000007413 764
0.0003718949999997889 763
0.0003720050000000086 764
0.0003720149999999478 763
0.00037212499999972337 764
0.0003721350000001067 763
0.00037224499999988225 764
0.0003722549999998215 763
0.00037236500000004114 764
0.00037237499999998036 763
0.00037248499999975593 764
0.00037249500000013924 763
0.00037261499999985404 762
0.00037267200000012934 761
0.0003727250000000737 762
0.00037279199999984414 761
0.000372912000000003 760
0.0003730319999997178 759
0.00037314199999993747 760
0.0003731519999998767 759
0.0003732720000000356 758
0.00037331899999992757 759
0.00037339199999975037 758
0.00037351199999990925 757
0.0003735529999997489 758
0.00037356899999974047 757
0.0003736729999999078 758
0.00037368899999989935 757
0.00037380900000005823 756
0.0003739069999997291 757
0.000373928999999773 756
0.000374026999999888 757
0.0003740489999999319 756
0.00037414700000004686 757
0.0003741690000000908 756
0.0003742889999998056 755
0.00037438699999992053 756
0.00037440899999996446 755
0.0003745070000000794 756
0.00037452900000012335 755
0.00037464899999983814 754
0.000374768999999997 753
0.0003748039999997843 754
0.0003748889999997118 753
0.0003749239999999432 754
0.0003749459999999871 753
0.00037500299999981834 752
0.0003750440000001021 753
0.0003751229999999772 752
0.00037516399999981687 753
0.0003752430000001361 752
0.00037528399999997575 753
0.0003753629999998509 752
0.00037540400000013463 753
0.0003754830000000098 752
0.0003755239999998494 753
0.0003756029999997246 752
0.0003756440000000083 753
0.00037572299999988346 752
0.0003758209999999984 753
0.00037584300000004234 752
0.00037596299999975713 751
0.0003760609999998721 752
0.000376082999999916 751
0.00037618100000003096 752
0.0003762030000000749 751
0.00037630099999974576 752
0.0003763229999997897 751
0.00037642099999990464 752
0.00037644299999994857 751
0.0003764999999997798 750
0.0003765570000000551 749
0.00037659799999989474 750
0.0003766769999997699 749
0.0003767180000000536 750
0.00037679699999992877 749
0.0003768379999997684 750
0.00037691700000008765 749
0.00037703699999980245 748
0.0003770720000000338 749
0.00037715699999996133 748
0.0003771919999997486 749
0.00037721399999979255 748
0.00037733399999995143 747
0.0003774320000000664 748
0.0003774540000001103 747
0.0003775739999998251 746
0.0003776310000001004 745
0.0003776659999998877 746
0.0003777509999998152 745
0.0003777860000000466 746
0.0003778080000000905 745
0.0003779279999998053 744
0.0003780479999999642 743
0.00037816800000012307 742
0.00037826599999979393 743
0.00037828799999983787 742
0.00037840799999999675 741
0.00037852799999971154 740
0.0003786479999998704 739
0.000378739999999933 740
0.0003787680000000293 739
0.0003788600000000919 740
0.0003788879999997441 739
0.0003789450000000194 738
0.0003790649999997342 737
0.0003791220000000095 736
0.0003792419999997243 735
0.0003793619999998832 734
0.00037945999999999813 735
0.00037948200000004206 734
0.0003795799999997129 735
0.00037960199999975686 734
0.00037972199999991574 733
0.00037977899999974696 732
0.0003798200000000307 733
0.00037989899999990584 732
0.0003799399999997455 733
0.0003800190000000647 732
0.0003801169999997356 733
0.0003801389999997795 732
0.00038023699999989446 733
0.0003802589999999384 732
0.00038035700000005335 733
0.0003803790000000973 732
0.00038047699999976814 733
0.00038049899999981207 732
0.00038061899999997095 731
0.00038073900000012983 730
0.00038085899999984463 729
0.0003809790000000035 728
0.0003810139999997908 729
0.00038103599999983473 728
0.00038109300000011004 727
0.00038121299999982483 726
0.00038127000000010014 725
0.00038132699999993136 724
0.0003813839999997626 723
0.00038149399999998224 724
0.00038150399999992146 723
0.0003815609999997527 722
0.000381618000000028 721
0.0003817339999998559 722
0.0003817379999997428 721
0.0003817950000000181 720
0.0003818540000000148 721
0.0003819149999997329 720
0.00038194699999971604 721
0.00038203499999989177 720
0.000382091999999723 719
0.00038209399999988847 720
0.00038221199999988187 719
0.00038233200000004075 718
0.00038234099999989724 719
0.00038238899999987197 718
0.00038250900000003085 717
0.00038256599999986207 716
0.00038256800000002755 717
0.0003826039999998976 718
0.00038268600000002095 717
0.00038280599999973575 716
0.00038280799999990123 717
0.00038286300000001106 716
0.0003829199999998423 715
0.0003829280000000601 716
0.0003829770000001176 715
0.0003830339999999488 714
0.0003830479999997749 715
0.00038309099999978 714
0.0003831679999999338 715
0.0003832109999999389 714
0.0003832679999997701 713
0.00038328800000009267 714
0.00038332500000004543 713
0.00038338199999987665 712
0.0003834389999997079 711
0.00038352799999996634 712
0.00038355899999986676 711
0.0003836480000001252 712
0.00038367900000002564 711
0.00038373599999985686 710
0.00038379300000013217 709
0.0003838499999999634 708
0.0003839069999997946 707
0.0003839640000000699 706
0.0003840020000001054 707
0.0003840839999997847 706
0.0003842039999999436 705
0.0003842609999997748 704
0.0003843180000000501 703
0.00038437499999988134 702
0.00038443199999971256 701
0.0003844819999998528 702
0.00038448899999998787 701
0.0003845459999998191 700
0.0003846030000000944 699
0.0003846599999999256 698
0.00038471699999975684 697
0.00038477400000003215 696
0.00038477900000000176 697
0.00038489399999974694 696
0.00038489899999971655 697
0.00038495100000002225 696
0.00038500799999985347 695
0.0003850650000001288 694
0.00038512199999996 693
0.0003851789999997912 692
0.0003852360000000665 691
0.00038525300000014084 692
0.00038529299999989775 691
0.00038534999999972896 690
0.00038537299999985564 691
0.0003854070000000043 690
0.0003854639999998355 689
0.0003855210000001108 688
0.000385577999999942 687
0.0003856129999997293 688
0.00038563499999977324 687
0.00038569200000004855 686
0.0003857329999998882 687
0.00038581199999976334 686
0.00038586900000003865 685
0.0003859259999998699 684
0.00038597299999976187 685
0.0003859829999997011 684
0.00038610299999986 683
0.0003861600000001353 682
0.00038621300000007963 683
0.0003862169999999665 682
0.0003862739999997977 681
0.00038633100000007303 680
0.00038638799999990425 679
0.00038650800000006313 678
0.00038656700000005983 679
0.0003866279999997779 678
0.00038668500000005324 677
0.00038668699999977463 678
0.00038674199999988446 677
0.0003867989999997157 676
0.000386855999999991 675
0.0003869129999998222 674
0.0003869270000000924 675
0.0003870329999999811 674
0.0003870469999998072 675
0.0003870899999998123 674
0.0003871470000000876 673
0.00038720399999991884 672
0.0003872239999997973 673
0.00038726099999975006 672
0.00038731800000002536 671
0.0003873749999998566 670
0.0003874320000001319 669
0.0003875519999998467 668
0.000387609000000122 667
0.0003877039999999887 668
0.0003877289999998368 667
0.0003877860000001121 666
0.0003878239999997035 667
0.0003879059999998269 666
0.00038802599999998577 665
0.0003880640000000213 666
0.00038814599999970056 665
0.0003881839999997361 666
0.00038826599999985945 665
0.00038830399999989496 666
0.00038832300000013475 665
0.000388379999999966 664
0.0003884369999997972 663
0.0003884539999998715 664
0.0003885379999997163 665
0.0003885569999999561 664
0.00038856799999997804 665
0.0003886139999997873 664
0.0003887339999999462 663
0.0003888289999998129 664
0.00038885400000010506 663
0.0003889729999997371 664
0.00038897399999981985 663
0.00038903100000009516 662
0.0003890630000000783 663
0.00038915099999980995 662
0.0003892400000000684 663
0.00038927099999996884 662
0.0003893599999997832 663
0.0003893910000001277 662
0.0003895109999998425 661
0.0003895369999997733 662
0.0003895680000001178 661
0.00038962499999994904 660
0.0003896569999999322 661
0.00038968199999978026 660
0.00038980199999993914 659
0.000389922000000098 658
0.00038997899999992924 657
0.0003900109999999124 658
0.00039003599999976046 657
0.00039009300000003577 656
0.0003901310000000713 657
0.000390149999999867 656
0.0003902070000001423 655
0.0003903269999998571 654
0.0003903840000001324 653
0.0003904409999999636 652
0.00039049799999979484 651
0.0003906179999999537 650
0.00039067499999978494 649
0.00039073200000006025 648
0.0003907889999998915 647
0.0003908459999997227 646
0.000390902999999998 645
0.0003909599999998292 644
0.0003910039999999171 645
0.0003910799999999881 644
0.0003911369999998193 643
0.0003912569999999782 642
0.0003913139999998094 641
0.0003914339999999683 640
0.0003915229999997827 641
0.00039153700000005287 642
0.0003915540000001272 641
0.0003916109999999584 640
0.00039166799999978963 639
0.00039172500000006494 638
0.00039178199999989616 637
0.0003918389999997274 636
0.0003918960000000027 635
0.0003919529999998339 634
0.0003920100000001092 633
0.000392129999999824 632
0.0003921870000000993 631
0.00039224399999993054 630
0.00039230099999976176 629
0.00039234599999993236 630
0.00039242099999992064 629
0.00039247799999975186 628
0.00039259799999991074 627
0.0003927180000000696 626
0.00039280099999983165 627
0.0003928379999997844 626
0.0003929579999999433 625
0.0003930149999997745 624
0.0003931349999999334 623
0.0003931370000000989 624
0.0003932550000000923 623
0.0003933119999999235 622
0.0003934320000000824 621
0.0003935519999997972 620
0.00039362899999995093 621
0.00039367199999995606 620
0.00039379200000011494 619
0.00039384899999994616 618
0.0003939059999997774 617
0.0003939630000000527 616
0.0003940829999997675 615
0.00039420299999992636 614
0.00039432300000008524 613
0.00039444299999980004 612
0.0003945629999999589 611
0.0003945949999999421 612
0.0003946830000001178 611
0.0003948029999998326 610
0.00039487699999973813 611
0.0003949229999999915 610
0.0003949799999998227 609
0.0003950999999999816 608
0.00039522000000014046 607
0.00039522199999986185 608
0.0003952769999999717 607
0.0003953339999998029 606
0.00039542300000006136 607
0.0003954539999999618 606
0.000395510999999793 605
0.0003955680000000683 604
0.00039562499999989953 603
0.0003957450000000584 602
0.0003958649999997732 601
0.00039597499999999286 602
0.0003959849999999321 601
0.00039610500000009097 600
0.0003961370000000741 601
0.00039615199999998296 602
0.0003961789999999965 603
0.00039622499999980576 602
0.00039628200000008107 601
0.00039632899999997306 602
0.00039640199999979586 601
0.00039644900000013195 602
0.00039652199999995474 601
0.0003965959999998603 602
0.0003966420000001136 601
0.00039671600000001916 602
0.0003967619999998284 601
0.0003967879999997592 602
0.00039683599999973396 603
0.0003968819999999873 602
0.0003969079999999181 603
0.0003969389999998185 602
0.00039699600000009383 601
0.00039705299999992505 600
0.00039717300000008393 599
0.0003972929999997987 598
0.00039735000000007403 597
0.0003974699999997888 596
0.0003975899999999477 595
0.00039764699999977893 594
0.0003977669999999378 593
0.00039782399999976903 592
0.00039791900000007985 593
0.00039794299999984517 594
0.0003979439999999279 593
0.00039800099999975913 592
0.00039802999999993816 593
0.000398120999999918 592
0.00039817799999974923 591
0.00039823500000002454 590
0.00039835499999973933 589
0.00039844699999980193 590
0.0003984749999998982 589
0.00039853199999972944 588
0.00039858900000000475 587
0.0003986870000001197 588
0.00039870899999971954 587
0.00039876599999999485 586
0.00039888599999970964 585
0.00039897799999977224 586
0.0003990059999998685 585
0.00039906300000014383 584
0.0003990979999999311 585
0.00039911999999997505 584
0.00039917699999980627 583
0.0003992340000000816 582
0.00039935399999979637 581
0.0003994110000000717 580
0.0003994579999999637 581
0.0003995309999997865 580
0.0003995880000000618 579
0.0003997079999997766 578
0.0003997650000000519 577
0.0003998219999998831 576
0.0003998789999997143 575
0.00039993599999998963 574
0.00039999299999982085 573
0.00040005000000009616 572
0.0004001069999999274 571
0.00040016300000011995 572
0.0004001639999997586 571
0.0004002210000000339 570
0.00040027799999986513 569
0.00040033500000014044 568
0.00040039199999997166 567
0.0004004489999998029 566
0.0004005060000000782 565
0.0004005629999999094 564
0.00040061999999974063 563
0.00040067700000001594 562
0.00040073399999984716 561
0.00040075999999977796 562
0.00040079100000012247 561
0.0004008479999999537 560
0.0004009049999997849 559
0.0004009620000000602 558
0.0004010000000000957 559
0.00040101899999989143 558
0.00040107599999972265 557
0.00040113299999999796 556
0.0004011899999998292 555
0.0004012470000001045 554
0.0004013039999999357 553
0.00040136099999976693 552
0.00040141800000004224 551
0.00040147499999987346 550
0.0004015319999997047 549
0.00040158899999998 548
0.0004016459999998112 547
0.0004017030000000865 546
0.00040175999999991774 545
0.00040181699999974896 544
0.00040187400000002427 543
0.0004019309999998555 542
0.0004019880000001308 541
0.000402044999999962 540
0.00040210199999979324 539
0.00040212799999972404 540
0.00040215900000006854 539
0.00040221599999989976 538
0.0004022479999998829 539
0.000402272999999731 538
0.0004023300000000063 537
0.0004023869999998375 536
0.000402424999999873 537
0.0004024440000001128 536
0.00040250099999994404 535
0.0004025450000000319 536
0.00040255799999977526 535
0.00040261500000005057 534
0.0004026719999998818 533
0.000402728999999713 532
0.0004027859999999883 531
0.00040284299999981954 530
0.00040290000000009485 529
0.00040295699999992607 528
0.0004030139999997573 527
0.00040301599999992277 528
0.00040306999999994986 529
0.0004030710000000326 528
0.0004031279999998638 527
0.0004031850000001391 526
0.00040324199999997035 525
0.00040329899999980157 524
0.0004033560000000769 523
0.0004034129999999081 522
0.0004034699999997393 521
0.0004035270000000146 520
0.0004035500000001413 521
0.00040358399999984584 520
0.00040364100000012115 519
0.00040369799999995237 518
0.0004037270000001314 519
0.0004037549999997836 518
0.0004038120000000589 517
0.0004038469999998462 518
0.0004038689999998901 517
0.00040392599999972134 516
0.00040396700000000507 517
0.00040398299999999665 516
0.00040403999999982787 515
0.00040408699999971986 516
0.0004040970000001032 515
0.0004041539999999344 514
0.00040420699999987875 515
0.0004042109999997656 514
0.00040426800000004093 513
0.00040432499999987215 512
0.00040438199999970337 511
0.0004044389999999787 510
0.0004044959999998099 509
0.0004044979999999754 510
0.0004045530000000852 509
0.0004046099999999164 508
0.00040461800000013426 509
0.00040466699999974765 508
0.00040472400000002295 507
0.0004047809999998542 506
0.00040479500000012436 507
0.0004048380000001295 506
0.0004048949999999607 505
0.00040491499999983915 506
0.0004049519999997919 505
0.00040500900000006723 504
0.00040506599999989845 503
0.00040509199999982926 504
0.00040512299999972967 503
0.000405180000000005 502
0.0004052369999998362 501
0.00040526899999981936 502
0.0004052940000001115 501
0.00040535099999994273 500
0.00040540799999977395 499
0.00040546500000004926 498
0.0004055219999998805 497
0.0004055789999997117 496
0.000405635999999987 495
0.00040568000000007487 496
0.0004056929999998182 495
0.00040575000000009354 494
0.00040579999999978966 495
0.00040580699999992476 494
0.000405863999999756 493
0.0004059210000000313 492
0.0004059779999998625 491
0.0004060340000000551 492
0.0004060350000001378 491
0.00040609199999996903 490
0.00040614899999980025 489
0.00040620600000007556 488
0.0004062110000000452 489
0.0004062629999999068 488
0.000406319999999738 487
0.00040633099999975997 488
0.0004063770000000133 487
0.00040643399999984453 486
0.00040649100000011984 485
0.00040654799999995106 484
0.0004066049999997823 483
0.0004066620000000576 482
0.0004066790000001319 483
0.0004067189999998888 482
0.00040677599999972003 481
0.00040683299999999534 480
0.000406856000000122 481
0.00040688999999982656 480
0.00040694700000010187 479
0.0004070039999999331 478
0.0004070609999997643 477
0.0004071180000000396 476
0.00040717499999987083 475
0.00040723199999970205 474
0.00040728899999997736 473
0.0004073459999998086 472
0.0004074030000000839 471
0.0004074599999999151 470
0.00040751699999974633 469
0.00040757400000002164 468
0.00040763099999985286 467
0.00040768800000012817 466
0.0004077449999999594 465
0.0004078019999997906 464
0.0004078590000000659 463
0.00040791599999989714 462
0.00040797299999972836 461
0.00040803000000000367 460
0.0004080869999998349 459
0.0004081440000001102 458
0.0004082009999999414 457
0.00040825799999977264 456
0.00040831500000004795 455
0.00040837199999987916 454
0.0004084289999997104 453
0.0004084859999999857 452
0.0004085429999998169 451
0.0004086000000000922 450
0.00040865699999992344 449
0.00040871399999975466 448
0.00040877100000002997 447
0.0004088279999998612 446
0.0004088850000001365 445
0.0004089419999999677 444
0.00040899899999979894 443
0.00040905600000007425 442
0.00040911299999990547 441
0.0004091699999997367 440
0.000409227000000012 439
0.0004092839999998432 438
0.0004093410000001185 437
0.00040939799999994975 436
0.00040945499999978097 435
0.0004095120000000563 434
0.0004095689999998875 433
0.0004096259999997187 432
0.000409682999999994 431
0.00040973999999982524 430
0.00040979700000010055 429
0.00040985399999993177 428
0.000409910999999763 427
0.0004099680000000383 426
0.0004100249999998695 425
0.00041008199999970074 424
0.00041013899999997605 423
0.00041019599999980727 422
0.0004102530000000826 421
0.0004103099999999138 420
0.000410366999999745 419
0.00041042400000002033 418
0.00041048099999985155 417
0.00041053800000012686 416
0.0004105949999999581 415
0.0004106519999997893 414
0.0004107090000000646 413
0.0004107659999998958 412
0.00041082299999972705 411
0.00041088000000000235 410
0.0004109369999998336 409
0.0004109940000001089 408
0.0004110509999999401 407
0.0004111079999997713 406
0.00041116500000004663 405
0.00041122199999987785 404
0.00041127899999970907 403
0.0004113359999999844 402
0.0004113929999998156 401
0.0004114500000000909 400
0.00041150699999992213 399
0.00041156399999975335 398
0.00041162100000002866 397
0.0004116779999998599 396
0.0004117350000001352 395
0.0004117919999999664 394
0.0004118489999997976 393
0.00041190600000007294 392
0.00041196299999990416 391
0.0004120199999997354 390
0.0004120770000000107 389
0.0004121339999998419 388
0.0004121910000001172 387
0.00041224799999994843 386
0.00041230499999977965 385
0.00041236200000005496 384
0.0004124189999998862 383
0.0004124759999997174 382
0.0004125329999999927 381
0.00041258999999982393 380
0.00041264700000009924 379
0.00041270399999993046 378
0.0004127609999997617 377
0.000412818000000037 376
0.0004128749999998682 375
0.0004129320000001435 374
0.00041298899999997474 373
0.00041304599999980596 372
0.00041310300000008127 371
0.0004131599999999125 370
0.0004132169999997437 369
0.000413274000000019 368
0.00041333099999985023 367
0.00041338800000012554 366
0.00041344499999995676 365
0.000413501999999788 364
0.0004135590000000633 363
0.0004136159999998945 362
0.00041367299999972573 361
0.00041373000000000104 360
0.00041378699999983226 359
0.00041384400000010757 358
0.0004139009999999388 357
0.00041395799999977 356
0.0004140150000000453 355
0.00041407199999987654 354
0.00041412899999970776 353
0.00041418599999998307 352
0.0004142429999998143 351
0.0004143000000000896 350
0.0004143569999999208 349
0.00041441399999975204 348
0.00041447100000002735 347
0.00041452799999985857 346
0.0004145850000001339 345
0.0004146419999999651 344
0.0004146989999997963 343
0.0004147560000000716 342
0.00041481299999990284 341
0.00041486999999973406 340
0.00041492700000000937 339
0.0004149839999998406 338
0.0004150410000001159 337
0.0004150979999999471 336
0.00041515499999977834 335
0.00041521200000005365 334
0.00041526899999988487 333
0.0004153259999997161 332
0.0004153829999999914 331
0.0004154399999998226 330
0.0004154970000000979 329
0.00041555399999992915 328
0.00041561099999976037 327
0.0004156680000000357 326
0.0004157249999998669 325
0.0004157820000001422 324
0.0004158389999999734 323
0.00041589599999980464 322
0.00041595300000007995 321
0.0004160099999999112 320
0.0004160669999997424 319
0.0004161240000000177 318
0.0004161809999998489 317
0.00041623800000012423 316
0.00041629499999995545 315
0.00041635199999978667 314
0.000416409000000062 313
0.0004164659999998932 312
0.0004165229999997244 311
0.00041657999999999973 310
0.00041663699999983095 309
0.00041669400000010626 308
0.0004167509999999375 307
0.0004168079999997687 306
0.000416865000000044 305
0.0004169219999998752 304
0.00041697899999970645 303
0.00041703599999998175 302
0.000417092999999813 301
0.0004171500000000883 300
0.0004172069999999195 299
0.0004172639999997507 298
0.00041732100000002603 297
0.00041737799999985725 296
0.00041743500000013256 295
0.0004174919999999638 294
0.000417548999999795 293
0.0004176060000000703 292
0.00041766299999990153 291
0.00041771999999973275 290
0.00041777700000000806 289
0.0004178339999998393 288
0.0004178910000001146 287
0.0004179479999999458 286
0.00041800499999977703 285
0.00041806200000005234 284
0.00041811899999988356 283
0.0004181759999997148 282
0.0004182329999999901 281
0.0004182899999998213 280
0.0004183470000000966 279
0.00041840399999992783 278
0.00041846099999975905 277
0.00041851800000003436 276
0.0004185749999998656 275
0.0004186320000001409 274
0.0004186889999999721 273
0.00041874599999980333 272
0.00041880300000007864 271
0.00041885999999990986 270
0.0004189169999997411 269
0.0004189740000000164 268
0.0004190309999998476 267
0.0004190880000001229 266
0.00041914499999995414 265
0.00041920199999978536 264
0.00041925900000006067 263
0.0004193159999998919 262
0.0004193729999997231 261
0.0004194299999999984 260
0.00041948699999982964 259
0.00041954400000010494 258
0.00041960099999993616 257
0.0004196579999997674 256
0.0004197150000000427 255
0.0004197719999998739 254
0.00041982899999970513 253
0.00041988599999998044 252
0.00041994299999981166 251
0.00042000000000008697 250
0.0004200569999999182 249
0.0004201139999997494 248
0.0004201710000000247 247
0.00042022799999985594 246
0.00042028500000013125 245
0.00042034199999996247 244
0.0004203989999997937 243
0.000420456000000069 242
0.0004205129999999002 241
0.00042056999999973144 240
0.00042062700000000675 239
0.00042068399999983797 238
0.0004207410000001133 237
0.0004207979999999445 236
0.0004208549999997757 235
0.000420912000000051 234
0.00042096899999988224 233
0.00042102599999971346 232
0.00042108299999998877 231
0.00042113999999982 230
0.0004211970000000953 229
0.0004212539999999265 228
0.00042131099999975774 227
0.00042136800000003305 226
0.00042142499999986427 225
0.0004214820000001396 224
0.0004215389999999708 223
0.000421595999999802 222
0.0004216530000000773 221
0.00042170999999990855 220
0.00042176699999973977 219
0.0004218240000000151 218
0.0004218809999998463 217
0.0004219380000001216 216
0.0004219949999999528 215
0.00042205199999978404 214
0.00042210900000005935 213
0.0004221659999998906 212
0.0004222229999997218 211
0.0004222799999999971 210
0.0004223369999998283 209
0.00042239400000010363 208
0.00042245099999993485 207
0.00042250799999976607 206
0.0004225650000000414 205
0.0004226219999998726 204
0.0004226789999997038 203
0.00042273599999997913 202
0.00042279299999981035 201
0.00042285000000008566 200
0.0004229069999999169 199
0.0004229639999997481 198
0.0004230210000000234 197
0.0004230779999998546 196
0.00042313500000012993 195
0.00042319199999996115 194
0.0004232489999997924 193
0.0004233060000000677 192
0.0004233629999998989 191
0.0004234199999997301 190
0.00042347700000000543 189
0.00042353399999983665 188
0.00042359100000011196 187
0.0004236479999999432 186
0.0004237049999997744 185
0.0004237620000000497 184
0.00042381899999988093 183
0.00042387599999971215 182
0.00042393299999998746 181
0.0004239899999998187 180
0.000424047000000094 179
0.0004241039999999252 178
0.00042416099999975643 177
0.00042421800000003174 176
0.00042427499999986296 175
0.00042433200000013827 174
0.0004243889999999695 173
0.0004244459999998007 172
0.000424503000000076 171
0.00042455999999990723 170
0.00042461699999973845 169
0.00042467400000001376 168
0.000424730999999845 167
0.0004247880000001203 166
0.0004248449999999515 165
0.00042490199999978273 164
0.00042495900000005804 163
0.00042501599999988926 162
0.0004250729999997205 161
0.0004251299999999958 160
0.000425186999999827 159
0.0004252440000001023 158
0.00042530099999993354 157
0.00042535799999976476 156
0.00042541500000004007 155
0.0004254719999998713 154
0.0004255289999997025 153
0.0004255859999999778 152
0.00042564299999980904 151
0.00042570000000008434 150
0.00042575699999991556 149
0.0004258139999997468 148
0.0004258710000000221 147
0.0004259279999998533 146
0.0004259850000001286 145
0.00042604199999995984 144
0.00042609899999979106 143
0.00042615600000006637 142
0.0004262129999998976 141
0.0004262699999997288 140
0.0004263270000000041 139
0.00042638399999983534 138
0.00042644100000011065 137
0.00042649799999994187 136
0.0004265549999997731 135
0.0004266120000000484 134
0.0004266689999998796 133
0.00042672599999971084 132
0.00042678299999998615 131
0.00042683999999981737 130
0.0004268970000000927 129
0.0004269539999999239 128
0.0004270109999997551 127
0.0004270680000000304 126
0.00042712499999986164 125
0.00042718200000013695 124
0.00042723899999996817 123
0.0004272959999997994 122
0.0004273530000000747 121
0.0004274099999999059 120
0.00042746699999973714 119
0.00042752400000001245 118
0.00042758099999984367 117
0.000427638000000119 116
0.0004276949999999502 115
0.0004277519999997814 114
0.00042780900000005673 113
0.00042786599999988795 112
0.00042792299999971917 111
0.0004279799999999945 110
0.0004280369999998257 109
0.000428094000000101 108
0.0004281509999999322 107
0.00042820799999976344 106
0.00042826500000003875 105
0.00042832199999987 104
0.0004283789999997012 103
0.0004284359999999765 102
0.0004284929999998077 101
0.00042855000000008303 100
0.00042860699999991425 99
0.00042866399999974547 98
0.00042878399999990435 97
0.00042884099999973557 96
0.0004288980000000109 95
0.0004289549999998421 94
0.0004290120000001174 93
0.00042906899999994863 92
0.00042912599999977985 91
0.00042918300000005516 90
0.0004292399999998864 89
0.0004292969999997176 88
0.0004293539999999929 87
0.00042941099999982413 86
0.00042946800000009944 85
0.00042952499999993066 84
0.0004295819999997619 83
0.0004296390000000372 82
0.0004296959999998684 81
0.0004297530000001437 80
0.00042980999999997493 79
0.00042986699999980615 78
0.00042992400000008146 77
0.0004299809999999127 76
0.0004300379999997439 75
0.0004300950000000192 74
0.00043015199999985043 73
0.00043020900000012574 72
0.00043026599999995696 71
0.0004303229999997882 70
0.0004303800000000635 69
0.0004304369999998947 68
0.00043049399999972593 67
0.00043055100000000124 66
0.00043060799999983246 65
0.00043066500000010777 64
0.000430721999999939 63
0.0004307789999997702 62
0.0004308360000000455 61
0.00043089299999987674 60
0.00043094999999970796 59
0.00043100699999998326 58
0.0004310639999998145 57
0.0004311210000000898 56
0.000431177999999921 55
0.00043123499999975223 54
0.00043129200000002754 53
0.00043141199999974233 52
0.00043146900000001764 51
0.00043152599999984886 50
0.00043158300000012417 49
0.0004316399999999554 48
0.0004316969999997866 47
0.0004317540000000619 46
0.00043181099999989314 45
0.00043186799999972436 44
0.00043192499999999967 43
0.0004319819999998309 42
0.0004320390000001062 41
0.0004320959999999374 40
0.00043215299999976864 39
0.00043221000000004395 38
0.00043226699999987517 37
0.0004323239999997064 36
0.0004323809999999817 35
0.0004324379999998129 34
0.0004324950000000882 33
0.00043255199999991945 32
0.00043260899999975067 31
0.000432666000000026 30
0.0004327229999998572 29
0.0004327800000001325 28
0.0004328369999999637 27
0.00043289399999979494 26
0.00043295100000007025 25
0.00043300799999990147 24
0.0004330649999997327 23
0.000433122000000008 22
0.0004331789999998392 21
0.00043323600000011453 20
0.00043329299999994575 19
0.00043334999999977697 18
0.0004334070000000523 17
0.0004334639999998835 16
0.0004335209999997147 15
0.00043357799999999 14
0.00043363499999982125 13
0.00043369200000009656 12
0.0004337489999999278 11
0.000433805999999759 10
0.0004338630000000343 9
0.0004339199999998655 8
0.00043397700000014083 7
0.00043403399999997205 6
0.0004340909999998033 5
0.0004341480000000786 4
0.0004342049999999098 3
0.000434261999999741 2
0.00043431900000001633 1
0.00043437599999984755 0
0.000463825999999834 1
0.000463825999999834 0
0.0005112280000001412 1
0.0005112280000001412 0
0.0005372969999997146 1
0.0005372969999997146 0
0.0005379539999998961 0