time length
0.0 0
1.8749999997069722e-06 1
1.8749999997069722e-06 0
1.994999999865854e-06 1
1.994999999865854e-06 0
4.233999999492255e-06 1
4.233999999492255e-06 0
4.238999999905957e-06 1
4.238999999905957e-06 0
4.3289999993589845e-06 1
4.3289999993589845e-06 0
4.363999999590362e-06 1
4.363999999590362e-06 0
4.412000000009186e-06 1
4.412000000009186e-06 0
4.448999999517866e-06 1
4.448999999517866e-06 0
4.887999999425574e-06 1
4.887999999425574e-06 0
5.6239999999263546e-06 1
5.6239999999263546e-06 0
6.53899999925045e-06 1
6.53899999925045e-06 0
6.622999999983392e-06 1
6.622999999983392e-06 0
6.627999999508916e-06 1
6.6329999999226175e-06 2
6.647999999387366e-06 3
6.652999999801068e-06 4
6.6579999993265915e-06 5
6.658999999409332e-06 4
6.662999999740293e-06 5
6.662999999740293e-06 4
6.667000000071255e-06 3
6.667999999265817e-06 4
6.670999999514038e-06 3
6.672999999679519e-06 4
6.674999999844999e-06 3
6.6780000000932205e-06 4
6.6789999992877824e-06 3
6.682999999618744e-06 2
6.686999999949705e-06 1
6.688000000032446e-06 2
6.6909999993924885e-06 1
6.692999999557969e-06 2
6.69499999972345e-06 1
6.697999999971671e-06 2
6.6990000000544114e-06 1
6.7029999994971945e-06 2
6.7029999994971945e-06 1
6.706999999828156e-06 0
6.707999999910896e-06 1
6.710999999270939e-06 0
6.71299999943642e-06 1
6.7149999996019005e-06 0
6.717999999850122e-06 1
6.718999999932862e-06 0
6.722999999375645e-06 1
6.722999999375645e-06 0
6.727999999789347e-06 1
6.727999999789347e-06 0
6.737999999728572e-06 1
6.737999999728572e-06 0
6.742999999254096e-06 1
6.742999999254096e-06 0
6.7479999996677975e-06 1
6.7479999996677975e-06 0
6.753000000081499e-06 1
6.753000000081499e-06 0
6.757999999607023e-06 1
6.757999999607023e-06 0
6.763000000020725e-06 1
6.763000000020725e-06 0
6.77299999995995e-06 1
6.77299999995995e-06 0
6.777999999485473e-06 1
6.777999999485473e-06 0
6.782999999899175e-06 1
6.782999999899175e-06 0
6.787999999424699e-06 1
6.787999999424699e-06 0
6.7929999998384005e-06 1
6.7929999998384005e-06 0
6.797999999363924e-06 1
6.797999999363924e-06 0
6.802999999777626e-06 1
6.802999999777626e-06 0
6.807999999303149e-06 1
6.807999999303149e-06 0
6.812999999716851e-06 1
6.812999999716851e-06 0
6.8179999992423745e-06 1
6.8179999992423745e-06 0
6.822999999656076e-06 1
6.822999999656076e-06 0
6.828000000069778e-06 1
6.828000000069778e-06 0
6.832999999595302e-06 1
6.832999999595302e-06 0
6.8380000000090035e-06 1
6.8380000000090035e-06 0
6.842999999534527e-06 1
6.842999999534527e-06 0
6.903999999252619e-06 1
6.903999999252619e-06 0
6.9049999993353595e-06 1
6.9049999993353595e-06 0
6.935000000041214e-06 1
6.935999999235776e-06 2
6.936999999318516e-06 3
6.96700000002437e-06 4
6.968000000107111e-06 5
6.997999999924787e-06 6
7.023999999411501e-06 5
7.0279999997424625e-06 4
7.028999999825203e-06 5
7.083999999935031e-06 6
7.113999999752707e-06 7
7.147999999901344e-06 6
7.1519999993441274e-06 5
7.155999999675089e-06 4
7.275999999833971e-06 3
7.279999999276754e-06 2
7.304999999568906e-06 3
7.399999999435636e-06 2
7.504000000047029e-06 3
7.519999999594518e-06 2
7.6399999997534e-06 1
7.759999999912282e-06 0
7.784000000121694e-06 1
7.880000000071163e-06 0
7.891000000093129e-06 1
7.920999999910805e-06 2
7.95099999972848e-06 3
7.980999999546157e-06 4
7.999999999341867e-06 3
8.010999999363833e-06 4
8.041000000069687e-06 5
8.070999999887363e-06 6
8.100999999705039e-06 7
8.119999999500749e-06 6
8.130999999522714e-06 7
8.16099999934039e-06 8
8.191000000046245e-06 9
8.23999999965963e-06 8
8.359999999818513e-06 7
8.4139999998456e-06 8
8.479999999977395e-06 7
8.519999999734296e-06 8
8.599999999248098e-06 7
8.71999999940698e-06 6
8.839999999565862e-06 5
8.85600000000153e-06 6
8.885999999819205e-06 7
8.915999999636881e-06 8
8.945999999454557e-06 9
8.959999999724744e-06 8
8.975999999272233e-06 9
9.005999999978087e-06 10
9.035999999795763e-06 11
9.065999999613439e-06 12
9.079999999883626e-06 11
9.095999999431115e-06 12
9.12599999924879e-06 13
9.155999999954645e-06 14
9.200000000042508e-06 13
9.319999999313211e-06 12
9.43499999994657e-06 13
9.439999999472093e-06 12
9.559999999630975e-06 11
9.679999999789857e-06 10
9.796999999700517e-06 11
9.799999999948739e-06 10
9.826999999518193e-06 11
9.85699999933587e-06 12
9.887000000041724e-06 13
9.92000000010762e-06 12
9.921999999384923e-06 13
9.976999999494751e-06 14
1.0006999999312427e-05 15
1.0037000000018281e-05 16
1.0039999999378324e-05 15
1.0066999999835957e-05 16
1.0096999999653633e-05 17
1.0126999999471309e-05 18
1.0156999999288985e-05 19
1.0159999999537206e-05 18
1.0186999999994839e-05 19
1.0216999999812515e-05 20
1.0279999999696088e-05 19
1.039999999985497e-05 20
1.039999999985497e-05 19
1.0520000000013852e-05 18
1.0639999999284555e-05 17
1.0679999999929635e-05 18
1.0759999999443437e-05 17
1.078699999990107e-05 18
1.0816999999718746e-05 19
1.0846999999536422e-05 20
1.0876999999354098e-05 21
1.0879999999602319e-05 20
1.0907000000059952e-05 21
1.0936999999877628e-05 22
1.0966999999695304e-05 23
1.099699999951298e-05 24
1.09999999997612e-05 23
1.1026999999330656e-05 24
1.105700000003651e-05 25
1.1086999999854186e-05 26
1.1116999999671862e-05 27
1.1119999999920083e-05 26
1.1146999999489537e-05 27
1.1176999999307213e-05 28
1.1207000000013068e-05 29
1.1236999999830743e-05 30
1.1240000000078965e-05 29
1.126699999964842e-05 30
1.1296999999466095e-05 31
1.1326999999283771e-05 32
1.1356999999989625e-05 33
1.1359999999349668e-05 32
1.1386999999807301e-05 33
1.1416999999624977e-05 34
1.147999999950855e-05 33
1.1599999999667432e-05 32
1.1719999999826314e-05 31
1.175199999980947e-05 32
1.1781999999627146e-05 33
1.1811999999444822e-05 34
1.1839999999985196e-05 33
1.1841999999262498e-05 34
1.1871999999968352e-05 35
1.1901999999786028e-05 36
1.1931999999603704e-05 37
1.19599999992559e-05 36
1.196199999942138e-05 37
1.1991999999239056e-05 38
1.202199999994491e-05 39
1.2051999999762586e-05 40
1.2079999999414781e-05 39
1.2199999999573663e-05 38
1.2319999999732545e-05 37
1.233099999975451e-05 38
1.2439999999891427e-05 37
1.2560000000050309e-05 36
1.2679999999321012e-05 35
1.2692999999508459e-05 36
1.2722999999326134e-05 37
1.2753000000031989e-05 38
1.2782999999849665e-05 39
1.2799999999479894e-05 38
1.2818000000081042e-05 39
1.2872999999302692e-05 40
1.2903000000008547e-05 41
1.2919999999638776e-05 40
1.2932999999826222e-05 41
1.2962999999643898e-05 42
1.2992999999461574e-05 43
1.302299999927925e-05 44
1.3039999999797658e-05 43
1.3052999999985104e-05 44
1.308299999980278e-05 45
1.3112999999620456e-05 46
1.315999999995654e-05 45
1.3280000000115422e-05 44
1.329599999966291e-05 45
1.3399999999386125e-05 44
1.3519999999545007e-05 43
1.3575999999737576e-05 44
1.3639999999703889e-05 43
1.3682999999709011e-05 44
1.3712999999526687e-05 45
1.3742999999344363e-05 46
1.3759999999862771e-05 45
1.3773000000050217e-05 46
1.3802999999867893e-05 47
1.3832999999685569e-05 48
1.3862999999503245e-05 49
1.3880000000021653e-05 48
1.389299999932092e-05 49
1.3923000000026775e-05 50
1.3952999999844451e-05 51
1.3982999999662127e-05 52
1.3999999999292356e-05 51
1.4012999999479803e-05 52
1.4042999999297479e-05 53
1.4073000000003333e-05 54
1.4102999999821009e-05 55
1.4119999999451238e-05 54
1.4132999999638685e-05 55
1.416299999945636e-05 56
1.4192999999274036e-05 57
1.422299999997989e-05 58
1.423999999961012e-05 57
1.4252999999797566e-05 58
1.4282999999615242e-05 59
1.4312999999432918e-05 60
1.4359999999769002e-05 59
1.4479999999927884e-05 58
1.4600000000086766e-05 57
1.4653000000031113e-05 58
1.468299999984879e-05 59
1.4712999999666465e-05 60
1.471999999935747e-05 59
1.4742999999484141e-05 60
1.4772999999301817e-05 61
1.4803000000007671e-05 62
1.4832999999825347e-05 63
1.4839999999516351e-05 62
1.4862999999643023e-05 63
1.4892999999460699e-05 64
1.4922999999278375e-05 65
1.4959999999675233e-05 64
1.5079999999834115e-05 63
1.5199999999992997e-05 62
1.5226999999562452e-05 63
1.53199999992637e-05 62
1.5439999999422582e-05 61
1.5559999999581464e-05 60
1.55889999993164e-05 61
1.5619000000022254e-05 62
1.564899999983993e-05 63
1.5678999999657606e-05 64
1.5679999999740346e-05 63
1.5713999999888983e-05 64
1.5768999999998812e-05 65
1.5798999999816488e-05 66
1.5799999999899228e-05 65
1.5828999999634163e-05 66
1.585899999945184e-05 67
1.5888999999269515e-05 68
1.591899999997537e-05 69
1.592000000005811e-05 68
1.5948999999793045e-05 69
1.597899999961072e-05 70
1.6008999999428397e-05 71
1.6039999999328813e-05 70
1.6159999999487695e-05 69
1.6191999999470852e-05 70
1.6279999999646577e-05 69
1.639999999980546e-05 68
1.6471999999545517e-05 69
1.651999999996434e-05 68
1.6578999999516952e-05 69
1.6608999999334628e-05 70
1.6639000000040483e-05 71
1.6639999999235044e-05 70
1.666899999985816e-05 71
1.6698999999675834e-05 72
1.672899999949351e-05 73
1.6758999999311186e-05 74
1.6759999999393926e-05 73
1.678900000001704e-05 74
1.6818999999834716e-05 75
1.6848999999652392e-05 76
1.6878999999470068e-05 77
1.6879999999552808e-05 76
1.6908999999287744e-05 77
1.6938999999993598e-05 78
1.6968999999811274e-05 79
1.699899999962895e-05 80
1.699999999971169e-05 79
1.7028999999446626e-05 80
1.70589999992643e-05 81
1.7088999999970156e-05 82
1.7118999999787832e-05 83
1.7119999999870572e-05 82
1.7148999999605508e-05 83
1.7178999999423183e-05 84
1.720899999924086e-05 85
1.7240000000029454e-05 84
1.725199999924598e-05 85
1.7359999999300157e-05 84
1.747999999945904e-05 83
1.7548999999839054e-05 84
1.757899999965673e-05 85
1.759999999961792e-05 84
1.7608999999474406e-05 85
1.7638999999292082e-05 86
1.7668999999997936e-05 87
1.7698999999815612e-05 88
1.7719999999776803e-05 87
1.7728999999633288e-05 88
1.7758999999450964e-05 89
1.778899999926864e-05 90
1.7818999999974494e-05 91
1.7839999999935685e-05 90
1.7960000000094567e-05 89
1.807999999936527e-05 88
1.8122999999370393e-05 89
1.8199999999524152e-05 88
1.8319999999683034e-05 87
1.8439999999841916e-05 86
1.848500000001252e-05 87
1.8514999999830195e-05 88
1.854499999964787e-05 89
1.8560000000000798e-05 88
1.8574999999465547e-05 89
1.86799999992715e-05 88
1.8703999999480914e-05 89
1.873399999929859e-05 90
1.8764000000004444e-05 91
1.879399999982212e-05 92
1.8799999999430383e-05 91
1.8823999999639796e-05 92
1.885399999945747e-05 93
1.888899999968885e-05 94
1.8919999999589265e-05 93
1.9039999999748147e-05 92
1.9087999999278793e-05 93
1.915999999990703e-05 92
1.9172000000011735e-05 93
1.928000000006591e-05 92
1.929199999928244e-05 93
1.9367999999353458e-05 94
1.9399999999336615e-05 93
1.941199999944132e-05 94
1.9479999999738595e-05 95
1.950999999955627e-05 96
1.9519999999495496e-05 95
1.9539999999373947e-05 96
1.95700000000798e-05 97
1.9599999999897477e-05 98
1.9629999999715153e-05 99
1.963999999965438e-05 98
1.965999999953283e-05 99
1.9689999999350505e-05 100
1.972000000005636e-05 101
1.9749999999874035e-05 102
1.975999999981326e-05 101
1.977999999969171e-05 102
1.9809999999509387e-05 103
1.9839999999327063e-05 104
1.9870000000032917e-05 105
1.9879999999972142e-05 104
1.9899999999850593e-05 105
1.992999999966827e-05 106
1.9959999999485944e-05 107
1.9997999999965543e-05 108
1.9999999999242846e-05 107
2.010399999985424e-05 108
2.0119999999401728e-05 107
2.01479999999421e-05 108
2.023999999956061e-05 107
2.035999999971949e-05 106
2.0444999999646996e-05 107
2.047499999946467e-05 108
2.0479999999878373e-05 107
2.0504999999282347e-05 108
2.05349999999882e-05 109
2.0564999999805877e-05 110
2.0594999999623553e-05 111
2.0600000000037255e-05 110
2.062499999944123e-05 111
2.0654999999258905e-05 112
2.068499999996476e-05 113
2.0714999999782435e-05 114
2.071999999930796e-05 113
2.074499999960011e-05 114
2.083999999946684e-05 113
2.0959999999625722e-05 112
2.1019000000066512e-05 113
2.1079999999784604e-05 112
2.1199999999943486e-05 111
2.1320000000102368e-05 110
2.138099999982046e-05 111
2.1410999999638136e-05 112
2.143999999937307e-05 111
2.1440999999455812e-05 112
2.1470999999273488e-05 113
2.1559999999531954e-05 112
2.1599999999288855e-05 113
2.162999999999471e-05 114
2.1659999999812385e-05 115
2.1679999999690835e-05 114
2.168999999963006e-05 115
2.1719999999447737e-05 116
2.1749999999265412e-05 117
2.1779999999971267e-05 118
2.1799999999849717e-05 117
2.1809999999788943e-05 118
2.19200000000086e-05 117
2.1932000000113305e-05 118
2.1983999999974912e-05 119
2.2039999999279303e-05 118
2.2067999999819676e-05 119
2.2159999999438185e-05 118
2.2264000000049577e-05 119
2.2279999999597067e-05 118
2.230799999924926e-05 119
2.2375999999546536e-05 120
2.239999999975595e-05 119
2.2405999999364212e-05 120
2.2436000000070067e-05 121
2.2465999999887742e-05 122
2.2495999999705418e-05 123
2.251999999991483e-05 122
2.2525999999523094e-05 123
2.255599999934077e-05 124
2.2586000000046624e-05 125
2.26159999998643e-05 126
2.2640000000073712e-05 125
2.2645999999681976e-05 126
2.2675999999499652e-05 127
2.2705999999317328e-05 128
2.2736000000023182e-05 129
2.2759999999344416e-05 128
2.2765999999840858e-05 129
2.2795999999658534e-05 130
2.282599999947621e-05 131
2.2855999999293886e-05 132
2.2879999999503298e-05 131
2.2893999999773484e-05 132
2.299999999966218e-05 133
2.299999999966218e-05 132
2.311999999982106e-05 131
2.3239999999979943e-05 130
2.325200000008465e-05 131
2.334599999986864e-05 132
2.3359999999250647e-05 131
2.3375999999686314e-05 132
2.340599999950399e-05 133
2.3435999999321666e-05 134
2.346600000002752e-05 135
2.347999999940953e-05 134
2.3495999999845196e-05 135
2.3525999999662872e-05 136
2.3555999999480548e-05 137
2.3585999999298224e-05 138
2.359999999956841e-05 137
2.3616000000004078e-05 138
2.3719999999727293e-05 137
2.3839999999886174e-05 136
2.3914999999874453e-05 137
2.3960000000045056e-05 136
2.407999999931576e-05 135
2.4199999999474642e-05 134
2.42769999996284e-05 135
2.4306999999446077e-05 136
2.4319999999633524e-05 135
2.4336999999263753e-05 136
2.4366999999969607e-05 137
2.4439999999792406e-05 136
2.445199999989711e-05 137
2.4495999999984974e-05 138
2.452599999980265e-05 139
2.4555999999620326e-05 140
2.4559999999951287e-05 139
2.4585999999438002e-05 140
2.4615999999255678e-05 141
2.4645999999961532e-05 142
2.468000000011017e-05 141
2.468099999930473e-05 142
2.4799999999380873e-05 141
2.4827999999921246e-05 142
2.4879999999782854e-05 143
2.4919999999539755e-05 142
2.5039999999698637e-05 141
2.515999999985752e-05 142
2.515999999985752e-05 141
2.5171999999962225e-05 142
2.5271999999354477e-05 143
2.52800000000164e-05 142
2.5302000000060332e-05 143
2.5331999999878008e-05 144
2.5361999999695684e-05 145
2.539199999951336e-05 146
2.5399999999287104e-05 145
2.5421999999331035e-05 146
2.545200000003689e-05 147
2.5481999999854565e-05 148
2.551199999967224e-05 149
2.5519999999445986e-05 148
2.5541999999489917e-05 149
2.5571999999307593e-05 150
2.5602000000013447e-05 151
2.5631999999831123e-05 152
2.5639999999604868e-05 151
2.56619999996488e-05 152
2.5691999999466475e-05 153
2.572199999928415e-05 154
2.575999999976375e-05 153
2.587999999992263e-05 152
2.589599999947012e-05 153
2.6000000000081513e-05 152
2.6119999999352217e-05 151
2.62399999995111e-05 150
2.624199999967658e-05 151
2.6271999999494255e-05 152
2.630199999931193e-05 153
2.6332000000017786e-05 154
2.635999999966998e-05 153
2.636199999983546e-05 154
2.6391999999653137e-05 155
2.6421999999470813e-05 156
2.645199999928849e-05 157
2.6479999999828863e-05 156
2.6481999999994343e-05 157
2.6599999999987745e-05 156
2.661200000009245e-05 157
2.6719999999258448e-05 156
2.6810999999682394e-05 157
2.683999999941733e-05 156
2.6959999999576212e-05 155
2.7079999999735094e-05 154
2.70919999998398e-05 155
2.7172999999436342e-05 156
2.7199999999893976e-05 155
2.720299999925402e-05 156
2.7232999999959873e-05 157
2.726299999977755e-05 158
2.7320000000052858e-05 157
2.7347999999705053e-05 158
2.7391999999792915e-05 159
2.742199999961059e-05 160
2.743999999932356e-05 159
2.7451999999428267e-05 160
2.7481999999245943e-05 161
2.7511999999951797e-05 162
2.7541999999769473e-05 163
2.7559999999482443e-05 162
2.757700000000085e-05 163
2.7679999999641325e-05 162
2.769199999974603e-05 163
2.7775999999590795e-05 164
2.7799999999800207e-05 163
2.791999999995909e-05 162
2.7932000000063795e-05 163
2.804000000011797e-05 162
2.805599999966546e-05 163
2.8159999999388674e-05 162
2.8168000000050597e-05 163
2.8197999999868273e-05 164
2.822799999968595e-05 165
2.8257999999503625e-05 166
2.8279999999547556e-05 165
2.82879999993213e-05 166
2.8318000000027155e-05 167
2.834799999984483e-05 168
2.8377999999662507e-05 169
2.8399999999706438e-05 168
2.8407999999480182e-05 169
2.8437999999297858e-05 170
2.8468000000003713e-05 171
2.849799999982139e-05 172
2.851999999986532e-05 171
2.8527999999639064e-05 172
2.855799999945674e-05 173
2.8587999999274416e-05 174
2.861799999998027e-05 175
2.86400000000242e-05 174
2.8759999999294905e-05 173
2.8791999999278062e-05 174
2.8879999999453787e-05 173
2.899999999961267e-05 172
2.9011999999717375e-05 173
2.911999999977155e-05 172
2.913799999948452e-05 173
2.9167999999302197e-05 174
2.9205999999781795e-05 175
2.923599999959947e-05 176
2.9239999999930433e-05 175
2.9265999999417147e-05 176
2.9295999999234823e-05 177
2.9325999999940677e-05 178
2.9355999999758353e-05 179
2.9360000000089315e-05 178
2.938599999957603e-05 179
2.9479999999360018e-05 178
2.95999999995189e-05 177
2.9611999999623606e-05 178
2.9706999999490336e-05 179
2.9719999999677782e-05 178
2.9839999999836664e-05 177
2.9959999999995546e-05 176
3.0068999999244284e-05 177
3.007999999926625e-05 176
3.0108999999889363e-05 177
3.019999999942513e-05 176
3.0287999999600856e-05 177
3.0317999999418532e-05 178
3.0319999999584013e-05 177
3.0347999999236208e-05 178
3.0377999999942062e-05 179
3.040799999975974e-05 180
3.0437999999577414e-05 181
3.0439999999742895e-05 180
3.0472999999808792e-05 181
3.055999999990178e-05 180
3.0671999999398736e-05 181
3.068000000006066e-05 180
3.070200000010459e-05 181
3.079999999933136e-05 180
3.0919999999490244e-05 179
3.093199999959495e-05 180
3.1039999999649126e-05 179
3.105199999975383e-05 180
3.108199999957151e-05 181
3.1118999999968366e-05 182
3.114899999978604e-05 183
3.115999999980801e-05 182
3.117899999960372e-05 183
3.1208999999421394e-05 184
3.123899999923907e-05 185
3.1268999999944924e-05 186
3.127999999996689e-05 185
3.12989999997626e-05 186
3.1328999999580276e-05 187
3.135899999939795e-05 188
3.1389000000103806e-05 189
3.139999999923759e-05 188
3.141899999992148e-05 189
3.144899999973916e-05 190
3.1519999999396475e-05 189
3.163999999955536e-05 188
3.168799999997418e-05 189
3.175999999971424e-05 188
3.187999999987312e-05 187
3.2000000000032e-05 186
3.203399999929246e-05 187
3.2063999999998316e-05 188
3.2119999999302706e-05 187
3.212399999963367e-05 188
3.2153999999451344e-05 189
3.218399999926902e-05 190
3.2213999999974874e-05 191
3.223999999946159e-05 190
3.224399999979255e-05 191
3.2273999999610226e-05 192
3.235999999962047e-05 191
3.247999999977935e-05 190
3.2599999999938234e-05 189
3.260299999929828e-05 190
3.2720000000097116e-05 189
3.283999999936782e-05 188
3.29599999995267e-05 187
3.29649999999404e-05 188
3.3004999999697304e-05 189
3.307999999968558e-05 188
3.31839999994088e-05 189
3.3199999999844465e-05 188
3.3218999999640175e-05 189
3.324899999945785e-05 190
3.332000000000335e-05 189
3.332799999977709e-05 190
3.336899999961673e-05 191
3.343999999927405e-05 190
3.355999999943293e-05 189
3.3568000000094855e-05 190
3.3679999999591814e-05 189
3.3799999999750696e-05 188
3.391999999990958e-05 187
3.395999999966648e-05 188
3.401499999977631e-05 189
3.404000000006846e-05 188
3.404499999959398e-05 189
3.407499999941166e-05 190
3.4105000000117514e-05 191
3.413499999993519e-05 192
3.4159999999339163e-05 191
3.4164999999752865e-05 192
3.420899999984073e-05 193
3.4238999999658404e-05 194
3.4279999999498045e-05 193
3.439999999965693e-05 192
3.451999999981581e-05 191
3.463999999997469e-05 190
3.4759999999245395e-05 189
3.4879999999404276e-05 188
3.492999999998858e-05 189
3.495999999980626e-05 190
3.499999999956316e-05 189
3.501999999944161e-05 190
3.5049999999259285e-05 191
3.507999999996514e-05 192
3.5109999999782815e-05 193
3.511999999972204e-05 192
3.513999999960049e-05 193
3.523999999988092e-05 192
3.5360000000039804e-05 191
3.547999999931051e-05 190
3.5498999999994396e-05 191
3.559999999946939e-05 190
3.571999999962827e-05 189
3.583999999978715e-05 188
3.5860999999748344e-05 189
3.5900999999505245e-05 190
3.5959999999946035e-05 189
3.608000000010492e-05 188
3.619999999937562e-05 187
3.6264999999424674e-05 188
3.63199999995345e-05 187
3.6439999999693384e-05 186
3.6463999999902796e-05 187
3.6559999999852266e-05 186
3.668000000001115e-05 185
3.679999999928185e-05 184
3.685599999947442e-05 185
3.691099999958425e-05 186
3.6919999999440734e-05 185
3.6940999999401924e-05 186
3.7039999999599615e-05 185
3.705199999970432e-05 186
3.71599999997585e-05 185
3.71719999998632e-05 186
3.727999999991738e-05 185
3.7292000000022085e-05 186
3.740000000007626e-05 185
3.741199999929279e-05 186
3.7519999999346965e-05 185
3.753199999945167e-05 186
3.7639999999505847e-05 185
3.765199999961055e-05 186
3.775999999966473e-05 185
3.782599999979652e-05 186
3.787999999982361e-05 185
3.792099999966325e-05 186
3.795599999989463e-05 187
3.7985999999712305e-05 188
3.799999999998249e-05 187
3.806999999955707e-05 188
3.8119999999253196e-05 187
3.818999999971595e-05 188
3.823999999941208e-05 187
3.835999999957096e-05 186
3.847999999972984e-05 185
3.859999999988872e-05 184
3.861199999999343e-05 185
3.8720000000047605e-05 184
3.873199999926413e-05 185
3.876199999996999e-05 186
3.8796999999313186e-05 187
3.883999999931831e-05 186
3.895999999947719e-05 185
3.907999999963607e-05 184
3.909199999974078e-05 185
3.9161000000120794e-05 186
3.9199999999794954e-05 185
3.92079999995687e-05 186
3.921199999989966e-05 187
3.9319999999953836e-05 186
3.933200000005854e-05 187
3.936199999987622e-05 188
3.944000000011272e-05 187
3.9451999999329246e-05 188
3.955999999938342e-05 187
3.957199999948813e-05 188
3.9679999999542304e-05 187
3.969199999964701e-05 188
3.975000000000506e-05 189
3.9779999999822735e-05 190
3.9799999999701186e-05 189
3.980999999964041e-05 190
3.983999999945809e-05 191
3.986999999927576e-05 192
3.991999999986007e-05 191
3.9931999999964773e-05 192
4.004000000001895e-05 191
4.005199999923548e-05 192
4.015999999928965e-05 191
4.017199999939436e-05 192
4.0279999999448535e-05 191
4.029199999955324e-05 192
4.039999999960742e-05 191
4.041199999971212e-05 192
4.05199999997663e-05 191
4.063999999992518e-05 190
4.076000000008406e-05 189
4.077199999930059e-05 190
4.081699999947119e-05 191
4.0879999999354766e-05 190
4.089199999945947e-05 191
4.099999999951365e-05 190
4.1011999999618354e-05 191
4.111999999967253e-05 190
4.1131999999777236e-05 191
4.123999999983141e-05 190
4.125199999993612e-05 191
4.1359999999990293e-05 190
4.1372000000095e-05 191
4.1479999999261e-05 190
4.159999999941988e-05 189
4.1611999999524585e-05 190
4.171999999957876e-05 189
4.173199999968347e-05 190
4.183999999973764e-05 189
4.185199999984235e-05 190
4.1959999999896525e-05 189
4.197200000000123e-05 190
4.2056999999928735e-05 191
4.2080000000055406e-05 190
4.2091999999271934e-05 191
4.219999999932611e-05 190
4.225599999951868e-05 191
4.231999999948499e-05 190
4.23319999995897e-05 191
4.2439999999643874e-05 190
4.245199999974858e-05 191
4.2559999999802756e-05 190
4.257199999990746e-05 191
4.267999999996164e-05 190
4.2692000000066344e-05 191
4.272799999949228e-05 192
4.280000000012052e-05 191
4.281199999933705e-05 192
4.291999999939122e-05 191
4.293199999949593e-05 192
4.3039999999550105e-05 191
4.305199999965481e-05 192
4.315999999970899e-05 191
4.317199999981369e-05 192
4.327999999986787e-05 191
4.3291999999972575e-05 192
4.340000000002675e-05 191
4.341199999924328e-05 192
4.3519999999297454e-05 191
4.353199999940216e-05 192
4.3639999999456336e-05 191
4.3712999999279134e-05 192
4.375999999961522e-05 191
4.3771999999719924e-05 192
4.38799999997741e-05 191
4.394999999934868e-05 192
4.399999999993298e-05 191
4.401200000003769e-05 192
4.406999999950756e-05 193
4.4120000000091864e-05 192
4.423999999936257e-05 191
4.425199999946727e-05 192
4.435999999952145e-05 191
4.4371999999626155e-05 192
4.447999999968033e-05 191
4.449199999978504e-05 192
4.459999999983921e-05 191
4.461199999994392e-05 192
4.4719999999998095e-05 191
4.47320000001028e-05 192
4.48399999992688e-05 191
4.484799999993072e-05 192
4.495999999942768e-05 191
4.4971999999532386e-05 192
4.507999999958656e-05 191
4.509199999969127e-05 192
4.5199999999745444e-05 191
4.521199999985015e-05 192
4.5319999999904326e-05 191
4.533200000000903e-05 192
4.544000000006321e-05 191
4.5451999999279735e-05 192
4.5509999999637785e-05 193
4.555999999933391e-05 192
4.557199999943862e-05 193
4.5623999999300224e-05 194
4.567999999949279e-05 193
4.56919999995975e-05 194
4.5799999999651675e-05 193
4.581199999975638e-05 194
4.591999999981056e-05 193
4.593199999991526e-05 194
4.603999999996944e-05 193
4.6052000000074145e-05 194
4.615999999924014e-05 193
4.617199999934485e-05 194
4.6279999999399024e-05 193
4.629199999950373e-05 194
4.6399999999557906e-05 193
4.651999999971679e-05 192
4.663999999987567e-05 191
4.6651999999980376e-05 192
4.676000000003455e-05 191
4.677199999925108e-05 192
4.6879999999305255e-05 191
4.689199999940996e-05 192
4.694999999976801e-05 193
4.699999999946414e-05 192
4.701199999956884e-05 193
4.711999999962302e-05 192
4.7131999999727725e-05 193
4.7190000000085774e-05 194
4.72399999997819e-05 193
4.725199999988661e-05 194
4.735999999994078e-05 193
4.737200000004549e-05 194
4.7480000000099665e-05 193
4.749199999931619e-05 194
4.759999999937037e-05 193
4.7611999999475074e-05 194
4.771999999952925e-05 193
4.7731999999633956e-05 194
4.783999999968813e-05 193
4.785199999979284e-05 194
4.7959999999847014e-05 193
4.8080000000005896e-05 192
4.80920000001106e-05 193
4.81999999992766e-05 192
4.8211999999381305e-05 193
4.831999999943548e-05 192
4.833199999954019e-05 193
4.843999999959436e-05 192
4.845199999969907e-05 193
4.8559999999753245e-05 192
4.857199999985795e-05 193
4.867999999991213e-05 192
4.869200000001683e-05 193
4.880000000007101e-05 192
4.8811999999287536e-05 193
4.891999999934171e-05 192
4.893199999944642e-05 193
4.9039999999500594e-05 192
4.90519999996053e-05 193
4.9159999999659476e-05 192
4.917199999976418e-05 193
4.927999999981836e-05 192
4.9291999999923064e-05 193
4.939999999997724e-05 192
4.946999999955182e-05 193
4.951999999924794e-05 192
4.953199999935265e-05 193
4.9639999999406825e-05 192
4.975999999956571e-05 191
4.987999999972459e-05 190
4.9891999999829295e-05 191
4.9949999999299166e-05 192
4.999999999988347e-05 191
5.001199999998818e-05 192
5.012000000004235e-05 191
5.013199999925888e-05 192
5.0239999999313056e-05 191
5.025199999941776e-05 192
5.035999999947194e-05 191
5.0371999999576644e-05 192
5.047999999963082e-05 191
5.0491999999735526e-05 192
5.05999999997897e-05 191
5.061199999989441e-05 192
5.0719999999948584e-05 191
5.073200000005329e-05 192
5.078999999952316e-05 193
5.0840000000107466e-05 192
5.0851999999323994e-05 193
5.095999999937817e-05 192
5.0971999999482875e-05 193
5.107999999953705e-05 192
5.109199999964176e-05 193
5.119999999969593e-05 192
5.121199999980064e-05 193
5.1319999999854815e-05 192
5.133199999995952e-05 193
5.14400000000137e-05 192
5.14520000001184e-05 193
5.15599999992844e-05 192
5.1571999999389107e-05 193
5.167999999944328e-05 192
5.169199999954799e-05 193
5.1799999999602164e-05 192
5.181199999970687e-05 193
5.1919999999761046e-05 192
5.203999999991993e-05 191
5.2052000000024634e-05 192
5.216000000007881e-05 191
5.217199999929534e-05 192
5.2279999999349513e-05 191
5.229199999945422e-05 192
5.234999999981227e-05 193
5.2399999999508395e-05 192
5.251999999966728e-05 191
5.253199999977198e-05 192
5.2589999999241854e-05 193
5.263999999982616e-05 192
5.2651999999930865e-05 193
5.275999999998504e-05 192
5.277200000008975e-05 193
5.2879999999255745e-05 192
5.289199999936045e-05 193
5.2999999999414626e-05 192
5.301199999951933e-05 193
5.311999999957351e-05 192
5.3131999999678214e-05 193
5.323999999973239e-05 192
5.335999999989127e-05 191
5.337199999999598e-05 192
5.3480000000050154e-05 191
5.349199999926668e-05 192
5.359999999932086e-05 191
5.3611999999425564e-05 192
5.371999999947974e-05 191
5.3731999999584446e-05 192
5.383999999963862e-05 191
5.385199999974333e-05 192
5.39599999997975e-05 191
5.397199999990221e-05 192
5.4079999999956385e-05 191
5.409200000006109e-05 192
5.420000000011527e-05 191
5.4211999999331795e-05 192
5.431999999938597e-05 191
5.4331999999490677e-05 192
5.443999999954485e-05 191
5.445199999964956e-05 192
5.4559999999703734e-05 191
5.457199999980844e-05 192
5.4679999999862616e-05 191
5.469199999996732e-05 192
5.48000000000215e-05 191
5.4869999999596075e-05 192
5.49199999992922e-05 191
5.493199999939691e-05 192
5.5039999999451084e-05 191
5.5159999999609965e-05 190
5.517199999971467e-05 191
5.527999999976885e-05 190
5.5349999999343424e-05 191
5.539999999992773e-05 190
5.5412000000032435e-05 191
5.552000000008661e-05 190
5.553199999930314e-05 191
5.5639999999357315e-05 190
5.565199999946202e-05 191
5.5759999999516197e-05 190
5.57719999996209e-05 191
5.587999999967508e-05 190
5.5891999999779785e-05 191
5.599999999983396e-05 190
5.6011999999938666e-05 191
5.611999999999284e-05 190
5.613200000009755e-05 191
5.6239999999263546e-05 190
5.625199999936825e-05 191
5.63099999997263e-05 192
5.635999999942243e-05 191
5.6371999999527134e-05 192
5.647999999958131e-05 191
5.6491999999686016e-05 192
5.659999999974019e-05 191
5.66119999998449e-05 192
5.671999999989907e-05 191
5.673200000000378e-05 192
5.6840000000057955e-05 191
5.685199999927448e-05 192
5.695999999932866e-05 191
5.6971999999433365e-05 192
5.707999999948754e-05 191
5.709199999959225e-05 192
5.719999999964642e-05 191
5.721199999975113e-05 192
5.7319999999805304e-05 191
5.7439999999964186e-05 190
5.745200000006889e-05 191
5.755999999923489e-05 190
5.7571999999339596e-05 191
5.767999999939377e-05 190
5.769199999949848e-05 191
5.7799999999552654e-05 190
5.7919999999711536e-05 189
5.793199999981624e-05 190
5.803999999987042e-05 189
5.8051999999975124e-05 190
5.81600000000293e-05 189
5.817199999924583e-05 190
5.82799999993e-05 189
5.829199999940471e-05 190
5.8399999999458885e-05 189
5.841199999956359e-05 190
5.851999999961777e-05 189
5.853199999972247e-05 190
5.863999999977665e-05 189
5.8651999999881355e-05 190
5.875999999993553e-05 189
5.888000000009441e-05 188
5.888799999986816e-05 189
5.889199999931094e-05 190
5.8999999999365116e-05 189
5.901199999946982e-05 190
5.9119999999524e-05 189
5.9131999999628704e-05 190
5.923999999968288e-05 189
5.9251999999787586e-05 190
5.935999999984176e-05 189
5.937199999994647e-05 190
5.9480000000000643e-05 189
5.949200000010535e-05 190
5.954999999957522e-05 191
5.959999999927135e-05 190
5.961199999937605e-05 191
5.971999999943023e-05 190
5.9731999999534935e-05 191
5.983999999958911e-05 190
5.995999999974799e-05 189
6.0079999999906875e-05 188
6.009200000001158e-05 189
6.0200000000065756e-05 188
6.0211999999282284e-05 189
6.031999999933646e-05 188
6.0331999999441166e-05 189
6.043999999949534e-05 188
6.045199999960005e-05 189
6.0559999999654224e-05 188
6.057199999975893e-05 189
6.063000000011698e-05 190
6.0679999999813106e-05 189
6.069199999991781e-05 190
6.079999999997199e-05 189
6.0812000000076694e-05 190
6.091999999924269e-05 189
6.09319999993474e-05 190
6.103999999940157e-05 189
6.105199999950628e-05 190
6.115999999956045e-05 189
6.117199999966516e-05 190
6.127999999971934e-05 189
6.129199999982404e-05 190
6.139999999987822e-05 189
6.141199999998292e-05 190
6.14699999994528e-05 191
6.15200000000371e-05 190
6.153199999925363e-05 191
6.158999999961168e-05 192
6.16399999993078e-05 191
6.165199999941251e-05 192
6.175999999946669e-05 191
6.177199999957139e-05 192
6.187999999962557e-05 191
6.189199999973027e-05 192
6.199999999978445e-05 191
6.211999999994333e-05 190
6.213200000004804e-05 191
6.224000000010221e-05 190
6.225199999931874e-05 191
6.235999999937292e-05 190
6.237199999947762e-05 191
6.24799999995318e-05 190
6.24919999996365e-05 191
6.259999999969068e-05 190
6.261199999979539e-05 191
6.271999999984956e-05 190
6.273199999995427e-05 191
6.284000000000844e-05 190
6.285200000011315e-05 191
6.295999999927915e-05 190
6.297199999938385e-05 191
6.307999999943803e-05 190
6.319999999959691e-05 189
6.321199999970162e-05 190
6.33199999997558e-05 189
6.33319999998605e-05 190
6.343999999991468e-05 189
6.356000000007356e-05 188
6.367999999934426e-05 187
6.379999999950314e-05 186
6.391999999966202e-05 185
6.403999999982091e-05 184
6.415999999997979e-05 183
6.427999999925049e-05 182
6.428799999991242e-05 183
6.436599999926074e-05 184
6.439999999940937e-05 183
6.448599999941962e-05 184
6.451999999956826e-05 183
6.463999999972714e-05 182
6.475999999988602e-05 181
6.48800000000449e-05 180
6.489199999926143e-05 181
6.49999999993156e-05 180
6.501199999942031e-05 181
6.511999999947449e-05 180
6.513199999957919e-05 181
6.523999999963337e-05 180
6.525199999973808e-05 181
6.535999999979225e-05 180
6.537199999989696e-05 181
6.547999999995113e-05 180
6.549200000005584e-05 181
6.560000000011001e-05 180
6.561199999932654e-05 181
6.571999999938072e-05 180
6.574799999992109e-05 181
6.578999999984347e-05 182
6.58399999995396e-05 181
6.58519999996443e-05 182
6.595999999969848e-05 181
6.597199999980319e-05 182
6.607999999985736e-05 181
6.620000000001625e-05 180
6.621200000012095e-05 181
6.631999999928695e-05 180
6.633199999939166e-05 181
6.643999999944583e-05 180
6.655999999960471e-05 179
6.66799999997636e-05 178
6.66919999998683e-05 179
6.679999999992248e-05 178
6.681200000002718e-05 179
6.692000000008136e-05 178
6.693199999929789e-05 179
6.703999999935206e-05 178
6.705199999945677e-05 179
6.715999999951094e-05 178
6.726199999995686e-05 179
6.727999999966983e-05 178
6.738200000011574e-05 179
6.739999999982871e-05 178
6.741199999993341e-05 179
6.751999999998759e-05 178
6.758999999956217e-05 179
6.76399999992583e-05 178
6.775999999941718e-05 177
6.787999999957606e-05 176
6.799999999973494e-05 175
6.811999999989382e-05 174
6.82400000000527e-05 173
6.83599999993234e-05 172
6.847999999948229e-05 171
6.859999999964117e-05 170
6.861199999974588e-05 171
6.871999999980005e-05 170
6.883999999995893e-05 169
6.896000000011782e-05 168
6.907999999938852e-05 167
6.91999999995474e-05 166
6.931999999970628e-05 165
6.933199999981099e-05 166
6.943999999986517e-05 165
6.945199999996987e-05 166
6.956000000002405e-05 165
6.967999999929475e-05 164
6.969199999939946e-05 165
6.979999999945363e-05 164
6.991999999961251e-05 163
7.00399999997714e-05 162
7.01579999997648e-05 163
7.015999999993028e-05 162
7.018799999958247e-05 163
7.028000000008916e-05 162
7.029199999930569e-05 163
7.034999999966374e-05 164
7.039999999935986e-05 163
7.041199999946457e-05 164
7.051999999951875e-05 163
7.053199999962345e-05 164
7.063999999967763e-05 163
7.064799999945137e-05 164
7.075999999983651e-05 163
7.087999999999539e-05 162
7.09999999992661e-05 161
7.111999999942498e-05 160
7.123999999958386e-05 159
7.125199999968856e-05 160
7.135999999974274e-05 159
7.137199999984745e-05 160
7.147999999990162e-05 159
7.16000000000605e-05 158
7.161199999927703e-05 159
7.171999999933121e-05 158
7.183999999949009e-05 157
7.195999999964897e-05 156
7.207999999980785e-05 155
7.214999999938243e-05 156
7.219999999996674e-05 155
7.221200000007144e-05 156
7.231999999923744e-05 155
7.233199999934214e-05 156
7.23899999997002e-05 157
7.243999999939632e-05 156
7.245199999950103e-05 157
7.25599999995552e-05 156
7.267999999971408e-05 155
7.279999999987297e-05 154
7.292000000003185e-05 153
7.293199999924838e-05 154
7.303999999930255e-05 153
7.315999999946143e-05 152
7.317199999956614e-05 153
7.327999999962032e-05 152
7.33999999997792e-05 151
7.342799999943139e-05 152
7.351999999993808e-05 151
7.353200000004279e-05 152
7.364000000009696e-05 151
7.365199999931349e-05 152
7.375999999936766e-05 151
7.377199999947237e-05 152
7.382999999983042e-05 153
7.387999999952655e-05 152
7.389199999963125e-05 153
7.399999999968543e-05 152
7.401199999979013e-05 153
7.411999999984431e-05 152
7.413199999994902e-05 153
7.424000000000319e-05 152
7.42520000001079e-05 153
7.43599999992739e-05 152
7.43719999993786e-05 153
7.447999999943278e-05 152
7.459999999959166e-05 151
7.471999999975054e-05 150
7.483999999990942e-05 149
7.49600000000683e-05 148
7.507999999933901e-05 147
7.509199999944371e-05 148
7.519999999949789e-05 147
7.52119999996026e-05 148
7.526999999996065e-05 149
7.531999999965677e-05 148
7.533199999976148e-05 149
7.543999999981565e-05 148
7.545199999992036e-05 149
7.555999999997454e-05 148
7.562999999954911e-05 149
7.567999999924524e-05 148
7.569199999934995e-05 149
7.579999999940412e-05 148
7.581199999950883e-05 149
7.5919999999563e-05 148
7.593199999966771e-05 149
7.603999999972189e-05 148
7.605199999982659e-05 149
7.615999999988077e-05 148
7.617199999998547e-05 149
7.628000000003965e-05 148
7.639999999931035e-05 147
7.641199999941506e-05 148
7.651999999946923e-05 147
7.653199999957394e-05 148
7.663999999962812e-05 147
7.665199999973282e-05 148
7.6759999999787e-05 147
7.687999999994588e-05 146
7.700000000010476e-05 145
7.701199999932129e-05 146
7.711999999937547e-05 145
7.713199999948017e-05 146
7.723999999953435e-05 145
7.725199999963905e-05 146
7.735999999969323e-05 145
7.737199999979794e-05 146
7.747999999985211e-05 145
7.749199999995682e-05 146
7.7600000000011e-05 145
7.76120000001157e-05 146
7.77199999992817e-05 145
7.778999999974445e-05 146
7.783999999944058e-05 145
7.785199999954528e-05 146
7.795999999959946e-05 145
7.797199999970417e-05 146
7.807999999975834e-05 145
7.814999999933292e-05 146
7.819999999991722e-05 145
7.821200000002193e-05 146
7.83200000000761e-05 145
7.833199999929263e-05 146
7.843999999934681e-05 145
7.845199999945152e-05 146
7.855999999950569e-05 145
7.85719999996104e-05 146
7.867999999966457e-05 145
7.869199999976928e-05 146
7.879999999982346e-05 145
7.881199999992816e-05 146
7.891999999998234e-05 145
7.893200000008704e-05 146
7.903999999925304e-05 145
7.905199999935775e-05 146
7.91099999997158e-05 147
7.915999999941192e-05 146
7.917199999951663e-05 147
7.92799999995708e-05 146
7.929199999967551e-05 147
7.939999999972969e-05 146
7.941199999983439e-05 147
7.951999999988857e-05 146
7.953199999999327e-05 147
7.964000000004745e-05 146
7.965199999926398e-05 147
7.975999999931815e-05 146
7.977199999942286e-05 147
7.987999999947704e-05 146
7.989199999958174e-05 147
7.999999999963592e-05 146
8.001199999974062e-05 147
8.01199999997948e-05 146
8.01319999998995e-05 147
8.023999999995368e-05 146
8.036000000011256e-05 145
8.037199999932909e-05 146
8.047999999938327e-05 145
8.049199999948797e-05 146
8.059999999954215e-05 145
8.06700000000049e-05 146
8.071999999970103e-05 145
8.073199999980574e-05 146
8.083999999985991e-05 145
8.085199999996462e-05 146
8.090999999943449e-05 147
8.09600000000188e-05 146
8.10799999992895e-05 145
8.10919999993942e-05 146
8.119999999944838e-05 145
8.121199999955309e-05 146
8.131999999960726e-05 145
8.133199999971197e-05 146
8.143999999976614e-05 145
8.145199999987085e-05 146
8.155999999992503e-05 145
8.168000000008391e-05 144
8.169199999930044e-05 145
8.179999999935461e-05 144
8.181199999945932e-05 145
8.191999999951349e-05 144
8.19319999996182e-05 145
8.203999999967237e-05 144
8.205199999977708e-05 145
8.215999999983126e-05 144
8.217199999993596e-05 145
8.227999999999014e-05 144
8.229200000009484e-05 145
8.239999999926084e-05 144
8.241199999936555e-05 145
8.251999999941972e-05 144
8.253199999952443e-05 145
8.26399999995786e-05 144
8.265199999968331e-05 145
8.275999999973749e-05 144
8.27719999998422e-05 145
8.287999999989637e-05 144
8.289200000000108e-05 145
8.300000000005525e-05 144
8.301199999927178e-05 145
8.306999999962983e-05 146
8.311999999932596e-05 145
8.323999999948484e-05 144
8.325199999958954e-05 145
8.335999999964372e-05 144
8.343000000010647e-05 145
8.34799999998026e-05 144
8.349199999990731e-05 145
8.359999999996148e-05 144
8.361200000006619e-05 145
8.372000000012036e-05 144
8.373199999933689e-05 145
8.383999999939107e-05 144
8.385199999949577e-05 145
8.395999999954995e-05 144
8.397199999965466e-05 145
8.407999999970883e-05 144
8.409199999981354e-05 145
8.419999999986771e-05 144
8.421199999997242e-05 145
8.43200000000266e-05 144
8.433199999924312e-05 145
8.44399999992973e-05 144
8.4451999999402e-05 145
8.455999999945618e-05 144
8.457199999956089e-05 145
8.467999999961506e-05 144
8.469199999971977e-05 145
8.479999999977395e-05 144
8.481199999987865e-05 145
8.491999999993283e-05 144
8.504000000009171e-05 143
8.515999999936241e-05 142
8.52799999995213e-05 141
8.539999999968018e-05 140
8.551999999983906e-05 139
8.563999999999794e-05 138
8.565200000010265e-05 139
8.575999999926864e-05 138
8.587999999942753e-05 137
8.599999999958641e-05 136
8.611999999974529e-05 135
8.613199999985e-05 136
8.623999999990417e-05 135
8.636000000006305e-05 134
8.637199999927958e-05 135
8.647999999933376e-05 134
8.659999999949264e-05 133
8.671999999965152e-05 132
8.68399999998104e-05 131
8.695999999996928e-05 130
8.707999999923999e-05 129
8.70919999993447e-05 130
8.719999999939887e-05 129
8.731999999955775e-05 128
8.743999999971663e-05 127
8.755999999987552e-05 126
8.76800000000344e-05 125
8.77999999993051e-05 124
8.791999999946398e-05 123
8.803999999962286e-05 122
8.815999999978175e-05 121
8.827999999994063e-05 120
8.840000000009951e-05 119
8.851999999937021e-05 118
8.86399999995291e-05 117
8.86519999996338e-05 118
8.875999999968798e-05 117
8.887999999984686e-05 116
8.900000000000574e-05 115
8.900799999977949e-05 116
8.911999999927644e-05 115
8.923999999943533e-05 114
8.935999999959421e-05 113
8.947999999975309e-05 112
8.959999999991197e-05 111
8.972000000007085e-05 110
8.983999999934156e-05 109
8.995999999950044e-05 108
9.007999999965932e-05 107
9.01999999998182e-05 106
9.031999999997709e-05 105
9.043999999924779e-05 104
9.055999999940667e-05 103
9.067999999956555e-05 102
9.079999999972443e-05 101
9.091999999988332e-05 100
9.10400000000422e-05 99
9.11599999993129e-05 98
9.127999999947178e-05 97
9.139999999963067e-05 96
9.151999999978955e-05 95
9.163999999994843e-05 94
9.176000000010731e-05 93
9.187999999937801e-05 92
9.19999999995369e-05 91
9.211999999969578e-05 90
9.223999999985466e-05 89
9.236000000001354e-05 88
9.247999999928425e-05 87
9.259999999944313e-05 86
9.271999999960201e-05 85
9.283999999976089e-05 84
9.295999999991977e-05 83
9.308000000007866e-05 82
9.319999999934936e-05 81
9.331999999950824e-05 80
9.343999999966712e-05 79
9.3559999999826e-05 78
9.367999999998489e-05 77
9.379999999925559e-05 76
9.391999999941447e-05 75
9.403999999957335e-05 74
9.415999999973224e-05 73
9.427999999989112e-05 72
9.440000000005e-05 71
9.45199999993207e-05 70
9.463999999947958e-05 69
9.475999999963847e-05 68
9.487999999979735e-05 67
9.499999999995623e-05 66
9.512000000011511e-05 65
9.523999999938582e-05 64
9.53599999995447e-05 63
9.547999999970358e-05 62
9.559999999986246e-05 61
9.572000000002134e-05 60
9.583999999929205e-05 59
9.595999999945093e-05 58
9.607999999960981e-05 57
9.619999999976869e-05 56
9.631999999992757e-05 55
9.644000000008646e-05 54
9.655999999935716e-05 53
9.667999999951604e-05 52
9.679999999967492e-05 51
9.69199999998338e-05 50
9.703999999999269e-05 49
9.715999999926339e-05 48
9.727999999942227e-05 47
9.739999999958115e-05 46
9.751999999974004e-05 45
9.763999999989892e-05 44
9.766400000010833e-05 45
9.77600000000578e-05 44
9.78799999993285e-05 43
9.799999999948739e-05 42
9.811999999964627e-05 41
9.823999999980515e-05 40
9.835999999996403e-05 39
9.847999999923474e-05 38
9.859999999939362e-05 37
9.87199999995525e-05 36
9.883999999971138e-05 35
9.895999999987026e-05 34
9.908000000002914e-05 33
9.919999999929985e-05 32
9.931999999945873e-05 31
9.943999999961761e-05 30
9.95599999997765e-05 29
9.967999999993538e-05 28
9.974600000006717e-05 29
9.980000000009426e-05 28
9.991999999936496e-05 27
0.00010003999999952384 26
0.00010015999999968273 25
0.00010027999999984161 24
0.00010040000000000049 23
0.00010046699999932684 24
0.00010051999999927119 23
0.00010063999999943007 22
0.00010075999999958896 21
0.00010079599999990307 22
0.00010087999999974784 21
0.0001009639999995926 22
0.00010099399999941028 23
0.00010099999999990672 22
0.0001011200000000656 21
0.0001012399999993363 20
0.00010135999999949519 19
0.00010138099999945638 20
0.00010147999999965407 19
0.00010159999999981295 18
0.00010171999999997183 17
0.00010183999999924254 16
0.00010195999999940142 15
0.0001020799999995603 14
0.0001021249999997309 15
0.00010219999999971918 14
0.00010231999999987806 13
0.00010244000000003695 12
0.00010255999999930765 11
0.00010257199999941236 12
0.00010267999999946653 11
0.00010279999999962541 10
0.0001029199999997843 9
0.00010303999999994318 8
0.00010316000000010206 7
0.00010327999999937276 6
0.0001033139999995214 7
0.00010336499999930027 8
0.00010339999999953164 7
0.00010351999999969053 6
0.00010361899999988822 7
0.00010363999999984941 6
0.00010376000000000829 5
0.00010380199999993067 6
0.000103879999999279 5
0.00010399999999943788 4
0.00010411999999959676 3
0.00010423999999975564 2
0.0001043239999996004 3
0.00010435999999991452 2
0.00010437699999954475 3
0.00010440699999936243 4
0.00010443700000006828 5
0.0001044800000000734 4
0.00010448299999943345 5
0.0001045999999993441 4
0.00010471999999950299 3
0.00010483999999966187 2
0.00010495399999932431 3
0.00010495999999982075 2
0.00010507999999997963 1
0.00010519999999925034 0
0.00010527299999996131 1
0.00010531999999940922 0
0.00010559299999979288 1
0.00010559299999979288 0
0.00010642399999927221 1
0.00010642399999927221 0
0.00010734699999925823 1
0.00010734699999925823 0
0.0001074029999994508 1
0.0001074029999994508 0
0.00010755699999975832 1
0.00010755699999975832 0
0.00010777699999930945 1
0.00010777699999930945 0
0.00010833899999962426 1
0.00010833899999962426 0
0.000108596999999655 1
0.000108596999999655 0
0.00010900099999933133 1
0.00010900099999933133 0
0.00010950699999945357 1
0.00010950699999945357 0
0.00011420999999955939 1
0.00011420999999955939 0
0.00011434899999951398 1
0.00011434899999951398 0
0.00011497599999987784 1
0.00011497599999987784 0
0.00011601599999977452 1
0.00011601599999977452 0
0.00011889099999962127 1
0.00011889099999962127 0
0.00011957599999945501 1
0.00011957599999945501 0
0.00012007899999932903 1
0.00012007899999932903 0
0.00012141599999981878 1
0.00012141599999981878 0
0.00012283999999951334 1
0.00012283999999951334 0
0.0001228719999994965 1
0.0001228719999994965 0
0.00012323899999966414 1
0.00012323899999966414 0
0.00012508000000011066 1
0.00012508000000011066 0
0.0001255479999997533 1
0.0001255479999997533 0
0.0001280609999998461 1
0.0001280609999998461 0
0.0001284599999999969 1
0.0001284599999999969 0
0.0001287899999997677 1
0.0001287899999997677 0
0.0001321239999994006 1
0.0001321239999994006 0
0.00014296899999965973 1
0.00014296899999965973 0
0.00016158800000010132 1
0.00016158800000010132 0
0.00016637299999988642 1
0.00016637299999988642 0
0.0001857649999994493 1
0.0001857649999994493 0
0.000185845999999934 1
0.000185845999999934 0
0.00019049699999929004 1
0.00019049699999929004 0
0.0001915370000000749 1
0.0001915370000000749 0
0.00019280699999946194 1
0.00019280699999946194 0
0.00019805999999977786 1
0.00019805999999977786 0
0.0001983909999996314 1
0.0001983909999996314 0
0.00019912399999988395 1
0.00019912399999988395 0
0.00019996199999994246 1
0.00019996199999994246 0
0.0002015179999999006 1
0.0002015179999999006 0
0.00020349099999972253 1
0.00020349099999972253 0
0.00020477499999937976 1
0.00020477499999937976 0
0.00020534899999979928 1
0.00020534899999979928 0
0.00020666299999927418 1
0.00020666299999927418 0
0.0002070579999999822 1
0.0002070579999999822 0
0.00020928899999983486 1
0.00020928899999983486 0
0.0002093890000001153 1
0.0002093890000001153 0
0.00020978199999976965 1
0.00020978199999976965 0
0.00021035299999994095 1
0.00021035299999994095 0
0.0002107840000000749 1
0.0002107840000000749 0
0.00021123799999944737 1
0.00021123799999944737 0
0.00021126799999926504 1
0.00021126799999926504 0
0.00021160799999986324 1
0.00021160799999986324 0
0.0002135540000001157 1
0.0002135540000001157 0
0.00021358399999993338 1
0.00021358399999993338 0
0.00021365099999925974 1
0.0002136739999993864 0
0.00021633599999937303 1
0.00021633599999937303 0
0.00021653800000009937 1
0.00021653800000009937 0
0.00021759599999970902 1
0.00021759599999970902 0
0.00021967999999983334 1
0.00021967999999983334 0
0.00021970999999965102 1
0.00021970999999965102 0
0.00022217699999949048 1
0.00022217699999949048 0
0.00022234699999934548 1
0.00022234699999934548 0
0.00022301699999971447 1
0.00022301699999971447 0
0.00022484600000005628 1
0.00022484600000005628 0
0.00022584599999930788 1
0.00022584599999930788 0
0.00022727699999958162 1
0.00022727699999958162 0
0.00023339399999944277 1
0.00023339399999944277 0
0.0002339019999997305 1
0.0002339019999997305 0
0.00023544699999966667 1
0.00023544699999966667 0
0.00023579399999995587 1
0.00023579399999995587 0
0.0002361009999996 1
0.0002361009999996 0
0.0002400509999995748 1
0.0002400509999995748 0
0.00024410899999960378 1
0.00024410899999960378 0
0.0002491359999998721 1
0.0002491359999998721 0
0.000250366999999585 1
0.000250366999999585 0
0.00025316899999960896 1
0.00025316899999960896 0
0.00025461099999990466 1
0.00025461099999990466 0
0.0002556029999993825 1
0.0002556029999993825 0
0.00025628299999969073 1
0.00025628299999969073 0
0.0002590739999996927 1
0.0002590739999996927 0
0.0002599839999994913 1
0.0002599839999994913 0
0.00026102299999930523 1
0.00026102299999930523 0
0.00026442599999931815 1
0.00026442599999931815 0
0.00027052100000002355 1
0.00027052100000002355 0
0.0002710009999997709 1
0.0002710009999997709 0
0.00027314499999953057 1
0.00027314499999953057 0
0.00027441399999972305 1
0.00027441399999972305 0
0.0002753749999993005 1
0.0002753749999993005 0
0.0002764419999996548 1
0.0002764419999996548 0
0.0002770739999995442 1
0.0002770739999995442 0
0.00028052699999925323 1
0.00028052699999925323 0
0.00028139399999993486 1
0.00028139399999993486 0
0.0002814659999996749 1
0.0002814659999996749 0
0.0002815599999994589 1
0.0002815599999994589 0
0.0002817369999998931 1
0.0002817369999998931 0
0.0002819139999994391 1
0.0002819139999994391 0
0.0002827260000000109 1
0.0002827260000000109 0
0.0002835729999999259 1
0.0002835729999999259 0
0.00028432899999941696 1
0.00028432899999941696 0
0.0002846800000000371 1
0.0002846800000000371 0
0.0002864979999994688 1
0.0002864979999994688 0
0.0002869969999999 1
0.0002869969999999 0
0.00028882199999991087 1
0.00028882199999991087 0
0.00029215100000001826 1
0.00029215100000001826 0
0.00029220699999932265 1
0.00029220699999932265 0
0.00029227099999928896 1
0.00029227099999928896 0
0.0002924189999999882 1
0.0002924189999999882 0
0.0002930079999998725 1
0.0002930079999998725 0
0.00029313699999988785 1
0.00029313699999988785 0
0.00029371299999958467 1
0.00029371299999958467 0
0.0002938999999999581 1
0.0002938999999999581 0
0.0002946409999999844 1
0.0002946409999999844 0
0.0002962429999993077 1
0.0002962429999993077 0
0.00029735999999935814 1
0.00029735999999935814 0
0.0002986619999996165 1
0.0002986619999996165 0
0.00029992999999972625 1
0.00029992999999972625 0
0.00030460400000009713 1
0.00030460400000009713 0
0.0003048219999994828 1
0.0003048219999994828 0
0.00030816899999930314 1
0.00030816899999930314 0
0.0003125879999998915 1
0.0003125879999998915 0
0.00031291399999933134 1
0.00031291399999933134 0
0.00031295500000005916 1
0.00031295500000005916 0
0.00031613999999979825 1
0.00031613999999979825 0
0.00031705600000009326 1
0.00031705600000009326 0
0.00031708599999991094 1
0.00031708599999991094 0
0.0003189089999997563 1
0.0003189089999997563 0
0.000318938999999574 1
0.000318938999999574 0
0.0003208569999992861 1
0.0003208569999992861 0
0.0003210559999997642 1
0.0003210559999997642 0
0.00032176499999980734 1
0.00032176499999980734 0
0.0003234769999993503 1
0.0003234769999993503 0
0.00032416899999976323 1
0.00032416899999976323 0
0.00032546699999969064 1
0.00032546699999969064 0
0.00032612799999931497 1
0.00032612799999931497 0
0.0003261580000000208 1
0.0003261580000000208 0
0.00032846799999930454 1
0.00032846799999930454 0
0.0003291979999993089 1
0.0003291979999993089 0
0.00033071199999934464 1
0.00033071199999934464 0
0.0003319169999995708 1
0.0003319169999995708 0
0.0003354769999992513 1
0.0003354769999992513 0
0.0003386629999999613 1
0.0003386629999999613 0
0.0003406729999992919 1
0.0003406729999992919 0
0.00034173400000003795 1
0.00034173400000003795 0
0.00034593299999929883 1
0.00034593299999929883 0
0.00034628500000000173 1
0.00034628500000000173 0
0.0003471689999994254 1
0.0003471689999994254 0
0.00034986699999972615 1
0.00034986699999972615 0
0.0003511119999997092 1
0.0003511119999997092 0
0.00035125499999999477 1
0.00035125499999999477 0
0.00035241999999957585 1
0.00035241999999957585 0
0.00035315799999935393 1
0.00035315799999935393 0
0.000353479999999351 1
0.000353479999999351 0
0.0003540470000000795 1
0.0003540470000000795 0
0.00035407699999989717 1
0.00035407699999989717 0
0.0003546199999995281 1
0.0003546199999995281 0
0.0003548589999997631 1
0.0003548589999997631 0
0.0003554039999995595 1
0.0003554039999995595 0
0.00035579199999968836 1
0.00035579199999968836 0
0.0003560339999992834 1
0.0003560339999992834 0
0.0003570579999996326 1
0.0003570579999996326 0
0.0003573009999993104 1
0.0003573009999993104 0
0.0003573359999995418 1
0.0003573359999995418 0
0.00035924799999964563 1
0.00035924799999964563 0
0.0003596599999999839 1
0.0003596599999999839 0
0.00036246699999953336 1
0.00036246699999953336 0
0.0003625619999994001 1
0.0003625619999994001 0
0.0003630649999992741 1
0.0003630649999992741 0
0.00036347899999977784 1
0.00036347899999977784 0
0.00036439199999982463 1
0.00036439199999982463 0
0.0003647589999999923 1
0.0003647589999999923 0
0.0003649049999996379 1
0.0003649049999996379 0
0.00036558199999969787 1
0.00036558199999969787 0
0.00036691199999960844 1
0.00036691199999960844 0
0.00036755199999927157 1
0.00036755199999927157 0
0.0003678499999999474 1
0.0003678499999999474 0
0.00037025999999951154 1
0.00037025999999951154 0
0.0003705039999992721 1
0.0003705039999992721 0
0.0003706299999999274 1
0.0003706299999999274 0
0.000371533000000035 1
0.000371533000000035 0
0.0003767049999998662 1
0.0003767049999998662 0
0.00037842699999934837 1
0.00037842699999934837 0
0.00037877399999963757 1
0.00037877399999963757 0
0.00037994199999946687 1
0.00037994199999946687 0
0.0003801079999998791 1
0.0003801079999998791 0
0.00038056699999966526 1
0.00038056699999966526 0
0.0003814169999998285 1
0.0003814169999998285 0
0.00038168499999979844 1
0.00038168499999979844 0
0.00038179099999968713 1
0.00038179099999968713 0
0.00038441299999991685 1
0.00038441299999991685 0
0.0003863209999996897 1
0.0003863209999996897 0
0.0003866019999998471 1
0.0003866019999998471 0
0.00038670599999957034 1
0.00038670599999957034 0
0.00038761999999969987 1
0.00038761999999969987 0
0.0003882439999998155 1
0.0003882439999998155 0
0.0003912159999996945 1
0.0003912159999996945 0
0.00039140899999967615 1
0.00039140899999967615 0
0.0003929749999995735 1
0.0003929749999995735 0
0.00039409899999931497 1
0.00039409899999931497 0
0.00039566099999976956 1
0.00039566099999976956 0
0.00039860099999966536 1
0.00039860099999966536 0
0.00040052399999979116 1
0.00040052399999979116 0
0.0004014089999992976 1
0.0004014089999992976 0
0.0004027289999992689 1
0.0004027289999992689 0
0.0004032589999996006 1
0.0004032589999996006 0
0.0004051099999999863 1
0.0004051099999999863 0
0.0004053739999996253 1
0.0004053739999996253 0
0.00040564599999992623 1
0.00040564599999992623 0
0.000405986999999719 1
0.000405986999999719 0
0.0004061289999999218 1
0.0004061289999999218 0
0.0004061589999997395 1
0.0004061589999997395 0
0.0004066379999994041 1
0.0004066379999994041 0
0.00040741999999927003 1
0.00040741999999927003 0
0.0004090029999996858 1
0.0004090029999996858 0
0.0004093899999997319 1
0.0004093899999997319 0
0.00041174399999999167 1
0.00041174399999999167 0
0.0004122179999992426 1
0.0004122179999992426 0
0.00041229499999939634 1
0.00041229499999939634 0
0.00041266099999948125 1
0.00041266099999948125 0
0.0004130609999997148 1
0.0004130609999997148 0
0.00041324599999992273 1
0.00041324599999992273 0
0.00041351299999980995 1
0.00041351299999980995 0
0.0004136459999992681 1
0.0004136459999992681 0
0.000414688999999413 1
0.000414688999999413 0
0.00041568599999930456 1
0.00041568599999930456 0
0.0004158409999996948 1
0.0004158409999996948 0
0.0004169049999998009 1
0.0004169049999998009 0
0.00041718399999979283 1
0.00041718399999979283 0
0.0004173429999996259 1
0.0004173429999996259 0
0.0004174289999996361 1
0.0004174289999996361 0
0.0004177020000000198 1
0.0004177020000000198 0
0.0004180489999994208 1
0.0004180489999994208 0
0.00042007299999990977 1
0.00042007299999990977 0
0.00042010299999972744 1
0.00042010299999972744 0
0.00042216099999947687 1
0.00042216099999947687 0
0.00042240799999948564 1
0.00042240799999948564 0
0.0004228129999992447 1
0.0004228129999992447 0
0.000423039999999375 1
0.000423039999999375 0
0.00042509299999959893 1
0.00042509299999959893 0
0.0004256839999996487 1
0.0004256839999996487 0
0.00042663699999945237 1
0.00042663699999945237 0
0.0004284949999995291 1
0.0004284949999995291 0
0.0004286899999996763 1
0.0004286899999996763 0
0.00042949599999975163 1
0.00042949599999975163 0
0.0004313589999993539 1
0.0004313589999993539 0
0.0004319800000001095 1
0.0004319800000001095 0
0.0004325839999994585 1
0.0004325839999994585 0
0.0004328700000000296 1
0.0004328700000000296 0
0.0004340190000000632 1
0.0004340190000000632 0
0.0004347659999996978 1
0.0004347659999996978 0
0.0004356249999997175 1
0.0004356249999997175 0
0.00043590199999954393 1
0.00043590199999954393 0
0.00043642899999962737 1
0.00043642899999962737 0
0.0004375059999999209 1
0.0004375059999999209 0
0.0004384589999997246 1
0.0004384589999997246 0
0.0004387259999996118 1
0.0004387259999996118 0
0.0004393559999993357 1
0.0004393559999993357 0
0.0004399409999997772 1
0.0004399409999997772 0
0.0004416559999995684 1
0.0004416559999995684 0
0.00044373799999952723 1
0.00044373799999952723 0
0.00044400299999924897 1
0.00044400299999924897 0
0.0004443509999996209 1
0.0004443509999996209 0
0.0004449929999994495 1
0.0004449929999994495 0
0.00044645000000009816 1
0.00044645000000009816 0
0.00044658599999980453 1
0.00044658599999980453 0
0.0004479209999992406 1
0.0004479209999992406 0
0.00044836799999981025 1
0.00044836799999981025 0
0.00044895999999994274 1
0.00044895999999994274 0
0.00044912300000010674 1
0.00044912300000010674 0
0.00044976499999993536 1
0.00044976499999993536 0
0.00044999099999998293 1
0.00044999099999998293 0
0.0004502170000000305 1
0.0004502170000000305 0
0.0004507919999996446 1
0.0004507919999996446 0
0.00045120399999998284 1
0.00045120399999998284 0
0.0004512339999998005 1
0.0004512339999998005 0
0.00045163799999947685 1
0.00045163799999947685 0
0.00045247799999970084 1
0.00045247799999970084 0
0.0004536740000000705 1
0.0004536740000000705 0
0.0004540579999998684 1
0.0004540579999998684 0
0.00045411599999933827 1
0.00045411599999933827 0
0.0004556060000000528 1
0.0004556060000000528 0
0.0004557379999994282 1
0.0004557379999994282 0
0.00045640199999930076 1
0.00045640199999930076 0
0.00045748699999936804 1
0.00045748699999936804 0
0.00045804199999999184 1
0.00045804199999999184 0
0.000458073999999975 1
0.000458073999999975 0
0.00045883499999987976 1
0.00045883499999987976 0
0.00045981400000005834 1
0.00045981400000005834 0
0.000460263999999988 1
0.000460263999999988 0
0.0004608479999994586 1
0.0004608479999994586 0
0.00046091099999934215 1
0.00046091099999934215 0
0.000461197999999996 1
0.000461197999999996 0
0.0004613700000000165 1
0.0004613700000000165 0
0.000461468999999326 1
0.000461468999999326 0
0.0004635669999997205 1
0.0004635669999997205 0
0.00046453599999995987 1
0.00046453599999995987 0
0.0004645700000001085 1
0.0004645700000001085 0
0.0004646049999994517 1
0.00046465600000011875 0
0.0004654309999994055 1
0.0004654309999994055 0
0.00046745999999942 1
0.00046745999999942 0
0.0004680150000000438 1
0.0004680150000000438 0
0.0004697229999992558 1
0.0004697229999992558 0
0.00047041799999991696 1
0.00047041799999991696 0
0.00047044799999973463 1
0.00047044799999973463 0
0.0004704779999995523 1
0.00047053800000007584 0
0.0004706469999993246 1
0.00047065799999934654 0
0.0004725589999994284 1
0.0004725589999994284 0
0.00047275099999932735 1
0.00047275099999932735 0
0.0004728639999997952 1
0.0004728639999997952 0
0.0004731909999993178 1
0.0004731909999993178 0
0.0004733559999996473 1
0.0004733559999996473 0
0.0004733969999994869 1
0.0004733969999994869 0
0.0004736469999997439 1
0.0004736469999997439 0
0.0004745119999993719 1
0.0004745119999993719 0
0.00047566799999998466 1
0.00047566799999998466 0
0.0004760249999993249 1
0.0004760249999993249 0
0.00047606799999933 1
0.00047606799999933 0
0.0004761200000000798 1
0.0004761449999994838 0
0.0004765710000000922 1
0.0004765710000000922 0
0.0004775239999998959 1
0.0004775239999998959 0
0.00047781199999974433 1
0.00047781199999974433 0
0.000478688999999477 1
0.000478688999999477 0
0.0004787859999995092 1
0.0004787859999995092 0
0.00047915899999928513 1
0.00047915899999928513 0
0.0004800759999996629 1
0.0004800759999996629 0
0.0004810580000000897 1
0.0004810580000000897 0
0.0004812249999996965 1
0.0004812249999996965 0
0.0004816270000000955 1
0.0004816270000000955 0
0.00048313499999963483 1
0.00048313499999963483 0
0.0004843189999998998 1
0.0004843189999998998 0
0.00048450599999938504 1
0.00048450599999938504 0
0.0004852689999994553 1
0.0004852689999994553 0
0.00048557099999957387 1
0.00048557099999957387 0
0.0004859279999998023 1
0.0004859279999998023 0
0.00048600199999970783 1
0.00048600199999970783 0
0.000486279999999617 1
0.000486279999999617 0
0.0004874289999996506 1
0.0004874289999996506 0
0.0004874899999993687 1
0.0004874899999993687 0
0.0004880680000001192 1
0.0004880680000001192 0
0.0004881289999998373 1
0.0004881289999998373 0
0.00048820799999926834 1
0.00048820799999926834 0
0.0004894619999999961 1
0.0004894619999999961 0
0.0004898629999994242 1
0.0004898629999994242 0
0.0004902019999999396 1
0.0004902019999999396 0
0.0004908359999999945 1
0.0004908359999999945 0
0.0004912990000001116 1
0.0004912990000001116 0
0.0004913399999999513 1
0.0004913399999999513 0
0.0004916129999994467 1
0.0004916129999994467 0
0.0004930700000000954 1
0.0004930700000000954 0
0.0004937140000000895 1
0.0004937140000000895 0
0.0004938029999994598 1
0.0004938029999994598 0
0.0004949949999994985 1
0.0004949949999994985 0
0.000495517999999251 1
0.000495517999999251 0
0.0004955600000000615 1
0.0004955600000000615 0
0.0004955899999998792 1
0.0004956379999994098 0
0.0004966999999993504 1
0.0004966999999993504 0
0.0004970029999995518 1
0.0004970029999995518 0
0.000497432999999603 1
0.000497432999999603 0
0.0004978969999998029 1
0.0004978969999998029 0
0.0004981339999998724 1
0.0004981339999998724 0
0.0004984339999998255 1
0.0004984339999998255 0
0.0004993199999994147 1
0.0004993199999994147 0
0.0005001870000000963 1
0.0005001870000000963 0
0.0005003669999998905 1
0.0005003669999998905 0
0.0005007499999996057 1
0.0005007499999996057 0
0.0005007799999994234 1
0.0005007799999994234 0
0.0005008109999993238 1
0.0005008699999997646 0
0.0005008840000000347 1
0.0005009209999995434 2
0.0005009899999999234 1
0.0005011100000000823 0
0.0005014119999993127 1
0.0005014119999993127 0
0.0005024369999997447 1
0.0005024369999997447 0
0.0005031289999992694 1
0.0005031289999992694 0
0.0005031589999999753 1
0.0005031589999999753 0
0.0005035129999999555 1
0.0005035129999999555 0
0.0005036239999993697 1
0.0005036239999993697 0
0.0005042760000000257 1
0.0005042760000000257 0
0.0005043059999998434 1
0.0005043059999998434 0
0.0005052969999992385 1
0.0005052969999992385 0
0.0005065939999999713 1
0.0005065939999999713 0
0.0005068759999993233 1
0.0005068759999993233 0
0.0005072869999995788 1
0.0005072869999995788 0
0.0005076879999998951 1
0.0005076879999998951 0
0.000507720999999961 1
0.000507720999999961 0
0.000507897999999507 1
0.000507897999999507 0
0.0005081739999992507 1
0.0005081739999992507 0
0.0005085659999997105 1
0.0005085659999997105 0
0.0005087960000000891 1
0.0005087960000000891 0
0.0005089419999997347 1
0.0005089419999997347 0
0.0005092839999996102 1
0.0005092839999996102 0
0.0005094610000000444 1
0.0005094610000000444 0
0.0005095829999994805 1
0.0005095829999994805 0
0.0005097819999999587 1
0.0005097819999999587 0
0.000510927999999744 1
0.000510927999999744 0
0.0005110529999994284 1
0.0005110529999994284 0
0.0005110829999992461 1
0.0005110829999992461 0
0.0005111189999995602 1
0.0005111729999995873 0
0.0005113239999996466 1
0.0005113239999996466 0
0.0005131769999993097 1
0.0005131769999993097 0
0.0005133260000000917 1
0.0005133260000000917 0
0.000513971999999363 1
0.000513971999999363 0
0.0005141319999992788 1
0.0005141319999992788 0
0.0005142479999999949 1
0.0005142479999999949 0
0.000514554999999639 1
0.000514554999999639 0
0.0005152949999995826 1
0.0005152949999995826 0
0.0005160749999992831 1
0.0005160749999992831 0
0.0005171269999992845 1
0.0005171269999992845 0
0.0005171569999999903 1
0.0005171569999999903 0
0.0005173359999997018 1
0.0005173359999997018 0
0.000517685999999351 1
0.000517685999999351 0
0.0005178089999997582 1
0.0005178089999997582 0
0.0005178450000000723 1
0.0005178450000000723 0
0.0005181770000000085 1
0.0005181770000000085 0
0.0005182539999992741 1
0.0005182539999992741 0
0.000519202999999635 1
0.000519202999999635 0
0.0005200399999996108 1
0.0005200399999996108 0
0.0005202319999995098 1
0.0005202319999995098 0
0.0005202619999993274 1
0.0005202619999993274 0
0.0005204759999992703 1
0.0005204759999992703 0
0.000520574999999468 1
0.000520574999999468 0
0.0005209729999995361 1
0.0005209729999995361 0
0.0005210089999998502 1
0.0005210089999998502 0
0.0005217829999999424 1
0.0005217829999999424 0
0.0005218539999995997 1
0.0005218539999995997 0
0.0005219309999997535 1
0.0005219309999997535 0
0.0005224039999998098 1
0.0005224039999998098 0
0.0005226509999998186 1
0.0005226509999998186 0
0.0005229359999994188 1
0.0005229359999994188 0
0.0005231279999993177 1
0.0005231279999993177 0
0.0005250050000000783 1
0.0005250050000000783 0
0.0005252149999996902 1
0.0005252149999996902 0
0.0005253519999994793 1
0.0005253519999994793 0
0.0005254639999998645 1
0.0005254639999998645 0
0.0005258320000001149 1
0.0005258320000001149 0
0.0005260169999994346 1
0.0005260169999994346 0
0.0005260469999992523 1
0.0005260469999992523 0
0.0005264640000000043 1
0.0005264640000000043 0
0.0005267419999999134 1
0.0005267419999999134 0
0.0005269649999997128 1
0.0005269649999997128 0
0.0005270419999998666 1
0.0005270419999998666 0
0.0005271049999997501 1
0.0005271049999997501 0
0.0005276439999999383 1
0.0005276439999999383 0
0.0005277219999992866 1
0.0005277219999992866 0
0.0005281949999993429 1
0.0005281949999993429 0
0.0005287279999999228 1
0.0005287279999999228 0
0.0005289199999998218 1
0.0005289199999998218 0
0.0005292029999992565 1
0.0005292029999992565 0
0.0005292949999997631 1
0.0005292949999997631 0
0.0005301460000000091 1
0.0005301460000000091 0
0.0005307849999995895 1
0.0005307849999995895 0
0.000531119999999774 1
0.000531119999999774 0
0.0005311499999995917 1
0.0005311499999995917 0
0.0005314789999992797 1
0.0005314789999992797 0
0.0005315089999999856 1
0.0005315089999999856 0
0.0005316239999997308 1
0.0005316239999997308 0
0.0005318159999996297 1
0.0005318159999996297 0
0.0005325119999994854 1
0.0005325119999994854 0
0.0005327999999993338 1
0.0005327999999993338 0
0.0005328849999992613 1
0.0005328849999992613 0
0.0005330049999994202 1
0.0005330049999994202 0
0.0005332969999995996 1
0.0005332969999995996 0
0.0005334740000000338 1
0.0005334740000000338 0
0.0005336309999997013 1
0.0005336309999997013 0
0.0005345199999995387 1
0.0005345199999995387 0
0.0005347079999999949 1
0.0005347079999999949 0
0.0005347379999998125 1
0.0005347379999998125 0
0.0005348480000000322 1
0.0005348480000000322 0
0.0005349109999999158 1
0.0005349479999994244 0
0.0005353289999998623 1
0.0005353289999998623 0
0.000535434999999751 1
0.000535434999999751 0
0.0005357809999999574 1
0.0005357809999999574 0
0.0005358109999997751 1
0.0005358109999997751 0
0.0005362719999997267 1
0.0005362719999997267 0
0.0005363679999996762 1
0.0005363679999996762 0
0.0005374159999993466 1
0.0005374159999993466 0
0.0005376039999998028 1
0.0005376039999998028 0
0.0005376339999996205 1
0.0005376339999996205 0
0.0005378010000001154 1
0.0005378010000001154 0
0.000538391999999277 1
0.000538391999999277 0
0.0005386769999997654 1
0.0005386769999997654 0
0.000539640999999591 1
0.000539640999999591 0
0.0005403120000000428 1
0.0005403120000000428 0
0.0005404039999996613 1
0.0005404039999996613 0
0.0005404999999996107 1
0.0005404999999996107 0
0.0005405299999994284 1
0.0005405519999994723 0
0.0005409529999997886 1
0.0005409529999997886 0
0.0005411089999993735 1
0.0005411089999993735 0
0.000541338999999752 1
0.000541338999999752 0
0.0005415250000000427 1
0.0005415250000000427 0
0.0005415729999995733 1
0.0005415729999995733 0
0.0005417559999996158 1
0.0005417559999996158 0
0.0005423730000000404 1
0.0005423730000000404 0
0.0005424979999997248 1
0.0005424979999997248 0
0.0005430070000000953 1
0.0005430070000000953 0
0.000543036999999913 1
0.000543036999999913 0
0.0005432079999998507 1
0.0005432079999998507 0
0.0005433959999994187 1
0.0005433959999994187 0
0.0005434259999992364 1
0.0005434259999992364 0
0.0005434559999999422 1
0.0005435159999995776 0
0.000543844000000071 1
0.000543844000000071 0
0.0005438749999999715 1
0.0005438749999999715 0
0.0005444689999993813 1
0.0005444689999993813 0
0.0005453439999998366 1
0.0005453439999998366 0
0.0005455070000000006 1
0.0005455070000000006 0
0.000545723000000109 1
0.000545723000000109 0
0.0005461039999996586 1
0.0005461039999996586 0
0.000546160999999934 1
0.000546160999999934 0
0.0005462920000001148 1
0.0005462920000001148 0
0.0005463219999999325 1
0.0005463439999999764 0
0.0005463519999997501 1
0.0005464639999992471 0
0.0005465490000000628 1
0.000546583999999406 0
0.0005468129999997018 1
0.0005468129999997018 0
0.0005473650000000774 1
0.0005473650000000774 0
0.0005477889999996322 1
0.0005477889999996322 0
0.0005486089999999777 1
0.0005486089999999777 0
0.0005488489999994073 1
0.0005488489999994073 0
0.0005489999999994666 1
0.0005489999999994666 0
0.0005491879999999227 1
0.0005491879999999227 0
0.0005492179999997404 1
0.0005492179999997404 0
0.0005502530000001116 1
0.0005502530000001116 0
0.0005502829999999292 1
0.0005502829999999292 0
0.0005507629999996766 1
0.0005507629999996766 0
0.0005514159999995272 1
0.0005514159999995272 0
0.0005517049999994583 1
0.0005517049999994583 0
0.0005518959999992745 1
0.0005518959999992745 0
0.0005520409999997256 1
0.0005520409999997256 0
0.0005520839999997307 1
0.0005520839999997307 0
0.0005521139999995484 1
0.000552143999999366 2
0.0005521609999998844 1
0.0005522810000000433 0
0.0005523629999997226 1
0.000552400999999314 0
0.0005531569999996933 1
0.0005531569999996933 0
0.0005534029999996193 1
0.0005534029999996193 0
0.0005535249999999436 1
0.0005535249999999436 0
0.0005535549999997613 1
0.0005535549999997613 0
0.000553595999999601 1
0.0005536450000001025 0
0.0005542319999998213 1
0.0005542319999998213 0
0.0005547919999999706 1
0.0005547919999999706 0
0.0005548849999996719 1
0.0005548849999996719 0
0.0005549799999995386 1
0.0005549799999995386 0
0.0005550099999993563 1
0.0005550319999994002 0
0.0005550400000000622 1
0.0005551519999995591 0
0.0005558889999992545 1
0.0005558889999992545 0
0.0005560299999993745 1
0.0005560299999993745 0
0.0005560600000000804 1
0.0005560600000000804 0
0.0005566139999997333 1
0.0005566139999997333 0
0.0005569009999994989 1
0.0005569009999994989 0
0.0005570539999997237 1
0.0005570539999997237 0
0.0005576879999997786 1
0.0005576879999997786 0
0.0005578259999996504 1
0.0005578259999996504 0
0.0005578759999993466 1
0.0005578759999993466 0
0.0005579060000000524 1
0.0005579359999998701 2
0.0005579459999998093 1
0.00055799399999934 2
0.0005580659999999682 1
0.0005581659999993605 2
0.0005581859999992389 1
0.0005583059999993978 0
0.0005585059999999586 1
0.0005585059999999586 0
0.0005585679999997595 1
0.0005585679999997595 0
0.0005585979999995772 1
0.0005586659999998744 0
0.0005589489999993091 1
0.0005589489999993091 0
0.0005596169999995126 1
0.0005596169999995126 0
0.0005596569999992695 1
0.0005596569999992695 0
0.0005605839999995865 1
0.0005605839999995865 0
0.0005607720000000427 1
0.0005607720000000427 0
0.0005608019999998604 1
0.0005608019999998604 0
0.0005610759999994386 1
0.0005610759999994386 0
0.0005618450000000053 1
0.0005618450000000053 0
0.0005619029999994751 1
0.0005619029999994751 0
0.0005620060000000038 1
0.0005620060000000038 0
0.0005621219999998317 1
0.0005621219999998317 0
0.0005624140000000111 1
0.0005624140000000111 0
0.0005624439999998287 1
0.0005624439999998287 0
0.0005625010000001041 1
0.0005625339999992818 0
0.0005629809999998514 1
0.0005629809999998514 0
0.0005630359999999612 1
0.0005630359999999612 0
0.0005633689999999802 1
0.0005633689999999802 0
0.0005634240000000901 1
0.0005634240000000901 0
0.0005634799999993945 1
0.000563488999999251 0
0.0005636679999998506 1
0.0005636679999998506 0
0.0005636979999996683 1
0.0005637289999995687 0
0.0005638889999994845 1
0.0005638889999994845 0
0.0005647409999998132 1
0.0005647409999998132 0
0.0005651569999995942 1
0.0005651569999995942 0
0.0005651869999994119 1
0.0005651869999994119 0
0.0005652949999994661 1
0.0005652949999994661 0
0.0005654699999997348 1
0.0005654699999997348 0
0.0005663579999994894 1
0.0005663579999994894 0
0.0005663879999993071 1
0.0005663879999993071 0
0.0005665639999996586 1
0.0005665639999996586 0
0.0005665939999994762 1
0.0005665979999998072 0
0.0005666899999994257 1
0.0005667179999999661 0
0.0005668549999997552 1
0.0005668549999997552 0
0.0005668929999993466 1
0.0005669579999993957 0
0.0005672439999999668 1
0.0005672439999999668 0
0.0005676369999996211 1
0.0005676369999996211 0
0.0005676669999994388 1
0.0005676669999994388 0
0.0005685379999995632 1
0.0005685379999995632 0
0.0005687549999997543 1
0.0005687549999997543 0
0.0005689620000000062 1
0.0005689620000000062 0
0.0005692719999998985 1
0.0005692719999998985 0
0.0005694599999994665 1
0.0005694599999994665 0
0.0005694899999992842 1
0.0005694899999992842 0
0.00056951999999999 1
0.0005695499999998077 2
0.0005695799999996254 1
0.0005696999999997843 0
0.0005699429999994621 1
0.0005699429999994621 0
0.0005701849999999453 1
0.0005701849999999453 0
0.0005705329999994291 1
0.0005705329999994291 0
0.0005707209999998852 1
0.0005707209999998852 0
0.0005707789999993551 1
0.0005707789999993551 0
0.0005709480000000156 1
0.0005709480000000156 0
0.0005712600000000734 1
0.0005712600000000734 0
0.00057148199999979 1
0.00057148199999979 0
0.0005720399999997738 1
0.0005720399999997738 0
0.0005721679999997065 1
0.0005721679999997065 0
0.0005721979999995241 1
0.0005721979999995241 0
0.0005723559999992744 1
0.0005723559999992744 0
0.0005723859999999803 1
0.0005724080000000242 0
0.0005729639999998426 1
0.0005729639999998426 0
0.0005730840000000015 1
0.0005730840000000015 0
0.000573428999999237 1
0.000573428999999237 0
0.0005735519999996441 1
0.0005735519999996441 0
0.0005739019999992934 1
0.0005739019999992934 0
0.0005744759999997129 1
0.0005744759999997129 0
0.0005745679999993314 1
0.0005745679999993314 0
0.0005746639999992809 1
0.0005746639999992809 0
0.0005749079999999296 1
0.0005749079999999296 0
0.0005750639999995144 1
0.0005750639999995144 0
0.0005752519999999706 1
0.0005752519999999706 0
0.0005752819999997882 1
0.0005752819999997882 0
0.0005753119999996059 1
0.0005753719999992413 0
0.0005756329999995202 1
0.0005756329999995202 0
0.0005756629999993379 1
0.0005756629999993379 0
0.0005756999999997348 1
0.0005757529999996791 0
0.0005763249999999331 1
0.0005763249999999331 0
0.0005765489999998152 1
0.0005765489999998152 0
0.0005769189999993429 1
0.0005769189999993429 0
0.0005770119999999324 1
0.0005770119999999324 0
0.0005772239999997097 1
0.0005772239999997097 0
0.0005779599999993223 1
0.0005779599999993223 0
0.0005780969999999996 1
0.0005780969999999996 0
0.0005781269999998173 1
0.0005781269999998173 0
0.000578156999999635 1
0.0005781869999994527 2
0.0005782169999992703 3
0.0005782169999992703 2
0.0005782879999998158 3
0.0005783369999994292 2
0.0005784369999997097 3
0.0005784569999995881 2
0.0005785259999999681 3
0.000578576999999747 2
0.0005786969999999059 1
0.0005788170000000648 0
0.0005792209999997411 1
0.0005792209999997411 0
0.0005795009999998157 1
0.0005795009999998157 0
0.0005798839999995309 1
0.0005798839999995309 0
0.0005799519999998282 1
0.0005799519999998282 0
0.0005805299999996905 1
0.0005805299999996905 0
0.0005806899999996062 1
0.0005806899999996062 0
0.0005808560000000185 1
0.0005808560000000185 0
0.0005810439999995864 1
0.0005810439999995864 0
0.0005810739999994041 1
0.0005810739999994041 0
0.0005814769999998859 1
0.0005814769999998859 0
0.000581631999999388 1
0.000581631999999388 0
0.0005820969999996706 1
0.0005820969999996706 0
0.0005821269999994882 1
0.0005821269999994882 0
0.0005821669999992451 1
0.0005822169999998295 0
0.0005822439999993989 1
0.0005823369999999883 0
0.0005823480000000103 1
0.0005824329999999378 2
0.000582456999999259 1
0.0005825769999994179 0
0.0005827259999993117 1
0.0005827259999993117 0
0.0005827799999993388 1
0.0005828169999997357 0
0.000582891999999724 1
0.0005829369999998946 0
0.0005830369999992868 1
0.0005830570000000534 0
0.0005834540000000388 1
0.0005834540000000388 0
0.0005837519999998264 1
0.0005837519999998264 0
0.0005837870000000578 1
0.0005837870000000578 0
0.0005839309999995379 1
0.0005839309999995379 0
0.0005839609999993556 1
0.0005839910000000614 2
0.000583991999999256 1
0.0005841119999994149 0
0.0005845079999993175 1
0.0005845079999993175 0
0.000585012999999357 1
0.000585012999999357 0
0.0005850430000000628 1
0.0005850430000000628 0
0.0005853889999993811 1
0.0005853889999993811 0
0.000585676000000035 1
0.000585676000000035 0
0.0005857059999998526 1
0.0005857059999998526 0
0.0005858910000000606 1
0.0005858910000000606 0
0.0005866479999996344 1
0.0005866479999996344 0
0.0005868360000000905 1
0.0005868360000000905 0
0.0005868659999999082 1
0.0005868659999999082 0
0.0005872330000000758 1
0.0005872330000000758 0
0.0005874399999994395 1
0.0005874399999994395 0
0.0005877949999995025 1
0.0005877949999995025 0
0.0005878909999994519 1
0.0005878909999994519 0
0.0005879209999992696 1
0.0005879209999992696 0
0.0005879659999994402 1
0.0005880349999998202 0
0.0005883319999995251 1
0.0005883319999995251 0
0.0005883619999993428 1
0.0005883619999993428 0
0.0005885719999998429 1
0.0005885719999998429 0
0.0005886749999994834 1
0.0005886749999994834 0
0.0005891120000001138 1
0.0005891120000001138 0
0.0005893759999997528 1
0.0005893759999997528 0
0.0005895439999994423 1
0.0005895439999994423 0
0.0005896700000000976 1
0.0005896700000000976 0
0.0005897319999998984 1
0.0005897319999998984 0
0.0005897619999997161 1
0.0005897899999993683 0
0.0005897980000000302 1
0.0005899099999995272 0
0.0005900159999994159 1
0.0005900299999996861 0
0.000590145999999514 1
0.000590149999999845 0
0.0005904839999999467 1
0.0005904839999999467 0
0.0005906319999997578 1
0.0005906319999997578 0
0.000590804999999861 1
0.000590804999999861 0
0.0005912309999995813 1
0.0005912309999995813 0
0.0005913389999996355 1
0.0005913389999996355 0
0.0005914679999996508 1
0.0005914679999996508 0
0.0005916419999998368 1
0.0005916419999998368 0
0.0005918119999996918 1
0.0005918119999996918 0
0.0005919139999992495 1
0.0005919139999992495 0
0.0005921409999993799 1
0.0005921409999993799 0
0.0005924399999992502 1
0.0005924399999992502 0
0.0005925619999995746 1
0.0005925619999995746 0
0.0005926239999993754 1
0.0005926239999993754 0
0.0005926540000000813 1
0.0005926819999997335 0
0.000592683999999899 1
0.0005928019999998924 0
0.0005933629999992363 1
0.0005933629999992363 0
0.000593700999999669 1
0.000593700999999669 0
0.000593835000000098 1
0.000593835000000098 0
0.0005942579999995701 1
0.0005942579999995701 0
0.0005943639999994588 1
0.0005943639999994588 0
0.0005943939999992764 1
0.0005943939999992764 0
0.0005945829999998153 1
0.0005945829999998153 0
0.000594612999999633 1
0.0005946180000000467 0
0.0005946899999997868 1
0.0005947379999993174 0
0.0005953359999999464 1
0.0005953359999999464 0
0.000595365999999764 1
0.000595365999999764 0
0.0005955239999995143 1
0.0005955239999995143 0
0.000595553999999332 1
0.0005955759999993759 0
0.000595705999999474 1
0.000595705999999474 0
0.0005960030000000671 1
0.0005960030000000671 0
0.0005960329999998848 1
0.0005960329999998848 0
0.0005965969999994769 1
0.0005965969999994769 0
0.0005967779999993539 1
0.0005967779999993539 0
0.0005968080000000597 1
0.0005968080000000597 0
0.0005969910000001022 1
0.0005969910000001022 0
0.0005971449999995215 1
0.0005971449999995215 0
0.0005972599999992667 1
0.0005972599999992667 0
0.0005973249999993158 1
0.0005973249999993158 0
0.0005975399999993414 1
0.0005975399999993414 0
0.000597823999999747 1
0.000597823999999747 0
0.0005979799999993318 1
0.0005979799999993318 0
0.0005981889999997492 1
0.0005981889999997492 0
0.0005982319999997543 1
0.0005982319999997543 0
0.0005983679999994607 1
0.0005983679999994607 0
0.0005984199999993223 1
0.0005984290000000669 0
0.0005984500000000281 1
0.0005984799999998458 2
0.0005985489999993376 1
0.0005986689999994965 0
0.0005989889999993281 1
0.0005989889999993281 0
0.0005990719999999783 1
0.0005990719999999783 0
0.0005991810000001152 1
0.0005991810000001152 0
0.0005992109999999329 1
0.0005992289999996459 0
0.0005994079999993573 1
0.0005994079999993573 0
0.0005994409999994232 1
0.0005994689999999636 0
0.0005994929999992848 1
0.0005995229999999907 2
0.0005995889999992343 1
0.0005997089999993932 0
0.0006001559999999628 1
0.0006001559999999628 0
0.0006001979999998852 1
0.0006001979999998852 0
0.0006010729999994524 1
0.0006010729999994524 0
0.0006011279999995622 1
0.0006011279999995622 0
0.0006013160000000184 1
0.0006013160000000184 0
0.0006013459999998361 1
0.0006013459999998361 0
0.0006013879999997584 1
0.0006014359999992891 0
0.0006014519999997248 1
0.0006015059999997519 2
0.000601555999999448 1
0.0006016759999996069 0
0.0006016999999998163 1
0.0006017719999995563 2
0.0006017959999997657 1
0.0006019159999999246 0
0.0006019749999994772 1
0.0006020360000000835 0
0.000602388999999981 1
0.000602388999999981 0
0.0006024189999997986 1
0.0006024189999997986 0
0.0006026480000000944 1
0.0006026480000000944 0
0.0006029409999994684 1
0.0006029409999994684 0
0.0006029919999992472 1
0.0006029919999992472 0
0.0006030519999997708 1
0.0006030609999996273 0
0.0006034139999995247 1
0.0006034139999995247 0
0.0006035170000000534 1
0.0006035170000000534 0
0.0006036680000001127 1
0.0006036680000001127 0
0.0006038189999992838 1
0.0006038189999992838 0
0.000603978000000005 1
0.000603978000000005 0
0.0006040079999998227 1
0.0006040079999998227 0
0.0006040379999996404 1
0.0006040750000000372 2
0.0006040979999992757 1
0.0006042119999998263 2
0.0006042179999994346 1
0.000604241999999644 2
0.0006042839999995664 3
0.0006043379999995935 2
0.0006044579999997524 1
0.0006045779999999112 0
0.0006046389999996293 1
0.0006046739999998607 2
0.0006046980000000701 1
0.0006047249999996396 2
0.0006047969999993796 3
0.0006048179999993408 2
0.0006049379999994997 1
0.0006050159999997362 2
0.0006050579999996586 1
0.0006051779999998175 0
0.0006052849999997889 1
0.0006052979999999764 0
0.0006054359999998482 1
0.0006054359999998482 0
0.0006056420000000173 1
0.0006056420000000173 0
0.0006059479999995787 1
0.0006059479999995787 0
0.0006063129999995809 1
0.0006063129999995809 0
0.0006069200000000663 1
0.0006069200000000663 0
0.0006069869999993927 1
0.0006069869999993927 0
0.0006071079999996343 1
0.0006071079999996343 0
0.000607137999999452 1
0.0006071599999994959 0
0.0006071799999993743 1
0.0006072100000000802 2
0.0006072799999996548 1
0.0006073500000001175 2
0.0006073999999998136 1
0.0006074809999994102 2
0.0006075199999999725 1
0.0006075809999996906 2
0.0006076399999992432 1
0.0006076969999995185 2
0.0006077599999994021 1
0.0006078379999996386 2
0.000607879999999561 1
0.0006079999999997199 0
0.000608125999999487 1
0.000608125999999487 0
0.0006081650000000494 1
0.000608194999999867 2
0.0006082400000000376 1
0.0006083599999993083 0
0.0006088439999993867 1
0.0006088439999993867 0
0.0006089199999994577 1
0.0006089199999994577 0
0.0006091530000000844 1
0.0006091530000000844 0
0.0006098159999998742 1
0.0006098159999998742 0
0.0006098459999996919 1
0.0006098459999996919 0
0.0006100039999994422 1
0.0006100039999994422 0
0.0006100339999992599 1
0.0006100559999993038 0
0.0006100639999999657 1
0.0006100939999997834 2
0.0006101759999994627 1
0.0006102459999999255 2
0.0006102959999996216 1
0.000610344999999235 2
0.0006103749999999408 3
0.0006104159999997805 4
0.0006104159999997805 3
0.0006105309999995256 4
0.0006105359999999393 3
0.0006105609999993433 4
0.0006105910000000492 5
0.0006106560000000982 4
0.0006107759999993689 3
0.000610827000000036 4
0.0006108959999995278 3
0.0006109539999998859 4
0.0006110159999996867 3
0.0006110769999994048 4
0.0006111070000001106 5
0.0006111359999998456 4
0.0006111369999999283 5
0.000611166999999746 6
0.0006112560000000045 5
0.0006113149999995571 6
0.0006113759999992752 5
0.000611495999999434 4
0.000611593999999549 5
0.0006116159999995929 4
0.0006116239999993667 5
0.0006117359999997518 4
0.0006117400000000828 5
0.0006118559999999107 4
0.0006119760000000696 3
0.0006120959999993403 2
0.0006122159999994992 1
0.000612335999999658 0
0.0006126369999996939 1
0.0006126369999996939 0
0.0006126669999995116 1
0.0006126669999995116 0
0.0006127119999996822 1
0.0006127569999998528 0
0.0006127709999992348 1
0.0006128770000000117 0
0.0006128999999992502 1
0.000612929999999956 2
0.0006129719999998784 3
0.0006129969999992824 2
0.0006130909999999545 3
0.0006131169999994412 2
0.0006131209999997722 3
0.0006132369999996001 2
0.000613356999999759 1
0.0006134769999999179 0
0.0006135129999993438 1
0.0006135970000000768 0
0.0006136149999997897 1
0.0006137169999993475 0
0.0006139730000001009 1
0.0006139730000001009 0
0.0006140179999993833 1
0.0006140179999993833 0
0.0006145229999994228 1
0.0006145229999994228 0
0.0006146029999998248 1
0.0006146029999998248 0
0.0006146359999998907 1
0.0006146429999995817 0
0.0006148359999995634 1
0.0006148359999995634 0
0.0006150929999995114 1
0.0006150929999995114 0
0.0006153719999995033 1
0.0006153719999995033 0
0.0006154939999998277 1
0.0006154939999998277 0
0.0006156079999994901 1
0.0006156079999994901 0
0.0006157959999999463 1
0.0006157959999999463 0
0.000615825999999764 1
0.000615825999999764 0
0.0006158679999996863 1
0.0006159160000001052 0
0.0006159869999997625 1
0.0006160359999993759 0
0.000616064999999999 1
0.0006161279999998825 2
0.0006161559999995347 1
0.0006161620000000312 2
0.0006162019999997881 3
0.0006162759999996936 2
0.0006163959999998525 1
0.0006165109999995977 2
0.0006165160000000114 1
0.0006166020000000216 2
0.0006166359999992821 1
0.0006167499999998327 2
0.000616755999999441 1
0.0006168689999999089 2
0.0006168759999995999 1
0.0006169959999997587 0
0.000617419000000119 1
0.000617419000000119 0
0.0006175319999996987 1
0.0006175319999996987 0
0.0006175619999995163 1
0.0006175619999995163 0
0.0006179429999999542 1
0.0006179429999999542 0
0.0006179729999997718 1
0.0006179729999997718 0
0.0006181480000000406 1
0.0006181480000000406 0
0.0006184600000000984 1
0.0006184600000000984 0
0.0006185039999992981 1
0.0006185039999992981 0
0.0006185340000000039 1
0.0006185799999993691 0
0.0006186919999997542 1
0.000618699999999528 0
0.0006187219999995719 1
0.0006187519999993896 2
0.0006187820000000954 3
0.0006188199999996868 2
0.0006188829999995704 3
0.0006189399999998457 2
0.0006190600000000046 1
0.000619101999999927 2
0.0006191799999992753 1
0.0006191989999999592 2
0.0006192999999994342 1
0.0006193500000000185 2
0.0006194069999994056 3
0.0006194199999995931 2
0.000619539999999752 1
0.0006196239999995967 2
0.0006196539999994144 3
0.0006196599999999108 2
0.0006196840000001202 3
0.0006197409999995074 4
0.0006197709999993251 5
0.0006197800000000697 4
0.0006198010000000309 5
0.0006198309999998486 6
0.0006198999999993404 5
0.0006200199999994993 4
0.0006200759999996919 5
0.0006201399999996582 4
0.0006202599999998171 3
0.0006203149999999269 4
0.000620379999999976 3
0.0006204279999995066 4
0.0006204999999992467 3
0.0006205409999999745 4
0.0006206199999994055 3
0.0006207399999995644 2
0.0006208599999997233 1
0.0006209799999998822 0
0.00062102399999997 1
0.0006210539999997877 2
0.0006211000000000411 1
0.0006212199999993118 0
0.0006213409999995534 1
0.0006213409999995534 0
0.0006213999999999942 1
0.0006214299999998119 2
0.0006214599999996295 1
0.000621461999999795 2
0.0006215799999997884 1
0.0006215879999995622 2
0.0006216179999993798 3
0.0006216599999993022 4
0.0006216900000000081 5
0.0006216999999999473 4
0.0006217789999993784 5
0.0006218200000001062 4
0.0006219399999993769 3
0.0006220599999995358 2
0.000622073999999806 3
0.0006221799999996946 2
0.0006222999999998535 1
0.0006223030000001017 2
0.0006224200000000124 1
0.0006225399999992831 0
0.0006225419999994486 1
0.0006226219999998506 2
0.000622659999999442 1
0.0006226609999995247 2
0.0006226909999993424 3
0.0006227799999996009 2
0.0006228999999997598 1
0.0006229349999999911 2
0.0006230199999999186 1
0.000623090999999576 2
0.0006231400000000775 1
0.0006232109999997348 2
0.0006232599999993482 1
0.0006232709999993702 2
0.0006233159999995408 3
0.0006233459999993585 4
0.0006233760000000643 5
0.0006233799999995071 4
0.000623499999999666 3
0.0006236199999998249 2
0.0006237399999999838 1
0.0006238599999992545 0
0.0006241259999999471 1
0.0006241259999999471 0
0.0006241289999993072 1
0.0006241289999993072 0
0.000624335999999559 1
0.000624335999999559 0
0.0006243829999998951 1
0.0006243829999998951 0
0.0006244419999994477 1
0.0006244559999997179 0
0.0006244839999993701 1
0.000624514000000076 2
0.0006245559999999983 3
0.0006245759999998768 2
0.0006245879999999815 3
0.0006246359999995121 4
0.0006246750000000745 5
0.0006246960000000357 4
0.0006247309999993789 5
0.0006248159999993064 4
0.0006249359999994653 3
0.0006250559999996241 2
0.000625175999999783 1
0.0006251989999999097 2
0.0006252959999999419 1
0.0006253789999997039 2
0.0006254160000001008 1
0.0006254379999992565 2
0.0006255359999993715 1
0.0006255569999993327 2
0.0006255870000000385 3
0.0006256559999995304 2
0.0006257549999997281 3
0.0006257759999996892 2
0.0006258069999995897 3
0.0006258519999997603 4
0.0006258959999998481 3
0.0006259659999994227 4
0.000626016000000007 3
0.0006261069999995428 4
0.0006261359999992777 3
0.0006262200000000107 4
0.0006262559999994366 3
0.0006263759999995955 2
0.0006263799999999264 3
0.0006264959999997544 2
0.0006266159999999132 1
0.0006266449999996482 2
0.0006267360000000721 1
0.0006267649999998071 2
0.0006268559999993428 1
0.0006268789999994695 2
0.0006269089999992872 3
0.0006269759999995017 2
0.0006270959999996606 1
0.0006271049999995171 2
0.0006272159999998195 1
0.0006273359999999784 0
0.0006273800000000662 1
0.0006274099999998839 2
0.0006274519999998063 3
0.0006274559999992491 2
0.0006275709999998824 3
0.0006275759999994079 2
0.0006276959999995668 3
0.0006276959999995668 2
0.0006278159999997257 1
0.0006279359999998846 0
0.0006280949999997176 1
0.0006280949999997176 0
0.0006283339999999527 1
0.0006283339999999527 0
0.0006283639999997703 1
0.0006283639999997703 0
0.0006284530000000288 1
0.0006284540000001115 0
0.0006284829999998465 1
0.0006285739999993822 0
0.0006289819999993895 1
0.0006289819999993895 0
0.0006290120000000954 1
0.0006290120000000954 0
0.0006291159999998186 1
0.0006291159999998186 0
0.0006291459999996363 1
0.0006292059999992716 2
0.0006292219999997073 1
0.0006293419999998662 0
0.0006296689999993887 1
0.0006296689999993887 0
0.0006298139999998398 1
0.0006298139999998398 0
0.0006298829999993316 1
0.0006298829999993316 0
0.000629921999999894 1
0.0006299339999999987 0
0.0006299519999997116 1
0.0006300539999992694 0
0.000630063000000014 1
0.0006301739999994282 0
0.0006302759999998742 1
0.0006302939999995871 0
0.0006303359999995095 1
0.0006303359999995095 0
0.0006303659999993272 1
0.000630424999999768 0
0.0006304669999996904 1
0.000630496999999508 2
0.0006305449999999269 1
0.0006306650000000857 0
0.0006306849999999642 1
0.0006307339999995776 2
0.0006307849999993564 1
0.0006309049999995153 0
0.0006309909999995256 1
0.0006310249999996742 0
0.0006310400000000271 1
0.0006311449999998331 0
0.0006312299999997606 1
0.000631264999999992 0
0.0006313489999998367 1
0.0006313789999996544 2
0.0006313849999992627 1
0.0006314089999994721 2
0.0006315049999994216 1
0.0006315209999998572 2
0.0006316249999995804 1
0.0006317449999997393 0
0.0006318990000000468 1
0.0006318990000000468 0
0.0006320119999996265 1
0.0006320119999996265 0
0.0006322659999993263 1
0.0006322659999993263 0
0.0006323639999994413 1
0.0006323639999994413 0
0.0006325489999996492 1
0.0006325489999996492 0
0.0006325789999994669 1
0.0006325789999994669 0
0.0006326089999992845 1
0.0006326689999998081 0
0.0006328259999994756 1
0.0006328259999994756 0
0.0006329059999998776 1
0.0006329089999992377 0
0.0006329359999996953 1
0.0006330289999993965 0
0.0006331189999997378 1
0.0006331489999995554 0
0.0006331719999996821 1
0.0006332439999994222 2
0.0006332689999997143 1
0.0006332739999992398 2
0.0006333629999994983 3
0.0006333889999998732 2
0.0006335090000000321 1
0.0006335549999993972 2
0.0006336289999993028 1
0.0006337489999994617 0
0.0006338869999993335 1
0.0006338869999993335 0
0.0006339249999998131 1
0.0006339889999997794 0
0.0006341259999995685 1
0.0006341259999995685 0
0.0006342449999996447 1
0.0006342449999996447 0
0.0006342749999994624 1
0.0006343489999993679 0
0.0006343629999996381 1
0.0006344689999995268 0
0.0006346079999994814 1
0.0006346079999994814 0
0.0006347949999998548 1
0.0006347949999998548 0
0.0006349079999994345 1
0.0006349079999994345 0
0.0006350299999997588 1
0.0006350299999997588 0
0.0006350849999998687 1
0.0006350849999998687 0
0.0006354609999998928 1
0.0006354609999998928 0
0.000635575999999638 1
0.000635575999999638 0
0.0006357219999992836 1
0.0006357219999992836 0
0.0006357879999994154 1
0.0006357879999994154 0
0.0006359099999997397 1
0.0006359099999997397 0
0.0006359399999995574 1
0.0006359619999996013 0
0.0006360320000000641 1
0.0006360619999998818 2
0.0006360819999997602 1
0.0006360919999996995 2
0.0006361400000001183 3
0.0006362019999999191 2
0.0006362589999993062 3
0.0006363049999995596 4
0.000636322000000078 3
0.0006364419999993487 2
0.0006365619999995076 1
0.0006366819999996665 0
0.0006367830000000296 1
0.0006368019999998253 0
0.0006368129999998473 1
0.0006368599999992952 2
0.0006369219999999842 1
0.0006370219999993765 2
0.0006370419999992549 1
0.0006371409999994526 2
0.0006371619999994138 1
0.0006371709999992703 2
0.0006372819999995727 1
0.0006374019999997316 0
0.0006374469999999022 1
0.0006375219999998905 0
0.0006376909999996627 1
0.0006376909999996627 0
0.0006378039999992424 1
0.0006378039999992424 0
0.000638087999999648 1
0.000638087999999648 0
0.0006381829999995148 1
0.0006381829999995148 0
0.0006382989999993427 1
0.0006382989999993427 0
0.0006383290000000486 1
0.0006383290000000486 0
0.0006383589999998662 1
0.0006384479999992365 0
0.00063850799999976 1
0.0006385679999993954 0
0.0006386179999999797 1
0.0006386879999995543 0
0.0006388669999992658 1
0.0006388669999992658 0
0.0006388969999999716 1
0.000638927999999872 0
0.0006389520000000815 1
0.0006389819999998991 2
0.0006390119999997168 3
0.0006390419999995345 4
0.0006390480000000309 3
0.0006391550000000024 4
0.0006391679999993016 3
0.000639213999999555 4
0.0006392879999994605 3
0.0006394079999996194 2
0.0006394309999997461 3
0.0006395279999997783 2
0.0006395740000000316 3
0.0006396099999994576 4
0.0006396479999999372 3
0.0006396789999998376 4
0.000639768000000096 3
0.0006398879999993667 2
0.0006399180000000726 3
0.0006400079999995256 2
0.0006400369999992606 3
0.0006400669999999664 4
0.0006401279999996845 3
0.0006402080000000865 4
0.0006402379999999042 5
0.0006402479999998434 4
0.0006403680000000023 3
0.0006404029999993455 4
0.000640487999999273 3
0.0006404959999999349 4
0.0006405309999992781 5
0.0006405869999994707 6
0.0006406079999994319 5
0.0006406999999999385 6
0.0006407279999995907 5
0.0006407299999997562 6
0.0006408479999997496 5
0.0006409679999999085 4
0.0006410880000000674 3
0.0006411879999994596 4
0.0006412079999993381 3
0.0006412529999995087 4
0.000641327999999497 5
0.000641327999999497 4
0.0006414479999996558 3
0.0006415139999997876 4
0.0006415679999998147 3
0.0006415899999998587 4
0.0006416689999992897 5
0.0006416879999999736 4
0.0006417919999996968 5
0.0006418079999992443 4
0.0006418479999998894 5
0.0006418779999997071 6
0.0006419079999995247 7
0.0006419279999994032 6
0.0006419379999993424 7
0.0006420469999994793 8
0.0006420479999995621 7
0.000642076999999297 8
0.000642167999999721 7
0.0006422879999998798 6
0.0006424080000000387 5
0.000642485999999387 6
0.0006425279999993094 5
0.0006425749999996455 6
0.0006426479999994683 5
0.0006427159999997656 6
0.0006427679999996272 5
0.0006428139999998805 6
0.0006428559999998029 7
0.0006428879999997861 6
0.0006429579999993607 7
0.0006429880000000665 8
0.000643007999999945 7
0.0006430369999996799 8
0.0006431280000001038 7
0.0006432479999993745 6
0.0006433679999995334 5
0.0006434269999999742 6
0.0006434829999992786 7
0.0006434879999996923 6
0.0006434989999997143 5
0.0006435570000000723 6
0.00064358699999989 7
0.0006436169999997077 8
0.0006436189999998732 7
0.000643739000000032 6
0.0006438589999993027 5
0.0006439789999994616 4
0.0006440989999996205 3
0.0006441489999993166 4
0.0006442189999997794 3
0.0006443389999999383 2
0.0006444099999995956 3
0.0006444590000000971 2
0.0006444729999994792 3
0.0006445230000000635 4
0.0006445709999995941 5
0.0006445739999998423 6
0.0006445789999993679 5
0.0006446879999995048 6
0.0006446989999995267 5
0.0006447439999996973 6
0.0006448189999996856 5
0.0006448279999995421 6
0.0006448579999993598 7
0.0006449389999998445 6
0.0006449469999996182 7
0.0006450590000000034 6
0.0006451789999992741 5
0.000645298999999433 4
0.0006453099999994549 3
0.0006454299999996138 2
0.0006454709999994535 3
0.0006455499999997727 2
0.0006456290000000919 3
0.0006456699999999316 2
0.0006457099999996885 3
0.0006457900000000905 2
0.0006458540000000568 3
0.0006459099999993612 2
0.0006460029999999506 3
0.00064602999999952 2
0.0006460459999999557 3
0.0006460609999994205 4
0.0006461499999996789 3
0.0006462699999998378 2
0.0006463229999997822 3
0.0006463789999999747 4
0.0006463899999999967 3
0.0006464669999992623 4
0.0006464969999999681 5
0.0006465099999992674 4
0.000646541000000056 5
0.000646623999999818 6
0.0006466299999994263 5
0.0006466539999996357 6
0.0006467499999995852 5
0.0006468349999995127 6
0.000646869999999744 5
0.0006469899999999029 4
0.0006470450000000127 5
0.0006470749999998304 6
0.0006471100000000618 5
0.0006472299999993325 4
0.0006473059999994035 5
0.0006473499999994914 4
0.0006473689999992871 5
0.0006474699999996503 4
0.0006475839999993127 5
0.0006475899999998092 4
0.0006476399999995053 5
0.0006476900000000896 6
0.000647709999999968 5
0.0006477199999999073 6
0.0006477499999997249 7
0.0006478299999992387 6
0.0006478429999994262 7
0.0006479499999993976 6
0.0006480699999995565 5
0.000648141000000102 6
0.0006481899999997154 5
0.0006483099999998743 4
0.0006483669999992614 5
0.0006484300000000331 4
0.0006485469999999438 5
0.0006485499999993039 4
0.0006486059999994964 5
0.0006486699999994627 4
0.0006487499999998647 5
0.0006487899999996216 4
0.0006489099999997805 3
0.0006490299999999394 2
0.0006491500000000983 1
0.0006492189999995901 2
0.000649269999999369 1
0.0006492749999997827 2
0.0006493879999993624 3
0.0006493899999995278 2
0.0006494769999996208 3
0.0006495069999994385 4
0.0006495099999996867 3
0.0006495979999998625 4
0.0006496299999998456 3
0.0006497500000000045 2
0.0006498219999997445 3
0.0006498699999992752 2
0.0006498759999997716 3
0.0006499409999998207 4
0.0006499899999994341 3
0.000650109999999593 2
0.0006501519999995153 3
0.0006502020000000996 4
0.0006502299999997518 3
0.0006502649999999832 4
0.0006503300000000323 5
0.0006503499999999107 4
0.0006504700000000696 3
0.0006504800000000088 4
0.0006505359999993132 5
0.0006505899999993403 4
0.0006506200000000462 5
0.0006507099999994992 4
0.0006507389999992341 5
0.00065076899999994 6
0.0006508299999996581 5
0.0006508570000001157 6
0.000650949999999817 5
0.0006510699999999758 4
0.0006511709999994508 5
0.0006511899999992465 4
0.0006512389999997481 5
0.0006512689999995658 6
0.0006513099999994054 5
0.0006514299999995643 4
0.0006515019999993044 5
0.0006515499999997232 4
0.0006516459999996727 5
0.0006516699999998821 4
0.000651790000000041 3
0.0006518209999999414 4
0.00065185799999945 5
0.0006518879999992677 6
0.0006519099999993117 5
0.0006519309999992728 6
0.0006520299999994705 5
0.000652114999999398 6
0.0006521499999996294 5
0.0006521579999994032 6
0.000652188000000109 7
0.0006522699999997883 6
0.0006522840000000585 7
0.0006523899999999472 6
0.000652445000000057 7
0.0006525100000001061 6
0.0006526299999993768 5
0.0006526999999998395 6
0.0006527499999995356 5
0.0006528369999996286 6
0.0006528699999996945 5
0.0006529899999998534 4
0.0006529969999995444 5
0.0006530479999993233 6
0.0006530979999999076 7
0.0006531100000000123 6
0.0006531389999997472 7
0.0006531689999995649 8
0.0006531989999993826 9
0.0006532290000000884 10
0.000653229999999283 9
0.0006533499999994419 8
0.0006533759999998168 9
0.0006534320000000093 10
0.0006534699999996008 9
0.0006535159999998541 10
0.0006535899999997596 9
0.0006536349999999302 10
0.0006537099999999185 9
0.0006537529999999236 10
0.0006538249999996637 11
0.0006538300000000774 10
0.0006538649999994206 11
0.0006538949999992383 12
0.0006539499999993481 11
0.0006540689999994242 12
0.000654069999999507 11
0.0006540989999992419 12
0.0006541589999997655 13
0.0006541899999996659 12
0.0006543099999998248 11
0.0006543980000000005 12
0.0006544299999999836 11
0.0006545419999994806 12
0.0006545499999992543 11
0.0006546699999994132 10
0.0006547899999995721 9
0.000654909999999731 8
0.0006550110000000942 9
0.0006550299999998899 8
0.0006550669999993985 9
0.0006551500000000487 8
0.0006551799999998664 9
0.0006552699999993195 8
0.0006553629999999089 9
0.0006553899999994783 8
0.0006555099999996372 7
0.0006555589999992506 8
0.0006555889999999565 9
0.0006556189999997741 10
0.0006556299999997961 9
0.0006556719999997185 10
0.0006557329999994366 11
0.000655749999999955 10
0.0006558700000001139 9
0.0006558929999993524 10
0.0006559440000000194 11
0.0006559899999993846 10
0.0006559939999997155 11
0.0006560569999995991 12
0.0006561099999995434 11
0.0006562299999997023 10
0.0006562719999996247 11
0.0006563279999998173 12
0.0006563499999998612 11
0.000656411999999662 12
0.0006564700000000201 11
0.0006565309999997382 12
0.0006565899999992908 11
0.0006566489999997316 12
0.0006567060000000069 13
0.0006567099999994497 12
0.0006568299999996086 11
0.0006568399999995478 12
0.0006568959999997404 13
0.0006569499999997674 12
0.0006570549999995734 13
0.0006570699999999263 12
0.0006571900000000852 11
0.0006572069999997154 12
0.0006572939999998084 13
0.0006573099999993559 12
0.0006573689999997967 13
0.0006574299999995148 12
0.0006574379999992885 13
0.0006575499999996737 12
0.0006576699999998326 11
0.0006577050000000639 12
0.0006577899999999914 11
0.0006579069999999021 12
0.0006579099999992621 11
0.0006579630000000947 12
0.000658029999999421 11
0.0006580759999996744 12
0.000658105999999492 13
0.0006581450000000544 14
0.0006581499999995799 13
0.0006582699999997388 12
0.0006583899999998977 11
0.0006585100000000566 10
0.000658532999999295 11
0.0006586289999992445 12
0.0006586299999993273 11
0.0006587499999994861 10
0.0006587890000000485 11
0.0006588399999998273 12
0.000658869999999645 11
0.0006588899999995235 12
0.000658952999999407 13
0.0006589849999993902 14
0.0006589899999998039 13
0.0006590709999994004 14
0.0006591099999999628 13
0.0006591679999994327 14
0.0006592239999996252 15
0.0006592300000001217 14
0.00065930799999947 15
0.0006593499999993924 14
0.0006594029999993367 15
0.0006594330000000426 16
0.0006594699999995512 15
0.0006595449999995395 16
0.0006595899999997101 15
0.000659627000000107 16
0.000659709999999869 15
0.0006597919999995483 16
0.000659821999999366 17
0.0006598300000000279 16
0.0006599499999992986 15
0.0006599509999993813 16
0.0006600249999992869 17
0.0006600699999994575 16
0.0006601899999996164 17
0.0006601899999996164 16
0.0006603099999997752 15
0.0006603339999999847 16
0.0006604299999999341 15
0.000660550000000093 14
0.0006606699999993637 13
0.0006607899999995226 12
0.00066080299999971 13
0.0006608589999999026 14
0.0006609099999996815 13
0.0006609719999994823 14
0.0006610299999998404 13
0.0006611499999999992 12
0.0006611699999998777 13
0.0006612699999992699 12
0.0006613899999994288 11
0.0006615099999995877 10
0.0006615249999999406 11
0.0006616299999997466 10
0.0006616440000000168 11
0.0006616739999998345 12
0.0006617039999996521 13
0.0006617339999994698 14
0.0006617499999999055 13
0.0006617639999992875 14
0.0006617939999999933 15
0.0006618490000001032 16
0.0006618700000000644 15
0.0006619899999993351 14
0.0006620639999992406 15
0.0006620939999999464 16
0.0006621099999994939 15
0.0006621239999997641 16
0.0006621909999999787 17
0.0006622209999997963 18
0.0006622299999996528 17
0.0006623229999993541 18
0.0006623499999998117 17
0.0006624409999993475 18
0.0006624699999999706 17
0.0006625899999992413 16
0.0006626069999997597 17
0.0006626369999995774 18
0.0006626879999993562 19
0.0006627099999994002 18
0.000662829999999559 17
0.0006628470000000775 18
0.000662920999999983 19
0.0006629499999997179 18
0.0006630699999998768 17
0.0006630859999994243 18
0.000663115999999242 19
0.0006631900000000357 18
0.0006632299999997926 19
0.0006633099999993064 18
0.0006634299999994653 17
0.000663430999999548 18
0.0006635029999992881 19
0.0006635499999996242 18
0.0006636359999996344 19
0.000663669999999783 18
0.000663698999999518 19
0.0006637549999997105 20
0.0006637899999999419 19
0.0006638679999992902 20
0.0006638979999999961 21
0.0006639100000001008 20
0.0006640299999993715 19
0.0006641499999995304 18
0.0006642699999996893 17
0.0006643899999998482 16
0.0006644179999995004 17
0.000664447999999318 18
0.000664510000000007 17
0.0006645719999998079 18
0.0006646019999996255 19
0.0006646299999992777 18
0.0006646319999994432 19
0.0006646820000000275 20
0.0006647239999999499 21
0.0006647499999994366 20
0.0006647539999997676 21
0.0006648699999995955 20
0.0006649029999996614 21
0.0006649599999999367 22
0.0006649899999997544 21
0.0006649999999996936 22
0.0006650299999995113 23
0.000665099999999974 24
0.0006651099999999133 23
0.000665187000000067 24
0.0006652190000000502 25
0.0006652300000000722 24
0.0006653370000000436 25
0.0006653499999993429 24
0.0006654329999999931 25
0.0006654699999995017 24
0.0006655840000000524 25
0.0006655899999996606 24
0.0006657099999998195 23
0.0006657409999997199 24
0.0006657709999995376 25
0.0006658009999993553 26
0.0006658299999999784 25
0.0006658310000000611 26
0.0006658609999998788 27
0.0006659499999992491 26
0.0006659820000001204 27
0.0006660119999999381 28
0.000666069999999408 27
0.0006661259999996005 28
0.0006661899999995669 27
0.0006662319999994892 28
0.0006663099999997257 27
0.0006664299999998846 26
0.0006665500000000435 25
0.0006665809999999439 26
0.0006666109999997616 27
0.0006666509999995185 28
0.0006666699999993142 27
0.000666733000000086 28
0.0006667639999999864 29
0.0006667899999994731 28
0.000666909999999632 27
0.0006670299999997908 26
0.0006670429999999783 27
0.0006671499999999497 26
0.0006672700000001086 25
0.0006673169999995565 26
0.0006673899999993793 25
0.0006674769999994723 26
0.0006675099999995382 25
0.0006675279999992512 26
0.0006675779999998355 27
0.0006676299999996971 26
0.000667640999999719 27
0.0006676709999995367 28
0.0006677009999993544 29
0.000667749999999856 28
0.0006678559999997447 29
0.0006678700000000148 28
0.0006679119999999372 29
0.0006679899999992855 28
0.000667995999999782 29
0.0006681099999994444 28
0.0006681149999998581 29
0.0006682299999996033 28
0.0006682329999998515 29
0.0006683019999993434 30
0.0006683499999997622 29
0.0006684699999999211 28
0.0006684799999998603 29
0.00066859000000008 28
0.0006686389999996933 29
0.0006686860000000294 30
0.0006687099999993507 29
0.0006687159999998471 30
0.0006688299999995095 29
0.0006688779999999284 30
0.0006689499999996684 29
0.0006690219999994085 30
0.0006690699999998273 29
0.0006691899999999862 28
0.0006693099999992569 27
0.0006694299999994158 26
0.000669491000000022 27
0.0006695209999998397 28
0.0006695499999995747 27
0.0006695509999996574 28
0.0006696399999999159 29
0.0006696699999997335 30
0.0006696699999997335 29
0.0006697349999997826 30
0.000669783999999396 31
0.0006697899999998924 30
0.0006699100000000513 29
0.0006699519999999737 30
0.000670029999999322 29
0.0006701499999994809 28
0.0006702129999993645 29
0.0006702699999996398 28
0.0006703349999996888 29
0.0006703729999992802 30
0.0006703899999997986 29
0.0006704239999999473 30
0.0006704739999996434 31
0.0006705099999999575 30
0.000670536999999527 31
0.0006705970000000505 32
0.0006706300000001164 31
0.0006707499999993871 30
0.0006707519999995526 31
0.0006708079999997452 32
0.000670869999999546 31
0.0006708919999995899 32
0.0006709899999997049 31
0.0006710109999996661 32
0.0006710409999994837 33
0.0006711099999998638 32
0.0006711289999996595 33
0.0006711980000000395 34
0.0006712300000000226 33
0.0006713499999992933 32
0.0006713759999996682 33
0.0006714109999998996 34
0.0006714699999994522 33
0.0006715349999995013 34
0.0006715819999998374 35
0.0006715899999996111 34
0.000671611999999655 35
0.0006716569999998256 36
0.00067170999999977 35
0.0006717739999997363 36
0.0006718299999999289 35
0.0006719180000001046 36
0.0006719500000000878 35
0.0006720699999993585 34
0.0006721899999995173 33
0.0006723099999996762 32
0.00067238699999983 33
0.0006724299999998351 32
0.0006724430000000226 33
0.0006725359999997238 34
0.000672549999999994 33
0.0006725659999995415 34
0.0006726699999992647 33
0.0006726889999999486 34
0.000672744999999253 35
0.0006727899999994236 34
0.0006729099999995825 33
0.0006729569999999185 34
0.0006730299999997413 33
0.0006731090000000606 34
0.0006731499999999002 33
0.0006732309999994968 34
0.0006732689999999764 35
0.0006732700000000591 34
0.0006733199999997552 35
0.0006733499999995729 36
0.0006733799999993906 37
0.0006733899999993298 36
0.0006734100000000964 37
0.0006734399999999141 38
0.0006734699999997318 39
0.0006735099999994887 38
0.0006736299999996476 37
0.0006736479999993605 38
0.0006737039999995531 39
0.0006737499999998064 38
0.0006737589999996629 39
0.0006737889999994806 40
0.0006738699999999653 39
0.000673906999999474 40
0.000673989999999236 39
0.0006740249999994674 40
0.0006740939999998474 41
0.0006741099999993949 40
0.0006742299999995538 39
0.0006742719999994762 40
0.0006743499999997127 39
0.0006744309999993092 40
0.0006744699999998716 39
0.0006744779999996453 40
0.000674507999999463 41
0.0006745900000000304 40
0.0006746699999995442 41
0.0006747099999993011 40
0.0006748139999999125 41
0.00067482999999946 40
0.0006749499999996189 39
0.0006750699999997778 38
0.0006751899999999367 37
0.0006752629999997595 38
0.0006752929999995771 39
0.0006753100000000956 38
0.0006753229999993948 39
0.0006753530000001007 40
0.0006753829999999184 41
0.0006754299999993663 40
0.0006754319999995317 41
0.0006754619999993494 42
0.0006755499999995251 41
0.0006756409999999491 42
0.000675669999999684 41
0.0006756709999997668 42
0.0006757789999998209 43
0.0006757899999998429 42
0.0006758859999997924 43
0.0006759100000000018 42
0.0006760049999998685 43
0.0006760299999992725 42
0.0006761269999993047 43
0.0006761499999994314 42
0.0006761649999997843 43
0.0006762159999995632 44
0.0006762659999992593 45
0.0006762699999995903 44
0.000676329000000031 45
0.0006763899999997491 44
0.000676509999999908 43
0.0006765179999996818 44
0.0006765479999994994 45
0.000676599999999361 46
0.0006766300000000669 47
0.0006766300000000669 46
0.000676684000000094 47
0.0006767499999993376 46
0.000676802999999282 47
0.0006768699999994965 46
0.0006768829999996839 47
0.0006769209999992754 48
0.0006769899999996554 49
0.0006769899999996554 48
0.0006770789999999138 49
0.0006771099999998142 48
0.0006771679999992841 49
0.0006772299999999731 48
0.0006773270000000053 49
0.0006773499999992438 48
0.0006773739999994532 49
0.0006774039999992709 50
0.0006774699999994027 49
0.0006775659999993522 50
0.0006775899999995616 49
0.0006777099999997205 50
0.0006777099999997205 49
0.0006778299999998794 48
0.0006778849999999892 49
0.0006779500000000382 48
0.0006780250000000265 49
0.000678069999999309 48
0.0006781789999994459 49
0.0006781899999994678 48
0.0006782349999996384 49
0.0006783099999996267 48
0.0006783279999993397 49
0.0006783580000000455 50
0.0006784299999997856 49
0.000678536999999757 50
0.0006785499999999445 49
0.0006786509999994195 50
0.0006786700000001034 49
0.0006786929999993419 50
0.0006787899999993741 49
0.0006789009999996765 50
0.0006789099999995329 49
0.0006790230000000008 50
0.0006790299999996918 49
0.0006790609999995922 50
0.0006791119999993711 51
0.0006791499999998507 50
0.0006791619999999554 51
0.000679224999999839 52
0.0006792700000000096 51
0.0006793899999992803 50
0.0006794399999998646 51
0.0006794960000000572 52
0.0006795099999994392 51
0.0006795799999999019 52
0.0006796099999997196 53
0.0006796299999995981 52
0.0006796399999995373 53
0.0006796989999999781 54
0.0006797499999997569 53
0.0006798029999997013 54
0.000679832999999519 55
0.0006798699999999158 54
0.0006798859999994633 55
0.0006799819999994128 56
0.0006799900000000747 55
0.0006800120000001186 56
0.0006800639999999802 57
0.0006801099999993454 56
0.0006802229999998133 57
0.0006802299999995043 56
0.0006802699999992612 57
0.000680299999999967 58
0.0006803299999997847 59
0.0006803499999996632 58
0.0006804620000000483 59
0.000680469999999822 58
0.0006805899999999809 57
0.0006806059999995284 58
0.0006807099999992516 57
0.0006808299999994105 56
0.0006809499999995694 55
0.0006809599999995086 56
0.0006810359999995796 57
0.0006810699999997283 56
0.0006810749999992538 57
0.0006811309999994464 58
0.0006811899999998872 57
0.0006812240000000358 58
0.0006812539999998535 59
0.000681310000000046 58
0.0006814299999993167 57
0.000681432999999565 58
0.0006814629999993826 59
0.0006815499999994756 58
0.0006815609999994976 59
0.0006816699999996345 58
0.0006817899999997934 57
0.0006817969999994844 58
0.0006819099999999523 57
0.0006819189999998088 58
0.0006819569999994002 59
0.0006820080000000672 60
0.0006820300000001112 59
0.0006820579999997634 60
0.0006821209999996469 61
0.0006821499999993819 60
0.0006822699999995407 59
0.0006823359999996725 60
0.0006823899999996996 59
0.0006823919999998651 60
0.0006824759999997099 61
0.0006825099999998585 60
0.000682594999999786 61
0.0006826300000000174 60
0.0006827129999997794 61
0.0006827499999992881 60
0.0006827819999992712 61
0.000682869999999447 60
0.0006829599999997882 61
0.0006829899999996059 62
0.0006829899999996059 61
0.0006830199999994235 62
0.0006831099999997647 61
0.0006831189999996212 62
0.0006831659999999573 63
0.000683195999999775 64
0.0006832299999999236 63
0.0006832879999993935 64
0.0006833449999996688 65
0.0006833500000000825 64
0.0006833749999994865 65
0.0006834699999993532 64
0.0006835019999993364 65
0.0006835389999997332 66
0.0006835899999995121 65
0.000683709999999671 64
0.0006838299999998299 63
0.0006839499999999887 62
0.0006839709999999499 63
0.0006840269999992543 64
0.0006840699999992594 63
0.0006840779999999214 64
0.0006841199999998437 65
0.0006841499999996614 66
0.0006841899999994183 65
0.0006843099999995772 64
0.0006843289999993729 65
0.0006844299999997361 64
0.0006845019999994761 65
0.000684549999999895 64
0.0006846700000000538 63
0.0006846929999992923 64
0.0006847899999993246 63
0.0006848149999996167 64
0.0006848530000000963 65
0.000684882999999914 66
0.0006849099999994834 65
0.0006849129999997317 66
0.0006849539999995713 67
0.0006849899999998854 68
0.0006850199999997031 69
0.0006850299999996423 68
0.0006850799999993384 69
0.0006851499999998012 68
0.0006852319999994805 69
0.0006852699999999601 68
0.000685287999999673 69
0.0006853719999995178 70
0.000685390000000119 69
0.0006854439999992579 70
0.000685490999999594 71
0.0006855099999993897 70
0.0006856089999995874 71
0.0006856299999995485 70
0.0006856779999999674 71
0.0006857499999997074 70
0.0006858559999995961 71
0.0006858699999998663 70
0.0006859900000000252 69
0.0006860149999994292 70
0.0006860619999997652 71
0.0006860919999995829 72
0.0006861099999992959 71
0.0006862299999994548 70
0.0006862539999996642 71
0.0006863499999996137 70
0.0006863669999992439 71
0.0006863980000000325 72
0.0006864349999995412 73
0.0006864699999997725 72
0.0006865899999999314 71
0.0006866149999993354 72
0.000686652999999815 73
0.0006867100000000903 72
0.000686829999999361 71
0.0006868669999997579 72
0.0006869229999999504 73
0.0006869499999995199 72
0.0006870159999996517 73
0.0006870459999994694 74
0.0006870699999996788 73
0.0006871899999998377 72
0.000687225000000069 73
0.0006873099999999965 72
0.0006874299999992672 71
0.0006875339999998786 72
0.0006875499999994261 71
0.0006875889999999885 72
0.000687669999999585 71
0.0006876760000000814 72
0.0006877109999994246 73
0.0006877489999999042 74
0.0006877899999997439 73
0.0006877999999996831 74
0.0006878499999993792 75
0.0006879099999999028 74
0.0006879129999992628 75
0.0006880300000000616 74
0.0006881279999992884 75
0.0006881499999993324 74
0.000688183999999481 75
0.0006882169999995469 76
0.0006882660000000485 77
0.0006882699999994912 76
0.0006882959999998661 77
0.0006883869999994019 78
0.0006883899999996501 77
0.0006885049999993953 78
0.000688509999999809 77
0.0006885739999997753 78
0.0006886239999994714 79
0.0006886299999999679 78
0.0006887499999992386 77
0.0006887519999994041 78
0.0006888699999993975 77
0.0006889109999992371 78
0.0006889579999995732 79
0.0006889879999993909 80
0.0006889899999995563 79
0.0006891099999997152 78
0.0006891499999994721 79
0.0006892299999998741 78
0.0006892939999998404 79
0.0006893309999993491 80
0.000689350000000033 79
0.000689361000000055 80
0.0006894699999993037 79
0.0006895809999996061 80
0.0006895899999994626 79
0.0006896309999993022 80
0.0006897099999996215 79
0.0006897629999995658 80
0.0006898189999997584 81
0.0006898299999997803 80
0.0006899119999994596 81
0.0006899419999992773 82
0.0006899499999999392 81
0.0006899719999999832 82
0.0006900700000000981 81
0.000690120999999877 82
0.0006901569999993029 83
0.0006901899999993688 82
0.0006903099999995277 81
0.0006904199999997473 82
0.0006904299999996866 81
0.0006904849999997964 82
0.0006905499999998455 81
0.0006906070000001208 82
0.0006906449999997122 83
0.0006906700000000043 82
0.000690695999999491 83
0.0006907460000000754 84
0.000690789999999275 83
0.0006908089999999589 84
0.0006909099999994339 83
0.0006910239999999845 84
0.0006910299999995928 83
0.0006910799999992889 84
0.0006911499999997517 83
0.0006911640000000219 84
0.0006912239999996572 85
0.0006912699999999106 84
0.0006912739999993534 85
0.0006913040000000592 86
0.0006913900000000694 85
0.0006914010000000914 86
0.0006914699999995833 87
0.0006915099999993402 86
0.000691629999999499 85
0.0006916480000001002 86
0.0006917379999995532 87
0.0006917499999996579 86
0.0006918069999999332 87
0.0006918539999993811 88
0.0006918699999998168 87
0.000691884000000087 88
0.0006919899999999757 89
0.0006919899999999757 88
0.0006920459999992801 89
0.0006921099999992464 88
0.0006921899999996484 89
0.0006922270000000452 90
0.0006922299999994053 89
0.0006922569999998629 90
0.0006923450000000386 91
0.0006923499999995641 90
0.0006923749999998563 91
0.000692469999999723 90
0.0006925899999998819 89
0.0006926589999993737 90
0.000692661999999622 91
0.0006927100000000408 90
0.0006927149999995663 91
0.0006928079999992676 92
0.0006928299999993115 91
0.0006928710000000393 92
0.0006929499999994704 91
0.0006930169999996849 92
0.0006930699999996293 91
0.0006931899999997881 90
0.000693309999999947 89
0.0006933809999996043 90
0.0006934300000001059 89
0.0006935029999999287 90
0.0006935329999997464 91
0.0006935499999993766 90
0.0006935629999995641 91
0.0006935929999993817 92
0.0006936419999998833 93
0.0006936699999995355 92
0.0006937049999997669 93
0.000693741000000081 94
0.0006937899999996944 93
0.0006939099999998533 92
0.0006939199999997925 93
0.000693975999999985 94
0.0006940300000000121 93
0.0006940599999998298 94
0.0006941499999992828 93
0.000694178999999906 94
0.0006942699999994417 93
0.0006942969999998994 94
0.0006943659999993912 95
0.0006943899999996006 94
0.000694396000000097 95
0.0006944369999999367 96
0.0006945099999997595 95
0.0006945439999999081 96
0.0006945869999999132 97
0.0006946169999997309 98
0.0006946299999999184 97
0.0006947029999997412 98
0.0006947500000000773 99
0.0006947500000000773 98
0.0006947799999998949 99
0.000694869999999348 98
0.0006949419999999762 99
0.0006949899999995068 98
0.0006950669999996606 99
0.0006950969999994783 100
0.0006951099999996657 99
0.000695126999999296 100
0.0006951570000000018 101
0.0006952299999998246 100
0.0006952799999995207 101
0.0006953499999999835 100
0.0006954699999992542 99
0.0006955209999999212 100
0.0006955550000000699 101
0.0006955899999994131 100
0.0006956109999993743 101
0.0006957039999999637 102
0.000695709999999572 101
0.0006957339999997814 102
0.0006957810000001174 103
0.0006958299999997308 102
0.0006959129999994929 103
0.0006959499999998897 102
0.0006960700000000486 101
0.0006961899999993193 100
0.0006962769999994123 101
0.0006963099999994782 100
0.0006963989999997366 101
0.0006964299999996371 100
0.0006964369999993281 101
0.0006964879999999951 102
0.0006965379999996912 103
0.0006965499999997959 102
0.0006966009999995748 103
0.0006966699999999548 102
0.0006967119999998772 103
0.0006967900000001137 102
0.0006968159999996004 103
0.000696871999999793 104
0.0006969099999993844 103
0.0006969559999996378 104
0.0006970299999995433 103
0.0006970749999997139 104
0.0006971499999997022 103
0.0006971929999997073 104
0.0006972620000000873 105
0.0006972699999998611 104
0.0006973329999997446 105
0.0006973900000000199 104
0.0006974399999997161 105
0.0006974699999995337 106
0.0006975099999992906 105
0.0006975989999995491 106
0.0006976299999994495 105
0.0006976459999998852 106
0.0006976759999997029 107
0.0006977499999996084 106
0.0006978379999997841 107
0.0006978679999996018 108
0.0006978699999997673 107
0.0006979819999992642 108
0.0006979899999999262 107
0.0006980189999996611 108
0.0006980489999994788 109
0.000698110000000085 108
0.0006982299999993558 107
0.0006983499999995146 106
0.0006984509999998778 107
0.0006984699999996735 106
0.0006985070000000704 107
0.000698536999999888 108
0.0006985799999998932 109
0.0006985899999998324 108
0.0006986099999997109 109
0.0006986769999999254 110
0.0006987099999999913 109
0.0006988089999993008 110
0.000698829999999262 109
0.0006989499999994209 108
0.0006990699999995797 107
0.0006991730000001084 108
0.0006991899999997386 107
0.0006992949999995446 108
0.0006993099999998975 107
0.0006993330000000242 108
0.000699383999999803 109
0.0006994300000000564 108
0.0006994339999994992 109
0.0006994969999993828 110
0.0006995499999993271 109
0.000699669999999486 108
0.0006997119999994084 109
0.0006997149999996566 110
0.0006997679999996009 111
0.0006997899999996449 110
0.0006999099999998037 109
0.0006999709999995218 110
0.0007000299999999626 109
0.0007000889999995152 110
0.0007001500000001215 109
0.0007001579999998953 110
0.0007002289999995526 111
0.0007002699999993922 110
0.000700335999999524 111
0.0007003899999995511 110
0.000700494999999357 111
0.00070050999999971 110
0.0007005419999996931 111
0.0007005719999995108 112
0.000700574999999759 113
0.0007006299999998689 112
0.0007007500000000277 111
0.0007008479999992545 112
0.0007008699999992984 111
0.0007008779999999604 112
0.000700914999999469 113
0.0007009449999992867 114
0.0007009749999999926 115
0.0007009899999994573 114
0.0007010049999998103 115
0.0007010369999997934 116
0.0007011099999996162 115
0.0007012299999997751 114
0.0007013469999996857 115
0.000701349999999934 114
0.0007014019999997956 115
0.0007014319999996133 116
0.0007014700000000929 115
0.0007014959999995796 116
0.0007015729999997333 117
0.0007015899999993636 116
0.0007017049999999969 117
0.0007017099999995224 116
0.000701770000000046 117
0.0007018299999996813 116
0.0007019149999996088 117
0.0007019449999994265 118
0.0007019499999998402 117
0.0007020689999999163 118
0.0007020699999999991 117
0.0007021899999992698 116
0.0007021909999993525 117
0.0007022289999998321 118
0.0007022640000000635 119
0.0007022939999998812 120
0.0007023099999994287 119
0.0007023299999993071 120
0.0007023930000000789 121
0.0007024299999995876 120
0.0007024519999996315 121
0.0007025499999997464 120
0.0007026080000001045 121
0.0007026639999994089 122
0.0007026699999999053 121
0.0007027639999996893 122
0.0007027900000000642 121
0.0007028669999993298 122
0.0007028970000000356 123
0.0007029099999993349 122
0.0007029849999993232 123
0.0007030299999994938 122
0.0007030539999997032 123
0.0007031249999993605 124
0.0007031499999996527 123
0.0007031550000000664 124
0.0007031969999999887 125
0.000703231999999332 126
0.0007032699999998115 125
0.0007033899999999704 124
0.0007033910000000532 125
0.0007034379999995011 126
0.0007034679999993187 127
0.0007035099999992411 126
0.0007036299999994 125
0.000703640999999422 124
0.0007036829999993444 125
0.0007037609999995809 124
0.0007037739999997683 125
0.000703810999999277 126
0.0007038409999999828 127
0.0007038809999997397 126
0.0007040009999998986 125
0.0007041210000000575 124
0.0007042409999993282 123
0.0007042429999994937 124
0.0007042989999996863 125
0.0007043609999994871 124
0.0007043919999993875 125
0.0007044220000000934 126
0.0007044689999995413 127
0.000704480999999646 126
0.0007046009999998049 127
0.0007046009999998049 126
0.0007047209999999637 125
0.0007048409999992344 124
0.0007049609999993933 123
0.0007049649999997243 124
0.0007050809999995522 123
0.0007050870000000486 124
0.0007051249999996401 125
0.0007051759999994189 126
0.0007052009999997111 125
0.0007052260000000032 126
0.0007052889999998868 127
0.00070532099999987 126
0.0007054410000000289 125
0.0007055039999999124 126
0.000705560000000105 127
0.0007055609999992996 126
0.0007055899999999227 127
0.0007055929999992827 128
0.0007056809999994584 127
0.0007058009999996173 126
0.0007058810000000193 127
0.0007059209999997762 126
0.0007059499999995111 127
0.0007060210000000566 128
0.0007060409999999351 127
0.0007061280000000281 128
0.000706161000000094 127
0.0007061689999998677 128
0.0007062809999993647 127
0.0007062869999998611 128
0.000706333999999309 129
0.0007063640000000149 130
0.0007064009999995235 129
0.0007064400000000859 130
0.0007065209999996824 129
0.0007065499999994174 130
0.0007066409999998413 129
0.0007066699999995762 130
0.0007067069999999731 131
0.0007067369999997908 132
0.0007067610000000002 131
0.0007068019999998398 132
0.0007068809999992709 131
0.0007070009999994298 130
0.0007070809999998318 131
0.0007071209999995887 130
0.0007071389999993016 131
0.0007071949999994942 132
0.0007072409999997475 131
0.0007072880000000836 132
0.0007073609999999064 131
0.0007073649999993492 132
0.0007074810000000653 131
0.0007074969999996128 132
0.000707600999999336 131
0.0007077209999994949 130
0.0007077759999996047 131
0.0007078409999996538 130
0.0007078609999995322 131
0.0007079609999998127 130
0.0007079829999998566 131
0.000708020999999448 132
0.000708072000000115 133
0.0007080809999999715 132
0.0007081219999998112 133
0.0007081849999996948 134
0.0007082009999992422 133
0.0007082389999997218 134
0.0007083209999994011 133
0.0007083999999997204 134
0.00070844099999956 133
0.0007085609999997189 132
0.0007086809999998778 131
0.0007087769999998272 132
0.0007088010000000367 131
0.0007088459999993191 132
0.0007089169999998646 133
0.0007089209999993074 132
0.000709023999999836 133
0.0007090409999994662 132
0.0007091609999996251 131
0.000709182999999669 132
0.0007092300000000051 133
0.0007092599999998228 134
0.000709280999999784 133
0.0007093429999995848 134
0.0007094009999999429 133
0.0007095210000001018 132
0.0007095659999993842 133
0.0007096079999993066 134
0.0007096409999993725 133
0.0007096569999998081 134
0.0007097609999995314 133
0.0007098809999996902 132
0.0007098860000001039 133
0.0007100009999998491 132
0.0007100349999999978 133
0.0007100649999998154 134
0.0007100949999996331 135
0.000710121000000008 134
0.0007101249999994508 135
0.0007101839999998916 136
0.0007102409999992787 135
0.0007102610000000453 136
0.0007103439999998074 137
0.0007103609999994376 136
0.0007103929999994207 137
0.0007104809999995965 136
0.0007105229999995188 137
0.0007106009999997553 136
0.0007106019999998381 137
0.0007107209999999142 136
0.0007107569999993402 137
0.0007108410000000731 136
0.0007108789999996645 137
0.000710916999999256 138
0.0007109609999993438 137
0.000710967999999923 138
0.0007110179999996191 139
0.0007110809999995027 140
0.0007110809999995027 139
0.0007112009999996616 138
0.0007112339999997275 139
0.0007112959999995283 140
0.0007113209999998205 139
0.0007113399999996162 140
0.0007114409999999793 139
0.00071156099999925 138
0.0007116729999996352 139
0.0007116809999994089 138
0.0007117420000000152 139
0.0007117719999998329 140
0.0007118009999995678 139
0.0007118129999996725 140
0.0007118619999992859 141
0.000711919999999644 142
0.0007119209999997267 141
0.0007120099999999852 142
0.0007120409999998856 141
0.0007121259999998131 142
0.0007121559999996308 143
0.0007121610000000445 142
0.0007122809999993152 141
0.000712400999999474 140
0.0007124620000000803 141
0.0007125040000000027 142
0.0007125209999996329 141
0.0007126409999997918 140
0.0007127419999992668 141
0.0007127609999999507 140
0.0007128810000001096 139
0.0007128919999992434 138
0.0007129309999998057 139
0.0007129869999999983 140
0.0007130119999994022 139
0.0007130799999996995 140
0.0007131319999995611 139
0.0007131559999997705 140
0.0007131859999995882 141
0.00071325199999972 140
0.0007132890000001169 141
0.0007133189999999345 142
0.0007133489999997522 143
0.0007133719999998789 142
0.0007134920000000378 141
0.0007135589999993641 142
0.0007136119999993085 141
0.0007136530000000363 142
0.0007136999999994842 143
0.0007137319999994673 142
0.0007137749999994725 143
0.0007138129999999521 144
0.0007138519999996262 143
0.0007138639999997309 144
0.0007139139999994271 145
0.0007139439999992447 146
0.0007139719999997851 145
0.0007139739999999506 146
0.0007139829999998071 145
0.0007140039999997683 146
0.000714102999999966 145
0.0007141919999993362 146
0.0007142229999992367 145
0.0007143429999993955 144
0.0007144629999995544 143
0.0007145689999994431 144
0.0007145829999997133 143
0.0007146379999998231 144
0.000714692999999933 145
0.0007147029999998722 144
0.0007147229999997506 145
0.0007148159999994519 146
0.0007148230000000311 145
0.0007149429999993018 144
0.000715021999999621 145
0.0007150519999994387 146
0.0007150629999994607 145
0.0007151829999996195 144
0.0007153029999997784 143
0.0007153269999999878 144
0.0007153579999998882 145
0.0007153759999996012 146
0.0007153999999998106 147
0.0007154229999999373 146
0.0007155430000000962 145
0.0007156629999993669 144
0.0007157829999995258 143
0.0007158269999996136 144
0.0007158829999998062 145
0.0007159029999996847 144
0.0007159759999995075 145
0.0007160229999998435 144
0.0007160529999996612 145
0.0007161430000000024 144
0.0007161689999994891 145
0.0007161989999993068 146
0.0007162629999992731 145
0.0007163319999996531 146
0.000716382999999432 145
0.0007164259999994371 146
0.0007165029999995909 145
0.0007165879999995184 146
0.0007165929999999321 147
0.0007166229999997498 146
0.0007166709999992804 147
0.00071670899999976 148
0.0007167429999999086 147
0.0007167599999995389 148
0.0007168630000000675 147
0.0007168669999995103 148
0.000716896999999328 149
0.0007169270000000338 150
0.0007169829999993382 149
0.0007170880000000324 150
0.0007171029999994971 149
0.000717222999999656 148
0.0007173429999998149 147
0.0007173990000000074 148
0.0007174629999999738 147
0.0007174649999992511 148
0.0007174949999999569 149
0.0007175339999996311 150
0.0007175829999992445 149
0.0007176049999992884 150
0.0007177029999994033 149
0.0007177119999992598 150
0.0007178229999995622 149
0.0007178489999999371 150
0.000717917999999429 151
0.0007179429999997211 150
0.0007180529999999408 151
0.0007180559999993008 152
0.00071806299999988 151
0.0007181830000000389 150
0.0007182959999996186 151
0.0007183029999993096 150
0.0007184229999994685 149
0.0007185329999996881 150
0.0007185429999996273 149
0.0007186629999997862 148
0.0007187229999994216 149
0.0007187789999996141 150
0.0007187829999999451 149
0.0007188719999993154 150
0.0007189020000000212 151
0.000718903000000104 150
0.0007190229999993747 149
0.0007190829999998982 150
0.0007191429999995336 149
0.0007191889999997869 150
0.0007192629999996925 149
0.0007192729999996317 150
0.0007193139999994713 151
0.000719343999999289 152
0.0007193739999999949 153
0.0007193829999998513 152
0.000719493000000071 153
0.0007195030000000102 152
0.0007195669999999765 153
0.000719604999999568 154
0.0007196229999992809 153
0.0007196349999993856 154
0.0007196650000000915 155
0.0007197429999994398 154
0.0007197689999998147 155
0.0007198629999995987 154
0.0007199829999997576 153
0.0007199839999998403 154
0.0007201029999999164 153
0.0007201439999997561 154
0.0007202230000000753 153
0.000720342999999346 152
0.000720429999999439 153
0.0007204329999996872 154
0.0007204629999995049 153
0.0007205829999996638 152
0.0007207029999998227 151
0.0007208139999992369 152
0.0007208229999999816 151
0.0007208340000000035 150
0.000720943999999335 151
0.0007209539999992742 150
0.0007210739999994331 149
0.0007211919999994265 150
0.000721193999999592 149
0.0007213139999997509 148
0.0007214239999999705 149
0.0007214339999999098 148
0.0007215540000000686 147
0.0007216190000001177 148
0.0007216739999993393 147
0.0007216749999994221 148
0.0007217680000000115 149
0.0007217939999994982 148
0.0007217979999998292 149
0.0007219139999996571 148
0.000722033999999816 147
0.0007221539999999749 146
0.0007222179999999412 147
0.0007222699999998028 148
0.0007222739999992456 147
0.0007223939999994045 146
0.0007224629999997845 147
0.0007225009999993759 148
0.0007225139999995633 147
0.0007225310000000817 148
0.0007225609999998994 149
0.0007226339999997222 148
0.0007226649999996226 149
0.0007227539999998811 148
0.0007228189999999302 149
0.00072287400000004 148
0.0007228749999992345 149
0.0007229049999999404 150
0.0007229349999997581 151
0.0007229939999993107 150
0.0007229949999993934 151
0.0007231139999994696 150
0.0007232339999996285 149
0.000723325999999247 150
0.0007233539999997873 149
0.0007234739999999462 148
0.0007235940000001051 147
0.000723709999999933 148
0.0007237139999993758 147
0.0007237469999994417 148
0.0007238339999995347 147
0.0007239539999996936 146
0.0007240739999998524 145
0.0007240849999998744 144
0.0007240879999992345 145
0.0007242050000000333 144
0.0007242769999997734 145
0.000724324999999304 144
0.0007243909999994358 145
0.0007244209999992535 146
0.0007244449999994629 145
0.0007245149999999256 146
0.0007245649999996218 145
0.0007245710000001182 146
0.0007246639999998195 147
0.0007246849999997806 146
0.0007248049999999395 145
0.0007248289999992608 146
0.0007249250000000984 145
0.0007250449999993691 144
0.000725064000000053 145
0.000725164999999528 144
0.0007252749999997476 145
0.0007252849999996869 144
0.0007253589999995924 145
0.000725397000000072 146
0.0007254049999998458 145
0.0007254269999998897 146
0.0007254569999997074 147
0.0007255239999999219 148
0.0007255250000000046 147
0.0007255609999994306 148
0.0007255639999996788 149
0.0007256449999992753 148
0.0007257119999994899 149
0.0007257649999994342 148
0.0007257869999994782 149
0.0007258849999995931 148
0.0007259949999998128 149
0.000726004999999752 148
0.0007261249999999109 147
0.0007262219999999431 148
0.0007262450000000698 147
0.0007263029999995396 148
0.0007263329999993573 149
0.0007263630000000632 150
0.0007263649999993405 149
0.0007264849999994993 148
0.0007264920000000785 149
0.0007266049999996582 148
0.000726605999999741 149
0.0007266369999996414 150
0.0007267249999998171 149
0.000726844999999976 148
0.0007269649999992467 147
0.0007270849999994056 146
0.0007271949999996252 147
0.0007272049999995644 146
0.000727249999999735 147
0.0007273149999997841 148
0.0007273249999997233 147
0.0007274009999997944 148
0.000727430999999612 149
0.0007274449999998822 148
0.0007275599999996274 149
0.0007275650000000411 148
0.0007276849999993118 147
0.0007278049999994707 146
0.0007279249999996296 145
0.00072802799999927 146
0.0007280449999997884 145
0.0007281649999999473 144
0.000728201999999456 145
0.0007282049999997042 146
0.0007282549999994004 147
0.0007282850000001062 146
0.00072829299999988 147
0.0007284049999993769 146
0.0007284159999993989 145
0.0007284569999992385 146
0.0007285359999995578 145
0.0007286459999997774 146
0.0007286559999997166 145
0.0007287759999998755 144
0.0007288860000000952 145
0.0007288960000000344 144
0.0007289159999999129 145
0.0007290159999993051 144
0.000729117999999751 145
0.000729135999999464 144
0.0007292459999996836 145
0.0007292559999996229 144
0.0007292849999993578 145
0.0007293659999998425 146
0.0007293759999997818 145
0.0007294959999999406 144
0.0007296160000000995 143
0.000729725999999431 144
0.0007297359999993702 143
0.0007298459999995899 144
0.0007298559999995291 143
0.0007299659999997488 144
0.000729975999999688 143
0.0007300959999998469 142
0.0007302160000000057 141
0.0007302209999995313 142
0.0007303069999995415 143
0.0007303359999992765 142
0.0007304559999994353 143
0.0007304559999994353 142
0.000730565999999655 143
0.0007305759999995942 142
0.0007306859999998139 143
0.0007306959999997531 142
0.0007307159999996315 143
0.000730815999999912 142
0.0007309360000000709 141
0.000730992999999458 142
0.0007310559999993416 141
0.0007311510000000965 142
0.0007311759999995004 141
0.0007311889999996879 142
0.0007312959999996593 141
0.0007313479999995209 142
0.0007314159999998182 141
0.0007315260000000379 142
0.0007315359999999771 141
0.0007316559999992478 140
0.0007317759999994067 139
0.0007318959999995656 138
0.0007319649999999456 139
0.000732013999999559 140
0.0007320159999997244 139
0.0007320439999993766 140
0.0007321359999998833 139
0.0007322560000000422 138
0.0007323089999999866 139
0.0007323759999993129 138
0.0007324959999994718 137
0.0007324969999995545 138
0.0007326159999996307 137
0.0007327359999997896 136
0.0007328559999999484 135
0.0007328570000000312 136
0.0007329760000001073 135
0.000733095999999378 134
0.0007330969999994608 135
0.0007332159999995369 134
0.0007332169999996196 135
0.0007333359999996958 134
0.0007334559999998547 133
0.0007335760000000136 132
0.0007335770000000963 133
0.0007335870000000355 132
0.000733696999999367 133
0.0007337069999993062 132
0.0007338169999995259 133
0.0007338269999994651 132
0.0007338379999994871 131
0.000733957999999646 130
0.0007340569999998436 131
0.0007340779999998048 130
0.0007341519999997104 131
0.0007341979999999637 130
0.0007342969999992732 131
0.0007343179999992344 130
0.0007344379999993933 129
0.000734536999999591 130
0.0007345579999995522 129
0.0007346569999997499 130
0.0007346779999997111 129
0.0007347499999994511 130
0.0007347979999998699 129
0.0007348919999996539 130
0.0007349180000000288 129
0.0007350169999993383 130
0.0007350379999992995 129
0.0007351579999994584 128
0.0007352779999996173 127
0.000735376999999815 128
0.0007353979999997762 127
0.0007355179999999351 126
0.0007356380000000939 125
0.0007357369999994035 126
0.0007357579999993646 125
0.0007357689999993866 124
0.0007358569999995623 125
0.0007358889999995455 124
0.0007358959999992365 125
0.0007360089999997044 124
0.0007360149999993126 125
0.0007360450000000185 126
0.0007361079999999021 127
0.0007361289999998633 126
0.0007362490000000221 125
0.0007363479999993316 126
0.0007363689999992928 125
0.0007364369999995901 126
0.0007364889999994517 125
0.0007365029999997219 126
0.0007365879999996494 127
0.0007366089999996106 126
0.0007367289999997695 125
0.0007368489999999284 124
0.0007369690000000872 123
0.0007370679999993968 124
0.000737088999999358 123
0.0007371879999995556 124
0.0007372089999995168 123
0.0007372179999993733 124
0.0007373079999997145 125
0.0007373289999996757 124
0.0007374279999998734 125
0.0007374489999998346 124
0.0007375689999999935 123
0.0007376219999999378 124
0.0007376889999992642 123
0.0007376959999998434 124
0.0007377869999993791 125
0.0007377879999994619 126
0.0007378089999994231 125
0.0007378669999997811 126
0.000737928999999582 125
0.0007379849999997745 126
0.0007380489999997408 125
0.0007380599999997628 124
0.0007381479999999385 125
0.0007381799999999217 124
0.0007381909999999436 123
0.0007382680000000974 124
0.0007383110000001025 123
0.0007384309999993732 122
0.000738478999999792 123
0.0007385509999995321 122
0.000738670999999691 121
0.0007387909999998499 120
0.0007389110000000088 119
0.0007390309999992795 120
0.0007390309999992795 119
0.0007391509999994383 118
0.0007392279999995921 119
0.0007392709999995972 118
0.000739278999999371 119
0.000739347999999751 120
0.0007393909999997561 119
0.0007394679999999099 120
0.0007394979999997275 121
0.000739510999999915 120
0.0007396310000000739 119
0.0007397509999993446 118
0.0007398279999994983 119
0.0007398709999995035 118
0.0007399479999996572 119
0.0007399909999996623 118
0.0007401109999998212 117
0.0007402309999999801 116
0.0007403079999992457 117
0.0007403509999992508 116
0.0007404709999994097 115
0.0007405909999995686 114
0.0007406679999997223 115
0.00074069799999954 116
0.0007407109999997274 115
0.0007407879999998812 116
0.0007408309999998863 115
0.0007409510000000452 114
0.0007410279999993108 115
0.0007410709999993159 114
0.0007411589999994916 115
0.0007411909999994748 114
0.0007412789999996505 115
0.0007413109999996337 114
0.0007414099999998314 115
0.0007414309999997926 114
0.0007415299999999903 115
0.0007415509999999514 114
0.0007416710000001103 113
0.000741790999999381 112
0.0007419109999995399 111
0.0007420309999996988 110
0.0007421509999998577 109
0.0007422710000000166 108
0.0007423909999992873 107
0.000742489999999485 108
0.0007425109999994461 107
0.0007426099999996438 108
0.000742630999999605 107
0.0007427299999998027 108
0.0007427509999997639 107
0.0007428709999999228 106
0.0007428819999999448 105
0.0007429109999996797 106
0.0007430020000001036 105
0.0007431219999993743 104
0.0007432099999995501 105
0.0007432419999995332 104
0.0007433409999997309 105
0.0007433619999996921 104
0.0007434609999998898 105
0.000743481999999851 104
0.0007435219999996079 105
0.0007435899999999052 106
0.0007436020000000099 105
0.0007437219999992806 104
0.0007438070000000963 105
0.0007438369999999139 106
0.0007438419999994395 105
0.0007439619999995983 104
0.000743989000000056 105
0.0007440819999997572 106
0.0007440819999997572 105
0.0007440889999994482 106
0.0007441989999996679 107
0.0007442019999999161 106
0.0007442129999999381 105
0.0007442509999995295 106
0.0007443330000000969 105
0.0007443860000000413 106
0.0007444209999993845 107
0.0007444529999993676 106
0.0007445409999995434 107
0.0007445729999995265 106
0.0007446609999997023 107
0.0007446929999996854 106
0.0007447809999998611 107
0.0007448109999996788 108
0.0007448129999998443 107
0.0007449330000000032 106
0.0007449440000000251 105
0.0007450209999992907 106
0.0007450639999992958 105
0.0007451409999994496 106
0.0007451839999994547 105
0.0007453039999996136 104
0.0007453229999994093 105
0.0007454239999997725 104
0.0007455439999999314 103
0.0007456320000001071 104
0.0007456640000000903 103
0.000745783999999361 102
0.0007458829999995586 103
0.0007459039999995198 102
0.0007459149999995418 101
0.0007460349999997007 100
0.0007461229999998764 101
0.0007461549999998596 100
0.0007462369999995389 101
0.0007462750000000185 100
0.0007463180000000236 101
0.0007463949999992892 100
0.000746514999999448 99
0.0007466029999996238 100
0.0007466349999996069 99
0.0007467169999992862 100
0.0007467549999997658 99
0.0007468429999999415 100
0.0007468749999999247 99
0.0007469950000000836 98
0.0007471149999993543 97
0.0007472349999995131 96
0.000747354999999672 95
0.0007474369999993513 96
0.0007474749999998309 95
0.0007475630000000066 96
0.0007475949999999898 95
0.0007476829999992773 96
0.0007477149999992605 95
0.0007478349999994194 94
0.0007479169999999868 95
0.0007479549999995783 94
0.0007480369999992575 95
0.0007480669999999634 96
0.0007480749999997371 95
0.000748194999999896 94
0.0007483150000000549 93
0.0007483349999999334 94
0.0007483379999992934 95
0.0007484029999993425 96
0.0007484349999993256 95
0.0007485549999994845 94
0.0007486179999993681 95
0.0007486749999996434 94
0.0007487949999998023 93
0.0007489149999999611 92
0.00074903500000012 91
0.0007490569999992758 92
0.0007491329999993468 93
0.0007491549999993907 92
0.0007492249999998535 93
0.0007492749999995496 92
0.0007493329999999077 93
0.0007493949999997085 92
0.0007494079999998959 93
0.0007494539999992611 94
0.0007495149999998674 93
0.0007496030000000431 94
0.0007496329999998608 95
0.0007496350000000263 94
0.000749754999999297 93
0.0007498749999994558 92
0.0007499949999996147 91
0.0007500719999997685 92
0.0007501149999997736 91
0.0007502349999999325 90
0.0007503550000000914 89
0.0007503660000001133 88
0.000750485999999384 87
0.0007506059999995429 86
0.0007506469999993826 87
0.0007507259999997018 86
0.0007508129999997948 87
0.0007508459999998607 86
0.0007509329999999537 87
0.0007509660000000196 86
0.0007509719999996278 87
0.0007510539999993071 88
0.0007510859999992903 87
0.0007512059999994491 86
0.0007512939999996249 87
0.000751325999999608 86
0.0007514459999997669 85
0.0007515659999999258 84
0.0007516860000000847 83
0.0007518059999993554 82
0.0007519259999995143 81
0.0007519369999995362 80
0.0007520569999996951 79
0.000752176999999854 78
0.0007522650000000297 79
0.0007522970000000129 78
0.0007523159999998086 79
0.0007524169999992836 78
0.0007525369999994425 77
0.0007526569999996013 76
0.0007527769999997602 75
0.0007528969999999191 74
0.000753017000000078 73
0.0007531369999993487 72
0.0007532569999995076 71
0.0007533559999997053 72
0.0007533769999996665 71
0.0007534969999998253 70
0.0007535289999998085 71
0.0007535320000000567 72
0.0007535619999998744 73
0.000753607000000045 74
0.0007536169999999842 73
0.0007536369999998627 74
0.0007537369999992549 73
0.0007538289999997616 74
0.0007538569999994138 73
0.0007539500000000032 74
0.0007539769999995727 73
0.0007540969999997316 72
0.0007542069999999512 73
0.0007542169999998904 72
0.0007542510000000391 73
0.0007543329999997184 74
0.0007543370000000493 73
0.0007544469999993808 74
0.00075445699999932 73
0.000754519000000009 74
0.0007545769999994789 73
0.0007546969999996378 72
0.0007548169999997967 71
0.0007549369999999556 70
0.0007550570000001144 69
0.0007551769999993851 68
0.0007551869999993244 69
0.000755296999999544 68
0.0007554169999997029 67
0.0007555269999999226 68
0.0007555369999998618 67
0.0007556570000000207 66
0.0007557769999992914 65
0.0007558180000000192 66
0.000755886999999511 67
0.0007558969999994503 66
0.0007560069999996699 67
0.0007560169999996091 66
0.000756136999999768 65
0.0007562519999995132 66
0.0007562569999999269 65
0.0007563770000000858 64
0.0007563880000001078 63
0.0007564869999994173 64
0.0007565079999993785 63
0.0007566279999995373 62
0.0007567479999996962 61
0.0007568299999993755 62
0.0007568600000000814 63
0.0007568679999998551 62
0.0007568859999995681 63
0.000756988000000014 62
0.0007571039999998419 63
0.0007571079999992847 62
0.000757171999999251 63
0.0007572279999994436 62
0.0007573430000000769 63
0.0007573479999996025 62
0.0007574679999997613 61
0.000757566999999959 62
0.0007575879999999202 61
0.0007576549999992466 62
0.0007577080000000791 61
0.0007578279999993498 60
0.0007579479999995087 59
0.0007580400000000154 60
0.0007580679999996676 59
0.0007581779999998872 60
0.0007581879999998264 59
0.0007583079999999853 58
0.0007584229999997305 59
0.000758427999999256 58
0.0007585379999994757 59
0.0007585479999994149 58
0.0007586679999995738 57
0.0007586689999996565 58
0.000758782999999319 59
0.0007587879999997327 58
0.0007589009999993124 59
0.0007589079999998916 58
0.0007589310000000182 59
0.0007589489999997312 60
0.0007590280000000504 59
0.0007591479999993211 60
0.0007591479999993211 59
0.00075926799999948 58
0.0007593830000001134 59
0.0007593879999996389 58
0.0007595079999997978 57
0.0007595189999998198 56
0.0007596290000000394 57
0.0007596389999999786 56
0.0007596589999998571 57
0.0007597589999992493 56
0.0007598789999994082 55
0.0007599989999995671 54
0.000760118999999726 53
0.0007602389999998849 54
0.0007602389999998849 53
0.0007603590000000437 52
0.0007604719999996234 53
0.0007604789999993145 52
0.0007605989999994733 51
0.000760708999999693 52
0.0007607189999996322 51
0.0007608389999997911 50
0.0007609280000000496 51
0.00076095899999995 50
0.0007610790000001089 49
0.0007611889999994403 50
0.0007611989999993796 49
0.0007613189999995384 50
0.0007613189999995384 49
0.0007614389999996973 48
0.0007615049999998291 49
0.000761548999999917 50
0.0007615589999998562 49
0.0007616790000000151 50
0.0007616790000000151 49
0.0007617989999992858 48
0.0007618179999999697 49
0.0007619089999995055 50
0.0007619189999994447 49
0.0007620389999996036 48
0.0007620440000000173 49
0.0007620499999996255 48
0.0007621699999997844 47
0.0007622380000000817 48
0.0007622789999999213 49
0.0007622899999999433 48
0.0007623889999992528 49
0.0007624100000001022 48
0.0007625249999998474 49
0.0007625299999993729 48
0.0007626269999994051 49
0.0007626499999995318 48
0.0007627699999996906 47
0.0007628899999998495 46
0.0007630100000000084 45
0.0007630829999998312 46
0.0007631299999992791 45
0.0007631349999996928 46
0.000763249999999438 45
0.0007632690000001219 46
0.0007633699999995969 45
0.0007634689999997946 46
0.0007634899999997558 45
0.0007635099999996342 46
0.0007636049999995009 47
0.0007636099999999146 46
0.0007637300000000735 45
0.0007638499999993442 44
0.0007639699999995031 43
0.000764089999999662 42
0.0007641229999997279 43
0.0007642099999998209 42
0.0007642149999993464 43
0.0007643200000000405 44
0.0007643299999999797 43
0.0007643410000000017 42
0.0007644449999997249 43
0.0007644609999992724 42
0.000764574999999823 43
0.0007645809999994313 42
0.0007647009999995902 41
0.0007647999999997879 42
0.0007648209999997491 41
0.0007648299999996055 42
0.0007649399999998252 43
0.0007649409999999079 42
0.0007650610000000668 41
0.0007651209999997022 42
0.0007651749999997293 43
0.0007651809999993375 42
0.0007653009999994964 41
0.0007654209999996553 42
0.0007654209999996553 41
0.0007655409999998142 40
0.0007656609999999731 39
0.0007657809999992438 38
0.0007659009999994026 37
0.0007660209999995615 36
0.0007660309999995008 37
0.0007660609999993184 38
0.0007661199999997592 39
0.0007661409999997204 38
0.0007662609999998793 37
0.0007663810000000382 36
0.0007665009999993089 37
0.0007665009999993089 36
0.0007666209999994678 35
0.0007666649999995556 36
0.0007667409999996266 35
0.0007668609999997855 34
0.0007669599999999832 35
0.0007669809999999444 34
0.0007671010000001033 33
0.0007671110000000425 34
0.0007672159999998485 35
0.000767220999999374 34
0.0007673179999994062 35
0.0007673409999995329 34
0.000767348000000112 35
0.0007674609999996918 34
0.000767470999999631 35
0.0007675809999998506 34
0.000767618999999442 35
0.0007677010000000095 36
0.0007677010000000095 35
0.0007678209999992802 34
0.0007679309999994999 35
0.0007679409999994391 34
0.000768060999999598 33
0.0007680709999995372 34
0.0007681809999997569 33
0.0007682600000000761 34
0.0007683009999999157 33
0.0007683169999994632 34
0.0007684210000000746 33
0.0007685409999993453 32
0.0007686609999995042 31
0.0007687809999996631 30
0.000768900999999822 29
0.0007689269999993087 30
0.0007690159999995672 31
0.0007690209999999809 30
0.0007690939999998037 31
0.0007691409999992516 32
0.0007691409999992516 31
0.0007691769999995657 32
0.0007692139999999625 33
0.0007692609999994104 32
0.0007693809999995693 31
0.0007695009999997282 30
0.0007696209999998871 29
0.000769741000000046 28
0.0007698559999997912 29
0.0007698609999993167 28
0.0007699809999994756 27
0.0007700069999998504 28
0.0007701009999996344 27
0.0007701119999996564 28
0.0007701270000000093 29
0.0007702209999997933 28
0.0007702229999999588 29
0.0007702529999997765 30
0.0007703409999999522 29
0.0007703669999994389 30
0.0007704610000001111 29
0.0007705809999993818 28
0.0007707009999995407 27
0.0007708209999996996 26
0.0007708269999993078 27
0.0007708849999996659 28
0.0007709149999994835 29
0.0007709409999998584 28
0.0007710610000000173 27
0.000771180999999288 26
0.0007712129999992712 27
0.0007713009999994469 26
0.0007714209999996058 25
0.0007715409999997647 24
0.0007715419999998474 25
0.0007716609999999235 24
0.0007717810000000824 23
0.000771781999999277 24
0.0007719009999993531 23
0.0007719049999996841 24
0.0007719119999993751 23
0.000772031999999534 22
0.0007721519999996929 21
0.0007721529999997756 22
0.0007722719999998517 21
0.0007723920000000106 20
0.0007725119999992813 19
0.0007725309999999652 20
0.0007726319999994402 19
0.000772632999999523 20
0.0007727519999995991 21
0.0007727519999995991 20
0.000772871999999758 19
0.0007729029999996584 20
0.0007729919999999169 19
0.0007730079999994643 20
0.0007730509999994695 21
0.0007731120000000757 20
0.0007731189999997667 21
0.0007731489999995844 22
0.0007732319999993464 21
0.0007732629999992469 22
0.0007733519999995053 21
0.0007733529999995881 22
0.0007734719999996642 21
0.0007735919999998231 20
0.000773711999999982 19
0.0007737230000000039 20
0.0007737809999994738 21
0.0007738319999992527 20
0.0007739519999994116 19
0.0007739979999996649 20
0.0007740719999995704 19
0.0007740949999996971 20
0.0007741249999995148 21
0.0007741919999997293 20
0.0007743119999998882 19
0.0007744320000000471 18
0.0007744379999996553 19
0.0007745519999993178 18
0.0007746719999994767 17
0.0007746779999999731 18
0.0007747559999993214 19
0.0007747919999996356 18
0.0007749119999997944 17
0.0007750319999999533 16
0.0007750489999995835 17
0.0007751190000000463 18
0.0007751520000001122 17
0.0007752719999993829 16
0.0007753919999995418 15
0.0007755119999997007 14
0.0007755289999993309 15
0.0007756319999998595 14
0.000775647999999407 15
0.0007757520000000184 14
0.0007757989999994663 15
0.0007758719999992891 14
0.0007759039999992723 15
0.000775991999999448 14
0.0007760149999995747 15
0.0007760449999993924 16
0.0007761119999996069 15
0.000776158999999943 16
0.0007762319999997658 15
0.000776248999999396 16
0.0007763519999999247 15
0.00077641199999956 16
0.0007764419999993777 17
0.0007764720000000835 16
0.0007765919999993542 15
0.0007766189999998119 16
0.000776672999999839 17
0.0007766769999992817 18
0.0007767119999995131 17
0.0007767799999998104 18
0.000776831999999672 17
0.0007769519999998309 16
0.0007770049999997752 17
0.0007770719999999898 16
0.0007771919999992605 15
0.0007773119999994194 14
0.0007773339999994633 15
0.0007774319999995782 14
0.0007775519999997371 13
0.000777573999999781 14
0.000777671999999896 13
0.0007776919999997745 14
0.0007777280000000886 15
0.0007777920000000549 14
0.0007779119999993256 13
0.0007780149999998542 14
0.0007780319999994845 13
0.0007781519999996434 12
0.0007782719999998022 11
0.0007783919999999611 10
0.000778425000000027 11
0.00077851200000012 10
0.0007785440000001032 11
0.0007785469999994632 12
0.0007786319999993907 11
0.0007787519999995496 10
0.0007787999999999684 11
0.0007788719999997085 10
0.0007789109999993826 11
0.0007789410000000885 12
0.0007789919999998673 11
0.0007790549999997509 12
0.0007791120000000262 11
0.0007791450000000921 12
0.0007792319999992969 11
0.0007793519999994558 10
0.0007794319999998578 11
0.0007794719999996147 10
0.0007795149999996198 11
0.0007795729999999779 12
0.0007795919999997736 11
0.0007796029999997955 10
0.0007797229999999544 9
0.0007798430000001133 8
0.0007799009999995832 9
0.000779962999999384 8
0.000779973999999406 7
0.0007800939999995649 6
0.0007802139999997237 5
0.0007802299999992712 6
0.0007803339999998826 5
0.0007804540000000415 4
0.000780469999999589 5
0.0007805739999993122 4
0.0007806939999994711 3
0.00078081399999963 2
0.0007808620000000488 3
0.0007809109999996622 4
0.0007809339999997889 3
0.0007810539999999477 2
0.0007811740000001066 1
0.0007812939999993773 0
0.000781320999999835 1
0.0007814139999995362 0
0.0007814399999999111 1
0.0007814699999997288 2
0.0007815339999996951 1
0.0007816039999992697 2
0.000781653999999854 1
0.0007816959999997763 2
0.0007817740000000128 1
0.0007818070000000787 2
0.0007818369999998964 3
0.0007818399999992565 4
0.0007818939999992836 3
0.000782000999999255 4
0.0007820139999994424 3
0.0007820409999999001 4
0.0007821339999996013 3
0.0007822539999997602 2
0.0007823279999996657 3
0.0007823739999999191 2
0.000782384999999941 1
0.0007823999999994058 2
0.0007824300000001116 3
0.0007824309999993062 4
0.0007824689999997858 5
0.0007825050000000999 4
0.0007826249999993706 3
0.0007827169999998773 4
0.0007827449999995295 3
0.0007827969999993911 4
0.0007828649999996884 3
0.0007829849999998473 2
0.0007831050000000062 1
0.0007831259999999673 2
0.0007832249999992769 1
0.0007833449999994357 0
0.0007833659999993969 1
0.0007834649999995946 0
0.0007837579999998567 1
0.0007837579999998567 0
0.0007838069999994701 1
0.0007838069999994701 0
0.0007842169999996429 1
0.0007842169999996429 0
0.000784335999999719 1
0.000784335999999719 0
0.0007845919999995843 1
0.0007845919999995843 0
0.0007847029999998867 1
0.0007847029999998867 0
0.0007847329999997044 1
0.0007847329999997044 0
0.000784936999999708 1
0.000784936999999708 0
0.0007852239999994737 1
0.0007852239999994737 0
0.0007853069999992357 1
0.0007853069999992357 0
0.0007853649999995937 1
0.0007853649999995937 0
0.0007856930000000872 1
0.0007856930000000872 0
0.0007860219999997753 1
0.0007860219999997753 0
0.0007860619999995322 1
0.0007860619999995322 0
0.000786262000000093 1
0.000786262000000093 0
0.0007862919999999107 1
0.0007862919999999107 0
0.0007866539999996647 1
0.0007866539999996647 0
0.0007867029999992781 1
0.0007867029999992781 0
0.0007871129999994508 1
0.0007871129999994508 0
0.000787231999999527 1
0.000787231999999527 0
0.0007874879999993922 1
0.0007874879999993922 0
0.0007874989999994142 1
0.0007874989999994142 0
0.0007875989999996946 1
0.0007876079999995511 0
0.0007876289999995123 1
0.00078772799999971 0
0.000787832999999516 1
0.0007878479999998689 0
0.000787893999999234 1
0.0007879389999994046 2
0.0007879680000000278 1
0.0007880879999992985 0
0.0007881199999992816 1
0.0007882029999999318 2
0.0007882079999994573 1
0.0007882609999994017 2
0.0007883279999996162 1
0.0007884479999997751 0
0.0007885889999998952 1
0.0007885889999998952 0
0.0007887009999993921 1
0.0007887009999993921 0
0.000789157999999901 1
0.000789157999999901 0
0.0007895499999994726 1
0.0007895499999994726 0
0.0007895799999992903 1
0.0007895799999992903 0
0.0007896099999999961 1
0.0007896399999998138 2
0.0007896699999996315 1
0.0007897899999997904 0
0.0007900089999992588 1
0.0007900089999992588 0
0.0007901279999993349 1
0.0007901279999993349 0
0.0007903840000000883 1
0.0007903840000000883 0
0.0007904949999995026 1
0.0007904949999995026 0
0.0007905249999993202 1
0.0007905249999993202 0
0.0007907289999993239 1
0.0007907289999993239 0
0.0007907590000000297 1
0.0007907590000000297 0
0.0007910159999999777 1
0.0007910159999999777 0
0.0007910949999994088 1
0.0007910949999994088 0
0.0007910989999997398 1
0.0007911359999992484 0
0.0007911570000000978 1
0.0007912559999994073 0
0.0007914849999997031 1
0.0007914849999997031 0
0.0007920539999997089 1
0.0007920539999997089 0
0.0007924459999992806 1
0.0007924459999992806 0
0.0007924949999997821 1
0.0007924949999997821 0
0.0007925359999996218 1
0.0007925659999994394 0
0.0007927240000000779 1
0.0007927240000000779 0
0.0007929049999999549 1
0.0007929049999999549 0
0.000793024000000031 1
0.000793024000000031 0
0.000793211999999599 1
0.000793211999999599 0
0.0007932799999998963 1
0.0007932799999998963 0
0.000793309999999714 1
0.0007933319999997579 0
0.0007933909999993105 1
0.0007934210000000164 2
0.0007934519999999168 1
0.0007935720000000757 0
0.00079362500000002 1
0.0007936919999993464 0
0.0007939119999997857 1
0.0007939119999997857 0
0.0007939949999995477 1
0.0007939949999995477 0
0.0007940529999999058 1
0.0007940529999999058 0
0.00079416399999932 1
0.0007941719999999819 0
0.0007942649999996831 1
0.0007942919999992526 0
0.0007949499999995169 1
0.0007949499999995169 0
0.0007953419999999767 1
0.0007953419999999767 0
0.0007953909999995901 1
0.0007953909999995901 0
0.0007958009999997628 1
0.0007958009999997628 0
0.000795919999999839 1
0.000795919999999839 0
0.0007961099999995724 1
0.0007961099999995724 0
0.0007961759999997042 1
0.0007961759999997042 0
0.0007962870000000066 1
0.0007962870000000066 0
0.0007963169999998243 1
0.0007963499999998902 0
0.0007963619999999949 1
0.0007964700000000491 0
0.000796520999999828 1
0.0007965639999998331 2
0.0007965899999993198 1
0.0007965939999996507 2
0.0007967099999994787 1
0.0007968079999995936 2
0.0007968299999996376 1
0.0007968909999993556 2
0.0007969489999997137 3
0.0007969499999997964 2
0.0007969789999995314 3
0.0007970699999999553 2
0.0007971609999994911 3
0.0007971900000001142 2
0.0007973099999993849 1
0.0007974299999995438 0
0.0007976290000000219 1
0.0007976290000000219 0
0.0007982379999997846 1
0.0007982379999997846 0
0.000798286999999398 1
0.000798286999999398 0
0.0007986969999995708 1
0.0007986969999995708 0
0.0007988159999996469 1
0.0007988159999996469 0
0.0007990719999995122 1
0.0007990719999995122 0
0.0007991829999998146 1
0.0007991829999998146 0
0.0007992129999996322 1
0.0007992129999996322 0
0.0007992579999998028 1
0.0007993119999998299 0
0.0007994169999996359 1
0.0007994319999999888 0
0.0007995089999992544 1
0.0007995519999992595 0
0.0007997039999994016 1
0.0007997039999994016 0
0.0007997870000000518 1
0.0007997919999995773 0
0.0007998449999995216 1
0.0007999119999997362 0
0.000800056999999299 1
0.000800056999999299 0
0.0008003169999994952 1
0.0008003169999994952 0
0.0008007129999993978 1
0.0008007129999993978 0
0.0008011339999995926 1
0.0008011339999995926 0
0.0008011830000000941 1
0.0008011830000000941 0
0.0008014669999996116 1
0.0008014669999996116 0
0.0008015929999993787 1
0.0008015929999993787 0
0.000801653999999985 1
0.000801653999999985 0
0.0008017119999994549 1
0.0008017129999995376 0
0.0008019679999993201 1
0.0008019679999993201 0
0.0008020789999996225 1
0.0008020789999996225 0
0.0008021089999994402 1
0.0008021089999994402 0
0.0008021539999996108 1
0.0008022079999996379 0
0.0008023129999994438 1
0.0008023279999997968 0
0.00080243199999952 1
0.0008024479999999556 0
0.0008026000000000977 1
0.0008026000000000977 0
0.0008026829999998597 1
0.0008026879999993852 0
0.0008027409999993296 1
0.0008028079999995441 0
0.0008029529999999951 1
0.0008029529999999951 0
0.0008040089999994393 1
0.0008040089999994393 0
0.000804038999999257 1
0.000804038999999257 0
0.0008040789999999021 1
0.0008041289999995982 0
0.0008044890000000748 1
0.0008044890000000748 0
0.0008046079999992628 1
0.0008046079999992628 0
0.0008046469999998251 1
0.0008046469999998251 0
0.0008049749999994305 1
0.0008049749999994305 0
0.0008050049999992481 1
0.0008050049999992481 0
0.0008050499999994187 1
0.0008050949999995893 0
0.0008052089999992518 1
0.0008052149999997482 0
0.0008052389999999576 1
0.0008053279999993279 2
0.0008053349999999071 1
0.000805455000000066 0
0.0008054959999999056 1
0.0008055749999993367 0
0.0008055789999996676 1
0.0008056370000000257 2
0.0008056949999994956 1
0.0008058149999996544 0
0.0008058489999998031 1
0.0008059349999998133 0
0.0008064939999998799 1
0.0008064939999998799 0
0.0008067439999992487 1
0.0008067439999992487 0
0.0008069260000000966 1
0.0008069260000000966 0
0.00080697499999971 1
0.00080697499999971 0
0.0008073049999994808 1
0.0008073049999994808 0
0.0008073849999998828 1
0.0008073849999998828 0
0.0008075039999999589 1
0.0008075039999999589 0
0.0008078709999992384 1
0.0008078709999992384 0
0.0008079009999999442 1
0.0008079009999999442 0
0.0008079460000001149 1
0.0008079909999993973 0
0.0008081049999999479 1
0.0008081109999995562 0
0.000808224000000024 1
0.000808230999999715 0
0.0008083919999997136 1
0.0008083919999997136 0
0.0008084749999994756 1
0.0008084749999994756 0
0.0008085329999998336 1
0.0008085629999996513 2
0.0008085909999993035 1
0.0008087109999994624 0
0.000808744999999611 1
0.0008088309999996213 0
0.0008098219999999046 1
0.0008098219999999046 0
0.000809870999999518 1
0.000809870999999518 0
0.0008102009999992887 1
0.0008102009999992887 0
0.0008102809999996907 1
0.0008102809999996907 0
0.0008103999999997669 1
0.0008103999999997669 0
0.0008107669999999345 1
0.0008107669999999345 0
0.0008107969999997522 1
0.0008107969999997522 0
0.0008108269999995699 1
0.0008108569999993875 2
0.0008108599999996358 3
0.0008108870000000934 2
0.0008110069999993641 1
0.000811119999999832 2
0.000811126999999523 1
0.0008112190000000297 2
0.0008112469999996819 1
0.0008112579999997038 0
0.0008112879999995215 1
0.0008113709999992835 2
0.0008113779999998627 1
0.0008114289999996416 2
0.0008114980000000216 1
0.0008116179999992923 0
0.000811640999999419 1
0.0008117379999994512 0
0.0008118539999992791 1
0.0008118579999996101 0
0.0008127179999997125 1
0.0008127179999997125 0
0.0008127669999993259 1
0.0008127669999993259 0
0.0008130969999999849 1
0.0008130969999999849 0
0.0008131769999994987 1
0.0008131769999994987 0
0.0008132959999995748 1
0.0008132959999995748 0
0.0008136629999997425 1
0.0008136629999997425 0
0.0008136929999995601 1
0.0008136929999995601 0
0.0008137379999997307 1
0.0008137829999999013 0
0.0008140159999996399 1
0.0008140159999996399 0
0.0008141839999993294 1
0.0008141839999993294 0
0.0008142669999999796 1
0.0008142669999999796 0
0.0008143249999994495 1
0.0008143249999994495 0
0.0008145370000001151 1
0.0008145370000001151 0
0.0008146139999993807 1
0.0008146139999993807 0
0.0008147799999997929 1
0.0008147799999997929 0
0.000815155999999817 1
0.000815155999999817 0
0.0008156139999995204 1
0.0008156139999995204 0
0.000815663000000022 1
0.000815663000000022 0
0.0008159929999997928 1
0.0008159929999997928 0
0.000815996000000041 1
0.000815996000000041 0
0.0008160729999993066 1
0.0008161129999999517 0
0.0008163559999996295 1
0.0008163559999996295 0
0.0008165589999995504 1
0.0008165589999995504 0
0.0008166339999995387 1
0.0008166339999995387 0
0.0008169119999994479 1
0.0008169119999994479 0
0.0008170800000000256 1
0.0008170800000000256 0
0.0008171629999997876 1
0.0008171629999997876 0
0.0008172209999992575 1
0.0008172209999992575 0
0.000817432999999923 1
0.000817432999999923 0
0.0008176759999996008 1
0.0008176759999996008 0
0.0008179679999997802 1
0.0008179679999997802 0
0.0008185099999993284 1
0.0008185099999993284 0
0.00081855899999983 1
0.00081855899999983 0
0.0008186229999997963 1
0.0008186299999994873 0
0.0008188889999996007 1
0.0008188889999996007 0
0.0008189690000000027 1
0.0008189690000000027 0
0.0008194549999993583 1
0.0008194549999993583 0
0.0008195299999993466 1
0.0008195299999993466 0
0.0008198079999992558 1
0.0008198079999992558 0
0.0008198419999994044 1
0.0008198419999994044 0
0.0008199759999998335 1
0.0008199759999998335 0
0.0008201169999999536 1
0.0008201169999999536 0
0.000820328999999731 1
0.000820328999999731 0
0.0008205719999994088 1
0.0008205719999994088 0
0.0008213219999992916 1
0.0008213219999992916 0
0.0008214060000000245 1
0.0008214060000000245 0
0.0008214549999996379 1
0.0008214549999996379 0
0.0008216779999994372 1
0.0008216779999994372 0
0.0008217849999994087 1
0.0008217849999994087 0
0.0008218649999998107 1
0.0008218649999998107 0
0.0008223510000000545 1
0.0008223510000000545 0
0.0008224260000000427 1
0.0008224260000000427 0
0.0008227039999999519 1
0.0008227039999999519 0
0.0008228719999996414 1
0.0008228719999996414 0
0.0008230129999997615 1
0.0008230129999997615 0
0.0008232249999995389 1
0.0008232249999995389 0
0.0008234680000001049 1
0.0008234680000001049 0
0.000824281999999954 1
0.000824281999999954 0
0.0008243119999997717 1
0.0008243119999997717 0
0.0008243509999994458 1
0.0008244020000001129 0
0.0008245739999992452 1
0.0008245739999992452 0
0.0008246810000001048 1
0.0008246810000001048 0
0.0008247609999996186 1
0.0008247619999997013 0
0.0008252469999998624 1
0.0008252469999998624 0
0.0008253219999998507 1
0.0008253219999998507 0
0.0008255999999997599 1
0.0008255999999997599 0
0.0008256049999992854 1
0.0008256049999992854 0
0.0008259089999995695 1
0.0008259089999995695 0
0.0008261209999993469 1
0.0008261209999993469 0
0.0008263639999999128 1
0.0008263639999999128 0
0.0008271779999997619 1
0.0008271779999997619 0
0.0008272079999995796 1
0.0008272079999995796 0
0.0008272469999992538 1
0.0008272979999999208 0
0.0008274699999999413 1
0.0008274699999999413 0
0.0008275769999999127 1
0.0008275769999999127 0
0.0008276569999994265 1
0.0008276579999995093 0
0.0008281429999996703 1
0.0008281429999996703 0
0.0008282179999996586 1
0.0008282179999996586 0
0.0008284959999995678 1
0.0008284959999995678 0
0.0008288049999993774 1
0.0008288049999993774 0
0.000829017000000043 1
0.000829017000000043 0
0.0008292599999997208 1
0.0008292599999997208 0
0.0008300739999995699 1
0.0008300739999995699 0
0.0008301039999993876 1
0.0008301039999993876 0
0.0008301429999999499 1
0.0008301939999997288 0
0.0008303659999997492 1
0.0008303659999997492 0
0.0008304729999997207 1
0.0008304729999997207 0
0.0008305529999992345 1
0.0008305539999993172 0
0.0008310389999994783 1
0.0008310389999994783 0
0.0008311139999994666 1
0.0008311139999994666 0
0.0008313919999993757 1
0.0008313919999993757 0
0.0008317010000000735 1
0.0008317010000000735 0
0.0008319129999998509 1
0.0008319129999998509 0
0.0008321559999995287 1
0.0008321559999995287 0
0.0008329699999993778 1
0.0008329699999993778 0
0.0008330000000000837 1
0.0008330000000000837 0
0.0008330389999997578 1
0.0008330899999995367 0
0.0008332619999995572 1
0.0008332619999995572 0
0.0008333689999995286 1
0.0008333689999995286 0
0.0008334489999999306 1
0.0008334500000000133 0
0.0008337179999999833 1
0.0008337179999999833 0
0.0008340099999992745 1
0.0008340099999992745 0
0.0008342880000000719 1
0.0008342880000000719 0
0.0008343799999996904 1
0.0008343799999996904 0
0.0008348089999996589 1
0.0008348089999996589 0
0.0008350519999993367 1
0.0008350519999993367 0
0.0008358660000000739 1
0.0008358660000000739 0
0.0008358959999998916 1
0.0008358959999998916 0
0.0008359349999995658 1
0.0008359859999993446 0
0.0008361579999993651 1
0.0008361579999993651 0
0.0008362649999993366 1
0.0008362649999993366 0
0.0008363449999997385 1
0.0008363459999998213 0
0.0008369059999999706 1
0.0008369059999999706 0
0.0008371839999998798 1
0.0008371839999998798 0
0.0008377049999994668 1
0.0008377049999994668 0
0.0008379480000000328 1
0.0008379480000000328 0
0.0008386189999995963 1
0.0008386189999995963 0
0.0008387619999998819 1
0.0008387619999998819 0
0.0008388309999993737 1
0.0008388309999993737 0
0.0008390540000000613 1
0.0008390540000000613 0
0.0008391610000000327 1
0.0008391610000000327 0
0.0008392409999995465 1
0.0008392409999995465 0
0.0008398019999997786 1
0.0008398019999997786 0
0.0008400799999996877 1
0.0008400799999996877 0
0.0008406009999992747 1
0.0008406009999992747 0
0.0008408439999998407 1
0.0008408439999998407 0
0.0008415099999998787 1
0.0008415099999998787 0
0.0008416579999996898 1
0.0008416579999996898 0
0.0008419200000000515 1
0.0008419200000000515 0
0.0008419499999998692 1
0.0008419499999998692 0
0.0008420569999998406 1
0.0008420569999998406 0
0.0008426979999995865 1
0.0008426979999995865 0
0.0008429759999994957 1
0.0008429759999994957 0
0.0008434969999999709 1
0.0008434969999999709 0
0.0008437399999996487 1
0.0008437399999996487 0
0.0008445539999994978 1
0.0008445539999994978 0
0.0008448459999996771 1
0.0008448459999996771 0
0.0008449529999996486 1
0.0008449529999996486 0
0.0008455939999993944 1
0.0008455939999993944 0
0.0008458719999993036 1
0.0008458719999993036 0
0.0008463929999997788 1
0.0008463929999997788 0
0.0008466359999994566 1
0.0008466359999994566 0
0.0008474499999993057 1
0.0008474499999993057 0
0.0008477419999994851 1
0.0008477419999994851 0
0.0008478489999994565 1
0.0008478489999994565 0
0.0008484900000000906 1
0.0008484900000000906 0
0.0008487679999999997 1
0.0008487679999999997 0
0.0008492889999995867 1
0.0008492889999995867 0
0.0008495319999992645 1
0.0008495319999992645 0
0.0008503460000000018 1
0.0008503460000000018 0
0.000850637999999293 1
0.000850637999999293 0
0.0008507449999992645 1
0.0008507449999992645 0
0.0008513859999998985 1
0.0008513859999998985 0
0.0008516639999998077 1
0.0008516639999998077 0
0.0008521849999993947 1
0.0008521849999993947 0
0.0008524279999999607 1
0.0008524279999999607 0
0.0008532419999998098 1
0.0008532419999998098 0
0.0008535339999999891 1
0.0008535339999999891 0
0.0008536409999999606 1
0.0008536409999999606 0
0.0008542819999997064 1
0.0008542819999997064 0
0.0008545599999996156 1
0.0008545599999996156 0
0.0008550810000000908 1
0.0008550810000000908 0
0.0008553239999997686 1
0.0008553239999997686 0
0.0008561379999996177 1
0.0008561379999996177 0
0.0008564299999997971 1
0.0008564299999997971 0
0.0008565369999997685 1
0.0008565369999997685 0
0.0008569609999993233 1
0.0008569609999993233 0
0.0008574559999994236 1
0.0008574559999994236 0
0.0008579769999998987 1
0.0008579769999998987 0
0.0008582199999995765 1
0.0008582199999995765 0
0.0008590339999994256 1
0.0008590339999994256 0
0.000859325999999605 1
0.000859325999999605 0
0.0008594329999995765 1
0.0008594329999995765 0
0.0008603520000001197 1
0.0008603520000001197 0
0.0008608729999997067 1
0.0008608729999997067 0
0.0008611159999993845 1
0.0008611159999993845 0
0.0008619300000001218 1
0.0008619300000001218 0
0.000862221999999413 1
0.000862221999999413 0
0.0008623289999993844 1
0.0008623289999993844 0
0.0008632479999999276 1
0.0008632479999999276 0
0.0008637689999995146 1
0.0008637689999995146 0
0.0008640120000000806 1
0.0008640120000000806 0
0.0008648259999999297 1
0.0008648259999999297 0
0.0008650079999998894 1
0.0008650079999998894 0
0.0008651180000001091 1
0.0008651180000001091 0
0.0008661439999997356 1
0.0008661439999997356 0
0.0008666649999993226 1
0.0008666649999993226 0
0.0008669079999998885 1
0.0008669079999998885 0
0.0008677219999997376 1
0.0008677219999997376 0
0.000868013999999917 1
0.000868013999999917 0
0.0008690399999995435 1
0.0008690399999995435 0
0.0008695610000000187 1
0.0008695610000000187 0
0.0008698039999996965 1
0.0008698039999996965 0
0.0008706179999995456 1
0.0008706179999995456 0
0.000870909999999725 1
0.000870909999999725 0
0.0008717190000000485 1
0.0008717190000000485 0
0.0008724569999998266 1
0.0008724569999998266 0
0.0008726999999995044 1
0.0008726999999995044 0
0.0008735139999993535 1
0.0008735139999993535 0
0.0008738059999995329 1
0.0008738059999995329 0
0.0008753529999996346 1
0.0008753529999996346 0
0.0008755959999993124 1
0.0008755959999993124 0
0.0008764100000000496 1
0.0008764100000000496 0
0.0008767019999993408 1
0.0008767019999993408 0
0.0008781399999993056 1
0.0008781399999993056 0
0.0008784920000000085 1
0.0008784920000000085 0
0.0008793059999998576 1
0.0008793059999998576 0
0.000879598000000037 1
0.000879598000000037 0
0.0008813879999998164 1
0.0008813879999998164 0
0.0008822019999996655 1
0.0008822019999996655 0
0.0008824939999998449 1
0.0008824939999998449 0
0.0008842839999996244 1
0.0008842839999996244 0
0.0008850979999994735 1
0.0008850979999994735 0
0.0008853899999996528 1
0.0008853899999996528 0
0.0008871799999994323 1
0.0008871799999994323 0
0.0008879939999992814 1
0.0008879939999992814 0
0.0008882859999994608 1
0.0008882859999994608 0
0.0008900759999992403 1
0.0008900759999992403 0
0.0008908899999999775 1
0.0008908899999999775 0
0.0008911819999992687 1
0.0008911819999992687 0
0.0008929719999999364 1
0.0008929719999999364 0
0.0008937859999997855 1
0.0008937859999997855 0
0.0008940779999999648 1
0.0008940779999999648 0
0.0008958679999997443 1
0.0008958679999997443 0
0.0008966819999995934 1
0.0008966819999995934 0
0.0008969739999997728 1
0.0008969739999997728 0
0.0008985469999993612 1
0.0008985469999993612 0
0.0008995779999994014 1
0.0008995779999994014 0
0.0008998699999995807 1
0.0008998699999995807 0
0.0009024740000000975 1
0.0009024740000000975 0
0.0009026030000001128 1
0.0009026030000001128 0
0.0009053699999999054 1
0.0009053699999999054 0
0.0009082659999997134 1
0.0009082659999997134 0
0.0009111619999995213 1
0.0009111619999995213 0
0.0009138410000000263 1
0.0009138410000000263 0
0.0009144519999999545 0