time length
0.0 0
1.8750000005951506e-06 1
1.8750000005951506e-06 0
1.994999999865854e-06 1
1.994999999865854e-06 0
2.190000000013015e-06 1
2.190000000013015e-06 0
2.2050000012541204e-06 1
2.2050000012541204e-06 0
2.2499999996483666e-06 1
2.2499999996483666e-06 0
4.2340000003804334e-06 1
4.2340000003804334e-06 0
4.239000000794135e-06 1
4.239000000794135e-06 0
4.329000001135341e-06 1
4.329000001135341e-06 0
4.364000000478541e-06 1
4.364000000478541e-06 0
4.412000000897365e-06 1
4.412000000897365e-06 0
4.449000000406045e-06 1
4.449000000406045e-06 0
4.469000000284495e-06 1
4.506999999875916e-06 2
4.5190000008688e-06 3
4.532000000168068e-06 2
4.53600000049903e-06 1
4.540000000829991e-06 0
4.544000001160953e-06 1
4.548999999798298e-06 2
4.629000001088457e-06 3
4.6490000009669075e-06 4
4.660000000100695e-06 3
4.664000000431656e-06 2
4.668000000762618e-06 1
4.669000000845358e-06 2
4.672000001093579e-06 1
4.675999999648184e-06 0
4.684000000310107e-06 1
4.684000000310107e-06 0
4.727000000315229e-06 1
4.727000000315229e-06 0
4.728000000397969e-06 1
4.728000000397969e-06 0
4.877000000291787e-06 1
4.877000000291787e-06 0
4.888000001201931e-06 1
4.888000001201931e-06 0
5.414000000314445e-06 1
5.414000000314445e-06 0
5.7190000006812625e-06 1
5.7190000006812625e-06 0
5.824000000487217e-06 1
5.824000000487217e-06 0
5.8589999998304165e-06 1
5.8589999998304165e-06 0
6.307000001370966e-06 1
6.307000001370966e-06 0
6.322000000835715e-06 1
6.322000000835715e-06 0
6.367000001006318e-06 1
6.4270000006416694e-06 0
6.624000000954311e-06 1
6.624000000954311e-06 0
6.625000001037051e-06 1
6.6280000012852724e-06 2
6.6329999999226175e-06 3
6.648000001163723e-06 4
6.652999999801068e-06 5
6.65800000021477e-06 6
6.663000000628472e-06 7
6.667000000959433e-06 6
6.668000001042174e-06 7
6.672999999679519e-06 8
6.6780000000932205e-06 9
6.688000000920624e-06 10
6.693000001334326e-06 11
6.697999999971671e-06 12
6.703000000385373e-06 13
6.708000000799075e-06 14
6.713000001212777e-06 15
6.717999999850122e-06 16
6.7230000002638235e-06 17
6.728000000677525e-06 18
6.737999999728572e-06 19
6.743000000142274e-06 20
6.748000000555976e-06 21
6.753000000969678e-06 22
6.75800000138338e-06 23
6.763000000020725e-06 24
6.773000000848128e-06 25
6.77800000126183e-06 26
6.787000000230137e-06 25
6.788000000312877e-06 26
6.791000000561098e-06 25
6.793000000726579e-06 26
6.79500000089206e-06 25
6.799000001223021e-06 24
6.802999999777626e-06 23
6.807000000108587e-06 22
6.808000000191328e-06 23
6.811000000439549e-06 22
6.81500000077051e-06 21
6.819000001101472e-06 20
6.822999999656076e-06 19
6.826999999987038e-06 18
6.831000000317999e-06 17
6.835000000648961e-06 16
6.839000000979922e-06 15
6.843000001310884e-06 14
6.844000001393624e-06 15
6.8469999998654885e-06 14
6.85100000019645e-06 13
6.8550000005274114e-06 12
6.859000000858373e-06 11
6.863000001189334e-06 10
6.866999999743939e-06 9
6.8710000000749005e-06 8
6.874000000323122e-06 9
6.875000000405862e-06 10
6.875000000405862e-06 9
6.876000000488602e-06 10
6.877000000571343e-06 11
6.878000000654083e-06 12
6.8790000007368235e-06 13
6.8790000007368235e-06 12
6.880000000819564e-06 13
6.881000000902304e-06 14
6.882000000985045e-06 15
6.883000001067785e-06 16
6.883000001067785e-06 15
6.8870000013987465e-06 14
6.890999999953351e-06 13
6.895000000284313e-06 12
6.899000000615274e-06 11
6.9030000009462356e-06 10
6.907000001277197e-06 9
6.9129999999972824e-06 10
6.914000000080023e-06 11
6.915000000162763e-06 12
6.9160000002455035e-06 13
6.917000000328244e-06 14
6.918000000410984e-06 15
6.919000000493725e-06 16
6.920000000576465e-06 17
6.921000000659205e-06 18
6.922000000741946e-06 19
6.923000000824686e-06 20
6.9240000009074265e-06 21
6.925000000990167e-06 22
6.979000000129076e-06 23
6.980000000211817e-06 24
6.981000000294557e-06 25
6.9820000003772975e-06 26
6.983000000460038e-06 27
6.984000000542778e-06 28
7.0140000012486325e-06 29
7.015000001331373e-06 30
7.016000001414113e-06 31
7.016999999720497e-06 32
7.017999999803237e-06 33
7.0189999998859776e-06 34
7.019999999968718e-06 35
7.0270000005479005e-06 34
7.050000000674572e-06 35
7.051000000757313e-06 36
7.052000000840053e-06 37
7.053000000922793e-06 38
7.054000001005534e-06 39
7.055000001088274e-06 40
7.0560000011710144e-06 41
7.057000001253755e-06 42
7.058000001336495e-06 43
7.0590000014192356e-06 44
7.059999999725619e-06 45
7.119000001054587e-06 46
7.120000001137328e-06 47
7.121000001220068e-06 48
7.146999999818604e-06 47
7.1510000001495655e-06 48
7.1510000001495655e-06 47
7.152000000232306e-06 48
7.153000000315046e-06 49
7.154000000397787e-06 50
7.155000000480527e-06 51
7.155000000480527e-06 50
7.156000000563267e-06 51
7.157000000646008e-06 52
7.1590000008114885e-06 51
7.16300000114245e-06 50
7.166999999697055e-06 49
7.171000000028016e-06 48
7.1750000003589776e-06 47
7.179000000689939e-06 46
7.1830000010209005e-06 45
7.2040000009820915e-06 46
7.205000001064832e-06 47
7.234999999994329e-06 48
7.23600000007707e-06 49
7.266000000782924e-06 50
7.2989999999606425e-06 51
7.303000000291604e-06 50
7.3070000006225655e-06 49
7.311000000953527e-06 48
7.3150000012844885e-06 47
7.318999999839093e-06 46
7.323000000170055e-06 45
7.327000000501016e-06 44
7.329000000666497e-06 45
7.3310000008319776e-06 44
7.335000001162939e-06 43
7.338999999717544e-06 42
7.343000000048505e-06 41
7.347000000379467e-06 40
7.351000000710428e-06 39
7.359000001372351e-06 40
7.3890000003018486e-06 41
7.419000001007703e-06 42
7.470999999981132e-06 41
7.475000000312093e-06 40
7.479000000643055e-06 39
7.483000000974016e-06 38
7.4870000013049776e-06 37
7.490999999859582e-06 36
7.539000000278406e-06 37
7.6110000009066425e-06 36
7.615000001237604e-06 35
7.618999999792209e-06 34
7.62300000012317e-06 33
7.627000000454132e-06 32
7.631000000785093e-06 31
7.635000001116055e-06 30
7.644000000084361e-06 31
7.694000000668666e-06 32
7.755000000386758e-06 31
7.75900000071772e-06 30
7.763000001048681e-06 29
7.767000001379643e-06 28
7.769999999851507e-06 29
7.770999999934247e-06 28
7.775000000265209e-06 27
7.77900000059617e-06 26
7.783000000927132e-06 25
7.784000001009872e-06 26
7.787000001258093e-06 25
7.790999999812698e-06 24
7.79500000014366e-06 23
7.91500000119072e-06 22
7.918999999745324e-06 21
7.923000000076286e-06 20
7.960999999667706e-06 21
8.02599999971676e-06 22
8.043000001123346e-06 21
8.04699999967795e-06 20
8.051000000008912e-06 19
8.055000000339874e-06 18
8.059000000670835e-06 17
8.063000001001797e-06 16
8.067000001332758e-06 15
8.096000000179515e-06 16
8.12600000088537e-06 17
8.155999999814867e-06 18
8.186000000520721e-06 19
8.187000000603462e-06 18
8.191000000934423e-06 17
8.216000001226575e-06 18
8.246000000156073e-06 19
8.276000000861927e-06 20
8.305999999791425e-06 21
8.311000000205127e-06 20
8.315000000536088e-06 19
8.336000000497279e-06 20
8.366000001203133e-06 21
8.39600000013263e-06 22
8.426000000838485e-06 23
8.434999999806791e-06 22
8.455999999767982e-06 23
8.486000000473837e-06 24
8.555000000853852e-06 23
8.615000000489204e-06 24
8.675000000124555e-06 23
8.720000000295158e-06 24
8.755000001414714e-06 25
8.795000001171616e-06 24
8.804000000139922e-06 25
8.86100000130341e-06 26
8.891000000232907e-06 27
8.915000000442319e-06 26
8.926000001352463e-06 27
8.95600000028196e-06 28
8.986000000987815e-06 29
9.021000000331014e-06 30
9.034999999713023e-06 29
9.051000001036869e-06 30
9.080999999966366e-06 31
9.11100000067222e-06 32
9.141000001378075e-06 33
9.155000000760083e-06 32
9.171000000307572e-06 33
9.201000001013426e-06 34
9.203000001178907e-06 35
9.218000000643656e-06 36
9.230999999942924e-06 37
9.261000000648778e-06 38
9.263000000814259e-06 39
9.275000000030786e-06 38
9.291000001354632e-06 39
9.32100000028413e-06 40
9.351000000989984e-06 41
9.380999999919482e-06 42
9.395000001077847e-06 41
9.411000000625336e-06 42
9.44100000133119e-06 43
9.51500000034855e-06 42
9.520000000762252e-06 43
9.63500000139561e-06 42
9.740000001201565e-06 43
9.755000000666314e-06 42
9.770000000131063e-06 43
9.800000000836917e-06 44
9.837000000345597e-06 45
9.871999999688796e-06 46
9.874999999937017e-06 45
9.90200000039465e-06 46
9.932000001100505e-06 47
9.962000000030002e-06 48
9.992000000735857e-06 49
9.995000000984078e-06 48
1.0021999999665354e-05 49
1.0052000000371208e-05 50
1.0082000001077063e-05 51
1.011200000000656e-05 52
1.0115000000254781e-05 51
1.0142000000712414e-05 52
1.0172000001418269e-05 53
1.0202000000347766e-05 54
1.023200000105362e-05 55
1.0235000001301842e-05 54
1.0261999999983118e-05 55
1.0292000000688972e-05 56
1.0322000001394827e-05 57
1.0352000000324324e-05 58
1.0355000000572545e-05 57
1.0382000001030178e-05 58
1.0411999999959676e-05 59
1.044200000066553e-05 60
1.0472000001371384e-05 61
1.0474999999843249e-05 60
1.0502000000300882e-05 61
1.0532000001006736e-05 62
1.0561999999936234e-05 63
1.0592000000642088e-05 64
1.0595000000890309e-05 63
1.0622000001347942e-05 64
1.065200000027744e-05 65
1.0680000000817813e-05 66
1.0682000000983294e-05 67
1.0711999999912791e-05 68
1.0715000000161012e-05 67
1.0742000000618646e-05 68
1.07720000013245e-05 69
1.0802000000253997e-05 70
1.0832000000959852e-05 71
1.0835000001208073e-05 70
1.0861999999889349e-05 71
1.0892000000595203e-05 72
1.0922000001301058e-05 73
1.0952000000230555e-05 74
1.0955000000478776e-05 73
1.098200000093641e-05 74
1.1011999999865907e-05 75
1.1042000000571761e-05 76
1.1072000001277615e-05 77
1.107499999974948e-05 76
1.1102000000207113e-05 77
1.1132000000912967e-05 78
1.1161999999842465e-05 79
1.1192000000548319e-05 80
1.119500000079654e-05 79
1.1222000001254173e-05 80
1.125200000018367e-05 81
1.1282000000889525e-05 82
1.1311999999819022e-05 83
1.1315000000067243e-05 82
1.1342000000524877e-05 83
1.1372000001230731e-05 84
1.1402000000160228e-05 85
1.1432000000866083e-05 86
1.1435000001114304e-05 85
1.146199999979558e-05 86
1.1492000000501434e-05 87
1.1522000001207289e-05 88
1.1552000000136786e-05 89
1.1555000000385007e-05 88
1.158200000084264e-05 89
1.1611999999772138e-05 90
1.1642000000477992e-05 91
1.1672000001183847e-05 92
1.167499999965571e-05 91
1.1702000000113344e-05 92
1.1732000000819198e-05 93
1.1761999999748696e-05 94
1.179200000045455e-05 95
1.1795000000702771e-05 94
1.1822000001160404e-05 95
1.1852000000089902e-05 96
1.1882000000795756e-05 97
1.1911999999725253e-05 98
1.1914999999973475e-05 97
1.1942000000431108e-05 98
1.1972000001136962e-05 99
1.200200000006646e-05 100
1.2032000000772314e-05 101
1.2035000001020535e-05 100
1.2061999999701811e-05 101
1.2092000000407666e-05 102
1.2099000000986848e-05 103
1.2114000000451597e-05 104
1.212200000111352e-05 105
1.2152000000043017e-05 106
1.2155000000291238e-05 105
1.21590000006222e-05 106
1.2182000000748872e-05 107
1.2211999999678369e-05 108
1.2242000000384223e-05 109
1.2272000001090078e-05 110
1.2275000001338299e-05 109
1.2302000000019575e-05 110
1.233200000072543e-05 111
1.2361999999654927e-05 112
1.2392000000360781e-05 113
1.2395000000609002e-05 112
1.2422000001066635e-05 113
1.2451999999996133e-05 114
1.2482000000701987e-05 115
1.2512000001407841e-05 116
1.2514999999879706e-05 115
1.2635000000926766e-05 114
1.2636000001009506e-05 115
1.2665999999939004e-05 116
1.2696000000644858e-05 117
1.2733000000153538e-05 118
1.275500000019747e-05 117
1.2787000001068805e-05 118
1.2816999999998302e-05 119
1.2847000000704156e-05 120
1.287500000124453e-05 119
1.287700000141001e-05 120
1.2907000000339508e-05 121
1.2937000001045362e-05 122
1.296699999997486e-05 123
1.2995000000515233e-05 122
1.2997000000680714e-05 123
1.3027000001386568e-05 124
1.3057000000316066e-05 125
1.308700000102192e-05 126
1.3114999999785937e-05 125
1.3116999999951418e-05 126
1.3147000000657272e-05 127
1.3177000001363126e-05 128
1.3207000000292624e-05 129
1.3235000000832997e-05 128
1.3237000000998478e-05 129
1.3266999999927975e-05 130
1.329700000063383e-05 131
1.3327000001339684e-05 132
1.33550000001037e-05 131
1.3357000000269181e-05 132
1.3387000000975036e-05 133
1.3416999999904533e-05 134
1.3447000000610387e-05 135
1.3475000001150761e-05 134
1.3477000001316242e-05 135
1.3507000000245739e-05 136
1.3537000000951593e-05 137
1.356699999988109e-05 138
1.3576000000625754e-05 139
1.3595000000421464e-05 138
1.3597000000586945e-05 139
1.3714999999692168e-05 138
1.3752000000977205e-05 139
1.3781999999906702e-05 140
1.3818000001108999e-05 141
1.3835000000739228e-05 140
1.3848000000038496e-05 141
1.387800000074435e-05 142
1.3907999999673848e-05 143
1.3938000000379702e-05 144
1.3955000000009932e-05 143
1.3968000001085557e-05 144
1.3998000000015054e-05 145
1.4028000000720908e-05 146
1.4057999999650406e-05 147
1.4075000001056992e-05 146
1.408800000035626e-05 147
1.4118000001062114e-05 148
1.4147999999991612e-05 149
1.4178000000697466e-05 150
1.4195000000327695e-05 149
1.420800000140332e-05 150
1.4238000000332818e-05 151
1.4268000001038672e-05 152
1.429799999996817e-05 153
1.4315000001374756e-05 152
1.4328000000674024e-05 153
1.4358000001379878e-05 154
1.4388000000309376e-05 155
1.441800000101523e-05 156
1.443500000064546e-05 155
1.4447999999944727e-05 156
1.4478000000650582e-05 157
1.4508000001356436e-05 158
1.4538000000285933e-05 159
1.4554999999916163e-05 158
1.4568000000991788e-05 159
1.4597999999921285e-05 160
1.462800000062714e-05 161
1.4658000001332994e-05 162
1.4675000000963223e-05 161
1.4688000000262491e-05 162
1.4718000000968345e-05 163
1.4747999999897843e-05 164
1.4778000000603697e-05 165
1.4795000000233927e-05 164
1.4808000001309551e-05 165
1.4838000000239049e-05 166
1.4868000000944903e-05 167
1.48979999998744e-05 168
1.4915000001280987e-05 167
1.4928000000580255e-05 168
1.495800000128611e-05 169
1.4988000000215607e-05 170
1.499500000079479e-05 171
1.5018000000921461e-05 172
1.503500000055169e-05 171
1.5047999999850958e-05 172
1.5078000000556813e-05 173
1.5108000001262667e-05 174
1.5138000000192164e-05 175
1.5154999999822394e-05 174
1.5168000000898019e-05 175
1.5197999999827516e-05 176
1.522800000053337e-05 177
1.5275000000869454e-05 176
1.5312000000378134e-05 177
1.5395000000140158e-05 176
1.5515000001187218e-05 175
1.555400000086138e-05 176
1.5583999999790876e-05 177
1.563500000045792e-05 176
1.5683000000876746e-05 177
1.5712999999806243e-05 178
1.5743000000512097e-05 179
1.5754999999728625e-05 178
1.577300000121795e-05 179
1.580300000014745e-05 180
1.5833000000853303e-05 181
1.58629999997828e-05 182
1.5875000000775685e-05 181
1.5893000000488655e-05 182
1.592300000119451e-05 183
1.5953000000124007e-05 184
1.598300000082986e-05 185
1.599500000004639e-05 184
1.601299999975936e-05 185
1.6043000000465213e-05 186
1.6073000001171067e-05 187
1.6103000000100565e-05 188
1.611500000109345e-05 187
1.613300000080642e-05 188
1.6162999999735916e-05 189
1.619300000044177e-05 190
1.6223000001147625e-05 191
1.6235000000364153e-05 190
1.6243000001026076e-05 191
1.6253000000077122e-05 192
1.6283000000782977e-05 193
1.6312999999712474e-05 194
1.634300000041833e-05 195
1.6355000001411213e-05 194
1.6373000001124183e-05 195
1.640300000005368e-05 196
1.6433000000759534e-05 197
1.6462999999689032e-05 198
1.6472000000433695e-05 199
1.6475000000681916e-05 198
1.659499999995262e-05 197
1.6603000000614543e-05 198
1.6648000000785146e-05 199
1.6677999999714643e-05 200
1.671400000091694e-05 201
1.671500000099968e-05 200
1.67480000001774e-05 201
1.6778000000883253e-05 202
1.680799999981275e-05 203
1.6835000000270384e-05 202
1.6838000000518605e-05 203
1.686800000122446e-05 204
1.6898000000153957e-05 205
1.692800000085981e-05 206
1.6955000001317444e-05 205
1.6957999999789308e-05 206
1.6988000000495163e-05 207
1.7018000001201017e-05 208
1.7048000000130514e-05 209
1.7075000000588147e-05 208
1.707800000083637e-05 209
1.7107999999765866e-05 210
1.713800000047172e-05 211
1.7168000001177575e-05 212
1.719499999985885e-05 211
1.7198000000107072e-05 212
1.7228000000812926e-05 213
1.7257999999742424e-05 214
1.7288000000448278e-05 215
1.731500000090591e-05 214
1.7318000001154132e-05 215
1.734800000008363e-05 216
1.740799999971898e-05 217
1.7435000000176615e-05 216
1.7443000000838538e-05 217
1.7492000001340102e-05 218
1.7555000001223675e-05 217
1.7574000001019385e-05 218
1.763900000106844e-05 219
1.767500000049438e-05 218
1.7686999999710906e-05 219
1.771700000041676e-05 220
1.7747000001122615e-05 221
1.7779000000217593e-05 222
1.7794999999765082e-05 221
1.7818999999974494e-05 222
1.784900000068035e-05 223
1.7879000001386203e-05 224
1.789100000060273e-05 225
1.79090000003157e-05 226
1.7915000000812142e-05 225
1.7939000001021554e-05 226
1.8019000000535357e-05 227
1.8035000000082846e-05 226
1.804900000124121e-05 227
1.807900000017071e-05 228
1.8155000001129906e-05 227
1.8208000000186075e-05 228
1.827500000040061e-05 227
1.8394999999671313e-05 226
1.845000000066932e-05 227
1.8480000001375174e-05 228
1.8515000000718373e-05 227
1.85269999999349e-05 228
1.8579000000684687e-05 229
1.860900000139054e-05 230
1.8634999999989077e-05 229
1.863900000032004e-05 230
1.8669000001025893e-05 231
1.869899999995539e-05 232
1.8729000000661244e-05 233
1.8755000001036137e-05 232
1.87590000013671e-05 233
1.8789000000296596e-05 234
1.881900000100245e-05 235
1.8848999999931948e-05 236
1.887500000030684e-05 235
1.8879000000637802e-05 236
1.8909000001343657e-05 237
1.8939000000273154e-05 238
1.8969000000979008e-05 239
1.89950000013539e-05 238
1.8998999999908506e-05 239
1.902900000061436e-05 240
1.9059000001320214e-05 241
1.9089000000249712e-05 242
1.9115000000624605e-05 241
1.9119000000955566e-05 242
1.9148999999885064e-05 243
1.9179000000590918e-05 244
1.9234999999895308e-05 243
1.926300000043568e-05 244
1.9293000001141536e-05 245
1.935500000094237e-05 244
1.9475000000213072e-05 243
1.9499000000422484e-05 244
1.9595000001260132e-05 243
1.960700000047666e-05 244
1.9637000001182514e-05 245
1.966700000011201e-05 246
1.9697000000817866e-05 247
1.9715000000530836e-05 246
1.9726999999747363e-05 247
1.9757000000453218e-05 248
1.9787000001159072e-05 249
1.981700000008857e-05 250
1.983499999980154e-05 249
1.9847000000794424e-05 250
1.987699999972392e-05 251
1.9907000000429775e-05 252
1.993700000113563e-05 253
1.99550000008486e-05 252
1.9967000000065127e-05 253
1.999700000077098e-05 254
2.002699999970048e-05 255
2.0057000000406333e-05 256
2.0075000000119303e-05 255
2.0087000001112187e-05 256
2.0117000000041685e-05 257
2.014700000074754e-05 258
2.0176999999677037e-05 259
2.0195000001166363e-05 258
2.020700000038289e-05 259
2.0237000001088745e-05 260
2.0267000000018243e-05 261
2.0315000000437067e-05 260
2.033900000064648e-05 261
2.0385000000899822e-05 262
2.041499999982932e-05 263
2.043499999970777e-05 262
2.0447000000700655e-05 263
2.047700000140651e-05 264
2.053500000087638e-05 265
2.055500000075483e-05 264
2.0564999999805877e-05 265
2.0595000000511732e-05 266
2.0625000001217586e-05 267
2.0655000000147083e-05 268
2.0675000000025534e-05 267
2.0685000000852938e-05 268
2.0714999999782435e-05 269
2.074500000048829e-05 270
2.077999999983149e-05 271
2.078700000041067e-05 272
2.0795000001072594e-05 271
2.0810000000537343e-05 272
2.0840000001243197e-05 273
2.0915000000343298e-05 274
2.0915000000343298e-05 273
2.0945000001049152e-05 274
2.1035000001390358e-05 273
2.1103999999994016e-05 274
2.115500000066106e-05 273
2.1274999999931765e-05 272
2.1283000000593688e-05 273
2.128700000092465e-05 274
2.134600000047726e-05 275
2.1376000001183115e-05 276
2.1395000000978825e-05 275
2.1422999999742842e-05 276
2.1475000000492628e-05 277
2.1505000001198482e-05 278
2.151500000024953e-05 277
2.153500000012798e-05 278
2.1565000000833834e-05 279
2.159499999976333e-05 280
2.1625000000469186e-05 281
2.163500000129659e-05 280
2.165500000117504e-05 281
2.1685000000104537e-05 282
2.171500000081039e-05 283
2.174499999973989e-05 284
2.1755000000567293e-05 283
2.1775000000445743e-05 284
2.1805000001151598e-05 285
2.1835000000081095e-05 286
2.186500000078695e-05 287
2.1874999999837996e-05 286
2.1894999999716447e-05 287
2.19250000004223e-05 288
2.1995000000885057e-05 287
2.2007000000101584e-05 288
2.211500000015576e-05 287
2.223500000120282e-05 286
2.2247000000419348e-05 287
2.2355000000473524e-05 286
2.2474999999744227e-05 285
2.253999999979328e-05 286
2.2570000000499135e-05 287
2.2595000000791288e-05 286
2.260000000120499e-05 287
2.2630000000134487e-05 288
2.266000000084034e-05 289
2.268999999976984e-05 290
2.271500000006199e-05 289
2.2720000000475693e-05 290
2.2750000001181547e-05 291
2.2780000000111045e-05 292
2.28100000008169e-05 293
2.283500000110905e-05 292
2.2839999999746396e-05 293
2.287000000045225e-05 294
2.2900000001158105e-05 295
2.2930000000087603e-05 296
2.2955000000379755e-05 295
2.2960000000793457e-05 296
2.2989999999722954e-05 297
2.302500000084251e-05 298
2.307499999965046e-05 297
2.319500000069752e-05 296
2.3206999999914046e-05 297
2.3314999999968222e-05 296
2.3366000000635267e-05 297
2.3435000001015283e-05 296
2.3531000000076574e-05 297
2.3555000000285986e-05 296
2.358300000082636e-05 297
2.3612999999755857e-05 298
2.364300000046171e-05 299
2.3675000001333046e-05 298
2.3676000001415787e-05 299
2.3706000000345284e-05 300
2.373600000105114e-05 301
2.3765999999980636e-05 302
2.379500000060375e-05 301
2.3806999999820277e-05 302
2.3837000000526132e-05 303
2.3914999999874453e-05 302
2.4035000000921514e-05 301
2.4155000000192217e-05 300
2.418300000073259e-05 301
2.4242000000285202e-05 302
2.4272000000991056e-05 303
2.4275000001239277e-05 302
2.431900000132714e-05 303
2.437100000030057e-05 304
2.439500000050998e-05 303
2.4401000001006423e-05 304
2.443099999993592e-05 305
2.4461000000641775e-05 306
2.449100000134763e-05 307
2.4514999999780684e-05 306
2.4521000000277127e-05 307
2.455100000098298e-05 308
2.458099999991248e-05 309
2.4611000000618333e-05 310
2.4635000000827745e-05 309
2.4641000001324187e-05 310
2.4671000000253684e-05 311
2.470100000095954e-05 312
2.4755000000098448e-05 311
2.477600000005964e-05 312
2.487500000114551e-05 311
2.4995000000416212e-05 310
2.5007000001409097e-05 311
2.5114999999686916e-05 310
2.51270000006798e-05 311
2.5235000000733976e-05 310
2.5246999999950503e-05 311
2.535500000000468e-05 310
2.5367000000997564e-05 311
2.543600000137758e-05 312
2.5466000000307076e-05 313
2.547500000105174e-05 312
2.5501999999733016e-05 313
2.5541000001183534e-05 314
2.557100000011303e-05 315
2.5595000000322443e-05 314
2.5601000000818885e-05 315
2.5715000001369503e-05 314
2.572700000058603e-05 315
2.5757000001291885e-05 316
2.5835000000640207e-05 315
2.5846999999856735e-05 316
2.595499999991091e-05 315
2.5967000000903795e-05 316
2.607500000095797e-05 315
2.6195000000228674e-05 314
2.626200000044321e-05 315
2.6315000001275735e-05 314
2.6327000000492262e-05 315
2.6426999999884515e-05 316
2.6435000000546438e-05 315
2.6507000001174674e-05 316
2.6548000001014316e-05 317
2.655499999981714e-05 316
2.6577999999943813e-05 317
2.6627000000445378e-05 318
2.6675000000864202e-05 317
2.670699999995918e-05 318
2.6795000000134905e-05 317
2.6915000001181966e-05 316
2.703500000045267e-05 315
2.7138000000093143e-05 316
2.7154999999723373e-05 315
2.7168000000798997e-05 316
2.726700000010851e-05 317
2.7275000000770433e-05 316
2.7282999999656e-05 317
2.7297000000814364e-05 318
2.7326999999743862e-05 319
2.7357000000449716e-05 320
2.738700000115557e-05 321
2.7395000000041136e-05 320
2.7417000000085068e-05 321
2.7447000000790922e-05 322
2.747699999972042e-05 323
2.7507000000426274e-05 324
2.7515000001088197e-05 323
2.7537000001132128e-05 324
2.76350000003589e-05 323
2.7647000001351785e-05 324
2.7677000000281282e-05 325
2.775500000140596e-05 324
2.7875000000676664e-05 323
2.7994999999947368e-05 322
2.8115000000994428e-05 321
2.823500000026513e-05 320
2.8263000000805505e-05 321
2.833200000118552e-05 322
2.835500000131219e-05 321
2.8398000001317314e-05 322
2.8437000000991475e-05 323
2.8466999999920972e-05 324
2.8475000000582895e-05 323
2.8497000000626826e-05 324
2.85949999998536e-05 323
2.871500000090066e-05 322
2.8727000000117187e-05 323
2.8835000000171362e-05 322
2.8955000001218423e-05 321
2.9075000000489126e-05 320
2.915800000025115e-05 321
2.919499999975983e-05 320
2.931500000080689e-05 319
2.9435000000077594e-05 318
2.952300000025332e-05 319
2.9555000001124654e-05 318
2.960299999976712e-05 319
2.9675000000395357e-05 318
2.979499999966606e-05 317
2.991500000071312e-05 316
3.0034999999983825e-05 315
3.006400000060694e-05 316
3.0155000001030885e-05 315
3.016299999991645e-05 316
3.0193000000622305e-05 317
3.022300000132816e-05 318
3.027500000030159e-05 317
3.039500000134865e-05 316
3.0515000000619352e-05 315
3.0634999999890056e-05 314
3.0755000000937116e-05 313
3.087500000020782e-05 312
3.0887000001200704e-05 313
3.099500000125488e-05 312
3.111500000052558e-05 311
3.123499999979629e-05 310
3.1294000001125255e-05 311
3.135500000084335e-05 310
3.147500000011405e-05 309
3.159500000116111e-05 308
3.1715000000431814e-05 307
3.183499999970252e-05 306
3.195500000074958e-05 305
3.207500000002028e-05 304
3.219500000106734e-05 303
3.224399999979255e-05 304
3.2315000000338046e-05 303
3.2435000001385106e-05 302
3.249900000135142e-05 303
3.255500000065581e-05 302
3.267499999992651e-05 301
3.279500000097357e-05 300
3.291500000024428e-05 299
3.303500000129134e-05 298
3.309900000125765e-05 299
3.315500000056204e-05 298
3.3274999999832744e-05 297
3.3395000000879804e-05 296
3.351500000015051e-05 295
3.363500000119757e-05 294
3.375500000046827e-05 293
3.3874999999738975e-05 292
3.3995000000786035e-05 291
3.411500000005674e-05 290
3.4190000000933196e-05 291
3.42350000011038e-05 290
3.43550000003745e-05 289
3.447500000142156e-05 288
3.4595000000692266e-05 287
3.471499999996297e-05 286
3.483500000101003e-05 285
3.484700000022656e-05 286
3.4955000000280734e-05 285
3.5075000001327794e-05 284
3.51950000005985e-05 283
3.526500000106125e-05 284
3.53149999998692e-05 283
3.539500000115936e-05 284
3.543500000091626e-05 283
3.550500000137902e-05 284
3.5555000000186965e-05 283
3.5675000001234025e-05 282
3.579500000050473e-05 281
3.591499999977543e-05 280
3.603500000082249e-05 279
3.6155000000093196e-05 278
3.6275000001140256e-05 277
3.639500000041096e-05 276
3.651499999968166e-05 275
3.652700000067455e-05 276
3.6635000000728724e-05 275
3.675499999999943e-05 274
3.687500000104649e-05 273
3.699500000031719e-05 272
3.7065000000779946e-05 273
3.711500000136425e-05 272
3.7235000000634955e-05 271
3.735499999990566e-05 270
3.747500000095272e-05 269
3.7487000000169246e-05 270
3.759500000022342e-05 269
3.7607000001216306e-05 270
3.771500000127048e-05 269
3.7835000000541186e-05 268
3.795499999981189e-05 267
3.807500000085895e-05 266
3.808700000007548e-05 267
3.819500000012965e-05 266
3.8203000000791576e-05 267
3.820700000112254e-05 268
3.831500000117671e-05 267
3.832700000039324e-05 268
3.843500000044742e-05 267
3.8446999999663944e-05 268
3.850500000091017e-05 269
3.855499999971812e-05 268
3.8567000000711005e-05 269
3.867500000076518e-05 268
3.868699999998171e-05 269
3.8795000000035884e-05 268
3.880700000102877e-05 269
3.8915000001082944e-05 268
3.892700000029947e-05 269
3.903500000035365e-05 268
3.904700000134653e-05 269
3.91050000008164e-05 270
3.915500000140071e-05 269
3.9167000000617236e-05 270
3.922500000008711e-05 271
3.927500000067141e-05 270
3.928699999988794e-05 271
3.934500000113417e-05 272
3.9394999999942115e-05 271
3.9407000000935e-05 272
3.9515000000989176e-05 271
3.963500000025988e-05 270
3.9647000001252763e-05 271
3.975500000130694e-05 270
3.976700000052347e-05 271
3.987500000057764e-05 270
3.988699999979417e-05 271
3.9994999999848346e-05 270
4.000700000084123e-05 271
4.011500000089541e-05 270
4.0127000000111934e-05 271
4.023500000016611e-05 270
4.035500000121317e-05 269
4.03670000004297e-05 270
4.0475000000483874e-05 269
4.04869999997004e-05 270
4.059499999975458e-05 269
4.060700000074746e-05 270
4.071500000080164e-05 269
4.0727000000018165e-05 270
4.083500000007234e-05 269
4.0847000001065226e-05 270
4.09550000011194e-05 269
4.1075000000390105e-05 268
4.108700000138299e-05 269
4.119499999966081e-05 268
4.120700000065369e-05 269
4.131500000070787e-05 268
4.1326999999924396e-05 269
4.143499999997857e-05 268
4.144700000097146e-05 269
4.155500000102563e-05 268
4.1675000000296336e-05 267
4.174500000075909e-05 268
4.177499999968859e-05 269
4.1795000001343396e-05 268
4.19150000006141e-05 267
4.192300000127602e-05 268
4.192699999983063e-05 269
4.2034999999884803e-05 268
4.204700000087769e-05 269
4.2155000000931864e-05 268
4.216700000014839e-05 269
4.227500000020257e-05 268
4.228700000119545e-05 269
4.239500000124963e-05 268
4.2407000000466155e-05 269
4.251500000052033e-05 268
4.252699999973686e-05 269
4.2634999999791034e-05 268
4.264700000078392e-05 269
4.2755000000838095e-05 268
4.276700000005462e-05 269
4.28750000001088e-05 268
4.288700000110168e-05 269
4.299500000115586e-05 268
4.3003000000041425e-05 269
4.3007000000372386e-05 270
4.311500000042656e-05 269
4.3123000001088485e-05 270
4.3234999999697266e-05 269
4.324700000069015e-05 270
4.3355000000744326e-05 269
4.3366999999960854e-05 270
4.342500000120708e-05 271
4.347500000001503e-05 270
4.359500000106209e-05 269
4.360700000027862e-05 270
4.371500000033279e-05 269
4.372700000132568e-05 270
4.3835000001379854e-05 269
4.384700000059638e-05 270
4.390500000006625e-05 271
4.393900000110307e-05 272
4.395500000065056e-05 271
4.3969000000032565e-05 272
4.407499999992126e-05 271
4.4087000000914145e-05 272
4.419500000096832e-05 271
4.4315000000239024e-05 270
4.432700000123191e-05 271
4.4435000001286085e-05 270
4.444700000050261e-05 271
4.455500000055679e-05 270
4.4566999999773316e-05 271
4.467499999982749e-05 270
4.4687000000820376e-05 271
4.474500000029025e-05 272
4.479500000087455e-05 271
4.4915000000145255e-05 270
4.492700000113814e-05 271
4.5035000001192316e-05 270
4.504700000040884e-05 271
4.515500000046302e-05 270
4.516699999967955e-05 271
4.5225000000925775e-05 272
4.527499999973372e-05 271
4.528700000072661e-05 272
4.534500000019648e-05 273
4.539500000078078e-05 272
4.5515000000051486e-05 271
4.552700000104437e-05 272
4.563500000109855e-05 271
4.5647000000315074e-05 272
4.575500000036925e-05 271
4.5767000001362135e-05 272
4.587500000141631e-05 271
4.5995000000687014e-05 270
4.611499999995772e-05 269
4.61270000009506e-05 270
4.623500000100478e-05 269
4.6247000000221306e-05 270
4.635500000027548e-05 269
4.647500000132254e-05 268
4.648700000053907e-05 269
4.6595000000593245e-05 268
4.660699999980977e-05 269
4.671499999986395e-05 268
4.672700000085683e-05 269
4.683500000091101e-05 268
4.695500000018171e-05 267
4.69670000011746e-05 268
4.707500000122877e-05 267
4.70870000004453e-05 268
4.714499999991517e-05 269
4.7195000000499476e-05 268
4.731499999977018e-05 267
4.7327000000763064e-05 268
4.743500000081724e-05 267
4.744700000003377e-05 268
4.7555000000087944e-05 267
4.7563000000749867e-05 268
4.756700000108083e-05 269
4.7675000001135004e-05 268
4.779500000040571e-05 267
4.786500000086846e-05 268
4.791499999967641e-05 267
4.803500000072347e-05 266
4.8154999999994175e-05 265
4.816700000098706e-05 266
4.8275000001041235e-05 265
4.828700000025776e-05 266
4.839500000031194e-05 265
4.840700000130482e-05 266
4.8465000000774694e-05 267
4.8515000001359e-05 266
4.8527000000575526e-05 267
4.85850000000454e-05 268
4.86350000006297e-05 267
4.864699999984623e-05 268
4.870500000109246e-05 269
4.8754999999900406e-05 268
4.876700000089329e-05 269
4.882500000036316e-05 270
4.8875000000947466e-05 269
4.8887000000163994e-05 270
4.899500000021817e-05 269
4.9007000001211054e-05 270
4.911500000126523e-05 269
4.912700000048176e-05 270
4.9235000000535933e-05 269
4.924699999975246e-05 270
4.935499999980664e-05 269
4.936700000079952e-05 270
4.94750000008537e-05 269
4.9487000000070225e-05 270
4.95950000001244e-05 269
4.971500000117146e-05 268
4.972700000038799e-05 269
4.9835000000442164e-05 268
4.984699999965869e-05 269
4.995499999971287e-05 268
4.996700000070575e-05 269
5.007500000075993e-05 268
5.0086999999976456e-05 269
5.019500000003063e-05 268
5.0207000001023516e-05 269
5.031500000107769e-05 268
5.0435000000348396e-05 267
5.044700000134128e-05 268
5.0555000001395456e-05 267
5.0567000000611984e-05 268
5.067500000066616e-05 267
5.068699999988269e-05 268
5.0745000001128915e-05 269
5.079499999993686e-05 268
5.080700000092975e-05 269
5.091500000098392e-05 268
5.103500000025463e-05 267
5.115500000130169e-05 266
5.127500000057239e-05 265
5.1394999999843094e-05 264
5.140700000083598e-05 265
5.1515000000890154e-05 264
5.152299999977572e-05 265
5.152700000010668e-05 266
5.163500000016086e-05 265
5.164700000115374e-05 266
5.175500000120792e-05 265
5.1767000000424446e-05 266
5.187500000047862e-05 265
5.188699999969515e-05 266
5.1994999999749325e-05 265
5.200700000074221e-05 266
5.2115000000796385e-05 265
5.212700000001291e-05 266
5.223500000006709e-05 265
5.224700000105997e-05 266
5.235500000111415e-05 265
5.236700000033068e-05 266
5.247500000038485e-05 265
5.2594999999655556e-05 264
5.260700000064844e-05 265
5.2715000000702616e-05 264
5.2726999999919144e-05 265
5.283499999997332e-05 264
5.2847000000966204e-05 265
5.2905000000436075e-05 266
5.295500000102038e-05 265
5.296700000023691e-05 266
5.3075000000291084e-05 265
5.308700000128397e-05 266
5.3195000001338144e-05 265
5.331500000060885e-05 264
5.3326999999825375e-05 265
5.343499999987955e-05 264
5.3447000000872436e-05 265
5.355500000092661e-05 264
5.362500000138937e-05 265
5.3675000000197315e-05 264
5.36870000011902e-05 265
5.3795000001244375e-05 264
5.38070000004609e-05 265
5.3864999999930774e-05 266
5.391500000051508e-05 265
5.3926999999731606e-05 266
5.403499999978578e-05 265
5.404700000077867e-05 266
5.415500000083284e-05 265
5.416700000004937e-05 266
5.4275000000103546e-05 265
5.428700000109643e-05 266
5.4395000001150606e-05 265
5.4407000000367134e-05 266
5.451500000042131e-05 265
5.4527000001414194e-05 266
5.463499999969201e-05 265
5.46470000006849e-05 266
5.4755000000739074e-05 265
5.47669999999556e-05 266
5.487500000000978e-05 265
5.488700000100266e-05 266
5.499500000105684e-05 265
5.5007000000273365e-05 266
5.511500000032754e-05 265
5.5127000001320425e-05 266
5.52350000013746e-05 265
5.524700000059113e-05 266
5.527700000129698e-05 267
5.530700000022648e-05 268
5.5355000000645305e-05 267
5.547499999991601e-05 266
5.548700000090889e-05 267
5.559500000096307e-05 266
5.5607000000179596e-05 267
5.563700000088545e-05 268
5.571500000023377e-05 267
5.5727000001226656e-05 268
5.583500000128083e-05 267
5.584700000049736e-05 268
5.590499999996723e-05 269
5.5955000000551536e-05 268
5.5966999999768063e-05 269
5.607499999982224e-05 268
5.608300000048416e-05 269
5.61950000008693e-05 268
5.620700000008583e-05 269
5.631500000014e-05 268
5.6435000001187063e-05 267
5.655500000045777e-05 266
5.6566999999674294e-05 267
5.667499999972847e-05 266
5.6687000000721355e-05 267
5.679500000077553e-05 266
5.68029999996611e-05 267
5.680699999999206e-05 268
5.6865000001238286e-05 269
5.6915000000046234e-05 268
5.692700000103912e-05 269
5.698500000050899e-05 270
5.7015000001214844e-05 271
5.7035000001093294e-05 270
5.704700000030982e-05 271
5.710499999977969e-05 272
5.7155000000364e-05 271
5.716700000135688e-05 272
5.727500000141106e-05 271
5.7287000000627586e-05 272
5.739500000068176e-05 271
5.740699999989829e-05 272
5.7514999999952465e-05 271
5.752700000094535e-05 272
5.7635000000999526e-05 271
5.764700000021605e-05 272
5.775500000027023e-05 271
5.787500000131729e-05 270
5.788700000053382e-05 271
5.799500000058799e-05 270
5.800699999980452e-05 271
5.8114999999858696e-05 270
5.812700000085158e-05 271
5.823500000090576e-05 270
5.8247000000122284e-05 271
5.835500000017646e-05 270
5.847500000122352e-05 269
5.848700000044005e-05 270
5.8595000000494224e-05 269
5.860699999971075e-05 270
5.871499999976493e-05 269
5.872700000075781e-05 270
5.883500000081199e-05 269
5.8847000000028515e-05 270
5.895500000008269e-05 269
5.8967000001075576e-05 270
5.907500000112975e-05 269
5.908700000034628e-05 270
5.914499999981615e-05 271
5.9195000000400455e-05 270
5.920700000139334e-05 271
5.931499999967116e-05 270
5.943500000071822e-05 269
5.955499999998892e-05 268
5.967500000103598e-05 267
5.968700000025251e-05 268
5.9795000000306686e-05 267
5.980700000129957e-05 268
5.9915000001353746e-05 267
5.9927000000570274e-05 268
6.003500000062445e-05 267
6.0154999999895153e-05 266
6.016700000088804e-05 267
6.0275000000942214e-05 266
6.028700000015874e-05 267
6.039500000021292e-05 266
6.04070000012058e-05 267
6.051500000125998e-05 266
6.0527000000476505e-05 267
6.063500000053068e-05 266
6.064699999974721e-05 267
6.0754999999801385e-05 266
6.076700000079427e-05 267
6.0875000000848445e-05 266
6.088700000006497e-05 267
6.099500000011915e-05 266
6.111500000116621e-05 265
6.112700000038274e-05 266
6.123500000043691e-05 265
6.124699999965344e-05 266
6.130500000089967e-05 267
6.135499999970762e-05 266
6.13670000007005e-05 267
6.147500000075468e-05 266
6.14869999999712e-05 267
6.159500000002538e-05 266
6.166500000048813e-05 267
6.171500000107244e-05 266
6.183500000034314e-05 265
6.184700000133603e-05 266
6.19550000013902e-05 265
6.196700000060673e-05 266
6.207500000066091e-05 265
6.208699999987743e-05 266
6.219499999993161e-05 265
6.22070000009245e-05 266
6.231500000097867e-05 265
6.23270000001952e-05 266
6.243500000024937e-05 265
6.244700000124226e-05 266
6.255500000129643e-05 265
6.256700000051296e-05 266
6.267500000056714e-05 265
6.268699999978367e-05 266
6.279499999983784e-05 265
6.280700000083073e-05 266
6.29150000008849e-05 265
6.292700000010143e-05 266
6.30350000001556e-05 265
6.304700000114849e-05 266
6.310500000061836e-05 267
6.315500000120267e-05 266
6.31670000004192e-05 267
6.327500000047337e-05 266
6.32869999996899e-05 267
6.339499999974407e-05 266
6.340700000073696e-05 267
6.351500000079113e-05 266
6.352700000000766e-05 267
6.363500000006184e-05 266
6.364700000105472e-05 267
6.370500000052459e-05 268
6.37550000011089e-05 267
6.38750000003796e-05 266
6.388700000137248e-05 267
6.394500000084236e-05 268
6.39949999996503e-05 267
6.400700000064319e-05 268
6.411500000069736e-05 267
6.423499999996807e-05 266
6.424700000096095e-05 267
6.435500000101513e-05 266
6.436700000023166e-05 267
6.447500000028583e-05 266
6.448700000127872e-05 267
6.459500000133289e-05 266
6.460700000054942e-05 267
6.466500000001929e-05 268
6.47150000006036e-05 267
6.472699999982012e-05 268
6.48349999998743e-05 267
6.484700000086718e-05 268
6.495500000092136e-05 267
6.496700000013789e-05 268
6.507500000019206e-05 267
6.508700000118495e-05 268
6.519500000123912e-05 267
6.520700000045565e-05 268
6.531500000050983e-05 267
6.532699999972635e-05 268
6.543499999978053e-05 267
6.544700000077341e-05 268
6.555500000082759e-05 267
6.56750000000983e-05 266
6.568700000109118e-05 267
6.579500000114535e-05 266
6.580700000036188e-05 267
6.591500000041606e-05 266
6.592700000140894e-05 267
6.603499999968676e-05 266
6.604700000067965e-05 267
6.615500000073382e-05 266
6.627500000000452e-05 265
6.628700000099741e-05 266
6.639500000105159e-05 265
6.651500000032229e-05 264
6.652700000131517e-05 265
6.663500000136935e-05 264
6.664700000058588e-05 265
6.675500000064005e-05 264
6.676699999985658e-05 265
6.687499999991076e-05 264
6.688700000090364e-05 265
6.699500000095782e-05 264
6.700700000017434e-05 265
6.711500000022852e-05 264
6.723500000127558e-05 263
6.724700000049211e-05 264
6.732900000017139e-05 265
6.735500000054628e-05 264
6.736699999976281e-05 265
6.742500000100904e-05 266
6.747499999981699e-05 265
6.748700000080987e-05 266
6.759500000086405e-05 265
6.760700000008057e-05 266
6.771500000013475e-05 265
6.772700000112764e-05 266
6.783500000118181e-05 265
6.784700000039834e-05 266
6.795500000045251e-05 265
6.796699999966904e-05 266
6.807499999972322e-05 265
6.80870000007161e-05 266
6.819500000077028e-05 265
6.82069999999868e-05 266
6.831500000004098e-05 265
6.832700000103387e-05 266
6.843500000108804e-05 265
6.844700000030457e-05 266
6.855500000035875e-05 265
6.856700000135163e-05 266
6.86750000014058e-05 265
6.868700000062233e-05 266
6.879500000067651e-05 265
6.880699999989304e-05 266
6.891499999994721e-05 265
6.89270000009401e-05 266
6.903500000099427e-05 265
6.90470000002108e-05 266
6.915500000026498e-05 265
6.916700000125786e-05 266
6.927500000131204e-05 265
6.928700000052856e-05 266
6.939500000058274e-05 265
6.940699999979927e-05 266
6.951499999985344e-05 265
6.952700000084633e-05 266
6.96350000009005e-05 265
6.964700000011703e-05 266
6.975500000017121e-05 265
6.976700000116409e-05 266
6.987500000121827e-05 265
6.999500000048897e-05 264
7.00069999997055e-05 265
7.011499999975968e-05 264
7.012700000075256e-05 265
7.023500000080674e-05 264
7.024700000002326e-05 265
7.035500000007744e-05 264
7.036700000107032e-05 265
7.04750000011245e-05 264
7.048700000034103e-05 265
7.05950000003952e-05 264
7.060700000138809e-05 265
7.07149999996659e-05 264
7.072700000065879e-05 265
7.083500000071297e-05 264
7.08469999999295e-05 265
7.095499999998367e-05 264
7.096700000097655e-05 265
7.107500000103073e-05 264
7.108700000024726e-05 265
7.119500000030143e-05 264
7.120700000129432e-05 265
7.13150000013485e-05 264
7.132700000056502e-05 265
7.14350000006192e-05 264
7.144699999983573e-05 265
7.15549999998899e-05 264
7.156700000088279e-05 265
7.167500000093696e-05 264
7.168700000015349e-05 265
7.179500000020766e-05 264
7.186500000067042e-05 265
7.191500000125473e-05 264
7.192700000047125e-05 265
7.203500000052543e-05 264
7.204699999974196e-05 265
7.215499999979613e-05 264
7.222300000009341e-05 265
7.227500000084319e-05 264
7.23950000001139e-05 263
7.240700000110678e-05 264
7.251500000116096e-05 263
7.252700000037748e-05 264
7.263500000043166e-05 263
7.264699999964819e-05 264
7.275499999970236e-05 263
7.276700000069525e-05 264
7.287500000074942e-05 263
7.288699999996595e-05 264
7.299500000002013e-05 263
7.311500000106719e-05 262
7.312700000028372e-05 263
7.323500000033789e-05 262
7.324700000133078e-05 263
7.335500000138495e-05 262
7.336700000060148e-05 263
7.347500000065565e-05 262
7.348699999987218e-05 263
7.359499999992636e-05 262
7.360700000091924e-05 263
7.371500000097342e-05 262
7.372700000018995e-05 263
7.383500000024412e-05 262
7.3847000001237e-05 263
7.395500000129118e-05 262
7.396700000050771e-05 263
7.407500000056189e-05 262
7.408699999977841e-05 263
7.419499999983259e-05 262
7.431500000087965e-05 261
7.443500000015035e-05 260
7.444700000114324e-05 261
7.455500000119741e-05 260
7.467500000046812e-05 259
7.479499999973882e-05 258
7.48070000007317e-05 259
7.491500000078588e-05 258
7.492700000000241e-05 259
7.503500000005658e-05 258
7.504700000104947e-05 259
7.515500000110364e-05 258
7.527500000037435e-05 257
7.528700000136723e-05 258
7.539500000142141e-05 257
7.540700000063794e-05 258
7.551500000069211e-05 257
7.552699999990864e-05 258
7.563499999996282e-05 257
7.566300000050319e-05 258
7.575500000100988e-05 257
7.578299999977389e-05 258
7.587500000028058e-05 257
7.599500000132764e-05 256
7.602300000009166e-05 257
7.611500000059834e-05 256
7.612699999981487e-05 257
7.615700000052072e-05 258
7.623499999986905e-05 257
7.624700000086193e-05 258
7.63550000009161e-05 257
7.647500000018681e-05 256
7.659500000123387e-05 255
7.671500000050457e-05 254
7.683499999977528e-05 253
7.68430000004372e-05 254
7.695500000082234e-05 253
7.707500000009304e-05 252
7.71950000011401e-05 251
7.73150000004108e-05 250
7.743499999968151e-05 249
7.745100000100535e-05 250
7.755500000072857e-05 249
7.75669999999451e-05 250
7.767499999999927e-05 249
7.768700000099216e-05 250
7.779500000104633e-05 249
7.791500000031704e-05 248
7.80350000013641e-05 247
7.804300000024966e-05 248
7.81550000006348e-05 247
7.82749999999055e-05 246
7.828700000089839e-05 247
7.834500000036826e-05 248
7.839500000095256e-05 247
7.851500000022327e-05 246
7.852700000121615e-05 247
7.863500000127033e-05 246
7.875500000054103e-05 245
7.887499999981173e-05 244
7.89950000008588e-05 243
7.906500000132155e-05 244
7.91150000001295e-05 243
7.914300000066987e-05 244
7.923500000117656e-05 243
7.935500000044726e-05 242
7.947499999971797e-05 241
7.959500000076503e-05 240
7.971500000003573e-05 239
7.972700000102861e-05 240
7.983500000108279e-05 239
7.99550000003535e-05 238
8.007500000140055e-05 237
8.019500000067126e-05 236
8.031499999994196e-05 235
8.043500000098902e-05 234
8.055500000025972e-05 233
8.067500000130678e-05 232
8.079500000057749e-05 231
8.091499999984819e-05 230
8.092700000084108e-05 231
8.103500000089525e-05 230
8.104700000011178e-05 231
8.110500000135801e-05 232
8.115500000016596e-05 231
8.127500000121302e-05 230
8.139500000048372e-05 229
8.140699999970025e-05 230
8.151499999975442e-05 229
8.163500000080148e-05 228
8.175500000007219e-05 227
8.187500000111925e-05 226
8.199500000038995e-05 225
8.203900000047781e-05 226
8.211499999966065e-05 225
8.223500000070771e-05 224
8.235499999997842e-05 223
8.247500000102548e-05 222
8.248299999991104e-05 223
8.2487000000242e-05 224
8.259500000029618e-05 223
8.271500000134324e-05 222
8.283500000061395e-05 221
8.284699999983047e-05 222
8.295499999988465e-05 221
8.30250000003474e-05 222
8.307500000093171e-05 221
8.319500000020241e-05 220
8.326500000066517e-05 221
8.331500000124947e-05 220
8.343500000052018e-05 219
8.355499999979088e-05 218
8.367500000083794e-05 217
8.379500000010864e-05 216
8.39150000011557e-05 215
8.403500000042641e-05 214
8.415499999969711e-05 213
8.427500000074417e-05 212
8.42869999999607e-05 213
8.439500000001487e-05 212
8.440700000100776e-05 213
8.451500000106194e-05 212
8.458499999974833e-05 213
8.463500000033264e-05 212
8.47550000013797e-05 211
8.48750000006504e-05 210
8.49949999999211e-05 209
8.511500000096817e-05 208
8.518499999965456e-05 209
8.523500000023887e-05 208
8.535500000128593e-05 207
8.547500000055663e-05 206
8.559499999982734e-05 205
8.566500000029009e-05 206
8.57150000008744e-05 205
8.58350000001451e-05 204
8.590500000060786e-05 205
8.595500000119216e-05 204
8.607500000046286e-05 203
8.608300000112479e-05 204
8.614500000092562e-05 205
8.619499999973357e-05 204
8.620700000072645e-05 205
8.631500000078063e-05 204
8.638500000124338e-05 205
8.643500000005133e-05 204
8.655500000109839e-05 203
8.656700000031492e-05 204
8.662699999995027e-05 205
8.66750000003691e-05 204
8.679500000141616e-05 203
8.691500000068686e-05 202
8.703499999995756e-05 201
8.715500000100462e-05 200
8.727500000027533e-05 199
8.728700000126821e-05 200
8.739500000132239e-05 199
8.751500000059309e-05 198
8.76349999998638e-05 197
8.775500000091085e-05 196
8.776700000012738e-05 197
8.787500000018156e-05 196
8.788700000117444e-05 197
8.799500000122862e-05 196
8.80009999999487e-05 197
8.803100000065456e-05 198
8.811500000049932e-05 197
8.818500000096208e-05 198
8.823499999977003e-05 197
8.824700000076291e-05 198
8.835500000081709e-05 197
8.847500000008779e-05 196
8.848700000108067e-05 197
8.859500000113485e-05 196
8.871500000040555e-05 195
8.872700000139844e-05 196
8.883499999967626e-05 195
8.895500000072332e-05 194
8.896699999993984e-05 195
8.907499999999402e-05 194
8.90870000009869e-05 195
8.919500000104108e-05 194
8.920700000025761e-05 195
8.931500000031178e-05 194
8.932700000130467e-05 195
8.943500000135884e-05 194
8.944700000057537e-05 195
8.955500000062955e-05 194
8.967499999990025e-05 193
8.968700000089314e-05 194
8.979500000094731e-05 193
8.980700000016384e-05 194
8.991500000021801e-05 193
8.99270000012109e-05 194
8.998500000068077e-05 195
9.003500000126508e-05 194
9.00470000004816e-05 195
9.015500000053578e-05 194
9.01669999997523e-05 195
9.027499999980648e-05 194
9.028700000079937e-05 195
9.039500000085354e-05 194
9.040700000007007e-05 195
9.051500000012425e-05 194
9.052700000111713e-05 195
9.0585000000587e-05 196
9.06350000011713e-05 195
9.075500000044201e-05 194
9.087499999971271e-05 193
9.094500000017547e-05 194
9.099500000075977e-05 193
9.111500000003048e-05 192
9.11230000006924e-05 193
9.112700000102336e-05 194
9.123500000107754e-05 193
9.124700000029407e-05 194
9.135500000034824e-05 193
9.136700000134113e-05 194
9.14750000013953e-05 193
9.148700000061183e-05 194
9.1595000000666e-05 193
9.160300000132793e-05 194
9.160699999988253e-05 195
9.171499999993671e-05 194
9.172700000092959e-05 195
9.183500000098377e-05 194
9.195500000025447e-05 193
9.196700000124736e-05 194
9.207500000130153e-05 193
9.208700000051806e-05 194
9.219500000057224e-05 193
9.220699999978876e-05 194
9.231499999984294e-05 193
9.232700000083582e-05 194
9.243500000089e-05 193
9.25550000001607e-05 192
9.256700000115359e-05 193
9.262500000062346e-05 194
9.267500000120776e-05 193
9.268700000042429e-05 194
9.279500000047847e-05 193
9.291499999974917e-05 192
9.292700000074205e-05 193
9.303500000079623e-05 192
9.315500000006693e-05 191
9.316700000105982e-05 192
9.3275000001114e-05 191
9.33950000003847e-05 190
9.35149999996554e-05 189
9.363500000070246e-05 188
9.364699999991899e-05 189
9.375499999997317e-05 188
9.376700000096605e-05 189
9.387500000102023e-05 188
9.388700000023675e-05 189
9.399500000029093e-05 188
9.400700000128381e-05 189
9.411500000133799e-05 188
9.412700000055452e-05 189
9.423500000060869e-05 188
9.424699999982522e-05 189
9.430500000107145e-05 190
9.43549999998794e-05 189
9.436700000087228e-05 190
9.447500000092646e-05 189
9.448700000014298e-05 190
9.454500000138921e-05 191
9.459500000019716e-05 190
9.471500000124422e-05 189
9.472700000046075e-05 190
9.483500000051492e-05 189
9.484699999973145e-05 190
9.490500000097768e-05 191
9.495499999978563e-05 190
9.507500000083269e-05 189
9.519500000010339e-05 188
9.520700000109628e-05 189
9.531500000115045e-05 188
9.532700000036698e-05 189
9.543500000042116e-05 188
9.555499999969186e-05 187
9.556700000068474e-05 188
9.567500000073892e-05 187
9.568699999995545e-05 188
9.579500000000962e-05 187
9.591500000105668e-05 186
9.592700000027321e-05 187
9.603500000032739e-05 186
9.615500000137445e-05 185
9.616700000059097e-05 186
9.627500000064515e-05 185
9.628699999986168e-05 186
9.639499999991585e-05 185
9.640700000090874e-05 186
9.646700000054409e-05 187
9.651500000096291e-05 186
9.663500000023362e-05 185
9.66470000012265e-05 186
9.675500000128068e-05 185
9.682499999996708e-05 186
9.687500000055138e-05 185
9.688699999976791e-05 186
9.699499999982208e-05 185
9.711500000086914e-05 184
9.723500000013985e-05 183
9.724700000113273e-05 184
9.735500000118691e-05 183
9.747500000045761e-05 182
9.748699999967414e-05 183
9.759499999972832e-05 182
9.76070000007212e-05 183
9.771500000077538e-05 182
9.77269999999919e-05 183
9.783500000004608e-05 182
9.784700000103896e-05 183
9.795500000109314e-05 182
9.796700000030967e-05 183
9.807500000036384e-05 182
9.808700000135673e-05 183
9.81950000014109e-05 182
9.820700000062743e-05 183
9.831500000068161e-05 182
9.832699999989813e-05 183
9.843499999995231e-05 182
9.84470000009452e-05 183
9.850500000041507e-05 184
9.855500000099937e-05 183
9.85670000002159e-05 184
9.867500000027007e-05 183
9.868700000126296e-05 184
9.879500000131713e-05 183
9.880700000053366e-05 184
9.886500000000353e-05 185
9.891500000058784e-05 184
9.892699999980437e-05 185
9.903499999985854e-05 184
9.904700000085143e-05 185
9.91550000009056e-05 184
9.916700000012213e-05 185
9.924700000141229e-05 186
9.92750000001763e-05 185
9.939500000122337e-05 184
9.94070000004399e-05 185
9.951500000049407e-05 184
9.95269999997106e-05 185
9.963499999976477e-05 184
9.964100000026122e-05 185
9.967100000096707e-05 186
9.975500000081183e-05 185
9.976700000002836e-05 186
9.987500000008254e-05 185
9.988700000107542e-05 186
9.99950000011296e-05 185
0.00010000700000034612 186
0.0001001150000004003 185
0.00010012700000139318 186
0.000100234999999671 185
0.00010024700000066389 186
0.00010030500000013376 187
0.00010035500000071806 186
0.00010036699999993459 187
0.00010047499999998877 186
0.00010048700000098165 187
0.00010059500000103583 186
0.00010060700000025236 187
0.00010071500000030653 186
0.00010083500000135359 185
0.00010084700000057012 186
0.0001009550000006243 185
0.00010102500000108705 186
0.000101074999999895 185
0.00010108700000088788 186
0.00010119500000094206 185
0.00010120700000015859 186
0.00010126500000140481 187
0.00010131500000021276 186
0.00010143500000125982 185
0.00010144700000047635 186
0.00010155500000053053 185
0.00010156699999974705 186
0.00010167499999980123 185
0.00010168700000079411 186
0.00010179500000084829 185
0.000101915000000119 184
0.00010192700000111188 185
0.00010198500000058175 186
0.00010203500000116605 185
0.00010204700000038258 186
0.00010215500000043676 185
0.00010216699999965329 186
0.00010227499999970746 185
0.00010228700000070035 186
0.00010239500000075452 185
0.00010240699999997105 186
0.00010251500000002522 185
0.00010252700000101811 186
0.00010263500000107229 185
0.00010264700000028881 186
0.00010275500000034299 185
0.00010287500000139005 184
0.00010288700000060658 185
0.00010299500000066075 184
0.00010300699999987728 185
0.00010311499999993146 184
0.00010312700000092434 185
0.00010323500000097852 184
0.00010324700000019504 185
0.00010335500000024922 184
0.0001033670000012421 185
0.00010347500000129628 184
0.00010359500000056698 183
0.00010360699999978351 184
0.00010371499999983769 183
0.00010383500000088475 182
0.00010384700000010127 183
0.00010389100000018914 184
0.00010395500000015545 183
0.00010396700000114834 184
0.00010407500000120251 183
0.00010408700000041904 184
0.00010419500000047321 183
0.00010420699999968974 184
0.00010431499999974392 183
0.0001043270000007368 184
0.00010443500000079098 183
0.00010450500000125373 184
0.00010455500000006168 183
0.00010456700000105457 184
0.00010467500000110874 183
0.00010468700000032527 184
0.00010479500000037945 183
0.00010480700000137233 184
0.00010491499999965015 183
0.00010492700000064303 184
0.00010503500000069721 183
0.00010504699999991374 184
0.00010515499999996791 183
0.0001051670000009608 184
0.00010527500000101497 183
0.0001052870000002315 184
0.00010539500000028568 183
0.00010540700000127856 184
0.00010551500000133274 183
0.00010552700000054926 184
0.00010563500000060344 183
0.00010564699999981997 184
0.00010575499999987414 183
0.00010576700000086703 184
0.0001058750000009212 183
0.00010588700000013773 184
0.00010599500000019191 183
0.00010600700000118479 184
0.00010611500000123897 183
0.0001061270000004555 184
0.00010623500000050967 183
0.0001062469999997262 184
0.00010635499999978038 183
0.00010636700000077326 184
0.00010647500000082744 183
0.00010648700000004396 184
0.00010659500000009814 183
0.00010660700000109102 184
0.0001067150000011452 183
0.0001068350000004159 182
0.00010684700000140879 183
0.0001069549999996866 182
0.00010707500000073367 181
0.0001070869999999502 182
0.00010719500000000437 181
0.00010720700000099725 182
0.00010731500000105143 181
0.00010732700000026796 182
0.00010743500000032213 181
0.00010744700000131502 182
0.0001075550000013692 181
0.00010756700000058572 182
0.0001076750000006399 181
0.00010768699999985643 182
0.0001077949999999106 181
0.00010780700000090349 182
0.00010791500000095766 181
0.00010792700000017419 182
0.00010803500000022837 181
0.00010804700000122125 182
0.00010815500000127543 181
0.00010816700000049195 182
0.00010827500000054613 181
0.00010828699999976266 182
0.00010839499999981683 181
0.00010840700000080972 182
0.00010851500000086389 181
0.00010852700000008042 182
0.0001086350000001346 181
0.00010864700000112748 182
0.00010875500000118166 181
0.00010876700000039818 182
0.00010882499999986806 183
0.00010887500000045236 182
0.00010888699999966889 183
0.00010899499999972306 182
0.00010900700000071595 183
0.00010911500000077012 182
0.00010912699999998665 183
0.00010923500000004083 182
0.00010924700000103371 183
0.00010935500000108789 182
0.00010936700000030442 183
0.00010947500000035859 182
0.00010948700000135148 183
0.00010959500000140565 182
0.00010960700000062218 183
0.00010971500000067635 182
0.00010972699999989288 183
0.00010983499999994706 182
0.00010984700000093994 183
0.00010995500000099412 182
0.00010996700000021065 183
0.00011007500000026482 182
0.00011008300000092675 183
0.0001100870000012577 184
0.00011019500000131188 183
0.00011020700000052841 184
0.00011030699999992066 185
0.00011031500000058259 184
0.00011033700000062652 185
0.00011043499999985329 184
0.00011044700000084617 185
0.00011055500000090035 184
0.00011056700000011688 185
0.00011067500000017105 184
0.00011068700000116394 185
0.00011079500000121811 184
0.00011080700000043464 185
0.00011091500000048882 184
0.00011092699999970534 185
0.00011103499999975952 184
0.0001110470000007524 185
0.00011115500000080658 184
0.00011116700000002311 185
0.00011127500000007728 184
0.00011131499999983419 185
0.00011139500000112434 184
0.00011140700000034087 185
0.00011151500000039505 184
0.00011152700000138793 185
0.00011163499999966575 184
0.00011175500000071281 183
0.00011176699999992934 184
0.00011187499999998352 183
0.0001118870000009764 184
0.00011199500000103058 183
0.0001120070000002471 184
0.00011211500000030128 183
0.00011212700000129416 184
0.00011223500000134834 183
0.00011224700000056487 184
0.00011235500000061904 183
0.00011236699999983557 184
0.00011247499999988975 183
0.00011248700000088263 184
0.00011259500000093681 183
0.00011260700000015333 184
0.00011271500000020751 183
0.0001127270000012004 184
0.00011283500000125457 183
0.0001128470000004711 184
0.00011295500000052527 183
0.0001129669999997418 184
0.00011307499999979598 183
0.00011308700000078886 184
0.00011319500000084304 183
0.00011320700000005957 184
0.00011331500000011374 183
0.00011332300000077566 184
0.00011332700000110663 185
0.0001134350000011608 184
0.00011344700000037733 185
0.0001135550000004315 184
0.00011356700000142439 185
0.00011367499999970221 184
0.00011368700000069509 185
0.00011379500000074927 184
0.0001138069999999658 185
0.00011391500000001997 184
0.00011403500000106703 183
0.00011406299999983105 184
0.00011415500000033774 183
0.0001142750000013848 182
0.0001143950000006555 181
0.0001145149999999262 180
0.00011463500000097326 179
0.00011464700000018979 180
0.00011467700000089565 181
0.00011475500000024397 180
0.00011478300000078434 181
0.00011487500000129103 180
0.00011494499999997743 181
0.00011499500000056173 180
0.0001150230000011021 181
0.00011511499999983243 180
0.00011514300000037281 181
0.0001152350000008795 180
0.00011524700000009602 181
0.00011527700000080188 182
0.0001153550000001502 181
0.00011536700000114308 182
0.00011539700000007258 183
0.00011547500000119726 182
0.00011554499999988366 183
0.00011559500000046796 182
0.00011560699999968449 183
0.00011566500000093072 184
0.00011571499999973867 183
0.00011583500000078573 182
0.00011595500000005643 181
0.00011607500000110349 180
0.00011608700000032002 181
0.00011614499999978989 182
0.0001161950000003742 181
0.00011620700000136708 182
0.00011631500000142125 181
0.00011643500000069196 180
0.00011644699999990848 181
0.00011655499999996266 180
0.00011667500000100972 179
0.00011668700000022625 180
0.00011679500000028042 179
0.00011691500000132748 178
0.00011703500000059819 177
0.00011704300000126011 178
0.00011710500000106094 179
0.00011715499999986889 178
0.00011727500000091595 177
0.00011739500000018666 176
0.00011751500000123372 175
0.00011763500000050442 174
0.00011764300000116634 175
0.00011775499999977512 174
0.00011787500000082218 173
0.00011799500000009289 172
0.00011811500000113995 171
0.00011823500000041065 170
0.00011835499999968135 169
0.00011847500000072841 168
0.00011859499999999912 167
0.00011871500000104618 166
0.00011873200000067641 167
0.00011883500000031688 166
0.00011895500000136394 165
0.00011896700000058047 166
0.00011899700000128632 167
0.00011907500000063465 166
0.00011908000000104835 167
0.00011910999999997784 168
0.00011919499999990535 167
0.00011920700000089823 168
0.00011931500000095241 167
0.00011938500000141516 168
0.00011943500000022311 167
0.00011955500000127017 166
0.00011967500000054088 165
0.0001196869999997574 166
0.00011979499999981158 165
0.00011980700000080446 166
0.00011991500000085864 165
0.00012003500000012934 164
0.00012004700000112223 165
0.0001201550000011764 164
0.00012027500000044711 163
0.00012039499999971781 162
0.00012051500000076487 161
0.00012063500000003557 160
0.00012075500000108264 159
0.00012087500000035334 158
0.0001209950000014004 157
0.0001210650000000868 158
0.0001211150000006711 157
0.0001212349999999418 156
0.00012124700000093469 157
0.00012135500000098887 156
0.0001213670000002054 157
0.00012139700000091125 158
0.00012147500000025957 157
0.00012159500000130663 156
0.00012171500000057733 155
0.00012183499999984804 154
0.0001218789999999359 155
0.0001219550000008951 154
0.0001220750000001658 153
0.00012208700000115869 154
0.00012219500000121286 153
0.00012226499999989926 154
0.00012231500000048356 153
0.0001223269999997001 154
0.00012243499999975427 153
0.00012255500000080133 152
0.00012262500000126408 153
0.00012267500000007203 152
0.00012268700000106492 153
0.0001227950000011191 152
0.0001229150000003898 151
0.00012298500000085255 152
0.0001230349999996605 151
0.00012315500000070756 150
0.00012327499999997826 149
0.00012328700000097115 150
0.00012339500000102532 149
0.00012340700000024185 150
0.00012351500000029603 149
0.0001236350000013431 148
0.00012364700000055961 149
0.0001237550000006138 148
0.0001238749999998845 147
0.00012399500000093155 146
0.00012411500000020226 145
0.00012412700000119514 146
0.00012423500000124932 145
0.00012424700000046585 146
0.00012430499999993572 147
0.00012435500000052002 146
0.00012447499999979073 145
0.00012459500000083779 144
0.0001247150000001085 143
0.00012483500000115555 142
0.00012495500000042625 141
0.00012507499999969696 140
0.00012519500000074402 139
0.00012524100000099736 140
0.00012531500000001472 139
0.00012543500000106178 138
0.00012555500000033248 137
0.00012556700000132537 138
0.00012567500000137954 137
0.00012574500000006594 138
0.00012579500000065025 137
0.00012580699999986678 138
0.00012591499999992095 137
0.000126035000000968 136
0.00012604700000018454 137
0.00012615500000023872 136
0.0001261670000012316 137
0.00012622500000070147 138
0.00012627500000128578 137
0.0001262870000005023 138
0.00012639500000055648 137
0.000126406999999773 138
0.00012651499999982718 137
0.00012663500000087424 136
0.00012664700000009077 137
0.00012675500000014495 136
0.000126875000001192 135
0.00012688700000040853 136
0.0001269950000004627 135
0.00012700699999967924 136
0.0001271149999997334 135
0.0001271270000007263 136
0.00012723500000078047 135
0.000127246999999997 136
0.00012735500000005118 135
0.00012736700000104406 136
0.00012747500000109824 135
0.00012748700000031477 136
0.00012759500000036894 135
0.00012760700000136183 136
0.000127715000001416 135
0.0001278350000006867 134
0.00012784699999990323 135
0.00012790500000114946 136
0.0001279549999999574 135
0.0001279670000009503 136
0.00012807500000100447 135
0.000128087000000221 136
0.00012819500000027517 135
0.00012831500000132223 134
0.00012832700000053876 135
0.00012843500000059294 134
0.00012844699999980946 135
0.0001285050000010557 136
0.00012855499999986364 135
0.0001286750000009107 134
0.0001287950000001814 133
0.0001288070000011743 134
0.00012886500000064416 135
0.00012891500000122846 134
0.000128927000000445 135
0.00012903500000049917 134
0.0001290469999997157 135
0.00012915499999976987 134
0.00012927500000081693 133
0.00012928700000003346 134
0.00012939500000008763 133
0.00012940700000108052 134
0.0001294650000005504 135
0.0001295150000011347 134
0.0001296350000004054 133
0.0001297549999996761 132
0.00012976700000066899 133
0.00012987500000072316 132
0.0001298869999999397 133
0.00012999499999999387 132
0.00013000700000098675 133
0.00013011500000104093 132
0.00013012700000025745 133
0.00013023500000031163 132
0.00013024700000130451 133
0.0001303550000013587 132
0.0001304750000006294 131
0.0001305949999999001 130
0.00013060700000089298 131
0.00013071500000094716 130
0.00013072700000016368 131
0.00013083500000021786 130
0.00013095500000126492 131
0.00013095500000126492 130
0.00013107500000053562 129
0.00013108699999975215 130
0.000131117000000458 131
0.00013119499999980633 130
0.0001312070000007992 131
0.0001313150000008534 130
0.0001314350000001241 129
0.00013155500000117115 128
0.00013167500000044186 127
0.00013168699999965838 128
0.0001317450000009046 129
0.00013179499999971256 128
0.00013180700000070544 129
0.00013191500000075962 128
0.00013203500000003032 127
0.00013215500000107738 126
0.00013227500000034809 125
0.00013228700000134097 126
0.00013239500000139515 125
0.00013240700000061167 126
0.00013251500000066585 125
0.00013252699999988238 126
0.00013263499999993655 125
0.00013264700000092944 126
0.00013275500000098361 125
0.00013276700000020014 126
0.00013287500000025432 125
0.0001328870000012472 126
0.00013299500000130138 125
0.0001330070000005179 126
0.00013311500000057208 125
0.0001331269999997886 126
0.00013323499999984278 125
0.00013324700000083567 126
0.00013335500000088985 125
0.00013336700000010637 126
0.00013347500000016055 125
0.00013348700000115343 126
0.0001335950000012076 125
0.0001337150000004783 124
0.00013372699999969484 125
0.00013383499999974902 124
0.0001338470000007419 125
0.00013395500000079608 124
0.0001339670000000126 125
0.00013407500000006678 124
0.00013408700000105966 125
0.00013419500000111384 124
0.00013431500000038454 123
0.00013432700000137743 124
0.00013443499999965525 123
0.00013444700000064813 124
0.0001345550000007023 123
0.00013456699999991883 124
0.000134674999999973 123
0.0001346870000009659 124
0.00013479500000102007 123
0.00013480299999990564 124
0.0001348070000002366 125
0.00013491500000029077 124
0.00013492700000128366 125
0.00013503500000133783 124
0.00013504700000055436 125
0.00013515500000060854 124
0.00013516699999982507 125
0.00013527499999987924 124
0.00013528700000087213 125
0.0001353950000009263 124
0.00013540700000014283 125
0.000135515000000197 124
0.0001355270000011899 125
0.00013563500000124407 124
0.0001356470000004606 125
0.00013575500000051477 124
0.0001357669999997313 125
0.00013587499999978547 124
0.00013588700000077836 125
0.00013594500000024823 126
0.00013597500000095408 127
0.00013599500000083253 126
0.00013600700000004906 127
0.00013611500000010324 126
0.00013612700000109612 127
0.0001362350000011503 126
0.00013624700000036682 127
0.000136355000000421 126
0.00013636700000141389 127
0.0001364749999996917 126
0.0001364870000006846 127
0.00013659500000073876 126
0.0001366069999999553 127
0.00013671500000000947 126
0.00013672700000100235 127
0.00013683500000105653 126
0.00013684700000027306 127
0.00013695500000032723 126
0.00013696700000132012 127
0.0001370750000013743 126
0.00013708700000059082 127
0.000137195000000645 126
0.00013720699999986152 127
0.0001373149999999157 126
0.00013732700000090858 127
0.00013743500000096276 126
0.0001374470000001793 127
0.00013755500000023346 126
0.00013756700000122635 127
0.00013767500000128052 126
0.00013768700000049705 127
0.00013779500000055123 126
0.00013780699999976775 127
0.00013791499999982193 126
0.00013792700000081481 127
0.000138035000000869 126
0.00013804700000008552 127
0.0001381550000001397 126
0.00013816300000080162 127
0.00013816700000113258 128
0.00013827500000118675 127
0.00013828700000040328 128
0.00013839500000045746 127
0.00013851499999972816 126
0.00013852700000072105 127
0.00013863500000077522 126
0.00013864699999999175 127
0.00013875500000004592 126
0.0001387670000010388 127
0.00013887500000109299 126
0.0001388870000003095 127
0.0001389950000003637 126
0.00013900700000135657 127
0.00013911500000141075 126
0.00013912700000062728 127
0.00013923500000068145 126
0.00013924699999989798 127
0.00013935499999995216 126
0.00013936700000094504 127
0.00013947500000099922 126
0.00013948700000021574 127
0.00013959500000026992 126
0.00013960400000101458 127
0.00013963399999994408 128
0.00013966400000064993 129
0.00013971500000131698 128
0.00013983500000058768 127
0.0001398469999998042 128
0.0001399549999998584 127
0.00013996700000085127 128
0.00014007500000090545 127
0.00014019500000017615 126
0.00014020700000116904 127
0.0001403150000012232 126
0.00014032700000043974 127
0.00014038399999982687 128
0.00014043500000049391 127
0.00014044699999971044 128
0.00014055499999976462 127
0.0001405670000007575 128
0.00014067500000081168 127
0.0001406870000000282 128
0.00014079500000008238 127
0.00014080700000107527 128
0.00014091500000112944 127
0.00014092700000034597 128
0.00014103500000040015 127
0.00014104700000139303 128
0.00014115499999967085 127
0.00014116300000033277 128
0.0001412750000007179 127
0.00014128699999993444 128
0.0001413949999999886 127
0.00014140300000065054 128
0.0001414070000009815 129
0.00014151500000103567 128
0.0001415270000002522 129
0.00014163500000030638 128
0.00014164700000129926 129
0.00014175500000135344 128
0.00014176700000056996 129
0.00014182500000003984 130
0.00014187500000062414 129
0.00014188699999984067 130
0.00014199499999989484 129
0.00014200700000088773 130
0.0001421150000009419 129
0.00014212700000015843 130
0.0001422350000002126 129
0.0001422470000012055 130
0.00014235500000125967 129
0.0001423670000004762 130
0.00014247500000053037 129
0.0001424869999997469 130
0.00014259499999980108 129
0.00014260700000079396 130
0.00014266500000026383 131
0.00014271500000084814 130
0.00014272700000006466 131
0.00014283500000011884 130
0.00014284700000111172 131
0.0001429050000005816 132
0.0001429550000011659 131
0.00014296700000038243 132
0.0001430750000004366 131
0.0001431949999997073 130
0.0001432070000007002 131
0.00014331500000075437 130
0.0001433269999999709 131
0.00014343500000002507 130
0.00014344700000101795 131
0.00014355500000107213 130
0.00014356700000028866 131
0.00014367500000034283 130
0.00014368700000133572 131
0.0001437950000013899 130
0.0001439150000006606 129
0.00014392699999987713 130
0.00014395700000058298 131
0.0001440349999999313 130
0.00014415500000097836 129
0.00014427500000024907 128
0.00014439500000129613 127
0.00014442300000006014 128
0.00014451500000056683 127
0.0001445430000011072 128
0.00014463499999983753 127
0.00014464700000083042 128
0.0001447050000003003 129
0.0001447550000008846 128
0.0001447829999996486 129
0.0001448750000001553 128
0.00014488700000114818 129
0.00014491700000007768 130
0.00014499500000120236 129
0.00014502299999996637 130
0.00014511500000047306 129
0.00014514300000101343 130
0.00014518500000093582 131
0.00014523499999974376 130
0.00014524700000073665 131
0.00014535500000079082 130
0.00014547500000006153 129
0.0001455950000011086 128
0.0001457150000003793 127
0.00014572700000137218 128
0.00014583499999965 127
0.00014584700000064288 128
0.00014590500000011275 129
0.00014595500000069705 128
0.00014596699999991358 129
0.00014607499999996776 128
0.00014614500000043051 129
0.00014619500000101482 128
0.00014631500000028552 127
0.00014638500000074828 128
0.00014643500000133258 127
0.0001464470000005491 128
0.00014655500000060329 127
0.00014656699999981981 128
0.000146674999999874 127
0.00014668700000086687 128
0.00014679500000092105 127
0.00014691500000019175 126
0.00014692700000118464 127
0.00014703500000123881 126
0.00014704700000045534 127
0.0001471049999999252 128
0.00014715500000050952 127
0.00014727499999978022 126
0.00014739500000082728 125
0.00014746500000129004 126
0.00014751500000009798 125
0.00014763500000114504 124
0.00014775500000041575 123
0.00014787499999968645 122
0.0001479950000007335 121
0.00014800699999995004 122
0.00014811500000000422 121
0.0001481380000001309 122
0.00014823500000105128 121
0.00014835500000032198 120
0.00014847500000136904 119
0.00014859500000063974 118
0.00014871499999991045 117
0.0001488350000009575 116
0.0001489550000002282 115
0.00014907500000127527 114
0.00014919500000054597 113
0.00014931499999981668 112
0.00014938500000027943 113
0.00014943500000086374 112
0.00014955500000013444 111
0.00014958300000067482 112
0.0001496750000011815 111
0.0001497950000004522 110
0.0001499149999997229 109
0.00014998500000018566 110
0.00015003500000076997 109
0.0001500469999999865 110
0.00015015500000004067 109
0.00015016700000103356 110
0.00015022500000050343 111
0.00015027500000108773 110
0.00015028700000030426 111
0.00015039500000035844 110
0.00015044000000052904 111
0.0001505150000014055 110
0.00015052700000062202 111
0.0001506350000006762 110
0.00015064699999989273 111
0.0001507549999999469 110
0.0001507670000009398 111
0.00015082500000040966 112
0.00015087500000099396 111
0.0001508870000002105 112
0.00015099500000026467 111
0.00015111500000131173 110
0.00015112700000052826 111
0.00015123500000058243 110
0.00015135499999985313 109
0.0001514750000009002 108
0.0001515950000001709 107
0.00015171500000121796 106
0.00015183500000048866 105
0.00015195499999975937 104
0.00015207500000080643 103
0.00015219500000007713 102
0.00015220700000107001 103
0.0001523150000011242 102
0.00015232700000034072 103
0.0001523849999998106 104
0.0001524350000003949 103
0.00015244300000105682 104
0.00015247900000048276 105
0.0001525549999996656 104
0.00015256700000065848 105
0.00015267500000071266 104
0.00015279499999998336 103
0.00015291500000103042 102
0.00015292700000024695 103
0.00015303500000030112 102
0.000153047000001294 103
0.00015315500000134818 102
0.0001531670000005647 103
0.0001532750000006189 102
0.0001533949999998896 101
0.00015340700000088248 102
0.00015351500000093665 101
0.00015352700000015318 102
0.00015363500000020736 101
0.00015364700000120024 102
0.00015375500000125442 101
0.00015387500000052512 100
0.00015388699999974165 101
0.00015399499999979582 100
0.00015411500000084288 99
0.0001542350000001136 98
0.00015424700000110647 99
0.00015435500000116065 98
0.00015436700000037717 99
0.00015447500000043135 98
0.00015459499999970205 97
0.00015460700000069494 98
0.00015471500000074911 97
0.00015483500000001982 96
0.00015495500000106688 95
0.00015507500000033758 94
0.00015519500000138464 93
0.00015531500000065535 92
0.00015532699999987187 93
0.00015543499999992605 92
0.0001555550000009731 91
0.0001556750000002438 90
0.00015579500000129087 89
0.00015591500000056158 88
0.00015603499999983228 87
0.00015604700000082516 88
0.00015607699999975466 89
0.00015615500000087934 88
0.0001561629999997649 89
0.0001562250000013421 90
0.00015627500000015004 89
0.00015628700000114293 90
0.0001563950000011971 89
0.00015640700000041363 90
0.0001565150000004678 89
0.00015652699999968434 90
0.0001566349999997385 89
0.0001566470000007314 90
0.00015675500000078557 89
0.0001567670000000021 90
0.00015687500000005627 89
0.00015688700000104916 90
0.00015699500000110334 89
0.00015700700000031986 90
0.00015711500000037404 89
0.00015712700000136692 90
0.0001572350000014211 89
0.00015724700000063763 90
0.0001573550000006918 89
0.0001574749999999625 88
0.00015758900000051312 89
0.00015759500000100957 88
0.00015761900000121898 89
0.00015771500000028027 88
0.00015772700000127315 89
0.00015783500000132733 88
0.00015784700000054386 89
0.00015795500000059803 88
0.00015796699999981456 89
0.00015807499999986874 88
0.00015808700000086162 89
0.0001581950000009158 88
0.00015820700000013233 89
0.0001583150000001865 88
0.00015832700000117939 89
0.00015843500000123356 88
0.0001584470000004501 89
0.00015855500000050426 88
0.00015867499999977497 87
0.00015879500000082203 86
0.00015880700000003856 87
0.00015891500000009273 86
0.00015892700000108562 87
0.0001590350000011398 86
0.00015904700000035632 87
0.0001591550000004105 86
0.00015916700000140338 87
0.0001592749999996812 86
0.00015928300000034312 87
0.00015928700000067408 88
0.00015939500000072826 87
0.0001594069999999448 88
0.00015951499999999896 87
0.00015952300000066089 88
0.00015952700000099185 89
0.00015963500000104602 88
0.00015975500000031673 87
0.0001597670000013096 88
0.0001598750000013638 87
0.00015988700000058031 88
0.0001599950000006345 87
0.00016000699999985102 88
0.0001601149999999052 87
0.00016012700000089808 88
0.00016023500000095225 87
0.00016024700000016878 88
0.00016035500000022296 87
0.00016036700000121584 88
0.00016047500000127002 87
0.00016048700000048655 88
0.00016059500000054072 87
0.00016071499999981143 86
0.00016083500000085849 85
0.000160847000000075 86
0.0001609550000001292 85
0.00016096700000112207 86
0.00016107500000117625 85
0.00016119500000044695 84
0.00016120699999966348 85
0.00016131499999971766 84
0.00016132700000071054 85
0.00016143500000076472 84
0.00016144699999998124 85
0.00016155500000003542 84
0.0001615670000010283 85
0.00016167500000108248 84
0.000161687000000299 85
0.00016179500000035318 84
0.00016180700000134607 85
0.00016191500000140024 84
0.00016192700000061677 85
0.00016203500000067095 84
0.00016204699999988748 85
0.00016215499999994165 84
0.00016216700000093454 85
0.0001622750000009887 84
0.00016228700000020524 85
0.00016239500000025942 84
0.00016251500000130648 83
0.00016258499999999287 84
0.00016263500000057718 83
0.00016275499999984788 82
0.00016276700000084077 83
0.00016287500000089494 82
0.00016288700000011147 83
0.00016299500000016565 82
0.0001630040000009103 83
0.0001630339999998398 84
0.0001631150000012127 83
0.00016312700000042923 84
0.0001632350000004834 83
0.00016324699999969994 84
0.00016335499999975411 83
0.000163367000000747 84
0.00016347500000080117 83
0.0001634870000000177 84
0.00016354500000126393 85
0.00016359500000007188 84
0.00016360700000106476 85
0.00016371500000111894 84
0.00016372700000033547 85
0.00016383500000038964 84
0.00016384700000138253 85
0.0001639050000008524 86
0.00016395499999966034 85
0.00016396700000065323 86
0.0001640750000007074 85
0.00016408699999992393 86
0.0001641949999999781 85
0.00016431500000102517 84
0.0001643270000002417 85
0.00016443500000029587 84
0.00016455500000134293 83
0.00016456700000055946 84
0.00016467500000061364 83
0.00016468699999983016 84
0.00016479499999988434 83
0.00016480700000087722 84
0.0001649150000009314 83
0.00016492700000014793 84
0.0001650350000002021 83
0.00016515500000124916 82
0.0001651670000004657 83
0.00016527500000051987 82
0.0001652869999997364 83
0.00016534500000098262 84
0.00016539499999979057 83
0.00016540700000078346 84
0.00016551500000083763 83
0.00016552700000005416 84
0.00016563500000010833 83
0.00016564700000110122 84
0.0001657550000011554 83
0.00016576700000037192 84
0.0001658750000004261 83
0.00016588700000141898 84
0.0001659949999996968 83
0.00016611500000074386 82
0.0001661269999999604 83
0.00016623500000001457 82
0.00016624700000100745 83
0.00016635500000106163 82
0.00016647500000033233 81
0.00016648700000132521 82
0.00016654500000079508 83
0.0001665950000013794 82
0.00016660700000059592 83
0.0001667150000006501 82
0.00016672699999986662 83
0.00016678500000111285 84
0.0001668349999999208 83
0.00016684700000091368 84
0.00016690500000038355 85
0.00016695500000096786 84
0.00016696700000018438 85
0.00016707500000023856 84
0.00016708700000123144 85
0.00016719500000128562 84
0.00016720700000050215 85
0.00016731500000055632 84
0.00016732699999977285 85
0.00016743499999982703 84
0.0001675550000008741 83
0.00016758300000141446 84
0.00016762500000133684 85
0.0001676750000001448 84
0.00016768300000080671 85
0.00016768700000113768 86
0.00016771700000006717 87
0.00016774700000077303 88
0.00016779500000119185 87
0.00016791500000046256 86
0.00016803499999973326 85
0.00016804700000072614 86
0.00016807699999965564 87
0.0001681070000003615 88
0.00016815500000078032 87
0.0001681830000013207 88
0.00016827500000005102 87
0.0001683030000005914 88
0.00016834500000051378 89
0.00016839500000109808 88
0.0001684229999998621 89
0.0001685150000003688 88
0.00016863500000141585 87
0.00016864700000063237 88
0.00016870500000010225 89
0.00016875500000068655 88
0.00016876699999990308 89
0.00016887499999995725 88
0.00016888700000095014 89
0.00016899500000100431 88
0.00016910799999969583 89
0.00016911500000027502 88
0.0001691380000004017 89
0.00016923500000132208 88
0.00016935500000059278 87
0.00016942500000105554 88
0.00016947499999986348 87
0.00016959500000091055 86
0.0001696029999997961 87
0.00016960700000012707 88
0.00016971500000018125 87
0.0001698350000012283 86
0.00016984700000044484 87
0.000169955000000499 86
0.00016996699999971554 87
0.00017007499999976972 86
0.00017019500000081678 85
0.00017031500000008748 84
0.00017032700000108036 85
0.00017043500000113454 84
0.00017055500000040524 83
0.00017067499999967595 82
0.00017068700000066883 83
0.000170795000000723 82
0.0001709149999999937 81
0.0001709270000009866 82
0.00017103500000104077 81
0.0001710470000002573 82
0.00017115500000031147 81
0.00017127500000135853 80
0.00017128700000057506 81
0.00017139500000062924 80
0.00017140699999984577 81
0.00017151499999989994 80
0.00017152700000089283 81
0.000171635000000947 80
0.00017164700000016353 81
0.0001717550000002177 80
0.00017187500000126477 79
0.00017199500000053547 78
0.000172006999999752 79
0.00017211499999980617 78
0.00017212700000079906 79
0.00017218500000026893 80
0.00017223500000085323 79
0.00017224700000006976 80
0.00017235500000012394 79
0.00017236700000111682 80
0.000172475000001171 79
0.00017248300000005656 80
0.0001725950000004417 79
0.0001727149999997124 78
0.00017283500000075946 77
0.0001728430000014214 78
0.00017295500000003017 77
0.00017296700000102305 78
0.00017307500000107723 77
0.00017308700000029376 78
0.00017319500000034793 77
0.00017320700000134082 78
0.000173315000001395 77
0.00017332700000061152 78
0.0001734350000006657 77
0.00017344699999988222 78
0.0001735549999999364 77
0.00017356700000092928 78
0.00017359699999985878 79
0.00017367500000098346 78
0.0001736870000002 79
0.00017379500000025416 78
0.00017391500000130122 77
0.00017403500000057193 76
0.00017404699999978845 77
0.00017415499999984263 76
0.0001742750000008897 75
0.00017428700000010622 76
0.00017431700000081207 77
0.0001743950000001604 76
0.00017451500000120745 75
0.00017463500000047816 74
0.00017475499999974886 73
0.00017487500000079592 72
0.00017488700000001245 73
0.00017499500000006663 72
0.0001750070000010595 73
0.00017511500000111369 72
0.0001751270000003302 73
0.00017521200000025772 74
0.0001752350000003844 73
0.0001753549999996551 72
0.00017536700000064798 73
0.00017547500000070215 72
0.00017559499999997286 71
0.00017560700000096574 72
0.00017571500000101992 71
0.00017572700000023644 72
0.00017583500000029062 71
0.00017595500000133768 70
0.00017607500000060838 69
0.0001760869999998249 70
0.0001761949999998791 69
0.00017631500000092615 68
0.00017632700000014268 69
0.00017643500000019685 68
0.00017644700000118974 69
0.00017647900000028471 70
0.0001765550000012439 69
0.00017656700000046044 70
0.00017667500000051461 69
0.00017668699999973114 70
0.00017679499999978532 69
0.0001768070000007782 70
0.00017691500000083238 69
0.00017703500000010308 68
0.00017715500000115014 67
0.00017716700000036667 68
0.000177199000001238 69
0.00017727500000042085 68
0.00017739499999969155 67
0.0001775150000007386 66
0.00017752699999995514 67
0.000177557000000661 68
0.0001776350000000093 67
0.0001776470000010022 68
0.00017775500000105637 67
0.00017782499999974277 68
0.00017787500000032708 67
0.00017788700000131996 68
0.00017799500000137414 67
0.00017800700000059066 68
0.00017811500000064484 67
0.00017812699999986137 68
0.00017823499999991554 67
0.00017824700000090843 68
0.0001783550000009626 67
0.0001784750000002333 66
0.00017859500000128037 65
0.0001786070000004969 66
0.00017871500000055107 65
0.00017883499999982178 64
0.00017890500000028453 65
0.00017895500000086884 64
0.00017907500000013954 63
0.00017908700000113242 64
0.0001791950000011866 63
0.0001793150000004573 62
0.00017938500000092006 63
0.000179434999999728 62
0.00017955500000077507 61
0.00017967500000004577 60
0.00017968700000103865 61
0.00017979500000109283 60
0.00017991500000036353 59
0.00017992700000135642 60
0.0001800350000014106 59
0.00018004700000062712 60
0.0001801550000006813 59
0.00018016699999989783 60
0.000180274999999952 59
0.00018039500000099906 58
0.0001804070000002156 59
0.00018051500000026977 58
0.00018052700000126265 59
0.00018058500000073252 60
0.00018063500000131683 59
0.0001806430000002024 60
0.00018075500000058753 59
0.00018076699999980406 60
0.00018087499999985823 59
0.0001809950000009053 58
0.00018100700000012182 59
0.00018104599999979598 60
0.000181115000000176 59
0.00018112700000116888 60
0.00018123500000122306 59
0.00018124700000043958 60
0.00018135500000049376 59
0.00018147499999976446 58
0.00018148700000075735 59
0.00018159500000081152 58
0.00018160700000002805 59
0.00018166500000127428 60
0.00018171500000008223 59
0.0001817270000010751 60
0.0001818350000011293 59
0.0001819550000004 58
0.00018196700000139288 59
0.00018202500000086275 60
0.0001820749999996707 59
0.00018208700000066358 60
0.00018219500000071776 59
0.00018220699999993428 60
0.0001822650000011805 61
0.00018231499999998846 60
0.00018232700000098134 61
0.00018243500000103552 60
0.00018244700000025205 61
0.00018255500000030622 60
0.0001825670000012991 61
0.00018267500000135328 60
0.0001826870000005698 61
0.00018279500000062399 60
0.0001828030000012859 61
0.00018280699999984051 62
0.0001829149999998947 61
0.00018292700000088757 62
0.00018298500000035745 63
0.00018303500000094175 62
0.00018315500000021245 61
0.00018316700000120534 62
0.00018327500000125951 61
0.00018328700000047604 62
0.00018339500000053022 61
0.00018340699999974674 62
0.00018346500000099297 63
0.00018351499999980092 62
0.0001835270000007938 63
0.00018363500000084798 62
0.0001836470000000645 63
0.00018375500000011868 62
0.00018376700000111157 63
0.00018382500000058144 64
0.00018387500000116574 63
0.00018388700000038227 64
0.00018399500000043645 63
0.00018400699999965298 64
0.00018411499999970715 63
0.0001841850000001699 64
0.0001842350000007542 63
0.00018424699999997074 64
0.00018435500000002492 63
0.0001843670000010178 64
0.00018447500000107198 63
0.00018454499999975837 64
0.00018459500000034268 63
0.00018460700000133556 64
0.00018471500000138974 63
0.00018483500000066044 62
0.00018484300000132237 63
0.00018484699999987697 64
0.00018495499999993115 63
0.00018496300000059307 64
0.00018496700000092403 65
0.0001850750000009782 64
0.00018508700000019473 65
0.0001851449999996646 66
0.0001851950000002489 65
0.0001852070000012418 66
0.00018531500000129597 65
0.00018534300000006 66
0.00018543500000056667 65
0.00018555499999983738 64
0.00018567500000088444 63
0.00018568700000010097 64
0.00018579500000015514 63
0.00018580700000114803 64
0.0001859150000012022 63
0.0001860350000004729 62
0.00018604699999968943 63
0.0001861549999997436 62
0.0001861670000007365 63
0.000186196999999666 64
0.00018627500000079067 63
0.00018639500000006137 62
0.00018640700000105426 63
0.00018651500000110843 62
0.00018652700000032496 63
0.00018663500000037914 62
0.00018675499999964984 61
0.00018676700000064272 62
0.0001868750000006969 61
0.00018688699999991343 62
0.00018694500000115966 63
0.0001869949999999676 62
0.00018711500000101466 61
0.0001871270000002312 62
0.00018723500000028537 61
0.00018724700000127825 62
0.00018735500000133243 61
0.00018747500000060313 60
0.00018748699999981966 61
0.00018759499999987383 60
0.0001877150000009209 59
0.0001878350000001916 58
0.00018784700000118448 59
0.00018795500000123866 58
0.0001879670000004552 59
0.00018807500000050936 58
0.0001880869999997259 59
0.00018819499999978007 58
0.00018820700000077295 59
0.00018831500000082713 58
0.00018843500000009783 57
0.00018844700000109071 58
0.0001885550000011449 57
0.00018856700000036142 58
0.0001886750000004156 57
0.00018868700000140848 58
0.0001887949999996863 57
0.00018891500000073336 56
0.00018892699999994989 57
0.00018903500000000406 56
0.00018904700000099695 57
0.00018915500000105112 56
0.00018916700000026765 57
0.00018927500000032182 56
0.0001892870000013147 57
0.00018939500000136889 56
0.0001895150000006396 55
0.00018952699999985612 56
0.0001896349999999103 55
0.00018964700000090318 56
0.00018975500000095735 55
0.00018987500000022806 54
0.00018999500000127512 53
0.00019000700000049164 54
0.00019011500000054582 53
0.00019012699999976235 54
0.00019023499999981652 53
0.0001902470000008094 54
0.00019035500000086358 53
0.0001903670000000801 54
0.0001904750000001343 53
0.00019048700000112717 54
0.00019059500000118135 53
0.0001906030000000669 54
0.00019060700000039787 55
0.00019071500000045205 54
0.00019072699999966858 55
0.00019083499999972275 54
0.00019084700000071564 55
0.00019095500000076981 54
0.00019096699999998634 55
0.00019107500000004052 54
0.0001910870000010334 55
0.00019114500000050327 56
0.00019119500000108758 55
0.0001912070000003041 56
0.00019131400000027554 57
0.00019131500000035828 56
0.0001913440000009814 57
0.00019143500000140534 56
0.00019144700000062187 57
0.00019155500000067605 56
0.00019167499999994675 55
0.0001917950000009938 54
0.00019180700000021034 55
0.0001918649999996802 56
0.0001919150000002645 55
0.0001919270000012574 56
0.00019203500000131157 55
0.0001920470000005281 56
0.00019210499999999797 57
0.00019215500000058228 56
0.0001921669999997988 57
0.00019227499999985298 56
0.00019228700000084586 57
0.00019239500000090004 56
0.00019240700000011657 57
0.00019251500000017074 56
0.0001926350000012178 55
0.0001927550000004885 54
0.00019276699999970504 55
0.0001928749999997592 54
0.00019288300000042113 55
0.0001928870000007521 56
0.00019294500000022197 57
0.00019299500000080627 56
0.0001930070000000228 57
0.00019311500000007698 56
0.00019323500000112404 55
0.00019324700000034056 56
0.00019335500000039474 55
0.00019347499999966544 54
0.00019348700000065833 55
0.00019349899999987485 56
0.0001935950000007125 55
0.00019362300000125288 56
0.0001937149999999832 55
0.0001937270000009761 56
0.00019383500000103027 55
0.0001938470000002468 56
0.00019395500000030097 55
0.00019402500000076373 56
0.00019407500000134803 55
0.00019408700000056456 56
0.0001941170000012704 57
0.00019419500000061873 56
0.00019420699999983526 57
0.00019431499999988944 56
0.0001943850000003522 57
0.0001944350000009365 56
0.00019444700000015303 57
0.0001945550000002072 56
0.00019467500000125426 55
0.0001946870000004708 56
0.00019474499999994066 57
0.00019477500000064651 58
0.00019479500000052496 57
0.0001948069999997415 58
0.00019491499999979567 57
0.00019492700000078855 58
0.0001950009999998059 59
0.00019503500000084273 58
0.00019504700000005926 59
0.00019515500000011343 58
0.00019516300000077536 59
0.00019516700000110632 60
0.0001952750000011605 59
0.00019528700000037702 60
0.0001953950000004312 59
0.00019540300000109312 60
0.0001955149999997019 59
0.00019563500000074896 58
0.00019570500000121172 59
0.00019575500000001966 58
0.00019576700000101255 59
0.00019577900000022908 60
0.0001958410000000299 61
0.00019587500000106672 60
0.00019588700000028325 61
0.00019599500000033743 60
0.0001961150000013845 59
0.00019612700000060102 60
0.00019618500000007089 61
0.0001962350000006552 60
0.00019624699999987172 61
0.0001963549999999259 60
0.00019636700000091878 61
0.0001963949999996828 62
0.00019647500000097295 61
0.00019651900000106082 62
0.00019659500000024366 61
0.00019660700000123654 62
0.00019666500000070641 63
0.00019671500000129072 62
0.00019672700000050725 63
0.00019683500000056142 62
0.00019692100000057167 63
0.00019695499999983213 62
0.000196967000000825 63
0.00019699899999992 64
0.00019702900000062584 65
0.00019707500000087919 64
0.0001970870000000957 65
0.0001971950000001499 64
0.00019728100000016013 65
0.00019731500000119695 64
0.00019732700000041348 65
0.00019735700000111933 66
0.00019738700000004883 67
0.00019743500000046765 66
0.00019744699999968418 67
0.00019755499999973836 66
0.00019756700000073124 67
0.00019759699999966074 68
0.0001976409999997486 69
0.00019767100000045446 70
0.00019767500000078542 69
0.0001977010000011603 70
0.0001977310000000898 71
0.00019779500000005612 70
0.0001978230000005965 71
0.00019787799999981814 72
0.000197908000000524 73
0.00019791500000110318 72
0.00019793800000122985 73
0.00019796800000015935 74
0.00019803500000037388 73
0.00019804700000136677 74
0.0001980590000005833 75
0.00019815500000142094 74
0.00019818300000018496 75
0.00019822500000010734 76
0.00019827500000069165 75
0.00019828699999990818 76
0.00019829900000090106 77
0.00019839499999996235 76
0.00019840700000095524 77
0.0001985150000010094 76
0.00019852700000022594 77
0.00019860100000101966 78
0.00019863500000028012 77
0.0001986630000008205 78
0.00019873699999983785 79
0.00019875500000132718 78
0.0001987670000005437 79
0.00019887500000059788 78
0.0001988869999998144 79
0.00019899499999986858 78
0.00019900700000086147 79
0.00019908099999987883 80
0.00019911500000091564 79
0.00019914299999967966 80
0.00019923500000018635 79
0.00019924700000117923 80
0.0001993550000012334 79
0.00019936700000044993 80
0.0001994750000005041 79
0.00019950300000104448 80
0.00019956100000051435 81
0.00019959499999977481 80
0.0001996070000007677 81
0.0001996369999996972 82
0.00019966700000040305 83
0.00019971500000082187 82
0.0001997270000000384 83
0.00019983500000009258 82
0.0001998430000007545 83
0.00019986300000063295 84
0.00019992100000010282 85
0.00019995500000113964 84
0.00019996700000035617 85
0.00019999700000106202 86
0.00020007500000041034 85
0.00020017699999996807 86
0.00020019499999968104 85
0.00020022300000022142 86
0.00020025300000092727 87
0.00020028299999985677 88
0.0002003150000007281 87
0.0002004349999999988 86
0.0002004470000009917 87
0.00020047900000008667 88
0.0002005370000013329 89
0.00020055500000104587 88
0.0002005670000002624 89
0.00020059700000096825 90
0.00020062699999989775 91
0.00020067500000031657 90
0.00020071900000040444 91
0.00020079500000136363 90
0.00020083899999967514 91
0.00020091500000063434 90
0.0002009430000011747 91
0.00020095500000039124 92
0.00020103499999990504 91
0.00020104700000089792 92
0.0002010789999999929 93
0.00020112099999991528 94
0.0002011550000009521 93
0.00020116700000016863 94
0.000201195000000709 95
0.00020119700000087448 96
0.0002012750000002228 95
0.0002012870000012157 96
0.00020131700000014519 97
0.00020139500000126986 96
0.0002014070000004864 97
0.00020143700000119225 98
0.0002014970000008276 99
0.00020151500000054057 98
0.0002015269999997571 99
0.00020155900000062843 100
0.00020163499999981127 99
0.00020166300000035164 100
0.00020175500000085833 99
0.0002017830000013987 100
0.00020187500000012903 99
0.0002019030000006694 100
0.00020197699999968677 101
0.0002019950000011761 100
0.00020200700000039262 101
0.00020203900000126396 102
0.0002021150000004468 101
0.00020214300000098717 102
0.0002022349999997175 101
0.00020224300000037942 102
0.00020224700000071039 103
0.00020227700000141624 104
0.00020235500000076456 103
0.0002023669999999811 104
0.00020239900000085242 105
0.0002024570000003223 106
0.00020247500000003527 105
0.00020248700000102815 106
0.00020251699999995765 107
0.0002025470000006635 108
0.00020257700000136936 109
0.00020259500000108233 108
0.00020260700000029885 109
0.0002026370000010047 110
0.00020271500000035303 109
0.00020272700000134591 110
0.0002028350000014001 109
0.00020284700000061662 110
0.00020287700000132247 111
0.00020290700000025197 112
0.0002029550000006708 111
0.00020296300000133272 112
0.00020296699999988732 113
0.00020302500000113355 114
0.0002030749999999415 113
0.00020308700000093438 114
0.00020311900000002936 115
0.0002031770000012756 116
0.00020319500000098856 115
0.00020320700000020508 116
0.00020331500000025926 115
0.00020332700000125215 116
0.00020335700000018164 117
0.00020343500000130632 116
0.00020344700000052285 117
0.0002034770000012287 118
0.0002035070000001582 119
0.00020355500000057702 118
0.00020356699999979355 119
0.00020367499999984773 118
0.0002036870000008406 119
0.00020374500000031048 120
0.0002037950000008948 119
0.00020380700000011132 120
0.00020383900000098265 121
0.0002039150000001655 120
0.00020392700000115838 121
0.00020395700000008787 122
0.00020401699999972323 123
0.00020403500000121255 122
0.00020404700000042908 123
0.00020407900000130041 124
0.0002041090000002299 125
0.00020415500000048326 124
0.00020416699999969978 125
0.00020419700000040564 126
0.0002042270000011115 127
0.00020427499999975396 126
0.00020428700000074684 127
0.00020431699999967634 128
0.0002043470000003822 129
0.00020439500000080102 128
0.00020440700000001755 129
0.00020451500000007172 128
0.0002045270000010646 129
0.00020463500000111878 128
0.0002046470000003353 129
0.00020467900000120665 130
0.0002047550000003895 129
0.00020479900000047735 130
0.0002048749999996602 129
0.00020488700000065307 130
0.00020491700000135893 131
0.00020494700000028843 132
0.00020499500000070725 131
0.00020500300000136917 132
0.00020500699999992378 133
0.0002050390000007951 134
0.00020511499999997795 133
0.00020512700000097084 134
0.00020515699999990034 135
0.0002051870000006062 136
0.00020523500000102501 135
0.00020524700000024154 136
0.0002052770000009474 137
0.00020535500000029572 136
0.00020536300000095764 137
0.0002053670000012886 138
0.0002053970000002181 139
0.00020542700000092395 140
0.00020547500000134278 139
0.0002055030000001068 140
0.00020559500000061348 139
0.00020560699999983 140
0.00020563700000053586 141
0.00020571499999988418 140
0.0002057230000005461 141
0.00020572700000087707 142
0.00020575699999980657 143
0.00020583500000093125 142
0.00020584700000014777 143
0.00020587700000085363 144
0.00020590699999978312 145
0.00020593700000048898 146
0.00020595500000020195 145
0.00020596700000119483 146
0.00020599700000012433 147
0.000206075000001249 146
0.00020608700000046554 147
0.0002061170000011714 148
0.0002061950000005197 147
0.00020622300000106009 148
0.00020631499999979042 147
0.0002063270000007833 148
0.0002063569999997128 149
0.00020638700000041865 150
0.00020643500000083748 149
0.000206447000000054 150
0.00020647700000075986 151
0.00020655500000010818 150
0.0002065630000007701 151
0.00020658300000064855 152
0.00020667500000115524 151
0.00020668700000037177 152
0.00020671700000107762 153
0.00020674700000000712 154
0.00020679500000042594 153
0.00020680700000141883 154
0.00020683700000034833 155
0.00020686700000105418 156
0.00020689699999998368 157
0.00020691499999969665 156
0.00020692700000068953 157
0.00020695700000139539 158
0.0002070350000007437 157
0.00020704699999996024 158
0.0002070770000006661 159
0.00020710700000137194 160
0.0002071550000000144 159
0.00020718300000055478 160
0.00020722500000047717 161
0.00020727500000106147 160
0.000207287000000278 161
0.00020731700000098385 162
0.00020739500000033217 161
0.00020742300000087255 162
0.00020751500000137924 161
0.00020752700000059576 162
0.00020755700000130162 163
0.00020763500000064994 162
0.00020764699999986647 163
0.00020775499999992064 162
0.00020776700000091353 163
0.00020779699999984302 164
0.00020782700000054888 165
0.0002078750000009677 164
0.00020790299999973172 165
0.0002079449999996541 166
0.0002079950000002384 165
0.00020802300000077878 166
0.00020805299999970828 167
0.00020811500000128547 166
0.000208127000000502 167
0.00020815700000120785 168
0.00020818700000013735 169
0.00020823500000055617 168
0.0002082469999997727 169
0.00020827700000047855 170
0.0002083070000011844 171
0.00020835499999982687 170
0.00020839899999991474 171
0.00020847500000087393 170
0.00020848700000009046 171
0.00020851700000079632 172
0.00020859500000014464 171
0.00020861900000035405 172
0.0002086650000006074 173
0.0002087150000011917 172
0.00020872700000040822 173
0.00020875700000111408 174
0.00020878700000004358 175
0.00020881700000074943 176
0.0002088350000004624 175
0.00020886300000100277 176
0.00020889299999993227 177
0.0002089549999997331 176
0.000208967000000726 177
0.00020899699999965549 178
0.00020902700000036134 179
0.00020907500000078016 178
0.0002090869999999967 179
0.00020919500000005087 178
0.00020922300000059124 179
0.0002092530000012971 180
0.00020931500000109793 179
0.00020934299999986195 180
0.0002093730000005678 181
0.00020940300000127365 182
0.00020943500000036863 181
0.00020944700000136152 182
0.00020945900000057804 183
0.0002094790000004565 184
0.0002095550000014157 183
0.00020956700000063222 184
0.00020959700000133807 185
0.00020962700000026757 186
0.0002096750000006864 185
0.00020970300000122677 186
0.00020973300000015627 187
0.0002097949999999571 186
0.00020980700000094998 187
0.00020983699999987948 188
0.00020986700000058534 189
0.00020991500000100416 188
0.00020994299999976818 189
0.00020997300000047403 190
0.00021000300000117988 191
0.00021003500000027486 190
0.00021004700000126775 191
0.00021015500000132192 190
0.00021016700000053845 191
0.0002101970000012443 192
0.0002102270000001738 193
0.00021025700000087966 194
0.00021027500000059263 193
0.0002103190000006805 194
0.00021039499999986333 193
0.0002104230000004037 194
0.0002105150000009104 193
0.00021052700000012692 194
0.00021055700000083277 195
0.0002106350000001811 194
0.00021066300000072147 195
0.00021069299999965097 196
0.00021075500000122815 195
0.00021079900000131602 196
0.00021087500000049886 195
0.00021088699999971539 196
0.00021091900000058672 197
0.00021099499999976956 196
0.00021100700000076245 197
0.00021103699999969194 198
0.0002110670000003978 199
0.00021111500000081662 198
0.000211143000001357 199
0.0002111730000002865 200
0.00021123500000008733 199
0.0002112470000010802 200
0.00021135500000113439 199
0.0002113670000003509 200
0.00021139700000105677 201
0.00021142699999998626 202
0.0002114750000004051 201
0.0002115949999996758 200
0.00021162300000021617 201
0.00021165300000092202 202
0.00021171500000072285 201
0.00021172699999993938 202
0.00021175900000081072 203
0.00021183499999999356 202
0.00021187900000008142 203
0.00021195500000104062 202
0.00021196700000025714 203
0.00021207500000031132 202
0.00021211900000039918 203
0.00021219500000135838 202
0.0002122070000005749 203
0.00021231500000062908 202
0.0002124349999998998 201
0.00021247899999998765 202
0.00021252099999991003 203
0.00021255500000094685 202
0.00021256700000016338 203
0.0002125990000010347 204
0.00021267500000021755 203
0.00021271900000030541 204
0.0002127950000012646 203
0.00021280700000048114 204
0.00021283900000135247 205
0.00021291500000053531 204
0.00021292699999975184 205
0.0002129570000004577 206
0.00021303499999980602 205
0.00021307899999989388 206
0.00021315500000085308 205
0.0002131670000000696 206
0.00021327500000012378 205
0.00021328700000111667 206
0.00021339500000117084 205
0.0002134390000012587 206
0.00021351500000044155 205
0.0002135590000005294 206
0.00021363499999971225 205
0.00021369500000112396 206
0.0002137550000007593 205
0.00021378300000129968 206
0.00021387500000003 205
0.00021399500000107707 204
0.00021403900000116494 205
0.00021411500000034778 204
0.00021423500000139484 203
0.00021426300000015885 204
0.0002142950000010302 205
0.00021435500000066554 204
0.00021447499999993624 203
0.0002145950000009833 202
0.000214715000000254 201
0.00021472300000091593 202
0.00021483500000130107 201
0.00021495500000057177 200
0.00021507499999984248 199
0.00021519500000088954 198
0.00021531500000016024 197
0.00021532300000082216 198
0.0002154350000012073 197
0.000215555000000478 196
0.0002156749999997487 195
0.00021579500000079577 194
0.00021591500000006647 193
0.00021592700000105935 194
0.00021598500000052923 195
0.00021603500000111353 194
0.00021615500000038423 193
0.00021627499999965494 192
0.0002163450000001177 193
0.000216395000000702 192
0.0002165149999999727 191
0.00021663500000101976 190
0.00021675500000029047 189
0.00021687500000133753 188
0.00021699500000060823 187
0.00021711499999987893 186
0.0002171589999999668 187
0.000217235000000926 186
0.0002173550000001967 185
0.00021747500000124376 184
0.00021754499999993016 185
0.00021759500000051446 184
0.000217606999999731 185
0.00021771499999978516 184
0.00021783500000083222 183
0.00021795500000010293 182
0.00021807500000115 181
0.0002181950000004207 180
0.0002183149999996914 179
0.00021843500000073846 178
0.0002185050000012012 179
0.00021855500000000916 178
0.00021867500000105622 177
0.00021868700000027275 178
0.00021879500000032692 177
0.00021891500000137398 176
0.00021903500000064469 175
0.00021904699999986121 176
0.0002191549999999154 175
0.00021916700000090827 176
0.00021922500000037815 177
0.00021927500000096245 176
0.00021928700000017898 177
0.00021939500000023315 176
0.00021940700000122604 177
0.00021951500000128021 176
0.00021952700000049674 177
0.00021963500000055092 176
0.00021975499999982162 175
0.00021987500000086868 174
0.0002198870000000852 175
0.00021999500000013938 174
0.00022011500000118644 173
0.00022012700000040297 174
0.00022023500000045715 173
0.0002203050000009199 174
0.00022035499999972785 173
0.00022036700000072074 174
0.0002204750000007749 173
0.00022059500000004562 172
0.0002206070000010385 173
0.00022071500000109268 172
0.0002207270000003092 173
0.00022078499999977907 174
0.00022083500000036338 173
0.00022084700000135626 174
0.00022095500000141044 173
0.00022107500000068114 172
0.00022119499999995185 171
0.00022120700000094473 172
0.0002213150000009989 171
0.00022132700000021543 172
0.0002214350000002696 171
0.0002214470000012625 172
0.00022155500000131667 171
0.0002215670000005332 172
0.00022167500000058737 171
0.00022179499999985808 170
0.00022191500000090514 169
0.00022192700000012167 170
0.00022201600000038013 171
0.00022203500000017584 170
0.00022204700000116873 171
0.0002221550000012229 170
0.0002222249999999093 171
0.0002222750000004936 170
0.0002223949999997643 169
0.0002224070000007572 170
0.00022251500000081137 169
0.00022263500000008207 168
0.00022264700000107496 169
0.00022275500000112913 168
0.00022287500000039984 167
0.00022299499999967054 166
0.00022300700000066342 167
0.0002231150000007176 166
0.00022312699999993413 167
0.0002232349999999883 166
0.00022330500000045106 167
0.00022335500000103536 166
0.00022347500000030607 165
0.00022348700000129895 166
0.00022359500000135313 165
0.0002236030000002387 166
0.00022371500000062383 165
0.00022383499999989453 164
0.00022384700000088742 165
0.0002239050000003573 166
0.0002239550000009416 165
0.00022396700000015812 166
0.0002240750000002123 165
0.00022419500000125936 164
0.00022426499999994576 165
0.00022431500000053006 164
0.00022443499999980077 163
0.00022455500000084783 162
0.0002245629999997334 163
0.00022456700000006435 164
0.00022467500000011853 163
0.0002247950000011656 162
0.0002249150000004363 161
0.000225034999999707 160
0.00022504700000069988 161
0.00022515500000075406 160
0.00022527500000002476 159
0.00022528700000101765 160
0.00022539500000107182 159
0.0002254029999999574 160
0.00022540700000028835 161
0.00022551500000034252 160
0.00022563500000138959 159
0.0002257550000006603 158
0.000225874999999931 157
0.00022594500000039375 158
0.00022599500000097805 157
0.00022600700000019458 158
0.00022611500000024876 157
0.00022623500000129582 156
0.00022635500000056652 155
0.00022647499999983722 154
0.00022659500000088428 153
0.0002266070000001008 154
0.000226715000000155 153
0.00022683500000120205 152
0.00022695500000047275 151
0.00022707499999974345 150
0.00022708700000073634 151
0.00022719500000079051 150
0.00022731500000006122 149
0.0002273270000010541 150
0.00022743500000110828 149
0.00022744299999999384 150
0.0002274470000003248 151
0.00022755500000037898 150
0.00022767499999964969 149
0.00022779500000069675 148
0.00022791499999996745 147
0.00022792700000096033 148
0.0002280350000010145 147
0.00022804700000023104 148
0.0002281550000002852 147
0.00022827500000133227 146
0.0002282870000005488 147
0.00022839500000060298 146
0.00022851499999987368 145
0.00022858500000033644 146
0.00022863500000092074 145
0.00022875500000019144 144
0.00022876700000118433 145
0.0002288750000012385 144
0.0002289950000005092 143
0.0002291149999997799 142
0.0002291270000007728 143
0.00022923500000082697 142
0.00022935500000009768 141
0.00022947500000114474 140
0.00022954499999983113 141
0.00022959500000041544 140
0.00022971499999968614 139
0.00022972700000067903 140
0.0002298350000007332 139
0.00022984699999994973 140
0.0002299550000000039 139
0.0002299670000009968 140
0.00023007500000105097 139
0.00023019500000032167 138
0.00023020700000131455 139
0.00023031500000136873 138
0.00023038500000005513 139
0.00023043500000063943 138
0.00023044699999985596 139
0.00023055499999991014 138
0.00023056700000090302 139
0.0002306750000009572 138
0.00023074500000141995 139
0.0002307950000002279 138
0.00023080700000122079 139
0.00023091500000127496 138
0.00023103500000054566 137
0.00023115499999981637 136
0.00023127500000086343 135
0.00023139500000013413 134
0.0002315150000011812 133
0.0002316350000004519 132
0.00023164699999966842 133
0.00023170500000091465 134
0.0002317549999997226 133
0.00023187500000076966 132
0.0002318869999999862 133
0.00023199500000004036 132
0.00023200300000070229 133
0.00023211500000108742 132
0.00023223500000035813 131
0.000232247000001351 132
0.0002323550000014052 131
0.0002324750000006759 130
0.00023248699999989242 131
0.0002325949999999466 130
0.00023271500000099365 129
0.00023272700000021018 130
0.00023283500000026436 129
0.00023295500000131142 128
0.00023302499999999782 129
0.00023307500000058212 128
0.00023308699999979865 129
0.00023319499999985283 128
0.00023331500000089989 127
0.0002333270000001164 128
0.0002334350000001706 127
0.00023355500000121765 126
0.00023356700000043418 127
0.00023367500000048835 126
0.00023379499999975906 125
0.00023391500000080612 124
0.00023392700000002264 125
0.00023398500000126887 126
0.00023403500000007682 125
0.0002340470000010697 126
0.00023415500000112388 125
0.00023416300000000945 126
0.00023427500000039458 125
0.0002343949999996653 124
0.00023451500000071235 123
0.00023452699999992888 124
0.0002345850000011751 125
0.00023463499999998305 124
0.0002347550000010301 123
0.00023476700000024664 124
0.00023487500000030082 123
0.00023499500000134788 122
0.00023506500000003427 123
0.00023511500000061858 122
0.0002351269999998351 123
0.00023523499999988928 122
0.00023524700000088217 123
0.00023535500000093634 122
0.00023536700000015287 123
0.00023547500000020705 122
0.0002355950000012541 121
0.00023560700000047063 122
0.0002357150000005248 121
0.00023572699999974134 122
0.00023583499999979551 121
0.00023595500000084257 120
0.0002359670000000591 121
0.00023607500000011328 120
0.00023608700000110616 121
0.00023619500000116034 120
0.00023631500000043104 119
0.00023632700000142393 120
0.0002363850000008938 121
0.00023643499999970174 120
0.0002365550000007488 119
0.00023656699999996533 120
0.0002366750000000195 119
0.00023679500000106657 118
0.0002368070000002831 119
0.00023691500000033727 118
0.00023703500000138433 117
0.00023710500000007073 118
0.00023715500000065504 117
0.00023727499999992574 116
0.0002373950000009728 115
0.00023740700000018933 116
0.0002375150000002435 115
0.00023763500000129056 114
0.0002376470000005071 115
0.00023775500000056127 114
0.0002377669999997778 115
0.00023787499999983197 114
0.00023788700000082486 115
0.00023799500000087903 114
0.00023800700000009556 115
0.0002380650000013418 116
0.00023811500000014973 115
0.00023812700000114262 116
0.0002382350000011968 115
0.00023824700000041332 116
0.0002383550000004675 115
0.00023836699999968403 116
0.0002384749999997382 115
0.00023848700000073109 116
0.00023854500000020096 117
0.00023859500000078526 116
0.0002386070000000018 117
0.00023871500000005597 116
0.00023872700000104885 117
0.00023883500000110303 116
0.00023895500000037373 115
0.00023896700000136661 116
0.0002390750000014208 115
0.0002391950000006915 114
0.00023920699999990802 115
0.0002393149999999622 114
0.00023932700000095508 115
0.00023943500000100926 114
0.00023944700000022578 115
0.00023955500000027996 114
0.00023967500000132702 113
0.00023968700000054355 114
0.00023979500000059772 113
0.00023980699999981425 114
0.00023991499999986843 113
0.0002399270000008613 114
0.0002400350000009155 113
0.00024004700000013202 114
0.0002401550000001862 113
0.00024016700000117908 114
0.00024027500000123325 113
0.00024028700000044978 114
0.00024039500000050396 113
0.00024040699999972048 114
0.00024051499999977466 113
0.00024063500000082172 112
0.00024075500000009242 111
0.0002407670000010853 112
0.00024087500000113948 111
0.0002409950000004102 110
0.0002411149999996809 109
0.00024112700000067377 110
0.00024123500000072795 109
0.00024124699999994448 110
0.00024135499999999865 109
0.00024136700000099154 110
0.00024147500000104571 109
0.00024148700000026224 110
0.00024159500000031642 109
0.0002416070000013093 110
0.00024171500000136348 109
0.00024172700000058 110
0.00024183500000063418 109
0.0002418469999998507 110
0.00024195499999990489 109
0.00024196700000089777 110
0.00024202500000036764 111
0.00024207500000095195 110
0.00024208700000016847 111
0.00024219500000022265 110
0.00024220700000121553 111
0.0002423150000012697 110
0.00024232700000048624 111
0.0002424350000005404 110
0.00024244699999975694 111
0.00024255499999981112 110
0.000242567000000804 111
0.00024267500000085818 110
0.0002426870000000747 111
0.00024279500000012888 110
0.00024280700000112176 111
0.00024291500000117594 110
0.00024292700000039247 111
0.00024303500000044664 110
0.00024315499999971735 109
0.00024316700000071023 110
0.0002432750000007644 109
0.00024328699999998094 110
0.0002433950000000351 109
0.000243407000001028 110
0.00024351500000108217 109
0.0002435270000002987 110
0.00024363500000035287 109
0.00024364700000134576 110
0.00024375500000139994 109
0.00024376700000061646 110
0.00024387500000067064 109
0.00024388699999988717 110
0.00024399499999994134 109
0.00024400700000093423 110
0.0002441150000009884 109
0.00024412700000020493 110
0.0002442350000002591 109
0.00024435500000130617 108
0.0002443670000005227 109
0.00024447500000057687 108
0.0002445949999998476 107
0.00024460700000084046 108
0.00024471500000089463 107
0.00024472700000011116 108
0.00024483500000016534 107
0.0002448470000011582 108
0.0002449550000012124 107
0.0002449670000004289 108
0.0002450750000004831 107
0.00024508699999969963 108
0.0002451949999997538 107
0.0002452070000007467 108
0.00024531500000080086 107
0.0002453270000000174 108
0.00024543500000007157 107
0.00024544700000106445 108
0.00024555500000111863 107
0.00024556700000033516 108
0.00024567500000038933 107
0.00024579499999966004 106
0.0002458070000006529 107
0.0002459150000007071 106
0.0002459269999999236 107
0.0002460349999999778 106
0.0002460470000009707 107
0.00024615500000102486 106
0.0002461670000002414 107
0.00024627500000029556 106
0.0002462830000009575 107
0.00024628700000128845 108
0.0002463950000013426 107
0.00024640700000055915 108
0.0002465150000006133 107
0.00024652699999982985 108
0.00024663499999988403 107
0.0002467550000009311 106
0.00024682500000139385 107
0.0002468750000002018 106
0.0002468830000008637 107
0.00024699500000124885 106
0.00024711500000051956 105
0.00024723499999979026 104
0.0002473550000008373 103
0.000247475000000108 102
0.0002474870000011009 103
0.0002475950000011551 102
0.0002477150000004258 101
0.0002478349999996965 100
0.00024790500000015925 101
0.00024795500000074355 100
0.00024807500000001426 99
0.0002481950000010613 98
0.000248315000000332 97
0.0002484350000013791 96
0.0002485550000006498 95
0.0002486749999999205 94
0.00024868700000091337 95
0.00024879500000096755 94
0.00024891500000023825 93
0.000248985000000701 94
0.0002490350000012853 93
0.000249155000000556 92
0.0002492749999998267 91
0.0002493030000003671 92
0.0002493950000008738 91
0.0002495150000001445 90
0.00024952700000113737 91
0.00024963500000119154 90
0.00024964700000040807 91
0.00024975500000046225 90
0.00024987499999973295 89
0.00024999500000078 88
0.0002501150000000507 87
0.0002502350000010978 86
0.0002503550000003685 85
0.00025047500000141554 84
0.00025059500000068624 83
0.00025071499999995694 82
0.00025072300000061887 83
0.000250835000001004 82
0.0002509550000002747 81
0.00025107500000132177 80
0.0002510870000005383 81
0.00025119500000059247 80
0.0002512750000001063 81
0.0002513149999998632 80
0.00025132700000085606 81
0.00025143500000091024 80
0.00025155500000018094 79
0.000251675000001228 78
0.0002517950000004987 77
0.0002519149999997694 76
0.0002519270000007623 77
0.00025203500000081647 76
0.00025204299999970203 77
0.00025215500000008717 76
0.00025216700000108005 77
0.0002522250000005499 78
0.00025227500000113423 77
0.00025239500000040493 76
0.0002524070000013978 77
0.00025251499999967564 76
0.0002525850000001384 77
0.0002526350000007227 76
0.0002526469999999392 77
0.0002527549999999934 76
0.0002527670000009863 77
0.00025287500000104046 76
0.000252887000000257 77
0.00025294499999972686 78
0.00025299500000031117 77
0.00025300700000130405 78
0.0002531150000013582 77
0.00025323500000062893 76
0.00025324699999984546 77
0.00025335499999989963 76
0.0002533670000008925 77
0.0002534750000009467 76
0.0002534870000001632 77
0.0002535950000002174 76
0.00025366500000068015 77
0.00025371500000126446 76
0.00025383500000053516 75
0.0002538469999997517 76
0.00025395499999980586 75
0.00025396700000079875 76
0.0002540750000008529 75
0.00025419500000012363 74
0.0002542070000011165 75
0.0002542650000005864 76
0.0002543150000011707 75
0.0002543270000003872 76
0.0002544350000004414 75
0.0002545549999997121 74
0.000254567000000705 75
0.00025467500000075916 74
0.0002547450000012219 75
0.00025479500000002986 74
0.0002549150000010769 73
0.00025492700000029345 74
0.0002549849999997633 75
0.0002550350000003476 74
0.0002551550000013947 73
0.0002552750000006654 72
0.0002552869999998819 73
0.0002553949999999361 72
0.00025551500000098315 71
0.00025563500000025385 70
0.0002557550000013009 69
0.0002558750000005716 68
0.0002559949999998423 67
0.0002560070000008352 68
0.0002560650000003051 69
0.0002561150000008894 68
0.0002562350000001601 67
0.00025635500000120715 66
0.00025636700000042367 67
0.00025647500000047785 66
0.00025659499999974855 65
0.00025660700000074144 66
0.0002567150000007956 65
0.0002568350000000663 64
0.0002568470000010592 65
0.0002569550000011134 64
0.0002570750000003841 63
0.00025714500000084684 64
0.0002571949999996548 63
0.00025731500000070184 62
0.00025732699999991837 63
0.00025743499999997255 62
0.0002575550000010196 61
0.0002576750000002903 60
0.0002576870000012832 61
0.00025774500000075307 62
0.00025779500000133737 61
0.0002579150000006081 60
0.0002580349999998788 59
0.00025804700000087166 60
0.00025815500000092584 59
0.00025827500000019654 58
0.0002582870000011894 59
0.0002583950000012436 58
0.0002585150000005143 57
0.000258634999999785 56
0.0002586470000007779 57
0.00025875500000083207 56
0.0002588750000001028 55
0.00025899500000114983 54
0.00025900700000036636 55
0.00025911500000042054 54
0.00025923499999969124 53
0.0002592470000006841 54
0.0002593550000007383 53
0.000259475000000009 52
0.00025959500000105606 51
0.00025971500000032677 50
0.00025972700000131965 51
0.00025983500000137383 50
0.00025984700000059036 51
0.00025995500000064453 50
0.00026007499999991524 49
0.0002600870000009081 50
0.0002601950000009623 49
0.000260315000000233 48
0.0002603270000012259 49
0.00026043500000128006 48
0.0002604470000004966 49
0.00026050499999996646 50
0.00026055500000055076 49
0.0002605669999997673 50
0.00026067499999982147 49
0.00026068700000081435 50
0.0002607950000008685 49
0.00026080700000008505 50
0.00026091500000013923 49
0.0002610350000011863 48
0.000261155000000457 47
0.0002611669999996735 48
0.0002612749999997277 47
0.0002612870000007206 48
0.00026139500000077476 47
0.00026151500000004546 46
0.00026152700000103835 47
0.0002616350000010925 46
0.0002617550000003632 45
0.0002617670000013561 46
0.0002618750000014103 45
0.00026188300000029585 46
0.0002618870000006268 47
0.000261995000000681 46
0.0002620069999998975 47
0.0002621149999999517 46
0.0002621270000009446 47
0.00026223500000099875 46
0.0002622470000002153 47
0.00026235500000026946 46
0.00026236700000126234 47
0.0002624750000013165 46
0.0002624830000002021 47
0.0002625950000005872 46
0.0002627149999998579 45
0.0002627270000008508 46
0.000262835000000905 45
0.0002628470000001215 46
0.0002629550000001757 45
0.00026307500000122275 44
0.0002630870000004393 45
0.00026319500000049345 44
0.00026320699999971 45
0.00026331499999976415 44
0.00026332700000075704 45
0.0002634350000008112 44
0.0002634429999996968 45
0.00026344700000002774 46
0.0002635550000000819 45
0.0002635670000010748 46
0.000263675000001129 45
0.0002637950000003997 44
0.00026380700000139257 45
0.0002639149999996704 44
0.00026392700000066327 45
0.00026403500000071745 44
0.00026404300000137937 45
0.000264046999999934 46
0.00026415499999998815 45
0.00026416700000098103 46
0.0002642750000010352 45
0.00026428700000025174 46
0.0002643950000003059 45
0.0002644070000012988 46
0.000264515000001353 45
0.0002645270000005695 46
0.0002646350000006237 45
0.0002646469999998402 46
0.0002647549999998944 45
0.00026476700000088726 46
0.00026482500000035714 47
0.00026487500000094144 46
0.00026488700000015797 47
0.00026499500000021214 46
0.00026500700000120503 47
0.0002651150000012592 46
0.00026512700000047573 47
0.0002651849999999456 48
0.0002652350000005299 47
0.00026524699999974644 48
0.0002653549999998006 47
0.0002653670000007935 48
0.00026542500000026337 49
0.00026547500000084767 48
0.0002654870000000642 49
0.0002655950000001184 48
0.00026560700000111126 49
0.00026571500000116544 48
0.00026572700000038196 49
0.00026583500000043614 48
0.00026584699999965267 49
0.00026595499999970684 48
0.0002659670000006997 49
0.0002660750000007539 48
0.00026608699999997043 49
0.0002661950000000246 48
0.0002662070000010175 49
0.00026631500000107167 48
0.0002663270000002882 49
0.00026643500000034237 48
0.00026644700000133525 49
0.00026655500000138943 48
0.00026656700000060596 49
0.00026667500000066013 48
0.00026668699999987666 49
0.0002667450000011229 50
0.00026679499999993084 49
0.0002669150000009779 48
0.0002669270000001944 49
0.0002669849999996643 50
0.0002670350000002486 49
0.00026715500000129566 48
0.0002671670000005122 49
0.00026727500000056637 48
0.00026739499999983707 47
0.0002674650000002998 48
0.00026751500000088413 47
0.00026752700000010066 48
0.00026763500000015483 47
0.0002677550000012019 46
0.0002677670000004184 47
0.0002678750000004726 46
0.0002679949999997433 45
0.0002680070000007362 46
0.00026806500000020606 47
0.00026811500000079036 46
0.00026823500000006106 45
0.00026824700000105395 46
0.0002683550000011081 45
0.00026847500000037883 44
0.0002684870000013717 45
0.0002685450000008416 46
0.00026859499999964953 45
0.0002687150000006966 44
0.0002687269999999131 45
0.0002688349999999673 44
0.00026890500000043005 45
0.00026895500000101435 44
0.00026907500000028506 43
0.00026908700000127794 44
0.0002691450000007478 45
0.0002691950000013321 44
0.0002693150000006028 43
0.00026932699999981935 44
0.0002694349999998735 43
0.0002695050000003363 44
0.0002695550000009206 43
0.0002695670000001371 44
0.0002696750000001913 43
0.0002696870000011842 44
0.00026979500000123835 43
0.0002698070000004549 44
0.00026991500000050905 43
0.0002699850000009718 44
0.00027003499999977976 43
0.00027004700000077264 44
0.0002701550000008268 43
0.0002701629999997124 44
0.00027016700000004334 45
0.0002702750000000975 44
0.0002702870000010904 45
0.0002703450000005603 46
0.0002703950000011446 45
0.0002704070000003611 46
0.0002705150000004153 45
0.000270634999999686 44
0.00027064700000067887 45
0.00027075500000073305 44
0.0002707669999999496 45
0.00027087500000000375 44
0.0002708830000006657 45
0.00027088700000099664 46
0.0002709950000010508 45
0.0002711150000003215 44
0.0002711270000013144 45
0.0002712350000013686 44
0.0002712470000005851 45
0.0002713550000006393 44
0.00027147499999991 43
0.00027148700000090287 44
0.00027159500000095704 43
0.0002716029999998426 44
0.0002716650000014198 45
0.00027171500000022775 44
0.00027172700000122063 45
0.0002718350000012748 44
0.00027184700000049133 45
0.0002719550000005455 44
0.0002720749999998162 43
0.0002720870000008091 44
0.0002721950000008633 43
0.00027220299999974884 44
0.0002722070000000798 45
0.000272315000000134 44
0.00027232700000112686 45
0.00027243500000118104 44
0.00027255500000045174 43
0.00027256699999966827 44
0.00027267499999972244 43
0.00027268700000071533 44
0.0002727950000007695 43
0.00027288100000077975 44
0.0002729150000000402 43
0.0002729270000010331 44
0.00027303500000108727 43
0.0002730470000003038 44
0.0002730590000012967 45
0.00027315500000035797 44
0.00027316700000135086 45
0.0002732410000003682 46
0.00027327500000140503 45
0.00027328700000062156 46
0.00027339500000067574 45
0.00027340699999989226 46
0.00027351499999994644 45
0.0002735270000009393 46
0.0002736350000009935 45
0.00027364700000021003 46
0.0002737550000002642 45
0.0002737670000012571 46
0.0002737790000004736 47
0.00027387500000131126 46
0.0002738870000005278 47
0.00027399500000058197 46
0.0002740069999997985 47
0.00027411499999985267 46
0.00027423500000089973 45
0.00027424700000011626 46
0.00027435500000017043 45
0.0002743670000011633 46
0.0002744750000012175 45
0.000274487000000434 46
0.00027449899999965055 47
0.00027456100000122774 48
0.0002745950000004882 47
0.0002746069999997047 48
0.0002747149999997589 47
0.0002747270000007518 48
0.00027483500000080596 47
0.0002748470000000225 48
0.00027495500000007667 47
0.00027496700000106955 48
0.0002750750000011237 47
0.00027509900000133314 48
0.00027519500000039443 47
0.0002752070000013873 48
0.0002752370000003168 49
0.00027531499999966513 48
0.000275327000000658 49
0.0002754350000007122 48
0.0002754469999999287 49
0.0002754770000006346 50
0.0002755549999999829 49
0.0002755670000009758 50
0.0002755969999999053 51
0.00027562700000061113 52
0.00027567500000102996 51
0.0002756870000002465 52
0.0002757770000005877 53
0.00027579500000030066 52
0.00027582300000084103 53
0.0002759150000013477 52
0.00027592700000056425 53
0.0002759550000011046 54
0.0002759570000012701 55
0.0002760350000006184 54
0.00027604699999983495 55
0.0002760770000005408 56
0.00027610700000124666 57
0.00027613700000017616 58
0.00027615499999988913 57
0.000276167000000882 58
0.0002761969999998115 59
0.0002762750000009362 58
0.0002762870000001527 59
0.00027631700000085857 60
0.0002763950000002069 59
0.0002764070000011998 60
0.0002764370000001293 61
0.00027646700000083513 62
0.00027651500000125395 61
0.00027654300000001797 62
0.00027663500000052466 61
0.0002766469999997412 62
0.00027667500000028156 63
0.00027667700000044704 64
0.00027675499999979536 63
0.00027676700000078824 64
0.00027679699999971774 65
0.0002768750000008424 64
0.00027688700000005895 65
0.0002769170000007648 66
0.0002769950000001131 65
0.000277007000001106 66
0.0002771150000011602 65
0.0002771429999999242 66
0.0002772350000004309 65
0.00027724700000142377 66
0.00027727700000035327 67
0.0002773549999997016 66
0.0002773670000006945 67
0.00027739700000140033 68
0.00027747500000074865 67
0.0002774869999999652 68
0.00027751700000067103 69
0.00027759500000001935 68
0.00027760700000101224 69
0.00027763699999994174 70
0.0002777150000010664 69
0.00027772700000028294 70
0.0002777570000009888 71
0.0002778350000003371 70
0.00027784700000133 71
0.0002778770000002595 72
0.00027790700000096535 73
0.0002779550000013842 72
0.0002779670000006007 73
0.0002780750000006549 72
0.00027810300000119526 73
0.00027814500000111764 74
0.0002781949999999256 73
0.00027820700000091847 74
0.00027823699999984797 75
0.00027831500000097265 74
0.0002783270000001892 75
0.00027835700000089503 76
0.0002783869999998245 77
0.00027843500000024335 76
0.00027844700000123623 77
0.00027847700000016573 78
0.0002785210000002536 79
0.0002785550000012904 78
0.0002786750000005611 77
0.00027868699999977764 78
0.0002787949999998318 77
0.0002788070000008247 78
0.0002788369999997542 79
0.00027885100000091256 80
0.00027886700000046005 81
0.0002789150000008789 80
0.00027894300000141925 81
0.0002790010000008891 82
0.0002790350000001496 81
0.00027904700000114246 82
0.00027907700000007196 83
0.00027915500000119664 82
0.00027916700000041317 83
0.000279197000001119 84
0.0002792270000000485 85
0.00027927500000046734 84
0.00027928699999968387 85
0.0002793170000003897 86
0.0002793610000004776 87
0.00027939499999973805 86
0.00027940700000073093 87
0.0002794389999998259 88
0.00027946900000053176 89
0.0002795150000007851 88
0.00027952700000000164 89
0.0002795570000007075 90
0.0002795710000000895 91
0.0002796350000000558 90
0.00027964300000071773 91
0.0002796470000010487 92
0.0002796769999999782 93
0.00027970700000068405 94
0.00027975500000110287 93
0.0002797670000003194 94
0.00027979700000102525 95
0.0002798750000003736 94
0.00027988700000136646 95
0.00027991700000029596 96
0.0002799470000010018 97
0.00027999500000142064 96
0.00028000700000063716 97
0.00028003899999973214 98
0.00028011500000069134 97
0.0002801430000012317 98
0.00028023499999996204 97
0.00028024300000062397 98
0.0002802630000005024 99
0.00028029300000120827 100
0.0002803550000010091 99
0.0002803829999997731 100
0.0002804249999996955 101
0.0002804750000002798 100
0.0002804870000012727 101
0.0002805170000002022 102
0.00028054700000090804 103
0.00028059500000132687 102
0.0002806230000000909 103
0.00028071500000059757 102
0.00028074300000113794 103
0.0002808010000006078 104
0.0002808349999998683 103
0.00028086300000040865 104
0.00028095500000091533 103
0.00028096700000013186 104
0.0002809990000010032 105
0.0002810289999999327 106
0.00028105900000063855 107
0.00028107500000018604 106
0.0002810890000013444 107
0.0002811190000002739 108
0.0002811950000012331 107
0.0002812070000004496 108
0.0002812370000011555 109
0.00028128100000124334 110
0.0002813150000005038 109
0.0002813430000010442 110
0.0002814349999997745 109
0.0002814470000007674 110
0.00028155500000082156 109
0.0002815670000000381 110
0.00028159700000074395 111
0.00028167500000009227 110
0.00028170300000063264 111
0.0002817470000007205 112
0.0002817610000001025 113
0.00028179500000113933 112
0.00028180700000035586 113
0.0002818390000012272 114
0.00028191500000041003 113
0.0002819430000009504 114
0.0002819729999998799 115
0.00028203499999968074 114
0.0002820470000006736 115
0.000282120999999691 116
0.0002821550000007278 115
0.00028218300000126817 116
0.00028221300000019767 117
0.0002822430000009035 118
0.0002822749999999985 117
0.0002822870000009914 118
0.0002823169999999209 119
0.00028236100000000874 120
0.00028239500000104556 119
0.0002824229999998096 120
0.00028246699999989744 121
0.00028251500000031626 120
0.00028252700000130915 121
0.00028255700000023865 122
0.0002826010000003265 123
0.0002826350000013633 122
0.00028264700000057985 123
0.0002826770000012857 124
0.000282755000000634 123
0.00028276699999985055 124
0.0002827970000005564 125
0.00028282700000126226 126
0.00028285700000019176 127
0.00028287499999990473 126
0.00028288300000056665 127
0.0002829030000004451 128
0.0002829950000009518 127
0.0002830070000001683 128
0.0002831150000002225 127
0.00028315900000031036 128
0.00028323500000126955 127
0.0002832470000004861 128
0.0002833210000012798 129
0.00028335500000054026 128
0.0002833669999997568 129
0.00028339700000046264 130
0.00028347499999981096 129
0.0002835189999998988 130
0.000283595000000858 129
0.0002836029999997436 130
0.00028360700000007455 131
0.00028369700000041576 132
0.0002837150000001287 131
0.0002837270000011216 132
0.0002838350000011758 131
0.0002838470000003923 132
0.00028387700000109817 133
0.00028392100000118603 134
0.00028395100000011553 135
0.0002839550000004465 134
0.00028398300000098686 135
0.00028401299999991636 136
0.0002840749999997172 135
0.0002840870000007101 136
0.00028411700000141593 137
0.0002841770000010513 138
0.00028419500000076425 137
0.0002842069999999808 138
0.00028431500000003496 137
0.00028432700000102784 138
0.00028435699999995734 139
0.000284435000001082 138
0.00028444700000029854 139
0.0002844770000010044 140
0.0002845069999999339 141
0.0002845550000003527 140
0.00028465699999991045 141
0.0002846750000013998 140
0.0002847030000001638 141
0.0002847950000006705 140
0.000284806999999887 141
0.0002849149999999412 140
0.00028492700000093407 141
0.00028495699999986357 142
0.0002850170000012753 143
0.00028503500000098825 142
0.0002850470000002048 143
0.00028515500000025895 142
0.0002851630000009209 143
0.0002851830000007993 144
0.0002852129999997288 145
0.0002852569999998167 146
0.000285275000001306 145
0.00028528700000052254 146
0.0002853950000005767 145
0.00028540699999979324 146
0.0002854370000004991 147
0.00028546700000120495 148
0.0002855149999998474 147
0.0002855270000008403 148
0.0002855569999997698 149
0.00028558700000047565 150
0.0002856350000008945 149
0.000285647000000111 150
0.00028567700000081686 151
0.0002857370000004522 152
0.0002857550000001652 151
0.0002857790000003746 152
0.00028587500000121224 151
0.00028588700000042877 152
0.0002859170000011346 153
0.00028599500000048295 152
0.0002860069999996995 153
0.00028611499999975365 152
0.000286143000000294 153
0.0002862350000008007 152
0.00028624700000001724 153
0.0002862770000007231 154
0.0002863550000000714 153
0.0002864750000011185 152
0.000286487000000335 153
0.0002864990000013279 154
0.00028651700000104086 155
0.0002865950000003892 154
0.00028660700000138206 155
0.00028663700000031156 156
0.0002867149999996599 155
0.00028672700000065277 156
0.0002867570000013586 157
0.0002867870000002881 158
0.00028683500000070694 157
0.00028684699999992347 158
0.0002868790000007948 159
0.00028695499999997764 158
0.00028696300000063957 159
0.00028696700000097053 160
0.0002869969999999 161
0.0002870270000006059 162
0.0002870750000010247 161
0.0002871029999997887 162
0.0002871950000002954 161
0.0002872070000012883 162
0.0002872370000002178 163
0.00028726700000092364 164
0.00028731500000134247 163
0.000287327000000559 164
0.00028735700000126485 165
0.00028743500000061317 164
0.0002874469999998297 165
0.00028747700000053555 166
0.0002875549999998839 165
0.00028756700000087676 166
0.00028767500000093094 165
0.00028768700000014746 166
0.0002877170000008533 167
0.00028779500000020164 166
0.000287823000000742 167
0.0002879150000012487 166
0.0002879430000000127 167
0.0002880350000005194 166
0.00028804699999973593 167
0.0002880590000007288 168
0.00028810500000098216 169
0.0002881549999997901 168
0.000288167000000783 169
0.0002881969999997125 170
0.00028822700000041834 171
0.00028827500000083717 170
0.0002882870000000537 171
0.00028831900000092503 172
0.0002883610000008474 173
0.00028839500000010787 172
0.00028840700000110076 173
0.00028843900000019573 174
0.00028851500000115493 173
0.0002885590000012428 174
0.00028863500000042563 173
0.0002886470000014185 174
0.00028875499999969634 173
0.0002887670000006892 174
0.0002888750000007434 173
0.0002888869999999599 174
0.0002889950000000141 173
0.000289007000001007 174
0.00028906500000047686 175
0.00028911500000106116 174
0.0002891270000002777 175
0.00028923500000033187 174
0.00028924700000132475 175
0.0002893550000013789 174
0.00028936700000059545 175
0.00028947500000064963 174
0.00028959499999992033 173
0.0002896070000009132 174
0.0002897150000009674 173
0.0002898350000002381 172
0.000289847000001231 173
0.0002898590000004475 174
0.00028995500000128516 173
0.0002899670000005017 174
0.00029007500000055586 173
0.0002901610000005661 174
0.00029019499999982656 173
0.00029020700000081945 174
0.0002903150000008736 173
0.00029032700000009015 174
0.00029043500000014433 173
0.0002904470000011372 174
0.0002905550000011914 173
0.0002906750000004621 172
0.0002907949999997328 171
0.0002908070000007257 172
0.00029091500000077986 171
0.0002909269999999964 172
0.00029103500000005056 171
0.00029104700000104344 172
0.0002911210000000608 173
0.0002911550000010976 172
0.00029116700000031415 173
0.0002912750000003683 172
0.0002912870000013612 173
0.0002913950000014154 172
0.0002914070000006319 173
0.0002915150000006861 172
0.0002916349999999568 171
0.0002916470000009497 172
0.00029167699999987917 173
0.00029175500000100385 172
0.0002917670000002204 173
0.00029187500000027455 172
0.0002919950000013216 171
0.00029200700000053814 172
0.000292037000001244 173
0.0002921150000005923 172
0.00029212699999980885 173
0.000292234999999863 172
0.0002922470000008559 173
0.0002922769999997854 174
0.0002923550000009101 173
0.0002923670000001266 174
0.0002924750000001808 173
0.00029248700000117367 174
0.00029251700000010317 175
0.00029259500000122785 174
0.00029271500000049855 173
0.0002927430000010389 174
0.00029283499999976925 173
0.0002929550000008163 172
0.000293075000000087 171
0.0002931030000006274 172
0.0002931950000011341 171
0.0002932229999998981 172
0.0002933150000004048 171
0.00029334300000094515 172
0.0002934349999996755 171
0.00029355500000072254 170
0.00029367499999999325 169
0.0002937950000010403 168
0.0002938229999998043 169
0.000293915000000311 168
0.00029403500000135807 167
0.0002940630000001221 168
0.0002941550000006288 167
0.0002942749999998995 166
0.00029430300000043985 167
0.00029439500000094654 166
0.00029451500000021724 165
0.0002946350000012643 164
0.000294755000000535 163
0.0002948749999998057 162
0.0002949030000003461 163
0.00029499500000085277 162
0.0002951150000001235 161
0.00029514300000066385 162
0.00029523500000117053 161
0.00029535500000044124 160
0.0002953830000009816 161
0.0002954129999999111 162
0.00029547499999971194 161
0.000295595000000759 160
0.0002957150000000297 159
0.00029583500000107676 158
0.00029595500000034747 157
0.00029607500000139453 156
0.00029619500000066523 155
0.00029631499999993594 154
0.000296435000000983 153
0.0002965550000002537 152
0.00029667500000130076 151
0.00029679500000057146 150
0.000296806999999788 151
0.00029691499999984217 150
0.0002970350000008892 149
0.00029715500000015993 148
0.000297275000001207 147
0.0002973950000004777 146
0.0002975149999997484 145
0.00029763500000079546 144
0.00029775500000006616 143
0.0002978750000011132 142
0.0002979950000003839 141
0.00029811499999965463 140
0.0002982350000007017 139
0.0002983549999999724 138
0.00029842500000043515 139
0.00029847500000101945 138
0.00029859500000029016 137
0.0002987150000013372 136
0.0002988350000006079 135
0.0002989549999998786 134
0.0002990250000003414 135
0.0002990750000009257 134
0.0002990870000001422 135
0.0002991950000001964 134
0.00029931500000124345 133
0.00029943500000051415 132
0.0002994469999997307 133
0.00029955499999978485 132
0.00029956700000077774 133
0.0002996250000002476 134
0.0002996750000008319 133
0.0002997950000001026 132
0.0002998070000010955 133
0.0002999150000011497 132
0.0002999270000003662 133
0.0003000350000004204 132
0.00030004700000141327 133
0.0003001549999996911 132
0.00030027500000073815 131
0.00030039500000000885 130
0.00030040700000100173 131
0.0003004650000004716 132
0.0003005150000010559 131
0.00030052700000027244 132
0.0003006350000003266 131
0.0003006470000013195 132
0.0003007550000013737 131
0.0003007670000005902 132
0.0003008750000006444 131
0.0003008830000013063 132
0.0003009949999999151 131
0.00030100700000090796 132
0.00030111500000096214 131
0.00030118499999964854 132
0.00030123500000023284 131
0.00030124700000122573 132
0.0003013550000012799 131
0.0003014750000005506 130
0.0003015949999998213 129
0.00030171500000086837 128
0.0003017270000000849 129
0.0003018350000001391 128
0.00030195500000118614 127
0.0003019630000000717 128
0.00030196700000040266 129
0.00030207500000045684 128
0.00030219499999972754 127
0.00030220700000072043 128
0.0003023150000007746 127
0.0003024350000000453 126
0.00030250500000050806 127
0.00030255500000109237 126
0.0003025670000003089 127
0.00030267500000036307 126
0.00030268700000135595 127
0.00030279500000141013 126
0.00030291500000068083 125
0.00030303499999995154 124
0.0003031550000009986 123
0.0003031670000002151 124
0.000303224999999685 125
0.0003032750000002693 124
0.0003032870000012622 125
0.00030339500000131636 124
0.0003034070000005329 125
0.00030351500000058707 124
0.00030363499999985777 123
0.00030375500000090483 122
0.00030376700000012136 123
0.00030387500000017553 122
0.0003038870000011684 123
0.0003039950000012226 122
0.0003041150000004933 121
0.000304234999999764 120
0.0003042470000007569 121
0.00030435500000081106 120
0.00030447500000008176 119
0.00030448700000107465 120
0.0003045950000011288 119
0.0003046649999998152 120
0.00030471500000039953 119
0.00030483499999967023 118
0.0003048470000006631 119
0.0003049550000007173 118
0.000305074999999988 117
0.0003050830000006499 118
0.00030514500000045075 119
0.00030519500000103505 118
0.0003052070000002516 119
0.00030526499999972145 120
0.00030531500000030576 119
0.0003054350000013528 118
0.00030544700000056935 119
0.0003055550000006235 118
0.00030556699999984005 119
0.0003056749999998942 118
0.0003057950000009413 117
0.00030586500000140404 118
0.000305915000000212 117
0.0003059270000012049 118
0.00030603500000125905 117
0.00030615500000052975 116
0.0003061669999997463 117
0.00030627499999980046 116
0.0003063950000008475 115
0.0003065150000001182 114
0.0003066350000011653 113
0.0003066470000003818 114
0.0003067049999998517 115
0.000306755000000436 114
0.0003067630000010979 115
0.0003067669999996525 116
0.0003068749999997067 115
0.00030699500000075375 114
0.00030711500000002445 113
0.0003072350000010715 112
0.0003073049999997579 113
0.0003073550000003422 112
0.0003074750000013893 111
0.0003074870000006058 112
0.00030759500000066 111
0.0003077149999999307 110
0.0003077230000005926 111
0.00030783500000097774 110
0.00030784700000019427 111
0.00030790499999966414 112
0.00030795500000024845 111
0.00030796700000124133 112
0.0003080750000012955 111
0.0003081950000005662 110
0.00030820699999978274 111
0.0003083149999998369 110
0.00030838500000029967 111
0.000308435000000884 110
0.0003085550000001547 109
0.00030867500000120174 108
0.00030868700000041827 109
0.00030879500000047244 108
0.00030880300000113436 109
0.00030891499999974315 108
0.00030892700000073603 109
0.0003090350000007902 108
0.00030904700000000673 109
0.00030910500000125296 110
0.0003091550000000609 109
0.00030927500000110797 108
0.0003092870000003245 109
0.00030939500000037867 108
0.0003095149999996494 107
0.00030963500000069644 106
0.00030964699999991296 107
0.00030975499999996714 106
0.0003098750000010142 105
0.0003099950000002849 104
0.00031011500000133196 103
0.0003101270000005485 104
0.00031023500000060267 103
0.0003102469999998192 104
0.00031035499999987337 103
0.00031047500000092043 102
0.00031059500000019113 101
0.0003107150000012382 100
0.0003107270000004547 101
0.0003108350000005089 100
0.0003109549999997796 99
0.0003109630000004415 100
0.00031107500000082666 99
0.0003110870000000432 100
0.00031119500000009737 99
0.00031120700000109025 100
0.0003113150000011444 99
0.00031143500000041513 98
0.000311447000001408 99
0.00031155499999968583 98
0.0003116250000001486 99
0.0003116750000007329 98
0.0003117950000000036 97
0.00031191500000105066 96
0.0003119270000002672 97
0.00031203500000032136 96
0.0003121050000007841 97
0.0003121550000013684 96
0.00031216700000058495 97
0.0003122750000006391 96
0.00031239499999990983 95
0.0003124070000009027 96
0.0003125150000009569 95
0.0003126350000002276 94
0.00031275500000127465 93
0.0003127670000004912 94
0.00031287500000054536 93
0.00031299499999981606 92
0.00031300700000080894 93
0.0003131150000008631 92
0.0003132350000001338 91
0.0003132470000011267 92
0.0003133550000011809 91
0.0003133670000003974 92
0.0003134750000004516 91
0.0003134830000011135 92
0.0003134869999996681 93
0.00031354500000091434 94
0.0003135949999997223 93
0.0003136070000007152 94
0.00031371500000076935 93
0.00031383500000004005 92
0.0003139050000005028 93
0.0003139550000010871 92
0.00031396700000030364 93
0.0003140750000003578 92
0.0003141950000014049 91
0.0003142070000006214 92
0.0003142650000000913 93
0.0003143150000006756 92
0.0003144349999999463 91
0.00031444700000093917 92
0.00031455500000099335 91
0.00031467500000026405 90
0.0003147950000013111 89
0.00031480700000052764 90
0.0003149150000005818 89
0.00031492699999979834 90
0.0003150349999998525 89
0.0003151550000008996 88
0.0003151670000001161 89
0.00031522500000136233 90
0.0003152750000001703 89
0.00031528700000116316 90
0.00031539500000121734 89
0.00031540700000043387 90
0.00031551500000048804 89
0.00031552699999970457 90
0.00031563499999975875 89
0.00031564700000075163 90
0.0003157550000008058 89
0.00031576700000002234 90
0.0003158750000000765 89
0.00031599500000112357 88
0.0003161150000003943 87
0.00031612700000138716 88
0.00031618500000085703 89
0.000316234999999665 88
0.00031624700000065786 89
0.00031635500000071204 88
0.00031647499999998274 87
0.0003164870000009756 88
0.0003165950000010298 87
0.00031660700000024633 88
0.0003167150000003005 87
0.00031683500000134757 86
0.0003168470000005641 87
0.00031695500000061827 86
0.0003169669999998348 87
0.000317025000001081 88
0.000317074999999889 87
0.00031708700000088186 88
0.00031719500000093603 87
0.00031720700000015256 88
0.00031731500000020674 87
0.0003173270000011996 88
0.0003174350000012538 87
0.0003174470000004703 88
0.0003175550000005245 87
0.00031756699999974103 88
0.0003176749999997952 87
0.00031779500000084226 86
0.0003178070000000588 87
0.00031791500000011297 86
0.00031792700000110585 87
0.00031803500000116003 86
0.00031804700000037656 87
0.00031815500000043073 86
0.00031827499999970144 85
0.0003182870000006943 86
0.0003183950000007485 85
0.0003185150000000192 84
0.0003185270000010121 85
0.00031863500000106626 84
0.00031875500000033696 83
0.00031876700000132985 84
0.000318875000001384 83
0.00031888700000060055 84
0.0003189950000006547 83
0.00031900699999987125 84
0.00031911499999992543 83
0.0003191270000009183 84
0.0003192350000009725 83
0.000319247000000189 84
0.0003193550000002432 83
0.0003193670000012361 84
0.00031947500000129025 83
0.00031959500000056096 82
0.0003196069999997775 83
0.00031971499999983166 82
0.00031972700000082455 83
0.0003198350000008787 82
0.00031984700000009525 83
0.0003199550000001494 82
0.0003199670000011423 83
0.0003200750000011965 82
0.0003201950000004672 81
0.0003202069999996837 82
0.00032023700000038957 83
0.0003203149999997379 82
0.0003203270000007308 83
0.00032041600000098924 84
0.00032043500000078495 83
0.00032055500000005566 82
0.00032056700000104854 83
0.0003206750000011027 82
0.00032068700000031924 83
0.0003207170000010251 84
0.0003207950000003734 83
0.0003209150000014205 82
0.000320927000000637 83
0.00032095700000134286 84
0.0003210350000006912 83
0.0003210469999999077 84
0.0003211549999999619 83
0.00032116700000095477 84
0.00032127500000100895 83
0.0003212870000002255 84
0.00032139500000027965 83
0.0003215150000013267 82
0.0003216350000005974 81
0.0003216630000011378 82
0.0003217549999998681 81
0.0003217830000004085 82
0.0003218750000009152 81
0.0003219029999996792 82
0.0003219950000001859 81
0.00032211500000123294 80
0.00032214299999999696 81
0.00032223500000050365 80
0.00032235499999977435 79
0.0003224750000008214 78
0.0003225030000013618 79
0.0003225950000000921 78
0.000322607000001085 79
0.0003227150000011392 78
0.0003227429999999032 79
0.0003228350000004099 78
0.00032290500000087263 79
0.0003229549999996806 78
0.00032307500000072764 77
0.00032319499999999834 76
0.00032320700000099123 77
0.0003232369999999207 78
0.0003233150000010454 77
0.00032332299999993097 78
0.0003234350000003161 77
0.000323447000001309 78
0.00032355500000136317 77
0.0003235830000001272 78
0.00032367500000063387 77
0.0003236869999998504 78
0.0003237949999999046 77
0.0003238030000005665 78
0.00032380700000089746 79
0.00032391500000095164 78
0.00032394299999971565 79
0.00032403500000022234 78
0.0003240630000007627 79
0.0003241550000012694 78
0.0003242249999999558 79
0.0003242750000005401 78
0.00032428699999975663 79
0.0003243949999998108 78
0.00032451500000085787 77
0.0003245270000000744 78
0.00032463500000012857 77
0.00032475500000117563 76
0.00032482499999986203 77
0.00032487500000044633 76
0.00032499499999971704 75
0.0003251150000007641 74
0.0003251269999999806 75
0.00032518500000122685 76
0.0003252350000000348 75
0.0003252470000010277 76
0.00032535500000108186 75
0.00032547500000035257 74
0.0003255950000013996 73
0.00032560700000061615 74
0.000325665000000086 75
0.00032571500000067033 74
0.00032572300000133225 75
0.00032583499999994103 74
0.0003259550000009881 73
0.0003259670000002046 74
0.0003260249999996745 75
0.0003260750000002588 74
0.0003260870000012517 75
0.00032619500000130586 74
0.0003262070000005224 75
0.00032631500000057656 74
0.00032643499999984726 73
0.00032650500000031 74
0.0003265550000008943 73
0.00032656700000011085 74
0.00032667500000016503 73
0.0003267950000012121 72
0.0003268070000004286 73
0.0003269150000004828 72
0.0003270349999997535 71
0.00032715500000080056 70
0.00032727500000007126 69
0.0003272830000007332 70
0.0003273950000011183 69
0.00032740700000033485 70
0.0003274649999998047 71
0.000327515000000389 70
0.0003275270000013819 71
0.0003276349999996597 70
0.0003277550000007068 69
0.0003277669999999233 70
0.0003278749999999775 69
0.0003278870000009704 70
0.00032799500000102455 69
0.0003280070000002411 70
0.00032811500000029525 69
0.0003282350000013423 68
0.000328355000000613 67
0.00032836699999982955 68
0.0003284749999998837 67
0.0003285950000009308 66
0.00032866500000139354 67
0.0003287150000002015 66
0.00032883500000124855 65
0.00032895500000051925 64
0.00032907499999978995 63
0.00032908700000078284 64
0.000329195000000837 63
0.00032920700000005354 64
0.0003293150000001077 63
0.0003294350000011548 62
0.0003294470000003713 63
0.0003295550000004255 62
0.0003296749999996962 61
0.00032968700000068907 62
0.00032979500000074324 61
0.00032980699999995977 62
0.00032991500000001395 61
0.0003299850000004767 62
0.000330035000001061 61
0.00033004700000027754 62
0.0003301550000003317 61
0.0003301670000013246 62
0.00033022500000079447 63
0.00033027500000137877 62
0.0003302870000005953 63
0.0003303950000006495 62
0.000330406999999866 63
0.0003305149999999202 62
0.00033058500000038293 63
0.00033063500000096724 62
0.00033075500000023794 61
0.000330875000001285 60
0.00033088700000050153 61
0.0003309950000005557 60
0.0003311149999998264 59
0.00033118500000028916 60
0.00033123500000087347 59
0.00033124700000009 60
0.0003313550000001442 59
0.00033147500000119123 58
0.00033148700000040776 59
0.00033159500000046194 58
0.00033160699999967846 59
0.00033171499999973264 58
0.0003317270000007255 59
0.0003318350000007797 58
0.00033184699999999623 59
0.0003319550000000504 58
0.0003319670000010433 59
0.00033202500000051316 60
0.00033207500000109746 59
0.000332087000000314 60
0.00033219500000036817 59
0.00033231500000141523 58
0.00033243500000068593 57
0.00033255499999995664 56
0.0003325670000009495 57
0.0003326750000010037 56
0.0003327950000002744 55
0.0003328070000012673 56
0.00033291500000132146 55
0.000332927000000538 56
0.00033303500000059216 55
0.0003331210000006024 56
0.00033315499999986287 55
0.00033316700000085575 56
0.0003332750000009099 55
0.00033328700000012645 56
0.00033339500000018063 55
0.0003334070000011735 56
0.0003335150000012277 55
0.0003335270000004442 56
0.0003336350000004984 55
0.0003337549999997691 54
0.000333767000000762 55
0.00033387500000081616 54
0.0003338870000000327 55
0.00033399500000008686 54
0.00033400700000107975 55
0.0003341150000011339 54
0.00033412700000035045 55
0.0003342350000004046 54
0.0003342470000013975 55
0.00033435499999967533 54
0.0003343670000006682 55
0.0003344750000007224 54
0.0003345949999999931 53
0.000334607000000986 54
0.00033471500000104015 53
0.0003347270000002567 54
0.00033483500000031086 53
0.00033484700000130374 54
0.0003349550000013579 53
0.00033496700000057444 54
0.0003350750000006286 53
0.00033508699999984515 54
0.0003351949999998993 53
0.0003353150000009464 52
0.0003353270000001629 53
0.0003354350000002171 52
0.000335443000000879 53
0.00033544700000120997 54
0.00033555500000126415 53
0.00033567500000053485 52
0.0003356869999997514 53
0.00033579499999980555 52
0.00033580700000079844 53
0.0003359150000008526 52
0.0003359229999997382 53
0.0003360350000001233 52
0.0003360470000011162 53
0.0003361550000011704 52
0.0003362750000004411 51
0.0003363949999997118 50
0.00033640700000070467 51
0.00033651500000075885 50
0.00033663500000002955 49
0.00033664700000102243 50
0.0003367550000010766 49
0.0003368750000003473 48
0.0003368870000013402 49
0.0003369950000013944 48
0.0003371150000006651 47
0.0003371269999998816 48
0.0003372349999999358 47
0.00033735500000098284 46
0.00033736700000019937 47
0.00033747500000025354 46
0.00033748300000091547 47
0.0003375450000007163 48
0.0003375950000013006 47
0.00033760700000051713 48
0.0003377150000005713 47
0.00033772699999978784 48
0.000337834999999842 47
0.0003378470000008349 48
0.00033795500000088907 47
0.0003380750000001598 46
0.00033819500000120684 45
0.00033820700000042336 46
0.00033831500000047754 45
0.00033843499999974824 44
0.00033844300000041017 45
0.00033844700000074113 46
0.0003385550000007953 45
0.00033856700000001183 46
0.000338675000000066 45
0.0003386870000010589 46
0.00033879500000111307 45
0.00033886499999979947 46
0.00033891500000038377 45
0.0003390349999996545 44
0.00033904700000064736 45
0.00033915500000070153 44
0.00033916699999991806 45
0.0003392250000011643 46
0.00033927499999997224 45
0.0003393950000010193 44
0.0003394070000002358 45
0.0003394649999997057 46
0.00033951500000029 45
0.0003395270000012829 46
0.0003395570000002124 47
0.00033963500000133706 46
0.0003396470000005536 47
0.00033975500000060777 46
0.0003397669999998243 47
0.0003398250000010705 48
0.00033987499999987847 47
0.00033988700000087135 48
0.00033999500000092553 47
0.00034011500000019623 46
0.0003401270000011891 47
0.000340185000000659 48
0.0003402350000012433 47
0.0003402470000004598 48
0.000340355000000514 47
0.0003404749999997847 46
0.00034054500000024746 47
0.00034059500000083176 46
0.0003406070000000483 47
0.00034071500000010246 46
0.00034072700000109535 47
0.0003408350000011495 46
0.00034095500000042023 45
0.0003409670000014131 46
0.00034107499999969093 45
0.0003410870000006838 46
0.0003411450000001537 47
0.000341195000000738 46
0.0003412069999999545 47
0.0003413150000000087 46
0.00034143500000105576 45
0.0003414470000002723 46
0.00034155500000032646 45
0.00034156700000131934 46
0.0003416750000013735 45
0.0003417950000006442 44
0.00034180699999986075 45
0.000341865000001107 46
0.0003419149999999149 45
0.000342035000000962 44
0.0003420470000001785 45
0.0003421550000002327 44
0.0003421670000012256 45
0.00034227500000127975 44
0.00034239500000055045 43
0.00034251499999982116 42
0.00034252700000081404 43
0.0003425850000002839 44
0.0003426350000008682 43
0.0003427550000001389 42
0.000342875000001186 41
0.0003428870000004025 42
0.0003429449999998724 43
0.0003429950000004567 42
0.0003431149999997274 41
0.00034312700000072027 42
0.00034323500000077445 41
0.000343246999999991 42
0.0003433050000012372 43
0.00034335500000004515 42
0.0003434750000010922 41
0.00034348700000030874 42
0.0003435449999997786 43
0.0003435950000003629 42
0.00034371500000141 41
0.0003437270000006265 42
0.0003438350000006807 41
0.0003438469999998972 42
0.0003439549999999514 41
0.00034396700000094427 42
0.00034407500000099844 41
0.00034408700000021497 42
0.00034419500000026915 41
0.00034420700000126203 42
0.0003443150000013162 41
0.0003443850000000026 42
0.0003444350000005869 41
0.00034444699999980344 42
0.0003445549999998576 41
0.00034456300000051954 42
0.0003445670000008505 43
0.0003446750000009047 42
0.0003446870000001212 43
0.0003447950000001754 42
0.00034480700000116826 43
0.00034491500000122244 42
0.00034492700000043897 43
0.00034503500000049314 42
0.00034504300000115506 43
0.00034515499999976385 42
0.00034516700000075673 43
0.0003452750000008109 42
0.00034528700000002743 43
0.0003453950000000816 42
0.00034548100000009185 43
0.00034551500000112867 42
0.0003455270000003452 43
0.00034563500000039937 42
0.00034564700000139226 43
0.0003457549999996701 42
0.0003458409999996803 43
0.00034587500000071714 42
0.00034588300000137906 43
0.00034588699999993366 44
0.00034599499999998784 43
0.0003461150000010349 42
0.00034612700000025143 43
0.00034620100000104514 44
0.0003462350000003056 43
0.0003462470000012985 44
0.00034635500000135266 43
0.0003463670000005692 44
0.0003464410000013629 45
0.00034647500000062337 44
0.0003464869999998399 45
0.00034659499999989407 44
0.000346603000000556 45
0.00034660700000088696 46
0.00034671500000094113 45
0.00034672700000015766 46
0.00034683500000021183 45
0.0003469550000012589 44
0.0003469670000004754 45
0.0003470750000005296 44
0.0003470869999997461 45
0.0003471949999998003 44
0.0003472070000007932 45
0.00034728099999981055 46
0.00034731500000084736 45
0.0003473270000000639 46
0.00034735700000076974 47
0.00034743500000011807 46
0.0003474590000003275 47
0.00034746300000065844 48
0.0003475550000011651 47
0.00034756700000038165 48
0.0003475970000010875 49
0.00034767500000043583 48
0.00034768699999965236 49
0.0003477170000003582 50
0.00034779499999970653 49
0.0003478070000006994 50
0.00034783700000140527 51
0.0003479150000007536 50
0.0003479269999999701 51
0.000347939000000963 52
0.0003480350000000243 51
0.0003480470000010172 52
0.0003480769999999467 53
0.00034815500000107136 52
0.0003481670000002879 53
0.00034819700000099374 54
0.00034827500000034206 53
0.00034828700000133495 54
0.0003483769999998998 55
0.0003483950000013891 54
0.00034840700000060565 55
0.0003484370000013115 56
0.000348467000000241 57
0.0003485150000006598 56
0.00034852699999987635 57
0.0003485570000005822 58
0.00034863499999993053 57
0.0003486470000009234 58
0.0003487370000012646 59
0.0003487550000009776 58
0.0003487670000001941 59
0.000348779000001187 60
0.00034879700000089997 61
0.0003488750000002483 60
0.0003488870000012412 61
0.00034899500000129535 60
0.0003490070000005119 61
0.00034903700000121773 62
0.00034911500000056606 61
0.0003491269999997826 62
0.00034915700000048844 63
0.00034923499999983676 62
0.00034924700000082964 63
0.00034927699999975914 64
0.00034933700000117085 65
0.0003493550000008838 64
0.00034936700000010035 65
0.0003493970000008062 66
0.0003494269999997357 67
0.0003494750000001545 66
0.00034949900000036394 67
0.0003495030000006949 68
0.0003495450000006173 69
0.0003495950000012016 68
0.0003496070000004181 69
0.00034963700000112397 70
0.0003497150000004723 69
0.0003497269999996888 70
0.000349834999999743 69
0.0003498470000007359 70
0.00034987699999966537 71
0.0003499070000003712 72
0.00034995500000079005 71
0.0003499830000013304 72
0.00035007500000006075 71
0.00035008700000105364 72
0.00035011699999998314 73
0.000350147000000689 74
0.0003501950000011078 73
0.00035020700000032434 74
0.0003502370000010302 75
0.0003503150000003785 74
0.0003503270000013714 75
0.0003504349999996492 74
0.0003504470000006421 75
0.00035047700000134796 76
0.0003505550000006963 75
0.0003505669999999128 76
0.00035059700000061866 77
0.000350674999999967 76
0.00035068700000095987 77
0.00035071699999988937 78
0.0003507470000005952 79
0.00035079500000101405 78
0.00035082299999977806 79
0.00035091500000028475 78
0.0003509430000008251 79
0.0003510350000013318 78
0.00035104700000054834 79
0.0003510770000012542 80
0.0003511070000001837 81
0.0003511550000006025 80
0.00035116699999981904 81
0.0003511970000005249 82
0.0003512749999998732 81
0.0003512870000008661 82
0.0003513169999997956 83
0.00035134700000050145 84
0.0003513770000012073 85
0.0003513950000009203 84
0.0003514070000001368 85
0.00035143700000084266 86
0.000351515000000191 85
0.00035154300000073135 86
0.00035163500000123804 85
0.00035164700000045457 86
0.0003516770000011604 87
0.00035175500000050874 86
0.00035176699999972527 87
0.0003517970000004311 88
0.00035187499999977945 87
0.00035188700000077233 88
0.00035191699999970183 89
0.0003519470000004077 90
0.0003519950000008265 89
0.0003520230000013669 90
0.0003521150000000972 89
0.0003521270000010901 90
0.0003521570000000196 91
0.00035223500000114427 90
0.0003522470000003608 91
0.00035227700000106665 92
0.000352355000000415 91
0.0003523630000010769 92
0.0003524410000004252 93
0.0003524749999996857 92
0.00035248700000067856 93
0.0003525170000013844 94
0.0003525470000003139 95
0.00035259500000073274 94
0.0003526230000012731 95
0.00035271500000000344 94
0.0003527270000009963 95
0.0003527569999999258 96
0.0003528010000000137 97
0.0003528350000010505 96
0.0003529550000003212 95
0.00035296300000098313 96
0.0003529670000013141 97
0.0003529970000002436 98
0.00035302700000094944 99
0.00035305699999987894 100
0.00035307500000136827 99
0.0003530870000005848 100
0.00035311700000129065 101
0.00035319500000063897 100
0.00035322300000117934 101
0.0003532650000011017 102
0.0003533149999999097 101
0.00035332700000090256 102
0.00035343500000095673 101
0.00035344700000017326 102
0.0003534770000008791 103
0.00035355500000022744 102
0.0003535830000007678 103
0.0003536129999996973 104
0.00035364300000040316 105
0.000353673000001109 106
0.0003536750000012745 105
0.0003537030000000385 106
0.00035373300000074437 107
0.0003537950000005452 106
0.0003538030000012071 107
0.00035383900000063306 108
0.0003538690000013389 109
0.0003539149999998159 108
0.0003539270000008088 109
0.0003539569999997383 110
0.00035400099999982615 111
0.00035403500000086296 110
0.0003540470000000795 111
0.00035407700000078535 112
0.00035415500000013367 111
0.00035416700000112655 112
0.00035419700000005605 113
0.0003542410000001439 114
0.00035427500000118073 113
0.00035428700000039726 114
0.0003543170000011031 115
0.0003543470000000326 116
0.00035439500000045143 115
0.0003544390000005393 116
0.00035451499999972214 115
0.000354527000000715 116
0.0003545570000014209 117
0.00035458700000035037 118
0.0003546350000007692 117
0.0003546469999999857 118
0.0003546770000006916 119
0.00035470700000139743 120
0.0003547550000000399 119
0.0003547630000007018 120
0.0003547670000010328 121
0.0003547969999999623 122
0.00035484100000005014 123
0.00035487500000108696 122
0.0003548870000003035 123
0.0003549190000011748 124
0.00035499500000035766 123
0.00035502300000089804 124
0.0003551150000014047 123
0.00035512700000062125 124
0.0003551570000013271 125
0.00035523500000067543 124
0.00035524699999989195 125
0.00035535499999994613 124
0.000355367000000939 125
0.0003553969999998685 126
0.00035542700000057437 127
0.0003554570000012802 128
0.0003554750000009932 127
0.00035551900000108105 128
0.0003555950000002639 127
0.0003556070000012568 128
0.0003556370000001863 129
0.00035566700000089213 130
0.00035571500000131095 129
0.00035583500000058166 128
0.0003558430000012436 129
0.0003558469999997982 130
0.00035587700000050404 131
0.0003559070000012099 132
0.0003559370000001394 133
0.00035595499999985236 132
0.00035596700000084525 133
0.00035599699999977474 134
0.0003560270000004806 135
0.0003560750000008994 134
0.0003561190000009873 135
0.00035616100000090967 136
0.0003561950000001701 135
0.000356207000001163 136
0.0003562370000000925 137
0.0003563150000012172 136
0.0003563429999999812 137
0.00035637300000068706 138
0.0003564350000004879 137
0.0003564469999997044 138
0.00035647900000057575 139
0.0003565549999997586 138
0.0003565670000007515 139
0.000356596999999681 140
0.00035662700000038683 141
0.00035667500000080565 140
0.0003566870000000222 141
0.00035679500000007636 140
0.00035680700000106924 141
0.00035683699999999874 142
0.0003568670000007046 143
0.0003569150000011234 142
0.000356923000000009 143
0.00035692700000033994 144
0.0003569570000010458 145
0.0003569869999999753 146
0.00035701700000068115 147
0.0003570350000003941 146
0.0003570630000009345 147
0.0003571549999996648 146
0.0003571670000006577 147
0.00035719700000136356 148
0.00035722700000029306 149
0.0003572750000007119 148
0.0003573949999999826 147
0.00035740700000097547 148
0.00035743699999990497 149
0.00035751500000102965 148
0.0003575270000002462 149
0.00035755700000095203 150
0.00035758699999988153 151
0.00035763500000030035 150
0.00035764700000129324 151
0.00035767700000022273 152
0.0003577550000013474 151
0.00035776700000056394 152
0.0003577970000012698 153
0.0003578750000006181 152
0.00035794500000108087 153
0.0003579949999998888 152
0.0003580070000008817 153
0.0003580369999998112 154
0.0003581150000009359 153
0.0003581270000001524 154
0.00035815700000085826 155
0.0003582350000002066 154
0.00035826300000074696 155
0.0003583369999997643 156
0.00035835500000125364 155
0.00035836700000047017 156
0.00035847500000052435 155
0.0003584869999997409 156
0.00035851700000044673 157
0.00035859499999979505 156
0.0003587150000008421 155
0.0003587229999997277 156
0.0003587390000010515 157
0.0003587430000013825 158
0.0003588350000001128 157
0.0003588470000011057 158
0.0003588770000000352 159
0.00035890700000074105 160
0.0003589550000011599 159
0.0003589670000003764 160
0.0003590750000004306 159
0.00035910300000097095 160
0.0003591949999997013 159
0.00035920700000069417 160
0.00035931500000074834 159
0.00035932699999996487 160
0.0003593570000006707 161
0.00035943500000001904 160
0.0003594630000005594 161
0.0003595210000000293 162
0.0003595550000010661 161
0.00035956700000028263 162
0.0003595970000009885 163
0.0003596750000003368 162
0.0003597030000008772 163
0.00035979500000138387 162
0.0003598070000006004 163
0.0003598189999998169 164
0.00035983700000130625 165
0.00035991500000065457 164
0.0003599269999998711 165
0.0003600349999999253 164
0.00036004700000091816 165
0.00036010500000038803 166
0.00036015500000097234 165
0.00036016700000018886 166
0.00036027500000024304 165
0.0003602870000012359 166
0.0003603950000012901 165
0.0003604649999999765 166
0.0003605150000005608 165
0.00036052699999977733 166
0.0003606349999998315 165
0.0003606470000008244 166
0.00036075500000087857 165
0.0003608410000008888 166
0.00036087500000014927 165
0.00036088700000114216 166
0.000360945000000612 167
0.00036099500000119633 166
0.00036100700000041286 167
0.00036111500000046703 166
0.00036112699999968356 167
0.00036123499999973774 166
0.0003612470000007306 167
0.0003613550000007848 166
0.0003613670000000013 167
0.0003614750000000555 166
0.0003614870000010484 167
0.00036159500000110256 166
0.0003616070000003191 167
0.000361619000001312 168
0.00036171500000037327 167
0.00036172700000136615 168
0.0003618350000014203 167
0.00036195500000069103 166
0.00036196699999990756 167
0.00036207499999996173 166
0.0003620870000009546 167
0.0003621950000010088 166
0.0003622070000002253 167
0.0003622649999996952 168
0.0003623150000002795 167
0.0003623270000012724 168
0.00036243500000132656 167
0.0003624470000005431 168
0.0003624790000014144 169
0.00036255500000059726 168
0.00036267499999986796 167
0.00036268700000086085 168
0.000362795000000915 167
0.00036280700000013155 168
0.00036291500000018573 167
0.00036300100000019597 168
0.0003630350000012328 167
0.0003630470000004493 168
0.0003631550000005035 167
0.00036316699999972 168
0.0003632749999997742 167
0.0003632870000007671 168
0.00036339500000082126 167
0.00036351500000009196 166
0.00036352700000108484 167
0.00036355700000001434 168
0.000363635000001139 167
0.0003637550000004097 166
0.0003637670000014026 167
0.0003637970000003321 168
0.00036384100000041997 169
0.0003638749999996804 168
0.0003638870000006733 169
0.0003639950000007275 168
0.000364006999999944 169
0.00036403700000064987 170
0.0003641149999999982 169
0.0003641270000009911 170
0.00036423500000104525 169
0.0003642470000002618 170
0.00036427700000096763 171
0.00036435500000031595 170
0.00036436700000130884 171
0.000364475000001363 170
0.00036448700000057954 171
0.0003645170000012854 172
0.0003645950000006337 171
0.00036460699999985025 172
0.0003647149999999044 171
0.0003648350000009515 170
0.0003649550000002222 169
0.00036496700000121507 170
0.00036499700000014457 171
0.00036507500000126925 170
0.0003651610000012795 171
0.00036519500000053995 170
0.0003652230000010803 171
0.00036531499999981065 170
0.0003654350000008577 169
0.0003655550000001284 168
0.0003656750000011755 167
0.0003657029999999395 168
0.0003657950000004462 167
0.0003659149999997169 166
0.00036603500000076394 165
0.0003660630000013043 166
0.00036615500000003465 165
0.0003662750000010817 164
0.0003663950000003524 163
0.00036651500000139947 162
0.0003666350000006702 161
0.00036666300000121055 162
0.0003667549999999409 161
0.00036687500000098794 160
0.00036699500000025864 159
0.000367023000000799 160
0.0003671150000013057 159
0.00036712700000052223 160
0.0003672350000005764 159
0.0003672630000011168 160
0.0003673549999998471 159
0.00036747500000089417 158
0.0003675029999996582 159
0.0003675950000001649 158
0.00036771500000121193 157
0.00036783500000048264 156
0.00036795499999975334 155
0.0003680750000008004 154
0.0003681950000000711 153
0.00036831500000111816 152
0.00036843500000038887 151
0.00036855499999965957 150
0.00036867500000070663 149
0.0003687450000011694 150
0.00036879499999997734 149
0.0003689150000010244 148
0.0003690350000002951 147
0.00036915500000134216 146
0.00036927500000061286 145
0.00036939499999988357 144
0.0003695150000009306 143
0.0003695850000013934 144
0.00036963500000020133 143
0.0003697550000012484 142
0.0003698750000005191 141
0.0003699949999997898 140
0.00037011500000083686 139
0.0003701850000012996 140
0.00037023500000010756 139
0.0003703550000011546 138
0.0003704750000004253 137
0.00037059499999969603 136
0.0003707150000007431 135
0.0003708350000000138 134
0.00037095500000106085 133
0.00037107500000033156 132
0.0003711950000013786 131
0.0003713150000006493 130
0.00037143499999992 129
0.0003714470000009129 130
0.0003715050000003828 131
0.0003715550000009671 130
0.0003716750000002378 129
0.00037168700000123067 130
0.00037179500000128485 129
0.00037191500000055555 128
0.0003719230000012175 129
0.0003719269999997721 130
0.00037203499999982625 129
0.0003721550000008733 128
0.000372275000000144 127
0.0003723950000011911 126
0.0003724070000004076 127
0.0003724649999998775 128
0.0003725150000004618 127
0.0003726349999997325 126
0.00037275500000077955 125
0.00037287500000005025 124
0.00037288700000104313 125
0.0003729950000010973 124
0.00037300700000031384 125
0.0003730649999997837 126
0.000373115000000368 125
0.0003732350000014151 124
0.0003733550000006858 123
0.0003734749999999565 122
0.00037348700000094937 123
0.00037359500000100354 122
0.00037360700000022007 123
0.00037371500000027424 122
0.00037372700000126713 123
0.0003738350000013213 122
0.000373955000000592 121
0.0003740749999998627 120
0.00037408300000052463 121
0.00037419500000090977 120
0.0003742070000001263 121
0.0003743150000001805 120
0.00037443500000122754 119
0.00037444700000044406 120
0.00037455500000049824 119
0.00037467499999976894 118
0.0003747450000002317 119
0.000374795000000816 118
0.00037480700000003253 119
0.0003748370000007384 120
0.0003749150000000867 119
0.00037503500000113377 118
0.00037515500000040447 117
0.00037516700000139735 118
0.0003752749999996752 117
0.00037539500000072223 116
0.00037540699999993876 117
0.00037551499999999294 116
0.00037563500000104 115
0.0003757550000003107 114
0.0003757670000013036 115
0.00037587500000135776 114
0.0003758870000005743 115
0.00037594500000004416 116
0.00037599500000062847 115
0.000376006999999845 116
0.00037611499999989917 115
0.00037612700000089205 116
0.00037623500000094623 115
0.00037624700000016276 116
0.00037635500000021693 115
0.000376475000001264 114
0.0003765950000005347 113
0.0003766069999997512 114
0.0003767149999998054 113
0.0003767270000007983 114
0.00037683500000085246 113
0.000376842999999738 114
0.00037695500000012316 113
0.0003770750000011702 112
0.00037708700000038675 113
0.00037719500000044093 112
0.00037731499999971163 111
0.0003774350000007587 110
0.0003774469999999752 111
0.0003775550000000294 110
0.0003775670000010223 111
0.00037762500000049215 112
0.00037767500000107646 111
0.00037779500000034716 110
0.00037780700000134004 111
0.0003779150000013942 110
0.0003780350000006649 109
0.0003781549999999356 108
0.0003781670000009285 109
0.0003782750000009827 108
0.0003782870000001992 109
0.0003783950000002534 108
0.00037851500000130045 107
0.000378527000000517 108
0.00037863500000057115 107
0.0003787050000010339 108
0.00037875499999984186 107
0.00037876700000083474 108
0.0003788750000008889 107
0.00037888700000010544 108
0.0003789950000001596 107
0.0003791150000012067 106
0.0003792350000004774 105
0.0003792469999996939 106
0.0003793549999997481 105
0.00037936700000074097 106
0.00037947500000079515 105
0.00037959500000006585 104
0.0003797150000011129 103
0.00037972700000032944 104
0.0003798350000003836 103
0.0003798470000013765 104
0.0003799549999996543 103
0.0003799670000006472 104
0.0003800750000007014 103
0.0003801949999999721 102
0.000380203000000634 103
0.00038031500000101914 102
0.0003803229999999047 103
0.00038032700000023567 104
0.00038043500000028985 103
0.00038044700000128273 104
0.0003805550000013369 103
0.00038056700000055343 104
0.0003806750000006076 103
0.0003807949999998783 102
0.0003808070000008712 103
0.0003809150000009254 102
0.0003810350000001961 101
0.00038104700000118896 102
0.00038115500000124314 101
0.00038127500000051384 100
0.00038139499999978455 99
0.0003814650000002473 100
0.0003815150000008316 99
0.00038152700000004813 100
0.0003816350000001023 99
0.0003816470000010952 100
0.00038175500000114937 99
0.00038187500000042007 98
0.0003819949999996908 97
0.00038200700000068366 98
0.00038211500000073784 97
0.0003821850000012006 98
0.00038223500000000854 97
0.00038224300000067046 98
0.0003822470000010014 99
0.0003822790000000964 100
0.0003823550000010556 99
0.00038236700000027213 100
0.0003824750000003263 99
0.00038259500000137336 98
0.0003826070000005899 99
0.00038271500000064407 98
0.0003827269999998606 99
0.00038283499999991477 98
0.00038295500000096183 97
0.00038296700000017836 98
0.00038307500000023254 97
0.0003831950000012796 96
0.0003832070000004961 97
0.0003833150000005503 96
0.0003833269999997668 97
0.000383434999999821 96
0.00038355500000086806 95
0.0003835670000000846 96
0.00038367500000013877 95
0.0003837950000011858 94
0.00038380700000040235 95
0.00038391500000045653 94
0.00038403499999972723 93
0.00038410500000019 94
0.0003841550000007743 93
0.0003841669999999908 94
0.000384275000000045 93
0.00038439500000109206 92
0.0003844070000003086 93
0.00038451500000036276 92
0.0003845230000010247 93
0.00038452700000135565 94
0.0003846350000014098 93
0.0003847550000006805 92
0.00038487499999995123 91
0.0003849950000009983 90
0.0003850070000002148 91
0.000385115000000269 90
0.00038518500000073175 91
0.00038523500000131605 90
0.00038535500000058676 89
0.0003853669999998033 90
0.00038547499999985746 89
0.0003855450000003202 90
0.0003855950000009045 89
0.00038560700000012105 90
0.0003857150000001752 89
0.0003857270000011681 90
0.0003858350000012223 89
0.0003859049999999087 90
0.000385955000000493 89
0.0003859669999997095 90
0.0003860749999997637 89
0.00038614500000022645 90
0.00038619500000081075 89
0.00038631500000008145 88
0.00038632700000107434 89
0.0003864350000011285 88
0.00038644700000034504 89
0.0003865550000003992 88
0.0003866749999996699 87
0.0003866870000006628 88
0.000386795000000717 87
0.0003868069999999335 88
0.0003869149999999877 87
0.00038692700000098057 88
0.00038703500000103475 87
0.0003870470000002513 88
0.00038715500000030545 87
0.0003872750000013525 86
0.00038728700000056904 87
0.0003873950000006232 86
0.00038740699999983974 87
0.0003875149999998939 86
0.0003875270000008868 87
0.00038758500000035667 88
0.000387635000000941 87
0.0003877550000002117 86
0.00038776700000120456 87
0.00038787500000125874 86
0.00038788700000047527 87
0.00038799500000052944 86
0.00038811499999980015 85
0.00038812700000079303 86
0.0003882350000008472 85
0.00038824700000006374 86
0.00038830500000130996 87
0.0003883550000001179 86
0.00038847500000116497 85
0.0003884870000003815 86
0.0003885950000004357 85
0.0003887149999997064 84
0.00038872700000069926 85
0.00038883500000075344 84
0.00038884699999996997 85
0.00038895500000002414 84
0.000388967000001017 85
0.0003890750000010712 84
0.00038908700000028773 85
0.0003891950000003419 84
0.0003892070000013348 85
0.00038926500000080466 86
0.00038931500000138897 85
0.0003893270000006055 86
0.00038943500000065967 85
0.0003895549999999304 84
0.00038956700000092326 85
0.00038967500000097743 84
0.00038968700000019396 85
0.00038974400000135745 86
0.00038979500000024814 85
0.000389807000001241 86
0.0003899150000012952 85
0.0003899270000005117 86
0.0003900350000005659 85
0.0003901549999998366 84
0.00039016300000049853 85
0.0003901670000008295 86
0.00039027500000088367 85
0.0003902870000001002 86
0.00039039500000015437 85
0.00039040700000114725 86
0.00039051500000120143 85
0.00039052700000041796 86
0.00039063500000047213 85
0.00039064699999968866 86
0.00039075499999974284 85
0.0003908250000002056 86
0.0003908750000007899 85
0.0003908870000000064 86
0.0003909950000000606 85
0.0003910070000010535 86
0.00039111500000110766 85
0.0003911270000003242 86
0.00039123500000037836 85
0.00039124700000137125 86
0.00039135499999964907 85
0.00039136700000064195 86
0.00039147500000069613 85
0.00039148699999991265 86
0.00039159499999996683 85
0.0003916070000009597 86
0.0003917150000010139 85
0.0003918350000002846 84
0.0003918470000012775 85
0.00039190500000074735 86
0.00039195500000133165 85
0.0003919670000005482 86
0.00039202500000001805 87
0.00039207500000060236 86
0.0003920869999998189 87
0.0003921450000010651 88
0.00039219499999987306 87
0.00039220700000086595 88
0.0003923150000009201 87
0.00039232700000013665 88
0.0003923850000013829 89
0.0003924350000001908 88
0.0003924470000011837 89
0.0003925550000012379 88
0.0003925670000004544 89
0.0003926750000005086 88
0.0003926869999997251 89
0.0003927949999997793 88
0.0003928070000007722 89
0.00039291500000082635 88
0.0003929270000000429 89
0.0003929850000012891 90
0.00039303500000009706 89
0.00039304700000108994 90
0.0003931550000011441 89
0.00039316700000036064 90
0.0003932750000004148 89
0.0003933450000008776 90
0.0003933949999996855 89
0.0003934070000006784 90
0.0003935150000007326 89
0.00039354300000127296 90
0.0003936350000000033 89
0.00039375500000105035 88
0.00039387500000032105 87
0.0003939030000008614 88
0.0003939950000013681 87
0.00039400700000058464 88
0.0003941150000006388 87
0.00039418500000110157 88
0.0003942349999999095 87
0.0003943550000009566 86
0.0003943829999997206 87
0.0003944750000002273 86
0.00039459500000127434 85
0.00039471500000054505 84
0.00039483499999981575 83
0.0003949550000008628 82
0.0003950750000001335 81
0.0003951030000006739 82
0.0003951950000011806 81
0.0003953150000004513 80
0.000395434999999722 79
0.0003954430000003839 80
0.00039546300000026235 81
0.00039555500000076904 80
0.00039567500000003974 79
0.0003957950000010868 78
0.0003958229999998508 79
0.0003959150000003575 78
0.00039603500000140457 77
0.00039615500000067527 76
0.000396274999999946 75
0.00039639500000099304 74
0.00039651500000026374 73
0.0003966350000013108 72
0.0003967550000005815 71
0.0003967630000012434 72
0.0003968749999998522 71
0.00039699500000089927 70
0.00039711500000016997 69
0.00039712700000116286 70
0.00039723500000121703 69
0.00039735500000048773 68
0.00039747499999975844 67
0.0003975950000008055 66
0.0003977150000000762 65
0.00039783500000112326 64
0.0003978470000003398 65
0.00039795500000039397 64
0.00039807499999966467 63
0.00039819500000071173 62
0.00039831499999998243 61
0.0003983270000009753 62
0.0003984350000010295 61
0.00039844299999991506 62
0.0003985550000003002 61
0.0003985670000012931 62
0.00039867500000134726 61
0.00039879500000061796 60
0.0003988069999998345 61
0.00039891499999988866 60
0.00039892700000088155 61
0.0003990350000009357 60
0.00039904700000015225 61
0.0003991050000013985 62
0.00039915500000020643 61
0.0003991670000011993 62
0.0003992750000012535 61
0.0003993950000005242 60
0.0003994069999997407 61
0.0003995149999997949 60
0.0003995270000007878 61
0.00039963500000084196 60
0.0003996470000000585 61
0.00039975500000011266 60
0.00039976700000110554 61
0.0003998750000011597 60
0.0003999950000004304 59
0.0004000070000014233 60
0.0004001149999997011 59
0.000400127000000694 60
0.0004002350000007482 59
0.0004003550000000189 58
0.00040047500000106595 57
0.0004004870000002825 58
0.00040054499999975235 59
0.00040059500000033665 58
0.00040060700000132954 59
0.0004007150000013837 58
0.00040072700000060024 59
0.0004008350000006544 58
0.00040084699999987095 59
0.0004009549999999251 58
0.000400967000000918 59
0.0004010750000009722 58
0.0004011950000002429 57
0.00040120700000123577 58
0.00040131500000128995 57
0.0004013270000005065 58
0.00040143500000056065 57
0.0004014469999997772 58
0.0004015050000010234 59
0.00040155499999983135 58
0.0004016750000008784 57
0.0004017950000001491 56
0.000401807000001142 57
0.00040186500000061187 58
0.0004019150000011962 57
0.0004019270000004127 58
0.0004020350000004669 57
0.0004020469999996834 58
0.00040210500000092964 59
0.0004021549999997376 58
0.00040216700000073047 59
0.00040227500000078464 58
0.00040228700000000117 59
0.00040239500000005535 58
0.00040240700000104823 59
0.0004025150000011024 58
0.00040252700000031894 59
0.0004026350000003731 58
0.000402647000001366 59
0.00040275500000142017 58
0.0004027670000006367 59
0.0004028750000006909 58
0.0004028869999999074 59
0.0004029949999999616 58
0.00040311500000100864 57
0.0004031229999998942 58
0.00040312700000022517 59
0.00040323500000027934 58
0.0004032470000012722 59
0.0004033550000013264 58
0.0004034750000005971 57
0.00040348699999981363 58
0.0004035949999998678 57
0.0004036070000008607 58
0.00040371500000091487 57
0.0004038350000001856 56
0.00040384700000117846 57
0.00040390500000064833 58
0.00040395500000123263 57
0.00040407500000050334 56
0.00040408699999971986 57
0.00040419499999977404 56
0.0004042070000007669 57
0.0004043150000008211 56
0.0004044350000000918 55
0.0004044470000010847 56
0.00040455500000113886 55
0.00040467500000040957 54
0.00040468700000140245 55
0.00040479499999968027 54
0.00040480700000067316 55
0.00040491500000072733 54
0.00040492699999994386 55
0.0004050010000007376 56
0.00040503499999999804 55
0.0004051550000010451 54
0.0004051670000002616 55
0.0004052750000003158 54
0.0004052870000013087 55
0.00040539500000136286 54
0.0004054070000005794 55
0.00040551500000063356 54
0.0004055269999998501 55
0.00040563499999990427 54
0.00040564700000089715 55
0.0004057550000009513 54
0.00040587500000022203 53
0.0004058870000012149 54
0.0004059950000012691 53
0.0004060070000004856 54
0.0004061150000005398 53
0.0004061269999997563 54
0.0004062349999998105 53
0.00040630500000027325 54
0.00040635500000085756 53
0.00040647500000012826 52
0.0004065950000011753 51
0.00040660700000039185 52
0.000406715000000446 51
0.00040683499999971673 50
0.0004068470000007096 51
0.0004069550000007638 50
0.0004070750000000345 49
0.0004070870000010274 50
0.00040719500000108155 49
0.00040731500000035226 48
0.000407385000000815 49
0.0004074350000013993 48
0.00040744700000061584 49
0.00040755500000067 48
0.00040756699999988655 49
0.0004076250000011328 50
0.0004076749999999407 49
0.0004077950000009878 48
0.00040780299999987335 49
0.0004078649999996742 50
0.0004079150000002585 49
0.00040792700000125137 50
0.00040803500000130555 49
0.00040815500000057625 48
0.0004081630000012382 49
0.000408225000001039 50
0.00040827499999984695 49
0.00040828700000083984 50
0.000408395000000894 49
0.00040840700000011054 50
0.0004085150000001647 49
0.0004085270000011576 50
0.0004086350000012118 49
0.00040864300000009735 50
0.0004087550000004825 49
0.0004088749999997532 48
0.00040888700000074607 49
0.00040894500000021594 50
0.00040899500000080025 49
0.00040911500000007095 48
0.00040912700000106383 49
0.000409235000001118 48
0.00040924700000033454 49
0.0004093049999998044 50
0.0004093550000003887 49
0.0004093670000013816 50
0.0004094749999996594 49
0.0004095950000007065 48
0.000409606999999923 49
0.0004097149999999772 48
0.00040972700000097007 49
0.00040983500000102424 48
0.00040990499999971064 49
0.00040995500000029494 48
0.00040996700000128783 49
0.000410075000001342 48
0.0004101950000006127 47
0.00041020699999982924 48
0.0004103149999998834 47
0.00041040600000030736 48
0.00041043500000093047 47
0.0004105550000002012 46
0.00041056700000119406 47
0.00041067500000124824 46
0.00041079500000051894 45
0.00041080699999973547 46
0.00041091499999978964 45
0.0004110350000008367 44
0.00041104700000005323 45
0.0004111550000001074 44
0.0004111670000011003 45
0.00041127500000115447 44
0.00041139500000042517 43
0.0004115149999996959 42
0.00041152700000068876 43
0.0004115389999999053 44
0.00041163500000074293 43
0.00041164699999995946 44
0.0004117050000012057 45
0.00041175500000001364 44
0.0004118750000010607 43
0.0004118870000002772 44
0.0004119950000003314 43
0.0004120070000013243 44
0.00041211500000137846 43
0.000412127000000595 44
0.00041223500000064917 43
0.0004122469999998657 44
0.00041235499999991987 43
0.00041247500000096693 42
0.00041248700000018346 43
0.00041259500000023763 42
0.0004126070000012305 43
0.0004127150000012847 42
0.0004127849999999711 43
0.0004128350000005554 42
0.0004128430000012173 43
0.0004128469999997719 44
0.0004129549999998261 43
0.000412967000000819 44
0.00041307500000087316 43
0.00041319500000014386 42
0.00041320700000113675 43
0.0004133150000011909 42
0.00041332700000040745 43
0.00041343500000046163 42
0.00041344699999967816 43
0.00041355499999973233 42
0.0004136750000007794 41
0.0004136869999999959 42
0.00041374500000124215 43
0.0004137950000000501 42
0.000413807000001043 43
0.00041391500000109716 42
0.0004139270000003137 43
0.00041398499999978355 44
0.00041403500000036786 43
0.00041404700000136074 44
0.0004141550000014149 43
0.0004142750000006856 42
0.00041428699999990215 43
0.0004143450000011484 44
0.0004143949999999563 43
0.0004144070000009492 44
0.0004145150000010034 43
0.0004145270000002199 44
0.00041460100000101363 45
0.0004146350000002741 44
0.000414647000001267 45
0.00041475500000132115 44
0.0004147670000005377 45
0.00041487500000059185 44
0.0004148869999998084 45
0.00041499499999986256 44
0.00041500700000085544 45
0.0004151150000009096 44
0.00041512700000012615 45
0.0004152350000001803 44
0.0004153550000012274 43
0.0004153670000004439 44
0.0004154750000004981 43
0.0004154869999997146 44
0.0004155949999997688 43
0.00041560700000076167 44
0.00041568099999977903 45
0.00041571500000081585 44
0.0004157270000000324 45
0.00041573900000102526 46
0.00041583500000008655 45
0.00041584700000107944 46
0.0004159550000011336 45
0.00041596700000035014 46
0.00041602499999982 47
0.0004160750000004043 46
0.0004160870000013972 47
0.000416194999999675 46
0.0004162230000002154 47
0.0004163150000007221 46
0.0004163269999999386 47
0.00041635700000064446 48
0.0004164349999999928 47
0.0004164430000006547 48
0.00041655500000103984 47
0.00041658299999980386 48
0.0004166410000010501 49
0.00041667500000031055 48
0.00041668700000130343 49
0.00041671700000023293 50
0.0004167950000013576 49
0.0004168030000002432 50
0.0004168230000001216 51
0.00041688100000136785 52
0.0004169150000006283 51
0.00041692699999984484 52
0.0004169570000005507 53
0.000417034999999899 52
0.0004170470000008919 53
0.0004171550000009461 52
0.0004171670000001626 53
0.00041719700000086846 54
0.0004172410000009563 55
0.0004172750000002168 54
0.00041728700000120966 55
0.00041731700000013916 56
0.00041739500000126384 55
0.0004174030000001494 56
0.00041740700000048037 57
0.0004174370000011862 58
0.00041751500000053454 57
0.00041752699999975107 58
0.0004175570000004569 59
0.00041763499999980525 58
0.00041764700000079813 59
0.00041767699999972763 60
0.0004177550000008523 59
0.0004177830000013927 60
0.000417875000000123 59
0.00041788600000103315 60
0.00041791599999996265 61
0.0004179460000006685 62
0.00041797600000137436 63
0.00041799500000117007 62
0.0004180070000003866 63
0.00041803700000109245 64
0.0004181150000004408 63
0.0004181269999996573 64
0.0004182349999997115 63
0.00041824700000070436 64
0.0004182770000014102 65
0.00041835500000075854 64
0.00041836699999997506 65
0.0004183970000006809 66
0.0004184270000013868 67
0.00041847500000002924 66
0.0004185030000005696 67
0.0004185950000010763 66
0.00041860700000029283 67
0.0004186350000008332 68
0.0004186370000009987 69
0.000418715000000347 68
0.0004187270000013399 69
0.0004187570000002694 70
0.00041878700000097524 71
0.00041883500000139406 70
0.0004188470000006106 71
0.00041887700000131645 72
0.0004189210000014043 73
0.00041895500000066477 72
0.0004189669999998813 73
0.00041899700000058715 74
0.000419027000001293 75
0.00041907499999993547 74
0.00041908700000092836 75
0.00041919500000098253 74
0.00041920700000019906 75
0.0004192370000009049 76
0.00041931500000025324 75
0.00041933900000046265 76
0.000419385000000716 77
0.0004194350000013003 76
0.0004194470000005168 77
0.00041953700000085803 78
0.000419555000000571 77
0.0004195669999997875 78
0.0004195970000004934 79
0.0004196749999998417 78
0.0004196870000008346 79
0.0004196990000000511 80
0.00041979500000088876 79
0.0004198070000001053 80
0.00041983700000081114 81
0.00041991500000015947 80
0.00041992700000115235 81
0.00041995700000008185 82
0.0004200350000012065 81
0.00042004700000042305 82
0.0004200770000011289 83
0.0004201070000000584 84
0.00042013700000076426 85
0.00042015500000047723 84
0.00042016699999969376 85
0.0004201970000003996 86
0.00042027499999974793 85
0.0004202870000007408 86
0.00042029899999995735 87
0.0004203169999996703 88
0.000420395000000795 87
0.00042042300000133537 88
0.00042046500000125775 89
0.0004205150000000657 88
0.0004205270000010586 89
0.0004205569999999881 90
0.00042063500000111276 89
0.0004206470000003293 90
0.00042075500000038346 89
0.00042076700000137635 90
0.00042079700000030584 91
0.0004208410000003937 92
0.00042087499999965416 91
0.00042090300000019454 92
0.0004209450000001169 93
0.0004209950000007012 92
0.00042100699999991775 93
0.0004210370000006236 94
0.00042111499999997193 93
0.0004211270000009648 94
0.0004211569999998943 95
0.000421235000001019 94
0.000421262999999783 95
0.00042132100000102923 96
0.0004213550000002897 95
0.00042147500000133675 94
0.00042150300000010077 95
0.00042153100000064114 96
0.00042159500000060746 95
0.000421606999999824 96
0.00042163700000052984 97
0.0004216810000006177 98
0.00042171499999987816 97
0.00042174300000041853 98
0.0004218350000009252 97
0.00042186299999968924 98
0.00042192100000093546 99
0.0004219550000001959 98
0.0004219670000011888 99
0.0004219970000001183 100
0.000422075000001243 99
0.0004220870000004595 100
0.00042211700000116537 101
0.0004221950000005137 100
0.0004222069999997302 101
0.00042226500000097644 102
0.00042229499999990594 103
0.0004223149999997844 102
0.00042234300000032476 103
0.00042243500000083145 102
0.000422447000000048 103
0.00042247700000075383 104
0.00042255500000010215 103
0.00042258300000064253 104
0.0004226750000011492 103
0.00042268700000036574 104
0.0004227170000010716 105
0.0004227950000004199 104
0.0004228070000014128 105
0.0004228370000003423 106
0.0004229149999996906 105
0.000422943000000231 106
0.00042300099999970087 107
0.0004230350000007377 106
0.0004230469999999542 107
0.00042307700000066006 108
0.0004231070000013659 109
0.0004231550000000084 108
0.00042316700000100127 109
0.0004231949999997653 110
0.00042319699999993077 111
0.00042327500000105545 110
0.000423287000000272 111
0.0004233610000010657 112
0.00042339500000032615 111
0.0004234230000008665 112
0.0004235150000013732 111
0.00042352700000058974 112
0.0004235570000012956 113
0.0004236350000006439 112
0.00042364699999986044 113
0.0004236770000005663 114
0.0004237549999999146 113
0.00042384099999992486 114
0.0004238750000009617 113
0.0004238870000001782 114
0.00042391700000088406 115
0.0004239950000002324 114
0.00042400700000122526 115
0.00042403700000015476 116
0.0004240670000008606 117
0.00042411500000127944 116
0.00042412700000049597 117
0.00042423500000055014 116
0.00042424699999976667 117
0.00042435499999982085 116
0.00042436700000081373 117
0.0004244250000002836 118
0.0004244270000004491 119
0.0004244750000008679 118
0.00042449200000049814 119
0.000424522000001204 120
0.0004245950000001386 119
0.0004246070000011315 120
0.00042471500000118567 119
0.00042478499999987207 120
0.0004248350000004564 119
0.0004248469999996729 120
0.00042487700000037876 121
0.0004249549999997271 120
0.000424963000000389 121
0.00042496700000071996 122
0.00042499699999964946 123
0.0004250270000003553 124
0.00042507500000077414 123
0.00042508699999999067 124
0.0004251170000006965 125
0.0004251610000007844 126
0.00042519500000004484 125
0.0004252070000010377 126
0.0004253150000010919 125
0.00042532700000030843 126
0.0004253570000010143 127
0.0004253869999999438 128
0.0004254350000003626 127
0.0004254470000013555 128
0.00042555500000140967 127
0.00042556300000029523 128
0.0004255830000001737 129
0.00042561300000087954 130
0.00042567500000068037 129
0.00042570300000122074 130
0.00042573300000015024 131
0.0004257949999999511 130
0.00042580700000094396 131
0.00042583900000003894 132
0.00042591500000099813 131
0.00042592700000021466 132
0.0004259570000009205 133
0.00042598699999985 134
0.00042603500000026884 133
0.0004260470000012617 134
0.0004260770000001912 135
0.0004261070000008971 136
0.0004261550000013159 135
0.0004261670000005324 136
0.0004261970000012383 137
0.0004262270000001678 138
0.0004262750000005866 137
0.00042628699999980313 138
0.00042631900000067446 139
0.0004263949999998573 138
0.0004264070000008502 139
0.0004264369999997797 140
0.00042646700000048554 141
0.00042651500000090437 140
0.0004265429999996684 141
0.00042657300000037424 142
0.00042663500000017507 141
0.00042664700000116795 142
0.00042675500000122213 141
0.00042676700000043866 142
0.0004267970000011445 143
0.000426827000000074 144
0.00042685700000077986 145
0.00042687500000049283 144
0.00042688300000115476 145
0.0004269030000010332 146
0.0004269329999999627 147
0.00042699499999976354 146
0.0004270070000007564 147
0.0004270369999996859 148
0.0004271150000008106 147
0.0004271270000000271 148
0.000427157000000733 149
0.0004272350000000813 148
0.0004272630000006217 149
0.00042735500000112836 148
0.0004273670000003449 149
0.0004273990000012162 150
0.00042747500000039906 149
0.00042748700000139195 150
0.00042751700000032145 151
0.00042759499999966977 150
0.0004276650000001325 151
0.00042771500000071683 150
0.00042772699999993335 151
0.0004277570000006392 152
0.00042778700000134506 153
0.00042783499999998753 152
0.0004278470000009804 153
0.0004278769999999099 154
0.0004279550000010346 153
0.0004279670000002511 154
0.000427997000000957 155
0.00042802699999988647 156
0.0004280570000005923 157
0.0004280750000003053 156
0.0004280870000012982 157
0.0004281170000002277 158
0.00042819500000135235 157
0.0004282070000005689 158
0.00042823700000127474 159
0.00042826700000020423 160
0.0004282970000009101 161
0.00042831500000062306 160
0.0004283269999998396 161
0.00042835700000054544 162
0.00042841800000026353 163
0.00042843499999989376 162
0.0004284480000009694 163
0.0004284789999999816 164
0.0004285550000009408 163
0.00042856700000015735 164
0.0004285990000010287 165
0.0004286750000002115 164
0.0004287030000007519 165
0.0004287950000012586 164
0.0004288070000004751 165
0.00042883700000118097 166
0.0004289150000005293 165
0.00042894300000106966 166
0.00042898500000099204 167
0.0004290349999998 166
0.0004290470000007929 167
0.00042907899999988786 168
0.00042912099999981024 169
0.00042915500000084705 168
0.0004291670000000636 169
0.00042927500000011776 168
0.0004293190000002056 169
0.0004293950000011648 168
0.00042940700000038134 169
0.0004295150000004355 168
0.00042952699999965205 169
0.0004296349999997062 168
0.0004296470000006991 169
0.0004296789999997941 170
0.0004297550000007533 169
0.0004297669999999698 170
0.000429875000000024 169
0.00042991900000011185 170
0.00042999500000107105 169
0.0004300070000002876 170
0.00043011500000034175 169
0.0004301590000004296 170
0.0004302350000013888 169
0.00043024700000060534 170
0.0004303550000006595 169
0.00043036699999987604 170
0.0004304749999999302 169
0.000430545000000393 170
0.0004305950000009773 169
0.0004306070000001938 170
0.000430715000000248 169
0.00043083500000129504 168
0.00043084700000051157 169
0.00043095500000056575 168
0.0004309669999997823 169
0.0004309990000006536 170
0.00043107499999983645 169
0.00043108700000082933 170
0.0004311609999998467 171
0.0004311950000008835 170
0.00043120700000010004 171
0.0004313150000001542 170
0.0004313270000011471 171
0.0004314350000012013 170
0.000431555000000472 169
0.0004315669999996885 170
0.0004316749999997427 169
0.00043168700000073557 170
0.00043179500000078974 169
0.00043191500000006045 168
0.00043192700000105333 169
0.0004320350000011075 168
0.00043204700000032403 169
0.0004321550000003782 168
0.0004321670000013711 169
0.0004322749999996489 168
0.0004322870000006418 169
0.00043239500000069597 168
0.0004324069999999125 169
0.00043243700000061835 170
0.0004325149999999667 169
0.00043252700000095956 170
0.00043263500000101374 169
0.00043264700000023026 170
0.0004326770000009361 171
0.00043275500000028444 170
0.0004327670000012773 171
0.0004328250000007472 172
0.0004328750000013315 171
0.00043288700000054803 172
0.0004329170000012539 173
0.0004329950000006022 172
0.0004331149999998729 171
0.0004331270000008658 172
0.00043323500000091997 171
0.0004332470000001365 172
0.00043327700000084235 173
0.00043335500000019067 172
0.00043336700000118356 173
0.00043347500000123773 172
0.00043348700000045426 173
0.0004335170000011601 174
0.00043359500000050843 173
0.00043360699999972496 174
0.00043371499999977914 173
0.000433727000000772 174
0.0004338350000008262 173
0.0004338470000000427 174
0.0004338770000007486 175
0.0004339550000000969 174
0.0004339670000010898 175
0.00043407500000114396 174
0.00043419500000041467 173
0.00043420700000140755 174
0.00043423700000033705 175
0.00043431499999968537 174
0.00043443500000073243 173
0.00043455500000000313 172
0.0004345830000005435 173
0.0004346750000010502 172
0.0004347950000003209 171
0.00043491500000136796 170
0.000434943000000132 171
0.00043503500000063866 170
0.00043515499999990936 169
0.00043518300000044974 170
0.0004352750000009564 169
0.00043539500000022713 168
0.0004354230000007675 169
0.0004355150000012742 168
0.0004355430000000382 169
0.0004356350000005449 168
0.0004357549999998156 167
0.0004357630000004775 168
0.00043580600000048264 169
0.00043587500000086266 168
0.00043599500000013336 167
0.0004361150000011804 166
0.0004362350000004511 165
0.0004362630000009915 166
0.0004363549999997218 165
0.0004364750000007689 164
0.0004365950000000396 163
0.00043662300000057996 164
0.00043671500000108665 163
0.00043683500000035735 162
0.00043686300000089773 163
0.0004369550000014044 162
0.0004370250000000908 163
0.0004370750000006751 162
0.0004371949999999458 161
0.0004373150000009929 160
0.0004374350000002636 159
0.00043755500000131065 158
0.00043767500000058135 157
0.00043779499999985205 156
0.0004379150000008991 155
0.00043798500000136187 156
0.0004380350000001698 155
0.0004381550000012169 154
0.0004382750000004876 153
0.0004383949999997583 152
0.00043851500000080534 151
0.0004385850000012681 152
0.00043863500000007605 151
0.0004387550000011231 150
0.0004388750000003938 149
0.00043894500000085657 150
0.0004389949999996645 149
0.0004391150000007116 148
0.0004391230000013735 149
0.0004392349999999823 148
0.00043935500000102934 147
0.00043947500000030004 146
0.0004395950000013471 145
0.0004397150000006178 144
0.00043978500000108056 145
0.0004398349999998885 144
0.00043995500000093557 143
0.0004400750000002063 142
0.00044019500000125333 141
0.00044031500000052404 140
0.00044043499999979474 139
0.0004405550000008418 138
0.00044056700000005833 139
0.0004406750000001125 138
0.00044079500000115956 137
0.00044091500000043027 136
0.00044092700000142315 137
0.000440985000000893 138
0.00044103499999970097 137
0.00044115500000074803 136
0.00044116699999996456 137
0.00044127500000001874 136
0.0004412870000010116 137
0.0004413950000010658 136
0.00044140299999995136 137
0.0004415150000003365 136
0.00044163500000138356 135
0.0004416470000006001 136
0.00044175500000065426 135
0.00044187499999992497 134
0.00044188700000091785 135
0.0004419450000003877 136
0.000441995000000972 135
0.00044211500000024273 134
0.0004422350000012898 133
0.00044224300000017536 134
0.0004423550000005605 133
0.000442366999999777 134
0.0004424749999998312 133
0.00044259500000087826 132
0.0004426070000000948 133
0.000442665000001341 134
0.00044271500000014896 133
0.00044272700000114185 134
0.000442835000001196 133
0.0004429550000004667 132
0.00044296699999968325 133
0.00044307499999973743 132
0.0004431950000007845 131
0.000443207000000001 132
0.00044326500000124724 133
0.0004433150000000552 132
0.0004433270000010481 133
0.00044343500000110225 132
0.00044355500000037296 131
0.00044367500000142 130
0.0004436830000003056 131
0.0004437950000006907 130
0.0004439149999999614 129
0.0004440350000010085 128
0.0004441550000002792 127
0.00044416700000127207 128
0.00044427500000132625 127
0.00044434500000001265 128
0.00044439500000059695 127
0.00044451499999986765 126
0.0004446350000009147 125
0.0004447550000001854 124
0.0004448750000012325 123
0.0004449950000005032 122
0.0004450069999997197 123
0.0004451149999997739 122
0.00044523500000082095 121
0.00044535500000009165 120
0.00044536700000108453 121
0.0004454250000005544 122
0.0004454750000011387 121
0.0004455950000004094 120
0.0004456070000014023 121
0.0004457149999996801 120
0.0004458350000007272 119
0.0004459549999999979 118
0.00044607500000104494 117
0.00044619500000031564 116
0.0004463150000013627 115
0.0004464350000006334 114
0.0004465549999999041 113
0.00044667500000095117 112
0.0004467950000002219 111
0.00044691500000126894 110
0.00044703500000053964 109
0.00044704300000120156 110
0.00044704699999975617 111
0.00044715499999981034 110
0.0004472750000008574 109
0.0004473950000001281 108
0.000447407000001121 109
0.00044751500000117517 108
0.0004475270000003917 109
0.00044763500000044587 108
0.0004477549999997166 107
0.00044787500000076363 106
0.0004479450000012264 107
0.00044799500000003434 106
0.0004481150000010814 105
0.0004482350000003521 104
0.000448247000001345 105
0.00044835500000139916 104
0.0004483670000006157 105
0.00044847500000066987 104
0.00044859499999994057 103
0.00044871500000098763 102
0.00044872700000020416 103
0.00044883500000025833 102
0.0004488470000012512 103
0.0004489550000013054 102
0.0004490750000005761 101
0.0004490869999997926 102
0.0004491949999998468 101
0.00044926500000030956 102
0.00044931500000089386 101
0.0004493270000001104 102
0.00044943500000016456 101
0.0004495550000012116 100
0.00044956700000042815 101
0.00044967500000048233 100
0.00044968699999969886 101
0.00044979499999975303 100
0.0004499150000008001 99
0.0004499270000000166 100
0.0004500350000000708 99
0.0004500470000010637 100
0.00045015500000111786 99
0.00045027500000038856 98
0.00045028700000138144 99
0.00045039499999965926 98
0.0004505150000007063 97
0.000450634999999977 96
0.0004506470000009699 97
0.0004507550000010241 96
0.0004508750000002948 95
0.0004508870000012877 96
0.00045094500000075755 97
0.00045099500000134185 96
0.0004510070000005584 97
0.00045111500000061255 96
0.0004511269999998291 97
0.00045123499999988326 96
0.00045124700000087614 97
0.0004513550000009303 96
0.000451475000000201 95
0.0004515950000012481 94
0.0004516070000004646 95
0.0004517150000005188 94
0.0004518349999997895 93
0.00045184700000078237 94
0.00045195500000083655 93
0.0004520250000012993 94
0.00045207500000010725 93
0.00045208700000110014 94
0.0004521950000011543 93
0.00045220700000037084 94
0.000452315000000425 93
0.0004524349999996957 92
0.0004524470000006886 93
0.0004525550000007428 92
0.00045262500000120554 93
0.0004526750000000135 92
0.00045268700000100637 93
0.00045279500000106054 92
0.00045280700000027707 93
0.00045291500000033125 92
0.0004530350000013783 91
0.00045304700000059484 92
0.000453155000000649 91
0.0004532749999999197 90
0.0004532870000009126 91
0.0004533950000009668 90
0.0004535150000002375 89
0.00045363500000128454 88
0.00045364700000050107 89
0.00045375500000055524 88
0.00045376699999977177 89
0.00045387499999982595 88
0.000453995000000873 87
0.00045400700000008953 88
0.0004541150000001437 87
0.00045418500000060646 88
0.00045423500000119077 87
0.0004542470000004073 88
0.0004543550000004615 87
0.000454366999999678 88
0.0004544749999997322 87
0.00045454500000019493 88
0.00045459500000077924 87
0.00045471500000004994 86
0.0004547270000010428 87
0.000454835000001097 86
0.0004549550000003677 85
0.0004549670000013606 86
0.00045507500000141476 85
0.00045519500000068547 84
0.000455206999999902 85
0.00045531499999995617 84
0.00045543500000100323 83
0.00045544700000021976 84
0.00045555500000027394 83
0.0004555670000012668 84
0.000455675000001321 83
0.0004557950000005917 82
0.0004558069999998082 83
0.0004559149999998624 82
0.0004559270000008553 83
0.00045603500000090946 82
0.000456047000000126 83
0.0004561050000013722 84
0.00045615500000018017 83
0.0004561660000010903 82
0.00045616700000117305 83
0.000456286000000361 82
0.00045628700000044375 83
0.0004564060000014081 82
0.00045640699999971446 83
0.0004565260000006788 82
0.0004565270000007615 83
0.0004566459999999495 82
0.00045676600000099654 81
0.0004567670000010793 82
0.00045682500000054915 83
0.00045688600000026725 82
0.00045688700000035 83
0.0004570060000013143 82
0.000457126000000585 81
0.00045712700000066775 82
0.0004572459999998557 81
0.00045724699999993845 82
0.00045736600000090277 81
0.0004573670000009855 82
0.0004574860000001735 81
0.0004574870000002562 82
0.00045760600000122054 81
0.0004576070000013033 82
0.00045772600000049124 81
0.000457727000000574 82
0.00045784599999976194 81
0.0004578469999998447 82
0.000457966000000809 81
0.00045796700000089174 82
0.0004580860000000797 81
0.00045808700000016245 82
0.00045820600000112677 81
0.0004582070000012095 82
0.00045832600000039747 81
0.0004583270000004802 82
0.0004584459999996682 81
0.0004584469999997509 82
0.00045856600000071523 81
0.00045868599999998594 80
0.0004586870000000687 81
0.000458806000001033 80
0.00045880700000111574 81
0.0004589260000003037 80
0.00045892700000038644 81
0.00045904600000135076 80
0.00045904699999965715 81
0.00045916600000062147 80
0.0004591670000007042 81
0.00045928599999989217 80
0.00045940600000093923 79
0.00045940700000102197 80
0.00045952600000020993 79
0.0004595270000002927 80
0.000459646000001257 79
0.00045964700000133973 80
0.0004597660000005277 79
0.00045976700000061044 80
0.0004598859999997984 79
0.00045988699999988114 80
0.00046000600000084546 79
0.0004600070000009282 80
0.00046012600000011616 79
0.0004601270000001989 80
0.0004602460000011632 79
0.00046024700000124596 80
0.00046036600000043393 79
0.00046036700000051667 80
0.00046048599999970463 79
0.00046048699999978737 80
0.00046049400000036655 81
0.0004606060000007517 80
0.00046060700000083443 81
0.0004607260000000224 80
0.00046072700000010514 81
0.00046084600000106946 80
0.0004608470000011522 81
0.00046096600000034016 80
0.0004609670000004229 81
0.0004609740000010021 82
0.0004610860000013872 81
0.0004612060000006579 80
0.00046120700000074066 81
0.0004613259999999286 80
0.00046132700000001137 81
0.0004614460000009757 80
0.0004615660000002464 79
0.00046156700000032913 80
0.00046168600000129345 79
0.0004616870000013762 80
0.00046175599999997985 81
0.00046180600000056415 80
0.0004618070000006469 81
0.0004618760000010269 82
0.00046192599999983486 81
0.0004619269999999176 82
0.0004619960000002976 83
0.0004620460000008819 82
0.00046204700000096466 83
0.0004620539999997675 84
0.0004621660000001526 83
0.00046216700000023536 84
0.0004622360000006154 85
0.0004622860000011997 84
0.0004622870000012824 85
0.0004624060000004704 84
0.0004624070000005531 85
0.0004625259999997411 84
0.00046252699999982383 85
0.00046259600000020384 86
0.00046264600000078815 85
0.0004626470000008709 86
0.00046276600000005885 85
0.0004628860000011059 84
0.00046288700000118865 85
0.0004628939999999915 86
0.0004630060000003766 85
0.00046300700000045936 86
0.0004631260000014237 85
0.00046312699999973006 86
0.0004632460000006944 85
0.0004632470000007771 86
0.00046331600000115714 87
0.0004633659999999651 86
0.00046348600000101214 85
0.0004635030000006424 86
0.00046360600000028285 85
0.0004636229999999131 86
0.0004637260000013299 85
0.0004637960000000163 86
0.0004638460000006006 85
0.0004639659999998713 84
0.0004640860000009184 83
0.0004642060000001891 82
0.00046432600000123614 81
0.00046444600000050684 80
0.00046456599999977755 79
0.0004646860000008246 78
0.00046470300000045484 79
0.0004648060000000953 78
0.0004648180000010882 79
0.00046492600000114237 78
0.0004649380000003589 79
0.0004650460000004131 78
0.0004651659999996838 77
0.00046517800000067666 78
0.0004652080000013825 79
0.00046528600000073084 78
0.00046529799999994736 79
0.00046540600000000154 78
0.0004655260000010486 77
0.00046553800000026513 78
0.000465568000000971 79
0.0004656460000003193 78
0.00046576600000136636 77
0.00046583600000005276 78
0.00046588600000063707 77
0.00046600599999990777 76
0.00046601800000090066 77
0.00046612600000095483 76
0.00046624600000022554 75
0.0004663660000012726 74
0.0004663780000004891 75
0.0004664860000005433 74
0.00046655600000100605 75
0.000466605999999814 74
0.00046672600000086106 73
0.00046684600000013177 72
0.0004669660000011788 71
0.00046708600000044953 70
0.00046720599999972023 69
0.0004673260000007673 68
0.000467446000000038 67
0.00046756600000108506 66
0.00046763599999977146 67
0.00046768600000035576 66
0.0004678060000014028 65
0.0004679260000006735 64
0.00046804599999994423 63
0.0004680580000009371 64
0.0004681660000009913 63
0.0004681780000002078 64
0.000468286000000262 63
0.00046835600000072475 64
0.00046840600000130905 63
0.00046852600000057976 62
0.0004685379999997963 63
0.00046864599999985046 62
0.0004687660000008975 61
0.00046877800000011405 62
0.0004688360000013603 63
0.0004688860000001682 62
0.0004688980000011611 63
0.0004690060000012153 62
0.000469126000000486 61
0.0004691379999997025 62
0.0004692459999997567 61
0.0004692580000007496 62
0.00046936600000080375 61
0.0004693780000000203 62
0.00046948600000007445 61
0.00046949800000106734 62
0.0004696060000011215 61
0.00046961800000033804 62
0.0004697260000003922 61
0.000469796000000855 62
0.0004698459999996629 61
0.0004698580000006558 62
0.00046996600000071 61
0.0004700859999999807 60
0.00047015600000044344 61
0.00047020600000102775 60
0.0004702180000002443 61
0.00047032600000029845 60
0.00047033800000129133 61
0.0004704460000013455 60
0.00047045800000056204 61
0.0004705660000006162 60
0.0004706859999998869 59
0.0004706980000008798 60
0.000470806000000934 59
0.0004709260000002047 58
0.00047093800000119757 59
0.00047104600000125174 58
0.00047105800000046827 59
0.00047116600000052244 58
0.0004712360000009852 59
0.00047128599999979315 58
0.0004714060000008402 57
0.00047141800000005674 58
0.0004715260000001109 57
0.00047164600000115797 56
0.0004716580000003745 57
0.0004717660000004287 56
0.00047177800000142156 57
0.0004718859999996994 56
0.00047189800000069226 57
0.00047195600000016213 58
0.00047200600000074644 57
0.00047201799999996297 58
0.00047212600000001714 57
0.00047213800000101003 58
0.0004722460000010642 57
0.0004723660000003349 56
0.0004723780000013278 57
0.00047248600000138197 56
0.0004724980000005985 57
0.00047260600000065267 56
0.0004727259999999234 55
0.00047284600000097043 54
0.00047285800000018696 55
0.00047296600000024114 54
0.00047297400000090306 55
0.000472978000001234 56
0.0004730860000012882 55
0.0004730980000005047 56
0.0004732060000005589 55
0.0004733259999998296 54
0.0004733380000008225 55
0.00047344600000087667 54
0.0004734580000000932 55
0.00047356600000014737 54
0.0004735740000008093 55
0.00047357800000114025 56
0.00047368600000119443 55
0.00047380600000046513 54
0.00047381799999968166 55
0.00047392599999973584 54
0.0004739380000007287 55
0.0004740460000007829 54
0.0004740579999999994 55
0.0004741660000000536 54
0.0004741780000010465 55
0.00047428600000110066 54
0.0004742980000003172 55
0.00047440600000037136 54
0.0004745260000014184 53
0.00047453800000063495 54
0.00047464600000068913 53
0.00047465799999990566 54
0.00047476599999995983 53
0.0004747780000009527 54
0.0004748860000010069 53
0.00047489399999989246 54
0.0004748980000002234 55
0.0004750060000002776 54
0.00047512600000132466 53
0.0004751380000005412 54
0.00047524600000059536 53
0.0004752579999998119 54
0.00047536599999986606 53
0.0004754860000009131 52
0.00047549800000012965 53
0.0004756060000001838 52
0.0004757260000012309 51
0.0004757380000004474 52
0.0004758460000005016 51
0.0004758579999997181 52
0.0004759659999997723 51
0.0004759740000004342 52
0.00047608600000081935 51
0.00047620600000009006 50
0.00047621800000108294 51
0.0004763260000011371 50
0.0004764460000004078 49
0.0004764580000014007 50
0.0004765659999996785 49
0.0004765780000006714 50
0.0004766360000001413 51
0.0004766860000007256 50
0.0004766979999999421 51
0.0004768059999999963 50
0.00047687600000045904 51
0.00047692600000104335 50
0.0004769380000002599 51
0.00047704600000031405 50
0.0004771160000007768 51
0.0004771660000013611 50
0.00047717800000057764 51
0.0004772860000006318 50
0.0004774059999999025 49
0.0004774180000008954 50
0.0004775260000009496 49
0.00047759600000141234 50
0.0004776460000002203 49
0.00047765800000121317 50
0.00047776600000126734 49
0.00047777800000048387 50
0.00047788600000053805 49
0.00047800599999980875 48
0.0004780760000002715 49
0.0004781260000008558 48
0.0004782460000001265 47
0.0004782580000011194 48
0.0004783660000011736 47
0.0004783780000003901 48
0.0004784860000004443 47
0.000478605999999715 46
0.00047861800000070787 47
0.00047872600000076204 46
0.00047873799999997857 47
0.00047884600000003275 46
0.00047885800000102563 47
0.0004789160000004955 48
0.0004789660000010798 47
0.00047897800000029633 48
0.0004790860000003505 47
0.00047920600000139757 46
0.00047927600000008397 47
0.0004793260000006683 46
0.000479445999999939 45
0.00047945800000093186 46
0.00047956600000098604 45
0.00047968600000025674 44
0.0004796980000012496 45
0.0004798060000013038 44
0.0004799260000005745 43
0.00047993799999979103 44
0.0004800459999998452 43
0.00048016600000089227 42
0.00048028600000016297 41
0.00048029800000115586 42
0.00048040600000121003 41
0.00048041800000042656 42
0.00048052600000048074 41
0.00048064599999975144 40
0.0004807160000002142 41
0.0004807660000007985 40
0.000480778000000015 41
0.00048083600000126125 42
0.0004808860000000692 41
0.00048100600000111626 40
0.0004810180000003328 41
0.00048112600000038697 40
0.00048113800000137985 41
0.0004811960000008497 42
0.00048124599999965767 41
0.00048125800000065055 42
0.00048136600000070473 41
0.00048148599999997543 40
0.0004814980000009683 41
0.0004815560000004382 42
0.0004816060000010225 41
0.000481618000000239 42
0.0004817260000002932 41
0.00048184600000134026 40
0.0004818580000005568 41
0.00048196600000061096 40
0.0004819779999998275 41
0.00048208599999988166 40
0.00048209800000087455 41
0.0004822060000009287 40
0.00048221800000014525 41
0.00048232600000019943 40
0.00048233400000086135 41
0.0004823380000011923 42
0.0004823960000006622 43
0.0004824460000012465 42
0.000482458000000463 43
0.0004825660000005172 42
0.0004825779999997337 43
0.00048263600000097995 44
0.0004826859999997879 43
0.0004826980000007808 44
0.00048280600000083496 43
0.00048292600000010566 42
0.0004829340000007676 43
0.00048293800000109854 44
0.0004830460000011527 43
0.00048305800000036925 44
0.0004831660000004234 43
0.0004832859999996941 42
0.0004834060000007412 41
0.0004834179999999577 42
0.00048347600000120394 43
0.0004835260000000119 42
0.0004835380000010048 43
0.00048364600000105895 42
0.00048376600000032965 41
0.00048377800000132254 42
0.0004838860000013767 41
0.00048389800000059324 42
0.0004840060000006474 41
0.00048409200000065766 42
0.0004841259999999181 41
0.00048413400000058004 42
0.000484138000000911 43
0.0004842460000009652 42
0.0004842580000001817 43
0.0004843660000002359 42
0.00048437800000122877 43
0.00048445200000024613 44
0.00048448600000128295 43
0.0004844980000004995 44
0.00048460600000055365 43
0.0004846179999997702 44
0.00048472599999982435 43
0.00048473800000081724 44
0.0004848460000008714 43
0.0004849660000001421 42
0.00048497400000080404 43
0.000484978000001135 44
0.0004850860000011892 43
0.0004852060000004599 42
0.0004852179999996764 43
0.0004852300000006693 44
0.0004852920000004701 45
0.0004853259999997306 44
0.00048533800000072347 45
0.00048544600000077764 44
0.00048545799999999417 45
0.00048556600000004835 44
0.00048557800000104123 45
0.0004856860000010954 44
0.00048569800000031194 45
0.0004858060000003661 44
0.000485818000001359 45
0.0004858300000005755 46
0.00048592600000141317 45
0.0004860460000006839 44
0.0004860579999999004 45
0.0004861659999999546 44
0.00048617800000094746 45
0.00048628600000100164 44
0.00048629800000021817 45
0.000486328000000924 46
0.0004863720000010119 47
0.00048640600000027234 46
0.00048641800000126523 47
0.0004864480000001947 48
0.0004865260000013194 47
0.0004866460000005901 46
0.00048665799999980663 47
0.0004866880000005125 48
0.0004867659999998608 47
0.0004867780000008537 48
0.0004868079999997832 49
0.00048688600000090787 48
0.0004868980000001244 49
0.0004870060000001786 48
0.00048701800000117146 49
0.000487030000000388 50
0.00048704800000010096 51
0.00048712600000122563 50
0.00048713800000044216 51
0.000487168000001148 52
0.00048724600000049634 51
0.0004872740000010367 52
0.00048734800000005407 53
0.00048736599999976704 52
0.0004873780000007599 53
0.0004874079999996894 54
0.0004874860000008141 53
0.00048749800000003063 54
0.0004875280000007365 55
0.0004876060000000848 54
0.0004876180000010777 55
0.0004876480000000072 56
0.00048772600000113187 55
0.0004877380000003484 56
0.00048784600000040257 55
0.000487870000000612 56
0.00048787400000094294 57
0.0004879160000008653 58
0.00048796599999967327 57
0.00048797800000066616 58
0.00048808600000072033 57
0.00048809799999993686 58
0.00048812600000047723 59
0.0004881280000006427 60
0.00048815800000134857 61
0.00048818800000027807 62
0.00048820599999999104 61
0.0004882180000009839 62
0.0004882479999999134 63
0.0004883260000010381 62
0.0004883380000002546 63
0.0004883680000009605 64
0.00048839799999989 65
0.0004884460000003088 64
0.0004884580000013017 65
0.0004884880000002312 66
0.0004885660000013559 65
0.0004885780000005724 66
0.0004886080000012782 67
0.0004886860000006266 66
0.0004886979999998431 67
0.0004887260000003835 68
0.0004887280000005489 69
0.0004887580000012548 70
0.0004888059999998973 69
0.0004888180000008902 70
0.0004889260000009443 69
0.0004889380000001609 70
0.0004889680000008667 71
0.000489046000000215 70
0.0004890740000007554 71
0.0004891160000006778 72
0.0004891660000012621 71
0.0004891780000004786 72
0.0004892080000011845 73
0.0004892680000008198 74
0.0004892860000005328 73
0.0004892979999997493 74
0.0004893280000004552 75
0.0004894059999998035 74
0.0004894180000007964 75
0.0004895260000008506 74
0.0004895380000000671 75
0.0004895680000007729 76
0.0004896460000001213 75
0.0004896580000011141 76
0.0004896880000000436 77
0.0004897660000011683 76
0.0004897780000003848 77
0.0004898080000010907 78
0.0004898380000000202 79
0.000489886000000439 78
0.0004899140000009794 79
0.0004899260000001959 80
0.0004900059999997097 79
0.0004900180000007026 80
0.0004900480000014085 81
0.000490078000000338 82
0.0004901260000007568 81
0.0004901379999999733 82
0.0004902460000000275 81
0.0004902580000010204 82
0.0004902879999999499 83
0.0004903660000010746 82
0.0004903939999998386 83
0.0004904860000003453 82
0.0004904980000013381 83
0.0004905280000002676 84
0.0004906060000013923 83
0.0004906340000001563 84
0.000490726000000663 83
0.0004907379999998795 84
0.0004907660000004199 85
0.0004907960000011258 86
0.0004908260000000553 87
0.0004908459999999337 86
0.0004908740000004741 87
0.0004909660000009808 86
0.0004909780000001973 87
0.0004910080000009032 88
0.0004910220000002852 89
0.0004910379999998327 90
0.0004910680000005385 91
0.0004910860000002515 90
0.0004910980000012444 91
0.0004911280000001739 92
0.0004912060000012985 91
0.0004912340000000626 92
0.0004912920000013088 93
0.0004913260000005693 92
0.0004913379999997858 93
0.0004913680000004916 94
0.0004913980000011975 95
0.00049144599999984 94
0.0004914580000008328 95
0.0004914879999997623 96
0.000491566000000887 95
0.000491593999999651 96
0.0004916220000001914 97
0.0004916520000008973 98
0.0004916860000001577 97
0.0004916980000011506 98
0.0004917280000000801 99
0.000491758000000786 100
0.0004918060000012048 99
0.0004918180000004213 100
0.0004918480000011272 101
0.0004919260000004755 100
0.000491937999999692 101
0.0004920120000004857 102
0.0004920459999997462 101
0.0004920580000007391 102
0.0004920879999996686 103
0.0004921660000007932 102
0.0004921780000000098 103
0.0004922080000007156 104
0.000492286000000064 103
0.0004923140000006043 104
0.000492406000001111 103
0.0004924180000003275 104
0.0004924480000010334 105
0.0004925260000003817 104
0.0004925540000009221 105
0.0004926459999996524 104
0.0004926580000006453 105
0.0004926880000013512 106
0.0004927180000002807 107
0.0004927480000009865 108
0.0004927660000006995 107
0.000492777999999916 108
0.0004928220000000039 109
0.0004928859999999702 108
0.0004928980000009631 109
0.0004929279999998926 110
0.0004929719999999804 111
0.0004930060000010172 110
0.0004930180000002338 111
0.0004930480000009396 112
0.0004930779999998691 113
0.0004931260000002879 112
0.0004931380000012808 113
0.0004931680000002103 114
0.000493246000001335 113
0.0004933660000006057 112
0.0004933779999998222 113
0.0004934080000005281 114
0.0004934859999998764 113
0.0004935299999999643 114
0.0004936060000009235 113
0.00049361800000014 114
0.0004936480000008459 115
0.0004936620000002279 116
0.0004936920000009337 117
0.0004937260000001942 116
0.0004937380000011871 117
0.0004937960000006569 118
0.0004938460000012412 117
0.0004938740000000053 118
0.0004939180000000931 119
0.0004939320000012515 120
0.0004939660000005119 119
0.0004939779999997285 120
0.0004940080000004343 121
0.0004940380000011402 122
0.0004940859999997826 121
0.0004940980000007755 122
0.0004942060000008297 121
0.0004942340000013701 122
0.00049429200000084 123
0.0004943260000001004 122
0.0004943380000010933 123
0.0004943680000000228 124
0.0004943980000007286 125
0.0004944460000011475 124
0.000494458000000364 125
0.0004945179999999993 126
0.0004945660000004182 125
0.0004945780000014111 126
0.0004946080000003406 127
0.0004946380000010464 128
0.0004946859999996889 127
0.0004946980000006818 128
0.0004947280000013876 129
0.0004948060000007359 128
0.0004948179999999525 129
0.0004948480000006583 130
0.0004948780000013642 131
0.0004949260000000066 130
0.000494954000000547 131
0.0004949840000012529 132
0.0004950460000010537 131
0.0004950580000002702 132
0.0004950880000009761 133
0.0004951179999999056 134
0.0004951660000003244 133
0.0004952860000013715 132
0.000495298000000588 133
0.0004953280000012938 134
0.0004954060000006422 133
0.0004954179999998587 134
0.0004955259999999129 133
0.0004955540000004532 134
0.0004955840000011591 135
0.0004956460000009599 134
0.0004956580000001765 135
0.0004956880000008823 136
0.0004957660000002306 135
0.0004957740000008926 136
0.000495794000000771 137
0.0004958239999997005 138
0.0004958540000004064 139
0.0004958860000012777 138
0.0004958980000004942 139
0.0004959280000012001 140
0.0004959720000012879 141
0.0004960060000005484 140
0.0004960179999997649 141
0.0004960480000004708 142
0.0004960780000011766 143
0.0004961259999998191 142
0.000496138000000812 143
0.0004962460000008662 142
0.0004962740000014065 143
0.000496304000000336 144
0.0004963660000001369 143
0.0004963780000011297 144
0.0004964860000011839 143
0.0004964980000004005 144
0.0004965280000011063 145
0.0004965580000000358 146
0.0004965880000007417 147
0.0004966060000004546 146
0.0004966179999996712 147
0.000496648000000377 148
0.0004967259999997253 147
0.0004967699999998132 148
0.0004968280000010594 149
0.0004968460000007724 148
0.0004968740000013128 149
0.0004969040000002423 150
0.0004969660000000431 149
0.000496978000001036 150
0.0004970079999999655 151
0.0004970860000010902 150
0.0004970980000003067 151
0.000497130000001178 152
0.0004971600000001075 153
0.0004971900000008134 154
0.0004972060000003609 153
0.0004972199999997429 154
0.0004972500000004487 155
0.0004973260000014079 154
0.0004973340000002935 155
0.0004973540000001719 156
0.0004974460000006786 155
0.0004974579999998952 156
0.000497488000000601 157
0.0004975659999999493 156
0.0004975780000009422 157
0.0004976079999998717 158
0.0004976380000005776 159
0.0004976860000009964 158
0.0004976980000002129 159
0.0004977280000009188 160
0.0004977579999998483 161
0.0004978060000002671 160
0.0004979260000013142 159
0.0004979340000001997 160
0.0004979380000005307 161
0.0004979680000012365 162
0.000497998000000166 163
0.0004980460000005849 162
0.0004980579999998014 163
0.0004981659999998556 162
0.0004981940000003959 163
0.0004982860000009026 162
0.0004983139999996666 163
0.0004984060000001733 162
0.0004984180000011662 163
0.0004984500000002612 164
0.0004985260000012204 163
0.0004985380000004369 164
0.0004985680000011428 165
0.0004986460000004911 164
0.0004986579999997076 165
0.000498690000000579 166
0.0004987659999997618 165
0.0004987780000007547 166
0.0004988079999996842 167
0.00049883800000039 168
0.0004988680000010959 169
0.0004988860000008088 168
0.0004988980000000254 169
0.0004989280000007312 170
0.0004990060000000796 169
0.0004991260000011266 168
0.0004991380000003431 169
0.0004992460000003973 168
0.0004992580000013902 169
0.000499365999999668 168
0.0004993780000006609 169
0.0004994860000007151 168
0.0004994979999999316 169
0.0004996059999999858 168
0.0004997260000010328 167
0.0004997380000002494 168
0.0004998460000003035 167
0.0004998580000012964 168
0.0004999660000013506 167
0.0004999780000005671 168
0.000500036000000037 169
0.0005000860000006213 168
0.0005000979999998378 169
0.000500205999999892 168
0.0005002180000008849 169
0.0005003260000009391 168
0.0005003380000001556 169
0.0005004460000002098 168
0.0005004580000012027 169
0.0005005660000012568 168
0.0005005780000004734 169
0.0005006359999999432 170
0.0005006860000005275 169
0.0005007560000009903 170
0.0005008059999997982 169
0.0005008180000007911 170
0.0005008300000000077 171
0.0005009260000008453 170
0.0005009380000000618 171
0.000501046000000116 170
0.0005010580000011089 171
0.0005011660000011631 170
0.0005011780000003796 171
0.0005012860000004338 170
0.0005013560000008965 171
0.0005014059999997045 170
0.0005014180000006974 171
0.0005015260000007515 170
0.0005015379999999681 171
0.0005016460000000222 170
0.0005016580000010151 171
0.0005017320000000325 172
0.0005017660000010693 171
0.0005017780000002858 172
0.00050188600000034 171
0.0005018980000013329 172
0.0005020060000013871 171
0.0005020180000006036 172
0.0005021260000006578 171
0.0005021379999998743 172
0.0005022459999999285 171
0.0005023660000009755 170
0.0005023780000001921 171
0.0005024080000008979 172
0.0005024860000002462 171
0.0005026060000012933 170
0.0005026180000005098 171
0.000502726000000564 170
0.0005027379999997805 171
0.0005027680000004864 172
0.0005028459999998347 171
0.0005029660000008818 170
0.0005029780000000983 171
0.0005030080000008041 172
0.0005030860000001525 171
0.0005032060000011995 170
0.0005032339999999635 171
0.0005033260000004702 170
0.0005033379999996868 171
0.0005034459999997409 170
0.0005034580000007338 171
0.000503566000000788 170
0.0005035780000000045 171
0.0005036520000007982 172
0.0005036860000000587 171
0.0005036980000010516 172
0.0005037279999999811 173
0.0005038060000011058 172
0.0005039260000003765 171
0.0005039380000013693 172
0.0005039680000002988 173
0.0005040460000014235 172
0.00050405800000064 173
0.0005040880000013459 174
0.0005041660000006942 173
0.0005042859999999649 172
0.000504406000001012 171
0.000504433999999776 172
0.0005045260000002827 171
0.0005046460000013298 170
0.0005046740000000938 171
0.0005047660000006005 170
0.0005048859999998712 169
0.0005049140000004115 170
0.0005050060000009182 169
0.0005051260000001889 168
0.000505246000001236 167
0.000505274 168
0.0005053660000005067 167
0.0005054859999997774 166
0.0005056060000008245 165
0.0005057260000000952 164
0.0005058460000011422 163
0.0005058739999999062 164
0.0005059660000004129 163
0.0005059740000010748 164
0.0005060859999996836 163
0.0005062060000007307 162
0.0005063260000000014 161
0.0005063540000005418 162
0.0005064460000010484 161
0.0005065660000003191 160
0.0005065940000008595 161
0.0005066860000013662 160
0.0005068060000006369 159
0.0005069259999999076 158
0.000506954000000448 159
0.0005070460000009547 158
0.0005071660000002254 157
0.0005072860000012724 156
0.0005074060000005431 155
0.0005075259999998138 154
0.0005076460000008609 153
0.0005077660000001316 152
0.0005078860000011787 151
0.0005080060000004494 150
0.0005081259999997201 149
0.0005082460000007671 148
0.0005083660000000378 147
0.0005084860000010849 146
0.0005085559999997713 147
0.0005086060000003556 146
0.0005086140000010175 147
0.0005087260000014027 146
0.0005088460000006734 145
0.0005089659999999441 144
0.0005090860000009911 143
0.0005092060000002618 142
0.0005093260000013089 141
0.0005093959999999953 142
0.0005094460000005796 141
0.0005095659999998503 140
0.0005096860000008974 139
0.0005098060000001681 138
0.0005099260000012151 137
0.0005100460000004858 136
0.0005101659999997565 135
0.0005102860000008036 134
0.0005102939999996892 135
0.0005104060000000743 134
0.0005105260000011214 133
0.0005106460000003921 132
0.000510658000001385 133
0.0005107659999996628 132
0.0005107780000006557 133
0.0005108360000001255 134
0.0005108860000007098 133
0.0005110059999999805 132
0.0005111260000010276 131
0.0005112460000002983 130
0.0005112580000012912 131
0.0005113660000013454 130
0.0005114360000000318 131
0.0005114860000006161 130
0.0005116059999998868 129
0.0005116180000008796 130
0.0005117260000009338 129
0.0005118460000002045 128
0.0005119660000012516 127
0.0005120860000005223 126
0.000512205999999793 125
0.00051232600000084 124
0.0005123339999997256 125
0.0005123380000000566 126
0.0005124460000001108 125
0.0005124580000011036 126
0.0005125660000011578 125
0.0005126860000004285 124
0.0005126980000014214 125
0.0005128059999996992 124
0.0005128180000006921 125
0.000512876000000162 126
0.0005129260000007463 125
0.000513046000000017 124
0.0005131160000004797 125
0.000513166000001064 124
0.0005132860000003348 123
0.0005134060000013818 122
0.0005135260000006525 121
0.0005136459999999232 120
0.0005137660000009703 119
0.0005137780000001868 120
0.000513886000000241 119
0.000514006000001288 118
0.0005141260000005587 117
0.0005141379999997753 118
0.0005141960000010215 119
0.0005142459999998295 118
0.0005143660000008765 117
0.0005144860000001472 116
0.0005144980000011401 117
0.0005146060000011943 116
0.000514726000000465 115
0.0005147379999996815 116
0.0005148459999997357 115
0.0005148540000003976 116
0.0005148580000007286 117
0.0005149660000007827 116
0.0005150860000000534 115
0.0005152060000011005 114
0.0005153260000003712 113
0.0005154460000014183 112
0.000515566000000689 111
0.0005156859999999597 110
0.0005156980000009526 111
0.0005157560000004224 112
0.0005158060000010067 111
0.0005159260000002774 110
0.0005160460000013245 109
0.0005161660000005952 108
0.0005162859999998659 107
0.0005162980000008588 108
0.000516406000000913 107
0.0005165260000001837 106
0.0005166460000012307 105
0.0005167660000005014 104
0.0005168859999997721 103
0.000516898000000765 104
0.0005170060000008192 103
0.0005170180000000357 104
0.0005171260000000899 103
0.000517246000001137 102
0.0005173660000004077 101
0.0005174859999996784 100
0.0005174980000006713 101
0.0005176060000007254 100
0.000517617999999942 101
0.0005176760000011882 102
0.0005177259999999961 101
0.0005178460000010432 100
0.0005178580000002597 101
0.0005179660000003139 100
0.0005180360000007767 101
0.000518086000001361 100
0.0005182060000006317 99
0.0005183259999999024 98
0.0005183380000008952 99
0.0005184460000009494 98
0.000518458000000166 99
0.0005185660000002201 98
0.0005186860000012672 97
0.0005186940000001528 98
0.0005188060000005379 97
0.0005188179999997544 98
0.0005189259999998086 97
0.0005190460000008557 96
0.0005190580000000722 97
0.0005191660000001264 96
0.0005192860000011734 95
0.0005193559999998598 96
0.0005194060000004441 95
0.0005194179999996607 96
0.0005195259999997148 95
0.0005196460000007619 94
0.0005196579999999784 95
0.0005197660000000326 94
0.0005198360000004953 95
0.0005198860000010797 94
0.0005198939999999652 95
0.0005200060000003504 94
0.0005200180000013432 95
0.0005201260000013974 94
0.0005202460000006681 93
0.0005203659999999388 92
0.0005203780000009317 93
0.0005204860000009859 92
0.0005206060000002566 91
0.0005206760000007193 92
0.0005207260000013036 91
0.0005207380000005202 92
0.00052079599999999 93
0.0005208460000005743 92
0.0005208579999997909 93
0.000520965999999845 92
0.0005210860000008921 91
0.0005210980000001086 92
0.0005212060000001628 91
0.0005212180000011557 92
0.0005213260000012099 91
0.0005214460000004806 90
0.0005215659999997513 89
0.0005215780000007442 90
0.0005216860000007983 89
0.0005216980000000149 90
0.000521806000000069 89
0.0005219260000011161 88
0.0005220460000003868 87
0.0005220580000013797 88
0.0005221659999996575 87
0.0005221780000006504 88
0.0005222860000007046 87
0.0005224059999999753 86
0.0005224180000009682 87
0.0005225260000010223 86
0.0005225380000002389 87
0.000522646000000293 86
0.0005227660000013401 85
0.0005227780000005566 86
0.0005228860000006108 85
0.0005230059999998815 84
0.0005230180000008744 85
0.0005231260000009286 84
0.0005232460000001993 83
0.0005233660000012463 82
0.000523486000000517 81
0.0005234979999997336 82
0.0005236059999997877 81
0.0005237260000008348 80
0.0005237380000000513 81
0.0005238460000001055 80
0.0005239660000011526 79
0.0005239780000003691 80
0.0005240860000004233 79
0.0005240940000010852 80
0.000524156000000886 81
0.000524205999999694 80
0.0005242180000006869 81
0.000524326000000741 80
0.0005243379999999576 81
0.0005244460000000117 80
0.0005245660000010588 79
0.0005245780000002753 80
0.0005246860000003295 79
0.0005246980000013224 80
0.0005248060000013766 79
0.0005249260000006473 78
0.000525045999999918 77
0.0005250580000009109 78
0.000525166000000965 77
0.0005251780000001816 78
0.0005252860000002357 77
0.0005254060000012828 76
0.0005254180000004993 77
0.0005254759999999692 78
0.0005255260000005535 77
0.00052553799999977 78
0.0005256459999998242 77
0.0005257660000008713 76
0.0005257780000000878 77
0.000525886000000142 76
0.000526006000001189 75
0.0005260180000004056 76
0.0005261260000004597 75
0.0005261960000009225 76
0.0005262459999997304 75
0.0005262580000007233 76
0.0005263160000001932 77
0.0005263660000007775 76
0.000526377999999994 77
0.0005264860000000482 76
0.0005264980000010411 77
0.0005266060000010953 76
0.000526726000000366 75
0.0005267380000013588 76
0.000526846000001413 75
0.0005268580000006295 76
0.0005269660000006837 75
0.0005269779999999002 76
0.0005270360000011465 77
0.0005270859999999544 76
0.0005270980000009473 77
0.0005272060000010015 76
0.000527218000000218 77
0.0005273260000002722 76
0.0005273380000012651 77
0.0005274460000013192 76
0.0005274580000005358 77
0.0005275160000000056 78
0.00052756600000059 77
0.0005275779999998065 78
0.0005276859999998607 77
0.0005276980000008535 78
0.0005278060000009077 77
0.0005278180000001242 78
0.0005279260000001784 77
0.0005280460000012255 76
0.000528058000000442 77
0.0005281660000004962 76
0.0005281779999997127 77
0.0005282859999997669 76
0.0005282980000007598 77
0.000528406000000814 76
0.0005284180000000305 77
0.0005285260000000847 76
0.0005285380000010775 77
0.0005286460000011317 76
0.0005287660000004024 75
0.0005288859999996731 74
0.000528898000000666 75
0.0005290060000007202 74
0.0005291259999999909 73
0.0005291380000009838 74
0.0005292460000010379 73
0.0005292580000002545 74
0.0005293660000003086 73
0.0005293780000013015 74
0.0005294360000007714 75
0.0005294860000013557 74
0.0005296060000006264 73
0.0005296179999998429 74
0.0005297259999998971 73
0.00052973800000089 74
0.0005298460000009442 73
0.0005298580000001607 74
0.0005299660000002149 73
0.0005300860000012619 72
0.0005300940000001475 73
0.0005300980000004785 74
0.0005302060000005326 73
0.0005302179999997492 74
0.0005303259999998033 73
0.0005303380000007962 74
0.0005304460000008504 73
0.0005304580000000669 74
0.0005305660000001211 73
0.000530578000001114 74
0.0005306860000011682 73
0.0005306980000003847 74
0.0005308060000004389 73
0.0005308179999996554 74
0.0005309259999997096 73
0.0005309380000007025 74
0.0005310460000007566 73
0.0005310579999999732 74
0.0005311660000000273 73
0.0005311780000010202 74
0.0005312860000010744 73
0.0005312980000002909 74
0.0005313559999997608 75
0.0005314060000003451 74
0.000531418000001338 75
0.0005315260000013922 74
0.0005315340000002777 75
0.0005315380000006087 76
0.0005315960000000786 77
0.0005316460000006629 76
0.0005316579999998794 77
0.0005317659999999336 76
0.0005317780000009265 77
0.0005318860000009806 76
0.0005320060000002513 75
0.0005320180000012442 76
0.0005320760000007141 77
0.0005321260000012984 76
0.0005321380000005149 77
0.0005322460000005691 76
0.0005322579999997856 77
0.0005323160000010319 78
0.0005323659999998398 77
0.0005323780000008327 78
0.0005324860000008869 77
0.0005324980000001034 78
0.0005326060000001576 77
0.0005326180000011504 78
0.0005327260000012046 77
0.0005327380000004212 78
0.0005328460000004753 77
0.000532965999999746 76
0.0005329940000002864 77
0.0005330860000007931 76
0.0005332060000000638 75
0.0005332140000007257 76
0.0005332340000006042 77
0.0005333260000011109 76
0.0005334460000003816 75
0.0005334740000009219 76
0.0005335659999996523 75
0.0005336860000006993 74
0.00053380599999997 73
0.0005339260000010171 72
0.0005340460000002878 71
0.0005340740000008282 72
0.0005341660000013349 71
0.0005342860000006056 70
0.0005344059999998763 69
0.0005344180000008691 70
0.0005345260000009233 69
0.0005345539999996873 70
0.000534646000000194 69
0.0005347660000012411 68
0.0005348860000005118 67
0.0005348979999997283 68
0.0005349280000004342 69
0.0005350059999997825 68
0.0005351260000008295 67
0.0005352460000001003 66
0.0005352580000010931 67
0.000535316000000563 68
0.0005353660000011473 67
0.0005353780000003638 68
0.0005354080000010697 69
0.000535486000000418 68
0.0005354980000014109 69
0.0005356059999996887 68
0.0005357260000007358 67
0.0005358460000000065 66
0.0005359660000010535 65
0.0005359780000002701 66
0.0005360359999997399 67
0.0005360860000003242 66
0.0005362060000013713 65
0.000536326000000642 64
0.0005363960000011048 65
0.0005364459999999127 64
0.0005364540000005746 65
0.0005365660000009598 64
0.0005366860000002305 63
0.0005368060000012775 62
0.0005368759999999639 63
0.0005369260000005482 62
0.000537045999999819 61
0.0005370580000008118 62
0.0005371160000002817 63
0.000537166000000866 62
0.0005371780000000825 63
0.0005372860000001367 62
0.0005372980000011296 63
0.0005374060000011838 62
0.0005374180000004003 63
0.0005375260000004545 62
0.0005376459999997252 61
0.0005377660000007722 60
0.0005378860000000429 59
0.0005378980000010358 60
0.00053800600000109 59
0.0005380180000003065 60
0.0005381260000003607 59
0.0005382460000014078 58
0.0005382580000006243 59
0.0005383660000006785 58
0.000538377999999895 59
0.0005384859999999492 58
0.0005386060000009962 57
0.0005386180000002128 58
0.0005387260000002669 57
0.0005387380000012598 58
0.000538846000001314 57
0.0005389660000005847 56
0.0005390360000010475 57
0.0005390859999998554 56
0.0005390980000008483 57
0.0005392060000009025 56
0.0005393260000001732 55
0.0005394460000012202 54
0.0005394580000004368 55
0.0005395660000004909 54
0.0005396859999997616 53
0.0005396980000007545 54
0.0005398060000008087 53
0.0005398180000000252 54
0.0005399260000000794 53
0.0005399380000010723 54
0.0005399960000005422 55
0.0005400460000011265 54
0.000540058000000343 55
0.0005401660000003972 54
0.00054017800000139 55
0.0005402859999996679 54
0.0005402980000006607 55
0.0005404060000007149 54
0.0005404179999999315 55
0.0005404760000011777 56
0.0005405259999999856 55
0.0005405380000009785 56
0.0005406460000010327 55
0.0005406580000002492 56
0.0005407159999997191 57
0.0005407660000003034 56
0.0005407780000012963 57
0.0005408860000013505 56
0.000540898000000567 57
0.0005410060000006212 56
0.0005410179999998377 57
0.0005411259999998919 56
0.0005411380000008847 57
0.0005412460000009389 56
0.0005412580000001554 57
0.0005413660000002096 56
0.0005414360000006724 57
0.0005414860000012567 56
0.0005416060000005274 55
0.0005416140000011893 56
0.0005416179999997439 57
0.0005417259999997981 56
0.000541738000000791 57
0.0005418460000008452 56
0.0005418580000000617 57
0.0005419660000001159 56
0.0005419780000011087 57
0.0005420360000005786 58
0.0005420860000011629 57
0.0005420980000003794 58
0.0005422060000004336 57
0.0005422179999996501 58
0.0005423259999997043 57
0.0005423380000006972 58
0.0005424460000007514 57
0.0005425660000000221 56
0.000542578000001015 57
0.0005426860000010691 56
0.0005426980000002857 57
0.0005428060000003398 56
0.0005428180000013327 57
0.0005429260000013869 56
0.0005430460000006576 55
0.0005430579999998741 56
0.0005431659999999283 55
0.0005432860000009754 54
0.0005432939999998609 55
0.0005432980000001919 56
0.0005434060000002461 55
0.000543418000001239 56
0.0005435260000012931 55
0.0005435380000005097 56
0.0005436120000013034 57
0.0005436460000005638 56
0.0005436579999997804 57
0.0005437659999998345 56
0.0005437780000008274 57
0.0005438860000008816 56
0.0005440060000001523 55
0.0005440180000011452 56
0.0005441260000011994 55
0.0005441380000004159 56
0.0005442460000004701 55
0.0005442579999996866 56
0.0005443659999997408 55
0.0005444860000007878 54
0.0005446060000000585 53
0.0005446180000010514 54
0.0005447260000011056 53
0.0005448460000003763 52
0.0005448580000013692 53
0.0005449660000014234 52
0.0005450860000006941 51
0.000545094000001356 52
0.0005450979999999106 53
0.0005452059999999648 52
0.0005453260000010118 51
0.0005453380000002284 52
0.0005454460000002825 51
0.0005454580000012754 52
0.0005455160000007453 53
0.0005455660000013296 52
0.0005456860000006003 51
0.0005456979999998168 52
0.000545805999999871 51
0.0005459260000009181 50
0.0005459960000013808 51
0.0005460460000001888 50
0.0005461660000012358 49
0.0005461780000004524 50
0.0005462860000005065 49
0.0005464059999997772 48
0.0005464180000007701 49
0.00054647600000024 50
0.0005465260000008243 49
0.000546646000000095 48
0.0005467660000011421 47
0.0005467780000003586 48
0.0005468359999998285 49
0.0005468860000004128 48
0.0005470059999996835 47
0.0005470140000003454 48
0.0005470180000006764 49
0.0005471260000007305 48
0.0005472460000000012 47
0.0005472580000009941 48
0.0005473660000010483 47
0.0005473780000002648 48
0.000547486000000319 47
0.0005474980000013119 48
0.0005476060000013661 47
0.0005476180000005826 48
0.0005477260000006368 47
0.0005478459999999075 46
0.0005478580000009003 47
0.0005479660000009545 46
0.0005480860000002252 45
0.0005480980000012181 46
0.0005482060000012723 45
0.000548326000000543 44
0.0005483379999997595 45
0.0005484459999998137 44
0.0005485660000008608 43
0.0005486360000013235 44
0.0005486860000001315 43
0.0005486980000011243 44
0.0005488060000011785 43
0.0005489260000004492 42
0.0005490459999997199 41
0.0005490580000007128 42
0.000549166000000767 41
0.0005491779999999835 42
0.0005492360000012297 43
0.0005492860000000377 42
0.0005493560000005004 43
0.0005494060000010847 42
0.0005494180000003013 43
0.0005495260000003555 42
0.0005495960000008182 43
0.0005496460000014025 42
0.000549658000000619 43
0.0005497660000006732 42
0.0005497779999998897 43
0.000549836000001136 44
0.0005498859999999439 43
0.0005498980000009368 44
0.0005499100000001533 45
0.000550006000000991 44
0.0005501260000002617 43
0.0005501380000012546 44
0.0005502460000013087 43
0.0005502580000005253 44
0.0005503660000005794 43
0.000550377999999796 44
0.0005504859999998502 43
0.000550498000000843 44
0.0005506060000008972 43
0.0005506180000001137 44
0.0005507260000001679 43
0.0005507380000011608 44
0.000550846000001215 43
0.0005508580000004315 44
0.0005509660000004857 43
0.0005509779999997022 44
0.0005510360000009484 45
0.0005510859999997564 44
0.0005510940000004183 45
0.0005512060000008034 44
0.00055121800000002 45
0.0005513260000000741 44
0.000551338000001067 45
0.0005514460000011212 44
0.0005514580000003377 45
0.0005515660000003919 44
0.0005515780000013848 45
0.0005516859999996626 44
0.0005517560000001254 45
0.0005518060000007097 44
0.0005519259999999804 43
0.0005520460000010274 42
0.0005521660000002981 41
0.000552178000001291 42
0.0005522520000003084 43
0.0005522860000013452 42
0.0005523560000000316 43
0.0005524060000006159 42
0.0005524179999998324 43
0.0005524920000006261 44
0.0005525259999998866 43
0.0005525380000008795 44
0.0005526460000009337 43
0.0005526539999998192 44
0.0005526580000001502 45
0.0005527160000013964 46
0.0005527460000003259 47
0.0005527660000002044 46
0.0005527780000011973 47
0.0005528860000012514 46
0.000552898000000468 47
0.0005530060000005221 46
0.0005530179999997387 47
0.0005531259999997928 46
0.0005531380000007857 47
0.0005532460000008399 46
0.0005532580000000564 47
0.0005533660000001106 46
0.0005533780000011035 47
0.0005534360000005734 48
0.0005534860000011577 47
0.0005536060000004284 46
0.0005536180000014213 47
0.0005537259999996991 46
0.000553738000000692 47
0.0005538460000007461 46
0.0005538579999999627 47
0.0005539660000000168 46
0.0005539780000010097 47
0.0005539900000002262 48
0.0005540860000010639 47
0.0005540939999999495 48
0.0005540980000002804 49
0.0005541559999997503 50
0.0005542060000003346 49
0.0005543260000013817 48
0.0005543380000005982 49
0.0005544460000006524 48
0.0005544579999998689 49
0.0005545659999999231 48
0.000554578000000916 49
0.0005546519999999333 50
0.0005546860000009701 49
0.0005546980000001867 50
0.0005548060000002408 49
0.0005549260000012879 48
0.0005549380000005044 49
0.0005550460000005586 48
0.0005550579999997751 49
0.000555088000000481 50
0.0005551659999998293 49
0.0005552519999998395 50
0.0005552860000008764 49
0.0005552980000000929 50
0.0005553280000007987 51
0.0005553880000004341 52
0.0005554060000001471 51
0.0005554180000011399 52
0.0005554480000000694 53
0.0005555260000011941 52
0.0005555340000000797 53
0.0005555380000004106 54
0.0005555500000014035 55
0.0005555680000011165 56
0.0005556120000012044 57
0.0005556460000004648 56
0.0005556579999996814 57
0.0005556880000003872 58
0.0005557659999997355 57
0.0005557780000007284 58
0.0005558079999996579 59
0.0005558860000007826 58
0.000555914000001323 59
0.0005560060000000533 58
0.0005560340000005937 59
0.0005561260000011004 58
0.0005561380000003169 59
0.0005561680000010227 60
0.0005562460000003711 59
0.0005562580000013639 60
0.0005562880000002934 61
0.0005563320000003813 62
0.0005563660000014181 61
0.0005563780000006346 62
0.0005564860000006888 61
0.0005564979999999053 62
0.0005565280000006112 63
0.0005566059999999595 62
0.0005566340000004999 63
0.0005567260000010066 62
0.0005567380000002231 63
0.000556768000000929 64
0.0005568460000002773 63
0.0005568580000012702 64
0.0005568860000000342 65
0.0005568880000001997 66
0.0005569660000013243 65
0.0005569780000005409 66
0.0005569899999997574 67
0.0005570080000012467 68
0.0005570380000001762 69
0.0005570680000008821 70
0.000557086000000595 69
0.0005570979999998116 70
0.0005572059999998658 69
0.0005572180000008586 70
0.0005572479999997881 71
0.000557278000000494 72
0.0005573260000009128 71
0.0005573380000001293 72
0.0005573680000008352 73
0.0005574460000001835 72
0.0005574580000011764 73
0.0005574880000001059 74
0.0005575479999997413 75
0.0005575660000012306 74
0.0005575939999999946 75
0.000557635999999917 76
0.0005576860000005013 75
0.0005576979999997178 76
0.000557805999999772 75
0.0005578180000007649 76
0.0005578479999996944 77
0.0005578780000004002 78
0.000557926000000819 77
0.0005579380000000356 78
0.0005579680000007414 79
0.0005580460000000897 78
0.0005581480000014238 79
0.0005581660000011368 78
0.0005581780000003533 79
0.0005582080000010592 80
0.0005582860000004075 79
0.0005582980000014004 80
0.0005583280000003299 81
0.0005584059999996782 80
0.0005584180000006711 81
0.0005584299999998876 82
0.0005584460000012115 83
0.000558448000001377 84
0.0005585080000010123 85
0.0005585260000007253 84
0.0005585379999999418 85
0.0005585680000006477 86
0.000558645999999996 85
0.0005586580000009889 86
0.0005586879999999184 87
0.000558766000001043 86
0.0005587780000002596 87
0.0005588860000003137 86
0.0005588980000013066 87
0.0005590060000013608 86
0.0005590340000001248 87
0.0005590760000000472 88
0.0005591260000006315 87
0.000559137999999848 88
0.0005591680000005539 89
0.0005592280000001892 90
0.0005592459999999022 89
0.0005592580000008951 90
0.0005592879999998246 91
0.0005593660000009493 90
0.0005593780000001658 91
0.0005594080000008717 92
0.00055948600000022 91
0.0005595560000006827 92
0.000559606000001267 91
0.0005596180000004836 92
0.0005596480000011894 93
0.0005596780000001189 94
0.0005597260000005377 93
0.0005597540000010781 94
0.0005597819999998421 95
0.0005598459999998084 94
0.0005598580000008013 95
0.0005598860000013417 96
0.0005598879999997308 97
0.0005599180000004367 98
0.0005599480000011425 99
0.0005599660000008555 98
0.000559978000000072 99
0.0005600080000007779 100
0.0005600860000001262 99
0.0005601140000006666 100
0.0005601720000001364 101
0.0005602060000011733 100
0.0005602180000003898 101
0.0005602480000010956 102
0.0005602780000000251 103
0.000560326000000444 102
0.0005603540000009843 103
0.0005604459999997147 102
0.0005605319999997249 103
0.0005605660000007617 102
0.0005605779999999783 103
0.0005606080000006841 104
0.0005606860000000324 103
0.0005606980000010253 104
0.0005607279999999548 105
0.0005607720000000427 106
0.0005608060000010795 105
0.000560818000000296 106
0.0005608480000010019 107
0.0005609260000003502 106
0.0005609380000013431 107
0.0005610460000013973 106
0.0005610580000006138 107
0.0005610880000013196 108
0.000561166000000668 107
0.0005611779999998845 108
0.0005612080000005903 109
0.0005612859999999387 108
0.0005612980000009316 109
0.0005613259999996956 110
0.000561327999999861 111
0.0005613420000010194 112
0.0005614060000009857 111
0.0005614180000002023 112
0.0005614480000009081 113
0.0005615260000002564 112
0.0005615540000007968 113
0.0005615960000007192 114
0.0005616460000013035 113
0.00056165800000052 114
0.0005616880000012259 115
0.0005617660000005742 114
0.0005617779999997907 115
0.0005618080000004966 116
0.0005618859999998449 115
0.0005618980000008378 116
0.0005619719999998551 117
0.000562006000000892 116
0.000562033999999656 117
0.0005621260000001627 116
0.000562154000000703 117
0.0005622460000012097 116
0.0005622580000004263 117
0.0005622880000011321 118
0.0005623180000000616 119
0.0005623660000004804 118
0.0005624520000004907 119
0.0005624859999997511 118
0.000562498000000744 119
0.0005625279999996735 120
0.0005625719999997614 121
0.0005626060000007982 120
0.0005626180000000147 121
0.0005626760000012609 122
0.0005626779999996501 123
0.0005627260000000689 122
0.0005627540000006093 123
0.0005627820000011496 124
0.000562846000001116 123
0.0005628580000003325 124
0.0005628880000010383 125
0.0005629179999999678 126
0.0005629660000003867 125
0.0005630859999996574 124
0.0005630980000006502 125
0.0005631280000013561 126
0.0005632060000007044 125
0.000563217999999921 126
0.0005633259999999751 125
0.000563338000000968 126
0.0005633960000004379 127
0.0005634460000010222 126
0.0005634580000002387 127
0.0005634880000009446 128
0.0005635179999998741 129
0.0005635480000005799 130
0.0005635660000002929 129
0.0005635780000012858 130
0.0005636080000002153 131
0.00056368600000134 130
0.0005636980000005565 131
0.0005637280000012623 132
0.0005638060000006107 131
0.0005638179999998272 132
0.000563848000000533 133
0.0005639259999998814 132
0.0005639380000008742 133
0.0005639679999998037 134
0.0005639980000005096 135
0.0005640460000009284 134
0.0005640739999996924 135
0.0005641660000001991 134
0.0005641940000007395 135
0.000564223999999669 136
0.0005642860000012462 135
0.0005642980000004627 136
0.0005643280000011686 137
0.0005643580000000981 138
0.0005643880000008039 139
0.0005644060000005169 138
0.0005644179999997334 139
0.0005644500000006047 140
0.0005645259999997876 139
0.0005645380000007805 140
0.00056456799999971 141
0.0005645980000004158 142
0.0005646460000008346 141
0.0005646539999997202 142
0.0005646580000000512 143
0.000564688000000757 144
0.0005647179999996865 145
0.0005647660000001054 144
0.0005647940000006457 145
0.0005648860000011524 144
0.000564894000000038 145
0.0005648980000003689 146
0.0005649300000012403 147
0.0005650060000004231 146
0.000565050000000511 147
0.0005651259999996938 146
0.0005651540000002342 147
0.00056518400000094 148
0.0005652460000007409 147
0.0005652579999999574 148
0.0005653160000012036 149
0.0005653660000000116 148
0.000565394000000552 149
0.0005654240000012578 150
0.0005654680000013457 151
0.0005654860000010586 150
0.0005654980000002752 151
0.000565528000000981 152
0.0005656060000003293 151
0.0005656500000004172 152
0.0005657260000013764 151
0.0005657380000005929 152
0.0005657680000012988 153
0.0005657980000002283 154
0.0005658280000009341 155
0.0005658460000006471 154
0.0005659659999999178 153
0.0005659940000004582 154
0.000566024000001164 155
0.0005660860000009649 154
0.0005660980000001814 155
0.0005661280000008873 156
0.0005662060000002356 155
0.0005662180000012285 156
0.000566248000000158 157
0.0005663260000012826 156
0.0005663380000004992 157
0.000566368000001205 158
0.0005663980000001345 159
0.0005664280000008404 160
0.0005664460000005533 159
0.0005664579999997699 160
0.0005664880000004757 161
0.0005665180000011816 162
0.000566565999999824 161
0.0005665780000008169 162
0.0005666079999997464 163
0.0005666380000004523 164
0.0005666860000008711 163
0.0005666980000000876 164
0.0005667280000007935 165
0.000566757999999723 166
0.0005667880000004288 167
0.0005668060000001418 166
0.0005668340000006822 167
0.0005669260000011889 166
0.0005669380000004054 167
0.0005670460000004596 166
0.0005670579999996761 167
0.0005671659999997303 166
0.0005671780000007232 167
0.0005672079999996527 168
0.0005672380000003585 169
0.0005672860000007773 168
0.0005672979999999939 169
0.0005673280000006997 170
0.000567406000000048 169
0.00056741400000071 170
0.0005674340000005884 171
0.0005674640000012943 172
0.0005675260000010951 171
0.0005675539999998591 172
0.0005675959999997815 173
0.0005676460000003658 172
0.0005676580000013587 173
0.0005676900000004537 174
0.0005677660000014129 173
0.0005678860000006836 172
0.0005678979999999001 173
0.0005680059999999543 172
0.0005680180000009472 173
0.0005681260000010013 172
0.0005681380000002179 173
0.000568246000000272 172
0.0005683660000013191 171
0.0005683780000005356 172
0.0005684860000005898 171
0.0005684979999998063 172
0.0005686059999998605 171
0.0005686180000008534 172
0.0005687260000009076 171
0.0005687380000001241 172
0.0005688460000001783 171
0.000568916000000641 172
0.0005689660000012253 171
0.0005689780000004419 172
0.000569086000000496 171
0.0005690979999997126 172
0.0005692059999997667 171
0.0005693260000008138 170
0.0005693380000000303 171
0.0005694460000000845 170
0.0005694580000010774 171
0.0005695660000011316 170
0.0005696520000011418 171
0.0005696860000004023 170
0.0005696980000013951 171
0.000569805999999673 170
0.00056992600000072 169
0.0005699379999999366 170
0.0005700459999999907 169
0.0005701660000010378 168
0.0005701780000002543 169
0.0005702860000003085 168
0.0005702980000013014 169
0.0005703100000005179 170
0.0005704060000013556 169
0.0005704180000005721 170
0.0005705260000006263 169
0.0005705379999998428 170
0.000570645999999897 169
0.0005706580000008898 170
0.000570766000000944 169
0.0005707780000001605 170
0.0005708860000002147 169
0.0005708980000012076 170
0.0005710060000012618 169
0.0005710180000004783 170
0.0005711260000005325 169
0.000571137999999749 170
0.0005712459999998032 169
0.0005712580000007961 170
0.0005713660000008502 169
0.000571486000000121 168
0.0005714980000011138 169
0.000571606000001168 168
0.0005716180000003845 169
0.0005716480000010904 170
0.0005717260000004387 169
0.0005717379999996552 170
0.0005718459999997094 169
0.0005718580000007023 170
0.0005719660000007565 169
0.000571977999999973 170
0.0005720080000006789 171
0.0005720860000000272 170
0.0005720980000010201 171
0.0005722060000010742 170
0.0005722180000002908 171
0.000572326000000345 170
0.0005723540000008853 171
0.000572446000001392 170
0.0005724580000006085 171
0.0005725660000006627 170
0.0005726859999999334 169
0.0005728060000009805 168
0.0005728339999997445 169
0.0005729260000002512 168
0.0005730460000012982 167
0.0005731660000005689 166
0.0005731940000011093 167
0.0005732859999998396 166
0.0005734060000008867 165
0.0005734339999996507 166
0.0005735260000001574 165
0.0005735540000006978 166
0.0005736460000012045 165
0.0005736739999999685 166
0.0005737660000004752 165
0.0005738859999997459 164
0.0005739140000002863 165
0.0005740060000007929 164
0.0005741260000000636 163
0.0005741340000007256 164
0.000574154000000604 165
0.0005742460000011107 164
0.0005743660000003814 163
0.0005744859999996521 162
0.0005746060000006992 161
0.0005746340000012395 162
0.0005747259999999699 161
0.0005747540000005102 162
0.0005748460000010169 161
0.0005749660000002876 160
0.000574994000000828 161
0.0005750860000013347 160
0.0005752060000006054 159
0.0005753259999998761 158
0.0005753540000004165 159
0.0005754460000009232 158
0.0005755660000001939 157
0.0005756860000012409 156
0.0005758060000005116 155
0.0005759259999997823 154
0.0005760460000008294 153
0.0005761660000001001 152
0.0005762860000011472 151
0.0005764060000004179 150
0.0005765259999996886 149
0.0005766460000007356 148
0.0005767660000000063 147
0.0005768860000010534 146
0.0005769559999997398 147
0.0005770060000003241 146
0.0005771260000013712 145
0.0005772460000006419 144
0.0005772540000013038 145
0.0005773659999999126 144
0.0005774360000003753 145
0.0005774860000009596 144
0.0005774939999998452 145
0.0005776060000002303 144
0.0005777260000012774 143
0.0005778460000005481 142
0.0005779659999998188 141
0.0005780360000002815 142
0.0005780860000008659 141
0.0005782060000001366 140
0.0005783260000011836 139
0.0005784460000004543 138
0.000578565999999725 137
0.0005786360000001878 138
0.0005786860000007721 137
0.0005788060000000428 136
0.0005789260000010898 135
0.0005790460000003606 134
0.0005791660000014076 133
0.0005791780000006241 134
0.0005792860000006783 133
0.000579405999999949 132
0.0005795260000009961 131
0.0005796460000002668 130
0.0005796580000012597 131
0.0005797660000013138 130
0.0005797780000005304 131
0.0005798860000005845 130
0.0005800059999998552 129
0.0005801260000009023 128
0.0005801380000001188 129
0.000580246000000173 128
0.0005803660000012201 127
0.0005803740000001056 128
0.0005803780000004366 129
0.0005804359999999065 130
0.0005804860000004908 129
0.0005806059999997615 128
0.0005807260000008085 127
0.0005807380000000251 128
0.0005808460000000792 127
0.0005809660000011263 126
0.0005809780000003428 127
0.000581086000000397 126
0.0005811560000008598 127
0.0005812059999996677 126
0.0005813260000007148 125
0.0005813379999999313 126
0.0005814459999999855 125
0.0005815660000010325 124
0.0005816860000003032 123
0.0005816980000012961 124
0.000581756000000766 125
0.0005818060000013503 124
0.0005818760000000367 125
0.000581926000000621 124
0.0005819379999998375 125
0.0005820459999998917 124
0.0005821660000009388 123
0.0005822360000014015 124
0.0005822860000002095 123
0.0005822980000012024 124
0.0005824060000012565 123
0.0005824759999999429 124
0.0005825260000005272 123
0.0005826459999997979 122
0.0005826580000007908 123
0.000582766000000845 122
0.0005827780000000615 123
0.0005828860000001157 122
0.0005830060000011628 121
0.0005831260000004335 120
0.00058313799999965 121
0.0005831960000008962 122
0.0005832459999997042 121
0.0005833660000007512 120
0.0005833779999999678 121
0.0005834860000000219 120
0.000583606000001069 119
0.0005837260000003397 118
0.0005837380000013326 119
0.0005837960000008025 120
0.0005838460000013868 119
0.0005838580000006033 120
0.0005839660000006575 119
0.0005840859999999282 118
0.000584098000000921 119
0.0005841560000003909 120
0.0005842060000009752 119
0.0005843260000002459 118
0.000584446000001293 117
0.0005844540000001786 118
0.0005845660000005637 117
0.0005845779999997802 118
0.0005846859999998344 117
0.0005848060000008815 116
0.0005849260000001522 115
0.0005850460000011992 114
0.0005850540000000848 115
0.0005851660000004699 114
0.0005851779999996864 115
0.0005852859999997406 114
0.0005854060000007877 113
0.0005855260000000584 112
0.0005855380000010513 113
0.0005856460000011054 112
0.0005857660000003762 111
0.0005858860000014232 110
0.0005858980000006397 111
0.0005860060000006939 110
0.0005860760000011567 111
0.0005861259999999646 110
0.0005862460000010117 109
0.0005863660000002824 108
0.0005864860000013294 107
0.000586498000000546 108
0.0005866060000006001 107
0.0005867259999998709 106
0.0005867380000008637 107
0.0005868460000009179 106
0.0005869660000001886 105
0.0005869780000011815 106
0.0005870860000012357 105
0.0005872060000005064 104
0.0005873259999997771 103
0.0005874460000008241 102
0.0005874580000000407 103
0.0005875660000000948 102
0.0005876860000011419 101
0.0005876980000003584 102
0.0005878060000004126 101
0.0005878180000014055 102
0.0005879259999996833 101
0.0005879380000006762 102
0.0005880460000007304 101
0.0005880579999999469 102
0.0005881660000000011 101
0.000588178000000994 102
0.0005882860000010481 101
0.0005883559999997345 102
0.0005884060000003188 101
0.0005884180000013117 102
0.0005885260000013659 101
0.0005886460000006366 100
0.0005886579999998531 101
0.0005887160000010994 102
0.0005887659999999073 101
0.0005888860000009544 100
0.0005888980000001709 101
0.0005890060000002251 100
0.0005891260000012721 99
0.0005891380000004887 100
0.0005892460000005428 99
0.0005892579999997594 100
0.0005893659999998135 99
0.0005894360000002763 100
0.0005894860000008606 99
0.0005896060000001313 98
0.0005896180000011242 99
0.0005897260000011784 98
0.0005897380000003949 99
0.0005898460000004491 98
0.0005899659999997198 97
0.0005900860000007668 96
0.0005902060000000375 95
0.0005902180000010304 96
0.0005903260000010846 95
0.0005903380000003011 96
0.0005904460000003553 95
0.0005904580000013482 96
0.0005905660000014024 95
0.0005905740000002879 96
0.0005905780000006189 97
0.0005906360000000888 98
0.0005906860000006731 97
0.0005908059999999438 96
0.0005908760000004065 97
0.0005909260000009908 96
0.0005909380000002074 97
0.0005910460000002615 96
0.0005910580000012544 97
0.0005911660000013086 96
0.0005912860000005793 95
0.00059140599999985 94
0.0005914180000008429 95
0.0005915260000008971 94
0.0005915380000001136 95
0.0005916460000001678 94
0.0005917660000012148 93
0.0005917780000004313 94
0.0005918359999999012 95
0.0005918860000004855 94
0.0005920059999997562 93
0.0005920180000007491 94
0.0005921260000008033 93
0.0005921380000000198 94
0.000592246000000074 93
0.0005922580000010669 94
0.000592366000001121 93
0.0005924860000003918 92
0.0005924980000013846 93
0.0005926059999996625 92
0.0005927260000007095 91
0.000592737999999926 92
0.0005928459999999802 91
0.0005929660000010273 90
0.0005929780000002438 91
0.000593086000000298 90
0.000593206000001345 89
0.0005932180000005616 90
0.0005933260000006157 89
0.0005934459999998865 88
0.0005934700000000959 89
0.0005935160000003492 90
0.0005935660000009335 89
0.00059357800000015 90
0.0005936860000002042 89
0.0005938060000012513 88
0.0005938180000004678 89
0.000593926000000522 88
0.0005939379999997385 89
0.0005940459999997927 88
0.0005941660000008397 87
0.0005941780000000563 88
0.0005942860000001104 87
0.0005944060000011575 86
0.000594418000000374 87
0.0005945260000004282 86
0.0005945380000014211 87
0.0005946459999996989 86
0.0005947160000001617 87
0.000594766000000746 86
0.0005948860000000167 85
0.0005950060000010637 84
0.0005950180000002803 85
0.0005951260000003344 84
0.0005951380000013273 85
0.0005952460000013815 84
0.0005953160000000679 85
0.0005953660000006522 84
0.0005953779999998687 85
0.0005954859999999229 84
0.00059560600000097 83
0.0005956180000001865 84
0.0005957260000002407 83
0.0005957380000012336 84
0.0005958460000012877 83
0.0005958580000005043 84
0.0005959660000005584 83
0.0005960859999998291 82
0.000596098000000822 83
0.0005962060000008762 82
0.0005962180000000927 83
0.0005962490000008813 84
0.0005963260000001469 83
0.0005963380000011398 84
0.000596446000001194 83
0.0005964580000004105 84
0.0005965660000004647 83
0.0005965779999996812 84
0.0005966859999997354 83
0.0005966980000007283 84
0.0005968060000007824 83
0.000596817999999999 84
0.0005969260000000531 83
0.000596938000001046 84
0.0005970460000011002 83
0.0005970580000003167 84
0.0005971660000003709 83
0.000597286000001418 82
0.0005972980000006345 83
0.0005974060000006887 82
0.0005974140000013506 83
0.0005974179999999052 84
0.0005975259999999594 83
0.0005975380000009523 84
0.0005976460000010064 83
0.000597658000000223 84
0.0005977660000002771 83
0.0005978860000013242 82
0.0005978980000005407 83
0.0005980060000005949 82
0.0005980179999998114 83
0.0005981259999998656 82
0.0005981380000008585 83
0.0005982460000009127 82
0.0005982580000001292 83
0.0005983660000001834 82
0.0005984860000012304 81
0.000598494000000116 82
0.000598498000000447 83
0.0005986060000005011 82
0.0005986179999997177 83
0.0005987259999997718 82
0.0005987380000007647 83
0.0005988460000008189 82
0.0005988580000000354 83
0.0005989660000000896 82
0.0005989780000010825 83
0.0005990860000011367 82
0.0005990980000003532 83
0.0005992060000004074 82
0.0005992180000014002 83
0.0005993259999996781 82
0.0005993380000006709 83
0.0005994460000007251 82
0.0005994579999999416 83
0.0005995659999999958 82
0.0005995780000009887 83
0.0005996860000010429 82
0.0005997559999997293 83
0.0005998060000003136 82
0.0005998180000013065 83
0.0005999260000013606 82
0.0005999380000005772 83
0.000599968000001283 84
0.0005999980000002125 85
0.0006000460000006314 84
0.0006000579999998479 85
0.0006001659999999021 84
0.0006002010000010216 85
0.0006002360000003648 86
0.0006002860000009491 85
0.0006002980000001656 86
0.0006003280000008715 87
0.000600357999999801 88
0.0006004060000002198 87
0.0006004180000012127 88
0.0006005260000012669 87
0.0006005540000000309 88
0.0006006460000005376 87
0.0006006579999997541 88
0.0006007659999998083 87
0.0006008860000008553 86
0.0006009140000013957 87
0.000601006000000126 86
0.0006011260000011731 85
0.0006011539999999371 86
0.0006012460000004438 85
0.000601280999999787 86
0.0006013659999997145 85
0.0006014860000007616 84
0.000601514000001302 85
0.0006015560000012243 86
0.0006016060000000323 85
0.0006016140000006942 86
0.0006016340000005727 87
0.0006017260000010793 86
0.0006017539999998434 87
0.00060184600000035 86
0.0006019660000013971 85
0.0006019940000001611 86
0.0006020360000000835 87
0.0006020860000006678 86
0.0006022059999999385 85
0.0006022340000004789 86
0.0006023260000009856 85
0.0006024460000002563 84
0.0006025660000013033 83
0.000602686000000574 82
0.0006027140000011144 83
0.0006028059999998447 82
0.0006028340000003851 83
0.0006029260000008918 82
0.0006029380000001083 83
0.0006030460000001625 82
0.0006030580000011554 83
0.0006031660000012096 82
0.0006031780000004261 83
0.000603208000001132 84
0.0006032860000004803 83
0.0006032979999996968 84
0.000603405999999751 83
0.000603526000000798 82
0.0006035380000000146 83
0.0006035680000007204 84
0.0006036460000000687 83
0.0006037660000011158 82
0.0006038860000003865 81
0.0006038980000013794 82
0.0006040059999996572 81
0.0006041260000007043 80
0.0006041379999999208 81
0.000604245999999975 80
0.000604366000001022 79
0.0006044860000002927 78
0.0006046060000013398 77
0.0006046180000005563 78
0.0006047260000006105 77
0.0006048459999998812 76
0.0006049660000009283 75
0.000605086000000199 74
0.000605206000001246 73
0.0006053260000005167 72
0.0006054459999997874 71
0.0006055660000008345 70
0.0006056860000001052 69
0.000605756000000568 70
0.0006058060000011523 69
0.000605926000000423 68
0.0006060459999996937 67
0.0006061160000001564 68
0.0006061660000007407 67
0.0006062860000000114 66
0.0006064060000010585 65
0.0006064170000001923 64
0.0006065370000012393 63
0.000606596000000792 64
0.00060665700000051 63
0.0006067769999997807 62
0.0006068940000005796 63
0.0006068970000008278 62
0.0006070170000000985 61
0.0006071370000011456 60
0.0006072570000004163 59
0.000607258000000499 60
0.000607376999999687 59
0.0006073779999997697 60
0.000607497000000734 59
0.0006075560000002866 60
0.0006076170000000047 59
0.0006076180000000875 60
0.0006076760000013337 61
0.0006077370000010518 60
0.0006077380000011345 61
0.0006078570000003225 60
0.0006078580000004052 61
0.0006079770000013696 60
0.0006079779999996759 61
0.0006080970000006403 60
0.000608098000000723 61
0.000608216999999911 60
0.000608337000000958 59
0.0006083960000005106 60
0.0006084570000002287 59
0.0006084580000003115 60
0.0006085770000012758 59
0.0006086970000005465 58
0.0006086980000006292 59
0.0006088169999998172 58
0.0006089370000008643 57
0.000608938000000947 58
0.000609057000000135 57
0.000609177000001182 56
0.0006091780000012648 57
0.0006092970000004527 56
0.0006092980000005355 57
0.0006094169999997234 56
0.0006094179999998062 57
0.0006095370000007705 56
0.0006095380000008532 57
0.0006096570000000412 56
0.0006096580000001239 57
0.0006097770000010883 56
0.000609897000000359 55
0.0006098980000004417 56
0.000610017000001406 55
0.0006101370000006767 54
0.0006102569999999474 53
0.0006102580000000302 54
0.0006103160000012764 55
0.0006103770000009945 54
0.0006103780000010772 55
0.0006103880000001283 54
0.0006104980000003479 55
0.0006105080000011753 54
0.000610618000001395 55
0.000610628000000446 54
0.0006107380000006657 55
0.0006107479999997167 54
0.0006108680000007638 53
0.0006109780000009835 54
0.0006109880000000345 53
0.0006110980000002542 54
0.0006111080000010816 53
0.0006112180000013012 54
0.0006112280000003523 53
0.0006112920000003186 54
0.0006113380000005719 55
0.0006113480000013993 54
0.0006114579999998426 55
0.00061146800000067 54
0.0006114789999998038 53
0.0006115780000008897 54
0.0006115990000008509 53
0.0006116980000001604 54
0.0006117190000001216 53
0.0006118390000011686 52
0.0006119590000004393 51
0.0006120579999997489 52
0.00061207899999971 51
0.0006121780000007959 52
0.0006121990000007571 51
0.0006122980000000666 52
0.0006123190000000278 51
0.0006123369999997408 52
0.0006124180000011137 53
0.0006124390000010749 52
0.0006125380000003844 53
0.0006125590000003456 52
0.0006126579999996551 53
0.0006126790000013926 52
0.0006127990000006633 51
0.0006128979999999729 52
0.000612918999999934 51
0.0006130180000010199 52
0.0006130390000009811 51
0.0006131590000002518 50
0.0006132580000013377 51
0.0006132790000012989 50
0.0006133780000006084 51
0.0006133990000005696 50
0.0006134979999998791 51
0.0006135189999998403 50
0.0006136180000009261 51
0.0006136390000008873 50
0.0006137380000001968 51
0.000613759000000158 50
0.0006138580000012439 51
0.0006138790000012051 50
0.0006139889999996484 51
0.0006139990000004758 50
0.0006141090000006955 51
0.0006141189999997465 50
0.0006142289999999662 51
0.0006142390000007936 50
0.0006143490000010132 51
0.0006143590000000643 50
0.0006143670000007262 51
0.0006144690000002839 52
0.0006144790000011113 51
0.000614589000001331 52
0.000614599000000382 51
0.0006147189999996527 50
0.0006147670000000716 51
0.0006148289999998724 52
0.0006148390000006998 51
0.0006149589999999705 50
0.0006150790000010176 49
0.0006151890000012372 50
0.0006151990000002883 49
0.0006152470000007071 50
0.0006153190000013353 49
0.0006154289999997786 50
0.000615439000000606 49
0.0006154980000001586 50
0.0006155589999998767 49
0.0006156690000000964 50
0.0006156790000009238 49
0.0006157990000001945 48
0.0006158579999997471 49
0.0006159190000012416 48
0.0006160289999996849 49
0.0006160390000005123 48
0.000616158999999783 47
0.00061627900000083 46
0.0006163990000001007 45
0.0006165090000003204 46
0.0006165190000011478 45
0.0006166390000004185 44
0.0006167090000008812 45
0.0006167490000006381 46
0.0006167589999996892 45
0.0006168790000007363 44
0.0006168870000013982 45
0.0006169890000009559 46
0.000616999000000007 45
0.0006171090000002266 46
0.000617119000001054 45
0.0006172390000003247 44
0.0006173090000007875 45
0.0006173590000013718 44
0.0006174790000006425 43
0.0006175890000008621 44
0.0006175989999999132 43
0.0006177190000009602 42
0.0006178290000011799 43
0.000617839000000231 42
0.000617959000001278 41
0.0006180790000005487 40
0.0006181989999998194 39
0.0006181999999999022 40
0.0006183190000008665 39
0.0006184390000001372 38
0.0006184400000002199 39
0.0006185590000011842 38
0.000618560000001267 39
0.000618679000000455 38
0.0006186900000013651 37
0.0006187999999998084 38
0.0006188100000006358 37
0.0006189200000008555 38
0.0006189299999999065 37
0.0006189890000012355 38
0.0006190500000009536 37
0.0006190510000010363 38
0.0006191090000005062 39
0.0006191700000002243 38
0.0006192289999997769 39
0.0006192900000012713 38
0.000619410000000542 37
0.0006194110000006248 38
0.0006195299999998127 37
0.0006195309999998955 38
0.0006196500000008598 37
0.0006196510000009425 38
0.0006197090000004124 39
0.0006197700000001305 38
0.0006197830000012061 39
0.0006198900000011776 38
0.0006198910000012603 39
0.0006199490000007302 40
0.0006200100000004483 39
0.000620011000000531 40
0.000620129999999719 39
0.0006201309999998017 40
0.000620250000000766 39
0.0006202510000008488 40
0.0006203700000000367 39
0.0006203710000001195 40
0.0006204900000010838 39
0.0006204910000011665 40
0.0006205490000006364 41
0.0006206100000003545 40
0.0006206110000004372 41
0.0006207300000014015 40
0.0006207309999997079 41
0.0006208500000006723 40
0.000620851000000755 41
0.000620969999999943 40
0.0006209710000000257 41
0.00062109000000099 40
0.0006210910000010728 41
0.0006212100000002607 40
0.0006212110000003435 41
0.0006213300000013078 40
0.0006213310000013905 41
0.0006214500000005785 40
0.0006215699999998492 39
0.0006216900000008962 38
0.000621810000000167 37
0.0006218689999997196 38
0.000621930000001214 37
0.0006219310000012968 38
0.0006220500000004847 37
0.0006220510000005675 38
0.0006221250000013612 39
0.0006221699999997554 38
0.0006222900000008025 37
0.0006222910000008852 38
0.0006224100000000732 37
0.0006225300000011202 36
0.000622531000001203 37
0.0006226050000002203 38
0.000622650000000391 37
0.0006226510000004737 38
0.0006227699999996616 37
0.0006227709999997444 38
0.0006228450000005381 39
0.0006228900000007087 38
0.0006228910000007915 39
0.0006230099999999794 38
0.0006231300000010265 37
0.0006231310000011092 38
0.000623137999999912 39
0.0006232500000002972 38
0.0006232510000003799 39
0.0006233700000013442 38
0.0006233709999996506 39
0.0006234450000004443 40
0.0006234900000006149 39
0.0006234910000006977 40
0.0006236099999998856 39
0.0006236109999999684 40
0.0006237300000009327 39
0.0006237310000010154 40
0.0006238500000002034 39
0.0006238510000002861 40
0.0006239700000012505 39
0.0006240900000005212 38
0.0006240910000006039 39
0.0006242099999997919 38
0.0006242109999998746 39
0.0006243300000008389 38
0.0006244500000001096 37
0.0006244510000001924 38
0.0006245700000011567 37
0.0006245710000012394 38
0.0006246900000004274 37
0.0006246910000005101 38
0.0006247650000013039 39
0.0006248099999996981 38
0.0006248109999997808 39
0.0006248410000004867 40
0.0006249300000007452 39
0.0006249310000008279 40
0.0006249380000014071 41
0.0006249609999997574 42
0.0006250210000011691 43
0.0006250500000000159 42
0.0006250510000000986 43
0.0006251700000010629 42
0.0006251710000011457 43
0.0006252010000000752 44
0.0006252900000003336 43
0.0006254100000013807 42
0.0006254109999996871 43
0.0006254410000003929 44
0.0006255010000000283 45
0.0006255300000006514 44
0.0006255310000007341 45
0.0006255609999996636 46
0.0006256499999999221 45
0.0006256510000000048 46
0.0006256810000007107 47
0.0006257700000009692 46
0.0006257710000010519 47
0.0006258009999999814 48
0.0006258900000002399 47
0.0006258910000003226 48
0.0006259600000007026 49
0.0006260100000012869 48
0.0006260110000013697 49
0.00062603399999972 50
0.0006260410000002992 51
0.0006261300000005576 50
0.0006261310000006404 51
0.0006261610000013462 52
0.0006262499999998283 51
0.0006262620000008212 52
0.0006262919999997507 53
0.0006263220000004566 54
0.0006263520000011624 55
0.0006263700000008754 54
0.0006263820000000919 55
0.0006264120000007978 56
0.0006264900000001461 55
0.000626502000001139 56
0.0006265320000000685 57
0.0006265620000007743 58
0.0006266100000011932 57
0.0006266220000004097 58
0.0006266520000011155 59
0.0006267300000004639 58
0.0006267419999996804 59
0.0006267720000003862 60
0.0006268020000010921 61
0.0006268499999997346 60
0.0006268620000007274 61
0.0006269700000007816 60
0.0006269819999999982 61
0.000627012000000704 62
0.0006270900000000523 61
0.0006271020000010452 62
0.0006271319999999747 63
0.0006271620000006806 64
0.0006272100000010994 63
0.0006272220000003159 64
0.0006273300000003701 63
0.000627342000001363 64
0.0006273720000002925 65
0.0006274500000014172 64
0.0006274620000006337 65
0.0006274920000013395 66
0.0006275700000006879 65
0.0006275819999999044 66
0.0006276120000006102 67
0.0006276259999999922 68
0.0006276610000011118 69
0.0006276899999999586 68
0.0006277020000009514 69
0.0006277319999998809 70
0.0006277620000005868 71
0.0006278100000010056 70
0.0006278220000002221 71
0.000627834000001215 72
0.000627852000000928 73
0.0006279300000002763 72
0.0006279420000012692 73
0.0006279720000001987 74
0.0006280500000013234 73
0.0006280670000009536 74
0.0006281700000005941 73
0.0006281819999998106 74
0.0006282899999998648 73
0.0006283020000008577 74
0.0006283319999997872 75
0.0006284100000009119 74
0.0006284270000005421 75
0.0006285300000001826 74
0.0006285420000011754 75
0.0006285720000001049 76
0.0006286500000012296 75
0.0006286620000004461 76
0.000628692000001152 77
0.0006287220000000815 78
0.0006287700000005003 77
0.0006287870000001305 78
0.0006288560000005106 79
0.000628889999999771 78
0.0006289020000007639 79
0.0006289300000013043 80
0.0006289319999996934 81
0.0006289620000003993 82
0.0006290100000008181 81
0.0006290270000004483 82
0.0006290800000012808 83
0.0006291300000000888 82
0.0006291420000010817 83
0.0006291720000000112 84
0.000629216000000099 85
0.0006292500000011358 84
0.0006292779999998999 85
0.0006293700000004065 84
0.0006293820000013994 85
0.0006294120000003289 86
0.0006294560000004168 87
0.0006294899999996773 86
0.0006295020000006701 87
0.000629532000001376 88
0.0006295620000003055 89
0.0006296100000007243 88
0.0006296380000012647 89
0.0006296960000007346 90
0.000629729999999995 89
0.0006297420000009879 90
0.0006297719999999174 91
0.0006298500000010421 90
0.0006298779999998061 91
0.0006299199999997285 92
0.0006299700000003128 91
0.0006299820000013057 92
0.0006300120000002352 93
0.000630056000000323 94
0.0006300900000013598 93
0.0006301020000005764 94
0.0006301320000012822 95
0.0006302100000006305 94
0.0006302380000011709 95
0.0006303299999999012 94
0.0006303420000008941 95
0.0006303719999998236 96
0.0006304500000009483 95
0.0006304620000001648 96
0.0006304920000008707 97
0.000630570000000219 96
0.0006305820000012119 97
0.0006306120000001414 98
0.0006306210000008861 99
0.0006306420000008472 100
0.0006306719999997767 101
0.0006306900000012661 100
0.0006307020000004826 101
0.0006307320000011885 102
0.0006308100000005368 101
0.0006308219999997533 102
0.0006308520000004592 103
0.0006309299999998075 102
0.0006309420000008004 103
0.0006310500000008545 102
0.0006310620000000711 103
0.0006310920000007769 104
0.0006311700000001252 103
0.0006311980000006656 104
0.0006312900000011723 103
0.0006313020000003888 104
0.000631410000000443 103
0.0006314380000009834 104
0.0006315299999997137 103
0.0006315580000002541 104
0.0006316000000001765 105
0.0006316300000008823 106
0.0006316500000007608 105
0.0006316619999999773 106
0.0006317700000000315 105
0.0006317820000010244 106
0.0006318119999999539 107
0.0006318260000011122 108
0.0006318560000000417 109
0.0006318900000010785 108
0.0006319020000002951 109
0.0006319760000010888 110
0.0006320100000003492 109
0.0006320380000008896 110
0.0006321300000013963 109
0.000632250000000667 108
0.0006322619999998835 109
0.0006322920000005894 110
0.0006323699999999377 109
0.0006323980000004781 110
0.000632455999999948 111
0.0006324900000009848 110
0.0006325020000002013 111
0.0006326100000002555 110
0.0006326220000012484 111
0.0006326520000001778 112
0.0006326550000004261 113
0.0006327300000013025 112
0.0006327420000005191 113
0.0006328500000005732 112
0.0006328619999997898 113
0.0006328920000004956 114
0.0006329699999998439 113
0.0006329820000008368 114
0.0006330119999997663 115
0.000633090000000891 114
0.0006331340000009789 115
0.0006332100000001617 114
0.0006332220000011546 115
0.0006332520000000841 116
0.0006333300000012088 115
0.0006333420000004253 116
0.0006333720000011311 117
0.0006334020000000606 118
0.0006334500000004795 117
0.000633461999999696 118
0.0006334920000004018 119
0.0006335220000011077 120
0.0006335520000000372 121
0.0006335699999997502 120
0.000633582000000743 121
0.0006336119999996725 122
0.0006336420000003784 123
0.0006336900000007972 122
0.0006337020000000138 123
0.0006337320000007196 124
0.0006337619999996491 125
0.0006338100000000679 124
0.0006338220000010608 125
0.0006338519999999903 126
0.000633930000001115 125
0.0006339420000003315 126
0.0006339720000010374 127
0.0006340019999999669 128
0.0006340500000003857 127
0.0006340940000004736 128
0.0006341699999996564 127
0.0006341820000006493 128
0.0006342120000013551 129
0.0006342900000007035 128
0.0006343340000007913 129
0.0006344099999999742 128
0.000634454000000062 129
0.0006345120000013083 130
0.0006345300000010212 129
0.0006345420000002377 130
0.0006345720000009436 131
0.0006346019999998731 132
0.0006346500000002919 131
0.0006346620000012848 132
0.0006346690000000876 133
0.0006346920000002143 134
0.0006347220000009202 135
0.000634770000001339 134
0.000634798000000103 135
0.0006348900000006097 134
0.0006349019999998262 135
0.0006349340000006976 136
0.0006350099999998804 135
0.0006350220000008733 136
0.0006351300000009275 135
0.0006351579999996915 136
0.0006351880000003973 137
0.0006352500000001982 136
0.000635262000001191 137
0.000635294000000286 138
0.0006353240000009919 139
0.0006353700000012452 138
0.0006353820000004617 139
0.0006354120000011676 140
0.0006354900000005159 139
0.0006355180000010563 140
0.0006355479999999858 141
0.0006356099999997866 140
0.0006356220000007795 141
0.000635651999999709 142
0.0006357300000008337 141
0.0006357420000000502 142
0.0006357720000007561 143
0.0006358019999996856 144
0.0006358500000001044 143
0.0006358610000010145 142
0.0006358780000006448 143
0.0006359080000013506 144
0.0006359810000002852 143
0.000635982000000368 144
0.0006360399999998378 145
0.0006361010000013323 144
0.000636102000001415 145
0.0006361320000003445 146
0.000636221000000603 145
0.0006362220000006857 146
0.0006362520000013916 147
0.0006362820000003211 148
0.0006363409999998737 147
0.0006363419999999564 148
0.0006363720000006623 149
0.0006364610000009208 148
0.0006364620000010035 149
0.000636491999999933 150
0.0006365220000006389 151
0.0006365810000001915 150
0.0006365820000002742 151
0.0006366120000009801 152
0.0006367010000012385 151
0.0006367020000013213 152
0.0006367320000002508 153
0.0006368210000005092 152
0.000636822000000592 153
0.0006368520000012978 154
0.0006369409999997799 153
0.0006369419999998627 154
0.0006370000000011089 155
0.000637061000000827 154
0.0006371810000000977 153
0.0006371820000001804 154
0.0006373010000011448 153
0.0006373020000012275 154
0.0006374210000004155 153
0.0006374220000004982 154
0.0006375409999996862 153
0.0006376610000007332 152
0.0006377810000000039 151
0.000637901000001051 150
0.0006379020000011337 151
0.0006379600000006036 152
0.0006380210000003217 151
0.0006380220000004044 152
0.0006380799999998743 153
0.0006381410000013688 152
0.0006381419999996751 153
0.0006382160000004689 154
0.0006382610000006395 153
0.0006382620000007222 154
0.0006383809999999102 153
0.0006383819999999929 154
0.0006385010000009572 153
0.0006386210000002279 152
0.0006386220000003107 153
0.0006386799999997805 154
0.000638741000001275 153
0.0006387420000013577 154
0.0006388610000005457 153
0.0006388620000006284 154
0.0006389360000014221 155
0.0006389809999998164 154
0.0006389819999998991 155
0.0006391010000008635 154
0.0006391020000009462 155
0.0006392210000001342 154
0.0006392220000002169 155
0.0006392799999996868 156
0.0006393410000011812 155
0.000639342000001264 156
0.0006394610000004519 155
0.0006395809999997226 154
0.0006395819999998054 155
0.0006397010000007697 154
0.0006398210000000404 153
0.0006398220000001231 154
0.0006399410000010874 153
0.0006399420000011702 154
0.0006400000000006401 155
0.0006400610000003581 154
0.0006400620000004409 155
0.0006401810000014052 154
0.0006401819999997116 155
0.0006402120000004174 156
0.0006403010000006759 155
0.0006403020000007587 156
0.0006404209999999466 155
0.0006405410000009937 154
0.0006406610000002644 153
0.0006406620000003471 154
0.0006407810000013114 153
0.0006407820000013942 154
0.0006409010000005821 153
0.0006409020000006649 154
0.0006409759999996822 155
0.0006410209999998528 154
0.0006410219999999356 155
0.0006410520000006414 156
0.0006411410000008999 155
0.0006412610000001706 154
0.0006412620000002534 155
0.0006412920000009592 156
0.0006413810000012177 155
0.0006413820000013004 156
0.0006415010000004884 155
0.0006415020000005711 156
0.0006416209999997591 155
0.0006416219999998418 156
0.0006416520000005477 157
0.0006417410000008061 156
0.0006418610000000768 155
0.0006418620000001596 156
0.0006418650000004078 157
0.0006418950000011137 158
0.0006419810000011239 157
0.0006419820000012066 158
0.0006421010000003946 157
0.0006421020000004773 158
0.0006421320000011832 159
0.0006422209999996653 158
0.000642221999999748 159
0.0006423410000007124 158
0.0006423420000007951 159
0.0006424609999999831 158
0.0006424720000008932 157
0.0006425820000011129 158
0.0006425920000001639 157
0.0006427020000003836 158
0.000642712000001211 157
0.0006427320000010894 158
0.0006428219999996543 159
0.0006428320000004817 158
0.0006429420000007013 159
0.0006429519999997524 158
0.0006429720000014072 159
0.000643061999999972 160
0.0006430720000007994 159
0.0006431920000000702 158
0.0006431980000005666 159
0.0006433120000011172 158
0.0006434320000003879 157
0.0006435519999996586 156
0.0006436720000007057 155
0.0006436780000012021 156
0.0006437919999999764 155
0.0006439120000010234 154
0.0006439179999997435 155
0.0006440320000002941 154
0.0006441520000013412 153
0.0006442720000006119 152
0.0006442780000011084 153
0.0006443919999998826 152
0.0006445120000009297 151
0.0006445179999996498 152
0.0006446320000002004 151
0.0006447520000012474 150
0.0006448720000005181 149
0.0006449919999997888 148
0.0006449980000002853 149
0.0006451120000008359 148
0.0006452320000001066 147
0.000645238000000603 148
0.0006453520000011537 147
0.0006454720000004244 146
0.0006455919999996951 145
0.0006457120000007421 144
0.0006457180000012386 145
0.0006458320000000128 144
0.0006459520000010599 143
0.00064595799999978 144
0.0006460720000003306 143
0.0006460830000012407 142
0.0006462030000005115 141
0.0006463229999997822 140
0.0006464430000008292 139
0.0006465630000000999 138
0.000646683000001147 137
0.0006468030000004177 136
0.0006469229999996884 135
0.0006470430000007354 134
0.0006471630000000062 133
0.0006472830000010532 132
0.0006474030000003239 131
0.000647523000001371 130
0.0006476430000006417 129
0.0006477020000001943 130
0.0006477629999999124 129
0.0006478830000009594 128
0.0006480030000002301 127
0.0006481230000012772 126
0.0006482430000005479 125
0.0006483629999998186 124
0.0006484830000008657 123
0.0006486030000001364 122
0.0006487230000011834 121
0.0006488430000004541 120
0.0006489629999997248 119
0.0006490830000007719 118
0.0006491420000003245 119
0.0006492030000000426 118
0.0006492620000013716 119
0.0006493230000010897 118
0.0006494430000003604 117
0.0006495630000014074 116
0.0006496729999998507 117
0.0006496830000006781 116
0.0006498029999999488 115
0.0006498620000012778 116
0.0006499130000001685 117
0.0006499230000009959 116
0.0006500430000002666 115
0.0006501019999998192 116
0.0006501630000013137 115
0.0006502830000005844 114
0.0006504029999998551 113
0.0006504039999999378 114
0.0006504140000007652 113
0.0006505340000000359 112
0.0006506440000002556 113
0.000650654000001083 112
0.0006507019999997254 113
0.0006507740000003537 112
0.0006508940000014007 111
0.000651003999999844 112
0.0006510140000006714 111
0.0006511240000008911 112
0.0006511339999999421 111
0.0006512540000009892 110
0.0006513640000012089 111
0.0006513740000002599 110
0.0006514840000004796 111
0.000651494000001307 110
0.0006516140000005777 109
0.0006517339999998484 108
0.0006518540000008954 107
0.0006519740000001661 106
0.0006519950000001273 107
0.0006520840000003858 108
0.0006520940000012132 107
0.0006522140000004839 106
0.0006523339999997546 105
0.0006524540000008017 104
0.0006525740000000724 103
0.000652684000000292 104
0.0006526940000011194 103
0.0006528140000003901 102
0.0006528729999999427 103
0.0006529339999996608 102
0.0006530540000007079 101
0.0006531739999999786 100
0.0006532940000010257 99
0.0006534140000002964 98
0.000653524000000516 99
0.0006535340000013434 98
0.0006536540000006141 97
0.0006537739999998848 96
0.0006538940000009319 95
0.0006540140000002026 94
0.0006541340000012497 93
0.0006541350000013324 94
0.0006542540000005204 93
0.0006542550000006031 94
0.0006543739999997911 93
0.0006544940000008381 92
0.0006544950000009209 93
0.0006546140000001088 92
0.0006547340000011559 91
0.0006547350000012386 92
0.0006548540000004266 91
0.0006548550000005093 92
0.0006549739999996973 91
0.0006550940000007444 90
0.0006550950000008271 91
0.0006552140000000151 90
0.0006552150000000978 91
0.000655273000001344 92
0.0006553340000010621 91
0.0006554540000003328 90
0.0006555740000013799 89
0.0006555749999996863 90
0.0006556060000004749 91
0.0006556940000006506 90
0.0006556950000007333 91
0.0006558139999999213 90
0.0006559340000009684 89
0.0006559350000010511 90
0.0006560540000002391 89
0.0006560550000003218 90
0.0006561740000012861 89
0.0006562940000005568 88
0.0006562950000006396 89
0.0006564139999998275 88
0.0006565340000008746 87
0.0006565350000009573 88
0.0006566540000001453 87
0.000656655000000228 88
0.000656724000000608 89
0.0006567740000011923 88
0.0006567750000012751 89
0.000656894000000463 88
0.00065693400000022 89
0.0006570139999997338 88
0.0006570149999998165 89
0.0006571340000007808 88
0.0006571350000008636 89
0.0006572540000000515 88
0.0006572550000001343 89
0.0006573740000010986 88
0.0006574940000003693 87
0.0006576140000014163 86
0.0006576149999997227 87
0.000657734000000687 86
0.0006578539999999578 85
0.0006579740000010048 84
0.0006579860000002213 85
0.0006580940000002755 84
0.0006581060000012684 85
0.0006582140000013226 84
0.0006582260000005391 85
0.000658284000000009 86
0.0006583340000005933 85
0.000658453999999864 84
0.0006584660000008569 85
0.000658574000000911 84
0.0006586940000001817 83
0.0006587060000011746 84
0.0006588140000012288 83
0.0006588260000004453 84
0.0006589340000004995 83
0.0006590539999997702 82
0.0006590660000007631 83
0.0006591740000008173 82
0.000659294000000088 81
0.000659414000001135 80
0.0006594260000003516 81
0.0006595340000004057 80
0.0006595460000013986 81
0.0006596539999996764 80
0.0006596660000006693 81
0.0006597740000007235 80
0.0006598939999999942 79
0.0006599060000009871 80
0.0006600140000010413 79
0.000660134000000312 78
0.0006601460000013049 79
0.000660254000001359 78
0.0006602660000005756 79
0.0006603740000006297 78
0.0006603859999998463 79
0.0006604440000010925 80
0.0006604939999999004 79
0.0006605050000008106 78
0.0006605060000008933 79
0.0006606250000000813 78
0.0006607450000011283 77
0.000660865000000399 76
0.0006609849999996698 75
0.0006609859999997525 76
0.0006610440000009987 77
0.0006611050000007168 76
0.0006612249999999875 75
0.0006612260000000703 76
0.0006613450000010346 75
0.0006613460000011173 76
0.0006614650000003053 75
0.0006615239999998579 76
0.0006615850000013523 75
0.0006615859999996587 76
0.000661705000000623 75
0.0006618249999998937 74
0.0006618259999999765 75
0.0006619450000009408 74
0.0006619460000010235 75
0.0006620040000004934 76
0.0006620650000002115 75
0.0006621850000012586 74
0.0006621860000013413 75
0.0006623050000005293 74
0.0006623640000000819 75
0.0006624249999998 74
0.0006624259999998827 75
0.000662545000000847 74
0.0006626650000001177 73
0.0006626660000002005 74
0.0006627850000011648 73
0.0006627860000012475 74
0.0006628440000007174 75
0.0006629050000004355 74
0.0006630249999997062 73
0.000663025999999789 74
0.0006631450000007533 73
0.000663146000000836 74
0.000663265000000024 73
0.0006632660000001067 74
0.000663385000001071 73
0.0006633860000011538 74
0.0006634440000006236 75
0.0006635050000003417 74
0.0006636250000013888 73
0.0006636259999996952 74
0.0006637450000006595 73
0.0006638649999999302 72
0.0006638660000000129 73
0.0006639850000009773 72
0.000664105000000248 71
0.0006641060000003307 72
0.000664225000001295 71
0.0006642260000013778 72
0.0006643450000005657 71
0.0006643460000006485 72
0.0006644649999998364 71
0.0006645850000008835 70
0.0006645860000009662 71
0.0006647050000001542 70
0.0006647060000002369 71
0.0006648250000012013 70
0.000664836000000335 69
0.0006649460000005547 70
0.0006649560000013821 69
0.0006650760000006528 68
0.0006651860000008725 69
0.0006651959999999235 68
0.0006653160000009706 67
0.0006654260000011902 68
0.0006654360000002413 67
0.0006655460000004609 68
0.0006655560000012883 67
0.0006656659999997316 68
0.000665676000000559 67
0.0006657860000007787 68
0.0006657959999998297 67
0.0006659160000008768 66
0.0006660260000010965 67
0.0006660360000001475 66
0.0006661460000003672 67
0.0006661560000011946 66
0.0006662660000014142 67
0.0006662760000004653 66
0.0006663860000006849 67
0.000666395999999736 66
0.0006664070000006461 65
0.0006665059999999556 66
0.0006665269999999168 65
0.0006666260000010027 66
0.0006666470000009639 65
0.0006667460000002734 66
0.0006667670000002346 65
0.0006668870000012816 64
0.0006669860000005912 65
0.0006670070000005524 64
0.0006671059999998619 65
0.0006671269999998231 64
0.0006672260000009089 65
0.0006672470000008701 64
0.0006673460000001796 65
0.0006673670000001408 64
0.000667378000001051 63
0.0006674660000012267 64
0.0006674980000003217 63
0.0006675860000004974 64
0.0006676180000013687 63
0.0006677059999997681 64
0.0006677380000006394 63
0.0006678260000008152 64
0.0006678579999999101 63
0.0006679460000000859 64
0.0006679780000009572 63
0.0006680770000002667 64
0.0006680980000002279 63
0.0006681970000013138 64
0.000668218000001275 63
0.0006682550000007836 64
0.0006683170000005845 65
0.0006683380000005457 64
0.0006684369999998552 65
0.0006684579999998164 64
0.0006685570000009022 65
0.0006685780000008634 64
0.0006686770000001729 65
0.0006686980000001341 64
0.0006687350000014192 65
0.00066879700000122 66
0.0006688180000011812 65
0.0006689380000004519 64
0.0006690369999997614 65
0.0006690579999997226 64
0.0006691570000008085 65
0.0006691780000007697 64
0.0006692770000000792 65
0.0006692980000000404 64
0.0006693970000011262 65
0.0006694180000010874 64
0.0006695170000003969 65
0.0006695380000003581 64
0.0006696369999996676 65
0.0006696580000014052 64
0.0006697570000007147 65
0.0006697780000006759 64
0.0006698820000003991 65
0.0006698979999999466 64
0.0006700180000009937 63
0.0006701380000002644 62
0.0006702580000013114 61
0.0006703620000010346 62
0.0006703780000005821 61
0.0006704979999998528 60
0.0006706020000013524 61
0.0006706180000008999 60
0.0006707380000001706 59
0.0006708580000012176 58
0.0006709780000004884 57
0.000671097999999759 56
0.0006712130000003924 57
0.0006712180000008061 56
0.0006712660000012249 57
0.0006713380000000768 56
0.0006714580000011239 55
0.0006715729999999809 56
0.0006715780000003946 55
0.0006716979999996653 54
0.0006718180000007123 53
0.000671937999999983 52
0.0006720530000006164 53
0.0006720580000010301 52
0.0006721780000003008 51
0.0006722369999998534 52
0.0006722980000013479 51
0.0006724130000002049 52
0.0006724180000006186 51
0.0006725379999998893 50
0.0006726580000009363 49
0.000672778000000207 48
0.0006728980000012541 47
0.0006730180000005248 46
0.0006731280000007445 47
0.0006731379999997955 46
0.0006732580000008426 45
0.0006733280000013053 46
0.0006733680000010622 47
0.0006733780000001133 46
0.0006734880000003329 47
0.0006734980000011603 46
0.00067360800000138 47
0.000673618000000431 46
0.0006737379999997017 45
0.0006738580000007488 44
0.0006739780000000195 43
0.0006739790000001022 44
0.0006740980000010666 43
0.0006740990000011493 44
0.0006742180000003373 43
0.00067421900000042 44
0.0006743380000013843 43
0.0006743389999996907 44
0.000674458000000655 43
0.0006744590000007378 44
0.0006745779999999257 43
0.0006745790000000085 44
0.0006746980000009728 43
0.0006747679999996592 44
0.0006748180000002435 43
0.0006748190000003262 44
0.0006749380000012906 43
0.0006749500000005071 44
0.0006750580000005613 43
0.0006750699999997778 44
0.000675128000001024 45
0.000675177999999832 44
0.0006751900000008249 45
0.000675298000000879 44
0.0006753100000000956 45
0.0006754180000001497 44
0.0006754300000011426 45
0.0006754880000006125 46
0.0006755380000011968 45
0.0006755500000004133 46
0.0006756580000004675 45
0.000675669999999684 46
0.0006757779999997382 45
0.0006758980000007853 44
0.0006759100000000018 45
0.000675968000001248 46
0.000676018000000056 45
0.0006760300000010488 46
0.000676138000001103 45
0.0006761500000003196 46
0.0006762240000011133 47
0.0006762580000003737 46
0.0006762700000013666 47
0.0006763780000014208 46
0.0006763900000006373 47
0.0006764980000006915 46
0.000676509999999908 47
0.0006766179999999622 46
0.0006766300000009551 47
0.000676688000000425 48
0.0006767380000010093 47
0.0006767500000002258 48
0.00067685800000028 47
0.0006768700000012728 48
0.000676978000001327 47
0.0006769900000005435 48
0.0006770980000005977 47
0.0006771099999998142 48
0.0006772179999998684 47
0.0006772880000003312 48
0.0006773380000009155 47
0.000677350000000132 48
0.0006774580000001862 47
0.0006774700000011791 48
0.0006775780000012332 47
0.000677698000000504 46
0.0006777099999997205 47
0.0006778179999997747 46
0.0006778300000007675 47
0.0006779380000008217 46
0.0006780580000000924 45
0.0006780700000010853 46
0.0006781780000011395 45
0.000678190000000356 46
0.0006782980000004102 45
0.0006783100000014031 46
0.0006784179999996809 45
0.000678538000000728 44
0.0006785499999999445 45
0.0006786579999999987 44
0.0006787780000010457 43
0.0006787900000002622 44
0.0006788980000003164 43
0.0006789100000013093 44
0.0006790180000013635 43
0.00067903000000058 44
0.0006791380000006342 43
0.0006792579999999049 42
0.0006792700000008978 43
0.0006793780000009519 42
0.0006794980000002226 41
0.0006795100000012155 42
0.0006796180000012697 41
0.0006796300000004862 42
0.0006797380000005404 41
0.0006798579999998111 40
0.000679870000000804 41
0.0006799780000008582 40
0.0006800980000001289 39
0.0006801100000011218 40
0.0006802180000011759 39
0.0006803380000004466 38
0.0006803499999996632 39
0.0006804579999997173 38
0.0006805780000007644 37
0.0006805899999999809 38
0.0006806980000000351 37
0.0006808180000010822 36
0.0006809380000003529 35
0.0006809500000013458 36
0.0006810580000013999 35
0.0006810700000006165 36
0.0006811280000000863 37
0.0006811780000006706 36
0.0006812979999999413 35
0.0006813100000009342 36
0.0006814180000009884 35
0.0006815380000002591 34
0.000681550000001252 35
0.0006816580000013062 34
0.0006816700000005227 35
0.0006817279999999926 36
0.0006817780000005769 35
0.0006818979999998476 34
0.0006819100000008405 35
0.0006820180000008946 34
0.0006821380000001653 33
0.0006821500000011582 34
0.0006822580000012124 33
0.0006822700000004289 34
0.0006823780000004831 33
0.0006823899999996996 34
0.0006824979999997538 33
0.0006825100000007467 34
0.0006826180000008009 33
0.0006826300000000174 34
0.0006827380000000716 33
0.0006827500000010644 34
0.0006828580000011186 33
0.0006828700000003352 34
0.0006829780000003893 33
0.0006829900000013822 34
0.00068309799999966 33
0.0006831100000006529 34
0.0006832180000007071 33
0.0006832299999999236 34
0.0006832880000011698 35
0.0006833379999999778 34
0.0006833500000009707 35
0.0006834580000010249 34
0.0006834700000002414 35
0.0006835780000002956 34
0.0006836480000007583 35
0.0006836980000013426 34
0.0006837100000005591 35
0.0006838180000006133 34
0.0006838299999998299 35
0.000683937999999884 34
0.0006839500000008769 35
0.0006840080000003468 36
0.0006840380000010526 37
0.0006840580000009311 36
0.0006840700000001476 37
0.0006841780000002018 36
0.0006842980000012489 35
0.0006843100000004654 36
0.0006844180000005196 35
0.0006844299999997361 36
0.0006845379999997903 35
0.0006845500000007831 36
0.0006846239999998005 37
0.0006846580000008373 36
0.0006846700000000538 37
0.000684778000000108 36
0.0006847900000011009 37
0.0006848980000011551 36
0.0006849100000003716 37
0.0006850180000004258 36
0.0006850300000014187 37
0.0006851379999996965 36
0.0006851500000006894 37
0.0006852080000001592 38
0.0006852580000007436 37
0.0006852699999999601 38
0.0006853780000000143 37
0.0006854060000005546 38
0.0006854980000010613 37
0.000685618000000332 36
0.0006856460000008724 37
0.0006856880000007948 38
0.0006857380000013791 37
0.0006857660000001431 38
0.0006858580000006498 37
0.0006858860000011902 38
0.0006859779999999205 37
0.0006860980000009675 36
0.0006861259999997316 37
0.0006861840000009778 38
0.0006862180000002382 37
0.0006863380000012853 36
0.0006863500000005018 37
0.0006863800000012077 38
0.000686458000000556 37
0.0006865440000005663 38
0.0006865779999998267 37
0.0006865900000008196 38
0.0006866199999997491 39
0.000686650000000455 40
0.0006866980000008738 39
0.0006867100000000903 40
0.0006868180000001445 39
0.0006868300000011374 40
0.0006868600000000669 41
0.0006869380000011915 40
0.0006869500000004081 41
0.0006869800000011139 42
0.0006870100000000434 43
0.0006870580000004622 42
0.0006870699999996788 43
0.000687177999999733 42
0.0006871900000007258 43
0.0006872199999996553 44
0.00068729800000078 43
0.0006873099999999965 44
0.0006874180000000507 43
0.0006874300000010436 44
0.0006874599999999731 45
0.0006875380000010978 44
0.0006875500000003143 45
0.0006875800000010202 46
0.0006876099999999497 47
0.0006876580000003685 46
0.0006877780000014155 45
0.0006877900000006321 46
0.0006878200000013379 47
0.0006878980000006862 46
0.0006879099999999028 47
0.0006880179999999569 46
0.0006880300000009498 47
0.0006881039999999672 48
0.000688138000001004 47
0.000688165999999768 48
0.0006882079999996904 49
0.0006882580000002747 48
0.0006882700000012676 49
0.0006883020000003626 50
0.0006883780000013218 49
0.0006883900000005383 50
0.0006884980000005925 49
0.000688509999999809 50
0.0006885420000006803 51
0.0006885840000006027 52
0.0006886179999998632 51
0.000688661999999951 52
0.0006887380000009102 51
0.0006887500000001268 52
0.0006887820000009981 53
0.0006888580000001809 52
0.0006888700000011738 53
0.000688978000001228 52
0.0006889900000004445 53
0.0006890220000013159 54
0.0006890800000007857 55
0.0006890980000004987 54
0.0006892179999997694 53
0.0006892300000007623 54
0.0006892599999996918 55
0.0006892900000003976 56
0.0006893380000008165 55
0.000689350000000033 56
0.0006894400000003742 57
0.0006894580000000872 56
0.0006894860000006275 57
0.0006895160000013334 58
0.0006895460000002629 59
0.0006895780000011342 58
0.0006895900000003508 59
0.0006896200000010566 60
0.0006896980000004049 59
0.0006897100000013978 60
0.0006897400000003273 61
0.0006897700000010332 62
0.0006898179999996756 61
0.0006898300000006685 62
0.0006898600000013744 63
0.0006898900000003039 64
0.0006899200000010097 65
0.0006899380000007227 64
0.0006899499999999392 65
0.0006899800000006451 66
0.0006900579999999934 65
0.0006900860000005338 66
0.0006901160000012396 67
0.0006901780000010405 66
0.000690190000000257 67
0.0006902200000009628 68
0.0006902980000003112 67
0.000690310000001304 68
0.0006903400000002335 69
0.0006903700000009394 70
0.0006904180000013582 69
0.0006904300000005748 70
0.0006904600000012806 71
0.0006904900000002101 72
0.000690520000000916 73
0.0006905380000006289 72
0.0006905499999998455 73
0.0006906579999998996 72
0.00069068600000044 73
0.0006907160000011459 74
0.0006907460000000754 75
0.0006907780000009467 74
0.0006907900000001632 75
0.0006908200000008691 76
0.0006908980000002174 75
0.0006909100000012103 76
0.0006909400000001398 77
0.0006909999999997751 78
0.0006910180000012645 77
0.000691030000000481 78
0.0006911040000012747 79
0.0006911380000005352 78
0.0006911499999997517 79
0.0006911800000004575 80
0.0006912100000011634 81
0.0006912579999998059 80
0.0006912700000007987 81
0.0006912999999997282 82
0.0006913780000008529 81
0.0006913900000000694 82
0.0006914200000007753 83
0.0006914800000004107 84
0.0006914980000001236 83
0.0006915100000011165 84
0.0006916180000011707 83
0.0006916300000003872 84
0.0006916600000010931 85
0.0006917380000004414 84
0.0006917499999996579 85
0.0006917800000003638 86
0.0006918579999997121 85
0.000691870000000705 86
0.0006919000000014108 87
0.0006919780000007592 86
0.0006919899999999757 87
0.0006920980000000299 86
0.0006921100000010227 87
0.0006921399999999522 88
0.0006922180000010769 87
0.0006922300000002934 88
0.0006922600000009993 89
0.0006923380000003476 88
0.0006923500000013405 89
0.0006924399999999054 90
0.0006924580000013947 89
0.0006924700000006112 90
0.0006925000000013171 91
0.0006925780000006654 90
0.0006925899999998819 91
0.0006926200000005878 92
0.0006926500000012936 93
0.0006926979999999361 92
0.000692710000000929 93
0.0006927399999998585 94
0.0006928180000009831 93
0.0006928300000001997 94
0.0006928600000009055 95
0.0006929380000002539 94
0.0006929500000012467 95
0.0006930080000007166 96
0.0006930580000013009 95
0.0006930700000005174 96
0.0006930730000007657 97
0.0006931029999996952 98
0.0006931780000005716 97
0.000693206000001112 98
0.0006932979999998423 97
0.0006933100000008352 98
0.0006933399999997647 99
0.0006934000000011764 100
0.0006934180000008894 99
0.0006934300000001059 100
0.0006934600000008118 101
0.0006934899999997413 102
0.0006935380000001601 101
0.000693550000001153 102
0.0006936240000001703 103
0.0006936580000012071 102
0.0006936859999999712 103
0.0006937780000004778 102
0.0006937899999996944 103
0.0006938200000004002 104
0.0006938979999997485 103
0.0006939100000007414 104
0.0006939399999996709 105
0.0006940000000010826 106
0.0006940180000007956 105
0.0006940300000000121 106
0.000694060000000718 107
0.0006941380000000663 106
0.0006941500000010592 107
0.0006941799999999887 108
0.0006942100000006945 109
0.0006942580000011134 108
0.0006942700000003299 109
0.0006943000000010358 110
0.0006943780000003841 109
0.000694390000001377 110
0.0006944200000003065 111
0.0006944979999996548 110
0.0006945100000006477 111
0.0006945400000013535 112
0.0006946180000007018 111
0.0006946299999999184 112
0.0006946600000006242 113
0.0006947379999999725 112
0.0006947500000009654 113
0.0006947799999998949 114
0.0006948580000010196 113
0.0006948700000002361 114
0.000694900000000942 115
0.0006949299999998715 116
0.0006949330000001197 117
0.0006949780000002903 116
0.0006949900000012832 117
0.0006950200000002127 118
0.0006950980000013374 117
0.0006952180000006081 116
0.0006952299999998246 117
0.0006952600000005305 118
0.0006953379999998788 117
0.0006953500000008717 118
0.0006953799999998012 119
0.000695410000000507 120
0.0006954580000009258 119
0.0006954859999996899 120
0.0006955780000001965 119
0.0006955900000011894 120
0.0006956200000001189 121
0.0006956980000012436 120
0.0006957100000004601 121
0.000695740000001166 122
0.0006957430000014142 123
0.0006958180000005143 122
0.0006958299999997308 123
0.0006958600000004367 124
0.0006958900000011425 125
0.000695937999999785 124
0.0006959660000003254 125
0.0006960580000008321 124
0.0006961780000001028 123
0.0006961900000010957 124
0.0006962200000000252 125
0.0006962980000011498 124
0.0006963100000003664 125
0.0006963400000010722 126
0.0006964180000004205 125
0.0006964300000014134 126
0.0006964600000003429 127
0.0006965199999999783 128
0.0006965379999996912 127
0.000696608000000154 128
0.0006966580000007383 127
0.0006966860000012787 128
0.000696778000000009 127
0.0006967900000010019 128
0.0006968199999999314 129
0.0006968980000010561 128
0.0006969100000002726 129
0.0006970180000003268 128
0.0006970300000013196 129
0.0006970600000002491 130
0.000697104000000337 131
0.0006971380000013738 130
0.0006971500000005904 131
0.0006972580000006445 130
0.0006972699999998611 131
0.0006973000000005669 132
0.0006973300000012728 133
0.0006973779999999152 132
0.0006974980000009623 131
0.0006975100000001788 132
0.000697618000000233 131
0.0006976300000012259 132
0.0006977380000012801 131
0.0006977500000004966 132
0.0006977800000012024 133
0.0006978100000001319 134
0.0006978580000005508 133
0.0006979020000006386 134
0.0006979779999998215 133
0.0006979900000008143 134
0.0006980980000008685 133
0.000698110000000085 134
0.0006981400000007909 135
0.0006981699999997204 136
0.0006982180000001392 135
0.0006982300000011321 136
0.0006982620000002271 137
0.0006983380000011863 136
0.0006983820000012742 137
0.0006984120000002036 138
0.000698458000000457 137
0.0006984699999996735 138
0.0006985020000005449 139
0.0006985779999997277 138
0.0006985900000007206 139
0.0006986199999996501 140
0.0006986500000003559 141
0.0006986980000007748 140
0.0006987420000008626 141
0.0006988180000000455 140
0.0006988300000010383 141
0.0006988620000001333 142
0.0006989380000010925 141
0.000698950000000309 142
0.0006990079999997789 143
0.0006990580000003632 142
0.0006991020000004511 143
0.0006991780000014103 142
0.0006991900000006268 143
0.0006992219999997218 144
0.0006992520000004276 145
0.000699298000000681 144
0.0006993099999998975 145
0.0006993400000006034 146
0.0006994179999999517 145
0.0006994300000009446 146
0.0006995380000009987 145
0.0006995500000002153 146
0.0006995820000010866 147
0.0006996580000002695 146
0.0006996700000012623 147
0.0006997020000003573 148
0.0006997780000013165 147
0.0006998060000000805 148
0.0006998980000005872 147
0.0006999099999998037 148
0.00069996800000105 149
0.0007000179999998579 148
0.0007000300000008508 149
0.000700033000001099 150
0.0007000630000000285 151
0.000700138000000905 150
0.0007001500000001215 151
0.0007002580000001757 150
0.0007002700000011686 151
0.0007003780000012227 150
0.0007003900000004393 151
0.0007004980000004934 150
0.0007006179999997642 149
0.000700630000000757 150
0.0007007380000008112 149
0.0007007500000000277 150
0.000700808000001274 151
0.0007008580000000819 150
0.000700978000001129 149
0.0007009900000003455 150
0.0007010980000003997 149
0.0007011100000013926 150
0.0007012179999996704 149
0.0007012300000006633 150
0.0007013380000007174 149
0.000701349999999934 150
0.0007014579999999881 149
0.0007015780000010352 148
0.0007015900000002517 149
0.0007016980000003059 148
0.0007017680000007687 149
0.000701818000001353 148
0.0007018300000005695 149
0.0007019380000006237 148
0.0007019499999998402 149
0.0007020579999998944 148
0.0007020700000008873 149
0.0007021780000009414 148
0.000702190000000158 149
0.0007022980000002121 148
0.000702310000001205 149
0.0007024180000012592 148
0.0007025380000005299 147
0.0007025499999997464 148
0.0007026579999998006 147
0.0007026700000007935 148
0.0007027780000008477 147
0.0007027900000000642 148
0.0007028480000013104 149
0.0007028980000001184 148
0.0007029100000011113 149
0.0007030180000011654 148
0.000703030000000382 149
0.0007031380000004361 148
0.0007031499999996527 149
0.0007032579999997068 148
0.0007033780000007539 147
0.0007033899999999704 148
0.0007034980000000246 147
0.0007035100000010175 148
0.0007036180000010717 147
0.0007036300000002882 148
0.0007037040000010819 149
0.0007037380000003424 148
0.0007037500000013353 149
0.0007038580000013894 148
0.0007039780000006601 147
0.0007039899999998767 148
0.0007040979999999308 147
0.0007041100000009237 148
0.0007042180000009779 147
0.0007043380000002486 146
0.0007043500000012415 147
0.0007044580000012957 146
0.0007044700000005122 147
0.000704500000001218 148
0.0007045780000005664 147
0.0007045899999997829 148
0.0007046290000012334 149
0.0007046979999998371 148
0.00070471000000083 149
0.0007048180000008841 148
0.0007048290000000179 147
0.0007048300000001007 148
0.000704949000001065 147
0.0007049500000011477 148
0.0007050690000003357 147
0.0007050700000004184 148
0.0007051890000013827 147
0.0007051899999996891 148
0.000705220000000395 149
0.0007053090000006534 148
0.0007054289999999241 147
0.0007054300000000069 148
0.0007054600000007127 149
0.0007055490000009712 148
0.0007055500000010539 149
0.0007055810000000662 150
0.0007056690000002419 149
0.0007056859999998721 150
0.000705789000001289 149
0.0007059090000005597 148
0.0007060289999998304 147
0.000706046000001237 148
0.0007061490000008774 147
0.0007062690000001481 146
0.0007063890000011952 145
0.0007064060000008254 146
0.0007065090000004659 145
0.0007065260000000961 146
0.0007066289999997366 145
0.0007067490000007837 144
0.0007068690000000544 143
0.0007068859999996846 144
0.0007069890000011014 143
0.0007070060000007317 144
0.0007071090000003721 143
0.0007072290000014192 142
0.0007073490000006899 141
0.0007073660000003201 142
0.0007074689999999606 141
0.0007075890000010077 140
0.0007076060000006379 141
0.0007077090000002784 140
0.0007077259999999086 141
0.0007078290000013254 140
0.0007078690000010823 141
0.0007078850000006298 142
0.0007079490000005961 141
0.0007079660000002264 142
0.0007080689999998668 141
0.0007081890000009139 140
0.0007083090000001846 139
0.0007083650000012653 140
0.0007084290000012317 139
0.0007084460000008619 140
0.0007085490000005024 139
0.0007086689999997731 138
0.0007087890000008201 137
0.0007089090000000908 136
0.000708920000001001 135
0.0007090400000002717 134
0.0007091600000013187 133
0.0007092800000005894 132
0.0007093999999998601 131
0.0007095200000009072 130
0.0007096400000001779 129
0.000709760000001225 128
0.0007098800000004957 127
0.0007099999999997664 126
0.0007101200000008134 125
0.0007102400000000841 124
0.0007103600000011312 123
0.000710371000000265 122
0.0007104190000006838 123
0.000710491000001312 122
0.0007106110000005827 121
0.0007107309999998535 120
0.0007108510000009005 119
0.0007109710000001712 118
0.00071101900000059 119
0.0007110910000012183 118
0.000711211000000489 117
0.0007113309999997597 116
0.0007114510000008067 115
0.0007115710000000774 114
0.0007116910000011245 113
0.000711738999999767 114
0.0007118110000003952 113
0.0007119309999996659 112
0.000712051000000713 111
0.0007121709999999837 110
0.0007122910000010307 109
0.0007123389999996732 110
0.0007124010000012504 111
0.0007124110000003014 110
0.0007125210000005211 111
0.0007125310000013485 110
0.0007126510000006192 109
0.0007127610000008389 110
0.0007127709999998899 109
0.000712891000000937 108
0.0007130110000002077 107
0.0007131210000004273 108
0.0007131310000012547 107
0.0007132510000005254 106
0.0007133709999997961 105
0.0007134910000008432 104
0.0007136010000010629 105
0.0007136110000001139 104
0.000713731000001161 103
0.0007138410000013806 104
0.0007138510000004317 103
0.0007139709999997024 102
0.000714080999999922 103
0.0007140910000007494 102
0.0007142110000000201 101
0.0007143310000010672 100
0.0007144410000012869 101
0.0007144510000003379 100
0.0007144720000002991 101
0.000714571000001385 100
0.0007146809999998283 101
0.0007146910000006557 100
0.0007148109999999264 99
0.0007149310000009734 98
0.0007150410000011931 99
0.0007150510000002441 98
0.0007151710000012912 97
0.0007152809999997345 98
0.0007152910000005619 97
0.0007154109999998326 96
0.0007155210000000523 97
0.0007155310000008797 96
0.0007156510000001504 95
0.0007157210000006131 96
0.00071576100000037 97
0.0007157710000011974 96
0.0007158910000004681 95
0.0007160010000006878 96
0.0007160109999997388 95
0.0007161310000007859 94
0.0007162410000010055 95
0.0007162510000000566 94
0.0007163710000011037 93
0.0007164910000003744 92
0.0007166110000014214 91
0.0007166119999997278 92
0.0007166810000001078 93
0.0007167310000006921 92
0.0007168010000011549 93
0.0007168509999999628 92
0.0007168520000000456 93
0.0007169710000010099 92
0.0007170910000002806 91
0.0007170920000003633 92
0.0007172110000013276 91
0.0007173310000005984 90
0.0007173320000006811 91
0.0007174509999998691 90
0.0007175710000009161 89
0.0007175720000009989 90
0.0007176410000013789 91
0.0007176910000001868 90
0.0007178110000012339 89
0.0007178220000003677 88
0.0007179420000014147 87
0.0007180620000006854 86
0.0007180630000007682 87
0.0007180860000008948 88
0.0007181819999999561 87
0.0007183020000010032 86
0.0007184220000002739 85
0.000718542000001321 84
0.0007185430000014037 85
0.0007186620000005917 84
0.0007186630000006744 85
0.0007187819999998624 84
0.0007187829999999451 85
0.0007189020000009094 84
0.0007190220000001801 83
0.0007190230000002629 84
0.0007191420000012272 83
0.0007192620000004979 82
0.0007193819999997686 81
0.0007193829999998513 82
0.0007195020000008157 81
0.0007195030000008984 82
0.0007196220000000864 81
0.0007197420000011334 80
0.000719801000000686 81
0.0007198620000004041 80
0.0007198630000004869 81
0.0007199819999996748 80
0.0007199829999997576 81
0.0007201020000007219 80
0.0007202219999999926 79
0.0007203420000010397 78
0.0007204620000003104 77
0.0007204630000003931 78
0.0007205820000013574 77
0.0007207020000006281 76
0.0007207030000007109 77
0.0007208219999998988 76
0.0007209420000009459 75
0.0007210010000004985 76
0.0007210620000002166 75
0.0007210630000002993 76
0.0007211820000012636 75
0.0007211830000013464 76
0.0007213020000005343 75
0.0007213030000006171 76
0.000721421999999805 75
0.0007214229999998878 76
0.0007215420000008521 75
0.0007216620000001228 74
0.0007216630000002056 75
0.0007217820000011699 74
0.0007217830000012526 75
0.0007219020000004406 74
0.0007219030000005233 75
0.0007220219999997113 74
0.000722022999999794 75
0.0007221420000007583 74
0.0007221430000008411 75
0.0007221529999998921 74
0.0007222730000009392 73
0.0007223930000002099 72
0.0007225030000004296 73
0.000722513000001257 72
0.0007226229999997003 73
0.0007226330000005277 72
0.0007226810000009465 73
0.0007227430000007473 74
0.0007227529999997984 73
0.000722863000000018 74
0.0007228730000008454 73
0.0007229830000010651 74
0.0007229930000001161 73
0.0007231130000011632 72
0.0007232330000004339 71
0.000723244000001344 70
0.0007233430000006535 71
0.0007233640000006147 70
0.0007234839999998854 69
0.0007235830000009713 70
0.0007236040000009325 69
0.0007236520000013513 70
0.0007237240000002032 69
0.0007238230000012891 70
0.0007238440000012503 69
0.000723964000000521 68
0.0007240839999997917 67
0.0007241830000008775 68
0.0007242040000008387 67
0.0007243030000001482 68
0.0007243240000001094 67
0.0007243350000010196 66
0.0007243460000001534 65
0.0007243720000005283 66
0.0007244660000012004 65
0.0007244770000003342 64
0.000724543000000466 65
0.0007245970000013813 64
0.000724717000000652 63
0.0007247830000007838 64
0.0007248369999999227 63
0.0007249030000000545 64
0.0007249570000009697 63
0.0007250770000002404 62
0.0007251970000012875 61
0.0007252630000014193 62
0.0007253020000010935 63
0.0007253170000005582 62
0.0007253939999998238 63
0.0007254220000003642 64
0.0007254369999998289 63
0.0007255140000008709 64
0.000725557000000876 63
0.0007256340000001416 64
0.0007256770000001467 63
0.0007257540000011886 64
0.0007257970000011937 63
0.0007258740000004593 64
0.0007259170000004644 63
0.00072599399999973 64
0.0007260369999997351 63
0.0007260480000006453 62
0.000726167999999916 61
0.0007262340000000478 62
0.000726288000000963 61
0.0007263540000010948 62
0.0007264080000002338 61
0.0007264740000003655 62
0.0007265280000012808 61
0.0007265480000011593 62
0.0007265940000014126 63
0.0007266480000005515 62
0.0007267140000006833 63
0.0007267679999998222 62
0.0007268880000008693 61
0.0007269540000010011 62
0.00072700800000014 61
0.000727128000001187 60
0.0007271940000013188 61
0.0007272480000004578 60
0.0007273140000005895 61
0.0007273679999997285 60
0.0007274880000007755 59
0.0007275540000009073 60
0.0007276080000000462 59
0.000727674000000178 60
0.0007277280000010933 59
0.000727848000000364 58
0.000727968000001411 57
0.0007280339999997665 58
0.0007280880000006817 57
0.0007280989999998155 56
0.0007281540000008135 57
0.0007282190000008626 56
0.0007282740000000842 57
0.0007283390000001333 56
0.0007283940000011313 57
0.0007284590000011804 56
0.000728514000000402 57
0.0007285790000004511 56
0.0007286989999997218 55
0.0007288190000007688 54
0.0007288739999999905 55
0.0007289390000000395 54
0.0007289940000010375 55
0.0007290590000010866 54
0.0007291140000003082 55
0.0007291790000003573 54
0.0007292340000013553 55
0.000729280999999915 56
0.0007292990000014044 55
0.000729354000000626 56
0.0007294190000006751 55
0.0007295389999999458 54
0.0007295940000009438 55
0.0007296239999998733 56
0.0007296590000009928 55
0.0007297250000011246 56
0.0007297790000002635 55
0.0007298450000003953 56
0.0007298990000013106 55
0.000729964999999666 56
0.0007300190000005813 55
0.0007300850000007131 56
0.000730138999999852 55
0.000730259000000899 54
0.0007303790000001698 53
0.0007304450000003015 54
0.0007304990000012168 53
0.0007305650000013486 54
0.0007306190000004875 53
0.0007306850000006193 54
0.0007307389999997582 53
0.0007308590000008053 52
0.000730979000000076 51
0.000731099000001123 50
0.0007311699999998922 51
0.0007312190000003937 50
0.0007313389999996645 49
0.00073141000000021 50
0.0007314590000007115 49
0.0007315789999999822 48
0.0007316990000010293 47
0.0007318190000003 46
0.0007318900000008455 47
0.000731939000001347 46
0.0007320100000001162 47
0.0007320590000006177 46
0.0007321789999998884 45
0.0007322380000012174 46
0.0007322680000001469 47
0.0007322990000009355 46
0.0007324190000002062 45
0.0007325240000000122 46
0.0007325390000012533 45
0.0007326210000009326 46
0.000732650999999862 47
0.0007326540000001103 48
0.000732659000000524 47
0.0007326699999996578 46
0.0007327690000007436 47
0.0007327900000007048 46
0.0007328009999998386 45
0.0007328890000000143 46
0.0007329210000008857 45
0.0007329580000003943 46
0.0007329880000011002 47
0.0007330180000000297 48
0.0007330410000001564 47
0.0007331290000003321 48
0.0007331610000012034 47
0.0007332490000013792 48
0.0007332810000004741 47
0.0007333690000006499 48
0.0007334009999997448 47
0.0007334889999999206 48
0.0007335210000007919 47
0.0007335810000004273 48
0.0007336200000001014 49
0.0007336410000000626 48
0.0007337400000011485 49
0.0007337610000011097 48
0.0007338600000004192 49
0.0007338810000003804 48
0.0007339290000007992 49
0.0007339799999996899 50
0.0007340009999996511 49
0.0007341210000006981 48
0.0007342200000000076 49
0.0007342409999999688 48
0.0007343400000010547 49
0.0007343610000010159 48
0.0007344810000002866 47
0.0007345290000007054 48
0.0007346010000013337 47
0.0007347210000006044 46
0.0007348409999998751 45
0.0007349610000009221 44
0.0007350810000001928 43
0.0007352010000012399 42
0.0007353210000005106 41
0.0007354409999997813 40
0.0007355610000008284 39
0.0007356810000000991 38
0.0007358010000011461 37
0.0007358120000002799 36
0.000735932000001327 35
0.0007359690000008356 36
0.0007360310000006365 37
0.0007360520000005977 36
0.0007361719999998684 35
0.0007362920000009154 34
0.0007364120000001861 33
0.0007365320000012332 32
0.0007366310000005427 33
0.0007366520000005039 32
0.0007367509999998134 33
0.0007367719999997746 32
0.0007368920000008217 31
0.0007370120000000924 30
0.0007371110000011782 31
0.0007371320000011394 30
0.0007371690000006481 31
0.0007372310000004489 32
0.0007372520000004101 31
0.0007373509999997196 32
0.0007373719999996808 31
0.0007374920000007279 30
0.0007375910000000374 31
0.0007376119999999986 30
0.0007377110000010845 31
0.0007377320000010457 30
0.0007377430000001794 29
0.0007378630000012265 28
0.0007379510000014022 29
0.0007379830000004972 28
0.0007379940000014074 27
0.0007380710000006729 28
0.0007381140000006781 27
0.0007381909999999436 28
0.0007382339999999488 27
0.0007383540000009958 26
0.0007384740000002665 25
0.0007385940000013136 24
0.0007386710000005792 25
0.0007387140000005843 24
0.0007387909999998499 25
0.000738833999999855 24
0.0007389540000009021 23
0.0007390310000001676 24
0.0007390740000001728 23
0.0007391940000012198 22
0.0007392710000004854 23
0.0007393140000004905 22
0.0007393909999997561 23
0.0007394339999997612 22
0.0007395540000008083 21
0.000739674000000079 20
0.0007397510000011209 21
0.000739794000001126 20
0.0007398710000003916 21
0.0007399140000003968 20
0.0007399909999996623 21
0.0007400339999996675 20
0.0007401110000007094 21
0.0007401540000007145 20
0.0007402420000008902 21
0.0007402739999999852 20
0.0007403730000010711 21
0.0007403940000010323 20
0.0007404930000003418 21
0.000740514000000303 20
0.0007406130000013889 21
0.00074063400000135 20
0.0007407330000006596 21
0.0007407540000006207 20
0.0007408529999999303 21
0.0007408739999998915 20
0.0007409730000009773 21
0.0007409940000009385 20
0.000741093000000248 21
0.0007411140000002092 20
0.0007412130000012951 21
0.0007412340000012563 20
0.000741354000000527 19
0.0007414529999998365 20
0.0007414739999997977 19
0.0007415730000008836 20
0.0007415940000008447 19
0.0007416930000001543 20
0.0007417140000001154 19
0.0007418130000012013 20
0.0007418340000011625 19
0.000741933000000472 20
0.0007419540000004332 19
0.0007420529999997427 20
0.0007420739999997039 19
0.0007421730000007898 20
0.000742194000000751 19
0.0007422930000000605 20
0.0007423140000000217 19
0.0007424130000011075 20
0.0007424340000010687 19
0.0007425330000003783 20
0.0007425540000003394 19
0.0007426020000007583 20
0.000742652999999649 21
0.0007426740000013865 20
0.0007427670000001996 21
0.0007427940000006572 20
0.0007427970000009054 21
0.0007428870000012466 22
0.0007429139999999279 21
0.0007429170000001761 22
0.0007430070000005173 23
0.000743034000000975 22
0.0007430370000012232 23
0.0007431330000002845 24
0.0007431540000002457 23
0.0007431630000009903 24
0.0007432530000013315 25
0.0007432740000012927 24
0.0007433439999999791 25
0.000743383999999736 26
0.0007433940000005634 25
0.0007434140000004419 26
0.0007435040000007831 27
0.0007435139999998341 26
0.0007435339999997126 27
0.0007436290000004675 28
0.0007436340000008812 27
0.0007437440000011009 28
0.0007437540000001519 27
0.0007438690000007853 28
0.000743874000001199 27
0.0007439940000004697 26
0.0007441040000006893 27
0.0007441139999997404 26
0.0007441340000013952 27
0.00074422399999996 28
0.0007442340000007874 27
0.0007443490000014208 28
0.0007443540000000581 27
0.0007444640000002778 28
0.0007444740000011052 27
0.0007444940000009836 28
0.0007445889999999622 29
0.0007445940000003759 28
0.0007446640000008387 29
0.0007447090000010093 30
0.000744714000001423 29
0.00074482900000028 30
0.0007448340000006937 29
0.000744949000001327 30
0.0007449539999999644 29
0.0007450690000005977 30
0.0007450740000010114 29
0.0007451439999996978 30
0.0007451889999998684 31
0.0007451940000002821 30
0.0007452640000007449 31
0.0007453090000009155 32
0.0007453140000013292 31
0.0007453350000012904 32
0.0007454290000001862 33
0.0007454340000005999 32
0.000745459000000892 33
0.0007455490000012333 34
0.0007455539999998706 33
0.0007455790000001628 34
0.000745669000000504 35
0.0007456740000009177 34
0.0007456990000012098 35
0.0007457889999997747 36
0.0007457940000001884 35
0.0007458640000006511 36
0.0007459030000003253 37
0.0007459140000012354 36
0.0007459330000010311 37
0.0007460290000000924 38
0.0007460340000005061 37
0.0007460590000007983 38
0.0007461490000011395 39
0.0007461539999997768 38
0.000746179000000069 39
0.0007462399999997871 40
0.0007462740000008239 39
0.0007462800000013203 40
0.0007463100000002498 41
0.0007463400000009557 42
0.0007463940000000946 41
0.000746400000000591 42
0.0007464300000012969 43
0.0007464600000002264 44
0.0007465140000011417 43
0.0007465250000002754 44
0.0007465550000009813 45
0.0007466340000004124 44
0.0007466400000009088 45
0.0007467539999996831 44
0.0007467650000005932 45
0.0007467950000012991 46
0.0007468740000007301 45
0.0007468859999999466 46
0.0007469940000000008 45
0.0007470000000004973 46
0.0007470300000012031 47
0.0007470600000001326 48
0.0007471140000010479 47
0.000747119999999768 48
0.0007472340000003186 47
0.0007472450000012287 48
0.0007472750000001582 49
0.0007473540000013656 48
0.0007473600000000857 49
0.0007473900000007916 50
0.0007474740000006364 49
0.0007474849999997701 50
0.000747515000000476 51
0.0007475600000006466 52
0.0007475939999999071 51
0.0007476050000008172 52
0.0007477140000009541 51
0.0007477250000000879 52
0.0007478340000002248 51
0.0007478460000012177 52
0.0007479540000012719 51
0.0007479650000004057 52
0.0007479950000011115 53
0.0007480400000012821 54
0.0007480740000005426 53
0.0007480849999996764 54
0.0007481150000003822 55
0.0007481600000005528 56
0.0007481939999998133 55
0.0007482050000007234 56
0.0007482349999996529 57
0.0007483140000008603 56
0.0007483310000004906 57
0.000748434000000131 56
0.0007484450000010412 57
0.0007484749999999707 58
0.0007485050000006765 59
0.0007485540000011781 58
0.0007485650000003119 59
0.0007485950000010178 60
0.0007486249999999472 61
0.0007486740000004488 60
0.000748685000001359 61
0.0007487150000002885 62
0.0007487600000004591 63
0.0007487939999997195 62
0.0007488050000006297 63
0.0007488350000013355 64
0.0007489140000007666 63
0.0007489259999999831 64
0.000748956000000689 65
0.0007490340000000373 64
0.0007490450000009474 65
0.0007490749999998769 66
0.0007491050000005828 67
0.0007491540000010843 66
0.0007491660000003009 67
0.0007491960000010067 68
0.0007492259999999362 69
0.000749274000000355 68
0.0007492850000012652 67
0.0007492860000013479 68
0.0007493160000002774 69
0.0007493460000009833 70
0.0007494050000005359 69
0.0007494060000006186 70
0.0007494360000013245 71
0.0007495249999998066 70
0.0007495259999998893 71
0.0007495560000005952 72
0.0007496450000008537 71
0.0007496460000009364 72
0.0007496759999998659 73
0.0007497650000001244 72
0.0007497660000002071 73
0.000749796000000913 74
0.0007498850000011714 73
0.0007498860000012542 74
0.0007499160000001837 75
0.0007499460000008895 76
0.0007500050000004421 75
0.0007500060000005249 76
0.0007500360000012307 77
0.0007501249999997128 76
0.0007501259999997956 77
0.0007501560000005014 78
0.0007502450000007599 77
0.0007502460000008426 78
0.0007502759999997721 79
0.000750306000000478 80
0.0007503090000007262 81
0.0007503650000000306 80
0.0007503660000001133 81
0.0007503960000008192 82
0.0007504850000010777 81
0.0007504860000011604 82
0.0007506050000003484 81
0.0007506060000004311 82
0.0007506450000001053 83
0.0007507250000013954 82
0.0007507259999997018 83
0.0007507560000004077 84
0.0007508450000006661 83
0.0007508460000007489 84
0.0007509360000010901 85
0.0007509649999999368 84
0.0007509660000000196 85
0.0007509960000007254 86
0.0007510560000003608 87
0.0007510850000009839 86
0.0007510860000010666 87
0.0007511159999999961 88
0.0007512050000002546 87
0.0007512060000003373 88
0.0007512450000000115 89
0.0007513250000013016 88
0.0007513260000013844 89
0.0007513560000003139 90
0.0007513650000010585 91
0.0007514450000005723 90
0.0007514460000006551 91
0.000751504000000125 92
0.000751564999999843 91
0.0007515659999999258 92
0.000751656000000267 93
0.0007516850000008901 92
0.0007516860000009729 93
0.0007517159999999024 94
0.0007518050000001608 93
0.0007518060000002436 94
0.0007518360000009494 95
0.0007519250000012079 94
0.0007519260000012906 95
0.0007519560000002201 96
0.0007520450000004786 95
0.0007520460000005613 96
0.0007520760000012672 97
0.0007520850000002355 98
0.0007521649999997493 97
0.000752165999999832 98
0.0007521960000005379 99
0.0007522850000007963 98
0.0007522860000008791 99
0.000752405000000067 98
0.0007524060000001498 99
0.0007524360000008556 100
0.0007525250000011141 99
0.0007525260000011968 100
0.0007525560000001263 101
0.0007526450000003848 100
0.000752662000000015 101
0.0007527649999996555 100
0.0007527659999997383 101
0.0007527960000004441 102
0.0007528050000011888 103
0.0007528850000007026 102
0.0007529020000003328 103
0.0007530049999999733 102
0.000753006000000056 103
0.0007531250000010203 102
0.0007531650000007772 103
0.000753245000000291 102
0.0007532460000003738 103
0.0007533650000013381 102
0.0007533660000014208 103
0.0007534850000006088 102
0.0007534860000006915 103
0.0007536049999998795 102
0.0007536059999999623 103
0.0007537250000009266 102
0.0007537260000010093 103
0.000753781000000231 104
0.0007538450000001973 103
0.00075384600000028 104
0.0007538760000009859 105
0.0007539059999999154 106
0.0007539650000012443 105
0.000754085000000515 104
0.0007540860000005978 105
0.0007541160000013036 106
0.0007541460000002331 107
0.0007542049999997857 106
0.0007542059999998685 107
0.0007543250000008328 106
0.0007543260000009155 107
0.0007543810000001372 108
0.0007544450000001035 107
0.0007544460000001862 108
0.0007545650000011506 107
0.0007545660000012333 108
0.0007546850000004213 107
0.000754686000000504 108
0.000754804999999692 107
0.0007548059999997747 108
0.000754925000000739 107
0.0007549260000008218 108
0.0007550450000000097 107
0.0007550460000000925 108
0.0007551650000010568 107
0.0007551660000011395 108
0.0007552349999997432 109
0.0007552850000003275 108
0.0007552860000004102 109
0.0007554050000013746 108
0.0007554059999996809 109
0.000755461000000679 110
0.0007555250000006453 109
0.000755526000000728 110
0.000755644999999916 109
0.0007556459999999987 110
0.000755765000000963 109
0.0007557980000001407 110
0.0007558850000002337 109
0.0007558860000003165 110
0.0007560050000012808 109
0.0007560060000013635 110
0.0007560749999999672 111
0.0007561250000005515 110
0.0007561260000006342 111
0.0007562449999998222 110
0.0007562459999999049 111
0.0007563650000008693 110
0.00075648500000014 109
0.0007564860000002227 110
0.000756605000001187 109
0.0007566220000008173 110
0.0007567250000004577 109
0.0007567260000005405 110
0.0007567580000014118 111
0.0007568449999997284 110
0.0007568570000007213 111
0.0007569650000007755 110
0.000756976999999992 111
0.0007570070000006979 112
0.0007570850000000462 111
0.0007570970000010391 112
0.0007572050000010933 111
0.0007572170000003098 112
0.000757325000000364 111
0.0007573370000013568 112
0.000757445000001411 111
0.0007574570000006275 112
0.0007575650000006817 111
0.0007575769999998982 112
0.0007576849999999524 111
0.0007578050000009995 110
0.000757817000000216 111
0.0007579250000002702 110
0.0007579370000012631 111
0.0007580450000013172 110
0.0007580570000005338 111
0.000758165000000588 110
0.0007581769999998045 111
0.0007582849999998587 110
0.0007582970000008515 111
0.0007584050000009057 110
0.0007584170000001222 111
0.0007584470000008281 112
0.0007585250000001764 111
0.0007586450000012235 110
0.00075865700000044 111
0.0007587650000004942 110
0.0007587769999997107 111
0.0007588080000004993 112
0.0007588849999997649 111
0.0007588970000007578 112
0.000759005000000812 111
0.0007590170000000285 112
0.0007590470000007343 113
0.0007591250000000827 112
0.0007591370000010755 113
0.0007592450000011297 112
0.0007592570000003462 113
0.0007593650000004004 112
0.0007593770000013933 113
0.0007594849999996711 112
0.000759497000000664 113
0.0007595550000001339 114
0.0007596050000007182 113
0.0007596169999999347 114
0.0007597249999999889 113
0.0007597370000009818 114
0.0007597669999999113 115
0.0007598450000010359 114
0.0007598570000002525 115
0.0007599149999997223 116
0.0007599650000003066 115
0.0007599770000012995 116
0.0007600850000013537 115
0.0007600960000004875 114
0.0007600970000005702 115
0.0007602159999997582 114
0.0007602169999998409 115
0.0007603360000008053 114
0.000760337000000888 115
0.000760456000000076 114
0.0007604570000001587 115
0.000760576000001123 114
0.0007605770000012058 115
0.0007605870000002568 114
0.0007606970000004765 115
0.0007607070000013039 114
0.0007607270000011823 115
0.0007608169999997472 116
0.0007608270000005746 115
0.0007609370000007942 116
0.0007609469999998453 115
0.0007609669999997237 116
0.0007610570000000649 117
0.0007610670000008923 116
0.000761177000001112 117
0.000761187000000163 116
0.0007613070000012101 115
0.0007613549999998526 116
0.0007614169999996534 117
0.0007614199999999016 118
0.0007614270000004808 117
0.0007615370000007005 118
0.0007615469999997515 117
0.0007616569999999712 118
0.0007616670000007986 117
0.000761687000000677 118
0.0007617770000010182 119
0.0007617870000000693 118
0.0007617980000009794 117
0.0007619180000002501 116
0.0007620330000008835 117
0.0007620380000012972 116
0.000762049000000431 115
0.0007621370000006067 116
0.0007621689999997017 115
0.0007622569999998774 116
0.0007622870000005832 117
0.0007622890000007487 116
0.0007622900000008315 117
0.0007624090000000194 116
0.0007624320000001461 117
0.0007624970000001952 118
0.0007625290000010665 117
0.0007626330000007897 118
0.0007626490000003372 117
0.0007627370000005129 118
0.0007627690000013843 117
0.0007628569999997836 118
0.000762889000000655 117
0.0007629770000008307 118
0.0007630089999999257 117
0.0007630970000001014 118
0.0007631270000008072 119
0.0007631290000009727 118
0.0007632170000011484 119
0.0007632490000002434 118
0.0007633690000012905 117
0.0007634569999996899 118
0.0007634870000003957 119
0.0007634890000005612 118
0.000763499999999695 117
0.0007635770000007369 118
0.000763620000000742 117
0.0007637400000000127 116
0.0007638600000010598 115
0.0007639370000003254 116
0.0007639670000010312 117
0.0007639800000003305 116
0.0007641000000013776 115
0.0007641770000006431 116
0.0007642200000006483 115
0.0007642969999999139 116
0.0007643270000006197 117
0.000764339999999919 116
0.0007644170000009609 117
0.0007644469999998904 118
0.000764460000000966 117
0.0007645370000002316 118
0.0007645800000002367 117
0.0007646730000008262 118
0.0007647000000012838 117
0.0007647110000004176 116
0.0007648309999996883 115
0.0007649360000012706 116
0.0007649510000007353 115
0.0007649619999998691 114
0.0007650330000004146 115
0.0007650820000009162 114
0.0007652020000001869 113
0.000765322000001234 112
0.0007653930000000031 113
0.0007654420000005047 112
0.0007655619999997754 111
0.0007655730000006855 110
0.0007656330000003209 111
0.0007656929999999562 110
0.0007657530000013679 111
0.0007658130000010033 110
0.000765933000000274 109
0.0007659929999999093 110
0.000766053000001321 109
0.0007661130000009564 110
0.0007661730000005917 109
0.0007662929999998624 108
0.0007663530000012742 109
0.0007664130000009095 108
0.0007664730000005449 109
0.0007665330000001802 108
0.0007665440000010904 107
0.0007666640000003611 106
0.0007667840000014081 105
0.0007668330000001333 106
0.00076685600000026 107
0.0007669040000006788 106
0.0007670239999999495 105
0.0007670960000005778 106
0.0007671440000009966 105
0.0007671929999997218 106
0.0007672640000002673 105
0.0007673840000013143 104
0.0007674330000000396 105
0.000767504000000585 104
0.0007676239999998558 103
0.0007677440000009028 102
0.0007677550000000366 101
0.0007678750000010837 100
0.0007679950000003544 99
0.0007681150000014014 98
0.0007682350000006721 97
0.0007683549999999428 96
0.0007684750000009899 95
0.0007685950000002606 94
0.0007687150000013077 93
0.0007688350000005784 92
0.0007689549999998491 91
0.0007690750000008961 90
0.0007691950000001668 89
0.0007693150000012139 88
0.0007694350000004846 87
0.0007695549999997553 86
0.0007696750000008024 85
0.0007697950000000731 84
0.0007699150000011201 83
0.0007700350000003908 82
0.0007701549999996615 81
0.0007702750000007086 80
0.0007703949999999793 79
0.0007705150000010264 78
0.0007706350000002971 77
0.0007707010000004288 78
0.0007707550000013441 77
0.0007708750000006148 76
0.0007709410000007466 77
0.0007709949999998855 76
0.0007711150000009326 75
0.0007711920000001982 76
0.0007712350000002033 75
0.0007712460000011134 74
0.0007712830000006221 75
0.0007713660000003841 74
0.0007714859999996548 73
0.0007715519999997866 74
0.0007716060000007019 73
0.0007717259999999726 72
0.0007717920000001044 73
0.0007718460000010197 72
0.0007719120000011515 73
0.0007719660000002904 72
0.0007720860000013374 71
0.0007722060000006081 70
0.0007722829999998737 71
0.0007723259999998788 70
0.0007724460000009259 69
0.0007724940000013447 70
0.0007725660000001966 69
0.0007726540000003723 70
0.0007726860000012437 69
0.0007728060000005144 68
0.0007729259999997851 67
0.0007730139999999608 68
0.0007730460000008321 67
0.0007731660000001028 66
0.0007732650000011887 67
0.0007732860000011499 66
0.0007734060000004206 65
0.0007735259999996913 64
0.0007736250000007772 65
0.0007736460000007384 64
0.0007737660000000091 63
0.0007738650000010949 64
0.0007738860000010561 63
0.0007739850000003656 64
0.0007740060000003268 63
0.0007741160000005465 64
0.0007741260000013739 63
0.0007742359999998172 64
0.0007742460000006446 63
0.0007743560000008642 64
0.0007743659999999153 63
0.0007744760000001349 64
0.0007744860000009623 63
0.000774596000001182 64
0.000774606000000233 63
0.0007746170000011432 62
0.0007747160000004527 63
0.0007747370000004139 62
0.0007748359999997234 63
0.0007748569999996846 62
0.0007749770000007317 61
0.0007750760000000412 62
0.0007750970000000024 61
0.0007751960000010882 62
0.0007752170000010494 61
0.0007753270000012691 62
0.0007753370000003201 61
0.0007754470000005398 62
0.0007754570000013672 61
0.0007755669999998105 62
0.0007755770000006379 61
0.0007755879999997717 60
0.0007755990000006818 59
0.0007756870000008576 60
0.0007757189999999525 59
0.0007758070000001283 60
0.0007758390000009996 59
0.0007759590000002703 58
0.000776047000000446 59
0.0007760790000013174 58
0.0007761669999997167 59
0.0007761990000005881 58
0.0007762870000007638 59
0.0007763189999998588 58
0.0007764070000000345 59
0.0007764390000009058 58
0.0007765270000010815 59
0.0007765590000001765 58
0.0007766470000003523 59
0.0007766790000012236 58
0.0007767990000004943 57
0.000776918999999765 56
0.0007770069999999407 57
0.000777039000000812 56
0.0007771270000009878 57
0.0007771590000000828 56
0.0007772790000011298 55
0.0007773670000013055 56
0.0007773990000004005 55
0.0007775189999996712 54
0.000777606999999847 55
0.0007776390000007183 54
0.000777727000000894 55
0.000777758999999989 54
0.000777796000001274 55
0.0007778470000001647 56
0.000777879000001036 55
0.0007779670000012118 56
0.0007779990000003068 55
0.0007780100000012169 54
0.0007781300000004876 53
0.0007782499999997583 52
0.0007783700000008054 51
0.0007784470000000709 52
0.0007784900000000761 51
0.0007786100000011231 50
0.0007786870000003887 51
0.0007787300000003938 50
0.0007788180000005696 51
0.0007788499999996645 50
0.0007789379999998403 51
0.0007789700000007116 50
0.0007790580000008873 51
0.0007790899999999823 50
0.0007791010000008924 49
0.0007791120000000262 48
0.000779178000000158 49
0.0007792320000010733 48
0.0007792980000012051 49
0.000779352000000344 48
0.0007794180000004758 49
0.000779472000001391 48
0.0007794759999999457 49
0.0007795379999997465 50
0.0007795920000006618 49
0.0007797119999999325 48
0.0007797780000000643 49
0.0007798320000009795 48
0.0007798980000011113 49
0.0007799520000002502 48
0.0007800460000009224 49
0.0007800720000012973 48
0.0007801379999996527 49
0.000780192000000568 48
0.0007803119999998387 47
0.0007803779999999705 48
0.0007804320000008858 47
0.0007804980000010175 48
0.0007805290000000298 49
0.0007805520000001565 48
0.0007806180000002882 49
0.0007806720000012035 48
0.0007807380000013353 49
0.0007807920000004742 48
0.000780858000000606 49
0.0007809119999997449 48
0.0007809779999998767 49
0.000781032000000792 48
0.0007810980000009238 49
0.0007811259999996878 50
0.0007811520000000627 49
0.0007812180000001945 50
0.0007812720000011097 49
0.0007813380000012415 50
0.0007813920000003804 49
0.0007814580000005122 50
0.0007815119999996512 49
0.000781577999999783 50
0.0007816320000006982 49
0.00078169800000083 50
0.0007817519999999689 49
0.0007818180000001007 50
0.000781872000001016 49
0.0007819920000002867 48
0.0007820580000004185 49
0.0007821120000013337 48
0.0007821890000005993 49
0.0007822320000006044 48
0.00078230899999987 49
0.0007823519999998751 48
0.0007824290000009171 49
0.0007824720000009222 48
0.0007825490000001878 49
0.0007825920000001929 48
0.0007826690000012348 49
0.00078271200000124 48
0.0007827890000005056 49
0.0007828320000005107 48
0.0007829519999997814 47
0.0007830290000008233 48
0.0007830720000008284 47
0.000783171000000138 48
0.0007831770000006344 49
0.0007831920000000991 48
0.000783291000001185 49
0.0007833120000011462 48
0.0007834110000004557 49
0.0007834320000004169 48
0.0007835309999997264 49
0.0007835519999996876 48
0.0007836510000007735 49
0.0007836720000007347 48
0.0007837710000000442 49
0.0007837920000000054 48
0.0007838910000010912 49
0.0007839120000010524 48
0.0007840320000003231 47
0.000784131000001409 48
0.0007841520000013702 47
0.0007842510000006797 48
0.0007842720000006409 47
0.0007843709999999504 48
0.0007843919999999116 47
0.0007844910000009975 48
0.0007845120000009587 47
0.0007846110000002682 48
0.0007846320000002294 47
0.0007847520000012764 46
0.0007848510000005859 47
0.0007848720000005471 46
0.0007849709999998566 47
0.0007849919999998178 46
0.0007851080000005339 47
0.0007851120000008649 46
0.0007852110000001744 47
0.0007852279999998046 48
0.0007852320000001356 47
0.0007853310000012215 48
0.0007853520000011827 47
0.0007854720000004534 46
0.0007855919999997241 45
0.0007856850000003135 46
0.0007857120000007711 45
0.0007858320000000418 44
0.0007859520000010889 43
0.0007859630000002227 42
0.0007860669999999459 43
0.0007860830000012697 42
0.0007862030000005404 41
0.0007863070000002637 42
0.0007863229999998111 41
0.0007863340000007213 40
0.0007864270000013107 41
0.000786453999999992 40
0.000786574000001039 39
0.0007866669999998521 40
0.0007866940000003098 39
0.0007868140000013568 38
0.0007869239999998001 39
0.0007869340000006275 38
0.0007869449999997613 37
0.000787027000001217 38
0.0007870570000001464 39
0.0007870650000008084 38
0.0007871640000001179 39
0.0007871850000000791 38
0.0007872669999997584 39
0.0007873050000011261 38
0.0007873870000008054 39
0.0007874169999997349 40
0.0007874250000003968 39
0.0007875239999997063 40
0.0007875449999996675 39
0.0007876440000007534 40
0.0007876650000007146 39
0.0007877470000003939 40
0.0007877849999999853 39
0.0007879050000010324 38
0.0007880250000003031 37
0.0007881450000013501 36
0.0007882270000010294 37
0.0007882650000006208 36
0.0007883639999999303 37
0.0007883849999998915 36
0.0007885050000009386 35
0.0007886040000002481 36
0.0007886250000002093 35
0.0007887240000012952 36
0.0007887450000012564 35
0.0007887560000003901 34
0.0007888440000005659 35
0.0007888759999996608 34
0.0007889639999998366 35
0.0007889960000007079 34
0.0007890840000008836 35
0.0007891159999999786 34
0.0007892360000010257 33
0.0007893240000012014 34
0.0007893560000002964 33
0.0007894440000004721 34
0.0007894760000013434 33
0.0007895639999997428 34
0.0007895960000006141 33
0.0007896840000007899 34
0.0007897159999998848 33
0.0007898360000009319 32
0.0007899240000011076 33
0.0007899560000002026 32
0.0007900440000003783 33
0.0007900660000004223 34
0.0007900760000012497 33
0.000790163999999649 34
0.0007901960000005204 33
0.0007902840000006961 34
0.0007903159999997911 33
0.0007903270000007012 32
0.0007904039999999668 33
0.0007904469999999719 32
0.0007904580000008821 31
0.0007905780000001528 30
0.0007905820000004837 31
0.0007906440000002846 32
0.0007906980000011998 31
0.0007907640000013316 32
0.0007908180000004705 31
0.0007908840000006023 32
0.0007909379999997412 31
0.000791003999999873 32
0.0007910580000007883 31
0.000791178000000059 30
0.0007912440000001908 31
0.0007912740000008966 32
0.0007912980000011061 31
0.0007914180000003768 30
0.0007914840000005086 31
0.0007915140000012144 32
0.0007915380000014238 31
0.0007916039999997793 32
0.0007916580000006945 31
0.0007917630000005005 32
0.0007917779999999652 31
0.0007918600000014209 32
0.0007918980000010123 31
0.0007919640000011441 32
0.000792018000000283 31
0.0007921380000013301 30
0.0007922580000006008 29
0.0007923240000007326 30
0.000792353999999662 31
0.0007923779999998715 30
0.0007924980000009185 29
0.0007925800000005978 30
0.0007926180000001892 29
0.000792684000000321 30
0.0007927380000012363 29
0.0007928040000013681 30
0.000792858000000507 29
0.0007929240000006388 30
0.0007929779999997777 29
0.00079308300000136 30
0.0007930980000008248 29
0.0007931640000009565 30
0.0007932180000000955 29
0.0007933150000010158 30
0.0007933380000011425 29
0.0007934580000004132 28
0.0007935349999996788 29
0.0007935779999996839 28
0.0007936550000007259 29
0.000793698000000731 28
0.0007938180000000017 27
0.0007939060000001774 28
0.0007939380000010487 27
0.0007939490000001825 26
0.0007940260000012245 27
0.0007940690000012296 26
0.0007941560000013226 27
0.0007941890000005003 26
0.0007942659999997659 27
0.000794308999999771 26
0.0007943860000008129 27
0.0007944159999997424 28
0.0007944290000008181 27
0.0007945170000009938 28
0.0007945490000000888 27
0.0007946690000011358 26
0.0007947560000012288 27
0.0007947860000001583 28
0.0007947890000004065 27
0.0007948770000005823 28
0.0007949089999996772 27
0.000794996999999853 28
0.0007950290000007243 27
0.0007951170000009 28
0.000795148999999995 27
0.0007952200000005405 28
0.0007952500000012463 29
0.0007952690000010421 28
0.0007952800000001758 29
0.0007953570000012178 30
0.0007953890000003128 29
0.0007954760000004057 30
0.0007955060000011116 31
0.0007955090000013598 30
0.0007955200000004936 29
0.0007956399999997643 28
0.000795700000001176 29
0.0007957600000008114 28
0.000795837000000077 29
0.0007958800000000821 28
0.000795957000001124 29
0.0007960000000011291 28
0.0007960600000007645 29
0.000796089999999694 30
0.0007961200000003998 29
0.0007961969999996654 30
0.0007962399999996705 29
0.0007963600000007176 28
0.0007964310000012631 29
0.0007964610000001926 30
0.0007964799999999883 29
0.0007964910000008985 28
0.0007965510000005338 29
0.0007965810000012397 30
0.0007966110000001692 29
0.0007966220000010793 28
0.0007966880000012111 29
0.00079674200000035 28
0.0007968080000004818 29
0.0007968620000013971 28
0.0007969220000010324 29
0.0007969519999999619 30
0.0007969820000006678 29
0.0007970480000007996 30
0.0007970750000012572 31
0.0007971019999999385 30
0.0007971680000000703 31
0.0007971960000006106 32
0.0007972220000009855 31
0.0007972820000006209 32
0.0007973120000013267 33
0.0007973420000002562 32
0.0007974350000008457 33
0.0007974380000010939 34
0.0007974620000013033 33
0.000797582000000574 32
0.0007976480000007058 33
0.0007976760000012462 34
0.0007977019999998447 33
0.0007977730000003902 34
0.0007978220000008918 33
0.0007979420000001625 32
0.000798013000000708 33
0.0007980430000014138 34
0.0007980620000012095 33
0.0007981160000003484 34
0.0007981460000010543 35
0.0007981820000004802 34
0.0007982530000010257 35
0.0007983019999997509 34
0.0007983730000002964 35
0.000798422000000798 34
0.0007985420000000687 33
0.000798596000000984 34
0.0007986620000011158 33
0.0007987329999998849 34
0.0007987630000005908 35
0.0007987820000003865 34
0.000798853000000932 35
0.0007989019999996572 34
0.0007989560000005724 35
0.0007989860000012783 36
0.0007990160000002078 37
0.0007990220000007042 36
0.0007990930000012497 37
0.0007991230000001792 38
0.0007991419999999749 37
0.000799262000001022 36
0.000799327000001071 37
0.0007993570000000005 38
0.0007993820000002927 37
0.0007994470000003417 38
0.0007994770000010476 39
0.0007995020000013398 38
0.0007995069999999771 39
0.000799584000001019 40
0.0007996139999999485 41
0.0007996220000006105 40
0.0007997040000002897 41
0.0007997340000009956 42
0.0007997419999998812 41
0.0007998180000008404 42
0.0007998479999997699 43
0.0007998510000000181 44
0.0007998620000009282 43
0.0007999440000006075 44
0.0007999820000001989 43
0.0008000700000003746 44
0.000800102000001246 43
0.0008001780000004288 44
0.0008002080000011347 45
0.0008002220000005167 44
0.0008003419999997874 43
0.0008004620000008345 42
0.0008005440000005137 43
0.0008005820000001052 42
0.0008007020000011522 41
0.0008008220000004229 40
0.0008008330000013331 39
0.0008009090000005159 40
0.0008009390000012218 41
0.0008009530000006038 40
0.0008009639999997376 39
0.0008009690000001513 40
0.0008010289999997866 41
0.0008010840000007846 40
0.0008011490000008337 41
0.0008011789999997632 42
0.0008012040000000553 41
0.0008012150000009655 40
0.0008012260000000992 39
0.0008012690000001044 40
0.0008013460000011463 39
0.0008013570000002801 38
0.0008013900000012342 39
0.0008014770000013272 38
0.0008015970000005979 37
0.0008016289999996928 38
0.0008016590000003987 39
0.0008017169999998686 38
0.0008017490000007399 39
0.0008018370000009156 38
0.0008018690000000106 39
0.0008018990000007165 40
0.0008019570000001863 39
0.0008019890000010577 40
0.0008020189999999872 41
0.0008020770000012334 40
0.0008021210000013212 41
0.0008021430000013652 42
0.0008021970000005041 41
0.0008022400000005092 42
0.0008023169999997748 41
0.0008023609999998627 42
0.0008023910000005685 43
0.0008024370000008219 42
0.000802480000000827 43
0.0008025099999997565 44
0.0008025570000000926 43
0.0008026000000000977 44
0.0008026300000008035 45
0.0008026770000011396 44
0.0008027200000011447 45
0.0008027970000004103 44
0.0008028400000004154 45
0.000802916999999681 44
0.0008029660000001826 45
0.0008030370000007281 44
0.0008030800000007332 45
0.0008031569999999988 44
0.0008032120000009968 45
0.0008032770000010458 44
0.0008033320000002675 45
0.0008033970000003166 44
0.0008034400000003217 45
0.0008035170000013636 44
0.0008036370000006343 43
0.000803756999999905 42
0.0008038060000004066 43
0.0008038360000011124 44
0.0008038660000000419 45
0.0008038690000002902 46
0.0008038770000009521 45
0.0008039250000013709 46
0.0008039970000002228 45
0.0008040450000006416 46
0.0008040750000013475 47
0.0008041170000012698 46
0.0008041940000005354 47
0.0008042370000005405 46
0.0008042860000010421 47
0.0008043159999999716 48
0.0008043190000002198 49
0.0008043569999998113 48
0.0008044770000008583 47
0.0008045540000001239 48
0.000804597000000129 47
0.0008046080000010392 46
0.0008046450000005478 47
0.0008047280000003099 46
0.0008047649999998185 47
0.0008048480000013569 46
0.0008048850000008656 47
0.0008049149999997951 48
0.0008049680000006276 47
0.0008050170000011292 48
0.0008050879999998983 47
0.0008052080000009454 46
0.0008052569999996706 47
0.0008053280000002161 46
0.0008054480000012632 45
0.0008055680000005339 44
0.0008056160000009527 45
0.0008056879999998046 44
0.0008057539999999364 45
0.0008058080000008516 44
0.0008058619999999905 45
0.0008059280000001223 44
0.0008059760000005411 45
0.0008060480000011694 44
0.0008061080000008047 45
0.0008061680000004401 44
0.0008062280000000754 45
0.0008062879999997108 44
0.0008064080000007579 43
0.0008064740000008896 44
0.0008065280000000286 43
0.0008066480000010756 42
0.0008067020000002145 43
0.0008067320000009204 44
0.0008067680000003463 43
0.0008068210000011788 44
0.0008068880000013934 43
0.0008069410000004495 44
0.0008069710000011554 45
0.0008070080000006641 44
0.0008071279999999348 43
0.0008071390000008449 42
0.0008072590000001156 41
0.0008073140000011136 42
0.0008073790000011627 41
0.0008074340000003843 42
0.0008074440000012117 43
0.0008074990000004334 42
0.0008075410000003558 43
0.0008075710000010616 44
0.0008076189999997041 43
0.0008077390000007512 42
0.0008077810000006735 43
0.0008078110000013794 44
0.0008078590000000219 43
0.0008079140000010199 44
0.0008079790000010689 43
0.0008080340000002906 44
0.0008080990000003396 43
0.0008082190000013867 42
0.0008082740000006083 43
0.0008083390000006574 42
0.0008084589999999281 41
0.0008085120000007606 42
0.0008085419999996901 43
0.0008085790000009752 42
0.0008086990000002459 41
0.0008087579999997985 42
0.0008087980000013317 43
0.0008088009999998036 44
0.0008088190000012929 43
0.0008088720000003491 44
0.0008089390000005636 43
0.0008090490000007833 44
0.0008090589999998343 43
0.000809169000000054 44
0.0008091790000008814 43
0.0008091900000000152 42
0.000809289000001101 43
0.0008093100000010622 42
0.0008094300000003329 41
0.0008095000000007957 42
0.00080955000000138 41
0.0008095980000000225 42
0.0008096490000006895 43
0.0008096520000009377 44
0.0008096700000006507 43
0.0008097689999999602 44
0.0008097899999999214 43
0.0008099100000009685 42
0.0008099210000001023 41
0.000810009000000278 42
0.0008100410000011493 41
0.00081016100000042 40
0.0008102490000005957 41
0.0008102809999996907 40
0.0008104010000007378 39
0.0008104370000001637 40
0.0008104890000009135 41
0.0008104920000011617 42
0.0008105210000000085 41
0.0008106410000010555 40
0.0008107290000012313 41
0.0008107610000003262 40
0.000810849000000502 41
0.0008108810000013733 40
0.0008109689999997727 41
0.000811001000000644 40
0.0008110890000008197 41
0.0008111209999999147 40
0.0008112410000009618 39
0.0008113290000011375 40
0.0008113610000002325 39
0.0008114490000004082 40
0.0008114810000012795 39
0.0008115689999996789 40
0.0008116010000005502 39
0.000811689000000726 40
0.000811720999999821 39
0.0008118089999999967 40
0.000811841000000868 39
0.0008118479999996708 40
0.0008119290000010437 41
0.0008119610000001387 40
0.0008119680000007179 41
0.0008120490000003144 42
0.0008120810000011858 41
0.0008121800000004953 42
0.0008122010000004565 41
0.000812299999999766 42
0.0008123209999997272 41
0.000812420000000813 42
0.0008124410000007742 41
0.000812451999999908 40
0.0008125400000000838 41
0.0008125720000009551 40
0.0008126600000011308 41
0.0008126900000000603 42
0.0008126920000002258 41
0.0008127800000004015 42
0.0008128120000012728 41
0.0008129320000005436 40
0.0008130200000007193 41
0.0008130519999998143 40
0.0008131450000004037 41
0.0008131720000008613 40
0.000813292000000132 39
0.0008134120000011791 38
0.0008135000000013548 39
0.0008135320000004498 38
0.0008136200000006255 39
0.0008136519999997205 38
0.0008137450000003099 39
0.0008137720000007675 38
0.0008137829999999013 37
0.0008138600000009433 38
0.0008139030000009484 37
0.000813980000000214 38
0.0008140100000009198 39
0.0008140230000002191 38
0.000814128000000025 39
0.0008141430000012662 38
0.0008142200000005317 39
0.0008142630000005369 38
0.0008142739999996707 37
0.0008143940000007177 36
0.0008144600000008495 37
0.0008145139999999884 36
0.0008145250000008986 35
0.0008145800000001202 36
0.0008146450000001693 35
0.0008147110000003011 36
0.0008147650000012163 35
0.0008148250000008517 36
0.0008148549999997812 37
0.000814885000000487 36
0.0008149450000001224 37
0.0008149750000008282 38
0.0008150049999997577 37
0.0008151250000008048 36
0.0008151359999999386 35
0.0008151910000009366 36
0.0008152560000009856 35
0.0008153110000002073 36
0.0008153410000009131 37
0.0008153760000002563 36
0.0008154310000012543 37
0.0008154339999997262 38
0.0008154960000013034 37
0.0008156160000005741 36
0.0008156709999997958 37
0.0008157010000005016 38
0.0008157359999998448 37
0.0008157910000008428 38
0.0008158560000008919 37
0.0008159110000001135 38
0.0008159760000001626 37
0.0008160540000012872 38
0.0008160960000012096 37
0.0008162160000004803 36
0.0008162270000013905 35
0.0008163470000006612 34
0.000816357999999795 33
0.000816391000000749 34
0.0008164209999996785 35
0.000816478000000842 34
0.0008165980000001127 33
0.0008167180000011598 32
0.0008167560000007512 33
0.0008168380000004305 32
0.0008168760000000219 33
0.0008169579999997012 32
0.0008170019999997891 33
0.0008170780000007483 32
0.0008171160000003397 33
0.0008171460000010455 34
0.000817198000000019 33
0.0008172420000001068 34
0.000817318000001066 33
0.0008173560000006574 34
0.0008173860000013633 35
0.0008174380000003367 34
0.0008175580000013838 33
0.000817607000000109 34
0.0008176239999997392 35
0.0008176780000006545 34
0.0008177210000006596 35
0.0008177979999999252 34
0.0008178470000004268 35
0.0008179180000009723 34
0.000818038000000243 33
0.0008180870000007445 34
0.000818116999999674 35
0.00081815800000129 34
0.0008182070000000152 35
0.0008182370000007211 36
0.0008182669999996506 37
0.0008182780000005607 36
0.0008182889999996945 35
0.0008183270000010623 36
0.000818350000001189 37
0.0008184090000007416 36
0.0008185290000000123 35
0.0008185720000000174 36
0.0008186490000010593 35
0.0008186870000006508 36
0.00081876900000033 35
0.0008188069999999215 36
0.0008188890000013771 35
0.0008190090000006478 34
0.0008190750000007796 35
0.0008191289999999185 34
0.0008192490000009656 33
0.000819287000000557 34
0.0008193690000002363 33
0.0008194890000012833 32
0.000819609000000554 31
0.0008197289999998247 30
0.0008197400000007349 29
0.0008197719999998299 30
0.0008198600000000056 29
0.0008198980000013734 30
0.0008199800000010526 29
0.0008200180000006441 30
0.0008201000000003233 29
0.0008201379999999148 30
0.0008202200000013704 29
0.0008202310000005042 28
0.0008202580000009618 29
0.0008203509999997749 28
0.000820471000000822 27
0.0008205029999999169 28
0.0008205910000000927 27
0.0008206240000010467 28
0.0008207110000011397 27
0.0008208310000004104 26
0.0008209509999996811 25
0.0008209890000010489 26
0.0008210710000007282 25
0.0008211029999998232 26
0.000821133000000529 27
0.0008211630000012349 28
0.0008211909999999989 27
0.000821311000001046 26
0.0008213660000002676 27
0.0008214310000003167 26
0.0008214750000004045 27
0.0008215510000013637 26
0.0008215620000004975 25
0.0008216819999997682 24
0.0008217029999997294 25
0.0008218020000008153 24
0.000821922000000086 23
0.000822042000001133 22
0.0008221620000004037 21
0.0008221830000003649 22
0.0008222170000014017 23
0.0008222819999996744 22
0.0008224020000007215 21
0.0008224510000012231 22
0.0008225219999999922 21
0.0008225330000009023 20
0.0008225770000009902 21
0.000822653000000173 20
0.0008227080000011711 21
0.0008227730000012201 20
0.0008227940000011813 21
0.0008228930000004908 20
0.000822904000001401 19
0.000822914000000452 20
0.0008230240000006717 19
0.0008231439999999424 18
0.0008231540000007698 19
0.0008231880000000302 20
0.0008232640000009894 19
0.0008233840000002601 18
0.0008233989999997249 19
0.0008234290000004307 20
0.0008235040000013072 19
0.0008236240000005779 18
0.0008236680000006658 19
0.0008237439999998486 18
0.0008237990000008466 19
0.0008238640000008957 18
0.0008239840000001664 17
0.0008239990000014075 18
0.0008241040000012134 17
0.0008242240000004841 16
0.0008242900000006159 17
0.0008243439999997548 16
0.000824355000000665 15
0.0008244749999999357 14
0.0008245950000009827 13
0.0008245990000013137 14
0.0008247150000002534 13
0.0008247700000012514 14
0.0008248350000013005 13
0.0008248460000004343 12
0.000824965999999705 11
0.0008250790000001729 12
0.000825086000000752 11
0.0008252060000000228 10
0.0008252500000001106 11
0.0008253260000010698 10
0.0008254460000003405 9
0.0008254900000004284 10
0.0008255660000013876 9
0.0008256860000006583 8
0.0008256900000009892 9
0.000825805999999929 8
0.00082581000000026 9
0.000825861000000927 10
0.0008258640000011752 11
0.000825926000000976 10
0.0008259810000001977 11
0.0008260460000002467 10
0.0008261010000012448 11
0.0008261660000012938 10
0.0008262860000005645 9
0.0008262950000013092 10
0.0008264059999998352 9
0.0008264610000008332 10
0.0008265260000008823 9
0.0008266040000002306 10
0.000826646000000153 9
0.0008266950000006545 10
0.0008267250000013604 11
0.0008267660000012 10
0.0008268860000004707 9
0.0008269409999996924 10
0.0008270059999997414 9
0.0008271260000007885 8
0.0008271810000000102 9
0.000827211000000716 10
0.0008272460000000592 9
0.0008272570000009694 8
0.0008273770000002401 7
0.0008274950000011216 8
0.0008274970000012871 7
0.0008276170000005578 6
0.0008276660000010594 7
0.0008277369999998285 6
0.0008277480000007387 5
0.0008278680000000094 4
0.0008279749999999808 5
0.0008279880000010564 4
0.0008281080000003271 3
0.0008282280000013742 2
0.0008283480000006449 1
0.0008283860000002363 2
0.0008283890000004845 3
0.0008284679999999156 2
0.0008285880000009627 1
0.0008286430000001843 2
0.0008287060000000679 3
0.0008287080000002334 2
0.0008287090000003161 3
0.0008287570000007349 4
0.0008288280000012804 3
0.0008288390000004142 2
0.0008289589999996849 1
0.000828974000000926 2
0.000829079000000732 1
0.0008290899999998658 0
0.0008293740000002714 1
0.0008293740000002714 0
0.0008294940000013185 1
0.0008294940000013185 0
0.0008295970000009589 1
0.0008295970000009589 0
0.0008296200000010856 1
0.0008296200000010856 0
0.0008298540000009069 1
0.0008298540000009069 0
0.0008300769999998181 1
0.0008300769999998181 0
0.000830107000000524 1
0.000830107000000524 0
0.0008301740000007385 1
0.0008301970000008652 0
0.0008305620000008673 1
0.0008305620000008673 0
0.0008308709999997888 1
0.0008308709999997888 0
0.0008312820000000443 1
0.0008312820000000443 0
0.0008315389999999923 1
0.0008315389999999923 0
0.0008316019999998758 1
0.0008316019999998758 0
0.0008316530000005429 1
0.0008316590000010393 0
0.0008323900000011264 1
0.0008323900000011264 0
0.0008324930000007669 1
0.0008324930000007669 0
0.0008327500000007149 1
0.0008327500000007149 0
0.0008329730000014024 1
0.0008329730000014024 0
0.0008330030000003319 1
0.0008330030000003319 0
0.0008334580000006753 1
0.0008334580000006753 0
0.000833550000001182 1
0.000833550000001182 0
0.0008341779999998522 1
0.0008341779999998522 0
0.0008344349999998002 1
0.0008344349999998002 0
0.0008344979999996838 1
0.0008344979999996838 0
0.0008345490000003508 1
0.0008345550000008473 0
0.0008352860000009343 1
0.0008352860000009343 0
0.0008353890000005748 1
0.0008353890000005748 0
0.0008356460000005228 1
0.0008356460000005228 0
0.0008356569999996566 1
0.0008356569999996566 0
0.0008358690000012103 1
0.0008358690000012103 0
0.0008363540000004832 1
0.0008363540000004832 0
0.0008370739999996601 1
0.0008370739999996601 0
0.0008371140000011934 1
0.0008371140000011934 0
0.0008373940000012681 1
0.0008373940000012681 0
0.0008374450000001588 1
0.0008374450000001588 0
0.0008381820000007423 1
0.0008381820000007423 0
0.0008382850000003828 1
0.0008382850000003828 0
0.0008383250000001397 1
0.0008383250000001397 0
0.0008387650000010183 1
0.0008387650000010183 0
0.0008390330000001001 1
0.0008390330000001001 0
0.0008399700000012444 1
0.0008399700000012444 0
0.0008400730000008849 1
0.0008400730000008849 0
0.0008403409999999667 1
0.0008403409999999667 0
0.0008410780000005502 1
0.0008410780000005502 0
0.0008411810000001907 1
0.0008411810000001907 0
0.0008416610000008262 1
0.0008416610000008262 0
0.0008428660000010524 1
0.0008428660000010524 0
0.0008432369999997746 1
0.0008432369999997746 0
0.0008437570000001671 1
0.0008437570000001671 0
0.0008440769999999986 1
0.0008440769999999986 0
0.0008443400000004431 1
0.0008443400000004431 0
0.0008455450000006692 1
0.0008455450000006692 0
0.0008459160000011678 1
0.0008459160000011678 0
0.0008469729999998066 1
0.0008469729999998066 0
0.0008498690000013909 1
0.0008498690000013909 0
0.0008527650000011988 1
0.0008527650000011988 0
0.0008554440000008157 1
0.0008554440000008157 0
0.0008560549999998557 0