time length
0.0 0
1.8749999997069722e-06 1
1.8749999997069722e-06 0
1.994999999865854e-06 1
1.994999999865854e-06 0
4.233999999492255e-06 1
4.233999999492255e-06 0
4.238999999905957e-06 1
4.238999999905957e-06 0
4.3289999993589845e-06 1
4.3289999993589845e-06 0
4.363999999590362e-06 1
4.363999999590362e-06 0
4.448999999517866e-06 1
4.448999999517866e-06 0
4.627000000034798e-06 1
4.627000000034798e-06 0
4.887999999425574e-06 1
4.887999999425574e-06 0
5.413999999426267e-06 1
5.413999999426267e-06 0
6.622999999983392e-06 1
6.622999999983392e-06 0
6.627999999508916e-06 1
6.627999999508916e-06 0
6.6329999999226175e-06 1
6.6329999999226175e-06 0
6.647999999387366e-06 1
6.647999999387366e-06 0
6.652999999801068e-06 1
6.652999999801068e-06 0
6.6579999993265915e-06 1
6.6579999993265915e-06 0
6.662999999740293e-06 1
6.662999999740293e-06 0
6.668000000153995e-06 1
6.668000000153995e-06 0
6.672999999679519e-06 1
6.672999999679519e-06 0
6.6780000000932205e-06 1
6.6780000000932205e-06 0
6.688000000032446e-06 1
6.688000000032446e-06 0
6.692999999557969e-06 1
6.692999999557969e-06 0
6.697999999971671e-06 1
6.697999999971671e-06 0
6.7029999994971945e-06 1
6.7029999994971945e-06 0
6.707999999910896e-06 1
6.707999999910896e-06 0
6.71299999943642e-06 1
6.71299999943642e-06 0
6.717999999850122e-06 1
6.717999999850122e-06 0
6.722999999375645e-06 1
6.722999999375645e-06 0
6.727999999789347e-06 1
6.727999999789347e-06 0
6.737999999728572e-06 1
6.737999999728572e-06 0
6.743000000142274e-06 1
6.743000000142274e-06 0
6.7479999996677975e-06 1
6.7479999996677975e-06 0
6.753000000081499e-06 1
6.753000000081499e-06 0
6.757999999607023e-06 1
6.757999999607023e-06 0
6.763000000020725e-06 1
6.763000000020725e-06 0
6.777999999485473e-06 1
6.777999999485473e-06 0
6.782999999899175e-06 1
6.782999999899175e-06 0
6.787999999424699e-06 1
6.787999999424699e-06 0
6.7929999998384005e-06 1
6.7929999998384005e-06 0
6.797999999363924e-06 1
6.797999999363924e-06 0
6.802999999777626e-06 1
6.802999999777626e-06 0
6.807999999303149e-06 1
6.807999999303149e-06 0
6.812999999716851e-06 1
6.812999999716851e-06 0
6.818000000130553e-06 1
6.818000000130553e-06 0
6.822999999656076e-06 1
6.822999999656076e-06 0
6.8839999993741685e-06 1
6.8839999993741685e-06 0
6.884999999456909e-06 1
6.884999999456909e-06 0
6.885999999539649e-06 1
6.88699999962239e-06 2
6.88799999970513e-06 3
6.88899999978787e-06 4
6.918999999605546e-06 5
6.919999999688287e-06 6
6.920999999771027e-06 7
6.921999999853767e-06 8
6.951999999671443e-06 9
6.952999999754184e-06 10
6.9839999996546e-06 11
7.00399999953305e-06 10
7.007999999864012e-06 9
7.011999999306795e-06 8
7.0159999996377564e-06 7
7.019999999968718e-06 6
7.023999999411501e-06 7
7.023999999411501e-06 6
7.054000000117355e-06 7
7.083999999935031e-06 8
7.143999999570383e-06 7
7.147999999901344e-06 6
7.1519999993441274e-06 5
7.155999999675089e-06 4
7.275999999833971e-06 3
7.280000000164932e-06 2
7.399999999435636e-06 1
7.504000000047029e-06 2
7.519999999594518e-06 1
7.5339999998647045e-06 2
7.56399999968238e-06 3
7.6399999997534e-06 2
7.759999999912282e-06 1
7.784000000121694e-06 2
7.855999999861751e-06 3
7.880000000071163e-06 2
7.885999999679427e-06 3
7.915999999497103e-06 4
7.945999999314779e-06 5
7.976000000020633e-06 6
7.999999999341867e-06 5
8.005999999838309e-06 6
8.035999999655985e-06 7
8.065999999473661e-06 8
8.095999999291337e-06 9
8.119999999500749e-06 8
8.125999999997191e-06 9
8.23999999965963e-06 8
8.310000000122386e-06 9
8.359999999818513e-06 8
8.408999999431899e-06 9
8.479999999977395e-06 8
8.600000000136276e-06 7
8.71999999940698e-06 6
8.839999999565862e-06 5
8.950999999868259e-06 6
8.959999999724744e-06 5
8.980999999685935e-06 6
9.01099999950361e-06 7
9.040999999321286e-06 8
9.07100000002714e-06 9
9.079999999883626e-06 8
9.100999999844817e-06 9
9.200000000042508e-06 8
9.319999999313211e-06 7
9.439999999472093e-06 6
9.559999999630975e-06 5
9.679999999789857e-06 4
9.776999999822067e-06 5
9.799999999948739e-06 4
9.806999999639743e-06 5
9.836999999457419e-06 6
9.877000000102498e-06 7
9.906999999920174e-06 8
9.92000000010762e-06 7
9.93699999973785e-06 8
9.966999999555526e-06 9
9.996999999373202e-06 10
1.0027000000079056e-05 11
1.0039999999378324e-05 10
1.0056999999896732e-05 11
1.0086999999714408e-05 12
1.0116999999532084e-05 13
1.014699999934976e-05 14
1.0159999999537206e-05 13
1.0177000000055614e-05 14
1.020699999987329e-05 15
1.0236999999690966e-05 16
1.0266999999508641e-05 17
1.0279999999696088e-05 16
1.0296999999326317e-05 17
1.039999999985497e-05 18
1.039999999985497e-05 17
1.0429999999672646e-05 18
1.0459999999490321e-05 19
1.0520000000013852e-05 18
1.0639999999284555e-05 17
1.0679999999929635e-05 18
1.0751999999669692e-05 19
1.0759999999443437e-05 18
1.0781999999487368e-05 19
1.0811999999305044e-05 20
1.0842000000010898e-05 21
1.0871999999828574e-05 22
1.0879999999602319e-05 21
1.090199999964625e-05 22
1.0931999999463926e-05 23
1.0961999999281602e-05 24
1.0991999999987456e-05 25
1.09999999997612e-05 24
1.1021999999805132e-05 25
1.1051999999622808e-05 26
1.1081999999440484e-05 27
1.1112000000146338e-05 28
1.1119999999920083e-05 27
1.1141999999964014e-05 28
1.117199999978169e-05 29
1.1201999999599366e-05 30
1.1231999999417042e-05 31
1.1240000000078965e-05 30
1.1262000000122896e-05 31
1.1291999999940572e-05 32
1.1321999999758248e-05 33
1.1351999999575924e-05 34
1.1359999999349668e-05 33
1.13819999993936e-05 34
1.147999999950855e-05 33
1.1599999999667432e-05 32
1.1719999999826314e-05 31
1.1839999999985196e-05 30
1.18469999996762e-05 31
1.1876999999493876e-05 32
1.1906999999311552e-05 33
1.1937000000017406e-05 34
1.1960000000144078e-05 33
1.1966999999835082e-05 34
1.1996999999652758e-05 35
1.2079999999414781e-05 34
1.2199999999573663e-05 33
1.2319999999732545e-05 32
1.2439999999891427e-05 31
1.2560000000050309e-05 30
1.2672999999630008e-05 31
1.2679999999321012e-05 30
1.2702999999447684e-05 31
1.2733000000153538e-05 32
1.277299999991044e-05 33
1.2799999999479894e-05 32
1.2802999999728115e-05 33
1.2832999999545791e-05 34
1.2862999999363467e-05 35
1.2893000000069321e-05 36
1.2919999999638776e-05 35
1.2922999999886997e-05 36
1.2952999999704673e-05 37
1.2982999999522349e-05 38
1.3012999999340025e-05 39
1.3039999999797658e-05 38
1.3043000000045879e-05 39
1.3072999999863555e-05 40
1.310299999968123e-05 41
1.3132999999498907e-05 42
1.315999999995654e-05 41
1.3162999999316582e-05 42
1.3193000000022437e-05 43
1.3280000000115422e-05 42
1.329599999966291e-05 43
1.3325999999480587e-05 44
1.3355999999298263e-05 45
1.3399999999386125e-05 44
1.3519999999545007e-05 43
1.3575999999737576e-05 44
1.3639999999703889e-05 43
1.3647999999477634e-05 44
1.367799999929531e-05 45
1.3708000000001164e-05 46
1.373799999981884e-05 47
1.3759999999862771e-05 46
1.3767999999636515e-05 47
1.3797999999454191e-05 48
1.3828000000160046e-05 49
1.3857999999977721e-05 50
1.3880000000021653e-05 49
1.3887999999795397e-05 50
1.3917999999613073e-05 51
1.3947999999430749e-05 52
1.3978000000136603e-05 53
1.3999999999292356e-05 52
1.400799999995428e-05 53
1.4037999999771955e-05 54
1.4067999999589631e-05 55
1.4097999999407307e-05 56
1.4119999999451238e-05 55
1.4128000000113161e-05 56
1.4157999999930837e-05 57
1.4187999999748513e-05 58
1.4217999999566189e-05 59
1.423999999961012e-05 58
1.4247999999383865e-05 59
1.4278000000089719e-05 60
1.4359999999769002e-05 59
1.4479999999927884e-05 58
1.4600000000086766e-05 57
1.471999999935747e-05 56
1.4742999999484141e-05 57
1.4772999999301817e-05 58
1.4803000000007671e-05 59
1.4832999999825347e-05 60
1.4839999999516351e-05 59
1.4862999999643023e-05 60
1.4892999999460699e-05 61
1.4959999999675233e-05 60
1.5079999999834115e-05 59
1.5199999999992997e-05 58
1.532000000015188e-05 57
1.5439999999422582e-05 56
1.5559999999581464e-05 55
1.556899999943795e-05 56
1.5599000000143803e-05 57
1.562899999996148e-05 58
1.566899999971838e-05 59
1.5679999999740346e-05 58
1.5698999999536056e-05 59
1.5728999999353732e-05 60
1.5759000000059586e-05 61
1.5788999999877262e-05 62
1.5799999999899228e-05 61
1.5818999999694938e-05 62
1.5848999999512614e-05 63
1.587899999933029e-05 64
1.5909000000036144e-05 65
1.592000000005811e-05 64
1.593899999985382e-05 65
1.5968999999671496e-05 66
1.5998999999489172e-05 67
1.6028999999306848e-05 68
1.6039999999328813e-05 67
1.6059000000012702e-05 68
1.6088999999830378e-05 69
1.6159999999487695e-05 68
1.6191999999470852e-05 69
1.6221999999288528e-05 70
1.6251999999994382e-05 71
1.6279999999646577e-05 70
1.639999999980546e-05 69
1.6471999999545517e-05 70
1.651999999996434e-05 69
1.6543999999285575e-05 70
1.657399999999143e-05 71
1.6603999999809105e-05 72
1.663399999962678e-05 73
1.6640000000123223e-05 72
1.6663999999444457e-05 73
1.669400000015031e-05 74
1.6723999999967987e-05 75
1.6753999999785663e-05 76
1.6759999999393926e-05 75
1.678399999960334e-05 76
1.6813999999421014e-05 77
1.684400000012687e-05 78
1.6873999999944544e-05 79
1.6879999999552808e-05 78
1.690399999976222e-05 79
1.6933999999579896e-05 80
1.6963999999397572e-05 81
1.6994000000103426e-05 82
1.699999999971169e-05 81
1.7023999999921102e-05 82
1.7053999999738778e-05 83
1.7083999999556454e-05 84
1.711399999937413e-05 85
1.7119999999870572e-05 84
1.7144000000079984e-05 85
1.717399999989766e-05 86
1.7240000000029454e-05 85
1.7359999999300157e-05 84
1.747999999945904e-05 83
1.759999999961792e-05 82
1.7638999999292082e-05 83
1.7668999999997936e-05 84
1.7698999999815612e-05 85
1.7719999999776803e-05 84
1.7728999999633288e-05 85
1.7758999999450964e-05 86
1.7789000000156818e-05 87
1.7839999999935685e-05 86
1.7960000000094567e-05 85
1.807999999936527e-05 84
1.8199999999524152e-05 83
1.8319999999683034e-05 82
1.8439999999841916e-05 81
1.846500000013407e-05 82
1.8494999999951744e-05 83
1.852499999976942e-05 84
1.8560000000000798e-05 83
1.856499999952632e-05 84
1.8594999999343997e-05 85
1.862500000004985e-05 86
1.8654999999867528e-05 87
1.868000000015968e-05 86
1.8684999999685203e-05 87
1.871499999950288e-05 88
1.8744999999320555e-05 89
1.877500000002641e-05 90
1.8799999999430383e-05 89
1.8804999999844085e-05 90
1.883499999966176e-05 91
1.8864999999479437e-05 92
1.8894999999297113e-05 93
1.8919999999589265e-05 92
1.8925000000002967e-05 93
1.8954999999820643e-05 94
1.898499999963832e-05 95
1.9039999999748147e-05 94
1.908800000016697e-05 95
1.9117999999984647e-05 96
1.9147999999802323e-05 97
1.915999999990703e-05 96
1.928000000006591e-05 95
1.9367999999353458e-05 96
1.9399999999336615e-05 95
1.9439999999981694e-05 96
1.946999999979937e-05 97
1.9499999999617046e-05 98
1.9519999999495496e-05 97
1.9529999999434722e-05 98
1.9560000000140576e-05 99
1.9589999999958252e-05 100
1.9619999999775928e-05 101
1.963999999965438e-05 100
1.9649999999593604e-05 101
1.967999999941128e-05 102
1.9710000000117134e-05 103
1.973999999993481e-05 104
1.975999999981326e-05 103
1.9769999999752486e-05 104
1.979999999957016e-05 105
1.9829999999387837e-05 106
1.986000000009369e-05 107
1.9879999999972142e-05 106
1.9889999999911367e-05 107
1.9919999999729043e-05 108
1.994999999954672e-05 109
1.9979999999364395e-05 110
2.0000000000131024e-05 109
2.001000000007025e-05 110
2.0039999999887925e-05 111
2.00699999997056e-05 112
2.0119999999401728e-05 111
2.023999999956061e-05 110
2.035999999971949e-05 109
2.0479999999878373e-05 108
2.05349999999882e-05 109
2.0564999999805877e-05 110
2.0594999999623553e-05 111
2.0600000000037255e-05 110
2.062499999944123e-05 111
2.0655000000147083e-05 112
2.068499999996476e-05 113
2.071999999930796e-05 112
2.083999999946684e-05 111
2.0959999999625722e-05 110
2.1079999999784604e-05 109
2.1199999999943486e-05 108
2.1320000000102368e-05 107
2.136099999994201e-05 108
2.1390999999759686e-05 109
2.142099999957736e-05 110
2.143999999937307e-05 109
2.1460999999334263e-05 110
2.1491000000040117e-05 111
2.1520999999857793e-05 112
2.155099999967547e-05 113
2.1559999999531954e-05 112
2.1580999999493145e-05 113
2.161099999931082e-05 114
2.1641000000016675e-05 115
2.167099999983435e-05 116
2.1679999999690835e-05 115
2.1700999999652026e-05 116
2.1730999999469702e-05 117
2.1760999999287378e-05 118
2.1790999999993232e-05 119
2.1799999999849717e-05 118
2.182099999981091e-05 119
2.1850999999628584e-05 120
2.188099999944626e-05 121
2.19200000000086e-05 120
2.1983999999974912e-05 121
2.201399999979259e-05 122
2.204000000016748e-05 121
2.2043999999610264e-05 122
2.2159999999438185e-05 121
2.2264000000049577e-05 122
2.2279999999597067e-05 121
2.2335999999789635e-05 122
2.236599999960731e-05 123
2.2395999999424987e-05 124
2.239999999975595e-05 123
2.242600000013084e-05 124
2.2455999999948517e-05 125
2.2485999999766193e-05 126
2.251599999958387e-05 127
2.251999999991483e-05 126
2.2545999999401545e-05 127
2.25760000001074e-05 128
2.2605999999925075e-05 129
2.263599999974275e-05 130
2.2640000000073712e-05 129
2.2665999999560427e-05 130
2.2695999999378103e-05 131
2.2726000000083957e-05 132
2.2755999999901633e-05 133
2.2759999999344416e-05 132
2.278599999971931e-05 133
2.2815999999536984e-05 134
2.284599999935466e-05 135
2.2876000000060515e-05 136
2.2879999999503298e-05 135
2.290599999987819e-05 136
2.2935999999695866e-05 137
2.2965999999513542e-05 138
2.299999999966218e-05 137
2.311999999982106e-05 136
2.3239999999979943e-05 135
2.3360000000138825e-05 134
2.3430999999796143e-05 135
2.346099999961382e-05 136
2.347999999940953e-05 135
2.3490999999431494e-05 136
2.352100000013735e-05 137
2.3550999999955025e-05 138
2.35809999997727e-05 139
2.359999999956841e-05 138
2.3719999999727293e-05 137
2.3839999999886174e-05 136
2.3960000000045056e-05 135
2.407999999931576e-05 134
2.4199999999474642e-05 133
2.425699999974995e-05 134
2.4286999999567627e-05 135
2.4316999999385303e-05 136
2.4319999999633524e-05 135
2.4357000000030382e-05 136
2.4386999999848058e-05 137
2.4416999999665734e-05 138
2.4439999999792406e-05 137
2.444699999948341e-05 138
2.4476999999301086e-05 139
2.450700000000694e-05 140
2.4536999999824616e-05 141
2.4559999999951287e-05 140
2.456699999964229e-05 141
2.4596999999459968e-05 142
2.4627000000165822e-05 143
2.4656999999983498e-05 144
2.468000000011017e-05 143
2.4686999999801174e-05 144
2.471699999961885e-05 145
2.4746999999436525e-05 146
2.477700000014238e-05 147
2.4799999999380873e-05 146
2.4879999999782854e-05 147
2.490999999960053e-05 148
2.4919999999539755e-05 147
2.4939999999418205e-05 148
2.5039999999698637e-05 147
2.515999999985752e-05 148
2.515999999985752e-05 147
2.5231999999597576e-05 148
2.5261999999415252e-05 149
2.52800000000164e-05 148
2.5292000000121106e-05 149
2.5321999999938782e-05 150
2.5351999999756458e-05 151
2.5381999999574134e-05 152
2.5399999999287104e-05 151
2.541199999939181e-05 152
2.5442000000097664e-05 153
2.547199999991534e-05 154
2.5501999999733016e-05 155
2.5519999999445986e-05 154
2.5531999999550692e-05 155
2.5561999999368368e-05 156
2.5592000000074222e-05 157
2.5621999999891898e-05 158
2.5639999999604868e-05 157
2.5651999999709574e-05 158
2.568199999952725e-05 159
2.5711999999344926e-05 160
2.574200000005078e-05 161
2.575999999976375e-05 160
2.5771999999868456e-05 161
2.580199999968613e-05 162
2.5831999999503807e-05 163
2.5861999999321483e-05 164
2.587999999992263e-05 163
2.6000000000081513e-05 162
2.6119999999352217e-05 161
2.62399999995111e-05 160
2.6326999999604084e-05 161
2.635699999942176e-05 162
2.635999999966998e-05 161
2.6387000000127614e-05 162
2.641699999994529e-05 163
2.6446999999762966e-05 164
2.647699999958064e-05 165
2.6479999999828863e-05 164
2.6599999999987745e-05 163
2.6720000000146626e-05 162
2.683999999941733e-05 161
2.6959999999576212e-05 160
2.7079999999735094e-05 159
2.7152999999557892e-05 160
2.7182999999375568e-05 161
2.7199999999893976e-05 160
2.7213000000081422e-05 161
2.7252999999838323e-05 162
2.7282999999656e-05 163
2.7312999999473675e-05 164
2.7320000000052858e-05 163
2.734299999929135e-05 164
2.7372999999997205e-05 165
2.740299999981488e-05 166
2.7432999999632557e-05 167
2.743999999932356e-05 166
2.7462999999450233e-05 167
2.7493000000156087e-05 168
2.7522999999973763e-05 169
2.755299999979144e-05 170
2.7559999999482443e-05 169
2.7582999999609115e-05 170
2.761299999942679e-05 171
2.7643000000132645e-05 172
2.767299999995032e-05 173
2.7679999999641325e-05 172
2.7775999999590795e-05 173
2.7799999999800207e-05 172
2.780599999940847e-05 173
2.7836000000114325e-05 174
2.791999999995909e-05 173
2.804000000011797e-05 172
2.805599999966546e-05 173
2.8127999999405517e-05 174
2.8158000000111372e-05 175
2.8159999999388674e-05 174
2.8187999999929048e-05 175
2.8217999999746723e-05 176
2.82479999995644e-05 177
2.8277999999382075e-05 178
2.8279999999547556e-05 177
2.830800000008793e-05 178
2.8337999999905605e-05 179
2.836799999972328e-05 180
2.8397999999540957e-05 181
2.8399999999706438e-05 180
2.8427999999358633e-05 181
2.8458000000064487e-05 182
2.8487999999882163e-05 183
2.851799999969984e-05 184
2.851999999986532e-05 183
2.8547999999517515e-05 184
2.857799999933519e-05 185
2.8608000000041045e-05 186
2.863799999985872e-05 187
2.86400000000242e-05 186
2.8667999999676397e-05 187
2.8697999999494073e-05 188
2.872799999931175e-05 189
2.8758000000017603e-05 190
2.8759999999294905e-05 189
2.8879999999453787e-05 188
2.899999999961267e-05 187
2.911999999977155e-05 186
2.9222999999412025e-05 187
2.9239999999930433e-05 186
2.925300000011788e-05 187
2.9282999999935555e-05 188
2.931299999975323e-05 189
2.9342999999570907e-05 190
2.9360000000089315e-05 189
2.9372999999388583e-05 190
2.9479999999360018e-05 189
2.95999999995189e-05 188
2.9719999999677782e-05 187
2.9839999999836664e-05 186
2.9959999999995546e-05 185
3.0048999999365833e-05 186
3.0079000000071687e-05 187
3.0080000000154428e-05 186
3.0108999999889363e-05 187
3.0148999999646264e-05 188
3.017899999946394e-05 189
3.019999999942513e-05 188
3.0208999999281616e-05 189
3.023899999998747e-05 190
3.0268999999805146e-05 191
3.0298999999622822e-05 192
3.0319999999584013e-05 191
3.0328999999440498e-05 192
3.0359000000146352e-05 193
3.0388999999964028e-05 194
3.0418999999781704e-05 195
3.0439999999742895e-05 194
3.044899999959938e-05 195
3.0478999999417056e-05 196
3.050900000012291e-05 197
3.0538999999940586e-05 198
3.055999999990178e-05 197
3.056899999975826e-05 198
3.0671999999398736e-05 199
3.068000000006066e-05 198
3.070200000010459e-05 199
3.0731999999922266e-05 200
3.079999999933136e-05 199
3.0919999999490244e-05 198
3.09519999994734e-05 199
3.102400000010164e-05 200
3.1039999999649126e-05 199
3.105399999991931e-05 200
3.108399999973699e-05 201
3.1113999999554665e-05 202
3.114399999937234e-05 203
3.115999999980801e-05 202
3.1174000000078195e-05 203
3.120399999989587e-05 204
3.1233999999713546e-05 205
3.126399999953122e-05 206
3.127999999996689e-05 205
3.12939999993489e-05 206
3.132400000005475e-05 207
3.135399999987243e-05 208
3.1383999999690104e-05 209
3.140000000012577e-05 208
3.141399999950778e-05 209
3.1443999999325456e-05 210
3.147400000003131e-05 211
3.1503999999848986e-05 212
3.1519999999396475e-05 211
3.153399999966666e-05 212
3.156399999948434e-05 213
3.1593999999302014e-05 214
3.162400000000787e-05 215
3.163999999955536e-05 214
3.1653999999825544e-05 215
3.175999999971424e-05 214
3.187999999987312e-05 213
3.2000000000032e-05 212
3.2119000000108144e-05 213
3.2119999999302706e-05 212
3.214899999992582e-05 213
3.2178999999743496e-05 214
3.220899999956117e-05 215
3.223899999937885e-05 216
3.223999999946159e-05 215
3.22690000000847e-05 216
3.235999999962047e-05 215
3.247999999977935e-05 214
3.2599999999938234e-05 213
3.2720000000097116e-05 212
3.283999999936782e-05 211
3.294500000006195e-05 212
3.29599999995267e-05 211
3.297499999987963e-05 212
3.3004999999697304e-05 213
3.3044999999454205e-05 214
3.307500000016006e-05 215
3.307999999968558e-05 214
3.3104999999977736e-05 215
3.313499999979541e-05 216
3.316499999961309e-05 217
3.319499999943076e-05 218
3.3199999999844465e-05 217
3.322500000013662e-05 218
3.325499999995429e-05 219
3.328499999977197e-05 220
3.3314999999589645e-05 221
3.332000000000335e-05 220
3.334499999940732e-05 221
3.3375000000113175e-05 222
3.340499999993085e-05 223
3.343499999974853e-05 224
3.344000000016223e-05 223
3.34649999995662e-05 224
3.355999999943293e-05 223
3.3568000000094855e-05 224
3.359799999991253e-05 225
3.362799999973021e-05 226
3.3679999999591814e-05 225
3.3799999999750696e-05 224
3.384799999928134e-05 225
3.391999999990958e-05 226
3.391999999990958e-05 225
3.3949999999727254e-05 226
3.397999999954493e-05 227
3.401999999930183e-05 228
3.404000000006846e-05 227
3.405399999945047e-05 228
3.408400000015632e-05 229
3.4113999999974e-05 230
3.4143999999791674e-05 231
3.4159999999339163e-05 230
3.417399999960935e-05 231
3.4203999999427026e-05 232
3.423400000013288e-05 233
3.4263999999950556e-05 234
3.4279999999498045e-05 233
3.429399999976823e-05 234
3.432399999958591e-05 235
3.4353999999403584e-05 236
3.438400000010944e-05 237
3.439999999965693e-05 236
3.4413999999927114e-05 237
3.4472999999479725e-05 238
3.451999999981581e-05 237
3.463999999997469e-05 236
3.476000000013357e-05 235
3.4879999999404276e-05 234
3.499999999956316e-05 233
3.5014999999916085e-05 234
3.504499999973376e-05 235
3.507499999955144e-05 236
3.510499999936911e-05 237
3.511999999972204e-05 236
3.513500000007497e-05 237
3.516499999989264e-05 238
3.523999999988092e-05 237
3.5360000000039804e-05 236
3.547999999931051e-05 235
3.559999999946939e-05 234
3.571999999962827e-05 233
3.583999999978715e-05 232
3.587099999968757e-05 233
3.5900999999505245e-05 234
3.5941000000150325e-05 235
3.5959999999946035e-05 234
3.5970999999968e-05 235
3.600099999978568e-05 236
3.603099999960335e-05 237
3.606099999942103e-05 238
3.608000000010492e-05 237
3.609100000012688e-05 238
3.612099999994456e-05 239
3.6150999999762234e-05 240
3.618099999957991e-05 241
3.619999999937562e-05 240
3.6210999999397586e-05 241
3.624100000010344e-05 242
3.6270999999921116e-05 243
3.630099999973879e-05 244
3.63199999995345e-05 243
3.633099999955647e-05 244
3.6439999999693384e-05 243
3.6463999999902796e-05 244
3.649399999972047e-05 245
3.652399999953815e-05 246
3.6559999999852266e-05 245
3.668000000001115e-05 244
3.674399999997746e-05 245
3.679999999928185e-05 244
3.681599999971752e-05 245
3.6845999999535195e-05 246
3.687599999935287e-05 247
3.691599999999795e-05 248
3.6919999999440734e-05 247
3.695099999934115e-05 248
3.6981000000047004e-05 249
3.701099999986468e-05 250
3.7039999999599615e-05 249
3.7040999999682356e-05 250
3.707099999950003e-05 251
3.710099999931771e-05 252
3.713100000002356e-05 253
3.71599999997585e-05 252
3.716099999984124e-05 253
3.7190999999658914e-05 254
3.722099999947659e-05 255
3.7269999999978154e-05 256
3.727999999991738e-05 255
3.7368999999287666e-05 256
3.740000000007626e-05 255
3.7519999999346965e-05 254
3.7639999999505847e-05 253
3.775999999966473e-05 252
3.787999999982361e-05 251
3.7910999999724027e-05 252
3.79409999995417e-05 253
3.797099999935938e-05 254
3.799999999998249e-05 253
3.800100000006523e-05 254
3.803099999988291e-05 255
3.8120000000141374e-05 254
3.823999999941208e-05 253
3.835999999957096e-05 252
3.847999999972984e-05 251
3.859999999988872e-05 250
3.8720000000047605e-05 249
3.876699999949551e-05 250
3.8796999999313186e-05 251
3.8836999999958266e-05 252
3.883999999931831e-05 251
3.886699999977594e-05 252
3.889699999959362e-05 253
3.8926999999411294e-05 254
3.895700000011715e-05 255
3.895999999947719e-05 254
3.8986999999934824e-05 255
3.90169999997525e-05 256
3.9046999999570176e-05 257
3.907699999938785e-05 258
3.907999999963607e-05 257
3.9107000000093706e-05 258
3.913699999991138e-05 259
3.916699999972906e-05 260
3.919699999954673e-05 261
3.9199999999794954e-05 260
3.922699999936441e-05 261
3.9257000000070263e-05 262
3.9319999999953836e-05 261
3.933200000005854e-05 262
3.936199999987622e-05 263
3.9391999999693894e-05 264
3.942199999951157e-05 265
3.944000000011272e-05 264
3.955999999938342e-05 263
3.96399999997854e-05 264
3.9679999999542304e-05 263
3.971199999952546e-05 264
3.9741999999343136e-05 265
3.977200000004899e-05 266
3.9799999999701186e-05 265
3.981199999980589e-05 266
3.984700000003727e-05 267
3.9876999999854945e-05 268
3.990699999967262e-05 269
3.991999999986007e-05 268
3.99369999994903e-05 269
3.996699999930797e-05 270
3.999700000001383e-05 271
4.00269999998315e-05 272
4.004000000001895e-05 271
4.005699999964918e-05 272
4.0086999999466855e-05 273
4.011699999928453e-05 274
4.0146999999990385e-05 275
4.015999999928965e-05 274
4.017699999980806e-05 275
4.0264999999983786e-05 276
4.0279999999448535e-05 275
4.039999999960742e-05 274
4.05199999997663e-05 273
4.063999999992518e-05 272
4.0652000000029886e-05 273
4.076000000008406e-05 272
4.077199999930059e-05 273
4.080699999953197e-05 274
4.0836999999349644e-05 275
4.08670000000555e-05 276
4.0879999999354766e-05 275
4.0896999999873174e-05 276
4.099999999951365e-05 275
4.111999999967253e-05 274
4.123999999983141e-05 273
4.1359999999990293e-05 272
4.1480000000149175e-05 271
4.14919999993657e-05 272
4.159999999941988e-05 271
4.166299999930345e-05 272
4.1693000000009306e-05 273
4.171999999957876e-05 272
4.173299999976621e-05 273
4.176299999958388e-05 274
4.179299999940156e-05 275
4.182300000010741e-05 276
4.183999999973764e-05 275
4.185299999992509e-05 276
4.1882999999742765e-05 277
4.1921999999416926e-05 278
4.195200000012278e-05 279
4.1959999999896525e-05 278
4.1981999999940456e-05 279
4.201199999975813e-05 280
4.204199999957581e-05 281
4.2071999999393483e-05 282
4.2080000000055406e-05 281
4.219999999932611e-05 280
4.225599999951868e-05 281
4.2285999999336354e-05 282
4.231600000004221e-05 283
4.231999999948499e-05 282
4.2439999999643874e-05 281
4.2535999999593344e-05 282
4.2559999999802756e-05 281
4.26129999997471e-05 282
4.267999999996164e-05 281
4.270799999961383e-05 282
4.274299999984521e-05 283
4.278699999993307e-05 284
4.280000000012052e-05 283
4.281699999975075e-05 284
4.2846999999568425e-05 285
4.28769999993861e-05 286
4.2907000000091955e-05 287
4.291999999939122e-05 286
4.293699999990963e-05 287
4.296699999972731e-05 288
4.299699999954498e-05 289
4.3039999999550105e-05 288
4.305199999965481e-05 289
4.308199999947249e-05 290
4.315999999970899e-05 289
4.327999999986787e-05 288
4.3291999999972575e-05 289
4.340000000002675e-05 288
4.3412000000131457e-05 289
4.3519999999297454e-05 288
4.3639999999456336e-05 287
4.370299999933991e-05 288
4.373300000004576e-05 289
4.375999999961522e-05 288
4.376299999986344e-05 289
4.3792999999681115e-05 290
4.38799999997741e-05 289
4.399999999993298e-05 288
4.4120000000091864e-05 287
4.423999999936257e-05 286
4.435999999952145e-05 285
4.447999999968033e-05 284
4.4550000000143086e-05 285
4.457999999996076e-05 286
4.459999999983921e-05 285
4.460999999977844e-05 286
4.4639999999596114e-05 287
4.466999999941379e-05 288
4.4700000000119644e-05 289
4.4719999999998095e-05 288
4.472999999993732e-05 289
4.4759999999754996e-05 290
4.478999999957267e-05 291
4.481999999939035e-05 292
4.4840000000156977e-05 291
4.48500000000962e-05 292
4.487999999991388e-05 293
4.4909999999731554e-05 294
4.493999999954923e-05 295
4.495999999942768e-05 294
4.4969999999366905e-05 295
4.500000000007276e-05 296
4.507999999958656e-05 295
4.515199999932662e-05 296
4.5182000000032474e-05 297
4.5199999999745444e-05 296
4.521199999985015e-05 297
4.5319999999904326e-05 296
4.533200000000903e-05 297
4.5431999999401285e-05 298
4.544000000006321e-05 297
4.5508999999555044e-05 298
4.555999999933391e-05 297
4.557199999943862e-05 298
4.5603999999421774e-05 299
4.563899999965315e-05 300
4.567999999949279e-05 299
4.5682999999741014e-05 300
4.571299999955869e-05 301
4.5742999999376366e-05 302
4.5799999999651675e-05 301
4.5802999999899896e-05 302
4.585299999959602e-05 303
4.591999999981056e-05 302
4.593199999991526e-05 303
4.596199999973294e-05 304
4.603999999996944e-05 303
4.6052000000074145e-05 304
4.616000000012832e-05 303
4.617199999934485e-05 304
4.6279999999399024e-05 303
4.6399999999557906e-05 302
4.641199999966261e-05 303
4.651999999971679e-05 302
4.659900000003603e-05 303
4.6628999999853704e-05 304
4.663999999987567e-05 303
4.665899999967138e-05 304
4.6688999999489056e-05 305
4.671899999930673e-05 306
4.676000000003455e-05 305
4.677200000013926e-05 306
4.6879999999305255e-05 305
4.699999999946414e-05 304
4.711999999962302e-05 303
4.72399999997819e-05 302
4.735999999994078e-05 301
4.747000000016044e-05 302
4.7480000000099665e-05 301
4.7499999999978115e-05 302
4.752999999979579e-05 303
4.755999999961347e-05 304
4.759999999937037e-05 303
4.771899999944651e-05 304
4.771999999952925e-05 303
4.7749000000152364e-05 304
4.777899999997004e-05 305
4.783999999968813e-05 304
4.785199999979284e-05 305
4.791000000015089e-05 306
4.7959999999847014e-05 305
4.797199999995172e-05 306
4.804800000002274e-05 307
4.8077999999840415e-05 308
4.8080000000005896e-05 307
4.810799999965809e-05 308
4.820000000016478e-05 307
4.831999999943548e-05 306
4.8328000000097404e-05 307
4.8404999999362985e-05 308
4.843999999959436e-05 307
4.845199999969907e-05 308
4.8559999999753245e-05 307
4.8578999999548955e-05 308
4.860899999936663e-05 309
4.867999999991213e-05 308
4.869200000001683e-05 309
4.872199999983451e-05 310
4.8751999999652185e-05 311
4.880000000007101e-05 310
4.8811999999287536e-05 311
4.88540000000981e-05 312
4.891999999934171e-05 311
4.893199999944642e-05 312
4.9039999999500594e-05 311
4.90519999996053e-05 312
4.9159999999659476e-05 311
4.917199999976418e-05 312
4.927999999981836e-05 311
4.9291999999923064e-05 312
4.939999999997724e-05 311
4.9412000000081946e-05 312
4.949499999984397e-05 313
4.952000000013612e-05 312
4.9524999999661645e-05 313
4.955499999947932e-05 314
4.9584999999297e-05 315
4.961500000000285e-05 316
4.9639999999406825e-05 315
4.975999999956571e-05 314
4.987999999972459e-05 313
4.999999999988347e-05 312
5.001199999998818e-05 313
5.012000000004235e-05 312
5.0239999999313056e-05 311
5.035999999947194e-05 310
5.036599999996838e-05 311
5.042100000007821e-05 312
5.0450999999895885e-05 313
5.047999999963082e-05 312
5.0550000000093576e-05 313
5.05999999997897e-05 312
5.061199999989441e-05 313
5.0641999999712084e-05 314
5.067199999952976e-05 315
5.0701999999347436e-05 316
5.0719999999948584e-05 315
5.0840000000107466e-05 314
5.0851999999323994e-05 315
5.094399999983068e-05 316
5.095999999937817e-05 315
5.0973999999648356e-05 316
5.100399999946603e-05 317
5.107999999953705e-05 316
5.109199999964176e-05 317
5.119999999969593e-05 316
5.121199999980064e-05 317
5.1223999999905345e-05 318
5.1301000000059105e-05 319
5.1319999999854815e-05 318
5.133199999995952e-05 319
5.14400000000137e-05 318
5.14520000001184e-05 319
5.148199999993608e-05 320
5.1511999999753755e-05 321
5.15599999992844e-05 320
5.1571999999389107e-05 321
5.164500000010008e-05 322
5.167999999944328e-05 321
5.169199999954799e-05 322
5.174999999990604e-05 323
5.1799999999602164e-05 322
5.1919999999761046e-05 321
5.193199999986575e-05 322
5.203999999991993e-05 321
5.2052000000024634e-05 322
5.216000000007881e-05 321
5.217199999929534e-05 322
5.2279999999349513e-05 321
5.2399999999508395e-05 320
5.24119999996131e-05 321
5.246599999964019e-05 322
5.251999999966728e-05 321
5.263999999982616e-05 320
5.2651999999930865e-05 321
5.275999999998504e-05 320
5.277200000008975e-05 321
5.288000000014392e-05 320
5.289199999936045e-05 321
5.2999999999414626e-05 320
5.311999999957351e-05 319
5.323999999973239e-05 318
5.3251999999837096e-05 319
5.328199999965477e-05 320
5.335999999989127e-05 319
5.337199999999598e-05 320
5.3480000000050154e-05 319
5.349200000015486e-05 320
5.3521999999972536e-05 321
5.355199999979021e-05 322
5.359999999932086e-05 321
5.371999999947974e-05 320
5.3731999999584446e-05 321
5.383999999963862e-05 322
5.383999999963862e-05 321
5.38699999994563e-05 322
5.390000000016215e-05 323
5.392999999997983e-05 324
5.39599999997975e-05 323
5.397199999990221e-05 324
5.4079999999956385e-05 323
5.409200000006109e-05 324
5.4119999999713286e-05 325
5.420000000011527e-05 324
5.431999999938597e-05 323
5.4331999999490677e-05 324
5.4371000000053016e-05 325
5.440099999987069e-05 326
5.443999999954485e-05 325
5.445199999964956e-05 326
5.4540999999908024e-05 327
5.4559999999703734e-05 326
5.457199999980844e-05 327
5.464599999971398e-05 328
5.4679999999862616e-05 327
5.469199999996732e-05 328
5.48000000000215e-05 327
5.4812000000126204e-05 328
5.49199999992922e-05 327
5.493199999939691e-05 328
5.5039999999451084e-05 327
5.505199999955579e-05 328
5.5159999999609965e-05 327
5.517199999971467e-05 328
5.527999999976885e-05 327
5.5291999999873553e-05 328
5.536199999944813e-05 329
5.539999999992773e-05 328
5.5412000000032435e-05 329
5.552000000008661e-05 328
5.553199999930314e-05 329
5.5639999999357315e-05 328
5.565199999946202e-05 329
5.5759999999516197e-05 328
5.587999999967508e-05 327
5.599999999983396e-05 326
5.6011999999938666e-05 327
5.611999999999284e-05 326
5.615799999958426e-05 327
5.6240000000151724e-05 326
5.635999999942243e-05 325
5.6411999999284035e-05 326
5.644199999998989e-05 327
5.647999999958131e-05 326
5.6550000000044065e-05 327
5.659999999974019e-05 326
5.66119999998449e-05 327
5.671999999989907e-05 326
5.673200000000378e-05 327
5.6840000000057955e-05 326
5.685200000016266e-05 327
5.695999999932866e-05 326
5.6971999999433365e-05 327
5.707999999948754e-05 326
5.709199999959225e-05 327
5.719999999964642e-05 326
5.721199999975113e-05 327
5.726699999986096e-05 328
5.729699999967863e-05 329
5.7319999999805304e-05 328
5.733199999991001e-05 329
5.7439999999964186e-05 328
5.745200000006889e-05 329
5.754199999952192e-05 330
5.756000000012307e-05 329
5.756799999989681e-05 330
5.7571999999339596e-05 331
5.767999999939377e-05 330
5.769199999949848e-05 331
5.7799999999552654e-05 330
5.7919999999711536e-05 329
5.793199999981624e-05 330
5.803999999987042e-05 329
5.8051999999975124e-05 330
5.81600000000293e-05 329
5.8172000000134005e-05 330
5.82799999993e-05 329
5.8399999999458885e-05 328
5.841199999956359e-05 329
5.851999999961777e-05 328
5.863999999977665e-05 327
5.8651999999881355e-05 328
5.875999999993553e-05 327
5.8772000000040237e-05 328
5.888000000009441e-05 327
5.889199999931094e-05 328
5.8999999999365116e-05 327
5.9119999999524e-05 326
5.9131999999628704e-05 327
5.923999999968288e-05 326
5.9251999999787586e-05 327
5.935999999984176e-05 326
5.937199999994647e-05 327
5.9480000000000643e-05 326
5.949200000010535e-05 327
5.9600000000159525e-05 326
5.961199999937605e-05 327
5.971999999943023e-05 326
5.9731999999534935e-05 327
5.983999999958911e-05 326
5.985199999969382e-05 327
5.995999999974799e-05 326
5.99719999998527e-05 327
6.0079999999906875e-05 326
6.009200000001158e-05 327
6.01629999996689e-05 328
6.0192999999486574e-05 329
6.0200000000065756e-05 328
6.022299999930425e-05 329
6.031999999933646e-05 328
6.0331999999441166e-05 329
6.043999999949534e-05 328
6.045199999960005e-05 329
6.0559999999654224e-05 328
6.057199999975893e-05 329
6.0679999999813106e-05 328
6.069199999991781e-05 329
6.079999999997199e-05 328
6.0812000000076694e-05 329
6.092000000013087e-05 328
6.09319999993474e-05 329
6.103999999940157e-05 328
6.105199999950628e-05 329
6.115999999956045e-05 328
6.117199999966516e-05 329
6.127999999971934e-05 328
6.129199999982404e-05 329
6.139999999987822e-05 328
6.141199999998292e-05 329
6.15200000000371e-05 328
6.15320000001418e-05 329
6.16399999993078e-05 328
6.165199999941251e-05 329
6.175999999946669e-05 328
6.177199999957139e-05 329
6.187999999962557e-05 328
6.189199999973027e-05 329
6.199999999978445e-05 328
6.201199999988916e-05 329
6.206999999935903e-05 330
6.211999999994333e-05 329
6.224000000010221e-05 328
6.235999999937292e-05 327
6.24799999995318e-05 326
6.254999999999455e-05 327
6.259999999969068e-05 326
6.261199999979539e-05 327
6.271999999984956e-05 326
6.273199999995427e-05 327
6.284000000000844e-05 326
6.285200000011315e-05 327
6.296000000016733e-05 326
6.297199999938385e-05 327
6.307999999943803e-05 326
6.309199999954274e-05 327
6.319999999959691e-05 326
6.321199999970162e-05 327
6.33199999997558e-05 326
6.33319999998605e-05 327
6.343999999991468e-05 326
6.345200000001938e-05 327
6.356000000007356e-05 326
6.35679999998473e-05 327
6.357199999929009e-05 328
6.367999999934426e-05 327
6.369199999944897e-05 328
6.379999999950314e-05 327
6.381199999960785e-05 328
6.391999999966202e-05 327
6.393199999976673e-05 328
6.403999999982091e-05 327
6.405199999992561e-05 328
6.415999999997979e-05 327
6.41720000000845e-05 328
6.428000000013867e-05 327
6.42919999993552e-05 328
6.439999999940937e-05 327
6.441199999951408e-05 328
6.451999999956826e-05 327
6.463999999972714e-05 326
6.465199999983184e-05 327
6.475999999988602e-05 326
6.477199999999073e-05 327
6.48800000000449e-05 326
6.489200000014961e-05 327
6.49999999993156e-05 326
6.511999999947449e-05 325
6.513199999957919e-05 326
6.523999999963337e-05 325
6.525199999973808e-05 326
6.535999999979225e-05 325
6.537199999989696e-05 326
6.547999999995113e-05 325
6.549200000005584e-05 326
6.560000000011001e-05 325
6.561199999932654e-05 326
6.566999999968459e-05 327
6.571999999938072e-05 326
6.573199999948542e-05 327
6.578999999984347e-05 328
6.58399999995396e-05 327
6.58519999996443e-05 328
6.591000000000236e-05 329
6.595999999969848e-05 328
6.597199999980319e-05 329
6.607999999985736e-05 328
6.609199999996207e-05 329
6.620000000001625e-05 328
6.621200000012095e-05 329
6.631999999928695e-05 328
6.633199999939166e-05 329
6.643999999944583e-05 328
6.645199999955054e-05 329
6.655999999960471e-05 328
6.657199999970942e-05 329
6.66799999997636e-05 328
6.66919999998683e-05 329
6.679999999992248e-05 328
6.681200000002718e-05 329
6.692000000008136e-05 328
6.693199999929789e-05 329
6.703999999935206e-05 328
6.705199999945677e-05 329
6.715999999951094e-05 328
6.717199999961565e-05 329
6.727999999966983e-05 328
6.729199999977453e-05 329
6.739999999982871e-05 328
6.741199999993341e-05 329
6.751999999998759e-05 328
6.75320000000923e-05 329
6.764000000014647e-05 328
6.775999999941718e-05 327
6.777199999952188e-05 328
6.787999999957606e-05 327
6.795000000003881e-05 328
6.799999999973494e-05 327
6.811999999989382e-05 326
6.81899999994684e-05 327
6.82400000000527e-05 326
6.83599999993234e-05 325
6.847999999948229e-05 324
6.859999999964117e-05 323
6.871999999980005e-05 322
6.883999999995893e-05 321
6.884799999973268e-05 322
6.896000000011782e-05 321
6.907999999938852e-05 320
6.91999999995474e-05 319
6.931999999970628e-05 318
6.943999999986517e-05 317
6.956000000002405e-05 316
6.957200000012875e-05 317
6.967999999929475e-05 316
6.979999999945363e-05 315
6.981199999955834e-05 316
6.991999999961251e-05 315
6.993199999971722e-05 316
7.00399999997714e-05 315
7.00519999998761e-05 316
7.015999999993028e-05 315
7.017200000003498e-05 316
7.028000000008916e-05 315
7.029199999930569e-05 316
7.039999999935986e-05 315
7.051999999951875e-05 314
7.053199999962345e-05 315
7.063999999967763e-05 314
7.075999999983651e-05 313
7.077199999994122e-05 314
7.087999999999539e-05 313
7.08920000001001e-05 314
7.094999999956997e-05 315
7.100000000015427e-05 314
7.10119999993708e-05 315
7.106999999972885e-05 316
7.111999999942498e-05 315
7.113199999952968e-05 316
7.118999999988773e-05 317
7.123999999958386e-05 316
7.125199999968856e-05 317
7.135999999974274e-05 316
7.137199999984745e-05 317
7.147999999990162e-05 316
7.149200000000633e-05 317
7.16000000000605e-05 316
7.161200000016521e-05 317
7.171999999933121e-05 316
7.173199999943591e-05 317
7.183999999949009e-05 316
7.18519999995948e-05 317
7.195999999964897e-05 316
7.197199999975368e-05 317
7.207999999980785e-05 316
7.209199999991256e-05 317
7.219999999996674e-05 316
7.221200000007144e-05 317
7.232000000012562e-05 316
7.233199999934214e-05 317
7.243999999939632e-05 316
7.245199999950103e-05 317
7.25599999995552e-05 316
7.257199999965991e-05 317
7.267999999971408e-05 316
7.269199999981879e-05 317
7.279999999987297e-05 316
7.281199999997767e-05 317
7.292000000003185e-05 316
7.293200000013655e-05 317
7.303999999930255e-05 316
7.305199999940726e-05 317
7.310999999976531e-05 318
7.315999999946143e-05 317
7.317199999956614e-05 318
7.322999999992419e-05 319
7.327999999962032e-05 318
7.329199999972502e-05 319
7.33999999997792e-05 318
7.351999999993808e-05 317
7.364000000009696e-05 316
7.375999999936766e-05 315
7.387999999952655e-05 314
7.389199999963125e-05 315
7.399999999968543e-05 314
7.400799999945917e-05 315
7.401199999979013e-05 316
7.411999999984431e-05 315
7.413199999994902e-05 316
7.424000000000319e-05 315
7.42520000001079e-05 316
7.436000000016207e-05 315
7.43719999993786e-05 316
7.447999999943278e-05 315
7.449199999953748e-05 316
7.459999999959166e-05 315
7.461199999969637e-05 316
7.471999999975054e-05 315
7.473199999985525e-05 316
7.483999999990942e-05 315
7.49600000000683e-05 314
7.497199999928483e-05 315
7.507999999933901e-05 314
7.519999999949789e-05 313
7.531999999965677e-05 312
7.543999999981565e-05 311
7.545199999992036e-05 312
7.555999999997454e-05 311
7.568000000013342e-05 310
7.579999999940412e-05 309
7.5919999999563e-05 308
7.603999999972189e-05 307
7.610999999929646e-05 308
7.615999999988077e-05 307
7.617199999998547e-05 308
7.622999999945534e-05 309
7.628000000003965e-05 308
7.634999999961423e-05 309
7.639999999931035e-05 308
7.641199999941506e-05 309
7.651999999946923e-05 308
7.663999999962812e-05 307
7.6759999999787e-05 306
7.687999999994588e-05 305
7.700000000010476e-05 304
7.711999999937547e-05 303
7.723999999953435e-05 302
7.735999999969323e-05 301
7.747999999985211e-05 300
7.7600000000011e-05 299
7.77199999992817e-05 298
7.783999999944058e-05 297
7.785199999954528e-05 298
7.795999999959946e-05 297
7.797199999970417e-05 298
7.807999999975834e-05 297
7.809199999986305e-05 298
7.819999999991722e-05 297
7.821200000002193e-05 298
7.83200000000761e-05 297
7.838999999965068e-05 298
7.843999999934681e-05 297
7.845199999945152e-05 298
7.850999999980957e-05 299
7.855999999950569e-05 298
7.867999999966457e-05 297
7.879999999982346e-05 296
7.891999999998234e-05 295
7.904000000014122e-05 294
7.904799999991496e-05 295
7.905199999935775e-05 296
7.915999999941192e-05 295
7.917199999951663e-05 296
7.92799999995708e-05 295
7.929199999967551e-05 296
7.939999999972969e-05 295
7.941199999983439e-05 296
7.951999999988857e-05 295
7.953199999999327e-05 296
7.964000000004745e-05 295
7.965200000015216e-05 296
7.975999999931815e-05 295
7.977199999942286e-05 296
7.987999999947704e-05 295
7.989199999958174e-05 296
7.999999999963592e-05 295
8.001199999974062e-05 296
8.01199999997948e-05 295
8.01319999998995e-05 296
8.023999999995368e-05 295
8.025200000005839e-05 296
8.036000000011256e-05 295
8.037199999932909e-05 296
8.047999999938327e-05 295
8.049199999948797e-05 296
8.059999999954215e-05 295
8.071999999970103e-05 294
8.073199999980574e-05 295
8.083999999985991e-05 294
8.09600000000188e-05 293
8.10799999992895e-05 292
8.10919999993942e-05 293
8.114999999975225e-05 294
8.119999999944838e-05 293
8.126999999991114e-05 294
8.131999999960726e-05 293
8.133199999971197e-05 294
8.139000000007002e-05 295
8.143999999976614e-05 294
8.145199999987085e-05 295
8.155999999992503e-05 294
8.157200000002973e-05 295
8.168000000008391e-05 294
8.169199999930044e-05 295
8.179999999935461e-05 294
8.181199999945932e-05 295
8.191999999951349e-05 294
8.19319999996182e-05 295
8.203999999967237e-05 294
8.205199999977708e-05 295
8.215999999983126e-05 294
8.217199999993596e-05 295
8.227999999999014e-05 294
8.229200000009484e-05 295
8.240000000014902e-05 294
8.241199999936555e-05 295
8.251999999941972e-05 294
8.253199999952443e-05 295
8.26399999995786e-05 294
8.265199999968331e-05 295
8.275999999973749e-05 294
8.287999999989637e-05 293
8.289200000000108e-05 294
8.300000000005525e-05 293
8.301200000015996e-05 294
8.306999999962983e-05 295
8.311999999932596e-05 294
8.313199999943066e-05 295
8.323999999948484e-05 294
8.325199999958954e-05 295
8.335999999964372e-05 294
8.337199999974843e-05 295
8.34799999998026e-05 294
8.359999999996148e-05 293
8.372000000012036e-05 292
8.383999999939107e-05 291
8.384800000005299e-05 292
8.390999999985382e-05 293
8.395999999954995e-05 292
8.407999999970883e-05 291
8.409199999981354e-05 292
8.419999999986771e-05 291
8.421199999997242e-05 292
8.43200000000266e-05 291
8.43320000001313e-05 292
8.44399999992973e-05 291
8.4451999999402e-05 292
8.455999999945618e-05 291
8.457199999956089e-05 292
8.467999999961506e-05 291
8.469199999971977e-05 292
8.479999999977395e-05 291
8.491999999993283e-05 290
8.493200000003753e-05 291
8.504000000009171e-05 290
8.505199999930824e-05 291
8.515999999936241e-05 290
8.517199999946712e-05 291
8.52799999995213e-05 290
8.5291999999626e-05 291
8.539999999968018e-05 290
8.541199999978488e-05 291
8.551999999983906e-05 290
8.563999999999794e-05 289
8.565200000010265e-05 290
8.576000000015682e-05 289
8.577199999937335e-05 290
8.58299999997314e-05 291
8.587999999942753e-05 290
8.589199999953223e-05 291
8.594999999989028e-05 292
8.599999999958641e-05 291
8.601199999969111e-05 292
8.611999999974529e-05 291
8.613199999985e-05 292
8.623999999990417e-05 291
8.625200000000888e-05 292
8.636000000006305e-05 291
8.647999999933376e-05 290
8.649199999943846e-05 291
8.659999999949264e-05 290
8.661199999959734e-05 291
8.671999999965152e-05 290
8.673199999975623e-05 291
8.68399999998104e-05 290
8.685199999991511e-05 291
8.695999999996928e-05 290
8.697200000007399e-05 291
8.708000000012817e-05 290
8.70919999993447e-05 291
8.719999999939887e-05 290
8.721199999950358e-05 291
8.731999999955775e-05 290
8.733199999966246e-05 291
8.743999999971663e-05 290
8.745199999982134e-05 291
8.755999999987552e-05 290
8.757199999998022e-05 291
8.762999999945009e-05 292
8.76800000000344e-05 291
8.76920000001391e-05 292
8.77999999993051e-05 291
8.78119999994098e-05 292
8.791999999946398e-05 291
8.79280000001259e-05 292
8.793199999956869e-05 293
8.803999999962286e-05 292
8.805199999972757e-05 293
8.815999999978175e-05 292
8.817199999988645e-05 293
8.827999999994063e-05 292
8.840000000009951e-05 291
8.851999999937021e-05 290
8.853199999947492e-05 291
8.86399999995291e-05 290
8.86519999996338e-05 291
8.875999999968798e-05 290
8.887999999984686e-05 289
8.889199999995157e-05 290
8.900000000000574e-05 289
8.901200000011045e-05 290
8.912000000016462e-05 289
8.913199999938115e-05 290
8.923999999943533e-05 289
8.925199999954003e-05 290
8.935999999959421e-05 289
8.937199999969891e-05 290
8.947999999975309e-05 289
8.94919999998578e-05 290
8.959999999991197e-05 289
8.961200000001668e-05 290
8.972000000007085e-05 289
8.973199999928738e-05 290
8.978999999964543e-05 291
8.983999999934156e-05 290
8.985199999944626e-05 291
8.995999999950044e-05 290
8.997199999960515e-05 291
9.00299999999632e-05 292
9.007999999965932e-05 291
9.015000000012208e-05 292
9.01999999998182e-05 291
9.021199999992291e-05 292
9.031999999997709e-05 291
9.033200000008179e-05 292
9.044000000013597e-05 291
9.04519999993525e-05 292
9.055999999940667e-05 291
9.057199999951138e-05 292
9.067999999956555e-05 291
9.069199999967026e-05 292
9.079999999972443e-05 291
9.081199999982914e-05 292
9.091999999988332e-05 291
9.093199999998802e-05 292
9.10400000000422e-05 291
9.10520000001469e-05 292
9.11599999993129e-05 291
9.117199999941761e-05 292
9.127999999947178e-05 291
9.129199999957649e-05 292
9.139999999963067e-05 291
9.141199999973537e-05 292
9.147000000009342e-05 293
9.151999999978955e-05 292
9.153199999989425e-05 293
9.163999999994843e-05 292
9.165200000005314e-05 293
9.176000000010731e-05 292
9.177199999932384e-05 293
9.187999999937801e-05 292
9.189199999948272e-05 293
9.19999999995369e-05 292
9.20119999996416e-05 293
9.211999999969578e-05 292
9.212799999946952e-05 293
9.213199999980048e-05 294
9.223999999985466e-05 293
9.236000000001354e-05 292
9.237200000011825e-05 293
9.247999999928425e-05 292
9.259999999944313e-05 291
9.271999999960201e-05 290
9.273199999970672e-05 291
9.283999999976089e-05 290
9.295999999991977e-05 289
9.297200000002448e-05 290
9.308000000007866e-05 289
9.309199999929518e-05 290
9.319999999934936e-05 289
9.321199999945406e-05 290
9.326999999981211e-05 291
9.331999999950824e-05 290
9.333199999961295e-05 291
9.343999999966712e-05 290
9.345199999977183e-05 291
9.3559999999826e-05 290
9.357199999993071e-05 291
9.367999999998489e-05 290
9.369200000008959e-05 291
9.380000000014377e-05 290
9.38119999993603e-05 291
9.391999999941447e-05 290
9.398999999987723e-05 291
9.403999999957335e-05 290
9.405199999967806e-05 291
9.411000000003611e-05 292
9.415999999973224e-05 291
9.417199999983694e-05 292
9.427999999989112e-05 291
9.429199999999582e-05 292
9.440000000005e-05 291
9.44120000001547e-05 292
9.45199999993207e-05 291
9.453199999942541e-05 292
9.463999999947958e-05 291
9.465199999958429e-05 292
9.475999999963847e-05 291
9.477199999974317e-05 292
9.487999999979735e-05 291
9.489199999990205e-05 292
9.499999999995623e-05 291
9.501200000006094e-05 292
9.512000000011511e-05 291
9.513199999933164e-05 292
9.523999999938582e-05 291
9.525199999949052e-05 292
9.53599999995447e-05 291
9.53719999996494e-05 292
9.547999999970358e-05 291
9.549199999980829e-05 292
9.559999999986246e-05 291
9.561199999996717e-05 292
9.566999999943704e-05 293
9.572000000002134e-05 292
9.583999999929205e-05 291
9.585199999939675e-05 292
9.595999999945093e-05 291
9.597199999955563e-05 292
9.607999999960981e-05 291
9.609199999971452e-05 292
9.619999999976869e-05 291
9.62119999998734e-05 292
9.631999999992757e-05 291
9.633200000003228e-05 292
9.644000000008646e-05 291
9.655999999935716e-05 290
9.667999999951604e-05 289
9.669199999962075e-05 290
9.679999999967492e-05 289
9.681199999977963e-05 290
9.69199999998338e-05 289
9.693199999993851e-05 290
9.703999999999269e-05 289
9.716000000015157e-05 288
9.71719999993681e-05 289
9.727999999942227e-05 288
9.729199999952698e-05 289
9.739999999958115e-05 288
9.741199999968586e-05 289
9.751999999974004e-05 288
9.753199999984474e-05 289
9.758999999931461e-05 290
9.763999999989892e-05 289
9.765200000000362e-05 290
9.77600000000578e-05 289
9.77720000001625e-05 290
9.782999999963238e-05 291
9.78799999993285e-05 290
9.789199999943321e-05 291
9.794999999979126e-05 292
9.799999999948739e-05 291
9.801199999959209e-05 292
9.811999999964627e-05 291
9.823999999980515e-05 290
9.825199999990986e-05 291
9.835999999996403e-05 290
9.837200000006874e-05 291
9.848000000012291e-05 290
9.849199999933944e-05 291
9.859999999939362e-05 290
9.861199999949832e-05 291
9.87199999995525e-05 290
9.87319999996572e-05 291
9.883999999971138e-05 290
9.885199999981609e-05 291
9.895999999987026e-05 290
9.897199999997497e-05 291
9.908000000002914e-05 290
9.909200000013385e-05 291
9.914999999960372e-05 292
9.919999999929985e-05 291
9.921199999940455e-05 292
9.931999999945873e-05 291
9.933199999956344e-05 292
9.943999999961761e-05 291
9.945199999972232e-05 292
9.95599999997765e-05 291
9.95719999998812e-05 292
9.967999999993538e-05 291
9.969200000004008e-05 292
9.980000000009426e-05 291
9.981199999931079e-05 292
9.991999999936496e-05 291
9.992800000002688e-05 292
9.993199999946967e-05 293
0.00010003999999952384 292
0.00010015999999968273 291
0.00010017199999978743 292
0.00010027999999984161 291
0.00010040000000000049 290
0.00010052000000015937 289
0.0001005319999993759 290
0.00010063999999943007 289
0.00010065199999953478 290
0.00010075999999958896 289
0.00010087999999974784 288
0.00010089199999985254 289
0.00010094999999932242 290
0.00010099999999990672 289
0.00010101200000001143 290
0.0001011200000000656 289
0.00010113199999928213 290
0.0001012399999993363 289
0.00010125199999944101 290
0.00010135999999949519 289
0.0001013719999995999 290
0.00010147999999965407 289
0.00010149199999975878 290
0.00010159999999981295 289
0.00010171999999997183 288
0.00010173200000007654 289
0.00010184000000013071 288
0.00010185199999934724 289
0.00010195999999940142 288
0.00010197199999950612 289
0.0001020799999995603 288
0.000102091999999665 289
0.00010219999999971918 288
0.00010221199999982389 289
0.00010226999999929376 290
0.00010231999999987806 289
0.00010233199999998277 290
0.00010244000000003695 289
0.00010245200000014165 290
0.00010255999999930765 289
0.00010257199999941236 290
0.00010267999999946653 289
0.00010269199999957124 290
0.00010279999999962541 289
0.00010281199999973012 290
0.0001029199999997843 289
0.000102931999999889 290
0.00010303999999994318 289
0.00010305200000004788 290
0.00010316000000010206 289
0.00010317199999931859 290
0.00010327999999937276 289
0.00010329199999947747 290
0.00010339999999953164 289
0.00010351999999969053 288
0.00010353199999979523 289
0.00010363999999984941 288
0.00010365199999995411 289
0.00010376000000000829 288
0.000103772000000113 289
0.00010388000000016717 288
0.0001038919999993837 289
0.00010399999999943788 288
0.00010401199999954258 289
0.00010411999999959676 288
0.00010413199999970146 289
0.00010423999999975564 288
0.00010425199999986035 289
0.00010435999999991452 288
0.00010437200000001923 289
0.0001044800000000734 288
0.00010449199999928993 289
0.0001045999999993441 288
0.00010461199999944881 289
0.00010471999999950299 288
0.00010483999999966187 287
0.00010495999999982075 286
0.00010497199999992546 287
0.00010507999999997963 286
0.00010509200000008434 287
0.00010520000000013852 286
0.00010521199999935504 287
0.00010531999999940922 286
0.00010533199999951393 287
0.0001054399999995681 286
0.00010545199999967281 287
0.00010555999999972698 286
0.00010556799999950073 287
0.00010557199999983169 288
0.00010567999999988587 287
0.00010569199999999057 288
0.00010580000000004475 287
0.00010581200000014945 288
0.00010591999999931545 287
0.00010593199999942016 288
0.00010603999999947433 287
0.00010605199999957904 288
0.00010615999999963321 287
0.00010617199999973792 288
0.0001062799999997921 287
0.0001062919999998968 288
0.00010639999999995098 287
0.00010641200000005568 288
0.00010652000000010986 287
0.00010653199999932639 288
0.00010663999999938056 287
0.00010665199999948527 288
0.00010675999999953945 287
0.00010677199999964415 288
0.0001068300000000022 289
0.00010687999999969833 288
0.00010689199999980303 289
0.00010695000000016108 290
0.00010699999999985721 289
0.00010701199999996192 290
0.00010712000000001609 289
0.00010714799999966829 290
0.0001072399999992868 289
0.00010726799999982717 290
0.00010735999999944568 289
0.00010737199999955038 290
0.00010747999999960456 289
0.00010749199999970926 290
0.00010759999999976344 289
0.00010761199999986815 290
0.00010771999999992232 289
0.00010773200000002703 290
0.0001078400000000812 289
0.00010785199999929773 290
0.00010795999999935191 289
0.00010797199999945661 290
0.00010807999999951079 289
0.0001080919999996155 290
0.00010819999999966967 289
0.00010821199999977438 290
0.00010831999999982855 289
0.00010833199999993326 290
0.00010843999999998744 289
0.00010845200000009214 290
0.00010856000000014632 289
0.00010857199999936284 290
0.00010867999999941702 289
0.00010869199999952173 290
0.0001087999999995759 289
0.00010881199999968061 290
0.00010891999999973478 289
0.00010893199999983949 290
0.00010903999999989367 289
0.00010905199999999837 290
0.00010916000000005255 289
0.00010917200000015725 290
0.00010927999999932325 289
0.00010939999999948213 288
0.00010951999999964102 287
0.00010953199999974572 288
0.0001096399999997999 287
0.0001096519999999046 288
0.00010975999999995878 287
0.00010977200000006349 288
0.00010988000000011766 287
0.00010989199999933419 288
0.00010999999999938836 287
0.00011001199999949307 288
0.00011011999999954725 287
0.00011013199999965195 288
0.00011023999999970613 287
0.00011024799999947987 288
0.00011025199999981083 289
0.00011035999999986501 288
0.00011037199999996972 289
0.00011048000000002389 288
0.0001105999999992946 287
0.0001106119999993993 288
0.00011071999999945348 287
0.00011073199999955818 288
0.00011083999999961236 287
0.00011085199999971707 288
0.00011095999999977124 287
0.00011097199999987595 288
0.00011107999999993012 287
0.00011109200000003483 288
0.000111200000000089 287
0.00011121199999930553 288
0.00011131999999935971 287
0.00011133199999946441 288
0.00011143999999951859 287
0.0001114519999996233 288
0.00011155999999967747 287
0.00011157199999978218 288
0.00011167999999983635 287
0.00011169199999994106 288
0.00011179999999999524 287
0.00011181200000009994 288
0.00011192000000015412 287
0.00011193199999937065 288
0.00011203999999942482 287
0.00011205199999952953 288
0.0001121599999995837 287
0.00011217199999968841 288
0.00011227999999974259 287
0.00011229199999984729 288
0.00011239999999990147 287
0.00011241200000000617 288
0.00011252000000006035 287
0.00011263999999933105 286
0.00011265199999943576 287
0.00011275999999948993 286
0.00011287999999964882 285
0.00011289199999975352 286
0.0001129999999998077 285
0.00011311999999996658 284
0.00011313200000007129 285
0.00011324000000012546 284
0.00011325199999934199 285
0.00011335999999939617 284
0.00011337199999950087 285
0.00011347999999955505 284
0.00011349199999965975 285
0.00011359999999971393 284
0.00011361199999981864 285
0.00011371999999987281 284
0.00011373199999997752 285
0.0001138400000000317 284
0.0001138520000001364 285
0.00011390999999960627 286
0.0001139599999993024 285
0.0001139719999994071 286
0.00011407999999946128 285
0.00011409199999956599 286
0.00011414999999992403 287
0.00011419999999962016 286
0.00011421199999972487 287
0.00011431999999977904 286
0.00011433199999988375 287
0.00011438999999935362 288
0.00011443999999993792 287
0.00011445200000004263 288
0.0001145600000000968 287
0.00011456799999987055 288
0.00011457199999931333 289
0.00011467999999936751 288
0.00011469199999947222 289
0.00011479999999952639 288
0.00011491999999968527 287
0.00011503999999984416 286
0.00011516000000000304 285
0.00011528000000016192 284
0.00011539999999943262 283
0.00011541199999953733 284
0.0001155199999995915 283
0.00011553199999969621 284
0.00011563999999975039 283
0.00011565199999985509 284
0.00011575999999990927 283
0.00011577200000001397 284
0.00011588000000006815 283
0.00011589199999928468 284
0.00011599999999933885 283
0.00011601199999944356 284
0.00011611999999949774 283
0.00011613199999960244 284
0.00011623999999965662 283
0.00011625199999976132 284
0.0001163599999998155 283
0.00011642999999939008 284
0.00011647999999997438 283
0.00011649200000007909 284
0.00011660000000013326 283
0.00011666999999970784 284
0.00011671999999940397 283
0.00011673199999950867 284
0.00011683999999956285 283
0.00011695999999972173 282
0.00011697199999982644 283
0.00011707999999988061 282
0.00011709199999998532 283
0.0001172000000000395 282
0.0001172120000001442 283
0.0001173199999993102 282
0.0001173319999994149 283
0.00011743999999946908 282
0.00011745199999957379 283
0.00011746399999967849 284
0.00011755999999962796 283
0.00011757199999973267 284
0.00011767999999978684 283
0.00011769199999989155 284
0.00011779999999994573 283
0.00011781200000005043 284
0.00011792000000010461 283
0.00011793199999932114 284
0.00011803999999937531 283
0.00011805199999948002 284
0.00011815999999953419 283
0.0001181719999996389 284
0.00011822999999999695 285
0.00011827999999969308 284
0.00011829199999979778 285
0.00011839999999985196 284
0.00011841199999995666 285
0.00011846999999942653 286
0.00011852000000001084 285
0.00011853200000011554 286
0.00011858999999958542 287
0.00011863999999928154 286
0.00011875999999944042 285
0.0001188799999995993 284
0.00011899999999975819 283
0.00011911999999991707 282
0.00011924000000007595 281
0.0001193260000000862 282
0.00011935999999934666 281
0.00011947999999950554 280
0.00011956599999951578 281
0.00011959999999966442 280
0.0001197199999998233 279
0.00011983999999998218 278
0.00011996000000014106 277
0.00012007999999941177 276
0.00012019999999957065 275
0.00012031999999972953 274
0.00012033199999983424 275
0.00012043999999988841 274
0.0001205600000000473 273
0.000120679999999318 272
0.00012079999999947688 271
0.00012091999999963576 270
0.00012103999999979465 269
0.00012115999999995353 268
0.00012128000000011241 267
0.00012139999999938311 266
0.00012141199999948782 267
0.000121519999999542 266
0.0001215319999996467 267
0.00012159000000000475 268
0.00012163999999970088 267
0.00012164799999947462 268
0.00012165199999980558 269
0.00012171000000016363 270
0.00012175999999985976 269
0.00012188000000001864 268
0.00012194999999959322 269
0.00012199999999928934 268
0.00012211999999944823 267
0.0001222399999996071 266
0.0001222519999997118 267
0.000122359999999766 266
0.0001223719999998707 267
0.00012247999999992487 266
0.00012249200000002958 267
0.00012260000000008375 266
0.00012261199999930028 267
0.00012271999999935446 266
0.00012273199999945916 267
0.00012283999999951334 266
0.00012285199999961804 267
0.00012295999999967222 266
0.00012297199999977693 267
0.0001230799999998311 266
0.00012319999999998998 265
0.00012322799999964218 266
0.00012332000000014887 265
0.0001233319999993654 266
0.00012343999999941957 265
0.00012355999999957845 264
0.0001236300000000412 265
0.00012367999999973733 264
0.00012379999999989622 263
0.00012381200000000092 264
0.0001239200000000551 263
0.0001240399999993258 262
0.00012415999999948468 261
0.00012422999999994744 262
0.00012427999999964356 261
0.00012439999999980245 260
0.00012451999999996133 259
0.0001246400000001202 258
0.00012475999999939091 257
0.00012477199999949562 258
0.0001248799999995498 257
0.0001248919999996545 258
0.00012499999999970868 257
0.00012501199999981338 258
0.00012511999999986756 257
0.00012524000000002644 256
0.00012535999999929714 255
0.00012547999999945603 254
0.0001255999999996149 253
0.0001257199999997738 252
0.00012572799999954754 253
0.00012583999999993267 252
0.00012590999999950725 253
0.00012596000000009155 252
0.00012597199999930808 253
0.00012607999999936226 252
0.000126149999999825 253
0.00012619999999952114 252
0.00012621199999962585 253
0.00012631999999968002 252
0.00012633199999978473 253
0.0001264399999998389 252
0.0001264519999999436 253
0.00012655999999999779 252
0.00012668000000015667 251
0.00012679999999942737 250
0.00012681199999953208 251
0.00012691999999958625 250
0.00012693199999969096 251
0.00012703999999974513 250
0.00012705199999984984 251
0.00012715999999990402 250
0.00012717200000000872 251
0.0001272800000000629 250
0.00012729199999927943 251
0.0001273999999993336 250
0.0001274119999994383 251
0.00012751999999949248 250
0.0001275319999995972 251
0.00012763999999965137 250
0.00012765199999975607 251
0.00012775999999981025 250
0.00012782999999938482 251
0.00012787999999996913 250
0.00012789200000007384 251
0.000128000000000128 250
0.00012811999999939871 249
0.0001282399999995576 248
0.00012835999999971648 247
0.00012847999999987536 246
0.00012849199999998007 247
0.00012860000000003424 246
0.00012871999999930495 245
0.00012873199999940965 246
0.00012883999999946383 245
0.00012885199999956853 246
0.0001289599999996227 245
0.00012897199999972742 246
0.0001290799999997816 245
0.0001290919999998863 246
0.00012919999999994047 245
0.00012921200000004518 246
0.00012932000000009936 245
0.00012933199999931588 246
0.00012943999999937006 245
0.00012945199999947476 246
0.00012955999999952894 245
0.00012957199999963365 246
0.00012967999999968782 245
0.00012969199999979253 246
0.0001297999999998467 245
0.0001298119999999514 246
0.00012986999999942128 247
0.0001299200000000056 246
0.00013004000000016447 245
0.0001300479999999382 246
0.000130051999999381 247
0.00013015999999943517 246
0.00013017199999953988 247
0.00013022999999989793 248
0.00013027999999959405 247
0.0001303500000000568 248
0.00013039999999975294 247
0.00013041199999985764 248
0.00013051999999991182 247
0.00013053200000001652 248
0.0001306400000000707 247
0.0001307599999993414 246
0.0001307719999994461 247
0.00013087999999950028 246
0.000130891999999605 247
0.00013099999999965917 246
0.00013111999999981805 245
0.00013123999999997693 244
0.00013125200000008164 245
0.0001313600000001358 244
0.00013137199999935234 245
0.00013147999999940652 244
0.00013149199999951122 245
0.0001315999999995654 244
0.0001316119999996701 245
0.00013171999999972428 244
0.00013173199999982899 245
0.00013178999999929886 246
0.00013183999999988316 245
0.00013185199999998787 246
0.00013196000000004204 245
0.00013197200000014675 246
0.00013207999999931275 245
0.00013209199999941745 246
0.00013219999999947163 245
0.00013221199999957634 246
0.0001323199999996305 245
0.0001324399999997894 244
0.0001324519999998941 245
0.00013255999999994827 244
0.00013257200000005298 245
0.00013268000000010716 244
0.00013279999999937786 243
0.00013291999999953674 242
0.00013303999999969562 241
0.00013305199999980033 242
0.0001331599999998545 241
0.0001331719999999592 242
0.0001332800000000134 241
0.0001332920000001181 242
0.00013334999999958796 243
0.0001333999999992841 242
0.0001334119999993888 243
0.00013351999999944297 242
0.00013353199999954768 243
0.00013363999999960186 242
0.00013365199999970656 243
0.00013375999999976074 242
0.00013377199999986544 243
0.00013387999999991962 242
0.00013389200000002432 243
0.0001340000000000785 242
0.00013401199999929503 243
0.00013406999999965308 244
0.0001341199999993492 243
0.0001341319999994539 244
0.00013423999999950809 243
0.00013430999999997084 244
0.00013435999999966697 243
0.00013437199999977167 244
0.00013447999999982585 243
0.00013449199999993056 244
0.00013459999999998473 243
0.00013461200000008944 244
0.00013472000000014361 243
0.00013473199999936014 244
0.00013483999999941432 243
0.00013485199999951902 244
0.0001349599999995732 243
0.00013507999999973208 242
0.00013519999999989096 241
0.00013532000000004984 240
0.00013533200000015455 241
0.00013543999999932055 240
0.00013545199999942525 241
0.00013555999999947943 240
0.00013557199999958414 241
0.0001356799999996383 240
0.00013569199999974302 241
0.0001357999999997972 240
0.00013591999999995608 239
0.00013593200000006078 240
0.00013598999999953065 241
0.00013604000000011496 240
0.00013605199999933149 241
0.00013615999999938566 240
0.00013617199999949037 241
0.00013627999999954454 240
0.00013629199999964925 241
0.00013639999999970343 240
0.0001365199999998623 239
0.0001366400000000212 238
0.0001366520000001259 239
0.0001367599999992919 238
0.00013687999999945077 237
0.00013689199999955548 238
0.00013699999999960966 237
0.00013701199999971436 238
0.00013711999999976854 237
0.00013713199999987324 238
0.00013723999999992742 237
0.00013725200000003213 238
0.0001373600000000863 237
0.00013737199999930283 238
0.000137479999999357 237
0.0001374919999994617 238
0.00013754999999981976 239
0.0001375999999995159 238
0.0001376119999996206 239
0.00013771999999967477 238
0.00013773199999977948 239
0.00013783999999983365 238
0.00013785199999993836 239
0.00013790999999940823 240
0.00013795999999999253 239
0.00013797200000009724 240
0.00013808000000015141 239
0.00013809199999936794 240
0.000138149999999726 241
0.00013819999999942212 240
0.00013821199999952682 241
0.000138319999999581 240
0.0001383319999996857 241
0.00013843999999973988 240
0.00013855999999989876 239
0.00013857200000000347 240
0.00013868000000005765 239
0.00013869200000016235 240
0.00013879999999932835 239
0.00013881199999943306 240
0.00013891999999948723 239
0.00013893199999959194 240
0.0001390399999996461 239
0.00013905199999975082 240
0.000139159999999805 239
0.0001391719999999097 240
0.00013927999999996388 239
0.00013929200000006858 240
0.00013934999999953845 241
0.00013940000000012276 240
0.0001394119999993393 241
0.00013951999999939346 240
0.00013953199999949817 241
0.00013963999999955234 240
0.00013965199999965705 241
0.00013975999999971123 240
0.00013977199999981593 241
0.0001398799999998701 240
0.00013989199999997481 241
0.000140000000000029 240
0.0001401199999992997 239
0.0001401319999994044 240
0.00014023999999945858 239
0.00014025199999956328 240
0.00014035999999961746 239
0.00014047999999977634 238
0.00014049199999988105 239
0.00014059999999993522 238
0.0001407200000000941 237
0.00014073199999931063 238
0.0001408399999993648 237
0.0001408519999994695 238
0.00014090999999982756 239
0.0001409599999995237 238
0.0001409719999996284 239
0.00014107999999968257 238
0.00014109199999978728 239
0.00014119999999984145 238
0.00014121199999994616 239
0.00014132000000000033 238
0.00014133200000010504 239
0.00014144000000015922 238
0.00014145199999937574 239
0.00014155999999942992 238
0.00014157199999953463 239
0.0001416799999995888 238
0.0001416919999996935 239
0.00014179999999974768 238
0.00014191999999990657 237
0.00014193200000001127 238
0.00014204000000006545 237
0.00014205199999928197 238
0.00014215999999933615 237
0.00014217199999944086 238
0.0001422459999993464 239
0.00014227999999949503 238
0.00014229199999959974 239
0.00014239999999965391 238
0.00014241199999975862 239
0.0001425199999998128 238
0.0001425319999999175 239
0.00014263999999997168 238
0.00014276000000013056 237
0.0001427679999999043 238
0.0001427719999993471 239
0.00014287999999940126 238
0.00014289199999950597 239
0.00014299999999956015 238
0.00014301199999966485 239
0.00014311999999971903 238
0.00014313199999982373 239
0.0001432399999998779 238
0.00014325199999998262 239
0.0001433600000000368 238
0.0001434799999993075 237
0.0001434919999994122 238
0.00014359999999946638 237
0.00014361199999957108 238
0.00014371999999962526 237
0.00014373199999972996 238
0.00014383999999978414 237
0.00014385199999988885 238
0.00014395999999994302 237
0.00014397200000004773 238
0.0001440800000001019 237
0.00014409199999931843 238
0.0001441999999993726 237
0.00014421199999947731 238
0.0001443199999995315 237
0.0001443319999996362 238
0.00014443999999969037 237
0.00014445199999979508 238
0.00014455999999984925 237
0.00014457199999995396 238
0.00014468000000000814 237
0.00014480000000016702 236
0.00014481199999938354 237
0.00014491999999943772 236
0.00014493199999954243 237
0.0001450399999995966 236
0.0001450519999997013 237
0.00014515999999975548 236
0.0001451719999998602 237
0.00014527999999991437 236
0.00014529200000001907 237
0.00014540000000007325 236
0.00014541199999928978 237
0.00014551999999934395 236
0.00014553199999944866 237
0.00014563999999950283 236
0.00014565199999960754 237
0.00014575999999966172 236
0.00014577199999976642 237
0.0001458799999998206 236
0.0001458919999999253 237
0.00014599999999997948 236
0.00014601200000008419 237
0.00014612000000013836 236
0.0001461319999993549 237
0.00014623999999940906 236
0.00014625199999951377 237
0.00014635999999956795 236
0.00014637199999967265 237
0.00014647999999972683 236
0.00014649199999983153 237
0.0001465999999998857 236
0.00014661199999999042 237
0.0001466699999994603 238
0.0001467200000000446 237
0.0001467320000001493 238
0.0001468399999993153 237
0.00014685199999942 238
0.00014690999999977805 239
0.00014695999999947418 238
0.00014697199999957888 239
0.00014707999999963306 238
0.00014709199999973777 239
0.00014719999999979194 238
0.00014721199999989665 239
0.00014731999999995082 238
0.00014733200000005553 239
0.0001474400000001097 238
0.00014745199999932623 239
0.0001475599999993804 238
0.00014756800000004233 239
0.00014757199999948512 240
0.0001476799999995393 239
0.00014779999999969817 238
0.00014781199999980288 239
0.00014791999999985705 238
0.00014793199999996176 239
0.00014804000000001594 238
0.00014805200000012064 239
0.00014815999999928664 238
0.00014817199999939135 239
0.00014827999999944552 238
0.00014829199999955023 239
0.0001483999999996044 238
0.0001484119999997091 239
0.00014851999999976329 238
0.000148531999999868 239
0.00014863999999992217 238
0.00014865200000002687 239
0.00014876000000008105 238
0.00014877199999929758 239
0.00014887999999935175 238
0.00014889199999945646 239
0.00014899999999951064 238
0.00014901199999961534 239
0.00014911999999966952 238
0.0001492399999998284 237
0.0001492519999999331 238
0.00014935999999998728 237
0.00014948000000014616 236
0.0001494919999993627 237
0.00014959999999941687 236
0.00014961199999952157 237
0.00014971999999957575 236
0.00014973199999968045 237
0.00014983999999973463 236
0.00014985199999983934 237
0.0001499599999998935 236
0.00014997199999999822 237
0.0001500800000000524 236
0.0001500920000001571 237
0.0001501999999993231 236
0.0001502119999994278 237
0.00015031999999948198 236
0.00015033199999958669 237
0.00015043999999964086 236
0.00015045199999974557 237
0.00015055999999979974 236
0.00015057199999990445 237
0.00015067999999995862 236
0.00015069200000006333 237
0.0001508000000001175 236
0.00015081199999933403 237
0.0001509199999993882 236
0.00015093199999949292 237
0.0001510399999995471 236
0.0001510519999996518 237
0.00015115999999970597 236
0.00015117199999981068 237
0.00015127999999986486 236
0.00015129199999996956 237
0.00015140000000002374 236
0.00015141200000012844 237
0.00015151999999929444 236
0.00015153199999939915 237
0.00015163999999945332 236
0.00015165199999955803 237
0.0001517599999996122 236
0.0001517719999997169 237
0.0001518799999997711 236
0.00015188799999954483 237
0.0001518919999998758 238
0.00015199999999992997 237
0.00015201200000003467 238
0.00015212000000008885 237
0.00015213199999930538 238
0.00015223999999935955 237
0.00015225199999946426 238
0.00015235999999951844 237
0.00015237199999962314 238
0.00015247999999967732 237
0.0001525999999998362 236
0.0001526119999999409 237
0.00015271999999999508 236
0.0001527320000000998 237
0.00015284000000015396 236
0.0001528519999993705 237
0.00015295999999942467 236
0.00015297199999952937 237
0.00015307999999958355 236
0.00015309199999968826 237
0.00015319999999974243 236
0.00015321199999984714 237
0.0001533199999999013 236
0.00015333200000000602 237
0.0001534400000000602 236
0.0001534520000001649 237
0.0001535599999993309 236
0.0001535719999994356 237
0.00015367999999948978 236
0.00015369199999959449 237
0.00015379999999964866 236
0.00015381199999975337 237
0.00015391999999980754 236
0.00015393199999991225 237
0.00015403999999996643 236
0.00015405200000007113 237
0.0001541600000001253 236
0.00015417199999934184 237
0.000154279999999396 236
0.00015429199999950072 237
0.0001543999999995549 236
0.0001544119999996596 237
0.00015451999999971378 236
0.00015453199999981848 237
0.00015463999999987266 236
0.00015465199999997736 237
0.00015476000000003154 236
0.00015477200000013625 237
0.00015478399999935277 238
0.00015487999999930224 237
0.00015489199999940695 238
0.00015499999999946112 237
0.00015501199999956583 238
0.00015511999999962 237
0.0001551319999997247 238
0.0001552399999997789 237
0.0001552519999998836 238
0.00015535999999993777 237
0.00015537200000004248 238
0.00015548000000009665 237
0.00015549199999931318 238
0.00015559999999936736 237
0.00015561199999947206 238
0.00015571999999952624 237
0.00015573199999963094 238
0.00015583999999968512 237
0.000155959999999844 236
0.0001559719999999487 237
0.00015608000000000288 236
0.0001560920000001076 237
0.00015620000000016177 236
0.00015631999999943247 235
0.00015633199999953717 236
0.00015643999999959135 235
0.00015645199999969606 236
0.00015655999999975023 235
0.00015667999999990911 234
0.00015669200000001382 235
0.000156800000000068 234
0.0001569199999993387 233
0.0001569319999994434 234
0.00015703999999949758 233
0.0001570519999996023 234
0.00015715999999965646 233
0.00015717199999976117 234
0.00015727999999981535 233
0.00015729199999992005 234
0.00015739999999997423 233
0.00015741200000007893 234
0.0001575200000001331 233
0.00015753199999934964 234
0.00015758999999970769 235
0.0001576399999994038 234
0.00015765199999950852 235
0.0001576800000000489 236
0.0001577599999995627 235
0.0001577719999996674 236
0.00015787999999972158 235
0.00015789199999982628 236
0.00015794999999929615 237
0.00015799999999988046 236
0.00015801199999998516 237
0.00015812000000003934 236
0.00015818999999961392 237
0.00015823999999931004 236
0.00015825199999941475 237
0.0001583099999997728 238
0.00015835999999946893 237
0.00015842999999993168 238
0.0001584799999996278 237
0.0001584919999997325 238
0.0001585999999997867 237
0.0001586119999998914 238
0.00015871999999994557 237
0.00015873200000005028 238
0.00015884000000010445 237
0.00015885199999932098 238
0.00015895999999937516 237
0.00015897199999947986 238
0.00015907999999953404 237
0.00015909199999963874 238
0.00015919999999969292 237
0.0001593199999998518 236
0.0001593319999999565 237
0.00015944000000001068 236
0.0001594520000001154 237
0.0001595599999992814 236
0.0001595719999993861 237
0.00015967999999944027 236
0.00015969199999954498 237
0.00015979999999959915 236
0.00015981199999970386 237
0.00015991999999975803 236
0.00015993199999986274 237
0.00016003999999991692 236
0.0001601600000000758 235
0.00016017199999929232 236
0.0001602799999993465 235
0.0001602919999994512 236
0.00016039999999950538 235
0.00016048599999951563 236
0.00016051999999966426 235
0.00016053199999976897 236
0.00016057599999985683 237
0.00016063999999982315 236
0.00016075999999998203 235
0.00016084599999999227 236
0.0001608800000001409 235
0.00016099999999941161 234
0.00016108599999942186 235
0.0001611199999995705 234
0.00016120599999958074 235
0.00016123999999972938 234
0.00016132599999973962 235
0.00016135999999988826 234
0.00016148000000004714 233
0.00016159999999931784 232
0.00016171999999947673 231
0.0001618399999996356 230
0.0001619599999997945 229
0.00016207999999995337 228
0.00016220000000011225 227
0.00016231999999938296 226
0.00016243999999954184 225
0.00016255999999970072 224
0.0001626799999998596 223
0.00016280000000001849 222
0.0001628120000001232 223
0.0001629199999992892 222
0.00016303999999944807 221
0.00016315999999960695 220
0.00016327999999976583 219
0.00016338199999932357 220
0.00016339999999992472 219
0.00016347199999966477 220
0.0001635200000000836 219
0.0001636399999993543 218
0.00016374199999980021 219
0.00016375999999951318 218
0.00016387999999967207 217
0.00016399999999983095 216
0.00016410199999938868 217
0.00016411999999998983 216
0.0001642400000001487 215
0.00016425199999936524 216
0.00016435999999941941 215
0.00016437199999952412 216
0.0001644799999995783 215
0.000164491999999683 216
0.00016459999999973718 215
0.00016461199999984188 216
0.00016466999999931176 217
0.00016471999999989606 216
0.00016473200000000077 217
0.00016484000000005494 216
0.00016485200000015965 217
0.00016495999999932565 216
0.00016507999999948453 215
0.0001651999999996434 214
0.00016521199999974812 215
0.0001653199999998023 214
0.00016543999999996117 213
0.00016556000000012006 212
0.00016567999999939076 211
0.00016569199999949547 212
0.00016572199999931314 213
0.00016579999999954964 212
0.00016591999999970852 211
0.0001660399999998674 210
0.0001661600000000263 209
0.000166172000000131 210
0.0001662780000000197 211
0.000166279999999297 210
0.00016639999999945587 209
0.00016651999999961475 208
0.00016653199999971946 209
0.00016663799999960816 210
0.00016663999999977364 209
0.00016675999999993252 208
0.0001668800000000914 207
0.0001669980000000848 208
0.0001669999999993621 207
0.00016711999999952099 206
0.00016723999999967987 205
0.00016735999999983875 204
0.00016747999999999763 203
0.00016749200000010234 204
0.0001676000000001565 203
0.0001676699999997311 204
0.00016771999999942722 203
0.0001678399999995861 202
0.0001678519999996908 203
0.00016795999999974498 202
0.00016797199999984969 203
0.00016807999999990386 202
0.00016809200000000857 203
0.00016820000000006274 202
0.00016821200000016745 203
0.00016831999999933345 202
0.00016843999999949233 201
0.00016845199999959704 202
0.0001685599999996512 201
0.00016857199999975592 202
0.0001686799999998101 201
0.0001686919999999148 202
0.00016879999999996897 201
0.00016881200000007368 202
0.00016892000000012786 201
0.00016903999999939856 200
0.00016905199999950327 201
0.00016915999999955744 200
0.00016917199999966215 201
0.00016927999999971632 200
0.0001693999999998752 199
0.0001694119999999799 200
0.0001695200000000341 199
0.0001696399999993048 198
0.0001696519999994095 199
0.00016975999999946367 198
0.00016977199999956838 199
0.00016987999999962256 198
0.00016989199999972726 199
0.00016999999999978144 198
0.00017001199999988614 199
0.00017011999999994032 198
0.0001702400000000992 197
0.00017025199999931573 198
0.0001703599999993699 197
0.00017047999999952879 196
0.0001704919999996335 197
0.00017059999999968767 196
0.00017071999999984655 195
0.00017084000000000543 194
0.00017085200000011014 195
0.00017096000000016431 194
0.00017107999999943502 193
0.00017109199999953972 194
0.0001711999999995939 193
0.00017131999999975278 192
0.0001713319999998575 193
0.00017143999999991166 192
0.00017145200000001637 193
0.00017156000000007054 192
0.00017167999999934125 191
0.00017179999999950013 190
0.000171919999999659 189
0.00017193199999976372 190
0.0001720399999998179 189
0.00017215999999997678 188
0.00017217200000008148 189
0.00017228000000013566 188
0.00017239999999940636 187
0.00017251999999956524 186
0.00017263999999972413 185
0.00017265199999982883 186
0.000172759999999883 185
0.0001728800000000419 184
0.0001729999999993126 183
0.00017311999999947147 182
0.00017323999999963036 181
0.00017335999999978924 180
0.00017347999999994812 179
0.000173600000000107 178
0.0001737199999993777 177
0.0001738399999995366 176
0.00017395999999969547 175
0.00017397199999980018 176
0.00017407999999985435 175
0.00017420000000001323 174
0.00017431999999928394 173
0.00017443999999944282 172
0.0001745599999996017 171
0.00017467999999976058 170
0.00017479999999991946 169
0.00017492000000007835 168
0.00017503999999934905 167
0.00017515999999950793 166
0.0001752799999996668 165
0.0001753999999998257 164
0.00017551999999998458 163
0.00017564000000014346 162
0.00017565199999936 163
0.00017575999999941416 162
0.00017587999999957304 161
0.00017599999999973193 160
0.0001761199999998908 159
0.0001762400000000497 158
0.0001762520000001544 159
0.0001763599999993204 158
0.00017647999999947928 157
0.00017659999999963816 156
0.00017671999999979704 155
0.00017683999999995592 154
0.0001769600000001148 153
0.0001770799999993855 152
0.0001771999999995444 151
0.00017731999999970327 150
0.00017743999999986215 149
0.00017756000000002103 148
0.00017767999999929174 147
0.00017779999999945062 146
0.00017781199999955533 147
0.0001779199999996095 146
0.0001779319999997142 147
0.00017803999999976838 146
0.00017815999999992727 145
0.00017828000000008615 144
0.00017839999999935685 143
0.00017851999999951573 142
0.00017863999999967461 141
0.0001787599999998335 140
0.00017887999999999238 139
0.00017899499999973756 140
0.00017900000000015126 139
0.000179007999999925 140
0.00017911999999942196 139
0.00017923999999958085 138
0.00017925199999968555 139
0.00017935999999973973 138
0.0001794799999998986 137
0.0001796000000000575 136
0.0001797199999993282 135
0.00017983999999948708 134
0.00017995999999964596 133
0.0001800339999995515 134
0.00018007999999980484 133
0.00018019999999996372 132
0.0001803200000001226 131
0.0001804399999993933 130
0.0001805599999995522 129
0.0001805719999996569 130
0.00018067999999971107 129
0.00018069199999981578 130
0.00018079999999986995 129
0.00018081199999997466 130
0.00018084199999979234 131
0.00018092000000002884 130
0.00018093200000013354 131
0.00018103999999929954 130
0.00018115999999945842 129
0.00018117199999956313 130
0.0001812799999996173 129
0.00018139999999977618 128
0.00018151999999993507 127
0.00018164000000009395 126
0.00018175999999936465 125
0.00018178000000013128 126
0.00018187999999952353 125
0.00018199999999968242 124
0.0001821199999998413 123
0.00018224000000000018 122
0.00018236000000015906 121
0.00018247999999942977 120
0.00018259999999958865 119
0.00018261199999969335 120
0.00018271999999974753 119
0.0001828399999999064 118
0.00018284499999943193 119
0.0001829600000000653 118
0.000183079999999336 117
0.00018319999999949488 116
0.00018331999999965376 115
0.00018343999999981264 114
0.00018355999999997152 113
0.0001836800000001304 112
0.0001837999999994011 111
0.00018381199999950582 112
0.00018391999999956 111
0.00018403999999971887 110
0.00018415999999987775 109
0.00018428000000003664 108
0.00018439999999930734 107
0.00018440699999988652 108
0.00018451999999946622 107
0.0001846399999996251 106
0.00018475999999978399 105
0.00018487999999994287 104
0.00018496199999962215 105
0.00018500000000010175 104
0.00018511999999937245 103
0.0001852299999995921 104
0.00018523999999953134 103
0.00018535999999969022 102
0.00018540499999986082 103
0.0001854799999998491 102
0.0001854919999999538 103
0.00018560000000000798 102
0.00018572000000016686 101
0.00018583999999943757 100
0.00018595999999959645 99
0.00018607999999975533 98
0.0001861999999999142 97
0.0001863200000000731 96
0.0001864399999993438 95
0.00018655999999950268 94
0.00018657199999960739 95
0.00018667999999966156 94
0.00018679999999982044 93
0.00018685399999984753 94
0.00018691999999997932 93
0.0001870400000001382 92
0.0001871599999994089 91
0.0001872799999995678 90
0.00018739999999972667 89
0.00018751999999988556 88
0.00018764000000004444 87
0.00018775999999931514 86
0.00018787999999947402 85
0.0001879999999996329 84
0.0001881199999997918 83
0.00018823999999995067 82
0.00018836000000010955 81
0.00018847999999938025 80
0.00018859999999953914 79
0.00018871999999969802 78
0.0001888399999998569 77
0.00018896000000001578 76
0.00018907999999928649 75
0.00018919999999944537 74
0.00018931999999960425 73
0.0001893919999993443 74
0.00018943999999976313 73
0.000189559999999922 72
0.0001896800000000809 71
0.0001897999999993516 70
0.00018991999999951048 69
0.00019003999999966936 68
0.00019015999999982824 67
0.00019027999999998713 66
0.000190400000000146 65
0.000190507999999312 66
0.0001905199999994167 65
0.0001906399999995756 64
0.00019075999999973448 63
0.00019087999999989336 62
0.00019100000000005224 61
0.00019111999999932294 60
0.00019123700000012178 61
0.00019123999999948182 60
0.0001913599999996407 59
0.0001914799999997996 58
0.00019149400000006978 59
0.00019157099999933536 60
0.00019159999999995847 59
0.00019172000000011735 58
0.00019183999999938806 57
0.00019195999999954694 56
0.00019207999999970582 55
0.0001921999999998647 54
0.00019232000000002358 53
0.0001924399999992943 52
0.00019255999999945317 51
0.00019267999999961205 50
0.00019279999999977093 49
0.00019282199999981486 50
0.00019291999999992981 49
0.0001930400000000887 48
0.0001931599999993594 47
0.00019327999999951828 46
0.00019339999999967716 45
0.00019351999999983605 44
0.00019363999999999493 43
0.0001937600000001538 42
0.0001938799999994245 41
0.0001939999999995834 40
0.00019411999999974228 39
0.00019423999999990116 38
0.00019436000000006004 37
0.00019447999999933074 36
0.00019459999999948963 35
0.0001947199999996485 34
0.00019480899999990697 35
0.0001948399999998074 34
0.00019495999999996627 33
0.00019508000000012515 32
0.00019515799999947347 33
0.00019519999999939586 32
0.00019531999999955474 31
0.00019543999999971362 30
0.0001955599999998725 29
0.00019568000000003138 28
0.0001957999999993021 27
0.00019591999999946097 26
0.00019601599999941044 27
0.00019603999999961985 26
0.0001960809999994595 27
0.00019615999999977873 26
0.00019627999999993762 25
0.00019636399999978238 26
0.0001964000000000965 25
0.0001965199999993672 24
0.00019663999999952608 23
0.00019675999999968496 22
0.00019687999999984385 21
0.00019700000000000273 20
0.0001970699999995773 21
0.0001971200000001616 20
0.00019723999999943231 19
0.0001973599999995912 18
0.00019747999999975008 17
0.00019759999999990896 16
0.00019772000000006784 15
0.00019783999999933854 14
0.00019795999999949743 13
0.0001980799999996563 12
0.0001981999999998152 11
0.00019831999999997407 10
0.00019844000000013295 9
0.00019855999999940366 8
0.00019867999999956254 7
0.00019879999999972142 6
0.0001989199999998803 5
0.00019904000000003919 4
0.0001991599999993099 3
0.00019927999999946877 2
0.00019939999999962765 1
0.00019951999999978653 0
0.000200876000000072 1
0.000200876000000072 0
0.00020249499999991372 1
0.00020249499999991372 0
0.00020617399999967034 1
0.00020617399999967034 0
0.0002070910000000481 1
0.0002070910000000481 0
0.00020798599999949374 1
0.00020798599999949374 0
0.0002081949999999111 1
0.0002081949999999111 0
0.00020863599999998428 1
0.00020863599999998428 0
0.0002089499999993194 1
0.0002089499999993194 0
0.0002103139999993786 1
0.0002103139999993786 0
0.00021201599999987053 1
0.00021201599999987053 0
0.0002121449999998859 1
0.0002121449999998859 0
0.00021437399999957307 1
0.00021437399999957307 0
0.0002151129999994339 1
0.0002151129999994339 0
0.00021532199999985124 1
0.00021532199999985124 0
0.00021665600000009277 1
0.00021665600000009277 0
0.00021675200000004224 1
0.00021675200000004224 0
0.00022437099999983445 1
0.00022437099999983445 0
0.00022724899999992942 1
0.00022724899999992942 0
0.00022912499999971914 1
0.00022912499999971914 0
0.0002298910000000376 1
0.0002298910000000376 0
0.00023083999999951033 1
0.00023083999999951033 0
0.0002318399999996501 1
0.0002318399999996501 0
0.00023471799999974508 1
0.00023471799999974508 0
0.0002350249999993892 1
0.0002350249999993892 0
0.00023523099999955832 1
0.00023523099999955832 0
0.00023576300000005546 1
0.00023576300000005546 0
0.00023627699999995144 1
0.00023627699999995144 0
0.00023904299999966128 1
0.00023904299999966128 0
0.0002394159999994372 1
0.0002394159999994372 0
0.00024743499999946295 1
0.00024743499999946295 0
0.0002483729999998019 1
0.0002483729999998019 0
0.00024853499999988315 1
0.00024853499999988315 0
0.0002502749999999665 1
0.0002502749999999665 0
0.0002505109999999533 1
0.0002505109999999533 0
0.00025077599999967504 1
0.00025077599999967504 0
0.00025099099999970065 1
0.00025099099999970065 0
0.0002620769999994721 1
0.0002620769999994721 0
0.0002653069999993818 1
0.0002653069999993818 0
0.0002664949999999777 1
0.0002664949999999777 0
0.0002665579999998613 1
0.0002665579999998613 0
0.0002670399999997741 1
0.0002670399999997741 0
0.00026979599999954473 1
0.00026979599999954473 0
0.0002742239999999896 1
0.0002742239999999896 0
0.0002826719999999838 1
0.0002826719999999838 0
0.00028851399999929583 1
0.00028851399999929583 0
0.0002889079999999211 1
0.0002889079999999211 0
0.00028942799999942537 1
0.00028942799999942537 0
0.0002917819999996851 1
0.0002917819999996851 0
0.0002927509999999245 1
0.0002927509999999245 0
0.00029286799999983515 1
0.00029286799999983515 0
0.0002930809999996953 1
0.0002930809999996953 0
0.0002931269999999486 1
0.0002931269999999486 0
0.000293689999999458 1
0.000293689999999458 0
0.00029422699999948065 1
0.00029422699999948065 0
0.00029441999999946233 1
0.00029441999999946233 0
0.00029542299999985033 1
0.00029542299999985033 0
0.00029644500000003404 1
0.00029644500000003404 0
0.0003036619999994272 1
0.0003036619999994272 0
0.00030639999999948486 1
0.00030639999999948486 0
0.000308199000000009 1
0.000308199000000009 0
0.0003102919999999898 1
0.0003102919999999898 0
0.0003103219999998075 1
0.0003103219999998075 0
0.0003104709999997013 1
0.0003104709999997013 0
0.00031154399999966387 1
0.00031154399999966387 0
0.00031407299999930416 1
0.00031407299999930416 0
0.00031410300000001 1
0.00031410300000001 0
0.0003171679999995902 1
0.0003171679999995902 0
0.00031949099999994957 1
0.00031949099999994957 0
0.0003218320000000219 1
0.0003218320000000219 0
0.00032206699999992594 1
0.00032206699999992594 0
0.000322645999999871 1
0.000322645999999871 0
0.00032285799999964837 1
0.00032285799999964837 0
0.0003237409999998775 1
0.0003237409999998775 0
0.000325244999999974 1
0.000325244999999974 0
0.0003257449999995998 1
0.0003257449999995998 0
0.000332766999999734 1
0.000332766999999734 0
0.0003365619999993186 1
0.0003365619999993186 0
0.0003415229999994551 1
0.0003415229999994551 0
0.0003424619999998768 1
0.0003424619999998768 0
0.000344502999999996 1
0.000344502999999996 0
0.00034628600000008447 1
0.00034628600000008447 0
0.000346460999999465 1
0.000346460999999465 0
0.00034841200000013117 1
0.00034841200000013117 0
0.000349841999999434 1
0.000349841999999434 0
0.0003504610000000241 1
0.0003504610000000241 0
0.00035068099999957525 1
0.00035068099999957525 0
0.0003520080000001258 1
0.0003520080000001258 0
0.0003545730000000802 1
0.0003545730000000802 0
0.0003549319999995859 1
0.0003549319999995859 0
0.00035976299999962436 1
0.00035976299999962436 0
0.00036212499999965786 1
0.00036212499999965786 0
0.00036329299999948717 1
0.00036329299999948717 0
0.00036333999999982325 1
0.00036333999999982325 0
0.000365374999999446 1
0.000365374999999446 0
0.00036543499999996953 1
0.00036543499999996953 0
0.000366297999999432 1
0.000366297999999432 0
0.0003664199999997564 1
0.0003664199999997564 0
0.00037491099999975575 1
0.00037491099999975575 0
0.00037617299999936904 1
0.00037617299999936904 0
0.00037758700000001255 1
0.00037758700000001255 0
0.0003784749999997672 1
0.0003784749999997672 0
0.0003789169999999231 1
0.0003789169999999231 0
0.00038112599999973185 1
0.00038112599999973185 0
0.0003820029999994645 1
0.0003820029999994645 0
0.0003833929999998986 1
0.0003833929999998986 0
0.00038430399999977993 1
0.00038430399999977993 0
0.00038564199999946425 1
0.00038564199999946425 0
0.00038595299999943933 1
0.00038595299999943933 0
0.00038751299999972844 1
0.00038751299999972844 0
0.00038773499999944505 1
0.00038773499999944505 0
0.0003879580000001326 1
0.0003879580000001326 0
0.00038838700000010107 1
0.00038838700000010107 0
0.0003913629999994228 1
0.0003913629999994228 0
0.00039168300000014256 1
0.00039168300000014256 0
0.00039177499999976106 1
0.00039177499999976106 0
0.0003928489999998064 1
0.0003928489999998064 0
0.00039314300000015123 1
0.00039314300000015123 0
0.00039389799999955954 1
0.00039389799999955954 0
0.0003941209999993589 1
0.0003941209999993589 0
0.0003964329999996963 1
0.0003964329999996963 0
0.0003968140000001341 1
0.0003968140000001341 0
0.00039876399999982937 1
0.00039876399999982937 0
0.0003990529999997605 1
0.0003990529999997605 0
0.0003996209999996836 1
0.0003996209999996836 0
0.00039998599999968576 1
0.00039998599999968576 0
0.0004043549999996898 1
0.0004043549999996898 0
0.00040610599999979513 1
0.00040610599999979513 0
0.0004084810000000161 1
0.0004084810000000161 0
0.00041215899999968997 1
0.00041215899999968997 0
0.0004124549999993121 1
0.0004124549999993121 0
0.0004126009999998459 1
0.0004126009999998459 0
0.0004143640000000559 1
0.0004143640000000559 0
0.0004155439999999899 1
0.0004155439999999899 0
0.0004188190000000702 1
0.0004188190000000702 0
0.0004191959999992889 1
0.0004191959999992889 0
0.00042004599999945214 1
0.00042004599999945214 0
0.0004221339999999074 1
0.0004221339999999074 0
0.0004235850000000596 1
0.0004235850000000596 0
0.0004237489999994182 1
0.0004237489999994182 0
0.000423960000000001 1
0.000423960000000001 0
0.0004242429999994357 1
0.0004242429999994357 0
0.00042431699999934125 1
0.00042431699999934125 0
0.00042584899999997816 1
0.00042584899999997816 0
0.00042618599999943996 1
0.00042618599999943996 0
0.0004267129999995234 1
0.0004267129999995234 0
0.00043141999999996017 1
0.00043141999999996017 0
0.00043371299999961366 1
0.00043371299999961366 0
0.0004338409999995463 1
0.0004338409999995463 0
0.0004340039999997103 1
0.0004340039999997103 0
0.0004378689999997576 1
0.0004378689999997576 0
0.00043908099999967476 1
0.00043908099999967476 0
0.0004434099999999219 1
0.0004434099999999219 0
0.0004434399999997396 1
0.0004434399999997396 0
0.0004442920000000683 1
0.0004442920000000683 0
0.00044660100000015746 1
0.00044660100000015746 0
0.0004472149999994457 1
0.0004472149999994457 0
0.0004483390000000753 1
0.0004483390000000753 0
0.0004487979999998615 1
0.0004487979999998615 0
0.00044930899999950924 1
0.00044930899999950924 0
0.00045117999999977343 1
0.00045117999999977343 0
0.00045130299999929235 1
0.00045130299999929235 0
0.0004522109999998136 1
0.0004522109999998136 0
0.00045255599999993734 1
0.00045255599999993734 0
0.00045312899999938594 1
0.00045312899999938594 0
0.0004548409999998171 1
0.0004548409999998171 0
0.0004577110000001383 1
0.0004577110000001383 0
0.0004585459999999486 1
0.0004585459999999486 0
0.00045872599999974284 1
0.00045872599999974284 0
0.00046138999999989494 1
0.00046138999999989494 0
0.00046312399999948184 1
0.00046312399999948184 0
0.0004635969999995382 1
0.0004635969999995382 0
0.00046377999999958064 1
0.00046377999999958064 0
0.0004656430000000711 1
0.0004656430000000711 0
0.0004656989999993755 1
0.0004656989999993755 0
0.00046574599999971156 1
0.0004657629999993418 0
0.00046610199999985724 1
0.00046610199999985724 0
0.0004662049999994977 1
0.0004662049999994977 0
0.0004685659999994485 1
0.0004685659999994485 0
0.0004687289999996125 1
0.0004687289999996125 0
0.00046977099999967464 1
0.00046977099999967464 0
0.0004708559999997419 1
0.0004708559999997419 0
0.0004712780000000194 1
0.0004712780000000194 0
0.0004717119999995134 1
0.0004717119999995134 0
0.000473110999999804 1
0.000473110999999804 0
0.00047319499999964876 1
0.00047319499999964876 0
0.0004749710000000462 1
0.0004749710000000462 0
0.0004759810000001252 1
0.0004759810000001252 0
0.000476491999999773 1
0.000476491999999773 0
0.0004766709999994845 1
0.0004766709999994845 0
0.00047669099999936293 1
0.00047669099999936293 0
0.00047673599999953353 1
0.00047679099999964336 0
0.0004769289999995152 1
0.0004769289999995152 0
0.00048034900000004654 1
0.00048034900000004654 0
0.00048612299999994946 1
0.00048612299999994946 0
0.0004863759999995665 1
0.0004863759999995665 0
0.0004866479999998674 1
0.0004866479999998674 0
0.0004886499999994243 1
0.0004886499999994243 0
0.0004919089999999571 1
0.0004919089999999571 0
0.0004927270000001371 1
0.0004927270000001371 0
0.0004928079999997337 1
0.0004928079999997337 0
0.0004939930000000814 1
0.0004939930000000814 0
0.0004948009999994341 1
0.0004948009999994341 0
0.000495300999999948 1
0.000495300999999948 0
0.0004961919999999509 1
0.0004961919999999509 0
0.0004966560000001508 1
0.0004966560000001508 0
0.0004979369999995598 1
0.0004979369999995598 0
0.000498775999999701 1
0.000498775999999701 0
0.0004990739999994886 1
0.0004990739999994886 0
0.0004991039999993063 1
0.0004991039999993063 0
0.000501081999999542 1
0.000501081999999542 0
0.0005020399999997593 1
0.0005020399999997593 0
0.0005031439999996223 1
0.0005031439999996223 0
0.0005058479999995313 1
0.0005058479999995313 0
0.0005059730000001039 1
0.0005059730000001039 0
0.0005074809999996432 1
0.0005074809999996432 0
0.0005082789999999449 1
0.0005082789999999449 0
0.0005086489999994726 1
0.0005086489999994726 0
0.0005087320000001228 1
0.0005087320000001228 0
0.0005087819999998189 1
0.0005087819999998189 0
0.0005120779999998604 1
0.0005120779999998604 0
0.0005127399999995674 1
0.0005127399999995674 0
0.0005133839999995615 1
0.0005133839999995615 0
0.0005137939999997343 1
0.0005137939999997343 0
0.0005142029999998243 1
0.0005142029999998243 0
0.0005152749999997042 1
0.0005152749999997042 0
0.0005157109999993637 1
0.0005157109999993637 0
0.0005157799999997437 1
0.0005157799999997437 0
0.0005188569999994286 1
0.0005188569999994286 0
0.0005193829999994293 1
0.0005193829999994293 0
0.0005213579999994167 1
0.0005213579999994167 0
0.0005224799999998808 1
0.0005224799999998808 0
0.0005227309999993324 1
0.0005227309999993324 0
0.0005229870000000858 1
0.0005229870000000858 0
0.0005232179999996589 1
0.0005232179999996589 0
0.0005233159999997739 1
0.0005233159999997739 0
0.000523955999999437 1
0.000523955999999437 0
0.0005241250000000974 1
0.0005241250000000974 0
0.0005245599999996742 1
0.0005245599999996742 0
0.0005250449999998352 1
0.0005250449999998352 0
0.0005257890000001098 1
0.0005257890000001098 0
0.0005266910000001346 1
0.0005266910000001346 0
0.0005272979999997318 1
0.0005272979999997318 0
0.0005282399999995135 1
0.0005282399999995135 0
0.0005284930000000188 1
0.0005284930000000188 0
0.0005291509999993949 1
0.0005291509999993949 0
0.0005298659999999344 1
0.0005298659999999344 0
0.0005304279999993611 1
0.0005304279999993611 0
0.0005315269999996985 1
0.0005315269999996985 0
0.0005339729999995768 1
0.0005339729999995768 0
0.0005349419999998162 1
0.0005349419999998162 0
0.0005375010000001623 1
0.0005375010000001623 0
0.0005385799999997332 1
0.0005385799999997332 0
0.000540755999999476 1
0.000540755999999476 0
0.0005430859999995263 1
0.0005430859999995263 0
0.0005449969999995474 1
0.0005449969999995474 0
0.0005452909999998923 1
0.0005452909999998923 0
0.0005456759999997729 1
0.0005456759999997729 0
0.000546315999999436 1
0.000546315999999436 0
0.0005466229999999683 1
0.0005466229999999683 0
0.0005466579999993115 1
0.0005466579999993115 0
0.000546840999999354 1
0.000546840999999354 0
0.0005470449999993576 1
0.0005470449999993576 0
0.0005481359999999214 1
0.0005481359999999214 0
0.0005491769999999008 1
0.0005491769999999008 0
0.0005498909999994694 1
0.0005498909999994694 0
0.0005499659999994577 1
0.0005499659999994577 0
0.0005512749999994071 1
0.0005512749999994071 0
0.000551562000000061 1
0.000551562000000061 0
0.000552491999999738 1
0.000552491999999738 0
0.0005526389999994663 1
0.0005526389999994663 0
0.0005527320000000557 1
0.0005527320000000557 0
0.0005534049999997848 1
0.0005534049999997848 0
0.0005542069999995292 1
0.0005542069999995292 0
0.0005557419999995261 1
0.0005557419999995261 0
0.000557146999999425 1
0.000557146999999425 0
0.0005572649999994184 1
0.0005572649999994184 0
0.0005576050000000166 1
0.0005576050000000166 0
0.0005577599999995186 1
0.0005577599999995186 0
0.0005579149999999089 1
0.0005579149999999089 0
0.0005580539999998635 1
0.0005580539999998635 0
0.0005582649999995581 1
0.0005582649999995581 0
0.0005591009999994512 1
0.0005591009999994512 0
0.0005627419999996164 1
0.0005627419999996164 0
0.0005633109999996222 1
0.0005633109999996222 0
0.0005634039999993234 1
0.0005634039999993234 0
0.0005646299999995108 1
0.0005646299999995108 0
0.0005647749999999618 1
0.0005647749999999618 0
0.0005649429999996514 1
0.0005649429999996514 0
0.0005663989999993291 1
0.0005663989999993291 0
0.0005674939999993356 1
0.0005674939999993356 0
0.0005683950000001659 1
0.0005683950000001659 0
0.0005687229999997712 1
0.0005687229999997712 0
0.0005689420000001277 1
0.0005689420000001277 0
0.0005703590000001313 1
0.0005703590000001313 0
0.0005710629999997607 1
0.0005710629999997607 0
0.0005713589999993829 1
0.0005713589999993829 0
0.0005726780000001597 1
0.0005726780000001597 0
0.0005727079999999773 1
0.0005727079999999773 0
0.000573566999999997 1
0.000573566999999997 0
0.0005737449999996258 1
0.0005737449999996258 0
0.0005743359999996756 1
0.0005743359999996756 0
0.0005744039999999728 1
0.0005744039999999728 0
0.0005748859999998857 1
0.0005748859999998857 0
0.0005752049999996345 1
0.0005752049999996345 0
0.0005752349999994522 1
0.0005752349999994522 0
0.0005758010000000979 1
0.0005758010000000979 0
0.000576147999999499 1
0.000576147999999499 0
0.0005766429999995992 1
0.0005766429999995992 0
0.000577218999999296 1
0.000577218999999296 0
0.0005777049999995398 1
0.0005777049999995398 0
0.0005797400000000508 1
0.0005797400000000508 0
0.0005798179999993991 1
0.0005798179999993991 0
0.0005798239999998955 1
0.0005798599999993215 0
0.000579902000000132 1
0.0005799799999994804 0
0.000580954999999328 1
0.000580954999999328 0
0.0005811599999994144 1
0.0005811599999994144 0
0.0005814209999996933 1
0.0005814209999996933 0
0.0005816159999998405 1
0.0005816159999998405 0
0.0005827619999996259 1
0.0005827619999996259 0
0.0005833179999994442 1
0.0005833179999994442 0
0.0005835339999995526 1
0.0005835339999995526 0
0.0005843579999993409 1
0.0005843579999993409 0
0.0005851409999992896 1
0.0005851409999992896 0
0.0005853860000000211 1
0.0005853860000000211 0
0.0005859569999993042 1
0.0005859569999993042 0
0.00058686299999966 1
0.00058686299999966 0
0.0005878809999995127 1
0.0005878809999995127 0
0.0005884379999994138 1
0.0005884379999994138 0
0.0005904339999993624 1
0.0005904339999993624 0
0.0005915329999996999 1
0.0005915329999996999 0
0.0005921199999994187 1
0.0005921199999994187 0
0.0005929019999992846 1
0.0005929019999992846 0
0.0005945899999995063 1
0.0005945899999995063 0
0.0005948849999999339 1
0.0005948849999999339 0
0.0005949789999997179 1
0.0005949789999997179 0
0.0005953629999995158 1
0.0005953629999995158 0
0.0005957880000000415 1
0.0005957880000000415 0
0.000595966999999753 1
0.000595966999999753 0
0.0005971850000001666 1
0.0005971850000001666 0
0.0005975829999993465 1
0.0005975829999993465 0
0.000597993999999602 1
0.000597993999999602 0
0.0005980249999995024 1
0.0005980249999995024 0
0.0005986169999996349 1
0.0005986169999996349 0
0.0005987449999995675 1
0.0005987449999995675 0
0.0005991270000000881 1
0.0005991270000000881 0
0.0005999860000001078 1
0.0005999860000001078 0
0.0006005010000000865 1
0.0006005010000000865 0
0.0006009809999998339 1
0.0006009809999998339 0
0.0006020279999994216 1
0.0006020279999994216 0
0.0006023499999994186 1
0.0006023499999994186 0
0.0006025339999995438 1
0.0006025339999995438 0
0.0006032049999999956 1
0.0006032049999999956 0
0.000604176999999595 1
0.000604176999999595 0
0.0006042819999994009 1
0.0006042819999994009 0
0.0006043719999997421 1
0.0006043719999997421 0
0.0006044169999999127 1
0.0006044169999999127 0
0.0006056860000001052 1
0.0006056860000001052 0
0.0006058360000000818 1
0.0006058360000000818 0
0.0006060239999996497 1
0.0006060239999996497 0
0.0006061189999995165 1
0.0006061189999995165 0
0.0006072630000000245 1
0.0006072630000000245 0
0.0006080519999995815 1
0.0006080519999995815 0
0.0006081069999996913 1
0.0006081069999996913 0
0.0006083849999996005 1
0.0006083849999996005 0
0.0006086490000001277 1
0.0006086490000001277 0
0.0006090579999993295 1
0.0006090579999993295 0
0.0006094899999995462 1
0.0006094899999995462 0
0.000609725999999533 1
0.000609725999999533 0
0.000609888999999697 1
0.000609888999999697 0
0.000610670999999563 1
0.000610670999999563 0
0.0006113629999999759 1
0.0006113629999999759 0
0.0006121919999992897 1
0.0006121919999992897 0
0.0006123759999994149 1
0.0006123759999994149 0
0.0006124060000001208 1
0.0006124060000001208 0
0.0006125550000000146 1
0.0006125550000000146 0
0.0006137379999993087 1
0.0006137379999993087 0
0.0006146739999994821 1
0.0006146739999994821 0
0.0006148569999995246 1
0.0006148569999995246 0
0.0006149449999997003 1
0.0006149449999997003 0
0.0006150229999999368 1
0.0006150229999999368 0
0.0006163670000001176 1
0.0006163670000001176 0
0.0006173569999994299 1
0.0006173569999994299 0
0.0006175819999993948 1
0.0006175819999993948 0
0.000617643000000001 1
0.000617643000000001 0
0.0006180249999996335 1
0.0006180249999996335 0
0.0006188580000001664 1
0.0006188580000001664 0
0.0006198719999996882 1
0.0006198719999996882 0
0.000619966999999555 1
0.000619966999999555 0
0.0006204780000000909 1
0.0006204780000000909 0
0.0006206699999999898 1
0.0006206699999999898 0
0.0006208499999997841 1
0.0006208499999997841 0
0.0006212180000000345 1
0.0006212180000000345 0
0.0006226539999998337 1
0.0006226539999998337 0
0.0006229519999996214 1
0.0006229519999996214 0
0.0006230320000000233 1
0.0006230320000000233 0
0.0006231569999997078 1
0.0006231569999997078 0
0.0006232889999999713 1
0.0006232889999999713 0
0.0006235389999993401 1
0.0006235389999993401 0
0.0006243159999996806 1
0.0006243159999996806 0
0.0006255579999994154 1
0.0006255579999994154 0
0.0006258479999994293 1
0.0006258479999994293 0
0.0006260309999994718 1
0.0006260309999994718 0
0.0006261250000001439 1
0.0006261250000001439 0
0.0006269339999995793 1
0.0006269339999995793 0
0.000626963999999397 1
0.000626963999999397 0
0.000627130999999892 1
0.000627130999999892 0
0.0006272359999996979 1
0.0006272359999996979 0
0.0006274550000000545 1
0.0006274550000000545 0
0.0006274969999999769 1
0.0006274969999999769 0
0.0006279099999995097 1
0.0006279099999995097 0
0.0006284709999997418 1
0.0006284709999997418 0
0.0006287440000001254 1
0.0006287440000001254 0
0.0006288629999993134 1
0.0006288629999993134 0
0.0006289739999996158 1
0.0006289739999996158 0
0.0006290809999995872 1
0.0006290809999995872 0
0.0006295329999996824 1
0.0006295329999996824 0
0.0006301159999999584 1
0.0006301159999999584 0
0.0006314769999997694 1
0.0006314769999997694 0
0.000632020999999483 1
0.000632020999999483 0
0.0006320509999993007 1
0.0006320509999993007 0
0.0006320859999995321 1
0.0006321409999996419 0
0.0006338979999993555 1
0.0006338979999993555 0
0.0006339729999993438 1
0.0006339729999993438 0
0.0006354549999993964 1
0.0006354549999993964 0
0.0006355149999999199 1
0.0006355149999999199 0
0.0006357189999999235 1
0.0006357189999999235 0
0.0006358519999993817 1
0.0006358519999993817 0
0.000635912999999988 1
0.000635912999999988 0
0.0006360100000000202 1
0.0006360100000000202 0
0.0006361109999994952 1
0.0006361109999994952 0
0.0006373129999994731 1
0.0006373129999994731 0
0.0006383940000000976 1
0.0006383940000000976 0
0.0006398089999999357 1
0.0006398089999999357 0
0.0006398499999997753 1
0.0006398499999997753 0
0.0006402349999996559 1
0.0006402349999996559 0
0.0006420569999994186 1
0.0006420569999994186 0
0.000642833999999759 1
0.000642833999999759 0
0.0006429629999997744 1
0.0006429629999997744 0
0.000644375999999447 1
0.000644375999999447 0
0.0006444060000001528 1
0.0006444060000001528 0
0.0006449649999993312 1
0.0006449649999993312 0
0.0006456510000001359 1
0.0006456510000001359 0
0.0006460150000000553 1
0.0006460150000000553 0
0.000646044999999873 1
0.000646044999999873 0
0.0006460800000001043 1
0.000646134999999326 0
0.000646373999999561 1
0.000646373999999561 0
0.0006474159999996232 1
0.0006474159999996232 0
0.0006482509999994335 1
0.0006482509999994335 0
0.000648313999999317 1
0.000648313999999317 0
0.0006487630000000522 1
0.0006487630000000522 0
0.0006490540000001488 1
0.0006490540000001488 0
0.00064907500000011 1
0.00064907500000011 0
0.0006502069999996252 1
0.0006502069999996252 0
0.0006503699999997892 1
0.0006503699999997892 0
0.0006506079999999415 1
0.0006506079999999415 0
0.000651021999999557 1
0.000651021999999557 0
0.0006511680000000908 1
0.0006511680000000908 0
0.0006517040000000307 1
0.0006517040000000307 0
0.0006518469999994281 1
0.0006518469999994281 0
0.0006522549999994354 1
0.0006522549999994354 0
0.0006524039999993292 1
0.0006524039999993292 0
0.000652907999999286 1
0.000652907999999286 0
0.0006531519999999347 1
0.0006531519999999347 0
0.0006545060000000547 1
0.0006545060000000547 0
0.0006549639999997581 1
0.0006549639999997581 0
0.0006553650000000744 1
0.0006553650000000744 0
0.0006560379999998034 1
0.0006560379999998034 0
0.0006562289999996196 1
0.0006562289999996196 0
0.0006562589999994373 1
0.0006562589999994373 0
0.0006565589999993904 1
0.0006565589999993904 0
0.0006575639999999439 1
0.0006575639999999439 0
0.0006579699999997857 1
0.0006579699999997857 0
0.0006583879999997322 1
0.0006583879999997322 0
0.0006588489999996838 1
0.0006588489999996838 0
0.0006590529999996875 1
0.0006590529999996875 0
0.0006591129999993228 1
0.0006591129999993228 0
0.0006592709999999613 1
0.0006592709999999613 0
0.0006593179999994092 1
0.0006593179999994092 0
0.0006594629999998602 1
0.0006594629999998602 0
0.0006599329999996684 1
0.0006599329999996684 0
0.0006609739999996478 1
0.0006609739999996478 0
0.0006615989999998462 1
0.0006615989999998462 0
0.0006619450000000526 1
0.0006619450000000526 0
0.0006625629999996718 1
0.0006625629999996718 0
0.0006625929999994895 1
0.0006625929999994895 0
0.000663622999999447 1
0.000663622999999447 0
0.0006637219999996447 1
0.0006637219999996447 0
0.0006639630000000452 1
0.0006639630000000452 0
0.000664288999999485 1
0.000664288999999485 0
0.0006643189999993027 1
0.0006643189999993027 0
0.0006656920000001065 1
0.0006656920000001065 0
0.0006658679999995698 1
0.0006658679999995698 0
0.0006660209999997946 1
0.0006660209999997946 0
0.0006670959999999226 1
0.0006670959999999226 0
0.0006673819999996056 1
0.0006673819999996056 0
0.0006674840000000515 1
0.0006674840000000515 0
0.0006676159999994269 1
0.0006676159999994269 0
0.0006681559999996978 1
0.0006681559999996978 0
0.0006687479999998303 1
0.0006687479999998303 0
0.0006690749999993528 1
0.0006690749999993528 0
0.0006694739999995036 1
0.0006694739999995036 0
0.0006699019999993894 1
0.0006699019999993894 0
0.0006699320000000952 1
0.0006699320000000952 0
0.0006710800000000461 1
0.0006710800000000461 0
0.0006711679999993336 1
0.0006711679999993336 0
0.0006715109999992919 1
0.0006715109999992919 0
0.0006717089999996873 1
0.0006717089999996873 0
0.0006724349999993606 1
0.0006724349999993606 0
0.0006725159999998453 1
0.0006725159999998453 0
0.0006726349999999215 1
0.0006726349999999215 0
0.000673309999999816 1
0.000673309999999816 0
0.0006738699999999653 1
0.0006738699999999653 0
0.0006739429999997881 1
0.0006739429999997881 0
0.0006740249999994674 1
0.0006740249999994674 0
0.0006743540000000436 1
0.0006743540000000436 0
0.0006753119999993729 1
0.0006753119999993729 0
0.0006754739999994541 1
0.0006754739999994541 0
0.000675651999999971 1
0.000675651999999971 0
0.0006757759999995727 1
0.0006757759999995727 0
0.0006760479999998736 1
0.0006760479999998736 0
0.0006764470000000244 1
0.0006764470000000244 0
0.0006767179999993544 1
0.0006767179999993544 0
0.0006768130000001094 1
0.0006768130000001094 0
0.0006774269999993976 1
0.0006774269999993976 0
0.0006776080000001627 1
0.0006776080000001627 0
0.000677618000000102 1
0.000677618000000102 0
0.0006778979999992885 1
0.0006778979999992885 0
0.0006782989999996047 1
0.0006782989999996047 0
0.0006783559999998801 1
0.0006783559999998801 0
0.0006786649999996897 1
0.0006786649999996897 0
0.0006789409999994334 1
0.0006789409999994334 0
0.0006790949999997409 1
0.0006790949999997409 0
0.0006792549999996567 1
0.0006792549999996567 0
0.0006794609999998258 1
0.0006794609999998258 0
0.0006795569999997753 1
0.0006795569999997753 0
0.0006796639999997467 1
0.0006796639999997467 0
0.0006797120000001655 1
0.0006797120000001655 0
0.0006800879999993015 1
0.0006800879999993015 0
0.0006802639999996529 1
0.0006802639999996529 0
0.0006806699999994947 1
0.0006806699999994947 0
0.0006822079999997399 1
0.0006822079999997399 0
0.0006823769999995122 1
0.0006823769999995122 0
0.0006824579999999969 1
0.0006824579999999969 0
0.0006824879999998146 1
0.0006824969999996711 0
0.0006826079999999735 1
0.0006826169999998299 0
0.0006826379999997911 1
0.0006826679999996088 2
0.0006827369999999888 1
0.0006828570000001477 0
0.0006831859999998358 1
0.0006831859999998358 0
0.0006840819999993641 1
0.0006840819999993641 0
0.0006843349999998694 1
0.0006843349999998694 0
0.0006852849999994248 1
0.0006852849999994248 0
0.0006853549999998876 1
0.0006853549999998876 0
0.0006854019999993355 1
0.0006854049999995837 0
0.0006854499999997543 1
0.000685479999999572 2
0.0006855099999993897 3
0.0006855249999997426 2
0.0006856449999999015 1
0.0006857650000000604 0
0.0006864420000001203 1
0.0006864420000001203 0
0.0006867079999999248 1
0.0006867079999999248 0
0.0006876619999998113 1
0.0006876619999998113 0
0.0006877549999995125 1
0.0006877549999995125 0
0.0006882509999996955 1
0.0006882509999996955 0
0.0006883960000001466 1
0.0006883960000001466 0
0.0006884259999999642 1
0.0006884259999999642 0
0.0006885539999998969 1
0.0006885539999998969 0
0.0006891399999995329 1
0.0006891399999995329 0
0.0006892330000001223 1
0.0006892330000001223 0
0.0006892979999992832 1
0.0006892979999992832 0
0.0006898010000000454 1
0.0006898010000000454 0
0.0006899809999998396 1
0.0006899809999998396 0
0.0006900109999996573 1
0.0006900109999996573 0
0.000690040999999475 1
0.0006901009999999985 0
0.0006911469999995035 1
0.0006911469999995035 0
0.0006912959999993973 1
0.0006912959999993973 0
0.0006919029999998827 1
0.0006919029999998827 0
0.0006926969999998533 1
0.0006926969999998533 0
0.0006929929999994755 1
0.0006929929999994755 0
0.0006935580000000385 1
0.0006935580000000385 0
0.0006938209999995948 1
0.0006938209999995948 0
0.0006938260000000085 1
0.0006938260000000085 0
0.0006939749999999023 1
0.0006939749999999023 0
0.0006944559999997324 1
0.0006944559999997324 0
0.0006945539999998473 1
0.0006945539999998473 0
0.0006949870000001468 1
0.0006949870000001468 0
0.0006950169999999645 1
0.0006950169999999645 0
0.0006952259999994936 1
0.0006952259999994936 0
0.0006953759999994702 1
0.0006953759999994702 0
0.0006954929999993809 1
0.0006954929999993809 0
0.0006955230000000867 1
0.0006955230000000867 0
0.0006959899999996466 1
0.0006959899999996466 0
0.0006961460000001196 1
0.0006961460000001196 0
0.0006971309999999065 1
0.0006971309999999065 0
0.000697222999999525 1
0.000697222999999525 0
0.0006974340000001078 1
0.0006974340000001078 0
0.0006984619999998998 1
0.0006984619999998998 0
0.0006985409999993308 1
0.0006985409999993308 0
0.0006985710000000367 1
0.0006985820000000587 0
0.0006989379999993162 1
0.0006989379999993162 0
0.0006995349999998624 1
0.0006995349999998624 0
0.0007001439999996251 1
0.0007001439999996251 0
0.0007002570000000929 1
0.0007002570000000929 0
0.0007009179999997173 1
0.0007009179999997173 0
0.0007009479999995349 1
0.0007009479999995349 0
0.0007009779999993526 1
0.0007010379999998761 0
0.0007011260000000519 1
0.000701158000000035 0
0.0007017390000001456 1
0.0007017390000001456 0
0.0007020629999994199 1
0.0007020629999994199 0
0.0007022439999992969 1
0.0007022439999992969 0
0.0007029439999994835 1
0.0007029439999994835 0
0.0007032589999997896 1
0.0007032589999997896 0
0.0007034509999996885 1
0.0007034509999996885 0
0.0007039399999992924 1
0.0007039399999992924 0
0.0007041609999998144 1
0.0007041609999998144 0
0.0007042869999995816 1
0.0007042869999995816 0
0.0007043559999999616 1
0.0007043559999999616 0
0.0007045859999994519 1
0.0007045859999994519 0
0.0007046590000001629 1
0.0007046590000001629 0
0.000704824999999687 1
0.000704824999999687 0
0.000704959000000116 1
0.000704959000000116 0
0.0007052839999994731 1
0.0007052839999994731 0
0.0007053529999998531 1
0.0007053529999998531 0
0.0007068389999993485 1
0.0007068389999993485 0
0.0007068690000000544 1
0.0007068690000000544 0
0.0007074109999996026 1
0.0007074109999996026 0
0.0007074939999993646 1
0.0007074939999993646 0
0.0007075849999997885 1
0.0007075849999997885 0
0.0007076509999999203 1
0.0007076509999999203 0
0.000707854999999924 1
0.000707854999999924 0
0.0007078969999998463 1
0.0007078969999998463 0
0.0007084109999997423 1
0.0007084109999997423 0
0.0007085089999998573 1
0.0007085089999998573 0
0.0007086239999996025 1
0.0007086239999996025 0
0.0007088519999998155 1
0.0007088519999998155 0
0.0007089090000000908 1
0.0007089090000000908 0
0.0007096409999993725 1
0.0007096409999993725 0
0.0007096710000000783 1
0.0007096710000000783 0
0.0007099569999997613 1
0.0007099569999997613 0
0.0007107189999997487 1
0.0007107189999997487 0
0.0007107509999997319 1
0.0007107509999997319 0
0.0007109669999998403 1
0.0007109669999998403 0
0.0007115810000000167 1
0.0007115810000000167 0
0.0007121070000000174 1
0.0007121070000000174 0
0.0007122480000001374 1
0.0007122480000001374 0
0.0007124149999997442 1
0.0007124149999997442 0
0.0007136469999995398 1
0.0007136469999995398 0
0.0007141449999998883 1
0.0007141449999998883 0
0.0007142919999996167 1
0.0007142919999996167 0
0.0007149129999994841 1
0.0007149129999994841 0
0.0007154809999994072 1
0.0007154809999994072 0
0.000715511000000113 1
0.000715511000000113 0
0.0007155899999995441 1
0.0007156009999995661 0
0.00071589099999958 1
0.00071589099999958 0
0.0007163779999999065 1
0.0007163779999999065 0
0.0007164230000000771 1
0.0007164230000000771 0
0.0007165429999993478 1
0.0007165429999993478 0
0.0007168279999998362 1
0.0007168279999998362 0
0.0007174819999997695 1
0.0007174819999997695 0
0.0007180389999996706 1
0.0007180389999996706 0
0.0007182050000000828 1
0.0007182050000000828 0
0.0007182829999994311 1
0.0007182829999994311 0
0.000718313000000137 1
0.0007183249999993535 0
0.0007184349999995732 1
0.0007184449999995124 0
0.000718485999999352 1
0.0007185649999996713 0
0.000718822999999702 1
0.000718822999999702 0
0.0007188579999999334 1
0.0007188579999999334 0
0.0007193229999993278 1
0.0007193229999993278 0
0.0007194390000000439 1
0.0007194390000000439 0
0.0007202059999995569 1
0.0007202059999995569 0
0.0007204309999995218 1
0.0007204309999995218 0
0.0007205149999993665 1
0.0007205149999993665 0
0.0007205450000000724 1
0.0007205509999996806 0
0.0007207019999997399 1
0.0007207019999997399 0
0.0007213820000000482 1
0.0007213820000000482 0
0.0007214479999992918 1
0.0007214479999992918 0
0.000721953999999414 1
0.000721953999999414 0
0.0007219840000001199 1
0.0007219840000001199 0
0.0007222649999993891 1
0.0007222649999993891 0
0.0007223349999998518 1
0.0007223349999998518 0
0.0007224240000001103 1
0.0007224240000001103 0
0.0007229519999993883 1
0.0007229519999993883 0
0.0007230729999996299 1
0.0007230729999996299 0
0.0007232799999998818 1
0.0007232799999998818 0
0.0007234330000001066 1
0.0007234330000001066 0
0.0007241969999993714 1
0.0007241969999993714 0
0.0007242779999998561 1
0.0007242779999998561 0
0.000724324999999304 1
0.000724324999999304 0
0.0007249709999994636 1
0.0007249709999994636 0
0.0007250009999992812 1
0.0007250009999992812 0
0.000725140000000124 1
0.000725140000000124 0
0.0007252309999996598 1
0.0007252309999996598 0
0.0007254400000000771 1
0.0007254400000000771 0
0.0007254699999998948 1
0.0007254699999998948 0
0.0007257229999995118 1
0.0007257229999995118 0
0.0007258319999996488 1
0.0007258319999996488 0
0.0007263369999996883 1
0.0007263369999996883 0
0.0007264889999998303 1
0.0007264889999998303 0
0.000726518999999648 1
0.000726518999999648 0
0.0007266909999996685 1
0.0007266909999996685 0
0.0007268069999994964 1
0.0007268069999994964 0
0.000727173999999664 1
0.000727173999999664 0
0.0007276279999999247 1
0.0007276279999999247 0
0.0007279639999993037 1
0.0007279639999993037 0
0.0007283070000001501 1
0.0007283070000001501 0
0.0007286119999996288 1
0.0007286119999996288 0
0.0007288889999994552 1
0.0007288889999994552 0
0.0007289579999998352 1
0.0007289579999998352 0
0.0007289879999996529 1
0.0007290089999996141 0
0.0007295840000001164 1
0.0007295840000001164 0
0.0007297199999998227 1
0.0007297199999998227 0
0.0007297619999997451 1
0.0007297619999997451 0
0.0007298300000000424 1
0.0007298399999999816 0
0.0007298620000000255 1
0.0007299329999996829 2
0.0007299600000001405 1
0.000730069999999472 2
0.0007300799999994112 1
0.0007301999999995701 0
0.0007306289999995386 1
0.0007306289999995386 0
0.0007308659999996081 1
0.0007308659999996081 0
0.0007310099999999764 1
0.0007310099999999764 0
0.0007310399999997941 1
0.0007310399999997941 0
0.0007311389999999918 1
0.0007311389999999918 0
0.0007312559999999024 1
0.0007312559999999024 0
0.0007318629999994997 1
0.0007318629999994997 0
0.0007324610000001286 1
0.0007324610000001286 0
0.0007326199999999616 1
0.0007326199999999616 0
0.0007329659999992799 1
0.0007329659999992799 0
0.0007331659999998408 1
0.0007331659999998408 0
0.0007332919999996079 1
0.0007332919999996079 0
0.0007335440000000304 1
0.0007335440000000304 0
0.0007335739999998481 1
0.0007335739999998481 0
0.000734616999999993 1
0.000734616999999993 0
0.0007346869999995675 1
0.0007346869999995675 0
0.0007347589999993076 1
0.0007347589999993076 0
0.0007349819999999951 1
0.0007349819999999951 0
0.0007351660000001203 1
0.0007351660000001203 0
0.0007353169999992915 1
0.0007353169999992915 0
0.000735539999999979 1
0.000735539999999979 0
0.000735861999999976 1
0.000735861999999976 0
0.0007360279999995001 1
0.0007360279999995001 0
0.0007368989999996245 1
0.0007368989999996245 0
0.0007370929999996889 1
0.0007370929999996889 0
0.0007374019999994985 1
0.0007374019999994985 0
0.0007376550000000037 1
0.0007376550000000037 0
0.0007377889999995446 1
0.0007377889999995446 0
0.0007378189999993623 1
0.0007378189999993623 0
0.0007380229999993659 1
0.0007380229999993659 0
0.0007380530000000718 1
0.0007380530000000718 0
0.0007381869999996127 1
0.0007381869999996127 0
0.0007384359999997869 1
0.0007384359999997869 0
0.0007384729999992956 1
0.0007384729999992956 0
0.000738757999999784 1
0.000738757999999784 0
0.0007387879999996017 1
0.0007387879999996017 0
0.0007389650000000358 1
0.0007389650000000358 0
0.0007395880000000687 1
0.0007395880000000687 0
0.0007397669999997802 1
0.0007397669999997802 0
0.0007400369999999157 1
0.0007400369999999157 0
0.0007402379999996711 1
0.0007402379999996711 0
0.0007405509999998117 1
0.0007405509999998117 0
0.000741012999999846 1
0.000741012999999846 0
0.0007413319999995949 1
0.0007413319999995949 0
0.000741544999999455 1
0.000741544999999455 0
0.0007416539999995919 1
0.0007416539999995919 0
0.0007420129999999858 1
0.0007420129999999858 0
0.0007420599999994337 1
0.0007420599999994337 0
0.000742536999999821 1
0.000742536999999821 0
0.0007431100000001578 1
0.0007431100000001578 0
0.000743155999999523 1
0.000743155999999523 0
0.0007431859999993407 1
0.0007432299999994285 0
0.0007433849999998188 1
0.0007433849999998188 0
0.0007434469999996196 1
0.0007434699999997463 0
0.0007435590000000047 1
0.0007435899999999052 0
0.0007441879999996459 1
0.0007441879999996459 0
0.0007442279999994028 1
0.0007442279999994028 0
0.0007442690000001306 1
0.0007443079999998048 0
0.0007443330000000969 1
0.0007444279999999637 0
0.0007444410000001511 1
0.0007445480000001226 0
0.0007445590000001445 1
0.0007445590000001445 0
0.0007447999999996568 1
0.0007447999999996568 0
0.0007448439999997447 1
0.0007448439999997447 0
0.0007450269999997872 1
0.0007450269999997872 0
0.0007450569999996048 1
0.0007450569999996048 0
0.0007453979999993976 1
0.0007453979999993976 0
0.0007455869999999365 1
0.0007455869999999365 0
0.000745747999999935 1
0.000745747999999935 0
0.0007457779999997527 1
0.0007457779999997527 0
0.0007460710000000148 1
0.0007460710000000148 0
0.0007463429999994275 1
0.0007463429999994275 0
0.0007466259999997504 1
0.0007466259999997504 0
0.0007466559999995681 1
0.0007466559999995681 0
0.000746949999999913 1
0.000746949999999913 0
0.0007470810000000938 1
0.0007470810000000938 0
0.0007470839999994539 1
0.0007470839999994539 0
0.0007471240000000989 1
0.0007472009999993645 0
0.0007473369999999591 1
0.0007473369999999591 0
0.0007473669999997767 1
0.0007474409999996823 0
0.0007474429999998478 1
0.0007475609999998412 0
0.0007478379999996676 1
0.0007478379999996676 0
0.000748386999999795 1
0.000748386999999795 0
0.000748802999999576 1
0.000748802999999576 0
0.0007489669999998227 1
0.0007489669999998227 0
0.0007492390000001237 1
0.0007492390000001237 0
0.0007494489999997356 1
0.0007494489999997356 0
0.0007496069999994859 1
0.0007496069999994859 0
0.0007497689999995671 1
0.0007497689999995671 0
0.0007498969999994998 1
0.0007498969999994998 0
0.00074998000000015 1
0.00074998000000015 0
0.0007500199999999069 1
0.0007500199999999069 0
0.0007501769999995744 1
0.0007501769999995744 0
0.000750232999999767 1
0.0007502569999999764 0
0.0007506569999993218 1
0.0007506569999993218 0
0.0007515159999993415 1
0.0007515159999993415 0
0.00075174599999972 1
0.00075174599999972 0
0.0007518629999996307 1
0.0007518629999996307 0
0.0007519010000001103 1
0.0007519010000001103 0
0.0007521349999999316 1
0.0007521349999999316 0
0.0007522440000000685 1
0.0007522440000000685 0
0.0007524260000000282 1
0.0007524260000000282 0
0.0007528759999999579 1
0.0007528759999999579 0
0.0007529159999997148 1
0.0007529159999997148 0
0.0007530729999993824 1
0.0007530729999993824 0
0.0007531289999995749 1
0.0007531289999995749 0
0.0007535079999998473 1
0.0007535079999998473 0
0.0007537370000001431 1
0.0007537370000001431 0
0.0007538120000001314 1
0.0007538120000001314 0
0.0007542669999995866 1
0.0007542669999995866 0
0.0007543329999997184 1
0.0007543329999997184 0
0.000754717999999599 1
0.000754717999999599 0
0.0007547589999994386 1
0.0007547589999994386 0
0.0007550309999997395 1
0.0007550309999997395 0
0.0007555269999999226 1
0.0007555269999999226 0
0.0007556629999996289 1
0.0007556629999996289 0
0.0007558119999995228 1
0.0007558119999995228 0
0.0007559429999997036 1
0.0007559429999997036 0
0.0007559729999995213 1
0.0007559729999995213 0
0.0007560249999993829 1
0.0007560629999998625 0
0.0007563919999995505 1
0.0007563919999995505 0
0.0007565139999998749 1
0.0007565139999998749 0
0.0007565710000001502 1
0.0007565710000001502 0
0.0007566359999993111 1
0.0007566359999993111 0
0.0007569429999998434 1
0.0007569429999998434 0
0.000757262999999675 1
0.000757262999999675 0
0.000757323999999393 1
0.000757323999999393 0
0.0007573650000001209 1
0.0007573829999998338 0
0.000757589000000003 1
0.000757589000000003 0
0.0007576550000001347 1
0.0007576550000001347 0
0.0007577819999999846 1
0.0007577819999999846 0
0.0007579269999995475 1
0.0007579269999995475 0
0.0007580459999996236 1
0.0007580459999996236 0
0.0007584339999997525 1
0.0007584339999997525 0
0.0007585789999993153 1
0.0007585789999993153 0
0.0007587079999993307 1
0.0007587079999993307 0
0.0007588649999998864 1
0.0007588649999998864 0
0.000758921000000079 1
0.000758921000000079 0
0.0007589509999998967 1
0.0007589850000000453 0
0.0007599090000001141 1
0.0007599090000001141 0
0.0007601929999996315 1
0.0007601929999996315 0
0.0007603329999996689 1
0.0007603329999996689 0
0.0007603899999999442 1
0.0007603899999999442 0
0.000760516999999794 1
0.000760516999999794 0
0.0007605509999999427 1
0.0007605729999999866 0
0.0007605809999997604 1
0.0007606930000001455 0
0.0007608229999993554 1
0.0007608229999993554 0
0.000761222999999589 1
0.000761222999999589 0
0.0007614409999998628 1
0.0007614409999998628 0
0.0007616549999998057 1
0.0007616549999998057 0
0.0007616849999996234 1
0.0007616849999996234 0
0.0007617609999996944 1
0.0007617749999999646 0
0.0007618169999998869 1
0.0007618950000001234 0
0.0007624479999996936 1
0.0007624479999996936 0
0.0007633729999998451 1
0.0007633729999998451 0
0.0007634469999997506 1
0.0007634469999997506 0
0.0007637190000000516 1
0.0007637190000000516 0
0.0007637489999998692 1
0.0007637489999998692 0
0.0007637789999996869 1
0.0007638389999993223 0
0.0007640119999994255 1
0.0007640119999994255 0
0.0007641419999995236 1
0.0007641419999995236 0
0.0007644659999996861 1
0.0007644659999996861 0
0.0007646569999995023 1
0.0007646569999995023 0
0.0007647129999996949 1
0.0007647129999996949 0
0.0007647429999995126 1
0.0007647769999996612 0
0.0007654929999993954 1
0.0007654929999993954 0
0.0007657779999998837 1
0.0007657779999998837 0
0.000765917999999921 1
0.000765917999999921 0
0.0007661699999994553 1
0.0007661699999994553 0
0.0007662649999993221 1
0.0007662649999993221 0
0.0007663429999995586 1
0.0007663429999995586 0
0.0007663729999993762 1
0.0007664099999997731 0
0.0007664289999995688 1
0.000766529999999932 0
0.000766543999999314 1
0.0007666149999998595 2
0.0007666449999996772 3
0.0007666500000000909 2
0.0007666749999994948 3
0.0007667699999993616 2
0.0007668899999995205 1
0.0007670099999996793 0
0.0007672689999997928 1
0.0007672689999997928 0
0.0007675529999993103 1
0.0007675529999993103 0
0.0007676089999995028 1
0.0007676089999995028 0
0.0007676399999994032 1
0.0007676729999994691 0
0.0007680369999993886 1
0.0007680369999993886 0
0.0007682939999993366 1
0.0007682939999993366 0
0.0007686739999996917 1
0.0007686739999996917 0
0.0007690289999997546 1
0.0007690289999997546 0
0.0007692389999993665 1
0.0007692389999993665 0
0.0007693399999997297 1
0.0007693399999997297 0
0.0007693479999995034 1
0.0007693589999995254 0
0.0007695370000000423 1
0.0007695370000000423 0
0.0007701380000000313 1
0.0007701380000000313 0
0.0007704490000000064 1
0.0007704490000000064 0
0.0007705049999993108 1
0.0007705049999993108 0
0.0007710759999994821 1
0.0007710759999994821 0
0.0007711319999996746 1
0.0007711319999996746 0
0.0007711619999994923 1
0.00077119199999931 2
0.000771195999999641 1
0.0007713159999997998 0
0.000771419999999523 1
0.0007714359999999587 0
0.0007717299999994154 1
0.0007717299999994154 0
0.0007721350000000626 1
0.0007721350000000626 0
0.0007724329999998503 1
0.0007724329999998503 0
0.0007725760000001358 1
0.0007725760000001358 0
0.0007727370000001343 1
0.0007727370000001343 0
0.0007733160000000794 1
0.0007733160000000794 0
0.0007733459999998971 1
0.0007733459999998971 0
0.0007734010000000069 1
0.0007734309999998246 2
0.0007734359999993501 1
0.0007734609999996422 2
0.0007734909999994599 3
0.000773555999999509 2
0.0007736009999996796 3
0.0007736309999994972 4
0.0007736759999996679 3
0.0007737959999998267 2
0.000773866999999484 3
0.0007739159999999856 2
0.0007740360000001445 1
0.0007741559999994152 0
0.0007742720000001313 1
0.0007742759999995741 0
0.0007743129999999709 1
0.000774395999999733 0
0.0007744339999993244 1
0.0007745159999998918 0
0.0007745759999995272 1
0.0007746360000000507 0
0.0007749179999994027 1
0.0007749179999994027 0
0.0007750309999998706 1
0.0007750309999998706 0
0.0007753289999996582 1
0.0007753289999996582 0
0.0007758739999994546 1
0.0007758739999994546 0
0.0007759979999999445 1
0.0007759979999999445 0
0.0007762409999996223 1
0.0007762409999996223 0
0.0007762969999998148 1
0.0007762969999998148 0
0.0007763849999999906 1
0.0007763849999999906 0
0.0007764149999998082 1
0.00077648099999994 0
0.0007769779999993176 1
0.0007769779999993176 0
0.0007771139999999122 1
0.0007771139999999122 0
0.0007772059999995307 1
0.0007772059999995307 0
0.0007772359999993483 1
0.0007772359999993483 0
0.0007772660000000542 1
0.0007772959999998719 2
0.0007773539999993417 1
0.0007774739999995006 0
0.0007779269999996785 1
0.0007779269999996785 0
0.0007779569999994962 1
0.0007779569999994962 0
0.0007781260000001566 1
0.0007781260000001566 0
0.0007782249999994661 1
0.0007782249999994661 0
0.000778834000000117 1
0.000778834000000117 0
0.0007790739999995466 1
0.0007790739999995466 0
0.0007791369999994302 1
0.0007791369999994302 0
0.0007791729999997443 1
0.0007791939999997055 0
0.000779202999999562 1
0.0007792329999993797 2
0.0007792630000000855 3
0.0007792929999999032 4
0.0007793139999998644 3
0.0007794340000000233 2
0.0007795369999996637 3
0.000779553999999294 2
0.0007796739999994529 1
0.0007797939999996117 0
0.0007799639999994668 1
0.0007799639999994668 0
0.0007801049999995868 1
0.0007801049999995868 0
0.0007801829999998233 1
0.0007801829999998233 0
0.0007802909999998775 1
0.0007802909999998775 0
0.0007804750000000027 1
0.0007804750000000027 0
0.0007805610000000129 1
0.0007805610000000129 0
0.0007808229999994865 1
0.0007808229999994865 0
0.0007808630000001315 1
0.0007808630000001315 0
0.0007810619999997215 1
0.0007810619999997215 0
0.0007811210000001623 1
0.0007811210000001623 0
0.0007813299999996914 1
0.0007813299999996914 0
0.0007820330000001263 1
0.0007820330000001263 0
0.0007820889999994307 1
0.0007820889999994307 0
0.0007821549999995625 1
0.0007821549999995625 0
0.0007822739999996386 1
0.0007822739999996386 0
0.0007825989999998839 1
0.0007825989999998839 0
0.0007830009999993948 1
0.0007830009999993948 0
0.0007830789999996313 1
0.0007830789999996313 0
0.0007832099999998121 1
0.0007832099999998121 0
0.0007834299999993632 1
0.0007834299999993632 0
0.0007834600000000691 1
0.0007834600000000691 0
0.000783499999999826 1
0.0007835499999995221 0
0.0007836449999993889 1
0.000783669999999681 0
0.0007837189999992944 1
0.0007837899999998399 0
0.0007840169999999702 1
0.0007840169999999702 0
0.0007842079999997864 1
0.0007842079999997864 0
0.0007843799999998069 1
0.0007843799999998069 0
0.0007845029999993258 1
0.0007845029999993258 0
0.000784686999999451 1
0.000784686999999451 0
0.0007847639999996048 1
0.0007847639999996048 0
0.0007848839999997637 1
0.0007848839999997637 0
0.0007849289999999343 1
0.0007849289999999343 0
0.0007849850000001268 1
0.0007850469999999277 0
0.0007850509999993704 1
0.0007851670000000865 0
0.000785718999999574 1
0.000785718999999574 0
0.0007858970000000909 1
0.0007858970000000909 0
0.0007859749999994392 1
0.0007859749999994392 0
0.0007860239999999408 1
0.0007860239999999408 0
0.0007863729999995073 1
0.0007863729999995073 0
0.0007866149999999905 1
0.0007866149999999905 0
0.0007867149999993828 1
0.0007867149999993828 0
0.0007868149999996632 1
0.0007868149999996632 0
0.0007869129999997782 1
0.0007869129999997782 0
0.0007874689999995965 1
0.0007874689999995965 0
0.0007876079999995511 1
0.0007876079999995511 0
0.0007876759999998484 1
0.0007876759999998484 0
0.0007878209999994112 1
0.0007878209999994112 0
0.0007878809999999348 1
0.0007878809999999348 0
0.0007879470000000666 1
0.0007879470000000666 0
0.0007886249999993211 1
0.0007886249999993211 0
0.0007887079999999713 1
0.0007887079999999713 0
0.0007887929999998988 1
0.0007887929999998988 0
0.0007888710000001353 1
0.0007888710000001353 0
0.0007894229999996227 1
0.0007894229999996227 0
0.0007895109999997985 1
0.0007895109999997985 0
0.0007895409999996161 1
0.0007895429999997816 0
0.0007897109999994711 1
0.0007897109999994711 0
0.0007897599999999727 1
0.0007897830000000994 0
0.0007898089999995861 1
0.0007898389999994038 2
0.0007899029999993701 1
0.000790022999999529 0
0.0007901590000001235 1
0.0007901590000001235 0
0.0007905719999996563 1
0.0007905719999996563 0
0.0007906139999995787 1
0.0007906139999995787 0
0.0007907679999998862 1
0.0007907679999998862 0
0.0007908429999998745 1
0.0007908429999998745 0
0.0007909219999993056 1
0.0007909219999993056 0
0.0007910199999994205 1
0.0007910199999994205 0
0.000791517999999769 1
0.000791517999999769 0
0.0007915210000000172 1
0.0007915210000000172 0
0.00079159399999984 1
0.0007916379999999279 0
0.0007917669999999433 1
0.0007917669999999433 0
0.0007921679999993714 1
0.0007921679999993714 0
0.0007921980000000772 1
0.0007921980000000772 0
0.0007923519999994966 1
0.0007923519999994966 0
0.0007924069999996064 1
0.0007924079999996891 0
0.0007924369999994241 1
0.000792527999999848 0
0.0007925630000000794 1
0.0007926070000001673 2
0.0007926480000000069 1
0.0007926490000000896 2
0.000792704999999394 3
0.0007927680000001658 2
0.0007928879999994365 1
0.0007930079999995954 0
0.0007934679999994643 1
0.0007934679999994643 0
0.0007936480000001467 1
0.0007936480000001467 0
0.0007937389999996824 1
0.0007937389999996824 0
0.0007939119999997857 1
0.0007939119999997857 0
0.0007939489999992944 1
0.0007939489999992944 0
0.0007941439999994415 1
0.0007941439999994415 0
0.0007945280000001276 1
0.0007945280000001276 0
0.0007946629999997512 1
0.0007946629999997512 0
0.0007948019999997058 1
0.0007948019999997058 0
0.0007949329999998866 1
0.0007949329999998866 0
0.0007950860000001114 1
0.0007950860000001114 0
0.0007951999999997739 1
0.0007951999999997739 0
0.0007953279999997065 1
0.0007953279999997065 0
0.0007955029999999752 1
0.0007955029999999752 0
0.0007956010000000902 1
0.0007956010000000902 0
0.0007963640000001604 1
0.0007963640000001604 0
0.0007966349999994904 1
0.0007966349999994904 0
0.0007967290000001626 1
0.0007967290000001626 0
0.0007967610000001457 1
0.0007967610000001457 0
0.0007970519999993542 1
0.0007970519999993542 0
0.0007972679999994625 1
0.0007972679999994625 0
0.0007972999999994457 1
0.0007972999999994457 0
0.0007973899999997869 1
0.0007973899999997869 0
0.0007975589999995591 1
0.0007975589999995591 0
0.0007977040000000102 1
0.0007977040000000102 0
0.0007982239999995144 1
0.0007982239999995144 0
0.0007983989999997831 1
0.0007983989999997831 0
0.0007984969999998981 1
0.0007984969999998981 0
0.0007987299999996367 1
0.0007987299999996367 0
0.0007988279999997516 1
0.0007988279999997516 0
0.0007990909999993079 1
0.0007990909999993079 0
0.0007991299999998702 1
0.0007991299999998702 0
0.000799220999999406 1
0.000799220999999406 0
0.0007992599999999683 1
0.0007993309999996256 0
0.0007995309999992983 1
0.0007995309999992983 0
0.0007998389999999134 1
0.0007998389999999134 0
0.0008001640000001586 1
0.0008001640000001586 0
0.0008004549999993671 1
0.0008004549999993671 0
0.0008005720000001659 1
0.0008005720000001659 0
0.0008008999999997712 1
0.0008008999999997712 0
0.0008010949999999184 1
0.0008010949999999184 0
0.0008011249999997361 1
0.0008011249999997361 0
0.0008012459999999777 1
0.0008012459999999777 0
0.0008012949999995911 1
0.000801334999999348 0
0.000801392999999706 1
0.0008014549999995069 0
0.0008014589999998378 1
0.0008014999999996775 2
0.0008015749999996657 1
0.0008016450000001285 2
0.0008016949999998246 1
0.0008018149999999835 0
0.0008021559999997763 1
0.0008021559999997763 0
0.0008022719999996042 1
0.0008022719999996042 0
0.0008024269999999945 1
0.0008024269999999945 0
0.0008025089999996737 1
0.0008025089999996737 0
0.0008025549999999271 1
0.0008025549999999271 0
0.0008028030000000186 1
0.0008028030000000186 0
0.0008029879999993383 1
0.0008029879999993383 0
0.0008030599999999666 1
0.0008030599999999666 0
0.0008033510000000632 1
0.0008033510000000632 0
0.0008035909999994928 1
0.0008035909999994928 0
0.0008037419999995521 1
0.0008037419999995521 0
0.0008038139999992922 1
0.0008038139999992922 0
0.000803843999999998 1
0.000803861999999711 0
0.0008040160000000185 1
0.0008040160000000185 0
0.0008040719999993229 1
0.0008041020000000287 0
0.000804190999999399 1
0.0008042219999992994 0
0.0008043729999993587 1
0.0008043729999993587 0
0.0008050199999996011 1
0.0008050199999996011 0
0.0008050519999995842 1
0.0008050519999995842 0
0.0008052419999993177 1
0.0008052419999993177 0
0.0008053229999998024 1
0.0008053229999998024 0
0.0008054629999998397 1
0.0008054629999998397 0
0.0008059270000000396 1
0.0008059270000000396 0
0.0008059569999998573 1
0.0008059569999998573 0
0.0008062469999998712 1
0.0008062469999998712 0
0.0008069119999998264 1
0.0008069119999998264 0
0.0008070870000000951 1
0.0008070870000000951 0
0.0008072789999999941 1
0.0008072789999999941 0
0.0008074740000001412 1
0.0008074740000001412 0
0.0008075039999999589 1
0.0008075039999999589 0
0.0008075429999996331 1
0.000807593999999412 0
0.0008079479999993922 1
0.0008079479999993922 0
0.0008082189999996103 1
0.0008082189999996103 0
0.0008083049999996206 1
0.0008083049999996206 0
0.0008088189999995166 1
0.0008088189999995166 0
0.0008088519999995825 1
0.0008088519999995825 0
0.0008089319999999844 1
0.0008089389999996754 0
0.0008090439999994814 1
0.0008090589999998343 0
0.0008091429999996791 1
0.0008091779999999105 2
0.0008091789999999932 1
0.0008092079999997281 2
0.0008092990000001521 1
0.0008093209999993078 2
0.0008094189999994228 1
0.0008095389999995817 0
0.000809606999999879 1
0.0008096100000001272 2
0.0008096479999997186 3
0.0008096589999997406 2
0.0008097789999998994 1
0.0008098990000000583 0
0.0008099039999995838 1
0.0008099100000000803 0
0.0008099829999999031 1
0.000810029999999351 0
0.0008102430000000993 1
0.0008102430000000993 0
0.0008108440000000883 1
0.0008108440000000883 0
0.000810873999999906 1
0.000810873999999906 0
0.0008111149999994183 1
0.0008111149999994183 0
0.0008114579999993765 1
0.0008114579999993765 0
0.0008114880000000824 1
0.0008114880000000824 0
0.0008116939999993633 1
0.0008116939999993633 0
0.0008117240000000692 1
0.0008117240000000692 0
0.0008117539999998868 1
0.0008117839999997045 2
0.0008118179999998532 1
0.0008118279999997924 2
0.000811938000000012 1
0.000812038999999487 2
0.0008120579999992827 1
0.0008121750000000816 2
0.0008121779999994416 1
0.0008122359999997997 2
0.0008122979999996005 1
0.0008124179999997594 0
0.000812878999999711 1
0.000812878999999711 0
0.000813399999999298 1
0.000813399999999298 0
0.0008137399999998962 1
0.0008137399999998962 0
0.00081388899999979 1
0.00081388899999979 0
0.0008140110000001144 1
0.0008140110000001144 0
0.000814062999999976 1
0.000814062999999976 0
0.0008146440000000865 1
0.0008146440000000865 0
0.0008147139999996611 1
0.0008147139999996611 0
0.0008147439999994788 1
0.0008147639999993572 0
0.000814934999999295 1
0.000814934999999295 0
0.0008151270000000821 1
0.0008151270000000821 0
0.0008151989999998221 1
0.0008151989999998221 0
0.0008156899999995915 1
0.0008156899999995915 0
0.000815774999999519 1
0.000815774999999519 0
0.000816089999999825 1
0.000816089999999825 0
0.0008165020000001633 1
0.0008165020000001633 0
0.0008166119999994947 1
0.0008166119999994947 0
0.0008166419999993124 1
0.0008166419999993124 0
0.0008169069999999223 1
0.0008169069999999223 0
0.00081693699999974 1
0.00081693699999974 0
0.0008169669999995577 1
0.000817023999999833 2
0.0008170270000000812 1
0.0008171469999993519 0
0.0008173179999992897 1
0.0008173179999992897 0
0.0008175399999998945 1
0.0008175399999998945 0
0.0008175939999999216 1
0.0008175939999999216 0
0.0008176239999997392 1
0.0008176600000000533 0
0.0008178309999999911 1
0.0008178309999999911 0
0.0008178609999998088 1
0.0008178999999994829 0
0.0008179080000001449 1
0.0008180169999993936 2
0.0008180199999996418 1
0.0008180470000000994 2
0.0008180769999999171 3
0.0008181199999999222 4
0.0008181399999998007 3
0.0008182429999994412 4
0.0008182599999999596 3
0.0008183800000001185 2
0.0008184999999993892 1
0.000818619999999548 0
0.0008186709999993269 1
0.0008187399999997069 0
0.0008190009999999859 1
0.0008190009999999859 0
0.0008190990000001008 1
0.0008190990000001008 0
0.0008191439999993833 1
0.0008191439999993833 0
0.0008192959999995253 1
0.0008192959999995253 0
0.0008195319999995121 1
0.0008195319999995121 0
0.0008196470000001455 1
0.0008196470000001455 0
0.0008198029999997303 1
0.0008198029999997303 0
0.0008202989999999133 1
0.0008202989999999133 0
0.0008203949999998628 1
0.0008203949999998628 0
0.0008204359999997024 1
0.0008204359999997024 0
0.000820726999999799 1
0.000820726999999799 0
0.000820918999999698 1
0.000820918999999698 0
0.0008212149999993201 1
0.0008212149999993201 0
0.000821567000000023 1
0.000821567000000023 0
0.0008216669999994153 1
0.0008216669999994153 0
0.0008219540000000691 1
0.0008219540000000691 0
0.0008221800000001167 1
0.0008221800000001167 0
0.0008223429999993925 1
0.0008223429999993925 0
0.00082242799999932 1
0.00082242799999932 0
0.0008226989999995382 1
0.0008226989999995382 0
0.0008227559999998135 1
0.0008227559999998135 0
0.0008227969999996532 1
0.0008228189999996971 0
0.0008229200000000603 1
0.000822938999999856 0
0.0008233319999995103 1
0.0008233319999995103 0
0.000823376999999681 1
0.000823376999999681 0
0.0008234069999994986 1
0.0008234519999996692 0
0.000823622999999607 1
0.000823622999999607 0
0.000823687999999656 1
0.000823691999999987 0
0.0008237629999996443 1
0.000823792999999462 2
0.0008238120000001459 1
0.0008238229999992797 2
0.0008239319999994166 1
0.0008240519999995755 0
0.0008241799999995081 1
0.0008241799999995081 0
0.0008242459999996399 1
0.0008242919999998932 0
0.000824469999999522 1
0.000824469999999522 0
0.0008245929999999291 1
0.0008245929999999291 0
0.0008246299999994378 1
0.0008246299999994378 0
0.0008248689999996728 1
0.0008248689999996728 0
0.0008249889999998317 1
0.0008249889999998317 0
0.0008250189999996493 1
0.0008250189999996493 0
0.0008250759999999246 1
0.0008251069999998251 2
0.0008251089999999905 1
0.0008252290000001494 0
0.0008253379999993982 1
0.0008253489999994201 0
0.0008255949999993462 1
0.0008255949999993462 0
0.0008256849999996874 1
0.0008256849999996874 0
0.0008262279999993183 1
0.0008262279999993183 0
0.0008265189999994149 1
0.0008265189999994149 0
0.0008265490000001208 1
0.0008265490000001208 0
0.0008266890000001581 1
0.0008266890000001581 0
0.0008267189999999758 1
0.0008267589999997327 0
0.0008270609999998513 1
0.0008270609999998513 0
0.0008279719999997326 1
0.0008279719999997326 0
0.0008280709999999303 1
0.0008280709999999303 0
0.0008283069999999171 1
0.0008283069999999171 0
0.0008284910000000423 1
0.0008284910000000423 0
0.0008286249999995832 1
0.0008286249999995832 0
0.0008287199999994499 1
0.0008287199999994499 0
0.0008289279999997845 1
0.0008289279999997845 0
0.0008289579999996022 1
0.0008289579999996022 0
0.000829012999999712 1
0.0008290429999995297 2
0.0008290479999999434 1
0.0008291240000000144 2
0.0008291680000001023 1
0.0008291979999999199 2
0.000829287999999373 1
0.0008294079999995319 0
0.00082960700000001 1
0.00082960700000001 0
0.0008301469999993927 1
0.0008301469999993927 0
0.0008302639999993033 1
0.0008302639999993033 0
0.0008306849999994981 1
0.0008306849999994981 0
0.0008308179999998444 1
0.0008308179999998444 0
0.0008308679999995405 1
0.0008308679999995405 0
0.0008308979999993582 1
0.0008309380000000033 0
0.0008309669999997382 1
0.0008310580000001622 0
0.0008313519999996188 1
0.0008313519999996188 0
0.0008313869999998502 1
0.0008313869999998502 0
0.0008315209999993911 1
0.0008315209999993911 0
0.0008316929999994116 1
0.0008316929999994116 0
0.0008320199999998223 1
0.0008320199999998223 0
0.000832474000000083 1
0.000832474000000083 0
0.0008325039999999007 1
0.0008325039999999007 0
0.0008326309999997505 1
0.0008326309999997505 0
0.0008326609999995682 1
0.0008327139999995126 0
0.0008330029999994437 1
0.0008330029999994437 0
0.0008334489999999306 1
0.0008334489999999306 0
0.0008335389999993836 1
0.0008335389999993836 0
0.0008336049999995154 1
0.0008336049999995154 0
0.0008337639999993485 1
0.0008337639999993485 0
0.0008338629999995462 1
0.0008338629999995462 0
0.0008338929999993638 1
0.000833928999999678 0
0.0008340019999995008 1
0.0008340489999998368 0
0.0008342829999996582 1
0.0008342829999996582 0
0.0008344170000000872 1
0.0008344170000000872 0
0.0008347390000000843 1
0.0008347390000000843 0
0.0008348680000000996 1
0.0008348680000000996 0
0.0008349159999996303 1
0.0008349159999996303 0
0.000835184999999683 1
0.000835184999999683 0
0.0008353989999996259 1
0.0008353989999996259 0
0.0008354699999992832 1
0.0008354699999992832 0
0.0008357759999997327 1
0.0008357759999997327 0
0.0008361319999998784 1
0.0008361319999998784 0
0.0008361780000001318 1
0.0008361780000001318 0
0.0008366419999994434 1
0.0008366419999994434 0
0.0008366720000001493 1
0.0008366720000001493 0
0.000836701999999967 1
0.0008367589999993541 2
0.0008367619999996023 1
0.0008367969999998337 2
0.0008368819999997612 1
0.0008370019999999201 0
0.0008371789999994661 1
0.0008371789999994661 0
0.0008372489999999289 1
0.0008372489999999289 0
0.0008373129999998952 1
0.0008373619999995086 0
0.0008374939999997721 1
0.0008374939999997721 0
0.0008375830000000306 1
0.0008376019999998263 0
0.0008377589999994939 1
0.0008377589999994939 0
0.0008377889999993116 1
0.0008378190000000174 2
0.0008378420000001441 1
0.0008379619999994148 0
0.0008381599999998102 1
0.0008381599999998102 0
0.0008382949999994338 1
0.0008382949999994338 0
0.000838637999999392 1
0.000838637999999392 0
0.0008387929999997823 1
0.0008387929999997823 0
0.0008389119999998584 1
0.0008389119999998584 0
0.0008390779999993825 1
0.0008390779999993825 0
0.0008392609999994249 1
0.0008392609999994249 0
0.0008395019999998254 1
0.0008395019999998254 0
0.0008395439999997478 1
0.0008395439999997478 0
0.0008395739999995655 1
0.0008396219999999843 0
0.0008396550000000502 1
0.0008397420000001432 0
0.0008399240000001029 1
0.0008399240000001029 0
0.0008400750000001622 1
0.0008400750000001622 0
0.0008401449999997368 1
0.0008401449999997368 0
0.0008402089999997031 1
0.0008402219999998906 0
0.0008407080000001343 1
0.0008407080000001343 0
0.000840737999999952 1
0.000840737999999952 0
0.0008410689999998056 1
0.0008410689999998056 0
0.0008411360000000201 1
0.0008411360000000201 0
0.0008411910000001299 1
0.0008411910000001299 0
0.0008412829999997484 1
0.0008413090000001233 0
0.0008413730000000896 1
0.000841428999999394 0
0.000841439999999416 1
0.0008415489999995529 0
0.0008417539999996393 1
0.0008417539999996393 0
0.000841917999999886 1
0.000841917999999886 0
0.0008419840000000178 1
0.0008419840000000178 0
0.0008421570000001211 1
0.0008421570000001211 0
0.0008424240000000083 1
0.0008424240000000083 0
0.000842453999999826 1
0.000842453999999826 0
0.0008424839999996436 1
0.0008425139999994613 2
0.0008425440000001672 1
0.0008425509999998582 2
0.0008426639999994379 1
0.0008427839999995967 0
0.0008429709999999702 1
0.0008429709999999702 0
0.000843104999999511 1
0.000843104999999511 0
0.0008436039999999423 1
0.0008436039999999423 0
0.0008440869999999379 1
0.0008440869999999379 0
0.0008441540000001524 1
0.0008441540000001524 0
0.0008443030000000462 1
0.0008443030000000462 0
0.000844375999999869 1
0.000844375999999869 0
0.0008446890000000096 1
0.0008446890000000096 0
0.000844813999999694 1
0.000844813999999694 0
0.0008448799999998258 1
0.0008448799999998258 0
0.000845052999999929 1
0.000845052999999929 0
0.0008452219999997013 1
0.0008452219999997013 0
0.0008453359999993637 1
0.0008453359999993637 0
0.0008453660000000696 1
0.0008453660000000696 0
0.0008453959999998872 1
0.0008454469999996661 2
0.000845462000000019 1
0.0008455370000000073 2
0.0008455819999992897 1
0.0008455879999997862 2
0.0008457019999994486 1
0.0008458219999996075 0
0.0008458669999997781 1
0.0008459419999997664 0
0.000846000999999319 1
0.0008460619999999253 0
0.0008462429999998022 1
0.0008462429999998022 0
0.0008463239999993988 1
0.0008463239999993988 0
0.000846326999999647 1
0.0008464219999995137 0
0.0008469669999993101 1
0.0008469669999993101 0
0.000846997000000016 1
0.000846997000000016 0
0.0008471529999996008 1
0.0008471529999996008 0
0.0008472870000000299 1
0.0008472870000000299 0
0.0008477759999996337 1
0.0008477759999996337 0
0.0008478130000000306 1
0.0008478130000000306 0
0.0008479489999997369 1
0.0008479489999997369 0
0.0008480269999999734 1
0.0008480269999999734 0
0.0008482320000000598 1
0.0008482320000000598 0
0.000848342999999474 1
0.000848342999999474 0
0.0008484419999996717 1
0.0008484419999996717 0
0.0008485259999995165 1
0.0008485259999995165 0
0.0008487109999997244 1
0.0008487109999997244 0
0.000848762999999586 1
0.000848762999999586 0
0.0008488619999997837 1
0.0008488619999997837 0
0.0008488919999996014 1
0.0008489219999994191 2
0.0008489520000001249 3
0.0008489520000001249 2
0.0008490719999993956 1
0.0008491919999995545 0
0.0008492899999996695 1
0.0008493119999997134 0
0.0008494780000001256 1
0.0008494780000001256 0
0.0008498789999995537 1
0.0008498789999995537 0
0.0008501829999998378 1
0.0008501829999998378 0
0.0008502129999996555 1
0.0008502129999996555 0
0.0008502759999995391 1
0.0008503029999999967 0
0.0008506719999994417 1
0.0008506719999994417 0
0.0008507089999998385 1
0.0008507089999998385 0
0.0008507589999995346 1
0.0008507919999996005 0
0.0008508449999995449 1
0.0008509119999997594 0
0.00085095699999993 1
0.0008510319999999183 0
0.0008511279999998678 1
0.0008511520000000772 0
0.000851238999999282 1
0.0008512719999993479 0
0.0008514329999993464 1
0.0008514329999993464 0
0.0008514420000000911 1
0.0008515119999996656 0
0.0008516069999995324 1
0.0008516319999998245 0
0.000851792999999823 1
0.000851792999999823 0
0.0008519419999997169 1
0.0008519419999997169 0
0.0008524529999993646 1
0.0008524529999993646 0
0.0008525580000000588 1
0.0008525580000000588 0
0.0008527169999998918 1
0.0008527169999998918 0
0.0008529719999996743 1
0.0008529719999996743 0
0.000853001999999492 1
0.000853001999999492 0
0.0008530789999996458 1
0.0008530919999998332 0
0.0008533939999999518 1
0.0008533939999999518 0
0.0008535680000001378 1
0.0008535680000001378 0
0.0008535979999999554 1
0.0008535979999999554 0
0.0008536279999997731 1
0.0008536579999995908 2
0.0008536879999994085 1
0.0008537409999993528 2
0.0008538079999995674 1
0.0008539279999997262 0
0.0008540239999996757 1
0.0008540479999998851 0
0.0008541349999999781 1
0.000854168000000044 0
0.0008543290000000425 1
0.0008543290000000425 0
0.0008544629999995834 1
0.0008544629999995834 0
0.0008545029999993403 1
0.0008545279999996325 0
0.0008546219999994165 1
0.0008546479999997914 0
0.000854688999999631 1
0.0008547679999999502 0
0.000855517999999833 1
0.000855517999999833 0
0.0008555569999995072 1
0.0008555569999995072 0
0.0008559749999994537 1
0.0008559749999994537 0
0.0008562459999996719 1
0.0008562459999996719 0
0.000856440999999819 1
0.000856440999999819 0
0.0008564709999996367 1
0.0008564709999996367 0
0.0008565009999994544 1
0.0008565609999999779 0
0.0008566370000000489 1
0.0008566669999998666 2
0.0008566810000001368 1
0.0008567779999992808 2
0.0008568009999994075 1
0.0008569199999994837 2
0.0008569209999995664 1
0.0008569499999993013 2
0.000857030999999786 3
0.0008570409999997253 2
0.0008571210000001273 3
0.0008571609999998842 2
0.0008572249999998505 3
0.000857281000000043 2
0.0008573990000000364 3
0.0008574009999993137 2
0.0008575209999994726 1
0.0008575849999994389 2
0.0008576409999996315 1
0.0008577609999997904 0
0.000857969000000125 1
0.000857969000000125 0
0.0008584529999993151 1
0.0008584529999993151 0
0.0008588710000001498 1
0.0008588710000001498 0
0.0008589299999997024 1
0.0008589299999997024 0
0.0008593599999997537 1
0.0008593599999997537 0
0.0008593970000001505 1
0.0008593970000001505 0
0.0008595329999998569 1
0.0008595329999998569 0
0.0008598159999992916 1
0.0008598159999992916 0
0.000859926999999594 1
0.000859926999999594 0
0.0008599819999997038 1
0.0008599819999997038 0
0.0008600169999999352 1
0.0008600469999997529 2
0.0008600559999996094 1
0.0008601199999995757 2
0.0008601499999993933 3
0.0008601759999997682 2
0.0008602770000001314 3
0.0008602959999999271 2
0.0008603069999999491 3
0.000860416000000086 2
0.0008604810000001351 3
0.0008605359999993567 2
0.0008606559999995156 1
0.0008607759999996745 0
0.0008607819999992827 1
0.0008608649999999329 2
0.0008608959999998334 1
0.0008610159999999922 0
0.0008612159999996649 1
0.0008612159999996649 0
0.0008612509999998963 1
0.0008612559999994218 0
0.0008613490000000112 1
0.0008613759999995807 0
0.0008617669999999578 1
0.0008617669999999578 0
0.0008620910000001203 1
0.0008620910000001203 0
0.0008622559999995616 1
0.0008622559999995616 0
0.0008622929999999585 1
0.0008622929999999585 0
0.0008624289999996648 1
0.0008624289999996648 0
0.0008627119999999877 1
0.0008627119999999877 0
0.0008628229999994019 1
0.0008628229999994019 0
0.0008628779999995118 1
0.0008628779999995118 0
0.0008629129999997431 1
0.0008629519999994173 0
0.0008630169999994663 1
0.0008630719999995762 0
0.0008630929999995374 1
0.0008631909999996523 2
0.0008631919999997351 1
0.0008632219999995527 2
0.0008633119999998939 1
0.0008633529999997336 2
0.0008633829999995513 3
0.0008634320000000528 2
0.0008634769999993352 3
0.0008635519999993235 2
0.0008636719999994824 1
0.0008637609999997409 2
0.0008637919999996413 1
0.0008639119999998002 0
0.000864154999999478 1
0.000864154999999478 0
0.0008641849999992957 1
0.0008641849999992957 0
0.0008642449999998192 1
0.0008642749999996369 0
0.0008646629999997657 1
0.0008646629999997657 0
0.0008651519999993695 1
0.0008651519999993695 0
0.0008651549999996178 1
0.0008651549999996178 0
0.0008651889999997664 1
0.0008652719999995284 0
0.0008656079999997957 1
0.0008656079999997957 0
0.000865719000000098 1
0.000865719000000098 0
0.0008657739999993197 1
0.0008657739999993197 0
0.0008658089999995511 1
0.0008658480000001134 0
0.0008659130000001625 1
0.0008659679999993841 0
0.0008660869999994603 1
0.000866087999999543 0
0.0008662729999997509 1
0.0008662729999997509 0
0.0008663029999995686 1
0.0008663279999998608 0
0.0008663730000000314 1
0.0008664480000000196 0
0.0008666569999995488 1
0.0008666569999995488 0
0.0008666869999993665 1
0.0008666879999994492 0
0.0008671409999996271 1
0.0008671409999996271 0
0.0008672979999992947 1
0.0008672979999992947 0
0.0008675589999995736 1
0.0008675589999995736 0
0.0008677139999999639 1
0.0008677139999999639 0
0.0008680480000000657 1
0.0008680480000000657 0
0.0008680849999995743 1
0.0008680849999995743 0
0.0008681230000000539 1
0.0008681679999993364 0
0.0008683969999996322 1
0.0008683969999996322 0
0.0008685039999996036 1
0.0008685039999996036 0
0.000868614999999906 1
0.000868614999999906 0
0.0008686449999997237 1
0.0008686479999999719 0
0.0008686749999995413 1
0.000868704999999359 2
0.0008687680000001308 1
0.0008688089999999704 2
0.0008688879999994015 1
0.0008689339999996548 2
0.0008689830000001564 3
0.0008689859999995164 4
0.0008690079999995604 3
0.0008691279999997192 2
0.0008692479999998781 1
0.0008692689999998393 2
0.000869368000000037 1
0.0008694879999993077 0
0.0008695529999993568 1
0.0008695529999993568 0
0.0008696029999999411 1
0.0008696189999994886 0
0.0008700369999994351 1
0.0008700369999994351 0
0.0008704549999993816 1
0.0008704549999993816 0
0.0008708559999996979 1
0.0008708559999996979 0
0.0008709439999998736 1
0.0008709439999998736 0
0.0008709809999993823 1
0.0008709809999993823 0
0.0008711789999997777 1
0.0008711789999997777 0
0.0008712659999998706 1
0.0008712659999998706 0
0.0008713999999994115 1
0.0008713999999994115 0
0.0008715109999997139 1
0.0008715109999997139 0
0.0008715659999998238 1
0.000871575999999763 0
0.0008716010000000551 1
0.0008716959999999219 0
0.0008717049999997784 1
0.0008718160000000807 0
0.0008718789999999643 1
0.0008719359999993515 0
0.0008721649999996473 1
0.0008721649999996473 0
0.0008724490000000529 1
0.0008724490000000529 0
0.000872498999999749 1
0.000872498999999749 0
0.0008729330000001312 1
0.0008729330000001312 0
0.0008733449999995813 1
0.0008733449999995813 0
0.0008733749999993989 1
0.0008733749999993989 0
0.0008738399999996815 1
0.0008738399999996815 0
0.0008738770000000784 1
0.0008738770000000784 0
0.0008740659999997291 1
0.0008740659999997291 0
0.0008741619999996786 1
0.0008741619999996786 0
0.0008742960000001077 1
0.0008742960000001077 0
0.0008743979999996654 1
0.0008743979999996654 0
0.0008744279999994831 1
0.0008744399999995878 0
0.0008744619999996317 1
0.0008744969999998631 2
0.0008745599999997467 1
0.0008746009999995863 2
0.0008746799999999055 1
0.0008747749999997723 2
0.0008748000000000644 1
0.0008749199999993351 0
0.0008750609999994552 1
0.0008750609999994552 0
0.0008753449999998608 1
0.0008753449999998608 0
0.0008753949999995569 1
0.0008753949999995569 0
0.0008758289999999391 1
0.0008758289999999391 0
0.0008758939999999882 1
0.0008758939999999882 0
0.0008761829999999193 1
0.0008761829999999193 0
0.0008762469999998856 1
0.0008762469999998856 0
0.0008767359999994895 1
0.0008767359999994895 0
0.0008767729999998863 1
0.0008767729999998863 0
0.000876802999999704 1
0.0008768559999996484 0
0.0008770579999994865 1
0.0008770579999994865 0
0.0008771919999999156 1
0.0008771919999999156 0
0.0008773029999993298 1
0.0008773029999993298 0
0.0008773579999994396 1
0.0008773579999994396 0
0.000877392999999671 1
0.0008774559999995546 0
0.0008774969999993942 1
0.0008775759999997135 0
0.0008776709999995802 1
0.0008776959999998724 0
0.0008779329999999419 1
0.0008779329999999419 0
0.0008779629999997596 1
0.0008779629999997596 0
0.0008779929999995773 1
0.0008780559999994608 0
0.0008781589999999895 1
0.0008781759999996197 0
0.0008782409999996688 1
0.0008782909999993649 2
0.0008782959999997786 1
0.0008784159999999375 0
0.0008784509999992807 1
0.0008785360000000964 0
0.000878653000000007 1
0.0008786559999993671 0
0.0008787249999997471 1
0.0008787759999995259 0
0.0008787919999999616 1
0.0008788959999996848 0
0.0008791429999996936 1
0.0008791429999996936 0
0.0008796319999992974 1
0.0008796319999992974 0
0.0008796689999996943 1
0.0008796689999996943 0
0.000879698999999512 1
0.0008797519999994563 0
0.0008799539999992945 1
0.0008799539999992945 0
0.0008800879999997235 1
0.0008800879999997235 0
0.0008801990000000259 1
0.0008801990000000259 0
0.0008802540000001358 1
0.0008802540000001358 0
0.000880288999999479 1
0.0008803519999993625 0
0.0008803930000000904 1
0.0008804719999995214 0
0.0008805669999993881 1
0.0008805919999996803 0
0.0008808529999999593 1
0.0008808529999999593 0
0.0008811369999994767 1
0.0008811369999994767 0
0.000881187000000061 1
0.000881187000000061 0
0.0008813339999997893 1
0.0008813339999997893 0
0.000881620999999555 1
0.000881620999999555 0
0.0008820389999995015 1
0.0008820389999995015 0
0.0008825279999999935 1
0.0008825279999999935 0
0.0008825649999995022 1
0.0008825649999995022 0
0.0008826529999996779 1
0.0008826529999996779 0
0.0008828499999999906 1
0.0008828499999999906 0
0.0008829839999995315 1
0.0008829839999995315 0
0.0008830949999998339 1
0.0008830949999998339 0
0.0008831499999999437 1
0.0008831499999999437 0
0.0008831849999992869 1
0.0008832480000000587 0
0.0008832509999994187 1
0.0008832889999998983 2
0.0008832920000001465 3
0.0008833219999999642 4
0.0008833679999993294 3
0.0008834879999994882 2
0.0008836079999996471 1
0.000883727999999806 0
0.0008837489999997672 1
0.0008837489999997672 0
0.0008840329999992846 1
0.0008840329999992846 0
0.000884082999999869 1
0.000884082999999869 0
0.000884516999999363 1
0.000884516999999363 0
0.0008847349999996368 1
0.0008847349999996368 0
0.0008849349999993095 1
0.0008849349999993095 0
0.0008851389999993131 1
0.0008851389999993131 0
0.0008852440000000072 1
0.0008852440000000072 0
0.0008854239999998015 1
0.0008854239999998015 0
0.0008856630000000365 1
0.0008856630000000365 0
0.0008857459999997985 1
0.0008857459999997985 0
0.0008857739999994507 1
0.0008857739999994507 0
0.0008858289999995606 1
0.0008858659999999574 0
0.0008860479999999171 1
0.0008860479999999171 0
0.000886080999999983 1
0.000886080999999983 0
0.0008861829999995408 1
0.0008861829999995408 0
0.0008862129999993584 1
0.0008862879999993467 0
0.0008866449999995751 1
0.0008866449999995751 0
0.0008867119999997897 1
0.0008867119999997897 0
0.0008868539999999925 1
0.0008868539999999925 0
0.0008869789999996769 1
0.0008869789999996769 0
0.0008872669999995253 1
0.0008872669999995253 0
0.0008874089999997281 1
0.0008874089999997281 0
0.0008874389999995458 1
0.0008874389999995458 0
0.0008874689999993635 1
0.000887528999999887 0
0.0008877289999995597 1
0.0008877289999995597 0
0.0008878310000000056 1
0.0008878310000000056 0
0.0008883199999996094 1
0.0008883199999996094 0
0.0008886419999996065 1
0.0008886419999996065 0
0.000888976999999791 1
0.000888976999999791 0
0.0008890809999995142 1
0.0008890809999995142 0
0.0008894430000001563 1
0.0008894430000001563 0
0.0008895409999993831 1
0.0008895409999993831 0
0.0008898749999994848 1
0.0008898749999994848 0
0.0008900919999996759 1
0.0008900919999996759 0
0.0008903189999998062 1
0.0008903189999998062 0
0.0008904090000001474 1
0.0008904090000001474 0
0.0008906249999993676 1
0.0008906249999993676 0
0.0008907269999998135 1
0.0008907269999998135 0
0.0008910090000000537 1
0.0008910090000000537 0
0.0008912159999994174 1
0.0008912159999994174 0
0.0008912629999997534 1
0.0008912629999997534 0
0.0008915379999994144 1
0.0008915379999994144 0
0.0008918729999995989 1
0.0008918729999995989 0
0.0008919769999993221 1
0.0008919769999993221 0
0.0008924299999995 1
0.0008924299999995 0
0.0008924599999993177 1
0.0008924599999993177 0
0.0008927709999992928 1
0.0008927709999992928 0
0.0008935210000000637 1
0.0008935210000000637 0
0.0008936229999996215 1
0.0008936229999996215 0
0.0008941120000001135 1
0.0008941120000001135 0
0.0008944340000001105 1
0.0008944340000001105 0
0.0008946089999994911 1
0.0008946089999994911 0
0.0008946389999993087 1
0.0008946389999993087 0
0.0008947689999994068 1
0.0008947689999994068 0
0.0008948730000000182 1
0.0008948730000000182 0
0.0008950009999999509 1
0.0008950009999999509 0
0.0008951860000001588 1
0.0008951860000001588 0
0.0008952159999999765 1
0.0008952159999999765 0
0.000895325999999308 1
0.0008953289999995562 0
0.0008953560000000138 1
0.0008954489999997151 0
0.0008956669999999889 1
0.0008956669999999889 0
0.0008964169999998717 1
0.0008964169999998717 0
0.0008965189999994294 1
0.0008965189999994294 0
0.0008965490000001353 1
0.0008965490000001353 0
0.0008966389999995883 1
0.0008966569999993013 0
0.0008970079999999214 1
0.0008970079999999214 0
0.0008971129999997274 1
0.0008971129999997274 0
0.0008974479999999119 1
0.0008974479999999119 0
0.000897504999999299 1
0.000897504999999299 0
0.0008977689999998262 1
0.0008977689999998262 0
0.0008982220000000041 1
0.0008982220000000041 0
0.0008982519999998217 1
0.0008982519999998217 0
0.0008985629999997968 1
0.0008985629999997968 0
0.0008993129999996796 1
0.0008993129999996796 0
0.0008994150000001255 1
0.0008994150000001255 0
0.0008999039999997294 1
0.0008999039999997294 0
0.0009004009999999951 1
0.0009004009999999951 0
0.0009006649999996341 1
0.0009006649999996341 0
0.0009010919999994371 1
0.0009010919999994371 0
0.000901122000000143 1
0.000901122000000143 0
0.0009011519999999607 1
0.000901211999999596 0
0.0009013599999994071 1
0.0009013599999994071 0
0.0009014489999996655 1
0.0009014519999999138 0
0.0009014789999994832 1
0.0009015720000000726 0
0.0009017870000000983 1
0.0009017870000000983 0
0.0009019599999993133 1
0.0009019599999993133 0
0.0009022089999994876 1
0.0009022089999994876 0
0.0009023109999999335 1
0.0009023109999999335 0
0.0009023579999993814 1
0.0009023579999993814 0
0.0009027999999995373 1
0.0009027999999995373 0
0.0009031139999997606 1
0.0009031139999997606 0
0.0009032969999998031 1
0.0009032969999998031 0
0.0009035609999994421 1
0.0009035609999994421 0
0.00090401399999962 1
0.00090401399999962 0
0.0009040439999994376 1
0.0009040439999994376 0
0.0009043549999994127 1
0.0009043549999994127 0
0.0009051049999992955 1
0.0009051049999992955 0
0.0009052069999997414 1
0.0009052069999997414 0
0.0009055069999996945 1
0.0009055069999996945 0
0.0009056959999993452 1
0.0009056959999993452 0
0.000906192999999611 1
0.000906192999999611 0
0.000906275999999373 1
0.000906275999999373 0
0.0009064570000001382 1
0.0009064570000001382 0
0.0009067369999993247 1
0.0009067369999993247 0
0.0009069099999994279 1
0.0009069099999994279 0
0.0009069400000001338 1
0.0009069400000001338 0
0.0009072510000001088 1
0.0009072510000001088 0
0.0009080009999999916 1
0.0009080009999999916 0
0.0009081029999995494 1
0.0009081029999995494 0
0.0009082689999999616 1
0.0009082689999999616 0
0.0009085729999993575 1
0.0009085729999993575 0
0.0009086030000000633 1
0.0009086030000000633 0
0.0009090889999994189 1
0.0009090889999994189 0
0.0009091529999993853 1
0.0009091529999993853 0
0.0009091919999999476 1
0.0009092089999995778 0
0.0009093529999999461 1
0.0009093529999999461 0
0.000909806000000124 1
0.000909806000000124 0
0.0009098359999999417 1
0.0009098359999999417 0
0.0009101469999999168 1
0.0009101469999999168 0
0.0009104610000001401 1
0.0009104610000001401 0
0.0009108279999994195 1
0.0009108279999994195 0
0.0009108969999997996 1
0.0009108969999997996 0
0.0009109989999993573 1
0.0009109989999993573 0
0.0009112709999996582 1
0.0009112709999996582 0
0.0009119850000001151 1
0.0009119850000001151 0
0.0009120490000000814 1
0.0009120490000000814 0
0.0009120519999994414 1
0.0009121049999993858 0
0.000912701999999932 1
0.000912701999999932 0
0.0009127319999997496 1
0.0009127319999997496 0
0.0009128330000001128 1
0.0009128330000001128 0
0.0009130429999997247 1
0.0009130429999997247 0
0.0009136779999998623 1
0.0009136779999998623 0
0.0009137350000001376 1
0.0009137350000001376 0
0.0009137929999996075 1
0.0009137929999996075 0
0.0009142529999994764 1
0.0009142529999994764 0
0.0009145299999993028 1
0.0009145299999993028 0
0.0009148279999999787 1
0.0009148279999999787 0
0.000914880999999923 1
0.000914880999999923 0
0.0009149449999998893 1
0.0009149480000001375 0
0.0009152700000001346 1
0.0009152700000001346 0
0.0009155979999997399 1
0.0009155979999997399 0
0.0009156279999995576 1
0.0009156279999995576 0
0.0009159389999995327 1
0.0009159389999995327 0
0.0009166889999994154 1
0.0009166889999994154 0
0.0009170049999998042 1
0.0009170049999998042 0
0.000917776999999731 1
0.000917776999999731 0
0.0009178409999996973 1
0.0009178409999996973 0
0.0009182839999999359 1
0.0009182839999999359 0
0.0009183439999995713 1
0.0009183439999995713 0
0.0009184939999995478 1
0.0009184939999995478 0
0.0009188349999993406 1
0.0009188349999993406 0
0.0009190590000001109 1
0.0009190590000001109 0
0.0009195059999997923 1
0.0009195059999997923 0
0.0009195850000001116 1
0.0009195850000001116 0
0.0009199009999996122 1
0.0009199009999996122 0
0.000920604000000047 1
0.000920604000000047 0
0.0009206729999995389 1
0.0009206729999995389 0
0.0009207369999995052 1
0.0009207369999995052 0
0.0009213899999993558 1
0.0009213899999993558 0
0.0009217310000000367 1
0.0009217310000000367 0
0.0009218600000000521 1
0.0009218600000000521 0
0.0009220179999998024 1
0.0009220179999998024 0
0.0009224809999999195 1
0.0009224809999999195 0
0.0009227969999994201 1
0.0009227969999994201 0
0.0009230379999998206 1
0.0009230379999998206 0
0.0009235689999993468 1
0.0009235689999993468 0
0.0009236329999993131 1
0.0009236329999993131 0
0.0009241189999995569 1
0.0009241189999995569 0
0.0009242860000000519 1
0.0009242860000000519 0
0.0009244099999996536 1
0.0009244099999996536 0
0.0009249529999992845 1
0.0009249529999992845 0
0.0009252869999993862 1
0.0009252869999993862 0
0.0009253769999997274 1
0.0009253769999997274 0
0.0009256930000001162 1
0.0009256930000001162 0
0.000926465000000043 1
0.000926465000000043 0
0.0009265290000000093 1
0.0009265290000000093 0
0.0009265589999998269 1
0.0009265849999993137 0
0.0009271819999998598 1
0.0009271819999998598 0
0.0009278489999999806 1
0.0009278489999999806 0
0.0009281720000000604 1
0.0009281720000000604 0
0.0009282729999995354 1
0.0009282729999995354 0
0.0009285889999999242 1
0.0009285889999999242 0
0.0009293609999998509 1
0.0009293609999998509 0
0.000929399999999525 1
0.000929399999999525 0
0.0009294299999993427 1
0.0009294810000000098 0
0.0009300359999997454 1
0.0009300359999997454 0
0.0009300749999994196 1
0.0009300749999994196 0
0.0009301050000001254 1
0.0009301559999999043 0
0.0009307449999997885 1
0.0009307449999997885 0
0.0009311689999993433 1
0.0009311689999993433 0
0.0009313129999997116 1
0.0009313129999997116 0
0.0009314849999997321 1
0.0009314849999997321 0
0.0009322569999996588 1
0.0009322569999996588 0
0.0009323209999996251 1
0.0009323209999996251 0
0.0009329739999994757 1
0.0009329739999994757 0
0.0009330140000001208 1
0.0009330140000001208 0
0.0009331139999995131 1
0.0009331139999995131 0
0.0009336409999995965 1
0.0009336409999995965 0
0.0009340650000000394 1
0.0009340650000000394 0
0.00093438099999954 1
0.00093438099999954 0
0.0009344539999993628 1
0.0009344539999993628 0
0.0009351529999994668 1
0.0009351529999994668 0
0.0009352169999994331 1
0.0009352169999994331 0
0.0009358699999992837 1
0.0009358699999992837 0
0.000936009999999321 1
0.000936009999999321 0
0.000936183999999507 1
0.000936183999999507 0
0.0009362139999993246 1
0.0009362139999993246 0
0.0009365369999994044 1
0.0009365369999994044 0
0.0009369609999998474 1
0.0009369609999998474 0
0.000937276999999348 1
0.000937276999999348 0
0.000937350000000059 1
0.000937350000000059 0
0.0009380490000001629 1
0.0009380490000001629 0
0.0009381130000001292 1
0.0009381130000001292 0
0.0009387659999999798 1
0.0009387659999999798 0
0.0009389060000000171 1
0.0009389060000000171 0
0.0009393699999993288 1
0.0009393699999993288 0
0.0009394330000001005 1
0.0009394330000001005 0
0.0009398569999996553 1
0.0009398569999996553 0
0.0009401730000000441 1
0.0009401730000000441 0
0.0009402459999998669 1
0.0009402459999998669 0
0.0009407279999997797 1
0.0009407279999997797 0
0.0009410089999999371 1
0.0009410089999999371 0
0.0009416619999997877 1
0.0009416619999997877 0
0.0009418019999998251 1
0.0009418019999998251 0
0.0009422660000000249 1
0.0009422660000000249 0
0.0009422959999998426 1
0.0009422959999998426 0
0.0009423289999999085 1
0.0009423859999992956 0
0.0009427529999994633 1
0.0009427529999994633 0
0.000942851999999661 1
0.000942851999999661 0
0.0009431419999996749 1
0.0009431419999996749 0
0.0009439049999997451 1
0.0009439049999997451 0
0.0009445579999995957 1
0.0009445579999995957 0
0.000944697999999633 1
0.000944697999999633 0
0.0009451619999998329 1
0.0009451619999998329 0
0.0009452249999997164 1
0.0009452249999997164 0
0.0009456490000001594 1
0.0009456490000001594 0
0.0009460379999994828 1
0.0009460379999994828 0
0.000946800999999553 1
0.000946800999999553 0
0.0009474539999994036 1
0.0009474539999994036 0
0.0009475939999994409 1
0.0009475939999994409 0
0.0009476550000000472 1
0.0009476550000000472 0
0.0009480579999996408 1
0.0009480579999996408 0
0.0009481209999995244 1
0.0009481209999995244 0
0.0009485449999999673 1
0.0009485449999999673 0
0.0009489339999992907 1
0.0009489339999992907 0
0.000949696999999361 1
0.000949696999999361 0
0.0009501329999999086 1
0.0009501329999999086 0
0.0009504900000001371 1
0.0009504900000001371 0
0.0009509539999994487 1
0.0009509539999994487 0
0.0009510169999993323 1
0.0009510169999993323 0
0.0009514409999997753 1
0.0009514409999997753 0
0.0009518299999999869 1
0.0009518299999999869 0
0.0009523639999997613 1
0.0009523639999997613 0
0.0009525930000000571 1
0.0009525930000000571 0
0.000953385999999945 1
0.000953385999999945 0
0.0009538500000001449 1
0.0009538500000001449 0
0.0009539130000000284 1
0.0009539130000000284 0
0.0009543369999995832 1
0.0009543369999995832 0
0.0009547259999997948 1
0.0009547259999997948 0
0.000955488999999865 1
0.000955488999999865 0
0.0009562819999997529 1
0.0009562819999997529 0
0.0009565010000001095 1
0.0009565010000001095 0
0.0009567459999999528 1
0.0009567459999999528 0
0.0009568089999998364 1
0.0009568089999998364 0
0.0009572329999993912 1
0.0009572329999993912 0
0.0009576219999996027 1
0.0009576219999996027 0
0.0009581679999994819 1
0.0009581679999994819 0
0.0009591779999995609 1
0.0009591779999995609 0
0.0009594249999995696 1
0.0009594249999995696 0
0.0009597049999996443 1
0.0009597049999996443 0
0.0009599119999998962 1
0.0009599119999998962 0
0.0009601379999999438 1
0.0009601379999999438 0
0.0009605179999994107 1
0.0009605179999994107 0
0.0009620739999993688 1
0.0009620739999993688 0
0.0009626009999994523 1
0.0009626009999994523 0
0.000963336999999953 1
0.000963336999999953 0
0.0009634140000001068 1
0.0009634140000001068 0
0.0009649700000000649 1
0.0009649700000000649 0
0.0009654970000001484 1
0.0009654970000001484 0
0.0009660929999997236 1
0.0009660929999997236 0
0.0009665359999999623 1
0.0009665359999999623 0
0.0009678659999998729 1
0.0009678659999998729 0
0.0009681759999997652 1
0.0009681759999997652 0
0.0009694319999997703 1
0.0009694319999997703 0
0.0009707619999996808 1
0.0009707619999996808 0
0.0009723279999995782 1
0.0009723279999995782 0
0.0009736579999994888 1
0.0009736579999994888 0
0.0009752239999993861 1
0.0009752239999993861 0
0.0009765539999992967 1
0.0009765539999992967 0
0.0009781200000000823 1
0.0009781200000000823 0
0.0009794499999999928 1
0.0009794499999999928 0
0.0009810159999998902 1
0.0009810159999998902 0
0.0009823459999998008 1
0.0009823459999998008 0
0.0009839119999996981 1
0.0009839119999996981 0
0.0009852419999996087 1
0.0009852419999996087 0
0.000986807999999506 1
0.000986807999999506 0
0.0009881379999994166 1
0.0009881379999994166 0
0.000989703999999314 1
0.000989703999999314 0
0.0009910340000001128 1
0.0009910340000001128 0
0.0009926000000000101 1
0.0009926000000000101 0
0.0009939299999999207 1
0.0009939299999999207 0
0.000995495999999818 1
0.000995495999999818 0
0.0009968259999997287 1
0.0009968259999997287 0
0.000998391999999626 1
0.000998391999999626 0
0.0009995049999993455 1
0.0009995049999993455 0
0.001001287999999434 1
0.001001287999999434 0
0.00100418400000013 1
0.00100418400000013 0
0.001006862999999747 1
0.001006862999999747 0
0.0010074739999996751 0