time length
0.0 0
1.8999999999991246e-06 1
1.8999999999991246e-06 0
2.2099999998914654e-06 1
2.2099999998914654e-06 0
2.289999999849357e-06 1
2.289999999849357e-06 0
2.410000000008239e-06 1
2.410000000008239e-06 0
2.4399999998259148e-06 1
2.4399999998259148e-06 0
2.6049999997113105e-06 1
2.6049999997113105e-06 0
2.7249999998701924e-06 1
2.7249999998701924e-06 0
2.9399999998958037e-06 1
2.9399999998958037e-06 0
2.949999999835029e-06 1
2.949999999835029e-06 0
3.00999999991447e-06 1
3.00999999991447e-06 0
3.1299999996292627e-06 1
3.1299999996292627e-06 0
3.1949999996783163e-06 1
3.1949999996783163e-06 0
3.304999999897973e-06 1
3.304999999897973e-06 0
3.326999999941904e-06 1
3.326999999941904e-06 0
3.4250000000568548e-06 1
3.4250000000568548e-06 0
3.494999999631432e-06 1
3.494999999631432e-06 0
3.769999999736484e-06 1
3.769999999736484e-06 0
4.0569999999462425e-06 1
4.0569999999462425e-06 0
4.24499999995831e-06 1
4.24499999995831e-06 0
4.253999999814795e-06 1
4.253999999814795e-06 0
4.254999999897535e-06 1
4.254999999897535e-06 0
4.311999999728755e-06 1
4.311999999728755e-06 0
4.313999999894236e-06 1
4.313999999894236e-06 0
4.318999999863848e-06 1
4.353999999651137e-06 2
4.375000000056417e-06 3
4.431999999887637e-06 2
4.434000000053118e-06 3
4.435999999774509e-06 2
4.43900000002273e-06 3
4.4399999996613815e-06 2
4.443999999992343e-06 1
4.563999999707136e-06 2
4.563999999707136e-06 1
4.568000000038097e-06 0
4.593999999968901e-06 1
4.593999999968901e-06 0
4.7199999997360464e-06 1
4.7199999997360464e-06 0
4.734000000006233e-06 1
4.734000000006233e-06 0
4.768999999793522e-06 1
4.768999999793522e-06 0
4.778999999732747e-06 1
4.778999999732747e-06 0
4.853999999721026e-06 1
4.853999999721026e-06 0
4.8589999996906386e-06 1
4.8589999996906386e-06 0
4.863999999660251e-06 1
4.863999999660251e-06 0
4.890000000035144e-06 1
4.890000000035144e-06 0
4.914999999883207e-06 1
4.914999999883207e-06 0
4.934999999761658e-06 1
4.934999999761658e-06 0
4.954999999640108e-06 1
4.954999999640108e-06 0
4.998999999727971e-06 1
4.998999999727971e-06 0
5.041999999733093e-06 1
5.041999999733093e-06 0
5.089000000069177e-06 1
5.089000000069177e-06 0
5.099000000008402e-06 1
5.103999999978015e-06 2
5.128999999826078e-06 3
5.143999999734916e-06 4
5.161999999891975e-06 3
5.1659999997788475e-06 2
5.16999999966572e-06 1
5.173999999996681e-06 0
5.178999999966294e-06 1
5.178999999966294e-06 0
5.22899999966242e-06 1
5.22899999966242e-06 0
5.2589999999241854e-06 1
5.2589999999241854e-06 0
5.30699999989892e-06 1
5.30699999989892e-06 0
5.307999999981661e-06 1
5.307999999981661e-06 0
5.309000000064401e-06 1
5.309999999703052e-06 2
5.34499999993443e-06 3
5.357000000039136e-06 4
5.357999999677787e-06 5
5.362000000008749e-06 6
5.4069999997352625e-06 7
5.427000000057802e-06 6
5.4309999999446745e-06 5
5.434999999831547e-06 4
5.4369999999970275e-06 5
5.438999999718419e-06 4
5.4430000000493806e-06 3
5.473999999949797e-06 4
5.494999999910988e-06 5
5.504999999850213e-06 6
5.55699999971182e-06 7
5.562999999764173e-06 6
5.5669999996510455e-06 5
5.5939999996645895e-06 6
5.6119999998216485e-06 7
5.625000000009095e-06 8
5.63399999986558e-06 9
5.648999999774418e-06 10
5.6869999998099274e-06 9
5.714999999906212e-06 10
5.743999999641147e-06 11
5.749000000054849e-06 12
5.806999999968809e-06 11
5.811999999938422e-06 12
5.813000000021162e-06 13
5.842999999838838e-06 14
5.843999999921579e-06 15
5.849999999973932e-06 16
5.8739999997392545e-06 17
5.886999999926701e-06 18
5.889999999730833e-06 19
5.926999999683602e-06 18
5.9310000000145635e-06 17
5.934999999901436e-06 16
5.938999999788308e-06 15
5.9399999998710484e-06 16
5.943999999757921e-06 17
5.944999999840661e-06 18
5.948999999727533e-06 19
5.949999999810274e-06 20
6.009999999889715e-06 21
6.017000000024808e-06 22
6.028999999685425e-06 23
6.029999999768165e-06 24
6.031999999933646e-06 25
6.05899999994719e-06 24
6.06000000002993e-06 25
6.06000000002993e-06 26
6.0609999996685815e-06 27
6.062999999834062e-06 26
6.0969999999827e-06 27
6.09800000006544e-06 28
6.098999999704091e-06 29
6.128999999965856e-06 30
6.1300000000485966e-06 31
6.130999999687248e-06 32
6.168999999722757e-06 33
6.182999999992944e-06 32
6.264000000033576e-06 33
6.264999999672227e-06 34
6.294999999933992e-06 35
6.302999999707737e-06 34
6.307000000038698e-06 33
6.310999999925571e-06 32
6.314999999812443e-06 31
6.318999999699315e-06 30
6.323000000030277e-06 29
6.4250000000320995e-06 30
6.433999999888584e-06 31
6.434999999971325e-06 32
6.436000000054065e-06 33
6.442999999745069e-06 32
6.446999999631942e-06 31
6.448999999797422e-06 32
6.449999999880163e-06 33
6.468999999675873e-06 34
6.5669999997908235e-06 33
6.570000000039045e-06 34
6.570999999677696e-06 33
6.575000000008657e-06 32
6.5789999998955295e-06 31
6.5999999998567205e-06 32
6.648999999914196e-06 33
6.649999999996936e-06 34
6.650999999635587e-06 35
6.651999999718328e-06 36
6.652999999801068e-06 37
6.653999999883808e-06 38
6.654999999966549e-06 39
6.656000000049289e-06 40
6.65699999968794e-06 41
6.657999999770681e-06 42
6.662999999740293e-06 43
6.667999999709906e-06 44
6.668999999792646e-06 45
6.672999999679519e-06 46
6.673999999762259e-06 47
6.677999999649131e-06 48
6.683000000062833e-06 49
6.688000000032446e-06 50
6.693000000002058e-06 51
6.697999999971671e-06 52
6.6990000000544114e-06 51
6.702999999941284e-06 52
6.702999999941284e-06 51
6.706999999828156e-06 50
6.738999999811313e-06 51
6.739999999894053e-06 52
6.740999999976793e-06 53
6.742000000059534e-06 54
6.742999999698185e-06 55
6.743999999780925e-06 56
6.77400000004269e-06 57
6.803999999860366e-06 58
6.8049999999431066e-06 59
6.806000000025847e-06 60
6.806999999664498e-06 61
6.8079999997472385e-06 62
6.808999999829979e-06 63
6.809999999912719e-06 64
6.8109999999954596e-06 65
6.811999999634111e-06 66
6.812999999716851e-06 67
6.8139999997995915e-06 68
6.814999999882332e-06 69
6.815999999965072e-06 70
6.817000000047813e-06 71
6.817999999686464e-06 72
6.818999999769204e-06 73
6.8199999998519445e-06 74
6.820999999934685e-06 75
6.822000000017425e-06 76
6.822999999656076e-06 77
6.826999999987038e-06 76
6.828000000069778e-06 77
6.83099999987391e-06 76
6.833000000039391e-06 77
6.8349999997607824e-06 76
6.836999999926263e-06 77
6.838999999647655e-06 76
6.839999999730395e-06 77
6.898999999727096e-06 78
6.899999999809836e-06 79
6.900999999892576e-06 80
6.901999999975317e-06 81
6.903000000058057e-06 82
6.903999999696708e-06 83
6.904999999779449e-06 84
6.905999999862189e-06 85
6.906999999944929e-06 86
6.936999999762605e-06 87
6.937999999845346e-06 88
6.958999999806537e-06 87
6.96700000002437e-06 88
6.9679999996630215e-06 89
6.968999999745762e-06 90
6.999000000007527e-06 91
6.999999999646178e-06 92
7.0009999997289185e-06 93
7.001999999811659e-06 94
7.031999999629335e-06 95
7.032999999712075e-06 96
7.048000000065002e-06 97
7.0519999999518745e-06 98
7.06299999997384e-06 99
7.0640000000565806e-06 100
7.064999999695232e-06 101
7.065999999777972e-06 102
7.0669999998607125e-06 103
7.0669999998607125e-06 104
7.067999999943453e-06 105
7.0789999999654185e-06 104
7.097999999761129e-06 105
7.098999999843869e-06 106
7.0999999999266095e-06 107
7.10100000000935e-06 108
7.130999999827026e-06 109
7.131999999909766e-06 110
7.1329999999925064e-06 111
7.133999999631158e-06 112
7.134999999713898e-06 113
7.135999999796638e-06 114
7.136999999879379e-06 115
7.137999999962119e-06 116
7.1390000000448595e-06 117
7.168999999862535e-06 118
7.169999999945276e-06 119
7.171000000028016e-06 120
7.171999999666667e-06 121
7.172999999749408e-06 122
7.173999999832148e-06 123
7.174999999914888e-06 124
7.175999999997629e-06 125
7.17699999963628e-06 126
7.17799999971902e-06 127
7.178999999801761e-06 128
7.179999999884501e-06 129
7.180999999967241e-06 130
7.182000000049982e-06 131
7.198999999680211e-06 130
7.203000000011173e-06 129
7.207999999980785e-06 130
7.211999999867658e-06 131
7.212999999950398e-06 132
7.214000000033138e-06 133
7.243999999850814e-06 134
7.244999999933555e-06 135
7.246000000016295e-06 136
7.246999999654946e-06 137
7.276999999916711e-06 138
7.306999999734387e-06 139
7.3079999998171274e-06 140
7.308999999899868e-06 141
7.309999999982608e-06 142
7.322999999725965e-06 141
7.339999999800284e-06 142
7.370000000062049e-06 143
7.3709999997007e-06 144
7.371999999783441e-06 145
7.402000000045206e-06 146
7.402999999683857e-06 147
7.403999999766597e-06 148
7.404999999849338e-06 149
7.405999999932078e-06 150
7.435999999749754e-06 151
7.442999999884847e-06 150
7.466000000011519e-06 151
7.46699999965017e-06 152
7.4679999997329105e-06 153
7.468999999815651e-06 154
7.498999999633327e-06 155
7.499999999716067e-06 156
7.5009999997988075e-06 157
7.501999999881548e-06 158
7.502999999964288e-06 159
7.532999999781964e-06 160
7.5339999998647045e-06 161
7.534999999947445e-06 162
7.536000000030185e-06 163
7.536999999668836e-06 164
7.537999999751577e-06 165
7.541999999638449e-06 166
7.563000000043729e-06 165
7.5669999999306015e-06 164
7.568000000013342e-06 165
7.568999999651993e-06 166
7.569999999734733e-06 167
7.570999999817474e-06 168
7.571999999900214e-06 169
7.5729999999829545e-06 170
7.574000000065695e-06 171
7.603999999883371e-06 172
7.604999999966111e-06 173
7.6060000000488515e-06 174
7.606999999687503e-06 175
7.636999999949268e-06 176
7.638000000032008e-06 177
7.63899999967066e-06 178
7.6399999997534e-06 179
7.670000000015165e-06 180
7.686999999645394e-06 179
7.690999999976356e-06 178
7.694999999863228e-06 177
7.69999999983284e-06 178
7.700999999915581e-06 179
7.701999999998321e-06 180
7.702999999636972e-06 181
7.703999999719713e-06 182
7.733999999981478e-06 183
7.735000000064218e-06 184
7.764999999881894e-06 185
7.79499999969957e-06 186
7.79599999978231e-06 187
7.79699999986505e-06 188
7.797999999947791e-06 189
7.799000000030532e-06 190
7.81500000002211e-06 189
7.818999999908982e-06 188
7.822999999795854e-06 187
7.826999999682727e-06 186
7.828999999848207e-06 187
7.829999999930948e-06 188
7.831000000013688e-06 189
7.83199999965234e-06 190
7.83199999965234e-06 191
7.83299999973508e-06 192
7.862999999996845e-06 193
7.89299999981452e-06 194
7.893999999897261e-06 195
7.894999999980001e-06 196
7.924999999797677e-06 197
7.946999999841609e-06 196
7.95099999972848e-06 195
7.955000000059442e-06 196
7.955999999698093e-06 197
7.956999999780834e-06 198
7.957999999863574e-06 199
7.958999999946315e-06 200
7.960000000029055e-06 201
7.960999999667706e-06 202
7.961999999750446e-06 203
7.962999999833187e-06 204
7.963999999915927e-06 205
7.964999999998668e-06 206
7.994999999816343e-06 207
7.995999999899084e-06 208
7.996999999981824e-06 209
7.998000000064565e-06 210
7.998999999703216e-06 211
7.999999999785956e-06 212
8.000999999868696e-06 213
8.001999999951437e-06 214
8.00699999992105e-06 215
8.031999999769113e-06 216
8.032999999851853e-06 217
8.033999999934593e-06 218
8.035000000017334e-06 219
8.035999999655985e-06 220
8.036999999738725e-06 221
8.037999999821466e-06 222
8.038999999904206e-06 223
8.039999999986946e-06 224
8.041000000069687e-06 225
8.041999999708338e-06 226
8.042999999791078e-06 227
8.043999999873819e-06 228
8.044999999956559e-06 229
8.0460000000393e-06 230
8.04699999967795e-06 231
8.047999999760691e-06 232
8.06700000000049e-06 233
8.070999999887363e-06 232
8.071999999970103e-06 233
8.074999999774235e-06 232
8.078000000022456e-06 233
8.078999999661107e-06 234
8.079999999743848e-06 235
8.080999999826588e-06 236
8.081999999909328e-06 237
8.082999999992069e-06 238
8.08399999963072e-06 239
8.08499999971346e-06 240
8.114999999975225e-06 241
8.116000000057966e-06 242
8.116999999696617e-06 243
8.117999999779357e-06 244
8.118999999862098e-06 245
8.119999999944838e-06 246
8.121000000027578e-06 247
8.150999999845254e-06 248
8.18099999966293e-06 249
8.18199999974567e-06 250
8.182999999828411e-06 251
8.183999999911151e-06 252
8.184999999993892e-06 253
8.185999999632543e-06 254
8.186999999715283e-06 255
8.187999999798024e-06 256
8.188999999880764e-06 257
8.194999999933117e-06 256
8.19899999981999e-06 255
8.202999999706861e-06 254
8.207000000037823e-06 253
8.210999999924695e-06 252
8.214999999811567e-06 251
8.21899999969844e-06 252
8.248999999960205e-06 253
8.250000000042945e-06 254
8.250999999681596e-06 255
8.251999999764337e-06 256
8.25799999981669e-06 257
8.282000000026102e-06 258
8.282999999664753e-06 259
8.312999999926518e-06 260
8.314000000009258e-06 261
8.31499999964791e-06 262
8.31599999973065e-06 263
8.31699999981339e-06 264
8.31799999989613e-06 265
8.318999999978871e-06 266
8.320000000061611e-06 267
8.320999999700263e-06 268
8.321999999783003e-06 269
8.322999999865743e-06 270
8.323999999948484e-06 271
8.325000000031224e-06 272
8.325999999669875e-06 273
8.326999999752616e-06 274
8.33499999997045e-06 273
8.338999999857322e-06 272
8.35700000001438e-06 273
8.386999999832057e-06 274
8.387999999914797e-06 275
8.417999999732473e-06 276
8.447999999994238e-06 277
8.448999999632889e-06 278
8.459000000016204e-06 277
8.462999999903076e-06 276
8.466999999789948e-06 275
8.47099999967682e-06 274
8.475000000007782e-06 273
8.478999999894654e-06 274
8.478999999894654e-06 273
8.479999999977395e-06 274
8.481000000060135e-06 275
8.481999999698786e-06 276
8.482999999781526e-06 277
8.482999999781526e-06 276
8.483999999864267e-06 277
8.486999999668399e-06 276
8.49099999999936e-06 275
8.494999999886232e-06 274
8.498999999773105e-06 273
8.502999999659977e-06 272
8.506999999990938e-06 271
8.51099999987781e-06 270
8.513999999681943e-06 271
8.514999999764683e-06 270
8.518999999651555e-06 269
8.522999999982517e-06 268
8.526999999869389e-06 267
8.530999999756261e-06 266
8.534999999643134e-06 265
8.538999999974095e-06 264
8.543999999943708e-06 265
8.545000000026448e-06 266
8.574999999844124e-06 267
8.575999999926864e-06 268
8.577000000009605e-06 269
8.577999999648256e-06 270
8.578999999730996e-06 271
8.579999999813737e-06 272
8.609999999631412e-06 273
8.610999999714153e-06 274
8.611999999796893e-06 275
8.611999999796893e-06 276
8.642000000058658e-06 277
8.64299999969731e-06 278
8.658999999688888e-06 277
8.66300000001985e-06 276
8.666999999906722e-06 275
8.670999999793594e-06 274
8.672999999959075e-06 275
8.674000000041815e-06 276
8.674999999680466e-06 277
8.674999999680466e-06 276
8.675999999763206e-06 277
8.676999999845947e-06 278
8.677999999928687e-06 279
8.679000000011428e-06 278
8.707999999746363e-06 279
8.738000000008128e-06 280
8.73899999964678e-06 281
8.768999999908544e-06 282
8.769999999991285e-06 283
8.770999999629936e-06 284
8.771999999712676e-06 285
8.772999999795417e-06 286
8.773999999878157e-06 287
8.774999999960897e-06 288
8.776000000043638e-06 289
8.776999999682289e-06 290
8.79899999972622e-06 289
8.806999999944054e-06 290
8.808000000026794e-06 291
8.808999999665446e-06 292
8.809999999748186e-06 293
8.810999999830926e-06 294
8.840999999648602e-06 295
8.870999999910367e-06 296
8.871999999993108e-06 297
8.872999999631759e-06 298
8.8739999997145e-06 299
8.87499999979724e-06 300
8.87599999987998e-06 301
8.905999999697656e-06 302
8.906999999780396e-06 303
8.918999999885102e-06 302
8.922999999771974e-06 301
8.926999999658847e-06 300
8.930999999989808e-06 299
8.93499999987668e-06 298
8.937000000042161e-06 299
8.937999999680812e-06 300
8.938999999763553e-06 301
8.938999999763553e-06 300
8.939999999846293e-06 301
8.940999999929033e-06 302
8.942000000011774e-06 303
8.942999999650425e-06 304
8.942999999650425e-06 303
8.946999999981387e-06 302
8.950999999868259e-06 301
8.954999999755131e-06 300
8.958999999642003e-06 299
8.962999999972965e-06 298
8.966999999859837e-06 297
8.97099999974671e-06 296
8.97299999991219e-06 297
8.97399999999493e-06 298
8.974999999633582e-06 297
8.978999999964543e-06 296
8.982999999851415e-06 295
8.986999999738288e-06 294
8.99100000006925e-06 293
8.994999999956121e-06 292
8.998999999842994e-06 291
9.002999999729866e-06 290
9.003999999812606e-06 291
9.004999999895347e-06 292
9.005999999978087e-06 293
9.007000000060827e-06 294
9.036999999878503e-06 295
9.037999999961244e-06 296
9.039000000043984e-06 297
9.039999999682635e-06 298
9.040999999765376e-06 299
9.041999999848116e-06 300
9.051999999787341e-06 301
9.071999999665792e-06 302
9.072999999748532e-06 303
9.073999999831273e-06 304
9.103999999648948e-06 305
9.122999999888748e-06 304
9.12699999977562e-06 303
9.133999999910714e-06 304
9.134999999993454e-06 305
9.16499999981113e-06 306
9.16599999989387e-06 307
9.195999999711546e-06 308
9.196999999794286e-06 309
9.197999999877027e-06 310
9.198999999959767e-06 311
9.228999999777443e-06 312
9.246999999934502e-06 311
9.250999999821374e-06 310
9.254999999708247e-06 309
9.259000000039208e-06 310
9.259000000039208e-06 309
9.26299999992608e-06 308
9.266999999812953e-06 307
9.270999999699825e-06 306
9.275000000030786e-06 305
9.278999999917659e-06 304
9.288999999856884e-06 305
9.289999999939624e-06 306
9.291000000022365e-06 307
9.291999999661016e-06 308
9.292999999743756e-06 309
9.323000000005521e-06 310
9.352999999823197e-06 311
9.382999999640873e-06 312
9.383999999723613e-06 313
9.384999999806354e-06 314
9.385999999889094e-06 315
9.386999999971835e-06 316
9.398999999632451e-06 315
9.402999999963413e-06 314
9.41699999978951e-06 315
9.447000000051275e-06 316
9.461999999960113e-06 317
9.476999999868951e-06 318
9.477999999951692e-06 319
9.479000000034432e-06 320
9.479999999673083e-06 321
9.480999999755824e-06 322
9.511000000017589e-06 323
9.522999999678206e-06 322
9.540999999835265e-06 323
9.541999999918005e-06 324
9.57199999973568e-06 325
9.572999999818421e-06 326
9.602999999636097e-06 327
9.603999999718837e-06 328
9.604999999801578e-06 329
9.605999999884318e-06 330
9.606999999967059e-06 331
9.636999999784734e-06 332
9.637999999867475e-06 333
9.638999999950215e-06 334
9.640000000032956e-06 335
9.642999999837087e-06 334
9.64699999972396e-06 333
9.669999999850631e-06 334
9.670999999933372e-06 335
9.700999999751048e-06 336
9.701999999833788e-06 337
9.702999999916528e-06 338
9.703999999999269e-06 339
9.716999999742626e-06 340
9.733999999816945e-06 341
9.76399999963462e-06 342
9.764999999717361e-06 343
9.765999999800101e-06 344
9.766999999882842e-06 345
9.766999999882842e-06 344
9.767999999965582e-06 345
9.769000000048322e-06 346
9.770999999769714e-06 345
9.774999999656586e-06 344
9.778999999987548e-06 343
9.798999999865998e-06 344
9.828999999683674e-06 345
9.829999999766414e-06 346
9.830999999849155e-06 347
9.831999999931895e-06 348
9.833000000014636e-06 349
9.833999999653287e-06 350
9.834999999736027e-06 351
9.835999999818767e-06 352
9.865999999636443e-06 353
9.866999999719184e-06 354
9.867999999801924e-06 355
9.89800000006369e-06 356
9.89899999970234e-06 357
9.89899999970234e-06 356
9.89999999978508e-06 357
9.903000000033302e-06 356
9.930000000046846e-06 357
9.943999999872943e-06 358
9.947999999759816e-06 359
9.959999999864522e-06 360
9.960999999947262e-06 361
9.990999999764938e-06 362
1.0021000000026703e-05 363
1.0021999999665354e-05 364
1.0022999999748095e-05 363
1.005199999992712e-05 364
1.005300000000986e-05 365
1.0082999999827535e-05 366
1.0083999999910276e-05 367
1.0084999999993016e-05 368
1.0103999999788726e-05 369
1.0114999999810692e-05 370
1.0115999999893432e-05 371
1.0142999999906976e-05 370
1.0145999999711108e-05 371
1.0146999999793849e-05 372
1.0147999999876589e-05 373
1.014899999995933e-05 374
1.0178999999777005e-05 375
1.0179999999859746e-05 376
1.0180999999942486e-05 377
1.0210999999760162e-05 378
1.0211999999842902e-05 379
1.0212999999925643e-05 380
1.0214000000008383e-05 381
1.0243999999826059e-05 382
1.02449999999088e-05 383
1.024599999999154e-05 384
1.0263000000065858e-05 383
1.026699999995273e-05 382
1.0270999999839603e-05 381
1.0274999999726475e-05 380
1.0275999999809216e-05 381
1.0276999999891956e-05 382
1.0306999999709632e-05 383
1.0307999999792372e-05 384
1.0338000000054137e-05 385
1.0338999999692788e-05 386
1.0339999999775529e-05 387
1.0340999999858269e-05 388
1.0370999999675945e-05 389
1.0394999999885357e-05 388
1.039899999977223e-05 387
1.040099999993771e-05 388
1.0402999999659102e-05 387
1.0430999999755386e-05 388
1.0431999999838126e-05 389
1.0432999999920867e-05 390
1.0434000000003607e-05 391
1.0463999999821283e-05 392
1.0493999999638959e-05 393
1.04949999997217e-05 394
1.049599999980444e-05 395
1.049699999988718e-05 396
1.0522999999817984e-05 395
1.0526999999704856e-05 396
1.0526999999704856e-05 395
1.0527999999787596e-05 396
1.0528999999870337e-05 397
1.0529999999953077e-05 398
1.0531000000035817e-05 399
1.0531000000035817e-05 398
1.0531999999674468e-05 399
1.053499999992269e-05 398
1.0561999999936234e-05 399
1.059199999975391e-05 400
1.059299999983665e-05 401
1.0622999999654326e-05 402
1.0623999999737066e-05 403
1.0624999999819806e-05 404
1.0625999999902547e-05 405
1.0626999999985287e-05 406
1.0628000000068027e-05 407
1.0654999999637482e-05 406
1.0657999999885703e-05 407
1.0658999999968444e-05 406
1.0662999999855316e-05 405
1.0666999999742188e-05 404
1.067099999962906e-05 403
1.0674999999960022e-05 402
1.0678999999846894e-05 401
1.0682999999733767e-05 400
1.0687000000064728e-05 399
1.068799999970338e-05 400
1.068899999978612e-05 401
1.068999999986886e-05 402
1.06909999999516e-05 403
1.069200000003434e-05 404
1.0721999999852017e-05 405
1.0751999999669692e-05 406
1.0752999999752433e-05 407
1.0753999999835173e-05 408
1.0754999999917914e-05 409
1.0756000000000654e-05 410
1.078599999981833e-05 411
1.078699999990107e-05 412
1.078799999998381e-05 413
1.080699999977952e-05 412
1.0810999999666393e-05 411
1.0814999999997355e-05 410
1.0817999999801486e-05 411
1.0818999999884227e-05 412
1.0818999999884227e-05 411
1.0822999999771099e-05 410
1.0826999999657971e-05 409
1.0830999999988933e-05 408
1.0834999999875805e-05 407
1.0838999999762677e-05 406
1.084299999964955e-05 405
1.0846999999980511e-05 404
1.0848999999701903e-05 405
1.0850999999867383e-05 404
1.0854999999754256e-05 403
1.0858999999641128e-05 402
1.0878999999963668e-05 403
1.0880000000046408e-05 404
1.088099999968506e-05 405
1.0910999999946824e-05 406
1.09409999997645e-05 407
1.094199999984724e-05 408
1.0942999999929981e-05 409
1.0956999999756079e-05 410
1.0972999999747657e-05 411
1.0973999999830397e-05 412
1.097899999980001e-05 411
1.1003999999648073e-05 412
1.1004999999730813e-05 413
1.1034999999992579e-05 414
1.103599999963123e-05 415
1.103699999971397e-05 416
1.1066999999975735e-05 417
1.1096999999793411e-05 418
1.1097999999876151e-05 419
1.1098999999958892e-05 420
1.1098999999958892e-05 419
1.1100000000041632e-05 420
1.1102999999845764e-05 419
1.1106999999732636e-05 418
1.1129999999859308e-05 419
1.1130999999942048e-05 420
1.115400000006872e-05 421
1.1160999999759724e-05 422
1.119100000002149e-05 423
1.119199999966014e-05 424
1.119299999974288e-05 425
1.1193999999825621e-05 426
1.1194999999908362e-05 427
1.1195999999991102e-05 428
1.1196999999629753e-05 429
1.1197999999712493e-05 430
1.1198999999795234e-05 431
1.1199999999877974e-05 432
1.1226999999891518e-05 431
1.122999999969565e-05 432
1.123099999977839e-05 431
1.1234999999665263e-05 430
1.1238999999996224e-05 429
1.1259999999957415e-05 430
1.1261000000040156e-05 431
1.1261999999678807e-05 432
1.1262999999761547e-05 433
1.1293000000023312e-05 434
1.1293999999661963e-05 435
1.1323999999923728e-05 436
1.1325000000006469e-05 437
1.132599999964512e-05 438
1.132699999972786e-05 439
1.13279999998106e-05 440
1.1328999999893341e-05 441
1.1329999999976081e-05 442
1.1358999999711017e-05 441
1.1359999999793757e-05 442
1.1390000000055522e-05 443
1.1390999999694174e-05 444
1.1391999999776914e-05 445
1.1392999999859654e-05 446
1.1393999999942395e-05 447
1.142399999976007e-05 448
1.1424999999842811e-05 449
1.1425999999925551e-05 450
1.1427000000008292e-05 451
1.1427999999646943e-05 452
1.1457999999908708e-05 453
1.1478999999869899e-05 452
1.1482999999756771e-05 451
1.1486999999643643e-05 450
1.1487999999726384e-05 451
1.1488999999809124e-05 452
1.1489999999891864e-05 453
1.1490999999974605e-05 454
1.1490999999974605e-05 453
1.152099999979228e-05 454
1.1551000000054046e-05 455
1.1580999999871722e-05 456
1.1581999999954462e-05 457
1.1610999999689398e-05 456
1.1611999999772138e-05 457
1.1612999999854878e-05 458
1.1642999999672554e-05 459
1.1643999999755295e-05 460
1.1644999999838035e-05 461
1.1645999999920775e-05 462
1.1675999999738451e-05 463
1.1676999999821192e-05 464
1.1677999999903932e-05 465
1.1678999999986672e-05 466
1.1680000000069413e-05 467
1.1680999999708064e-05 468
1.1710999999969829e-05 469
1.173099999984828e-05 468
1.1734999999735152e-05 467
1.1739000000066113e-05 466
1.1740999999787505e-05 467
1.177100000004927e-05 468
1.1771999999687921e-05 469
1.1772999999770661e-05 470
1.1773999999853402e-05 471
1.1803999999671078e-05 472
1.1804999999753818e-05 473
1.1835000000015583e-05 474
1.1858999999780906e-05 473
1.1862999999667778e-05 472
1.1864999999833259e-05 473
1.1865999999916e-05 474
1.186699999999874e-05 473
1.1870999999885612e-05 472
1.1874999999772484e-05 471
1.1895999999733675e-05 472
1.192599999999544e-05 473
1.1926999999634091e-05 474
1.1927999999716832e-05 475
1.1928999999799572e-05 476
1.1959000000061337e-05 477
1.1988999999879013e-05 478
1.1994999999931366e-05 477
1.2018999999696689e-05 478
1.201999999977943e-05 479
1.202099999986217e-05 480
1.202199999994491e-05 481
1.2051999999762586e-05 482
1.2082000000024351e-05 483
1.2111999999842027e-05 484
1.2112999999924767e-05 485
1.2114000000007508e-05 486
1.2114999999646159e-05 485
1.211899999997712e-05 484
1.2122999999863993e-05 483
1.2126999999750865e-05 482
1.2143999999825184e-05 483
1.217399999964286e-05 484
1.21749999997256e-05 485
1.2204999999987365e-05 486
1.2206000000070105e-05 487
1.2206999999708756e-05 488
1.2207999999791497e-05 489
1.2238000000053262e-05 490
1.2238999999691913e-05 491
1.2239999999774653e-05 492
1.2240999999857394e-05 493
1.2241999999940134e-05 494
1.2243000000022874e-05 495
1.2243999999661526e-05 496
1.2244999999744266e-05 497
1.2246999999909747e-05 496
1.2250999999796619e-05 495
1.2254999999683491e-05 494
1.2259000000014453e-05 493
1.2262999999901325e-05 492
1.2275000000006031e-05 493
1.2304999999823707e-05 494
1.2305999999906447e-05 495
1.2306999999989188e-05 496
1.2307999999627839e-05 497
1.2337999999889604e-05 498
1.2338999999972344e-05 499
1.2340000000055085e-05 500
1.2340999999693736e-05 501
1.2341999999776476e-05 502
1.2372000000038241e-05 503
1.2372999999676892e-05 504
1.2373999999759633e-05 505
1.2374999999842373e-05 506
1.2375999999925114e-05 507
1.2377000000007854e-05 508
1.2377999999646505e-05 509
1.2378999999729245e-05 510
1.2383000000060207e-05 509
1.238699999994708e-05 508
1.2390999999833952e-05 507
1.2394999999720824e-05 506
1.2399000000051785e-05 505
1.2402999999938658e-05 504
1.240899999999101e-05 505
1.2409999999629662e-05 506
1.2439999999891427e-05 507
1.2440999999974167e-05 508
1.2470999999791843e-05 509
1.2471999999874583e-05 510
1.250199999969226e-05 511
1.2502999999775e-05 512
1.250399999985774e-05 513
1.252299999965345e-05 512
1.2533999999675416e-05 513
1.2563999999937181e-05 514
1.2593999999754857e-05 515
1.2594999999837597e-05 516
1.2595999999920338e-05 517
1.2625999999738013e-05 518
1.2642999999812332e-05 517
1.2646999999699204e-05 516
1.2651000000030166e-05 515
1.2654999999917038e-05 514
1.2655999999999779e-05 515
1.265699999963843e-05 516
1.265799999972117e-05 517
1.265899999980391e-05 518
1.265899999980391e-05 517
1.2662999999690783e-05 516
1.2667000000021744e-05 515
1.2689000000065676e-05 516
1.2718999999883351e-05 517
1.2748999999701027e-05 518
1.2749999999783768e-05 519
1.2750999999866508e-05 520
1.2780999999684184e-05 521
1.2786999999736537e-05 520
1.2791000000067498e-05 519
1.279499999995437e-05 518
1.2798999999841243e-05 517
1.2810999999945949e-05 518
1.2840999999763625e-05 519
1.2841999999846365e-05 520
1.2871999999664041e-05 521
1.2872999999746781e-05 522
1.2873999999829522e-05 523
1.2903999999647198e-05 524
1.2919000000000125e-05 523
1.2922999999886997e-05 522
1.292699999977387e-05 521
1.2930999999660742e-05 520
1.2933999999908963e-05 521
1.2934999999991703e-05 522
1.2935999999630354e-05 523
1.296599999989212e-05 524
1.296699999997486e-05 525
1.29680000000576e-05 526
1.2997999999875276e-05 527
1.2998999999958016e-05 528
1.3000000000040757e-05 529
1.3000999999679408e-05 530
1.3030999999941173e-05 531
1.3032000000023913e-05 532
1.3050999999819624e-05 531
1.306199999984159e-05 532
1.306299999992433e-05 533
1.3092999999742005e-05 534
1.312300000000377e-05 535
1.3152999999821446e-05 536
1.3170999999978505e-05 535
1.3174999999865378e-05 534
1.317899999975225e-05 533
1.3182999999639122e-05 534
1.3182999999639122e-05 533
1.3186999999970084e-05 532
1.3212999999900887e-05 533
1.3242999999718563e-05 534
1.3243999999801304e-05 535
1.3244999999884044e-05 536
1.3245999999966784e-05 537
1.327599999978446e-05 538
1.3306000000046225e-05 539
1.3306999999684876e-05 538
1.3311000000015838e-05 537
1.3335999999863901e-05 538
1.3336999999946642e-05 539
1.3338000000029382e-05 540
1.3338999999668033e-05 541
1.3368999999929798e-05 542
1.3398999999747474e-05 543
1.3399999999830214e-05 544
1.3400999999912955e-05 545
1.3401999999995695e-05 546
1.343099999973063e-05 545
1.3431999999813371e-05 546
1.3432999999896111e-05 547
1.3462999999713787e-05 548
1.3463999999796528e-05 549
1.3464999999879268e-05 550
1.3494999999696944e-05 551
1.3524999999958709e-05 552
1.3550999999889513e-05 551
1.3554999999776385e-05 552
1.3554999999776385e-05 551
1.3555999999859125e-05 552
1.3556999999941866e-05 553
1.3558000000024606e-05 554
1.3558999999663257e-05 555
1.3558999999663257e-05 554
1.3562999999994219e-05 553
1.356699999988109e-05 552
1.3588999999925022e-05 553
1.3618999999742698e-05 554
1.3619999999825438e-05 555
1.3620999999908179e-05 556
1.3650999999725855e-05 557
1.3651999999808595e-05 558
1.3652999999891335e-05 559
1.3653999999974076e-05 560
1.3683999999791752e-05 561
1.3687000000039973e-05 560
1.3690999999926845e-05 559
1.3694999999813717e-05 558
1.3714000000053517e-05 559
1.3743999999871193e-05 560
1.3744999999953933e-05 561
1.3774999999771609e-05 562
1.377599999985435e-05 563
1.377699999993709e-05 564
1.377800000001983e-05 565
1.3778999999658481e-05 566
1.3779999999741221e-05 567
1.3810000000002987e-05 568
1.3810999999641638e-05 569
1.3811999999724378e-05 570
1.3812999999807118e-05 571
1.38149999999726e-05 570
1.3818999999859471e-05 569
1.3822999999746344e-05 568
1.3843000000068884e-05 569
1.3843999999707535e-05 570
1.3844999999790275e-05 571
1.3845999999873015e-05 572
1.3846999999955756e-05 573
1.3848000000038496e-05 574
1.3848999999677147e-05 575
1.3849999999759888e-05 576
1.3880000000021653e-05 577
1.3880999999660304e-05 578
1.3881999999743044e-05 579
1.3882999999825785e-05 580
1.391299999964346e-05 581
1.3913999999726201e-05 582
1.3914999999808941e-05 583
1.3942999999905226e-05 582
1.3945000000070706e-05 583
1.3945999999709358e-05 584
1.3946999999792098e-05 585
1.3977000000053863e-05 586
1.3977999999692514e-05 587
1.3978999999775255e-05 588
1.3979999999857995e-05 589
1.3986999999993088e-05 590
1.400999999967567e-05 591
1.4010999999758411e-05 592
1.4011999999841152e-05 593
1.4012999999923892e-05 594
1.4014000000006632e-05 595
1.4043999999824308e-05 596
1.4044999999907049e-05 597
1.4045999999989789e-05 598
1.404699999962844e-05 599
1.404799999971118e-05 600
1.404899999979392e-05 601
1.4063000000064108e-05 600
1.406699999995098e-05 599
1.4070999999837852e-05 598
1.4079000000055686e-05 599
1.4108999999873362e-05 600
1.4109999999956102e-05 601
1.4139999999773778e-05 602
1.4140999999856518e-05 603
1.4141999999939259e-05 604
1.4143000000021999e-05 605
1.414399999966065e-05 606
1.4173999999922415e-05 607
1.4190999999996734e-05 606
1.4203999999740091e-05 607
1.4204999999822832e-05 608
1.4205999999905572e-05 609
1.4235999999723248e-05 610
1.4236999999805988e-05 611
1.4237999999888729e-05 612
1.4238999999971469e-05 613
1.4268999999789145e-05 614
1.429900000005091e-05 615
1.4299999999689561e-05 616
1.4310999999711527e-05 615
1.4315000000042488e-05 614
1.431899999992936e-05 613
1.4322999999816233e-05 612
1.4326999999703105e-05 611
1.4329999999951326e-05 612
1.4331000000034066e-05 613
1.4331000000034066e-05 612
1.4331999999672718e-05 613
1.4334999999920939e-05 612
1.4338999999807811e-05 611
1.4342999999694683e-05 610
1.4347000000025645e-05 609
1.4350999999912517e-05 608
1.4361999999934483e-05 609
1.4391999999752159e-05 610
1.4422000000013924e-05 611
1.4422999999652575e-05 612
1.445299999991434e-05 613
1.447099999962731e-05 612
1.4474999999958271e-05 611
1.4478999999845144e-05 610
1.4482999999732016e-05 611
1.4482999999732016e-05 610
1.4483999999814756e-05 611
1.4484999999897497e-05 612
1.4487000000062977e-05 611
1.449099999994985e-05 610
1.4494999999836722e-05 609
1.4498999999723594e-05 608
1.4514999999715172e-05 609
1.4544999999976937e-05 610
1.4574999999794613e-05 611
1.4605000000056378e-05 612
1.460599999969503e-05 613
1.4618999999882476e-05 612
1.4635999999956795e-05 613
1.4637000000039535e-05 614
1.4666999999857211e-05 615
1.4667999999939951e-05 616
1.4669000000022692e-05 617
1.4698999999840368e-05 618
1.4728999999658043e-05 619
1.4739000000041358e-05 618
1.474299999992823e-05 617
1.4746999999815102e-05 616
1.4750999999701975e-05 615
1.4755000000032936e-05 614
1.4758999999919808e-05 615
1.4758999999919808e-05 614
1.476299999980668e-05 613
1.4766999999693553e-05 612
1.4771000000024515e-05 611
1.4774999999911387e-05 610
1.4778999999798259e-05 609
1.4782999999685131e-05 608
1.4787000000016093e-05 607
1.4788999999737484e-05 608
1.4789999999820225e-05 609
1.4790999999902965e-05 608
1.4794999999789837e-05 607
1.479899999967671e-05 606
1.4803000000007671e-05 605
1.48199999996379e-05 606
1.4849999999899666e-05 607
1.4850999999982406e-05 608
1.4852000000065146e-05 609
1.4852999999703798e-05 610
1.4853999999786538e-05 611
1.4854999999869278e-05 612
1.4884999999686954e-05 613
1.491499999994872e-05 614
1.4922999999722464e-05 613
1.4944999999766395e-05 614
1.4945999999849136e-05 615
1.4975999999666811e-05 616
1.4976999999749552e-05 617
1.5007000000011317e-05 618
1.5007999999649968e-05 619
1.5008999999732708e-05 620
1.5038999999994473e-05 621
1.5039999999633125e-05 622
1.5040999999715865e-05 623
1.5042999999881346e-05 622
1.507099999997763e-05 623
1.5100999999795306e-05 624
1.5101999999878046e-05 625
1.5102999999960787e-05 626
1.5104000000043527e-05 627
1.5104999999682178e-05 628
1.5105999999764919e-05 629
1.5136000000026684e-05 630
1.5136999999665335e-05 631
1.5137999999748075e-05 632
1.5138999999830816e-05 633
1.5163000000040228e-05 632
1.51669999999271e-05 631
1.5168999999648491e-05 632
1.5170999999813972e-05 631
1.5174999999700844e-05 630
1.5179000000031806e-05 629
1.5182999999918678e-05 628
1.518699999980555e-05 627
1.5190999999692423e-05 626
1.5198999999910257e-05 627
1.5228999999727932e-05 628
1.5258999999989697e-05 629
1.525999999962835e-05 630
1.526099999971109e-05 631
1.526199999979383e-05 632
1.526299999987657e-05 633
1.526399999995931e-05 634
1.526500000004205e-05 635
1.5294999999859726e-05 636
1.5295999999942467e-05 637
1.5297000000025207e-05 638
1.5297999999663858e-05 639
1.52989999997466e-05 640
1.529999999982934e-05 641
1.530099999991208e-05 642
1.5310999999851305e-05 641
1.5314999999738177e-05 640
1.531900000006914e-05 639
1.532299999995601e-05 638
1.5326999999842883e-05 637
1.5330999999729755e-05 638
1.5330999999729755e-05 637
1.5331999999812496e-05 638
1.5335000000060717e-05 637
1.536199999963017e-05 638
1.5391999999891937e-05 639
1.5392999999974677e-05 640
1.5422999999792353e-05 641
1.5423999999875093e-05 642
1.545399999969277e-05 643
1.545499999977551e-05 644
1.545499999977551e-05 643
1.5485000000037275e-05 644
1.5485999999675926e-05 645
1.5486999999758666e-05 646
1.5487999999841406e-05 647
1.5488999999924147e-05 648
1.5490000000006887e-05 649
1.5519999999824563e-05 650
1.5520999999907303e-05 651
1.5521999999990044e-05 652
1.555199999980772e-05 653
1.557499999993439e-05 652
1.5578999999821264e-05 651
1.5582000000069485e-05 652
1.5582999999708136e-05 653
1.5582999999708136e-05 652
1.5587000000039097e-05 651
1.559099999992597e-05 650
1.5594999999812842e-05 649
1.5598999999699714e-05 648
1.5603000000030676e-05 647
1.5606999999917548e-05 646
1.56129999999699e-05 647
1.5642999999787577e-05 648
1.5643999999870317e-05 649
1.5644999999953058e-05 650
1.5646000000035798e-05 651
1.564699999967445e-05 652
1.5676999999936214e-05 653
1.570699999975389e-05 654
1.572699999963234e-05 653
1.5737000000015655e-05 654
1.576699999983333e-05 655
1.5796999999651007e-05 656
1.5797999999733747e-05 657
1.5827999999995512e-05 658
1.5828999999634163e-05 659
1.5829999999716904e-05 660
1.5830999999799644e-05 661
1.5846999999791223e-05 660
1.5850999999678095e-05 659
1.5855000000009056e-05 658
1.585899999989593e-05 657
1.586100000006141e-05 658
1.5890999999879085e-05 659
1.5891999999961826e-05 660
1.59219999997795e-05 661
1.5952000000041267e-05 662
1.5952999999679918e-05 663
1.5953999999762658e-05 664
1.597900000005481e-05 663
1.5984000000024423e-05 664
1.5984999999663074e-05 665
1.5985999999745815e-05 666
1.601600000000758e-05 667
1.601699999964623e-05 668
1.601799999972897e-05 669
1.6047999999990736e-05 670
1.6048999999629388e-05 671
1.6049999999712128e-05 672
1.6079999999973893e-05 673
1.6098999999769603e-05 672
1.6102999999656475e-05 671
1.610999999979157e-05 672
1.611099999987431e-05 673
1.6140999999691985e-05 674
1.6141999999774725e-05 675
1.617200000003649e-05 676
1.617299999967514e-05 677
1.6173999999757882e-05 678
1.6174999999840622e-05 679
1.6204999999658298e-05 680
1.6222999999815357e-05 679
1.622699999970223e-05 678
1.623100000003319e-05 677
1.6234999999920063e-05 678
1.6234999999920063e-05 677
1.6236000000002804e-05 678
1.6236999999641455e-05 679
1.6238999999806936e-05 678
1.6242999999693808e-05 677
1.624700000002477e-05 676
1.625099999991164e-05 675
1.6254999999798514e-05 674
1.6258999999685386e-05 673
1.6263000000016348e-05 672
1.626699999990322e-05 673
1.626699999990322e-05 672
1.6270999999790092e-05 671
1.6274999999676965e-05 670
1.6279000000007926e-05 669
1.6296999999720896e-05 670
1.632699999998266e-05 671
1.6356999999800337e-05 672
1.6387000000062102e-05 673
1.6387999999700753e-05 674
1.639899999972272e-05 673
1.6417999999962518e-05 674
1.641900000004526e-05 675
1.641999999968391e-05 676
1.642099999976665e-05 677
1.6451000000028415e-05 678
1.6451999999667066e-05 679
1.648199999992883e-05 680
1.6483000000011572e-05 681
1.6512999999829248e-05 682
1.65189999998816e-05 681
1.6522999999768473e-05 680
1.6542999999646923e-05 681
1.6543999999729664e-05 682
1.657399999999143e-05 683
1.6603999999809105e-05 684
1.663400000007087e-05 685
1.6642999999927355e-05 684
1.6663999999888546e-05 685
1.669399999970622e-05 686
1.6694999999788962e-05 687
1.6695999999871702e-05 688
1.6725999999689378e-05 689
1.672699999977212e-05 690
1.672799999985486e-05 691
1.6757999999672535e-05 692
1.6758999999755275e-05 693
1.6762999999642147e-05 692
1.676699999997311e-05 691
1.678900000001704e-05 692
1.678999999965569e-05 693
1.6819999999917457e-05 694
1.6849999999735132e-05 695
1.6850999999817873e-05 696
1.6851999999900613e-05 697
1.6852999999983354e-05 698
1.688299999980103e-05 699
1.688399999988377e-05 700
1.68869999996879e-05 699
1.6891000000018863e-05 698
1.6894999999905735e-05 697
1.6898999999792608e-05 696
1.690299999967948e-05 695
1.690700000001044e-05 694
1.6913999999701446e-05 695
1.6914999999784186e-05 696
1.6915999999866926e-05 697
1.6945999999684602e-05 698
1.6946999999767343e-05 699
1.6947999999850083e-05 700
1.697799999966776e-05 701
1.7007999999929524e-05 702
1.7009000000012264e-05 703
1.7009999999650915e-05 704
1.7010999999733656e-05 705
1.7026999999725234e-05 704
1.704099999999542e-05 705
1.7070999999813097e-05 706
1.7071999999895837e-05 707
1.7072999999978578e-05 708
1.7074000000061318e-05 709
1.7103999999878994e-05 710
1.7104999999961734e-05 711
1.7106000000044475e-05 712
1.7106999999683126e-05 713
1.7107999999765866e-05 714
1.713800000002763e-05 715
1.7146999999884116e-05 714
1.715099999977099e-05 713
1.7167999999845307e-05 714
1.7197999999662983e-05 715
1.7227999999924748e-05 716
1.7257999999742424e-05 717
1.7258999999825164e-05 718
1.7259999999907905e-05 719
1.7260999999990645e-05 720
1.727099999992987e-05 719
1.7274999999816743e-05 718
1.7278999999703615e-05 717
1.7283000000034576e-05 716
1.728699999992145e-05 715
1.729099999980832e-05 716
1.729099999980832e-05 715
1.7321000000070086e-05 716
1.7350999999887762e-05 717
1.7351999999970502e-05 718
1.7353000000053243e-05 719
1.7353999999691894e-05 720
1.7354999999774634e-05 721
1.7355999999857374e-05 722
1.738599999967505e-05 723
1.7410999999967203e-05 722
1.7414999999854075e-05 721
1.7415999999936815e-05 722
1.7417000000019556e-05 723
1.7417999999658207e-05 724
1.7418999999740947e-05 725
1.7449000000002712e-05 726
1.7449999999641364e-05 727
1.7450999999724104e-05 728
1.748099999998587e-05 729
1.7510999999803545e-05 730
1.7535000000012957e-05 729
1.753899999989983e-05 728
1.754100000006531e-05 729
1.754199999970396e-05 730
1.7571999999965726e-05 731
1.7573000000048467e-05 732
1.7573999999687118e-05 733
1.7603999999948883e-05 734
1.763399999976656e-05 735
1.76349999998493e-05 736
1.763599999993204e-05 737
1.763700000001478e-05 738
1.765900000005871e-05 737
1.7662999999945583e-05 736
1.7666999999832456e-05 737
1.7667999999915196e-05 738
1.7697999999732872e-05 739
1.7698999999815612e-05 740
1.7728999999633288e-05 741
1.772999999971603e-05 742
1.773099999979877e-05 743
1.7761000000060534e-05 744
1.7782999999660376e-05 743
1.7786999999991338e-05 742
1.779099999987821e-05 743
1.779099999987821e-05 742
1.779199999996095e-05 743
1.779300000004369e-05 744
1.7794999999765082e-05 743
1.7798999999651954e-05 742
1.7802999999982916e-05 741
1.7822999999861366e-05 742
1.7823999999944107e-05 743
1.7825000000026847e-05 744
1.78259999996655e-05 745
1.7855999999927263e-05 746
1.788599999974494e-05 747
1.7916000000006704e-05 748
1.7916999999645356e-05 749
1.792299999969771e-05 748
1.794699999990712e-05 749
1.794799999998986e-05 750
1.7977999999807537e-05 751
1.7978999999890277e-05 752
1.7979999999973018e-05 753
1.8009999999790693e-05 754
1.8010999999873434e-05 755
1.804099999969111e-05 756
1.804199999977385e-05 757
1.804299999985659e-05 758
1.804299999985659e-05 757
1.804399999993933e-05 758
1.8046999999743463e-05 757
1.8073999999757007e-05 758
1.8074999999839747e-05 759
1.8104999999657423e-05 760
1.8105999999740163e-05 761
1.8106999999822904e-05 762
1.8107999999905644e-05 763
1.813799999972332e-05 764
1.813899999980606e-05 765
1.81399999998888e-05 766
1.814099999997154e-05 767
1.814200000005428e-05 768
1.8166999999902345e-05 767
1.8170999999789217e-05 766
1.8171999999871957e-05 767
1.817499999967609e-05 766
1.817900000000705e-05 765
1.8182999999893923e-05 764
1.8186999999780795e-05 763
1.8190999999667667e-05 762
1.819499999999863e-05 761
1.81989999998855e-05 760
1.8201999999689633e-05 761
1.8231999999951398e-05 762
1.823300000003414e-05 763
1.8262999999851814e-05 764
1.8263999999934555e-05 765
1.8265000000017295e-05 766
1.829499999983497e-05 767
1.829599999991771e-05 768
1.8297000000000452e-05 769
1.8319000000044383e-05 768
1.8322999999931255e-05 767
1.8326999999818128e-05 768
1.8326999999818128e-05 767
1.8330999999705e-05 766
1.833500000003596e-05 765
1.8356999999635804e-05 766
1.838699999989757e-05 767
1.8416999999715244e-05 768
1.844699999997701e-05 769
1.844800000005975e-05 770
1.84489999996984e-05 771
1.844999999978114e-05 772
1.8450999999863882e-05 773
1.8454999999750754e-05 772
1.8480999999681558e-05 773
1.8510999999943323e-05 774
1.8512000000026063e-05 775
1.8512999999664714e-05 776
1.854299999992648e-05 777
1.854400000000922e-05 778
1.8573999999826896e-05 779
1.8574999999909636e-05 778
1.8578999999796508e-05 777
1.858299999968338e-05 776
1.8587000000014342e-05 775
1.8590999999901214e-05 774
1.8594999999788087e-05 773
1.860399999964457e-05 774
1.8633999999906337e-05 775
1.8663999999724012e-05 776
1.8693999999985778e-05 777
1.8695000000068518e-05 778
1.871499999994697e-05 777
1.871899999983384e-05 776
1.8724999999886194e-05 777
1.8725999999968934e-05 778
1.8727000000051675e-05 779
1.8727999999690326e-05 780
1.875799999995209e-05 781
1.875900000003483e-05 782
1.8788999999852507e-05 783
1.8818999999670183e-05 784
1.8838999999992723e-05 783
1.8842999999879595e-05 782
1.8846999999766467e-05 781
1.8848999999931948e-05 782
1.885099999965334e-05 781
1.88549999999843e-05 780
1.8858999999871173e-05 779
1.8862999999758046e-05 778
1.8878999999749624e-05 779
1.890900000001139e-05 780
1.890999999965004e-05 781
1.8939999999911805e-05 782
1.8940999999994546e-05 783
1.8941999999633197e-05 784
1.8942999999715937e-05 785
1.8972999999977702e-05 786
1.8974000000060443e-05 787
1.8982999999916927e-05 786
1.89869999998038e-05 785
1.900399999987812e-05 786
1.900499999996086e-05 787
1.90060000000436e-05 788
1.900699999968225e-05 789
1.9036999999944015e-05 790
1.906699999976169e-05 791
1.906799999984443e-05 792
1.9097999999662107e-05 793
1.9098999999744848e-05 794
1.9099999999827588e-05 795
1.910099999991033e-05 796
1.910699999996268e-05 795
1.9110999999849554e-05 794
1.9114999999736426e-05 793
1.9119000000067388e-05 792
1.9130999999728004e-05 793
1.9131999999810745e-05 794
1.9132999999893485e-05 795
1.916299999971116e-05 796
1.9192999999972926e-05 797
1.9222999999790602e-05 798
1.9223999999873342e-05 799
1.9224999999956083e-05 800
1.9226000000038823e-05 801
1.9226999999677474e-05 802
1.923899999978218e-05 801
1.9242999999669053e-05 800
1.9247000000000014e-05 799
1.9250999999886886e-05 798
1.925499999977376e-05 797
1.925699999993924e-05 798
1.925899999966063e-05 797
1.9286999999756915e-05 798
1.931700000001868e-05 799
1.931799999965733e-05 800
1.9347999999919097e-05 801
1.9377999999736772e-05 802
1.9378999999819513e-05 803
1.9378999999819513e-05 802
1.940899999963719e-05 803
1.940999999971993e-05 804
1.941099999980267e-05 805
1.9441000000064435e-05 806
1.9441999999703086e-05 807
1.9442999999785826e-05 808
1.9443999999868566e-05 809
1.9473999999686242e-05 810
1.9474999999768983e-05 811
1.9475999999851723e-05 812
1.9498999999978395e-05 811
1.9502999999865267e-05 810
1.95059999996694e-05 811
1.950699999975214e-05 810
1.9535999999931164e-05 811
1.956599999974884e-05 812
1.956699999983158e-05 813
1.956799999991432e-05 814
1.956899999999706e-05 815
1.9598999999814737e-05 816
1.962699999991102e-05 815
1.9628999999632413e-05 816
1.9629999999715153e-05 817
1.9630999999797893e-05 818
1.966100000005966e-05 819
1.966199999969831e-05 820
1.9691999999960075e-05 821
1.9693000000042815e-05 822
1.972299999986049e-05 823
1.9747000000069903e-05 822
1.9750999999956775e-05 821
1.9752999999678167e-05 822
1.9782999999939932e-05 823
1.9812999999757608e-05 824
1.9843000000019373e-05 825
1.9870999999671568e-05 824
1.987299999983705e-05 825
1.987399999991979e-05 826
1.987500000000253e-05 825
1.9903999999737465e-05 826
1.9904999999820205e-05 827
1.9905999999902946e-05 828
1.993599999972062e-05 829
1.9936999999803362e-05 830
1.9937999999886102e-05 831
1.9938999999968843e-05 832
1.996899999978652e-05 833
1.996999999986926e-05 834
1.9994999999717322e-05 833
1.9999000000048284e-05 832
1.9999999999686935e-05 833
2.0000999999769675e-05 834
2.0002999999935156e-05 833
2.0006999999822028e-05 832
2.003100000003144e-05 833
2.0060999999849116e-05 834
2.0061999999931857e-05 835
2.0063000000014597e-05 836
2.0092999999832273e-05 837
2.012299999964995e-05 838
2.012399999973269e-05 839
2.012699999998091e-05 838
2.0153999999994454e-05 839
2.0154999999633105e-05 840
2.018499999989487e-05 841
2.0214999999712546e-05 842
2.0215999999795287e-05 843
2.024600000005705e-05 844
2.0246999999695703e-05 845
2.0246999999695703e-05 844
2.0247999999778443e-05 845
2.027800000004021e-05 846
2.027899999967886e-05 847
2.02799999997616e-05 848
2.028099999984434e-05 849
2.028199999992708e-05 850
2.0311999999744756e-05 851
2.0312999999827497e-05 852
2.0313999999910237e-05 853
2.0314999999992978e-05 854
2.031599999963163e-05 855
2.0345999999893394e-05 856
2.0366999999854585e-05 855
2.0370999999741457e-05 854
2.037499999962833e-05 853
2.037599999971107e-05 854
2.037699999979381e-05 855
2.037899999995929e-05 854
2.0382999999846163e-05 853
2.0407000000055575e-05 854
2.043699999987325e-05 855
2.043799999995599e-05 856
2.0467999999773667e-05 857
2.0498000000035432e-05 858
2.0498999999674083e-05 859
2.0503000000005045e-05 858
2.052899999993585e-05 859
2.0558999999753524e-05 860
2.0559999999836265e-05 861
2.0560999999919005e-05 862
2.059099999973668e-05 863
2.059199999981942e-05 864
2.0592999999902162e-05 865
2.0593999999984902e-05 866
2.0622999999719838e-05 865
2.0623999999802578e-05 866
2.0654000000064343e-05 867
2.068399999988202e-05 868
2.068499999996476e-05 869
2.0714999999782435e-05 870
2.0715999999865176e-05 871
2.074299999987872e-05 870
2.074599999968285e-05 871
2.0746999999765592e-05 872
2.0746999999765592e-05 871
2.0747999999848332e-05 872
2.0748999999931073e-05 873
2.0750000000013813e-05 874
2.0750999999652464e-05 873
2.0754999999983426e-05 872
2.0758999999870298e-05 871
2.077999999983149e-05 872
2.0809999999649165e-05 873
2.083999999991093e-05 874
2.0869999999728606e-05 875
2.0870999999811346e-05 876
2.0871999999894086e-05 877
2.0872999999976827e-05 878
2.0874000000059567e-05 879
2.087900000002918e-05 878
2.0903999999877243e-05 879
2.093399999969492e-05 880
2.0963999999956684e-05 881
2.0965000000039424e-05 882
2.0965999999678075e-05 883
2.0966999999760816e-05 884
2.099700000002258e-05 885
2.0998999999743972e-05 884
2.1026999999840257e-05 885
2.1056999999657933e-05 886
2.1057999999740673e-05 887
2.1058999999823413e-05 888
2.1059999999906154e-05 889
2.1060999999988894e-05 890
2.1061999999627545e-05 891
2.109199999988931e-05 892
2.109299999997205e-05 893
2.1118999999902854e-05 892
2.1122999999789727e-05 893
2.1153000000051492e-05 894
2.1153999999690143e-05 895
2.1154999999772883e-05 896
2.118500000003465e-05 897
2.1214999999852324e-05 898
2.1215999999935065e-05 899
2.1217000000017805e-05 900
2.1217999999656456e-05 901
2.1239000000061736e-05 900
2.124299999994861e-05 899
2.124699999983548e-05 898
2.124799999991822e-05 899
2.124900000000096e-05 900
2.1249999999639613e-05 901
2.1250999999722353e-05 902
2.1250999999722353e-05 901
2.1255000000053315e-05 900
2.1280999999984118e-05 901
2.128200000006686e-05 902
2.1311999999884534e-05 903
2.134199999970221e-05 904
2.134299999978495e-05 905
2.134399999986769e-05 906
2.1373999999685367e-05 907
2.1374999999768107e-05 908
2.1374999999768107e-05 907
2.1375999999850848e-05 908
2.1376999999933588e-05 909
2.1406999999751264e-05 910
2.143700000001303e-05 911
2.143799999965168e-05 912
2.1467999999913445e-05 913
2.149499999992699e-05 912
2.149799999973112e-05 913
2.149899999981386e-05 914
2.149899999981386e-05 913
2.1528999999631537e-05 914
2.1558999999893302e-05 915
2.1588999999710978e-05 916
2.1618999999972743e-05 917
2.1618999999972743e-05 916
2.1620000000055484e-05 917
2.1622999999859616e-05 916
2.164999999987316e-05 917
2.1679999999690835e-05 918
2.1680999999773576e-05 919
2.1681999999856316e-05 920
2.1682999999939057e-05 921
2.1712999999756732e-05 922
2.1743000000018498e-05 923
2.1743000000018498e-05 922
2.174399999965715e-05 923
2.174699999990537e-05 922
2.1750999999792242e-05 921
2.1754999999679114e-05 920
2.1759000000010076e-05 919
2.1773999999918914e-05 920
2.1775000000001654e-05 921
2.1775999999640305e-05 922
2.180599999990207e-05 923
2.180699999998481e-05 924
2.1836999999802487e-05 925
2.1837999999885227e-05 926
2.1867999999702903e-05 927
2.1868999999785643e-05 928
2.187899999972487e-05 927
2.188300000005583e-05 926
2.1886999999942702e-05 925
2.1890999999829575e-05 924
2.189900000004741e-05 925
2.189999999968606e-05 926
2.1929999999947825e-05 927
2.1931000000030565e-05 928
2.1931999999669216e-05 929
2.1932999999751956e-05 930
2.196300000001372e-05 931
2.1992999999831397e-05 932
2.2010999999988456e-05 931
2.201499999987533e-05 930
2.2022999999649073e-05 931
2.2023999999731814e-05 932
2.205399999999358e-05 933
2.2083999999811255e-05 934
2.211399999962893e-05 935
2.211499999971167e-05 936
2.211599999979441e-05 937
2.211699999987715e-05 938
2.213500000003421e-05 937
2.2138999999921083e-05 936
2.2142999999807955e-05 935
2.2146999999694827e-05 936
2.2146999999694827e-05 935
2.2147999999777568e-05 936
2.2178000000039333e-05 937
2.220799999985701e-05 938
2.220899999993975e-05 939
2.221000000002249e-05 940
2.2239999999840165e-05 941
2.226699999985371e-05 940
2.226999999965784e-05 941
2.227099999974058e-05 942
2.2301000000002347e-05 943
2.2301999999640998e-05 944
2.2331999999902763e-05 945
2.2332999999985503e-05 946
2.236299999980318e-05 947
2.236399999988592e-05 948
2.238700000001259e-05 947
2.2393999999703595e-05 948
2.2394999999786336e-05 949
2.2395999999869076e-05 950
2.2425999999686752e-05 951
2.2426999999769492e-05 952
2.2457000000031258e-05 953
2.245799999966991e-05 954
2.245899999975265e-05 955
2.2489000000014414e-05 956
2.2506999999727384e-05 955
2.2511000000058345e-05 954
2.2514999999945218e-05 953
2.251899999983209e-05 954
2.251899999983209e-05 953
2.2522999999718962e-05 952
2.2527000000049924e-05 951
2.2548999999649766e-05 952
2.2549999999732506e-05 953
2.2550999999815247e-05 954
2.2551999999897987e-05 955
2.2552999999980727e-05 956
2.2554000000063468e-05 957
2.2583999999881144e-05 958
2.2584999999963884e-05 959
2.2586000000046624e-05 960
2.26159999998643e-05 961
2.2645999999681976e-05 962
2.2646999999764716e-05 963
2.2646999999764716e-05 962
2.2647999999847457e-05 963
2.2677999999665133e-05 964
2.2707999999926898e-05 965
2.2709000000009638e-05 966
2.270999999964829e-05 967
2.2739999999910054e-05 968
2.27669999999236e-05 967
2.276999999972773e-05 968
2.277099999981047e-05 967
2.2774999999697343e-05 966
2.2779000000028304e-05 965
2.2782999999915177e-05 964
2.278699999980205e-05 963
2.279099999968892e-05 962
2.2795000000019883e-05 961
2.2799999999989495e-05 962
2.2800999999628146e-05 963
2.2801999999710887e-05 964
2.2831999999972652e-05 965
2.2861999999790328e-05 966
2.2892000000052093e-05 967
2.2892999999690744e-05 968
2.2914999999734675e-05 967
2.2919000000065637e-05 966
2.292299999995251e-05 967
2.292299999995251e-05 966
2.292400000003525e-05 967
2.2953999999852925e-05 968
2.29839999996706e-05 969
2.298499999975334e-05 970
2.2985999999836082e-05 971
2.3015999999653758e-05 972
2.3042999999667302e-05 971
2.3045999999915523e-05 972
2.3046999999998263e-05 973
2.3046999999998263e-05 972
2.3050999999885136e-05 971
2.307699999981594e-05 972
2.307799999989868e-05 973
2.307899999998142e-05 974
2.3108999999799096e-05 975
2.313900000006086e-05 976
2.3168999999878537e-05 977
2.3171000000044017e-05 976
2.3198999999696213e-05 977
2.3199999999778953e-05 978
2.3230000000040718e-05 979
2.323099999967937e-05 980
2.3260999999941134e-05 981
2.3262000000023875e-05 982
2.329099999975881e-05 981
2.329199999984155e-05 982
2.3321999999659226e-05 983
2.3322999999741967e-05 984
2.3323999999824707e-05 985
2.3353999999642383e-05 986
2.3354999999725123e-05 987
2.338499999998689e-05 988
2.338600000006963e-05 989
2.3410999999917692e-05 988
2.3415999999887305e-05 989
2.344599999970498e-05 990
2.344699999978772e-05 991
2.3477000000049486e-05 992
2.3506999999867162e-05 993
2.3530999999632485e-05 992
2.3534999999963446e-05 991
2.3536999999684838e-05 992
2.3566999999946603e-05 993
2.3568000000029343e-05 994
2.359799999984702e-05 995
2.359899999992976e-05 996
2.3628999999747435e-05 997
2.365499999967824e-05 996
2.36590000000092e-05 997
2.365999999964785e-05 998
2.3660999999730592e-05 999
2.3690999999992357e-05 1000
2.3691999999631008e-05 1001
2.3721999999892773e-05 1002
2.3722999999975514e-05 1003
2.3724000000058254e-05 1004
2.3724999999696905e-05 1005
2.375499999995867e-05 1006
2.377499999983712e-05 1005
2.3778999999723993e-05 1004
2.3784999999776346e-05 1005
2.3785999999859087e-05 1006
2.3815999999676762e-05 1007
2.3845999999938527e-05 1008
2.3847000000021268e-05 1009
2.3876999999838944e-05 1010
2.3877999999921684e-05 1011
2.3898999999882875e-05 1010
2.3902999999769747e-05 1009
2.390799999973936e-05 1010
2.3938000000001125e-05 1011
2.39679999998188e-05 1012
2.3997999999636477e-05 1013
2.402299999992863e-05 1012
2.40269999998155e-05 1011
2.4027999999898242e-05 1012
2.4028999999980982e-05 1013
2.4030000000063723e-05 1014
2.4030999999702374e-05 1015
2.4030999999702374e-05 1014
2.4031999999785114e-05 1015
2.4032999999867855e-05 1016
2.406299999968553e-05 1017
2.406399999976827e-05 1018
2.406499999985101e-05 1019
2.4094999999668687e-05 1020
2.4095999999751427e-05 1021
2.4096999999834168e-05 1022
2.4126999999651844e-05 1023
2.4127999999734584e-05 1024
2.4128999999817324e-05 1025
2.4150999999861256e-05 1024
2.4158999999635e-05 1025
2.415999999971774e-05 1026
2.416099999980048e-05 1027
2.4191000000062246e-05 1028
2.4191999999700897e-05 1029
2.4192999999783638e-05 1030
2.4223000000045403e-05 1031
2.425299999986308e-05 1032
2.425399999994582e-05 1033
2.425500000002856e-05 1034
2.4271000000020138e-05 1033
2.427499999990701e-05 1032
2.4284999999846235e-05 1033
2.431499999966391e-05 1034
2.4344999999925676e-05 1035
2.4374999999743352e-05 1036
2.4375999999826092e-05 1037
2.4376999999908833e-05 1038
2.4377999999991573e-05 1039
2.4395000000065892e-05 1038
2.4398999999952764e-05 1037
2.4402999999839636e-05 1036
2.440699999972651e-05 1035
2.440799999980925e-05 1036
2.4438000000071014e-05 1037
2.4438999999709665e-05 1038
2.446899999997143e-05 1039
2.4498999999789106e-05 1040
2.4499999999871847e-05 1041
2.4500999999954587e-05 1042
2.4502000000037327e-05 1043
2.452699999988539e-05 1042
2.4530999999772263e-05 1041
2.4531999999855003e-05 1042
2.4534999999659135e-05 1041
2.456199999967268e-05 1042
2.456299999975542e-05 1043
2.456399999983816e-05 1044
2.45649999999209e-05 1045
2.456600000000364e-05 1046
2.456699999964229e-05 1047
2.4596999999904057e-05 1048
2.4597999999986797e-05 1049
2.4599000000069537e-05 1050
2.459999999970819e-05 1051
2.4629999999969954e-05 1052
2.4631000000052694e-05 1053
2.4631999999691345e-05 1054
2.4654999999818017e-05 1053
2.465899999970489e-05 1052
2.466199999995311e-05 1053
2.466300000003585e-05 1052
2.4666999999922723e-05 1051
2.4691999999770786e-05 1052
2.4692999999853527e-05 1053
2.4693999999936267e-05 1054
2.4723999999753943e-05 1055
2.4724999999836683e-05 1056
2.4725999999919424e-05 1057
2.47559999997371e-05 1058
2.475699999981984e-05 1059
2.4786999999637516e-05 1060
2.4786999999637516e-05 1059
2.4790999999968477e-05 1058
2.479499999985535e-05 1059
2.479499999985535e-05 1058
2.481699999989928e-05 1059
2.4846999999716957e-05 1060
2.4847999999799697e-05 1061
2.4848999999882437e-05 1062
2.4849999999965178e-05 1063
2.4879999999782854e-05 1064
2.491000000004462e-05 1065
2.491099999968327e-05 1066
2.491500000001423e-05 1065
2.4918999999901104e-05 1064
2.4940999999945035e-05 1065
2.497099999976271e-05 1066
2.497199999984545e-05 1067
2.497299999992819e-05 1068
2.5002999999745867e-05 1069
2.5033000000007632e-05 1070
2.5039000000059985e-05 1069
2.5042999999946858e-05 1068
2.506299999982531e-05 1069
2.5092999999642984e-05 1070
2.5093999999725725e-05 1071
2.512399999998749e-05 1072
2.512500000007023e-05 1073
2.512599999970888e-05 1074
2.5155999999970646e-05 1075
2.5157000000053387e-05 1076
2.5157999999692038e-05 1077
2.5158999999774778e-05 1078
2.515999999985752e-05 1079
2.516099999994026e-05 1080
2.516299999966165e-05 1079
2.5166999999992612e-05 1078
2.5170999999879484e-05 1077
2.5174999999766356e-05 1076
2.5190999999757935e-05 1077
2.52210000000197e-05 1078
2.522199999965835e-05 1079
2.5251999999920116e-05 1080
2.5253000000002856e-05 1081
2.5282999999820532e-05 1082
2.529499999992524e-05 1081
2.5312999999638208e-05 1082
2.5342999999899973e-05 1083
2.537299999971765e-05 1084
2.5402999999979414e-05 1085
2.541499999964003e-05 1084
2.543299999979709e-05 1085
2.5463000000058855e-05 1086
2.549299999987653e-05 1087
2.5522999999694207e-05 1088
2.5534999999798913e-05 1087
2.5538999999685785e-05 1086
2.5543000000016747e-05 1085
2.554699999990362e-05 1084
2.5552999999955972e-05 1085
2.5582999999773648e-05 1086
2.5613000000035413e-05 1087
2.564299999985309e-05 1088
2.56670000000625e-05 1087
2.5672999999670765e-05 1088
2.570299999993253e-05 1089
2.5732999999750206e-05 1090
2.5733999999832946e-05 1091
2.5755999999876877e-05 1092
2.5763999999650622e-05 1093
2.5786999999777294e-05 1092
2.5790999999664166e-05 1091
2.5793999999912387e-05 1092
2.5794999999995127e-05 1091
2.5798999999882e-05 1090
2.5823999999730063e-05 1091
2.5853999999991828e-05 1092
2.587600000003576e-05 1093
2.5883999999809504e-05 1094
2.591400000007127e-05 1095
2.591900000004088e-05 1094
2.5922999999927754e-05 1093
2.5926999999814626e-05 1092
2.59309999997015e-05 1091
2.593500000003246e-05 1090
2.5938999999919332e-05 1089
2.5943999999888945e-05 1090
2.597399999970662e-05 1091
2.6003999999968386e-05 1092
2.603399999978606e-05 1093
2.6058999999634125e-05 1092
2.6064000000047827e-05 1093
2.6093999999865503e-05 1094
2.612399999968318e-05 1095
2.612499999976592e-05 1096
2.6155000000027684e-05 1097
2.6178999999793007e-05 1096
2.618299999967988e-05 1095
2.618499999984536e-05 1096
2.6214999999663036e-05 1097
2.62449999999248e-05 1098
2.6274999999742477e-05 1099
2.630299999983876e-05 1098
2.630500000000424e-05 1099
2.6306999999725633e-05 1098
2.6311000000056595e-05 1097
2.6314999999943467e-05 1096
2.631899999983034e-05 1095
2.632299999971721e-05 1094
2.6334999999821918e-05 1095
2.6364999999639593e-05 1096
2.639499999990136e-05 1097
2.6424999999719034e-05 1098
2.6442999999876093e-05 1097
2.64549999999808e-05 1098
2.6484999999798475e-05 1099
2.651500000006024e-05 1100
2.6544999999877916e-05 1101
2.6563000000034975e-05 1100
2.6566999999921848e-05 1099
2.657099999980872e-05 1098
2.6574999999695592e-05 1099
2.6574999999695592e-05 1098
2.6579000000026554e-05 1097
2.6604999999957357e-05 1098
2.6615999999979323e-05 1099
2.6634999999775033e-05 1100
2.6665000000036798e-05 1101
2.6694999999854474e-05 1102
2.6698999999741346e-05 1101
2.672499999967215e-05 1102
2.6754999999933915e-05 1103
2.678499999975159e-05 1104
2.6815000000013356e-05 1105
2.6818999999900228e-05 1104
2.68229999997871e-05 1103
2.6826999999673973e-05 1102
2.6831000000004934e-05 1101
2.6834999999891807e-05 1100
2.6844999999831032e-05 1101
2.6874999999648708e-05 1102
2.6904999999910473e-05 1103
2.693499999972815e-05 1104
2.695500000005069e-05 1103
2.695899999993756e-05 1102
2.6962999999824433e-05 1101
2.6964999999989914e-05 1102
2.699499999980759e-05 1103
2.7025000000069355e-05 1104
2.705499999988703e-05 1105
2.7082999999983315e-05 1104
2.7084999999704706e-05 1105
2.7086999999870187e-05 1104
2.711499999996647e-05 1105
2.7144999999784147e-05 1106
2.7175000000045912e-05 1107
2.7204999999863588e-05 1108
2.720700000002907e-05 1107
2.7234999999681264e-05 1108
2.726499999994303e-05 1109
2.7294999999760705e-05 1110
2.732500000002247e-05 1111
2.7326999999743862e-05 1110
2.7330999999630734e-05 1109
2.7334999999961695e-05 1108
2.7354999999840146e-05 1109
2.7384999999657822e-05 1110
2.7414999999919587e-05 1111
2.7444999999737263e-05 1112
2.7454999999676488e-05 1111
2.7474999999999028e-05 1112
2.7504999999816704e-05 1113
2.753499999963438e-05 1114
2.7564999999896145e-05 1115
2.757499999983537e-05 1114
2.7578999999722242e-05 1113
2.7583000000053204e-05 1112
2.759499999971382e-05 1113
2.7624999999975586e-05 1114
2.765499999979326e-05 1115
2.7685000000055027e-05 1116
2.7702999999767997e-05 1115
2.7714999999872703e-05 1116
2.774499999969038e-05 1117
2.7774999999952144e-05 1118
2.780499999976982e-05 1119
2.782299999992688e-05 1118
2.782699999981375e-05 1117
2.7835000000031584e-05 1118
2.786499999984926e-05 1119
2.7894999999666936e-05 1120
2.79249999999287e-05 1121
2.7946999999972633e-05 1120
2.7950999999859505e-05 1119
2.7954999999746377e-05 1120
2.7985000000008142e-05 1121
2.8014999999825818e-05 1122
2.8044999999643494e-05 1123
2.8071000000018387e-05 1122
2.807499999990526e-05 1123
2.807499999990526e-05 1122
2.807899999979213e-05 1121
2.8104999999722935e-05 1122
2.81349999999847e-05 1123
2.8164999999802376e-05 1124
2.819500000006414e-05 1125
2.8198999999951013e-05 1124
2.8224999999881817e-05 1125
2.8254999999699493e-05 1126
2.8284999999961258e-05 1127
2.8314999999778934e-05 1128
2.8318999999665806e-05 1127
2.8322999999996767e-05 1126
2.832699999988364e-05 1125
2.8330999999770512e-05 1124
2.83450000000407e-05 1125
2.8374999999858375e-05 1126
2.840499999967605e-05 1127
2.8434999999937816e-05 1128
2.8450999999929394e-05 1127
2.8454999999816266e-05 1126
2.846499999975549e-05 1127
2.8495000000017257e-05 1128
2.8524999999834932e-05 1129
2.8554999999652608e-05 1130
2.8574999999975148e-05 1129
2.8584999999914373e-05 1130
2.861499999973205e-05 1131
2.8644999999993814e-05 1132
2.867499999981149e-05 1133
2.869499999968994e-05 1132
2.8704999999629166e-05 1133
2.873499999989093e-05 1134
2.8764999999708607e-05 1135
2.8794999999970372e-05 1136
2.8814999999848823e-05 1135
2.8818999999735695e-05 1134
2.8823000000066656e-05 1133
2.8824999999788048e-05 1134
2.882699999995353e-05 1133
2.88309999998404e-05 1132
2.8834999999727273e-05 1131
2.8839000000058235e-05 1130
2.8842999999945107e-05 1129
2.884699999983198e-05 1128
2.885099999971885e-05 1127
2.8855000000049813e-05 1128
2.888499999986749e-05 1129
2.8914999999685165e-05 1130
2.894499999994693e-05 1131
2.8970999999877733e-05 1130
2.8974999999764606e-05 1131
2.900500000002637e-05 1132
2.9034999999844047e-05 1133
2.9064999999661723e-05 1134
2.9091000000036615e-05 1133
2.9094999999923488e-05 1134
2.9094999999923488e-05 1133
2.909899999981036e-05 1132
2.9102999999697232e-05 1131
2.9124999999741163e-05 1132
2.915500000000293e-05 1133
2.9184999999820604e-05 1134
2.921499999963828e-05 1135
2.9222999999856114e-05 1134
2.9226999999742986e-05 1133
2.9244999999900045e-05 1134
2.927499999971772e-05 1135
2.9304999999979486e-05 1136
2.9334999999797162e-05 1137
2.9346999999901868e-05 1136
2.935099999978874e-05 1135
2.9354999999675613e-05 1134
2.9359000000006574e-05 1133
2.9362999999893447e-05 1132
2.9365000000058927e-05 1133
2.936699999978032e-05 1132
2.937099999966719e-05 1131
2.9394999999876603e-05 1132
2.942499999969428e-05 1133
2.9454999999956044e-05 1134
2.948499999977372e-05 1135
2.9490999999826073e-05 1134
2.9515000000035485e-05 1135
2.954499999985316e-05 1136
2.9574999999670837e-05 1137
2.9604999999932602e-05 1138
2.9610999999984955e-05 1137
2.9614999999871827e-05 1136
2.96189999997587e-05 1135
2.9622999999645572e-05 1134
2.9626999999976533e-05 1133
2.9634999999750278e-05 1134
2.9665000000012043e-05 1135
2.969499999982972e-05 1136
2.9724999999647395e-05 1137
2.9746999999691326e-05 1136
2.9751000000022287e-05 1135
2.975499999990916e-05 1136
2.975499999990916e-05 1135
2.9758999999796032e-05 1134
2.9762999999682904e-05 1133
2.9784999999726836e-05 1134
2.98149999999886e-05 1135
2.9844999999806276e-05 1136
2.987500000006804e-05 1137
2.9882999999841786e-05 1136
2.9904999999885717e-05 1137
2.9934999999703393e-05 1138
2.996499999996516e-05 1139
2.9994999999782834e-05 1140
3.0003000000000668e-05 1139
3.000699999988754e-05 1138
3.0010999999774413e-05 1137
3.0014999999661285e-05 1136
3.00250000000446e-05 1137
3.0054999999862275e-05 1138
3.008499999967995e-05 1139
3.0114999999941716e-05 1140
3.0134999999820167e-05 1139
3.0144999999759392e-05 1140
3.0175000000021157e-05 1141
3.0204999999838833e-05 1142
3.023499999965651e-05 1143
3.025499999997905e-05 1142
3.0264999999918274e-05 1143
3.029499999973595e-05 1144
3.0324999999997715e-05 1145
3.035499999981539e-05 1146
3.037499999969384e-05 1145
3.0379000000024803e-05 1144
3.0384999999633067e-05 1145
3.0414999999894832e-05 1146
3.0444999999712508e-05 1147
3.0474999999974273e-05 1148
3.0498999999739596e-05 1147
3.0503000000070557e-05 1146
3.050499999979195e-05 1147
3.0535000000053714e-05 1148
3.056499999987139e-05 1149
3.0594999999689065e-05 1150
3.062299999978535e-05 1149
3.062499999995083e-05 1150
3.062699999967222e-05 1149
3.0631000000003183e-05 1148
3.0634999999890056e-05 1147
3.0654999999768506e-05 1148
3.068500000003027e-05 1149
3.071499999984795e-05 1150
3.074499999966562e-05 1151
3.075500000004894e-05 1150
3.075899999993581e-05 1149
3.076299999982268e-05 1148
3.0766999999709554e-05 1147
3.0771000000040516e-05 1146
3.077499999992739e-05 1147
3.077499999992739e-05 1146
3.0804999999745064e-05 1147
3.083500000000683e-05 1148
3.0864999999824505e-05 1149
3.089499999964218e-05 1150
3.089499999964218e-05 1149
3.0924999999903946e-05 1150
3.095499999972162e-05 1151
3.098499999998339e-05 1152
3.101499999980106e-05 1153
3.101499999980106e-05 1152
3.104500000006283e-05 1153
3.1074999999880504e-05 1154
3.110499999969818e-05 1155
3.1134999999959945e-05 1156
3.1134999999959945e-05 1155
3.113899999984682e-05 1154
3.114299999973369e-05 1153
3.114700000006465e-05 1152
3.116499999977762e-05 1153
3.1195000000039386e-05 1154
3.122499999985706e-05 1155
3.125499999967474e-05 1156
3.1266999999779443e-05 1155
3.1270999999666316e-05 1154
3.12849999999365e-05 1155
3.131499999975418e-05 1156
3.1345000000015943e-05 1157
3.137499999983362e-05 1158
3.13909999998252e-05 1157
3.1404999999651295e-05 1158
3.143499999991306e-05 1159
3.1464999999730736e-05 1160
3.14949999999925e-05 1161
3.151099999998408e-05 1160
3.151499999987095e-05 1159
3.152499999981018e-05 1160
3.155499999962785e-05 1161
3.158499999988962e-05 1162
3.1614999999707294e-05 1163
3.1635000000029834e-05 1162
3.164499999996906e-05 1163
3.1674999999786735e-05 1164
3.17050000000485e-05 1165
3.1734999999866176e-05 1166
3.1754999999744626e-05 1165
3.17589999996315e-05 1164
3.176299999996246e-05 1163
3.176499999968385e-05 1164
3.176699999984933e-05 1163
3.179499999994562e-05 1164
3.182499999976329e-05 1165
3.185500000002506e-05 1166
3.1884999999842734e-05 1167
3.1887000000008214e-05 1166
3.191499999966041e-05 1167
3.1944999999922175e-05 1168
3.197499999973985e-05 1169
3.2005000000001615e-05 1170
3.200699999972301e-05 1169
3.203499999981929e-05 1170
3.206499999963697e-05 1171
3.209499999989873e-05 1172
3.212499999971641e-05 1173
3.212699999988189e-05 1172
3.213099999976876e-05 1171
3.2134999999655633e-05 1170
3.2138999999986595e-05 1169
3.215499999997817e-05 1170
3.218499999979585e-05 1171
3.2215000000057614e-05 1172
3.224499999987529e-05 1173
3.225899999970139e-05 1172
3.2274999999692966e-05 1173
3.230499999995473e-05 1174
3.233499999977241e-05 1175
3.236500000003417e-05 1176
3.237899999986027e-05 1175
3.239499999985185e-05 1176
3.2424999999669524e-05 1177
3.245499999993129e-05 1178
3.2484999999748965e-05 1179
3.249900000001915e-05 1178
3.2502999999906024e-05 1177
3.2506999999792896e-05 1176
3.251500000001073e-05 1177
3.2544999999828406e-05 1178
3.257499999964608e-05 1179
3.2604999999907847e-05 1180
3.262699999995178e-05 1179
3.263499999972552e-05 1180
3.266499999998729e-05 1181
3.2694999999804963e-05 1182
3.272500000006673e-05 1183
3.274699999966657e-05 1182
3.275099999999753e-05 1181
3.2754999999884404e-05 1182
3.278499999970208e-05 1183
3.2814999999963845e-05 1184
3.284499999978152e-05 1185
3.2870999999712325e-05 1184
3.2875000000043286e-05 1185
3.2875000000043286e-05 1184
3.287899999993016e-05 1183
3.288299999981703e-05 1182
3.290499999986096e-05 1183
3.293499999967864e-05 1184
3.29649999999404e-05 1185
3.299499999975808e-05 1186
3.300299999997591e-05 1185
3.3006999999862785e-05 1184
3.301099999974966e-05 1183
3.301499999963653e-05 1182
3.301899999996749e-05 1181
3.302299999985436e-05 1180
3.3025000000019844e-05 1181
3.3026999999741236e-05 1180
3.303099999962811e-05 1179
3.305499999983752e-05 1180
3.3084999999655196e-05 1181
3.311499999991696e-05 1182
3.314499999973464e-05 1183
3.315099999978699e-05 1182
3.31749999999964e-05 1183
3.320499999981408e-05 1184
3.3234999999631754e-05 1185
3.326499999989352e-05 1186
3.327099999994587e-05 1185
3.3274999999832744e-05 1184
3.3278999999719616e-05 1183
3.328300000005058e-05 1182
3.3294999999711195e-05 1183
3.332499999997296e-05 1184
3.3354999999790635e-05 1185
3.33850000000524e-05 1186
3.340299999976537e-05 1185
3.340699999965224e-05 1184
3.3410999999983204e-05 1183
3.3414999999870076e-05 1184
3.3414999999870076e-05 1183
3.341899999975695e-05 1182
3.344499999968775e-05 1183
3.347499999994952e-05 1184
3.350499999976719e-05 1185
3.353500000002896e-05 1186
3.353899999991583e-05 1185
3.35429999998027e-05 1184
3.3546999999689575e-05 1183
3.355100000002054e-05 1182
3.355499999990741e-05 1181
3.355899999979428e-05 1180
3.3562999999681153e-05 1179
3.3564999999846634e-05 1180
3.3567000000012115e-05 1179
3.359499999966431e-05 1180
3.3624999999926075e-05 1181
3.365499999974375e-05 1182
3.3685000000005516e-05 1183
3.368699999972691e-05 1182
3.369100000005787e-05 1181
3.371499999982319e-05 1182
3.374499999964087e-05 1183
3.377499999990263e-05 1184
3.380499999972031e-05 1185
3.381099999977266e-05 1184
3.3814999999659534e-05 1183
3.3834999999982074e-05 1184
3.386499999979975e-05 1185
3.3895000000061515e-05 1186
3.392499999987919e-05 1187
3.3934999999818416e-05 1186
3.393899999970529e-05 1185
3.3954999999696867e-05 1186
3.398499999995863e-05 1187
3.401499999977631e-05 1188
3.404500000003807e-05 1189
3.405899999986417e-05 1188
3.406299999975104e-05 1187
3.4066999999637915e-05 1186
3.407499999985575e-05 1187
3.4104999999673424e-05 1188
3.413499999993519e-05 1189
3.4164999999752865e-05 1190
3.4186999999796797e-05 1189
3.419500000001463e-05 1190
3.4224999999832306e-05 1191
3.425499999964998e-05 1192
3.428499999991175e-05 1193
3.430699999995568e-05 1192
3.431499999972942e-05 1193
3.434499999999119e-05 1194
3.4374999999808864e-05 1195
3.440500000007063e-05 1196
3.442699999967047e-05 1195
3.443100000000143e-05 1194
3.4434999999888305e-05 1195
3.4434999999888305e-05 1194
3.446499999970598e-05 1195
3.4494999999967746e-05 1196
3.452499999978542e-05 1197
3.455500000004719e-05 1198
3.455500000004719e-05 1197
3.458499999986486e-05 1198
3.461499999968254e-05 1199
3.4644999999944304e-05 1200
3.467499999976198e-05 1201
3.467499999976198e-05 1200
3.467899999964885e-05 1199
3.468299999997981e-05 1198
3.4686999999866686e-05 1197
3.4705000000023745e-05 1198
3.473499999984142e-05 1199
3.4764999999659096e-05 1200
3.479499999992086e-05 1201
3.480700000002557e-05 1200
3.482499999973854e-05 1201
3.48550000000003e-05 1202
3.488499999981798e-05 1203
3.4914999999635654e-05 1204
3.492699999974036e-05 1203
3.494499999989742e-05 1204
3.4974999999715095e-05 1205
3.500499999997686e-05 1206
3.5034999999794536e-05 1207
3.504699999989924e-05 1206
3.5050999999786114e-05 1205
3.505499999967299e-05 1204
3.50650000000563e-05 1205
3.509499999987398e-05 1206
3.512499999969165e-05 1207
3.515499999995342e-05 1208
3.517499999983187e-05 1207
3.5184999999771094e-05 1208
3.521500000003286e-05 1209
3.5244999999850535e-05 1210
3.527499999966821e-05 1211
3.529499999999075e-05 1210
3.5304999999929976e-05 1211
3.533499999974765e-05 1212
3.536500000000942e-05 1213
3.539499999982709e-05 1214
3.541499999970554e-05 1213
3.5419000000036505e-05 1212
3.542499999964477e-05 1213
3.5454999999906534e-05 1214
3.548499999972421e-05 1215
3.5514999999985974e-05 1216
3.55389999997513e-05 1215
3.554299999963817e-05 1214
3.554499999980365e-05 1215
3.554699999996913e-05 1214
3.5575000000065415e-05 1215
3.560499999988309e-05 1216
3.563499999970077e-05 1217
3.566499999996253e-05 1218
3.5666999999683924e-05 1217
3.569499999978021e-05 1218
3.572500000004197e-05 1219
3.575499999985965e-05 1220
3.5784999999677325e-05 1221
3.5786999999842806e-05 1220
3.579099999972968e-05 1219
3.579500000006064e-05 1218
3.581499999993909e-05 1219
3.5844999999756766e-05 1220
3.587500000001853e-05 1221
3.590499999983621e-05 1222
3.591499999977543e-05 1221
3.5918999999662304e-05 1220
3.5922999999993266e-05 1219
3.593499999965388e-05 1220
3.596499999991565e-05 1221
3.5994999999733324e-05 1222
3.602499999999509e-05 1223
3.604299999970806e-05 1222
3.604700000003902e-05 1221
3.605099999992589e-05 1220
3.6054999999812765e-05 1221
3.6054999999812765e-05 1220
3.608499999963044e-05 1221
3.6114999999892206e-05 1222
3.614499999970988e-05 1223
3.6174999999971647e-05 1224
3.6174999999971647e-05 1223
3.617899999985852e-05 1222
3.620499999978932e-05 1223
3.623500000005109e-05 1224
3.626499999986876e-05 1225
3.629499999968644e-05 1226
3.62990000000174e-05 1225
3.630299999990427e-05 1224
3.6324999999948204e-05 1225
3.635499999976588e-05 1226
3.6385000000027645e-05 1227
3.641499999984532e-05 1228
3.6423000000063155e-05 1227
3.6444999999663e-05 1228
3.647499999992476e-05 1229
3.650499999974244e-05 1230
3.65350000000042e-05 1231
3.654299999977795e-05 1230
3.656499999982188e-05 1231
3.6594999999639555e-05 1232
3.662499999990132e-05 1233
3.6654999999718996e-05 1234
3.666299999993683e-05 1233
3.668499999998076e-05 1234
3.671499999979844e-05 1235
3.67450000000602e-05 1236
3.677499999987788e-05 1237
3.678299999965162e-05 1236
3.6804999999695553e-05 1237
3.683499999995732e-05 1238
3.6864999999774994e-05 1239
3.689500000003676e-05 1240
3.6902999999810504e-05 1239
3.6924999999854435e-05 1240
3.695499999967211e-05 1241
3.6984999999933876e-05 1242
3.701499999975155e-05 1243
3.7022999999969386e-05 1242
3.702699999985626e-05 1241
3.703099999974313e-05 1240
3.703499999963e-05 1239
3.704500000001332e-05 1240
3.707499999983099e-05 1241
3.710499999964867e-05 1242
3.7134999999910434e-05 1243
3.7154999999788885e-05 1242
3.716499999972811e-05 1243
3.7194999999989875e-05 1244
3.722499999980755e-05 1245
3.7255000000069316e-05 1246
3.7274999999947767e-05 1245
3.728499999988699e-05 1246
3.731499999970467e-05 1247
3.734499999996643e-05 1248
3.737499999978411e-05 1249
3.739499999966256e-05 1248
3.739899999999352e-05 1247
3.740299999988039e-05 1246
3.7405000000045874e-05 1247
3.7406999999767265e-05 1246
3.743499999986355e-05 1247
3.7464999999681226e-05 1248
3.749499999994299e-05 1249
3.7524999999760666e-05 1250
3.752699999992615e-05 1249
3.755500000002243e-05 1250
3.758499999984011e-05 1251
3.761499999965778e-05 1252
3.764499999991955e-05 1253
3.764699999964094e-05 1252
3.76509999999719e-05 1251
3.7654999999858774e-05 1250
3.7658999999745646e-05 1249
3.7674999999737224e-05 1250
3.770499999999899e-05 1251
3.7734999999816665e-05 1252
3.776499999963434e-05 1253
3.777899999990453e-05 1252
3.77829999997914e-05 1251
3.7794999999896106e-05 1252
3.782499999971378e-05 1253
3.785499999997555e-05 1254
3.788499999979322e-05 1255
3.790299999995028e-05 1254
3.7906999999837154e-05 1253
3.7910999999724027e-05 1252
3.791500000005499e-05 1253
3.7944999999872664e-05 1254
3.797499999969034e-05 1255
3.8004999999952105e-05 1256
3.803099999988291e-05 1255
3.803499999976978e-05 1256
3.8065000000031546e-05 1257
3.809499999984922e-05 1258
3.81249999996669e-05 1259
3.815100000004179e-05 1258
3.815499999992866e-05 1259
3.818499999974634e-05 1260
3.8215000000008104e-05 1261
3.824499999982578e-05 1262
3.827099999975658e-05 1261
3.8274999999643455e-05 1262
3.8274999999643455e-05 1261
3.827899999997442e-05 1260
3.828299999986129e-05 1259
3.828699999974816e-05 1258
3.830499999990522e-05 1259
3.8334999999722896e-05 1260
3.836499999998466e-05 1261
3.839499999980234e-05 1262
3.840699999990704e-05 1261
3.84250000000641e-05 1262
3.845499999988178e-05 1263
3.8484999999699454e-05 1264
3.851499999996122e-05 1265
3.8527000000065925e-05 1264
3.85309999999528e-05 1263
3.853499999983967e-05 1262
3.8544999999778895e-05 1263
3.857500000004066e-05 1264
3.8604999999858336e-05 1265
3.863499999967601e-05 1266
3.865499999999855e-05 1265
3.8658999999885424e-05 1264
3.8662999999772296e-05 1263
3.866499999993778e-05 1264
3.866699999965917e-05 1263
3.869499999975545e-05 1264
3.872500000001722e-05 1265
3.8754999999834894e-05 1266
3.878499999965257e-05 1267
3.878699999981805e-05 1266
3.8814999999914335e-05 1267
3.884499999973201e-05 1268
3.8874999999993776e-05 1269
3.890499999981145e-05 1270
3.890699999997693e-05 1269
3.893499999962913e-05 1270
3.896499999989089e-05 1271
3.899499999970857e-05 1272
3.9024999999970333e-05 1273
3.9026999999691725e-05 1272
3.9031000000022686e-05 1271
3.905499999978801e-05 1272
3.9085000000049774e-05 1273
3.909899999987587e-05 1274
3.911299999970197e-05 1275
3.9126999999972156e-05 1276
3.915099999973748e-05 1275
3.915500000006844e-05 1274
3.915699999978983e-05 1275
3.915899999995531e-05 1274
3.9162999999842185e-05 1273
3.916699999972906e-05 1272
3.917100000006002e-05 1271
3.91870000000516e-05 1272
3.921699999986927e-05 1273
3.924699999968695e-05 1274
3.9276999999948714e-05 1275
3.929099999977481e-05 1274
3.9294999999661684e-05 1273
3.9298999999992645e-05 1272
3.930299999987952e-05 1271
3.930699999976639e-05 1272
3.9337000000028155e-05 1273
3.936699999984583e-05 1274
3.94230000000384e-05 1273
3.942699999992527e-05 1272
3.9430999999812144e-05 1271
3.9434999999699016e-05 1270
3.943900000002998e-05 1269
3.944299999991685e-05 1268
3.944699999980372e-05 1267
3.9450999999690595e-05 1266
3.9570999999849477e-05 1267
3.9570999999849477e-05 1266
3.957499999973635e-05 1265
3.957900000006731e-05 1264
3.958299999995418e-05 1263
3.9702999999668975e-05 1262
3.970699999999994e-05 1261
3.971099999988681e-05 1260
3.983100000004569e-05 1259
3.983499999993256e-05 1258
3.9838999999819436e-05 1257
3.995899999997832e-05 1256
3.996299999986519e-05 1255
3.996699999975206e-05 1254
3.9970999999638934e-05 1255
3.9970999999638934e-05 1254
4.002799999991424e-05 1253
4.0147999999629036e-05 1252
4.015199999996e-05 1251
4.015599999984687e-05 1250
4.015999999973374e-05 1249
4.0164000000064703e-05 1248
4.0283999999779496e-05 1247
4.028799999966637e-05 1246
4.029199999999733e-05 1245
4.02959999998842e-05 1244
4.0299999999771074e-05 1243
4.030399999965795e-05 1242
4.042399999981683e-05 1241
4.044399999969528e-05 1242
4.054399999997571e-05 1241
4.054799999986258e-05 1240
4.0668000000021465e-05 1239
4.067199999990834e-05 1238
4.067599999979521e-05 1237
4.067999999968208e-05 1236
4.068400000001304e-05 1235
4.0803999999727836e-05 1234
4.092399999988672e-05 1233
4.092799999977359e-05 1232
4.093199999966046e-05 1231
4.1051999999819344e-05 1230
4.1055999999706216e-05 1229
4.106000000003718e-05 1228
4.106399999992405e-05 1227
4.118399999963884e-05 1226
4.1303999999797725e-05 1225
4.13079999996846e-05 1224
4.135599999965933e-05 1225
4.142799999984348e-05 1224
4.143199999973035e-05 1223
4.143600000006131e-05 1222
4.1555999999776105e-05 1221
4.167599999993499e-05 1220
4.179599999964978e-05 1219
4.179999999998074e-05 1218
4.1919999999695534e-05 1217
4.2039999999854416e-05 1216
4.204399999974129e-05 1215
4.204799999962816e-05 1214
4.216799999978704e-05 1213
4.2287999999945924e-05 1212
4.233999999980753e-05 1213
4.240799999966072e-05 1212
4.25279999998196e-05 1211
4.253199999970647e-05 1210
4.265199999986535e-05 1209
4.2655999999752225e-05 1208
4.277599999991111e-05 1207
4.277999999979798e-05 1206
4.278399999968485e-05 1205
4.2903999999843734e-05 1204
4.3024000000002616e-05 1203
4.3140999999913276e-05 1204
4.314399999971741e-05 1203
4.326399999987629e-05 1202
4.326799999976316e-05 1201
4.3387999999922044e-05 1200
4.350799999963684e-05 1199
4.35119999999678e-05 1198
4.351599999985467e-05 1197
4.351999999974154e-05 1196
4.3523999999628415e-05 1195
4.352799999995938e-05 1194
4.364799999967417e-05 1193
4.376799999983305e-05 1192
4.3887999999991933e-05 1191
4.3891999999878806e-05 1190
4.401200000003769e-05 1189
4.401599999992456e-05 1188
4.413599999963935e-05 1187
4.4139999999970314e-05 1186
4.4143999999857186e-05 1185
4.426400000001607e-05 1184
4.426799999990294e-05 1183
4.427199999978981e-05 1182
4.4391999999948695e-05 1181
4.451199999966349e-05 1180
4.451599999999445e-05 1179
4.451999999988132e-05 1178
4.4523999999768193e-05 1177
4.4527999999655066e-05 1176
4.453199999998603e-05 1175
4.465199999970082e-05 1174
4.465600000003178e-05 1173
4.4659999999918654e-05 1172
4.4663999999805526e-05 1171
4.478399999996441e-05 1170
4.49039999996792e-05 1169
4.495899999978903e-05 1170
4.502399999983808e-05 1169
4.5143999999996964e-05 1168
4.5147999999883837e-05 1167
4.515199999977071e-05 1166
4.515599999965758e-05 1165
4.515999999998854e-05 1164
4.5163999999875415e-05 1163
4.516799999976229e-05 1162
4.528799999992117e-05 1161
4.529199999980804e-05 1160
4.5295999999694914e-05 1159
4.5300000000025875e-05 1158
4.530399999991275e-05 1157
4.530799999979962e-05 1156
4.531199999968649e-05 1155
4.5431999999845374e-05 1154
4.5435999999732246e-05 1153
4.555599999989113e-05 1152
4.567600000005001e-05 1151
4.567999999993688e-05 1150
4.5799999999651675e-05 1149
4.5803999999982636e-05 1148
4.592399999969743e-05 1147
4.592800000002839e-05 1146
4.604799999974318e-05 1145
4.6051999999630056e-05 1144
4.605599999996102e-05 1143
4.605999999984789e-05 1142
4.606399999973476e-05 1141
4.606800000006572e-05 1140
4.6187999999780516e-05 1139
4.619199999966739e-05 1138
4.619599999999835e-05 1137
4.631599999971314e-05 1136
4.6435999999872024e-05 1135
4.6439999999758896e-05 1134
4.655999999991778e-05 1133
4.667999999963257e-05 1132
4.668399999996353e-05 1131
4.6687999999850405e-05 1130
4.669199999973728e-05 1129
4.669600000006824e-05 1128
4.674299999996023e-05 1129
4.681599999978303e-05 1128
4.693599999994191e-05 1127
4.70230000000349e-05 1128
4.7055999999656706e-05 1127
4.717399999965011e-05 1128
4.717599999981559e-05 1127
4.729599999997447e-05 1126
4.729999999986134e-05 1125
4.7420000000020224e-05 1124
4.7423999999907096e-05 1123
4.742799999979397e-05 1122
4.743199999968084e-05 1121
4.755199999983972e-05 1120
4.7671999999998604e-05 1119
4.767599999988548e-05 1118
4.779600000004436e-05 1117
4.791599999975915e-05 1116
4.7919999999646024e-05 1115
4.7923999999976985e-05 1114
4.804399999969178e-05 1113
4.804800000002274e-05 1112
4.805199999990961e-05 1111
4.817200000006849e-05 1110
4.8175999999955366e-05 1109
4.817999999984224e-05 1108
4.830000000000112e-05 1107
4.830399999988799e-05 1106
4.8307999999774864e-05 1105
4.8427999999933746e-05 1104
4.854799999964854e-05 1103
4.85519999999795e-05 1102
4.867199999969429e-05 1101
4.8676000000025255e-05 1100
4.879599999974005e-05 1099
4.880000000007101e-05 1098
4.880399999995788e-05 1097
4.880799999984475e-05 1096
4.8928000000003635e-05 1095
4.904799999971843e-05 1094
4.905200000004939e-05 1093
4.905599999993626e-05 1092
4.9175999999651054e-05 1091
4.9295999999809936e-05 1090
4.941599999996882e-05 1089
4.953599999968361e-05 1088
4.965599999984249e-05 1087
4.9659999999729365e-05 1086
4.977999999988825e-05 1085
4.978399999977512e-05 1084
4.978799999966199e-05 1083
4.979199999999295e-05 1082
4.9911999999707746e-05 1081
4.991600000003871e-05 1080
5.00359999997535e-05 1079
5.003999999964037e-05 1078
5.0159999999799254e-05 1077
5.0279999999958136e-05 1076
5.028399999984501e-05 1075
5.040400000000389e-05 1074
5.047599999974395e-05 1075
5.052399999971868e-05 1074
5.0643999999877565e-05 1073
5.076400000003645e-05 1072
5.088399999975124e-05 1071
5.088799999963811e-05 1070
5.089199999996907e-05 1069
5.1011999999683866e-05 1068
5.101600000001483e-05 1067
5.10199999999017e-05 1066
5.109999999985959e-05 1067
5.114000000006058e-05 1066
5.1143999999947454e-05 1065
5.1263999999662246e-05 1064
5.126799999999321e-05 1063
5.1387999999708e-05 1062
5.150799999986688e-05 1061
5.1511999999753755e-05 1060
5.151599999964063e-05 1059
5.151999999997159e-05 1058
5.163999999968638e-05 1057
5.164400000001734e-05 1056
5.1763999999732135e-05 1055
5.17680000000631e-05 1054
5.177199999994997e-05 1053
5.189199999966476e-05 1052
5.189599999999572e-05 1051
5.1899999999882596e-05 1050
5.202000000004148e-05 1049
5.213999999975627e-05 1048
5.214399999964314e-05 1047
5.2147999999974104e-05 1046
5.2151999999860976e-05 1045
5.227200000001986e-05 1044
5.239199999973465e-05 1043
5.239600000006561e-05 1042
5.2399999999952485e-05 1041
5.240399999983936e-05 1040
5.252399999999824e-05 1039
5.252799999988511e-05 1038
5.253199999977198e-05 1037
5.2535999999658856e-05 1036
5.253999999998982e-05 1035
5.265999999970461e-05 1034
5.277999999986349e-05 1033
5.2884000000030795e-05 1034
5.2900000000022374e-05 1033
5.3019999999737166e-05 1032
5.313999999989605e-05 1031
5.314399999978292e-05 1030
5.314799999966979e-05 1029
5.3152000000000754e-05 1028
5.3244999999702e-05 1029
5.327199999971555e-05 1028
5.339199999987443e-05 1027
5.351200000003331e-05 1026
5.351599999992018e-05 1025
5.3519999999807055e-05 1024
5.352399999969393e-05 1023
5.352800000002489e-05 1022
5.353199999991176e-05 1021
5.365200000007064e-05 1020
5.3771999999785436e-05 1019
5.377599999967231e-05 1018
5.378000000000327e-05 1017
5.378399999989014e-05 1016
5.382300000000839e-05 1017
5.3904000000049024e-05 1016
5.3907999999935896e-05 1015
5.391199999982277e-05 1014
5.399599999966753e-05 1015
5.403199999998165e-05 1014
5.413199999981799e-05 1015
5.415199999969644e-05 1014
5.4271999999855325e-05 1013
5.42759999997422e-05 1012
5.439599999990108e-05 1011
5.439999999978795e-05 1010
5.4403999999674824e-05 1009
5.4523999999833705e-05 1008
5.456599999975609e-05 1009
5.464399999999259e-05 1008
5.464799999987946e-05 1007
5.465199999976633e-05 1006
5.4655999999653204e-05 1005
5.4775999999812086e-05 1004
5.477999999969896e-05 1003
5.489999999985784e-05 1002
5.490399999974471e-05 1001
5.5023999999903594e-05 1000
5.502799999979047e-05 999
5.503199999967734e-05 998
5.515199999983622e-05 997
5.52719999999951e-05 996
5.5275999999881975e-05 995
5.527999999976885e-05 994
5.539999999992773e-05 993
5.54039999998146e-05 992
5.5407999999701474e-05 991
5.5412000000032435e-05 990
5.553199999974723e-05 989
5.565199999990611e-05 988
5.577200000006499e-05 987
5.5775999999951864e-05 986
5.589599999966666e-05 985
5.589999999999762e-05 984
5.601999999971241e-05 983
5.602400000004337e-05 982
5.6027999999930245e-05 981
5.614799999964504e-05 980
5.6151999999976e-05 979
5.627199999969079e-05 978
5.627600000002175e-05 977
5.6279999999908625e-05 976
5.62839999997955e-05 975
5.640399999995438e-05 974
5.640799999984125e-05 973
5.6528000000000134e-05 972
5.6531999999887006e-05 971
5.653599999977388e-05 970
5.653999999966075e-05 969
5.665999999981963e-05 968
5.6663999999706505e-05 967
5.6668000000037466e-05 966
5.667199999992434e-05 965
5.667599999981121e-05 964
5.6765000000069676e-05 965
5.679599999997009e-05 964
5.6915999999684885e-05 963
5.703599999984377e-05 962
5.703999999973064e-05 961
5.715999999988952e-05 960
5.7163999999776394e-05 959
5.7167999999663266e-05 958
5.728799999982215e-05 957
5.729199999970902e-05 956
5.729600000003998e-05 955
5.7415999999754774e-05 954
5.7535999999913656e-05 953
5.7611999999984675e-05 954
5.765599999962845e-05 953
5.777599999978733e-05 952
5.789599999994621e-05 951
5.7899999999833085e-05 950
5.790399999971996e-05 949
5.790800000005092e-05 948
5.791199999993779e-05 947
5.8031999999652584e-05 946
5.8151999999811466e-05 945
5.815599999969834e-05 944
5.81600000000293e-05 943
5.827999999974409e-05 942
5.8283999999630964e-05 941
5.8381999999745915e-05 942
5.8403999999789846e-05 941
5.852399999994873e-05 940
5.864399999966352e-05 939
5.87639999998224e-05 938
5.8883999999981285e-05 937
5.888799999986816e-05 936
5.900800000002704e-05 935
5.901199999991391e-05 934
5.901599999980078e-05 933
5.9019999999687656e-05 932
5.913999999984654e-05 931
5.914399999973341e-05 930
5.921599999991756e-05 931
5.926399999989229e-05 930
5.9384000000051174e-05 929
5.9503999999765966e-05 928
5.962399999992485e-05 927
5.974399999963964e-05 926
5.97479999999706e-05 925
5.9867999999685395e-05 924
5.9872000000016357e-05 923
5.987599999990323e-05 922
5.98799999997901e-05 921
5.997599999973957e-05 922
5.999999999994898e-05 921
6.0003999999835855e-05 920
6.012399999999474e-05 919
6.012799999988161e-05 918
6.013199999976848e-05 917
6.0135999999655354e-05 916
6.0255999999814236e-05 915
6.037599999997312e-05 914
6.037999999985999e-05 913
6.050000000001887e-05 912
6.0503999999905744e-05 911
6.0507999999792617e-05 910
6.051199999967949e-05 909
6.063199999983837e-05 908
6.063599999972524e-05 907
6.0640000000056204e-05 906
6.0759999999771e-05 905
6.087999999992988e-05 904
6.099999999964467e-05 903
6.100399999997563e-05 902
6.1007999999862506e-05 901
6.101199999974938e-05 900
6.101599999963625e-05 899
6.113599999979513e-05 898
6.125599999995401e-05 897
6.13759999996688e-05 896
6.137999999999977e-05 895
6.149999999971456e-05 894
6.161999999987344e-05 893
6.162399999976031e-05 892
6.172400000004075e-05 893
6.17439999999192e-05 892
6.174799999980607e-05 891
6.175199999969294e-05 890
6.187199999985182e-05 889
6.18759999997387e-05 888
6.188000000006966e-05 887
6.188399999995653e-05 886
6.198199999962739e-05 887
6.200399999967132e-05 886
6.200800000000228e-05 885
6.201199999988916e-05 884
6.213200000004804e-05 883
6.225199999976283e-05 882
6.235200000004326e-05 883
6.237199999992171e-05 882
6.237599999980858e-05 881
6.237999999969546e-05 880
6.238400000002642e-05 879
6.250399999974121e-05 878
6.262399999990009e-05 877
6.262799999978697e-05 876
6.263199999967384e-05 875
6.275199999983272e-05 874
6.275599999971959e-05 873
6.287599999987847e-05 872
6.287999999976535e-05 871
6.299999999992423e-05 870
6.311999999963902e-05 869
6.32399999997979e-05 868
6.335999999995678e-05 867
6.347999999967158e-05 866
6.359999999983046e-05 865
6.360399999971733e-05 864
6.372399999987621e-05 863
6.372799999976309e-05 862
6.373199999964996e-05 861
6.385199999980884e-05 860
6.385599999969571e-05 861
6.385599999969571e-05 860
6.386000000002667e-05 859
6.386399999991355e-05 858
6.398399999962834e-05 857
6.39879999999593e-05 856
6.410799999967409e-05 855
6.411200000000505e-05 854
6.423199999971985e-05 853
6.435199999987873e-05 852
6.43559999997656e-05 851
6.435999999965247e-05 850
6.447999999981135e-05 849
6.459999999997024e-05 848
6.460399999985711e-05 847
6.472400000001599e-05 846
6.472799999990286e-05 845
6.484800000006175e-05 844
6.496799999977654e-05 843
6.497199999966341e-05 842
6.509199999982229e-05 841
6.509599999970916e-05 840
6.510000000004013e-05 839
6.521999999975492e-05 838
6.522399999964179e-05 837
6.522799999997275e-05 836
6.523199999985962e-05 835
6.52359999997465e-05 834
6.535599999990538e-05 833
6.535999999979225e-05 832
6.536399999967912e-05 831
6.536800000001008e-05 830
6.537199999989696e-05 829
6.549200000005584e-05 828
6.561199999977063e-05 827
6.56159999996575e-05 826
6.573199999992951e-05 827
6.573599999981639e-05 826
6.585599999997527e-05 825
6.585999999986214e-05 824
6.598000000002102e-05 823
6.609999999973581e-05 822
6.610400000006678e-05 821
6.622399999978157e-05 820
6.634399999994045e-05 819
6.634799999982732e-05 818
6.63519999997142e-05 817
6.647199999987308e-05 816
6.647599999975995e-05 815
6.647999999964682e-05 814
6.648399999997778e-05 813
6.660399999969258e-05 812
6.672399999985146e-05 811
6.675199999994774e-05 812
6.68359999997925e-05 813
6.684400000001034e-05 812
6.684799999989721e-05 811
6.69680000000561e-05 810
6.697199999994297e-05 809
6.709199999965776e-05 808
6.709599999998872e-05 807
6.709999999987559e-05 806
6.710399999976246e-05 805
6.710799999964934e-05 804
6.722799999980822e-05 803
6.73479999999671e-05 802
6.74679999996819e-05 801
6.758799999984078e-05 800
6.759199999972765e-05 799
6.759600000005861e-05 798
6.759999999994548e-05 797
6.760399999983235e-05 796
6.772399999999124e-05 795
6.784399999970603e-05 794
6.796399999986491e-05 793
6.796799999975178e-05 792
6.797199999963865e-05 791
6.797599999996962e-05 790
6.809599999968441e-05 789
6.821599999984329e-05 788
6.833600000000217e-05 787
6.833999999988905e-05 786
6.834399999977592e-05 785
6.834799999966279e-05 784
6.835199999999375e-05 783
6.835599999988062e-05 782
6.846099999968658e-05 783
6.84760000000395e-05 782
6.847999999992638e-05 781
6.859999999964117e-05 780
6.871999999980005e-05 779
6.872399999968692e-05 778
6.872800000001789e-05 777
6.884799999973268e-05 776
6.896799999989156e-05 775
6.897199999977843e-05 774
6.89759999996653e-05 773
6.897999999999627e-05 772
6.909999999971106e-05 771
6.910400000004202e-05 770
6.910799999992889e-05 769
6.911199999981577e-05 768
6.923199999997465e-05 767
6.923599999986152e-05 766
6.93560000000204e-05 765
6.94759999997352e-05 764
6.948000000006616e-05 763
6.948399999995303e-05 762
6.95209999999058e-05 763
6.960399999966782e-05 762
6.960799999999878e-05 761
6.961199999988565e-05 760
6.961599999977253e-05 759
6.973599999993141e-05 758
6.98559999996462e-05 757
6.985999999997716e-05 756
6.997999999969196e-05 755
7.009999999985084e-05 754
7.010399999973771e-05 753
7.022399999989659e-05 752
7.034400000005547e-05 751
7.045199999966556e-05 752
7.046399999977027e-05 751
7.058399999992915e-05 750
7.058799999981602e-05 749
7.07079999999749e-05 748
7.082499999988556e-05 749
7.08279999996897e-05 748
7.083200000002066e-05 747
7.083599999990753e-05 746
7.08399999997944e-05 745
7.095999999995328e-05 744
7.107999999966808e-05 743
7.108399999999904e-05 742
7.120399999971383e-05 741
7.120800000004479e-05 740
7.121199999993166e-05 739
7.133199999964646e-05 738
7.133599999997742e-05 737
7.145599999969221e-05 736
7.146000000002317e-05 735
7.154199999970245e-05 736
7.157999999973796e-05 735
7.158400000006893e-05 734
7.170399999978372e-05 733
7.170799999967059e-05 732
7.182799999982947e-05 731
7.183199999971634e-05 730
7.18360000000473e-05 729
7.183999999993418e-05 728
7.195999999964897e-05 727
7.207999999980785e-05 726
7.219999999996674e-05 725
7.220399999985361e-05 724
7.232400000001249e-05 723
7.244399999972728e-05 722
7.256399999988616e-05 721
7.256799999977304e-05 720
7.257199999965991e-05 719
7.257599999999087e-05 718
7.269599999970566e-05 717
7.270000000003662e-05 716
7.281999999975142e-05 715
7.29399999999103e-05 714
7.294399999979717e-05 713
7.294799999968404e-05 712
7.306799999984293e-05 711
7.318800000000181e-05 712
7.318800000000181e-05 711
7.319199999988868e-05 710
7.321799999981948e-05 711
7.331200000004756e-05 710
7.331599999993443e-05 709
7.343199999976235e-05 710
7.343599999964923e-05 709
7.343999999998019e-05 708
7.355999999969498e-05 707
7.356400000002594e-05 706
7.368399999974073e-05 705
7.368799999962761e-05 704
7.369199999995857e-05 703
7.381199999967336e-05 702
7.381600000000432e-05 701
7.393599999971912e-05 700
7.394000000005008e-05 699
7.394399999993695e-05 698
7.406399999965174e-05 697
7.418399999981062e-05 696
7.43039999999695e-05 695
7.430799999985638e-05 694
7.431199999974325e-05 693
7.431599999963012e-05 692
7.431999999996108e-05 691
7.432399999984796e-05 690
7.443099999981939e-05 691
7.444400000000684e-05 690
7.444799999989371e-05 689
7.445199999978058e-05 688
7.454399999984318e-05 689
7.457199999993946e-05 688
7.469199999965426e-05 687
7.469599999998522e-05 686
7.469999999987209e-05 685
7.478099999991272e-05 686
7.482000000003097e-05 685
7.493999999974577e-05 684
7.494399999963264e-05 683
7.49479999999636e-05 682
7.506799999967839e-05 681
7.518799999983727e-05 680
7.530799999999616e-05 679
7.531199999988303e-05 678
7.53159999997699e-05 677
7.543599999992878e-05 676
7.555599999964357e-05 675
7.567599999980246e-05 674
7.567999999968933e-05 673
7.57879999997435e-05 674
7.579999999984821e-05 673
7.580399999973508e-05 672
7.592399999989397e-05 671
7.604400000005285e-05 670
7.604799999993972e-05 669
7.605199999982659e-05 668
7.608399999980975e-05 669
7.617199999998547e-05 668
7.629199999970027e-05 667
7.629600000003123e-05 666
7.641599999974602e-05 665
7.641999999963289e-05 664
7.642399999996385e-05 663
7.654399999967865e-05 662
7.655199999989648e-05 663
7.666399999983753e-05 662
7.678399999999641e-05 661
7.69039999997112e-05 660
7.690800000004216e-05 659
7.692799999992062e-05 660
7.695799999973829e-05 661
7.702799999975696e-05 660
7.703199999964383e-05 659
7.715199999980271e-05 658
7.715599999968958e-05 657
7.727599999984847e-05 656
7.733999999981478e-05 657
7.739600000000735e-05 656
7.739999999989422e-05 655
7.740399999978109e-05 654
7.752399999993997e-05 653
7.752799999982685e-05 652
7.764799999998573e-05 651
7.76519999998726e-05 650
7.777200000003148e-05 649
7.789199999974628e-05 648
7.789599999963315e-05 647
7.801599999979203e-05 646
7.813599999995091e-05 645
7.82559999996657e-05 644
7.837599999982459e-05 643
7.837999999971146e-05 642
7.849999999987034e-05 641
7.850399999975721e-05 640
7.86239999999161e-05 639
7.865599999989925e-05 640
7.868599999971693e-05 641
7.874399999963089e-05 640
7.874799999996185e-05 639
7.875199999984872e-05 638
7.88529999997678e-05 639
7.88720000000076e-05 638
7.887599999989447e-05 637
7.899600000005336e-05 636
7.899999999994023e-05 635
7.90039999998271e-05 634
7.900799999971397e-05 633
7.912799999987286e-05 632
7.918299999998268e-05 633
7.924800000003174e-05 632
7.925199999991861e-05 631
7.93719999996334e-05 630
7.941199999983439e-05 631
7.949199999979228e-05 630
7.949599999967916e-05 629
7.961599999983804e-05 628
7.961999999972491e-05 627
7.973999999988379e-05 626
7.979599999963227e-05 627
7.986000000004267e-05 626
7.997999999975747e-05 625
8.009999999991635e-05 624
8.021999999963114e-05 623
8.02239999999621e-05 622
8.022799999984898e-05 621
8.023199999973585e-05 620
8.023600000006681e-05 619
8.023999999995368e-05 618
8.035999999966847e-05 617
8.036399999999944e-05 616
8.036799999988631e-05 615
8.048800000004519e-05 614
8.049199999993206e-05 613
8.049599999981893e-05 612
8.061599999997782e-05 611
8.061999999986469e-05 610
8.062399999975156e-05 609
8.063999999974314e-05 610
8.074399999991044e-05 609
8.074799999979732e-05 608
8.075199999968419e-05 607
8.087199999984307e-05 606
8.087599999972994e-05 605
8.08800000000609e-05 604
8.09999999997757e-05 603
8.111999999993458e-05 602
8.112399999982145e-05 601
8.112799999970832e-05 600
8.12479999998672e-05 599
8.136800000002609e-05 598
8.145299999995359e-05 599
8.148799999974088e-05 598
8.154699999973758e-05 599
8.160799999989976e-05 598
8.161199999978663e-05 597
8.16159999996735e-05 596
8.162000000000447e-05 595
8.163599999999605e-05 596
8.173999999971926e-05 595
8.185999999987814e-05 594
8.186399999976501e-05 593
8.19839999999239e-05 592
8.210399999963869e-05 591
8.210799999996965e-05 590
8.211199999985652e-05 589
8.21159999997434e-05 588
8.223599999990228e-05 587
8.226499999963721e-05 588
8.231099999989056e-05 589
8.235600000006116e-05 588
8.235999999994803e-05 587
8.23639999998349e-05 586
8.236799999972177e-05 585
8.237200000005274e-05 584
8.237599999993961e-05 583
8.23849999997961e-05 584
8.24959999996544e-05 583
8.249999999998536e-05 582
8.250399999987224e-05 581
8.250799999975911e-05 580
8.262799999991799e-05 579
8.263199999980486e-05 578
8.263599999969173e-05 577
8.275599999985062e-05 576
8.28760000000095e-05 575
8.287999999989637e-05 574
8.288399999978324e-05 573
8.300399999994212e-05 572
8.3007999999829e-05 571
8.301199999971587e-05 570
8.30409999998949e-05 571
8.313199999987475e-05 570
8.313599999976162e-05 569
8.32559999999205e-05 568
8.33759999996353e-05 567
8.349599999979418e-05 566
8.361599999995306e-05 565
8.361999999983993e-05 564
8.36239999997268e-05 563
8.362800000005777e-05 562
8.367199999970154e-05 563
8.374799999977256e-05 562
8.386799999993144e-05 561
8.387199999981831e-05 560
8.392300000004127e-05 561
8.39919999999772e-05 560
8.411199999969199e-05 559
8.411600000002295e-05 560
8.411600000002295e-05 559
8.411999999990982e-05 558
8.42400000000687e-05 557
8.43599999997835e-05 556
8.447999999994238e-05 555
8.453199999980399e-05 556
8.459999999965717e-05 555
8.460399999998813e-05 554
8.472399999970293e-05 553
8.472800000003389e-05 552
8.473199999992076e-05 551
8.485199999963555e-05 550
8.485599999996651e-05 549
8.485999999985339e-05 548
8.486399999974026e-05 547
8.486800000007122e-05 546
8.487199999995809e-05 545
8.499199999967288e-05 544
8.507700000004448e-05 545
8.511199999983177e-05 544
8.511599999971864e-05 543
8.523599999987752e-05 542
8.523999999976439e-05 541
8.5244999999734e-05 542
8.531399999966993e-05 543
8.535999999992328e-05 542
8.547999999963807e-05 541
8.559999999979695e-05 540
8.570799999985113e-05 541
8.571999999995583e-05 540
8.583999999967062e-05 539
8.590399999963694e-05 540
8.59599999998295e-05 539
8.596499999979912e-05 540
8.599500000006088e-05 541
8.607999999998839e-05 540
8.610700000000193e-05 541
8.619999999970318e-05 540
8.631999999986206e-05 539
8.644000000002094e-05 538
8.655999999973574e-05 537
8.667999999989462e-05 536
8.674999999991329e-05 537
8.68000000000535e-05 536
8.686999999962808e-05 537
8.69199999997683e-05 536
8.703999999992718e-05 535
8.715999999964197e-05 534
8.716399999997293e-05 533
8.720399999972983e-05 534
8.722099999980415e-05 533
8.730099999976204e-05 534
8.734099999996303e-05 533
8.746099999967782e-05 532
8.75809999998367e-05 531
8.770099999999559e-05 530
8.770399999979972e-05 531
8.773400000006149e-05 532
8.775799999982681e-05 531
8.78119999998539e-05 532
8.787799999998569e-05 531
8.799799999970048e-05 530
8.805199999972757e-05 531
8.811799999985936e-05 530
8.817199999988645e-05 531
8.823800000001825e-05 530
8.832400000002849e-05 531
8.835799999973304e-05 530
8.847799999989192e-05 529
8.85980000000508e-05 528
8.870000000005263e-05 529
8.87179999997656e-05 528
8.87299999998703e-05 529
8.881999999976742e-05 530
8.88340000000376e-05 531
8.883799999992448e-05 530
8.884199999981135e-05 529
8.890299999997353e-05 530
8.896199999997023e-05 529
8.908199999968502e-05 528
8.916299999972566e-05 529
8.92019999998439e-05 528
8.932200000000279e-05 527
8.944199999971758e-05 526
8.955599999982411e-05 527
8.956199999987646e-05 526
8.968200000003534e-05 525
8.980199999975014e-05 524
8.980799999980249e-05 525
8.992199999990902e-05 524
8.996499999991414e-05 525
9.00420000000679e-05 524
9.01619999997827e-05 523
9.028199999994158e-05 522
9.040199999965637e-05 521
9.041799999964795e-05 522
9.048499999986248e-05 523
9.052199999981525e-05 522
9.058400000006017e-05 523
9.059799999988627e-05 524
9.064199999997413e-05 523
9.076199999968892e-05 522
9.081899999996423e-05 521
9.090799999977861e-05 522
9.093899999967903e-05 521
9.099700000003708e-05 522
9.105899999983791e-05 521
9.113299999974345e-05 522
9.117899999999679e-05 521
9.129899999971158e-05 520
9.141899999987046e-05 519
9.153900000002935e-05 518
9.156399999987741e-05 519
9.158899999972547e-05 520
9.165899999974414e-05 519
9.177899999990302e-05 518
9.18990000000619e-05 517
9.20189999997767e-05 516
9.213899999993558e-05 515
9.217599999988835e-05 516
9.225899999965037e-05 515
9.237899999980925e-05 514
9.249899999996813e-05 513
9.261899999968293e-05 512
9.273899999984181e-05 511
9.285900000000069e-05 510
9.297899999971548e-05 509
9.309399999990475e-05 510
9.309899999987437e-05 509
9.321900000003325e-05 508
9.333899999974804e-05 507
9.345899999990692e-05 506
9.347999999986811e-05 507
9.35790000000658e-05 506
9.36989999997806e-05 505
9.381899999993948e-05 504
9.393899999965427e-05 503
9.405899999981315e-05 502
9.417899999997204e-05 501
9.426000000001267e-05 502
9.429899999968683e-05 501
9.441899999984571e-05 500
9.445999999968535e-05 501
9.449199999966851e-05 502
9.453499999967363e-05 503
9.453900000000459e-05 502
9.465899999971938e-05 501
9.477899999987827e-05 500
9.489900000003715e-05 499
9.501899999975194e-05 498
9.507199999969629e-05 499
9.513899999991082e-05 498
9.517699999994633e-05 499
9.52590000000697e-05 498
9.53789999997845e-05 497
9.546999999976435e-05 498
9.549899999994338e-05 497
9.561899999965817e-05 496
9.573899999981705e-05 495
9.585899999997594e-05 494
9.597899999969073e-05 493
9.609899999984961e-05 492
9.621900000000849e-05 491
9.624899999982617e-05 492
9.631399999987522e-05 493
9.633899999972328e-05 492
9.645899999988217e-05 491
9.657900000004105e-05 490
9.669899999975584e-05 489
9.681899999991472e-05 488
9.693899999962952e-05 487
9.701400000006188e-05 488
9.70589999997884e-05 487
9.717899999994728e-05 486
9.72289999996434e-05 487
9.729899999966207e-05 486
9.741899999982095e-05 485
9.753899999997984e-05 484
9.765899999969463e-05 483
9.777899999985351e-05 482
9.784099999965434e-05 483
9.789900000001239e-05 482
9.796900000003106e-05 483
9.799899999984873e-05 484
9.801899999972719e-05 483
9.813899999988607e-05 482
9.825199999990986e-05 483
9.825900000004495e-05 482
9.837899999975974e-05 481
9.849899999991862e-05 480
9.851100000002333e-05 481
9.861899999963342e-05 480
9.87389999997923e-05 479
9.885899999995118e-05 478
9.897899999966597e-05 477
9.909899999982485e-05 476
9.916899999984352e-05 477
9.921899999998374e-05 476
9.933899999969853e-05 475
9.945899999985741e-05 474
9.947099999996212e-05 475
9.95790000000163e-05 474
9.969899999973109e-05 473
9.981899999988997e-05 472
9.993900000004885e-05 471
0.00010005899999976364 470
0.00010017899999992252 469
0.00010029899999963732 468
0.0001004189999997962 467
0.00010053899999995508 466
0.00010065899999966987 465
0.00010077899999982876 464
0.00010079099999993346 465
0.00010089899999998764 464
0.00010101899999970243 463
0.00010113899999986131 462
0.0001012590000000202 461
0.00010137899999973499 460
0.00010149899999989387 459
0.00010161900000005275 458
0.00010173899999976754 457
0.00010185899999992643 456
0.0001019739999996716 457
0.00010197899999964122 456
0.0001020989999998001 455
0.00010221899999995898 454
0.00010223999999992017 455
0.00010233899999967377 454
0.00010235099999977848 455
0.00010245899999983266 454
0.00010257899999999154 453
0.00010269899999970633 452
0.00010281899999986521 451
0.00010283099999996992 452
0.0001029390000000241 451
0.00010305899999973889 450
0.00010317899999989777 449
0.00010329900000005665 448
0.00010331099999971727 449
0.00010341899999977144 448
0.00010343099999987615 449
0.00010353899999993033 448
0.00010365899999964512 447
0.0001036869999997414 448
0.00010371700000000317 449
0.000103778999999804 448
0.0001037909999999087 449
0.00010389899999996288 448
0.00010401899999967767 447
0.00010413899999983656 446
0.00010419299999986364 447
0.00010425899999999544 446
0.00010437899999971023 445
0.00010439099999981494 446
0.00010449899999986911 445
0.000104619000000028 444
0.00010473899999974279 443
0.00010485899999990167 442
0.00010487100000000638 443
0.00010497900000006055 442
0.00010509899999977534 441
0.00010511999999973654 442
0.00010521899999993423 441
0.00010533899999964902 440
0.0001054589999998079 439
0.00010557899999996678 438
0.00010569899999968158 437
0.00010581899999984046 436
0.00010593899999999934 435
0.00010605899999971413 434
0.00010617899999987301 433
0.00010619099999997772 434
0.0001062990000000319 433
0.00010632699999968409 434
0.00010641899999974669 433
0.00010645599999969946 434
0.00010653899999990557 433
0.00010655100000001028 434
0.00010665900000006445 433
0.00010667099999972507 434
0.00010677899999977924 433
0.00010689899999993813 432
0.00010701899999965292 431
0.0001071389999998118 430
0.00010715999999977299 431
0.00010725899999997068 430
0.00010737899999968548 429
0.00010739099999979018 430
0.00010749899999984436 429
0.00010761900000000324 428
0.00010771399999986997 429
0.00010773899999971803 428
0.00010776699999981432 429
0.00010784299999988534 430
0.00010785899999987691 429
0.0001079790000000358 428
0.00010809899999975059 427
0.00010821899999990947 426
0.00010823100000001418 427
0.00010833900000006835 426
0.00010845899999978315 425
0.00010857899999994203 424
0.00010869899999965682 423
0.0001088189999998157 422
0.00010893899999997458 421
0.00010905899999968938 420
0.00010909599999964215 421
0.00010917899999984826 420
0.00010929900000000714 419
0.00010941899999972193 418
0.00010953899999988082 417
0.0001096590000000397 416
0.00010977899999975449 415
0.0001097909999998592 416
0.00010989899999991337 415
0.00011001899999962816 414
0.00011013899999978705 413
0.00011025899999994593 412
0.00011037899999966072 411
0.00011039099999976543 412
0.0001104989999998196 411
0.00011053599999977237 412
0.00011061899999997848 411
0.00011073899999969328 410
0.00011075099999979798 411
0.00011085899999985216 410
0.00011097900000001104 409
0.00011109899999972583 408
0.00011111099999983054 409
0.00011121899999988472 408
0.0001113390000000436 407
0.00011145899999975839 406
0.00011157899999991727 405
0.00011169899999963206 404
0.00011181899999979095 403
0.00011193899999994983 402
0.00011205899999966462 401
0.00011210899999980484 402
0.00011215199999980996 403
0.0001121789999998235 402
0.00011229899999998239 401
0.00011241899999969718 400
0.00011253899999985606 399
0.00011265900000001494 398
0.00011267099999967556 399
0.00011270099999993732 400
0.00011277899999972973 399
0.00011289899999988862 398
0.0001130190000000475 397
0.00011313899999976229 396
0.00011325899999992117 395
0.00011337899999963597 394
0.00011349899999979485 393
0.00011351999999975604 394
0.00011361899999995373 393
0.00011373899999966852 392
0.0001138589999998274 391
0.00011387099999993211 392
0.00011388499999975821 393
0.00011397899999998629 392
0.00011409899999970108 391
0.00011421899999985996 390
0.00011433900000001884 389
0.00011445899999973363 388
0.00011457899999989252 387
0.0001146990000000514 386
0.00011481899999976619 385
0.00011493899999992507 384
0.00011505899999963987 383
0.00011517899999979875 382
0.00011529899999995763 381
0.00011531100000006234 382
0.00011541899999967242 381
0.00011545600000006928 382
0.0001155389999998313 381
0.00011565899999999019 380
0.00011577899999970498 379
0.00011589899999986386 378
0.00011601900000002274 377
0.00011606999999980161 378
0.00011613899999973754 377
0.00011615099999984224 378
0.00011625899999989642 377
0.0001163790000000553 376
0.00011649899999977009 375
0.00011661899999992897 374
0.00011673899999964377 373
0.00011676699999974005 374
0.00011685899999980265 373
0.00011697899999996153 372
0.00011709899999967632 371
0.0001172189999998352 370
0.00011733899999999409 369
0.00011745899999970888 368
0.00011757899999986776 367
0.00011769900000002664 366
0.00011781899999974144 365
0.00011793899999990032 364
0.0001180590000000592 363
0.00011817899999977399 362
0.00011829899999993287 361
0.00011831100000003758 362
0.0001183939999997996 363
0.00011841899999964767 362
0.00011842400000006137 363
0.00011845399999987904 364
0.00011853899999980655 363
0.0001185449999998589 364
0.00011865899999996543 363
0.00011867100000007014 364
0.00011877899999968022 363
0.0001188989999998391 362
0.00011901899999999799 361
0.00011913899999971278 360
0.00011925899999987166 359
0.00011937900000003054 358
0.00011949899999974534 357
0.0001195359999996981 358
0.00011961899999990422 357
0.0001197339999996494 358
0.0001197390000000631 357
0.00011985899999977789 356
0.00011992100000002281 357
0.00011997899999993678 356
0.00012009899999965157 355
0.00012021899999981045 354
0.00012033899999996933 353
0.00012045899999968412 352
0.00012057600000003887 353
0.000120578999999843 352
0.00012069900000000189 351
0.00012081899999971668 350
0.00012093899999987556 349
0.00012105900000003444 348
0.00012117899999974924 347
0.00012129899999990812 346
0.0001213270000000044 347
0.000121419000000067 346
0.0001215389999997818 345
0.00012156699999987808 346
0.00012165899999994068 345
0.00012175999999985976 346
0.00012177899999965547 345
0.00012189899999981435 344
0.00012201899999997323 343
0.00012213899999968802 342
0.0001222519999997118 343
0.0001222589999998469 342
0.00012228199999997358 343
0.0001223790000000058 342
0.00012249899999972058 341
0.00012261899999987946 340
0.00012273900000003835 339
0.00012275099999969896 340
0.00012278099999996073 341
0.00012285899999975314 340
0.00012297899999991202 339
0.0001230990000000709 338
0.0001232189999997857 337
0.0001232309999998904 338
0.0001233089999996828 339
0.00012333899999994458 338
0.00012344399999975053 339
0.00012345899999965937 338
0.00012346399999962898 339
0.00012357899999981825 338
0.0001235939999997271 339
0.00012363599999964947 340
0.00012369899999997713 339
0.0001237239999998252 340
0.00012375999999969522 341
0.00012381899999969193 340
0.0001239389999998508 339
0.0001240590000000097 338
0.00012409599999996246 339
0.00012414999999998955 340
0.00012417899999972448 339
0.00012421599999967725 340
0.00012424899999974315 341
0.00012429899999988336 340
0.00012435799999988006 341
0.00012437199999970616 342
0.00012441900000004225 341
0.00012448300000000856 342
0.00012453899999975704 341
0.00012465899999991592 340
0.00012470900000005614 341
0.0001247389999998738 342
0.0001247689999996915 343
0.0001247789999996307 342
0.0001248989999997896 341
0.00012497499999986061 342
0.00012501899999994848 341
0.00012513899999966327 340
0.00012516699999975955 341
0.00012525899999982215 340
0.00012537899999998103 339
0.00012542399999970755 340
0.00012549899999969583 339
0.0001256189999998547 338
0.000125646999999951 339
0.0001257390000000136 338
0.00012585899999972838 337
0.00012597899999988726 336
0.00012609900000004615 335
0.00012611699999975912 336
0.00012614700000002088 337
0.00012621899999976094 336
0.00012633899999991982 335
0.00012645899999963461 334
0.0001265789999997935 333
0.0001265909999998982 334
0.00012662099999971588 335
0.00012669899999995238 334
0.00012681899999966717 333
0.00012684199999979384 334
0.0001268720000000556 335
0.00012693899999982605 334
0.00012695099999993076 335
0.00012705899999998493 334
0.0001271499999999648 335
0.00012717899999969973 334
0.00012718399999966934 335
0.0001272989999998586 334
0.0001274190000000175 333
0.00012753899999973228 332
0.00012765899999989117 331
0.00012777900000005005 330
0.00012789899999976484 329
0.0001279359999997176 330
0.00012801899999992372 329
0.00012813899999963851 328
0.0001282589999997974 327
0.00012837899999995628 326
0.0001284409999997571 327
0.0001284550000000273 328
0.00012849899999967107 327
0.00012861899999982995 326
0.00012873899999998883 325
0.00012885899999970363 324
0.00012891599999997894 325
0.00012892999999980503 326
0.0001289789999998625 325
0.0001290990000000214 324
0.00012921899999973618 323
0.00012933899999989507 322
0.00012938799999995254 323
0.00012945900000005395 322
0.00012948699999970614 323
0.00012957899999976874 322
0.00012959999999972993 323
0.00012969899999992762 322
0.00012977299999983316 323
0.00012981899999964241 322
0.00012984999999998692 323
0.00012991000000006636 324
0.0001299389999998013 323
0.00013005899999996018 322
0.00013017899999967497 321
0.00013029899999983385 320
0.00013041899999999274 319
0.00013053899999970753 318
0.00013055099999981223 319
0.00013062399999963503 320
0.0001306589999998664 319
0.0001307790000000253 318
0.00013089899999974008 317
0.00013101899999989897 316
0.0001311349999997269 317
0.00013113900000005785 316
0.00013125899999977264 315
0.00013137899999993152 314
0.00013149099999987257 315
0.00013149899999964632 314
0.0001316189999998052 313
0.0001317180000000029 314
0.00013173899999996408 313
0.00013185899999967887 312
0.00013187299999994906 313
0.00013190299999976673 314
0.00013197899999983775 313
0.00013209899999999664 312
0.0001321379999996708 313
0.0001322159999999073 314
0.00013221899999971143 313
0.0001322559999996642 314
0.0001323389999998703 313
0.00013236599999988385 314
0.0001324590000000292 313
0.00013257899999974398 312
0.00013269899999990287 311
0.00013281900000006175 310
0.00013293899999977654 309
0.00013305899999993542 308
0.00013317899999965022 307
0.00013328099999965204 308
0.0001332989999998091 307
0.00013337999999984973 308
0.00013341899999996798 307
0.00013353899999968277 306
0.00013365899999984165 305
0.00013377900000000054 304
0.00013383599999983176 305
0.00013389899999971533 304
0.0001340189999998742 303
0.00013402899999981344 304
0.0001341390000000331 303
0.00013425899999974789 302
0.00013436399999999793 303
0.00013437899999990677 302
0.00013449900000006565 301
0.00013461899999978044 300
0.00013463099999988515 301
0.00013467899999985988 302
0.00013473899999993932 301
0.00013485899999965412 300
0.000134978999999813 299
0.00013508599999978443 300
0.00013509899999997188 299
0.00013521899999968667 298
0.00013530499999969692 299
0.00013533899999984556 298
0.00013545499999967348 299
0.00013545900000000444 298
0.00013548499999993524 299
0.00013557899999971923 298
0.00013563299999974632 299
0.0001356989999998781 298
0.000135819000000037 297
0.0001358309999996976 298
0.00013589899999999489 299
0.00013593899999975179 298
0.00013595499999974336 299
0.00013596900000001355 300
0.00013605899999991067 299
0.00013617900000006955 298
0.00013629899999978434 297
0.00013630399999975396 298
0.00013634099999970672 299
0.00013641899999994322 298
0.00013651799999969683 299
0.00013653899999965802 298
0.0001366589999998169 297
0.00013677899999997578 296
0.00013689899999969057 295
0.00013701899999984946 294
0.00013708299999981577 295
0.00013713900000000834 294
0.00013715099999966895 295
0.00013725899999972313 294
0.000137378999999882 293
0.0001374849999997707 294
0.0001374990000000409 293
0.0001376189999997557 292
0.00013773899999991457 291
0.00013779999999963266 292
0.00013785899999962936 291
0.00013797899999978824 290
0.00013807900000006867 291
0.00013809899999994713 290
0.00013821899999966192 289
0.0001383389999998208 288
0.00013845899999997968 287
0.0001384709999996403 288
0.00013850099999990206 289
0.00013857899999969447 288
0.00013869899999985336 287
0.00013881900000001224 286
0.00013882899999995146 287
0.00013893899999972703 286
0.00013895099999983174 287
0.0001390589999998859 286
0.00013908200000001258 287
0.0001391790000000448 286
0.0001392989999997596 285
0.0001393039999997292 286
0.0001393769999999961 287
0.00013941899999991847 286
0.00013953899999963326 285
0.00013965899999979214 284
0.00013977899999995103 283
0.000139796999999664 284
0.0001398870000000052 285
0.00013989899999966582 284
0.00013991799999990562 285
0.0001400189999998247 284
0.00014013899999998358 283
0.00014025899999969837 282
0.00014037899999985726 281
0.00014038299999974413 282
0.00014046399999978476 283
0.00014049900000001614 282
0.00014061899999973093 281
0.00014063099999983564 282
0.0001407389999998898 281
0.00014079599999972103 280
0.00014085299999999634 279
0.00014090999999982756 278
0.0001409789999997635 279
0.00014102999999998644 278
0.0001410809999997653 279
0.00014111100000002708 280
0.00014114999999970124 279
0.00014119599999995458 280
0.00014124000000004244 281
0.00014126999999986012 280
0.00014128899999965583 281
0.00014136999999969646 282
0.000141390000000019 281
0.0001414389999996324 282
0.00014147100000005963 283
0.0001415099999997338 282
0.00014162999999989268 281
0.00014165300000001935 282
0.00014170399999979821 283
0.00014175000000005156 282
0.00014186999999976635 281
0.00014195099999980698 282
0.00014198999999992523 281
0.00014210999999964002 280
0.00014216699999991533 279
0.00014222399999974655 278
0.00014228100000002186 277
0.00014231099999983954 278
0.00014232499999966564 279
0.00014240099999973665 278
0.00014244699999999 279
0.00014252099999989554 278
0.00014264100000005442 277
0.0001426709999998721 278
0.0001427609999997692 277
0.0001428409999997271 278
0.0001428809999999281 277
0.00014300099999964289 276
0.00014312099999980177 275
0.00014323599999999104 276
0.00014324099999996065 275
0.00014329799999979187 274
0.00014335500000006718 273
0.00014347499999978197 272
0.00014353899999974828 273
0.00014359499999994085 272
0.00014363099999981088 273
0.00014371499999965565 272
0.00014377199999993096 271
0.00014389199999964575 270
0.00014392099999982477 271
0.00014399999999969992 272
0.00014401199999980463 271
0.0001440299999999617 272
0.00014405999999977936 273
0.00014411100000000232 274
0.0001441319999999635 273
0.0001442519999996783 272
0.00014437199999983719 271
0.00014441599999992505 272
0.0001444289999996684 271
0.0001445489999998273 270
0.00014466899999998617 269
0.00014476299999977016 270
0.00014478899999970096 269
0.000144847000000059 270
0.00014490899999985984 269
0.00014495099999978223 270
0.000144981000000044 271
0.00014501099999986167 272
0.00014502900000001873 271
0.00014514899999973352 270
0.00014520600000000883 269
0.00014532599999972362 268
0.00014533000000005458 269
0.00014543599999994328 270
0.0001454459999998825 269
0.00014556600000004138 268
0.00014567099999984734 269
0.00014568599999975618 268
0.00014578399999987113 269
0.00014580599999991506 268
0.00014584599999967196 269
0.00014592599999962985 268
0.0001460239999997448 269
0.00014604599999978873 268
0.00014609399999976347 269
0.00014614399999990368 270
0.00014616599999994762 269
0.00014620899999995274 270
0.0001462859999996624 269
0.00014629399999988024 270
0.00014630799999970634 271
0.00014632199999997653 272
0.0001463519999997942 273
0.00014638200000005597 274
0.00014639599999988206 275
0.0001464059999998213 274
0.00014650399999993624 275
0.00014652499999989743 276
0.00014652599999998017 275
0.00014664599999969496 274
0.00014674899999977953 275
0.0001467649999997711 276
0.00014676599999985385 275
0.0001467790000000413 276
0.00014685499999966822 277
0.0001468689999999384 278
0.0001468829999997645 279
0.00014688600000001273 278
0.00014698099999987946 279
0.00014700599999972752 278
0.00014701099999969713 279
0.00014709600000006873 280
0.0001471259999998864 279
0.00014720399999967881 280
0.00014724600000004529 279
0.0001472959999997414 280
0.0001473029999998765 279
0.00014732600000000318 280
0.00014735599999982085 281
0.00014735999999970772 280
0.00014738599999963853 281
0.00014739999999990872 282
0.00014745999999998816 283
0.0001474799999998666 282
0.00014756099999990724 283
0.0001476000000000255 282
0.00014761600000001707 283
0.00014771999999974028 282
0.00014772599999979263 283
0.0001477770000000156 282
0.00014779499999972856 283
0.00014782499999999033 284
0.0001478339999998468 283
0.000147854999999808 284
0.00014788500000006977 285
0.00014794099999981825 286
0.0001479540000000057 285
0.0001480109999998369 284
0.0001481309999999958 283
0.00014817899999997053 284
0.0001482089999997882 285
0.0001482509999997106 284
0.0001483149999996769 285
0.00014837099999986947 284
0.00014849100000002835 283
0.00014852199999992877 284
0.00014854799999985957 283
0.00014866800000001845 282
0.0001486759999997922 283
0.00014878799999973324 282
0.00014884500000000855 281
0.00014890699999980939 282
0.00014896499999972335 281
0.00014901499999986356 282
0.00014906000000003417 283
0.00014908499999988223 282
0.0001491409999996307 283
0.00014916299999967464 284
0.00014917099999989247 285
0.00014920099999971015 286
0.0001492050000000411 285
0.00014925599999981998 286
0.00014928599999963765 287
0.00014930999999984707 288
0.0001493249999997559 287
0.00014935599999965632 288
0.0001494219999997881 289
0.00014944499999991478 288
0.0001495139999998507 289
0.00014954799999999935 290
0.00014956499999962958 289
0.00014964399999994882 290
0.00014968499999978846 289
0.00014970199999986278 290
0.00014976099999985948 291
0.00014979099999967715 292
0.00014980499999994734 293
0.00014980499999994734 292
0.00014985499999964347 293
0.00014991199999991878 294
0.00014992499999966213 293
0.00014994199999973645 294
0.00014996599999994586 295
0.00015004499999982102 294
0.00015010199999965224 293
0.00015022199999981112 292
0.00015034199999997 291
0.00015038600000005786 292
0.0001504619999996848 291
0.0001505659999998521 292
0.00015058199999984367 291
0.00015060899999985722 292
0.00015066699999977118 293
0.00015069700000003294 294
0.00015070200000000256 293
0.00015072699999985062 294
0.00015077200000002122 295
0.00015082199999971735 294
0.0001509199999998323 295
0.00015094199999987623 294
0.00015100199999995567 295
0.00015105599999998276 296
0.0001510620000000351 295
0.00015108799999996592 296
0.0001511819999997499 295
0.00015123900000002521 294
0.0001512689999998429 295
0.00015135899999974 294
0.00015142099999998493 295
0.00015146399999999005 296
0.0001514700000000424 297
0.0001514789999998989 296
0.0001514839999998685 297
0.00015158699999995306 298
0.00015158699999995306 299
0.00015159900000005777 298
0.00015171899999977256 297
0.0001517719999997169 298
0.00015178999999987397 299
0.00015180199999997868 300
0.00015183899999993145 299
0.00015184199999973558 300
0.00015194999999978975 301
0.00015195899999964624 300
0.00015198000000005152 301
0.0001520099999998692 302
0.00015203900000004822 303
0.00015204899999998744 304
0.00015207899999980512 305
0.00015207899999980512 304
0.00015211699999984063 305
0.000152198999999964 304
0.00015225599999979522 303
0.0001523239999996484 304
0.00015235399999991017 305
0.0001523759999999541 304
0.00015238399999972785 305
0.00015239799999999804 306
0.00015246599999985122 307
0.0001524959999996689 306
0.00015253099999990027 307
0.0001525739999999054 308
0.00015261599999982778 307
0.00015262299999996287 308
0.00015271000000005586 309
0.00015273599999998666 308
0.00015273999999987353 309
0.0001527699999996912 310
0.00015279299999981788 309
0.00015279999999995297 310
0.00015288399999979774 311
0.00015291299999997676 310
0.00015291699999986363 311
0.0001529469999996813 312
0.00015297399999969485 313
0.00015297699999994308 314
0.00015299099999976917 315
0.00015300699999976075 316
0.00015303299999969155 315
0.00015304399999971352 316
0.00015315299999985044 315
0.0001532609999999046 316
0.00015327300000000932 315
0.0001532749999997307 316
0.0001533289999997578 317
0.00015338699999967176 318
0.0001533929999997241 317
0.00015344999999999942 318
0.00015349099999983906 319
0.000153512999999883 318
0.00015353699999964832 319
0.00015356699999991008 320
0.0001536309999998764 321
0.00015363300000004187 320
0.00015366099999969407 321
0.00015369099999995584 322
0.0001537209999997735 323
0.00015375100000003528 324
0.00015375299999975667 323
0.00015378099999985295 324
0.00015381000000003198 323
0.00015381099999967063 324
0.00015390199999965049 325
0.00015392999999974677 324
0.00015393199999991225 325
0.00015396199999972993 326
0.00015398700000002208 325
0.0001539919999999917 326
0.00015402199999980937 327
0.00015403599999963546 328
0.0001540439999998533 327
0.00015406599999989723 328
0.0001540959999997149 329
0.00015416400000001218 328
0.0001542209999998434 327
0.000154272999999705 328
0.00015427799999967462 327
0.0001543979999998335 326
0.00015440899999985547 327
0.00015441999999987743 328
0.00015445400000002607 329
0.00015448399999984375 330
0.00015451399999966142 331
0.00015451799999999238 330
0.0001545279999999316 331
0.00015455799999974928 332
0.00015458800000001105 333
0.00015461799999982873 334
0.00015463799999970718 333
0.0001546479999996464 334
0.00015467799999990817 335
0.00015470799999972584 336
0.0001547379999999876 337
0.00015475799999986606 336
0.00015476799999980528 337
0.00015479800000006705 338
0.00015482799999988472 339
0.0001548579999997024 340
0.00015487800000002494 339
0.00015488799999996417 340
0.00015491799999978184 341
0.0001549480000000436 342
0.00015497799999986128 343
0.00015499799999973973 342
0.00015500799999967896 343
0.00015505699999973643 344
0.0001550869999999982 345
0.0001551009999998243 346
0.00015511799999989861 345
0.00015516300000006922 346
0.0001552380000000575 345
0.0001552399999997789 346
0.00015527999999997988 347
0.00015529499999988872 346
0.00015531699999993265 347
0.00015534699999975032 348
0.0001553770000000121 349
0.00015540699999982976 350
0.0001554150000000476 349
0.00015543699999964744 350
0.0001554669999999092 351
0.00015549699999972688 352
0.00015552699999998865 353
0.0001555349999997624 352
0.0001555589999999718 353
0.00015558899999978948 354
0.00015561900000005124 355
0.00015564899999986892 356
0.00015565499999992127 355
0.0001556789999996866 356
0.00015570899999994836 357
0.00015573899999976604 358
0.0001557690000000278 359
0.00015577499999963607 358
0.00015579899999984548 359
0.00015582899999966315 360
0.00015585899999992492 361
0.0001558889999997426 362
0.00015589499999979495 361
0.00015591900000000436 362
0.00015594899999982204 363
0.0001559789999996397 364
0.00015600899999990148 365
0.00015601499999995383 364
0.00015603899999971915 365
0.00015606899999998092 366
0.0001560989999997986 367
0.00015612900000006036 368
0.00015613499999966862 367
0.00015615899999987803 368
0.0001561889999996957 369
0.00015621899999995748 370
0.00015624899999977515 371
0.0001562549999998275 370
0.00015627900000003692 371
0.0001563089999998546 372
0.00015633899999967227 373
0.00015636899999993403 374
0.00015637499999998639 373
0.0001563989999997517 374
0.00015642900000001347 375
0.00015645899999983115 376
0.00015648899999964883 377
0.00015649499999970118 376
0.0001565189999999106 377
0.00015654899999972827 378
0.0001565519999999765 377
0.00015657899999999003 378
0.0001566089999998077 379
0.00015663900000006947 380
0.00015666899999988715 381
0.00015667199999969128 380
0.00015669899999970482 381
0.0001567289999999666 382
0.00015675399999981465 383
0.00015675899999978427 384
0.00015678900000004603 385
0.00015679199999985016 384
0.0001568189999998637 385
0.00015684899999968138 386
0.00015684899999968138 385
0.00015687899999994315 386
0.00015690899999976082 387
0.0001569390000000226 388
0.00015696899999984026 389
0.00015696899999984026 388
0.00015699899999965794 389
0.0001570289999999197 390
0.00015705899999973738 391
0.00015708899999999915 392
0.00015708899999999915 391
0.00015711899999981682 392
0.00015714599999983037 391
0.0001571489999996345 392
0.00015717899999989626 393
0.00015720899999971394 394
0.0001572389999999757 395
0.00015726599999998925 394
0.00015726899999979338 395
0.00015729900000005514 396
0.00015732299999982047 395
0.00015732899999987282 396
0.0001573589999996905 397
0.00015738899999995226 398
0.00015741899999976994 399
0.00015744299999997935 398
0.0001574490000000317 399
0.00015747899999984938 400
0.00015750899999966705 401
0.00015753899999992882 402
0.00015756299999969414 401
0.0001575689999997465 402
0.00015759900000000826 403
0.00015762899999982594 404
0.0001576589999996436 405
0.00015768299999985302 404
0.00015768899999990538 405
0.00015771899999972305 406
0.00015773999999968424 405
0.00015774899999998482 406
0.0001577789999998025 407
0.00015780900000006426 408
0.00015783899999988193 409
0.00015785999999984313 408
0.0001578689999996996 409
0.00015789899999996138 410
0.00015792899999977905 411
0.00015795900000004082 412
0.000157980000000002 411
0.0001579889999998585 412
0.00015801899999967617 413
0.00015803699999983323 412
0.00015804899999993793 413
0.0001580789999997556 414
0.00015810900000001737 415
0.00015813899999983505 416
0.0001581569999999921 415
0.00015816899999965273 416
0.0001581989999999145 417
0.00015822899999973217 418
0.00015825899999999393 419
0.0001582769999997069 418
0.0001582889999998116 419
0.00015831899999962928 420
0.00015834899999989105 421
0.00015837899999970872 422
0.00015839699999986578 421
0.0001584089999999705 422
0.00015843899999978817 423
0.00015846900000004993 424
0.0001584989999998676 425
0.00015851700000002467 424
0.00015852899999968528 425
0.00015854299999995547 426
0.00015857299999977315 427
0.0001586030000000349 428
0.00015863299999985259 429
0.00015863699999973946 428
0.00015866299999967026 429
0.00015869299999993203 430
0.0001587229999997497 431
0.00015875300000001147 432
0.00015875699999989834 431
0.00015878299999982914 432
0.00015881299999964682 433
0.00015881399999972956 432
0.00015884299999990859 433
0.00015887299999972626 434
0.00015890299999998803 435
0.0001589329999998057 436
0.00015893399999988844 435
0.00015896300000006747 436
0.00015899099999971966 435
0.00015899299999988514 436
0.00015902299999970282 437
0.00015905299999996458 438
0.00015908299999978226 439
0.00015911099999987854 438
0.00015911300000004402 439
0.0001591429999998617 440
0.0001591569999996878 441
0.00015916799999970976 440
0.00015918699999994956 441
0.00015921699999976724 442
0.000159247000000029 443
0.00015927699999984668 444
0.00015928799999986865 443
0.00015929099999967278 444
0.00015932099999993454 445
0.000159340999999813 446
0.00015935099999975222 447
0.0001593650000000224 448
0.00015939499999984008 449
0.00015940800000002753 448
0.00015942499999965776 449
0.00015945499999991952 450
0.000159510999999668 451
0.00015952799999974232 450
0.00015954099999992977 451
0.00015957099999974744 452
0.0001596010000000092 453
0.00015963099999982688 454
0.0001596479999999012 453
0.00015966099999964456 454
0.00015969099999990632 455
0.00015970499999973242 454
0.000159720999999724 455
0.0001597730000000297 456
0.00015980299999984737 457
0.0001598249999998913 456
0.00015983299999966505 457
0.00015986299999992681 458
0.0001598929999997445 459
0.00015992300000000625 460
0.00015994500000005019 459
0.0001600019999998814 458
0.00016010999999993558 459
0.0001601220000000403 458
0.0001601789999998715 457
0.00016019399999978035 458
0.0001602240000000421 459
0.00016029299999997804 460
0.0001602990000000304 459
0.0001603229999997957 460
0.00016035300000005748 461
0.00016038299999987515 462
0.00016041299999969283 463
0.00016041899999974518 462
0.00016053399999993445 463
0.00016053899999990406 462
0.00016056399999975213 463
0.00016064199999998863 464
0.00016065900000006295 463
0.00016077899999977774 462
0.000160817999999896 463
0.00016084799999971366 464
0.00016087799999997543 465
0.00016089899999993662 464
0.0001609079999997931 465
0.00016093800000005487 466
0.00016096799999987255 467
0.00016099799999969022 468
0.0001610189999996514 467
0.0001611389999998103 466
0.00016122999999979015 467
0.00016125899999996918 466
0.00016137899999968397 465
0.00016143099999998967 466
0.00016149699999967737 467
0.00016149899999984285 466
0.00016153399999963014 467
0.0001616039999996488 468
0.00016161900000000173 467
0.00016173899999971653 466
0.00016179100000002222 467
0.00016179599999999184 466
0.00016183799999991422 467
0.00016185199999974031 468
0.00016191599999970663 467
0.0001620359999998655 466
0.0001620829999997575 467
0.0001621560000000244 466
0.0001621869999999248 467
0.00016222600000004306 468
0.00016227599999973918 467
0.0001623330000000145 466
0.00016237499999993688 467
0.00016245299999972929 466
0.00016257299999988817 465
0.00016262300000002838 466
0.00016269300000004705 465
0.00016276099999990024 466
0.00016281299999976184 465
0.00016287000000003715 464
0.00016287999999997638 465
0.00016295399999988192 466
0.00016298999999975194 465
0.00016306499999974022 466
0.00016310999999991083 465
0.0001632300000000697 464
0.0001633149999999972 465
0.0001633499999997845 464
0.00016346999999994338 463
0.00016349800000003967 464
0.00016352799999985734 465
0.00016358999999965818 464
0.00016370999999981706 463
0.00016372399999964315 464
0.0001637820000000012 465
0.00016382999999997594 464
0.00016394999999969073 463
0.00016397499999998288 464
0.00016399999999983095 465
0.00016402999999964862 466
0.0001640599999999104 467
0.00016406999999984961 466
0.00016408999999972806 467
0.00016411999999998983 468
0.0001641499999998075 469
0.0001641900000000085 468
0.0001642939999997317 469
0.0001643099999997233 468
0.00016438499999971157 469
0.0001644139999998906 470
0.00016442999999988217 469
0.00016450700000003593 470
0.00016455000000004105 469
0.0001645909999998807 470
0.00016463499999996856 471
0.00016466999999975585 470
0.0001647819999996969 471
0.00016478999999991473 470
0.00016480299999965808 471
0.00016483299999991985 472
0.00016484699999974595 471
0.00016490400000002126 470
0.00016494799999966503 471
0.00016498199999981367 472
0.00016501199999963134 473
0.00016502399999973605 472
0.00016502599999990153 473
0.00016508100000001136 472
0.00016520099999972615 471
0.00016525800000000146 470
0.00016537799999971625 469
0.00016549799999987513 468
0.00016560399999976383 469
0.00016561800000003402 468
0.00016563499999966425 469
0.0001657379999997488 468
0.0001658579999999077 467
0.00016591300000001752 468
0.0001659619999996309 469
0.00016597800000006657 468
0.00016609799999978136 467
0.0001661509999997257 468
0.0001661999999997832 469
0.00016621799999994025 468
0.0001663229999997462 469
0.00016633799999965504 468
0.00016636699999983406 469
0.00016639699999965174 470
0.00016643599999977 471
0.00016645799999981392 470
0.00016653899999985455 471
0.00016656899999967223 472
0.0001665779999999728 471
0.000166598999999934 472
0.00016662899999975167 473
0.00016664300000002186 474
0.00016666599999970444 475
0.0001666959999999662 476
0.0001666979999996876 475
0.00016681799999984648 474
0.0001668749999996777 475
0.00016691700000004417 476
0.00016693800000000536 475
0.00016694699999986184 476
0.00016697699999967952 477
0.00016700699999994129 478
0.00016702099999976738 479
0.00016705100000002915 480
0.00016705799999972015 479
0.00016708099999984682 480
0.0001671109999996645 481
0.00016711499999999546 480
0.00016714099999992627 481
0.00016717099999974394 482
0.00016723499999971025 481
0.00016725699999975419 482
0.0001673140000000295 483
0.0001673259999996901 484
0.00016735499999986914 483
0.00016741899999983545 484
0.00016744899999965313 485
0.00016747500000002802 484
0.0001674789999999149 485
0.00016754199999979846 486
0.0001675880000000518 487
0.0001675949999997428 486
0.00016764099999999615 487
0.0001677060000000452 488
0.0001677149999999017 487
0.0001677909999999727 488
0.0001678209999997904 489
0.00016783500000006057 488
0.00016785100000005215 489
0.00016788099999986983 490
0.0001679109999996875 491
0.00016794099999994927 492
0.00016795499999977537 491
0.00016807499999993425 490
0.000168076000000017 491
0.00016810599999983467 492
0.00016813599999965234 493
0.00016815499999989214 494
0.0001681659999999141 495
0.00016819499999964904 494
0.00016819599999973178 495
0.00016822599999999355 496
0.00016825599999981122 497
0.0001682859999996289 498
0.00016831499999980792 497
0.00016832099999986028 498
0.00016836299999978266 499
0.00016837399999980462 500
0.0001684349999999668 499
0.00016845399999976252 500
0.00016848400000002428 501
0.0001685479999999906 502
0.0001685549999996816 501
0.00016857799999980827 502
0.00016860800000007004 503
0.0001686379999998877 504
0.00016867499999984048 503
0.00016879499999999936 502
0.00016891499999971415 501
0.00016891799999996238 502
0.00016896899999974124 503
0.000168999000000003 504
0.00016902899999982068 505
0.00016903499999987304 504
0.0001690809999996823 505
0.00016909199999970426 504
0.0001691569999997533 505
0.00016921199999986314 504
0.0001692319999997416 505
0.00016926200000000335 506
0.00016929199999982103 507
0.0001693219999996387 508
0.00016933200000002202 507
0.0001694519999997368 506
0.0001694919999999378 507
0.0001695719999998957 506
0.00016960799999976572 507
0.0001696380000000275 508
0.00016966799999984516 509
0.00016969200000005458 508
0.00016981199999976937 507
0.00016985199999997036 508
0.00016992099999990629 509
0.00016993199999992825 508
0.0001700109999998034 509
0.00017005199999964304 508
0.0001701379999996533 509
0.00017017199999980193 508
0.0001701829999998239 509
0.00017024399999998607 510
0.00017027700000005197 511
0.0001702919999999608 510
0.00017030900000003513 511
0.00017034899999979203 512
0.00017038199999985792 513
0.0001704119999996756 512
0.00017046199999981582 513
0.0001704919999996335 514
0.00017052199999989526 515
0.00017053199999983448 514
0.00017055199999971293 515
0.0001705959999998008 516
0.00017062600000006256 517
0.00017065199999999336 516
0.00017070100000005084 517
0.00017070899999982458 516
0.00017076199999976893 517
0.00017080899999966093 518
0.00017082899999998347 517
0.00017086299999968801 518
0.00017089299999994978 519
0.00017092299999976746 520
0.00017094899999969826 519
0.00017095300000002922 520
0.0001709829999998469 521
0.0001710280000000175 522
0.00017105799999983518 523
0.00017106899999985714 522
0.00017108799999965285 523
0.0001711339999999062 524
0.00017118900000001602 523
0.00017119699999978977 524
0.00017122700000005153 525
0.0001712569999998692 526
0.00017128699999968688 527
0.00017130899999973082 526
0.00017131699999994865 527
0.00017134699999976633 528
0.0001713770000000281 529
0.00017140699999984577 530
0.0001714289999998897 529
0.00017143699999966344 530
0.00017154900000004858 529
0.00017156299999987468 530
0.00017162400000003686 531
0.00017166899999976337 530
0.00017174200000003026 531
0.00017178899999992225 532
0.00017178899999992225 531
0.00017181899999973993 532
0.0001718490000000017 533
0.0001718820000000676 534
0.00017190899999963705 533
0.00017202100000002218 534
0.00017202899999979593 533
0.0001720659999997487 534
0.00017208600000007124 533
0.0001721319999998805 534
0.00017216199999969817 535
0.00017220400000006464 536
0.00017220599999978603 535
0.00017223399999988231 536
0.0001722639999997 537
0.00017229399999996176 538
0.00017232399999977943 539
0.0001723259999999449 538
0.0001724459999996597 537
0.00017246100000001263 538
0.00017252699999970034 539
0.0001725659999998186 538
0.00017268599999997747 537
0.0001727429999998087 536
0.00017276399999976988 537
0.00017286299999996757 536
0.00017288199999976328 537
0.00017291200000002505 538
0.00017296399999988665 539
0.00017298299999968236 538
0.00017303999999995767 537
0.00017315999999967246 536
0.00017321399999969955 537
0.00017325499999998328 538
0.00017327999999983135 537
0.00017331699999978412 538
0.00017339999999999023 537
0.0001734769999996999 538
0.00017351999999970502 537
0.0001736399999998639 536
0.00017374900000000082 537
0.00017376000000002279 536
0.0001738259999997105 537
0.00017386599999991148 538
0.00017387999999973758 537
0.00017396400000002643 538
0.00017399999999989646 537
0.00017402099999985765 538
0.00017405099999967533 539
0.0001740809999999371 540
0.00017411099999975477 541
0.00017412000000005534 540
0.00017414100000001653 541
0.0001741709999998342 542
0.00017420099999965188 543
0.00017423999999977013 542
0.0001742719999997533 543
0.00017435999999992902 542
0.00017438199999997295 543
0.00017441299999987336 544
0.00017444599999993926 545
0.0001744799999996438 544
0.0001745999999998027 543
0.00017460599999985504 544
0.00017471999999996157 543
0.00017483999999967637 542
0.000174873999999825 543
0.00017490399999964268 544
0.00017495999999983525 543
0.00017499299999990114 544
0.00017507999999999413 543
0.00017519999999970892 542
0.0001752489999997664 543
0.0001752889999999674 544
0.00017531899999978506 545
0.0001753199999998678 544
0.00017544000000002669 543
0.00017548099999986633 544
0.0001754969999998579 543
0.0001756170000000168 542
0.00017565899999993917 543
0.000175673999999848 542
0.00017571299999996626 543
0.0001757940000000069 542
0.0001758509999998381 541
0.000175970999999997 540
0.00017608599999974217 541
0.00017609099999971178 540
0.0001761199999998908 541
0.0001761479999999871 540
0.0001761929999997136 541
0.0001762049999998183 540
0.0001763249999999772 539
0.000176444999999692 538
0.0001765019999999673 537
0.00017653699999975458 538
0.00017655899999979852 537
0.00017657199999998596 538
0.00017661599999962974 537
0.0001766219999996821 538
0.00017669699999967037 539
0.00017673599999978862 538
0.0001768559999999475 537
0.00017686899999969086 538
0.0001769759999996623 537
0.00017709599999982117 536
0.0001771529999996524 535
0.00017715899999970475 536
0.0001772099999999277 535
0.0001773299999996425 534
0.00017735100000004778 535
0.0001773869999999178 536
0.0001774269999996747 537
0.00017744999999980138 536
0.00017749699999969337 537
0.00017752699999995514 538
0.00017756999999996026 537
0.00017768999999967505 536
0.00017774699999995036 535
0.00017780399999978158 536
0.00017783400000004335 537
0.00017786699999966515 536
0.00017791199999983576 537
0.00017798699999982404 536
0.00017803499999979877 537
0.00017806500000006054 538
0.00017810699999998292 539
0.00017810699999998292 538
0.00017815699999967904 539
0.00017816399999981414 538
0.0001781869999999408 539
0.00017821699999975849 540
0.00017828399999997302 539
0.0001783449999996911 540
0.0001783920000000272 541
0.0001784039999996878 540
0.00017846099999996312 539
0.0001785549999997471 540
0.00017858099999967791 539
0.0001786070000000528 540
0.00017863699999987048 541
0.00017866699999968816 542
0.0001787009999998368 541
0.00017873000000001582 542
0.0001787599999998335 543
0.00017878999999965117 544
0.00017881999999991294 545
0.00017882099999999568 544
0.0001788499999997306 545
0.00017893299999993673 546
0.00017894099999971047 545
0.0001789629999997544 546
0.00017899300000001617 547
0.00017906099999986935 546
0.00017909000000004838 547
0.00017917199999972766 548
0.00017918100000002823 547
0.0001792319999998071 548
0.00017930099999974303 547
0.0001794209999999019 546
0.00017946999999995938 547
0.0001795410000000608 546
0.000179597999999892 545
0.00017967199999979755 546
0.0001797180000000509 545
0.0001797749999998821 544
0.000179895000000041 543
0.0001799869999996595 544
0.0001800149999997558 543
0.00018001699999992127 544
0.00018013499999991467 543
0.0001801969999997155 544
0.00018023999999972062 545
0.00018025499999962946 544
0.00018037499999978834 543
0.00018043599999995052 544
0.00018049499999994723 543
0.00018061499999966202 542
0.00018062099999971437 543
0.00018071999999991206 544
0.0001807349999998209 543
0.00018079199999965212 542
0.0001809069999998414 543
0.000180911999999811 542
0.00018103199999996988 541
0.0001810769999996964 542
0.00018110699999995816 543
0.00018115199999968468 542
0.00018127199999984356 541
0.00018129999999993984 542
0.00018132999999975752 543
0.00018136000000001928 544
0.00018138999999983696 545
0.00018139200000000244 544
0.00018151199999971723 543
0.00018159899999981022 544
0.00018163199999987611 543
0.000181752000000035 542
0.00018180899999986622 541
0.0001818700000000284 542
0.0001819290000000251 541
0.00018196499999989513 542
0.0001820489999997399 541
0.00018216899999989877 540
0.0001821859999999731 541
0.0001821999999997992 542
0.00018222599999973 541
0.00018234599999988887 540
0.0001824029999997201 539
0.00018252299999987898 538
0.00018264300000003786 537
0.00018276299999975265 536
0.00018276499999991813 537
0.00018287099999980683 538
0.00018288299999991153 537
0.00018300300000007041 536
0.00018302099999978338 537
0.00018305999999990163 536
0.0001831649999997076 537
0.00018318000000006052 536
0.00018327499999992725 537
0.0001832999999997753 536
0.0001834199999999342 535
0.00018353999999964898 534
0.00018357499999988036 535
0.00018363600000004254 536
0.00018365999999980787 535
0.00018366899999966435 536
0.00018377999999996675 535
0.00018389999999968154 534
0.00018395699999995685 533
0.00018407699999967164 532
0.00018419699999983052 531
0.0001842999999999151 532
0.0001843169999999894 531
0.00018437399999982063 530
0.00018444799999972616 531
0.0001844939999999795 530
0.00018458899999984624 531
0.0001846139999996943 530
0.0001847109999997265 531
0.00018473399999985318 530
0.00018483699999993775 531
0.00018485400000001206 530
0.0001849279999999176 531
0.0001849659999999531 532
0.00018497399999972686 531
0.0001849959999997708 532
0.00018507099999975907 533
0.00018509399999988574 532
0.0001851139999997642 533
0.00018517899999981324 534
0.00018521400000004462 533
0.0001853339999997594 532
0.0001854539999999183 531
0.00018549800000000616 532
0.00018555399999975464 533
0.0001855739999996331 532
0.00018569399999979197 531
0.00018574799999981906 532
0.00018581399999995085 531
0.00018586300000000833 532
0.00018587099999978207 531
0.00018594799999993583 532
0.00018599099999994095 531
0.00018599799999963196 532
0.00018602799999989372 533
0.00018611099999965575 532
0.0001861149999999867 533
0.00018623099999981463 532
0.0001863509999999735 531
0.00018635599999994312 532
0.00018640299999983512 533
0.0001864709999996883 532
0.0001865279999999636 533
0.0001865579999997813 534
0.00018659099999984718 533
0.00018661599999969525 534
0.000186645999999957 535
0.00018667999999966156 536
0.00018671100000000607 535
0.00018683099999972086 534
0.00018685499999993027 535
0.00018688499999974795 536
0.00018695099999987974 535
0.00018700499999990683 536
0.0001870349999997245 537
0.00018707100000003862 536
0.00018709599999988669 537
0.00018719099999975342 536
0.00018719599999972303 537
0.0001873109999999123 536
0.00018737999999984822 537
0.00018743100000007118 538
0.00018743100000007118 537
0.00018747999999968457 538
0.00018750999999994633 539
0.00018755099999978597 538
0.00018767099999994485 537
0.00018779099999965965 536
0.00018780999999989945 537
0.00018791099999981853 536
0.00018795100000001952 537
0.00018796799999964975 536
0.00018808799999980863 535
0.0001880899999999741 536
0.0001882079999999675 535
0.00018830599999963837 536
0.0001883279999996823 535
0.00018837399999993565 536
0.00018838499999995761 535
0.0001885049999996724 534
0.0001886249999998313 533
0.00018874499999999017 532
0.00018875600000001214 533
0.0001888210000000612 534
0.00018886499999970496 533
0.00018898499999986385 532
0.00018898599999994659 533
0.00018901599999976426 534
0.0001890549999998825 535
0.00018910500000002273 534
0.00018922499999973752 533
0.00018926899999982538 534
0.00018928299999965148 535
0.00018931299999991325 536
0.0001893449999998964 535
0.00018942599999993703 536
0.00018943999999976313 537
0.00018946500000005528 536
0.00018951899999963828 537
0.00018958499999977008 536
0.00018970100000004209 537
0.00018970499999992896 536
0.00018982499999964375 535
0.00018994499999980263 534
0.00018995199999993773 535
0.00018996599999976382 536
0.00019006299999979603 537
0.00019006499999996151 536
0.00019012199999979273 535
0.0001901730000000157 536
0.00019024199999995162 535
0.00019032099999982677 536
0.00019035099999964444 537
0.0001903619999996664 536
0.00019040599999975427 537
0.0001904819999998253 536
0.00019057299999980515 537
0.00019060199999998417 536
0.0001906919999998813 537
0.00019072199999969897 536
0.00019078799999983076 537
0.00019084199999985785 536
0.00019096200000001673 535
0.0001910199999999307 536
0.00019108199999973152 535
0.00019113900000000683 534
0.00019123100000006943 535
0.00019125899999972162 534
0.0001912609999998871 535
0.0001913789999998805 534
0.0001914990000000394 533
0.00019161899999975418 532
0.00019173899999991306 531
0.00019185899999962786 530
0.00019191499999982042 531
0.00019197899999978674 530
0.00019209899999994562 529
0.0001922189999996604 528
0.0001923389999998193 527
0.00019239999999998147 528
0.00019245899999997818 527
0.00019257899999969297 526
0.00019269899999985185 525
0.00019279999999977093 526
0.00019281900000001073 525
0.00019286099999993311 526
0.00019293899999972552 525
0.00019294899999966475 526
0.0001930589999998844 525
0.0001931790000000433 524
0.00019329899999975808 523
0.0001933560000000334 522
0.00019336499999988987 523
0.00019347599999974818 522
0.00019355599999970607 523
0.00019355699999978881 524
0.00019359599999990706 523
0.00019371600000006595 522
0.00019381099999993268 523
0.00019383599999978074 522
0.0001938469999998027 523
0.00019392899999992608 524
0.00019395599999993962 523
0.00019407599999965441 522
0.0001941959999998133 521
0.00019431599999997218 520
0.00019443599999968697 519
0.0001945100000000366 520
0.00019455599999984585 519
0.00019460100000001646 520
0.0001946419999998561 521
0.00019467600000000473 520
0.00019479599999971953 519
0.0001949159999998784 518
0.0001950360000000373 517
0.00019512499999985167 518
0.00019515599999975208 517
0.00019527599999991097 516
0.00019539600000006985 515
0.0001954039999998436 516
0.00019551599999978464 515
0.00019563599999994352 514
0.00019575599999965831 513
0.00019587399999965172 514
0.0001958759999998172 513
0.00019599599999997608 512
0.00019605699999969417 513
0.00019611599999969087 512
0.00019619999999997972 513
0.00019623599999984975 512
0.00019630399999970294 513
0.00019635600000000863 512
0.00019643599999996653 513
0.00019647599999972343 512
0.0001965959999998823 511
0.00019666499999981824 512
0.0001967160000000412 511
0.00019674399999969339 512
0.00019677899999992476 513
0.00019683599999975598 512
0.0001969069999998574 513
0.00019695599999991487 512
0.00019707599999962966 511
0.00019713899999995732 512
0.00019719599999978854 511
0.00019731599999994742 510
0.00019738099999999648 511
0.00019743599999966222 510
0.0001975559999998211 509
0.00019767599999997998 508
0.00019773099999964572 509
0.00019779599999969477 508
0.00019791599999985365 507
0.00019801500000005134 508
0.00019803600000001254 507
0.00019815599999972733 506
0.00019820800000003302 507
0.0001982759999998862 506
0.0001983960000000451 505
0.00019847799999972437 506
0.00019851599999975988 505
0.00019863599999991877 504
0.00019875599999963356 503
0.00019887599999979244 502
0.00019895699999983307 503
0.00019899599999995132 502
0.0001990779999996306 503
0.00019911599999966612 502
0.0001992269999999685 503
0.000199235999999825 502
0.00019935599999998388 501
0.00019947599999969867 500
0.00019949899999982534 501
0.00019959599999985755 500
0.00019963199999972758 501
0.00019971600000001644 500
0.0001997409999998645 501
0.00019983599999973123 500
0.00019987899999973635 501
0.00019991899999993734 502
0.0001999559999998901 501
0.00019997900000001678 502
0.000200076000000049 501
0.00020019599999976379 500
0.00020031599999992267 499
0.00020043599999963746 498
0.0002005359999999179 499
0.00020055599999979634 498
0.00020059199999966637 499
0.00020066999999990287 500
0.00020067599999995522 499
0.0002007109999997425 500
0.00020079599999967002 499
0.0002009159999998289 498
0.00020092599999976812 499
0.00020103599999998778 498
0.00020115599999970257 497
0.0002012109999998124 498
0.00020124099999963008 499
0.00020127599999986145 498
0.00020139600000002034 497
0.00020151599999973513 496
0.0002015269999997571 497
0.00020154100000002728 498
0.000201635999999894 497
0.0002017560000000529 496
0.00020187599999976769 495
0.00020194900000003457 496
0.00020196299999986067 497
0.00020199599999992657 496
0.00020211599999964136 495
0.00020223599999980024 494
0.0002022489999999877 495
0.00020231199999987126 496
0.00020235599999995912 495
0.00020240299999985112 496
0.00020247599999967392 495
0.00020249499999991372 496
0.00020255399999991042 497
0.0002025959999998328 496
0.00020271599999999168 495
0.00020283599999970647 494
0.00020295599999986536 493
0.00020299799999978774 494
0.00020307600000002424 493
0.00020315700000006487 494
0.00020319599999973903 493
0.00020322999999988767 494
0.00020325999999970534 495
0.0002033159999998979 494
0.0002033180000000634 495
0.0002034360000000568 494
0.0002034479999997174 495
0.00020355599999977159 494
0.00020365899999985615 495
0.00020367599999993047 494
0.00020379599999964526 493
0.00020387299999979902 494
0.00020391599999980414 493
0.00020403599999996302 492
0.00020413399999963389 493
0.00020415599999967782 492
0.00020427399999967122 493
0.0002042759999998367 492
0.00020439599999999558 491
0.000204426999999896 492
0.00020451599999971037 491
0.00020463599999986926 490
0.00020475600000002814 489
0.00020487599999974293 488
0.0002049959999999018 487
0.0002051160000000607 486
0.0002052359999997755 485
0.00020535599999993437 484
0.00020547599999964916 483
0.00020559599999980804 482
0.00020570299999977948 483
0.00020571599999996693 482
0.00020583599999968172 481
0.0002059559999998406 480
0.00020600899999978495 481
0.00020607599999999948 480
0.00020619599999971427 479
0.0002062110000000672 480
0.00020631599999987316 479
0.00020643600000003204 478
0.00020653999999975525 479
0.00020655599999974683 478
0.00020657000000001702 479
0.0002066759999999057 478
0.00020678299999987715 479
0.0002067960000000646 478
0.00020681299999969482 479
0.00020685299999989581 478
0.0002069730000000547 477
0.00020704299999962927 478
0.0002070929999997695 477
0.00020721299999992837 476
0.00020727199999992507 477
0.00020733299999964316 476
0.00020745299999980205 475
0.00020757299999996093 474
0.00020769299999967572 473
0.0002078129999998346 472
0.00020793299999999348 471
0.00020805299999970828 470
0.00020817299999986716 469
0.00020818499999997186 470
0.00020829300000002604 469
0.00020841299999974083 468
0.00020853299999989972 467
0.00020858499999976132 468
0.0002086530000000586 467
0.0002087729999997734 466
0.00020889299999993227 465
0.00020901299999964706 464
0.0002090259999998345 465
0.00020913299999980595 464
0.00020925299999996483 463
0.00020930999999979605 464
0.00020930999999979605 463
0.00020942999999995493 462
0.00020954999999966972 461
0.0002096699999998286 460
0.0002097149999999992 461
0.0002097899999999875 460
0.0002098469999998187 459
0.0002099669999999776 458
0.00021008699999969238 457
0.00021013400000002846 458
0.00021020699999985126 457
0.00021026399999968248 456
0.00021038399999984136 455
0.00021041699999990726 456
0.00021050400000000025 455
0.00021062399999971504 454
0.00021066499999999877 455
0.00021067899999982487 456
0.00021074399999987392 455
0.0002108640000000328 454
0.0002109839999997476 453
0.00021110399999990648 452
0.00021114799999999434 453
0.00021122400000006536 452
0.00021134399999978015 451
0.00021146399999993903 450
0.00021149700000000493 451
0.00021156799999966225 452
0.00021158199999993244 453
0.00021158399999965383 452
0.00021164099999992914 451
0.00021176099999964393 450
0.00021186299999964575 451
0.0002118809999998028 450
0.0002120009999999617 449
0.00021212099999967649 448
0.00021224099999983537 447
0.00021236099999999425 446
0.00021248099999970904 445
0.00021260099999986792 444
0.0002126949999996519 445
0.0002127210000000268 444
0.0002128409999997416 443
0.00021286299999978553 444
0.00021296099999990048 443
0.00021308100000005936 442
0.00021320099999977415 441
0.00021332099999993304 440
0.0002133699999999905 441
0.00021344099999964783 440
0.0002135609999998067 439
0.00021367100000002637 440
0.0002136809999999656 439
0.00021370199999992678 440
0.00021380099999968039 439
0.00021392099999983927 438
0.00021393499999966537 439
0.00021396699999964852 440
0.00021403799999974993 441
0.00021404099999999815 440
0.0002140680000000117 441
0.0002140819999998378 442
0.00021411199999965547 443
0.00021414199999991723 444
0.00021416099999971294 443
0.00021428099999987182 442
0.0002143299999999293 443
0.00021437099999976894 444
0.0002144010000000307 443
0.00021444599999975722 444
0.0002145209999997455 443
0.00021453500000001569 444
0.00021454899999984178 445
0.00021464099999990438 444
0.00021476100000006326 443
0.00021480699999987252 444
0.00021485799999965138 445
0.00021487199999992157 446
0.00021488099999977806 445
0.00021490199999973925 446
0.00021500099999993694 445
0.00021500399999974107 446
0.0002150499999999944 447
0.00021509099999983405 448
0.00021512099999965173 447
0.00021514700000002662 448
0.00021521599999996255 449
0.0002152409999998106 448
0.000215282999999733 449
0.00021529799999964183 448
0.00021531299999999476 449
0.00021534099999964695 450
0.00021535499999991714 449
0.00021547499999963193 448
0.00021555099999970295 449
0.00021556499999997314 450
0.00021559499999979082 449
0.0002157149999999497 448
0.0002158349999996645 447
0.00021584199999979958 448
0.00021588399999972196 449
0.00021589799999999215 450
0.0002159319999996967 451
0.00021595499999982337 450
0.00021600799999976772 451
0.00021603199999997713 452
0.00021607499999998225 451
0.00021607999999995187 452
0.00021619499999969705 451
0.00021631499999985593 452
0.00021631499999985593 451
0.0002163760000000181 452
0.00021640599999983579 453
0.0002164350000000148 452
0.00021644999999992365 453
0.00021654199999998625 454
0.0002165549999997296 453
0.00021667499999988848 452
0.00021668599999991045 453
0.00021671599999972813 454
0.00021679500000004737 453
0.0002168169999996472 454
0.0002168949999998837 455
0.00021691499999976216 454
0.00021700699999982476 455
0.00021703499999992104 454
0.00021709799999980461 455
0.00021713699999992286 456
0.00021715499999963583 455
0.00021727499999979472 454
0.00021728599999981668 455
0.00021731599999963436 456
0.00021734599999989612 457
0.0002173549999997526 458
0.0002173759999997138 459
0.0002173949999999536 458
0.00021740599999997556 459
0.00021743599999979324 460
0.00021745000000006343 461
0.0002174799999998811 462
0.0002175149999996684 461
0.00021759399999998763 462
0.00021763499999982727 461
0.0002176689999999759 462
0.00021769899999979359 463
0.00021772900000005535 464
0.00021775499999998615 463
0.00021776499999992538 464
0.00021780199999987815 465
0.00021781199999981737 464
0.00021783199999969582 465
0.000217845999999966 466
0.00021793199999997626 465
0.00021798899999980748 464
0.00021804899999988692 465
0.00021808199999995281 466
0.00021810899999996636 465
0.00021811399999993597 466
0.0002181549999997756 467
0.00021816599999979758 466
0.0002182209999999074 467
0.00021825099999972508 468
0.00021828099999998685 469
0.00021828599999995646 468
0.00021831099999980452 469
0.0002183410000000663 470
0.00021840599999967125 469
0.00021842999999988066 470
0.00021845999999969834 471
0.00021852599999983013 470
0.0002185319999998825 471
0.00021856199999970016 472
0.00021862099999969686 473
0.00021864599999998902 472
0.00021865099999995863 473
0.0002186809999997763 474
0.00021871100000003807 475
0.00021874300000002123 476
0.0002187659999997038 475
0.00021887599999992347 476
0.0002188859999998627 475
0.00021890599999974114 476
0.0002189360000000029 477
0.00021896599999982058 478
0.00021899599999963826 479
0.00021900600000002157 478
0.00021902599999990002 479
0.0002190559999997177 480
0.0002190629999998528 479
0.00021908599999997946 480
0.00021911599999979714 481
0.0002191460000000589 482
0.00021917599999987658 483
0.00021918300000001167 482
0.00021920599999969426 483
0.00021923599999995602 484
0.00021930299999972647 483
0.00021933099999982275 484
0.00021939699999995455 485
0.00021942299999988535 484
0.00021943000000002044 485
0.00021945999999983812 486
0.00021947999999971657 485
0.0002194899999996558 486
0.00021951999999991756 487
0.00021954999999973523 488
0.000219579999999997 489
0.00021959999999987545 488
0.00021960999999981468 489
0.00021963999999963235 490
0.00021966999999989412 491
0.0002196999999997118 492
0.00021972000000003433 491
0.00021972999999997356 492
0.00021975999999979123 493
0.000219790000000053 494
0.00021981999999987067 495
0.00021983999999974912 494
0.00021984999999968835 495
0.00021987999999995012 496
0.00021992599999975937 497
0.00021995600000002113 498
0.000219959999999908 497
0.000220047000000001 498
0.0002200800000000669 497
0.00022008599999967515 498
0.00022011599999993692 499
0.0002201369999998981 498
0.0002201459999997546 499
0.00022019200000000794 500
0.00022023999999998267 501
0.000220257000000057 500
0.00022029599999973115 501
0.00022032599999999292 502
0.00022037699999977178 501
0.00022041099999992042 502
0.0002204409999997381 503
0.00022047099999999986 504
0.00022049699999993067 503
0.00022050099999981754 504
0.00022055499999984463 505
0.0002205849999996623 506
0.00022060299999981936 507
0.00022061499999992407 508
0.00022061699999964546 507
0.00022065699999984645 508
0.00022068699999966412 509
0.0002207169999999259 510
0.000220730999999752 511
0.00022073699999980434 510
0.00022076100000001375 511
0.00022079099999983143 512
0.0002208209999996491 513
0.00022085099999991087 514
0.00022085699999996322 513
0.00022088099999972854 514
0.0002209109999999903 515
0.00022094099999980799 516
0.00022097100000006975 517
0.00022097699999967801 516
0.00022100099999988743 517
0.0002210309999997051 518
0.00022106099999996687 519
0.00022109099999978454 520
0.0002210969999998369 519
0.0002211210000000463 520
0.00022115099999986398 521
0.00022118099999968166 522
0.00022121099999994343 523
0.00022121699999999578 522
0.00022125199999978307 523
0.00022128200000004483 524
0.0002213119999998625 525
0.00022133699999971057 524
0.00022134199999968018 525
0.00022137199999994195 526
0.00022138599999976805 527
0.0002214160000000298 528
0.0002214459999998475 529
0.00022145699999986945 528
0.00022147599999966516 529
0.00022150599999992693 530
0.0002215359999997446 531
0.00022156600000000637 532
0.00022157700000002833 531
0.00022159699999990679 532
0.00022163399999985955 531
0.00022167900000003016 532
0.00022170899999984783 533
0.0002217389999996655 534
0.00022175400000001844 533
0.00022177499999997963 534
0.0002218190000000675 535
0.00022187399999973323 534
0.00022193899999978228 535
0.00022196900000004405 536
0.0002219939999998921 535
0.00022199899999986172 536
0.0002220289999996794 537
0.00022205899999994116 538
0.00022208899999975884 539
0.000222114000000051 538
0.0002221190000000206 539
0.00022214899999983828 540
0.00022217899999965596 541
0.00022223399999976579 540
0.0002222509999998401 541
0.00022230399999978445 542
0.00022233400000004622 543
0.00022235399999992467 542
0.0002223639999998639 543
0.00022239399999968157 544
0.00022242599999966473 545
0.0002224399999999349 546
0.00022247399999963946 545
0.00022251100000003632 546
0.000222540999999854 547
0.00022259399999979834 546
0.00022259700000004656 547
0.00022264599999965995 548
0.00022267599999992171 549
0.0002227059999997394 550
0.00022271399999995722 549
0.00022273600000000116 550
0.00022276599999981883 551
0.0002227959999996365 552
0.00022282599999989827 553
0.00022283399999967202 552
0.00022285599999971595 553
0.0002228859999999777 554
0.0002229539999998309 553
0.0002229749999997921 554
0.00022298900000006228 555
0.00022307399999998978 554
0.000223130999999821 553
0.00022315899999991728 554
0.00022318899999973496 555
0.00022323799999979244 556
0.00022325099999997988 555
0.0002232699999997756 556
0.00022330699999972836 557
0.00022333699999999013 558
0.0002233669999998078 559
0.00022337099999969467 558
0.00022339700000006957 559
0.00022346699999964414 560
0.00022349099999985356 559
0.0002234969999999059 560
0.00022360600000004283 561
0.00022361100000001244 560
0.00022366299999987405 561
0.0002237019999999923 562
0.00022373099999972723 561
0.00022373899999994507 562
0.00022376899999976274 563
0.0002238509999998861 562
0.00022393900000006184 563
0.000223971000000045 562
0.0002240579999996939 563
0.0002240909999997598 562
0.00022410199999978175 563
0.00022413200000004352 564
0.00022418499999998787 565
0.00022421099999991867 564
0.00022429599999984617 565
0.00022433099999963346 564
0.0002243719999999172 565
0.0002244099999999527 566
0.00022445099999979234 567
0.00022445099999979234 566
0.000224561000000012 567
0.00022457099999995123 566
0.00022459099999982968 567
0.00022462099999964735 568
0.00022465099999990912 569
0.0002246809999997268 570
0.00022469099999966602 569
0.0002247120000000713 570
0.00022474199999988898 571
0.00022477199999970665 572
0.0002248109999998249 571
0.00022493099999998378 570
0.00022505099999969858 569
0.0002251149999996649 570
0.00022517099999985746 569
0.00022520599999964475 570
0.00022529100000001634 569
0.00022541099999973113 568
0.00022553099999989001 567
0.0002256510000000489 566
0.0002257709999997637 565
0.00022577199999984643 566
0.0002258019999996641 567
0.00022589099999992257 566
0.00022601099999963736 565
0.00022613099999979624 564
0.00022613400000004447 565
0.00022617999999985372 566
0.00022625099999995513 565
0.00022637099999966992 564
0.0002264909999998288 563
0.00022658199999980866 564
0.00022661099999998768 563
0.00022673099999970248 562
0.00022685099999986136 561
0.0002268899999999796 562
0.00022691999999979728 563
0.00022697100000002024 562
0.00022700099999983792 563
0.00022705799999966914 564
0.00022709099999973503 563
0.00022721099999989391 562
0.0002273310000000528 561
0.0002274509999997676 560
0.00022757099999992647 559
0.00022769099999964126 558
0.00022781099999980015 557
0.00022793099999995903 556
0.00022805099999967382 555
0.00022806199999969579 556
0.0002281709999998327 555
0.00022829099999999158 554
0.00022841099999970638 553
0.00022853099999986526 552
0.00022854199999988722 553
0.00022865100000002414 552
0.00022877099999973893 551
0.00022889099999989782 550
0.0002290110000000567 549
0.0002291309999997715 548
0.000229215999999699 549
0.00022925099999993037 548
0.00022931199999964846 549
0.00022937099999964516 548
0.00022949099999980405 547
0.00022961099999996293 546
0.00022968399999978573 547
0.00022973099999967772 546
0.0002298509999998366 545
0.00022997099999999548 544
0.00023009099999971028 543
0.00023021099999986916 542
0.00023033100000002804 541
0.00023045099999974283 540
0.00023045399999999105 541
0.00023057099999990172 540
0.0002306910000000606 539
0.0002308109999997754 538
0.00023093099999993427 537
0.00023105099999964906 536
0.00023105699999970142 537
0.00023117099999980795 536
0.00023129099999996683 535
0.00023134999999996353 536
0.00023141099999968162 535
0.0002315309999998405 534
0.00023165099999999939 533
0.0002317480000000316 534
0.00023177099999971418 533
0.00023189099999987306 532
0.00023201100000003194 531
0.00023211300000003376 532
0.00023213099999974673 531
0.00023225099999990562 530
0.00023234799999993783 531
0.0002323710000000645 530
0.0002324909999997793 529
0.00023251399999990596 530
0.00023255999999971522 531
0.00023261099999993817 530
0.00023264499999964272 531
0.00023273099999965297 530
0.00023285099999981185 529
0.00023297099999997073 528
0.00023309099999968552 527
0.0002332109999998444 526
0.00023333100000000329 525
0.00023336699999987331 526
0.00023345099999971808 525
0.00023357099999987696 524
0.00023367299999987878 525
0.00023369100000003584 524
0.00023381099999975063 523
0.00023381599999972025 524
0.00023384399999981653 525
0.00023393099999990952 524
0.00023394799999998384 525
0.00023400200000001092 526
0.0002340510000000684 525
0.0002340909999998253 526
0.00023414099999996552 527
0.0002341709999997832 526
0.00023429099999994207 525
0.00023434999999993877 526
0.00023441099999965687 525
0.00023451999999979378 526
0.00023453099999981575 525
0.00023465099999997463 524
0.00023471999999991056 525
0.00023477099999968942 524
0.0002348059999999208 525
0.00023482599999979925 526
0.0002348909999998483 525
0.00023489599999981792 526
0.00023498599999971503 527
0.00023501100000000719 526
0.00023510899999967805 527
0.00023513099999972198 526
0.00023523399999980654 527
0.00023525099999988086 526
0.0002353369999998911 527
0.00023535899999993504 528
0.00023537100000003974 527
0.00023537299999976113 528
0.0002354030000000229 529
0.00023549099999975454 528
0.00023549299999992002 529
0.0002355229999997377 530
0.00023555299999999946 531
0.00023561099999991342 530
0.00023562499999973952 531
0.00023566399999985777 532
0.00023567799999968386 533
0.0002357309999996282 532
0.00023580600000006058 533
0.0002358509999997871 532
0.00023597099999994597 531
0.0002359759999999156 532
0.00023598999999974168 533
0.00023602000000000345 534
0.00023609099999966077 533
0.00023610499999993095 534
0.00023615199999982295 535
0.00023618199999964062 536
0.0002361959999999108 537
0.00023621099999981965 536
0.00023625100000002064 537
0.00023626499999984674 538
0.00023627899999967283 539
0.0002363089999999346 540
0.00023633099999997853 539
0.00023645099999969332 538
0.0002365709999998522 537
0.0002366910000000111 536
0.00023669299999973248 537
0.00023681099999972588 536
0.0002369060000000367 537
0.00023693099999988476 536
0.00023696599999967205 537
0.00023699599999993382 538
0.00023704399999990855 539
0.00023705100000004364 538
0.00023715899999965373 539
0.00023717099999975844 538
0.00023719199999971963 539
0.00023724499999966397 540
0.00023729099999991732 539
0.0002372949999998042 540
0.0002373469999996658 541
0.00023737699999992756 542
0.00023740699999974524 543
0.0002374109999996321 542
0.000237530999999791 541
0.00023754899999994805 542
0.00023757899999976573 543
0.00023765099999994987 542
0.00023777000000002602 543
0.00023777099999966467 542
0.00023781599999983527 543
0.00023786299999972726 544
0.00023789099999982355 543
0.00023792600000005493 544
0.00023801099999998243 543
0.00023809399999974445 544
0.0002381259999997276 545
0.00023813099999969722 544
0.00023823700000003 545
0.0002382509999998561 544
0.00023826699999984768 545
0.00023830899999977007 546
0.00023833900000003183 547
0.00023835299999985793 548
0.00023836699999968403 549
0.000238371000000015 548
0.00023841899999998972 549
0.00023849099999972978 548
0.00023852799999968255 549
0.00023855799999994431 550
0.0002385860000000406 551
0.00023861099999988866 550
0.00023866799999971988 549
0.00023878799999987876 548
0.00023888699999963237 549
0.00023890800000003765 548
0.000238960999999982 549
0.00023902799999975244 548
0.00023914799999991132 547
0.0002392279999998692 548
0.0002392680000000702 547
0.00023932499999990142 546
0.00023940599999994205 547
0.00023941999999976815 548
0.0002394450000000603 547
0.00023946899999982563 548
0.0002394989999996433 549
0.00023952899999990507 550
0.0002395649999997751 549
0.0002395719999999102 550
0.0002396119999996671 551
0.00023964199999992886 552
0.00023968499999993398 551
0.00023972400000005223 552
0.0002397539999998699 553
0.00023978399999968758 554
0.00023980499999964877 553
0.00023981399999994935 554
0.0002399069999996506 555
0.00023992499999980765 554
0.0002400229999999226 555
0.00024004499999996654 554
0.00024011999999995481 555
0.00024016499999968133 554
0.00024017699999978603 555
0.00024024400000000057 556
0.0002402849999998402 555
0.00024030199999991453 556
0.00024033699999970182 557
0.0002404049999999991 556
0.00024052499999971388 555
0.00024056499999991487 556
0.00024064499999987277 555
0.00024076500000003165 554
0.0002408510000000419 555
0.00024088499999974644 554
0.00024091099999967724 555
0.00024100499999990532 554
0.00024101799999964868 555
0.00024105199999979732 556
0.00024108200000005908 557
0.00024111199999987676 558
0.0002411250000000642 557
0.00024114199999969443 558
0.0002411719999999562 559
0.00024120899999990897 560
0.00024123899999972664 561
0.000241244999999779 560
0.0002413039999997757 561
0.00024133400000003746 562
0.00024136399999985514 563
0.00024136499999993788 562
0.00024139399999967281 563
0.00024142399999993458 564
0.00024145399999975226 565
0.00024148499999965267 564
0.00024158199999968488 565
0.00024160499999981155 564
0.00024171799999983534 565
0.00024172499999997044 564
0.0002417569999999536 565
0.00024178699999977127 566
0.00024181700000003303 567
0.00024184499999968523 566
0.0002418469999998507 567
0.00024189999999979506 568
0.00024191400000006524 569
0.0002419649999998441 568
0.0002420779999998679 569
0.000242085000000003 568
0.0002421489999999693 569
0.00024217899999978698 570
0.00024220499999971778 569
0.00024222699999976172 570
0.00024225700000002348 571
0.00024232499999987667 570
0.0002423259999999594 571
0.00024236699999979905 572
0.00024239700000006081 573
0.0002424269999998785 574
0.00024244500000003555 573
0.00024247299999968774 574
0.00024256499999975034 573
0.00024268499999990922 572
0.00024271199999992277 573
0.0002428050000000681 572
0.00024281099999967637 573
0.0002429249999997829 572
0.00024304499999994178 571
0.00024316499999965657 570
0.00024322199999993188 571
0.00024325199999974956 572
0.00024328499999981545 571
0.00024329599999983742 572
0.00024340499999997434 571
0.00024341999999988317 572
0.00024351699999991538 573
0.00024352499999968913 572
0.000243644999999848 571
0.00024367199999986155 572
0.0002437650000000069 571
0.00024381599999978576 572
0.00024388499999972169 571
0.00024395499999974035 572
0.00024400499999988057 573
0.00024400499999988057 572
0.00024412500000003945 571
0.00024414899999980477 572
0.00024416299999963087 573
0.00024420699999971873 574
0.0002442369999999805 575
0.00024424499999975424 574
0.0002442509999998066 575
0.00024428100000006836 576
0.00024431099999988604 577
0.0002443409999997037 578
0.0002443649999999131 577
0.0002443709999999655 578
0.00024440099999978315 579
0.0002444849999996279 578
0.0002446049999997868 577
0.00024461799999997424 578
0.0002447249999999457 577
0.0002448449999996605 576
0.0002448669999997044 577
0.0002448809999999746 578
0.0002449309999996707 579
0.00024496499999981936 578
0.0002449759999998413 579
0.00024499799999988525 580
0.00024503299999967254 581
0.0002450629999999343 582
0.00024508499999997824 581
0.000245092999999752 582
0.00024510700000002217 583
0.00024520499999969303 582
0.00024522699999973696 583
0.0002453249999998519 582
0.000245331999999987 583
0.0002453619999998047 584
0.00024539200000006645 585
0.0002454450000000108 584
0.0002455069999998116 585
0.0002455649999997256 584
0.0002456220000000009 583
0.0002456479999999317 584
0.0002456789999998321 583
0.0002457469999996853 584
0.00024577699999994707 585
0.000245798999999991 584
0.00024580699999976474 585
0.0002458439999997175 586
0.0002459189999997058 585
0.000245928999999645 586
0.0002459589999999068 587
0.00024598899999972446 588
0.0002460189999999862 589
0.00024603899999986467 588
0.0002461439999996706 589
0.00024615900000002355 588
0.00024627899999973835 587
0.000246348999999757 588
0.00024639899999989723 587
0.0002464239999997453 588
0.0002465190000000561 587
0.00024657599999988733 586
0.0002466960000000462 585
0.0002467149999998419 586
0.000246815999999761 585
0.0002469359999999199 584
0.00024697500000003814 585
0.0002470290000000652 586
0.0002470559999996347 585
0.00024709599999983567 586
0.00024712599999965335 587
0.0002471559999999151 588
0.0002471699999997412 589
0.00024717599999979356 588
0.0002472599999996383 589
0.0002472899999999001 590
0.00024729599999995244 589
0.00024741599999966724 588
0.0002475359999998261 587
0.0002476140000000626 588
0.0002476510000000154 589
0.000247655999999985 588
0.0002476839999996372 589
0.00024771399999989896 590
0.00024774399999971664 591
0.0002477739999999784 592
0.0002477759999996998 591
0.0002478039999997961 592
0.0002478629999997928 593
0.0002478959999998587 592
0.0002479090000000461 593
0.00024798699999983853 594
0.00024801600000001756 593
0.0002480169999996562 594
0.00024804699999991797 595
0.00024807699999973565 596
0.0002481209999998235 597
0.00024813599999973235 596
0.00024825599999989123 595
0.0002483069999996701 596
0.0002483760000000501 595
0.00024842400000002485 596
0.0002484539999998425 597
0.0002484839999996602 598
0.0002484959999997649 597
0.00024851399999992196 598
0.0002486089999997887 599
0.0002486159999999238 598
0.0002486230000000589 599
0.0002486559999996807 600
0.0002487009999998513 601
0.0002487359999996386 600
0.0002487689999997045 601
0.00024879899999996624 602
0.00024885599999979746 601
0.0002488949999999157 602
0.0002489749999998736 603
0.00024897599999995634 602
0.0002489889999996997 603
0.00024902099999968286 604
0.0002490509999999446 605
0.0002490809999997623 606
0.00024909599999967114 605
0.000249139999999759 606
0.0002491569999998333 607
0.00024921599999983 606
0.0002493359999999889 605
0.000249378999999994 606
0.0002494559999997037 605
0.0002494609999996733 606
0.00024949099999993507 607
0.00024952099999975275 608
0.0002495510000000145 609
0.0002495759999998626 608
0.0002495809999998322 609
0.00024961099999964986 610
0.00024969600000002146 609
0.0002497209999998695 610
0.0002497509999996872 611
0.00024981599999973625 610
0.0002498840000000335 611
0.00024991799999973807 612
0.00024993599999989513 611
0.00024996199999982593 612
0.0002499919999996436 613
0.00025004000000006243 614
0.000250056000000054 613
0.00025011099999971975 614
0.0002501409999999815 615
0.0002501709999997992 616
0.0002501759999997688 615
0.00025020100000006096 616
0.00025023099999987863 617
0.0002502609999996963 618
0.0002502909999999581 619
0.0002502959999999277 618
0.00025030499999978417 619
0.00025033500000004594 620
0.0002503649999998636 621
0.0002503949999996813 622
0.0002504159999996425 621
0.00025042499999994305 622
0.00025045499999976073 623
0.0002504850000000225 624
0.00025051499999984017 625
0.00025053599999980136 624
0.00025054499999965785 625
0.0002505749999999196 626
0.0002506049999997373 627
0.00025063499999999905 628
0.00025064899999982515 629
0.00025065599999996024 628
0.0002506789999996428 629
0.0002507089999999046 630
0.00025073899999972227 631
0.00025076899999998403 632
0.00025077599999967504 631
0.0002507989999998017 632
0.0002508290000000635 633
0.00025083299999995035 632
0.0002508770000000382 633
0.0002509239999999302 634
0.00025095299999966514 633
0.0002509539999997479 634
0.00025098400000000964 635
0.0002510139999998273 636
0.000251043999999645 637
0.000251072999999824 636
0.00025107399999990676 637
0.00025110399999972444 638
0.00025112999999965524 637
0.0002511339999999862 638
0.0002511999999996739 639
0.00025122999999993567 640
0.0002512499999998141 639
0.00025125999999975335 640
0.0002512900000000151 641
0.000251369999999973 640
0.00025137299999977714 641
0.0002514240000000001 642
0.00025145399999981777 643
0.0002514899999996878 642
0.0002515229999997537 643
0.00025155999999970646 644
0.00025158999999996823 645
0.0002516099999998467 644
0.0002516199999997859 645
0.00025165000000004767 646
0.00025167999999986534 647
0.000251709999999683 648
0.00025173000000000556 647
0.0002517399999999448 648
0.00025178900000000226 649
0.00025182700000003777 650
0.00025184999999972035 649
0.00025188600000003447 650
0.00025192099999982176 651
0.00025195099999963944 652
0.00025196999999987924 651
0.0002519809999999012 652
0.0002520109999997189 653
0.00025202699999971045 652
0.00025204099999998064 653
0.0002520709999997983 654
0.0002521010000000601 655
0.00025213099999987776 656
0.00025214699999986934 655
0.00025216099999969543 656
0.0002522049999997833 657
0.00025223500000004506 658
0.00025226499999986274 659
0.0002522670000000282 658
0.0002522949999996804 659
0.00025232399999985944 658
0.0002523249999999422 659
0.00025235499999975985 660
0.00025238099999969066 659
0.0002523850000000216 660
0.0002524149999998393 661
0.00025244499999965697 662
0.00025247499999991874 663
0.00025250099999984954 662
0.0002525049999997364 663
0.0002525349999999982 664
0.00025256499999981585 665
0.00025259499999963353 666
0.0002526210000000084 665
0.0002526249999998953 666
0.0002526389999997214 667
0.0002526529999999916 668
0.00025267799999983964 667
0.00025268299999980925 668
0.00025273499999967086 667
0.0002527759999999546 668
0.00025279199999994617 667
0.00025280599999977227 668
0.00025283600000003403 669
0.0002528659999998517 670
0.0002528959999996694 671
0.00025291199999966096 670
0.00025292599999993115 671
0.00025297699999971 672
0.0002530069999999718 673
0.00025303199999981985 672
0.00025303699999978946 673
0.0002530670000000512 674
0.0002530969999998689 675
0.00025315199999997873 674
0.0002531539999997001 675
0.00025320899999980995 674
0.00025322099999991465 675
0.00025327299999977626 676
0.0002533190000000296 677
0.00025332899999996883 676
0.0002533489999998473 677
0.00025338599999980005 676
0.00025340299999987437 677
0.00025343299999969204 678
0.00025344299999963127 677
0.0002534629999999538 678
0.0002534929999997715 679
0.00025352300000003325 680
0.0002535529999998509 681
0.00025356299999979015 680
0.0002535829999996686 681
0.00025361299999993037 682
0.00025362699999975646 683
0.00025365700000001823 684
0.00025368299999994903 683
0.0002536869999998359 684
0.0002537169999996536 685
0.00025374699999991535 686
0.000253776999999733 687
0.0002538029999996638 686
0.0002538069999999948 687
0.00025383699999981246 688
0.00025385999999993913 687
0.00025386699999963014 688
0.0002538969999998919 689
0.0002539269999997096 690
0.00025395699999997134 691
0.0002539799999996539 690
0.000253986999999789 691
0.0002540170000000508 692
0.00025403699999992924 691
0.00025404699999986846 692
0.00025407699999968614 693
0.0002541069999999479 694
0.0002541369999997656 695
0.00025415699999964403 694
0.00025416700000002734 695
0.000254196999999845 696
0.0002542269999996627 697
0.00025425699999992446 698
0.0002542769999998029 697
0.00025428699999974214 698
0.0002543170000000039 699
0.0002543469999998216 700
0.00025437699999963925 701
0.0002543969999999618 700
0.000254406999999901 701
0.0002544369999997187 702
0.00025446699999998046 703
0.0002545169999996766 702
0.0002545929999997476 703
0.00025462300000000937 704
0.00025463699999983547 703
0.0002547059999997714 704
0.00025473600000003316 705
0.00025475699999999435 704
0.00025476599999985083 705
0.0002547959999996685 706
0.00025481399999982557 705
0.0002548259999999303 706
0.00025486099999971756 707
0.00025489099999997933 708
0.000254920999999797 709
0.00025493399999998445 708
0.00025497599999990683 709
0.0002550059999997245 710
0.0002550359999999863 711
0.00025505399999969924 710
0.00025506599999980395 711
0.0002551359999998226 712
0.0002551739999998581 711
0.00025521900000002873 712
0.000255294000000017 711
0.00025538899999988374 712
0.0002554139999997318 711
0.0002555339999998907 710
0.00025565400000004956 709
0.00025565599999977096 710
0.0002556860000000327 711
0.00025575299999980317 712
0.0002557699999998775 713
0.00025577399999976436 712
0.00025589399999992324 711
0.00025601399999963803 710
0.0002561339999997969 709
0.00025615599999984084 710
0.0002562539999999558 709
0.0002562609999996468 710
0.0002563739999996706 709
0.0002564399999998024 710
0.00025649399999982947 709
0.0002565509999996607 708
0.00025667099999981957 707
0.0002567359999998686 708
0.00025679099999997845 707
0.00025681899999963065 708
0.000256900999999754 709
0.00025691099999969325 708
0.00025694700000000736 709
0.00025700600000000406 710
0.00025703099999985213 709
0.00025708799999968335 708
0.00025714499999995866 707
0.00025718999999968517 708
0.00025722999999988616 709
0.00025726499999967345 708
0.00025738499999983233 707
0.00025744199999966355 706
0.00025756199999982243 705
0.00025761899999965365 704
0.00025767599999992896 703
0.000257700999999777 704
0.0002577329999997602 703
0.0002577900000000355 702
0.00025782699999998826 703
0.0002579099999997503 702
0.00025796599999994285 703
0.0002579670000000256 702
0.0002580869999997404 701
0.00025820699999989927 700
0.00025832700000005815 699
0.00025833200000002776 700
0.00025844699999977294 699
0.0002585669999999318 698
0.00025862399999976304 697
0.00025868100000003835 696
0.00025880099999975315 695
0.00025885800000002845 694
0.0002589149999998597 693
0.00025894699999984283 694
0.00025903500000001856 693
0.0002590919999998498 692
0.000259148999999681 691
0.0002592689999998399 690
0.0002593259999996711 689
0.00025944599999983 688
0.00025956599999998886 687
0.00025968599999970365 686
0.00025974299999997896 685
0.00025986299999969376 684
0.00025991999999996906 683
0.0002599769999998003 682
0.00026009699999995917 681
0.00026021699999967396 680
0.00026033699999983284 679
0.0002604569999999917 678
0.0002605769999997065 677
0.0002606969999998654 676
0.0002608149999998588 677
0.0002608170000000243 676
0.00026086599999963767 677
0.00026093699999973907 676
0.0002610079999998405 677
0.00026105699999989795 676
0.00026117700000005684 675
0.00026129699999977163 674
0.0002614169999999305 673
0.0002615369999996453 672
0.0002616569999998042 671
0.0002617139999996354 670
0.0002618339999997943 669
0.00026195399999995317 668
0.00026207399999966796 667
0.00026219399999982684 666
0.0002623139999999857 665
0.00026237099999981695 664
0.00026242799999964816 663
0.00026254799999980705 662
0.00026266799999996593 661
0.00026272499999979715 660
0.00026284499999995603 659
0.00026290199999978725 658
0.00026302199999994613 657
0.0002631419999996609 656
0.00026318699999983153 657
0.00026319899999993623 656
0.00026325599999976745 655
0.0002632590000000157 656
0.00026337599999992634 655
0.00026349599999964113 654
0.0002636159999998 653
0.00026363599999967846 654
0.0002637359999999589 653
0.0002637929999997901 652
0.000263912999999949 651
0.0002640329999996638 650
0.00026415299999982267 649
0.00026427299999998155 648
0.00026439299999969634 647
0.0002643949999998618 648
0.0002645129999998552 647
0.00026455399999969487 648
0.00026456999999968644 647
0.0002646899999998453 646
0.0002648100000000042 645
0.00026481600000005656 646
0.00026486699999983543 645
0.0002649869999999943 644
0.00026504399999982553 643
0.0002651639999999844 642
0.0002652839999996992 641
0.0002654039999998581 640
0.0002654609999996893 639
0.0002655809999998482 638
0.00026570100000000707 637
0.0002657199999998028 638
0.00026582099999972186 637
0.00026594099999988075 636
0.00026599799999971196 635
0.0002660610000000396 636
0.00026611799999987085 635
0.00026623800000002973 634
0.00026629499999986095 633
0.00026641500000001983 632
0.0002665349999997346 631
0.00026659200000000993 630
0.0002667119999997247 629
0.00026676900000000003 628
0.00026678099999966065 629
0.0002668889999997148 628
0.0002670089999998737 627
0.00026706599999970493 626
0.0002671859999998638 625
0.0002673060000000227 624
0.0002674259999997375 623
0.00026744399999989454 624
0.00026754599999989637 623
0.00026766600000005525 622
0.00026768700000001644 623
0.00026778599999977004 622
0.0002679009999999593 623
0.0002679059999999289 622
0.0002680259999996437 621
0.0002680819999998363 622
0.0002681459999998026 621
0.00026815199999985495 622
0.0002682659999999615 621
0.00026838599999967627 620
0.00026848700000003944 621
0.00026850599999983515 620
0.00026862599999999404 619
0.0002686269999996327 620
0.00026874599999970883 619
0.0002688659999998677 618
0.00026892299999969893 617
0.0002690429999998578 616
0.0002691630000000167 615
0.0002692829999997315 614
0.0002693169999998801 615
0.00026940299999989037 614
0.00026952300000004925 613
0.00026964299999976404 612
0.0002697629999999229 611
0.0002698829999996377 610
0.00026993999999991303 609
0.0002700599999996278 608
0.0002700659999996802 609
0.0002701799999997867 608
0.000270237000000062 607
0.0002703120000000503 608
0.0002703569999997768 607
0.00027047099999988333 608
0.0002704769999999357 607
0.0002705969999996505 606
0.00027071699999980936 605
0.00027083699999996824 604
0.00027095699999968303 603
0.0002710769999998419 602
0.0002711970000000008 601
0.0002713169999997156 600
0.00027142199999996564 601
0.0002714369999998745 600
0.00027155700000003336 599
0.00027159699999979026 600
0.00027167699999974815 599
0.00027179699999990703 598
0.0002719170000000659 597
0.0002720369999997807 596
0.0002721569999999396 595
0.0002722769999996544 594
0.00027239699999981326 593
0.00027251699999997214 592
0.00027263699999968694 591
0.0002727569999998458 590
0.0002728770000000047 589
0.000272951999999993 590
0.0002729969999997195 589
0.0002731169999998784 588
0.000273151000000027 589
0.00027323700000003726 588
0.0002732969999996726 589
0.00027332699999993437 590
0.00027335699999975205 589
0.0002734219999998011 590
0.00027347699999991093 591
0.00027347699999991093 590
0.0002735970000000698 589
0.00027364299999987907 590
0.0002737169999997846 589
0.00027375599999990285 590
0.0002738369999999435 589
0.0002739569999996583 588
0.000273957999999741 589
0.0002739880000000028 590
0.0002740019999998289 591
0.0002740589999996601 592
0.00027407699999981716 591
0.00027419699999997604 590
0.00027431699999969084 589
0.0002744369999998497 588
0.0002745570000000086 587
0.000274675000000002 588
0.0002746769999997234 587
0.0002747969999998823 586
0.00027480400000001737 587
0.00027491700000004116 586
0.00027503699999975595 585
0.00027513200000006677 586
0.00027515699999991483 585
0.00027516199999988444 586
0.0002752769999996296 585
0.0002753969999997885 584
0.00027547799999982914 585
0.0002755099999998123 586
0.0002755169999999474 585
0.00027562899999988844 586
0.0002756369999996622 585
0.0002756589999997061 586
0.0002757369999999426 587
0.00027575699999982106 586
0.00027587699999997994 585
0.00027591000000004584 586
0.00027599699999969474 585
0.0002761169999998536 584
0.0002762320000000429 585
0.0002762370000000125 584
0.0002763569999997273 583
0.00027638699999998906 584
0.00027641699999980673 585
0.0002764769999998862 584
0.0002765409999998525 585
0.00027659700000004506 584
0.00027671699999975985 583
0.00027677900000000477 584
0.00027680899999982245 585
0.00027683699999991873 584
0.0002768389999996401 585
0.0002769569999996335 584
0.0002770769999997924 583
0.00027714699999981107 584
0.0002771969999999513 583
0.0002773169999996661 582
0.00027743699999982496 581
0.00027755699999998384 580
0.00027767699999969864 579
0.00027769799999965983 580
0.0002777639999997916 581
0.0002777969999998575 580
0.00027782600000003654 581
0.0002779170000000164 580
0.0002780209999997396 581
0.0002780369999997312 580
0.0002781370000000116 581
0.0002781569999998901 580
0.00027818699999970775 581
0.00027827700000004896 580
0.0002783339999998802 579
0.00027845400000003906 578
0.00027855100000007127 579
0.00027857399999975385 578
0.00027869399999991273 577
0.0002787170000000394 578
0.0002788139999996275 577
0.0002789339999997864 576
0.0002790419999998406 577
0.0002790539999999453 576
0.0002791739999996601 575
0.00027929399999981896 574
0.00027934099999971096 575
0.00027941399999997785 574
0.00027953399999969264 573
0.0002796539999998515 572
0.0002796979999999394 573
0.00027975199999996647 574
0.0002797740000000104 573
0.0002798939999997252 572
0.0002800139999998841 571
0.00028005999999969333 572
0.00028012699999990787 573
0.00028013400000004296 572
0.0002802389999998489 573
0.00028025399999975775 572
0.00028037399999991663 571
0.0002804939999996314 570
0.0002806139999997903 569
0.0002807339999999492 568
0.0002807670000000151 569
0.000280853999999664 568
0.0002808949999999477 569
0.0002809109999999393 568
0.0002810309999996541 567
0.00028105399999978076 568
0.00028115099999981297 567
0.00028127099999997185 566
0.00028135399999973387 567
0.00028139099999968664 566
0.0002814579999999012 567
0.0002815109999998455 566
0.0002816310000000044 565
0.0002817440000000282 566
0.0002817509999997192 565
0.0002818709999998781 564
0.000281892999999922 565
0.00028199100000003696 564
0.0002820249999997415 565
0.0002820550000000033 566
0.00028210599999978214 567
0.00028211099999975175 566
0.00028223099999991064 565
0.0002823510000000695 564
0.0002824709999997843 563
0.0002825909999999432 562
0.0002826709999999011 563
0.000282710999999658 562
0.00028275300000002446 563
0.00028283099999981687 562
0.00028291999999963124 563
0.00028295099999997575 562
0.00028307099999969054 561
0.0002830889999998476 562
0.00028314399999995743 563
0.00028318699999996255 564
0.0002831909999998494 563
0.00028326899999964184 564
0.0002833110000000083 563
0.0002833149999998952 564
0.00028334499999971285 565
0.0002833749999999746 566
0.0002834309999997231 565
0.0002834670000000372 566
0.000283550999999882 565
0.0002836440000000273 566
0.00028367100000004086 565
0.00028379099999975566 564
0.00028390899999974906 565
0.00028391099999991454 564
0.00028403099999962933 563
0.0002841509999997882 562
0.0002842080000000635 561
0.0002843279999997783 560
0.0002844479999999372 559
0.000284567999999652 558
0.00028468799999981087 557
0.00028480799999996975 556
0.00028492799999968454 555
0.0002850479999998434 554
0.0002851680000000023 553
0.0002852879999997171 552
0.000285407999999876 551
0.0002854129999998456 552
0.00028552800000003487 551
0.00028564799999974966 550
0.00028576799999990854 549
0.00028582499999973976 548
0.00028594499999989864 547
0.0002860650000000575 546
0.00028614999999998503 547
0.0002861799999998027 548
0.0002861849999997723 547
0.000286301999999683 548
0.0002863049999999312 547
0.000286424999999646 546
0.00028654499999980487 545
0.0002865719999998184 546
0.00028666499999996375 545
0.00028678499999967855 544
0.0002867929999998964 545
0.00028690499999983743 544
0.0002870029999999524 545
0.0002870249999999963 544
0.0002870429999997093 545
0.0002871449999997111 544
0.00028726499999987 543
0.0002873339999998059 544
0.00028738500000002887 543
0.00028750499999974366 542
0.00028756099999993623 543
0.00028762499999990254 542
0.0002877450000000614 541
0.0002878649999997762 540
0.0002879849999999351 539
0.0002881049999996499 538
0.0002882249999998088 537
0.00028834499999996765 536
0.00028846499999968245 535
0.00028858499999984133 534
0.0002887050000000002 533
0.000288824999999715 532
0.0002889449999998739 531
0.0002889459999999566 532
0.00028906500000003277 531
0.00028918499999974756 530
0.00028930499999990644 529
0.0002894250000000653 528
0.0002894499999999134 529
0.0002894639999997395 530
0.0002895449999997801 529
0.000289664999999939 528
0.00028972799999982257 529
0.0002897849999996538 528
0.0002898249999998548 529
0.0002899049999998127 528
0.00028997999999980095 529
0.00029002499999997156 528
0.00029014499999968635 527
0.00029024399999988404 528
0.00029026499999984523 527
0.0002903850000000041 526
0.0002905049999997189 525
0.0002906249999998778 524
0.00029066199999983056 525
0.00029074500000003667 524
0.00029086499999975146 523
0.00029098499999991034 522
0.0002911050000000692 521
0.000291224999999784 520
0.0002912689999998719 521
0.000291282999999698 522
0.0002913289999999513 523
0.0002913449999999429 522
0.00029135099999999525 523
0.0002914649999996577 522
0.0002915849999998166 521
0.0002916749999997137 522
0.0002916889999999839 523
0.00029170499999997546 522
0.00029182499999969025 521
0.00029194499999984913 520
0.0002919769999998323 521
0.00029200199999968035 520
0.00029212199999983923 519
0.00029217899999967045 518
0.00029221199999973635 519
0.00029223599999994576 518
0.00029231099999993404 519
0.00029235599999966055 518
0.00029241299999993586 517
0.00029253299999965066 516
0.00029258999999992596 515
0.00029261099999988716 516
0.00029263899999998344 517
0.0002926869999999582 518
0.00029270999999964076 517
0.000292712999999889 518
0.00029276699999991607 517
0.0002928239999997473 516
0.00029289899999973557 517
0.00029294399999990617 516
0.00029306400000006505 515
0.00029312099999989627 514
0.00029314899999999255 515
0.0002931669999997055 516
0.0002931779999997275 515
0.0002932350000000028 514
0.000293291999999834 513
0.0002933480000000266 514
0.0002934119999999929 513
0.0002934689999998241 512
0.0002934919999999508 513
0.00029352599999965534 512
0.0002935529999996689 513
0.00029358299999993065 512
0.00029363999999976187 511
0.0002936519999998666 512
0.00029375999999992075 511
0.0002937919999999039 512
0.00029387999999963554 511
0.00029389399999990573 512
0.00029392800000005437 513
0.00029393699999991085 512
0.0002939920000000207 513
0.00029399399999974207 512
0.0002940510000000174 511
0.0002941079999998486 510
0.0002942280000000075 509
0.0002943479999997223 508
0.00029435200000005324 509
0.00029436599999987934 510
0.0002943869999998405 511
0.0002944009999996666 512
0.00029445400000005506 513
0.00029446799999988116 512
0.0002945139999996904 513
0.0002945279999999606 514
0.0002945419999997867 515
0.00029458800000004004 514
0.00029464499999987126 513
0.0002947019999997025 512
0.0002947569999998123 513
0.0002947709999996384 514
0.00029478699999963 515
0.00029482199999986136 514
0.00029485699999964865 515
0.00029487099999991884 516
0.0002948789999996926 515
0.00029499899999985146 514
0.00029500100000001694 515
0.0002950559999996827 514
0.00029512399999997996 515
0.00029517599999984157 514
0.0002951819999998939 515
0.00029524899999966436 516
0.00029528399999989574 517
0.00029529600000000045 516
0.00029531899999968303 517
0.0002953329999999532 518
0.00029535299999983167 517
0.0002954040000000546 518
0.0002954599999998031 519
0.00029547299999999055 518
0.0002954739999996292 519
0.00029552999999982177 518
0.000295586999999653 517
0.0002955949999998708 518
0.000295626999999854 519
0.0002956439999999283 518
0.0002956839999996852 519
0.0002957009999997595 518
0.00029575399999970386 519
0.0002957580000000348 518
0.00029578199999980015 519
0.0002958280000000535 520
0.00029585799999987117 521
0.0002958779999997496 520
0.0002959359999996636 521
0.0002959979999999085 520
0.00029608899999988836 521
0.00029610299999971446 522
0.0002961180000000674 521
0.0002961439999999982 522
0.00029618299999967235 523
0.0002961989999996639 524
0.0002962219999997906 525
0.0002962379999997822 524
0.0002962950000000575 523
0.0002963169999996573 524
0.0002963329999996489 525
0.0002963750000000154 526
0.0002963939999998111 527
0.0002964149999997723 526
0.00029653499999993116 525
0.00029654899999975726 526
0.00029656300000002744 527
0.00029657699999985354 528
0.00029659099999967964 529
0.0002966249999998283 530
0.0002966389999996544 531
0.00029665299999992456 532
0.00029665499999964595 531
0.00029666699999975066 532
0.0002966979999996511 533
0.00029671399999964265 534
0.0002967339999999652 535
0.00029677499999980483 534
0.0002967769999999703 535
0.00029684099999993663 536
0.0002968949999999637 535
0.0002968989999998506 536
0.00029693599999980336 537
0.0002969919999999959 538
0.0002970149999996785 537
0.000297046000000023 538
0.0002970669999999842 539
0.0002971349999998374 538
0.0002971449999997766 539
0.0002971590000000468 540
0.0002971919999996686 539
0.00029719799999972096 540
0.00029721199999999115 541
0.00029722599999981725 542
0.00029723999999964335 543
0.00029726600000001824 544
0.00029729399999967043 545
0.0002973079999999406 546
0.0002973119999998275 545
0.0002973689999996587 544
0.0002974419999999256 545
0.0002974609999997213 546
0.0002974889999998176 545
0.00029750399999972643 546
0.0002975179999999966 547
0.0002975319999998227 548
0.00029754699999973155 549
0.00029759900000003725 550
0.0002976089999999765 549
0.0002976310000000204 550
0.0002976449999998465 551
0.00029772899999969127 550
0.00029773300000002223 551
0.00029777799999974874 552
0.0002977939999997403 553
0.00029784899999985015 552
0.00029789400000002075 553
0.00029790799999984685 554
0.0002979370000000259 555
0.0002979609999997912 556
0.00029796900000000903 555
0.0002979750000000614 556
0.00029799499999993984 557
0.00029801200000001415 558
0.000298026999999923 559
0.00029806399999987576 560
0.0002980889999997238 559
0.0002981069999998809 560
0.00029813000000000756 561
0.0002981589999997425 562
0.0002981730000000127 563
0.00029818900000000426 564
0.0002982089999998827 563
0.0002982659999997139 562
0.0002983189999996583 563
0.00029832299999998924 562
0.00029833299999992846 563
0.0002983479999998373 564
0.0002983619999996634 565
0.0002983770000000163 566
0.0002983909999998424 567
0.00029842899999987793 568
0.00029844299999970403 567
0.0002984639999996652 568
0.0002984779999999354 569
0.00029850199999970073 570
0.0002985159999999709 571
0.000298529999999797 572
0.0002985440000000672 573
0.0002985629999998629 572
0.00029856399999994565 573
0.0002986830000000218 572
0.000298739999999853 571
0.0002987439999997399 572
0.0002987909999996319 573
0.00029884699999982445 574
0.0002988600000000119 573
0.00029886099999965055 574
0.0002989799999997267 573
0.0002989899999996659 574
0.0002990009999996879 575
0.0002990339999997538 576
0.000299037000000002 575
0.0002990609999997673 576
0.0002991569999997168 575
0.00029918399999973033 576
0.0002992019999998874 577
0.0002992139999999921 576
0.00029922000000004445 577
0.000299282999999928 578
0.0002992969999997541 579
0.0002993339999997069 578
0.00029939200000006494 579
0.000299416999999913 580
0.00029945399999986577 579
0.0002994689999997746 580
0.0002994830000000448 581
0.00029957400000002465 580
0.00029960699999964646 581
0.0002996569999997867 582
0.00029969399999973945 581
0.0002997190000000316 582
0.0002997329999998577 583
0.0002998109999996501 584
0.00029981399999989833 583
0.00029986400000003854 584
0.00029987799999986464 585
0.0002999340000000572 584
0.0002999479999998833 585
0.00030000599999979727 586
0.00030002000000006745 587
0.00030003399999989355 588
0.000300053999999772 587
0.0003001249999998734 588
0.0003001389999996995 589
0.0003001739999999309 588
0.0003002939999996457 587
0.00030031699999977235 588
0.0003003699999997167 589
0.00030041399999980456 588
0.00030046999999999713 589
0.00030053399999996344 588
0.00030055600000000737 589
0.00030065399999967823 588
0.0003006859999996614 589
0.0003007170000000059 590
0.0003007449999996581 591
0.0003007589999999283 592
0.0003007739999998371 591
0.0003008039999996548 592
0.00030080999999970714 593
0.00030082199999981185 594
0.00030085499999987775 595
0.000300893999999996 594
0.00030095199999990996 595
0.00030099899999980195 596
0.0003010139999997108 595
0.0003010660000000165 596
0.00030113399999986967 595
0.0003011959999996705 596
0.000301233999999706 597
0.0003012479999999762 598
0.00030125400000002855 597
0.0003013109999998598 596
0.0003013279999999341 597
0.0003013519999996994 598
0.0003013659999999696 599
0.0003013799999997957 600
0.0003013940000000659 601
0.00030143100000001866 600
0.0003014859999996844 601
0.00030155099999973345 600
0.0003016019999999564 601
0.00030167099999989233 600
0.00030174699999996335 601
0.0003017910000000512 600
0.00030179399999985534 601
0.00030187700000006146 602
0.000301910999999766 601
0.0003019200000000666 602
0.0003019339999998927 603
0.00030196199999998896 604
0.00030200599999963273 605
0.0003020309999999249 604
0.000302084999999952 605
0.000302120999999822 606
0.0003021509999996397 605
0.0003022479999996719 606
0.00030227099999979856 605
0.00030239099999995744 604
0.00030250899999995084 605
0.00030251099999967224 604
0.0003026309999998311 603
0.00030275099999999 604
0.00030275099999999 603
0.0003028709999997048 602
0.0003029909999998637 601
0.0003029989999996374 602
0.0003030129999999076 603
0.0003030269999997337 604
0.00030311100000002256 603
0.0003031819999996799 604
0.00030323099999973735 603
0.0003032459999996462 604
0.00030335099999989623 603
0.0003034710000000551 602
0.00030349099999993356 603
0.0003035369999997428 604
0.000303551000000013 605
0.0003035909999997699 604
0.0003037109999999288 603
0.0003037259999998376 604
0.0003037299999997245 605
0.0003038309999996436 604
0.0003038859999997534 605
0.00030395099999980246 604
0.0003039609999997417 605
0.00030400299999966407 606
0.00030407099999996134 605
0.00030412799999979256 604
0.00030424799999995145 603
0.0003043009999998958 604
0.00030436799999966624 603
0.00030441799999980645 604
0.00030443199999963255 605
0.00030444599999990274 606
0.0003044879999998251 605
0.00030450999999986905 606
0.0003045909999999097 607
0.000304607999999984 606
0.0003047279999996988 605
0.00030474800000002134 606
0.0003048479999998577 605
0.0003049219999997632 606
0.00030496800000001656 605
0.00030499799999983424 606
0.0003050439999996435 607
0.00030508799999973135 606
0.00030517999999979395 607
0.00030520799999989023 606
0.0003052100000000557 607
0.00030524399999976026 608
0.0003053280000000491 607
0.0003054099999997284 608
0.0003054479999997639 607
0.00030549199999985177 608
0.00030550599999967787 609
0.0003055679999999228 608
0.0003056269999999195 609
0.0003056879999996376 608
0.00030575999999982173 609
0.0003057899999996394 610
0.00030580799999979646 609
0.0003058649999996277 608
0.00030598499999978657 607
0.00030610499999994545 606
0.00030622499999966024 605
0.0003063449999998191 604
0.000306464999999978 603
0.0003065849999996928 602
0.0003067049999998517 601
0.0003067619999996829 600
0.0003068819999998418 599
0.0003069270000000124 600
0.00030700200000000066 601
0.00030700200000000066 600
0.0003070589999998319 601
0.0003070589999998319 600
0.00030717899999999076 599
0.00030729899999970556 598
0.00030741899999986444 597
0.0003075390000000233 596
0.0003076589999997381 595
0.000307778999999897 594
0.00030781999999973664 595
0.0003078990000000559 594
0.0003079559999998871 593
0.00030806799999982815 594
0.000308076000000046 593
0.0003081329999998772 592
0.00030823099999999215 593
0.0003082530000000361 592
0.00030834699999982007 593
0.0003083519999997897 594
0.00030836099999964617 595
0.0003083729999997509 594
0.00030849299999990976 593
0.00030861300000006864 592
0.0003086539999999083 593
0.00030866999999989986 592
0.00030879000000005874 591
0.00030890999999977353 590
0.0003090299999999324 589
0.0003090649999997197 590
0.0003091499999996472 589
0.000309215999999779 590
0.0003092699999998061 589
0.0003093269999996373 588
0.0003094469999997962 587
0.00030956699999995507 586
0.00030961399999984707 587
0.00030964399999966474 588
0.00030968699999966987 587
0.000309729999999675 588
0.00030980699999982875 587
0.00030986799999999093 588
0.0003098979999998086 589
0.00030992699999998763 588
0.0003100469999997024 587
0.0003101669999998613 586
0.0003102870000000202 585
0.000310406999999735 584
0.00031052699999989386 583
0.00031064700000005274 582
0.0003106649999997657 583
0.00031075799999991105 584
0.00031076699999976753 583
0.00031088099999987406 584
0.0003108869999999264 583
0.00031091099999969174 584
0.0003109829999998759 585
0.0003110069999996412 584
0.0003111269999998001 583
0.000311246999999959 582
0.00031132199999994725 583
0.00031136699999967377 582
0.0003114239999999491 581
0.00031154399999966387 580
0.00031155099999979896 581
0.0003116579999997704 582
0.00031166399999982275 581
0.00031173699999964555 582
0.00031178399999998163 581
0.00031181299999971657 582
0.00031184099999981285 581
0.00031193299999987545 582
0.00031196099999997173 581
0.0003120809999996865 580
0.00031212699999993987 581
0.0003121649999999754 582
0.0003122009999998454 581
0.0003123210000000043 580
0.00031236299999992667 581
0.0003124409999997191 580
0.0003124979999999944 579
0.0003126179999997092 578
0.00031273799999986807 577
0.00031274199999975494 578
0.00031279699999986477 579
0.00031285800000002695 578
0.00031297799999974174 577
0.0003130979999999006 576
0.0003132180000000595 575
0.00031324699999979444 576
0.0003133379999997743 575
0.00031337499999972707 576
0.00031339599999968826 577
0.0003134579999999332 576
0.00031357799999964797 575
0.00031369799999980685 574
0.00031375699999980355 575
0.00031381799999996574 574
0.00031393799999968053 573
0.00031399499999995584 572
0.00031411499999967063 571
0.0003142349999998295 570
0.0003143549999999884 569
0.0003144749999997032 568
0.00031459499999986207 567
0.00031471500000002095 566
0.00031472199999971195 567
0.00031477199999985217 566
0.00031489200000001105 565
0.00031501199999972584 564
0.00031510399999978844 565
0.0003151319999998847 564
0.0003152520000000436 563
0.00031530899999987483 562
0.0003154290000000337 561
0.0003155489999997485 560
0.0003156689999999074 559
0.00031578900000006627 558
0.00031581899999988394 559
0.00031590899999978106 558
0.00031602899999993994 557
0.00031614899999965473 556
0.0003162689999998136 555
0.0003163889999999725 554
0.0003165089999996873 553
0.00031662899999984617 552
0.0003167449999996741 553
0.00031674900000000505 552
0.00031686899999971985 551
0.00031698899999987873 550
0.0003171090000000376 549
0.0003172289999997524 548
0.0003173020000000193 549
0.0003173489999999113 548
0.00031746900000007017 547
0.00031758899999978496 546
0.00031770899999994384 545
0.00031782899999965863 544
0.00031788599999993394 543
0.00031800599999964874 542
0.0003181259999998076 541
0.0003182459999999665 540
0.00031830399999988046 541
0.0003183659999996813 540
0.0003184859999998402 539
0.0003185639999996326 540
0.0003185690000000463 541
0.00031860599999999906 540
0.00031872599999971385 539
0.00031884599999987273 538
0.00031887199999980353 539
0.0003189660000000316 538
0.0003190619999999811 539
0.0003190859999997464 538
0.0003192059999999053 537
0.0003192629999997365 536
0.0003192699999998716 537
0.0003192999999996893 538
0.00031933499999992065 539
0.0003193829999998954 538
0.0003194490000000272 539
0.00031950300000005427 538
0.0003195949999996728 539
0.00031962299999976906 538
0.00031974299999992795 537
0.00031983999999996016 538
0.00031986299999964274 537
0.0003199829999998016 536
0.0003200749999998642 537
0.0003200889999996903 538
0.0003201029999999605 537
0.0003202229999996753 536
0.0003203429999998342 535
0.0003203759999999001 536
0.00032046299999999306 535
0.0003205749999999341 536
0.00032058299999970785 535
0.0003206739999996877 536
0.00032070299999986673 535
0.00032071999999994105 536
0.0003208079999996727 537
0.0003208230000000256 536
0.00032085899999989564 537
0.00032087299999972174 538
0.0003209429999997404 537
0.0003210160000000073 538
0.0003210629999998993 537
0.00032118300000005817 536
0.00032129099999966826 537
0.00032130299999977296 536
0.00032141099999982714 537
0.00032142299999993185 536
0.00032142499999965324 537
0.00032146799999965836 538
0.00032154299999964664 537
0.0003216459999997312 538
0.0003216629999998055 537
0.00032166399999988826 538
0.00032169399999970594 539
0.00032177199999994244 540
0.0003217829999999644 539
0.0003219029999996792 538
0.0003220229999998381 537
0.00032209299999985674 538
0.00032214299999999696 537
0.0003221999999998282 538
0.00032226299999971175 537
0.00032235999999974396 538
0.00032238299999987063 537
0.000322482999999707 538
0.0003225030000000295 537
0.0003225289999999603 538
0.0003226229999997443 537
0.0003226299999998794 538
0.0003227390000000163 539
0.0003227429999999032 538
0.00032286300000006207 537
0.00032296599999970255 538
0.00032298299999977687 537
0.0003229839999998596 538
0.0003230049999998208 539
0.0003230189999996469 540
0.00032310299999993575 539
0.00032315999999976697 540
0.00032317400000003715 541
0.00032320399999985483 542
0.00032321799999968093 543
0.00032322299999965054 542
0.0003232949999998347 543
0.0003233429999998094 542
0.00032338199999992767 543
0.0003234629999999683 542
0.00032349499999995146 543
0.00032350899999977756 544
0.00032357499999990935 545
0.0003235829999996831 544
0.00032358899999973545 545
0.00032360300000000564 546
0.00032361699999983173 547
0.0003236419999996798 548
0.000323702999999842 547
0.0003237129999997812 548
0.0003237270000000514 549
0.00032381999999975264 550
0.00032382300000000086 549
0.0003238539999999013 550
0.0003238679999997274 551
0.00032392899999988956 552
0.00032394299999971565 551
0.00032403300000005686 552
0.00032406299999987453 551
0.0003241830000000334 550
0.0003242699999996823 551
0.0003242889999999221 552
0.0003243029999997482 551
0.00032430899999980056 552
0.0003244229999999071 551
0.0003245199999999393 552
0.000324543000000066 551
0.00032466299999978077 550
0.00032470299999998176 551
0.00032473299999979943 552
0.00032474799999970827 553
0.00032478299999993965 552
0.0003247869999998265 553
0.00032483499999980125 554
0.00032486099999973206 555
0.0003248949999998807 556
0.00032490299999965444 555
0.0003249139999996764 556
0.0003250229999998133 555
0.00032508699999977964 556
0.0003251429999999722 555
0.00032518399999981185 556
0.00032521699999987774 557
0.000325262999999687 556
0.00032526399999976974 557
0.00032533499999987114 558
0.00032534899999969724 559
0.00032536299999996743 560
0.0003253829999998459 559
0.00032550300000000476 558
0.00032552599999968734 559
0.0003255339999999052 560
0.00032562299999971955 559
0.0003256599999996723 560
0.00032567500000002525 561
0.00032574299999987844 560
0.00032577599999994433 561
0.00032578999999977043 562
0.0003258599999997891 563
0.0003258630000000373 562
0.0003259829999997521 561
0.00032603599999969646 562
0.00032604999999996664 563
0.000326102999999911 562
0.0003261599999997422 561
0.0003262170000000175 560
0.0003262429999999483 561
0.0003263149999996884 562
0.0003263369999997323 561
0.0003263859999997898 562
0.00032641600000005155 563
0.0003264569999998912 562
0.0003265770000000501 561
0.0003266250000000248 562
0.0003266389999998509 563
0.00032669699999976487 562
0.0003267359999998831 563
0.0003267819999996924 564
0.00032681699999992375 563
0.0003268419999997718 564
0.00032688800000002516 565
0.00032693699999963854 564
0.0003270280000000625 565
0.00032705299999991055 566
0.0003270569999997974 565
0.0003270779999997586 566
0.00032711900000004235 567
0.0003271769999999563 566
0.00032723700000003575 567
0.0003272969999996711 566
0.0003273179999996323 567
0.00032735699999975054 568
0.000327376999999629 569
0.00032741699999983 568
0.00032753699999998886 567
0.00032760499999984205 568
0.00032765699999970366 567
0.0003276610000000346 568
0.00032769199999993504 569
0.00032770599999976113 570
0.0003277269999997223 571
0.00032777699999986254 570
0.00032787399999989475 571
0.0003278970000000214 570
0.0003280169999997362 569
0.0003281369999998951 568
0.00032823000000004043 569
0.000328257000000054 568
0.0003283679999999123 569
0.00032837699999976877 568
0.0003284289999996304 569
0.00032849699999992765 568
0.00032861699999964245 569
0.00032861699999964245 568
0.00032863199999999537 569
0.0003287369999998013 568
0.0003288569999999602 567
0.00032889599999963437 568
0.000328976999999675 567
0.000329052999999746 568
0.0003290969999998339 567
0.0003291420000000045 568
0.0003291779999998745 569
0.00032921699999999277 568
0.000329273999999824 567
0.000329303000000003 568
0.00032939399999998287 567
0.0003294039999999221 568
0.0003294769999997449 569
0.00032951399999969766 570
0.00032951399999969766 569
0.00032960799999992574 570
0.00032963399999985654 569
0.00032964599999996125 570
0.0003297270000000019 571
0.0003297540000000154 570
0.0003298379999998602 571
0.0003298519999996863 572
0.0003298739999997302 571
0.0003299939999998891 570
0.000330026999999955 571
0.000330114000000048 570
0.0003301279999998741 571
0.00033020299999986236 572
0.00033023399999976277 571
0.00033026599999974593 572
0.00033035399999992165 571
0.0003303969999999268 572
0.00033047399999963645 571
0.00033059399999979533 570
0.00033068399999969245 571
0.00033069799999996263 572
0.0003307139999999542 571
0.000330833999999669 570
0.0003309539999998279 569
0.00033107399999998677 568
0.00033119399999970156 567
0.0003312520000000596 568
0.00033131399999986044 567
0.0003314340000000193 566
0.0003315539999997341 565
0.000331673999999893 564
0.00033170800000004164 565
0.0003317940000000519 564
0.0003319139999997667 563
0.0003320019999999424 564
0.00033203399999992556 563
0.00033215399999964035 562
0.00033227399999979923 561
0.0003322949999997604 562
0.0003323939999999581 561
0.0003325139999996729 560
0.0003326289999998622 561
0.0003326339999998318 560
0.00033275399999999067 559
0.00033287399999970546 558
0.00033299399999986434 557
0.0003331140000000232 556
0.000333233999999738 555
0.0003333539999998969 554
0.0003334740000000558 553
0.00033351599999997816 554
0.0003335939999997706 553
0.00033371399999992946 552
0.00033383399999964425 551
0.00033395399999980313 550
0.000334073999999962 549
0.0003341939999996768 548
0.0003343139999998357 547
0.00033443399999999457 546
0.00033455399999970936 545
0.00033467399999986824 544
0.0003347940000000271 543
0.0003348669999998499 544
0.0003349139999997419 543
0.00033497100000001723 542
0.0003350199999996306 543
0.000335090999999732 542
0.0003352109999998909 541
0.0003353310000000498 540
0.0003354509999997646 539
0.00033557099999992346 538
0.00033569099999963825 537
0.00033570299999974296 538
0.00033574799999991356 537
0.00033586799999962835 536
0.00033591299999979896 537
0.00033598799999978723 536
0.0003361079999999461 535
0.0003362279999996609 534
0.00033629299999970996 535
0.0003363479999998198 534
0.0003364679999999787 533
0.00033658799999969347 532
0.00033670799999985235 531
0.00033676499999968357 530
0.0003368219999999589 529
0.00033694199999967367 528
0.000336998999999949 527
0.00033711899999966377 526
0.0003371759999999391 525
0.000337204999999674 526
0.00033729599999965387 525
0.0003373529999999292 524
0.00033738499999991234 525
0.0003374099999997604 524
0.0003374670000000357 523
0.0003375869999997505 522
0.0003377069999999094 521
0.00033772500000006644 522
0.00033782700000006827 521
0.000337875000000043 522
0.0003378839999998995 521
0.0003379409999997307 520
0.000337998000000006 519
0.0003380470000000635 520
0.0003381179999997208 519
0.0003381749999999961 518
0.00033823199999982734 517
0.0003383519999999862 516
0.000338471999999701 515
0.0003385289999999763 514
0.00033858599999980754 513
0.00033864299999963876 512
0.00033869999999991407 511
0.00033881999999962886 510
0.00033893999999978774 509
0.00033899700000006305 508
0.00033911699999977785 507
0.00033923699999993673 506
0.0003393569999996515 505
0.0003394769999998104 504
0.000339568999999873 505
0.0003395969999999693 504
0.0003397169999996841 503
0.00033983699999984296 502
0.00033995700000000184 501
0.00034001399999983306 500
0.00034013399999999194 499
0.00034025399999970674 498
0.0003403739999998656 497
0.0003404940000000245 496
0.0003406139999997393 495
0.0003407339999998982 494
0.0003408329999996518 495
0.00034085400000005706 494
0.00034097399999977185 493
0.00034109399999993073 492
0.0003412139999996455 491
0.0003413339999998044 490
0.0003414539999999633 489
0.0003415739999996781 488
0.00034169399999983696 487
0.00034181399999999584 486
0.00034186399999969197 487
0.00034193399999971064 486
0.0003420539999998695 485
0.0003421740000000284 484
0.0003422939999997432 483
0.0003424139999999021 482
0.00034253400000006096 481
0.0003425909999998922 480
0.00034271100000005106 479
0.00034275599999977757 480
0.00034283099999976585 479
0.00034295099999992473 478
0.0003430709999996395 477
0.0003431909999997984 476
0.0003433109999999573 475
0.0003434309999996721 474
0.00034355099999983096 473
0.0003435899999999492 474
0.00034367099999998985 473
0.00034379099999970464 472
0.00034384799999997995 471
0.00034396799999969474 470
0.0003440879999998536 469
0.00034409799999979285 470
0.0003442080000000125 469
0.0003443279999997273 468
0.0003444479999998862 467
0.00034456800000004506 466
0.0003446249999998763 465
0.00034474500000003516 464
0.00034486499999974995 463
0.0003448849999996284 464
0.00034498499999990884 463
0.00034507499999980595 464
0.0003451050000000677 463
0.0003452249999997825 462
0.0003453449999999414 461
0.0003454649999996562 460
0.00034558499999981507 459
0.00034570499999997395 458
0.00034582499999968874 457
0.00034588199999996405 456
0.00034596699999989156 457
0.00034600199999967884 456
0.0003461219999998377 455
0.0003462419999999966 454
0.0003463619999997114 453
0.0003464819999998703 452
0.0003465389999997015 451
0.0003466589999998604 450
0.00034677900000001927 449
0.00034689899999973406 448
0.00034701899999989294 447
0.00034707599999972416 446
0.00034713299999999947 445
0.0003471899999998307 444
0.00034730500000001996 445
0.00034730999999998957 444
0.0003473669999998208 443
0.000347423999999652 442
0.0003474809999999273 441
0.0003476009999996421 440
0.0003476579999999174 439
0.00034767000000002213 440
0.00034771499999974864 439
0.00034777200000002395 438
0.00034782899999985517 437
0.0003478859999996864 436
0.0003479429999999617 435
0.00034795399999998367 436
0.0003480629999996765 435
0.0003481199999999518 434
0.000348176999999783 433
0.00034821499999981853 434
0.00034823400000005833 433
0.00034829099999988955 432
0.00034834799999972077 431
0.0003484049999999961 430
0.0003484619999998273 429
0.0003485189999996585 428
0.0003486389999998174 427
0.0003486959999996486 426
0.00034875299999992393 425
0.00034880999999975515 424
0.00034886700000003046 423
0.0003489239999998617 422
0.0003489809999996929 421
0.0003490379999999682 420
0.0003490949999997994 419
0.0003491489999998265 420
0.00034915199999963065 419
0.0003491629999996526 420
0.00034921600000004105 421
0.00034927199999978953 420
0.00034932900000006484 419
0.00034938599999989606 418
0.0003494429999997273 417
0.0003494889999999806 418
0.0003495000000000026 417
0.0003495479999999773 418
0.00034960499999980854 419
0.0003496199999997174 418
0.0003496769999999927 417
0.00034971899999991507 418
0.0003497339999998239 417
0.0003497690000000553 418
0.0003497829999998814 419
0.00034979099999965513 418
0.00034984799999993044 417
0.00034988599999996595 418
0.00034989999999979204 419
0.00034990499999976166 418
0.0003499300000000538 419
0.00034996200000003697 418
0.0003500189999998682 417
0.0003500759999996994 416
0.0003501329999999747 415
0.00035018999999980593 414
0.00035025200000005086 415
0.00035028199999986853 416
0.0003503099999999648 415
0.00035036699999979604 414
0.00035042400000007135 413
0.00035048099999990256 412
0.00035053199999968143 413
0.0003505379999997338 412
0.0003505950000000091 411
0.00035060999999991793 412
0.0003506519999998403 411
0.00035070899999967153 410
0.0003507269999998286 411
0.00035076599999994684 410
0.0003508100000000347 411
0.00035082299999977806 410
0.0003509039999998187 411
0.0003509399999996887 412
0.00035094299999993694 411
0.00035099999999976816 410
0.0003510570000000435 409
0.0003511139999998747 408
0.0003511709999997059 407
0.0003512279999999812 406
0.00035128499999981244 405
0.00035128999999978205 406
0.0003514049999999713 405
0.00035146199999980254 404
0.00035151899999963376 403
0.0003515389999999563 404
0.00035157599999990907 403
0.0003516329999997403 402
0.0003516900000000156 401
0.0003517469999998468 400
0.00035180399999967804 399
0.00035185599999998374 400
0.00035186099999995335 399
0.0003518859999998014 400
0.0003519160000000632 401
0.00035191799999978457 400
0.00035194599999988085 401
0.0003519750000000599 400
0.0003520319999998911 399
0.0003520889999997223 398
0.00035209399999969193 399
0.0003521239999999537 400
0.0003522089999998812 399
0.0003522659999997124 398
0.0003522849999999522 399
0.00035232299999998773 398
0.00035237999999981895 397
0.000352415999999689 398
0.00035249999999997783 397
0.000352531999999961 398
0.00035255699999980905 397
0.00035256199999977866 398
0.00035261399999964027 397
0.00035263199999979733 398
0.0003526709999999156 397
0.00035271699999972483 398
0.0003527279999997468 397
0.0003527469999999866 398
0.0003527850000000221 397
0.00035284199999985333 396
0.00035289899999968455 395
0.00035295599999995986 394
0.0003530129999997911 393
0.0003530299999998654 394
0.0003530700000000664 393
0.0003531269999998976 392
0.00035317099999998547 393
0.0003531839999997288 392
0.00035320099999980314 393
0.00035324100000000414 392
0.0003532499999998606 393
0.00035329799999983535 392
0.0003533549999996666 391
0.0003533650000000499 392
0.0003534119999999419 391
0.0003534689999997731 390
0.00035348699999993016 391
0.0003535260000000484 390
0.00035358299999987963 389
0.0003536319999999371 390
0.00035363999999971085 389
0.0003536619999997548 390
0.00035369699999998616 389
0.0003537539999998174 388
0.0003537639999997566 389
0.0003538109999996486 388
0.0003538679999999239 387
0.00035392499999975513 386
0.00035398200000003044 385
0.00035398700000000005 386
0.00035403899999986166 385
0.00035406699999995794 386
0.0003540959999996929 385
0.0003540969999997756 386
0.00035421099999988215 387
0.00035421599999985176 386
0.0003542409999996998 387
0.0003542709999999616 388
0.000354272999999683 387
0.00035432000000001906 388
0.0003543299999999583 387
0.00035434999999983674 388
0.0003543869999997895 387
0.00035440899999983344 388
0.0003544440000000648 387
0.0003544959999999264 388
0.00035450099999989604 387
0.0003545279999999096 388
0.00035455799999972726 389
0.00035455799999972726 388
0.000354599000000011 389
0.00035461500000000257 388
0.00035465199999995534 389
0.0003546719999998338 388
0.000354681999999773 389
0.0003547120000000348 390
0.000354728999999665 389
0.00035474199999985245 390
0.00035477699999963974 391
0.0003547859999999403 390
0.00035484299999977154 389
0.00035489099999974627 390
0.00035490000000004684 389
0.00035495699999987806 388
0.00035497299999986964 389
0.0003550029999996873 390
0.0003550139999997093 389
0.0003550519999997448 390
0.0003550709999999846 389
0.00035508699999997617 390
0.0003551279999998158 389
0.00035518499999964703 388
0.00035524199999992234 387
0.0003552639999999663 388
0.00035529899999975356 387
0.00035531099999985827 388
0.00035534099999967594 389
0.00035535600000002887 388
0.0003553709999999377 389
0.0003554129999998601 388
0.00035542600000004754 389
0.0003554559999998652 390
0.0003554699999996913 389
0.0003554859999996829 390
0.0003555269999999666 389
0.0003555359999998231 390
0.00035558399999979784 389
0.00035562199999983335 390
0.00035564099999962906 389
0.00035569799999990437 388
0.00035574899999968324 389
0.0003557549999997356 388
0.0003557809999996664 389
0.0003558120000000109 388
0.0003558689999998421 387
0.00035587899999978134 388
0.00035592599999967334 387
0.0003559749999997308 388
0.00035598299999994865 387
0.0003560169999996532 388
0.00035603999999977987 387
0.0003560499999997191 388
0.00035607999999998086 389
0.0003560970000000552 388
0.0003561369999998121 389
0.0003561539999998864 388
0.00035619099999983916 389
0.0003562109999997176 388
0.00035623600000000977 389
0.00035626599999982744 390
0.0003562679999999929 389
0.0003562959999996451 390
0.00035632499999982414 389
0.00035638199999965536 388
0.00035642899999999145 389
0.00035643899999993067 388
0.0003564959999997619 387
0.0003564979999999274 388
0.00035652799999974505 389
0.0003565530000000372 388
0.0003565580000000068 389
0.0003565879999998245 390
0.0003566099999998684 389
0.00035661799999964217 390
0.00035664799999990393 391
0.00035666699999969964 390
0.0003566779999997216 391
0.00035670799999998337 392
0.00035672399999997495 391
0.00035673799999980105 392
0.0003567680000000628 393
0.00035678099999980617 392
0.00035682999999986365 393
0.0003568379999996374 392
0.00035688699999969486 393
0.0003568949999999127 392
0.00035691699999995663 393
0.0003569469999997743 394
0.0003569519999997439 393
0.00035697700000003607 394
0.00035700900000001923 393
0.0003570179999998757 394
0.00035704899999977613 395
0.00035706599999985045 394
0.00035710099999963774 395
0.00035712299999968167 394
0.0003571309999998995 395
0.0003571609999997172 396
0.000357179999999957 395
0.0003571970000000313 396
0.0003572369999997882 395
0.00035725699999966665 396
0.0003572940000000635 395
0.00035731899999991157 396
0.0003573509999998947 395
0.00035736799999996904 396
0.00035740799999972594 395
0.0003574309999998526 396
0.00035746500000000125 395
0.0003575219999998325 394
0.00035752399999999795 395
0.00035755399999981563 396
0.0003575789999996637 395
0.0003575839999996333 396
0.00035761399999989507 397
0.000357635999999939 396
0.00035764399999971275 397
0.0003576739999999745 398
0.0003576929999997702 397
0.0003577039999997922 398
0.00035773400000005395 399
0.00035775000000004553 398
0.00035776399999987163 399
0.0003577939999996893 400
0.00035780699999987675 399
0.00035782399999995107 400
0.00035785399999976875 401
0.00035786399999970797 400
0.0003578840000000305 401
0.0003579139999998482 402
0.0003579209999999833 401
0.00035794399999966586 402
0.00035797399999992763 403
0.0003579779999998145 402
0.0003580039999997453 403
0.00035803400000000707 404
0.0003580349999996457 403
0.00035806399999982474 404
0.00035809199999992103 403
0.0003580939999996424 404
0.0003581239999999042 405
0.00035814899999975225 404
0.0003581740000000444 405
0.00035820600000002756 404
0.0003582629999998588 403
0.00035828599999998545 404
0.0003583159999998031 405
0.00035831999999969 404
0.0003583549999999214 405
0.0003583769999999653 404
0.0003584339999997965 405
0.0003584339999997965 404
0.0003584640000000583 405
0.00035849099999962775 404
0.00035849600000004145 405
0.00035854799999990306 406
0.00035854799999990306 405
0.00035857799999972073 406
0.0003586049999997343 405
0.0003586099999997039 406
0.00035863999999996565 407
0.0003586620000000096 406
0.00035866999999978333 407
0.0003587000000000451 408
0.0003587189999998408 407
0.00035872999999986277 408
0.000358775999999672 407
0.00035883299999994733 406
0.00035885899999987814 407
0.0003588889999996958 408
0.00035888999999977855 407
0.0003589189999999576 408
0.00035894700000005386 407
0.00035894899999977525 408
0.000358979000000037 409
0.0003590039999998851 408
0.0003590089999998547 409
0.00035903899999967237 410
0.0003590609999997163 409
0.00035907899999987336 410
0.00035910899999969104 411
0.0003591179999999916 410
0.0003591389999999528 411
0.0003591689999997705 412
0.00035917499999982283 411
0.00035919900000003224 412
0.0003592289999998499 413
0.00035923199999965405 412
0.0003592589999996676 413
0.00035928899999992936 414
0.00035931899999974704 415
0.0003593490000000088 416
0.00035935199999981293 415
0.0003593789999998265 416
0.00035940899999964415 417
0.00035940899999964415 416
0.0003594389999999059 417
0.00035946599999991946 416
0.0003594689999997236 417
0.00035949899999998536 418
0.0003595229999997507 417
0.00035952899999980303 418
0.0003595590000000648 419
0.000359580000000026 418
0.0003596369999998572 417
0.00035963799999993995 418
0.0003596679999997576 419
0.00035969399999968843 418
0.0003596980000000194 419
0.00035972799999983707 420
0.00035978699999983377 421
0.0003598139999998473 420
0.00035981699999965144 421
0.0003598469999999132 422
0.00035987099999967853 421
0.0003598769999997309 422
0.00035990699999999265 423
0.0003599369999998103 424
0.000359966999999628 425
0.0003599909999998374 424
0.00035999699999988977 425
0.00036002699999970744 426
0.00036004799999966863 425
0.00036010499999994394 424
0.00036016199999977516 423
0.0003602080000000285 424
0.00036021900000005047 423
0.0003602379999998462 424
0.0003602759999998817 423
0.00036030099999972975 424
0.0003603309999999915 425
0.0003603329999997129 424
0.0003603609999998092 425
0.0003603899999999882 424
0.00036039100000007096 425
0.00036042099999988864 426
0.00036044699999981944 425
0.0003604509999997063 426
0.0003604809999999681 427
0.00036050399999965066 426
0.00036051099999978575 427
0.0003605410000000475 428
0.00036056099999992597 427
0.0003606139999998703 428
0.0003606179999997572 427
0.00036066199999984505 428
0.0003606750000000325 427
0.0003607029999996847 428
0.0003607949999997473 427
0.0003608729999999838 428
0.00036091499999990617 427
0.00036096599999968504 428
0.0003609719999997374 427
0.0003610919999998963 426
0.0003611489999997275 425
0.0003612060000000028 424
0.000361262999999834 423
0.0003612909999999303 424
0.0003613049999997564 425
0.0003613829999999929 424
0.0003614399999998241 423
0.000361559999999983 422
0.0003616799999996978 421
0.0003617229999997029 422
0.0003617369999999731 421
0.00036179399999980433 422
0.0003618569999996879 421
0.00036189900000005437 422
0.0003619769999998468 421
0.0003620769999996831 422
0.00036209700000000566 421
0.0003621089999996663 422
0.00036221699999972046 421
0.00036227399999999577 420
0.0003623739999998321 421
0.00036239399999971056 420
0.00036245099999998587 419
0.0003625079999998171 418
0.0003625739999999489 419
0.00036262799999997597 418
0.00036264399999996755 419
0.00036274799999969076 418
0.00036280499999996607 417
0.00036282700000001 418
0.0003628669999997669 419
0.00036292499999968086 418
0.0003630420000000356 419
0.00036304499999983975 418
0.00036316499999999863 417
0.00036322199999982985 416
0.00036327899999966107 415
0.00036339899999981995 414
0.00036351899999997883 413
0.00036357599999981005 412
0.00036369599999996893 411
0.00036375299999980015 410
0.000363767999999709 411
0.00036380999999963137 410
0.0003638229999998188 411
0.0003638669999999067 410
0.00036398700000006556 409
0.0003640279999999052 410
0.00036410699999978036 409
0.00036422699999993924 408
0.00036434699999965403 407
0.0003644669999998129 406
0.0003645869999999718 405
0.0003647069999996866 404
0.00036482699999984547 403
0.00036494700000000435 402
0.00036500399999983557 401
0.00036512399999999445 400
0.00036518099999982567 399
0.00036530099999998455 398
0.0003653579999998158 397
0.000365414999999647 396
0.0003654719999999223 395
0.0003655289999997535 394
0.00036558600000002883 393
0.0003657059999997436 392
0.00036574899999974875 393
0.0003658259999999025 392
0.0003659460000000614 391
0.0003660029999998926 390
0.00036605999999972383 389
0.0003661799999998827 388
0.0003663000000000416 387
0.0003663569999998728 386
0.00036641399999970403 385
0.00036647099999997934 384
0.00036652799999981056 383
0.00036662899999972964 384
0.00036664799999996944 383
0.00036670499999980066 382
0.0003667619999996319 381
0.0003668189999999072 380
0.0003668759999997384 379
0.0003669959999998973 378
0.0003671160000000562 377
0.0003671729999998874 376
0.0003672299999997186 375
0.0003672869999999939 374
0.00036734399999982514 373
0.000367463999999984 372
0.00036752099999981525 371
0.00036757799999964647 370
0.0003676349999999218 369
0.000367691999999753 368
0.0003677490000000283 367
0.0003678689999997431 366
0.000367988999999902 365
0.0003680459999997332 364
0.0003681030000000085 363
0.0003681599999998397 362
0.00036821699999967095 361
0.00036827399999994626 360
0.0003683309999997775 359
0.0003683880000000528 358
0.000368444999999884 357
0.0003685650000000429 356
0.0003686219999998741 355
0.0003686789999997053 354
0.0003687989999998642 353
0.0003689190000000231 352
0.0003689759999998543 351
0.0003690960000000132 350
0.0003691529999998444 349
0.00036920999999967563 348
0.00036926699999995094 347
0.00036927199999992055 348
0.00036932399999978216 347
0.00036938100000005747 346
0.0003694379999998887 345
0.00036955800000004757 344
0.0003696149999998788 343
0.0003696579999998839 344
0.00036973500000003767 343
0.0003697919999998689 342
0.00036980799999986047 343
0.0003698489999997001 342
0.0003699059999999754 341
0.0003700259999996902 340
0.0003700829999999655 339
0.0003702029999996803 338
0.0003702599999999556 337
0.00037031699999978684 336
0.00037037400000006215 335
0.0003704309999998934 334
0.0003704879999997246 333
0.0003705449999999999 332
0.0003706649999997147 331
0.0003707849999998736 330
0.0003708419999997048 329
0.0003708849999997099 330
0.0003708989999999801 329
0.0003709559999998113 328
0.0003710759999999702 327
0.00037113299999980143 326
0.00037118999999963265 325
0.00037124699999990796 324
0.00037136700000006684 323
0.00037142399999989806 322
0.0003714809999997293 321
0.00037149000000002985 322
0.0003715380000000046 321
0.0003716579999997194 320
0.0003717149999999947 319
0.0003718349999997095 318
0.0003718919999999848 317
0.000371948999999816 316
0.00037200599999964723 315
0.00037206299999992254 314
0.00037211999999975376 313
0.00037223999999991264 312
0.00037229699999974386 311
0.00037235400000001917 310
0.0003724109999998504 309
0.0003724679999996816 308
0.0003725879999998405 307
0.000372596999999697 308
0.0003726449999996717 307
0.000372701999999947 306
0.00037275899999977824 305
0.0003728789999999371 304
0.00037293599999976834 303
0.00037299300000004365 302
0.00037304999999987487 301
0.0003730699999997533 302
0.0003731069999997061 301
0.00037320999999979065 302
0.00037322699999986497 301
0.0003732839999996962 300
0.0003733409999999715 299
0.0003733979999998027 298
0.00037345499999963394 297
0.0003735749999997928 296
0.00037363200000006813 295
0.0003737519999997829 294
0.00037380900000005823 293
0.00037386599999988945 292
0.0003739229999997207 291
0.00037404299999987956 290
0.0003740999999997108 289
0.0003741569999999861 288
0.0003742139999998173 287
0.0003742709999996485 286
0.00037432799999992383 285
0.00037438499999975505 284
0.00037444200000003036 283
0.0003744989999998616 282
0.00037453599999981435 283
0.0003745559999996928 282
0.0003746129999999681 281
0.00037466999999979933 280
0.00037472699999963055 279
0.00037478399999990586 278
0.0003748409999997371 277
0.0003748770000000512 278
0.0003748980000000124 277
0.0003749449999999044 278
0.0003749549999998436 277
0.00037501199999967483 276
0.00037506899999995014 275
0.00037512599999978136 274
0.00037518300000005667 273
0.0003752399999998879 272
0.0003752969999997191 271
0.0003753539999999944 270
0.0003753559999997158 271
0.00037541099999982563 270
0.00037546799999965685 269
0.00037552499999993216 268
0.0003755819999997634 267
0.0003756390000000387 266
0.0003756959999998699 265
0.00037575299999970113 264
0.00037580999999997644 263
0.00037586699999980766 262
0.0003759239999996389 261
0.00037604399999979776 260
0.000376100999999629 259
0.0003761579999999043 258
0.0003762149999997355 257
0.0003762720000000108 256
0.00037630499999963263 257
0.0003763919999997256 256
0.0003764490000000009 255
0.0003765689999997157 254
0.000376625999999991 253
0.0003767459999997058 252
0.0003768659999998647 251
0.0003769229999996959 250
0.0003770429999998548 249
0.0003771630000000137 248
0.0003772829999997285 247
0.00037740299999988736 246
0.0003775010000000023 247
0.00037752300000004624 246
0.00037764299999976103 245
0.0003777629999999199 244
0.00037781999999975113 243
0.00037787700000002644 242
0.00037793399999985766 241
0.00037805400000001654 240
0.0003780689999999254 241
0.00037817399999973134 240
0.0003782939999998902 239
0.0003784140000000491 238
0.0003784709999998803 237
0.00037852799999971154 236
0.0003786479999998704 235
0.0003787680000000293 234
0.0003788879999997441 233
0.000379007999999903 232
0.0003790649999997342 231
0.0003791849999998931 230
0.00037930500000005196 229
0.00037942499999976675 228
0.00037954499999992564 227
0.00037966499999964043 226
0.0003797849999997993 225
0.00037984199999963053 224
0.0003799619999997894 223
0.0003800190000000647 222
0.0003801389999997795 221
0.0003802589999999384 220
0.0003803789999996532 219
0.00038049899999981207 218
0.00038061899999997095 217
0.00038073899999968575 216
0.00038079599999996105 215
0.00038091599999967585 214
0.00038103599999983473 213
0.0003811559999999936 212
0.0003812759999997084 211
0.00038132899999965275 212
0.0003813959999998673 211
0.00038151600000002617 210
0.00038163599999974096 209
0.0003816509999996498 210
0.00038175599999989984 209
0.0003818760000000587 208
0.0003819959999997735 207
0.0003821159999999324 206
0.00038214499999966733 207
0.0003822359999996472 206
0.0003823559999998061 205
0.00038247599999996496 204
0.00038259599999967975 203
0.00038271599999983863 202
0.0003828359999999975 201
0.00038288899999994186 202
0.0003829559999997123 201
0.0003830759999998712 200
0.00038311999999995905 201
0.00038319600000003007 200
0.00038331599999974486 199
0.00038343599999990374 198
0.0003835560000000626 197
0.0003836759999997774 196
0.0003837959999999363 195
0.0003839159999996511 194
0.00038403599999981 193
0.00038415599999996886 192
0.00038427599999968365 191
0.0003843599999999725 192
0.00038439599999984253 191
0.0003845160000000014 190
0.0003846359999997162 189
0.0003847559999998751 188
0.0003847869999997755 189
0.00038487600000003397 188
0.0003849219999998432 189
0.00038499599999974876 188
0.00038511599999990764 187
0.0003852360000000665 186
0.0003853559999997813 185
0.0003854759999999402 184
0.000385595999999655 183
0.0003857159999998139 182
0.00038583599999997276 181
0.00038595599999968755 180
0.00038607599999984643 179
0.0003861960000000053 178
0.0003863159999997201 177
0.000386435999999879 176
0.00038655600000003787 175
0.00038667599999975266 174
0.00038670899999981856 175
0.00038679599999991154 174
0.0003869160000000704 173
0.0003870359999997852 172
0.0003871559999999441 171
0.0003872759999996589 170
0.0003873959999998178 169
0.00038751599999997666 168
0.00038763599999969145 167
0.00038775599999985033 166
0.0003878760000000092 165
0.000387995999999724 164
0.00038802999999987264 165
0.0003881159999998829 164
0.00038823600000004177 163
0.00038835599999975656 162
0.0003884089999997009 163
0.00038847599999991544 162
0.0003885339999998294 163
0.0003885479999996555 164
0.00038857999999963866 165
0.00038859599999963024 164
0.0003887159999997891 163
0.0003887300000000593 164
0.000388835999999948 163
0.000388923000000041 164
0.0003889559999996628 163
0.0003890369999997034 164
0.00038904499999992126 165
0.0003890759999998217 164
0.00038919599999998056 163
0.00038931599999969535 162
0.0003893249999999959 163
0.000389338999999822 164
0.00038943599999985423 163
0.0003895560000000131 162
0.0003896759999997279 161
0.0003897959999998868 160
0.0003898149999996825 161
0.00038991600000004567 160
0.0003900199999997689 161
0.00039003599999976046 160
0.00039015599999991935 159
0.0003902309999999076 160
0.00039027599999963414 159
0.000390395999999793 158
0.0003905159999999519 157
0.0003905650000000094 158
0.0003905789999998355 159
0.0003906359999996667 158
0.0003906979999999116 159
0.00039074399999972087 160
0.0003907559999998256 159
0.00039087599999998446 158
0.00039099599999969925 157
0.00039111599999985813 156
0.00039120099999978564 157
0.000391236000000017 156
0.0003913559999997318 155
0.0003914759999998907 154
0.00039159600000004957 153
0.00039171599999976436 152
0.00039183599999992325 151
0.00039193299999995546 152
0.00039195599999963804 151
0.0003920749999997142 152
0.0003920759999997969 151
0.0003921959999999558 150
0.0003922739999997482 151
0.0003923159999996706 150
0.0003924359999998295 149
0.0003924959999999089 150
0.00039255599999998836 149
0.0003926469999999682 150
0.00039267599999970315 149
0.00039278499999984007 150
0.00039279599999986203 149
0.0003929160000000209 148
0.00039295900000002604 149
0.00039301800000002274 150
0.0003930359999997357 149
0.0003931559999998946 148
0.00039327600000005347 147
0.00039339599999976826 146
0.00039351599999992715 145
0.0003935390000000538 146
0.00039363599999964194 145
0.0003936680000000692 146
0.0003937559999998008 145
0.0003938759999999597 144
0.0003939019999998905 145
0.0003939959999996745 144
0.0003941159999998334 143
0.00039423599999999226 142
0.00039435599999970705 141
0.00039447599999986593 140
0.0003945960000000248 139
0.0003947159999997396 138
0.00039476199999999295 139
0.0003948359999998985 138
0.00039495600000005737 137
0.00039496699999963525 138
0.00039503100000004565 139
0.00039507599999977216 138
0.00039519599999993105 137
0.0003952959999997674 138
0.00039531599999964584 137
0.00039535899999965096 138
0.0003954359999998047 137
0.0003955559999999636 136
0.0003956759999996784 135
0.0003957509999996667 136
0.0003957959999998373 135
0.00039591599999999616 134
0.00039600499999981054 135
0.00039603599999971095 134
0.00039615599999986983 133
0.0003962760000000287 132
0.0003963959999997435 131
0.0003965159999999024 130
0.00039663600000006127 129
0.00039675599999977607 128
0.00039687599999993495 127
0.00039699599999964974 126
0.0003971159999998086 125
0.0003972359999999675 124
0.0003973559999996823 123
0.0003974759999998412 122
0.00039759600000000006 121
0.00039771599999971485 120
0.00039783599999987374 119
0.0003979560000000326 118
0.0003980759999997474 117
0.0003981959999999063 116
0.0003983160000000652 115
0.00039843599999977997 114
0.00039855599999993885 113
0.00039867599999965364 112
0.0003987959999998125 111
0.00039887699999985315 112
0.0003989159999999714 111
0.0003989229999996624 112
0.0003989749999999681 113
0.0003990359999996862 112
0.0003991559999998451 111
0.00039927600000000396 110
0.0003993849999996968 111
0.00039939599999971875 110
0.000399475000000038 111
0.00039951599999987764 110
0.0003996360000000365 109
0.0003997559999997513 108
0.0003998759999999102 107
0.0003999960000000691 106
0.00040011599999978387 105
0.00040023599999994275 104
0.00040035599999965754 103
0.0004004759999998164 102
0.0004005959999999753 101
0.0004007159999996901 100
0.000400835999999849 99
0.00040095600000000786 98
0.0004010420000000181 99
0.00040107599999972265 98
0.00040119599999988154 97
0.0004013160000000404 96
0.0004014359999997552 95
0.00040150999999966075 96
0.0004015559999999141 95
0.00040160899999985844 96
0.0004016389999996761 97
0.0004016759999996289 96
0.00040167799999979437 97
0.00040179599999978777 96
0.00040191599999994665 95
0.00040203599999966144 94
0.0004021559999998203 93
0.0004022759999999792 92
0.0004023229999998712 93
0.000402395999999694 92
0.0004025159999998529 91
0.00040263600000001176 90
0.00040275599999972655 89
0.00040287599999988544 88
0.0004029960000000443 87
0.00040305299999987554 86
0.00040314799999974227 87
0.0004031730000000344 86
0.0004032099999999872 87
0.0004032929999997492 86
0.0004034129999999081 85
0.000403533000000067 84
0.00040365299999978177 83
0.0004037249999999659 84
0.00040377299999994065 83
0.00040389299999965544 82
0.0004040129999998143 81
0.0004041329999999732 80
0.0004042200000000662 81
0.000404252999999688 80
0.0004043729999998469 79
0.0004044130000000479 80
0.00040442699999987397 81
0.0004044659999999922 82
0.00040449300000000576 81
0.000404549999999837 80
0.0004046659999996649 81
0.00040466999999999587 80
0.00040478999999971066 79
0.00040484699999998597 80
0.00040484699999998597 79
0.00040496699999970076 78
0.00040501400000003684 79
0.00040508699999985964 78
0.0004051349999998344 79
0.00040514399999969086 78
0.00040519799999971795 79
0.00040526399999984974 78
0.0004053840000000086 77
0.0004055039999997234 76
0.0004056239999998823 75
0.0004057440000000412 74
0.000405863999999756 73
0.0004059260000000009 74
0.00040598399999991486 73
0.00040610399999962965 72
0.0004061459999999961 73
0.00040622399999978853 72
0.00040628100000006384 71
0.00040640099999977863 70
0.00040645800000005394 69
0.00040651499999988516 68
0.00040663500000004404 67
0.0004066569999996439 68
0.00040669199999987526 67
0.00040681200000003415 66
0.00040686899999986537 65
0.0004069259999996966 64
0.0004069829999999719 63
0.0004070299999998639 64
0.0004070399999998031 63
0.000407159999999962 62
0.0004072169999997932 61
0.0004073369999999521 60
0.0004073439999996431 61
0.0004074569999996669 60
0.00040749099999981553 61
0.0004075139999999422 60
0.000407633999999657 59
0.0004077539999998159 58
0.0004078109999996471 57
0.0004078679999999224 56
0.0004079879999996372 55
0.0004081079999997961 54
0.0004081649999996273 53
0.0004082849999997862 52
0.0004083420000000615 51
0.0004084619999997763 50
0.00040858199999993516 49
0.0004086389999997664 48
0.0004086960000000417 47
0.0004088159999997565 46
0.00040893599999991537 45
0.0004089929999997466 44
0.0004090500000000219 43
0.0004091069999998531 42
0.000409227000000012 41
0.0004092839999998432 40
0.0004094040000000021 39
0.0004094609999998333 38
0.0004095809999999922 37
0.0004096379999998234 36
0.00040969499999965464 35
0.00040975199999992995 34
0.00040980899999976117 33
0.0004098660000000365 32
0.0004099229999998677 31
0.0004099799999996989 30
0.00041003699999997423 29
0.000410156999999689 28
0.00041021399999996433 27
0.00041027099999979555 26
0.00041039099999995443 25
0.00041044799999978565 24
0.00041056799999994453 23
0.0004106879999996593 22
0.0004108079999998182 21
0.0004109279999999771 20
0.0004110479999996919 19
0.00041116799999985076 18
0.00041128800000000965 17
0.00041134499999984087 16
0.0004114019999996721 15
0.0004114589999999474 14
0.0004115159999997786 13
0.0004115730000000539 12
0.0004116929999997687 11
0.000411750000000044 10
0.00041180699999987525 9
0.00041186399999970646 8
0.0004119209999999818 7
0.000411977999999813 6
0.0004120349999996442 5
0.0004120919999999195 4
0.00041214899999975074 3
0.00041220600000002605 2
0.00041226299999985727 1
0.0004123199999996885 0
0.00041240899999994696 1
0.00041240899999994696 0
0.00041255000000006703 1
0.00041255000000006703 0
0.000412987999999892 1
0.000412987999999892 0
0.00041315699999966427 1
0.00041315699999966427 0
0.0004138509999997986 1
0.0004138509999997986 0
0.00041670999999965375 1
0.00041670999999965375 0
0.0004188729999996532 1
0.0004188729999996532 0
0.00041955599999976556 1
0.00041955599999976556 0
0.00042199999999992244 1
0.00042199999999992244 0
0.00042217300000002567 1
0.00042217300000002567 0
0.0004222869999996881 1
0.0004222869999996881 0
0.0004229899999996789 1
0.0004229899999996789 0
0.00042395099999970043 1
0.00042395099999970043 0
0.00042481299999996835 1
0.00042481299999996835 0
0.00042505299999984203 1
0.00042505299999984203 0
0.0004255170000000419 1
0.0004255170000000419 0
0.0004255449999996941 1
0.0004255449999996941 0
0.00042556099999968566 1
0.0004255739999998731 0
0.00042622599999964095 1
0.00042622599999964095 0
0.0004264510000000499 1
0.0004264510000000499 0
0.0004269759999999678 1
0.0004269759999999678 0
0.0004282519999998513 1
0.0004282519999998513 0
0.00042957699999979226 1
0.00042957699999979226 0
0.00042967599999998995 1
0.00042967599999998995 0
0.00043033899999977976 1
0.00043033899999977976 0
0.00043038799999983723 1
0.00043038799999983723 0
0.0004310859999998584 1
0.0004310859999998584 0
0.00043110799999990235 1
0.00043110799999990235 0
0.0004321759999998953 1
0.0004321759999998953 0
0.000432614999999803 1
0.000432614999999803 0
0.0004334779999997096 1
0.0004334779999997096 0
0.00043427699999964986 1
0.00043427699999964986 0
0.00043931699999966156 1
0.00043931699999966156 0
0.0004401579999999683 1
0.0004401579999999683 0
0.00044154900000004105 1
0.00044154900000004105 0
0.000443376999999856 1
0.000443376999999856 0
0.0004441950000000361 1
0.0004441950000000361 0
0.0004462309999997416 1
0.0004462309999997416 0
0.0004463589999996742 1
0.0004463589999996742 0
0.0004467719999996511 1
0.0004467719999996511 0
0.00044899300000000864 1
0.00044899300000000864 0
0.00044947199999967324 1
0.00044947199999967324 0
0.00044951199999987423 1
0.00044951199999987423 0
0.00045021299999969955 1
0.00045021299999969955 0
0.0004503249999996406 1
0.0004503249999996406 0
0.00045074599999983533 1
0.00045074599999983533 0
0.0004520999999999553 1
0.0004520999999999553 0
0.00045345799999996217 1
0.00045345799999996217 0
0.0004544969999997761 1
0.0004544969999997761 0
0.00045595899999995027 1
0.00045595899999995027 0
0.00045599399999973755 1
0.00045599399999973755 0
0.0004580079999998432 1
0.0004580079999998432 0
0.00045873799999984755 1
0.00045873799999984755 0
0.0004588129999998358 1
0.0004588129999998358 0
0.0004606639999997775 1
0.0004606639999997775 0
0.0004608509999997068 1
0.0004608509999997068 0
0.00046144399999992203 1
0.00046144399999992203 0
0.00046171999999966573 1
0.00046171999999966573 0
0.0004624739999998795 1
0.0004624739999998795 0
0.000462891999999826 1
0.000462891999999826 0
0.0004709809999998704 1
0.0004709809999998704 0
0.00047295899999966196 1
0.00047295899999966196 0
0.0004735529999999599 1
0.0004735529999999599 0
0.00047548100000005533 1
0.00047548100000005533 0
0.000475738999999642 1
0.000475738999999642 0
0.0004759499999997807 1
0.0004759499999997807 0
0.00047601899999971664 1
0.00047601899999971664 0
0.00047627399999994324 1
0.00047627399999994324 0
0.00047635899999987075 1
0.00047635899999987075 0
0.0004763749999998623 1
0.0004763749999998623 0
0.000476654999999937 1
0.000476654999999937 0
0.0004768579999998579 1
0.0004768579999998579 0
0.0004769429999997854 1
0.0004769429999997854 0
0.00047702899999979564 1
0.00047702899999979564 0
0.0004773490000000713 1
0.0004773490000000713 0
0.000477537999999722 1
0.000477537999999722 0
0.0004775869999997795 1
0.0004775869999997795 0
0.00047760699999965794 1
0.00047760699999965794 0
0.00047776999999982195 1
0.00047776999999982195 0
0.00047779400000003136 1
0.00047779400000003136 0
0.0004779169999999944 1
0.0004779169999999944 0
0.0004779669999996905 1
0.0004779669999996905 0
0.0004779809999999607 1
0.0004779809999999607 0
0.00047800399999964327 1
0.0004780309999996568 0
0.0004781229999997194 1
0.0004781229999997194 0
0.0004781929999997381 1
0.0004781929999997381 0
0.00047854099999966593 1
0.00047854099999966593 0
0.000478594999999693 1
0.000478594999999693 0
0.00047882699999979295 1
0.00047882699999979295 0
0.00047884100000006313 1
0.00047884100000006313 0
0.0004789579999999738 1
0.0004789579999999738 0
0.0004790849999998237 1
0.0004790849999998237 0
0.00047923499999980024 1
0.00047923499999980024 0
0.0004797929999997841 1
0.0004797929999997841 0
0.0004798169999999935 1
0.0004798169999999935 0
0.0004798849999998467 1
0.0004798849999998467 0
0.00048020499999967825 1
0.00048020499999967825 0
0.00048021899999994844 1
0.00048021899999994844 0
0.00048023999999990963 1
0.0004802539999997357 2
0.00048026199999995356 1
0.0004803189999997848 0
0.00048047399999973095 1
0.00048047399999973095 0
0.0004805599999997412 1
0.0004805599999997412 0
0.0004805999999999422 1
0.0004805999999999422 0
0.0004808809999996555 1
0.0004808809999996555 0
0.0004809089999997518 1
0.0004809089999997518 0
0.0004809749999998836 1
0.0004809749999998836 0
0.0004811499999997082 1
0.0004811499999997082 0
0.0004811639999999784 1
0.0004811639999999784 0
0.00048120099999993116 1
0.0004812069999999835 0
0.00048123899999996667 1
0.00048126399999981473 0
0.00048132799999978104 1
0.00048132799999978104 0
0.0004818219999997986 1
0.0004818219999997986 0
0.0004819879999997667 1
0.0004819879999997667 0
0.00048200999999981065 1
0.00048200999999981065 0
0.00048222700000000174 1
0.00048222700000000174 0
0.00048224099999982784 1
0.00048224099999982784 0
0.00048225499999965393 1
0.00048228399999983296 0
0.00048229799999965905 1
0.0004823409999996642 0
0.0004823749999998128 1
0.0004823979999999395 0
0.00048243700000005774 1
0.0004824549999997707 0
0.00048265399999980474 1
0.00048265399999980474 0
0.0004827029999998622 1
0.0004827029999998622 0
0.0004827739999999636 1
0.0004827739999999636 0
0.00048283400000004306 1
0.00048283400000004306 0
0.0004830309999999116 1
0.0004830309999999116 0
0.0004831009999999303 1
0.0004831009999999303 0
0.00048313599999971757 1
0.00048313599999971757 0
0.0004831699999998662 1
0.0004831699999998662 0
0.00048327499999967216 1
0.00048327499999967216 0
0.0004833490000000218 1
0.0004833490000000218 0
0.00048349199999986325 1
0.00048349199999986325 0
0.0004836329999999833 1
0.0004836329999999833 0
0.0004836649999999665 1
0.0004836649999999665 0
0.0004836870000000104 1
0.00048368999999981455 0
0.00048373000000001554 1
0.00048374399999984163 2
0.00048374699999964577 1
0.0004837739999996593 2
0.0004838039999999211 1
0.00048383399999973875 2
0.0004838609999997523 1
0.0004839180000000276 0
0.0004839319999998537 1
0.00048396799999972373 2
0.0004839749999998588 1
0.0004839819999999939 2
0.00048403199999969004 1
0.0004840520000000126 2
0.00048408899999996535 1
0.0004841330000000532 2
0.00048414599999979657 1
0.00048415499999965306 2
0.00048416899999992324 3
0.00048418299999974934 4
0.00048419700000001953 5
0.0004842029999996278 4
0.0004842599999999031 3
0.0004843100000000433 4
0.0004843169999997343 3
0.0004843449999998306 4
0.00048437400000000963 3
0.0004843989999998577 4
0.00048442899999967537 5
0.00048443099999984085 4
0.0004844799999998983 5
0.00048448799999967207 4
0.00048449899999969404 5
0.0004845449999999474 4
0.0004846019999997786 3
0.0004846160000000488 4
0.0004846299999998749 5
0.0004846590000000539 4
0.0004846989999998108 5
0.00048471599999988513 4
0.00048473799999992906 5
0.00048477299999971635 4
0.00048482999999999166 3
0.0004848869999998229 2
0.0004848879999999056 3
0.0004849439999996541 2
0.00048498600000002057 3
0.0004850009999999294 2
0.0004850319999998298 3
0.0004850579999997606 2
0.0004850979999999616 3
0.00048511500000003593 2
0.00048513899999980126 3
0.00048515299999962735 4
0.00048517199999986715 3
0.0004852289999996984 2
0.000485262999999847 3
0.0004852859999999737 2
0.00048533000000006155 3
0.0004853429999998049 2
0.0004853479999997745 3
0.0004853919999998624 4
0.0004853999999996361 3
0.0004854399999998371 4
0.00048545699999991143 3
0.00048549499999994694 4
0.00048550899999977304 5
0.00048551399999974265 4
0.0004855230000000432 5
0.0004855369999998693 6
0.00048557100000001796 5
0.0004856119999998576 6
0.0004856279999998492 5
0.0004856329999998188 6
0.0004856849999996804 5
0.0004856989999999506 6
0.00048572599999996413 7
0.0004857419999999557 6
0.0004857579999999473 7
0.0004857799999999912 8
0.0004857939999998173 9
0.00048579899999978693 8
0.0004858079999996434 9
0.00048582499999971773 10
0.0004858389999999879 11
0.000485852999999814 12
0.00048585600000006224 11
0.0004858669999996401 12
0.0004858809999999103 13
0.0004858969999999019 14
0.00048591299999989346 13
0.0004859699999997247 12
0.0004859849999996335 13
0.00048600499999995606 14
0.00048601899999978215 15
0.000486027 14
0.00048605199999984805 15
0.0004860839999998312 14
0.0004861409999996624 13
0.000486196999999855 14
0.00048619799999993774 13
0.00048625499999976896 12
0.00048627400000000875 13
0.0004862939999998872 14
0.00048631200000004426 13
0.00048632599999987036 14
0.00048636799999979274 15
0.0004863689999998755 14
0.00048638200000006293 15
0.00048640099999985864 16
0.00048641499999968474 17
0.0004864259999997067 16
0.000486482999999982 15
0.0004865389999997305 16
0.00048653999999981323 15
0.00048655699999988755 16
0.00048657099999971365 17
0.00048659699999964445 16
0.00048662499999974074 17
0.00048665399999991976 16
0.000486710999999751 15
0.0004867680000000263 14
0.0004868249999998575 13
0.0004868359999998795 14
0.0004868650000000585 15
0.00048688199999968873 14
0.00048689199999962796 15
0.00048693899999996404 14
0.0004869589999998425 15
0.0004869830000000519 16
0.00048699599999979526 15
0.000486996999999878 16
0.0004870249999999743 17
0.0004870420000000486 18
0.00048705300000007057 17
0.0004870559999998747 18
0.0004871099999999018 17
0.000487166999999733 16
0.0004872240000000083 15
0.0004872279999998952 16
0.00048728099999983954 15
0.00048733799999967076 14
0.00048734299999964037 15
0.0004873649999996843 16
0.0004873789999999545 17
0.0004873929999997806 18
0.00048739499999994607 17
0.0004874139999997418 18
0.00048742800000001196 19
0.0004874519999997773 18
0.0004875090000000526 17
0.0004875659999998838 16
0.00048762299999971503 15
0.0004876439999996762 16
0.00048766799999988564 17
0.00048767999999999034 16
0.00048768199999971173 17
0.00048773699999982156 16
0.0004877469999997608 17
0.00048778399999971356 18
0.0004877939999996528 17
0.00048779799999998374 18
0.0004878509999999281 17
0.00048787999999966303 18
0.0004879079999997593 17
0.0004879380000000211 18
0.0004879529999999299 19
0.0004879650000000346 18
0.0004880159999998135 19
0.00048802199999986584 18
0.0004880639999997882 19
0.0004880780000000584 20
0.00048807899999969706 19
0.00048813599999997237 18
0.00048814999999979847 19
0.0004881929999998036 18
0.00048819899999985594 19
0.0004882499999996348 18
0.0004882600000000181 19
0.00048827699999964835 20
0.0004883069999999101 19
0.0004883639999997413 18
0.0004884210000000166 17
0.000488473999999961 18
0.0004884779999998479 17
0.0004885049999998614 18
0.0004885189999996875 19
0.0004885329999999577 20
0.0004885349999996791 19
0.0004885469999997838 20
0.000488561000000054 21
0.0004885919999999544 20
0.0004885930000000371 21
0.0004886489999997856 20
0.0004886929999998735 21
0.0004887060000000609 20
0.0004887239999997739 21
0.0004887549999996743 22
0.0004887629999998921 21
0.0004887749999999969 22
0.0004888159999998365 23
0.0004888199999997234 22
0.0004888769999999987 21
0.0004889339999998299 20
0.0004889379999997168 21
0.0004889909999996611 20
0.0004890479999999364 19
0.0004891049999997676 18
0.000489162000000043 17
0.0004892189999998742 16
0.0004892759999997054 15
0.0004893329999999807 14
0.0004893619999997156 15
0.0004893899999998119 14
0.0004894300000000129 15
0.0004894469999996431 14
0.0004894819999998745 15
0.0004895039999999184 14
0.0004895609999997497 13
0.000489618000000025 12
0.0004896500000000081 13
0.0004896749999998562 12
0.0004897099999996435 13
0.0004897319999996874 12
0.0004897759999997753 13
0.0004897889999999627 12
0.0004898149999998935 13
0.000489845999999794 12
0.0004898540000000118 13
0.0004899030000000693 12
0.0004899249999996691 13
0.0004899599999999005 12
0.0004900169999997317 11
0.0004900530000000458 12
0.000490074000000007 11
0.0004901309999998382 10
0.0004901409999997774 11
0.0004901879999996694 10
0.0004902449999999448 9
0.0004902899999996713 10
0.000490301999999776 9
0.0004903590000000513 8
0.0004904159999998825 7
0.0004904729999997137 6
0.000490489999999788 7
0.0004905040000000582 8
0.000490529999999989 7
0.0004905599999998067 8
0.0004905739999996328 9
0.0004905869999998203 8
0.0004906439999996515 7
0.0004907009999999268 6
0.0004907119999999487 7
0.0004907419999997664 8
0.000490757999999758 7
0.0004907729999996668 8
0.000490786999999937 9
0.0004908150000000333 8
0.0004908719999998645 7
0.0004909289999996957 6
0.0004909859999999711 5
0.0004910429999998023 4
0.0004910999999996335 3
0.0004911569999999088 2
0.00049121399999974 1
0.0004912710000000153 0
0.0004913739999996558 1
0.0004913739999996558 0
0.0004919189999998963 1
0.0004919189999998963 0
0.0004919899999999977 1
0.0004919899999999977 0
0.0004938899999999968 1
0.0004938899999999968 0
0.000494138999999727 1
0.000494138999999727 0
0.000494594999999709 1
0.000494594999999709 0
0.0004954040000000326 1
0.0004954040000000326 0
0.0004954479999996764 1
0.0004954479999996764 0
0.0004959350000000029 1
0.0004959350000000029 0
0.0004960059999996602 1
0.0004960059999996602 0
0.0004965729999999446 1
0.0004965729999999446 0
0.0004967109999998165 1
0.0004967109999998165 0
0.0004980029999996916 1
0.0004980029999996916 0
0.0005039000000000016 1
0.0005039000000000016 0
0.0005041339999998229 1
0.0005041339999998229 0
0.0005047079999997983 1
0.0005047079999997983 0
0.0005066669999997941 1
0.0005066669999997941 0
0.0005086739999997647 1
0.0005086739999997647 0
0.0005090549999997585 1
0.0005090549999997585 0
0.0005093839999998906 1
0.0005093839999998906 0
0.0005113539999999084 1
0.0005113539999999084 0
0.0005120910000000478 1
0.0005120910000000478 0
0.0005122669999999552 1
0.0005122669999999552 0
0.000512426999999871 1
0.000512426999999871 0
0.000513226999999894 1
0.000513226999999894 0
0.0005135619999996344 1
0.0005135619999996344 0
0.0005136420000000363 1
0.0005136420000000363 0
0.0005138869999998796 1
0.0005138869999998796 0
0.0005141239999999492 1
0.0005141239999999492 0
0.0005143369999998093 1
0.0005143369999998093 0
0.0005149019999999283 1
0.0005149019999999283 0
0.0005149620000000077 1
0.0005149620000000077 0
0.0005154019999999981 1
0.0005154019999999981 0
0.0005156980000000644 1
0.0005156980000000644 0
0.0005157269999997993 1
0.0005157269999997993 0
0.0005159269999999161 1
0.0005159269999999161 0
0.0005164559999997209 1
0.0005164559999997209 0
0.0005168369999997147 1
0.0005168369999997147 0
0.0005169359999999124 1
0.0005169359999999124 0
0.0005173889999996462 1
0.0005173889999996462 0
0.0005190219999997581 1
0.0005190219999997581 0
0.0005234119999997233 1
0.0005234119999997233 0
0.0005240019999996903 1
0.0005240019999996903 0
0.0005240389999996431 1
0.0005240389999996431 0
0.0005250219999997086 1
0.0005250219999997086 0
0.0005255419999996569 1
0.0005255419999996569 0
0.0005258649999997367 1
0.0005258649999997367 0
0.0005265029999996784 1
0.0005265029999996784 0
0.0005267979999996619 1
0.0005267979999996619 0
0.0005282609999999188 1
0.0005282609999999188 0
0.0005283279999996893 1
0.0005283279999996893 0
0.0005289449999996698 1
0.0005289449999996698 0
0.0005294139999998393 1
0.0005294139999998393 0
0.0005297099999999055 1
0.0005297099999999055 0
0.0005301809999997964 1
0.0005301809999997964 0
0.0005301950000000666 1
0.0005301950000000666 0
0.0005307969999996942 1
0.0005307969999996942 0
0.0005309339999999274 1
0.0005309339999999274 0
0.0005319029999997227 1
0.0005319029999997227 0
0.0005331539999997581 1
0.0005331539999997581 0
0.000533454999999794 1
0.000533454999999794 0
0.0005351509999997894 1
0.0005351509999997894 0
0.0005351749999999988 1
0.0005351749999999988 0
0.0005364669999998739 1
0.0005364669999998739 0
0.0005366570000000515 1
0.0005366570000000515 0
0.0005390029999996493 1
0.0005390029999996493 0
0.000539984999999632 1
0.000539984999999632 0
0.0005440499999997961 1
0.0005440499999997961 0
0.0005449710000000607 1
0.0005449710000000607 0
0.0005454999999998655 1
0.0005454999999998655 0
0.0005467339999998266 1
0.0005467339999998266 0
0.0005503999999998399 1
0.0005503999999998399 0
0.000551586999999909 1
0.000551586999999909 0
0.0005524189999999152 1
0.0005524189999999152 0
0.0005526839999996369 1
0.0005526839999996369 0
0.0005555779999997235 1
0.0005555779999997235 0
0.0005561899999997344 1
0.0005561899999997344 0
0.0005562139999999438 1
0.0005562139999999438 0
0.0005585789999997814 1
0.0005585789999997814 0
0.0005599629999997191 1
0.0005599629999997191 0
0.0005608229999998215 1
0.0005608229999998215 0
0.0005704769999996806 1
0.0005704769999996806 0
0.0005795059999997854 1
0.0005795059999997854 0
0.000581787999999861 1
0.000581787999999861 0
0.0005823929999997368 1
0.0005823929999997368 0
0.0005837849999998923 1
0.0005837849999998923 0
0.0005838749999997894 1
0.0005838749999997894 0
0.0005839729999999044 1
0.0005839729999999044 0
0.0005841129999999417 1
0.0005841129999999417 0
0.0005852989999999281 1
0.0005852989999999281 0
0.0005854529999997915 1
0.0005854529999997915 0
0.0005858480000000554 1
0.0005858480000000554 0
0.0005887030000000237 1
0.0005887030000000237 0
0.0005899729999998549 1
0.0005899729999998549 0
0.0005902289999997201 1
0.0005902289999997201 0
0.0005908899999997885 1
0.0005908899999997885 0
0.0006237289999999618 1
0.0006237289999999618 0
0.0006317810000000534 1
0.0006317810000000534 0
0.0006381449999999234 1
0.0006381449999999234 0
0.0006381799999997106 1
0.0006381799999997106 0
0.0006454449999999667 1
0.0006454449999999667 0
0.0006462659999999509 1
0.0006462659999999509 0
0.0006463059999997078 1
0.0006463059999997078 0
0.0006473359999996653 1
0.0006473359999996653 0
0.0006479049999996711 1
0.0006479049999996711 0
0.0006542709999997065 1
0.0006542709999997065 0
0.0007144310000000154 1
0.0007144310000000154 0
0.00072914699999993 1
0.00072914699999993 0
0.0007475979999997939 1
0.0007475979999997939 0
0.0007533330000000227 1
0.0007533330000000227 0
0.0007539899999997601 0