time length
0.0 0
1.8850000000902867e-06 1
1.8850000000902867e-06 0
1.970000000017791e-06 1
1.970000000017791e-06 0
2.419999999947464e-06 1
2.419999999947464e-06 0
2.750000000162345e-06 1
2.750000000162345e-06 0
2.775000000010408e-06 1
2.775000000010408e-06 0
2.859999999937912e-06 1
2.859999999937912e-06 0
3.0149999998840826e-06 1
3.0149999998840826e-06 0
3.069999999993911e-06 1
3.069999999993911e-06 0
3.18500000018318e-06 1
3.18500000018318e-06 0
3.3099999998675855e-06 1
3.3099999998675855e-06 0
3.5149999999539716e-06 1
3.5149999999539716e-06 0
3.7050000001315198e-06 1
3.7050000001315198e-06 0
3.7650000002109607e-06 1
3.7650000002109607e-06 0
3.892000000060847e-06 1
3.892000000060847e-06 0
4.087000000208008e-06 1
4.087000000208008e-06 0
4.145000000121968e-06 1
4.145000000121968e-06 0
4.18700000004435e-06 1
4.2069999999228e-06 0
4.300000000068138e-06 1
4.300000000068138e-06 0
4.30199999978953e-06 1
4.313999999894236e-06 2
4.3309999999685544e-06 1
4.334999999855427e-06 0
4.426999999918024e-06 1
4.455000000014309e-06 0
4.479000000223721e-06 1
4.479000000223721e-06 0
4.518999999980622e-06 1
4.5239999999502345e-06 2
4.537000000137681e-06 3
4.579000000060063e-06 2
4.582999999946935e-06 1
4.586999999833807e-06 0
4.593999999968901e-06 1
4.593999999968901e-06 0
4.603999999908126e-06 1
4.63200000000441e-06 2
4.697000000053464e-06 3
4.698000000136204e-06 4
4.699000000218945e-06 5
4.699999999857596e-06 6
4.7109999998795615e-06 5
4.714000000127783e-06 6
4.715000000210523e-06 5
4.719000000097395e-06 4
4.7589999998542964e-06 5
4.779999999815487e-06 6
4.7950000001684145e-06 7
4.800000000138027e-06 8
4.838999999812188e-06 7
4.8490000001955025e-06 8
4.879000000013178e-06 9
4.91999999985282e-06 10
4.9369999999271386e-06 11
4.938000000009879e-06 12
4.95899999997107e-06 11
4.96000000005381e-06 12
4.962999999857942e-06 11
4.967000000188904e-06 10
4.971000000075776e-06 9
4.974999999962648e-06 8
4.977000000128129e-06 9
4.9789999998495205e-06 8
4.983000000180482e-06 7
4.987000000067354e-06 6
4.9909999999542265e-06 5
4.994999999841099e-06 4
4.99900000017206e-06 3
5.001999999976192e-06 4
5.05499999992054e-06 5
5.0690000001907265e-06 6
5.080000000212692e-06 7
5.0840000000995644e-06 8
5.118999999886853e-06 7
5.132000000074299e-06 8
5.175000000079422e-06 9
5.239000000045735e-06 8
5.242999999932607e-06 7
5.246999999819479e-06 6
5.2620000001724065e-06 7
5.366999999978361e-06 6
5.38400000005268e-06 7
5.393999999991905e-06 8
5.429000000223283e-06 9
5.444000000132121e-06 10
5.487000000137243e-06 9
5.4910000000241155e-06 8
5.494999999910988e-06 7
5.514000000150787e-06 8
5.574999999868879e-06 9
5.594000000108679e-06 10
5.61500000006987e-06 9
5.618999999956742e-06 8
5.625000000009095e-06 9
5.629999999978708e-06 10
5.65400000018812e-06 11
5.654999999826771e-06 12
5.655999999909511e-06 13
5.679000000036183e-06 14
5.688999999975408e-06 15
5.693999999945021e-06 16
5.709999999936599e-06 17
5.739000000115624e-06 16
5.7689999999333e-06 17
5.799000000195065e-06 18
5.821999999877647e-06 19
5.829000000012741e-06 20
5.8589999998304165e-06 21
5.8589999998304165e-06 20
5.86700000004825e-06 21
5.889000000092182e-06 22
5.890000000174922e-06 23
5.894000000061794e-06 24
5.896999999865926e-06 25
5.9040000000010195e-06 26
5.9789999999892984e-06 25
5.982999999876171e-06 24
5.987000000207132e-06 23
5.9910000000940045e-06 22
5.994999999980877e-06 21
5.998999999867749e-06 20
6.0030000001987105e-06 19
6.007000000085583e-06 18
6.010999999972455e-06 17
6.014999999859327e-06 16
6.0240000001599014e-06 17
6.039000000068739e-06 18
6.072000000134636e-06 19
6.101999999952312e-06 20
6.103000000035053e-06 21
6.135000000018209e-06 20
6.1389999999050815e-06 19
6.139999999987822e-06 20
6.142999999791954e-06 19
6.143999999874694e-06 20
6.147000000122915e-06 19
6.148999999844307e-06 20
6.1510000000097875e-06 19
6.15499999989666e-06 18
6.159000000227621e-06 19
6.159000000227621e-06 18
6.2170000001415815e-06 19
6.218000000224322e-06 20
6.248000000041998e-06 21
6.278999999942414e-06 20
6.288999999881639e-06 21
6.321999999947536e-06 22
6.325000000195757e-06 23
6.352000000209301e-06 24
6.3529999998479525e-06 25
6.384000000192458e-06 26
6.399000000101296e-06 25
6.414000000010134e-06 26
6.416999999814266e-06 27
6.44499999991055e-06 28
6.488999999998413e-06 29
6.5189999998160886e-06 30
6.5189999998160886e-06 29
6.529000000199403e-06 30
6.592000000082976e-06 31
6.621999999900652e-06 32
6.622999999983392e-06 33
6.625000000148873e-06 34
6.627999999953005e-06 35
6.6329999999226175e-06 36
6.63799999989223e-06 37
6.6389999999749705e-06 36
6.642999999861843e-06 37
6.647999999831455e-06 38
6.652999999801068e-06 39
6.65800000021477e-06 40
6.6630000001843825e-06 41
6.679999999814612e-06 42
6.696999999888931e-06 43
6.697999999971671e-06 44
6.727999999789347e-06 45
6.728999999872087e-06 46
6.729999999954828e-06 47
6.731000000037568e-06 48
6.732000000120308e-06 49
6.733000000203049e-06 50
6.7339999998417e-06 51
6.73499999992444e-06 52
6.736000000007181e-06 53
6.737000000089921e-06 54
6.7380000001726614e-06 55
6.738999999811313e-06 56
6.739999999894053e-06 57
6.743000000142274e-06 58
6.744999999863666e-06 59
6.748000000111887e-06 60
6.753000000081499e-06 61
6.758000000051112e-06 62
6.759000000133852e-06 61
6.763000000020725e-06 62
6.764000000103465e-06 63
6.767999999990337e-06 64
6.77299999995995e-06 65
6.782999999899175e-06 66
6.787999999868788e-06 67
6.797999999808013e-06 68
6.803000000221715e-06 69
6.824000000182906e-06 70
6.826999999987038e-06 71
6.840000000174484e-06 72
6.845000000144097e-06 73
6.854000000000582e-06 74
6.878999999848645e-06 73
6.882000000096866e-06 74
6.883999999818258e-06 75
6.884999999900998e-06 76
6.8859999999837385e-06 77
6.887000000066479e-06 78
6.916999999884155e-06 79
6.917999999966895e-06 80
6.94800000022866e-06 81
6.948999999867311e-06 82
6.949999999950052e-06 83
6.951000000032792e-06 84
6.9520000001155324e-06 85
6.953000000198273e-06 86
6.983000000015949e-06 87
6.984000000098689e-06 88
6.985000000181429e-06 89
6.9859999998200806e-06 90
6.986999999902821e-06 91
6.999000000007527e-06 90
7.002999999894399e-06 89
7.007000000225361e-06 88
7.017000000164586e-06 89
7.017999999803237e-06 90
7.0189999998859776e-06 91
7.019999999968718e-06 92
7.021000000051458e-06 93
7.022000000134199e-06 94
7.0519999999518745e-06 95
7.053000000034615e-06 96
7.054000000117355e-06 97
7.055000000200096e-06 98
7.055999999838747e-06 99
7.056999999921487e-06 100
7.0580000000042276e-06 101
7.059000000086968e-06 102
7.060000000169708e-06 103
7.0609999998083595e-06 104
7.0619999998911e-06 105
7.06299999997384e-06 106
7.0640000000565806e-06 107
7.0939999998742564e-06 108
7.1240000001360215e-06 109
7.125000000218762e-06 110
7.1269999999401534e-06 109
7.130999999827026e-06 108
7.155000000036438e-06 109
7.184999999854114e-06 110
7.185999999936854e-06 111
7.187000000019594e-06 112
7.188000000102335e-06 113
7.189000000185075e-06 114
7.189999999823726e-06 115
7.190999999906467e-06 116
7.221000000168232e-06 117
7.221999999806883e-06 118
7.250999999985908e-06 117
7.252000000068648e-06 118
7.25499999987278e-06 117
7.281999999886324e-06 118
7.282999999969064e-06 119
7.284000000051805e-06 120
7.285000000134545e-06 121
7.286000000217285e-06 122
7.2869999998559365e-06 123
7.3170000001177016e-06 124
7.318000000200442e-06 125
7.348000000018118e-06 126
7.349000000100858e-06 127
7.3500000001835986e-06 128
7.375000000031662e-06 127
7.3800000000012744e-06 128
7.381000000084015e-06 129
7.382000000166755e-06 130
7.382999999805406e-06 131
7.383999999888147e-06 132
7.384999999970887e-06 133
7.3860000000536274e-06 134
7.387000000136368e-06 135
7.388000000219108e-06 136
7.388999999857759e-06 137
7.3899999999405e-06 138
7.420000000202265e-06 139
7.420999999840916e-06 140
7.421999999923656e-06 141
7.423000000006397e-06 142
7.424000000089137e-06 143
7.4250000001718774e-06 144
7.425999999810529e-06 145
7.456000000072294e-06 146
7.457000000155034e-06 147
7.457999999793685e-06 148
7.458999999876426e-06 149
7.459999999959166e-06 150
7.461000000041906e-06 151
7.462000000124647e-06 152
7.463000000207387e-06 153
7.463999999846038e-06 154
7.494000000107803e-06 155
7.495000000190544e-06 156
7.495000000190544e-06 155
7.495999999829195e-06 156
7.496999999911935e-06 157
7.497999999994676e-06 158
7.499000000077416e-06 159
7.499000000077416e-06 158
7.500000000160156e-06 159
7.5009999997988075e-06 160
7.502999999964288e-06 159
7.5069999998511605e-06 158
7.511000000182122e-06 157
7.515000000068994e-06 156
7.5310000000605726e-06 157
7.532000000143313e-06 158
7.533000000226053e-06 159
7.5339999998647045e-06 160
7.534999999947445e-06 161
7.536000000030185e-06 162
7.537000000112926e-06 163
7.538000000195666e-06 164
7.538999999834317e-06 165
7.5399999999170575e-06 166
7.5700000001788226e-06 167
7.570999999817474e-06 168
7.571999999900214e-06 169
7.5729999999829545e-06 170
7.60299999980063e-06 171
7.603999999883371e-06 172
7.604999999966111e-06 173
7.6060000000488515e-06 174
7.635000000227876e-06 173
7.635999999866527e-06 174
7.636999999949268e-06 175
7.638000000032008e-06 176
7.639000000114748e-06 177
7.639000000114748e-06 176
7.640000000197489e-06 177
7.64099999983614e-06 178
7.64199999991888e-06 179
7.64300000000162e-06 180
7.672999999819297e-06 181
7.673999999902037e-06 182
7.674999999984777e-06 183
7.676000000067518e-06 184
7.677000000150258e-06 185
7.67799999978891e-06 186
7.67899999987165e-06 187
7.67999999995439e-06 188
7.68100000003713e-06 189
7.68200000011987e-06 190
7.683000000202611e-06 191
7.713000000020287e-06 192
7.714000000103027e-06 193
7.715000000185768e-06 194
7.715999999824419e-06 195
7.71699999990716e-06 196
7.7179999999899e-06 197
7.71900000007264e-06 198
7.72000000015538e-06 199
7.720999999794032e-06 200
7.721999999876772e-06 201
7.722999999959512e-06 202
7.724000000042253e-06 203
7.725000000124993e-06 204
7.726000000207733e-06 205
7.75600000002541e-06 206
7.758999999829541e-06 205
7.763000000160503e-06 204
7.785999999843085e-06 205
7.786999999925825e-06 206
7.788000000008566e-06 207
7.789000000091306e-06 208
7.790000000174047e-06 209
7.790999999812698e-06 210
7.791999999895438e-06 211
7.792999999978178e-06 212
7.79699999986505e-06 213
7.822999999795854e-06 214
7.823999999878595e-06 215
7.85400000014036e-06 216
7.8550000002231e-06 217
7.855999999861751e-06 218
7.856999999944492e-06 219
7.858000000027232e-06 220
7.859000000109972e-06 221
7.860000000192713e-06 222
7.882999999875295e-06 221
7.887000000206257e-06 220
7.890000000010389e-06 221
7.891000000093129e-06 222
7.91200000005432e-06 223
7.920999999910805e-06 224
7.921999999993545e-06 225
7.923000000076286e-06 226
7.924000000159026e-06 227
7.953999999976702e-06 228
7.983999999794378e-06 229
7.984999999877118e-06 230
7.985999999959859e-06 231
7.987000000042599e-06 232
7.98800000012534e-06 233
7.98900000020808e-06 234
7.98999999984673e-06 235
7.990999999929471e-06 236
8.00699999992105e-06 235
8.010999999807922e-06 234
8.015000000138883e-06 233
8.019000000025756e-06 232
8.021000000191236e-06 233
8.021999999829887e-06 234
8.022999999912628e-06 235
8.053000000174393e-06 236
8.053999999813044e-06 237
8.054999999895784e-06 238
8.08500000015755e-06 239
8.0859999997962e-06 240
8.086999999878941e-06 241
8.117000000140706e-06 242
8.118000000223446e-06 243
8.118999999862098e-06 244
8.119999999944838e-06 245
8.121000000027578e-06 246
8.122000000110319e-06 247
8.139000000184637e-06 246
8.151999999927995e-06 247
8.153000000010735e-06 248
8.154000000093475e-06 249
8.155000000176216e-06 250
8.155999999814867e-06 251
8.186000000076632e-06 252
8.187000000159372e-06 253
8.187999999798024e-06 254
8.188999999880764e-06 255
8.189999999963504e-06 256
8.22000000022527e-06 257
8.22099999986392e-06 258
8.221999999946661e-06 259
8.223000000029401e-06 260
8.224000000112142e-06 261
8.225000000194882e-06 262
8.255000000012558e-06 263
8.256000000095298e-06 264
8.257000000178039e-06 265
8.257000000178039e-06 266
8.25799999981669e-06 267
8.25899999989943e-06 268
8.25899999989943e-06 267
8.25999999998217e-06 268
8.261000000064911e-06 269
8.262000000147651e-06 270
8.262000000147651e-06 271
8.262999999786302e-06 272
8.293000000048067e-06 273
8.294000000130808e-06 274
8.295000000213548e-06 275
8.2959999998522e-06 276
8.29699999993494e-06 277
8.29800000001768e-06 278
8.29900000010042e-06 279
8.328999999918096e-06 280
8.330000000000837e-06 281
8.331000000083577e-06 282
8.332000000166317e-06 283
8.332999999804969e-06 284
8.333999999887709e-06 285
8.33499999997045e-06 286
8.364999999788125e-06 287
8.379000000058312e-06 286
8.382999999945184e-06 285
8.386999999832057e-06 284
8.39500000004989e-06 285
8.39600000013263e-06 286
8.397000000215371e-06 287
8.397999999854022e-06 288
8.428000000115787e-06 289
8.429000000198528e-06 290
8.429999999837179e-06 291
8.43099999991992e-06 292
8.43200000000266e-06 293
8.4330000000854e-06 294
8.43400000016814e-06 295
8.434999999806791e-06 296
8.435999999889532e-06 297
8.436999999972272e-06 298
8.438000000055013e-06 299
8.439000000137753e-06 300
8.468999999955429e-06 301
8.47000000003817e-06 302
8.47100000012091e-06 303
8.47200000020365e-06 304
8.502000000021326e-06 305
8.503000000104066e-06 306
8.506999999990938e-06 305
8.532999999921742e-06 306
8.563000000183507e-06 307
8.563999999822158e-06 308
8.564999999904899e-06 309
8.565999999987639e-06 310
8.595999999805315e-06 311
8.596999999888055e-06 312
8.597999999970796e-06 313
8.62700000014982e-06 312
8.627999999788472e-06 313
8.628999999871212e-06 314
8.629999999953952e-06 315
8.631000000036693e-06 314
8.634999999923565e-06 313
8.638999999810437e-06 312
8.643000000141399e-06 311
8.647000000028271e-06 310
8.650999999915143e-06 309
8.654999999802016e-06 308
8.659000000132977e-06 307
8.660000000215717e-06 308
8.660999999854369e-06 309
8.661999999937109e-06 310
8.66300000001985e-06 309
8.666999999906722e-06 308
8.670999999793594e-06 307
8.692000000198874e-06 308
8.692999999837525e-06 309
8.693999999920266e-06 310
8.695000000003006e-06 311
8.724999999820682e-06 312
8.725999999903422e-06 313
8.726999999986162e-06 314
8.746999999864613e-06 315
8.756999999803838e-06 316
8.757999999886579e-06 317
8.758999999969319e-06 318
8.788999999786995e-06 319
8.790999999952476e-06 318
8.794999999839348e-06 317
8.81699999988328e-06 318
8.81900000004876e-06 319
8.8200000001315e-06 320
8.849999999949176e-06 321
8.880000000210941e-06 322
8.880999999849593e-06 323
8.911000000111358e-06 324
8.912000000194098e-06 325
8.91499999999823e-06 324
8.918999999885102e-06 323
8.923000000216064e-06 322
8.927000000102936e-06 321
8.930999999989808e-06 320
8.93499999987668e-06 319
8.939000000207642e-06 318
8.942000000011774e-06 319
8.943000000094514e-06 318
8.946999999981387e-06 317
8.950999999868259e-06 316
8.95500000019922e-06 315
8.959000000086093e-06 314
8.961999999890224e-06 315
8.962999999972965e-06 314
8.966999999859837e-06 313
8.97199999982945e-06 314
8.97299999991219e-06 315
8.97399999999493e-06 316
9.003999999812606e-06 317
9.034000000074371e-06 318
9.035000000157112e-06 319
9.064999999974788e-06 320
9.066000000057528e-06 321
9.067000000140268e-06 322
9.068000000223009e-06 323
9.06899999986166e-06 324
9.087000000018719e-06 323
9.090999999905591e-06 322
9.094999999792464e-06 321
9.099000000123425e-06 322
9.099000000123425e-06 321
9.100000000206165e-06 322
9.103000000010297e-06 321
9.10699999989717e-06 320
9.111000000228131e-06 319
9.115000000115003e-06 318
9.119000000001876e-06 317
9.122999999888748e-06 316
9.12700000021971e-06 315
9.130000000023841e-06 316
9.131000000106582e-06 317
9.131000000106582e-06 316
9.132000000189322e-06 317
9.132999999827973e-06 318
9.133999999910714e-06 319
9.134999999993454e-06 318
9.164000000172479e-06 319
9.16499999981113e-06 320
9.16599999989387e-06 321
9.16699999997661e-06 322
9.196999999794286e-06 323
9.197999999877027e-06 324
9.198999999959767e-06 325
9.200000000042508e-06 326
9.201000000125248e-06 327
9.202000000207988e-06 328
9.232000000025664e-06 329
9.255000000152336e-06 328
9.259000000039208e-06 327
9.26199999984334e-06 328
9.26299999992608e-06 329
9.26299999992608e-06 328
9.293000000187845e-06 329
9.323000000005521e-06 330
9.324000000088262e-06 331
9.325000000171002e-06 332
9.325999999809653e-06 333
9.326999999892394e-06 334
9.327999999975134e-06 335
9.35799999979281e-06 336
9.383000000084962e-06 335
9.388000000054575e-06 336
9.41799999987225e-06 337
9.448000000134016e-06 338
9.477999999951692e-06 339
9.479000000034432e-06 340
9.480000000117172e-06 341
9.481000000199913e-06 342
9.502999999799755e-06 341
9.511000000017589e-06 342
9.540999999835265e-06 343
9.541999999918005e-06 344
9.543000000000745e-06 345
9.572999999818421e-06 346
9.603000000080186e-06 347
9.622999999958637e-06 346
9.626999999845509e-06 345
9.63100000017647e-06 344
9.632999999897862e-06 345
9.633999999980603e-06 346
9.635000000063343e-06 347
9.635000000063343e-06 346
9.636000000146083e-06 347
9.637000000228824e-06 348
9.637999999867475e-06 349
9.638999999950215e-06 350
9.640000000032956e-06 351
9.641000000115696e-06 352
9.670999999933372e-06 353
9.672000000016112e-06 354
9.673000000098853e-06 355
9.674000000181593e-06 356
9.691999999894563e-06 357
9.703999999999269e-06 358
9.733999999816945e-06 359
9.742000000034778e-06 360
9.755000000222225e-06 359
9.759000000109097e-06 358
9.76400000007871e-06 359
9.76500000016145e-06 360
9.765999999800101e-06 361
9.766999999882842e-06 362
9.797000000144607e-06 363
9.826999999962283e-06 364
9.828000000045023e-06 365
9.829000000127763e-06 366
9.830000000210504e-06 367
9.830999999849155e-06 368
9.86100000011092e-06 369
9.86200000019366e-06 370
9.87899999982389e-06 369
9.883000000154851e-06 368
9.887000000041724e-06 367
9.890999999928596e-06 366
9.892000000011336e-06 367
9.893000000094077e-06 368
9.894000000176817e-06 369
9.894999999815468e-06 370
9.894999999815468e-06 369
9.895999999898208e-06 370
9.89900000014643e-06 369
9.926000000159974e-06 370
9.95599999997765e-06 371
9.95700000006039e-06 372
9.95800000014313e-06 373
9.95900000022587e-06 374
9.989000000043546e-06 375
9.990000000126287e-06 376
9.991000000209027e-06 377
9.991999999847678e-06 378
1.0018999999861222e-05 377
1.0022000000109443e-05 378
1.0023000000192184e-05 379
1.0023000000192184e-05 378
1.0023999999830835e-05 379
1.0024999999913575e-05 380
1.0025999999996316e-05 381
1.0027000000079056e-05 382
1.0027000000079056e-05 381
1.0030999999965928e-05 380
1.00349999998528e-05 379
1.0056999999896732e-05 380
1.0057999999979472e-05 381
1.0059000000062213e-05 382
1.0060000000144953e-05 383
1.0089999999962629e-05 384
1.009100000004537e-05 385
1.009200000012811e-05 386
1.009300000021085e-05 387
1.0123000000028526e-05 388
1.0124000000111266e-05 389
1.0153999999928942e-05 390
1.0155000000011682e-05 389
1.0158999999898555e-05 388
1.0162999999785427e-05 387
1.0167000000116388e-05 386
1.017100000000326e-05 385
1.0174999999890133e-05 384
1.0184000000190707e-05 385
1.0184999999829358e-05 386
1.0215000000091123e-05 387
1.02449999999088e-05 388
1.0275000000170564e-05 389
1.0275999999809216e-05 390
1.0295000000049015e-05 389
1.0298999999935887e-05 388
1.030299999982276e-05 387
1.030600000007098e-05 388
1.0307000000153721e-05 389
1.0307000000153721e-05 388
1.0307999999792372e-05 389
1.0308999999875113e-05 390
1.0309999999957853e-05 391
1.0311000000040593e-05 392
1.0311000000040593e-05 391
1.0312000000123334e-05 392
1.0313000000206074e-05 393
1.0314999999927466e-05 392
1.0318999999814338e-05 391
1.03230000001453e-05 390
1.0327000000032172e-05 389
1.0330999999919044e-05 388
1.0334999999805916e-05 387
1.0339000000136878e-05 386
1.034300000002375e-05 387
1.034300000002375e-05 386
1.0372999999841426e-05 387
1.0373999999924166e-05 388
1.0375000000006906e-05 389
1.0376000000089647e-05 390
1.0405999999907323e-05 391
1.0436000000169088e-05 392
1.0436999999807739e-05 393
1.0463000000182632e-05 392
1.0467000000069504e-05 393
1.049699999988718e-05 394
1.049799999996992e-05 395
1.049900000005266e-05 396
1.0500000000135401e-05 397
1.0529999999953077e-05 398
1.0560000000214842e-05 399
1.0560999999853493e-05 400
1.0582999999897424e-05 399
1.0587000000228386e-05 398
1.0591000000115258e-05 399
1.0620999999932934e-05 400
1.06510000001947e-05 401
1.065199999983335e-05 402
1.0682000000095115e-05 403
1.0683000000177856e-05 404
1.0683999999816507e-05 405
1.0684999999899247e-05 406
1.0685999999981988e-05 407
1.0706999999943179e-05 406
1.0715999999799664e-05 407
1.0716999999882404e-05 408
1.0747000000144169e-05 409
1.0776999999961845e-05 410
1.080700000022361e-05 411
1.0807999999862261e-05 412
1.0808999999945001e-05 413
1.082700000010206e-05 412
1.0830999999988933e-05 411
1.0834999999875805e-05 410
1.0839000000206767e-05 411
1.0839000000206767e-05 410
1.0839999999845418e-05 411
1.0840999999928158e-05 412
1.0842000000010898e-05 413
1.0843000000093639e-05 412
1.0846999999980511e-05 411
1.0850999999867383e-05 410
1.0871999999828574e-05 411
1.090200000009034e-05 412
1.0931999999908015e-05 413
1.0932999999990756e-05 414
1.0957000000200168e-05 415
1.0962999999808432e-05 416
1.0963999999891172e-05 417
1.0964999999973912e-05 418
1.0966000000056653e-05 419
1.0967000000139393e-05 420
1.0968000000222133e-05 421
1.0968999999860785e-05 422
1.0971000000026265e-05 421
1.0974999999913138e-05 420
1.099900000012255e-05 421
1.100000000020529e-05 422
1.1000999999843941e-05 423
1.1001999999926682e-05 424
1.1003000000009422e-05 425
1.1004000000092162e-05 426
1.1005000000174903e-05 427
1.1034999999992579e-05 428
1.1064999999810254e-05 429
1.1065999999892995e-05 430
1.1066999999975735e-05 431
1.1068000000058476e-05 432
1.1069000000141216e-05 433
1.1070000000223956e-05 434
1.1070999999862607e-05 435
1.1071999999945348e-05 436
1.1073000000028088e-05 437
1.1074000000110829e-05 438
1.1075000000193569e-05 439
1.107599999983222e-05 440
1.107699999991496e-05 441
1.10779999999977e-05 442
1.1079000000080441e-05 443
1.1080000000163182e-05 444
1.109500000007202e-05 443
1.1109999999980857e-05 444
1.1111000000063598e-05 445
1.1112000000146338e-05 446
1.1141999999964014e-05 447
1.1143000000046754e-05 448
1.1144000000129495e-05 449
1.1145000000212235e-05 450
1.1145999999850886e-05 451
1.1176000000112651e-05 452
1.1177000000195392e-05 453
1.1207000000013068e-05 454
1.1214999999786812e-05 453
1.1219000000117774e-05 452
1.1223000000004646e-05 451
1.1226999999891518e-05 450
1.123100000022248e-05 449
1.1235000000109352e-05 448
1.1236999999830743e-05 449
1.1237999999913484e-05 450
1.1238999999996224e-05 451
1.1240000000078965e-05 452
1.1241000000161705e-05 453
1.1241999999800356e-05 454
1.1242999999883097e-05 455
1.1243999999965837e-05 456
1.1245000000048577e-05 457
1.1274999999866253e-05 458
1.1305000000128018e-05 459
1.1334999999945694e-05 460
1.1336000000028434e-05 461
1.1337000000111175e-05 462
1.1338000000193915e-05 463
1.1338999999832566e-05 464
1.1339999999915307e-05 465
1.1354999999824145e-05 464
1.1359000000155106e-05 463
1.1370000000177072e-05 464
1.1399999999994748e-05 465
1.1401000000077488e-05 466
1.1402000000160228e-05 467
1.140299999979888e-05 468
1.140399999988162e-05 469
1.140499999996436e-05 470
1.14060000000471e-05 471
1.1407000000129841e-05 472
1.1408000000212581e-05 473
1.1408999999851233e-05 474
1.1409999999933973e-05 475
1.1411000000016713e-05 476
1.144099999983439e-05 477
1.1471000000096154e-05 478
1.1472000000178895e-05 479
1.1472999999817546e-05 480
1.1473999999900286e-05 481
1.1474999999983027e-05 482
1.1476000000065767e-05 483
1.1477000000148507e-05 484
1.1477999999787158e-05 485
1.1478999999869899e-05 486
1.1478999999869899e-05 485
1.147999999995264e-05 486
1.148100000003538e-05 487
1.148200000011812e-05 488
1.148300000020086e-05 489
1.148300000020086e-05 488
1.1483999999839511e-05 489
1.1484999999922252e-05 490
1.1487000000087733e-05 489
1.1515000000184017e-05 490
1.1545000000001693e-05 491
1.1546000000084433e-05 492
1.1547000000167174e-05 493
1.1547999999805825e-05 494
1.1548999999888565e-05 495
1.157900000015033e-05 496
1.1606999999802525e-05 495
1.1608999999968006e-05 496
1.1610000000050746e-05 497
1.1611000000133487e-05 496
1.1615000000020359e-05 495
1.1618999999907231e-05 494
1.1622999999794104e-05 493
1.1627000000125065e-05 492
1.1631000000011937e-05 491
1.163499999989881e-05 490
1.1638999999785682e-05 489
1.1639999999868422e-05 490
1.1640999999951163e-05 491
1.1643000000116643e-05 490
1.1647000000003516e-05 489
1.1671000000212928e-05 490
1.1701000000030604e-05 491
1.173099999984828e-05 492
1.1761000000110045e-05 493
1.1767000000162398e-05 492
1.177100000004927e-05 491
1.1774999999936142e-05 490
1.1778999999823014e-05 489
1.1783000000153976e-05 488
1.1787000000040848e-05 487
1.179099999992772e-05 488
1.179099999992772e-05 487
1.179200000001046e-05 488
1.1794000000175942e-05 489
1.1821999999828137e-05 490
1.1822999999910877e-05 491
1.1823999999993617e-05 492
1.1853999999811293e-05 493
1.1884000000073058e-05 494
1.1885000000155799e-05 495
1.188599999979445e-05 496
1.188699999987719e-05 497
1.1911000000086602e-05 496
1.1914999999973475e-05 495
1.1917000000138955e-05 496
1.1918000000221696e-05 497
1.1918999999860347e-05 496
1.1923000000191308e-05 495
1.192700000007818e-05 494
1.1930999999965053e-05 493
1.1934999999851925e-05 492
1.1939000000182887e-05 491
1.1943000000069759e-05 490
1.1948000000039372e-05 491
1.1949000000122112e-05 492
1.1950000000204852e-05 493
1.1950999999843503e-05 494
1.1951999999926244e-05 495
1.1953000000008984e-05 496
1.198299999982666e-05 497
1.2013000000088425e-05 498
1.2014000000171166e-05 499
1.2014999999809817e-05 500
1.2015999999892557e-05 501
1.2046000000154322e-05 502
1.206300000022864e-05 501
1.2067000000115513e-05 500
1.2071000000002385e-05 499
1.2074999999889258e-05 498
1.2075999999971998e-05 499
1.2079000000220219e-05 498
1.2083000000107091e-05 497
1.2086999999993964e-05 496
1.2090999999880836e-05 495
1.2105999999789674e-05 496
1.2106999999872414e-05 497
1.213700000013418e-05 498
1.213800000021692e-05 499
1.2168000000034596e-05 500
1.2169000000117336e-05 501
1.2198999999935012e-05 502
1.2211000000039718e-05 501
1.221499999992659e-05 500
1.2218999999813462e-05 499
1.2223000000144424e-05 498
1.2227000000031296e-05 497
1.2229000000196777e-05 498
1.2229999999835428e-05 499
1.2230999999918168e-05 500
1.2230999999918168e-05 499
1.2232000000000909e-05 500
1.223499999980504e-05 499
1.2239000000136002e-05 498
1.2243000000022874e-05 497
1.2246999999909747e-05 496
1.2261999999818585e-05 497
1.2262999999901325e-05 498
1.229300000016309e-05 499
1.2322999999980766e-05 500
1.2324000000063506e-05 501
1.2353999999881182e-05 502
1.2367000000068629e-05 501
1.2370999999955501e-05 500
1.2374999999842373e-05 499
1.2379000000173335e-05 498
1.2384000000142947e-05 499
1.2385000000225688e-05 500
1.2385999999864339e-05 501
1.238699999994708e-05 502
1.2417000000208844e-05 503
1.244700000002652e-05 504
1.244800000010926e-05 505
1.2449000000192001e-05 506
1.2479000000009677e-05 507
1.2480000000092417e-05 508
1.2481000000175158e-05 509
1.2481999999813809e-05 510
1.2482999999896549e-05 511
1.2498999999888127e-05 510
1.2503000000219089e-05 509
1.2507000000105961e-05 508
1.2510999999992833e-05 507
1.2513000000158314e-05 508
1.254299999997599e-05 509
1.254400000005873e-05 510
1.254500000014147e-05 511
1.2546000000224211e-05 512
1.2576000000041887e-05 513
1.2605999999859563e-05 514
1.2631000000151715e-05 513
1.2635000000038588e-05 512
1.2636000000121328e-05 513
1.2637000000204068e-05 514
1.263799999984272e-05 515
1.263899999992546e-05 516
1.263899999992546e-05 515
1.26400000000082e-05 516
1.2642999999812332e-05 515
1.2647000000143294e-05 514
1.2651000000030166e-05 513
1.2654999999917038e-05 512
1.265899999980391e-05 511
1.2669999999825876e-05 512
1.2700000000087641e-05 513
1.2729999999905317e-05 514
1.2760000000167082e-05 515
1.2760999999805733e-05 516
1.2761999999888474e-05 517
1.2762999999971214e-05 518
1.2764000000053954e-05 519
1.2778999999962792e-05 518
1.2782999999849665e-05 517
1.2787000000180626e-05 516
1.2791000000067498e-05 515
1.279399999987163e-05 516
1.279499999995437e-05 515
1.2798999999841243e-05 514
1.2803000000172204e-05 513
1.2807000000059077e-05 512
1.2810999999945949e-05 511
1.2814999999832821e-05 510
1.2819000000163783e-05 509
1.2824000000133395e-05 510
1.2853999999951071e-05 511
1.2855000000033812e-05 512
1.2856000000116552e-05 513
1.2857000000199292e-05 514
1.2887000000016968e-05 515
1.2916999999834644e-05 516
1.2917999999917384e-05 517
1.2919000000000125e-05 518
1.2920000000082865e-05 519
1.2938999999878575e-05 518
1.2943000000209537e-05 517
1.294700000009641e-05 516
1.2949999999900541e-05 517
1.2950999999983281e-05 518
1.2950999999983281e-05 517
1.2952000000066022e-05 518
1.2954999999870154e-05 517
1.2959000000201115e-05 516
1.2963000000087987e-05 515
1.296699999997486e-05 514
1.2970999999861732e-05 513
1.2975000000192694e-05 512
1.2979000000079566e-05 511
1.2981999999883698e-05 512
1.2982999999966438e-05 511
1.298699999985331e-05 510
1.2991000000184272e-05 509
1.3012000000145463e-05 510
1.3041999999963139e-05 511
1.3072000000224904e-05 512
1.310200000004258e-05 513
1.3110999999899065e-05 512
1.3131999999860255e-05 513
1.316200000012202e-05 514
1.3163000000204761e-05 515
1.3163999999843412e-05 516
1.3194000000105177e-05 517
1.3195000000187918e-05 518
1.3195999999826569e-05 519
1.3196999999909309e-05 520
1.319799999999205e-05 521
1.319900000007479e-05 522
1.3228999999892466e-05 523
1.3229999999975206e-05 524
1.3231000000057946e-05 523
1.3234999999944819e-05 522
1.3238999999831691e-05 521
1.3243000000162652e-05 520
1.3247000000049525e-05 519
1.3250999999936397e-05 518
1.325499999982327e-05 517
1.325900000015423e-05 516
1.3259999999792882e-05 517
1.3290000000054647e-05 518
1.3291000000137387e-05 519
1.3292000000220128e-05 520
1.3322000000037804e-05 521
1.3323000000120544e-05 522
1.3324000000203284e-05 523
1.335400000002096e-05 524
1.3378999999869023e-05 523
1.3383999999838636e-05 524
1.3384999999921376e-05 525
1.3386000000004117e-05 526
1.3415999999821793e-05 527
1.3416999999904533e-05 528
1.3417999999987273e-05 529
1.344799999980495e-05 530
1.3478000000066714e-05 531
1.3499000000027905e-05 530
1.3502999999914778e-05 529
1.350799999988439e-05 530
1.350899999996713e-05 531
1.3539000000228896e-05 532
1.3539999999867547e-05 533
1.3540999999950287e-05 534
1.3571000000212052e-05 535
1.3571999999850703e-05 536
1.3602000000112469e-05 537
1.3603000000195209e-05 538
1.360399999983386e-05 539
1.362300000007366e-05 538
1.3626999999960532e-05 537
1.3630999999847404e-05 536
1.3634000000095625e-05 537
1.3635000000178366e-05 538
1.3635000000178366e-05 537
1.3635999999817017e-05 538
1.3636999999899757e-05 539
1.3639000000065238e-05 538
1.364299999995211e-05 537
1.3646999999838982e-05 536
1.3667000000161522e-05 537
1.3696999999979198e-05 538
1.3698000000061938e-05 539
1.3699000000144679e-05 540
1.3728999999962355e-05 541
1.3730000000045095e-05 542
1.3731000000127835e-05 543
1.3760999999945511e-05 544
1.3766999999997864e-05 543
1.3770999999884737e-05 542
1.3791000000207276e-05 543
1.3791999999845928e-05 544
1.3792999999928668e-05 545
1.3823000000190433e-05 546
1.3823999999829084e-05 547
1.3824999999911824e-05 548
1.385500000017359e-05 549
1.385599999981224e-05 550
1.3886000000074006e-05 551
1.3891000000043618e-05 550
1.3915999999891682e-05 551
1.3916999999974422e-05 552
1.3918000000057162e-05 553
1.3947999999874838e-05 554
1.3948999999957579e-05 555
1.3950000000040319e-05 556
1.395100000012306e-05 557
1.3980999999940735e-05 558
1.3982000000023476e-05 559
1.3983000000106216e-05 560
1.3984000000188956e-05 561
1.3984999999827608e-05 562
1.3985999999910348e-05 563
1.3986999999993088e-05 564
1.3988000000075829e-05 565
1.40110000002025e-05 564
1.4015000000089373e-05 563
1.4017999999893505e-05 564
1.4018999999976245e-05 563
1.4022999999863117e-05 562
1.404800000015527e-05 563
1.404899999979392e-05 564
1.4049999999876661e-05 565
1.4080000000138426e-05 566
1.4081000000221167e-05 567
1.4111000000038842e-05 568
1.4112000000121583e-05 569
1.4141999999939259e-05 570
1.4143000000021999e-05 569
1.4172000000201024e-05 570
1.4172999999839675e-05 571
1.420300000010144e-05 572
1.4232999999919116e-05 573
1.4263000000180881e-05 574
1.4263000000180881e-05 573
1.4263999999819532e-05 574
1.4264999999902273e-05 575
1.4267000000067753e-05 574
1.4270999999954626e-05 573
1.4274999999841498e-05 572
1.427900000017246e-05 571
1.4283000000059332e-05 570
1.4286999999946204e-05 569
1.4290999999833076e-05 568
1.4295000000164038e-05 569
1.4295999999802689e-05 570
1.4296999999885429e-05 571
1.4327000000147194e-05 572
1.4327999999785845e-05 573
1.4328999999868586e-05 574
1.4329999999951326e-05 575
1.4360000000213091e-05 576
1.4390000000030767e-05 577
1.4410999999991958e-05 576
1.441499999987883e-05 575
1.4419000000209792e-05 574
1.4419999999848443e-05 575
1.4420999999931183e-05 576
1.4422000000013924e-05 577
1.44519999998316e-05 578
1.4482000000093365e-05 579
1.4483000000176105e-05 580
1.4483999999814756e-05 581
1.4484999999897497e-05 582
1.4515000000159262e-05 583
1.4515999999797913e-05 584
1.4516999999880653e-05 585
1.4538999999924584e-05 584
1.4542999999811457e-05 583
1.4547000000142418e-05 584
1.4547000000142418e-05 583
1.4548000000225159e-05 584
1.454899999986381e-05 585
1.454999999994655e-05 586
1.4580000000208315e-05 587
1.4610000000025991e-05 588
1.4639999999843667e-05 589
1.4666999999857211e-05 588
1.4670000000105432e-05 589
1.4671000000188172e-05 590
1.4671000000188172e-05 589
1.4671999999826824e-05 590
1.4675000000075045e-05 589
1.4702000000088589e-05 590
1.4731999999906265e-05 591
1.4732999999989005e-05 592
1.4734000000071745e-05 593
1.4735000000154486e-05 594
1.4735999999793137e-05 595
1.4766000000054902e-05 596
1.4794999999789837e-05 595
1.4795999999872578e-05 596
1.4796999999955318e-05 597
1.4798000000038058e-05 598
1.4799000000120799e-05 597
1.4803000000007671e-05 596
1.4806999999894543e-05 595
1.4811000000225505e-05 594
1.4815000000112377e-05 593
1.4827999999855734e-05 594
1.4828999999938475e-05 595
1.485900000020024e-05 596
1.4859999999838891e-05 597
1.4860999999921631e-05 598
1.4862000000004372e-05 599
1.4863000000087112e-05 600
1.4864000000169852e-05 601
1.4893999999987528e-05 602
1.4923999999805204e-05 603
1.4924999999887945e-05 604
1.4925999999970685e-05 605
1.493499999982717e-05 604
1.4939000000158131e-05 603
1.4943000000045004e-05 602
1.4946999999931876e-05 601
1.4950999999818748e-05 600
1.495599999978836e-05 601
1.4956999999871101e-05 602
1.4987000000132866e-05 603
1.4988000000215607e-05 604
1.5018000000033283e-05 605
1.5047999999850958e-05 606
1.507099999997763e-05 605
1.5074999999864502e-05 604
1.5078000000112723e-05 605
1.5079000000195464e-05 606
1.5079000000195464e-05 605
1.5079999999834115e-05 606
1.5080999999916855e-05 607
1.5081999999999596e-05 608
1.5083000000082336e-05 607
1.5086999999969208e-05 606
1.5111999999817272e-05 607
1.5112999999900012e-05 608
1.5143000000161777e-05 609
1.5143999999800428e-05 610
1.5174000000062193e-05 611
1.5175000000144934e-05 612
1.5176000000227674e-05 613
1.5176999999866325e-05 614
1.520700000012809e-05 615
1.520700000012809e-05 614
1.520800000021083e-05 615
1.5208999999849482e-05 616
1.5211000000014963e-05 615
1.5214999999901835e-05 614
1.5218999999788707e-05 613
1.5223000000119669e-05 612
1.5227000000006541e-05 611
1.5239000000111247e-05 612
1.5240000000193987e-05 613
1.5270000000011663e-05 614
1.529999999982934e-05 615
1.530099999991208e-05 616
1.530199999999482e-05 617
1.530300000007756e-05 618
1.53040000001603e-05 619
1.5333999999977976e-05 620
1.5335000000060717e-05 621
1.5336000000143457e-05 622
1.5347000000165423e-05 621
1.5351000000052295e-05 620
1.5365999999961133e-05 621
1.5367000000043873e-05 622
1.5368000000126614e-05 623
1.539799999994429e-05 624
1.539900000002703e-05 625
1.540000000010977e-05 626
1.5429999999927446e-05 627
1.5431000000010187e-05 628
1.5432000000092927e-05 629
1.5433000000175667e-05 630
1.5462999999993343e-05 631
1.5464000000076084e-05 632
1.5465000000158824e-05 633
1.5471000000211177e-05 632
1.547500000009805e-05 631
1.547899999998492e-05 630
1.5482999999871794e-05 629
1.5487000000202755e-05 628
1.5491000000089628e-05 627
1.54949999999765e-05 628
1.5524999999794176e-05 629
1.5525999999876916e-05 630
1.555600000013868e-05 631
1.5585999999956357e-05 632
1.5587000000039097e-05 633
1.561099999980442e-05 632
1.5615000000135382e-05 631
1.5616000000218122e-05 632
1.5619000000022254e-05 631
1.5646000000035798e-05 632
1.5675999999853474e-05 633
1.5676999999936214e-05 634
1.5678000000018955e-05 635
1.570799999983663e-05 636
1.570899999991937e-05 637
1.5739000000181136e-05 638
1.5739000000181136e-05 637
1.5739999999819787e-05 638
1.5743000000068008e-05 637
1.574699999995488e-05 636
1.5750999999841753e-05 635
1.5755000000172714e-05 634
1.5759000000059586e-05 633
1.576299999994646e-05 632
1.5770000000081552e-05 633
1.5771000000164292e-05 634
1.580099999998197e-05 635
1.580200000006471e-05 636
1.580300000014745e-05 637
1.58039999997861e-05 638
1.580499999986884e-05 639
1.5835000000130606e-05 640
1.5836000000213346e-05 641
1.5836999999851997e-05 642
1.5837999999934738e-05 643
1.5868000000196503e-05 644
1.5873000000166115e-05 645
1.588300000010534e-05 644
1.5886999999992213e-05 643
1.5890999999879085e-05 642
1.5895000000210047e-05 641
1.589800000001418e-05 642
1.589900000009692e-05 643
1.589900000009692e-05 642
1.590299999998379e-05 641
1.5906999999870663e-05 640
1.5928999999914595e-05 641
1.595900000017636e-05 642
1.595999999981501e-05 643
1.596099999989775e-05 644
1.5961999999980492e-05 645
1.5963000000063232e-05 646
1.5992999999880908e-05 647
1.599399999996365e-05 648
1.6024000000225413e-05 649
1.6024999999864065e-05 650
1.6027000000029545e-05 649
1.605500000012583e-05 650
1.605600000020857e-05 651
1.605699999984722e-05 652
1.6087000000108986e-05 653
1.6088000000191727e-05 654
1.6118000000009403e-05 655
1.6119000000092143e-05 656
1.6120000000174883e-05 657
1.6120999999813534e-05 658
1.6147000000188427e-05 657
1.61510000000753e-05 658
1.61510000000753e-05 657
1.615200000015804e-05 658
1.615299999979669e-05 659
1.615399999987943e-05 660
1.6154999999962172e-05 659
1.6158999999849044e-05 658
1.6184000000141197e-05 659
1.6213999999958872e-05 660
1.6244000000220638e-05 661
1.6274000000038313e-05 662
1.6275000000121054e-05 663
1.6276000000203794e-05 664
1.6276999999842445e-05 665
1.6277999999925186e-05 666
1.6279000000007926e-05 667
1.6279000000007926e-05 666
1.6280000000090666e-05 667
1.6282999999894798e-05 666
1.628700000022576e-05 665
1.6291000000112632e-05 664
1.6294999999999504e-05 663
1.6298999999886377e-05 662
1.6303000000217338e-05 661
1.630700000010421e-05 660
1.6308999999825602e-05 661
1.6310999999991083e-05 660
1.6314999999877955e-05 659
1.6319000000208916e-05 658
1.632300000009579e-05 657
1.6339000000087367e-05 658
1.6368999999905043e-05 659
1.6369999999987783e-05 660
1.6371000000070524e-05 661
1.64009999998882e-05 662
1.640199999997094e-05 663
1.6431999999788616e-05 664
1.644299999981058e-05 663
1.6447000000141543e-05 662
1.6451000000028415e-05 661
1.6454999999915287e-05 660
1.646200000005038e-05 661
1.646300000013312e-05 662
1.646400000021586e-05 663
1.6464999999854513e-05 664
1.6465999999937253e-05 665
1.6496000000199018e-05 666
1.649699999983767e-05 667
1.649799999992041e-05 668
1.6528000000182175e-05 669
1.6528999999820826e-05 670
1.655799999999985e-05 671
1.655900000008259e-05 672
1.656000000016533e-05 673
1.6560999999803983e-05 674
1.657500000007417e-05 673
1.657899999996104e-05 672
1.6591000000065748e-05 673
1.6592000000148488e-05 674
1.659299999978714e-05 675
1.6623000000048904e-05 676
1.6624000000131645e-05 677
1.665399999994932e-05 678
1.665500000003206e-05 679
1.6684999999849737e-05 680
1.6685999999932477e-05 681
1.6687000000015217e-05 682
1.6699000000119923e-05 681
1.6716999999832893e-05 682
1.674700000009466e-05 683
1.67480000001774e-05 684
1.674899999981605e-05 685
1.6779000000077815e-05 686
1.6780000000160555e-05 687
1.680999999997823e-05 688
1.681100000006097e-05 689
1.6818999999834716e-05 688
1.6823000000165678e-05 687
1.682700000005255e-05 686
1.6830999999939422e-05 685
1.6840999999878647e-05 686
1.6841999999961388e-05 687
1.6843000000044128e-05 688
1.6872999999861804e-05 689
1.690300000012357e-05 690
1.690400000020631e-05 691
1.690499999984496e-05 692
1.69059999999277e-05 693
1.690700000001044e-05 694
1.6908000000093182e-05 695
1.6937999999910858e-05 696
1.6938999999993598e-05 697
1.694000000007634e-05 698
1.694100000015908e-05 699
1.694199999979773e-05 700
1.694299999988047e-05 701
1.694399999996321e-05 702
1.6951000000098304e-05 701
1.6954999999985176e-05 700
1.695899999987205e-05 699
1.6974000000224976e-05 700
1.700400000004265e-05 701
1.7033999999860328e-05 702
1.7034999999943068e-05 703
1.7036000000025808e-05 704
1.7065999999843484e-05 705
1.7066999999926225e-05 706
1.7068000000008965e-05 707
1.7069000000091705e-05 708
1.7070000000174446e-05 709
1.7070999999813097e-05 710
1.707900000003093e-05 709
1.7082999999917803e-05 708
1.7086999999804675e-05 707
1.7101000000074862e-05 708
1.7130999999892538e-05 709
1.7131999999975278e-05 710
1.713300000005802e-05 711
1.713400000014076e-05 712
1.7163999999958435e-05 713
1.71940000002202e-05 714
1.719499999985885e-05 715
1.7206999999963557e-05 714
1.721099999985043e-05 713
1.721500000018139e-05 712
1.7225000000120616e-05 713
1.7226000000203356e-05 714
1.7256000000021032e-05 715
1.7285999999838708e-05 716
1.728699999992145e-05 717
1.7317000000183214e-05 718
1.7334999999896183e-05 717
1.7339000000227145e-05 716
1.7343000000114017e-05 715
1.734700000000089e-05 716
1.734700000000089e-05 715
1.734800000008363e-05 716
1.7377999999901306e-05 717
1.7378999999984046e-05 718
1.7380000000066786e-05 719
1.7409999999884462e-05 720
1.7440000000146227e-05 721
1.746700000015977e-05 720
1.7469999999963903e-05 721
1.7471000000046644e-05 722
1.7471000000046644e-05 721
1.7472000000129384e-05 722
1.7473000000212124e-05 723
1.7473999999850776e-05 724
1.7474999999933516e-05 723
1.750400000011254e-05 724
1.750500000019528e-05 725
1.7535000000012957e-05 726
1.7564999999830633e-05 727
1.7565999999913373e-05 728
1.7595000000092398e-05 727
1.7596000000175138e-05 728
1.759699999981379e-05 729
1.759799999989653e-05 730
1.759899999997927e-05 731
1.7628999999796946e-05 732
1.765900000005871e-05 733
1.7688999999876387e-05 734
1.7689999999959127e-05 735
1.771499999980719e-05 734
1.7719000000138152e-05 733
1.7720000000220892e-05 734
1.7720999999859544e-05 735
1.7721999999942284e-05 736
1.7723000000025024e-05 735
1.775200000020405e-05 736
1.77529999998427e-05 737
1.775399999992544e-05 738
1.7784000000187206e-05 739
1.7784999999825857e-05 740
1.7815000000087622e-05 741
1.7816000000170362e-05 742
1.7843000000183906e-05 741
1.7845999999988038e-05 742
1.784700000007078e-05 743
1.7876999999888454e-05 744
1.7877999999971195e-05 745
1.7879000000053935e-05 746
1.790899999987161e-05 747
1.7934000000163763e-05 748
1.7939000000133376e-05 749
1.7940000000216116e-05 750
1.7940999999854768e-05 751
1.79629999998987e-05 750
1.7971000000116533e-05 751
1.7972000000199273e-05 752
1.7972999999837924e-05 753
1.7988999999829502e-05 754
1.800300000009969e-05 755
1.800400000018243e-05 756
1.8034000000000106e-05 757
1.806399999981778e-05 758
1.8064999999900522e-05 759
1.808300000005758e-05 758
1.8086999999944453e-05 757
1.8095000000162287e-05 758
1.8095999999800938e-05 759
1.809699999988368e-05 760
1.8127000000145443e-05 761
1.815699999996312e-05 762
1.8187000000224884e-05 763
1.8207000000103335e-05 762
1.821700000004256e-05 763
1.8246999999860236e-05 764
1.8277000000122e-05 765
1.8306999999939677e-05 766
1.8308000000022417e-05 767
1.8309000000105158e-05 768
1.8310000000187898e-05 769
1.8326999999818128e-05 768
1.833100000014909e-05 767
1.8340000000005574e-05 768
1.836999999982325e-05 769
1.837099999990599e-05 770
1.8401000000167755e-05 771
1.843099999998543e-05 772
1.8450999999863882e-05 771
1.8455000000194843e-05 770
1.8460999999803107e-05 771
1.8461999999885848e-05 772
1.8462999999968588e-05 773
1.8492999999786264e-05 774
1.8493999999869004e-05 775
1.8494999999951744e-05 776
1.852500000021351e-05 777
1.852599999985216e-05 778
1.8556000000113926e-05 779
1.8557000000196666e-05 780
1.8557999999835317e-05 781
1.8574999999909636e-05 780
1.8588000000097082e-05 781
1.8589000000179823e-05 782
1.8589999999818474e-05 783
1.862000000008024e-05 784
1.8649999999897915e-05 785
1.8650999999980655e-05 786
1.868099999979833e-05 787
1.8695000000068518e-05 786
1.8711000000060096e-05 787
1.8740999999877772e-05 788
1.8741999999960512e-05 789
1.8743000000043253e-05 790
1.8744000000125993e-05 791
1.8745000000208734e-05 792
1.8745999999847385e-05 793
1.877600000010915e-05 794
1.8805999999926826e-05 795
1.88150000002274e-05 794
1.8819000000114272e-05 793
1.8823000000001144e-05 792
1.883600000018859e-05 793
1.8836999999827242e-05 794
1.8837999999909982e-05 795
1.8868000000171747e-05 796
1.8897999999989423e-05 797
1.8899000000072164e-05 798
1.8900000000154904e-05 799
1.8900999999793555e-05 800
1.893100000005532e-05 801
1.893200000013806e-05 802
1.8943000000160026e-05 801
1.8961999999955736e-05 802
1.8963000000038477e-05 803
1.8964000000121217e-05 804
1.8993999999938893e-05 805
1.8995000000021633e-05 806
1.902499999983931e-05 807
1.9055000000101074e-05 808
1.9056000000183815e-05 809
1.906299999987482e-05 808
1.906700000020578e-05 807
1.908600000000149e-05 808
1.9115999999819167e-05 809
1.9116999999901907e-05 810
1.9119000000067388e-05 811
1.9147000000163672e-05 812
1.9147999999802323e-05 813
1.9178000000064088e-05 814
1.917900000014683e-05 815
1.917999999978548e-05 816
1.9186999999920573e-05 815
1.9190999999807445e-05 814
1.9195000000138407e-05 813
1.919900000002528e-05 812
1.920299999991215e-05 811
1.9210000000047245e-05 812
1.923999999986492e-05 813
1.9270000000126686e-05 814
1.9271000000209426e-05 815
1.9301000000027102e-05 816
1.9323000000071033e-05 815
1.9326999999957906e-05 814
1.9330999999844778e-05 815
1.9331999999927518e-05 816
1.933300000001026e-05 817
1.9362999999827935e-05 818
1.9363999999910675e-05 819
1.9364999999993415e-05 820
1.9366000000076156e-05 821
1.939599999989383e-05 822
1.9396999999976572e-05 823
1.9398000000059312e-05 824
1.9399000000142053e-05 825
1.9400000000224793e-05 826
1.9400999999863444e-05 827
1.943100000012521e-05 828
1.9447000000116788e-05 827
1.945100000000366e-05 826
1.9454999999890532e-05 825
1.9459000000221494e-05 824
1.9460999999942885e-05 825
1.9462000000025625e-05 826
1.9463000000108366e-05 825
1.94919999998433e-05 826
1.9522000000105066e-05 827
1.9523000000187807e-05 828
1.954499999978765e-05 829
1.9553000000005483e-05 830
1.9554000000088223e-05 831
1.958299999982316e-05 830
1.95839999999059e-05 831
1.958499999998864e-05 832
1.958700000015412e-05 831
1.9591000000040992e-05 830
1.9594999999927865e-05 829
1.9614999999806315e-05 830
1.9615999999889056e-05 831
1.9616999999971796e-05 832
1.9646999999789472e-05 833
1.9647999999872212e-05 834
1.9678000000133977e-05 835
1.9679000000216718e-05 836
1.9709000000034393e-05 837
1.9710000000117134e-05 838
1.9711000000199874e-05 839
1.9711999999838525e-05 840
1.9712999999921266e-05 841
1.9715000000086746e-05 840
1.971899999997362e-05 839
1.972299999986049e-05 838
1.9727000000191453e-05 837
1.9731000000078325e-05 836
1.9734999999965197e-05 835
1.974300000018303e-05 836
1.9773000000000707e-05 837
1.9802999999818383e-05 838
1.9833000000080148e-05 839
1.985500000012408e-05 838
1.9862999999897823e-05 839
1.989300000015959e-05 840
1.9922999999977264e-05 841
1.9924000000060005e-05 842
1.995399999987768e-05 843
1.997499999983887e-05 842
1.9979000000169833e-05 841
1.9984000000139446e-05 842
2.001399999995712e-05 843
2.0044000000218887e-05 844
2.0074000000036563e-05 845
2.0098999999884626e-05 844
2.010399999985424e-05 845
2.0134000000116004e-05 846
2.0135000000198744e-05 847
2.0135999999837395e-05 848
2.0136999999920135e-05 849
2.01670000001819e-05 850
2.016799999982055e-05 851
2.0168999999903292e-05 852
2.0169999999986032e-05 853
2.019999999980371e-05 854
2.0219000000043508e-05 853
2.022299999993038e-05 852
2.0226999999817252e-05 851
2.0230000000065473e-05 852
2.0231000000148214e-05 851
2.0235000000035086e-05 850
2.023899999992196e-05 849
2.025999999988315e-05 850
2.026099999996589e-05 851
2.026200000004863e-05 852
2.026300000013137e-05 853
2.026400000021411e-05 854
2.0264999999852762e-05 855
2.0295000000114527e-05 856
2.0324999999932203e-05 857
2.0326000000014943e-05 858
2.035599999983262e-05 859
2.035900000008084e-05 858
2.0386000000094384e-05 859
2.0387000000177125e-05 860
2.0387999999815776e-05 861
2.041800000007754e-05 862
2.041900000016028e-05 863
2.0419999999798932e-05 864
2.0420999999881673e-05 865
2.0421999999964413e-05 866
2.0423000000047153e-05 867
2.0424000000129894e-05 868
2.045399999994757e-05 869
2.045500000003031e-05 870
2.045600000011305e-05 871
2.045700000019579e-05 872
2.0457999999834442e-05 873
2.0458999999917182e-05 874
2.0478999999795633e-05 873
2.0489000000178947e-05 874
2.04899999998176e-05 875
2.0520000000079364e-05 876
2.054999999989704e-05 877
2.055099999997978e-05 878
2.0580999999797456e-05 879
2.0581999999880196e-05 880
2.0582999999962936e-05 881
2.0598999999954515e-05 880
2.06130000002247e-05 881
2.0643000000042377e-05 882
2.0644000000125118e-05 883
2.0645000000207858e-05 884
2.0675000000025534e-05 885
2.0681000000077887e-05 886
2.070499999984321e-05 887
2.070599999992595e-05 888
2.0719000000113397e-05 887
2.0736000000187715e-05 888
2.0736999999826367e-05 889
2.0737999999909107e-05 890
2.0738999999991847e-05 891
2.0768999999809523e-05 892
2.0769999999892264e-05 893
2.0770999999975004e-05 894
2.080099999979268e-05 895
2.080199999987542e-05 896
2.080299999995816e-05 897
2.0833000000219926e-05 898
2.083899999982819e-05 897
2.084300000015915e-05 896
2.0847000000046023e-05 895
2.0850999999932895e-05 894
2.0853000000098376e-05 895
2.08630000000376e-05 896
2.0892999999855277e-05 897
2.0893999999938018e-05 898
2.0924000000199783e-05 899
2.0924999999838434e-05 900
2.09550000001002e-05 901
2.095600000018294e-05 902
2.0971000000091777e-05 901
2.0986000000000615e-05 902
2.0987000000083356e-05 903
2.0988000000166096e-05 904
2.1017999999983772e-05 905
2.1047999999801448e-05 906
2.1048999999884188e-05 907
2.1079000000145953e-05 908
2.1080000000228694e-05 909
2.1080999999867345e-05 910
2.1081999999950085e-05 911
2.1083000000032825e-05 912
2.109099999980657e-05 911
2.109500000013753e-05 910
2.1099000000024404e-05 909
2.11129999998505e-05 910
2.1113999999933242e-05 911
2.1144000000195007e-05 912
2.1174000000012683e-05 913
2.1175000000095423e-05 914
2.12049999999131e-05 915
2.1219000000183286e-05 914
2.1235000000174864e-05 915
2.1235999999813515e-05 916
2.126600000007528e-05 917
2.126700000015802e-05 918
2.1267999999796672e-05 919
2.1268999999879412e-05 920
2.1269999999962153e-05 921
2.1271000000044893e-05 922
2.1277000000097246e-05 923
2.130099999986257e-05 924
2.1331000000124334e-05 925
2.1332000000207074e-05 926
2.133899999989808e-05 925
2.136200000002475e-05 926
2.136300000010749e-05 927
2.1392999999925166e-05 928
2.1394000000007907e-05 929
2.1395000000090647e-05 930
2.1424999999908323e-05 931
2.1425999999991063e-05 932
2.145599999980874e-05 933
2.145699999989148e-05 934
2.145900000005696e-05 933
2.1462999999943833e-05 932
2.1466999999830705e-05 931
2.1471000000161666e-05 930
2.147500000004854e-05 929
2.147899999993541e-05 928
2.1482999999822283e-05 927
2.1487000000153245e-05 928
2.1487000000153245e-05 927
2.1491000000040117e-05 926
2.151699999997092e-05 927
2.151800000005366e-05 928
2.15190000001364e-05 929
2.152000000021914e-05 930
2.1520999999857793e-05 931
2.1551000000119558e-05 932
2.1580999999937234e-05 933
2.1611000000199e-05 934
2.1611000000199e-05 933
2.161199999983765e-05 934
2.161500000008587e-05 933
2.1618999999972743e-05 932
2.1622999999859616e-05 931
2.1642000000099415e-05 932
2.167199999991709e-05 933
2.167299999999983e-05 934
2.1702999999817507e-05 935
2.1703999999900248e-05 936
2.1734000000162013e-05 937
2.1743000000018498e-05 936
2.176399999997969e-05 937
2.176500000006243e-05 938
2.1794999999880105e-05 939
2.1795999999962845e-05 940
2.182600000022461e-05 941
2.1856000000042286e-05 942
2.1857000000125026e-05 943
2.186300000017738e-05 942
2.1886999999942702e-05 943
2.1917000000204467e-05 944
2.191799999984312e-05 945
2.1948000000104884e-05 946
2.1949000000187624e-05 947
2.19790000000053e-05 948
2.1982999999892172e-05 947
2.2008999999822976e-05 948
2.203900000008474e-05 949
2.2068999999902417e-05 950
2.2069999999985157e-05 951
2.2099999999802833e-05 952
2.2100999999885573e-05 953
2.2103000000051054e-05 952
2.213100000014734e-05 953
2.2160999999965014e-05 954
2.219100000022678e-05 955
2.219199999986543e-05 956
2.2222000000127196e-05 957
2.2223000000209936e-05 956
2.2227000000096808e-05 955
2.223099999998368e-05 954
2.2234999999870553e-05 953
2.225199999994487e-05 954
2.2253000000027612e-05 955
2.2254000000110352e-05 956
2.2283999999928028e-05 957
2.228500000001077e-05 958
2.2314999999828444e-05 959
2.234500000009021e-05 960
2.234600000017295e-05 961
2.2355000000029435e-05 960
2.2375999999990626e-05 961
2.24059999998083e-05 962
2.2436000000070067e-05 963
2.2437000000152807e-05 964
2.2466999999970483e-05 965
2.2468000000053223e-05 966
2.2475000000188317e-05 965
2.247900000007519e-05 964
2.248299999996206e-05 963
2.2486999999848933e-05 962
2.2491000000179895e-05 961
2.24979999998709e-05 962
2.249899999995364e-05 963
2.250000000003638e-05 964
2.2529999999854056e-05 965
2.2530999999936796e-05 966
2.2532000000019536e-05 967
2.2533000000102277e-05 968
2.2562999999919953e-05 969
2.2564000000002693e-05 970
2.2565000000085433e-05 971
2.259499999990311e-05 972
2.2610999999894688e-05 971
2.261500000022565e-05 970
2.2625000000164874e-05 971
2.2625999999803525e-05 972
2.2626999999886266e-05 973
2.265700000014803e-05 974
2.2657999999786682e-05 975
2.2658999999869422e-05 976
2.2689000000131188e-05 977
2.2690000000213928e-05 978
2.2720000000031604e-05 979
2.2734999999940442e-05 978
2.2738999999827314e-05 977
2.2743000000158275e-05 976
2.2747000000045148e-05 975
2.274999999984928e-05 976
2.275099999993202e-05 975
2.2780000000111045e-05 976
2.280999999992872e-05 977
2.2840000000190486e-05 978
2.2840999999829137e-05 979
2.2841999999911877e-05 980
2.2842999999994618e-05 981
2.2844000000077358e-05 982
2.2871000000090902e-05 981
2.2873999999895034e-05 982
2.2874999999977774e-05 983
2.2876000000060515e-05 984
2.290599999987819e-05 985
2.290699999996093e-05 986
2.2937000000222696e-05 987
2.2967000000040372e-05 988
2.2968000000123112e-05 989
2.2969000000205853e-05 990
2.2990999999805695e-05 989
2.2995000000136656e-05 988
2.299900000002353e-05 989
2.299900000002353e-05 988
2.30029999999104e-05 987
2.3028999999841204e-05 988
2.305900000010297e-05 989
2.306000000018571e-05 990
2.306099999982436e-05 991
2.30619999999071e-05 992
2.3092000000168866e-05 993
2.3092999999807517e-05 994
2.3093999999890258e-05 995
2.3094999999972998e-05 996
2.3123000000069283e-05 995
2.3124999999790674e-05 996
2.3126999999956155e-05 995
2.3130999999843027e-05 994
2.313500000017399e-05 993
2.315500000005244e-05 994
2.315600000013518e-05 995
2.3185999999952855e-05 996
2.3187000000035596e-05 997
2.3188000000118336e-05 998
2.3217999999936012e-05 999
2.3248000000197777e-05 1000
2.3248999999836428e-05 1001
2.324999999991917e-05 1002
2.325100000000191e-05 1003
2.325499999988878e-05 1002
2.3259000000219743e-05 1001
2.3263000000106615e-05 1000
2.3266999999993487e-05 999
2.327099999988036e-05 998
2.327500000021132e-05 997
2.3280999999819585e-05 998
2.3281999999902325e-05 999
2.3282999999985066e-05 1000
2.3284000000067806e-05 1001
2.3285000000150546e-05 1002
2.3285999999789198e-05 1003
2.3316000000050963e-05 1004
2.3317000000133703e-05 1005
2.3318000000216443e-05 1006
2.334800000003412e-05 1007
2.334900000011686e-05 1008
2.3378999999934535e-05 1009
2.3394999999926114e-05 1008
2.3398999999812986e-05 1007
2.3403000000143948e-05 1006
2.340700000003082e-05 1005
2.34090000001963e-05 1006
2.3439000000013976e-05 1007
2.3468999999831652e-05 1008
2.3499000000093417e-05 1009
2.3500000000176158e-05 1010
2.3527000000189702e-05 1009
2.3529999999993834e-05 1010
2.3531000000076574e-05 1011
2.3531000000076574e-05 1010
2.3532000000159314e-05 1011
2.3532999999797966e-05 1012
2.3534999999963446e-05 1011
2.353899999985032e-05 1010
2.356300000005973e-05 1011
2.3592999999877406e-05 1012
2.3597000000208368e-05 1013
2.362300000013917e-05 1014
2.3652999999956847e-05 1015
2.3654000000039588e-05 1016
2.3655000000122328e-05 1017
2.36590000000092e-05 1016
2.3662999999896073e-05 1015
2.3684999999940004e-05 1016
2.371500000020177e-05 1017
2.371599999984042e-05 1018
2.3746000000102185e-05 1019
2.3747000000184926e-05 1020
2.3747999999823577e-05 1021
2.3748999999906317e-05 1022
2.3779000000168082e-05 1023
2.3779999999806734e-05 1024
2.3783000000054955e-05 1023
2.38100000000685e-05 1024
2.3839999999886174e-05 1025
2.3840999999968915e-05 1026
2.387099999978659e-05 1027
2.387199999986933e-05 1028
2.3902000000131096e-05 1029
2.3903000000213837e-05 1028
2.390700000010071e-05 1027
2.3931999999948772e-05 1028
2.3962000000210537e-05 1029
2.3962999999849188e-05 1030
2.396399999993193e-05 1031
2.3994000000193694e-05 1032
2.402400000001137e-05 1033
2.40269999998155e-05 1032
2.4053999999829045e-05 1033
2.4054999999911786e-05 1034
2.408500000017355e-05 1035
2.4114999999991227e-05 1036
2.4116000000073967e-05 1037
2.4145999999891643e-05 1038
2.4146999999974383e-05 1039
2.4146999999974383e-05 1038
2.4148000000057124e-05 1039
2.41779999998748e-05 1040
2.417899999995754e-05 1041
2.418000000004028e-05 1042
2.4209999999857956e-05 1043
2.4210999999940697e-05 1044
2.4241000000202462e-05 1045
2.4241999999841113e-05 1046
2.4242999999923853e-05 1047
2.4267000000133265e-05 1046
2.4271000000020138e-05 1045
2.427300000018562e-05 1046
2.427399999982427e-05 1047
2.427499999990701e-05 1048
2.4305000000168775e-05 1049
2.4305999999807426e-05 1050
2.433600000006919e-05 1051
2.4365999999886867e-05 1052
2.4366999999969607e-05 1053
2.4368000000052348e-05 1054
2.4369000000135088e-05 1055
2.437000000021783e-05 1056
2.439100000017902e-05 1055
2.4395000000065892e-05 1054
2.4398999999952764e-05 1053
2.4400000000035504e-05 1054
2.4401000000118245e-05 1055
2.4402000000200985e-05 1056
2.4402999999839636e-05 1055
2.4407000000170598e-05 1054
2.441100000005747e-05 1053
2.4414999999944342e-05 1052
2.4418999999831215e-05 1051
2.443200000001866e-05 1052
2.44330000001014e-05 1053
2.4462999999919077e-05 1054
2.4493000000180842e-05 1055
2.4493999999819493e-05 1056
2.4494999999902234e-05 1057
2.4525000000164e-05 1058
2.452599999980265e-05 1059
2.4538999999990097e-05 1058
2.4556000000064415e-05 1059
2.458599999988209e-05 1060
2.4616000000143856e-05 1061
2.4645999999961532e-05 1062
2.465900000014898e-05 1061
2.466300000003585e-05 1060
2.4666999999922723e-05 1059
2.4670999999809595e-05 1058
2.4676000000223297e-05 1059
2.4676999999861948e-05 1060
2.4707000000123713e-05 1061
2.4708000000206454e-05 1062
2.4708999999845105e-05 1063
2.473900000010687e-05 1064
2.4768999999924546e-05 1065
2.4770000000007286e-05 1066
2.4771000000090027e-05 1067
2.4790999999968477e-05 1066
2.4800999999907702e-05 1067
2.4831000000169468e-05 1068
2.483199999980812e-05 1069
2.4862000000069884e-05 1070
2.489199999988756e-05 1071
2.48929999999703e-05 1072
2.491100000012736e-05 1071
2.491500000001423e-05 1070
2.4922999999787976e-05 1071
2.4923999999870716e-05 1072
2.4924999999953457e-05 1073
2.4926000000036197e-05 1074
2.4955999999853873e-05 1075
2.4986000000115638e-05 1076
2.4987000000198378e-05 1077
2.498799999983703e-05 1078
2.5018000000098795e-05 1079
2.5035000000173113e-05 1078
2.504799999991647e-05 1079
2.5078000000178235e-05 1080
2.5078999999816887e-05 1081
2.5109000000078652e-05 1082
2.5138999999896328e-05 1083
2.5139999999979068e-05 1084
2.5154999999887906e-05 1083
2.5159000000218867e-05 1082
2.516300000010574e-05 1081
2.5166999999992612e-05 1080
2.5169999999796744e-05 1081
2.520000000005851e-05 1082
2.5229999999876185e-05 1083
2.526000000013795e-05 1084
2.5287000000151494e-05 1083
2.5289999999955626e-05 1084
2.532000000021739e-05 1085
2.5350000000035067e-05 1086
2.5379999999852743e-05 1087
2.5406999999866287e-05 1086
2.5410000000114508e-05 1087
2.5411000000197248e-05 1086
2.5439999999932184e-05 1087
2.547000000019395e-05 1088
2.5500000000011624e-05 1089
2.55299999998293e-05 1090
2.553099999991204e-05 1089
2.5560000000091065e-05 1090
2.558999999990874e-05 1091
2.5620000000170506e-05 1092
2.5649999999988182e-05 1093
2.5651000000070923e-05 1092
2.5679999999805858e-05 1093
2.5710000000067623e-05 1094
2.57399999998853e-05 1095
2.5770000000147064e-05 1096
2.5770999999785715e-05 1095
2.5775000000116677e-05 1094
2.579999999996474e-05 1095
2.5830000000226505e-05 1096
2.586000000004418e-05 1097
2.5889999999861857e-05 1098
2.589499999983147e-05 1097
2.589900000016243e-05 1096
2.5903000000049303e-05 1095
2.5906999999936176e-05 1094
2.5910999999823048e-05 1093
2.5920000000123622e-05 1094
2.5949999999941298e-05 1095
2.5980000000203063e-05 1096
2.601000000002074e-05 1097
2.603099999998193e-05 1096
2.6034999999868802e-05 1095
2.6039999999838415e-05 1096
2.607000000010018e-05 1097
2.6099999999917856e-05 1098
2.613000000017962e-05 1099
2.6155000000027684e-05 1098
2.6159999999997297e-05 1099
2.6189999999814972e-05 1100
2.6220000000076737e-05 1101
2.6249999999894413e-05 1102
2.6275000000186566e-05 1101
2.628000000015618e-05 1102
2.6309999999973854e-05 1103
2.633999999979153e-05 1104
2.6370000000053295e-05 1105
2.639499999990136e-05 1104
2.639899999978823e-05 1103
2.639999999987097e-05 1104
2.6403000000119192e-05 1103
2.6430000000132736e-05 1104
2.6459999999950412e-05 1105
2.6490000000212177e-05 1106
2.6520000000029853e-05 1107
2.6522999999833985e-05 1106
2.6527000000164946e-05 1105
2.653100000005182e-05 1104
2.653499999993869e-05 1103
2.654999999984753e-05 1104
2.6580000000109294e-05 1105
2.660999999992697e-05 1106
2.6640000000188735e-05 1107
2.6655000000097573e-05 1106
2.667000000000641e-05 1107
2.6699999999824087e-05 1108
2.6730000000085852e-05 1109
2.6759999999903528e-05 1110
2.6774999999812366e-05 1109
2.6790000000165293e-05 1110
2.680399999999139e-05 1111
2.6833999999809066e-05 1112
2.686400000007083e-05 1113
2.6893999999888507e-05 1114
2.6894999999971247e-05 1113
2.689899999985812e-05 1112
2.6924000000150272e-05 1113
2.6953999999967948e-05 1114
2.6983999999785624e-05 1115
2.701400000004739e-05 1116
2.7019000000017e-05 1115
2.7043999999865065e-05 1116
2.707400000012683e-05 1117
2.7103999999944506e-05 1118
2.713400000020627e-05 1119
2.7139000000175884e-05 1118
2.7143000000062756e-05 1117
2.7146999999949628e-05 1116
2.71509999998365e-05 1115
2.7155000000167462e-05 1114
2.7159000000054334e-05 1113
2.7162999999941206e-05 1112
2.7164000000023947e-05 1113
2.7193999999841623e-05 1114
2.7224000000103388e-05 1115
2.7253999999921064e-05 1116
2.7283000000100088e-05 1115
2.728400000018283e-05 1116
2.728699999998696e-05 1115
2.7290999999873833e-05 1114
2.7295000000204794e-05 1113
2.7299000000091667e-05 1112
2.730299999997854e-05 1111
2.730699999986541e-05 1110
2.7314000000000505e-05 1111
2.734399999981818e-05 1112
2.7374000000079945e-05 1113
2.740399999989762e-05 1114
2.7427000000024293e-05 1113
2.7434000000159386e-05 1114
2.7463999999977062e-05 1115
2.7493999999794738e-05 1116
2.7524000000056503e-05 1117
2.7547000000183175e-05 1116
2.7551000000070047e-05 1115
2.755399999987418e-05 1116
2.755499999995692e-05 1115
2.7558999999843792e-05 1114
2.7563000000174753e-05 1113
2.7567000000061626e-05 1112
2.7570999999948498e-05 1111
2.757499999983537e-05 1110
2.757900000016633e-05 1109
2.7583000000053204e-05 1108
2.7584000000135944e-05 1109
2.7586999999940076e-05 1108
2.759099999982695e-05 1107
2.759500000015791e-05 1106
2.7599000000044782e-05 1105
2.7602999999931654e-05 1104
2.7606999999818527e-05 1103
2.761399999995362e-05 1104
2.7644000000215385e-05 1105
2.767400000003306e-05 1106
2.7703999999850737e-05 1107
2.772699999997741e-05 1106
2.773099999986428e-05 1105
2.7734000000112502e-05 1106
2.7735000000195242e-05 1105
2.7763999999930178e-05 1106
2.7794000000191943e-05 1107
2.782400000000962e-05 1108
2.7852000000105903e-05 1109
2.7853999999827295e-05 1110
2.7854999999910035e-05 1109
2.7858999999796907e-05 1108
2.786300000012787e-05 1107
2.786700000001474e-05 1106
2.7870999999901613e-05 1105
2.788400000008906e-05 1106
2.7913999999906736e-05 1107
2.79440000001685e-05 1108
2.7973999999986177e-05 1109
2.7991000000060495e-05 1108
2.7994999999947368e-05 1107
2.8003999999803852e-05 1108
2.8034000000065618e-05 1109
2.8063999999883293e-05 1110
2.809400000014506e-05 1111
2.811500000010625e-05 1110
2.8123999999962734e-05 1111
2.81540000002245e-05 1112
2.8184000000042175e-05 1113
2.821399999985985e-05 1114
2.8234999999821042e-05 1113
2.8239000000152004e-05 1112
2.8243000000038876e-05 1111
2.8244000000121616e-05 1112
2.8246999999925748e-05 1111
2.825099999981262e-05 1110
2.8255000000143582e-05 1109
2.8259000000030454e-05 1108
2.8262999999917326e-05 1107
2.82669999998042e-05 1106
2.8273999999939292e-05 1107
2.8304000000201057e-05 1108
2.8334000000018733e-05 1109
2.836399999983641e-05 1110
2.838699999996308e-05 1109
2.8394000000098174e-05 1110
2.842399999991585e-05 1111
2.8454000000177615e-05 1112
2.848399999999529e-05 1113
2.8507000000121963e-05 1112
2.8513999999812967e-05 1113
2.8544000000074732e-05 1114
2.8573999999892408e-05 1115
2.8604000000154173e-05 1116
2.8626999999836755e-05 1115
2.8631000000167717e-05 1114
2.863399999997185e-05 1115
2.863500000005459e-05 1114
2.863899999994146e-05 1113
2.8642999999828334e-05 1112
2.8647000000159295e-05 1111
2.8663999999789525e-05 1112
2.869400000005129e-05 1113
2.8723999999868965e-05 1114
2.875400000013073e-05 1115
2.8766999999874088e-05 1114
2.8783999999948406e-05 1115
2.881400000021017e-05 1116
2.8844000000027847e-05 1117
2.8873999999845523e-05 1118
2.888700000003297e-05 1117
2.8890999999919842e-05 1116
2.8894999999806714e-05 1115
2.8899000000137676e-05 1114
2.8903000000024548e-05 1113
2.890400000010729e-05 1114
2.890699999991142e-05 1113
2.8910999999798292e-05 1112
2.8915000000129254e-05 1111
2.8919000000016126e-05 1110
2.8922999999903e-05 1109
2.892699999978987e-05 1108
2.8931000000120832e-05 1107
2.8933999999924964e-05 1108
2.896400000018673e-05 1109
2.8994000000004405e-05 1110
2.902399999982208e-05 1111
2.9050999999835625e-05 1110
2.9054000000083846e-05 1111
2.9083999999901522e-05 1112
2.9114000000163287e-05 1113
2.9143999999980963e-05 1114
2.9170999999994507e-05 1113
2.917399999979864e-05 1114
2.917499999988138e-05 1113
2.917900000021234e-05 1112
2.9183000000099213e-05 1111
2.9186999999986085e-05 1110
2.9190999999872957e-05 1109
2.919500000020392e-05 1108
2.919900000009079e-05 1107
2.9202999999977663e-05 1106
2.9204000000060404e-05 1107
2.9206999999864536e-05 1106
2.9211000000195497e-05 1105
2.921500000008237e-05 1104
2.9218999999969242e-05 1103
2.9222999999856114e-05 1102
2.9227000000187076e-05 1101
2.923399999987808e-05 1102
2.9264000000139845e-05 1103
2.929399999995752e-05 1104
2.9324000000219286e-05 1105
2.9346999999901868e-05 1104
2.935400000003696e-05 1105
2.9383999999854638e-05 1106
2.9414000000116403e-05 1107
2.944399999993408e-05 1108
2.946700000006075e-05 1107
2.9470999999947622e-05 1106
2.9474000000195844e-05 1107
2.9474999999834495e-05 1106
2.9479000000165456e-05 1105
2.948300000005233e-05 1104
2.950400000001352e-05 1105
2.9533999999831195e-05 1106
2.954700000001864e-05 1107
2.956400000009296e-05 1108
2.9593999999910636e-05 1109
2.960300000021121e-05 1108
2.96240000001724e-05 1109
2.9653999999990077e-05 1110
2.9683999999807753e-05 1111
2.9714000000069518e-05 1112
2.9722999999926003e-05 1111
2.9726999999812875e-05 1110
2.9743999999887194e-05 1111
2.977400000014896e-05 1112
2.9803999999966635e-05 1113
2.98340000002284e-05 1114
2.9846999999971757e-05 1113
2.985099999985863e-05 1112
2.9864000000046076e-05 1113
2.9893999999863752e-05 1114
2.9924000000125517e-05 1115
2.9953999999943193e-05 1116
2.997100000001751e-05 1115
2.9984000000204958e-05 1116
3.0014000000022634e-05 1117
3.004399999984031e-05 1118
3.0074000000102075e-05 1119
3.0091000000176393e-05 1118
3.010399999991975e-05 1119
3.0134000000181516e-05 1120
3.016399999999919e-05 1121
3.0193999999816867e-05 1122
3.0210999999891186e-05 1121
3.0224000000078632e-05 1122
3.0253999999896308e-05 1123
3.0284000000158073e-05 1124
3.031399999997575e-05 1125
3.0331000000050068e-05 1124
3.0343999999793425e-05 1125
3.037400000005519e-05 1126
3.0403999999872866e-05 1127
3.043400000013463e-05 1128
3.045100000020895e-05 1127
3.0455000000095822e-05 1126
3.0463999999952307e-05 1127
3.0494000000214072e-05 1128
3.052400000003175e-05 1129
3.0553999999849424e-05 1130
3.0574999999810615e-05 1129
3.058400000011119e-05 1130
3.0613999999928865e-05 1131
3.064400000019063e-05 1132
3.0674000000008306e-05 1133
3.06949999999695e-05 1132
3.069899999985637e-05 1131
3.070300000018733e-05 1130
3.070399999982598e-05 1131
3.073400000008775e-05 1132
3.076399999990542e-05 1133
3.079400000016719e-05 1134
3.082299999990212e-05 1133
3.0823999999984864e-05 1134
3.085399999980254e-05 1135
3.0884000000064304e-05 1136
3.091399999988198e-05 1137
3.0943000000061005e-05 1136
3.0944000000143745e-05 1137
3.094699999994788e-05 1136
3.095099999983475e-05 1135
3.095500000016571e-05 1134
3.097399999996142e-05 1135
3.1004000000223186e-05 1136
3.103400000004086e-05 1137
3.106399999985854e-05 1138
3.1074999999880504e-05 1137
3.1079000000211465e-05 1136
3.10940000001203e-05 1137
3.112399999993798e-05 1138
3.1154000000199744e-05 1139
3.118400000001742e-05 1140
3.119899999992626e-05 1139
3.120299999981313e-05 1138
3.120700000014409e-05 1137
3.1211000000030964e-05 1136
3.1213999999835096e-05 1137
3.1214999999917836e-05 1136
3.121899999980471e-05 1135
3.124400000009686e-05 1136
3.127399999991454e-05 1137
3.13040000001763e-05 1138
3.133399999999398e-05 1139
3.133899999996359e-05 1138
3.1363999999811654e-05 1139
3.139400000007342e-05 1140
3.1423999999891095e-05 1141
3.145400000015286e-05 1142
3.145900000012247e-05 1141
3.1463000000009345e-05 1140
3.146699999989622e-05 1139
3.147100000022718e-05 1138
3.1483999999970536e-05 1139
3.151399999978821e-05 1140
3.1544000000049977e-05 1141
3.157399999986765e-05 1142
3.159099999994197e-05 1141
3.160400000012942e-05 1142
3.163399999994709e-05 1143
3.166400000020886e-05 1144
3.1694000000026534e-05 1145
3.171100000010085e-05 1144
3.172399999984421e-05 1145
3.1754000000105975e-05 1146
3.1771999999818945e-05 1147
3.178399999992365e-05 1148
3.1814000000185416e-05 1149
3.1830999999815646e-05 1148
3.183500000014661e-05 1147
3.184400000000309e-05 1148
3.187399999982077e-05 1149
3.190400000008253e-05 1150
3.193399999990021e-05 1151
3.19549999998614e-05 1150
3.195900000019236e-05 1149
3.1964000000161974e-05 1150
3.199399999997965e-05 1151
3.2023999999797326e-05 1152
3.205400000005909e-05 1153
3.2078999999907154e-05 1152
3.2082999999794026e-05 1151
3.208399999987677e-05 1152
3.211400000013853e-05 1153
3.214399999995621e-05 1154
3.217400000021797e-05 1155
3.220299999995291e-05 1154
3.220400000003565e-05 1155
3.2233999999853324e-05 1156
3.226400000011509e-05 1157
3.2293999999932765e-05 1158
3.232300000011179e-05 1157
3.232400000019453e-05 1158
3.232699999999866e-05 1157
3.2330999999885535e-05 1156
3.2335000000216496e-05 1155
3.2354000000012206e-05 1156
3.238399999982988e-05 1157
3.241400000009165e-05 1158
3.244399999990932e-05 1159
3.245499999993129e-05 1158
3.245899999981816e-05 1157
3.247400000017109e-05 1158
3.2503999999988764e-05 1159
3.253399999980644e-05 1160
3.2564000000068205e-05 1161
3.257899999997704e-05 1160
3.259399999988588e-05 1161
3.2624000000147646e-05 1162
3.265399999996532e-05 1163
3.268400000022709e-05 1164
3.2699000000135925e-05 1163
3.27030000000228e-05 1162
3.271400000004476e-05 1163
3.274399999986244e-05 1164
3.2774000000124204e-05 1165
3.280399999994188e-05 1166
3.282300000018168e-05 1165
3.2834000000203645e-05 1166
3.286400000002132e-05 1167
3.2893999999838996e-05 1168
3.292400000010076e-05 1169
3.294299999989647e-05 1168
3.294700000022743e-05 1167
3.2951000000114306e-05 1166
3.295399999991844e-05 1167
3.295500000000118e-05 1166
3.29840000001802e-05 1167
3.301399999999788e-05 1168
3.3043999999815554e-05 1169
3.307400000007732e-05 1170
3.307500000016006e-05 1169
3.3103999999894995e-05 1170
3.313400000015676e-05 1171
3.3163999999974436e-05 1172
3.319399999979211e-05 1173
3.319499999987485e-05 1172
3.3199000000205814e-05 1171
3.3203000000092686e-05 1170
3.322400000005388e-05 1171
3.325399999987155e-05 1172
3.328400000013332e-05 1173
3.3313999999950994e-05 1174
3.332299999980748e-05 1173
3.332700000013844e-05 1172
3.333100000002531e-05 1171
3.3334999999912185e-05 1170
3.333899999979906e-05 1169
3.334400000021276e-05 1170
3.3374000000030435e-05 1171
3.340399999984811e-05 1172
3.3434000000109876e-05 1173
3.345899999995794e-05 1172
3.346399999992755e-05 1173
3.349400000018932e-05 1174
3.352400000000699e-05 1175
3.355399999982467e-05 1176
3.357900000011682e-05 1175
3.358300000000369e-05 1174
3.3584000000086434e-05 1175
3.3586999999890566e-05 1174
3.359100000022153e-05 1173
3.361399999990411e-05 1174
3.3644000000165875e-05 1175
3.367399999998355e-05 1176
3.3703999999801226e-05 1177
3.371099999993632e-05 1176
3.373400000006299e-05 1177
3.376399999988067e-05 1178
3.379400000014243e-05 1179
3.382399999996011e-05 1180
3.38310000000952e-05 1179
3.385400000022187e-05 1180
3.388400000003955e-05 1181
3.3913999999857225e-05 1182
3.394400000011899e-05 1183
3.3950999999809994e-05 1182
3.3955000000140956e-05 1181
3.395900000002783e-05 1180
3.39629999999147e-05 1179
3.396699999980157e-05 1178
3.3973999999936666e-05 1179
3.400400000019843e-05 1180
3.403400000001611e-05 1181
3.406399999983378e-05 1182
3.4086999999960454e-05 1181
3.409400000009555e-05 1182
3.4123999999913224e-05 1183
3.415400000017499e-05 1184
3.4183999999992665e-05 1185
3.4207000000119336e-05 1184
3.421399999981034e-05 1185
3.4244000000072106e-05 1186
3.427399999988978e-05 1187
3.4304000000151547e-05 1188
3.432699999983413e-05 1187
3.433399999996922e-05 1188
3.43639999997869e-05 1189
3.4394000000048663e-05 1190
3.442399999986634e-05 1191
3.444699999999301e-05 1190
3.445099999987988e-05 1189
3.4454000000128104e-05 1190
3.4455000000210845e-05 1189
3.445900000009772e-05 1188
3.446299999998459e-05 1187
3.448399999994578e-05 1188
3.4492999999802265e-05 1189
3.4514000000207545e-05 1190
3.454400000002522e-05 1191
3.45739999998429e-05 1192
3.458300000014347e-05 1191
3.460400000010466e-05 1192
3.463399999992234e-05 1193
3.46640000001841e-05 1194
3.469400000000178e-05 1195
3.4702999999858264e-05 1194
3.4723999999819455e-05 1195
3.475400000008122e-05 1196
3.4783999999898896e-05 1197
3.481400000016066e-05 1198
3.4823000000017146e-05 1197
3.482699999990402e-05 1196
3.483099999979089e-05 1195
3.483500000012185e-05 1194
3.484399999997834e-05 1195
3.487399999979601e-05 1196
3.490400000005778e-05 1197
3.4933999999875454e-05 1198
3.4954999999836645e-05 1197
3.496400000013722e-05 1198
3.4993999999954895e-05 1199
3.502400000021666e-05 1200
3.5054000000034335e-05 1201
3.5074999999995526e-05 1200
3.50789999998824e-05 1199
3.508300000021336e-05 1198
3.508399999985201e-05 1199
3.508700000010023e-05 1198
3.5114000000113776e-05 1199
3.514399999993145e-05 1200
3.517400000019322e-05 1201
3.520400000001089e-05 1202
3.5206999999815025e-05 1201
3.521100000014599e-05 1200
3.521500000003286e-05 1199
3.523399999982857e-05 1200
3.5264000000090334e-05 1201
3.529399999990801e-05 1202
3.5324000000169775e-05 1203
3.533500000019174e-05 1202
3.535399999998745e-05 1203
3.538399999980513e-05 1204
3.541400000006689e-05 1205
3.544399999988457e-05 1206
3.5454999999906534e-05 1205
3.547400000014633e-05 1206
3.550399999996401e-05 1207
3.5534000000225774e-05 1208
3.556400000004345e-05 1209
3.5575000000065415e-05 1208
3.5593999999861126e-05 1209
3.562400000012289e-05 1210
3.5653999999940567e-05 1211
3.568400000020233e-05 1212
3.56950000002243e-05 1211
3.571400000002001e-05 1212
3.5743999999837683e-05 1213
3.577400000009945e-05 1214
3.5803999999917124e-05 1215
3.581499999993909e-05 1214
3.583400000017889e-05 1215
3.5863999999996565e-05 1216
3.589399999981424e-05 1217
3.5924000000076006e-05 1218
3.593500000009797e-05 1217
3.595399999989368e-05 1218
3.598400000015545e-05 1219
3.601399999997312e-05 1220
3.60439999997908e-05 1221
3.6054999999812765e-05 1220
3.6059000000143726e-05 1219
3.60630000000306e-05 1218
3.6074000000052564e-05 1219
3.610399999987024e-05 1220
3.6134000000132005e-05 1221
3.616399999994968e-05 1222
3.618300000018948e-05 1221
3.618700000007635e-05 1220
3.6190999999963225e-05 1219
3.6194000000211446e-05 1220
3.61949999998501e-05 1219
3.619900000018106e-05 1218
3.620300000006793e-05 1217
3.622400000002912e-05 1218
3.62539999998468e-05 1219
3.628400000010856e-05 1220
3.631399999992624e-05 1221
3.632300000022681e-05 1220
3.6327000000113685e-05 1219
3.6344000000188004e-05 1220
3.637400000000568e-05 1221
3.6403999999823355e-05 1222
3.643400000008512e-05 1223
3.644699999982848e-05 1222
3.6463999999902796e-05 1223
3.649400000016456e-05 1224
3.652399999998224e-05 1225
3.655399999979991e-05 1226
3.656699999998736e-05 1225
3.657099999987423e-05 1224
3.657500000020519e-05 1223
3.658400000006168e-05 1224
3.6613999999879354e-05 1225
3.664400000014112e-05 1226
3.6673999999958795e-05 1227
3.6694999999919986e-05 1226
3.669899999980686e-05 1225
3.670300000013782e-05 1224
3.670400000022056e-05 1225
3.6734000000038236e-05 1226
3.676399999985591e-05 1227
3.679400000011768e-05 1228
3.682299999985261e-05 1227
3.682399999993535e-05 1228
3.685400000019712e-05 1229
3.6884000000014794e-05 1230
3.691399999983247e-05 1231
3.6943000000011494e-05 1230
3.6944000000094235e-05 1231
3.694699999989837e-05 1230
3.695100000022933e-05 1229
3.697399999991191e-05 1230
3.7004000000173676e-05 1231
3.703399999999135e-05 1232
3.706399999980903e-05 1233
3.707099999994412e-05 1232
3.707499999983099e-05 1231
3.7079000000161955e-05 1230
3.709400000007079e-05 1231
3.712399999988847e-05 1232
3.7154000000150234e-05 1233
3.718399999996791e-05 1234
3.719899999987675e-05 1233
3.7213999999785585e-05 1234
3.724400000004735e-05 1235
3.7273999999865026e-05 1236
3.730400000012679e-05 1237
3.731900000003563e-05 1236
3.733399999994447e-05 1237
3.736400000020623e-05 1238
3.739400000002391e-05 1239
3.7423999999841584e-05 1240
3.743900000019451e-05 1239
3.7443000000081383e-05 1238
3.745400000010335e-05 1239
3.7483999999921025e-05 1240
3.751400000018279e-05 1241
3.7544000000000466e-05 1242
3.7562999999796176e-05 1241
3.756700000012714e-05 1240
3.757100000001401e-05 1239
3.757399999981814e-05 1240
3.760400000007991e-05 1241
3.763399999989758e-05 1242
3.766400000015935e-05 1243
3.769100000017289e-05 1242
3.7693999999977024e-05 1243
3.7695000000059764e-05 1242
3.77239999997947e-05 1243
3.774099999986902e-05 1244
3.7754000000056465e-05 1245
3.778399999987414e-05 1246
3.7814000000135906e-05 1247
3.7815000000218646e-05 1246
3.781900000010552e-05 1245
3.782299999999239e-05 1244
3.784399999995358e-05 1245
3.7874000000215347e-05 1246
3.790400000003302e-05 1247
3.79339999998507e-05 1248
3.794300000015127e-05 1247
3.7947000000038145e-05 1246
3.795099999992502e-05 1245
3.795499999981189e-05 1244
3.796400000011246e-05 1245
3.799399999993014e-05 1246
3.8024000000191904e-05 1247
3.805400000000958e-05 1248
3.807499999997077e-05 1247
3.8083999999827256e-05 1248
3.811400000008902e-05 1249
3.81439999999067e-05 1250
3.817400000016846e-05 1251
3.819500000012965e-05 1250
3.8199000000016525e-05 1249
3.82029999999034e-05 1248
3.820399999998614e-05 1249
3.8233999999803814e-05 1250
3.826400000006558e-05 1251
3.8293999999883255e-05 1252
3.832300000006228e-05 1251
3.832400000014502e-05 1252
3.832699999994915e-05 1251
3.8330999999836024e-05 1250
3.8353999999962696e-05 1251
3.838400000022446e-05 1252
3.841400000004214e-05 1253
3.844399999985981e-05 1254
3.8450999999994906e-05 1253
3.847400000012158e-05 1254
3.8503999999939253e-05 1255
3.853400000020102e-05 1256
3.8564000000018694e-05 1257
3.857100000015379e-05 1256
3.857500000004066e-05 1255
3.857899999992753e-05 1254
3.859399999983637e-05 1255
3.8624000000098135e-05 1256
3.865399999991581e-05 1257
3.8684000000177576e-05 1258
3.8699000000086414e-05 1257
3.8702999999973287e-05 1256
3.870699999986016e-05 1255
3.871399999999525e-05 1256
3.874399999981293e-05 1257
3.877400000007469e-05 1258
3.880399999989237e-05 1259
3.882700000001904e-05 1258
3.883099999990591e-05 1257
3.8834000000154134e-05 1258
3.886399999997181e-05 1259
3.8893999999789486e-05 1260
3.892400000005125e-05 1261
3.8951000000064795e-05 1260
3.895399999986893e-05 1261
3.898400000013069e-05 1262
3.901399999994837e-05 1263
3.904400000021013e-05 1264
3.907100000022368e-05 1263
3.907400000002781e-05 1264
3.907500000011055e-05 1263
3.907899999999742e-05 1262
3.9103999999845485e-05 1263
3.913400000010725e-05 1264
3.9163999999924926e-05 1265
3.919400000018669e-05 1266
3.91990000001563e-05 1265
3.9203000000043176e-05 1264
3.920699999993005e-05 1263
3.921099999981692e-05 1262
3.9224000000004366e-05 1263
3.925399999982204e-05 1264
3.928400000008381e-05 1265
3.931399999990148e-05 1266
3.93309999999758e-05 1265
3.9334999999862674e-05 1264
3.9339000000193636e-05 1263
3.934300000008051e-05 1262
3.934400000016325e-05 1263
3.934699999996738e-05 1262
3.935099999985425e-05 1261
3.9355000000185214e-05 1260
3.9359000000072086e-05 1259
3.9373999999980924e-05 1260
3.94039999997986e-05 1261
3.9434000000060365e-05 1262
3.946399999987804e-05 1263
3.947899999978688e-05 1262
3.9494000000139806e-05 1263
3.952399999995748e-05 1264
3.955400000021925e-05 1265
3.958400000003692e-05 1266
3.959899999994576e-05 1265
3.960299999983263e-05 1264
3.9607000000163595e-05 1263
3.96139999998546e-05 1264
3.9644000000116364e-05 1265
3.967399999993404e-05 1266
3.9704000000195805e-05 1267
3.971599999985642e-05 1268
3.972699999987839e-05 1267
3.973100000020935e-05 1266
3.973400000001348e-05 1267
3.976399999983116e-05 1268
3.979400000009292e-05 1269
3.98239999999106e-05 1270
3.985099999992414e-05 1269
3.985400000017236e-05 1270
3.9854999999811014e-05 1269
3.988399999999004e-05 1270
3.9913999999807714e-05 1271
3.994400000006948e-05 1272
3.9973999999887155e-05 1273
3.9974999999969896e-05 1272
4.000400000014892e-05 1273
4.0033999999966596e-05 1274
4.006400000022836e-05 1275
4.009400000004604e-05 1276
4.009500000012878e-05 1275
4.009900000001565e-05 1274
4.012399999986371e-05 1275
4.015400000012548e-05 1276
4.0183999999943154e-05 1277
4.021400000020492e-05 1278
4.021900000017453e-05 1277
4.0244000000022595e-05 1278
4.024699999982673e-05 1279
4.027399999984027e-05 1280
4.0304000000102036e-05 1281
4.033399999991971e-05 1282
4.0338999999889324e-05 1281
4.036400000018148e-05 1282
4.039399999999915e-05 1283
4.042399999981683e-05 1284
4.0454000000078594e-05 1285
4.0459000000048206e-05 1284
4.046299999993508e-05 1283
4.046699999982195e-05 1282
4.048399999989627e-05 1283
4.0514000000158035e-05 1284
4.054399999997571e-05 1285
4.0573999999793386e-05 1286
4.058699999998083e-05 1285
4.0590999999867705e-05 1284
4.059500000019867e-05 1283
4.060400000005515e-05 1284
4.063399999987283e-05 1285
4.066400000013459e-05 1286
4.069399999995227e-05 1287
4.071499999991346e-05 1286
4.071899999980033e-05 1285
4.072300000013129e-05 1284
4.0724000000214033e-05 1285
4.0727000000018165e-05 1284
4.073099999990504e-05 1285
4.075400000003171e-05 1286
4.0783999999849385e-05 1287
4.081400000011115e-05 1288
4.0843999999928826e-05 1289
4.084700000017705e-05 1288
4.087400000019059e-05 1289
4.090400000000827e-05 1290
4.093399999982594e-05 1291
4.096400000008771e-05 1292
4.096699999989184e-05 1291
4.0993999999905384e-05 1292
4.102400000016715e-05 1293
4.1053999999984825e-05 1294
4.10839999998025e-05 1295
4.108700000005072e-05 1294
4.1090999999937594e-05 1293
4.1094999999824466e-05 1292
4.1114000000064266e-05 1293
4.114399999988194e-05 1294
4.117400000014371e-05 1295
4.120399999996138e-05 1296
4.121499999998335e-05 1295
4.123400000022315e-05 1296
4.1264000000040824e-05 1297
4.12939999998585e-05 1298
4.1324000000120265e-05 1299
4.133500000014223e-05 1298
4.13390000000291e-05 1297
4.1342999999915975e-05 1296
4.134699999980285e-05 1295
4.135399999993794e-05 1296
4.1384000000199705e-05 1297
4.141400000001738e-05 1298
4.144399999983506e-05 1299
4.146699999996173e-05 1298
4.14709999998486e-05 1297
4.147400000009682e-05 1298
4.147500000017956e-05 1297
4.148799999992292e-05 1298
4.15039999999145e-05 1299
4.153400000017626e-05 1300
4.156399999999394e-05 1301
4.1593999999811615e-05 1302
4.1594999999894355e-05 1301
4.159900000022532e-05 1300
4.160300000011219e-05 1299
4.160699999999906e-05 1298
4.162400000007338e-05 1299
4.1653999999891056e-05 1300
4.168400000015282e-05 1301
4.17139999999705e-05 1302
4.172700000015794e-05 1301
4.174399999978817e-05 1302
4.176099999986249e-05 1303
4.177400000004994e-05 1304
4.1803999999867614e-05 1305
4.183400000012938e-05 1306
4.1846999999872736e-05 1305
4.1863999999947055e-05 1306
4.189400000020882e-05 1307
4.1924000000026496e-05 1308
4.195399999984417e-05 1309
4.196700000003162e-05 1308
4.1984000000105937e-05 1309
4.201399999992361e-05 1310
4.204400000018538e-05 1311
4.2074000000003053e-05 1312
4.20870000001905e-05 1311
4.209100000007737e-05 1310
4.2094999999964244e-05 1309
4.210399999982073e-05 1310
4.2134000000082494e-05 1311
4.216399999990017e-05 1312
4.2194000000161935e-05 1313
4.2215000000123126e-05 1312
4.222399999997961e-05 1313
4.225399999979729e-05 1314
4.228400000005905e-05 1315
4.231399999987673e-05 1316
4.233499999983792e-05 1315
4.233900000016888e-05 1314
4.234300000005575e-05 1313
4.234400000013849e-05 1314
4.2346999999942625e-05 1313
4.23509999998295e-05 1312
4.237399999995617e-05 1313
4.2404000000217934e-05 1314
4.243400000003561e-05 1315
4.2463999999853286e-05 1316
4.247099999998838e-05 1315
4.249400000011505e-05 1316
4.252399999993273e-05 1317
4.255400000019449e-05 1318
4.258400000001217e-05 1319
4.259100000014726e-05 1318
4.259500000003413e-05 1317
4.2598999999921006e-05 1316
4.2613999999829844e-05 1317
4.2636999999956515e-05 1318
4.264400000009161e-05 1319
4.2673999999909284e-05 1320
4.270400000017105e-05 1321
4.271900000007989e-05 1320
4.272299999996676e-05 1319
4.2733999999988725e-05 1320
4.27639999998064e-05 1321
4.2794000000068166e-05 1322
4.282399999988584e-05 1323
4.284300000012564e-05 1322
4.2847000000012514e-05 1321
4.2850999999899386e-05 1320
4.285400000014761e-05 1321
4.285499999978626e-05 1320
4.285900000011722e-05 1319
4.286300000000409e-05 1318
4.288399999996528e-05 1319
4.291400000022705e-05 1320
4.2944000000044724e-05 1321
4.29739999998624e-05 1322
4.2983000000162974e-05 1321
4.3004000000124165e-05 1322
4.303399999994184e-05 1323
4.3064000000203606e-05 1324
4.309400000002128e-05 1325
4.310299999987777e-05 1324
4.310700000020873e-05 1323
4.31110000000956e-05 1322
4.312399999983896e-05 1323
4.315400000010072e-05 1324
4.31839999999184e-05 1325
4.3214000000180164e-05 1326
4.323099999981039e-05 1325
4.3235000000141355e-05 1324
4.324399999999784e-05 1325
4.3273999999815516e-05 1326
4.330400000007728e-05 1327
4.3333999999894957e-05 1328
4.335499999985615e-05 1327
4.335900000018711e-05 1326
4.336400000015672e-05 1327
4.33939999999744e-05 1328
4.342399999979207e-05 1329
4.345400000005384e-05 1330
4.34789999999019e-05 1329
4.3483999999871514e-05 1330
4.351400000013328e-05 1331
4.3543999999950955e-05 1332
4.357400000021272e-05 1333
4.3599000000060784e-05 1332
4.3604000000030396e-05 1333
4.363399999984807e-05 1334
4.366400000010984e-05 1335
4.369399999992751e-05 1336
4.3719000000219665e-05 1335
4.372300000010654e-05 1334
4.372400000018928e-05 1335
4.372699999999341e-05 1334
4.373099999988028e-05 1333
4.3735000000211244e-05 1332
4.3754000000006954e-05 1333
4.378399999982463e-05 1334
4.3814000000086395e-05 1335
4.384399999990407e-05 1336
4.3854999999926036e-05 1335
4.385899999981291e-05 1334
4.3874000000165836e-05 1335
4.390399999998351e-05 1336
4.393399999980119e-05 1337
4.396400000006295e-05 1338
4.397899999997179e-05 1337
4.398299999985866e-05 1336
4.399399999988063e-05 1337
4.4024000000142394e-05 1338
4.405399999996007e-05 1339
4.4084000000221835e-05 1340
4.4103000000017545e-05 1339
4.410699999990442e-05 1338
4.411099999979129e-05 1337
4.411400000003951e-05 1338
4.411500000012225e-05 1337
4.4143999999857186e-05 1338
4.417400000011895e-05 1339
4.420399999993663e-05 1340
4.423400000019839e-05 1341
4.4234999999837044e-05 1340
4.4239000000168005e-05 1339
4.424300000005488e-05 1338
4.426400000001607e-05 1339
4.4278999999924906e-05 1340
4.4293999999833744e-05 1341
4.432400000009551e-05 1342
4.4353999999913185e-05 1343
4.436300000021376e-05 1342
4.436700000010063e-05 1341
4.438400000017495e-05 1342
4.440500000013614e-05 1343
4.4413999999992626e-05 1344
4.44439999998103e-05 1345
4.447400000007207e-05 1346
4.4486999999815424e-05 1345
4.450399999988974e-05 1346
4.453400000015151e-05 1347
4.4563999999969184e-05 1348
4.459399999978686e-05 1349
4.4606999999974306e-05 1348
4.461099999986118e-05 1347
4.461500000019214e-05 1346
4.461900000007901e-05 1345
4.4622999999965884e-05 1344
4.4624000000048625e-05 1345
4.46539999998663e-05 1346
4.4684000000128066e-05 1347
4.471399999994574e-05 1348
4.4743000000124766e-05 1347
4.474400000020751e-05 1348
4.474700000001164e-05 1347
4.475099999989851e-05 1346
4.477400000002518e-05 1347
4.480399999984286e-05 1348
4.4834000000104623e-05 1349
4.48639999999223e-05 1350
4.487100000005739e-05 1349
4.4874999999944265e-05 1348
4.487899999983114e-05 1347
4.4894000000184064e-05 1348
4.492400000000174e-05 1349
4.4953999999819416e-05 1350
4.498400000008118e-05 1351
4.498400000008118e-05 1352
4.499899999999002e-05 1351
4.500299999987689e-05 1350
4.500700000020785e-05 1349
4.501399999989886e-05 1350
4.504400000016062e-05 1351
4.50739999999783e-05 1352
4.5103999999795974e-05 1353
4.511599999990068e-05 1354
4.5126999999922646e-05 1353
4.513099999980952e-05 1352
4.513400000005774e-05 1353
4.513500000014048e-05 1352
4.513900000002735e-05 1351
4.5163999999875415e-05 1352
4.519400000013718e-05 1353
4.5223999999954856e-05 1354
4.525400000021662e-05 1355
4.5259000000186234e-05 1354
4.5263000000073106e-05 1353
4.526699999995998e-05 1352
4.52840000000343e-05 1353
4.531399999985197e-05 1354
4.534400000011374e-05 1355
4.5373999999931414e-05 1356
4.538700000011886e-05 1355
4.540400000019318e-05 1356
4.5434000000010855e-05 1357
4.546399999982853e-05 1358
4.5494000000090296e-05 1359
4.550699999983365e-05 1358
4.5511000000164614e-05 1357
4.552399999990797e-05 1358
4.5554000000169736e-05 1359
4.558399999998741e-05 1360
4.561399999980509e-05 1361
4.563099999987941e-05 1360
4.564400000006685e-05 1361
4.5705000000229035e-05 1362
4.575100000003829e-05 1361
4.586400000006208e-05 1362
4.587100000019717e-05 1361
4.590300000018033e-05 1362
4.594199999985449e-05 1363
4.597200000011625e-05 1364
4.5990999999911963e-05 1363
4.602299999989512e-05 1364
4.604600000002179e-05 1365
4.6053000000156885e-05 1366
4.608299999997456e-05 1367
4.6111000000070845e-05 1366
4.611299999979224e-05 1367
4.620400000021618e-05 1368
4.623099999978564e-05 1367
4.62350000001166e-05 1366
4.623900000000347e-05 1365
4.633100000006607e-05 1366
4.6359000000162354e-05 1365
4.6363000000049226e-05 1364
4.642900000018102e-05 1365
4.648300000020811e-05 1364
4.648700000009498e-05 1363
4.6535000000069715e-05 1364
4.660699999980977e-05 1363
4.6611000000140734e-05 1362
4.662600000004957e-05 1363
4.665599999986725e-05 1364
4.673099999985553e-05 1363
4.673500000018649e-05 1362
4.673900000007336e-05 1361
4.674299999996023e-05 1360
4.6746999999847105e-05 1359
4.686700000000599e-05 1358
4.686999999981012e-05 1359
4.687099999989286e-05 1358
4.687500000022382e-05 1357
4.687900000011069e-05 1356
4.6998999999825486e-05 1355
4.704399999999609e-05 1356
4.7073999999813765e-05 1357
4.711899999998437e-05 1356
4.717900000006381e-05 1357
4.7208999999881485e-05 1358
4.723900000014325e-05 1359
4.723900000014325e-05 1358
4.724300000003012e-05 1357
4.7268999999960926e-05 1358
4.731099999988331e-05 1359
4.7363000000189004e-05 1358
4.7482999999903797e-05 1357
4.748699999979067e-05 1356
4.749100000012163e-05 1355
4.74950000000085e-05 1354
4.7498999999895375e-05 1353
4.75540000000052e-05 1354
4.758399999982288e-05 1355
4.7614000000084644e-05 1356
4.761900000005426e-05 1355
4.762299999994113e-05 1354
4.764399999990232e-05 1355
4.774300000010001e-05 1354
4.774699999998688e-05 1353
4.784199999985361e-05 1354
4.7867000000145765e-05 1353
4.787100000003264e-05 1352
4.787499999991951e-05 1351
4.799500000007839e-05 1350
4.7998999999965264e-05 1349
4.8039000000166254e-05 1350
4.806899999998393e-05 1351
4.8119000000124146e-05 1350
4.812300000001102e-05 1349
4.812699999989789e-05 1348
4.813100000022885e-05 1347
4.8152999999828694e-05 1348
4.820900000002126e-05 1349
4.823899999983894e-05 1350
4.8250999999943645e-05 1349
4.825499999983052e-05 1348
4.825900000016148e-05 1347
4.826300000004835e-05 1346
4.8269000000100704e-05 1347
4.82829999999268e-05 1348
4.838300000020723e-05 1347
4.8502999999922025e-05 1346
4.8538999999792054e-05 1347
4.858899999993227e-05 1348
4.862300000008091e-05 1347
4.8660000000033676e-05 1348
4.873100000013508e-05 1349
4.87429999997957e-05 1348
4.874700000012666e-05 1347
4.8751000000013534e-05 1346
4.8754999999900406e-05 1345
4.875899999978728e-05 1344
4.876300000011824e-05 1343
4.882300000019768e-05 1344
4.88660000002028e-05 1345
4.888299999983303e-05 1344
4.891900000014715e-05 1345
4.8948999999964826e-05 1346
4.9002999999991914e-05 1345
4.904700000007978e-05 1346
4.907699999989745e-05 1347
4.907799999998019e-05 1348
4.9123000000150796e-05 1347
4.91490000000816e-05 1348
4.924299999986559e-05 1347
4.924700000019655e-05 1346
4.925100000008342e-05 1345
4.9370999999798215e-05 1344
4.937500000012918e-05 1343
4.948100000001787e-05 1344
4.949499999984397e-05 1343
4.9522999999940254e-05 1344
4.95759999998846e-05 1345
4.9606000000146366e-05 1346
4.961500000000285e-05 1345
4.9618999999889724e-05 1344
4.9623000000220685e-05 1343
4.962700000010756e-05 1342
4.963099999999443e-05 1341
4.96540000001211e-05 1342
4.968399999993878e-05 1343
4.971400000020054e-05 1344
4.974400000001822e-05 1345
4.975100000015331e-05 1344
4.9755000000040184e-05 1343
4.9758999999927056e-05 1342
4.978400000021921e-05 1343
4.980300000001492e-05 1344
4.9814000000036884e-05 1345
4.984399999985456e-05 1346
4.987900000008594e-05 1345
4.988299999997281e-05 1344
4.9911000000069095e-05 1345
4.994099999988677e-05 1346
4.9971000000148535e-05 1347
5.000099999996621e-05 1348
5.000300000013169e-05 1347
5.0031000000227976e-05 1348
5.0066000000015265e-05 1349
5.0100999999802553e-05 1350
5.0122999999846485e-05 1349
5.0127000000177446e-05 1348
5.013100000006432e-05 1347
5.02510000002232e-05 1346
5.025500000011007e-05 1345
5.0258999999996945e-05 1344
5.037900000015583e-05 1343
5.03830000000427e-05 1342
5.0434999999904306e-05 1343
5.050300000020158e-05 1342
5.050700000008845e-05 1341
5.055500000006319e-05 1342
5.0584999999880864e-05 1343
5.061500000014263e-05 1344
5.0626999999803246e-05 1343
5.063100000013421e-05 1342
5.063500000002108e-05 1341
5.0682999999995815e-05 1342
5.071299999981349e-05 1343
5.075500000017996e-05 1342
5.080700000004157e-05 1343
5.0836999999859245e-05 1344
5.086700000012101e-05 1345
5.0874999999894754e-05 1344
5.0879000000225716e-05 1343
5.088300000011259e-05 1342
5.0896999999938686e-05 1343
5.092700000020045e-05 1344
5.095700000001813e-05 1345
5.100299999982738e-05 1344
5.100700000015834e-05 1343
5.103599999989328e-05 1344
5.106600000015504e-05 1345
5.109599999997272e-05 1346
5.1125999999790395e-05 1347
5.1126999999873135e-05 1346
5.1131000000204097e-05 1345
5.1170999999961e-05 1346
5.120100000022276e-05 1347
5.123100000004044e-05 1348
5.125099999991889e-05 1347
5.125499999980576e-05 1346
5.125900000013672e-05 1345
5.1260999999858115e-05 1346
5.1301000000059105e-05 1347
5.133099999987678e-05 1348
5.1378999999851516e-05 1347
5.143100000015721e-05 1348
5.144600000006605e-05 1349
5.14990000000104e-05 1348
5.150299999989727e-05 1347
5.150700000022823e-05 1346
5.1511000000115104e-05 1345
5.1515000000001976e-05 1344
5.151899999988885e-05 1343
5.154099999993278e-05 1344
5.1571000000194545e-05 1345
5.163900000004773e-05 1344
5.16429999999346e-05 1343
5.1646999999821475e-05 1342
5.1647999999904215e-05 1343
5.1651000000152436e-05 1342
5.165500000003931e-05 1341
5.165899999992618e-05 1340
5.166299999981305e-05 1339
5.1687000000022465e-05 1340
5.1782999999971935e-05 1339
5.190300000013082e-05 1338
5.190599999993495e-05 1339
5.1939000000000846e-05 1340
5.202299999984561e-05 1339
5.202700000017657e-05 1338
5.203100000006344e-05 1337
5.2151000000222325e-05 1336
5.21550000001092e-05 1335
5.215899999999607e-05 1334
5.216299999988294e-05 1333
5.21670000002139e-05 1332
5.2171000000100776e-05 1331
5.21949999998661e-05 1332
5.2285999999845956e-05 1333
5.229099999981557e-05 1332
5.2381000000156774e-05 1333
5.241099999997445e-05 1334
5.241099999997445e-05 1333
5.241499999986132e-05 1332
5.2419000000192284e-05 1331
5.2423000000079156e-05 1330
5.246799999980567e-05 1331
5.254299999979395e-05 1330
5.257900000010807e-05 1331
5.2612000000173964e-05 1332
5.266299999995283e-05 1331
5.26669999998397e-05 1330
5.2710999999927566e-05 1331
5.2786999999998585e-05 1330
5.279099999988546e-05 1329
5.283899999986019e-05 1330
5.291100000004434e-05 1329
5.303100000020322e-05 1328
5.3035000000090093e-05 1327
5.3154999999804886e-05 1326
5.3210999999997455e-05 1327
5.327499999996377e-05 1326
5.327899999985064e-05 1325
5.339900000000952e-05 1324
5.3402999999896394e-05 1323
5.3407000000227356e-05 1322
5.345500000020209e-05 1323
5.352699999994215e-05 1322
5.356299999981218e-05 1323
5.3598000000043555e-05 1324
5.364700000010103e-05 1323
5.3654999999874775e-05 1324
5.368500000013654e-05 1325
5.3714999999954216e-05 1326
5.376699999981582e-05 1325
5.3771000000146785e-05 1324
5.377500000003366e-05 1323
5.377899999992053e-05 1322
5.37829999998074e-05 1321
5.3810999999903686e-05 1322
5.3884999999809224e-05 1323
5.3902999999966283e-05 1322
5.3906999999853156e-05 1321
5.391500000007099e-05 1322
5.3944999999888665e-05 1323
5.402700000001204e-05 1322
5.4058999999995194e-05 1323
5.414700000017092e-05 1322
5.415100000005779e-05 1321
5.418300000004095e-05 1322
5.4271000000216674e-05 1321
5.4275000000103546e-05 1320
5.427899999999042e-05 1319
5.428299999987729e-05 1318
5.440300000003617e-05 1317
5.445100000001091e-05 1318
5.4523000000195054e-05 1317
5.458700000016137e-05 1318
5.464299999990985e-05 1317
5.464699999979672e-05 1316
5.469099999988458e-05 1317
5.47669999999556e-05 1316
5.4770999999842473e-05 1315
5.4775000000173435e-05 1314
5.489499999988823e-05 1313
5.489900000021919e-05 1312
5.490300000010606e-05 1311
5.491300000004529e-05 1312
5.494299999986296e-05 1313
5.5022999999820854e-05 1312
5.5027000000151816e-05 1311
5.5060999999856364e-05 1312
5.507099999979559e-05 1313
5.5101000000057354e-05 1314
5.514699999986661e-05 1313
5.515100000019757e-05 1312
5.5178000000211114e-05 1313
5.527099999991236e-05 1312
5.5274999999799235e-05 1311
5.53189999998871e-05 1312
5.539499999995812e-05 1311
5.539899999984499e-05 1310
5.540300000017595e-05 1309
5.5446999999819724e-05 1310
5.552299999989074e-05 1309
5.557099999986548e-05 1310
5.5602999999848635e-05 1311
5.56330000001104e-05 1312
5.5643000000049625e-05 1311
5.5662999999928076e-05 1312
5.576300000020851e-05 1311
5.576700000009538e-05 1310
5.577099999998225e-05 1309
5.5834999999948565e-05 1310
5.589100000014113e-05 1309
5.5895000000028006e-05 1308
5.589899999991488e-05 1307
5.5933000000063515e-05 1308
5.601900000007376e-05 1307
5.607499999982224e-05 1308
5.611500000002323e-05 1309
5.613899999978855e-05 1308
5.6143000000119514e-05 1307
5.614999999981052e-05 1308
5.626299999983431e-05 1307
5.626799999980392e-05 1308
5.6378000000023576e-05 1309
5.638299999999319e-05 1308
5.638699999988006e-05 1307
5.642399999983283e-05 1308
5.6455000000177336e-05 1309
5.6493000000212845e-05 1310
5.650700000003894e-05 1309
5.6510999999925815e-05 1308
5.651499999981269e-05 1307
5.652300000003052e-05 1308
5.657499999989213e-05 1309
5.663499999997157e-05 1308
5.664899999979767e-05 1309
5.667900000005943e-05 1310
5.670899999987711e-05 1311
5.673900000013887e-05 1312
5.675500000013045e-05 1311
5.6822999999983637e-05 1312
5.6874999999845244e-05 1311
5.694700000002939e-05 1312
5.6995000000004126e-05 1311
5.699999999997374e-05 1312
5.703800000000925e-05 1313
5.7067999999826924e-05 1314
5.709800000008869e-05 1315
5.711500000016301e-05 1314
5.7202999999894644e-05 1315
5.72349999998778e-05 1314
5.733099999982727e-05 1315
5.734500000009746e-05 1316
5.735500000003668e-05 1315
5.7358999999923554e-05 1314
5.736299999981043e-05 1313
5.736700000014139e-05 1312
5.744899999982067e-05 1313
5.748699999985618e-05 1312
5.7575000000031906e-05 1313
5.760700000001506e-05 1312
5.7610999999901935e-05 1311
5.7672000000064116e-05 1312
5.770299999996453e-05 1313
5.773100000006082e-05 1312
5.783099999989716e-05 1313
5.78510000002197e-05 1312
5.7877999999789154e-05 1313
5.790800000005092e-05 1314
5.795499999994291e-05 1315
5.797099999993449e-05 1314
5.7974999999821364e-05 1313
5.7979000000152325e-05 1312
5.807899999998867e-05 1313
5.809899999986712e-05 1312
5.810300000019808e-05 1311
5.810700000008495e-05 1310
5.8206999999921294e-05 1311
5.8226999999799745e-05 1310
5.8231000000130706e-05 1309
5.8327000000080176e-05 1310
5.83509999998455e-05 1309
5.835500000017646e-05 1308
5.835699999989785e-05 1309
5.835900000006333e-05 1308
5.838700000015962e-05 1309
5.839700000009884e-05 1310
5.8403999999789846e-05 1311
5.8479000000222214e-05 1310
5.8482000000026346e-05 1311
5.848300000010909e-05 1310
5.848699999999596e-05 1309
5.85470000000754e-05 1310
5.854999999987953e-05 1311
5.85800000001413e-05 1312
5.860700000015484e-05 1311
5.8672000000203894e-05 1312
5.870300000010431e-05 1313
5.8726999999869633e-05 1312
5.8731000000200595e-05 1311
5.883999999989342e-05 1312
5.885099999991539e-05 1311
5.888100000017715e-05 1312
5.895100000019582e-05 1313
5.897100000007427e-05 1312
5.909099999978906e-05 1313
5.909099999978906e-05 1312
5.9095000000120024e-05 1311
5.9099000000006896e-05 1310
5.910299999989377e-05 1309
5.910700000022473e-05 1308
5.91110000001116e-05 1307
5.916900000002556e-05 1308
5.9230999999826395e-05 1307
5.9235000000157356e-05 1308
5.935099999998528e-05 1307
5.935499999987215e-05 1308
5.947100000014416e-05 1307
5.947500000003103e-05 1306
5.94789999999179e-05 1305
5.9599000000076785e-05 1304
5.960299999996366e-05 1305
5.971899999979158e-05 1304
5.972300000012254e-05 1303
5.972700000000941e-05 1302
5.9730999999896284e-05 1301
5.974300000000099e-05 1302
5.984299999983733e-05 1303
5.9851000000055166e-05 1302
5.985499999994204e-05 1301
5.988199999995558e-05 1302
5.997500000010092e-05 1301
5.997899999998779e-05 1300
5.9982999999874664e-05 1299
6.0103000000033546e-05 1298
6.010699999992042e-05 1297
6.011500000013825e-05 1298
6.018599999979557e-05 1299
6.02270000000793e-05 1298
6.034699999979409e-05 1297
6.0351000000125055e-05 1296
6.036299999978567e-05 1297
6.0393000000047437e-05 1298
6.042299999986511e-05 1299
6.047099999983985e-05 1298
6.05880000001946e-05 1299
6.059099999999873e-05 1298
6.05949999998856e-05 1297
6.061800000001227e-05 1298
6.071500000004448e-05 1297
6.081999999985044e-05 1298
6.0835000000203365e-05 1297
6.083900000009024e-05 1296
6.093399999995697e-05 1297
6.095899999980503e-05 1296
6.096300000013599e-05 1295
6.0967000000022864e-05 1294
6.097900000012757e-05 1295
6.1008999999945246e-05 1296
6.108700000018175e-05 1295
6.109899999984236e-05 1296
6.115299999986945e-05 1297
6.118300000013122e-05 1298
6.120699999989654e-05 1297
6.121900000000124e-05 1298
6.132700000005542e-05 1297
6.133099999994229e-05 1296
6.13569999998731e-05 1297
6.145100000010117e-05 1296
6.157099999981597e-05 1295
6.157500000014693e-05 1294
6.15790000000338e-05 1293
6.159899999991225e-05 1294
6.162900000017402e-05 1295
6.165899999999169e-05 1296
6.169900000019268e-05 1295
6.170300000007956e-05 1294
6.170699999996643e-05 1293
6.17109999998533e-05 1292
6.1722999999958e-05 1293
6.183100000001218e-05 1292
6.183499999989905e-05 1291
6.183899999978593e-05 1290
6.184300000011689e-05 1289
6.184700000000376e-05 1288
6.185099999989063e-05 1287
6.18550000002216e-05 1288
6.190899999980459e-05 1289
6.197100000004951e-05 1288
6.197499999993639e-05 1289
6.208299999999056e-05 1290
6.20910000002084e-05 1289
6.209500000009527e-05 1288
6.211299999980824e-05 1289
6.214300000007e-05 1290
6.21760000001359e-05 1291
6.221499999981006e-05 1290
6.221900000014102e-05 1291
6.230299999998579e-05 1292
6.233499999996894e-05 1291
6.233899999985582e-05 1290
6.234700000007365e-05 1291
6.237699999989132e-05 1292
6.240700000015309e-05 1293
6.244099999985764e-05 1294
6.24590000000147e-05 1293
6.247500000000628e-05 1294
6.250499999982395e-05 1295
6.254100000013807e-05 1296
6.257900000017358e-05 1295
6.258300000006045e-05 1294
6.259900000005203e-05 1295
6.26480000001095e-05 1296
6.270300000021933e-05 1295
6.27070000001062e-05 1294
6.272300000009778e-05 1295
6.273699999992388e-05 1296
6.2826999999821e-05 1295
6.283100000015196e-05 1294
6.283500000003883e-05 1293
6.284700000014354e-05 1294
6.290600000014024e-05 1295
6.295500000019771e-05 1294
6.295900000008459e-05 1293
6.297500000007616e-05 1294
6.304100000020796e-05 1295
6.307899999979938e-05 1294
6.308300000013034e-05 1293
6.314899999981805e-05 1294
6.320299999984513e-05 1293
6.32070000001761e-05 1292
6.321100000006297e-05 1291
6.321499999994984e-05 1290
6.321899999983671e-05 1289
6.324300000004612e-05 1290
6.326299999992457e-05 1291
6.33389999999956e-05 1290
6.334299999988247e-05 1291
6.345900000015448e-05 1290
6.347099999981509e-05 1291
6.357899999986927e-05 1290
6.359099999997397e-05 1291
6.369900000002815e-05 1290
6.37069999998019e-05 1291
6.377299999993369e-05 1292
6.381900000018703e-05 1291
6.383199999993039e-05 1292
6.386200000019215e-05 1293
6.393899999990182e-05 1292
6.395900000022436e-05 1293
6.40590000000607e-05 1292
6.406299999994758e-05 1291
6.407199999980406e-05 1292
6.410200000006583e-05 1293
6.418300000010646e-05 1292
6.420699999987178e-05 1293
6.428899999999516e-05 1294
6.430299999982125e-05 1293
6.432700000003067e-05 1294
6.435699999984834e-05 1295
6.442299999998014e-05 1294
6.454300000013902e-05 1293
6.456699999990434e-05 1294
6.466299999985381e-05 1293
6.468700000006322e-05 1294
6.478300000001269e-05 1293
6.48070000002221e-05 1294
6.490300000017157e-05 1293
6.490700000005845e-05 1292
6.491099999994532e-05 1291
6.491499999983219e-05 1290
6.49390000000416e-05 1291
6.498700000001634e-05 1292
6.503499999999107e-05 1291
6.503899999987794e-05 1290
6.50430000002089e-05 1289
6.504600000001304e-05 1290
6.504700000009578e-05 1289
6.507599999983071e-05 1290
6.510600000009248e-05 1291
6.516699999981057e-05 1290
6.518299999980215e-05 1291
6.521300000006391e-05 1292
6.528699999996945e-05 1291
6.540700000012833e-05 1290
6.541100000001521e-05 1289
6.541499999990208e-05 1288
6.541899999978895e-05 1287
6.542300000011991e-05 1288
6.542300000011991e-05 1287
6.542700000000679e-05 1286
6.545299999993759e-05 1287
6.548300000019935e-05 1288
6.554700000016567e-05 1287
6.566699999988046e-05 1286
6.567100000021142e-05 1285
6.576499999999541e-05 1286
6.579099999992621e-05 1285
6.579499999981309e-05 1286
6.580900000008327e-05 1287
6.583899999990095e-05 1288
6.59110000000851e-05 1287
6.591499999997197e-05 1286
6.591899999985884e-05 1285
6.592100000002432e-05 1286
6.5950999999842e-05 1287
6.598100000010376e-05 1288
6.601099999992144e-05 1289
6.603900000001772e-05 1288
6.60410000001832e-05 1289
6.60429999999046e-05 1288
6.604699999979147e-05 1287
6.605100000012243e-05 1286
6.60550000000093e-05 1285
6.605899999989617e-05 1284
6.606300000022713e-05 1283
6.617900000005505e-05 1284
6.618299999994193e-05 1283
6.61869999998288e-05 1282
6.619100000015976e-05 1281
6.619500000004663e-05 1280
6.61989999999335e-05 1279
6.620299999982038e-05 1278
6.628300000022236e-05 1279
6.631300000004003e-05 1280
6.632299999997926e-05 1279
6.632699999986613e-05 1278
6.640299999993715e-05 1279
6.643300000019892e-05 1280
6.644700000002501e-05 1279
6.654299999997448e-05 1280
6.65670000001839e-05 1279
6.657100000007077e-05 1278
6.665599999999827e-05 1279
6.668599999981595e-05 1280
6.669099999978556e-05 1279
6.669500000011652e-05 1278
6.66990000000034e-05 1277
6.675699999991735e-05 1278
6.68030000001707e-05 1279
6.681900000016228e-05 1278
6.683299999998837e-05 1279
6.692299999988549e-05 1280
6.693899999987707e-05 1279
6.694300000020803e-05 1278
6.69470000000949e-05 1277
6.703699999999202e-05 1278
6.70669999998097e-05 1279
6.70669999998097e-05 1278
6.710400000020655e-05 1279
6.716300000020325e-05 1280
6.718699999996858e-05 1279
6.719300000002093e-05 1280
6.72229999998386e-05 1281
6.725300000010037e-05 1282
6.728299999991805e-05 1283
6.730700000012746e-05 1282
6.731100000001433e-05 1281
6.731300000017981e-05 1282
6.734900000004984e-05 1283
6.737899999986752e-05 1284
6.742699999984225e-05 1285
6.743100000017321e-05 1284
6.743500000006009e-05 1283
6.743899999994696e-05 1282
6.744299999983383e-05 1281
6.745700000010402e-05 1282
6.756299999999271e-05 1281
6.756699999987958e-05 1280
6.757100000021055e-05 1279
6.76290000001245e-05 1280
6.766100000010766e-05 1281
6.769099999992534e-05 1280
6.769499999981221e-05 1279
6.769900000014317e-05 1278
6.778699999987481e-05 1279
6.781700000013657e-05 1280
6.781899999985797e-05 1279
6.784699999995425e-05 1280
6.788200000018563e-05 1281
6.792300000002527e-05 1282
6.793900000001685e-05 1281
6.799300000004393e-05 1282
6.804300000018415e-05 1283
6.805900000017573e-05 1282
6.807300000000183e-05 1283
6.809399999996302e-05 1284
6.81029999998195e-05 1285
6.813300000008127e-05 1286
6.814699999990737e-05 1287
6.817899999989052e-05 1286
6.818300000022148e-05 1285
6.81949999998821e-05 1286
6.820900000015229e-05 1287
6.823899999996996e-05 1288
6.826899999978764e-05 1289
6.82990000000494e-05 1290
6.830299999993628e-05 1289
6.830699999982315e-05 1288
6.832899999986708e-05 1289
6.834900000018962e-05 1290
6.835900000012884e-05 1291
6.838899999994652e-05 1292
6.841900000020829e-05 1293
6.842699999998203e-05 1292
6.84309999998689e-05 1291
6.844900000002596e-05 1292
6.847899999984364e-05 1293
6.85090000001054e-05 1294
6.853899999992308e-05 1295
6.855100000002778e-05 1294
6.855499999991466e-05 1293
6.855899999980153e-05 1292
6.865900000008196e-05 1293
6.867899999996041e-05 1292
6.877899999979675e-05 1293
6.879900000011929e-05 1292
6.880300000000616e-05 1291
6.885300000014638e-05 1292
6.888299999996406e-05 1293
6.891300000022582e-05 1294
6.892300000016505e-05 1293
6.892700000005192e-05 1292
6.893099999993879e-05 1291
6.893499999982566e-05 1290
6.893900000015662e-05 1289
6.89430000000435e-05 1290
6.899700000007059e-05 1291
6.902699999988826e-05 1292
6.905899999987142e-05 1291
6.906300000020238e-05 1290
6.907400000022434e-05 1291
6.91129999998985e-05 1292
6.915099999993402e-05 1293
6.918100000019578e-05 1294
6.918299999991717e-05 1293
6.921100000001346e-05 1294
6.924099999983113e-05 1295
6.92710000000929e-05 1296
6.930099999991057e-05 1297
6.930300000007605e-05 1296
6.930699999996293e-05 1295
6.933799999986334e-05 1296
6.936800000012511e-05 1297
6.939799999994278e-05 1298
6.942700000012181e-05 1297
6.942800000020455e-05 1298
6.944200000003065e-05 1299
6.948199999978755e-05 1300
6.951200000004931e-05 1301
6.954199999986699e-05 1302
6.95469999998366e-05 1301
6.955100000016756e-05 1300
6.957200000012875e-05 1301
6.960199999994643e-05 1302
6.96320000002082e-05 1303
6.965200000008664e-05 1304
6.966699999999548e-05 1305
6.967099999988235e-05 1304
6.967500000021332e-05 1303
6.967900000010019e-05 1302
6.968299999998706e-05 1301
6.968699999987393e-05 1300
6.96910000002049e-05 1299
6.97309999999618e-05 1300
6.978700000015436e-05 1301
6.981099999991969e-05 1300
6.982099999985891e-05 1301
6.985100000012068e-05 1302
6.988099999993835e-05 1303
6.993100000007857e-05 1302
6.99929999998794e-05 1303
7.003099999991491e-05 1304
7.00450000001851e-05 1305
7.005099999979336e-05 1304
7.005500000012432e-05 1303
7.007500000000277e-05 1304
7.017499999983912e-05 1303
7.017900000017008e-05 1302
7.027900000000642e-05 1303
7.029899999988487e-05 1302
7.030300000021583e-05 1301
7.03070000001027e-05 1300
7.040400000013491e-05 1301
7.040699999993905e-05 1302
7.04269999998175e-05 1301
7.043100000014846e-05 1300
7.055099999986325e-05 1299
7.055500000019421e-05 1298
7.065500000003055e-05 1299
7.0674999999909e-05 1298
7.079100000018101e-05 1299
7.079500000006789e-05 1298
7.079899999995476e-05 1297
7.080299999984163e-05 1296
7.080700000017259e-05 1295
7.081100000005947e-05 1294
7.091099999989581e-05 1295
7.093100000021835e-05 1294
7.095700000014915e-05 1295
7.099500000018466e-05 1296
7.103100000005469e-05 1297
7.105099999993314e-05 1296
7.114500000016122e-05 1297
7.117100000009202e-05 1296
7.11749999999789e-05 1297
7.11749999999789e-05 1296
7.120499999979657e-05 1297
7.129500000013778e-05 1296
7.139100000008725e-05 1297
7.141499999985257e-05 1296
7.141900000018353e-05 1295
7.151099999980204e-05 1296
7.153899999989832e-05 1295
7.154300000022928e-05 1294
7.163499999984779e-05 1295
7.166299999994408e-05 1294
7.171400000016703e-05 1295
7.175500000000667e-05 1296
7.178300000010296e-05 1295
7.178699999998983e-05 1294
7.186400000014359e-05 1295
7.189399999996127e-05 1296
7.190700000014871e-05 1295
7.191100000003559e-05 1294
7.192400000022303e-05 1295
7.203100000019447e-05 1294
7.205700000012527e-05 1295
7.215099999990926e-05 1294
7.215499999979613e-05 1293
7.223500000019811e-05 1294
7.226500000001579e-05 1295
7.227499999995501e-05 1294
7.227600000003775e-05 1295
7.236499999985213e-05 1296
7.23950000001139e-05 1295
7.239900000000077e-05 1294
7.24870000001765e-05 1295
7.251699999999417e-05 1296
7.251900000015965e-05 1295
7.252300000004652e-05 1294
7.258099999996048e-05 1295
7.259499999978658e-05 1296
7.262500000004835e-05 1297
7.26430000002054e-05 1296
7.270799999981037e-05 1297
7.273800000007213e-05 1298
7.27629999999202e-05 1297
7.276799999988981e-05 1298
7.279800000015157e-05 1299
7.285200000017866e-05 1300
7.288199999999634e-05 1301
7.288300000007908e-05 1300
7.2998999999907e-05 1301
7.300299999979387e-05 1300
7.300700000012483e-05 1299
7.306299999987331e-05 1300
7.309400000021782e-05 1301
7.31240000000355e-05 1302
7.312699999983963e-05 1301
7.313100000017059e-05 1300
7.315600000001865e-05 1301
7.316999999984475e-05 1302
7.325099999988538e-05 1301
7.327199999984657e-05 1302
7.333400000009149e-05 1303
7.336399999990917e-05 1304
7.337100000004426e-05 1303
7.340900000007977e-05 1304
7.344800000019802e-05 1305
7.34780000000157e-05 1306
7.349100000020314e-05 1305
7.349500000009002e-05 1304
7.350799999983337e-05 1305
7.353800000009514e-05 1306
7.356799999991281e-05 1307
7.361099999991794e-05 1308
7.361499999980481e-05 1307
7.36410000001797e-05 1308
7.373499999996369e-05 1307
7.373899999985056e-05 1306
7.374300000018152e-05 1305
7.386299999989632e-05 1304
7.386700000022728e-05 1303
7.387299999983554e-05 1304
7.390300000009731e-05 1305
7.397300000011597e-05 1306
7.398699999994207e-05 1305
7.400299999993365e-05 1306
7.403300000019541e-05 1307
7.406300000001309e-05 1308
7.409299999983077e-05 1309
7.410700000010095e-05 1308
7.411099999998783e-05 1307
7.412300000009253e-05 1308
7.415299999991021e-05 1309
7.418300000017197e-05 1310
7.421299999998965e-05 1311
7.423100000014671e-05 1310
7.424299999980732e-05 1311
7.427300000006909e-05 1312
7.430299999988677e-05 1313
7.433300000014853e-05 1314
7.43509999998615e-05 1313
7.43629999999662e-05 1314
7.439300000022797e-05 1315
7.447100000002038e-05 1314
7.447499999990725e-05 1313
7.449199999998157e-05 1314
7.459500000006614e-05 1313
7.459899999995301e-05 1312
7.461700000011007e-05 1313
7.470700000000718e-05 1314
7.471900000011189e-05 1313
7.472299999999876e-05 1312
7.472699999988563e-05 1311
7.47570000001474e-05 1312
7.478699999996508e-05 1313
7.484700000004452e-05 1312
7.485099999993139e-05 1311
7.485499999981826e-05 1310
7.485900000014922e-05 1309
7.488299999991455e-05 1310
7.495299999993321e-05 1311
7.497899999986402e-05 1310
7.498300000019498e-05 1309
7.498700000008185e-05 1308
7.501500000017813e-05 1309
7.504799999979994e-05 1310
7.509500000013603e-05 1311
7.510699999979664e-05 1310
7.51249999999537e-05 1311
7.515500000021547e-05 1312
7.518500000003314e-05 1313
7.521499999985082e-05 1314
7.522699999995552e-05 1313
7.52309999998424e-05 1312
7.523500000017336e-05 1311
7.524500000011258e-05 1312
7.527499999993026e-05 1313
7.530500000019202e-05 1314
7.53350000000097e-05 1315
7.535499999988815e-05 1314
7.535900000021911e-05 1313
7.536300000010598e-05 1312
7.536499999982738e-05 1313
7.539500000008914e-05 1314
7.542499999990682e-05 1315
7.545500000016858e-05 1316
7.548299999982078e-05 1315
7.548499999998626e-05 1316
7.548700000015174e-05 1315
7.551499999980393e-05 1316
7.55450000000657e-05 1317
7.557499999988337e-05 1318
7.560500000014514e-05 1319
7.560699999986653e-05 1318
7.563499999996282e-05 1319
7.566500000022458e-05 1320
7.567900000005068e-05 1321
7.570899999986835e-05 1322
7.572700000002541e-05 1321
7.573900000013012e-05 1322
7.57689999999478e-05 1323
7.579900000020956e-05 1324
7.581300000003566e-05 1325
7.584299999985333e-05 1326
7.58470000001843e-05 1325
7.58730000001151e-05 1326
7.590299999993277e-05 1327
7.593300000019454e-05 1328
7.596300000001222e-05 1329
7.596699999989909e-05 1328
7.599299999982989e-05 1329
7.602300000009166e-05 1330
7.605299999990933e-05 1331
7.60830000001711e-05 1332
7.608700000005797e-05 1331
7.609099999994484e-05 1330
7.609499999983171e-05 1329
7.609900000016268e-05 1328
7.610300000004955e-05 1327
7.611299999998877e-05 1328
7.614299999980645e-05 1329
7.617300000006821e-05 1330
7.620299999988589e-05 1331
7.622300000020843e-05 1330
7.62270000000953e-05 1329
7.623099999998217e-05 1328
7.623300000014765e-05 1329
7.626299999996533e-05 1330
7.62930000002271e-05 1331
7.632300000004477e-05 1332
7.635100000014106e-05 1331
7.635299999986245e-05 1332
7.635500000002793e-05 1331
7.638300000012421e-05 1332
7.641299999994189e-05 1333
7.644300000020365e-05 1334
7.647300000002133e-05 1335
7.647500000018681e-05 1334
7.6502999999839e-05 1335
7.653300000010077e-05 1336
7.656299999991845e-05 1337
7.65949999999016e-05 1336
7.659899999978848e-05 1335
7.660300000011944e-05 1334
7.661300000005866e-05 1335
7.664299999987634e-05 1336
7.670299999995578e-05 1337
7.672299999983423e-05 1336
7.673300000021754e-05 1337
7.676300000003522e-05 1338
7.67929999998529e-05 1339
7.682300000011466e-05 1340
7.684299999999311e-05 1339
7.685299999993234e-05 1340
7.68830000001941e-05 1341
7.6922999999951e-05 1342
7.696300000015199e-05 1341
7.696700000003887e-05 1340
7.697099999992574e-05 1339
7.697499999981261e-05 1338
7.698699999991732e-05 1339
7.708000000006265e-05 1340
7.709499999997149e-05 1339
7.709899999985836e-05 1338
7.710300000018933e-05 1337
7.71070000000762e-05 1336
7.710999999988033e-05 1337
7.71400000001421e-05 1338
7.716999999995977e-05 1339
7.718399999978587e-05 1340
7.722699999979099e-05 1339
7.725700000005276e-05 1340
7.728699999987043e-05 1341
7.73170000001322e-05 1342
7.73309999999583e-05 1343
7.734699999994987e-05 1342
7.735099999983674e-05 1341
7.73829999998199e-05 1342
7.747099999999563e-05 1341
7.74749999998825e-05 1340
7.747700000004798e-05 1341
7.747900000021346e-05 1340
7.750699999986566e-05 1341
7.756199999997548e-05 1342
7.757000000019332e-05 1343
7.759899999992825e-05 1342
7.762700000002454e-05 1343
7.771900000008714e-05 1342
7.772299999997401e-05 1341
7.772699999986088e-05 1340
7.773100000019184e-05 1339
7.775100000007029e-05 1340
7.776499999989639e-05 1341
7.783200000011092e-05 1342
7.785099999990663e-05 1341
7.78549999997935e-05 1340
7.785900000012447e-05 1339
7.786300000001134e-05 1338
7.786699999989821e-05 1337
7.786799999998095e-05 1338
7.787100000022917e-05 1337
7.789399999991176e-05 1338
7.789799999979863e-05 1339
7.79280000000604e-05 1340
7.799099999994397e-05 1339
7.799400000019219e-05 1340
7.799499999983084e-05 1339
7.79990000001618e-05 1338
7.800300000004867e-05 1339
7.803299999986635e-05 1340
7.811899999987659e-05 1339
7.812300000020755e-05 1338
7.812700000009443e-05 1339
7.824299999992235e-05 1338
7.824699999980922e-05 1339
7.835999999983301e-05 1340
7.836300000008123e-05 1339
7.839000000009477e-05 1340
7.848299999979602e-05 1339
7.84849999999615e-05 1340
7.851500000022327e-05 1341
7.854500000004094e-05 1342
7.86029999999549e-05 1341
7.866500000019983e-05 1342
7.86950000000175e-05 1343
7.872300000011379e-05 1342
7.872499999983518e-05 1343
7.872700000000066e-05 1342
7.875500000009694e-05 1343
7.883199999980661e-05 1344
7.884700000015954e-05 1343
7.885100000004641e-05 1342
7.885499999993328e-05 1341
7.885899999982016e-05 1340
7.886700000003799e-05 1341
7.891299999984724e-05 1342
7.897899999997904e-05 1341
7.899100000008374e-05 1342
7.90959999998897e-05 1343
7.909900000013792e-05 1342
7.912600000015146e-05 1343
7.915999999985601e-05 1344
7.919000000011778e-05 1345
7.921899999985271e-05 1344
7.921999999993545e-05 1345
7.92590000000537e-05 1346
7.93390000000116e-05 1345
7.935899999989005e-05 1346
7.943399999987832e-05 1347
7.945900000017048e-05 1346
7.946300000005735e-05 1345
7.946699999994422e-05 1344
7.94829999999358e-05 1345
7.953599999988015e-05 1346
7.95870000001031e-05 1345
7.960300000009468e-05 1346
7.97069999998179e-05 1345
7.971100000014886e-05 1344
7.972700000014044e-05 1345
7.983099999986365e-05 1344
7.983500000019461e-05 1343
7.983900000008148e-05 1342
7.984299999996836e-05 1341
7.984699999985523e-05 1342
7.9877000000117e-05 1343
7.990699999993467e-05 1344
7.996300000012724e-05 1343
7.996700000001411e-05 1342
7.996999999981824e-05 1343
8.000000000008001e-05 1344
8.00660000002118e-05 1345
8.008700000017299e-05 1344
8.020699999988778e-05 1343
8.021100000021875e-05 1342
8.021500000010562e-05 1343
8.025900000019348e-05 1344
8.029899999995038e-05 1345
8.033099999993354e-05 1344
8.033499999982041e-05 1345
8.033499999982041e-05 1344
8.045499999997929e-05 1345
8.045499999997929e-05 1344
8.049199999993206e-05 1345
8.052499999999796e-05 1346
8.057500000013817e-05 1345
8.057900000002505e-05 1346
8.065299999993059e-05 1347
8.068300000019235e-05 1348
8.069499999985297e-05 1347
8.069900000018393e-05 1346
8.07030000000708e-05 1345
8.071300000001003e-05 1346
8.07429999998277e-05 1347
8.077300000008947e-05 1348
8.08229999997856e-05 1347
8.088299999986504e-05 1348
8.09130000001268e-05 1349
8.094299999994448e-05 1350
8.094299999994448e-05 1349
8.097300000020624e-05 1350
8.105999999985514e-05 1351
8.106300000010336e-05 1350
8.106699999999023e-05 1349
8.10900000001169e-05 1350
8.115300000000047e-05 1351
8.118700000014911e-05 1352
8.118700000014911e-05 1351
8.127300000015936e-05 1352
8.13069999998639e-05 1351
8.131100000019487e-05 1350
8.131500000008174e-05 1351
8.143099999990966e-05 1350
8.143499999979653e-05 1349
8.143900000012749e-05 1350
8.143900000012749e-05 1349
8.151099999986755e-05 1350
8.155899999984229e-05 1351
8.155899999984229e-05 1350
8.156300000017325e-05 1349
8.156700000006012e-05 1348
8.164900000018349e-05 1349
8.168299999988804e-05 1350
8.168399999997078e-05 1351
8.1687000000219e-05 1350
8.169100000010587e-05 1349
8.178200000008573e-05 1350
8.181099999982067e-05 1349
8.18119999999034e-05 1350
8.181500000015163e-05 1349
8.18190000000385e-05 1348
8.184200000016517e-05 1349
8.187199999998285e-05 1350
8.190199999980052e-05 1351
8.193200000006229e-05 1352
8.193900000019738e-05 1351
8.194300000008425e-05 1350
8.194699999997113e-05 1349
8.196199999987996e-05 1350
8.199200000014173e-05 1351
8.200599999996783e-05 1352
8.204699999980747e-05 1353
8.206700000013001e-05 1352
8.207100000001688e-05 1351
8.214600000000516e-05 1352
8.217599999982284e-05 1353
8.219100000017576e-05 1352
8.22060000000846e-05 1353
8.225900000002895e-05 1354
8.229899999978585e-05 1355
8.231099999989056e-05 1354
8.231500000022152e-05 1353
8.231900000010839e-05 1352
8.232299999999526e-05 1351
8.232699999988213e-05 1350
8.233699999982136e-05 1351
8.243100000004944e-05 1352
8.244700000004102e-05 1351
8.245099999992789e-05 1350
8.245499999981476e-05 1349
8.255899999998206e-05 1350
8.257499999997364e-05 1349
8.257899999986051e-05 1348
8.26329999998876e-05 1349
8.267900000014095e-05 1350
8.26990000000194e-05 1349
8.280700000007357e-05 1350
8.281900000017828e-05 1349
8.282300000006515e-05 1348
8.282699999995202e-05 1347
8.285100000016143e-05 1348
8.288200000006185e-05 1349
8.29350000000062e-05 1350
8.29470000001109e-05 1349
8.295099999999778e-05 1348
8.29869999998678e-05 1349
8.301700000012957e-05 1350
8.305900000005195e-05 1351
8.307100000015666e-05 1350
8.309100000003511e-05 1351
8.31049999998612e-05 1352
8.31190000001314e-05 1353
8.317900000021083e-05 1354
8.319099999987145e-05 1353
8.320900000002851e-05 1354
8.329899999992563e-05 1355
8.331100000003033e-05 1354
8.33550000001182e-05 1355
8.341000000022802e-05 1356
8.343100000018921e-05 1355
8.353300000019104e-05 1356
8.355099999990401e-05 1355
8.355499999979088e-05 1354
8.356300000000871e-05 1355
8.359299999982639e-05 1356
8.361999999983993e-05 1357
8.367499999994976e-05 1358
8.367499999994976e-05 1357
8.367899999983663e-05 1356
8.36830000001676e-05 1355
8.380299999988239e-05 1356
8.380299999988239e-05 1355
8.392300000004127e-05 1354
8.392699999992814e-05 1355
8.392699999992814e-05 1354
8.393099999981501e-05 1353
8.404700000008702e-05 1354
8.40509999999739e-05 1353
8.410700000016647e-05 1354
8.417100000013278e-05 1353
8.417500000001965e-05 1354
8.417500000001965e-05 1353
8.429500000017853e-05 1354
8.429500000017853e-05 1353
8.441499999989333e-05 1354
8.441499999989333e-05 1353
8.441900000022429e-05 1352
8.444500000015509e-05 1353
8.453899999993908e-05 1352
8.454299999982595e-05 1351
8.454700000015691e-05 1352
8.454700000015691e-05 1351
8.455100000004379e-05 1350
8.467100000020267e-05 1349
8.47660000000694e-05 1350
8.479099999991746e-05 1349
8.479499999980433e-05 1348
8.47990000001353e-05 1349
8.47990000001353e-05 1348
8.482899999995297e-05 1349
8.485900000021473e-05 1350
8.490000000005438e-05 1351
8.491899999985009e-05 1350
8.492999999987205e-05 1351
8.496000000013382e-05 1352
8.49899999999515e-05 1353
8.503900000000897e-05 1352
8.505100000011367e-05 1353
8.515900000016785e-05 1352
8.516300000005472e-05 1351
8.517099999982847e-05 1352
8.520100000009023e-05 1353
8.52830000002136e-05 1352
8.530300000009206e-05 1353
8.533299999990973e-05 1354
8.53630000001715e-05 1355
8.539299999998917e-05 1356
8.54029999999284e-05 1355
8.540699999981527e-05 1354
8.544300000012939e-05 1355
8.547299999994706e-05 1356
8.551700000003493e-05 1357
8.552699999997415e-05 1356
8.55469999998526e-05 1357
8.557700000011437e-05 1358
8.560699999993204e-05 1359
8.562100000020223e-05 1360
8.564700000013303e-05 1359
8.569500000010777e-05 1360
8.570899999993387e-05 1361
8.572300000020405e-05 1362
8.576699999984783e-05 1361
8.581499999982256e-05 1362
8.584500000008433e-05 1363
8.5874999999902e-05 1364
8.588700000000671e-05 1363
8.590599999980242e-05 1364
8.593600000006418e-05 1365
8.598000000015205e-05 1366
8.600700000016559e-05 1365
8.605500000014032e-05 1366
8.61109999998888e-05 1367
8.612699999988038e-05 1366
8.614100000015057e-05 1367
8.617499999985512e-05 1368
8.620500000011688e-05 1369
8.624700000003926e-05 1368
8.629899999990087e-05 1369
8.632900000016264e-05 1370
8.636700000019815e-05 1369
8.643100000016446e-05 1370
8.646499999986901e-05 1371
8.648500000019155e-05 1372
8.648699999991294e-05 1371
8.651500000000922e-05 1372
8.656099999981848e-05 1373
8.657500000008866e-05 1374
8.660499999990634e-05 1375
8.660700000007182e-05 1374
8.663599999980676e-05 1375
8.665399999996382e-05 1376
8.672699999978661e-05 1375
8.67410000000568e-05 1376
8.679100000019702e-05 1377
8.68469999999455e-05 1376
8.685799999996746e-05 1377
8.689600000000297e-05 1378
8.692599999982065e-05 1379
8.696700000010438e-05 1378
8.703299999979208e-05 1379
8.706300000005385e-05 1380
8.708699999981917e-05 1379
8.709299999987152e-05 1380
8.712300000013329e-05 1381
8.715900000000332e-05 1382
8.718899999982099e-05 1383
8.720699999997805e-05 1382
8.72200000001655e-05 1383
8.728300000004907e-05 1384
8.732700000013693e-05 1383
8.738399999996815e-05 1384
8.741499999986857e-05 1385
8.744699999985173e-05 1384
8.753899999991432e-05 1385
8.755300000018451e-05 1386
8.756700000001061e-05 1385
8.760399999996338e-05 1386
8.76590000000732e-05 1387
8.768700000016949e-05 1386
8.772900000009187e-05 1387
8.778300000011896e-05 1388
8.780699999988428e-05 1387
8.784899999980667e-05 1388
8.790700000016471e-05 1389
8.792700000004317e-05 1388
8.797299999985242e-05 1389
8.802699999987951e-05 1390
8.804700000020205e-05 1389
8.807099999996737e-05 1390
8.814700000003839e-05 1391
8.816699999991684e-05 1390
8.825000000012295e-05 1391
8.827999999994063e-05 1392
8.828700000007572e-05 1391
8.83950000001299e-05 1392
8.840699999979051e-05 1391
8.851499999984469e-05 1392
8.85269999999494e-05 1391
8.854500000010646e-05 1392
8.863899999989044e-05 1393
8.864700000010828e-05 1392
8.866900000015221e-05 1393
8.871200000015733e-05 1394
8.875900000004933e-05 1395
8.876699999982307e-05 1394
8.888300000009508e-05 1395
8.888699999998195e-05 1394
8.900700000014083e-05 1393
8.901100000002771e-05 1394
8.90249999998538e-05 1395
8.905500000011557e-05 1396
8.912699999985563e-05 1395
8.913899999996033e-05 1396
8.915299999978643e-05 1397
8.921700000019683e-05 1398
8.924700000001451e-05 1397
8.926300000000609e-05 1398
8.934699999985085e-05 1399
8.936700000017339e-05 1398
8.939099999993871e-05 1399
8.94050000002089e-05 1400
8.9419000000035e-05 1401
8.948699999988818e-05 1400
8.94900000001364e-05 1401
8.951999999995408e-05 1402
8.960700000004707e-05 1401
8.96429999999171e-05 1402
8.972700000020595e-05 1401
8.976300000007598e-05 1402
8.984699999992074e-05 1401
8.989900000022644e-05 1402
8.996700000007962e-05 1401
9.002700000015906e-05 1402
9.008699999979441e-05 1401
9.015100000020482e-05 1402
9.02069999999533e-05 1401
9.027099999991961e-05 1402
9.032700000011218e-05 1401
9.039899999985224e-05 1402
9.044699999982697e-05 1401
9.052299999989799e-05 1402
9.055300000015976e-05 1403
9.056699999998585e-05 1402
9.058299999997743e-05 1403
9.064300000005687e-05 1404
9.068700000014474e-05 1403
9.075299999983244e-05 1404
9.07830000000942e-05 1405
9.080699999985953e-05 1404
9.081299999991188e-05 1405
9.08769999998782e-05 1406
9.090700000013996e-05 1407
9.092700000001841e-05 1406
9.098200000012824e-05 1407
9.101199999994591e-05 1408
9.104700000017729e-05 1407
9.112700000013518e-05 1408
9.116699999989208e-05 1407
9.125500000006781e-05 1408
9.128700000005097e-05 1407
9.137500000022669e-05 1408
9.140700000020985e-05 1407
9.146099999979285e-05 1408
9.149100000005461e-05 1409
9.152699999992464e-05 1408
9.164700000008352e-05 1407
9.174699999991986e-05 1408
9.176699999979832e-05 1407
9.177700000018163e-05 1408
9.179100000000773e-05 1409
9.186700000007875e-05 1410
9.18869999999572e-05 1409
9.19910000001245e-05 1410
9.20049999999506e-05 1411
9.200700000011608e-05 1410
9.201900000022079e-05 1411
9.20639999999473e-05 1410
9.2122999999944e-05 1411
9.218400000010618e-05 1410
9.224300000010288e-05 1411
9.230399999982097e-05 1410
9.231300000012155e-05 1411
9.237100000003551e-05 1412
9.242399999997986e-05 1411
9.247900000008968e-05 1412
9.250899999990736e-05 1413
9.254400000013874e-05 1412
9.257799999984329e-05 1413
9.261099999990918e-05 1414
9.266399999985353e-05 1413
9.269800000000217e-05 1414
9.272799999981984e-05 1415
9.275800000008161e-05 1416
9.278400000001241e-05 1415
9.280999999994322e-05 1416
9.285500000011382e-05 1417
9.29040000001713e-05 1416
9.290800000005817e-05 1417
9.293799999987584e-05 1418
9.296800000013761e-05 1419
9.299799999995528e-05 1420
9.302399999988609e-05 1419
9.302800000021705e-05 1420
9.309899999987437e-05 1421
9.312900000013613e-05 1422
9.314400000004497e-05 1421
9.31990000001548e-05 1422
9.322899999997247e-05 1423
9.325899999979015e-05 1424
9.326400000020385e-05 1423
9.328900000005191e-05 1424
9.331899999986959e-05 1425
9.333300000013978e-05 1426
9.336299999995745e-05 1427
9.338399999991864e-05 1426
9.339300000021922e-05 1427
9.342300000003689e-05 1428
9.345299999985457e-05 1429
9.348300000011633e-05 1430
9.350400000007753e-05 1429
9.351299999993401e-05 1430
9.357699999990032e-05 1431
9.360700000016209e-05 1432
9.362399999979232e-05 1431
9.367700000018075e-05 1432
9.370699999999843e-05 1433
9.37439999999512e-05 1432
9.381899999993948e-05 1433
9.386400000011008e-05 1432
9.393900000009836e-05 1433
9.398399999982487e-05 1432
9.405899999981315e-05 1433
9.410399999998376e-05 1432
9.417899999997204e-05 1433
9.420899999978971e-05 1434
9.422400000014264e-05 1433
9.429800000004818e-05 1434
9.432799999986585e-05 1435
9.434399999985743e-05 1434
9.435800000012762e-05 1435
9.43879999999453e-05 1436
9.441800000020706e-05 1437
9.444800000002473e-05 1438
9.446400000001631e-05 1437
9.447799999984241e-05 1438
9.450800000010418e-05 1439
9.453799999992185e-05 1440
9.456800000018362e-05 1441
9.45840000001752e-05 1440
9.459800000000129e-05 1441
9.462799999981897e-05 1442
9.465800000008073e-05 1443
9.468799999989841e-05 1444
9.470399999988999e-05 1443
9.471800000016017e-05 1444
9.476000000008256e-05 1445
9.478999999990023e-05 1446
9.4820000000162e-05 1447
9.482400000004887e-05 1446
9.484999999997967e-05 1447
9.487999999979735e-05 1448
9.491000000005911e-05 1449
9.493999999987679e-05 1450
9.494400000020775e-05 1449
9.497000000013855e-05 1450
9.499999999995623e-05 1451
9.5030000000218e-05 1452
9.506000000003567e-05 1453
9.506399999992254e-05 1452
9.508999999985335e-05 1453
9.51219999998365e-05 1454
9.515200000009827e-05 1455
9.518400000008143e-05 1454
9.52019999997944e-05 1455
9.524800000004774e-05 1456
9.527799999986541e-05 1457
9.530399999979622e-05 1456
9.53529999998537e-05 1457
9.538300000011546e-05 1458
9.541299999993313e-05 1459
9.54239999999551e-05 1458
9.54430000001949e-05 1459
9.547300000001258e-05 1460
9.550299999983025e-05 1461
9.553300000009202e-05 1462
9.554400000011398e-05 1461
9.556299999990969e-05 1462
9.559300000017146e-05 1463
9.562299999998913e-05 1464
9.565299999980681e-05 1465
9.566399999982877e-05 1464
9.572499999999096e-05 1465
9.575499999980863e-05 1466
9.578399999998766e-05 1465
9.57850000000704e-05 1466
9.581499999988807e-05 1467
9.585899999997594e-05 1468
9.588899999979361e-05 1469
9.590400000014654e-05 1468
9.591900000005538e-05 1469
9.594899999987305e-05 1470
9.597900000013482e-05 1471
9.60089999999525e-05 1472
9.602399999986133e-05 1471
9.603900000021426e-05 1472
9.609299999979726e-05 1473
9.612300000005902e-05 1474
9.614400000002021e-05 1473
9.617300000019924e-05 1474
9.620300000001691e-05 1475
9.623299999983459e-05 1476
9.62640000001791e-05 1475
9.633900000016737e-05 1476
9.636899999998505e-05 1477
9.638299999981115e-05 1478
9.638399999989389e-05 1477
9.645899999988217e-05 1478
9.647300000015235e-05 1479
9.650400000005277e-05 1478
9.651699999979613e-05 1479
9.657900000004105e-05 1480
9.662400000021165e-05 1479
9.669900000019993e-05 1480
9.674399999992644e-05 1479
9.67690000002186e-05 1480
9.681899999991472e-05 1481
9.686400000008533e-05 1480
9.69390000000736e-05 1481
9.696899999989128e-05 1482
9.698399999980012e-05 1481
9.7103999999959e-05 1480
9.717899999994728e-05 1481
9.721999999978692e-05 1482
9.722400000011788e-05 1481
9.7267000000123e-05 1482
9.729699999994068e-05 1483
9.732700000020245e-05 1484
9.734399999983268e-05 1483
9.741899999982095e-05 1484
9.743300000009114e-05 1485
9.746399999999156e-05 1484
9.753699999981436e-05 1485
9.756700000007612e-05 1486
9.758400000015044e-05 1485
9.765900000013872e-05 1486
9.770399999986523e-05 1485
9.777899999985351e-05 1486
9.782400000002411e-05 1485
9.783000000007647e-05 1486
9.789900000001239e-05 1487
9.792899999983007e-05 1488
9.7944000000183e-05 1487
9.801099999995344e-05 1488
9.80410000002152e-05 1489
9.806399999989779e-05 1488
9.813899999988607e-05 1489
9.818400000005667e-05 1488
9.825900000004495e-05 1489
9.830400000021555e-05 1488
9.837900000020383e-05 1489
9.842399999993034e-05 1488
9.849899999991862e-05 1489
9.852900000018039e-05 1490
9.854400000008923e-05 1489
9.86190000000775e-05 1490
9.866399999980402e-05 1489
9.873300000018403e-05 1490
9.876300000000171e-05 1491
9.87839999999629e-05 1490
9.879299999981939e-05 1491
9.885899999995118e-05 1492
9.890400000012178e-05 1491
9.902399999983658e-05 1490
9.909700000010346e-05 1491
9.912699999992114e-05 1492
9.914399999999546e-05 1491
9.91570000001829e-05 1492
9.921899999998374e-05 1493
9.926400000015434e-05 1492
9.933900000014262e-05 1493
9.938399999986913e-05 1492
9.94069999999958e-05 1493
9.945899999985741e-05 1494
9.950400000002801e-05 1493
9.958500000006865e-05 1494
9.96240000001869e-05 1493
9.963599999984751e-05 1494
9.966600000010928e-05 1495
9.969599999992695e-05 1496
9.974399999990169e-05 1495
9.97560000000064e-05 1496
9.979000000015503e-05 1497
9.986400000006057e-05 1496
9.987600000016528e-05 1497
9.998400000021945e-05 1496
9.999599999988007e-05 1497
0.00010010399999993425 1496
0.00010011600000003895 1497
0.00010022400000009313 1496
0.00010023600000019783 1497
0.00010029199999994631 1498
0.00010034399999980792 1497
0.00010035599999991263 1498
0.00010041499999990933 1499
0.0001004639999999668 1498
0.00010047600000007151 1499
0.00010058400000012568 1498
0.0001005959999997863 1499
0.00010070399999984048 1498
0.00010071599999994518 1499
0.00010074600000020695 1500
0.00010077600000002462 1501
0.0001008059999998423 1502
0.00010082399999999936 1501
0.00010083600000010406 1502
0.00010086599999992174 1503
0.0001008960000001835 1504
0.00010094400000015824 1503
0.00010095599999981886 1504
0.00010098600000008062 1505
0.0001010159999998983 1506
0.00010103900000002497 1507
0.00010106399999987303 1506
0.00010107599999997774 1507
0.00010110599999979542 1508
0.00010113600000005718 1509
0.00010117300000000995 1510
0.00010118400000003192 1509
0.00010120299999982763 1510
0.0001012639999999898 1511
0.00010129399999980748 1512
0.0001013040000001908 1511
0.00010132400000006925 1512
0.00010138499999978734 1513
0.00010142399999990559 1512
0.00010143100000004068 1513
0.00010146099999985836 1514
0.00010149100000012012 1515
0.0001015209999999378 1516
0.00010154400000006447 1515
0.00010155100000019956 1516
0.00010158100000001724 1517
0.00010166400000022335 1516
0.00010167599999988397 1517
0.00010178399999993815 1516
0.00010179600000004285 1517
0.00010190400000009703 1516
0.00010191600000020173 1517
0.00010194600000001941 1518
0.00010202399999981182 1517
0.00010203599999991653 1518
0.00010211400000015303 1519
0.0001021439999999707 1518
0.00010215600000007541 1519
0.00010220000000016327 1520
0.00010226400000012958 1519
0.0001022759999997902 1520
0.00010232499999984768 1521
0.00010238399999984438 1520
0.00010239599999994908 1521
0.00010241000000021927 1522
0.0001024790000001552 1523
0.00010250400000000326 1522
0.00010251600000010797 1523
0.00010260100000003547 1524
0.00010262400000016214 1523
0.00010263599999982276 1524
0.00010272100000019435 1525
0.00010274399999987693 1524
0.00010275599999998164 1525
0.00010286400000003582 1524
0.00010287600000014052 1525
0.00010292000000022838 1526
0.00010295000000004606 1527
0.0001029840000001947 1526
0.00010299599999985531 1527
0.00010302600000011708 1528
0.00010305599999993476 1529
0.00010310399999990949 1528
0.0001031160000000142 1529
0.00010314599999983187 1530
0.00010322400000006837 1529
0.00010322900000003798 1530
0.00010328199999998233 1531
0.00010330000000013939 1532
0.00010334400000022725 1531
0.00010335599999988787 1532
0.00010338600000014964 1533
0.00010341599999996731 1534
0.00010346399999994205 1533
0.00010347600000004675 1534
0.00010350599999986443 1535
0.0001035360000001262 1536
0.00010358400000010093 1535
0.00010358699999990506 1536
0.00010370399999981572 1535
0.00010374899999998632 1536
0.0001038239999999746 1535
0.00010383600000007931 1536
0.00010394400000013349 1535
0.00010404899999993944 1536
0.00010406399999984828 1535
0.0001040790000002012 1536
0.00010418400000000716 1535
0.00010419600000011187 1536
0.00010422599999992954 1537
0.00010426399999996505 1538
0.00010430400000016604 1537
0.00010431599999982666 1538
0.00010434600000008842 1539
0.0001043759999999061 1540
0.00010440600000016786 1541
0.00010442399999988083 1540
0.00010443599999998554 1541
0.00010446599999980322 1542
0.00010449600000006498 1543
0.00010454400000003972 1542
0.00010455600000014442 1543
0.0001045859999999621 1544
0.00010461600000022386 1545
0.00010464600000004154 1546
0.0001046640000001986 1545
0.00010467599999985921 1546
0.00010471299999981198 1547
0.00010476199999986946 1548
0.00010478399999991339 1547
0.0001048080000001228 1548
0.00010490400000007227 1547
0.00010491600000017698 1548
0.00010497400000009094 1549
0.00010502399999978707 1548
0.00010514399999994595 1547
0.00010514500000002869 1548
0.00010517499999984636 1549
0.00010521700000021283 1550
0.00010526400000010483 1549
0.00010527600000020954 1550
0.00010538399999981962 1549
0.00010539599999992433 1550
0.00010542600000018609 1551
0.00010544299999981632 1552
0.0001055039999999785 1551
0.00010551600000008321 1552
0.00010554599999990089 1553
0.00010562400000013739 1552
0.000105635999999798 1553
0.00010568400000021683 1554
0.00010574399999985218 1553
0.00010575599999995688 1554
0.00010579199999982691 1555
0.00010582200000008868 1556
0.00010586400000001106 1555
0.0001058770000001985 1556
0.00010598400000016994 1555
0.00010599599999983056 1556
0.00010606699999993197 1557
0.00010608100000020215 1558
0.00010610399999988473 1557
0.00010611599999998944 1558
0.00010622400000004362 1557
0.00010623600000014832 1558
0.000106265999999966 1559
0.00010632600000004544 1560
0.0001063440000002025 1559
0.00010635599999986312 1560
0.00010638600000012488 1561
0.00010641599999994256 1562
0.00010646399999991729 1561
0.000106476000000022 1562
0.00010658400000007617 1561
0.00010659600000018088 1562
0.00010665900000006445 1563
0.00010668899999988213 1564
0.00010670300000015231 1565
0.00010670399999979097 1564
0.00010673299999996999 1565
0.00010676299999978767 1566
0.00010679300000004943 1567
0.00010682399999994985 1566
0.00010683600000005455 1567
0.00010694400000010873 1566
0.00010695600000021344 1567
0.00010706399999982352 1566
0.00010707599999992823 1567
0.000107112999999881 1568
0.0001071580000000516 1569
0.0001071839999999824 1568
0.00010719600000008711 1569
0.00010722599999990479 1570
0.00010730400000014129 1569
0.0001073159999998019 1570
0.00010734600000006367 1571
0.00010742399999985608 1570
0.00010748200000021413 1571
0.00010754400000001496 1570
0.00010755600000011967 1571
0.00010766400000017384 1570
0.00010766800000006072 1571
0.00010769799999987839 1572
0.00010778399999988864 1571
0.00010779599999999334 1572
0.00010790400000004752 1571
0.00010791600000015222 1572
0.0001080240000002064 1571
0.00010803599999986702 1572
0.00010814399999992119 1571
0.0001081560000000259 1572
0.00010818599999984357 1573
0.00010826400000008007 1572
0.00010827600000018478 1573
0.00010838200000007348 1574
0.00010838399999979487 1573
0.00010841199999989115 1574
0.00010850399999995375 1573
0.00010851600000005845 1574
0.00010862400000011263 1573
0.00010863600000021734 1574
0.00010866600000003501 1575
0.00010869599999985269 1576
0.00010874399999982742 1575
0.00010875599999993213 1576
0.0001088639999999863 1575
0.00010887600000009101 1576
0.00010890699999999143 1577
0.00010898400000014519 1576
0.0001089959999998058 1577
0.00010902600000006757 1578
0.00010905599999988524 1579
0.00010910399999985998 1578
0.00010911599999996469 1579
0.00010916700000018764 1580
0.00010920099999989219 1581
0.00010922400000001886 1580
0.00010924700000014553 1581
0.00010934400000017774 1580
0.00010935599999983836 1581
0.00010940100000000896 1582
0.00010946399999989254 1581
0.00010947599999999724 1582
0.0001095339999999112 1583
0.00010958400000005142 1582
0.00010959600000015612 1583
0.00010970099999996208 1584
0.0001097040000002103 1583
0.00010973100000022384 1584
0.00010973799999991485 1585
0.00010982399999992509 1584
0.0001098360000000298 1585
0.00010985800000007373 1586
0.00010986599999984747 1587
0.00010994400000008397 1586
0.00010995600000018868 1587
0.00010995799999991007 1588
0.0001100009999999152 1589
0.00011004700000016854 1590
0.00011006399999979877 1589
0.00011013899999978705 1590
0.00011016900000004881 1591
0.00011018399999995765 1590
0.00011019899999986649 1591
0.00011029699999998144 1592
0.00011030400000011653 1591
0.00011032699999979911 1592
0.00011036099999994775 1593
0.00011041100000008797 1594
0.00011042399999983132 1593
0.00011044099999990564 1594
0.00011047100000016741 1595
0.0001105439999999902 1594
0.00011055600000009491 1595
0.00011056999999992101 1596
0.00011065499999984851 1597
0.00011066400000014909 1596
0.0001107750000000074 1597
0.00011078399999986388 1596
0.00011080499999982507 1597
0.00011083500000008684 1598
0.00011090400000002276 1597
0.00011091600000012747 1598
0.00011101599999996381 1599
0.00011102400000018164 1598
0.00011104600000022558 1599
0.00011113600000012269 1600
0.00011114399999989644 1599
0.00011116599999994037 1600
0.00011122800000018529 1601
0.00011126299999997258 1602
0.00011126400000005532 1601
0.00011129299999979025 1602
0.00011132300000005202 1603
0.0001113840000002142 1602
0.00011139599999987482 1603
0.00011143600000007581 1604
0.00011150299999984625 1605
0.000111503999999929 1604
0.00011153300000010802 1605
0.00011154699999993412 1606
0.00011158399999988688 1607
0.00011162400000008788 1606
0.00011163600000019258 1607
0.00011166600000001026 1608
0.00011167999999983635 1609
0.00011171000000009812 1610
0.00011172399999992422 1611
0.0001117380000001944 1612
0.00011174399999980267 1611
0.00011176800000001208 1612
0.00011182099999995643 1613
0.00011183599999986527 1614
0.00011186399999996155 1613
0.00011188200000011861 1614
0.00011198400000012043 1613
0.00011198500000020317 1614
0.00011201500000002085 1615
0.00011210399999983522 1614
0.00011210499999991796 1615
0.00011213500000017973 1616
0.00011214900000000583 1617
0.0001121789999998235 1618
0.0001122239999999941 1617
0.00011223600000009881 1618
0.00011224999999992491 1619
0.0001122640000001951 1620
0.00011229299999993003 1621
0.00011233900000018338 1622
0.00011234400000015299 1621
0.00011236900000000105 1622
0.00011238299999982715 1623
0.00011242599999983227 1624
0.00011246399999986778 1623
0.00011247599999997249 1624
0.00011250599999979016 1625
0.00011258400000002666 1624
0.00011259600000013137 1625
0.00011262599999994904 1626
0.00011264000000021923 1627
0.00011265400000004533 1628
0.000112683999999863 1629
0.00011270400000018554 1628
0.00011271599999984616 1629
0.00011282399999990034 1628
0.00011283600000000504 1629
0.00011288100000017565 1630
0.00011294400000005922 1631
0.00011294400000005922 1630
0.0001129739999998769 1631
0.00011300400000013866 1632
0.00011303399999995634 1633
0.0001130640000002181 1634
0.0001130640000002181 1633
0.00011309400000003578 1634
0.00011312399999985345 1635
0.0001131839999999329 1634
0.0001131960000000376 1635
0.00011330300000000904 1636
0.00011330400000009178 1635
0.00011333299999982671 1636
0.00011342399999980657 1635
0.00011343599999991127 1636
0.00011346600000017304 1637
0.00011347999999999914 1638
0.00011350999999981681 1639
0.000113524000000087 1640
0.00011354399999996545 1639
0.00011355600000007016 1640
0.00011356999999989625 1641
0.00011358400000016644 1642
0.00011360099999979667 1643
0.00011366400000012433 1642
0.00011366900000009394 1643
0.00011369899999991162 1644
0.00011372900000017339 1645
0.00011375899999999106 1646
0.00011378399999983912 1645
0.00011378899999980874 1646
0.0001138190000000705 1647
0.00011384899999988818 1648
0.00011386300000015837 1649
0.00011387699999998446 1650
0.00011390399999999801 1649
0.00011391600000010271 1650
0.00011394599999992039 1651
0.00011396000000019058 1652
0.00011397400000001667 1653
0.00011398799999984277 1654
0.00011402400000015689 1653
0.0001140359999998175 1654
0.00011406600000007927 1655
0.00011407999999990537 1656
0.00011409400000017555 1657
0.00011410800000000165 1658
0.00011414399999987168 1657
0.00011415599999997639 1658
0.00011416999999980249 1659
0.00011426400000003056 1658
0.00011427600000013527 1659
0.00011437800000013709 1660
0.00011438400000018945 1659
0.00011440799999995477 1660
0.00011442200000022495 1661
0.00011447599999980795 1662
0.00011450399999990424 1661
0.0001145220000000613 1662
0.0001145359999998874 1663
0.00011455000000015758 1664
0.00011456399999998368 1665
0.00011457799999980978 1666
0.00011462400000006312 1665
0.00011462699999986725 1666
0.00011465700000012902 1667
0.00011468699999994669 1668
0.00011471700000020846 1669
0.00011473100000003456 1670
0.000114744000000222 1669
0.00011474499999986065 1670
0.00011475900000013084 1671
0.00011478899999994852 1672
0.0001148030000002187 1673
0.0001148170000000448 1674
0.00011484699999986248 1675
0.0001148639999999368 1674
0.00011487700000012424 1675
0.00011490699999994192 1676
0.00011498300000001294 1677
0.00011498400000009568 1676
0.00011501299999983061 1677
0.0001150270000001008 1678
0.00011505699999991847 1679
0.00011507100000018866 1680
0.00011508500000001476 1681
0.00011510399999981047 1680
0.00011511499999983243 1681
0.00011512900000010262 1682
0.0001151589999999203 1683
0.00011517300000019048 1684
0.00011520300000000816 1685
0.00011521699999983426 1686
0.00011522399999996935 1685
0.00011524700000009602 1686
0.0001152769999999137 1687
0.00011529100000018389 1688
0.00011530500000000998 1689
0.00011534400000012823 1688
0.00011535599999978885 1689
0.00011537000000005904 1690
0.0001154140000001469 1691
0.00011546399999984303 1690
0.00011547599999994773 1691
0.00011558299999991917 1692
0.00011558400000000191 1691
0.00011561300000018093 1692
0.00011568399999983825 1693
0.00011570400000016079 1692
0.00011571400000010001 1693
0.00011574399999991769 1694
0.00011577400000017946 1695
0.00011580399999999713 1696
0.00011582399999987558 1695
0.00011583399999981481 1696
0.00011586400000007657 1697
0.00011589399999989425 1698
0.00011594299999995172 1699
0.00011594400000003446 1698
0.00011597300000021349 1699
0.00011598700000003959 1700
0.0001160389999999012 1701
0.00011606400000019335 1700
0.00011606900000016296 1701
0.00011609899999998063 1702
0.00011612899999979831 1703
0.00011615900000006008 1704
0.00011618399999990814 1703
0.00011618899999987775 1704
0.00011620300000014794 1705
0.00011623299999996561 1706
0.00011626300000022738 1707
0.00011630400000006702 1706
0.00011631000000011937 1707
0.00011633999999993705 1708
0.00011635400000020724 1709
0.0001164240000002259 1708
0.00011642900000019551 1709
0.00011645900000001319 1710
0.00011647299999983929 1711
0.00011653799999988834 1712
0.0001165439999999407 1711
0.00011655200000015853 1712
0.0001165819999999762 1713
0.00011665800000004722 1714
0.00011666400000009958 1713
0.0001166879999998649 1714
0.00011674500000014021 1715
0.00011678399999981437 1714
0.00011679599999991908 1715
0.00011684499999997655 1716
0.00011690399999997325 1715
0.00011691600000007796 1716
0.00011702400000013213 1715
0.00011703599999979275 1716
0.00011711500000011199 1717
0.00011714399999984693 1716
0.00011716099999992124 1717
0.00011719100000018301 1718
0.00011722100000000069 1719
0.00011726400000000581 1718
0.00011727600000011051 1719
0.00011731199999998054 1720
0.00011738400000016469 1719
0.0001173959999998253 1720
0.00011745400000018336 1721
0.00011748400000000103 1722
0.00011749799999982713 1723
0.00011750399999987948 1722
0.0001175280000000889 1723
0.00011755799999990657 1724
0.00011757200000017676 1725
0.00011760199999999443 1726
0.00011762400000003836 1725
0.00011774400000019725 1724
0.00011775599999985786 1725
0.00011778600000011963 1726
0.00011779999999994573 1727
0.00011786399999991204 1726
0.00011787600000001675 1727
0.00011790599999983442 1728
0.00011792000000010461 1729
0.00011794999999992228 1730
0.00011798000000018405 1731
0.00011798400000007092 1730
0.00011801000000000172 1731
0.00011802399999982782 1732
0.00011810399999978571 1731
0.00011811599999989042 1732
0.0001182239999999446 1731
0.0001182360000000493 1732
0.0001182499999998754 1733
0.00011828000000013716 1734
0.00011834400000010348 1733
0.00011835600000020818 1734
0.00011846399999981827 1733
0.00011847599999992298 1734
0.0001185640000000987 1735
0.00011858399999997715 1734
0.00011859399999991638 1735
0.00011870400000013603 1734
0.00011871599999979665 1735
0.00011873000000006684 1736
0.00011875999999988451 1737
0.00011882399999985083 1736
0.00011883599999995553 1737
0.00011887600000015652 1738
0.0001189059999999742 1739
0.0001189199999998003 1740
0.00011894400000000971 1739
0.00011895600000011441 1740
0.00011906400000016859 1739
0.00011907599999982921 1740
0.00011918399999988338 1739
0.00011919599999998809 1740
0.00011922599999980577 1741
0.00011927200000005911 1742
0.00011930199999987678 1743
0.00011930400000004227 1742
0.00011933200000013855 1743
0.00011934599999996465 1744
0.00011935999999979074 1745
0.0001193779999999478 1746
0.00011942400000020115 1745
0.00011943599999986176 1746
0.00011954399999991594 1745
0.00011955600000002065 1746
0.00011966400000007482 1745
0.00011968100000014914 1746
0.00011974199999986723 1747
0.00011978399999978961 1746
0.00011979599999989432 1747
0.00011982600000015609 1748
0.00011985599999997376 1749
0.0001199039999999485 1748
0.00011992100000002281 1749
0.00011996600000019342 1750
0.00011999700000009383 1751
0.00012002400000010738 1750
0.00012002699999991151 1751
0.00012005700000017328 1752
0.00012008699999999095 1753
0.00012014399999982217 1752
0.00012015599999992688 1753
0.00012018600000018864 1754
0.00012020000000001474 1755
0.00012026399999998105 1754
0.00012027600000008576 1755
0.00012028999999991186 1756
0.00012030400000018204 1757
0.00012031800000000814 1758
0.00012033199999983424 1759
0.00012038400000013993 1758
0.00012039599999980055 1759
0.00012042600000006232 1760
0.00012047900000000666 1761
0.00012049299999983276 1762
0.00012050399999985473 1761
0.00012052300000009453 1762
0.00012062400000001361 1761
0.00012063600000011832 1762
0.00012066599999993599 1763
0.00012070299999988876 1764
0.00012074400000017249 1763
0.0001207490000001421 1764
0.00012077899999995978 1765
0.00012084699999981297 1766
0.00012086100000008315 1767
0.00012086399999988728 1766
0.00012089099999990083 1767
0.00012098400000004617 1766
0.00012102599999996855 1767
0.0001210980000001527 1768
0.00012110400000020505 1767
0.00012112799999997037 1768
0.00012118199999999746 1769
0.00012122399999991984 1768
0.00012123600000002455 1769
0.00012134400000007872 1768
0.00012135600000018343 1769
0.00012137000000000953 1770
0.00012142199999987113 1771
0.00012146399999979351 1770
0.00012147599999989822 1771
0.0001215839999999524 1770
0.0001215960000000571 1771
0.00012164000000014497 1772
0.00012170400000011128 1771
0.00012171600000021598 1772
0.00012182399999982607 1771
0.00012183599999993078 1772
0.00012193500000012847 1773
0.00012194399999998495 1772
0.00012195600000008966 1773
0.00012200599999978579 1774
0.00012206400000014384 1773
0.00012207599999980445 1774
0.00012209000000007464 1775
0.00012210399999990074 1776
0.00012218399999985863 1775
0.00012219599999996333 1776
0.0001223040000000175 1775
0.00012231600000012222 1776
0.00012241800000012404 1777
0.0001224240000001764 1776
0.00012244799999994171 1777
0.00012254399999989118 1776
0.0001225559999999959 1777
0.00012260899999994024 1778
0.00012266400000005007 1777
0.00012267600000015477 1778
0.00012278400000020895 1777
0.00012279599999986957 1778
0.00012286400000016684 1779
0.00012290399999992374 1778
0.00012291600000002845 1779
0.00012292999999985454 1780
0.0001229760000001079 1781
0.00012300599999992556 1782
0.00012302400000008262 1781
0.00012303600000018733 1782
0.00012305000000001343 1783
0.0001230799999998311 1784
0.00012311000000009287 1785
0.00012313999999991054 1786
0.00012314399999979742 1785
0.0001231700000001723 1786
0.00012319999999998998 1787
0.00012321399999981608 1788
0.00012324400000007785 1789
0.0001232639999999563 1788
0.00012327399999989552 1789
0.0001233040000001573 1790
0.00012338400000011518 1789
0.00012339600000021989 1790
0.00012350399999982997 1789
0.00012351599999993468 1790
0.0001235379999999786 1791
0.00012362399999998885 1790
0.00012363600000009356 1791
0.00012374400000014774 1790
0.00012375599999980835 1791
0.00012386399999986253 1790
0.00012387599999996723 1791
0.00012397799999996906 1792
0.0001239840000000214 1791
0.00012400799999978673 1792
0.00012404000000021398 1793
0.00012409800000012794 1794
0.0001241040000001803 1793
0.00012412799999994562 1794
0.00012422399999989509 1793
0.0001242359999999998 1794
0.00012426599999981747 1795
0.00012434400000005397 1794
0.00012435600000015867 1795
0.00012441500000015537 1796
0.00012446400000021285 1795
0.00012447599999987347 1796
0.00012454200000000526 1797
0.00012458399999992764 1796
0.00012459600000003235 1797
0.00012466200000016414 1798
0.00012470400000008652 1797
0.00012471600000019123 1798
0.00012482399999980132 1797
0.00012483599999990602 1798
0.00012492699999988588 1799
0.0001249439999999602 1798
0.00012495700000014764 1799
0.00012498699999996532 1800
0.00012500099999979142 1801
0.00012506400000011908 1800
0.00012507600000022379 1801
0.0001251419999999115 1802
0.00012518399999983387 1801
0.00012519599999993858 1802
0.00012530399999999275 1801
0.00012531600000009746 1802
0.00012534599999991514 1803
0.00012542400000015164 1802
0.00012543599999981225 1803
0.00012550199999994405 1804
0.00012554399999986643 1803
0.00012555599999997114 1804
0.00012556999999979723 1805
0.00012562200000010293 1806
0.0001256519999999206 1807
0.0001256640000000253 1806
0.00012568200000018237 1807
0.00012569600000000847 1808
0.00012572900000007436 1809
0.0001257840000001842 1808
0.0001257959999998448 1809
0.00012582600000010657 1810
0.00012583999999993267 1811
0.00012585599999992425 1812
0.00012590399999989899 1811
0.0001259160000000037 1812
0.0001259299999998298 1813
0.00012598200000013549 1814
0.00012602400000005787 1813
0.00012603600000016257 1814
0.0001260580000002065 1815
0.00012610400000001576 1816
0.00012614400000021675 1815
0.00012614800000010362 1816
0.0001261779999999213 1817
0.00012620800000018306 1818
0.00012626399999993154 1817
0.00012627600000003625 1818
0.00012638400000009042 1817
0.00012639600000019513 1818
0.00012650399999980522 1817
0.00012651599999990992 1818
0.0001266239999999641 1817
0.0001266360000000688 1818
0.0001266499999998949 1819
0.00012669399999998276 1820
0.00012674400000012298 1819
0.0001267560000002277 1820
0.00012686399999983777 1819
0.00012687599999994248 1820
0.0001269779999999443 1821
0.00012698399999999666 1820
0.00012700800000020607 1821
0.00012703800000002374 1822
0.00012705199999984984 1823
0.00012710400000015554 1822
0.00012711599999981615 1823
0.0001271830000000307 1824
0.00012722399999987033 1823
0.00012723599999997504 1824
0.0001272659999997927 1825
0.0001273440000000292 1824
0.00012735600000013392 1825
0.0001273859999999516 1826
0.00012741600000021336 1827
0.0001274640000001881 1826
0.0001274759999998487 1827
0.00012750600000011048 1828
0.00012753599999992815 1829
0.00012758399999990289 1828
0.0001275960000000076 1829
0.00012770400000006177 1828
0.00012771600000016647 1829
0.00012774599999998415 1830
0.00012777599999980183 1831
0.000127790000000072 1832
0.00012782400000022065 1831
0.00012783599999988127 1832
0.00012794399999993544 1831
0.00012795600000004015 1832
0.00012798599999985782 1833
0.00012806400000009432 1832
0.00012807600000019903 1833
0.00012809000000002513 1834
0.00012818399999980912 1833
0.00012819599999991382 1834
0.00012824600000005404 1835
0.000128303999999968 1834
0.00012831299999982448 1835
0.00012832700000009467 1836
0.00012835699999991235 1837
0.00012842400000012688 1836
0.0001284359999997875 1837
0.00012845000000005768 1838
0.0001285019999999193 1839
0.00012854399999984167 1838
0.00012855599999994638 1839
0.00012858600000020814 1840
0.00012862200000007817 1841
0.0001286579999999482 1842
0.00012866400000000056 1841
0.00012868800000020997 1842
0.00012878400000015944 1841
0.00012879599999982005 1842
0.0001288630000000346 1843
0.00012890399999987423 1842
0.00012891599999997894 1843
0.00012896600000011915 1844
0.00012899599999993683 1845
0.0001290240000000331 1844
0.0001290260000001986 1845
0.00012905600000001627 1846
0.00012906999999984237 1847
0.00012910000000010413 1848
0.000129144000000192 1847
0.0001292639999999068 1846
0.0001292760000000115 1847
0.00012935700000005212 1848
0.00012938400000006567 1847
0.00012940299999986138 1848
0.00012943400000020588 1849
0.00012950400000022455 1848
0.00012951599999988517 1849
0.00012958400000018244 1850
0.00012962399999993934 1849
0.00012964499999990053 1850
0.0001296750000001623 1851
0.00012973800000004587 1852
0.00012974400000009823 1851
0.00012976799999986355 1852
0.00012986399999981302 1851
0.00012987599999991772 1852
0.0001299839999999719 1851
0.0001299960000000766 1852
0.00013002599999989428 1853
0.00013004000000016447 1854
0.00013008700000005646 1855
0.00013010400000013078 1854
0.00013011699999987414 1855
0.00013016599999993161 1856
0.00013022399999984557 1855
0.00013023599999995028 1856
0.00013030200000008207 1857
0.00013033199999989975 1858
0.00013034400000000446 1857
0.00013036200000016152 1858
0.00013046400000016334 1857
0.00013047599999982396 1858
0.00013052599999996417 1859
0.00013053999999979027 1860
0.00013058399999987813 1859
0.00013059599999998284 1860
0.00013063199999985287 1861
0.00013066200000011463 1862
0.000130704000000037 1861
0.0001308240000001959 1860
0.0001308359999998565 1861
0.0001309439999999107 1860
0.0001309560000000154 1861
0.00013106400000006957 1860
0.00013107600000017428 1861
0.00013109000000000037 1862
0.00013110800000015743 1863
0.00013115600000013217 1864
0.00013118400000022845 1863
0.00013120199999994142 1864
0.00013122799999987222 1865
0.00013130399999994324 1864
0.00013131600000004795 1865
0.00013132999999987405 1866
0.00013142400000010213 1865
0.00013143600000020683 1866
0.00013145000000003293 1867
0.00013154399999981692 1866
0.00013155499999983888 1867
0.00013158500000010065 1868
0.00013159899999992675 1869
0.0001316290000001885 1870
0.0001316639999999758 1869
0.0001316760000000805 1870
0.0001317159999998374 1871
0.00013178400000013468 1870
0.0001317959999997953 1871
0.00013190399999984947 1870
0.00013191599999995418 1871
0.00013194600000021595 1872
0.00013196000000004204 1873
0.00013198999999985972 1874
0.00013202400000000836 1873
0.00013204100000008268 1874
0.0001320719999999831 1875
0.00013214400000016724 1874
0.00013215599999982786 1875
0.00013219999999991572 1876
0.0001322140000001859 1877
0.00013225799999982968 1878
0.00013226399999988203 1877
0.00013228800000009144 1878
0.0001323840000000409 1877
0.00013239600000014562 1878
0.00013240999999997172 1879
0.00013249800000014744 1880
0.0001325040000001998 1879
0.00013252799999996512 1880
0.0001326239999999146 1879
0.0001326360000000193 1880
0.0001326860000001595 1881
0.00013271599999997719 1882
0.00013272999999980328 1883
0.00013274400000007347 1882
0.00013276000000006505 1883
0.00013278999999988272 1884
0.0001328040000001529 1885
0.00013286399999978826 1884
0.00013287599999989297 1885
0.00013295900000009908 1886
0.00013298399999994714 1885
0.00013298899999991676 1886
0.00013301900000017852 1887
0.0001330489999999962 1888
0.00013310400000010603 1887
0.00013311600000021073 1888
0.00013322399999982082 1887
0.00013323599999992553 1888
0.00013326799999990868 1889
0.0001333439999999797 1888
0.0001333560000000844 1889
0.00013346400000013858 1888
0.0001334759999997992 1889
0.00013358399999985338 1888
0.00013359599999995808 1889
0.00013370400000001226 1888
0.00013371600000011696 1889
0.00013372999999994306 1890
0.000133751999999987 1891
0.00013382400000017114 1890
0.00013383599999983176 1891
0.00013394399999988593 1890
0.00013395599999999064 1891
0.00013406400000004481 1890
0.00013407600000014952 1891
0.00013412599999984565 1892
0.0001341560000001074 1893
0.0001341840000002037 1892
0.0001341959999998643 1893
0.0001343039999999185 1892
0.0001343160000000232 1893
0.00013442400000007737 1892
0.00013443600000018208 1893
0.0001344930000000133 1894
0.00013454399999979216 1893
0.00013455599999989687 1894
0.0001345970000001806 1895
0.00013466399999995105 1894
0.00013467600000005575 1895
0.0001347360000001352 1896
0.00013478400000010993 1895
0.00013479600000021463 1896
0.00013483200000008466 1897
0.00013490399999982472 1896
0.00013491599999992943 1897
0.0001349300000001996 1898
0.00013498200000006122 1899
0.0001350239999999836 1898
0.0001350360000000883 1899
0.00013506599999990598 1900
0.00013509600000016775 1901
0.00013512599999998542 1902
0.00013514400000014248 1901
0.0001351559999998031 1902
0.00013518600000006487 1903
0.00013521599999988254 1904
0.0001352460000001443 1905
0.0001352599999999704 1906
0.00013526399999985728 1905
0.0001352739999997965 1906
0.00013530400000005827 1907
0.00013531799999988436 1908
0.0001353779999999638 1909
0.00013538400000001616 1908
0.00013540800000022557 1909
0.00013550400000017504 1908
0.00013557499999983236 1909
0.00013558900000010254 1910
0.00013561899999992022 1911
0.00013562399999988983 1910
0.00013564900000018199 1911
0.00013566300000000808 1912
0.00013574400000004871 1911
0.00013575600000015342 1912
0.0001357980000000758 1913
0.00013582799999989348 1914
0.0001358640000002076 1913
0.0001358759999998682 1914
0.0001359839999999224 1913
0.0001359960000000271 1914
0.00013609699999994618 1915
0.00013610400000008127 1914
0.00013612700000020794 1915
0.00013615700000002562 1916
0.0001361869999998433 1917
0.00013622399999979606 1916
0.00013623599999990077 1917
0.0001363030000001153 1918
0.0001363169999999414 1919
0.00013634399999995495 1918
0.00013635600000005965 1919
0.00013646400000011383 1918
0.00013647600000021853 1919
0.00013657800000022036 1920
0.00013658399999982862 1919
0.00013660800000003803 1920
0.0001366400000000212 1921
0.0001367039999999875 1920
0.0001367160000000922 1921
0.00013681800000009403 1922
0.00013682400000014638 1921
0.0001368479999999117 1922
0.0001368739999998425 1923
0.00013694399999986118 1924
0.00013694399999986118 1923
0.00013697400000012294 1924
0.00013706400000002006 1923
0.00013707600000012476 1924
0.00013714199999981247 1925
0.00013718400000017894 1924
0.00013719599999983956 1925
0.00013729199999978903 1926
0.00013730399999989373 1925
0.0001373220000000508 1926
0.0001373600000000863 1927
0.00013742400000005262 1926
0.00013743600000015732 1927
0.00013752800000021992 1928
0.0001375440000002115 1927
0.0001375580000000376 1928
0.0001376639999999263 1927
0.000137676000000031 1928
0.00013772000000011886 1929
0.00013778400000008517 1928
0.00013779600000018988 1929
0.00013786900000001268 1930
0.00013790399999979996 1929
0.00013791599999990467 1930
0.00013802399999995885 1929
0.00013803600000006355 1930
0.00013807599999982045 1931
0.00013814400000011773 1930
0.00013815600000022243 1931
0.00013825800000022426 1932
0.00013826399999983252 1931
0.00013828800000004193 1932
0.0001383839999999914 1931
0.0001383960000000961 1932
0.00013850400000015028 1931
0.0001385159999998109 1932
0.00013862399999986508 1931
0.00013863599999996978 1932
0.00013874400000002396 1931
0.00013875600000012867 1932
0.00013880000000021653 1933
0.00013886400000018284 1932
0.00013887599999984346 1933
0.00013890600000010522 1934
0.00013897799999984528 1935
0.00013898399999989763 1934
0.00013900800000010705 1935
0.00013910400000005652 1934
0.00013911600000016122 1935
0.00013912999999998732 1936
0.0001392240000002154 1935
0.00013923599999987601 1936
0.00013928600000001623 1937
0.00013932900000002135 1938
0.0001393439999999302 1937
0.00013935899999983903 1938
0.0001393890000001008 1939
0.00013941899999991847 1940
0.00013943300000018866 1941
0.00013946400000008907 1940
0.00013947600000019378 1941
0.00013958399999980386 1940
0.00013959599999990857 1941
0.00013963299999986134 1942
0.0001396630000001231 1943
0.00013970399999996275 1942
0.00013971600000006745 1943
0.00013975199999993748 1944
0.00013976600000020767 1945
0.00013979600000002534 1946
0.00013982400000012163 1945
0.00013983600000022633 1946
0.0001398730000001791 1947
0.00013994399999983642 1946
0.00013995599999994113 1947
0.0001400639999999953 1946
0.0001400760000001 1947
0.00014017800000010183 1948
0.00014018400000015419 1947
0.0001402079999999195 1948
0.0001402879999998774 1949
0.00014030399999986898 1948
0.00014031800000013916 1949
0.0001403660000001139 1950
0.00014042400000002786 1949
0.00014043600000013257 1950
0.00014046599999995024 1951
0.00014050199999982027 1952
0.00014054400000018674 1951
0.00014055599999984736 1952
0.00014059399999988287 1953
0.00014066399999990153 1952
0.00014067600000000624 1953
0.00014074300000022077 1954
0.00014078400000006042 1953
0.00014079600000016512 1954
0.0001408399999998089 1955
0.00014087000000007066 1956
0.0001409040000002193 1955
0.00014091599999987992 1956
0.0001410239999999341 1955
0.0001410360000000388 1956
0.00014114400000009297 1955
0.00014115600000019768 1956
0.00014118600000001535 1957
0.00014119999999984145 1958
0.00014126399999980777 1957
0.00014127599999991247 1958
0.00014138399999996665 1957
0.00014139600000007135 1958
0.00014145399999998531 1959
0.00014150400000012553 1958
0.00014151599999978615 1959
0.00014162399999984032 1958
0.00014163599999994503 1959
0.0001417439999999992 1958
0.0001417560000001039 1959
0.00014185800000010573 1960
0.00014186400000015809 1959
0.0001418879999999234 1960
0.0001419020000001936 1961
0.00014193200000001127 1962
0.00014198399999987288 1961
0.00014199599999997758 1962
0.00014210400000003176 1961
0.00014211600000013647 1962
0.00014214599999995414 1963
0.0001421760000002159 1964
0.00014220600000003358 1965
0.00014222400000019064 1964
0.00014223599999985126 1965
0.00014226600000011302 1966
0.00014234399999990544 1965
0.00014235600000001014 1966
0.00014242200000014194 1967
0.00014246400000006432 1966
0.00014247600000016902 1967
0.00014252599999986515 1968
0.0001425840000002232 1967
0.00014269799999988564 1968
0.000142703999999938 1967
0.0001427280000001474 1968
0.00014282400000009687 1967
0.00014283600000020158 1968
0.0001429189999999636 1969
0.00014294399999981167 1968
0.00014295599999991637 1969
0.00014306399999997055 1968
0.00014307600000007525 1969
0.00014318400000012943 1968
0.00014319599999979005 1969
0.00014330399999984422 1968
0.00014331599999994893 1969
0.00014338200000008072 1970
0.0001434240000000031 1969
0.0001434360000001078 1970
0.00014348699999988668 1971
0.00014351700000014844 1972
0.000143544000000162 1971
0.00014354699999996612 1972
0.00014357700000022788 1973
0.0001436219999999544 1974
0.00014366399999987678 1973
0.00014367599999998149 1974
0.00014372000000006935 1975
0.00014378400000003566 1974
0.00014383300000009314 1975
0.00014390400000019454 1974
0.00014390900000016416 1975
0.00014402399999990934 1974
0.0001440800000001019 1975
0.00014414400000006822 1974
0.00014415600000017292 1975
0.0001442640000002271 1974
0.00014427599999988772 1975
0.0001443839999999419 1974
0.00014442400000014288 1975
0.00014445399999996056 1976
0.00014450400000010077 1975
0.00014451600000020548 1976
0.00014453000000003158 1977
0.00014458199999989318 1978
0.00014461499999995908 1979
0.00014462399999981557 1978
0.00014468000000000814 1979
0.0001447379999999221 1980
0.00014474399999997445 1979
0.00014476800000018386 1980
0.00014480600000021937 1981
0.00014483600000003705 1982
0.00014484999999986314 1983
0.00014486400000013333 1982
0.00014498399999984812 1981
0.000145104000000007 1980
0.00014510899999997662 1981
0.0001452240000001659 1980
0.00014527200000014062 1981
0.00014534399999988068 1980
0.00014542200000011718 1981
0.00014546400000003956 1980
0.00014553199999989275 1981
0.00014558400000019844 1980
0.00014560099999982867 1981
0.00014561500000009886 1982
0.0001456630000000736 1983
0.00014569799999986088 1984
0.00014570399999991324 1983
0.00014571200000013107 1984
0.0001457600000001058 1985
0.0001457739999999319 1986
0.00014581800000001977 1987
0.00014582400000007212 1986
0.00014583199999984586 1987
0.00014585800000022076 1988
0.00014590400000003 1989
0.0001459439999997869 1988
0.00014600600000003183 1989
0.0001460639999999458 1988
0.00014618400000010467 1987
0.000146201000000179 1988
0.0001462459999999055 1989
0.00014630399999981947 1988
0.00014631599999992417 1989
0.00014633000000019436 1990
0.00014635600000012516 1991
0.00014642399999997835 1990
0.00014642899999994796 1991
0.0001465290000002284 1992
0.00014654400000013723 1991
0.00014654900000010684 1992
0.0001465949999999161 1993
0.00014666399999985202 1992
0.00014668099999992634 1993
0.0001467129999999095 1994
0.0001467840000000109 1993
0.0001469040000001698 1992
0.0001469749999998271 1993
0.00014702399999988458 1992
0.00014710300000020382 1993
0.0001471379999999911 1994
0.00014714400000004346 1993
0.00014716799999980879 1994
0.00014718200000007897 1995
0.00014725800000015 1996
0.00014726400000020234 1995
0.0001472719999999761 1996
0.0001473690000000083 1997
0.0001473829999998344 1998
0.00014738399999991714 1997
0.00014739700000010458 1998
0.00014750400000007602 1997
0.00014752100000015034 1998
0.00014753499999997643 1999
0.0001475649999997941 2000
0.0001475790000000643 2001
0.0001476239999997908 2000
0.00014768700000011847 2001
0.00014773799999989734 2002
0.0001477439999999497 2001
0.0001477680000001591 2002
0.00014780600000019462 2003
0.00014786400000010858 2002
0.00014791999999985705 2003
0.00014798399999982337 2002
0.00014798899999979298 2003
0.0001480890000000734 2004
0.00014810399999998225 2003
0.00014814099999993502 2004
0.0001481550000002052 2005
0.0001481690000000313 2006
0.00014821700000000604 2007
0.00014822400000014113 2006
0.00014823099999983214 2007
0.00014824500000010232 2008
0.00014830199999993354 2009
0.00014834399999985592 2008
0.00014837500000020043 2009
0.00014838900000002653 2010
0.0001484640000000148 2009
0.00014846899999998442 2010
0.0001485840000001737 2009
0.0001485890000001433 2010
0.00014865300000010961 2011
0.0001486829999999273 2012
0.00014870399999988848 2011
0.00014871300000018906 2012
0.00014874300000000673 2013
0.00014875699999983283 2014
0.00014882400000004736 2013
0.00014882900000001698 2014
0.00014890100000020112 2015
0.00014893999999987528 2016
0.00014894400000020624 2015
0.00014906399999992104 2014
0.00014907600000002574 2015
0.00014910599999984342 2016
0.0001491200000001136 2017
0.00014918400000007992 2016
0.00014918900000004953 2017
0.00014923499999985879 2018
0.00014924900000012897 2019
0.00014929800000018645 2020
0.0001493039999997947 2019
0.00014931200000001255 2020
0.00014932599999983864 2021
0.0001494239999999536 2020
0.0001494289999999232 2021
0.000149495000000055 2022
0.00014954400000011248 2021
0.0001495490000000821 2022
0.0001496059999999133 2023
0.00014964899999991843 2024
0.00014966399999982727 2023
0.0001497260000000722 2024
0.0001497690000000773 2025
0.00014978399999998615 2024
0.00014990400000014503 2023
0.00014990900000011464 2024
0.00015002399999985983 2023
0.00015002899999982944 2024
0.00015007600000016552 2025
0.0001501440000000187 2024
0.00015014899999998832 2025
0.00015022199999981112 2026
0.0001502640000001776 2025
0.0001502690000001472 2026
0.00015038399999989238 2025
0.000150388999999862 2026
0.00015050400000005126 2025
0.00015056800000001758 2026
0.00015062400000021015 2025
0.00015070200000000256 2026
0.00015071599999982865 2027
0.00015074399999992494 2026
0.00015074899999989455 2027
0.00015086400000008382 2026
0.0001509839999997986 2025
0.00015098900000021231 2026
0.00015107900000010943 2027
0.0001511039999999575 2026
0.0001511089999999271 2027
0.00015113099999997104 2028
0.00015122400000011638 2027
0.00015123199999989012 2028
0.00015131299999993075 2029
0.00015134399999983117 2028
0.00015134899999980078 2029
0.0001514199999999022 2030
0.0001514560000002163 2031
0.00015146399999999005 2030
0.0001514700000000424 2031
0.00015152599999979088 2032
0.00015158400000014893 2031
0.00015158900000011855 2032
0.00015166199999994134 2033
0.00015170399999986373 2032
0.00015178200000010023 2033
0.00015180900000011377 2034
0.0001518240000000226 2033
0.00015182899999999222 2034
0.0001519440000001815 2033
0.00015206399999989628 2032
0.0001520689999998659 2033
0.00015218400000005516 2032
0.00015222100000000793 2033
0.00015223499999983403 2034
0.0001522980000001617 2035
0.00015230400000021405 2034
0.00015242399999992884 2033
0.00015242899999989845 2034
0.00015249500000003025 2035
0.00015254400000008772 2034
0.00015254900000005733 2035
0.00015257799999979227 2036
0.0001526140000001064 2037
0.00015264399999992406 2038
0.0001526639999998025 2037
0.00015268099999987683 2038
0.00015269500000014702 2039
0.00015270899999997312 2040
0.0001527839999999614 2039
0.000152788999999931 2040
0.00015290300000003754 2041
0.00015290400000012028 2040
0.00015291699999986363 2041
0.00015302399999983507 2040
0.00015302899999980468 2041
0.00015314399999999395 2040
0.00015315200000021179 2041
0.00015316600000003788 2042
0.0001532489999997999 2043
0.00015326400000015283 2042
0.00015326900000012245 2043
0.00015338399999986763 2042
0.00015338899999983724 2043
0.00015344600000011255 2044
0.0001535040000000265 2043
0.00015353800000017515 2044
0.0001536240000001854 2043
0.000153629000000155 2044
0.00015374399999990018 2043
0.0001537609999999745 2044
0.0001537749999998006 2045
0.000153839000000211 2046
0.00015386400000005906 2045
0.00015386900000002868 2046
0.0001539780000001656 2047
0.00015398400000021795 2046
0.0001539919999999917 2047
0.00015410399999993274 2046
0.00015410899999990235 2047
0.00015422400000009162 2046
0.00015422900000006123 2047
0.00015424299999988733 2048
0.00015434399999980641 2047
0.00015434900000022012 2048
0.00015442200000004291 2049
0.000154435999999869 2050
0.0001544639999999653 2049
0.0001544689999999349 2050
0.0001545680000001326 2051
0.00015458400000012418 2050
0.00015460500000008537 2051
0.00015461899999991147 2052
0.00015466299999999933 2053
0.00015470399999983897 2052
0.00015470899999980858 2053
0.00015478200000007547 2054
0.00015482399999999785 2053
0.00015482899999996746 2054
0.00015493999999982577 2055
0.00015494400000015673 2054
0.0001550070000000403 2055
0.00015506399999987153 2054
0.00015506899999984114 2055
0.00015512600000011645 2056
0.00015514899999979903 2057
0.00015516300000006922 2058
0.0001551840000000304 2057
0.00015518900000000002 2058
0.0001553040000001893 2057
0.0001553090000001589 2058
0.00015541199999979938 2059
0.00015542399999990408 2058
0.0001554289999998737 2059
0.00015550200000014058 2060
0.00015553199999995826 2061
0.00015554400000006297 2060
0.00015554900000003258 2061
0.0001555519999998367 2062
0.00015566400000022185 2061
0.00015566900000019146 2062
0.00015571899999988759 2063
0.00015578399999993664 2062
0.00015578899999990625 2063
0.00015590400000009552 2062
0.00015590900000006513 2063
0.00015602399999981031 2062
0.0001560450000002156 2063
0.0001561439999999692 2062
0.0001561489999999388 2063
0.0001562220000002057 2064
0.00015626400000012808 2063
0.00015637200000018225 2064
0.00015638399999984287 2063
0.00015638899999981248 2064
0.00015650400000000175 2063
0.00015650899999997137 2064
0.00015656000000019432 2065
0.00015662400000016063 2064
0.00015662900000013025 2065
0.0001566870000000442 2066
0.00015673100000013207 2067
0.00015674399999987543 2066
0.0001568640000000343 2065
0.00015686900000000392 2066
0.0001569840000001932 2065
0.0001569890000001628 2066
0.00015703999999994167 2067
0.0001570690000001207 2068
0.00015710399999990798 2067
0.0001571089999998776 2068
0.00015722400000006687 2067
0.00015722900000003648 2068
0.00015727999999981535 2069
0.00015734400000022575 2068
0.00015734900000019536 2069
0.00015742200000001816 2070
0.00015745400000000132 2071
0.00015746399999994054 2070
0.00015746899999991015 2071
0.00015758400000009942 2070
0.00015758900000006903 2071
0.00015769800000020595 2072
0.00015770399999981422 2071
0.00015772800000002363 2072
0.00015774199999984972 2073
0.0001578239999999731 2072
0.0001578289999999427 2073
0.00015794400000013198 2072
0.0001579490000001016 2073
0.00015803699999983323 2074
0.00015806399999984677 2073
0.00015812000000003934 2074
0.00015818400000000565 2073
0.00015818899999997527 2074
0.00015830400000016454 2073
0.00015830900000013415 2074
0.0001583880000000093 2075
0.0001584089999999705 2076
0.00015842399999987933 2075
0.00015842899999984894 2076
0.0001585440000000382 2075
0.00015854900000000782 2076
0.00015860599999983904 2077
0.00015865499999989652 2078
0.0001586640000001971 2077
0.0001586690000001667 2078
0.0001586829999999928 2079
0.0001587419999999895 2080
0.00015878399999991188 2079
0.00015890400000007077 2078
0.00015897500000017217 2079
0.00015898899999999827 2080
0.00015902399999978556 2079
0.00015902900000019926 2080
0.00015907999999997813 2081
0.0001591099999997958 2082
0.000159124000000066 2083
0.0001591379999998921 2084
0.00015914399999994444 2083
0.00015922200000018094 2084
0.00015923600000000704 2085
0.00015926400000010332 2084
0.00015927600000020803 2085
0.00015929000000003413 2086
0.00015932599999990416 2087
0.00015935600000016592 2088
0.00015938399999981812 2087
0.00015948900000006816 2088
0.000159503999999977 2087
0.00015956699999986057 2088
0.00015962400000013588 2087
0.0001596359999997965 2088
0.00015966600000005826 2089
0.00015967999999988436 2090
0.00015971199999986752 2091
0.00015974399999985067 2090
0.00015974899999982028 2091
0.00015986400000000955 2090
0.00015986899999997917 2091
0.00015996800000017686 2092
0.00015998200000000296 2093
0.00015998400000016844 2092
0.00015999599999982905 2093
0.0001600420000000824 2094
0.0001600559999999085 2095
0.00016009299999986126 2096
0.00016010399999988323 2095
0.00016010899999985284 2096
0.0001602240000000421 2095
0.00016022900000001172 2096
0.00016030699999980413 2097
0.000160344000000201 2096
0.00016037600000018415 2097
0.00016046399999991579 2096
0.0001604689999998854 2097
0.0001605260000001607 2098
0.0001605399999999868 2099
0.00016058400000007467 2098
0.00016070399999978946 2097
0.00016070900000020316 2098
0.00016082399999994834 2097
0.0001608609999999011 2098
0.0001608750000001713 2099
0.00016094400000010722 2098
0.00016094900000007684 2099
0.00016106399999982202 2098
0.00016106899999979163 2099
0.00016112600000006694 2100
0.0001611839999999809 2099
0.0001611889999999505 2100
0.00016128899999978685 2101
0.00016130400000013978 2100
0.0001613090000001094 2101
0.00016142399999985457 2100
0.00016142899999982419 2101
0.0001615030000001738 2102
0.00016154400000001345 2101
0.00016154899999998307 2102
0.00016164499999993254 2103
0.00016165900000020272 2104
0.00016166400000017234 2103
0.00016167300000002882 2104
0.00016172599999997317 2105
0.00016173999999979927 2106
0.00016178399999988713 2105
0.00016178899999985674 2106
0.000161904000000046 2105
0.00016190900000001562 2106
0.00016196599999984684 2107
0.0001619960000001086 2108
0.0001620240000002049 2107
0.0001620290000001745 2108
0.00016214399999991969 2107
0.00016226400000007857 2106
0.00016226900000004818 2107
0.00016238399999979336 2106
0.00016238900000020706 2107
0.00016243600000009906 2108
0.00016250399999995224 2107
0.00016251600000005695 2108
0.00016252999999988305 2109
0.00016262400000011112 2108
0.00016262900000008074 2109
0.00016271500000009098 2110
0.00016274399999982592 2109
0.00016274899999979553 2110
0.0001628639999999848 2109
0.0001628689999999544 2110
0.00016298400000014368 2109
0.0001629890000001133 2110
0.00016310399999985847 2109
0.00016310899999982809 2110
0.00016317399999987714 2111
0.00016322400000001736 2110
0.0001632389999999262 2111
0.00016325300000019638 2112
0.0001633100000000276 2113
0.00016334400000017624 2112
0.00016334900000014585 2113
0.00016346399999989103 2112
0.0001635840000000499 2111
0.00016358900000001952 2112
0.0001637040000002088 2111
0.00016382399999992359 2110
0.0001638289999998932 2111
0.00016392900000017363 2112
0.00016394400000008247 2111
0.0001640510000000539 2112
0.00016406399999979726 2111
0.00016406900000021096 2112
0.00016418399999995614 2111
0.00016418899999992576 2112
0.00016428099999998835 2113
0.00016430400000011502 2112
0.00016430900000008464 2113
0.00016442399999982982 2112
0.00016442899999979943 2113
0.0001645439999999887 2112
0.0001645489999999583 2113
0.00016466400000014758 2112
0.00016478399999986237 2111
0.00016490400000002126 2110
0.00016502400000018014 2109
0.0001651289999999861 2110
0.00016514399999989493 2109
0.0001652640000000538 2108
0.00016526900000002342 2109
0.00016536899999985977 2110
0.0001653840000002127 2109
0.0001655039999999275 2108
0.00016562400000008637 2109
0.00016562400000008637 2108
0.00016574399999980116 2107
0.00016586399999996004 2106
0.00016587200000017788 2107
0.00016598400000011893 2106
0.00016604499999983702 2107
0.00016610399999983372 2106
0.0001662239999999926 2105
0.00016631899999985933 2106
0.00016634400000015148 2105
0.00016646399999986627 2104
0.0001664720000000841 2105
0.0001665590000001771 2106
0.00016658400000002516 2105
0.00016658899999999477 2106
0.00016670400000018404 2105
0.00016674700000018916 2106
0.00016682399999989883 2105
0.00016692900000014887 2106
0.0001669440000000577 2105
0.00016706300000013385 2106
0.0001670640000002166 2105
0.00016707699999995995 2106
0.0001671839999999314 2105
0.00016727100000002437 2106
0.00016730400000009027 2105
0.00016740100000012248 2106
0.00016742399999980506 2105
0.0001675290000000551 2106
0.00016754399999996394 2105
0.00016766400000012283 2104
0.00016767600000022753 2105
0.00016771899999978856 2106
0.00016778399999983762 2105
0.00016779599999994232 2106
0.0001678100000002125 2107
0.0001679039999999965 2106
0.00016802400000015538 2105
0.00016814399999987018 2104
0.00016826400000002906 2103
0.00016838400000018794 2102
0.00016850399999990273 2101
0.00016851600000000744 2102
0.0001686240000000616 2101
0.00016867900000017144 2102
0.00016872899999986757 2103
0.0001687440000002205 2102
0.00016884900000002645 2103
0.0001688639999999353 2102
0.00016898400000009417 2101
0.00016906900000002167 2102
0.00016910399999980896 2101
0.00016922399999996784 2100
0.00016934400000012673 2099
0.00016946399999984152 2098
0.00016953399999986019 2099
0.0001695840000000004 2098
0.00016970400000015928 2097
0.00016982399999987408 2096
0.00016994400000003296 2095
0.00017006400000019184 2094
0.00017006900000016145 2095
0.00017016100000022405 2096
0.00017017500000005015 2097
0.00017018399999990663 2096
0.00017030400000006551 2095
0.0001704240000002244 2094
0.0001704830000002211 2095
0.0001705439999999392 2094
0.00017063899999980592 2095
0.0001706530000000761 2096
0.00017066400000009807 2095
0.00017078399999981286 2094
0.00017090399999997175 2093
0.00017101499999983005 2094
0.00017102400000013063 2093
0.00017102900000010024 2094
0.00017114399999984542 2093
0.0001712640000000043 2092
0.00017138400000016318 2091
0.0001713959999998238 2092
0.00017145400000018185 2093
0.00017150399999987798 2092
0.00017157399999989664 2093
0.00017162400000003686 2092
0.0001717189999999036 2093
0.00017174400000019574 2092
0.00017179899999986148 2093
0.00017186399999991053 2092
0.00017187600000001524 2093
0.00017194499999995116 2094
0.00017198400000006941 2093
0.0001721040000002283 2092
0.0001722239999999431 2091
0.00017234400000010197 2090
0.00017246399999981676 2089
0.00017249500000016127 2090
0.0001725690000000668 2091
0.00017258399999997565 2090
0.00017270400000013453 2089
0.00017282399999984932 2088
0.0001729440000000082 2087
0.00017306400000016708 2086
0.00017318399999988188 2085
0.00017330400000004076 2084
0.00017330900000001037 2085
0.00017340700000012532 2086
0.00017342400000019964 2085
0.00017348100000003086 2084
0.00017360100000018974 2083
0.00017372099999990454 2082
0.00017373300000000924 2083
0.00017384100000006342 2082
0.0001739610000002223 2081
0.0001740809999999371 2080
0.00017409400000012454 2081
0.00017416699999994734 2082
0.0001741989999999305 2083
0.00017420100000009597 2082
0.0001742490000000707 2083
0.00017432099999981077 2082
0.00017444099999996965 2081
0.00017456100000012853 2080
0.00017468099999984332 2079
0.00017469400000003077 2080
0.00017474099999992276 2081
0.0001748010000000022 2080
0.0001749210000001611 2079
0.00017504099999987588 2078
0.00017516100000003476 2077
0.00017528100000019364 2076
0.00017540099999990844 2075
0.00017552100000006732 2074
0.00017557100000020753 2075
0.00017560700000007756 2076
0.0001756410000002262 2075
0.00017570900000007939 2076
0.00017572299999990548 2077
0.000175760999999941 2076
0.00017588100000009987 2075
0.00017600099999981467 2074
0.00017612099999997355 2073
0.00017624100000013243 2072
0.00017636099999984722 2071
0.0001764810000000061 2070
0.000176601000000165 2069
0.00017672099999987978 2068
0.00017684100000003866 2067
0.00017696100000019754 2066
0.00017708099999991234 2065
0.0001771009999997908 2066
0.00017720100000007122 2065
0.00017725100000021143 2066
0.000177320999999786 2065
0.0001774409999999449 2064
0.00017756100000010377 2063
0.00017768099999981857 2062
0.0001777289999997933 2063
0.00017780099999997745 2062
0.00017792100000013633 2061
0.00017801399999983758 2062
0.00017804099999985112 2061
0.00017806100000017366 2062
0.00017816100000001 2061
0.0001782810000001689 2060
0.00017840099999988368 2059
0.00017844899999985842 2060
0.00017852100000004256 2059
0.00017858899999989575 2060
0.00017864100000020144 2059
0.00017876099999991624 2058
0.00017888100000007512 2057
0.00017898099999991146 2058
0.0001790009999997899 2057
0.0001791209999999488 2056
0.00017924100000010768 2055
0.00017936099999982247 2054
0.00017948099999998135 2053
0.00017960100000014023 2052
0.00017964900000011497 2053
0.00017966299999994106 2054
0.00017972099999985502 2053
0.0001798410000000139 2052
0.0001799089999998671 2053
0.0001799610000001728 2052
0.00018008099999988758 2051
0.0001801310000000278 2052
0.00018020100000004646 2051
0.0001802490000000212 2052
0.00018032100000020534 2051
0.00018037800000003656 2050
0.00018042899999981543 2051
0.00018044300000008562 2052
0.00018049800000019545 2051
0.00018051200000002154 2052
0.00018061799999991024 2051
0.00018073800000006912 2050
0.00018084899999992743 2051
0.000180858000000228 2050
0.0001809779999999428 2049
0.0001810889999998011 2050
0.00018109800000010168 2049
0.00018117300000008996 2050
0.00018121799999981647 2049
0.00018127500000009178 2048
0.00018139499999980657 2047
0.0001814289999999552 2048
0.00018151499999996545 2047
0.00018163500000012434 2046
0.00018175499999983913 2045
0.000181874999999998 2044
0.0001819950000001569 2043
0.00018211499999987169 2042
0.00018213300000002874 2043
0.00018223500000003057 2042
0.00018235500000018945 2041
0.00018245100000013892 2042
0.00018247499999990424 2041
0.00018259500000006312 2040
0.00018260899999988922 2041
0.000182715000000222 2040
0.0001828349999999368 2039
0.00018285300000009386 2040
0.00018295500000009568 2039
0.00018307499999981047 2038
0.00018319499999996935 2037
0.00018331500000012824 2036
0.00018343499999984303 2035
0.0001835550000000019 2034
0.0001836750000001608 2033
0.00018379499999987559 2032
0.00018391500000003447 2031
0.0001839719999998657 2030
0.00018398000000008352 2031
0.00018409200000002457 2030
0.00018421200000018345 2029
0.00018433199999989824 2028
0.00018445200000005713 2027
0.000184572000000216 2026
0.0001846919999999308 2025
0.0001847630000000322 2026
0.00018481200000008968 2025
0.00018493199999980448 2024
0.00018505199999996336 2023
0.00018509600000005122 2024
0.00018517200000012224 2023
0.00018529199999983703 2022
0.0001854119999999959 2021
0.0001855320000001548 2020
0.0001856519999998696 2019
0.00018577200000002847 2018
0.00018589200000018735 2017
0.00018601199999990214 2016
0.00018602000000011998 2017
0.00018613200000006103 2016
0.0001862520000002199 2015
0.0001863719999999347 2014
0.00018649200000009358 2013
0.00018661199999980838 2012
0.00018673199999996726 2011
0.00018685200000012614 2010
0.00018697199999984093 2009
0.00018709199999999981 2008
0.0001872120000001587 2007
0.00018726899999998992 2006
0.0001873890000001488 2005
0.0001875089999998636 2004
0.00018762900000002247 2003
0.00018774900000018135 2002
0.0001877569999999551 2003
0.00018786899999989615 2002
0.00018792600000017146 2001
0.00018804599999988625 2000
0.00018816600000004513 1999
0.000188286000000204 1998
0.0001884059999999188 1997
0.0001885260000000777 1996
0.000188543000000152 1997
0.00018864599999979248 1996
0.00018876599999995136 1995
0.00018888600000011024 1994
0.00018900599999982504 1993
0.00018912599999998392 1992
0.0001892460000001428 1991
0.00018932700000018343 1992
0.00018934100000000953 1993
0.0001893659999998576 1992
0.00018948600000001647 1991
0.0001895429999998477 1990
0.00018966300000000658 1989
0.0001896800000000809 1990
0.00018978300000016546 1989
0.00018990299999988025 1988
0.00019002300000003913 1987
0.00019014300000019801 1986
0.00019015999999982824 1987
0.0001902629999999128 1986
0.00019027999999998713 1987
0.0001903830000000717 1986
0.00019050299999978648 1985
0.00019054699999987434 1986
0.00019062299999994536 1985
0.00019074300000010425 1984
0.00019086299999981904 1983
0.00019098299999997792 1982
0.0001911030000001368 1981
0.00019112000000021112 1982
0.0001912229999998516 1981
0.00019126699999993946 1982
0.00019134300000001048 1981
0.00019146300000016936 1980
0.0001915370000000749 1981
0.00019158299999988415 1980
0.0001916569999997897 1981
0.00019170300000004303 1980
0.00019182300000020192 1979
0.0001919429999999167 1978
0.0001920630000000756 1977
0.00019212800000012464 1978
0.00019213699999998113 1979
0.00019218299999979038 1978
0.00019225700000014 1979
0.00019230299999994926 1978
0.00019236799999999832 1979
0.0001923769999998548 1980
0.00019242300000010815 1979
0.00019252400000002723 1980
0.00019254299999982294 1979
0.00019262399999986357 1980
0.00019266299999998182 1979
0.0001927830000001407 1978
0.00019286400000018133 1979
0.00019287800000000743 1980
0.0001929029999998555 1979
0.000192940999999891 1980
0.00019302300000001438 1979
0.00019309699999991992 1980
0.00019314300000017326 1979
0.0001932170000000788 1980
0.00019326299999988805 1979
0.0001933369999997936 1980
0.00019338300000004693 1979
0.00019350300000020582 1978
0.00019357700000011135 1979
0.0001936229999999206 1978
0.0001937430000000795 1977
0.0001937949999999411 1978
0.00019386299999979428 1977
0.0001939370000001439 1978
0.00019398299999995317 1977
0.0001940569999998587 1978
0.00019410300000011205 1977
0.00019422299999982684 1976
0.00019434299999998572 1975
0.0001944630000001446 1974
0.0001945829999998594 1973
0.00019470300000001828 1972
0.00019471400000004024 1973
0.00019482300000017716 1972
0.0001949180000000439 1973
0.00019494299999989195 1972
0.00019506300000005083 1971
0.00019518300000020972 1970
0.0001953029999999245 1969
0.00019540499999992633 1970
0.0001954230000000834 1969
0.00019554299999979818 1968
0.00019561100000009546 1969
0.00019566299999995707 1968
0.00019578300000011595 1967
0.00019590299999983074 1966
0.00019597100000012802 1967
0.00019602299999998962 1966
0.0001960909999998428 1967
0.0001961430000001485 1966
0.0001962629999998633 1965
0.00019638300000002218 1964
0.0001964399999998534 1963
0.0001964779999998889 1964
0.00019656000000001228 1963
0.00019668000000017116 1962
0.00019679999999988596 1961
0.0001968080000001038 1962
0.00019692000000004484 1961
0.00019704000000020372 1960
0.0001971599999999185 1959
0.00019717499999982735 1960
0.00019719799999995402 1961
0.0001972800000000774 1960
0.0001973180000001129 1961
0.00019739999999979219 1960
0.00019751999999995107 1959
0.00019764000000010995 1958
0.00019775999999982474 1957
0.00019787999999998362 1956
0.00019791800000001913 1957
0.0001979479999998368 1958
0.0001980000000001425 1957
0.0001981199999998573 1956
0.00019824000000001618 1955
0.00019836000000017506 1954
0.00019847999999988986 1953
0.00019860000000004874 1952
0.00019872000000020762 1951
0.00019875799999979904 1952
0.0001988399999999224 1951
0.0001989600000000813 1950
0.00019902799999993448 1951
0.0001990799999997961 1950
0.00019919999999995497 1949
0.00019926799999980815 1950
0.00019932000000011385 1949
0.00019943999999982864 1948
0.00019947799999986415 1949
0.00019950800000012592 1950
0.00019955999999998753 1949
0.00019962500000003658 1950
0.0001996800000001464 1949
0.0001997999999998612 1948
0.00019992000000002008 1947
0.00020004000000017896 1946
0.00020007800000021447 1947
0.00020010800000003215 1948
0.00020015999999989376 1947
0.0002002249999999428 1948
0.00020028000000005264 1947
0.00020031800000008815 1948
0.00020040000000021152 1947
0.0002005199999999263 1946
0.0002005880000002236 1947
0.0002006400000000852 1946
0.0002007599999998 1945
0.0002008170000000753 1944
0.00020083499999978827 1945
0.0002009369999997901 1944
0.00020105699999994897 1943
0.00020115799999986805 1944
0.00020117700000010785 1943
0.00020129699999982265 1942
0.0002013079999998446 1943
0.00020141699999998153 1942
0.0002015370000001404 1941
0.0002016569999998552 1940
0.00020177700000001408 1939
0.00020189700000017297 1938
0.00020193500000020848 1939
0.00020201699999988776 1938
0.0002020250000001056 1939
0.00020213700000004664 1938
0.00020217500000008215 1939
0.00020225700000020552 1938
0.0002022680000002275 1939
0.00020237699999992032 1938
0.00020241499999995582 1939
0.0002024970000000792 1938
0.000202616999999794 1937
0.00020273699999995287 1936
0.00020277499999998838 1937
0.00020285700000011175 1936
0.00020286800000013372 1937
0.00020289500000014726 1938
0.00020297699999982655 1937
0.0002029879999998485 1938
0.00020309699999998543 1937
0.0002032170000001443 1936
0.00020322800000016628 1937
0.0002033369999998591 1936
0.00020334799999988107 1937
0.00020345700000001798 1936
0.00020357700000017687 1935
0.00020369699999989166 1934
0.00020381700000005054 1933
0.00020385500000008605 1934
0.00020393700000020942 1933
0.0002040050000000626 1934
0.00020405699999992422 1933
0.0002041770000000831 1932
0.00020424499999993628 1933
0.0002042969999997979 1932
0.00020441699999995677 1931
0.00020453700000011565 1930
0.00020465699999983045 1929
0.00020477699999998933 1928
0.0002048970000001482 1927
0.000205016999999863 1926
0.00020513700000002189 1925
0.00020525700000018077 1924
0.00020529500000021628 1925
0.00020537699999989556 1924
0.00020549700000005444 1923
0.00020553500000008995 1924
0.00020561700000021332 1923
0.00020565499999980474 1924
0.00020573699999992812 1923
0.000205857000000087 1922
0.0002059769999998018 1921
0.00020604500000009907 1922
0.00020609699999996067 1921
0.0002061539999997919 1920
0.00020627399999995077 1919
0.00020633100000022608 1918
0.00020645099999994088 1917
0.00020657100000009976 1916
0.00020669099999981455 1915
0.00020681099999997343 1914
0.00020693100000013231 1913
0.0002070509999998471 1912
0.000207171000000006 1911
0.00020724499999991153 1912
0.00020729100000016487 1911
0.00020741099999987966 1910
0.0002074850000002293 1911
0.00020753100000003855 1910
0.00020765100000019743 1909
0.0002077520000001165 1910
0.00020777099999991222 1909
0.00020784499999981776 1910
0.0002078910000000711 1909
0.0002080109999997859 1908
0.00020813099999994478 1907
0.00020822900000005973 1908
0.00020825100000010366 1907
0.00020832200000020507 1908
0.00020837099999981845 1907
0.00020849099999997733 1906
0.00020861100000013622 1905
0.000208730999999851 1904
0.0002088510000000099 1903
0.00020886200000003186 1904
0.00020897100000016877 1903
0.00020909099999988356 1902
0.00020910199999990553 1903
0.00020916699999995458 1904
0.00020921100000004245 1903
0.00020933100000020133 1902
0.0002093959999998063 1903
0.00020945099999991612 1902
0.000209571000000075 1901
0.00020964700000014602 1902
0.0002096909999997898 1901
0.00020981099999994868 1900
0.00020993100000010756 1899
0.00020994200000012953 1900
0.00021005099999982235 1899
0.00021017099999998123 1898
0.00021022799999981245 1897
0.00021034799999997134 1896
0.00021042199999987687 1897
0.00021046800000013022 1896
0.000210587999999845 1895
0.00021066200000019464 1896
0.0002107080000000039 1895
0.00021078199999990943 1896
0.00021082800000016277 1895
0.0002109020000000683 1896
0.00021094799999987757 1895
0.00021100500000015288 1894
0.00021112499999986767 1893
0.000211141999999942 1894
0.00021124500000002655 1893
0.00021126200000010087 1894
0.00021131600000012796 1895
0.00021136500000018543 1894
0.00021148499999990023 1893
0.0002116050000000591 1892
0.00021162200000013343 1893
0.000211725000000218 1892
0.00021184499999993278 1891
0.0002118620000000071 1892
0.00021196500000009166 1891
0.00021202199999992288 1890
0.00021214200000008177 1889
0.00021222200000003966 1890
0.00021226199999979656 1889
0.00021231900000007187 1888
0.00021234200000019854 1889
0.00021243899999978666 1888
0.00021255899999994554 1887
0.0002125820000000722 1888
0.00021267900000010442 1887
0.00021279899999981922 1886
0.0002128219999999459 1887
0.0002129189999999781 1886
0.00021303900000013698 1885
0.00021306199999981956 1886
0.00021315899999985177 1885
0.00021327900000001065 1884
0.00021330200000013733 1885
0.00021339900000016954 1884
0.00021342199999985212 1885
0.00021351899999988433 1884
0.00021359899999984222 1885
0.0002136390000000432 1884
0.0002137590000002021 1883
0.00021377599999983232 1884
0.00021387899999991689 1883
0.0002138959999999912 1884
0.0002139360000001922 1883
0.00021401600000015009 1884
0.000214055999999907 1883
0.00021413599999986488 1884
0.00021417600000006587 1883
0.00021429600000022475 1882
0.00021441599999993954 1881
0.00021449599999989744 1882
0.00021453600000009843 1881
0.00021461600000005632 1882
0.00021465599999981322 1881
0.0002147360000002152 1882
0.0002147759999999721 1881
0.00021483299999980332 1880
0.0002149529999999622 1879
0.00021507300000012108 1878
0.00021519299999983588 1877
0.00021531299999999476 1876
0.00021536999999982598 1875
0.00021545599999983622 1876
0.00021548999999998486 1875
0.00021554699999981608 1874
0.0002155759999999951 1875
0.00021566699999997496 1874
0.00021578700000013384 1873
0.00021581599999986878 1874
0.00021590699999984864 1873
0.00021593600000002766 1874
0.00021602700000000752 1873
0.0002161470000001664 1872
0.0002162669999998812 1871
0.00021629600000006022 1872
0.00021638700000004008 1871
0.00021650000000006386 1872
0.00021650700000019896 1871
0.0002165359999999339 1872
0.00021662699999991375 1871
0.00021665600000009277 1872
0.00021674700000007263 1871
0.00021677599999980757 1872
0.00021680399999990385 1871
0.00021686100000017916 1870
0.00021689599999996645 1871
0.00021698099999989395 1870
0.00021710100000005284 1869
0.00021713599999984012 1870
0.00021722100000021172 1869
0.000217255999999999 1870
0.0002173409999999265 1869
0.0002173760000001579 1870
0.0002174610000000854 1869
0.00021758099999980018 1868
0.00021767299999986278 1869
0.00021770099999995907 1868
0.00021779300000002166 1869
0.00021782100000011795 1868
0.00021791300000018055 1869
0.00021794099999983274 1868
0.00021806099999999162 1867
0.0002181810000001505 1866
0.0002182730000002131 1867
0.0002183009999998653 1866
0.00021842100000002418 1865
0.00021854100000018306 1864
0.00021866099999989785 1863
0.00021878100000005674 1862
0.00021880999999979167 1863
0.00021890100000021562 1862
0.0002190209999999304 1861
0.00021905000000010943 1862
0.0002191410000000893 1861
0.00021916999999982423 1862
0.00021926099999980408 1861
0.0002193109999999443 1862
0.00021938099999996297 1861
0.00021943100000010318 1862
0.0002194669999999732 1863
0.00021950100000012185 1862
0.00021962099999983664 1861
0.00021974099999999552 1860
0.0002198610000001544 1859
0.0002199809999998692 1858
0.00022010100000002808 1857
0.00022022100000018696 1856
0.00022024399999986954 1857
0.00022034099999990175 1856
0.00022036400000002843 1857
0.00022046100000006064 1856
0.00022058100000021952 1855
0.0002206039999999021 1856
0.0002207009999999343 1855
0.0002208210000000932 1854
0.00022094099999980799 1853
0.00022097100000006975 1854
0.00022106099999996687 1853
0.00022118100000012575 1852
0.00022130099999984054 1851
0.0002213310000001023 1852
0.00022142099999999942 1851
0.0002215410000001583 1850
0.0002216609999998731 1849
0.00022178100000003198 1848
0.00022190100000019086 1847
0.00022202099999990565 1846
0.00022214100000006454 1845
0.00022226100000022342 1844
0.00022227799999985365 1845
0.0002223809999999382 1844
0.0002225010000000971 1843
0.0002225180000001714 1844
0.00022262099999981189 1843
0.0002226379999998862 1844
0.00022274099999997077 1843
0.00022286100000012965 1842
0.00022298099999984444 1841
0.0002229919999998664 1842
0.00022310100000000332 1841
0.0002232210000001622 1840
0.000223340999999877 1839
0.00022335199999989896 1840
0.00022346100000003588 1839
0.00022358100000019476 1838
0.00022363800000002598 1837
0.00022375800000018486 1836
0.0002238320000000904 1837
0.00022387799999989966 1836
0.00022399800000005854 1835
0.00022411800000021742 1834
0.00022417500000004864 1833
0.00022429500000020752 1832
0.00022441499999992232 1831
0.0002245350000000812 1830
0.000224654999999796 1829
0.00022477499999995487 1828
0.00022489500000011375 1827
0.00022501499999982855 1826
0.0002250259999998505 1827
0.00022513499999998743 1826
0.0002252550000001463 1825
0.0002253749999998611 1824
0.00022539300000001816 1825
0.00022540699999984426 1826
0.00022549500000001999 1825
0.00022561500000017887 1824
0.00022563299999989184 1825
0.00022573499999989366 1824
0.00022585500000005254 1823
0.00022597500000021142 1822
0.00022609499999992622 1821
0.0002262150000000851 1820
0.0002263349999997999 1819
0.00022645499999995877 1818
0.00022657500000011765 1817
0.00022669499999983245 1816
0.00022681499999999133 1815
0.0002269350000001502 1814
0.00022694600000017218 1815
0.000227054999999865 1814
0.00022717500000002389 1813
0.00022729500000018277 1812
0.00022741499999989756 1811
0.00022753500000005644 1810
0.00022765500000021532 1809
0.0002276659999997932 1810
0.00022777499999993012 1809
0.000227895000000089 1808
0.0002280149999998038 1807
0.00022813499999996267 1806
0.00022825500000012156 1805
0.00022837499999983635 1804
0.00022849499999999523 1803
0.0002286150000001541 1802
0.0002287349999998689 1801
0.00022874599999989087 1802
0.00022885500000002779 1801
0.00022897500000018667 1800
0.0002290320000000179 1799
0.00022915200000017677 1798
0.00022927199999989156 1797
0.00022939200000005044 1796
0.00022944899999988166 1795
0.00022956900000004055 1794
0.00022968900000019943 1793
0.00022980899999991422 1792
0.00022983300000012363 1793
0.00022984699999994973 1794
0.0002299290000000731 1793
0.0002300489999997879 1792
0.00023016899999994678 1791
0.00023028900000010566 1790
0.00023034599999993688 1789
0.00023046600000009576 1788
0.00023054600000005365 1789
0.00023058599999981055 1788
0.00023070599999996944 1787
0.00023078599999992733 1788
0.00023082600000012832 1787
0.0002309459999998431 1786
0.000231066000000002 1785
0.0002310830000000763 1786
0.00023118600000016087 1785
0.00023130599999987567 1784
0.00023142600000003455 1783
0.00023154600000019343 1782
0.00023166599999990822 1781
0.0002317860000000671 1780
0.000231906000000226 1779
0.00023202599999994078 1778
0.00023214600000009966 1777
0.00023226599999981445 1776
0.00023238599999997334 1775
0.00023245999999987887 1776
0.00023250600000013222 1775
0.000232625999999847 1774
0.0002327460000000059 1773
0.00023286600000016477 1772
0.00023298599999987957 1771
0.00023310600000003845 1770
0.00023322600000019733 1769
0.00023334599999991212 1768
0.000233466000000071 1767
0.0002335859999997858 1766
0.00023366000000013543 1767
0.00023370599999994468 1766
0.00023382600000010356 1765
0.00023394599999981835 1764
0.00023406599999997724 1763
0.00023413999999988278 1764
0.00023418600000013612 1763
0.0002343059999998509 1762
0.0002344260000000098 1761
0.00023454600000016868 1760
0.0002346270000002093 1761
0.00023466599999988347 1760
0.00023478600000004235 1759
0.00023490600000020123 1758
0.00023502599999991602 1757
0.0002351460000000749 1756
0.0002352659999997897 1755
0.00023534699999983033 1756
0.00023538599999994858 1755
0.00023550600000010746 1754
0.00023562599999982226 1753
0.00023574599999998114 1752
0.00023581999999988668 1753
0.00023586600000014002 1752
0.0002359859999998548 1751
0.00023606000000020444 1752
0.0002361060000000137 1751
0.00023622600000017258 1750
0.00023634599999988737 1749
0.00023646600000004625 1748
0.00023647700000006822 1749
0.00023658600000020513 1748
0.00023670599999991992 1747
0.0002368260000000788 1746
0.0002369459999997936 1745
0.00023701400000009087 1746
0.00023706599999995248 1745
0.00023718600000011136 1744
0.00023730599999982616 1743
0.00023742599999998504 1742
0.00023752099999985177 1743
0.00023754600000014392 1742
0.0002376659999998587 1741
0.0002377860000000176 1740
0.00023790600000017648 1739
0.0002379110000001461 1740
0.00023802599999989127 1739
0.00023814600000005015 1738
0.00023826600000020903 1737
0.00023827100000017865 1738
0.00023836100000007576 1739
0.00023838599999992383 1738
0.0002385060000000827 1737
0.0002386259999997975 1736
0.0002386310000002112 1737
0.0002386830000000728 1736
0.0002388029999997876 1735
0.00023892299999994648 1734
0.000238960999999982 1735
0.00023899099999979967 1736
0.00023904300000010537 1735
0.00023916299999982016 1734
0.00023928299999997904 1733
0.00023940300000013792 1732
0.00023952299999985271 1731
0.0002396430000000116 1730
0.00023969999999984282 1729
0.0002398200000000017 1728
0.00023983100000002366 1729
0.00023994000000016058 1728
0.00024005999999987537 1727
0.00024018000000003425 1726
0.00024030000000019314 1725
0.0002403110000002151 1726
0.00024041999999990793 1725
0.00024047700000018324 1724
0.00024059699999989803 1723
0.0002407170000000569 1722
0.00024079400000021067 1723
0.0002408370000002158 1722
0.0002409569999999306 1721
0.00024103099999983613 1722
0.00024107700000008947 1721
0.000241150999999995 1722
0.00024119699999980426 1721
0.00024131699999996314 1720
0.00024143700000012203 1719
0.00024155699999983682 1718
0.00024160099999992468 1719
0.00024163100000018645 1720
0.0002416769999999957 1719
0.00024179700000015458 1718
0.00024191699999986938 1717
0.00024197400000014468 1716
0.0002420309999999759 1715
0.00024215100000013479 1714
0.00024227099999984958 1713
0.0002423209999999898 1714
0.00024239100000000846 1713
0.00024251100000016734 1712
0.00024256799999999856 1711
0.00024268800000015744 1710
0.00024280799999987224 1709
0.0002428309999999989 1710
0.00024292800000003112 1709
0.00024298499999986234 1708
0.00024310500000002122 1707
0.0002432250000001801 1706
0.0002433449999998949 1705
0.00024343099999990514 1706
0.00024346500000005378 1705
0.00024358500000021266 1704
0.0002436710000002229 1705
0.00024370499999992745 1704
0.0002437909999999377 1705
0.00024382500000008633 1704
0.00024394499999980113 1703
0.00024406499999996 1702
0.0002441850000001189 1701
0.0002442729999998505 1702
0.0002442870000001207 1703
0.0002443049999998337 1702
0.00024442499999999256 1701
0.0002445110000000028 1702
0.00024454500000015145 1701
0.00024466499999986624 1700
0.0002447850000000251 1699
0.000244905000000184 1698
0.00024499100000019425 1699
0.0002450249999998988 1698
0.0002451450000000577 1697
0.00024516999999990574 1698
0.00024526500000021656 1697
0.00024538499999993135 1696
0.00024550500000009023 1695
0.000245624999999805 1694
0.0002457449999999639 1693
0.0002458650000001228 1692
0.0002459849999998376 1691
0.00024610499999999647 1690
0.00024612800000012314 1691
0.00024622500000015535 1690
0.00024634499999987014 1689
0.000246465000000029 1688
0.0002464880000001557 1689
0.0002465850000001879 1688
0.0002467049999999027 1687
0.00024672800000002937 1688
0.000246762000000178 1687
0.0002468819999998928 1686
0.0002469390000001681 1685
0.00024699599999999933 1684
0.0002471160000001582 1683
0.000247235999999873 1682
0.000247265000000052 1683
0.0002473560000000319 1682
0.00024747600000019077 1681
0.00024759599999990556 1680
0.00024771600000006444 1679
0.0002478360000002233 1678
0.0002479559999999381 1677
0.000248076000000097 1676
0.00024816200000010724 1677
0.0002481959999998118 1676
0.00024831599999997067 1675
0.00024843600000012955 1674
0.0002485220000001398 1675
0.00024855599999984435 1674
0.0002486419999998546 1675
0.00024867600000000323 1674
0.0002487960000001621 1673
0.00024885299999999333 1672
0.00024890999999982455 1671
0.00024902999999998343 1670
0.00024908699999981465 1669
0.00024920699999997353 1668
0.0002492420000002049 1669
0.0002493270000001324 1668
0.00024938399999996363 1667
0.0002495040000001225 1666
0.0002496239999998373 1665
0.0002497439999999962 1664
0.0002498640000001551 1663
0.00024998399999986987 1662
0.00025010400000002875 1661
0.00025022400000018763 1660
0.0002503439999999024 1659
0.00025038000000021654 1660
0.0002504640000000613 1659
0.0002505840000002202 1658
0.000250703999999935 1657
0.0002507610000002103 1656
0.0002508809999999251 1655
0.00025100100000008396 1654
0.00025112099999979876 1653
0.00025124099999995764 1652
0.00025129799999978886 1651
0.00025135500000006417 1650
0.00025147500000022305 1649
0.00025159499999993784 1648
0.0002517150000000967 1647
0.0002518349999998115 1646
0.0002519549999999704 1645
0.0002519900000002018 1646
0.0002520750000001293 1645
0.00025219499999984407 1644
0.00025231500000000295 1643
0.00025243500000016184 1642
0.00025255499999987663 1641
0.0002526750000000355 1640
0.0002527950000001944 1639
0.0002528299999999817 1640
0.0002529149999999092 1639
0.00025303500000006807 1638
0.00025315500000022695 1637
0.00025327499999994174 1636
0.0002533100000001731 1637
0.00025333200000021705 1636
0.00025345199999993184 1635
0.0002535720000000907 1634
0.0002536919999998055 1633
0.0002537490000000808 1632
0.00025378999999992047 1633
0.0002538689999997956 1632
0.0002539889999999545 1631
0.00025402999999979414 1632
0.0002540459999997857 1631
0.0002541659999999446 1630
0.0002542860000001035 1629
0.0002544059999998183 1628
0.00025452599999997716 1627
0.0002545829999998084 1626
0.0002546400000000837 1625
0.0002547599999997985 1624
0.00025487999999995736 1623
0.00025500000000011624 1622
0.00025511999999983104 1621
0.0002552399999999899 1620
0.0002553600000001488 1619
0.0002554799999998636 1618
0.0002556000000000225 1617
0.00025572000000018136 1616
0.00025583999999989615 1615
0.0002558810000001799 1616
0.00025596000000005503 1615
0.0002560800000002139 1614
0.0002561999999999287 1613
0.0002563200000000876 1612
0.0002564399999998024 1611
0.000256531999999865 1612
0.00025655999999996126 1611
0.00025668000000012015 1610
0.00025679999999983494 1609
0.0002569199999999938 1608
0.0002570400000001527 1607
0.00025706899999988764 1608
0.0002571599999998675 1607
0.0002572800000000264 1606
0.00025740000000018526 1605
0.00025751999999990005 1604
0.00025764000000005893 1603
0.0002577600000002178 1602
0.00025779600000008784 1603
0.00025780999999991394 1604
0.0002578799999999326 1603
0.0002579370000002079 1602
0.0002580289999998264 1603
0.0002580569999999227 1602
0.0002581770000000816 1601
0.0002582339999999128 1600
0.0002582910000001881 1599
0.0002583259999999754 1600
0.0002584109999999029 1599
0.0002585310000000618 1598
0.0002586510000002207 1597
0.00025877099999993547 1596
0.00025889100000009435 1595
0.0002589199999998293 1596
0.00025901099999980914 1595
0.000259130999999968 1594
0.00025916000000014705 1595
0.0002592510000001269 1594
0.0002593709999998417 1593
0.0002594000000000207 1594
0.0002594910000000006 1593
0.00025961100000015946 1592
0.0002596399999998944 1593
0.00025973099999987426 1592
0.00025985100000003314 1591
0.000259971000000192 1590
0.0002600909999999068 1589
0.0002602110000000657 1588
0.0002603310000002246 1587
0.0002603599999999595 1588
0.00026045099999993937 1587
0.00026057100000009825 1586
0.0002605999999998332 1587
0.00026069099999981304 1586
0.0002608109999999719 1585
0.0002609310000001308 1584
0.0002610509999998456 1583
0.0002611710000000045 1582
0.00026119400000013115 1583
0.00026129100000016336 1582
0.0002613479999999946 1581
0.00026146800000015347 1580
0.00026149099999983605 1581
0.00026158799999986826 1580
0.00026170800000002714 1579
0.0002617310000001538 1580
0.000261828000000186 1579
0.0002619479999999008 1578
0.0002620680000000597 1577
0.000262085000000134 1578
0.0002621880000002186 1577
0.00026230799999993337 1576
0.00026242800000009225 1575
0.00026254799999980705 1574
0.00026266799999996593 1573
0.0002627880000001248 1572
0.0002629079999998396 1571
0.0002630279999999985 1570
0.00026314800000015737 1569
0.00026326799999987216 1568
0.0002632849999999465 1569
0.00026338800000003104 1568
0.00026340500000010536 1569
0.0002635080000001899 1568
0.0002636279999999047 1567
0.00026364499999997904 1568
0.0002637480000000636 1567
0.0002638680000002225 1566
0.0002638849999998527 1567
0.00026398799999993727 1566
0.0002640050000000116 1567
0.00026410800000009615 1566
0.00026422799999981095 1565
0.00026424499999988527 1566
0.00026434799999996983 1565
0.0002644680000001287 1564
0.0002645879999998435 1563
0.0002647080000000024 1562
0.00026482800000016127 1561
0.00026494799999987606 1560
0.0002649649999999504 1561
0.00026506800000003494 1560
0.0002651880000001938 1559
0.00026520499999982405 1560
0.0002653079999999086 1559
0.0002654280000000675 1558
0.0002655480000002264 1557
0.0002656679999999412 1556
0.00026578800000010006 1555
0.00026590799999981485 1554
0.00026602799999997373 1553
0.0002661480000001326 1552
0.0002662679999998474 1551
0.0002663880000000063 1550
0.00026650800000016517 1549
0.00026662799999987996 1548
0.00026674800000003884 1547
0.0002668680000001977 1546
0.0002669879999999125 1545
0.0002670560000002098 1546
0.0002671080000000714 1545
0.0002672279999997862 1544
0.00026729600000008347 1545
0.0002673479999999451 1544
0.00026746800000010396 1543
0.00026753599999995714 1544
0.00026758799999981875 1543
0.000267656000000116 1544
0.00026770799999997763 1543
0.0002678280000001365 1542
0.0002679479999998513 1541
0.0002680680000000102 1540
0.00026818800000016907 1539
0.00026830799999988386 1538
0.00026842800000004274 1537
0.0002685480000002016 1536
0.0002686679999999164 1535
0.0002687880000000753 1534
0.0002689079999997901 1533
0.000269027999999949 1532
0.00026914800000010786 1531
0.00026926799999982265 1530
0.00026938799999998153 1529
0.0002695080000001404 1528
0.00026951300000011 1529
0.0002696279999998552 1528
0.0002697480000000141 1527
0.00026986800000017297 1526
0.00026998799999988776 1525
0.00027010800000004664 1524
0.0002702280000002055 1523
0.0002703479999999203 1522
0.0002704680000000792 1521
0.0002705249999999104 1520
0.0002706450000000693 1519
0.0002707019999999005 1518
0.0002708220000000594 1517
0.0002709420000002183 1516
0.00027095299999979616 1517
0.0002710619999999331 1516
0.00027118200000009196 1515
0.00027130199999980675 1514
0.00027142199999996564 1513
0.0002715420000001245 1512
0.0002716619999998393 1511
0.0002717190000001146 1510
0.00027179300000002016 1511
0.0002718389999998294 1510
0.0002719589999999883 1509
0.0002720790000001472 1508
0.00027219899999986197 1507
0.0002722560000001373 1506
0.0002722730000002116 1507
0.00027237599999985207 1506
0.0002723929999999264 1507
0.00027249600000001095 1506
0.00027261600000016983 1505
0.0002727359999998846 1504
0.00027279300000015994 1503
0.00027291299999987473 1502
0.0002730330000000336 1501
0.0002731530000001925 1500
0.0002732729999999073 1499
0.00027339300000006617 1498
0.00027351300000022505 1497
0.00027363299999993984 1496
0.00027371299999989773 1497
0.0002737530000000987 1496
0.0002738729999998135 1495
0.0002739929999999724 1494
0.0002741130000001313 1493
0.00027423299999984607 1492
0.00027435300000000495 1491
0.00027447300000016384 1490
0.00027459299999987863 1489
0.0002747130000000375 1488
0.0002748330000001964 1487
0.0002749529999999112 1486
0.00027507300000007007 1485
0.00027519300000022895 1484
0.00027531299999994374 1483
0.0002754330000001026 1482
0.0002755529999998174 1481
0.0002756729999999763 1480
0.00027571700000006416 1481
0.0002757529999999342 1482
0.0002757930000001352 1481
0.00027591299999984997 1480
0.00027603300000000885 1479
0.00027611299999996675 1480
0.00027615300000016774 1479
0.00027627299999988253 1478
0.0002763529999998404 1479
0.0002763930000000414 1478
0.0002765130000002003 1477
0.0002765700000000315 1476
0.0002766900000001904 1475
0.0002768099999999052 1474
0.00027693000000006407 1473
0.00027705000000022295 1472
0.00027716999999993774 1471
0.0002772900000000966 1470
0.0002774099999998114 1469
0.0002774329999999381 1470
0.0002775299999999703 1469
0.0002776500000001292 1468
0.000277769999999844 1467
0.00027789000000000286 1466
0.00027801000000016174 1465
0.00027812999999987653 1464
0.0002782500000000354 1463
0.00027830699999986663 1462
0.0002784270000000255 1461
0.0002785470000001844 1460
0.0002786669999998992 1459
0.00027878700000005807 1458
0.00027890700000021695 1457
0.00027902699999993175 1456
0.00027914700000009063 1455
0.0002792669999998054 1454
0.0002793869999999643 1453
0.0002795070000001232 1452
0.000279626999999838 1451
0.00027974699999999686 1450
0.00027986700000015574 1449
0.00027998699999987053 1448
0.0002801070000000294 1447
0.0002802270000001883 1446
0.0002803469999999031 1445
0.00028035799999992506 1446
0.00028046700000006197 1445
0.00028047800000008394 1446
0.00028058700000022085 1445
0.00028070699999993565 1444
0.00028082700000009453 1443
0.0002809469999998093 1442
0.0002810669999999682 1441
0.0002811870000001271 1440
0.0002813069999998419 1439
0.00028142700000000076 1438
0.000281483999999832 1437
0.0002815410000001073 1436
0.0002815580000001816 1437
0.0002816609999998221 1436
0.00028178099999998096 1435
0.00028190100000013985 1434
0.00028202099999985464 1433
0.0002821410000000135 1432
0.0002822610000001724 1431
0.0002823049999998162 1432
0.0002823809999998872 1431
0.0002825010000000461 1430
0.0002825180000001204 1431
0.00028262100000020496 1430
0.00028274099999991975 1429
0.00028286100000007863 1428
0.0002829809999997934 1427
0.0002831009999999523 1426
0.0002832210000001112 1425
0.000283340999999826 1424
0.0002833579999999003 1425
0.0002833980000001013 1424
0.0002835179999998161 1423
0.0002835750000000914 1422
0.0002836949999998062 1421
0.00028381499999996507 1420
0.00028393500000012395 1419
0.00028405499999983874 1418
0.00028413499999979663 1419
0.0002841749999999976 1418
0.0002842950000001565 1417
0.0002844149999998713 1416
0.0002845350000000302 1415
0.00028465500000018906 1414
0.00028477499999990386 1413
0.00028489500000006274 1412
0.00028497500000002063 1413
0.0002850150000002216 1412
0.0002851349999999364 1411
0.0002852550000000953 1410
0.0002853749999998101 1409
0.00028549499999996897 1408
0.00028557499999992686 1409
0.00028561500000012785 1408
0.00028573499999984264 1407
0.0002858550000000015 1406
0.0002859750000001604 1405
0.00028599199999979064 1406
0.0002860949999998752 1405
0.0002862150000000341 1404
0.00028633500000019296 1403
0.00028645499999990776 1402
0.00028657500000006664 1401
0.00028663199999989786 1400
0.00028675200000005674 1399
0.0002868720000002156 1398
0.0002869919999999304 1397
0.0002870719999998883 1398
0.0002871120000000893 1397
0.0002872319999998041 1396
0.00028731200000020607 1397
0.00028735199999996297 1396
0.00028747200000012185 1395
0.00028759199999983664 1394
0.0002877119999999955 1393
0.00028776899999982675 1392
0.00028788899999998563 1391
0.0002879120000001123 1392
0.0002880090000001445 1391
0.0002881289999998593 1390
0.000288151999999986 1391
0.0002882490000000182 1390
0.00028836900000017707 1389
0.00028848899999989186 1388
0.00028858999999981094 1389
0.00028860900000005074 1388
0.0002886320000001774 1389
0.0002887290000002096 1388
0.0002888489999999244 1387
0.0002889690000000833 1386
0.0002890259999999145 1385
0.0002891059999998724 1386
0.0002891460000000734 1385
0.0002892659999997882 1384
0.0002893460000001902 1385
0.0002893859999999471 1384
0.00028950600000010596 1383
0.00028962599999982075 1382
0.00028970600000022273 1383
0.00028974599999997963 1382
0.0002898660000001385 1381
0.0002899859999998533 1380
0.0002900659999998112 1381
0.0002901060000000122 1380
0.0002901859999999701 1381
0.00029022600000017107 1380
0.00029034599999988586 1379
0.00029040300000016117 1378
0.00029052299999987596 1377
0.00029054600000000264 1378
0.00029064300000003485 1377
0.0002906660000001615 1378
0.00029076300000019373 1377
0.0002908829999999085 1376
0.0002910030000000674 1375
0.0002911230000002263 1374
0.0002912429999999411 1373
0.0002912600000000154 1374
0.00029136300000009996 1373
0.0002913800000001743 1374
0.00029148299999981475 1373
0.00029149999999988907 1374
0.00029160299999997363 1373
0.00029162000000004795 1374
0.0002917230000001325 1373
0.0002918429999998473 1372
0.00029188699999993517 1373
0.0002919630000000062 1372
0.00029208300000016507 1371
0.00029220299999987986 1370
0.0002922199999999542 1371
0.00029232300000003875 1370
0.00029234000000011306 1371
0.00029244300000019763 1370
0.0002925629999999124 1369
0.00029257999999998674 1370
0.0002926830000000713 1369
0.0002927000000001456 1370
0.0002928029999997861 1369
0.0002928199999998604 1370
0.000292922999999945 1369
0.0002929400000000193 1370
0.00029304300000010386 1369
0.00029316299999981865 1368
0.00029328299999997753 1367
0.0002934030000001364 1366
0.00029342000000021073 1367
0.0002935229999998512 1366
0.0002936430000000101 1365
0.00029376300000016897 1364
0.00029388299999988376 1363
0.0002938999999999581 1364
0.00029400300000004265 1363
0.00029412300000020153 1362
0.0002942429999999163 1361
0.0002943630000000752 1360
0.00029443699999998074 1361
0.00029448299999979 1360
0.0002946029999999489 1359
0.0002946769999998544 1360
0.00029472300000010776 1359
0.000294779999999939 1358
0.00029490000000009786 1357
0.00029501999999981265 1356
0.000295036999999887 1357
0.00029513999999997154 1356
0.0002952600000001304 1355
0.00029533400000003596 1356
0.0002953799999998452 1355
0.0002955000000000041 1354
0.000295620000000163 1353
0.00029573999999987777 1352
0.00029586000000003665 1351
0.00029598000000019553 1350
0.00029605400000010107 1351
0.0002960999999999103 1350
0.0002962200000000692 1349
0.00029629399999997474 1350
0.0002963400000002281 1349
0.0002964599999999429 1348
0.00029658000000010176 1347
0.00029669999999981655 1346
0.0002967109999998385 1347
0.00029681999999997544 1346
0.0002968309999999974 1347
0.0002969400000001343 1346
0.0002970599999998491 1345
0.0002970709999998711 1346
0.000297180000000008 1345
0.0002973000000001669 1344
0.00029741999999988167 1343
0.00029754000000004055 1342
0.00029766000000019943 1341
0.0002977799999999142 1340
0.0002979000000000731 1339
0.0002979569999999043 1338
0.0002979679999999263 1339
0.0002980770000000632 1338
0.0002981970000002221 1337
0.0002983169999999369 1336
0.0002983250000001547 1337
0.00029843700000009576 1336
0.00029855699999981056 1335
0.0002985650000000284 1336
0.0002985679999998325 1337
0.00029867699999996944 1336
0.0002987970000001283 1335
0.0002989169999998431 1334
0.00029892500000006095 1335
0.000299037000000002 1334
0.0002991570000001609 1333
0.00029927699999987567 1332
0.00029939700000003455 1331
0.00029951700000019343 1330
0.0002996369999999082 1329
0.00029969400000018354 1328
0.00029981399999989833 1327
0.0002999340000000572 1326
0.00029999099999988843 1325
0.0003001110000000473 1324
0.0003002310000002062 1323
0.0003002479999998364 1324
0.000300350999999921 1323
0.0003004080000001963 1322
0.0003005279999999111 1321
0.0003005850000001864 1320
0.0003006420000000176 1319
0.0003007620000001765 1318
0.0003008190000000077 1317
0.00030087599999983894 1316
0.0003009959999999978 1315
0.0003010880000000604 1316
0.0003011160000001567 1315
0.0003012359999998715 1314
0.0003013560000000304 1313
0.00030147600000018926 1312
0.0003015330000000205 1311
0.00030165300000017936 1310
0.00030177299999989415 1309
0.00030183000000016946 1308
0.0003018870000000007 1307
0.0003019439999998319 1306
0.0003020639999999908 1305
0.00030218400000014967 1304
0.0003022409999999809 1303
0.0003022979999998121 1302
0.000302417999999971 1301
0.0003024350000000453 1302
0.000302464999999863 1303
0.0003024749999998022 1302
0.0003025949999999611 1301
0.00030271500000011997 1300
0.0003027719999999512 1299
0.0003028290000002265 1298
0.0003029489999999413 1297
0.0003030690000001002 1296
0.00030318899999981497 1295
0.00030330899999997385 1294
0.00030342900000013273 1293
0.0003035489999998475 1292
0.0003036690000000064 1291
0.0003037890000001653 1290
0.0003039049999999932 1291
0.0003039089999998801 1290
0.0003040250000001521 1291
0.00030402900000003896 1290
0.00030405200000016563 1291
0.00030414900000019784 1290
0.00030426899999991264 1289
0.0003043890000000715 1288
0.00030450499999989944 1289
0.0003045089999997863 1288
0.0003046289999999452 1287
0.0003047450000002172 1288
0.0003047490000001041 1287
0.0003048059999999353 1286
0.0003049260000000942 1285
0.0003049829999999254 1284
0.0003051030000000843 1283
0.0003051599999999155 1282
0.0003052170000001908 1281
0.00030527400000002203 1280
0.0003053940000001809 1279
0.00030540199999995465 1280
0.0003055139999998957 1279
0.00030552200000011354 1280
0.0003056340000000546 1279
0.00030575400000021347 1278
0.00030587399999992826 1277
0.00030599400000008714 1276
0.00030611399999980193 1275
0.00030617100000007724 1274
0.00030622799999990846 1273
0.00030634800000006734 1272
0.0003064680000002262 1271
0.00030652500000005745 1270
0.0003065480000001841 1271
0.00030658199999988867 1270
0.0003066020000002112 1271
0.000306639000000164 1270
0.00030675899999987877 1269
0.0003068420000000849 1270
0.00030687900000003765 1269
0.00030693599999986887 1268
0.0003069930000001442 1267
0.0003070499999999754 1266
0.0003071389999997898 1267
0.0003071700000001343 1266
0.0003072269999999655 1265
0.0003073470000001244 1264
0.0003074669999998392 1263
0.00030758699999999806 1262
0.0003076439999998293 1261
0.00030767599999981243 1262
0.0003077010000001046 1261
0.0003078209999998194 1260
0.0003078780000000947 1259
0.0003079349999999259 1258
0.0003079920000002012 1257
0.00030804900000003244 1256
0.00030808700000006795 1257
0.0003081690000001913 1256
0.0003082889999999061 1255
0.0003083240000001375 1256
0.000308409000000065 1255
0.0003085290000002239 1254
0.0003085860000000551 1253
0.0003086429999998863 1252
0.0003087000000001616 1251
0.0003088199999998764 1250
0.0003088770000001517 1249
0.00030893399999998294 1248
0.0003090540000001418 1247
0.0003091739999998566 1246
0.0003092940000000155 1245
0.00030938899999988223 1246
0.0003094140000001744 1245
0.0003095339999998892 1244
0.0003095910000001645 1243
0.0003097109999998793 1242
0.0003097680000001546 1241
0.0003098249999999858 1240
0.0003099450000001447 1239
0.0003100019999999759 1238
0.0003100400000000114 1239
0.0003101220000001348 1238
0.000310178999999966 1237
0.0003102990000001249 1236
0.0003103559999999561 1235
0.00031040899999990046 1236
0.000310476000000115 1235
0.0003105959999998298 1234
0.0003106339999998653 1235
0.0003106530000001051 1234
0.0003107099999999363 1233
0.0003108300000000952 1232
0.0003108869999999264 1231
0.0003110070000000853 1230
0.00031111400000005673 1231
0.0003111269999998001 1230
0.0003112340000002156 1231
0.000311246999999959 1230
0.00031136700000011786 1229
0.00031148699999983265 1228
0.00031160699999999153 1227
0.00031171399999996297 1228
0.0003117270000001504 1227
0.0003118469999998652 1226
0.0003119670000000241 1225
0.00031208700000018297 1224
0.00031220699999989776 1223
0.0003122509999999856 1224
0.00031232700000005664 1223
0.0003124470000002155 1222
0.0003125669999999303 1221
0.0003126240000002056 1220
0.00031268100000003685 1219
0.00031280100000019573 1218
0.0003129209999999105 1217
0.0003130410000000694 1216
0.0003131610000002283 1215
0.0003131989999998197 1216
0.0003132809999999431 1215
0.0003133189999999786 1216
0.0003133380000002184 1215
0.0003134579999999332 1214
0.00031357800000009206 1213
0.00031369799999980685 1212
0.00031381799999996574 1211
0.00031387499999979696 1210
0.00031399499999995584 1209
0.0003141150000001147 1208
0.00031417199999994594 1207
0.0003142039999999291 1208
0.0003142920000001048 1207
0.00031434899999993604 1206
0.0003144690000000949 1205
0.0003145889999998097 1204
0.0003147089999999686 1203
0.0003147920000001747 1204
0.0003148290000001275 1203
0.00031494899999984227 1202
0.0003150060000001176 1201
0.0003151259999998324 1200
0.00031519400000012965 1201
0.00031524599999999126 1200
0.0003153029999998225 1199
0.00031542299999998136 1198
0.00031549400000008276 1199
0.00031554300000014024 1198
0.00031566299999985503 1197
0.0003157830000000139 1196
0.0003159030000001728 1195
0.0003160229999998876 1194
0.00031614300000004647 1193
0.00031626300000020535 1192
0.00031632000000003657 1191
0.00031637900000003327 1192
0.00031644000000019545 1191
0.00031649900000019215 1192
0.00031651300000001825 1193
0.00031655999999991025 1192
0.00031661700000018556 1191
0.00031673699999990035 1190
0.00031673900000006583 1191
0.00031685700000005923 1190
0.0003169770000002181 1189
0.00031703400000004933 1188
0.0003170360000002148 1189
0.0003171540000002082 1188
0.00031727000000003613 1189
0.000317273999999923 1188
0.0003173310000001983 1187
0.0003174509999999131 1186
0.000317571000000072 1185
0.0003176909999997868 1184
0.0003177480000000621 1183
0.000317868000000221 1182
0.0003179210000001653 1183
0.00031798799999993577 1182
0.0003180450000002111 1181
0.00031816499999992587 1180
0.00031828500000008475 1179
0.00031833199999997674 1180
0.00031840499999979954 1179
0.0003185249999999584 1178
0.0003185719999998504 1179
0.0003186450000001173 1178
0.0003187649999998321 1177
0.0003188220000001074 1176
0.0003189419999998222 1175
0.0003190619999999811 1174
0.00031918200000013996 1173
0.00031929199999991553 1174
0.00031930199999985476 1173
0.00031935900000013007 1172
0.00031947899999984486 1171
0.00031959900000000374 1170
0.0003196519999999481 1171
0.0003197190000001626 1170
0.00031972400000013224 1171
0.00031977200000010697 1172
0.00031977599999999384 1171
0.0003198960000001527 1170
0.0003200159999998675 1169
0.0003201260000000872 1170
0.0003201360000000264 1169
0.0003201929999998576 1168
0.00032025000000013293 1167
0.00032030699999996415 1166
0.00032042700000012303 1165
0.00032048600000011973 1166
0.0003205469999998378 1165
0.0003206059999998345 1166
0.0003206669999999967 1165
0.0003207870000001556 1164
0.0003209029999999835 1165
0.0003209069999998704 1164
0.00032102700000002926 1163
0.0003210380000000512 1164
0.00032114700000018814 1163
0.0003211580000002101 1164
0.00032126699999990294 1163
0.0003213870000000618 1162
0.000321454999999915 1163
0.0003215070000002207 1162
0.00032161699999999627 1163
0.0003216269999999355 1162
0.0003217470000000944 1161
0.00032186699999980917 1160
0.00032191400000014525 1161
0.00032198699999996805 1160
0.00032210700000012693 1159
0.00032216399999995815 1158
0.00032228400000011703 1157
0.00032234099999994825 1156
0.00032239800000022356 1155
0.0003224550000000548 1154
0.00032246600000007675 1155
0.000322511999999886 1154
0.0003226320000000449 1153
0.00032275200000020376 1152
0.00032287199999991856 1151
0.00032292900000019387 1150
0.00032298800000019057 1151
0.00032304899999990866 1150
0.0003230599999999306 1151
0.00032316900000006754 1150
0.00032322800000006424 1151
0.0003232890000002264 1150
0.0003234089999999412 1149
0.0003235290000001001 1148
0.0003236489999998149 1147
0.00032376899999997377 1146
0.000323825999999805 1145
0.0003239459999999639 1144
0.00032406600000012276 1143
0.00032418599999983755 1142
0.00032430200000010956 1143
0.00032430599999999643 1142
0.0003244260000001553 1141
0.00032447900000009966 1142
0.0003245459999998701 1141
0.000324666000000029 1140
0.0003247229999998602 1139
0.0003248430000000191 1138
0.0003249109999998723 1139
0.00032496300000017797 1138
0.00032508299999989276 1137
0.00032520300000005165 1136
0.00032532300000021053 1135
0.0003254429999999253 1134
0.0003255630000000842 1133
0.000325682999999799 1132
0.0003258029999999579 1131
0.00032584999999984987 1132
0.00032592300000011676 1131
0.00032597000000000875 1132
0.000325979999999948 1131
0.0003260370000002233 1130
0.0003260420000001929 1131
0.0003261569999999381 1130
0.00032626700000015774 1131
0.00032627700000009696 1130
0.00032639699999981175 1129
0.00032651699999997064 1128
0.0003266270000001903 1129
0.0003266370000001295 1128
0.00032669399999996074 1127
0.0003268140000001196 1126
0.0003269339999998344 1125
0.0003270539999999933 1124
0.0003271740000001522 1123
0.00032722100000004417 1124
0.0003272309999999834 1123
0.0003273510000001423 1122
0.00032747099999985707 1121
0.00032759100000001595 1120
0.0003276470000002085 1121
0.00032764799999984717 1120
0.00032776800000000605 1119
0.00032788800000016494 1118
0.00032799199999988815 1119
0.00032800799999987973 1118
0.00032811200000004703 1119
0.0003281280000000386 1118
0.0003282480000001975 1117
0.0003283050000000287 1116
0.0003284250000001876 1115
0.0003285449999999024 1114
0.0003285919999997944 1115
0.00032866500000006127 1114
0.00032878500000022015 1113
0.00032890499999993494 1112
0.00032895899999996203 1113
0.00032896200000021025 1112
0.00032897299999978813 1113
0.00032908199999992505 1112
0.00032920200000008393 1111
0.0003293219999997987 1110
0.0003294320000000184 1111
0.0003294419999999576 1110
0.0003295620000001165 1109
0.0003296819999998313 1108
0.00032980199999999016 1107
0.00032992200000014904 1106
0.00033004199999986383 1105
0.0003301620000000227 1104
0.0003302820000001816 1103
0.0003304019999998964 1102
0.00033052200000005527 1101
0.00033061400000011787 1102
0.00033064200000021415 1101
0.00033073399999983266 1102
0.00033076199999992895 1101
0.00033088200000008783 1100
0.0003310019999998026 1099
0.0003310939999998652 1100
0.0003311219999999615 1099
0.0003312420000001204 1098
0.0003313619999998352 1097
0.0003313910000000142 1098
0.00033148199999999406 1097
0.0003315110000001731 1098
0.0003315389999998253 1097
0.00033165899999998416 1096
0.00033175100000004676 1097
0.00033177900000014304 1096
0.00033189899999985784 1095
0.0003320190000000167 1094
0.0003321390000001756 1093
0.00033216799999991053 1094
0.0003322589999998904 1093
0.0003323790000000493 1092
0.00033249900000020816 1091
0.0003325279999999431 1092
0.0003325560000000394 1091
0.00033267600000019826 1090
0.00033279599999991305 1089
0.00033291600000007193 1088
0.00033297299999990315 1087
0.00033303000000017846 1086
0.00033314999999989325 1085
0.00033327000000005214 1084
0.00033332699999988336 1083
0.00033338400000015866 1082
0.00033350399999987346 1081
0.00033356100000014877 1080
0.00033368099999986356 1079
0.0003337220000001473 1080
0.00033380100000002244 1079
0.00033385799999985366 1078
0.00033397800000001254 1077
0.0003340980000001714 1076
0.0003342179999998862 1075
0.0003343380000000451 1074
0.000334458000000204 1073
0.0003345779999999188 1072
0.0003346760000000337 1073
0.00033469800000007766 1072
0.0003347960000001926 1073
0.00033481799999979245 1072
0.00033487500000006776 1071
0.00033499500000022664 1070
0.00033511499999994143 1069
0.0003352130000000564 1070
0.0003352350000001003 1069
0.0003353549999998151 1068
0.000335474999999974 1067
0.00033559500000013287 1066
0.0003356519999999641 1065
0.00033575000000007904 1066
0.00033577200000012297 1065
0.00033589199999983776 1064
0.00033601199999999665 1063
0.00033613200000015553 1062
0.0003362519999998703 1061
0.0003363720000000292 1060
0.0003364920000001881 1059
0.0003366119999999029 1058
0.00033673200000006176 1057
0.00033676699999984905 1058
0.00033685200000022064 1057
0.00033697199999993543 1056
0.0003370070000001668 1057
0.0003370920000000943 1056
0.0003371269999998816 1057
0.0003372119999998091 1056
0.000337331999999968 1055
0.0003373889999997992 1054
0.00033748699999991416 1055
0.0003375089999999581 1054
0.000337629000000117 1053
0.00033772699999978784 1054
0.00033774899999983177 1053
0.00033786899999999065 1052
0.00033792599999982187 1051
0.0003379670000001056 1052
0.00033804599999998075 1051
0.00033816600000013963 1050
0.0003382069999999793 1051
0.0003382859999998544 1050
0.00033834300000012973 1049
0.00033846299999984453 1048
0.00033856700000001183 1049
0.0003385830000000034 1048
0.00033863999999983463 1047
0.0003386870000001707 1048
0.0003387599999999935 1047
0.0003388800000001524 1046
0.0003389999999998672 1045
0.0003391040000000345 1046
0.00033912000000002607 1045
0.00033924000000018495 1044
0.00033935999999989974 1043
0.00033946400000006705 1044
0.0003394800000000586 1043
0.00033953699999988984 1042
0.0003396570000000487 1041
0.0003397039999999407 1042
0.0003397770000002076 1041
0.0003398899999997873 1042
0.0003398969999999224 1041
0.0003400010000000897 1042
0.0003400170000000813 1041
0.0003401209999998045 1042
0.0003401369999997961 1041
0.0003401940000000714 1040
0.0003403139999997862 1039
0.00034043399999994506 1038
0.00034049100000022037 1037
0.0003405949999999436 1038
0.00034061099999993516 1037
0.00034066800000021047 1036
0.00034078799999992526 1035
0.00034084500000020057 1034
0.00034096499999991536 1033
0.0003410060000001991 1034
0.00034108500000007425 1033
0.00034120499999978904 1032
0.000341302999999904 1033
0.0003413249999999479 1032
0.0003414450000001068 1031
0.0003415649999998216 1030
0.0003416849999999805 1029
0.0003417419999998117 1028
0.0003418619999999706 1027
0.00034198200000012946 1026
0.00034210199999984425 1025
0.00034222200000000313 1024
0.000342342000000162 1023
0.0003424619999998768 1022
0.0003425820000000357 1021
0.00034268000000015064 1022
0.0003427020000001946 1021
0.00034282199999990937 1020
0.0003428790000001847 1019
0.0003429200000000243 1020
0.00034299899999989947 1019
0.00034311900000005835 1018
0.00034323900000021723 1017
0.000343358999999932 1016
0.000343457000000047 1017
0.0003434790000000909 1016
0.0003435989999998057 1015
0.000343656000000081 1014
0.00034369699999992065 1015
0.00034371299999991223 1014
0.00034377000000018754 1013
0.00034388999999990233 1012
0.00034394700000017764 1011
0.0003440569999999532 1012
0.00034406699999989243 1011
0.00034412400000016774 1010
0.0003441770000001121 1011
0.00034424399999988253 1010
0.00034430100000015784 1009
0.00034442099999987263 1008
0.0003445410000000315 1007
0.00034459799999986274 1006
0.0003447180000000216 1005
0.0003448380000001805 1004
0.0003449579999998953 1003
0.0003450780000000542 1002
0.00034519800000021306 1001
0.00034531799999992785 1000
0.00034537500000020316 999
0.00034549499999991795 998
0.00034561500000007683 997
0.00034567199999990805 996
0.00034579200000006693 995
0.0003459120000002258 994
0.00034596900000005704 993
0.00034608499999988496 994
0.0003460890000002159 993
0.0003462089999999307 992
0.0003463290000000896 991
0.0003463859999999208 990
0.0003464449999999175 991
0.0003465060000000797 990
0.0003465650000000764 991
0.0003466259999997945 990
0.00034674599999995337 989
0.00034686600000011225 988
0.00034698599999982704 987
0.00034704300000010235 986
0.00034716299999981715 985
0.00034728299999997603 984
0.00034733999999980725 983
0.00034734199999997273 984
0.00034745999999996613 983
0.00034751699999979735 982
0.00034763699999995623 981
0.0003477570000001151 980
0.0003478769999998299 979
0.0003479969999999888 978
0.00034811700000014767 977
0.0003481739999999789 976
0.00034829400000013777 975
0.00034841399999985256 974
0.0003485300000001246 975
0.00034853400000001145 974
0.00034864999999983937 975
0.00034865400000017033 974
0.00034871100000000155 973
0.00034876799999983277 972
0.00034888799999999165 971
0.00034900800000015053 970
0.0003490099999998719 971
0.0003491279999998653 970
0.000349186999999862 971
0.0003492480000000242 970
0.0003493680000001831 969
0.0003494879999998979 968
0.00034960800000005676 967
0.00034966700000005346 968
0.00034972800000021564 967
0.00034978700000021234 968
0.00034984799999993044 967
0.0003499680000000893 966
0.0003500879999998041 965
0.000350207999999963 964
0.0003503280000001219 963
0.0003504439999999498 964
0.00035044799999983667 963
0.000350505000000112 962
0.00035062499999982677 961
0.0003506820000001021 960
0.00035080199999981687 959
0.00035092199999997575 958
0.00035104200000013464 957
0.00035116199999984943 956
0.0003512820000000083 955
0.0003514020000001672 954
0.000351521999999882 953
0.00035164200000004087 952
0.00035174600000020817 953
0.00035176200000019975 952
0.00035181900000003097 951
0.0003518759999998622 950
0.00035199600000002107 949
0.00035204299999991306 950
0.0003520529999998523 949
0.00035217300000001117 948
0.00035229300000017005 947
0.00035241299999988485 946
0.00035247000000016016 945
0.00035258999999987495 944
0.0003526429999998193 945
0.00035271000000003383 944
0.00035276699999986505 943
0.0003528199999998094 944
0.00035288700000002393 943
0.0003529399999999683 944
0.0003530070000001828 943
0.0003531269999998976 942
0.00035323700000011726 943
0.0003532470000000565 942
0.00035336700000021537 941
0.00035341400000010736 942
0.00035348699999993016 941
0.00035360700000008904 940
0.00035372699999980384 939
0.00035383099999997114 940
0.0003538469999999627 939
0.0003539670000001216 938
0.0003540869999998364 937
0.0003541440000001117 936
0.0003542639999998265 935
0.0003543110000001626 936
0.0003543839999999854 935
0.0003544880000001527 936
0.00035450400000014426 935
0.00035462399999985905 934
0.00035474400000001793 933
0.0003548640000001768 932
0.0003549619999998477 933
0.0003549839999998916 932
0.0003551040000000505 931
0.0003551609999998817 930
0.00035520200000016544 931
0.0003552810000000406 930
0.0003554010000001995 929
0.00035552099999991427 928
0.00035564100000007315 927
0.00035576099999978794 926
0.0003558809999999468 925
0.0003560010000001057 924
0.0003560569999998542 925
0.0003561209999998205 924
0.0003562409999999794 923
0.00035636100000013826 922
0.00035648099999985305 921
0.00035660100000001194 920
0.00035669300000007453 921
0.0003567210000001708 920
0.0003568409999998856 919
0.0003568980000001609 918
0.0003570179999998757 917
0.0003571380000000346 916
0.0003572580000001935 915
0.00035737799999990827 914
0.00035741300000013965 915
0.00035749800000006715 914
0.00035761800000022603 913
0.0003576530000000133 914
0.0003577379999999408 913
0.0003578580000000997 912
0.0003579779999998145 911
0.0003580979999999734 910
0.0003581270000001524 911
0.00035821800000013226 910
0.0003582469999998672 911
0.00035833799999984706 910
0.00035845800000000594 909
0.0003585780000001648 908
0.00035860699999989976 909
0.0003586979999998796 908
0.00035872700000005864 909
0.0003588180000000385 908
0.0003588749999998697 907
0.0003589669999999323 908
0.0003589950000000286 907
0.0003590870000000912 908
0.0003591150000001875 907
0.00035923499999990227 906
0.00035935500000006115 905
0.00035947500000022004 904
0.0003594979999999026 905
0.00035959499999993483 904
0.00035965200000021014 903
0.0003597380000002204 904
0.00035977199999992493 903
0.0003598920000000838 902
0.0003599150000002105 903
0.0003600119999997986 902
0.0003601319999999575 901
0.00036025200000011637 900
0.00036037199999983116 899
0.00036042900000010647 898
0.00036045199999978905 899
0.00036054899999982126 898
0.00036066899999998014 897
0.000360789000000139 896
0.0003609089999998538 895
0.0003610290000000127 894
0.0003611490000001716 893
0.0003612689999998864 892
0.00036138900000004526 891
0.00036141200000017193 892
0.00036150900000020414 891
0.00036162899999991893 890
0.0003617490000000778 889
0.0003618290000000357 890
0.0003618689999997926 889
0.0003619889999999515 888
0.0003620689999999094 889
0.00036210900000011037 888
0.0003621659999999416 887
0.00036228600000010047 886
0.00036230900000022714 887
0.00036240599999981526 886
0.00036242899999994194 887
0.00036252599999997415 886
0.00036260599999993204 887
0.00036264600000013303 886
0.0003627659999998478 885
0.0003628860000000067 884
0.0003629659999999646 885
0.0003630060000001656 884
0.0003631259999998804 883
0.00036324600000003926 882
0.0003633029999998705 881
0.00036342300000002936 880
0.00036344600000015603 881
0.00036354300000018824 880
0.00036366299999990304 879
0.0003636860000000297 880
0.0003637830000000619 879
0.0003639030000002208 878
0.0003640229999999356 877
0.00036404600000006226 878
0.0003641430000000945 877
0.00036426299999980927 876
0.0003643200000000846 875
0.00036443999999979937 874
0.00036455999999995825 873
0.00036468000000011713 872
0.0003647999999998319 871
0.0003648229999999586 872
0.0003649199999999908 871
0.0003650400000001497 870
0.0003651599999998645 869
0.00036528000000002336 868
0.00036540000000018225 867
0.00036551999999989704 866
0.0003655430000000237 867
0.0003656400000000559 866
0.0003657600000002148 865
0.0003658799999999296 864
0.00036590300000005627 865
0.0003660000000000885 864
0.00036611999999980327 863
0.0003661770000000786 862
0.00036629699999979337 861
0.00036641699999995225 860
0.00036653700000011114 859
0.00036665699999982593 858
0.0003666799999999526 859
0.0003667769999999848 858
0.0003668970000001437 857
0.0003669199999998263 858
0.0003670169999998585 857
0.00036713700000001737 856
0.00036721699999997526 857
0.00036725700000017625 856
0.00036737699999989104 855
0.00036745699999984893 856
0.0003674970000000499 855
0.0003676170000002088 854
0.0003676970000001667 855
0.0003677369999999236 854
0.0003678570000000825 853
0.0003678740000001568 854
0.0003679139999999137 853
0.0003680340000000726 852
0.0003681539999997874 851
0.00036827399999994626 850
0.00036839400000010514 849
0.00036847400000006303 850
0.00036851399999981993 849
0.0003685579999999078 850
0.0003686339999999788 849
0.00036869099999981003 848
0.0003687139999999367 849
0.0003688109999999689 848
0.0003689310000001278 847
0.0003690509999998426 846
0.00036917100000000147 845
0.00036929100000016035 844
0.00036931399999984293 845
0.00036941099999987514 844
0.000369531000000034 843
0.00036958799999986525 842
0.00036964500000014056 841
0.0003697310000001508 842
0.00036976499999985535 841
0.00036988500000001423 840
0.00036994199999984545 839
0.0003699710000000245 840
0.00037006200000000433 839
0.00037011899999983555 838
0.00037023899999999443 837
0.0003703590000001533 836
0.00037041599999998454 835
0.0003704510000002159 836
0.0003705360000001434 835
0.00037059299999997464 834
0.0003707130000001335 833
0.00037076999999996474 832
0.00037082699999979596 831
0.00037094699999995484 830
0.0003710670000001137 829
0.0003711869999998285 828
0.0003713069999999874 827
0.0003714270000001463 826
0.0003714679999999859 827
0.0003714839999999775 826
0.0003715409999998087 825
0.00037159800000008403 824
0.00037165499999991525 823
0.00037171200000019056 822
0.0003717690000000218 821
0.00037188900000018066 820
0.00037200899999989545 819
0.00037212500000016746 820
0.00037212900000005433 819
0.0003722490000002132 818
0.000372368999999928 817
0.0003724850000002 818
0.0003724890000000869 817
0.0003725459999999181 816
0.000372666000000077 815
0.0003727229999999082 814
0.0003727800000001835 813
0.00037283700000001474 812
0.0003728449999997885 813
0.00037289399999984596 812
0.00037301400000000484 811
0.00037307099999983606 810
0.00037319099999999494 809
0.00037320499999982104 810
0.00037324799999982616 809
0.00037336799999998505 808
0.0003734880000001439 807
0.0003736079999998587 806
0.0003737280000000176 805
0.0003738480000001765 804
0.0003739050000000077 803
0.0003739619999998389 802
0.0003740819999999978 801
0.00037410199999987626 802
0.000374138999999829 801
0.00037419600000010433 800
0.0003743159999998191 799
0.00037437300000009444 798
0.00037442999999992566 797
0.00037455000000008454 796
0.0003745820000000677 797
0.00037466999999979933 796
0.00037472700000007464 795
0.00037478399999990586 794
0.00037482199999994137 795
0.00037484100000018117 794
0.00037496099999989596 793
0.00037506199999981504 794
0.00037508100000005484 793
0.0003752010000002137 792
0.0003753209999999285 791
0.000375358999999964 792
0.0003753780000002038 791
0.00037543500000003505 790
0.0003754790000001229 791
0.00037555500000019393 790
0.0003755989999998377 791
0.0003756749999999087 790
0.0003757950000000676 789
0.0003759150000002265 788
0.0003759720000000577 787
0.0003760289999998889 786
0.00037613599999986036 787
0.0003761490000000478 786
0.000376205999999879 785
0.00037625600000001924 786
0.0003763260000000379 785
0.0003763760000001781 786
0.00037638299999986913 785
0.00037644000000014444 784
0.0003764959999998929 785
0.00037649699999997566 784
0.0003765539999998069 783
0.0003766110000000822 782
0.000376730999999797 781
0.0003767880000000723 780
0.00037685599999992547 781
0.0003769079999997871 780
0.0003769650000000624 779
0.0003770219999998936 778
0.0003770790000001689 777
0.0003770900000001909 778
0.0003771989999998837 777
0.0003772099999999057 778
0.000377256000000159 777
0.0003773759999998738 776
0.0003773869999998958 777
0.0003774330000001491 776
0.00037748999999998034 775
0.0003775639999998859 776
0.0003776100000001392 775
0.00037768400000004476 776
0.000377729999999854 775
0.0003777870000001293 774
0.00037784399999996054 773
0.00037786100000003486 774
0.00037790099999979176 773
0.0003779580000000671 772
0.0003780149999998983 771
0.00037803800000002497 772
0.0003780720000001736 771
0.0003781919999998884 770
0.0003782490000001637 769
0.0003782719999998463 770
0.0003783059999999949 769
0.0003784260000001538 768
0.00037851200000016405 769
0.0003785459999998686 768
0.0003786030000001439 767
0.0003787229999998587 766
0.000378780000000134 765
0.0003788999999998488 764
0.0003790200000000077 763
0.0003790769999998389 762
0.0003791340000001142 761
0.00037919099999994543 760
0.0003792140000000721 761
0.0003793110000001043 760
0.00037936799999993553 759
0.0003794539999999458 760
0.0003794880000000944 759
0.00037954499999992564 758
0.00037957400000010466 759
0.0003796650000000845 758
0.00037969399999981945 759
0.00037972199999991574 758
0.00037977900000019105 757
0.00037981399999997834 758
0.00037989899999990584 757
0.00037999099999996844 758
0.0003800190000000647 757
0.0003801390000002236 756
0.0003801960000000548 755
0.00038025299999988604 754
0.00038031000000016135 753
0.0003803389999998963 754
0.00038036699999999257 753
0.0003804239999998238 752
0.0003804810000000991 751
0.0003805159999998864 752
0.0003806009999998139 751
0.00038065700000000646 752
0.0003806580000000892 751
0.0003807149999999204 750
0.00038077200000019573 749
0.0003808130000000354 750
0.00038082900000002695 749
0.00038094900000018583 748
0.00038100600000001705 747
0.0003810629999998483 746
0.00038117300000006793 747
0.00038118300000000715 746
0.0003812399999998384 745
0.0003812970000001137 744
0.0003813539999999449 743
0.0003814740000001038 742
0.000381530999999935 741
0.0003815880000002103 740
0.0003817079999999251 739
0.0003817650000002004 738
0.00038182200000003164 737
0.000381874999999976 738
0.0003819420000001905 737
0.00038199500000013487 738
0.00038199900000002174 737
0.00038205599999985296 736
0.00038217600000001184 735
0.0003822960000001707 734
0.00038235300000000194 733
0.0003824059999999463 734
0.00038240999999983316 733
0.00038246700000010847 732
0.00038252600000010517 733
0.00038258699999982326 732
0.00038264400000009857 731
0.0003827009999999298 730
0.0003828210000000887 729
0.0003828779999999199 728
0.0003828800000000854 729
0.0003829980000000788 728
0.00038305499999991 727
0.0003831120000001853 726
0.0003831690000000165 725
0.00038322599999984774 724
0.0003833460000000066 723
0.00038340299999983785 722
0.00038352299999999673 721
0.0003836430000001556 720
0.00038365099999992935 721
0.00038369999999998683 720
0.0003838200000001457 719
0.00038387699999997693 718
0.00038393399999980815 717
0.00038399100000008346 716
0.0003840479999999147 715
0.00038416800000007356 714
0.0003842249999999048 713
0.00038434500000006366 712
0.00038446500000022255 711
0.00038452200000005377 710
0.000384578999999885 709
0.00038469900000004387 708
0.00038470100000020935 709
0.0003847559999998751 708
0.0003847939999999106 709
0.00038487600000003397 708
0.0003849329999998652 707
0.0003849900000001405 706
0.0003850469999999717 705
0.00038505500000018955 706
0.0003851670000001306 705
0.0003852239999999618 704
0.00038528099999979304 703
0.00038533800000006835 702
0.00038545800000022723 701
0.00038551500000005845 700
0.00038563500000021733 699
0.0003857549999999321 698
0.00038581200000020743 697
0.00038586900000003865 696
0.00038587100000020413 697
0.00038598900000019754 696
0.00038610899999991233 695
0.00038616600000018764 694
0.00038622300000001886 693
0.00038622500000018434 694
0.0003862799999998501 693
0.0003862849999998197 694
0.0003863370000001254 693
0.00038634499999989913 694
0.0003864569999998402 693
0.0003865140000001155 692
0.0003865709999999467 691
0.000386628000000222 690
0.00038668500000005324 689
0.00038674199999988446 688
0.00038679900000015977 687
0.00038681299999998586 688
0.00038691899999987456 687
0.00038698999999997596 688
0.00038703900000003344 687
0.00038709599999986466 686
0.00038715300000013997 685
0.00038727299999985476 684
0.00038733000000013007 683
0.0003873869999999613 682
0.0003874439999997925 681
0.00038746400000011505 682
0.0003875639999999514 681
0.0003876840000001103 680
0.0003877409999999415 679
0.0003877980000002168 678
0.0003879179999999316 677
0.00038792600000014943 678
0.0003879750000002069 677
0.0003880949999999217 676
0.000388152000000197 675
0.0003882719999999118 674
0.0003883920000000707 673
0.0003884489999999019 672
0.0003885079999998986 673
0.0003885690000000608 672
0.00038868900000021966 671
0.00038879899999999523 672
0.00038880899999993446 671
0.00038886600000020977 670
0.00038898599999992456 669
0.00038904300000019987 668
0.0003891000000000311 667
0.0003891569999998623 666
0.0003892140000001376 665
0.00038926700000008196 666
0.00038927099999996884 665
0.0003893910000001277 664
0.00038944799999995894 663
0.00038950499999979016 662
0.00038956200000006547 661
0.0003896189999998967 660
0.00038973900000005557 659
0.00038985900000021445 658
0.0003899120000001588 659
0.00038991600000004567 658
0.00039003600000020455 657
0.00039009300000003577 656
0.000390149999999867 655
0.0003902700000000259 654
0.0003903269999998571 653
0.0003903840000001324 652
0.0003904409999999636 651
0.0003905610000001225 650
0.0003906179999999537 649
0.00039067500000022903 648
0.00039073200000006025 647
0.0003907889999998915 646
0.0003908460000001668 645
0.0003908479999998882 646
0.000390902999999998 645
0.0003910230000001569 644
0.0003910799999999881 643
0.0003911369999998193 642
0.0003912569999999782 641
0.0003913139999998094 640
0.00039137100000008473 639
0.00039142799999991595 638
0.00039154800000007484 637
0.00039166799999978963 636
0.0003916699999999551 637
0.00039172500000006494 636
0.00039178199999989616 635
0.00039183900000017147 634
0.00039195899999988626 633
0.0003920239999999353 634
0.00039207900000004514 633
0.00039213599999987636 632
0.00039219300000015167 631
0.0003922499999999829 630
0.0003923069999998141 629
0.0003923640000000894 628
0.00039242099999992064 627
0.00039247800000019595 626
0.00039249200000002205 627
0.00039259799999991074 626
0.0003927180000000696 625
0.00039277499999990084 624
0.0003927830000001187 625
0.00039283200000017615 624
0.00039288900000000737 623
0.0003929459999998386 622
0.0003929600000001088 623
0.0003930030000001139 622
0.0003930599999999451 621
0.00039311700000022043 620
0.00039317400000005165 619
0.00039323099999988287 618
0.000393314000000089 619
0.00039335100000004175 618
0.00039340799999987297 617
0.0003934339999998038 618
0.0003934650000001483 617
0.0003935219999999795 616
0.0003935789999998107 615
0.00039363600000008603 614
0.00039369299999991725 613
0.0003937820000001757 614
0.00039381300000007613 613
0.0003939329999997909 612
0.00039399000000006623 611
0.00039404699999989745 610
0.00039416700000005633 609
0.00039422399999988755 608
0.00039428100000016286 607
0.0003943379999999941 606
0.0003943639999999249 607
0.0003943949999998253 606
0.0003944520000001006 605
0.00039450899999993183 604
0.00039456600000020714 603
0.0003945980000001903 604
0.00039468599999992193 603
0.0003948060000000808 602
0.00039488899999984284 603
0.0003949259999997956 602
0.0003949830000000709 601
0.0003951029999997857 600
0.000395160000000061 599
0.00039524299999982304 600
0.0003952800000002199 599
0.0003953370000000511 598
0.00039539399999988234 597
0.00039541999999981314 598
0.00039545100000015765 597
0.00039550799999998887 596
0.00039562800000014775 595
0.00039568499999997897 594
0.0003957169999999621 595
0.00039580500000013785 594
0.00039586199999996907 593
0.0003959189999998003 592
0.0003959760000000756 591
0.0003960140000001111 592
0.0003960329999999068 591
0.00039609000000018213 590
0.00039614700000001335 589
0.00039626700000017223 588
0.000396386999999887 587
0.000396397999999909 588
0.0003965070000000459 587
0.0003965639999998771 586
0.00039662100000015243 585
0.0003966320000001744 586
0.00039674099999986723 585
0.00039679800000014254 584
0.00039691799999985733 583
0.00039697500000013264 582
0.00039703199999996386 581
0.00039715200000012274 580
0.00039720899999995396 579
0.00039732900000011284 578
0.00039738599999994406 577
0.00039744300000021937 576
0.0003974929999999155 577
0.0003975000000000506 576
0.00039762000000020947 575
0.00039773999999992427 574
0.0003977970000001996 573
0.0003978540000000308 572
0.000397910999999862 571
0.0003979680000001373 570
0.00039802499999996854 569
0.00039808199999979976 568
0.00039813900000007507 567
0.00039825899999978986 566
0.0003983160000000652 565
0.0003983729999998964 564
0.0003984300000001717 563
0.0003984870000000029 562
0.00039854399999983414 561
0.00039860100000010945 560
0.00039865799999994067 559
0.000398715000000216 558
0.0003987720000000472 557
0.0003988289999998784 556
0.00039888600000015373 555
0.00039894299999998495 554
0.00039899300000012516 555
0.00039899999999981617 554
0.0003990570000000915 553
0.00039917699999980627 552
0.0003992340000000816 551
0.00039935399999979637 550
0.0003994110000000717 549
0.0003995309999997865 548
0.0003996169999997967 549
0.00039965099999994536 548
0.00039970100000008557 549
0.00039970800000022066 548
0.00039982799999993546 547
0.00039988500000021077 546
0.000399942000000042 545
0.0003999989999998732 544
0.0004000560000001485 543
0.0004001759999998633 542
0.0004002330000001386 541
0.00040028999999996984 540
0.00040034699999980106 539
0.00040040400000007637 538
0.0004004609999999076 537
0.0004005180000001829 536
0.0004005230000001525 537
0.0004005750000000141 536
0.00040063199999984533 535
0.0004006759999999332 536
0.00040068900000012064 535
0.00040074599999995186 534
0.00040080300000022717 533
0.0004008600000000584 532
0.0004009169999998896 531
0.0004009740000001649 530
0.00040103099999999614 529
0.0004011379999999676 530
0.000401151000000155 529
0.0004012709999998698 528
0.0004012819999998918 529
0.0004013280000001451 528
0.00040138499999997634 527
0.00040140200000005066 528
0.00040144199999980756 527
0.0004014990000000829 526
0.0004015559999999141 525
0.0004016130000001894 524
0.0004016700000000206 523
0.00040172699999985184 522
0.00040178400000012715 521
0.00040184099999995837 520
0.0004018979999997896 519
0.0004019550000000649 518
0.00040199599999990454 519
0.0004020109999998134 520
0.0004020119999998961 519
0.00040206900000017143 518
0.00040212600000000265 517
0.00040218299999983387 516
0.0004022240000001176 517
0.0004022400000001092 516
0.00040225100000013114 517
0.0004022930000000535 518
0.0004022969999999404 517
0.0004023540000002157 516
0.0004024110000000469 515
0.00040242800000012124 516
0.00040246799999987815 515
0.00040251500000021423 516
0.00040252500000015345 515
0.0004025819999999847 514
0.00040260500000011135 515
0.000402634999999929 516
0.0004026389999998159 515
0.0004026960000000912 514
0.0004027529999999224 513
0.00040281000000019773 512
0.00040286700000002895 511
0.00040292399999986017 510
0.0004029810000001355 509
0.0004030379999999667 508
0.0004030949999997979 507
0.0004031300000000293 508
0.00040315200000007323 507
0.000403271999999788 506
0.00040332900000006333 505
0.00040338599999989455 504
0.00040344300000016986 503
0.0004035000000000011 502
0.0004035569999998323 501
0.0004036140000001076 500
0.00040367099999993883 499
0.00040372800000021414 498
0.00040378500000004536 497
0.0004038419999998766 496
0.0004038990000001519 495
0.0004039559999999831 494
0.0004040129999998143 493
0.00040406600000020276 494
0.00040407000000008964 493
0.00040412699999992086 492
0.00040418400000019616 491
0.0004042410000000274 490
0.00040424300000019286 491
0.0004042979999998586 490
0.0004043550000001339 489
0.00040441199999996513 488
0.00040446899999979635 487
0.00040452600000007166 486
0.0004045829999999029 485
0.0004046400000001782 484
0.0004046970000000094 483
0.00040475399999984063 482
0.00040481100000011594 481
0.00040486799999994716 480
0.00040498800000010604 479
0.00040504499999993726 478
0.00040516500000009614 477
0.00040522199999992736 476
0.00040527900000020267 475
0.0004053360000000339 474
0.0004053929999998651 473
0.0004054500000001404 472
0.00040550699999997164 471
0.00040556399999980286 470
0.0004055840000001254 471
0.00040562100000007817 470
0.0004056779999999094 469
0.0004057350000001847 468
0.0004057920000000159 467
0.00040584899999984714 466
0.00040590600000012245 465
0.00040596299999995367 464
0.000406020000000229 463
0.0004060770000000602 462
0.0004061339999998914 461
0.0004061910000001667 460
0.00040624799999999794 459
0.00040630499999982916 458
0.0004063620000001045 457
0.0004064189999999357 456
0.000406476000000211 455
0.0004065020000001418 456
0.0004065330000000422 455
0.00040658999999987344 454
0.00040664700000014875 453
0.0004066790000001319 454
0.00040670399999997997 453
0.0004067609999998112 452
0.0004068180000000865 451
0.0004068749999999177 450
0.00040693200000019303 449
0.0004069759999998368 450
0.00040698900000002425 449
0.00040704599999985547 448
0.0004071030000001308 447
0.000407159999999962 446
0.0004072169999997932 445
0.0004072740000000685 444
0.00040733099999989975 443
0.00040738800000017505 442
0.0004074450000000063 441
0.00040750100000019884 442
0.0004075019999998375 441
0.0004075590000001128 440
0.000407615999999944 439
0.00040767300000021933 438
0.00040773000000005055 437
0.00040778699999988177 436
0.0004078440000001571 435
0.0004079009999999883 434
0.0004079579999998195 433
0.00040801500000009483 432
0.00040807199999992605 431
0.00040819200000008493 430
0.0004083119999997997 429
0.00040836900000007503 428
0.00040842599999990625 427
0.00040847600000004647 428
0.00040848300000018156 427
0.0004085400000000128 426
0.00040859600000020535 427
0.000408596999999844 426
0.0004086540000001193 425
0.00040871099999995053 424
0.0004088310000001094 423
0.00040888799999994063 422
0.0004090080000000995 421
0.00040906499999993073 420
0.00040912200000020604 419
0.00040917900000003726 418
0.00040929900000019614 417
0.00040935600000002736 416
0.0004094129999998586 415
0.0004094700000001339 414
0.0004095269999999651 413
0.00040958399999979633 412
0.00040964100000007164 411
0.00040969799999990286 410
0.00040981800000006174 409
0.0004098830000001108 410
0.0004099380000002206 409
0.00040999500000005185 408
0.00041005199999988307 407
0.0004100600000001009 408
0.0004101090000001584 407
0.0004101659999999896 406
0.0004102229999998208 405
0.0004102800000000961 404
0.00041033699999992734 403
0.00041039400000020265 402
0.00041045100000003387 401
0.0004105079999998651 400
0.0004105650000001404 399
0.00041059700000012356 400
0.0004106219999999716 399
0.00041067899999980284 398
0.0004107989999999617 397
0.00041085599999979294 396
0.00041091300000006825 395
0.00041096999999989947 394
0.0004110270000001748 393
0.000411084000000006 392
0.0004111409999998372 391
0.00041119800000011253 390
0.00041125499999994375 389
0.00041131200000021906 388
0.00041143199999993385 387
0.00041148900000020916 386
0.0004115460000000404 385
0.0004116029999998716 384
0.0004117230000000305 383
0.0004117799999998617 382
0.000411837000000137 381
0.00041189399999996823 380
0.00041195099999979945 379
0.00041200800000007476 378
0.000412064999999906 377
0.0004121220000001813 376
0.0004121790000000125 375
0.0004122990000001714 374
0.0004123560000000026 373
0.00041241299999983383 372
0.00041247000000010914 371
0.00041252699999994036 370
0.00041258400000021567 369
0.0004126410000000469 368
0.0004126979999998781 367
0.0004127550000001534 366
0.0004128749999998682 365
0.0004129320000001435 364
0.00041298899999997474 363
0.00041304599999980596 362
0.00041310300000008127 361
0.0004131599999999125 360
0.0004132170000001878 359
0.0004132640000000798 360
0.000413274000000019 359
0.00041333099999985023 358
0.00041338800000012554 357
0.00041344499999995676 356
0.000413501999999788 355
0.0004135590000000633 354
0.0004136159999998945 353
0.0004136730000001698 352
0.00041373000000000104 351
0.00041378699999983226 350
0.00041384400000010757 349
0.0004139009999999388 348
0.0004139580000002141 347
0.0004140150000000453 346
0.00041407199999987654 345
0.00041412900000015185 344
0.00041418599999998307 343
0.0004142429999998143 342
0.0004143000000000896 341
0.0004143569999999208 340
0.0004144140000001961 339
0.00041447100000002735 338
0.00041452799999985857 337
0.0004145850000001339 336
0.0004146419999999651 335
0.0004146989999997963 334
0.0004147560000000716 333
0.00041481299999990284 332
0.00041487000000017815 331
0.00041492700000000937 330
0.0004149839999998406 329
0.0004150410000001159 328
0.0004150979999999471 327
0.00041515500000022243 326
0.00041521200000005365 325
0.00041526899999988487 324
0.0004153260000001602 323
0.0004153829999999914 322
0.0004154399999998226 321
0.0004154970000000979 320
0.0004155169999999764 321
0.00041555399999992915 320
0.00041561100000020446 319
0.00041563700000013526 320
0.0004156680000000357 319
0.0004157249999998669 318
0.0004157820000001422 317
0.0004158389999999734 316
0.00041589599999980464 315
0.00041595300000007995 314
0.0004160099999999112 313
0.0004160670000001865 312
0.0004161240000000177 311
0.00041615600000000086 312
0.0004161809999998489 311
0.00041623800000012423 310
0.00041629499999995545 309
0.0004163269999999386 310
0.0004163410000002088 311
0.00041635199999978667 310
0.000416409000000062 309
0.0004164659999998932 308
0.0004165230000001685 307
0.00041657999999999973 306
0.00041661800000003524 307
0.00041663199999986134 308
0.00041663699999983095 307
0.00041669400000010626 306
0.0004167509999999375 305
0.0004168080000002128 304
0.000416865000000044 303
0.0004169219999998752 302
0.00041697900000015053 301
0.00041703599999998175 300
0.000417092999999813 299
0.0004171429999999532 300
0.0004171500000000883 299
0.0004172069999999195 298
0.00041726300000011207 299
0.0004172640000001948 298
0.00041732100000002603 297
0.00041737799999985725 296
0.00041743500000013256 295
0.0004174919999999638 294
0.000417548999999795 293
0.0004176060000000703 292
0.00041766299999990153 291
0.00041772000000017684 290
0.00041777700000000806 289
0.0004178339999998393 288
0.0004178910000001146 287
0.0004179479999999458 286
0.0004180050000002211 285
0.00041806200000005234 284
0.00041811899999988356 283
0.00041817600000015887 282
0.0004182329999999901 281
0.0004182899999998213 280
0.0004183470000000966 279
0.00041840399999992783 278
0.00041846100000020314 277
0.00041851800000003436 276
0.0004185749999998656 275
0.0004186320000001409 274
0.0004186889999999721 273
0.00041874599999980333 272
0.00041880300000007864 271
0.00041885999999990986 270
0.00041891700000018517 269
0.0004189740000000164 268
0.0004190309999998476 267
0.0004190880000001229 266
0.00041914499999995414 265
0.00041920200000022945 264
0.00041925900000006067 263
0.0004193159999998919 262
0.0004193730000001672 261
0.0004194299999999984 260
0.00041948699999982964 259
0.00041954400000010494 258
0.00041960099999993616 257
0.00041962400000006284 258
0.0004196580000002115 257
0.0004197150000000427 256
0.0004197719999998739 255
0.0004198290000001492 254
0.00041988599999998044 253
0.00041994299999981166 252
0.00042000000000008697 251
0.0004200569999999182 250
0.0004201140000001935 249
0.0004201710000000247 248
0.00042020000000020374 249
0.00042022799999985594 248
0.00042028500000013125 247
0.00042034199999996247 246
0.0004203989999997937 245
0.000420456000000069 244
0.0004205129999999002 243
0.0004205700000001755 242
0.00042062700000000675 241
0.00042068399999983797 240
0.0004207410000001133 239
0.0004207979999999445 238
0.0004208550000002198 237
0.000420912000000051 236
0.00042096899999988224 235
0.00042102600000015755 234
0.00042108299999998877 233
0.00042113999999982 232
0.0004211970000000953 231
0.0004212539999999265 230
0.00042131100000020183 229
0.00042136800000003305 228
0.00042142499999986427 227
0.0004214820000001396 226
0.0004215389999999708 225
0.000421595999999802 224
0.0004216530000000773 223
0.00042170999999990855 222
0.00042176700000018386 221
0.0004218240000000151 220
0.00042194400000017396 219
0.0004220010000000052 218
0.0004220579999998364 217
0.0004221150000001117 216
0.0004221719999999429 215
0.00042222900000021824 214
0.00042228600000004946 213
0.0004223429999998807 212
0.000422400000000156 211
0.0004224569999999872 210
0.0004225139999998184 209
0.00042257100000009373 208
0.00042262799999992495 207
0.00042268500000020026 206
0.0004227420000000315 205
0.0004227989999998627 204
0.000422856000000138 203
0.00042291299999996923 202
0.00042296999999980045 201
0.00042302700000007576 200
0.000423083999999907 199
0.0004231410000001823 198
0.0004231980000000135 197
0.00042325499999984473 196
0.00042331200000012004 195
0.00042336899999995126 194
0.00042342600000022657 193
0.0004234830000000578 192
0.000423539999999889 191
0.0004235970000001643 190
0.00042365399999999553 189
0.00042371099999982675 188
0.00042376800000010206 187
0.0004238249999999333 186
0.0004238820000002086 185
0.0004239390000000398 184
0.00042399599999987103 183
0.00042405300000014634 182
0.00042410999999997756 181
0.0004241669999998088 180
0.0004242240000000841 179
0.0004242809999999153 178
0.0004243380000001906 177
0.00042439500000002184 176
0.00042445199999985306 175
0.00042450900000012837 174
0.0004245659999999596 173
0.0004246229999997908 172
0.0004246800000000661 171
0.00042473699999989734 170
0.00042479400000017264 169
0.00042485100000000386 168
0.0004249079999998351 167
0.0004249650000001104 166
0.0004250219999999416 165
0.0004250790000002169 164
0.00042513600000004814 163
0.00042519299999987936 162
0.00042525000000015467 161
0.0004253069999999859 160
0.0004253639999998171 159
0.0004254210000000924 158
0.00042547799999992364 157
0.00042553500000019895 156
0.00042559200000003017 155
0.0004256489999998614 154
0.0004257060000001367 153
0.0004257629999999679 152
0.00042581999999979914 151
0.00042587700000007445 150
0.00042593399999990567 149
0.000425991000000181 148
0.0004260480000000122 147
0.0004261049999998434 146
0.0004261620000001187 145
0.00042621899999994994 144
0.00042627600000022525 143
0.00042633300000005647 142
0.0004263899999998877 141
0.000426447000000163 140
0.0004265039999999942 139
0.00042656099999982544 138
0.00042661800000010075 137
0.00042667499999993197 136
0.0004267320000002073 135
0.0004267890000000385 134
0.0004268459999998697 133
0.00042690300000014503 132
0.00042695999999997625 131
0.00042701699999980747 130
0.0004270740000000828 129
0.000427130999999914 128
0.0004271880000001893 127
0.0004272450000000205 126
0.00042730199999985174 125
0.00042735900000012705 124
0.0004274159999999583 123
0.0004274729999997895 122
0.0004275300000000648 121
0.000427586999999896 120
0.00042764400000017133 119
0.00042770100000000255 118
0.00042775799999983377 117
0.0004278150000001091 116
0.0004278719999999403 115
0.0004279290000002156 114
0.00042798600000004683 113
0.00042804299999987805 112
0.00042810000000015336 111
0.0004281569999999846 110
0.0004282139999998158 109
0.0004282710000000911 108
0.0004283279999999223 107
0.00042838500000019764 106
0.00042844200000002886 105
0.0004284989999998601 104
0.0004285560000001354 103
0.0004286129999999666 102
0.0004286699999997978 101
0.00042872700000007313 100
0.00042878399999990435 99
0.00042884100000017966 98
0.0004288980000000109 97
0.0004289549999998421 96
0.0004290120000001174 95
0.00042906899999994863 94
0.00042912600000022394 93
0.00042918300000005516 92
0.0004292399999998864 91
0.0004292690000000654 92
0.0004292970000001617 91
0.0004293539999999929 90
0.00042941099999982413 89
0.00042946800000009944 88
0.00042952499999993066 87
0.00042958200000020597 86
0.0004296390000000372 85
0.0004296959999998684 84
0.0004297530000001437 83
0.00042980999999997493 82
0.00042986699999980615 81
0.00042992400000008146 80
0.0004299809999999127 79
0.000430038000000188 78
0.0004300950000000192 77
0.00043015199999985043 76
0.00043020900000012574 75
0.00043026599999995696 74
0.0004303229999997882 73
0.0004303800000000635 72
0.0004304369999998947 71
0.00043049400000017 70
0.00043055100000000124 69
0.00043060799999983246 68
0.00043066500000010777 67
0.000430721999999939 66
0.0004307790000002143 65
0.0004308360000000455 64
0.00043089299999987674 63
0.00043095000000015204 62
0.00043100699999998326 61
0.0004310639999998145 60
0.0004311210000000898 59
0.000431177999999921 58
0.0004312350000001963 57
0.00043129200000002754 56
0.00043134899999985876 55
0.00043140600000013407 54
0.0004314629999999653 53
0.0004315199999997965 52
0.0004315770000000718 51
0.00043163399999990304 50
0.00043169100000017835 49
0.00043174800000000957 48
0.0004318049999998408 47
0.0004318620000001161 46
0.0004319189999999473 45
0.0004319760000002226 44
0.00043203300000005385 43
0.00043208999999988507 42
0.0004321470000001604 41
0.0004322039999999916 40
0.0004322609999998228 39
0.0004323180000000981 38
0.00043237499999992934 37
0.00043243200000020465 36
0.00043248900000003587 35
0.0004325459999998671 34
0.0004326030000001424 33
0.0004326599999999736 32
0.00043271699999980484 31
0.00043277400000008015 30
0.00043283099999991137 29
0.0004328880000001867 28
0.0004329450000000179 27
0.0004330019999998491 26
0.00043305900000012443 25
0.00043311599999995565 24
0.00043317299999978687 23
0.0004332300000000622 22
0.0004332869999998934 21
0.0004333440000001687 20
0.0004334009999999999 19
0.00043345799999983115 18
0.00043351500000010645 17
0.0004335719999999377 16
0.000433629000000213 15
0.0004336860000000442 14
0.0004337429999998754 13
0.00043380000000015073 12
0.00043385699999998195 11
0.00043391399999981317 10
0.0004339710000000885 9
0.0004340279999999197 8
0.000434085000000195 7
0.00043414200000002623 6
0.00043419899999985745 5
0.00043425600000013276 4
0.000434312999999964 3
0.0004343699999997952 2
0.0004344270000000705 1
0.0004344839999999017 0
0.0004351979999999145 0