time length
0.0 0
1.8350000008382494e-06 1
1.8350000008382494e-06 0
1.8600000002422235e-06 1
1.8600000002422235e-06 0
1.9200000007657536e-06 1
1.9200000007657536e-06 0
2.115000000024736e-06 1
2.115000000024736e-06 0
2.2150000003051673e-06 1
2.2150000003051673e-06 0
2.2400000005973197e-06 1
2.2400000005973197e-06 0
2.560000000428886e-06 1
2.560000000428886e-06 0
2.6800000005877678e-06 1
2.6800000005877678e-06 0
2.6800000005877678e-06 1
2.6800000005877678e-06 0
3.0350000006507116e-06 1
3.0350000006507116e-06 0
3.1550000008095935e-06 1
3.1550000008095935e-06 0
3.20500000050572e-06 1
3.20500000050572e-06 0
3.2199999999704687e-06 1
3.2320000000751747e-06 2
3.275000000080297e-06 1
3.2790000004112585e-06 0
3.470000000227458e-06 1
3.470000000227458e-06 0
3.4900000001059084e-06 1
3.4900000001059084e-06 0
3.6350000005569427e-06 1
3.6350000005569427e-06 0
3.790000000059024e-06 1
3.790000000059024e-06 0
3.910000000217906e-06 1
3.910000000217906e-06 0
3.952000000140288e-06 1
3.952000000140288e-06 0
3.97700000043244e-06 1
3.990000000619887e-06 2
4.030000000376788e-06 1
4.125000000243517e-06 2
4.15000000053567e-06 1
4.245000000402399e-06 2
4.259000000672586e-06 3
4.2700000006945515e-06 2
4.274000000137335e-06 1
4.278000000468296e-06 0
4.299000000429487e-06 1
4.299000000429487e-06 0
4.332000000495384e-06 1
4.332000000495384e-06 0
4.3700000000868044e-06 1
4.3700000000868044e-06 0
4.419000000588369e-06 1
4.452000000654266e-06 0
4.479000000223721e-06 1
4.479000000223721e-06 0
4.510000000124137e-06 1
4.510000000124137e-06 0
4.580000000586892e-06 1
4.580000000586892e-06 0
4.607000000156347e-06 1
4.607000000156347e-06 0
4.650000000161469e-06 1
4.650000000161469e-06 0
4.694000000249332e-06 1
4.714000000127783e-06 2
4.727000000315229e-06 1
4.72900000048071e-06 2
4.7310000006461905e-06 1
4.735000000088974e-06 0
4.74900000035916e-06 1
4.74900000035916e-06 0
4.750000000441901e-06 1
4.750000000441901e-06 0
4.769000000237611e-06 1
4.769000000237611e-06 0
4.770000000320351e-06 1
4.770000000320351e-06 0
4.799000000055287e-06 1
4.799000000055287e-06 0
4.808999999994512e-06 1
4.824000000347439e-06 2
4.869000000518042e-06 3
4.883999999982791e-06 4
4.893000000727454e-06 3
4.894000000810195e-06 4
4.897000000170237e-06 3
4.901000000501199e-06 2
4.90500000083216e-06 1
4.9090000002749434e-06 2
4.9090000002749434e-06 1
4.913000000605905e-06 0
4.979000000737699e-06 1
4.979000000737699e-06 0
5.0190000004946e-06 1
5.0190000004946e-06 0
5.02000000057734e-06 1
5.02000000057734e-06 0
5.062000000499722e-06 1
5.062000000499722e-06 0
5.0690000001907265e-06 1
5.0690000001907265e-06 0
5.099000000008402e-06 1
5.140000000736222e-06 2
5.182000000658604e-06 1
5.186000000101387e-06 0
5.19400000076331e-06 1
5.19400000076331e-06 0
5.247000000707658e-06 1
5.247000000707658e-06 0
5.248000000790398e-06 1
5.248000000790398e-06 0
5.24899999998496e-06 1
5.259000000812364e-06 2
5.2790000006908144e-06 3
5.329000000386941e-06 4
5.3370000001606854e-06 5
5.366999999978361e-06 4
5.371000000309323e-06 3
5.375000000640284e-06 2
5.379000000083067e-06 1
5.383000000414029e-06 0
5.389000000022293e-06 1
5.389000000022293e-06 0
5.430000000750113e-06 1
5.457000000319567e-06 2
5.458000000402308e-06 3
5.479000000363499e-06 4
5.507000000015694e-06 3
5.511000000346655e-06 2
5.514000000594876e-06 3
5.515000000677617e-06 2
5.549000000826254e-06 3
5.565000000373743e-06 4
5.574000000230228e-06 5
5.57900000064393e-06 6
5.600000000605121e-06 7
5.635000000836499e-06 6
5.639000000279282e-06 5
5.643000000610243e-06 4
5.647000000053026e-06 3
5.651000000383988e-06 2
5.655000000714949e-06 1
5.659000000157732e-06 0
5.727000000455007e-06 1
5.727000000455007e-06 0
5.728000000537747e-06 1
5.728000000537747e-06 0
5.7520000007471594e-06 1
5.7800000003993546e-06 2
5.814000000547992e-06 3
5.847000000613889e-06 2
5.851000000056672e-06 1
5.9040000000010195e-06 2
5.944000000646099e-06 3
5.971000000215554e-06 2
5.975000000546515e-06 1
5.9789999999892984e-06 0
5.984000000403e-06 1
5.984000000403e-06 0
5.985000000485741e-06 1
6.037000000347348e-06 2
6.044000000038352e-06 3
6.082000000517951e-06 4
6.103000000479142e-06 3
6.107000000810103e-06 4
6.1470000005670045e-06 5
6.17700000038468e-06 6
6.199000000428612e-06 7
6.223000000638024e-06 6
6.227000000080807e-06 5
6.2740000004168905e-06 6
6.285000000438856e-06 7
6.294000000295341e-06 8
6.304000000234566e-06 9
6.314000000173792e-06 10
6.339000000465944e-06 11
6.347000000239689e-06 10
6.357000000178914e-06 11
6.36900000028362e-06 12
6.434000000332674e-06 13
6.435000000415414e-06 14
6.436000000498154e-06 15
6.467000000398571e-06 14
6.482000000751498e-06 15
6.517000000094697e-06 16
6.518000000177437e-06 17
6.5870000005574525e-06 16
6.594000000248457e-06 17
6.6240000000661325e-06 18
6.625000000148873e-06 19
6.628000000397094e-06 20
6.633000000810796e-06 21
6.638000000336319e-06 22
6.648000000275545e-06 23
6.6530000006892465e-06 24
6.65800000021477e-06 25
6.6690000002367356e-06 26
6.673000000567697e-06 27
6.6780000000932205e-06 28
6.683000000506922e-06 29
6.688000000032446e-06 30
6.693000000446148e-06 31
6.694000000528888e-06 32
6.697999999971671e-06 33
6.6990000000544114e-06 34
6.707000000716334e-06 33
6.708000000799075e-06 34
6.713000000324598e-06 35
6.7180000007383e-06 36
6.7230000002638235e-06 37
6.75400000016424e-06 38
6.75500000024698e-06 39
6.7560000003297205e-06 40
6.757000000412461e-06 41
6.758000000495201e-06 42
6.759000000577942e-06 43
6.760000000660682e-06 44
6.761000000743422e-06 45
6.763000000020725e-06 46
6.7680000004344265e-06 47
6.769000000517167e-06 48
6.778000000373652e-06 49
6.783000000787354e-06 50
6.788000000312877e-06 51
6.793000000726579e-06 52
6.797000000169362e-06 53
6.798000000252102e-06 54
6.803000000665804e-06 55
6.8250000007097356e-06 56
6.826999999987038e-06 55
6.847000000753667e-06 56
6.848000000836407e-06 57
6.849000000030969e-06 58
6.8500000001137096e-06 59
6.8670000006321175e-06 60
6.889000000676049e-06 61
6.919000000493725e-06 62
6.920000000576465e-06 63
6.921000000659205e-06 64
6.94700000014592e-06 63
6.951000000476881e-06 64
6.951000000476881e-06 63
6.981000000294557e-06 64
6.9820000003772975e-06 65
6.983000000460038e-06 66
6.984000000542778e-06 67
6.985000000625519e-06 68
6.986000000708259e-06 69
6.987000000790999e-06 70
6.987999999985561e-06 71
6.989000000068302e-06 72
7.019000000774156e-06 73
7.020000000856896e-06 74
7.021000000051458e-06 75
7.022000000134199e-06 76
7.023000000216939e-06 77
7.024000000299679e-06 78
7.02500000038242e-06 79
7.02600000046516e-06 80
7.0270000005479005e-06 81
7.028000000630641e-06 82
7.029000000713381e-06 83
7.059000000531057e-06 84
7.071000000635763e-06 83
7.075000000078546e-06 82
7.079000000409508e-06 81
7.083000000740469e-06 80
7.087000000183252e-06 79
7.089000000348733e-06 80
7.090000000431473e-06 81
7.091000000514214e-06 82
7.091000000514214e-06 81
7.092000000596954e-06 82
7.12200000041463e-06 83
7.12300000049737e-06 84
7.124000000580111e-06 85
7.125000000662851e-06 86
7.1260000007455915e-06 87
7.156000000563267e-06 88
7.157000000646008e-06 89
7.158000000728748e-06 90
7.1590000008114885e-06 91
7.16000000000605e-06 92
7.161000000088791e-06 93
7.191000000794645e-06 94
7.191999999989207e-06 95
7.193000000071947e-06 96
7.194000000154688e-06 97
7.211000000673096e-06 96
7.223999999972364e-06 97
7.225000000055104e-06 98
7.226000000137844e-06 99
7.227000000220585e-06 100
7.228000000303325e-06 101
7.2290000003860655e-06 102
7.230000000468806e-06 103
7.231000000551546e-06 104
7.232000000634287e-06 105
7.242000000573512e-06 106
7.257000000038261e-06 107
7.2620000004519625e-06 108
7.263000000534703e-06 109
7.264000000617443e-06 110
7.265000000700184e-06 111
7.266000000782924e-06 112
7.2960000006006e-06 113
7.322000000087314e-06 114
7.326000000418276e-06 115
7.327000000501016e-06 116
7.3280000005837564e-06 117
7.329000000666497e-06 118
7.330000000749237e-06 119
7.3310000008319776e-06 120
7.3310000008319776e-06 119
7.3320000000265395e-06 120
7.362000000732394e-06 121
7.39200000055007e-06 122
7.39300000063281e-06 123
7.39400000071555e-06 124
7.395000000798291e-06 125
7.395999999992853e-06 126
7.397000000075593e-06 127
7.3980000001583335e-06 128
7.427999999976009e-06 129
7.42900000005875e-06 130
7.43000000014149e-06 131
7.4310000002242305e-06 132
7.451000000102681e-06 131
7.4550000004336425e-06 130
7.459000000764604e-06 129
7.461000000041906e-06 130
7.462000000124647e-06 131
7.492000000830501e-06 132
7.493000000025063e-06 133
7.494000000107803e-06 134
7.495000000190544e-06 135
7.496000000273284e-06 136
7.4970000003560244e-06 137
7.498000000438765e-06 138
7.528000000256441e-06 139
7.529000000339181e-06 140
7.530000000421921e-06 141
7.531000000504662e-06 142
7.532000000587402e-06 143
7.5330000006701425e-06 144
7.534000000752883e-06 145
7.547000000052151e-06 146
7.564000000570559e-06 147
7.565000000653299e-06 148
7.5660000007360395e-06 149
7.56700000081878e-06 150
7.568000000013342e-06 151
7.5790000000353075e-06 150
7.5870000006972305e-06 151
7.598000000719196e-06 152
7.5990000008019365e-06 153
7.5999999999964984e-06 154
7.630000000702353e-06 155
7.631000000785093e-06 156
7.631999999979655e-06 157
7.633000000062395e-06 158
7.66300000076825e-06 159
7.66300000076825e-06 160
7.66400000085099e-06 161
7.68200000056396e-06 162
7.694000000668666e-06 163
7.695000000751406e-06 164
7.696000000834147e-06 165
7.697000000028709e-06 166
7.697000000028709e-06 167
7.69900000019419e-06 166
7.703000000525151e-06 165
7.717000000795338e-06 166
7.727000000734563e-06 167
7.757000000552239e-06 168
7.75800000063498e-06 169
7.75900000071772e-06 170
7.76000000080046e-06 171
7.760999999995022e-06 172
7.762000000077762e-06 173
7.763000000160503e-06 174
7.764000000243243e-06 175
7.765000000325983e-06 176
7.766000000408724e-06 177
7.767000000491464e-06 178
7.768000000574204e-06 179
7.769000000656945e-06 180
7.79900000047462e-06 181
7.800000000557361e-06 182
7.823000000684033e-06 181
7.830000000375037e-06 182
7.831000000457777e-06 183
7.832000000540518e-06 184
7.862000000358194e-06 185
7.863000000440934e-06 186
7.864000000523674e-06 187
7.865000000606415e-06 188
7.866000000689155e-06 189
7.867000000771895e-06 190
7.868000000854636e-06 191
7.869000000049198e-06 192
7.897000000589571e-06 193
7.899000000755052e-06 194
7.929000000572728e-06 195
7.930000000655468e-06 196
7.931000000738209e-06 197
7.932000000820949e-06 198
7.933000000015511e-06 199
7.934000000098251e-06 200
7.943000000842915e-06 199
7.947000000285698e-06 198
7.95100000061666e-06 197
7.955000000059442e-06 196
7.959000000390404e-06 195
7.963000000721365e-06 194
7.964000000804106e-06 195
7.964999999998668e-06 196
7.967000000164148e-06 195
7.97100000049511e-06 194
7.975000000826071e-06 193
7.979000000268854e-06 192
7.983000000599816e-06 191
7.987000000042599e-06 190
7.99100000037356e-06 189
7.995000000704522e-06 190
7.995000000704522e-06 189
7.996000000787262e-06 190
7.996999999981824e-06 191
7.998000000064565e-06 192
7.999000000147305e-06 193
7.999000000147305e-06 192
8.000000000230045e-06 193
8.003000000478266e-06 192
8.007000000809228e-06 191
8.011000000252011e-06 190
8.015000000582972e-06 189
8.019000000025756e-06 188
8.023000000356717e-06 187
8.030000000047721e-06 188
8.031000000130462e-06 189
8.032000000213202e-06 190
8.033000000295942e-06 191
8.034000000378683e-06 192
8.035000000461423e-06 193
8.036000000544163e-06 194
8.06600000036184e-06 195
8.06700000044458e-06 196
8.06800000052732e-06 197
8.098000000344996e-06 198
8.099000000427736e-06 199
8.100000000510477e-06 200
8.130000000328153e-06 201
8.143000000515599e-06 200
8.14700000084656e-06 199
8.151000000289343e-06 198
8.155000000620305e-06 197
8.159000000063088e-06 196
8.160000000145828e-06 197
8.161000000228569e-06 198
8.162000000311309e-06 199
8.16300000039405e-06 200
8.16300000039405e-06 199
8.16400000047679e-06 200
8.16500000055953e-06 201
8.16600000064227e-06 202
8.167000000725011e-06 203
8.167000000725011e-06 202
8.168000000807751e-06 203
8.169000000002313e-06 204
8.170000000085054e-06 205
8.171000000167794e-06 206
8.171000000167794e-06 205
8.172000000250534e-06 206
8.175000000498756e-06 205
8.179000000829717e-06 204
8.1830000002725e-06 203
8.187000000603462e-06 202
8.191000000046245e-06 201
8.195000000377206e-06 200
8.199000000708168e-06 199
8.20200000006821e-06 200
8.232000000774065e-06 201
8.233000000856805e-06 202
8.234000000051367e-06 203
8.235000000134107e-06 204
8.236000000216848e-06 205
8.237000000299588e-06 206
8.267000000117264e-06 207
8.297000000823118e-06 208
8.29800000001768e-06 209
8.29900000010042e-06 210
8.300000000183161e-06 211
8.301000000265901e-06 212
8.302000000348642e-06 213
8.303000000431382e-06 214
8.318999999978871e-06 213
8.323000000309833e-06 212
8.327000000640794e-06 211
8.331000000083577e-06 210
8.333000000249058e-06 211
8.334000000331798e-06 212
8.335000000414539e-06 213
8.361999999983993e-06 214
8.365000000232214e-06 215
8.366000000314955e-06 216
8.367000000397695e-06 217
8.368000000480436e-06 218
8.398000000298111e-06 219
8.399000000380852e-06 220
8.402000000629073e-06 221
8.429000000198528e-06 222
8.451000000242459e-06 221
8.45500000057342e-06 220
8.459000000016204e-06 221
8.459000000016204e-06 220
8.460000000098944e-06 221
8.461000000181684e-06 222
8.462000000264425e-06 223
8.463000000347165e-06 224
8.463000000347165e-06 223
8.464000000429905e-06 224
8.487000000556577e-06 225
8.494000000247581e-06 226
8.495000000330322e-06 227
8.496000000413062e-06 228
8.497000000495802e-06 229
8.498000000578543e-06 230
8.499000000661283e-06 231
8.500000000744024e-06 232
8.501000000826764e-06 233
8.502000000021326e-06 234
8.503000000104066e-06 235
8.504000000186807e-06 236
8.505000000269547e-06 237
8.506000000352287e-06 238
8.507000000435028e-06 239
8.508000000517768e-06 240
8.509000000600508e-06 241
8.510000000683249e-06 242
8.51100000076599e-06 243
8.51200000084873e-06 244
8.513000000043291e-06 245
8.543000000749146e-06 246
8.544000000831886e-06 247
8.574000000649562e-06 248
8.583000000506047e-06 247
8.604000000467238e-06 248
8.605000000549978e-06 249
8.606000000632719e-06 250
8.62700000059391e-06 251
8.636000000450395e-06 252
8.637000000533135e-06 253
8.638000000615875e-06 254
8.639000000698616e-06 255
8.640000000781356e-06 256
8.640999999975918e-06 257
8.671000000681772e-06 258
8.701000000499448e-06 259
8.702000000582188e-06 260
8.703000000664929e-06 261
8.703000000664929e-06 260
8.70400000074767e-06 261
8.70500000083041e-06 262
8.706000000024972e-06 263
8.736000000730826e-06 264
8.737000000813566e-06 265
8.738000000008128e-06 266
8.739000000090869e-06 267
8.740000000173609e-06 268
8.769999999991285e-06 269
8.771000000074025e-06 270
8.80100000077988e-06 271
8.801999999974441e-06 272
8.803000000057182e-06 273
8.804000000139922e-06 274
8.82300000082381e-06 273
8.827000000266594e-06 272
8.831000000597555e-06 271
8.834000000845776e-06 272
8.864000000663452e-06 273
8.865000000746193e-06 274
8.895000000563869e-06 275
8.925000000381544e-06 276
8.951000000756437e-06 275
8.95500000019922e-06 276
8.95600000028196e-06 277
8.957000000364701e-06 278
8.987000000182377e-06 279
9.017000000000053e-06 280
9.018000000082793e-06 281
9.019000000165533e-06 282
9.04899999998321e-06 283
9.05000000006595e-06 284
9.05100000014869e-06 285
9.07100000002714e-06 284
9.075000000358102e-06 283
9.079000000689064e-06 282
9.081000000854544e-06 283
9.083000000131847e-06 282
9.087000000462808e-06 281
9.09100000079377e-06 280
9.095000000236553e-06 279
9.099000000567514e-06 278
9.103000000010297e-06 277
9.11100000067222e-06 278
9.11200000075496e-06 279
9.113000000837701e-06 280
9.114000000032263e-06 281
9.115000000115003e-06 282
9.137000000158935e-06 283
9.145000000820858e-06 284
9.14600000001542e-06 285
9.14700000009816e-06 286
9.1480000001809e-06 287
9.177999999998576e-06 288
9.20800000070443e-06 289
9.22300000016918e-06 288
9.22700000050014e-06 287
9.231000000831102e-06 286
9.235000000273885e-06 285
9.238000000522106e-06 286
9.239000000604847e-06 287
9.239000000604847e-06 286
9.240000000687587e-06 287
9.241000000770327e-06 288
9.242000000853068e-06 289
9.24300000004763e-06 288
9.247000000378591e-06 287
9.251000000709553e-06 286
9.255000000152336e-06 285
9.259000000483297e-06 284
9.263000000814259e-06 283
9.272000000670744e-06 284
9.30200000048842e-06 285
9.30300000057116e-06 286
9.333000000388836e-06 287
9.334000000471576e-06 288
9.364000000289252e-06 289
9.365000000371992e-06 290
9.383000000084962e-06 289
9.395000000189668e-06 290
9.396000000272409e-06 291
9.397000000355149e-06 292
9.39800000043789e-06 293
9.39900000052063e-06 294
9.429000000338306e-06 295
9.459000000155982e-06 296
9.488999999973657e-06 297
9.490000000056398e-06 298
9.503000000243844e-06 297
9.507000000574806e-06 296
9.511000000017589e-06 295
9.51500000034855e-06 294
9.520000000762252e-06 295
9.521000000844992e-06 296
9.522000000039554e-06 297
9.552000000745409e-06 298
9.553000000828149e-06 299
9.583000000645825e-06 300
9.584000000728565e-06 301
9.614000000546241e-06 302
9.635000000507432e-06 301
9.639000000838394e-06 300
9.643000000281177e-06 299
9.644000000363917e-06 300
9.645000000446657e-06 301
9.647000000612138e-06 300
9.651000000054921e-06 299
9.675000000264333e-06 300
9.676000000347074e-06 301
9.70600000016475e-06 302
9.735999999982425e-06 303
9.737000000065166e-06 304
9.76700000077102e-06 305
9.771000000213803e-06 304
9.775000000544765e-06 303
9.778999999987548e-06 302
9.783000000318509e-06 301
9.78700000064947e-06 300
9.791000000092254e-06 299
9.797000000588696e-06 300
9.798000000671436e-06 301
9.799000000754177e-06 302
9.800000000836917e-06 303
9.801000000031479e-06 304
9.80200000011422e-06 305
9.80300000019696e-06 306
9.8040000002797e-06 307
9.834000000097376e-06 308
9.86400000080323e-06 309
9.864999999997792e-06 310
9.895000000703646e-06 311
9.911000000251136e-06 310
9.915000000582097e-06 309
9.91900000002488e-06 308
9.923000000355842e-06 307
9.925000000521322e-06 308
9.926000000604063e-06 309
9.927000000686803e-06 310
9.928000000769543e-06 311
9.929000000852284e-06 312
9.930000000046846e-06 313
9.931000000129586e-06 314
9.942000000151552e-06 315
9.96100000083544e-06 316
9.991000000653116e-06 317
9.992000000735857e-06 318
9.993000000818597e-06 319
1.0023000000636273e-05 320
1.0043000000514724e-05 319
1.0047000000845685e-05 318
1.0051000000288468e-05 317
1.0053000000453949e-05 318
1.005400000053669e-05 319
1.005500000061943e-05 320
1.005500000061943e-05 319
1.005600000070217e-05 320
1.005700000078491e-05 321
1.0059000000062213e-05 320
1.0063000000393174e-05 319
1.0067000000724136e-05 318
1.0071000000166919e-05 317
1.007500000049788e-05 316
1.0087000000602586e-05 317
1.0117000000420262e-05 318
1.0147000000237938e-05 319
1.0148000000320678e-05 320
1.0149000000403419e-05 321
1.0150000000486159e-05 322
1.01510000005689e-05 323
1.015200000065164e-05 324
1.015300000073438e-05 325
1.015400000081712e-05 326
1.0155000000011682e-05 327
1.0156000000094423e-05 328
1.0157000000177163e-05 329
1.0158000000259904e-05 330
1.018800000007758e-05 331
1.0195000000656762e-05 330
1.0218000000783434e-05 331
1.0218999999977996e-05 332
1.0220000000060736e-05 333
1.0221000000143476e-05 334
1.025100000084933e-05 335
1.0252000000043893e-05 336
1.0282000000749747e-05 337
1.0283000000832487e-05 338
1.028400000002705e-05 339
1.028500000010979e-05 340
1.028600000019253e-05 341
1.028700000027527e-05 342
1.0315000000815644e-05 341
1.0317000000092946e-05 342
1.0318000000175687e-05 343
1.0319000000258427e-05 344
1.0320000000341167e-05 345
1.0321000000423908e-05 346
1.0322000000506648e-05 347
1.0323000000589388e-05 348
1.0353000000407064e-05 349
1.038300000022474e-05 350
1.038400000030748e-05 351
1.0385000000390221e-05 352
1.0386000000472961e-05 353
1.0416000000290637e-05 354
1.0417000000373378e-05 355
1.0418000000456118e-05 356
1.0419000000538858e-05 357
1.0435000000086347e-05 356
1.0439000000417309e-05 355
1.044300000074827e-05 354
1.0447000000191053e-05 353
1.0449000000356534e-05 354
1.0451000000522015e-05 353
1.047900000017421e-05 354
1.048000000025695e-05 355
1.048100000033969e-05 356
1.0482000000422431e-05 357
1.0483000000505172e-05 358
1.0484000000587912e-05 359
1.0485000000670652e-05 360
1.0486000000753393e-05 361
1.0487000000836133e-05 362
1.0517000000653809e-05 363
1.0547000000471485e-05 364
1.0548000000554225e-05 365
1.055900000057619e-05 366
1.0571000000680897e-05 365
1.0578000000371901e-05 366
1.0608000000189577e-05 367
1.0638000000007253e-05 368
1.0639000000089993e-05 369
1.0640000000172734e-05 370
1.0641000000255474e-05 371
1.0642000000338214e-05 372
1.067200000015589e-05 373
1.067300000023863e-05 374
1.0691000000839779e-05 373
1.0703000000056306e-05 374
1.0704000000139047e-05 375
1.0734000000844901e-05 376
1.0735000000039463e-05 377
1.0736000000122203e-05 378
1.0737000000204944e-05 379
1.0738000000287684e-05 380
1.0739000000370424e-05 381
1.0740000000453165e-05 382
1.0741000000535905e-05 383
1.0742000000618646e-05 384
1.0743000000701386e-05 385
1.0744000000784126e-05 386
1.0744999999978688e-05 387
1.0746000000061429e-05 388
1.0747000000144169e-05 389
1.0777000000850023e-05 390
1.0778000000044585e-05 391
1.080800000075044e-05 392
1.080900000083318e-05 393
1.0810000000027742e-05 394
1.0811000000110482e-05 393
1.0815000000441444e-05 392
1.0819000000772405e-05 391
1.0823000000215188e-05 390
1.082700000054615e-05 389
1.0830999999988933e-05 388
1.0835000000319894e-05 387
1.0840000000733596e-05 388
1.0841000000816337e-05 389
1.0842000000010898e-05 390
1.0843000000093639e-05 391
1.08470000004246e-05 392
1.0873000000799493e-05 393
1.0903000000617169e-05 394
1.090400000069991e-05 395
1.090500000078265e-05 396
1.0905999999977212e-05 397
1.0907000000059952e-05 398
1.0908000000142692e-05 399
1.0909000000225433e-05 400
1.0910000000308173e-05 401
1.0911000000390914e-05 402
1.094100000020859e-05 403
1.0955000000478776e-05 402
1.0971000000026265e-05 403
1.100100000073212e-05 404
1.100200000081486e-05 405
1.1003000000009422e-05 406
1.1033000000715276e-05 407
1.1034000000798017e-05 408
1.1034999999992579e-05 409
1.1065000000698433e-05 410
1.1066000000781173e-05 411
1.1066999999975735e-05 412
1.1068000000058476e-05 413
1.1075000000637658e-05 412
1.1079000000080441e-05 411
1.1083000000411403e-05 410
1.1087000000742364e-05 409
1.1091000000185147e-05 408
1.1095000000516109e-05 407
1.109800000076433e-05 408
1.109900000084707e-05 409
1.109900000084707e-05 408
1.1129000000664746e-05 409
1.1159000000482422e-05 410
1.1160000000565162e-05 411
1.1161000000647903e-05 412
1.1162000000730643e-05 413
1.1192000000548319e-05 414
1.119300000063106e-05 415
1.11940000007138e-05 416
1.119500000079654e-05 417
1.1219000000117774e-05 416
1.1223000000448735e-05 415
1.1225000000614216e-05 416
1.1227000000779697e-05 415
1.123100000022248e-05 414
1.1255000000431892e-05 415
1.1285000000249568e-05 416
1.1286000000332308e-05 417
1.1287000000415048e-05 418
1.1288000000497789e-05 419
1.1318000000315465e-05 420
1.134800000013314e-05 421
1.134900000021588e-05 422
1.1351000000381362e-05 421
1.1355000000712323e-05 420
1.1379000000033557e-05 421
1.1380000000116297e-05 422
1.1381000000199037e-05 423
1.1382000000281778e-05 424
1.1412000000099454e-05 425
1.1413000000182194e-05 426
1.1414000000264934e-05 427
1.1415000000347675e-05 428
1.144500000016535e-05 429
1.1446000000248091e-05 430
1.1474999999983027e-05 429
1.1476000000065767e-05 430
1.1479000000313988e-05 429
1.148300000064495e-05 428
1.1487000000087733e-05 427
1.1491000000418694e-05 426
1.1495000000749656e-05 425
1.1499000000192439e-05 424
1.1506000000771621e-05 425
1.1507000000854362e-05 426
1.1508000000048924e-05 427
1.1538000000754778e-05 428
1.1539000000837518e-05 429
1.1569000000655194e-05 430
1.159900000047287e-05 431
1.160000000055561e-05 432
1.160100000063835e-05 433
1.161900000035132e-05 432
1.1623000000682282e-05 431
1.1627000000125065e-05 430
1.1631000000456027e-05 431
1.1631000000456027e-05 430
1.1632000000538767e-05 431
1.1633000000621507e-05 432
1.1634000000704248e-05 433
1.1635000000786988e-05 434
1.1635000000786988e-05 433
1.163599999998155e-05 434
1.163700000006429e-05 435
1.163800000014703e-05 436
1.1639000000229771e-05 437
1.1639000000229771e-05 436
1.1640000000312511e-05 437
1.1641000000395252e-05 438
1.1642000000477992e-05 439
1.1643000000560733e-05 438
1.1672000000295668e-05 439
1.1702000000113344e-05 440
1.1703000000196084e-05 441
1.173300000001376e-05 442
1.17340000000965e-05 443
1.1735000000179241e-05 444
1.1736000000261981e-05 445
1.1763000000719614e-05 444
1.1766000000079657e-05 445
1.1796000000785511e-05 446
1.1796999999980073e-05 447
1.1798000000062814e-05 448
1.1799000000145554e-05 449
1.1829000000851408e-05 450
1.183000000004597e-05 451
1.183100000012871e-05 452
1.1861000000834565e-05 453
1.1882999999990318e-05 452
1.188700000032128e-05 451
1.1891000000652241e-05 452
1.1891000000652241e-05 451
1.1892000000734981e-05 452
1.1893000000817722e-05 453
1.1894000000012284e-05 454
1.1895000000095024e-05 453
1.1899000000425985e-05 452
1.1924000000718138e-05 453
1.1954000000535814e-05 454
1.1955000000618554e-05 455
1.1956000000701295e-05 456
1.198600000051897e-05 457
1.2016000000336646e-05 458
1.2017000000419387e-05 459
1.2019000000584867e-05 458
1.2047000000237063e-05 459
1.2077000000054738e-05 460
1.2107000000760593e-05 461
1.2108000000843333e-05 462
1.2138000000661009e-05 463
1.213900000074375e-05 462
1.2143000000186532e-05 461
1.2147000000517494e-05 460
1.2168000000478685e-05 461
1.2169000000561425e-05 462
1.2170000000644166e-05 463
1.2171000000726906e-05 464
1.2172000000809646e-05 465
1.2202000000627322e-05 466
1.2203000000710063e-05 467
1.2233000000527738e-05 468
1.2263000000345414e-05 469
1.2264000000428155e-05 470
1.2265000000510895e-05 471
1.2267000000676376e-05 470
1.2271000000119159e-05 469
1.227500000045012e-05 468
1.2279000000781082e-05 467
1.2295000000328571e-05 468
1.2296000000411311e-05 469
1.2326000000228987e-05 470
1.2356000000046663e-05 471
1.2386000000752517e-05 472
1.2387000000835258e-05 473
1.238800000002982e-05 474
1.238900000011256e-05 475
1.23900000001953e-05 476
1.2399000000051785e-05 475
1.2420000000012976e-05 476
1.245000000071883e-05 477
1.2480000000536506e-05 478
1.2481000000619247e-05 479
1.2482000000701987e-05 480
1.2483000000784727e-05 481
1.2513000000602403e-05 482
1.2519000000210667e-05 481
1.2523000000541629e-05 480
1.254300000042008e-05 481
1.254400000050282e-05 482
1.2574000000320495e-05 483
1.2604000000138171e-05 484
1.2605000000220912e-05 485
1.2606000000303652e-05 486
1.2607000000386392e-05 487
1.2637000000204068e-05 488
1.2638000000286809e-05 489
1.264300000070051e-05 488
1.2668000000104485e-05 489
1.2698000000810339e-05 490
1.2723000000214313e-05 491
1.2728000000628015e-05 492
1.275800000044569e-05 493
1.2759000000528431e-05 494
1.2760000000611171e-05 495
1.2761000000693912e-05 496
1.2762000000776652e-05 497
1.2762999999971214e-05 498
1.2762999999971214e-05 497
1.2764000000053954e-05 498
1.2765000000136695e-05 499
1.2767000000302176e-05 498
1.2771000000633137e-05 497
1.2795000000842549e-05 498
1.2796000000037111e-05 499
1.2826000000742965e-05 500
1.2827000000825706e-05 501
1.2828000000020268e-05 502
1.2829000000103008e-05 503
1.2830000000185748e-05 504
1.2860000000003424e-05 505
1.2861000000086165e-05 506
1.2862000000168905e-05 507
1.2863000000251645e-05 508
1.2891000000792019e-05 507
1.2893000000069321e-05 508
1.2895000000234802e-05 507
1.2923000000775176e-05 508
1.2924000000857916e-05 509
1.2925000000052478e-05 510
1.2955000000758332e-05 511
1.2956000000841073e-05 512
1.2957000000035634e-05 513
1.2987000000741489e-05 514
1.2988000000824229e-05 515
1.3015000000393684e-05 514
1.3018000000641905e-05 515
1.3019000000724645e-05 516
1.3020000000807386e-05 517
1.3050000000625062e-05 518
1.3080000000442737e-05 519
1.3110000000260413e-05 520
1.3111000000343154e-05 521
1.3112000000425894e-05 522
1.3113000000508634e-05 523
1.3114000000591375e-05 524
1.3115000000674115e-05 525
1.3135000000552566e-05 524
1.3145000000491791e-05 525
1.3146000000574531e-05 526
1.3176000000392207e-05 527
1.3177000000474948e-05 528
1.3207000000292624e-05 529
1.32370000001103e-05 530
1.3255000000711448e-05 529
1.325900000015423e-05 528
1.3263000000485192e-05 527
1.3267000000816154e-05 528
1.3267000000816154e-05 527
1.3268000000010716e-05 528
1.3269000000093456e-05 529
1.3271000000258937e-05 528
1.3275000000589898e-05 527
1.3279000000032681e-05 526
1.3283000000363643e-05 525
1.3287000000694604e-05 524
1.3291000000137387e-05 523
1.3295000000468349e-05 522
1.329900000079931e-05 523
1.329900000079931e-05 522
1.3303000000242093e-05 521
1.3329000000616986e-05 522
1.3359000000434662e-05 523
1.3389000000252338e-05 524
1.3390000000335078e-05 525
1.3420000000152754e-05 526
1.3421000000235495e-05 527
1.3423000000400975e-05 526
1.3427000000731937e-05 525
1.345100000005317e-05 526
1.3481000000759025e-05 527
1.35110000005767e-05 528
1.3541000000394376e-05 529
1.3542000000477117e-05 530
1.354700000000264e-05 529
1.3551000000333602e-05 528
1.3555000000664563e-05 527
1.3572000000294793e-05 528
1.3573000000377533e-05 529
1.3574000000460273e-05 530
1.3575000000543014e-05 531
1.3576000000625754e-05 532
1.360600000044343e-05 533
1.360700000052617e-05 534
1.3637000000343846e-05 535
1.3667000000161522e-05 536
1.3675000000823445e-05 535
1.3679000000266228e-05 534
1.368300000059719e-05 533
1.3687000000039973e-05 532
1.3691000000370934e-05 531
1.3695000000701896e-05 530
1.3696999999979198e-05 531
1.3699000000144679e-05 530
1.370300000047564e-05 529
1.3727000000685052e-05 530
1.3728000000767793e-05 531
1.3743000000232541e-05 532
1.3758000000585469e-05 533
1.3788000000403144e-05 534
1.3789000000485885e-05 535
1.3790000000568625e-05 536
1.3820000000386301e-05 537
1.3821000000469041e-05 538
1.3822000000551782e-05 539
1.3823000000634522e-05 540
1.3823000000634522e-05 539
1.3824000000717263e-05 540
1.3825000000800003e-05 541
1.3855000000617679e-05 542
1.3856000000700419e-05 543
1.385700000078316e-05 544
1.3857999999977721e-05 545
1.3859000000060462e-05 546
1.3860000000143202e-05 547
1.3861000000225943e-05 548
1.3891000000043618e-05 549
1.3921000000749473e-05 550
1.3943000000793404e-05 549
1.3951000000567149e-05 550
1.3981000000384824e-05 551
1.40110000002025e-05 552
1.4041000000020176e-05 553
1.4063000000064108e-05 552
1.4067000000395069e-05 551
1.407100000072603e-05 552
1.407100000072603e-05 551
1.4072000000808771e-05 552
1.4073000000003333e-05 553
1.4075000000168814e-05 552
1.4079000000499775e-05 551
1.4083000000830737e-05 550
1.4103000000709187e-05 551
1.4133000000526863e-05 552
1.4163000000344539e-05 553
1.416400000042728e-05 554
1.416500000051002e-05 555
1.416600000059276e-05 556
1.4196000000410436e-05 557
1.420300000010144e-05 556
1.4207000000432402e-05 555
1.4226000000228112e-05 556
1.4256000000045788e-05 557
1.4257000000128528e-05 558
1.4258000000211268e-05 559
1.4288000000028944e-05 560
1.4289000000111685e-05 561
1.4291000000277165e-05 562
1.4319000000817539e-05 563
1.4327000000591283e-05 562
1.4331000000034066e-05 561
1.4335000000365028e-05 560
1.433900000069599e-05 559
1.4343000000138773e-05 558
1.4347000000469734e-05 557
1.4349000000635215e-05 558
1.4350000000717955e-05 559
1.4351000000800695e-05 560
1.4351999999995257e-05 561
1.4353000000077998e-05 562
1.4383000000783852e-05 563
1.4413000000601528e-05 564
1.4414000000684268e-05 565
1.4444000000501944e-05 566
1.4467000000628616e-05 565
1.4471000000071399e-05 564
1.447400000031962e-05 565
1.447500000040236e-05 566
1.447500000040236e-05 565
1.44760000004851e-05 566
1.4479000000733322e-05 565
1.4483000000176105e-05 564
1.4487000000507066e-05 563
1.4491000000838028e-05 562
1.4506000000302777e-05 563
1.4507000000385517e-05 564
1.4508000000468257e-05 565
1.4538000000285933e-05 566
1.456800000010361e-05 567
1.456900000018635e-05 568
1.457000000026909e-05 569
1.457100000035183e-05 570
1.4601000000169506e-05 571
1.4611000000108731e-05 570
1.4615000000439693e-05 569
1.4619000000770654e-05 568
1.4630999999987182e-05 569
1.4632000000069922e-05 570
1.4662000000775777e-05 571
1.4662999999970339e-05 572
1.4693000000676193e-05 573
1.4694000000758933e-05 574
1.472400000057661e-05 575
1.472500000065935e-05 576
1.472600000074209e-05 577
1.472700000082483e-05 578
1.4728000000019392e-05 579
1.4739000000041358e-05 578
1.474300000037232e-05 577
1.4747000000703281e-05 576
1.4758000000725247e-05 577
1.4759000000807987e-05 578
1.4760000000002549e-05 579
1.4790000000708403e-05 580
1.4791000000791144e-05 581
1.482100000060882e-05 582
1.4851000000426495e-05 583
1.4852000000509236e-05 584
1.4853000000591976e-05 585
1.4866999999973984e-05 584
1.4883000000409652e-05 585
1.4913000000227328e-05 586
1.4943000000045004e-05 587
1.4944000000127744e-05 588
1.4974000000833598e-05 589
1.4987000000132866e-05 588
1.4991000000463828e-05 587
1.499500000079479e-05 586
1.4999000000237572e-05 585
1.5003000000568534e-05 584
1.5004000000651274e-05 585
1.5005000000734015e-05 586
1.5007000000011317e-05 585
1.5011000000342278e-05 584
1.501500000067324e-05 583
1.5019000000116023e-05 582
1.5023000000446984e-05 581
1.5027000000777946e-05 580
1.5031000000220729e-05 579
1.503500000055169e-05 580
1.503500000055169e-05 579
1.503600000063443e-05 580
1.5037000000717171e-05 581
1.5038000000799912e-05 582
1.5068000000617587e-05 583
1.5098000000435263e-05 584
1.5128000000252939e-05 585
1.5155000000710572e-05 584
1.5158000000070615e-05 585
1.5159000000153355e-05 586
1.5160000000236096e-05 587
1.5161000000318836e-05 588
1.5171000000258061e-05 589
1.5191000000136512e-05 590
1.5192000000219252e-05 591
1.5193000000301993e-05 592
1.5223000000119669e-05 593
1.5253000000825523e-05 594
1.5254000000020085e-05 595
1.5255000000102825e-05 596
1.5274999999981276e-05 595
1.5279000000312237e-05 594
1.52830000006432e-05 593
1.528500000080868e-05 594
1.528600000000324e-05 595
1.5287000000085982e-05 594
1.5291000000416943e-05 593
1.5295000000747905e-05 592
1.5316000000709096e-05 593
1.5317000000791836e-05 594
1.5317999999986398e-05 595
1.531900000006914e-05 596
1.532000000015188e-05 597
1.5350000000857733e-05 598
1.538000000067541e-05 599
1.538100000075815e-05 600
1.5411000000575825e-05 601
1.5412000000658566e-05 602
1.5415000000018608e-05 601
1.544200000047624e-05 602
1.5443000000558982e-05 603
1.5473000000376658e-05 604
1.5474000000459398e-05 605
1.5504000000277074e-05 606
1.553400000009475e-05 607
1.553500000017749e-05 606
1.553900000050845e-05 605
1.5543000000839413e-05 604
1.5547000000282196e-05 603
1.5551000000613158e-05 602
1.555500000005594e-05 601
1.5559000000386902e-05 600
1.5564000000800604e-05 601
1.5564999999995166e-05 602
1.559500000070102e-05 603
1.559600000078376e-05 604
1.5596999999978323e-05 605
1.5627000000684177e-05 606
1.5657000000501853e-05 607
1.5658000000584593e-05 608
1.5679000000545784e-05 607
1.5682999999988567e-05 606
1.568700000031953e-05 605
1.568800000040227e-05 606
1.568900000048501e-05 607
1.569000000056775e-05 608
1.569100000065049e-05 609
1.569200000073323e-05 610
1.569300000081597e-05 611
1.5694000000010533e-05 612
1.5724000000716387e-05 613
1.5754000000534063e-05 614
1.578400000035174e-05 615
1.578500000043448e-05 616
1.578600000051722e-05 617
1.578700000059996e-05 618
1.580700000047841e-05 617
1.5817000000417636e-05 618
1.5818000000500376e-05 619
1.5819000000583117e-05 620
1.5820000000665857e-05 621
1.5821000000748597e-05 622
1.5822000000831338e-05 623
1.58230000000259e-05 624
1.5853000000731754e-05 625
1.5854000000814494e-05 626
1.5855000000009056e-05 627
1.588500000071491e-05 628
1.588600000079765e-05 629
1.5886999999992213e-05 630
1.5917000000698067e-05 631
1.5918000000780808e-05 632
1.591899999997537e-05 633
1.592000000005811e-05 634
1.592100000014085e-05 635
1.5927000000637292e-05 634
1.5931000000080076e-05 633
1.5935000000411037e-05 632
1.5939000000742e-05 631
1.5951000000846705e-05 632
1.5952000000041267e-05 633
1.598200000074712e-05 634
1.598300000082986e-05 635
1.6013000000647537e-05 636
1.6043000000465213e-05 637
1.6059000000012702e-05 636
1.6063000000343663e-05 635
1.607300000028289e-05 636
1.607400000036563e-05 637
1.607500000044837e-05 638
1.607600000053111e-05 639
1.6106000000348786e-05 640
1.6107000000431526e-05 641
1.6137000000249202e-05 642
1.6138000000331942e-05 643
1.6168000000149618e-05 644
1.616900000023236e-05 645
1.6183000000502545e-05 644
1.6199000000050034e-05 645
1.6200000000132775e-05 646
1.6201000000215515e-05 647
1.6202000000298256e-05 648
1.623200000011593e-05 649
1.6233000000198672e-05 650
1.6234000000281412e-05 651
1.6264000000099088e-05 652
1.626500000018183e-05 653
1.6294999999999504e-05 654
1.6296000000082245e-05 655
1.6303000000661427e-05 654
1.63260000007881e-05 655
1.632699999998266e-05 656
1.6357000000688515e-05 657
1.638700000050619e-05 658
1.6417000000323867e-05 659
1.6418000000406607e-05 660
1.6419000000489348e-05 661
1.642300000082031e-05 660
1.6427000000263092e-05 659
1.6431000000594054e-05 658
1.6435000000036837e-05 657
1.6439000000367798e-05 656
1.644300000069876e-05 655
1.6449000000307024e-05 656
1.6450000000389764e-05 657
1.648000000020744e-05 658
1.648100000029018e-05 659
1.6511000000107856e-05 660
1.654100000081371e-05 661
1.6542000000008272e-05 662
1.6543000000091013e-05 663
1.656300000085764e-05 662
1.6573000000796867e-05 663
1.657399999999143e-05 664
1.6604000000697283e-05 665
1.6605000000780024e-05 666
1.6605999999974586e-05 667
1.663600000068044e-05 668
1.663700000076318e-05 669
1.663800000084592e-05 670
1.6639000000040483e-05 671
1.6669000000746337e-05 672
1.6670000000829077e-05 673
1.6683000000128345e-05 672
1.6687000000459307e-05 671
1.6691000000790268e-05 670
1.669500000023305e-05 669
1.6699000000564013e-05 668
1.6700000000646753e-05 669
1.6701000000729493e-05 670
1.6703000000006796e-05 669
1.6707000000337757e-05 668
1.671100000066872e-05 667
1.6715000000111502e-05 666
1.6719000000442463e-05 665
1.6723000000773425e-05 664
1.6727000000216208e-05 663
1.673100000054717e-05 664
1.673100000054717e-05 663
1.673200000062991e-05 664
1.6734999999989952e-05 663
1.6739000000320914e-05 662
1.6743000000651875e-05 661
1.674700000009466e-05 660
1.675100000042562e-05 659
1.675500000075658e-05 658
1.6759000000199364e-05 657
1.6762000000447586e-05 658
1.6763000000530326e-05 659
1.6764000000613066e-05 660
1.6765000000695807e-05 661
1.6766000000778547e-05 662
1.676699999997311e-05 663
1.6797000000678963e-05 664
1.682700000049664e-05 665
1.682800000057938e-05 666
1.682900000066212e-05 667
1.6859000000479796e-05 668
1.6860000000562536e-05 669
1.6861000000645276e-05 670
1.6879000000358246e-05 669
1.6883000000689208e-05 668
1.6891000000462952e-05 669
1.6892000000545693e-05 670
1.6893000000628433e-05 671
1.6894000000711173e-05 672
1.692400000052885e-05 673
1.692500000061159e-05 674
1.692600000069433e-05 675
1.6956000000512006e-05 676
1.6986000000329682e-05 677
1.700300000084809e-05 676
1.7016000000147358e-05 677
1.7017000000230098e-05 678
1.7047000000047774e-05 679
1.7048000000130514e-05 680
1.707800000083637e-05 681
1.707900000003093e-05 682
1.7109000000736785e-05 683
1.7123000000118793e-05 682
1.7127000000449755e-05 681
1.7131000000780716e-05 680
1.713900000055446e-05 681
1.7169000000372137e-05 682
1.7170000000454877e-05 683
1.7200000000272553e-05 684
1.723000000009023e-05 685
1.723100000017297e-05 686
1.723200000025571e-05 687
1.723300000033845e-05 688
1.723400000042119e-05 689
1.725100000005142e-05 688
1.7264000000238866e-05 689
1.7265000000321606e-05 690
1.7295000000139282e-05 691
1.7296000000222023e-05 692
1.7297000000304763e-05 693
1.7298000000387503e-05 694
1.732800000020518e-05 695
1.732900000028792e-05 696
1.733000000037066e-05 697
1.7360000000188336e-05 698
1.73710000002103e-05 697
1.7375000000541263e-05 696
1.7378999999984046e-05 695
1.7383000000315008e-05 694
1.738700000064597e-05 693
1.7390000000006012e-05 694
1.7391000000088752e-05 693
1.7420000000711866e-05 694
1.7421000000794606e-05 695
1.742199999998917e-05 696
1.742300000007191e-05 697
1.7453000000777763e-05 698
1.7453999999972325e-05 699
1.7455000000055065e-05 700
1.7456000000137806e-05 701
1.7457000000220546e-05 702
1.7458000000303286e-05 703
1.7488000000120962e-05 704
1.7489000000203703e-05 705
1.7490000000286443e-05 706
1.7511000000247634e-05 705
1.752000000010412e-05 706
1.752100000018686e-05 707
1.75220000002696e-05 708
1.752300000035234e-05 709
1.7553000000170016e-05 710
1.7554000000252756e-05 711
1.7584000000070432e-05 712
1.7585000000153173e-05 713
1.761499999997085e-05 714
1.761600000005359e-05 715
1.761700000013633e-05 716
1.7631000000406516e-05 715
1.7635000000737477e-05 714
1.763900000018026e-05 713
1.7643000000511222e-05 712
1.7647000000842183e-05 713
1.7647000000842183e-05 712
1.7648000000036745e-05 713
1.7651000000284967e-05 712
1.76780000007426e-05 713
1.767900000082534e-05 714
1.7709000000643016e-05 715
1.7739000000460692e-05 716
1.7740000000543432e-05 717
1.7741000000626173e-05 718
1.7742000000708913e-05 719
1.7743000000791653e-05 720
1.777100000044385e-05 719
1.777300000060933e-05 720
1.777400000069207e-05 721
1.777500000077481e-05 720
1.7779000000217593e-05 719
1.7783000000548554e-05 718
1.7786999999991338e-05 717
1.7804000000509745e-05 718
1.7805000000592486e-05 719
1.7806000000675226e-05 720
1.7836000000492902e-05 721
1.7837000000575642e-05 722
1.7838000000658383e-05 723
1.7839000000741123e-05 724
1.7840000000823864e-05 725
1.787000000064154e-05 726
1.787100000072428e-05 727
1.787200000080702e-05 728
1.7902000000624696e-05 729
1.7903000000707436e-05 730
1.790700000015022e-05 729
1.791100000048118e-05 728
1.7933000000525112e-05 729
1.7934000000607853e-05 730
1.796400000042553e-05 731
1.796500000050827e-05 732
1.798900000071768e-05 733
1.7995000000325945e-05 734
1.7996000000408685e-05 735
1.802600000022636e-05 736
1.80270000003091e-05 737
1.8028000000391842e-05 738
1.8031000000640063e-05 737
1.8035000000082846e-05 736
1.8039000000413807e-05 735
1.804300000074477e-05 734
1.8058000000209518e-05 735
1.8088000000027193e-05 736
1.8118000000733048e-05 737
1.8119000000815788e-05 738
1.812000000001035e-05 739
1.812100000009309e-05 740
1.812200000017583e-05 741
1.8151999999993507e-05 742
1.8153000000076247e-05 743
1.8154000000158987e-05 744
1.8163000000015472e-05 743
1.8183999999976663e-05 744
1.8214000000682518e-05 745
1.8215000000765258e-05 746
1.8245000000582934e-05 747
1.8246000000665674e-05 748
1.8247000000748415e-05 749
1.8248000000831155e-05 750
1.827800000064883e-05 751
1.827900000073157e-05 752
1.828000000081431e-05 753
1.8283000000174354e-05 752
1.8287000000505316e-05 751
1.8310000000631987e-05 752
1.8311000000714728e-05 753
1.8341000000532404e-05 754
1.837100000035008e-05 755
1.837200000043282e-05 756
1.8402000000250496e-05 757
1.8407000000664198e-05 756
1.843200000006817e-05 757
1.8433000000150912e-05 758
1.8434000000233652e-05 759
1.8435000000316393e-05 760
1.846500000013407e-05 761
1.846600000021681e-05 762
1.8496000000034485e-05 763
1.8497000000117225e-05 764
1.852700000082308e-05 765
1.852700000082308e-05 764
1.852800000001764e-05 765
1.8529000000100382e-05 766
1.8530000000183122e-05 767
1.8560000000000798e-05 768
1.8590000000706652e-05 769
1.8620000000524328e-05 770
1.8647000000093783e-05 769
1.8650000000342004e-05 770
1.8651000000424744e-05 769
1.8655000000755706e-05 768
1.868000000015968e-05 769
1.868100000024242e-05 770
1.868200000032516e-05 771
1.86830000004079e-05 772
1.868400000049064e-05 773
1.8714000000308317e-05 774
1.8715000000391058e-05 775
1.8745000000208734e-05 776
1.8746000000291474e-05 777
1.877500000002641e-05 776
1.877600000010915e-05 777
1.8806000000815004e-05 778
1.883600000063268e-05 779
1.8866000000450356e-05 780
1.8867000000533096e-05 781
1.8868000000615837e-05 782
1.889500000018529e-05 781
1.8898000000433512e-05 782
1.8899000000516253e-05 781
1.8903000000847214e-05 780
1.892800000025119e-05 781
1.8958000000068864e-05 782
1.8959000000151605e-05 783
1.898900000085746e-05 784
1.9019000000675135e-05 785
1.9020000000757875e-05 786
1.9021000000840615e-05 787
1.9023000000117918e-05 786
1.902700000044888e-05 785
1.903100000077984e-05 784
1.905100000065829e-05 785
1.9052000000741032e-05 786
1.9053000000823772e-05 787
1.9083000000641448e-05 788
1.9113000000459124e-05 789
1.9114000000541864e-05 790
1.9115000000624605e-05 791
1.9116000000707345e-05 792
1.9117000000790085e-05 793
1.9117999999984647e-05 794
1.91480000006905e-05 795
1.9151000000050544e-05 794
1.9178000000508177e-05 795
1.9178000000508177e-05 796
1.9179000000590918e-05 797
1.9209000000408594e-05 798
1.9210000000491334e-05 799
1.924000000030901e-05 800
1.924100000039175e-05 801
1.924200000047449e-05 802
1.924300000055723e-05 803
1.924400000063997e-05 804
1.9271000000209426e-05 803
1.9274000000457647e-05 804
1.9275000000540388e-05 805
1.9275000000540388e-05 804
1.9276000000623128e-05 805
1.927899999998317e-05 804
1.9283000000314132e-05 803
1.9287000000645094e-05 802
1.9306000000440804e-05 803
1.933600000025848e-05 804
1.933700000034122e-05 805
1.9367000000158896e-05 806
1.9368000000241636e-05 807
1.9369000000324377e-05 808
1.9370000000407117e-05 809
1.9371000000489857e-05 810
1.9401000000307533e-05 811
1.9407000000803976e-05 810
1.943100000012521e-05 811
1.943200000020795e-05 812
1.9462000000025625e-05 813
1.9463000000108366e-05 814
1.9464000000191106e-05 815
1.9494000000008782e-05 816
1.9495000000091522e-05 817
1.9496000000174263e-05 818
1.952599999999194e-05 819
1.952700000007468e-05 820
1.952700000007468e-05 819
1.952800000015742e-05 820
1.952900000024016e-05 821
1.953100000040564e-05 820
1.9535000000736602e-05 819
1.9539000000179385e-05 818
1.9559000000057836e-05 819
1.958900000076369e-05 820
1.9619000000581366e-05 821
1.9620000000664106e-05 822
1.9621000000746847e-05 823
1.9651000000564522e-05 824
1.9659000000338267e-05 823
1.96810000003822e-05 824
1.9711000000199874e-05 825
1.9712000000282615e-05 826
1.9713000000365355e-05 827
1.974300000018303e-05 828
1.974400000026577e-05 829
1.9774000000083447e-05 830
1.9775000000166187e-05 831
1.9776000000248928e-05 832
1.977900000049715e-05 833
1.977900000049715e-05 832
1.9806000000066604e-05 833
1.9836000000772458e-05 834
1.9866000000590134e-05 835
1.9867000000672874e-05 836
1.989700000049055e-05 837
1.989800000057329e-05 838
1.989900000065603e-05 837
1.9903000000098814e-05 836
1.9907000000429775e-05 835
1.9911000000760737e-05 834
1.991500000020352e-05 833
1.9928000000390966e-05 834
1.9929000000473707e-05 835
1.9959000000291383e-05 836
1.9960000000374123e-05 837
1.99900000001918e-05 838
1.999100000027454e-05 839
2.0021000000092215e-05 840
2.0022000000174955e-05 841
2.0023000000257696e-05 842
2.0024000000340436e-05 843
2.0025000000423177e-05 844
2.0035000000362402e-05 843
2.0055000000240852e-05 844
2.0085000000058528e-05 845
2.008600000014127e-05 846
2.0116000000847123e-05 847
2.01460000006648e-05 848
2.0155000000521284e-05 847
2.0159000000852245e-05 846
2.0176000000482475e-05 847
2.0177000000565215e-05 848
2.020700000038289e-05 849
2.020800000046563e-05 850
2.020900000054837e-05 851
2.0239000000366048e-05 852
2.0269000000183723e-05 853
2.027900000012295e-05 852
2.028300000045391e-05 851
2.02990000000014e-05 852
2.0329000000707254e-05 853
2.0330000000789994e-05 854
2.0330999999984556e-05 855
2.0332000000067296e-05 856
2.036200000077315e-05 857
2.0392000000590826e-05 858
2.0393000000673567e-05 859
2.0403000000612792e-05 858
2.0407000000055575e-05 857
2.0423000000491243e-05 858
2.045300000030892e-05 859
2.0483000000126594e-05 860
2.0484000000209335e-05 861
2.0485000000292075e-05 862
2.0486000000374815e-05 863
2.051600000019249e-05 864
2.0517000000275232e-05 865
2.0518000000357972e-05 866
2.0527000000214457e-05 865
2.053100000054542e-05 864
2.05349999999882e-05 863
2.0539000000319163e-05 862
2.0543000000650125e-05 861
2.0548000000175648e-05 862
2.0577999999993324e-05 863
2.0579000000076064e-05 864
2.0580000000158805e-05 865
2.0581000000241545e-05 866
2.0582000000324285e-05 867
2.0583000000407026e-05 868
2.06130000002247e-05 869
2.0643000000042377e-05 870
2.0644000000125118e-05 871
2.0645000000207858e-05 872
2.0663000000809006e-05 871
2.0675000000025534e-05 872
2.070500000073139e-05 873
2.0735000000549064e-05 874
2.076500000036674e-05 875
2.076600000044948e-05 876
2.078300000007971e-05 875
2.0796000000267156e-05 876
2.0826000000084832e-05 877
2.0827000000167573e-05 878
2.0828000000250313e-05 879
2.085800000006799e-05 880
2.085900000015073e-05 881
2.0889000000856583e-05 882
2.0890000000051145e-05 883
2.0891000000133886e-05 884
2.0903000000238592e-05 883
2.0907000000569553e-05 882
2.092100000083974e-05 883
2.0951000000657416e-05 884
2.0952000000740156e-05 885
2.0953000000822897e-05 886
2.0983000000640573e-05 887
2.0984000000723313e-05 888
2.0985000000806053e-05 889
2.0986000000000615e-05 890
2.101600000070647e-05 891
2.101700000078921e-05 892
2.1017999999983772e-05 893
2.1019000000066512e-05 894
2.1027000000728435e-05 893
2.1031000000171218e-05 892
2.103500000050218e-05 891
2.1049000000772367e-05 892
2.1050000000855107e-05 893
2.1080000000672783e-05 894
2.111000000049046e-05 895
2.1140000000308135e-05 896
2.1141000000390875e-05 897
2.1142000000473615e-05 898
2.1143000000556356e-05 899
2.115500000066106e-05 898
2.1159000000103845e-05 897
2.117300000037403e-05 898
2.1203000000191707e-05 899
2.1204000000274448e-05 900
2.1205000000357188e-05 901
2.120600000043993e-05 902
2.1236000000257604e-05 903
2.126600000007528e-05 904
2.126700000015802e-05 905
2.126800000024076e-05 906
2.12690000003235e-05 907
2.1279000000262727e-05 906
2.1283000000593688e-05 905
2.1299000000141177e-05 906
2.1300000000223918e-05 907
2.1301000000306658e-05 908
2.1331000000124334e-05 909
2.1361000000830188e-05 910
2.136200000002475e-05 911
2.1392000000730604e-05 912
2.1393000000813345e-05 913
2.1394000000007907e-05 914
2.140300000075257e-05 913
2.142400000071376e-05 914
2.14250000007965e-05 915
2.1425999999991063e-05 916
2.1456000000696918e-05 917
2.1486000000514593e-05 918
2.151600000033227e-05 919
2.151700000041501e-05 920
2.1523000000023274e-05 919
2.1527000000354235e-05 918
2.1547000000232686e-05 919
2.1548000000315426e-05 920
2.1578000000133102e-05 921
2.1608000000838956e-05 922
2.1609000000033518e-05 923
2.161000000011626e-05 924
2.1640000000822113e-05 925
2.1647000000513117e-05 924
2.165100000084408e-05 923
2.167000000063979e-05 924
2.167100000072253e-05 925
2.167200000080527e-05 926
2.167299999999983e-05 927
2.1703000000705686e-05 928
2.173300000052336e-05 929
2.1734000000606102e-05 930
2.1764000000423778e-05 931
2.1771000000114782e-05 930
2.1778000000693964e-05 931
2.180800000051164e-05 932
2.180900000059438e-05 933
2.181000000067712e-05 934
2.1840000000494797e-05 935
2.1870000000312473e-05 936
2.1891000000273664e-05 935
2.1895000000604625e-05 934
2.190000000013015e-05 935
2.1930000000836003e-05 936
2.196000000065368e-05 937
2.1990000000471355e-05 938
2.2015000000763507e-05 937
2.202000000028903e-05 938
2.202100000037177e-05 939
2.202200000045451e-05 940
2.2023000000537252e-05 941
2.2053000000354928e-05 942
2.2083000000172603e-05 943
2.2084000000255344e-05 944
2.2085000000338084e-05 945
2.2086000000420825e-05 946
2.21160000002385e-05 947
2.213500000003421e-05 946
2.2139000000365172e-05 945
2.2143000000696134e-05 944
2.2146000000056176e-05 945
2.2147000000138917e-05 946
2.2147000000138917e-05 945
2.2151000000469878e-05 944
2.215500000080084e-05 943
2.2159000000243623e-05 942
2.2163000000574584e-05 941
2.217700000084477e-05 942
2.2178000000039333e-05 943
2.2208000000745187e-05 944
2.2209000000827928e-05 945
2.221000000002249e-05 946
2.221100000010523e-05 947
2.221200000018797e-05 948
2.2242000000005646e-05 949
2.2243000000088387e-05 950
2.227300000079424e-05 951
2.2283000000733466e-05 950
2.2303000000611917e-05 951
2.2304000000694657e-05 952
2.2334000000512333e-05 953
2.2335000000595073e-05 954
2.236500000041275e-05 955
2.236600000049549e-05 956
2.2396000000313165e-05 957
2.240300000000417e-05 956
2.240700000033513e-05 955
2.242600000013084e-05 956
2.2456000000836696e-05 957
2.2457000000031258e-05 958
2.2458000000113998e-05 959
2.2459000000196738e-05 960
2.2489000000014414e-05 961
2.251900000072027e-05 962
2.2527000000494013e-05 961
2.2549000000537944e-05 962
2.257900000035562e-05 963
2.2609000000173296e-05 964
2.2638999999990972e-05 965
2.2640000000073712e-05 966
2.2641000000156453e-05 967
2.2642000000239193e-05 968
2.2647000000652895e-05 967
2.2651000000095678e-05 966
2.265500000042664e-05 965
2.26590000007576e-05 964
2.2663000000200384e-05 963
2.2667000000531345e-05 962
2.267099999997413e-05 961
2.267200000005687e-05 962
2.267300000013961e-05 963
2.267400000022235e-05 964
2.267500000030509e-05 965
2.2705000000122766e-05 966
2.273500000082862e-05 967
2.2765000000646296e-05 968
2.2766000000729036e-05 969
2.279100000013301e-05 968
2.2796000000546712e-05 969
2.2826000000364388e-05 970
2.2856000000182064e-05 971
2.288599999999974e-05 972
2.288700000008248e-05 973
2.2911000000291892e-05 972
2.2917000000788335e-05 973
2.294700000060601e-05 974
2.294800000068875e-05 975
2.2978000000506427e-05 976
2.2979000000589167e-05 977
2.3009000000406843e-05 978
2.3010000000489583e-05 979
2.3011000000572324e-05 980
2.3031000000450774e-05 979
2.3035000000781736e-05 978
2.303900000022452e-05 977
2.304100000039e-05 978
2.3071000000207675e-05 979
2.3072000000290416e-05 980
2.310200000010809e-05 981
2.3132000000813946e-05 982
2.31590000003834e-05 981
2.3162000000631622e-05 982
2.3192000000449298e-05 983
2.3193000000532038e-05 984
2.3223000000349714e-05 985
2.3224000000432454e-05 986
2.3225000000515195e-05 987
2.3226000000597935e-05 988
2.3227000000680675e-05 989
2.3228000000763416e-05 990
2.325800000058109e-05 991
2.3279000000542283e-05 990
2.3282999999985066e-05 989
2.3287000000316027e-05 988
2.3288000000398767e-05 989
2.3289000000481508e-05 990
2.3290000000564248e-05 991
2.329100000064699e-05 992
2.329100000064699e-05 991
2.329500000008977e-05 990
2.3321000000464664e-05 991
2.3322000000547405e-05 992
2.3323000000630145e-05 993
2.3324000000712886e-05 994
2.335400000053056e-05 995
2.3355000000613302e-05 996
2.3356000000696042e-05 997
2.3386000000513718e-05 998
2.3415000000248654e-05 997
2.3416000000331394e-05 998
2.3417000000414134e-05 999
2.344700000023181e-05 1000
2.344800000031455e-05 1001
2.3478000000132226e-05 1002
2.3479000000214967e-05 1003
2.3509000000032643e-05 1004
2.3510000000115383e-05 1005
2.3535000000407535e-05 1004
2.3540000000821237e-05 1005
2.3570000000638913e-05 1006
2.360000000045659e-05 1007
2.360100000053933e-05 1008
2.360200000062207e-05 1009
2.360300000070481e-05 1010
2.3633000000522486e-05 1011
2.3634000000605226e-05 1012
2.3655000000566417e-05 1011
2.36590000000092e-05 1010
2.3663000000340162e-05 1009
2.3664000000422902e-05 1010
2.3667000000671123e-05 1009
2.3671000000113906e-05 1008
2.3675000000444868e-05 1007
2.367900000077583e-05 1006
2.3683000000218613e-05 1005
2.3687000000549574e-05 1004
2.3690999999992357e-05 1003
2.3694000000240578e-05 1004
2.369500000032332e-05 1003
2.369900000065428e-05 1002
2.3724000000058254e-05 1003
2.3725000000140994e-05 1004
2.3726000000223735e-05 1005
2.375600000004141e-05 1006
2.3786000000747265e-05 1007
2.381600000056494e-05 1008
2.381700000064768e-05 1009
2.3819000000813162e-05 1008
2.3847000000465357e-05 1009
2.3877000000283033e-05 1010
2.390700000010071e-05 1011
2.3937000000806563e-05 1012
2.3939000000083865e-05 1011
2.3943000000414827e-05 1010
2.394700000074579e-05 1009
2.395100000018857e-05 1008
2.396700000062424e-05 1009
2.3997000000441915e-05 1010
2.3998000000524655e-05 1011
2.3999000000607396e-05 1012
2.402900000042507e-05 1013
2.4030000000507812e-05 1014
2.4031000000590552e-05 1015
2.4061000000408228e-05 1016
2.406200000049097e-05 1017
2.4071000000347453e-05 1016
2.4075000000678415e-05 1015
2.4092000000308644e-05 1016
2.412200000012632e-05 1017
2.412300000020906e-05 1018
2.41240000002918e-05 1019
2.412500000037454e-05 1020
2.4155000000192217e-05 1021
2.4185000000009893e-05 1022
2.4186000000092633e-05 1023
2.4195000000837297e-05 1022
2.419900000028008e-05 1021
2.420300000061104e-05 1020
2.4207000000053824e-05 1019
2.4211000000384786e-05 1018
2.4215000000715747e-05 1017
2.4216000000798488e-05 1018
2.421699999999305e-05 1019
2.421800000007579e-05 1020
2.421900000015853e-05 1021
2.422000000024127e-05 1022
2.4250000000058947e-05 1023
2.42800000007648e-05 1024
2.4310000000582477e-05 1025
2.433499999998645e-05 1024
2.4339000000317412e-05 1023
2.4340000000400153e-05 1024
2.4343000000648374e-05 1023
2.4347000000091157e-05 1022
2.435100000042212e-05 1021
2.435500000075308e-05 1020
2.4359000000195863e-05 1019
2.437000000021783e-05 1020
2.4400000000035504e-05 1021
2.443000000074136e-05 1022
2.4460000000559035e-05 1023
2.4461000000641775e-05 1024
2.4462000000724515e-05 1025
2.4479000000354745e-05 1024
2.449200000054219e-05 1025
2.4522000000359867e-05 1026
2.4523000000442607e-05 1027
2.4553000000260283e-05 1028
2.458300000007796e-05 1029
2.45840000001607e-05 1030
2.4599000000513627e-05 1029
2.4603000000844588e-05 1028
2.460700000028737e-05 1027
2.4611000000618333e-05 1026
2.4613999999978375e-05 1027
2.464400000068423e-05 1028
2.464500000076697e-05 1029
2.464600000084971e-05 1030
2.4647000000044272e-05 1031
2.4677000000750127e-05 1032
2.4707000000567803e-05 1033
2.4708000000650543e-05 1034
2.4709000000733283e-05 1035
2.4710000000816024e-05 1036
2.4731000000777215e-05 1035
2.4735000000219998e-05 1034
2.473900000055096e-05 1033
2.47400000006337e-05 1034
2.474100000071644e-05 1035
2.474200000079918e-05 1036
2.4742999999993742e-05 1037
2.4742999999993742e-05 1036
2.4744000000076483e-05 1037
2.4774000000782337e-05 1038
2.47749999999769e-05 1039
2.477600000005964e-05 1040
2.4806000000765493e-05 1041
2.4807000000848234e-05 1042
2.483700000066591e-05 1043
2.483800000074865e-05 1044
2.4863000000152624e-05 1043
2.4868000000566326e-05 1044
2.4898000000384002e-05 1045
2.4928000000201678e-05 1046
2.4929000000284418e-05 1047
2.493000000036716e-05 1048
2.4960000000184834e-05 1049
2.4961000000267575e-05 1050
2.4962000000350315e-05 1051
2.4983000000311506e-05 1050
2.4987000000642468e-05 1049
2.499100000008525e-05 1048
2.499200000016799e-05 1049
2.499300000025073e-05 1050
2.4995000000416212e-05 1049
2.4999000000747174e-05 1048
2.5003000000189957e-05 1047
2.5007000000520918e-05 1046
2.501100000085188e-05 1045
2.5015000000294663e-05 1044
2.5023000000068407e-05 1045
2.505300000077426e-05 1046
2.5083000000591937e-05 1047
2.5084000000674678e-05 1048
2.5085000000757418e-05 1049
2.508600000084016e-05 1050
2.508700000003472e-05 1051
2.508800000011746e-05 1052
2.5118000000823315e-05 1053
2.5119000000017877e-05 1054
2.5120000000100617e-05 1055
2.5121000000183358e-05 1056
2.5122000000266098e-05 1057
2.5135000000453545e-05 1056
2.5152000000083774e-05 1057
2.5153000000166514e-05 1058
2.518299999998419e-05 1059
2.518400000006693e-05 1060
2.518500000014967e-05 1061
2.5215000000855525e-05 1062
2.5216000000050087e-05 1063
2.5217000000132828e-05 1064
2.5247000000838682e-05 1065
2.5248000000033244e-05 1066
2.5255000000612426e-05 1065
2.525900000005521e-05 1064
2.5278000000739098e-05 1065
2.527900000082184e-05 1066
2.5309000000639514e-05 1067
2.533900000045719e-05 1068
2.5369000000274866e-05 1069
2.5370000000357606e-05 1070
2.537900000021409e-05 1069
2.5400000000175282e-05 1070
2.5429999999992958e-05 1071
2.5460000000698813e-05 1072
2.549000000051649e-05 1073
2.549100000059923e-05 1074
2.549200000068197e-05 1075
2.549300000076471e-05 1076
2.5499000000372973e-05 1075
2.5523000000582385e-05 1076
2.555300000040006e-05 1077
2.55540000004828e-05 1078
2.5555000000565542e-05 1079
2.5556000000648282e-05 1080
2.5586000000465958e-05 1081
2.5616000000283634e-05 1082
2.5617000000366374e-05 1083
2.5618000000449115e-05 1084
2.5619000000531855e-05 1083
2.564800000026679e-05 1084
2.564900000034953e-05 1085
2.5679000000167207e-05 1086
2.5708999999984883e-05 1087
2.5739000000690737e-05 1088
2.5739000000690737e-05 1087
2.574300000013352e-05 1086
2.574700000046448e-05 1085
2.5751000000795443e-05 1084
2.5755000000238226e-05 1083
2.5769000000508413e-05 1084
2.5770000000591153e-05 1085
2.580000000040883e-05 1086
2.5830000000226505e-05 1087
2.5831000000309245e-05 1088
2.5832000000391986e-05 1089
2.5833000000474726e-05 1090
2.5834000000557467e-05 1091
2.5835000000640207e-05 1092
2.5865000000457883e-05 1093
2.5875000000397108e-05 1092
2.587900000072807e-05 1091
2.589500000027556e-05 1092
2.5925000000093235e-05 1093
2.5926000000175975e-05 1094
2.5927000000258715e-05 1095
2.5928000000341456e-05 1096
2.595800000015913e-05 1097
2.5987999999976807e-05 1098
2.5998999999998773e-05 1097
2.6003000000329735e-05 1096
2.6018000000682662e-05 1097
2.6048000000500338e-05 1098
2.6078000000318013e-05 1099
2.6079000000400754e-05 1100
2.610900000021843e-05 1101
2.6123000000488616e-05 1100
2.6127000000819578e-05 1099
2.613100000026236e-05 1098
2.6135000000593323e-05 1097
2.6139000000036106e-05 1098
2.6139000000036106e-05 1097
2.6143000000367067e-05 1096
2.614700000069803e-05 1095
2.615100000014081e-05 1094
2.6155000000471773e-05 1093
2.6159000000802735e-05 1092
2.6163000000245518e-05 1091
2.616700000057648e-05 1090
2.616900000074196e-05 1091
2.6171000000019262e-05 1090
2.6175000000350224e-05 1089
2.6199000000559636e-05 1090
2.622900000037731e-05 1091
2.6259000000194987e-05 1092
2.6260000000277728e-05 1093
2.6261000000360468e-05 1094
2.6291000000178144e-05 1095
2.6295000000509106e-05 1094
2.6299000000840067e-05 1093
2.632099999999582e-05 1094
2.6351000000701674e-05 1095
2.638100000051935e-05 1096
2.6411000000337026e-05 1097
2.641900000011077e-05 1096
2.6423000000441732e-05 1095
2.6427000000772694e-05 1094
2.6441000000154702e-05 1095
2.6470999999972378e-05 1096
2.6501000000678232e-05 1097
2.6531000000495908e-05 1098
2.6547000000043397e-05 1097
2.655100000037436e-05 1096
2.655500000070532e-05 1095
2.6559000000148103e-05 1094
2.6561000000313584e-05 1095
2.659100000013126e-05 1096
2.6621000000837114e-05 1097
2.665100000065479e-05 1098
2.6679000000306985e-05 1097
2.6681000000472466e-05 1098
2.671100000029014e-05 1099
2.6741000000107817e-05 1100
2.6771000000813672e-05 1101
2.6799000000465867e-05 1100
2.6801000000631348e-05 1101
2.6831000000449023e-05 1102
2.68610000002667e-05 1103
2.6891000000084375e-05 1104
2.691900000062475e-05 1103
2.692100000079023e-05 1104
2.6923000000067532e-05 1103
2.6927000000398493e-05 1102
2.6931000000729455e-05 1101
2.6935000000172238e-05 1100
2.69390000005032e-05 1099
2.694300000083416e-05 1098
2.6947000000276944e-05 1097
2.6951000000607905e-05 1098
2.6951000000607905e-05 1097
2.698100000042558e-05 1098
2.7011000000243257e-05 1099
2.7041000000060933e-05 1100
2.7071000000766787e-05 1101
2.7071000000766787e-05 1100
2.7101000000584463e-05 1101
2.713100000040214e-05 1102
2.7161000000219815e-05 1103
2.719100000003749e-05 1104
2.719100000003749e-05 1103
2.7221000000743345e-05 1104
2.725100000056102e-05 1105
2.7281000000378697e-05 1106
2.7311000000196373e-05 1107
2.7311000000196373e-05 1106
2.7315000000527334e-05 1105
2.7318999999970117e-05 1104
2.734100000001405e-05 1105
2.7371000000719903e-05 1106
2.740100000053758e-05 1107
2.7431000000355255e-05 1108
2.7439000000129e-05 1107
2.744300000045996e-05 1106
2.7447000000790922e-05 1105
2.746100000017293e-05 1106
2.7490999999990606e-05 1107
2.752100000069646e-05 1108
2.7551000000514136e-05 1109
2.7567000000061626e-05 1108
2.7571000000392587e-05 1107
2.757500000072355e-05 1106
2.757900000016633e-05 1105
2.7581000000331812e-05 1106
2.7611000000149488e-05 1107
2.7641000000855342e-05 1108
2.767100000067302e-05 1109
2.7699000000325213e-05 1108
2.7701000000490694e-05 1109
2.7703000000656175e-05 1108
2.773100000030837e-05 1109
2.7761000000126046e-05 1110
2.77910000008319e-05 1111
2.7821000000649576e-05 1112
2.7823000000815057e-05 1111
2.7844000000776248e-05 1112
2.7851000000467252e-05 1113
2.7881000000284928e-05 1114
2.7911000000102604e-05 1115
2.7941000000808458e-05 1116
2.794300000008576e-05 1115
2.7947000000416722e-05 1114
2.7951000000747683e-05 1113
2.7955000000190466e-05 1112
2.7971000000626134e-05 1113
2.800100000044381e-05 1114
2.8031000000261486e-05 1115
2.806100000007916e-05 1116
2.8075000000349348e-05 1115
2.807900000068031e-05 1114
2.8083000000123093e-05 1113
2.8087000000454054e-05 1112
2.8091000000785016e-05 1113
2.812100000060269e-05 1114
2.8151000000420368e-05 1115
2.8181000000238043e-05 1116
2.8207000000612936e-05 1115
2.821100000005572e-05 1116
2.8241000000761574e-05 1117
2.827100000057925e-05 1118
2.8301000000396925e-05 1119
2.8327000000771818e-05 1118
2.83310000002146e-05 1119
2.8361000000032277e-05 1120
2.839100000073813e-05 1121
2.8421000000555807e-05 1122
2.844700000004252e-05 1121
2.8451000000373483e-05 1122
2.8451000000373483e-05 1121
2.8455000000704445e-05 1120
2.8459000000147228e-05 1119
2.848100000019116e-05 1120
2.8511000000008835e-05 1121
2.854100000071469e-05 1122
2.8571000000532365e-05 1123
2.857900000030611e-05 1122
2.860100000035004e-05 1123
2.8631000000167717e-05 1124
2.8660999999985393e-05 1125
2.8691000000691247e-05 1126
2.869900000046499e-05 1125
2.8703000000795953e-05 1124
2.8721000000508923e-05 1125
2.87510000003266e-05 1126
2.8781000000144275e-05 1127
2.881100000085013e-05 1128
2.8823000000066656e-05 1127
2.8827000000397618e-05 1126
2.883100000072858e-05 1125
2.8835000000171362e-05 1124
2.8841000000667805e-05 1125
2.887100000048548e-05 1126
2.8901000000303156e-05 1127
2.8931000000120832e-05 1128
2.8955000000330244e-05 1127
2.8959000000661206e-05 1126
2.8961000000826687e-05 1127
2.896300000010399e-05 1126
2.896700000043495e-05 1125
2.8991000000644362e-05 1126
2.902100000046204e-05 1127
2.9051000000279714e-05 1128
2.908100000009739e-05 1129
2.9087000000593832e-05 1128
2.9091000000036615e-05 1127
2.9111000000803244e-05 1128
2.914100000062092e-05 1129
2.9171000000438596e-05 1130
2.9201000000256272e-05 1131
2.9211000000195497e-05 1130
2.9231000000073948e-05 1131
2.9261000000779802e-05 1132
2.9291000000597478e-05 1133
2.9321000000415154e-05 1134
2.933100000035438e-05 1133
2.933500000068534e-05 1132
2.9339000000128124e-05 1131
2.935100000023283e-05 1132
2.9381000000050506e-05 1133
2.941100000075636e-05 1134
2.9441000000574036e-05 1135
2.9459000000287006e-05 1134
2.9463000000617967e-05 1133
2.947100000039171e-05 1134
2.9501000000209388e-05 1135
2.9531000000027063e-05 1136
2.9561000000732918e-05 1137
2.958300000077685e-05 1136
2.9591000000550594e-05 1137
2.962100000036827e-05 1138
2.9651000000185945e-05 1139
2.968100000000362e-05 1140
2.9703000000047552e-05 1139
2.9707000000378514e-05 1138
2.9711000000709475e-05 1139
2.9711000000709475e-05 1138
2.974100000052715e-05 1139
2.9771000000344827e-05 1140
2.9801000000162503e-05 1141
2.983099999998018e-05 1142
2.983099999998018e-05 1141
2.983500000031114e-05 1140
2.9839000000642102e-05 1139
2.9843000000084885e-05 1138
2.9847000000415846e-05 1137
2.9851000000746808e-05 1136
2.985500000018959e-05 1135
2.9859000000520552e-05 1134
2.9861000000686033e-05 1135
2.9863000000851514e-05 1134
2.9867000000294297e-05 1133
2.987100000062526e-05 1132
2.987500000006804e-05 1131
2.989100000050371e-05 1132
2.9921000000321385e-05 1133
2.995100000013906e-05 1134
2.9981000000844915e-05 1135
2.9995000000226923e-05 1134
3.001100000066259e-05 1135
3.0041000000480267e-05 1136
3.0071000000297943e-05 1137
3.010100000011562e-05 1138
3.0115000000385805e-05 1137
3.0119000000716767e-05 1136
3.0131000000821473e-05 1137
3.016100000063915e-05 1138
3.0191000000456825e-05 1139
3.02210000002745e-05 1140
3.023899999998747e-05 1139
3.0243000000318432e-05 1138
3.0247000000649393e-05 1137
3.0251000000092176e-05 1138
3.0251000000092176e-05 1137
3.028100000079803e-05 1138
3.0311000000615707e-05 1139
3.0341000000433382e-05 1140
3.0371000000251058e-05 1141
3.0371000000251058e-05 1140
3.0401000000068734e-05 1141
3.043100000077459e-05 1142
3.0461000000592264e-05 1143
3.049100000040994e-05 1144
3.049100000040994e-05 1143
3.04950000007409e-05 1142
3.0499000000183685e-05 1141
3.0503000000514646e-05 1140
3.0521000000227616e-05 1141
3.055100000004529e-05 1142
3.0581000000751146e-05 1143
3.061100000056882e-05 1144
3.062300000067353e-05 1143
3.062700000011631e-05 1142
3.063100000044727e-05 1141
3.06410000003865e-05 1142
3.0671000000204174e-05 1143
3.070100000002185e-05 1144
3.0731000000727704e-05 1145
3.0751000000606155e-05 1144
3.076100000054538e-05 1145
3.0791000000363056e-05 1146
3.082100000018073e-05 1147
3.085099999999841e-05 1148
3.0871000000765036e-05 1147
3.087500000020782e-05 1146
3.087900000053878e-05 1145
3.088100000070426e-05 1146
3.0882999999981564e-05 1145
3.091100000052194e-05 1146
3.0941000000339614e-05 1147
3.097100000015729e-05 1148
3.1000999999974965e-05 1149
3.1003000000140446e-05 1148
3.103100000068082e-05 1149
3.1061000000498495e-05 1150
3.109100000031617e-05 1151
3.112100000013385e-05 1152
3.112300000029933e-05 1151
3.112700000063029e-05 1150
3.113100000007307e-05 1149
3.11510000008397e-05 1150
3.118100000065738e-05 1151
3.121100000047505e-05 1152
3.124100000029273e-05 1153
3.1251000000231954e-05 1152
3.1271000000110405e-05 1153
3.130100000081626e-05 1154
3.1331000000633935e-05 1155
3.136100000045161e-05 1156
3.1371000000390836e-05 1155
3.13750000007218e-05 1154
3.139100000026929e-05 1155
3.142100000008696e-05 1156
3.145100000079282e-05 1157
3.148100000061049e-05 1158
3.14949999999925e-05 1157
3.151100000042817e-05 1158
3.1541000000245845e-05 1159
3.157100000006352e-05 1160
3.1601000000769375e-05 1161
3.161500000015138e-05 1160
3.163100000058705e-05 1161
3.1661000000404727e-05 1162
3.16910000002224e-05 1163
3.172100000004008e-05 1164
3.1735000000310265e-05 1163
3.1739000000641227e-05 1162
3.175100000074593e-05 1163
3.178100000056361e-05 1164
3.1811000000381284e-05 1165
3.184100000019896e-05 1166
3.185900000080011e-05 1165
3.1871000000016636e-05 1166
3.190100000072249e-05 1167
3.1931000000540166e-05 1168
3.196100000035784e-05 1169
3.197900000007081e-05 1168
3.198300000040177e-05 1167
3.1987000000732735e-05 1166
3.199100000017552e-05 1167
3.199100000017552e-05 1166
3.199500000050648e-05 1165
3.2020999999993194e-05 1166
3.205100000069905e-05 1167
3.207600000010302e-05 1168
3.2081000000516724e-05 1169
3.21110000003344e-05 1170
3.211500000066536e-05 1169
3.2119000000108144e-05 1168
3.2141000000152076e-05 1169
3.217100000085793e-05 1170
3.2201000000675606e-05 1171
3.223100000049328e-05 1172
3.2239000000267026e-05 1171
3.226100000031096e-05 1172
3.2291000000128633e-05 1173
3.232100000083449e-05 1174
3.2351000000652164e-05 1175
3.235900000042591e-05 1174
3.236300000075687e-05 1173
3.236700000019965e-05 1172
3.238100000046984e-05 1173
3.2411000000287515e-05 1174
3.244100000010519e-05 1175
3.2471000000811046e-05 1176
3.2487000000358535e-05 1175
3.2491000000689496e-05 1174
3.250100000062872e-05 1175
3.25310000004464e-05 1176
3.256100000026407e-05 1177
3.259100000008175e-05 1178
3.261100000084838e-05 1177
3.26210000007876e-05 1178
3.265100000060528e-05 1179
3.2681000000422955e-05 1180
3.271100000024063e-05 1181
3.273100000011908e-05 1180
3.274100000005831e-05 1181
3.277100000076416e-05 1182
3.280100000058184e-05 1183
3.283100000039951e-05 1184
3.2851000000277963e-05 1183
3.2855000000608925e-05 1182
3.285900000005171e-05 1181
3.286100000021719e-05 1182
3.286300000038267e-05 1181
3.286700000071363e-05 1180
3.2891000000034865e-05 1181
3.292100000074072e-05 1182
3.2951000000558395e-05 1183
3.298100000037607e-05 1184
3.2986999999984334e-05 1183
3.3011000000193746e-05 1184
3.304100000001142e-05 1185
3.307100000071728e-05 1186
3.310100000053495e-05 1187
3.3107000000143216e-05 1186
3.313100000035263e-05 1187
3.3161000000170304e-05 1188
3.319099999998798e-05 1189
3.3221000000693834e-05 1190
3.32270000003021e-05 1189
3.323100000063306e-05 1188
3.323500000007584e-05 1187
3.3239000000406804e-05 1186
3.325100000051151e-05 1187
3.3281000000329186e-05 1188
3.331100000014686e-05 1189
3.3341000000852716e-05 1190
3.3359000000565686e-05 1189
3.337100000067039e-05 1190
3.340100000048807e-05 1191
3.3431000000305744e-05 1192
3.346100000012342e-05 1193
3.347900000072457e-05 1192
3.348300000016735e-05 1191
3.3491000000829274e-05 1192
3.352100000064695e-05 1193
3.3551000000464626e-05 1194
3.35810000002823e-05 1195
3.360300000032623e-05 1194
3.361100000009998e-05 1195
3.364100000080583e-05 1196
3.367100000062351e-05 1197
3.3701000000441184e-05 1198
3.3723000000485115e-05 1197
3.3727000000816076e-05 1196
3.373100000025886e-05 1197
3.373100000025886e-05 1196
3.373500000058982e-05 1195
3.3761000000076535e-05 1196
3.379100000078239e-05 1197
3.3821000000600066e-05 1198
3.385100000041774e-05 1199
3.38550000007487e-05 1198
3.3859000000191486e-05 1197
3.388100000023542e-05 1198
3.391100000005309e-05 1199
3.394100000075895e-05 1200
3.397100000057662e-05 1201
3.397900000035037e-05 1200
3.40010000003943e-05 1201
3.4031000000211975e-05 1202
3.406100000002965e-05 1203
3.4091000000735505e-05 1204
3.409900000050925e-05 1203
3.412100000055318e-05 1204
3.415100000037086e-05 1205
3.418100000018853e-05 1206
3.421100000000621e-05 1207
3.421900000066813e-05 1206
3.424100000071206e-05 1207
3.427100000052974e-05 1208
3.4301000000347415e-05 1209
3.433100000016509e-05 1210
3.4339000000827014e-05 1209
3.4360999999982766e-05 1210
3.439100000068862e-05 1211
3.4421000000506297e-05 1212
3.445100000032397e-05 1213
3.445900000009772e-05 1212
3.446300000042868e-05 1211
3.446700000075964e-05 1210
3.447100000020242e-05 1209
3.4475000000533385e-05 1208
3.447899999997617e-05 1207
3.448100000014165e-05 1208
3.448300000030713e-05 1207
3.448700000063809e-05 1206
3.45110000008475e-05 1207
3.454100000066518e-05 1208
3.4571000000482854e-05 1209
3.460100000030053e-05 1210
3.460700000079697e-05 1209
3.4611000000239756e-05 1208
3.4631000000118206e-05 1209
3.466100000082406e-05 1210
3.4691000000641736e-05 1211
3.472100000045941e-05 1212
3.473100000039864e-05 1211
3.47350000007296e-05 1210
3.473900000017238e-05 1209
3.4743000000503343e-05 1208
3.4747000000834305e-05 1207
3.475100000027709e-05 1208
3.4781000000094764e-05 1209
3.481100000080062e-05 1210
3.4841000000618294e-05 1211
3.486700000010501e-05 1210
3.487100000043597e-05 1211
3.487100000043597e-05 1210
3.487500000076693e-05 1209
3.4879000000209714e-05 1208
3.4901000000253646e-05 1209
3.493100000007132e-05 1210
3.4961000000777176e-05 1211
3.499100000059485e-05 1212
3.4999000000368596e-05 1211
3.502100000041253e-05 1212
3.5051000000230204e-05 1213
3.508100000004788e-05 1214
3.5111000000753734e-05 1215
3.511900000052748e-05 1214
3.512299999997026e-05 1213
3.512700000030122e-05 1212
3.514100000057141e-05 1213
3.5171000000389085e-05 1214
3.520100000020676e-05 1215
3.523100000002444e-05 1216
3.5247000000460105e-05 1215
3.5251000000791066e-05 1214
3.525500000023385e-05 1213
3.526100000073029e-05 1214
3.529100000054797e-05 1215
3.532100000036564e-05 1216
3.535100000018332e-05 1217
3.537500000039273e-05 1216
3.537900000072369e-05 1215
3.5381000000000995e-05 1216
3.541100000070685e-05 1217
3.5441000000524525e-05 1218
3.54710000003422e-05 1219
3.5498999999994396e-05 1218
3.550100000015988e-05 1219
3.550300000032536e-05 1218
3.550700000065632e-05 1217
3.553099999997755e-05 1218
3.556100000068341e-05 1219
3.559100000050108e-05 1220
3.562100000031876e-05 1221
3.56270000008152e-05 1220
3.5651000000136435e-05 1221
3.568100000084229e-05 1222
3.5711000000659965e-05 1223
3.574100000047764e-05 1224
3.5747000000085905e-05 1223
3.5771000000295317e-05 1224
3.580100000011299e-05 1225
3.583100000081885e-05 1226
3.586100000063652e-05 1227
3.5867000000244786e-05 1226
3.587100000057575e-05 1225
3.587500000001853e-05 1224
3.587900000034949e-05 1223
3.5883000000680454e-05 1222
3.588700000012324e-05 1221
3.58910000004542e-05 1222
3.5921000000271874e-05 1223
3.595100000008955e-05 1224
3.5981000000795405e-05 1225
3.600700000028212e-05 1224
3.601100000061308e-05 1225
3.601100000061308e-05 1224
3.6041000000430756e-05 1225
3.607100000024843e-05 1226
3.610100000006611e-05 1227
3.613100000077196e-05 1228
3.613100000077196e-05 1227
3.6135000000214745e-05 1226
3.616100000058964e-05 1227
3.6191000000407314e-05 1228
3.622100000022499e-05 1229
3.6251000000042666e-05 1230
3.625500000037363e-05 1229
3.628100000074852e-05 1230
3.6311000000566196e-05 1231
3.634100000038387e-05 1232
3.637100000020155e-05 1233
3.637500000053251e-05 1232
3.6401000000019224e-05 1233
3.643100000072508e-05 1234
3.6461000000542754e-05 1235
3.649100000036043e-05 1236
3.649500000069139e-05 1235
3.6499000000134174e-05 1234
3.6503000000465136e-05 1233
3.6521000000178105e-05 1234
3.655099999999578e-05 1235
3.6581000000701636e-05 1236
3.661100000051931e-05 1237
3.662300000062402e-05 1236
3.664100000033699e-05 1237
3.667100000015466e-05 1238
3.670099999997234e-05 1239
3.673100000067819e-05 1240
3.67430000007829e-05 1239
3.674700000022568e-05 1240
3.676100000049587e-05 1241
3.6791000000313545e-05 1242
3.682100000013122e-05 1243
3.6851000000837075e-05 1244
3.68630000000536e-05 1243
3.688100000065475e-05 1244
3.691100000047243e-05 1245
3.69410000002901e-05 1246
3.697100000010778e-05 1247
3.6983000000212485e-05 1246
3.6987000000543446e-05 1245
3.700100000081363e-05 1246
3.703100000063131e-05 1247
3.7061000000448985e-05 1248
3.709100000026666e-05 1249
3.710700000070233e-05 1248
3.711100000014511e-05 1247
3.7121000000084337e-05 1248
3.715100000079019e-05 1249
3.718100000060787e-05 1250
3.721100000042554e-05 1251
3.723100000030399e-05 1250
3.724100000024322e-05 1251
3.7271000000060894e-05 1252
3.730100000076675e-05 1253
3.7331000000584424e-05 1254
3.7351000000462875e-05 1253
3.73610000004021e-05 1254
3.7391000000219776e-05 1255
3.742100000003745e-05 1256
3.7451000000743306e-05 1257
3.747100000062176e-05 1256
3.748100000056098e-05 1257
3.751100000037866e-05 1258
3.7541000000196334e-05 1259
3.757100000001401e-05 1260
3.759100000078064e-05 1259
3.759500000022342e-05 1258
3.7601000000719864e-05 1259
3.763100000053754e-05 1260
3.7661000000355216e-05 1261
3.769100000017289e-05 1262
3.7715000000382304e-05 1261
3.7719000000713265e-05 1260
3.772099999999057e-05 1261
3.772300000015605e-05 1260
3.772700000048701e-05 1259
3.773100000081797e-05 1258
3.775100000069642e-05 1259
3.77810000005141e-05 1260
3.7811000000331774e-05 1261
3.784100000014945e-05 1262
3.7851000000088675e-05 1261
3.7855000000419636e-05 1260
3.7871000000855304e-05 1261
3.790100000067298e-05 1262
3.7931000000490656e-05 1263
3.7949000000203625e-05 1264
3.796100000030833e-05 1265
3.797500000057852e-05 1264
3.799100000012601e-05 1265
3.802100000083186e-05 1266
3.805100000064954e-05 1267
3.808100000046721e-05 1268
3.80900000003237e-05 1269
3.80950000007374e-05 1268
3.811100000028489e-05 1269
3.8141000000102565e-05 1270
3.817100000080842e-05 1271
3.8201000000626095e-05 1272
3.8215000000008104e-05 1273
3.8215000000008104e-05 1272
3.824500000071396e-05 1273
3.8275000000531634e-05 1274
3.830500000034931e-05 1275
3.8335000000166986e-05 1276
3.8335000000166986e-05 1275
3.833900000049795e-05 1274
3.836499999998466e-05 1275
3.8395000000690516e-05 1276
3.8409000000072524e-05 1277
3.843900000077838e-05 1278
3.845900000065683e-05 1277
3.8469000000596054e-05 1278
3.849900000041373e-05 1279
3.851300000068392e-05 1280
3.8527000000065925e-05 1281
3.855700000077178e-05 1282
3.857900000081571e-05 1281
3.8587000000589455e-05 1282
3.8600999999971464e-05 1283
3.863100000067732e-05 1284
3.8661000000494994e-05 1285
3.869100000031267e-05 1286
3.8699000000086414e-05 1285
3.8703000000417376e-05 1284
3.870700000074834e-05 1283
3.8721000000130346e-05 1284
3.873500000040053e-05 1285
3.876500000021821e-05 1286
3.877400000007469e-05 1287
3.8795000000035884e-05 1288
3.880900000030607e-05 1289
3.882700000001904e-05 1288
3.883100000035e-05 1287
3.8835000000680964e-05 1286
3.883900000012375e-05 1287
3.883900000012375e-05 1286
3.884300000045471e-05 1285
3.884700000078567e-05 1284
3.88690000008296e-05 1285
3.888300000021161e-05 1286
3.8897000000481796e-05 1287
3.892700000029947e-05 1288
3.895700000011715e-05 1289
3.896700000005637e-05 1288
3.8971000000387335e-05 1287
3.8975000000718296e-05 1286
3.897900000016108e-05 1285
3.898300000049204e-05 1284
3.8987000000823e-05 1285
3.8987000000823e-05 1284
3.8991000000265785e-05 1283
3.900100000020501e-05 1284
3.9031000000022686e-05 1285
3.906100000072854e-05 1286
3.9091000000546217e-05 1287
3.911100000042467e-05 1286
3.911400000067289e-05 1287
3.912100000036389e-05 1288
3.915100000018157e-05 1289
3.9180999999999244e-05 1290
3.92110000007051e-05 1291
3.921600000023062e-05 1292
3.923100000058355e-05 1291
3.9241000000522774e-05 1292
3.927100000034045e-05 1293
3.9301000000158126e-05 1294
3.93309999999758e-05 1295
3.935100000074243e-05 1294
3.9361000000681656e-05 1295
3.9375000000063665e-05 1296
3.940500000076952e-05 1297
3.9435000000587195e-05 1298
3.946500000040487e-05 1299
3.9471000000013134e-05 1298
3.9495000000222547e-05 1299
3.952500000004022e-05 1300
3.955500000074608e-05 1301
3.958500000056375e-05 1302
3.9591000000172016e-05 1301
3.961500000038143e-05 1302
3.9645000000199104e-05 1303
3.967500000001678e-05 1304
3.968900000028697e-05 1305
3.97110000003309e-05 1304
3.971900000010464e-05 1305
3.97490000008105e-05 1306
3.977900000062817e-05 1307
3.980900000044585e-05 1308
3.983100000048978e-05 1307
3.983500000082074e-05 1306
3.9839000000263525e-05 1307
3.9839000000263525e-05 1306
3.98690000000812e-05 1307
3.9899000000787055e-05 1308
3.992900000060473e-05 1309
3.995900000042241e-05 1310
3.995900000042241e-05 1309
3.9973000000692593e-05 1310
4.000300000051027e-05 1311
4.0033000000327945e-05 1312
4.006300000014562e-05 1313
4.007700000041581e-05 1314
4.007900000058129e-05 1313
4.0107000000233484e-05 1314
4.012100000050367e-05 1315
4.0151000000321346e-05 1316
4.018100000013902e-05 1317
4.019900000074017e-05 1316
4.0203000000182953e-05 1315
4.0207000000513915e-05 1314
4.0211000000844876e-05 1315
4.0211000000844876e-05 1314
4.024100000066255e-05 1315
4.027100000048023e-05 1316
4.0301000000297904e-05 1317
4.033100000011558e-05 1318
4.033100000011558e-05 1317
4.0361000000821434e-05 1318
4.039100000063911e-05 1319
4.0421000000456786e-05 1320
4.045100000027446e-05 1321
4.045100000027446e-05 1320
4.048100000009214e-05 1321
4.051100000079799e-05 1322
4.054100000061567e-05 1323
4.0571000000433344e-05 1324
4.0571000000433344e-05 1323
4.0575000000764305e-05 1322
4.057900000020709e-05 1321
4.058500000070353e-05 1322
4.0615000000521206e-05 1323
4.066000000069181e-05 1324
4.0690000000509485e-05 1325
4.069900000036597e-05 1324
4.070300000069693e-05 1323
4.072000000032716e-05 1324
4.073400000059735e-05 1325
4.075700000072402e-05 1326
4.0823000000855814e-05 1325
4.092400000033081e-05 1326
4.093100000002181e-05 1327
4.094300000012652e-05 1326
4.0982000000688856e-05 1327
4.1055000000511654e-05 1328
4.10630000002854e-05 1327
4.106700000061636e-05 1326
4.106900000078184e-05 1327
4.1071000000059144e-05 1326
4.1075000000390105e-05 1325
4.1079000000721066e-05 1324
4.115800000015213e-05 1325
4.1175000000670536e-05 1326
4.119899999999177e-05 1325
4.120500000048821e-05 1326
4.123500000030589e-05 1327
4.124300000007963e-05 1328
4.1265000000123564e-05 1329
4.129500000082942e-05 1330
4.131900000015065e-05 1329
4.132300000048161e-05 1328
4.1325000000647094e-05 1329
4.13390000000291e-05 1330
4.1372000000095e-05 1331
4.1402000000800854e-05 1332
4.14170000002656e-05 1333
4.143200000061853e-05 1334
4.1443000000640495e-05 1333
4.1462000000436205e-05 1334
4.149200000025388e-05 1335
4.149600000058484e-05 1336
4.15230000001543e-05 1337
4.156300000079938e-05 1336
4.156700000024216e-05 1335
4.157100000057312e-05 1334
4.1691000000732004e-05 1333
4.169500000017479e-05 1332
4.169600000025753e-05 1333
4.169900000050575e-05 1332
4.1748000000119134e-05 1333
4.181900000066463e-05 1332
4.186100000058701e-05 1333
4.18750000008572e-05 1334
4.1905000000674875e-05 1335
4.193500000049255e-05 1336
4.193900000082351e-05 1335
4.1943000000266295e-05 1334
4.1947000000597257e-05 1333
4.195100000004004e-05 1332
4.1963000000144746e-05 1333
4.198700000035416e-05 1334
4.2024000000751016e-05 1335
4.205400000056869e-05 1336
4.207100000019892e-05 1335
4.208400000038637e-05 1336
4.208500000046911e-05 1337
4.2114000000204044e-05 1338
4.212800000047423e-05 1339
4.214200000074442e-05 1340
4.2191000000357803e-05 1339
4.2195000000688765e-05 1338
4.2215000000567215e-05 1339
4.224500000038489e-05 1340
4.225900000065508e-05 1341
4.2289000000472754e-05 1342
4.231500000084765e-05 1341
4.231900000029043e-05 1342
4.231900000029043e-05 1341
4.2349000000108106e-05 1342
4.237900000081396e-05 1343
4.2409000000631636e-05 1344
4.243900000044931e-05 1345
4.243900000044931e-05 1344
4.244300000078027e-05 1343
4.246900000026699e-05 1344
4.2499000000084663e-05 1345
4.252900000079052e-05 1346
4.2559000000608194e-05 1347
4.256300000005098e-05 1346
4.256700000038194e-05 1345
4.25710000007129e-05 1344
4.257500000015568e-05 1343
4.2579000000486644e-05 1342
4.258900000042587e-05 1343
4.259400000083957e-05 1344
4.2657000000723144e-05 1345
4.2699000000645526e-05 1344
4.270300000008831e-05 1343
4.270700000041927e-05 1344
4.270700000041927e-05 1343
4.2737000000236947e-05 1344
4.274000000048517e-05 1345
4.274300000073339e-05 1346
4.276000000036362e-05 1347
4.2790000000181294e-05 1348
4.281999999999897e-05 1349
4.282700000057815e-05 1348
4.2831000000020936e-05 1347
4.2850000000704824e-05 1348
4.28800000005225e-05 1349
4.2910000000340176e-05 1350
4.294000000015785e-05 1351
4.295100000017982e-05 1350
4.296999999997553e-05 1351
4.300000000068138e-05 1352
4.303000000049906e-05 1353
4.3044000000769245e-05 1354
4.30710000003387e-05 1353
4.307200000042144e-05 1354
4.307400000058692e-05 1355
4.307500000066966e-05 1354
4.3079000000112444e-05 1353
4.3104000000404596e-05 1354
4.313400000022227e-05 1355
4.315500000018346e-05 1356
4.316400000003995e-05 1357
4.31940000007458e-05 1358
4.3199000000271326e-05 1357
4.322400000056348e-05 1358
4.3254000000381154e-05 1359
4.328400000019883e-05 1360
4.3314000000016506e-05 1361
4.331900000043021e-05 1360
4.334400000072236e-05 1361
4.3351000000413364e-05 1362
4.3374000000540036e-05 1363
4.340400000035771e-05 1364
4.343400000017539e-05 1365
4.343900000058909e-05 1364
4.344300000003187e-05 1363
4.3463999999993064e-05 1364
4.349400000069892e-05 1365
4.3527000000764815e-05 1366
4.3563000000190755e-05 1365
4.35760000003782e-05 1366
4.363200000057077e-05 1367
4.3643000000592735e-05 1368
4.3662000000388446e-05 1369
4.3683000000349637e-05 1368
4.36870000006806e-05 1367
4.369200000020612e-05 1368
4.375300000081239e-05 1369
4.380700000083948e-05 1368
4.381100000028226e-05 1367
4.3815000000613225e-05 1366
4.381900000005601e-05 1365
4.3837000000657156e-05 1366
4.38780000004968e-05 1367
4.390800000031447e-05 1368
4.393800000013215e-05 1369
4.393900000021489e-05 1368
4.3968000000838003e-05 1369
4.399800000065568e-05 1370
4.4028000000473355e-05 1371
4.404200000074354e-05 1372
4.405600000012555e-05 1373
4.405900000037377e-05 1372
4.407500000080944e-05 1373
4.4086000000831405e-05 1374
4.411600000064908e-05 1375
4.4146000000466756e-05 1376
4.417600000028443e-05 1377
4.417900000053265e-05 1376
4.420600000010211e-05 1377
4.421100000051581e-05 1378
4.423600000080796e-05 1379
4.426600000062564e-05 1380
4.4296000000443314e-05 1381
4.4299000000691535e-05 1380
4.430300000013432e-05 1379
4.430700000046528e-05 1378
4.431100000079624e-05 1377
4.432600000026099e-05 1378
4.4356000000078666e-05 1379
4.438600000078452e-05 1380
4.4416000000602196e-05 1381
4.4431000000066945e-05 1380
4.444600000041987e-05 1381
4.446200000085554e-05 1382
4.447600000023755e-05 1383
4.4506000000055224e-05 1384
4.453600000076108e-05 1385
4.455100000022583e-05 1384
4.455500000055679e-05 1383
4.455899999999957e-05 1382
4.4566000000578754e-05 1383
4.459600000039643e-05 1384
4.4626000000214106e-05 1385
4.465600000003178e-05 1386
4.467900000015845e-05 1385
4.4686000000737636e-05 1386
4.471600000055531e-05 1387
4.474600000037299e-05 1388
4.477600000019066e-05 1389
4.4799000000317335e-05 1388
4.4803000000648296e-05 1387
4.480600000000834e-05 1388
4.480700000009108e-05 1387
4.4836000000714193e-05 1388
4.486600000053187e-05 1389
4.4896000000349545e-05 1390
4.492600000016722e-05 1391
4.492700000024996e-05 1390
4.493100000058092e-05 1389
4.49559999999849e-05 1390
4.498600000069075e-05 1391
4.501600000050843e-05 1392
4.50460000003261e-05 1393
4.5051000000739805e-05 1392
4.505500000018259e-05 1391
4.505900000051355e-05 1390
4.506300000084451e-05 1389
4.5067000000287294e-05 1388
4.507600000014378e-05 1389
4.510600000084963e-05 1390
4.513600000066731e-05 1391
4.5166000000484985e-05 1392
4.5187000000446176e-05 1391
4.519600000030266e-05 1392
4.5226000000120337e-05 1393
4.525600000082619e-05 1394
4.528600000064387e-05 1395
4.530700000060506e-05 1394
4.531100000004784e-05 1393
4.531600000046154e-05 1394
4.534600000027922e-05 1395
4.5376000000096894e-05 1396
4.540600000080275e-05 1397
4.543100000020672e-05 1396
4.5435000000537684e-05 1395
4.5436000000620425e-05 1396
4.54660000004381e-05 1397
4.5496000000255776e-05 1398
4.552600000007345e-05 1399
4.5555000000696566e-05 1398
4.5556000000779306e-05 1399
4.555900000013935e-05 1398
4.5570000000161315e-05 1399
4.55840000004315e-05 1400
4.561400000024918e-05 1401
4.564400000006685e-05 1402
4.567400000077271e-05 1403
4.567900000029823e-05 1402
4.568300000062919e-05 1401
4.5704000000590383e-05 1402
4.573400000040806e-05 1403
4.5764000000225735e-05 1404
4.579400000004341e-05 1405
4.5803000000788074e-05 1404
4.5824000000749265e-05 1405
4.585400000056694e-05 1406
4.588400000038462e-05 1407
4.591400000020229e-05 1408
4.592300000005878e-05 1407
4.594400000001997e-05 1408
4.597400000072582e-05 1409
4.60040000005435e-05 1410
4.6034000000361175e-05 1411
4.604300000021766e-05 1410
4.604700000054862e-05 1409
4.606400000017885e-05 1410
4.609399999999653e-05 1411
4.612400000070238e-05 1412
4.615400000052006e-05 1413
4.61670000007075e-05 1412
4.6171000000150286e-05 1411
4.617500000048125e-05 1410
4.618400000033773e-05 1411
4.621400000015541e-05 1412
4.6243999999973084e-05 1413
4.627400000067894e-05 1414
4.629500000064013e-05 1413
4.6304000000496615e-05 1414
4.633400000031429e-05 1415
4.6364000000131966e-05 1416
4.639400000083782e-05 1417
4.641500000079901e-05 1416
4.6419000000241795e-05 1415
4.6424000000655496e-05 1416
4.645400000047317e-05 1417
4.648400000029085e-05 1418
4.6514000000108524e-05 1419
4.6539000000400677e-05 1418
4.654300000073164e-05 1417
4.654400000081438e-05 1418
4.654700000017442e-05 1417
4.655100000050538e-05 1416
4.6555000000836344e-05 1415
4.655900000027913e-05 1414
4.656300000061009e-05 1413
4.6574000000632054e-05 1414
4.660400000044973e-05 1415
4.6634000000267406e-05 1416
4.666400000008508e-05 1417
4.668300000076897e-05 1416
4.6694000000790936e-05 1417
4.6708000000172945e-05 1418
4.673799999999062e-05 1419
4.6768000000696475e-05 1420
4.679800000051415e-05 1421
4.6803000000039674e-05 1420
4.6828000000331826e-05 1421
4.68580000001495e-05 1422
4.6888000000855357e-05 1423
4.691800000067303e-05 1424
4.6923000000198556e-05 1423
4.692700000052952e-05 1422
4.69309999999723e-05 1421
4.693500000030326e-05 1420
4.694800000049071e-05 1421
4.6959000000512674e-05 1422
4.6978000000308384e-05 1423
4.700800000012606e-05 1424
4.7038000000831914e-05 1425
4.7055000000462144e-05 1424
4.7059000000793105e-05 1423
4.706300000023589e-05 1422
4.706700000056685e-05 1421
4.706800000064959e-05 1422
4.707100000000963e-05 1421
4.7075000000340594e-05 1420
4.7079000000671556e-05 1419
4.7098000000467266e-05 1420
4.712800000028494e-05 1421
4.715800000010262e-05 1422
4.718800000080847e-05 1423
4.719900000083044e-05 1422
4.720300000027322e-05 1421
4.720700000060418e-05 1420
4.721800000062615e-05 1421
4.7248000000443824e-05 1422
4.72780000002615e-05 1423
4.7308000000079176e-05 1424
4.7327000000763064e-05 1423
4.733100000020585e-05 1422
4.733500000053681e-05 1421
4.733800000078503e-05 1422
4.7368000000602706e-05 1423
4.739800000042038e-05 1424
4.742800000023806e-05 1425
4.745500000069569e-05 1424
4.745800000005573e-05 1425
4.7459000000138474e-05 1424
4.7463000000469435e-05 1423
4.74670000008004e-05 1422
4.747100000024318e-05 1421
4.748800000076159e-05 1422
4.7518000000579264e-05 1423
4.754800000039694e-05 1424
4.7562000000667126e-05 1425
4.7576000000049135e-05 1426
4.759100000040206e-05 1425
4.759500000073302e-05 1424
4.760600000075499e-05 1425
4.7636000000572665e-05 1426
4.766600000039034e-05 1427
4.7696000000208016e-05 1428
4.771500000000373e-05 1427
4.771900000033469e-05 1426
4.772600000002569e-05 1427
4.7756000000731547e-05 1428
4.778600000054922e-05 1429
4.78160000003669e-05 1430
4.783900000049357e-05 1429
4.7846000000184574e-05 1430
4.787600000000225e-05 1431
4.7906000000708104e-05 1432
4.793600000052578e-05 1433
4.795900000065245e-05 1432
4.7966000000343456e-05 1433
4.799600000016113e-05 1434
4.802599999997881e-05 1435
4.805600000068466e-05 1436
4.8079000000811334e-05 1435
4.808300000025412e-05 1434
4.808600000050234e-05 1435
4.808700000058508e-05 1434
4.809100000002786e-05 1433
4.8116000000320014e-05 1434
4.814600000013769e-05 1435
4.8176000000843544e-05 1436
4.820600000066122e-05 1437
4.821100000018674e-05 1436
4.8215000000517705e-05 1435
4.8236000000478896e-05 1436
4.826600000029657e-05 1437
4.829600000011425e-05 1438
4.83260000008201e-05 1439
4.833500000067659e-05 1438
4.833900000011937e-05 1437
4.835600000063778e-05 1438
4.8386000000455454e-05 1439
4.840000000072564e-05 1440
4.8430000000543316e-05 1441
4.845900000027825e-05 1440
4.846000000036099e-05 1441
4.846300000060921e-05 1440
4.849000000017867e-05 1441
4.8519999999996344e-05 1442
4.85500000007022e-05 1443
4.8580000000519874e-05 1444
4.8583000000768095e-05 1443
4.858700000021088e-05 1442
4.859100000054184e-05 1441
4.859499999998462e-05 1440
4.861000000033755e-05 1441
4.868200000007761e-05 1442
4.871200000078346e-05 1443
4.8715000000143505e-05 1442
4.8719000000474466e-05 1441
4.872300000080543e-05 1440
4.874200000060114e-05 1441
4.8772000000418814e-05 1442
4.8786000000689e-05 1443
4.8816000000506676e-05 1444
4.884300000007613e-05 1443
4.884700000040709e-05 1442
4.887700000022477e-05 1443
4.89370000007483e-05 1444
4.895100000013031e-05 1445
4.8967000000565974e-05 1444
4.897100000000876e-05 1443
4.901500000009662e-05 1444
4.9045000000802474e-05 1445
4.907500000062015e-05 1446
4.909100000016764e-05 1445
4.90950000004986e-05 1444
4.9105000000437826e-05 1445
4.91350000002555e-05 1446
4.916500000007318e-05 1447
4.9179000000343365e-05 1448
4.921500000065748e-05 1447
4.928900000056302e-05 1448
4.932900000031992e-05 1449
4.9335000000816365e-05 1448
4.9391000000120755e-05 1449
4.942600000035213e-05 1450
4.945500000008707e-05 1449
4.945700000025255e-05 1450
4.945900000041803e-05 1449
4.946300000074899e-05 1448
4.9583000000019695e-05 1447
4.9587000000350656e-05 1446
4.9643000000543225e-05 1447
4.9699000000735793e-05 1448
4.970700000050954e-05 1447
4.97110000008405e-05 1446
4.976700000014489e-05 1447
4.98310000001112e-05 1446
4.989100000063473e-05 1447
4.9951000000270085e-05 1446
4.9955000000601046e-05 1445
4.995700000076653e-05 1446
4.995900000004383e-05 1445
5.00150000002364e-05 1446
5.007900000020271e-05 1445
5.008300000053367e-05 1444
5.0144000000251765e-05 1445
5.017400000006944e-05 1446
5.0203000000692555e-05 1445
5.0204000000775295e-05 1446
5.020700000013534e-05 1445
5.02110000004663e-05 1444
5.0279000000763574e-05 1445
5.029300000014558e-05 1446
5.032300000085144e-05 1447
5.033100000062518e-05 1446
5.0335000000067964e-05 1445
5.0339000000398926e-05 1444
5.034300000072989e-05 1443
5.035300000066911e-05 1444
5.038300000048679e-05 1445
5.0413000000304464e-05 1446
5.044300000012214e-05 1447
5.046300000000059e-05 1446
5.046700000033155e-05 1445
5.0473000000827994e-05 1446
5.050300000064567e-05 1447
5.0533000000463346e-05 1448
5.056300000028102e-05 1449
5.0587000000490434e-05 1448
5.0591000000821396e-05 1447
5.05930000000987e-05 1448
5.069000000013091e-05 1449
5.07110000000921e-05 1448
5.071500000042306e-05 1447
5.072000000083676e-05 1448
5.077100000061563e-05 1449
5.080700000004157e-05 1450
5.083500000058194e-05 1449
5.0839000000024726e-05 1448
5.084300000035569e-05 1447
5.084700000068665e-05 1446
5.085100000012943e-05 1445
5.085500000046039e-05 1444
5.089100000077451e-05 1445
5.092100000059219e-05 1446
5.0975000000619275e-05 1445
5.1015000000376176e-05 1446
5.104500000019385e-05 1447
5.107500000001153e-05 1448
5.109500000077816e-05 1447
5.109900000022094e-05 1446
5.11030000005519e-05 1445
5.110500000071738e-05 1446
5.111900000009939e-05 1447
5.113300000036958e-05 1448
5.116300000018725e-05 1449
5.119300000000493e-05 1450
5.122300000071078e-05 1451
5.122300000071078e-05 1450
5.1227000000153566e-05 1449
5.123100000048453e-05 1448
5.125900000013672e-05 1449
5.128900000084258e-05 1450
5.131900000066025e-05 1451
5.135100000064341e-05 1452
5.135100000064341e-05 1451
5.135500000008619e-05 1450
5.1359000000417154e-05 1449
5.1363000000748116e-05 1448
5.1381000000461086e-05 1449
5.141100000027876e-05 1450
5.144100000009644e-05 1451
5.148300000001882e-05 1450
5.148700000034978e-05 1449
5.149100000068074e-05 1448
5.15580000000071e-05 1449
5.1611000000839624e-05 1448
5.1631000000718075e-05 1449
5.169900000012717e-05 1450
5.173100000011033e-05 1449
5.175300000015426e-05 1450
5.179300000079934e-05 1451
5.185100000026921e-05 1450
5.185500000060017e-05 1449
5.1902000000048076e-05 1450
5.193200000075393e-05 1451
5.1962000000571607e-05 1452
5.197500000075905e-05 1451
5.1979000000201836e-05 1450
5.199200000038928e-05 1451
5.202200000020696e-05 1452
5.206900000054304e-05 1453
5.209900000036072e-05 1452
5.210300000069168e-05 1451
5.2131000000343874e-05 1452
5.222300000085056e-05 1451
5.2251000000502756e-05 1452
5.2287000000816874e-05 1453
5.2343000000121265e-05 1452
5.237500000010442e-05 1453
5.2405000000810276e-05 1454
5.243500000062795e-05 1455
5.246300000028015e-05 1454
5.246700000061111e-05 1453
5.248200000007586e-05 1454
5.250300000003705e-05 1455
5.2517000000307235e-05 1456
5.258700000076999e-05 1455
5.2707000000040694e-05 1454
5.2711000000371655e-05 1453
5.2714000000619876e-05 1454
5.2715000000702616e-05 1453
5.27190000001454e-05 1452
5.272300000047636e-05 1451
5.274400000043755e-05 1452
5.277400000025523e-05 1453
5.2804000000072904e-05 1454
5.283400000077876e-05 1455
5.284300000063524e-05 1454
5.2847000000078026e-05 1453
5.2864000000596434e-05 1454
5.289400000041411e-05 1455
5.296700000023691e-05 1454
5.297100000056787e-05 1453
5.297500000001065e-05 1454
5.297500000001065e-05 1453
5.2979000000341614e-05 1452
5.3076000000373824e-05 1453
5.3099000000500496e-05 1452
5.310300000083146e-05 1451
5.310700000027424e-05 1450
5.313800000017466e-05 1451
5.3175000000571515e-05 1452
5.320500000038919e-05 1453
5.322700000043312e-05 1452
5.323500000020687e-05 1453
5.323500000020687e-05 1454
5.3347000000592004e-05 1453
5.33750000002442e-05 1454
5.3467000000750886e-05 1453
5.347100000019367e-05 1452
5.347500000052463e-05 1451
5.347900000085559e-05 1450
5.349500000040308e-05 1451
5.3599000000126296e-05 1450
5.360300000045726e-05 1449
5.360700000078822e-05 1448
5.3611000000231e-05 1447
5.361500000056196e-05 1446
5.3619000000004746e-05 1445
5.364700000054512e-05 1446
5.373900000016363e-05 1445
5.374300000049459e-05 1444
5.374700000082555e-05 1445
5.374700000082555e-05 1444
5.381900000056561e-05 1445
5.3849000000383285e-05 1446
5.3867000000096255e-05 1445
5.3871000000427216e-05 1444
5.387500000075818e-05 1443
5.387900000020096e-05 1444
5.387900000020096e-05 1443
5.39910000005861e-05 1444
5.399900000035984e-05 1443
5.4003000000690804e-05 1442
5.4021000000403774e-05 1443
5.405100000022145e-05 1444
5.4060000000077935e-05 1445
5.4081000000039126e-05 1446
5.4123000000849686e-05 1445
5.412700000029247e-05 1444
5.4135000000066213e-05 1445
5.424700000045135e-05 1444
5.425100000078231e-05 1443
5.4255000000225095e-05 1442
5.437500000038398e-05 1443
5.437500000038398e-05 1442
5.437900000071494e-05 1441
5.440500000020165e-05 1442
5.449899999998564e-05 1441
5.4503000000316604e-05 1440
5.4507000000647565e-05 1441
5.453700000046524e-05 1442
5.456700000028292e-05 1443
5.4623000000475486e-05 1442
5.465100000012768e-05 1443
5.474300000063437e-05 1442
5.474700000007715e-05 1441
5.475100000040811e-05 1440
5.4755000000739074e-05 1439
5.475900000018186e-05 1438
5.48050000004352e-05 1439
5.48500000006058e-05 1440
5.487500000000978e-05 1441
5.487900000034074e-05 1440
5.48830000006717e-05 1439
5.4906999999992934e-05 1440
5.500300000083058e-05 1439
5.5007000000273365e-05 1438
5.5011000000604326e-05 1437
5.504300000058748e-05 1438
5.507300000040516e-05 1439
5.5087000000675346e-05 1440
5.5125000000266766e-05 1441
5.513100000076321e-05 1440
5.513500000020599e-05 1439
5.513900000053695e-05 1438
5.5142999999979736e-05 1437
5.51470000003107e-05 1436
5.515500000008444e-05 1437
5.5185000000790296e-05 1438
5.526400000022136e-05 1439
5.526700000046958e-05 1438
5.526800000055232e-05 1439
5.527100000080054e-05 1438
5.5275000000243324e-05 1437
5.5298000000369996e-05 1438
5.5395000000402206e-05 1437
5.539900000073317e-05 1436
5.541100000083787e-05 1437
5.551900000000387e-05 1436
5.552300000033483e-05 1435
5.553100000010858e-05 1436
5.555600000040073e-05 1437
5.5643000000493714e-05 1436
5.5647000000824676e-05 1435
5.5661000000206684e-05 1436
5.576700000009538e-05 1435
5.578699999997383e-05 1436
5.588700000025426e-05 1435
5.589100000058522e-05 1434
5.591100000046367e-05 1435
5.59610000001598e-05 1436
5.5975000000429986e-05 1437
5.600500000024766e-05 1438
5.6011000000744104e-05 1437
5.601500000018689e-05 1436
5.601900000051785e-05 1435
5.603500000006534e-05 1436
5.613900000067673e-05 1435
5.6167000000328926e-05 1436
5.625000000009095e-05 1437
5.625900000083561e-05 1436
5.629500000026155e-05 1437
5.6379000000106316e-05 1436
5.638300000043728e-05 1435
5.638700000076824e-05 1436
5.638700000076824e-05 1435
5.639100000021102e-05 1434
5.6395000000541984e-05 1433
5.6419000000751396e-05 1434
5.6515000000700866e-05 1433
5.651900000014365e-05 1432
5.652300000047461e-05 1431
5.654300000035306e-05 1432
5.664300000063349e-05 1431
5.6667000000842904e-05 1432
5.669700000066058e-05 1433
5.673900000058296e-05 1434
5.6763000000792374e-05 1433
5.676700000023516e-05 1432
5.688700000039404e-05 1431
5.6891000000725e-05 1430
5.6895000000167784e-05 1429
5.6899000000498745e-05 1428
5.6903000000829707e-05 1429
5.692200000062542e-05 1430
5.693300000064738e-05 1431
5.701900000065763e-05 1430
5.702300000010041e-05 1429
5.702700000043137e-05 1428
5.703100000076233e-05 1429
5.706100000058001e-05 1430
5.7147000000590253e-05 1429
5.7148000000672994e-05 1430
5.7151000000033036e-05 1429
5.717800000049067e-05 1430
5.7208000000308346e-05 1431
5.725500000064443e-05 1432
5.727100000019192e-05 1431
5.7285000000462105e-05 1432
5.729900000073229e-05 1433
5.733200000079819e-05 1434
5.7363000000698605e-05 1435
5.73910000003508e-05 1434
5.739500000068176e-05 1433
5.7403000000455506e-05 1434
5.748400000005205e-05 1435
5.7515000000840644e-05 1434
5.753100000038813e-05 1435
5.758400000033248e-05 1436
5.759000000082892e-05 1437
5.763500000011135e-05 1436
5.763900000044231e-05 1435
5.764300000077327e-05 1434
5.764700000021605e-05 1433
5.7654000000795236e-05 1434
5.768400000061291e-05 1435
5.771400000043059e-05 1436
5.774300000016552e-05 1437
5.7744000000248263e-05 1438
5.7767000000374935e-05 1437
5.7771000000705897e-05 1436
5.777500000014868e-05 1437
5.777900000047964e-05 1438
5.7805000000854534e-05 1439
5.781900000023654e-05 1440
5.78909999999766e-05 1439
5.789500000030756e-05 1438
5.791500000018601e-05 1439
5.794500000000369e-05 1440
5.800600000060996e-05 1441
5.8015000000466443e-05 1440
5.8019000000797405e-05 1439
5.802300000024019e-05 1438
5.802700000057115e-05 1437
5.8039000000675856e-05 1438
5.806600000024531e-05 1439
5.814700000073003e-05 1438
5.816400000036026e-05 1439
5.821700000030461e-05 1440
5.825900000022699e-05 1441
5.8267000000000735e-05 1440
5.8287000000767364e-05 1441
5.829500000054111e-05 1442
5.838700000015962e-05 1441
5.8427000000804696e-05 1442
5.85070000003185e-05 1441
5.850900000048398e-05 1442
5.8539000000301655e-05 1443
5.856900000011933e-05 1444
5.8599000000825185e-05 1445
5.862700000047738e-05 1444
5.862900000064286e-05 1445
5.863100000080834e-05 1444
5.8635000000251125e-05 1443
5.863900000058209e-05 1442
5.864300000002487e-05 1441
5.865900000046054e-05 1442
5.868900000027821e-05 1443
5.8749999999996305e-05 1444
5.876300000018375e-05 1443
5.876700000051471e-05 1442
5.878000000070216e-05 1443
5.8810000000519835e-05 1444
5.884000000033751e-05 1445
5.8887000000673595e-05 1444
5.889100000011638e-05 1443
5.893100000076146e-05 1444
5.8961000000579133e-05 1445
5.899100000039681e-05 1446
5.901100000027526e-05 1445
5.901400000052348e-05 1446
5.9021000000214485e-05 1447
5.906300000013687e-05 1448
5.913100000043414e-05 1447
5.916200000033456e-05 1448
5.9192000000152234e-05 1449
5.922199999996991e-05 1450
5.9251000000593024e-05 1449
5.9252000000675764e-05 1450
5.928200000049344e-05 1451
5.930700000078559e-05 1452
5.9312000000311116e-05 1453
5.934200000012879e-05 1454
5.9371000000751906e-05 1453
5.937500000019469e-05 1452
5.937900000052565e-05 1451
5.9427000000056296e-05 1452
5.949900000068453e-05 1451
5.951800000048024e-05 1452
5.9619000000843414e-05 1451
5.9715999999987446e-05 1452
5.973900000011412e-05 1451
5.974300000044508e-05 1450
5.9772000000180014e-05 1451
5.980199999999769e-05 1452
5.981600000026788e-05 1453
5.986300000060396e-05 1454
5.986300000060396e-05 1453
5.991500000046557e-05 1454
5.998300000076284e-05 1453
5.9987000000205626e-05 1452
5.999100000053659e-05 1451
6.003900000006723e-05 1452
6.006900000077309e-05 1453
6.009900000059076e-05 1454
6.011100000069547e-05 1453
6.011500000013825e-05 1452
6.0119000000469214e-05 1451
6.0159000000226115e-05 1452
6.0239000000628096e-05 1451
6.026200000075477e-05 1452
6.0295000000820664e-05 1453
6.032500000063834e-05 1454
6.035900000078698e-05 1453
6.036300000022976e-05 1452
6.036700000056072e-05 1451
6.0371000000003505e-05 1450
6.037500000033447e-05 1449
6.037700000049995e-05 1450
6.037900000066543e-05 1449
6.041900000042233e-05 1450
6.0449000000240005e-05 1451
6.047900000005768e-05 1452
6.049300000032787e-05 1453
6.049900000082431e-05 1452
6.0523000000145544e-05 1453
6.05530000008514e-05 1454
6.0583000000669074e-05 1455
6.061300000048675e-05 1456
6.0619000000095014e-05 1455
6.0643000000304426e-05 1456
6.06730000001221e-05 1457
6.0703000000827956e-05 1458
6.073300000064563e-05 1459
6.0739000000253895e-05 1458
6.074300000058486e-05 1457
6.076300000046331e-05 1458
6.079300000028098e-05 1459
6.082300000009866e-05 1460
6.0853000000804514e-05 1461
6.086300000074374e-05 1460
6.086700000018652e-05 1459
6.088300000062219e-05 1460
6.08970000000042e-05 1461
6.092700000071005e-05 1462
6.095700000052773e-05 1463
6.0987000000345404e-05 1464
6.0987000000345404e-05 1463
6.0991000000676365e-05 1462
6.099500000011915e-05 1461
6.099900000045011e-05 1460
6.100300000078107e-05 1459
6.101700000016308e-05 1460
6.104699999998076e-05 1461
6.107700000068661e-05 1462
6.110700000050429e-05 1463
6.112300000005177e-05 1462
6.112700000038274e-05 1461
6.11310000007137e-05 1460
6.113700000032196e-05 1461
6.116700000013964e-05 1462
6.119700000084549e-05 1463
6.122700000066317e-05 1464
6.12509999999844e-05 1463
6.125700000048084e-05 1464
6.128700000029852e-05 1465
6.13170000001162e-05 1466
6.134700000082205e-05 1467
6.137100000014328e-05 1466
6.137500000047424e-05 1465
6.137700000063973e-05 1466
6.14070000004574e-05 1467
6.143700000027508e-05 1468
6.146700000009275e-05 1469
6.149500000063313e-05 1468
6.149700000079861e-05 1469
6.149900000007591e-05 1468
6.150300000040687e-05 1467
6.150700000073783e-05 1466
6.151100000018062e-05 1465
6.152700000061628e-05 1466
6.155700000043396e-05 1467
6.158700000025163e-05 1468
6.161700000006931e-05 1469
6.16310000003395e-05 1468
6.164700000077517e-05 1469
6.167700000059284e-05 1470
6.169099999997485e-05 1471
6.17210000006807e-05 1472
6.175100000049838e-05 1473
6.175100000049838e-05 1472
6.175500000082934e-05 1471
6.178100000031606e-05 1472
6.181100000013373e-05 1473
6.184100000083959e-05 1474
6.187100000065726e-05 1475
6.187500000010004e-05 1474
6.1879000000431e-05 1473
6.188300000076197e-05 1472
6.190100000047494e-05 1473
6.193100000029261e-05 1474
6.196100000011029e-05 1475
6.199100000081614e-05 1476
6.200300000003267e-05 1475
6.200700000036363e-05 1474
6.20110000006946e-05 1473
6.202100000063382e-05 1474
6.20510000004515e-05 1475
6.208100000026917e-05 1476
6.211100000008685e-05 1477
6.213100000085348e-05 1476
6.213500000029626e-05 1475
6.213900000062722e-05 1474
6.21410000007927e-05 1475
6.214300000007e-05 1474
6.217100000061038e-05 1475
6.220100000042805e-05 1476
6.223100000024573e-05 1477
6.22610000000634e-05 1478
6.226300000022889e-05 1477
6.229100000076926e-05 1478
6.230500000015127e-05 1479
6.233500000085712e-05 1480
6.23650000006748e-05 1481
6.238300000038777e-05 1480
6.239500000049247e-05 1481
6.242500000031015e-05 1482
6.245500000012782e-05 1483
6.248500000083368e-05 1484
6.249900000021569e-05 1485
6.250300000054665e-05 1484
6.250699999998943e-05 1483
6.25110000003204e-05 1482
6.252900000003336e-05 1483
6.255900000073922e-05 1484
6.25890000005569e-05 1485
6.261900000037457e-05 1486
6.263100000047928e-05 1485
6.264900000019225e-05 1486
6.267900000000992e-05 1487
6.270900000071578e-05 1488
6.273900000053345e-05 1489
6.275100000063816e-05 1488
6.276900000035113e-05 1489
6.27990000001688e-05 1490
6.282899999998648e-05 1491
6.284300000025667e-05 1492
6.287100000079704e-05 1491
6.287300000007434e-05 1492
6.287500000023982e-05 1491
6.287900000057078e-05 1490
6.29030000007802e-05 1491
6.293300000059787e-05 1492
6.296300000041555e-05 1493
6.299300000023322e-05 1494
6.299900000072967e-05 1493
6.300300000017245e-05 1492
6.30230000000509e-05 1493
6.305300000075675e-05 1494
6.308300000057443e-05 1495
6.31130000003921e-05 1496
6.312300000033133e-05 1495
6.312700000066229e-05 1494
6.313100000010508e-05 1493
6.314300000020978e-05 1494
6.314700000054074e-05 1495
6.317300000002746e-05 1496
6.320300000073331e-05 1497
6.321700000011532e-05 1498
6.324700000082117e-05 1499
6.325100000026396e-05 1498
6.327700000063885e-05 1499
6.330700000045653e-05 1500
6.33370000002742e-05 1501
6.335100000054439e-05 1502
6.337100000042284e-05 1501
6.338100000036206e-05 1502
6.341100000017974e-05 1503
6.344099999999742e-05 1504
6.347100000070327e-05 1505
6.349100000058172e-05 1504
6.350100000052095e-05 1505
6.353100000033862e-05 1506
6.354500000060881e-05 1507
6.357500000042648e-05 1508
6.360500000024416e-05 1509
6.36110000007406e-05 1508
6.361500000018339e-05 1507
6.361900000051435e-05 1508
6.366000000035399e-05 1509
6.369000000017166e-05 1510
6.373500000034227e-05 1509
6.373900000067323e-05 1508
6.374900000061245e-05 1509
6.380500000080502e-05 1510
6.38350000006227e-05 1511
6.385900000083211e-05 1510
6.38630000002749e-05 1509
6.394500000084236e-05 1510
6.397500000066003e-05 1511
6.398300000043378e-05 1510
6.398700000076474e-05 1509
6.400500000047771e-05 1510
6.410700000003544e-05 1509
6.41110000003664e-05 1508
6.421500000008962e-05 1509
6.423100000052528e-05 1508
6.423500000085625e-05 1507
6.423900000029903e-05 1506
6.424300000062999e-05 1505
6.424700000007277e-05 1504
6.433900000057946e-05 1505
6.435300000084965e-05 1506
6.436700000023166e-05 1505
6.441400000056774e-05 1506
6.447100000084305e-05 1507
6.448700000039054e-05 1506
6.44910000007215e-05 1505
6.450600000018625e-05 1506
6.453600000000392e-05 1507
6.457900000000905e-05 1508
6.46090000007149e-05 1509
6.46109999999922e-05 1508
6.463900000053258e-05 1509
6.472300000037734e-05 1510
6.473100000015108e-05 1509
6.477199999999073e-05 1510
6.482500000082325e-05 1511
6.485100000030997e-05 1510
6.485500000064093e-05 1511
6.485500000064093e-05 1510
6.486900000002294e-05 1511
6.491000000075076e-05 1512
6.494700000025944e-05 1513
6.497500000079981e-05 1512
6.497700000007711e-05 1513
6.497900000024259e-05 1512
6.498300000057355e-05 1511
6.500700000078297e-05 1512
6.503700000060064e-05 1513
6.505099999998265e-05 1514
6.508700000029677e-05 1515
6.510300000073244e-05 1514
6.511700000011444e-05 1515
6.513100000038463e-05 1516
6.516100000020231e-05 1517
6.519100000001998e-05 1518
6.522100000072584e-05 1519
6.522300000000314e-05 1518
6.525100000054351e-05 1519
6.532999999997458e-05 1520
6.534300000016202e-05 1519
6.536000000068043e-05 1520
6.53900000004981e-05 1521
6.542000000031578e-05 1522
6.54630000003209e-05 1521
6.546700000065186e-05 1522
6.546700000065186e-05 1521
6.547100000009465e-05 1520
6.547500000042561e-05 1519
6.548100000003387e-05 1520
6.559500000058449e-05 1519
6.570900000024693e-05 1520
6.571500000074337e-05 1519
6.571900000018616e-05 1518
6.573900000006461e-05 1519
6.577900000070969e-05 1520
6.58050000001964e-05 1521
6.583900000034504e-05 1522
6.583900000034504e-05 1521
6.586900000016271e-05 1522
6.58830000004329e-05 1523
6.589700000070309e-05 1524
6.592700000052076e-05 1525
6.595700000033844e-05 1526
6.595900000050392e-05 1525
6.598700000015612e-05 1526
6.60010000004263e-05 1527
6.603100000024398e-05 1528
6.606100000006165e-05 1529
6.60790000006628e-05 1528
6.608300000010559e-05 1527
6.608700000043655e-05 1526
6.609100000076751e-05 1527
6.609100000076751e-05 1526
6.612100000058518e-05 1527
6.615100000040286e-05 1528
6.621100000003821e-05 1527
6.621500000036917e-05 1528
6.621500000036917e-05 1527
6.621900000070013e-05 1526
6.627900000033549e-05 1527
6.632900000003161e-05 1528
6.633899999997084e-05 1527
6.635900000073747e-05 1528
6.638900000055514e-05 1529
6.641900000037282e-05 1530
6.645900000012972e-05 1529
6.646300000046068e-05 1530
6.646300000046068e-05 1529
6.646700000079164e-05 1528
6.647100000023443e-05 1527
6.647500000056539e-05 1526
6.647900000000817e-05 1525
6.659900000016705e-05 1524
6.664600000050314e-05 1525
6.670300000077845e-05 1526
6.671900000032593e-05 1525
6.67230000006569e-05 1524
6.672700000009968e-05 1523
6.682300000004915e-05 1524
6.684700000025856e-05 1523
6.689000000026368e-05 1524
6.696000000072644e-05 1525
6.696700000041744e-05 1524
6.703000000030102e-05 1525
6.707100000014066e-05 1526
6.708500000041084e-05 1527
6.708700000057632e-05 1526
6.718100000036031e-05 1527
6.72070000007352e-05 1526
6.721100000017799e-05 1527
6.721100000017799e-05 1526
6.724099999999567e-05 1527
6.731500000078938e-05 1528
6.733100000033687e-05 1527
6.733200000041961e-05 1528
6.736400000040277e-05 1529
6.741000000065611e-05 1530
6.744000000047379e-05 1531
6.745100000049575e-05 1530
6.745500000082671e-05 1529
6.74590000002695e-05 1528
6.747000000029146e-05 1529
6.753800000058874e-05 1530
6.756800000040641e-05 1531
6.757900000042838e-05 1530
6.758300000075934e-05 1529
6.762800000004177e-05 1530
6.770300000003004e-05 1529
6.7707000000361e-05 1528
6.771100000069197e-05 1527
6.781100000008422e-05 1528
6.783100000085085e-05 1527
6.784100000079007e-05 1528
6.795100000012155e-05 1529
6.795100000012155e-05 1528
6.795500000045251e-05 1527
6.795900000078348e-05 1526
6.802400000083253e-05 1527
6.807900000005418e-05 1526
6.808300000038514e-05 1525
6.808400000046788e-05 1526
6.80870000007161e-05 1525
6.809100000015889e-05 1524
6.81670000002299e-05 1525
6.819700000004758e-05 1526
6.821100000031777e-05 1525
6.821500000064873e-05 1524
6.821900000009151e-05 1523
6.822300000042247e-05 1522
6.834300000058136e-05 1521
6.834700000002414e-05 1520
6.837100000023355e-05 1521
6.843900000053083e-05 1522
6.846700000018302e-05 1521
6.85870000003419e-05 1520
6.866900000002119e-05 1521
6.870700000050078e-05 1520
6.871100000083175e-05 1519
6.871500000027453e-05 1518
6.871900000060549e-05 1517
6.876000000044513e-05 1518
6.88230000003287e-05 1519
6.883900000076437e-05 1518
6.890000000048246e-05 1519
6.893000000030014e-05 1520
6.895900000003508e-05 1519
6.896000000011782e-05 1520
6.896300000036604e-05 1519
6.8967000000697e-05 1518
6.897100000013978e-05 1517
6.899000000082367e-05 1518
6.908300000052492e-05 1519
6.909100000029866e-05 1518
6.91130000003426e-05 1519
6.916600000028694e-05 1520
6.918000000055713e-05 1521
6.921100000045755e-05 1520
6.921500000078851e-05 1519
6.921900000023129e-05 1518
6.922300000056225e-05 1517
6.923500000066696e-05 1518
6.932700000028547e-05 1519
6.934300000072113e-05 1518
6.934700000016392e-05 1517
6.935100000049488e-05 1516
6.945500000021809e-05 1517
6.947100000065376e-05 1516
6.958300000015072e-05 1517
6.959100000081264e-05 1516
6.959500000025542e-05 1515
6.963600000009507e-05 1516
6.97150000004143e-05 1517
6.97150000004143e-05 1516
6.971900000074527e-05 1515
6.972300000018805e-05 1514
6.974500000023198e-05 1515
6.983500000057319e-05 1516
6.984300000034693e-05 1515
6.98470000006779e-05 1514
6.985100000012068e-05 1513
6.988400000018657e-05 1514
6.995500000073207e-05 1515
6.997100000027956e-05 1514
7.000700000059368e-05 1515
7.003700000041135e-05 1516
7.009100000043844e-05 1515
7.010300000054315e-05 1516
7.013300000036082e-05 1517
7.020300000082358e-05 1518
7.021100000059732e-05 1517
7.02150000000401e-05 1516
7.023300000064125e-05 1517
7.026300000045893e-05 1518
7.032300000009428e-05 1519
7.033500000019899e-05 1518
7.033700000036447e-05 1519
7.033900000052995e-05 1518
7.043400000039668e-05 1519
7.045900000068883e-05 1518
7.046400000021436e-05 1519
7.049400000003203e-05 1520
7.050800000030222e-05 1521
7.057500000051675e-05 1522
7.057900000084771e-05 1521
7.05830000002905e-05 1520
7.058700000062146e-05 1519
7.066700000013526e-05 1520
7.070200000036664e-05 1521
7.070700000078034e-05 1520
7.073200000018431e-05 1521
7.076400000016747e-05 1522
7.079600000015063e-05 1523
7.082600000085648e-05 1524
7.082700000005104e-05 1523
7.0831000000382e-05 1522
7.083500000071297e-05 1521
7.083900000015575e-05 1520
7.08920000001001e-05 1521
7.094300000076714e-05 1522
7.095700000014915e-05 1523
7.095900000031463e-05 1522
7.106300000003785e-05 1523
7.107900000047351e-05 1522
7.108300000080447e-05 1521
7.10930000007437e-05 1522
7.118700000052769e-05 1523
7.120300000007518e-05 1522
7.121700000034537e-05 1523
7.126000000035049e-05 1522
7.131100000012935e-05 1523
7.134100000083521e-05 1524
7.137100000065288e-05 1525
7.138000000050937e-05 1524
7.138400000084033e-05 1523
7.138800000028311e-05 1522
7.14350000006192e-05 1523
7.146500000043687e-05 1524
7.147900000070706e-05 1525
7.1508000000442e-05 1524
7.155900000022086e-05 1525
7.162800000060088e-05 1524
7.16830000007107e-05 1525
7.171300000052838e-05 1526
7.174800000075976e-05 1525
7.175400000036802e-05 1526
7.176800000063821e-05 1527
7.181900000041708e-05 1528
7.183300000068726e-05 1529
7.186300000050494e-05 1530
7.186800000003046e-05 1529
7.189300000032262e-05 1530
7.193900000057596e-05 1531
7.197900000033286e-05 1532
7.198800000018934e-05 1531
7.200400000062501e-05 1532
7.206600000042584e-05 1533
7.21030000008227e-05 1534
7.210800000034823e-05 1533
7.21830000003365e-05 1534
7.222800000050711e-05 1533
7.223200000083807e-05 1532
7.223600000028085e-05 1531
7.224000000061181e-05 1530
7.230300000049539e-05 1531
7.233300000031306e-05 1532
7.23600000007707e-05 1531
7.236300000013074e-05 1532
7.23930000008366e-05 1533
7.242700000009705e-05 1534
7.24800000000414e-05 1533
7.248400000037236e-05 1532
7.248800000070332e-05 1531
7.24920000001461e-05 1530
7.255500000002968e-05 1531
7.260400000053124e-05 1532
7.261200000030499e-05 1531
7.267500000018856e-05 1532
7.273200000046387e-05 1531
7.273600000079483e-05 1530
7.279500000034744e-05 1531
7.285600000006554e-05 1530
7.28600000003965e-05 1529
7.291500000050632e-05 1530
7.298000000055538e-05 1531
7.298000000055538e-05 1530
7.298399999999816e-05 1529
7.298800000032912e-05 1528
7.299200000066008e-05 1527
7.299600000010287e-05 1526
7.304700000076991e-05 1527
7.309900000063152e-05 1528
7.311600000026175e-05 1527
7.312000000059271e-05 1526
7.316700000004062e-05 1527
7.324000000075159e-05 1526
7.327700000026027e-05 1527
7.330700000007795e-05 1528
7.33600000000223e-05 1527
7.336400000035326e-05 1526
7.341100000068934e-05 1527
7.344700000011528e-05 1528
7.348400000051214e-05 1527
7.34880000008431e-05 1526
7.353100000084822e-05 1527
7.359200000056632e-05 1528
7.36080000001138e-05 1527
7.361200000044477e-05 1526
7.362300000046673e-05 1527
7.365300000028441e-05 1528
7.368300000010208e-05 1529
7.371300000080794e-05 1530
7.373200000060365e-05 1529
7.379100000015626e-05 1530
7.385200000076253e-05 1529
7.385600000020531e-05 1530
7.395900000073397e-05 1531
7.397200000003323e-05 1530
7.39760000003642e-05 1529
7.398000000069516e-05 1528
7.398400000013794e-05 1527
7.410400000029682e-05 1526
7.413100000075445e-05 1527
7.414500000013646e-05 1528
7.417500000084232e-05 1529
7.420500000065999e-05 1530
7.42240000004557e-05 1529
7.429900000044398e-05 1530
7.434400000061459e-05 1529
7.434699999997463e-05 1530
7.441900000060286e-05 1531
7.446400000077347e-05 1530
7.453900000076175e-05 1531
7.458400000004417e-05 1530
7.459300000078883e-05 1531
7.461200000058454e-05 1532
7.465900000003245e-05 1533
7.470400000020305e-05 1532
7.470800000053401e-05 1531
7.47119999999768e-05 1530
7.471600000030776e-05 1529
7.474800000029092e-05 1530
7.479400000054426e-05 1531
7.483600000046664e-05 1530
7.48400000007976e-05 1529
7.484400000024038e-05 1528
7.484800000057135e-05 1527
7.490300000068117e-05 1528
7.495899999998556e-05 1529
7.496800000073023e-05 1528
7.50310000006138e-05 1529
7.506100000043148e-05 1530
7.508800000000093e-05 1529
7.515500000021547e-05 1530
7.520800000015981e-05 1529
7.521200000049078e-05 1528
7.527700000053983e-05 1529
7.53070000003575e-05 1530
7.533200000064966e-05 1529
7.540300000030697e-05 1530
7.543300000012465e-05 1531
7.545200000080854e-05 1530
7.54630000008305e-05 1531
7.55310000002396e-05 1532
7.556100000005728e-05 1533
7.557200000007924e-05 1532
7.566300000050319e-05 1533
7.569200000023812e-05 1532
7.569600000056909e-05 1531
7.579500000076678e-05 1532
7.581600000072797e-05 1531
7.586800000058957e-05 1532
7.591900000036844e-05 1533
7.593599999999867e-05 1532
7.594000000032963e-05 1531
7.594900000018612e-05 1532
7.59960000005222e-05 1533
7.603900000052732e-05 1534
7.606000000048851e-05 1533
7.606400000081948e-05 1532
7.6069000000345e-05 1533
7.61590000006862e-05 1534
7.618400000009018e-05 1533
7.618800000042114e-05 1532
7.61920000007521e-05 1531
7.626800000082312e-05 1532
7.63120000000228e-05 1531
7.631400000018829e-05 1532
7.636500000085533e-05 1533
7.64110000002205e-05 1534
7.643200000018169e-05 1533
7.643600000051265e-05 1532
7.654300000048408e-05 1533
7.655600000067153e-05 1532
7.666300000064297e-05 1533
7.667600000083041e-05 1532
7.679500000001838e-05 1533
7.679600000010112e-05 1532
7.691600000026e-05 1531
7.692000000059096e-05 1530
7.692300000083918e-05 1531
7.695800000018238e-05 1532
7.704000000074984e-05 1531
7.704400000019263e-05 1530
7.704800000052359e-05 1529
7.705200000085455e-05 1528
7.705600000029733e-05 1527
7.706000000062829e-05 1526
7.708600000011501e-05 1527
7.716700000059973e-05 1528
7.718000000078717e-05 1527
7.718099999998174e-05 1528
7.721100000068759e-05 1529
7.726500000071468e-05 1530
7.729500000053235e-05 1531
7.730000000005788e-05 1530
7.730400000038884e-05 1529
7.73080000007198e-05 1528
7.731200000016258e-05 1527
7.732200000010181e-05 1528
7.743200000032147e-05 1527
7.743600000065243e-05 1526
7.744000000009521e-05 1525
7.744400000042617e-05 1524
7.754300000062386e-05 1525
7.756400000058505e-05 1524
7.756800000002784e-05 1523
7.75720000003588e-05 1522
7.757300000044154e-05 1523
7.766300000078274e-05 1524
7.767700000016475e-05 1525
7.769200000051768e-05 1524
7.770699999998243e-05 1525
7.773700000068828e-05 1526
7.775100000007029e-05 1527
7.781200000067656e-05 1526
7.781600000011935e-05 1525
7.791099999998607e-05 1526
7.793600000027823e-05 1525
7.794000000060919e-05 1524
7.799100000038806e-05 1525
7.803100000014496e-05 1526
7.806000000076807e-05 1525
7.806400000021085e-05 1524
7.815900000007758e-05 1525
7.818400000036974e-05 1524
7.81880000007007e-05 1523
7.822500000020938e-05 1524
7.825500000002705e-05 1525
7.828500000073291e-05 1526
7.829900000011492e-05 1527
7.83079999999714e-05 1526
7.832900000082077e-05 1527
7.835900000063845e-05 1528
7.841100000050005e-05 1529
7.842800000013028e-05 1528
7.853100000065893e-05 1529
7.854800000028916e-05 1528
7.855200000062013e-05 1527
7.855600000006291e-05 1526
7.856000000039387e-05 1525
7.86550000002606e-05 1526
7.868000000055275e-05 1525
7.868399999999554e-05 1524
7.869100000057472e-05 1525
7.871200000053591e-05 1526
7.880400000015442e-05 1525
7.883200000069479e-05 1526
7.88460000000768e-05 1527
7.888600000072188e-05 1528
7.89240000003133e-05 1527
7.893500000033526e-05 1528
7.897300000081486e-05 1529
7.904400000047218e-05 1528
7.904800000080314e-05 1527
7.905200000024593e-05 1526
7.905500000049415e-05 1527
7.908500000031182e-05 1528
7.909900000058201e-05 1529
7.914500000083535e-05 1530
7.917200000040481e-05 1529
7.929200000056369e-05 1528
7.932000000021588e-05 1529
7.941200000072257e-05 1528
7.941600000016535e-05 1527
7.943900000029203e-05 1528
7.94690000001097e-05 1529
7.953600000032424e-05 1528
7.956000000053365e-05 1529
7.965600000048312e-05 1528
7.968000000069253e-05 1529
7.97100000005102e-05 1530
7.972400000078039e-05 1531
7.977300000039378e-05 1532
7.9776000000642e-05 1531
7.981200000006794e-05 1532
7.986700000017777e-05 1533
7.989600000080088e-05 1532
7.993200000022682e-05 1533
7.997700000039742e-05 1534
7.999100000066761e-05 1535
8.001600000007159e-05 1534
8.006400000049041e-05 1535
8.013600000023047e-05 1534
8.014000000056143e-05 1533
8.014400000000421e-05 1532
8.022100000015797e-05 1533
8.02640000001631e-05 1532
8.026800000049406e-05 1531
8.027200000082502e-05 1530
8.030800000025096e-05 1531
8.032400000068662e-05 1532
8.039200000009572e-05 1531
8.039600000042668e-05 1530
8.041800000047061e-05 1531
8.044800000028829e-05 1532
8.050300000039812e-05 1533
8.051600000058556e-05 1532
8.056600000028169e-05 1533
8.059600000009937e-05 1534
8.062600000080522e-05 1535
8.063600000074445e-05 1534
8.064000000018723e-05 1533
8.064400000051819e-05 1532
8.064800000084915e-05 1531
8.069200000004884e-05 1532
8.070600000031902e-05 1533
8.076800000011986e-05 1532
8.081200000020772e-05 1533
8.08420000000254e-05 1534
8.087200000073125e-05 1535
8.088800000027874e-05 1534
8.08920000006097e-05 1533
8.093600000069756e-05 1534
8.101200000076858e-05 1533
8.101600000021136e-05 1532
8.102000000054232e-05 1531
8.102399999998511e-05 1530
8.102800000031607e-05 1529
8.104500000083448e-05 1530
8.107500000065215e-05 1531
8.110500000046983e-05 1532
8.11350000002875e-05 1533
8.114800000047495e-05 1532
8.114900000055769e-05 1533
8.118400000078907e-05 1534
8.121400000060675e-05 1535
8.126800000063383e-05 1534
8.138800000079272e-05 1533
8.142400000021865e-05 1534
8.146000000053277e-05 1535
8.150800000006342e-05 1534
8.155600000048224e-05 1535
8.158600000029992e-05 1536
8.16280000002223e-05 1535
8.1633000000636e-05 1536
8.167600000064112e-05 1537
8.170400000029332e-05 1538
8.174800000038118e-05 1537
8.17960000008e-05 1538
8.182600000061768e-05 1539
8.183999999999969e-05 1540
8.186800000054006e-05 1539
8.18850000001703e-05 1540
8.191600000007071e-05 1541
8.198800000069895e-05 1540
8.199200000014173e-05 1539
8.199600000047269e-05 1538
8.200500000032918e-05 1539
8.203600000022959e-05 1540
8.21000000001959e-05 1541
8.211600000063157e-05 1540
8.213000000001358e-05 1541
8.216000000071944e-05 1542
8.220800000025008e-05 1543
8.223600000079045e-05 1542
8.224000000023324e-05 1541
8.228800000065206e-05 1542
8.233200000073992e-05 1543
8.236000000039212e-05 1542
8.242000000002747e-05 1543
8.246700000036356e-05 1544
8.2480000000551e-05 1543
8.248100000063374e-05 1544
8.248399999999378e-05 1543
8.254000000018635e-05 1544
8.260400000015267e-05 1543
8.262700000027934e-05 1544
8.266000000034524e-05 1545
8.272400000031155e-05 1544
8.272800000064251e-05 1543
8.273200000008529e-05 1542
8.273600000041625e-05 1541
8.278400000083508e-05 1542
8.285600000057514e-05 1541
8.285700000065788e-05 1542
8.290400000010578e-05 1543
8.297600000073402e-05 1542
8.29800000001768e-05 1541
8.298400000050776e-05 1540
8.298800000083872e-05 1539
8.302400000026466e-05 1540
8.305400000008234e-05 1541
8.310800000010943e-05 1540
8.311200000044039e-05 1539
8.311600000077135e-05 1538
8.312000000021413e-05 1537
8.31240000005451e-05 1536
8.32370000001248e-05 1537
8.324400000070398e-05 1536
8.324800000014676e-05 1535
8.325200000047772e-05 1534
8.326800000002521e-05 1535
8.33720000006366e-05 1534
8.337600000007939e-05 1533
8.338800000018409e-05 1534
8.349600000023827e-05 1533
8.350000000056923e-05 1532
8.351200000067394e-05 1533
8.359900000076692e-05 1534
8.362000000072811e-05 1533
8.370800000001566e-05 1534
8.373999999999882e-05 1533
8.376400000020823e-05 1534
8.38320000005055e-05 1535
8.38600000001577e-05 1534
8.386200000032318e-05 1535
8.386400000048866e-05 1534
8.386800000081962e-05 1533
8.396200000060361e-05 1534
8.398800000009032e-05 1533
8.399200000042129e-05 1532
8.399600000075225e-05 1531
8.400800000085695e-05 1532
8.403800000067463e-05 1533
8.411600000002295e-05 1532
8.411700000010569e-05 1533
8.412000000035391e-05 1532
8.414700000081154e-05 1533
8.416100000019355e-05 1534
8.42400000005128e-05 1533
8.424800000028654e-05 1534
8.436000000067168e-05 1533
8.436800000044542e-05 1534
8.448000000083056e-05 1533
8.448400000027334e-05 1532
8.44880000006043e-05 1531
8.449200000004708e-05 1532
8.449200000004708e-05 1531
8.449600000037805e-05 1530
8.450000000070901e-05 1529
8.461999999997971e-05 1528
8.462400000031067e-05 1527
8.462800000064163e-05 1526
8.463200000008442e-05 1527
8.463200000008442e-05 1526
8.463600000041538e-05 1525
8.47520000002433e-05 1526
8.475600000057426e-05 1525
8.476000000001704e-05 1524
8.478200000006098e-05 1525
8.488000000017593e-05 1524
8.488400000050689e-05 1525
8.488400000050689e-05 1524
8.488800000083785e-05 1523
8.491400000032456e-05 1524
8.494400000014224e-05 1525
8.49740000008481e-05 1526
8.500400000066577e-05 1527
8.500800000010855e-05 1526
8.501200000043951e-05 1525
8.501600000077048e-05 1524
8.503400000048345e-05 1525
8.506400000030112e-05 1526
8.513600000004118e-05 1525
8.514000000037214e-05 1524
8.51440000007031e-05 1525
8.525300000084002e-05 1526
8.526000000053102e-05 1525
8.52639999999738e-05 1524
8.52830000006577e-05 1525
8.531300000047537e-05 1526
8.538400000013269e-05 1525
8.538800000046365e-05 1526
8.550400000029157e-05 1525
8.551200000006531e-05 1526
8.555600000015318e-05 1527
8.562400000045045e-05 1526
8.562800000078141e-05 1525
8.563600000055516e-05 1526
8.574800000005212e-05 1525
8.576000000015682e-05 1526
8.584500000008433e-05 1527
8.5868000000211e-05 1526
8.587900000023296e-05 1527
8.590900000005064e-05 1528
8.598800000036988e-05 1527
8.600000000047459e-05 1528
8.610800000052876e-05 1527
8.611199999997154e-05 1526
8.61160000003025e-05 1525
8.612000000063347e-05 1524
8.613200000073817e-05 1525
8.624000000079235e-05 1524
8.625600000033984e-05 1525
8.636000000006305e-05 1524
8.636400000039401e-05 1523
8.636500000047675e-05 1524
8.636800000072498e-05 1523
8.637200000016776e-05 1522
8.639500000029443e-05 1523
8.646700000003449e-05 1524
8.649200000032664e-05 1523
8.649700000074034e-05 1524
8.651100000012235e-05 1525
8.661200000048552e-05 1524
8.661600000081648e-05 1523
8.662000000025927e-05 1522
8.662400000059023e-05 1523
8.663799999997224e-05 1524
8.674000000041815e-05 1523
8.674400000074911e-05 1524
8.674400000074911e-05 1523
8.686400000001981e-05 1524
8.686400000001981e-05 1523
8.690000000033393e-05 1524
8.69840000001787e-05 1523
8.698800000050966e-05 1524
8.701800000032733e-05 1525
8.710400000033758e-05 1524
8.710800000066854e-05 1525
8.722400000049646e-05 1524
8.722800000082742e-05 1525
8.722800000082742e-05 1524
8.734800000009812e-05 1525
8.734800000009812e-05 1524
8.73830000003295e-05 1525
8.742700000041737e-05 1526
8.744100000068755e-05 1527
8.746800000025701e-05 1526
8.747100000050523e-05 1527
8.747200000058797e-05 1526
8.747600000003075e-05 1525
8.748000000036171e-05 1524
8.748400000069267e-05 1523
8.748800000013546e-05 1522
8.75010000003229e-05 1523
8.758800000041589e-05 1524
8.760800000029434e-05 1523
8.771600000034852e-05 1524
8.772800000045322e-05 1523
8.77300000006187e-05 1524
8.776000000043638e-05 1525
8.779000000025405e-05 1526
8.782000000007173e-05 1527
8.78480000006121e-05 1526
8.785000000077758e-05 1527
8.785200000005489e-05 1526
8.785600000038585e-05 1525
8.786000000071681e-05 1524
8.786400000015959e-05 1525
8.787800000042978e-05 1526
8.796800000077099e-05 1527
8.797999999998751e-05 1526
8.799800000058866e-05 1527
8.807500000074242e-05 1528
8.81000000001464e-05 1527
8.81050000005601e-05 1528
8.816000000066992e-05 1529
8.820900000028331e-05 1530
8.822000000030528e-05 1529
8.823900000010099e-05 1530
8.826900000080684e-05 1531
8.829900000062452e-05 1532
8.832900000044219e-05 1533
8.834000000046416e-05 1532
8.835900000025987e-05 1533
8.838900000007754e-05 1534
8.840300000034773e-05 1535
8.846000000062304e-05 1534
8.846400000006582e-05 1535
8.846400000006582e-05 1534
8.85840000002247e-05 1533
8.860000000066037e-05 1534
8.86430000006655e-05 1535
8.867300000048317e-05 1536
8.870400000038359e-05 1535
8.872000000081925e-05 1536
8.877700000020639e-05 1537
8.882400000054247e-05 1536
8.884000000008996e-05 1537
8.894400000070135e-05 1536
8.896000000024884e-05 1537
8.899000000006652e-05 1538
8.902000000077237e-05 1539
8.906399999997205e-05 1538
8.908000000040772e-05 1539
8.91100000002254e-05 1540
8.918400000013094e-05 1539
8.91880000004619e-05 1538
8.919200000079286e-05 1537
8.92000000005666e-05 1538
8.921400000083679e-05 1539
8.924400000065447e-05 1540
8.927400000047214e-05 1541
8.931200000006356e-05 1540
8.932000000072549e-05 1541
8.943200000022244e-05 1540
8.943999999999619e-05 1541
8.94900000005805e-05 1542
8.955200000038133e-05 1541
8.9568000000817e-05 1542
8.962900000053509e-05 1543
8.967200000054021e-05 1542
8.96880000000877e-05 1543
8.974200000011479e-05 1544
8.977200000082064e-05 1545
8.979200000069909e-05 1544
8.980200000063832e-05 1545
8.983200000045599e-05 1546
8.986200000027367e-05 1547
8.991200000085797e-05 1546
8.991800000046624e-05 1547
8.994800000028391e-05 1548
9.003200000012868e-05 1547
9.005600000033809e-05 1548
9.015200000028756e-05 1547
9.017600000049697e-05 1548
9.024400000079424e-05 1549
9.027200000044644e-05 1548
9.030800000076056e-05 1549
9.03440000001865e-05 1550
9.039200000060532e-05 1549
9.040900000023555e-05 1550
9.043900000005323e-05 1551
9.046900000075908e-05 1552
9.049900000057676e-05 1553
9.05120000007642e-05 1552
9.052900000039443e-05 1553
9.054300000066462e-05 1554
9.05730000004823e-05 1555
9.061200000015646e-05 1556
9.063200000003491e-05 1555
9.064199999997413e-05 1556
9.069600000000122e-05 1557
9.074000000008908e-05 1558
9.075200000019379e-05 1557
9.076300000021575e-05 1558
9.082400000082202e-05 1559
9.086400000057893e-05 1560
9.087200000035267e-05 1559
9.087800000084911e-05 1560
9.090800000066679e-05 1561
9.094800000042369e-05 1562
9.096200000069388e-05 1563
9.099200000051155e-05 1562
9.099800000011982e-05 1563
9.106800000058257e-05 1564
9.109800000040025e-05 1565
9.111200000067043e-05 1564
9.118200000024501e-05 1565
9.121200000006269e-05 1566
9.123200000082932e-05 1565
9.131200000034312e-05 1566
9.134900000073998e-05 1567
9.135200000010002e-05 1566
9.137900000055765e-05 1567
9.140900000037533e-05 1568
9.144000000027575e-05 1569
9.14720000002589e-05 1568
9.147400000042438e-05 1569
9.156800000020837e-05 1570
9.159200000041778e-05 1569
9.169200000069821e-05 1570
9.171200000057667e-05 1569
9.172200000051589e-05 1570
9.18120000008571e-05 1571
9.183200000073555e-05 1570
9.185600000005678e-05 1571
9.188600000076264e-05 1572
9.19320000001278e-05 1573
9.195200000000625e-05 1572
9.207200000016513e-05 1573
9.207200000016513e-05 1572
9.219200000032401e-05 1571
9.220800000075968e-05 1572
9.23120000004829e-05 1571
9.233200000036135e-05 1572
9.243200000064178e-05 1571
9.246000000029397e-05 1572
9.249000000011165e-05 1573
9.25200000008175e-05 1574
9.253400000019951e-05 1575
9.255200000080066e-05 1574
9.25880000002266e-05 1575
9.263500000056268e-05 1576
9.266500000038036e-05 1577
9.267200000007136e-05 1576
9.271200000071644e-05 1577
9.272600000009845e-05 1578
9.276100000032983e-05 1579
9.279200000023025e-05 1578
9.279700000064395e-05 1579
9.283600000031811e-05 1580
9.286600000013578e-05 1581
9.291200000038913e-05 1580
9.295200000014603e-05 1581
9.298200000085188e-05 1582
9.30130000007523e-05 1583
9.303200000054801e-05 1582
9.307600000063587e-05 1583
9.315200000070689e-05 1582
9.316300000072886e-05 1583
9.320000000023754e-05 1584
9.322500000052969e-05 1585
9.32719999999776e-05 1584
9.33340000006666e-05 1585
9.338100000011451e-05 1586
9.339200000013648e-05 1585
9.34400000005553e-05 1586
9.347000000037298e-05 1587
9.350000000019065e-05 1588
9.351200000029536e-05 1587
9.351400000046084e-05 1588
9.356000000071418e-05 1589
9.363200000045424e-05 1588
9.363300000053698e-05 1589
9.369200000008959e-05 1590
9.372200000079545e-05 1591
9.375200000061312e-05 1590
9.381200000024847e-05 1591
9.384400000023163e-05 1592
9.3872000000772e-05 1591
9.394400000051206e-05 1592
9.399200000004271e-05 1591
9.406400000067094e-05 1592
9.411200000020159e-05 1591
9.413300000016278e-05 1592
9.414700000043297e-05 1593
9.419200000060357e-05 1594
9.423200000036047e-05 1593
9.426800000067459e-05 1594
9.430500000018327e-05 1595
9.433500000000095e-05 1596
9.435200000051935e-05 1595
9.442500000034215e-05 1596
9.445500000015983e-05 1597
9.447200000067824e-05 1596
9.4556000000523e-05 1597
9.457000000079319e-05 1598
9.459200000083712e-05 1597
9.460000000061086e-05 1598
9.463000000042854e-05 1599
9.464400000069872e-05 1600
9.467600000068188e-05 1601
9.470600000049956e-05 1602
9.471200000010782e-05 1601
9.473600000031723e-05 1602
9.480000000028355e-05 1603
9.48320000002667e-05 1602
9.492000000044243e-05 1603
9.495200000042558e-05 1602
9.506000000047976e-05 1603
9.507200000058447e-05 1602
9.516900000061668e-05 1603
9.519200000074335e-05 1602
9.519900000043435e-05 1603
9.522900000025203e-05 1604
9.524300000052222e-05 1605
9.530000000079752e-05 1606
9.531200000001405e-05 1605
9.543200000017293e-05 1606
9.543200000017293e-05 1605
9.548900000044824e-05 1604
9.553900000014437e-05 1605
9.556900000085022e-05 1606
9.56060000003589e-05 1607
9.560900000060713e-05 1606
9.563600000017658e-05 1607
9.565000000044677e-05 1608
9.568000000026444e-05 1609
9.572100000010408e-05 1610
9.572900000076601e-05 1609
9.579200000064958e-05 1610
9.584600000067667e-05 1611
9.584900000003671e-05 1610
9.591200000080846e-05 1611
9.596900000019559e-05 1610
9.598400000054852e-05 1611
9.603600000041013e-05 1612
9.608900000035447e-05 1611
9.615600000056901e-05 1612
9.618600000038668e-05 1613
9.620900000051336e-05 1612
9.622800000030907e-05 1613
9.624200000057925e-05 1614
9.627600000072789e-05 1615
9.632900000067224e-05 1614
9.635100000071617e-05 1615
9.639700000008133e-05 1616
9.642700000078719e-05 1617
9.644900000083112e-05 1616
9.651600000015748e-05 1617
9.653000000042766e-05 1618
9.656900000010182e-05 1617
9.659800000072494e-05 1618
9.662900000062535e-05 1619
9.665900000044303e-05 1620
9.667300000071322e-05 1621
9.66890000002607e-05 1620
9.671200000038738e-05 1621
9.676400000024898e-05 1622
9.680900000041959e-05 1621
9.686900000005494e-05 1622
9.68990000007608e-05 1623
9.692900000057847e-05 1624
9.692900000057847e-05 1623
9.695900000039614e-05 1624
9.700400000056675e-05 1625
9.704900000073735e-05 1624
9.712400000072563e-05 1625
9.716900000000805e-05 1624
9.722500000020062e-05 1625
9.72550000000183e-05 1626
9.726900000028849e-05 1627
9.728900000016694e-05 1626
9.736400000015522e-05 1627
9.73780000004254e-05 1628
9.740900000032582e-05 1627
9.745400000049642e-05 1628
9.74840000003141e-05 1629
9.75290000004847e-05 1628
9.760400000047298e-05 1629
9.764900000064358e-05 1628
9.769600000009149e-05 1629
9.776900000080246e-05 1628
9.776999999999703e-05 1629
9.781100000072485e-05 1630
9.784400000079074e-05 1631
9.788900000007317e-05 1630
9.796400000006145e-05 1631
9.800900000023205e-05 1630
9.80670000005901e-05 1631
9.809700000040777e-05 1632
9.812900000039093e-05 1631
9.815500000076582e-05 1632
9.820100000013099e-05 1633
9.823100000083684e-05 1634
9.824900000054981e-05 1633
9.832400000053809e-05 1634
9.83690000007087e-05 1633
9.837700000048244e-05 1634
9.844400000069697e-05 1635
9.847400000051465e-05 1636
9.84889999999794e-05 1635
9.856400000085586e-05 1636
9.859400000067353e-05 1637
9.860900000013828e-05 1636
9.868400000012656e-05 1637
9.872900000029716e-05 1636
9.877400000046777e-05 1637
9.880400000028544e-05 1638
9.883400000010312e-05 1639
9.884900000045604e-05 1638
9.892400000044432e-05 1639
9.896900000061493e-05 1638
9.90440000006032e-05 1639
9.905799999998521e-05 1640
9.908900000077381e-05 1639
9.916400000076209e-05 1640
9.919400000057976e-05 1641
9.920900000004451e-05 1640
9.922400000039744e-05 1641
9.928200000075549e-05 1642
9.931200000057316e-05 1643
9.93290000002034e-05 1642
9.940400000019167e-05 1643
9.944900000036228e-05 1642
9.94850000006764e-05 1643
9.953100000004156e-05 1644
9.956100000074741e-05 1645
9.956900000052116e-05 1644
9.964400000050944e-05 1645
9.967400000032711e-05 1646
9.968900000068004e-05 1645
9.980900000083892e-05 1644
9.98840000008272e-05 1645
9.992900000010962e-05 1644
9.996100000009278e-05 1645
0.00010000700000034612 1646
0.0001000370000001638 1647
0.0001000490000002685 1646
0.00010006699999998148 1647
0.00010012400000025679 1648
0.00010016900000042739 1647
0.00010024400000041567 1648
0.00010028900000058627 1647
0.00010036400000057455 1648
0.00010039400000039223 1649
0.00010040900000074515 1648
0.0001004240000002099 1649
0.00010048400000073343 1650
0.00010052900000001586 1649
0.00010053600000059504 1650
0.00010060400000000413 1651
0.00010064900000017474 1650
0.00010072400000016302 1651
0.0001007380000004332 1652
0.00010076900000033362 1651
0.0001008440000003219 1652
0.0001008890000004925 1651
0.00010091600000006196 1652
0.00010096400000048078 1653
0.00010097800000075097 1654
0.00010100900000065138 1653
0.00010108400000063966 1654
0.00010112200000023108 1655
0.00010112900000081027 1654
0.00010118200000075461 1655
0.00010121200000057229 1656
0.00010124200000038996 1657
0.00010124900000008097 1656
0.00010127200000020764 1657
0.00010130200000002532 1658
0.0001013160000002955 1659
0.00010134600000011318 1660
0.00010136900000023985 1659
0.00010137600000081903 1660
0.00010144400000022813 1661
0.00010148900000039873 1660
0.00010156400000038701 1661
0.00010160900000055761 1660
0.00010167800000004945 1661
0.0001017080000007553 1662
0.0001017290000007165 1661
0.00010180400000070478 1662
0.0001018489999999872 1661
0.00010192399999997548 1662
0.00010195400000068133 1663
0.00010196800000006334 1664
0.00010196900000014608 1663
0.00010204400000013436 1664
0.00010207400000084021 1665
0.00010208900000030496 1664
0.00010216400000029324 1665
0.00010220900000046385 1664
0.000102241000000447 1665
0.00010228700000070035 1666
0.00010232900000062273 1665
0.00010244900000078161 1664
0.00010250700000025148 1665
0.00010253700000006916 1666
0.00010255100000033934 1667
0.00010256900000005231 1666
0.00010264400000004059 1667
0.0001026890000002112 1666
0.00010275700000050847 1667
0.00010278700000032615 1668
0.00010280100000059633 1669
0.00010280900000037008 1668
0.00010288400000035836 1669
0.00010291400000017603 1670
0.00010292900000052896 1669
0.00010304900000068784 1668
0.00010306100000079255 1669
0.00010316900000084672 1668
0.00010318100000006325 1669
0.00010324200000066952 1670
0.00010328900000011743 1669
0.00010330100000022213 1670
0.00010340900000027631 1669
0.00010342100000038101 1670
0.00010345100000019869 1671
0.00010349500000028655 1672
0.00010352900000043519 1671
0.0001035410000005399 1672
0.00010364500000026311 1673
0.00010364900000059407 1672
0.00010367500000008079 1673
0.00010372500000066509 1674
0.00010376900000075295 1673
0.00010378100000085766 1674
0.00010388900000002366 1673
0.00010390100000012836 1674
0.00010393100000083422 1675
0.0001039800000004476 1676
0.00010400900000018254 1675
0.00010402100000028724 1676
0.00010403500000055743 1677
0.00010412900000034142 1676
0.00010414100000044613 1677
0.00010422000000076537 1678
0.0001042490000005003 1677
0.00010426100000060501 1678
0.00010435600000047174 1679
0.00010436900000065918 1678
0.00010438600000028941 1679
0.00010448900000081807 1678
0.0001045010000000346 1679
0.00010460900000008877 1678
0.00010462100000019348 1679
0.0001046760000003033 1680
0.00010472900000024765 1679
0.00010474100000035236 1680
0.00010484900000040653 1679
0.00010486100000051124 1680
0.00010490100000026814 1681
0.00010496900000056542 1680
0.00010498100000067012 1681
0.0001050110000004878 1682
0.00010506000000010118 1683
0.0001050890000007243 1682
0.000105101000000829 1683
0.000105208999999995 1682
0.00010522100000009971 1683
0.00010532900000015388 1682
0.00010534100000025859 1683
0.00010542300000082605 1684
0.00010544900000031276 1683
0.00010546100000041747 1684
0.00010554000000073671 1685
0.00010556900000047165 1684
0.00010558100000057635 1685
0.00010568900000063053 1684
0.00010570100000073523 1685
0.00010580900000078941 1684
0.00010582100000000594 1685
0.0001058770000001985 1686
0.00010592900000006011 1685
0.00010594100000016482 1686
0.00010604800000013626 1687
0.000106049000000219 1686
0.00010607800000084211 1687
0.00010616900000037788 1686
0.00010618100000048258 1687
0.00010621100000030026 1688
0.00010628900000053676 1687
0.00010630100000064147 1688
0.00010640900000069564 1687
0.00010641600000038665 1688
0.00010644600000020432 1689
0.00010646000000047451 1690
0.00010652900000085452 1689
0.00010654100000007105 1690
0.000106632000000495 1691
0.00010664900000012523 1690
0.00010666200000031267 1691
0.00010669200000013035 1692
0.00010676900000028411 1691
0.00010678100000038881 1692
0.000106795000000659 1693
0.00010688900000044299 1692
0.0001069010000005477 1693
0.00010691900000026067 1694
0.00010696500000051401 1695
0.00010700900000060187 1694
0.00010702100000070658 1695
0.00010703500000008859 1696
0.00010712100000009883 1697
0.00010712900000076075 1696
0.00010715100000080469 1697
0.00010718100000062236 1698
0.00010721100000044004 1699
0.00010724900000003146 1698
0.00010726100000013616 1699
0.00010734800000022915 1700
0.00010736900000019034 1699
0.00010738100000029505 1700
0.00010748900000034922 1699
0.00010749900000028845 1700
0.00010752900000010612 1701
0.00010758600000038143 1702
0.0001076090000005081 1701
0.00010762100000061281 1702
0.00010772900000066699 1701
0.00010773200000002703 1702
0.00010776200000073288 1703
0.00010784900000082587 1702
0.0001078610000000424 1703
0.00010796900000009657 1702
0.00010798100000020128 1703
0.00010801100000001895 1704
0.00010804100000072481 1705
0.00010808300000064719 1706
0.00010808900000025545 1705
0.00010811300000046487 1706
0.00010820900000041433 1705
0.00010822100000051904 1706
0.00010827899999998891 1707
0.00010832900000057322 1706
0.00010834100000067792 1707
0.00010835500000005993 1708
0.0001083990000001478 1709
0.0001084490000007321 1708
0.0001084610000008368 1709
0.00010851400000078115 1710
0.0001085690000000028 1709
0.00010858100000010751 1710
0.00010868900000016168 1709
0.00010870100000026639 1710
0.00010880900000032057 1709
0.00010882100000042527 1710
0.00010885100000024295 1711
0.00010892900000047945 1710
0.00010894100000058415 1711
0.00010897100000040183 1712
0.00010898500000067202 1713
0.00010901500000048969 1714
0.00010904900000063833 1713
0.00010906100000074304 1714
0.00010912200000046113 1715
0.00010916900000079721 1714
0.00010918100000001374 1715
0.0001092110000007196 1716
0.0001092250000001016 1717
0.00010928900000006792 1716
0.00010930100000017262 1717
0.0001094090000002268 1716
0.0001094210000003315 1717
0.00010949100000079426 1718
0.00010952100000061193 1719
0.00010952900000038568 1718
0.00010955100000042961 1719
0.00010964900000054456 1718
0.00010966100000064927 1719
0.00010976900000070344 1718
0.00010978100000080815 1719
0.00010988899999997415 1718
0.00010990100000007885 1719
0.000109926000000371 1720
0.00011000900000013303 1719
0.00011002100000023773 1720
0.00011012900000029191 1719
0.00011014100000039662 1720
0.00011024900000045079 1719
0.0001102610000005555 1720
0.00011029100000037317 1721
0.00011036900000060967 1720
0.00011038100000071438 1721
0.0001104850000004376 1722
0.00011048900000076856 1721
0.00011051500000025527 1722
0.00011060900000003926 1721
0.00011062100000014397 1722
0.00011063500000041415 1723
0.0001106880000003585 1724
0.00011071800000017618 1725
0.00011072900000019814 1724
0.00011074799999999385 1725
0.000110766000000595 1726
0.00011084900000035702 1725
0.00011086100000046173 1726
0.0001108910000002794 1727
0.00011092100000009708 1728
0.0001109690000005159 1727
0.00011098100000062061 1728
0.00011101100000043829 1729
0.00011105700000069163 1730
0.00011108900000067479 1729
0.00011110100000077949 1730
0.00011115400000072384 1731
0.00011118400000054152 1732
0.00011120900000083367 1731
0.00011121400000035919 1732
0.00011124400000017687 1733
0.00011132900000010437 1732
0.00011134100000020908 1733
0.00011144900000026325 1732
0.00011146100000036796 1733
0.00011156900000042214 1732
0.00011158100000052684 1733
0.00011163899999999671 1734
0.00011168900000058102 1733
0.00011170100000068572 1734
0.0001117310000005034 1735
0.00011180700000057442 1736
0.0001118090000007399 1735
0.0001118370000003921 1736
0.00011185100000066228 1737
0.00011188100000047996 1738
0.0001119290000000106 1737
0.00011194100000011531 1738
0.00011204900000016949 1737
0.00011206100000027419 1738
0.00011216900000032837 1737
0.00011218100000043307 1738
0.00011228900000048725 1737
0.00011230100000059196 1738
0.00011233100000040963 1739
0.00011240900000064613 1738
0.00011242100000075084 1739
0.00011245100000056851 1740
0.00011252900000080501 1739
0.00011254100000002154 1740
0.00011264900000007572 1739
0.00011266100000018042 1740
0.0001127690000002346 1739
0.0001127810000003393 1740
0.00011281100000015698 1741
0.0001128750000001233 1742
0.00011288900000039348 1741
0.00011290500000082915 1742
0.00011300900000055236 1741
0.00011302100000065707 1742
0.00011305100000047474 1743
0.00011312900000071124 1742
0.00011314100000081595 1743
0.00011324899999998195 1742
0.00011326100000008665 1743
0.00011329800000048351 1744
0.00011332800000030119 1745
0.00011336900000014083 1744
0.00011338100000024554 1745
0.00011348900000029971 1744
0.00011350100000040442 1745
0.0001135360000006358 1746
0.00011360900000045859 1745
0.0001136210000005633 1746
0.00011364600000085545 1747
0.00011372900000061748 1746
0.00011374100000072218 1747
0.00011376600000012616 1748
0.00011384900000077636 1747
0.00011386099999999288 1748
0.00011396900000004706 1747
0.00011398100000015177 1748
0.00011401100000085762 1749
0.0001140410000006753 1750
0.00011407100000049297 1751
0.00011408900000020594 1750
0.00011420900000036482 1749
0.00011422100000046953 1750
0.0001143290000005237 1749
0.00011434100000062841 1750
0.00011437100000044609 1751
0.00011444900000068259 1750
0.0001144610000007873 1751
0.00011449500000004775 1752
0.00011450900000031794 1753
0.00011453900000013562 1754
0.00011456900000084147 1753
0.000114581000000058 1754
0.00011468900000011217 1753
0.00011470100000021688 1754
0.00011473500000036552 1755
0.00011476900000051415 1756
0.00011480900000027106 1755
0.00011482100000037576 1756
0.00011485100000019344 1757
0.00011492900000042994 1756
0.00011494100000053464 1757
0.00011497800000004332 1758
0.00011503000000079311 1759
0.00011504900000058882 1758
0.00011506100000069353 1759
0.0001150910000005112 1760
0.0001151690000007477 1759
0.00011518100000085241 1760
0.00011521100000067008 1761
0.00011522500000005209 1762
0.0001152890000000184 1761
0.00011530100000012311 1762
0.0001153150000003933 1763
0.00011534500000021097 1764
0.00011540900000017729 1763
0.00011542100000028199 1764
0.00011545100000009967 1765
0.00011549800000043575 1766
0.00011552900000033617 1765
0.00011554100000044087 1766
0.00011557100000025855 1767
0.00011564900000049505 1766
0.00011566100000059976 1767
0.00011569100000041743 1768
0.00011572100000023511 1769
0.00011576900000065393 1768
0.00011578100000075864 1769
0.00011581100000057631 1770
0.0001158250000008465 1771
0.00011588900000081281 1770
0.00011590100000002934 1771
0.00011600900000008352 1770
0.00011602100000018822 1771
0.0001160510000000059 1772
0.00011608100000071175 1773
0.00011612599999999418 1774
0.0001161290000002424 1773
0.00011615600000070003 1774
0.00011618600000051771 1775
0.00011621600000033538 1776
0.00011624900000040128 1775
0.00011626100000050599 1776
0.00011636900000056016 1775
0.00011638100000066487 1776
0.00011648900000071905 1775
0.00011649099999999635 1776
0.0001165210000007022 1777
0.00011660899999998975 1776
0.00011661200000023797 1777
0.00011664200000005565 1778
0.0001166720000007615 1779
0.00011672900000014863 1778
0.00011673800000000512 1779
0.00011676800000071097 1780
0.00011679800000052865 1781
0.00011681200000079883 1782
0.00011684900000030751 1781
0.00011686100000041222 1782
0.0001168910000002299 1783
0.00011692100000004757 1784
0.00011696299999996995 1785
0.0001169690000004664 1784
0.0001169930000006758 1785
0.00011708900000062528 1784
0.0001170990000005645 1785
0.00011712900000038218 1786
0.00011715900000019985 1787
0.00011717300000047004 1788
0.00011720900000078416 1787
0.00011722100000000069 1788
0.00011732900000005486 1787
0.00011734100000015957 1788
0.00011735500000042975 1789
0.00011744900000021374 1788
0.00011745800000007023 1789
0.00011748800000077608 1790
0.0001175310000007812 1791
0.00011756100000059888 1792
0.00011756900000037263 1791
0.00011759100000041656 1792
0.00011768900000053151 1791
0.00011770100000063621 1792
0.0001178000000008339 1793
0.00011780900000069039 1792
0.00011783000000065158 1793
0.00011786000000046926 1794
0.00011792900000084927 1793
0.0001179410000000658 1794
0.00011796600000035795 1795
0.00011804900000011997 1794
0.00011806100000022468 1795
0.00011815400000081411 1796
0.00011816900000027886 1795
0.00011818400000063178 1796
0.00011821400000044946 1797
0.00011828900000043774 1796
0.00011829200000068596 1797
0.00011832200000050364 1798
0.00011840900000059662 1797
0.00011842100000070133 1798
0.0001184460000001053 1799
0.0001185290000007555 1798
0.00011854099999997203 1799
0.00011856600000026418 1800
0.0001186490000000262 1799
0.00011866100000013091 1800
0.00011876900000018509 1799
0.0001187810000002898 1800
0.00011881100000010747 1801
0.00011882500000037766 1802
0.00011888900000034397 1801
0.00011890100000044868 1802
0.00011893100000026635 1803
0.00011894500000053654 1804
0.00011897500000035421 1805
0.00011900900000050285 1804
0.00011902100000060756 1805
0.00011905100000042523 1806
0.00011912900000066173 1805
0.00011914100000076644 1806
0.00011917100000058412 1807
0.00011924900000082062 1806
0.00011926100000003714 1807
0.00011936900000009132 1806
0.00011938100000019602 1807
0.00011944600000024508 1808
0.0001194890000002502 1807
0.0001195010000003549 1808
0.00011960900000040908 1807
0.00011964600000080594 1808
0.00011972199999998878 1809
0.00011972900000056796 1808
0.00011975200000069464 1809
0.00011976600000007664 1810
0.0001197960000007825 1811
0.00011984900000072685 1810
0.00011986100000083155 1811
0.00011996899999999755 1810
0.00012005100000056501 1811
0.00012008900000015643 1810
0.00012010100000026114 1811
0.00012015500000028823 1812
0.00012020900000031531 1811
0.00012022100000042002 1812
0.00012031300000003853 1813
0.0001203290000004742 1812
0.00012034300000074438 1813
0.00012044900000063308 1812
0.00012046100000073778 1813
0.00012051200000051665 1814
0.00012056900000079196 1813
0.00012058100000000849 1814
0.00012061100000071434 1815
0.00012064100000053202 1816
0.00012068900000006266 1815
0.00012070100000016737 1816
0.00012073099999998504 1817
0.00012080900000022154 1816
0.00012082100000032625 1817
0.00012092900000038043 1816
0.00012094100000048513 1817
0.00012097100000030281 1818
0.00012100100000012048 1819
0.00012103400000018638 1820
0.00012104900000053931 1819
0.00012106400000000406 1820
0.00012116900000069819 1819
0.0001211810000008029 1820
0.00012127500000058689 1821
0.00012128900000085707 1820
0.00012130500000040456 1821
0.00012133500000022224 1822
0.00012136500000003991 1823
0.00012140900000012778 1822
0.00012142100000023248 1823
0.00012152900000028666 1822
0.00012154100000039136 1823
0.00012164900000044554 1822
0.00012166100000055025 1823
0.00012176900000060442 1822
0.00012178100000070913 1823
0.0001218060000001131 1824
0.0001218890000007633 1823
0.00012190099999997983 1824
0.00012192600000027198 1825
0.00012198200000046455 1826
0.00012200900000003401 1825
0.00012202100000013871 1826
0.00012208300000082772 1827
0.0001221130000006454 1828
0.0001221290000001929 1827
0.00012214300000046308 1828
0.0001221740000003635 1829
0.00012221800000045135 1830
0.00012224900000035177 1829
0.00012226100000045648 1830
0.00012229100000027415 1831
0.00012234700000046672 1832
0.00012236900000051065 1831
0.00012238100000061536 1832
0.00012247500000039935 1833
0.00012248900000066953 1832
0.00012250500000021702 1833
0.00012256000000032685 1834
0.00012260900000082842 1833
0.00012262100000004494 1834
0.00012272600000073908 1835
0.00012272900000009912 1834
0.00012275600000055675 1835
0.00012278600000037443 1836
0.0001228250000000486 1837
0.000122849000000258 1836
0.0001228610000003627 1837
0.00012296900000041688 1836
0.0001229810000005216 1837
0.00012307600000038832 1838
0.00012308900000057577 1837
0.000123106000000206 1838
0.00012320900000073465 1837
0.00012322100000083935 1838
0.00012330500000068412 1839
0.00012332900000000535 1838
0.00012334100000011006 1839
0.0001233710000008159 1840
0.00012338500000019792 1841
0.00012344900000016423 1840
0.00012346100000026894 1841
0.00012349100000008661 1842
0.0001235050000003568 1843
0.00012356900000032311 1842
0.00012358100000042782 1843
0.0001236110000002455 1844
0.000123689000000482 1843
0.0001237010000005867 1844
0.00012374300000050908 1845
0.00012375700000077927 1846
0.00012380900000064088 1845
0.00012382100000074558 1846
0.00012392900000079976 1845
0.0001239410000000163 1846
0.00012397100000072214 1847
0.00012404900000007046 1846
0.00012406100000017517 1847
0.00012409099999999285 1848
0.0001241210000006987 1849
0.00012416900000022935 1848
0.00012418100000033405 1849
0.00012428900000038823 1848
0.00012430100000049293 1849
0.0001244090000005471 1848
0.00012442100000065182 1849
0.0001244510000004695 1850
0.000124529000000706 1849
0.00012453200000006603 1850
0.0001245620000007719 1851
0.0001246489999999767 1850
0.0001246610000000814 1851
0.0001247110000006657 1852
0.00012476900000013558 1851
0.00012478100000024028 1852
0.00012486000000055952 1853
0.00012488900000029446 1852
0.0001248900000003772 1853
0.00012492000000019488 1854
0.00012496000000083995 1855
0.00012500900000045334 1854
0.0001250220000006408 1855
0.0001250460000008502 1856
0.00012512200000003304 1857
0.00012512900000061222 1856
0.0001251520000007389 1857
0.00012518200000055657 1858
0.0001252490000007711 1857
0.00012526099999998763 1858
0.0001253030000007982 1859
0.00012534000000030687 1860
0.0001253690000000418 1859
0.00012538100000014651 1860
0.00012541100000085237 1861
0.00012547200000057046 1862
0.0001254890000002007 1861
0.00012550200000038814 1862
0.00012552600000059755 1863
0.00012557800000045916 1864
0.00012560900000035957 1863
0.00012562100000046428 1864
0.00012565100000028195 1865
0.00012572900000051845 1864
0.00012574100000062316 1865
0.00012584900000067734 1864
0.00012586100000078204 1865
0.00012589100000059972 1866
0.0001259210000004174 1867
0.00012596000000009155 1868
0.00012596900000083622 1867
0.0001259900000007974 1868
0.00012602000000061508 1869
0.0001260339999999971 1870
0.00012606400000070295 1871
0.00012608900000010692 1870
0.00012610100000021163 1871
0.0001261519999999905 1872
0.00012616600000026068 1873
0.00012618000000053087 1874
0.0001262090000002658 1873
0.0001262210000003705 1874
0.00012624600000066266 1875
0.00012632900000042468 1874
0.0001263410000005294 1875
0.00012636600000082154 1876
0.0001264120000001867 1877
0.00012644900000058357 1876
0.00012646100000068827 1877
0.00012656900000074245 1876
0.00012658100000084715 1877
0.00012662400000085228 1878
0.00012665400000066995 1879
0.00012668900000001315 1878
0.00012670100000011786 1879
0.0001267310000008237 1880
0.00012674500000020572 1881
0.00012680900000017203 1880
0.00012682100000027674 1881
0.0001268460000005689 1882
0.00012692900000033092 1881
0.00012694100000043562 1882
0.0001270490000004898 1881
0.0001270610000005945 1882
0.0001271150000006216 1883
0.00012716900000064868 1882
0.00012717200000000872 1883
0.00012720200000071458 1884
0.00012721600000009659 1885
0.00012728900000080756 1884
0.0001273010000000241 1885
0.00012733100000072994 1886
0.00012736100000054762 1887
0.00012740900000007827 1886
0.00012742100000018297 1887
0.00012747300000004458 1888
0.00012750500000002774 1889
0.00012752900000023715 1888
0.0001275350000007336 1889
0.00012756500000055127 1890
0.00012759500000036894 1891
0.00012764900000039603 1890
0.00012766100000050074 1891
0.00012767500000077092 1892
0.00012772800000071527 1893
0.0001277690000005549 1892
0.00012778100000065962 1893
0.0001278890000007138 1892
0.0001279010000008185 1893
0.00012793100000063617 1894
0.00012796100000045385 1895
0.0001280089999999845 1894
0.0001280210000000892 1895
0.00012812900000014338 1894
0.00012816600000054024 1895
0.00012824900000030226 1894
0.00012826100000040697 1895
0.00012836900000046114 1894
0.00012838100000056585 1895
0.00012841100000038352 1896
0.00012848900000062002 1895
0.00012850100000072473 1896
0.0001286090000007789 1895
0.00012862099999999543 1896
0.00012863500000026562 1897
0.0001286650000000833 1898
0.00012867900000035348 1899
0.00012870900000017116 1900
0.0001287290000000496 1899
0.00012873899999998883 1900
0.0001287690000006947 1901
0.0001288490000002085 1900
0.0001288610000003132 1901
0.00012887500000058338 1902
0.00012896900000036737 1901
0.00012898100000047208 1902
0.00012908900000052626 1901
0.00012910100000063096 1902
0.0001291870000006412 1903
0.00012920900000068514 1902
0.00012922100000078984 1903
0.00012932900000084402 1902
0.00012934100000006055 1903
0.00012935500000033073 1904
0.00012936900000060092 1905
0.00012944700000083742 1906
0.00012944900000011472 1905
0.0001294770000006551 1906
0.00012950700000047277 1907
0.00012953700000029045 1908
0.00012955100000056063 1909
0.00012956500000083082 1910
0.0001295690000002736 1909
0.0001295950000006485 1910
0.00012968900000043249 1909
0.0001297010000005372 1910
0.00012980900000059137 1909
0.00012982100000069607 1910
0.00012983500000007808 1911
0.00012992900000075025 1910
0.00013002699999997702 1911
0.00013004900000002095 1910
0.00013006100000012566 1911
0.0001301210000006492 1912
0.00013015100000046687 1913
0.00013016900000017984 1912
0.00013018100000028454 1913
0.00013021100000010222 1914
0.00013028900000033872 1913
0.00013030100000044342 1914
0.0001304090000004976 1913
0.0001304210000006023 1914
0.00013052400000024278 1915
0.00013052900000065648 1914
0.00013055400000006046 1915
0.0001305840000007663 1916
0.00013061400000058399 1917
0.00013064400000040166 1918
0.00013064900000081536 1917
0.00013067400000021934 1918
0.000130704000000037 1919
0.00013073400000074287 1920
0.00013074800000012488 1921
0.00013076200000039506 1922
0.00013076900000008607 1921
0.00013079200000021274 1922
0.00013080600000048292 1923
0.00013088900000024495 1922
0.00013090100000034965 1923
0.00013097000000072967 1924
0.00013100900000040383 1923
0.00013102100000050854 1924
0.00013106200000034818 1925
0.0001311290000005627 1924
0.00013114100000066742 1925
0.00013120900000007651 1926
0.00013123900000078237 1927
0.0001312490000007216 1926
0.00013126900000060004 1927
0.00013132700000006992 1928
0.0001313410000003401 1929
0.0001313689999999923 1928
0.00013137100000015778 1929
0.00013138800000067619 1930
0.0001314020000000582 1931
0.00013141600000032838 1932
0.00013146500000082995 1933
0.00013147900000021195 1934
0.00013148900000015118 1933
0.00013150900000002963 1934
0.00013160900000031006 1933
0.00013162100000041477 1934
0.00013172200000077794 1935
0.00013172900000046894 1934
0.00013175200000059561 1935
0.00013184900000062783 1934
0.00013186100000073253 1935
0.0001319030000006549 1936
0.0001319690000007867 1935
0.00013198100000000323 1936
0.00013203500000003032 1937
0.00013206500000073618 1938
0.0001320890000000574 1937
0.00013209500000055385 1938
0.00013212500000037153 1939
0.0001322090000002163 1938
0.000132221000000321 1939
0.00013225100000013867 1940
0.00013226500000040886 1941
0.00013232900000037517 1940
0.00013234100000047988 1941
0.0001323790000000713 1942
0.00013244900000053406 1941
0.00013246100000063876 1942
0.00013256900000069294 1941
0.00013258100000079764 1942
0.00013261100000061532 1943
0.00013268900000085182 1942
0.00013270100000006835 1943
0.0001327920000004923 1944
0.00013280900000012252 1943
0.00013282200000030997 1944
0.00013285200000012765 1945
0.0001329290000002814 1944
0.0001329410000003861 1945
0.0001330490000004403 1944
0.000133061000000545 1945
0.00013316900000059917 1944
0.00013318100000070388 1945
0.00013321400000076977 1946
0.00013328900000075805 1945
0.00013330099999997458 1946
0.00013332600000026673 1947
0.00013336000000041537 1948
0.0001334060000006687 1949
0.00013340900000002875 1948
0.0001334360000004864 1949
0.00013346600000030406 1950
0.00013348000000057425 1951
0.00013349400000084444 1952
0.00013352900000018764 1951
0.000133557000000728 1952
0.00013364900000034652 1951
0.00013367300000055593 1952
0.0001337690000005054 1951
0.0001337810000006101 1952
0.00013383400000055445 1953
0.00013388900000066428 1952
0.000133901000000769 1953
0.00013397600000075727 1954
0.00013400600000057494 1955
0.00013400900000082316 1954
0.00013403600000039262 1955
0.0001340660000002103 1956
0.00013412900000009387 1955
0.00013414100000019857 1956
0.0001342080000004131 1957
0.00013424900000025275 1956
0.00013426100000035746 1957
0.0001343470000003677 1958
0.00013436900000041163 1957
0.00013438100000051634 1958
0.0001344890000005705 1957
0.00013450000000059248 1958
0.00013453000000041015 1959
0.00013454400000068034 1960
0.00013457400000049802 1961
0.0001346040000003157 1962
0.0001346090000007294 1961
0.00013463400000013337 1962
0.00013466400000083922 1963
0.0001347290000000001 1962
0.0001347410000001048 1963
0.00013483700000005427 1964
0.00013484900000015898 1963
0.00013486700000076013 1964
0.0001348970000005778 1965
0.00013493100000072644 1966
0.00013496900000031786 1965
0.00013498100000042257 1966
0.00013501100000024024 1967
0.00013506500000026733 1968
0.00013508900000047674 1967
0.00013510100000058145 1968
0.00013520900000063563 1967
0.00013522100000074033 1968
0.000135251000000558 1969
0.0001353290000007945 1968
0.00013534100000001104 1969
0.0001353660000003032 1970
0.00013538000000057338 1971
0.0001354490000000652 1970
0.00013546100000016992 1971
0.00013553100000063267 1972
0.0001355690000002241 1971
0.0001355810000003288 1972
0.00013561100000014648 1973
0.00013566700000033904 1974
0.00013568900000038298 1973
0.00013570100000048768 1974
0.0001357180000001179 1975
0.00013580900000054186 1974
0.00013582100000064656 1975
0.00013592900000070074 1974
0.00013594100000080545 1975
0.00013597100000062312 1976
0.00013604899999997144 1975
0.00013606100000007615 1976
0.00013607500000034634 1977
0.00013616900000013032 1976
0.00013618100000023503 1977
0.0001362890000002892 1976
0.0001363010000003939 1977
0.0001363310000002116 1978
0.00013634500000048178 1979
0.0001364090000004481 1978
0.0001364210000005528 1979
0.00013643500000082298 1980
0.00013646500000064066 1981
0.00013649500000045833 1982
0.00013652900000060697 1981
0.00013654100000071168 1982
0.00013664900000076585 1981
0.00013666099999998238 1982
0.00013676900000003656 1981
0.00013678100000014126 1982
0.00013688900000019544 1981
0.00013690100000030014 1982
0.00013691500000057033 1983
0.00013700900000035432 1982
0.00013702100000045903 1983
0.00013711600000032576 1984
0.0001371290000005132 1983
0.00013715800000024814 1984
0.00013724900000067208 1983
0.0001372610000007768 1984
0.00013729100000059447 1985
0.00013730499999997647 1986
0.00013735600000064352 1987
0.00013736900000083097 1986
0.00013740300000009142 1987
0.00013743300000079728 1988
0.00013747000000030596 1989
0.00013748900000010167 1988
0.00013750100000020637 1989
0.00013753100000002405 1990
0.00013754600000037698 1989
0.00013762100000036526 1990
0.00013765100000018293 1991
0.00013766500000045312 1992
0.00013766600000053586 1991
0.00013774100000052414 1992
0.00013777100000034181 1993
0.00013778600000069474 1992
0.0001378090000008214 1993
0.00013786100000068302 1994
0.00013790600000085362 1993
0.0001379810000008419 1994
0.00013800600000024588 1995
0.00013802600000012433 1994
0.00013805200000049922 1995
0.0001380820000003169 1996
0.00013811200000013457 1997
0.00013814200000084043 1998
0.0001381460000002832 1997
0.0001382210000002715 1998
0.0001382660000004421 1997
0.00013828300000007232 1998
0.00013831300000077817 1999
0.0001383230000007174 1998
0.00013834300000059585 1999
0.00013836600000072252 2000
0.0001384429999999881 1999
0.00013846100000058925 2000
0.00013849100000040693 2001
0.00013856300000014699 2000
0.00013858100000074813 2001
0.00013864100000038349 2002
0.00013868300000030587 2001
0.00013870100000001884 2002
0.0001387310000007247 2003
0.00013874000000058118 2002
0.00013879700000085649 2001
0.00013883700000061339 2002
0.0001389170000001272 2001
0.0001389410000003366 2002
0.00013903700000028607 2001
0.00013906100000049548 2002
0.00013908600000078764 2003
0.00013909400000056138 2002
0.00013918100000065436 2003
0.00013921100000047204 2004
0.00013921400000072026 2003
0.00013930100000081325 2004
0.00013933399999999097 2003
0.00013942100000008395 2004
0.00013945400000014985 2003
0.00013954100000024283 2004
0.0001395710000000605 2005
0.00013957400000030873 2004
0.00013963100000058404 2003
0.00013966100000040171 2004
0.00013969200000030213 2005
0.00013975100000074292 2004
0.00013975300000002022 2005
0.00013978300000072608 2006
0.00013987100000001362 2005
0.00013990100000071948 2006
0.0001399320000006199 2007
0.00013998000000015054 2008
0.0001399910000001725 2007
0.0001400100000008564 2008
0.00014004000000067407 2009
0.00014004800000044781 2008
0.00014005400000005608 2009
0.0001401680000006067 2008
0.0001402130000007773 2009
0.0001402860000006001 2010
0.00014028800000076558 2009
0.0001403450000001527 2008
0.00014038100000046683 2009
0.00014040200000042802 2008
0.00014040600000075898 2009
0.0001404840000001073 2010
0.00014051400000081316 2011
0.0001405220000005869 2010
0.00014055100000032184 2011
0.00014056500000059202 2012
0.0001405950000004097 2013
0.00014062500000022737 2014
0.00014064200000074578 2013
0.00014065500000004505 2014
0.0001407410000000553 2015
0.00014076200000001649 2014
0.00014077100000076115 2015
0.00014080100000057882 2016
0.0001408190000002918 2015
0.00014083500000072746 2016
0.00014086500000054514 2017
0.00014089800000061103 2018
0.00014093900000045068 2017
0.00014095499999999817 2018
0.00014098500000070402 2019
0.0001410150000005217 2020
0.00014104500000033937 2021
0.00014105900000060956 2020
0.00014107500000015705 2021
0.00014110499999997472 2022
0.00014117900000076844 2021
0.00014122100000069082 2022
0.0001412510000005085 2023
0.00014126500000077868 2024
0.00014129900000003914 2023
0.0001413150000004748 2024
0.0001413450000002925 2025
0.00014137500000011016 2026
0.00014141900000019803 2025
0.0001414610000001204 2026
0.0001415390000003569 2025
0.0001415810000002793 2026
0.00014160600000057144 2027
0.0001416590000005158 2026
0.00014170100000043817 2027
0.00014177900000067467 2026
0.00014182100000059705 2027
0.00014185100000041473 2028
0.0001418810000002324 2029
0.00014189900000083355 2028
0.00014194100000075593 2029
0.0001419660000001599 2030
0.00014201900000010426 2029
0.00014206100000002664 2030
0.00014210200000075446 2031
0.00014213900000026314 2030
0.00014214500000075958 2031
0.00014218100000018552 2032
0.0001422110000000032 2033
0.00014224100000070905 2034
0.00014225500000009106 2035
0.00014225900000042202 2034
0.0001422850000007969 2035
0.0001423150000006146 2036
0.00014234500000043226 2037
0.00014235900000070245 2038
0.0001423790000005809 2037
0.00014238900000052013 2038
0.00014242100000050328 2039
0.00014245100000032096 2040
0.00014249900000073978 2039
0.00014254100000066217 2040
0.00014255600000012691 2039
0.00014266100000082105 2040
0.0001426760000002858 2039
0.00014278100000009175 2040
0.00014279600000044468 2039
0.0001428110000007976 2040
0.0001428650000008247 2041
0.00014290100000025063 2042
0.00014291600000060356 2041
0.0001430020000006138 2042
0.00014303200000043148 2043
0.00014303600000076244 2042
0.0001430630000003319 2043
0.00014309300000014957 2044
0.00014312300000085543 2045
0.00014315600000003315 2044
0.00014322500000041316 2045
0.00014327600000019203 2044
0.00014339000000074265 2045
0.0001433960000003509 2044
0.00014340600000029013 2045
0.00014350100000015686 2046
0.0001435160000005098 2045
0.0001435470000004102 2046
0.0001435610000006804 2047
0.00014362100000031575 2048
0.00014363600000066867 2047
0.00014365100000013342 2048
0.00014375600000082756 2047
0.000143783000000397 2048
0.0001437970000006672 2049
0.00014381300000021469 2048
0.0001438280000005676 2049
0.00014393300000037357 2048
0.00014400600000019637 2049
0.00014405300000053245 2048
0.00014415300000081288 2049
0.0001441670000001949 2050
0.00014417300000069133 2049
0.00014425900000070158 2050
0.00014427300000008358 2051
0.0001442930000008502 2050
0.00014441300000012092 2049
0.0001444200000007001 2050
0.00014447700000008723 2051
0.00014450700000079308 2052
0.0001445330000002798 2051
0.00014453700000061076 2052
0.00014456700000042844 2053
0.00014460100000057707 2054
0.00014461500000084726 2055
0.00014465300000043868 2054
0.000144717000000405 2055
0.00014477300000059756 2054
0.00014489300000075644 2053
0.00014495000000014358 2052
0.00014496600000057924 2053
0.00014507000000030246 2052
0.00014507699999999346 2053
0.00014509100000026365 2054
0.00014514700000045622 2055
0.00014519000000046134 2054
0.00014520600000000883 2055
0.00014531000000062022 2054
0.00014533700000018968 2055
0.00014535100000045986 2056
0.00014536700000000735 2055
0.00014548700000016623 2054
0.00014554400000044154 2053
0.00014556600000048547 2054
0.00014559100000077763 2055
0.00014566400000060042 2054
0.00014567700000078787 2055
0.0001457840000007593 2054
0.00014579700000005857 2055
0.00014583500000053817 2056
0.00014590400000003 2055
0.00014593600000001317 2056
0.0001460240000001889 2055
0.00014614400000034777 2054
0.00014626400000050666 2053
0.00014632800000047297 2054
0.00014635800000029064 2055
0.00014638400000066554 2054
0.00014638800000010832 2055
0.00014640600000070947 2056
0.00014647200000084126 2057
0.00014650200000065894 2058
0.00014650400000082442 2057
0.00014662400000009512 2056
0.000146744000000254 2055
0.0001468640000004129 2054
0.00014690600000033527 2055
0.00014698400000057177 2054
0.00014707600000019028 2055
0.00014710400000073065 2054
0.00014719500000026642 2055
0.00014722400000000135 2054
0.00014734400000016024 2053
0.00014740100000043554 2052
0.00014748600000036305 2053
0.00014752100000059443 2052
0.00014763400000017413 2053
0.0001476410000007533 2052
0.000147761000000024 2051
0.0001478460000008397 2052
0.0001478810000001829 2051
0.00014789200000020486 2052
0.00014792200000002254 2053
0.0001479380000004582 2052
0.0001479520000007284 2053
0.00014805800000061708 2052
0.00014811500000000422 2051
0.0001482350000001631 2050
0.00014826600000006351 2051
0.00014835500000032198 2050
0.00014844600000074593 2051
0.00014847500000048086 2050
0.00014850000000077301 2051
0.00014853200000075617 2050
0.00014856600000001663 2051
0.00014865200000002687 2050
0.00014877200000018576 2049
0.00014889200000034464 2048
0.00014894000000076346 2049
0.00014899200000062507 2050
0.00014901200000050352 2049
0.00014910400000012203 2050
0.0001491320000006624 2049
0.00014925200000082128 2048
0.00014935300000029628 2049
0.000149372000000092 2048
0.0001494080000004061 2049
0.00014947600000070338 2050
0.00014949200000025087 2049
0.00014950600000052106 2050
0.00014954900000052618 2049
0.00014966900000068506 2048
0.00014976300000046905 2049
0.00014978900000084394 2048
0.00014990900000011464 2047
0.00015002900000027353 2046
0.00015005000000023472 2047
0.0001501490000004324 2046
0.00015026100000081755 2047
0.0001502690000005913 2046
0.00015038900000075017 2045
0.00015049700000080435 2046
0.00015050900000002088 2045
0.00015052700000062202 2046
0.00015054100000000403 2047
0.00015062900000017976 2046
0.00015074900000033864 2045
0.00015084100000084533 2046
0.00015086900000049752 2045
0.0001508830000007677 2046
0.00015092600000077283 2045
0.00015096100000011603 2046
0.0001510360000001043 2047
0.00015104600000004353 2046
0.0001510810000002749 2047
0.00015116600000020242 2046
0.0001512860000003613 2045
0.0001513779999999798 2046
0.00015140600000052018 2045
0.00015148000000042572 2046
0.0001515100000002434 2047
0.00015152600000067906 2046
0.00015159600000025364 2047
0.00015164600000083794 2046
0.00015166000000021995 2047
0.00015172000000074348 2048
0.00015176600000010865 2047
0.00015188600000026753 2046
0.0001519350000007691 2047
0.00015196500000058677 2048
0.0001520060000004264 2047
0.00015206300000070172 2046
0.00015207100000047546 2047
0.00015212000000008885 2046
0.00015217400000011594 2047
0.00015222500000078298 2048
0.00015224000000024773 2047
0.00015236000000040661 2046
0.000152395000000638 2047
0.00015241700000068192 2046
0.00015251500000079687 2047
0.0001525370000008408 2046
0.0001526570000001115 2045
0.00015271300000030408 2046
0.00015274300000012175 2047
0.0001527770000002704 2046
0.00015281200000050177 2047
0.00015289700000042927 2046
0.00015291700000030772 2047
0.0001529470000001254 2048
0.00015298900000004778 2049
0.00015301700000058815 2048
0.00015313700000074704 2047
0.00015325600000082318 2048
0.00015325700000001774 2047
0.00015337700000017662 2046
0.0001534690000006833 2047
0.0001534970000003355 2046
0.0001535890000008422 2047
0.00015361700000049439 2046
0.00015371600000069208 2047
0.00015373700000065327 2046
0.00015383600000085096 2047
0.00015385700000081215 2046
0.00015394900000043066 2047
0.00015397700000008285 2046
0.00015406900000058954 2047
0.00015409700000024174 2046
0.0001541250000007821 2047
0.00015421700000040062 2046
0.00015430900000001913 2047
0.0001543370000005595 2046
0.00015442800000009527 2047
0.00015444200000036545 2048
0.00015445700000071838 2047
0.00015448200000012235 2048
0.0001545490000003369 2049
0.00015457699999998908 2048
0.00015469700000014797 2047
0.00015481700000030685 2046
0.00015493700000046573 2045
0.00015497300000077985 2046
0.00015498700000016186 2047
0.0001550570000006246 2046
0.00015511600000017722 2047
0.0001551300000004474 2048
0.0001551770000007835 2047
0.00015529200000052867 2048
0.0001552970000000542 2047
0.00015532200000034635 2048
0.00015535200000016403 2049
0.00015541700000021308 2048
0.00015542900000031779 2049
0.00015553700000037196 2048
0.0001555590000004159 2049
0.00015565700000053084 2048
0.0001556750000002438 2049
0.00015571400000080615 2048
0.0001557170000001662 2049
0.00015574699999998387 2050
0.00015577700000068972 2051
0.00015583400000007686 2050
0.00015592700000066628 2051
0.00015595400000023574 2050
0.00015595700000048396 2051
0.00015607400000039462 2050
0.00015617800000011783 2051
0.0001561940000005535 2050
0.00015621700000068017 2051
0.00015631400000071238 2050
0.0001564339999999831 2049
0.00015646400000068894 2050
0.0001565480000005337 2051
0.00015655400000014197 2050
0.00015667400000030085 2049
0.00015679200000029425 2050
0.00015679400000045973 2049
0.00015686500000011705 2050
0.00015691400000061861 2049
0.00015698500000027593 2050
0.0001569960000002979 2051
0.0001570340000007775 2050
0.0001571540000000482 2049
0.00015723000000011922 2050
0.00015727400000020708 2049
0.00015739400000036596 2048
0.00015743400000012286 2049
0.00015747400000076794 2050
0.00015751400000052485 2049
0.00015759400000003865 2050
0.00015763400000068373 2049
0.0001577540000008426 2048
0.0001578740000001133 2049
0.0001578740000001133 2048
0.0001579540000005153 2049
0.0001579940000002722 2048
0.00015811400000043108 2047
0.00015812700000061852 2048
0.00015823100000034174 2049
0.00015823400000058996 2048
0.00015835400000074884 2047
0.00015835500000083158 2048
0.00015847400000001954 2047
0.00015855500000050426 2048
0.00015859400000017843 2047
0.00015861800000038784 2048
0.0001587140000003373 2047
0.0001588340000004962 2046
0.00015884200000026993 2047
0.00015895400000065507 2046
0.00015896700000084252 2047
0.00015907400000081395 2046
0.00015919400000008466 2045
0.0001592590000001337 2046
0.00015931400000024354 2045
0.00015943400000040242 2044
0.0001595540000005613 2043
0.0001596110000008366 2042
0.00015966800000022374 2041
0.00015973900000076924 2042
0.00015978800000038262 2041
0.0001599080000005415 2040
0.0001600280000007004 2039
0.00016010900000029693 2040
0.00016012300000056712 2041
0.0001601479999999711 2040
0.00016026800000012997 2039
0.00016038800000028886 2038
0.00016050800000044774 2037
0.00016062800000060662 2036
0.0001607480000007655 2035
0.00016082900000036204 2036
0.00016084300000063223 2037
0.0001608680000000362 2036
0.0001608820000003064 2037
0.00016094200000082992 2038
0.00016098800000019509 2037
0.00016110800000035397 2036
0.00016122800000051285 2035
0.00016123400000012111 2036
0.00016134800000067173 2035
0.00016146800000083061 2034
0.00016158800000010132 2033
0.0001617080000002602 2032
0.00016182800000041908 2031
0.0001619040000004901 2032
0.00016194800000057796 2031
0.00016206800000073684 2030
0.00016218800000000755 2029
0.00016226900000049227 2030
0.00016230800000016643 2029
0.00016231600000082835 2030
0.0001624280000003253 2029
0.0001625480000004842 2028
0.00016262200000038973 2029
0.00016266800000064308 2028
0.00016276200000042707 2029
0.00016278800000080196 2028
0.0001628620000007075 2029
0.00016290800000007266 2028
0.00016302800000023154 2027
0.0001630360000000053 2028
0.00016314800000039043 2027
0.0001632680000005493 2026
0.0001633880000007082 2025
0.0001635079999999789 2024
0.00016362800000013777 2023
0.00016374800000029666 2022
0.00016386800000045554 2021
0.00016394400000052656 2022
0.00016398800000061442 2021
0.00016405300000066347 2022
0.0001641080000007733 2021
0.000164228000000044 2020
0.0001643480000002029 2019
0.00016446800000036177 2018
0.00016458800000052065 2017
0.00016470800000067953 2016
0.00016482800000083841 2015
0.00016494800000010912 2014
0.000165068000000268 2013
0.00016518800000042688 2012
0.00016525800000000146 2013
0.00016530800000058576 2012
0.00016542800000074465 2011
0.00016544600000045762 2012
0.0001654600000007278 2013
0.00016554800000001535 2012
0.00016566800000017423 2011
0.0001657880000003331 2010
0.000165908000000492 2009
0.00016602800000065088 2008
0.00016604600000036385 2009
0.000166085000000038 2008
0.00016614200000031332 2007
0.0001662620000004722 2006
0.0001662860000006816 2007
0.00016633800000054322 2008
0.00016638200000063108 2007
0.00016650200000078996 2006
0.0001665190000004202 2007
0.00016662200000006067 2006
0.00016674200000021955 2005
0.00016676600000042896 2006
0.00016686200000037843 2005
0.0001669820000005373 2004
0.00016705800000060833 2005
0.000167088000000426 2006
0.0001671020000006962 2005
0.00016722200000085508 2004
0.00016734200000012578 2003
0.00016746200000028466 2002
0.00016758200000044354 2001
0.00016770200000060242 2000
0.0001678220000007613 1999
0.000167942000000032 1998
0.00016801800000010303 1999
0.0001680620000001909 1998
0.0001681380000002619 1999
0.00016818200000034977 1998
0.00016819300000037174 1999
0.0001682580000004208 2000
0.00016830200000050866 1999
0.00016842200000066754 1998
0.00016854200000082642 1997
0.00016866200000009712 1996
0.000168782000000256 1995
0.0001689020000004149 1994
0.00016902200000057377 1993
0.00016914200000073265 1992
0.00016926200000000335 1991
0.00016938200000016224 1990
0.00016950200000032112 1989
0.00016962200000048 1988
0.00016974200000063888 1987
0.00016975300000066085 1988
0.00016986200000079776 1987
0.00016998200000006847 1986
0.00017000000000066962 1987
0.00017010200000022735 1986
0.00017022200000038623 1985
0.0001702330000004082 1986
0.0001703420000005451 1985
0.000170462000000704 1984
0.0001705819999999747 1983
0.00017063900000025 1982
0.00017065800000004572 1983
0.0001707590000004089 1982
0.00017087900000056777 1981
0.00017089800000036348 1982
0.00017099900000072665 1981
0.00017111899999999736 1980
0.00017123900000015624 1979
0.00017135900000031512 1978
0.000171479000000474 1977
0.00017159900000063288 1976
0.00017161200000082033 1977
0.00017168000000022943 1978
0.00017171900000079177 1977
0.00017183900000006247 1976
0.00017195900000022135 1975
0.00017207900000038023 1974
0.00017209200000056768 1975
0.00017219900000053912 1974
0.000172319000000698 1973
0.00017233199999999727 1974
0.00017243900000085688 1973
0.00017245200000015615 1974
0.00017255900000012758 1973
0.00017267900000028646 1972
0.0001726920000004739 1973
0.00017276000000077119 1974
0.00017279900000044535 1973
0.00017291900000060423 1972
0.0001730390000007631 1971
0.00017315900000003381 1970
0.0001732790000001927 1969
0.00017339900000035158 1968
0.00017351900000051046 1967
0.00017363900000066934 1966
0.00017375900000082822 1965
0.00017387900000009893 1964
0.0001739990000002578 1963
0.0001741190000004167 1962
0.000174176000000692 1961
0.00017418400000046574 1962
0.00017423300000007913 1961
0.000174353000000238 1960
0.0001744730000003969 1959
0.00017459300000055578 1958
0.00017471300000071466 1957
0.00017483299999998536 1956
0.00017485200000066925 1957
0.00017495300000014424 1956
0.00017507300000030313 1955
0.000175193000000462 1954
0.0001753130000006209 1953
0.0001753320000004166 1954
0.00017543300000077977 1953
0.00017555300000005047 1952
0.00017567300000020936 1951
0.00017579300000036824 1950
0.00017591300000052712 1949
0.000176033000000686 1948
0.00017615300000084488 1947
0.0001762730000001156 1946
0.00017639300000027447 1945
0.00017651300000043335 1944
0.00017658900000050437 1945
0.00017663300000059223 1944
0.00017671400000018878 1945
0.00017675300000075111 1944
0.00017683400000034766 1945
0.00017687300000002182 1944
0.0001769930000001807 1943
0.00017711300000033958 1942
0.00017723300000049846 1941
0.00017735300000065735 1940
0.00017747300000081623 1939
0.00017753000000020336 1938
0.00017765000000036224 1937
0.00017777000000052112 1936
0.00017789000000068 1935
0.00017801000000083889 1934
0.0001781300000001096 1933
0.00017814900000079348 1934
0.00017825000000026847 1933
0.00017837000000042735 1932
0.0001784510000000239 1933
0.00017849000000058624 1932
0.00017850900000038195 1933
0.00017861000000074512 1932
0.00017865400000083298 1933
0.00017873000000001582 1932
0.0001788500000001747 1931
0.00017890700000045 1930
0.0001790270000006089 1929
0.00017914700000076778 1928
0.00017926700000003848 1927
0.0001793240000003138 1926
0.0001793430000001095 1927
0.00017940400000071577 1928
0.00017944400000047267 1927
0.00017956400000063155 1926
0.00017968400000079043 1925
0.00017980400000006114 1924
0.00017992400000022002 1923
0.0001800440000003789 1922
0.0001801010000006542 1921
0.0001802210000008131 1920
0.0001803410000000838 1919
0.00018036400000021047 1920
0.00018046100000024268 1919
0.00018058100000040156 1918
0.00018070100000056044 1917
0.00018080800000053188 1918
0.00018082100000071932 1917
0.00018094099999999003 1916
0.0001810610000001489 1915
0.00018114300000071637 1916
0.0001811810000003078 1915
0.00018128800000027923 1916
0.00018130100000046667 1915
0.00018132400000059334 1916
0.00018142100000062555 1915
0.00018154100000078444 1914
0.00018166100000005514 1913
0.00018178100000021402 1912
0.0001819010000003729 1911
0.00018191800000000313 1912
0.0001819580000006482 1911
0.0001820780000008071 1910
0.0001821980000000778 1909
0.00018231800000023668 1908
0.00018243800000039556 1907
0.00018255800000055444 1906
0.00018267800000071333 1905
0.00018279799999998403 1904
0.0001829180000001429 1903
0.0001830380000003018 1902
0.00018315800000046067 1901
0.00018327800000061956 1900
0.00018339800000077844 1899
0.00018351800000004914 1898
0.00018363800000020802 1897
0.0001837580000003669 1896
0.00018383800000076889 1897
0.0001838780000005258 1896
0.00018399800000068467 1895
0.00018411800000084355 1894
0.00018423800000011425 1893
0.00018435800000027314 1892
0.00018441500000054845 1891
0.00018447200000082375 1890
0.00018459200000009446 1889
0.00018471200000025334 1888
0.00018483200000041222 1887
0.0001849520000005711 1886
0.00018507200000072999 1885
0.0001851920000000007 1884
0.00018523600000008855 1885
0.00018531200000015957 1884
0.00018543200000031845 1883
0.00018545500000044512 1884
0.00018555200000047734 1883
0.00018567200000063622 1882
0.0001856950000007629 1883
0.0001857920000007951 1882
0.0001858150000000336 1883
0.0001859120000000658 1882
0.00018603200000022468 1881
0.00018615200000038357 1880
0.00018619600000047143 1881
0.00018627200000054245 1880
0.00018639200000070133 1879
0.00018651199999997203 1878
0.00018659900000006502 1879
0.00018663200000013092 1878
0.0001867520000002898 1877
0.00018687200000044868 1876
0.00018699200000060756 1875
0.00018711200000076644 1874
0.00018713600000008768 1875
0.00018715000000035786 1876
0.00018723200000003715 1875
0.00018724900000055555 1876
0.00018735200000019603 1875
0.0001874720000003549 1874
0.0001875920000005138 1873
0.00018771200000067267 1872
0.00018783200000083156 1871
0.0001879060000007371 1872
0.00018795200000010226 1871
0.00018800900000037757 1870
0.0001880260000000078 1871
0.00018812900000053645 1870
0.00018824900000069533 1869
0.00018836900000085421 1868
0.00018848900000012492 1867
0.0001886090000002838 1866
0.00018872900000044268 1865
0.00018884900000060156 1864
0.0001888660000002318 1865
0.00018896900000076045 1864
0.00018902600000014758 1863
0.00018914600000030646 1862
0.00018926600000046534 1861
0.00018938600000062422 1860
0.0001895060000007831 1859
0.00018952300000041333 1860
0.0001896260000000538 1859
0.0001897460000002127 1858
0.00018986600000037157 1857
0.0001898830000000018 1858
0.00018998600000053045 1857
0.00019010600000068933 1856
0.00019012300000031956 1857
0.00019022600000084822 1856
0.00019029700000050553 1857
0.00019034600000011892 1856
0.00019037000000032833 1857
0.0001904660000002778 1856
0.0001904830000007962 1857
0.00019058600000043668 1856
0.0001906030000000669 1857
0.00019070600000059557 1856
0.0001907230000002258 1857
0.00019082600000075445 1856
0.00019094600000002515 1855
0.00019106600000018403 1854
0.00019118600000034291 1853
0.00019120299999997314 1854
0.0001913060000005018 1853
0.00019142600000066068 1852
0.0001914430000002909 1853
0.0001915420000004886 1854
0.00019154600000081956 1853
0.0001915630000004498 1854
0.00019166600000009026 1853
0.00019168300000060867 1854
0.00019178600000024915 1853
0.00019190600000040803 1852
0.00019197100000045708 1853
0.0001920260000005669 1852
0.00019203700000058888 1853
0.0001921460000007258 1852
0.0001922659999999965 1851
0.00019238600000015538 1850
0.00019239700000017734 1851
0.00019250600000031426 1850
0.00019251700000033622 1851
0.00019262600000047314 1850
0.00019268300000074845 1849
0.000192757000000654 1850
0.00019280300000001915 1849
0.00019292300000017804 1848
0.00019304300000033692 1847
0.00019311700000024246 1848
0.0001931630000004958 1847
0.00019328300000065468 1846
0.00019335700000056022 1847
0.00019340300000081356 1846
0.0001934110000005873 1847
0.00019352300000008427 1846
0.00019364300000024315 1845
0.00019370000000051846 1844
0.0001937170000001487 1845
0.00019382000000067734 1844
0.00019383700000030757 1845
0.00019394000000083622 1844
0.00019406000000010692 1843
0.00019407700000062533 1844
0.0001941800000002658 1843
0.00019423700000054112 1842
0.00019431700000005492 1843
0.0001943570000007 1842
0.0001944769999999707 1841
0.00019459700000012958 1840
0.0001946540000004049 1839
0.00019473100000055865 1840
0.00019477400000056377 1839
0.00019479700000069045 1840
0.00019489400000072266 1839
0.00019501399999999336 1838
0.00019503700000012003 1839
0.00019507100000026867 1840
0.00019513400000015224 1839
0.00019525400000031112 1838
0.00019537400000047 1837
0.0001954539999999838 1838
0.0001954940000006289 1837
0.0001955740000001427 1838
0.00019561400000078777 1837
0.00019562800000016978 1838
0.00019569400000030157 1839
0.00019573400000005847 1838
0.00019585400000021735 1837
0.00019597400000037624 1836
0.00019605400000077822 1837
0.00019609400000053512 1836
0.00019617400000004892 1837
0.000196214000000694 1836
0.0001962940000002078 1837
0.00019633400000085288 1836
0.00019645400000012359 1835
0.00019657400000028247 1834
0.00019669400000044135 1833
0.00019671100000007158 1834
0.00019675100000071666 1833
0.00019687099999998736 1832
0.00019695100000038934 1833
0.00019699100000014624 1832
0.00019711100000030513 1831
0.00019716800000058043 1830
0.00019728800000073932 1829
0.0001973109999999778 1830
0.00019740800000001002 1829
0.0001975280000001689 1828
0.00019755100000029557 1829
0.00019764800000032778 1828
0.00019767100000045446 1829
0.00019776800000048667 1828
0.00019788800000064555 1827
0.00019800800000080443 1826
0.00019812800000007513 1825
0.0001981510000002018 1826
0.00019819900000062063 1827
0.00019824800000023401 1826
0.0001983680000003929 1825
0.00019839100000051957 1826
0.00019848800000055178 1825
0.0001985450000008271 1824
0.0001986650000000978 1823
0.00019875100000010804 1824
0.00019878500000025667 1823
0.00019890500000041555 1822
0.00019902500000057444 1821
0.00019908200000084975 1820
0.00019920200000012045 1819
0.00019932200000027933 1818
0.00019933600000054952 1819
0.0001994420000004382 1818
0.0001995620000005971 1817
0.00019968200000075598 1816
0.00019980200000002668 1815
0.00019987300000057218 1816
0.00019992200000018556 1815
0.00019995100000080868 1816
0.00020004200000034444 1815
0.0002001280000003547 1816
0.00020016200000050333 1815
0.00020024800000051357 1816
0.0002002820000006622 1815
0.0002004020000008211 1814
0.0002004730000004784 1815
0.00020050900000079253 1816
0.0002005220000000918 1815
0.00020060800000010204 1816
0.00020064200000025068 1815
0.00020076200000040956 1814
0.00020083300000006687 1815
0.00020088200000056844 1814
0.00020100200000072732 1813
0.00020112199999999802 1812
0.00020122900000085764 1813
0.0002012420000001569 1812
0.0002013620000003158 1811
0.00020146900000028722 1812
0.00020148200000047467 1811
0.00020160200000063355 1810
0.00020172200000079243 1809
0.00020184200000006314 1808
0.000201886000000151 1809
0.00020196200000022202 1808
0.00020202700000027107 1809
0.0002020820000003809 1808
0.00020214700000042995 1809
0.00020220200000053978 1808
0.00020221900000017 1809
0.00020232200000069867 1808
0.00020242300000017366 1809
0.00020244200000085755 1808
0.00020254300000033254 1809
0.00020256200000012825 1808
0.00020268200000028713 1807
0.00020269900000080554 1808
0.00020280200000044601 1807
0.00020281900000007624 1808
0.0002029220000006049 1807
0.0002030230000000799 1808
0.00020304200000076378 1807
0.00020314300000023877 1808
0.00020316200000003448 1807
0.00020328200000019336 1806
0.00020340200000035225 1805
0.00020345900000062755 1804
0.00020357900000078644 1803
0.00020368000000026143 1804
0.00020369900000005714 1803
0.0002038000000004203 1804
0.00020381900000021602 1803
0.0002039390000003749 1802
0.00020405900000053379 1801
0.00020406700000030753 1802
0.00020417900000069267 1801
0.0002042170000002841 1802
0.00020429900000085155 1801
0.00020433700000044297 1802
0.00020441900000012225 1801
0.00020453900000028113 1800
0.00020465900000044002 1799
0.0002047790000005989 1798
0.00020489900000075778 1797
0.0002049370000003492 1798
0.00020501900000002848 1797
0.0002050270000006904 1798
0.0002050760000003038 1797
0.00020517700000066696 1798
0.00020519600000046267 1797
0.0002052130000000929 1798
0.00020531600000062156 1797
0.00020541700000009655 1798
0.00020543600000078044 1797
0.00020555600000005114 1796
0.00020567600000021002 1795
0.0002057770000005732 1796
0.0002057960000003689 1795
0.00020589700000073208 1796
0.0002059160000005278 1795
0.00020603600000068667 1794
0.00020615600000084555 1793
0.00020625700000032055 1794
0.00020627600000011626 1793
0.00020639600000027514 1792
0.00020647700000075986 1793
0.00020651600000043402 1792
0.00020652700000045598 1793
0.0002066170000007972 1794
0.0002066360000005929 1793
0.00020669299999998003 1792
0.0002068130000001389 1791
0.00020685700000022678 1792
0.0002069330000002978 1791
0.00020705300000045668 1790
0.00020709700000054454 1791
0.00020717300000061556 1790
0.00020721700000070342 1791
0.0002072470000005211 1792
0.00020729300000077444 1791
0.00020741300000004514 1790
0.00020748700000083886 1791
0.00020753300000020403 1790
0.0002076530000003629 1789
0.0002077730000005218 1788
0.00020789300000068067 1787
0.00020793700000076853 1788
0.00020801300000083955 1787
0.00020805700000003924 1788
0.00020813300000011026 1787
0.00020825300000026914 1786
0.00020837300000042802 1785
0.0002084740000007912 1786
0.0002084930000005869 1785
0.00020861300000074579 1784
0.0002087330000000165 1783
0.0002088070000008102 1784
0.00020885300000017537 1783
0.00020897300000033425 1782
0.00020909300000049313 1781
0.00020921300000065202 1780
0.0002093330000008109 1779
0.0002094530000000816 1778
0.00020957300000024048 1777
0.00020969300000039937 1776
0.0002097670000003049 1777
0.00020981300000055825 1776
0.00020987000000083356 1775
0.00020999000000010426 1774
0.00021011000000026314 1773
0.00021023000000042202 1772
0.0002103500000005809 1771
0.000210404000000608 1772
0.0002104700000007398 1771
0.0002105900000000105 1770
0.0002106070000005289 1771
0.00021069100000037366 1772
0.00021071000000016937 1771
0.00021083000000032825 1770
0.00021095000000048714 1769
0.00021107000000064602 1768
0.00021115100000024256 1769
0.0002111900000008049 1768
0.00021126400000071044 1769
0.0002113100000000756 1768
0.00021143000000023449 1767
0.00021155000000039337 1766
0.0002116240000002989 1767
0.00021167000000055225 1766
0.00021170800000014367 1767
0.00021179000000071113 1766
0.00021186400000061667 1767
0.00021190999999998184 1766
0.00021198400000077555 1767
0.00021203000000014072 1766
0.0002121500000002996 1765
0.0002121880000007792 1766
0.00021222400000020514 1767
0.00021227000000045848 1766
0.0002123270000007338 1765
0.0002124470000000045 1764
0.0002125210000007982 1765
0.00021256700000016338 1764
0.00021264100000006891 1765
0.00021268700000032226 1764
0.00021280700000048114 1763
0.00021288800000007768 1764
0.00021290200000034787 1765
0.00021292700000064002 1764
0.00021300100000054556 1765
0.0002130470000007989 1764
0.00021310400000018603 1763
0.0002131480000002739 1764
0.00021322400000034492 1763
0.00021324099999997514 1764
0.0002133440000005038 1763
0.00021336100000013403 1764
0.00021346400000066268 1763
0.0002134810000002929 1764
0.00021358400000082156 1763
0.0002136010000004518 1764
0.00021370400000009226 1763
0.00021382400000025115 1762
0.00021384100000076955 1763
0.00021394400000041003 1762
0.0002140640000005689 1761
0.00021408800000077832 1762
0.0002141840000007278 1761
0.0002143039999999985 1760
0.00021434800000008636 1761
0.00021442400000015738 1760
0.0002144810000004327 1759
0.00021460100000059157 1758
0.00021472100000075045 1757
0.00021473800000038068 1758
0.00021484100000002115 1757
0.00021496100000018004 1756
0.00021497800000069844 1757
0.00021508100000033892 1756
0.00021509800000085733 1757
0.0002152010000004978 1756
0.00021521800000012803 1757
0.00021532100000065668 1756
0.0002153380000002869 1757
0.00021536500000074454 1758
0.00021544100000081556 1757
0.00021556100000008627 1756
0.00021558500000029568 1757
0.00021568100000024515 1756
0.00021569800000076356 1757
0.00021580100000040403 1756
0.0002159210000005629 1755
0.00021596500000065078 1756
0.0002160410000007218 1755
0.00021605800000035202 1756
0.00021609800000010893 1755
0.0002161780000005109 1756
0.0002162180000002678 1755
0.0002162980000006698 1756
0.0002163380000004267 1755
0.00021645800000058557 1754
0.00021653800000009937 1755
0.00021657800000074445 1754
0.00021663500000013158 1753
0.00021665800000025826 1754
0.00021675500000029047 1753
0.00021687500000044935 1752
0.00021689800000057602 1753
0.00021692500000014547 1754
0.00021699500000060823 1753
0.0002171150000007671 1752
0.0002171380000000056 1753
0.00021723500000003781 1752
0.0002173150000004398 1753
0.00021734200000000925 1754
0.0002173550000001967 1753
0.000217412000000472 1752
0.00021743500000059868 1753
0.0002175320000006309 1752
0.00021765200000078977 1751
0.00021767500000002826 1752
0.0002177090000001769 1751
0.00021782900000033578 1750
0.00021791500000034603 1751
0.00021794900000049466 1750
0.0002180350000005049 1751
0.00021806900000065355 1750
0.0002181550000006638 1751
0.00021818900000081243 1750
0.000218266000000078 1751
0.00021830900000008313 1750
0.000218429000000242 1749
0.00021851500000025226 1750
0.0002185490000004009 1749
0.00021863500000041114 1750
0.00021866900000055978 1749
0.00021875500000057002 1750
0.00021878900000071866 1749
0.00021890899999998936 1748
0.00021896600000026467 1747
0.0002189949999999996 1748
0.00021908600000042355 1747
0.0002191150000001585 1748
0.00021919900000000325 1749
0.00021920600000058243 1748
0.00021923500000031737 1749
0.00021932600000074132 1748
0.00021944600000001202 1747
0.00021947500000063513 1748
0.0002195660000001709 1747
0.0002196160000007552 1748
0.00021968600000032978 1747
0.0002197360000000259 1748
0.00021980600000048867 1747
0.0002198560000001848 1748
0.0002198920000004989 1749
0.00021992600000064755 1748
0.0002200120000006578 1749
0.00022004600000080643 1748
0.00022009600000050256 1749
0.00022016600000007713 1748
0.00022025200000008738 1749
0.00022028600000023602 1748
0.00022034300000051132 1747
0.0002204630000006702 1746
0.00022054900000068045 1747
0.0002205830000008291 1746
0.00022066900000083933 1747
0.0002207030000000998 1746
0.00022082300000025867 1745
0.00022094300000041756 1744
0.00022100000000069286 1743
0.0002210290000004278 1744
0.00022112000000085175 1743
0.00022114900000058668 1744
0.00022123300000043145 1745
0.00022124000000012245 1744
0.00022129700000039776 1743
0.00022138900000001627 1744
0.00022141700000055664 1743
0.00022150900000017515 1744
0.00022153700000071552 1743
0.00022165699999998623 1742
0.0002217700000004541 1743
0.0002217770000001451 1742
0.000221897000000304 1741
0.00022201700000046287 1740
0.00022213700000062175 1739
0.00022225700000078064 1738
0.00022237700000005134 1737
0.00022243400000032665 1736
0.00022255400000048553 1735
0.00022264600000010404 1736
0.0002226740000006444 1735
0.00022272400000034054 1736
0.0002227940000008033 1735
0.00022284400000049942 1736
0.0002228860000004218 1737
0.000222914000000074 1736
0.00022300600000058068 1737
0.00022303400000023288 1736
0.00022308400000081718 1737
0.00022315400000039176 1736
0.00022321100000066707 1735
0.00022324600000001027 1736
0.0002232680000000542 1735
0.00022336600000016915 1736
0.00022338800000021308 1735
0.00022350800000037196 1734
0.00022362800000053085 1733
0.00022368500000080616 1732
0.00022378300000003293 1733
0.00022380500000007686 1732
0.00022392500000023574 1731
0.0002239810000004283 1732
0.00022404500000039462 1731
0.0002241650000005535 1730
0.00022422100000074607 1731
0.0002242850000007124 1730
0.0002244049999999831 1729
0.00022444000000021447 1730
0.00022452500000014197 1729
0.00022456000000037335 1730
0.00022464500000030085 1729
0.00022476500000045974 1728
0.00022485700000007824 1729
0.00022488500000061862 1728
0.0002250050000007775 1727
0.0002251250000000482 1726
0.0002251820000003235 1725
0.00022525900000047727 1726
0.0002253020000004824 1725
0.00022542200000064128 1724
0.00022547800000083384 1725
0.00022554200000080016 1724
0.00022559800000010455 1725
0.00022566200000007086 1724
0.00022575400000057755 1725
0.00022578200000022974 1724
0.0002258380000004223 1725
0.00022587400000073643 1726
0.00022590200000038863 1725
0.00022595900000066393 1724
0.00022607900000082282 1723
0.00022619900000009352 1722
0.0002263190000002524 1721
0.00022643200000072028 1722
0.00022643900000041128 1721
0.0002264960000006866 1720
0.00022655199999999098 1721
0.00022655300000007372 1720
0.0002266730000002326 1719
0.0002267930000003915 1718
0.00022689100000050644 1719
0.00022691300000055037 1718
0.00022703300000070925 1717
0.00022715299999997995 1716
0.00022727300000013884 1715
0.0002273710000002538 1716
0.00022739300000029772 1715
0.00022749100000041267 1716
0.0002275130000004566 1715
0.00022763300000061548 1714
0.0002276900000000026 1713
0.00022774700000027792 1712
0.00022778800000011756 1713
0.0002278670000004368 1712
0.00022798700000059569 1711
0.00022810700000075457 1710
0.00022822700000002527 1709
0.00022834700000018415 1708
0.00022840300000037672 1709
0.00022840400000045946 1708
0.00022852400000061834 1707
0.00022856500000045799 1708
0.00022864400000077723 1707
0.00022876400000004793 1706
0.0002288840000002068 1705
0.0002290040000003657 1704
0.00022912400000052457 1703
0.00022922200000063953 1704
0.00022924400000068346 1703
0.00022936400000084234 1702
0.00022942100000022947 1701
0.00022954100000038835 1700
0.000229582000000228 1701
0.00022966100000054723 1700
0.00022978100000070611 1699
0.00022990099999997682 1698
0.0002300210000001357 1697
0.00023014100000029458 1696
0.00023026100000045346 1695
0.00023038100000061235 1694
0.00023050100000077123 1693
0.00023062100000004193 1692
0.00023071300000054862 1693
0.00023073000000017885 1694
0.0002307410000002008 1693
0.0002308610000003597 1692
0.00023098100000051858 1691
0.00023110100000067746 1690
0.0002311300000004124 1691
0.00023122100000083634 1690
0.00023125000000057128 1691
0.00023134100000010704 1690
0.00023146100000026593 1689
0.0002315810000004248 1688
0.00023163800000070012 1687
0.00023175799999997082 1686
0.0002318780000001297 1685
0.00023199800000028858 1684
0.0002320550000005639 1683
0.00023217500000072278 1682
0.00023229499999999348 1681
0.00023233000000022486 1682
0.00023240800000046136 1683
0.00023241500000015236 1682
0.00023253500000031124 1681
0.00023265500000047012 1680
0.000232775000000629 1679
0.0002328950000007879 1678
0.0002330150000000586 1677
0.00023310700000056528 1678
0.00023313500000021747 1677
0.00023319200000049278 1676
0.00023331200000065166 1675
0.00023340400000027017 1676
0.00023343200000081055 1675
0.00023355200000008125 1674
0.00023367200000024013 1673
0.00023379200000039901 1672
0.0002339120000005579 1671
0.00023399800000056814 1672
0.00023403200000071678 1671
0.00023415199999998748 1670
0.00023427200000014636 1669
0.00023432900000042167 1668
0.0002343580000001566 1669
0.00023444900000058055 1668
0.00023456900000073944 1667
0.00023468900000001014 1666
0.00023480900000016902 1665
0.00023486600000044433 1664
0.0002349860000006032 1663
0.00023504299999999034 1662
0.00023516300000014922 1661
0.00023519200000077234 1662
0.0002352830000003081 1661
0.000235403000000467 1660
0.00023543200000020192 1661
0.00023552300000062587 1660
0.000235580000000013 1659
0.0002356720000005197 1660
0.00023570000000017188 1659
0.00023582000000033077 1658
0.00023594000000048965 1657
0.00023596900000022458 1658
0.00023606000000064853 1657
0.00023608900000038346 1658
0.0002361800000008074 1657
0.00023630000000007811 1656
0.000236420000000237 1655
0.00023654000000039588 1654
0.00023666000000055476 1653
0.0002366890000002897 1654
0.00023678000000071364 1653
0.00023689999999998435 1652
0.00023702000000014323 1651
0.0002371400000003021 1650
0.00023719700000057742 1649
0.0002373170000007363 1648
0.00023734600000047124 1649
0.000237437000000007 1648
0.00023755700000016589 1647
0.00023767700000032477 1646
0.00023779700000048365 1645
0.00023782600000021858 1646
0.00023791700000064253 1645
0.0002380370000008014 1644
0.00023806600000053635 1645
0.00023815700000007212 1644
0.00023818600000069523 1645
0.000238277000000231 1644
0.0002383060000008541 1645
0.00023839700000038988 1644
0.00023851700000054876 1643
0.00023863700000070764 1642
0.00023875699999997835 1641
0.00023878600000060146 1642
0.00023887700000013723 1641
0.00023893400000041254 1640
0.00023905400000057142 1639
0.00023908300000030636 1640
0.0002391740000007303 1639
0.00023923100000011743 1638
0.00023932300000062412 1639
0.00023935100000027631 1638
0.0002394710000004352 1637
0.00023959100000059408 1636
0.00023962000000032901 1637
0.00023971100000075296 1636
0.0002397400000004879 1637
0.00023983100000002366 1636
0.00023986000000064678 1637
0.00023995100000018255 1636
0.00024007100000034143 1635
0.00024012800000061674 1634
0.00024024800000077562 1633
0.00024030500000016275 1632
0.00024034000000039413 1633
0.00024042500000032163 1632
0.0002405450000004805 1631
0.0002406650000006394 1630
0.00024078500000079828 1629
0.00024090500000006898 1628
0.00024099700000057567 1629
0.00024102500000022786 1628
0.00024114500000038674 1627
0.00024123700000000525 1628
0.00024126500000054563 1627
0.0002413850000007045 1626
0.00024147700000032302 1627
0.0002415049999999752 1626
0.0002416250000001341 1625
0.00024174500000029298 1624
0.00024186500000045186 1623
0.00024198500000061074 1622
0.00024201400000034567 1623
0.00024210500000076962 1622
0.00024213400000050456 1623
0.00024216200000015675 1622
0.00024228200000031563 1621
0.00024240200000047452 1620
0.0002425220000006334 1619
0.00024260800000064364 1620
0.00024264200000079228 1619
0.00024276200000006298 1618
0.00024288200000022186 1617
0.00024293900000049717 1616
0.00024302500000050742 1617
0.00024305900000065606 1616
0.00024317900000081494 1615
0.00024329900000008564 1614
0.00024341900000024452 1613
0.00024350500000025477 1614
0.0002435390000004034 1613
0.00024362500000041365 1614
0.0002436590000005623 1613
0.00024377900000072117 1612
0.00024389899999999187 1611
0.00024395600000026718 1610
0.00024407600000042606 1609
0.000244105000000161 1610
0.00024413300000070137 1609
0.0002442529999999721 1608
0.00024437300000013096 1607
0.00024449300000028984 1606
0.00024455000000056515 1605
0.00024467000000072403 1604
0.00024478999999999473 1603
0.0002449100000001536 1602
0.0002449670000004289 1601
0.0002450020000006603 1602
0.0002450870000005878 1601
0.0002452070000007467 1600
0.0002452640000001338 1599
0.00024536200000024877 1600
0.0002453840000002927 1599
0.0002455040000004516 1598
0.00024560200000056653 1599
0.00024562400000061047 1598
0.0002457220000007254 1599
0.00024574400000076935 1598
0.00024586400000004005 1597
0.00024598400000019893 1596
0.0002461040000003578 1595
0.0002461610000006331 1594
0.000246281000000792 1593
0.0002463790000000188 1594
0.0002464010000000627 1593
0.00024649900000017766 1594
0.0002465210000002216 1593
0.00024664100000038047 1592
0.00024676100000053935 1591
0.00024688100000069824 1590
0.00024693800000008537 1589
0.0002470360000002003 1590
0.00024705800000024425 1589
0.00024711500000051956 1588
0.00024723500000067844 1587
0.0002472760000005181 1588
0.0002473550000008373 1587
0.00024739600000067696 1588
0.000247475000000108 1587
0.0002475950000002669 1586
0.0002477150000004258 1585
0.0002477720000007011 1584
0.00024787700000050705 1585
0.0002478919999999718 1584
0.0002480120000001307 1583
0.00024813200000028957 1582
0.0002482300000004045 1583
0.00024825200000044845 1582
0.00024837200000060733 1581
0.0002484700000007223 1582
0.0002484920000007662 1581
0.0002486120000000369 1580
0.0002486690000003122 1579
0.0002487890000004711 1578
0.00024890900000063 1577
0.00024902900000078887 1576
0.00024914900000005957 1575
0.0002491900000007874 1576
0.00024926900000021845 1575
0.00024932600000049376 1574
0.00024944600000065265 1573
0.00024956600000081153 1572
0.00024968600000008223 1571
0.00024973400000050106 1572
0.00024974300000035754 1571
0.00024984700000008075 1572
0.0002498630000005164 1571
0.0002499830000006753 1570
0.0002501030000008342 1569
0.0002502230000001049 1568
0.00025034300000026377 1567
0.00025046300000042265 1566
0.0002505040000002623 1567
0.00025058300000058154 1566
0.00025064000000085684 1565
0.00025076000000012755 1564
0.00025088000000028643 1563
0.0002510000000004453 1562
0.0002511200000006042 1561
0.0002512240000003274 1562
0.0002512400000007631 1561
0.0002513600000000338 1560
0.00025148000000019266 1559
0.00025160000000035154 1558
0.00025165700000062685 1557
0.0002516980000004665 1558
0.00025177700000078573 1557
0.00025189700000005644 1556
0.0002520170000002153 1555
0.00025207400000049063 1554
0.0002521940000006495 1553
0.0002523140000008084 1552
0.00025241200000003516 1553
0.0002524340000000791 1552
0.00025253200000019405 1553
0.000252554000000238 1552
0.0002526110000005133 1551
0.00025273100000067217 1550
0.0002528290000007871 1551
0.00025285100000083105 1550
0.0002529080000002182 1549
0.00025302800000037706 1548
0.00025314800000053594 1547
0.0002531890000003756 1548
0.0002532680000006948 1547
0.00025330900000053447 1548
0.0002533880000008537 1547
0.0002535080000001244 1546
0.0002536280000002833 1545
0.0002537480000004422 1544
0.0002538050000007175 1543
0.0002539249999999882 1542
0.00025404500000014707 1541
0.00025416500000030595 1540
0.00025428500000046483 1539
0.00025434200000074014 1538
0.00025446200000001085 1537
0.0002545600000001258 1538
0.00025458200000016973 1537
0.0002547020000003286 1536
0.00025480000000044356 1537
0.0002548220000004875 1536
0.0002549420000006464 1535
0.0002550400000007613 1536
0.00025506200000080526 1535
0.00025518200000007596 1534
0.00025521700000030734 1535
0.00025530200000023484 1534
0.0002553370000004662 1535
0.0002554220000003937 1534
0.0002555420000005526 1533
0.0002556620000007115 1532
0.0002557819999999822 1531
0.00025590200000014107 1530
0.00025602200000029995 1529
0.00025611400000080664 1530
0.00025614200000045884 1529
0.0002562620000006177 1528
0.0002563820000007766 1527
0.00025643900000016373 1526
0.0002565590000003226 1525
0.000256594000000554 1526
0.0002566790000004815 1525
0.0002567990000006404 1524
0.0002568910000002589 1525
0.00025691900000079926 1524
0.0002569760000001864 1523
0.00025709600000034527 1522
0.00025718800000085196 1523
0.00025721600000050415 1522
0.00025733600000066303 1521
0.00025742800000028154 1522
0.0002574560000008219 1521
0.0002575480000004404 1522
0.0002575760000000926 1521
0.0002576960000002515 1520
0.0002578160000004104 1519
0.00025793600000056927 1518
0.00025805600000072815 1517
0.00025817599999999885 1516
0.00025820500000062196 1517
0.00025829600000015773 1516
0.00025832500000078085 1517
0.0002584160000003166 1516
0.0002585360000004755 1515
0.00025856500000021043 1516
0.0002586560000006344 1515
0.00025877600000079326 1514
0.00025889600000006396 1513
0.00025901600000022285 1512
0.00025913600000038173 1511
0.0002592560000005406 1510
0.0002593760000006995 1509
0.0002594959999999702 1508
0.0002596160000001291 1507
0.00025973600000028796 1506
0.00025975900000041463 1507
0.00025985600000044684 1506
0.0002599760000006057 1505
0.0002600960000007646 1504
0.0002602160000000353 1503
0.0002603360000001942 1502
0.0002603530000007126 1503
0.00026045600000035307 1502
0.00026057600000051195 1501
0.0002605930000001422 1502
0.00026069600000067084 1501
0.0002608160000008297 1500
0.00026083300000045995 1501
0.00026087300000021685 1500
0.00026095300000061883 1501
0.00026099300000037573 1500
0.00026105000000065104 1499
0.0002611700000008099 1498
0.0002612900000000806 1497
0.0002613700000004826 1498
0.0002614100000002395 1497
0.0002614900000006415 1498
0.0002615300000003984 1497
0.00026161000000080037 1498
0.00026165000000055727 1497
0.00026177000000071615 1496
0.00026188999999998686 1495
0.00026190700000050526 1496
0.00026201000000014574 1495
0.0002621300000003046 1494
0.0002622500000004635 1493
0.0002623070000007388 1492
0.0002624270000000095 1491
0.0002625470000001684 1490
0.0002626670000003273 1489
0.00026274700000072926 1490
0.00026278700000048616 1489
0.00026284400000076147 1488
0.00026296400000003217 1487
0.00026308400000019105 1486
0.00026320400000034994 1485
0.0002632270000004766 1486
0.0002633240000005088 1485
0.0002633810000007841 1484
0.00026343800000017126 1483
0.00026355800000033014 1482
0.000263678000000489 1481
0.0002637980000006479 1480
0.00026388400000065815 1481
0.0002639180000008068 1480
0.0002640380000000775 1479
0.00026412400000008773 1480
0.00026415800000023637 1479
0.00026427800000039525 1478
0.00026439800000055413 1477
0.000264518000000713 1476
0.0002646379999999837 1475
0.0002647580000001426 1474
0.0002648780000003015 1473
0.0002649350000005768 1472
0.0002650550000007357 1471
0.0002651750000000064 1470
0.0002652610000000166 1471
0.00026529500000016526 1470
0.00026541500000032414 1469
0.000265535000000483 1468
0.00026562100000049327 1469
0.0002656550000006419 1468
0.0002657750000008008 1467
0.0002658950000000715 1466
0.00026601500000023037 1465
0.0002661010000002406 1466
0.00026613500000038925 1465
0.00026625500000054814 1464
0.0002663410000005584 1465
0.000266375000000707 1464
0.0002664949999999777 1463
0.00026655200000025303 1462
0.0002666720000004119 1461
0.0002667920000005708 1460
0.0002669120000007297 1459
0.0002670320000000004 1458
0.0002670610000006235 1459
0.00026715200000015926 1458
0.0002671810000007824 1459
0.00026727200000031814 1458
0.000267392000000477 1457
0.0002675120000006359 1456
0.0002676320000007948 1455
0.0002677520000000655 1454
0.0002677810000006886 1455
0.0002678720000002244 1454
0.00026799200000038326 1453
0.0002680210000001182 1454
0.00026811200000054214 1453
0.000268232000000701 1452
0.0002683519999999717 1451
0.0002684720000001306 1450
0.0002685920000002895 1449
0.00026871200000044837 1448
0.00026873500000057504 1449
0.00026883200000060725 1448
0.00026895200000076613 1447
0.00026907200000003684 1446
0.0002691920000001957 1445
0.0002692150000003224 1446
0.0002693120000003546 1445
0.0002694320000005135 1444
0.00026945500000064015 1445
0.00026955200000067236 1444
0.00026957500000079904 1445
0.0002696090000000595 1444
0.0002697290000002184 1443
0.00026984900000037726 1442
0.00026987200000050393 1443
0.00026996900000053614 1442
0.0002699920000006628 1443
0.000270089000000695 1442
0.0002702090000008539 1441
0.00027026600000024104 1440
0.0002702890000003677 1441
0.0002703860000003999 1440
0.0002705060000005588 1439
0.00027052900000068547 1440
0.0002705630000008341 1439
0.0002706830000001048 1438
0.0002708030000002637 1437
0.000270860000000539 1436
0.0002709800000006979 1435
0.00027100300000082456 1436
0.00027110000000085677 1435
0.00027112300000009526 1436
0.00027122000000012747 1435
0.00027134000000028635 1434
0.00027146000000044523 1433
0.0002715800000006041 1432
0.0002716030000007308 1433
0.000271700000000763 1432
0.0002718200000000337 1431
0.0002719400000001926 1430
0.00027196300000031925 1431
0.00027206000000035147 1430
0.00027218000000051035 1429
0.000272203000000637 1430
0.00027230000000066923 1429
0.00027238000000018303 1430
0.0002724200000008281 1429
0.0002725400000000988 1428
0.0002726200000005008 1429
0.0002726600000002577 1428
0.0002727800000004166 1427
0.00027290000000057546 1426
0.00027298000000008926 1427
0.00027302000000073434 1426
0.00027314000000000505 1425
0.00027326000000016393 1424
0.0002733400000005659 1425
0.0002733800000003228 1424
0.0002735000000004817 1423
0.0002736200000006406 1422
0.00027374000000079945 1421
0.0002737970000001866 1420
0.00027391700000034547 1419
0.00027403700000050435 1418
0.00027415700000066323 1417
0.0002742770000008221 1416
0.00027433400000020924 1415
0.0002743570000003359 1416
0.0002744540000003681 1415
0.000274574000000527 1414
0.0002746940000006859 1413
0.00027471700000081256 1414
0.00027481400000084477 1413
0.0002749340000001155 1412
0.00027505400000027436 1411
0.00027507700000040103 1412
0.00027511100000054967 1411
0.00027523100000070855 1410
0.0002753170000007188 1411
0.00027535099999997925 1410
0.00027547100000013813 1409
0.00027552800000041344 1408
0.0002756480000005723 1407
0.00027570500000084763 1406
0.00027582500000011834 1405
0.0002759450000002772 1404
0.0002760650000004361 1403
0.0002761220000007114 1402
0.0002762419999999821 1401
0.0002762770000002135 1402
0.0002762990000002574 1401
0.0002764190000004163 1400
0.00027651700000053125 1401
0.0002765390000005752 1400
0.00027665900000073407 1399
0.00027677900000000477 1398
0.00027689900000016365 1397
0.00027701900000032254 1396
0.0002771390000004814 1395
0.0002771960000007567 1394
0.00027731600000002743 1393
0.0002774140000001424 1394
0.0002774360000001863 1393
0.0002775560000003452 1392
0.0002776760000005041 1391
0.00027779600000066296 1390
0.00027791600000082184 1389
0.00027803600000009254 1388
0.00027809300000036785 1387
0.00027821300000052673 1386
0.00027830500000014524 1387
0.0002783330000006856 1386
0.00027839000000007275 1385
0.0002784250000003041 1386
0.00027851000000023163 1385
0.0002786300000003905 1384
0.0002787500000005494 1383
0.0002788700000007083 1382
0.000278989999999979 1381
0.00027902500000021035 1382
0.00027911000000013786 1381
0.00027914500000036924 1382
0.00027923000000029674 1381
0.0002792650000005281 1382
0.0002793500000004556 1381
0.0002794700000006145 1380
0.0002795050000008459 1381
0.00027952700000000164 1380
0.0002796470000001605 1379
0.0002797670000003194 1378
0.0002798870000004783 1377
0.00028000700000063716 1376
0.00028012700000079604 1375
0.00028024700000006675 1374
0.00028030400000034206 1373
0.00028042400000050094 1372
0.00028048100000077625 1371
0.00028060100000004695 1370
0.00028072100000020583 1369
0.0002808410000003647 1368
0.0002809610000005236 1367
0.0002810810000006825 1366
0.00028120100000084136 1365
0.00028132100000011206 1364
0.00028144100000027095 1363
0.0002814820000001106 1364
0.00028149800000054626 1363
0.00028161800000070514 1362
0.00028167500000009227 1361
0.00028177900000070366 1362
0.00028179500000025115 1361
0.00028191500000041003 1360
0.0002820350000005689 1359
0.0002820920000008442 1358
0.0002822120000001149 1357
0.0002823320000002738 1356
0.0002824520000004327 1355
0.000282509000000708 1354
0.0002826289999999787 1353
0.0002827490000001376 1352
0.00028286900000029647 1351
0.0002829730000000197 1352
0.00028298900000045535 1351
0.00028310900000061423 1350
0.0002832290000007731 1349
0.0002833490000000438 1348
0.00028339000000077164 1349
0.0002834690000002027 1348
0.0002835890000003616 1347
0.00028370900000052046 1346
0.00028376600000079577 1345
0.0002838860000000665 1344
0.0002839430000003418 1343
0.00028406300000050067 1342
0.00028418300000065955 1341
0.00028430300000081843 1340
0.00028442300000008913 1339
0.00028446400000081695 1340
0.000284543000000248 1339
0.0002846630000004069 1338
0.0002847830000005658 1337
0.00028488100000068073 1338
0.00028490300000072466 1337
0.00028502299999999536 1336
0.0002851210000001103 1337
0.00028514300000015425 1336
0.00028520000000042955 1335
0.00028532000000058844 1334
0.0002853610000004281 1335
0.0002854400000007473 1334
0.0002855379999999741 1335
0.000285560000000018 1334
0.00028561700000029333 1333
0.0002857370000004522 1332
0.0002858570000006111 1331
0.00028595500000072605 1332
0.00028597700000077 1331
0.0002860970000000407 1330
0.00028621700000019956 1329
0.00028633700000035844 1328
0.0002864570000005173 1327
0.0002865550000006323 1328
0.0002865770000006762 1327
0.0002866970000008351 1326
0.00028679500000006186 1327
0.0002868170000001058 1326
0.0002868740000003811 1325
0.00028699400000054 1324
0.00028711400000069887 1323
0.00028723400000085775 1322
0.00028735400000012845 1321
0.0002874520000002434 1322
0.00028747400000028733 1321
0.0002875940000004462 1320
0.0002876510000007215 1319
0.00028777099999999223 1318
0.0002878910000001511 1317
0.00028801100000031 1316
0.00028804600000054137 1317
0.0002881310000004689 1316
0.00028825100000062776 1315
0.00028828599999997095 1316
0.0002883080000000149 1315
0.00028842800000017377 1314
0.00028854800000033265 1313
0.0002886460000004476 1314
0.00028866800000049153 1313
0.0002887660000006065 1314
0.0002887880000006504 1313
0.0002889080000008093 1312
0.00028902800000008 1311
0.0002891200000005867 1312
0.0002891480000002389 1311
0.00028926800000039776 1310
0.00028938800000055664 1309
0.0002895080000007155 1308
0.00028953700000045046 1309
0.00028962799999998623 1308
0.00028965700000060934 1309
0.0002897480000001451 1308
0.0002898050000004204 1307
0.0002899250000005793 1306
0.0002900450000007382 1305
0.0002901650000000089 1304
0.000290194000000632 1305
0.0002902220000002842 1304
0.0002903140000007909 1305
0.0002903420000004431 1304
0.00029046200000060196 1303
0.00029055400000022047 1304
0.00029058200000076084 1303
0.00029070200000003155 1302
0.00029082200000019043 1301
0.0002909140000006971 1302
0.0002909420000003493 1301
0.0002910620000005082 1300
0.0002911190000007835 1299
0.0002912390000000542 1298
0.0002913590000002131 1297
0.0002913880000008362 1298
0.00029147900000037197 1297
0.00029159900000053085 1296
0.00029171900000068973 1295
0.00029174800000042467 1296
0.0002918390000008486 1295
0.00029186800000058355 1296
0.0002919590000001193 1295
0.00029198800000074243 1296
0.0002920790000002782 1295
0.0002921990000004371 1294
0.0002922560000007124 1293
0.0002923480000003309 1294
0.0002923759999999831 1293
0.000292496000000142 1292
0.00029261600000030086 1291
0.00029267300000057617 1290
0.00029279300000073505 1289
0.00029291300000000575 1288
0.00029303300000016463 1287
0.00029309000000043994 1286
0.00029318200000005845 1287
0.0002932100000005988 1286
0.0002933300000007577 1285
0.0002934220000003762 1286
0.0002934500000000284 1285
0.0002935070000003037 1284
0.0002936270000004626 1283
0.0002937470000006215 1282
0.00029378200000085286 1283
0.00029386700000078037 1282
0.00029398700000005107 1281
0.00029410700000020995 1280
0.00029422700000036883 1279
0.0002943470000005277 1278
0.0002944390000001462 1279
0.0002944670000006866 1278
0.0002945590000003051 1279
0.0002945870000008455 1278
0.0002947070000001162 1277
0.00029482700000027506 1276
0.00029494700000043395 1275
0.00029506700000059283 1274
0.00029509600000032776 1275
0.0002951870000007517 1274
0.0002953070000000224 1273
0.0002954270000001813 1272
0.0002954560000008044 1273
0.0002955470000003402 1272
0.00029566700000049906 1271
0.00029572400000077437 1270
0.0002957530000005093 1271
0.00029584400000004507 1270
0.0002958730000006682 1271
0.00029596400000020395 1270
0.00029608400000036283 1269
0.0002962040000005217 1268
0.0002963240000006806 1267
0.0002964440000008395 1266
0.0002964730000005744 1267
0.0002965640000001102 1266
0.0002965930000007333 1267
0.00029668400000026907 1266
0.00029680400000042795 1265
0.0002968330000001629 1266
0.00029692400000058683 1265
0.0002970440000007457 1264
0.0002971640000000164 1263
0.0002972840000001753 1262
0.00029737000000018554 1263
0.0002974040000003342 1262
0.00029752400000049306 1261
0.00029764400000065194 1260
0.0002977640000008108 1259
0.0002977870000000493 1260
0.00029788400000008153 1259
0.0002979070000002082 1260
0.0002980040000002404 1259
0.0002981240000003993 1258
0.0002982440000005582 1257
0.00029826700000068485 1258
0.00029836400000071706 1257
0.00029838700000084373 1258
0.00029848399999998776 1257
0.00029856400000038974 1258
0.00029860400000014664 1257
0.0002987240000003055 1256
0.0002988440000004644 1255
0.0002989640000006233 1254
0.0002990440000001371 1255
0.00029908400000078217 1254
0.00029920400000005287 1253
0.00029932400000021175 1252
0.00029944400000037064 1251
0.0002995240000007726 1252
0.0002995640000005295 1251
0.0002996210000008048 1250
0.00029974100000007553 1249
0.0002998210000004775 1250
0.0002998610000002344 1249
0.0002999810000003933 1248
0.0003001010000005522 1247
0.00030022100000071106 1246
0.0003002780000000982 1245
0.00030039800000025707 1244
0.0003004550000005324 1243
0.00030057500000069126 1242
0.00030065500000020506 1243
0.00030069500000085014 1242
0.0003007520000002373 1241
0.00030087200000039616 1240
0.00030099200000055504 1239
0.00030107200000006884 1240
0.0003011120000007139 1239
0.0003011920000002277 1240
0.0003012319999999846 1239
0.0003013520000001435 1238
0.0003014320000005455 1239
0.0003014720000003024 1238
0.00030159200000046127 1237
0.00030171200000062015 1236
0.00030179200000013395 1237
0.00030183200000077903 1236
0.00030191200000029284 1237
0.00030195200000004974 1236
0.0003020720000002086 1235
0.0003021920000003675 1234
0.0003023120000005264 1233
0.0003023920000000402 1234
0.00030243200000068526 1233
0.00030255200000084415 1232
0.00030267200000011485 1231
0.00030275200000051683 1232
0.00030279200000027373 1231
0.0003029120000004326 1230
0.0003030320000005915 1229
0.0003031520000007504 1228
0.0003032720000000211 1227
0.00030339200000017996 1226
0.00030344900000045527 1225
0.00030352900000085725 1226
0.00030356900000061415 1225
0.00030368900000077304 1224
0.00030374600000016017 1223
0.00030386600000031905 1222
0.00030398600000047793 1221
0.0003041060000006368 1220
0.0003042260000007957 1219
0.0003043460000000664 1218
0.00030436900000019307 1219
0.0003044660000002253 1218
0.0003045230000005006 1217
0.00030460900000051083 1218
0.00030464300000065947 1217
0.0003047290000006697 1218
0.00030476300000081835 1217
0.00030488300000008905 1216
0.00030500300000024794 1215
0.0003051230000004068 1214
0.00030518000000068213 1213
0.000305300000000841 1212
0.0003054200000001117 1211
0.0003055400000002706 1210
0.0003056600000004295 1209
0.00030578000000058836 1208
0.00030590000000074724 1207
0.0003059290000004822 1208
0.00030602000000001794 1207
0.0003061400000001768 1206
0.00030616900000079994 1207
0.00030619700000045214 1206
0.000306317000000611 1205
0.0003064370000007699 1204
0.0003065290000003884 1205
0.0003065570000000406 1204
0.0003066770000001995 1203
0.00030676900000070617 1204
0.00030679700000035837 1203
0.00030691700000051725 1202
0.00030703700000067613 1201
0.000307157000000835 1200
0.00030721400000022214 1199
0.000307334000000381 1198
0.00030742599999999953 1199
0.0003074540000005399 1198
0.0003075740000006988 1197
0.0003076310000000859 1196
0.0003077510000002448 1195
0.0003078710000004037 1194
0.00030799100000056256 1193
0.00030811100000072145 1192
0.0003081970000007317 1193
0.00030823099999999215 1192
0.0003083170000000024 1193
0.00030835100000015103 1192
0.0003084710000003099 1191
0.0003085910000004688 1190
0.0003087110000006277 1189
0.0003087970000006379 1190
0.00030883100000078656 1189
0.0003089170000007968 1190
0.00030895100000005726 1189
0.0003090370000000675 1190
0.00030907100000021615 1189
0.000309191000000375 1188
0.00030927700000038527 1189
0.0003093110000005339 1188
0.00030939700000054415 1189
0.0003094310000006928 1188
0.00030951700000070304 1189
0.00030955100000085167 1188
0.0003096710000001224 1187
0.00030979100000028126 1186
0.00030991100000044014 1185
0.00030996800000071545 1184
0.00031008799999998615 1183
0.00031020800000014503 1182
0.00031023700000076815 1183
0.0003103280000003039 1182
0.0003104480000004628 1181
0.0003105680000006217 1180
0.0003105970000003566 1181
0.00031068800000078056 1180
0.00031080800000005127 1179
0.00031092800000021015 1178
0.00031104800000036903 1177
0.0003111680000005279 1176
0.0003112880000006868 1175
0.0003114080000008457 1174
0.0003115280000001164 1173
0.00031155100000024305 1174
0.00031164800000027526 1173
0.00031176800000043414 1172
0.0003117910000005608 1173
0.000311888000000593 1172
0.0003119680000001068 1173
0.0003120080000007519 1172
0.0003121280000000226 1171
0.0003122080000004246 1172
0.0003122480000001815 1171
0.0003123680000003404 1170
0.00031244800000074235 1171
0.00031248800000049926 1170
0.00031260800000065814 1169
0.000312728000000817 1168
0.0003128480000000877 1167
0.00031290500000036303 1166
0.000312985000000765 1167
0.0003130250000005219 1166
0.0003130820000007972 1165
0.0003132020000000679 1164
0.0003133220000002268 1163
0.0003134420000003857 1162
0.00031356200000054457 1161
0.00031368200000070345 1160
0.00031380199999997416 1159
0.00031392200000013304 1158
0.0003140420000002919 1157
0.0003141620000004508 1156
0.0003142420000008528 1157
0.0003142820000006097 1156
0.00031432600000069755 1157
0.0003143389999999968 1156
0.0003144590000001557 1155
0.0003145790000003146 1154
0.00031465900000071656 1155
0.00031469900000047346 1154
0.00031477899999998726 1155
0.00031481900000063234 1154
0.0003149390000007912 1153
0.00031505900000006193 1152
0.0003151790000002208 1151
0.0003152990000003797 1150
0.0003153160000000099 1151
0.0003154190000005386 1150
0.00031553900000069746 1149
0.00031565900000085634 1148
0.00031567600000048657 1149
0.00031577900000012704 1148
0.0003158990000002859 1147
0.00031591600000080433 1148
0.0003160190000004448 1147
0.00031603600000007503 1148
0.0003160760000007201 1147
0.0003161560000002339 1148
0.0003161959999999908 1147
0.0003162530000002661 1146
0.000316373000000425 1145
0.0003164930000005839 1144
0.00031661300000074277 1143
0.0003167330000000135 1142
0.00031685300000017236 1141
0.00031697300000033124 1140
0.0003170930000004901 1139
0.0003171160000006168 1140
0.000317213000000649 1139
0.0003173330000008079 1138
0.0003174130000003217 1139
0.0003174530000000786 1138
0.00031757300000023747 1137
0.0003176300000005128 1136
0.00031775000000067166 1135
0.00031787000000083054 1134
0.00031799000000010125 1133
0.0003180130000002279 1134
0.00031811000000026013 1133
0.000318230000000419 1132
0.0003183500000005779 1131
0.0003184700000007368 1130
0.0003185900000000075 1129
0.00031871000000016636 1128
0.00031873300000029303 1129
0.00031883000000032524 1128
0.0003188530000004519 1129
0.0003189500000004841 1128
0.000319070000000643 1127
0.0003191900000008019 1126
0.0003193100000000726 1125
0.0003194300000002315 1124
0.00031955000000039036 1123
0.000319573000000517 1124
0.00031967000000054924 1123
0.0003196930000006759 1124
0.0003197900000007081 1123
0.00031984700000009525 1122
0.00031996700000025413 1121
0.0003200530000002644 1122
0.000320087000000413 1121
0.0003202070000005719 1120
0.0003203270000007308 1119
0.0003204470000000015 1118
0.00032056700000016036 1117
0.00032068700000031924 1116
0.0003207670000007212 1117
0.0003208070000004781 1116
0.00032086400000075344 1115
0.00032098400000002414 1114
0.0003210070000001508 1115
0.000321104000000183 1114
0.00032116100000045833 1113
0.0003212810000006172 1112
0.0003214010000007761 1111
0.0003215210000000468 1110
0.0003216410000002057 1109
0.00032176100000036456 1108
0.00032178400000049123 1109
0.00032188100000052344 1108
0.0003220010000006823 1107
0.0003221210000008412 1106
0.0003221440000000797 1107
0.0003222410000001119 1106
0.0003222640000002386 1107
0.0003223610000002708 1106
0.0003224180000005461 1105
0.00032250400000055635 1106
0.000322538000000705 1105
0.0003226579999999757 1104
0.00032274399999998593 1105
0.00032277800000013457 1104
0.00032289800000029345 1103
0.00032301800000045233 1102
0.0003231040000004626 1103
0.0003231380000006112 1102
0.0003232580000007701 1101
0.0003233150000001572 1100
0.0003234350000003161 1099
0.0003234920000005914 1098
0.0003236120000007503 1097
0.00032369800000076054 1098
0.000323732000000021 1097
0.0003238520000001799 1096
0.0003239090000004552 1095
0.0003240290000006141 1094
0.000324058000000349 1095
0.00032414900000077296 1094
0.0003242060000001601 1093
0.0003242980000006668 1094
0.00032432600000031897 1093
0.00032444600000047785 1092
0.00032453800000009636 1093
0.00032456600000063673 1092
0.0003246860000007956 1091
0.0003248060000000663 1090
0.0003249260000002252 1089
0.0003250460000003841 1088
0.00032516600000054297 1087
0.00032528600000070185 1086
0.000325343000000089 1085
0.00032543500000059566 1086
0.00032546300000024786 1085
0.00032555500000075455 1086
0.00032558300000040674 1085
0.00032564000000068205 1084
0.00032576000000084093 1083
0.00032579500000018413 1084
0.00032588000000011164 1083
0.000325915000000343 1084
0.00032593700000038694 1083
0.0003260570000005458 1082
0.0003261770000007047 1081
0.00032627500000081966 1082
0.0003262969999999754 1081
0.0003264170000001343 1080
0.0003265370000002932 1079
0.00032665700000045206 1078
0.000326755000000567 1079
0.00032677700000061094 1078
0.0003268750000007259 1079
0.0003268970000007698 1078
0.0003269949999999966 1079
0.0003270170000000405 1078
0.0003271370000001994 1077
0.0003272570000003583 1076
0.00032737700000051717 1075
0.00032749700000067605 1074
0.00032753200000001925 1075
0.00032761700000083493 1074
0.00032773700000010564 1073
0.000327779000000028 1074
0.0003278570000002645 1073
0.0003279770000004234 1072
0.0003280120000006548 1073
0.0003280970000005823 1072
0.00032821700000074117 1071
0.00032833700000001187 1070
0.00032845700000017075 1069
0.00032857700000032963 1068
0.00032860600000006457 1069
0.0003286970000004885 1068
0.0003288170000006474 1067
0.00032884600000038233 1068
0.0003289370000008063 1067
0.0003289660000005412 1068
0.000329057000000077 1067
0.00032917700000023586 1066
0.0003292340000005112 1065
0.0003293260000001297 1066
0.00032935400000067006 1065
0.0003294110000000572 1064
0.00032953100000021607 1063
0.00032956600000044745 1064
0.00032965100000037495 1063
0.00032977100000053383 1062
0.0003298910000006927 1061
0.0003299830000003112 1062
0.0003300110000008516 1061
0.0003301310000001223 1060
0.000330223000000629 1061
0.0003302510000002812 1060
0.00033034300000078787 1061
0.00033037100000044006 1060
0.00033049100000059894 1059
0.0003306110000007578 1058
0.00033073100000002853 1057
0.0003308510000001874 1056
0.0003309710000003463 1055
0.00033105700000035654 1056
0.0003310910000005052 1055
0.0003311770000005154 1056
0.00033121100000066406 1055
0.00033133100000082294 1054
0.00033145100000009364 1053
0.0003314740000002203 1054
0.0003315710000002525 1053
0.0003316910000004114 1052
0.0003318110000005703 1051
0.00033193100000072917 1050
0.0003320509999999999 1049
0.00033217100000015876 1048
0.00033229100000031764 1047
0.0003324110000004765 1046
0.0003325310000006354 1045
0.0003326510000007943 1044
0.0003327080000001814 1043
0.0003327880000005834 1044
0.0003328280000003403 1043
0.0003329480000004992 1042
0.0003330050000007745 1041
0.0003330850000002883 1042
0.0003331250000000452 1041
0.00033324500000020407 1040
0.00033336500000036295 1039
0.00033348500000052184 1038
0.00033350200000015207 1039
0.00033354200000079715 1038
0.00033366200000006785 1037
0.00033374200000046983 1038
0.00033378200000022673 1037
0.0003339020000003856 1036
0.0003340220000005445 1035
0.0003341020000000583 1036
0.0003341420000007034 1035
0.0003342619999999741 1034
0.00033438200000013296 1033
0.00033450200000029184 1032
0.0003346220000004507 1031
0.0003347420000006096 1030
0.0003348620000007685 1029
0.0003349820000000392 1028
0.0003351020000001981 1027
0.00033518200000060006 1028
0.00033522200000035696 1027
0.00033534200000051584 1026
0.0003354620000006747 1025
0.0003355820000008336 1024
0.0003356620000003474 1025
0.0003357020000001043 1024
0.0003357590000003796 1023
0.0003357820000005063 1024
0.0003358790000005385 1023
0.0003359360000008138 1022
0.00033602200000082405 1023
0.0003360560000000845 1022
0.0003361760000002434 1021
0.0003362960000004023 1020
0.00033641600000056116 1019
0.00033653600000072004 1018
0.00033665599999999074 1017
0.0003367760000001496 1016
0.0003368560000005516 1017
0.0003368960000003085 1016
0.0003370160000004674 1015
0.0003370959999999812 1016
0.00033713600000062627 1015
0.0003371930000000134 1014
0.00033721600000014007 1015
0.0003373130000001723 1014
0.00033743300000033116 1013
0.00033755300000049004 1012
0.0003375760000006167 1013
0.0003376730000006489 1012
0.0003377930000008078 1011
0.0003379130000000785 1010
0.0003379360000002052 1011
0.0003380330000002374 1010
0.0003381530000003963 1009
0.00033817600000052295 1010
0.00033827300000055516 1009
0.00033839300000071404 1008
0.0003384160000008407 1009
0.00033845000000010117 1008
0.00033857000000026005 1007
0.0003386560000002703 1008
0.00033869000000041893 1007
0.0003388100000005778 1006
0.0003388670000008531 1005
0.00033892400000024026 1004
0.00033901600000074694 1005
0.00033904400000039914 1004
0.00033910100000067445 1003
0.00033922100000083333 1002
0.00033927800000022046 1001
0.00033939800000037934 1000
0.0003395180000005382 999
0.0003396380000006971 998
0.00033973600000081206 999
0.000339758000000856 998
0.0003398780000001267 997
0.00033999800000028557 996
0.00034011800000044445 995
0.00034017500000071976 994
0.00034029499999999047 993
0.0003403520000002658 992
0.00034047200000042466 991
0.00034059200000058354 990
0.0003407120000007424 989
0.00034081000000085737 990
0.0003408320000000131 989
0.000340952000000172 988
0.0003410090000004473 987
0.0003411290000006062 986
0.0003412490000007651 985
0.0003413690000000358 984
0.00034148900000019466 983
0.0003415870000003096 984
0.00034160900000035355 983
0.00034172900000051243 982
0.0003418490000006713 981
0.0003419690000008302 980
0.0003420890000001009 979
0.0003422090000002598 978
0.0003422660000005351 977
0.00034238600000069397 976
0.00034250600000085285 975
0.0003425470000006925 976
0.00034262600000012355 975
0.00034274600000028244 974
0.0003428660000004413 973
0.0003429860000006002 972
0.00034304299999998733 971
0.0003431630000001462 970
0.0003432830000003051 969
0.00034338100000042004 970
0.000343403000000464 969
0.00034352300000062286 968
0.0003436210000007378 969
0.00034364300000078174 968
0.00034370000000016887 967
0.00034382000000032775 966
0.0003438610000001674 967
0.00034387700000060306 966
0.0003439810000003263 967
0.00034399700000076194 966
0.00034411700000003265 965
0.00034423700000019153 964
0.0003443410000008029 965
0.0003443570000003504 964
0.0003444140000006257 963
0.0003445340000007846 962
0.0003446380000005078 963
0.0003446540000000553 962
0.0003447740000002142 961
0.00034489400000037307 960
0.00034501400000053195 959
0.00034507100000080726 958
0.0003451280000001944 957
0.00034524800000035327 956
0.00034536800000051215 955
0.0003454780000007318 956
0.00034548800000067104 955
0.0003456080000008299 954
0.00034566500000021705 953
0.00034572200000049236 952
0.00034584200000065124 951
0.0003458950000005956 952
0.0003459620000008101 951
0.0003460820000000808 950
0.00034613900000035613 949
0.000346259000000515 948
0.0003463790000006739 947
0.0003464990000008328 946
0.0003466190000001035 945
0.0003467230000007149 946
0.00034673900000026237 945
0.00034685900000042125 944
0.00034697900000058013 943
0.00034708300000030334 944
0.000347099000000739 943
0.0003472030000004622 944
0.0003472190000000097 943
0.0003473390000001686 942
0.0003474590000003275 941
0.00034757900000048636 940
0.00034769900000064524 939
0.0003478190000008041 938
0.00034793900000007483 937
0.0003480370000001898 938
0.0003480590000002337 937
0.000348116000000509 936
0.00034815700000034866 937
0.00034817300000078433 936
0.00034829300000005503 935
0.00034835000000033034 934
0.0003484700000004892 933
0.0003485900000006481 932
0.000348710000000807 931
0.0003487670000001941 930
0.000348887000000353 929
0.0003489340000006891 930
0.0003490070000005119 929
0.00034905400000084796 930
0.00034912700000067076 929
0.00034924700000082964 928
0.00034936700000010035 927
0.00034942400000037566 926
0.00034954400000053454 925
0.00034960100000080985 924
0.000349658000000197 923
0.0003497110000001413 924
0.0003497150000004723 923
0.00034983500000063117 922
0.0003498920000000183 921
0.0003500120000001772 920
0.00035013200000033606 919
0.00035025200000049495 918
0.0003503720000006538 917
0.0003504920000008127 916
0.0003506120000000834 915
0.0003507280000007995 916
0.0003507320000002423 915
0.0003508520000004012 914
0.00035097200000056006 913
0.00035109200000071894 912
0.00035121199999998964 911
0.0003513220000002093 912
0.0003513320000001485 911
0.0003514420000003682 912
0.0003514520000003074 911
0.0003515090000005827 910
0.0003516290000007416 909
0.0003517490000000123 908
0.0003518690000001712 907
0.00035198900000033007 906
0.0003520990000005497 907
0.00035210900000048895 906
0.00035222900000064783 905
0.0003523490000008067 904
0.0003524690000000774 903
0.0003525730000006888 904
0.0003525890000002363 903
0.0003526930000008477 904
0.0003527090000003952 903
0.00035282900000055406 902
0.00035294900000071294 901
0.0003530060000001001 900
0.00035312600000025895 899
0.00035318300000053426 898
0.0003532400000008096 897
0.0003533600000000803 896
0.00035348000000023916 895
0.00035358400000085055 896
0.00035360000000039804 895
0.00035365700000067335 894
0.0003537140000000605 893
0.00035382400000028014 894
0.00035383400000021936 893
0.000353944000000439 894
0.00035395400000037824 893
0.0003540740000005371 892
0.00035413100000081243 891
0.0003541840000007568 892
0.00035425100000008314 891
0.000354371000000242 890
0.0003544910000004009 889
0.0003546110000005598 888
0.00035473100000071867 887
0.00035485099999998937 886
0.0003549040000008219 887
0.00035497100000014825 886
0.0003550240000000926 887
0.00035509100000030713 886
0.0003551440000002515 887
0.000355211000000466 886
0.0003553310000006249 885
0.0003554510000007838 884
0.0003555710000000545 883
0.0003556280000003298 882
0.0003557480000004887 881
0.00035586800000064756 880
0.00035591500000009546 881
0.00035598800000080644 880
0.00035610800000007714 879
0.000356228000000236 878
0.0003563320000008474 879
0.0003563480000003949 878
0.0003564520000001181 879
0.0003564680000005538 878
0.00035658800000071267 877
0.0003566920000004359 878
0.00035670799999998337 877
0.00035682800000014225 876
0.0003568689999999819 877
0.00035694800000030114 876
0.00035706800000046 875
0.0003571600000000785 876
0.0003571880000006189 875
0.0003573080000007778 874
0.0003574280000000485 873
0.00035754800000020737 872
0.0003575770000008305 873
0.0003576050000004827 872
0.000357662000000758 871
0.0003577820000000287 870
0.00035790200000018757 869
0.00035793700000041895 870
0.00035802200000034645 869
0.00035814200000050533 868
0.0003582620000006642 867
0.0003582970000000074 868
0.0003583820000008231 867
0.0003584170000001663 868
0.00035843900000021023 867
0.0003585590000003691 866
0.00035865700000048406 867
0.000358679000000528 866
0.0003587990000006869 865
0.00035891900000084576 864
0.0003589760000002329 863
0.00035907400000034784 864
0.00035909600000039177 863
0.00035921600000055065 862
0.00035933600000070953 861
0.00035939300000009666 860
0.00035951300000025554 859
0.00035957000000053085 858
0.00035967400000025407 859
0.00035969000000068974 858
0.0003598100000008486 857
0.0003599300000001193 856
0.0003600500000002782 855
0.0003601700000004371 854
0.00036029000000059597 853
0.0003603469999999831 852
0.000360467000000142 851
0.0003605240000004173 850
0.0003605810000006926 849
0.0003606850000004158 850
0.0003607010000008515 849
0.0003608210000001222 848
0.0003608780000003975 847
0.0003609980000005564 846
0.00036111800000071526 845
0.00036123799999998596 844
0.00036135800000014484 843
0.0003614780000003037 842
0.0003615980000004626 841
0.0003617180000006215 840
0.00036181600000073644 841
0.00036183800000078037 840
0.0003618950000001675 839
0.0003620150000003264 838
0.000362056000000166 839
0.00036213500000048526 838
0.00036225500000064415 837
0.0003622960000004838 838
0.000362375000000803 837
0.00036249500000007373 836
0.00036253600000080155 837
0.00036255200000034904 836
0.0003626720000005079 835
0.00036277600000023114 836
0.0003627920000006668 835
0.0003629120000008257 834
0.0003630320000000964 833
0.00036315200000025527 832
0.0003631930000000949 833
0.00036327200000041415 832
0.0003633130000002538 833
0.00036339200000057303 832
0.0003635120000007319 831
0.00036356900000011905 830
0.00036367300000073044 831
0.00036368900000027793 830
0.0003638090000004368 829
0.0003639290000005957 828
0.0003640330000003189 829
0.0003640490000007546 828
0.0003641690000000253 827
0.00036427300000063667 828
0.00036428900000018416 827
0.00036439300000079555 828
0.00036440900000034304 827
0.0003645290000005019 826
0.0003646490000006608 825
0.00036470600000004794 824
0.0003648260000002068 823
0.0003649460000003657 822
0.0003650660000005246 821
0.00036518600000068346 820
0.0003652270000005231 821
0.00036530600000084235 820
0.00036542600000011305 819
0.00036554600000027193 818
0.00036558700000011157 819
0.0003656660000004308 818
0.0003657860000005897 817
0.0003659060000007486 816
0.0003660260000000193 815
0.0003660830000002946 814
0.00036620300000045347 813
0.00036632300000061235 812
0.00036644300000077124 811
0.00036650000000015837 810
0.00036662000000031725 809
0.00036667700000059256 808
0.00036679700000075144 807
0.00036685400000013857 806
0.00036697400000029745 805
0.00036709400000045633 804
0.000367135000000296 805
0.0003672140000006152 804
0.00036727100000000235 803
0.00036739100000016123 802
0.0003675110000003201 801
0.000367631000000479 800
0.0003677510000006379 799
0.00036787100000079676 798
0.00036799100000006746 797
0.00036811100000022634 796
0.0003682310000003852 795
0.00036828800000066053 794
0.00036832300000000373 795
0.0003684080000008194 794
0.0003685280000000901 793
0.0003685630000003215 794
0.000368648000000249 793
0.0003686830000004804 794
0.0003687680000004079 793
0.00036888800000056676 792
0.00036900800000072564 791
0.00036912799999999635 790
0.00036924800000015523 789
0.00036930500000043054 788
0.0003694250000005894 787
0.0003695450000007483 786
0.0003695800000000915 787
0.000369665000000019 786
0.0003697850000001779 785
0.00036990500000033677 784
0.0003699620000006121 783
0.00036999700000084346 784
0.00037008200000077096 783
0.00037011700000011416 784
0.00037020200000004166 783
0.00037023700000027304 784
0.00037032200000020055 783
0.00037044200000035943 782
0.0003705620000005183 781
0.0003706190000007936 780
0.0003707170000000204 781
0.0003707390000000643 780
0.0003708590000002232 779
0.0003709790000003821 778
0.00037109900000054097 777
0.00037121900000069985 776
0.00037133899999997055 775
0.00037137400000020193 776
0.00037139600000024586 775
0.00037151600000040474 774
0.0003716140000005197 775
0.0003716360000005636 774
0.0003717560000007225 773
0.00037181300000010964 772
0.0003719330000002685 771
0.0003720530000004274 770
0.0003721730000005863 769
0.00037229300000074517 768
0.00037241300000001587 767
0.00037253300000017475 766
0.00037265300000033363 765
0.0003727730000004925 764
0.0003728930000006514 763
0.00037299100000076635 764
0.0003730130000008103 763
0.00037311100000003705 764
0.000373133000000081 763
0.00037325300000023987 762
0.00037337300000039875 761
0.00037349300000055763 760
0.000373528000000789 761
0.0003736130000007165 760
0.0003736480000000597 761
0.00037367000000010364 760
0.00037372700000037895 759
0.00037384700000053783 758
0.0003739450000006528 759
0.0003739670000006967 758
0.00037402400000008384 757
0.0003741440000002427 756
0.0003742640000004016 755
0.0003743840000005605 754
0.0003744410000008358 753
0.00037449800000022293 752
0.00037453900000006257 753
0.00037455500000049824 752
0.0003746750000006571 751
0.00037471600000049676 752
0.00037473200000004425 751
0.00037485200000020313 750
0.00037490900000047844 749
0.00037496600000075375 748
0.00037508600000002446 747
0.0003751960000002441 748
0.00037520600000018334 747
0.0003753260000003422 746
0.0003754360000005619 747
0.0003754460000005011 746
0.00037556600000066 745
0.0003756230000000471 744
0.00037573300000026677 745
0.000375743000000206 744
0.0003758000000004813 743
0.0003759200000006402 742
0.0003759770000000273 741
0.0003760970000001862 740
0.0003761540000004615 739
0.0003762740000006204 738
0.0003763310000000075 737
0.00037638800000028283 736
0.00037644500000055814 735
0.000376565000000717 734
0.0003766849999999877 733
0.0003767500000000368 734
0.0003768050000001466 733
0.0003768620000004219 732
0.0003769820000005808 731
0.0003771020000007397 730
0.0003772220000000104 729
0.0003772790000002857 728
0.0003773990000004446 727
0.00037751900000060346 726
0.00037763900000076234 725
0.00037769600000014947 724
0.00037781600000030835 723
0.00037787300000058366 722
0.00037799300000074254 721
0.00037805000000012967 720
0.00037817000000028855 719
0.00037818400000055874 720
0.00037829000000044744 719
0.0003783040000007176 720
0.0003784100000006063 719
0.0003785300000007652 718
0.00037858700000015233 717
0.00037864400000042764 716
0.00037870100000070295 715
0.00037882099999997365 714
0.0003788410000007403 715
0.00037894100000013253 714
0.00037899800000040784 713
0.0003791180000005667 712
0.0003792380000007256 711
0.00037925800000060406 712
0.0003793579999999963 711
0.0003794780000001552 710
0.0003795980000003141 709
0.00037971800000047295 708
0.00037983800000063184 707
0.0003799580000007907 706
0.0003800780000000614 705
0.00038009800000082805 706
0.00038013500000033673 705
0.00038019200000061204 704
0.0003803120000007709 703
0.00038033800000025764 704
0.00038036900000015805 703
0.0003804580000004165 704
0.00038048900000031693 703
0.00038054600000059224 702
0.0003805780000005754 703
0.0003806029999999794 702
0.0003806980000007343 703
0.00038072300000013826 702
0.000380818000000005 703
0.00038084300000029714 702
0.00038090000000057245 701
0.00038093800000016387 702
0.00038102000000073133 701
0.00038114000000000203 700
0.0003811719999999852 701
0.0003812600000001609 700
0.00038129200000014407 701
0.0003813800000003198 700
0.00038146900000057826 701
0.0003815000000004787 700
0.000381557000000754 699
0.0003816770000000247 698
0.00038170900000000785 699
0.0003817340000003 698
0.0003817910000005753 697
0.0003819110000007342 696
0.0003820000000001045 697
0.0003820310000000049 696
0.0003820880000002802 695
0.00038217700000053867 696
0.0003822080000004391 695
0.00038232800000059797 694
0.0003823849999999851 693
0.00038241100000036 694
0.0003824420000002604 693
0.0003824990000005357 692
0.00038253100000051887 693
0.000382556000000811 692
0.00038265100000067775 693
0.00038267600000008173 692
0.00038277100000083664 693
0.0003827770000004449 694
0.0003827960000002406 693
0.0003828530000005159 692
0.00038291000000079123 691
0.00038303000000006193 690
0.00038308700000033724 689
0.0003832070000004961 688
0.00038326400000077143 687
0.00038338400000004214 686
0.00038342200000052173 687
0.0003834360000007919 688
0.00038344100000031744 687
0.0003834850000004053 688
0.0003835610000004763 687
0.00038359900000006775 688
0.00038361800000075164 687
0.00038373800000002234 686
0.00038379500000029765 685
0.00038391500000045653 684
0.0003840350000006154 683
0.00038413000000048214 684
0.0003841550000007743 683
0.000384275000000045 682
0.00038430700000002815 683
0.0003843950000002039 682
0.00038451500000036276 681
0.0003845470000003459 682
0.00038463500000052164 681
0.00038467300000011306 682
0.0003847240000007801 683
0.0003847550000006805 682
0.0003848440000000508 683
0.0003848750000008394 682
0.0003849640000002097 683
0.0003849950000001101 682
0.000385115000000269 681
0.0003851410000006439 682
0.0003852350000004279 681
0.0003852920000007032 680
0.0003853180000001899 681
0.0003854119999999739 680
0.0003854950000006241 681
0.00038553200000013277 680
0.00038561500000078297 681
0.00038565200000029165 680
0.0003857350000000537 681
0.00038577200000045053 680
0.0003858920000006094 679
0.0003860120000007683 678
0.000386132000000039 677
0.0003861460000003092 678
0.0003862520000001979 677
0.00038626600000046807 678
0.0003863090000004732 677
0.0003863660000007485 676
0.0003864430000000141 677
0.0003864860000000192 676
0.0003865430000002945 675
0.00038656300000017296 676
0.0003866630000004534 675
0.00038668300000033184 676
0.0003867830000006123 675
0.0003868030000004907 676
0.00038690300000077116 675
0.0003869230000006496 676
0.00038702300000004186 675
0.0003870430000008085 676
0.00038714300000020074 675
0.0003871630000000792 676
0.0003872630000003596 675
0.0003872830000002381 676
0.0003873830000005185 675
0.0003875030000006774 674
0.0003875600000000645 673
0.0003876800000002234 672
0.0003877370000004987 671
0.00038781400000065247 672
0.0003878570000006576 671
0.0003879140000000447 670
0.0003880340000002036 669
0.0003880480000004738 670
0.0003880910000004789 669
0.0003881480000007542 668
0.0003881680000006327 669
0.0003882370000001245 670
0.0003882680000000249 669
0.0003882790000000469 670
0.0003883570000002834 671
0.0003883880000001838 670
0.00038846500000033757 671
0.0003885080000003427 670
0.000388565000000618 669
0.00038862200000000513 668
0.00038867900000028044 667
0.00038870500000065533 668
0.0003887990000004393 667
0.0003888250000008142 668
0.0003889190000005982 667
0.00038897599999998533 666
0.0003890020000003602 667
0.0003890960000001442 666
0.0003892160000003031 665
0.00038923600000018155 666
0.0003892730000005784 665
0.00038935600000034043 666
0.0003893930000007373 665
0.000389513000000008 664
0.0003896330000001669 663
0.0003896500000006853 664
0.0003896640000000673 665
0.0003896900000004422 664
0.0003897280000000336 665
0.00038981000000060106 664
0.00038993000000075995 663
0.00039000100000041726 664
0.00039005000000003065 663
0.00039012100000057615 664
0.00039017000000018953 663
0.0003902900000003484 662
0.0003903470000006237 661
0.00039035500000039747 662
0.0003904670000007826 661
0.00039049900000076576 662
0.00039052400000016974 661
0.00039053200000083166 662
0.0003906440000003286 661
0.0003907010000006039 660
0.0003908210000007628 659
0.00039088600000081186 660
0.00039090700000077305 661
0.0003909410000000335 660
0.00039097300000001667 661
0.00039102700000004376 662
0.0003910610000001924 661
0.0003910630000003579 662
0.0003911810000003513 661
0.00039124000000079207 662
0.0003912640000001133 663
0.00039130100000051016 662
0.00039136000000006277 663
0.00039142100000066904 662
0.00039148000000022165 663
0.0003915410000008279 662
0.00039155800000045815 663
0.00039160000000038053 664
0.0003916610000000986 663
0.0003917200000005394 664
0.0003917810000002575 663
0.0003918380000005328 662
0.0003918400000006983 663
0.0003919580000006917 662
0.0003919600000008572 663
0.0003920780000008506 662
0.0003921980000001213 661
0.00039220000000028676 662
0.00039227800000052326 663
0.00039231800000028016 662
0.00039232000000044565 663
0.00039243800000043905 662
0.00039244000000060453 663
0.00039255800000059793 662
0.0003925600000007634 663
0.0003926780000007568 662
0.0003927980000000275 661
0.0003928550000003028 660
0.0003928570000004683 661
0.0003929750000004617 660
0.0003929770000006272 661
0.000393032000000737 660
0.00039308900000012414 659
0.00039314600000039945 658
0.0003931630000000297 659
0.00039326600000055834 658
0.00039332300000083364 657
0.0003933800000002208 656
0.0003934370000004961 655
0.0003934940000007714 654
0.0003935510000001585 653
0.0003935770000005334 654
0.00039360800000043383 653
0.00039366500000070914 652
0.00039372200000009627 651
0.0003937790000003716 650
0.00039381100000035474 651
0.0003938250000006249 652
0.00039389900000053046 651
0.00039399100000014897 652
0.00039401900000068935 651
0.0003940760000000765 650
0.00039410800000005963 651
0.0003941330000003518 650
0.0003941900000006271 649
0.0003942280000002185 650
0.0003942470000000142 649
0.00039430400000028953 648
0.0003943480000003774 649
0.00039436100000056484 648
0.00039441800000084015 647
0.0003944680000005363 648
0.0003944750000002273 647
0.00039452800000017163 648
0.0003945320000005026 647
0.0003946520000006615 646
0.0003947090000000486 645
0.0003947660000003239 644
0.0003948230000005992 643
0.0003948250000007647 644
0.0003948390000001467 645
0.00039487999999998635 644
0.00039493700000026166 643
0.00039499400000053697 642
0.0003950510000008123 641
0.0003950650000001943 642
0.0003951080000001994 641
0.0003951650000004747 640
0.00039518200000010495 641
0.00039519600000037514 642
0.00039522200000075003 641
0.00039527900000013716 640
0.00039533600000041247 639
0.00039536200000078736 640
0.0003953930000006878 639
0.0003954500000000749 638
0.0003955070000003502 637
0.0003955640000006255 636
0.00039562100000001266 635
0.00039567800000028797 634
0.00039571300000051934 635
0.00039572700000078953 636
0.0003957350000005633 635
0.0003957920000008386 634
0.00039583600000003827 635
0.0003958490000002257 634
0.000395906000000501 633
0.00039595600000019715 634
0.00039596300000077633 633
0.00039602000000016346 632
0.00039607700000043877 631
0.0003961340000007141 630
0.0003961910000001012 629
0.0003961960000005149 630
0.0003962480000003765 629
0.00039630500000065183 628
0.0003963160000006738 629
0.00039636200000003896 628
0.00039641900000031427 627
0.0003964360000008327 628
0.0003964760000005896 627
0.0003965329999999767 626
0.00039654100000063863 627
0.0003965560000001034 628
0.000396590000000252 627
0.00039664700000052733 626
0.00039670400000080264 625
0.00039671800000018465 626
0.00039676100000018977 625
0.0003968180000004651 624
0.0003968380000003435 625
0.00039685300000069645 626
0.0003968750000007404 625
0.0003969320000001275 624
0.00039697300000085534 625
0.0003969890000004028 624
0.00039704600000067813 623
0.00039709300000012604 624
0.00039710300000006526 623
0.0003971350000000484 624
0.0003971600000003406 623
0.0003972170000006159 622
0.000397274000000003 621
0.0003973310000002783 620
0.0003973750000003662 621
0.00039738800000055363 620
0.00039744500000082894 619
0.0003974530000006027 620
0.00039750200000021607 619
0.0003975590000004914 618
0.0003976160000007667 617
0.0003976730000001538 616
0.00039769300000003227 617
0.00039773000000042913 616
0.00039778700000070444 615
0.00039784400000009157 614
0.00039787000000046646 615
0.0003979010000003669 614
0.0003979580000006422 613
0.00039796900000066415 614
0.0003980150000000293 613
0.0003980720000003046 612
0.00039812900000057994 611
0.0003981610000005631 612
0.00039818600000085524 611
0.0003982430000002424 610
0.0003983000000005177 609
0.000398357000000793 608
0.0003984140000001801 607
0.00039847100000045543 606
0.0003985060000006868 607
0.00039852800000073074 606
0.00039858500000011787 605
0.0003986420000003932 604
0.0003986990000006685 603
0.0003987560000000556 602
0.00039881300000033093 601
0.00039887000000060624 600
0.0003989900000007651 599
0.00039904700000015225 598
0.00039910400000042756 597
0.00039910600000059304 598
0.00039916100000070287 597
0.00039921800000009 596
0.0003992750000003653 595
0.0003993320000006406 594
0.00039938900000002775 593
0.00039944600000030306 592
0.00039950300000057837 591
0.0003995600000008537 590
0.0003996170000002408 589
0.0003996430000006157 590
0.0003996740000005161 589
0.0003997630000007746 590
0.000399794000000675 589
0.00039985100000006213 588
0.00039990800000033744 587
0.00040000300000020417 588
0.0004000280000004963 587
0.00040008500000077163 586
0.00040014200000015876 585
0.00040019900000043407 584
0.0004002560000007094 583
0.0004003130000000965 582
0.0004003700000003718 581
0.0004004270000006471 580
0.00040048400000003426 579
0.00040054100000030957 578
0.00040066100000046845 577
0.00040071800000074376 576
0.0004007750000001309 575
0.0004008320000004062 574
0.0004008890000006815 573
0.00040094600000006864 572
0.00040100300000034395 571
0.00040106000000061925 570
0.0004011170000000064 569
0.0004012239999999778 570
0.00040123700000016527 569
0.0004012940000004406 568
0.0004013510000007159 567
0.000401408000000103 566
0.0004014650000003783 565
0.00040152200000065363 564
0.00040157900000004076 563
0.0004016360000003161 562
0.00040175600000047496 561
0.00040181300000075026 560
0.0004018700000001374 559
0.0004019270000004127 558
0.00040197700000010883 559
0.000401984000000688 558
0.00040204100000007514 557
0.00040209800000035045 556
0.00040215500000062576 555
0.0004022120000000129 554
0.0004022690000002882 553
0.0004023260000005635 552
0.0004023830000008388 551
0.00040244000000022595 550
0.00040249700000050126 549
0.00040255400000077657 548
0.0004026110000001637 547
0.000402668000000439 546
0.0004027250000007143 545
0.00040278200000010145 544
0.00040283900000037676 543
0.00040289600000065207 542
0.0004029530000000392 541
0.0004030100000003145 540
0.0004030670000005898 539
0.00040312399999997695 538
0.00040318100000025225 537
0.00040323800000052756 536
0.00040329500000080287 535
0.00040335200000019 534
0.0004034090000004653 533
0.0004034660000007406 532
0.00040352300000012775 531
0.00040358000000040306 530
0.00040363700000067837 529
0.0004036940000000655 528
0.0004037510000003408 527
0.0004038080000006161 526
0.00040386500000000325 525
0.00040392200000027856 524
0.00040397900000055387 523
0.0004040360000008292 522
0.0004040930000002163 521
0.0004041500000004916 520
0.0004042070000007669 519
0.00040426400000015406 518
0.00040432100000042936 517
0.0004043780000007047 516
0.0004044350000000918 515
0.0004044920000003671 514
0.0004045490000006424 513
0.00040460600000002955 512
0.00040466300000030486 511
0.00040472000000058017 510
0.0004047770000008555 509
0.0004048340000002426 508
0.0004048910000005179 507
0.00040494800000079323 506
0.00040500500000018036 505
0.00040506200000045567 504
0.000405119000000731 503
0.0004051760000001181 502
0.0004052330000003934 501
0.0004052900000006687 500
0.00040534700000005586 499
0.00040540400000033117 498
0.0004054610000006065 497
0.0004055179999999936 496
0.0004055750000002689 495
0.0004056320000005442 494
0.00040568900000081953 493
0.00040574600000020666 492
0.00040580300000048197 491
0.0004058600000007573 490
0.0004059170000001444 489
0.0004059740000004197 488
0.00040603100000069503 487
0.00040608800000008216 486
0.00040614500000035747 485
0.0004062020000006328 484
0.0004062590000000199 483
0.0004063150000002125 484
0.0004063160000002952 483
0.00040637300000057053 482
0.00040643000000084584 481
0.00040648700000023297 480
0.0004065440000005083 479
0.0004066010000007836 478
0.0004066580000001707 477
0.000406715000000446 476
0.00040677200000072133 475
0.00040682900000010846 474
0.0004068860000003838 473
0.0004069430000006591 472
0.0004070000000000462 471
0.0004070570000003215 470
0.00040711400000059683 469
0.00040711900000012236 470
0.00040717099999998396 469
0.00040722800000025927 468
0.0004072850000005346 467
0.0004073420000008099 466
0.00040735300000083186 467
0.000407399000000197 466
0.00040745600000047233 465
0.00040751300000074764 464
0.00040757000000013477 463
0.0004076270000004101 462
0.0004076840000006854 461
0.0004077410000000725 460
0.0004077980000003478 459
0.00040785500000062314 458
0.00040791200000001027 457
0.0004079690000002856 456
0.000407986000000804 457
0.0004080260000005609 456
0.0004080830000008362 455
0.0004081400000002233 454
0.00040819700000049863 453
0.00040825400000077394 452
0.00040831100000016107 451
0.0004083680000004364 450
0.0004084250000007117 449
0.0004084820000000988 448
0.0004085620000005008 449
0.0004086020000002577 448
0.000408659000000533 447
0.0004087160000008083 446
0.00040877300000019545 445
0.00040889300000035433 444
0.00040895000000062964 443
0.0004090070000000168 442
0.0004090640000002921 441
0.0004090810000008105 442
0.0004091210000005674 441
0.0004091780000008427 440
0.00040923500000022983 439
0.00040929200000050514 438
0.00040934900000078045 437
0.0004094060000001676 436
0.0004094630000004429 435
0.0004095200000007182 434
0.00040957700000010533 433
0.00040963400000038064 432
0.00040969100000065595 431
0.0004097480000000431 430
0.0004098050000003184 429
0.0004098620000005937 428
0.0004099189999999808 427
0.00040997600000025614 426
0.00041003300000053144 425
0.00041009000000080675 424
0.0004101470000001939 423
0.0004102040000004692 422
0.0004102610000007445 421
0.00041031800000013163 420
0.00041037500000040694 419
0.00041043200000068225 418
0.0004104890000000694 417
0.0004105460000003447 416
0.00041060300000062 415
0.00041066000000000713 414
0.00041071700000028244 413
0.00041077400000055775 412
0.00041083100000083306 411
0.0004108880000002202 410
0.0004109450000004955 409
0.0004110020000007708 408
0.00041105900000015794 407
0.00041111600000043325 406
0.00041117300000070856 405
0.0004112300000000957 404
0.000411287000000371 403
0.0004113440000006463 402
0.00041140100000003343 401
0.00041145800000030874 400
0.00041151500000058405 399
0.0004115719999999712 398
0.0004116290000002465 397
0.0004116860000005218 396
0.0004117430000007971 395
0.00041180000000018424 394
0.00041185700000045955 393
0.00041191400000073486 392
0.000411971000000122 391
0.0004120280000003973 390
0.0004120850000006726 389
0.00041214200000005974 388
0.00041219900000033505 387
0.00041225600000061036 386
0.0004123129999999975 385
0.0004123700000002728 384
0.0004124270000005481 383
0.0004124840000008234 382
0.00041254100000021054 381
0.00041259800000048585 380
0.00041265500000076116 379
0.0004127120000001483 378
0.0004127690000004236 377
0.0004128260000006989 376
0.00041288300000008604 375
0.00041294000000036135 374
0.00041299700000063666 373
0.0004130540000000238 372
0.0004131110000002991 371
0.0004131680000005744 370
0.0004132250000008497 369
0.00041328200000023685 368
0.00041333900000051216 367
0.00041339600000078747 366
0.0004134530000001746 365
0.0004135100000004499 364
0.0004135670000007252 363
0.00041362400000011235 362
0.00041368100000038766 361
0.00041373800000066296 360
0.0004137950000000501 359
0.0004138520000003254 358
0.0004139090000006007 357
0.00041396599999998784 356
0.00041402300000026315 355
0.00041408000000053846 354
0.00041413700000081377 353
0.0004141940000002009 352
0.0004142510000004762 351
0.0004143080000007515 350
0.00041436500000013865 349
0.00041442200000041396 348
0.00041447900000068927 347
0.0004145360000000764 346
0.0004145930000003517 345
0.000414650000000627 344
0.00041470700000001415 343
0.00041476400000028946 342
0.00041482100000056477 341
0.0004148780000008401 340
0.0004149350000002272 339
0.0004149920000005025 338
0.0004150490000007778 337
0.00041510600000016495 336
0.00041516300000044026 335
0.00041522000000071557 334
0.0004152770000001027 333
0.000415334000000378 332
0.0004153910000006533 331
0.00041544800000004045 330
0.00041550500000031576 329
0.00041556200000059107 328
0.0004156189999999782 327
0.0004156760000002535 326
0.0004157330000005288 325
0.00041579000000080413 324
0.00041584700000019126 323
0.00041590400000046657 322
0.00041592700000059324 323
0.0004159610000007419 322
0.000416018000000129 321
0.0004160750000004043 320
0.0004161320000006796 319
0.00041618900000006676 318
0.00041621800000068987 319
0.00041624600000034206 318
0.0004163030000006174 317
0.0004163600000000045 316
0.0004164170000002798 315
0.0004164740000005551 314
0.00041653100000083043 313
0.00041658800000021756 312
0.00041664500000049287 311
0.0004167020000007682 310
0.0004167590000001553 309
0.0004168160000004306 308
0.00041687300000070593 307
0.00041693000000009306 306
0.00041698700000036837 305
0.0004170440000006437 304
0.0004171010000000308 303
0.0004171580000003061 302
0.0004172150000005814 301
0.00041727200000085674 300
0.00041732900000024387 299
0.0004173860000005192 298
0.0004174430000007945 297
0.0004175000000001816 296
0.0004175570000004569 295
0.00041761400000073223 294
0.00041767100000011936 293
0.00041772800000039467 292
0.00041778500000067 291
0.0004178420000000571 290
0.0004178990000003324 289
0.00041795600000060773 288
0.00041801299999999486 287
0.00041807000000027017 286
0.0004181270000005455 285
0.0004181840000008208 284
0.0004182410000002079 283
0.00041829800000048323 282
0.00041835500000075854 281
0.00041841200000014567 280
0.000418469000000421 279
0.0004185260000006963 278
0.0004185830000000834 277
0.0004186400000003587 276
0.00041869700000063403 275
0.00041875400000002116 274
0.0004188110000002965 273
0.0004188680000005718 272
0.0004189250000008471 271
0.0004189820000002342 270
0.00041903900000050953 269
0.00041909600000078484 268
0.00041915300000017197 267
0.0004192100000004473 266
0.0004192670000007226 265
0.0004193240000001097 264
0.00041938100000038503 263
0.00041943800000066034 262
0.00041949500000004747 261
0.0004195520000003228 260
0.0004196090000005981 259
0.0004196659999999852 258
0.0004197230000002605 257
0.00041978000000053584 256
0.00041983700000081114 255
0.0004198940000001983 254
0.0004199510000004736 253
0.0004200080000007489 252
0.0004201280000000196 251
0.0004201850000002949 250
0.0004202420000005702 249
0.0004202990000008455 248
0.00042035600000023265 247
0.00042041300000050796 246
0.00042047000000078327 245
0.0004205270000001704 244
0.0004205840000004457 243
0.000420641000000721 242
0.00042069800000010815 241
0.00042075500000038346 240
0.00042081200000065877 239
0.0004208690000000459 238
0.0004209260000003212 237
0.0004209830000005965 236
0.00042103999999998365 235
0.00042109700000025896 234
0.00042115400000053427 233
0.0004212110000008096 232
0.0004212680000001967 231
0.000421325000000472 230
0.0004213820000007473 229
0.00042143900000013446 228
0.00042149600000040977 227
0.0004215530000006851 226
0.0004216100000000722 225
0.0004216670000003475 224
0.0004217240000006228 223
0.00042178100000000995 222
0.00042183800000028526 221
0.00042189500000056057 220
0.0004219520000008359 219
0.000422009000000223 218
0.0004220660000004983 217
0.00042212300000077363 216
0.00042218000000016076 215
0.00042223700000043607 214
0.0004222940000007114 213
0.0004223510000000985 212
0.0004224080000003738 211
0.0004224650000006491 210
0.00042252200000003626 209
0.00042257900000031157 208
0.0004226360000005869 207
0.000422692999999974 206
0.0004227500000002493 205
0.0004228070000005246 204
0.00042286400000079993 203
0.00042292100000018706 202
0.0004229780000004624 201
0.0004230350000007377 200
0.0004230920000001248 199
0.0004231490000004001 198
0.00042320600000067543 197
0.00042326300000006256 196
0.00042332000000033787 195
0.0004233770000006132 194
0.0004234340000000003 193
0.0004234910000002756 192
0.00042354800000055093 191
0.00042360500000082624 190
0.00042366200000021337 189
0.0004237190000004887 188
0.000423776000000764 187
0.0004238330000001511 186
0.0004238900000004264 185
0.00042394700000070173 184
0.00042400400000008887 183
0.0004240610000003642 182
0.0004241180000006395 181
0.0004241750000000266 180
0.0004242320000003019 179
0.00042428900000057723 178
0.00042434600000085254 177
0.00042440300000023967 176
0.000424460000000515 175
0.0004245170000007903 174
0.0004245740000001774 173
0.00042463100000045273 172
0.00042468800000072804 171
0.00042474500000011517 170
0.0004248020000003905 169
0.0004248590000006658 168
0.0004249160000000529 167
0.0004249730000003282 166
0.00042503000000060354 165
0.00042508699999999067 164
0.000425144000000266 163
0.0004252010000005413 162
0.0004252580000008166 161
0.0004253150000002037 160
0.00042537200000047903 159
0.00042542900000075434 158
0.0004254860000001415 157
0.0004255430000004168 156
0.0004256000000006921 155
0.0004256570000000792 154
0.00042571400000035453 153
0.00042577100000062984 152
0.00042582800000001697 151
0.0004258850000002923 150
0.0004259420000005676 149
0.0004259990000008429 148
0.00042605600000023003 147
0.00042611300000050534 146
0.00042617000000078065 145
0.0004262270000001678 144
0.0004262840000004431 143
0.0004263410000007184 142
0.0004263980000001055 141
0.00042645500000038083 140
0.00042651200000065614 139
0.0004265690000000433 138
0.0004266260000003186 137
0.0004266830000005939 136
0.000426739999999981 135
0.00042679700000025633 134
0.00042685400000053164 133
0.00042691100000080695 132
0.0004269680000001941 131
0.0004270250000004694 130
0.0004270820000007447 129
0.00042713900000013183 128
0.00042719600000040714 127
0.00042725300000068245 126
0.0004273100000000696 125
0.0004273670000003449 124
0.0004274240000006202 123
0.00042748100000000733 122
0.00042753800000028264 121
0.00042759500000055795 120
0.00042765200000083325 119
0.0004277090000002204 118
0.0004277660000004957 117
0.000427823000000771 116
0.00042788000000015813 115
0.00042793700000043344 114
0.00042799400000070875 113
0.0004280510000000959 112
0.0004281080000003712 111
0.0004281650000006465 110
0.00042822200000003363 109
0.00042827900000030894 108
0.00042833600000058425 107
0.0004283929999999714 106
0.0004284500000002467 105
0.000428507000000522 104
0.0004285640000007973 103
0.00042862100000018444 102
0.00042867800000045975 101
0.00042873500000073506 100
0.0004287920000001222 99
0.0004288490000003975 98
0.0004289060000006728 97
0.00042896300000005994 96
0.00042902000000033524 95
0.00042907700000061055 94
0.0004291339999999977 93
0.000429191000000273 92
0.0004292480000005483 91
0.0004293050000008236 90
0.00042936200000021074 89
0.00042941900000048605 88
0.00042947600000076136 87
0.0004295330000001485 86
0.0004295900000004238 85
0.0004296470000006991 84
0.00042970400000008624 83
0.00042976100000036155 82
0.00042981800000063686 81
0.000429875000000024 80
0.0004299320000002993 79
0.0004299890000005746 78
0.0004300460000008499 77
0.00043010300000023705 76
0.00043016000000051235 75
0.00043021700000078766 74
0.0004302740000001748 73
0.0004303310000004501 72
0.0004303880000007254 71
0.00043044500000011254 70
0.00043050200000038785 69
0.00043055900000066316 68
0.0004306160000000503 67
0.0004306730000003256 66
0.0004307300000006009 65
0.00043078699999998804 64
0.00043084400000026335 63
0.00043090100000053866 62
0.00043095800000081397 61
0.0004310150000002011 60
0.0004310720000004764 59
0.0004311290000007517 58
0.00043118600000013885 57
0.00043124300000041416 56
0.00043130000000068947 55
0.0004313570000000766 54
0.0004314140000003519 53
0.0004314710000006272 52
0.00043152800000001434 51
0.00043158500000028965 50
0.00043164200000056496 49
0.00043169900000084027 48
0.0004317560000002274 47
0.0004318130000005027 46
0.000431870000000778 45
0.00043192700000016515 44
0.00043198400000044046 43
0.00043204100000071577 42
0.0004320980000001029 41
0.0004321550000003782 40
0.0004322120000006535 39
0.00043226900000004065 38
0.00043232600000031596 37
0.00043238300000059127 36
0.0004324399999999784 35
0.0004324970000002537 34
0.000432554000000529 33
0.0004326110000008043 32
0.00043266800000019146 31
0.00043272500000046676 30
0.0004327820000007421 29
0.0004328390000001292 28
0.0004328960000004045 27
0.0004329530000006798 26
0.00043301000000006695 25
0.00043306700000034226 24
0.00043312400000061757 23
0.0004331810000000047 22
0.00043323800000028 21
0.0004332950000005553 20
0.00043335200000083063 19
0.00043340900000021776 18
0.00043346600000049307 17
0.0004335230000007684 16
0.0004335800000001555 15
0.0004336370000004308 14
0.0004336940000007061 13
0.00043375100000009326 12
0.00043380800000036857 11
0.0004338650000006439 10
0.000433922000000031 9
0.0004339790000003063 8
0.0004340360000005816 7
0.00043409300000085693 6
0.00043415000000024406 5
0.00043420700000051937 4
0.0004342640000007947 3
0.0004343210000001818 2
0.0004343780000004571 1
0.00043443500000073243 0
0.0004916790000004667 1
0.0004916790000004667 0
0.0004923360000006483 0