time length
0.0 0
1.8549999998285216e-06 1
1.8549999998285216e-06 0
1.90999999993835e-06 1
1.90999999993835e-06 0
1.9249999994030986e-06 1
1.9249999994030986e-06 0
1.9749999999874035e-06 1
1.9749999999874035e-06 0
2.0899999997325835e-06 1
2.0899999997325835e-06 0
2.3649999993935467e-06 1
2.3649999993935467e-06 0
2.6599999998211388e-06 1
2.6599999998211388e-06 0
2.7349999998094177e-06 1
2.7349999998094177e-06 0
2.7700000000407954e-06 1
2.7700000000407954e-06 0
2.7949999994447694e-06 1
2.7949999994447694e-06 0
2.8549999999682996e-06 1
2.8549999999682996e-06 0
2.889999999311499e-06 1
2.889999999311499e-06 0
3.0849999994586597e-06 1
3.0849999994586597e-06 0
3.1049999993371102e-06 1
3.1049999993371102e-06 0
3.3699999999470265e-06 1
3.3699999999470265e-06 0
3.4900000001059084e-06 1
3.4900000001059084e-06 0
3.609999999376612e-06 1
3.609999999376612e-06 0
3.911999999495208e-06 1
3.911999999495208e-06 0
4.041999999593315e-06 1
4.041999999593315e-06 0
4.199999999343618e-06 1
4.199999999343618e-06 0
4.220000000110247e-06 1
4.220000000110247e-06 0
4.318999999419759e-06 1
4.318999999419759e-06 0
4.33999999938095e-06 1
4.33999999938095e-06 0
4.383999999468813e-06 1
4.383999999468813e-06 0
4.389999999965255e-06 1
4.39999999990448e-06 2
4.449999999600607e-06 3
4.459999999539832e-06 2
4.4639999998707935e-06 1
4.467999999313577e-06 0
4.483999999749244e-06 1
4.483999999749244e-06 0
4.510000000124137e-06 1
4.510000000124137e-06 0
4.518999999980622e-06 1
4.518999999980622e-06 0
4.604999999990866e-06 1
4.604999999990866e-06 0
4.633999999725802e-06 1
4.633999999725802e-06 0
4.673999999482703e-06 1
4.673999999482703e-06 0
4.704999999383119e-06 1
4.704999999383119e-06 0
4.808999999994512e-06 1
4.808999999994512e-06 0
4.814999999602776e-06 1
4.814999999602776e-06 0
4.851999999999634e-06 1
4.851999999999634e-06 0
4.929000000153394e-06 1
4.929000000153394e-06 0
4.95899999997107e-06 1
4.972000000158516e-06 0
4.973999999435819e-06 1
4.975999999601299e-06 0
4.998999999727971e-06 1
4.998999999727971e-06 0
5.014000000080898e-06 1
5.014000000080898e-06 0
5.0489999994240975e-06 1
5.0489999994240975e-06 0
5.099000000008402e-06 1
5.099000000008402e-06 0
5.118999999886853e-06 1
5.118999999886853e-06 0
5.201999999648876e-06 1
5.201999999648876e-06 0
5.213999999753582e-06 1
5.213999999753582e-06 0
5.218999999279106e-06 1
5.2290000001065096e-06 2
5.2849999994109e-06 3
5.296999999515606e-06 4
5.297999999598346e-06 5
5.298999999681087e-06 6
5.321999999807758e-06 5
5.32600000013872e-06 4
5.329999999581503e-06 3
5.333999999912464e-06 2
5.337999999355247e-06 1
5.390000000105033e-06 2
5.4069999997352625e-06 3
5.407999999818003e-06 4
5.456999999431389e-06 5
5.457999999514129e-06 6
5.457999999514129e-06 5
5.461999999845091e-06 4
5.465999999287874e-06 3
5.469999999618835e-06 2
5.481999999723541e-06 3
5.5099999993757365e-06 4
5.543999999524374e-06 5
5.558999999877301e-06 6
5.569999999899267e-06 7
5.588999999694977e-06 8
5.589999999777717e-06 7
5.594000000108679e-06 6
5.626999999286397e-06 7
5.628999999451878e-06 8
5.638999999391103e-06 9
5.654999999826771e-06 10
5.6900000000581485e-06 11
5.713999999379382e-06 10
5.717999999710344e-06 9
5.722000000041305e-06 10
5.7770000001511335e-06 11
5.806999999968809e-06 12
5.80800000005155e-06 13
5.819000000073515e-06 14
5.824999999681779e-06 15
5.8379999998692256e-06 14
5.868999999769642e-06 15
5.913999999940245e-06 16
5.9580000000281075e-06 15
5.9619999994708905e-06 14
5.963999999636371e-06 15
5.965999999801852e-06 14
5.9700000001328135e-06 13
5.9739999995755966e-06 12
6.026999999519944e-06 13
6.046999999398395e-06 14
6.058999999503101e-06 15
6.063999999916803e-06 16
6.089999999403517e-06 17
6.0939999997344785e-06 16
6.09800000006544e-06 15
6.101999999508223e-06 14
6.1059999998391845e-06 13
6.142000000153303e-06 14
6.179999999744723e-06 15
6.19400000001491e-06 16
6.206999999314178e-06 17
6.218999999418884e-06 18
6.225999999998066e-06 17
6.233999999771811e-06 18
6.346000000156948e-06 17
6.371999999643663e-06 18
6.372999999726403e-06 19
6.3739999998091434e-06 20
6.374999999891884e-06 21
6.4019999994613386e-06 22
6.411999999400564e-06 23
6.412999999483304e-06 24
6.465999999427652e-06 23
6.4850000001115404e-06 24
6.493999999968025e-06 25
6.536999999973148e-06 26
6.538000000055888e-06 27
6.539000000138628e-06 28
6.568999999956304e-06 29
6.570000000039045e-06 30
6.571000000121785e-06 31
6.571999999316347e-06 32
6.583999999421053e-06 33
6.585999999586534e-06 32
6.589999999917495e-06 31
6.593999999360278e-06 30
6.59799999969124e-06 29
6.602000000022201e-06 28
6.605999999464984e-06 27
6.609999999795946e-06 26
6.622999999983392e-06 27
6.627999999508916e-06 28
6.658999999409332e-06 29
6.659999999492072e-06 30
6.660999999574813e-06 31
6.661999999657553e-06 32
6.662999999740293e-06 33
6.663999999823034e-06 34
6.664999999905774e-06 35
6.6659999999885144e-06 36
6.667000000071255e-06 37
6.668000000153995e-06 38
6.672999999679519e-06 39
6.6780000000932205e-06 40
6.6789999992877824e-06 41
6.682999999618744e-06 42
6.688000000032446e-06 43
6.692999999557969e-06 44
6.697999999971671e-06 45
6.7029999994971945e-06 46
6.707999999910896e-06 47
6.710000000076377e-06 48
6.71299999943642e-06 49
6.718999999932862e-06 50
6.727999999789347e-06 51
6.729999999954828e-06 50
6.737999999728572e-06 51
6.738999999811313e-06 52
6.743000000142274e-06 53
6.7479999996677975e-06 54
6.753000000081499e-06 55
6.757999999607023e-06 56
6.767999999546248e-06 57
6.7719999998772096e-06 58
6.77299999995995e-06 59
6.777999999485473e-06 60
6.782999999899175e-06 61
6.8139999997995915e-06 62
6.814999999882332e-06 63
6.815999999965072e-06 64
6.817000000047813e-06 65
6.8500000001137096e-06 64
6.853999999556493e-06 63
6.857999999887454e-06 62
6.861999999330237e-06 61
6.863999999495718e-06 62
6.864999999578458e-06 63
6.865999999661199e-06 64
6.866999999743939e-06 65
6.867999999826679e-06 66
6.897999999644355e-06 67
6.927999999462031e-06 68
6.9289999995447715e-06 69
6.929999999627512e-06 70
6.930999999710252e-06 71
6.931999999792993e-06 72
6.932999999875733e-06 73
6.933999999958473e-06 74
6.935000000041214e-06 75
6.936000000123954e-06 76
6.936999999318516e-06 77
6.96700000002437e-06 78
6.968000000107111e-06 79
6.968999999301673e-06 80
6.969999999384413e-06 81
6.9709999994671534e-06 82
6.971999999549894e-06 83
6.972999999632634e-06 84
6.9739999997153745e-06 85
6.974999999798115e-06 86
6.975999999880855e-06 87
6.976999999963596e-06 88
6.978000000046336e-06 89
6.981999999489119e-06 88
6.9859999998200806e-06 87
6.990000000151042e-06 86
7.007999999864012e-06 87
7.008999999946752e-06 88
7.010000000029493e-06 89
7.011000000112233e-06 90
7.040999999929909e-06 91
7.042000000012649e-06 92
7.059999999725619e-06 93
7.071999999830325e-06 94
7.0729999999130655e-06 95
7.073999999995806e-06 96
7.075000000078546e-06 97
7.104999999896222e-06 98
7.1059999999789625e-06 99
7.1099999994217455e-06 98
7.113999999752707e-06 97
7.1180000000836685e-06 96
7.135999999796638e-06 97
7.136999999879379e-06 98
7.137999999962119e-06 99
7.1390000000448595e-06 100
7.1400000001276e-06 101
7.140999999322162e-06 102
7.141999999404902e-06 103
7.1429999994876425e-06 104
7.143999999570383e-06 105
7.144999999653123e-06 106
7.174999999470799e-06 107
7.204999999288475e-06 108
7.221999999806883e-06 109
7.234999999994329e-06 110
7.23600000007707e-06 111
7.23700000015981e-06 112
7.237999999354372e-06 113
7.237999999354372e-06 112
7.238999999437112e-06 113
7.239999999519853e-06 114
7.240999999602593e-06 115
7.2419999996853335e-06 116
7.2419999996853335e-06 115
7.246000000016295e-06 114
7.249999999459078e-06 113
7.271999999503009e-06 114
7.296999999795162e-06 115
7.301999999320685e-06 116
7.3320000000265395e-06 117
7.33300000010928e-06 118
7.333999999303842e-06 119
7.334999999386582e-06 120
7.3359999994693226e-06 121
7.336999999552063e-06 122
7.337999999634803e-06 123
7.367999999452479e-06 124
7.36999999961796e-06 123
7.3980000001583335e-06 124
7.3989999993528954e-06 125
7.42900000005875e-06 126
7.43000000014149e-06 127
7.459999999959166e-06 128
7.461000000041906e-06 129
7.462000000124647e-06 130
7.462999999319209e-06 131
7.463999999401949e-06 132
7.464999999484689e-06 133
7.46599999956743e-06 134
7.46699999965017e-06 135
7.4679999997329105e-06 136
7.468999999815651e-06 137
7.469999999898391e-06 138
7.486999999528621e-06 139
7.489999999776842e-06 138
7.494000000107803e-06 137
7.497999999550586e-06 136
7.499999999716067e-06 137
7.5009999997988075e-06 138
7.501999999881548e-06 139
7.502999999964288e-06 140
7.504000000047029e-06 141
7.505000000129769e-06 142
7.505999999324331e-06 143
7.536000000030185e-06 144
7.537000000112926e-06 145
7.5379999993074875e-06 146
7.538999999390228e-06 147
7.539999999472968e-06 148
7.540999999555709e-06 149
7.5709999993733845e-06 150
7.571999999456125e-06 151
7.572999999538865e-06 152
7.602999999356541e-06 153
7.6039999994392815e-06 154
7.604999999522022e-06 155
7.605999999604762e-06 156
7.606999999687503e-06 157
7.617999999709468e-06 156
7.636999999505178e-06 157
7.637999999587919e-06 158
7.63899999967066e-06 159
7.668999999488335e-06 160
7.698999999306011e-06 161
7.699999999388751e-06 162
7.730000000094606e-06 163
7.730999999289168e-06 164
7.731999999371908e-06 165
7.73799999986835e-06 164
7.741999999311133e-06 163
7.745999999642095e-06 162
7.762000000077762e-06 163
7.791999999895438e-06 164
7.792999999978178e-06 165
7.794000000060919e-06 166
7.79500000014366e-06 167
7.795999999338221e-06 168
7.796999999420962e-06 169
7.821999999713114e-06 170
7.827000000126816e-06 171
7.856999999944492e-06 172
7.865999999800977e-06 171
7.870000000131938e-06 170
7.873999999574721e-06 169
7.877999999905683e-06 168
7.881999999348466e-06 167
7.885999999679427e-06 166
7.886999999762168e-06 167
7.890000000010389e-06 166
7.916999999579843e-06 167
7.917999999662584e-06 168
7.918999999745324e-06 169
7.93199999993277e-06 170
7.948999999563e-06 171
7.94999999964574e-06 172
7.95099999972848e-06 173
7.951999999811221e-06 174
7.952999999893962e-06 175
7.953999999976702e-06 176
7.983999999794378e-06 177
7.984999999877118e-06 178
7.985999999959859e-06 179
8.009999999281092e-06 178
8.013999999612054e-06 177
8.015999999777534e-06 178
8.016999999860275e-06 179
8.017999999943015e-06 178
8.021999999385798e-06 177
8.02599999971676e-06 176
8.030000000047721e-06 175
8.033999999490504e-06 174
8.037999999821466e-06 173
8.042000000152427e-06 172
8.04599999959521e-06 171
8.04699999967795e-06 172
8.047999999760691e-06 173
8.048999999843431e-06 174
8.049999999926172e-06 175
8.049999999926172e-06 174
8.051000000008912e-06 175
8.052000000091653e-06 176
8.052999999286214e-06 177
8.053999999368955e-06 178
8.053999999368955e-06 177
8.057999999699916e-06 176
8.062000000030878e-06 175
8.065999999473661e-06 174
8.069999999804622e-06 173
8.074000000135584e-06 172
8.077999999578367e-06 171
8.081999999909328e-06 170
8.084000000074809e-06 171
8.085999999352111e-06 170
8.089999999683073e-06 169
8.094000000014034e-06 168
8.097999999456817e-06 167
8.101999999787779e-06 166
8.10600000011874e-06 165
8.109999999561524e-06 164
8.113999999892485e-06 165
8.113999999892485e-06 164
8.114999999975225e-06 165
8.116000000057966e-06 166
8.117000000140706e-06 167
8.117999999335268e-06 168
8.117999999335268e-06 167
8.118999999418008e-06 168
8.12199999966623e-06 167
8.125999999997191e-06 166
8.149000000123863e-06 167
8.178999999941539e-06 168
8.180000000024279e-06 169
8.18100000010702e-06 170
8.210999999924695e-06 171
8.240999999742371e-06 172
8.241999999825111e-06 173
8.242999999907852e-06 174
8.243999999990592e-06 175
8.246000000156073e-06 174
8.249999999598856e-06 173
8.253999999929817e-06 172
8.2579999993726e-06 171
8.273999999808268e-06 172
8.274999999891008e-06 173
8.275999999973749e-06 174
8.305999999791425e-06 175
8.306999999874165e-06 176
8.307999999956905e-06 177
8.309000000039646e-06 178
8.31699999981339e-06 179
8.338999999857322e-06 180
8.368999999674998e-06 181
8.369999999757738e-06 182
8.370999999840478e-06 183
8.371999999923219e-06 184
8.377999999531482e-06 183
8.381999999862444e-06 182
8.385999999305227e-06 181
8.389999999636188e-06 180
8.401999999740895e-06 181
8.402999999823635e-06 182
8.403999999906375e-06 183
8.404999999989116e-06 184
8.406000000071856e-06 185
8.407000000154596e-06 186
8.407999999349158e-06 187
8.408999999431899e-06 188
8.439000000137753e-06 189
8.439999999332315e-06 190
8.440999999415055e-06 191
8.441999999497796e-06 192
8.442999999580536e-06 193
8.443999999663276e-06 194
8.444999999746017e-06 195
8.445999999828757e-06 196
8.446999999911498e-06 197
8.447999999994238e-06 198
8.449000000076978e-06 199
8.478999999894654e-06 200
8.50699999954685e-06 201
8.50899999971233e-06 202
8.50999999979507e-06 203
8.50999999979507e-06 202
8.51099999987781e-06 203
8.511999999960551e-06 204
8.513000000043291e-06 205
8.514000000126032e-06 206
8.514000000126032e-06 205
8.514999999320594e-06 206
8.515999999403334e-06 207
8.516999999486075e-06 208
8.516999999486075e-06 209
8.517999999568815e-06 210
8.517999999568815e-06 209
8.518999999651555e-06 210
8.519999999734296e-06 211
8.520999999817036e-06 212
8.521999999899776e-06 211
8.52599999934256e-06 210
8.550999999634712e-06 211
8.551999999717452e-06 212
8.552999999800193e-06 213
8.553999999882933e-06 214
8.554999999965673e-06 215
8.556000000048414e-06 216
8.56700000007038e-06 217
8.58599999986609e-06 218
8.58699999994883e-06 219
8.58800000003157e-06 220
8.617999999849246e-06 221
8.618999999931987e-06 222
8.620000000014727e-06 223
8.621000000097467e-06 224
8.62199999929203e-06 225
8.62299999937477e-06 226
8.62399999945751e-06 227
8.62499999954025e-06 228
8.62599999962299e-06 229
8.626999999705731e-06 230
8.627999999788472e-06 231
8.628999999871212e-06 232
8.629999999953952e-06 233
8.631000000036693e-06 234
8.632000000119433e-06 235
8.645999999501441e-06 234
8.661999999937109e-06 235
8.691999999754785e-06 236
8.692999999837525e-06 237
8.693999999920266e-06 238
8.695000000003006e-06 239
8.696000000085746e-06 240
8.696999999280308e-06 241
8.697999999363049e-06 242
8.698999999445789e-06 243
8.69999999952853e-06 244
8.70099999961127e-06 245
8.70199999969401e-06 246
8.72199999957246e-06 247
8.731999999511686e-06 248
8.732999999594426e-06 249
8.733999999677167e-06 250
8.734999999759907e-06 251
8.735999999842647e-06 252
8.736999999925388e-06 253
8.738000000008128e-06 254
8.739000000090869e-06 255
8.73999999928543e-06 256
8.740999999368171e-06 257
8.741999999450911e-06 258
8.742999999533652e-06 259
8.743999999616392e-06 260
8.744999999699132e-06 261
8.745999999781873e-06 262
8.765999999660323e-06 261
8.769999999991285e-06 260
8.773999999434068e-06 259
8.775999999599549e-06 260
8.776999999682289e-06 261
8.77799999976503e-06 260
8.78200000009599e-06 259
8.785999999538774e-06 258
8.789999999869735e-06 257
8.793999999312518e-06 256
8.79799999964348e-06 255
8.801999999974441e-06 254
8.806999999499965e-06 255
8.807999999582705e-06 256
8.808999999665446e-06 257
8.809999999748186e-06 258
8.826999999378415e-06 259
8.839999999565862e-06 260
8.840999999648602e-06 261
8.841999999731343e-06 262
8.871999999549018e-06 263
8.872999999631759e-06 264
8.8739999997145e-06 265
8.903999999532175e-06 266
8.922000000133323e-06 265
8.925999999576106e-06 264
8.929999999907068e-06 263
8.933999999349851e-06 264
8.933999999349851e-06 263
8.934999999432591e-06 264
8.935999999515332e-06 265
8.936999999598072e-06 266
8.937999999680812e-06 267
8.937999999680812e-06 266
8.942000000011774e-06 265
8.945999999454557e-06 264
8.949999999785518e-06 263
8.95400000011648e-06 262
8.957999999559263e-06 261
8.961999999890224e-06 260
8.965999999333008e-06 259
8.967999999498488e-06 260
8.997999999316164e-06 261
8.998999999398904e-06 262
8.999999999481645e-06 263
9.02999999929932e-06 264
9.030999999382061e-06 265
9.031999999464801e-06 266
9.061999999282477e-06 267
9.062999999365218e-06 268
9.063999999447958e-06 269
9.064999999530698e-06 270
9.08599999949189e-06 269
9.089999999822851e-06 268
9.094000000153812e-06 267
9.094999999348374e-06 268
9.095999999431115e-06 269
9.096999999513855e-06 270
9.097999999596595e-06 269
9.126999999331531e-06 270
9.157000000037385e-06 271
9.158000000120126e-06 272
9.158999999314688e-06 273
9.159999999397428e-06 274
9.160999999480168e-06 275
9.161999999562909e-06 276
9.191999999380585e-06 277
9.192999999463325e-06 278
9.193999999546065e-06 279
9.194999999628806e-06 280
9.195999999711546e-06 281
9.206999999733512e-06 282
9.217999999755477e-06 281
9.222000000086439e-06 280
9.225999999529222e-06 281
9.226999999611962e-06 282
9.227999999694703e-06 283
9.228999999777443e-06 284
9.258999999595119e-06 285
9.25999999967786e-06 286
9.2609999997606e-06 287
9.26199999984334e-06 288
9.26299999992608e-06 289
9.292999999743756e-06 290
9.293999999826497e-06 291
9.294999999909237e-06 292
9.295999999991977e-06 293
9.325999999809653e-06 294
9.326999999892394e-06 295
9.327999999975134e-06 296
9.329000000057874e-06 297
9.330000000140615e-06 298
9.341999999357142e-06 297
9.35999999995829e-06 298
9.361000000041031e-06 299
9.362000000123771e-06 300
9.391999999941447e-06 301
9.393000000024188e-06 302
9.394000000106928e-06 303
9.39499999930149e-06 304
9.39599999938423e-06 305
9.39699999946697e-06 306
9.397999999549711e-06 307
9.398999999632451e-06 308
9.428999999450127e-06 309
9.429999999532868e-06 310
9.430999999615608e-06 311
9.431999999698348e-06 312
9.461999999516024e-06 313
9.461999999516024e-06 312
9.465999999846986e-06 311
9.469999999289769e-06 310
9.47399999962073e-06 309
9.4919999993337e-06 310
9.49299999941644e-06 311
9.49399999949918e-06 312
9.494999999581921e-06 313
9.524999999399597e-06 314
9.525999999482337e-06 315
9.526999999565078e-06 316
9.556999999382754e-06 317
9.587000000088608e-06 318
9.593999999779612e-06 317
9.598000000110574e-06 316
9.616999999906284e-06 317
9.617999999989024e-06 318
9.619000000071765e-06 319
9.620000000154505e-06 320
9.637999999867475e-06 321
9.64999999997218e-06 322
9.651000000054921e-06 323
9.652000000137662e-06 324
9.681999999955337e-06 325
9.683000000038078e-06 326
9.712999999855754e-06 327
9.717999999381277e-06 326
9.721999999712239e-06 325
9.7260000000432e-06 324
9.729999999485983e-06 323
9.733999999816945e-06 322
9.738000000147906e-06 321
9.74199999959069e-06 320
9.74299999967343e-06 321
9.74599999992165e-06 320
9.749999999364434e-06 319
9.753999999695395e-06 318
9.772999999491105e-06 319
9.773999999573846e-06 320
9.803999999391522e-06 321
9.834000000097376e-06 322
9.834999999291938e-06 323
9.835999999374678e-06 324
9.836999999457419e-06 325
9.837999999540159e-06 326
9.8389999996229e-06 327
9.83999999970564e-06 328
9.869999999523316e-06 329
9.870999999606056e-06 330
9.873999999854277e-06 329
9.900999999423732e-06 330
9.901999999506472e-06 331
9.902999999589213e-06 332
9.903999999671953e-06 333
9.904999999754693e-06 334
9.905999999837434e-06 335
9.906999999920174e-06 336
9.908000000002914e-06 337
9.909000000085655e-06 338
9.909999999280217e-06 339
9.910999999362957e-06 340
9.911999999445698e-06 341
9.942000000151552e-06 342
9.942000000151552e-06 343
9.95599999953356e-06 344
9.971999999969228e-06 345
9.973000000051968e-06 346
9.974000000134708e-06 347
9.97499999932927e-06 348
9.97599999941201e-06 349
9.994000000013159e-06 348
1.0006000000117865e-05 349
1.0006999999312427e-05 350
1.0007999999395167e-05 351
1.0008999999477908e-05 352
1.0038999999295584e-05 353
1.0069000000001438e-05 354
1.0070000000084178e-05 355
1.007099999927874e-05 356
1.0100999999984595e-05 357
1.0113999999283863e-05 356
1.013099999980227e-05 357
1.013199999988501e-05 358
1.0132999999967751e-05 359
1.0134000000050492e-05 360
1.0163999999868167e-05 361
1.0164999999950908e-05 362
1.0166000000033648e-05 363
1.0195999999851324e-05 364
1.0196999999934064e-05 365
1.022699999975174e-05 366
1.022799999983448e-05 367
1.0228999999917221e-05 368
1.0229999999999961e-05 369
1.0233999999442744e-05 368
1.0237999999773706e-05 367
1.0242000000104667e-05 366
1.024599999954745e-05 365
1.0249999999878412e-05 364
1.0253999999321195e-05 363
1.0257999999652156e-05 362
1.0259999999817637e-05 363
1.0261999999983118e-05 362
1.0289999999635313e-05 363
1.0290999999718053e-05 364
1.032099999953573e-05 365
1.0350999999353405e-05 366
1.038100000005926e-05 367
1.0382000000142e-05 368
1.0382000000142e-05 367
1.0382999999336562e-05 368
1.0413000000042416e-05 369
1.0442999999860092e-05 370
1.0443999999942832e-05 371
1.0445000000025573e-05 372
1.0474999999843249e-05 373
1.0501999999412703e-05 372
1.0504999999660924e-05 373
1.05349999994786e-05 374
1.0564999999296276e-05 375
1.0565999999379017e-05 376
1.0566999999461757e-05 377
1.0567999999544497e-05 378
1.0568999999627238e-05 379
1.0598999999444914e-05 380
1.0601999999693135e-05 381
1.0621999999571585e-05 380
1.0629000000150768e-05 381
1.062999999934533e-05 382
1.063099999942807e-05 383
1.063199999951081e-05 384
1.0661999999328486e-05 385
1.069200000003434e-05 386
1.0693000000117081e-05 387
1.0693999999311643e-05 388
1.0694999999394383e-05 389
1.0695999999477124e-05 390
1.0696999999559864e-05 391
1.072699999937754e-05 392
1.0741999999730467e-05 391
1.0746000000061429e-05 390
1.0749999999504212e-05 389
1.0753999999835173e-05 388
1.0757000000083394e-05 389
1.0758000000166135e-05 390
1.0758000000166135e-05 389
1.0758999999360697e-05 390
1.0761999999608918e-05 389
1.076599999993988e-05 388
1.0789000000066551e-05 389
1.0818999999884227e-05 390
1.0848999999701903e-05 391
1.0849999999784643e-05 392
1.0879999999602319e-05 393
1.0886000000098761e-05 392
1.0909999999419995e-05 393
1.0910999999502735e-05 394
1.0911999999585476e-05 395
1.0912999999668216e-05 396
1.0913999999750956e-05 397
1.0914999999833697e-05 398
1.0915999999916437e-05 399
1.0916999999999177e-05 400
1.0918000000081918e-05 401
1.0947999999899594e-05 402
1.097799999971727e-05 403
1.1005999999369465e-05 402
1.1007999999534945e-05 403
1.1008999999617686e-05 404
1.1009999999700426e-05 405
1.1009999999700426e-05 404
1.1010999999783166e-05 405
1.1040999999600842e-05 406
1.1070999999418518e-05 407
1.1071999999501259e-05 408
1.1072999999583999e-05 409
1.1102999999401675e-05 410
1.1103999999484415e-05 411
1.1104999999567156e-05 412
1.1129999999859308e-05 411
1.1133999999302091e-05 410
1.1134999999384831e-05 411
1.1165000000090686e-05 412
1.1165999999285248e-05 413
1.1195999999991102e-05 414
1.1197000000073842e-05 415
1.1198000000156583e-05 416
1.1227999999974259e-05 417
1.1253999999460973e-05 416
1.1257999999791934e-05 417
1.1257999999791934e-05 416
1.1258999999874675e-05 417
1.1262000000122896e-05 416
1.1265999999565679e-05 415
1.126999999989664e-05 414
1.1273999999339424e-05 413
1.1277999999670385e-05 412
1.1282000000001347e-05 411
1.128599999944413e-05 410
1.128899999969235e-05 411
1.1289999999775091e-05 410
1.1294000000106053e-05 409
1.1318999999510027e-05 410
1.1319999999592767e-05 411
1.1320999999675507e-05 412
1.1321999999758248e-05 413
1.1322999999840988e-05 414
1.1352999999658664e-05 415
1.1353999999741404e-05 416
1.1354999999824145e-05 417
1.138499999964182e-05 418
1.1413999999376756e-05 417
1.1414999999459496e-05 418
1.144500000016535e-05 419
1.1445999999359913e-05 420
1.1476000000065767e-05 421
1.1505999999883443e-05 422
1.1533999999535638e-05 421
1.1535999999701119e-05 422
1.1536999999783859e-05 423
1.15379999998666e-05 424
1.15379999998666e-05 423
1.1541999999309382e-05 422
1.1545999999640344e-05 421
1.1549999999971305e-05 420
1.1553999999414089e-05 419
1.155799999974505e-05 418
1.1567999999684275e-05 419
1.1568999999767016e-05 420
1.1595000000141908e-05 421
1.1598999999584692e-05 422
1.1599999999667432e-05 423
1.1629999999485108e-05 424
1.1659999999302784e-05 425
1.1677999999903932e-05 424
1.1681999999346715e-05 423
1.1685999999677676e-05 422
1.1690000000008638e-05 423
1.1690000000008638e-05 422
1.1691000000091378e-05 423
1.169199999928594e-05 424
1.169299999936868e-05 425
1.1693999999451421e-05 426
1.1693999999451421e-05 425
1.1694999999534161e-05 426
1.1697999999782382e-05 425
1.1724999999351837e-05 426
1.1755000000057692e-05 427
1.1784999999875367e-05 428
1.1785999999958108e-05 429
1.1787000000040848e-05 430
1.1816999999858524e-05 431
1.1817999999941264e-05 432
1.1817999999941264e-05 431
1.1819000000024005e-05 432
1.1820000000106745e-05 433
1.1820999999301307e-05 434
1.1821999999384047e-05 435
1.1821999999384047e-05 434
1.1822999999466788e-05 435
1.1825999999715009e-05 434
1.1852999999284464e-05 435
1.1882999999990318e-05 436
1.1884000000073058e-05 437
1.1885000000155799e-05 438
1.188599999935036e-05 439
1.1886999999433101e-05 440
1.1887999999515841e-05 441
1.1888999999598582e-05 442
1.1918999999416258e-05 443
1.1919999999498998e-05 444
1.1920999999581738e-05 445
1.1921999999664479e-05 446
1.1922999999747219e-05 447
1.192399999982996e-05 448
1.19249999999127e-05 449
1.192599999999544e-05 450
1.192700000007818e-05 451
1.194599999987389e-05 450
1.1949999999316674e-05 449
1.1953999999647635e-05 448
1.1956999999895856e-05 449
1.1957999999978597e-05 448
1.196199999942138e-05 447
1.1986999999713532e-05 448
1.1987999999796273e-05 449
1.1988999999879013e-05 450
1.1989999999961753e-05 451
1.1991000000044494e-05 452
1.202099999986217e-05 453
1.202199999994491e-05 454
1.202300000002765e-05 455
1.2052999999845326e-05 456
1.2053999999928067e-05 457
1.2055000000010807e-05 458
1.2056000000093547e-05 459
1.205699999928811e-05 460
1.2081999999580262e-05 459
1.2085999999911223e-05 458
1.2086999999993964e-05 459
1.2088000000076704e-05 460
1.2089999999354006e-05 459
1.211799999989438e-05 460
1.211899999997712e-05 461
1.212000000005986e-05 462
1.2149999999877537e-05 463
1.2179999999695212e-05 464
1.2180999999777953e-05 465
1.2181999999860693e-05 466
1.2182999999943434e-05 467
1.2184000000026174e-05 468
1.2209999999512888e-05 467
1.221399999984385e-05 468
1.2243999999661526e-05 469
1.2273999999479202e-05 470
1.2303999999296877e-05 471
1.2304999999379618e-05 472
1.2305999999462358e-05 473
1.232999999967177e-05 472
1.2334000000002732e-05 471
1.2335999999280034e-05 472
1.2365999999985888e-05 473
1.2367000000068629e-05 474
1.2368000000151369e-05 475
1.2368999999345931e-05 476
1.2369999999428671e-05 477
1.2400000000134526e-05 478
1.2400999999329088e-05 479
1.2401999999411828e-05 480
1.2432000000117682e-05 481
1.2432999999312244e-05 482
1.2433999999394985e-05 483
1.2434999999477725e-05 484
1.2454000000161614e-05 483
1.2457999999604397e-05 482
1.2461999999935358e-05 481
1.24649999992954e-05 482
1.2495000000001255e-05 483
1.2496000000083995e-05 484
1.2525999999901671e-05 485
1.2526999999984412e-05 486
1.2528000000067152e-05 487
1.2533999999675416e-05 488
1.2557999999884828e-05 489
1.2558999999967568e-05 490
1.258200000009424e-05 489
1.2588999999785244e-05 490
1.2589999999867985e-05 491
1.2590999999950725e-05 492
1.26209999997684e-05 493
1.2650999999586077e-05 494
1.2680999999403753e-05 495
1.2681999999486493e-05 496
1.2701999999364944e-05 495
1.2705999999695905e-05 494
1.2710000000026866e-05 493
1.2711999999304169e-05 494
1.271399999946965e-05 493
1.2717999999800611e-05 492
1.2722000000131573e-05 491
1.2742000000010023e-05 492
1.2743000000092763e-05 493
1.2743999999287325e-05 494
1.2744999999370066e-05 495
1.2745999999452806e-05 496
1.277600000015866e-05 497
1.2805999999976336e-05 498
1.2807000000059077e-05 499
1.2836999999876753e-05 500
1.2837999999959493e-05 501
1.2839000000042233e-05 502
1.2841999999402276e-05 501
1.286899999985991e-05 502
1.2898999999677585e-05 503
1.2899999999760325e-05 504
1.2929999999578001e-05 505
1.2930999999660742e-05 506
1.2960999999478418e-05 507
1.2961999999561158e-05 508
1.2961999999561158e-05 507
1.2991999999378834e-05 508
1.3022000000084688e-05 509
1.302299999927925e-05 510
1.3052999999985104e-05 511
1.3054000000067845e-05 512
1.3055000000150585e-05 513
1.3055999999345147e-05 514
1.3056999999427887e-05 515
1.3057999999510628e-05 516
1.3058999999593368e-05 517
1.308199999972004e-05 516
1.3088999999411044e-05 517
1.3089999999493784e-05 518
1.311999999931146e-05 519
1.31209999993942e-05 520
1.3121999999476941e-05 521
1.3122999999559681e-05 522
1.3123999999642422e-05 523
1.3153999999460098e-05 524
1.3154999999542838e-05 525
1.3184999999360514e-05 526
1.3185999999443254e-05 527
1.3186999999525995e-05 528
1.3187999999608735e-05 529
1.3201999999878922e-05 528
1.321799999942641e-05 529
1.3248000000132265e-05 530
1.3277999999949941e-05 531
1.3279000000032681e-05 532
1.3308999999850357e-05 533
1.3322000000037804e-05 532
1.3325999999480587e-05 531
1.3329999999811548e-05 530
1.3338999999668033e-05 531
1.3368999999485709e-05 532
1.336999999956845e-05 533
1.337099999965119e-05 534
1.337199999973393e-05 535
1.337299999981667e-05 536
1.337399999989941e-05 537
1.3374999999982151e-05 538
1.3404999999799827e-05 539
1.3405999999882567e-05 540
1.3406999999965308e-05 541
1.3436999999782984e-05 542
1.344999999997043e-05 541
1.346699999960066e-05 542
1.34679999996834e-05 543
1.346899999976614e-05 544
1.3498999999583816e-05 545
1.3499999999666557e-05 546
1.3500999999749297e-05 547
1.3530999999566973e-05 548
1.3560999999384649e-05 549
1.3570000000129312e-05 548
1.3573999999572095e-05 547
1.3577999999903057e-05 546
1.358199999934584e-05 545
1.3585999999676801e-05 544
1.3590000000007763e-05 543
1.3591000000090503e-05 544
1.3591999999285065e-05 545
1.3621999999990919e-05 546
1.362300000007366e-05 547
1.36240000001564e-05 548
1.3624999999350962e-05 549
1.3625999999433702e-05 550
1.3656000000139557e-05 551
1.3685999999957232e-05 552
1.3710000000166644e-05 551
1.3713999999609428e-05 550
1.3715999999774908e-05 551
1.3716999999857649e-05 552
1.3717999999940389e-05 553
1.3717999999940389e-05 552
1.371900000002313e-05 553
1.3748999999840805e-05 554
1.3749999999923546e-05 555
1.3779999999741221e-05 556
1.3780999999823962e-05 557
1.3810999999641638e-05 558
1.3811999999724378e-05 559
1.3838000000099271e-05 558
1.3841999999542054e-05 559
1.3841999999542054e-05 558
1.3842999999624794e-05 559
1.3843999999707535e-05 560
1.387399999952521e-05 561
1.3874999999607951e-05 562
1.3904999999425627e-05 563
1.3905999999508367e-05 564
1.3935999999326043e-05 565
1.3941999999822485e-05 566
1.3961999999700936e-05 565
1.3966000000031897e-05 566
1.3966000000031897e-05 565
1.396999999947468e-05 564
1.3973999999805642e-05 563
1.3978000000136603e-05 562
1.3981999999579386e-05 561
1.3985999999910348e-05 560
1.3989999999353131e-05 559
1.3995999999849573e-05 560
1.3996999999932314e-05 561
1.3998000000015054e-05 562
1.3999000000097794e-05 563
1.402899999991547e-05 564
1.4058999999733146e-05 565
1.4059999999815886e-05 566
1.4089999999633562e-05 567
1.4090999999716303e-05 568
1.4109999999512013e-05 567
1.4120999999533979e-05 568
1.4121999999616719e-05 569
1.4151999999434395e-05 570
1.4152999999517135e-05 571
1.4153999999599876e-05 572
1.4154999999682616e-05 573
1.4184999999500292e-05 574
1.4214999999317968e-05 575
1.4229999999670895e-05 574
1.4234000000001856e-05 573
1.423799999944464e-05 572
1.42419999997756e-05 571
1.4245000000023822e-05 572
1.4246000000106562e-05 573
1.4246000000106562e-05 572
1.4249999999549345e-05 571
1.4275999999924238e-05 572
1.4277000000006979e-05 573
1.4278000000089719e-05 574
1.4278999999284281e-05 575
1.4279999999367021e-05 576
1.4310000000072876e-05 577
1.4311000000155616e-05 578
1.4311999999350178e-05 579
1.4342000000056032e-05 580
1.4343000000138773e-05 581
1.4343999999333334e-05 582
1.4344999999416075e-05 583
1.4345999999498815e-05 584
1.4369999999708227e-05 583
1.4375999999316491e-05 584
1.4376999999399231e-05 585
1.4377999999481972e-05 586
1.4407999999299648e-05 587
1.4408999999382388e-05 588
1.4439000000088242e-05 589
1.4439999999282804e-05 590
1.4440999999365545e-05 591
1.4441999999448285e-05 592
1.447200000015414e-05 593
1.448999999986711e-05 592
1.4493999999309892e-05 591
1.4497999999640854e-05 590
1.4501999999971815e-05 591
1.4531999999789491e-05 592
1.4532999999872231e-05 593
1.4533999999954972e-05 594
1.4563999999772648e-05 595
1.4593999999590324e-05 596
1.4594999999673064e-05 597
1.4595999999755804e-05 598
1.4596999999838545e-05 599
1.4617999999799736e-05 598
1.462699999965622e-05 599
1.4627999999738961e-05 600
1.4628999999821701e-05 601
1.4629999999904442e-05 602
1.4630999999987182e-05 603
1.4660999999804858e-05 604
1.4661999999887598e-05 605
1.4662999999970339e-05 606
1.4692999999788015e-05 607
1.4693999999870755e-05 608
1.4694999999953495e-05 609
1.4724999999771171e-05 610
1.4737999999958618e-05 609
1.47419999994014e-05 608
1.4745999999732362e-05 607
1.4750000000063324e-05 606
1.4754999999588847e-05 607
1.4755999999671587e-05 608
1.4756999999754328e-05 609
1.4786999999572004e-05 610
1.481699999938968e-05 611
1.481799999947242e-05 612
1.481899999955516e-05 613
1.4848999999372836e-05 614
1.4849999999455576e-05 615
1.4869999999334027e-05 614
1.4873999999664989e-05 613
1.487799999999595e-05 612
1.488000000016143e-05 613
1.4880999999355993e-05 614
1.4911000000061847e-05 615
1.4940999999879523e-05 616
1.4941999999962263e-05 617
1.4943000000045004e-05 618
1.4961999999840714e-05 619
1.497299999986268e-05 620
1.4998000000154832e-05 619
1.5001999999597615e-05 618
1.5002999999680355e-05 619
1.5003999999763096e-05 620
1.5005999999928576e-05 619
1.500999999937136e-05 618
1.5033999999580772e-05 619
1.5034999999663512e-05 620
1.5064999999481188e-05 621
1.5094999999298864e-05 622
1.5095999999381604e-05 623
1.5096999999464344e-05 624
1.5097999999547085e-05 625
1.512799999936476e-05 626
1.5129999999530241e-05 625
1.5158000000070615e-05 626
1.5159000000153355e-05 627
1.5188999999971031e-05 628
1.5190000000053772e-05 629
1.5191000000136512e-05 630
1.5191999999331074e-05 631
1.5192999999413814e-05 632
1.5193999999496555e-05 633
1.5194999999579295e-05 634
1.5195999999662035e-05 635
1.5225999999479711e-05 636
1.5226999999562452e-05 637
1.5227999999645192e-05 638
1.5228999999727932e-05 639
1.5249999999689123e-05 638
1.5258999999545608e-05 639
1.525999999962835e-05 640
1.526099999971109e-05 641
1.5290999999528765e-05 642
1.532099999934644e-05 643
1.532199999942918e-05 644
1.5352000000135035e-05 645
1.5369999999848005e-05 646
1.5369999999848005e-05 645
1.537399999929079e-05 644
1.537799999962175e-05 643
1.538199999995271e-05 644
1.538199999995271e-05 643
1.538300000003545e-05 644
1.5384000000118192e-05 645
1.5413999999935868e-05 646
1.5415000000018608e-05 647
1.541600000010135e-05 648
1.541699999929591e-05 649
1.5447000000001765e-05 650
1.547699999981944e-05 651
1.5502000000111593e-05 650
1.5505999999554376e-05 649
1.5506999999637117e-05 650
1.5507999999719857e-05 651
1.5508999999802597e-05 652
1.5509999999885338e-05 653
1.5509999999885338e-05 652
1.5510999999968078e-05 653
1.551399999932812e-05 652
1.5517999999659082e-05 651
1.5521999999990044e-05 650
1.5525999999432827e-05 649
1.552999999976379e-05 648
1.5540999999785754e-05 649
1.557099999960343e-05 650
1.557199999968617e-05 651
1.557299999976891e-05 652
1.5602999999586586e-05 653
1.5603999999669327e-05 654
1.5604999999752067e-05 655
1.5634999999569743e-05 656
1.5635999999652483e-05 657
1.564999999992267e-05 656
1.5653999999365453e-05 655
1.5657999999696415e-05 654
1.5662000000027376e-05 653
1.566599999947016e-05 654
1.566599999947016e-05 653
1.566999999980112e-05 652
1.5674000000132082e-05 651
1.5677999999574865e-05 650
1.5681999999905827e-05 649
1.568599999934861e-05 648
1.568999999967957e-05 647
1.5695999999287835e-05 648
1.5696999999370576e-05 649
1.5697999999453316e-05 650
1.572800000015917e-05 651
1.5757999999976846e-05 652
1.5759000000059586e-05 653
1.5760000000142327e-05 654
1.576099999933689e-05 655
1.5791000000042743e-05 656
1.5809999999838453e-05 655
1.582099999986042e-05 656
1.582199999994316e-05 657
1.58230000000259e-05 658
1.582400000010864e-05 659
1.5853999999926316e-05 660
1.5855000000009056e-05 661
1.5884999999826732e-05 662
1.5885999999909473e-05 663
1.591599999972715e-05 664
1.591699999980989e-05 665
1.5929999999997335e-05 664
1.5946999999627565e-05 665
1.597699999944524e-05 666
1.6007000000151095e-05 667
1.603699999996877e-05 668
1.603800000005151e-05 669
1.6050000000156217e-05 668
1.6053999999599e-05 667
1.605799999992996e-05 666
1.6061999999372745e-05 665
1.6065999999703706e-05 664
1.6067999999869187e-05 665
1.6068999999951927e-05 666
1.6070000000034668e-05 667
1.6070000000034668e-05 666
1.6071000000117408e-05 667
1.607199999931197e-05 668
1.607299999939471e-05 669
1.607399999947745e-05 668
1.6077999999808412e-05 667
1.6103000000100565e-05 668
1.6103999999295127e-05 669
1.613400000000098e-05 670
1.613500000008372e-05 671
1.6164999999901397e-05 672
1.6194999999719073e-05 673
1.6195999999801813e-05 674
1.6197999999967294e-05 673
1.6201999999410077e-05 672
1.620599999974104e-05 671
1.6210000000072e-05 670
1.6213999999514783e-05 669
1.6217999999845745e-05 668
1.622599999961949e-05 669
1.622699999970223e-05 670
1.622799999978497e-05 671
1.6257999999602646e-05 672
1.6287999999420322e-05 673
1.6288999999503062e-05 674
1.6318999999320738e-05 675
1.6338000000004627e-05 674
1.634199999944741e-05 673
1.634599999977837e-05 672
1.6349000000026592e-05 673
1.6350000000109333e-05 674
1.6350000000109333e-05 673
1.6350999999303895e-05 674
1.6353999999552116e-05 673
1.6357999999883077e-05 672
1.638100000000975e-05 673
1.6410999999827425e-05 674
1.6411999999910165e-05 675
1.644199999972784e-05 676
1.644299999981058e-05 677
1.6443999999893322e-05 678
1.6473999999710998e-05 679
1.647800000004196e-05 678
1.6503999999528673e-05 679
1.6504999999611414e-05 680
1.653499999942909e-05 681
1.6565000000134944e-05 682
1.6565999999329506e-05 683
1.659600000003536e-05 684
1.65970000001181e-05 685
1.6597999999312663e-05 686
1.6597999999312663e-05 685
1.6601999999643624e-05 684
1.6605999999974586e-05 683
1.6628000000018517e-05 684
1.6657999999836193e-05 685
1.6658999999918933e-05 686
1.6660000000001673e-05 687
1.6661000000084414e-05 688
1.6661999999278976e-05 689
1.669199999998483e-05 690
1.6721999999802506e-05 691
1.6722999999885246e-05 692
1.6723999999967987e-05 693
1.6725000000050727e-05 694
1.6726000000133467e-05 695
1.6726000000133467e-05 694
1.672699999932803e-05 695
1.672799999941077e-05 696
1.672899999949351e-05 697
1.672999999957625e-05 698
1.672999999957625e-05 697
1.6733999999907212e-05 696
1.6737999999349995e-05 695
1.6741999999680957e-05 694
1.6746000000011918e-05 693
1.67499999994547e-05 692
1.6753999999785663e-05 691
1.6758000000116624e-05 690
1.6759999999393926e-05 691
1.6760999999476667e-05 692
1.6761999999559407e-05 691
1.676599999989037e-05 690
1.676999999933315e-05 689
1.6773999999664113e-05 688
1.6777999999995075e-05 687
1.6781999999437858e-05 686
1.6790999999294343e-05 687
1.6821000000000197e-05 688
1.6850999999817873e-05 689
1.688099999963555e-05 690
1.688199999971829e-05 691
1.688299999980103e-05 692
1.690199999959674e-05 691
1.6912999999618705e-05 692
1.694299999943638e-05 693
1.694399999951912e-05 694
1.6973999999336797e-05 695
1.6974999999419538e-05 696
1.6975999999502278e-05 697
1.697699999958502e-05 698
1.7006999999402694e-05 699
1.7007999999485435e-05 700
1.702199999975562e-05 699
1.7026000000086583e-05 698
1.7029999999529366e-05 697
1.7033999999860328e-05 696
1.703799999930311e-05 697
1.703799999930311e-05 696
1.7041999999634072e-05 695
1.7045999999965034e-05 694
1.7049999999407817e-05 693
1.7053999999738778e-05 692
1.705800000006974e-05 691
1.7061999999512523e-05 690
1.7068000000008965e-05 691
1.7069000000091705e-05 692
1.7069999999286267e-05 693
1.7070999999369008e-05 694
1.7071999999451748e-05 695
1.7102000000157602e-05 696
1.7131999999975278e-05 697
1.713300000005802e-05 698
1.7162999999875694e-05 699
1.7163999999958435e-05 700
1.7165000000041175e-05 701
1.7181999999671405e-05 700
1.719499999985885e-05 701
1.7224999999676527e-05 702
1.7254999999494203e-05 703
1.728499999931188e-05 704
1.728599999939462e-05 705
1.728699999947736e-05 706
1.7301999999830286e-05 705
1.7306000000161248e-05 704
1.730999999960403e-05 703
1.7313999999934993e-05 702
1.7316999999295035e-05 703
1.7317999999377776e-05 702
1.7321999999708737e-05 701
1.73260000000397e-05 700
1.732999999948248e-05 699
1.7333999999813443e-05 698
1.7338000000144405e-05 697
1.7341999999587188e-05 696
1.734599999991815e-05 695
1.734700000000089e-05 696
1.734800000008363e-05 697
1.734900000016637e-05 698
1.7349999999360932e-05 697
1.7353999999691894e-05 696
1.7358000000022855e-05 695
1.7378999999984046e-05 696
1.7380000000066786e-05 697
1.7409999999884462e-05 698
1.7439999999702138e-05 699
1.7469999999519814e-05 700
1.7470999999602554e-05 701
1.7471999999685295e-05 702
1.7472999999768035e-05 703
1.747799999929356e-05 702
1.748199999962452e-05 701
1.750299999958571e-05 702
1.750399999966845e-05 703
1.7504999999751192e-05 704
1.7534999999568868e-05 705
1.7535999999651608e-05 706
1.753699999973435e-05 707
1.7566999999552024e-05 708
1.7567999999634765e-05 709
1.759799999945244e-05 710
1.7601999999783402e-05 709
1.7606000000114364e-05 708
1.7609999999557147e-05 707
1.7613999999888108e-05 706
1.7628000000158295e-05 707
1.765799999997597e-05 708
1.765900000005871e-05 709
1.766000000014145e-05 710
1.7660999999336013e-05 711
1.7661999999418754e-05 712
1.7662999999501494e-05 713
1.7663999999584235e-05 714
1.7664999999666975e-05 715
1.769499999948465e-05 716
1.769599999956739e-05 717
1.7725999999385067e-05 718
1.7726999999467807e-05 719
1.773400000004699e-05 718
1.7756999999285483e-05 719
1.7757999999368224e-05 720
1.7758999999450964e-05 721
1.7789000000156818e-05 722
1.7818999999974494e-05 723
1.784899999979217e-05 724
1.784999999987491e-05 725
1.7853999999317693e-05 724
1.7857999999648655e-05 723
1.7861999999979616e-05 722
1.7879999999692586e-05 723
1.7909999999510262e-05 724
1.7939999999327938e-05 725
1.7970000000033792e-05 726
1.7971000000116533e-05 727
1.7971999999311095e-05 728
1.7972999999393835e-05 729
1.79820000001385e-05 728
1.798599999958128e-05 727
1.7989999999912243e-05 726
1.800300000009969e-05 727
1.8032999999917365e-05 728
1.806299999973504e-05 729
1.8092999999552717e-05 730
1.8093999999635457e-05 731
1.8110000000071125e-05 730
1.8123999999453133e-05 731
1.8124999999535873e-05 732
1.815499999935355e-05 733
1.815599999943629e-05 734
1.815699999951903e-05 735
1.815799999960177e-05 736
1.815899999968451e-05 737
1.815999999976725e-05 738
1.8189999999584927e-05 739
1.8190999999667667e-05 740
1.8220999999485343e-05 741
1.8221999999568084e-05 742
1.8229999999341828e-05 741
1.823399999967279e-05 740
1.823800000000375e-05 739
1.8241999999446534e-05 738
1.8245999999777496e-05 737
1.825199999938576e-05 738
1.82529999994685e-05 739
1.825399999955124e-05 740
1.825499999963398e-05 741
1.825599999971672e-05 742
1.825699999979946e-05 743
1.8286999999617137e-05 744
1.8287999999699878e-05 745
1.8288999999782618e-05 746
1.828999999986536e-05 747
1.82909999999481e-05 748
1.829200000003084e-05 749
1.8321999999848515e-05 750
1.835199999966619e-05 751
1.835299999974893e-05 752
1.8365999999936378e-05 751
1.8382999999566607e-05 752
1.8383999999649348e-05 753
1.8384999999732088e-05 754
1.8385999999814828e-05 755
1.8415999999632504e-05 756
1.8416999999715244e-05 757
1.844699999953292e-05 758
1.8457999999554886e-05 759
1.8476999999350596e-05 760
1.8477999999433337e-05 761
1.8478999999516077e-05 762
1.8479999999598817e-05 763
1.848600000009526e-05 762
1.8489999999538043e-05 761
1.8493999999869004e-05 760
1.8509999999416493e-05 761
1.8540000000122348e-05 762
1.854099999931691e-05 763
1.854199999939965e-05 764
1.854299999948239e-05 765
1.854399999956513e-05 766
1.8573999999382806e-05 767
1.860400000008866e-05 768
1.8614000000027886e-05 767
1.861799999947067e-05 766
1.862199999980163e-05 765
1.8633999999906337e-05 766
1.8634999999989077e-05 767
1.8664999999806753e-05 768
1.869499999962443e-05 769
1.869599999970717e-05 770
1.8725999999524845e-05 771
1.8726999999607585e-05 772
1.8727999999690326e-05 773
1.8741999999960512e-05 772
1.8745999999403296e-05 771
1.8749999999734257e-05 770
1.875400000006522e-05 769
1.8757999999508e-05 770
1.8787999999325677e-05 771
1.8818000000031532e-05 772
1.8847999999849208e-05 773
1.8873999999335922e-05 772
1.8877999999666883e-05 773
1.8877999999666883e-05 772
1.8878999999749624e-05 773
1.8881999999997845e-05 772
1.89089999995673e-05 773
1.8938999999384976e-05 774
1.8939999999467716e-05 775
1.8940999999550456e-05 776
1.8970999999368132e-05 777
1.9001000000073986e-05 778
1.9002000000156727e-05 779
1.9002000000156727e-05 778
1.900299999935129e-05 779
1.900399999943403e-05 780
1.900499999951677e-05 781
1.9034999999334445e-05 782
1.9035999999417186e-05 783
1.9036999999499926e-05 784
1.9066999999317602e-05 785
1.9067999999400342e-05 786
1.9068999999483083e-05 787
1.9069999999565823e-05 788
1.90999999993835e-05 789
1.912199999942743e-05 788
1.9125999999758392e-05 787
1.9130000000089353e-05 788
1.9130000000089353e-05 787
1.9130999999283915e-05 788
1.9133999999532136e-05 787
1.9137999999863098e-05 786
1.914199999930588e-05 785
1.916099999998977e-05 786
1.916200000007251e-05 787
1.916300000015525e-05 788
1.9192999999972926e-05 789
1.9194000000055667e-05 790
1.9195000000138407e-05 791
1.9224999999956083e-05 792
1.925499999977376e-05 793
1.9261999999464763e-05 792
1.9265999999795724e-05 791
1.9270000000126686e-05 790
1.927399999956947e-05 789
1.927799999990043e-05 788
1.9284999999591435e-05 789
1.9285999999674175e-05 790
1.9286999999756915e-05 791
1.931699999957459e-05 792
1.931799999965733e-05 793
1.9318999999740072e-05 794
1.9348999999557748e-05 795
1.9378999999375424e-05 796
1.9379999999458164e-05 797
1.9380999999540904e-05 798
1.9381999999623645e-05 799
1.9398000000059312e-05 798
1.941199999944132e-05 799
1.9442000000147175e-05 800
1.947199999996485e-05 801
1.947300000004759e-05 802
1.947400000013033e-05 803
1.9503999999948007e-05 804
1.9505000000030748e-05 805
1.9517999999330016e-05 804
1.9521999999660977e-05 803
1.952599999999194e-05 802
1.9529999999434722e-05 801
1.9534999999848424e-05 802
1.95649999996661e-05 803
1.956599999974884e-05 804
1.956699999983158e-05 805
1.9596999999649256e-05 806
1.9597999999731996e-05 807
1.9598999999814737e-05 808
1.9599999999897477e-05 809
1.9629999999715153e-05 810
1.9649999999593604e-05 809
1.9653999999924565e-05 808
1.9657999999367348e-05 807
1.965999999953283e-05 808
1.966099999961557e-05 809
1.966199999969831e-05 808
1.966600000002927e-05 807
1.9690999999433245e-05 808
1.9691999999515986e-05 809
1.9692999999598726e-05 810
1.9722999999416402e-05 811
1.9723999999499142e-05 812
1.9753999999316818e-05 813
1.975499999939956e-05 814
1.97559999994823e-05 815
1.9785999999299975e-05 816
1.9785999999299975e-05 815
1.9789999999630936e-05 814
1.9793999999961898e-05 813
1.979799999940468e-05 812
1.981600000000583e-05 813
1.9845999999823505e-05 814
1.987599999964118e-05 815
1.987699999972392e-05 816
1.9906999999541597e-05 817
1.9917999999563563e-05 816
1.9921999999894524e-05 815
1.9925999999337307e-05 814
1.992999999966827e-05 813
1.993399999999923e-05 812
1.9936999999359273e-05 813
1.9967000000065127e-05 814
1.9968000000147867e-05 815
1.9997999999965543e-05 816
1.9999000000048284e-05 817
2.0000000000131024e-05 818
2.00299999999487e-05 819
2.003100000003144e-05 820
2.003200000011418e-05 821
2.0032999999308743e-05 822
2.0054000000158112e-05 821
2.0057999999600895e-05 820
2.0061999999931857e-05 819
2.0063000000014597e-05 820
2.0064000000097337e-05 821
2.00649999992919e-05 822
2.0094999999997754e-05 823
2.0096000000080494e-05 824
2.0097000000163234e-05 825
2.0097999999357796e-05 826
2.012800000006365e-05 827
2.0157999999881326e-05 828
2.0158999999964067e-05 829
2.018200000009074e-05 828
2.018599999953352e-05 827
2.0188999999781743e-05 828
2.0189999999864483e-05 827
2.0193999999307266e-05 826
2.0197999999638228e-05 825
2.020199999996919e-05 824
2.0205999999411972e-05 823
2.0209999999742934e-05 822
2.021899999959942e-05 823
2.021999999968216e-05 824
2.0249999999499835e-05 825
2.0250999999582575e-05 826
2.028099999940025e-05 827
2.0311000000106105e-05 828
2.0329999999901815e-05 827
2.03339999993446e-05 826
2.033799999967556e-05 825
2.034099999992378e-05 826
2.034200000000652e-05 825
2.0370999999741457e-05 826
2.0371999999824197e-05 827
2.0372999999906938e-05 828
2.0402999999724614e-05 829
2.0403999999807354e-05 830
2.043399999962503e-05 831
2.043499999970777e-05 832
2.043599999979051e-05 833
2.0462000000165403e-05 832
2.0465999999608186e-05 833
2.0466999999690927e-05 834
2.0496999999508603e-05 835
2.0497999999591343e-05 836
2.0498999999674083e-05 837
2.052899999949176e-05 838
2.05299999995745e-05 839
2.053099999965724e-05 840
2.0560999999474916e-05 841
2.0581999999436107e-05 840
2.058599999976707e-05 839
2.059000000009803e-05 838
2.0590999999292592e-05 839
2.0593999999540813e-05 838
2.0620999999998446e-05 839
2.0622000000081186e-05 840
2.0651999999898862e-05 841
2.0681999999716538e-05 842
2.068299999979928e-05 843
2.0712999999616954e-05 844
2.0713999999699695e-05 843
2.0718000000030656e-05 842
2.072199999947344e-05 841
2.074299999943463e-05 842
2.0773000000140485e-05 843
2.0773999999335047e-05 844
2.0774999999417787e-05 845
2.080500000012364e-05 846
2.0805999999318203e-05 847
2.0836000000024057e-05 848
2.0837000000106798e-05 849
2.084199999963232e-05 848
2.0866999999924474e-05 849
2.0868000000007214e-05 850
2.0869000000089954e-05 851
2.089899999990763e-05 852
2.089999999999037e-05 853
2.090100000007311e-05 854
2.0930999999890787e-05 855
2.0931999999973527e-05 856
2.0961999999791203e-05 857
2.0961999999791203e-05 856
2.0962999999873944e-05 857
2.099299999969162e-05 858
2.099399999977436e-05 859
2.09949999998571e-05 860
2.099599999993984e-05 861
2.1025999999757516e-05 862
2.1055999999575192e-05 863
2.1081999999950085e-05 862
2.1085999999392868e-05 863
2.1085999999392868e-05 862
2.108699999947561e-05 863
2.108799999955835e-05 864
2.108999999972383e-05 863
2.109400000005479e-05 862
2.1117999999376025e-05 863
2.114800000008188e-05 864
2.114900000016462e-05 865
2.1178999999982295e-05 866
2.120899999979997e-05 867
2.1213999999325495e-05 866
2.1238999999617647e-05 867
2.1239999999700387e-05 868
2.1240999999783128e-05 869
2.1270999999600804e-05 870
2.1271999999683544e-05 871
2.130199999950122e-05 872
2.1331999999318896e-05 873
2.1332999999401636e-05 874
2.1333999999484377e-05 873
2.1337999999815338e-05 872
2.13420000001463e-05 871
2.136300000010749e-05 872
2.1363999999302052e-05 873
2.1364999999384793e-05 874
2.1395000000090647e-05 875
2.1424999999908323e-05 876
2.1425999999991063e-05 877
2.1427000000073804e-05 878
2.145699999989148e-05 879
2.1461999999417003e-05 878
2.1465999999747964e-05 877
2.1486999999709155e-05 878
2.1487999999791896e-05 879
2.151799999960957e-05 880
2.1547999999427248e-05 881
2.1578000000133102e-05 882
2.1578999999327664e-05 883
2.1579999999410404e-05 884
2.1585999999906846e-05 883
2.161000000011626e-05 884
2.1639999999933934e-05 885
2.1641000000016675e-05 886
2.1642000000099415e-05 887
2.167199999991709e-05 888
2.1701999999734767e-05 889
2.1706000000065728e-05 888
2.1731999999552443e-05 889
2.176199999937012e-05 890
2.1792000000075973e-05 891
2.182199999989365e-05 892
2.1825999999336432e-05 891
2.1829999999667393e-05 890
2.1851999999711325e-05 891
2.1881999999529e-05 892
2.1911999999346676e-05 893
2.194200000005253e-05 894
2.1949999999826275e-05 893
2.1971999999870206e-05 894
2.1972999999952947e-05 895
2.2002999999770623e-05 896
2.20329999995883e-05 897
2.2062999999405974e-05 898
2.2069999999985157e-05 897
2.207399999942794e-05 896
2.20779999997589e-05 895
2.2082000000089863e-05 894
2.2085999999532646e-05 893
2.2089999999863608e-05 892
2.209300000011183e-05 893
2.209399999930639e-05 894
2.209399999930639e-05 893
2.2124000000012245e-05 894
2.215399999982992e-05 895
2.215499999991266e-05 896
2.2184999999730337e-05 897
2.2213999999465273e-05 896
2.2214999999548013e-05 897
2.2217999999796234e-05 896
2.224499999936569e-05 897
2.2275000000071543e-05 898
2.230499999988922e-05 899
2.230599999997196e-05 900
2.23070000000547e-05 901
2.230800000013744e-05 902
2.2337999999955116e-05 903
2.2337999999955116e-05 902
2.2339000000037856e-05 903
2.2340000000120597e-05 904
2.234099999931516e-05 905
2.23419999993979e-05 904
2.234599999972886e-05 903
2.2350000000059822e-05 902
2.2353999999502605e-05 901
2.2357999999833567e-05 900
2.2362000000164528e-05 899
2.236599999960731e-05 898
2.2369999999938273e-05 897
2.2371000000021013e-05 898
2.2372000000103753e-05 899
2.2372999999298315e-05 900
2.2373999999381056e-05 899
2.2377999999712017e-05 898
2.238200000004298e-05 897
2.240300000000417e-05 898
2.2432999999821845e-05 899
2.2433999999904586e-05 900
2.2434999999987326e-05 901
2.2464999999805002e-05 902
2.2494999999622678e-05 903
2.2501999999313682e-05 902
2.2524999999440354e-05 903
2.2555000000146208e-05 904
2.255599999934077e-05 905
2.255699999942351e-05 906
2.255799999950625e-05 907
2.255899999958899e-05 908
2.2588999999406667e-05 909
2.2589999999489407e-05 910
2.2590999999572148e-05 911
2.2620999999389824e-05 912
2.2621999999472564e-05 911
2.2651000000095678e-05 912
2.265199999929024e-05 913
2.2681999999996094e-05 914
2.271199999981377e-05 915
2.271299999989651e-05 916
2.2741999999631446e-05 915
2.2742999999714186e-05 916
2.2743999999796927e-05 917
2.2773999999614603e-05 918
2.2774999999697343e-05 919
2.280499999951502e-05 920
2.2834999999332695e-05 921
2.2861999999790328e-05 920
2.286500000003855e-05 921
2.286600000012129e-05 920
2.2869999999564072e-05 919
2.2873999999895034e-05 918
2.2877999999337817e-05 917
2.2894999999856225e-05 918
2.2895999999938965e-05 919
2.292599999975664e-05 920
2.292699999983938e-05 921
2.2956999999657057e-05 922
2.2957999999739798e-05 923
2.2987999999557474e-05 924
2.2988999999640214e-05 925
2.2989999999722954e-05 926
2.2990999999805695e-05 927
2.29979999994967e-05 926
2.300199999982766e-05 925
2.3006000000158622e-05 924
2.3009999999601405e-05 923
2.302099999962337e-05 924
2.3050999999441046e-05 925
2.3051999999523787e-05 926
2.3052999999606527e-05 927
2.3053999999689267e-05 928
2.3054999999772008e-05 929
2.3055999999854748e-05 930
2.3085999999672424e-05 931
2.31159999994901e-05 932
2.311699999957284e-05 933
2.3129999999760287e-05 932
2.3146999999390516e-05 933
2.3147999999473257e-05 934
2.3177999999290932e-05 935
2.3207999999996787e-05 936
2.3209000000079527e-05 937
2.3238999999897203e-05 938
2.324999999991917e-05 937
2.3253999999361952e-05 936
2.3257999999692913e-05 935
2.326899999971488e-05 936
2.326999999979762e-05 937
2.3299999999615295e-05 938
2.3300999999698035e-05 939
2.3301999999780776e-05 940
2.3331999999598452e-05 941
2.3361999999416128e-05 942
2.3377999999851795e-05 941
2.3392000000121982e-05 942
2.3421999999939658e-05 943
2.3451999999757334e-05 944
2.3452999999840074e-05 945
2.348299999965775e-05 946
2.3498000000010677e-05 945
2.350199999945346e-05 944
2.350599999978442e-05 943
2.3510000000115383e-05 942
2.3512999999475426e-05 943
2.3513999999558166e-05 944
2.3543999999375842e-05 945
2.3574000000081696e-05 946
2.3603999999899372e-05 947
2.3604999999982113e-05 948
2.3629999999386087e-05 947
2.3633999999717048e-05 946
2.363499999979979e-05 947
2.363599999988253e-05 948
2.363800000004801e-05 947
2.3665999999700205e-05 948
2.369599999951788e-05 949
2.3725999999335556e-05 950
2.3726999999418297e-05 951
2.375700000012415e-05 952
2.3757999999318713e-05 951
2.3761999999649674e-05 950
2.3786999999941827e-05 951
2.3788000000024567e-05 952
2.3817999999842243e-05 953
2.384799999965992e-05 954
2.384899999974266e-05 955
2.38499999998254e-05 956
2.385099999990814e-05 957
2.385199999999088e-05 958
2.3881999999808556e-05 959
2.3881999999808556e-05 958
2.3882999999891297e-05 959
2.3886000000139518e-05 958
2.38899999995823e-05 957
2.3893999999913262e-05 956
2.3912999999708973e-05 957
2.394299999952665e-05 958
2.394399999960939e-05 959
2.394499999969213e-05 960
2.3974999999509805e-05 961
2.3975999999592545e-05 962
2.3976999999675286e-05 963
2.3977999999758026e-05 964
2.3978999999840767e-05 965
2.4008999999658442e-05 966
2.4009999999741183e-05 967
2.4014000000072144e-05 966
2.403999999955886e-05 967
2.4069999999376535e-05 968
2.410000000008239e-05 969
2.4129999999900065e-05 970
2.4133999999342848e-05 969
2.413799999967381e-05 968
2.415999999971774e-05 969
2.4189999999535416e-05 970
2.4190999999618157e-05 971
2.4191999999700897e-05 972
2.4192999999783638e-05 973
2.4193999999866378e-05 974
2.419499999994912e-05 975
2.4224999999766794e-05 976
2.425499999958447e-05 977
2.425799999983269e-05 976
2.4284999999402146e-05 977
2.4315000000108e-05 978
2.4315999999302562e-05 979
2.4316999999385303e-05 980
2.4317999999468043e-05 981
2.4318999999550783e-05 982
2.434899999936846e-05 983
2.4377999999991573e-05 982
2.4379000000074313e-05 983
2.4380000000157054e-05 984
2.4380999999351616e-05 985
2.441100000005747e-05 986
2.441200000014021e-05 987
2.4412999999334772e-05 988
2.4413999999417513e-05 989
2.4414999999500253e-05 990
2.444499999931793e-05 991
2.444599999940067e-05 992
2.444699999948341e-05 993
2.444799999956615e-05 994
2.4477999999383826e-05 995
2.4498000000150455e-05 994
2.4501999999593238e-05 993
2.45059999999242e-05 992
2.450800000008968e-05 993
2.4537999999907356e-05 994
2.4567999999725032e-05 995
2.4568999999807772e-05 996
2.4569999999890513e-05 997
2.4570999999973253e-05 998
2.460099999979093e-05 999
2.462600000008308e-05 998
2.4630999999608605e-05 999
2.4631999999691345e-05 1000
2.4632999999774086e-05 1001
2.466299999959176e-05 1002
2.4692999999409437e-05 1003
2.4693999999492178e-05 1004
2.4723999999309854e-05 1005
2.4724999999392594e-05 1006
2.4725999999475334e-05 1007
2.4745999999353785e-05 1006
2.4749999999684746e-05 1005
2.4754000000015708e-05 1004
2.475599999929301e-05 1005
2.4785999999998864e-05 1006
2.481599999981654e-05 1007
2.481699999989928e-05 1008
2.4846999999716957e-05 1009
2.487399999928641e-05 1008
2.4876999999534632e-05 1009
2.490699999935231e-05 1010
2.4937000000058163e-05 1011
2.496699999987584e-05 1012
2.496799999995858e-05 1013
2.4993999999445293e-05 1012
2.4997999999776255e-05 1013
2.502799999959393e-05 1014
2.502899999967667e-05 1015
2.502999999975941e-05 1016
2.5059999999577087e-05 1017
2.5060999999659828e-05 1018
2.5061999999742568e-05 1019
2.506299999982531e-05 1020
2.506399999990805e-05 1021
2.5093999999725725e-05 1022
2.5113999999604175e-05 1021
2.51239999995434e-05 1022
2.512499999962614e-05 1023
2.512599999970888e-05 1024
2.512699999979162e-05 1025
2.5156999999609297e-05 1026
2.5186999999426973e-05 1027
2.5187999999509714e-05 1028
2.5188999999592454e-05 1029
2.5206999999305424e-05 1030
2.521899999941013e-05 1031
2.521999999949287e-05 1032
2.522099999957561e-05 1033
2.522199999965835e-05 1034
2.5233999999763057e-05 1033
2.523800000009402e-05 1032
2.52419999995368e-05 1031
2.5245999999867763e-05 1030
2.5249999999310546e-05 1029
2.5251999999476027e-05 1030
2.5281999999293703e-05 1031
2.5282999999376443e-05 1032
2.5283999999459184e-05 1033
2.5314000000165038e-05 1034
2.53149999993596e-05 1035
2.531599999944234e-05 1036
2.531699999952508e-05 1037
2.5346999999342756e-05 1038
2.5347999999425497e-05 1039
2.5348999999508237e-05 1040
2.5349999999590977e-05 1041
2.5369999999469428e-05 1040
2.5379999999408653e-05 1041
2.5410000000114508e-05 1042
2.5439999999932184e-05 1043
2.5441000000014924e-05 1044
2.54709999998326e-05 1045
2.548999999962831e-05 1044
2.5500999999650276e-05 1045
2.5501999999733016e-05 1046
2.5502999999815756e-05 1047
2.5503999999898497e-05 1048
2.5533999999716173e-05 1049
2.556399999953385e-05 1050
2.5593999999351524e-05 1051
2.5609999999787192e-05 1050
2.5614000000118153e-05 1049
2.5617999999560936e-05 1048
2.5621999999891898e-05 1047
2.562400000005738e-05 1048
2.562500000014012e-05 1049
2.5654999999957795e-05 1050
2.568499999977547e-05 1051
2.568599999985821e-05 1052
2.568699999994095e-05 1053
2.5716999999758627e-05 1054
2.5717999999841368e-05 1055
2.5718999999924108e-05 1056
2.574200000005078e-05 1055
2.5748999999741784e-05 1056
2.5749999999824524e-05 1057
2.57799999996422e-05 1058
2.578099999972494e-05 1059
2.578199999980768e-05 1060
2.5811999999625357e-05 1061
2.5812999999708097e-05 1062
2.5813999999790838e-05 1063
2.5843999999608513e-05 1064
2.5861999999321483e-05 1063
2.5865999999652445e-05 1062
2.5869999999983406e-05 1061
2.587399999942619e-05 1062
2.587399999942619e-05 1061
2.587499999950893e-05 1062
2.587799999975715e-05 1061
2.5882000000088112e-05 1060
2.5904999999326606e-05 1061
2.5905999999409346e-05 1062
2.5906999999492086e-05 1063
2.5907999999574827e-05 1064
2.5937999999392503e-05 1065
2.5938999999475243e-05 1066
2.5939999999557983e-05 1067
2.596999999937566e-05 1068
2.59709999994584e-05 1069
2.6001000000164254e-05 1070
2.6001999999358816e-05 1071
2.6001999999358816e-05 1070
2.6002999999441556e-05 1071
2.6003999999524297e-05 1072
2.6033999999341972e-05 1073
2.6034999999424713e-05 1074
2.6035999999507453e-05 1075
2.6036999999590194e-05 1076
2.606699999940787e-05 1077
2.606799999949061e-05 1078
2.6097999999308286e-05 1079
2.6121999999517698e-05 1078
2.612599999984866e-05 1077
2.612800000001414e-05 1078
2.612900000009688e-05 1079
2.6129999999291442e-05 1080
2.6129999999291442e-05 1079
2.6159999999997297e-05 1080
2.6189999999814972e-05 1081
2.6219999999632648e-05 1082
2.6249999999450324e-05 1083
2.6249999999450324e-05 1082
2.6250999999533065e-05 1083
2.6251999999615805e-05 1084
2.6252999999698545e-05 1085
2.628299999951622e-05 1086
2.6312999999333897e-05 1087
2.634300000003975e-05 1088
2.6369999999609206e-05 1087
2.6372999999857427e-05 1088
2.6402999999675103e-05 1089
2.643299999949278e-05 1090
2.6462999999310455e-05 1091
2.6489999999768088e-05 1090
2.649300000001631e-05 1091
2.649400000009905e-05 1090
2.6522999999833985e-05 1091
2.655299999965166e-05 1092
2.6582999999469337e-05 1093
2.6612999999287013e-05 1094
2.6613999999369753e-05 1093
2.6642999999992867e-05 1094
2.6672999999810543e-05 1095
2.670299999962822e-05 1096
2.6732999999445894e-05 1097
2.6733999999528635e-05 1096
2.6737999999859596e-05 1095
2.674199999930238e-05 1094
2.674599999963334e-05 1093
2.6749999999964302e-05 1092
2.6753999999407085e-05 1091
2.6757999999738047e-05 1090
2.676200000006901e-05 1089
2.676300000015175e-05 1090
2.676599999951179e-05 1089
2.6792999999969425e-05 1090
2.68229999997871e-05 1091
2.6852999999604776e-05 1092
2.6882999999422452e-05 1093
2.6885999999670673e-05 1092
2.6913000000128307e-05 1093
2.6942999999945982e-05 1094
2.6972999999763658e-05 1095
2.7002999999581334e-05 1096
2.7005999999829555e-05 1095
2.703299999939901e-05 1096
2.7063000000104864e-05 1097
2.709299999992254e-05 1098
2.7122999999740216e-05 1099
2.7125999999988437e-05 1098
2.712999999943122e-05 1097
2.713399999976218e-05 1096
2.7138000000093143e-05 1095
2.7152999999557892e-05 1096
2.7182999999375568e-05 1097
2.7213000000081422e-05 1098
2.7242999999899098e-05 1099
2.7257999999363847e-05 1098
2.7272999999716774e-05 1099
2.730299999953445e-05 1100
2.7332999999352126e-05 1101
2.736300000005798e-05 1102
2.737799999952273e-05 1101
2.738199999985369e-05 1100
2.7385999999296473e-05 1099
2.7392999999875656e-05 1100
2.742299999969333e-05 1101
2.7452999999511007e-05 1102
2.7482999999328683e-05 1103
2.7505999999455355e-05 1102
2.7509999999786316e-05 1101
2.7513000000034538e-05 1102
2.7514000000117278e-05 1101
2.7542999999852213e-05 1102
2.757299999966989e-05 1103
2.7602999999487565e-05 1104
2.763299999930524e-05 1105
2.763399999938798e-05 1104
2.7663000000011095e-05 1105
2.769299999982877e-05 1106
2.7722999999646447e-05 1107
2.7752999999464123e-05 1108
2.7753999999546863e-05 1107
2.7757999999877825e-05 1106
2.77829999992818e-05 1107
2.7812999999987653e-05 1108
2.784299999980533e-05 1109
2.7872999999623005e-05 1110
2.7878000000036707e-05 1109
2.788199999947949e-05 1108
2.788599999981045e-05 1107
2.790299999944068e-05 1108
2.7933000000146535e-05 1109
2.796299999996421e-05 1110
2.7992999999781887e-05 1111
2.8005999999969333e-05 1110
2.8022999999599563e-05 1111
2.805299999941724e-05 1112
2.8083000000123093e-05 1113
2.811299999994077e-05 1114
2.8126000000128215e-05 1113
2.8129999999570998e-05 1112
2.8142999999758445e-05 1113
2.817299999957612e-05 1114
2.8202999999393796e-05 1115
2.823300000009965e-05 1116
2.824999999972988e-05 1115
2.8262999999917326e-05 1116
2.8292999999735002e-05 1117
2.8322999999552678e-05 1118
2.8352999999370354e-05 1119
2.8369999999888762e-05 1118
2.8373999999331545e-05 1117
2.8377999999662507e-05 1116
2.8381999999993468e-05 1115
2.838300000007621e-05 1116
2.838599999943625e-05 1115
2.8412999999893884e-05 1116
2.844299999971156e-05 1117
2.8472999999529236e-05 1118
2.8502999999346912e-05 1119
2.8505999999595133e-05 1118
2.8509999999926094e-05 1117
2.8513999999368878e-05 1116
2.8533000000052766e-05 1117
2.8562999999870442e-05 1118
2.8592999999688118e-05 1119
2.8622999999505794e-05 1120
2.863399999952776e-05 1119
2.865299999932347e-05 1120
2.8683000000029324e-05 1121
2.8712999999847e-05 1122
2.8742999999664676e-05 1123
2.875399999968664e-05 1122
2.877299999948235e-05 1123
2.8802999999300027e-05 1124
2.8833000000005882e-05 1125
2.8862999999823558e-05 1126
2.8873999999845523e-05 1125
2.8877999999288306e-05 1124
2.8892999999641233e-05 1125
2.892299999945891e-05 1126
2.8953000000164764e-05 1127
2.898299999998244e-05 1128
2.8997999999447188e-05 1127
2.9012999999800115e-05 1128
2.904299999961779e-05 1129
2.9072999999435467e-05 1130
2.910300000014132e-05 1131
2.911799999960607e-05 1130
2.9132999999958997e-05 1131
2.9162999999776673e-05 1132
2.919299999959435e-05 1133
2.9222999999412025e-05 1134
2.9237999999764952e-05 1133
2.9242000000095913e-05 1132
2.9245999999538697e-05 1131
2.925300000011788e-05 1132
2.9282999999935555e-05 1133
2.931299999975323e-05 1134
2.9342999999570907e-05 1135
2.936599999969758e-05 1134
2.937000000002854e-05 1133
2.9372999999388583e-05 1134
2.9403000000094437e-05 1135
2.9432999999912113e-05 1136
2.946299999972979e-05 1137
2.9489999999299243e-05 1136
2.9492999999547465e-05 1137
2.952299999936514e-05 1138
2.9553000000070995e-05 1139
2.958299999988867e-05 1140
2.9609999999458125e-05 1139
2.9612999999706346e-05 1140
2.9613999999789087e-05 1139
2.9642999999524022e-05 1140
2.9672999999341698e-05 1141
2.9703000000047552e-05 1142
2.973299999986523e-05 1143
2.973399999994797e-05 1142
2.9762999999682904e-05 1143
2.979299999950058e-05 1144
2.9822999999318256e-05 1145
2.985300000002411e-05 1146
2.985400000010685e-05 1145
2.9882999999841786e-05 1146
2.9912999999659462e-05 1147
2.9942999999477138e-05 1148
2.9972999999294814e-05 1149
2.9973999999377554e-05 1148
2.9977999999708516e-05 1147
2.9982000000039477e-05 1146
2.998599999948226e-05 1145
2.998999999981322e-05 1144
2.9994000000144183e-05 1143
3.0003000000000668e-05 1144
3.0032999999818344e-05 1145
3.006299999963602e-05 1146
3.0092999999453696e-05 1147
3.0113999999414887e-05 1146
3.012300000015955e-05 1147
3.0152999999977226e-05 1148
3.01829999997949e-05 1149
3.0212999999612578e-05 1150
3.023399999957377e-05 1149
3.0242999999430253e-05 1150
3.0273000000136108e-05 1151
3.0302999999953784e-05 1152
3.033299999977146e-05 1153
3.035399999973265e-05 1152
3.0358000000063612e-05 1151
3.0361999999506395e-05 1150
3.0362999999589135e-05 1151
3.039299999940681e-05 1152
3.0423000000112665e-05 1153
3.045299999993034e-05 1154
3.0481999999665277e-05 1153
3.0482999999748017e-05 1154
3.048599999999624e-05 1153
3.048999999943902e-05 1152
3.0493999999769983e-05 1151
3.0498000000100944e-05 1150
3.0501999999543727e-05 1149
3.050599999987469e-05 1148
3.0512999999565693e-05 1149
3.054299999938337e-05 1150
3.057300000008922e-05 1151
3.06029999999069e-05 1152
3.062600000003357e-05 1151
3.0632999999724575e-05 1152
3.066299999954225e-05 1153
3.069299999935993e-05 1154
3.072300000006578e-05 1155
3.0745999999304274e-05 1154
3.0749999999635236e-05 1153
3.075299999988346e-05 1154
3.07539999999662e-05 1153
3.075799999940898e-05 1152
3.076199999973994e-05 1151
3.07660000000709e-05 1150
3.0769999999513686e-05 1149
3.078299999970113e-05 1150
3.081299999951881e-05 1151
3.0842999999336485e-05 1152
3.087300000004234e-05 1153
3.088999999967257e-05 1152
3.089400000000353e-05 1151
3.089799999944631e-05 1150
3.0901999999777274e-05 1149
3.0902999999860015e-05 1150
3.0906000000108236e-05 1149
3.090999999955102e-05 1148
3.091399999988198e-05 1147
3.0917999999324763e-05 1146
3.0921999999655725e-05 1145
3.093299999967769e-05 1146
3.0962999999495366e-05 1147
3.099299999931304e-05 1148
3.1023000000018897e-05 1149
3.104199999981461e-05 1148
3.105299999983657e-05 1149
3.108299999965425e-05 1150
3.1112999999471924e-05 1151
3.11429999992896e-05 1152
3.116199999997349e-05 1151
3.116599999941627e-05 1150
3.116999999974723e-05 1149
3.1172999999995454e-05 1150
3.1174000000078195e-05 1149
3.117799999952098e-05 1148
3.120299999981313e-05 1149
3.1232999999630806e-05 1150
3.126299999944848e-05 1151
3.1293000000154336e-05 1152
3.129799999967986e-05 1151
3.130200000001082e-05 1150
3.1305999999453604e-05 1149
3.132299999997201e-05 1150
3.135299999978969e-05 1151
3.1382999999607364e-05 1152
3.141299999942504e-05 1153
3.1425999999612486e-05 1152
3.142999999994345e-05 1151
3.143399999938623e-05 1150
3.143799999971719e-05 1149
3.1442000000048154e-05 1148
3.1443000000130894e-05 1149
3.147299999994857e-05 1150
3.1502999999766246e-05 1151
3.153299999958392e-05 1152
3.156199999931886e-05 1151
3.15629999994016e-05 1152
3.156599999964982e-05 1151
3.159300000010745e-05 1152
3.162299999992513e-05 1153
3.1652999999742804e-05 1154
3.168299999956048e-05 1155
3.16859999998087e-05 1154
3.169000000013966e-05 1153
3.1693999999582445e-05 1152
3.1712999999378155e-05 1153
3.174300000008401e-05 1154
3.1772999999901685e-05 1155
3.180299999971936e-05 1156
3.181399999974133e-05 1155
3.183299999953704e-05 1156
3.186299999935471e-05 1157
3.189300000006057e-05 1158
3.192299999987824e-05 1159
3.193399999990021e-05 1158
3.193799999934299e-05 1157
3.1941999999673953e-05 1156
3.1946000000004915e-05 1155
3.19499999994477e-05 1154
3.195299999969592e-05 1155
3.1982999999513595e-05 1156
3.201299999933127e-05 1157
3.2043000000037125e-05 1158
3.206999999960658e-05 1157
3.20729999998548e-05 1158
3.210299999967248e-05 1159
3.213299999949015e-05 1160
3.216299999930783e-05 1161
3.218999999976546e-05 1160
3.219300000001368e-05 1161
3.222299999983136e-05 1162
3.2252999999649035e-05 1163
3.228299999946671e-05 1164
3.2309999999924344e-05 1163
3.2312999999284386e-05 1164
3.234299999999024e-05 1165
3.2372999999807917e-05 1166
3.240299999962559e-05 1167
3.2430000000083226e-05 1166
3.243299999944327e-05 1167
3.243399999952601e-05 1166
3.243799999985697e-05 1165
3.246300000014912e-05 1166
3.24929999999668e-05 1167
3.2522999999784474e-05 1168
3.255299999960215e-05 1169
3.255800000001585e-05 1168
3.2582999999419826e-05 1169
3.261300000012568e-05 1170
3.2642999999943356e-05 1171
3.267299999976103e-05 1172
3.2677999999286556e-05 1171
3.268199999961752e-05 1170
3.268599999994848e-05 1169
3.268999999939126e-05 1168
3.269399999972222e-05 1167
3.270299999957871e-05 1168
3.2732999999396384e-05 1169
3.276300000010224e-05 1170
3.2792999999919914e-05 1171
3.2813999999881105e-05 1170
3.281799999932389e-05 1169
3.282199999965485e-05 1168
3.282299999973759e-05 1169
3.2852999999555266e-05 1170
3.288299999937294e-05 1171
3.2913000000078796e-05 1172
3.294199999981373e-05 1171
3.294299999989647e-05 1172
3.294600000014469e-05 1171
3.2949999999587476e-05 1170
3.295399999991844e-05 1169
3.297299999971415e-05 1170
3.3002999999531824e-05 1171
3.30329999993495e-05 1172
3.3063000000055354e-05 1173
3.307400000007732e-05 1172
3.309299999987303e-05 1173
3.3122999999690705e-05 1174
3.315299999950838e-05 1175
3.318299999932606e-05 1176
3.319399999934802e-05 1175
3.3197999999678984e-05 1174
3.321300000003191e-05 1175
3.324299999984959e-05 1176
3.327299999966726e-05 1177
3.330299999948494e-05 1178
3.3317999999837866e-05 1177
3.332199999928065e-05 1176
3.332599999961161e-05 1175
3.3332999999302615e-05 1176
3.336300000000847e-05 1177
3.3392999999826145e-05 1178
3.342299999964382e-05 1179
3.344599999977049e-05 1178
3.34529999994615e-05 1179
3.348299999927917e-05 1180
3.351299999998503e-05 1181
3.35429999998027e-05 1182
3.3565999999929375e-05 1181
3.356999999937216e-05 1180
3.357299999962038e-05 1181
3.3602999999438055e-05 1182
3.363300000014391e-05 1183
3.3662999999961585e-05 1184
3.368999999953104e-05 1183
3.369299999977926e-05 1184
3.3693999999862e-05 1183
3.3697999999304784e-05 1182
3.3722999999596937e-05 1183
3.375299999941461e-05 1184
3.378300000012047e-05 1185
3.381299999993814e-05 1186
3.3817999999463666e-05 1185
3.384299999975582e-05 1186
3.3872999999573494e-05 1187
3.390299999939117e-05 1188
3.3933000000097024e-05 1189
3.393799999962255e-05 1188
3.39629999999147e-05 1189
3.3992999999732376e-05 1190
3.402299999955005e-05 1191
3.405299999936773e-05 1192
3.405799999978143e-05 1191
3.406200000011239e-05 1190
3.408300000007358e-05 1191
3.411299999989126e-05 1192
3.4142999999708934e-05 1193
3.417299999952661e-05 1194
3.4181999999383095e-05 1193
3.4202999999344286e-05 1194
3.423300000005014e-05 1195
3.4262999999867816e-05 1196
3.429299999968549e-05 1197
3.430199999954198e-05 1196
3.430599999987294e-05 1195
3.430999999931572e-05 1194
3.431399999964668e-05 1193
3.4317999999977644e-05 1192
3.432299999950317e-05 1193
3.4352999999320843e-05 1194
3.43830000000267e-05 1195
3.4412999999844374e-05 1196
3.4438000000136526e-05 1195
3.444299999966205e-05 1196
3.4472999999479725e-05 1197
3.45029999992974e-05 1198
3.4529999999755034e-05 1199
3.4533000000003256e-05 1200
3.455799999940723e-05 1199
3.456199999973819e-05 1198
3.456299999982093e-05 1199
3.459299999963861e-05 1200
3.462299999945628e-05 1201
3.465300000016214e-05 1202
3.468199999989707e-05 1201
3.468299999997981e-05 1202
3.4685999999339856e-05 1201
3.468999999967082e-05 1200
3.471299999979749e-05 1201
3.4742999999615165e-05 1202
3.477299999943284e-05 1203
3.4803000000138695e-05 1204
3.48099999998297e-05 1203
3.483299999995637e-05 1204
3.486299999977405e-05 1205
3.489299999959172e-05 1206
3.49229999994094e-05 1207
3.492999999998858e-05 1206
3.4933999999431364e-05 1205
3.495300000011525e-05 1206
3.498299999993293e-05 1207
3.5012999999750605e-05 1208
3.504299999956828e-05 1209
3.5053999999590246e-05 1208
3.505799999992121e-05 1207
3.5072999999385956e-05 1208
3.510300000009181e-05 1209
3.513299999990949e-05 1210
3.516299999972716e-05 1211
3.517800000008009e-05 1210
3.518199999952287e-05 1209
3.519299999954484e-05 1210
3.5222999999362514e-05 1211
3.525300000006837e-05 1212
3.5282999999886044e-05 1213
3.5301999999681755e-05 1212
3.531299999970372e-05 1213
3.5342999999521396e-05 1214
3.537299999933907e-05 1215
3.5403000000044926e-05 1216
3.5421999999840637e-05 1215
3.542599999928342e-05 1214
3.54329999998626e-05 1215
3.546299999968028e-05 1216
3.5492999999497954e-05 1217
3.552299999931563e-05 1218
3.55459999994423e-05 1217
3.554999999977326e-05 1216
3.5553000000021484e-05 1217
3.5554000000104224e-05 1216
3.555799999954701e-05 1215
3.556199999987797e-05 1214
3.556599999932075e-05 1213
3.5569999999651714e-05 1212
3.558299999983916e-05 1213
3.5612999999656836e-05 1214
3.564299999947451e-05 1215
3.567299999929219e-05 1216
3.5689999999810595e-05 1215
3.569400000014156e-05 1214
3.570299999999804e-05 1215
3.573299999981572e-05 1216
3.5762999999633394e-05 1217
3.579299999945107e-05 1218
3.581399999941226e-05 1217
3.581799999974322e-05 1216
3.5822000000074183e-05 1215
3.5823000000156924e-05 1216
3.5825999999516966e-05 1215
3.582999999984793e-05 1214
3.58529999999746e-05 1215
3.5882999999792276e-05 1216
3.591099999944447e-05 1217
3.591299999960995e-05 1218
3.594299999942763e-05 1219
3.595000000000681e-05 1218
3.595399999944959e-05 1217
3.597300000013348e-05 1218
3.600299999995116e-05 1219
3.603299999976883e-05 1220
3.606299999958651e-05 1221
3.6073999999608475e-05 1220
3.6077999999939436e-05 1219
3.608199999938222e-05 1218
3.608599999971318e-05 1217
3.6092999999404185e-05 1218
3.612300000011004e-05 1219
3.6152999999927715e-05 1220
3.618299999974539e-05 1221
3.620599999987206e-05 1220
3.621299999956307e-05 1221
3.624299999938074e-05 1222
3.62730000000866e-05 1223
3.630299999990427e-05 1224
3.6326000000030945e-05 1223
3.633299999972195e-05 1224
3.6362999999539625e-05 1225
3.63929999993573e-05 1226
3.6423000000063155e-05 1227
3.644599999930165e-05 1226
3.644999999963261e-05 1225
3.645299999988083e-05 1226
3.6482999999698507e-05 1227
3.651299999951618e-05 1228
3.654299999933386e-05 1229
3.656999999979149e-05 1228
3.657300000003971e-05 1229
3.660299999985739e-05 1230
3.6632999999675064e-05 1231
3.666299999949274e-05 1232
3.6689999999950373e-05 1231
3.6692999999310416e-05 1232
3.672300000001627e-05 1233
3.6752999999833946e-05 1234
3.678299999965162e-05 1235
3.6810000000109255e-05 1234
3.68129999994693e-05 1235
3.681399999955204e-05 1234
3.6817999999883e-05 1233
3.682199999932578e-05 1232
3.6825999999656744e-05 1231
3.6829999999987706e-05 1230
3.683399999943049e-05 1229
3.6842999999286974e-05 1230
3.687299999999283e-05 1231
3.6902999999810504e-05 1232
3.693299999962818e-05 1233
3.695399999958937e-05 1232
3.695799999992033e-05 1231
3.6961999999363115e-05 1230
3.6962999999445856e-05 1231
3.699300000015171e-05 1232
3.7022999999969386e-05 1233
3.705299999978706e-05 1234
3.7081999999522e-05 1233
3.708299999960474e-05 1234
3.7112999999422414e-05 1235
3.714300000012827e-05 1236
3.7172999999945944e-05 1237
3.720199999968088e-05 1236
3.720299999976362e-05 1237
3.720600000001184e-05 1236
3.7209999999454624e-05 1235
3.7232999999581295e-05 1236
3.726299999939897e-05 1237
3.7293000000104826e-05 1238
3.73229999999225e-05 1239
3.7329999999613506e-05 1238
3.733399999994447e-05 1237
3.733699999930451e-05 1238
3.733799999938725e-05 1237
3.7367000000010364e-05 1238
3.7390000000137036e-05 1239
3.739699999982804e-05 1240
3.7426999999645716e-05 1241
3.745699999946339e-05 1242
3.745799999954613e-05 1241
3.748699999928107e-05 1242
3.751699999998692e-05 1243
3.75469999998046e-05 1244
3.7576999999622274e-05 1245
3.7577999999705014e-05 1244
3.760699999943995e-05 1245
3.7637000000145804e-05 1246
3.766699999996348e-05 1247
3.7696999999781156e-05 1248
3.7697999999863896e-05 1247
3.770199999930668e-05 1246
3.772699999959883e-05 1247
3.775699999941651e-05 1248
3.778700000012236e-05 1249
3.781699999994004e-05 1250
3.782199999946556e-05 1249
3.782599999979652e-05 1248
3.7830000000127484e-05 1247
3.783399999957027e-05 1246
3.783799999990123e-05 1245
3.784699999975771e-05 1246
3.787699999957539e-05 1247
3.7906999999393065e-05 1248
3.793700000009892e-05 1249
3.795800000006011e-05 1248
3.7966999999916595e-05 1249
3.799699999973427e-05 1250
3.802699999955195e-05 1251
3.805699999936962e-05 1252
3.8077999999330814e-05 1251
3.808700000007548e-05 1252
3.811699999989315e-05 1253
3.814699999971083e-05 1254
3.8176999999528505e-05 1255
3.8197999999489696e-05 1254
3.820199999982066e-05 1253
3.820600000015162e-05 1252
3.820699999934618e-05 1253
3.82099999995944e-05 1252
3.8237000000052035e-05 1253
3.825099999943404e-05 1254
3.82810000001399e-05 1255
3.8310999999957573e-05 1256
3.832499999933958e-05 1257
3.8329999999753284e-05 1256
3.8334000000084245e-05 1255
3.8355000000045436e-05 1256
3.838499999986311e-05 1257
3.841499999968079e-05 1258
3.8428999999950975e-05 1259
3.845399999935495e-05 1258
3.845799999968591e-05 1257
3.845899999976865e-05 1258
3.8488999999586326e-05 1259
3.8518999999404e-05 1260
3.8549000000109857e-05 1261
3.8562999999491865e-05 1262
3.857699999976205e-05 1263
3.857799999984479e-05 1262
3.8581999999287575e-05 1261
3.860699999957973e-05 1262
3.86369999993974e-05 1263
3.866700000010326e-05 1264
3.8696999999920934e-05 1265
3.870199999944646e-05 1264
3.870599999977742e-05 1263
3.871000000010838e-05 1262
3.872699999973861e-05 1263
3.8756999999556285e-05 1264
3.878699999937396e-05 1265
3.8817000000079815e-05 1266
3.8829999999379083e-05 1265
3.8833999999710045e-05 1264
3.884699999989749e-05 1265
3.887699999971517e-05 1266
3.8890999999985354e-05 1267
3.892099999980303e-05 1268
3.8935000000073217e-05 1269
3.895399999986893e-05 1268
3.895799999931171e-05 1267
3.896499999989089e-05 1268
3.899499999970857e-05 1269
3.9024999999526244e-05 1270
3.903899999979643e-05 1271
3.906899999961411e-05 1272
3.907799999947059e-05 1271
3.909899999943178e-05 1272
3.911299999970197e-05 1273
3.9126999999972156e-05 1274
3.915699999978983e-05 1275
3.917100000006002e-05 1276
3.918499999944203e-05 1277
3.9197999999629474e-05 1276
3.921500000014788e-05 1277
3.9317999999788356e-05 1276
3.943799999994724e-05 1275
3.944199999939002e-05 1274
3.944599999972098e-05 1273
3.9450000000051944e-05 1272
3.9521999999792e-05 1273
3.956999999932265e-05 1272
3.9585999999758315e-05 1273
3.968999999948153e-05 1272
3.969399999981249e-05 1271
3.981399999997137e-05 1270
3.9817999999414155e-05 1269
3.993799999957304e-05 1268
3.9941999999904e-05 1267
4.006200000006288e-05 1266
4.0065999999505664e-05 1265
4.0069999999836625e-05 1264
4.007399999927941e-05 1263
4.019399999943829e-05 1262
4.0202999999294775e-05 1263
4.0266000000066526e-05 1264
4.031399999959717e-05 1263
4.0377999999563485e-05 1264
4.0433999999756054e-05 1263
4.0438000000087015e-05 1262
4.055799999935772e-05 1261
4.056199999968868e-05 1260
4.056600000001964e-05 1259
4.0569999999462425e-05 1258
4.0573999999793386e-05 1257
4.067500000015656e-05 1258
4.069399999995227e-05 1257
4.069799999939505e-05 1256
4.070199999972601e-05 1255
4.0821999999884895e-05 1254
4.082599999932768e-05 1253
4.082999999965864e-05 1252
4.08339999999896e-05 1251
4.0837999999432384e-05 1250
4.0957999999591266e-05 1249
4.096199999992223e-05 1248
4.096599999936501e-05 1247
4.108599999952389e-05 1246
4.1089999999854854e-05 1245
4.1210000000013736e-05 1244
4.121399999945652e-05 1243
4.121799999978748e-05 1242
4.122200000011844e-05 1241
4.126999999964909e-05 1242
4.133499999969814e-05 1243
4.1341999999389145e-05 1242
4.146199999954803e-05 1241
4.150999999996685e-05 1242
4.158199999970691e-05 1241
4.158600000003787e-05 1240
4.1589999999480654e-05 1239
4.1709999999639535e-05 1238
4.17260000000752e-05 1239
4.17539999997274e-05 1240
4.182999999979842e-05 1239
4.183400000012938e-05 1238
4.183799999957216e-05 1237
4.184199999990312e-05 1236
4.1962000000062005e-05 1235
4.196599999950479e-05 1234
4.196999999983575e-05 1233
4.197099999991849e-05 1234
4.197400000016671e-05 1233
4.1977999999609494e-05 1232
4.2097999999768376e-05 1231
4.210200000009934e-05 1230
4.210599999954212e-05 1229
4.2225999999701e-05 1228
4.2230000000031964e-05 1227
4.223399999947475e-05 1226
4.235399999963363e-05 1225
4.235499999971637e-05 1226
4.247399999979251e-05 1225
4.247800000012347e-05 1224
4.2481999999566256e-05 1223
4.2541000000007045e-05 1224
4.257099999982472e-05 1225
4.260199999972514e-05 1224
4.272199999988402e-05 1223
4.27259999993268e-05 1222
4.2729999999657764e-05 1221
4.2849999999816646e-05 1220
4.285400000014761e-05 1219
4.297399999941831e-05 1218
4.297799999974927e-05 1217
4.3097999999908154e-05 1216
4.314199999999602e-05 1217
4.3218000000067036e-05 1216
4.322199999950982e-05 1215
4.322599999984078e-05 1214
4.334599999999966e-05 1213
4.340199999930405e-05 1214
4.3466000000158544e-05 1213
4.358599999942925e-05 1212
4.358999999976021e-05 1211
4.370999999991909e-05 1210
4.3713999999361874e-05 1209
4.3833999999520756e-05 1208
4.395399999967964e-05 1207
4.39580000000106e-05 1206
4.396199999945338e-05 1205
4.3965999999784344e-05 1204
4.4085999999943226e-05 1203
4.4142000000135795e-05 1204
4.420600000010211e-05 1203
4.420999999954489e-05 1202
4.4257999999963715e-05 1203
4.428799999978139e-05 1204
4.431799999959907e-05 1205
4.432999999970377e-05 1204
4.4334000000034735e-05 1203
4.433799999947752e-05 1202
4.434199999980848e-05 1201
4.434600000013944e-05 1200
4.4349999999582224e-05 1199
4.4353999999913185e-05 1198
4.435799999935597e-05 1197
4.447799999951485e-05 1196
4.448199999984581e-05 1195
4.4485999999288595e-05 1194
4.4489999999619556e-05 1193
4.450399999988974e-05 1194
4.453399999970742e-05 1195
4.460999999977844e-05 1194
4.46140000001094e-05 1193
4.461799999955218e-05 1192
4.464999999953534e-05 1193
4.4737999999711064e-05 1192
4.4857999999869946e-05 1191
4.486199999931273e-05 1190
4.4874999999500176e-05 1191
4.498199999947161e-05 1190
4.510199999963049e-05 1189
4.5221999999789375e-05 1188
4.5226000000120337e-05 1187
4.522999999956312e-05 1186
4.533200000000903e-05 1187
4.5349999999722e-05 1186
4.535400000005296e-05 1185
4.5357999999495746e-05 1184
4.536199999982671e-05 1183
4.548199999998559e-05 1182
4.560200000014447e-05 1181
4.5721999999415175e-05 1180
4.5725999999746136e-05 1179
4.57300000000771e-05 1178
4.573399999951988e-05 1177
4.573799999985084e-05 1176
4.581099999967364e-05 1177
4.5858000000009724e-05 1176
4.590599999954037e-05 1177
4.597799999928043e-05 1176
4.598199999961139e-05 1175
4.598599999994235e-05 1174
4.610600000010123e-05 1173
4.6109999999544016e-05 1172
4.611399999987498e-05 1171
4.623400000003386e-05 1170
4.623799999947664e-05 1169
4.6281999999564505e-05 1170
4.6357999999635524e-05 1169
4.642199999960184e-05 1170
4.6477999999794406e-05 1169
4.648200000012537e-05 1168
4.648599999956815e-05 1167
4.652999999965601e-05 1168
4.660599999972703e-05 1167
4.6725999999885914e-05 1166
4.67299999993287e-05 1165
4.673399999965966e-05 1164
4.673799999999062e-05 1163
4.68580000001495e-05 1162
4.692699999964134e-05 1163
4.6977999999420206e-05 1162
4.698199999975117e-05 1161
4.698600000008213e-05 1160
4.698999999952491e-05 1159
4.7109999999683794e-05 1158
4.7114000000014755e-05 1157
4.723399999928546e-05 1156
4.723799999961642e-05 1155
4.73579999997753e-05 1154
4.7362000000106264e-05 1153
4.738999999975846e-05 1154
4.7404000000028645e-05 1155
4.7418999999493394e-05 1156
4.7423999999907096e-05 1157
4.748199999937697e-05 1156
4.7496999999729894e-05 1157
4.760199999953585e-05 1156
4.763000000007622e-05 1157
4.772199999969473e-05 1156
4.784199999985361e-05 1155
4.7845999999296396e-05 1154
4.7885999999941475e-05 1155
4.796599999945528e-05 1154
4.796999999978624e-05 1153
4.79740000001172e-05 1152
4.7977999999559984e-05 1151
4.7981999999890945e-05 1150
4.798599999933373e-05 1149
4.810599999949261e-05 1148
4.810999999982357e-05 1147
4.8229999999982454e-05 1146
4.823399999942524e-05 1145
4.835399999958412e-05 1144
4.8473999999743e-05 1143
4.847800000007396e-05 1142
4.8597999999344665e-05 1141
4.860199999967563e-05 1140
4.860299999975837e-05 1141
4.860600000000659e-05 1140
4.866199999931098e-05 1141
4.872600000016547e-05 1140
4.8753999999817665e-05 1141
4.880199999934831e-05 1142
4.8845999999436174e-05 1141
4.8849999999767135e-05 1140
4.896999999992602e-05 1139
4.903399999989233e-05 1140
4.90900000000849e-05 1139
4.909399999952768e-05 1138
4.9097999999858644e-05 1137
4.9218000000017526e-05 1136
4.929499999928311e-05 1137
4.933799999928823e-05 1136
4.934199999961919e-05 1135
4.943999999973414e-05 1136
4.946199999977807e-05 1135
4.9466000000109034e-05 1134
4.946999999955182e-05 1133
4.9523999999578905e-05 1134
4.955399999939658e-05 1135
4.95899999997107e-05 1134
4.970999999986958e-05 1133
4.9713999999312364e-05 1132
4.9833999999471246e-05 1131
4.992599999997793e-05 1132
4.995399999963013e-05 1131
4.995799999996109e-05 1130
5.007800000011997e-05 1129
5.0081999999562754e-05 1128
5.0085999999893716e-05 1127
5.017500000015218e-05 1128
5.02060000000526e-05 1127
5.028799999973188e-05 1128
5.03259999993233e-05 1127
5.032999999965426e-05 1126
5.0333999999985224e-05 1125
5.033799999942801e-05 1124
5.034199999975897e-05 1123
5.038199999951587e-05 1124
5.046199999991785e-05 1123
5.058200000007673e-05 1122
5.0585999999519515e-05 1121
5.058999999985048e-05 1120
5.059399999929326e-05 1119
5.059799999962422e-05 1118
5.060199999995518e-05 1117
5.0605999999397966e-05 1116
5.060999999972893e-05 1115
5.061400000005989e-05 1114
5.069399999957369e-05 1115
5.073399999933059e-05 1114
5.0737999999661554e-05 1113
5.077500000005841e-05 1114
5.0834999999693764e-05 1115
5.0857999999820436e-05 1114
5.097799999997932e-05 1113
5.103799999961467e-05 1114
5.10980000001382e-05 1113
5.111699999993391e-05 1114
5.12179999994089e-05 1113
5.1221999999739865e-05 1112
5.1226000000070826e-05 1111
5.134599999934153e-05 1110
5.146599999950041e-05 1109
5.146999999983137e-05 1108
5.1570999999306366e-05 1109
5.1589999999990255e-05 1108
5.159399999943304e-05 1107
5.1597999999764e-05 1106
5.160200000009496e-05 1105
5.165799999939935e-05 1106
5.1721999999365664e-05 1105
5.1725999999696626e-05 1104
5.1742999999326855e-05 1105
5.1781999999889194e-05 1106
5.184599999985551e-05 1105
5.192999999970027e-05 1106
5.196600000001439e-05 1105
5.196999999945717e-05 1104
5.1973999999788134e-05 1103
5.1978000000119096e-05 1102
5.198199999956188e-05 1101
5.210199999972076e-05 1100
5.212800000009565e-05 1101
5.218100000004e-05 1102
5.222199999987964e-05 1101
5.2225999999322426e-05 1100
5.234599999948131e-05 1099
5.234999999981227e-05 1098
5.235400000014323e-05 1097
5.238899999948643e-05 1098
5.2402999999756616e-05 1099
5.244599999976174e-05 1100
5.2473999999413934e-05 1099
5.2591999999407335e-05 1100
5.2593999999572816e-05 1099
5.27139999997317e-05 1098
5.280199999990742e-05 1099
5.28319999997251e-05 1100
5.283399999989058e-05 1099
5.283799999933336e-05 1098
5.2841999999664324e-05 1097
5.2961999999823206e-05 1096
5.2995999999971843e-05 1097
5.308199999998209e-05 1096
5.308599999942487e-05 1095
5.308999999975583e-05 1094
5.3209999999914714e-05 1093
5.32139999993575e-05 1092
5.3246999999423394e-05 1093
5.330999999930697e-05 1094
5.333399999951638e-05 1093
5.3343999999455605e-05 1094
5.342999999946585e-05 1095
5.345399999967526e-05 1094
5.346499999969723e-05 1095
5.357399999983414e-05 1094
5.3578000000165105e-05 1093
5.358199999960789e-05 1092
5.358599999993885e-05 1091
5.365699999959617e-05 1092
5.370600000009773e-05 1091
5.3709999999540514e-05 1090
5.3713999999871476e-05 1089
5.383400000003036e-05 1088
5.383799999947314e-05 1087
5.38419999998041e-05 1086
5.391299999946142e-05 1087
5.3942999999279095e-05 1088
5.3961999999962984e-05 1087
5.396599999940577e-05 1086
5.4057999999912454e-05 1087
5.408599999956465e-05 1086
5.4138999999508997e-05 1087
5.420599999972353e-05 1086
5.421799999982824e-05 1087
5.432599999988241e-05 1086
5.4329999999325196e-05 1085
5.433399999965616e-05 1084
5.433799999998712e-05 1083
5.43419999994299e-05 1082
5.434599999976086e-05 1081
5.4350000000091825e-05 1080
5.435399999953461e-05 1079
5.447399999969349e-05 1078
5.447800000002445e-05 1077
5.455400000009547e-05 1078
5.4597999999295155e-05 1077
5.4601999999626116e-05 1076
5.4698999999658326e-05 1077
5.4721999999785e-05 1076
5.472600000011596e-05 1075
5.472999999955874e-05 1074
5.4849999999717625e-05 1073
5.4969999999876507e-05 1072
5.509000000003539e-05 1071
5.509399999947817e-05 1070
5.517399999988015e-05 1071
5.5213999999637053e-05 1070
5.5214999999719794e-05 1071
5.5333999999795935e-05 1070
5.545399999995482e-05 1069
5.5488000000103455e-05 1070
5.555799999967803e-05 1071
5.55740000001137e-05 1070
5.557799999955648e-05 1069
5.5581999999887444e-05 1068
5.558599999933023e-05 1067
5.5697999999715364e-05 1068
5.570599999948911e-05 1067
5.5757999999350716e-05 1068
5.582599999964799e-05 1067
5.594599999980687e-05 1066
5.602400000004337e-05 1067
5.6065999999965754e-05 1066
5.606999999940854e-05 1065
5.618999999956742e-05 1064
5.619399999989838e-05 1063
5.631400000005726e-05 1062
5.6317999999500046e-05 1061
5.632199999983101e-05 1060
5.632600000016197e-05 1059
5.632999999960475e-05 1058
5.633399999993571e-05 1057
5.6378000000023576e-05 1058
5.6454000000094595e-05 1057
5.645799999953738e-05 1056
5.654199999938214e-05 1057
5.657799999969626e-05 1056
5.658200000002722e-05 1055
5.666999999931477e-05 1056
5.6701999999297925e-05 1055
5.6702999999380665e-05 1056
5.6705999999628887e-05 1055
5.670999999995985e-05 1054
5.671399999940263e-05 1053
5.671799999973359e-05 1052
5.6722000000064554e-05 1051
5.684199999933526e-05 1050
5.684599999966622e-05 1049
5.684999999999718e-05 1048
5.6853999999439964e-05 1047
5.6857999999770925e-05 1046
5.6862000000101887e-05 1045
5.6953999999720395e-05 1046
5.698199999937259e-05 1045
5.710199999953147e-05 1044
5.7105999999862433e-05 1043
5.7226000000021315e-05 1042
5.72299999994641e-05 1041
5.723399999979506e-05 1040
5.723800000012602e-05 1039
5.728599999965667e-05 1040
5.7323000000053526e-05 1041
5.7357999999396725e-05 1040
5.7361999999727686e-05 1039
5.748199999988657e-05 1038
5.7529999999417214e-05 1039
5.760200000004545e-05 1038
5.765799999934984e-05 1039
5.7721999999316154e-05 1038
5.7725999999647115e-05 1037
5.772999999997808e-05 1036
5.773399999942086e-05 1035
5.785399999957974e-05 1034
5.791400000010327e-05 1035
5.7973999999738624e-05 1034
5.7978000000069585e-05 1033
5.798199999951237e-05 1032
5.798599999984333e-05 1031
5.798999999928611e-05 1030
5.8109999999444995e-05 1029
5.8185999999516014e-05 1030
5.8228999999521136e-05 1031
5.8229999999603876e-05 1030
5.831000000000586e-05 1031
5.834999999976276e-05 1030
5.835400000009372e-05 1029
5.845399999948597e-05 1030
5.846799999975616e-05 1031
5.847399999936442e-05 1030
5.858399999958408e-05 1031
5.8593999999523305e-05 1030
5.859799999985427e-05 1029
5.865899999957236e-05 1030
5.87049999998257e-05 1031
5.871800000001315e-05 1030
5.872199999945593e-05 1029
5.872599999978689e-05 1028
5.879799999952695e-05 1029
5.8845999999945775e-05 1028
5.896600000010466e-05 1027
5.908599999937536e-05 1026
5.920599999953424e-05 1025
5.9230999999826395e-05 1026
5.9325999999693124e-05 1025
5.9330000000024086e-05 1024
5.944999999929479e-05 1023
5.956600000001089e-05 1024
5.956999999945367e-05 1023
5.957399999978463e-05 1022
5.9578000000115594e-05 1021
5.96979999993863e-05 1020
5.972299999967845e-05 1021
5.979799999966673e-05 1022
5.981799999954518e-05 1021
5.982199999987614e-05 1020
5.9825999999318924e-05 1019
5.9829999999649885e-05 1018
5.983399999998085e-05 1017
5.9850999999611076e-05 1018
5.9925999999599355e-05 1019
5.995400000013973e-05 1018
5.995699999949977e-05 1019
5.995799999958251e-05 1018
5.9961999999913473e-05 1017
6.004599999975824e-05 1018
6.0082000000072355e-05 1017
6.008599999951514e-05 1016
6.00899999998461e-05 1015
6.009399999928888e-05 1014
6.0129999999603e-05 1015
6.016599999991712e-05 1016
6.0213999999447765e-05 1015
6.024599999943092e-05 1016
6.0291999999684265e-05 1017
6.033399999960665e-05 1016
6.033799999993761e-05 1015
6.041400000000863e-05 1016
6.045800000009649e-05 1015
6.046199999953927e-05 1014
6.0465999999870235e-05 1013
6.052799999967107e-05 1014
6.0586000000029117e-05 1013
6.05899999994719e-05 1012
6.059399999980286e-05 1011
6.071399999996174e-05 1010
6.074800000011038e-05 1011
6.0834000000120625e-05 1010
6.088299999973401e-05 1011
6.095399999939133e-05 1010
6.095799999972229e-05 1009
6.096200000005325e-05 1008
6.104199999956705e-05 1009
6.108199999932395e-05 1010
6.108199999932395e-05 1009
6.108599999965492e-05 1008
6.108999999998588e-05 1007
6.115799999939497e-05 1008
6.121000000014476e-05 1007
6.122299999944403e-05 1008
6.132999999941546e-05 1007
6.133399999974642e-05 1006
6.133800000007739e-05 1005
6.134199999952017e-05 1004
6.146199999967905e-05 1003
6.150900000001513e-05 1004
6.158199999983793e-05 1003
6.165799999990895e-05 1004
6.169399999933489e-05 1005
6.170199999999681e-05 1004
6.17059999994396e-05 1003
6.170999999977056e-05 1002
6.182999999992944e-05 1001
6.183399999937222e-05 1000
6.192599999987891e-05 1001
6.19539999995311e-05 1000
6.207399999968999e-05 999
6.207800000002095e-05 998
6.208199999946373e-05 997
6.220199999962261e-05 996
6.220599999995358e-05 995
6.220999999939636e-05 994
6.221399999972732e-05 993
6.23339999998862e-05 992
6.233499999996894e-05 993
6.245400000004508e-05 992
6.245799999948787e-05 991
6.257799999964675e-05 990
6.258199999997771e-05 989
6.25859999994205e-05 988
6.270599999957938e-05 987
6.270999999991034e-05 986
6.279599999992058e-05 987
6.283000000006922e-05 986
6.2833999999512e-05 985
6.283799999984296e-05 984
6.28719999999916e-05 985
6.295800000000185e-05 984
6.305299999986858e-05 985
6.307800000016073e-05 984
6.315799999967453e-05 985
6.319799999943143e-05 984
6.331799999959031e-05 983
6.332199999992127e-05 982
6.34119999993743e-05 983
6.342599999964449e-05 984
6.344200000008016e-05 983
6.345899999971039e-05 984
6.351800000015118e-05 985
6.356199999935086e-05 984
6.368199999950974e-05 983
6.36859999998407e-05 982
6.380599999999959e-05 981
6.380999999944237e-05 980
6.381399999977333e-05 979
6.385099999928201e-05 980
6.388899999976161e-05 981
6.39030000000318e-05 982
6.392699999935303e-05 983
6.393399999993221e-05 982
6.3937999999375e-05 981
6.394199999970596e-05 980
6.394600000003692e-05 979
6.406599999930762e-05 978
6.406999999963858e-05 977
6.407399999996954e-05 976
6.412399999966567e-05 977
6.415399999948335e-05 978
6.416799999975353e-05 979
6.419400000012843e-05 978
6.419799999957121e-05 977
6.420199999990217e-05 976
6.420599999934495e-05 975
6.426199999953752e-05 976
6.432599999950384e-05 975
6.444599999966272e-05 974
6.444999999999368e-05 973
6.447399999931491e-05 974
6.44879999995851e-05 975
6.45539999997169e-05 976
6.457000000015256e-05 975
6.458399999953457e-05 976
6.467799999931856e-05 977
6.468999999942326e-05 976
6.469399999975423e-05 975
6.481399999991311e-05 974
6.481799999935589e-05 973
6.493400000007199e-05 974
6.493799999951477e-05 973
6.505799999967365e-05 972
6.51439999996839e-05 973
6.517799999983254e-05 972
6.529799999999142e-05 971
6.53019999994342e-05 970
6.530599999976516e-05 971
6.530599999976516e-05 970
6.542599999992404e-05 969
6.542999999936683e-05 968
6.554999999952571e-05 967
6.555399999985667e-05 966
6.555799999929945e-05 965
6.566699999943637e-05 966
6.567799999945834e-05 965
6.56819999997893e-05 964
6.569099999964578e-05 965
6.580199999994818e-05 966
6.580199999994818e-05 965
6.580599999939096e-05 964
6.580999999972192e-05 963
6.59299999998808e-05 962
6.593300000012903e-05 963
6.593399999932359e-05 962
6.593799999965455e-05 961
6.605799999981343e-05 960
6.611699999936604e-05 961
6.616999999931039e-05 962
6.617799999997231e-05 961
6.628299999977827e-05 962
6.62980000001312e-05 961
6.630199999957398e-05 960
6.641399999995912e-05 961
6.642199999973286e-05 960
6.653799999956078e-05 961
6.654199999989174e-05 960
6.654599999933453e-05 959
6.666599999949341e-05 958
6.678599999965229e-05 957
6.685999999955783e-05 958
6.690599999981117e-05 959
6.690599999981117e-05 958
6.691000000014213e-05 957
6.691399999958492e-05 956
6.70339999997438e-05 955
6.703800000007476e-05 954
6.704299999960028e-05 955
6.714999999957172e-05 956
6.715799999934546e-05 955
6.716199999967642e-05 954
6.72699999997306e-05 955
6.728199999983531e-05 954
6.728600000016627e-05 953
6.728999999960905e-05 952
6.732299999967495e-05 953
6.740999999976793e-05 952
6.74140000000989e-05 951
6.741799999954168e-05 950
6.753799999970056e-05 949
6.754200000003152e-05 948
6.754499999939156e-05 949
6.763900000006373e-05 950
6.766199999930222e-05 949
6.766599999963319e-05 948
6.766899999988141e-05 949
6.76830000001516e-05 950
6.777099999943914e-05 951
6.778499999970933e-05 952
6.778599999979207e-05 951
6.779000000012303e-05 950
6.779399999956581e-05 949
6.779799999989677e-05 948
6.7814999999527e-05 949
6.787999999957606e-05 950
6.791800000005566e-05 949
6.803799999932636e-05 950
6.803799999932636e-05 949
6.815799999948524e-05 948
6.81619999998162e-05 947
6.816600000014716e-05 948
6.816600000014716e-05 947
6.828599999941787e-05 948
6.828599999941787e-05 947
6.840599999957675e-05 948
6.840599999957675e-05 947
6.840999999990771e-05 946
6.841999999984694e-05 947
6.853000000006659e-05 946
6.853399999950938e-05 947
6.86499999993373e-05 946
6.8661999999442e-05 947
6.867599999971219e-05 948
6.876999999949618e-05 947
6.877399999982714e-05 946
6.87780000001581e-05 945
6.88979999994288e-05 944
6.890199999975977e-05 943
6.891199999969899e-05 944
6.894900000009585e-05 945
6.902199999991865e-05 944
6.906600000000651e-05 945
6.914200000007753e-05 944
6.914599999952031e-05 943
6.918299999991717e-05 944
6.92659999996792e-05 943
6.927000000001016e-05 942
6.927399999945294e-05 941
6.934700000016392e-05 942
6.939399999961182e-05 941
6.940599999971653e-05 942
6.94359999995342e-05 943
6.95139999997707e-05 942
6.951800000010167e-05 941
6.952199999954445e-05 940
6.952599999987541e-05 941
6.964199999970333e-05 940
6.965399999980804e-05 941
6.966800000007822e-05 942
6.976199999986221e-05 941
6.9765999999305e-05 940
6.985699999972894e-05 941
6.988599999946388e-05 940
7.000599999962276e-05 939
7.012599999978164e-05 938
7.01300000001126e-05 937
7.013399999955539e-05 936
7.01579999997648e-05 937
7.021899999948289e-05 938
7.025399999971427e-05 937
7.037399999987315e-05 936
7.037799999931593e-05 935
7.03819999996469e-05 934
7.040900000010453e-05 935
7.050199999980578e-05 934
7.062199999996466e-05 933
7.064999999961685e-05 934
7.074200000012354e-05 933
7.086199999939424e-05 932
7.093400000002248e-05 933
7.098199999955312e-05 932
7.1101999999712e-05 931
7.114900000004809e-05 932
7.122199999987089e-05 931
7.134200000002977e-05 930
7.138600000011763e-05 931
7.141599999993531e-05 932
7.146199999930047e-05 931
7.153199999976323e-05 932
7.15619999995809e-05 933
7.158199999945936e-05 932
7.159199999939858e-05 933
7.170199999961824e-05 932
7.17059999999492e-05 931
7.182600000010808e-05 930
7.183499999996457e-05 931
7.189799999984814e-05 932
7.194599999937878e-05 931
7.20219999994498e-05 932
7.206599999953767e-05 931
7.218599999969655e-05 930
7.219000000002751e-05 929
7.226699999929309e-05 930
7.230999999929821e-05 929
7.23899999997002e-05 930
7.241999999951787e-05 931
7.24299999994571e-05 930
7.243399999978806e-05 929
7.255399999994694e-05 928
7.263000000001796e-05 929
7.267400000010582e-05 928
7.268500000012779e-05 929
7.279399999937652e-05 928
7.29139999995354e-05 927
7.303399999969429e-05 926
7.303800000002525e-05 925
7.304199999946803e-05 924
7.3045999999799e-05 923
7.312999999964376e-05 924
7.315999999946143e-05 925
7.316599999995788e-05 924
7.316999999940066e-05 923
7.317399999973162e-05 922
7.317800000006258e-05 921
7.329799999933329e-05 920
7.330199999966425e-05 919
7.330599999999521e-05 918
7.342600000015409e-05 917
7.35459999994248e-05 916
7.354999999975576e-05 915
7.355400000008672e-05 914
7.367399999935742e-05 913
7.370299999998053e-05 914
7.374999999942844e-05 915
7.37939999995163e-05 914
7.391399999967518e-05 913
7.400500000009913e-05 914
7.403399999983407e-05 913
7.403800000016503e-05 912
7.404199999960781e-05 911
7.404599999993877e-05 910
7.404999999938155e-05 909
7.416999999954044e-05 908
7.41739999998714e-05 907
7.417799999931418e-05 906
7.426300000012986e-05 907
7.427699999951187e-05 908
7.429799999947306e-05 907
7.432700000009618e-05 908
7.440299999927902e-05 909
7.441799999963195e-05 908
7.44219999999629e-05 907
7.454200000012179e-05 906
7.460999999953088e-05 907
7.463999999934856e-05 908
7.466199999939249e-05 907
7.466599999972345e-05 906
7.473400000002073e-05 907
7.478599999988234e-05 906
7.478999999932512e-05 905
7.479099999940786e-05 906
7.485699999953965e-05 907
7.4909999999484e-05 906
7.491399999981496e-05 905
7.503399999997384e-05 904
7.511399999948765e-05 905
7.515400000013273e-05 904
7.515899999965825e-05 905
7.527399999940343e-05 904
7.52969999995301e-05 905
7.537699999993208e-05 906
7.539099999931409e-05 907
7.539399999956231e-05 906
7.539799999989327e-05 905
7.551800000005215e-05 904
7.552199999949494e-05 903
7.564199999965382e-05 902
7.564599999998478e-05 901
7.570100000009461e-05 902
7.576600000014366e-05 901
7.576999999958645e-05 900
7.577399999991741e-05 899
7.577799999936019e-05 898
7.585799999976217e-05 899
7.589799999951907e-05 898
7.598199999936384e-05 899
7.599599999963402e-05 900
7.601799999967795e-05 899
7.602200000000892e-05 898
7.60259999994517e-05 897
7.602999999978266e-05 896
7.603400000011362e-05 895
7.60379999995564e-05 894
7.612899999998035e-05 895
7.615799999971529e-05 894
7.62219999996816e-05 895
7.627799999987417e-05 894
7.628199999931695e-05 893
7.640199999947583e-05 892
7.64059999998068e-05 891
7.647400000010407e-05 892
7.652599999996568e-05 891
7.658999999993199e-05 892
7.664600000012456e-05 891
7.664999999956734e-05 890
7.667299999969401e-05 891
7.671899999994736e-05 892
7.676999999972622e-05 891
7.684599999979724e-05 892
7.68899999998851e-05 891
7.689399999932789e-05 890
7.701399999948677e-05 889
7.701799999981773e-05 888
7.70220000001487e-05 887
7.704499999938719e-05 888
7.71419999994194e-05 887
7.726199999957828e-05 886
7.738199999973716e-05 885
7.74610000000564e-05 886
7.750199999989604e-05 885
7.762200000005492e-05 884
7.762599999949771e-05 883
7.76639999999773e-05 884
7.768899999938128e-05 885
7.774599999965659e-05 884
7.774899999990481e-05 885
7.786599999981547e-05 884
7.787000000014643e-05 883
7.798999999941714e-05 882
7.810999999957602e-05 883
7.810999999957602e-05 882
7.82299999997349e-05 881
7.823400000006586e-05 880
7.835399999933657e-05 879
7.835799999966753e-05 878
7.843399999973855e-05 879
7.847799999982641e-05 878
7.859799999998529e-05 877
7.871800000014417e-05 876
7.872199999958696e-05 875
7.879399999932701e-05 876
7.882400000003287e-05 877
7.884199999974584e-05 876
7.887800000005996e-05 877
7.889199999944196e-05 878
7.896199999990472e-05 877
7.89659999993475e-05 876
7.908599999950638e-05 875
7.920599999966527e-05 874
7.920999999999623e-05 873
7.921399999943901e-05 872
7.921799999976997e-05 871
7.922200000010093e-05 870
7.934199999937164e-05 869
7.93459999997026e-05 868
7.943299999979558e-05 869
7.946599999986148e-05 868
7.955999999964547e-05 869
7.958600000002036e-05 868
7.958999999946315e-05 867
7.959399999979411e-05 866
7.963799999988197e-05 867
7.971399999995299e-05 866
7.971799999939577e-05 865
7.972199999972673e-05 864
7.97260000000577e-05 863
7.972700000014044e-05 864
7.972999999950048e-05 863
7.980100000004597e-05 864
7.984999999965936e-05 863
7.985399999999032e-05 862
7.99740000001492e-05 861
8.002499999992807e-05 862
8.009399999941991e-05 861
8.012300000004302e-05 862
8.016899999940819e-05 863
8.021399999957879e-05 862
8.025699999958391e-05 863
8.033399999973767e-05 862
8.045399999989655e-05 861
8.057400000005543e-05 860
8.057799999949822e-05 859
8.058199999982918e-05 858
8.058600000016014e-05 857
8.058999999960292e-05 856
8.059399999993389e-05 855
8.06180000001433e-05 856
8.071400000009277e-05 855
8.07499999995187e-05 856
8.077999999933638e-05 857
8.083399999936347e-05 856
8.095399999952235e-05 855
8.09789999998145e-05 856
8.107399999968123e-05 855
8.10780000000122e-05 854
8.108199999945498e-05 853
8.108599999978594e-05 852
8.10900000001169e-05 851
8.112599999954284e-05 852
8.12099999993876e-05 851
8.124599999970172e-05 852
8.132999999954649e-05 851
8.133399999987745e-05 850
8.133799999932023e-05 849
8.145799999947911e-05 848
8.146199999981008e-05 847
8.146600000014104e-05 846
8.146999999958382e-05 845
8.147399999991478e-05 844
8.159400000007366e-05 843
8.159799999951645e-05 842
8.160199999984741e-05 841
8.160599999929019e-05 840
8.164700000001801e-05 841
8.16629999995655e-05 842
8.172599999944907e-05 841
8.184599999960795e-05 840
8.186999999981737e-05 841
8.196599999976684e-05 840
8.208599999992572e-05 839
8.20899999993685e-05 838
8.209399999969946e-05 837
8.209800000003042e-05 836
8.216999999977048e-05 837
8.221799999930113e-05 836
8.226499999963721e-05 837
8.233799999946001e-05 836
8.234199999979097e-05 835
8.234600000012193e-05 834
8.234799999939924e-05 835
8.243899999982318e-05 836
8.246599999939264e-05 835
8.248099999974556e-05 836
8.258599999955152e-05 835
8.258999999988248e-05 834
8.263600000013582e-05 835
8.264999999951783e-05 836
8.266399999978802e-05 837
8.271000000004136e-05 836
8.271399999948414e-05 835
8.27179999998151e-05 834
8.283299999956029e-05 835
8.283799999997399e-05 834
8.284699999983047e-05 835
8.295800000013287e-05 834
8.296099999949291e-05 835
8.307799999940357e-05 834
8.308199999973453e-05 833
8.308899999942554e-05 834
8.320199999989342e-05 833
8.32179999994409e-05 834
8.33220000000523e-05 833
8.33499999997045e-05 834
8.3441999999323e-05 833
8.356199999948188e-05 832
8.368199999964077e-05 831
8.368599999997173e-05 830
8.380600000013061e-05 829
8.385399999966126e-05 830
8.392599999940131e-05 829
8.392999999973227e-05 828
8.393400000006324e-05 827
8.405399999933394e-05 826
8.40579999996649e-05 825
8.406199999999586e-05 824
8.406599999943865e-05 823
8.406999999976961e-05 822
8.412700000004492e-05 823
8.418999999992849e-05 822
8.422500000015987e-05 823
8.431000000008737e-05 822
8.431399999953015e-05 821
8.431799999986112e-05 820
8.43219999993039e-05 819
8.444199999946278e-05 818
8.444399999962826e-05 819
8.447399999944594e-05 820
8.450400000015179e-05 821
8.45179999995338e-05 822
8.454799999935148e-05 823
8.456199999962166e-05 822
8.456599999995262e-05 821
8.45699999993954e-05 820
8.457800000005733e-05 821
8.462699999967072e-05 820
8.47469999998296e-05 819
8.475100000016056e-05 818
8.475499999960334e-05 817
8.47589999999343e-05 816
8.477299999931631e-05 817
8.483399999992258e-05 818
8.486399999974026e-05 819
8.487900000009319e-05 818
8.494400000014224e-05 819
8.499899999936389e-05 818
8.500299999969485e-05 817
8.500700000002581e-05 816
8.512699999929652e-05 815
8.513099999962748e-05 814
8.513499999995844e-05 813
8.513899999940122e-05 812
8.524499999928992e-05 813
8.52589999995601e-05 812
8.526299999989106e-05 811
8.526699999933385e-05 810
8.527099999966481e-05 809
8.527499999999577e-05 810
8.528899999937778e-05 811
8.539099999982369e-05 810
8.547299999950297e-05 811
8.550699999965161e-05 812
8.551099999998257e-05 811
8.563100000014146e-05 810
8.563499999958424e-05 809
8.575499999974312e-05 808
8.585600000010629e-05 809
8.5874999999902e-05 808
8.587899999934479e-05 807
8.588299999967575e-05 806
8.588599999992397e-05 807
8.588700000000671e-05 806
8.600700000016559e-05 805
8.611599999941433e-05 806
8.61269999994363e-05 805
8.614600000012018e-05 806
8.624599999951243e-05 807
8.624699999959518e-05 806
8.629399999993126e-05 807
8.636699999975406e-05 806
8.637100000008502e-05 805
8.649099999935572e-05 804
8.66109999995146e-05 803
8.661499999984557e-05 802
8.661899999928835e-05 801
8.665499999960247e-05 802
8.673899999944723e-05 801
8.674299999977819e-05 800
8.674700000010915e-05 799
8.67499999994692e-05 800
8.679399999955706e-05 801
8.681299999935277e-05 802
8.686699999937986e-05 801
8.687099999971082e-05 802
8.687099999971082e-05 801
8.69909999998697e-05 800
8.699499999931248e-05 799
8.699899999964344e-05 798
8.700099999980893e-05 799
8.704700000006227e-05 800
8.707699999987994e-05 801
8.711899999980233e-05 800
8.712300000013329e-05 799
8.712699999957607e-05 798
8.719099999954238e-05 799
8.723499999963025e-05 800
8.724699999973495e-05 799
8.732999999949698e-05 800
8.736699999989384e-05 799
8.737099999933662e-05 798
8.74909999994955e-05 797
8.749499999982646e-05 796
8.749900000015742e-05 795
8.75029999996002e-05 794
8.75740000001457e-05 795
8.762299999975909e-05 794
8.762700000009005e-05 793
8.763099999953283e-05 792
8.766599999976421e-05 793
8.770699999960385e-05 794
8.775099999969171e-05 793
8.775500000002268e-05 792
8.787499999929338e-05 791
8.787899999962434e-05 790
8.78829999999553e-05 789
8.788699999939809e-05 788
8.800699999955697e-05 787
8.801099999988793e-05 786
8.801499999933071e-05 785
8.801899999966167e-05 784
8.81019999994237e-05 785
8.813899999982056e-05 784
8.814300000015152e-05 783
8.820499999995235e-05 784
8.826299999942222e-05 783
8.828599999954889e-05 784
8.829999999981908e-05 785
8.83829999995811e-05 784
8.838699999991206e-05 783
8.839099999935485e-05 782
8.851099999951373e-05 781
8.852599999986666e-05 782
8.855599999968433e-05 783
8.858599999950201e-05 784
8.863099999967261e-05 783
8.87369999995613e-05 784
8.875099999983149e-05 783
8.887099999999037e-05 782
8.887499999943316e-05 781
8.887899999976412e-05 780
8.888300000009508e-05 779
8.900299999936578e-05 780
8.900299999936578e-05 779
8.901699999963597e-05 780
8.906799999941484e-05 781
8.912299999952467e-05 780
8.915799999975604e-05 781
8.921699999930865e-05 782
8.924299999968355e-05 781
8.928199999935771e-05 782
8.929799999979338e-05 783
8.932799999961105e-05 784
8.935799999942873e-05 785
8.936299999984243e-05 784
8.937199999969891e-05 785
8.941799999995226e-05 786
8.948300000000131e-05 785
8.951899999942725e-05 786
8.96030000001602e-05 785
8.97229999994309e-05 784
8.97279999998446e-05 785
8.97609999999105e-05 786
8.979099999972817e-05 787
8.982099999954585e-05 788
8.984299999958978e-05 787
8.9852999999529e-05 788
8.995299999980944e-05 789
8.996299999974866e-05 788
9.003200000012868e-05 789
9.006199999994635e-05 790
9.008299999990754e-05 789
9.01600000000613e-05 790
9.020300000006642e-05 789
9.023699999932688e-05 790
9.029499999968493e-05 791
9.032299999933713e-05 790
9.044299999949601e-05 789
9.046199999929172e-05 790
9.056299999965489e-05 789
9.06599999996871e-05 790
9.068299999981377e-05 789
9.077399999934954e-05 790
9.080299999997266e-05 789
9.092300000013154e-05 788
9.095299999994921e-05 789
9.100999999933634e-05 790
9.10400000000422e-05 791
9.104299999940224e-05 790
9.116299999956112e-05 789
9.125799999942785e-05 790
9.128299999972e-05 789
9.12880000001337e-05 790
9.137799999958673e-05 791
9.140299999987889e-05 790
9.144800000004949e-05 791
9.151999999978955e-05 792
9.152300000003777e-05 791
9.164299999930847e-05 790
9.176299999946735e-05 789
9.17829999993458e-05 790
9.179699999961599e-05 791
9.186999999943879e-05 792
9.188299999962624e-05 791
9.190000000014464e-05 792
9.191399999952665e-05 793
9.19389999998188e-05 794
9.200299999978512e-05 793
9.2122999999944e-05 792
9.21509999995962e-05 793
9.218099999941387e-05 794
9.224300000010288e-05 793
9.224499999938018e-05 794
9.236299999937359e-05 793
9.248299999953247e-05 792
9.25049999995764e-05 793
9.25449999993333e-05 794
9.260299999969135e-05 793
9.270999999966278e-05 794
9.272299999985023e-05 793
9.272399999993297e-05 794
9.284300000000911e-05 793
9.28989999993135e-05 794
9.296299999927982e-05 793
9.30829999994387e-05 792
9.312599999944382e-05 793
9.320299999959758e-05 792
9.332299999975646e-05 791
9.332700000008742e-05 792
9.33569999999051e-05 793
9.338699999972278e-05 794
9.344299999991534e-05 793
9.352699999976011e-05 794
9.356300000007423e-05 793
9.357899999962171e-05 794
9.368299999934493e-05 793
9.378299999962536e-05 794
9.380299999950381e-05 793
9.383399999940423e-05 794
9.387599999932661e-05 795
9.392299999966269e-05 794
9.404299999982157e-05 793
9.416299999998046e-05 792
9.421999999936759e-05 793
9.428300000013934e-05 792
9.438299999953159e-05 793
9.439699999980178e-05 794
9.440299999941004e-05 793
9.441899999984571e-05 794
9.452299999956892e-05 793
9.46429999997278e-05 792
9.469899999992037e-05 793
9.476299999988669e-05 792
9.488300000004557e-05 791
9.489500000015028e-05 792
9.500299999931627e-05 791
9.502699999952569e-05 792
9.507499999994451e-05 793
9.512299999947516e-05 792
9.52209999995901e-05 793
9.524299999963404e-05 792
9.531200000001405e-05 793
9.536299999979292e-05 792
9.545899999974239e-05 793
9.54829999999518e-05 792
9.560300000011068e-05 791
9.566999999943704e-05 792
9.570000000014289e-05 793
9.572100000010408e-05 794
9.572299999938139e-05 793
9.583499999976652e-05 794
9.584299999954027e-05 793
9.596299999969915e-05 792
9.608299999985803e-05 791
9.617100000003376e-05 792
9.620300000001691e-05 791
9.632299999928762e-05 790
9.637099999970644e-05 791
9.64429999994465e-05 790
9.656299999960538e-05 789
9.668299999976426e-05 788
9.669499999986897e-05 789
9.676699999960903e-05 790
9.680299999992314e-05 789
9.69199999998338e-05 790
9.692300000008203e-05 789
9.694999999965148e-05 790
9.704299999935273e-05 789
9.704799999976643e-05 790
9.707799999958411e-05 791
9.716299999951161e-05 790
9.717499999961632e-05 791
9.726099999962656e-05 792
9.72829999996705e-05 791
9.73069999998799e-05 792
9.740299999982938e-05 791
9.741499999993408e-05 792
9.752299999998826e-05 791
9.760099999933658e-05 792
9.764300000014714e-05 791
9.765499999936367e-05 792
9.770499999994797e-05 793
9.776299999941784e-05 792
9.776899999991429e-05 793
9.785099999959357e-05 794
9.788299999957673e-05 793
9.789699999984691e-05 794
9.800299999973561e-05 793
9.811099999978978e-05 794
9.812299999989449e-05 793
9.814099999960746e-05 794
9.824300000005337e-05 793
9.825500000015808e-05 794
9.836299999932407e-05 793
9.847599999979195e-05 794
9.848299999948296e-05 793
9.851999999987981e-05 794
9.860299999964184e-05 793
9.871399999994424e-05 794
9.872299999980072e-05 793
9.874399999976191e-05 794
9.877799999991055e-05 795
9.881799999966745e-05 796
9.88429999999596e-05 795
9.891299999953418e-05 796
9.896200000003574e-05 797
9.896300000011848e-05 796
9.899199999985342e-05 797
9.90219999996711e-05 798
9.904399999971503e-05 799
9.908299999938919e-05 798
9.911599999945508e-05 799
9.914600000016094e-05 800
9.920299999954807e-05 799
9.932299999970695e-05 798
9.936599999971207e-05 799
9.944299999986583e-05 798
9.945499999997054e-05 799
9.956300000002472e-05 798
9.959099999967691e-05 799
9.962099999949459e-05 800
9.968299999929542e-05 799
9.969499999940012e-05 800
9.970899999967031e-05 801
9.975899999936644e-05 802
9.978900000007229e-05 803
9.98029999994543e-05 802
9.992299999961318e-05 801
9.996699999970104e-05 802
0.00010004299999977206 801
0.00010005499999987677 802
0.00010012899999978231 803
0.00010016299999993095 802
0.00010017500000003565 803
0.00010021199999954433 804
0.00010028300000008983 803
0.00010028899999969809 804
0.00010031899999951577 805
0.00010032699999928951 806
0.00010040299999936053 805
0.00010040599999960875 806
0.00010052299999951941 805
0.00010058400000012568 806
0.0001006429999996783 805
0.000100654999999783 806
0.00010076299999983718 805
0.00010077499999994188 806
0.00010083299999941175 807
0.00010086300000011761 808
0.00010088299999999606 807
0.00010089500000010077 808
0.00010100300000015494 807
0.00010101499999937147 808
0.00010112299999942564 807
0.00010113499999953035 808
0.00010124299999958453 807
0.0001012710000001249 808
0.00010136299999974341 809
0.00010136299999974341 808
0.00010139299999956108 809
0.00010148299999990229 808
0.00010160300000006117 807
0.00010161500000016588 808
0.00010169199999943146 809
0.00010172299999933188 808
0.00010184299999949076 807
0.00010187100000003113 808
0.00010196299999964964 807
0.00010197499999975435 808
0.00010202399999936773 809
0.0001020799999995603 810
0.00010208299999980852 809
0.00010210999999937798 810
0.0001022029999999674 809
0.00010223399999986782 810
0.00010232300000012629 809
0.00010233499999934281 810
0.00010236500000004867 811
0.00010237899999943068 812
0.00010244299999939699 811
0.00010245100000005891 812
0.00010256299999955587 811
0.00010257499999966058 812
0.00010260499999947825 813
0.00010264899999956612 814
0.00010268299999971475 813
0.00010269499999981946 814
0.00010272499999963713 815
0.00010280299999987363 814
0.00010281499999997834 815
0.00010284499999979602 816
0.00010292300000003252 815
0.00010293500000013722 816
0.0001029649999999549 817
0.0001029719999996459 818
0.0001029789999993369 819
0.00010300900000004276 820
0.00010304299999930322 819
0.0001030499999998824 820
0.00010307999999970008 821
0.00010310999999951775 822
0.00010312399999978794 823
0.0001031629999994621 822
0.00010317499999956681 823
0.000103188999999837 824
0.00010326999999943354 825
0.00010328299999962098 824
0.00010331599999968688 825
0.00010334599999950456 826
0.00010340299999977987 825
0.00010341499999988457 826
0.0001034579999998897 827
0.00010352299999993875 826
0.00010356899999930391 827
0.000103622999999331 828
0.00010364300000009763 827
0.00010365300000003685 828
0.00010368299999985453 829
0.0001037129999996722 830
0.00010376299999936833 829
0.0001038690000001452 830
0.00010388299999952721 829
0.00010389899999996288 830
0.00010392899999978056 831
0.00010395899999959823 832
0.00010398899999941591 833
0.0001040029999996861 832
0.00010401900000012176 833
0.00010404899999993944 834
0.00010407899999975712 835
0.00010412299999984498 834
0.0001041279999993705 835
0.00010415800000007636 836
0.00010422300000012541 837
0.00010424300000000386 836
0.00010425500000010857 837
0.00010428499999992624 838
0.00010436300000016274 837
0.00010437300000010197 838
0.00010440299999991964 839
0.00010448299999943345 838
0.00010449499999953815 839
0.00010452199999999578 840
0.00010459699999998406 841
0.00010460299999959233 840
0.00010462299999947078 841
0.00010462699999980174 842
0.00010465699999961942 843
0.0001046709999998896 844
0.00010472299999975121 843
0.00010477499999961282 844
0.00010484299999991009 843
0.00010487099999956229 844
0.00010487199999964503 845
0.00010488199999958425 846
0.00010496300000006897 845
0.00010497400000009094 846
0.00010500399999990861 847
0.00010503999999933455 848
0.00010508299999933968 847
0.00010509499999944438 848
0.00010514600000011143 849
0.00010515999999949344 850
0.00010518999999931111 851
0.00010520299999949856 850
0.00010522000000001697 851
0.00010524999999983464 852
0.00010530299999977899 853
0.00010532299999965744 852
0.00010533299999959667 853
0.00010534900000003233 854
0.00010536299999941434 855
0.00010544299999981632 854
0.0001055629999999752 853
0.0001056309999993843 854
0.00010566799999978116 855
0.00010568300000013409 854
0.00010571099999978628 855
0.00010575700000003962 856
0.0001057869999998573 857
0.00010580299999940479 856
0.00010583999999980165 857
0.00010589399999982874 858
0.00010592299999956367 857
0.00010592900000006011 858
0.00010594299999944212 859
0.00010595699999971231 860
0.00010600500000013113 861
0.00010604299999972255 860
0.00010613499999934106 861
0.00010616299999988144 860
0.00010616500000004692 861
0.00010619399999978185 862
0.00010628300000004032 861
0.000106319999999549 862
0.00010637599999974157 863
0.00010640299999931102 862
0.00010640599999955924 863
0.00010643599999937692 864
0.00010650599999983967 865
0.0001065229999994699 864
0.00010664199999954604 865
0.00010664299999962878 864
0.00010667199999936372 865
0.00010670200000006957 866
0.00010673199999988725 867
0.00010676299999978767 866
0.00010677499999989237 867
0.00010688299999994655 866
0.00010688999999963755 867
0.00010690399999990774 868
0.00010699599999952625 869
0.00010700300000010543 868
0.00010707999999937101 869
0.00010711000000007687 870
0.00010712299999937613 869
0.00010713999999989454 870
0.00010716999999971222 871
0.0001071999999995299 872
0.00010724099999936954 873
0.00010724299999953502 872
0.00010727100000007539 873
0.00010734099999964997 874
0.0001073629999996939 873
0.00010748299999985278 872
0.00010749199999970926 873
0.00010752199999952694 874
0.00010753599999979713 875
0.0001075659999996148 876
0.00010759599999943248 877
0.00010760300000001166 876
0.00010762600000013833 877
0.00010765599999995601 878
0.00010768599999977368 879
0.00010770000000004387 880
0.00010772299999928237 879
0.00010772999999986155 880
0.00010775999999967922 881
0.00010776500000009293 882
0.0001077899999994969 883
0.0001078419999993585 884
0.00010784299999944125 883
0.00010796299999960013 882
0.00010800499999952251 883
0.00010805799999946686 884
0.00010808299999975901 883
0.0001080989999993065 884
0.00010820299999991789 883
0.00010821299999985712 884
0.0001082270000001273 885
0.00010832300000007677 884
0.0001083279999996023 885
0.00010835799999941997 886
0.00010838800000012583 887
0.0001084179999999435 888
0.00010844299999934748 887
0.00010844799999976118 888
0.00010847799999957886 889
0.00010849199999984904 890
0.00010852800000016316 891
0.00010856299999950636 890
0.00010857499999961107 891
0.00010860499999942874 892
0.0001086350000001346 893
0.0001086749999998915 894
0.00010868299999966524 893
0.00010879600000013312 894
0.00010880299999982412 893
0.000108922999999983 892
0.00010893500000008771 893
0.00010904300000014189 892
0.00010905199999999837 893
0.00010908199999981605 894
0.00010911199999963372 895
0.0001091419999994514 896
0.00010916299999941259 895
0.00010917200000015725 896
0.00010920199999997493 897
0.0001092319999997926 898
0.00010928299999957147 897
0.00010940299999973035 896
0.00010947599999955315 897
0.00010951199999986727 898
0.00010952299999988924 897
0.00010954199999968495 898
0.00010961699999967323 899
0.00010964300000004812 898
0.00010967099999970031 899
0.0001096849999999705 900
0.00010976299999931882 899
0.00010977499999942353 900
0.00010980500000012938 901
0.00010984499999988628 902
0.00010987499999970396 903
0.0001098829999994777 902
0.00011000299999963659 901
0.00011001099999941033 902
0.00011001499999974129 903
0.00011005699999966367 904
0.00011007099999993386 905
0.00011012299999979547 904
0.00011024299999995435 903
0.00011024999999964535 904
0.00011027999999946303 905
0.0001103099999992807 906
0.00011032399999955089 907
0.00011035399999936857 908
0.00011036300000011323 907
0.00011038400000007442 908
0.00011038699999943447 909
0.00011048299999938394 908
0.00011049499999948864 909
0.00011052499999930632 910
0.00011055500000001217 911
0.00011058499999982985 912
0.00011060299999954282 911
0.00011061499999964752 912
0.0001106449999994652 913
0.00011067499999928287 914
0.00011070499999998873 915
0.0001107229999997017 914
0.0001107349999998064 915
0.00011076499999962408 916
0.00011079499999944176 917
0.00011082500000014761 918
0.00011084299999986058 917
0.00011085499999996529 918
0.00011088499999978296 919
0.00011091499999960064 920
0.00011094599999950105 921
0.00011096300000001946 920
0.00011097599999931873 921
0.00011100600000002459 922
0.00011108299999929017 921
0.00011111999999968702 922
0.00011113399999995721 923
0.00011116399999977489 924
0.00011119399999959256 925
0.00011120299999944905 924
0.00011122399999941024 925
0.0001112540000001161 926
0.00011128399999993377 927
0.00011131399999975145 928
0.00011132299999960793 927
0.00011134399999956912 928
0.0001113739999993868 929
0.00011140400000009265 930
0.00011143399999991033 931
0.00011144299999976681 930
0.000111463999999728 931
0.00011149399999954568 932
0.00011152399999936335 933
0.00011155400000006921 934
0.0001115629999999257 933
0.00011158399999988688 934
0.00011161099999945634 935
0.00011161399999970456 936
0.0001116479999998532 937
0.00011168300000008458 936
0.00011173099999961522 937
0.00011178000000011679 938
0.00011180299999935528 937
0.00011180999999993446 938
0.00011183999999975214 939
0.00011186999999956981 940
0.00011189999999938749 941
0.00011192299999951416 940
0.00011194799999980631 941
0.00011197799999962399 942
0.00011200799999944167 943
0.00011203800000014752 944
0.00011204299999967304 943
0.0001120679999999652 944
0.0001120679999999652 945
0.00011209799999978287 946
0.00011212799999960055 947
0.00011215799999941822 948
0.00011216299999983192 947
0.00011218800000012408 948
0.00011221799999994175 949
0.00011224799999975943 950
0.0001122779999995771 951
0.00011228299999999081 950
0.00011230799999939478 951
0.00011233800000010064 952
0.00011236799999991831 953
0.00011239799999973599 954
0.00011240300000014969 953
0.00011242799999955366 954
0.00011245799999937134 955
0.00011248800000007719 956
0.00011251799999989487 957
0.00011252299999942039 956
0.00011254799999971254 957
0.00011257799999953022 958
0.0001126079999993479 959
0.00011263800000005375 960
0.00011264299999957927 959
0.00011266799999987143 960
0.0001126979999996891 961
0.00011271199999995929 962
0.00011274199999977697 963
0.00011276299999973816 962
0.00011277199999959464 963
0.00011280199999941232 964
0.00011283200000011817 965
0.00011286199999993585 966
0.00011288299999989704 965
0.00011289199999975352 966
0.0001129219999995712 967
0.00011293599999984139 968
0.00011296599999965906 969
0.00011299599999947674 970
0.00011300300000005592 969
0.00011301999999968615 970
0.00011302599999929441 971
0.00011305600000000027 972
0.00011308599999981794 973
0.00011311599999963562 974
0.00011312299999932662 973
0.0001131459999994533 974
0.00011317600000015915 975
0.00011320599999997683 976
0.0001132359999997945 977
0.0001132429999994855 976
0.00011326599999961218 977
0.00011329599999942985 978
0.00011332600000013571 979
0.00011335599999995338 980
0.00011336299999964439 979
0.00011338599999977106 980
0.00011341599999958873 981
0.00011344599999940641 982
0.00011347600000011226 983
0.00011348299999980327 982
0.00011350599999992994 983
0.00011353599999974762 984
0.00011356599999956529 985
0.00011359599999938297 986
0.00011360299999996215 985
0.00011362600000008882 986
0.0001136559999999065 987
0.00011368599999972417 988
0.00011371599999954185 989
0.00011372300000012103 988
0.00011374599999935953 989
0.00011377600000006538 990
0.00011380599999988306 991
0.00011383599999970073 992
0.00011384299999939174 991
0.00011386599999951841 992
0.0001138799999997886 993
0.00011390999999960627 994
0.00011393999999942395 995
0.00011396299999955062 994
0.0001139700000001298 995
0.00011399399999945103 996
0.00011399999999994748 997
0.00011402999999976515 998
0.00011405999999958283 999
0.0001140829999997095 998
0.0001140899999994005 999
0.00011412000000010636 1000
0.00011414999999992403 1001
0.00011417999999974171 1002
0.00011420299999986838 1001
0.00011420999999955939 1002
0.00011423999999937706 1003
0.00011427000000008292 1004
0.00011429999999990059 1005
0.00011432300000002726 1004
0.00011432999999971827 1005
0.00011434399999998845 1006
0.00011437399999980613 1007
0.0001144039999996238 1008
0.00011443399999944148 1009
0.00011444299999929797 1008
0.00011446400000014734 1009
0.00011449399999996501 1010
0.00011452399999978269 1011
0.00011455399999960036 1012
0.00011456299999945685 1011
0.00011458399999941804 1012
0.0001146140000001239 1013
0.00011464399999994157 1014
0.00011467399999975925 1015
0.00011468299999961573 1014
0.00011470399999957692 1015
0.0001147339999993946 1016
0.00011476400000010045 1017
0.00011479399999991813 1018
0.00011480299999977461 1017
0.0001148239999997358 1018
0.00011485399999955348 1019
0.00011488399999937116 1020
0.00011491400000007701 1021
0.0001149229999999335 1020
0.00011494399999989469 1021
0.00011497399999971236 1022
0.00011500399999953004 1023
0.00011503399999934771 1024
0.00011504300000009238 1023
0.0001150479999996179 1024
0.00011507799999943558 1025
0.00011510800000014143 1026
0.0001151379999999591 1027
0.00011516299999936308 1026
0.00011516799999977678 1027
0.00011519799999959446 1028
0.00011522799999941213 1029
0.00011525800000011799 1030
0.00011528299999952196 1029
0.00011528799999993566 1030
0.00011531799999975334 1031
0.00011534799999957102 1032
0.00011537799999938869 1033
0.00011540299999968084 1032
0.00011540800000009455 1033
0.00011543799999991222 1034
0.0001154679999997299 1035
0.00011549799999954757 1036
0.00011552299999983973 1035
0.00011552799999936525 1036
0.0001155580000000711 1037
0.00011558799999988878 1038
0.00011561799999970646 1039
0.00011564299999999861 1038
0.00011564799999952413 1039
0.00011567799999934181 1040
0.00011570800000004766 1041
0.00011573799999986534 1042
0.00011576300000015749 1041
0.00011576799999968301 1042
0.00011579799999950069 1043
0.00011582499999995832 1044
0.00011582799999931837 1045
0.00011585800000002422 1046
0.0001158829999994282 1045
0.0001158879999998419 1046
0.00011591799999965957 1047
0.00011594799999947725 1048
0.00011597799999929492 1049
0.00011600299999958708 1048
0.00011600800000000078 1049
0.00011603799999981845 1050
0.00011606799999963613 1051
0.0001160979999994538 1052
0.00011612299999974596 1051
0.00011612800000015966 1052
0.00011615799999997733 1053
0.00011618799999979501 1054
0.00011621799999961269 1055
0.00011624299999990484 1054
0.00011624799999943036 1055
0.00011627800000013622 1056
0.00011630799999995389 1057
0.00011633799999977157 1058
0.00011636300000006372 1057
0.00011636799999958924 1058
0.00011639799999940692 1059
0.00011642800000011277 1060
0.00011645799999993045 1061
0.00011648299999933442 1060
0.00011648799999974813 1061
0.0001165179999995658 1062
0.00011654799999938348 1063
0.00011657800000008933 1064
0.0001166029999994933 1063
0.00011660799999990701 1064
0.00011663799999972468 1065
0.00011665199999999487 1066
0.00011668199999981255 1067
0.00011671199999963022 1068
0.00011672299999965219 1067
0.0001167419999994479 1068
0.00011675599999971809 1069
0.00011678599999953576 1070
0.00011681599999935344 1071
0.00011684299999981107 1070
0.00011684600000005929 1071
0.00011687599999987697 1072
0.00011690599999969464 1073
0.00011693599999951232 1074
0.00011696299999996995 1073
0.00011696599999933 1074
0.00011699600000003585 1075
0.00011702599999985352 1076
0.0001170559999996712 1077
0.00011708300000012883 1076
0.00011708599999948888 1077
0.00011711599999930655 1078
0.00011714600000001241 1079
0.00011715999999939442 1080
0.00011719000000010027 1081
0.00011720299999939954 1080
0.00011721999999991795 1081
0.00011724999999973562 1082
0.0001172799999995533 1083
0.00011730999999937097 1084
0.00011732299999955842 1083
0.00011734000000007683 1084
0.0001173699999998945 1085
0.00011739999999971218 1086
0.00011742999999952985 1087
0.0001174429999997173 1086
0.00011745999999934753 1087
0.00011749000000005339 1088
0.00011751999999987106 1089
0.00011754999999968874 1090
0.00011756299999987618 1089
0.00011756399999995892 1090
0.0001175939999997766 1091
0.00011762399999959428 1092
0.00011765399999941195 1093
0.00011768300000003507 1092
0.0001176840000001178 1093
0.00011771399999993548 1094
0.00011774399999975316 1095
0.00011777399999957083 1096
0.00011780299999930577 1095
0.00011780399999938851 1096
0.00011783400000009436 1097
0.00011786399999991204 1098
0.00011789399999972972 1099
0.00011792299999946465 1098
0.00011792399999954739 1099
0.00011795399999936507 1100
0.00011798400000007092 1101
0.0001180139999998886 1102
0.00011804299999962353 1101
0.00011804399999970627 1102
0.00011807399999952395 1103
0.00011810399999934162 1104
0.00011813400000004748 1105
0.00011814799999942949 1106
0.00011816299999978241 1105
0.00011817800000013534 1106
0.00011820799999995302 1107
0.00011823799999977069 1108
0.00011826799999958837 1109
0.0001182829999999413 1108
0.00011829799999940604 1109
0.0001183280000001119 1110
0.00011835799999992958 1111
0.00011837199999931158 1112
0.00011840200000001744 1113
0.00011840300000010018 1112
0.00011841599999939945 1113
0.00011842999999966963 1114
0.00011845999999948731 1115
0.00011848999999930498 1116
0.00011852000000001084 1117
0.00011852299999937088 1116
0.00011854999999982851 1117
0.00011857999999964619 1118
0.00011860999999946387 1119
0.00011863999999928154 1120
0.00011864299999952976 1119
0.0001186699999999874 1120
0.00011869999999980507 1121
0.00011872999999962275 1122
0.00011875999999944042 1123
0.00011876299999968865 1122
0.00011879000000014628 1123
0.00011881999999996395 1124
0.00011884999999978163 1125
0.0001188799999995993 1126
0.00011888299999984753 1125
0.00011889399999986949 1126
0.00011892399999968717 1127
0.00011895399999950484 1128
0.00011898399999932252 1129
0.00011900300000000641 1128
0.00011901400000002837 1129
0.00011904399999984605 1130
0.00011907399999966373 1131
0.0001191039999994814 1132
0.00011912300000016529 1131
0.00011913399999929908 1132
0.00011916400000000493 1133
0.00011919399999982261 1134
0.0001192080000000928 1135
0.00011923799999991047 1136
0.000119242999999436 1135
0.00011926799999972815 1136
0.00011929799999954582 1137
0.0001193279999993635 1138
0.00011935800000006935 1139
0.00011936299999959488 1138
0.00011938799999988703 1139
0.0001194179999997047 1140
0.00011944799999952238 1141
0.00011946199999979257 1142
0.00011948299999975376 1141
0.00011949199999961024 1142
0.00011952199999942792 1143
0.00011955200000013377 1144
0.00011958199999995145 1145
0.00011960299999991264 1144
0.00011961199999976913 1145
0.0001196419999995868 1146
0.00011967199999940448 1147
0.00011970200000011033 1148
0.00011972300000007152 1147
0.00011973199999992801 1148
0.00011976199999974568 1149
0.00011979199999956336 1150
0.00011982199999938103 1151
0.00011984299999934223 1150
0.00011985200000008689 1151
0.00011988199999990456 1152
0.00011991199999972224 1153
0.00011994199999953992 1154
0.00011996299999950111 1153
0.00011997199999935759 1154
0.00012000200000006345 1155
0.00012003199999988112 1156
0.0001200619999996988 1157
0.00012008299999965999 1156
0.00012009199999951647 1157
0.00012012199999933415 1158
0.00012015200000004 1159
0.00012018199999985768 1160
0.00012020299999981887 1159
0.00012021199999967536 1160
0.00012024199999949303 1161
0.00012025599999976322 1162
0.0001202859999995809 1163
0.00012031599999939857 1164
0.00012032299999997775 1163
0.00012034600000010442 1164
0.0001203759999999221 1165
0.00012040599999973978 1166
0.00012043599999955745 1167
0.00012044300000013664 1166
0.00012046599999937513 1167
0.00012049600000008098 1168
0.00012052599999989866 1169
0.00012055599999971633 1170
0.00012056299999940734 1169
0.00012058599999953401 1170
0.00012061599999935169 1171
0.00012064600000005754 1172
0.00012067599999987522 1173
0.00012068299999956622 1172
0.00012070599999969289 1173
0.00012073599999951057 1174
0.00012076599999932824 1175
0.0001207960000000341 1176
0.0001208029999997251 1175
0.00012082599999985177 1176
0.00012085599999966945 1177
0.00012088599999948713 1178
0.0001209159999993048 1179
0.00012092299999988398 1178
0.00012094600000001066 1179
0.00012095999999939266 1180
0.00012099000000009852 1181
0.0001210199999999162 1182
0.00012104300000004287 1181
0.00012104999999973387 1182
0.00012107999999955155 1183
0.00012110999999936922 1184
0.00012114000000007508 1185
0.00012116299999931357 1184
0.00012116999999989275 1185
0.00012119999999971043 1186
0.0001212299999995281 1187
0.00012125999999934578 1188
0.00012128299999947245 1187
0.00012129000000005163 1188
0.00012131999999986931 1189
0.00012134999999968699 1190
0.00012137999999950466 1191
0.00012139399999977485 1192
0.00012140299999963133 1191
0.00012142399999959252 1192
0.0001214539999994102 1193
0.00012148400000011605 1194
0.00012151399999993373 1195
0.00012152299999979022 1194
0.0001215439999997514 1195
0.00012157399999956908 1196
0.00012160399999938676 1197
0.00012163400000009261 1198
0.0001216429999999491 1197
0.00012166399999991029 1198
0.00012169399999972796 1199
0.00012172399999954564 1200
0.00012175399999936332 1201
0.00012176300000010798 1200
0.00012178400000006917 1201
0.00012181399999988685 1202
0.00012184399999970452 1203
0.0001218739999995222 1204
0.00012188299999937868 1203
0.00012190399999933987 1204
0.00012193400000004573 1205
0.0001219639999998634 1206
0.00012199399999968108 1207
0.00012200299999953756 1206
0.00012202399999949876 1207
0.00012205399999931643 1208
0.00012208400000002229 1209
0.00012211399999983996 1210
0.00012212299999969645 1209
0.00012214399999965764 1210
0.0001221739999994753 1211
0.0001221879999997455 1212
0.00012221799999956318 1213
0.00012224299999985533 1212
0.00012224799999938085 1213
0.0001222780000000867 1214
0.00012230799999990438 1215
0.00012233799999972206 1216
0.0001223630000000142 1215
0.00012236799999953973 1216
0.00012238199999980992 1217
0.0001224119999996276 1218
0.00012244199999944527 1219
0.00012247200000015113 1220
0.00012248299999928491 1219
0.00012248599999953313 1220
0.0001225159999993508 1221
0.00012254600000005667 1222
0.00012257599999987434 1223
0.0001226029999994438 1222
0.00012260599999969202 1223
0.0001226199999999622 1224
0.00012264999999977988 1225
0.00012267999999959756 1226
0.00012270999999941523 1227
0.00012272299999960268 1226
0.00012274000000012109 1227
0.00012276999999993876 1228
0.00012279999999975644 1229
0.00012281400000002662 1230
0.00012284299999976156 1229
0.0001228439999998443 1230
0.00012287399999966198 1231
0.00012290399999947965 1232
0.00012291799999974984 1233
0.00012294799999956751 1234
0.00012296299999992044 1233
0.0001229779999993852 1234
0.00012300800000009104 1235
0.00012303799999990872 1236
0.0001230679999997264 1237
0.00012308300000007932 1236
0.00012309799999954407 1237
0.00012312799999936175 1238
0.0001231580000000676 1239
0.0001231719999994496 1240
0.00012320200000015546 1241
0.00012320299999935003 1240
0.00012323199999997314 1241
0.00012326199999979082 1242
0.0001232919999996085 1243
0.00012332199999942617 1244
0.0001233229999995089 1243
0.00012335200000013202 1244
0.0001233819999999497 1245
0.0001233959999993317 1246
0.00012342600000003756 1247
0.00012343999999941957 1248
0.0001234429999996678 1247
0.00012347000000012542 1248
0.0001234999999999431 1249
0.00012352999999976078 1250
0.00012355999999957845 1251
0.00012356299999982667 1250
0.00012358999999939613 1251
0.00012362000000010198 1252
0.00012364999999991966 1253
0.00012367999999973733 1254
0.00012368299999998555 1253
0.000123709999999555 1254
0.00012373999999937269 1255
0.00012375399999964287 1256
0.00012378399999946055 1257
0.00012379799999973073 1258
0.00012380300000014444 1257
0.0001238279999995484 1258
0.00012385799999936609 1259
0.00012388800000007194 1260
0.00012391799999988962 1261
0.00012392299999941514 1260
0.0001239479999997073 1261
0.00012396199999997748 1262
0.00012399199999979515 1263
0.00012402199999961283 1264
0.00012404299999957402 1263
0.0001240519999994305 1264
0.00012408200000013636 1265
0.00012411199999995404 1266
0.0001241419999997717 1267
0.0001241560000000419 1268
0.0001241629999997329 1267
0.00012418599999985958 1268
0.00012421599999967725 1269
0.00012424599999949493 1270
0.0001242759999993126 1271
0.00012428299999989179 1270
0.00012430600000001846 1271
0.00012433599999983613 1272
0.0001243659999996538 1273
0.00012439599999947148 1274
0.00012440300000005067 1273
0.00012442599999928916 1274
0.00012445599999999502 1275
0.0001244859999998127 1276
0.00012451599999963037 1277
0.00012452299999932137 1276
0.00012454599999944804 1277
0.0001245760000001539 1278
0.00012460599999997157 1279
0.00012463599999978925 1280
0.00012464299999948025 1279
0.00012465000000005944 1280
0.0001246799999998771 1281
0.0001247099999996948 1282
0.00012473999999951246 1283
0.00012475399999978265 1284
0.00012476299999963913 1283
0.00012478399999960033 1284
0.000124813999999418 1285
0.00012484400000012386 1286
0.00012487399999994153 1287
0.00012488299999979802 1286
0.0001249039999997592 1287
0.00012493399999957688 1288
0.00012496399999939456 1289
0.00012499400000010041 1290
0.0001250029999999569 1289
0.0001250239999999181 1290
0.00012505399999973577 1291
0.00012508399999955344 1292
0.00012511399999937112 1293
0.00012512300000011578 1292
0.00012514400000007697 1293
0.00012517399999989465 1294
0.00012518800000016483 1295
0.0001252179999999825 1296
0.00012523199999936452 1297
0.00012524299999938648 1296
0.00012526200000007037 1297
0.00012529199999988805 1298
0.00012532199999970572 1299
0.00012536299999954537 1298
0.00012537499999965007 1299
0.0001254819999996215 1300
0.00012548299999970425 1299
0.00012551199999943918 1300
0.00012560299999986313 1299
0.00012562199999965884 1300
0.00012567399999952045 1301
0.000125723000000022 1300
0.00012573500000012672 1301
0.00012581399999955778 1302
0.00012584299999929272 1301
0.00012585499999939742 1302
0.00012588500000010328 1303
0.00012591499999992095 1304
0.0001259629999994516 1303
0.0001259749999995563 1304
0.0001259889999998265 1305
0.00012608299999961048 1304
0.00012609499999971518 1305
0.00012612499999953286 1306
0.00012620299999976936 1305
0.00012621499999987407 1306
0.00012624499999969174 1307
0.00012632299999992824 1306
0.00012633500000003295 1307
0.0001264330000001479 1308
0.00012644300000008712 1307
0.00012646299999996558 1308
0.0001264799999995958 1309
0.00012656299999935783 1308
0.00012657499999946253 1309
0.00012662799999940688 1310
0.0001266829999995167 1309
0.00012669499999962142 1310
0.00012673799999962654 1311
0.0001268029999996756 1310
0.00012680499999984107 1311
0.00012683499999965875 1312
0.00012692299999983447 1311
0.00012704299999999336 1310
0.00012705500000009806 1311
0.00012706899999948007 1312
0.00012709899999929775 1313
0.0001271290000000036 1314
0.00012716300000015224 1313
0.00012717499999936877 1314
0.00012719999999966092 1315
0.00012726900000004093 1316
0.00012728299999942294 1315
0.0001272989999998586 1316
0.00012732899999967628 1317
0.00012735899999949396 1318
0.00012738899999931164 1319
0.00012740299999958182 1318
0.0001274190000000175 1319
0.0001274329999993995 1320
0.00012746300000010535 1321
0.0001275229999997407 1320
0.0001275280000001544 1321
0.00012755799999997208 1322
0.00012758000000001601 1321
0.0001276550000000043 1322
0.00012769999999928672 1321
0.0001277139999995569 1322
0.0001278199999994456 1321
0.00012789699999959936 1322
0.00012791099999986955 1323
0.00012793999999960448 1322
0.00012796099999956567 1323
0.00012797800000008408 1324
0.00012801499999959276 1325
0.00012805999999976336 1324
0.00012809700000016022 1325
0.00012813499999975164 1326
0.00012816499999956932 1327
0.00012817999999992225 1326
0.00012825499999991052 1327
0.00012828599999981094 1328
0.00012830000000008113 1327
0.00012833599999950707 1328
0.0001283699999996557 1329
0.00012839999999947338 1330
0.00012841999999935183 1329
0.00012842999999929106 1330
0.00012845000000005768 1331
0.00012849599999942285 1332
0.0001285399999995107 1331
0.0001286599999996696 1330
0.00012867600000010526 1331
0.00012872499999971865 1332
0.00012877300000013747 1333
0.00012877999999982848 1332
0.00012885499999981676 1333
0.00012888499999963443 1334
0.00012889999999998736 1333
0.0001289149999994521 1334
0.00012896799999939645 1335
0.0001289980000001023 1336
0.00012902000000014624 1335
0.00012909299999996904 1336
0.00012913999999941694 1335
0.00012917799999989654 1336
0.00012920799999971422 1337
0.0001292379999995319 1338
0.00012925999999957583 1337
0.00012926799999934957 1338
0.00012931000000016013 1339
0.0001293559999995253 1340
0.00012937400000012644 1341
0.0001293799999997347 1340
0.0001294929999993144 1341
0.0001294999999998936 1340
0.00012952300000002026 1341
0.00012960499999969954 1342
0.00012962000000005247 1341
0.00012969500000004075 1342
0.00012972599999994117 1343
0.00012973999999932317 1342
0.00012981499999931145 1343
0.00012985999999948206 1342
0.00012986199999964754 1343
0.0001298919999994652 1344
0.00012997999999964094 1343
0.00013000600000001583 1344
0.00013007999999992137 1345
0.00013009999999979982 1344
0.0001301749999997881 1345
0.00013020499999960577 1346
0.0001302199999999587 1345
0.00013023499999942345 1346
0.00013027600000015127 1347
0.00013030599999996895 1348
0.00013034000000011758 1347
0.00013041500000010586 1348
0.0001304599999993883 1347
0.0001304629999996365 1348
0.00013049299999945418 1349
0.00013057999999954717 1348
0.00013058799999932091 1349
0.00013063000000013147 1350
0.00013065999999994915 1351
0.00013067399999933116 1352
0.00013069999999970605 1351
0.00013080899999984297 1352
0.00013081999999986493 1351
0.00013084500000015709 1352
0.00013088700000007947 1353
0.00013091699999989714 1354
0.00013094000000002382 1353
0.00013095399999940582 1354
0.00013101399999992935 1355
0.00013104399999974703 1356
0.00013105800000001722 1357
0.00013105999999929452 1356
0.00013109599999960864 1357
0.0001311349999992828 1358
0.0001311799999994534 1357
0.00013118999999939263 1358
0.00013125499999944168 1359
0.00013128500000014753 1360
0.00013129899999952954 1361
0.00013129999999961228 1360
0.00013137499999960056 1361
0.00013141300000008016 1362
0.00013141999999977116 1361
0.00013145899999944533 1362
0.00013153699999968183 1363
0.00013153999999993005 1362
0.0001316049999999791 1363
0.0001316189999993611 1364
0.00013166000000008893 1363
0.00013175299999979018 1364
0.00013176700000006036 1365
0.00013177999999935963 1364
0.0001318289999998612 1365
0.00013185899999967887 1366
0.00013187299999994906 1367
0.0001318999999995185 1366
0.00013190299999976673 1367
0.00013200099999988169 1368
0.00013201500000015187 1369
0.0001320199999996774 1368
0.00013204499999996955 1369
0.00013207499999978722 1370
0.0001321049999996049 1371
0.00013213999999983628 1370
0.00013221499999982456 1371
0.00013225999999999516 1370
0.00013233499999998344 1371
0.00013238000000015404 1370
0.00013238799999992779 1371
0.00013245500000014232 1372
0.00013248899999940278 1373
0.00013249999999942474 1372
0.00013250299999967297 1373
0.00013257499999941302 1374
0.00013260500000011888 1375
0.00013261999999958363 1374
0.00013264499999987578 1375
0.00013267900000002442 1376
0.0001327089999998421 1377
0.00013273899999965977 1378
0.0001327399999997425 1377
0.00013276899999947744 1378
0.00013279899999929512 1379
0.00013282900000000097 1380
0.00013285899999981865 1381
0.0001328599999999014 1380
0.00013288899999963633 1381
0.000132918999999454 1382
0.00013294900000015986 1383
0.00013297899999997753 1384
0.00013298000000006027 1383
0.0001330369999994474 1384
0.00013306700000015326 1385
0.00013309699999997093 1386
0.00013309999999933098 1385
0.0001331269999997886 1386
0.00013315699999960628 1387
0.00013317099999987647 1388
0.00013320099999969415 1389
0.00013321999999948986 1388
0.00013323099999951182 1389
0.00013329499999947814 1390
0.00013333999999964874 1389
0.00013339699999992405 1388
0.00013341499999963702 1389
0.0001334969999993163 1390
0.00013351700000008293 1389
0.0001335349999997959 1390
0.00013363699999935363 1389
0.00013370799999989913 1390
0.00013375699999951252 1389
0.00013383299999958354 1390
0.0001338769999996714 1389
0.00013388499999944514 1390
0.000133915000000151 1391
0.00013394499999996867 1392
0.00013397499999978635 1393
0.00013399699999983028 1392
0.00013400499999960402 1393
0.0001340349999994217 1394
0.00013406500000012755 1395
0.00013411699999998916 1394
0.00013413499999970213 1395
0.00013414899999997232 1396
0.00013423700000014804 1395
0.000134254999999861 1396
0.0001342849999996787 1397
0.00013431499999949637 1398
0.00013434499999931404 1399
0.00013435699999941875 1398
0.0001343750000000199 1399
0.00013440499999983757 1400
0.00013443499999965525 1401
0.00013446499999947292 1402
0.00013447699999957763 1401
0.0001344949999992906 1402
0.00013452499999999645 1403
0.00013455499999981413 1404
0.0001345969999997365 1403
0.00013461499999944948 1404
0.0001347169999998954 1403
0.00013473499999960836 1404
0.00013476499999942604 1405
0.00013483700000005427 1404
0.00013485499999976724 1405
0.00013495699999932498 1404
0.00013496899999942968 1405
0.00013499900000013554 1406
0.00013502899999995321 1407
0.0001350589999997709 1408
0.00013507699999948386 1407
0.00013508899999958857 1408
0.00013511899999940624 1409
0.0001351490000001121 1410
0.00013517899999992977 1411
0.00013519699999964274 1410
0.00013520899999974745 1411
0.00013527199999963102 1412
0.00013531699999980162 1411
0.0001353919999997899 1412
0.0001354369999999605 1411
0.00013551199999994878 1412
0.0001355570000001194 1411
0.00013563200000010767 1412
0.00013566199999992534 1413
0.0001356769999993901 1412
0.00013575199999937837 1413
0.00013578200000008422 1414
0.00013579699999954897 1413
0.0001358900000001384 1414
0.00013591699999970785 1413
0.00013599199999969613 1414
0.00013600599999996632 1415
0.00013603699999986674 1414
0.0001361019999999158 1415
0.00013613199999973347 1416
0.00013615700000002562 1415
0.00013616499999979936 1416
0.00013618399999959507 1417
0.0001362320000000139 1418
0.00013627699999929632 1417
0.0001363519999992846 1418
0.0001363969999994552 1417
0.00013647199999944348 1418
0.00013651699999961409 1417
0.0001365739999998894 1418
0.00013660399999970707 1419
0.00013663699999977297 1418
0.00013671199999976125 1419
0.00013674800000007536 1420
0.00013675699999993185 1419
0.00013683300000000287 1420
0.00013687700000009073 1419
0.000136952000000079 1420
0.00013699699999936144 1419
0.00013707199999934971 1420
0.0001370859999996199 1421
0.00013711599999943758 1422
0.00013711699999952032 1421
0.00013714600000014343 1422
0.00013717399999979563 1421
0.0001371759999999611 1422
0.00013720599999977878 1423
0.00013723599999959646 1424
0.00013726599999941413 1425
0.0001372939999999545 1424
0.00013731199999966748 1425
0.00013735399999958986 1426
0.0001374140000001134 1425
0.00013743199999982636 1426
0.00013747099999950052 1425
0.00013750199999940094 1426
0.00013754799999965428 1427
0.00013757799999947196 1428
0.0001375909999996594 1427
0.00013759199999974214 1428
0.00013767200000014412 1429
0.00013771099999981828 1428
0.00013779199999941483 1429
0.00013780599999968501 1430
0.00013783099999997717 1429
0.0001378359999995027 1430
0.0001378879999993643 1429
0.0001379119999995737 1430
0.0001379659999996008 1431
0.00013800799999952318 1430
0.0001380319999997326 1431
0.00013806199999955027 1432
0.00013809199999936794 1433
0.00013812699999959932 1434
0.00013812799999968206 1433
0.000138156999999417 1434
0.00013824799999984094 1433
0.0001382539999994492 1434
0.00013828400000015506 1435
0.00013836799999999982 1434
0.00013838799999987828 1435
0.00013841799999969595 1436
0.00013842499999938696 1435
0.00013848199999966226 1434
0.000138482999999745 1435
0.00013851299999956268 1436
0.00013860199999982115 1435
0.00013863199999963882 1436
0.00013871799999964907 1437
0.00013872199999998003 1436
0.0001387639999999024 1437
0.00013879399999972009 1438
0.00013880799999999027 1439
0.0001388420000001389 1438
0.00013887999999973033 1439
0.0001389619999994096 1438
0.00013898599999961903 1439
0.0001390159999994367 1440
0.0001390780000001257 1441
0.0001390819999995685 1440
0.00013911199999938617 1441
0.00013912599999965636 1442
0.00013919899999947916 1443
0.00013920199999972738 1442
0.00013923199999954505 1443
0.00013926199999936273 1444
0.00013927599999963292 1445
0.00013932199999988626 1444
0.00013935199999970393 1445
0.0001393819999995216 1446
0.00013944200000004514 1445
0.00013944499999940518 1446
0.00013947500000011104 1447
0.00013950600000001145 1448
0.00013956199999931584 1447
0.0001395920000000217 1448
0.00013968199999947473 1447
0.0001397049999996014 1448
0.00013973499999941907 1449
0.00013973899999975004 1448
0.00013976500000012493 1449
0.00013983199999945128 1450
0.00013985899999990892 1449
0.00013991599999929605 1448
0.00013995199999961017 1449
0.00013997599999981958 1450
0.00013998199999942784 1451
0.00014003599999945493 1450
0.00014007199999976905 1451
0.0001401159999998569 1452
0.0001401559999996138 1451
0.00014019199999992793 1452
0.0001402759999997727 1451
0.00014027799999993817 1452
0.0001403120000000868 1453
0.000140333000000048 1452
0.00014043199999935752 1453
0.00014043699999977122 1454
0.0001404529999993187 1453
0.00014052899999938973 1454
0.00014055900000009558 1455
0.0001405729999994776 1454
0.000140589999999996 1455
0.0001406299999997529 1454
0.00014067199999967528 1455
0.00014068599999994547 1456
0.0001406870000000282 1455
0.00014071599999976314 1456
0.00014079199999983416 1457
0.0001407929999999169 1458
0.0001408069999992989 1457
0.00014082199999965184 1458
0.00014083599999992202 1459
0.00014086399999957422 1458
0.00014092099999984953 1457
0.00014092799999954053 1458
0.00014096899999938017 1459
0.0001410410000000084 1458
0.0001411299999993787 1459
0.00014114399999964888 1460
0.0001411609999992791 1459
0.00014120899999969794 1460
0.000141280999999438 1459
0.00014128800000001718 1460
0.00014132000000000033 1461
0.00014132899999985682 1462
0.00014140099999959688 1461
0.00014152099999975576 1460
0.0001415689999992864 1461
0.00014164099999991464 1460
0.0001416889999994453 1461
0.00014174299999947237 1462
0.00014176100000007352 1461
0.00014180899999960417 1462
0.00014185299999969203 1463
0.00014188099999934423 1462
0.00014192899999976305 1463
0.00014193799999961954 1462
0.00014204899999992193 1463
0.00014205799999977842 1462
0.00014206299999930394 1463
0.00014210400000003176 1464
0.00014216900000008081 1465
0.0001421779999999373 1464
0.00014228899999935152 1465
0.00014229800000009618 1464
0.0001423029999996217 1465
0.00014240099999973665 1466
0.00014241799999936688 1465
0.00014243099999955433 1466
0.00014247000000011667 1467
0.0001424749999996422 1466
0.00014252899999966928 1467
0.00014255899999948696 1468
0.00014257299999975714 1469
0.00014259499999980108 1468
0.00014264899999982816 1469
0.00014271499999995996 1468
0.00014276899999998705 1469
0.00014283500000011884 1468
0.00014288900000014593 1469
0.00014293200000015105 1470
0.00014295499999938954 1469
0.00014307499999954842 1468
0.0001431949999997073 1467
0.00014326699999944736 1468
0.0001433149999998662 1467
0.00014337499999950154 1468
0.00014340499999931922 1469
0.00014343500000002507 1468
0.00014355499999929577 1467
0.00014367499999945466 1466
0.0001436969999994986 1467
0.0001437749999997351 1468
0.00014378900000000527 1469
0.00014379499999961354 1468
0.00014384199999994962 1469
0.00014391499999977242 1468
0.0001440349999999313 1467
0.00014405699999997523 1468
0.00014409199999931843 1467
0.00014415500000009018 1468
0.0001442019999995381 1469
0.00014421199999947731 1468
0.00014426799999966988 1469
0.0001443319999996362 1468
0.00014437399999955858 1469
0.00014445199999979508 1468
0.0001444550000000433 1469
0.00014457199999995396 1468
0.00014457599999939674 1469
0.00014464299999961128 1470
0.00014468499999953366 1471
0.00014469200000011284 1470
0.00014479599999983606 1471
0.00014481199999938354 1470
0.00014486899999965885 1469
0.00014492599999993416 1468
0.00014496899999993929 1469
0.00014504600000009304 1468
0.00014516599999936375 1467
0.00014517599999930297 1468
0.0001452119999996171 1469
0.00014522599999988728 1470
0.00014527299999933518 1471
0.00014528599999952263 1470
0.00014530300000004104 1471
0.0001454059999996815 1470
0.00014542499999947722 1471
0.0001455259999998404 1470
0.00014564599999999928 1469
0.00014570000000002636 1470
0.00014576600000015816 1469
0.00014579700000005857 1470
0.00014588599999942886 1469
0.00014600599999958774 1468
0.00014604599999934464 1469
0.00014611299999955918 1470
0.00014612599999974663 1469
0.0001462459999999055 1468
0.00014625399999967925 1469
0.00014628399999949693 1470
0.0001463660000000644 1469
0.00014642199999936878 1470
0.00014643599999963897 1471
0.0001464859999993351 1470
0.00014650699999929628 1471
0.00014660599999949397 1470
0.00014664799999941636 1471
0.00014672599999965286 1470
0.00014673299999934386 1471
0.00014676300000004971 1472
0.00014684599999981174 1471
0.00014686199999935923 1472
0.00014696599999997062 1471
0.00014699199999945733 1472
0.0001470860000001295 1471
0.0001472059999994002 1470
0.00014731599999961986 1471
0.0001473259999995591 1470
0.00014734599999943754 1471
0.00014744599999971797 1470
0.00014751099999976702 1471
0.00014756399999971137 1472
0.00014756599999987685 1471
0.00014762300000015216 1470
0.00014766600000015728 1471
0.00014774299999942286 1470
0.0001477510000000848 1471
0.00014786299999958175 1470
0.00014798299999974063 1469
0.0001481029999998995 1468
0.00014819399999943528 1469
0.00014821399999931373 1470
0.0001482230000000584 1469
0.00014824999999962785 1470
0.00014827999999944552 1471
0.00014827999999944552 1470
0.00014831000000015138 1471
0.00014836799999962125 1472
0.0001483999999996044 1471
0.0001484069999992954 1472
0.0001484139999998746 1473
0.0001484569999998797 1472
0.0001485770000000386 1471
0.00014867899999959633 1472
0.0001486969999993093 1471
0.00014881699999946818 1470
0.00014885399999986504 1471
0.00014893699999962706 1470
0.00014900199999967612 1471
0.00014905699999978594 1470
0.00014911400000006125 1469
0.00014913099999969148 1470
0.0001491809999993876 1471
0.00014921100000009346 1472
0.00014923399999933196 1471
0.00014935399999949084 1470
0.00014936699999967828 1471
0.00014941400000001437 1472
0.00014947399999964972 1471
0.0001495939999998086 1470
0.00014959499999989134 1471
0.0001496029999996651 1472
0.0001496510000000839 1471
0.00014967499999940514 1472
0.00014972299999982397 1473
0.00014977099999935461 1472
0.00014981399999935974 1473
0.0001498440000000656 1474
0.00014987799999932605 1475
0.0001498909999995135 1474
0.00014996699999958452 1475
0.0001499969999994022 1476
0.00015001099999967238 1475
0.00015002700000010805 1476
0.0001500609999993685 1477
0.00015009100000007436 1478
0.00015013099999983126 1477
0.00015025099999999014 1476
0.0001502620000000121 1477
0.00015030699999929453 1478
0.0001503370000000004 1479
0.00015037100000014902 1478
0.00015039799999971848 1479
0.00015042799999953615 1478
0.00015054799999969504 1477
0.000150565999999408 1478
0.00015060499999997035 1477
0.00015072500000012923 1476
0.00015084499999939993 1475
0.0001509180000001109 1476
0.0001509649999995588 1475
0.00015106800000008747 1476
0.0001510849999997177 1475
0.00015118099999966716 1476
0.00015120499999987658 1475
0.00015132500000003546 1474
0.00015135700000001862 1475
0.00015144499999930616 1474
0.00015148700000011672 1475
0.00015156499999946504 1474
0.00015162199999974035 1473
0.00015174199999989924 1472
0.00015186200000005812 1471
0.00015191899999944525 1470
0.0001520169999995602 1471
0.00015203899999960413 1470
0.000152158999999763 1469
0.0001522199999994811 1470
0.0001522719999993427 1471
0.0001522789999999219 1470
0.00015239900000008078 1469
0.0001524559999994679 1468
0.00015248699999936832 1469
0.00015255799999991382 1470
0.0001525759999996268 1469
0.00015269599999978567 1468
0.0001527299999999343 1469
0.00015275300000006098 1468
0.00015275899999966924 1469
0.00015287299999933168 1468
0.0001529209999997505 1469
0.000152929999999607 1468
0.0001529869999998823 1467
0.00015302599999955646 1468
0.00015310700000004118 1467
0.0001531639999994283 1466
0.0001532509999995213 1467
0.0001532839999995872 1466
0.0001533409999998625 1465
0.0001533619999998237 1466
0.00015340299999966334 1467
0.000153432999999481 1468
0.00015346100000002139 1467
0.0001534629999992987 1468
0.0001535809999992921 1467
0.00015358299999945757 1468
0.00015370099999945097 1467
0.0001537319999993514 1468
0.00015375799999972628 1467
0.00015376200000005724 1468
0.00015377599999943925 1469
0.00015382399999985807 1470
0.00015387799999988516 1469
0.0001538979999997636 1470
0.00015399800000004404 1469
0.00015406099999992762 1470
0.00015411799999931475 1469
0.0001541289999993367 1470
0.0001541639999995681 1471
0.00015417499999959006 1470
0.00015422599999936892 1471
0.0001542489999994956 1472
0.00015427899999931327 1473
0.00015429499999974894 1472
0.00015433100000006306 1473
0.00015441499999990782 1472
0.0001544689999999349 1473
0.00015449899999975258 1474
0.00015452899999957026 1475
0.0001545350000000667 1474
0.00015459199999945383 1473
0.00015464899999972914 1472
0.0001547419999994304 1473
0.00015476899999988802 1472
0.00015477899999982725 1473
0.0001548890000000469 1472
0.0001550089999993176 1471
0.00015506599999959292 1470
0.00015512299999986823 1469
0.00015519000000008276 1470
0.0001552430000000271 1469
0.0001553090000001589 1470
0.0001553229999995409 1471
0.0001553629999992978 1470
0.00015541600000013034 1471
0.00015545399999972176 1472
0.0001554829999994567 1471
0.000155539999999732 1470
0.00015558399999981987 1471
0.00015562000000013398 1472
0.00015565999999989089 1471
0.00015568300000001756 1472
0.00015571299999983523 1473
0.00015577000000011054 1474
0.00015578000000004977 1473
0.0001558419999998506 1474
0.00015589999999932047 1473
0.00015590499999973417 1474
0.00015596499999936952 1475
0.00015599500000007538 1476
0.00015601999999947935 1475
0.00015608299999936293 1476
0.00015613999999963823 1475
0.0001561699999994559 1476
0.00015619699999991354 1475
0.00015623499999950496 1476
0.00015626499999932264 1477
0.00015627899999959283 1478
0.00015630600000005046 1479
0.00015631700000007243 1478
0.0001563589999999948 1479
0.00015643699999934313 1478
0.00015646299999971802 1479
0.0001564929999995357 1480
0.00015649399999961844 1479
0.00015653200000009804 1480
0.00015655099999989375 1479
0.0001565619999999157 1480
0.00015659299999981613 1481
0.00015660799999928088 1480
0.0001566649999995562 1479
0.00015667200000013537 1480
0.0001567429999997927 1481
0.00015677599999985858 1482
0.00015678499999971507 1481
0.00015680599999967626 1482
0.00015683599999949394 1483
0.00015690499999987395 1482
0.00015693099999936067 1483
0.00015696200000014926 1482
0.00015697599999953127 1483
0.0001570189999995364 1482
0.00015711100000004308 1483
0.00015713899999969527 1482
0.00015714099999986075 1483
0.00015717099999967843 1484
0.00015719599999997058 1483
0.0001572009999994961 1484
0.0001572149999997663 1485
0.00015726799999971064 1486
0.00015729799999952832 1487
0.00015731600000012946 1486
0.000157327999999346 1487
0.00015735800000005185 1488
0.00015738799999986952 1489
0.0001574179999996872 1490
0.00015743599999940017 1489
0.00015748599999998447 1490
0.00015749999999936648 1491
0.00015755599999955905 1490
0.00015761199999975162 1491
0.0001576419999995693 1492
0.00015767199999938697 1493
0.00015767599999971793 1492
0.00015770200000009282 1493
0.00015770200000009282 1494
0.00015773299999999324 1493
0.00015775399999995443 1494
0.0001577959999998768 1495
0.00015784100000004742 1496
0.00015785300000015212 1495
0.00015790999999953925 1494
0.000157910999999622 1495
0.00015796699999981456 1494
0.00015799999999988046 1495
0.00015808699999997344 1494
0.0001581000000001609 1495
0.00015814399999936057 1494
0.0001581850000000884 1495
0.00015823299999961904 1496
0.00015826399999951946 1495
0.00015838399999967834 1496
0.00015838399999967834 1495
0.000158413999999496 1496
0.00015844099999995365 1495
0.00015850799999928 1496
0.00015853799999998586 1497
0.00015856100000011253 1496
0.00015856799999980353 1497
0.00015860799999956043 1498
0.0001586449999999573 1499
0.00015868099999938323 1498
0.00015868399999963145 1499
0.00015871499999953187 1500
0.00015872899999980206 1501
0.00015873799999965854 1500
0.00015875899999961973 1501
0.0001587889999994374 1502
0.00015883799999993897 1503
0.00015885799999981742 1502
0.00015886799999975665 1503
0.00015889799999957432 1504
0.000158927999999392 1505
0.0001589659999998716 1506
0.0001589779999999763 1505
0.00015899599999968927 1506
0.0001590980000001352 1505
0.0001591429999994176 1506
0.000159177999999649 1507
0.0001592179999994059 1506
0.00015926900000007294 1507
0.0001592749999996812 1506
0.0001592989999998906 1507
0.0001593289999997083 1508
0.00015935899999952596 1509
0.00015938899999934364 1510
0.00015939499999984008 1509
0.0001594190000000495 1510
0.00015944899999986717 1511
0.00015947899999968485 1512
0.00015950899999950252 1513
0.00015951499999999896 1512
0.0001595389999993202 1513
0.00015956900000002605 1514
0.00015959899999984373 1515
0.00015961300000011391 1516
0.00015963500000015785 1515
0.0001596429999999316 1516
0.00015967299999974927 1517
0.00015969199999954498 1516
0.00015970299999956694 1517
0.00015973299999938462 1518
0.00015976300000009047 1519
0.00015979299999990815 1520
0.00015981199999970386 1519
0.00015982299999972582 1520
0.0001598529999995435 1521
0.00015986899999997917 1520
0.00015988299999936118 1521
0.00015991300000006703 1522
0.0001599429999998847 1523
0.00015997299999970238 1524
0.00015998900000013805 1523
0.00016000299999952006 1524
0.00016003299999933773 1525
0.0001600630000000436 1526
0.00016009299999986126 1527
0.00016010899999940875 1526
0.00016012299999967894 1527
0.00016015299999949661 1528
0.0001601829999993143 1529
0.00016021300000002014 1530
0.00016022899999956763 1529
0.00016024299999983782 1530
0.0001602729999996555 1531
0.00016030299999947317 1532
0.00016033299999929085 1533
0.00016034699999956104 1534
0.00016034899999972652 1533
0.0001603769999993787 1534
0.00016040700000008457 1535
0.00016043699999990224 1536
0.00016046699999971992 1537
0.0001604689999998854 1536
0.0001604969999995376 1537
0.00016052699999935527 1538
0.00016055700000006112 1539
0.0001605869999998788 1540
0.00016058900000004428 1539
0.00016061699999969647 1540
0.0001606459999994314 1539
0.00016064699999951415 1540
0.00016067699999933183 1541
0.00016070700000003768 1542
0.00016073699999985536 1543
0.0001607659999995903 1542
0.00016076699999967303 1543
0.0001607969999994907 1544
0.00016082699999930838 1545
0.00016085700000001424 1546
0.00016088599999974917 1545
0.00016088699999983191 1546
0.0001609169999996496 1547
0.00016094300000002448 1546
0.00016094699999946727 1547
0.00016097699999928494 1548
0.0001610069999999908 1549
0.00016103699999980847 1550
0.0001610629999992952 1549
0.00016106699999962615 1550
0.00016109699999944382 1551
0.0001611199999995705 1550
0.00016112700000014968 1551
0.00016115699999996735 1552
0.00016118699999978503 1553
0.0001612169999996027 1554
0.00016123999999972938 1553
0.00016124699999942038 1554
0.00016127700000012624 1555
0.0001612970000000047 1554
0.0001613069999999439 1555
0.0001613369999997616 1556
0.00016135100000003177 1557
0.00016138099999984945 1558
0.00016141099999966713 1559
0.00016141700000016357 1558
0.0001614409999994848 1559
0.00016147099999930248 1560
0.00016148499999957266 1561
0.00016151499999939034 1562
0.00016153699999943427 1561
0.0001615450000000962 1562
0.00016157499999991387 1563
0.00016160499999973155 1564
0.00016163499999954922 1565
0.00016165699999959315 1564
0.0001616649999993669 1565
0.00016169500000007275 1566
0.00016172499999989043 1567
0.0001617549999997081 1568
0.00016177699999975204 1567
0.00016178499999952578 1568
0.00016181499999934346 1569
0.0001618450000000493 1570
0.00016187499999986699 1571
0.00016189699999991092 1570
0.00016190499999968466 1571
0.00016193499999950234 1572
0.00016195399999929805 1571
0.00016196499999932001 1572
0.00016199500000002587 1573
0.00016202499999984354 1574
0.00016205499999966122 1575
0.00016207399999945693 1574
0.0001620849999994789 1575
0.00016211499999929657 1576
0.00016214500000000243 1577
0.0001621749999998201 1578
0.0001621939999996158 1577
0.00016220499999963778 1578
0.00016223499999945545 1579
0.0001622650000001613 1580
0.00016229499999997898 1581
0.0001623139999997747 1580
0.00016232499999979666 1581
0.00016235499999961434 1582
0.00016237100000005 1581
0.000162384999999432 1582
0.00016241500000013787 1583
0.00016244499999995554 1584
0.00016247499999977322 1585
0.0001624909999993207 1584
0.0001625049999995909 1585
0.00016253499999940857 1586
0.00016256500000011442 1587
0.0001625949999999321 1588
0.0001626109999994796 1587
0.00016262499999974978 1588
0.00016265499999956745 1589
0.00016268499999938513 1590
0.00016271500000009098 1591
0.00016273099999963847 1590
0.00016274499999990866 1591
0.00016277499999972633 1592
0.000162804999999544 1593
0.00016283499999936168 1594
0.00016285099999979735 1593
0.00016286500000006754 1594
0.00016289499999988521 1595
0.0001629090000001554 1596
0.00016293899999997308 1597
0.00016296899999979075 1598
0.00016297099999995623 1597
0.00016299899999960843 1598
0.0001630289999994261 1599
0.00016305900000013196 1600
0.00016308899999994964 1601
0.00016309100000011512 1600
0.0001631189999997673 1601
0.000163148999999585 1602
0.00016317899999940266 1603
0.00016320900000010852 1604
0.00016321099999938582 1603
0.00016322299999949053 1604
0.0001632529999993082 1605
0.00016328300000001406 1606
0.00016331299999983173 1607
0.0001633309999995447 1606
0.0001633429999996494 1607
0.00016337299999946708 1608
0.00016338799999982 1607
0.00016340299999928476 1608
0.00016343299999999061 1609
0.0001634629999998083 1610
0.00016349299999962597 1611
0.0001635079999999789 1610
0.00016352299999944364 1611
0.0001635530000001495 1612
0.00016358299999996717 1613
0.00016361299999978485 1614
0.00016362800000013777 1613
0.00016364299999960252 1614
0.0001636729999994202 1615
0.00016370300000012605 1616
0.00016373299999994373 1617
0.00016374799999940848 1616
0.0001637629999997614 1617
0.00016379299999957908 1618
0.00016382299999939676 1619
0.0001638530000001026 1620
0.00016386799999956736 1619
0.0001638829999999203 1620
0.00016391299999973796 1621
0.00016394299999955564 1622
0.00016397299999937331 1623
0.00016398799999972624 1622
0.00016400300000007917 1623
0.00016403299999989684 1624
0.00016406299999971452 1625
0.0001640929999995322 1626
0.00016410799999988512 1625
0.00016412299999934987 1626
0.00016415300000005573 1627
0.00016416500000016043 1626
0.0001641829999998734 1627
0.00016421299999969108 1628
0.00016424299999950875 1629
0.00016427299999932643 1630
0.00016428499999943114 1629
0.00016430300000003228 1630
0.00016433299999984996 1631
0.00016436299999966764 1632
0.0001643929999994853 1633
0.00016440499999959002 1632
0.000164422999999303 1633
0.00016445300000000884 1634
0.00016446199999986533 1633
0.00016448299999982652 1634
0.0001645129999996442 1635
0.00016454299999946187 1636
0.00016457299999927955 1637
0.0001645820000000242 1636
0.0001646029999999854 1637
0.00016463299999980308 1638
0.00016463899999941134 1637
0.00016466299999962075 1638
0.00016469299999943843 1639
0.00016472300000014428 1640
0.00016475299999996196 1641
0.00016475899999957022 1640
0.00016478299999977963 1641
0.0001648129999995973 1642
0.00016481599999984553 1641
0.00016484299999941499 1642
0.00016485699999968517 1643
0.00016487300000012084 1642
0.00016488699999950285 1643
0.00016491699999932052 1644
0.00016492999999950797 1643
0.00016494700000002638 1644
0.00016497699999984405 1645
0.00016500699999966173 1646
0.0001650369999994794 1647
0.00016504999999966685 1646
0.00016506699999929708 1647
0.00016509700000000294 1648
0.0001651269999998206 1649
0.0001651410000000908 1650
0.00016516999999982573 1649
0.00016517099999990847 1650
0.00016520099999972615 1651
0.00016523099999954383 1652
0.0001652609999993615 1653
0.00016528999999998462 1652
0.00016529100000006736 1653
0.00016532099999988503 1654
0.00016534699999937175 1653
0.0001653509999997027 1654
0.00016538099999952038 1655
0.00016541099999933806 1656
0.00016544100000004391 1657
0.00016546699999953063 1656
0.0001654709999998616 1657
0.00016550099999967927 1658
0.00016553099999949694 1659
0.00016554499999976713 1660
0.0001655749999995848 1661
0.0001655869999996895 1660
0.00016560499999940248 1661
0.00016563500000010833 1662
0.00016564399999996482 1661
0.000165664999999926 1662
0.00016569499999974369 1663
0.00016570099999935195 1662
0.00016572499999956136 1663
0.00016575499999937904 1664
0.0001657850000000849 1665
0.00016581499999990257 1666
0.00016582099999951083 1665
0.00016584499999972024 1666
0.00016587499999953792 1667
0.00016587799999978614 1666
0.0001659049999993556 1667
0.00016593500000006145 1668
0.00016596499999987913 1669
0.0001659949999996968 1670
0.00016599799999994502 1669
0.00016602499999951448 1670
0.00016605499999933215 1671
0.000166085000000038 1672
0.00016611499999985568 1673
0.0001661180000001039 1672
0.00016614499999967336 1673
0.00016615899999994355 1674
0.00016617299999932555 1675
0.0001662030000000314 1676
0.00016623299999984908 1677
0.0001662379999993746 1676
0.00016626299999966676 1677
0.00016629299999948444 1678
0.00016629499999964992 1677
0.0001663229999993021 1678
0.0001663369999995723 1679
0.00016636699999938998 1680
0.00016639700000009583 1681
0.0001664149999998088 1680
0.0001664269999999135 1681
0.00016644099999929551 1682
0.00016647100000000137 1683
0.00016650099999981904 1684
0.00016653099999963672 1685
0.00016653499999996768 1684
0.0001665449999999069 1685
0.00016657499999972458 1686
0.00016658899999999477 1687
0.00016660299999937678 1688
0.00016663300000008263 1689
0.00016665500000012656 1688
0.0001666629999999003 1689
0.00016669299999971798 1690
0.00016672299999953566 1691
0.00016675299999935334 1692
0.00016677499999939727 1691
0.0001667830000000592 1692
0.00016681299999987687 1693
0.00016683199999967258 1692
0.00016684299999969454 1693
0.00016687299999951222 1694
0.0001669029999993299 1695
0.00016693300000003575 1696
0.00016695199999983146 1695
0.00016696299999985342 1696
0.0001669770000001236 1697
0.00016700699999994129 1698
0.00016703699999975896 1699
0.00016706699999957664 1700
0.00016707199999999034 1699
0.0001670969999993943 1700
0.00016712700000010017 1701
0.00016715699999991784 1702
0.00016718699999973552 1703
0.00016719200000014922 1702
0.0001672169999995532 1703
0.00016723099999982338 1704
0.00016731199999941992 1703
0.00016732000000008185 1704
0.000167358999999756 1705
0.0001674060000000921 1706
0.0001674319999995788 1705
0.00016745199999945726 1706
0.00016746599999972744 1707
0.00016748899999985412 1706
0.00016749599999954512 1707
0.00016754600000012942 1706
0.00016766599999940013 1705
0.000167785999999559 1704
0.00016779399999933275 1705
0.00016784399999991706 1706
0.00016790499999963515 1707
0.0001679059999997179 1706
0.00016793499999945283 1707
0.00016796500000015868 1708
0.00016802599999987677 1707
0.00016813799999937373 1708
0.00016814600000003566 1707
0.0001681680000000796 1708
0.0001682029999994228 1707
0.00016832299999958167 1706
0.00016834399999954286 1707
0.00016841899999953114 1708
0.00016843299999980132 1709
0.00016844299999974055 1708
0.000168462999999619 1709
0.00016856299999989943 1708
0.00016857199999975592 1709
0.00016866699999962265 1710
0.00016868300000005831 1709
0.00016869699999944032 1710
0.00016873499999991992 1711
0.0001687649999997376 1712
0.00016880299999932902 1711
0.00016880399999941176 1712
0.00016885999999960433 1711
0.00016890099999944397 1712
0.0001689799999997632 1711
0.00016898400000009417 1712
0.00016903700000003852 1711
0.00016906399999960797 1712
0.00016909399999942565 1711
0.00016920199999947982 1712
0.00016921399999958453 1711
0.0001692909999997383 1712
0.00016931999999947323 1713
0.0001693339999997434 1712
0.00016938599999960502 1713
0.00016944799999940585 1714
0.0001694539999999023 1713
0.00016951099999928942 1712
0.00016951399999953765 1713
0.0001696309999994483 1712
0.0001697509999996072 1711
0.0001698079999998825 1710
0.00016981599999965624 1711
0.0001698650000001578 1710
0.0001699849999994285 1709
0.0001700059999993897 1710
0.0001701049999995874 1709
0.0001701619999998627 1708
0.0001701689999995537 1709
0.00017028200000002158 1708
0.00017035499999984438 1709
0.00017038499999966206 1710
0.00017040199999929229 1709
0.00017041499999947973 1710
0.0001704589999995676 1709
0.00017046699999934134 1710
0.00017057899999972648 1709
0.00017063600000000179 1708
0.00017066599999981946 1709
0.00017069299999938892 1708
0.0001708129999995478 1707
0.00017082799999990073 1708
0.0001708699999998231 1707
0.00017087400000015407 1708
0.00017088799999953608 1709
0.00017092700000009842 1708
0.00017099200000014747 1709
0.00017104699999936912 1708
0.00017111000000014087 1709
0.000171166999999528 1708
0.00017128699999968688 1707
0.00017140699999984577 1706
0.00017152700000000465 1705
0.00017154099999938666 1706
0.00017164700000016353 1705
0.0001717289999998428 1706
0.00017176699999943423 1705
0.00017187899999981937 1706
0.00017188699999959312 1705
0.000172006999999752 1704
0.00017206199999986183 1705
0.0001720640000000273 1704
0.00017213900000001559 1705
0.00017216899999983326 1706
0.000172183999999298 1705
0.00017227299999955648 1706
0.00017230299999937415 1707
0.0001723039999994569 1706
0.00017232699999958356 1707
0.00017242399999961577 1706
0.00017254399999977466 1705
0.0001725569999999621 1706
0.00017258699999977978 1707
0.00017262099999992842 1708
0.0001726509999997461 1709
0.00017266399999993354 1708
0.0001727289999999826 1709
0.00017278400000009242 1708
0.00017290399999936312 1707
0.000173023999999522 1706
0.00017308099999979731 1705
0.00017313800000007262 1704
0.0001731490000000946 1705
0.00017319499999945975 1704
0.00017320899999972994 1705
0.0001733100000000931 1706
0.00017331499999961864 1705
0.00017343499999977752 1704
0.0001735549999999364 1703
0.00017362999999992468 1704
0.00017367500000009528 1703
0.00017374000000014433 1704
0.00017379499999936598 1703
0.00017385999999941504 1704
0.00017391499999952487 1703
0.00017403499999968375 1702
0.00017415499999984263 1701
0.0001742750000000015 1700
0.00017432799999994586 1701
0.00017433199999938864 1700
0.00017440699999937692 1701
0.00017445199999954752 1700
0.00017450899999982283 1699
0.00017462899999998172 1698
0.00017468599999936885 1697
0.00017480599999952773 1696
0.00017486299999980304 1695
0.00017490799999997364 1696
0.00017498299999996192 1695
0.0001750579999999502 1696
0.00017508799999976787 1697
0.0001751030000001208 1696
0.00017520699999984402 1697
0.0001752229999993915 1696
0.0001752799999996668 1695
0.0001753579999999033 1696
0.000175387999999721 1697
0.0001753999999998257 1696
0.0001754399999995826 1697
0.00017551999999998458 1696
0.00017557999999961993 1697
0.00017560899999935486 1698
0.00017564000000014346 1697
0.0001756969999995306 1696
0.00017581699999968947 1695
0.00017587799999940756 1696
0.00017593699999984835 1695
0.00017605700000000724 1694
0.00017615400000003945 1695
0.00017617700000016612 1694
0.0001762049999998183 1695
0.000176234999999636 1696
0.00017626999999986737 1697
0.00017629699999943682 1696
0.00017632700000014268 1697
0.00017635399999971213 1696
0.00017643199999994863 1697
0.000176473999999871 1696
0.00017652199999940166 1697
0.0001765940000000299 1696
0.00017662999999945583 1697
0.00017665900000007895 1698
0.0001767139999993006 1697
0.0001767919999995371 1698
0.00017683399999945948 1697
0.00017690699999928228 1698
0.00017695399999961836 1697
0.00017707399999977724 1696
0.00017719399999993612 1695
0.00017725099999932326 1694
0.00017737099999948214 1693
0.00017742799999975745 1692
0.00017754799999991633 1691
0.0001776680000000752 1690
0.000177740999999898 1691
0.00017778799999934591 1690
0.0001779079999995048 1689
0.00017802799999966368 1688
0.0001780949999998782 1689
0.0001781349999996351 1690
0.00017814799999982256 1689
0.0001781889999996622 1690
0.00017826799999998144 1689
0.00017838800000014032 1688
0.00017850799999941103 1687
0.00017853199999962044 1688
0.0001786279999995699 1687
0.00017868800000009344 1688
0.0001787479999997288 1687
0.00017875699999958528 1688
0.00017886799999988767 1687
0.00017898800000004655 1686
0.00017910799999931726 1685
0.00017916899999992353 1686
0.00017922799999947614 1685
0.00017932999999992205 1686
0.00017934799999963502 1685
0.00017935999999973973 1686
0.0001793619999999052 1687
0.0001793899999995574 1688
0.0001794679999997939 1687
0.00017948599999950687 1688
0.00017958799999995279 1687
0.0001797039999997807 1688
0.00017970800000011167 1687
0.00017982799999938237 1686
0.00017994799999954125 1685
0.00018000499999981656 1686
0.00018006799999970013 1685
0.00018018799999985902 1684
0.0001802299999997814 1685
0.00018024500000013433 1684
0.00018025999999959907 1685
0.00018036499999940503 1684
0.0001804849999995639 1683
0.00018050999999985606 1684
0.00018054199999983922 1683
0.00018059900000011453 1682
0.00018061399999957928 1683
0.00018071899999938523 1682
0.00018076599999972132 1683
0.00018083899999954411 1682
0.00018087999999938376 1683
0.000180958999999703 1682
0.00018107899999986188 1681
0.00018108799999971836 1682
0.00018112699999939252 1683
0.00018119900000002076 1682
0.00018131899999929146 1681
0.0001813409999993354 1682
0.00018137599999956677 1681
0.00018143299999984208 1680
0.0001814849999997037 1681
0.00018151499999952136 1682
0.00018155300000000096 1681
0.00018167300000015985 1680
0.00018179299999943055 1679
0.00018182799999966193 1680
0.00018189399999979372 1681
0.00018191299999958943 1680
0.0001819239999996114 1681
0.00018196999999986474 1680
0.00018209000000002362 1679
0.00018214699999941075 1678
0.00018226699999956963 1677
0.00018230799999940928 1678
0.00018238699999972852 1677
0.00018245799999938583 1678
0.0001825069999998874 1677
0.00018262700000004628 1676
0.0001826579999999467 1677
0.0001826839999994334 1676
0.00018274099999970872 1675
0.0001827570000001444 1676
0.0001827709999995264 1677
0.0001828609999998676 1676
0.0001829009999996245 1677
0.00018293099999944218 1678
0.00018298100000002648 1677
0.00018302199999986613 1678
0.00018303799999941361 1677
0.000183065999999954 1678
0.0001831579999995725 1677
0.00018316599999934624 1678
0.00018317999999961643 1679
0.00018327799999973138 1678
0.00018334799999930596 1679
0.00018339799999989026 1678
0.00018351800000004914 1677
0.00018363799999931985 1676
0.0001836419999996508 1677
0.000183655999999921 1678
0.00018375799999947873 1677
0.00018381499999975404 1676
0.0001838419999993235 1677
0.00018387200000002935 1678
0.00018391899999947725 1679
0.00018393499999991292 1678
0.00018401799999967494 1679
0.0001840550000000718 1678
0.0001841749999993425 1677
0.00018429499999950139 1676
0.00018429599999958413 1677
0.0001843519999997767 1676
0.00018437199999965515 1677
0.0001844319999992905 1678
0.00018447199999993558 1677
0.00018451899999938348 1678
0.00018459200000009446 1677
0.0001846069999995592 1678
0.00018463699999937688 1679
0.00018469599999981767 1680
0.00018471199999936516 1679
0.00018483199999952404 1678
0.00018484599999979423 1679
0.00018489300000013031 1680
0.00018495199999968293 1679
0.00018500899999995823 1678
0.00018512900000011712 1677
0.00018513900000005634 1678
0.00018524899999938782 1677
0.0001853529999999992 1678
0.0001853689999995467 1677
0.00018544499999961772 1678
0.00018548899999970558 1677
0.00018560199999928528 1678
0.00018560899999986447 1677
0.00018566600000013977 1676
0.0001857229999995269 1675
0.0001857889999996587 1676
0.0001858429999996858 1675
0.00018584499999985127 1676
0.00018592899999969603 1677
0.00018595299999990544 1678
0.00018596299999984467 1677
0.00018607400000014707 1678
0.00018608300000000355 1677
0.00018608799999952907 1678
0.0001861600000001573 1679
0.00018619299999933503 1680
0.00018620300000016243 1679
0.00018623899999958837 1680
0.00018632299999943314 1679
0.00018644299999959202 1678
0.00018644999999928302 1679
0.0001865629999997509 1678
0.00018668299999990978 1677
0.00018680099999990318 1678
0.00018680300000006866 1677
0.0001868599999994558 1676
0.0001869169999997311 1675
0.00018703699999988999 1674
0.00018706999999995588 1675
0.00018709999999977356 1676
0.00018715700000004887 1675
0.00018727699999931957 1674
0.00018732199999949017 1675
0.00018739699999947845 1674
0.00018744199999964906 1675
0.0001875159999995546 1676
0.00018751699999963733 1675
0.00018754599999937227 1676
0.00018763699999979622 1675
0.00018768999999974056 1676
0.00018773700000007665 1677
0.0001877569999999551 1676
0.00018787700000011398 1675
0.00018799699999938468 1674
0.00018811699999954357 1673
0.00018823699999970245 1672
0.00018829099999972954 1673
0.00018829399999997776 1672
0.00018830499999999972 1673
0.00018835299999953037 1674
0.00018838299999934804 1675
0.00018840399999930924 1676
0.00018841400000013664 1675
0.00018853399999940734 1674
0.000188643999999627 1675
0.00018865399999956622 1674
0.0001887739999997251 1673
0.00018883100000000042 1672
0.00018887400000000554 1673
0.0001889510000001593 1672
0.00018897499999948053 1673
0.00018907099999943 1672
0.00018911799999976608 1673
0.00018919099999958888 1672
0.00018923799999992497 1673
0.00018931099999974776 1672
0.00018943099999990665 1671
0.00018955100000006553 1670
0.000189584999999326 1671
0.00018960799999945266 1670
0.00018971200000006405 1671
0.00018972799999961154 1670
0.00018983199999933476 1671
0.00018984799999977042 1670
0.0001899679999999293 1669
0.0001900149999993772 1670
0.00019008800000008819 1669
0.00019019699999933692 1670
0.0001902079999993589 1669
0.00019032799999951777 1668
0.00019044799999967665 1667
0.00019048299999990803 1668
0.00019056799999983554 1667
0.0001906030000000669 1668
0.00019068799999999442 1667
0.0001907819999997784 1668
0.0001908080000001533 1667
0.0001908429999994965 1668
0.000190927999999424 1667
0.00019104799999958288 1666
0.00019109899999936175 1667
0.00019111299999963194 1668
0.00019116799999974177 1667
0.00019125999999936028 1668
0.00019128799999990065 1667
0.00019135400000003244 1668
0.00019140800000005953 1667
0.00019152799999933023 1666
0.00019164799999948912 1665
0.000191767999999648 1664
0.00019179699999938293 1665
0.00019188799999980688 1664
0.00019200799999996576 1663
0.0001920369999997007 1664
0.0001920649999993529 1663
0.00019218499999951177 1662
0.00019230499999967066 1661
0.00019242499999982954 1660
0.00019254499999998842 1659
0.0001926650000001473 1658
0.00019274899999999207 1659
0.000192784999999418 1658
0.0001929049999995769 1657
0.00019302499999973577 1656
0.00019314499999989465 1655
0.00019326500000005353 1654
0.00019338499999932424 1653
0.0001934079999994509 1654
0.00019344199999959955 1653
0.0001935279999996098 1654
0.00019356199999975843 1653
0.0001936439999994377 1654
0.0001936579999997079 1655
0.0001936819999999173 1654
0.0001938020000000762 1653
0.0001939219999993469 1652
0.0001939789999996222 1651
0.00019409899999978109 1650
0.0001941560000000564 1649
0.00019421299999944353 1648
0.0001943329999996024 1647
0.0001944529999997613 1646
0.00019457299999992017 1645
0.00019469300000007905 1644
0.00019481299999934976 1643
0.00019484199999997287 1644
0.00019493299999950864 1643
0.00019505299999966752 1642
0.0001951729999998264 1641
0.00019529299999998528 1640
0.00019541300000014417 1639
0.00019553299999941487 1638
0.00019556200000003798 1639
0.00019565299999957375 1638
0.00019577299999973263 1637
0.00019589299999989152 1636
0.0001960130000000504 1635
0.0001961329999993211 1634
0.00019625299999947998 1633
0.00019637299999963886 1632
0.00019638900000007453 1633
0.00019649299999979775 1632
0.00019661299999995663 1631
0.0001967330000001155 1630
0.0001968529999993862 1629
0.0001969729999995451 1628
0.00019709299999970398 1627
0.00019721299999986286 1626
0.00019727000000013817 1625
0.00019738999999940887 1624
0.00019750999999956775 1623
0.00019762999999972664 1622
0.00019774999999988552 1621
0.00019780700000016083 1620
0.00019792699999943153 1619
0.0001980469999995904 1618
0.0001981669999997493 1617
0.00019828699999990818 1616
0.00019840700000006706 1615
0.00019852699999933776 1614
0.00019864699999949664 1613
0.00019874699999977707 1614
0.00019876699999965552 1613
0.0001988869999998144 1612
0.00019894400000008972 1611
0.00019906399999936042 1610
0.00019917299999949734 1611
0.0001991839999995193 1610
0.00019930399999967818 1609
0.00019942399999983706 1608
0.00019954399999999595 1607
0.00019966400000015483 1606
0.00019978399999942553 1605
0.00019980300000010942 1606
0.00019990399999958441 1605
0.0002000239999997433 1604
0.000200042999999539 1605
0.00020014399999990218 1604
0.00020015299999975866 1605
0.00020026400000006106 1604
0.00020038399999933176 1603
0.00020044099999960707 1602
0.00020056099999976595 1601
0.00020068099999992484 1600
0.00020073799999931197 1599
0.00020079499999958728 1598
0.00020081499999946573 1599
0.00020091499999974616 1598
0.00020103499999990504 1597
0.00020115500000006392 1596
0.00020121199999945105 1595
0.00020133199999960993 1594
0.00020142400000011662 1595
0.00020145199999976882 1594
0.00020148399999975197 1595
0.0002015719999999277 1594
0.00020160299999982811 1595
0.00020169200000008658 1594
0.00020181199999935728 1593
0.00020193199999951617 1592
0.00020196299999941658 1593
0.00020205199999967505 1592
0.00020217199999983393 1591
0.00020219199999971238 1592
0.0002022919999999928 1591
0.00020238499999969406 1592
0.00020240299999940703 1593
0.0002024120000001517 1592
0.0002025319999994224 1591
0.0002025889999996977 1590
0.00020264599999997301 1589
0.0002027660000001319 1588
0.0002028859999994026 1587
0.00020300599999956148 1586
0.00020312599999972036 1585
0.00020324599999987925 1584
0.00020336600000003813 1583
0.00020346499999934764 1584
0.00020348599999930883 1583
0.0002036059999994677 1582
0.0002037259999996266 1581
0.00020384599999978548 1580
0.00020390300000006079 1579
0.00020400899999994948 1580
0.0002040229999993315 1579
0.00020403899999976716 1580
0.00020414299999949037 1579
0.00020426299999964925 1578
0.00020438299999980813 1577
0.00020450299999996702 1576
0.00020455999999935415 1575
0.00020467999999951303 1574
0.0002047999999996719 1573
0.0002049199999998308 1572
0.00020501399999961478 1573
0.00020503999999998967 1572
0.00020508799999952032 1573
0.00020516000000014856 1572
0.00020527999999941926 1571
0.00020537400000009143 1572
0.00020539999999957814 1571
0.00020546399999954446 1572
0.00020551999999973702 1571
0.0002055340000000072 1572
0.00020554799999938922 1573
0.0002056399999998959 1572
0.00020569699999928304 1571
0.00020581699999944192 1570
0.0002058519999996733 1571
0.0002059369999996008 1570
0.00020605699999975968 1569
0.00020617699999991856 1568
0.00020629700000007745 1567
0.00020641699999934815 1566
0.00020647399999962346 1565
0.00020659399999978234 1564
0.00020671399999994122 1563
0.0002068340000001001 1562
0.0002069539999993708 1561
0.0002070739999995297 1560
0.000207130999999805 1559
0.00020716199999970542 1560
0.00020725099999996388 1559
0.00020737100000012276 1558
0.00020749099999939347 1557
0.00020761099999955235 1556
0.00020773099999971123 1555
0.0002078509999998701 1554
0.000207971000000029 1553
0.0002080909999992997 1552
0.00020811599999959185 1553
0.00020821099999945858 1552
0.00020833099999961746 1551
0.00020845099999977634 1550
0.00020857099999993522 1549
0.0002086910000000941 1548
0.00020874799999948124 1547
0.00020886799999964012 1546
0.000208987999999799 1545
0.00020910799999995788 1544
0.00020922800000011677 1543
0.00020934799999938747 1542
0.00020946799999954635 1541
0.00020958799999970523 1540
0.00020964499999998054 1539
0.00020976500000013942 1538
0.00020988499999941013 1537
0.000210004999999569 1536
0.00021006199999984432 1535
0.0002101820000000032 1534
0.00021030200000016208 1533
0.00021041499999974178 1534
0.00021042199999943278 1533
0.00021054199999959167 1532
0.00021066199999975055 1531
0.00021078199999990943 1530
0.0002108069999993134 1531
0.0002109020000000683 1530
0.00021102199999933902 1529
0.0002111419999994979 1528
0.00021126199999965678 1527
0.00021138199999981566 1526
0.00021150199999997454 1525
0.00021151599999935655 1526
0.00021162200000013343 1525
0.00021174199999940413 1524
0.0002118239999999716 1525
0.000211861999999563 1524
0.0002119819999997219 1523
0.00021210199999988077 1522
0.00021222200000003966 1521
0.00021234199999931036 1520
0.00021246199999946924 1519
0.00021258199999962812 1518
0.00021260099999942383 1519
0.000212701999999787 1518
0.00021275900000006231 1517
0.00021287899999933302 1516
0.00021294999999987851 1517
0.0002129989999994919 1516
0.00021311899999965078 1515
0.00021323899999980966 1514
0.00021335899999996855 1513
0.00021347900000012743 1512
0.00021359899999939813 1511
0.000213718999999557 1510
0.0002138389999997159 1509
0.00021395899999987478 1508
0.00021403999999947132 1509
0.00021407900000003366 1508
0.00021419899999930436 1507
0.00021431899999946324 1506
0.00021436699999988207 1507
0.00021443899999962213 1506
0.000214558999999781 1505
0.0002146789999999399 1504
0.00021479900000009877 1503
0.00021491899999936948 1502
0.00021503899999952836 1501
0.00021515899999968724 1500
0.00021527899999984612 1499
0.0002153869999999003 1500
0.000215399000000005 1499
0.00021551900000016389 1498
0.0002156389999994346 1497
0.00021571399999942287 1498
0.00021575899999959347 1497
0.00021577199999978092 1498
0.00021587899999975235 1497
0.0002158919999999398 1498
0.00021599899999991123 1497
0.00021604500000016458 1498
0.00021605899999954659 1499
0.00021611900000007012 1498
0.00021623899999934082 1497
0.0002163589999994997 1496
0.00021637199999968715 1497
0.00021647899999965858 1496
0.00021659899999981747 1495
0.00021671899999997635 1494
0.00021683900000013523 1493
0.00021695899999940593 1492
0.00021697199999959338 1493
0.00021707899999956481 1492
0.0002171989999997237 1491
0.00021731899999988258 1490
0.00021743900000004146 1489
0.00021755899999931216 1488
0.0002175669999999741 1489
0.00021767899999947105 1488
0.0002176919999996585 1489
0.00021779899999962993 1488
0.0002179189999997888 1487
0.0002180389999999477 1486
0.00021815900000010657 1485
0.00021827899999937728 1484
0.00021839899999953616 1483
0.00021851899999969504 1482
0.00021863899999985392 1481
0.0002187590000000128 1480
0.00021876699999978655 1481
0.0002188789999992835 1480
0.00021888699999994543 1481
0.00021893599999955882 1480
0.0002190559999997177 1479
0.00021906899999990515 1480
0.00021917599999987658 1479
0.00021923200000006915 1480
0.00021929600000003546 1479
0.00021936399999944456 1480
0.00021941599999930617 1479
0.00021943899999943284 1480
0.00021953599999946505 1479
0.00021965599999962393 1478
0.0002197759999997828 1477
0.00021983300000005812 1476
0.00021995299999932882 1475
0.0002200729999994877 1474
0.0002201459999993105 1475
0.0002201929999996466 1474
0.00022031299999980547 1473
0.00022043299999996435 1472
0.0002205139999995609 1473
0.00022055300000012323 1472
0.00022067299999939394 1471
0.00022079299999955282 1470
0.00022086899999962384 1471
0.0002209129999997117 1470
0.00022103299999987058 1469
0.00022104399999989255 1470
0.00022115300000002946 1469
0.00022127299999930017 1468
0.00022128399999932213 1469
0.0002213399999995147 1470
0.00022139299999945905 1469
0.00022151299999961793 1468
0.00022163299999977681 1467
0.0002217529999999357 1466
0.00022187300000009458 1465
0.00022199299999936528 1464
0.0002220689999994363 1465
0.00022211299999952416 1464
0.00022223299999968305 1463
0.00022235299999984193 1462
0.00022242899999991295 1463
0.00022244299999929495 1464
0.0002224730000000008 1463
0.0002225930000001597 1462
0.0002227129999994304 1461
0.00022272100000009232 1462
0.00022283299999958928 1461
0.00022295299999974816 1460
0.00022307299999990704 1459
0.00022319300000006592 1458
0.00022331299999933663 1457
0.0002234329999994955 1456
0.00022345100000009666 1457
0.0002235529999996544 1456
0.00022367299999981327 1455
0.00022368700000008346 1456
0.00022373000000008858 1455
0.00022384999999935928 1454
0.00022396999999951817 1453
0.00022408999999967705 1452
0.00022420999999983593 1451
0.0002243299999999948 1450
0.0002244500000001537 1449
0.0002245699999994244 1448
0.00022468999999958328 1447
0.00022480999999974216 1446
0.00022484199999972532 1447
0.00022492999999990104 1446
0.00022505000000005992 1445
0.00022505699999975093 1446
0.00022516999999933063 1445
0.00022525099999981535 1446
0.0002252899999994895 1445
0.00022529099999957225 1446
0.0002254099999996484 1445
0.00022552999999980727 1444
0.00022554299999999472 1445
0.00022564999999996616 1444
0.00022570699999935329 1443
0.00022582699999951217 1442
0.0002259029999995832 1443
0.00022594699999967105 1442
0.00022606699999982993 1441
0.00022618699999998881 1440
0.0002263070000001477 1439
0.000226377999999805 1440
0.0002264269999994184 1439
0.00022654699999957728 1438
0.00022666699999973616 1437
0.00022666899999990164 1438
0.00022673799999939348 1439
0.00022678699999989504 1438
0.0002268679999994916 1439
0.00022690700000005393 1438
0.00022702699999932463 1437
0.0002271469999994835 1436
0.0002272669999996424 1435
0.0002273429999997134 1436
0.00022738699999980128 1435
0.00022750699999996016 1434
0.00022762700000011904 1433
0.00022774699999938974 1432
0.00022786699999954863 1431
0.00022792399999982393 1432
0.0002279869999997075 1431
0.0002281069999998664 1430
0.00022817699999944097 1431
0.00022822700000002527 1430
0.00022834699999929597 1429
0.00022846699999945486 1428
0.00022852399999973017 1427
0.00022864399999988905 1426
0.00022876400000004793 1425
0.0002288099999994131 1426
0.00022884499999964447 1427
0.00022888399999931863 1426
0.00022896499999980335 1427
0.00022900399999947751 1426
0.0002291239999996364 1425
0.00022924399999979528 1424
0.00022936399999995416 1423
0.00022939499999985458 1424
0.00022946499999942915 1425
0.00022948400000011304 1424
0.00022960399999938375 1423
0.00022963699999944964 1424
0.0002296859999999512 1425
0.00022972399999954263 1424
0.00022976899999971323 1425
0.0002298439999997015 1424
0.0002299639999998604 1423
0.00023008400000001927 1422
0.00023020399999928998 1421
0.00023032399999944886 1420
0.00023044399999960774 1419
0.00023049899999971757 1420
0.00023056399999976662 1419
0.0002305799999993141 1420
0.0002306839999999255 1419
0.0002307899999998142 1420
0.00023080400000008439 1419
0.00023081999999963188 1420
0.0002309239999993551 1419
0.00023104399999951397 1418
0.00023105699999970142 1419
0.00023116399999967285 1418
0.00023128399999983174 1417
0.00023140399999999062 1416
0.0002314289999993946 1417
0.0002315240000001495 1416
0.00023156199999974092 1417
0.0002316039999996633 1418
0.0002316179999999335 1419
0.0002316439999994202 1418
0.00023176399999957908 1417
0.00023186399999985952 1418
0.00023188399999973797 1417
0.0002319129999994729 1418
0.00023200399999989685 1417
0.00023202899999930082 1418
0.00023212400000005573 1417
0.0002321680000001436 1418
0.00023224399999932643 1417
0.00023236399999948532 1416
0.0002324839999996442 1415
0.00023255499999930151 1416
0.00023260399999980308 1415
0.00023261699999999053 1416
0.00023272399999996196 1415
0.00023284400000012084 1414
0.0002328499999997291 1415
0.00023295000000000954 1416
0.00023296399999939155 1415
0.00023297999999982721 1416
0.00023308399999955043 1415
0.0002332039999997093 1414
0.0002332840000001113 1415
0.0002333239999998682 1414
0.00023344400000002707 1413
0.00023356399999929778 1412
0.00023368399999945666 1411
0.00023380399999961554 1410
0.00023392399999977442 1409
0.0002340439999999333 1408
0.00023408099999944199 1409
0.00023411399999950788 1410
0.0002341640000000922 1409
0.00023417199999986593 1410
0.0002341949999999926 1411
0.00023422499999981028 1412
0.00023423900000008047 1413
0.0002342839999993629 1412
0.00023435899999935117 1413
0.00023440399999952177 1412
0.00023447399999998453 1413
0.0002344989999993885 1414
0.0002345129999996587 1415
0.00023452399999968065 1414
0.0002345889999997297 1415
0.00023464399999983954 1414
0.0002346759999998227 1415
0.00023476399999999842 1414
0.0002348840000001573 1413
0.0002349050000001185 1414
0.000235003999999428 1413
0.0002350609999997033 1412
0.00023507399999989076 1413
0.00023512799999991785 1414
0.0002351809999998622 1413
0.00023525099999943677 1414
0.00023530100000002108 1413
0.00023533099999983875 1414
0.00023542099999929178 1413
0.0002354779999995671 1412
0.00023559799999972597 1411
0.00023571799999988485 1410
0.0002357189999999676 1411
0.00023579799999939866 1412
0.00023583800000004373 1411
0.00023591400000011475 1412
0.00023594399999993243 1413
0.00023595799999931444 1412
0.00023599099999938034 1413
0.00023607799999947332 1412
0.0002361979999996322 1411
0.00023631799999979108 1410
0.00023641800000007152 1411
0.00023643799999994997 1410
0.00023645599999966294 1411
0.00023655800000010885 1410
0.0002366059999996395 1411
0.00023667799999937955 1410
0.00023669499999989796 1411
0.00023679799999953843 1410
0.00023679899999962117 1411
0.00023691799999969732 1410
0.0002370379999998562 1409
0.0002370950000001315 1408
0.0002372149999994022 1407
0.0002373349999995611 1406
0.00023745499999971997 1405
0.00023757499999987886 1404
0.00023769500000003774 1403
0.00023781499999930844 1402
0.00023785999999947904 1403
0.00023792399999944536 1404
0.00023793499999946732 1403
0.0002379540000001512 1404
0.0002380549999996262 1403
0.00023817499999978509 1402
0.00023829499999994397 1401
0.00023841500000010285 1400
0.00023853499999937355 1399
0.00023865499999953244 1398
0.00023871199999980774 1397
0.00023879399999948703 1398
0.00023883199999996663 1397
0.00023883699999949215 1398
0.0002389190000000596 1399
0.0002389520000001255 1398
0.0002390719999993962 1397
0.0002391919999995551 1396
0.00023925399999935593 1397
0.00023931199999971398 1396
0.0002393829999993713 1397
0.00023941300000007715 1398
0.00023943199999987286 1397
0.00023955200000003174 1396
0.00023967199999930244 1395
0.00023979199999946132 1394
0.0002399119999996202 1393
0.00023993599999982962 1394
0.0002400319999997791 1393
0.00024007399999970147 1394
0.00024015199999993797 1393
0.00024027200000009685 1392
0.00024029099999989256 1393
0.00024039199999936756 1392
0.0002405019999995872 1393
0.00024051199999952644 1392
0.00024053399999957037 1393
0.00024063199999968532 1392
0.0002407519999998442 1391
0.00024087200000000308 1390
0.00024099200000016197 1389
0.0002410489999995491 1388
0.00024116899999970798 1387
0.0002412569999998837 1388
0.00024128899999986686 1387
0.00024140900000002574 1386
0.00024152899999929645 1385
0.00024164899999945533 1384
0.0002417689999996142 1383
0.0002418889999997731 1382
0.0002419460000000484 1381
0.0002420659999993191 1380
0.0002421229999995944 1379
0.00024217999999986972 1378
0.0002423000000000286 1377
0.0002424199999992993 1376
0.00024245199999928246 1377
0.0002425399999994582 1376
0.00024265999999961707 1375
0.00024277999999977595 1374
0.00024289999999993483 1373
0.00024302000000009372 1372
0.00024313999999936442 1371
0.0002432599999995233 1370
0.00024328499999981545 1371
0.00024337999999968218 1370
0.00024343399999970927 1371
0.00024349999999984107 1370
0.00024361999999999995 1369
0.00024363399999938196 1370
0.00024374000000015883 1369
0.00024385999999942953 1368
0.00024397999999958841 1367
0.00024403699999986372 1366
0.00024412299999987397 1367
0.0002441570000000226 1366
0.0002442769999992933 1365
0.0002443969999994522 1364
0.0002445169999996111 1363
0.00024455899999953346 1364
0.00024463699999976996 1363
0.00024475699999992884 1362
0.0002448770000000877 1361
0.0002449969999993584 1360
0.0002451169999995173 1359
0.0002452369999996762 1358
0.0002452939999999515 1357
0.0002453579999999178 1358
0.0002454140000001104 1357
0.0002454589999993928 1358
0.0002455339999993811 1357
0.00024565399999953996 1356
0.00024577399999969884 1355
0.0002458939999998577 1354
0.0002460140000000166 1353
0.0002461339999992873 1352
0.0002462539999994462 1351
0.0002463109999997215 1350
0.0002464309999998804 1349
0.00024655100000003927 1348
0.00024667099999930997 1347
0.00024679099999946885 1346
0.00024691099999962773 1345
0.0002470309999997866 1344
0.0002471509999999455 1343
0.0002472710000001044 1342
0.0002473909999993751 1341
0.00024747699999938533 1342
0.00024751099999953396 1341
0.00024763099999969285 1340
0.00024775099999985173 1339
0.0002478710000000106 1338
0.0002479909999992813 1337
0.0002481109999994402 1336
0.0002482309999995991 1335
0.00024835099999975796 1334
0.00024847099999991684 1333
0.0002485910000000757 1332
0.0002487109999993464 1331
0.0002488309999995053 1330
0.0002489509999996642 1329
0.00024898099999948187 1330
0.00024907099999982307 1329
0.00024916000000008154 1330
0.00024919099999998195 1329
0.00024931100000014084 1328
0.00024943099999941154 1327
0.00024948799999968685 1326
0.00024960799999984573 1325
0.000249693999999856 1326
0.00024970800000012616 1327
0.0002497280000000046 1326
0.00024974499999963484 1327
0.0002498480000001635 1326
0.0002499679999994342 1325
0.0002500879999995931 1324
0.00025020799999975196 1323
0.00025032799999991084 1322
0.0002504480000000697 1321
0.00025056799999934043 1320
0.0002506879999994993 1319
0.0002508079999996582 1318
0.0002509279999998171 1317
0.00025104799999997596 1316
0.00025116800000013484 1315
0.00025128799999940554 1314
0.0002514079999995644 1313
0.0002515279999997233 1312
0.0002516479999998822 1311
0.00025176800000004107 1310
0.0002518879999993118 1309
0.00025200799999947066 1308
0.00025212799999962954 1307
0.0002522479999997884 1306
0.00025230500000006373 1305
0.00025242499999933443 1304
0.0002524899999993835 1305
0.0002525449999994933 1304
0.0002526649999996522 1303
0.0002527849999998111 1302
0.00025281499999962875 1303
0.00025290499999996996 1302
0.00025302500000012884 1301
0.00025314499999939954 1300
0.0002532649999995584 1299
0.00025333399999993844 1300
0.0002533849999997173 1299
0.0002535049999998762 1298
0.00025358599999947273 1299
0.0002536059999993512 1300
0.00025362500000003507 1299
0.0002537449999993058 1298
0.0002538610000000219 1299
0.00025386499999946466 1298
0.00025398499999962354 1297
0.00025404199999989885 1296
0.00025416200000005773 1295
0.00025428199999932843 1294
0.0002544019999994873 1293
0.0002545219999996462 1292
0.0002546419999998051 1291
0.0002547229999994016 1292
0.00025476199999996396 1291
0.00025488200000012284 1290
0.00025500199999939355 1289
0.00025512199999955243 1288
0.0002552419999997113 1287
0.0002553619999998702 1286
0.0002554820000000291 1285
0.0002555629999996256 1286
0.0002556019999992998 1285
0.00025572199999945866 1284
0.00025584199999961754 1283
0.0002559619999997764 1282
0.0002560819999999353 1281
0.0002562020000000942 1280
0.0002563219999993649 1279
0.0002564419999995238 1278
0.00025656199999968266 1277
0.00025668199999984154 1276
0.0002567559999997471 1277
0.0002568020000000004 1276
0.0002569220000001593 1275
0.00025704199999943 1274
0.0002571619999995889 1273
0.0002572189999998642 1272
0.0002573390000000231 1271
0.0002574589999992938 1270
0.00025757899999945266 1269
0.0002576529999993582 1270
0.00025769899999961154 1269
0.0002576999999996943 1270
0.0002578189999997704 1269
0.00025782599999946143 1270
0.0002579389999999293 1269
0.00025795899999980776 1270
0.00025799599999931644 1269
0.0002581159999994753 1268
0.0002582359999996342 1267
0.0002583559999997931 1266
0.0002584130000000684 1265
0.0002585329999993391 1264
0.000258652999999498 1263
0.00025877299999965686 1262
0.00025889299999981574 1261
0.00025895000000009105 1260
0.00025906999999936176 1259
0.00025918999999952064 1258
0.0002593099999996795 1257
0.0002594299999998384 1256
0.0002595499999999973 1255
0.00025967000000015616 1254
0.0002597269999995433 1253
0.0002598469999997022 1252
0.00025996699999986106 1251
0.00026008700000001994 1250
0.00026014399999940707 1249
0.00026026399999956595 1248
0.00026038399999972484 1247
0.0002605039999998837 1246
0.0002606240000000426 1245
0.0002607439999993133 1244
0.0002607629999999972 1245
0.00026082999999932355 1246
0.0002608639999994722 1245
0.00026098399999963107 1244
0.00026110399999978995 1243
0.00026116100000006526 1242
0.00026128099999933596 1241
0.00026140099999949484 1240
0.0002615209999996537 1239
0.0002616409999998126 1238
0.0002617609999999715 1237
0.00026179099999978916 1238
0.00026188100000013037 1237
0.0002620009999994011 1236
0.0002620579999996764 1235
0.00026217799999983527 1234
0.0002622350000001106 1233
0.0002623549999993813 1232
0.00026244699999988796 1233
0.00026247499999954016 1232
0.00026259499999969904 1231
0.00026268699999931755 1232
0.0002627149999998579 1231
0.0002628350000000168 1230
0.0002629549999992875 1229
0.00026299600000001533 1230
0.0002630749999994464 1229
0.00026319499999960527 1228
0.00026322699999958843 1229
0.00026331499999976415 1228
0.0002633279999999516 1229
0.00026343499999992304 1228
0.00026349199999931017 1227
0.00026361199999946905 1226
0.00026366899999974436 1225
0.00026378899999990324 1224
0.0002639090000000621 1223
0.0002640289999993328 1222
0.0002641489999994917 1221
0.0002642689999996506 1220
0.0002643259999999259 1219
0.0002644460000000848 1218
0.0002645659999993555 1217
0.00026468599999951437 1216
0.00026480599999967325 1215
0.00026492599999983213 1214
0.000265045999999991 1213
0.00026510299999937814 1212
0.000265222999999537 1211
0.0002653429999996959 1210
0.0002654629999998548 1209
0.00026558300000001367 1208
0.00026570299999928437 1207
0.00026582299999944325 1206
0.00026594299999960214 1205
0.0002660109999998994 1206
0.000266062999999761 1205
0.0002661829999999199 1204
0.0002663030000000788 1203
0.0002664229999993495 1202
0.00026654299999950837 1201
0.00026666299999966725 1200
0.0002667089999999206 1201
0.00026678299999982613 1200
0.000266902999999985 1199
0.0002670230000001439 1198
0.000267079999999531 1197
0.0002671999999996899 1196
0.0002672779999999264 1197
0.0002673199999998488 1196
0.00026744000000000767 1195
0.0002674969999993948 1194
0.0002675539999996701 1195
0.0002676169999995537 1194
0.00026773699999971257 1193
0.00026785699999987145 1192
0.0002678889999998546 1193
0.00026797700000003033 1192
0.00026809699999930103 1191
0.0002682169999994599 1190
0.0002683369999996188 1189
0.0002684359999998165 1190
0.0002684569999997777 1189
0.00026857699999993656 1188
0.00026869700000009544 1187
0.00026881699999936615 1186
0.00026893699999952503 1185
0.0002690569999996839 1184
0.0002691769999998428 1183
0.00026920399999941225 1184
0.0002692340000001181 1183
0.0002693539999993888 1182
0.0002694109999996641 1181
0.000269530999999823 1180
0.0002696509999999819 1179
0.00026977100000014076 1178
0.00026989099999941146 1177
0.00027001099999957034 1176
0.0002701309999997292 1175
0.00027018800000000454 1174
0.0002703080000001634 1173
0.0002704279999994341 1172
0.000270547999999593 1171
0.0002706679999997519 1170
0.00027078799999991077 1169
0.00027090800000006965 1168
0.00027102799999934035 1167
0.00027108499999961566 1166
0.00027120499999977454 1165
0.00027123599999967496 1166
0.0002713249999999334 1165
0.0002714450000000923 1164
0.000271564999999363 1163
0.0002716849999995219 1162
0.0002718049999996808 1161
0.00027192499999983966 1160
0.00027198200000011497 1159
0.00027210199999938567 1158
0.00027222199999954455 1157
0.00027234199999970343 1156
0.0002724619999998623 1155
0.0002725820000000212 1154
0.0002727019999992919 1153
0.0002728219999994508 1152
0.0002728789999997261 1151
0.00027299899999988497 1150
0.00027311900000004385 1149
0.00027323899999931456 1148
0.00027329599999958987 1147
0.00027341599999974875 1146
0.0002734719999999413 1147
0.00027353599999990763 1146
0.00027362799999952614 1147
0.0002736560000000665 1146
0.0002737759999993372 1145
0.0002738959999994961 1144
0.000274015999999655 1143
0.0002740729999999303 1142
0.00027419300000008917 1141
0.0002743129999993599 1140
0.00027443299999951876 1139
0.00027455299999967764 1138
0.0002746729999998365 1137
0.0002747929999999954 1136
0.00027484999999938253 1135
0.0002749699999995414 1134
0.0002750269999998167 1133
0.0002751469999999756 1132
0.000275188999999898 1133
0.0002752670000001345 1132
0.0002753869999994052 1131
0.0002754039999999236 1132
0.00027550699999956407 1131
0.00027562699999972295 1130
0.00027574699999988184 1129
0.0002757820000001132 1130
0.0002758670000000407 1129
0.0002759869999993114 1128
0.0002761069999994703 1127
0.0002762269999996292 1126
0.0002762839999999045 1125
0.0002764040000000634 1124
0.0002765239999993341 1123
0.00027664399999949296 1122
0.00027676399999965184 1121
0.0002768839999998107 1120
0.0002770039999999696 1119
0.0002771240000001285 1118
0.0002772439999993992 1117
0.0002773639999995581 1116
0.00027745600000006476 1117
0.00027748399999971696 1116
0.00027760399999987584 1115
0.0002777240000000347 1114
0.0002778439999993054 1113
0.0002779639999994643 1112
0.0002780209999997396 1111
0.0002781409999998985 1110
0.00027819799999928563 1109
0.0002783179999994445 1108
0.0002784379999996034 1107
0.0002785579999997623 1106
0.00027867799999992116 1105
0.00027879800000008004 1104
0.00027891799999935074 1103
0.0002790379999995096 1102
0.0002791579999996685 1101
0.0002792779999998274 1100
0.0002793350000001027 1099
0.0002794549999993734 1098
0.0002795749999995323 1097
0.00027969499999969116 1096
0.00027981499999985004 1095
0.0002799350000000089 1094
0.00028002699999962744 1095
0.00028005499999927963 1094
0.0002801749999994385 1093
0.0002802949999995974 1092
0.0002804149999997563 1091
0.00028053499999991516 1090
0.00028065500000007404 1089
0.00028071199999946117 1088
0.00028083199999962005 1087
0.00028095199999977893 1086
0.0002810719999999378 1085
0.0002811920000000967 1084
0.0002813119999993674 1083
0.0002814319999995263 1082
0.00028155199999968517 1081
0.0002816089999999605 1080
0.00028172900000011936 1079
0.00028184899999939006 1078
0.00028190599999966537 1077
0.00028202599999982425 1076
0.00028214599999998313 1075
0.00028220299999937026 1074
0.00028232299999952915 1073
0.000282442999999688 1072
0.0002825629999998469 1071
0.0002826830000000058 1070
0.00028280300000016467 1069
0.0002828599999995518 1068
0.0002829799999997107 1067
0.000283036999999986 1066
0.0002831570000001449 1065
0.0002832769999994156 1064
0.0002833339999996909 1063
0.00028345399999984977 1062
0.00028357400000000865 1061
0.0002836309999993958 1060
0.00028375099999955467 1059
0.00028387099999971355 1058
0.00028399099999987243 1057
0.0002841110000000313 1056
0.000284230999999302 1055
0.0002843509999994609 1054
0.0002844709999996198 1053
0.00028459099999977866 1052
0.00028464800000005397 1051
0.00028476799999932467 1050
0.00028488799999948355 1049
0.00028500799999964244 1048
0.0002851279999998013 1047
0.00028523199999952453 1048
0.0002852479999999602 1047
0.00028531499999928656 1048
0.0002853680000001191 1047
0.0002854879999993898 1046
0.00028560799999954867 1045
0.00028572799999970755 1044
0.00028584799999986643 1043
0.0002859680000000253 1042
0.000286087999999296 1041
0.0002862079999994549 1040
0.0002863279999996138 1039
0.00028644799999977266 1038
0.00028656799999993154 1037
0.0002866880000000904 1036
0.00028680799999936113 1035
0.00028692799999952 1034
0.0002869849999997953 1033
0.0002871049999999542 1032
0.0002872250000001131 1031
0.0002873449999993838 1030
0.00028746499999954267 1029
0.00028758499999970155 1028
0.00028770499999986043 1027
0.0002878250000000193 1026
0.00028794499999929 1025
0.0002880649999994489 1024
0.0002881849999996078 1023
0.00028830499999976666 1022
0.00028842499999992555 1021
0.00028854500000008443 1020
0.00028866499999935513 1019
0.000288784999999514 1018
0.0002889049999996729 1017
0.0002889619999999482 1016
0.0002890820000001071 1015
0.0002892019999993778 1014
0.00028932199999953667 1013
0.0002893649999995418 1014
0.00028944199999969555 1013
0.00028956199999985444 1012
0.0002896820000000133 1011
0.000289801999999284 1010
0.0002899219999994429 1009
0.0002900419999996018 1008
0.00029016199999976067 1007
0.00029028199999991955 1006
0.00029040200000007843 1005
0.00029052199999934913 1004
0.000290641999999508 1003
0.0002907619999996669 1002
0.0002908819999998258 1001
0.00029100199999998466 1000
0.00029112200000014354 999
0.00029124199999941425 998
0.00029136199999957313 997
0.000291481999999732 996
0.0002916019999998909 995
0.0002917220000000498 994
0.0002918419999993205 993
0.00029196199999947936 992
0.00029208199999963824 991
0.0002920929999996602 992
0.0002922019999997971 991
0.000292321999999956 990
0.0002924420000001149 989
0.0002925619999993856 988
0.0002926819999995445 987
0.00029280199999970336 986
0.00029292199999986224 985
0.00029297900000013755 984
0.00029309899999940825 983
0.00029321899999956713 982
0.000293338999999726 981
0.0002933960000000013 980
0.0002935160000001602 979
0.0002936359999994309 978
0.0002937559999995898 977
0.00029387599999974867 976
0.00029399599999990755 975
0.00029411600000006644 974
0.00029417299999945357 973
0.00029429299999961245 972
0.00029441299999977133 971
0.0002945329999999302 970
0.00029458999999931734 969
0.0002947099999994762 968
0.0002948299999996351 967
0.000294949999999794 966
0.00029506999999995287 965
0.00029519000000011175 964
0.00029530999999938246 963
0.00029542999999954134 962
0.00029548699999981665 961
0.00029560699999997553 960
0.00029566399999936266 959
0.00029578399999952154 958
0.0002958039999994 959
0.0002959039999996804 958
0.00029596099999995573 957
0.0002960810000001146 956
0.0002962009999993853 955
0.0002962579999996606 954
0.0002963779999998195 953
0.0002964979999999784 952
0.00029661800000013727 951
0.000296737999999408 950
0.00029685799999956686 949
0.00029697799999972574 948
0.0002970979999998846 947
0.0002972180000000435 946
0.00029724699999977844 947
0.0002973379999993142 946
0.0002973669999999373 947
0.0002974579999994731 946
0.00029757799999963197 945
0.00029769799999979085 944
0.00029781799999994973 943
0.00029783999999999367 944
0.0002979380000001086 943
0.0002980579999993793 942
0.00029811499999965463 941
0.0002982349999998135 940
0.0002983549999999724 939
0.0002984119999993595 938
0.0002985319999995184 937
0.0002986519999996773 936
0.00029877199999983617 935
0.00029889199999999505 934
0.00029901200000015393 933
0.00029906899999954106 932
0.00029918899999969994 931
0.0002993089999998588 930
0.0002994290000000177 929
0.00029948599999940484 928
0.0002996059999995637 927
0.0002997259999997226 926
0.0002998459999998815 925
0.00029996600000004037 924
0.00030008599999931107 923
0.00030020599999946995 922
0.00030032599999962883 921
0.0003004459999997877 920
0.00030054399999990267 921
0.0003005659999999466 920
0.0003006860000001055 919
0.0003008059999993762 918
0.00030092599999953507 917
0.00030104599999969395 916
0.00030116599999985283 915
0.00030122300000012814 914
0.0003013209999993549 915
0.00030134299999939884 914
0.0003014629999995577 913
0.0003015829999997166 912
0.0003017029999998755 911
0.00030182300000003437 910
0.00030185799999937757 911
0.00030194299999930507 910
0.00030206299999946395 909
0.00030218299999962284 908
0.0003023029999997817 907
0.00030236000000005703 906
0.00030247999999932773 905
0.0003025999999994866 904
0.0003027199999996455 903
0.0003028399999998044 902
0.0003028970000000797 901
0.0003030169999993504 900
0.00030313699999950927 899
0.00030322900000001596 900
0.00030325699999966815 899
0.00030331399999994346 898
0.0003033910000000972 899
0.00030343400000010234 898
0.00030355399999937305 897
0.00030367399999953193 896
0.0003037939999996908 895
0.0003039139999998497 894
0.0003040340000000086 893
0.0003041539999992793 892
0.00030427399999943816 891
0.00030428799999970835 892
0.00030433099999971347 891
0.00030445099999987235 890
0.00030457100000003123 889
0.00030462799999941836 888
0.00030474799999957725 887
0.00030486799999973613 886
0.000304987999999895 885
0.00030504499999928214 884
0.000305164999999441 883
0.00030518499999931947 884
0.0003052849999995999 883
0.0003054049999997588 882
0.00030552499999991767 881
0.00030564500000007655 880
0.00030567999999941975 881
0.0003057019999994637 880
0.00030582199999962256 879
0.0003059409999996987 880
0.00030594199999978144 879
0.0003060619999999403 878
0.0003061390000000941 879
0.0003061820000000992 878
0.0003063019999993699 877
0.0003064219999995288 876
0.0003065419999996877 875
0.000306598999999963 874
0.0003066339999993062 875
0.00030671900000012187 874
0.000306775999999509 873
0.0003068959999996679 872
0.0003069529999999432 871
0.00030707300000010207 870
0.0003071299999994892 869
0.0003071869999997645 868
0.0003073069999999234 867
0.0003074270000000823 866
0.000307546999999353 865
0.0003076039999996283 864
0.00030772399999978717 863
0.00030784399999994605 862
0.0003079009999993332 861
0.00030802099999949206 860
0.00030814099999965094 859
0.00030819799999992625 858
0.00030831800000008514 857
0.00030843799999935584 856
0.0003085579999995147 855
0.0003086679999997344 856
0.0003086779999996736 855
0.0003087979999998325 854
0.00030891799999999137 853
0.00030903800000015025 852
0.00030915799999942095 851
0.00030927799999957983 850
0.0003093979999997387 849
0.000309455000000014 848
0.00030957499999928473 847
0.0003096949999994436 846
0.0003098149999996025 845
0.0003099349999997614 844
0.00031005499999992026 843
0.0003101119999993074 842
0.00031023199999946627 841
0.00031035199999962515 840
0.00031040899999990046 839
0.00031052900000005934 838
0.00031064899999933004 837
0.00031070599999960535 836
0.00031076299999988066 835
0.00031082000000015597 834
0.0003109399999994267 833
0.00031105999999958556 832
0.00031107700000010396 833
0.00031117999999974444 832
0.00031123700000001975 831
0.00031135699999929045 830
0.00031147699999944933 829
0.0003115969999996082 828
0.0003117169999997671 827
0.000311836999999926 826
0.00031195700000008486 825
0.0003120399999998469 826
0.00031207699999935556 825
0.00031219300000007166 826
0.00031219699999951445 825
0.00031220699999945367 826
0.00031231699999967333 825
0.00031237399999994864 824
0.0003124940000001075 823
0.0003126139999993782 822
0.0003127339999995371 821
0.000312853999999696 820
0.0003129159999994968 821
0.0003129699999995239 822
0.00031297399999985487 821
0.00031309400000001375 820
0.0003131469999999581 821
0.00031321399999928445 820
0.00031333399999944334 819
0.0003134539999996022 818
0.0003135739999997611 817
0.0003136310000000364 816
0.00031369299999983724 817
0.0003137509999993071 816
0.0003138219999998526 817
0.0003138670000000232 818
0.000313870999999466 817
0.0003139909999996249 816
0.0003140439999995692 817
0.0003140579999998394 818
0.00031411099999978376 817
0.00031416800000005907 816
0.00031428799999932977 815
0.00031440799999948865 814
0.00031452799999964753 813
0.0003146479999998064 812
0.00031475199999952963 813
0.0003147679999999653 812
0.0003148880000001242 811
0.0003149449999995113 810
0.0003149589999997815 811
0.0003150019999997866 810
0.0003151219999999455 809
0.0003152420000001044 808
0.0003153619999993751 807
0.0003154189999996504 806
0.0003154659999999865 807
0.0003155389999998093 806
0.0003156429999995325 807
0.00031565899999996816 806
0.0003157629999996914 807
0.00031577900000012704 806
0.00031583499999943143 807
0.00031589899999939774 806
0.00031600300000000914 807
0.0003160189999995566 806
0.0003161389999997155 805
0.0003162589999998744 804
0.0003163629999995976 805
0.00031637900000003327 804
0.000316498999999304 803
0.00031660299999991537 804
0.0003166169999992974 805
0.00031661899999946286 804
0.00031673899999962174 803
0.00031679599999989705 802
0.00031691600000005593 801
0.00031703599999932663 800
0.0003171559999994855 799
0.0003172759999996444 798
0.0003173799999993676 799
0.0003173959999998033 798
0.00031751599999996216 797
0.0003175569999998018 798
0.0003175729999993493 797
0.0003176929999995082 796
0.00031770699999977836 797
0.00031781299999966706 796
0.00031782699999993724 797
0.0003178539999995067 798
0.00031793299999982594 797
0.0003179739999996656 798
0.00031800399999948326 799
0.0003180529999999848 798
0.00031812399999964214 799
0.0003181730000001437 798
0.0003182289999994481 799
0.0003182929999994144 798
0.0003183849999999211 799
0.0003184129999995733 798
0.00031853299999973217 797
0.00031865299999989105 796
0.00031871000000016636 795
0.00031880199999978487 796
0.00031882999999943706 795
0.00031892199999994375 796
0.00031894999999959595 795
0.00031906999999975483 794
0.00031912700000003014 793
0.00031916199999937334 794
0.00031924699999930084 793
0.0003192819999995322 794
0.0003193669999994597 793
0.0003194019999996911 794
0.0003194869999996186 793
0.00031952199999985 794
0.0003196069999997775 793
0.00031964200000000886 794
0.00031972699999993637 793
0.00031984700000009525 792
0.00031993899999971376 793
0.00031996699999936595 792
0.00032005899999987264 793
0.00032008699999952483 792
0.0003202069999996837 791
0.0003202989999993022 792
0.0003203269999998426 791
0.0003204189999994611 792
0.0003204470000000015 791
0.0003205039999993886 790
0.00032053899999962 791
0.0003206239999995475 790
0.0003207439999997064 789
0.0003208009999999817 788
0.00032089900000009663 789
0.00032092100000014057 788
0.00032104099999941127 787
0.00032115399999987915 788
0.00032116099999957015 787
0.00032127400000003803 788
0.00032128099999972903 787
0.0003214009999998879 786
0.0003214360000001193 787
0.0003215210000000468 786
0.0003216129999996653 787
0.0003216409999993175 786
0.0003217609999994764 785
0.00032185299999998307 786
0.00032188099999963526 785
0.00032200099999979415 784
0.00032212099999995303 783
0.00032221299999957154 784
0.0003222410000001119 783
0.0003223609999993826 782
0.00032244699999939286 783
0.0003224809999995415 782
0.0003226009999997004 781
0.0003226579999999757 780
0.00032277800000013457 779
0.00032289799999940527 778
0.00032301799999956415 777
0.00032308900000010965 778
0.0003231039999995744 779
0.00032313799999972304 778
0.0003232579999998819 777
0.00032334399999989216 778
0.0003233780000000408 777
0.00032346400000005104 778
0.0003234979999993115 777
0.0003235549999995868 776
0.0003236749999997457 775
0.0003237949999999046 774
0.00032391500000006346 773
0.0003239649999997596 774
0.00032403499999933416 773
0.0003240639999999573 774
0.00032415499999949304 773
0.0003242409999995033 774
0.0003242619999994645 775
0.0003242749999996519 774
0.00032436099999966217 775
0.00032438199999962336 776
0.0003243949999998108 775
0.00032450199999978224 776
0.0003245149999999697 775
0.00032463500000012857 774
0.0003247210000001388 775
0.0003247549999993993 774
0.0003248409999994095 775
0.0003248619999993707 776
0.00032487499999955816 775
0.00032499499999971704 774
0.0003250179999998437 775
0.0003251149999998759 774
0.0003251380000000026 775
0.0003252350000000348 774
0.0003252580000001615 775
0.00032534200000000624 776
0.0003253549999993055 775
0.0003253779999994322 776
0.0003254749999994644 775
0.00032549799999959106 776
0.00032559499999962327 775
0.00032561799999974994 776
0.00032571499999978215 775
0.0003257379999999088 776
0.00032583499999994103 775
0.0003258580000000677 776
0.000325935999999416 777
0.0003259550000000999 776
0.0003259779999993384 777
0.0003260749999993706 776
0.0003261549999997726 777
0.0003261759999997338 778
0.0003261949999995295 777
0.0003262519999998048 776
0.0003262749999999315 777
0.00032629599999989267 778
0.0003263719999999637 777
0.00032641600000005155 778
0.0003264920000001226 777
0.0003264999999998963 778
0.0003265719999996364 779
0.0003266119999993933 778
0.00032673199999955216 777
0.00032685199999971104 776
0.0003269719999998699 775
0.0003270159999999578 776
0.0003270519999993837 777
0.0003270920000000288 776
0.00032713600000011667 777
0.0003271719999995426 778
0.0003272119999992995 777
0.0003273319999994584 776
0.00032741199999986037 777
0.00032745199999961727 776
0.00032757199999977615 775
0.00032765199999928996 776
0.00032769199999993504 775
0.00032779299999941003 776
0.0003278120000000939 775
0.0003279319999993646 774
0.0003280519999995235 773
0.0003280690000000419 774
0.0003281719999996824 773
0.0003282459999995879 774
0.00032829199999984127 773
0.00032839299999931626 774
0.00032841200000000015 773
0.0003284859999999057 774
0.00032853200000015903 773
0.00032856999999975045 774
0.00032865199999942973 773
0.0003287719999995886 772
0.0003288919999997475 771
0.0003289490000000228 770
0.0003290030000000499 771
0.0003290499999994978 772
0.0003290689999992935 771
0.0003290859999998119 772
0.0003291889999994524 771
0.0003292059999999708 772
0.0003293089999996113 771
0.0003293260000001297 772
0.00032942899999977016 771
0.00032954899999992904 770
0.0003296690000000879 769
0.0003297889999993586 768
0.00032980599999987703 769
0.0003299089999995175 768
0.0003299260000000359 769
0.0003300289999996764 768
0.0003301029999995819 769
0.00033014899999983527 768
0.0003302389999992883 769
0.00033026899999999415 768
0.0003303429999998997 769
0.00033038900000015303 768
0.00033046300000005857 769
0.00033050899999942374 768
0.0003305829999993293 769
0.0003306289999995826 768
0.00033070299999948816 769
0.0003307489999997415 768
0.0003308689999999004 767
0.00033098900000005926 766
0.00033108999999953426 767
0.00033110899999932997 766
0.00033111999999935193 767
0.00033122899999948885 766
0.0003312399999995108 767
0.0003312749999997422 768
0.00033134899999964773 767
0.00033138700000012733 768
0.0003314689999998066 767
0.0003315889999999655 766
0.00033159999999998746 767
0.0003317090000001244 766
0.00033172000000014634 767
0.00033174100000010753 768
0.0003318289999993951 767
0.00033183999999941705 768
0.0003318580000000182 769
0.0003318719999994002 770
0.0003318859999996704 769
0.00033195999999957593 770
0.00033200599999982927 769
0.0003320799999997348 770
0.0003321029999998615 771
0.00033212599999998815 770
0.0003321999999998937 771
0.00033224600000014703 770
0.00033236599999941774 769
0.00033240899999942286 770
0.0003324399999993233 771
0.0003324859999995766 770
0.00033255999999948216 771
0.0003326059999997355 770
0.00033267999999964104 771
0.0003327259999998944 770
0.0003327999999997999 771
0.00033284600000005327 770
0.0003328839999996447 771
0.0003329199999999588 772
0.00033296599999932397 771
0.0003330400000001177 772
0.00033308599999948285 771
0.00033314499999992364 772
0.0003331599999993884 773
0.00033320599999964173 772
0.00033327999999954727 773
0.0003333259999998006 772
0.0003333559999996183 773
0.00033339999999970615 774
0.00033343099999960657 775
0.0003334459999999595 774
0.0003335660000001184 773
0.00033358899999935687 774
0.0003336859999993891 773
0.00033369699999941105 774
0.00033376299999954284 775
0.00033380599999954796 774
0.00033392599999970685 773
0.0003339369999997288 774
0.00033404599999986573 773
0.0003340569999998877 774
0.0003341660000000246 773
0.0003341770000000466 774
0.00033419499999975955 775
0.00033420900000002973 776
0.0003342859999992953 775
0.0003343239999997749 776
0.0003344059999994542 775
0.00033441699999947616 776
0.00033448299999960796 777
0.0003345259999996131 776
0.00033453699999963504 777
0.0003346209999994798 778
0.00033464599999977196 777
0.0003346569999997939 778
0.0003346839999993634 779
0.0003347529999997434 780
0.00033476599999993084 779
0.0003347769999999528 780
0.0003348279999997317 781
0.0003348860000000897 780
0.0003348970000001117 781
0.0003350059999993604 780
0.0003350169999993824 781
0.0003351209999999938 782
0.0003351259999995193 781
0.0003351369999995413 782
0.0003351639999999989 783
0.0003352459999996782 782
0.00033525699999970016 783
0.0003353099999996445 784
0.00033536599999983707 783
0.00033537699999985904 784
0.00033548599999999595 783
0.0003354970000000179 784
0.0003355239999995874 785
0.00033560600000015484 784
0.0003356169999992886 785
0.00033563199999964155 786
0.00033572599999942554 785
0.0003357369999994475 786
0.0003358459999995844 785
0.0003358569999996064 786
0.000335884000000064 787
0.00033590299999985973 786
0.00033597699999976527 787
0.0003360230000000186 786
0.0003361429999992893 785
0.00033621700000008303 786
0.0003362629999994482 785
0.0003363829999996071 784
0.00033639399999962905 785
0.0003364399999998824 784
0.00033644599999949065 785
0.00033651399999978793 786
0.00033656000000004127 785
0.00033660400000012913 786
0.0003366339999999468 787
0.0003366709999994555 788
0.000336679999999312 787
0.00033679999999947086 786
0.0003368739999993764 787
0.00033691999999962974 786
0.0003369939999995353 787
0.0003370209999999929 788
0.0003370399999997886 787
0.0003371599999999475 786
0.00033723399999985304 787
0.0003372800000001064 786
0.00033733499999932803 787
0.0003373540000000119 788
0.0003373999999993771 787
0.00033744599999963043 788
0.0003374739999992826 789
0.00033751999999953597 788
0.00033763999999969485 787
0.0003376880000001137 788
0.0003377139999996004 789
0.00033775999999985373 788
0.00033783399999975927 789
0.0003378609999993287 790
0.0003378800000000126 789
0.00033792999999970874 790
0.0003379999999992833 789
0.00033807400000007704 790
0.00033808799999945904 791
0.00033810199999972923 792
0.0003381199999994422 791
0.00033819399999934774 792
0.0003382399999996011 791
0.00033835999999975996 790
0.0003384339999996655 791
0.00033847999999991885 790
0.0003385539999998244 791
0.00033858099999939384 792
0.00033860000000007773 791
0.00033867399999998327 792
0.00033871999999934843 791
0.00033879400000014215 792
0.0003388399999995073 791
0.00033891399999941285 792
0.0003389599999996662 791
0.0003390759999994941 792
0.0003390799999998251 791
0.0003391539999997306 792
0.00033919999999998396 791
0.00033932000000014284 790
0.00033943999999941354 789
0.0003395599999995724 788
0.0003395709999995944 789
0.0003396799999997313 788
0.0003396909999997533 789
0.0003397999999998902 788
0.00033981099999991216 789
0.0003399009999993652 790
0.00033992000000004907 789
0.00033993100000007104 790
0.0003400399999993198 789
0.00034005099999934174 790
0.00034009899999976057 791
0.00034015999999947866 790
0.00034026099999984183 791
0.00034027999999963754 790
0.0003403999999997964 789
0.0003404109999998184 790
0.0003405199999999553 789
0.00034053099999997727 790
0.0003405839999999216 791
0.0003406400000001142 790
0.00034065100000013615 791
0.0003407599999993849 790
0.00034077099999940685 791
0.00034083899999970413 792
0.00034087999999954377 793
0.00034087999999954377 792
0.00034089399999981396 793
0.00034099999999970265 792
0.00034111999999986153 791
0.0003411309999998835 792
0.0003412400000000204 791
0.0003412510000000424 792
0.0003413599999992911 791
0.0003413709999993131 792
0.00034147999999945 791
0.00034149099999947197 792
0.0003415999999996089 791
0.00034161099999963085 792
0.00034171999999976777 791
0.00034173099999978973 792
0.00034183999999992665 791
0.0003418509999999486 792
0.00034196000000008553 791
0.00034207999999935623 790
0.0003420909999993782 791
0.00034212799999977506 792
0.00034213699999963154 791
0.0003422109999995371 792
0.0003422569999997904 791
0.0003423769999999493 790
0.00034245099999985484 791
0.0003424970000001082 790
0.0003425710000000137 791
0.0003426169999993789 790
0.00034273699999953777 789
0.0003428109999994433 790
0.00034285699999969665 789
0.0003429309999996022 790
0.00034297699999985554 789
0.0003430509999997611 790
0.0003430970000000144 789
0.00034317099999991996 790
0.0003432169999992851 789
0.000343336999999444 788
0.00034334799999946597 789
0.0003433939999997193 788
0.00034346799999962485 789
0.0003434950000000825 790
0.0003435139999998782 789
0.00034358799999978373 790
0.0003436340000000371 789
0.0003437079999999426 790
0.0003437539999993078 789
0.00034387399999946666 788
0.00034388499999948863 789
0.00034399399999962554 788
0.0003440049999996475 789
0.0003441139999997844 788
0.0003441249999998064 789
0.0003442339999999433 788
0.0003442449999999653 789
0.0003443540000001022 788
0.00034436500000012416 789
0.0003444739999993729 788
0.00034448499999939486 789
0.0003445939999995318 788
0.00034460499999955374 789
0.00034471399999969066 788
0.0003447249999997126 789
0.00034483399999984954 790
0.00034483399999984954 789
0.0003448480000001197 790
0.0003449540000000084 789
0.0003449650000000304 790
0.0003450739999992791 789
0.0003450849999993011 790
0.000345193999999438 789
0.00034520499999945997 790
0.0003453139999995969 789
0.00034532299999945337 790
0.00034533699999972356 791
0.00034543399999975577 790
0.00034549699999963934 791
0.00034555399999991465 790
0.0003455649999999366 791
0.00034565799999963787 792
0.00034567400000007353 791
0.0003456850000000955 792
0.00034579399999934424 791
0.0003458049999993662 792
0.0003458189999996364 793
0.00034587199999958074 794
0.0003459139999995031 793
0.000346033999999662 792
0.00034604499999968397 793
0.0003461539999998209 792
0.00034616499999984285 793
0.00034627399999997976 792
0.00034628500000000173 793
0.00034639400000013865 792
0.0003464050000001606 793
0.00034651399999940935 792
0.0003465249999994313 793
0.00034663399999956823 792
0.0003466449999995902 793
0.0003467539999997271 792
0.0003467649999997491 793
0.000346873999999886 792
0.00034688499999990796 793
0.00034698400000010565 794
0.0003469940000000449 793
0.00034700500000006684 794
0.0003471139999993156 793
0.00034712499999933755 794
0.0003471689999994254 795
0.00034723399999947446 794
0.00034724499999949643 795
0.00034735399999963334 794
0.0003473649999996553 795
0.00034744399999997455 796
0.0003474739999997922 795
0.0003474849999998142 796
0.0003475939999999511 795
0.0003476049999999731 796
0.00034771400000011 795
0.00034772500000013196 796
0.0003478339999993807 795
0.00034784499999940266 796
0.0003479539999995396 795
0.00034796499999956154 796
0.00034807399999969846 795
0.0003480849999997204 796
0.00034819399999985734 795
0.0003482049999998793 796
0.0003483140000000162 795
0.0003483250000000382 796
0.00034840899999988295 797
0.0003484339999992869 796
0.0003484449999993089 797
0.0003485539999994458 796
0.00034856499999946777 797
0.0003486739999996047 796
0.00034868499999962665 797
0.00034879399999976357 796
0.00034880499999978554 797
0.00034891399999992245 796
0.0003489249999999444 797
0.000348994999999519 798
0.00034903400000008133 797
0.0003490450000001033 798
0.00034915399999935204 797
0.000349164999999374 798
0.0003492739999995109 797
0.0003492849999995329 798
0.00034931300000007326 799
0.0003493939999996698 798
0.00034940499999969177 799
0.0003495139999998287 798
0.00034958200000012596 799
0.00034963399999998757 798
0.00034975400000014645 797
0.00034982199999955554 798
0.00034987399999941715 797
0.00034993099999969246 796
0.0003499419999997144 797
0.00035005099999985134 796
0.0003500619999998733 797
0.0003501710000000102 796
0.0003501820000000322 797
0.00035029099999928093 796
0.0003503019999993029 797
0.0003504109999994398 796
0.0003504219999994618 797
0.0003504489999999194 798
0.0003505309999995987 797
0.00035054199999962066 798
0.0003506509999997576 797
0.00035066199999977954 798
0.00035077099999991646 797
0.0003508089999995079 798
0.00035089100000007534 797
0.00035095899999948443 798
0.00035101099999934604 797
0.00035106799999962135 796
0.0003510789999996433 797
0.00035118799999978023 796
0.0003513079999999391 795
0.0003513189999999611 796
0.00035139099999970114 797
0.000351428000000098 796
0.00035143900000011996 797
0.0003514849999994851 798
0.0003515479999993687 797
0.00035155899999939066 798
0.0003516679999995276 799
0.0003516679999995276 798
0.00035168199999979777 799
0.00035178799999968646 798
0.00035190799999984534 797
0.0003519189999998673 798
0.0003520280000000042 797
0.0003520390000000262 798
0.0003521480000001631 797
0.0003521589999992969 798
0.0003522679999994338 797
0.0003522789999994558 798
0.0003523879999995927 797
0.00035241699999932763 798
0.0003525079999997516 797
0.00035251899999977354 798
0.00035262799999991046 797
0.0003526389999999324 798
0.0003526849999992976 797
0.0003527590000000913 798
0.00035280499999945647 797
0.00035292499999961535 796
0.0003529989999995209 797
0.00035304499999977423 796
0.00035311899999967977 797
0.0003531649999999331 796
0.000353285000000092 795
0.0003534049999993627 794
0.0003534790000001564 795
0.0003535249999995216 794
0.0003535989999994271 795
0.00035364499999968046 794
0.0003536999999997903 795
0.000353718999999586 796
0.00035376499999983935 795
0.0003538389999997449 796
0.00035388499999999823 795
0.00035395899999990377 796
0.0003540050000001571 795
0.00035407900000006265 796
0.0003541249999994278 795
0.00035419899999933335 796
0.0003542449999995867 795
0.00035431899999949223 796
0.0003543649999997456 795
0.0003544389999996511 796
0.00035448499999990446 795
0.0003545289999999923 796
0.00035455899999981 797
0.00035460500000006334 796
0.0003546789999999689 797
0.00035472499999933405 796
0.00035479900000012776 797
0.00035484499999949293 796
0.00035491899999939847 797
0.0003549649999996518 796
0.00035503899999955735 797
0.0003550849999998107 796
0.000355142000000086 795
0.00035519899999947313 794
0.0003552789999998751 795
0.000355318999999632 794
0.000355399000000034 795
0.0003554389999997909 794
0.0003555189999993047 795
0.0003555589999999498 794
0.0003556389999994636 795
0.0003556659999999212 796
0.00035567900000010866 795
0.00035575899999962246 796
0.00035579899999937936 795
0.00035585599999965467 794
0.00035587899999978134 795
0.00035597599999981355 794
0.0003559989999999402 795
0.00035609599999997243 794
0.0003561190000000991 795
0.0003562160000001313 794
0.0003562389999993698 795
0.00035627299999951845 794
0.0003563589999995287 795
0.00035639299999967733 794
0.0003564789999996876 795
0.0003565129999998362 794
0.00035659899999984646 795
0.0003566329999999951 794
0.0003566899999993822 793
0.00035671900000000534 794
0.0003568099999995411 793
0.0003568390000001642 794
0.0003568669999998164 793
0.0003569240000000917 792
0.0003570429999992797 793
0.0003570439999993624 792
0.0003570789999995938 793
0.0003571639999995213 792
0.0003571989999997527 793
0.0003572839999996802 792
0.0003573759999992987 793
0.00035740399999983907 792
0.0003574959999994576 793
0.00035752399999999795 792
0.00035761599999961646 793
0.00035764400000015684 792
0.00035773599999977534 793
0.00035776399999942754 792
0.0003578559999999342 793
0.0003578839999995864 792
0.0003579760000000931 793
0.0003580039999997453 792
0.0003581239999999042 791
0.0003582159999995227 792
0.00035824400000006307 791
0.0003583359999996816 792
0.00035836399999933377 791
0.0003584209999996091 790
0.00035851300000011577 791
0.00035854099999976796 790
0.00035863299999938647 791
0.00035866099999992684 790
0.00035868699999941356 791
0.00035875299999954535 792
0.0003587810000000857 791
0.00035887299999970423 792
0.00035890099999935643 791
0.0003589929999998631 792
0.0003590209999995153 791
0.000359113000000022 792
0.0003591409999996742 791
0.0003592329999992927 792
0.0003592609999998331 791
0.0003593529999994516 792
0.00035938099999999196 791
0.0003594379999993791 790
0.00035955799999953797 789
0.00035959299999976935 790
0.00035967799999969685 789
0.00035971299999992823 790
0.00035979799999985573 789
0.0003598330000000871 790
0.00035985999999965657 791
0.0003599180000000146 790
0.0003599529999993578 791
0.00035997499999940175 790
0.00036009499999956063 789
0.000360129999999792 790
0.00036015199999983594 789
0.0003602499999999509 790
0.0003602719999999948 789
0.00036037000000010977 790
0.0003603920000001537 789
0.00036048999999938047 790
0.0003605119999994244 789
0.00036060999999953935 790
0.0003606319999995833 789
0.00036072999999969824 790
0.00036075199999974217 789
0.00036077800000011706 790
0.0003608499999998571 791
0.00036087199999990105 790
0.000360970000000016 791
0.00036099200000005993 790
0.0003610899999992867 791
0.00036111199999933064 790
0.00036116899999960594 789
0.0003612099999994456 790
0.0003612889999997648 789
0.00036132999999960447 790
0.0003614089999999237 789
0.00036144999999976335 790
0.0003615290000000826 789
0.00036156999999992223 790
0.0003616489999993533 789
0.0003616900000000811 790
0.0003617689999995122 789
0.0003618099999993518 790
0.00036188899999967106 789
0.0003619299999995107 790
0.00036200899999982994 789
0.0003620499999996696 790
0.00036206600000010525 789
0.00036216999999982846 790
0.00036218599999937595 789
0.00036224299999965126 788
0.00036236299999981014 787
0.0003624100000001462 788
0.000362482999999969 787
0.00036253999999935616 786
0.00036264399999996755 787
0.00036265999999951504 786
0.00036276400000012643 787
0.0003627799999996739 786
0.0003628999999998328 785
0.0003630199999999917 784
0.0003631239999997149 785
0.00036314000000015056 784
0.00036325999999942127 783
0.0003633010000001491 784
0.00036337999999958015 783
0.0003634209999994198 784
0.00036349999999973903 783
0.0003635409999995787 784
0.0003636199999998979 783
0.00036371800000001286 784
0.0003637400000000568 783
0.00036383799999928357 784
0.0003638599999993275 783
0.0003639169999996028 782
0.00036395799999944245 783
0.0003640369999997617 782
0.000364094000000037 781
0.00036413499999987664 782
0.0003642139999993077 781
0.0003643339999994666 780
0.00036436899999969796 781
0.00036445399999962547 780
0.00036448899999985684 781
0.00036457399999978435 780
0.0003646090000000157 781
0.00036463100000005966 780
0.00036472899999928643 781
0.00036475099999933036 780
0.0003648489999994453 781
0.00036487099999948924 780
0.0003649689999996042 781
0.0003649909999996481 780
0.0003650889999997631 781
0.000365110999999807 780
0.0003652309999999659 779
0.000365287999999353 778
0.00036532900000008084 779
0.0003654079999995119 778
0.00036544899999935154 779
0.0003655279999996708 778
0.0003655689999995104 779
0.00036564799999982966 778
0.0003656889999996693 779
0.00036576799999998855 778
0.0003658660000001035 779
0.00036588800000014743 778
0.0003659859999993742 779
0.00036600799999941813 778
0.000366127999999577 777
0.00036622599999969196 778
0.0003662479999997359 777
0.0003663679999998948 776
0.0003664249999992819 775
0.00036646600000000973 776
0.0003664819999995572 775
0.0003665389999998325 774
0.00036658599999928043 775
0.0003666589999999914 774
0.0003667059999994393 775
0.00036671599999937854 774
0.0003668359999995374 773
0.0003668829999998735 774
0.0003669559999996963 773
0.0003670759999998552 772
0.00036719600000001407 771
0.00036724299999946197 772
0.00036731599999928477 771
0.00036741999999989616 772
0.00036743599999944365 771
0.00036755599999960253 770
0.0003675969999994422 771
0.00036761299999987784 770
0.00036771699999960106 771
0.0003677330000000367 770
0.00036783699999975994 771
0.00036785299999930743 770
0.0003679569999999188 771
0.0003679729999994663 770
0.0003680770000000777 771
0.0003680929999996252 770
0.0003681969999993484 771
0.0003682129999997841 770
0.0003682700000000594 769
0.0003683169999995073 770
0.0003683899999993301 769
0.00036843699999966617 770
0.00036850999999948897 769
0.00036861400000010036 770
0.00036862999999964785 769
0.00036868699999992316 768
0.00036873399999937106 769
0.00036880700000008204 768
0.00036885399999952995 769
0.00036892699999935274 768
0.0003690469999995116 767
0.0003691669999996705 766
0.0003692869999998294 765
0.0003693440000001047 764
0.0003694639999993754 763
0.0003695109999997115 764
0.0003695839999995343 763
0.0003696880000001457 764
0.00036970399999969317 763
0.0003698079999994164 764
0.00036982399999985205 763
0.00036994400000001093 762
0.00037006399999928163 761
0.00037010500000000945 762
0.0003701839999994405 761
0.00037022499999928016 762
0.0003703039999995994 761
0.0003704239999997583 760
0.0003704649999995979 761
0.0003704810000000336 760
0.0003705849999997568 761
0.0003706009999993043 760
0.0003707049999999157 761
0.0003707209999994632 760
0.00037082500000007457 761
0.00037084099999962206 760
0.00037094499999934527 761
0.00037096099999978094 760
0.00037106499999950415 761
0.0003710809999999398 760
0.00037118499999966303 761
0.0003712010000000987 760
0.00037125799999948583 759
0.0003713620000000972 760
0.0003713779999996447 759
0.0003714979999998036 758
0.0003716179999999625 757
0.0003716589999998021 758
0.00037173800000012136 757
0.00037185799999939206 756
0.0003718990000001199 757
0.00037197799999955095 756
0.0003720759999996659 757
0.00037209799999970983 756
0.0003721959999998248 757
0.0003722179999998687 756
0.000372275000000144 755
0.00037231599999998366 756
0.0003723949999994147 755
0.00037243600000014254 756
0.0003725149999995736 755
0.00037255599999941325 756
0.0003726349999997325 755
0.00037264900000000267 756
0.0003726920000000078 755
0.0003728120000001667 754
0.0003728530000000063 755
0.0003729319999994374 754
0.00037305199999959626 753
0.0003730929999994359 754
0.00037317199999975514 753
0.0003732129999995948 754
0.000373291999999914 753
0.00037334899999930116 752
0.00037345299999991255 753
0.00037346899999946004 752
0.00037357300000007143 753
0.0003735889999996189 752
0.00037364599999989423 751
0.00037369299999934213 752
0.0003737660000000531 751
0.0003738859999993238 750
0.0003739429999995991 749
0.00037398399999943877 750
0.000374062999999758 749
0.00037416099999987296 750
0.0003741829999999169 749
0.00037428100000003184 750
0.00037430300000007577 749
0.00037440099999930254 750
0.0003744229999993465 749
0.0003744799999996218 748
0.0003745209999994614 749
0.00037459999999978066 748
0.00037471999999993955 747
0.0003747609999997792 748
0.0003747769999993267 747
0.00037488099999993807 748
0.00037489699999948556 747
0.00037501699999964444 746
0.0003750579999994841 747
0.0003751369999998033 746
0.00037519400000007863 745
0.00037529799999980185 746
0.00037531399999934933 745
0.0003754339999995082 744
0.0003755380000001196 745
0.0003755539999996671 744
0.000375673999999826 743
0.0003757310000001013 742
0.0003757879999994884 741
0.0003758349999998245 742
0.0003758559999997857 743
0.0003759079999996473 742
0.0003759549999999834 743
0.0003759649999999226 742
0.0003760850000000815 741
0.0003761419999994686 740
0.0003762519999996883 741
0.0003762619999996275 740
0.00037637199999984716 741
0.0003763819999997864 740
0.00037649200000000604 741
0.00037650199999994527 740
0.0003766120000001649 741
0.00037662200000010415 740
0.00037674199999937485 739
0.00037678899999971094 740
0.00037686199999953374 739
0.0003769089999998698 740
0.0003769819999996926 739
0.0003770290000000287 740
0.0003771019999998515 739
0.0003771489999992994 740
0.0003772220000000104 739
0.0003772789999993975 738
0.0003773989999995564 737
0.00037740999999957836 738
0.0003775189999997153 737
0.0003775759999999906 736
0.00037762899999993493 737
0.00037769600000014947 736
0.0003777490000000938 737
0.00037781599999942017 736
0.0003778729999996955 735
0.0003779299999999708 734
0.0003779869999993579 733
0.0003780459999997987 734
0.0003781069999995168 733
0.0003781639999997921 732
0.0003781659999999576 733
0.0003782210000000674 732
0.0003783409999993381 731
0.00037839799999961343 730
0.00037845499999988874 729
0.00037852599999954606 730
0.0003785750000000476 729
0.0003786949999993183 728
0.00037870299999998025 729
0.00037875199999959364 728
0.00037880899999986894 727
0.00037882300000013913 728
0.0003789290000000278 727
0.00037894299999940984 728
0.00037898599999941496 727
0.00037910599999957384 726
0.00037916299999984915 725
0.0003791829999997276 726
0.00037922000000012446 725
0.0003792769999995116 724
0.0003793029999998865 725
0.0003793339999997869 724
0.0003793910000000622 723
0.00037942300000004536 724
0.0003795109999993329 723
0.00037954299999931607 724
0.0003795679999996082 723
0.00037962499999988353 722
0.00037971999999975026 723
0.0003797450000000424 722
0.00037980199999942954 721
0.00037985899999970485 720
0.00037991599999998016 719
0.000379960000000068 720
0.00038003600000013904 719
0.00038009299999952617 718
0.00038013699999961403 719
0.0003801499999998015 718
0.0003802569999997729 719
0.00038026999999996036 718
0.0003803769999999318 719
0.00038039000000011924 718
0.0003804469999995064 717
0.0003804970000000907 718
0.00038056699999966526 717
0.00038062399999994057 716
0.00038074400000009945 715
0.0003807939999997956 716
0.00038086399999937015 715
0.00038091399999995446 716
0.00038098399999952903 715
0.00038109099999950047 716
0.0003811039999996879 715
0.00038121099999965935 716
0.0003812239999998468 715
0.0003812810000001221 714
0.00038138800000009354 715
0.0003814009999993928 714
0.00038150799999936424 715
0.0003815209999995517 714
0.0003816279999995231 715
0.00038164099999971057 714
0.000381747999999682 715
0.00038176099999986945 714
0.00038188100000002834 713
0.0003819250000001162 714
0.00038200099999929904 713
0.0003820449999993869 714
0.0003821209999994579 713
0.0003822219999998211 714
0.0003822409999996168 713
0.0003822979999998921 712
0.00038234199999998 713
0.00038235499999927924 712
0.00038246200000013886 713
0.0003824749999994381 712
0.000382594999999597 711
0.00038263899999968487 712
0.0003827149999997559 711
0.00038275899999984375 712
0.00038283499999991477 711
0.00038287900000000263 712
0.00038295500000007365 711
0.0003829990000001615 712
0.00038303199999933923 713
0.00038307499999934436 712
0.00038319499999950324 711
0.00038323299999998284 712
0.0003833149999996621 711
0.00038337199999993743 710
0.00038340999999952885 711
0.0003834920000000963 710
0.00038354899999948344 709
0.0003835689999993619 710
0.00038360599999975875 709
0.0003837070000001219 710
0.00038372599999991763 709
0.0003838269999993926 710
0.0003838460000000765 709
0.0003839469999995515 710
0.0003839659999993472 709
0.00038402299999962253 708
0.0003840669999997104 709
0.0003841429999997814 708
0.00038418699999986927 709
0.0003842629999999403 708
0.00038430700000002815 709
0.0003843830000000992 708
0.00038442699999929886 709
0.0003845029999993699 708
0.00038454699999945774 709
0.00038462299999952876 708
0.00038464000000004717 709
0.00038467999999980407 708
0.00038472399999989193 709
0.00038479999999996295 708
0.0003848440000000508 709
0.00038492000000012183 708
0.0003850209999995968 709
0.00038503999999939253 708
0.00038509699999966784 707
0.0003851409999997557 708
0.00038515399999994315 707
0.0003851649999999651 708
0.0003852109999993303 707
0.000385285000000124 708
0.00038533099999948917 707
0.0003853879999997645 706
0.00038541999999974763 707
0.0003854450000000398 706
0.0003855019999994269 705
0.0003856219999995858 704
0.0003857419999997447 703
0.0003857589999993749 704
0.0003857799999993361 705
0.00038579900000002 704
0.0003858789999995338 705
0.0003859189999992907 704
0.00038603899999944957 703
0.0003860959999997249 702
0.0003861530000000002 701
0.0003862099999993873 700
0.0003863299999995462 699
0.0003863869999998215 698
0.0003865069999999804 697
0.0003866270000001393 696
0.0003866559999998742 697
0.0003866839999995264 696
0.0003868039999996853 695
0.00038684799999977315 696
0.0003868959999993038 697
0.00038692399999984417 696
0.00038704400000000305 695
0.0003870880000000909 696
0.00038716400000016193 695
0.00038728399999943264 694
0.00038734099999970795 693
0.0003873699999994429 694
0.00038746099999986683 693
0.00038748999999960176 694
0.0003875810000000257 693
0.0003877009999992964 692
0.00038772999999991953 693
0.0003878209999994553 692
0.0003879409999996142 691
0.0003879699999993491 692
0.00038806099999977306 691
0.000388089999999508 692
0.00038818099999993194 691
0.0003883010000000908 690
0.00038838399999985285 691
0.0003884209999993615 690
0.0003885409999995204 689
0.00038854899999929415 690
0.0003886209999999224 691
0.0003886609999996793 690
0.00038872599999972834 691
0.00038874100000008127 692
0.00038878099999983817 691
0.00038890099999999705 690
0.0003889660000000461 691
0.00038902100000015594 690
0.00038903799999978617 691
0.00038914099999942664 690
0.00038915799999994505 691
0.0003892609999995855 690
0.00038931799999986083 689
0.00038938899999951815 690
0.00038939799999937463 691
0.0003894380000000197 690
0.0003895579999992904 689
0.0003896779999994493 688
0.0003896949999999677 689
0.0003897979999996082 688
0.00038991799999976706 687
0.00039003799999992594 686
0.0003901580000000848 685
0.0003902259999994939 686
0.00039027799999935553 685
0.0003903979999995144 684
0.00039051699999959055 685
0.0003905179999996733 684
0.0003905749999999486 683
0.00039063699999974943 684
0.0003906950000001075 683
0.0003908149999993782 682
0.00039093499999953707 681
0.00039105499999969595 680
0.00039111199999997126 679
0.00039123200000013014 678
0.00039135199999940085 677
0.00039140199999998515 678
0.00039140899999967615 677
0.00039146599999995146 676
0.00039152200000014403 677
0.00039158600000011035 676
0.00039170599999938105 675
0.00039182599999953993 674
0.0003919459999996988 673
0.0003920590000001667 674
0.0003920659999998577 673
0.0003921860000000166 672
0.0003922449999995692 673
0.0003923059999992873 672
0.00039236499999972807 673
0.00039242599999944616 672
0.00039254599999960504 671
0.0003926659999997639 670
0.0003927859999999228 669
0.00039284299999930994 668
0.0003929629999994688 667
0.0003930829999996277 666
0.000393139999999903 665
0.0003932600000000619 664
0.00039327999999994034 665
0.000393316999999449 664
0.0003933639999997851 665
0.0003934369999996079 664
0.0003935569999997668 663
0.00039365499999988174 664
0.00039367699999992567 663
0.0003937960000000018 664
0.00039379700000008455 663
0.00039391699999935526 662
0.00039403699999951414 661
0.000394156999999673 660
0.0003942769999998319 659
0.0003943689999994504 660
0.0003943969999999908 659
0.00039451700000014966 658
0.00039463699999942037 657
0.00039475699999957925 656
0.00039487699999973813 655
0.00039490599999947307 656
0.0003949329999999307 657
0.000394996999999897 656
0.00039502599999963195 657
0.0003951170000000559 656
0.0003952369999993266 655
0.0003953569999994855 654
0.00039547699999964436 653
0.00039559000000011224 654
0.00039559699999980324 653
0.00039565400000007855 652
0.00039577399999934926 651
0.00039589399999950814 650
0.000396013999999667 649
0.00039607099999994233 648
0.0003961910000001012 647
0.0003962469999994056 648
0.0003963109999993719 647
0.0003964309999995308 646
0.0003964879999998061 645
0.0003965450000000814 644
0.00039660199999946855 643
0.00039665899999974386 642
0.00039671600000001916 641
0.00039683599999928987 640
0.00039684099999970357 641
0.0003968929999995652 640
0.0003969499999998405 639
0.00039706999999999937 638
0.00039719000000015825 637
0.0003972469999995454 636
0.0003973039999998207 635
0.000397361000000096 634
0.00039741799999948313 633
0.00039747499999975844 632
0.00039753200000003375 631
0.0003975609999997687 632
0.0003975889999994209 631
0.0003976459999996962 630
0.0003977029999999715 629
0.0003977599999993586 628
0.00039781699999963394 627
0.00039787399999990924 626
0.0003979309999992964 625
0.0003979879999995717 624
0.000398044999999847 623
0.0003981020000001223 622
0.000398221999999393 621
0.0003982789999996683 620
0.0003983989999998272 619
0.0003984560000001025 618
0.0003985569999995775 619
0.0003985719999999304 620
0.0003985759999993732 619
0.0003986329999996485 618
0.00039868999999992383 617
0.0003986920000000893 618
0.0003988100000000827 617
0.00039886699999946984 616
0.00039892399999974515 615
0.00039898100000002046 614
0.0003990379999994076 613
0.0003990949999996829 612
0.0003991519999999582 611
0.00039920899999934534 610
0.00039926599999962065 609
0.00039932299999989596 608
0.0003993799999992831 607
0.0003994369999995584 606
0.0003994939999998337 605
0.000399551000000109 604
0.00039960799999949614 603
0.000399651999999584 604
0.00039966499999977145 603
0.00039972200000004676 602
0.0003997789999994339 601
0.0003998359999997092 600
0.0003998929999999845 599
0.00039994999999937164 598
0.00040000699999964695 597
0.00040006399999992226 596
0.00040011099999937016 597
0.0004001209999993094 596
0.0004001779999995847 595
0.00040023499999986 594
0.0004002920000001353 593
0.00040034899999952245 592
0.00040040599999979776 591
0.00040040799999996324 592
0.00040046300000007307 591
0.0004005199999994602 590
0.0004005769999997355 589
0.0004006340000000108 588
0.00040069099999939795 587
0.00040074799999967325 586
0.00040080499999994856 585
0.0004008619999993357 584
0.000400918999999611 583
0.0004009759999998863 582
0.0004010330000001616 581
0.00040108999999954875 580
0.00040114699999982406 579
0.00040120400000009937 578
0.0004012609999994865 577
0.0004013179999997618 576
0.0004013750000000371 575
0.00040143199999942425 574
0.00040148899999969956 573
0.00040154599999997487 572
0.000401602999999362 571
0.0004016599999996373 570
0.0004017169999999126 569
0.00040177399999929975 568
0.00040183099999957506 567
0.000401841999999597 568
0.00040188799999985036 567
0.0004019450000001257 566
0.0004020019999995128 565
0.0004020589999997881 564
0.0004021160000000634 563
0.00040217299999945055 562
0.00040222999999972586 561
0.00040228700000000117 560
0.0004023439999993883 559
0.0004024009999996636 558
0.0004024579999999389 557
0.00040251499999932605 556
0.00040257199999960136 555
0.00040262899999987667 554
0.000402686000000152 553
0.0004027429999995391 552
0.0004027999999998144 551
0.0004028570000000897 550
0.00040291399999947686 549
0.00040297099999975217 548
0.0004030280000000275 547
0.0004030849999994146 546
0.0004031419999996899 545
0.0004031989999999652 544
0.00040325599999935235 543
0.00040331299999962766 542
0.00040336999999990297 541
0.0004034269999992901 540
0.0004034839999995654 539
0.00040351599999954857 540
0.0004035409999998407 539
0.00040359800000011603 538
0.00040365499999950316 537
0.00040371199999977847 536
0.0004037690000000538 535
0.0004038259999994409 534
0.0004038829999997162 533
0.00040393999999999153 532
0.00040399699999937866 531
0.00040405399999965397 530
0.0004041109999999293 529
0.0004041609999996254 530
0.0004041679999993164 529
0.0004042249999995917 528
0.000404281999999867 527
0.00040433900000014233 526
0.0004043949999994467 527
0.00040439599999952947 526
0.0004044529999998048 525
0.0004045100000000801 524
0.0004045149999996056 525
0.0004045669999994672 524
0.0004046239999997425 523
0.00040468100000001783 522
0.00040473799999940496 521
0.00040479499999968027 520
0.0004048519999999556 519
0.0004049089999993427 518
0.000404965999999618 517
0.00040502299999989333 516
0.00040507999999928046 515
0.00040513699999955577 514
0.0004051939999998311 513
0.0004052510000001064 512
0.0004053079999994935 511
0.0004053649999997688 510
0.00040542200000004414 509
0.00040547899999943127 508
0.0004055359999997066 507
0.00040554699999972854 508
0.0004055929999999819 507
0.000405649999999369 506
0.0004057069999996443 505
0.00040572400000016273 506
0.00040576399999991963 505
0.00040582099999930676 504
0.0004058779999995821 503
0.00040590099999970874 504
0.0004059349999998574 503
0.0004059920000001327 502
0.0004060489999995198 501
0.00040610599999979513 500
0.00040613499999953007 501
0.00040616300000007044 500
0.00040621999999945757 499
0.0004062769999997329 498
0.0004063340000000082 497
0.0004063909999993953 496
0.00040644799999967063 495
0.00040650499999994594 494
0.00040656199999933307 493
0.0004066189999996084 492
0.0004066759999998837 491
0.000406733000000159 490
0.0004067899999995461 489
0.00040684699999982143 488
0.00040690400000009674 487
0.0004069609999994839 486
0.0004070179999997592 485
0.0004070750000000345 484
0.0004071319999994216 483
0.00040718899999969693 482
0.00040724599999997224 481
0.00040730299999935937 480
0.0004073599999996347 479
0.00040741699999991 478
0.0004074739999992971 477
0.00040753099999957243 476
0.00040758799999984774 475
0.00040764500000012305 474
0.0004077019999995102 473
0.0004077589999997855 472
0.0004078160000000608 471
0.00040787299999944793 470
0.00040792999999972324 469
0.00040798699999999855 468
0.0004080439999993857 467
0.000408100999999661 466
0.0004081579999999363 465
0.0004082149999993234 464
0.00040827199999959873 463
0.00040832899999987404 462
0.00040838600000014935 461
0.0004084429999995365 460
0.0004084999999998118 459
0.0004085570000000871 458
0.00040861399999947423 457
0.00040867099999974954 456
0.00040872800000002485 455
0.000408784999999412 454
0.0004088419999996873 453
0.0004088989999999626 452
0.00040895599999934973 451
0.00040901299999962504 450
0.00040906999999990035 449
0.0004091269999992875 448
0.0004091839999995628 447
0.0004092409999998381 446
0.0004092980000001134 445
0.00040935499999950054 444
0.00040941199999977584 443
0.00040946900000005115 442
0.0004095259999994383 441
0.0004095829999997136 440
0.0004096399999999889 439
0.00040969699999937603 438
0.00040975399999965134 437
0.00040981099999992665 436
0.0004098679999993138 435
0.0004099249999995891 434
0.0004099819999998644 433
0.0004100390000001397 432
0.00041009599999952684 431
0.00041015299999980215 430
0.00041021000000007746 429
0.0004102669999994646 428
0.0004103239999997399 427
0.0004103810000000152 426
0.00041043799999940234 425
0.00041049499999967765 424
0.00041055199999995295 423
0.0004106089999993401 422
0.0004106659999996154 421
0.0004107229999998907 420
0.000410780000000166 419
0.00041083699999955314 418
0.00041089399999982845 417
0.00041095100000010376 416
0.0004110079999994909 415
0.0004110649999997662 414
0.0004111220000000415 413
0.00041117899999942864 412
0.00041123599999970395 411
0.00041129299999997926 410
0.0004113499999993664 409
0.0004114069999996417 408
0.000411463999999917 407
0.00041152099999930414 406
0.00041157799999957945 405
0.00041163499999985476 404
0.00041169200000013007 403
0.0004117489999995172 402
0.0004118059999997925 401
0.0004118630000000678 400
0.00041191999999945494 399
0.00041197699999973025 398
0.00041203400000000556 397
0.0004120909999993927 396
0.000412147999999668 395
0.0004122049999999433 394
0.00041226199999933044 393
0.00041231899999960575 392
0.00041237599999988106 391
0.00041243300000015637 390
0.0004124899999995435 389
0.0004125469999998188 388
0.0004126040000000941 387
0.00041266099999948125 386
0.00041271799999975656 385
0.00041277500000003187 384
0.000412831999999419 383
0.0004128889999996943 382
0.0004129459999999696 381
0.00041300299999935675 380
0.00041305999999963205 379
0.00041311699999990736 378
0.0004131739999992945 377
0.0004132309999995698 376
0.0004132879999998451 375
0.0004133450000001204 374
0.00041340199999950755 373
0.00041345899999978286 372
0.00041351600000005817 371
0.0004135729999994453 370
0.0004136299999997206 369
0.0004136869999999959 368
0.00041374399999938305 367
0.00041380099999965836 366
0.00041385799999993367 365
0.0004139149999993208 364
0.0004139719999995961 363
0.0004140289999998714 362
0.0004140860000001467 361
0.00041414299999953386 360
0.00041419999999980917 359
0.0004142570000000845 358
0.0004143139999994716 357
0.0004143709999997469 356
0.0004144280000000222 355
0.00041448499999940935 354
0.00041454199999968466 353
0.00041459899999995997 352
0.0004146559999993471 351
0.0004147129999996224 350
0.0004147699999998977 349
0.00041482699999928485 348
0.00041488399999956016 347
0.00041494099999983547 346
0.0004149980000001108 345
0.0004150549999994979 344
0.0004151119999997732 343
0.0004151690000000485 342
0.00041522599999943566 341
0.00041528299999971097 340
0.0004153399999999863 339
0.0004153969999993734 338
0.0004154539999996487 337
0.000415510999999924 336
0.00041556799999931116 335
0.00041562499999958646 334
0.0004156819999998618 333
0.0004157390000001371 332
0.0004157959999995242 331
0.0004158529999997995 330
0.00041591000000007483 329
0.00041596699999946196 328
0.00041602399999973727 327
0.0004160810000000126 326
0.0004161379999993997 325
0.000416194999999675 324
0.00041625199999995033 323
0.00041630899999933746 322
0.00041636599999961277 321
0.0004164229999998881 320
0.0004164800000001634 319
0.0004165369999995505 318
0.0004165939999998258 317
0.00041665100000010113 316
0.00041670799999948827 315
0.0004167649999997636 314
0.0004168220000000389 313
0.000416878999999426 312
0.0004169359999997013 311
0.00041699299999997663 310
0.00041704999999936376 309
0.00041710699999963907 308
0.0004171639999999144 307
0.0004172209999993015 306
0.0004172779999995768 305
0.00041733499999985213 304
0.00041739200000012744 303
0.00041744899999951457 302
0.0004175059999997899 301
0.0004175630000000652 300
0.0004176199999994523 299
0.00041767699999972763 298
0.00041773400000000294 297
0.00041779099999939007 296
0.0004178479999996654 295
0.0004179049999999407 294
0.0004179619999993278 293
0.0004180189999996031 292
0.00041807599999987843 291
0.00041813300000015374 290
0.0004181899999995409 289
0.0004182469999998162 288
0.0004183040000000915 287
0.0004183609999994786 286
0.00041841799999975393 285
0.00041847500000002924 284
0.00041853199999941637 283
0.0004185889999996917 282
0.000418645999999967 281
0.0004187029999993541 280
0.00041875999999962943 279
0.00041881699999990474 278
0.00041887399999929187 277
0.0004189309999995672 276
0.0004189879999998425 275
0.0004190450000001178 274
0.0004191019999995049 273
0.00041915899999978024 272
0.00041921600000005554 271
0.0004192729999994427 270
0.000419329999999718 269
0.0004193869999999933 268
0.0004194439999993804 267
0.00041950099999965573 266
0.00041955799999993104 265
0.00041961499999931817 264
0.0004196719999995935 263
0.0004197289999998688 262
0.0004197860000001441 261
0.00041984299999953123 260
0.00041989999999980654 259
0.00041995700000008185 258
0.000420013999999469 257
0.0004200709999997443 256
0.0004201280000000196 255
0.00042018499999940673 254
0.00042024199999968204 253
0.00042029899999995735 252
0.0004203559999993445 251
0.0004204129999996198 250
0.0004204699999998951 249
0.0004205269999992822 248
0.00042058399999955753 247
0.00042064099999983284 246
0.00042069800000010815 245
0.0004207549999994953 244
0.0004208119999997706 243
0.0004208690000000459 242
0.00042092599999943303 241
0.00042098299999970834 240
0.00042103999999998365 239
0.0004210969999993708 238
0.0004211539999996461 237
0.0004212109999999214 236
0.00042126799999930853 235
0.00042132499999958384 234
0.00042138199999985915 233
0.00042143900000013446 232
0.0004214959999995216 231
0.0004215529999997969 230
0.0004216100000000722 229
0.00042166699999945934 228
0.00042172399999973464 227
0.00042178100000000995 226
0.0004218379999993971 225
0.0004218949999996724 224
0.0004219519999999477 223
0.00042200899999933483 222
0.00042206599999961014 221
0.00042212299999988545 220
0.00042218000000016076 219
0.0004222369999995479 218
0.0004222939999998232 217
0.0004223510000000985 216
0.00042240799999948564 215
0.00042246499999976095 214
0.00042252200000003626 213
0.0004225789999994234 212
0.0004226359999996987 211
0.000422692999999974 210
0.00042274999999936114 209
0.00042280699999963645 208
0.00042286399999991175 207
0.0004229209999992989 206
0.0004229779999995742 205
0.0004230349999998495 204
0.0004230920000001248 203
0.00042314899999951194 202
0.00042320599999978725 201
0.00042326300000006256 200
0.0004233199999994497 199
0.000423376999999725 198
0.0004234340000000003 197
0.00042349099999938744 196
0.00042354799999966275 195
0.00042360499999993806 194
0.0004236619999993252 193
0.0004237189999996005 192
0.0004237759999998758 191
0.0004238330000001511 190
0.00042388999999953825 189
0.00042394699999981356 188
0.00042400400000008887 187
0.000424060999999476 186
0.0004241179999997513 185
0.0004241750000000266 184
0.00042423199999941374 183
0.00042428899999968905 182
0.00042434599999996436 181
0.0004244029999993515 180
0.0004244599999996268 179
0.0004245169999999021 178
0.00042457399999928924 177
0.00042463099999956455 176
0.00042468799999983986 175
0.00042474500000011517 174
0.0004248019999995023 173
0.0004248589999997776 172
0.0004249160000000529 171
0.00042497299999944005 170
0.00042502999999971536 169
0.00042508699999999067 168
0.0004251439999993778 167
0.0004252009999996531 166
0.0004252579999999284 165
0.00042531499999931555 164
0.00042537199999959086 163
0.00042542899999986616 162
0.0004254860000001415 161
0.0004255429999995286 160
0.0004255999999998039 159
0.0004256570000000792 158
0.00042571399999946635 157
0.00042577099999974166 156
0.00042582800000001697 155
0.0004258849999994041 154
0.0004259419999996794 153
0.0004259989999999547 152
0.00042605599999934185 151
0.00042611299999961716 150
0.00042616999999989247 149
0.0004262269999992796 148
0.0004262839999995549 147
0.0004263409999998302 146
0.0004263980000001055 145
0.00042645499999949266 144
0.00042651199999976797 143
0.0004265690000000433 142
0.0004266259999994304 141
0.0004266829999997057 140
0.000426739999999981 139
0.00042679699999936815 138
0.00042685399999964346 137
0.00042691099999991877 136
0.0004269679999993059 135
0.0004270249999995812 134
0.0004270819999998565 133
0.00042713900000013183 132
0.00042719599999951896 131
0.00042725299999979427 130
0.0004273100000000696 129
0.0004273669999994567 128
0.000427423999999732 127
0.00042748100000000733 126
0.00042753799999939446 125
0.00042759499999966977 124
0.0004276519999999451 123
0.0004277089999993322 122
0.0004277659999996075 121
0.0004278229999998828 120
0.00042788000000015813 119
0.00042793699999954526 118
0.0004279939999998206 117
0.0004280510000000959 116
0.000428107999999483 115
0.0004281649999997583 114
0.00042822200000003363 113
0.00042827899999942076 112
0.00042833599999969607 111
0.0004283929999999714 110
0.0004284499999993585 109
0.0004285069999996338 108
0.00042856399999990913 107
0.00042862099999929626 106
0.00042867799999957157 105
0.0004287349999998469 104
0.0004287920000001222 103
0.0004288489999995093 102
0.0004289059999997846 101
0.00042896300000005994 100
0.00042901999999944707 99
0.0004290769999997224 98
0.0004291339999999977 97
0.0004291909999993848 96
0.0004292479999996601 95
0.00042930499999993543 94
0.00042936199999932256 93
0.00042941899999959787 92
0.0004294759999998732 91
0.0004295330000001485 90
0.0004295899999995356 89
0.00042964699999981093 88
0.00042970400000008624 87
0.00042976099999947337 86
0.0004298179999997487 85
0.000429875000000024 84
0.0004299319999994111 83
0.00042998899999968643 82
0.00043004599999996174 81
0.00043010299999934887 80
0.0004301599999996242 79
0.0004302169999998995 78
0.0004302739999992866 77
0.0004303309999995619 76
0.00043038799999983723 75
0.00043044500000011254 74
0.0004305019999994997 73
0.000430558999999775 72
0.0004306160000000503 71
0.0004306729999994374 70
0.00043072999999971273 69
0.00043078699999998804 68
0.00043084399999937517 67
0.0004309009999996505 66
0.0004309579999999258 65
0.0004310149999993129 64
0.00043107199999958823 63
0.00043112899999986354 62
0.00043118600000013885 61
0.000431242999999526 60
0.0004312999999998013 59
0.0004313570000000766 58
0.0004314139999994637 57
0.00043147099999973904 56
0.00043152800000001434 55
0.0004315849999994015 54
0.0004316419999996768 53
0.0004316989999999521 52
0.0004317559999993392 51
0.00043181299999961453 50
0.00043186999999988984 49
0.00043192700000016515 48
0.0004319839999995523 47
0.0004320409999998276 46
0.0004320980000001029 45
0.00043215499999949003 44
0.00043221199999976534 43
0.00043226900000004065 42
0.0004323259999994278 41
0.0004323829999997031 40
0.0004324399999999784 39
0.00043249699999936553 38
0.00043255399999964084 37
0.00043261099999991615 36
0.0004326679999993033 35
0.0004327249999995786 34
0.0004327819999998539 33
0.0004328390000001292 32
0.00043289599999951633 31
0.00043295299999979164 30
0.00043301000000006695 29
0.0004330669999994541 28
0.0004331239999997294 27
0.0004331810000000047 26
0.00043323799999939183 25
0.00043329499999966714 24
0.00043335199999994245 23
0.0004334089999993296 22
0.0004334659999996049 21
0.0004335229999998802 20
0.0004335800000001555 19
0.00043363699999954264 18
0.00043369399999981795 17
0.00043375100000009326 16
0.0004338079999994804 15
0.0004338649999997557 14
0.000433922000000031 13
0.00043397899999941814 12
0.00043403599999969344 11
0.00043409299999996875 10
0.0004341499999993559 9
0.0004342069999996312 8
0.0004342639999999065 7
0.00043432099999929363 6
0.00043437799999956894 5
0.00043443499999984425 4
0.00043449200000011956 3
0.0004345489999995067 2
0.000434605999999782 1
0.0004346630000000573 0
0.000435376999999626 0