time length
0.0 0
2.064999999440431e-06 1
2.064999999440431e-06 0
2.099999999671809e-06 1
2.099999999671809e-06 0
2.2099999998914654e-06 1
2.2099999998914654e-06 0
2.389999999685699e-06 1
2.389999999685699e-06 0
2.5249999993093297e-06 1
2.5249999993093297e-06 0
2.7199999994564905e-06 1
2.7199999994564905e-06 0
2.81499999932322e-06 1
2.81499999932322e-06 0
3.1350000000429645e-06 1
3.1350000000429645e-06 0
3.184999999739091e-06 1
3.184999999739091e-06 0
3.214999999556767e-06 1
3.214999999556767e-06 0
3.2169999997222476e-06 1
3.2169999997222476e-06 0
3.254999999313668e-06 1
3.254999999313668e-06 0
3.326999999941904e-06 1
3.3390000000466102e-06 0
3.836999999506929e-06 1
3.836999999506929e-06 0
3.865000000047303e-06 1
3.865000000047303e-06 0
3.969999999853258e-06 1
3.969999999853258e-06 0
4.30199999978953e-06 1
4.30199999978953e-06 0
4.33899999929821e-06 1
4.33899999929821e-06 0
4.343999999711912e-06 1
4.383999999468813e-06 2
4.403999999347263e-06 3
4.419999999782931e-06 4
4.421999999948412e-06 3
4.425999999391195e-06 2
4.429999999722156e-06 1
4.434000000053118e-06 0
4.458999999457092e-06 1
4.458999999457092e-06 0
4.539999999941813e-06 1
4.539999999941813e-06 0
4.553999999323821e-06 1
4.553999999323821e-06 0
4.5639999992630464e-06 1
4.5639999992630464e-06 0
4.568999999676748e-06 1
4.568999999676748e-06 0
4.593999999968901e-06 1
4.593999999968901e-06 0
4.603999999908126e-06 1
4.603999999908126e-06 0
4.6419999994995464e-06 1
4.6419999994995464e-06 0
4.643999999665027e-06 1
4.643999999665027e-06 0
4.649999999273291e-06 1
4.693999999361154e-06 2
4.734000000006233e-06 3
4.748999999470982e-06 4
4.758999999410207e-06 5
4.761999999658428e-06 4
4.76599999998939e-06 3
4.769999999432173e-06 2
4.773999999763134e-06 1
4.7779999992059174e-06 0
4.814999999602776e-06 1
4.814999999602776e-06 0
4.878999999569089e-06 1
4.878999999569089e-06 0
4.929999999347956e-06 1
4.929999999347956e-06 0
4.931999999513437e-06 1
4.931999999513437e-06 0
4.993999999314269e-06 1
4.993999999314269e-06 0
5.079999999324514e-06 1
5.079999999324514e-06 0
5.0939999995947005e-06 1
5.0939999995947005e-06 0
5.118999999886853e-06 1
5.118999999886853e-06 0
5.263999999449709e-06 1
5.263999999449709e-06 0
5.269999999946151e-06 1
5.269999999946151e-06 0
5.273999999388934e-06 1
5.273999999388934e-06 0
5.279999999885376e-06 1
5.279999999885376e-06 0
5.3319999997469836e-06 1
5.3319999997469836e-06 0
5.334999999995205e-06 1
5.334999999995205e-06 0
5.34399999985169e-06 1
5.4189999998399685e-06 2
5.428999999779194e-06 3
5.4519999999058655e-06 2
5.4559999993486485e-06 1
5.45999999967961e-06 0
5.47899999947532e-06 1
5.47899999947532e-06 0
5.4849999999717625e-06 1
5.4849999999717625e-06 0
5.518999999232221e-06 1
5.518999999232221e-06 0
5.596999999468721e-06 1
5.596999999468721e-06 0
5.649999999413069e-06 1
5.649999999413069e-06 0
5.654999999826771e-06 1
5.6569999999922516e-06 2
5.6579999991868135e-06 3
5.693999999500932e-06 4
5.728999999732309e-06 5
5.72999999981505e-06 6
5.758999999549985e-06 5
5.7599999996327256e-06 6
5.760999999715466e-06 7
5.762999999880947e-06 6
5.76699999932373e-06 5
5.769999999571951e-06 6
5.808999999246112e-06 7
5.809999999328852e-06 8
5.872000000017863e-06 9
5.886999999482612e-06 8
5.889999999730833e-06 9
5.890999999813573e-06 8
5.894999999256356e-06 7
5.901999999835539e-06 8
5.902999999918279e-06 9
5.932999999735955e-06 10
5.933999999818695e-06 11
5.963999999636371e-06 12
6.014999999415238e-06 11
6.0189999997462e-06 10
6.01999999982894e-06 11
6.046999999398395e-06 12
6.053999999977577e-06 13
6.054999999172139e-06 14
6.073999999856028e-06 15
6.1099999992819676e-06 16
6.1389999999050815e-06 15
6.141999999265124e-06 16
6.1429999993478646e-06 15
6.146999999678826e-06 14
6.148999999844307e-06 15
6.1510000000097875e-06 14
6.154999999452571e-06 13
6.164999999391796e-06 14
6.181999999910204e-06 15
6.188999999601208e-06 16
6.24899999923656e-06 17
6.258999999175785e-06 18
6.2749999996114525e-06 17
6.32699999947306e-06 18
6.3279999995558e-06 19
6.3289999996385404e-06 20
6.329999999721281e-06 21
6.338999999577766e-06 22
6.348999999516991e-06 23
6.38699999999659e-06 24
6.394999999770334e-06 23
6.396999999935815e-06 24
6.448999999797422e-06 25
6.449999999880163e-06 26
6.450999999962903e-06 27
6.4520000000456434e-06 28
6.4649999993449114e-06 29
6.474999999284137e-06 30
6.506999999267293e-06 31
6.514999999929216e-06 30
6.518999999371999e-06 29
6.559000000017079e-06 30
6.584999999503793e-06 31
6.588999999834755e-06 32
6.589999999917495e-06 33
6.593999999360278e-06 34
6.622999999983392e-06 35
6.623999999177954e-06 36
6.627999999508916e-06 37
6.6329999999226175e-06 38
6.637999999448141e-06 39
6.638999999530881e-06 38
6.642999999861843e-06 39
6.642999999861843e-06 38
6.646999999304626e-06 37
6.647999999387366e-06 38
6.650999999635587e-06 37
6.652999999801068e-06 38
6.6579999993265915e-06 39
6.662999999740293e-06 40
6.667999999265817e-06 41
6.672999999679519e-06 42
6.673999999762259e-06 43
6.677999999205042e-06 44
6.682999999618744e-06 45
6.688000000032446e-06 46
6.692999999557969e-06 47
6.697999999971671e-06 48
6.7029999994971945e-06 49
6.707999999910896e-06 50
6.71299999943642e-06 51
6.717999999850122e-06 52
6.722999999375645e-06 53
6.7569999995242824e-06 54
6.757999999607023e-06 55
6.758999999689763e-06 56
6.7599999997725035e-06 57
6.770999999794469e-06 56
6.789999999590179e-06 57
6.79099999967292e-06 58
6.79199999975566e-06 59
6.7929999998384005e-06 60
6.793999999921141e-06 61
6.823999999738817e-06 62
6.824999999821557e-06 63
6.8259999999042975e-06 64
6.826999999987038e-06 65
6.8279999991816e-06 66
6.82899999926434e-06 67
6.8299999993470806e-06 68
6.873999999434943e-06 69
6.874999999517684e-06 70
6.890999999953351e-06 69
6.894999999396134e-06 68
6.898999999727096e-06 67
6.902999999169879e-06 66
6.9049999993353595e-06 67
6.9059999994181e-06 68
6.90699999950084e-06 69
6.9079999995835806e-06 70
6.908999999666321e-06 71
6.909999999749061e-06 72
6.926999999379291e-06 73
6.931999999792993e-06 74
6.939999999566737e-06 75
6.9409999996494776e-06 76
6.941999999732218e-06 77
6.942999999814958e-06 78
6.972999999632634e-06 79
6.9739999997153745e-06 80
6.974999999798115e-06 81
7.004999999615791e-06 82
7.005999999698531e-06 83
7.0069999997812715e-06 84
7.007999999864012e-06 85
7.008999999946752e-06 86
7.010000000029493e-06 87
7.022999999328761e-06 86
7.026999999659722e-06 85
7.030999999990684e-06 84
7.0399999998471685e-06 85
7.040999999929909e-06 86
7.042000000012649e-06 87
7.042999999207211e-06 88
7.0439999992899516e-06 89
7.044999999372692e-06 90
7.045999999455432e-06 91
7.046999999538173e-06 92
7.047999999620913e-06 93
7.0489999997036534e-06 94
7.049999999786394e-06 95
7.055999999394658e-06 96
7.07999999960407e-06 97
7.08099999968681e-06 98
7.08199999976955e-06 99
7.082999999852291e-06 100
7.086999999295074e-06 101
7.112999999669967e-06 102
7.113999999752707e-06 103
7.136999999879379e-06 104
7.143999999570383e-06 105
7.144999999653123e-06 106
7.145999999735864e-06 107
7.146999999818604e-06 108
7.147999999901344e-06 109
7.150999999261387e-06 108
7.1549999995923486e-06 107
7.15899999992331e-06 106
7.162999999366093e-06 105
7.17799999971902e-06 106
7.178999999801761e-06 107
7.1969999995147305e-06 108
7.2089999996194365e-06 109
7.209999999702177e-06 110
7.210999999784917e-06 111
7.211999999867658e-06 112
7.212999999950398e-06 113
7.214000000033138e-06 114
7.2149999992277e-06 115
7.215999999310441e-06 116
7.216999999393181e-06 117
7.217999999475921e-06 118
7.247999999293597e-06 119
7.2779999999994516e-06 120
7.2789999991940135e-06 121
7.279999999276754e-06 122
7.282999999524975e-06 121
7.2869999998559365e-06 120
7.2909999992987196e-06 119
7.294999999629681e-06 118
7.2989999999606425e-06 117
7.302999999403426e-06 116
7.309999999982608e-06 117
7.31099999917717e-06 118
7.3119999992599105e-06 119
7.312999999342651e-06 120
7.313999999425391e-06 121
7.314999999508132e-06 122
7.315999999590872e-06 123
7.316999999673612e-06 124
7.317999999756353e-06 125
7.347999999574029e-06 126
7.348999999656769e-06 127
7.349999999739509e-06 128
7.35099999982225e-06 129
7.380999999639926e-06 130
7.381999999722666e-06 131
7.382999999805406e-06 132
7.383999999888147e-06 133
7.384999999970887e-06 134
7.3860000000536274e-06 135
7.386999999248189e-06 136
7.416999999954044e-06 137
7.4229999995623075e-06 136
7.4469999997717196e-06 137
7.44799999985446e-06 138
7.4489999999372e-06 139
7.450000000019941e-06 140
7.450999999214503e-06 141
7.451999999297243e-06 142
7.452999999379983e-06 143
7.453999999462724e-06 144
7.454999999545464e-06 145
7.4559999996282045e-06 146
7.456999999710945e-06 147
7.457999999793685e-06 148
7.458999999876426e-06 149
7.459999999959166e-06 150
7.461000000041906e-06 151
7.461999999236468e-06 152
7.462999999319209e-06 153
7.463999999401949e-06 154
7.464999999484689e-06 155
7.46599999956743e-06 156
7.495999999385106e-06 157
7.5259999992027815e-06 158
7.542999999721189e-06 157
7.555999999908636e-06 158
7.556999999991376e-06 159
7.557999999185938e-06 160
7.5589999992686785e-06 161
7.559999999351419e-06 162
7.560999999434159e-06 163
7.5619999995169e-06 164
7.56299999959964e-06 165
7.592999999417316e-06 166
7.593999999500056e-06 167
7.594999999582797e-06 168
7.595999999665537e-06 169
7.625999999483213e-06 170
7.655999999300889e-06 171
7.656999999383629e-06 172
7.656999999383629e-06 173
7.65799999946637e-06 174
7.65899999954911e-06 175
7.65999999963185e-06 176
7.66099999971459e-06 177
7.661999999797331e-06 178
7.662999999880071e-06 179
7.662999999880071e-06 178
7.663999999962812e-06 179
7.665000000045552e-06 180
7.665999999240114e-06 181
7.666999999322854e-06 182
7.666999999322854e-06 181
7.667999999405595e-06 182
7.668999999488335e-06 183
7.670999999653816e-06 182
7.698999999306011e-06 183
7.729000000011865e-06 184
7.729999999206427e-06 185
7.730999999289168e-06 186
7.731999999371908e-06 187
7.732999999454648e-06 188
7.762999999272324e-06 189
7.766999999603286e-06 190
7.790999999812698e-06 189
7.792999999978178e-06 190
7.79399999917274e-06 191
7.79499999925548e-06 192
7.79499999925548e-06 191
7.795999999338221e-06 192
7.798999999586442e-06 191
7.826000000044075e-06 192
7.826999999238637e-06 193
7.827999999321378e-06 194
7.828999999404118e-06 195
7.858999999221794e-06 196
7.859999999304534e-06 197
7.890000000010389e-06 198
7.89099999920495e-06 199
7.891999999287691e-06 200
7.892999999370431e-06 201
7.893999999453172e-06 202
7.894999999535912e-06 203
7.895999999618653e-06 204
7.918999999745324e-06 203
7.925999999436328e-06 204
7.926999999519069e-06 205
7.927999999601809e-06 206
7.92899999968455e-06 207
7.92999999976729e-06 208
7.93099999985003e-06 209
7.93199999993277e-06 210
7.933000000015511e-06 211
7.933999999210073e-06 212
7.934999999292813e-06 213
7.935999999375554e-06 214
7.936999999458294e-06 215
7.937999999541034e-06 216
7.96799999935871e-06 217
7.96899999944145e-06 218
7.969999999524191e-06 219
7.970999999606931e-06 220
7.971999999689672e-06 221
7.972999999772412e-06 222
7.973999999855153e-06 223
7.974999999937893e-06 224
7.976000000020633e-06 225
7.976999999215195e-06 226
7.977999999297936e-06 227
7.978999999380676e-06 228
7.981999999628897e-06 229
8.008999999198352e-06 230
8.009999999281092e-06 231
8.010999999363833e-06 232
8.011999999446573e-06 233
8.038999999904206e-06 232
8.041999999264249e-06 233
8.071999999970103e-06 234
8.073000000052843e-06 235
8.073999999247405e-06 236
8.074999999330146e-06 237
8.075999999412886e-06 238
8.105999999230562e-06 239
8.135999999936416e-06 240
8.137000000019157e-06 241
8.137999999213719e-06 242
8.138999999296459e-06 243
8.1399999993792e-06 244
8.14099999946194e-06 245
8.15899999917491e-06 244
8.170999999279616e-06 245
8.171999999362356e-06 246
8.172999999445096e-06 247
8.173999999527837e-06 248
8.174999999610577e-06 249
8.175999999693317e-06 250
8.205999999510993e-06 251
8.206999999593734e-06 252
8.23699999941141e-06 253
8.23799999949415e-06 254
8.267999999311826e-06 255
8.268999999394566e-06 256
8.269999999477307e-06 257
8.270999999560047e-06 258
8.271999999642787e-06 259
8.272999999725528e-06 260
8.273999999808268e-06 261
8.274999999891008e-06 262
8.275999999973749e-06 263
8.278999999333791e-06 262
8.281999999582013e-06 263
8.282999999664753e-06 262
8.286999999995714e-06 261
8.290999999438498e-06 260
8.294999999769459e-06 259
8.298999999212242e-06 258
8.302999999543204e-06 257
8.305999999791425e-06 258
8.306999999874165e-06 257
8.310999999316948e-06 256
8.31499999964791e-06 255
8.318999999978871e-06 254
8.322999999421654e-06 253
8.326999999752616e-06 252
8.330999999195399e-06 251
8.33499999952636e-06 250
8.3359999996091e-06 251
8.338999999857322e-06 250
8.342999999300105e-06 249
8.346999999631066e-06 248
8.350999999962028e-06 247
8.35499999940481e-06 246
8.358999999735772e-06 245
8.362999999178555e-06 244
8.365999999426776e-06 245
8.366999999509517e-06 244
8.370999999840478e-06 243
8.374999999283261e-06 242
8.378999999614223e-06 241
8.395999999244452e-06 242
8.425999999950307e-06 243
8.427000000033047e-06 244
8.456999999850723e-06 245
8.457999999933463e-06 246
8.459000000016204e-06 247
8.459999999210766e-06 248
8.460999999293506e-06 249
8.461999999376246e-06 250
8.462999999458987e-06 251
8.463999999541727e-06 252
8.493999999359403e-06 253
8.498999999773105e-06 252
8.502999999215888e-06 251
8.50699999954685e-06 250
8.51099999987781e-06 249
8.523999999177079e-06 250
8.536999999364525e-06 251
8.553999999882933e-06 252
8.554999999965673e-06 253
8.556000000048414e-06 254
8.556999999242976e-06 255
8.557999999325716e-06 256
8.558999999408456e-06 257
8.559999999491197e-06 258
8.560999999573937e-06 259
8.561999999656678e-06 260
8.562999999739418e-06 261
8.563999999822158e-06 262
8.564999999904899e-06 263
8.591999999474353e-06 264
8.594999999722575e-06 265
8.601999999413579e-06 266
8.62499999954025e-06 267
8.631000000036693e-06 266
8.634999999479476e-06 265
8.638999999810437e-06 264
8.64299999925322e-06 263
8.646999999584182e-06 262
8.654999999357926e-06 263
8.655999999440667e-06 264
8.656999999523407e-06 265
8.657999999606147e-06 266
8.658999999688888e-06 267
8.688999999506564e-06 268
8.689999999589304e-06 269
8.71999999940698e-06 270
8.72099999948972e-06 271
8.72199999957246e-06 272
8.722999999655201e-06 273
8.752999999472877e-06 274
8.753999999555617e-06 275
8.754999999638358e-06 276
8.755999999721098e-06 277
8.756999999803838e-06 278
8.757999999886579e-06 279
8.766999999743064e-06 280
8.766999999743064e-06 279
8.770999999185847e-06 278
8.771999999268587e-06 279
8.774999999516808e-06 278
8.77899999984777e-06 277
8.782999999290553e-06 276
8.786999999621514e-06 275
8.787999999704255e-06 276
8.788999999786995e-06 277
8.789999999869735e-06 278
8.790999999952476e-06 279
8.790999999952476e-06 278
8.792000000035216e-06 279
8.792999999229778e-06 280
8.822999999935632e-06 281
8.852999999753308e-06 282
8.853999999836049e-06 283
8.883999999653724e-06 284
8.91099999922318e-06 283
8.9139999994714e-06 284
8.91499999955414e-06 283
8.943999999289076e-06 284
8.944999999371817e-06 285
8.945999999454557e-06 286
8.975999999272233e-06 287
9.005999999978087e-06 288
9.006999999172649e-06 289
9.00799999925539e-06 290
9.00899999933813e-06 291
9.034999999713023e-06 290
9.039000000043984e-06 291
9.039000000043984e-06 290
9.039999999238546e-06 291
9.040999999321286e-06 292
9.042999999486767e-06 291
9.046999999817729e-06 290
9.050999999260512e-06 289
9.054999999591473e-06 288
9.07100000002714e-06 289
9.071999999221703e-06 290
9.072999999304443e-06 291
9.073999999387183e-06 292
9.10399999920486e-06 293
9.1049999992876e-06 294
9.10599999937034e-06 295
9.10699999945308e-06 296
9.10799999953582e-06 297
9.137999999353497e-06 298
9.138999999436237e-06 299
9.139999999518977e-06 300
9.140999999601718e-06 301
9.170999999419394e-06 302
9.171999999502134e-06 303
9.172999999584874e-06 304
9.173999999667615e-06 305
9.174999999750355e-06 306
9.174999999750355e-06 305
9.175999999833095e-06 306
9.176999999915836e-06 307
9.177999999998576e-06 308
9.178999999193138e-06 309
9.179999999275879e-06 310
9.209999999981733e-06 311
9.210999999176295e-06 312
9.211999999259035e-06 313
9.212999999341775e-06 314
9.213999999424516e-06 315
9.214999999507256e-06 316
9.215999999589997e-06 317
9.216999999672737e-06 318
9.246999999490413e-06 319
9.247999999573153e-06 320
9.248999999655894e-06 321
9.27899999947357e-06 322
9.294999999909237e-06 321
9.308999999291245e-06 322
9.309999999373986e-06 323
9.310999999456726e-06 324
9.311999999539466e-06 325
9.312999999622207e-06 326
9.313999999704947e-06 327
9.343999999522623e-06 328
9.373999999340299e-06 329
9.37499999942304e-06 330
9.37599999950578e-06 331
9.37699999958852e-06 332
9.406999999406196e-06 333
9.41499999917994e-06 332
9.418999999510902e-06 331
9.422999999841863e-06 330
9.426999999284646e-06 329
9.436999999223872e-06 330
9.437999999306612e-06 331
9.438999999389353e-06 332
9.439999999472093e-06 333
9.469999999289769e-06 334
9.499999999995623e-06 335
9.500999999190185e-06 336
9.501999999272925e-06 337
9.502999999355666e-06 338
9.503999999438406e-06 339
9.533999999256082e-06 340
9.546999999443528e-06 339
9.55099999977449e-06 338
9.554999999217273e-06 337
9.563999999961936e-06 338
9.565000000044677e-06 339
9.565999999239239e-06 340
9.566999999321979e-06 341
9.597000000027833e-06 342
9.626999999845509e-06 343
9.62799999992825e-06 344
9.657999999745925e-06 345
9.658999999828666e-06 346
9.674999999376155e-06 345
9.678999999707116e-06 344
9.683000000038078e-06 343
9.686999999480861e-06 342
9.688999999646342e-06 343
9.690999999811822e-06 342
9.694999999254605e-06 341
9.718999999464017e-06 342
9.719999999546758e-06 343
9.720999999629498e-06 344
9.750999999447174e-06 345
9.751999999529914e-06 346
9.752999999612655e-06 347
9.78299999943033e-06 348
9.812999999248007e-06 349
9.813999999330747e-06 350
9.814999999413487e-06 351
9.814999999413487e-06 350
9.815999999496228e-06 351
9.816999999578968e-06 352
9.817999999661708e-06 353
9.818999999744449e-06 354
9.818999999744449e-06 353
9.822999999187232e-06 352
9.826999999518193e-06 351
9.830999999849155e-06 350
9.834999999291938e-06 349
9.8389999996229e-06 348
9.842999999953861e-06 347
9.846999999396644e-06 346
9.848999999562125e-06 347
9.849999999644865e-06 348
9.850999999727605e-06 347
9.854999999170388e-06 346
9.879999999462541e-06 347
9.880999999545281e-06 348
9.881999999628022e-06 349
9.882999999710762e-06 350
9.883999999793502e-06 351
9.884999999876243e-06 352
9.885999999958983e-06 353
9.915999999776659e-06 354
9.945999999594335e-06 355
9.946999999677075e-06 356
9.947999999759816e-06 357
9.948999999842556e-06 358
9.951999999202599e-06 359
9.97499999932927e-06 358
9.978999999660232e-06 359
1.0008999999477908e-05 360
1.0009999999560648e-05 361
1.0010999999643388e-05 362
1.0040999999461064e-05 363
1.0041999999543805e-05 364
1.007199999936148e-05 365
1.0072999999444221e-05 366
1.0073999999526961e-05 367
1.0074999999609702e-05 368
1.0094999999488152e-05 367
1.0098999999819114e-05 366
1.0102999999261897e-05 365
1.0104999999427378e-05 366
1.0105999999510118e-05 367
1.0106999999592858e-05 368
1.0106999999592858e-05 367
1.0107999999675599e-05 368
1.0108999999758339e-05 369
1.0138999999576015e-05 370
1.016899999939369e-05 371
1.0169999999476431e-05 372
1.0170999999559172e-05 373
1.0171999999641912e-05 374
1.0201999999459588e-05 375
1.022699999975174e-05 376
1.022699999975174e-05 375
1.0231999999277264e-05 376
1.0232999999360004e-05 377
1.0233999999442744e-05 378
1.026399999926042e-05 379
1.0293999999966275e-05 380
1.0295000000049015e-05 381
1.032499999986669e-05 382
1.0325999999949431e-05 383
1.0327000000032172e-05 384
1.0346999999910622e-05 383
1.0350999999353405e-05 382
1.0356999999849847e-05 383
1.0357999999932588e-05 384
1.0359000000015328e-05 385
1.0388999999833004e-05 386
1.0389999999915744e-05 387
1.0390999999998485e-05 388
1.0391999999193047e-05 389
1.0392999999275787e-05 390
1.0422999999981641e-05 391
1.0423999999176203e-05 392
1.0446999999302875e-05 393
1.0453999999882058e-05 394
1.0454999999964798e-05 395
1.0456000000047538e-05 396
1.04569999992421e-05 397
1.045799999932484e-05 398
1.0470999999512287e-05 397
1.0488000000030695e-05 398
1.0488999999225257e-05 399
1.0518999999931111e-05 400
1.0548999999748787e-05 401
1.0578999999566463e-05 402
1.0590999999671169e-05 401
1.059500000000213e-05 400
1.0598999999444914e-05 399
1.0602999999775875e-05 398
1.0606999999218658e-05 397
1.0608999999384139e-05 398
1.060999999946688e-05 399
1.061099999954962e-05 400
1.061199999963236e-05 401
1.06129999997151e-05 402
1.061399999979784e-05 403
1.0643999999615517e-05 404
1.0644999999698257e-05 405
1.0645999999780997e-05 406
1.0675999999598673e-05 407
1.0676999999681414e-05 408
1.0677999999764154e-05 409
1.0678999999846894e-05 410
1.0686999999620639e-05 411
1.070899999966457e-05 412
1.072699999937754e-05 411
1.0730999999708501e-05 410
1.0738999999482246e-05 411
1.0739999999564986e-05 412
1.0769999999382662e-05 413
1.0799999999200338e-05 414
1.0800999999283079e-05 415
1.0801999999365819e-05 416
1.080299999944856e-05 417
1.08039999995313e-05 418
1.0833999999348976e-05 419
1.0850999999867383e-05 418
1.086400000005483e-05 419
1.0864999999249392e-05 420
1.0865999999332132e-05 421
1.0866999999414872e-05 422
1.0867999999497613e-05 423
1.0868999999580353e-05 424
1.0869999999663094e-05 425
1.0870999999745834e-05 426
1.0871999999828574e-05 427
1.0872999999911315e-05 428
1.0873999999994055e-05 429
1.0874999999188617e-05 430
1.0875999999271357e-05 431
1.0876999999354098e-05 432
1.0877999999436838e-05 433
1.0878999999519579e-05 434
1.0879999999602319e-05 435
1.0909999999419995e-05 436
1.093999999923767e-05 437
1.0940999999320411e-05 438
1.0971000000026265e-05 439
1.0971000000026265e-05 438
1.0971999999220827e-05 439
1.0972999999303568e-05 440
1.0974999999469048e-05 439
1.097899999980001e-05 438
1.0982999999242793e-05 437
1.0986999999573754e-05 436
1.0990999999904716e-05 435
1.0994999999347499e-05 434
1.099899999967846e-05 433
1.1003000000009422e-05 434
1.1003000000009422e-05 433
1.1003999999203984e-05 434
1.1004999999286724e-05 435
1.1005999999369465e-05 436
1.1006999999452205e-05 435
1.103599999918714e-05 436
1.1065999999892995e-05 437
1.1066999999975735e-05 438
1.1096999999793411e-05 439
1.1097999999876151e-05 440
1.1098999999958892e-05 441
1.1126999999611087e-05 440
1.1128999999776568e-05 441
1.1158999999594243e-05 442
1.1159999999676984e-05 443
1.118999999949466e-05 444
1.11909999995774e-05 445
1.119199999966014e-05 446
1.119299999974288e-05 447
1.1222999999560557e-05 448
1.1223999999643297e-05 449
1.1224999999726037e-05 450
1.1225999999808778e-05 451
1.1226999999891518e-05 452
1.1227999999974259e-05 453
1.1246999999769969e-05 452
1.1250999999212752e-05 451
1.1254999999543713e-05 450
1.1257999999791934e-05 451
1.1258999999874675e-05 452
1.1259999999957415e-05 453
1.1289999999775091e-05 454
1.1290999999857831e-05 455
1.1320999999675507e-05 456
1.1321999999758248e-05 457
1.1322999999840988e-05 458
1.1323999999923728e-05 459
1.1325000000006469e-05 460
1.132599999920103e-05 461
1.1355999999906885e-05 462
1.1356999999989625e-05 463
1.1357999999184187e-05 464
1.1374999999702595e-05 463
1.1379000000033557e-05 462
1.138299999947634e-05 461
1.1386999999807301e-05 460
1.1387999999890042e-05 461
1.1390999999250084e-05 460
1.1394999999581046e-05 459
1.1398999999912007e-05 458
1.140299999935479e-05 457
1.1406999999685752e-05 456
1.1417999999707718e-05 457
1.1418999999790458e-05 458
1.1448999999608134e-05 459
1.1449999999690874e-05 460
1.1450999999773614e-05 461
1.148099999959129e-05 462
1.148199999967403e-05 463
1.1482999999756771e-05 464
1.1483999999839511e-05 465
1.1484999999922252e-05 466
1.1514999999739928e-05 467
1.1515999999822668e-05 468
1.1516999999905408e-05 469
1.1526999999844634e-05 468
1.1530999999287417e-05 467
1.1534999999618378e-05 466
1.153899999994934e-05 465
1.1546999999723084e-05 466
1.157699999954076e-05 467
1.15779999996235e-05 468
1.1578999999706241e-05 469
1.1579999999788981e-05 470
1.1580999999871722e-05 471
1.1610999999689398e-05 472
1.1640999999507073e-05 473
1.1658999999220043e-05 472
1.1662999999551005e-05 471
1.1666999999881966e-05 470
1.167099999932475e-05 471
1.167099999932475e-05 470
1.167199999940749e-05 471
1.167299999949023e-05 472
1.167399999957297e-05 473
1.167499999965571e-05 472
1.1678999999986672e-05 471
1.1682999999429455e-05 470
1.1703999999390646e-05 471
1.1704999999473387e-05 472
1.1705999999556127e-05 473
1.1735999999373803e-05 474
1.1736999999456543e-05 475
1.1737999999539284e-05 476
1.176799999935696e-05 477
1.1797999999174635e-05 478
1.1798999999257376e-05 479
1.1802999999588337e-05 478
1.182899999996323e-05 479
1.183000000004597e-05 480
1.1830999999240532e-05 481
1.1831999999323273e-05 482
1.1862000000029127e-05 483
1.1891999999846803e-05 484
1.1892999999929543e-05 485
1.1894000000012284e-05 486
1.1922999999747219e-05 485
1.192399999982996e-05 486
1.1926999999190002e-05 485
1.1930999999520964e-05 484
1.1934999999851925e-05 483
1.1938999999294708e-05 482
1.194299999962567e-05 481
1.1946999999956631e-05 480
1.1950999999399414e-05 479
1.1953999999647635e-05 480
1.1954999999730376e-05 481
1.1954999999730376e-05 480
1.1958999999173159e-05 479
1.196299999950412e-05 478
1.1966999999835082e-05 477
1.1970999999277865e-05 476
1.1974999999608826e-05 475
1.1978999999939788e-05 474
1.1982999999382571e-05 473
1.1984999999548052e-05 474
1.1986999999713532e-05 473
1.1991000000044494e-05 472
1.1994999999487277e-05 471
1.1998999999818238e-05 470
1.2014999999365727e-05 471
1.2015999999448468e-05 472
1.2016999999531208e-05 473
1.2046999999348884e-05 474
1.2047999999431624e-05 475
1.20779999992493e-05 476
1.2107999999955155e-05 477
1.211899999997712e-05 476
1.213799999977283e-05 477
1.2138999999855571e-05 478
1.2139999999938311e-05 479
1.2169999999755987e-05 480
1.2199999999573663e-05 481
1.2200999999656403e-05 482
1.2201999999739144e-05 483
1.2202999999821884e-05 484
1.223299999963956e-05 485
1.2238999999247824e-05 484
1.2262999999457236e-05 485
1.2292999999274912e-05 486
1.2293999999357652e-05 487
1.2323999999175328e-05 488
1.2353999999881182e-05 489
1.2354999999963923e-05 490
1.2358999999406706e-05 489
1.2362999999737667e-05 488
1.236699999918045e-05 487
1.2370999999511412e-05 486
1.2374999999842373e-05 485
1.2378999999285156e-05 484
1.2382999999616118e-05 483
1.2384999999781598e-05 484
1.238699999994708e-05 483
1.2414999999599274e-05 484
1.244499999941695e-05 485
1.244599999949969e-05 486
1.2446999999582431e-05 487
1.2447999999665171e-05 488
1.2448999999747912e-05 489
1.2478999999565588e-05 490
1.2479999999648328e-05 491
1.2480999999731068e-05 492
1.2506999999217783e-05 491
1.2510999999548744e-05 492
1.2510999999548744e-05 491
1.2514999999879706e-05 490
1.2518999999322489e-05 489
1.254099999936642e-05 490
1.2570999999184096e-05 491
1.2571999999266836e-05 492
1.2572999999349577e-05 493
1.2573999999432317e-05 494
1.2603999999249993e-05 495
1.2633999999955847e-05 496
1.2635000000038588e-05 497
1.263899999948137e-05 496
1.2664999999856263e-05 497
1.2665999999939004e-05 498
1.2667000000021744e-05 499
1.269699999983942e-05 500
1.2726999999657096e-05 501
1.2727999999739836e-05 502
1.2757999999557512e-05 503
1.2758999999640253e-05 502
1.2787999999375188e-05 503
1.2817999999192864e-05 504
1.2847999999898718e-05 505
1.2877999999716394e-05 506
1.2878999999799134e-05 507
1.2878999999799134e-05 506
1.2879999999881875e-05 507
1.2882999999241918e-05 506
1.2886999999572879e-05 505
1.289099999990384e-05 504
1.2894999999346624e-05 503
1.2898999999677585e-05 502
1.2903000000008547e-05 501
1.290699999945133e-05 500
1.290999999969955e-05 501
1.2910999999782291e-05 502
1.2910999999782291e-05 501
1.2911999999865031e-05 502
1.2914999999225074e-05 501
1.2918999999556036e-05 500
1.2922999999886997e-05 499
1.292699999932978e-05 498
1.2930999999660742e-05 497
1.2941999999682707e-05 498
1.2971999999500383e-05 499
1.3001999999318059e-05 500
1.30029999994008e-05 501
1.300399999948354e-05 502
1.300499999956628e-05 503
1.3034999999383956e-05 504
1.3035999999466696e-05 505
1.3050999999819624e-05 504
1.3065999999284372e-05 505
1.3095999999990227e-05 506
1.3096999999184789e-05 507
1.3097999999267529e-05 508
1.309899999935027e-05 509
1.3129000000056124e-05 510
1.3129999999250686e-05 511
1.3130999999333426e-05 512
1.3131999999416166e-05 513
1.3132999999498907e-05 514
1.3162999999316582e-05 515
1.3170999999978505e-05 514
1.3174999999421289e-05 513
1.317899999975225e-05 512
1.3182999999195033e-05 511
1.3186999999525995e-05 510
1.3193000000022437e-05 511
1.3222999999840113e-05 512
1.3223999999922853e-05 513
1.3225000000005593e-05 514
1.325499999982327e-05 515
1.325599999990601e-05 516
1.325699999998875e-05 517
1.3286999999806426e-05 518
1.3306999999684876e-05 517
1.3316999999624102e-05 518
1.3317999999706842e-05 519
1.3318999999789582e-05 520
1.3319999999872323e-05 521
1.3342999999998995e-05 522
1.3349999999689999e-05 523
1.3350999999772739e-05 524
1.335199999985548e-05 525
1.335299999993822e-05 526
1.335400000002096e-05 527
1.3354999999215522e-05 528
1.3355999999298263e-05 529
1.3386000000004117e-05 530
1.3386999999198679e-05 531
1.3387999999281419e-05 532
1.338899999936416e-05 533
1.33899999994469e-05 534
1.3419999999264576e-05 535
1.3426999999843758e-05 534
1.344999999997043e-05 535
1.345100000005317e-05 536
1.3451999999247732e-05 537
1.3452999999330473e-05 538
1.3453999999413213e-05 539
1.3454999999495953e-05 540
1.3455999999578694e-05 541
1.348599999939637e-05 542
1.3515999999214046e-05 543
1.35459999999199e-05 544
1.354700000000264e-05 545
1.354700000000264e-05 544
1.3550999999445423e-05 543
1.3554999999776385e-05 542
1.3558999999219168e-05 541
1.3576999999820316e-05 542
1.358299999942858e-05 543
1.3606999999637992e-05 544
1.3607999999720732e-05 545
1.3608999999803473e-05 546
1.3638999999621149e-05 547
1.3668999999438824e-05 548
1.367899999937805e-05 547
1.3682999999709011e-05 546
1.3687000000039973e-05 545
1.3690999999482756e-05 544
1.36989999992565e-05 545
1.369999999933924e-05 546
1.3700999999421981e-05 547
1.3701999999504721e-05 548
1.3702999999587462e-05 549
1.3703999999670202e-05 550
1.3733999999487878e-05 551
1.3763999999305554e-05 552
1.3764999999388294e-05 553
1.379499999920597e-05 554
1.3810999999641638e-05 553
1.38149999999726e-05 552
1.3824999999911824e-05 553
1.3825999999994565e-05 554
1.385599999981224e-05 555
1.3885999999629917e-05 556
1.3886999999712657e-05 557
1.3916999999530333e-05 558
1.3917999999613073e-05 559
1.3918999999695814e-05 560
1.3919999999778554e-05 561
1.3920999999861294e-05 562
1.3921999999944035e-05 563
1.3934999999243303e-05 562
1.3938999999574264e-05 561
1.3942999999905226e-05 560
1.3946999999348009e-05 559
1.395099999967897e-05 558
1.395199999976171e-05 559
1.3952999999844451e-05 560
1.3953999999927191e-05 561
1.3955000000009932e-05 562
1.3955000000009932e-05 561
1.3958999999452715e-05 560
1.3984999999827608e-05 561
1.4014999999645283e-05 562
1.404499999946296e-05 563
1.40459999995457e-05 564
1.4075999999363376e-05 565
1.4076999999446116e-05 566
1.4078999999611597e-05 565
1.4082999999942558e-05 564
1.4086999999385341e-05 563
1.4090999999716303e-05 562
1.4095000000047264e-05 561
1.4098999999490047e-05 560
1.4102999999821009e-05 559
1.4106999999263792e-05 560
1.4106999999263792e-05 559
1.4107999999346532e-05 560
1.4110999999594753e-05 559
1.4114999999925715e-05 558
1.4118999999368498e-05 557
1.412299999969946e-05 556
1.412700000003042e-05 555
1.4138000000052386e-05 556
1.4167999999870062e-05 557
1.4168999999952803e-05 558
1.4198999999770479e-05 559
1.4228999999588154e-05 560
1.4229999999670895e-05 561
1.4230999999753635e-05 562
1.4246999999301124e-05 561
1.4250999999632086e-05 560
1.4254999999963047e-05 559
1.425899999940583e-05 558
1.4260999999571311e-05 559
1.4261999999654051e-05 560
1.4262999999736792e-05 561
1.4262999999736792e-05 560
1.4263999999819532e-05 561
1.4266999999179575e-05 560
1.4270999999510536e-05 559
1.4274999999841498e-05 558
1.4278999999284281e-05 557
1.4282999999615242e-05 556
1.4286999999946204e-05 555
1.4290999999388987e-05 554
1.4293999999637208e-05 555
1.4294999999719948e-05 556
1.4295999999802689e-05 557
1.4325999999620365e-05 558
1.4326999999703105e-05 559
1.4356999999520781e-05 560
1.4357999999603521e-05 561
1.4358999999686262e-05 562
1.4388999999503937e-05 563
1.4389999999586678e-05 564
1.4390999999669418e-05 565
1.4410999999547869e-05 564
1.4420999999487094e-05 565
1.445099999930477e-05 566
1.445199999938751e-05 567
1.445299999947025e-05 568
1.4482999999287927e-05 569
1.4483999999370667e-05 570
1.4484999999453407e-05 571
1.4514999999271083e-05 572
1.4515999999353824e-05 573
1.453099999970675e-05 572
1.4535000000037712e-05 571
1.4538999999480495e-05 570
1.4542999999811457e-05 569
1.45459999991715e-05 570
1.454699999925424e-05 571
1.4576999999960094e-05 572
1.4578000000042834e-05 573
1.4578999999237396e-05 574
1.4579999999320137e-05 575
1.4580999999402877e-05 576
1.4610999999220553e-05 577
1.4611999999303293e-05 578
1.4642000000009148e-05 579
1.4662999999970339e-05 578
1.4671999999826824e-05 579
1.47019999996445e-05 580
1.4731999999462175e-05 581
1.4761999999279851e-05 582
1.4762999999362592e-05 583
1.4763999999445332e-05 584
1.4764999999528072e-05 585
1.4782999999241042e-05 584
1.4786999999572004e-05 583
1.4790999999902965e-05 582
1.4794999999345748e-05 583
1.4794999999345748e-05 582
1.479899999967671e-05 581
1.4825000000051602e-05 582
1.4854999999869278e-05 583
1.4884999999686954e-05 584
1.4885999999769695e-05 585
1.4886999999852435e-05 586
1.491699999967011e-05 587
1.4918999999835592e-05 586
1.4946999999487787e-05 587
1.4947999999570527e-05 588
1.4948999999653267e-05 589
1.4949999999736008e-05 590
1.4950999999818748e-05 591
1.4951999999901489e-05 592
1.4981999999719164e-05 593
1.501199999953684e-05 594
1.501299999961958e-05 595
1.5038999999994473e-05 594
1.5042999999437257e-05 595
1.5042999999437257e-05 594
1.5043999999519997e-05 595
1.5046999999768218e-05 594
1.5050999999211001e-05 593
1.5054999999541963e-05 592
1.5058999999872924e-05 591
1.5073999999337673e-05 592
1.5074999999420413e-05 593
1.5075999999503154e-05 594
1.5076999999585894e-05 595
1.510699999940357e-05 596
1.510799999948631e-05 597
1.510899999956905e-05 598
1.5109999999651791e-05 599
1.5110999999734531e-05 600
1.5140999999552207e-05 601
1.5170999999369883e-05 602
1.5171999999452623e-05 603
1.5172999999535364e-05 604
1.5179000000031806e-05 603
1.5182999999474589e-05 602
1.518699999980555e-05 601
1.5190999999248334e-05 600
1.5194999999579295e-05 599
1.5198999999910257e-05 598
1.520299999935304e-05 599
1.520399999943578e-05 600
1.5233999999253456e-05 601
1.526399999995931e-05 602
1.526500000004205e-05 603
1.5294999999859726e-05 604
1.5295999999942467e-05 605
1.531899999918096e-05 604
1.532299999951192e-05 603
1.5325999999760143e-05 604
1.5326999999842883e-05 605
1.535699999966056e-05 606
1.53579999997433e-05 607
1.5387999999560975e-05 608
1.5388999999643715e-05 609
1.5389999999726456e-05 610
1.5390999999809196e-05 611
1.5391999999891937e-05 612
1.5392999999974677e-05 613
1.5406999999356685e-05 614
1.5422999999792353e-05 615
1.5442999999670803e-05 614
1.5447000000001765e-05 613
1.545299999961003e-05 614
1.5482999999427705e-05 615
1.5483999999510445e-05 616
1.5484999999593185e-05 617
1.551499999941086e-05 618
1.5544999999228537e-05 619
1.5545999999311277e-05 620
1.5546999999394018e-05 621
1.5547999999476758e-05 622
1.556699999927247e-05 621
1.557099999960343e-05 620
1.557499999993439e-05 619
1.5577999999294434e-05 620
1.5578999999377174e-05 621
1.5578999999377174e-05 620
1.5582999999708136e-05 619
1.5587000000039097e-05 618
1.559099999948188e-05 617
1.5594999999812842e-05 616
1.5598999999255625e-05 615
1.560899999919485e-05 616
1.5638999999900705e-05 617
1.5639999999983445e-05 618
1.5640999999178007e-05 619
1.567099999988386e-05 620
1.56719999999666e-05 621
1.5673000000049342e-05 622
1.5702999999867018e-05 623
1.5703999999949758e-05 624
1.5718999999414507e-05 623
1.5733999999767434e-05 624
1.5734999999850174e-05 625
1.576499999966785e-05 626
1.576599999975059e-05 627
1.5795999999568267e-05 628
1.5796999999651007e-05 629
1.5826999999468683e-05 630
1.5827999999551423e-05 631
1.5828999999634163e-05 632
1.583899999957339e-05 631
1.585899999945184e-05 632
1.5888999999269515e-05 633
1.591899999997537e-05 634
1.591999999916993e-05 635
1.5920999999252672e-05 636
1.5950999999958526e-05 637
1.5952000000041267e-05 638
1.595299999923583e-05 639
1.595399999931857e-05 640
1.595499999940131e-05 641
1.595599999948405e-05 642
1.595899999973227e-05 641
1.5985999999301725e-05 642
1.5986999999384466e-05 643
1.5987999999467206e-05 644
1.5988999999549947e-05 645
1.5989999999632687e-05 646
1.6019999999450363e-05 647
1.6020999999533103e-05 648
1.605099999935078e-05 649
1.6078999999891153e-05 648
1.6081000000056633e-05 649
1.6081999999251195e-05 650
1.611199999995705e-05 651
1.611300000003979e-05 652
1.6142999999857466e-05 653
1.617299999967514e-05 654
1.6173999999757882e-05 655
1.6174999999840622e-05 656
1.6175999999923363e-05 657
1.6199000000050034e-05 656
1.620599999974104e-05 657
1.620699999982378e-05 658
1.6236999999641455e-05 659
1.626699999945913e-05 660
1.626799999954187e-05 661
1.626899999962461e-05 662
1.6298999999442287e-05 663
1.6318999999320738e-05 662
1.63229999996517e-05 661
1.6328999999259963e-05 662
1.6329999999342704e-05 663
1.6360000000048558e-05 664
1.6389999999866234e-05 665
1.641999999968391e-05 666
1.642099999976665e-05 667
1.644299999981058e-05 666
1.6446999999253364e-05 665
1.6450999999584326e-05 666
1.6450999999584326e-05 665
1.6451999999667066e-05 666
1.6454999999915287e-05 665
1.645899999935807e-05 664
1.6462999999689032e-05 663
1.6467000000019993e-05 662
1.6470999999462776e-05 661
1.6481999999484742e-05 662
1.6482999999567483e-05 663
1.651299999938516e-05 664
1.65139999994679e-05 665
1.6543999999285575e-05 666
1.6544999999368315e-05 667
1.6545999999451055e-05 668
1.657599999926873e-05 669
1.657699999935147e-05 670
1.659099999962166e-05 669
1.6607000000057326e-05 670
1.6607999999251888e-05 671
1.6637999999957742e-05 672
1.6639000000040483e-05 673
1.6639999999235044e-05 674
1.66699999999409e-05 675
1.667100000002364e-05 676
1.6700999999841315e-05 677
1.6701999999924055e-05 678
1.6703000000006796e-05 679
1.6703999999201358e-05 680
1.6704999999284098e-05 681
1.671099999978054e-05 680
1.6734999999989952e-05 681
1.6764999999807628e-05 682
1.676599999989037e-05 683
1.676699999997311e-05 684
1.6796999999790785e-05 685
1.6797999999873525e-05 686
1.6798999999956266e-05 687
1.6800000000039006e-05 688
1.6800999999233568e-05 689
1.6830999999939422e-05 690
1.6830999999939422e-05 689
1.6860999999757098e-05 690
1.686199999983984e-05 691
1.686299999992258e-05 692
1.686400000000532e-05 693
1.6893999999822995e-05 694
1.6894999999905735e-05 695
1.692499999972341e-05 696
1.6950999999210126e-05 695
1.6954999999541087e-05 696
1.6954999999541087e-05 695
1.6955999999623828e-05 696
1.6956999999706568e-05 697
1.6957999999789308e-05 698
1.695899999987205e-05 697
1.6962999999314832e-05 696
1.6966999999645793e-05 695
1.6970999999976755e-05 694
1.6974999999419538e-05 693
1.69789999997505e-05 692
1.6982999999193282e-05 691
1.6986999999524244e-05 690
1.6987999999606984e-05 691
1.6988999999689725e-05 692
1.6990999999855205e-05 691
1.699499999929799e-05 690
1.70189999995074e-05 691
1.701999999959014e-05 692
1.702099999967288e-05 693
1.7050999999490557e-05 694
1.7080999999308233e-05 695
1.7111000000014087e-05 696
1.711199999920865e-05 697
1.711499999945687e-05 696
1.7141999999914503e-05 697
1.7142999999997244e-05 698
1.7143999999191806e-05 699
1.7144999999274546e-05 700
1.7145999999357286e-05 701
1.7175999999174962e-05 702
1.7205999999880817e-05 703
1.7234999999615752e-05 702
1.7235999999698493e-05 703
1.7236999999781233e-05 704
1.7237999999863973e-05 705
1.726799999968165e-05 706
1.726899999976439e-05 707
1.7298999999582065e-05 708
1.7299999999664806e-05 709
1.732999999948248e-05 710
1.7354999999774634e-05 709
1.7359999999300157e-05 710
1.7360999999382898e-05 711
1.7390999999200574e-05 712
1.7420999999906428e-05 713
1.742199999998917e-05 714
1.742299999918373e-05 715
1.7452999999889585e-05 716
1.7474999999933516e-05 715
1.748299999970726e-05 716
1.7512999999524936e-05 717
1.7513999999607677e-05 718
1.7514999999690417e-05 719
1.7515999999773157e-05 720
1.7545999999590833e-05 721
1.7546999999673574e-05 722
1.7547999999756314e-05 723
1.7548999999839054e-05 724
1.7549999999921795e-05 725
1.757999999973947e-05 726
1.759499999920422e-05 725
1.759899999953518e-05 724
1.7602999999866142e-05 723
1.7606999999308925e-05 722
1.7609999999557147e-05 723
1.7610999999639887e-05 722
1.7639999999374822e-05 723
1.7640999999457563e-05 724
1.7641999999540303e-05 725
1.7642999999623044e-05 726
1.767299999944072e-05 727
1.767399999952346e-05 728
1.76749999996062e-05 729
1.7704999999423876e-05 730
1.7705999999506616e-05 731
1.773099999979877e-05 730
1.7734999999241552e-05 729
1.7735999999324292e-05 730
1.7736999999407033e-05 731
1.776699999922471e-05 732
1.776799999930745e-05 733
1.776899999939019e-05 734
1.7798999999207865e-05 735
1.782899999991372e-05 736
1.7854999999400434e-05 735
1.7858999999731395e-05 736
1.7858999999731395e-05 735
1.7859999999814136e-05 736
1.7860999999896876e-05 737
1.7861999999979616e-05 738
1.786299999917418e-05 737
1.786699999950514e-05 736
1.7891999999797292e-05 737
1.7921999999614968e-05 738
1.7951999999432644e-05 739
1.7952999999515384e-05 740
1.7953999999598125e-05 741
1.79839999994158e-05 742
1.7986999999664022e-05 741
1.7990999999994983e-05 740
1.7994999999437766e-05 739
1.7998999999768728e-05 738
1.800299999921151e-05 737
1.8006999999542472e-05 736
1.8013999999233477e-05 737
1.8014999999316217e-05 738
1.8015999999398957e-05 739
1.8016999999481698e-05 740
1.8017999999564438e-05 741
1.8047999999382114e-05 742
1.807799999919979e-05 743
1.807899999928253e-05 744
1.807999999936527e-05 745
1.808099999944801e-05 746
1.808199999953075e-05 747
1.8111999999348427e-05 748
1.8126999999701354e-05 747
1.814200000005428e-05 748
1.8142999999248843e-05 749
1.8143999999331584e-05 750
1.8174000000037438e-05 751
1.8203999999855114e-05 752
1.823399999967279e-05 753
1.8246999999860236e-05 752
1.8263999999490466e-05 753
1.829399999930814e-05 754
1.8294999999390882e-05 755
1.8295999999473622e-05 756
1.8296999999556363e-05 757
1.832699999937404e-05 758
1.8356999999191714e-05 759
1.8357999999274455e-05 760
1.8358999999357195e-05 761
1.8367000000019118e-05 760
1.83709999994619e-05 759
1.8374999999792863e-05 758
1.8378999999235646e-05 757
1.8382999999566607e-05 756
1.838699999989757e-05 755
1.838899999917487e-05 756
1.838999999925761e-05 757
1.8419999999963466e-05 758
1.8421000000046206e-05 759
1.8421999999240768e-05 760
1.8451999999946622e-05 761
1.8453000000029363e-05 762
1.8453999999223925e-05 763
1.848399999992978e-05 764
1.848500000001252e-05 765
1.850700000005645e-05 764
1.8514999999830195e-05 765
1.8515999999912935e-05 766
1.854599999973061e-05 767
1.854699999981335e-05 768
1.8547999999896092e-05 769
1.8577999999713768e-05 770
1.8607999999531444e-05 771
1.8608999999614184e-05 772
1.8609999999696925e-05 773
1.8626999999327154e-05 772
1.8630999999658115e-05 771
1.86399999995146e-05 772
1.864099999959734e-05 773
1.864199999968008e-05 774
1.8671999999497757e-05 775
1.8672999999580497e-05 776
1.8673999999663238e-05 777
1.8674999999745978e-05 778
1.8704999999563654e-05 779
1.8705999999646394e-05 780
1.8706999999729135e-05 781
1.873699999954681e-05 782
1.8750999999816997e-05 781
1.8766999999364486e-05 782
1.8767999999447227e-05 783
1.8768999999529967e-05 784
1.8798999999347643e-05 785
1.8829000000053497e-05 786
1.8858999999871173e-05 787
1.887099999997588e-05 786
1.888899999968885e-05 787
1.888999999977159e-05 788
1.889099999985433e-05 789
1.889199999993707e-05 790
1.889300000001981e-05 791
1.8922999999837486e-05 792
1.8952999999655162e-05 793
1.8953999999737903e-05 794
1.8954999999820643e-05 795
1.8955999999903383e-05 796
1.898599999972106e-05 797
1.89869999998038e-05 798
1.898799999988654e-05 799
1.8990999999246583e-05 798
1.8994999999577544e-05 797
1.8998999999908506e-05 796
1.9017999999704216e-05 797
1.9047999999521892e-05 798
1.9077999999339568e-05 799
1.9078999999422308e-05 800
1.907999999950505e-05 801
1.9109999999322724e-05 802
1.9110999999405465e-05 803
1.911899999917921e-05 802
1.914099999922314e-05 803
1.914199999930588e-05 804
1.914299999938862e-05 805
1.9172999999206297e-05 806
1.9173999999289038e-05 807
1.9203999999994892e-05 808
1.9204999999189454e-05 809
1.9234999999895308e-05 810
1.923899999933809e-05 809
1.9242999999669053e-05 808
1.9247000000000014e-05 807
1.9250999999442797e-05 806
1.9264999999712984e-05 807
1.9265999999795724e-05 808
1.92959999996134e-05 809
1.9325999999431076e-05 810
1.9355999999248752e-05 811
1.9356999999331492e-05 812
1.9357999999414233e-05 813
1.937099999960168e-05 812
1.937499999993264e-05 811
1.9378999999375424e-05 810
1.938799999923191e-05 811
1.938899999931465e-05 812
1.9419000000020503e-05 813
1.9419999999215065e-05 814
1.9420999999297806e-05 815
1.945100000000366e-05 816
1.9451999999198222e-05 817
1.9452999999280962e-05 818
1.9482999999986816e-05 819
1.9498999999534306e-05 818
1.9502999999865267e-05 817
1.950699999930805e-05 816
1.951099999963901e-05 815
1.9512999999804492e-05 816
1.9513999999887233e-05 817
1.954399999970491e-05 818
1.9573999999522584e-05 819
1.9574999999605325e-05 820
1.9604999999423e-05 821
1.960599999950574e-05 822
1.960699999958848e-05 823
1.9607999999671222e-05 824
1.9608999999753962e-05 825
1.9609999999836703e-05 826
1.9630999999797893e-05 825
1.9634999999240677e-05 824
1.9638999999571638e-05 823
1.963999999965438e-05 824
1.964099999973712e-05 825
1.964199999981986e-05 826
1.96429999999026e-05 827
1.96429999999026e-05 826
1.9646999999345383e-05 825
1.9671999999637535e-05 826
1.970199999945521e-05 827
1.970299999953795e-05 828
1.970399999962069e-05 829
1.9733999999438367e-05 830
1.9763999999256043e-05 831
1.9766999999504264e-05 830
1.9770999999835226e-05 829
1.977499999927801e-05 828
1.977899999960897e-05 827
1.9793999999961898e-05 828
1.9795000000044638e-05 829
1.9824999999862314e-05 830
1.9825999999945054e-05 831
1.985599999976273e-05 832
1.9885999999580406e-05 833
1.9886999999663146e-05 834
1.9898999999767852e-05 833
1.9902999999210635e-05 832
1.9906999999541597e-05 831
1.991099999987256e-05 830
1.991499999931534e-05 829
1.9916999999480822e-05 830
1.9917999999563563e-05 831
1.9918999999646303e-05 830
1.9922999999977264e-05 829
1.9926999999420048e-05 828
1.993099999975101e-05 827
1.9934999999193792e-05 826
1.994799999938124e-05 827
1.9977999999198914e-05 828
1.9978999999281655e-05 829
2.000899999998751e-05 830
2.000999999918207e-05 831
2.001099999926481e-05 832
2.0040999999970666e-05 833
2.0042000000053406e-05 834
2.0054999999352674e-05 833
2.0058999999683635e-05 832
2.0063000000014597e-05 831
2.006699999945738e-05 830
2.007099999978834e-05 829
2.0071999999871082e-05 830
2.0072999999953822e-05 831
2.0074000000036563e-05 832
2.0074999999231125e-05 833
2.0074999999231125e-05 832
2.0078999999562086e-05 831
2.0082999999893048e-05 830
2.010499999993698e-05 831
2.0134999999754655e-05 832
2.016499999957233e-05 833
2.016599999965507e-05 834
2.016699999973781e-05 835
2.016799999982055e-05 836
2.0168999999903292e-05 837
2.0169999999986032e-05 838
2.019999999980371e-05 839
2.020099999988645e-05 840
2.020300000005193e-05 839
2.0206999999494712e-05 838
2.0210999999825674e-05 837
2.0230999999704125e-05 838
2.0231999999786865e-05 839
2.026199999960454e-05 840
2.026299999968728e-05 841
2.0292999999504957e-05 842
2.0293999999587697e-05 843
2.0323999999405373e-05 844
2.0324999999488114e-05 845
2.0325999999570854e-05 846
2.0330999999984556e-05 845
2.035599999938853e-05 846
2.035699999947127e-05 847
2.035799999955401e-05 848
2.0387999999371686e-05 849
2.0417999999189362e-05 850
2.0447999999895217e-05 851
2.0448999999977957e-05 852
2.044999999917252e-05 853
2.045099999925526e-05 852
2.045499999958622e-05 851
2.0458999999917182e-05 850
2.0462999999359965e-05 849
2.0466999999690927e-05 848
2.047100000002189e-05 847
2.0479999999878373e-05 848
2.0480999999961114e-05 849
2.051099999977879e-05 850
2.051199999986153e-05 851
2.0541999999679206e-05 852
2.0542999999761946e-05 853
2.0543999999844686e-05 854
2.0573999999662362e-05 855
2.0574999999745103e-05 856
2.0575999999827843e-05 857
2.0590999999292592e-05 856
2.060599999964552e-05 857
2.060699999972826e-05 858
2.0636999999545935e-05 859
2.066699999936361e-05 860
2.066799999944635e-05 861
2.0668999999529092e-05 862
2.0669999999611832e-05 863
2.0699999999429508e-05 864
2.0710999999451474e-05 863
2.0714999999782435e-05 862
2.0718999999225218e-05 861
2.072299999955618e-05 860
2.0729999999247184e-05 861
2.0730999999329924e-05 862
2.0731999999412665e-05 863
2.076199999923034e-05 864
2.0791999999936195e-05 865
2.0793000000018935e-05 866
2.082299999983661e-05 867
2.084299999971506e-05 866
2.0852999999654287e-05 867
2.0853999999737027e-05 868
2.0854999999819768e-05 869
2.0855999999902508e-05 870
2.085699999998525e-05 871
2.0886999999802924e-05 872
2.09169999996206e-05 873
2.091799999970334e-05 874
2.0947999999521016e-05 875
2.0962999999873944e-05 874
2.0966999999316727e-05 873
2.0970999999647688e-05 872
2.097499999997865e-05 871
2.0977999999338692e-05 872
2.0978999999421433e-05 873
2.0979999999504173e-05 874
2.0980999999586913e-05 875
2.101099999940459e-05 876
2.101199999948733e-05 877
2.1041999999305006e-05 878
2.107200000001086e-05 879
2.1094999999249353e-05 878
2.1101999999828536e-05 879
2.1102999999911276e-05 880
2.1132999999728952e-05 881
2.1133999999811692e-05 882
2.1163999999629368e-05 883
2.116499999971211e-05 884
2.1194999999529784e-05 885
2.1214999999408235e-05 884
2.1218999999739196e-05 883
2.122299999918198e-05 882
2.122499999934746e-05 883
2.122699999951294e-05 882
2.1230999999843903e-05 881
2.1255000000053315e-05 882
2.128499999987099e-05 883
2.128599999995373e-05 884
2.1315999999771407e-05 885
2.1345999999589083e-05 886
2.1346999999671823e-05 887
2.1347999999754563e-05 888
2.1351000000002784e-05 887
2.137799999957224e-05 888
2.137899999965498e-05 889
2.1408999999472655e-05 890
2.143899999929033e-05 891
2.1468999999996186e-05 892
2.1470999999273488e-05 891
2.147499999960445e-05 890
2.147899999993541e-05 889
2.1482999999378194e-05 888
2.149899999981386e-05 889
2.1499999999896602e-05 890
2.1500999999979342e-05 891
2.1530999999797018e-05 892
2.153199999987976e-05 893
2.1561999999697434e-05 894
2.1562999999780175e-05 895
2.159299999959785e-05 896
2.1602999999537076e-05 895
2.1622999999415526e-05 896
2.1652999999233202e-05 897
2.1682999999939057e-05 898
2.1684000000021797e-05 899
2.1713999999839473e-05 900
2.1722999999695958e-05 899
2.172700000002692e-05 898
2.174399999965715e-05 899
2.174499999973989e-05 900
2.174599999982263e-05 901
2.1775999999640305e-05 902
2.1776999999723046e-05 903
2.180699999954072e-05 904
2.1807999999623462e-05 905
2.1837999999441138e-05 906
2.1838999999523878e-05 907
2.183999999960662e-05 908
2.1846999999297623e-05 907
2.1850999999628584e-05 906
2.1869999999424294e-05 907
2.189999999924197e-05 908
2.1929999999947825e-05 909
2.1931000000030565e-05 910
2.1931999999225127e-05 911
2.1932999999307867e-05 912
2.1933999999390608e-05 913
2.1934999999473348e-05 914
2.1964999999291024e-05 915
2.1965999999373764e-05 916
2.1966999999456505e-05 917
2.1970999999787466e-05 916
2.199699999927418e-05 917
2.199799999935692e-05 918
2.2027999999174597e-05 919
2.2028999999257337e-05 920
2.205899999996319e-05 921
2.2088999999780867e-05 922
2.2089999999863608e-05 923
2.2090999999946348e-05 922
2.209499999938913e-05 921
2.2098999999720093e-05 920
2.2119999999681283e-05 921
2.214999999949896e-05 922
2.21509999995817e-05 923
2.215199999966444e-05 924
2.2181999999482116e-05 925
2.2211999999299792e-05 926
2.2212999999382532e-05 927
2.2218999999878974e-05 926
2.2222999999321758e-05 925
2.222699999965272e-05 924
2.2242999999200208e-05 925
2.224399999928295e-05 926
2.2273999999988803e-05 927
2.230399999980648e-05 928
2.230499999988922e-05 929
2.2334999999706895e-05 930
2.23469999998116e-05 929
2.236499999952457e-05 930
2.2394999999342247e-05 931
2.24250000000481e-05 932
2.2454999999865777e-05 933
2.2466999999970483e-05 932
2.2470999999413266e-05 931
2.2474999999744227e-05 930
2.247899999918701e-05 929
2.2482999999517972e-05 928
2.2484999999683453e-05 929
2.2485999999766193e-05 930
2.2486999999848933e-05 929
2.2490999999291716e-05 928
2.251599999958387e-05 929
2.251699999966661e-05 930
2.251799999974935e-05 931
2.2547999999567025e-05 932
2.25779999993847e-05 933
2.2578999999467442e-05 934
2.2579999999550182e-05 935
2.2580999999632922e-05 936
2.2581999999715663e-05 937
2.2582999999798403e-05 938
2.26109999994506e-05 937
2.261299999961608e-05 938
2.261499999978156e-05 937
2.2642999999433755e-05 938
2.2643999999516495e-05 939
2.267399999933417e-05 940
2.267499999941691e-05 941
2.2704999999234587e-05 942
2.2705999999317328e-05 943
2.2734999999940442e-05 942
2.2736000000023182e-05 943
2.2736999999217744e-05 944
2.2737999999300484e-05 945
2.2738999999383225e-05 944
2.2742999999714186e-05 943
2.2747000000045148e-05 942
2.275099999948793e-05 941
2.2754999999818892e-05 940
2.2758999999261675e-05 939
2.276800000000634e-05 940
2.27689999992009e-05 941
2.276999999928364e-05 942
2.2799999999989495e-05 943
2.282999999980717e-05 944
2.2859999999624847e-05 945
2.2878999999420557e-05 944
2.2889999999442523e-05 945
2.2890999999525263e-05 946
2.2891999999608004e-05 947
2.292199999942568e-05 948
2.2951999999243355e-05 949
2.298199999994921e-05 950
2.299899999957944e-05 949
2.30029999999104e-05 948
2.3006999999353184e-05 947
2.3010999999684145e-05 946
2.3011999999766886e-05 947
2.3012999999849626e-05 948
2.3013999999932366e-05 949
2.3043999999750042e-05 950
2.3044999999832783e-05 951
2.3045999999915523e-05 952
2.30759999997332e-05 953
2.307699999981594e-05 954
2.307799999989868e-05 955
2.3107999999716355e-05 956
2.3108999999799096e-05 957
2.3130999999843027e-05 956
2.313899999961677e-05 957
2.3168999999434448e-05 958
2.3169999999517188e-05 959
2.3170999999599928e-05 960
2.3200999999417604e-05 961
2.3201999999500345e-05 962
2.323199999931802e-05 963
2.325100000000191e-05 962
2.3262000000023875e-05 963
2.3262999999218437e-05 964
2.329299999992429e-05 965
2.3322999999741967e-05 966
2.3323999999824707e-05 967
2.3324999999907448e-05 968
2.3354999999725123e-05 969
2.3370999999272613e-05 968
2.3374999999603574e-05 967
2.3378999999934535e-05 966
2.33849999995428e-05 967
2.338599999962554e-05 968
2.338699999970828e-05 969
2.338799999979102e-05 970
2.338899999987376e-05 971
2.33899999999565e-05 972
2.339100000003924e-05 973
2.3420999999856917e-05 974
2.3450999999674593e-05 975
2.348099999949227e-05 976
2.349899999920524e-05 975
2.35029999995362e-05 974
2.3510999999309945e-05 975
2.3511999999392685e-05 976
2.3512999999475426e-05 977
2.35429999992931e-05 978
2.3572999999998956e-05 979
2.3602999999816632e-05 980
2.3603999999899372e-05 981
2.3604999999982113e-05 982
2.3605999999176674e-05 983
2.3622999999695082e-05 982
2.3627000000026044e-05 981
2.3630999999468827e-05 980
2.363499999979979e-05 979
2.363599999988253e-05 980
2.3665999999700205e-05 981
2.369599999951788e-05 982
2.3725999999335556e-05 983
2.375499999995867e-05 982
2.375600000004141e-05 983
2.3758999999401453e-05 982
2.3762999999732415e-05 981
2.3766999999175198e-05 980
2.377099999950616e-05 979
2.3785999999859087e-05 980
2.3786999999941827e-05 981
2.3816999999759503e-05 982
2.3817999999842243e-05 983
2.384799999965992e-05 984
2.3877999999477595e-05 985
2.3878999999560335e-05 986
2.3879999999643076e-05 987
2.3880999999725816e-05 988
2.3881999999808556e-05 989
2.3882999999891297e-05 990
2.389099999966504e-05 989
2.3912999999708973e-05 990
2.3913999999791713e-05 991
2.3914999999874453e-05 992
2.3915999999957194e-05 993
2.3917000000039934e-05 994
2.3917999999234496e-05 995
2.3918999999317236e-05 996
2.3919999999399977e-05 997
2.3949999999217653e-05 998
2.3950999999300393e-05 999
2.3981000000006247e-05 1000
2.398199999920081e-05 1001
2.398299999928355e-05 1002
2.398399999936629e-05 1003
2.4010999999823923e-05 1002
2.4013999999183966e-05 1003
2.4014999999266706e-05 1004
2.4014999999266706e-05 1003
2.4015999999349447e-05 1004
2.4018999999597668e-05 1003
2.402299999992863e-05 1002
2.40460000000553e-05 1003
2.4075999999872977e-05 1004
2.4076999999955717e-05 1005
2.4078000000038458e-05 1006
2.407899999923302e-05 1007
2.4108999999938874e-05 1008
2.4110000000021614e-05 1009
2.413999999983929e-05 1010
2.4142999999199333e-05 1009
2.4169999999656966e-05 1010
2.4170999999739706e-05 1011
2.4171999999822447e-05 1012
2.4172999999905187e-05 1013
2.4202999999722863e-05 1014
2.423299999954054e-05 1015
2.4262999999358215e-05 1016
2.4262999999358215e-05 1015
2.429299999917589e-05 1016
2.429399999925863e-05 1017
2.429499999934137e-05 1018
2.4325000000047226e-05 1019
2.43549999998649e-05 1020
2.4382999999517097e-05 1019
2.4384999999682577e-05 1020
2.4386999999848058e-05 1019
2.439099999929084e-05 1018
2.4414999999500253e-05 1019
2.4415999999582993e-05 1020
2.444599999940067e-05 1021
2.4475999999218345e-05 1022
2.45059999999242e-05 1023
2.4510999999449723e-05 1022
2.4535999999741875e-05 1023
2.456599999955955e-05 1024
2.456699999964229e-05 1025
2.4596999999459968e-05 1026
2.4597999999542708e-05 1027
2.4627999999360384e-05 1028
2.4628999999443124e-05 1029
2.4630999999608605e-05 1028
2.4634999999939566e-05 1027
2.46589999992608e-05 1028
2.4688999999966654e-05 1029
2.4690000000049395e-05 1030
2.4690999999243957e-05 1031
2.4691999999326697e-05 1032
2.472200000003255e-05 1033
2.4751999999850227e-05 1034
2.4752999999932968e-05 1035
2.4754000000015708e-05 1036
2.475499999921027e-05 1037
2.475499999921027e-05 1036
2.475899999954123e-05 1035
2.4762999999872193e-05 1034
2.4784999999916124e-05 1035
2.48149999997338e-05 1036
2.481599999981654e-05 1037
2.481699999989928e-05 1038
2.4846999999716957e-05 1039
2.4876999999534632e-05 1040
2.4883000000031075e-05 1039
2.4886999999473858e-05 1038
2.489099999980482e-05 1037
2.490699999935231e-05 1038
2.490799999943505e-05 1039
2.490899999951779e-05 1040
2.490999999960053e-05 1041
2.491099999968327e-05 1042
2.4940999999500946e-05 1043
2.4941999999583686e-05 1044
2.4942999999666426e-05 1045
2.4943999999749167e-05 1046
2.4973999999566843e-05 1047
2.500399999938452e-05 1048
2.500499999946726e-05 1049
2.500599999955e-05 1050
2.50109999999637e-05 1049
2.5014999999406484e-05 1048
2.5018999999737446e-05 1047
2.502299999918023e-05 1046
2.502699999951119e-05 1045
2.5035999999367675e-05 1046
2.5036999999450416e-05 1047
2.506699999926809e-05 1048
2.5067999999350832e-05 1049
2.5068999999433572e-05 1050
2.5098999999251248e-05 1051
2.5128999999957102e-05 1052
2.5146999999670072e-05 1051
2.5151000000001034e-05 1050
2.5158999999774778e-05 1051
2.515999999985752e-05 1052
2.516099999994026e-05 1053
2.5190999999757935e-05 1054
2.5191999999840675e-05 1055
2.5192999999923416e-05 1056
2.522299999974109e-05 1057
2.5223999999823832e-05 1058
2.5224999999906572e-05 1059
2.5254999999724248e-05 1060
2.525599999980699e-05 1061
2.5270999999271737e-05 1060
2.5285999999624664e-05 1061
2.531599999944234e-05 1062
2.5345999999260016e-05 1063
2.5346999999342756e-05 1064
2.537700000004861e-05 1065
2.539099999943062e-05 1064
2.539499999976158e-05 1063
2.5398999999204364e-05 1062
2.5402999999535325e-05 1061
2.5406999999866287e-05 1062
2.5406999999866287e-05 1061
2.5407999999949027e-05 1062
2.5437999999766703e-05 1063
2.546799999958438e-05 1064
2.546899999966712e-05 1065
2.546999999974986e-05 1066
2.54709999998326e-05 1067
2.547199999991534e-05 1068
2.5501999999733016e-05 1069
2.552700000002517e-05 1068
2.553099999946795e-05 1067
2.5531999999550692e-05 1068
2.5532999999633432e-05 1069
2.5533999999716173e-05 1070
2.5534999999798913e-05 1071
2.556499999961659e-05 1072
2.5594999999434265e-05 1073
2.5595999999517005e-05 1074
2.5595999999517005e-05 1075
2.5596999999599745e-05 1076
2.562699999941742e-05 1077
2.5650999999626833e-05 1076
2.5656999999235097e-05 1077
2.568699999994095e-05 1078
2.5716999999758627e-05 1079
2.5746999999576303e-05 1080
2.5747999999659044e-05 1081
2.5770999999785715e-05 1080
2.577799999947672e-05 1081
2.577899999955946e-05 1082
2.57799999996422e-05 1083
2.5809999999459876e-05 1084
2.5839999999277552e-05 1085
2.5869999999983406e-05 1086
2.5870999999177968e-05 1087
2.5890999999944597e-05 1086
2.5900999999883823e-05 1087
2.59309999997015e-05 1088
2.5960999999519174e-05 1089
2.599099999933685e-05 1090
2.60109999992153e-05 1089
2.6014999999546262e-05 1088
2.6018999999877224e-05 1087
2.6021000000042704e-05 1088
2.6021999999237266e-05 1089
2.6022999999320007e-05 1088
2.6026999999650968e-05 1087
2.603099999998193e-05 1086
2.605199999994312e-05 1087
2.6081999999760797e-05 1088
2.6111999999578472e-05 1089
2.6141999999396148e-05 1090
2.6150999999252633e-05 1089
2.6154999999583595e-05 1088
2.6158999999914556e-05 1087
2.6171999999213824e-05 1088
2.620199999991968e-05 1089
2.6231999999737354e-05 1090
2.626199999955503e-05 1091
2.627899999918526e-05 1090
2.628299999951622e-05 1089
2.6286999999847183e-05 1088
2.6290999999289966e-05 1087
2.6291999999372706e-05 1088
2.6321999999190382e-05 1089
2.6351999999896236e-05 1090
2.6381999999713912e-05 1091
2.6410999999448848e-05 1090
2.6411999999531588e-05 1091
2.6441999999349264e-05 1092
2.6472000000055118e-05 1093
2.6501999999872794e-05 1094
2.653099999960773e-05 1093
2.653199999969047e-05 1094
2.6561999999508146e-05 1095
2.659199999932582e-05 1096
2.6622000000031676e-05 1097
2.665099999976661e-05 1096
2.6651999999849352e-05 1097
2.6654999999209394e-05 1096
2.6681999999667028e-05 1097
2.6711999999484703e-05 1098
2.674199999930238e-05 1099
2.6772000000008234e-05 1100
2.6774999999368276e-05 1099
2.680199999982591e-05 1100
2.6831999999643585e-05 1101
2.686199999946126e-05 1102
2.6891999999278937e-05 1103
2.6894999999527158e-05 1102
2.689899999985812e-05 1101
2.6902999999300903e-05 1100
2.6906999999631864e-05 1099
2.6910999999962826e-05 1098
2.692199999998479e-05 1099
2.6951999999802467e-05 1100
2.6981999999620143e-05 1101
2.701199999943782e-05 1102
2.703099999923353e-05 1101
2.7041999999255495e-05 1102
2.707199999996135e-05 1103
2.7101999999779025e-05 1104
2.71319999995967e-05 1105
2.715099999939241e-05 1104
2.7154999999723373e-05 1103
2.7159000000054334e-05 1102
2.7161999999414377e-05 1103
2.7162999999497117e-05 1102
2.716699999982808e-05 1101
2.7170999999270862e-05 1100
2.7174999999601823e-05 1099
2.7178999999932785e-05 1098
2.7182999999375568e-05 1097
2.718699999970653e-05 1096
2.719100000003749e-05 1095
2.7191999999232053e-05 1096
2.7194999999480274e-05 1095
2.7198999999811235e-05 1094
2.720299999925402e-05 1093
2.720699999958498e-05 1092
2.721099999991594e-05 1091
2.7214999999358724e-05 1090
2.7221999999937907e-05 1091
2.7251999999755583e-05 1092
2.728199999957326e-05 1093
2.7311999999390935e-05 1094
2.7334999999517606e-05 1093
2.734199999920861e-05 1094
2.7371999999914465e-05 1095
2.740199999973214e-05 1096
2.7431999999549816e-05 1097
2.7454999999676488e-05 1096
2.745900000000745e-05 1095
2.7461999999367492e-05 1096
2.7491999999185168e-05 1097
2.7521999999891023e-05 1098
2.75519999997087e-05 1099
2.7578999999278153e-05 1098
2.7581999999526374e-05 1099
2.7582999999609115e-05 1098
2.7586999999940076e-05 1097
2.761199999934405e-05 1098
2.7642000000049904e-05 1099
2.767199999986758e-05 1100
2.7701999999685256e-05 1101
2.770699999921078e-05 1100
2.771099999954174e-05 1099
2.7714999999872703e-05 1098
2.7718999999315486e-05 1097
2.7731999999502932e-05 1098
2.7761999999320608e-05 1099
2.7792000000026462e-05 1100
2.7821999999844138e-05 1101
2.7838999999474368e-05 1100
2.7851999999661814e-05 1101
2.788199999947949e-05 1102
2.7911999999297166e-05 1103
2.794200000000302e-05 1104
2.795899999963325e-05 1103
2.796299999996421e-05 1102
2.7971999999820696e-05 1103
2.8001999999638372e-05 1104
2.8031999999456048e-05 1105
2.8061999999273723e-05 1106
2.8082999999234914e-05 1105
2.8086999999565876e-05 1104
2.8090999999896837e-05 1103
2.8091999999979578e-05 1104
2.8121999999797254e-05 1105
2.815199999961493e-05 1106
2.8181999999432605e-05 1107
2.821100000005572e-05 1106
2.821199999925028e-05 1107
2.8241999999956136e-05 1108
2.827199999977381e-05 1109
2.8301999999591487e-05 1110
2.8330999999326423e-05 1109
2.8331999999409163e-05 1110
2.8334999999657384e-05 1109
2.836199999922684e-05 1110
2.8391999999932693e-05 1111
2.842199999975037e-05 1112
2.8451999999568045e-05 1113
2.8454999999816266e-05 1112
2.845899999925905e-05 1111
2.846299999959001e-05 1110
2.8466999999920972e-05 1109
2.848199999938572e-05 1110
2.8511999999203397e-05 1111
2.854199999990925e-05 1112
2.8571999999726927e-05 1113
2.8586999999191676e-05 1112
2.8590999999522637e-05 1111
2.85949999998536e-05 1110
2.8598999999296382e-05 1109
2.8601999999544603e-05 1110
2.8602999999627343e-05 1109
2.8606999999958305e-05 1108
2.863199999936228e-05 1109
2.8661999999179955e-05 1110
2.869199999988581e-05 1111
2.8721999999703485e-05 1112
2.8726999999229008e-05 1111
2.873099999955997e-05 1110
2.873499999989093e-05 1109
2.875199999952116e-05 1110
2.8781999999338836e-05 1111
2.881200000004469e-05 1112
2.8841999999862367e-05 1113
2.8855000000049813e-05 1112
2.8858999999492596e-05 1111
2.8871999999680042e-05 1112
2.890199999949772e-05 1113
2.8931999999315394e-05 1114
2.896200000002125e-05 1115
2.8978999999651478e-05 1114
2.898299999998244e-05 1113
2.8986999999425223e-05 1112
2.8990999999756184e-05 1111
2.8991999999838924e-05 1112
2.8994999999198967e-05 1111
2.899899999952993e-05 1110
2.90219999996566e-05 1111
2.9051999999474276e-05 1112
2.9081999999291952e-05 1113
2.9111999999997806e-05 1114
2.911899999968881e-05 1113
2.9123000000019772e-05 1112
2.9126999999462555e-05 1111
2.9141999999815482e-05 1112
2.9171999999633158e-05 1113
2.9201999999450834e-05 1114
2.923199999926851e-05 1115
2.9246999999621437e-05 1114
2.9261999999974364e-05 1115
2.929199999979204e-05 1116
2.9321999999609716e-05 1117
2.935199999942739e-05 1118
2.936699999978032e-05 1117
2.9370999999223102e-05 1116
2.9381999999245068e-05 1117
2.9411999999950922e-05 1118
2.9441999999768598e-05 1119
2.9471999999586274e-05 1120
2.9490999999381984e-05 1119
2.9494999999712945e-05 1118
2.9499000000043907e-05 1117
2.950199999940395e-05 1118
2.9531999999221625e-05 1119
2.956199999992748e-05 1120
2.9591999999745155e-05 1121
2.961899999931461e-05 1120
2.962199999956283e-05 1121
2.9622999999645572e-05 1120
2.9626999999976533e-05 1119
2.9630999999419316e-05 1118
2.9634999999750278e-05 1117
2.9651999999380507e-05 1118
2.9681999999198183e-05 1119
2.9711999999904037e-05 1120
2.9741999999721713e-05 1121
2.975499999990916e-05 1120
2.9758999999351943e-05 1119
2.9762999999682904e-05 1118
2.977199999953939e-05 1119
2.9801999999357065e-05 1120
2.983199999917474e-05 1121
2.9861999999880595e-05 1122
2.9882999999841786e-05 1121
2.989199999969827e-05 1122
2.9921999999515947e-05 1123
2.9951999999333623e-05 1124
2.9982000000039477e-05 1125
3.0003000000000668e-05 1124
3.000699999944345e-05 1123
3.0010999999774413e-05 1122
3.0011999999857153e-05 1123
3.0014999999217196e-05 1122
3.0018999999548157e-05 1121
3.004199999967483e-05 1122
3.0071999999492505e-05 1123
3.010199999931018e-05 1124
3.0132000000016035e-05 1125
3.013899999970704e-05 1124
3.016199999983371e-05 1125
3.0191999999651387e-05 1126
3.0221999999469062e-05 1127
3.025199999928674e-05 1128
3.025899999986592e-05 1127
3.0281999999992593e-05 1128
3.031199999981027e-05 1129
3.0341999999627944e-05 1130
3.037199999944562e-05 1131
3.0379000000024803e-05 1130
3.0382999999467586e-05 1129
3.0386999999798547e-05 1128
3.039099999924133e-05 1127
3.0401999999263296e-05 1128
3.043199999996915e-05 1129
3.0461999999786826e-05 1130
3.0491999999604502e-05 1131
3.0510999999400212e-05 1130
3.0514999999731174e-05 1129
3.051899999917396e-05 1128
3.052199999942218e-05 1129
3.0551999999239854e-05 1130
3.058199999994571e-05 1131
3.0611999999763384e-05 1132
3.063899999933284e-05 1131
3.064199999958106e-05 1132
3.06429999996638e-05 1131
3.064699999999476e-05 1130
3.0671999999398736e-05 1131
3.070199999921641e-05 1132
3.0726999999508564e-05 1133
3.0731999999922266e-05 1134
3.076199999973994e-05 1135
3.0766999999265465e-05 1134
3.079199999955762e-05 1135
3.0821999999375294e-05 1136
3.085199999919297e-05 1137
3.0881999999898824e-05 1138
3.088699999942435e-05 1137
3.089099999975531e-05 1136
3.09119999997165e-05 1137
3.0941999999534175e-05 1138
3.097199999935185e-05 1139
3.100199999916953e-05 1140
3.101099999991419e-05 1139
3.1014999999356974e-05 1138
3.1018999999687935e-05 1137
3.1023000000018897e-05 1136
3.103199999987538e-05 1137
3.106199999969306e-05 1138
3.109199999951073e-05 1139
3.112199999932841e-05 1140
3.11429999992896e-05 1139
3.1152000000034263e-05 1140
3.118199999985194e-05 1141
3.1211999999669615e-05 1142
3.124199999948729e-05 1143
3.126299999944848e-05 1142
3.1266999999779443e-05 1141
3.1270999999222227e-05 1140
3.127199999930497e-05 1141
3.130200000001082e-05 1142
3.13319999998285e-05 1143
3.136199999964617e-05 1144
3.139099999938111e-05 1143
3.139199999946385e-05 1144
3.1421999999281525e-05 1145
3.145199999998738e-05 1146
3.1481999999805055e-05 1147
3.151099999953999e-05 1146
3.151199999962273e-05 1147
3.151499999987095e-05 1146
3.1541999999440407e-05 1147
3.157199999925808e-05 1148
3.160199999996394e-05 1149
3.163199999978161e-05 1150
3.1635000000029834e-05 1149
3.166199999959929e-05 1150
3.1691999999416964e-05 1151
3.172199999923464e-05 1152
3.1751999999940494e-05 1153
3.175499999930054e-05 1152
3.17589999996315e-05 1151
3.176299999996246e-05 1150
3.178199999975817e-05 1151
3.1811999999575846e-05 1152
3.184199999939352e-05 1153
3.18719999992112e-05 1154
3.1882999999233164e-05 1153
3.1886999999564125e-05 1152
3.190199999991705e-05 1153
3.193199999973473e-05 1154
3.1961999999552404e-05 1155
3.199199999937008e-05 1156
3.200699999972301e-05 1155
3.2021999999187756e-05 1156
3.205199999989361e-05 1157
3.2081999999711286e-05 1158
3.211199999952896e-05 1159
3.212699999988189e-05 1158
3.214199999934664e-05 1159
3.217200000005249e-05 1160
3.220199999987017e-05 1161
3.2231999999687844e-05 1162
3.224700000004077e-05 1161
3.2250999999483554e-05 1160
3.2254999999814515e-05 1159
3.226199999950552e-05 1160
3.2291999999323195e-05 1161
3.232200000002905e-05 1162
3.2351999999846726e-05 1163
3.23749999999734e-05 1162
3.23819999996644e-05 1163
3.241199999948208e-05 1164
3.244199999929975e-05 1165
3.247200000000561e-05 1166
3.24949999992441e-05 1165
3.249899999957506e-05 1164
3.250199999982328e-05 1165
3.2502999999906024e-05 1164
3.250699999934881e-05 1163
3.253199999964096e-05 1164
3.2561999999458635e-05 1165
3.259199999927631e-05 1166
3.2621999999982165e-05 1167
3.262699999950769e-05 1166
3.265199999979984e-05 1167
3.268199999961752e-05 1168
3.271199999943519e-05 1169
3.274199999925287e-05 1170
3.274699999966657e-05 1169
3.277199999995872e-05 1170
3.28019999997764e-05 1171
3.2831999999594075e-05 1172
3.286199999941175e-05 1173
3.286699999982545e-05 1172
3.2870999999268236e-05 1171
3.2891999999229427e-05 1172
3.292199999993528e-05 1173
3.295199999975296e-05 1174
3.298199999957063e-05 1175
3.299099999942712e-05 1174
3.301199999938831e-05 1175
3.3041999999205984e-05 1176
3.307199999991184e-05 1177
3.3101999999729514e-05 1178
3.3110999999586e-05 1177
3.311499999991696e-05 1176
3.313199999954719e-05 1177
3.3161999999364866e-05 1178
3.319199999918254e-05 1179
3.3221999999888396e-05 1180
3.3234999999187664e-05 1179
3.325199999970607e-05 1180
3.328199999952375e-05 1181
3.3311999999341424e-05 1182
3.334200000004728e-05 1183
3.3354999999346546e-05 1182
3.3371999999864954e-05 1183
3.340199999968263e-05 1184
3.3431999999500306e-05 1185
3.346199999931798e-05 1186
3.347499999950543e-05 1185
3.347899999983639e-05 1184
3.348299999927917e-05 1183
3.3486999999610134e-05 1182
3.3490999999941096e-05 1181
3.3492000000023836e-05 1182
3.352199999984151e-05 1183
3.355199999965919e-05 1184
3.3581999999476864e-05 1185
3.36109999992118e-05 1184
3.361199999929454e-05 1185
3.361499999954276e-05 1184
3.361899999987372e-05 1183
3.3642000000000394e-05 1184
3.367199999981807e-05 1185
3.3701999999635746e-05 1186
3.373199999945342e-05 1187
3.3739000000032604e-05 1186
3.37619999992711e-05 1187
3.379199999997695e-05 1188
3.382199999979463e-05 1189
3.38519999996123e-05 1190
3.385899999930331e-05 1189
3.388199999942998e-05 1190
3.3911999999247655e-05 1191
3.394199999995351e-05 1192
3.3971999999771185e-05 1193
3.397899999946219e-05 1192
3.398299999979315e-05 1191
3.3986999999235934e-05 1190
3.3990999999566895e-05 1189
3.400199999958886e-05 1190
3.403199999940654e-05 1191
3.406199999922421e-05 1192
3.409199999993007e-05 1193
3.411099999972578e-05 1192
3.412199999974774e-05 1193
3.415199999956542e-05 1194
3.4181999999383095e-05 1195
3.421199999920077e-05 1196
3.423099999988466e-05 1195
3.423499999932744e-05 1194
3.4241999999906625e-05 1195
3.42719999997243e-05 1196
3.430199999954198e-05 1197
3.433199999935965e-05 1198
3.4354999999486324e-05 1197
3.4358999999817286e-05 1196
3.436199999917733e-05 1197
3.436299999926007e-05 1196
3.439199999988318e-05 1197
3.442199999970086e-05 1198
3.4451999999518534e-05 1199
3.448199999933621e-05 1200
3.448299999941895e-05 1199
3.4512000000042065e-05 1200
3.454199999985974e-05 1201
3.4571999999677416e-05 1202
3.460199999949509e-05 1203
3.460299999957783e-05 1202
3.4606999999908794e-05 1201
3.463199999931277e-05 1202
3.466200000001862e-05 1203
3.46919999998363e-05 1204
3.4721999999653974e-05 1205
3.47269999991795e-05 1204
3.475199999947165e-05 1205
3.4781999999289326e-05 1206
3.481199999999518e-05 1207
3.482599999937719e-05 1208
3.484699999933838e-05 1207
3.4855999999194864e-05 1208
3.488599999990072e-05 1209
3.4915999999718395e-05 1210
3.494599999953607e-05 1211
3.496699999949726e-05 1210
3.4975999999353746e-05 1211
3.500599999917142e-05 1212
3.5035999999877276e-05 1213
3.506599999969495e-05 1214
3.508699999965614e-05 1213
3.509599999951263e-05 1214
3.5125999999330304e-05 1215
3.515600000003616e-05 1216
3.5185999999853834e-05 1217
3.5206999999815025e-05 1216
3.521099999925781e-05 1215
3.521499999958877e-05 1214
3.521599999967151e-05 1215
3.5245999999489186e-05 1216
3.527599999930686e-05 1217
3.5306000000012716e-05 1218
3.53149999998692e-05 1219
3.533499999974765e-05 1218
3.533599999983039e-05 1219
3.5338999999190435e-05 1218
3.5342999999521396e-05 1217
3.536599999964807e-05 1218
3.5395999999465744e-05 1219
3.542599999928342e-05 1220
3.5455999999989274e-05 1221
3.546299999968028e-05 1220
3.548599999980695e-05 1221
3.5515999999624626e-05 1222
3.55459999994423e-05 1223
3.557599999925998e-05 1224
3.558299999983916e-05 1223
3.560599999996583e-05 1224
3.563599999978351e-05 1225
3.5665999999601183e-05 1226
3.569599999941886e-05 1227
3.570299999999804e-05 1226
3.5706999999440825e-05 1225
3.5710999999771786e-05 1224
3.571499999921457e-05 1223
3.5725999999236535e-05 1224
3.575599999994239e-05 1225
3.5785999999760065e-05 1226
3.581599999957774e-05 1227
3.583499999937345e-05 1226
3.583899999970441e-05 1225
3.584599999939542e-05 1226
3.587599999921309e-05 1227
3.590599999991895e-05 1228
3.593599999973662e-05 1229
3.5958999999863295e-05 1228
3.59659999995543e-05 1229
3.5995999999371975e-05 1230
3.602599999918965e-05 1231
3.6055999999895505e-05 1232
3.607900000002218e-05 1231
3.608299999946496e-05 1230
3.608599999971318e-05 1231
3.608699999979592e-05 1230
3.6090999999238704e-05 1229
3.611599999953086e-05 1230
3.614599999934853e-05 1231
3.617600000005439e-05 1232
3.620599999987206e-05 1233
3.6210999999397586e-05 1232
3.621499999972855e-05 1231
3.621899999917133e-05 1230
3.622299999950229e-05 1229
3.6226999999833254e-05 1228
3.623599999968974e-05 1229
3.6265999999507414e-05 1230
3.629599999932509e-05 1231
3.6326000000030945e-05 1232
3.6346999999992136e-05 1231
3.635599999984862e-05 1232
3.6385999999666296e-05 1233
3.641599999948397e-05 1234
3.644599999930165e-05 1235
3.646699999926284e-05 1234
3.64760000000075e-05 1235
3.650599999982518e-05 1236
3.6535999999642854e-05 1237
3.656599999946053e-05 1238
3.658699999942172e-05 1237
3.659099999975268e-05 1236
3.6594999999195466e-05 1235
3.6595999999278206e-05 1236
3.662599999998406e-05 1237
3.6655999999801736e-05 1238
3.668599999961941e-05 1239
3.671499999935435e-05 1238
3.671599999943709e-05 1239
3.671899999968531e-05 1238
3.672300000001627e-05 1237
3.6745999999254764e-05 1238
3.677599999996062e-05 1239
3.6805999999778294e-05 1240
3.683599999959597e-05 1241
3.6842999999286974e-05 1240
3.6865999999413646e-05 1241
3.689599999923132e-05 1242
3.6925999999937176e-05 1243
3.695599999975485e-05 1244
3.6962999999445856e-05 1243
3.696699999977682e-05 1242
3.69709999992196e-05 1241
3.697499999955056e-05 1240
3.698599999957253e-05 1241
3.70159999993902e-05 1242
3.704599999920788e-05 1243
3.7075999999913734e-05 1244
3.7094999999709444e-05 1243
3.710599999973141e-05 1244
3.7135999999549085e-05 1245
3.716599999936676e-05 1246
3.719599999918444e-05 1247
3.7214999999868326e-05 1246
3.721899999931111e-05 1245
3.722299999964207e-05 1244
3.722599999989029e-05 1245
3.722699999997303e-05 1244
3.7230999999415815e-05 1243
3.7234999999746776e-05 1242
3.723899999918956e-05 1241
3.725599999970797e-05 1242
3.728599999952564e-05 1243
3.731599999934332e-05 1244
3.734600000004917e-05 1245
3.735899999934844e-05 1244
3.73629999996794e-05 1243
3.7367000000010364e-05 1242
3.737099999945315e-05 1241
3.737499999978411e-05 1240
3.737599999986685e-05 1241
3.7405999999684525e-05 1242
3.74359999995022e-05 1243
3.746599999931988e-05 1244
3.749499999994299e-05 1243
3.749600000002573e-05 1244
3.752599999984341e-05 1245
3.755599999966108e-05 1246
3.758599999947876e-05 1247
3.7614999999213694e-05 1246
3.7615999999296434e-05 1247
3.7618999999544656e-05 1246
3.762299999987562e-05 1245
3.76269999993184e-05 1244
3.763099999964936e-05 1243
3.763499999998032e-05 1242
3.7638999999423106e-05 1241
3.764600000000229e-05 1242
3.7675999999819965e-05 1243
3.770599999963764e-05 1244
3.7735999999455316e-05 1245
3.775899999958199e-05 1244
3.776599999927299e-05 1245
3.7795999999978847e-05 1246
3.782599999979652e-05 1247
3.78559999996142e-05 1248
3.787899999974087e-05 1247
3.7885999999431874e-05 1248
3.791599999924955e-05 1249
3.7945999999955404e-05 1250
3.797599999977308e-05 1251
3.799899999989975e-05 1250
3.8002999999342535e-05 1249
3.8005999999590756e-05 1250
3.803599999940843e-05 1251
3.806599999922611e-05 1252
3.809599999993196e-05 1253
3.812299999950142e-05 1252
3.812599999974964e-05 1253
3.8155999999567314e-05 1254
3.818599999938499e-05 1255
3.8215999999202666e-05 1256
3.82429999996603e-05 1255
3.824599999990852e-05 1256
3.8275999999726196e-05 1257
3.830599999954387e-05 1258
3.833599999936155e-05 1259
3.836299999981918e-05 1258
3.836599999917922e-05 1259
3.8366999999261964e-05 1258
3.8370999999592925e-05 1257
3.839599999988508e-05 1258
3.8425999999702753e-05 1259
3.845599999952043e-05 1260
3.8485999999338105e-05 1261
3.849099999975181e-05 1260
3.851600000004396e-05 1261
3.8545999999861635e-05 1262
3.857599999967931e-05 1263
3.860599999949699e-05 1264
3.861099999991069e-05 1263
3.863599999931466e-05 1264
3.866600000002052e-05 1265
3.869599999983819e-05 1266
3.872599999965587e-05 1267
3.873099999918139e-05 1266
3.8734999999512354e-05 1265
3.8738999999843315e-05 1264
3.87429999992861e-05 1263
3.874699999961706e-05 1262
3.875099999994802e-05 1261
3.8755999999473545e-05 1262
3.878599999929122e-05 1263
3.8815999999997075e-05 1264
3.884599999981475e-05 1265
3.8870999999218725e-05 1264
3.887599999963243e-05 1265
3.89059999994501e-05 1266
3.893599999926778e-05 1267
3.896599999997363e-05 1268
3.899099999937761e-05 1267
3.899499999970857e-05 1266
3.899599999979131e-05 1267
3.9025999999608985e-05 1268
3.905599999942666e-05 1269
3.9085999999244336e-05 1270
3.911499999986745e-05 1269
3.911599999995019e-05 1270
3.91299999993322e-05 1271
3.916000000003805e-05 1272
3.918999999985573e-05 1273
3.9219999999673405e-05 1274
3.923500000002633e-05 1273
3.9238999999469115e-05 1272
3.924999999949108e-05 1273
3.927999999930876e-05 1274
3.931000000001461e-05 1275
3.932399999939662e-05 1276
3.9353999999214295e-05 1277
3.9358999999628e-05 1276
3.938399999992015e-05 1277
3.9413999999737825e-05 1278
3.94439999995555e-05 1279
3.947399999937318e-05 1280
3.947899999978688e-05 1279
3.948299999922966e-05 1278
3.950399999919085e-05 1279
3.951799999946104e-05 1280
3.9547999999278716e-05 1281
3.955999999938342e-05 1282
3.957799999998457e-05 1283
3.9602999999388544e-05 1282
3.9606999999719505e-05 1281
3.9607999999802246e-05 1282
3.961100000005047e-05 1281
3.961499999949325e-05 1280
3.961899999982421e-05 1279
3.9622999999266995e-05 1278
3.963799999961992e-05 1279
3.96679999994376e-05 1280
3.9697999999255273e-05 1281
3.972799999996113e-05 1282
3.9742999999425876e-05 1281
3.974699999975684e-05 1280
3.975099999919962e-05 1279
3.975499999953058e-05 1278
3.9757999999778804e-05 1279
3.978799999959648e-05 1280
3.9817999999414155e-05 1281
3.984799999923183e-05 1282
3.9874999999689464e-05 1281
3.9877999999937686e-05 1282
3.9994999999848346e-05 1281
4.000099999945661e-05 1282
4.011500000000723e-05 1281
4.011899999945001e-05 1280
4.023899999960889e-05 1279
4.0242999999939855e-05 1278
4.036299999921056e-05 1277
4.036699999954152e-05 1276
4.0475999999678436e-05 1277
4.04869999997004e-05 1276
4.05999999992801e-05 1277
4.0606999999859283e-05 1276
4.0610999999302066e-05 1275
4.070799999933428e-05 1276
4.073099999946095e-05 1275
4.084899999945435e-05 1276
4.085099999961983e-05 1275
4.085499999995079e-05 1274
4.0858999999393575e-05 1273
4.094599999948656e-05 1274
4.097899999955246e-05 1273
4.098299999988342e-05 1272
4.09869999993262e-05 1271
4.099099999965716e-05 1270
4.1110999999816045e-05 1269
4.111499999925883e-05 1268
4.111899999958979e-05 1267
4.123899999974867e-05 1266
4.1242999999191454e-05 1265
4.1362999999350336e-05 1264
4.13669999996813e-05 1263
4.137100000001226e-05 1262
4.142599999923391e-05 1263
4.149099999928296e-05 1262
4.1494999999613924e-05 1261
4.1498999999944886e-05 1260
4.1572999999850424e-05 1261
4.161899999921559e-05 1260
4.173899999937447e-05 1259
4.174299999970543e-05 1258
4.1747000000036394e-05 1257
4.18669999993071e-05 1256
4.187099999963806e-05 1255
4.187499999996902e-05 1254
4.1994999999239724e-05 1253
4.1998999999570685e-05 1252
4.211899999972957e-05 1251
4.212299999917235e-05 1250
4.224299999933123e-05 1249
4.2246999999662194e-05 1248
4.2250999999993155e-05 1247
4.225499999943594e-05 1246
4.22589999997669e-05 1245
4.235299999955089e-05 1246
4.237899999992578e-05 1245
4.2382999999368565e-05 1244
4.2502999999527447e-05 1243
4.262299999968633e-05 1242
4.274299999984521e-05 1241
4.286300000000409e-05 1240
4.2982999999274796e-05 1239
4.298699999960576e-05 1238
4.299099999993672e-05 1237
4.29949999993795e-05 1236
4.3114999999538384e-05 1235
4.3234999999697266e-05 1234
4.328699999955887e-05 1235
4.335499999985615e-05 1234
4.347500000001503e-05 1233
4.347899999945781e-05 1232
4.3482999999788774e-05 1231
4.3602999999947656e-05 1230
4.372299999921836e-05 1229
4.372699999954932e-05 1228
4.373099999988028e-05 1227
4.3734999999323065e-05 1226
4.373899999965403e-05 1225
4.374299999998499e-05 1224
4.381699999989053e-05 1225
4.386299999925569e-05 1224
4.3982999999414574e-05 1223
4.3986999999745535e-05 1222
4.3987999999828276e-05 1223
4.410699999990442e-05 1222
4.41109999993472e-05 1221
4.422999999942334e-05 1222
4.423099999950608e-05 1221
4.4234999999837044e-05 1220
4.423899999927983e-05 1219
4.424299999961079e-05 1218
4.4291999999224174e-05 1219
4.436299999976967e-05 1218
4.436699999921245e-05 1217
4.4370999999543415e-05 1216
4.4374999999874376e-05 1215
4.437899999931716e-05 1214
4.444299999928347e-05 1215
4.449899999947604e-05 1214
4.461899999963492e-05 1213
4.4622999999965884e-05 1212
4.462699999940867e-05 1211
4.474699999956755e-05 1210
4.475099999989851e-05 1209
4.487100000005739e-05 1208
4.4990999999328096e-05 1207
4.499499999965906e-05 1206
4.511499999981794e-05 1205
4.511899999926072e-05 1204
4.523499999997682e-05 1205
4.5238999999419605e-05 1204
4.5242999999750566e-05 1203
4.536299999990945e-05 1202
4.536699999935223e-05 1201
4.548699999951111e-05 1200
4.5490999999842074e-05 1199
4.549499999928486e-05 1198
4.549899999961582e-05 1197
4.550299999994678e-05 1196
4.5506999999389564e-05 1195
4.5626999999548445e-05 1194
4.572799999991162e-05 1195
4.57369999997681e-05 1196
4.574699999970733e-05 1195
4.5821999999695606e-05 1196
4.586699999986621e-05 1195
4.588999999999288e-05 1196
4.598700000002509e-05 1195
4.5990999999467874e-05 1194
4.5994999999798836e-05 1193
4.611499999995772e-05 1192
4.623499999922842e-05 1191
4.623899999955938e-05 1190
4.6241999999807604e-05 1191
4.6242999999890344e-05 1190
4.624699999933313e-05 1189
4.636699999949201e-05 1188
4.637099999982297e-05 1187
4.6473999999463445e-05 1188
4.649099999998185e-05 1187
4.6610999999252556e-05 1186
4.661499999958352e-05 1185
4.661899999991448e-05 1184
4.673899999918518e-05 1183
4.6742999999516144e-05 1182
4.6746999999847105e-05 1181
4.686700000000599e-05 1180
4.687099999944877e-05 1179
4.699099999960765e-05 1178
4.6994999999938614e-05 1177
4.7054999999573965e-05 1178
4.711499999920932e-05 1177
4.711899999954028e-05 1176
4.723899999969916e-05 1175
4.724300000003012e-05 1174
4.7362999999300825e-05 1173
4.736699999963179e-05 1172
4.737099999996275e-05 1171
4.749099999923345e-05 1170
4.7610999999392334e-05 1169
4.7730999999551216e-05 1168
4.773499999988218e-05 1167
4.773899999932496e-05 1166
4.785899999948384e-05 1165
4.7862999999814804e-05 1164
4.786699999925759e-05 1163
4.787099999958855e-05 1162
4.787499999991951e-05 1161
4.787899999936229e-05 1160
4.7901999999488964e-05 1161
4.793699999972034e-05 1162
4.7998999999521175e-05 1161
4.8002999999852136e-05 1160
4.800699999929492e-05 1159
4.801099999962588e-05 1158
4.801499999995684e-05 1157
4.8134999999227546e-05 1156
4.813899999955851e-05 1155
4.8154999999994175e-05 1156
4.825899999971739e-05 1155
4.837199999929709e-05 1156
4.837899999987627e-05 1155
4.8382999999319054e-05 1154
4.8502999999477936e-05 1153
4.85069999998089e-05 1152
4.862699999996778e-05 1151
4.874699999923848e-05 1150
4.8750999999569444e-05 1149
4.8754999999900406e-05 1148
4.875899999934319e-05 1147
4.879999999918283e-05 1148
4.8845999999436174e-05 1149
4.887899999950207e-05 1148
4.888299999983303e-05 1147
4.9002999999991914e-05 1146
4.912299999926262e-05 1145
4.912699999959358e-05 1144
4.913099999992454e-05 1143
4.9250999999195244e-05 1142
4.9370999999354126e-05 1141
4.937499999968509e-05 1140
4.949499999984397e-05 1139
4.961500000000285e-05 1138
4.9694999999516654e-05 1139
4.9734999999273555e-05 1138
4.9738999999604516e-05 1137
4.982299999944928e-05 1138
4.9852999999266956e-05 1139
4.98589999997634e-05 1138
4.986299999920618e-05 1137
4.992099999956423e-05 1138
4.9950999999381906e-05 1139
4.998099999919958e-05 1140
4.998299999936506e-05 1139
4.9986999999696025e-05 1138
5.001099999990544e-05 1139
5.0106999999854906e-05 1138
5.011099999929769e-05 1137
5.013599999958984e-05 1138
5.023099999945657e-05 1137
5.023499999978753e-05 1136
5.0238999999230316e-05 1135
5.025199999941776e-05 1136
5.03589999993892e-05 1135
5.036299999972016e-05 1134
5.048299999987904e-05 1133
5.0486999999321824e-05 1132
5.057799999974577e-05 1133
5.0606999999480706e-05 1132
5.061099999981167e-05 1131
5.061499999925445e-05 1130
5.073499999941333e-05 1129
5.0738999999744294e-05 1128
5.0798999999379646e-05 1129
5.0839000000024726e-05 1130
5.0858999999903176e-05 1129
5.086299999934596e-05 1128
5.086699999967692e-05 1127
5.08689999998424e-05 1128
5.087100000000788e-05 1127
5.0874999999450665e-05 1126
5.097699999989658e-05 1127
5.099499999960955e-05 1126
5.10549999992449e-05 1127
5.111499999976843e-05 1126
5.111899999921121e-05 1125
5.1122999999542174e-05 1124
5.1242999999701055e-05 1123
5.124700000003202e-05 1122
5.12509999994748e-05 1121
5.125499999980576e-05 1120
5.1258999999248545e-05 1119
5.135400000000345e-05 1120
5.1378999999407426e-05 1119
5.138399999982113e-05 1120
5.149899999956631e-05 1119
5.150299999989727e-05 1118
5.150699999934005e-05 1117
5.1510999999671014e-05 1116
5.161799999964245e-05 1117
5.1630999999829896e-05 1116
5.163499999927268e-05 1115
5.1682999999691503e-05 1116
5.175499999943156e-05 1115
5.184699999993825e-05 1116
5.187499999959044e-05 1115
5.1878999999921405e-05 1114
5.188299999936419e-05 1113
5.188699999969515e-05 1112
5.195099999966146e-05 1113
5.198099999947914e-05 1114
5.200699999985403e-05 1113
5.2010999999296814e-05 1112
5.2130999999455696e-05 1111
5.213499999978666e-05 1110
5.213899999922944e-05 1109
5.225899999938832e-05 1108
5.2322999999354636e-05 1109
5.2378999999547204e-05 1108
5.24899999998496e-05 1109
5.2498999999706086e-05 1108
5.250300000003705e-05 1107
5.262299999930775e-05 1106
5.262699999963871e-05 1105
5.2630999999969674e-05 1104
5.263499999941246e-05 1103
5.263899999974342e-05 1104
5.263899999974342e-05 1103
5.2668999999561095e-05 1104
5.271999999933996e-05 1105
5.27589999999023e-05 1104
5.2878999999173004e-05 1103
5.289599999969141e-05 1104
5.2998999999331886e-05 1103
5.300299999966285e-05 1102
5.300699999999381e-05 1101
5.312699999926451e-05 1100
5.3130999999595474e-05 1099
5.3250999999754356e-05 1098
5.325499999919714e-05 1097
5.337499999935602e-05 1096
5.34949999995149e-05 1095
5.3498999999845864e-05 1094
5.350899999978509e-05 1095
5.3619000000004746e-05 1094
5.373899999927545e-05 1093
5.374299999960641e-05 1092
5.374699999993737e-05 1091
5.379799999971624e-05 1092
5.3827999999533915e-05 1093
5.3866999999208076e-05 1092
5.3942999999279095e-05 1093
5.397299999998495e-05 1094
5.398699999936696e-05 1093
5.406299999943798e-05 1094
5.410699999952584e-05 1093
5.41109999998568e-05 1092
5.4114999999299584e-05 1091
5.4118999999630546e-05 1090
5.4190999999370604e-05 1091
5.423899999978943e-05 1090
5.424299999923221e-05 1089
5.424699999956317e-05 1088
5.4250999999894134e-05 1087
5.425499999933692e-05 1086
5.428399999996003e-05 1087
5.431899999930323e-05 1088
5.43749999994958e-05 1087
5.4389999999848726e-05 1088
5.4442999999793074e-05 1089
5.449499999965468e-05 1088
5.4578999999499445e-05 1089
5.461499999981356e-05 1088
5.4618999999256346e-05 1087
5.462299999958731e-05 1086
5.462699999991827e-05 1085
5.474699999918897e-05 1084
5.4750999999519934e-05 1083
5.4754999999850895e-05 1082
5.4846999999469404e-05 1083
5.487500000000978e-05 1082
5.487699999928708e-05 1083
5.487899999945256e-05 1082
5.499899999961144e-05 1081
5.5002999999942404e-05 1080
5.512299999921311e-05 1079
5.512699999954407e-05 1078
5.513099999987503e-05 1077
5.520099999944961e-05 1078
5.523099999926728e-05 1079
5.525100000003391e-05 1078
5.5310999999669264e-05 1079
5.5370999999304615e-05 1078
5.54909999994635e-05 1077
5.549499999979446e-05 1076
5.549899999923724e-05 1075
5.55029999995682e-05 1074
5.5622999999727085e-05 1073
5.566799999989769e-05 1074
5.574299999988597e-05 1073
5.586300000004485e-05 1072
5.586699999948763e-05 1071
5.5870999999818594e-05 1070
5.5873999999178636e-05 1071
5.5990999999977475e-05 1070
5.611099999924818e-05 1069
5.611499999957914e-05 1068
5.61189999999101e-05 1067
5.6122999999352885e-05 1066
5.6126999999683846e-05 1065
5.620699999919765e-05 1066
5.624699999984273e-05 1065
5.632699999935653e-05 1066
5.6356999999174207e-05 1067
5.636700000000161e-05 1066
5.637099999944439e-05 1065
5.6374999999775355e-05 1064
5.637899999921814e-05 1063
5.63829999995491e-05 1062
5.650299999970798e-05 1061
5.662299999986686e-05 1060
5.6626999999309646e-05 1059
5.662999999955787e-05 1060
5.663099999964061e-05 1059
5.6738999999694784e-05 1060
5.675099999979949e-05 1059
5.679299999972187e-05 1060
5.679700000005283e-05 1061
5.681099999943484e-05 1062
5.686899999979289e-05 1063
5.687099999995837e-05 1062
5.6990999999229075e-05 1061
5.703699999948242e-05 1062
5.704299999997886e-05 1063
5.7088999999344026e-05 1064
5.711099999938796e-05 1063
5.717499999935427e-05 1064
5.723099999954684e-05 1063
5.72349999998778e-05 1062
5.723899999932058e-05 1061
5.7242999999651545e-05 1060
5.727599999971744e-05 1061
5.7323000000053526e-05 1062
5.73479999994575e-05 1063
5.736299999981043e-05 1062
5.7377999999275175e-05 1063
5.745999999984264e-05 1064
5.748299999996931e-05 1063
5.748699999941209e-05 1062
5.748999999966031e-05 1063
5.749099999974305e-05 1062
5.7513999999869725e-05 1063
5.754599999985288e-05 1064
5.7610999999901935e-05 1063
5.761499999934472e-05 1062
5.761599999942746e-05 1063
5.768199999955925e-05 1064
5.77349999995036e-05 1063
5.773899999983456e-05 1062
5.7742999999277345e-05 1061
5.776699999948676e-05 1062
5.779500000002713e-05 1063
5.779699999930443e-05 1064
5.781399999982284e-05 1065
5.7862999999436227e-05 1066
5.7862999999436227e-05 1065
5.786699999976719e-05 1064
5.787099999920997e-05 1063
5.78929999992539e-05 1064
5.792299999995976e-05 1065
5.795499999994291e-05 1066
5.798499999976059e-05 1067
5.799099999936885e-05 1066
5.7994999999699814e-05 1065
5.8014999999578265e-05 1066
5.804499999939594e-05 1067
5.807499999921362e-05 1068
5.8114999999858696e-05 1067
5.811899999930148e-05 1066
5.820199999995168e-05 1067
5.823899999946036e-05 1066
5.824299999979132e-05 1065
5.8246999999234106e-05 1064
5.825499999989603e-05 1065
5.8284999999713705e-05 1066
5.831499999953138e-05 1067
5.8344999999349056e-05 1068
5.836699999939299e-05 1067
5.837500000005491e-05 1068
5.840499999987259e-05 1069
5.843499999969026e-05 1070
5.848699999955187e-05 1069
5.849099999988283e-05 1068
5.8494999999325614e-05 1067
5.850599999934758e-05 1068
5.8536000000053434e-05 1069
5.856599999987111e-05 1070
5.8595999999688786e-05 1071
5.8614999999484496e-05 1070
5.861899999981546e-05 1069
5.862299999925824e-05 1068
5.862599999950646e-05 1069
5.865599999932414e-05 1070
5.869499999988648e-05 1071
5.8708999999268485e-05 1072
5.874299999941712e-05 1071
5.8746999999748084e-05 1070
5.875099999919087e-05 1069
5.875499999952183e-05 1068
5.875899999985279e-05 1069
5.8788999999670466e-05 1070
5.881899999948814e-05 1071
5.884899999930582e-05 1072
5.887499999968071e-05 1071
5.887900000001167e-05 1070
5.8882999999454455e-05 1069
5.8922999999211356e-05 1070
5.8961999999773695e-05 1071
5.900299999961334e-05 1070
5.902899999998823e-05 1071
5.9058999999805906e-05 1072
5.908899999962358e-05 1073
5.912299999977222e-05 1072
5.9126999999215e-05 1071
5.9130999999545963e-05 1070
5.918799999982127e-05 1071
5.922699999949543e-05 1072
5.9250999999704845e-05 1071
5.930399999964919e-05 1072
5.9306999999897414e-05 1073
5.933699999971509e-05 1074
5.9366999999532766e-05 1075
5.937099999986373e-05 1074
5.939699999935044e-05 1075
5.9427000000056296e-05 1076
5.9441999999521045e-05 1077
5.945699999987397e-05 1078
5.948699999969165e-05 1079
5.949100000002261e-05 1078
5.9516999999509324e-05 1079
5.9546999999327e-05 1080
5.960399999960231e-05 1081
5.961099999929331e-05 1080
5.9614999999624274e-05 1079
5.9618999999955236e-05 1078
5.962299999939802e-05 1077
5.962699999972898e-05 1076
5.9633999999419984e-05 1077
5.966399999923766e-05 1078
5.9692999999860774e-05 1079
5.9693999999943514e-05 1080
5.972399999976119e-05 1081
5.974699999988786e-05 1080
5.9753999999578866e-05 1081
5.978399999939654e-05 1082
5.981399999921422e-05 1083
5.984399999992007e-05 1084
5.9867000000046744e-05 1083
5.987099999948953e-05 1082
5.987399999973775e-05 1083
5.987499999982049e-05 1082
5.987899999926327e-05 1081
5.9905999999720905e-05 1082
5.99719999998527e-05 1083
5.9998999999422153e-05 1082
6.0002999999753115e-05 1081
6.00069999991959e-05 1080
6.0024999999797046e-05 1081
6.005499999961472e-05 1082
6.00849999994324e-05 1083
6.0114999999250074e-05 1084
6.012699999935478e-05 1083
6.014499999995593e-05 1084
6.0174999999773604e-05 1085
6.020499999959128e-05 1086
6.0234999999408956e-05 1087
6.024699999951366e-05 1086
6.026499999922663e-05 1087
6.0294999999932486e-05 1088
6.032499999975016e-05 1089
6.035499999956784e-05 1090
6.0366999999672544e-05 1089
6.0371000000003505e-05 1088
6.037499999944629e-05 1087
6.0385999999468254e-05 1088
6.041599999928593e-05 1089
6.0445999999991784e-05 1090
6.047599999980946e-05 1091
6.049499999960517e-05 1090
6.049899999993613e-05 1089
6.051899999981458e-05 1090
6.054899999963226e-05 1091
6.0618999999206835e-05 1090
6.0622999999537797e-05 1089
6.062599999978602e-05 1090
6.062699999986876e-05 1089
6.0673999999316663e-05 1090
6.068399999925589e-05 1091
6.070400000002252e-05 1092
6.0733999999840194e-05 1093
6.074700000002764e-05 1092
6.075099999947042e-05 1091
6.076399999965787e-05 1092
6.0793999999475545e-05 1093
6.0870999999629305e-05 1092
6.0874999999960266e-05 1091
6.089599999992146e-05 1092
6.0946999999700324e-05 1093
6.099499999923097e-05 1092
6.10169999992749e-05 1093
6.104699999998076e-05 1094
6.111499999938985e-05 1093
6.111899999972081e-05 1092
6.113899999959926e-05 1093
6.119099999946087e-05 1094
6.122899999994047e-05 1095
6.12389999998797e-05 1094
6.128099999980208e-05 1095
6.133199999958094e-05 1096
6.135900000003858e-05 1095
6.136199999939862e-05 1096
6.13919999992163e-05 1097
6.142199999992215e-05 1098
6.145199999973983e-05 1099
6.147899999930928e-05 1098
6.14819999995575e-05 1099
6.148299999964024e-05 1098
6.14869999999712e-05 1097
6.151199999937518e-05 1098
6.154599999952381e-05 1099
6.160699999924191e-05 1098
6.161099999957287e-05 1097
6.161799999926387e-05 1098
6.170299999919138e-05 1099
6.173099999973175e-05 1098
6.173499999917453e-05 1097
6.17389999995055e-05 1096
6.178299999959336e-05 1097
6.181299999941103e-05 1098
6.184299999922871e-05 1099
6.18569999994989e-05 1100
6.185899999966438e-05 1099
6.186299999999534e-05 1098
6.186699999943812e-05 1097
6.187299999993456e-05 1098
6.191700000002243e-05 1099
6.19469999998401e-05 1100
6.1986999999597e-05 1099
6.198899999976248e-05 1100
6.200300000003267e-05 1101
6.20149999992492e-05 1102
6.210699999975589e-05 1101
6.211099999919867e-05 1100
6.218799999935243e-05 1101
6.22179999991701e-05 1102
6.223099999935755e-05 1101
6.233099999963798e-05 1102
6.235099999951643e-05 1101
6.23549999998474e-05 1100
6.245099999979686e-05 1101
6.247500000000628e-05 1100
6.247899999944906e-05 1099
6.248299999978002e-05 1098
6.24869999992228e-05 1097
6.249099999955376e-05 1096
6.249499999988473e-05 1095
6.252699999986788e-05 1096
6.261500000004361e-05 1095
6.261899999948639e-05 1094
6.262299999981735e-05 1093
6.267299999951348e-05 1094
6.269099999922645e-05 1095
6.273899999964527e-05 1096
6.274299999997623e-05 1095
6.282799999990374e-05 1096
6.286299999924694e-05 1095
6.289699999939558e-05 1096
6.297099999930111e-05 1097
6.298299999940582e-05 1096
6.298699999973678e-05 1095
6.299099999917956e-05 1094
6.304799999945487e-05 1095
6.307799999927255e-05 1096
6.31079999999784e-05 1097
6.311099999933845e-05 1096
6.312499999960863e-05 1097
6.316999999977924e-05 1098
6.322399999980632e-05 1099
6.323099999949733e-05 1098
6.3253999999624e-05 1099
6.331499999934209e-05 1100
6.335099999965621e-05 1099
6.335499999998717e-05 1098
6.342499999956175e-05 1099
6.345499999937942e-05 1100
6.347499999925788e-05 1099
6.347899999958884e-05 1098
6.34849999991971e-05 1099
6.351499999990295e-05 1100
6.354499999972063e-05 1101
6.35749999995383e-05 1102
6.359899999974772e-05 1101
6.360499999935598e-05 1102
6.363499999917366e-05 1103
6.366499999987951e-05 1104
6.366599999996225e-05 1105
6.369499999969719e-05 1106
6.37189999999066e-05 1105
6.372299999934938e-05 1104
6.381899999929885e-05 1105
6.384299999950827e-05 1104
6.384699999983923e-05 1103
6.38699999999659e-05 1104
6.39549999998934e-05 1105
6.396699999999811e-05 1104
6.398499999971108e-05 1105
6.401499999952875e-05 1106
6.404499999934643e-05 1107
6.407500000005228e-05 1108
6.408699999926881e-05 1107
6.409099999959977e-05 1106
6.410499999986996e-05 1107
6.421099999975866e-05 1106
6.421499999920144e-05 1105
6.42189999995324e-05 1104
6.428199999941597e-05 1105
6.431199999923365e-05 1106
6.433899999969128e-05 1105
6.43419999999395e-05 1106
6.434300000002224e-05 1105
6.442599999978427e-05 1106
6.443899999997171e-05 1107
6.446299999929295e-05 1106
6.446699999962391e-05 1105
6.447099999995487e-05 1104
6.447499999939765e-05 1103
6.459499999955653e-05 1102
6.466299999985381e-05 1103
6.469299999967149e-05 1104
6.471499999971542e-05 1103
6.472299999948916e-05 1104
6.475299999930684e-05 1105
6.478300000001269e-05 1106
6.481299999983037e-05 1107
6.48349999998743e-05 1106
6.483899999931708e-05 1105
6.484299999964804e-05 1106
6.484299999964804e-05 1105
6.4846999999979e-05 1104
6.485099999942179e-05 1103
6.485499999975275e-05 1102
6.487299999946572e-05 1103
6.49029999992834e-05 1104
6.493299999998925e-05 1105
6.497499999991163e-05 1104
6.497899999935441e-05 1103
6.499099999945912e-05 1104
6.506299999919918e-05 1105
6.50989999995133e-05 1104
6.510299999984426e-05 1103
6.512399999980545e-05 1104
6.515399999962312e-05 1105
6.51839999994408e-05 1106
6.522300000000314e-05 1105
6.522699999944592e-05 1104
6.526600000000826e-05 1105
6.527099999953379e-05 1106
6.527999999939027e-05 1107
6.530999999920795e-05 1108
6.53399999999138e-05 1109
6.53469999996048e-05 1108
6.535099999993577e-05 1107
6.544299999955427e-05 1108
6.547099999920647e-05 1107
6.547299999937195e-05 1108
6.547499999953743e-05 1107
6.547899999986839e-05 1106
6.550299999918963e-05 1107
6.553299999989548e-05 1108
6.556299999971316e-05 1109
6.559299999953083e-05 1110
6.559900000002727e-05 1109
6.560299999947006e-05 1108
6.560699999980102e-05 1107
6.562299999934851e-05 1108
6.57269999999599e-05 1107
6.573999999925917e-05 1108
6.577299999932507e-05 1109
6.580300000003092e-05 1110
6.58329999998486e-05 1111
6.58469999992306e-05 1110
6.586299999966627e-05 1111
6.589299999948395e-05 1112
6.592299999930162e-05 1113
6.595300000000748e-05 1114
6.596699999938949e-05 1113
6.597099999972045e-05 1112
6.597500000005141e-05 1111
6.598299999982515e-05 1112
6.601299999964283e-05 1113
6.602699999991302e-05 1114
6.605699999973069e-05 1115
6.607100000000088e-05 1116
6.609499999932211e-05 1115
6.609899999965307e-05 1114
6.610099999981855e-05 1115
6.613099999963623e-05 1116
6.61609999994539e-05 1117
6.619099999927158e-05 1118
6.621899999981196e-05 1117
6.622099999997744e-05 1118
6.622299999925474e-05 1117
6.625099999979511e-05 1118
6.628099999961279e-05 1119
6.628999999946927e-05 1120
6.631099999943046e-05 1121
6.634299999941362e-05 1120
6.634699999974458e-05 1119
6.635099999918737e-05 1118
6.635999999993203e-05 1119
6.641599999923642e-05 1120
6.647099999934625e-05 1119
6.647499999967721e-05 1118
6.647900000000817e-05 1117
6.65359999993953e-05 1118
6.657499999995764e-05 1119
6.659899999927887e-05 1118
6.660299999960984e-05 1117
6.662499999965377e-05 1118
6.665499999947144e-05 1119
6.672299999976872e-05 1118
6.679399999942603e-05 1119
6.682399999924371e-05 1120
6.68429999999276e-05 1119
6.684699999937038e-05 1118
6.685099999970134e-05 1117
6.68550000000323e-05 1116
6.685599999922687e-05 1117
6.692599999968962e-05 1118
6.69559999995073e-05 1119
6.697499999930301e-05 1118
6.698599999932497e-05 1119
6.706299999947873e-05 1120
6.709499999946189e-05 1119
6.709899999979285e-05 1118
6.710299999923564e-05 1117
6.718599999988584e-05 1118
6.721599999970351e-05 1119
6.722299999939452e-05 1118
6.724599999952119e-05 1119
6.731899999934399e-05 1120
6.73429999995534e-05 1119
6.734699999988436e-05 1118
6.742199999987264e-05 1119
6.746700000004324e-05 1118
6.75789999995402e-05 1119
6.758699999931395e-05 1118
6.759099999964491e-05 1117
6.759499999997587e-05 1116
6.759899999941865e-05 1115
6.760299999974961e-05 1114
6.76119999996061e-05 1115
6.764599999975474e-05 1116
6.769899999969908e-05 1117
6.771499999924657e-05 1118
6.77229999999085e-05 1117
6.78429999991792e-05 1116
6.784699999951016e-05 1115
6.796699999966904e-05 1114
6.798399999929927e-05 1115
6.80839999995797e-05 1116
6.808699999982792e-05 1115
6.809099999927071e-05 1114
6.809499999960167e-05 1113
6.809899999993263e-05 1112
6.821899999920333e-05 1111
6.82229999995343e-05 1110
6.822499999969978e-05 1111
6.832299999981473e-05 1112
6.834299999969318e-05 1111
6.83529999996324e-05 1112
6.846299999985206e-05 1111
6.856699999957527e-05 1112
6.858300000001094e-05 1111
6.858699999945372e-05 1110
6.867499999962945e-05 1111
6.870499999944712e-05 1112
6.87069999996126e-05 1111
6.871099999994357e-05 1110
6.883099999921427e-05 1109
6.883499999954523e-05 1108
6.892199999963822e-05 1109
6.895199999945589e-05 1110
6.895499999970411e-05 1109
6.898199999927357e-05 1110
6.9074999999863e-05 1109
6.909099999941049e-05 1110
6.912099999922816e-05 1111
6.918299999991717e-05 1112
6.919500000002188e-05 1111
6.925599999973997e-05 1112
6.928599999955765e-05 1113
6.931499999929258e-05 1112
6.931599999937532e-05 1113
6.931899999962354e-05 1112
6.943899999978242e-05 1111
6.95589999999413e-05 1112
6.95589999999413e-05 1111
6.956299999938409e-05 1110
6.956699999971505e-05 1109
6.960199999994643e-05 1110
6.968699999987393e-05 1109
6.969099999931672e-05 1108
6.976999999963596e-05 1109
6.98109999994756e-05 1108
6.993099999963448e-05 1107
7.005099999979336e-05 1106
7.006699999934085e-05 1107
7.017099999995224e-05 1106
7.017499999939503e-05 1105
7.017899999972599e-05 1104
7.020799999946092e-05 1105
7.029899999988487e-05 1104
7.030299999932765e-05 1103
7.038299999972963e-05 1104
7.041299999954731e-05 1105
7.042299999948654e-05 1104
7.04269999998175e-05 1103
7.047499999934814e-05 1104
7.054699999997638e-05 1103
7.056099999935839e-05 1104
7.066699999924708e-05 1103
7.078699999940596e-05 1102
7.080299999984163e-05 1103
7.090699999956485e-05 1102
7.091099999989581e-05 1101
7.103100000005469e-05 1100
7.115099999932539e-05 1099
7.115499999965635e-05 1098
7.115899999998732e-05 1097
7.117099999920384e-05 1098
7.127899999925802e-05 1097
7.128299999958898e-05 1096
7.129499999969369e-05 1097
7.134599999947255e-05 1098
7.140299999974786e-05 1097
7.140699999919065e-05 1096
7.141899999929535e-05 1097
7.147599999957066e-05 1098
7.150599999938834e-05 1099
7.152699999934953e-05 1098
7.153099999968049e-05 1097
7.153500000001145e-05 1096
7.153599999920601e-05 1097
7.156599999991187e-05 1098
7.165499999928215e-05 1097
7.177499999944104e-05 1096
7.17909999998767e-05 1097
7.185999999936854e-05 1098
7.189499999959992e-05 1097
7.189899999993088e-05 1096
7.190299999937366e-05 1095
7.190699999970462e-05 1094
7.191100000003559e-05 1093
7.191499999947837e-05 1094
7.191499999947837e-05 1093
7.201999999928432e-05 1094
7.203499999963725e-05 1093
7.203899999996821e-05 1092
7.2042999999411e-05 1091
7.204999999999018e-05 1092
7.216299999956988e-05 1091
7.216699999990084e-05 1090
7.228699999917154e-05 1091
7.228699999917154e-05 1090
7.22909999995025e-05 1089
7.241099999966139e-05 1088
7.24299999994571e-05 1089
7.253099999982027e-05 1088
7.253499999926305e-05 1087
7.255099999969872e-05 1088
7.265499999942193e-05 1087
7.277499999958081e-05 1086
7.277899999991178e-05 1085
7.278299999935456e-05 1084
7.279899999979023e-05 1085
7.290299999951344e-05 1084
7.302299999967232e-05 1083
7.302700000000328e-05 1082
7.305099999932452e-05 1083
7.314699999927399e-05 1082
7.315099999960495e-05 1081
7.317899999925714e-05 1082
7.32439999993062e-05 1083
7.327099999976383e-05 1082
7.329899999941603e-05 1083
7.33219999995427e-05 1084
7.339099999992271e-05 1083
7.33949999993655e-05 1082
7.344299999978432e-05 1083
7.351499999952438e-05 1082
7.353799999965105e-05 1083
7.356799999946873e-05 1084
7.363499999968326e-05 1083
7.368399999929665e-05 1084
7.375499999984214e-05 1083
7.387500000000102e-05 1082
7.392299999953167e-05 1083
7.395299999934934e-05 1084
7.399499999927173e-05 1083
7.400799999945917e-05 1084
7.403799999927685e-05 1085
7.40679999999827e-05 1086
7.411499999943061e-05 1085
7.411899999976157e-05 1084
7.417499999995414e-05 1085
7.423899999992045e-05 1084
7.424299999936324e-05 1083
7.42469999996942e-05 1082
7.435699999991385e-05 1083
7.436699999985308e-05 1082
7.445199999978058e-05 1083
7.448700000001196e-05 1082
7.449099999945474e-05 1081
7.44949999997857e-05 1080
7.449899999922849e-05 1079
7.450299999955945e-05 1078
7.450699999989041e-05 1077
7.462700000004929e-05 1076
7.469199999921017e-05 1077
7.474699999932e-05 1076
7.475099999965096e-05 1075
7.479499999973882e-05 1076
7.487099999980984e-05 1075
7.487499999925262e-05 1074
7.49429999995499e-05 1075
7.49949999994115e-05 1074
7.499899999974247e-05 1073
7.501399999920721e-05 1074
7.511899999990135e-05 1073
7.512299999934413e-05 1072
7.512699999967509e-05 1071
7.517499999920574e-05 1072
7.524699999983397e-05 1071
7.525099999927676e-05 1070
7.525499999960772e-05 1069
7.528899999975636e-05 1070
7.53749999997666e-05 1069
7.549499999992548e-05 1068
7.554799999986983e-05 1069
7.561499999919619e-05 1068
7.567099999938875e-05 1069
7.573499999935507e-05 1068
7.573899999968603e-05 1067
7.574300000001699e-05 1066
7.584999999998843e-05 1067
7.58629999992877e-05 1066
7.594499999985516e-05 1067
7.595899999923716e-05 1068
7.598299999944658e-05 1067
7.603499999930818e-05 1068
7.610299999960546e-05 1067
7.615899999979803e-05 1068
7.622299999976434e-05 1067
7.622699999920712e-05 1066
7.623099999953808e-05 1065
7.628299999939969e-05 1066
7.631299999921737e-05 1067
7.635099999969697e-05 1066
7.635500000002793e-05 1065
7.635899999947071e-05 1064
7.640699999988954e-05 1065
7.64789999996296e-05 1064
7.648299999996055e-05 1063
7.648699999940334e-05 1062
7.660699999956222e-05 1061
7.661099999989318e-05 1060
7.664699999931912e-05 1061
7.673100000005206e-05 1060
7.6766999999478e-05 1061
7.685099999932277e-05 1060
7.685499999965373e-05 1059
7.685899999998469e-05 1058
7.689099999996785e-05 1059
7.697899999925539e-05 1058
7.698299999958635e-05 1059
7.698299999958635e-05 1058
7.701299999940403e-05 1059
7.710299999974524e-05 1058
7.713899999917118e-05 1059
7.722299999990412e-05 1058
7.72269999993469e-05 1057
7.726299999966102e-05 1058
7.726299999966102e-05 1059
7.734699999950578e-05 1058
7.746699999966467e-05 1057
7.747099999999563e-05 1056
7.747499999943841e-05 1055
7.755999999936591e-05 1056
7.759499999959729e-05 1055
7.762299999924949e-05 1056
7.765299999995534e-05 1057
7.771199999950795e-05 1058
7.771499999975617e-05 1057
7.771899999919896e-05 1056
7.772299999952992e-05 1055
7.772699999986088e-05 1054
7.773099999930366e-05 1053
7.773499999963462e-05 1052
7.773899999996559e-05 1051
7.774199999932563e-05 1052
7.777200000003148e-05 1053
7.780199999984916e-05 1054
7.784399999977154e-05 1055
7.785899999923629e-05 1054
7.794400000005197e-05 1055
7.797899999939517e-05 1054
7.799899999927362e-05 1055
7.807799999959286e-05 1056
7.809899999955405e-05 1055
7.81189999994325e-05 1056
7.821899999971293e-05 1055
7.82230000000439e-05 1054
7.822699999948668e-05 1053
7.823899999959139e-05 1054
7.834699999964556e-05 1053
7.836599999944127e-05 1054
7.838499999923698e-05 1055
7.846699999980444e-05 1054
7.851799999958331e-05 1055
7.858699999996333e-05 1054
7.859099999940611e-05 1053
7.859499999973707e-05 1052
7.859899999917985e-05 1051
7.860299999951081e-05 1052
7.871899999933873e-05 1051
7.87299999993607e-05 1052
7.883899999949762e-05 1051
7.885499999993328e-05 1052
7.89589999996565e-05 1051
7.897899999953495e-05 1052
7.899799999933066e-05 1053
7.905599999968871e-05 1054
7.906299999937971e-05 1055
7.907899999981538e-05 1054
7.908599999950638e-05 1055
7.919899999997426e-05 1054
7.922699999962646e-05 1055
7.925499999927865e-05 1056
7.931899999924497e-05 1055
7.932299999957593e-05 1054
7.934699999978534e-05 1055
7.937699999960302e-05 1056
7.944299999973481e-05 1055
7.944699999917759e-05 1054
7.948599999973993e-05 1055
7.948699999982267e-05 1056
7.951699999964035e-05 1057
7.954999999970624e-05 1058
7.956699999933647e-05 1057
7.968199999996983e-05 1058
7.968699999949536e-05 1057
7.969099999982632e-05 1056
7.96949999992691e-05 1055
7.969899999960006e-05 1054
7.970299999993102e-05 1053
7.97069999993738e-05 1052
7.973899999935696e-05 1053
7.978699999977579e-05 1054
7.982699999953269e-05 1053
7.983099999986365e-05 1052
7.983499999930643e-05 1051
7.98389999996374e-05 1050
7.984299999996836e-05 1049
7.98440000000511e-05 1050
7.984699999941114e-05 1049
7.98509999997421e-05 1048
7.985499999918488e-05 1047
7.992799999989586e-05 1048
7.997499999934377e-05 1047
7.997899999967473e-05 1046
8.001999999951437e-05 1047
8.004999999933204e-05 1048
8.00800000000379e-05 1049
8.009899999983361e-05 1048
8.010299999927639e-05 1047
8.010699999960735e-05 1046
8.011099999993831e-05 1045
8.013499999925955e-05 1046
8.01649999999654e-05 1047
8.019499999978308e-05 1048
8.022499999960075e-05 1049
8.023099999920902e-05 1048
8.023499999953998e-05 1047
8.023899999987094e-05 1046
8.025499999941843e-05 1047
8.026899999968862e-05 1048
8.035900000002982e-05 1047
8.040299999922951e-05 1048
8.045499999997929e-05 1049
8.047899999930053e-05 1048
8.048299999963149e-05 1047
8.048699999996245e-05 1046
8.049099999940523e-05 1045
8.05019999994272e-05 1046
8.053199999924487e-05 1047
8.059899999945941e-05 1048
8.061099999956411e-05 1047
8.061499999989508e-05 1046
8.072299999994925e-05 1047
8.073500000005396e-05 1046
8.075899999937519e-05 1047
8.078899999919287e-05 1048
8.084299999921996e-05 1049
8.085499999932466e-05 1048
8.085899999965562e-05 1047
8.086299999998658e-05 1046
8.086699999942937e-05 1045
8.097100000004076e-05 1046
8.098699999958825e-05 1045
8.101599999932318e-05 1046
8.104600000002904e-05 1047
8.107599999984672e-05 1048
8.110599999966439e-05 1049
8.110699999974713e-05 1048
8.114799999958677e-05 1049
8.117799999940445e-05 1050
8.120799999922212e-05 1051
8.122699999990601e-05 1050
8.123799999992798e-05 1051
8.129999999972881e-05 1052
8.132999999954649e-05 1053
8.134699999917672e-05 1052
8.135099999950768e-05 1051
8.135499999983864e-05 1050
8.139099999926458e-05 1051
8.147499999999752e-05 1050
8.151999999927995e-05 1051
8.15499999999858e-05 1052
8.156399999936781e-05 1053
8.159499999926823e-05 1052
8.163999999943883e-05 1053
8.16909999992177e-05 1054
8.171499999942711e-05 1053
8.172599999944907e-05 1054
8.173499999930556e-05 1055
8.176099999968045e-05 1056
8.182899999997773e-05 1057
8.183499999958599e-05 1056
8.183899999991695e-05 1055
8.186899999973463e-05 1056
8.18989999995523e-05 1057
8.192899999936998e-05 1058
8.195899999918765e-05 1059
8.195899999918765e-05 1058
8.198899999989351e-05 1059
8.201899999971118e-05 1060
8.204899999952886e-05 1061
8.207899999934654e-05 1062
8.207899999934654e-05 1061
8.210900000005239e-05 1062
8.213899999987007e-05 1063
8.216899999968774e-05 1064
8.219899999950542e-05 1065
8.219899999950542e-05 1064
8.22289999993231e-05 1065
8.225900000002895e-05 1066
8.228899999984662e-05 1067
8.23189999996643e-05 1068
8.23189999996643e-05 1067
8.234899999948198e-05 1068
8.237899999929965e-05 1069
8.24090000000055e-05 1070
8.243899999982318e-05 1071
8.243899999982318e-05 1070
8.244299999926596e-05 1069
8.246899999964086e-05 1070
8.249899999945853e-05 1071
8.252899999927621e-05 1072
8.255899999998206e-05 1073
8.256299999942485e-05 1072
8.256699999975581e-05 1071
8.258899999979974e-05 1072
8.260299999918175e-05 1073
8.26329999998876e-05 1074
8.266299999970528e-05 1075
8.268699999991469e-05 1074
8.269099999935747e-05 1073
8.26990000000194e-05 1074
8.28069999991854e-05 1075
8.281099999951635e-05 1074
8.287899999981363e-05 1075
8.29089999996313e-05 1076
8.293099999967524e-05 1075
8.29350000000062e-05 1074
8.293899999944898e-05 1073
8.294299999977994e-05 1072
8.294699999922273e-05 1073
8.298499999970232e-05 1074
8.306299999993882e-05 1073
8.307799999940357e-05 1074
8.310799999922125e-05 1075
8.31379999999271e-05 1076
8.316799999974478e-05 1077
8.318299999920953e-05 1076
8.318699999954049e-05 1075
8.319099999987145e-05 1074
8.319499999931423e-05 1073
8.319799999956246e-05 1074
8.327900000004718e-05 1075
8.331499999947312e-05 1076
8.331499999947312e-05 1075
8.343099999930104e-05 1076
8.3434999999632e-05 1075
8.343899999996296e-05 1074
8.344299999940574e-05 1073
8.346100000000689e-05 1074
8.355499999979088e-05 1075
8.356299999956462e-05 1074
8.363899999963564e-05 1075
8.36829999997235e-05 1074
8.371999999923219e-05 1075
8.379099999977768e-05 1076
8.380299999988239e-05 1075
8.380699999932517e-05 1074
8.381099999965613e-05 1073
8.38149999999871e-05 1072
8.381899999942988e-05 1071
8.382099999959536e-05 1072
8.385299999957851e-05 1073
8.393899999958876e-05 1072
8.394299999991972e-05 1071
8.39469999993625e-05 1070
8.395099999969347e-05 1069
8.400299999955507e-05 1070
8.407099999985235e-05 1069
8.41829999993493e-05 1070
8.419100000001123e-05 1069
8.419499999945401e-05 1068
8.419899999978497e-05 1067
8.426599999999951e-05 1068
8.431899999994386e-05 1067
8.432299999938664e-05 1066
8.443099999944081e-05 1067
8.444299999954552e-05 1066
8.444699999987648e-05 1065
8.445099999931927e-05 1064
8.449999999982083e-05 1065
8.455499999993066e-05 1066
8.457099999947815e-05 1065
8.465599999940565e-05 1066
8.469099999963703e-05 1065
8.477899999981275e-05 1066
8.479299999919476e-05 1067
8.481099999979591e-05 1066
8.48149999992387e-05 1065
8.481899999956966e-05 1064
8.493899999972854e-05 1063
8.494299999917132e-05 1062
8.494699999950228e-05 1061
8.506699999966116e-05 1060
8.507099999999213e-05 1059
8.507499999943491e-05 1058
8.51669999999416e-05 1059
8.519499999959379e-05 1058
8.519899999992475e-05 1057
8.52189999998032e-05 1058
8.531899999919546e-05 1057
8.543099999958059e-05 1058
8.543899999935434e-05 1057
8.546099999939827e-05 1058
8.551999999983906e-05 1059
8.555099999973947e-05 1060
8.555899999951322e-05 1059
8.556299999984418e-05 1058
8.56389999999152e-05 1059
8.567099999989836e-05 1060
8.568300000000306e-05 1059
8.57069999993243e-05 1060
8.573700000003015e-05 1061
8.579899999983098e-05 1062
8.580299999927377e-05 1061
8.580699999960473e-05 1060
8.583099999981414e-05 1061
8.586600000004552e-05 1062
8.5881999999593e-05 1063
8.591899999998986e-05 1064
8.592699999976361e-05 1063
8.59599999998295e-05 1064
8.601899999938212e-05 1065
8.604699999992249e-05 1064
8.60489999991998e-05 1065
8.605099999936527e-05 1064
8.605499999969624e-05 1063
8.60590000000272e-05 1062
8.606299999946998e-05 1061
8.607899999990565e-05 1062
8.610899999972332e-05 1063
8.6138999999541e-05 1064
8.618299999962886e-05 1063
8.620799999992101e-05 1064
8.629099999968304e-05 1065
8.630299999978774e-05 1064
8.630699999923053e-05 1063
8.631099999956149e-05 1062
8.631499999989245e-05 1061
8.633199999952268e-05 1062
8.64079999995937e-05 1063
8.64149999992847e-05 1064
8.643500000005133e-05 1063
8.643799999941137e-05 1064
8.646799999922905e-05 1065
8.64979999999349e-05 1066
8.65310000000008e-05 1067
8.655499999932204e-05 1066
8.661199999959734e-05 1065
8.66159999999283e-05 1064
8.661999999937109e-05 1063
8.663799999997224e-05 1064
8.666799999978991e-05 1065
8.673999999952997e-05 1064
8.677099999943039e-05 1065
8.685999999968885e-05 1064
8.689199999967201e-05 1065
8.693599999975987e-05 1066
8.696599999957755e-05 1067
8.697999999984773e-05 1066
8.703699999923487e-05 1067
8.710000000000662e-05 1066
8.711199999922314e-05 1067
8.7141999999929e-05 1068
8.719199999962512e-05 1069
8.721999999927732e-05 1068
8.722399999960828e-05 1067
8.734399999976716e-05 1066
8.734799999920995e-05 1065
8.735199999954091e-05 1064
8.739399999946329e-05 1065
8.742699999952919e-05 1066
8.745699999934686e-05 1067
8.747199999969979e-05 1066
8.754799999977081e-05 1067
8.757799999958849e-05 1068
8.759199999985867e-05 1067
8.760799999940616e-05 1068
8.763799999922384e-05 1069
8.766799999992969e-05 1070
8.769799999974737e-05 1071
8.771200000001755e-05 1070
8.771599999946034e-05 1069
8.772799999956504e-05 1070
8.775799999938272e-05 1071
8.77879999992004e-05 1072
8.781799999990625e-05 1073
8.783599999961922e-05 1072
8.785699999958041e-05 1073
8.788699999939809e-05 1074
8.79559999997781e-05 1073
8.799799999970048e-05 1074
8.801199999997067e-05 1075
8.804199999978835e-05 1076
8.807199999960602e-05 1077
8.807599999993698e-05 1076
8.81019999994237e-05 1077
8.813199999924137e-05 1078
8.816199999994723e-05 1079
8.81919999997649e-05 1080
8.819599999920769e-05 1079
8.822199999958258e-05 1080
8.825199999940025e-05 1081
8.828199999921793e-05 1082
8.831199999992378e-05 1083
8.831599999936657e-05 1082
8.831999999969753e-05 1081
8.834199999974146e-05 1082
8.837199999955914e-05 1083
8.840199999937681e-05 1084
8.843199999919449e-05 1085
8.843999999985641e-05 1084
8.846199999990034e-05 1085
8.849199999971802e-05 1086
8.85219999995357e-05 1087
8.855199999935337e-05 1088
8.856000000001529e-05 1087
8.858199999917105e-05 1088
8.86119999998769e-05 1089
8.864199999969458e-05 1090
8.867199999951225e-05 1091
8.8679999999286e-05 1090
8.870899999990911e-05 1091
8.874599999941779e-05 1092
8.877599999923547e-05 1093
8.879999999944488e-05 1092
8.880599999994132e-05 1093
8.8835999999759e-05 1094
8.886599999957667e-05 1095
8.889599999939435e-05 1096
8.891999999960376e-05 1095
8.892599999921202e-05 1096
8.895599999991788e-05 1097
8.898599999973555e-05 1098
8.901599999955323e-05 1099
8.903999999976264e-05 1098
8.90459999993709e-05 1099
8.907599999918858e-05 1100
8.910599999989444e-05 1101
8.913599999971211e-05 1102
8.915999999992152e-05 1101
8.916599999952979e-05 1102
8.919599999934746e-05 1103
8.922600000005332e-05 1104
8.9255999999871e-05 1105
8.927999999919223e-05 1104
8.928599999968867e-05 1105
8.931599999950635e-05 1106
8.934599999932402e-05 1107
8.937600000002988e-05 1108
8.939999999935111e-05 1107
8.940599999984755e-05 1108
8.943599999966523e-05 1109
8.944999999993541e-05 1110
8.947999999975309e-05 1111
8.950999999957077e-05 1112
8.951999999950999e-05 1111
8.953999999938844e-05 1112
8.956999999920612e-05 1113
8.959999999991197e-05 1114
8.962999999972965e-05 1115
8.963999999966887e-05 1114
8.965999999954732e-05 1115
8.9689999999365e-05 1116
8.971999999918268e-05 1117
8.974999999988853e-05 1118
8.975999999982776e-05 1117
8.97799999997062e-05 1118
8.980999999952388e-05 1119
8.983999999934156e-05 1120
8.987000000004741e-05 1121
8.987999999998664e-05 1120
8.989999999986509e-05 1121
8.992999999968276e-05 1122
8.995999999950044e-05 1123
8.998999999931812e-05 1124
8.999999999925734e-05 1123
9.002000000002397e-05 1124
9.004999999984165e-05 1125
9.007999999965932e-05 1126
9.009399999992951e-05 1127
9.011999999941622e-05 1126
9.012399999974718e-05 1127
9.015399999956486e-05 1128
9.018399999938254e-05 1129
9.021399999920021e-05 1130
9.02399999995751e-05 1129
9.024399999990607e-05 1130
9.027399999972374e-05 1131
9.030399999954142e-05 1132
9.03339999993591e-05 1133
9.035999999973399e-05 1132
9.036399999917677e-05 1133
9.039399999988262e-05 1134
9.04239999997003e-05 1135
9.045399999951798e-05 1136
9.047999999989287e-05 1135
9.048399999933565e-05 1136
9.05140000000415e-05 1137
9.054399999985918e-05 1138
9.057399999967686e-05 1139
9.060000000005175e-05 1138
9.060399999949453e-05 1139
9.063399999931221e-05 1140
9.066400000001806e-05 1141
9.069399999983574e-05 1142
9.071999999932245e-05 1141
9.072399999965342e-05 1142
9.075399999947109e-05 1143
9.078399999928877e-05 1144
9.081399999999462e-05 1145
9.082799999937663e-05 1146
9.083999999948134e-05 1145
9.08579999991943e-05 1146
9.088799999990016e-05 1147
9.091799999971784e-05 1148
9.094799999953551e-05 1149
9.095999999964022e-05 1148
9.097799999935319e-05 1149
9.100799999917086e-05 1150
9.103799999987672e-05 1151
9.10679999996944e-05 1152
9.10799999997991e-05 1151
9.109799999951207e-05 1152
9.112799999932975e-05 1153
9.11580000000356e-05 1154
9.118799999985328e-05 1155
9.119999999995798e-05 1154
9.121099999997995e-05 1155
9.121799999967095e-05 1156
9.124799999948863e-05 1157
9.12779999993063e-05 1158
9.130800000001216e-05 1159
9.131999999922868e-05 1158
9.133799999982983e-05 1159
9.136799999964751e-05 1160
9.139799999946518e-05 1161
9.142799999928286e-05 1162
9.143999999938757e-05 1161
9.145799999998871e-05 1162
9.148799999980639e-05 1163
9.15019999991884e-05 1164
9.153199999989425e-05 1165
9.155999999954645e-05 1164
9.156199999971193e-05 1165
9.15919999995296e-05 1166
9.162199999934728e-05 1167
9.165200000005314e-05 1168
9.167999999970533e-05 1167
9.168199999987081e-05 1168
9.171199999968849e-05 1169
9.172599999995867e-05 1170
9.175599999977635e-05 1171
9.178599999959403e-05 1172
9.179999999986421e-05 1171
9.18159999994117e-05 1172
9.184599999922938e-05 1173
9.185999999949956e-05 1174
9.188999999931724e-05 1175
9.19200000000231e-05 1176
9.19200000000231e-05 1175
9.194999999984077e-05 1176
9.197999999965845e-05 1177
9.200999999947612e-05 1178
9.20399999992938e-05 1179
9.20399999992938e-05 1178
9.206999999999965e-05 1179
9.209999999981733e-05 1180
9.2129999999635e-05 1181
9.215999999945268e-05 1182
9.215999999945268e-05 1181
9.217399999972287e-05 1182
9.219499999968406e-05 1183
9.220399999954054e-05 1184
9.223399999935822e-05 1185
9.22639999991759e-05 1186
9.227799999944608e-05 1187
9.227999999961156e-05 1186
9.230799999926376e-05 1187
9.233799999996961e-05 1188
9.236799999978729e-05 1189
9.239799999960496e-05 1190
9.239999999977044e-05 1189
9.242799999942264e-05 1190
9.245799999924031e-05 1191
9.248799999994617e-05 1192
9.251799999976384e-05 1193
9.251999999992933e-05 1192
9.254799999958152e-05 1193
9.25779999993992e-05 1194
9.260799999921687e-05 1195
9.263799999992273e-05 1196
9.263999999920003e-05 1195
9.26679999997404e-05 1196
9.269799999955808e-05 1197
9.272799999937575e-05 1198
9.275799999919343e-05 1199
9.275999999935891e-05 1198
9.278799999989928e-05 1199
9.281799999971696e-05 1200
9.284799999953464e-05 1201
9.287799999935231e-05 1202
9.287999999951779e-05 1201
9.290799999916999e-05 1202
9.293799999987584e-05 1203
9.296799999969352e-05 1204
9.29979999995112e-05 1205
9.299999999967667e-05 1204
9.302799999932887e-05 1205
9.305800000003472e-05 1206
9.30879999998524e-05 1207
9.311799999967008e-05 1208
9.311999999983556e-05 1207
9.314799999948775e-05 1208
9.316199999975794e-05 1209
9.319199999957561e-05 1210
9.322199999939329e-05 1211
9.323999999999444e-05 1210
9.325199999921097e-05 1211
9.328199999991682e-05 1212
9.33119999997345e-05 1213
9.334199999955217e-05 1214
9.335999999926514e-05 1213
9.337199999936985e-05 1214
9.340199999918752e-05 1215
9.343199999989338e-05 1216
9.346199999971105e-05 1217
9.347999999942402e-05 1216
9.349199999952873e-05 1217
9.35219999993464e-05 1218
9.353599999961659e-05 1219
9.356599999943427e-05 1220
9.359599999925194e-05 1221
9.35999999995829e-05 1220
9.36259999999578e-05 1221
9.365599999977547e-05 1222
9.368599999959315e-05 1223
9.371599999941083e-05 1224
9.371999999974179e-05 1223
9.37459999992285e-05 1224
9.377599999993436e-05 1225
9.380599999975203e-05 1226
9.383599999956971e-05 1227
9.383999999990067e-05 1226
9.386599999938738e-05 1227
9.387999999965757e-05 1228
9.390999999947525e-05 1229
9.393999999929292e-05 1230
9.395999999917137e-05 1229
9.396999999999878e-05 1230
9.399999999981645e-05 1231
9.402999999963413e-05 1232
9.40599999994518e-05 1233
9.407999999933025e-05 1232
9.408999999926948e-05 1233
9.411999999997533e-05 1234
9.414999999979301e-05 1235
9.416399999917502e-05 1236
9.419399999988087e-05 1237
9.419999999948914e-05 1236
9.422399999969855e-05 1237
9.425399999951622e-05 1238
9.42839999993339e-05 1239
9.431400000003975e-05 1240
9.431999999964802e-05 1239
9.434399999985743e-05 1240
9.43739999996751e-05 1241
9.440399999949278e-05 1242
9.443399999931046e-05 1243
9.44399999998069e-05 1242
9.446400000001631e-05 1243
9.449399999983399e-05 1244
9.452399999965166e-05 1245
9.455399999946934e-05 1246
9.455999999996578e-05 1245
9.458399999928702e-05 1246
9.461399999999287e-05 1247
9.464399999981055e-05 1248
9.467399999962822e-05 1249
9.467999999923649e-05 1248
9.47039999994459e-05 1249
9.473399999926357e-05 1250
9.474799999953376e-05 1251
9.477799999935144e-05 1252
9.479999999939537e-05 1251
9.480800000005729e-05 1252
9.483799999987497e-05 1253
9.484999999997967e-05 1254
9.486799999969264e-05 1255
9.489799999951032e-05 1256
9.491999999955425e-05 1255
9.4927999999328e-05 1256
9.495800000003385e-05 1257
9.498799999985152e-05 1258
9.503999999971313e-05 1257
9.504400000004409e-05 1258
9.515999999987201e-05 1257
9.51639999993148e-05 1258
9.527399999953445e-05 1259
9.52800000000309e-05 1258
9.530399999935213e-05 1259
9.53339999991698e-05 1260
9.536399999987566e-05 1261
9.53999999993016e-05 1260
9.540799999996352e-05 1261
9.54379999997812e-05 1262
9.551999999946048e-05 1261
9.552799999923423e-05 1262
9.555799999994008e-05 1263
9.563999999961936e-05 1262
9.564799999939311e-05 1263
9.575999999977824e-05 1262
9.58249999998273e-05 1263
9.587999999993713e-05 1262
9.589200000004183e-05 1263
9.599799999993053e-05 1264
9.599999999920783e-05 1263
9.611999999936671e-05 1262
9.613199999947142e-05 1263
9.62399999995256e-05 1262
9.62519999996303e-05 1263
9.628199999944798e-05 1264
9.635199999991073e-05 1265
9.635999999968448e-05 1264
9.647999999984336e-05 1263
9.649199999994806e-05 1264
9.660000000000224e-05 1263
9.661199999921877e-05 1264
9.671999999927294e-05 1263
9.673199999937765e-05 1264
9.683999999943183e-05 1263
9.690599999956362e-05 1264
9.695999999959071e-05 1263
9.697199999969541e-05 1264
9.700199999951309e-05 1265
9.707999999974959e-05 1264
9.70919999998543e-05 1265
9.719999999990847e-05 1264
9.721200000001318e-05 1265
9.731999999917917e-05 1264
9.733199999928388e-05 1265
9.743999999933806e-05 1264
9.745199999944276e-05 1265
9.746599999971295e-05 1266
9.755999999949694e-05 1265
9.767999999965582e-05 1264
9.769199999976053e-05 1265
9.774199999945665e-05 1266
9.77999999998147e-05 1265
9.781199999991941e-05 1266
9.784199999973708e-05 1267
9.787199999955476e-05 1268
9.788599999982495e-05 1269
9.791999999997358e-05 1268
9.793099999999555e-05 1269
9.796099999981323e-05 1270
9.803999999924429e-05 1269
9.8051999999349e-05 1270
9.808200000005485e-05 1271
9.811199999987252e-05 1272
9.81419999996902e-05 1273
9.815999999940317e-05 1272
9.817199999950788e-05 1273
9.820199999932555e-05 1274
9.827999999956205e-05 1273
9.829199999966676e-05 1274
9.832199999948443e-05 1275
9.839699999947271e-05 1276
9.839999999972093e-05 1275
9.848699999981392e-05 1276
9.85169999996316e-05 1277
9.851999999987981e-05 1276
9.854699999944927e-05 1277
9.856099999971946e-05 1278
9.859099999953713e-05 1279
9.863199999937677e-05 1280
9.86400000000387e-05 1279
9.866199999919445e-05 1280
9.86919999999003e-05 1281
9.872199999971798e-05 1282
9.87599999993094e-05 1281
9.87719999994141e-05 1282
9.884699999940239e-05 1283
9.887999999946828e-05 1282
9.889199999957299e-05 1283
9.892199999939066e-05 1284
9.899999999962716e-05 1283
9.901199999973187e-05 1284
9.909100000005111e-05 1285
9.911999999978605e-05 1284
9.913199999989075e-05 1285
9.923999999994493e-05 1284
9.925200000004963e-05 1285
9.935999999921563e-05 1284
9.937199999932034e-05 1285
9.940200000002619e-05 1286
9.943199999984387e-05 1287
9.947999999937451e-05 1286
9.949199999947922e-05 1287
9.95999999995334e-05 1286
9.96119999996381e-05 1287
9.971999999969228e-05 1286
9.973199999979698e-05 1287
9.976199999961466e-05 1288
9.983999999985116e-05 1287
9.985199999995586e-05 1288
9.988199999977354e-05 1289
9.996000000001004e-05 1288
9.997199999922657e-05 1289
9.998599999949676e-05 1290
0.00010001599999931443 1291
0.00010007999999928074 1290
0.00010009199999938545 1291
0.00010012199999920313 1292
0.00010019999999943963 1291
0.00010021199999954433 1292
0.00010031999999959851 1291
0.00010033199999970321 1292
0.00010043999999975739 1291
0.0001004519999998621 1292
0.0001004659999992441 1293
0.00010055999999991627 1292
0.00010057200000002098 1293
0.00010060199999983865 1294
0.00010067799999990967 1295
0.00010067999999918698 1294
0.00010070799999972735 1295
0.00010079999999934586 1294
0.00010081199999945056 1295
0.00010084399999943372 1296
0.00010091999999950474 1295
0.00010093199999960945 1296
0.00010103999999966362 1295
0.00010105199999976833 1296
0.000101081999999586 1297
0.00010111199999940368 1298
0.00010114199999922135 1299
0.0001011599999998225 1298
0.00010117199999992721 1299
0.00010127999999998138 1298
0.00010129199999919791 1299
0.00010135399999988692 1300
0.00010139999999925209 1299
0.0001014119999993568 1300
0.00010146999999971484 1301
0.00010151999999941097 1300
0.00010153199999951568 1301
0.00010163500000004433 1302
0.00010163999999956985 1301
0.000101664999999862 1302
0.00010169499999967968 1303
0.00010175999999972873 1302
0.00010177199999983344 1303
0.00010180199999965112 1304
0.00010183199999946879 1305
0.00010187999999988762 1304
0.00010189199999999232 1305
0.00010193899999944023 1306
0.0001019689999992579 1307
0.0001020000000000465 1306
0.0001020069999997375 1307
0.00010203699999955518 1308
0.0001021199999993172 1307
0.00010213199999942191 1308
0.00010215599999963132 1309
0.00010220199999988466 1310
0.00010223999999947608 1309
0.00010225199999958079 1310
0.00010235999999963497 1309
0.00010237199999973967 1310
0.00010240199999955735 1311
0.00010243199999937502 1312
0.00010247999999979385 1311
0.00010249199999989855 1312
0.00010252199999971623 1313
0.0001025519999995339 1314
0.00010259999999995273 1313
0.00010261200000005744 1314
0.00010264199999987511 1315
0.00010271999999922343 1314
0.00010283999999938231 1313
0.00010285199999948702 1314
0.0001028819999993047 1315
0.0001029599999995412 1314
0.0001029719999996459 1315
0.00010304899999979966 1316
0.00010307899999961734 1317
0.00010307999999970008 1316
0.00010310899999943501 1317
0.00010313899999925269 1318
0.00010316899999995854 1319
0.00010319999999985896 1318
0.00010321199999996367 1319
0.00010332000000001784 1318
0.00010333199999923437 1319
0.00010336199999994022 1320
0.0001033919999997579 1321
0.00010343999999928855 1320
0.00010345199999939325 1321
0.00010348199999921093 1322
0.00010355999999944743 1321
0.00010358099999940862 1322
0.00010367999999960631 1321
0.00010379999999976519 1320
0.0001038119999998699 1321
0.00010384199999968757 1322
0.00010385599999995776 1323
0.00010391999999992407 1322
0.0001039439999992453 1323
0.00010399599999999509 1324
0.00010402599999981277 1325
0.00010403999999919478 1324
0.00010405599999963044 1325
0.00010413099999961872 1326
0.00010415999999935366 1325
0.00010416399999968462 1326
0.0001041939999995023 1327
0.00010422399999931997 1328
0.00010427999999951254 1327
0.0001042839999998435 1328
0.00010431399999966118 1329
0.00010434399999947885 1330
0.00010439999999967142 1329
0.0001045199999998303 1328
0.00010453199999993501 1329
0.0001045809999995484 1330
0.00010463999999998919 1329
0.00010465199999920571 1330
0.00010474199999954692 1331
0.00010475999999925989 1330
0.0001047719999993646 1331
0.00010487999999941877 1330
0.00010489199999952348 1331
0.00010492199999934115 1332
0.00010499999999957765 1331
0.00010500399999990861 1332
0.00010503399999972629 1333
0.00010511999999973654 1332
0.0001051259999993448 1333
0.00010515600000005065 1334
0.00010518599999986833 1335
0.0001052369999996472 1336
0.00010523999999989542 1335
0.00010526699999946487 1336
0.00010529699999928255 1337
0.0001053600000000543 1336
0.00010537199999927083 1337
0.00010540199999997668 1338
0.000105479999999325 1337
0.00010549199999942971 1338
0.00010556799999950073 1339
0.00010559999999948388 1338
0.00010561199999958859 1339
0.00010563699999988074 1340
0.00010566599999961568 1341
0.00010571999999964277 1340
0.00010573199999974747 1341
0.00010580599999965301 1342
0.00010583999999980165 1341
0.00010585199999990635 1342
0.00010595999999996053 1341
0.00010607999999923123 1340
0.00010609199999933594 1341
0.00010619999999939012 1340
0.00010621199999949482 1341
0.00010625999999991365 1342
0.000106319999999549 1341
0.0001063319999996537 1342
0.00010643999999970788 1341
0.00010645199999981259 1342
0.00010648199999963026 1343
0.00010653399999949187 1344
0.00010655999999986676 1343
0.00010657999999974521 1344
0.00010668000000002564 1343
0.00010669199999924217 1344
0.00010679999999929635 1343
0.00010681199999940105 1344
0.00010691999999945523 1343
0.00010693199999955993 1344
0.00010702599999934392 1345
0.00010703999999961411 1344
0.00010705600000004978 1345
0.00010715999999977299 1344
0.0001071719999998777 1345
0.00010727999999993187 1344
0.00010729200000003658 1345
0.00010739999999920258 1344
0.00010741099999922454 1345
0.0001074409999999304 1346
0.00010751999999936146 1345
0.00010753199999946617 1346
0.00010756199999928384 1347
0.00010762899999949838 1348
0.00010763999999952034 1347
0.00010765899999931605 1348
0.0001076890000000219 1349
0.00010775999999967922 1348
0.00010777199999978393 1349
0.00010782699999989376 1350
0.0001078799999998381 1349
0.00010789199999994281 1350
0.00010792399999992597 1351
0.00010795399999974364 1352
0.00010796800000001383 1353
0.00010799999999999699 1352
0.00010801199999921351 1353
0.00010811999999926769 1352
0.0001081319999993724 1353
0.00010823899999934383 1354
0.00010823999999942657 1353
0.00010826900000004969 1354
0.00010835999999958545 1353
0.00010837199999969016 1354
0.00010840199999950784 1355
0.00010847999999974434 1354
0.00010849199999984904 1355
0.00010854399999971065 1356
0.00010859999999990322 1355
0.00010861200000000792 1356
0.00010867799999925154 1357
0.00010871999999917392 1356
0.00010873099999919589 1357
0.00010876099999990174 1358
0.0001088399999993328 1357
0.00010885199999943751 1358
0.00010895999999949169 1357
0.00010897099999951365 1358
0.00010900099999933133 1359
0.00010907999999965057 1358
0.00010909199999975527 1359
0.00010919999999980945 1358
0.00010921199999991416 1359
0.00010931999999996833 1358
0.00010933199999918486 1359
0.00010936199999989071 1360
0.00010939199999970839 1361
0.00010943999999923903 1360
0.00010945199999934374 1361
0.00010955700000003787 1362
0.00010955999999939792 1361
0.00010958699999985555 1362
0.0001096799999995568 1361
0.0001096919999996615 1362
0.00010979999999971568 1361
0.00010981199999982039 1362
0.00010991999999987456 1361
0.00010992899999973105 1362
0.00010995899999954872 1363
0.0001099889999993664 1364
0.00011004000000003344 1363
0.00011005199999924997 1364
0.00011008199999995583 1365
0.0001101119999997735 1366
0.00011015999999930415 1365
0.00011016499999971785 1366
0.00011019499999953553 1367
0.00011027999999946303 1366
0.00011029199999956774 1367
0.00011039999999962191 1366
0.00011041199999972662 1367
0.0001104259999999968 1368
0.0001105199999997808 1367
0.0001105319999998855 1368
0.00011063999999993968 1367
0.00011065200000004438 1368
0.00011068199999986206 1369
0.00011071199999967973 1370
0.00011075999999921038 1369
0.00011077199999931509 1370
0.00011080200000002094 1371
0.00011087999999936926 1370
0.00011089199999947397 1371
0.00011099999999952814 1370
0.00011101199999963285 1371
0.00011104199999945052 1372
0.00011111999999968702 1371
0.00011113199999979173 1372
0.0001111619999996094 1373
0.0001112399999998459 1372
0.00011125199999995061 1373
0.00011128399999993377 1374
0.00011131399999975145 1375
0.00011136000000000479 1374
0.00011137199999922132 1375
0.0001114469999992096 1376
0.00011147699999991545 1377
0.00011147999999927549 1376
0.00011150699999973313 1377
0.0001115369999995508 1378
0.00011156699999936848 1379
0.00011158099999963866 1380
0.00011159999999943437 1379
0.00011161199999953908 1380
0.00011167799999967087 1381
0.00011170799999948855 1382
0.00011171999999959326 1381
0.00011172199999975874 1382
0.00011175199999957641 1383
0.00011178199999939409 1384
0.00011183999999975214 1383
0.00011185199999985684 1384
0.00011188199999967452 1385
0.0001119119999994922 1386
0.00011195899999982828 1387
0.00011195999999991102 1386
0.00011198899999964596 1387
0.00011200299999991614 1388
0.00011203299999973382 1389
0.0001120629999995515 1390
0.00011207999999918172 1389
0.00011211899999974406 1390
0.00011218999999940138 1391
0.0001121999999993406 1390
0.00011221999999921906 1391
0.00011224999999992491 1392
0.00011227999999974259 1393
0.00011231899999941675 1394
0.00011231999999949949 1393
0.00011234899999923442 1394
0.00011239999999990147 1395
0.00011242999999971914 1396
0.00011243999999965837 1395
0.00011245999999953682 1396
0.0001124899999993545 1397
0.00011255999999981725 1396
0.00011257199999992196 1397
0.00011267999999997613 1396
0.00011269199999919266 1397
0.00011274899999946797 1398
0.00011277899999928565 1399
0.00011279999999924684 1398
0.00011281199999935154 1399
0.00011285399999927392 1400
0.00011286799999954411 1401
0.00011291999999940572 1400
0.00011293199999951042 1401
0.0001129619999993281 1402
0.00011299200000003395 1403
0.00011302199999985163 1404
0.0001130399999995646 1403
0.0001130519999996693 1404
0.00011308199999948698 1405
0.00011311199999930466 1406
0.00011315999999972348 1405
0.0001131859999992102 1406
0.00011321599999991605 1407
0.00011324599999973373 1408
0.0001132759999995514 1409
0.00011327999999988236 1408
0.00011330599999936908 1409
0.00011340000000004125 1408
0.00011341199999925777 1409
0.00011344199999996363 1410
0.0001134719999997813 1411
0.00011350199999959898 1412
0.00011351999999931195 1411
0.00011353199999941666 1412
0.00011358899999969196 1413
0.00011361899999950964 1414
0.00011363999999947083 1413
0.00011364899999932732 1414
0.00011367900000003317 1415
0.00011375999999962971 1414
0.00011377199999973442 1415
0.0001138019999995521 1416
0.00011383199999936977 1417
0.00011386199999918745 1418
0.0001138799999997886 1417
0.0001138919999998933 1418
0.00011391699999929727 1419
0.00011396299999955062 1420
0.0001139929999993683 1421
0.00011399999999994748 1420
0.00011402299999918597 1421
0.00011405299999989182 1422
0.0001140829999997095 1423
0.00011411299999952718 1424
0.00011411999999921818 1423
0.00011414299999934485 1424
0.0001141730000000507 1425
0.00011420299999986838 1426
0.00011423299999968606 1427
0.00011423999999937706 1426
0.00011426299999950373 1427
0.00011429299999932141 1428
0.00011432300000002726 1429
0.00011435299999984494 1430
0.00011435999999953594 1429
0.00011438299999966262 1430
0.00011441299999948029 1431
0.00011444299999929797 1432
0.00011447300000000382 1433
0.00011447999999969483 1432
0.0001145029999998215 1433
0.00011453299999963917 1434
0.00011456299999945685 1435
0.00011457699999972704 1436
0.00011459999999985371 1435
0.00011460699999954471 1436
0.00011463699999936239 1437
0.00011466699999918006 1438
0.00011469699999988592 1439
0.00011472000000001259 1438
0.0001147269999997036 1439
0.00011475699999952127 1440
0.00011478699999933895 1441
0.0001148170000000448 1442
0.00011483999999928329 1441
0.00011484699999986248 1442
0.00011487699999968015 1443
0.00011490699999949783 1444
0.0001149369999993155 1445
0.00011495999999944218 1444
0.00011496700000002136 1445
0.00011499699999983903 1446
0.00011502699999965671 1447
0.00011505699999947439 1448
0.00011507999999960106 1447
0.00011508699999929206 1448
0.00011511699999999792 1449
0.00011517399999938505 1450
0.00011519999999975994 1449
0.00011520399999920272 1450
0.00011523399999990858 1451
0.00011526399999972625 1452
0.00011529399999954393 1453
0.00011531999999991882 1452
0.0001153239999993616 1453
0.00011535399999917928 1454
0.00011538399999988513 1455
0.00011541399999970281 1456
0.00011543999999918952 1455
0.00011544399999952049 1456
0.00011547399999933816 1457
0.00011550400000004402 1458
0.00011553399999986169 1459
0.0001155599999993484 1458
0.00011556399999967937 1459
0.00011559399999949704 1460
0.00011562399999931472 1461
0.00011567999999950729 1460
0.000115691999999612 1461
0.00011572199999942967 1462
0.0001157699999998485 1463
0.00011579999999966617 1464
0.00011579999999966617 1463
0.00011582999999948385 1464
0.00011584399999975403 1465
0.00011587399999957171 1466
0.00011590399999938938 1467
0.00011591999999982505 1466
0.00011593399999920706 1467
0.00011596399999991291 1468
0.00011599399999973059 1469
0.00011602399999954827 1470
0.00011603999999998393 1469
0.00011605399999936594 1470
0.00011608399999918362 1471
0.00011611399999988947 1472
0.00011614399999970715 1473
0.00011615999999925464 1472
0.00011617399999952482 1473
0.0001162039999993425 1474
0.00011623400000004835 1475
0.00011626399999986603 1476
0.00011627999999941352 1475
0.0001162939999996837 1476
0.00011632399999950138 1477
0.00011635399999931906 1478
0.00011638400000002491 1479
0.0001163999999995724 1478
0.00011641399999984259 1479
0.00011644399999966026 1480
0.00011647399999947794 1481
0.00011650399999929562 1482
0.00011651999999973128 1481
0.00011653400000000147 1482
0.00011656399999981915 1483
0.00011659399999963682 1484
0.0001166239999994545 1485
0.00011663999999989016 1484
0.00011665399999927217 1485
0.00011673899999919968 1486
0.00011676000000004905 1485
0.00011676899999990553 1486
0.00011679899999972321 1487
0.00011682899999954088 1488
0.00011685899999935856 1489
0.00011687999999931975 1488
0.00011688899999917624 1489
0.00011691899999988209 1490
0.00011694899999969977 1491
0.00011699999999947863 1490
0.000117028000000019 1491
0.00011708299999924066 1492
0.00011711299999994651 1493
0.00011711999999963751 1492
0.00011714299999976419 1493
0.00011722100000000069 1494
0.0001172399999997964 1493
0.0001172519999999011 1494
0.00011729699999918353 1495
0.00011732699999988938 1496
0.00011735999999995528 1495
0.0001173719999991718 1496
0.00011747999999922598 1495
0.00011749199999933069 1496
0.00011752200000003654 1497
0.00011755199999985422 1498
0.0001175819999996719 1499
0.00011759999999938486 1498
0.00011761199999948957 1499
0.00011764199999930725 1500
0.00011769400000005703 1501
0.00011771999999954375 1500
0.00011773199999964845 1501
0.00011779099999920106 1502
0.00011783999999970263 1501
0.00011785199999980733 1502
0.00011788199999962501 1503
0.00011791199999944268 1504
0.00011794199999926036 1505
0.00011795999999986151 1504
0.00011797199999996622 1505
0.00011808000000002039 1504
0.00011809199999923692 1505
0.00011814499999918127 1506
0.00011817499999988712 1507
0.0001181999999992911 1506
0.0001182119999993958 1507
0.00011831999999944998 1506
0.00011833199999955468 1507
0.00011836199999937236 1508
0.00011843999999960886 1507
0.00011845199999971356 1508
0.00011852399999945362 1509
0.000118558999999685 1510
0.00011855999999976774 1509
0.00011858899999950268 1510
0.00011861899999932035 1511
0.0001186490000000262 1512
0.00011866299999940821 1513
0.00011867999999992662 1512
0.00011869299999922589 1513
0.00011872299999993174 1514
0.00011875299999974942 1515
0.00011879999999919733 1514
0.00011881199999930203 1515
0.00011884399999928519 1516
0.00011891999999935621 1515
0.00011893199999946091 1516
0.00011896199999927859 1517
0.00011903999999951509 1516
0.0001190519999996198 1517
0.00011908199999943747 1518
0.00011911199999925515 1519
0.00011915999999967397 1518
0.00011917199999977868 1519
0.00011921599999986654 1520
0.00011924599999968422 1521
0.00011927599999950189 1522
0.00011927999999983285 1521
0.00011930599999931957 1522
0.00011933600000002542 1523
0.00011936999999928588 1524
0.00011939999999999173 1523
0.00011941199999920826 1524
0.00011944799999952238 1525
0.00011951999999926244 1524
0.00011953199999936714 1525
0.00011963999999942132 1524
0.00011965199999952603 1525
0.0001197599999995802 1524
0.00011977199999968491 1525
0.00011979699999997706 1526
0.00011984299999934223 1527
0.00011987999999973908 1526
0.00011989199999984379 1527
0.00011999999999989797 1526
0.00012001200000000267 1527
0.00012011099999931218 1528
0.00012012000000005685 1527
0.00012014100000001804 1528
0.00012017099999983571 1529
0.00012020099999965339 1530
0.00012023999999932755 1529
0.00012025199999943226 1530
0.00012028199999924993 1531
0.00012035999999948643 1530
0.00012041499999959626 1531
0.00012044499999941394 1532
0.00012047499999923161 1533
0.00012047999999964532 1532
0.00012050499999993747 1533
0.00012053499999975514 1534
0.00012056499999957282 1535
0.0001205949999993905 1536
0.0001205999999998042 1535
0.00012071999999996308 1534
0.0001207319999991796 1535
0.00012083999999923378 1534
0.00012085199999933849 1535
0.00012095999999939266 1534
0.00012096800000005459 1535
0.00012099799999987226 1536
0.00012107999999955155 1535
0.00012109199999965625 1536
0.0001211169999999484 1537
0.00012119999999971043 1536
0.00012121199999981513 1537
0.00012131199999920739 1538
0.00012131999999986931 1537
0.00012134199999991324 1538
0.00012137199999973092 1539
0.00012144000000002819 1538
0.00012145199999924472 1539
0.00012154499999983415 1540
0.0001215599999992989 1539
0.00012157499999965182 1540
0.00012160599999955224 1541
0.00012163599999936991 1542
0.00012166599999918759 1543
0.00012167999999945778 1542
0.00012169599999989344 1543
0.00012172599999971112 1544
0.0001217559999995288 1545
0.00012179999999961666 1544
0.00012181199999972137 1545
0.00012191999999977554 1544
0.00012193999999965399 1545
0.00012203999999993442 1544
0.00012205200000003913 1545
0.00012215999999920513 1544
0.00012217199999930983 1545
0.00012225099999962907 1546
0.000122279999999364 1545
0.00012229199999946871 1546
0.0001223219999992864 1547
0.0001223999999995229 1546
0.0001224119999996276 1547
0.00012251999999968177 1546
0.00012253199999978648 1547
0.00012263099999998417 1548
0.00012263999999984065 1547
0.00012266099999980185 1548
0.00012275999999999954 1547
0.00012277199999921606 1548
0.00012283999999951334 1549
0.00012287999999927024 1548
0.00012289199999937495 1549
0.00012293499999938007 1550
0.00012299999999942912 1549
0.00012301199999953383 1550
0.0001230419999993515 1551
0.000123119999999588 1550
0.0001231319999996927 1551
0.00012316199999951039 1552
0.00012323999999974689 1551
0.0001232519999998516 1552
0.00012332099999934343 1553
0.00012335999999990577 1552
0.00012337200000001047 1553
0.0001234789999999819 1554
0.00012347999999917647 1553
0.00012350899999979958 1554
0.00012353899999961726 1555
0.00012359999999933535 1554
0.00012361199999944006 1555
0.00012365699999961066 1554
0.00012373199999959894 1555
0.00012376299999949936 1556
0.00012377699999976954 1555
0.00012379299999931703 1556
0.00012385199999975782 1557
0.0001238819999995755 1558
0.00012389699999992843 1557
0.00012391199999939317 1558
0.00012394199999921085 1559
0.0001239719999999167 1560
0.00012401699999919913 1559
0.0001240659999997007 1560
0.00012409599999951837 1561
0.00012412599999933605 1562
0.000124136999999358 1561
0.00012418999999930236 1562
0.0001242569999995169 1561
0.00012437699999967577 1560
0.00012439999999980245 1561
0.00012442999999962012 1562
0.0001244599999994378 1563
0.00012448999999925547 1564
0.00012449699999983466 1563
0.00012457199999982294 1564
0.00012461699999999354 1563
0.00012462899999921007 1564
0.00012465899999991592 1565
0.0001246889999997336 1566
0.00012471899999955127 1567
0.00012473699999926424 1566
0.00012474899999936895 1567
0.00012480599999964426 1568
0.00012483599999946193 1569
0.00012485699999942312 1568
0.00012486699999936235 1569
0.00012489699999918003 1570
0.00012492699999988588 1571
0.00012495699999970356 1572
0.000124976999999582 1571
0.00012500799999948242 1572
0.00012505199999957028 1573
0.00012508199999938796 1574
0.0001250969999997409 1573
0.00012511199999920564 1574
0.0001251419999999115 1575
0.00012517199999972917 1576
0.00012518599999999935 1577
0.00012521599999981703 1578
0.00012521699999989977 1577
0.00012527499999936964 1578
0.00012530499999918732 1579
0.00012533699999917047 1578
0.00012541200000004693 1579
0.00012545699999932935 1578
0.00012553199999931763 1579
0.00012557699999948824 1578
0.00012565199999947652 1579
0.0001256819999992942 1580
0.00012569699999964712 1579
0.00012571200000000005 1580
0.00012574199999981772 1581
0.0001257719999996354 1582
0.00012580199999945307 1583
0.000125816999999806 1582
0.00012584699999962368 1583
0.00012589199999979428 1584
0.00012593699999996488 1583
0.00012601199999995316 1584
0.00012605699999923559 1583
0.00012613199999922386 1584
0.00012617699999939447 1583
0.00012625199999938275 1584
0.00012629699999955335 1583
0.00012630899999965806 1584
0.00012633899999947573 1585
0.00012637199999954163 1586
0.00012641699999971223 1585
0.0001264279999997342 1586
0.00012651399999974444 1587
0.00012653699999987111 1586
0.00012654399999956212 1587
0.0001265739999993798 1588
0.0001266119999998594 1589
0.00012665700000003 1588
0.00012668599999976493 1589
0.0001267159999995826 1590
0.00012674599999940028 1591
0.00012677599999921796 1592
0.0001267769999993007 1591
0.0001268059999999238 1592
0.0001268359999997415 1593
0.00012686599999955916 1594
0.00012689699999945958 1593
0.00012697199999944786 1594
0.00012700199999926554 1595
0.00012701699999961846 1594
0.00012706099999970633 1595
0.00012709199999960674 1596
0.00012713699999977734 1595
0.00012721199999976562 1596
0.0001272419999995833 1597
0.00012725699999993623 1596
0.0001273319999999245 1597
0.00012737699999920693 1596
0.00012738700000003433 1597
0.000127416999999852 1598
0.00012744699999966969 1599
0.00012747699999948736 1600
0.0001274969999993658 1599
0.0001275719999993541 1600
0.00012760199999917177 1601
0.0001276169999995247 1600
0.00012763199999987762 1601
0.0001276619999996953 1602
0.00012769199999951297 1603
0.00012772199999933065 1604
0.00012773699999968358 1603
0.00012781199999967185 1604
0.00012784699999990323 1605
0.00012785699999984246 1604
0.00012789999999984758 1605
0.00012793199999983074 1606
0.0001279619999996484 1607
0.00012797700000000134 1606
0.0001279919999994661 1607
0.00012805199999998962 1608
0.00012809699999927204 1607
0.00012812499999981242 1608
0.00012816299999940384 1609
0.0001281929999992215 1610
0.00012821699999943093 1609
0.00012822299999992737 1610
0.00012822499999920467 1611
0.00012825299999974504 1612
0.00012826700000001523 1613
0.0001282969999998329 1614
0.00012832699999965058 1615
0.0001283369999995898 1614
0.00012835699999946826 1615
0.00012843699999987024 1616
0.0001284569999997487 1615
0.0001284879999996491 1616
0.00012853199999973697 1617
0.00012857699999990757 1616
0.00012860199999931154 1617
0.00012865199999989585 1618
0.00012869699999917827 1617
0.00012875899999986729 1618
0.00012878899999968496 1619
0.00012881699999933716 1618
0.00012882499999999908 1619
0.00012889199999932544 1620
0.00012893699999949604 1619
0.00012901199999948432 1620
0.00012905699999965492 1619
0.0001290799999997816 1620
0.0001291319999996432 1621
0.0001291769999998138 1620
0.00012922499999934445 1621
0.0001292550000000503 1622
0.00012928499999986798 1623
0.00012929699999997268 1622
0.0001293039999996637 1623
0.00012937199999996096 1624
0.00012941600000004883 1625
0.0001294169999992434 1624
0.0001294459999998665 1625
0.00012949199999923167 1626
0.00012953699999940227 1625
0.00012955999999952894 1626
0.00012959499999976032 1627
0.000129624999999578 1628
0.00012965499999939567 1629
0.00012965699999956115 1628
0.00012966899999966586 1629
0.00012969899999948353 1630
0.0001297289999993012 1631
0.00012975900000000706 1632
0.00012977299999938907 1633
0.00012977699999972003 1632
0.00012981499999931145 1633
0.0001298519999997083 1634
0.000129881999999526 1635
0.00012989599999979617 1636
0.00012989699999987891 1635
0.00012993699999963582 1636
0.0001300170000000378 1635
0.00013005799999987744 1636
0.00013008799999969511 1637
0.0001301179999995128 1638
0.0001301369999993085 1637
0.00013014799999933047 1638
0.00013017800000003632 1639
0.000130207999999854 1640
0.00013023799999967167 1641
0.00013025699999946738 1640
0.00013037699999962626 1639
0.00013045199999961454 1640
0.00013048199999943222 1641
0.00013049699999978515 1640
0.00013052499999943734 1641
0.00013057199999977342 1642
0.00013061699999994403 1641
0.0001306589999998664 1642
0.00013068899999968409 1643
0.00013071899999950176 1644
0.00013073699999921473 1643
0.00013075699999998136 1644
0.000130811999999203 1645
0.0001308569999993736 1644
0.00013086699999931284 1645
0.0001309319999993619 1646
0.00013096199999917957 1647
0.0001309769999995325 1646
0.00013102999999947684 1647
0.00013105999999929452 1648
0.00013109699999969138 1647
0.00013121699999985026 1646
0.00013122899999995497 1647
0.00013132199999965621 1648
0.00013133700000000914 1647
0.0001313519999994739 1648
0.00013136599999974408 1649
0.00013139599999956175 1650
0.00013145500000000254 1651
0.00013145699999927984 1650
0.00013148499999982022 1651
0.0001315149999996379 1652
0.00013157699999943873 1651
0.00013158899999954343 1652
0.00013167599999963642 1653
0.0001316969999995976 1652
0.0001317059999994541 1653
0.00013173599999927177 1654
0.0001318169999997565 1653
0.0001318289999998612 1654
0.00013193699999991537 1653
0.00013205699999918608 1652
0.00013206899999929078 1653
0.00013209899999999664 1654
0.0001321289999998143 1655
0.000132158999999632 1656
0.00013217699999934496 1655
0.00013218899999944966 1656
0.0001322839999993164 1657
0.00013229699999950384 1656
0.00013231400000002225 1657
0.00013234399999983992 1658
0.00013241699999966272 1657
0.00013242499999943647 1658
0.00013245499999925414 1659
0.00013248499999996 1660
0.0001325369999998216 1659
0.0001325489999999263 1660
0.00013258299999918677 1661
0.00013265699999998048 1660
0.000132668999999197 1661
0.00013276899999947744 1662
0.0001327769999992512 1661
0.00013279899999929512 1662
0.0001328859999993881 1663
0.00013289699999941007 1662
0.00013291599999920578 1663
0.00013301699999956895 1662
0.00013302899999967366 1663
0.00013304299999994385 1664
0.00013313699999972783 1663
0.00013315899999977177 1664
0.00013320799999938515 1665
0.0001332539999996385 1666
0.00013325699999988672 1665
0.00013328399999945617 1666
0.00013331399999927385 1667
0.0001333439999999797 1668
0.0001333770000000456 1667
0.00013338899999926213 1668
0.00013343699999968095 1669
0.0001334829999999343 1670
0.0001334969999993163 1669
0.00013351299999975197 1670
0.00013354299999956964 1671
0.00013357299999938732 1672
0.000133602999999205 1673
0.00013361699999947518 1672
0.00013363299999991085 1673
0.00013373699999963407 1672
0.00013374899999973877 1673
0.00013377899999955645 1674
0.00013379499999999211 1675
0.00013385699999979295 1674
0.00013386899999989765 1675
0.00013388299999927966 1676
0.000133921999999842 1677
0.00013395899999935068 1678
0.00013397699999995183 1677
0.00013409699999922253 1676
0.00013410899999932724 1677
0.00013421699999938141 1676
0.00013422899999948612 1677
0.0001342589999993038 1678
0.00013427299999957398 1679
0.00013430299999939166 1680
0.0001343369999995403 1679
0.00013441899999921958 1680
0.00013444899999992543 1681
0.00013445699999969918 1680
0.0001344789999997431 1681
0.00013457699999985806 1680
0.00013458899999996277 1681
0.00013469700000001694 1680
0.00013472499999966914 1681
0.00013481699999928765 1680
0.00013482899999939235 1681
0.00013487899999997666 1682
0.00013493699999944653 1681
0.00013494899999955123 1682
0.0001349789999993689 1683
0.0001350569999996054 1682
0.00013506499999937915 1683
0.00013509499999919683 1684
0.0001351769999997643 1683
0.00013529099999942673 1684
0.00013529699999992317 1683
0.0001353209999992444 1684
0.00013539399999995538 1685
0.00013541699999919388 1684
0.00013542399999977306 1685
0.00013543800000004325 1686
0.00013545199999942525 1687
0.00013548199999924293 1688
0.00013551199999994878 1689
0.00013553699999935276 1688
0.00013554199999976646 1689
0.00013557199999958414 1690
0.00013558599999985432 1691
0.000135615999999672 1692
0.00013564599999948967 1693
0.00013565699999951164 1692
0.00013567599999930735 1693
0.00013568999999957754 1694
0.00013570399999984772 1695
0.00013571799999922973 1696
0.00013573199999949992 1697
0.0001357619999993176 1698
0.00013577699999967052 1697
0.00013579200000002345 1698
0.00013582199999984113 1699
0.00013583599999922313 1700
0.000135865999999929 1701
0.00013589599999974666 1702
0.0001358969999998294 1701
0.00013591000000001685 1702
0.00013593999999983453 1703
0.0001359699999996522 1704
0.00013599999999946988 1705
0.00013601399999974007 1706
0.00013601699999998829 1705
0.00013602800000001025 1706
0.00013604199999939226 1707
0.00013607199999920994 1708
0.0001361019999999158 1709
0.00013613199999973347 1710
0.000136136999999259 1709
0.00013616199999955114 1710
0.00013617599999982133 1711
0.000136205999999639 1712
0.00013623599999945668 1713
0.00013624999999972687 1714
0.00013625699999941787 1713
0.00013627999999954454 1714
0.00013633499999965437 1715
0.00013637699999957675 1714
0.00013638899999968146 1715
0.00013649699999973564 1714
0.00013650899999984034 1715
0.00013661699999989452 1714
0.00013662899999999922 1715
0.00013666999999983886 1716
0.0001367370000000534 1715
0.00013674899999926993 1716
0.0001367629999995401 1717
0.0001368049999994625 1718
0.0001368569999993241 1717
0.0001368689999994288 1718
0.000136882999999699 1719
0.00013694299999933435 1720
0.00013697699999948298 1719
0.0001369889999995877 1720
0.00013700299999985788 1721
0.00013701699999923989 1722
0.00013703099999951007 1723
0.00013708000000001164 1724
0.00013709699999964187 1723
0.00013711699999952032 1724
0.0001371519999997517 1725
0.00013718399999973485 1726
0.00013721699999980075 1725
0.0001372299999999882 1726
0.00013725999999980587 1727
0.00013727399999918788 1728
0.00013733699999995963 1727
0.00013734899999917616 1728
0.00013736299999944634 1729
0.00013740799999961695 1730
0.0001374329999999091 1731
0.00013745699999923033 1730
0.00013747899999927427 1731
0.00013749299999954445 1732
0.00013752299999936213 1733
0.0001375529999991798 1734
0.00013756699999945 1735
0.00013757699999938922 1734
0.00013758099999972018 1735
0.00013761099999953785 1736
0.00013762499999980804 1737
0.00013763899999919005 1738
0.0001376689999998959 1739
0.0001376969999995481 1738
0.0001377089999996528 1739
0.000137722999999923 1740
0.00013776499999984537 1741
0.00013779999999918857 1742
0.00013781399999945876 1743
0.00013781699999970698 1742
0.00013782799999972895 1743
0.00013785799999954662 1744
0.0001379139999997392 1745
0.00013792800000000938 1746
0.00013793699999986586 1745
0.00013794199999939138 1746
0.00013798099999995372 1747
0.00013799499999933573 1748
0.00013800899999960592 1749
0.00013805700000002474 1748
0.0001380649999997985 1749
0.00013809499999961616 1750
0.00013810899999988635 1751
0.00013813899999970403 1752
0.0001381529999999742 1753
0.00013817699999929545 1752
0.00013818899999940015 1753
0.00013821899999921783 1754
0.00013823299999948802 1755
0.0001382469999997582 1756
0.0001382610000000284 1757
0.0001382749999994104 1758
0.00013828899999968058 1759
0.00013829699999945433 1758
0.00013830299999995077 1759
0.00013831699999933278 1760
0.00013834700000003863 1761
0.0001383769999998563 1762
0.00013839099999923832 1763
0.0001384169999996132 1762
0.00013842099999994417 1763
0.00013843499999932618 1764
0.00013844899999959637 1765
0.00013847899999941404 1766
0.00013849299999968423 1767
0.00013850699999995442 1768
0.0001385369999997721 1769
0.0001385369999997721 1768
0.00013855100000004228 1769
0.00013858099999985996 1770
0.00013859499999924196 1771
0.00013860899999951215 1772
0.00013863499999988704 1773
0.00013864899999926905 1774
0.00013865699999993097 1773
0.00013870799999970984 1774
0.00013876499999998515 1775
0.00013877699999920168 1774
0.00013877899999936716 1775
0.00013880899999918483 1776
0.0001388389999998907 1777
0.00013886899999970836 1778
0.00013888299999997855 1779
0.00013889699999936056 1780
0.00013889699999936056 1779
0.00013892699999917824 1780
0.0001389569999998841 1781
0.00013898699999970177 1782
0.00013900099999997195 1783
0.00013901499999935396 1784
0.00013901699999951944 1783
0.00013904499999917164 1784
0.00013905899999944182 1785
0.000139072999999712 1786
0.00013910299999952969 1787
0.00013911699999979987 1788
0.00013913699999967832 1787
0.00013914699999961755 1788
0.00013917699999943522 1789
0.0001391909999997054 1790
0.0001392049999999756 1791
0.0001392189999993576 1792
0.0001392329999996278 1793
0.00013924699999989798 1794
0.0001392569999998372 1793
0.00013927699999971566 1794
0.00013930699999953333 1795
0.0001393769999999961 1794
0.0001393819999995216 1795
0.0001394119999993393 1796
0.00013942599999960947 1797
0.00013947499999922286 1798
0.0001394969999992668 1797
0.0001395089999993715 1798
0.00013955799999987306 1799
0.00013961699999942567 1798
0.00013962899999953038 1799
0.00013970199999935318 1800
0.00013971599999962336 1801
0.00013972999999989355 1802
0.00013973699999958455 1801
0.00013974399999927556 1802
0.0001397739999999814 1803
0.00013980599999996457 1804
0.00013983599999978225 1805
0.00013985699999974344 1804
0.00013986599999959992 1805
0.0001398959999994176 1806
0.00013990999999968778 1807
0.00013993999999950546 1808
0.00013995399999977565 1809
0.00013997699999990232 1808
0.00013998900000000702 1809
0.00014000299999938903 1810
0.00014001699999965922 1811
0.0001400309999999294 1812
0.00014009699999917302 1811
0.00014010899999927773 1812
0.00014013999999917814 1813
0.00014015399999944833 1814
0.00014016799999971852 1815
0.00014019199999992793 1816
0.0001402169999993319 1815
0.00014021999999958012 1816
0.0001402339999998503 1817
0.00014025299999964602 1818
0.00014029899999989937 1819
0.00014032899999971704 1820
0.00014033699999949079 1819
0.0001403819999996614 1820
0.00014040399999970532 1821
0.00014045699999964967 1820
0.00014046899999975437 1821
0.00014049899999957205 1822
0.00014052899999938973 1823
0.00014057699999980855 1822
0.00014058899999991326 1823
0.00014064999999963135 1824
0.00014069699999996743 1823
0.00014070899999918396 1824
0.00014072299999945415 1825
0.0001407719999999557 1826
0.00014080199999977339 1827
0.00014081699999923813 1826
0.00014083199999959106 1827
0.00014084599999986125 1828
0.00014087599999967892 1829
0.0001408899999999491 1830
0.00014093699999939702 1829
0.00014094499999917076 1830
0.00014097499999987662 1831
0.00014098899999925862 1832
0.00014099399999967233 1831
0.000141030999999181 1832
0.0001410449999994512 1833
0.00014107499999926887 1834
0.00014108899999953906 1835
0.0001411139999998312 1834
0.00014114799999997985 1835
0.000141193999999345 1836
0.0001412079999996152 1837
0.0001412339999999901 1836
0.00014124299999984657 1837
0.00014130899999997837 1838
0.00014132299999936038 1839
0.0001413539999992608 1838
0.00014146399999948045 1839
0.00014147399999941968 1838
0.00014154899999940795 1839
0.00014157899999922563 1840
0.00014159399999957856 1839
0.0001416189999998707 1840
0.00014169099999961077 1841
0.00014171399999973744 1840
0.0001417369999998641 1841
0.00014177100000001275 1840
0.00014189099999928345 1839
0.0001419159999995756 1840
0.0001419299999998458 1841
0.00014198699999923292 1842
0.00014201099999944233 1841
0.00014203299999948626 1842
0.00014213099999960122 1841
0.00014214899999931419 1842
0.00014217900000002004 1843
0.00014221199999919776 1844
0.0001422509999997601 1843
0.0001422579999994511 1844
0.00014228799999926878 1845
0.00014231799999997463 1846
0.00014233199999935664 1847
0.00014236199999917432 1848
0.00014237099999991898 1847
0.00014239199999988017 1848
0.00014242199999969785 1849
0.00014243599999996803 1850
0.0001424659999997857 1851
0.00014249099999918968 1850
0.00014249599999960338 1851
0.00014252599999942106 1852
0.000142547999999465 1851
0.00014255599999923874 1852
0.0001425859999999446 1853
0.00014261599999976227 1854
0.00014264599999957994 1855
0.00014266799999962387 1854
0.00014272499999989918 1853
0.00014274899999922042 1854
0.00014278599999961727 1855
0.0001428099999998267 1856
0.00014284499999916989 1855
0.0001428689999993793 1856
0.00014296499999932877 1855
0.00014305699999983545 1856
0.00014308499999948765 1855
0.00014310899999969706 1856
0.00014312299999996725 1857
0.0001431670000000551 1858
0.00014318099999943712 1859
0.00014320499999964653 1858
0.0001432229999993595 1859
0.00014325299999917718 1860
0.00014328299999988303 1861
0.00014329699999926504 1862
0.00014332499999980541 1861
0.0001433269999999709 1862
0.00014335699999978857 1863
0.00014338699999960625 1864
0.00014341699999942392 1865
0.0001434449999999643 1864
0.0001434469999992416 1865
0.00014347699999994745 1866
0.000143564999999235 1865
0.0001435889999994444 1866
0.00014365000000005068 1867
0.00014368499999939388 1866
0.0001437089999996033 1867
0.00014373899999942097 1868
0.0001438009999992218 1869
0.00014380499999955276 1868
0.000143821999999183 1869
0.000143883999999872 1870
0.00014391399999968968 1871
0.00014392499999971164 1870
0.00014392799999995987 1871
0.00014395999999994302 1872
0.00014397399999932503 1873
0.00014404499999987053 1872
0.00014404799999923057 1873
0.0001441650000000294 1872
0.00014418899999935064 1873
0.00014422399999958202 1874
0.0001442849999993001 1873
0.00014430899999950952 1874
0.00014434199999957542 1873
0.00014439899999985073 1872
0.0001444289999996684 1873
0.0001445190000000096 1872
0.0001445489999998273 1873
0.00014457599999939674 1872
0.00014457899999964496 1873
0.00014459299999991515 1874
0.00014466899999998617 1875
0.00014469599999955562 1874
0.0001447849999998141 1875
0.00014481499999963177 1876
0.0001448159999997145 1875
0.00014490899999941576 1876
0.0001449359999998734 1875
0.00014497499999954755 1876
0.00014505099999961857 1877
0.00014505600000003227 1876
0.0001450969999998719 1877
0.00014514899999973352 1878
0.00014517599999930297 1877
0.0001451789999995512 1878
0.00014520899999936887 1879
0.00014522299999963906 1880
0.00014525299999945673 1881
0.0001452829999992744 1882
0.00014529599999946186 1881
0.00014531299999998026 1882
0.00014532699999936227 1883
0.00014534099999963246 1884
0.00014538499999972032 1885
0.000145414999999538 1886
0.00014541599999962074 1885
0.00014544499999935567 1886
0.00014545899999962586 1887
0.00014547299999989605 1888
0.0001455189999992612 1889
0.00014553599999977962 1888
0.00014558099999995022 1889
0.0001456559999999385 1888
0.00014572599999951308 1889
0.00014575599999933075 1890
0.0001457759999992092 1889
0.00014586899999979863 1890
0.00014588299999918064 1891
0.0001458959999993681 1890
0.0001459129999998865 1891
0.00014594299999970417 1892
0.00014597299999952185 1893
0.00014601599999952697 1892
0.00014610899999922822 1893
0.00014613599999968585 1892
0.00014613899999993407 1893
0.00014616899999975175 1894
0.0001462289999993871 1895
0.00014625599999984473 1894
0.00014634899999954598 1895
0.00014636299999981617 1896
0.00014637600000000361 1895
0.00014649599999927432 1894
0.00014658899999986374 1895
0.00014661099999990768 1896
0.0001466159999994332 1895
0.00014664799999941636 1896
0.0001466939999996697 1897
0.00014672399999948738 1898
0.00014673599999959208 1897
0.00014678099999976268 1898
0.00014682899999929333 1899
0.00014685099999933726 1900
0.00014685599999975096 1899
0.00014695899999939144 1900
0.00014697599999990985 1899
0.0001470689999996111 1900
0.00014708299999988128 1901
0.00014709599999918055 1900
0.00014721599999933943 1899
0.0001473359999994983 1898
0.0001473449999993548 1899
0.00014741499999981755 1900
0.0001474559999996572 1899
0.00014747199999920468 1900
0.00014750199999991054 1901
0.00014753199999972821 1902
0.00014757599999981608 1901
0.00014766899999951733 1902
0.00014769599999997496 1901
0.00014780899999955466 1902
0.00014781599999924566 1901
0.00014782299999982484 1902
0.00014785299999964252 1903
0.0001478829999994602 1904
0.00014789699999973038 1905
0.00014793599999940454 1904
0.00014804999999995516 1905
0.00014805599999956343 1904
0.00014806399999933717 1905
0.0001481569999999266 1906
0.0001481709999993086 1907
0.0001481759999997223 1906
0.00014821899999972743 1907
0.0001482959999998812 1906
0.0001483410000000518 1907
0.00014841600000004007 1906
0.0001484609999993225 1907
0.00014847499999959268 1908
0.00014853599999931077 1907
0.00014865599999946966 1906
0.00014867899999959633 1907
0.00014873899999923168 1908
0.00014877599999962854 1907
0.00014889599999978742 1906
0.00014890799999989213 1907
0.00014892199999927414 1908
0.00014893599999954432 1909
0.00014899299999981963 1910
0.0001490159999999463 1909
0.00014905499999962046 1910
0.00014908499999943814 1911
0.000149121999999835 1912
0.000149135999999217 1913
0.000149135999999217 1912
0.0001492559999993759 1911
0.00014928799999935904 1912
0.00014937599999953477 1911
0.00014944099999958382 1912
0.00014949599999969365 1911
0.00014961599999985253 1910
0.00014965599999960943 1911
0.0001496859999994271 1912
0.0001496999999996973 1913
0.00014973600000001142 1912
0.00014974700000003338 1913
0.00014980199999925503 1914
0.00014981699999960796 1915
0.00014985599999928212 1914
0.0001498979999992045 1915
0.000149975999999441 1914
0.00015009599999959988 1913
0.00015021599999975876 1912
0.00015027499999931138 1913
0.00015033599999991765 1912
0.00015037199999934359 1913
0.00015045599999918835 1912
0.00015051299999946366 1911
0.00015053699999967307 1912
0.0001505709999998217 1913
0.00015063299999962254 1912
0.000150728999999572 1913
0.00015075299999978142 1912
0.0001507589999993897 1913
0.00015077299999965987 1914
0.00015078699999993006 1915
0.00015082599999960422 1916
0.0001508729999999403 1915
0.00015091899999930547 1916
0.00015098199999918904 1917
0.000150992999999211 1916
0.0001509979999996247 1917
0.0001511129999993699 1916
0.0001511299999998883 1917
0.0001512149999998158 1918
0.00015123299999952877 1917
0.0001512619999992637 1918
0.00015127799999969938 1919
0.00015135299999968765 1918
0.00015136199999954414 1919
0.00015147299999984654 1918
0.00015148600000003398 1919
0.00015151599999985166 1920
0.00015154399999950385 1921
0.0001515809999999007 1922
0.00015159300000000542 1921
0.00015159499999928272 1922
0.00015171299999927612 1921
0.00015173699999948553 1922
0.00015176999999955143 1921
0.0001518899999997103 1920
0.00015190699999934054 1921
0.00015192099999961073 1922
0.0001519719999993896 1923
0.0001520099999998692 1922
0.0001520359999993559 1923
0.00015213000000002808 1922
0.0001521730000000332 1923
0.00015223999999935955 1924
0.00015224999999929878 1923
0.00015225399999962974 1924
0.00015236999999945766 1923
0.00015241699999979375 1924
0.00015248999999961654 1923
0.0001525359999998699 1924
0.00015260999999977543 1923
0.0001526279999994884 1924
0.00015264199999975858 1925
0.00015267199999957626 1926
0.0001527299999999343 1925
0.0001527319999992116 1926
0.00015276199999991746 1927
0.00015279199999973514 1928
0.00015282199999955282 1929
0.000152835999999823 1930
0.000152849999999205 1931
0.000152849999999205 1930
0.0001528639999994752 1931
0.00015294299999979444 1932
0.0001529699999993639 1931
0.00015297699999994308 1932
0.00015302100000003094 1933
0.00015303499999941295 1934
0.00015308999999952277 1933
0.00015312999999927968 1934
0.00015314399999954986 1935
0.00015320999999968166 1934
0.00015321699999937266 1935
0.000153262999999626 1936
0.00015329299999944368 1937
0.00015332299999926136 1938
0.00015332999999984054 1937
0.0001533529999999672 1938
0.00015336699999934922 1939
0.0001533809999996194 1940
0.0001533949999998896 1941
0.00015342699999987275 1942
0.00015344999999999942 1941
0.000153526999999265 1942
0.0001535409999995352 1943
0.00015355499999980537 1944
0.00015356999999927012 1943
0.000153689999999429 1942
0.00015369999999936823 1943
0.00015371399999963842 1944
0.000153776999999522 1945
0.00015379099999979218 1946
0.0001538099999995879 1945
0.00015384899999926205 1946
0.00015392999999974677 1945
0.00015397699999919467 1946
0.00015400699999990053 1947
0.00015404999999990565 1946
0.00015407399999922688 1947
0.00015409599999927082 1948
0.00015416999999917635 1947
0.0001541829999993638 1948
0.00015422899999961714 1949
0.00015425899999943482 1950
0.0001542889999992525 1951
0.00015428999999933524 1950
0.00015431899999995835 1951
0.00015434899999977603 1952
0.0001543789999995937 1953
0.00015440899999941138 1954
0.00015440999999949412 1953
0.000154529999999653 1952
0.00015464999999981188 1951
0.00015465399999925467 1952
0.00015468399999996052 1953
0.000154706999999199 1952
0.00015478099999999273 1953
0.0001548269999993579 1952
0.00015483500000001982 1953
0.0001549289999998038 1954
0.00015494699999951678 1953
0.00015501899999925683 1954
0.00015503299999952702 1955
0.00015506699999967566 1954
0.00015512399999995097 1953
0.00015522899999975692 1954
0.00015524399999922167 1953
0.00015527199999976204 1954
0.00015530099999949698 1953
0.00015530199999957972 1954
0.00015537799999965074 1955
0.00015539499999928097 1956
0.00015542099999965586 1955
0.00015554099999981474 1954
0.00015559499999984183 1955
0.00015566099999997363 1954
0.00015570099999973053 1955
0.00015578099999924433 1954
0.00015588499999985572 1955
0.0001559009999994032 1954
0.0001559929999999099 1955
0.0001560209999995621 1954
0.00015603499999983228 1955
0.0001560939999993849 1956
0.00015614099999972098 1955
0.0001562429999992787 1956
0.00015626099999987986 1955
0.0001563609999992721 1956
0.00015638100000003874 1957
0.00015638100000003874 1956
0.00015646599999996624 1957
0.00015647999999934825 1958
0.00015650099999930944 1957
0.0001565100000000541 1958
0.00015652399999943611 1959
0.00015662099999946832 1958
0.00015666899999988715 1959
0.0001567409999996272 1958
0.00015678699999988055 1959
0.0001568210000000292 1960
0.0001568609999997861 1959
0.00015698099999994497 1958
0.00015699999999974068 1959
0.00015702999999955836 1960
0.00015710099999921567 1959
0.00015710499999954664 1960
0.00015711899999981682 1961
0.00015722099999937456 1962
0.00015722099999937456 1961
0.00015730899999955028 1962
0.00015734099999953344 1961
0.00015735999999932915 1962
0.00015746099999969232 1961
0.00015746899999946606 1962
0.00015749899999928374 1963
0.0001575620000000555 1964
0.0001575809999998512 1963
0.00015759199999987317 1964
0.0001576419999995693 1965
0.00015765599999983948 1966
0.00015770100000001008 1965
0.0001577129999992266 1966
0.00015775899999947995 1967
0.0001577719999996674 1968
0.00015781599999975526 1969
0.0001578209999992808 1968
0.00015785899999976039 1969
0.00015794099999943967 1968
0.0001579489999992134 1969
0.00015797399999950557 1970
0.00015806099999959855 1969
0.00015810900000001737 1970
0.0001581399999999178 1971
0.00015818099999975743 1972
0.00015818099999975743 1971
0.00015824699999988923 1972
0.00015830099999991631 1971
0.00015842099999918702 1970
0.00015842899999984894 1971
0.00015846899999960584 1972
0.00015848299999987603 1973
0.00015853899999918042 1974
0.0001585409999993459 1973
0.00015866099999950478 1972
0.00015868099999938323 1973
0.0001587109999992009 1974
0.0001587179999997801 1973
0.0001587979999992939 1974
0.00015883799999993897 1973
0.00015895799999920968 1972
0.00015900499999954576 1973
0.00015907799999936856 1972
0.00015919799999952744 1971
0.00015930599999958162 1972
0.00015931799999968632 1971
0.0001593199999998518 1972
0.0001593339999992338 1973
0.0001594379999998452 1972
0.00015955800000000409 1971
0.00015965899999947908 1972
0.0001596779999992748 1971
0.00015972199999936265 1972
0.00015976899999969874 1973
0.00015979099999974267 1974
0.00015979799999943367 1973
0.00015985399999962624 1974
0.00015991799999959255 1973
0.00015993899999955374 1974
0.00016003799999975143 1973
0.00016007499999926011 1974
0.00016015799999991032 1973
0.0001601789999998715 1974
0.00016019299999925352 1975
0.00016027799999918102 1974
0.00016034499999939555 1975
0.00016037099999977045 1976
0.0001603979999993399 1975
0.0001604170000000238 1976
0.0001604309999994058 1977
0.00016046099999922347 1978
0.00016049099999992933 1979
0.00016050499999931134 1980
0.00016051799999949878 1979
0.00016051899999958152 1980
0.0001606029999994263 1981
0.00016063799999965767 1980
0.00016075799999981655 1979
0.000160771000000004 1980
0.00016087799999997543 1979
0.00016088699999983191 1980
0.00016099799999924613 1979
0.00016101099999943358 1980
0.0001610400000000567 1981
0.00016110099999977479 1982
0.00016111799999940501 1981
0.00016113099999959246 1982
0.00016115499999980187 1983
0.0001612379999995639 1982
0.00016135799999972278 1981
0.0001614149999999981 1982
0.00016147799999988166 1981
0.00016148000000004714 1982
0.00016159800000004054 1981
0.00016171799999931125 1980
0.00016183799999947013 1979
0.00016186399999984502 1980
0.00016192299999939763 1981
0.00016193699999966782 1982
0.000161957999999629 1981
0.00016199199999977765 1982
0.00016203699999994825 1983
0.0001620779999997879 1982
0.0001621019999999973 1983
0.00016213199999981498 1984
0.00016216199999963266 1985
0.00016219799999994677 1984
0.0001623069999991955 1985
0.00016231799999921748 1984
0.0001623209999994657 1985
0.00016243799999937636 1984
0.0001624509999995638 1985
0.00016255799999953524 1984
0.000162627999999998 1985
0.00016267399999936316 1986
0.00016267799999969412 1985
0.00016268799999963335 1986
0.00016270199999990353 1987
0.0001627250000000302 1988
0.000162797999999853 1987
0.0001629180000000119 1986
0.0001630379999992826 1985
0.00016309599999964064 1986
0.00016310999999991083 1987
0.00016312399999929283 1988
0.00016313799999956302 1989
0.00016315799999944147 1988
0.0001631679999993807 1989
0.00016318199999965088 1990
0.000163224999999656 1991
0.0001632389999999262 1992
0.00016327799999960035 1991
0.00016331299999983173 1992
0.00016336199999944512 1993
0.00016339799999975924 1992
0.00016351699999983538 1993
0.00016351799999991812 1992
0.00016363799999918882 1991
0.0001636590000000382 1992
0.00016374899999949122 1993
0.0001637579999993477 1992
0.00016382799999981046 1993
0.00016387799999950659 1992
0.00016399799999966547 1991
0.00016408999999928398 1992
0.00016410399999955416 1993
0.00016411799999982435 1992
0.00016419299999981263 1993
0.00016423799999998323 1992
0.00016435799999925393 1991
0.00016436599999991586 1992
0.0001644019999993418 1993
0.00016447799999941282 1992
0.000164498999999374 1993
0.00016454799999987557 1994
0.00016457799999969325 1995
0.0001645979999995717 1994
0.00016467299999955998 1995
0.00016470299999937765 1996
0.00016471699999964784 1997
0.00016471799999973058 1996
0.00016474699999946552 1997
0.0001647609999997357 1998
0.00016479299999971886 1999
0.00016480899999926635 2000
0.00016483799999988946 1999
0.00016495800000004834 1998
0.00016507799999931905 1997
0.00016518899999962144 1998
0.00016519799999947793 1997
0.0001653179999996368 1996
0.0001653579999993937 1997
0.00016537499999991212 1996
0.00016549499999918282 1995
0.00016551299999978397 1996
0.00016554299999960165 1997
0.0001656149999993417 1996
0.0001656199999997554 1997
0.0001657349999995006 1996
0.00016574799999968803 1997
0.00016585499999965947 1996
0.00016597499999981835 1995
0.00016599299999953132 1996
0.00016609499999997723 1995
0.0001661079999992765 1996
0.00016621499999924794 1995
0.00016633499999940682 1994
0.0001664549999995657 1993
0.00016646999999991863 1994
0.00016648599999946612 1995
0.00016653199999971946 1996
0.00016656199999953714 1997
0.00016657499999972458 1996
0.00016669499999988346 1995
0.00016681500000004235 1994
0.00016682499999998157 1995
0.00016693499999931305 1994
0.00016705499999947193 1993
0.0001671749999996308 1992
0.0001672499999996191 1993
0.00016726399999988928 1994
0.0001672949999997897 1993
0.00016741499999994858 1992
0.00016749899999979334 1993
0.00016753499999921928 1992
0.00016758899999924637 1993
0.00016760699999984752 1994
0.00016765499999937816 1993
0.00016777499999953704 1992
0.00016777699999970253 1993
0.0001678349999991724 1994
0.00016789499999969593 1993
0.00016790799999988337 1994
0.00016793799999970105 1995
0.00016795199999997124 1996
0.0001680149999998548 1995
0.00016809200000000857 1996
0.00016810599999939058 1997
0.0001681350000000137 1996
0.0001682549999992844 1995
0.00016826799999947184 1996
0.00016834899999995656 1997
0.00016837499999944328 1996
0.00016842899999947036 1997
0.00016844299999974055 1998
0.00016849499999960216 1997
0.00016857099999967318 1998
0.00016860099999949085 1999
0.00016861499999976104 1998
0.0001686659999995399 1999
0.0001686799999998101 2000
0.00016873499999991992 1999
0.00016874099999952819 2000
0.00016885499999919062 1999
0.00016885599999927337 2000
0.00016886999999954355 2001
0.00016889999999936123 2002
0.00016891399999963141 2003
0.00016896699999957576 2004
0.0001689749999993495 2003
0.00016903099999954208 2004
0.00016903199999962482 2003
0.0001691309999998225 2004
0.0001691519999997837 2003
0.00016915299999986644 2004
0.00016927199999994258 2003
0.00016939199999921328 2002
0.00016951199999937216 2001
0.00016952099999922865 2002
0.00016958799999944318 2003
0.00016960799999932163 2004
0.00016963199999953105 2003
0.00016975199999968993 2002
0.0001697819999995076 2003
0.00016980099999930331 2004
0.0001698719999998488 2003
0.00016988500000003626 2004
0.0001699259999998759 2005
0.00016995599999969357 2006
0.00016998599999951125 2007
0.0001699920000000077 2006
0.0001701119999992784 2005
0.00017021999999933257 2006
0.00017023199999943728 2005
0.00017033999999949145 2006
0.00017035199999959616 2005
0.00017042799999966718 2006
0.00017047199999975504 2005
0.00017050999999934646 2006
0.00017059199999991392 2005
0.0001706049999992132 2006
0.00017071199999918463 2005
0.0001708319999993435 2004
0.00017089599999930982 2005
0.00017090999999958 2006
0.0001709519999995024 2005
0.00017107199999966127 2004
0.00017119199999982015 2003
0.00017120999999953312 2004
0.0001712399999993508 2005
0.00017127000000005665 2006
0.00017128399999943866 2007
0.00017129799999970885 2008
0.00017131199999997904 2009
0.00017131199999997904 2008
0.00017143199999924974 2007
0.00017151999999942547 2008
0.00017155199999940862 2007
0.00017158499999947452 2008
0.0001715989999997447 2009
0.00017165699999921458 2010
0.0001716719999995675 2009
0.00017173899999978204 2010
0.00017179199999972639 2009
0.00017191199999988527 2008
0.0001719339999999292 2009
0.0001719479999993112 2010
0.00017200099999925555 2011
0.00017203200000004415 2010
0.00017211499999980617 2011
0.00017215199999931485 2010
0.00017227199999947373 2009
0.0001722899999991867 2010
0.00017230999999995333 2011
0.00017239199999963262 2010
0.00017240299999965458 2011
0.0001725119999997915 2010
0.00017251999999956524 2011
0.00017253899999936095 2012
0.000172590000000028 2013
0.00017263199999995038 2012
0.00017275199999922108 2011
0.000172759999999883 2012
0.00017276999999982223 2013
0.0001728489999992533 2014
0.00017287199999937997 2013
0.00017289699999967212 2014
0.00017299199999953885 2013
0.00017306699999952713 2014
0.00017311199999969773 2013
0.0001732319999998566 2012
0.00017324500000004406 2013
0.0001733520000000155 2012
0.00017341299999973359 2013
0.0001734719999992862 2012
0.00017347999999994812 2013
0.00017359099999936234 2014
0.00017359199999944508 2013
0.00017371199999960396 2012
0.00017382499999918366 2013
0.00017383199999976284 2012
0.00017395199999992172 2011
0.000173964999999221 2012
0.0001739979999992869 2013
0.0001740390000000147 2014
0.00017407199999919243 2013
0.0001741919999993513 2012
0.00017426199999981407 2013
0.0001743119999995102 2012
0.00017443199999966907 2011
0.00017455199999982796 2010
0.00017467199999998684 2009
0.00017474799999916968 2010
0.00017479199999925754 2009
0.00017485899999947208 2010
0.00017491199999941642 2009
0.0001750319999995753 2008
0.00017510299999923262 2009
0.00017513400000002122 2010
0.0001751519999997342 2009
0.00017515999999950793 2010
0.00017527199999989307 2009
0.00017533099999944568 2010
0.00017534499999971587 2011
0.00017539200000005195 2010
0.00017551199999932265 2009
0.0001755819999997854 2010
0.00017561199999960309 2011
0.00017563199999948154 2010
0.00017564199999942076 2011
0.0001756999999997788 2012
0.00017574999999947494 2013
0.00017575199999964042 2012
0.00017576399999974512 2013
0.000175821999999215 2014
0.00017586400000002556 2015
0.0001758719999997993 2014
0.00017599199999995818 2013
0.00017611199999922889 2012
0.00017623199999938777 2011
0.00017635199999954665 2010
0.00017640899999982196 2009
0.00017652899999998084 2008
0.00017664899999925154 2007
0.00017671999999979704 2008
0.00017676899999941043 2007
0.00017678199999959787 2008
0.00017679599999986806 2009
0.00017686699999952538 2010
0.0001768889999995693 2009
0.00017695699999986658 2010
0.00017700299999923175 2011
0.0001770089999997282 2010
0.00017704799999940235 2011
0.00017707700000002546 2012
0.00017712899999988707 2011
0.00017714799999968278 2012
0.00017718899999952242 2013
0.00017724900000004595 2012
0.00017736899999931666 2011
0.0001773819999995041 2012
0.0001774789999995363 2013
0.00017748899999947554 2012
0.00017754599999975085 2011
0.00017766599999990973 2010
0.0001776769999999317 2011
0.00017778599999918043 2010
0.0001778610000000569 2011
0.00017790599999933931 2010
0.0001779149999991958 2011
0.00017794299999973617 2012
0.0001780259999994982 2011
0.00017814599999965708 2010
0.0001782219999997281 2011
0.00017824899999929755 2012
0.00017826599999981596 2011
0.00017834299999996972 2012
0.00017838599999997484 2011
0.00017839299999966585 2012
0.0001784459999996102 2013
0.00017847599999942787 2014
0.00017850599999924555 2013
0.0001785169999992675 2014
0.00017862599999940443 2015
0.00017862599999940443 2014
0.00017863999999967461 2015
0.00017868299999967974 2014
0.00017877300000002094 2015
0.00017880299999983862 2016
0.00017880299999983862 2015
0.00017881699999922063 2016
0.00017885999999922575 2015
0.00017897999999938463 2014
0.0001790999999995435 2013
0.00017915199999940512 2014
0.0001792199999997024 2013
0.00017923799999941536 2014
0.00017932499999950835 2015
0.00017933999999986128 2014
0.00017946000000002016 2013
0.00017954299999978218 2014
0.00017957999999929086 2013
0.00017968199999973677 2014
0.00017969999999944974 2013
0.00017979699999948195 2014
0.00017981999999960863 2013
0.0001799399999997675 2012
0.0001800599999999264 2011
0.0001801799999991971 2010
0.00018029999999935598 2009
0.00018031699999987438 2010
0.00018041999999951486 2009
0.00018049599999958588 2010
0.00018053999999967374 2009
0.00018062199999935302 2010
0.0001806359999996232 2011
0.0001806499999998934 2012
0.00018065999999983262 2011
0.00018069099999973304 2012
0.0001807799999999915 2011
0.0001808999999992622 2010
0.00018095699999953752 2009
0.0001810769999996964 2008
0.00018119699999985528 2007
0.00018131700000001416 2006
0.00018139699999952796 2007
0.00018141099999979815 2008
0.00018143699999928486 2007
0.00018155699999944375 2006
0.00018157099999971393 2007
0.00018167699999960263 2006
0.0001817589999992819 2007
0.0001817969999997615 2006
0.0001819169999999204 2005
0.00018200599999929068 2006
0.0001820369999991911 2005
0.00018211899999975856 2006
0.00018215699999934998 2005
0.0001822139999996253 2004
0.0001822709999999006 2003
0.00018234800000005436 2004
0.0001823909999991713 2003
0.00018251099999933018 2002
0.00018263099999948906 2001
0.00018268799999976437 2000
0.00018280099999934407 2001
0.00018280799999992325 2000
0.00018292799999919396 1999
0.00018304799999935284 1998
0.00018316799999951172 1997
0.0001832879999996706 1996
0.00018340799999982949 1995
0.00018352799999998837 1994
0.0001835569999997233 1995
0.00018364799999925907 1994
0.00018376799999941795 1993
0.00018388799999957683 1992
0.00018393399999983018 1993
0.00018396999999925612 1994
0.0001839839999995263 1995
0.00018400799999973572 1994
0.0001841279999998946 1993
0.00018424800000005348 1992
0.00018428899999989312 1993
0.00018436799999932418 1992
0.00018448799999948307 1991
0.0001844909999997313 1992
0.00018457000000005053 1993
0.00018460799999964195 1992
0.00018472799999980083 1991
0.00018474099999998828 1992
0.0001848479999999597 1991
0.00018496799999923041 1990
0.00018497599999989234 1991
0.0001850789999995328 1992
0.0001850879999993893 1991
0.00018520799999954818 1990
0.00018532799999970706 1989
0.00018544799999986594 1988
0.00018547099999999261 1989
0.00018554299999973267 1990
0.00018556800000002482 1989
0.00018568799999929553 1988
0.0001858079999994544 1987
0.0001859279999996133 1986
0.00018595799999943097 1987
0.00018600800000001527 1988
0.00018604799999977217 1987
0.00018611799999934675 1988
0.0001861639999996001 1989
0.00018616799999993106 1988
0.00018617799999987028 1989
0.00018621200000001892 1990
0.00018625199999977582 1991
0.00018628799999920176 1990
0.00018640799999936064 1989
0.0001864519999994485 1990
0.00018647499999957518 1991
0.00018652799999951952 1990
0.0001866479999996784 1989
0.00018676799999983729 1988
0.00018678299999930204 1989
0.00018682499999922442 1988
0.0001869449999993833 1987
0.00018696699999942723 1988
0.00018698099999969742 1989
0.00018702499999978528 1990
0.00018703900000005547 1991
0.00018706499999954218 1990
0.00018715799999924343 1991
0.00018718499999970106 1990
0.00018730499999985994 1989
0.00018730599999994269 1990
0.00018742500000001883 1989
0.00018743199999970983 1990
0.00018753099999990752 1991
0.00018754499999928953 1990
0.0001876649999994484 1989
0.00018768199999996682 1990
0.0001877329999997457 1991
0.0001877849999996073 1990
0.00018790499999976618 1989
0.00018796200000004148 1988
0.0001880819999993122 1987
0.0001881389999995875 1986
0.00018825899999974638 1985
0.00018828799999948131 1986
0.00018837899999990526 1985
0.00018849899999917596 1984
0.00018851299999944615 1985
0.00018855599999945127 1984
0.00018867599999961016 1983
0.00018868199999921842 1984
0.00018879599999976904 1983
0.00018891599999992792 1982
0.00018903599999919862 1981
0.00018914299999917006 1982
0.0001891559999993575 1981
0.0001892759999995164 1980
0.00018939599999967527 1979
0.00018940000000000623 1980
0.0001894819999996855 1981
0.00018951599999983415 1980
0.00018963599999999303 1979
0.00018971599999950683 1980
0.00018975599999926374 1979
0.00018987599999942262 1978
0.00018993799999922345 1979
0.0001899959999995815 1978
0.00019011599999974038 1977
0.00019023599999989926 1976
0.0001902929999992864 1975
0.00019030399999930836 1976
0.00019041299999944528 1975
0.00019046300000002958 1976
0.00019049299999984726 1977
0.00019053299999960416 1976
0.00019061300000000614 1977
0.00019065299999976304 1976
0.00019071000000003835 1975
0.00019082999999930905 1974
0.00019085299999943572 1975
0.00019094999999946793 1974
0.00019106999999962682 1973
0.0001911899999997857 1972
0.00019130999999994458 1971
0.00019133299999918307 1972
0.00019139099999954112 1973
0.0001914049999998113 1974
0.00019142999999921528 1973
0.00019154999999937417 1972
0.00019166999999953305 1971
0.00019171799999995187 1972
0.00019178999999969193 1971
0.0001919099999998508 1970
0.0001920300000000097 1969
0.00019214199999950665 1970
0.0001921499999992804 1969
0.00019217299999940707 1970
0.00019226999999943928 1969
0.00019229599999981417 1970
0.00019238999999959816 1969
0.00019250999999975704 1968
0.00019253299999988371 1969
0.00019262999999991592 1968
0.0001926530000000426 1969
0.00019268699999930305 1968
0.0001927170000000089 1969
0.00019280699999946194 1968
0.0001928579999992408 1969
0.00019287599999984195 1970
0.00019292699999962082 1969
0.0001930469999997797 1968
0.00019316699999993858 1967
0.0001932239999993257 1966
0.0001933439999994846 1965
0.00019337799999963323 1966
0.00019346399999964348 1965
0.00019358399999980236 1964
0.0001936510000000169 1965
0.00019368799999952557 1966
0.00019370399999996124 1965
0.00019373999999938718 1966
0.00019375399999965737 1967
0.00019382399999923194 1966
0.00019394399999939083 1965
0.00019396499999935202 1966
0.0001940639999995497 1965
0.0001941839999997086 1964
0.00019420399999958704 1965
0.0001942409999999839 1964
0.00019429099999968003 1965
0.0001943609999992546 1964
0.00019442799999946914 1965
0.00019448099999941348 1964
0.0001945309999999978 1965
0.00019460099999957237 1964
0.00019461499999984255 1965
0.00019472099999973125 1964
0.00019472599999925677 1965
0.00019474999999946618 1966
0.00019484099999989013 1965
0.00019486999999962507 1966
0.000194961000000049 1965
0.00019508099999931972 1964
0.00019511299999930287 1965
0.0001952009999994786 1964
0.00019524000000004094 1965
0.00019532099999963748 1964
0.00019544099999979636 1963
0.00019556099999995524 1962
0.00019558399999919374 1963
0.00019562699999919886 1964
0.00019568099999922595 1963
0.0001957339999991703 1964
0.00019574799999944048 1965
0.00019580099999938483 1964
0.0001959209999995437 1963
0.0001960409999997026 1962
0.0001961209999992164 1963
0.00019616099999986147 1962
0.00019618799999943093 1963
0.00019628100000002036 1962
0.00019636099999953416 1963
0.00019640099999929106 1962
0.00019645099999987536 1963
0.00019648099999969304 1964
0.00019652099999944994 1963
0.00019664099999960882 1962
0.00019668499999969669 1963
0.0001967609999997677 1962
0.0001968809999999266 1961
0.0001970009999991973 1960
0.00019706599999924634 1961
0.00019712099999935617 1960
0.00019724099999951505 1959
0.0001973059999995641 1960
0.00019736099999967394 1959
0.00019748099999983282 1958
0.00019753799999921995 1957
0.00019765799999937883 1956
0.00019766600000004075 1957
0.0001977019999994667 1958
0.0001977779999995377 1957
0.00019782199999962558 1958
0.0001978979999996966 1957
0.00019801799999985548 1956
0.00019802599999962922 1957
0.00019813800000001436 1956
0.00019825799999928506 1955
0.00019835899999964823 1956
0.00019837799999944394 1955
0.00019839499999996235 1956
0.00019849799999960283 1955
0.0001986179999997617 1954
0.0001987379999999206 1953
0.0001988579999991913 1952
0.00019897799999935017 1951
0.00019909799999950906 1950
0.00019921799999966794 1949
0.00019933799999982682 1948
0.0001994579999999857 1947
0.0001995779999992564 1946
0.0001996979999994153 1945
0.00019981799999957417 1944
0.00019993799999973305 1943
0.00019995499999936328 1944
0.00020005799999989193 1943
0.00020017800000005082 1942
0.00020029799999932152 1941
0.00020033599999980112 1942
0.00020035499999959683 1941
0.0002004749999997557 1940
0.00020049199999938594 1941
0.0002005949999999146 1940
0.00020069599999938958 1941
0.0002007149999991853 1940
0.00020083499999934418 1939
0.00020086699999932733 1940
0.00020095499999950306 1939
0.00020106599999980546 1940
0.00020107499999966194 1939
0.00020119499999982082 1938
0.0002013149999999797 1937
0.00020138899999988524 1938
0.0002014159999994547 1939
0.0002014349999992504 1938
0.0002014679999993163 1939
0.00020150900000004413 1940
0.0002015549999994093 1939
0.00020167499999956817 1938
0.00020179499999972705 1937
0.00020191499999988594 1936
0.00020203500000004482 1935
0.0002020459999991786 1936
0.00020215499999931552 1935
0.0002022559999996787 1936
0.0002022749999994744 1935
0.00020239499999963328 1934
0.00020251499999979217 1933
0.0002025529999993836 1934
0.00020263499999995105 1933
0.00020275499999922175 1932
0.00020287499999938063 1931
0.00020299499999953952 1930
0.0002031149999996984 1929
0.00020323499999985728 1928
0.00020324599999987925 1929
0.00020329999999990633 1930
0.00020335500000001616 1929
0.00020336600000003813 1930
0.00020347499999928687 1929
0.00020359499999944575 1928
0.0002036059999994677 1929
0.00020371499999960463 1928
0.0002038349999997635 1927
0.0002039549999999224 1926
0.00020396599999994436 1927
0.0002039929999995138 1928
0.0002040749999991931 1927
0.00020408599999921506 1928
0.00020412399999969466 1929
0.0002041319999994684 1928
0.00020420599999937394 1929
0.0002042519999996273 1928
0.00020432599999953283 1929
0.00020437199999978617 1928
0.00020449199999994505 1927
0.0002045659999998506 1928
0.00020461199999921575 1927
0.00020468099999959577 1928
0.00020473199999937464 1927
0.00020480599999928017 1928
0.00020485199999953352 1927
0.0002049529999998967 1928
0.0002049719999996924 1927
0.00020509199999985128 1926
0.00020510299999987325 1927
0.00020521200000001016 1926
0.00020522300000003213 1927
0.00020533199999928087 1926
0.00020534299999930283 1927
0.00020545199999943975 1926
0.00020555199999972018 1927
0.00020557199999959863 1926
0.00020565399999927791 1927
0.0002056919999997575 1926
0.00020570299999977948 1927
0.0002058119999999164 1926
0.00020582299999993836 1927
0.0002059319999991871 1926
0.0002059699999996667 1927
0.00020605199999934598 1926
0.00020606299999936795 1927
0.00020617199999950486 1926
0.00020618299999952683 1927
0.00020629199999966374 1926
0.0002063029999996857 1927
0.00020638899999969595 1928
0.00020641199999982263 1927
0.0002065319999999815 1926
0.0002066519999992522 1925
0.00020666299999927418 1926
0.0002067719999994111 1925
0.00020683899999962563 1926
0.00020689199999956998 1925
0.00020690299999959194 1926
0.00020693000000004957 1927
0.00020701199999972886 1926
0.00020713199999988774 1925
0.0002071429999999097 1926
0.00020725200000004662 1925
0.00020737199999931732 1924
0.0002074919999994762 1923
0.00020750299999949817 1924
0.0002076119999996351 1923
0.00020762299999965705 1924
0.00020773199999979397 1923
0.00020779999999920307 1924
0.00020785199999995285 1923
0.00020790899999933998 1922
0.00020802899999949886 1921
0.00020803999999952083 1922
0.00020812999999986204 1923
0.00020814899999965775 1922
0.00020826899999981663 1921
0.0002082799999998386 1922
0.0002083889999999755 1921
0.00020850899999924621 1920
0.0002086289999994051 1919
0.00020863999999942706 1920
0.00020874899999956398 1919
0.00020875999999958594 1920
0.00020886899999972286 1919
0.00020898899999988174 1918
0.0002089999999999037 1919
0.00020910900000004062 1918
0.0002091199999991744 1919
0.00020922899999931133 1918
0.0002092399999993333 1919
0.0002093489999994702 1918
0.0002094689999996291 1917
0.00020947999999965106 1918
0.0002095259999999044 1917
0.00020959999999980994 1918
0.0002096459999991751 1917
0.00020971999999996882 1918
0.00020976599999933399 1917
0.00020983999999923952 1918
0.00020988599999949287 1917
0.0002099599999993984 1918
0.00021000599999965175 1917
0.0002100799999995573 1918
0.00021010700000001492 1919
0.00021012599999981063 1918
0.0002102459999999695 1917
0.00021031999999987505 1918
0.0002103469999994445 1919
0.00021036599999924022 1918
0.00021044000000003393 1919
0.0002104859999993991 1918
0.00021060599999955798 1917
0.00021067999999946352 1918
0.00021072599999971686 1917
0.00021084599999987574 1916
0.00021096399999986915 1917
0.00021096600000003463 1916
0.00021103999999994016 1917
0.00021108599999930533 1916
0.00021115999999921087 1917
0.0002112059999994642 1916
0.0002113259999996231 1915
0.00021139999999952863 1916
0.00021144599999978198 1915
0.00021156599999994086 1914
0.00021157699999996282 1915
0.00021168599999921156 1914
0.00021169699999923353 1915
0.00021178699999957473 1916
0.00021180599999937044 1915
0.00021192599999952932 1914
0.0002120459999996882 1913
0.00021205699999971017 1914
0.0002121659999998471 1913
0.00021217699999986905 1914
0.00021228600000000597 1913
0.00021238699999948096 1914
0.00021240599999927667 1913
0.00021241699999929864 1914
0.00021252599999943556 1913
0.00021262699999979873 1914
0.00021264599999959444 1913
0.0002126569999996164 1914
0.00021276599999975332 1913
0.0002128859999999122 1912
0.00021289699999993417 1913
0.0002130059999991829 1912
0.00021312599999934179 1911
0.00021324599999950067 1910
0.00021328399999998027 1911
0.00021336599999965955 1910
0.00021337699999968152 1911
0.0002134309999997086 1912
0.00021348599999981843 1911
0.00021360599999997731 1910
0.00021372599999924802 1909
0.00021373699999926998 1910
0.0002138459999994069 1909
0.00021385699999942887 1910
0.0002138839999998865 1911
0.00021396599999956578 1910
0.00021397699999958775 1911
0.00021408599999972466 1910
0.00021416999999956943 1911
0.00021420599999988355 1910
0.00021424399999947497 1911
0.00021432600000004243 1910
0.00021433699999917621 1911
0.00021444599999931313 1910
0.000214565999999472 1909
0.00021462299999974732 1908
0.0002147429999999062 1907
0.0002148629999991769 1906
0.0002149829999993358 1905
0.00021510299999949467 1904
0.0002151769999994002 1905
0.00021522299999965355 1904
0.00021526099999924497 1905
0.00021534299999981243 1904
0.00021546299999997132 1903
0.00021558299999924202 1902
0.0002157029999994009 1901
0.00021582299999955978 1900
0.00021583399999958175 1901
0.00021594299999971867 1900
0.00021606299999987755 1899
0.00021618300000003643 1898
0.00021622099999962785 1899
0.00021630299999930713 1898
0.00021638599999995733 1899
0.00021642299999946601 1898
0.00021643399999948798 1899
0.0002165429999996249 1898
0.00021655399999964686 1899
0.00021666299999978378 1898
0.00021678299999994266 1897
0.00021690299999921336 1896
0.00021702299999937225 1895
0.00021714299999953113 1894
0.0002172179999995194 1895
0.0002172319999997896 1896
0.00021726299999969 1895
0.00021730099999928143 1896
0.0002173829999998489 1895
0.00021750300000000777 1894
0.00021757099999941687 1895
0.00021762299999927848 1894
0.00021774299999943736 1893
0.00021781099999973463 1894
0.00021786299999959624 1893
0.00021798299999975512 1892
0.000218102999999914 1891
0.0002182229999991847 1890
0.0002183429999993436 1889
0.00021846299999950247 1888
0.00021858299999966135 1887
0.00021870299999982024 1886
0.00021882299999997912 1885
0.00021894299999924982 1884
0.00021898099999972942 1885
0.0002190629999994087 1884
0.00021918299999956758 1883
0.00021930299999972647 1882
0.00021937799999971475 1883
0.00021939199999998493 1884
0.00021942299999988535 1883
0.00021954300000004423 1882
0.00021966299999931493 1881
0.00021978299999947382 1880
0.0002198509999997711 1881
0.00021987799999934055 1882
0.0002199029999996327 1881
0.00021997099999992997 1882
0.00022002299999979158 1881
0.00022014299999995046 1880
0.00022026299999922117 1879
0.00022031999999949647 1878
0.00022043999999965536 1877
0.00022045099999967732 1878
0.00022047799999924678 1879
0.00022055999999981424 1878
0.00022067999999997312 1877
0.00022079999999924382 1876
0.0002208109999992658 1877
0.0002209199999994027 1876
0.0002210399999995616 1875
0.00022105099999958355 1876
0.00022115999999972047 1875
0.00022117099999974243 1876
0.00022127999999987935 1875
0.00022140000000003823 1874
0.00022151999999930894 1873
0.00022163999999946782 1872
0.0002217599999996267 1871
0.00022187999999978558 1870
0.00022199999999994446 1869
0.00022211999999921517 1868
0.00022223999999937405 1867
0.00022235999999953293 1866
0.0002224799999996918 1865
0.0002225479999999891 1866
0.0002225999999998507 1865
0.0002226679999992598 1866
0.00022272000000000958 1865
0.00022278799999941867 1866
0.00022283999999928028 1865
0.0002228969999995556 1864
0.00022301699999971447 1863
0.00022313699999987335 1862
0.00022325700000003224 1861
0.00022337699999930294 1860
0.00022349699999946182 1859
0.0002236169999996207 1858
0.00022373699999977958 1857
0.00022385699999993847 1856
0.00022397699999920917 1855
0.00022409699999936805 1854
0.00022421699999952693 1853
0.0002242279999995489 1854
0.0002243179999998901 1855
0.00022433699999968582 1854
0.0002244569999998447 1853
0.00022457700000000358 1852
0.00022469699999927428 1851
0.00022481699999943316 1850
0.00022493699999959205 1849
0.00022505699999975093 1848
0.0002250679999997729 1849
0.0002251769999999098 1848
0.00022529699999918051 1847
0.0002254169999993394 1846
0.00022542799999936136 1847
0.00022553699999949828 1846
0.00022554799999952024 1847
0.00022557499999997788 1848
0.00022565699999965716 1847
0.00022566799999967913 1848
0.00022577699999981604 1847
0.000225787999999838 1848
0.00022583399999920317 1847
0.00022595399999936205 1846
0.00022607399999952094 1845
0.00022615500000000566 1846
0.00022619399999967982 1845
0.0002263139999998387 1844
0.00022638799999974424 1845
0.00022643399999999758 1844
0.00022653499999947257 1845
0.00022655399999926829 1844
0.00022667399999942717 1843
0.00022679399999958605 1842
0.0002268679999994916 1843
0.00022691399999974493 1842
0.0002270339999999038 1841
0.00022710799999980935 1842
0.00022715399999917452 1841
0.00022722799999996823 1842
0.0002272739999993334 1841
0.0002273309999996087 1840
0.0002274509999997676 1839
0.00022757099999992647 1838
0.0002275879999995567 1839
0.00022769099999919717 1838
0.00022781099999935606 1837
0.00022793099999951494 1836
0.00022805099999967382 1835
0.0002281709999998327 1834
0.0002282719999993077 1835
0.00022829099999999158 1834
0.0002284109999992623 1833
0.000228485000000056 1834
0.00022853099999942117 1833
0.00022858799999969648 1832
0.00022870799999985536 1831
0.0002287249999994856 1832
0.00022882800000001424 1831
0.00022894799999928495 1830
0.00022906799999944383 1829
0.00022908499999996224 1830
0.0002291879999996027 1829
0.0002293079999997616 1828
0.00022935199999984945 1829
0.00022942799999992047 1828
0.00022947200000000834 1829
0.0002294849999993076 1828
0.00022960499999946649 1827
0.00022969199999955947 1828
0.00022972499999962537 1827
0.00022980500000002735 1828
0.00022984499999978425 1827
0.00022996499999994313 1826
0.00023002199999933026 1825
0.00023014199999948914 1824
0.00023016499999961582 1825
0.00023026199999964803 1824
0.0002303819999998069 1823
0.0002305019999999658 1822
0.0002306219999992365 1821
0.00023074199999939538 1820
0.0002308489999993668 1821
0.00023086199999955426 1820
0.00023098199999971314 1819
0.00023110199999987202 1818
0.00023120899999984346 1819
0.0002312220000000309 1818
0.00023127899999941803 1817
0.0002313019999995447 1818
0.00023133599999969334 1817
0.00023145599999985222 1816
0.0002315760000000111 1815
0.00023166899999971236 1816
0.0002316959999992818 1815
0.00023175299999955712 1814
0.000231872999999716 1813
0.00023192899999990857 1814
0.00023199299999987488 1813
0.00023211300000003376 1812
0.0002321419999997687 1813
0.00023223299999930447 1812
0.00023226199999992758 1813
0.00023235299999946335 1812
0.00023247299999962223 1811
0.00023259299999978111 1810
0.00023271299999994 1809
0.0002328329999992107 1808
0.00023294599999967858 1809
0.00023295299999936958 1808
0.00023307299999952846 1807
0.00023319299999968734 1806
0.00023331299999984623 1805
0.00023339899999985647 1806
0.0002334330000000051 1805
0.0002335529999992758 1804
0.0002336729999994347 1803
0.00023379299999959358 1802
0.00023391299999975246 1801
0.00023403299999991134 1800
0.00023415299999918204 1799
0.00023420299999976635 1800
0.00023427299999934093 1799
0.0002343929999994998 1798
0.0002345129999996587 1797
0.00023463299999981757 1796
0.00023475299999997645 1795
0.00023487299999924716 1794
0.00023489599999937383 1795
0.00023499299999940604 1794
0.00023511299999956492 1793
0.0002352329999997238 1792
0.00023525599999985047 1793
0.0002352899999999991 1792
0.00023540999999926981 1791
0.0002355299999994287 1790
0.00023561599999943894 1791
0.00023564999999958758 1790
0.00023576999999974646 1789
0.00023588999999990534 1788
0.00023600999999917605 1787
0.00023603299999930272 1788
0.00023612999999933493 1787
0.0002362499999994938 1786
0.0002363699999996527 1785
0.00023639299999977936 1786
0.00023648999999981157 1785
0.00023660999999997046 1784
0.00023672999999924116 1783
0.00023678699999951647 1782
0.00023690699999967535 1781
0.00023702699999983423 1780
0.0002371469999999931 1779
0.00023726699999926382 1778
0.0002373869999994227 1777
0.00023750699999958158 1776
0.00023762699999974046 1775
0.00023774699999989934 1774
0.00023786699999917005 1773
0.00023798699999932893 1772
0.0002381069999994878 1771
0.00023816399999976312 1770
0.000238283999999922 1769
0.0002384039999991927 1768
0.00023842699999931938 1769
0.0002385239999993516 1768
0.00023864399999951047 1767
0.00023876399999966935 1766
0.00023888399999982823 1765
0.00023900399999998712 1764
0.00023912399999925782 1763
0.00023919800000005154 1764
0.0002392439999994167 1763
0.000239300999999692 1762
0.00023931799999932224 1763
0.0002394209999998509 1762
0.00023954100000000977 1761
0.00023966099999928048 1760
0.00023978099999943936 1759
0.00023990099999959824 1758
0.00024002099999975712 1757
0.000240140999999916 1756
0.0002402609999991867 1755
0.0002403809999993456 1754
0.00024050099999950447 1753
0.00024062099999966335 1752
0.00024074099999982224 1751
0.00024086099999998112 1750
0.00024098099999925182 1749
0.0002411009999994107 1748
0.00024122099999956959 1747
0.00024134099999972847 1746
0.00024146099999988735 1745
0.00024147799999951758 1746
0.00024158100000004623 1745
0.00024163799999943336 1744
0.00024175799999959224 1743
0.00024183799999999422 1744
0.00024187799999975113 1743
0.00024199799999991 1742
0.00024205499999929714 1741
0.00024217499999945602 1740
0.0002422949999996149 1739
0.00024231799999974157 1740
0.00024241499999977378 1739
0.00024253499999993267 1738
0.00024265499999920337 1737
0.00024277499999936225 1736
0.00024289499999952113 1735
0.00024301499999968001 1734
0.0002431349999998389 1733
0.00024325499999999778 1732
0.00024337499999926848 1731
0.00024349499999942736 1730
0.00024361499999958625 1729
0.00024373499999974513 1728
0.000243854999999904 1727
0.0002439749999991747 1726
0.0002440549999995767 1727
0.0002440949999993336 1726
0.0002442149999994925 1725
0.00024433499999965136 1724
0.00024445499999981024 1723
0.0002445749999999691 1722
0.0002446949999992398 1721
0.0002448149999993987 1720
0.0002449349999995576 1719
0.00024505499999971647 1718
0.0002450719999993467 1719
0.00024517499999987535 1718
0.00024529500000003424 1717
0.00024541499999930494 1716
0.0002455349999994638 1715
0.0002456549999996227 1714
0.0002457749999997816 1713
0.00024589499999994047 1712
0.000245968999999846 1713
0.00024601499999921117 1712
0.0002460719999994865 1711
0.00024619199999964536 1710
0.00024631199999980424 1709
0.0002464319999999631 1708
0.00024644899999959335 1709
0.00024655199999923383 1708
0.0002466719999993927 1707
0.000246728999999668 1706
0.0002468489999998269 1705
0.0002469689999999858 1704
0.0002470889999992565 1703
0.00024720899999941537 1702
0.00024732899999957425 1701
0.0002473459999992045 1702
0.00024744899999973313 1701
0.000247568999999892 1700
0.00024759299999921325 1701
0.0002476890000000509 1700
0.0002478089999993216 1699
0.0002479289999994805 1698
0.00024804899999963936 1697
0.00024816899999979825 1696
0.00024828899999995713 1695
0.00024840899999922783 1694
0.00024846599999950314 1693
0.0002485459999999051 1694
0.000248585999999662 1693
0.0002487059999998209 1692
0.0002488259999999798 1691
0.0002489459999992505 1690
0.00024906599999940937 1689
0.0002490829999999278 1690
0.00024918599999956825 1689
0.00024930599999972713 1688
0.000249425999999886 1687
0.0002495460000000449 1686
0.00024961999999995044 1687
0.0002496659999993156 1686
0.0002497859999994745 1685
0.00024990599999963337 1684
0.00025002599999979225 1683
0.00025014599999995113 1682
0.00025026599999922183 1681
0.0002503859999993807 1680
0.0002505059999995396 1679
0.00025057999999944514 1680
0.0002506259999996985 1679
0.00025074599999985736 1678
0.00025086600000001624 1677
0.0002509399999999218 1678
0.00025098599999928695 1677
0.00025110599999944583 1676
0.00025117999999935137 1677
0.0002512259999996047 1676
0.00025128299999988 1675
0.0002514030000000389 1674
0.00025141999999966913 1675
0.0002515229999993096 1674
0.0002516429999994685 1673
0.00025176299999962737 1672
0.00025188299999978625 1671
0.00025200299999994513 1670
0.00025201999999957536 1671
0.00025205999999933226 1670
0.00025213999999973424 1671
0.00025217999999949114 1670
0.00025229999999965 1669
0.0002524199999998089 1668
0.0002525399999999678 1667
0.0002526599999992385 1666
0.0002527799999993974 1665
0.00025285999999979936 1666
0.00025289999999955626 1665
0.00025301999999971514 1664
0.000253139999999874 1663
0.0002532600000000329 1662
0.0002533799999993036 1661
0.0002534999999994625 1660
0.00025361999999962137 1659
0.00025373999999978025 1658
0.00025385999999993913 1657
0.00025397999999920984 1656
0.0002540999999993687 1655
0.0002542199999995276 1654
0.0002543399999996865 1653
0.00025445999999984537 1652
0.0002545339999997509 1653
0.00025458000000000425 1652
0.00025469999999927495 1651
0.0002547739999991805 1652
0.00025481999999943383 1651
0.0002549399999995927 1650
0.0002550599999997516 1649
0.0002551799999999105 1648
0.000255253999999816 1649
0.0002552999999991812 1648
0.00025541999999934006 1647
0.00025553999999949895 1646
0.00025559699999977425 1645
0.0002556139999994045 1646
0.00025571699999993314 1645
0.00025583699999920384 1644
0.0002559569999993627 1643
0.0002560769999995216 1642
0.0002561969999996805 1641
0.00025631699999983937 1640
0.00025643699999999825 1639
0.00025655699999926895 1638
0.0002566309999991745 1639
0.00025667699999942784 1638
0.0002567969999995867 1637
0.00025687099999949226 1638
0.0002569169999997456 1637
0.0002570369999999045 1636
0.00025711099999981 1637
0.0002571569999991752 1636
0.00025727699999933407 1635
0.00025739699999949295 1634
0.00025751699999965183 1633
0.00025759099999955737 1634
0.0002576369999998107 1633
0.0002577569999999696 1632
0.0002578769999992403 1631
0.0002579969999993992 1630
0.00025811699999955806 1629
0.00025823699999971694 1628
0.0002583179999993135 1629
0.0002583569999998758 1628
0.0002584770000000347 1627
0.00025853399999942184 1626
0.0002586539999995807 1625
0.00025872799999948626 1626
0.0002587739999997396 1625
0.0002588310000000149 1624
0.0002588749999992146 1625
0.0002589509999992856 1624
0.0002590709999994445 1623
0.0002591909999996034 1622
0.00025931099999976226 1621
0.0002593279999993925 1622
0.00025943099999992114 1621
0.0002595049999998267 1622
0.00025955099999919184 1621
0.0002596709999993507 1620
0.0002597909999995096 1619
0.0002599109999996685 1618
0.00026003099999982737 1617
0.0002601049999997329 1618
0.00026015099999998625 1617
0.0002602249999998918 1618
0.00026027099999925696 1617
0.00026039099999941584 1616
0.0002605109999995747 1615
0.0002606309999997336 1614
0.00026070499999963914 1615
0.0002607509999998925 1614
0.00026087100000005137 1613
0.0002609449999999569 1614
0.00026099099999932207 1613
0.00026111099999948095 1612
0.00026123099999963983 1611
0.0002613509999997987 1610
0.0002614709999999576 1609
0.0002615909999992283 1608
0.0002617109999993872 1607
0.0002617849999992927 1608
0.00026183099999954607 1607
0.00026195099999970495 1606
0.0002620249999996105 1607
0.00026207099999986383 1606
0.0002621910000000227 1605
0.0002623109999992934 1604
0.00026238499999919895 1605
0.0002624309999994523 1604
0.00026250499999935784 1605
0.0002625509999996112 1604
0.0002626079999998865 1603
0.0002626249999995167 1604
0.0002626649999992736 1603
0.0002627849999994325 1602
0.0002629049999995914 1601
0.00026302499999975026 1600
0.00026314499999990915 1599
0.00026326499999917985 1598
0.00026338499999933873 1597
0.00026340199999985714 1598
0.0002635049999994976 1597
0.000263522000000016 1598
0.0002636249999996565 1597
0.0002637449999998154 1596
0.0002638019999992025 1595
0.0002639219999993614 1594
0.00026404199999952027 1593
0.00026416199999967915 1592
0.00026428199999983804 1591
0.0002644019999999969 1590
0.0002645219999992676 1589
0.0002646419999994265 1588
0.0002647219999998285 1589
0.0002647619999995854 1588
0.00026484199999998737 1589
0.00026488199999974427 1588
0.00026500199999990315 1587
0.00026512199999917385 1586
0.00026524199999933273 1585
0.0002653619999994916 1584
0.0002654419999998936 1585
0.0002654819999996505 1584
0.0002655620000000525 1585
0.0002656019999998094 1584
0.0002656819999993232 1585
0.00026572199999996826 1584
0.00026580199999948206 1585
0.00026584199999923896 1584
0.00026596199999939785 1583
0.00026597899999991625 1584
0.00026608199999955673 1583
0.0002662019999997156 1582
0.0002662589999999909 1581
0.00026627599999962115 1582
0.0002663789999992616 1581
0.0002664989999994205 1580
0.0002666189999995794 1579
0.00026673899999973827 1578
0.00026685899999989715 1577
0.00026697900000005603 1576
0.00026699599999968626 1577
0.00026709899999932674 1576
0.00026711599999984514 1577
0.0002672189999994856 1576
0.0002673389999996445 1575
0.0002673959999999198 1574
0.0002675159999991905 1573
0.0002676359999993494 1572
0.0002677559999995083 1571
0.00026784299999960126 1572
0.00026787599999966716 1571
0.00026799599999982604 1570
0.0002681159999999849 1569
0.0002682359999992556 1568
0.0002683159999996576 1569
0.0002683559999994145 1568
0.0002684759999995734 1567
0.00026859599999973227 1566
0.00026871599999989115 1565
0.00026883600000005003 1564
0.00026895599999932074 1563
0.0002690359999997227 1564
0.0002690759999994796 1563
0.0002691959999996385 1562
0.0002692760000000405 1563
0.0002693159999997974 1562
0.00026943599999995627 1561
0.00026951599999947007 1562
0.00026955599999922697 1561
0.00026967599999938585 1560
0.00026975599999978783 1561
0.00026979599999954473 1560
0.0002698759999999467 1561
0.0002699159999997036 1560
0.0002700359999998625 1559
0.0002701560000000214 1558
0.0002702759999992921 1557
0.00027039599999945096 1556
0.0002704529999997263 1555
0.00027057299999988516 1554
0.00027069300000004404 1553
0.00027070999999967427 1554
0.00027081299999931474 1553
0.0002709329999994736 1552
0.0002710529999996325 1551
0.0002711729999997914 1550
0.00027129299999995027 1549
0.00027141299999922097 1548
0.0002714870000000147 1549
0.00027153299999937985 1548
0.0002716069999992854 1549
0.00027165299999953874 1548
0.0002717269999994443 1549
0.0002717729999996976 1548
0.0002718929999998565 1547
0.0002720130000000154 1546
0.0002721329999992861 1545
0.00027225299999944497 1544
0.00027237299999960385 1543
0.0002724469999995094 1544
0.00027249299999976273 1543
0.0002726129999999216 1542
0.00027268699999982715 1543
0.0002727329999991923 1542
0.00027280699999998603 1543
0.0002728529999993512 1542
0.0002729099999996265 1541
0.0002730299999997854 1540
0.00027314999999994427 1539
0.000273269999999215 1538
0.0002733269999994903 1537
0.00027340699999989226 1538
0.00027344699999964917 1537
0.00027356699999980805 1536
0.00027368699999996693 1535
0.00027380699999923763 1534
0.0002739269999993965 1533
0.0002739439999999149 1534
0.0002740469999995554 1533
0.0002741669999997143 1532
0.0002742239999999896 1531
0.0002743039999995034 1532
0.0002743439999992603 1531
0.00027446399999941917 1530
0.00027454399999982115 1531
0.00027458399999957805 1530
0.00027470399999973694 1529
0.0002748239999998958 1528
0.00027484099999952605 1529
0.0002749440000000547 1528
0.0002750639999993254 1527
0.0002751839999994843 1526
0.0002752010000000027 1527
0.00027530399999964317 1526
0.00027542399999980205 1525
0.00027554399999996093 1524
0.00027566399999923163 1523
0.0002757839999993905 1522
0.0002758279999994784 1523
0.0002759039999995494 1522
0.0002760239999997083 1521
0.00027614399999986716 1520
0.0002761609999994974 1521
0.00027626400000002604 1520
0.0002762809999996563 1521
0.00027638399999929675 1520
0.00027650399999945563 1519
0.00027652099999997404 1520
0.00027656099999973094 1519
0.00027664099999924474 1520
0.0002766809999998898 1519
0.0002768010000000487 1518
0.0002769209999993194 1517
0.0002770409999994783 1516
0.00027712099999988027 1517
0.00027716099999963717 1516
0.00027728099999979605 1515
0.00027740099999995493 1514
0.00027752099999922564 1513
0.0002776409999993845 1512
0.0002777609999995434 1511
0.0002778809999997023 1510
0.00027800099999986116 1509
0.00027812100000002005 1508
0.00027824099999929075 1507
0.00027836099999944963 1506
0.0002784809999996085 1505
0.00027849799999923874 1506
0.0002786009999997674 1505
0.0002787209999999263 1504
0.00027882199999940127 1505
0.000278840999999197 1504
0.00027896099999935586 1503
0.00027908099999951475 1502
0.0002792009999996736 1501
0.0002793209999998325 1500
0.0002794409999999914 1499
0.0002794579999996216 1500
0.0002795609999992621 1499
0.0002795779999997805 1500
0.000279680999999421 1499
0.0002796979999999394 1500
0.0002797379999996963 1499
0.0002798179999992101 1500
0.00027985799999985517 1499
0.00027997800000001405 1498
0.00028009799999928475 1497
0.00028017799999968673 1498
0.00028021799999944363 1497
0.0002803379999996025 1496
0.0002804579999997614 1495
0.00028047499999939163 1496
0.0002805779999999203 1495
0.000280697999999191 1494
0.00028081799999934987 1493
0.00028093799999950875 1492
0.00028105799999966763 1491
0.0002811779999998265 1490
0.0002812979999999854 1489
0.0002814179999992561 1488
0.000281537999999415 1487
0.00028165799999957386 1486
0.00028177799999973274 1485
0.0002818979999998916 1484
0.0002820180000000505 1483
0.0002820289999991843 1484
0.0002821379999993212 1483
0.0002822579999994801 1482
0.0002823149999997554 1481
0.0002824349999999143 1480
0.000282554999999185 1479
0.00028267499999934387 1478
0.00028279499999950275 1477
0.00028291499999966163 1476
0.0002830349999998205 1475
0.00028310899999972605 1476
0.0002831549999999794 1475
0.00028322899999988493 1476
0.0002832749999992501 1475
0.000283394999999409 1474
0.00028351499999956786 1473
0.00028363499999972674 1472
0.0002837549999998856 1471
0.00028382899999979117 1472
0.0002838750000000445 1471
0.0002839949999993152 1470
0.0002841149999994741 1469
0.000284234999999633 1468
0.00028424599999965494 1469
0.00028435499999979186 1468
0.00028447499999995074 1467
0.00028459499999922144 1466
0.0002847149999993803 1465
0.0002848349999995392 1464
0.0002849549999996981 1463
0.00028507499999985697 1462
0.00028508599999987894 1463
0.00028519500000001585 1462
0.00028531499999928656 1461
0.00028543499999944544 1460
0.0002855549999996043 1459
0.0002856749999997632 1458
0.0002857949999999221 1457
0.0002859149999991928 1456
0.00028603499999935167 1455
0.00028615499999951055 1454
0.00028627499999966943 1453
0.0002863949999998283 1452
0.0002865149999999872 1451
0.0002866349999992579 1450
0.0002867549999994168 1449
0.00028687499999957566 1448
0.00028699499999973455 1447
0.00028705200000000985 1446
0.00028717199999928056 1445
0.00028729199999943944 1444
0.0002874119999995983 1443
0.0002874229999996203 1444
0.0002875319999997572 1443
0.0002876519999999161 1442
0.0002877719999991868 1441
0.00028789199999934567 1440
0.00028801199999950455 1439
0.00028813199999966344 1438
0.0002882519999998223 1437
0.0002883719999999812 1436
0.0002884919999992519 1435
0.0002886119999994108 1434
0.00028873199999956967 1433
0.00028885199999972855 1432
0.00028897199999988743 1431
0.0002890920000000463 1430
0.000289211999999317 1429
0.0002893319999994759 1428
0.0002894519999996348 1427
0.00028957199999979366 1426
0.00028969199999995254 1425
0.00028975999999936164 1426
0.00028981199999922325 1425
0.00028993199999938213 1424
0.000290051999999541 1423
0.0002901199999998383 1424
0.0002901719999996999 1423
0.0002902919999998588 1422
0.00029041200000001766 1421
0.00029053199999928836 1420
0.00029065199999944724 1419
0.0002907719999996061 1418
0.000290891999999765 1417
0.0002910119999999239 1416
0.0002911319999991946 1415
0.00029125199999935347 1414
0.00029131999999965075 1415
0.00029137199999951235 1414
0.00029149199999967124 1413
0.0002916119999998301 1412
0.000291731999999989 1411
0.0002918519999992597 1410
0.0002919719999994186 1409
0.00029209199999957747 1408
0.00029221199999973635 1407
0.00029233199999989523 1406
0.0002924520000000541 1405
0.0002925719999993248 1404
0.0002926399999996221 1405
0.0002926919999994837 1404
0.0002928119999996426 1403
0.00029287999999993986 1404
0.00029293199999980146 1403
0.00029299999999921056 1404
0.00029305199999996034 1403
0.00029311999999936944 1404
0.00029317199999923105 1403
0.00029329199999938993 1402
0.0002934119999995488 1401
0.0002935319999997077 1400
0.0002936519999998666 1399
0.00029377200000002546 1398
0.00029389199999929616 1397
0.00029395999999959344 1398
0.00029401199999945504 1397
0.0002941319999996139 1396
0.0002942519999997728 1395
0.0002943719999999317 1394
0.0002944919999992024 1393
0.0002946119999993613 1392
0.00029473199999952016 1391
0.00029485199999967904 1390
0.0002949719999998379 1389
0.00029497699999936344 1390
0.0002950919999999968 1389
0.0002952119999992675 1388
0.0002952169999996812 1389
0.0002953319999994264 1388
0.00029545199999958527 1387
0.0002955089999998606 1386
0.00029562900000001946 1385
0.00029574899999929016 1384
0.00029581699999958744 1385
0.00029586899999944904 1384
0.0002959889999996079 1383
0.0002961089999997668 1382
0.0002962289999999257 1381
0.0002963489999991964 1380
0.0002964689999993553 1379
0.00029658899999951416 1378
0.00029670899999967304 1377
0.0002967769999999703 1378
0.0002968289999998319 1377
0.0002969489999999908 1376
0.0002970689999992615 1375
0.0002971369999995588 1376
0.0002971889999994204 1375
0.00029730899999957927 1374
0.00029742899999973815 1373
0.00029754899999989703 1372
0.0002976690000000559 1371
0.0002977889999993266 1370
0.0002978569999996239 1371
0.0002979089999994855 1370
0.0002980289999996444 1369
0.00029809699999994166 1370
0.00029814899999980327 1369
0.0002982059999991904 1368
0.00029821699999921236 1369
0.0002983259999993493 1368
0.00029844599999950816 1367
0.00029856599999966704 1366
0.0002986859999998259 1365
0.0002988059999999848 1364
0.0002989259999992555 1363
0.0002990459999994144 1362
0.0002991659999995733 1361
0.00029928599999973216 1360
0.00029940599999989104 1359
0.000299416999999913 1360
0.0002995260000000499 1359
0.0002995369999991837 1360
0.0002996459999993206 1359
0.0002997659999994795 1358
0.0002998859999996384 1357
0.00030000599999979727 1356
0.00030012599999995615 1355
0.00030024599999922685 1354
0.00030036599999938574 1353
0.0003004859999995446 1352
0.0003006059999997035 1351
0.0003007259999998624 1350
0.00030073699999988435 1351
0.0003007829999992495 1350
0.0003009029999994084 1349
0.00030097699999931393 1350
0.0003010229999995673 1349
0.00030114299999972616 1348
0.00030126299999988504 1347
0.0003013830000000439 1346
0.0003015029999993146 1345
0.0003016229999994735 1344
0.0003017429999996324 1343
0.00030186299999979127 1342
0.0003019369999996968 1343
0.00030198299999995015 1342
0.00030210299999922086 1341
0.00030222299999937974 1340
0.0003023429999995386 1339
0.00030241699999944416 1340
0.0003024629999996975 1339
0.0003025829999998564 1338
0.00030270300000001527 1337
0.00030282299999928597 1336
0.00030294299999944485 1335
0.0003029539999994668 1336
0.00030306299999960373 1335
0.0003031829999997626 1334
0.0003031939999997846 1335
0.0003033029999999215 1334
0.00030331399999994346 1335
0.0003034229999991922 1334
0.0003035429999993511 1333
0.00030355399999937305 1334
0.00030366299999950996 1333
0.00030378299999966885 1332
0.00030390299999982773 1331
0.0003040229999999866 1330
0.0003041429999992573 1329
0.0003042629999994162 1328
0.00030427399999943816 1329
0.0003043829999995751 1328
0.00030450299999973396 1327
0.00030462299999989284 1326
0.0003047430000000517 1325
0.0003048629999993224 1324
0.0003048739999993444 1325
0.0003049829999994813 1324
0.0003049939999995033 1325
0.0003051029999996402 1324
0.00030511399999966216 1325
0.00030522299999979907 1324
0.00030534299999995795 1323
0.00030546299999922866 1322
0.0003054739999992506 1323
0.00030558299999938754 1322
0.0003057029999995464 1321
0.0003058229999997053 1320
0.0003058910000000026 1321
0.0003059429999998642 1320
0.00030606300000002307 1319
0.00030618299999929377 1318
0.00030625099999959104 1319
0.00030630299999945265 1318
0.00030642299999961153 1317
0.0003065429999997704 1316
0.0003066629999999293 1315
0.0003067829999992 1314
0.0003069029999993589 1313
0.00030702299999951776 1312
0.00030709099999981504 1313
0.00030714299999967665 1312
0.00030726299999983553 1311
0.0003073309999992446 1312
0.0003073829999999944 1311
0.0003075029999992651 1310
0.000307622999999424 1309
0.0003077429999995829 1308
0.00030786299999974176 1307
0.00030798299999990064 1306
0.00030810299999917135 1305
0.00030822299999933023 1304
0.0003083429999994891 1303
0.000308462999999648 1302
0.00030858299999980687 1301
0.00030870299999996575 1300
0.00030882299999923646 1299
0.00030894299999939534 1298
0.0003090629999995542 1297
0.0003091829999997131 1296
0.00030918799999923863 1297
0.000309302999999872 1296
0.0003093079999993975 1297
0.00030942300000003087 1296
0.00030954299999930157 1295
0.0003095999999995769 1294
0.00030971999999973576 1293
0.00030983999999989464 1292
0.0003099600000000535 1291
0.0003100279999994626 1292
0.00031007999999932423 1291
0.0003101999999994831 1290
0.000310319999999642 1289
0.0003104399999998009 1288
0.00031055999999995976 1287
0.00031067999999923046 1286
0.00031079999999938934 1285
0.0003108679999996866 1286
0.0003109199999995482 1285
0.0003110399999997071 1284
0.000311159999999866 1283
0.00031128000000002487 1282
0.0003113999999992956 1281
0.00031151999999945446 1280
0.00031163999999961334 1279
0.0003117599999997722 1278
0.0003118799999999311 1277
0.0003119999999992018 1276
0.0003121199999993607 1275
0.00031223999999951957 1274
0.00031235999999967845 1273
0.00031247999999983733 1272
0.0003125999999999962 1271
0.0003127199999992669 1270
0.0003128399999994258 1269
0.0003129599999995847 1268
0.00031307999999974356 1267
0.00031319999999990245 1266
0.00031331999999917315 1265
0.0003133879999994704 1266
0.00031343999999933203 1265
0.0003135599999994909 1264
0.0003136799999996498 1263
0.0003137999999998087 1262
0.00031391999999996756 1261
0.00031398799999937665 1262
0.00031403999999923826 1261
0.00031415999999939714 1260
0.000314279999999556 1259
0.0003143549999995443 1260
0.0003143999999997149 1259
0.0003145199999998738 1258
0.00031464000000003267 1257
0.0003147599999993034 1256
0.00031487999999946226 1255
0.00031499999999962114 1254
0.00031511999999978 1253
0.0003152399999999389 1252
0.000315307999999348 1253
0.0003153599999992096 1252
0.0003154799999993685 1251
0.00031559999999952737 1250
0.00031571999999968625 1249
0.00031583999999984513 1248
0.0003159149999998334 1249
0.000315960000000004 1248
0.0003160279999994131 1249
0.0003160799999992747 1248
0.0003161999999994336 1247
0.0003163199999995925 1246
0.00031643999999975136 1245
0.00031650800000004864 1246
0.00031655999999991025 1245
0.00031667999999918095 1244
0.0003167479999994782 1245
0.00031679999999933983 1244
0.0003169199999994987 1243
0.000316976999999774 1242
0.0003170969999999329 1241
0.0003172169999992036 1240
0.0003173369999993625 1239
0.00031745699999952137 1238
0.00031757699999968025 1237
0.00031769699999983914 1236
0.00031776499999924823 1237
0.000317816999999998 1236
0.0003179369999992687 1235
0.0003180569999994276 1234
0.0003181769999995865 1233
0.00031829699999974537 1232
0.00031841699999990425 1231
0.00031853699999917495 1230
0.00031865699999933383 1229
0.0003187769999994927 1228
0.0003188969999996516 1227
0.00031896499999994887 1228
0.0003190169999998105 1227
0.0003190849999992196 1228
0.00031913699999996936 1227
0.0003191939999993565 1226
0.000319264999999902 1227
0.0003193139999995154 1226
0.00031943399999967426 1225
0.00031955399999983314 1224
0.000319673999999992 1223
0.0003197939999992627 1222
0.0003199139999994216 1221
0.00031992499999944357 1222
0.0003200339999995805 1221
0.00032015399999973937 1220
0.00032016499999976133 1221
0.0003202110000000147 1220
0.0003203309999992854 1219
0.0003204049999991909 1220
0.00032045099999944426 1219
0.00032057099999960315 1218
0.00032062799999987845 1217
0.00032074800000003734 1216
0.00032076499999966757 1217
0.00032086799999930804 1216
0.0003209879999994669 1215
0.00032104499999974223 1214
0.0003211649999999011 1213
0.0003212849999991718 1212
0.0003214049999993307 1211
0.0003214849999997327 1212
0.0003215249999994896 1211
0.00032164499999964846 1210
0.00032176499999980734 1209
0.00032184499999932115 1210
0.0003218849999999662 1209
0.00032200499999923693 1208
0.0003221249999993958 1207
0.0003222449999995547 1206
0.0003223249999999567 1207
0.0003223649999997136 1206
0.00032248499999987246 1205
0.00032260500000003134 1204
0.00032272499999930204 1203
0.0003228449999994609 1202
0.0003229649999996198 1201
0.0003230849999997787 1200
0.00032320499999993757 1199
0.0003233249999992083 1198
0.00032344499999936716 1197
0.00032356499999952604 1196
0.000323644999999928 1197
0.0003236849999996849 1196
0.0003238049999998438 1195
0.0003239250000000027 1194
0.0003240449999992734 1193
0.0003241019999995487 1192
0.0003242219999997076 1191
0.00032434199999986646 1190
0.00032446200000002534 1189
0.00032454199999953914 1190
0.00032458199999929604 1189
0.0003247019999994549 1188
0.0003248219999996138 1187
0.0003249419999997727 1186
0.00032506199999993157 1185
0.0003251419999994454 1186
0.0003251819999992023 1185
0.00032530199999936116 1184
0.00032542199999952004 1183
0.0003255419999996789 1182
0.0003256219999991927 1183
0.0003256619999998378 1182
0.0003257819999999967 1181
0.0003259019999992674 1180
0.00032602199999942627 1179
0.00032614199999958515 1178
0.00032622199999998713 1179
0.00032626199999974403 1178
0.0003263819999999029 1177
0.0003265019999991736 1176
0.0003266219999993325 1175
0.0003267419999994914 1174
0.00032686199999965027 1173
0.00032698199999980915 1172
0.00032710199999996803 1171
0.00032722199999923873 1170
0.0003273419999993976 1169
0.000327358999999916 1170
0.0003274619999995565 1169
0.0003275189999998318 1168
0.0003276389999999907 1167
0.0003276559999996209 1168
0.0003277589999992614 1167
0.0003278789999994203 1166
0.00032799899999957915 1165
0.0003280729999994847 1166
0.00032811899999973804 1165
0.0003282389999998969 1164
0.0003283590000000558 1163
0.00032841599999944293 1162
0.00032848999999934847 1163
0.0003285359999996018 1162
0.0003286559999997607 1161
0.00032872999999966623 1162
0.0003287759999999196 1161
0.0003288499999998251 1162
0.0003288959999991903 1161
0.00032901599999934916 1160
0.00032913599999950804 1159
0.0003292559999996669 1158
0.0003293759999998258 1157
0.00032943299999921294 1156
0.0003295529999993718 1155
0.00032960999999964713 1154
0.000329729999999806 1153
0.0003298499999999649 1152
0.0003299299999994787 1153
0.0003299699999992356 1152
0.0003300899999993945 1151
0.00033020999999955336 1150
0.00033026699999982867 1149
0.00033028999999995534 1150
0.00033038699999998755 1149
0.00033050699999925826 1148
0.0003305299999993849 1149
0.00033062699999941714 1148
0.000330746999999576 1147
0.0003308669999997349 1146
0.0003309869999998938 1145
0.00033110700000005266 1144
0.0003311639999994398 1143
0.0003312839999995987 1142
0.00033140399999975756 1141
0.00033152399999991644 1140
0.00033164399999918714 1139
0.000331763999999346 1138
0.0003318839999995049 1137
0.0003319069999996316 1138
0.0003320039999996638 1137
0.00033202699999979046 1138
0.00033212399999982267 1137
0.00033214699999994934 1138
0.0003321809999992098 1137
0.0003322379999994851 1136
0.00033226699999922005 1137
0.000332357999999644 1136
0.0003324779999998029 1135
0.00033259799999996176 1134
0.00033271799999923246 1133
0.00033277499999950777 1132
0.00033289499999966665 1131
0.00033301499999982553 1130
0.0003331349999999844 1129
0.00033319199999937155 1128
0.0003332269999996029 1129
0.00033324899999964686 1128
0.00033330599999992216 1127
0.0003333629999993093 1126
0.0003334669999999207 1127
0.0003334829999994682 1126
0.0003335869999991914 1127
0.00033360299999962706 1126
0.0003337069999993503 1127
0.00033372299999978594 1126
0.00033377999999917307 1125
0.00033389999999933195 1124
0.00033401999999949084 1123
0.0003340669999998269 1124
0.00033407699999976614 1123
0.0003341869999999858 1124
0.000334196999999925 1123
0.0003343069999992565 1124
0.00033431699999919573 1123
0.0003344369999993546 1122
0.0003344939999996299 1121
0.00033455099999990523 1120
0.00033460799999929236 1119
0.00033472799999945124 1118
0.0003348479999996101 1117
0.00033496399999943804 1118
0.000334967999999769 1117
0.0003350879999999279 1116
0.000335144999999315 1115
0.0003352649999994739 1114
0.0003353849999996328 1113
0.0003354419999999081 1112
0.0003355619999991788 1111
0.0003356189999994541 1110
0.000335738999999613 1109
0.00033585899999977187 1108
0.00033586099999993735 1109
0.00033597899999993075 1108
0.00033598099999920805 1109
0.0003360359999993179 1108
0.00033615599999947676 1107
0.00033621299999975207 1106
0.0003362209999995258 1107
0.0003362700000000274 1106
0.0003363899999992981 1105
0.0003364469999995734 1104
0.0003365039999998487 1103
0.0003366240000000076 1102
0.0003366809999993947 1101
0.00033670099999927317 1102
0.00033673799999967 1101
0.00033679499999994533 1100
0.00033691499999921604 1099
0.00033697199999949135 1098
0.00033702899999976665 1097
0.00033708600000004196 1096
0.00033720599999931267 1095
0.00033732599999947155 1094
0.00033737299999980763 1095
0.00033738299999974686 1094
0.00033750299999990574 1093
0.00033755999999929287 1092
0.0003376169999995682 1091
0.0003376739999998435 1090
0.00033779400000000237 1089
0.0003378319999995938 1090
0.0003378509999993895 1089
0.0003379709999995484 1088
0.00033809099999970726 1087
0.0003381479999999826 1086
0.0003382049999993697 1085
0.0003383249999995286 1084
0.0003383819999998039 1083
0.000338438999999191 1082
0.0003385589999993499 1081
0.0003386789999995088 1080
0.0003387289999992049 1081
0.0003387359999997841 1080
0.0003388489999993638 1081
0.000338855999999943 1080
0.0003389759999992137 1079
0.000339032999999489 1078
0.0003390899999997643 1077
0.0003392099999999232 1076
0.0003393299999991939 1075
0.0003393869999994692 1074
0.0003394439999997445 1073
0.0003395010000000198 1072
0.00033955799999940695 1071
0.00033961499999968225 1070
0.00033973499999984114 1069
0.000339855 1068
0.00033991199999938715 1067
0.00034003199999954603 1066
0.00034008899999982134 1065
0.0003402089999999802 1064
0.0003403289999992509 1063
0.0003403399999992729 1064
0.00034038599999952623 1063
0.00034044299999980154 1062
0.0003404999999991887 1061
0.000340556999999464 1060
0.0003406139999997393 1059
0.0003406710000000146 1058
0.00034072799999940173 1057
0.0003408079999998037 1058
0.0003408479999995606 1057
0.0003409679999997195 1056
0.0003410249999999948 1055
0.0003410479999992333 1056
0.0003411449999992655 1055
0.0003412019999995408 1054
0.0003412589999998161 1053
0.000341378999999975 1052
0.00034143599999936214 1051
0.00034149299999963745 1050
0.00034161299999979633 1049
0.00034166999999918346 1048
0.00034178999999934234 1047
0.00034184699999961765 1046
0.00034190399999989296 1045
0.0003419609999992801 1044
0.0003420179999995554 1043
0.0003420749999998307 1042
0.00034217299999994566 1043
0.0003421949999999896 1042
0.0003422519999993767 1041
0.0003423719999995356 1040
0.00034241299999937524 1041
0.0003424919999996945 1040
0.00034261199999985337 1039
0.0003426689999992405 1038
0.0003427259999995158 1037
0.0003428459999996747 1036
0.00034296599999983357 1035
0.0003430639999999485 1036
0.00034308599999999245 1035
0.0003431429999993796 1034
0.0003431999999996549 1033
0.0003433199999998138 1032
0.0003433769999992009 1031
0.0003434339999994762 1030
0.0003435539999996351 1029
0.0003436109999999104 1028
0.0003437309999991811 1027
0.00034385099999934 1026
0.0003439079999996153 1025
0.00034394899999945494 1026
0.0003439649999998906 1025
0.00034402199999927774 1024
0.00034407899999955305 1023
0.00034413599999982836 1022
0.00034425599999998724 1021
0.00034437599999925794 1020
0.0003444959999994168 1019
0.0003446159999995757 1018
0.000344672999999851 1017
0.0003447930000000099 1016
0.0003449129999992806 1015
0.0003449699999995559 1014
0.0003450899999997148 1013
0.0003452099999998737 1012
0.0003452669999992608 1011
0.0003452959999998839 1012
0.0003453239999995361 1011
0.0003453809999998114 1010
0.0003455009999999703 1009
0.000345620999999241 1008
0.0003457409999993999 1007
0.00034586099999955877 1006
0.00034598099999971765 1005
0.00034603799999999296 1004
0.00034615799999926367 1003
0.000346214999999539 1002
0.00034633499999969786 1001
0.00034639199999997317 1000
0.0003464489999993603 999
0.0003465059999996356 998
0.0003466259999997945 997
0.00034674599999995337 996
0.0003468029999993405 995
0.0003468599999996158 994
0.0003469169999998911 993
0.00034697399999927825 992
0.00034703099999955356 991
0.0003470599999992885 992
0.00034708799999982887 991
0.00034720799999998775 990
0.00034732799999925845 989
0.00034738499999953376 988
0.00034744199999980907 987
0.0003475339999994276 988
0.00034756199999996795 987
0.00034768199999923866 986
0.00034780199999939754 985
0.0003479219999995564 984
0.0003480419999997153 983
0.0003481619999998742 982
0.0003482189999992613 981
0.0003483389999994202 980
0.0003484589999995791 979
0.00034857899999973796 978
0.00034863600000001327 977
0.00034870399999942236 978
0.00034875599999928397 977
0.0003488129999995593 976
0.00034893299999971816 975
0.0003489379999992437 976
0.00034905299999987704 975
0.0003491099999992642 974
0.0003491149999996779 975
0.00034922999999942306 974
0.00034928699999969837 973
0.00034940699999985725 972
0.0003494639999992444 971
0.0003495209999995197 970
0.00034964099999967857 969
0.00034969699999987114 970
0.0003496979999999539 969
0.0003498179999992246 968
0.0003499369999993007 969
0.00034993799999938346 968
0.0003499949999996588 967
0.00035011499999981766 966
0.0003501710000000102 967
0.00035023499999997654 966
0.00035029099999928093 967
0.00035035499999924724 966
0.0003504109999994398 967
0.00035041199999952255 966
0.00035046899999979786 965
0.00035058899999995674 964
0.00035070899999922744 963
0.00035076599999950275 962
0.00035082299999977806 961
0.00035094299999993694 960
0.00035106299999920765 959
0.0003511759999996755 960
0.00035118299999936653 959
0.00035123999999964184 958
0.0003513599999998007 957
0.0003514799999999596 956
0.0003515999999992303 955
0.0003516569999995056 954
0.0003517009999995935 955
0.0003517769999996645 954
0.0003518969999998234 953
0.00035201699999998226 952
0.0003520739999993694 951
0.0003521939999995283 950
0.00035231399999968716 949
0.00035243399999984604 948
0.0003525540000000049 947
0.0003526739999992756 946
0.0003526969999994023 947
0.0003527939999994345 946
0.0003529139999995934 945
0.00035303399999975227 944
0.0003530659999997354 945
0.0003530910000000276 944
0.0003531479999994147 943
0.0003532679999995736 942
0.00035338799999973247 941
0.00035350799999989135 940
0.0003535649999992785 939
0.00035368499999943737 938
0.0003537419999997127 937
0.00035386199999987156 936
0.00035398200000003044 935
0.00035410199999930114 934
0.00035415899999957645 933
0.00035427899999973533 932
0.0003543989999998942 931
0.0003545190000000531 930
0.0003546389999993238 929
0.0003547589999994827 928
0.00035487899999964156 927
0.00035499899999980045 926
0.0003550069999995742 927
0.00035511899999995933 926
0.00035523899999923003 925
0.0003553589999993889 924
0.00035536700000005084 925
0.0003554789999995478 924
0.0003555359999998231 923
0.000355655999999982 922
0.0003557759999992527 921
0.0003557839999999146 922
0.000355832999999528 921
0.0003559529999996869 920
0.0003560099999999622 919
0.0003561299999992329 918
0.0003562499999993918 917
0.0003562580000000537 918
0.0003563069999996671 917
0.00035642699999982597 916
0.00035654699999998485 915
0.00035666699999925555 914
0.00035678699999941443 913
0.00035684399999968974 912
0.0003569639999998486 911
0.0003570840000000075 910
0.0003571429999995601 911
0.0003572039999992782 910
0.0003573239999994371 909
0.000357443999999596 908
0.0003575009999998713 907
0.00035762100000003016 906
0.00035774099999930087 905
0.00035786099999945975 904
0.0003579139999994041 905
0.00035798099999961863 904
0.000358033999999563 905
0.00035803799999989394 904
0.0003581580000000528 903
0.0003582779999993235 902
0.0003583979999994824 901
0.0003584549999997577 900
0.00035850799999970206 901
0.000358512000000033 900
0.0003585799999994421 901
0.00035863199999930373 900
0.0003587519999994626 899
0.0003588719999996215 898
0.0003589289999998968 897
0.00035898599999928393 896
0.0003591059999994428 895
0.0003591629999997181 894
0.00035922199999927074 895
0.000359282999999877 894
0.0003594030000000359 893
0.0003595229999993066 892
0.0003595799999995819 891
0.0003596390000000227 892
0.0003596999999997408 891
0.0003597589999992934 892
0.00035981999999989966 891
0.0003598789999994523 892
0.00035993999999917037 891
0.00035999899999961116 892
0.00036005999999932925 891
0.00036017999999948813 890
0.000360299999999647 889
0.0003604199999998059 888
0.0003605399999999648 887
0.0003605969999993519 886
0.00036071299999917983 887
0.0003607169999995108 886
0.0003607739999997861 885
0.00036083099999917323 884
0.0003609509999993321 883
0.000361070999999491 882
0.0003611279999997663 881
0.0003611869999993189 882
0.0003612479999999252 881
0.0003613049999993123 880
0.0003613069999994778 881
0.0003614249999994712 880
0.0003615449999996301 879
0.0003616019999999054 878
0.0003617219999991761 877
0.000361841999999335 876
0.00036196199999949386 875
0.00036196399999965934 876
0.00036208199999965274 875
0.0003622019999998116 874
0.0003623219999999705 873
0.0003624419999992412 872
0.0003624989999995165 871
0.00036256399999956557 872
0.0003626189999996754 871
0.0003627389999998343 870
0.0003627959999992214 869
0.0003629159999993803 868
0.0003629729999996556 867
0.00036298099999942934 868
0.0003630929999998145 867
0.0003631499999992016 866
0.0003632699999993605 865
0.0003633269999996358 864
0.0003633839999999111 863
0.00036344099999929824 862
0.00036349799999957355 861
0.00036361799999973243 860
0.0003637379999998913 859
0.00036379499999927845 858
0.00036385199999955375 857
0.00036390899999982906 856
0.00036402899999998795 855
0.00036414899999925865 854
0.00036426899999941753 853
0.00036432599999969284 852
0.00036438299999996815 851
0.00036440899999945486 852
0.0003644399999993553 851
0.00036455999999951416 850
0.00036467999999967304 849
0.00036473699999994835 848
0.0003647689999999315 849
0.0003647939999993355 848
0.00036491399999949437 847
0.0003649709999997697 846
0.000365028000000045 845
0.0003650659999996364 846
0.0003651479999993157 845
0.0003651859999997953 846
0.00036526799999947457 845
0.00036530599999995417 846
0.00036538799999963345 845
0.00036544499999990876 844
0.00036556499999917946 843
0.00036560299999965906 844
0.00036568499999933834 843
0.00036574199999961365 842
0.00036579899999988896 841
0.0003658559999992761 840
0.00036595699999963927 841
0.000365975999999435 840
0.00036609599999959386 839
0.00036615299999986917 838
0.00036619699999995703 839
0.0003662099999992563 838
0.0003663299999994152 837
0.0003663869999996905 836
0.0003664439999999658 835
0.0003665639999992365 834
0.00036660799999932436 835
0.0003666839999993954 834
0.00036680399999955426 833
0.00036692399999971315 832
0.00036704399999987203 831
0.00036710099999925916 830
0.000367144999999347 831
0.00036722099999941804 830
0.00036727799999969335 829
0.00036733499999996866 828
0.0003673919999993558 827
0.00036750499999982367 828
0.00036751199999951467 827
0.00036756899999979 826
0.00036768899999994886 825
0.000367745999999336 824
0.0003678659999994949 823
0.00036798599999965376 822
0.00036810599999981264 821
0.00036816299999919977 820
0.0003682199999994751 819
0.00036827599999966765 820
0.00036833999999963396 819
0.00036845999999979284 818
0.0003685799999999517 817
0.00036869999999922243 816
0.00036875699999949774 815
0.00036881399999977305 814
0.00036887100000004835 813
0.00036899099999931906 812
0.00036904799999959437 811
0.0003691049999998697 810
0.0003691619999992568 809
0.0003692819999994157 808
0.000369338999999691 807
0.0003693889999993871 808
0.0003693959999999663 807
0.000369515999999237 806
0.0003696359999993959 805
0.00036964699999941786 806
0.0003697559999995548 805
0.00036987599999971366 804
0.00036993299999998897 803
0.0003699899999993761 802
0.0003700469999996514 801
0.00037006399999928163 802
0.0003701039999999267 801
0.0003702239999991974 800
0.0003702809999994727 799
0.00037033799999974804 798
0.00037041799999926184 799
0.0003704579999999069 798
0.00037051499999929405 797
0.00037057199999956936 796
0.00037062899999984467 795
0.00037074900000000355 794
0.00037086899999927425 793
0.00037098899999943313 792
0.000371108999999592 791
0.0003711659999998673 790
0.00037122299999925445 789
0.00037134299999941334 788
0.0003713539999994353 789
0.0003714629999995722 788
0.00037157899999940014 789
0.0003715829999997311 788
0.00037159399999975307 789
0.00037170299999989 788
0.00037182300000004886 787
0.00037194299999931957 786
0.0003720050000000086 787
0.00037206299999947845 786
0.00037218299999963733 785
0.0003723029999997962 784
0.00037235999999918334 783
0.0003724729999996512 784
0.0003724799999993422 783
0.00037253699999961754 782
0.0003725929999998101 783
0.00037259399999989284 782
0.00037265099999928 781
0.000372712999999969 782
0.00037277099999943886 781
0.000372889999999515 782
0.00037289099999959774 781
0.0003730099999996739 782
0.0003730109999997566 781
0.0003731309999999155 780
0.00037318799999930263 779
0.0003733079999994615 778
0.0003734209999999294 779
0.0003734279999996204 778
0.0003734849999998957 777
0.00037354199999928284 776
0.00037359899999955815 775
0.00037365599999983345 774
0.00037377599999999234 773
0.00037388899999957204 774
0.00037389599999926304 773
0.00037395299999953835 772
0.00037407299999969723 771
0.00037412999999997254 770
0.00037424999999924324 769
0.00037430699999951855 768
0.00037442699999967743 767
0.0003745459999997536 768
0.0003745469999998363 767
0.00037460399999922345 766
0.00037472399999938233 765
0.0003748369999998502 766
0.0003748439999995412 765
0.0003749639999997001 764
0.0003750209999999754 763
0.00037507799999936253 762
0.0003751909999998304 763
0.0003751979999995214 762
0.0003753179999996803 761
0.00037543099999926 762
0.0003754379999998392 761
0.00037555799999999806 760
0.0003755959999995895 761
0.00037567799999926876 760
0.0003757849999992402 761
0.00037579799999942765 760
0.0003759049999993991 761
0.00037591799999958653 760
0.00037597499999986184 759
0.00037602499999955796 760
0.00037603199999924897 759
0.00037615199999940785 758
0.00037627199999956673 757
0.0003763159999996546 758
0.0003763919999997256 757
0.0003764490000000009 756
0.0003765689999992716 755
0.0003766069999997512 756
0.0003766889999994305 755
0.0003768089999995894 754
0.0003768379999993243 755
0.00037692899999974827 754
0.00037704899999990715 753
0.0003771059999992943 752
0.00037722599999945317 751
0.00037734599999961205 750
0.00037740299999988736 749
0.0003774599999992745 748
0.00037757999999943337 747
0.00037769999999959225 746
0.00037775699999986756 745
0.0003777829999993543 746
0.00037787700000002644 745
0.00037799699999929715 744
0.00037805399999957245 743
0.00037811099999984776 742
0.0003781679999992349 741
0.0003781939999996098 742
0.0003782249999995102 741
0.0003782819999997855 740
0.00037833899999917264 739
0.00037839599999944795 738
0.00037851599999960683 737
0.0003786359999997657 736
0.000378693000000041 735
0.0003787369999992407 736
0.00037874999999942816 735
0.00037886999999958704 734
0.00037892699999986235 733
0.00037902799999933734 734
0.0003790339999998338 735
0.00037904700000002123 734
0.00037910399999940836 733
0.00037922399999956724 732
0.0003793439999997261 731
0.00037940100000000143 730
0.00037945799999938856 729
0.00037957799999954744 728
0.0003796910000000153 729
0.0003796979999997063 728
0.0003798179999998652 727
0.0003799380000000241 726
0.0003799949999994112 725
0.00038005199999968653 724
0.0003800959999997744 725
0.0003801719999998454 724
0.00038022899999923254 723
0.0003803489999993914 722
0.00038040599999966673 721
0.0003805259999998256 720
0.00038063299999979705 721
0.0003806459999999845 720
0.00038070299999937163 719
0.00038075299999995593 720
0.0003808229999995305 719
0.0003809429999996894 718
0.0003810629999998483 717
0.00038118300000000715 716
0.0003812209999995986 717
0.00038130299999927786 716
0.00038142299999943674 715
0.00038147999999971205 714
0.00038159999999987093 713
0.00038165699999925806 712
0.00038175200000001297 713
0.00038177699999941694 712
0.00038183399999969225 711
0.00038189099999996756 710
0.0003819479999993547 709
0.0003820679999995136 708
0.0003821249999997889 707
0.00038216899999987675 708
0.000382181999999176 707
0.0003822389999994513 706
0.00038228900000003563 707
0.0003823589999996102 706
0.0003824159999998855 705
0.00038247299999927264 704
0.00038252299999985695 705
0.00038252999999954795 704
0.00038264300000001583 705
0.00038264999999970684 704
0.0003827699999998657 703
0.0003828900000000246 702
0.0003830029999996043 703
0.0003830099999992953 702
0.0003831299999994542 701
0.00038324299999992206 702
0.00038324999999961307 701
0.00038336999999977195 700
0.00038342700000004726 699
0.00038354699999931796 698
0.00038366699999947684 697
0.00038371699999917297 698
0.0003837869999996357 697
0.0003839069999997946 696
0.00038401399999976604 697
0.0003840269999999535 696
0.0003841339999999249 697
0.0003841469999992242 696
0.0003842669999993831 695
0.00038438699999954196 694
0.00038444399999981727 693
0.00038456399999997615 692
0.0003845929999997111 693
0.0003846209999993633 692
0.0003846709999999476 693
0.00038474099999952216 692
0.00038479799999979747 691
0.00038483300000002885 692
0.0003848549999991846 691
0.0003849749999993435 690
0.0003850249999999278 691
0.00038506699999985017 692
0.00038509499999950236 691
0.00038521499999966125 690
0.00038527199999993655 689
0.00038539199999920726 688
0.00038551199999936614 687
0.000385631999999525 686
0.0003857519999996839 685
0.0003858089999999592 684
0.0003859289999992299 683
0.0003860489999993888 682
0.000386132000000039 683
0.0003861689999995477 682
0.00038628899999970656 681
0.00038634599999998187 680
0.0003864659999992526 679
0.0003864949999998757 680
0.00038658599999941146 679
0.00038664299999968677 678
0.00038676299999984565 677
0.0003868199999992328 676
0.00038693999999939166 675
0.00038705999999955054 674
0.00038711699999982585 673
0.00038723699999998473 672
0.00038729399999937186 671
0.00038741399999953074 670
0.0003875339999996896 669
0.0003876539999998485 668
0.00038771099999923564 667
0.0003878309999993945 666
0.0003879509999995534 665
0.0003880709999997123 664
0.0003881279999999876 663
0.0003881449999996178 664
0.0003882479999992583 663
0.0003883679999994172 662
0.0003884249999996925 661
0.0003885079999994545 662
0.00038854499999985137 661
0.0003886019999992385 660
0.0003886279999996134 661
0.0003886589999995138 660
0.0003887479999997723 661
0.0003887789999996727 660
0.000388835999999948 659
0.00038889299999933513 658
0.00038892199999995825 659
0.00038894999999961044 658
0.0003890699999997693 657
0.0003891019999997525 658
0.00038912700000004463 657
0.00038924699999931534 656
0.00038930399999959064 655
0.0003894239999997495 654
0.0003895439999999084 653
0.0003896639999991791 652
0.00038968399999994574 653
0.000389783999999338 652
0.0003899039999994969 651
0.0003899609999997722 650
0.0003900180000000475 649
0.0003900749999994346 648
0.0003901949999995935 647
0.000390286999999212 648
0.0003903149999997524 647
0.0003903720000000277 646
0.0003904549999997897 647
0.0003904919999992984 646
0.0003905269999995298 647
0.0003906119999994573 646
0.0003906949999992193 647
0.00039073199999961616 646
0.0003907889999998915 645
0.0003908459999992786 644
0.0003908719999996535 645
0.0003909029999995539 644
0.0003910229999997128 643
0.0003910799999999881 642
0.00039111199999997126 643
0.00039113699999937523 642
0.00039119399999965054 641
0.00039125099999992585 640
0.00039137099999919656 639
0.00039142799999947187 638
0.00039147199999955973 639
0.0003914849999997472 638
0.0003915420000000225 637
0.0003915919999997186 638
0.0003916619999992932 637
0.0003917189999995685 636
0.0003917759999998438 635
0.0003918960000000027 634
0.0003919529999993898 633
0.0003920099999996651 632
0.0003920659999998577 633
0.000392129999999824 632
0.0003922499999999829 631
0.00039230699999937 630
0.0003923089999995355 631
0.00039236399999964533 630
0.0003924199999998379 631
0.00039242099999992064 630
0.0003925399999999968 631
0.00039254099999919134 630
0.00039259799999946665 629
0.00039271799999962553 628
0.00039277499999990084 627
0.000392831999999288 626
0.0003928369999997017 627
0.00039295199999944685 626
0.00039307199999960574 625
0.00039312899999988105 624
0.00039324900000003993 623
0.00039330599999942706 622
0.00039336299999970237 621
0.0003934199999999777 620
0.0003934769999993648 619
0.0003934939999998832 620
0.0003935969999995237 619
0.0003936140000000421 620
0.00039371699999968257 619
0.0003937739999999579 618
0.0003938939999992286 617
0.000393910999999747 618
0.0003939649999997741 619
0.00039401399999938747 618
0.00039413399999954635 617
0.00039419099999982166 616
0.0003942649999997272 617
0.00039431099999998054 616
0.00039436099999967666 617
0.00039436799999936767 616
0.00039448799999952655 615
0.00039454499999980186 614
0.00039455899999918387 615
0.000394594999999498 616
0.00039466499999996074 615
0.00039478499999923145 614
0.00039484199999950675 613
0.00039489899999978206 612
0.00039495600000005737 611
0.00039497899999929587 612
0.0003950759999993281 611
0.00039515599999973006 612
0.0003951829999992995 613
0.00039519599999948696 612
0.00039525299999976227 611
0.0003953100000000376 610
0.0003953669999994247 609
0.0003954869999995836 608
0.0003955439999998589 607
0.00039560099999924603 606
0.0003956929999997527 607
0.0003957209999994049 606
0.0003957779999996802 605
0.00039583499999995553 604
0.00039595499999922623 603
0.00039601199999950154 602
0.00039606199999919767 603
0.0003961319999996604 602
0.00039618899999993573 601
0.00039630899999920643 600
0.0003964289999993653 599
0.0003964859999996406 598
0.0003966059999997995 597
0.00039666299999918664 596
0.0003967829999993455 595
0.0003969029999995044 594
0.0003969599999997797 593
0.000397017000000055 592
0.00039707399999944215 591
0.00039710899999967353 592
0.0003971299999996347 593
0.00039713099999971746 592
0.00039718799999999277 591
0.0003972449999993799 590
0.0003973019999996552 589
0.0003973589999999305 588
0.00039741599999931765 587
0.0003974359999991961 588
0.00039753599999947653 587
0.00039759299999975184 586
0.00039763999999919974 587
0.00039765000000002715 586
0.0003977069999994143 585
0.0003977639999996896 584
0.00039781699999963394 585
0.0003978209999999649 584
0.0003978469999994516 585
0.00039787799999935203 584
0.0003979369999997928 585
0.0003979979999995109 584
0.0003980549999997862 583
0.0003981440000000447 584
0.0003981749999999451 583
0.0003982949999992158 582
0.0003983519999994911 581
0.0003984089999997664 580
0.00039846600000004173 579
0.00039858599999931243 578
0.00039864299999958774 577
0.00039869999999986305 576
0.0003987569999992502 575
0.00039878899999923334 576
0.0003988139999995255 575
0.0003988709999998008 574
0.00039892799999918793 573
0.00039898499999946324 572
0.0003989869999996287 573
0.00039904199999973855 572
0.00039916199999989743 571
0.0003992820000000563 570
0.00039933899999944344 569
0.0003993829999995313 570
0.00039939599999971875 569
0.00039951599999987764 568
0.00039957299999926477 567
0.00039957499999943025 568
0.0003996299999995401 567
0.0003996799999992362 568
0.0003996869999998154 567
0.0003997439999992025 566
0.0003998009999994778 565
0.00039985799999975313 564
0.00039991500000002844 563
0.00039997199999941557 562
0.0004000289999996909 561
0.0004000859999999662 560
0.0004001429999993533 559
0.00040019999999962863 558
0.00040025699999990394 557
0.00040031399999929107 556
0.0004003709999995664 555
0.00040038199999958834 556
0.00040039699999994127 557
0.00040049099999972526 556
0.00040054800000000057 555
0.0004006049999993877 554
0.000400661999999663 553
0.0004007189999999383 552
0.00040075999999977796 553
0.00040077599999932545 552
0.00040083299999960076 551
0.000400849999999231 552
0.00040088999999987607 551
0.0004009469999992632 550
0.0004010039999995385 549
0.0004010420000000181 550
0.0004010609999998138 549
0.00040111799999920095 548
0.00040117499999947626 547
0.00040123199999975157 546
0.0004012890000000269 545
0.0004013239999993701 546
0.000401338999999723 547
0.000401345999999414 546
0.0004014029999996893 545
0.0004014599999999646 544
0.00040151699999935175 543
0.00040157399999962706 542
0.00040163099999990237 541
0.0004016359999994279 542
0.0004016879999992895 541
0.0004017449999995648 540
0.0004018019999998401 539
0.00040185899999922725 538
0.00040191599999950256 537
0.00040203599999966144 536
0.00040209299999993675 535
0.0004021499999993239 534
0.00040226999999948276 533
0.00040232699999975807 532
0.0004023840000000334 531
0.0004024009999996636 532
0.0004024309999994813 533
0.0004024409999994205 532
0.0004024979999996958 531
0.0004025209999998225 532
0.00040255499999997113 531
0.00040261199999935826 530
0.00040266899999963357 529
0.0004027259999999089 528
0.000402782999999296 527
0.0004028399999995713 526
0.00040289299999951567 527
0.00040289699999984663 526
0.00040295399999923376 525
0.00040301099999950907 524
0.00040304599999974045 525
0.0004030679999997844 524
0.00040306999999994986 525
0.00040318799999994326 524
0.0004032449999993304 523
0.0004033019999996057 522
0.000403358999999881 521
0.00040341599999926814 520
0.00040347299999954345 519
0.0004034809999993172 520
0.00040352999999981876 519
0.0004035869999992059 518
0.00040363399999954197 519
0.0004036439999994812 518
0.0004037009999997565 517
0.0004037580000000318 516
0.00040381499999941894 515
0.00040387199999969425 514
0.00040392899999996956 513
0.00040393099999924686 514
0.0004039859999993567 513
0.000404042999999632 512
0.0004040999999999073 511
0.00040410799999968106 512
0.00040415699999929444 511
0.00040421399999956975 510
0.00040422799999983994 511
0.00040427099999984506 510
0.0004043279999992322 509
0.0004043849999995075 508
0.0004044419999997828 507
0.00040449899999916994 506
0.00040455599999944525 505
0.00040461299999972056 504
0.00040466999999999587 503
0.000404726999999383 502
0.0004047839999996583 501
0.0004048409999999336 500
0.00040489799999932075 499
0.00040495499999959605 498
0.00040501199999987136 497
0.0004050689999992585 496
0.0004051259999995338 495
0.0004051829999998091 494
0.00040523999999919624 493
0.00040529699999947155 492
0.00040535399999974686 491
0.00040541100000002217 490
0.0004054679999994093 489
0.0004055249999996846 488
0.0004055819999999599 487
0.00040563899999934705 486
0.00040569599999962236 485
0.00040575299999989767 484
0.0004058099999992848 483
0.0004058669999995601 482
0.0004059239999998354 481
0.00040598099999922255 480
0.00040603799999949786 479
0.00040609499999977317 478
0.0004061520000000485 477
0.0004062089999994356 476
0.0004062659999997109 475
0.0004063229999999862 474
0.00040637999999937335 473
0.00040643699999964866 472
0.0004064869999993448 473
0.00040649399999992397 472
0.0004065509999993111 471
0.00040660699999950367 472
0.0004066079999995864 471
0.0004066649999998617 470
0.00040672199999924885 469
0.00040677899999952416 468
0.00040683599999979947 467
0.000406840999999325 468
0.0004068929999991866 467
0.0004069499999994619 466
0.0004070069999997372 465
0.0004070640000000125 464
0.00040712099999939966 463
0.00040717799999967497 462
0.0004072349999999503 461
0.0004072919999993374 460
0.0004073489999996127 459
0.000407405999999888 458
0.00040746299999927516 457
0.00040751999999955046 456
0.0004075769999998258 455
0.0004076339999992129 454
0.0004076909999994882 453
0.0004077479999997635 452
0.00040780500000003883 451
0.0004078159999991726 452
0.00040786199999942596 451
0.00040791899999970127 450
0.0004079759999999766 449
0.0004080329999993637 448
0.000408089999999639 447
0.00040814699999991433 446
0.00040820399999930146 445
0.00040826099999957677 444
0.0004083179999998521 443
0.0004083749999992392 442
0.0004084319999995145 441
0.0004084889999997898 440
0.00040854599999917696 439
0.00040860299999945227 438
0.0004086599999997276 437
0.0004087170000000029 436
0.00040877399999939 435
0.0004088309999996653 434
0.00040888799999994063 433
0.00040894499999932776 432
0.00040900199999960307 431
0.0004090589999998784 430
0.0004091159999992655 429
0.0004091729999995408 428
0.00040922999999981613 427
0.00040928699999920326 426
0.00040934399999947857 425
0.000409360999999997 426
0.0004094009999997539 425
0.0004094580000000292 424
0.0004095149999994163 423
0.00040957199999969163 422
0.0004095949999998183 423
0.0004096919999998505 422
0.00040974899999923764 421
0.00040980599999951295 420
0.00040986299999978826 419
0.0004099199999991754 418
0.0004099769999994507 417
0.0004100969999996096 416
0.0004101539999998849 415
0.000410210999999272 414
0.00041026799999954733 413
0.00041032499999982264 412
0.00041038199999920977 411
0.0004104389999994851 410
0.0004104959999997604 409
0.0004105129999993906 410
0.0004105530000000357 409
0.0004106099999994228 408
0.00041066699999969813 407
0.00041072399999997344 406
0.0004107809999993606 405
0.0004108379999996359 404
0.0004108949999999112 403
0.0004109519999992983 402
0.00041100899999957363 401
0.00041106599999984894 400
0.00041112299999923607 399
0.0004111799999995114 398
0.0004112369999997867 397
0.00041135699999994557 396
0.0004114139999993327 395
0.000411470999999608 394
0.0004115279999998833 393
0.00041158499999927045 392
0.00041164199999954576 391
0.00041169899999982107 390
0.0004117559999992082 389
0.0004118129999994835 388
0.0004118699999997588 387
0.0004119270000000341 386
0.00041198399999942126 385
0.00041204099999969657 384
0.00041216099999985545 383
0.0004122179999992426 382
0.0004122749999995179 381
0.0004123319999997932 380
0.00041238899999918033 379
0.00041244599999945564 378
0.0004125659999996145 377
0.00041262299999988983 376
0.00041267999999927696 375
0.00041273699999955227 374
0.0004127939999998276 373
0.0004128509999992147 372
0.00041290799999949 371
0.0004129649999997653 370
0.00041302200000004063 369
0.00041307899999942777 368
0.0004131359999997031 367
0.0004131929999999784 366
0.0004132499999993655 365
0.0004133069999996408 364
0.00041336399999991613 363
0.00041342099999930326 362
0.00041347799999957857 361
0.0004135349999998539 360
0.000413591999999241 359
0.0004136489999995163 358
0.00041370599999979163 357
0.00041376299999917876 356
0.00041381999999945407 355
0.00041393999999961295 354
0.00041399699999988826 353
0.0004140539999992754 352
0.0004141109999995507 351
0.000414167999999826 350
0.00041422499999921314 349
0.00041428199999948845 348
0.00041433899999976376 347
0.00041439600000003907 346
0.0004144529999994262 345
0.0004145099999997015 344
0.0004145669999999768 343
0.00041462399999936395 342
0.00041468099999963925 341
0.00041473799999991456 340
0.0004147949999993017 339
0.000414851999999577 338
0.0004149089999998523 337
0.00041496599999923944 336
0.0004150859999993983 335
0.00041514299999967363 334
0.00041519999999994894 333
0.0004152569999993361 332
0.0004153139999996114 331
0.0004153709999998867 330
0.0004154279999992738 329
0.00041548499999954913 328
0.00041554199999982444 327
0.00041559899999921157 326
0.0004156559999994869 325
0.0004157129999997622 324
0.0004157700000000375 323
0.00041582699999942463 322
0.00041588399999969994 321
0.00041594099999997525 320
0.0004159979999993624 319
0.0004160549999996377 318
0.000416111999999913 317
0.0004161689999993001 316
0.00041622599999957544 315
0.00041628299999985074 314
0.0004163399999992379 313
0.0004163969999995132 312
0.0004164539999997885 311
0.0004165109999991756 310
0.0004166309999993345 309
0.0004166879999996098 308
0.0004167449999998851 307
0.00041680199999927225 306
0.00041685899999954756 305
0.00041691599999982287 304
0.00041697299999921 303
0.00041701699999929787 304
0.0004170299999994853 303
0.0004170869999997606 302
0.00041714400000003593 301
0.00041720099999942306 300
0.00041725799999969837 299
0.0004173149999999737 298
0.0004173719999993608 297
0.0004174219999999451 298
0.0004174289999996361 297
0.00041748599999991143 296
0.00041754299999929856 295
0.00041759999999957387 294
0.0004176569999998492 293
0.0004177139999992363 292
0.0004177709999995116 291
0.0004178279999997869 290
0.00041788499999917406 289
0.00041794199999944937 288
0.0004179989999997247 287
0.000418056 286
0.0004181129999993871 285
0.0004181699999996624 284
0.00041822699999993773 283
0.00041828399999932486 282
0.00041834099999960017 281
0.0004183979999998755 280
0.0004184549999992626 279
0.0004185119999995379 278
0.00041856899999981323 277
0.00041862599999920036 276
0.00041868199999939293 277
0.00041868299999947567 276
0.000418739999999751 275
0.0004187970000000263 274
0.0004188539999994134 273
0.0004189109999996887 272
0.00041896799999996404 271
0.00041902499999935117 270
0.0004190819999996265 269
0.0004191389999999018 268
0.0004191959999992889 267
0.0004192529999995642 266
0.00041930999999983953 265
0.00041936699999922666 264
0.000419423999999502 263
0.0004194809999997773 262
0.0004194859999993028 263
0.0004195380000000526 262
0.0004195949999994397 261
0.00041965199999971503 260
0.00041970899999999034 259
0.00041976599999937747 258
0.0004198229999996528 257
0.0004198799999999281 256
0.00041989099999995005 257
0.0004199369999993152 256
0.00041999399999959053 255
0.00042005099999986584 254
0.00042010799999925297 253
0.0004201649999995283 252
0.0004202219999998036 251
0.0004202789999991907 250
0.000420335999999466 249
0.00042039299999974133 248
0.00042045000000001664 247
0.0004205069999994038 246
0.0004205639999996791 245
0.0004206209999999544 244
0.0004206779999993415 243
0.00042073499999961683 242
0.00042079199999989214 241
0.00042084899999927927 240
0.0004209059999995546 239
0.0004209629999998299 238
0.000421019999999217 237
0.00042107699999949233 236
0.00042113399999976764 235
0.00042119100000004295 234
0.0004212479999994301 233
0.0004212649999999485 234
0.00042136799999958896 233
0.00042142499999986427 232
0.00042154500000002315 231
0.0004216019999994103 230
0.0004216589999996856 229
0.0004217159999999609 228
0.00042177299999934803 227
0.00042182999999962334 226
0.00042188699999989865 225
0.0004219439999992858 224
0.0004220009999995611 223
0.0004220579999998364 222
0.00042211499999922353 221
0.00042217199999949884 220
0.00042222899999977415 219
0.00042228600000004946 218
0.0004223429999994366 217
0.0004223999999997119 216
0.00042241099999973386 217
0.0004224569999999872 216
0.00042251399999937433 215
0.00042257099999964964 214
0.00042262799999992495 213
0.0004226849999993121 212
0.0004227419999995874 211
0.0004227989999998627 210
0.00042285599999924983 209
0.00042291299999952514 208
0.00042296999999980045 207
0.0004230269999991876 206
0.0004230839999994629 205
0.0004231409999997382 204
0.0004231980000000135 203
0.00042325499999940064 202
0.00042331199999967595 201
0.00042336899999995126 200
0.0004234259999993384 199
0.0004234829999996137 198
0.000423539999999889 197
0.00042359699999927614 196
0.00042365399999955144 195
0.00042371099999982675 194
0.0004237679999992139 193
0.0004238249999994892 192
0.0004238819999997645 191
0.0004239390000000398 190
0.00042395599999967004 191
0.00042399599999942694 190
0.00042405299999970225 189
0.00042410999999997756 188
0.0004241669999993647 187
0.00042422399999964 186
0.0004242809999999153 185
0.00042433799999930244 184
0.00042439499999957775 183
0.00042445199999985306 182
0.0004245089999992402 181
0.0004245659999995155 180
0.0004246229999997908 179
0.00042467999999917794 178
0.00042473699999945325 177
0.00042479399999972856 176
0.00042485100000000386 175
0.000424907999999391 174
0.0004249649999996663 173
0.0004250219999999416 172
0.00042507899999932874 171
0.00042513599999960405 170
0.00042519299999987936 169
0.0004252499999992665 168
0.0004253069999995418 167
0.0004253639999998171 166
0.00042542099999920424 165
0.00042547799999947955 164
0.00042553499999975486 163
0.00042559200000003017 162
0.0004256489999994173 161
0.0004257059999996926 160
0.0004257629999999679 159
0.00042581999999935505 158
0.00042587699999963036 157
0.00042593399999990567 156
0.0004259909999992928 155
0.0004260479999995681 154
0.0004261049999998434 153
0.00042616199999923055 152
0.00042621899999950585 151
0.00042627599999978116 150
0.00042633300000005647 149
0.0004263899999994436 148
0.0004264469999997189 147
0.0004265039999999942 146
0.00042656099999938135 145
0.00042661799999965666 144
0.00042667499999993197 143
0.0004267319999993191 142
0.0004267889999995944 141
0.0004268459999998697 140
0.00042690299999925685 139
0.00042695999999953216 138
0.00042701699999980747 137
0.0004270739999991946 136
0.0004271309999994699 135
0.0004271879999997452 134
0.0004272450000000205 133
0.00042730199999940766 132
0.00042735899999968296 131
0.0004274159999999583 130
0.0004274729999993454 129
0.0004275299999996207 128
0.000427586999999896 127
0.00042764399999928315 126
0.00042770099999955846 125
0.00042775799999983377 124
0.0004278149999992209 123
0.0004278719999994962 122
0.0004279289999997715 121
0.00042798600000004683 120
0.00042804299999943396 119
0.00042809999999970927 118
0.0004281569999999846 117
0.0004282139999993717 116
0.000428270999999647 115
0.0004283279999999223 114
0.00042838499999930946 113
0.00042844199999958477 112
0.0004284989999998601 111
0.0004285559999992472 110
0.0004286129999995225 109
0.0004286699999997978 108
0.0004286929999999245 109
0.00042872699999918495 108
0.00042878399999946026 107
0.00042884099999973557 106
0.0004288699999994705 107
0.0004288980000000109 106
0.000428954999999398 105
0.0004290119999996733 104
0.00042906899999994863 103
0.00042912599999933576 102
0.00042918299999961107 101
0.0004292399999998864 100
0.0004292969999992735 99
0.0004293539999995488 98
0.00042941099999982413 97
0.00042946799999921126 96
0.00042952499999948657 95
0.0004295819999997619 94
0.0004296390000000372 93
0.0004296959999994243 92
0.0004297529999996996 91
0.00042980999999997493 90
0.00042986699999936206 89
0.0004299239999996374 88
0.0004299809999999127 87
0.0004300379999992998 86
0.0004300949999995751 85
0.00043015199999985043 84
0.00043020899999923756 83
0.00043026599999951287 82
0.0004303229999997882 81
0.0004303799999991753 80
0.0004304369999994506 79
0.00043049399999972593 78
0.00043055100000000124 77
0.00043060799999938837 76
0.0004306649999996637 75
0.000430721999999939 74
0.0004307789999993261 73
0.0004308359999996014 72
0.00043089299999987674 71
0.00043094999999926387 70
0.0004310069999995392 69
0.0004310639999998145 68
0.0004311209999992016 67
0.0004311779999994769 66
0.00043123499999975223 65
0.00043129200000002754 64
0.00043134899999941467 63
0.00043140599999969 62
0.0004314629999999653 61
0.0004315199999993524 60
0.00043157699999962773 59
0.00043163399999990304 58
0.00043169099999929017 57
0.0004317479999995655 56
0.0004318049999998408 55
0.0004318619999992279 54
0.00043191899999950323 53
0.00043197599999977854 52
0.00043203300000005385 51
0.000432089999999441 50
0.0004321469999997163 49
0.0004322039999999916 48
0.0004322609999993787 47
0.00043231799999965403 46
0.00043237499999992934 45
0.0004324319999993165 44
0.0004324889999995918 43
0.0004325459999998671 42
0.0004326029999992542 41
0.00043265999999952953 40
0.00043271699999980484 39
0.00043277399999919197 38
0.0004328309999994673 37
0.0004328879999997426 36
0.0004329450000000179 35
0.00043300199999940503 34
0.00043305899999968034 33
0.00043311599999995565 32
0.0004331729999993428 31
0.0004332299999996181 30
0.0004332869999998934 29
0.0004333439999992805 28
0.00043340099999955584 27
0.00043345799999983115 26
0.0004335149999992183 25
0.0004335719999994936 24
0.0004336289999997689 23
0.0004336860000000442 22
0.00043374299999943133 21
0.00043379999999970664 20
0.00043385699999998195 19
0.0004339139999993691 18
0.0004339709999996444 17
0.0004340279999999197 16
0.00043408499999930683 15
0.00043414199999958214 14
0.00043419899999985745 13
0.0004342559999992446 12
0.0004343129999995199 11
0.0004343699999997952 10
0.00043442699999918233 9
0.00043448399999945764 8
0.00043454099999973295 7
0.00043459800000000826 6
0.0004346549999993954 5
0.0004347119999996707 4
0.000434768999999946 3
0.00043482599999933313 2
0.00043488299999960844 1
0.00043493999999988375 0
0.0004356539999994524 0